Epoch	SMILES	Valid	Desired	CDPKit_ROCS_TanimotoCombo	SA
1	Oc1cc(CSc2cccc(F)c2F)nc2nc(C3CCCCC3)nn12	1.0	1	0.611	0.909
1	CCCC(=O)N1CCC(NS(=O)(=O)c2ccc(NC(=O)C(CC)c3ccccc3)c3c2cccc3)CC1	1.0	0	0.005	0.911
1	CNS(=O)(=O)c1cccc(CNC(=O)Nc2ccccc2)c1	1.0	1	0.58	0.989
1	COc1nn(CC(=O)O)c2c1c(NS(=O)(=O)c1cccc(Cl)c1Cl)ncn2	1.0	1	0.723	0.931
1	CC(C)c1nc2nc(N)nn2c(O)c1Cc1cc(Br)cc(C(F)(F)F)c1	1.0	1	0.938	0.883
1	CC(=O)NCc1cc(Cn2nc(NS(=O)(=O)c3ccc(Cl)s3)c3ccccc32)ccc1	1.0	1	0.471	0.958
1	O=C(O)c1ccccc1Oc1ccc(Cl)cc1NS(=O)(=O)c1ccc(Cl)cc1	1.0	1	0.743	0.984
1	O=C(NS(=O)(=O)c1cc(Cl)ccc1)NS(=O)(=O)c1ccc(Cl)cc1	1.0	1	0.509	0.98
1	CC1NC(=O)NC1(O)F	1.0	0	0.206	0.247
1	CC(=O)Nc1ccc(S(=O)(=O)Nc2ccc(Cl)cc2C(=O)c2c[n+]([O-])c(C)cc2)cc1	1.0	1	0.635	0.954
1	COc1cccc2c1c(NS(=O)(=O)c1ccc(Cl)s1)nn2Cc1cccc(CO)c1	1.0	1	0.64	0.95
1	CNS(=O)(=O)c1ccc(CNC(=O)c2cccc3c2cnn3-c2ccc(F)cc2)cc1	1.0	1	0.507	0.975
1	CCCC(=O)N1CCC(NS(=O)(=O)c2ccc(NC(=O)CC(C)(C)C)c3c2cccc3)CC1	1.0	1	0.449	0.96
1	CC(C)(C)c1ccc(S(=O)(=O)Nc2ccc(Cl)cc2-c2c(O)c(-c2ccccc2)cc2)cc1	0.0	0	0.0	0.0
1	O=C(O)c1ccccc1Oc1c(F)cc(C(F)(F)F)cc1NS(=O)(=O)c1ccc(Cl)cc1	1.0	1	0.8	0.965
1	CC(C)(C)c1ccc(S(=O)(=O)Nc2ccc(Cl)cc2C(=O)c2ccncc2)cc1	1.0	1	0.678	0.977
1	CC(C)(C)c1ccc(S(=O)(=O)Nc2ccc(Cl)cc2C(=O)c2cccnc2)cc1	1.0	1	0.669	0.977
1	Cc1c(C(=O)Nc2ccc(S(=O)(=O)NC3CCN(C(=O)CCCN4CCOCC4)CC3)c3c2cccc3)cccc1	1.0	0	0.005	0.952
1	O=C(NCCN1CCCCC1)c1ccc(Oc2ccc(Cl)cc2NS(=O)(=O)c2ccc(Cl)s2)cc1	1.0	0	0.303	0.965
1	COc1cccc2c1c(NS(=O)(=O)c1ccc(Cl)s1)nn2Cc1cccc(CO)c1	1.0	1	0.64	0.95
1	O=S1(=O)NC(Nc2ccccc2F)=Nc2c1cc(Cl)cc2O	1.0	1	0.73	0.877
1	O=S(=O)(Nc1cc(Cl)ccc1Cn1ccnn1)c1cc(Cl)c(Cl)cc1	1.0	1	0.945	0.963
1	O=S(=O)(Nc1cc(Cl)ccc1Cn1ccnn1)c1cc(Cl)c(Cl)cc1	1.0	1	0.945	0.963
1	CC(C)(C)c1ccc(S(=O)(=O)Nc2ccc(Cl)cc2C(=O)c2c[n+]([O-])cc(C(=O)NCCN3CCCC3)c2)cc1	1.0	0	0.005	0.921
1	Oc1cc(CSc2cccc(F)c2F)nc2nc(Cc3ccccc3)nn12	1.0	1	0.417	0.937
1	COc1ccc(S(=O)(=O)Nc2ccc(Cl)cc2C(=O)c2ncccc2)cc1	1.0	1	0.708	0.982
1	CC(=O)C1=C(O)C(=O)N(Cc2ccccc2)C1F	1.0	1	0.858	0.918
1	COc1nc(C)cnc1NS(=O)(=O)c1cccc(Cl)c1Cl	1.0	1	0.775	0.964
1	CC(=O)C1=C(O)C(=O)N(c2ccc(Br)cc2)C1C1CCCCC1	1.0	1	0.997	0.919
1	COc1nc(Cl)cnc1NS(=O)(=O)c1cccc(Cl)c1F	1.0	1	0.817	0.952
1	Cc1ccc(N2C(=O)C(O)=C(C(=O)C3CC3)C2C2CCCCC2)cc1	1.0	1	0.905	0.914
1	CNS(=O)(=O)c1ccc(CNC(=O)c2cccc(Cc3ccccc3)c2)cc1	1.0	1	0.5	0.987
1	O=S(=O)(Nc1cc(Cl)ccc1Cn1ccnn1)c1ccccc1	1.0	1	0.852	0.973
1	O=S(=O)(Nc1cc(Cl)ccc1Cn1ccnn1)c1cccc(Cl)c1	1.0	1	0.893	0.966
1	CC(=O)C1=C(O)C(=O)N(c2ccc(C)cc2)C1c1ccccc1	1.0	1	0.995	0.963
1	Cc1cc(NC(=O)c2cccc(F)c2)n2ncc(O)c2n1	1.0	1	0.657	0.965
1	Cc1cc(N2C(=O)c3c(C2=O)c(NS(=O)(=O)c2ccc(C(C)(C)C)cc2)ccc3Cl)cnc1	1.0	1	0.514	0.939
1	Cc1ccc(N2C(=O)C(O)=C(C(=O)C3CCCC3)C2C2CCCCC2)cc1	1.0	1	0.985	0.912
1	O=C(O)c1ccccc1Oc1ccc(Cl)cc1NS(=O)(=O)c1cccc(C(F)(F)F)c1	1.0	1	0.627	0.976
1	CC(C)Oc1c(Cl)cc(Cl)cc1S(=O)(=O)NC1(CO)CCCCC1	1.0	1	0.663	0.934
1	O=S1(=O)NC(Nc2c(Cl)cccc2)=Nc2c1cc(Cl)cc2O	1.0	1	0.605	0.878
1	COc1cc2nncc(Sc3cccc(C(C)C)c3)c2cc1C(N)=O	1.0	1	0.741	0.949
1	CC(=O)C1=C(O)C(=O)N(c2cc(C)ccc2)C1C1CCCCC1	1.0	1	0.986	0.922
1	CNS(=O)(=O)c1ccc(CNC(=O)c2cccc3c2cnn3-c2ccc(F)cc2)cc1	1.0	1	0.507	0.975
1	CC(C)(C)c1ccc(S(=O)(=O)Nc2ccc(Cl)cc2C(=O)c2cc[n+]([O-])cc2)cc1	1.0	1	0.371	0.958
1	CC(=O)C1=C(O)C(=O)N(c2cc(C)ccc2)C1C1CCCCC1	1.0	1	0.986	0.922
1	Nc1nn2c(O)c(Cc3ccc(Cl)c(Cl)c3)c(C3CC3)nc2n1	1.0	1	0.878	0.915
1	O=C(c1ccncc1)c1cc(Cl)ccc1NS(=O)(=O)c1ccc(I)cc1	1.0	1	0.705	0.977
1	O=S(=O)(Nc1cc(Cl)ccc1Cn1ccnn1)c1cc(Cl)ccc1Cl	1.0	1	0.907	0.96
1	Cc1c(C(=O)Nc2ccc(S(=O)(=O)NC3CCN(C(=O)N(C)C)CC3)c3c2cccc3)cccc1	1.0	1	0.385	0.965
1	O=P(O)(O)CCCn1cnc2c(O)ncnc21	1.0	1	0.855	0.871
1	COc1ccc(NS(=O)(=O)c2ccc(N(C)C(=O)c3ccccc3)c3c2cccc3)cc1	1.0	1	0.504	0.979
1	CC1(c2ccc(S(=O)(=O)Nc3ccc(Cl)cc3C(=O)c3ccc[n+]([O-])c3)cc2)OCCO1	1.0	1	0.522	0.911
1	CC(=O)C1=C(O)C(=O)N(c2ccc(C)cc2)C1c1ccc(Cl)cc1	1.0	1	0.992	0.958
1	O=S(=O)(NCCCN1CCC(O)(c2ccc(Cl)cc2)CC1)c1cc2c(cccc2)cc1	1.0	1	0.628	0.969
1	O=C(c1cnccc1)c1cc(Cl)ccc1NS(=O)(=O)c1ccc(OC(F)(F)F)cc1	1.0	1	0.559	0.973
1	COc1ncc(CN2C(=O)c3c(C2=O)c(NS(=O)(=O)c2ccc(C(C)(C)C)cc2)ccc3Cl)cc1	1.0	1	0.353	0.945
1	CCCCc1nc2nc(N)nn2c(O)c1Cc1cccc(Cl)c1	1.0	1	0.988	0.935
1	O=C(c1cc[n+]([O-])cc1)c1cc(Cl)ccc1NS(=O)(=O)c1cc(F)c(N2CCOCC2)cc1	1.0	1	0.558	0.942
1	O=S(=O)(Nc1cc(Cl)ccc1Cn1ccnn1)c1cccc(Cl)c1	1.0	1	0.893	0.966
1	COc1ncc(F)nc1NS(=O)(=O)c1cccc(Cl)c1Cl	1.0	1	0.688	0.945
1	CC(C)(C)c1ccc(S(=O)(=O)Nc2ccc(Cl)cc2-c2c(O)c(CO)ncn2)cc1	1.0	1	0.652	0.941
1	COc1nc(Cl)cnc1NS(=O)(=O)c1cccc(C(F)(F)F)c1Cl	1.0	1	0.739	0.934
1	O=[N+]([O-])c1cc(O)c2N=C(Nc3c(Cl)cccc3)NS(=O)(=O)c2c1	1.0	1	0.664	0.865
1	COc1nn(C(C)C)c2c1c(NS(=O)(=O)c1cccc(Cl)c1Cl)ncn2	1.0	1	0.72	0.927
1	O=S(=O)(NCCCN1CCC(O)(c2ccc(Cl)cc2)CC1)c1ccccc1-c1ccccc1	1.0	1	0.437	0.969
1	Oc1cc(CSc2cccc(F)c2F)nc2nc(-c3ccccc3)nn12	1.0	1	0.656	0.945
1	CCC(=O)CCc1ccc(Oc2ncc(Cl)cc2NS(=O)(=O)c2ccc(Cl)c(Cl)c2)cc1	1.0	1	0.558	0.961
1	CCCCOc1nc(Br)cnc1NS(=O)(=O)c1cccc(Cl)c1Cl	1.0	1	0.593	0.949
1	CC(=O)c1ccc(S(=O)(=O)Nc2ccc(Br)cc2C(=O)c2ccncc2)cc1	1.0	1	0.474	0.978
1	O=S(=O)(Nc1cc(Cl)c(Cl)cc1Cn1ccnn1)c1ccccc1	1.0	1	0.834	0.963
1	O=C(O)c1ccccc1Oc1c(F)cc(C(F)(F)F)cc1NS(=O)(=O)c1ccc(Cl)cc1	1.0	1	0.8	0.965
1	COc1cc(Cn2nc(NS(=O)(=O)c3ccc(Cl)s3)c3c(OC)cccc32)ccc1N	1.0	1	0.532	0.945
1	Cc1c(C(=O)Nc2ccc(S(=O)(=O)NC3CCN(C(=O)N4CCC4)CC3)c3c2cccc3)cccc1	1.0	0	0.005	0.964
1	CCCCc1nc2nc(N)nn2c(O)c1Cc1cccc(Cl)c1	1.0	1	0.988	0.935
1	CC(C)c1c(S(=O)(=O)Nc2ccc(C(C)(C)C)cc2)cc[n+]1[O-]	0.0	0	0.0	0.0
1	O=C(c1ccncc1)c1cc(Cl)ccc1NS(=O)(=O)c1ccc(N2CCCC2)cc1	1.0	1	0.609	0.977
1	Cc1ncc(C(=O)c2cc(Cl)ccc2NS(=O)(=O)c2ccc(-c3cnco3)cc2)cc1	1.0	1	0.61	0.96
1	COc1ccncc1N1C(=O)c2c(C1=O)c(NS(=O)(=O)c1ccc(C(C)(C)C)cc1)ccc2Cl	1.0	1	0.506	0.94
1	CC(C)Oc1c(Cl)cc(Cl)cc1S(=O)(=O)NC1(CO)CCCCC1	1.0	1	0.663	0.934
1	Cc1c(C(=O)Nc2ccc(S(=O)(=O)NC3CCN(C(=O)OCCCN(C)C)CC3)c3c2cccc3)cccc1	1.0	0	0.005	0.955
1	O=C(c1ccncc1)c1cc(Cl)ccc1NS(=O)(=O)c1ccc(N2CCOCC2)cc1	1.0	1	0.655	0.973
1	O=C(CN1C(=O)c2ccccc2C1=O)c1ccc(O)cn1	1.0	1	0.769	0.975
1	CCCCc1ccc(C(=O)Nc2ccc(S(=O)(=O)NC3CCN(C(=O)CCC)CC3)c3c2cccc3)cc1	1.0	0	0.005	0.965
1	CC(C)(C)c1ccc(S(=O)(=O)Nc2ccc(Cl)cc2C(=O)c2ccc(S(C)(=O)=O)cc2)cc1	1.0	1	0.476	0.975
1	CC(C)(C)c1ccc(S(=O)(=O)Nc2ccc(F)cc2C(=O)c2ccncc2)cc1	1.0	1	0.683	0.976
1	COc1c2c(NS(=O)(=O)c3ccc(Cl)s3)nn(Cc3cccc(CNC(C)=O)n3)c2ccc1	1.0	1	0.473	0.925
1	O=S(=O)(NCCCN1CCC(O)(c2ccc(Cl)cc2)CC1)c1cccs1	1.0	1	0.593	0.963
1	CCCC(=O)N1CCC(NS(=O)(=O)c2ccc(NC(=O)CC(C)(C)C)c3c2cccc3)CC1	1.0	1	0.449	0.96
1	Cc1nc(C)c(N2C(=O)c3c(C2=O)c(NS(=O)(=O)c2ccc(C(C)(C)C)cc2)ccc3Cl)cc1	1.0	1	0.528	0.937
1	COc1ccc2c(NS(=O)(=O)c3ccc(C)cc3)c3c(nc2c1)CCO3	1.0	1	0.724	0.961
1	Cc1nn2c(O)csc2c1	1.0	1	0.365	0.731
1	Cc1ccc(S(=O)(=O)NC(=O)N2CCC(N3CCC(Oc4ccc(F)c(F)c4)CC3)CC2)cc1	1.0	0	0.226	0.955
1	Oc1cc(CSc2cccc(F)c2F)nc2nc(-c3ccccc3)nn12	1.0	1	0.656	0.945
1	C=CC(=O)NCCNC(=O)c1ccc(Oc2ccc(Cl)cc2NS(=O)(=O)c2ccc(Cl)c(Cl)c2)cc1	1.0	0	0.005	0.962
1	O=C(c1ccncc1)c1cc(Br)ccc1NS(=O)(=O)c1ccc(N2CCOCC2)cc1	1.0	1	0.651	0.971
1	Nc1nn2c(O)c(Cc3cccc(F)c3)c(C3CC3)nc2n1	1.0	1	0.909	0.921
1	COc1nc(F)cnc1NS(=O)(=O)c1cccc(Cl)c1Cl	1.0	1	0.74	0.948
1	COc1nc(Br)cnc1NS(=O)(=O)c1ccc(Cl)cc1	1.0	1	0.802	0.968
1	COc1cc2c(cc1NS(=O)(=O)c1c(Cl)c(Cl)ccc1)nc(O)[nH]2	1.0	1	0.891	0.947
2	Cc1c(C(=O)NC(=O)c2ccccc2)cncc1FSc1ccccc1[O-]	0.0	0	0.0	0.0
2	Cc1cccc(C(=O)c2cc(Cl)ccc2NS(=O)(=O)c2ccc(C(C)(C)C)cc2)c1	1.0	1	0.538	0.98
2	COc1c(-c2cc(Cl)ccc2NS(=O)(=O)c2ccc(C(C)(C)C)cc2)nccc1	1.0	1	0.684	0.973
2	O=C(O)c1ccc(NC(=O)c2ccccc2)cc1	1.0	1	0.675	0.996
2	O=C(c1cccnc1)c1cc(Cl)ccc1NS(=O)(=O)c1ccc(-c2cocc2)cc1	1.0	1	0.627	0.968
2	Cc1cc(Nc2nccc(C(C)(C)C(F)(F)F)n2)ccc1	1.0	1	0.766	0.962
2	O=[N+]([O-])c1cc(O)c2N=C(Nc3c(Cl)cccc3)NS(=O)(=O)c2c1	1.0	1	0.664	0.865
2	CCOc1cc(N2C(=O)c3ccccc3C2=O)ccc1C(=OS)N1CCN(C)CC1	0.0	0	0.0	0.0
2	COc1ccc(Cn2cc(C(=O)c3ccncc3)c(O)c2C)cc1	1.0	1	0.69	0.971
2	Cc1nc(C(=O)c2cc(Cl)ccc2NS(=O)(=O)c2ccc(C(C)(C)C)cc2)ccc1	1.0	1	0.623	0.972
2	COc1c(NS(=O)(=O)c2ccc(Cl)s2)ncc(Br)n1	1.0	1	0.776	0.934
2	COc1ncc(N2C(=O)c3c(C2=O)c(NS(=O)(=O)c2ccc(C(C)(C)C)cc2)ccc3Cl)cc1	1.0	1	0.49	0.942
2	O=C(O)c1c(Oc2ccc(Cl)cc2NS(=O)(=O)c2ccc(Cl)cc2)cccc1	1.0	1	0.743	0.984
2	Cc1c(C(=O)c2cc(Cl)ccc2NS(=O)(=O)c2ccc(Cl)s2)cccn1	1.0	1	0.733	0.966
2	CCc1nc(Br)cnc1NS(=O)(=O)c1ccc(Cl)s1	1.0	1	0.784	0.925
2	O=C(O)c1ccccc1Oc1ccc(Cl)cc1NS(=O)(=O)c1ccc(Cl)cc1	1.0	1	0.743	0.984
2	O=S1(=O)NC(Nc2c(Cl)cccc2)=Nc2c1cc(Cl)cc2O	1.0	1	0.605	0.878
2	CCOC(=O)N1CCC(NS(=O)(=O)c2ccc3cc(NC(=O)c4ccc(F)cc4)ccc3c2)CC1	1.0	0	0.259	0.972
2	Nc1nn2c(O)c(Cc3ccccc3Cl)c(C3CC3)nc2n1	1.0	1	0.995	0.921
2	CC(=O)C1=C(O)C(=O)N(c2cc(C)ccc2)C1C1CCCCC1	1.0	1	0.986	0.922
2	COc1cc2c(cc1NS(=O)(=O)c1c(Cl)c(Cl)ccc1)nc(O)n2C1CNC1	1.0	1	0.774	0.911
2	CC(C)(C)c1ccc(S(=O)(=O)Nc2ccc(Cl)cc2-c2ncccn2)cc1	1.0	1	0.696	0.975
2	O=C(O)c1ccc(Oc2ccc(Cl)cc2NS(=O)(=O)c2ccc(Cl)cc2)cc1	1.0	1	0.65	0.986
2	Cc1[n+]([O-])cc(C(=O)c2cc(Cl)ccc2)cc1	1.0	1	0.736	0.962
2	COc1ccc(S(=O)(=O)Nc2ccc(Br)cc2C(=O)c2ccncc2)cc1	1.0	1	0.658	0.981
2	Cc1ncc(C(=O)c2cc(Cl)ccc2NS(=O)(=O)c2ccc(Cl)cc2)cc1	1.0	1	0.875	0.98
2	COC(=O)c1ccc(Oc2ccc(Cl)cc2NS(=O)(=O)c2ccc(S(C)(=O)=O)cc2)cc1	1.0	1	0.712	0.979
2	Nc1nn2c(O)c(Cc3cccc(C(F)(F)F)c3)c(-c3ccc(Cl)cc3)nc2n1	1.0	1	0.982	0.942
2	COc1nc2c(cc1NS(=O)(=O)c1ccc(Cl)c(Cl)c1)CCCC2	1.0	1	0.838	0.966
2	CC(C)(c1ncco1)c1ccccc1S(=O)(=O)Nc1ccc(Cl)cc1C(=O)c1cnccn1	1.0	1	0.62	0.9
2	Cc1cc(C(=O)c2cc(Cl)ccc2NS(=O)(=O)c2ccc(-c3cnc(C)o3)cc2)ccc1	1.0	1	0.605	0.968
2	O=S1(=O)NC(NCc2ccccc2)=Nc2c1cc(Cl)cc2O	1.0	1	0.771	0.899
2	COc1ccc(S2=C(C)NC(=O)NC2c2ccccc2)cc1	1.0	1	0.899	0.596
2	Cc1ccc(F)c(NS(=O)(=O)c2ccc(NC(C)=O)cc2)c1	1.0	1	0.647	0.989
2	CC(C)(c1ccc(S(=O)(=O)Nc2ccc(Cl)cc2C(=O)c2ncccc2)cc1)c1ncco1	1.0	1	0.522	0.933
2	O=S(=O)(NCCc1c(Cl)cc(Cl)cc1Cl)C1CCCCCN1	1.0	1	0.671	0.808
2	O=S(=O)(NCCCN1CCC(O)(c2ccc(Cl)cc2)CC1)c1cccs1	1.0	1	0.593	0.963
2	Nc1nn2c(O)c(Cc3cccc(Cl)c3)c(-c3ccccc3)nc2n1	1.0	1	0.996	0.957
2	CC(=O)C1=C(O)C(=O)N(c2ccc(C)cc2)C1c1ccc(Br)cc1	1.0	1	0.992	0.953
2	CC(C)(C)c1ccc(S(=O)(=O)Nc2ccc(Cl)cc2-c2c(F)cccc2)cc1	1.0	1	0.769	0.981
2	COc1cccc2c1c(NS(=O)(=O)c1ccc(Cl)s1)nn2Cc1cccc(F)c1	1.0	1	0.513	0.956
2	Cc1cc(NS(=O)(=O)c2cc(C(F)(F)F)c(Cl)cc2)c(-n2cc(C)c(N)n2)cc1	1.0	1	0.928	0.951
2	COc1nc(CSc2ccc(Cl)cc2NS(=O)(=O)c2ccc(C(C)(C)C)cc2)ccc1	1.0	1	0.445	0.962
2	C=Cc1ccccc1Oc1nc(Cl)ncc1NS(=O)(=O)c1ccc(Cl)s1	1.0	1	0.81	0.922
2	COc1nc(Br)cnc1NS(=O)(=O)c1c(Cl)cccc1Cl	1.0	1	0.911	0.949
2	O=S(=O)(NCCCN1CCC(O)(c2ccc(Cl)cc2)CC1)c1ccco1	1.0	1	0.471	0.949
2	O=C(c1ccncc1)c1cc(Cl)ccc1NS(=O)(=O)c1ccc(Br)cc1	1.0	1	0.702	0.981
2	Cc1nn2c(O)cc(CSc3cccc(F)c3F)nc2n1	1.0	1	0.8	0.917
2	CC(=O)C1=C(O)C(=O)N(c2ccc(C)cc2)C1C1CCCCCCC1	1.0	1	0.983	0.928
2	Nc1nn2c(O)c(Cc3ccc(F)cc3)c(C3CC3)nc2n1	1.0	1	0.953	0.929
2	Cc1ccncc1CN1C(=O)c2c(C1=O)c(NS(=O)(=O)c1ccc(C(C)(C)C)cc1)ccc2Cl	1.0	1	0.388	0.942
2	CC1(c2ccc(NS(=O)(=O)c3ccccc3)cc2)OCCO1	1.0	1	0.638	0.975
2	O=C(O)c1cc(Oc2ccc(Cl)cc2NS(=O)(=O)c2ccc(-c3ccccc3)cc2)ccc1	1.0	1	0.48	0.982
2	COc1nc(Br)cnc1NS(=O)(=O)c1c(Cl)cccc1Cl	1.0	1	0.911	0.949
2	O=S(=O)(Nc1cc(Cl)ccc1Cn1ccnn1)c1ccccc1	1.0	1	0.852	0.973
2	O=S(=O)(Nc1cc(Cl)c(Cl)cc1C(=O)c1ccc(Cl)cc1)c1cc(F)cc(F)c1	1.0	1	0.782	0.973
2	CC(=O)C1=C(O)C(=O)N(c2cc(Cl)ccc2)C1C1CCCCC1	1.0	1	0.983	0.92
2	CCCc1nc2nc(N)nn2c(O)c1Cc1ccc(Cl)cc1	1.0	1	0.998	0.941
2	COc1nn(C)c2c1c(NS(=O)(=O)c1cccc(Cl)c1Cl)nc(Cl)c2	1.0	1	0.624	0.921
2	COc1nc(Cl)cnc1NS(=O)(=O)c1cccc(Cl)c1Cl	1.0	1	0.831	0.955
2	O=C(O)c1ccc(C(F)(F)F)cc1C(=O)c1cc(Cl)ccc1O	1.0	1	0.871	0.978
2	COc1nc(Br)cnc1NS(=O)(=O)c1ccc(Cl)cc1Cl	1.0	1	0.726	0.956
2	CC(=O)C1=C(O)C(=O)N(c2ccc(C)cc2)C1C1CCCCCCC1	1.0	1	0.983	0.928
2	Cc1cccc(Cl)c1S(=O)(=O)NCCCN1CCC(O)(c2ccc(Cl)cc2)CC1	1.0	1	0.638	0.96
2	O=S(=O)(NCCCN1CCC(O)(c2ccc(Cl)cc2)CC1)c1cc(Cl)ccc1	1.0	1	0.646	0.97
2	Cc1c(C(=O)Nc2ccc(S(=O)(=O)NC3CCN(C(=O)CN)CC3)c3c2cccc3)cccc1	1.0	1	0.393	0.967
2	CC(=O)C1=C(O)C(=O)N(c2ccc(C)cc2)C1C1CCCCCC1	1.0	1	0.974	0.929
2	Cc1cc(C(=O)c2cc(Cl)ccc2NS(=O)(=O)c2ccc(C(C)(C)C)cc2)ccc1	1.0	1	0.538	0.98
2	CC(=O)C1=C(O)C(=O)N(c2ccc(C)cc2)C1c1ccccc1	1.0	1	0.995	0.963
2	COc1nc(Cl)cnc1NS(=O)(=O)c1c(Cl)c(Cl)cs1	1.0	1	0.855	0.866
2	COc1nc(Br)cnc1NS(=O)(=O)c1ccc(Cl)cc1	1.0	1	0.802	0.968
2	CC(=O)C1=C(O)C(=O)N(c2ccc(Br)cc2)C1C1CCCCC1	1.0	1	0.997	0.919
2	Cc1c(C(=O)Nc2ccc(S(=O)(=O)NC3CCN(C(=O)CO)CC3)c3c2cccc3)cccc1	1.0	1	0.426	0.968
2	O=C(O)c1cc(=O)c2c(c1N)CCCC2OC(=O)c1cc(Cl)c(Cl)[nH]1	0.0	0	0.0	0.0
2	Cc1nn(Cc2ccc(C(F)(F)F)cc2NS(=O)(=O)c2ccc(Cl)cc2)c(C)c1	1.0	1	0.824	0.969
2	COc1nc(C)c(N2C(=O)c3c(C2=O)c(NS(=O)(=O)c2ccc(C(C)(C)C)cc2)ccc3Cl)cc1	1.0	1	0.494	0.93
2	Cc1ncc(C(=O)c2cc(Cl)ccc2NS(=O)(=O)c2cc(F)c(F)cc2)cc1	1.0	1	0.773	0.974
2	CCCC(=O)N1CCC(NS(=O)(=O)c2ccc(NC(=O)c3cc(C(C)(C)C)nn3C)c3c2cccc3)CC1	1.0	0	0.005	0.937
2	O=S(=O)(NCCCN1CCC(O)(c2ccc(Cl)cc2)CC1)c1cc(Cl)ccc1	1.0	1	0.646	0.97
2	O=C(O)c1ccc(Oc2ccc(Cl)cc2NS(=O)(=O)c2ccc(Cl)cc2)cc1	1.0	1	0.65	0.986
2	CCCCc1ccc(C(=O)Nc2ccc(S(=O)(=O)NC3CCN(C(=O)CCC)CC3)c3ccccc23)cc1	1.0	0	0.005	0.965
2	COc1ccc(C(=O)c2cc(Cl)ccc2NS(=O)(=O)c2ccc(OC(C)C)cc2)cc1	1.0	1	0.735	0.982
2	O=C(c1cccnc1)c1cc(F)c(Cl)cc1OCc1ccccc1	1.0	1	0.688	0.983
2	CC(C)(C)COc1nc(Cl)cnc1NS(=O)(=O)c1cccc(Cl)c1Cl	1.0	1	0.612	0.934
2	CC(=O)C1=C(O)C(=O)N(c2cc(F)c(F)cc2F)C1c1cc(Br)ccc1	1.0	1	0.968	0.902
2	CCOC(=O)C1=C(O)C(=O)N(c2ccc(C)cc2)C1C1CCCCC1	1.0	1	0.977	0.929
2	O=S(=O)(Nc1cc(Cl)ccc1Cn1ccnn1)c1ccc(Cl)s1	1.0	1	0.834	0.947
2	C(=Cc1ccccc1)C=C1Nc2ccccc2C1=O	1.0	1	0.583	0.968
2	Cc1ccc(C(=O)c2cc(Cl)ccc2NS(=O)(=O)c2ccc(CCC(=O)N(C)C)cc2)cc1	1.0	1	0.757	0.976
2	CNC(=O)N1CCC(NS(=O)(=O)c2ccc(NC(=O)c3ccccc3C)c3ccccc23)CC1	1.0	1	0.436	0.967
2	COc1cc2c(cc1NS(=O)(=O)c1c(Cl)c(Cl)ccc1)nc(O)n2CCCl)N	0.0	0	0.0	0.0
2	CCc1ncnc(N2CCC(NS(=O)(=O)c3ccc(C(C)(C)C)cc3)C2)c1	1.0	1	0.679	0.912
2	COc1nc(CO)c(Cl)nc1NS(=O)(=O)c1cccc(Cl)c1Cl	1.0	1	0.751	0.935
2	COc1nc(Br)cnc1NS(=O)(=O)c1ccccc1Cl	1.0	1	0.876	0.963
2	O=C(c1csc(Cc2ccc(Cl)cc2)c1)C1CC1=O	1.0	1	0.949	0.894
2	Cc1cc(C(=O)c2cc(Cl)ccc2NS(=O)(=O)c2ccc(S(C)(=O)=O)cc2)ccc1	1.0	1	0.518	0.98
2	O=C(O)c1ccccc1Oc1c(F)cc(C(F)(F)F)cc1NS(=O)(=O)c1ccc(Cl)cc1	1.0	1	0.8	0.965
2	O=C(O)c1c(Oc2ccccc2NS(=O)(=O)c2ccc(Cl)cc2)cccc1	1.0	1	0.782	0.986
2	O=S(=O)(Nc1cc(Cl)ccc1Cn1ccnn1)c1ccc([BH3-]ncc[n+]1	0.0	0	0.0	0.0
2	Nc1nn2c(O)c(Cc3ccccc3)c(C3CC3)nc2n1	1.0	1	0.919	0.937
3	Cc1noc(C)c1-c1ccc(S(=O)(=O)Nc2ccc(Cl)cc2C(=O)c2ccncc2)cc1	1.0	1	0.576	0.964
3	Cc1ncc(C(=O)c2cc(Cl)ccc2NS(=O)(=O)c2ccc(OC(F)(F)F)cc2)cc1	1.0	1	0.785	0.969
3	O=C(O)c1c(F)cccc1Oc1ccc(C(F)(F)F)cc1NS(=O)(=O)c1ccc(Cl)cc1	1.0	1	0.708	0.969
3	CC(C)(C)c1ccc(S(=O)(=O)Nc2ccc(Cl)cc2C(=O)c2ccncc2)cc1	1.0	1	0.678	0.977
3	Cc1[n+]([O-])c(C)c(CCCn2cccc2)c1I	0.0	0	0.0	0.0
3	CC(C)(C)c1ccc(S(=O)(=O)Nc2c3c(cccc3)CCN2CC(F)(F)F)cc1	0.0	0	0.0	0.0
3	COc1nc(Br)cnc1NS(=O)(=O)c1cccc(Cl)c1	1.0	1	0.798	0.963
3	O=C(O)c1c(Oc2ncccc2NS(=O)(=O)c2ccc(C(F)(F)F)cc2)cccc1O	1.0	1	0.587	0.961
3	O=C(NC1CCN(Cc2ccc3cc(F)ccc3c2)CC1)N1CCC(N2C(=O)NCC2)CC1	1.0	0	0.183	0.953
3	Cc1ccc(N2C(=O)N(Cc3ccc(C(C)(C)C)cc3)CCC2C)cc1	1.0	1	0.767	0.939
3	CC(C)(C)c1ccc(S(=O)(=O)Nc2ccc(Cl)cc2-c2c(O)cccn2)cc1	1.0	1	0.608	0.97
3	COc1nn(C)c2c1c(NS(=O)(=O)c1cccc(Cl)c1Cl)nc(C)n2	1.0	1	0.685	0.936
3	CCCc1nc2nc(N)nn2c(O)c1Cc1cccc(Cl)c1	1.0	1	0.991	0.934
3	O=C(c1ccncc1)c1cc(Cl)ccc1NS(=O)(=O)c1ccc(-c2cocn2)cc1	1.0	1	0.612	0.956
3	O=C(O)CCCCCn1c(O)c(Cc2ccccc2)c2ccccc21	1.0	1	0.454	0.978
3	CC(C)c1nc2nc(N)nn2c(O)c1Cc1cc(Br)ccc1	1.0	1	0.905	0.921
3	Cc1cccc(C(=O)c2cc(Cl)ccc2NS(=O)(=O)c2ccc(C3(C)CCOCC3)cc2)n1	1.0	1	0.577	0.94
3	COc1nc(C)cnc1NS(=O)(=O)c1c(Cl)c(Cl)ccc1Cl	1.0	1	0.832	0.947
3	CNS(=O)(=O)c1ccc(CNC(=O)c2c(Cl)cccc2)cc1	1.0	1	0.613	0.99
3	COc1cccc2c1c(NS(=O)(=O)c1ccc(Cl)s1)nn2Cc1cccc(C(F)(F)F)c1	1.0	1	0.478	0.946
3	CC(=O)C1=C(O)C(=O)N(c2ccc(C)cc2)C1C1CCCCCC1	1.0	1	0.974	0.929
3	COCCOc1nc(Br)cnc1NS(=O)(=O)c1cccc(Cl)c1C	1.0	1	0.62	0.946
3	O=C(NCc1ccc(Cl)cc1)c1cnccn1	1.0	1	0.958	0.989
3	CC(=O)C1=C(O)C(=O)N(c2ccc(C(F)(F)F)cc2)C1C1CCCCC1	1.0	1	0.989	0.907
3	COc1nn(C)c2c1c(NS(=O)(=O)c1c(Cl)c(Cl)ccc1)ncn2	1.0	1	0.678	0.941
3	Cc1nc(C(=O)c2cc(Cl)ccc2NS(=O)(=O)c2ccc(C(C)(C)C)cc2)ccc1	1.0	1	0.623	0.972
3	Cc1ccc(S(=O)(=O)NC(=O)N2CCC(N3CCC(Oc4ccc(F)c(F)c4)CC3)CC2)cc1	1.0	0	0.226	0.955
3	Nc1nn2c(O)c(Cc3ccccc3)c(C3CC3)nc2n1	1.0	1	0.919	0.937
3	CC(C)(CO)COc1ccc(C(F)(F)F)cc1Oc1ccc(Cl)cc1Cl	1.0	1	0.823	0.965
3	O=S(=O)(Nc1cc(F)ccc1Cn1ccnn1)c1cc(Cl)c(Cl)cc1	1.0	1	0.946	0.962
3	COc1nccnc1NS(=O)(=O)c1cccc(C#N)c1	1.0	1	0.652	0.969
3	COc1nc(F)cnc1NS(=O)(=O)c1cccc(Cn2sc(Cl)cc2)c1	0.0	0	0.0	0.0
3	Cc1c(C(=O)Nc2ccc(S(=O)(=O)NC3CCN(C(=O)CO)CC3)c3c2cccc3)cccc1	1.0	1	0.426	0.968
3	CCc1nn2c(O)c(C)c(C)nc2n1Cl	0.0	0	0.0	0.0
3	CC(=O)C1=C(O)C(=O)N(c2ccc([N+](=O)[O-])cc2C(=O)O)C1C1CCCCC1	1.0	1	0.948	0.87
3	Cn1ncc2c1cccc2NS(=O)(=O)c1c(Cl)c(Cl)ccc1	1.0	1	0.721	0.972
3	CC(=O)C1=C(O)C(=O)N(c2cc(C(F)(F)F)ccc2)C1C1CCCCC1	1.0	1	0.966	0.902
3	CC(C)c1nc2nc(N)nn2c(O)c1Cc1ccc(Br)cc1	1.0	1	0.962	0.929
3	O=S(=O)(Nc1cc(F)ccc1Cn1ccnn1)c1cccc(Cl)c1	1.0	1	0.894	0.965
3	Cc1cc(Oc2ccc(C(=O)Nc3ccc(C#N)cc3)cc2)ccc1	1.0	1	0.487	0.99
3	Nc1nn2c(O)c(Cc3cccc(I)c3)c(C3CC3)nc2n1	1.0	1	0.894	0.891
3	O=S(=O)(Nc1cc(Cl)ccc1Cn1cncn1)c1ccsc1	1.0	1	0.874	0.949
3	CC(C)(C)c1ccc(S(=O)(=O)Nc2ccc(Cl)cc2C(=O)c2cc(S(C)(=O)=O)ncc2)cc1	1.0	1	0.639	0.957
3	Cc1ncc(N2C(=O)c3c(C2=O)c(NS(=O)(=O)c2ccc(C(C)(C)C)cc2)ccc3Cl)cc1	1.0	1	0.54	0.946
3	COc1nc(Cl)cnc1NS(=O)(=O)c1c(Cl)c(Cl)ccc1N(C)C	1.0	1	0.884	0.911
3	COc1ccc(SCc2nc3nc(Cc4ccccc4)cc(O)n3n2)cc1	1.0	1	0.405	0.954
3	C(=Nc1ccccc1)c1ccc(N2CCCCC2)cc1	1.0	1	0.515	0.986
3	Cc1noc(C)c1-c1ccc(C(=O)O)cc1NN=C(n1ccccc1C1CC1)C1CCCC1	0.0	0	0.0	0.0
3	CCNS(=O)(=O)c1cccc(C(=O)Nc2cccc(S(=O)(=O)N(C)C)c2)c1	1.0	1	0.484	0.982
3	CC(C)(C)c1ccc(S(=O)(=O)Nc2ccc(Cl)cc2C(=O)c2cnc(S(C)(=O)=O)cc2)cc1	1.0	1	0.676	0.961
3	O=S(=O)(NCCCN1CCC(O)(c2ccc(Cl)cc2)CC1)c1cc(Cl)ccc1	1.0	1	0.646	0.97
3	O=C(C1=C(O)C(=O)N(Cc2ccccc2)C1)c1ccc(Cl)cc1	1.0	1	0.762	0.977
3	CC(C)(C)c1ccc(S(=O)(=O)Nc2cc(F)c(F)cc2C(=O)c2ccncc2)cc1	1.0	1	0.72	0.969
3	COc1cccc2c1c(NS(=O)(=O)c1ccc(Cl)s1)nn2Cc1ccccc1	1.0	1	0.551	0.965
3	O=C(O)c1ccc(Oc2ccc(Cl)cc2NS(=O)(=O)c2ccc(Cl)c(Cl)c2)cc1	1.0	1	0.842	0.982
3	COc1nc(Br)cnc1NS(=O)(=O)c1ccccc1	1.0	1	0.834	0.971
3	O=C(O)c1c(Oc2cnccc2NS(=O)(=O)c2ccc(Cl)c(Cl)c2)cccc1	1.0	1	0.724	0.972
3	Cc1nn(C(=O)c2ccccc2)c(C)c1Cl	1.0	1	0.626	0.983
3	O=C(NS(=O)(=O)c1ccccc1)c1cc2ccccc2[nH]1	1.0	1	0.632	0.984
3	Nc1nn2c(O)c(Cc3cccc(Cl)c3)c(C3CC3)nc2n1	1.0	1	0.908	0.922
3	CCCC(=O)N1CCC(NS(=O)(=O)c2ccc(NC(=O)C3CCN(C)CC3)c3c2cccc3)CC1	1.0	1	0.395	0.96
3	O=C(O)c1ccc(Oc2ncc(Cl)cc2NS(=O)(=O)c2ccc(Cl)c(Cl)c2)cc1	1.0	1	0.634	0.974
3	CCOC(=O)N1CCC(NS(=O)(=O)c2ccc(Cl)cc2)CC1	1.0	1	0.725	0.984
3	CC(=O)C1=C(O)C(=O)N(c2ccc(Br)cc2F)C1C1CCCCC1	1.0	1	0.994	0.892
3	O=C(O)c1c(Oc2ncncc2NS(=O)(=O)c2ccc(Cl)cc2)cccc1	1.0	1	0.707	0.972
3	CC(C)(C)c1ccc(S(=O)(=O)Nc2ccc(Cl)cc2-c2c(O)c(CO)ccn2)cc1	1.0	1	0.619	0.952
3	O=C(c1ccccc1)c1cc(Cl)ccc1NS(=O)(=O)c1ccc(C(F)(F)F)cc11	0.0	0	0.0	0.0
3	CC(=O)c1ccc(S(=O)(=O)Nc2ccc(Cl)cc2C(=O)c2ccncc2)cc1	1.0	1	0.461	0.98
3	CCCC(=O)N1CCC(NS(=O)(=O)c2ccc(NC(=O)c3ccccc3)c3c2cccc3)CC1	1.0	1	0.462	0.974
3	CCOc1ccc(Oc2cc(F)c(NS(=O)(=O)c3ccc(C(C)(C)C)cc3)cc2)cc1	1.0	1	0.362	0.98
3	CC(C)c1nc2nc(N)nn2c(O)c1Cc1cccc(Br)c1	1.0	1	0.905	0.921
3	CCCC(=O)N1CCC(NS(=O)(=O)c2ccc(NC(=O)c3ccccc3C)c3ccccc23)CC1	1.0	1	0.376	0.969
3	Nc1nc2nc(NS(=O)(=O)c3ccccc3)c(Cl)cc2o1	1.0	1	0.869	0.946
3	Cc1cc(NS(=O)(=O)c2ccc(Cl)cc2Cl)ccn1	1.0	1	0.777	0.98
3	CCCCCCCc1ccc(C(=O)c2cc(Cl)ccc2C(=O)c2ccncc2)cc1	1.0	1	0.572	0.979
3	O=C(O)c1c(Oc2ccc(Cl)cc2NS(=O)(=O)c2ccc(Cl)cc2)cccc1	1.0	1	0.743	0.984
3	Nc1nn2c(O)c(Cc3cccc(Cl)c3)c(C3CC3)nc2n1	1.0	1	0.908	0.922
3	COc1nn(Cc2cc(Cl)ccc2NS(=O)(=O)c2ccc(Cl)c(C(F)(F)F)c2)cc1	1.0	1	0.679	0.948
3	CCCC(=O)N1CCC(NS(=O)(=O)c2ccc(NC(=O)c3ccccc3)c3c2cccc3)CC1	1.0	1	0.462	0.974
3	CC(=O)C1=C(O)C(=O)N(c2ccc(C)cc2F)C1C1CCCCC1	1.0	1	0.99	0.903
3	CC(=O)C1=C(O)C(=O)N(c2ccc(Cl)cc2F)C1C1CCCCC1C	1.0	1	0.992	0.728
3	Cc1cccc(NS(=O)(=O)c2ccc(Cl)cc2)c1Oc1c(C2CCCCC2)cccc1	1.0	1	0.372	0.972
3	O=C(O)c1ccc(Oc2ccc(Cl)cc2NS(=O)(=O)c2ccc(Cl)cc2)cc1	1.0	1	0.65	0.986
3	CSc1ccc(Nc2nc(OC)nnc2NS(=O)(=O)c2ccc(Cl)c(Cl)c2)cc1	1.0	1	0.746	0.943
3	COc1nc(Cl)cnc1NS(=O)(=O)c1cccc(C(F)(F)F)c1	1.0	1	0.783	0.96
3	COc1nn(C)c2c1c(NS(=O)(=O)c1c(Cl)c(Cl)ccc1)ncn2	1.0	1	0.678	0.941
3	O=S(=O)(Nc1cc(Cl)cnc1Oc1cnccc1)c1cc(Cl)cs1	1.0	1	0.748	0.939
3	CC(=O)C1=C(O)C(=O)N(c2cc(C)c(C)cc2)C1C1CCCCC1	1.0	1	0.992	0.916
3	Cc1ncccc1C(=O)c1cc(Cl)ccc1NS(=O)(=O)c1ccc(C(C)(C)C)cc1	1.0	1	0.687	0.973
3	O=C(NCCN1CCC(F)(F)C1)c1ccc(Oc2ccc(Cl)cc2NS(=O)(=O)c2ccc(Cl)c(Cl)c2)cc1	1.0	0	0.005	0.947
3	COc1ccc(S(=O)(=O)Nc2cccc3c2CC(N)C3)cc1	1.0	1	0.66	0.946
3	O=C(c1ccccn1)c1cc(Cl)ccc1NS(=O)(=O)c1ccc(-c2cocn2)cc1	1.0	1	0.598	0.954
3	Cc1cc(-c2nc3nc(N)nn3cc2)ccc1	1.0	1	0.932	0.963
3	O=C(c1ccncc1)c1cc(Cl)ccc1NS(=O)(=O)c1ccc(Br)cc1	1.0	1	0.702	0.981
3	COc1ccc(S(=O)(=O)Nc2ccc(Br)cc2C(=O)c2ccncc2)cc1	1.0	1	0.658	0.981
3	Nc1nn2c(O)c(Cc3ccccc3)c(C3CC3)nc2n1n	0.0	0	0.0	0.0
3	COc1ccc(COc2nc(Br)cnc2NS(=O)(=O)c2ccc(C)cc2)cc1CCn1cccc1S(=O)(=O)c1ccccc1	1.0	0	0.005	0.881
3	O=C(c1ccncc1)c1cc(Br)ccc1NS(=O)(=O)c1ccc(Cl)cc1	1.0	1	0.698	0.981
3	COc1nn(C2COC2)c2c1c(NS(=O)(=O)c1cccc(C)c1)ncn28	0.0	0	0.0	0.0
3	COc1nn(C)c2c1c(NS(=O)(=O)c1cccc(Cl)c1Cl)nc(C)n2	1.0	1	0.685	0.936
4	O=C(NCCO)c1cnc(N2CCN(Cc3ccc(Cl)cc3)CC2)cc1	1.0	1	0.436	0.983
4	O=S(=O)(NCCCN1CCC(O)(c2ccc(Cl)cc2)CC1)c1ccccc1-c1ccc(Cl)cc1	1.0	1	0.407	0.965
4	O=S(=O)(Nc1cc(Cl)ccc1Cn1cncn1)c1cccc(Cl)c1	1.0	1	0.923	0.972
4	CC(C)(C)c1ccc(S(=O)(=O)Nc2ccc(Br)cc2C(=O)c2ccncc2)cc1	1.0	1	0.674	0.975
4	CC1(c2c(F)cc(Cl)cc2)CCOC(C(=O)C(C)C)N1C#N	1.0	1	0.875	0.429
4	Cc1ncc(C(=O)c2cc(Cl)ccc2NS(=O)(=O)c2ccc(OC(F)(F)C)cc2)cc1	1.0	1	0.602	0.961
4	COc1cc(C=C2C(=O)N(C)C(=O)N2C)ccc1	1.0	1	0.721	0.968
4	CC(=O)C1=C(O)C(=O)N(c2ccc(C)cc2F)C1C1CCCCC1	1.0	1	0.99	0.903
4	CC1(O)C(CO)OC(n2cnc3c(O)ncnc32)C1O	1.0	1	0.716	0.423
4	O=C(O)c1ccccc1Oc1ccc(Cl)cc1[N+](=O)[O-]	1.0	1	0.914	0.987
4	CC(=O)C1=C(O)C(=O)N(c2cc(Cl)c(Cl)cc2F)C1C1CCCCC1	1.0	1	0.981	0.876
4	CC(C)(C)c1ccc(S(=O)(=O)Nc2cc(F)ccc2C(=O)c2ccncc2)cc1	1.0	1	0.678	0.976
4	COc1nccc(C(=O)c2cc(Cl)ccc2NS(=O)(=O)c2ccc(C(C)(C)C)cc2)c1	1.0	1	0.81	0.969
4	Cc1c(C(=O)c2cc(Cl)ccc2NS(=O)(=O)c2ccc(C(C)(C)C)cc2)cccc1	1.0	1	0.69	0.98
4	CCNc1nc(SC)nc(NS(=O)(=O)c2ccc(Cl)cc2)n1	1.0	1	0.856	0.966
4	O=S(=O)(Nc1cc(Cl)ccc1Cn1cncn1)c1ccccc1	1.0	1	0.892	0.978
4	O=S(=O)(Nc1cc(Cl)c(Cl)cc1)c1ccccc1	1.0	1	0.849	0.993
4	O=C(NCCO)c1cnccc1F	1.0	1	0.584	0.976
4	COc1cc(Cl)ccc1C(=O)Nc1ccc(Cl)cc1C(=O)c1ccccc1	1.0	1	0.641	0.987
4	COc1c(-c2cc(Cl)ccc2NS(=O)(=O)c2ccc(C(C)(C)C)cc2)nccn1	1.0	1	0.728	0.963
4	CCSc1ncc(C(=O)c2cc(Cl)ccc2NS(=O)(=O)c2ccc(C(C)(C)C)cc2)cc1	1.0	1	0.752	0.962
4	Cn1ncc2c1nccc2NS(=O)(=O)c1c(Cl)c(Cl)ccc1	1.0	1	0.684	0.963
4	CC(=O)C1=C(O)C(=O)N(c2ccc(Cl)cc2)C1C1CCCCC1	1.0	1	0.997	0.927
4	CC(C)(C)c1ccc(S(=O)(=O)Nc2ccc(Cl)cc2-c2c(O)cccn2)cc1	1.0	1	0.608	0.97
4	COc1c2c(NS(=O)(=O)c3ccc(Cl)s3)nn(Cc3cccc(CN(C)C(C)=O)c3)c2ccc1	1.0	1	0.523	0.936
4	O=C(Nc1ccncc1)c1cc(Br)ccc1N	1.0	1	0.675	0.986
4	O=C(NS(=O)(=O)c1cccc(Cl)c1Cl)c1cc(Cl)cc(Cl)c1	1.0	1	0.558	0.977
4	O=S(=O)(Nc1cc(F)ccc1C(c1ccccc1)c1ccccc1)c1cc2ccccc2o1	1.0	1	0.686	0.962
4	CC(=O)C1=C(O)C(=O)N(c2ccc(Br)cc2)C1C1CCCCC1	1.0	1	0.997	0.919
4	O=S(=O)(Nc1cc(Cl)ccc1Cn1ccnn1)c1cccc(Cl)c1	1.0	1	0.893	0.966
4	Cc1cc(C)nc(NS(=O)(=O)c2ccc(Cl)cc2)n1	1.0	1	0.756	0.985
4	CCCCc1nc2nc(N)nnc2n1Cc1ccccc1	1.0	1	0.958	0.964
4	O=C(Nc1ccc(S(=O)(=O)NCc2ccccc2)cc1)c1ccccc1	1.0	1	0.461	0.992
4	CC(C)(C)c1ccc(S(=O)(=O)Nc2ccc(Br)cc2C(=O)c2ccncc2)cc1	1.0	1	0.674	0.975
4	O=S(=O)(Nc1cc(Cl)ccc1Cn1ccnn1)c1ccccc1Cl	1.0	1	0.846	0.966
4	O=S(=O)(Nc1cc(Cl)ccc1Cn1ccnn1)c1cnc2scc(Cl)c2c1	1.0	1	0.918	0.908
4	Cc1cc(NS(=O)(=O)c2cc(Cl)c(Cl)cc2NS(=O)(=O)c2ccc(Cl)cc2)ccc1	1.0	1	0.757	0.976
4	CCc1ccc(Oc2nc(Oc3cc(Cl)c(Cl)cc3Cl)c3nccn3c2)cc1	1.0	1	0.803	0.944
4	Cc1nc(C(=O)c2cc(Cl)ccc2NS(=O)(=O)c2ccc(C(C)(C)C)cc2)ccc1	1.0	1	0.623	0.972
4	CC(C)CC(=O)c1ccc(OS(=O)(=O)Cc2ccccc2)cc1	1.0	1	0.418	0.982
4	CC(=O)NCc1cc(Cn2nc(NS(=O)(=O)c3ccc(Cl)s3)c3c(C(F)F)cccc32)ccc1	1.0	1	0.428	0.918
4	CC(=O)C1=C(O)C(=O)N(c2ccc(F)cc2F)C1C1CCCCC1	1.0	1	0.987	0.902
4	CC(=O)C1=C(O)C(=O)N(c2cc(F)c(Cl)cc2F)C1c1ccc(Cl)cc1	1.0	1	0.989	0.915
4	O=C(O)c1c(C(Cl)Br)cccc1OC[n+]1cc(Cl)ccc1[nH]c1cc(Cl)c(Cl)cc1	0.0	0	0.0	0.0
4	O=S(=O)(Nc1cc(Cl)c(Cl)cc1Cn1ccnn1)c1cccc(Cl)c1	1.0	1	0.879	0.955
4	CC(=O)C1=C(O)C(=O)N(c2ccc(F)cc2F)C1C1CCCCC1	1.0	1	0.987	0.902
4	CC(C)(C)c1ccc(S(=O)(=O)Nc2ccc(Cl)cc2-c2c(O)c(CO)ccc2)cc1	1.0	1	0.746	0.967
4	COc1cc2c(cc1NS(=O)(=O)c1c(Cl)c(Cl)ccc1)n(C)c(=O)n2C	1.0	1	0.846	0.963
4	COc1ccccc1NS(=O)(=O)c1ccc(C)c(C)c1OCc1cccc(C(=O)O)c1	1.0	1	0.453	0.975
4	O=S(=O)(Nc1cc(Cl)ccc1Cn1ccnn1)c1csc(Cl)c1	1.0	1	0.863	0.924
4	CC(=O)C1=C(O)C(=O)N(c2ccc(C)cc2)C1C1CCCCC1	1.0	1	0.994	0.929
4	O=[N+]([O-])c1cc(O)c2N=C(Nc3c(Cl)cccc3)NS(=O)(=O)c2c1	1.0	1	0.664	0.865
4	Cc1nnc(-c2cccc(S(=O)(=O)Nc3ccc(Cl)cc3C(=O)c3ccncc3)c2)o1	1.0	1	0.507	0.963
4	Cc1cccc(CNc2nc(NC3CC3)n3ncc(C=O)c3n2)c1	1.0	1	0.508	0.945
4	COc1nccnc1NS(=O)(=O)c1cccc(C(C)(C)C)c1	1.0	1	0.65	0.972
4	CC(=O)c1ccc(S(=O)(=O)Nc2ccc(Br)cc2C(=O)c2ccncc2)cc1	1.0	1	0.474	0.978
4	CC(C)(C)c1ccc(S(=O)(=O)Nc2ccc(Cl)cc2-c2ccccn2)cc1	1.0	1	0.753	0.979
4	COc1cc(Cn2nc(NS(=O)(=O)c3ccc(Cl)s3)c3c(OC)cccc32)ccc1	1.0	1	0.657	0.958
4	CC(C)c1ccc(S(=O)(=O)Nc2ccc(Cl)cc2C(=O)c2ccncc2)cc1	1.0	1	0.534	0.979
4	CCCCc1nc2nc(N)nnc2n1Cc1ccccc1	1.0	1	0.958	0.964
4	O=C(c1ccncc1)c1cc(Cl)ccc1NS(=O)(=O)c1ccc(I)cc1	1.0	1	0.705	0.977
4	CC(C)(C)c1ccc(S(=O)(=O)Nc2cc(Cl)ccc2Oc2ccc(Cl)cc2)cc1	1.0	1	0.81	0.983
4	O=S(=O)(Nc1cc(Cl)ccc1Cn1ccnn1)c1cccc2nc(CO)cn12	1.0	1	0.685	0.884
4	CC(=O)C1=C(O)C(=O)N(c2cc(F)c(Cl)cc2F)C1C1CCCCC1	1.0	1	0.983	0.868
4	CC1(c2ccc(S(=O)(=O)c3ccccc3)cc2)OCCOc1ccccc1	0.0	0	0.0	0.0
4	CCCn1ccnc1CNC(=O)c1cnccn1	1.0	1	0.759	0.968
4	CC(C)(C)c1ccc(S(=O)(=O)Nc2ccc(Cl)cc2-c2c(O)c(C(C3)C)ncc2)cc1	0.0	0	0.0	0.0
4	CSc1ncc(F)cc1C(=O)c1cc(Cl)ccc1NS(=O)(=O)c1ccc(C(C)(C)C)cc1	1.0	1	0.64	0.953
4	Cc1cc(C(=O)c2cc(Cl)ccc2NS(=O)(=O)c2ccc(C(C)(C)C)cc2)ccc1	1.0	1	0.538	0.98
4	CCCCCCc1nc2nc(N)nnc2n1Cc1cccc(Cl)c1	1.0	1	0.846	0.955
4	CC(=O)C1=C(O)C(=O)N(c2cc(Cl)c(C)cc2)CC1F	1.0	1	0.937	0.856
4	O=S(=O)(NCCCN1CCC(O)(c2ccc(Cl)cc2)CC1)c1cc(Cl)c(Cl)cc1	1.0	1	0.619	0.967
4	COc1ccc(SCc2nc3nc(Cc4ccccc4)c(Cc4ccccc4)n3n2)cc1	0.0	0	0.0	0.0
4	O=S(=O)(Nc1cc(Cl)c(Cl)cc1)c1ccc(Cl)cc1	1.0	1	0.797	0.991
4	CCNc1c(-c2cc(Cl)ccc2NS(=O)(=O)c2ccc(C(C)(C)C)cc2)nccc1	1.0	1	0.708	0.963
4	Cn1nncc1C(=O)c1cc(Cl)ccc1NS(=O)(=O)c1ccc(C(C)(C)C)cc1	1.0	1	0.694	0.953
4	C=CCN(C(=O)NCc1ccccn1)C1CCN(CCC(C)(C)CN)CC1	1.0	1	0.375	0.93
4	CC(=O)C1=C(O)C(=O)N(c2ccc(C)cc2)C1c1ccccc1	1.0	1	0.995	0.963
4	Cc1ncc(C(=O)c2cc(Cl)ccc2NS(=O)(=O)c2cc(C(F)(F)F)ccc2)cc1	1.0	1	0.792	0.971
4	Oc1c(-c2cccnc2)c(N2CCCCC2)nc(N2CCOCC2)n1C	0.0	0	0.0	0.0
4	O=S(=O)(Nc1cc(Cl)ccc1Cn1ccnn1)c1cccc(F)c1	1.0	1	0.894	0.965
4	CCc1nn2c(O)c(Cc3ccccc3)c(O)nc2n1	1.0	1	0.982	0.948
4	CC(C)(C)c1ccc(S(=O)(=O)Nc2ccc(Cl)cc2-c2c(O)c(C(=O)O)cc(F)c2)cc1	1.0	1	0.751	0.963
4	CC(C)(C)c1ccc(S(=O)(=O)Nc2cc(F)ccc2CN)cc1	1.0	1	0.779	0.98
4	COc1nn(C2COC2)c2c1c(NS(=O)(=O)c1cccc(Cl)c1Cl)ncn2	1.0	1	0.771	0.901
4	Nc1nn2c(O)c(Cc3ccccc3)c(C3CC3)nc2n1	1.0	1	0.919	0.937
4	O=C(NS(=O)(=O)c1ccc(Cl)cc1)c1ccccc1	1.0	1	0.757	0.993
4	O=C(NCCN1CCNCC1)c1cc(Oc2ncc(Cl)cc2NS(=O)(=O)c2cc(Cl)c(Cl)cc2)ccc1	1.0	0	0.005	0.946
4	COc1ccc(S(=O)(=O)Nc2ccc(Cl)cc2C(=O)c2ccncc2)cc1	1.0	1	0.662	0.983
4	CC(C)(C)c1ccc(S(=O)(=O)Nc2cc(F)ccc2C(=O)c2ccnc(C#N)c2)cc1	1.0	1	0.758	0.959
4	CC(C)(C)c1ccc(S(=O)(=O)Nc2ccc(Cl)cc2-c2c(O)c(CO)ccc2)cc1	1.0	1	0.746	0.967
4	Oc1cc(CSc2nc(-c3ccccc3)cs2)nc2ccccc12	1.0	1	0.53	0.972
4	Cc1c(C(=O)c2cc(Cl)ccc2NS(=O)(=O)c2ccc(C(C)(C)C)cc2)cccn1	1.0	1	0.687	0.973
4	O=C(Nc1ccc(N2C(=O)c3ccccc3C2=O)ccc1)N1CCCC1	0.0	0	0.0	0.0
4	COc1c(-c2cc(Cl)ccc2NS(=O)(=O)c2ccc(C(C)(C)C)cc2)nccc1	1.0	1	0.684	0.973
4	O=S(=O)(NCCCN1CCC(O)(c2ccc(Cl)cc2)CC1)c1ccsc1	1.0	1	0.411	0.952
4	CC(C)(C)c1ccc(S(=O)(=O)Nc2ccc(Cl)cc2C(=O)c2cnc(S(C)(=O)=O)cc2)cc1	1.0	1	0.676	0.961
4	CCCCCc1nc2nc(N)nnc2n2c1nccc1c2c2ccccc2n1	0.0	0	0.0	0.0
4	CCC(=O)C1=C(O)C(=O)N(c2ccc(C)cc2)C1C1CCCCC1	1.0	1	0.993	0.913
4	O=S(=O)(Nc1cc(Cl)c(Cl)cc1Cn1ccnn1)c1ccccc1	1.0	1	0.834	0.963
5	Cc1ccc(NS(=O)(=O)c2ccc(NC(=O)C(C)(C)C)cc2)cc1	1.0	1	0.566	0.988
5	COc1nn(CC(=O)O)c2c1cc(S(=O)(=O)N1CCOCC1)cc2C	1.0	1	0.726	0.934
5	Cc1ccc(N2C(=O)C(O)=C(C(=O)C(C)C)C2C2CCCCC2)cc1	1.0	1	0.993	0.909
5	O=S1(=O)NC(Nc2cccc(F)c2)=Nc2c1cc(Cl)cc2O	1.0	1	0.629	0.874
5	CCCc1nc2nc(NC(=O)C(C)C)nc(O)c2n13	0.0	0	0.0	0.0
5	CC(C)Oc1ccc(S(=O)(=O)Nc2ccc(Cl)cc2C(=O)c2ccncc2)cc1	1.0	1	0.597	0.977
5	O=S1(=O)NC(Nc2ccc(Br)cc2)=Cc2c(Cl)c(Cl)ccc21	1.0	1	0.843	0.879
5	Cc1cc(N2C(=O)c3c(C2=O)c(NS(=O)(=O)c2ccc(C(C)(C)C)cc2)ccc3Cl)cnc1	1.0	1	0.514	0.939
5	COc1nc(Cl)cnc1NS(=O)(=O)c1cccc(C(F)(F)F)c1	1.0	1	0.783	0.96
5	N#Cc1ccc(S(=O)(=O)NCc2ccc(C(=O)N3CCC(O)C3)cc2)cc1	1.0	1	0.384	0.95
5	Cc1ccc(NC(=O)Nc2ccc(Cl)cc2)cc1Cl	1.0	1	0.72	0.993
5	CC(=O)C1=C(O)C(=O)N(c2cc(C)ccc2)C1C1CCCCC1	1.0	1	0.986	0.922
5	CC(=O)C1=C(O)C(=O)N(c2cc(C)c(Cl)cc2)C1C1CCCCC1	1.0	1	0.996	0.907
5	O=S(=O)(NCCCN1CCC(O)(c2ccc(Cl)cc2)CC1)c1cccs1	1.0	1	0.593	0.963
5	O=S(=O)(Nc1cc(Cl)ccc1Cn1ccnn1)c1cccc2nocc12	1.0	1	0.813	0.917
5	COc1c(N2C(=O)c3c(C2=O)c(NS(=O)(=O)c2ccc(C(C)(C)C)cc2)ccc3Cl)ccc[n+]1[O-]	1.0	1	0.463	0.885
5	Nc1nn2c(O)c(Cc3ccccc3F)c(C3CC3)nc2n1	1.0	1	0.996	0.92
5	CC(C)(C)c1ccc(S(=O)(=O)Nc2ccc(Cl)cc2-c2c(O)ccnc2)cc1	1.0	1	0.693	0.965
5	Cc1[n+]([O-])cc(C(=O)c2cc(Cl)ccc2)cc1	1.0	1	0.736	0.962
5	O=C(c1cnc(Cl)cc1)c1cc(Cl)ccc1NS(=O)(=O)c1ccc(OC(F)(F)F)cc1	1.0	1	0.829	0.967
5	CC(C)(C)c1ccc(S(=O)(=O)Nc2ccc(F)cc2C(=O)c2ccnc(C#N)c2)cc1	1.0	1	0.619	0.961
5	O=C(Nc1ccc(N2CCOCC2)cc1)c1cccnc1	1.0	1	0.638	0.989
5	O=C(c1cnccc1)c1cc(F)c(F)cc1NS(=O)(=O)c1cccc(Cl)c1	1.0	1	0.622	0.973
5	CC(C)(C)c1ccc(S(=O)(=O)Nc2ccc(Cl)cc2-c2c(O)cccn2)cc1	1.0	1	0.608	0.97
5	COc1ccc(S(=O)(=O)Nc2ccc(Br)cc2C(=O)c2ccncc2)cc1	1.0	1	0.658	0.981
5	COc1cc(OS(=O)(=O)c2ccc(Cl)cc2)ccc1Cl	1.0	1	0.758	0.987
5	Cc1ccc(C(=O)c2cc(Cl)ccc2NS(=O)(=O)c2ccc(C3(C)CCOCC3)cc2)cc1	1.0	1	0.748	0.959
5	CC(C)(C)c1ccc(S(=O)(=O)Nc2cc(Cl)ccc2C(=O)c2ccncc2)cc1	1.0	1	0.672	0.976
5	C=CCN(C(=O)OCc1ccc(C#N)cc1)C1CCN(CCC2(c3cccc(F)c3)CCCN2)CC1	1.0	0	0.005	0.745
5	CC(C)c1nc2nc(N)nn2c(O)c1Cc1ccc(Cl)cc1	1.0	1	0.964	0.937
5	CC(=O)NCc1cc(Cn2nc(NS(=O)(=O)c3ccc(Cl)s3)c3c(C(F)F)cccc32)ccc1	1.0	1	0.428	0.918
5	CC(C)c1nc2nc(N)nn2c(O)c1Cc1cccc(Cl)c1	1.0	1	0.911	0.929
5	Cc1[n+]([O-])cc(C(=N)NO)c1Br	0.0	0	0.0	0.0
5	CC(C)(C)c1ccc(S(=O)(=O)Nc2ccc(Cl)cc2-c2c(O)c(CO)ccn2)cc1	1.0	1	0.619	0.952
5	COc1c(S(=O)(=O)Nc2ccc(Cl)cc2C(=O)c2ccc(Cl)cc2)cccc1	1.0	1	0.751	0.984
5	O=S(=O)(Nc1cc(F)ccc1Cn1ccnn1)c1cc(Cl)c(Cl)cc1	1.0	1	0.946	0.962
5	CCCC12CC(=O)C(C)(C)C2(OC)c2c1c(O)c(O)c2=O	1.0	1	0.618	0.233
5	CC(=O)NCc1c(Cl)cccc1Cl	1.0	1	0.569	0.988
5	CC1(c2ccc(S(=O)(=O)c3ccccc3)cc2)OCCO1	1.0	1	0.748	0.972
5	Cc1nn2c(O)c(Cc3cccc(Cl)c3)c(C3CC3)nc2n1	1.0	1	0.899	0.93
5	CC1Cc2nc(SCC(=O)Nc3ccc(C)cc3)c(C)nc2NS1(=O)=O	1.0	1	0.568	0.759
5	O=C(c1ccncc1)c1cc(Cl)ccc1NS(=O)(=O)c1ccc(-c2cnco2)cc1	1.0	1	0.609	0.964
5	CC(C)COc1nc(Cl)cnc1NS(=O)(=O)c1cccc(Cl)c1Cl	1.0	1	0.612	0.945
5	O=S(=O)(Nc1cc(Cl)ccc1Cn1ccnn1)c1ccc(Cl)c(Cl)c1	1.0	1	0.945	0.963
5	Cc1nc(Cl)cnc1NS(=O)(=O)c1ccc(Cl)c(Cl)c1	1.0	1	0.762	0.963
5	COc1c(C)nc(NS(=O)(=O)c2ccc(C(C)(C)C)cc2)cc1Cn1cccn1	1.0	1	0.537	0.948
5	O=C(NCCN1CCNCC1)c1cc(Oc2ncc(Cl)cc2NS(=O)(=O)c2ccc(Cl)c(Cl)c2)ccc1	1.0	0	0.005	0.946
5	Cc1ncccc1Oc1ncc(C#N)cc1C(=O)N1CCN(Cc2ccccc2)CC1	1.0	1	0.409	0.964
5	CS(=O)(=O)NCC(C)(C)C(N)C(=O)O	1.0	1	0.546	0.785
5	Cc1ncc(C(=O)c2cc(Cl)ccc2NS(=O)(=O)c2ccc(OC(F)(F)F)cc2)cc1	1.0	1	0.785	0.969
5	O=C(Nc1cc(Cl)ccc1C(=O)N1CCCC1)c1ccccc1	1.0	1	0.678	0.991
5	COCc1c(-c2cc(Cl)ccc2NS(=O)(=O)c2ccc(C(C)(C)C)cc2)nccc1	1.0	1	0.661	0.967
5	O=S(=O)(Nc1cc(Cl)cc(Cl)c1)c1ccccc1	1.0	1	0.606	0.99
5	COc1ccccc1C(=O)c1cc(Nc2nc(N3CCC(N(C)C)CC3)nc3c2CN(S(C)(=O)=O)CC3)ccc1	1.0	0	0.005	0.917
5	CC(=O)c1cnc2n1CCC(=O)C2(C)Br	1.0	1	0.672	0.525
5	CCCc1nc2nc(N)nn2c(O)c1Cc1cccc(Cl)c1	1.0	1	0.991	0.934
5	Cc1c(C(=O)c2cc(Cl)ccc2NS(=O)(=O)c2ccc(CC(C)(C)C)cc2)cccn1	1.0	1	0.548	0.967
5	O=S(=O)(Nc1ncns1)c1ccc(Cl)c(Cl)c1	1.0	1	0.777	0.961
5	O=C(O)c1ccc(Oc2ccc(Cl)cc2NS(=O)(=O)c2ccc(Cl)c(Cl)c2)cc1	1.0	1	0.842	0.982
5	CCc1nc(Br)cnc1NS(=O)(=O)c1cccc(Cl)c1Cl	1.0	1	0.843	0.944
5	O=C(O)CCN1CCC(COC(c2ccccc2)c2ccccc2)CC1	1.0	1	0.456	0.979
5	CC(=O)C1=C(O)C(=O)N(c2ccc(Br)cc2F)C1C1CCCCC1	1.0	1	0.994	0.892
5	CC(=O)C1=C(O)C(=O)N(c2ccc(Cl)cc2C)C1C1CCCCCCC1	1.0	1	0.986	0.905
5	COCc1c(-c2ccc(Cl)cc2)nc(C)nc1NS(=O)(=O)c1cccc(Cl)c1Cl	1.0	1	0.709	0.954
5	Cc1ccccc1C(=O)Nc1ccc(Oc2ccc(NC(=O)c3ccncc3)cc2)cc1	1.0	1	0.36	0.986
5	CC(C)(C)c1ccc(S(=O)(=O)Nc2ccc(Cl)cc2-c2c(O)c(C(=O)O)ccc2)cc1	1.0	1	0.779	0.97
5	Cc1ccc(S(=O)(=O)NC(=O)N2CCC(N3CCC(Oc4ccc(Cl)c(Cl)c4)CC3)CC2)cc1	1.0	0	0.234	0.956
5	O=S(=O)(Nc1cc(Cl)ccc1Cn1ccnn1)c1ccc(Cl)s1	1.0	1	0.834	0.947
5	CC(C)(c1ncco1)c1ccccc1S(=O)(=O)Nc1ccc(Cl)cc1O	1.0	1	0.911	0.927
5	O=S(=O)(Nc1cc(Cl)ccc1Cn1ccnn1)c1ccc(Cl)cc1	1.0	1	0.919	0.97
5	Cc1cccnc1C(=O)c1cc(Cl)ccc1NS(=O)(=O)c1ccc(C(C)(C)C)cc1	1.0	1	0.739	0.971
5	CC(=O)C1=C(O)C(=O)N(c2ccc(C)cc2)C1c1ccc(Cl)cc1	1.0	1	0.992	0.958
5	CC(=O)C1=C(O)C(=O)N(c2ccc(Cl)cc2)C1C1CCCCC1	1.0	1	0.997	0.927
5	COc1cc(N2CCN(S(C)(=O)=O)CC2)ccc1Nc1ncc(Br)c(Nc2ccccc2S(=O)(=O)c2ccccc2)n1)	0.0	0	0.0	0.0
5	CC(C)(C)c1ccc(S(=O)(=O)Nc2ccc(Cl)c3c2C(=O)N(Cc2ccncc2)C3=O)cc1	1.0	1	0.506	0.954
5	COc1c(C)c(N2C(=O)c3c(C2=O)c(NS(=O)(=O)c2ccc(C(C)(C)C)cc2)ccc3Cl)cnc1	1.0	1	0.582	0.92
5	CCCCCc1ccc(C(=O)NCCc2ccc(NS(=O)(=O)c3ccccc3)cc2)cc1	1.0	0	0.287	0.986
5	CC(C)(C)c1ccc(S(=O)(=O)Nc2ccc(Cl)cc2-c2c(O)c(C(=O)O)ccc2)cc1	1.0	1	0.779	0.97
5	CC(=O)C1=C(O)C(=O)N(c2cc(C)c(C)cc2)C1C1CCCCC1	1.0	1	0.992	0.916
5	O=S(=O)(Nc1cc(Cl)ccc1Cn1ccnn1)c1ccc(Cl)cc1c1	0.0	0	0.0	0.0
5	CC(C)(C)c1ccc(S(=O)(=O)Nc2ccc(Cl)cc2C(=O)c2ccc(S(C)(=O)=O)cc2)cc1	1.0	1	0.476	0.975
5	CC(C)(C)c1ccc(S(=O)(=O)Nc2ccc(Cl)cc2C(=O)c2ccccn2)cc1	1.0	1	0.567	0.976
5	CS(=O)(=O)Nc1cc(CSc2ccc(F)cc2F)ccc1	1.0	1	0.722	0.98
5	CCCCc1nc2nc(N)nn2c(O)c1Cc1cccc(Cl)c1	1.0	1	0.988	0.935
5	CC(C)(C)c1ccc(S(=O)(=O)Nc2ccc(Br)cc2C(=O)c2ccncc2)cc1	1.0	1	0.674	0.975
5	O=C(NS(=O)(=O)c1ccc(F)cc1)c1ccccc1Cc1ccccc1	1.0	1	0.645	0.987
5	O=C(O)c1ccccc1Oc1ncc(Cl)cc1NS(=O)(=O)c1ccc(Cl)c(Cl)c1	1.0	1	0.537	0.971
5	CC(C)(C)c1ccc(S(=O)(=O)Nc2ccc(Br)cc2C(=O)c2cccc3ccccc23)cc1	1.0	1	0.656	0.975
5	CC(C)(C)c1ccc(S(=O)(=O)Nc2ccc(Cl)cc2-c2ncccn2)cc1	1.0	1	0.696	0.975
5	COc1cc2c(cc1NS(=O)(=O)c1c(Cl)c(Cl)ccc1)n(C)c(=O)n2C	1.0	1	0.846	0.963
5	c1cc(CBr)c2ccc(Nc3ccccc3)cc2c1	1.0	1	0.713	0.988
5	O=C(Nc1ncc(Cl)cc1Cl)c1ccccc1Cl	1.0	1	0.804	0.988
5	CC(=O)C1=C(O)C(=O)N(c2cc(Cl)c(C)cc2)C1C1CCCCC1	1.0	1	0.99	0.909
5	CCN1CCCc2c(ccc(Cl)c2)C1=O	1.0	1	0.647	0.982
5	O=C(CCN1CCCC1=O)c1ccccc1Nc1c(Cl)cccc1Cl	1.0	1	0.617	0.973
5	CCOC(=O)N1CCC(NS(=O)(=O)c2ccccc2)CC1	1.0	1	0.661	0.986
5	O=S(=O)(NCCCN1CCC(O)(c2ccc(Cl)cc2)CC1)c1c(Cl)c(Cl)ccc1	1.0	1	0.477	0.962
5	CC(C)(C)c1ccc(S(=O)(=O)Nc2cc(F)ccc2C(=O)c2ccnc(F)c2)cc1	1.0	1	0.778	0.967
5	CC(=O)C1=C(O)C(=O)N(c2cc(Cl)c(Cl)cc2)C1C1CCCCC1	1.0	1	0.995	0.91
5	CCc1nccn1CC(=O)c1ccc(Cl)cc1	1.0	1	0.896	0.983
6	CCCCc1nc2nc(N)nn2c(O)c1Cc1cccc(Cl)c1	1.0	1	0.988	0.935
6	CC(=O)c1ccc(S(=O)(=O)Nc2ccc(Cl)cc2C(=O)c2ccncc2)cc1	1.0	1	0.461	0.98
6	CC(C)(C)c1ccc(S(=O)(=O)Nc2ccc(Cl)cc2C(=O)c2ccc(Cl)nn2)cc1	1.0	1	0.749	0.963
6	O=C(c1cnccc1)c1cc(Cl)ccc1NS(=O)(=O)c1ccc(F)cc1	1.0	1	0.68	0.982
6	N#Cc1cn(C2NCC(O)C2)c2ccccc12	1.0	1	0.751	0.691
6	CC(C)c1nc2nc(N)nn2c(O)c1Cc1cc(Br)c(Cl)c(C(F)(Br)Cl)c1	1.0	1	0.965	0.547
6	CC1(c2ccc(S(=O)(=O)c3ccc(Cl)cc3)cc2)OCCO1	1.0	1	0.818	0.969
6	COc1nc(CO)c(C)nc1NS(=O)(=O)c1cccc(Cl)c1Cl	1.0	1	0.762	0.942
6	O=C(NCCCNC(=O)C1CCC1)c1ccccc1	1.0	1	0.621	0.992
6	Cc1ccc(C(=O)c2cc(Cl)ccc2NS(=O)(=O)c2ccc(C3CCCCC3)cc2)cc1	1.0	1	0.508	0.979
6	Cn1ccc2ccc3nc(NS(=O)(=O)c4ccc(Cl)cc4)ncc3c21	1.0	1	0.782	0.961
6	O=C(NCCN=Cc1ccccc1)c1ccc(Br)cc1	1.0	1	0.7	0.984
6	COc1ccc(C(=O)Nc2ccc(F)c(C(=O)c3ccncc3)c2)cc1	1.0	1	0.655	0.987
6	O=C(NCCN1CCCCC1)c1ccccc1	1.0	1	0.587	0.993
6	CC(=O)C1=C(O)C(=O)N(c2ccc(C)cc2)C1C1CCCCC1	1.0	1	0.994	0.929
6	Cc1c(N2C(=O)c3c(C2=O)c(NS(=O)(=O)c2ccc(C(C)(C)C)cc2)ccc3Cl)cccn1	1.0	1	0.517	0.943
6	CCCCCCc1nc2nc(N)nc(N)c2cc1Cc1ccc(Cl)cc1	1.0	1	0.738	0.954
6	O=S(=O)(Nc1cc(Cl)ccc1Cn1cncc1)c1ccccc1	1.0	1	0.887	0.978
6	CC(=O)C1=C(O)C(=O)N(c2ccc(C(F)(F)F)cc2)C1C1CCCCC1	1.0	1	0.989	0.907
6	COc1ccc(S(=O)(=O)Nc2ccc(Cl)cc2C(=O)c2ccncc2)cc1	1.0	1	0.662	0.983
6	Cc1c(S(=O)(=O)Nc2ccc(F)cc2F)cccc1F	1.0	1	0.932	0.984
6	O=S(=O)(Nc1cc(Cl)ccc1Cn1cncn1)c1cccc(Cl)c1	1.0	1	0.923	0.972
6	COc1c(Oc2ccc(Cl)cc2NS(=O)(=O)c2ccc(Cl)c(C(F)(F)F)c2)cccn1	1.0	1	0.601	0.961
6	O=C(O)c1c(Oc2c(Cl)cccc2NS(=O)(=O)c2ccc(Cl)cc2)cccc1	1.0	1	0.578	0.98
6	COC(=O)CCc1ccc(S(=O)(=O)Nc2ccc(Cl)cc2C(=O)c2ccnc(C)c2)cc1	1.0	1	0.511	0.97
6	COc1cc2c(cc1NS(=O)(=O)c1c(Cl)c(Cl)ccc1)n(C)c(O)n2	1.0	1	0.889	0.948
6	O=S(=O)(Nc1cc(Cl)ccc1Cn1ccnn1)c1ccc(Cl)c(Cl)c1	1.0	1	0.945	0.963
6	CCc1nc(OCc2c(F)cc(F)cc2F)ncc1N=S(C)(=O)O	1.0	1	0.624	0.675
6	N#Cc1ccc(Oc2ncc(Cl)cc2NS(=O)(=O)c2ccc(Cl)c(Cl)c2)cn1	1.0	1	0.654	0.95
6	COc1nccn1Cc1ccc(Cn2c(Cl)c(Cl)c3ccc(Cl)cc32)cc1	1.0	1	0.485	0.94
6	CCOC(=O)N1CCC(NS(=O)(=O)c2ccc(C(F)(F)F)cc2)CC1	1.0	1	0.744	0.978
6	O=S1(=O)NC(Nc2c(Br)cccc2F)=Nc2c1cc(Cl)cc2O	1.0	1	0.674	0.816
6	CC(=O)C1=C(O)C(=O)N(c2ccc(C)cc2)C1C1CCCCC1	1.0	1	0.994	0.929
6	C=CCN(C(=O)CCc1ccc(C#N)cc1)C1CCC(C(C)(C)C)CC1	1.0	1	0.5	0.954
6	CC(=O)c1c(N2CCN(C)CC2)nc(C)c2ccccc12	1.0	1	0.736	0.974
6	O=S(=O)(Nc1cc(Cl)ccc1Cn1ccnn1)c1cccc(Cl)c1	1.0	1	0.893	0.966
6	Cc1ncc(C(=O)c2cc(Cl)ccc2NS(=O)(=O)c2ccc(C(C)(C)C)cc2)cc1	1.0	1	0.617	0.974
6	O=C(O)c1c(Oc2ccccc2NS(=O)(=O)c2ccc(Cl)cc2)cccc1	1.0	1	0.782	0.986
6	COc1nc(Br)cnc1NS(=O)(=O)c1ccccc1	1.0	1	0.834	0.971
6	Cc1cccc(NS(=O)(=O)c2ccc(Cl)cc2)c1Oc1c(C(=O)O)cccc1	1.0	1	0.607	0.98
6	COc1cc(NS(=O)(=O)NC(=O)OCC)ccc1-c1ccccc1OCC(	0.0	0	0.0	0.0
6	O=S(=O)(Nc1cc(Cl)ccc1Cn1ccnn1)c1ccc(Cl)c(Cl)c1	1.0	1	0.945	0.963
6	N#Cc1ccc(Nc2nc(Cl)nc(NC(Cc3ccccc3)C3CC3)n2)cc1	1.0	1	0.458	0.91
6	COc1c(N(CCc2ccccc2)C(=O)NCCCN(C)C)cccc1C(	0.0	0	0.0	0.0
6	O=C(c1ccncc1)c1cc(Cl)ccc1NS(=O)(=O)c1ccc(C(F)(F)F)cc1	1.0	1	0.663	0.976
6	Cc1cc(C(=O)c2cc(Cl)ccc2NS(=O)(=O)c2ccnc(C(C)(C)C)c2)ccn1	1.0	1	0.665	0.952
6	CCOc1ccc(N2C(=O)C(O)=C(C(C)=O)C2C(C)C)c(C)c1	1.0	1	0.955	0.894
6	CCC(=O)N1CCC(NS(=O)(=O)c2ccc(NC(=O)c3ccccc3)c3c2cccc3)CC1	1.0	1	0.439	0.975
6	O=C(NC1=C(O)C(=O)NCOCc2ccccc21)c1ccccc1	1.0	1	0.581	0.874
6	CC(=O)NCc1cc(Cn2nc(NS(=O)(=O)c3ccc(Cl)s3)c3c(C(C)O)cccc32)ccc1	1.0	1	0.397	0.844
6	COc1c(C)c(N2C(=O)c3c(C2=O)c(NS(=O)(=O)c2ccc(C(C)(C)C)cc2)ccc3Cl)cnc1	1.0	1	0.582	0.92
6	CC(c1ccc(Cl)cc1)C(O)(C(=O)NO)C(=O)O	1.0	1	0.775	0.785
6	C=CCOc1c(Cl)cc(Cl)c1Cl	0.0	0	0.0	0.0
6	CCOc1ccccc1N1C(=O)c2c(C2=C(O)c3c(ccc(O)c3C2=O)C1)CCc1[O-]	0.0	0	0.0	0.0
6	Cc1c(S(=O)(=O)NCCCN2CCC(O)(c3ccc(Cl)cc3)CC2)cccc1	1.0	1	0.602	0.971
6	O=C(c1ccncc1)c1cc(Cl)ccc1NS(=O)(=O)c1ccc(-c2ccoc2)cc1	1.0	1	0.632	0.968
6	CCCc1nc2nc(N)nn2c(O)c1Cc1cccc(Cl)c1	1.0	1	0.991	0.934
6	O=C(O)c1c(Oc2ccc(F)cc2NS(=O)(=O)c2ccc(Cl)cc2)cccc1	1.0	1	0.751	0.983
6	Cc1ccccc1C(=O)Nc1ccc(S(=O)(=O)NC(C)(C)C)cc1	1.0	1	0.467	0.988
6	O=C(NS(=O)(=O)c1ccc(Cn2ccccc2=O)cc1)c1ccc(S(F)(F)(F)F)cc1	1.0	0	0.005	0.847
6	COc1ccc(NS(=O)(=O)c2ccc(N(C)C(=O)c3cnccc3NS(C)(=O)=O)cc2)cc1	1.0	1	0.365	0.964
6	Oc1c(Cc2cccc(Cl)c2)c2ccccc2c2ccccc12	1.0	1	0.793	0.985
6	CC(=O)C1=C(O)C(=O)N(c2cc(OC)c(F)cc2)C1C1CCCCC1	1.0	1	0.986	0.903
6	O=C(c1ccncn1)c1ccc(Cl)cc1NS(=O)(=O)c1cccc(C(F)(F)F)c1	1.0	1	0.518	0.961
6	O=S(=O)(Nc1cc(Cl)ccn1)c1cccc(Cl)c1	1.0	1	0.766	0.982
6	Cn1ncc2cc(Cl)c(Cl)cc21	1.0	1	0.492	0.969
6	CCOC(=O)N1CCC(NS(=O)(=O)c2ccc(OC)cc2)CC1	1.0	1	0.753	0.985
6	Cc1cc(OCC(=O)Nc2ccc(S(=O)(=O)NC3CCN(C(=O)C(C)C)CC3)c3c2cccc3)ccn1	1.0	0	0.005	0.95
6	CCOc1ccc(C=NNc2c([N+](=O)[O-])cc(S(=O)(=O)Nc3c(C(=O)O)cccc3)cc2)cc1	1.0	1	0.358	0.967
6	CCCn1ccnc1CN(C(=O)CC)c1ccccc1C#N	1.0	1	0.651	0.947
6	CCCCCc1ccc(C(=O)NCC(N)C(=O)O)cc1	1.0	1	0.613	0.971
6	Cc1cc(C(=O)c2cc(Cl)ccc2NS(=O)(=O)c2ccc(C(C)(C)C)cc2)ccn1	1.0	1	0.633	0.972
6	CNc1nc(Br)cnc1NS(=O)(=O)c1ccc(Cl)s1	1.0	1	0.767	0.911
6	COc1nccnc1NS(=O)(=O)c1cccc(Cl)c1Cl	1.0	1	0.686	0.968
6	O=C(O)c1ccccc1Oc1ccc(C(F)(F)F)cc1NSc1cccc2c1CCN2C	1.0	1	0.427	0.917
6	CC(=O)c1ccc(NC(=O)c2nc(Cl)ccc2)cc1	1.0	1	0.663	0.988
6	CC(C)c1ccccc1NS(=O)(=O)c1cc(C(F)(F)F)c(NS(=O)(=O)c2ccc(C(C)(C)C)cc2)cc1	1.0	0	0.005	0.959
6	Cc1c(Cl)cccc1NS(=O)(=O)c1ccc(C#N)cc1	1.0	1	0.696	0.986
6	COc1nn(C(C)C)c2c1c(NS(=O)(=O)c1cccc(Cl)c1Cl)ncn2	1.0	1	0.72	0.927
6	O=S1(=O)NC(Nc2c(Cl)cccc2)=Nc2c1c(F)ccc2O	1.0	1	0.788	0.88
6	N#Cc1cc(N2CCN(Cc3ccccc3)CC2)ccc1	1.0	1	0.526	0.99
6	COc1nc(Cl)cnc1NS(=O)(=O)c1cccc(Cl)c1Cl	1.0	1	0.831	0.955
6	Cc1ncccc1C(=O)c1cc(Cl)ccc1NS(=O)(=O)c1ccc(CN(C)C)cc1	1.0	1	0.546	0.972
6	CC(C)Cn1c(=O)n(C)c(=O)c2cc(Cl)ccc21	1.0	1	0.797	0.98
6	Cn1nnnc1Cc1ccc(Cl)cc1C(F)(F)F	1.0	1	0.851	0.956
6	Cc1ncccc1Oc1ncc(Cl)cc1NS(=O)(=O)c1ccc(Cl)c(Cl)c1	1.0	1	0.657	0.964
6	CCCC(=O)N1CCC(NS(=O)(=O)c2ccc(NC(=O)c3ccc(C)cc3)c3c2cccc3)CC1	1.0	1	0.415	0.971
6	CCc1ccccc1NS(=O)(=O)c1ccc(N2CCCC2)cc1	1.0	1	0.705	0.988
6	Cc1cc(C(=O)c2cc(Cl)ccc2NS(=O)(=O)c2ccc(C(C)(C)C)cc2)ccn1	1.0	1	0.633	0.972
6	CC1CCc2c(n(C)c(C(=O)NN)c2)C1	1.0	1	0.72	0.823
6	COc1ccc(C(=O)c2cc(Cl)ccc2NS(=O)(=O)c2ccc(C(C)(C)C)cc2)cc1	1.0	1	0.755	0.981
6	Nc1nn2c(O)c(Cc3cccc(Cl)c3)c(C3CCCC3)nc2n1	1.0	1	0.907	0.924
6	Cc1ncncc1C(=O)c1cc(Cl)ccc1NS(=O)(=O)c1ccc(-c2nccs2)cc1	1.0	1	0.663	0.95
6	CC(=O)NCc1ccc(Cl)cc1NS(=O)(=O)c1ccc(Br)cc1	1.0	1	0.813	0.982
6	CC(=O)c1ccc(S(=O)(=O)Nc2cc(Cl)c(Cl)cc2C(C)(C)C)cc1	1.0	1	0.829	0.975
6	CCOC(=O)N1CCC(NS(=O)(=O)c2ccc(OC(=O)c3ccccc3)c3c2cccc3)CC1	1.0	1	0.417	0.971
6	CC(C)(C)c1ccc(S(=O)(=O)Nc2ccc(Cl)cc2C(=O)c2ccc(Cl)nc2)cc1	1.0	1	0.883	0.972
6	NS(=O)(=O)c1ccc(S(=O)(=O)C2(c3ccc(Cl)cc3)CC2)cc1	1.0	1	0.838	0.969
6	COc1ccc(N2C(=O)C(O)=C(Cc3ccccc3)C2=O)cc1	1.0	1	0.824	0.976
6	CC(=O)c1ccc(S(=O)(=O)Nc2ccc(Cl)cc2C(=O)c2cnc(C)cc2)cc1	1.0	1	0.811	0.977
7	COc1ccc(C2CC(=O)Nc3ccc(-c4ccc(C)nc4)cc32)cc1	1.0	1	0.784	0.937
7	O=C(NC1CCN(Cc2ccc3c(c2)OCO3)CC1)c1ccccc1	1.0	1	0.443	0.986
7	CS(=O)(=O)N1CCC(C(=O)N(CCCN2CCC(NS(=O)(=O)c3ccc(F)cc3)CC2)c2ccc(Cl)cc2)CC1	1.0	0	0.005	0.942
7	O=C(c1ccncc1)c1cc(Cl)ccc1NS(=O)(=O)c1ccc(-c2cocc2)cc1	1.0	1	0.632	0.968
7	Cc1nn(Cc2ccc(C(F)(F)F)cc2NS(=O)(=O)c2ccc(Cl)cc2)c(C)c1	1.0	1	0.824	0.969
7	CCCc1nc2nc(N)nn2c(O)c1Cc1cccc(Cl)c1	1.0	1	0.991	0.934
7	COc1nn(C2COC2)c2c1c(NS(=O)(=O)c1cccc(Cl)c1Cl)ncn2	1.0	1	0.771	0.901
7	CCOC(=O)N1CCC(NS(=O)(=O)c2ccc(OCc3ccccc3)c3c2cccc3)CC1	1.0	1	0.491	0.974
7	CC(C)(C)c1ccc(S(=O)(=O)Nc2ccc(Cl)cc2-c2ccccc2)cc1	1.0	1	0.823	0.985
7	CCCOc1c(OS(=O)(=O)c2ccc(C)cc2)cccc1C#N	1.0	1	0.774	0.973
7	CC(=O)c1ccc(S(=O)(=O)Nc2ccc(Cl)cc2C(=O)c2ccc(C)cc2)cc1	1.0	1	0.636	0.984
7	COc1cc(Oc2ccc(C(=O)NCCN3CCCC3)cc2)ccc1O	1.0	1	0.443	0.986
7	O=C(O)c1ccccc1Oc1ccc(Cl)cc1NS(=O)(=O)c1cccc(Cl)c1	1.0	1	0.721	0.982
7	Cc1cc(Oc2ncc(Cl)cc2NS(=O)(=O)c2ccc(Cl)cc2)ccc1	1.0	1	0.74	0.979
7	CC(=O)C1=C(O)C(=O)N(c2ccc(C)cc2)C1c1ccccc1	1.0	1	0.995	0.963
7	COc1ccc(NS(=O)(=O)c2ccc(N(C)C(C)=O)cc2)cc1	1.0	1	0.645	0.987
7	COc1nc(Br)cnc1NS(=O)(=O)c1cccs1	1.0	1	0.819	0.942
7	O=S(=O)(NCCCN1CCC(O)(c2ccc(Cl)cc2)CC1)c1ccc(Cl)cc1	1.0	1	0.593	0.973
7	CC(=O)C1=C(O)C(=O)N(c2ccc(C)cc2)C1c1ccc(C(F)(F)F)cc1	1.0	1	0.904	0.942
7	Cc1ncc(N2C(=O)c3c(C2=O)c(NS(=O)(=O)c2ccc(C(C)(C)C)cc2)ccc3Cl)cc1	1.0	1	0.54	0.946
7	NS(=O)(=O)c1ccccc1[SeH]c1ccccc1	1.0	0	0.005	0.833
7	CCOC(=O)N1CCC(NS(=O)(=O)c2ccc3cc(NC(=O)c4ccccc4)ccc3c2)CC1	1.0	0	0.272	0.975
7	N#Cc1cccc(-c2cc(Cl)ccc2NS(=O)(=O)c2ccc(C(=O)O)cc2)c1	1.0	1	0.466	0.979
7	COc1nc(Cl)cnc1NS(=O)(=O)c1cccc(Cl)c1C#=	0.0	0	0.0	0.0
7	Cc1ccc(N2C(=O)C(O)=C(C(=O)C(C)(C)C)C2C2CCCCC2)cc1	1.0	1	0.976	0.901
7	O=S(=O)(Nc1cc(Cl)c(Cl)cc1Cn1ccnn1)c1ccc(Cl)cc1	1.0	1	0.905	0.96
7	CS(=O)(=O)Nc1cc(CSc2ccc(Cl)cc2N2CCCC2)ccc1	1.0	1	0.532	0.973
7	CCOC(=O)N1CCC(NS(=O)(=O)c2ccc3cc(NC(=O)c4c(CN)cccc4)ccc3c2)CC1	1.0	0	0.005	0.961
7	CC(=O)C1=C(O)C(=O)N(c2ccc(Cl)cc2)C1C1CCCCC1	1.0	1	0.997	0.927
7	COc1nc(Cl)cnc1NS(=O)(=O)c1c(C)cccc1	1.0	1	0.822	0.968
7	CC(C)NS(=O)(=O)c1ccc(S(=O)(=O)NNC(=O)c2ccccc2)cc1	1.0	1	0.483	0.983
7	CC(=O)N1CCC(NS(=O)(=O)c2ccc(NC(=O)c3cc(Br)ccc3)c3c2cccc3)CC1	1.0	1	0.494	0.97
7	COc1ccc(Cn2nc(NS(=O)(=O)c3ccc(Cl)s3)c3c2cccc3OC)cc1OC	1.0	1	0.639	0.955
7	Cc1nn(Cc2ccc(C(=O)c3cc(Cl)ccc3)cc2)cc1	1.0	1	0.75	0.984
7	O=C(O)c1c(Oc2ccccc2NS(=O)(=O)c2ccc(Cl)cc2)cccc1	1.0	1	0.782	0.986
7	O=S(=O)(NCCCN1CCC(O)(c2ccc(Cl)cc2)CC1)c1cc(Cl)ccc1	1.0	1	0.646	0.97
7	CC(C)c1nc2nc(N)nn2c(O)c1Cc1ccc(Br)cc1	1.0	1	0.962	0.929
7	Cc1ccncc1C(=O)c1cc(Cl)ccc1NS(=O)(=O)c1ccc(C(F)(F)F)cc1	1.0	1	0.674	0.97
7	O=C(NS(=O)(=O)c1ccc(F)cc1)c1ccc(Cl)cc1	1.0	1	0.733	0.991
7	O=C(O)c1cc(Oc2ncc(Cl)cc2NS(=O)(=O)c2ccc(Cl)c(Cl)c2)ccc1	1.0	1	0.618	0.971
7	O=S1(=O)NC(Nc2ccc(Br)cc2)=Nc2c1cc(Cl)cc2O	1.0	1	0.783	0.876
7	O=C(NS(=O)(=O)c1ccccc1)c1cc2ccccc2[nH]1	1.0	1	0.632	0.984
7	O=C(C1=C(O)C(=O)NCCc2ccccc21)c1cccc(C(F)(F)F)c1	1.0	1	0.793	0.949
7	O=C(O)c1ccc(Oc2c(Cl)cccc2NS(=O)(=O)c2ccc(Cl)cc2)cc1	1.0	1	0.646	0.982
7	COc1nc(Cl)cnc1NS(=O)(=O)c1cccc(Cl)c1C	1.0	1	0.831	0.958
7	COc1cc(Nc2nccc(Nc3ccccc3C(C)=O)n2)ccc1	1.0	1	0.621	0.98
7	CC(C)CN1CC(C(=O)Nc2ccc(S(=O)(=O)Nc3ccccc3)cc2)=N1	1.0	1	0.613	0.967
7	CC(=O)c1ccc(S(=O)(=O)Nc2ccc(Cl)cc2C(=O)c2ccncc2)cc1	1.0	1	0.461	0.98
7	O=C(c1ccccc1)c1cc(Cl)ccc1NS(=O)(=O)c1ccc(N(C)C)cc1	1.0	1	0.425	0.984
7	O=C(O)c1c(Oc2ccc(Cl)cc2NS(=O)(=O)c2ccc(Cl)cc2)cccc1	1.0	1	0.743	0.984
7	CCOc1ccc(NS(=O)(=O)c2ccc(N(C)C)cc2)c(OC)c1	1.0	1	0.711	0.986
7	O=C(NCCO)c1ccccc1Oc1ccc(F)cc1NS(=O)(=O)c1ccc(Cl)c(Cl)c1	1.0	1	0.519	0.973
7	COc1c2c(NS(=O)(=O)c3cccc(Cl)c3Cl)nn(C)c2ccc1	1.0	1	0.616	0.963
7	O=C(c1ccncc1)c1cc(Cl)ccc1NS(=O)(=O)c1ccc(-c2cocc2)cc1	1.0	1	0.632	0.968
7	O=C(O)c1cccn1Cc1ccc(Cl)cc1NS(=O)(=O)c1cccc(Cl)c1	1.0	1	0.718	0.968
7	Nc1nn2c(O)c(Cc3ccccc3F)c(C3CC3)nc2n1	1.0	1	0.996	0.92
7	O=S(=O)(Nc1cc(Cl)ccc1Cn1ccnn1)c1ccc2ccccc2c1	1.0	1	0.902	0.968
7	CCOC(=O)N1CCC(NS(=O)(=O)c2ccc(OC(=O)c3ccccc3)c3c2cccc3)CC1	1.0	1	0.417	0.971
7	Cc1cc(NS(=O)(=O)c2cc(C(F)(F)F)c(Cl)s2)ccc1	1.0	1	0.685	0.955
7	O=C(c1ccncc1)c1cc(Cl)ccc1NS(=O)(=O)c1ccccc1	1.0	1	0.852	0.984
7	CS(=O)(=O)Nc1cc(CSc2ccc(F)cc2)ccc1	1.0	1	0.76	0.986
7	CC(C)(Cc1ccc(Cl)cc1)NS(=O)(=O)c1ccccc1C	1.0	1	0.748	0.981
7	COc1ccccc1Cn1nc(NS(=O)(=O)c2cccc(Cl)c2)c2ccccc21	1.0	1	0.623	0.976
7	Cc1ccc(N2C(=O)C(O)C(=Cc3ccccc3)C2=O)cc1c1ccc(-c2cccc(C(F)(F)F)c2)cc1	1.0	0	0.005	0.868
7	CC(=O)C1=C(O)C(=O)N(c2ccc(C(F)(F)F)cc2)C1C1CCCCC1	1.0	1	0.989	0.907
7	Cc1cccc(Cl)c1S(=O)(=O)NCc1c(Cl)cccc1Cl	1.0	1	0.603	0.978
7	CC(C)CNc1nc(NC2CC2)c2ncc(CN)cc2n1	1.0	1	0.602	0.941
7	CSc1ccc(C(=O)c2cc(Cl)ccc2NS(=O)(=O)c2ccc(C(C)(C)C)cc2)cc1	1.0	1	0.793	0.975
7	CC(=O)C1=C(O)C(=O)N(c2ccc(C)cc2)C1c1cc(Cl)ccc1	1.0	1	0.991	0.953
7	O=S(=O)(NCCCN1CCC(O)(c2ccc(Cl)cc2)CC1)c1cc2c(cccc2)cc1	1.0	1	0.628	0.969
7	N#Cc1cccc(C(=O)c2cc(Cl)ccc2O)c1	1.0	1	0.767	0.985
7	CCCC(=O)N1CCC(NS(=O)(=O)c2ccc(NC(=O)CC(C)(C)C)c3c2cccc3)C1	1.0	1	0.441	0.908
7	CCOc1cnc(NS(=O)(=O)c2cccc(Cl)c2Cl)c2c1OC(C)(C)OC2	1.0	1	0.737	0.906
7	CCc1c(OC)nc(NS(=O)(=O)c2ccc(Cl)cc2)cc1	1.0	1	0.891	0.979
7	Cc1ccc(N2C(=O)C(O)=C(C(=O)Cc3ccccc3)C2C2CCCCC2)cc1	1.0	1	0.706	0.924
7	COc1nc(Cl)cnc1NS(=O)(=O)c1cc(Cl)c(Cl)cc1C	1.0	1	0.839	0.951
7	O=C(NS(=O)(=O)c1ccc(Cl)cc1)c1ccccc1C(O)c1cccc(Cl)c1	1.0	1	0.814	0.949
7	COc1nc(C)cnc1NS(=O)(=O)c1cccc(Cl)c1Cl	1.0	1	0.775	0.964
7	O=C(NCCO)c1ccccc1Oc1ncc(Cl)cc1NS(=O)(=O)c1cccc(Cl)c1	1.0	1	0.734	0.967
7	COc1cc(CN2C(=O)c3c(C2=O)c(NS(=O)(=O)c2ccc(C(C)(C)C)cc2)ccc3Cl)cnc1	1.0	1	0.39	0.942
7	Cc1ccc(NS(=O)(=O)c2ccc(Cl)cc2)cc1C(1	0.0	0	0.0	0.0
7	Cc1cccc(C(=O)c2cc(Cl)ccc2NS(=O)(=O)c2ccc(C(C)(C)C)cc2)c1	1.0	1	0.538	0.98
7	COc1nc2nc(N)nn2c(O)c1Cc1cccc(Cl)c1	1.0	1	0.874	0.934
7	CCC(=O)C1=C(O)C(=O)N(c2ccc(C)cc2)C1C1CCCCC1	1.0	1	0.993	0.913
7	O=C(O)c1c(Oc2ccccc2NS(=O)(=O)c2ccc(Cl)cc2)cccc1	1.0	1	0.782	0.986
7	O=C(CCCc1ccccc1)c1cc(F)c(F)c(F)c1	1.0	1	0.611	0.987
7	COc1ccccc1Cc1c(O)n2nc(N)nc2nc1C1CC1	1.0	1	0.995	0.927
7	COc1c(-c2cc(Cl)ccc2NS(=O)(=O)c2ccc(C(C)(C)C)cc2)cncc1	1.0	1	0.772	0.972
7	C(=Nc1ccc(C(N)=O)c(Cl)c1)c1ccccc1	1.0	1	0.791	0.981
7	COc1nn(CC(N)=O)c2c1c(N)nc2NC(=O)c1ccccc1	0.0	0	0.0	0.0
7	C=CCOc1c(Br)cc(Cl)cc1S(=O)(=O)NC(=O)NC(Cc1ccccc1)C(=O)N1CCC(F)CC1	1.0	0	0.005	0.818
7	O=S(=O)(Nc1cc(Cl)c(Cl)cc1O)c1ccccn1	1.0	1	0.77	0.971
7	CC(C)(c1ccc(S(=O)(=O)Nc2ccc(Cl)cc2C#N)cc1)	1.0	1	0.923	0.982
7	CC(C)Oc1ccc(NS(=O)(=O)c2ccc(Cl)cc2)cc1	1.0	1	0.788	0.991
7	COc1nn(C(C)C)c2c1c(NS(=O)(=O)c1ccc(Cl)s1)nn2Cc1cccc(CO)c1	1.0	1	0.591	0.877
7	O=C(c1ccncc1)c1cc(Cl)ccc1NS(=O)(=O)c1ccc(-c2cocc2)cc1	1.0	1	0.632	0.968
7	CC(=O)C1=C(O)C(=O)N(c2ccc(C)cc2)C1c1ccc(Br)cc1	1.0	1	0.992	0.953
7	CNS(=O)(=O)c1ccc(N2CCCCC2)c2ccccc12	1.0	1	0.849	0.983
7	CC(C)(C)COc1ncnc2c1c(Br)c(Br)c(-c1ccc(Cl)cc1)n2C	0.0	0	0.0	0.0
7	Cc1cc(COc2c(C(=O)NS(=O)(=O)c3ccc(C(C)(C)C)cc3)cccc2)ccc1	1.0	1	0.582	0.981
8	O=C(C1=C(O)C(=O)N(c2ccc(Br)cc2F)C1)C1CC1	1.0	1	0.997	0.929
8	CC(C)c1nc2nc(N)nn2c(O)c1C	1.0	1	0.748	0.868
8	O=S(=O)(NCCCN1CCC(O)(c2ccc(Cl)cc2)CC1)c1ccc(Cl)cc1	1.0	1	0.593	0.973
8	CC(=O)C1=C(O)C(=O)N(c2ccc(C)cc2)C1C1CCCCCC1	1.0	1	0.974	0.929
8	O=S(=O)(NCCCN1CCC(O)(c2ccc(Cl)cc2)CC1)c1cccc2c1cccc2	1.0	1	0.532	0.968
8	CC(=O)C1=C(O)C(=O)N(c2ccc(C)cc2)C1C1CCCCCC1	1.0	1	0.974	0.929
8	CCOc1cnc(C(=O)Nc2cc(Cl)ccc2C(=O)c2ccncc2)cc1	1.0	1	0.516	0.976
8	Cc1ccc(C(=O)c2cc(Cl)ccc2NS(=O)(=O)c2ccc(CCC(=O)N(C)C)cc2)cc1	1.0	1	0.757	0.976
8	CC(C)(C)c1ccc(S(=O)(=O)Nc2ccc(Cl)c3c2C(=O)N(c2ccncc2)C3=O)cc1	1.0	1	0.553	0.952
8	CC(=O)C1=C(O)C(=O)N(c2ccc(C)cc2)C1C1CCCCCC1	1.0	1	0.974	0.929
8	CC(=O)NCc1ccc(S(=O)(=O)Nc2ccc(Cl)cc2C(=O)c2cnc(C)cc2)cc1	1.0	1	0.742	0.974
8	CS(=O)(=O)c1ccc(S(=O)(=O)Nc2ccc(Cl)cc2C(=O)c2nccn2C)cc1	1.0	1	0.747	0.964
8	O=S1(=O)NC(Nc2ccccc2C(F)(F)F)=Nc2c1cc(Cl)cc2O	1.0	1	0.612	0.858
8	COc1ncc(F)cc1C1CC(CO)C(O)C(O)C1O	1.0	1	0.927	0.513
8	N#Cc1cccn1CCC(O)(c1ccc(F)cc1)c1ccc(Cl)cc1	1.0	1	0.785	0.892
8	Nc1nn2c(O)c(Cc3ccc(Cl)c(Cl)c3)c(C3CCCC3)nc2n1	1.0	1	0.991	0.917
8	COc1c(Cl)cccc1NS(=O)(=O)c1cccc(Cl)c1	1.0	1	0.682	0.985
8	Cc1ccc(Nc2nc(NC3CC3)ncc2C(=O)O)cc1	1.0	1	0.89	0.979
8	Cc1ccc(N2C(=O)C(O)=C(C(C)=O)C2C2CCCCC2)cc1	1.0	1	0.994	0.929
8	CCCCC(=O)N1N=C(CC)c2ccccc2C1c1ccccc1F	1.0	1	0.716	0.886
8	Cc1ncc(C(=O)c2cc(Cl)ccc2NS(=O)(=O)c2ccc(CC(C)(C)C)cc2)cc1	1.0	1	0.813	0.968
8	COc1ccc(NS(=O)(=O)c2ccc(N(C)C(=O)c3ccnc(C)c3)cc2)cc1	1.0	1	0.444	0.978
8	CC1CCN(C(=O)C(CCn2ccnn2)NS(=O)(=O)c2cc(Cl)c(N)c(Cl)c2)CC1	1.0	1	0.656	0.826
8	O=S1(=O)NC(Nc2ccccc2)=Nc2c1c(F)c(Cl)cc2O	1.0	1	0.631	0.856
8	O=C(O)c1ccc(Cl)cc1O=P(=O)(O)O	0.0	0	0.0	0.0
8	CC(=O)C1=C(O)C(=O)N(c2ccc(C)cc2)C1c1ccccc1F	1.0	1	0.993	0.953
8	CCCCNS(=O)(=O)c1cccc(CNC(=O)c2cccc3c2cnn3-c2ccc(F)cc2)c1	1.0	1	0.414	0.968
8	Cc1nn2c(O)c(Cc3ccccc3)c(Cc3ccccc3)nc2n1	1.0	1	0.929	0.963
8	COc1nc(Br)cnc1NS(=O)(=O)c1c(Cl)cccc14	0.0	0	0.0	0.0
8	O=C(c1cnc(Cl)c(OC(F)F)c1)N1CCCCC1	1.0	1	0.732	0.97
8	CC(C)OP(=O)(CCOc1ccc(Cl)cc1Cl)c1ccc(S(=O)(=O)c2ccccc2)cc1	1.0	0	0.312	0.859
8	O=C(NS(=O)(=O)N1CCC(N2CCC(F)(F)CC2)CC1)c1ccccc1	1.0	1	0.618	0.953
8	O=S(=O)(NCCCN1CCC(O)(c2ccc(Cl)cc2)CC1)c1ccc(Br)cc1	1.0	1	0.59	0.971
8	COc1ccc(NC(=O)N2CCCC2Cc2ccc(Cl)cc2)cc1	1.0	1	0.58	0.97
8	CCOc1ccc(C=NNc2c(Cl)cncc2Cl)cc1	1.0	1	0.738	0.972
8	CC(=O)C1=C(O)C(=O)N(c2cc(Cl)c(C)cc2)C1C1CCCCC1	1.0	1	0.99	0.909
8	CC(C)(C)c1ccc(S(=O)(=O)Nc2ccc(Cl)c3c2C(=O)N(c2ccc(C#N)cc2)C3=O)cc1	1.0	1	0.509	0.951
8	COc1cc2c(cc1NS(=O)(=O)c1c(Cl)c(Cl)ccc1)nc(O)n2C1CO	0.0	0	0.0	0.0
8	N#Cc1ccc(OCC(=O)O)c(C2CC(=O)OC(c3ccc(C(C)C)cc3)CC2)c1	1.0	1	0.42	0.823
8	CN(Cc1cc2ccccc2nc1)C(C)CO	1.0	1	0.693	0.942
8	COc1nn(C2COC2)c2c1c(NS(=O)(=O)c1cccc(Cl)c1Cl)ccn2	1.0	1	0.662	0.912
8	CNC(=O)Nc1ccc(S(=O)(=O)Nc2ccc(C(=O)O)cc2)cc1	1.0	1	0.602	0.988
8	CSc1ccc(S(=O)(=O)Nc2ccc(Cl)cc2C(=O)c2ccncc2)cc1	1.0	1	0.808	0.976
8	N#CC1(c2ccc(Cl)cc2)CC1	1.0	1	0.799	0.975
8	CC(=O)C1=C(O)C(=O)N(c2cc(C)ccc2)C1C1CCCCC1	1.0	1	0.986	0.922
8	CCCC(=O)N1CCC(NS(=O)(=O)c2ccc(NC(=O)C3CCOCC3)c3c2cccc3)CC1	1.0	0	0.329	0.958
8	CC(C)Oc1c(Cl)cccc1C(=O)Nc1ccc(Cl)cc1C(=O)c1ccccc1	1.0	1	0.775	0.981
8	COc1cc(C(=O)NCCN2CCCC2)ccc1Oc1ccc(Cl)cc1NS(=O)(=O)c1ccc(Cl)cc1	1.0	0	0.005	0.97
8	O=S(=O)(Nc1ncns1)c1ccc(Cl)c(F)c1	1.0	1	0.741	0.954
8	COC(=O)CCc1ccc(S(=O)(=O)Nc2ccc(Cl)cc2C(=O)c2ccnc(C)c2)cc1	1.0	1	0.511	0.97
8	CC(C)Sc1ccc(S(=O)(=O)Nc2ccc(Cl)cc2C(=O)c2ccncc2)cc1	1.0	1	0.51	0.97
8	Cn1ncc2c1ncnc2NS(=O)(=O)c1cccc(Cl)c1Cl	1.0	1	0.778	0.962
8	CC(=O)C1=C(O)C(=O)N(c2ccc(Br)cc2)C1C1CCCCCC1	1.0	1	0.992	0.919
8	CS(=O)(=O)Nc1ccc(CC(=O)Nc2ccc(Cl)cc2C(=O)c2ccccc2)cc1	1.0	1	0.495	0.983
8	Nc1cc(S(=O)(=O)Nc2ccc(Cl)cc2C(=O)c2ccccc2)ccc1	1.0	1	0.665	0.984
8	COc1nn(CC(N)=O)c2ccccc12	1.0	1	0.622	0.974
8	CC(C)(C)c1ccc(S(=O)(=O)Nc2ccc(Cl)c3c2C(=O)N(c2ccc(C(=O)N(C)C)cc2)O3)cc1	1.0	0	0.005	0.913
8	CS(=O)(=O)c1ccc(C(=O)c2cc(Cl)ccc2O)cc1	1.0	1	0.727	0.988
8	CC1CCN(C(=O)C(CCn2cncc2)NS(=O)(=O)c2cccc3c2NCC3)CC1	1.0	1	0.595	0.83
8	C=CCN(C(=O)CCc1ccc(C#N)cc1)C1CCN(CCC)CC1	1.0	1	0.56	0.964
8	O=C(Nc1ccc(S(=O)(=O)NC2CCNCC2)c2c1cccc2)c1ccccc1	1.0	1	0.621	0.977
8	CC(=O)C1=C(O)C(=O)N(c2ccc(C)cc2)C1c1cccc(C(CF)C)c1	1.0	1	0.98	0.853
8	Nn1c(S)nnc1Cc1ccccc1	1.0	1	0.858	0.966
8	O=S(=O)(Nc1cc(Cl)ccc1Cn1cc(Cl)cc1)c1ccccc1	1.0	1	0.739	0.971
8	Nc1nn2c(O)c(Cc3ccncc3)c(C#N)cc2n1	1.0	1	0.991	0.892
8	CC(C)(CO)c1ccc(S(=O)(=O)Nc2ccc(Cl)cc2C(=O)c2ccncc2)cc1	1.0	1	0.677	0.966
8	Cc1ncc(C(=O)c2cc(Cl)ccc2NS(=O)(=O)c2ccc(C3(C)CCOCC3)cc2)cc1	1.0	1	0.764	0.944
8	O=C(c1ccncc1)c1csc(-c2cccc(O)c2)c1O	1.0	1	0.78	0.961
8	Cc1ccc(S(=O)(=O)NC(=O)C2(C)CC2c2ccc(Cl)cc2)cc1	1.0	1	0.71	0.883
8	CCOC(=O)N1CCC(NS(=O)(=O)c2ccc(OC)cc2)CC1	1.0	1	0.753	0.985
8	COc1nc(Br)cnc1NS(=O)(=O)c1c(C)cccc1C	1.0	1	0.915	0.953
8	O=S(=O)(Nc1cc(Cl)c(Cl)cc1Cn1ccnn1)c1ccc(Cl)c(Cl)c1	1.0	1	0.935	0.951
8	COc1nc(Cl)cnc1NS(=O)(=O)c1ccccc1Cl	1.0	1	0.871	0.967
8	CC(C)c1ncc(CN2CCCCC2C(=O)O)cc1	1.0	1	0.62	0.94
8	CC(C)(C)c1ccc(S(=O)(=O)Nc2ccc(Cl)cc2-c2c(O)cncc2)cc1	1.0	1	0.684	0.967
8	CC(C)c1nc2nc(N)nn2c(O)c1Cc1ccc(Br)cc1	1.0	1	0.962	0.929
8	CCCC(=O)C1=C(O)C(=O)N(c2ccc(C)cc2)C1C1CCCCC1	1.0	1	0.989	0.91
8	Cc1cc(Cc2c(O)n(-c3c(Cl)cccc3)nc2Nc2ccccc2)c2c[nH]c(C3OC3CCC3C)cc12	0.0	0	0.0	0.0
8	CN(C)C(=O)C(CCn1cccc1C#N)NS(=O)(=O)c1cc(Cl)c(Cl)cc1N	1.0	1	0.797	0.795
8	Nc1nn2c(O)c(Cc3cccc(F)c3)c(C3CC3)nc2n1	1.0	1	0.909	0.921
8	O=S(=O)(Nc1cc(Cl)c(Cl)cc1Cn1ccnn1)c1ccc(Cl)s1	1.0	1	0.809	0.931
8	CN1CCCN(C(=O)CCC(=O)c2ccc(Cl)cc2)CC1	1.0	1	0.599	0.987
8	CC(C)(CO)c1ccc(S(=O)(=O)Nc2ccc(Cl)cc2C(=O)c2ccncc2)cc1	1.0	1	0.677	0.966
8	Nc1nn2c(O)c(Cl)c(O)nc2c1Br	1.0	1	0.437	0.715
8	COc1nc(Br)cnc1NS(=O)(=O)c1cc(Cl)c(Cl)s1ccccc1=	0.0	0	0.0	0.0
8	O=C(O)c1ccccc1Oc1ccc(Cl)cc1NS(=O)(=O)c1ccc(Cl)c(Cl)c1	1.0	1	0.715	0.98
8	COc1ccc(-c2cc(C(=O)Nc3ccc(S(=O)(=O)NCCN(C)C)cc3)ccc2)cc1	1.0	0	0.212	0.983
8	O=S(=O)(Nc1ncc(Cl)nc1Oc1ccc(Br)cc1)c1ccccc1	1.0	1	0.911	0.971
8	CC(C)(C)c1ccc(S(=O)(=O)Nc2ccc(Cl)c3c2C(=O)N(c2cc[nH]n2)C3=O)cc1	1.0	1	0.512	0.897
8	Cc1cc(C(=O)c2cc(Cl)ccc2NS(=O)(=O)c2ccc(-c3cnco3)cc2)ccc1	1.0	1	0.57	0.968
8	CC(C)(CSc1ncc(C(=O)O)cn1)NS(=O)(=O)c1ccccc1	1.0	1	0.623	0.954
8	Cc1cccc(Cl)c1S(=O)(=O)NCCCN1CCC(O)(c2ccc(Cl)cc2)CC1	1.0	1	0.638	0.96
8	Cc1cc(C=O)c(Oc2ccc(C(=O)c3ccccc3)cc2)cc1	1.0	1	0.697	0.987
8	Cc1ncccc1C(=O)c1ccc(Cl)cc1NS(=O)(=O)c1ccc(C(C)(C)C)cc1	1.0	1	0.691	0.972
8	CC(C)c1nc2nc(N)nn2c(C)c1[se]c1cc(Cl)sc1	0.0	0	0.0	0.0
8	CCCCc1nn(CC(=O)c2cc(Cl)ccc2)c(=O)o1	1.0	1	0.617	0.967
8	O=C(Cn1c(O)c2c(c1O)C1CC1C2)NS(=O)(=O)c1cccc(Cl)c1Cl	1.0	1	0.622	0.633
8	CC(C)(C)c1cc(C(=O)NN=Cc2cnccc2)ccc1C()	0.0	0	0.0	0.0
8	CCN(CC)CCCOC(=O)N1CCC(NS(=O)(=O)c2ccc(NC(=O)c3ccccc3)c3c2cccc3)CC1	1.0	0	0.005	0.954
8	CC(C)CNc1nc(N2CCNCC2)ncc1Br	1.0	1	0.642	0.951
9	COc1nc(Br)cnc1NS(=O)(=O)c1ccccc1Cl	1.0	1	0.876	0.963
9	CC(=O)C1=C(O)C(=O)N(c2ccc(Br)cc2F)C1C1CCCCC1	1.0	1	0.994	0.892
9	CC(C)(CO)c1ccc(S(=O)(=O)Nc2ccc(Cl)cc2C(=O)c2ccncc2)cc1	1.0	1	0.677	0.966
9	CS(=O)(=O)c1ccc(CN(CCCNCCCN(C)C)C(=O)c2cccc3c2cccc3)cc1	1.0	0	0.335	0.968
9	Cc1ccc(C(=O)c2cc(Cl)ccc2NS(=O)(=O)c2ccc(CCC(=O)N(C)C)cc2)cc1	1.0	1	0.757	0.976
9	COc1nc(CO)c(Cl)nc1NS(=O)(=O)c1cccc(Cl)c1Cl	1.0	1	0.751	0.935
9	O=S1(=O)NC(Nc2ccc(Cl)cc2)=Nc2c1cc(Cl)cc2O	1.0	1	0.79	0.889
9	O=S(=O)(Nc1cc(Cl)ccc1Cn1ccnn1)c1	0.0	0	0.0	0.0
9	Cc1ccc(Cl)c(CN2C(=O)c3c(C2=O)c(N)nc2c3ccccc3n2CC(C)OCCN(C)C)c1	0.0	0	0.0	0.0
9	COC(=O)C1=C(NC2CCCCC2)C2=C1C(=O)CCCCc1ccccc12	1.0	1	0.756	0.863
9	Cc1ccc(N2C(=O)C(O)=C(C(C)O)C2C2CCCCC2)cc1	1.0	1	0.966	0.817
9	CNS(=O)(=O)c1ccc(C(=O)Nc2ccc(Cl)cc2)cc1	1.0	1	0.713	0.992
9	COc1nc(Br)cnc1NS(=O)(=O)c1cccc(Cl)c1	1.0	1	0.798	0.963
9	O=C(NS(=O)(=O)c1cccc(C(F)(F)F)c1)N1CCCC1	1.0	1	0.717	0.979
9	Cc1ccc(C(=O)c2cc(Cl)ccc2NS(=O)(=O)c2ccc(CCC(=O)N(C)C)cc2)cc1	1.0	1	0.757	0.976
9	Cc1ccc(N2C(=O)C(O)=C(C(C)=O)C2C2CCCCC2)cc1	1.0	1	0.994	0.929
9	COc1nc(Br)cnc1NS(=O)(=O)c1ccccc1	1.0	1	0.834	0.971
9	COc1cccc2c1c(NS(=O)(=O)c1ccc(Cl)s1)nn2Cc1ccccc1CO	1.0	1	0.592	0.947
9	CC(=O)C1=C(O)C(=O)N(c2ccc(F)cc2)C1C1CCCCCC1	1.0	1	0.975	0.926
9	CC(=O)C1=C(O)C(=O)N(c2ccc(F)cc2F)C1c1ccc(C)cc1	1.0	1	0.987	0.94
9	Cc1cccc(C(=O)c2cc(Cl)ccc2NS(=O)(=O)c2ccc(CCC(=O)N(C)C)cc2)c1	1.0	1	0.492	0.974
9	O=C(C1=C(O)C(=O)N(c2cc(Cl)ccc2)C1)C1=CCCCC1	1.0	1	0.81	0.921
9	O=C(O)c1cc2cc(NS(=O)(=O)c3ccc(NC(=O)NCc4ccc()c(C(F)(F)F)c4)cc3)c(Cl)cc2[te]1	0.0	0	0.0	0.0
9	COc1cccc2c1c(NS(=O)(=O)c1cccc(Cl)c1Cl)nc(NC(N)=O)n2C	0.0	0	0.0	0.0
9	Cc1ccc(N2C(=O)C(O)=C(C(C)(C)C)C2=O)cc1	1.0	1	0.96	0.956
9	Nc1nn2c(O)c(Cc3cccc(Cl)c3)c(C3CC3)nc2n1	1.0	1	0.908	0.922
9	O=C(NCCN1CCNCC1)c1cc(Oc2ncc(Cl)cc2NS(=O)(=O)c2ccc(Cl)cc2)ccc1	1.0	0	0.005	0.955
9	CC(C)(C)c1ccc(S(=O)(=O)Nc2ccc(Cl)cc2C(=O)c2ccncc2)cc1	1.0	1	0.678	0.977
9	Cc1c(C(=O)c2cc(Cl)ccc2NS(=O)(=O)c2ccc(S(=O)(=O)N(C)C)cc2)cccn1	1.0	1	0.452	0.968
9	O=C(O)c1c(Oc2ccccc2NS(=O)(=O)c2ccccc2)cccc1	1.0	1	0.806	0.988
9	Nc1nn2c(O)c(Cc3ccc(Cl)cc3)c(C3CC3)nc2n1	1.0	1	0.964	0.93
9	Cn1ncc2c1nc(N1CCNCC1)n2Cc1ccccc1F	1.0	1	0.918	0.948
9	CCC(=O)C1=C(O)C(=O)N(c1ccccc1)C1CCCCCC1	0.0	0	0.0	0.0
9	O=S(=O)(Nc1cc(Cl)c(Cl)cc1Cn1ccnn1)c1cccc(C(F)(F)F)c1	1.0	1	0.943	0.945
9	COc1ccc(Cn2nc(NS(=O)(=O)c3ccc(Cl)s3)c3c2cccc3OC)cc1	1.0	1	0.707	0.961
9	Cc1cc(Oc2c(C(=O)O)ccc2C(=O)c2ccncc2)ccc1	0.0	0	0.0	0.0
9	CS(=O)(=O)Nc1ccc(CN2C(=O)c3c(c(O)ccc32)C(O)c2ccccc2)cc1	1.0	1	0.542	0.91
9	Oc1c(Cc2cccc(Cl)c2)c(N2CCCCC2)nc2ccccc12	1.0	1	0.727	0.975
9	CCC(=O)C1=C(O)C(=O)N(c2ccc(C)cc2)C1C1CCCCCCC1O	1.0	1	0.979	0.745
9	Cn1nncc1C(=O)c1cc(Cl)ccc1NS(=O)(=O)c1ccc(C(C)(C)C)cc1	1.0	1	0.694	0.953
9	COc1ccc(CN2C(=O)c3c(C2=O)c(NS(=O)(=O)c2ccc(C(C)(C)C)cc2)ccc3Cl)cc1	1.0	1	0.387	0.961
9	CC(C)c1ccc(Oc2ccc(C(=O)c3cc(Cl)ccc3O)cc2)cc1	1.0	1	0.526	0.986
9	COc1c(Cl)cccc1NS(=O)(=O)c1cccc(C(=O)Nc2ccccc2)c1	1.0	1	0.64	0.985
9	COc1cc(CN(C)C)ccc1NS(=O)(=O)c1ccc(C)c(Cl)c1	1.0	1	0.597	0.982
9	COc1nc(Br)cnc1NS(=O)(=O)c1cccc(Cl)c1	1.0	1	0.798	0.963
9	CC(=O)C1=C(O)C(=O)N(c2cc(F)ccc2)C1C1CCCCC1	1.0	1	0.984	0.917
9	COc1c(Cl)c(Cl)c2c(c1)C(=CN1CCOCC1)c1ccccc12	1.0	1	0.812	0.929
9	O=C(NS(=O)(=O)c1ccc(Cl)c(F)c1)N1CCCC1	1.0	1	0.679	0.979
9	CCCn1ccc2cc(C(=O)NCCCN3CCCC3)ccc21	1.0	1	0.415	0.981
9	CCNS(=O)(=O)c1cccc(CNC(=O)c2cccc3c2cnn3-c2ccc(F)cc2)c1	1.0	1	0.475	0.97
9	COc1nc(Cl)cnc1NS(=O)(=O)c1cccc(Cl)c1	1.0	1	0.739	0.967
9	Cc1[n+]([O-])cc(C(=O)c2cc(Cl)ccc2NS(=O)(=O)c2ccc(C3(C)CCOCC3)cc2)c1	0.0	0	0.0	0.0
9	CC1CCN(C(=O)C(CCn2cccc2)NS(=O)(=O)c2cc(Cl)c(N)c(Cl)c2)CC1	1.0	1	0.667	0.848
9	Cc1ncccc1C(=O)c1cc(Cl)ccc1NS(=O)(=O)c1ccc(C(F)(F)F)cc1	1.0	1	0.672	0.971
9	CC(=O)C1=C(O)C(=O)N(c2cc(Cl)ccc2)C1C1CCCCCC1	1.0	1	0.948	0.92
9	COC(=O)CCc1ccc(S(=O)(=O)Nc2ccc(Cl)cc2C(=O)c2ccncc2)cc1	1.0	1	0.537	0.975
9	Cc1c(Cl)c(OS(=O)(=O)c2ccc(Cl)cc2F)c(O)cc1F	1.0	1	0.735	0.942
9	COc1ccc(S(=O)(=O)NCCc2csc(C)n2)cc1Cl	1.0	1	0.605	0.977
9	CS(=O)(=O)Nc1cc(Oc2ccc(C(=O)NS(=O)(=O)c3cccs3)cc2)ccc1	1.0	1	0.477	0.974
9	O=C(NS(=O)(=O)c1cccc(C(F)(F)F)c1)N1CCCCC1	1.0	1	0.646	0.979
9	O=C(NS(=O)(=O)c1cccc(C(=O)NO)c1)c1cc(Cl)c(Cl)c1	0.0	0	0.0	0.0
9	Cc1cc(COc2ccc(Cl)cc2NS(=O)(=O)c2ccc(CCC(=O)N(C)C)cc2)cc1	0.0	0	0.0	0.0
9	COc1ccc(C(=O)c2cc(Cl)ccc2NS(=O)(=O)c2ccc(CCC(=O)N(C)C)cc2)cc1	1.0	1	0.544	0.976
9	CCCOc1ccc(S(=O)(=O)Nc2ccc(Cl)cc2C(=O)c2ccncc2)cc1	1.0	1	0.537	0.979
9	Cc1ccc(C(=O)c2cc(Cl)ccc2NS(=O)(=O)c2ccc(-c3cnco3)cc2)cc1	1.0	1	0.608	0.971
9	O=C(NS(=O)(=O)c1ccc(F)cc1)N1CCCC1	1.0	1	0.766	0.986
9	O=C(O)c1c(Oc2cccc(F)c2NS(=O)(=O)c2ccc(Cl)cc2)cccc1	1.0	1	0.672	0.979
9	CCCNS(=O)(=O)c1ccc(Cl)cc1C1=C2SCO2)c(n1	0.0	0	0.0	0.0
9	O=S(=O)(Nc1cc(Cl)c(Cl)cc1Cn1ccnn1)c1ccccc1	1.0	1	0.834	0.963
9	COc1ccc(C(=O)CN2CCCCC2)cc1	1.0	1	0.844	0.992
9	CNC(=O)Cn1c(-c2ccc(Cl)cc2)c(C)nc1COC	1.0	1	0.959	0.963
9	Cc1ncc(C(=O)c2cc(Cl)ccc2NS(=O)(=O)c2ccc(CC(=O)N(C)C)cc2)cc1	1.0	1	0.738	0.969
9	CC(=O)C1=C(O)C(=O)N(c2cccnc2)C1C1CCCCC1	1.0	1	0.986	0.899
9	CS(=O)(=O)Nc1cc(NS(=O)(=O)c2ccc(F)cc2)c(C#N)cc1	1.0	1	0.816	0.977
9	CNS(=O)(=O)c1ccc(CCN(C)C)cc1	1.0	1	0.637	0.988
9	CC(=O)C1=C(O)C(=O)N(c2cccc(C)c2)C1C1CCCCC1	1.0	1	0.986	0.922
9	COc1ccc(Cn2nc(NS(=O)(=O)c3ccc(Cl)s3)c3c2cccc3OC)cc1	1.0	1	0.707	0.961
9	Cc1c(N2C(=O)c3c(C2=O)c(NS(=O)(=O)c2ccc(C(C)(C)C)cc2)ccc3Cl)ccc2c1cc(CCCl)cc2	1.0	0	0.005	0.913
9	COC1CCN(C(=O)c2ccc(CNC(=O)c3ccccc3C)cc2)CC1	1.0	1	0.414	0.986
9	Cc1c(C(=O)Nc2ccc(S(=O)(=O)NC3CCN(C(=O)CN)CC3)c3ccccc23)cccc1	1.0	1	0.393	0.967
9	O=C(c1ccncc1)c1cc(Cl)ccc1NS(=O)(=O)c1ccc(-c2cocc2)cc1	1.0	1	0.632	0.968
9	COc1cccc2c1c(NS(=O)(=O)c1ccc(Cl)s1)nn2Cc1cccc(CO)c1	1.0	1	0.64	0.95
9	CNS(=O)(=O)c1ccc(C(=O)c2ccncc2)cc1	1.0	1	0.736	0.986
9	Cc1[n+]([O-])cc(C(=O)c2cc(Cl)ccc2NS(=O)(=O)c2ccc(OC)cc2)cc1	1.0	1	0.595	0.959
9	O=S(=O)(NC(c1ccccc1)c1ccccc1)N1CCCC1	1.0	1	0.821	0.984
9	O=C(O)c1ccccc1Oc1ncc(Cl)cc1NS(=O)(=O)c1ccc(Cl)cc1	1.0	1	0.629	0.976
9	CC(=O)C1=C(O)C(=O)N(c2ccc(C)cc2)C1c1ccc(C)cc1	1.0	1	0.993	0.959
9	O=C(O)c1ccccc1Oc1ccc(Cl)cc1NS(=O)(=O)c1ccc(Cl)cc1	1.0	1	0.743	0.984
9	COc1nc(CO)c(Cl)nc1NS(=O)(=O)c1cccc(Cl)c1Cl	1.0	1	0.751	0.935
9	Oc1c(Cc2ccccc2)c2ccccc2c2ccccc12	1.0	1	0.899	0.989
9	O=S1(=O)NC(Nc2ccccc2)=Nc2c1c(F)ccc2O	1.0	1	0.707	0.896
9	CS(=O)(=O)Nc1cc(CSc2cccc(F)c2F)nc2ccccc12	1.0	1	0.755	0.965
9	CC(=O)NCc1ccc(C(=O)Nc2ccc(F)cc2)cc1	1.0	1	0.551	0.993
9	Nc1nn2c(O)c(Cc3c(F)cccc3Cl)c(C3CC3)nc2n1	1.0	1	0.714	0.9
9	CCOC(=O)N1CCC(NS(=O)(=O)c2ccc(OC(=O)c3ncccc3)c3ccccc23)CC1	1.0	1	0.504	0.959
9	CC(=O)C1=C(O)C(=O)N(c2cc(C)ccc2C)C1c1ccc(Cl)cc1	1.0	1	0.975	0.942
9	O=S(=O)(Nc1ncns1)c1cc(Cl)ccc1	1.0	1	0.701	0.964
9	Cc1ccc(C(=O)c2cc(Cl)ccc2NS(=O)(=O)c2ccc(CCC(=O)N(C)C)cc2)cc1	1.0	1	0.757	0.976
9	O=C(O)c1c(Oc2ccccc2NS(=O)(=O)c2ccc(Cl)cc2)cccc1	1.0	1	0.782	0.986
9	CC(=O)C1=C(O)C(=O)N(c2ccc(C)cc2)C1C1CCCCC1	1.0	1	0.994	0.929
10	Cc1ccc(S(=O)(=O)NCCCN2CCC(O)(c3ccccc3)CC2)cc1	1.0	1	0.459	0.977
10	O=S(=O)(Nc1cc(Cl)ccc1Cn1nnnc1S)c1ccc2ccccc2c1	1.0	1	0.93	0.952
10	COc1nc2c(cc1NS(=O)(=O)c1ccc(Cl)s1)nc([nH]2)-c1ccccc1-c1nc2cc(F)ccc2[nH]1	1.0	0	0.005	0.889
10	Cc1c(S(=O)(=O)NCCCN2CCC(O)(c3ccc(Cl)cc3)CC2)cccc1	1.0	1	0.602	0.971
10	CC(C)(CO)c1ccc(S(=O)(=O)Nc2ccc(Cl)cc2C(=O)c2ccncc2)cc1	1.0	1	0.677	0.966
10	CC(=O)C1=C(O)C(=O)N(c2ccc(C)cc2)C1c1ccc(Cl)cc1	1.0	1	0.992	0.958
10	c1cc(-c2nccnc2)ccc1Cl	1.0	1	0.852	0.99
10	CC(=O)C1=C(O)C(=O)N(c2cc(Cl)ccc2)C1C1CCCCC1	1.0	1	0.983	0.92
10	O=C(O)c1cc(Oc2ncc(Cl)cc2NS(=O)(=O)c2cc(F)ccc2)ccc1	1.0	1	0.656	0.974
10	COc1ccc(S(=O)(=O)NCc2cccc(C(=O)O)c2)cc1F	1.0	1	0.677	0.987
10	COc1nn(C2COC2)c(NS(=O)(=O)c2ccc(Cl)cc2)c1Cl	1.0	1	0.792	0.924
10	O=C(O)c1ccc(Oc2ccc(Cl)cc2NS(=O)(=O)c2ccc(Br)cc2)cc1	1.0	1	0.649	0.984
10	N#Cc1ccc2[nH]c(-c3cccc(F)c3)c(CCNC(=O)Oc3ccccc3)c2c1	1.0	1	0.456	0.966
10	Cc1c(Cl)cccc1NS(=O)(=O)c1ccc(Cl)cc1	1.0	1	0.695	0.991
10	C=CC(=O)NCc1ccc(CCO)cc1F	1.0	1	0.682	0.974
10	O=C(NS(=O)(=O)c1ccccc1)c1cc2c(ccc1)OCC(Cc1ccccc1)N2	0.0	0	0.0	0.0
10	O=C(NS(=O)(=O)c1ccc(CN2CCCCC2)cc1)c1cc(F)c(Cl)cc1	1.0	1	0.469	0.982
10	Cc1ccc(S(=O)(=O)Nc2cc(Cl)ccc2Cn2ccnn2)cc1C	1.0	1	0.926	0.965
10	CC(=O)C1=C(O)C(=O)N(c2cc(C)ccc2)C1C1CCCCC1	1.0	1	0.986	0.922
10	O=C(O)c1ccc(Oc2ccc(Cl)cc2NS(=O)(=O)c2ccc(OC(F)(F)F)cc2)cc1	1.0	1	0.49	0.977
10	O=C(O)c1ccc(Oc2ccc(Cl)cc2NS(=O)(=O)c2ccc(F)cc2)cc1	1.0	1	0.657	0.985
10	Nc1nn2c(O)c(Cc3ccc(Cl)cc3)c(C3CC3)nc2n1	1.0	1	0.964	0.93
10	CS(=O)(=O)c1ccccc1C1(O)CCN(Cc2ccccc2)CC1	1.0	1	0.636	0.976
10	C=CCN(C(=O)NCc1ccc(C(=O)O)cc1)C1CCCNC1Cc1ccc(Cl)cc1	1.0	0	0.325	0.799
10	O=S1(=O)NCCN(Cc2ccccc2)CC1	1.0	1	0.81	0.964
10	CC(=O)c1ccc(S(=O)(=O)Nc2nccc3c2nc(N)n2ccncc23)cc1	0.0	0	0.0	0.0
10	COc1ccccc1Cn1nc(NS(=O)(=O)c2ccc(F)cc2)c2ccccc21	1.0	1	0.837	0.978
10	COc1cccc2c1c(NS(=O)(=O)c1ccc(Cl)s1)nn2Cc1cccc(CO)c1	1.0	1	0.64	0.95
10	C=CCN(C(=O)CSC)C1CC(C(=O)NO)CCN1C(=O)N1CCNCC1	1.0	1	0.752	0.517
10	Cc1nn2c(O)c(Cc3ccccc3)c(Cc3ccccc3)nc2n1	1.0	1	0.929	0.963
10	O=C(NS(=O)(=O)c1ccc(Cl)cc1)C1CCC1	1.0	1	0.868	0.988
10	COc1ccccc1C(=O)c1cc(C)ccc1C(=O)c1ccccc1	1.0	1	0.672	0.988
10	O=C(O)c1ccccc1Oc1ccc(Cl)cc1N1CCCCC1	1.0	1	0.72	0.985
10	COc1nc(F)c(F)c(Nc2nccc(N(C)C(=O)c3ccccc3)n2)c1	1.0	1	0.838	0.938
10	COc1c(NS(=O)(=O)c2ccc(C)cc2)nccc1C	1.0	1	0.793	0.981
10	O=C(O)c1ccccc1Oc1ccc(Cl)cc1N2C=CC(=O)C1C2CCC1C	1.0	1	0.565	0.665
10	CS(=O)(=O)Nc1ccc(CN2CCCC2)cc1Cl=N	0.0	0	0.0	0.0
10	Cc1[n+]([O-])cc(C(=O)c2cc(Cl)ccc2)cc1	1.0	1	0.736	0.962
10	CCC(=O)Nc1ccc(S(=O)(=O)NCCN2CCCCC2)cc1Cl	1.0	1	0.538	0.981
10	O=C1CCN(Cc2ccc(NCCOc3cccc(C(F)(F)F)c3)c3c2cccc3)C1	1.0	0	0.339	0.962
10	Nc1nn2c(O)c(Cc3ccc(F)cc3)c(C3CCCC3)nc2n1	1.0	1	0.996	0.931
10	C=CCOc1c(Cl)cc(Cl)c1OS(N)(=O)=O	0.0	0	0.0	0.0
10	CS(=O)(=O)CC(=O)N1CCC(N2CCC(N3CCC(Oc4ccc(Cl)c(Cl)c4)CC3)CC2)CC1	1.0	0	0.272	0.935
10	CC1(c2ccc(Cl)cc2)OCC(CO)(C(C)C)O1	1.0	1	0.905	0.6
10	CC(C)(C)c1ccc(S(=O)(=O)Nc2ccc(Cl)cc2C(=O)c2ccncc2)cc1	1.0	1	0.678	0.977
10	O=C(NS(=O)(=O)c1ccc(NC(=O)N2CCCCC2)cc1)c1ccccc1	1.0	1	0.552	0.986
10	O=S(=O)(Nc1cc(Cl)ccc1Cn1ccnn1)c1cc(Cl)c(Cl)s1	1.0	1	0.882	0.922
10	CCC(=O)Nc1ccc(C(=O)NS(=O)(=O)c2ccc(C)cc2)cc1	1.0	1	0.509	0.989
10	COC(=O)CCc1ccc(S(=O)(=O)Nc2ccccc2C(=O)c2ccncc2)cc1	1.0	1	0.57	0.979
10	CC(=O)C1=C(O)C(=O)N(c2ccc(Cl)cc2)C1C1CCCCC1	1.0	1	0.997	0.927
10	CC(C)(C)c1ccc(S(=O)(=O)Nc2ccc(Cl)c3c2C(=O)N(c2c(F)cc(F)cc2)C3)cc1	1.0	1	0.561	0.95
10	CCNS(=O)(=O)c1cccc(CNC(=O)Nc2ccccc2)c1	1.0	1	0.524	0.988
10	CC(C)c1nnc2n1CCN2C(=O)c1ccccc1-c1ccccc1	1.0	1	0.768	0.964
10	O=C(c1cnccc1)c1cc(Cl)ccc1NS(=O)(=O)c1ccc(O)cc1	1.0	1	0.674	0.98
10	O=S(=O)(NCc1ccccc1)c1ccc(Oc2ccccc2)cc1	1.0	1	0.433	0.992
10	O=C(NS(=O)(=O)c1ccc(N2CCCCC2)cc1)c1cccc(O[N+](=O)[O-])c1	1.0	1	0.507	0.966
10	COc1ccc(C(=O)c2cc(Cl)ccc2NS(=O)(=O)c2ccc(CCC(=O)N(C)C)cc2)cc1	1.0	1	0.544	0.976
10	Cc1ccc(C2C(C(=O)c3ccccc3)=C(O)C(=O)N2C)cc1	1.0	1	0.971	0.958
10	Cc1ncccc1Oc1ncc(C#N)cc1NS(=O)(=O)c1ccc(Cl)c(Cl)c1	1.0	1	0.646	0.953
10	O=C(O)c1ccc(O)cc1	1.0	1	0.368	0.995
10	COc1c2c(NS(=O)(=O)c3ccc(Cl)s3)nn(Cc3cccc(C(=O)CC4CC4)c3)c2ccc1	1.0	1	0.505	0.937
10	O=C(NCCO)c1ccccc1Oc1ccc(Cl)cc1NS(=O)(=O)c1c(Cl)c(Cl)ccc1	1.0	1	0.567	0.97
10	Cc1[n+]([O-])cc(C(=O)c2cc(Cl)ccc2NS(=O)(=O)c2ccc(C(C)(C)C)cc2)cc11N	0.0	0	0.0	0.0
10	CCC(CC)(NS(=O)(=O)c1cccc(N2C(=O)c3ccccc3C1)c1cc(C)ccc12)C	0.0	0	0.0	0.0
10	O=C(c1ccncc1)c1cc(Cl)ccc1NS(=O)N1CCOCC1	1.0	1	0.73	0.806
10	Cc1ccc(NS(=O)(=O)c2ccc(N)c3ccccc23)cc1	1.0	1	0.775	0.987
10	CS(=O)(=O)Nc1cnc(F)c(CCCN2CCCCC2)c1	1.0	1	0.472	0.963
10	C=CCN(C(=O)OCc1ccccc1)CC(C)(C)c1ccc(OC)cc1	1.0	1	0.477	0.97
10	COc1nc(CO)c(Cl)nc1NS(=O)(=O)c1ccc(Cl)cc1Cl	1.0	1	0.741	0.941
10	N#Cc1ccc(S(=O)(=O)Nc2ccc(F)c(F)c2)cc1	1.0	1	0.707	0.987
10	CCOC(=O)N1CCC(NS(=O)(=O)c2ccc(NC(=O)c3cccnc3)c3ccccc23)CC1	1.0	1	0.42	0.966
10	Oc1cc(CSc2nc(-c3ccccc3)cs2)nc2Ncc3ccccc3c12	0.0	0	0.0	0.0
10	COc1ccc(S(=O)(=O)Nc2ccc(Cl)cc2C(=O)c2ncccc2)cc1	1.0	1	0.708	0.982
10	CC(=O)C1=C(O)C(=O)N(c2ccc(F)cc2F)C1C1CCCCC1	1.0	1	0.987	0.902
10	O=C(C1=C(O)C(=O)N(c1cccc(Cl)c1)C1CC1)c1ccccc1	0.0	0	0.0	0.0
10	COc1nc(Br)cnc1NS(=O)(=O)c1ccccc1	1.0	1	0.834	0.971
10	O=S1(=O)NC(Nc2ccc(OC(F)(F)Cl)cc2)=Nc2c1cc(Cl)cc2O	1.0	1	0.523	0.829
10	COc1ccc(S(=O)(=O)Nc2ccc(Cl)cc2C(=O)c2ccccc2)cc1	1.0	1	0.433	0.988
10	Cc1[n+]([O-])cc(C(=O)Nc2ccc(Cl)cc2)c1O	0.0	0	0.0	0.0
10	COc1nc(COC)c2c(NS(=O)(=O)c3ccc(C)cc3)c(OC)c(C)cc2c1C	1.0	1	0.705	0.924
10	O=C(c1ccncc1)c1cc(Cl)ccc1NS(=O)(=O)c1ccc(OCC(O)C(O)CO)cc1	1.0	1	0.499	0.853
10	O=S(=O)(NCCCN1CCC(O)(c2ccc(Cl)cc2)CC1)c1cccc2c1cccc2	1.0	1	0.532	0.968
10	O=C(O)c1ccc(Oc2ccc(Cl)cc2NS(=O)(=O)c2ccc([N+](=O)[O-])cc2)cc1	1.0	1	0.618	0.981
10	C(=Cc1ccccc1)CN1CCCC1c1ccccc1	1.0	1	0.813	0.964
10	CCOc1cnc(NS(=O)(=O)c2cccc(Cl)c2Cl)cc1	1.0	1	0.777	0.978
10	CC(=O)c1c(C)oc2c1cc(NS(=O)(=O)C=Cc1ccccc1)c1ccccc12)	0.0	0	0.0	0.0
10	Cc1ccccc1C(=O)Nc1ccc(S(=O)(=O)NC2CCN(C(=O)CO)CC2)cc1	1.0	0	0.297	0.978
10	CN(C)C(=O)C(C)(c1ccccc1)c1ccccc1B(O)	1.0	0	0.005	0.719
10	CCOC(=O)N1CCC(NS(=O)(=O)c2ccc(OC(F)(F)F)cc2)CC1	1.0	1	0.663	0.975
10	CNS(=O)(=O)c1cccc(CNC(=O)c2cccc3c2cnn3-c2ccc(F)cc2)c1	1.0	0	0.331	0.972
10	CCCC(=O)N1CCC(NS(=O)(=O)c2ccc(NC(=O)c3ccccc3)c3c2cccc3)CC1	1.0	1	0.462	0.974
10	Cc1ccc(C(=O)c2cc(Cl)ccc2NS(=O)(=O)c2ccc(CCC(=O)N3CCCCC3)cc2)cc1	1.0	0	0.005	0.974
10	Cc1ccc(-c2nc3ncccn3c2)cc1C(=O)O	1.0	1	0.72	0.97
10	O=S1(=O)NC(NNc2ccc(Cl)cc2Cl)=Nc2c1cc(Cl)cc2O	1.0	1	0.676	0.825
10	O=C(C1=C(O)C(=O)N(c2ccc(Br)cc2)C1c1cccs1)c1cccc2c1CC1C2(C)CCCN21	0.0	0	0.0	0.0
10	Cc1ncccc1Nc1cc(Cl)ccc1NS(=O)(=O)c1ccc(Cl)cc1	1.0	1	0.543	0.978
10	O=[N+]([O-])c1cc(NS(=O)(=O)c2ccc(Cl)cc2)ccc1	1.0	1	0.679	0.99
10	Cc1ccc(C(=O)c2cc(Cl)ccc2NS(=O)(=O)c2ccc(C)cc2)cc1	1.0	1	0.876	0.987
10	CC(=O)C1=C(O)C(=O)N(c2ccc(C)cc2)C1c1ccc(Cl)cc1	1.0	1	0.992	0.958
10	O=C(O)c1ccccc1Oc1ccc(Cl)cc1NS(=O)(=O)c1ccc(OC(F)(F)F)cc1	1.0	1	0.525	0.974
11	COc1nn(C)c2c1c(NS(=O)(=O)c1cccc(Cl)c1)nc(Nc1c(Cl)c(N)ncc1)O2	0.0	0	0.0	0.0
11	CC(C)(C)c1ccc(S(=O)(=O)Nc2ccc(Br)c3ccccc23)cc1	1.0	1	0.777	0.983
11	COc1c(F)cccc1NS(=O)(=O)c1cccnc1Cl	1.0	1	0.651	0.974
11	COc1cc(Oc2cc(F)c(F)cc2N=Nc2c(O)cc(Cl)cc2)ccc1	1.0	1	0.729	0.947
11	Cc1cc(O)c2c(c1)C(=O)c1c(cc(O)c(=O)c(C(=O)O)c1)C2=O	1.0	1	0.751	0.948
11	CCCCCCN1C(=O)C(O)(C(C(=O)OCC)C(=O)OCC)C(=O)C1C	1.0	1	0.588	0.682
11	COC(C)(C)c1ccc(S(=O)(=O)Nc2ccc(Cl)cc2C(=O)c2ccncc2)cc1	1.0	1	0.658	0.964
11	CC(C)c1nc2nc(N)nn2c(O)c1Cc1cc(Br)c(Cl)c(Cl)c1	1.0	1	0.988	0.864
11	O=S(=O)(Nc1ccc(Cl)cc1C(=O)Nc1ccc(Cl)cc1)c1ccc(S(C)(=O)=O)cc1	1.0	1	0.503	0.982
11	O=C(c1ccncc1)c1cc(Cl)ccc1NS(=O)(=O)c1ccc(Br)[nH]1	1.0	1	0.749	0.938
11	COc1nc2c(C)c(Cl)c(Cl)cc2c2c1oc1ccccc12	1.0	1	0.751	0.936
11	Cc1noc(C)c1S(=O)(=O)NCc1ccc(Cl)cc1	1.0	1	0.815	0.982
11	O=C(O)c1ccccc1CO	1.0	1	0.487	0.992
11	Nc1nc2c(ccc3ccccc32)o1	1.0	1	0.644	0.975
11	COc1ccc(S(=O)(=O)Nc2ccc(Br)cc2C(=O)c2ccncc2)cc1	1.0	1	0.658	0.981
11	CS(=O)(=O)c1ccc(S(=O)(=O)Nc2ccc(F)cc2C(=O)c2cnc(C)cc2)cc1	1.0	1	0.509	0.973
11	COc1cc(CN2C(=O)c3c(C2=O)c(NS(=O)(=O)c2ccc(C(C)(C)C)cc2)ccc3Cl)cnc1	1.0	1	0.39	0.942
11	COc1c(Cl)cc(Cl)cc1NS(=O)(=O)c1ccc(C)cc1	1.0	1	0.743	0.986
11	O=[N+]([O-])C(Cl)C1(c2ccc(Cl)cc2)CC(O)C1	1.0	1	0.923	0.775
11	O=S(=O)(Nc1cc(Cl)c(Cl)cc1Cn1ccnn1)c1ccc(Cl)s1	1.0	1	0.809	0.931
11	O=S1(=O)NC(Nc2ccc(Cl)cc2)=Nc2c1cc(Cl)cc2O	1.0	1	0.79	0.889
11	O=C(NS(=O)(=O)c1cccc(F)c1)N1CCCC1=O	1.0	1	0.624	0.972
11	CC(C)(C)c1ccc(S(=O)(=O)Nc2ccc(Cl)cc2-c2c(NCCO)nccn23)cc1	0.0	0	0.0	0.0
11	COc1cc2c(cc1NS(=O)(=O)c1ccccc1)no2	0.0	0	0.0	0.0
11	CC(=O)C1=C(O)C(=O)N(c2ccc(C)cc2)C1c1ccc(Br)cc1	1.0	1	0.992	0.953
11	CC(C)(C)c1ccc(S(=O)(=O)Nc2ccc(Cl)c3c2C(=O)N(Cc2ccc[n+]([O-])c3)C2=O)cc1	1.0	1	0.556	0.453
11	CC(=O)C1=C(O)C(=O)N(c2ccc(C)cc2)C1C1CCCCC1	1.0	1	0.994	0.929
11	CC(=O)C1=C(O)C(=O)N(c2cc(Cl)ccc2)C1C1CCCCC1	1.0	1	0.983	0.92
11	COc1c(Cl)ccc(NS(=O)(=O)c2ccc(C(C)(C)C)cc2)c1	1.0	1	0.788	0.987
11	O=C(O)c1cc(N=Nc2ccc([N+](=O)[O-])c3ccccc23)ccc1	1.0	1	0.635	0.968
11	O=C(O)c1ccccc1Oc1ccc(Cl)cc1NCCI	1.0	1	0.673	0.974
11	COc1nn2c(n1)C(=O)C(Cc1ccccc1)C2=Cc1ccccc1	1.0	1	0.7	0.86
11	Nc1nn2c(O)c(Cc3ccc(Cl)cc3)c(C3CCCC3)nc2n1	1.0	1	0.998	0.931
11	CC(=O)C1=C(O)C(=O)N(c2ccc(F)cc2F)C1F	1.0	1	0.984	0.866
11	O=S(=O)(Nc1cc(Cl)c(Cl)cc1Cn1ccnn1)c1ccc(Cl)s1	1.0	1	0.809	0.931
11	Cc1ccc(S(=O)(=O)NC(=O)Nc2ccc(F)c(F)c2NS(=O)(=O)c2ccc(C)cc2)cc1	1.0	1	0.408	0.966
11	COc1cc2c(cc1NS(=O)(=O)c1c(Cl)c(Cl)ccc12)n1ccnc1C	1.0	1	0.734	0.615
11	CC(C)c1nc2nc(N)nn2c(=O)n1C1CCC(F)CC1	1.0	1	0.945	0.832
11	CS(=O)(=O)c1ccc(S(=O)(=O)Nc2cccc(F)c2)cc1	1.0	1	0.642	0.989
11	COC(=O)Cc1ccc(Cl)c(Oc2cccc(Cl)c2NS(=O)(=O)c2ccc(C)cc2)c1	1.0	1	0.622	0.97
11	CC(=O)N1CCC(NS(=O)(=O)c2ccc(NC(=O)c3ccccc3)c3c2cccc3)CC1	1.0	1	0.534	0.977
11	CC1(c2ccc(S(=O)(=O)Nc3ccc(Cl)cc3)cc2)CCOCC1	1.0	1	0.551	0.972
11	Cc1cccc(C(=O)c2cc(Cl)ccc2NS(=O)(=O)c2ccc(C)cc2)c1O	1.0	1	0.578	0.98
11	O=C(O)c1ccc(Oc2ccc(C(=O)c3ccccc3)cc2)cc1	1.0	1	0.645	0.992
11	O=C(O)c1ccccc1Oc1ccc(Cl)cc1NS(=O)(=O)c1ccc(Cl)cc1	1.0	1	0.743	0.984
11	Cc1ccc(Nc2nccc(N(C)C)n2)cc1	1.0	1	0.77	0.983
11	COc1c2c(NS(=O)(=O)c3cc(Cl)ccc3)cncc2oc1C	1.0	1	0.728	0.941
11	CC(C)(C)c1ccc(S(=O)(=O)Nc2ccc(Cl)c3ccccc23)cc1C	1.0	1	0.642	0.977
11	O=C(c1ccncc1)c1cc(Cl)ccc1NS(=O)(=O)c1ccc(-c2cnno2)cc1	1.0	1	0.577	0.946
11	O=C(c1ccncc1)c1cc(Cl)ccc1NS(=O)(=O)c1ccc(Br)cc1	1.0	1	0.702	0.981
11	CCCC(=O)N1CCC(NS(=O)(=O)c2ccc(Cl)s2)CC1	1.0	1	0.575	0.97
11	Cc1ccc(S(=O)(=O)Nc2cc(Cl)ccc2Cn2ccnn2)c(C(=O)O)c1	1.0	1	0.876	0.953
11	Cc1nc2nc(N)nn2c(O)c1Cc1ccc(Cl)cc1	1.0	1	0.999	0.955
11	COc1nc(CO)c(Cl)nc1NS(=O)(=O)c1cccc(Cl)c1Cl	1.0	1	0.751	0.935
11	O=C(NS(=O)(=O)c1ccc(Cl)cc1)N1CCCC1=C1CCCCC1	1.0	1	0.713	0.944
11	O=C(c1ccncn1)c1cc(Cl)cc(N2CC(O)C(O)C2)c1	1.0	1	0.678	0.787
11	Cn1ncc2c1nc(N1CCCC(NC(=O)c3ccncc3)c3ccccc31)N2	1.0	1	0.609	0.839
11	O=S(=O)(Nc1ccc(F)c(Cl)c1)(c1ccccc1)	1.0	1	0.705	0.992
11	O=C(NS(=O)(=O)c1ccc(Cl)cc1)NS(=O)(=O)c1ccc(Cl)s1	1.0	1	0.58	0.969
11	CC(=O)c1ccc(S(=O)(=O)Nc2ccc(Cl)cc2C(=O)c2ncccn2)cc1	1.0	1	0.716	0.97
11	O=S(=O)(Nc1cc(Cl)ccc1Cn1ccnn1)c1cc(Cl)c(Cl)cc1	1.0	1	0.945	0.963
11	Cc1nn2cc(Cl)nc(N)c2c1C	1.0	1	0.465	0.86
11	O=C(O)c1ccccc1O	1.0	1	0.404	0.994
11	Cc1ccc(S(=O)(=O)Nc2ccc(Cl)cc2C(=O)c2ccnc(C)c2)cc1	1.0	1	0.834	0.979
11	O=C(NS(=O)(=O)c1cccc(C(F)(F)F)c1)N1CCCC1=O	1.0	1	0.713	0.966
11	CC(C)(C)c1ccc(S(=O)(=O)Nc2ccc(Cl)cc2C(=O)c2ncccn2)cc1	1.0	1	0.556	0.966
11	CNS(=O)(=O)c1ccc(S(=O)(=O)NCCC(=O)OCc2ccccc2)cc1	1.0	0	0.309	0.983
11	O=C(O)c1c(F)cccc1Oc1cc(Cl)c(Cl)cc1Cl	1.0	1	0.914	0.98
11	CCOC(=O)N1CCC(NS(C)(=O)=O)CC1c1ccc(Cl)cc1C	1.0	1	0.894	0.854
11	CC(C)(CO)c1ccc(S(=O)(=O)Nc2ccc(Cl)cc2C2CCCCC2)cc1	1.0	1	0.461	0.966
11	O=C(O)c1ccccc1Oc1ccc(Cl)cc1NS(=O)(=O)c1ccc(Cl)cc1	1.0	1	0.743	0.984
11	C=CCN(C(=O)OCc1ccccc1)C1CCN(c2nc3ccccc3n2Cc2ccccc2)CC1	1.0	0	0.005	0.959
11	CC(=O)C1=C(O)C(=O)N(c2ccncc2)C1C1CCCC1	1.0	1	0.982	0.897
11	CC(C)(C)c1ccc(S(=O)(=O)Nc2ccc(Cl)cc2C(=O)c2cnc(S(N)(=O)=O)cc2)cc1	1.0	1	0.673	0.958
11	COC(=O)CC=CN(C)CC(=O)N1CCCCC1Bc1ccc(Cl)cc1	1.0	0	0.005	0.446
11	CC(=O)C1=C(O)C(=O)N(c2cc(C)ccc2)C1C1CCCCC1	1.0	1	0.986	0.922
11	COc1nccc(C(=O)c2cc(Cl)ccc2NS(=O)(=O)c2ccc(C(C)(C)C)cc2)n1	1.0	1	0.612	0.959
11	O=C(NCCN1CCNCC1)c1cc(Oc2ncc(Cl)cc2NS(=O)(=O)c2ccc(F)cc2)ccc1	1.0	0	0.005	0.955
11	CC(=O)C1=C(O)C(=O)N(c2cc(C)ccc2)C1C1CCCCC1	1.0	1	0.986	0.922
11	CCC(C)(C)NC(=O)c1ccc(Oc2ccc(Cl)cc2NS(=O)(=O)c2ccc(F)cc2)cc1	1.0	1	0.514	0.974
11	Cc1ncccc1C(=O)Nc1ccc(Cl)cc1C(=O)c1cccc(Cl)c1	1.0	1	0.823	0.983
11	COc1nc2c(cc1NS(=O)(=O)c1ccc(Cl)s1)nc(n2)-c1cccc(F)c1	0.0	0	0.0	0.0
11	Cc1nc(N(CCO)CCN)c2cc(OCC(F)(F)F)ccc2c1	1.0	1	0.601	0.936
11	O=C(O)c1ccc(Oc2ccc(Cl)cc2NS(=O)(=O)c2ccc(-c3ccc(C(F)(F)F)cc3)cc2)cc1	1.0	0	0.005	0.974
11	CC(C)(C)c1ccc(S(=O)(=O)Nc2ccc(Cl)cc2C(=O)c2cccc(C(=O)c3ccccc3)c2)cc1	1.0	0	0.005	0.972
11	O=S(=O)(Nc1ccc(Cl)cc1C(O)c1ccccc1)c1ccc(Cl)c(Cl)c1	1.0	1	0.88	0.953
11	CC(=O)C1=C(Nc2ccccc2)C(=O)N(O)C1[Si]	1.0	1	0.741	0.743
11	O=C(c1cnccn1)c1cc(Cl)ccc1NS(=O)(=O)c1ccc(-c2cnc(O)cc2)cc1	1.0	1	0.55	0.947
11	O=C(O)c1ccc(Oc2ccc(Cl)cc2NS(=O)(=O)c2ccc(F)cc2)cc1	1.0	1	0.657	0.985
11	CC(=O)C1=C(O)C(=O)N(c2ccc(C)cc2)C1c1ccc(Br)cc1	1.0	1	0.992	0.953
11	CC1CCN(C(=O)C(CCn2ccnc2[N+](=O)[O-])NS(=O)(=O)c2cc(Cl)c(N)c(Cl)c2)CO1	1.0	1	0.612	0.547
11	CC(=O)C1=C(O)C(=O)N(c2cc(F)ccc2)C1C1CCCCC1	1.0	1	0.984	0.917
11	COc1cc2c(cc1NS(=O)(=O)c1c(Cl)c(Cl)c(Cl)cc1)n(C)c(=O)n2CCN1CCCC1	1.0	1	0.795	0.938
11	Nc1nn2c(O)c(Cc3cccc(C(F)(F)F)c3)c(C3CC3)nc2n1	1.0	1	0.865	0.912
11	N#Cc1ccccc1C(=O)c1cc(Cl)ccc1NS(=O)(=O)c1ccc(-c2cnco2)cc1	1.0	1	0.573	0.956
11	Cc1cc(Oc2ccc(C(=O)NC3CCOCC3)cc2)c2c(c1)NNC(=O)C2=C	1.0	1	0.675	0.917
11	COc1cccc2c1c(NS(=O)(=O)c1ccc(Cl)s1)nc(NC(N)=S)n2C	0.0	0	0.0	0.0
11	CNS(=O)(=O)c1cccc(CNC(=O)NC(=O)c2ccncc2)c1	1.0	1	0.459	0.979
11	Cc1[n+]([O-])cc(C(=O)c2cc(Cl)ccc2NS(=O)(=O)c2ccc(C(C)(C)C)cc2)cc1	1.0	1	0.73	0.948
11	CCCNC(=O)c1ccc(NS(=O)(=O)c2cc(Cl)ccc2C)cc1	1.0	1	0.593	0.988
12	CNS(=O)(=O)c1ccc(CSc2cccc(C)c2C#N)cc1	1.0	1	0.57	0.971
12	CC(=O)C1=C(O)C(=O)N(c2cc(F)c(C(=O)O)cc2)C1C1CCCCC1	1.0	1	0.975	0.895
12	Cc1c(C(=O)c2cc(Cl)ccc2NS(=O)(=O)c2ccc(F)cc2)cccc1	1.0	1	0.787	0.985
12	COc1c(Cl)ccc(C(=O)Nc2ccc(F)cc2)c1F	1.0	1	0.727	0.987
12	Cc1ccc(S(=O)(=O)Nc2cc(Cl)ccc2Cn2cncn2)cc1	1.0	1	0.924	0.976
12	CCc1nc(NC2CCN(C(=O)c3cccc(NC(C)=O)c3)CC2)c2cccccc1C2	1.0	0	0.005	0.568
12	O=C(O)c1ccccc1Oc1ccc(Cl)cc1NC(=O)c1ccccc1Cl	1.0	1	0.569	0.987
12	Cn1ncc2c1ncnc2NS(=O)(=O)c1cc(Cl)c(Cl)cc1	1.0	1	0.77	0.969
12	O=C(O)c1ccccc1Oc1ccc(Cl)cc1N1CCCCC1	1.0	1	0.72	0.985
12	CC(=O)C1=C(O)C(=O)N(c2ccccc2)C1C1CCCCCC1	1.0	1	0.946	0.935
12	CCCC(=O)N1CCC(c2ccc(Cl)cc2)C(C)C1	1.0	1	0.898	0.922
12	CC(=O)Nc1ccc(S(=O)(=O)Nc2ccc(Cl)cc2C(=O)c2c[n+]([O-])c(Cl)cc2)cc1	1.0	1	0.679	0.944
12	COc1c(NS(=O)(=O)c2ccc(Cl)s2)nccn1	1.0	1	0.705	0.959
12	CC(C)(C)c1ccc(S(=O)(=O)Nc2ccc(Cl)cc2C(=O)c2ccnc(Cl)c2)cc1	1.0	1	0.758	0.971
12	CC(C)c1nnc(NS(=O)(=O)c2ccc(Cl)cc2)n1	0.0	0	0.0	0.0
12	N#Cc1c(SCCN)nc(N)nc1NC(C#N)CCCCOc1ccc(Cl)cc1	1.0	1	0.466	0.794
12	COc1cc(C(c2ccccc2)N2CCOCC2)ccc1Cl	1.0	1	0.912	0.965
12	Cc1cc(Oc2c(C(=O)O)cccc2)c(NS(=O)(=O)c2ccc(Cl)cc2)cc1	1.0	1	0.748	0.983
12	CC(C)c1ccc(S(=O)(=O)Nc2ccc(Br)cc2)cc1C1	0.0	0	0.0	0.0
12	O=S(O)(=S)c1ccc(Br)cc1Cl	1.0	0	0.005	0.89
12	COc1c(Cl)cc(Cl)cc1NS(=O)(=O)c1cccc(Cl)c1	1.0	1	0.646	0.983
12	Cc1cc(NS(=O)(=O)c2ccc(Cl)cc2)c(C(=O)Nc2ccccc2)cc1	1.0	1	0.611	0.989
12	COc1nccc2[nH]c(SCC(=O)c3ccccc3)nc12	1.0	1	0.605	0.967
12	CS(=O)(=O)c1ccc(S(=O)(=O)Nc2ccc(Cl)cc2C(=O)c2ccncc2)cc1	1.0	1	0.558	0.977
12	CC(C)(C)c1ccc(S(=O)(=O)Nc2ccc(Cl)cc2-c2c(O)cccn2)cc1	1.0	1	0.608	0.97
12	CC(=O)NCc1ccc(C(=O)Nc2ccc(F)cc2)cc1	1.0	1	0.551	0.993
12	CC(=O)NCc1ccc(C(=O)Nc2ccc(Cl)cc2)cc1	1.0	1	0.617	0.993
12	CC(=O)C1=C(O)C(=O)N(c2cc(Cl)ccc2)C1C1CCCCCC1	1.0	1	0.948	0.92
12	COCCn1nc(OC)c2c1NCN2	1.0	1	0.654	0.737
12	COC(=O)C(=Cc1ccc(Oc2ccc(Cl)cc2)cc1)C1	0.0	0	0.0	0.0
12	CCCC(=O)C1=C(O)C(=O)N(c2ccc(C)cc2F)C1C1CCCCC1	1.0	1	0.981	0.881
12	Cc1ccc(NS(=O)(=O)c2ccc(Cl)cc2)c(N)c1	1.0	1	0.783	0.989
12	COc1c(Cc2cccc(C(=O)NS(C)(=O)=O)c2)ccc2c(N(C)C)cccc12	1.0	1	0.782	0.965
12	O=S(=O)(Nc1cc(Cl)ccc1Cn1ccnn1)c1ccc(Cl)c(Cl)c1	1.0	1	0.945	0.963
12	COc1nc(Br)cnc1NS(=O)(=O)c1ccc(Cl)s1	1.0	1	0.776	0.934
12	CC(C)c1nc2nc(N)nn2c(O)c1Cc1cccc(Cl)c1	1.0	1	0.911	0.929
12	Cc1cc(C(=O)c2cc(Cl)ccc2NS(=O)(=O)c2ccc(OC(F)(F)F)cc2)ccn1	1.0	1	0.53	0.967
12	O=S1(=O)NC(Nc2c(Cl)cccc2)=Nc2c1cc(Cl)cc2O	1.0	1	0.605	0.878
12	CC(=O)C1=C(O)C(=O)N(c2cc(O)c(Cl)cc2)C1C1CCCCC1	1.0	1	0.995	0.886
12	CC(C)(C)c1ccc(S(=O)(=O)Nc2ccc(Cl)cc2C(=O)c2cnc(N)nc2)cc1	1.0	1	0.63	0.966
12	O=S(=O)(Nc1cc(Cl)ccc1Cn1ccnn1)c1ccc(Cl)c(Cl)c1	1.0	1	0.945	0.963
12	COc1cc2c(cc1NS(=O)(=O)c1c(Cl)c(Cl)ccc1)nc(Cc1cccc(F)c1)OC2	1.0	1	0.561	0.918
12	O=C(NC1C(=O)N(c2ccccc2)C(C)C1c1ccc(Cl)cc1)c1ccccc1	1.0	1	0.808	0.864
12	COc1cnc(Nc2ccc(F)cc2)c(C#N)c1	1.0	1	0.762	0.98
12	COc1nn(-c2ccc(Cl)cc2)c2c1c(NS(=O)(=O)c1cccc(Cl)c1Cl)ncc2	1.0	1	0.64	0.944
12	Cc1[n+]([O-])cc(C(=O)c2cc(Cl)ccc2NS(=O)(=O)c2ccc(F)cc2)cc1	1.0	1	0.793	0.957
12	CCNc1nc(SC)nc(Nc2ccc(S(N)(=O)=O)cc2)n1	1.0	1	0.734	0.964
12	CCCC(=O)N1CCC(NS(=O)(=O)c2ccc(OC(C)C)cc2)CC1	1.0	1	0.672	0.979
12	O=S(=O)(NCCCN1CCC(O)(c2ccc(Cl)cc2)CC1)c1cccs1	1.0	1	0.593	0.963
12	O=C(c1ncccn1)c1cc(Cl)c2ccccc2c1	1.0	1	0.736	0.975
12	CC(=O)C1=C(O)C(=O)N(c2ccc(C)cc2)C1C1CCCCCCCC1	1.0	1	0.946	0.847
12	Cc1ccc(N2C(=O)C(O)=C(C(=O)C(C)C)C2C2CCCCC2)cc1	1.0	1	0.993	0.909
12	CCCCc1ccc(S(=O)(=O)Nc2ccc(Cl)cc2C(=O)c2ccncc2)cc1	1.0	1	0.583	0.979
12	COc1nc2nc(N)nn2c(O)c1Cl	1.0	1	0.79	0.874
12	Cc1ccccc1S(=O)(=O)Nc1ccc(F)cc1O	1.0	1	0.917	0.986
12	CC(=O)C1=C(O)C(=O)N(c2cc(F)c(F)cc2F)C11[N+]	0.0	0	0.0	0.0
12	O=S(=O)(Nc1ccc(F)cc1F)c1ccc(F)c(F)c1	1.0	1	0.777	0.986
12	O=S(=O)(Nc1cc(Cl)ccc1Cn1ccnn1)c1cccc(Cl)c1	1.0	1	0.893	0.966
12	CC(C)c1nc2nc(N)nn2c(O)c1Cc1ccc(Cl)cc1	1.0	1	0.964	0.937
12	CC(C)(c1ncco1)c1ccc(S(=O)(=O)Nc2ccc(Cl)cc2C(=O)c2cnc(C(N)=O)cc2)cc1	1.0	0	0.005	0.914
12	Cc1ccc(S(=O)(=O)Nc2cc(Cl)ccc2Cn2ccnn2)cc1	1.0	1	0.892	0.971
12	O=C(O)c1cc(Oc2ncccc2F)ccc1	1.0	1	0.764	0.986
12	O=C(C=Cc1ccccc1)c1ccccc1	1.0	1	0.657	0.994
12	COc1c(Cl)cc(Cl)cc1S(=O)(=O)Nc1c(Cl)cc(Cl)s1	1.0	1	0.691	0.927
12	O=C(O)c1ccccc1Oc1ccc(Cl)cc1N1CCNCC1	1.0	1	0.696	0.979
12	O=C(C1=C(O)C(=O)N(c2ccc(Br)cc2F)C1)c1cccc(Cl)c1	1.0	1	0.687	0.953
12	C=CCOc1c(Cl)cc(Cl)cc1NC	1.0	1	0.679	0.962
12	Cc1c(Cl)cccc1NS(=O)(=O)c1ccc(Cl)c(Cl)c1	1.0	1	0.64	0.987
12	Cc1cc(C(=O)c2cc(Cl)ccc2NS(=O)(=O)c2ccc(F)cc2)ccn1	1.0	1	0.853	0.978
12	COc1cc(N2C(=O)c3c(C2=O)c(NS(=O)(=O)c2ccc(C(C)(C)C)cc2)ccc3Cl)ccc1	1.0	1	0.52	0.958
12	CC(C)(C)c1ccc(S(=O)(=O)Nc2ccc(C(=O)NS(=O)(=O)c3ccc(F)cc3)cc2)cc1	1.0	0	0.3	0.979
12	O=S(=O)(Nc1cc(Cl)c(Cl)cc1Cn1cncn1)c1ccc(Cl)c(Cl)c1	1.0	1	0.953	0.959
12	CC(=O)c1ccc(S(=O)(=O)Nc2ccc(Cl)cc2C(=O)c2ccnc(C)c2)cc1	1.0	1	0.733	0.975
12	O=C(c1ccncc1)c1cc(Cl)ccc1NS(=O)(=O)c1ccc(-c2cocc2)cc1	1.0	1	0.632	0.968
12	Cc1nccc(NCN2C(=O)c3c(C)cccc3C2=O)n1	1.0	1	0.858	0.955
12	O=C(O)c1c(F)cccc1Oc1ccc(Cl)cc1NS(=O)(=O)c1ccc(Cl)cc1	1.0	1	0.791	0.977
12	CC(C)(C)c1ccc(S(=O)(=O)Nc2ccc(CNc3ncccc3C#N)cc2)cc1	1.0	1	0.369	0.973
12	Cc1sc(-c2ccc(Cl)cc2)nc1SCc1ccc(F)cc1	1.0	1	0.622	0.975
12	N#Cc1ccc2c(c1)NC(=O)C2Cc1cccc(C(F)(F)F)c1N	1.0	1	0.783	0.833
12	Cc1ccc(C(=O)Nc2ccc(C(=O)C=CCN3CCCC3)cc2)cc1	1.0	0	0.329	0.983
12	O=S(=S)(c1c(Cl)c(Cl)ccc1Cl)Nc1ccc2ccccc2c1	1.0	0	0.005	0.907
12	CCC(=O)C1=C(O)C(=O)N(c2ccc(Cl)cc2F)C1	1.0	1	0.993	0.935
12	CC(=O)C1=C(O)C(=O)N(c2ccc(C)cc2)C1c1cc(Br)ccc1	1.0	1	0.991	0.948
12	CS(=O)(=O)c1ccc(S(=O)(=O)Nc2ccc(Cl)cc2C(=O)c2c[n+]([O-])c(Cl)cc2)cc1	1.0	1	0.687	0.936
12	CC(C)Oc1c(N)ncnc1N1CCC(N)(C(=O)N(C)c2ccc(F)cc2)CC1	1.0	1	0.648	0.902
12	CC(=O)c1c(C)nc(NS(=O)(=O)c2ccc(Cl)cc2)n1C	1.0	1	0.791	0.957
12	COc1nc(CO)c(C2C(C)C)nc2N1C(=O)c1ccc(Cl)cc1	1.0	1	0.879	0.3
12	Cc1cnc(CN(C)C(=O)c2cc(Cl)c(N)cc2)cc1	1.0	1	0.736	0.977
12	CC(C)c1nc2nc(N)nn2c(O)c1Cc1ccc(Cl)cc1	1.0	1	0.964	0.937
12	CC(=O)NCc1ccc(C(=O)Nc2ccc(Cl)cc2)cc1#	0.0	0	0.0	0.0
12	O=C(NCCN1CCCC1)c1ccc(Oc2ncc(Cl)cc2NS(=O)(=O)c2ccc(F)c(Cl)c2)cc1	1.0	0	0.005	0.96
12	O=C(O)c1ccc(NC(=O)N2CCCC2C(=O)N(CCc2cc3c(cccc3)cc2)C(=O)NS(=O)(=O)c2ccc(F)cc2)cc1	1.0	0	0.005	0.841
12	CC1(c2ccc(S(=O)(=O)Nc3ccc(Cl)cc3C(=O)c3ccccc3)cc2)OCCO1	1.0	1	0.399	0.963
12	Cc1ncc(C(=O)c2cc(Cl)ccc2NS(=O)(=O)c2ccc(C(C)(C)c3ccccc3)cc2)cc1	1.0	1	0.525	0.966
12	CC(C)(c1ccc(S(=O)(=O)Nc2ccc(Cl)cc2)cc1)c1ncco1	1.0	1	0.52	0.962
12	CC(=O)C1=C(O)C(=O)N(c2ccc(C)cc2)C1c1ccc(Br)cc1	1.0	1	0.992	0.953
12	CC(=O)C1=C(O)C(=O)N(c2ccc(Nc3ccccc3)cc2)C1c1ccccc1	1.0	1	0.956	0.956
12	O=C(O)c1cc(Oc2ncc(Cl)cc2NS(=O)(=O)c2ccc(F)cc2)ccc1	1.0	1	0.673	0.976
12	C(=O)CCC1=Nc2ccccc2NC1=O	1.0	1	0.716	0.967
12	CN(C)C(=O)C(CCn1cccc1C#N)NS(=O)(=O)c1ccc(Cl)c(Cl)c1	1.0	1	0.586	0.856
13	O=C(O)c1c(Oc2n[nH]c(Cl)c2Nc2ccc(CC(=O)O)c(F)c2)cccc1	1.0	1	0.494	0.94
13	Cc1nn2cc(-c3cc(Cl)ccc3N3CCOCC3)nc2n1C	1.0	1	0.844	0.909
13	Cc1cc(NS(=O)(=O)c2cc(C(F)(F)F)ccc2)ccn1	1.0	1	0.693	0.979
13	CC(=O)C1=C(O)C(=O)N(c2cc(F)c(C)cc2C)C1C1CCCCC1	1.0	1	0.986	0.879
13	CCC(=O)C1=C(O)C(=O)N(c2ccc(C)cc2)C1C1CCCCC1	1.0	1	0.993	0.913
13	CC(C)(C)c1ccc(S(=O)(=O)Nc2ccc(F)c(F)c2C(=O)c2cnccc2)cc1	1.0	1	0.643	0.965
13	CCc1nc(Br)cnc1NC(=O)c1ccc(Cl)cc1	1.0	1	0.787	0.974
13	Cc1ncc(C(=O)c2cc(Cl)ccc2NS(=O)(=O)c2ccc(C(C)(C)c3ncco3)cc2)cc1	1.0	1	0.558	0.928
13	CC(C)Oc1c(Cl)cc(Cl)cc1S(=O)(=O)Nc1ccc(S(=O)(=O)c2cc(Cl)ccc2)cc1	1.0	1	0.527	0.963
13	O=S(=O)(Nc1cc(Cl)ccc1Cn1ccnn1)c1cccc(Cl)c1	1.0	1	0.893	0.966
13	O=C(O)c1ccc(Oc2ccc(Cl)cc2NS(=O)(=O)c2cc(C(F)(F)F)ccc2)nc1	1.0	1	0.535	0.969
13	CC(=O)C1=C(O)C(=O)N(c2cc(F)c(C)cc2)C1C1CCCCCCC1	1.0	1	0.978	0.908
13	COc1c(N2C(=O)c3c(C2=O)c(NS(=O)(=O)c2ccc(C(C)(C)C)cc2)ccc3Cl)c(C)ccn1	1.0	1	0.513	0.923
13	CC(C)(C)c1ccc(S(=O)(=O)Nc2ccc(Cl)cc2C(=O)c2cnccn2)cc1	1.0	1	0.556	0.969
13	CC(=O)C1=C(O)C(=O)N(c2ccc(Cl)cc2F)C1C1CCCCCC1	1.0	1	0.987	0.901
13	CC(=O)C1=C(O)C(=O)N(c2cc(F)c(C)cc2)C1C1CCCCC1	1.0	1	0.991	0.908
13	CC(=O)c1c(C)oc2c1cc(NS(=O)(=O)c1cccc(C(C)C)c1)c1ccccc12	1.0	1	0.747	0.961
13	C=C(C)CN1CCC(NS(=O)(=O)c2ccc(NC(=O)c3ccccc3C)c3c2cccc3)CC1	1.0	1	0.436	0.965
13	CC(=O)C1=C(O)C(=O)N(c2ccc(C)cc2F)C1C1CCCCCCC1	1.0	1	0.963	0.904
13	O=C(c1ccncc1)c1cc(Cl)ccc1NS(=O)(=O)c1cc(F)c(NS(=O)(=O)c2ccc(Cl)cc2)cc1	1.0	0	0.005	0.963
13	CCOC(=O)Nc1ccc(Cl)cc1CO	1.0	1	0.731	0.985
13	CC(C)c1nc2nc(N)nn2c(O)c1Cc1cccc(Cl)c1	1.0	1	0.911	0.929
13	Cc1cc(C(=O)c2cc(Cl)ccc2NS(=O)(=O)c2ccc(C(C)(C)C)cc2)ccn1	1.0	1	0.633	0.972
13	Cc1c(C(=O)Nc2ccc(S(=O)(=O)N3CCN(C)CC3)c3c2cccc3)cccc1	1.0	1	0.546	0.98
13	N#Cc1ccc(S(=O)(=O)Nc2ccc(Cl)cc2C(=O)c2ccncc2)cc1	1.0	1	0.818	0.977
13	C=CCN(C(=O)C=Cc1ccccc1)C1CCCCC1	1.0	1	0.691	0.974
13	CC(=O)C1=C(O)C(=O)N(c2ccc(C)cc2F)C1c1ccc(Cl)cc1	1.0	1	0.988	0.939
13	COc1cc2c(cc1NS(=O)(=O)c1c(Cl)c(Cl)ccc1)n(CCCN)CCO	0.0	0	0.0	0.0
13	COc1nc(Cl)cnc1NS(=O)(=O)c1c(Cl)cccc1Cl	1.0	1	0.91	0.954
13	CCNS(=O)(=O)c1ccc(Cn2nc(NS(=O)(=O)c3ccc(F)cc3)c3c2cccc3OC)cc1	1.0	1	0.685	0.959
13	CC(=O)N(C)CC(C)(C)c1ccc(S(=O)(=O)Nc2c(F)cccc2)cc1	1.0	1	0.483	0.969
13	Cc1ccc(-c2cc(Sc3ccc(Cl)cc3)c(C(=O)Nc3cnccc3)cc2)cc1	1.0	1	0.68	0.978
13	Cc1[n+]([O-])c(C)c(Br)cc1NS(=O)(=O)c1c(Cl)c(Cl)sc1	1.0	1	0.72	0.757
13	CC(C)(C)c1ccc(S(=O)(=O)Nc2ccc(Cl)cc2C(=O)c2ccc(C(=O)O)cc2)cc1	1.0	1	0.517	0.979
13	COC(=O)CN=CC1=C(O)C(C)(C=O)c2cc(C)ccc21	1.0	1	0.717	0.614
13	Cc1[n+]([O-])cc(C(=O)c2cc(Cl)ccc2NS(=O)(=O)c2ccc(F)cc2)cc1	1.0	1	0.793	0.957
13	CC(C)(C)c1ccc(S(=O)(=O)Nc2ccc(Cl)cc2C(=O)c2ccnc(C#N)c2)cc1	1.0	1	0.612	0.962
13	O=C(C1=C(O)C(=O)N(CCN(Cc2ccccc2)Cc2ccccc2)C1c1c(Br)c(Cl)ccc1[c]1ccccc1	0.0	0	0.0	0.0
13	Cc1ccc(S(=O)(=O)Nc2cc(Cl)ccc2Cn2ccnn2)cc1	1.0	1	0.892	0.971
13	Cc1cnc(N2CCN(C)CC2)cc1	1.0	1	0.725	0.987
13	CC(=O)C1=C(O)C(=O)N(c2cc(F)c(C)cc2C)C1C1CCCCC1	1.0	1	0.986	0.879
13	Cc1nn2c(O)c(Cc3cccc(C(F)(F)F)c3)c(Cl)nc2n1	1.0	1	0.953	0.933
13	CCNS(=O)(=O)c1ccc(Cc2cnc(Cl)s2)cc1	1.0	1	0.806	0.971
13	O=C(O)c1ccc(NS(=O)(=O)c2cccc(Cl)c2)cc1	1.0	1	0.704	0.991
13	CC(C)(C)c1ccc(S(=O)(=O)Nc2ccc(Cl)cc2C(=O)c2c[n+]([O-])c(Cl)cc2)cc1	1.0	1	0.6	0.937
13	CC(C)(C)c1ccc(S(=O)(=O)Nc2ccc(Cl)c3c2NS(=O)(=O)C3)cc1	1.0	1	0.562	0.926
13	Cc1c(N2C(=O)c3c(C2=O)c(NS(=O)(=O)c2ccc(C(C)(C)C)cc2)ccc3Cl)ccnc1	1.0	1	0.543	0.943
13	CC(C)c1nc2nc(N)nn2c(O)c1Cc1ccc(Cl)cc1	1.0	1	0.964	0.937
13	O=S(=O)(Nc1cc(Cl)c(Cl)cc1Cn1ccnn1)c1ccc(Cl)cc1	1.0	1	0.905	0.96
13	O=C(O)c1ccc(Oc2ccc(Cl)cc2NS(=O)(=O)c2cc(F)c(Cl)cc2)cc1	1.0	1	0.612	0.98
13	Cc1cc(NS(=O)(=O)c2cc(C(F)(F)F)ccc2)ccc1	1.0	1	0.752	0.988
13	CC(=O)NCc1ccc(CN(C(=O)c2ccccc2)c2cccc[n+]2)cc1	1.0	1	0.608	0.896
13	O=C(NCCO)c1ccccc1Oc1ncc(Cl)cc1NS(=O)(=O)c1ccc(Cl)cc1	1.0	1	0.736	0.97
13	CC(=O)NCc1ccc(C(=O)Nc2ccc(F)cc2)cc1	1.0	1	0.551	0.993
13	O=S(=O)(Nc1cc(Cl)ccc1Cn1ccnn1)c1ccc(Cl)cc1	1.0	1	0.919	0.97
13	Cn1cncc1C(=O)c1cc(Cl)ccc1NS(=O)(=O)c1ccc(C(C)(C)C)cc1	1.0	1	0.708	0.959
13	CC(=O)C1=C(O)C(=O)N(c2cc(F)c(F)cc2F)C1C1CCCCCC1	1.0	1	0.968	0.875
13	Cc1nc(C(=O)c2cc(Cl)ccc2NS(=O)(=O)c2ccc(C(C)(C)C)cc2)ccc1	1.0	1	0.623	0.972
13	COc1nccc(C(=O)c2cc(Cl)ccc2NS(=O)(=O)c2ccc(C(C)(C)C)cc2)c1	1.0	1	0.81	0.969
13	COc1cc2c(cc1NS(=O)(=O)c1c(Cl)c(Cl)ccc1Cl)nc(NC(N)=S)n2C	1.0	1	0.78	0.916
13	COc1cc(Oc2ccc(C(=O)NN)cc2)c(Cl)cc1O	1.0	1	0.867	0.982
13	COC(=O)c1ccc(N2C(=O)c3c(C2=O)c(NS(=O)(=O)c2ccc(C(C)(C)C)cc2)ccc3Cl)cc1	1.0	0	0.005	0.956
13	Cc1cnc(C(=O)c2cc(Cl)ccc2NS(=O)(=O)c2ccc(C(C)(C)C)cc2)cc1	1.0	1	0.769	0.972
13	COc1cc2c(cc1NS(=O)(=O)c1c(Cl)c(Cl)ccc1)n(CCN)n2C	1.0	1	0.824	0.909
13	Cc1ccc(C(=O)c2cc(Cl)ccc2NS(=O)(=O)c2ccc(CCC(=O)N(C)C)cc2)cc1	1.0	1	0.757	0.976
13	CC(C)(C)c1ccc(S(=O)(=O)Nc2ccc(Cl)cc2C(=O)c2nccn2C2CCCN(CCF)C2)cc1	1.0	0	0.005	0.806
13	CC(=O)C1=C(O)C(=O)N(c2ccc(C)cc2)C1c1ccc(Br)cc1	1.0	1	0.992	0.953
13	CS(=O)(=O)Nc1cc(CSc2cccc(Cl)c2Cl)ccc1C	1.0	1	0.475	0.972
13	COc1c2c(NS(=O)(=O)c3ccc(Cl)cc3)nn(Cc3cccc(C(=O)O)c3)c2ccc1	1.0	1	0.863	0.969
13	Cc1c(C(=O)Nc2cccc(S(=O)(=O)c3ccccc3)c2)cccc1F	1.0	1	0.688	0.986
13	Cc1c(Cl)cccc1NS(=O)(=O)c1ccc(Cl)c(Cl)c1	1.0	1	0.64	0.987
13	CC(C)c1nc(-c2cccc(NC(=O)c3ccccc3)c2)c(C)n1Cc1ccc(Cl)c(Br)c1	1.0	1	0.394	0.965
13	COc1nc(OC)c(N2C(=O)c3c(C2=O)c(NS(=O)(=O)c2ccc(C(C)(C)C)cc2)ccc3Cl)cc1	1.0	0	0.005	0.925
13	CC(C)NS(=O)(=O)c1cc(Cl)c(Cl)cc1Cl	1.0	1	0.583	0.98
13	CC(C)c1nc2nc(N)nn2c(O)c1C(=O)c1ccc(Cl)cc1	1.0	1	0.999	0.934
13	Cc1ccc(N(Cc2ccccc2)C2CCN(c3ncc(C(=O)O)cc3)CC2)cc1	1.0	1	0.491	0.975
13	O=C(O)c1c(Oc2nnc(C(=O)c3cc(Br)ccc3)c3c2cccc3c2ccccc2)ccn1	0.0	0	0.0	0.0
13	CC(C)(c1ncco1)c1ccccc1NS(C)(=O)=O	1.0	1	0.602	0.928
13	Cc1ccc(S(=O)(=O)NCc2ccc(C(=O)N3CCCCCC3)cc2)cc1	1.0	1	0.405	0.987
13	CC(C)(C)c1ccc(S(=O)(=O)Nc2ccc(Cl)cc2C(=O)c2ccnc(C#N)c2)cc1	1.0	1	0.612	0.962
13	COc1cc(Oc2ccc(C(=O)Nc3ccc(Cl)cc3)cc2)ccc1C	1.0	1	0.434	0.991
13	O=C(O)c1ccccc1Oc1ccc(Cl)cc1NS(=O)(=O)c1c(Cl)c(Cl)ccc1	1.0	1	0.715	0.976
13	Nc1ccc(S(=O)(=O)Nc2ccc(F)c(C(=O)c3ccncc3)c2)cc1	1.0	1	0.701	0.979
13	Cc1cc(NS(=O)(=O)c2cc(Cl)c(Cl)cc2)c(N)cc1	1.0	1	0.727	0.985
13	O=C(Nc1ccccc1)c1cnccc1Nc1ccc(Cl)cc1O	1.0	1	0.792	0.982
13	Nc1nn2c(O)c(Cc3cccc(Br)c3)c(C3CC3)nc2n1	1.0	1	0.836	0.913
13	CC1CCN(C(=O)C(CCn2cccc2)NS(=O)(=O)c2cccc(Cl)c2)CC1	1.0	1	0.525	0.903
13	Cc1ccccc1NS(=O)(=O)c1ccc(N2C(=O)c3ccccc3C2=O)cc1	1.0	1	0.518	0.986
13	CC(C)(C)c1ccc(S(=O)(=O)Nc2ccc(Cl)cc2C(=O)c2nccnc2)cc1	1.0	1	0.556	0.969
13	CC(=O)C1=C(O)C2(C)C(=O)C(O)=C(C(=O)N(C)CCc3ccccc3)C1C2(C)C#N	1.0	1	0.625	0.178
13	CCCCc1nc2nc(N)nn2c(O)c1Cc1ccccc1N	1.0	1	0.991	0.921
13	Cc1[n+]([O-])cc(C(=O)c2cc(Cl)ccc2NS(=O)(=O)c2ccc(C(C)(C)C)cc2)c1	0.0	0	0.0	0.0
13	CC(=O)C1=C(O)C(=O)N(c2cc(Cl)ccc2)C1C1CCCCCCC1	1.0	1	0.913	0.919
13	N#CSC1=C(O)C(=O)N(c2ccc(Cl)cc2F)C1c1ccc(Br)cc1	1.0	1	0.99	0.82
13	c1cc(N2CCN(CCNC(=O)c3cnn(-c4ccc(Cl)cc4)c3)CC2)ccc1C	1.0	0	0.224	0.978
13	O=C(c1cnccc1)c1cc(Cl)ccc1NS(=O)(=O)c1ccc(Cl)cc1	1.0	1	0.696	0.983
13	COc1ccc(S(=O)(=O)Nc2ccc(Cl)cn2)cc1C	1.0	1	0.788	0.984
13	CC(C)(C)c1ccc(S(=O)(=O)Nc2cc(Cl)ccc2C(=O)c2ccncc2)cc1	1.0	1	0.672	0.976
13	COc1nc(CO)c(C)c(NS(=O)(=O)c2ccc(Cl)cc2)c1	1.0	1	0.851	0.965
13	Cc1ncc(C(=O)c2cc(Cl)ccc2NS(=O)(=O)c2ccc(C(C)(C)C)cc2)cc1	1.0	1	0.617	0.974
14	Cc1cc(O)c(Cc2c(Cl)c(Cl)cc2N)nc1	0.0	0	0.0	0.0
14	Cc1cc(CN(CC2CCCNC2)C(=O)Nc2ccccc2)ccc1	1.0	1	0.703	0.951
14	Nc1nn2c(O)c(Cc3cccc(I)c3)c(C3CC3)nc2n1	1.0	1	0.894	0.891
14	CC(=O)C1=C(O)C(=O)N(c2ccc(C)cc2)C1C1CCCCCCO1	1.0	1	0.975	0.852
14	CC1CCN(C(=O)C(CCn2ccnc2C#N)NS(=O)(=O)c2cc(Cl)c(N)c(Br)c2)CC1	1.0	1	0.605	0.741
14	CC(=O)C1=C(O)C(=O)N(c2ccc(C)cc2F)C1C1CCCCC1	1.0	1	0.99	0.903
14	CC(=O)NCc1cc(C(=O)N=C(N)N)ccc1C(=O)C(	0.0	0	0.0	0.0
14	CC(=O)c1ccc(NC(=O)c2nc(N)n3nc(Oc4ccc(Cl)cc4)cc3n2)cc1	1.0	1	0.381	0.951
14	CC(=O)Nc1ccc(S(=O)(=O)c2ccc(CNC3CC3)cc2)cc1	1.0	1	0.645	0.986
14	Nc1cnn(CC(=O)Nc2cccc(C(F)(F)F)c2)c1C(O)CO	1.0	1	0.732	0.874
14	O=C1c2c(Cl)c(Cl)ccc2N1C1CCN(Cc2ccc(Cl)cc2)CC1	1.0	1	0.844	0.97
14	CNc1sc(C(N)=O)c2c1[N+](=O)[O-])C2=O	0.0	0	0.0	0.0
14	O=C(c1cccnc1)c1cnc(OC2CCCCC2)cc1	1.0	1	0.68	0.975
14	N#Cc1cc(N2N=C(C(F)(F)F)CC2c2ccccc2)ccc1Cl	1.0	1	0.943	0.872
14	Cc1nc2nc(N)nn2c(O)c1Cc1cccc(Cl)c1	1.0	1	0.994	0.95
14	CCCn1c(O)nc2c1cc(O)c1ccc(Cl)cc21	1.0	1	0.705	0.943
14	COc1nn2c(=O)cc(NC(=O)Nc3ccc(Cl)c(C(F)(F)F)c3)nc2n1	0.0	0	0.0	0.0
14	O=C(NCCN1CCCCC1)c1ccc(Oc2ccc(Cl)cc2NS(=O)(=O)c2ccc(F)cc2)cc1	1.0	0	0.005	0.975
14	CCCC(=O)N1CCC(NS(=O)(=O)c2ccc(OCc3ccccc3)c3c2cccc3)CC1	1.0	1	0.428	0.974
14	CC(C)(C)c1ccc(S(=O)(=O)Nc2ccc(Cl)cc2C(=O)c2cccc(S(C)(=O)=O)c2)cc1	1.0	1	0.461	0.973
14	CC1CCN(C(=O)C(CCn2cccc2C#N)NS(=O)(=O)c2cc(Cl)c(N)cc2)CC1	1.0	1	0.466	0.833
14	CCC(CC)Cc1nc2nc(N)nn2c(O)c1Cc1ccccc1F	1.0	1	0.791	0.903
14	COc1ccc(C(=O)Nc2ccc(Oc3ncccc3-c3cccs3)cc2)cc1	1.0	0	0.343	0.982
14	COc1c2c(NS(=O)(=O)c3ccc(Cl)cc3)nn(Cc3ccccc3)c2ccc1	1.0	1	0.87	0.977
14	COc1nc(F)c(F)nc1NS(=O)(=O)c1ccccc1Cl	1.0	1	0.731	0.946
14	CCCCc1ccc(C(=O)Nc2cc(C)ccc2NS(=O)(=O)c2ccc(C)cc2)cc1	1.0	1	0.475	0.984
14	Cc1c(C(=O)N(Cc2ccc(Br)cc2)C(C)=O)cccc1	1.0	1	0.878	0.983
14	CC(=O)C1=C(O)C(=O)N(c2ccc(Cl)cc2)C1C1CCCCC1	1.0	1	0.997	0.927
14	CC(=O)Nc1ccc(C2=C(c3ccccc3)CCC2)cc1	1.0	1	0.758	0.986
14	O=C(c1ccncc1)c1cc(Cl)ccc1NS(=O)(=O)c1ccc(I)cc1	1.0	1	0.705	0.977
14	CC(=O)C1=C(O)C(=O)N(c2ccc(C)cc2)C1c1ccc(Cl)cc1	1.0	1	0.992	0.958
14	O=C(c1ccncc1)c1cc(Cl)ccc1NS(=O)(=O)c1ccc(Br)cc1	1.0	1	0.702	0.981
14	Oc1c(Cc2cccc(C(F)(F)Cl)c2)cccc1Cn1ccnc1	1.0	1	0.574	0.943
14	Cc1cc(NS(=O)(=O)c2cc(C(F)(F)F)ccc2NCC(=O)O)ccc1	1.0	1	0.666	0.974
14	COc1ccc(S(=O)(=O)Nc2ccc(S(=O)(=O)NC3CCN(C(=O)CCCN)CC3)c3ccccc23)cc1	1.0	0	0.005	0.956
14	COc1nn(C(C)C)c2c1c(NS(=O)(=O)c1cccc(Cl)c1Cl)ncn2	1.0	1	0.72	0.927
14	COc1cc(C(=O)c2cc(Cl)ccc2NS(=O)(=O)c2ccc(C(C)(C)C)cc2)ccc1	1.0	1	0.616	0.98
14	Cc1ccc(N2C(=O)C(O)=C(C(C)C)C2=O)cc1	1.0	1	0.957	0.963
14	CC(C)c1nc2nc(N)nn2c(O)c1Cc1cc(ClCl)cc(Cl)c1	0.0	0	0.0	0.0
14	O=C(O)c1ccc(I)cc1	1.0	1	0.615	0.992
14	Cc1cc(C)c(S(=O)(=O)NCc2ccc(C(=O)Nc3ccccc3)cc2)cc1	1.0	0	0.314	0.988
14	COc1cc(NS(=O)(=O)c2cc(C)c(NC(=O)c3ccccc3)c3ccccc23)ccc1	1.0	1	0.546	0.979
14	Cc1ccc(C(=O)c2cc(Cl)ccc2NS(=O)(=O)c2ccc(C3(C)CCOCC3)cc2)cc1	1.0	1	0.748	0.959
14	Cc1cc(C(=O)c2cc(Cl)ccc2NS(=O)(=O)c2ccc(C(C)(C)C)cc2)ccn1	1.0	1	0.633	0.972
14	CS(=O)(=O)c1ccc(S(=O)(=O)Nc2ccc(Cl)cc2C(=O)c2ccncc2)cc1	1.0	1	0.558	0.977
14	COc1c2c(NS(=O)(=O)c3ccc(Cl)s3)nn(Cc3cccc(CNc4ccc(Cl)cc4)c3)c2ccc1	1.0	0	0.005	0.946
14	C=CCN(C(=O)Cc1ccc(F)cc1)C1CCN(CCC(C)(C)CO)CC1)OCC	0.0	0	0.0	0.0
14	COc1c(Cl)cccc1NS(=O)(=O)c1c(Cl)c(Cl)ccc1	1.0	1	0.678	0.979
14	COc1nc(Br)cnc1NS(=O)(=O)c1cscc1C	1.0	1	0.876	0.879
14	O=C(c1ccncc1)c1cc(Cl)ccc1NS(=O)(=O)c1cc(F)c(N)c(C(=O)O)c1	1.0	1	0.623	0.96
14	CC(C)(C)c1ccc(S(=O)(=O)Nc2ccc(Cl)cc2C(=O)c2ccncn2)cc1	1.0	1	0.569	0.967
14	O=C(c1cnccc1)c1cc(Cl)ccc1NS(=O)(=O)c1ccc(N2CCOCC2)cc1	1.0	1	0.652	0.973
14	Cc1cc(C(=O)c2cc(Cl)ccc2NS(=O)(=O)c2ccc(F)cc2)ccn1	1.0	1	0.853	0.978
14	CCCn1c(O)nc2c1cc(OC(=O)c1c(Cl)cccc1)cc2	1.0	1	0.642	0.97
14	O=S(=O)(Nc1cc(F)ccc1Cn1ccnn1)c1c2ccccc2n1C1	0.0	0	0.0	0.0
14	O=S(=O)(Nc1cc(Cl)ccc1Cn1ccnn1)c1ccccc1	1.0	1	0.852	0.973
14	CCCC(=O)N1CCC(NS(=O)(=O)c2ccc(NC(=O)c3ccc(OC)cc3)c3c2cccc3)CC1	1.0	0	0.005	0.97
14	Cn1cnc(CNS(=O)(=O)c2ccc(Cl)cc2)c1C	1.0	1	0.919	0.967
14	O=S(=O)(NCCCN1CCC(O)(c2ccc(Cl)cc2)CC1)c1ncsc1Cl	1.0	1	0.394	0.913
14	CCNc1ccc(C(=O)c2cc(Cl)ccc2NS(=O)(=O)c2ccc(Cl)s2)cc1	1.0	1	0.746	0.972
14	COc1c(Cl)ccc(NS(=O)(=O)c2ccc(F)cc2)c1C	1.0	1	0.713	0.984
14	COc1nc2c(cc1NS(=O)(=O)c1ccc(Cl)s1)nc(N2C#N)c2CCCNC(=O)COC	0.0	0	0.0	0.0
14	COc1nc(Cl)cnc1NS(=O)(=O)c1ccc(Br)cc1	1.0	1	0.815	0.968
14	CC(C)c1nc2nc(N)nn2c(O)c1Cc1cIcccc1	1.0	0	0.005	0.393
14	Nc1nn2c(O)c(Cc3ccc(F)cc3)c(C3CC3)nc2n1	1.0	1	0.953	0.929
14	COc1c(NS(=O)(=O)c2ccc(Cl)s2)nc(N2CCOCC2)cc1	1.0	1	0.751	0.958
14	O=C(C1=C(O)C(=O)NC1Cc1ccccc1)c1ccccc1	1.0	1	0.666	0.942
14	c1cc(N2CCN(C(=O)NS(=O)(=O)c3ccccc3)CC2)ccc1	1.0	1	0.541	0.987
14	Cc1c(C(=O)c2cc(Cl)ccc2NS(=O)(=O)c2ccc(F)cc2)cccn1	1.0	1	0.776	0.979
14	COCc1nc2nc(N)nn2c(O)c1Cc1cccc(Cl)c1	1.0	1	0.995	0.927
14	COc1nc(Br)cnc1NS(=O)(=O)c1cccc(Cl)c1	1.0	1	0.798	0.963
14	CC(=O)C1=C(O)C(=O)N(c2ccc(C)cc2)C1c1cccc(Br)c1	1.0	1	0.991	0.948
14	CC(C)Oc1c(Cl)cc(C(=O)Nc2ccc(C(=O)c3ccccc3)cc2)cc1	1.0	1	0.426	0.988
14	COc1c2c(NS(=O)(=O)c3ccc(Cl)s3)nn(Cc3cccc(NC(=O)CO)c3)c2ccc1	1.0	1	0.499	0.942
14	Cc1nc(NCCO)c(C(=O)c2cc(Cl)ccc2NS(=O)(=O)c2ccc(OC(F)(F)F)cc2)cc1	1.0	1	0.405	0.949
14	CC(C)(C)c1ccc(S(=O)(=O)Nc2ccc(Br)cc2C(=O)c2ccncc2)cc1	1.0	1	0.674	0.975
14	COc1nn(C(CO)c2ccccc2)c(C#N)c1NS(=O)(=O)c1ccc(Cl)c(Cl)c1	1.0	1	0.506	0.838
14	O=S(=O)(Nc1cc(Cl)ccc1Cn1ccnn1)c1cccc(C(F)(F)F)c1	1.0	1	0.951	0.958
14	O=C(c1ccncc1)c1cc(Cl)ccc1NS(=O)(=O)c1ccc(C#N)cc1	1.0	1	0.818	0.977
14	CC(=O)C1=C(O)C(=O)N(c2cc(Cl)c(C)cc2F)C1	1.0	1	0.978	0.923
14	Cc1ccc(C(=O)c2cc(Cl)ccc2NS(=O)(=O)c2ccc(NC(C)=O)cc2)cc1	1.0	1	0.56	0.984
14	CCCC(=O)C1=C(O)C(=O)N(c2ccc(C)cc2)C1C1CCCCC1	1.0	1	0.989	0.91
14	Cc1ncnc(C(=O)c2cc(Cl)ccc2NS(=O)(=O)c2ccc(OC(F)(F)F)cc2)c1	1.0	1	0.499	0.957
14	O=C(c1ccncc1)c1cc(Cl)ccc1NS(=O)(=O)c1ccc(-c2cocn2)cc1	1.0	1	0.612	0.956
14	CN(C)c1cccc(C(=O)c2cc(Cl)ccc2NS(=O)(=O)c2ccc(C(C)(C)C)cc2)c1	1.0	1	0.588	0.973
14	CCOc1nn(Cc2cccc(Cn3c(C)c(C)c4ccccc34)c(C#CCCN)c2)cc1Cl	0.0	0	0.0	0.0
14	O=C(O)c1c(Oc2c(Cl)cccc2NS(=O)(=O)c2ccc(N(C)C)cc2)cccc1	1.0	1	0.762	0.974
14	COc1c2c(NS(=O)(=O)c3ccc(Cl)s3)nn(Cc3cccc(Br)c3)c2ccc1	1.0	1	0.661	0.953
14	O=S(=O)(Nc1cc(Cl)ccc1Cn1ccnn1)c1cccc2nonc12	1.0	1	0.81	0.935
14	Cc1c(C(=O)c2cc(Cl)ccc2NS(=O)(=O)c2ccc(F)cc2)cccc1	1.0	1	0.787	0.985
14	COc1ccccc1C(=O)c1cc(Cl)ccc1NS(=O)(=O)c1c(c(Cl)c(Cl)c(Cl)cc2)CCO	0.0	0	0.0	0.0
14	O=S(=O)(Nc1cc(Cl)cc2cccnc12)c1ccc(Cl)c(Cl)c1	1.0	1	0.765	0.978
14	O=C(c1ccncc1)c1cc(Cl)ccc1NS(=O)(=O)c1ccc(-c2cnco2)cc1	1.0	1	0.609	0.964
14	O=C(O)c1ccccc1Oc1ccccc1NS(=O)(=O)c1cccc(Cl)c1	1.0	1	0.765	0.985
14	Oc1cc(CSc2cccc(Cl)c2Cl)nc(Cc2ccccc2)n1	1.0	1	0.66	0.958
14	CC(=O)Nc1ccc(S(=O)(=O)Nc2ccc(C(=O)O)cc2)cc1	1.0	1	0.633	0.991
14	COc1nn(C2CCc3cc(Cl)ccc3C2)c2ccccc12	1.0	1	0.879	0.908
14	COc1cc(OCc2cccc(C(C)C)c2)ccc1OC	1.0	1	0.657	0.991
14	Cc1ncc(C(=O)c2cc(Cl)ccc2NS(=O)(=O)c2ccc(C(C)(C)C)cc2)cc1	1.0	1	0.617	0.974
14	CC(C)(C)c1ccc(S(=O)(=O)Nc2ccc(Br)cc2C(=O)c2ccncc2)cc1	1.0	1	0.674	0.975
15	O=C(O)c1ccccc1O	1.0	1	0.404	0.994
15	CC(=O)C1=C(O)C(=O)N(c2ccc(C)cc2)C1C1CCCCC1	1.0	1	0.994	0.929
15	CC1CCN(C(=O)c2cncc(Cl)c2)CC1	1.0	1	0.794	0.982
15	COc1c(NS(=O)(=O)c2ccc(Cl)s2)nc(N23CCOC3C2)cc1	0.0	0	0.0	0.0
15	O=C(O)c1c(Oc2ccccc2NS(=O)(=O)c2ccc(Cl)cc2)cccc1	1.0	1	0.782	0.986
15	COc1nccnc1NS(=O)(=O)c1cccc(Cl)c1	1.0	1	0.736	0.977
15	COc1ccc(N2C(=O)C(O)=C(C(C)=O)C2C2CCCCC2)cc1	1.0	1	0.989	0.931
15	CC(=O)c1c(C)oc2c1cc(NS(=O)(=O)Cc1ccccc1)c1ccccc12	1.0	1	0.499	0.966
15	Cc1cc(C(=O)c2cc(Cl)ccc2NS(=O)(=O)c2ccc(OC(F)(F)F)cc2)ccn1	1.0	1	0.53	0.967
15	CC1(c2ccc(S(=O)(=O)Nc3ccc(Cl)cc3C(=O)c3ccccc3)cc2)OCCO1	1.0	1	0.399	0.963
15	Cc1cccc(C(=O)c2cc(Cl)ccc2NS(=O)(=O)c2ccc(C)cc2)c1	1.0	1	0.64	0.986
15	COc1cc2c(cc1NS(=O)(=O)c1c(Cl)c(Cl)ccc1)nc(O)n2C1CNC(O)C1O[CH-]n1cc(Br)cc1N	1.0	0	0.005	0.169
15	COc1nc2c(F)c(Cl)ccc2c2ccccc12	1.0	1	0.693	0.977
15	O=S(=O)(Nc1cc(Cl)ccc1Cn1ccnn1)c1cscc1	1.0	1	0.829	0.938
15	CCCn1c2c(c1=N)N(Cc1ccccc1)C(=O)C2C(C)(C)C	1.0	1	0.797	0.775
15	COc1c2c(NS(=O)(=O)c3ccc(Cl)s3)nn(Cc3ccc(CNC(C)=O)cc3)c2ccc1	1.0	1	0.606	0.951
15	CC(C)(C)c1ccc(S(=O)(=O)Nc2cccc(C(=O)c3ccco3)c2)cc1	1.0	1	0.441	0.979
15	COc1c(C)nc2n1C1CCN(C(=O)Cc3ccccc3)CC1C2O	1.0	1	0.624	0.647
15	CC(=O)C1=C(O)C(=O)N(c2ccc(C)cc2C)C1c1ccc(Cl)cc1	1.0	1	0.989	0.943
15	Cc1ccc(C(=O)c2cc(Cl)ccc2NS(=O)(=O)c2ccc(C(C)(C)c3ncccc3)cc2)cc1	1.0	1	0.508	0.965
15	COC(=O)CCc1ccc(S(=O)(=O)Nc2ccc(Cl)cc2C(=O)c2ccncc2)cc1	1.0	1	0.537	0.975
15	CCCC=C1C(=O)C(=O)C1=Nc1ccccc1CCCO	1.0	1	0.662	0.9
15	O=C(c1ccncc1)c1cc(Cl)ccc1NS(=O)(=O)c1cc(F)ccc1	1.0	1	0.681	0.98
15	CC1(c2ccc(S(=O)(=O)Nc3ccc(Cl)cc3C(=O)c3ccncc3)cc2)OCCO1	1.0	1	0.675	0.949
15	Oc1cc(CSc2cccc(Cl)c2Cl)nc2nc(-c3ccccc3)nn12	1.0	1	0.724	0.945
15	O=C(c1ccncc1)c1cc(Cl)ccc1NS(=O)(=O)c1ccc(Cl)cc1	1.0	1	0.7	0.983
15	CC(C)(C)c1ccc(S(=O)(=O)Nc2ccc(F)c(F)c2C(=O)c2ccncc2)cc1	1.0	1	0.65	0.965
15	CC(=O)C1=C(O)C(=O)N(c2cc(Cl)ccc2)C1C1CCCCC1	1.0	1	0.983	0.92
15	O=C(O)c1ccccc1Oc1c(F)cc(Br)cc1F	1.0	1	0.845	0.981
15	CC(=O)NCc1ccc(CN(C(=O)Cc2ccccc2)c2ccccc2)cc1	1.0	1	0.781	0.986
15	COc1nn2c(Cc3ccccc3)nc(N)n2c1cccc1	0.0	0	0.0	0.0
15	COc1cc(COc2ccc(S(=O)(=O)Nc3ccccc3)cc2)cc1CN	0.0	0	0.0	0.0
15	CCC(=O)C1=C(O)C(=O)N(c2ccc(C)cc2)C1C1CCCCC1	1.0	1	0.993	0.913
15	CCCCc1nc2nc(N)nn2c(O)c1Cc1cccc(Cl)c1	1.0	1	0.988	0.935
15	COC(=O)C1CCN(C(=O)c2ccc(-c3ccccc3)cc2)CC1	1.0	1	0.64	0.99
15	Cc1ccc(N2C(=O)C(O)=C(C(C)=O)C2C2CCCCC2C)cc1	1.0	1	0.992	0.792
15	COc1c(-c2cc(Cl)ccc2NS(=O)(=O)c2ccc(C(C)(C)C)cc2)nccc1	1.0	1	0.684	0.973
15	COc1c2c(NS(=O)(=O)c3ccc(Cl)s3)nn(C3COC3)c2ccc1N	1.0	1	0.65	0.864
15	CCOc1cc(C(=O)Nc2c(C)cc(C)cc2C)ccc1	1.0	1	0.822	0.99
15	CCCNC(=O)C(=O)C(Cc1ccccc1)c1ccccc1C(=O)c1ccccc1N	1.0	1	0.521	0.926
15	O=C(C1=C(O)C(=O)N(c2ccc(Br)cc2)C1C1CCCCC1)C1CCCCC1	1.0	1	0.992	0.9
15	O=C(c1ccncc1)c1cc(Cl)ccc1NS(=O)(=O)c1ccc(Cl)cc1	1.0	1	0.7	0.983
15	CC(=O)C1=C(O)C(=O)N(c2ccc(C(C)(C)C)cc2)C1C1CCCCCCCC1	1.0	1	0.943	0.811
15	Cc1ccc(S(=O)(=O)Nc2cc(F)c(F)cc2C(=O)c2ccncc2)cc1	1.0	1	0.822	0.977
15	COc1cc(N2C(=O)c3c(ccc(O)c3C(=O)c3c(C)ccc3C(C)=O)c3ccccc32)ccc1	0.0	0	0.0	0.0
15	O=C(NCc1ccccc1)c1cc(Oc2ccc(Cl)cc2NS(=O)(=O)c2ccc(Cl)s2)ccc1	1.0	1	0.367	0.973
15	CCOc1ccc(C=NNc2c([N+](=O)[O-])cc(Br)cc2)cc1	1.0	1	0.548	0.979
15	CNS(=O)(=O)c1ccc(CNC(=O)c2ncco2)cc1	1.0	1	0.814	0.97
15	CC(=O)C1=C(O)C(=O)N(c2ccc(F)cc2)C1C1CCCCC1	1.0	1	0.992	0.926
15	COc1ccc(S(=O)(=O)Nc2ccc(C(=O)O)cc2)cc1C	1.0	1	0.64	0.99
15	CC(=O)Nc1ccc(C(=O)Nc2ccc(Cl)cc2)cc1Cl	1.0	1	0.72	0.992
15	COc1c2c(NS(=O)(=O)c3ccc(Cl)s3)nn(C)c2cc1	0.0	0	0.0	0.0
15	CC(=O)NCc1cc(Cn2nc(NS(=O)(=O)c3ccc(Cl)s3)c3ccccc32)ccc1	1.0	1	0.471	0.958
15	Nc1nn2c(O)c(Cc3cccc(Cl)c3)c(C3CC3)nc2n1	1.0	1	0.908	0.922
15	Cc1cccnc1NS(=O)(=O)c1ccc(Cl)cc1Cl	1.0	1	0.883	0.982
15	COc1ncc(N2C(=O)c3c(c(N)ccc3)NC2=O)cn1	1.0	1	0.825	0.936
15	CNC(=O)C1=C(O)C(=O)N(c2ccc(C)cc2)C1C1CCCCC1	1.0	1	0.994	0.917
15	O=C(c1cnc(Cl)c(Cl)c1)N1CCC(NCCO)CC1	1.0	1	0.735	0.969
15	CS(=O)(=O)c1cc(NS(=O)(=O)c2ccc(Cl)cc2)c(Oc2ccccc2C(=O)O)cc1	1.0	1	0.676	0.978
15	COc1ccc(S(=O)(=O)Nc2ccc(Cl)cc2C(=O)c2ccncc2)cc1	1.0	1	0.662	0.983
15	CCCC(=O)N1CCC(NS(=O)(=O)c2ccc(NC(=O)c3cccc(C)c3)c3c2cccc3)CC1	1.0	1	0.415	0.969
15	O=S(=O)(NCc1ccc(Cl)cc1)c1ccccc1C[n+]1cc(Cl)ncc1N	1.0	1	0.524	0.918
15	CC(=O)NCc1ccc(CNC(=S)Nc2ccccc2)cc1	1.0	1	0.5	0.99
15	O=C(c1ccccc1)c1cc(Cl)ccc1NS(=O)(=O)c1ccc(N2CCOCC2)nc1	1.0	1	0.642	0.974
15	O=S(=O)(NCCCN1CCC(O)(c2ccc(Cl)cc2)CC1)c1cccc2ccccc12	1.0	1	0.532	0.968
15	O=C(NS(=O)(=O)c1ccc(Cl)cc1)N1CCCCCC1	1.0	1	0.877	0.986
15	O=[N+]([O-])c1cc(O)n2c1nc(O)c2=O	1.0	1	0.516	0.698
15	O=C(O)c1ccccc1Oc1ccc(Cl)cc1NS(=O)(=O)c1ccc(Cl)cc1	1.0	1	0.743	0.984
15	CCCCN1C(=O)C(Nc2ccc(S(=O)(=O)NC)cc2)C1=O	1.0	1	0.639	0.967
15	CC(=O)NCc1ccc(CN(Cc2ccc(Cl)cc2)Cc2ccc(Cl)cc2)cc1	1.0	1	0.36	0.985
15	COc1ccc(S(=O)(=O)Nc2ccc(F)cc2C(=O)c2ccncc2)cc1	1.0	1	0.668	0.982
15	CC(=O)C1=C(O)C(=O)N(Cc2ccco2)C1C1CCCCC1	1.0	1	0.633	0.889
15	COc1c(NS(=O)(=O)c2ccc(Cl)s2)ncc(Br)n1	1.0	1	0.776	0.934
15	CCCCc1nc2nc(N)nn2c(O)c1Cc1cccc(Cl)c1	1.0	1	0.988	0.935
15	CC(=O)c1ccc(S(=O)(=O)Nc2cccc(C(F)(F)F)c2)cc1C	1.0	1	0.848	0.982
15	COc1ccc(N2C(=O)C3ON(C)c4c(cccc43)C2C(=O)c2ccccc2)cc1	1.0	1	0.863	0.302
15	CC1(c2ccc(S(=O)(=O)Nc3cccc(F)c3)cc2)CCNCC1	1.0	1	0.534	0.968
15	CNS(=O)(=O)c1cccn1Cc1ccc(C(=O)c2ccccc2)cc1	1.0	1	0.568	0.971
15	CC(=O)C1=C(O)C(=O)N(c2ccc(Br)cc2)C1C1CCCCC1	1.0	1	0.997	0.919
15	CCCc1c(OC)cc[n+](S(=O)(=O)c2ccc(NC(C)=O)cc2)c1	1.0	1	0.596	0.926
15	COc1nc(Cl)cnc1NS(=O)(=O)c1c(Cl)c(Cl)ccc1	1.0	1	0.831	0.955
15	N#Cc1c2c(c(NS(=O)(=O)c3ccc(Cl)cc3)c1)C(=O)c2c1ccccn1	1.0	1	0.691	0.942
15	COc1ccc2nc(NS(=O)(=O)c3ccc(OC)cc3)c(NS(=O)(=O)c3ccc(Cl)s3)nc2c1	1.0	1	0.606	0.955
15	O=S(=O)(Nc1cc(Cl)ccc1Cn1ccnn1)c1ccccc1C	1.0	1	0.852	0.967
15	CC(C)(C)c1ccc(SCc2ccc(CN3CCCC3)cc2)cc1	1.0	1	0.47	0.986
15	CC(C)(C)c1ccc(S(=O)(=O)Nc2ccc(Cl)cc2C(=O)c2cccc(OC(=O)(C(Cl)Cl)C(Cl)F)c2)cc1	0.0	0	0.0	0.0
15	COc1c2c(NS(=O)(=O)c3ccc(F)cc3)nn(Cc3cccc(C(=O)O)c3)c2ccc1	1.0	1	0.827	0.968
15	O=C(c1ccncc1)c1cc(Cl)ccc1NS(=O)(=O)c1ccc(N2CCOCC2)cc1	1.0	1	0.655	0.973
15	CC(=O)C1=C(O)C(=O)N(c2cc(C)ccc2)C1C1CCCCC1	1.0	1	0.986	0.922
15	O=C(C1=C(O)C(=O)N(c2ccc(N)cc2)C1C1CCCCC1)C1CCCCCC1	1.0	1	0.965	0.893
15	CCOC(=O)c1ccc(NS(=O)(=O)c2ccc(C(=O)OC)cc2)cc1	1.0	1	0.502	0.99
15	CC(C)(c1ccc(S(=O)(=O)N2CCOCC2)cc1C(=O)O)C1CCCCCCCCCC1=O	1.0	1	0.704	0.713
15	Nc1nn2c(O)c(Cc3ccccc3Cl)c(C3CC3)nc2n1	1.0	1	0.995	0.921
15	O=S(=O)(NCCCN1CCC(O)(c2ccc(Cl)cc2)CC1)c1ccccc1	1.0	1	0.628	0.976
15	O=C(O)c1c(F)c(F)c(F)c(Br)c1F	1.0	1	0.671	0.942
15	CNC(=O)Cn1nc(OC)c2c1NCN(C)C2	1.0	1	0.669	0.796
15	CC(=O)C1=C(O)C(=O)N(c2cc(Cl)ccc2)C1C1CCCCC1	1.0	1	0.983	0.92
15	CC(=O)C1=C(O)C(=O)N(c2ccc(C(cccccc2)c2ccccc2)c2ccccc2)C1	1.0	0	0.005	0.488
15	COc1ccc2ncn(C)c(=O)c2c1CNc1c(Cl)c(Cl)c(Cl)c(Cl)c1	1.0	1	0.816	0.93
15	COc1nn(C2COC2)c2c1c(NS(=O)(=O)c1ccc(Cl)cc1)ncn2	1.0	1	0.833	0.929
16	COc1ccc(CN2C(=O)c3c(C)cccc3N3CCNCC3c2cccc(Cl)c1	0.0	0	0.0	0.0
16	CC(=O)C1=C(O)C(=O)N(c2ccc(C)cc2)C1C1CCCCC1	1.0	1	0.994	0.929
16	O=S(=O)(Nc1cc(Cl)ccc1Cn1ccnn1)c1ccc(Cl)cc1	1.0	1	0.919	0.97
16	O=S(=O)(Nc1cc(Cl)ccc1Cn1cncn1)c1ccccc1	1.0	1	0.892	0.978
16	CCCNS(=O)(=O)c1cccc(CNC(=O)c2cccc3c2cnn3C)c1O	1.0	1	0.598	0.956
16	CC(=O)C1=C(O)C(=O)N(c2cc(C)c(C)cc2C)C1C1CCCCC1	1.0	1	0.988	0.89
16	Cc1noc(C)c1S(=O)(=O)Nc1ccc(C(=O)N2CCCCCC2)cc1	1.0	1	0.555	0.979
16	COc1cc(C(=O)N=C(Cc2ccc(Cl)cc2)C(=O)NO)ccc1	1.0	1	0.868	0.96
16	O=S(=O)(Nc1cc(Cl)c(Cl)cc1Cn1ccnn1)c1cccc(C(F)(F)F)c1	1.0	1	0.943	0.945
16	Cc1ccc(C(=O)c2cc(Cl)ccc2NS(=O)(=O)c2ccc(C3(C)CCOCC3)cc2)cc1	1.0	1	0.748	0.959
16	O=C(Nc1cccnc1)c1ccccc1	1.0	1	0.681	0.995
16	CC(C)(C)COc1nc(Cl)cnc1NS(=O)(=O)c1cccc(Cl)c1Cl	1.0	1	0.612	0.934
16	CC(=O)C1=C(O)C(=O)N(c2ccc(C)cc2)C1C(C)C)CC1CCCCO1	0.0	0	0.0	0.0
16	CC(C)(C)c1ccc(S(=O)(=O)Nc2ccc(Cl)cc2C(=O)c2ccc(Cl)cc2)cc1	1.0	1	0.793	0.982
16	CCCC(=O)N1CCC(NS(=O)(=O)c2ccc(NC(=O)C3CCN(C)CC3)c3c2cccc3)CC1	1.0	1	0.395	0.96
16	O=S(=O)(Nc1cc(Cl)ncc1)c1ccccc1CO	1.0	1	0.816	0.976
16	COc1nc(Br)cnc1NS(=O)(=O)c1cccc(Cl)c1Cl	1.0	1	0.836	0.95
16	O=C(Nc1cccc(Cl)c1)c1ccc(O)cc1	1.0	1	0.876	0.994
16	COc1ccc(NS(=O)(=O)c2ccc(Cl)cc2)cc1	1.0	1	0.801	0.994
16	COc1c2c(NS(=O)(=O)c3ccc(Cl)s3)nn(CCn3ccnc3)c2ccc1	1.0	1	0.654	0.926
16	O=C(O)c1ccncc1	1.0	0	0.343	0.992
16	COc1nc(Cl)cnc1NS(=O)(c1ccccc1)c1ccccc1	1.0	0	0.005	0.697
16	COc1nc(Cl)cnc1NS(=O)(=O)c1cccc(Cl)c1	1.0	1	0.739	0.967
16	CCCCc1nc2nc(N)nn2c(O)c1Cc1cc(Cl)cc(C)c1	1.0	1	0.99	0.913
16	CC(C)(C)c1ccc(S(=O)(=O)Nc2ccc(Cl)cc2C(=O)c2cnc(Cl)cn2)cc1	1.0	1	0.828	0.959
16	N#Cc1cc(S(=O)(=O)Nc2c(Cl)c(Cl)ccc2C(=O)c2ccncc2)ccc1	1.0	1	0.874	0.959
16	Cc1c2C(=Cc3c(Cl)cccc3)c3ccccc3c[n+]2ccc1Cc1ccc(Cl)cc1	0.0	0	0.0	0.0
16	O=S(=O)(NCCCN1CCC(O)(c2ccc(Cl)cc2)c2cccc(c2)C1=O22	0.0	0	0.0	0.0
16	O=S1(=O)NC(Nc2ccc(Cl)c(Cl)c2)=Nc2c1cc(Cl)cc2O	1.0	1	0.743	0.871
16	COc1ccc(Cl)cc1NS(=O)(=O)c1cc(Cl)c(Cl)cc1F	1.0	1	0.793	0.982
16	CC(=O)OCc1cc(C(C)(C)C)c(O)c(C(C)(C)C)c1Oc1cc(Cl)cc(C(F)(F)F)c1	1.0	1	0.776	0.907
16	CCOC(=O)C1=C(O)C(=O)N(c2ccc(C)cc2)C1C1CCCCC1	1.0	1	0.977	0.929
16	CCCCc1nc2ncnc(O)c2c(=O)n1Cc1ccc(C(C)(C)C)cc1	1.0	1	0.879	0.944
16	O=C(Nc1cccc2c1CCCN2)c1ccccc1Oc1ccccc1	1.0	1	0.611	0.981
16	Cc1cc(-c2cnc(C)nc2NS(=O)(=O)c2ccc(Cl)c(C(F)(F)F)c2)ccc1	1.0	1	0.82	0.96
16	CC(C)(C)c1ccc(S(=O)(=O)Nc2ccc(Cl)cc2-c2ncccn2)cc1	1.0	1	0.696	0.975
16	O=C(O)c1c(Oc2ccc(Cl)cc2NS(=O)(=O)c2ccc(Cl)c(Cl)c2)ccc(C(=O)N2CCOCC2)c1	1.0	0	0.005	0.96
16	O=S(=O)(NCCCN1CCC(O)(c2ccc(Cl)cc2)CC1)c1ccccc1	1.0	1	0.628	0.976
16	COc1c(NS(=O)(=O)c2ccc(Cl)s2)cccc1	1.0	1	0.709	0.986
16	NS(=O)(=O)c1ccc(S(=O)(=O)CCNS(=O)(=O)c2ccc(Cl)c(Cl)c2)cc1	1.0	1	0.419	0.973
16	CS(=O)(=O)Nc1cc(CCc2ccccn2)ccc1	1.0	1	0.636	0.986
16	CCn1c(O)c2c(c1O)C1(C)C(=O)N(c3cccc(C(C)C)c3)C(=O)C1C1CC3CCN(CC(=O)O)(C2)C31	0.0	0	0.0	0.0
16	COc1nc(Cl)c(N2CCCCC2)nc1	1.0	1	0.795	0.966
16	Cc1ccc(-c2cc(SCc3nc4nc(Cc5ccccc5)nn4c(O)c3)ccc2)cc1	1.0	1	0.772	0.952
16	CCCC(=O)N1CCC(NS(=O)(=O)c2ccc(NC(=O)c3c(C)cccc3)c3c2cccc3)CC1	1.0	1	0.376	0.969
16	CC(=O)NCc1cc(Cl)ccc1NS(=O)(=O)c1ccc(Cl)cc1	1.0	1	0.798	0.984
16	N#Cc1c[n+](CC2CCCN(C(=O)c3ccccc3)c3c2cccc3O)cc1	0.0	0	0.0	0.0
16	O=C(NCCNC(=O)c1ccccc1Cl)c1cccc2ccccc12	1.0	1	0.616	0.99
16	O=C(O)c1cccnc1	1.0	0	0.292	0.992
16	COc1cc2c(cc1NS(=O)(=O)c1c(Cl)c(Cl)ccc1)nc(O)n2C(C)C	1.0	1	0.833	0.937
16	COc1cc2c(cc1NS(=O)(=O)c1c(Cl)c(Cl)ccc1)n(C)c(O)n2C	0.0	0	0.0	0.0
16	CC(C)(C)c1ccc(SC(=O)Cc2ccccc2)cc1	1.0	1	0.661	0.982
16	CC(C)c1nc2nc(N)nn2c(O)c1Cc1cccc(Cl)c1	1.0	1	0.911	0.929
16	Cn1ncc2c1ncnc2NS(=O)(=O)c1c(Cl)c(Cl)ccc1	1.0	1	0.778	0.962
16	CCOC(=O)N1CCC(NS(=O)(=O)c2ccc(Cl)cc2)CC1	1.0	1	0.725	0.984
16	O=S(=O)(Nc1cc(Cl)ccc1Cn1cncn1)c1cccc2nonc12	1.0	1	0.687	0.945
16	N#Cc1cccn1Cc1ccccc1F	1.0	1	0.684	0.973
16	C=C(C)c1ccc(S(=O)(=O)NCC)cc1	1.0	1	0.473	0.983
16	COc1ccc(C2C(C(C)=O)=C(O)C(=O)C2)c(OC)c1	1.0	1	0.801	0.903
16	Oc1cc(CSc2ccc(F)c(F)c2)nc2nc(Cc3ccccc3)nn12	1.0	1	0.415	0.945
16	Cc1cc(NS(=O)(=O)c2cccc(Cl)c2)cc(C(=O)Oc2ccccc2)c1	1.0	1	0.591	0.984
16	COc1nn(CC(N)=O)c2c1c(NS(=O)(=O)c1cccc(Cl)c1Cl)ncn2	1.0	1	0.781	0.926
16	CS(=O)(=O)c1ccc(S(=O)(=O)Nc2cccc(C(=O)N3CCCC3)c2)cc1	1.0	1	0.557	0.985
16	O=C(Nc1cccc(S(=O)(=O)NCc2ccccc2)c1)c1ccccc1	1.0	1	0.442	0.991
16	CNC(=O)c1ccccc1NS(=O)(=O)c1cccc(C)c1	1.0	1	0.722	0.989
16	CC(=O)NCc1ccc(Cl)cc1NS(=O)(=O)c1ccc(C)cc1	1.0	1	0.757	0.984
16	O=C(OCc1ccccc1)c1ccc(C=NNc2ccccc2)cc1	1.0	1	0.373	0.989
16	O=S(=O)(Nc1cc(Cl)ccc1Cn1ccnn1)c1ccc(Cl)s1	1.0	1	0.834	0.947
16	COc1c(-c2cc(Cl)ccc2NS(=O)(=O)c2ccc(C(C)(C)C)cc2)nccc1	1.0	1	0.684	0.973
16	Cn1nnnc1Cc1ccc(Cl)cc1NS(=O)(=O)c1ccc(Cl)cc1Cl	1.0	1	0.947	0.957
16	CCCC(=O)N1CCC(NS(=O)(=O)c2ccc(OCc3ccc(Cl)cc3)c3c2cccc3)CC1	1.0	1	0.456	0.971
16	CCCC(=O)C1=C(O)C(=O)N(c2ccc(OC)cc2)C1C1CCCCC1	1.0	1	0.985	0.912
16	CC(=O)C1=C(O)C(=O)N(c2ccc(C)cc2)C1C1CCCCC1	1.0	1	0.994	0.929
16	COc1nc(Br)cnc1NS(=O)(=O)c1ccc(Cl)cc1	1.0	1	0.802	0.968
16	O=S(=O)(Nc1cc(Cl)c(Cl)cc1Cn1ccnn1)c1cc(Cl)c(Cl)cc1	1.0	1	0.935	0.951
16	Cc1nn2c(O)cc(CSc3ccccc3)nc2n1	1.0	1	0.86	0.951
16	COc1nc(Cl)cnc1NS(=O)(=O)c1cccc(Cl)c1	1.0	1	0.739	0.967
16	COCCOc1nn(C)c2c1c(NS(=O)(=O)c1cccc(Cl)c1Cl)nc(NCCN)n2	1.0	1	0.466	0.906
16	CCOc1c(OC)cc(C=NNc2c([N+](=O)[O-])cccc2)cc1	1.0	1	0.597	0.982
16	CC(=O)C1C(=O)N(C)c2ccccc2N1	1.0	1	0.667	0.886
16	Oc1cc(CSc2ccc(Cl)cc2)ncc1C	1.0	1	0.649	0.968
16	COc1c2c(NS(=O)(=O)c3ccc(Cl)s3)nn(Cc3ccccc3)c2ccc1	1.0	1	0.551	0.965
16	Cc1cccnc1N1C(=O)c2c(ccc(Cl)c2)N1C(=O)OCCN(C)C	1.0	1	0.738	0.92
16	O=C(c1cnn(C(c2ccccc2)c2ccccc2)c1)N1CCCCCC1	1.0	1	0.743	0.977
16	Cc1cc(NC(=O)c2cnn(Cc3ccccc3)c2)cn1C(C)c1sc2ccccc2c1Br	1.0	0	0.342	0.83
16	O=C(O)c1c(F)c(F)c(F)c(F)c1F	1.0	1	0.67	0.966
16	O=S(=O)(Nc1ncnc2n[nH]nc12)c1ccc(Cl)c(FCl)c1	0.0	0	0.0	0.0
16	O=c1c2ccccc2nc2nc(NCCO)n(Cc3ccccc3)c(=O)c12	0.0	0	0.0	0.0
16	COc1nc(Br)cnc1NS(=O)(=O)c1ccccc1	1.0	1	0.834	0.971
16	CCOC(=O)C1=C(O)C(=O)N1Cc1ccc(C)cc1	1.0	1	0.933	0.972
16	CC(=O)C1=C(O)C(=O)N(c2c(C)cc(C)cc2)C1C1CCCCC1	1.0	1	0.991	0.91
16	CC(=O)NCc1ccc(CN(C(=O)Cc2ccc(OC)c(OC)c2)C(C)C)cc1	1.0	1	0.687	0.98
16	O=C(c1cc[n+]([O-])cc1)c1cccnc1	1.0	1	0.684	0.961
16	COc1ccc(Cn2nc(NS(=O)(=O)c3ccc(Cl)cc3)c3c2cccc3OC)cc1	1.0	1	0.838	0.974
16	O=C(O)c1ccccc1Oc1ccc(Cl)cc1NS(=O)(=O)c1ccc(C(Cl)(Cl)CCl)cc1	1.0	1	0.584	0.95
16	Cc1ncccc1S(=O)(=O)NC(=O)N1CCCCC1	1.0	1	0.595	0.969
16	CC(=O)C1=C(O)C(=O)N(c2ccc(C)cc2)C1c1cc(Br)ccc1	1.0	1	0.991	0.948
16	N#CC1(c2ccccc2)CCN(C(=O)c2ncc(Cl)cc2)CC1	1.0	1	0.8	0.965
16	CCC(=O)Nc1ccc(S(=O)(=O)Nc2ccc(C(=O)OC)cc2)cc1	1.0	1	0.567	0.989
16	CC(=O)C1=C(O)C(=O)N(c2ccc(C)cc2)C1C1CCCCC1	1.0	1	0.994	0.929
17	Cc1c(S(=O)(=O)NCCC(=O)O)cccc1Cl	1.0	1	0.533	0.984
17	CC(C)(C)c1ccc(S(=O)(=O)Nc2ccc(Cl)c(Cl)c2)cc1	1.0	1	0.721	0.988
17	O=C(NS(=O)(=O)c1cccc(C(F)(F)F)c1)N1CCCCC1	1.0	1	0.646	0.979
17	O=C(Nc1ccc(S(=O)(=O)NCc2ccccc2)c2c1cccc2)c1ccccc1	1.0	1	0.461	0.987
17	O=C(OCc1ccccc1)c1c(O)n(Cc2ccccc2)c2ccccc12	1.0	1	0.709	0.983
17	CN(C)c1ccc(S(=O)(=O)NCCc2ccccc2)cc1	1.0	1	0.75	0.99
17	Cc1cccc(C2c3c(C)n[nH]c3O)c(C3(C)COC(C)(C)C32)n1	0.0	0	0.0	0.0
17	Cc1cc(C(=O)Nc2ccc(S(=O)(=O)Nc3nnc(Cl)s3)cc2)ccc1	1.0	1	0.442	0.976
17	CCOC(=O)C1=C(O)C(=O)N1c1cc(Br)c(NS(=O)(=O)c2ccccc2)cc1	1.0	1	0.51	0.954
17	CC(C)(C)c1ccc(S(=O)(=O)Nc2ccc(Cl)cc2-c2c(O)c(CO)ccc2)cc1	1.0	1	0.746	0.967
17	Cn1ncc2c1cc(S(=O)(=O)Nc1ccc(F)cc1)c(C(=O)O)n2	1.0	1	0.797	0.953
17	Cc1[n+]([O-])cc(C(=O)c2cc(Cl)ccc2NS(=O)(=O)c2ccc(C(C)(C)C)cc2)cc1	1.0	1	0.73	0.948
17	CCOC(=O)N1CCC(NS(=O)(=O)c2ccc(OC)cc2)CC1	1.0	1	0.753	0.985
17	Nc1ccc(C(=O)NS(=O)(=O)c2ccc(F)cc2)cc1	1.0	1	0.751	0.989
17	Cc1ccc(C2=NC(=O)C(=Cc3cccc(C(N)=O)c3)C2=O)cc1	1.0	1	0.543	0.965
17	O=C(c1cnccc1)c1ccc(Cn2c3c(c5ccccc23)C2=NNCCN2)c1	0.0	0	0.0	0.0
17	CC(=O)C1=C(O)C(=O)N(c2ccc(C)cc2)C1c1cc(Br)ccc1	1.0	1	0.991	0.948
17	Nc1cc(F)c(NS(=O)(=O)c2cc(F)c(Cl)cc2)cc1	1.0	1	0.824	0.982
17	O=C(O)c1c(Oc2ncncc2NS(=O)(=O)c2ccc(Cl)c(Cl)c2)cccc1	1.0	1	0.593	0.966
17	Cc1c(C(=O)Nc2ccc(S(=O)(=O)Nc3nccs3)cc2)cccc1	1.0	1	0.541	0.985
17	CC(=O)c1c(C)oc2c1cc(NS(=O)(=O)c1ccc(OC(C)C)cc1)c1ccccc12	1.0	1	0.782	0.963
17	CC(=O)C1=C(O)C(=O)N(c2ccc(C)cc2)C1C1CCCCC1	1.0	1	0.994	0.929
17	CC1CCN(C(=O)C(C)n2cc(C)c3ccccc32)CC1	1.0	1	0.645	0.939
17	COc1nc(Cl)cnc1NS(=O)(=O)c1c(Cl)csc1Cl	1.0	1	0.897	0.862
17	CCCCc1nc2nc(N)nn2c(O)c1Cc1ccccc1	1.0	1	0.989	0.948
17	CC(C)(C)c1ccc(S(=O)(=O)Nc2ccc(C(=O)O)cc2)cc1	1.0	1	0.614	0.989
17	CC(C)(C)c1ccc(S(=O)(=O)Nc2ccc(Cl)cc2C(=O)c2ccncc2)cc1	1.0	1	0.678	0.977
17	COc1cccc2c1c(NS(=O)(=O)c1ccc(Cl)s1)nn2Cc1ccccc1CO	1.0	1	0.592	0.947
17	O=S1(=O)Nc2ccc(Cl)cc2O1ccccc1	0.0	0	0.0	0.0
17	COc1nc(Br)cnc1NS(=O)(=O)c1cccc(Cl)c1	1.0	1	0.798	0.963
17	O=S(=O)(Nc1cc(Cl)cc(Cl)c1O)c1ccccc1	1.0	1	0.553	0.986
17	O=C(NS(=O)(=O)c1cccc(C(F)(F)F)c1)NS1(=O)=NC23CCCCC2C(COC(=O)c2ccccc2)CC315	0.0	0	0.0	0.0
17	Oc1cc(CSc2cccc(C(F)(F)F)c2)nc2nc(C3CC3)nn12	1.0	1	0.551	0.915
17	CC(C)c1nc2nc(N)nn2c(O)c1Cc1ccc(Cl)cc1	1.0	1	0.964	0.937
17	CCCCCCc1ccc(C(=O)NO)cc1	1.0	1	0.786	0.991
17	N#Cc1cc(Oc2ccc(C(=O)Nc3ccccc3)cc2)ccc1	1.0	1	0.491	0.991
17	O=S(=O)(Nc1ncncn1)c1ccc(Cl)c(F)c1	1.0	1	0.755	0.967
17	N#Cc1cc2c(cc1)c1c(C(N)=O)nc(N(C)C)nc2n1C	1.0	1	0.892	0.395
17	O=C(O)c1ccccc1Oc1c(F)cc(Br)cc1F	1.0	1	0.845	0.981
17	O=C(NCCN=O)c1ccccc1Oc1ccc(Cl)cc1	1.0	1	0.938	0.98
17	COc1ccc(S(=O)(=O)Nc2ccc(F)cc2C(=O)c2ccncc2)cc1	1.0	1	0.668	0.982
17	O=C(Nc1ccc(N2CCC(Oc3ccccc3)CC2)cc1)N1CCOCC1	1.0	1	0.415	0.981
17	CC(C)S(=O)(=O)c1ccc(C(=O)Nc2ccc(Cl)cc2)cc1	1.0	1	0.484	0.99
17	O=C(O)c1c(Oc2cnccc2NS(=O)(=O)c2ccc(Cl)cc2)cccc1	1.0	1	0.817	0.978
17	COCC(C)(C)c1ccc(S(=O)(=O)Nc2ccc(Cl)cc2C(=O)c2ccncc2)cc1	1.0	1	0.632	0.962
17	COc1nc(Cl)cnc1NS(=O)(=O)c1cccc(Cl)c1Cl	1.0	1	0.831	0.955
17	NS(=O)(=O)c1ccc(NC(=O)Nc2ccc(F)cc2)cc1	1.0	1	0.447	0.991
17	CC(=O)OCC(C)(C)c1ccc(NS(=O)(=O)c2ccc(Cl)cc2)cc1	1.0	1	0.568	0.979
17	CCOc1ccc(S(=O)(=O)Nc2ccc(Cl)cc2C(=O)c2ccncc2)cc1	1.0	1	0.519	0.981
17	O=S(=O)(Nc1cc(Cl)ccc1Cn1ccnn1)c1cccc(F)c1	1.0	1	0.894	0.965
17	CC(C)(C)c1ccc(S(=O)(=O)Nc2ccc(Cl)cc2-c2c(N)nccn2)cc1	1.0	1	0.649	0.966
17	O=S1(=O)NC(Nc2ccccc2F)=Nc2c1cc(Cl)cc2O	1.0	1	0.73	0.877
17	O=C(c1cncs1)c1cc(Cl)ccc1NS(=O)(=O)c1ccc(C(C)(C)C)cc1	1.0	1	0.613	0.959
17	O=S(=O)(Nc1cc(Cl)ccc1Cn1ccnn1)c1csc2c1cccc2	1.0	1	0.764	0.944
17	Oc1c(Cc2ccccc2)ccc2c1ccc1ccccc12	1.0	1	0.705	0.988
17	O=C(O)c1c(Oc2cnccc2NS(=O)(=O)c2ccc(Cl)c(Cl)c2)cccc1	1.0	1	0.724	0.972
17	Cc1cc(NS(=O)(=O)c2ccc(C(=O)NCCC3CCNCC3)c3ccccc23)ccc1C	1.0	1	0.385	0.964
17	COc1nc(Cl)cnc1NS(=O)(=O)c1cccc(Cl)c1	1.0	1	0.739	0.967
17	Cc1c2C(=O)N(c3ccc(F)cc3F)C(=O)c2c(N)ccc1N(	0.0	0	0.0	0.0
17	COc1nccc(C(=O)c2cc(Cl)ccc2NS(=O)(=O)c2ccc(-c3cnco3)cc2)c1	1.0	1	0.541	0.953
17	O=S(=O)(Nc1cc(Cl)ccc1Cn1ccnn1)c1cccc(C(F)(F)F)c1	1.0	1	0.951	0.958
17	CC(=O)C1=C(O)C(=O)N(c2cc(Cl)c(C)cc2)C1C1CCCCC1C	1.0	1	0.987	0.748
17	CC(C)(C)c1ccc(S(=O)(=O)Nc2ccc(Cl)cc2C(=O)c2cnc(S(C)(=O)=O)cc2)cc1	1.0	1	0.676	0.961
17	Cn1cc(-c2cc(NS(=O)(=O)c3ccc(Cl)cc3)ccc2)ccc1	0.0	0	0.0	0.0
17	COc1c(C)nc(N2C(=O)c3c(C2=O)c(NS(=O)(=O)c2ccc(C(C)(C)C)cc2)ccc3Cl)cc1	1.0	1	0.502	0.933
17	Cc1c(C(=O)c2cc(Cl)ccc2NS(=O)(=O)c2ccc(-c3ccc(Cl)cc3)cc2)cccn1	1.0	1	0.643	0.975
17	Oc1c(Cc2ccccc2)nccc1Cc1ccccc1	1.0	1	0.751	0.985
17	CCCC(=O)N1CCC(NS(=O)(=O)c2ccc(NC(=O)c3ccccc3)c3c2cccc3)CC1	1.0	1	0.462	0.974
17	O=S(=O)(Nc1cc(Cl)c(Cl)cc1Cn1cccn1)	1.0	1	0.699	0.83
17	CCNc1nc(NS(=O)(=O)c2cccc(Cl)c2)c2ccccc2n1	1.0	1	0.733	0.977
17	CCCC(=O)N1CCC(NS(=O)(=O)c2ccc(NC(=O)NC3CC3)c3c2cccc3)CC1	1.0	1	0.39	0.965
17	COc1cc2c(cc1NS(=O)(=O)c1c(Cl)c(Cl)ccc1)n(C)c(O)n2	1.0	1	0.889	0.948
17	CC1CCN(C(=O)C(CCn2ccnc2Cl)NS(=O)(=O)c2cc(Cl)c(N)c(Cl)c2)CC1	1.0	1	0.625	0.816
17	N#Cc1ccc(Oc2cc(Cl)cc(C(CNc3ncc(C)cc3)c3ncccc3)c2)cc1	1.0	1	0.464	0.881
17	CCC(c1ccccc1)c1cnc(N)nc1NS(=O)(=O)c1cccc(Cl)c1Cl	1.0	1	0.869	0.887
17	COc1nn(C)c2c1c(NS(=O)(=O)c1cccc(Cl)c1Cl)nc(N(C)O)n2	1.0	1	0.769	0.877
17	CN(C)c1ccc(S(=O)(=O)NCC(=O)O)cc1Cl	1.0	1	0.697	0.975
17	CCCCCCc1nc2nc(N)nn2c(O)c1Cc1ccccc1Cl	1.0	1	0.88	0.936
17	N#Cc1ccc(Oc2ccc(C(=O)OCc3ccncc3)cc2)cc1	1.0	1	0.444	0.986
17	COc1nc(Cl)cnc1NS(=O)(=O)c1ccc(Cl)cc1	1.0	1	0.808	0.972
17	O=C(c1cnccc1)c1cnc(O)c(Cl)c1	1.0	1	0.774	0.963
17	Cc1cc(N2C(=O)c3c(cc(F)c(C(F)(F)F)c3)C2=O)ccc1C	1.0	1	0.763	0.972
17	Cc1c(Cl)cccc1S(=O)(=O)c1ccc(Cl)cc1Cl	1.0	1	0.788	0.981
17	O=S(=O)(Nc1nc(Cl)ccc1)c1ccccc1F	1.0	1	0.786	0.982
17	O=S(=O)(NCCCN1CCC(O)(c2ccc(Cl)cc2)CC1)c1ccccc1-c1ccccc1	1.0	1	0.437	0.969
17	Nc1nn2c(O)c(Cc3ccc(Cl)cc3)c(C3CC3)nc2n1	1.0	1	0.964	0.93
17	Cc1ncc(CN2CCCCCCC2)c(N)n1	1.0	1	0.824	0.975
17	CS(=O)(=O)Nc1cc(CSc2ccc(CC(=O)OCCO)cc2)ccc1	1.0	0	0.271	0.974
17	O=C(c1cnccc1)c1cc(Cl)ccc1NS(=O)(=O)c1ccc(C(C)(C)C)cc1	1.0	1	0.669	0.977
17	O=C(c1ccncc1)c1cc(Cl)ccc1NS(=O)(=O)c1ccc(Br)cc1	1.0	1	0.702	0.981
17	Cc1cccc(C(=O)c2cc(Cl)ccc2NS(=O)(=O)c2ccc(C(C)(C)C)cc2)n1	1.0	1	0.623	0.972
17	CC(=O)Nc1c(-c2ccccc2)nc2ccccc2c1	1.0	1	0.79	0.988
17	CC(=O)C1=C(O)C(=O)N(c2ccc(F)cc2F)C1c1ccccc1	1.0	1	0.99	0.945
17	CCOC(=O)c1c(NC(=O)CCc2ccc(OC)c(Cl)c2)c2ccccc2n1	0.0	0	0.0	0.0
17	CC(C)(C)c1ccc(S(=O)(=O)CC(=O)Nc2ccc(Cl)cc2)cc1	1.0	1	0.505	0.986
17	COc1cc2c(cc1NS(=O)(=O)c1c(Cl)c(Cl)ccc1)nc(O)n2C(CN)C	1.0	1	0.786	0.817
17	Cc1ccccc1C(=O)NCCc1ccc(Cl)cc1	1.0	1	0.764	0.994
17	Cn1c2ncccc2c(=O)cc1Nc1cc(Cl)c(Cl)cc1	1.0	1	0.848	0.965
17	O=S(=O)(Nc1cc(Cl)c(Cl)cc1Cn1ccnn1)c1ccc2ccccc2n1	1.0	1	0.827	0.936
17	O=C(NCCN1CCCCC1)c1ccc(-c2ncnc3c2ccc(c2)c3ccccc2)cc1	1.0	0	0.005	0.918
18	COc1ccc(N2C(=O)C(O)=C(C(C)=O)C2C2CCCCC2)cc1	1.0	1	0.989	0.931
18	CC(C)(c1ccc(S(C)(=O)=O)cc1)c1ccc(S(C)(=O)=O)cc1	1.0	1	0.808	0.985
18	Cn1nnnc1Cc1ccc(Cl)cc1NS(=O)(=O)c1ccc(Cl)cc1Cl	1.0	1	0.947	0.957
18	CC(=O)c1ccc(S(=O)(=O)Nc2ccc(C(=O)O)cc2)cc1	1.0	1	0.544	0.991
18	CCCn1c2ccccc2c2ccccc2c1=O	1.0	1	0.847	0.991
18	CCc1nc(Br)cnc1NS(=O)(=O)c1c(Cl)c(Cl)ccc1Cl	1.0	1	0.887	0.921
18	C=CCOc1c(OC)cc(NS(=O)(=O)c2ccc(Cl)cc2)cc1	1.0	1	0.702	0.985
18	COc1ccc(Cc2c(O)n3nc(N)nc3nc2C2CC2)cc1	1.0	1	0.951	0.936
18	CC(C)CNCc1c(-c2ccc(Cl)cc2)nc2ccc(Cl)cc2c1	1.0	1	0.741	0.979
18	O=S(=O)(Nc1cc(Cl)c(Cl)cc1Cn1ccnn1)c1cccc(Cl)c1	1.0	1	0.879	0.955
18	Oc1c(C(c2ccccc2)N2CCCCC2)cccc1Cl	1.0	1	0.902	0.96
18	COc1ccc(NS(=O)(=O)c2ccc(Cl)cc2)cc1	1.0	1	0.801	0.994
18	CC1CCN(C(=O)COc2nc(C)ccc2)CC1c1ccc(OC(F)(F)F)cc1	1.0	1	0.729	0.829
18	CCc1ccc(N(C(=O)Cc2ccccc2)C(=O)c2ccncc2)cc1	1.0	1	0.824	0.979
18	CCCCCc1c(O)nc(O)n1N=C(C)c1ccc(C)cc1	1.0	1	0.844	0.927
18	CC(=O)C1=C(O)C(=O)N(c2ccc(C)cc2F)C1C1CCCCCCC1	1.0	1	0.963	0.904
18	CC(C)(C)c1ccc(S(=O)(=O)c2ccc(Cl)cc2NS(=O)(=O)c2cccc(C(C)(C)C)c2)cc1	1.0	1	0.576	0.964
18	CS(=O)(=O)c1ccc(S(=O)(=O)Nc2ccc(Cl)cc2C(=O)c2cnccc2)cc1	1.0	1	0.556	0.977
18	CCC(C)C1C(=O)OC(C)C(OC(=O)CN(C)C)C1=O	1.0	1	0.683	0.414
18	Cc1c2c(=O)n(-c3ccc(S(C)(=O)=O)cc3)ncc2oc1=O	0.0	0	0.0	0.0
18	CC(=O)C1=C(O)C(=O)N(c2ccc(C)cc2F)C1c1ccc(C)cc1	1.0	1	0.99	0.94
18	O=S(=O)(Nc1cc(Cl)c(Cl)cc1Cn1ccnn1)c1cccc2nonc12	1.0	1	0.695	0.917
18	CC(C)(c1ncco1)c1ccccc1NS(=O)(=O)c1ccc(-c2ccccc2)cc1	1.0	1	0.77	0.959
18	N#Cc1cc2c(cc1NS(=O)(=O)c1c(Cl)c(Cl)ccc1)nc(O)n2C(F)(F)F	1.0	1	0.823	0.868
18	CC(C)(C)c1ccc(S(=O)(=O)Nc2ccc(Cl)c3c2C(=O)N(c2ccncc2)C3=O)cc1	1.0	1	0.553	0.952
18	CCCC(=O)C1=C(O)C(=O)N(c2ccc(C)cc2)CC1C1CCCCC1	1.0	1	0.705	0.879
18	CC(C)c1nc2nc(N)nn2c(O)c1Cc1cc(Cl)cc(Cl)c1	1.0	1	0.967	0.908
18	COc1nc(Br)cnc1NS(=O)(=O)c1ccc(Cl)cc1	1.0	1	0.802	0.968
18	Cc1ccc(S(=O)(=O)Nc2ccc(Cl)cc2C(=O)c2ccncc2)cc1	1.0	1	0.696	0.983
18	CNS(=O)(=O)c1ccc(CNC(O)C(Cc2ccccc2)N(C)C)cc1	1.0	1	0.593	0.87
18	CC(C)c1nc2nc(N)nn2c(O)c1Cc1cccc(Cl)c1	1.0	1	0.911	0.929
18	CC1CCN(C(=O)C(CCn2cccc2)NS(=O)(=O)c2cc(Cl)c(N)c(Cl)c2)CC1	1.0	1	0.667	0.848
18	CCCCc1nc2nc(N)nn2c(O)c1Cc1cccc(Cl)c1	1.0	1	0.988	0.935
18	CC(C)(C)c1ccc(S(=O)(=O)Nc2ccc(C#N)cc2C(=O)c2ccncc2)cc1	1.0	1	0.657	0.969
18	COc1ccc(N2C(=O)C(C(=O)N3CCOCC3)C3C(=O)NC(Cc4ccccc4)C(=O)C3=N2)cc1	1.0	0	0.005	0.621
18	CCOC(=O)N1CCC(NS(=O)(=O)c2ccc(NC(=O)c3ccccc3C)c3c2cccc3)CC1	1.0	1	0.42	0.97
18	CC(=O)C1=C(O)C(=O)N(c2cc(F)c(C)cc2)C1c1cc(Br)ccc1	1.0	1	0.987	0.932
18	CCC(=O)C1=C(O)C(=O)N(c2ccc(Cl)cc2F)C1C1CCCCC1	1.0	1	0.993	0.88
18	CS(=O)(=O)c1ccc(S(=O)(=O)Nc2ccc(Cl)cc2C(=O)c2ccncc2)cc1	1.0	1	0.558	0.977
18	O=S(=O)(Nc1cc(Cl)c(Cl)cc1Cn1ccnn1)c1ccc(Cl)c(Cl)c1	1.0	1	0.935	0.951
18	O=C(NCCO)c1ccc(S(=O)(=O)Nc2ccc(Cl)cc2C(=O)c2ccnc(F)c2)cc1	1.0	1	0.53	0.967
18	CCCCc1nc2nc(N)nn2c(O)c1Cc1cccc(Cl)c1	1.0	1	0.988	0.935
18	Nc1nn2c(O)c(Cc3cccc(Cl)c3Cl)c(C3CC3)nc2n1	1.0	1	0.996	0.9
18	Oc1c(Cc2ccccc2)ccc(Cl)c1	1.0	1	0.858	0.992
18	COc1c2c(NS(=O)(=O)c3ccc(Cl)s3)nn(Cc3ccccc3)c2ccc1	1.0	1	0.551	0.965
18	CS(=O)(=O)Nc1ccc(CNC(=S)NCc2ccc(C(C)(C)C)cc2)cc1	1.0	1	0.354	0.98
18	COc1nc(Cl)cnc1NS(=O)C(=O)c1ccccc1	1.0	1	0.746	0.758
18	Cc1ccc(C(=O)c2cc(Cl)ccc2NS(=O)(=O)c2ccc(-c3cnco3)cc2)cc1	1.0	1	0.608	0.971
18	Cc1cncc(C)c1Nc1cc(Cl)ccc1NS(=O)(=O)c1cccc(Cl)c1	1.0	1	0.791	0.967
18	CC(C)(C)c1ccc(S(=O)(=O)Nc2ccc(Cl)c3c2C(=O)N(c2cc(F)c(C(F)(F)F)cc2)C3=O)cc1	1.0	0	0.005	0.933
18	O=C(c1cc[n+]([O-])cc1)c1ccc(Cl)cc1Oc1ccccc1	1.0	1	0.849	0.972
18	O=S(=O)(Nc1cc(Cl)cnc1NS(=O)(=O)c1ccc(Cl)c(Cl)c1	0.0	0	0.0	0.0
18	COc1nc2c(NC(C)c3cc(F)ccc3F)cccc2c2ccccc12	1.0	1	0.626	0.928
18	Cc1c(S(=O)(=O)NCCc2ccc(Cl)cc2)c(Cl)ccc1	1.0	1	0.595	0.986
18	CCCCCc1ccc(C(=O)Nc2ccc(F)cc2C(=O)c2ccccc2)cc1	1.0	1	0.472	0.988
18	Cc1c(Oc2ccc(Cl)cc2NS(=O)(=O)c2ccc(Cl)cc2)ccc(Cl)c1	1.0	1	0.816	0.984
18	COc1ccccc1Cn1nc(NS(=O)(=O)c2ccccc2C)c2ccccc21	1.0	1	0.807	0.976
18	Cc1ccc(S(=O)(=O)Nc2cc3c(cc2[N+](=O)[O-])NCCC3)cc1	1.0	1	0.805	0.965
18	COc1cccc2c1c(NS(=O)(=O)c1ccc(Cl)s1)nn2Cc1ccc(CO)cc1	1.0	1	0.698	0.955
18	CC(C)c1nc2nc(N)nn2c(O)c1Cc1cc(Cl)cc(Cl)c1	1.0	1	0.967	0.908
18	COc1nc(Cl)cnc1NS(=O)(=O)c1ccc(Cl)cc1	1.0	1	0.808	0.972
18	CC(C)(C)c1ccc(S(=O)(=O)Nc2ccc(Cl)cc2C(=O)c2ccncc2)cc1	1.0	1	0.678	0.977
18	COc1ccc(C2C(C(C)=O)=C(O)C(=O)N2c2ccccc2)cc1	1.0	1	0.905	0.963
18	Cc1c(Oc2ccc(Cl)cc2NS(=O)(=O)c2ccc(Cl)cc2)cccc1	1.0	1	0.821	0.987
18	CCc1c[n+](C)nc(NS(=O)(=O)c2cccc(Cl)c2)c1	1.0	1	0.607	0.92
18	CCCC(=O)C1=C(O)C(=O)N(c2ccc(C)cc2)C1C1CCCCC1	1.0	1	0.989	0.91
18	O=S(=O)(NCCCN1CCC(O)(c2ccc(Cl)cc2)CC1)c1ccccc1-c1ccccc1	1.0	1	0.437	0.969
18	Cc1ccc(CNC(=O)CCNS(=O)(=O)c2ccc(C)cc2)cc1	1.0	1	0.673	0.99
18	COC(=O)c1ccc(NS(=O)(=O)c2ccc(Cl)cc2)cc1	1.0	1	0.687	0.992
18	CC(=O)C1=C(O)C(=O)N(c2cc(C)c(Cl)cc2)C1n1ccc(Cl)c1	1.0	1	0.888	0.794
18	O=C(NS(=O)(=O)c1cccc(F)c1Nc1ccccc1)Nn1cc(Br)ccc1	0.0	0	0.0	0.0
18	CCOc1cc(Oc2ccc(S(=O)(=O)Nc3ccc(F)cc3)cc2)ccc1	1.0	1	0.465	0.988
18	CC(=O)C1=C(O)C(=O)N(c2cc(F)c(C)cc2)C1c1ccccc1	1.0	1	0.992	0.95
18	COc1c(CSc2nc(N)nc(O)n2Cc2ccccc2)ccc1	0.0	0	0.0	0.0
18	CC(C)(C)c1cnc(N2CCN(C(=O)c3nccnc3)CC2)cn1	1.0	1	0.657	0.957
18	O=S(=O)(Nc1cc(Cl)ccc1Cn1ccnn1)c1cccc(F)c1	1.0	1	0.894	0.965
18	N#Cc1cc(-c2ccncc2)ccc1	1.0	1	0.685	0.988
18	CCCn1nc(NC(=O)c2ccncc2)c2cccccc21	0.0	0	0.0	0.0
18	COC(=O)c1ccc(C(=O)Nc2cc(F)ccc2C(=O)Nc2ccccc2)cc1	1.0	1	0.388	0.99
18	O=C(c1cnccc1)c1cc(Cl)ccc1NS(=O)(=O)c1ccc(-c2cocc2)cc1	1.0	1	0.627	0.968
18	O=C(NCCN1CCCCC1)c1ccc(Oc2ccc(Cl)cc2NS(=O)(=O)c2ccc(Cl)c(Cl)c2)cc1	1.0	0	0.005	0.97
18	O=C(c1ccncc1)c1cc(Cl)ccc1NS(=O)(=O)c1ccc(-c2cocc2)cc1	1.0	1	0.632	0.968
18	CC(C)(C)c1ccc(S(=O)(=O)Nc2ccc(S(=O)(=O)CC3CCCC3)cc2)cc1	1.0	1	0.375	0.975
18	COc1cc(N2C(=O)c3c(ccc(OC)c3O)C2c2ccccc2)ccc1	1.0	1	0.925	0.941
18	O=S(=O)(Nc1cc(Cl)c(Cl)cc1Cn1ccnn1)c1ccccc1	1.0	1	0.834	0.963
18	CCCCCc1c(O)nc(S)nc1OC(C)=NO	1.0	1	0.899	0.721
18	CC(C)(C)c1ccc(S(=O)(=O)Nc2ccc(Cl)c3c2C(=O)N(c2ccncc2)C3=O)cc1	1.0	1	0.553	0.952
18	O=S(=O)(Nc1cc(Cl)c(Cl)cc1Cn1ccnn1)c1cccc(Cl)c1	1.0	1	0.879	0.955
18	COc1c(Cl)ccc(NS(=O)(=O)c2ccc(C(C)(C)C)cc2)c1	1.0	1	0.788	0.987
18	CC(C)(C)c1ccc(S(=O)(=O)Nc2ccc(C#N)cc2C(=O)c2ccc(F)cc2)cc1	1.0	1	0.658	0.975
18	Cc1cccc(NC(=O)c2cccnc2)c1C	1.0	1	0.815	0.992
18	Cc1[n+]([O-])ccc(C(=O)c2cc(Cl)ccc2NS(=O)(=O)c2ccc(C(C)(C)C)cc2)c1	1.0	1	0.637	0.945
18	CC(C)(C)c1ccc(S(=O)(=O)Nc2ccc(Cl)cc2C(=O)c2ccncc2)cc1	1.0	1	0.678	0.977
18	N#CC(C#N)c1cc(Cl)c(Cl)c(O)c1N(C(=O)Cc1ccccc1)c1ccccc1	1.0	1	0.586	0.903
18	NS(=O)(=O)c1ccc(C(=O)c2c(O)c(C(=O)O)ccc2)cc1	1.0	1	0.83	0.983
18	Cc1cc(C(=O)c2cc(Cl)ccc2NS(=O)(=O)c2ccc(-c3cnco3)cc2)ccc1	1.0	1	0.57	0.968
18	CC(=O)C1=C(O)C(=O)N(c2cc(Cl)ccc2C(F)(F)F)C1c1ccc(Cl)cc1	1.0	1	0.94	0.911
18	CCCC(=O)NC(=O)C(Cc1ccccc1)c1ccc(Cl)cc1	1.0	1	0.873	0.963
18	COc1nccnc1NS(=O)(=O)c1cccc(Cl)c1	1.0	1	0.736	0.977
18	Cc1cc(-c2nc3cc(Cc4ccccc4)ccc3o2)ccc1	1.0	1	0.749	0.987
19	Cc1cc(Oc2c(C(=O)O)cccc2)c(Nc2ccc(C)cc2)cc1	1.0	1	0.607	0.987
19	COc1ccc(C(=O)NN=C(c2ccccc2)c2ccccc2)cc1	1.0	1	0.732	0.989
19	Cc1cc(Cl)ccc1NC(=O)Cn1c(O)ccc1Oc1ccccc1Cl	1.0	1	0.498	0.963
19	COc1nc(Br)cnc1NS(=O)(=O)c1ccc(Cl)cc1	1.0	1	0.802	0.968
19	CNS(=O)(=O)c1ccc(CNC(=O)c2cnc3cc(CC)ccc3c2)cc1	1.0	1	0.431	0.978
19	O=C(NCCN1CCN(C(=O)c2ccccc2)CC1)c1ccccc1	1.0	1	0.525	0.991
19	COc1ncccc1C(=O)Nc1ccc(Cl)cc1C(=O)c1ccccc1Cl	1.0	1	0.657	0.982
19	O=C(O)c1c(Oc2ccccc2NS(=O)(=O)c2ccc(Cl)cc2)cccc1	1.0	1	0.782	0.986
19	CC(C)(C)c1ccc(S(=O)(=O)c2ccc(F)cc2)cc1	1.0	1	0.835	0.99
19	COc1c(NS(=O)(=O)c2ccc(Cl)s2)cccc1	1.0	1	0.709	0.986
19	N#Cc1cc(Oc2ccc(C(=O)N3CCN(CCF)CC3)cc2)ccc1	1.0	1	0.447	0.977
19	Cc1cccc(C(=O)c2cc(Cl)ccc2NS(=O)(=O)c2ccc(-c3cnccc3)cc2)c1	1.0	1	0.562	0.978
19	Cc1nc(C(=O)c2cc(Cl)ccc2NS(=O)(=O)c2ccc(OC(C)C)cc2)ccc1	1.0	1	0.53	0.973
19	O=C(c1ccncc1)c1cc(Cl)ccc1NS(=O)(=O)c1ccc(OC(F)(F)F)cc1	1.0	1	0.563	0.973
19	CC(=O)C1=C(O)C(=O)N(c2cc(C)c(Cl)cc2)C1C1CCCCC1	1.0	1	0.996	0.907
19	Cc1cc(CN2C(=O)c3c(C2=O)c(NS(=O)(=O)c2ccc(C(C)(C)C)cc2)ccc3Cl)cnc1	1.0	1	0.419	0.942
19	O=S1(=O)NC(Nc2c(Br)cccc2)=Nc2c1c(C(N)=O)ccc2	1.0	1	0.863	0.888
19	O=S1(=O)NC(Nc2c(Cl)cccc2)=Nc2c1ccc(Cl)c2	1.0	1	0.652	0.922
19	O=C(NCCN=C1c2ccccc2Nc2ccccc21)c1ccccc1F	1.0	1	0.587	0.965
19	CC(=O)C1=C(O)C(=O)N(c2cc(F)c(C)cc2)C1c1c(Br)[nH]c2cc(F)ccc12	1.0	1	0.954	0.838
19	COc1ccccc1Cc1c(O)n2nc(N)nc2nc2c1ccc1ccccc12	0.0	0	0.0	0.0
19	O=C(Nc1ccccc1)NS(=O)(=O)c1ccccc1C(F)(F)F	1.0	1	0.733	0.985
19	Cc1nn2c(O)cc(CSc3cccc(F)c3F)nc2c1	1.0	1	0.767	0.93
19	COc1c(Cl)ccc(NS(=O)(=O)c2ccc(C(C)(C)C)cc2)c1	1.0	1	0.788	0.987
19	COc1nc(Br)cnc1NS(=O)(=O)c1c(Cl)cccc1	1.0	1	0.876	0.963
19	O=C(Nc1ccc(NS(=O)(=O)c2ccccc2)cc1)c1ccccn1	1.0	1	0.626	0.99
19	CC(=O)C1=C(O)C(=O)N(c2ccc(C)cc2)C1c1ccccc1	1.0	1	0.995	0.963
19	Cc1c(C(=O)Nc2ccc(S(=O)(=O)NCC(C)(C)C)cc2)cccc1F	1.0	1	0.49	0.98
19	COc1cccc2c1c(NS(=O)(=O)c1ccc(Cl)s1)nn2Cc1cccc(C(F)(F)F)c1	1.0	1	0.478	0.946
19	CC(C)(C)c1ccc(S(=O)(=O)Nc2ccc(Cl)cc2-c2ccccn2)cc1	1.0	1	0.753	0.979
19	Cc1cc(N2C(=O)c3c(C2=O)c(NS(=O)(=O)c2ccc(C(C)(C)C)cc2)ccc3Cl)ccc1	1.0	1	0.487	0.959
19	CCc1ccccc1S(=O)(=O)NC(C)OC(C)(C)C	1.0	1	0.701	0.904
19	Cc1cc(C(=O)c2cc(Cl)ccc2NS(=O)(=O)c2ccc(-c3cnco3)cc2)ccn1	1.0	1	0.575	0.956
19	CC(C)(C)COc1ccc(C(=O)Nc2ccc(Cl)cc2C(=O)c2ccccc2)cc1	1.0	1	0.446	0.983
19	COc1nc2c(cc1NS(=O)(=O)c1ccc(Cl)cc1)C(=O)O2	1.0	1	0.872	0.95
19	O=C(NCCO)c1ccccc1Oc1ncc(Cl)cc1NS(=O)(=O)c1ccc(Cl)cc1	1.0	1	0.736	0.97
19	CC(C)(c1ccc(S(C)(=O)=O)c(C(=O)N2CCC(N)CC2)c1)c1ccccc1	1.0	1	0.552	0.964
19	N#Cc1nccn1Cc1cnccc1C(F)(F)F	1.0	1	0.754	0.911
19	O=C(c1ccncc1)c1cc(Cl)ccc1NS(=O)(=O)c1ccc(OC(F)(F)F)cc1	1.0	1	0.563	0.973
19	O=S1(=O)NC(Nc2ccccc2C(F)(F)F)=Nc2c1cc(Cl)cc2O	1.0	1	0.612	0.858
19	O=C(NCCN1CCCCC1)c1ccc(Oc2ncc(Cl)cc2Cl)cc1	1.0	1	0.704	0.98
19	CC(=O)C1=C(O)C(=O)N(c2cc(F)c(C)cc2F)C1c1cccc(Br)c1	1.0	1	0.972	0.899
19	Cc1cccc(NS(=O)(=O)c2ccc(Cl)c(C(=O)Nc3ccc(Cl)cc3)c2)c1	1.0	1	0.686	0.987
19	Nc1c(C(=O)Nc2ccccc2)nn(Cc2ccc(Cl)cc2)c1	1.0	1	0.726	0.985
19	N#Cc1ccncc1-c1cc(Cl)ccc1NS(=O)(=O)c1cccc(Cl)c1	1.0	1	0.782	0.968
19	Cc1nc(NCCO)c(-c2cc(Cl)ccc2NS(=O)(=O)c2ccc(Cl)cc2)c(C)c1	1.0	1	0.626	0.959
19	O=C(O)c1c(Oc2c(Cl)cccc2NS(=O)(=O)c2ccc(Cl)cc2)cccc1	1.0	1	0.578	0.98
19	Cc1ncc(C(=O)c2cc(Cl)ccc2NS(=O)(=O)c2ccc(C(C)(C)C)cc2)cc1	1.0	1	0.617	0.974
19	Cc1nn(Cc2ccc(C(F)(F)F)cc2NS(=O)(=O)c2ccc(Cl)c(C(F)(F)F)c2)cc1	1.0	1	0.627	0.945
19	CC(=O)C1=C(O)C(=O)N(c2cc(F)ccc2F)C1C1CCCCC1	1.0	1	0.93	0.895
19	O=C(O)c1cnc(NS(=O)(=O)c2ccc(Cl)cc2)c(Cc3ccccc3)cc1	0.0	0	0.0	0.0
19	Cc1c(C(=O)Nc2cccc(C(=O)c3ccccc3)c2)cccc1	1.0	1	0.651	0.992
19	CC(C)(C)c1ccc(S(=O)(=O)Nc2ccc(Cl)cc2C(=O)c2cccc[n+]2[O-])cc1	1.0	1	0.564	0.948
19	CN(C)C(=O)CC(CC(=O)COc1ccccc1F)c1ccccc1	1.0	1	0.564	0.937
19	CC(=O)C1=C(O)C(=O)N(c2cc(F)c(C)cc2)C1c1ccc(Br)cc1	1.0	1	0.987	0.938
19	Cc1c(C(=O)Nc2ccc(S(=O)(=O)NCCN(C)C)cc2)cccc1	1.0	1	0.36	0.987
19	COc1cc(Oc2ccc(C(=O)NN)cc2)ccc1O	1.0	1	0.811	0.988
19	Cc1c2C(=O)Nc3cc(Cl)c(Cl)cc3c2ccc1C	1.0	1	0.808	0.972
19	Cc1cccc(Oc2nc3c(N)nc(N)nc3ccc2CO)c1	0.0	0	0.0	0.0
19	COc1nc(F)cnc1NS(=O)(=O)c1cccc(Cl(Cl)[O-])c1	0.0	0	0.0	0.0
19	O=S(=O)(Nc1cc(Cl)ccc1Cn1ccnn1)c1ncsc1	1.0	1	0.833	0.91
19	Cc1nn(Cc2ccc(C(C)(C)C)cc2)c2ccccc1	0.0	0	0.0	0.0
19	CC(C)(C)c1ccc(S(=O)(=O)Nc2ccc(F)c(F)c2)cc1	1.0	1	0.76	0.987
19	CC(=O)C1=C(O)C(=O)N(c2cc(C)cc(C)c2)C1C1CCCCC1	1.0	1	0.982	0.903
19	CC(=O)C1=C(O)C(=O)N(c2cc(F)c(C)cc2)C1c1ccc(C(F)(F)F)cc1	1.0	1	0.974	0.925
19	CCOc1cc(-c2c(C(=O)c3ccc(C)cc3)c(O)c(O)n2Cc2ccc3ccccc3c2)ccc1	1.0	0	0.005	0.953
19	Nc1nn2c(O)c(Cc3cccnc3)c(C3CC3)nc2n1	1.0	1	0.908	0.904
19	Cc1ccc(N2C(=O)C(O)=C(C(=O)C(C)c3ccccc3)C2C2CCCCC2)cc1	1.0	1	0.96	0.85
19	Cc1ccc(C(Nc2ccc(Cl)cc2)Nc2ccc(Cl)cc2)cc1	1.0	1	0.835	0.982
19	O=C(c1cnccc1)c1cnc(Cl)c(Cl)c1	1.0	1	0.766	0.977
19	COc1cc2c(c(OC)c1Cl)C(=O)N(NC(=O)OCCC[N+](C)(C)C)C2=O	1.0	1	0.49	0.867
19	Cc1ccc(Cl)cc1C(=O)NC1CCN(Cc2ccc3ccccc3c2)CC1	1.0	0	0.308	0.984
19	COc1nc(Cl)cnc1NS(=O)(=O)c1cccc(Cl)c1Cl	1.0	1	0.831	0.955
19	CNS(=O)(=O)c1ccc(Cl)cc1Sc1c(Br)c(N)c(N)cc1Cl	1.0	1	0.824	0.881
19	COc1ccc(CC(=O)Nc2ccc(OCC(=O)c3ccc(Cl)cc3)cc2)cc1	1.0	0	0.209	0.989
19	CNS(=O)(=O)c1ccc(CNC(=O)c2cncc3ccccc23)cc1	1.0	1	0.667	0.982
19	COc1nc(Cl)cnc1NS(=O)(=O)c1cc(Cl)c(Cl)s1	1.0	1	0.717	0.908
19	O=C(O)c1ccccc1Oc1ccc(C(F)(F)F)cc1NS(=O)(=O)c1ccc(Cl)cc1	1.0	1	0.695	0.977
19	O=C(Nc1ccc(S(=O)(=O)NCc2ccncc2)c2c1cccc2)c1ccccc1	1.0	1	0.466	0.982
19	N#Cc1cc(NS(=O)(=O)c2cccc(Cl)c2C(=O)c2ccccc2)ccc1	1.0	1	0.648	0.978
19	N#Cc1ccccc1C(=O)Nc1ccc(Cl)cc1	1.0	1	0.857	0.992
19	COc1nc2ccc(F)cc2c2cccc(CO)c12	1.0	1	0.739	0.973
19	O=C1c2c(C(F)(F)F)cccc2NC(=O)C1Cc1ccc(Cl)cc1	1.0	1	0.911	0.904
19	CC(C)(C)c1ccc(S(=O)(=O)Nc2ccc(Cl)cc2-c2ccncc2)cc1	1.0	1	0.807	0.979
19	CC(C)(C)c1ccc(S(=O)(=O)Nc2ccc(Cl)cc2-c2nscc2)cc1	1.0	1	0.78	0.953
19	Cc1cc(S(=O)(=O)Nc2ccc(Cl)cc2C(=O)c2ccncc2)ccc1	1.0	1	0.663	0.981
19	N#Cc1cc(S(=O)(=O)Nc2cccc(C(=O)c3ccncc3)c2)ccc1	1.0	1	0.54	0.979
19	Cc1c(C(=O)Nc2ccccc2)nn(Cc2ccc(Cl)cc2)c1O	1.0	1	0.841	0.979
19	CCCC(=O)N1CCC(NS(=O)(=O)c2ccc(Cl)s2)CC1	1.0	1	0.575	0.97
19	CC(C)(C)c1ccc(S(=O)(=O)Nc2ccc(Cl)cc2-c2ccccn2)cc1	1.0	1	0.753	0.979
19	Cc1c(C(=O)Nc2cccc(Cl)c2)cc(C(C)C)cc1	1.0	1	0.798	0.99
19	CC(=O)C1=C(O)C(=O)N(c2ccc(C)cc2)C1c1ccc(C)cc1	1.0	1	0.993	0.959
19	O=C(O)c1ccccc1Oc1ccccc1C(=O)c1ccccc1	1.0	1	0.782	0.99
19	Cc1cccc(OCC(=O)Nc2ccc(Oc3ccccc3)cc2)c1	1.0	1	0.384	0.992
19	CC(=O)NC(=O)c1ccc(Cl)cc1	1.0	1	0.843	0.993
19	Cc1cc(C(=O)NC(Cc2ccccc2)C(=O)Nc2ccccc2)ccc1N	1.0	1	0.52	0.973
19	COc1ccc(-c2ccncc2)cc1NS(=O)(=O)c1ccc(Cl)c(Cl)c1	1.0	1	0.816	0.982
19	O=C(NC1CCN(Cc2ccc3ccncc3c2)CC1)c1ccccc1	1.0	1	0.447	0.984
19	Cc1cc(Oc2ccccc2CC(=O)NS(=O)(=O)c2ccc(Cl)cc2)c(Oc2ncccc2)cc1	1.0	1	0.378	0.965
19	N#Cc1ccc(Oc2cc(Cl)ccc2NS(=O)(=O)c2ccc(C3(C)CCOCC3)cc2)cc1	1.0	1	0.619	0.947
20	O=C(c1cnccc1)c1cc(Cl)ccc1NS(=O)(=O)c1ccc(N2CCOCC2)cc1	1.0	1	0.652	0.973
20	O=S(=O)(Nc1cc(Cl)ccc1Cn1cncn1)c1ccc(Cl)c(Cl)c1	1.0	1	0.962	0.969
20	COc1nc2nc(N)nn2c(O)c1Cc1c(C(=O)O)cc(Cl)c(Cl)c1	1.0	1	0.988	0.895
20	CC(=O)NCc1cc(Cn2nc(NS(=O)(=O)c3ccc(C(C)(C)C)cc3)c3ccccc3n2)ccc1	0.0	0	0.0	0.0
20	COc1nn(C)c2c1c(NS(=O)(=O)c1cccc(Cl)c1Cl)nc(NC(=O)O)n2C	0.0	0	0.0	0.0
20	O=S(=O)(Nc1cc(Cl)ccc1Cn1ccnn1)c1ccc(Cl)cc1	1.0	1	0.919	0.97
20	Cc1ccccc1-c1ccc(O)c(C(=O)Nc2ccc(C(N)=O)cc2)c1	1.0	1	0.512	0.988
20	CCC(=O)Nc1c(C(=O)N2CCCCC2)c[nH]c2ccccc122C	0.0	0	0.0	0.0
20	N=C(NS(=O)(=O)c1cccc(C(N)=O)c2cccc1)N1CCCC21	1.0	1	0.472	0.246
20	O=S(=O)(NCCCN1CCC(O)(c2ccc(Cl)cc2)CC1)c1ccccc1-c1ccncc1	1.0	1	0.482	0.959
20	COc1nc(Br)cnc1NS(=O)(=O)c1csc(Cl)c1	1.0	1	0.828	0.897
20	COc1cc2c(cc1NS(=O)(=O)c1c(Cl)c(Cl)ccc1)nc(O)n2C1CN(CC2=CCC(C(C)C)C2)CC1	1.0	0	0.005	0.548
20	COc1c2c(NS(=O)(=O)c3ccc(Cl)s3)nn(Cc3cccc(CN(C)C(=O)CO)c3)c2ccc1	1.0	1	0.486	0.926
20	CC(C)c1nc2nc(N)nn2c(O)c1Cc1cccc(Cl)c1	1.0	1	0.911	0.929
20	CC(=O)Nc1cc(C(=O)NCCN2CCCCC2)ccc1CCc1ccccc1	1.0	1	0.531	0.982
20	COc1nc(Br)cnc1NS(=O)(=O)c1cccc(C)c1	1.0	1	0.802	0.964
20	C=CCc1c(O)n(Cc2cccc(CN)c2)c2ccccc12	1.0	1	0.783	0.963
20	CC(=O)NCc1cc(Cn2nc(NS(=O)(=O)c3ccccc3)c3ccccc32)ccc1	1.0	1	0.768	0.974
20	CC(=O)c1ccccc1NS(=O)(=O)c1cccc(C(=O)O)c1Cl	1.0	1	0.714	0.982
20	COc1ccc(C(=O)COC(=O)c2cc(C)ccc2C)cc1	1.0	1	0.596	0.991
20	Cc1nn(Cc2ccccc2)c(NS(=O)(=O)c2ccc(C(C)(C)C)cc2)c1C	1.0	1	0.611	0.972
20	Cc1noc(C)c1-c1cccc(COc2ncc(Cl)cc2C(=O)Oc2ccc(Cl)cc2)c1	1.0	1	0.422	0.959
20	Cc1c(F)c(C)c(F)c(NS(=O)(=O)c2ccc(Cl)cc2)c1	1.0	1	0.839	0.974
20	c1cnc(COc2nnnn2C2CCCCC2)cc1	1.0	1	0.808	0.953
20	Cc1ccc(C(=O)c2cc(C(=O)C(C)=CCC(=O)OCC)ccc2)cc1	1.0	1	0.725	0.967
20	Cc1ncc(C(=O)c2cc(Cl)ccc2NS(=O)(=O)c2ccc(-n3cccn3)cc2)cc1	1.0	1	0.574	0.967
20	Cc1cc(NS(=O)(=O)c2cc(C(F)(F)F)c(Cl)cc2)cc(O)c1	1.0	1	0.693	0.973
20	O=C(NCCN1CCN(C(=O)c2ccc(Cl)cc2)CC1)c1cccnc1F	1.0	1	0.426	0.98
20	CC(C)(C)c1ccc(S(=O)(=O)Nc2ccc(Cl)c(Cl)c2)cc1	1.0	1	0.721	0.988
20	O=S(=O)(Nc1ncnc2c1nc[nH]2)c1nc2ccccc2[nH]1	1.0	1	0.711	0.91
20	Cc1ncc(C(=O)c2cc(Cl)ccc2NS(=O)(=O)c2cc(C(F)(F)F)c(Cl)cc2)cc1	1.0	1	0.736	0.965
20	Cc1ccc(S(=O)(=O)Nc2cc3c(cc2[N+](=O)[O-])OCO3)cc1	1.0	1	0.891	0.978
20	CC(C)(C)c1ccc(S(=O)(=O)Nc2ccc(Cl)cc2C(=O)c2cnccn2)cc1	1.0	1	0.556	0.969
20	COc1nc(Br)cnc1NS(=O)(=O)c1cccc(Cl)c1	1.0	1	0.798	0.963
20	O=S(=O)(Nc1nc(Cl)ncc1Cl)c1ccccc1	1.0	1	0.741	0.978
20	COc1nc2nc(Br)ccc2c2c1oc1ccccc12	1.0	1	0.815	0.932
20	COc1nc2c(nc(O)[nH]2)nc1NS(=O)(=O)c1ccc(Cl)c(Cl)c1	1.0	1	0.814	0.911
20	O=C(O)c1c(OC(=O)Nc2ccccc2)cccc1	1.0	1	0.674	0.992
20	CC(=O)c1c(N(C)C)cccc1NS(=O)(=O)c1ccc(Cl)c(Cl)c1	1.0	1	0.678	0.973
20	Cc1c(C(=O)Nc2ccc(S(=O)(=O)NC3CCN(C(=O)N4CCCC4)CC3)c3c2cccc3)ccnc1	1.0	0	0.005	0.949
20	Cc1c(C(C)C)nc(C(=O)c2ccccc2)c(C)n1	1.0	1	0.844	0.966
20	CNS(=O)(=O)c1ccc(CCC(=O)N2CCC(N)C2)cc1	1.0	1	0.629	0.95
20	COc1ccc(Br)cc1C1CC(=O)Nc2c1c(=O)oc12	0.0	0	0.0	0.0
20	O=C(NCCN1CCN(C(=O)c2cccc3ccccc23)CC1)c1ccccc1F	1.0	1	0.388	0.984
20	O=C(O)c1ccc(C(F)(F)F)cc1N1CCN(C(=O)C(CCl)Cl)CC1c1ccc(Cl)cc1	1.0	1	0.828	0.762
20	O=C(NCCN1CCCCC1)c1ccccc1Oc1ccc(Cl)cc1NS(=O)(=O)c1ccc(Cl)cc1	1.0	0	0.005	0.972
20	O=S1(=O)NC(Nc2ccc(Br)cc2)=Nc2c1cc(Cl)cc2O	1.0	1	0.783	0.876
20	CC(C)Sc1ccc(S(=O)(=O)Nc2ccc(Cl)cc2C(=O)c2ncccn2)cc1	1.0	1	0.541	0.957
20	Cc1ccc2cccc(NS(=O)(=O)c3ccc(O)cc3)c2c1	1.0	1	0.695	0.987
20	Oc1cnc2cc(-c3cncc(Cl)c3)cnc2c1	1.0	1	0.83	0.96
20	COc1ccc(SCCc2nc3nccnc3nc2C)cc1	1.0	1	0.881	0.945
20	COc1ccc(S(=O)(=O)Nc2ccc(Cl)cc2C(=O)Nc2ccccc2)cc1	1.0	1	0.472	0.989
20	CC(=O)c1ccc(S(=O)(=O)Nc2ccc(Cl)cc2C(=O)c2ccncc2)cc1	1.0	1	0.461	0.98
20	CC(C)(C)c1ccc(S(=O)(=O)Nc2ccc(Cl)cc2-c2ccccn2)cc1	1.0	1	0.753	0.979
20	O=S(=O)(Nc1cc(Cl)ccc1Cn1ccnn1)c1cccc(C(F)(F)F)c1	1.0	1	0.951	0.958
20	Nc1nn2c(O)c(Cc3cccc(Br)c3)c(C3CC3)nc2n1	1.0	1	0.836	0.913
20	Cc1cc2c(c(=O)n1Cc1ccccc1)C(c1ccccc1)oc1ccccc12	1.0	1	0.723	0.935
20	Cc1cc(Oc2c(C(=O)O)cccc2)c(NS(=O)(=O)c2ccc(Cl)cc2Cl)cc1	1.0	1	0.727	0.978
20	Cc1c(C(=O)Nc2ccc(S(=O)(=O)Nc3ncccn3)cc2)cccc1	1.0	1	0.582	0.985
20	CC(C)(c1ncco1)c1c[nH]c2ccccc12	1.0	1	0.784	0.914
20	O=C(O)c1ccncc1c1ccc(Cl)cc1	1.0	1	0.91	0.989
20	O=S1(=O)NC(Nc2c(Br)cccc2)=Nc2c1cc(Cl)cc2O	1.0	1	0.601	0.858
20	N#Cc1cc(NS(=O)(=O)c2ccc(Cl)cc2)c2ccccc2c1	1.0	1	0.868	0.984
20	Nc1nn2c(O)c(Cc3cccc(Br)c3)c(C3CCCC3)nc2n1	1.0	1	0.907	0.917
20	CC(=O)C1=C(O)C(=O)N(c2ccc(Cl)cc2)C1C1CCCC1	1.0	1	0.996	0.927
20	O=C(NS(=O)(=O)c1cccc(C(F)(F)F)c1)c1c(Cl)sc(Cl)c1	1.0	1	0.791	0.963
20	O=S(=O)(NCCn1nc(-c2ccccc2)c(CO)cc1)C1CCCCO1	0.0	0	0.0	0.0
20	O=C(O)c1ccc(OC(=O)c2ccc(C(F)(F)F)cc2)cc1	1.0	1	0.695	0.99
20	CCOc1c(O)c(Br)c(C)c(F)c1C	1.0	1	0.6	0.921
20	COc1nc(Cl)cnc1NS(=O)(=O)c1ccccc1OC	1.0	1	0.751	0.969
20	CCCC(=O)Nc1cnc(C#N)nc1Nc1cc(OC)ccc1OC	1.0	1	0.588	0.959
20	Cc1ncc(C(=O)c2cc(Cl)ccc2NS(=O)(=O)c2ccc(C(C)(C)c3cnccc3)cc2)cc1	1.0	1	0.486	0.954
20	N#Cc1ncc2c(NS(=O)(=O)c3ccc(Cl)s3)c3c(ccc3[nH]c3cc(O)ccc23)[nH]1	1.0	1	0.661	0.252
20	Cc1ncnc(NS(=O)(=O)c2c(F)c(F)cc(F)c2)c1	1.0	1	0.73	0.959
20	CC(=O)Nc1cc(Cl)c(N2CC(C)NCC2)cc1	1.0	1	0.618	0.945
20	Cc1nn2c(O)cc(CSc3ccc(Cl)c(Cl)c3)nc2n1	1.0	1	0.789	0.933
20	O=S(=O)(Nc1cc(F)ccc1Cn1ccnn1)c1ccc(Cl)c(Cl)c1	1.0	1	0.946	0.962
20	Cc1ccc(C(=O)c2cc(Cl)ccc2NS(=O)(=O)c2ccc(CCC(=O)N(C)C)cc2)cc1	1.0	1	0.757	0.976
20	O=C(NS(=O)(=O)c1ccc(F)cc1)c1cccc(F)c1F	1.0	1	0.735	0.985
20	N#Cc1cccn1Cc1c(F)ccc(F)c1FS(=O)(=O)O	0.0	0	0.0	0.0
20	CCCC(=O)NCCCCN	1.0	1	0.554	0.988
20	OB(O)[O-]CCCc1ccc(CN2CCCCC2)cc1	0.0	0	0.0	0.0
20	Cc1c(C(=O)Nc2ccc(S(=O)(=O)Nc3nccs3)cc2)cccc1	1.0	1	0.541	0.985
20	Cc1ccc(C(=O)c2cc(Cl)ccc2NS(=O)(=O)c2ccc(CCC(=O)N(C)C)cc2)cc1	1.0	1	0.757	0.976
20	N#Cc1c(SCCN)nc(N)nc1C#CCN	1.0	1	0.523	0.782
20	O=C(c1ccncc1)c1cnc(Nc2ccccc2)nc1	1.0	1	0.747	0.982
20	CC(C)c1nc2nc(N)nn2c(O)c1Cc1cccc(Cl)c1Cl	1.0	1	0.968	0.909
20	COc1nc(Cl)cnc1NS(=O)(=O)c1cccc(Cl)c1	1.0	1	0.739	0.967
20	CC(=O)Nc1ccc(S(=O)(=O)NC(C)C)cc1	1.0	1	0.572	0.99
20	CC(=O)C1=C(O)C(=O)N(c2cc(F)c(S(=O)(=O)Nc3ccc(F)cc3)cc2)C1CC	1.0	1	0.479	0.891
20	O=S(=O)(Nc1cc(Cl)cnc1Nc1cc(F)cc(Cl)c1)	1.0	1	0.855	0.859
20	CC(C)c1nc2nc(N)nn2c(O)c1Cc1cc(Cl)ccc1	1.0	1	0.911	0.929
20	O=C(O)c1ccccc1Oc1ncc(Cl)cc1NS(=O)(=O)c1ccc(Cl)cc1	1.0	1	0.629	0.976
20	Nc1nn2c(O)c(Cc3cccc(Cl)c3)c(CCc3ccccc3)nc2n1	1.0	1	0.98	0.95
20	Cc1c(C(=O)Nc2ccc(S(=O)(=O)Nc3ncccn3)cc2)cccc1	1.0	1	0.582	0.985
20	O=S(=O)(NCCCN1CCC(O)(c2ccc(Cl)cc2)CC1)c1cc(Cl)c(Cl)cc1	1.0	1	0.619	0.967
20	O=C(c1cnc(Cl)cn1)c1cc(Cl)ccc1NS(=O)(=O)c1cc(Cl)c(Cl)cc1	1.0	1	0.793	0.96
20	Cc1cc(NS(=O)(=O)c2cc(C(F)(F)F)c(Cl)cc2C(=O)c2ccncc2)ccc1	1.0	1	0.621	0.959
20	COc1nc2c(cc1NS(=O)(=O)c1ccc(C#N)cc1)CCC2	1.0	1	0.771	0.965
20	Cc1c2C(=O)N(c3cnccc3)C(=O)c2c(NS(=O)(=O)c2ccccc2)ccc1	0.0	0	0.0	0.0
21	COc1c2c(NS(=O)(=O)c3ccc(C)c(F)c3)nn(Cc3cccc(C(=O)N(C)C)c3)c2ccc1	1.0	1	0.718	0.954
21	Cn1nnc(O)c1Cc1ccc(Cl)cc1NS(=O)(=O)c1ccc(Cl)c(Cl)c1	1.0	1	0.669	0.934
21	CCCC(=O)Nc1ccc(C(=O)Nc2nccs2)cc1	1.0	1	0.575	0.988
21	COc1ccc(C(=O)c2cccc(C#N)c2)c2c1cc(O)ccc12	0.0	0	0.0	0.0
21	Cc1c(N2C(=O)c3c(ccc4ccccc34)C2=O)cccc1C(=O)O	1.0	1	0.665	0.978
21	CC(=O)C1=C(O)C(=O)N(c2ccc(C(F)(F)F)cc2)C1C1CCCCC1	1.0	1	0.989	0.907
21	Cc1c(Cl)c(OC2CCN(C(=O)Nc3ccccc3)CC2)cc[n+]1[O-]	1.0	1	0.435	0.946
21	O=C(O)c1ccccc1Oc1ccc(Cl)cc1N	1.0	1	0.945	0.988
21	CCCC(=O)C1=C(O)C(=O)N(c2ccc(C)cc2)C1c1cccc(OC)c1N	1.0	1	0.979	0.899
21	CCCCCc1c(O)nc(N)nc1NS(=O)(=O)c1ccc(Cl)s1	1.0	1	0.694	0.931
21	CC(=O)C1=C(O)C(=O)N(c2ccc(C)cc2F)C1c1ccccc1	1.0	1	0.992	0.946
21	Cc1nc2nc(N)nn2c(O)c1Cc1ccc(Cl)cc1	1.0	1	0.999	0.955
21	CSc1ncc(C(=O)c2cc(Cl)ccc2NS(=O)(=O)c2ccc(C(C)(C)C)cc2)cc1	1.0	1	0.822	0.964
21	CCCc1n(CC)c2c(NS(=O)(=O)c3cccc(Cl)c3)cccc2c1	1.0	1	0.711	0.963
21	O=S(=O)(Nc1cc(Cl)ccc1Cn1cccn1)c1ccc(Cl)c(Cl)c1	1.0	1	0.957	0.973
21	O=C(c1ccncc1)c1cc(Cl)ccc1NS(=O)(=O)c1ccc(N2CCOCC2)cc1	1.0	1	0.655	0.973
21	O=C(NS(=O)(=O)c1ccc(NC(=O)Nc2ccccc2)cc1)O	1.0	1	0.405	0.987
21	COc1nc(Cl)cnc1NS(=O)(=O)c1c(F)c(Br)ccc1	1.0	1	0.814	0.943
21	COc1nc(Br)cnc1NS(=O)(=O)c1c(Cl)c(Cl)ccc1	1.0	1	0.836	0.95
21	CC(=O)c1ccc(S(=O)(=O)Nc2ccc(Cl)cc2C(=O)c2ccncc2)cc1	1.0	1	0.461	0.98
21	COc1ccc(Cn2nc(NS(=O)(=O)c3ccc(Cl)cc3)c3ccccc32)cc1	1.0	1	0.838	0.98
21	CCCC(=O)Nc1ccc(C(=O)Nc2ccc(F)cc2C(=O)c2ccncc2)cc1	1.0	1	0.409	0.982
21	Cc1c(C(=O)Nc2ccc(S(=O)(=O)NCCO)cc2)cccc1F	1.0	1	0.569	0.984
21	CC(=O)C1=C(O)C(=O)N(c2cc(C)ccc2C)C1C1CCCC1	1.0	1	0.975	0.907
21	CCCc1nc2nc(N)nn2c(O)c1Cc1cccc(Cl)c1	1.0	1	0.991	0.934
21	CC(=O)C1=C(O)C(=O)N(c2cc(F)c(C)cc2)C1C1CCN(C)CC1	1.0	1	0.982	0.889
21	COc1ccc(S(=O)(=O)Nc2ccc(C(=O)Nc3cccc(C)c3)cc2)cc1	1.0	1	0.38	0.99
21	O=C(NCc1cnccc1)c1ccc(Oc2ccc(Cl)cc2NS(=O)(=O)c2ccc(Cl)c(Cl)c2)cc1	1.0	0	0.005	0.972
21	CC(=O)C1=C(O)C(=O)N(c2ccc(C)cc2)C1c1ccc(Br)cc1	1.0	1	0.992	0.953
21	CC(=O)Nc1cnc(NS(=O)(=O)c2ccc(Cl)cc2)c2c1C(O)CC2	1.0	1	0.686	0.873
21	Cc1ccccc1Cc1c(O)n2cnnc2c2ccc(Cl)cc12	1.0	1	0.964	0.947
21	COc1cc2c(cc1NS(=O)(=O)c1c(Cl)c(Cl)ccc1)nc(O)n2	0.0	0	0.0	0.0
21	Cc1cccc(NS(=O)(=O)c2cccc(C(=O)O)c2)c1F	1.0	1	0.676	0.985
21	Cc1ccc(S(=O)(=O)Nc2cc(Cl)ccc2Cn2ccnn2)cc1	1.0	1	0.892	0.971
21	CC(C)c1nc2nc(N)nn2c(O)c1Cc1cccc(Cl)c1	1.0	1	0.911	0.929
21	Cc1ccc(N2C(=O)C(O)=C(C(=O)C3CC3)C2C2CCCCC2)cc1	1.0	1	0.905	0.914
21	CCCCCC(=O)NC(=O)c1sc(C)cc1NS(=O)(=O)c1cc(Cl)c(N)c(Cl)cc1	0.0	0	0.0	0.0
21	Cc1c(S(=O)(=O)NC(=O)c2ccccc2)cncc1	1.0	1	0.635	0.984
21	O=S1(=O)NC(NCc2ccccc2)=Nc2c1cc(Cl)cc2O	1.0	1	0.771	0.899
21	CCNS(=O)(=O)c1ccc(CNC(=O)c2ccccc2)cc1	1.0	1	0.69	0.991
21	CCCn1c(=O)c(F)c(N2CCC(O)(CC)CC2)n1	0.0	0	0.0	0.0
21	Cc1ccc(Nc2ncnc(Nc3ccc(Cl)cc3)n2)cc1	1.0	1	0.756	0.985
21	CNS(=O)(=O)c1cccc(C(=O)Nc2ccccc2Cc2ccccc2)c1	1.0	1	0.463	0.987
21	Cc1ccc(Cl)cc1NS(=O)(=O)c1cccc(C(C)(C)C)c1	1.0	1	0.785	0.986
21	COc1nc2c(nc(O)[nH]2)nc1NS(=O)(=O)c1ccc(Cl)s1	1.0	1	0.888	0.864
21	Cc1nc2nc(N)nn2c(O)c1Cc1cccc(Cl)c1	1.0	1	0.994	0.95
21	CC(=O)C1=C(O)C(=O)N(c2ccc(C)cc2)C1C1CCCCCCC1	1.0	1	0.983	0.928
21	Cc1nn2c(O)c(Cc3cccc(Cl)c3)c(C3CCNCC3)nc2n1	1.0	1	0.975	0.909
21	Cc1ncc(C(=O)c2cc(Cl)ccc2NS(=O)(=O)c2cc(-c3cc(C(Cl)(F)F)ccc3)c3ccccc3c2)cc1	1.0	0	0.005	0.93
21	O=C(NS(=O)(=O)c1ccccc1)c1ccccn1-c1ccccc1	0.0	0	0.0	0.0
21	Nc1nn2c(O)c(Cc3ccccc3)c(C3CC3)nc2n1	1.0	1	0.919	0.937
21	CC(=O)C1=C(O)C(=O)N(c2ccc(C)cc2)C1C1CCCCC1	1.0	1	0.994	0.929
21	C#CCOc1ccc(C(=O)Nc2ccc(Cl)cc2C(=O)c2ccncc2)cc1	1.0	1	0.523	0.976
21	CC(=O)c1ccc(C(=O)Nc2ccccc2N2CCCCC2)cc1	1.0	1	0.729	0.99
21	COc1nc(Br)cnc1NS(=O)(=O)c1cc(Cl)cc(Cl)c1	1.0	1	0.744	0.948
21	Nc1nn2c(O)c(Cc3cccc(Br)c3)c(C3CC3)nc2n1	1.0	1	0.836	0.913
21	O=S(=O)(Nc1cc(Cl)c(Cl)cc1Cn1cccn1)c1cccc(Cl)c1	1.0	1	0.901	0.967
21	C(=Cc1ccc(-c2ccc(C(F)(F)F)c(C(F)(F)F)c2)cc1)C	1.0	1	0.759	0.969
21	CS(=O)(=O)Nc1cc(Oc2ccc(F)cc2)c2cccc(cc2)c1	0.0	0	0.0	0.0
21	CCOc1ccncc1N1C(=O)c2c(C1=O)c(NS(=O)(=O)c1ccccc1)c(C)n2Cc1ccc(Cl)cc1	1.0	0	0.005	0.918
21	CC(=O)C1=C(O)C(=O)N(c2ccc(C)cc2)C1C1CCCCCCCC1	1.0	1	0.946	0.847
21	O=S(=O)(Nc1ccc(Cl)cn1)c1ccc(Cl)nc1	1.0	1	0.819	0.976
21	CCOc1c(O)cc(CN2C(=O)c3c(C)cccc3C(=O)C2=O)cc1	1.0	1	0.824	0.974
21	CC(=O)c1ccc(Oc2cc(C)c(Cl)cc2C(=O)c2ccncc2)cc1	1.0	1	0.877	0.979
21	Cc1c2C(=O)N(c3cnccc3)C(=O)c2c(NS(=O)(=O)c2ccccc2)cc1	1.0	1	0.681	0.964
21	COc1c(NS(=O)(=O)c2ccc(Cl)s2)nc(N)n1O	1.0	1	0.729	0.871
21	Cc1nn2c(O)cc(CSc3c(Cl)cccc3)nc2n1	1.0	1	0.794	0.94
21	CCc1c(OC)cncc1NS(=O)(=O)c1ccc(Cl)c(Cl)c1	1.0	1	0.687	0.965
21	C#Cc1ccc(S(=O)(=O)Nc2ccc(C(=O)O)cc2)cc1	1.0	1	0.706	0.985
21	O=C(c1ccncc1)c1cc(Cl)ccc1NS(=O)(=O)c1ccc(-c2ncco2)cc1	1.0	1	0.609	0.964
21	O=C(Nc1ccccc1)c1ccccc1OC(=O)N1CCCCC1	1.0	1	0.799	0.989
21	Cc1cccc(C(=O)c2cc(Cl)ccc2NS(=O)(=O)c2ccc(C(C)(C)c3cnc(S)s3)cc2)c1	1.0	1	0.371	0.914
21	CC(=O)C1=C(O)C(=O)N(c2cc(C)ccc2C)C1C1CCCCC1	1.0	1	0.979	0.907
21	CCOC(=O)N1CCC(NS(=O)(=O)c2cccc3c2cccc3c2)CC1	0.0	0	0.0	0.0
21	Cc1cc(Oc2cc(F)cc(C(=O)O)c2)c(NS(=O)(=O)c2ccc(Cl)cc2)cc1	1.0	1	0.653	0.978
21	CC(=O)C1=C(O)C(=O)N(c2cc(F)c(C)cc2)C1c1ccc(Br)cc1	1.0	1	0.987	0.938
21	N#Cc1cccn1CCC(NS(=O)(=O)c1ccccc1)c1ccc(Cl)cc1	1.0	1	0.528	0.916
21	Cc1ccccc1C(=O)c1cc(Cl)ccc1NS(=O)(=O)c1ccc(C(C)(C)C)cc1	1.0	1	0.69	0.98
21	O=S1(=O)NC(Nc2c(Br)cccc2)=Nc2c1cc(Cl)cc2O	1.0	1	0.601	0.858
21	Cc1nn2c(O)c(Cc3cccc(Cl)c3)c(C3CC3)nc2n1	1.0	1	0.899	0.93
21	N#CC(=CNc1ccccc1)c1ccc(C(F)(F)F)cc1	1.0	1	0.692	0.977
21	COC(=O)CCc1ccc(S(=O)(=O)Nc2ccc(Cl)cc2C(=O)c2ccncc2)cc1	1.0	1	0.537	0.975
21	COc1cccc2c1c(NS(=O)(=O)c1ccc(Cl)s1)nn2Cc1ccccc1CO	1.0	1	0.592	0.947
21	Cc1cnc(C(=O)c2cc(Cl)ccc2NS(=O)(=O)c2ccc(C(C)(C)C)cc2)cc1	1.0	1	0.769	0.972
21	CC(=O)C1=C(O)C(=O)N(c2ccc(Cl)cc2)C1C1CCCCCCC1	1.0	1	0.99	0.926
21	Cc1cc(C(=O)c2cc(Cl)ccc2NS(=O)(=O)c2ccc(OC(C)C)cc2)ccn1	1.0	1	0.653	0.972
21	CC(=O)C1=C(O)C(=O)N(c2cc(F)c(C)cc2)C1c1ccc(Br)cc1	1.0	1	0.987	0.938
21	CC1CCN(C(=O)C(CCn2cccc2)NS(=O)(=O)c2cc(Cl)c(N)c(Cl)c2)CC1	1.0	1	0.667	0.848
21	O=S(=O)(Nc1cc(Cl)ccc1Cn1ccnn1)c1csc2c1cccc2	1.0	1	0.764	0.944
21	CC(=O)NCc1cc(Cn2nc(NS(=O)(=O)c3ccc(Cl)cc3)c3c(C(C)C)cccc32)ccc1	1.0	1	0.408	0.953
21	CCCc1nc2nc(N)nn2c(O)c1Cc1ccccc1	1.0	1	0.995	0.947
21	O=C(O)c1ccc(Oc2cc(C(=O)O)ccc2)nc1O	1.0	1	0.738	0.972
21	CC(=O)SCC(=O)c1ccc(O)c(C)c1NC(=O)c1ccc(OC(C)C)cc1	1.0	1	0.583	0.96
21	O=C(c1ccncc1)c1ccc(Oc2ccc(F)cc2NS(=O)(=O)c2ccc(Cl)cc2)cc1	1.0	1	0.54	0.976
21	Oc1cc(CSc2ccc(Cl)cc2Cl)nc2nc(Cc3ccccc3)nn12	1.0	1	0.511	0.945
21	COc1ccccc1-c1ccc(C(=O)NS(=O)(=O)c2ccc(Cl)cc2)cc1	1.0	1	0.554	0.988
21	Cc1c(C(=O)Nc2ccc(S(=O)(=O)Nc3ncccn3)cc2)cccc1	1.0	1	0.582	0.985
21	CC(=O)C1=C(O)C(=O)N(c2ccc(C)cc2F)C1C1CCCCC1	1.0	1	0.99	0.903
21	O=C(c1ccncc1)c1cnc(Oc2ccc3c(c2)OCO3)c(F)c1	1.0	1	0.766	0.964
21	N#Cc1cccn1CCC(NS(=O)(=O)c1cccc(C(F)(F)F)c1)c1ccc(Cl)cc1	1.0	1	0.51	0.877
22	COc1ccc(S(=O)(=O)Nc2ccc(Cl)cc2-c2ccccn2)cc1	1.0	1	0.701	0.985
22	CC(C)(C)c1ccc(S(=O)(=O)Nc2ccc(Br)cc2C(=O)c2ccncc2)cc1	1.0	1	0.674	0.975
22	CC(C)(C)c1ccc(S(=O)(=O)Nc2ccc(Cl)cc2-c2ncco2)cc1	1.0	1	0.72	0.967
22	COc1c2c(NS(=O)(=O)c3ccc(Cl)s3)nn(CCCO)c2ccc1	1.0	1	0.632	0.947
22	CC(C)c1nc2nc(N)nn2c(O)c1C(N)=O	1.0	1	0.757	0.879
22	Nc1nn2c(O)c(Cc3cccc(Cl)c3Cl)c(C3CC3)nc2n1	1.0	1	0.996	0.9
22	CCCC(=O)N1CCC(NS(=O)(=O)c2ccc(NC(=O)c3ccccc3C)c3ccccc23)CC1	1.0	1	0.376	0.969
22	COc1nc(Br)cnc1NS(=O)(=O)c1cc(Cl)cc(Cl)c1	1.0	1	0.744	0.948
22	COc1ccc(S(=O)(=O)Nc2ccc(Cl)cc2C(=O)c2nccnc2)cc1	1.0	1	0.717	0.976
22	O=S(=O)(NCc1ccccc1)c1ccc(C#N)cc1C	1.0	1	0.752	0.986
22	CC(=O)Nc1ccc(C(=O)c2cc(Cl)ccc2NS(=O)(=O)c2ccc(OC(C)C)cc2)cc1	1.0	1	0.688	0.978
22	COc1ccccc1Cn1nc(NS(=O)(=O)c2ccc(O)c(C(=O)O)c2)c2c1CCO2	1.0	1	0.666	0.935
22	CC(C)(c1nccnn1Cc1ccc(Cl)cc1)CN1CCCCC1=O	0.0	0	0.0	0.0
22	CC(=O)C1=C(O)C(=O)N(c2ccc(Cl)cc2F)C1C1CCCCC1	1.0	1	0.994	0.9
22	O=C(NCCO)c1ccccc1Oc1ncc(Cl)cc1NS(=O)(=O)c1ccc(Cl)c(Cl)c1	1.0	1	0.678	0.964
22	CC1(c2ccc(S(=O)(=O)Nc3ccc(Cl)c(Cl)c3)cc2)OCCO1	1.0	1	0.713	0.966
22	CS(=O)(=O)c1ccc(S(=O)(=O)Nc2ccc(Cl)cc2C(=O)c2cnccc2)cc1	1.0	1	0.556	0.977
22	COc1ccccc1Cc1c(O)n2nc(N)nc2nc1Cc1ccc(Cl)cc1	1.0	1	0.974	0.945
22	Cc1ccc(N2C(=O)C(O)=C(C(=O)c3ccccc3)C2[n+]2ccccc2)cc1	1.0	1	0.926	0.871
22	O=S(=O)(Nc1cc(Cl)ccc1Cn1ccnn1)c1ccc2ccccc2n1	1.0	1	0.739	0.95
22	O=S(=O)(NCc1ccc(Cl)cc1)c1ccccc1N	1.0	1	0.712	0.989
22	CC(C)(CO)c1ccc(C(=O)Nc2cc(NS(=O)(=O)c3ccccc3)c(NC(=O)c3ccccc3)c3ccccc23)cc1	1.0	0	0.005	0.948
22	CC(=O)C1=C(O)C(=O)N(c2ccc(C)cc2)C1c1ccccc1	1.0	1	0.995	0.963
22	CNC(=O)c1cc(COc2ccc(NC(=O)Nc3cc(C)ccc3)cc2)ccc1	1.0	0	0.202	0.987
22	CC(=O)C1=C(O)C(=O)N(c2ccc(Cl)cc2F)C1C1CCCCC1	1.0	1	0.994	0.9
22	CCc1cc(NC(=O)c2cc(C)ccc2Oc2ccc(C)cc2)ccc1	1.0	1	0.783	0.989
22	Cc1[n+]([O-])cc(C(=O)c2cc(Cl)ccc2NS(=O)(=O)c2ccc(Cl)cc2)cc1	1.0	1	0.786	0.958
22	Cc1c(C(=O)Nc2ccc(S(=O)(=O)Nc3nccs3)cc2)cccc1	1.0	1	0.541	0.985
22	CC(C)c1nc2nc(N)nn2c(O)c1Cc1ccc(Cl)c(Cl)c1	1.0	1	0.948	0.923
22	O=S(=O)(Nc1cc(Cl)ccc1Cn1cncn1)c1ccc(Cl)c(Cl)c1	1.0	1	0.962	0.969
22	COc1ccccc1Cn1nc(NS(=O)(=O)c2c(Cl)cccc2)c2c1cc(C)cc1	0.0	0	0.0	0.0
22	Cc1ccc(C(=O)c2cc(Cl)ccc2NS(=O)(=O)c2ccc(-c3cnco3)cc2)cc1	1.0	1	0.608	0.971
22	CC(=O)c1ccc(C(=O)c2cc(Cl)ccc2NS(=O)(=O)c2ccc(C(C)(C)C)cc2)cc1	1.0	1	0.702	0.978
22	CC(=O)C1=C(O)C(=O)N(c2ccc(C)cc2)C1c1ccc(Br)cc1	1.0	1	0.992	0.953
22	O=C(NS1=CCCCC1)c1ccncc1	1.0	1	0.693	0.509
22	CCCC(=O)N1CCC(NS(=O)(=O)c2ccc(OCc3ccccc3)cc2)CC1	1.0	1	0.508	0.983
22	Cc1cc(C(=O)c2cc(Cl)ccc2NS(=O)(=O)c2ccc(-c3ccc(C#CCO)cc3)cc2)ccn1	1.0	0	0.005	0.954
22	N#Cc1cnc2nc(Nc3cc(Cl)ccc3)cn2c1Cl	1.0	1	0.845	0.915
22	CC(=O)c1ccc(OC(=O)C=Cc2ccccc2)cc1	1.0	1	0.529	0.99
22	CC(C)Cc1c2c(nc(O)n3N)nn2n1CCO	0.0	0	0.0	0.0
22	Cc1nnc(SCc2ccc(C(=O)Nc3ccccc3C(=O)Nc3ccc(Cl)cc3)cc2)cc1	1.0	0	0.254	0.977
22	O=S(=O)(Nc1cc(Cl)ccc1Cn1ccnn1)c1ccccc1	1.0	1	0.852	0.973
22	COc1ccc(CC(=O)Nc2ccc([N+](=O)[O-])cc2)cc1	1.0	1	0.84	0.992
22	CS(=O)(=O)c1ccc(S(=O)(=O)Nc2c(C(=O)NCCN3CCCC3)cccc2)cc1	1.0	1	0.448	0.98
22	CC(C)(C)c1ccc(S(=O)(=O)Nc2ccc(Cl)c3c2C(=O)N(C)c2ccc(C#N)cc2)cc1	0.0	0	0.0	0.0
22	COc1ccccc1Cn1nc(NS(=O)(=O)c2ccc(Cl)s2)c2c1cccc2OC	1.0	1	0.88	0.957
22	COc1ncc(Br)cc1NS(=O)(=O)c1cccc(Cl)c1Cl	1.0	1	0.818	0.969
22	Cc1ccc(S(=O)(=O)Nc2cc(Cl)ccc2Cn2ccnn2)cc1C	1.0	1	0.926	0.965
22	CC1(c2ccc(S(=O)(=O)Nc3cc(Cl)ccc3C(=O)c3ccncc3)cc2)OCCO1	1.0	1	0.66	0.948
22	CCCCC(=O)C1=C(O)C(=O)N(c2ccc(C)cc2)C1C1CCCCCCC1	1.0	1	0.963	0.909
22	Cc1ncc(C(=O)c2cc(Cl)ccc2NS(=O)(=O)c2ccc(C(C)(C)c3ncccc3)cc2)cc1	1.0	1	0.515	0.953
22	O=S(=O)(Nc1cc(Cl)ccc1Cn1ccnn1)c1ccccc1	1.0	1	0.852	0.973
22	CCSc1ncc(Cl)c(Nc2ncnc3ccncc23)c1	1.0	1	0.712	0.933
22	O=S(=O)(Nc1cc(Cl)c(Cl)cc1Cn1ccnn1)c1ccc(F)cc1	1.0	1	0.869	0.96
22	O=C(O)c1ccccc1Oc1ccc(Cl)cc1N	1.0	1	0.945	0.988
22	CS(=O)(=O)c1ccc(Oc2c(Cl)cccc2NS(=O)(=O)c2ccc(Cl)cc2)cc1	1.0	1	0.618	0.978
22	COc1nc(Br)cnc1NS(=O)(=O)c1cc(Cl)ccc1Cl	1.0	1	0.836	0.957
22	CCC(=O)C1=C(O)C(=O)N(c2ccc(C)cc2)C1c1ccc(Br)cc1	1.0	1	0.99	0.941
22	Cc1cc(O)cnc1Nc1c(Cl)cccc1Cl	1.0	1	0.816	0.971
22	O=C(c1ccccc1)c1cc(Cl)[N-]ncc1Cl	1.0	1	0.905	0.687
22	COc1nn(CCN2CCCC2)c2c1c(Oc1ccc(Cl)cc1)ncn2	1.0	1	0.6	0.955
22	O=S(=O)(NC(c1ccccc1)c1ccccc1)c1ccc(Cl)cc1	1.0	1	0.957	0.99
22	O=S(=O)(Nc1cc(Cl)ccc1Cn1ccnn1)c1cccc(Cl)c1	1.0	1	0.893	0.966
22	COc1c(Cl)ccc(NS(=O)(=O)c2ccc(C(C)(C)C)cc2)cc1	0.0	0	0.0	0.0
22	Cc1ccc(C(=O)c2cc(Cl)ccc2NS(=O)(=O)c2ccc(CCC(=O)N(C)C)cc2)cc1	1.0	1	0.757	0.976
22	CC(C)(c1ccc(S(=O)(=O)Nc2c(Cl)cccc2C#N)cc1)c1cnccc1	1.0	1	0.481	0.957
22	CCOC(=O)N1CCC(NS(=O)(=O)c2ccc(OC)cc2)CC1F	1.0	1	0.718	0.852
22	O=C(c1ccccc1)c1cc(C(=O)c2ccccc2)ccc1N	1.0	1	0.809	0.99
22	Cc1ncc(C(=O)c2cc(Cl)ccc2NS(=O)(=O)c2ccc(S(C)(=O)=O)cc2)cc1	1.0	1	0.507	0.974
22	CCNS(=O)(=O)c1cccc(CNC(=O)c2cccc3c2cnn3C)c1O	1.0	1	0.59	0.956
22	CCCC(=O)N1CCC(NS(=O)(=O)c2ccc(OCC)cc2)CC1	1.0	1	0.693	0.983
22	CCCC(=O)N1CCC(NS(=O)(=O)c2ccc(NC(=O)c3cc(C)ccc3)c3c2cccc3)CC1	1.0	1	0.415	0.969
22	CCCNC(=O)NC(=O)COc1cccc(OC)c1C	1.0	1	0.671	0.985
22	COc1ccc(-c2nc(SCC(=O)c3ccccc3)nc(N)n2)cc1	1.0	1	0.539	0.981
22	Cc1ccc(C(=O)c2cc(Cl)ccc2NS(=O)(=O)c2ccc(OC(C)C)cc2)cc1	1.0	1	0.683	0.982
22	O=S(=O)(NCCCN1CCC(O)(c2ccc(Cl)cc2)CC1)c1ccc2ccccc2c1	1.0	1	0.628	0.969
22	Cc1c(C(=O)Nc2ccc(S(=O)(=O)NCCCN)cc2)cccc1S	1.0	1	0.522	0.971
22	CC1(c2ccc(S(=O)(=O)Nc3ccc(Cl)cc3C(=O)c3ccncc3)cc2)OCCO1	1.0	1	0.675	0.949
22	CC(=O)Nc1ccc(S(=O)(=O)NCc2ccccn2)cc1	1.0	1	0.771	0.988
22	Cn1ncc2c1ncnc2NS(=O)(=O)c1c(Cl)cccc1Cl	1.0	1	0.81	0.961
22	O=S(=O)(Nc1nc2ncccc2ccc1)c1ccccc1Cc1ccccc1	0.0	0	0.0	0.0
22	Cc1ccccc1C(=O)Nc1ccc(S(=O)(=O)c2ccc(-c3ccccc3)cc2)cc1	1.0	1	0.445	0.988
22	CC1=CC=CN2C(=O)C1CCCCC(=O)c1cc(Cl)ccc12	1.0	1	0.839	0.293
22	Cc1ccccc1C=C1SC(=O)N(Cc2ccc(C(=O)O)cc2)C1=O	1.0	1	0.627	0.982
22	CC(C)(C)c1ccc(S(=O)(=O)Nc2ccc(Cl)cc2C(=O)c2cnccc2)cc1	1.0	1	0.669	0.977
22	CCCc1nc2nc(O)cc(N)n2c1O	1.0	1	0.644	0.795
22	O=C(NS(=O)(=O)c1ccc(Cl)cc1)N1CCCC1OCc1ccccc1	1.0	1	0.525	0.935
22	Cc1c(C(=O)Nc2ccc(S(=O)(=O)c3ccccc3)cc2)cccc1	1.0	1	0.577	0.991
22	O=C(c1ccncc1)c1cc(Cl)ccc1NS(=O)(=O)c1ccc([N+](=O)[O-])cc1	1.0	1	0.496	0.977
22	N#Cc1ccc(S(=O)(=O)Nc2ccc(Cl)cc2C(=O)c2c[n+]([O-])c(Cl)cc2)cc1	1.0	1	0.806	0.934
22	Nc1nn2c(O)c(Cc3ccccc3Cl)c(C3CC3)nc2n1	1.0	1	0.995	0.921
22	CC(C)(C)c1ccc(S(=O)(=O)Nc2ccc(Cl)cc2C(=O)c2cccc(C(F)(F)F)c2)cc1	1.0	1	0.479	0.972
22	CS(=O)(=O)c1cc(Oc2ccc(Cl)cc2NS(=O)(=O)c2ccc(Cl)c(Cl)c2)ccc1	1.0	1	0.532	0.975
22	CCCCc1nc2nc(N)nn2c(O)c1Cc1ccc(C)cc1	1.0	1	0.996	0.943
22	CCCCCS(=O)(=O)Nc1cc(Cl)ccc1N1CCNCC1	1.0	1	0.591	0.971
22	Cc1ccc(S(=O)(=O)Nc2ccc(Cl)cc2C(=O)c2c[n+]([O-])c(C)cc2)cc1	1.0	1	0.799	0.959
22	Cc1cccc(CSc2ncc(Cl)c(C(Cc3ccccc3)Oc3cc(N4CCCC4)c(OC)cc3)n2)c1	1.0	0	0.005	0.854
22	CCCCCc1ccc(C(=O)Nc2ccccc2Oc2ccccc2)cc1	1.0	1	0.479	0.991
22	COc1ccc(S(=O)(=O)Nc2ccc(Cl)cc2C(=O)c2ncccc2)cc1	1.0	1	0.708	0.982
22	Cc1c(C(=O)Nc2ccc(S(=O)(=O)N3CCCCC3)cc2)cccc1C	1.0	1	0.455	0.988
23	Nc1nn2c(O)c(Cc3ccc(C(F)(F)F)cc3)c(C3CCCC3)nc2n1	1.0	1	0.993	0.918
23	COc1ccc(S(=O)(=O)NCc2ccc(C(=O)NCc3ccccc3)cc2)cc1	1.0	0	0.329	0.99
23	CC(=O)C1=C(O)C(=O)N(c2ccc(C)cc2)C1c1ccc(Br)cc1	1.0	1	0.992	0.953
23	CCOC(=O)C1=C(O)C(=O)n1c1ccc(Cl)cc1	1.0	1	0.916	0.969
23	COc1nc(CO)c(Cl)cc1NS(=O)(=O)c1cccc(Cl)c1Cl	1.0	1	0.792	0.953
23	COc1nc(Br)cnc1NS(=O)(=O)c1ccc(Cl)cc1	1.0	1	0.802	0.968
23	COc1ccccc1Cn1nc(NS(=O)(=O)c2c(Cl)ccc(Cl)c2)c2ccccc21	1.0	1	0.782	0.971
23	CS(=O)(=O)c1ccc(S(=O)(=O)Nc2ccc(Cl)cc2C(=O)c2ccnc(C#N)c2)cc1	1.0	1	0.523	0.961
23	Cc1cc[n+]([O-])cc1N1C(=O)c2ccc([N+](=O)[O-])cc2C1=O	1.0	1	0.794	0.935
23	N#Cc1ccc(Oc2ccc(Cl)cc2NS(=O)(=O)c2ccc(Cl)cc2)cc1	1.0	1	0.711	0.983
23	COc1ccccc1Cl	1.0	1	0.409	0.996
23	Cc1c(S(=O)(=O)NCc2ccc(C(=O)c3ccccc3)cc2)cccc1Cl	1.0	1	0.421	0.985
23	Cc1ccc(S(=O)(=O)Nc2cc(F)ccc2C(=O)c2ccncc2)cc1	1.0	1	0.852	0.982
23	O=C(NCCN1CCC(Cc2ccccc2)CC1)c1cccc2c1Cc1ccccc1	0.0	0	0.0	0.0
23	CCCC(=O)N1CCC(NS(=O)(=O)c2ccc(C(C)(C)C)cc2)CC1	1.0	1	0.689	0.979
23	CC(=O)C1=C(O)C(=O)N(c2cc(C)c(C)cc2)C1c1cc(Br)ccc1	1.0	1	0.988	0.938
23	CC(=O)C1=C(O)C(=O)N(c2ccc(Cl)cc2)C1C1CCCCC1	1.0	1	0.997	0.927
23	CC(=O)c1ccc(S(=O)(=O)Nc2ccc([N+](=O)[O-])cc2)cc1	1.0	1	0.507	0.989
23	CN=C(NS(=O)(=O)c1ccc(Cl)cc1)NS(=O)(=O)c1cccc(Cl)c1	1.0	1	0.679	0.962
23	CCCn1nc(C(=O)Nc2ccc(OC(F)(F)F)cc2)c2c1cc(C)c(=O)n2C	1.0	1	0.647	0.938
23	CC(=O)C1=C(O)C(=O)N(c2ccc(C)cc2)C1C1CCCCC1	1.0	1	0.994	0.929
23	O=C(O)c1ccccc1Oc1ccc(Cl)cc1NS(=O)(=O)c1ccc(Cl)c(Cl)c1	1.0	1	0.715	0.98
23	Cc1cccc(NS(=O)(=O)c2ccc(Cl)cc2C(=O)c2ccncc2)c1	1.0	1	0.708	0.978
23	CCCn1ccnc1P(=S)(OC)c1ccc(Cl)cc1C(=O)c1ccccc1	1.0	1	0.643	0.785
23	CC(=O)C1=C(O)C(=O)N(c2ccc(Br)cc2)C1CF	1.0	1	0.988	0.875
23	Cc1ccc(C(=O)c2cc(Cl)ccc2NS(=O)(=O)c2ccc(S(C)(=O)=O)cc2)cc1	1.0	1	0.761	0.982
23	COc1cc2c(cc1NS(=O)(=O)c1c(Cl)c(Cl)ccc1)n(C)c(O)n2	1.0	1	0.889	0.948
23	COc1nc(Br)cnc1NS(=O)(=O)c1cccs1	1.0	1	0.819	0.942
23	Cc1ncc(N2C(=O)c3c(C2=O)c(NS(=O)(=O)c2ccc(C(C)(C)C)cc2)ccc3Cl)cc1	1.0	1	0.54	0.946
23	COc1nn(C)c2c1c(NS(=O)(=O)c1cccc(Cl)c1Cl)nc(N(C)O)n2	1.0	1	0.769	0.877
23	COc1nccc(C(=O)c2cc(Cl)ccc2NS(=O)(=O)c2ccc(C(C)(C)C)cc2)c1	1.0	1	0.81	0.969
23	Cc1c(C(=O)c2cc(Cl)ccc2NS(=O)(=O)c2ccc(OC(C)C)cc2)ccc[n+]1[O-]	1.0	1	0.541	0.949
23	CCCCS(=O)(=O)NC(=O)CCc1ccc(S(=O)(=O)NC(=O)c2ccc(Cl)cc2)cc1	1.0	1	0.495	0.972
23	CCOC(=O)N1CCC(NS(=O)(=O)c2ccc(Cl)c(C(C)(C)C)c2)CC1	1.0	1	0.614	0.97
23	COc1ccc(S(=O)(=O)Nc2ccc(Cl)cc2C(=O)c2ccncc2)cc1	1.0	1	0.662	0.983
23	CC(=O)N(c1cc(Cl)ccc1C(=O)Nc1cnccn1)c1ccc(Cl)cc1	1.0	1	0.752	0.965
23	C#CCOc1nc(Cl)cnc1NS(=O)(=O)c1c(F)c(F)cc(F)c1Cl	1.0	1	0.64	0.849
23	CC(C)c1ccc(S(=O)(=O)Nc2ccc(Cl)cc2C(=O)c2ccncc2)cc1	1.0	1	0.534	0.979
23	CC(C)(C)c1ccc(S(=O)(=O)Nc2ccc(Cl)cc2C(=O)c2ccncc2)cc1	1.0	1	0.678	0.977
23	Nc1nn2c(O)c(Cc3cccc(Cl)c3)c(CCc3ccccc3)nc2n1	1.0	1	0.98	0.95
23	COc1cccc2sc(NC(=O)CN3C(=O)c4ccccc4C3=O)n12	0.0	0	0.0	0.0
23	CCOC(=O)N1CCC(NS(=O)(=O)c2cccc(Cl)c2C)CC1	1.0	1	0.6	0.977
23	Nc1cccnc1CNS(=O)(=O)c1ccc(N2C(=O)c3ccc(F)cc3C2=O)cc1	1.0	1	0.395	0.961
23	COc1ccc(S(=O)(=O)Nc2ccc(F)cc2C(=O)c2cnccc2)cc1	1.0	1	0.663	0.982
23	CCCCCc1nc2nc(N)nn2c(O)c1Cc1ccc(Cl)c(Cl)c1	1.0	1	0.842	0.93
23	COc1nc(S(C)(=O)=O)cnc1NS(=O)(=O)c1cccc(Cl)c1Cl	1.0	1	0.696	0.935
23	COc1nc(Br)cnc1NS(=O)(=O)c1cc(Cl)ccc1Cl	1.0	1	0.836	0.957
23	Cc1c(-c2ccc(Cl)cc2)nc(NS(=O)(=O)c2ccc(Cl)cc2)c1C	0.0	0	0.0	0.0
23	CC(=O)C1=C(O)C(=O)N(c2cc(C)c(C)cc2)C1C1CCCCC1	1.0	1	0.992	0.916
23	Cc1c(-c2ccc(Cl)cc2)nc(C(C)(O)CO)c1NC#N	0.0	0	0.0	0.0
23	CS(=O)(=O)c1ccc(S(=O)(=O)N2CCC(NS(=O)(=O)c3ccc(F)cc3)CC2)cc1	1.0	1	0.354	0.977
23	CCCn1c(CC)nc(N)n1	1.0	1	0.661	0.937
23	CC(=O)C1=C(O)C(=O)N(c2cc(F)c(C)cc2)C1C1CCCCCC1	1.0	1	0.983	0.908
23	Cc1[n+]([O-])cc(Cc2ccccc2)c2ccccc12	1.0	1	0.735	0.965
23	COc1cccc2c1Cc1ccccc1CO2	1.0	1	0.672	0.981
23	CNS(=O)(=O)c1ccc(CNC(=O)c2c(Cl)cncc2)cc1	1.0	1	0.64	0.983
23	COc1nc(Cl)cnc1NS(=O)(c1ccccc1)c2ccccc2O	1.0	0	0.005	0.677
23	CCCC(=O)N1CCC(NS(=O)(=O)c2ccc(CCCC)cc2)CC1	1.0	1	0.614	0.981
23	Cc1ccc(S(=O)(=O)Nc2ccc(Cl)cc2C(=O)c2cnccc2)cc1	1.0	1	0.69	0.983
23	Cc1nn(C(=O)c2cccc(C(C)(C)C)c2)cc1NS(=O)(=O)c1cccc(Cl)c1Cl	1.0	1	0.573	0.942
23	CCOC(=O)c1ccc(NC(=O)n2ccc(C)n2)cc1	1.0	1	0.761	0.979
23	O=C(O)c1ccc(Oc2ccc(Cl)cc2NS(=O)(=O)c2ccc(F)cc2)cc1	1.0	1	0.657	0.985
23	CC(=O)C1=C(O)C(=O)N(c2cc(C)c(C)cc2)C1C1CCCCC1	1.0	1	0.992	0.916
23	C(=Nc1ccc(Cl)cc1)c1ccc(F)cc1	1.0	1	0.794	0.988
23	COc1cc2c(cc1NS(=O)(=O)c1c(Cl)c(Cl)ccc1)nn2Cc1cccc(CO)c1	0.0	0	0.0	0.0
23	CCc1c2c(cc3cc[nH]c3c1N)N2C	0.0	0	0.0	0.0
23	COC(=O)CCc1ccc(S(=O)(=O)Nc2ccc(Cl)cc2C(=O)c2ccncc2)cc1	1.0	1	0.537	0.975
23	O=C(O)c1c(Oc2nccnc2NS(=O)(=O)c2ccc(Cl)c(Cl)c2)cccc1	1.0	1	0.627	0.968
23	N#Cc1ccccc1C(=O)c1cc(C(=O)c2ccccc2)c[nH]1	1.0	1	0.575	0.972
23	CC(=O)C1=C(O)C(=O)N(c2ccc(C)cc2)C1c1ccc(Cl)cc1	1.0	1	0.992	0.958
23	Oc1cc(CSc2nc(-c3ccccc3)c(-c3ccccc3)[nH]2)ccc1	1.0	1	0.474	0.98
23	COCC1CCN1C(=O)c1ccc2nc(Cc3ccccc3)c(O)nc2c1	1.0	1	0.507	0.904
23	CC(C)(C)c1ccc(S(=O)(=O)Nc2ccc(I)cc2C(=O)c2ccncc2)cc1	1.0	1	0.668	0.97
23	O=C(O)c1cc2cc(-c3cccc(F)c3)ccc2cc1	1.0	1	0.827	0.99
23	c1cc(Nc2ncc(Br)s2)ccc1	1.0	1	0.79	0.983
23	COc1ccc(CCn2nc3ccccc3c2NS(=O)(=O)c2ccc(C3CCCCC3)cc2)cc1	1.0	1	0.51	0.96
23	Nc1nn2c(O)c(Cc3cccc(Cl)c3)c(CCc3cnccc3)nc2n1	1.0	1	0.903	0.93
23	Cc1cccc(C)n1OC(=O)c1cc(C)ccc1C(=O)c1ccccc1Cl	0.0	0	0.0	0.0
23	COc1nccc(C(=O)c2cc(Cl)ccc2)c1OCc1cccc(C(F)(F)F)c1	1.0	1	0.52	0.967
23	CCOc1ccc(C(=O)NCc2ccc(F)cc2)cc1	1.0	1	0.858	0.994
23	O=C(c1cc2ccccc2n1NS(=O)(=O)c1cccc(Cl)c1)N1CCClCC1	0.0	0	0.0	0.0
23	CCCCCn1cc(C(=O)NCCCN2CCC(Oc3ccccc3)CC2)(Cc2ccccc2)CC1	0.0	0	0.0	0.0
23	O=C(O)c1cccc(Oc2ccc(Cl)cc2Nc2ccc(Cl)cc2)c1F	1.0	1	0.714	0.981
23	CC(C)(C)c1ccc(S(=O)(=O)Nc2ccc(OC(=O)c3ccncc3)cc2)cc1	1.0	1	0.478	0.981
23	CCOC(=O)c1nc2n(CCC)c3ccccc3n2c1CN1CCn2c1ncc1ccccc21	0.0	0	0.0	0.0
23	COc1cc2c(cc1NS(=O)(=O)c1c(Cl)c(Cl)ccc1)nc(O)n2C	1.0	1	0.88	0.948
23	Cc1ccc(C(=O)NC(=Cc2ccccc2)C(=O)NC(C)c2ncc(C)o2)cc1	1.0	1	0.495	0.91
23	Cc1nc(C(=O)c2cc(Cl)ccc2NS(=O)(=O)c2ccc(N3CCOCC3)cc2)no1	1.0	1	0.576	0.955
23	CCCC(=O)N1CCC(NS(=O)(=O)c2ccc(C(C)(C)C)cc2)CC1	1.0	1	0.689	0.979
23	C=CCOc1ccc(C(=O)Nc2ccc(C(=O)OCC)cc2)cc1	1.0	1	0.517	0.99
23	CC(C)(c1ccc(S(C)(=O)=O)cc1)n1cc(Cl)c(Cl)c1Cl	1.0	1	0.821	0.912
23	O=C(NS(=O)(=O)c1ccc(Cl)c(Cl)c1)N1CCCC1	1.0	1	0.623	0.982
23	COc1ccc(S(=O)(=O)Nc2ccc(S(=O)(=O)Nc3cccc(SC(C)(C)C)c3)cc2)cc1	1.0	1	0.408	0.972
23	COc1cc2c(cc1NS(=O)(=O)c1c(Cl)c(Cl)ccc1)n(C)c(O)n2	1.0	1	0.889	0.948
23	CCOc1nc(Cl)nnc1NS(=O)(=O)c1cccc(Cl)c1Cl	1.0	1	0.722	0.94
23	COc1nc(Cl)cnc1NS(=O)(=O)c1cccc(Cl)c1C#N	1.0	1	0.849	0.935
23	CCCCCCc1nc2nc(N)nn2c(O)c1Cc1cccc(Cl)c1	1.0	1	0.877	0.937
23	COc1cc2c(cc1NS(=O)(=O)c1c(Cl)c(Cl)ccc1)n(C)c(O)n2	1.0	1	0.889	0.948
23	CC(=O)C1=C(O)C(=O)N(c2cc(C)c(C)cc2)C1C1CCCCC1	1.0	1	0.992	0.916
23	CCCS(=O)(=O)N1CCC(N2CCC(NS(=O)(=O)c3ccc(C)cc3)CC2)CC1	1.0	1	0.382	0.964
24	C=CCN(C(=O)CCc1ccc(C#N)cc1)c1ccccc1CC	1.0	1	0.567	0.97
24	CCC(=O)C1=C(O)C(=O)N(c2ccc(C)cc2)C1c1ccccc1	1.0	1	0.994	0.953
24	Cc1cc[n+]([O-])cc1N1C(=O)c2c(C3=CCCCC3)cccc21	1.0	1	0.716	0.874
24	O=C(Nc1nc2ccc(Cl)cc2c2cc(Br)ccc2c1)N1CCOCC1	0.0	0	0.0	0.0
24	CC(=O)C1=C(O)C(=O)N(c2cc(C)c(C)cc2)C1C1CCCCC1	1.0	1	0.992	0.916
24	Cc1c(Cl)c(OC2CCN(C(=O)c3ccncc3)CC2)ccc1	1.0	1	0.665	0.976
24	CC(=O)C1=C(O)C(=O)N(c2ccc(C)cc2)C1N1C(C)CCCC1C)c1ccccc1	0.0	0	0.0	0.0
24	CC(=O)C1=C(O)C(=O)N(c2cc(Cl)ccc2)C1C1CCCCC1	1.0	1	0.983	0.92
24	CCOc1ccc(C=Nn2c(=O)c3ccccc3c3ccccc32)cc1	1.0	1	0.563	0.978
24	Cc1ncc(C(=O)c2cc(Cl)ccc2NS(=O)(=O)c2ccc(C(C)(C)C)cc2)cc1	1.0	1	0.617	0.974
24	Cc1ncc(C(=O)c2cc(Cl)ccc2OCc2ccc(C(=O)O)cc2)cc1	1.0	1	0.753	0.983
24	CCc1c(OC)cnc(NS(=O)(=O)c2ccc(C(C)(C)C)cc2)c1	1.0	1	0.757	0.973
24	O=S(=O)(NCc1ccccc1)c1ccc(S(=O)(=O)NCCCN2CCCC2)cc1	1.0	1	0.363	0.982
24	CC(=O)C1=C(O)C(=O)N(c2cc(F)c(C)c(F)c2)C1C1CCCCC1	1.0	1	0.987	0.866
24	CCCC(=O)N1CCC(NS(=O)(=O)c2ccc(CCC(=O)c3ccccc3)cc2)CC1	1.0	0	0.34	0.978
24	O=C(O)c1cc(Oc2ccc(Cl)cc2NS(=O)(=O)c2ccc(Cl)c(Cl)c2)ccc1	1.0	1	0.581	0.98
24	CCCCc1nc2nc(N)nn2c(O)c1Cc1cc(Br)cc(Cl)c1	1.0	1	0.991	0.9
24	O=S(=O)(Nc1cc(Cl)c(Cl)cc1Cn1ccnn1)c1ccc(Cl)c(Cl)c1	1.0	1	0.935	0.951
24	Cc1ccncc1	1.0	0	0.159	0.992
24	O=C(NCCO)c1cc(S(=O)(=O)Nc2cc(Cl)ccc2C(=O)c2ccncc2)cc(F)c1	1.0	1	0.357	0.963
24	CC(=O)C1=C(O)C(=O)N(c2ccc(C)cc2)C1c1ccccc1	1.0	1	0.995	0.963
24	N#CSC(=O)C1=C(O)C(=O)N(c2ccc(Br)cc2F)C1C1CCCCN1C	1.0	1	0.984	0.583
24	COc1ccc(N2C(=O)C(O)=C(C(C)=O)C(C)(C)C2)cc1	1.0	1	0.908	0.945
24	CNS(=O)(=O)c1ccc(S(=O)(=O)NCCc2ccc(Cl)cc2)cc1	1.0	1	0.614	0.986
24	Cc1cccc(NS(=O)(=O)c2ccc(Cl)cc2)c1O	1.0	1	0.669	0.988
24	Cc1nnc(O)c2c1ccc(Cl)c12OS(=O)(=O)c1ccc(OC(C)C)cc1	0.0	0	0.0	0.0
24	COc1c(Cl)ccc(NS(=O)(=O)c2ccc(C(C)(C)C)cc2)c1O	1.0	1	0.672	0.973
24	Cc1ccccc1C(=O)c1ccc(NS(=O)(=O)c2ccc(OC(C)C)cc2)cc1	1.0	1	0.373	0.985
24	Cc1ncc(C(=O)c2cc(Cl)ccc2NS(=O)(=O)c2cc(F)c(N3CCOCC3)cc2)cc1	1.0	1	0.649	0.962
24	O=C(NS(=O)(=O)c1ccc(NS(=O)(=O)c2ccccc2)ccc1)c1ccccc1	0.0	0	0.0	0.0
24	COCc1c(-c2cc(Cl)ccc2NS(=O)(=O)c2ccc(C(C)(C)C)cc2)nccc1	1.0	1	0.661	0.967
24	COc1nc(CO)c(C)c(NS(=O)(=O)c2ccc(C(C)(C)C)cc2)c1	1.0	1	0.791	0.957
24	CC(C)(C)c1ccc(S(=O)(=O)Nc2ccc(Cl)c3c2C(=O)N(c2ncccc2)C3=O)cc1	1.0	1	0.596	0.952
24	Cc1cc(NS(=O)(=O)c2ccc(Cl)cc2)c(C(=O)O)c(CCCn2ccc(C)c2)c1	1.0	1	0.656	0.949
24	COc1cc(Oc2ccc(C(=O)NCCN3CCCCC3)cc2)ccc1	1.0	1	0.371	0.988
24	Cc1cc(Nc2nccc(C)n2)ccc1NS(=O)1=O	0.0	0	0.0	0.0
24	CC(=O)C1=C(O)C(=O)N(c2cc(C)c(Cl)cc2)C1C1CCCCC1	1.0	1	0.996	0.907
24	O=C(N1CCN(C(=O)c2ccc(Cl)cc2)C(c2ccccc2)C1)n1cccn1	1.0	1	0.635	0.919
24	Nc1nn2c(O)c(Cc3ccc(F)cc3)c(C3CCCC3)nc2n1	1.0	1	0.996	0.931
24	CS(=O)(=O)c1ccc(S(=O)(=O)Nc2ccc(F)cc2C(=O)c2ccncc2)cc1	1.0	1	0.587	0.976
24	Cc1cccc(S(=O)(=O)NC(=O)C2(C)CCN2C(=O)c2ccccc2)c1O	1.0	1	0.633	0.893
24	CC(C)(C)c1ccc(S(=O)(=O)Nc2ccc(Cl)cc2-c2ncccc2)cc1	1.0	1	0.753	0.979
24	O=S(=O)(NCc1ccc(Cl)cc1)c1ccccc1	1.0	1	0.724	0.993
24	CC1(c2ccc(S(=O)(=O)Nc3ccc(Cl)cc3C(=O)c3ccncc3)cc2)OCCO1	1.0	1	0.675	0.949
24	CCC(=O)Nc1nnc(SCC)s1	1.0	1	0.648	0.973
24	CCCCCc1nc2nc(N)nn2c(O)c1Cc1cc(C)ccc1	1.0	1	0.892	0.938
24	COc1ncc(-c2ccc(S(=O)(=O)Nc3c(C)cccc3)c3ccccc23)cc1	1.0	1	0.647	0.978
24	O=C(NCCCN(c1ccc(Cl)cc1)c1cc(Cl)ccc1)c1cc(Cl)cc(Cl)c1	1.0	1	0.577	0.973
24	Cc1c(C(=O)c2cc(Cl)ccc2NS(=O)(=O)c2ccc(S(C)(=O)=O)cc2)cccn1	1.0	1	0.665	0.972
24	CC(=O)C1=C(O)C(=O)N(c2ccc(C)cc2)C1c1ccc(Cl)cc1	1.0	1	0.992	0.958
24	O=C(O)c1ccccc1Oc1ccc(Cl)cc1NS(=O)(=O)c1ccc(Cl)c(Cl)c1	1.0	1	0.715	0.98
24	CC(=O)C1=C(O)C(=O)N(c2ccc(Cl)cc2)C1C1CCCCCC1	1.0	1	0.991	0.927
24	CC(=O)C1=C(O)C(=O)N(c2ccc(C)cc2)C1c1ccc(C)cc1	1.0	1	0.993	0.959
24	CCC(=O)C1=C(O)C(=O)N(c2ccc(C)cc2)C1C1CCCCC1	1.0	1	0.993	0.913
24	Cc1ccc(N2C(=O)C(O)=C(C(=O)CCC3CCCCC3)C2C2CCCCC2)cc1	1.0	1	0.965	0.892
24	CC(=O)C1=C(O)C(=O)N(c2ccc(C)cc2)C1C1CCCCC1	1.0	1	0.994	0.929
24	O=C(C1=C(O)C(=O)N(c2ccc(Cl)cc2F)C1C1CCCCC11)C(C#N)c1ccccc1	0.0	0	0.0	0.0
24	NS(=O)(=O)c1ccc(NS(=O)(=O)c2ccc(Cl)c(C(F)(F)F)c2)cc1	1.0	1	0.625	0.979
24	COc1nc(F)c(F)nc1NS(=O)(=O)c1cccc(Cl)c1Cl	1.0	1	0.755	0.93
24	CC(C)(C)c1ccc(S(=O)(=O)Nc2ccc(Cl)cc2C(=O)c2ccc(S(C)(=O)=O)cc2)cc1	1.0	1	0.476	0.975
24	CC(C)(C)c1ccc(S(=O)(=O)Nc2ccc(Cl)cc2C(=O)c2ccc(Cl)cc2)cc1	1.0	1	0.793	0.982
24	O=C(NCCNC(=O)c1cccc(O)c1)c1cc(O)c(O)cc1	1.0	1	0.579	0.984
24	CCc1nccc2c1c(Sc1c(Cl)cccc1Cl)nn2CCO	1.0	1	0.761	0.907
24	O=C(O)c1ccccc1Oc1ccc(Cl)cc1NS(=O)(=O)c1ccc(Cl)c(Cl)c1	1.0	1	0.715	0.98
24	CC(C)Oc1c(S(=O)(=O)c2ccccc2)ccc1Cl	0.0	0	0.0	0.0
24	COc1c2c(NS(=O)(=O)c3ccc(Cl)s3)nn(Cc3cccc(CNC(O)CO)c3)c2ccc1	1.0	1	0.497	0.811
24	COc1nc(Cl)cnc1NS(=O)(=O)c1cccc(C(F)(F)F)c1	1.0	1	0.783	0.96
24	Cc1c(C(=O)Nc2ccc(S(=O)(=O)c3ccccc3)cc2)nc2ccc(-c3ccccc3)cc12	0.0	0	0.0	0.0
24	O=C(NCCN=C=S)c1ccc(O)c(F)c1	1.0	1	0.741	0.947
24	CC(=O)C1=C(O)C(=O)N(c2cc(C)c(Cl)cc2)C1C1CCCCC1	1.0	1	0.996	0.907
24	COc1ccc(NC(=O)C(=O)c2cc(Cl)ccc2NS(=O)(=O)c2ccc(C(C)(C)C)cc2)cc1	1.0	1	0.538	0.974
24	COc1cccc2c1c(NS(=O)(=O)c1c(Cl)c(Cl)ccc1)nn2Cc1cccc(CCl)c1	1.0	1	0.457	0.95
24	Oc1c(Cc2cccc(Cl)c2)cccc1[O-]1	0.0	0	0.0	0.0
24	CCCC(=O)NCCNC(=O)c1cc(Cl)ccc1NS(=O)(=O)c1ccc(OC)cc1	1.0	1	0.551	0.98
24	CNS(=O)(=O)c1ccc(CNC(=O)c2c(C)n(-c3ccc(Cl)cc3)c3ncccc23)cc1	1.0	1	0.652	0.967
24	CCc1c(OC)ccc2nc(C)c(C)n12	1.0	1	0.66	0.948
24	Cc1cc(N2C(=O)c3c(C2=O)c(NS(=O)(=O)c2ccc(C(C)(C)C)cc2)ccc3Cl)cnc1N	1.0	1	0.482	0.929
24	O=C(c1ccncc1)c1cc(Cl)ccc1NS(=O)(=O)c1ccc(C(F)(F)F)cc1	1.0	1	0.663	0.976
24	COc1ccc(Cc2cc(C3OC(CO)C(O)C(O)C3O)ccc2)cc1	1.0	1	0.488	0.791
24	CS(=O)(=O)c1ccc(S(=O)(=O)Nc2ccc(C(=O)O)cc2)cc1	1.0	1	0.542	0.989
24	CC(C)(C)c1ccc(S(=O)(=O)Nc2ccc(Cl)cc2C(=O)c2ccc(Cl)cc2)cc1	1.0	1	0.793	0.982
24	CC(C)(C)c1ccc(S(=O)(=O)Nc2ccc(Cl)cc2-c2ccc(C(O)O)cc2)cc1	1.0	1	0.402	0.972
24	CC(=O)c1ccc(S(=O)(=O)Nc2ccc(Br)cc2C(=O)c2ccncc2)cc1	1.0	1	0.474	0.978
24	COC(=O)c1ccc(C(=O)c2cc(Cl)ccc2NS(=O)(=O)c2ccc(OC(C)C)cc2)cc1	1.0	1	0.657	0.978
24	Cc1c(C(=O)Nc2ccc(S(=O)(=O)Nc3ccc(C(C)(C)C)cc3)cc2)cccc1	1.0	1	0.461	0.986
24	O=C(NCCO)c1ccccc1Nc1c(Cl)cccc1F	1.0	1	0.879	0.985
24	O=S(=O)(Nc1cc(Cl)c(Cl)cc1Cn1cncn1)c1ccc(Cl)cc1	1.0	1	0.932	0.967
24	O=C(C1=C(Br)c2ccccc2C1)N1CCCC1[O-]	1.0	1	0.812	0.686
24	CCCC(=O)N1CCC(NS(=O)(=O)c2ccc(NC(=O)c3ccc(F)cc3)c3ccccc23)CC1	1.0	1	0.413	0.971
24	Cc1cnc(C(=O)c2cc(Cl)ccc2NS(=O)(=O)c2ccc(C3(C)CCOCC3)cc2)cc1	1.0	1	0.582	0.939
24	O=C(NS(=O)(=O)c1ccccc1)c1c(O)ccn1Cc1ccc(Cl)cc1	1.0	1	0.721	0.971
24	COc1ccccc1Cn1nc(NS(=O)(=O)c2ccc(Cl)s2)c2c1cccc2OC	1.0	1	0.88	0.957
24	Cc1c(N2C(=O)c3c(C2=O)c(NS(=O)(=O)c2ccc(C(C)(C)C)cc2)ccc3Cl)ccnc1	1.0	1	0.543	0.943
24	Oc1cc(CSc2ccc(Cl)cc2)ncc1	1.0	1	0.769	0.975
24	O=S(=O)(Nc1c2c(ccc1)ccc1ccccc12)N1CCCCC1	1.0	1	0.684	0.977
24	O=S(=O)(Nc1cc(Cl)c(Cl)cc1Cn1nnnc1O)c1ccccc1	1.0	1	0.899	0.949
24	Cc1cccc(NS(=O)(=O)c2ccc(Cl)cc2)c1O	1.0	1	0.669	0.988
24	CC1CCCCN1C(=O)CN1C(=O)C(=O)c2ccccc21	1.0	1	0.775	0.953
24	CS(=O)(=O)c1ccc(S(=O)(=O)Nc2ccc(Br)cc2C(=O)c2ccncc2)cc1	1.0	1	0.559	0.975
24	O=C(NS(=O)(=O)c1cc(Cl)c(F)cc1)c1cc(Cl)ccc1OC	1.0	1	0.701	0.984
25	Nc1nn2c(O)c(Cc3ccccc3)c(C3CC3)nc2n1	1.0	1	0.919	0.937
25	COc1nc(Cl)cnc1NS(=O)(=O)c1ccccc1	1.0	1	0.854	0.974
25	COc1ccc(Cn2nc(NS(=O)(=O)c3ccc(Cl)s3)c3c2cccc3)cc1	1.0	1	0.637	0.97
25	COc1cc(Oc2cc(F)c(F)cc2NS(=O)(=O)c2ccc(C(C)(C)C)cc2)ccn1	1.0	1	0.569	0.96
25	Cc1[n+]([O-])cc(C(=O)c2cc(Cl)ccc2NS(=O)(=O)c2ccc(Cl)cc2)cc1	1.0	1	0.786	0.958
25	CCCCN(CCC)C(=O)C(=O)c1ccccc1	1.0	1	0.859	0.984
25	O=C(c1ccncc1)c1cc(Cl)ccc1NS(=O)(=O)c1ccc(Cl)cc1O	1.0	1	0.743	0.97
25	O=S(=O)(NCc1cc(Br)ccc1)N1CCCC1=O	1.0	1	0.79	0.962
25	Cc1ccc(N2C(=O)c3c(C2=O)c(NS(=O)(=O)c2ccc(C(C)(C)C)cc2)ccc3Cl)cc1	1.0	1	0.557	0.962
25	O=C(O)c1ccc(NC(=O)c2ccc(Cl)cc2)cc1	1.0	1	0.68	0.995
25	O=C(NS(=O)(=O)c1cccc(F)c1)N1CCCC1	1.0	1	0.586	0.984
25	CC(C)(C)c1ccc(S(=O)(=O)Nc2ccc(Cl)cc2C(=O)c2ccnc(S(C)(=O)=O)c2)cc1	1.0	1	0.639	0.957
25	CCN(Cc1ccccc1)S(=O)(=O)c1ccc(N2CCCC2)cc1	1.0	1	0.6	0.987
25	CN(C)CCN=C(N)c1cc(Cl)ccc1NS(=O)(=O)c1ccc(Cl)s1	1.0	1	0.67	0.938
25	Cc1ccc(-c2cc(SCc3nc4nc(Cc5ccccc5)nn4c(O)c3)ccc2)cc1	1.0	1	0.772	0.952
25	Nc1ncc(Cl)nc1OCc1cc(Cl)ccc1Cl	1.0	1	0.804	0.959
25	O=C(NCCN1CCN(C(=O)c2ccccc2)CC1)c1ccccc1Cl	1.0	1	0.422	0.989
25	CCc1ncccc1Oc1ccc(Cl)cc1NS(=O)(=O)c1ccc(Cl)c(Cl)c1	1.0	1	0.692	0.969
25	CC(=O)C1=C(O)C(=O)N(c2ccc(Br)cc2)C1C1CCCCC1CCO	1.0	1	0.963	0.717
25	Cc1ccc(N2C(=O)C(O)=C(C(=O)c3cccnc3)C2C2CCCCC2)cc1	1.0	1	0.979	0.908
25	COc1cc(N2C(=O)c3c(ccc(O)c3C(=O)c3ccccc3)C2=O)ccc1	1.0	1	0.647	0.973
25	Nc1nn2c(O)c(Cc3ccc(F)cc3)c(C3CC3)nc2n1	1.0	1	0.953	0.929
25	CC(=O)C1=C(O)C(=O)N(c2ccc(C)cc2)C1c1ccccc1	1.0	1	0.995	0.963
25	Cc1cc(NC(=O)c2ccccc2)ccc1Oc1cc(C(F)(F)F)ccc1NS(=O)(=O)c1ccc(Cl)c(Cl)c1	1.0	0	0.005	0.965
25	COc1ccc(OCc2cc(C)c(N)nc2Cl)cc1	1.0	1	0.776	0.981
25	COc1c(NS(=O)(=O)c2c(Cl)c(Cl)cc(Cl)c2)c(Cl)ccc1	1.0	1	0.711	0.971
25	COc1cc(Oc2ccc(C(=O)CN3CCC3)cc2)ccc1O	1.0	1	0.729	0.987
25	O=C(c1cc[n+]([O-])cc1)c1cnc(Cl)nc1N	1.0	1	0.794	0.914
25	CC(=O)C1=C(O)C(=O)N(c2ccc(Cl)cc2F)C1c1ccc(Cl)cc1	1.0	1	0.993	0.937
25	CC(C)(C)c1ccc(S(=O)(=O)Nc2ccc(Cl)cc2C(=O)c2cnc(S(C)(=O)=O)nc2)cc1	1.0	1	0.66	0.951
25	COc1cc2c(cc1NS(=O)(=O)c1c(Cl)c(Cl)ccc1)nc(O)n2C1COCCO1	1.0	1	0.686	0.769
25	O=C(O)c1cnc(C(F)(F)F)cc1C(=O)c1ccccc1	1.0	1	0.861	0.977
25	O=S(=O)(Nc1ncc(Cl)nc1OCc1cc(Br)ccc1Cl)c1cccc(Cl)c1Cl	1.0	1	0.505	0.941
25	O=S(=O)(NCCc1c(Cl)cccc1F)c1cc(Cl)ccc1Cl	1.0	1	0.739	0.98
25	O=S(=O)(Nc1cc(Cl)ccc1Cl)c1ccccc1	1.0	1	0.52	0.992
25	O=C(c1cccnc1)c1cc(Cl)ccc1NS(=O)(=O)c1ccc(C(F)(F)F)cc1	1.0	1	0.657	0.976
25	O=S(=O)(Nc1cc(Cl)ccc1Cn1ccnn1)c1ccccc1	1.0	1	0.852	0.973
25	Oc1cc(C(=O)c2ccccc2)ccc1F	1.0	1	0.719	0.991
25	COc1ccccc1C(=O)Nc1ccc(S(=O)(=O)Nc2ccccc2)cc1	1.0	1	0.625	0.991
25	CCC(=O)C1=C(O)C(=O)N(c2ccc(C)cc2)C1c1ccc(Br)cc1	1.0	1	0.99	0.941
25	COc1ncc(Nc2ncc(C(C)(C)C)cc2)cc1C	1.0	1	0.813	0.964
25	O=C(Nc1ccccc1)c1cc(C(=O)c2ccc(Cl)c(Cl)c2)ccc1	1.0	1	0.514	0.991
25	CCOC(=O)c1ccc(C(=O)NCCN2CC(C)CC(C)C2)cc1	1.0	1	0.351	0.939
25	O=S(=O)(NCc1ccccc1)c1cccc(Cl)c1	1.0	1	0.627	0.993
25	Nc1nn2c(O)c(Cc3ccccc3Cl)c(C3CCc4ccccc43)nc2n1	1.0	1	0.976	0.809
25	COc1nn(C(CO)c2ccccc2)c2ccccc12	1.0	1	0.84	0.936
25	CC(C)c1nc2nc(N)nn2c(O)c1Cc1ccc(Cl)c(Cl)c1	1.0	1	0.948	0.923
25	Cc1c(Cl)c(OC2CCN(C3CCN(C)CC3)CC2)ccc1Cl	1.0	1	0.743	0.963
25	CN(C)c1ccc(S(=O)(=O)Nc2ccc(Cl)cc2C(=O)c2cnc(Cl)cc2)cc1	1.0	1	0.897	0.972
25	COc1c(NS(=O)(=O)c2c(Cl)c(Cl)ccc2Cl)cccc1	1.0	1	0.705	0.981
25	CC(=O)C1=C(O)C(=O)N(c2cc(Cl)ccc2)C1C1CCCC1	1.0	1	0.979	0.919
25	O=C(Nc1ccccc1)c1cc(OCC(O)=Nc2ccccc2)c(C(=O)Nc2ccccc2)cn1	1.0	1	0.395	0.965
25	CCc1ccc(C(=O)Nc2ccc(CCN3CCOCC3)cc2)cc1	1.0	1	0.383	0.989
25	COc1ccc(N2C(=O)C(O)=C(C(C)=O)C(c3ccc(OC)cc3)C2C)cc1	1.0	1	0.942	0.866
25	CC(=O)OCCN(C)c1nccn2cc(Cl)cc12	1.0	1	0.594	0.918
25	CCCC(=O)N1CCC(NS(=O)(=O)c2ccc(CCC(=O)N3CCCCC3)cc2)CC1	1.0	1	0.415	0.973
25	CCCC(=O)Nc1cnc(NS(=O)(=O)c2ccc(Cl)s2)cc1	1.0	1	0.714	0.972
25	Oc1cc(CC(=O)c2ccccc2)ccc1	1.0	1	0.746	0.992
25	CC(C)n1nc(N)c2c(N)cc(Cl)cc21O	0.0	0	0.0	0.0
25	COc1nc(Cl)cnc1NS(=O)(=O)c1c(Cl)cccc1Cl	1.0	1	0.91	0.954
25	O=S(=O)(Nc1cc(Cl)ccc1Cn1cncn1)c1ccc(Cl)cc1	1.0	1	0.944	0.975
25	Cc1c(C(=O)c2cc(Cl)ccc2NS(=O)(=O)c2ccc(Cl)cc2)cccc1	1.0	1	0.781	0.985
25	O=S(=O)(Nc1cccc(Cl)c1C[n+]1ccc(Cl)cc1)c1ccccc1	1.0	1	0.763	0.96
25	O=C(c1ccncc1)c1cc(Cl)ccc1NS(=O)(=O)c1ccc(N2CCOCC2)cc1	1.0	1	0.655	0.973
25	COc1cc2c(cc1NS(=O)(=O)c1c(Cl)c(Cl)ccc1)nc(O)n2C	1.0	1	0.88	0.948
25	COC(=O)C1=C(O)C(=O)N(c2ccc(C)cc2)C1c1ccc(Cl)cc1	1.0	1	0.991	0.955
25	CC(=O)C1=C(O)C(=O)N(c2ccc(C)cc2)C1C(C)C	1.0	1	0.987	0.915
25	Cc1[n+]([O-])cc(C(=O)c2cc(Cl)ccc2NS(=O)(=O)c2ccc(OC(F)(F)F)cc2)cc1	1.0	1	0.494	0.94
25	COc1ccc(N2C(=O)C(O)=C(C(C)=O)C(C)(C)C2C(OC(C)=O)C(C)C)cc1	1.0	1	0.921	0.695
25	O=C(NCCNS(=O)(=O)c1ccc(Cl)cc1)NS(=O)(=O)c1ccc(Cl)cn1	1.0	1	0.5	0.965
25	CN(C)CCNc1c(-c2cc(Cl)ccc2N)nc2ccncc2c1	1.0	1	0.618	0.946
25	COc1ccc(S(=O)(=O)Nc2ccc(Cl)cc2C(=O)c2ccncc2)cc1	1.0	1	0.662	0.983
25	CC(C)(C)c1ccc(S(=O)(=O)Nc2ccc(Cl)cc2-c2ncccc2)cc1	1.0	1	0.753	0.979
25	CC1CCN(C(=O)c2cccc(S(=O)(=O)Nc3ccccc3)c2)CC1	1.0	1	0.636	0.988
25	CCc1ncnc(-c2cc(Cl)ccc2NS(=O)(Cl)c2ccc(Cl)cc2)c1	1.0	0	0.005	0.761
25	O=S(=O)(NCc1ccccc1)c1ccccc1Cl	1.0	1	0.612	0.993
25	O=C(c1cnccc1)c1cc(Cl)ccc1NS(=O)(=O)c1cc(C(F)(F)F)ccc1	1.0	1	0.574	0.974
25	COc1cc(NS(=O)(=O)c2ccc(Cl)cc2)ccc1	1.0	1	0.675	0.993
25	C=CC(=O)NCCNC(=O)c1ccc(Oc2ncc(Cl)cc2NS(=O)(=O)c2ccc(Cl)cc2)cc1	1.0	1	0.513	0.958
25	O=S(=O)(NC=CC(=O)c1ccc(Cl)cc1)C1	0.0	0	0.0	0.0
25	CS(=O)(=O)c1cc(NS(=O)(=O)c2ccc(Cl)cc2)c(Oc2ccccc2C(=O)Nc2ccc(O)c(C(F)(F)F)c2)cc1	1.0	0	0.005	0.949
25	O=C(c1ccncc1)c1cc(Cl)ccc1NS(=O)(=O)c1ccc(-c2cocn2)cc1	1.0	1	0.612	0.956
25	CC(=O)c1ccc(C(=O)Nc2cccc(N(C)C)c2)cc1	1.0	1	0.589	0.991
25	CNS(=O)(=O)c1ccc(CNC(=O)c2ccccc2)cc1	1.0	1	0.636	0.992
25	CCCc1cc(Oc2c(C(=O)O)cccc2C(=O)c2ccncc2)ccc1	1.0	1	0.777	0.976
25	COc1c(C)nc(NS(=O)(=O)c2ccc(Cl)cc2)cc1F	1.0	1	0.839	0.972
25	COc1nc(Cl)cnc1NS(=O)(=O)c1c(Cl)c(Cl)ccc1	1.0	1	0.831	0.955
25	Nc1nn2c(O)c(Cc3ccccc3Cl)c(C3CC3)nc2n1	1.0	1	0.995	0.921
25	COc1cc(-c2nc(COc3cc(Cl)ccc3)no2)ccc1O	1.0	1	0.618	0.978
25	Nc1nn2c(O)c(Cc3ccc(Cl)cc3)c(C3CCc4ccccc4N3)nc2n1	1.0	1	0.987	0.793
25	C=CCN(Cc1ccccc1)C(=O)Cc1ccccc1F)c1ccccc1	0.0	0	0.0	0.0
25	CC1CCN(C(=O)c2ccc3c(c2)CC(=O)N(C2CCCCC2)C3)CC1	1.0	1	0.589	0.965
25	COC(=O)c1cc(Oc2ccc(Cl)cc2NS(=O)(=O)c2ccc(Cl)c(C)c2)ccc1	1.0	1	0.602	0.979
25	Cc1csc(NS(=O)(=O)c2ccc(Cl)cc2)n1	1.0	1	0.89	0.985
25	COc1c(Cl)ccc(NS(=O)(=O)c2ccc(C(C)(C)C)cc2)c1	1.0	1	0.788	0.987
25	CCc1c(OC)cccc1NS(=O)(=O)c1ccc(Cl)cc1	1.0	1	0.768	0.986
25	COc1ccc(S(=O)(=O)Nc2ccc(F)cc2C(=O)c2ccncc2)cc1	1.0	1	0.668	0.982
25	CCOc1ccc(NS(=O)(=O)c2ccc(N(C)C(=O)c3c(F)cccc3)c3c2cccc3)cc1	1.0	1	0.463	0.973
25	CC(C)c1nc2nc(N)nn2c(O)c1Cc1cc(Br)cc(Cl)c1	1.0	1	0.968	0.89
25	CN(C)C(=O)c1ccc(C(=O)Nc2ccc(F)cc2C(=O)c2ccccc2)cc1	1.0	1	0.496	0.987
26	CN1CCC(NS(=O)(=O)c2ccc(F)cc2)CC1	1.0	1	0.79	0.986
26	COc1c(Cl)ccc(NS(=O)(=O)c2ccc(Cl)cc2)c1	1.0	1	0.761	0.991
26	CC(=O)NCc1cc(C(=O)c2ccc(Cl)cc2)ccc1	1.0	1	0.786	0.991
26	N#Cc1cc(S(=O)(=O)Nc2cc(Cl)ccc2Cn2ccnn2)ccc1	1.0	1	0.914	0.957
26	CSc1ncc(C(=O)c2cc(Cl)ccc2Oc2ccccc2)cc1	1.0	1	0.781	0.979
26	COc1cc(Cl)c(NS(=O)(=O)c2ccc(Cl)cc2)cc1	1.0	1	0.804	0.991
26	O=C(NCCN1CCCCC1)c1cc(Oc2ncc(Cl)cc2Cl)ccc1	1.0	1	0.766	0.978
26	CC(=O)C1=C(O)C(=O)N(c2ccc(C)cc2)C1c1cc(Cl)ccc1	1.0	1	0.991	0.953
26	CC(C)n1ncc2c1C(=O)NC2=O	1.0	1	0.719	0.913
26	Cc1cc(NS(=O)(=O)c2cc(C(F)(F)F)c(Cl)cc2)c(C)cc1	1.0	1	0.72	0.982
26	CC(C)(c1ccncc1)c1ccc(S(=O)(=O)Nc2ccc(Cl)cc2C(=O)c2ccncc2)cc1	1.0	1	0.586	0.959
26	COc1ccccc1Cn1nc(NS(=O)(=O)c2ccc(Cl)s2)c2c1cccc2OC	1.0	1	0.88	0.957
26	CNS(=O)(=O)c1ccc(CNC(=O)c2cccc3c2cncc3)cc1	1.0	1	0.603	0.981
26	O=C(Nc1ncccc1)c1ccc(Oc2ccccc2)cc1	1.0	1	0.608	0.992
26	O=S(=O)(NCCCN1CCC(O)(c2ccc(Cl)cc2)CC1)c1ccc(Cl)cc1	1.0	1	0.593	0.973
26	Nc1nn2c(O)c(Cc3cnccn3)c(Cc3ccccc3)nc2n1	1.0	1	0.979	0.917
26	Nc1ccc(Oc2ccc(Cl)cc2NS(=O)(=O)c2ccc(Cl)c(Cl)c2)cc1	1.0	1	0.935	0.981
26	CS(=O)(=O)c1ccc(C(=O)NNc2c(Cl)cccc2Cl)cc1	1.0	1	0.638	0.983
26	CN1C(=O)C(NC(=O)c2ccccc2)=NC1=O	1.0	1	0.6	0.971
26	NS(=O)(=O)c1c(C(=O)2ClCCCCC(CO)(c3ccncc3)C2)cccc1	0.0	0	0.0	0.0
26	CCOS(=O)(=O)NC(=O)Nc1ccccc1C#N	1.0	1	0.678	0.958
26	N#Cc1ccc(S(=O)(=O)N(c2ccc(Cl)cc2)c2ccccc2)cc1	1.0	1	0.905	0.979
26	Nc1nn2c(O)c(Cc3ccccc3)c(C3CCCC3)nc2n1	1.0	1	0.995	0.938
26	O=C(NS(=O)(=O)c1ccc(F)cc1)N1CCCC1c1ccccc1	1.0	1	0.551	0.96
26	COCc1ccc(C(=O)Nc2ccc(OCc3ccccc3)cc2)cc1	1.0	1	0.387	0.992
26	O=C(NCCO)c1ccc(Cl)cc1NS(=O)(=O)c1ccc(N2CCN(Cc3ccccc3)CC2)cc1	1.0	0	0.005	0.974
26	CC(=O)C1=C(O)C(=O)N(c2ccc(C)cc2)C1c1c(C)cc(C=C(C)C)cc1	1.0	1	0.93	0.904
26	O=C(NCCN1CCC(O)(c2ccc(Cl)cc2)CC1)c1cc(O)c(O)cc1	1.0	0	0.282	0.97
26	Cc1ccccc1Oc1ncc(CO)c(N)n1	1.0	1	0.805	0.968
26	Cc1c(C(=O)Nc2ccc(S(=O)(=O)c3ccccc3)cc2)cccc1	1.0	1	0.577	0.991
26	CC(=O)C1=C(O)C(=O)N(c2ccc(Cl)cc2)C1C1CCCC1	1.0	1	0.996	0.927
26	Cc1n[nH]c(Oc2ccc(Cl)cc2)n1O	0.0	0	0.0	0.0
26	O=C(NS(=O)(=O)c1cccc(Cl)c1)c1c[nH]cn1	1.0	1	0.729	0.954
26	Cc1c2C(=O)c3c(cccc3O)C(=O)c2cccc1	0.0	0	0.0	0.0
26	COc1nc(Br)cnc1NS(=O)(=O)c1ccccc1	1.0	1	0.834	0.971
26	CC(C)(C)c1ccc(S(=O)(=O)Nc2ccc(Cl)cc2C(=O)c2ccc(S(C)(=O)=O)nc2)cc1	1.0	1	0.676	0.961
26	CNS(=O)(=O)c1ccc(CNC(=O)COCc2ccccc2)cc1	1.0	1	0.549	0.987
26	CC(C)(c1ccc(S(C)(=O)=O)cc1)c1cccc(Cl)c1	1.0	1	0.824	0.984
26	Nc1nn2c(O)c(Cc3ccc(F)cc3)c(O)nc2n1	1.0	1	0.994	0.937
26	Cn1ncc2c1nccc2NS(=O)(=O)c1c(Cl)c(Cl)ccc1	1.0	1	0.684	0.963
26	Cc1c(C(=O)c2cc(Cl)ccc2NS(=O)(=O)c2ccc(Cl)s2)cccc1	1.0	1	0.733	0.976
26	Cc1ccc(N2C(=O)C(O)=C(C(=O)C3CCCCC3)CC2C2CCCCC2)cc1	1.0	1	0.696	0.862
26	COc1ccccc1C(=O)Nc1ncc(Cc2cccc(Cl)c2)cc1Cl	1.0	1	0.528	0.982
26	COc1nc(Cl)cnc1NS(=O)(=O)c1c(Cl)c(Cl)ccc1	1.0	1	0.831	0.955
26	O=C(c1ccncc1)c1cc(Cl)ccc1NS(=O)(=O)c1ccc(N2CCOCC2)cc1	1.0	1	0.655	0.973
26	O=C(Cc1ccc(Cl)cc1)c1ccccc1	1.0	1	0.873	0.995
26	COc1ccc(C2c3nc(C)ncc3C(=O)c3ccccc32)cc1	1.0	1	0.791	0.916
26	O=[N+]([O-])c1cc(O)c(C(=O)NCCCNC(=O)c2ccccc2)cc1	1.0	1	0.731	0.985
26	Cc1ccc(C(=O)c2cn(Cc3ccccc3)c3ccccc23)cc1	1.0	1	0.706	0.989
26	COc1cccc2c1c(NS(=O)(=O)c1c(Cl)c(Cl)ccc1)nn2Cc1cccc(OC)c1	1.0	1	0.863	0.961
26	CCC(=O)C1=C(O)C(=O)N(c2ccc(C)cc2)C1c1ccccc1	1.0	1	0.994	0.953
26	O=C(C1=C(O)C(=O)N(c2ccc(Br)cc2F)C1c1ccccc1)c1ccccc1	1.0	1	0.989	0.943
26	COC(=O)c1ccccc1CNC(=O)NC(=O)c1ccccc1Cl)	0.0	0	0.0	0.0
26	Cc1cc(Br)ccc1NS(=O)(=O)c1ccc(Cl)cc1N	1.0	1	0.86	0.982
26	COc1nn(CC(N)=O)c2ccccc12	1.0	1	0.622	0.974
26	CC(=O)c1ccc(S(=O)(=O)Nc2ccc(Cl)cc2C(=O)c2ccnc(C)c2)cc1	1.0	1	0.733	0.975
26	Nc1nn2c(O)c(Cc3cccc(F)c3)c(C3CCc4ccccc43)nc2n1	1.0	1	0.982	0.81
26	COc1nccnc1NS(=O)(=O)c1ccccc1Cl	1.0	1	0.741	0.977
26	Cc1nn2c(O)c(Cc3cccc(Cl)c3)c(CCc3ccccc3)nc2n1	1.0	1	0.966	0.954
26	O=C(c1cnccc1)c1cc(Cl)ccc1NS(=O)(=O)c1ccc(N2CCCC2)cc1	1.0	1	0.599	0.977
26	O=S(=O)(Nc1ncnc2n[nH]c(O)c12)c1ccccc1	1.0	1	0.803	0.943
26	Cc1cccc(NS(=O)(=O)c2ccc(Cl)cc2C(=O)c2ccncc2)c1	1.0	1	0.708	0.978
26	Cc1cccc(CNC(=O)Cc2ccc(S(=O)(=O)N3CCOCC3)cc2)c1	1.0	1	0.391	0.984
26	O=C(Nc1cc(F)ccc1)c1cc(O)c(O)cc1	1.0	1	0.772	0.991
26	CCCn1nc(NS(=O)(=O)c2ccc(Cl)cc2)c2ccccc21	1.0	1	0.756	0.98
26	COc1ccccc1Cn1nccn1	1.0	1	0.729	0.976
26	O=C(c1ccncc1)c1ccccc1Oc1ccc(Cl)cc1	1.0	1	0.954	0.989
26	CC(C)(c1ccc(S(=O)(=O)Nc2ccccc2C(=O)c2ncncc2)cc1)	1.0	1	0.715	0.975
26	COc1nc(Br)cnc1NS(=O)(=O)c1cccc(Cl)c1	1.0	1	0.798	0.963
26	CC(C)CNc1nc(NS(=O)(=O)c2ccc(Cl)cc2)c2ccccc2n1	1.0	1	0.807	0.976
26	COc1ccc(Cc2c(-c3ccc(Cl)cc3)cccc2)cc1	1.0	1	0.888	0.992
26	COc1ccccc1Cc1c(O)n2nc(N)nc2nc1C1CC1	1.0	1	0.995	0.927
26	Cc1cccc(NS(=O)(=O)c2ccc(Cl)cc2)c1O	1.0	1	0.669	0.988
26	O=C(O)c1c(Oc2ccc(Cl)cc2NS(=O)(=O)c2ccc(Cl)s2)cccc1	1.0	1	0.828	0.974
26	CCC(=O)C1=C(O)C(=O)N(c2ccc(C)cc2)C1c1ccccc1	1.0	1	0.994	0.953
26	COc1nccc(C(=O)c2cc(Cl)ccc2NS(=O)(=O)c2ccc(C(C)(C)C)cc2)n1	1.0	1	0.612	0.959
26	CCc1ccc(S(=O)(=O)Nc2ccc(Cl)cc2C(=O)c2ccncc2)cc1	1.0	1	0.662	0.981
26	CC(=O)C1=C(O)C(=O)N(c2ccc(C)cc2)C1C1CCCC1O	1.0	1	0.987	0.768
26	CC(C)NS(=O)(=O)c1cccc(NS(=O)(=O)c2ccc(Cl)cc2)c1O	1.0	1	0.684	0.973
26	O=C(Nc1ccc(S(=O)(=O)NC2CCNCC2)c2c1ccc1ccccc12)O	1.0	1	0.629	0.955
26	CS(=O)(=O)c1ccc(S(=O)(=O)Nc2ccc(F)cc2C(=O)c2ccncc2)cc1	1.0	1	0.587	0.976
26	Cc1ncc(C(=O)c2cc(Cl)ccc2NS(=O)(=O)c2ccc(C(C)(C)c3ncccn3)cc2)cc1	1.0	1	0.507	0.943
26	Nc1nn2c(O)c(Cc3cccc(F)c3)c(N)nc2[nH]1	0.0	0	0.0	0.0
26	O=S(=O)(Nc1cc(Cl)ccc1Cn1cncn1)c1ccc(Cl)c(Cl)c1	1.0	1	0.962	0.969
26	COC(=O)CCc1ccc(S(=O)(=O)Nc2ccc(Cl)cc2C(=O)c2ccncc2)cc1	1.0	1	0.537	0.975
26	CC(C)(c1ccc(S(C)(=O)=O)cc1)c1ccc(S(C)(=O)=O)cc1	1.0	1	0.808	0.985
26	O=C(c1ccncc1)c1cc(Cl)ccc1NS(=O)(=O)c1ccc(OC(F)(F)F)cc1	1.0	1	0.563	0.973
26	O=C(c1ccccc1)c1cc(Cl)ccc1NS(=O)(=O)c1ccc(N2CCOCC2)cc1	1.0	1	0.657	0.98
26	NS(=O)(=O)c1ccc(CNC(=O)c2ccccc2F)cc1	1.0	1	0.761	0.991
26	CC(=O)C1=C(O)C(=O)N(c2ccc(C)cc2)C1c1ccc(C(F)(F)F)cc1	1.0	1	0.904	0.942
26	CC(=O)c1ccc(S(=O)(=O)Nc2ccc(Cl)cc2C(=O)c2ccncc2)cc1	1.0	1	0.461	0.98
26	COc1nc(C)cnc1NS(=O)(=O)c1ccc(Cl)c(Cl)c1	1.0	1	0.816	0.971
26	CC(=O)NCc1ccc(C(=O)Nc2ccc(Cl)cc2C(=O)c2ccncc2)cc1	1.0	1	0.477	0.982
26	Cc1cccc(NS(=O)(=O)c2ccc(Cl)cc2)c1O	1.0	1	0.669	0.988
26	Cc1ccc(S(=O)(=O)Nc2cnc(Cl)cc2C(=O)c2ccc(Cl)cc2)cc1	1.0	1	0.786	0.978
26	Nc1nn2c(O)c(Cc3ccc(F)cc3)c(C3CC3)nc2n1	1.0	1	0.953	0.929
26	CC(=O)C1=C(O)C(=O)N(c2ccc(Cl)cc2Br)C1C1CCCC1	1.0	1	0.993	0.883
26	CSc1ncc(C(=O)c2cc(Cl)ccc2NS(=O)(=O)c2ccc(C(C)(C)C)cc2)cc1	1.0	1	0.822	0.964
26	O=C(NS(=O)(=O)c1ccc(Cl)cc1)N1CCCC1	1.0	1	0.795	0.987
26	O=C(O)c1c(Oc2ncccc2NS(=O)(=O)c2ccc(Cl)c(C(F)(F)F)c2)cccc1	1.0	1	0.514	0.966
27	Cc1ccc(N2C(=O)C(=Cc3ccccc3)C(=O)N2C)cc1	1.0	1	0.824	0.968
27	CC1CCCN(C(=O)c2ccc(S(=O)(=O)NCc3ccc(F)cc3)cc2)C1	1.0	1	0.489	0.964
27	COc1cc2c(cc1NS(=O)(=O)c1c(Cl)c(Cl)ccc1Cl)nc(O)n2C	1.0	1	0.847	0.928
27	O=C(NS(=O)(=O)c1ccc(F)cc1)c1cc(Cl)ccc1NS(=O)(=O)c1ccc(Cl)c(Cl)c1	1.0	1	0.46	0.974
27	C=CCN(CC(=O)O)C(=O)C(C)(O)C1CCCN(C(=O)c2ccccc2)C1	1.0	1	0.664	0.801
27	O=C(NCCNC(=O)c1ccccc1Cl)c1ccccc1N	1.0	1	0.53	0.989
27	CCCCC(=O)Nc1ccc(S(=O)(=O)Nc2ccccc2)cc1	1.0	1	0.419	0.992
27	CC(C)(C)c1ccc(C(=O)Nc2ccc(C#CCCN3CCCC3)cc2)cc1	1.0	0	0.315	0.977
27	Nc1nn2c(O)c(Cc3ccccc3Cl)c(-c3ccccc3)nc2n1	1.0	1	0.991	0.957
27	COc1nc(Cl)ncc1NS(=O)(=O)c1ccccc1Cl	1.0	1	0.796	0.966
27	O=C(NCCN1CCN(C(=O)c2ccccc2)CC1)c1ccccc1	1.0	1	0.525	0.991
27	CC(=O)C1=C(O)C(=O)N(c2ccc(Br)cc2)C1C(C)C	1.0	1	0.993	0.9
27	Nc1nn2c(O)c(Cc3cnccn3)ccc2c1=n1cc2ccccc2c1	0.0	0	0.0	0.0
27	COc1c(NS(=O)(=O)c2ccc(Cl)s2)cccc1Cl	1.0	1	0.656	0.975
27	O=C(NS(=O)(=O)c1ccc(Cl)cc1)N1CCCC1c1ccccc1	1.0	1	0.598	0.96
27	COc1ncccc1C(=O)Nc1ccc(S(=O)(=O)Nc2ccccc2C)cc1	1.0	1	0.458	0.984
27	Nc1nn2c(O)c(Cc3ccc(F)cc3)c(O)nc2n1	1.0	1	0.994	0.937
27	COc1cc2c(cc1NS(=O)(=O)c1c(Cl)c(Cl)ccc2)c(C)n1	1.0	1	0.557	0.372
27	O=C(O)c1ccccc1Oc1ccc(Cl)cc1NS(=O)(=O)c1ccc(Cl)c(Cl)c1	1.0	1	0.715	0.98
27	CCOc1ccc(C=C(C(=O)c2ccncc2)c2ccccc2)cc1	1.0	1	0.824	0.981
27	CNS(=O)(=O)c1ccc(CNC(=O)c2ccccc2)cc1	1.0	1	0.636	0.992
27	CNS(=O)(=O)NC(=O)c1ccccc1C(=O)c1ccccc1	1.0	1	0.753	0.981
27	Cc1ccc(S(=O)(=O)Nc2ccc(Cl)cc2C(=O)c2c[n+]([O-])c(C)cc2)cc1	1.0	1	0.799	0.959
27	Cc1c(C(=O)c2cc(Cl)ccc2NS(=O)(=O)c2ccc(OC(F)(F)F)cc2)ccc[n+]1[O-]	1.0	1	0.51	0.94
27	O=C(c1ccncc1)c1cc(Cl)ccc1NS(=O)(=O)c1ccc(-c2cnco2)cc1	1.0	1	0.609	0.964
27	COc1nc(Cl)cnc1NS(=O)(=O)c1cccc(C(F)(F)F)c1Cl	1.0	1	0.739	0.934
27	O=C(NCCN1CCC(O)(c2ccc(Cl)cc2)CC1)c1ccncc1	1.0	1	0.376	0.974
27	CC(Cc1ccc(Cl)cc1)NS(=O)(=O)c1ccc(Cl)cc1	1.0	1	0.815	0.975
27	c1ccc(C(c2ccc(F)cc2)c2ccccc2)cc1	1.0	1	0.922	0.993
27	O=S(=O)(Nc1ccc(OC(F)(F)F)cc1)c1ccccc1	1.0	1	0.669	0.989
27	CC(=O)c1ccc(C(=O)c2cc(Cl)ccc2NS(=O)(=O)c2ccc(C(C)(C)C)cc2)cc1	1.0	1	0.702	0.978
27	COc1nc(F)cnc1NS(=O)(=O)c1cccc(Cl)c1	1.0	1	0.707	0.961
27	CC(=O)C1=C(O)C(=O)N(c2ccc(C)cc2)C1C(C)C)CCCCn1cccn1	0.0	0	0.0	0.0
27	O=C(C(=O)c1ccc(Cl)cc1)c1cccc(F)c1	1.0	1	0.914	0.99
27	CN(C)c1c(S(=O)(=O)NC(=O)c2ccccc2)cccc1	1.0	1	0.792	0.986
27	CC(=O)C1=C(O)C(=O)N(c2ccc(C)cc2)C1C1CCCCC1	1.0	1	0.994	0.929
27	COc1ccccc1Cc1c(O)n2nc(N)nc2nc1C1CC1	1.0	1	0.995	0.927
27	Cc1ccc(N2C(=O)C(=Cc3cccc(O)c3)C(=O)c2cccc1	0.0	0	0.0	0.0
27	O=C(c1ccncc1)c1cc(Cl)ccc1NS(=O)(=O)c1ccc(F)cc1	1.0	1	0.686	0.982
27	Cc1ccc(S(=O)(=O)NC(=O)N2CCC(N3CCC(Oc4ccc(Cl)cc4C)CC3)CC2)cc1	1.0	0	0.255	0.957
27	CC(C)NS(=O)(=O)c1ccc(S(=O)(=O)Nc2ccc(CC(=O)O)cc2)cc1	1.0	1	0.386	0.983
27	COCCNS(=O)(=O)c1ccc(NS(=O)(=O)c2ccc(Br)cc2)cc1	1.0	1	0.675	0.984
27	O=S(=O)(Nc1ccncc1)c1ccc(Cl)cc1	1.0	1	0.903	0.99
27	COc1c(Cl)ccc(NS(=O)(=O)c2cccc(Cl)c2Cl)c1OC	1.0	1	0.73	0.971
27	CC(=O)C1=C(O)C(=O)N(c2ccc(F)cc2F)C1C1CCCC1	1.0	1	0.984	0.901
27	CNC(=O)C(Cc1ccc(Cl)cc1)NC(=O)C1(c2ccccc2)CCNCC1	1.0	1	0.531	0.924
27	O=C(NCCCNC(=O)c1ccccc1)c1ccccc1-c1ccccc1Cl	1.0	1	0.418	0.989
27	O=C(NCc1ccccc1)NS(=O)(=O)c1cccc(F)c1	1.0	1	0.443	0.989
27	CCCCC(=O)Nc1c(O)c(Cl)c(C)c(Br)c1	1.0	1	0.61	0.966
27	COc1cc(Oc2ccc(C(=O)NCCN3CCCCC3)cc2)ccc1N	1.0	1	0.362	0.984
27	CC(=O)C1=C(O)C(=O)N(c2ccc(C)cc2)C1c1ccc(Cl)cc1	1.0	1	0.992	0.958
27	Cc1[n+]([O-])cc(C(=O)c2cc(Cl)ccc2O)cc1	1.0	1	0.701	0.951
27	COc1c(Cl)ccc(Cl)c1Cl	1.0	1	0.357	0.985
27	O=C(c1ccncc1)c1cc(Cl)ccc1NS(=O)(=O)c1c2ccc(OC(F)(F)F)cc2o1	0.0	0	0.0	0.0
27	Nc1nn2c(O)c(Cc3ccccn3)cnc2n1	1.0	1	0.875	0.918
27	COc1ccc(Cl)cc1C(=O)Nc1ccc(C#N)cn1	1.0	1	0.677	0.984
27	CC(=O)NCc1cc(NS(=O)(=O)c2ccc(Cl)cc2)ccc1	1.0	1	0.602	0.989
27	CN(C)c1ccc(S(=O)(=O)NC(=O)N2CCC(O)CC2)cc1	1.0	1	0.752	0.974
27	CC(C)c1ncc(COc2ccc(Cl)cc2CO)nc1O	1.0	1	0.75	0.939
27	O=C(Nc1ccc(S(=O)(=O)N2CCCOCC2)cc1)c1ccccc1	1.0	1	0.491	0.989
27	COc1cccc2c1c(NS(=O)(=O)c1ccc(Cl)s1)nn2Cc1ccc(S(N)(=O)=O)cc1	1.0	1	0.64	0.948
27	CC(=O)C1=C(O)C(=O)N(c2ccc(C)cc2)C1c1c(Br)cccc1	1.0	1	0.992	0.944
27	O=S(=O)(Nc1cc(F)ccc1Cn1ccnn1)c1cccc(F)c1	1.0	1	0.895	0.965
27	CC(C)c1nc2nc(N)nn2c(O)c1Cc1cc(Br)cc(Cl)c1	1.0	1	0.968	0.89
27	CS(=O)(=O)c1cc(NS(=O)(=O)c2ccc(Cl)cc2)ccc1	1.0	1	0.814	0.989
27	COc1ccc(N2C(=O)C(O)=C(C(=O)C3CCCCC3)C2c2ccccc2)cc1	1.0	1	0.974	0.944
27	CC(C)c1nc2nc(N)nn2c(O)c1C(=O)c1cccc(Br)c1	1.0	1	0.995	0.917
27	COc1cccc2c1c(NS(=O)(=O)c1c(Cl)c(Cl)ccc1)nn2Cc1cccc(CO)c1	1.0	1	0.813	0.954
27	C=CCOc1c(Cl)c(Cl)ccc1Cl	1.0	1	0.556	0.97
27	O=S(=O)(Nc1cc(F)ccc1Cn1ccnn1)c1cccc(F)c1	1.0	1	0.895	0.965
27	O=C(NCCN1CCN(C(=O)c2ccccc2)CC1)c1ccccc1Cl	1.0	1	0.422	0.989
27	COc1ccccc1Cc1c(O)n2nc(N)nc2nc1C1CC1[O-]	1.0	1	0.862	0.568
27	O=C(NS(=O)(=O)c1cccc(F)c1)c1cc(Cl)ccc1NS(=O)(=O)c1ccc(-c2ccccc2)cc1	1.0	0	0.005	0.974
27	O=S(=O)(Nc1cc(Cl)c(Cl)cc1Cn1ccnn1)c1cc(Cl)c(Cl)cc1	1.0	1	0.935	0.951
27	CCN(C(=O)c1ccc(F)cc1)c1ccc(S(=O)(=O)Nc2ccc(C)cc2)cc1	1.0	1	0.448	0.984
27	O=S(=O)(Nc1ncccn1)c1ccc(Cl)cc1Cl	1.0	1	0.889	0.981
27	COc1ccc(CC(=O)Nc2c(C)cccc2)cc1Cl	1.0	1	0.738	0.992
27	N#Cc1c(SCc2c(F)cccc2)nc(C(F)(F)F)cc1F	1.0	1	0.642	0.949
27	Cc1c(C(=O)c2nc3ccccc3n2C(C)(C)C)cccc1	1.0	1	0.716	0.97
27	O=S(=O)(Nc1cc(Cl)c(Cl)cc1Cn1ccnn1)c1ccccc1	1.0	1	0.834	0.963
27	COc1c(Cl)cc(Cl)cc1NS(=O)(=O)c1ccc([N+](=O)[O-])cc1	1.0	1	0.681	0.98
27	CN(C)c1ccccc1NS(=O)(=O)c1c(Cl)c(Cl)ccc1Cl	1.0	1	0.798	0.97
27	CC(C)(C)c1ccc(S(=O)(=O)Nc2ccc(Cl)cc2C(=O)c2ccncc2)cc1	1.0	1	0.678	0.977
27	CCc1c[n+](Cc2cccc(F)c2F)c(O)c2c1cc(OC)c(O)cc2	0.0	0	0.0	0.0
27	CC(C)(N)c1ccc(S(=O)(=O)Nc2ccccc2CC(=O)NS(=O)(=O)c2ccc(Cl)c(Cl)c2)cc1	1.0	1	0.675	0.956
27	CS(=O)(=O)c1cc(NS(=O)(=O)c2ccc(Cl)cc2)c(Cc2ccccc2)cc1	1.0	1	0.788	0.983
27	CC(=O)C1=C(O)C(=O)N(c2ccc(C)cc2)C1C1CCCCCCC1	1.0	1	0.983	0.928
27	Cc1c(C(=O)Nc2ccc(N3CCOCC3)cc2)cccc1O	1.0	1	0.62	0.987
27	CCOC(=O)N1CCC(NS(=O)(=O)c2cccc3cccc(Cl)c32)CC1	1.0	1	0.672	0.973
27	CC(C)(C)c1ccc(S(=O)(=O)Nc2ccc(Cl)cc2)cc1	1.0	1	0.748	0.991
27	O=C(O)c1c(Oc2ccc(F)cc2NS(=O)(=O)c2ccc(Cl)cc2)cccc1	1.0	1	0.751	0.983
27	CCCc1nc2nc(N)nn2c(O)c1Cc1cc(C)ccc1	1.0	1	0.992	0.936
27	CC(C)(C)c1cc(NS(=O)(=O)c2ccc(Cl)cc2)ccn1	1.0	1	0.666	0.981
27	CS(=O)(=O)c1ccc(C(=O)Nc2cccc(C(F)(F)F)c2)cc1	1.0	1	0.653	0.989
27	O=C(NCCN1CCCC1)c1cc(Oc2ncc(Cl)cc2Br)ccc1	1.0	1	0.779	0.974
27	Cc1c(C(=O)Nc2ccc(S(=O)(=O)NC3CCCCC3)cc2)cccc1F	1.0	1	0.479	0.983
27	COc1ccc(Cn2nc(NS(=O)(=O)c3ccc(Cl)s3)c3c2cccc3OC)cc1	1.0	1	0.707	0.961
27	CCc1cc(C(=O)Nc2ccccc2F)ccc1Cl	1.0	1	0.897	0.992
27	O=C(c1ccccc1)c1cc(Cl)ccc1NS(=O)(=O)c1ccc(-c2cocc2)cc1	1.0	1	0.629	0.976
27	O=C(c1ccncc1)c1cc(Cl)ccc1NS(=O)(=O)c1c(Br)c(Cl)c(Cl)cc1	1.0	1	0.732	0.958
28	COc1ccc(C(=O)c2cc(Cl)ccc2NS(=O)(=O)c2ccc(Cl)cc2)cc1	1.0	1	0.804	0.986
28	COc1cc(Cc2cnc(N)nc2N)ccc1	1.0	1	0.715	0.98
28	Cc1ccc(N2C(=O)C(O)=C(C(=O)C3CC3)C2C2CCCCC2)cc1	1.0	1	0.905	0.914
28	Cc1ccc(C(=O)c2cc(Cl)ccc2NS(=O)(=O)c2ccc(Cl)cc2)cc1	1.0	1	0.866	0.987
28	O=C(O)c1c(Oc2cccc(F)c2NS(=O)(=O)c2ccc(Cl)cc2)cccc1	1.0	1	0.672	0.979
28	Nc1nn2c(O)c(Cc3ccncc3)c(C3CC3)nc2n1	1.0	1	0.912	0.903
28	COc1ncccc1C(=O)Nc1ccc(Cl)cc1C	1.0	1	0.838	0.988
28	COc1ccc(NS(=O)(=O)c2ccc(N(C)C(=O)c3c(F)cccc3)c3c2cccc3)cc1	1.0	1	0.445	0.975
28	Cc1c(C(=O)Nc2cc(Cl)ccc2)n2ccccc2n1	1.0	1	0.868	0.983
28	O=C(O)c1c(Oc2cnccc2NS(=O)(=O)c2ccc(Cl)cc2)cccc1	1.0	1	0.817	0.978
28	COc1nc(Cl)cnc1NS(=O)(=O)c1c(Cl)c(Cl)ccc1	1.0	1	0.831	0.955
28	COc1c2c(NS(=O)(=O)c3ccc(Cl)cc3)nn(Cc3cccc(C(=O)N(C)C)c3)c2ccc1	1.0	1	0.753	0.962
28	COc1nc(Cl)cnc1NS(=O)(=O)c1cccc(Cl)c1Cl	1.0	1	0.831	0.955
28	COc1nc(F)c(F)nc1NS(=O)(=O)c1c(Cl)cc(Cl)cc1	1.0	1	0.775	0.937
28	CC(=O)C1=C(O)C(=O)N(c2cc(F)c(F)c(F)c2)C1C1CCCCC1	1.0	1	0.984	0.872
28	COc1cc2c(cc1NS(=O)(=O)c1c(Cl)c(Cl)ccc1)nc(O)n2C	1.0	1	0.88	0.948
28	CC1CCN(C(=O)C(C)(C)NS(=O)(=O)c2ccc(Cl)cc2)CC1	1.0	1	0.735	0.973
28	O=C(O)c1c(Oc2ccc(Cl)cc2NS(=O)(=O)c2ccc(Cl)cc2)cccc1	1.0	1	0.743	0.984
28	CC(=O)Nc1ccc(S(=O)(=O)NC(Cc2ccccc2)C(=O)NCC(=O)O)cc1	1.0	1	0.576	0.96
28	CC(C)c1nc2nc(N)nn2c(O)c1Cc1cccc(Cl)c1	1.0	1	0.911	0.929
28	COc1c(NS(=O)(=O)c2cc(Cl)c(Cl)s2)cc(C)c2onc(O)c12	1.0	1	0.804	0.848
28	N#Cc1c(SCC(=O)c2ccccc2)nccc1N1CCCCCC1	1.0	1	0.428	0.97
28	O=C(O)c1c(Oc2cnccc2NS(=O)(=O)c2ccc(Cl)cc2)cccc1	1.0	1	0.817	0.978
28	CC(=O)C1=C(O)C(=O)N(c2cc(Br)ccc2)C1C1CCCCC1	1.0	1	0.983	0.91
28	CN(C)c1ccc(S(=O)(=O)NCc2ccc(C(=O)O)cc2)cc1	1.0	1	0.54	0.988
28	O=C(O)c1ccccc1Oc1ccc(C(F)(F)F)cc1NS(=O)(=O)c1ccc(Cl)cc1	1.0	1	0.695	0.977
28	CC(C)c1nc2nc(N)nn2c(O)c1Cc1cc(Br)cc(F)c1	1.0	1	0.902	0.894
28	O=C(NCCN1CCC(F)(F)C1)c1ccc(Oc2ccccc2)cc1	1.0	1	0.443	0.979
28	CC(=O)NCc1cc(C(=O)c2cccc(Cl)c2)ccc1	1.0	1	0.567	0.989
28	CC(=O)C1=C(O)C(=O)N(c2ccc(Cc3ccccc3)cc2)C1C1CCCCC1	1.0	1	0.831	0.929
28	Cc1cc(C(=O)c2cc(Cl)ccc2NS(=O)(=O)c2ccc(Cl)c(F)c2)ccc1	1.0	1	0.534	0.98
28	N#Cc1cc(S(=O)(=O)Nc2cc(Cl)ccc2Cn2ccnn2)ccc1	1.0	1	0.914	0.957
28	Cc1ccc(Nc2ncc(CN3C(=O)NC(=O)c4c(cccc4)c4ccccc43)c3c2)cc1	0.0	0	0.0	0.0
28	Cn1cc(C2(c3ccc(Cl)cc3Cl)NCCO2)cn1	1.0	1	0.82	0.701
28	Cc1cc(C(=O)c2cc(Cl)ccc2NS(=O)(=O)c2cc(F)c(C(F)(F)F)c(Cl)c2)ccc1	1.0	1	0.493	0.955
28	CS(=O)(=O)c1ccc(C(=O)Nc2ccc(Cl)cc2C(=O)c2ccncc2)cc1	1.0	1	0.577	0.982
28	COc1c2c(NS(=O)(=O)c3cc(Cl)c(Cl)cc3)nn(Cc3cccc(C)c3)c2ccc1	1.0	1	0.569	0.966
28	CC(C)(c1ccc(Cl)cc1)c1ccccc1	1.0	1	0.947	0.992
28	COc1ccc(C(=O)c2ccc(Cl)cc2C(=O)c2ccnc(C)c2)cc1	1.0	1	0.671	0.981
28	O=S(=O)(Nc1ccc(S(=O)(=O)c2ccccc2F)cc1)c1ccccc1	1.0	1	0.383	0.987
28	Nc1nn2c(O)c(Cc3cccc(Cl)c3)c(-c3ccccc3)nc2n1	1.0	1	0.996	0.957
28	CS(=O)(=O)c1cc(NS(=O)(=O)c2ccc(Cl)cc2)ccc1	1.0	1	0.814	0.989
28	COc1nc(C)c(N2C(=O)c3c(C2=O)c(NS(=O)(=O)c2cc(Cl)cc(Cl)c3)c2cccc(F)c2)cc1	0.0	0	0.0	0.0
28	O=S1(=O)NC(NC(=O)c2ccccc2)Cc2ccccc21	1.0	1	0.659	0.889
28	Cc1cc(OC(=O)c2ccccc2)ccc1OC	1.0	1	0.765	0.993
28	CNC(=O)c1ccc(NS(=O)(=O)c2ccc(Cl)cc2)cc1	1.0	1	0.701	0.991
28	O=S(=O)(Nc1ccc(Cl)c(Cl)c1)N1CCCC1c1ccc(Cl)cc1	1.0	1	0.812	0.943
28	CC(=O)C1=C(O)C(=O)N(c2ccc(Br)cc2)C1C1CCCCCCC1	1.0	1	0.99	0.918
28	COc1c(Cl)ccc(NS(=O)(=O)c2ccc(N)cc2)c1	1.0	1	0.798	0.988
28	COc1c2c(NS(=O)(=O)c3ccc(Cl)s3)nn(Cc3cccc(CN(C)C)c3)c2ccc1	1.0	1	0.581	0.945
28	Cn1ncc2c1nc(N)n2Cc1c(Cl)c(Cl)cc1Cl	0.0	0	0.0	0.0
28	COc1ccc(C(=O)NCCNC(=O)c2ccccc2)cc1	1.0	1	0.516	0.994
28	Oc1cc(C(F)(F)F)c(Oc2ccc(Cl)cc2)cc1	1.0	1	0.947	0.986
28	N#CC(=C1N(C(=O)c2ccccc2)C2)C(=O)N1C1CCOCC1=O2	0.0	0	0.0	0.0
28	CCCC(=O)N1CC(NS(=O)(=O)c2ccc(Cl)s2)C1C	1.0	1	0.507	0.751
28	N#Cc1cc(NS(=O)(=O)c2ccc(F)cc2)ccc1	1.0	1	0.74	0.989
28	N#Cc1cc(COc2ccc(S(=O)(=O)Nc3ccccc3)cc2)ccc1	1.0	1	0.375	0.987
28	CN(C)c1ccc(C(=O)c2ccccc2)cc1	1.0	1	0.749	0.994
28	CC(C)(C)c1ccc(S(=O)(=O)Nc2ccc(Cl)cc2C(=O)c2ccc(S(C)(=O)=O)nc2)cc1	1.0	1	0.676	0.961
28	Cc1c(C(=O)Nc2ccc(S(=O)(=O)NCCOC(C)(C)C)cc2)cccc1	1.0	1	0.368	0.981
28	c1ccc(CCNC2CCN(CCc3ccccc3)CC2)cc1	1.0	0	0.325	0.99
28	N#Cc1cccn1CC(=O)c1ccccc1	1.0	1	0.68	0.974
28	O=C(NS(=O)(=O)c1cccc(C(F)(F)F)c1)c1nc(-c2cscn2)[nH]c1	1.0	1	0.768	0.891
28	CCCc1nc2nc(N)nn2c(O)c1Cc1cc(Cl)cc(Cl)c1	1.0	1	0.993	0.914
28	CS(=O)(=O)c1ccc(C(=O)Nc2ccc(Cl)cc2)cc1C(	0.0	0	0.0	0.0
28	CCCC(=O)NCCCCNC(=O)c1ccc2nccnc2c1	1.0	1	0.52	0.981
28	O=C(c1ccncn1)c1cc(Cl)ccc1NS(=O)(=O)c1cc(F)c(F)cc1	1.0	1	0.75	0.966
28	Cc1c(C(=O)c2cc(Cl)ccc2NS(=O)(=O)c2ccc(F)cc2)cccc1	1.0	1	0.787	0.985
28	O=C(NCCN1CCCCC1)c1cc(Oc2ncc(Cl)cc2Br)ccc1	1.0	1	0.712	0.974
28	CCc1c[n+](Cc2cccc(F)c2F)c(C#N)c(O)n1	1.0	1	0.856	0.787
28	COc1ccccc1C(=O)Nc1cc(C)c(Cl)cc1Cn1c(O)c(Cl)c(Cl)c1Cl	1.0	1	0.673	0.94
28	O=C(NCCN1CCCCC1)c1ccc(CSc2ccc(Cl)cc2)cc1	1.0	0	0.315	0.986
28	N#Cc1c(SCC(=O)c2ccccc2)cccc1	1.0	1	0.674	0.987
28	O=C(NCCN1CCCC1)c1cc(Oc2cc3c(ccc4c3)NCCN(CCCl)C2)ccc1	0.0	0	0.0	0.0
28	O=S(=O)(Nc1ncc(Br)nc1O)c1cccc(F)c1	1.0	1	0.849	0.945
28	CCOC(=O)N1CCC(NS(=O)(=O)c2ccc(F)cc2)CC1	1.0	1	0.809	0.984
28	O=S(=O)(Nc1cc(Cl)c(Cl)cc1Cn1ccnn1)c1cccc(Cl)c1	1.0	1	0.879	0.955
28	O=C(c1ccncc1)c1ccc(O)nc1	1.0	1	0.801	0.967
28	O=S(=O)(Nc1cc(F)ccc1)c1cc(Cl)ccc1Nc1ncc2ccccc2c1	1.0	1	0.647	0.973
28	O=C(O)c1ccccc1Oc1c(F)c(F)c(Br)cc1	1.0	1	0.951	0.98
28	CCCC(=O)Nc1ccc(S(=O)(=O)NCCN(C)C)cc1	1.0	1	0.491	0.986
28	O=C(NS(=O)(=O)c1ccccc1)c1cc(Cl)ccc1NS(=O)(=O)c1c(Cl)c(Cl)cs1	1.0	1	0.583	0.947
28	Nc1nc(Cl)ncc1NS(=O)(=O)c1ccccc1Cl	1.0	1	0.851	0.965
28	COc1nc(Br)cnc1NS(=O)(=O)c1cscc1	1.0	1	0.83	0.916
28	CS(=O)(=O)c1cc(F)ccc1Oc1ccc(Cl)cc1CN(C)C)c1ccc(Cl)c(F)c1	0.0	0	0.0	0.0
28	CC(=O)C1=C(O)C(=O)N(c2ccc(Br)cc2F)C1C1CCCCC1	1.0	1	0.994	0.892
28	O=C(O)c1ccc(C(=O)N2CCC(N3CCC(Oc4ccc(Cl)cc4)CC3)CC2)cc1	1.0	0	0.335	0.976
28	O=C(O)c1c(Oc2ccc(F)cc2NS(=O)(=O)c2ccc(Cl)cc2)cccc1	1.0	1	0.751	0.983
28	CC(C)(C)c1ccc(S(=O)(=O)Nc2ccc(Cl)cc2C(=O)c2ccc(C(=O)O)cc2)cc1	1.0	1	0.517	0.979
28	Cc1cc(NS(=O)(=O)c2cc(C(F)(F)F)c(F)cc2)c(C)[nH]1	1.0	1	0.662	0.952
28	COc1cc(CNc2c(Br)ccc3c2CCCN3)ccc1	1.0	1	0.605	0.965
28	O=S(=O)(Nc1ccc(Cl)cc1)c1ccc(O)cc1	1.0	1	0.873	0.992
28	O=[N+]([O-])c1cc(O)c(=O)c2ccccc2c1	1.0	1	0.688	0.976
28	CC(=O)C1=C(O)C(=O)N(c2ccc(C)cc2)C1C1CCCCCCC1	1.0	1	0.983	0.928
28	CC(C)(c1ccc(S(C)(=O)=O)cc1)c1ccc(F)c(F)c1	1.0	1	0.917	0.981
28	Cn1ncc2c1nccc2NS(=O)(=O)c1ccc(Cl)cc1	1.0	1	0.687	0.976
28	CCc1ccc(N2C(=O)C(O)=C(C(=O)c3ccccc3)C2c2ccccc2)cc1	1.0	1	0.98	0.958
28	COc1ccc(Cn2nc(NS(=O)(=O)c3ccc(Cl)s3)n3c2S(=O)(=O)c2ccc(C)cc2)cc1	0.0	0	0.0	0.0
28	COc1c2c(NS(=O)(=O)c3ccc(Cl)cc3)nn(Cc3ccc(CNC(C)=O)cc3)c2ccc1	1.0	1	0.771	0.965
28	O=C(O)c1ccc(C(=O)c2ccccc2C(=O)c2cc(Cl)ccc2O)s1	1.0	1	0.694	0.973
29	O=C(NC1CCN(Cc2ccccc2)CC1)c1ccccc1	1.0	1	0.481	0.993
29	O=S(=O)(NCc1ccccc1)c1ccccc1)	0.0	0	0.0	0.0
29	CC(C)(c1ccc(S(C)(=O)=O)cc1)c1ccccc1N	1.0	1	0.726	0.979
29	COc1c(NS(=O)(=O)c2ccc(Cl)cc2)cccc1Cl	1.0	1	0.772	0.987
29	COc1nc(Cl)cnc1NS(=O)(=O)c1ccccc1	1.0	1	0.854	0.974
29	CCOC(=O)N1CCC(NS(=O)(=O)c2ccc(F)cc2)CC1	1.0	1	0.809	0.984
29	Cc1c(Cl)c(Cl)ccc1CNS(=O)(=O)c1cc(Cl)c(Cl)cc1	1.0	1	0.61	0.976
29	CCNc1ccc(S(=O)(=O)Nc2ccc(Br)cc2)cc1	1.0	1	0.85	0.989
29	CC(C)(C)COc1nc(Cl)ccc1C(=O)Nc1ccc(F)cc1N1	0.0	0	0.0	0.0
29	Nc1nn2c(O)c(Cc3ccc(Cl)cc3)c(C3CCNCC3)nc2n1	1.0	1	0.996	0.909
29	COc1nc(Br)cnc1NS(=O)(=O)c1ccc(Cl)c(Cl)c1	1.0	1	0.801	0.96
29	Nc1nc(Cl)c2cc(Cl)c(Cl)cc2n1	1.0	1	0.553	0.969
29	COc1nc(F)c(Cl)n1C	1.0	1	0.376	0.809
29	CC(=O)C1=C(O)C(=O)N(Cc2c(Cl)cccc2Cl)c2c1cccc2	1.0	1	0.83	0.97
29	Cc1cc(C(=O)c2cc(Cl)ccc2NS(=O)(=O)c2ccc(Cl)cc2)ccc1	1.0	1	0.816	0.985
29	COc1nn(CC(N)=O)c2ccccc12	1.0	1	0.622	0.974
29	Cc1ncccc1C(=O)Nc1ccc(S(=O)(=O)Nc2ccccc2)cc1	1.0	1	0.438	0.988
29	COc1c(-c2ccc(F)cc2)ccc(C(=O)c2ccccc2)c1	1.0	1	0.852	0.992
29	CS(=O)(=O)c1cc(C(=O)c2ccc(Cl)cc2)ccc1C	1.0	1	0.922	0.988
29	CCc1nn2c(O)c(Cc3cccc(C)c3)c(C)nc2n1	1.0	1	0.983	0.954
29	CC(=O)C1=C(O)C(=O)N(c2cc(Cl)ccc2F)C1c1ccccc1	1.0	1	0.979	0.943
29	O=C(NS(=O)(=O)c1ccc(Cl)cc1)N1CCCC1	1.0	1	0.795	0.987
29	CC(=O)NC1C(=O)Oc2ccccc2C1=O	1.0	1	0.614	0.907
29	Nc1c(Cl)c(Cl)ccc1C(=O)c1ccccc1	1.0	1	0.884	0.986
29	O=C(O)c1ccccc1Cc1cc(Cl)ccc1CO	1.0	1	0.893	0.984
29	CCOC(=O)N1CCC(NS(=O)(=O)c2ccc(OCc3ccccc3)cc2)CC1	1.0	1	0.503	0.983
29	C(=NC1=NCCN1)c1ccc(Oc2ccccc2)cc1	1.0	1	0.593	0.954
29	O=S(=O)(Nc1cc(F)ccc1O)c1ccccc1Cl	1.0	1	0.852	0.987
29	O=S1(=O)NC(Nc2c(Br)cccc2Br)=Nc2c1cc(Cl)cc2O	1.0	1	0.65	0.794
29	C=CCOc1c(Cl)c(Cl)ccc1Cl	1.0	1	0.556	0.97
29	Nc1ccc(C(=O)NNC(=O)c2ccccc2)cc1	1.0	1	0.577	0.993
29	CC(=O)C1=C(O)C(=O)N(c2ccc(C)cc2)C1c1ccc(Br)cc1[SiH](	0.0	0	0.0	0.0
29	O=S(=O)(Nc1cc(F)ccc1Cn1ccnn1)c1ccc(Cl)c(Clcccccc2ccccc2)c1	0.0	0	0.0	0.0
29	O=S(=O)(Nc1cc(Cl)cnc1C1=C2CN(C)CC1)C2=	0.0	0	0.0	0.0
29	Cc1c[n+]([O-])c(C)c(NS(=O)(=O)c2ccc(Cl)cc2)c1	1.0	1	0.866	0.954
29	Cc1c(C(=O)Nc2ccc(Oc3ccccc3)cc2)cccc1	1.0	1	0.652	0.994
29	Nc1nn2c(O)c(Cc3cccc(Cl)c3)c(C3CC3)nc2n1	1.0	1	0.908	0.922
29	COc1nc(C)cnc1NS(=O)(=O)c1cccc(C#N)c1	1.0	1	0.628	0.965
29	CC(=O)C1=C(O)C(=O)N(c2ccc(Br)cc2)C1C1CCCCC1	1.0	1	0.997	0.919
29	CC(=O)C1=C(O)C(=O)N(c2cc(F)c(F)c(F)c2)C1C1CCCCC1	1.0	1	0.984	0.872
29	Cc1ccc(N2C(=O)c3c(C2=O)c(NS(=O)(=O)c2ccccc2)ccc3Cl)cc1	1.0	1	0.651	0.973
29	CC(C)c1nc2nc(N)nn2c(O)c1Cc1ccc(Cl)cc1	1.0	1	0.964	0.937
29	C=CCN(C(=O)Nc1ccc(Cl)cc1)C1CCN(CCC)CC1	1.0	1	0.669	0.974
29	O=C(NS(=O)(=O)c1cccc(C(F)(F)F)c1)c1cccs1	1.0	1	0.758	0.978
29	Nc1nn2c(O)c(Cc3ccccc3Cl)c(C3CCc4ccccc43)nc2n1	1.0	1	0.976	0.809
29	O=C(c1cnccc1)c1cc(Cl)ccc1NS(=O)(=O)c1ccc(C(F)(F)F)nc1	1.0	1	0.615	0.964
29	COc1nc(Cl)cnc1NS(=O)(=O)c1cccc(F)c1	1.0	1	0.769	0.966
29	Cc1ccc(Cl)cc1C(=O)Nc1ccc(Cl)cc1	1.0	1	0.823	0.994
29	CC(=O)c1cc(OC(=O)c2ccccc2)ccc1O	1.0	1	0.74	0.99
29	COc1c(Cl)ccc(NS(=O)(=O)c2ccc(Cl)cc2)c1	1.0	1	0.761	0.991
29	CNC(=O)c1ccc(C)cc1Oc1ccc(Cl)c(Cl)c1NC(Cn1cc(Br)c(N)n1)C(=O)O	1.0	1	0.559	0.786
29	Cc1c(C(=O)Nc2ccc(Cl)cc2F)cccc1Cc1ncc[nH]1	1.0	1	0.572	0.971
29	N#Cc1cccc(C(=O)c2cc(Cl)ccc2OCc2ccccc2)c1	1.0	1	0.761	0.986
29	CCCC(=O)Nc1ccc(S(=O)(=O)NCCc2ccncc2)cc1	1.0	1	0.563	0.985
29	CC(=O)c1ccc(Oc2ccc(CCl)cc2OC2CNCC2)cc1	1.0	1	0.647	0.935
29	CC(=O)NCc1cc(C(=O)c2cccc(Cl)c2)ccc1	1.0	1	0.567	0.989
29	CCC(=O)c1cc(Oc2ncc(Cl)cc2NS(=O)(=O)c2ccc(Cl)c(C(F)(F)F)c2)ccc1	1.0	1	0.625	0.952
29	Cc1nc2nc(N)nn2c(O)c1Cc1cc(Cl)cc(Cl)c1	1.0	1	0.995	0.932
29	O=C(NS(=O)(=O)c1ccccc1)NS(=O)(=O)c1ccc(Cl)cc1	1.0	1	0.654	0.984
29	Nc1nn2c(O)c(Cc3cccnc3)c(CCc3ccccc3)nc2n1	1.0	1	0.872	0.942
29	O=C(O)c1c(Oc2ccc(Cl)cc2NS(=O)(=O)c2ccc(Cl)cc2)cccc1	1.0	1	0.743	0.984
29	CC(=O)Nc1ccc(S(=O)(=O)Nc2ccc(Cl)cc2C(=O)c2ccncc2)cc1	1.0	1	0.607	0.979
29	Cc1ccc(N=S(=O)(=O)c2ccc(Cl)cc2)cc1	0.0	0	0.0	0.0
29	CCOC(=O)c1ccc(S(=O)(=O)NCCc2c(Cl)cccc2)cc1	1.0	1	0.559	0.988
29	COc1ccccc1Cc1c(O)n2nc(N)nc2nc1C1CC1	1.0	1	0.995	0.927
29	N#Cc1ccn2c(-c3ccncc3)c(-c3ccc(F)cc3)nc21	0.0	0	0.0	0.0
29	Cn1nncc1C(=O)Nc1ccc(Cl)cc1F	1.0	1	0.874	0.965
29	CC(C)(C)c1ccc(S(=O)(=O)NCc2ccc(C(=O)Nc3ccc(Cl)cc3)cc2)cc1	1.0	0	0.236	0.985
29	O=S(=O)(Nc1cc(F)ccc1Cn1ccnn1)c1ccccc1	1.0	1	0.849	0.972
29	CC(=O)OC1C(O)=C(C(=O)c2ccc(O)cc2)C2C1C(C)OC2(=O)CCl	0.0	0	0.0	0.0
29	COc1nccc(C(=O)c2cc(Cl)ccc2NS(=O)(=O)c2ccc(Cl)cc2)c1	1.0	1	0.855	0.976
29	CCNc1nc(NS(=O)(=O)c2ccc(Cl)cc2)c(C)cc1	1.0	1	0.777	0.979
29	C=CCOc1c(Cl)cc(Cl)cc1S(=O)(=O)Nc1c(C#N)ccc2c1nncn2CN(C)C	0.0	0	0.0	0.0
29	O=C(O)c1c(Oc2ccc(F)cc2NS(=O)(=O)c2ccc(F)cc2)cccc1	1.0	1	0.758	0.983
29	O=C(NC(=O)NCc1ccccc1)c1ccccc1	1.0	1	0.668	0.994
29	CCCC(=O)Nc1ccc(S(=O)(=O)Nc2ccc(Cl)cc2)cc1	1.0	1	0.575	0.991
29	N#Cc1cc(S(=O)(=O)Nc2c(Cl)c(Cl)ccc2Cl)ccc1	1.0	1	0.7	0.975
29	CCCc1nc2nc(N)nn2c(O)c1Cc1cc(Cl)c(Cl)c(Cl)c1	1.0	1	0.997	0.894
29	O=C(NCCN1CCC(O)(c2ccc(Cl)cc2)CC1)c1ccc(Cl)s1	1.0	1	0.463	0.967
29	COc1c(C)nc(NS(=O)(=O)c2ccc(C(C)(F)F)cc2)cc1Cl	1.0	1	0.834	0.955
29	CS(=O)(=O)Nc1cc(CCc2ccncc2)ccc1	1.0	1	0.692	0.986
29	COC(=O)CCc1ccc(S(=O)(=O)Nc2ccc(Cl)cc2C(=O)c2cnc(C)cc2)cc1	1.0	1	0.797	0.972
29	COc1nc(Br)cnc1NS(=O)(=O)c1c(Cl)c(Cl)cnc1	1.0	1	0.768	0.911
29	CC(=O)c1c(NC(=O)COc2ccc(Cl)cc2)cccc1C	1.0	1	0.656	0.988
29	Cc1c(C(=O)Nc2cc(Cl)ccc2)n2cncc2c1Cc1ccc(Cl)cc1	0.0	0	0.0	0.0
29	CCCC(=O)Nc1ccc(C(=O)NCC(=O)OC)cc1	1.0	1	0.495	0.991
29	CC(=O)c1ccc(Oc2cc(Cl)ccc2NS(=O)(=O)c2ccc(Cl)c(Cl)c2)cc1	1.0	1	0.863	0.98
29	CC(C)(C)c1ncc(Oc2ccc(Cl)cc2O)c(F)c1	1.0	1	0.857	0.958
29	CCCCCCc1nc2nc(N)nn2c(O)c1Cc1cccc(Cl)c1	1.0	1	0.877	0.937
29	CC(=O)C1=C(O)C(=O)N(c2ccc(F)cc2)C1c1cc(Br)ccc1	1.0	1	0.989	0.946
29	CC(C)(C)c1ccc(S(=O)(=O)Nc2ccc(Cl)cc2C(=O)c2ccnc(Cl)c2)cc1	1.0	1	0.758	0.971
29	COc1c(-c2cc(Cl)ccc2NS(=O)(=O)c2ccc(N3CCOCC3)cc2)cccc1	1.0	1	0.634	0.977
29	CC(=O)C1=C(O)C(=O)N(c2cc(Cl)c(Cl)cc2)C1C1CCCCC1	1.0	1	0.995	0.91
29	Cc1noc(C)c1C(=O)Nc1cc(Cl)ccc1Oc1ccc(F)cc1	1.0	1	0.541	0.982
29	O=S(=O)(Nc1ccc(Oc2ccccc2)cc1)c1ccccc1O	1.0	1	0.577	0.988
29	CC(C)(C)c1ccc(S(=O)(=O)Nc2ccc(F)cc2C(=O)c2ccncc2)cc1	1.0	1	0.683	0.976
29	CCCCC(=O)C1=C(O)C(=O)N(c2ccc(C)cc2)C1c1ccc(C)cc1	1.0	1	0.981	0.944
29	O=C(NS(=O)(=O)c1ccc(Cl)cc1Cl)c1cc(Cl)ccc1O	1.0	1	0.739	0.98
29	Cc1cc(C(=O)c2cc(Cl)ccc2NS(=O)(=O)c2ccc(F)cc2)ccc1	1.0	1	0.829	0.985
29	CC(=O)C1=C(O)C(=O)N(c2ccc(Cl)cc2)C1C1CCCC1	1.0	1	0.996	0.927
30	Cc1nn2c(O)c(Cc3cccc(Cl)c3)c(Cc3ccccc3)nc2n1	1.0	1	0.953	0.954
30	O=C(NCCN1CCCCC1)c1ccc(Oc2ncc(Cl)cc2C(=O)NCCCCNC(=O)c2ccccc2)cc1	1.0	0	0.005	0.96
30	COc1nc(C)c(NS(=O)(=O)c2ccc(C)cc2)cc1	1.0	1	0.738	0.984
30	CCc1ccc(N2C(=O)C(O)=C(C(C)=O)C2c2ccc(O)cc2)cc1	1.0	1	0.987	0.947
30	O=C(O)c1ccc(Oc2c(C(=O)O)nn(-c3ccccc3)c2)cc1	1.0	1	0.746	0.982
30	Cc1ccc(S(=O)(=O)Nc2cc(Cl)ccc2Cn2ccnn2)cc1C	1.0	1	0.926	0.965
30	Cc1nc(C)c(COc2ccc(S(=O)(=O)Nc3ccc(Cl)cc3C(=O)c3ccncc3)cc2)nc1	1.0	1	0.509	0.951
30	COc1nc(Br)cnc1NS(=O)(=O)c1cccc(Cl)c1Cl	1.0	1	0.836	0.95
30	COc1nc(Cl)ccc1NS(=O)(=O)c1cccc(Cl)c1Cl	1.0	1	0.782	0.969
30	Cc1ccc(S(=O)(=O)Nc2cc(Cl)ccc2Cn2ccnn2)cc1C	1.0	1	0.926	0.965
30	COc1ccc(N2C(=O)C(O)=C(C(C)=O)C(c3ccccc3)C2=O)cc1	1.0	1	0.864	0.929
30	COc1nn(CC(N)=O)c2ccccc12	1.0	1	0.622	0.974
30	O=C(NC1CCN(Cc2ccccc2)CC1)c1ccccc1	1.0	1	0.481	0.993
30	Cc1cn(C(=O)c2ccccc2)c(C)c1F	1.0	1	0.665	0.966
30	CCCc1nc2nc(N)nn2c(O)c1Cc1cccc(Cl)c1	1.0	1	0.991	0.934
30	CC(C)c1ccc(S(=O)(=O)Nc2ccc(Br)cc2C(=O)c2ccncc2)cc1	1.0	1	0.545	0.977
30	O=S(=O)(Nc1cc(Cl)ccc1Cn1ccnn1)c1ccc(Cl)cc1	1.0	1	0.919	0.97
30	CC(=O)C1=C(O)C(=O)N(c2ccc(C)cc2)C1c1ccc(Cl)cc1	1.0	1	0.992	0.958
30	CC(=O)C1=NN(c2ccc(C)cc2)C2=CC(C)(C)CC(O)C21	1.0	1	0.926	0.592
30	CC(C)(C)c1ccc(S(=O)(=O)Nc2ccc(Cl)cc2-c2c(O)cccc2)cc1	1.0	1	0.758	0.979
30	O=S(=O)(Nc1ncc(Cl)nc1O)c1ccccc1	1.0	1	0.883	0.963
30	O=C(NS(=O)(=O)c1cc(Cl)ccc1)c1c(O)cc(O)cc1Cl	1.0	1	0.646	0.966
30	COc1nc(Cl)c(Cl)nc1NS(=O)(=O)c1ccc(Cl)c(Cl)c1	1.0	1	0.811	0.957
30	Cc1ccccc1C(=O)Nc1ccc(S(=O)(=O)Nc2ccccc2)cc1	1.0	1	0.413	0.991
30	O=C(O)c1c(Oc2ccc(F)cc2NS(=O)(=O)c2ccc(Cl)cc2)cccc1	1.0	1	0.751	0.983
30	O=C(NCCN1CCN(C(=O)c2cccc(Cl)c2)CC1)c1ccccc1	1.0	1	0.486	0.989
30	COc1ccccc1Oc1c(NS(=O)(=O)c2ccc(F)cc2)cccc1	1.0	1	0.847	0.989
30	COC(=O)N1CCCN(C(=O)Cc2ccccc2)CC1	1.0	1	0.632	0.989
30	Cc1cc(C(=O)Nc2ccc(Cl)cc2)c(Cl)cc1	1.0	1	0.778	0.994
30	COc1nc(Cl)ccc1NS(=O)(=O)c1ccc(Cl)cc1	1.0	1	0.761	0.981
30	COc1nccn1Cc1c(Cl)c(Cl)ccc1NS(=O)(=O)c1ccc(Cl)cc1Cl	1.0	1	0.951	0.928
30	COc1ccc(S(=O)(=O)NCc2ccccc2)cc1F	1.0	1	0.721	0.991
30	Cc1ccc(Nc2nc(Cl)c(Cl)nc2Cl)cc1	1.0	1	0.719	0.971
30	CCCCc1ccc(C(=O)Nc2ccc(F)cc2)cc1	1.0	1	0.537	0.994
30	CCCc1c(-c2ccc(Cl)cc2)cccc1OS(C)(=O)=O	1.0	1	0.837	0.979
30	CC(=O)C1=C(O)C(=O)N(c2ccc(C(F)(F)F)cc2)C1C1CCCC1	1.0	1	0.986	0.907
30	CC(=O)C1=C(O)C(=O)N(c2cc(C)c(F)cc2)C1c1cc(Br)ccc1	1.0	1	0.985	0.93
30	Cc1c(Cl)c(OC2CCN(C(C)=O)CC2)ccc1Cl	1.0	1	0.841	0.975
30	CC(=O)C1=C(O)C(=O)N(c2ccc(C)cc2)C1c1ccccc11	0.0	0	0.0	0.0
30	CCCCCCc1nc2nc(N)nn2c(O)c1Cc1cccc(Cl)c1	1.0	1	0.877	0.937
30	O=S(=O)(Nc1cc(Cl)ccc1Cn1ccnn1)c1cccc(F)c1	1.0	1	0.894	0.965
30	CC(=O)NCc1cc(C(=O)NN=Cc2ccccc2)ccc1	1.0	1	0.463	0.988
30	Cc1nn2c(O)c(Cc3cccc(Cl)c3)c(Cc3ccccc3)nc2n1	1.0	1	0.953	0.954
30	Cc1ccc(S(=O)(=O)NCCCn2ccnc2)cc1	1.0	1	0.698	0.982
30	CC(=O)c1ccc(S(=O)(=O)Nc2ccc(Cl)c3ccccc23)cc1	1.0	1	0.61	0.987
30	O=c1c2ccccc2ccccc1N1CCOCC1	0.0	0	0.0	0.0
30	CC(C)(C)c1ccc(S(=O)(=O)Nc2ccc(Cl)c3ccccc23)cc1	1.0	1	0.758	0.985
30	O=S(=O)(Nc1ccc(F)cc1)c1ccncc1	1.0	1	0.699	0.989
30	COc1c(Cl)ccc(NS(=O)(=O)c2ccc(C)cc2)c1O	1.0	1	0.789	0.979
30	CC(=O)C1=C(O)C(=O)N(c2ccc(C)cc2)C1c1ccc(Cl)cc1	1.0	1	0.992	0.958
30	CCOC(=O)c1ccc(C(=O)c2ccc(Cl)cc2)cc1	1.0	1	0.833	0.993
30	CC(=O)C1=C(O)C(=O)N(c2ccc(C(F)(F)F)cc2)C1C1CCCC1	1.0	1	0.986	0.907
30	O=S(=O)(Nc1cc(Cl)c(Cl)cc1Cn1ccnn1)c1cccc(C(=O)O)c1	1.0	1	0.923	0.954
30	CC(=O)c1ccc(S(=O)(=O)Nc2ccc(Br)cc2C(=O)c2ccccc2)cc1	1.0	1	0.386	0.985
30	CC(C)(C)c1ccc(S(=O)(=O)Nc2ccc(Br)cc2C(=O)c2ccc(Cl)cc2)cc1	1.0	1	0.794	0.98
30	CC(C)c1nc2nc(N)nn2c(O)c1Cc1ccc(Cl)cc1	1.0	1	0.964	0.937
30	COc1c(Cl)ccc(NS(=O)(=O)c2ccc(Cl)cc2)c1	1.0	1	0.761	0.991
30	COc1ccc(S(=O)(=O)NCCc2ccccc2)cc1F	1.0	1	0.755	0.99
30	CNS(=O)(=O)c1ccc(CNC(=O)c2ccccc2)cc1	1.0	1	0.636	0.992
30	CCCC(=O)N1CCC(NS(=O)(=O)c2ccc(CC(=O)c3ccccc3)cc2)CC1	1.0	1	0.364	0.978
30	CC(C)(C)c1ccc(S(=O)(=O)Nc2cc(Cl)ccc2C(=O)c2ccncc2)cc1	1.0	1	0.672	0.976
30	O=S(=O)(Nc1cc(Cl)ccc1Cn1ccnn1)c1ccc(Cl)s1	1.0	1	0.834	0.947
30	Nc1nn2c(O)c(Cc3ccc(C(F)(F)F)cc3)c(C3CNCCO3)nc2n1	1.0	1	0.987	0.719
30	O=S(=O)(Nc1ccc(-c2ccccc2)cc1)c1cc(Cl)ccc1	1.0	1	0.702	0.992
30	Cc1c(C(=O)Nc2cccc(Cl)c2)noc1F	1.0	1	0.818	0.96
30	CC(=O)C1=C(O)C(=O)N(c2cc(C)c(Cl)cc2)c2cccc(F)c21	1.0	1	0.952	0.953
30	COc1ncc(Nc2ncc(C(C)(C)C)cc2)cc1	1.0	1	0.821	0.975
30	CC(=O)NCc1cc(Cn2ncnc2)c(Cl)cc1Oc1ccc(Cl)cc1	1.0	1	0.586	0.965
30	Cc1c(C(=O)Nc2ccc(S(=O)(=O)NC3CCCCC3)cc2)cccc1	1.0	1	0.536	0.987
30	CCC(CC)(NS(=O)(=O)c1ccccc1)c1ccc(Cl)cc1	1.0	1	0.625	0.973
30	CC(=O)C1=C(O)C(=O)N(c2cc(C)c3ccccc3c2)CC1C	1.0	1	0.942	0.89
30	CCNc1c(-c2cc(Cl)ccc2NS(=O)(=O)c2ccc(Cl)cc2)cccc1	1.0	1	0.784	0.98
30	CS(=O)(=O)c1cc(F)ccc1NS(=O)(=O)c1ccc(Cl)c(Cl)c1	1.0	1	0.802	0.979
30	CC(C)c1nc2nc(N)nn2c(O)c1Cc1ccc(Cl)c(C(F)(F)F)c1	1.0	1	0.911	0.903
30	O=S1(=O)NC(Nc2ccccc2Br)=Nc2c1cc(Cl)cc2O	1.0	1	0.601	0.858
30	Cc1ccccc1CCNC(=O)c1ccc(Oc2ccccc2)cc1	1.0	1	0.5	0.992
30	CC1CCN(C(=O)C(C)O)CN1C(=O)c1cc(C)ccc1	1.0	1	0.756	0.855
30	O=C(O)CCNS(=O)(=O)c1ccc(Br)cc1	1.0	1	0.836	0.989
30	Cc1ccccc1C(=O)c1ccc(Cl)cc1	1.0	1	0.912	0.995
30	Cc1cc(O)c(S(=O)(=O)c2ccc(Cl)cc2)cc1	1.0	1	0.813	0.986
30	COc1c(Cl)ccc(C(=O)Nc2cc(F)ccc2)c1N	1.0	1	0.8	0.983
30	COc1ccc(CC(=O)c2ccc(C(C)(C)C)cc2)cc1	1.0	1	0.598	0.991
30	COc1nc(Cl)cnc1NS(=O)(=O)c1c(Cl)c(Cl)ccc1O	1.0	1	0.862	0.922
30	Cc1ccc(N2C(=O)C(O)=C(C(=O)C3CC3)C2c2ccccc2)cc1	1.0	1	0.993	0.951
30	O=C(NCCN1CCCCC1)c1ccc(C(=O)c2ccccc2)cc1	1.0	1	0.413	0.99
30	Cc1ccc(N2C(=O)C(O)=C(C(=O)c3ccccc3)C2c2ccccc2)cc1	1.0	1	0.989	0.962
30	CC(=O)C1=C(O)C(=O)N(c2cc(Cl)ccc2)C1C1CCCC1	1.0	1	0.979	0.919
30	COc1ccccc1Cc1c(O)n2nc(N)nc2nc1C1CC1C	1.0	1	0.862	0.719
30	COc1c2c(NS(=O)(=O)c3cc(Cl)c(Cl)cc3)nn(Cc3cccc(C#N)c3)c2ccc1	1.0	1	0.598	0.957
30	COCCNS(=O)(=O)c1ccc(N2C(=O)CCC2=O)cc1	1.0	1	0.621	0.979
30	O=C(NCc1ccc(F)cc1Cc1ccncc1)c1ccccc1	1.0	1	0.723	0.986
30	Cc1nn2c(O)cc(CSc3ccccc3C(F)(F)F)nc2n1	1.0	1	0.647	0.921
30	O=C(NS(=O)(=O)c1cccc(F)c1)c1ccc(Cl)cc1	1.0	1	0.7	0.99
30	NS(=O)(=O)c1ccc(S(=O)(=O)NCc2ccccc2)cc1	1.0	1	0.659	0.99
30	Cc1cc(NC(=O)Cc2ccccc2)ccc1N	1.0	1	0.749	0.993
30	Cc1cc(Oc2ccc(C(=O)NCCN3CCCCC3)cc2)c(C(=O)O)c1CCCCc1ccc(Cl)cc1	0.0	0	0.0	0.0
30	CC(=O)C1=C(O)C(=O)N(c2ccc(C)cc2)C1c1cc(Br)ccc1	1.0	1	0.991	0.948
30	CC(C)c1ccc(S(=O)(=O)Nc2ccc(Cl)c3ccncc23)cc1	1.0	1	0.699	0.978
30	CC(=O)C1=C(O)C(=O)N(c2ccc(C)cc2)C1C1CCCCCC1	1.0	1	0.974	0.929
30	CCOC(=O)N1CCCN(C(=O)c2cc(Cl)c(Cl)cc2)CC1	1.0	1	0.767	0.986
