Name,ROCS_ShapeQuery,ROCS_TanimotoCombo,ROCS_ShapeTanimoto,ROCS_ColorTanimoto,ROCS_RefTversky,ROCS_RefColorTversky,ROCS_RefTverskyCombo,ROCS_FitTversky,ROCS_FitColorTversky,ROCS_FitTverskyCombo,ROCS_ColorScore,ROCS_Overlap,active,LingosSimilarity,Rank
ZINC03815825_136,1C5T.pdb_1GJ6.pdb_1QBO.pdb,0.686 ,0.370 ,0.316 ,0.349 ,0.411 ,0.760 ,1.191 ,0.578 ,1.770 ,-8.303,2148.244,1,0.253731,1
ZINC04617942_141,1C5T.pdb_1GJ6.pdb_1QBO.pdb,0.685 ,0.399 ,0.286 ,0.357 ,0.381 ,0.738 ,1.425 ,0.536 ,1.960 ,-7.689,2191.419,1,0.102222,2
ZINC04617942_141,1C5T.pdb_1GJ6.pdb_1QBO.pdb,0.685 ,0.399 ,0.286 ,0.357 ,0.381 ,0.738 ,1.425 ,0.536 ,1.960 ,-7.689,2191.419,1,0.102222,3
ZINC04617941_149,1C5T.pdb_1GJ6.pdb_1QBO.pdb,0.678 ,0.379 ,0.299 ,0.337 ,0.393 ,0.731 ,1.488 ,0.553 ,2.041 ,-7.946,2068.335,1,0.112676,4
ZINC04617941_149,1C5T.pdb_1GJ6.pdb_1QBO.pdb,0.678 ,0.379 ,0.299 ,0.337 ,0.393 ,0.731 ,1.488 ,0.553 ,2.041 ,-7.946,2068.335,1,0.112676,5
ZINC03960308_161,1C5T.pdb_1GJ6.pdb_1QBO.pdb,0.650 ,0.373 ,0.277 ,0.360 ,0.351 ,0.711 ,1.109 ,0.567 ,1.677 ,-7.057,2218.842,0,0.167421,6
ZINC00597948_33,1C5T.pdb_1GJ6.pdb_1QBO.pdb,0.638 ,0.376 ,0.261 ,0.357 ,0.364 ,0.721 ,1.169 ,0.481 ,1.650 ,-7.361,2199.305,0,0.038462,7
ZINC03815825_107,1C5T.pdb_1GJ6.pdb_1QBO.pdb,0.635 ,0.369 ,0.266 ,0.348 ,0.360 ,0.708 ,1.189 ,0.506 ,1.695 ,-7.262,2143.076,1,0.236715,8
ZINC03987406_46,1C5T.pdb_1GJ6.pdb_1QBO.pdb,0.633 ,0.349 ,0.284 ,0.327 ,0.369 ,0.696 ,1.232 ,0.554 ,1.786 ,-7.425,2011.326,0,0.103286,9
ZINC04633604_89,1C5T.pdb_1GJ6.pdb_1QBO.pdb,0.627 ,0.395 ,0.232 ,0.357 ,0.322 ,0.679 ,1.377 ,0.453 ,1.831 ,-6.505,2192.361,0,0.098655,10
ZINC03785220_140,1C5T.pdb_1GJ6.pdb_1QBO.pdb,0.626 ,0.438 ,0.188 ,0.396 ,0.278 ,0.673 ,1.322 ,0.367 ,1.689 ,-5.620,2436.752,0,0.115556,11
ZINC03785211_119,1C5T.pdb_1GJ6.pdb_1QBO.pdb,0.626 ,0.432 ,0.194 ,0.388 ,0.278 ,0.666 ,1.356 ,0.391 ,1.748 ,-5.620,2385.697,0,0.116592,12
ZINC03987397_56,1C5T.pdb_1GJ6.pdb_1QBO.pdb,0.618 ,0.378 ,0.240 ,0.346 ,0.323 ,0.668 ,1.329 ,0.485 ,1.815 ,-6.501,2123.245,0,0.103286,13
ZINC03815826_136,1C5T.pdb_1GJ6.pdb_1QBO.pdb,0.612 ,0.376 ,0.236 ,0.336 ,0.361 ,0.698 ,1.454 ,0.405 ,1.859 ,-7.373,2063.269,1,0.071429,14
ZINC03790011_31,1C5T.pdb_1GJ6.pdb_1QBO.pdb,0.609 ,0.430 ,0.179 ,0.389 ,0.267 ,0.655 ,1.327 ,0.353 ,1.680 ,-5.401,2392.930,0,0.116071,15
ZINC04393950_180,1C5T.pdb_1GJ6.pdb_1QBO.pdb,0.608 ,0.439 ,0.169 ,0.399 ,0.266 ,0.665 ,1.298 ,0.315 ,1.613 ,-5.412,2457.088,0,0.121622,16
ZINC03790022_16,1C5T.pdb_1GJ6.pdb_1QBO.pdb,0.608 ,0.428 ,0.180 ,0.385 ,0.268 ,0.653 ,1.356 ,0.354 ,1.710 ,-5.428,2366.226,0,0.106667,17
ZINC02975662_198,1C5T.pdb_1GJ6.pdb_1QBO.pdb,0.608 ,0.454 ,0.154 ,0.416 ,0.240 ,0.656 ,1.253 ,0.299 ,1.552 ,-4.870,2566.293,0,0.107143,18
ZINC04150044_97,1C5T.pdb_1GJ6.pdb_1QBO.pdb,0.605 ,0.443 ,0.163 ,0.404 ,0.252 ,0.656 ,1.272 ,0.315 ,1.587 ,-5.114,2492.098,0,0.050193,19
ZINC03834125_184,1C5T.pdb_1GJ6.pdb_1QBO.pdb,0.603 ,0.365 ,0.238 ,0.356 ,0.328 ,0.684 ,1.078 ,0.462 ,1.541 ,-6.630,2194.440,1,0.183036,20
ZINC02242841_175,1C5T.pdb_1GJ6.pdb_1QBO.pdb,0.602 ,0.401 ,0.201 ,0.370 ,0.306 ,0.676 ,1.270 ,0.369 ,1.639 ,-6.225,2274.543,0,0.048246,21
ZINC03785241_175,1C5T.pdb_1GJ6.pdb_1QBO.pdb,0.596 ,0.444 ,0.152 ,0.402 ,0.232 ,0.634 ,1.302 ,0.307 ,1.609 ,-4.699,2478.190,0,0.052419,22
ZINC01535955_119,1C5T.pdb_1GJ6.pdb_1QBO.pdb,0.596 ,0.417 ,0.179 ,0.378 ,0.259 ,0.637 ,1.332 ,0.364 ,1.696 ,-5.235,2325.368,0,0.050420,23
ZINC03938552_29,1C5T.pdb_1GJ6.pdb_1QBO.pdb,0.595 ,0.349 ,0.246 ,0.335 ,0.320 ,0.655 ,1.133 ,0.517 ,1.650 ,-6.431,2064.677,0,0.142202,24
ZINC02654818_90,1C5T.pdb_1GJ6.pdb_1QBO.pdb,0.595 ,0.418 ,0.176 ,0.383 ,0.257 ,0.640 ,1.282 ,0.361 ,1.643 ,-5.182,2359.094,0,0.067227,25
ZINC01902817_63,1C5T.pdb_1GJ6.pdb_1QBO.pdb,0.595 ,0.363 ,0.232 ,0.339 ,0.322 ,0.661 ,1.246 ,0.454 ,1.700 ,-6.509,2083.874,0,0.136364,26
ZINC03959453_171,1C5T.pdb_1GJ6.pdb_1QBO.pdb,0.590 ,0.388 ,0.202 ,0.357 ,0.280 ,0.637 ,1.290 ,0.421 ,1.711 ,-5.644,2193.979,0,0.118182,27
ZINC01548106_189,1C5T.pdb_1GJ6.pdb_1QBO.pdb,0.589 ,0.384 ,0.205 ,0.342 ,0.251 ,0.593 ,1.477 ,0.523 ,2.000 ,-5.016,2098.041,0,0.135922,28
ZINC03987402_65,1C5T.pdb_1GJ6.pdb_1QBO.pdb,0.588 ,0.347 ,0.241 ,0.327 ,0.323 ,0.651 ,1.204 ,0.487 ,1.691 ,-6.515,2013.600,0,0.097674,29
ZINC03981735_184,1C5T.pdb_1GJ6.pdb_1QBO.pdb,0.588 ,0.362 ,0.227 ,0.342 ,0.308 ,0.649 ,1.193 ,0.463 ,1.656 ,-6.198,2102.428,0,0.104803,30
ZINC02952670_12,1C5T.pdb_1GJ6.pdb_1QBO.pdb,0.588 ,0.368 ,0.220 ,0.349 ,0.301 ,0.649 ,1.178 ,0.452 ,1.630 ,-6.059,2147.072,0,0.080717,31
ZINC03938554_60,1C5T.pdb_1GJ6.pdb_1QBO.pdb,0.586 ,0.349 ,0.237 ,0.335 ,0.319 ,0.655 ,1.130 ,0.480 ,1.611 ,-6.431,2064.677,0,0.136986,32
ZINC03820532_135,1C5T.pdb_1GJ6.pdb_1QBO.pdb,0.585 ,0.388 ,0.197 ,0.356 ,0.266 ,0.623 ,1.292 ,0.431 ,1.722 ,-5.354,2191.497,0,0.133641,33
ZINC03815826_100,1C5T.pdb_1GJ6.pdb_1QBO.pdb,0.585 ,0.360 ,0.225 ,0.326 ,0.347 ,0.673 ,1.409 ,0.389 ,1.798 ,-7.080,2000.291,1,0.081897,34
ZINC03815826_100,1C5T.pdb_1GJ6.pdb_1QBO.pdb,0.585 ,0.360 ,0.225 ,0.326 ,0.347 ,0.673 ,1.409 ,0.389 ,1.798 ,-7.080,2000.291,1,0.081897,35
ZINC03841660_11,1C5T.pdb_1GJ6.pdb_1QBO.pdb,0.584 ,0.430 ,0.154 ,0.389 ,0.235 ,0.623 ,1.326 ,0.310 ,1.636 ,-4.748,2393.870,0,0.035573,36
ZINC03841640_94,1C5T.pdb_1GJ6.pdb_1QBO.pdb,0.582 ,0.430 ,0.152 ,0.393 ,0.220 ,0.613 ,1.280 ,0.331 ,1.611 ,-4.435,2419.747,0,0.039370,37
ZINC03987403_49,1C5T.pdb_1GJ6.pdb_1QBO.pdb,0.579 ,0.346 ,0.233 ,0.336 ,0.323 ,0.659 ,1.091 ,0.455 ,1.546 ,-6.523,2070.010,0,0.162037,38
ZINC03941269_1,1C5T.pdb_1GJ6.pdb_1QBO.pdb,0.579 ,0.379 ,0.199 ,0.360 ,0.325 ,0.685 ,1.165 ,0.341 ,1.506 ,-6.650,2216.428,0,0.101961,39
ZINC01550309_48,1C5T.pdb_1GJ6.pdb_1QBO.pdb,0.578 ,0.350 ,0.228 ,0.328 ,0.309 ,0.638 ,1.233 ,0.465 ,1.698 ,-6.227,2019.324,0,0.116279,40
ZINC03832370_145,1C5T.pdb_1GJ6.pdb_1QBO.pdb,0.577 ,0.348 ,0.229 ,0.340 ,0.311 ,0.650 ,1.075 ,0.466 ,1.541 ,-6.262,2092.996,1,0.152466,41
ZINC03987407_2,1C5T.pdb_1GJ6.pdb_1QBO.pdb,0.576 ,0.325 ,0.251 ,0.313 ,0.325 ,0.638 ,1.130 ,0.525 ,1.654 ,-6.527,1927.295,0,0.122066,42
ZINC03816706_145,1C5T.pdb_1GJ6.pdb_1QBO.pdb,0.576 ,0.340 ,0.235 ,0.327 ,0.343 ,0.671 ,1.133 ,0.428 ,1.562 ,-6.969,2013.765,0,0.127753,43
ZINC03950795_75,1C5T.pdb_1GJ6.pdb_1QBO.pdb,0.575 ,0.360 ,0.215 ,0.337 ,0.303 ,0.639 ,1.236 ,0.426 ,1.662 ,-6.113,2070.740,0,0.136986,44
ZINC03933732_107,1C5T.pdb_1GJ6.pdb_1QBO.pdb,0.575 ,0.377 ,0.197 ,0.343 ,0.267 ,0.610 ,1.357 ,0.430 ,1.787 ,-5.366,2108.851,0,0.109589,45
ZINC01541278_76,1C5T.pdb_1GJ6.pdb_1QBO.pdb,0.575 ,0.345 ,0.231 ,0.318 ,0.295 ,0.612 ,1.327 ,0.514 ,1.841 ,-5.909,1949.643,0,0.130435,46
ZINC03842084_35,1C5T.pdb_1GJ6.pdb_1QBO.pdb,0.574 ,0.385 ,0.189 ,0.360 ,0.272 ,0.631 ,1.221 ,0.383 ,1.604 ,-5.492,2213.386,0,0.035857,47
ZINC03834156_74,1C5T.pdb_1GJ6.pdb_1QBO.pdb,0.574 ,0.343 ,0.231 ,0.321 ,0.295 ,0.616 ,1.256 ,0.514 ,1.771 ,-5.911,1971.915,1,0.123288,48
ZINC01631479_49,1C5T.pdb_1GJ6.pdb_1QBO.pdb,0.572 ,0.389 ,0.183 ,0.365 ,0.280 ,0.645 ,1.209 ,0.344 ,1.553 ,-5.694,2246.495,0,0.066667,49
ZINC03985882_123,1C5T.pdb_1GJ6.pdb_1QBO.pdb,0.571 ,0.372 ,0.199 ,0.351 ,0.276 ,0.627 ,1.195 ,0.415 ,1.611 ,-5.558,2158.665,0,0.139130,50
ZINC03185845_60,1C5T.pdb_1GJ6.pdb_1QBO.pdb,0.571 ,0.365 ,0.206 ,0.338 ,0.287 ,0.625 ,1.280 ,0.422 ,1.701 ,-5.776,2079.292,0,0.075472,51
ZINC01549765_114,1C5T.pdb_1GJ6.pdb_1QBO.pdb,0.571 ,0.367 ,0.203 ,0.343 ,0.274 ,0.617 ,1.233 ,0.442 ,1.675 ,-5.501,2111.706,0,0.134259,52
ZINC03817194_99,1C5T.pdb_1GJ6.pdb_1QBO.pdb,0.569 ,0.409 ,0.160 ,0.372 ,0.263 ,0.634 ,1.324 ,0.290 ,1.614 ,-5.365,2285.920,0,0.110092,53
ZINC03952614_163,1C5T.pdb_1GJ6.pdb_1QBO.pdb,0.568 ,0.367 ,0.201 ,0.349 ,0.271 ,0.620 ,1.160 ,0.438 ,1.598 ,-5.449,2150.332,0,0.121739,54
ZINC03807302_86,1C5T.pdb_1GJ6.pdb_1QBO.pdb,0.568 ,0.390 ,0.178 ,0.367 ,0.265 ,0.632 ,1.196 ,0.351 ,1.547 ,-5.367,2260.285,0,0.139130,55
ZINC03959484_163,1C5T.pdb_1GJ6.pdb_1QBO.pdb,0.567 ,0.357 ,0.209 ,0.328 ,0.265 ,0.593 ,1.326 ,0.502 ,1.828 ,-5.289,2016.050,0,0.160976,56
ZINC03819390_3,1C5T.pdb_1GJ6.pdb_1QBO.pdb,0.567 ,0.388 ,0.179 ,0.361 ,0.246 ,0.607 ,1.239 ,0.398 ,1.636 ,-4.949,2221.928,0,0.154206,57
ZINC03818898_119,1C5T.pdb_1GJ6.pdb_1QBO.pdb,0.567 ,0.376 ,0.191 ,0.344 ,0.259 ,0.603 ,1.332 ,0.418 ,1.750 ,-5.207,2115.119,0,0.046610,58
ZINC03818898_119,1C5T.pdb_1GJ6.pdb_1QBO.pdb,0.567 ,0.376 ,0.191 ,0.344 ,0.259 ,0.603 ,1.332 ,0.418 ,1.750 ,-5.207,2115.119,0,0.046610,59
ZINC03817194_98,1C5T.pdb_1GJ6.pdb_1QBO.pdb,0.567 ,0.408 ,0.159 ,0.371 ,0.262 ,0.633 ,1.324 ,0.289 ,1.613 ,-5.344,2282.426,0,0.108108,60
ZINC03627213_4,1C5T.pdb_1GJ6.pdb_1QBO.pdb,0.567 ,0.438 ,0.128 ,0.398 ,0.195 ,0.593 ,1.298 ,0.274 ,1.571 ,-3.936,2453.975,0,0.086207,61
ZINC03959458_127,1C5T.pdb_1GJ6.pdb_1QBO.pdb,0.566 ,0.378 ,0.189 ,0.348 ,0.242 ,0.590 ,1.294 ,0.460 ,1.754 ,-4.847,2138.721,0,0.130233,62
ZINC02860446_145,1C5T.pdb_1GJ6.pdb_1QBO.pdb,0.566 ,0.381 ,0.184 ,0.365 ,0.267 ,0.632 ,1.134 ,0.374 ,1.508 ,-5.384,2250.431,0,0.089744,63
ZINC03841071_39,1C5T.pdb_1GJ6.pdb_1QBO.pdb,0.564 ,0.378 ,0.186 ,0.349 ,0.268 ,0.617 ,1.287 ,0.377 ,1.664 ,-5.412,2145.298,0,0.023810,64
ZINC04356859_47,1C5T.pdb_1GJ6.pdb_1QBO.pdb,0.562 ,0.385 ,0.177 ,0.352 ,0.230 ,0.582 ,1.314 ,0.437 ,1.751 ,-4.600,2166.072,0,0.075556,65
ZINC03852887_79,1C5T.pdb_1GJ6.pdb_1QBO.pdb,0.562 ,0.359 ,0.202 ,0.341 ,0.280 ,0.621 ,1.172 ,0.422 ,1.593 ,-5.641,2100.940,0,0.032520,66
ZINC02654819_66,1C5T.pdb_1GJ6.pdb_1QBO.pdb,0.562 ,0.396 ,0.166 ,0.368 ,0.244 ,0.612 ,1.233 ,0.343 ,1.576 ,-4.923,2268.660,0,0.067511,67
ZINC03980301_2,1C5T.pdb_1GJ6.pdb_1QBO.pdb,0.561 ,0.411 ,0.150 ,0.377 ,0.217 ,0.594 ,1.283 ,0.326 ,1.608 ,-4.368,2319.683,0,0.059829,68
ZINC02138945_117,1C5T.pdb_1GJ6.pdb_1QBO.pdb,0.561 ,0.410 ,0.151 ,0.377 ,0.224 ,0.602 ,1.272 ,0.314 ,1.586 ,-4.534,2323.443,0,0.058824,69
ZINC00978047_46,1C5T.pdb_1GJ6.pdb_1QBO.pdb,0.559 ,0.344 ,0.215 ,0.326 ,0.303 ,0.629 ,1.192 ,0.426 ,1.618 ,-6.115,2005.714,0,0.064220,70
ZINC03960678_120,1C5T.pdb_1GJ6.pdb_1QBO.pdb,0.558 ,0.399 ,0.159 ,0.368 ,0.248 ,0.615 ,1.272 ,0.309 ,1.581 ,-5.023,2263.271,0,0.037594,71
ZINC03874810_176,1C5T.pdb_1GJ6.pdb_1QBO.pdb,0.558 ,0.379 ,0.178 ,0.355 ,0.286 ,0.641 ,1.218 ,0.321 ,1.539 ,-5.834,2187.454,0,0.042146,72
ZINC03816706_55,1C5T.pdb_1GJ6.pdb_1QBO.pdb,0.558 ,0.407 ,0.152 ,0.372 ,0.237 ,0.610 ,1.292 ,0.296 ,1.588 ,-4.819,2291.517,0,0.120690,73
ZINC03670360_144,1C5T.pdb_1GJ6.pdb_1QBO.pdb,0.558 ,0.434 ,0.124 ,0.393 ,0.184 ,0.577 ,1.318 ,0.277 ,1.596 ,-3.711,2418.448,0,0.065217,74
ZINC04004628_113,1C5T.pdb_1GJ6.pdb_1QBO.pdb,0.557 ,0.418 ,0.140 ,0.384 ,0.228 ,0.612 ,1.266 ,0.265 ,1.531 ,-4.646,2365.167,0,0.047009,75
ZINC03867942_157,1C5T.pdb_1GJ6.pdb_1QBO.pdb,0.557 ,0.361 ,0.196 ,0.331 ,0.266 ,0.597 ,1.338 ,0.429 ,1.767 ,-5.336,2033.299,0,0.063348,76
ZINC03841097_173,1C5T.pdb_1GJ6.pdb_1QBO.pdb,0.557 ,0.376 ,0.181 ,0.352 ,0.262 ,0.614 ,1.217 ,0.368 ,1.586 ,-5.285,2169.199,0,0.027559,77
ZINC03834135_195,1C5T.pdb_1GJ6.pdb_1QBO.pdb,0.557 ,0.356 ,0.201 ,0.335 ,0.263 ,0.599 ,1.204 ,0.459 ,1.663 ,-5.281,2062.904,1,0.140909,78
ZINC03545191_97,1C5T.pdb_1GJ6.pdb_1QBO.pdb,0.556 ,0.357 ,0.199 ,0.334 ,0.286 ,0.620 ,1.236 ,0.394 ,1.631 ,-5.775,2056.381,0,0.070093,79
ZINC03820532_145,1C5T.pdb_1GJ6.pdb_1QBO.pdb,0.555 ,0.381 ,0.174 ,0.352 ,0.240 ,0.592 ,1.275 ,0.388 ,1.663 ,-4.825,2163.030,0,0.131222,80
ZINC03500143_123,1C5T.pdb_1GJ6.pdb_1QBO.pdb,0.555 ,0.391 ,0.164 ,0.350 ,0.210 ,0.560 ,1.433 ,0.426 ,1.859 ,-4.196,2146.445,0,0.076555,81
ZINC02129136_123,1C5T.pdb_1GJ6.pdb_1QBO.pdb,0.555 ,0.404 ,0.151 ,0.371 ,0.224 ,0.596 ,1.280 ,0.314 ,1.594 ,-4.534,2285.672,0,0.056000,82
ZINC04222430_160,1C5T.pdb_1GJ6.pdb_1QBO.pdb,0.554 ,0.419 ,0.135 ,0.385 ,0.214 ,0.599 ,1.272 ,0.268 ,1.540 ,-4.351,2370.339,0,0.031250,83
ZINC03971723_81,1C5T.pdb_1GJ6.pdb_1QBO.pdb,0.554 ,0.396 ,0.158 ,0.359 ,0.215 ,0.574 ,1.358 ,0.375 ,1.734 ,-4.307,2204.935,0,0.083333,84
ZINC03640529_172,1C5T.pdb_1GJ6.pdb_1QBO.pdb,0.554 ,0.406 ,0.148 ,0.376 ,0.234 ,0.610 ,1.247 ,0.286 ,1.534 ,-4.744,2315.308,0,0.056522,85
ZINC03859051_171,1C5T.pdb_1GJ6.pdb_1QBO.pdb,0.553 ,0.395 ,0.158 ,0.358 ,0.221 ,0.579 ,1.363 ,0.357 ,1.719 ,-4.443,2198.453,0,0.110599,86
ZINC03819377_65,1C5T.pdb_1GJ6.pdb_1QBO.pdb,0.553 ,0.357 ,0.196 ,0.337 ,0.266 ,0.603 ,1.198 ,0.430 ,1.628 ,-5.341,2073.913,0,0.081545,87
ZINC01903301_25,1C5T.pdb_1GJ6.pdb_1QBO.pdb,0.553 ,0.320 ,0.233 ,0.325 ,0.349 ,0.674 ,0.954 ,0.412 ,1.366 ,-7.104,2004.264,0,0.155251,88
ZINC01631658_130,1C5T.pdb_1GJ6.pdb_1QBO.pdb,0.553 ,0.375 ,0.179 ,0.359 ,0.287 ,0.646 ,1.132 ,0.322 ,1.454 ,-5.844,2213.516,0,0.068548,89
ZINC03870904_135,1C5T.pdb_1GJ6.pdb_1QBO.pdb,0.552 ,0.368 ,0.184 ,0.349 ,0.244 ,0.593 ,1.176 ,0.426 ,1.603 ,-4.898,2148.690,0,0.159817,90
ZINC03816706_112,1C5T.pdb_1GJ6.pdb_1QBO.pdb,0.552 ,0.407 ,0.146 ,0.373 ,0.229 ,0.602 ,1.289 ,0.286 ,1.575 ,-4.652,2293.445,0,0.121739,91
ZINC03447479_140,1C5T.pdb_1GJ6.pdb_1QBO.pdb,0.552 ,0.367 ,0.185 ,0.342 ,0.240 ,0.582 ,1.245 ,0.444 ,1.689 ,-4.802,2106.416,0,0.084507,92
ZINC02866540_153,1C5T.pdb_1GJ6.pdb_1QBO.pdb,0.552 ,0.369 ,0.182 ,0.341 ,0.249 ,0.591 ,1.285 ,0.403 ,1.688 ,-5.011,2099.233,0,0.075893,93
ZINC03834155_161,1C5T.pdb_1GJ6.pdb_1QBO.pdb,0.552 ,0.360 ,0.192 ,0.337 ,0.254 ,0.590 ,1.234 ,0.443 ,1.676 ,-5.087,2070.075,1,0.141553,94
ZINC04237001_147,1C5T.pdb_1GJ6.pdb_1QBO.pdb,0.551 ,0.370 ,0.182 ,0.350 ,0.263 ,0.613 ,1.180 ,0.370 ,1.551 ,-5.312,2153.875,0,0.027344,95
ZINC03948981_35,1C5T.pdb_1GJ6.pdb_1QBO.pdb,0.551 ,0.339 ,0.212 ,0.321 ,0.283 ,0.604 ,1.197 ,0.457 ,1.654 ,-5.685,1973.574,0,0.096070,96
ZINC03928466_117,1C5T.pdb_1GJ6.pdb_1QBO.pdb,0.551 ,0.357 ,0.194 ,0.340 ,0.255 ,0.595 ,1.167 ,0.446 ,1.613 ,-5.120,2091.033,0,0.129464,97
ZINC02860445_67,1C5T.pdb_1GJ6.pdb_1QBO.pdb,0.551 ,0.389 ,0.163 ,0.370 ,0.240 ,0.610 ,1.149 ,0.337 ,1.486 ,-4.840,2280.949,0,0.090129,98
ZINC01909195_102,1C5T.pdb_1GJ6.pdb_1QBO.pdb,0.551 ,0.316 ,0.235 ,0.312 ,0.343 ,0.655 ,1.042 ,0.428 ,1.470 ,-6.957,1922.327,0,0.105485,99
ZINC03867942_5,1C5T.pdb_1GJ6.pdb_1QBO.pdb,0.550 ,0.365 ,0.184 ,0.334 ,0.252 ,0.586 ,1.349 ,0.406 ,1.756 ,-5.064,2049.832,0,0.062222,100
ZINC03791571_54,1C5T.pdb_1GJ6.pdb_1QBO.pdb,0.550 ,0.334 ,0.216 ,0.314 ,0.280 ,0.594 ,1.227 ,0.488 ,1.716 ,-5.610,1931.824,0,0.095023,101
ZINC02130616_38,1C5T.pdb_1GJ6.pdb_1QBO.pdb,0.550 ,0.373 ,0.176 ,0.353 ,0.264 ,0.617 ,1.184 ,0.347 ,1.531 ,-5.345,2172.016,0,0.073770,102
ZINC04103307_65,1C5T.pdb_1GJ6.pdb_1QBO.pdb,0.549 ,0.362 ,0.187 ,0.348 ,0.302 ,0.650 ,1.132 ,0.328 ,1.460 ,-6.169,2141.463,0,0.088106,103
ZINC03997172_54,1C5T.pdb_1GJ6.pdb_1QBO.pdb,0.549 ,0.370 ,0.179 ,0.347 ,0.253 ,0.600 ,1.220 ,0.381 ,1.600 ,-5.099,2133.078,0,0.099099,104
ZINC03997172_76,1C5T.pdb_1GJ6.pdb_1QBO.pdb,0.549 ,0.370 ,0.179 ,0.347 ,0.253 ,0.600 ,1.219 ,0.381 ,1.600 ,-5.102,2133.221,0,0.100917,105
ZINC03775827_12,1C5T.pdb_1GJ6.pdb_1QBO.pdb,0.549 ,0.368 ,0.181 ,0.340 ,0.262 ,0.602 ,1.294 ,0.369 ,1.663 ,-5.290,2088.596,0,0.070175,106
ZINC03775827_12,1C5T.pdb_1GJ6.pdb_1QBO.pdb,0.549 ,0.368 ,0.180 ,0.340 ,0.261 ,0.601 ,1.293 ,0.368 ,1.661 ,-5.275,2088.729,0,0.076233,107
ZINC01372730_76,1C5T.pdb_1GJ6.pdb_1QBO.pdb,0.549 ,0.393 ,0.156 ,0.365 ,0.220 ,0.586 ,1.238 ,0.347 ,1.585 ,-4.432,2248.588,0,0.096330,108
ZINC03818898_104,1C5T.pdb_1GJ6.pdb_1QBO.pdb,0.548 ,0.379 ,0.169 ,0.346 ,0.234 ,0.580 ,1.339 ,0.378 ,1.717 ,-4.698,2127.484,0,0.042918,109
ZINC00581841_15,1C5T.pdb_1GJ6.pdb_1QBO.pdb,0.548 ,0.396 ,0.152 ,0.369 ,0.231 ,0.600 ,1.233 ,0.306 ,1.539 ,-4.679,2271.493,0,0.093750,110
ZINC03819224_187,1C5T.pdb_1GJ6.pdb_1QBO.pdb,0.547 ,0.364 ,0.183 ,0.342 ,0.264 ,0.607 ,1.208 ,0.372 ,1.580 ,-5.336,2107.389,0,0.106195,111
ZINC03528794_115,1C5T.pdb_1GJ6.pdb_1QBO.pdb,0.547 ,0.390 ,0.158 ,0.354 ,0.210 ,0.564 ,1.347 ,0.388 ,1.735 ,-4.197,2176.387,0,0.079070,112
ZINC04260555_24,1C5T.pdb_1GJ6.pdb_1QBO.pdb,0.546 ,0.378 ,0.169 ,0.362 ,0.260 ,0.622 ,1.134 ,0.325 ,1.459 ,-5.285,2228.579,0,0.047059,113
ZINC03839227_29,1C5T.pdb_1GJ6.pdb_1QBO.pdb,0.546 ,0.381 ,0.164 ,0.355 ,0.229 ,0.583 ,1.244 ,0.369 ,1.614 ,-4.593,2183.508,0,0.042017,114
ZINC02952070_196,1C5T.pdb_1GJ6.pdb_1QBO.pdb,0.546 ,0.387 ,0.160 ,0.360 ,0.229 ,0.590 ,1.234 ,0.344 ,1.578 ,-4.619,2217.361,0,0.051948,115
ZINC04355704_17,1C5T.pdb_1GJ6.pdb_1QBO.pdb,0.545 ,0.386 ,0.160 ,0.357 ,0.204 ,0.560 ,1.270 ,0.424 ,1.694 ,-4.062,2193.761,0,0.064378,116
ZINC04221337_151,1C5T.pdb_1GJ6.pdb_1QBO.pdb,0.545 ,0.371 ,0.174 ,0.336 ,0.226 ,0.562 ,1.391 ,0.430 ,1.820 ,-4.528,2060.625,0,0.080189,117
ZINC02222760_127,1C5T.pdb_1GJ6.pdb_1QBO.pdb,0.545 ,0.363 ,0.182 ,0.351 ,0.249 ,0.600 ,1.109 ,0.402 ,1.512 ,-5.010,2162.537,0,0.105263,118
ZINC01535967_98,1C5T.pdb_1GJ6.pdb_1QBO.pdb,0.545 ,0.341 ,0.204 ,0.312 ,0.259 ,0.571 ,1.380 ,0.492 ,1.871 ,-5.180,1912.258,0,0.082192,119
ZINC03834131_126,1C5T.pdb_1GJ6.pdb_1QBO.pdb,0.545 ,0.373 ,0.172 ,0.351 ,0.231 ,0.582 ,1.198 ,0.402 ,1.600 ,-4.623,2162.359,1,0.172093,120
ZINC03977105_99,1C5T.pdb_1GJ6.pdb_1QBO.pdb,0.544 ,0.399 ,0.145 ,0.369 ,0.199 ,0.567 ,1.259 ,0.347 ,1.606 ,-3.985,2269.649,0,0.074890,121
ZINC02712629_128,1C5T.pdb_1GJ6.pdb_1QBO.pdb,0.544 ,0.378 ,0.166 ,0.358 ,0.269 ,0.628 ,1.167 ,0.302 ,1.469 ,-5.493,2207.535,0,0.061947,122
ZINC04260539_1,1C5T.pdb_1GJ6.pdb_1QBO.pdb,0.543 ,0.377 ,0.166 ,0.349 ,0.244 ,0.593 ,1.265 ,0.343 ,1.608 ,-4.923,2146.499,0,0.027451,123
ZINC04248899_80,1C5T.pdb_1GJ6.pdb_1QBO.pdb,0.543 ,0.386 ,0.157 ,0.349 ,0.232 ,0.581 ,1.383 ,0.327 ,1.710 ,-4.689,2142.729,0,0.060185,124
ZINC03819987_181,1C5T.pdb_1GJ6.pdb_1QBO.pdb,0.543 ,0.388 ,0.155 ,0.366 ,0.224 ,0.589 ,1.184 ,0.336 ,1.520 ,-4.506,2253.228,0,0.077922,125
ZINC02126774_177,1C5T.pdb_1GJ6.pdb_1QBO.pdb,0.543 ,0.393 ,0.151 ,0.365 ,0.230 ,0.596 ,1.234 ,0.303 ,1.537 ,-4.661,2249.873,0,0.055777,126
ZINC01909869_49,1C5T.pdb_1GJ6.pdb_1QBO.pdb,0.543 ,0.371 ,0.172 ,0.348 ,0.238 ,0.586 ,1.218 ,0.384 ,1.602 ,-4.779,2141.183,0,0.117117,127
ZINC01909079_145,1C5T.pdb_1GJ6.pdb_1QBO.pdb,0.543 ,0.392 ,0.151 ,0.357 ,0.242 ,0.599 ,1.327 ,0.286 ,1.613 ,-4.919,2197.287,0,0.037344,128
ZINC01549839_37,1C5T.pdb_1GJ6.pdb_1QBO.pdb,0.543 ,0.347 ,0.195 ,0.333 ,0.272 ,0.605 ,1.144 ,0.409 ,1.553 ,-5.476,2048.514,0,0.134884,129
ZINC00852447_60,1C5T.pdb_1GJ6.pdb_1QBO.pdb,0.543 ,0.378 ,0.165 ,0.349 ,0.216 ,0.565 ,1.284 ,0.411 ,1.695 ,-4.323,2145.667,0,0.069869,130
ZINC03919155_14,1C5T.pdb_1GJ6.pdb_1QBO.pdb,0.542 ,0.365 ,0.177 ,0.344 ,0.244 ,0.588 ,1.195 ,0.394 ,1.588 ,-4.896,2119.925,0,0.098712,131
ZINC03828686_82,1C5T.pdb_1GJ6.pdb_1QBO.pdb,0.542 ,0.370 ,0.172 ,0.349 ,0.244 ,0.593 ,1.193 ,0.367 ,1.560 ,-4.915,2149.096,0,0.158140,132
ZINC03405782_86,1C5T.pdb_1GJ6.pdb_1QBO.pdb,0.542 ,0.380 ,0.162 ,0.348 ,0.219 ,0.567 ,1.314 ,0.383 ,1.697 ,-4.396,2140.142,0,0.091703,133
ZINC03393907_185,1C5T.pdb_1GJ6.pdb_1QBO.pdb,0.542 ,0.383 ,0.159 ,0.350 ,0.211 ,0.561 ,1.332 ,0.390 ,1.722 ,-4.221,2148.721,0,0.110048,134
ZINC02401823_63,1C5T.pdb_1GJ6.pdb_1QBO.pdb,0.542 ,0.369 ,0.172 ,0.346 ,0.238 ,0.585 ,1.217 ,0.384 ,1.601 ,-4.784,2132.109,0,0.061947,135
ZINC01545941_22,1C5T.pdb_1GJ6.pdb_1QBO.pdb,0.542 ,0.330 ,0.212 ,0.322 ,0.323 ,0.645 ,1.084 ,0.381 ,1.465 ,-6.563,1982.492,0,0.122172,136
ZINC01536002_168,1C5T.pdb_1GJ6.pdb_1QBO.pdb,0.542 ,0.423 ,0.119 ,0.384 ,0.196 ,0.580 ,1.320 ,0.232 ,1.552 ,-3.997,2362.016,0,0.055085,137
ZINC03977123_30,1C5T.pdb_1GJ6.pdb_1QBO.pdb,0.541 ,0.406 ,0.135 ,0.377 ,0.193 ,0.570 ,1.233 ,0.311 ,1.544 ,-3.870,2323.027,0,0.069565,138
ZINC02131330_3,1C5T.pdb_1GJ6.pdb_1QBO.pdb,0.541 ,0.389 ,0.153 ,0.368 ,0.233 ,0.601 ,1.165 ,0.307 ,1.472 ,-4.716,2271.368,0,0.066148,139
ZINC04222193_119,1C5T.pdb_1GJ6.pdb_1QBO.pdb,0.540 ,0.370 ,0.170 ,0.343 ,0.229 ,0.572 ,1.273 ,0.399 ,1.672 ,-4.584,2108.625,0,0.072340,140
ZINC03387210_162,1C5T.pdb_1GJ6.pdb_1QBO.pdb,0.540 ,0.414 ,0.126 ,0.367 ,0.181 ,0.548 ,1.443 ,0.293 ,1.736 ,-3.645,2254.379,0,0.071749,141
ZINC03834119_146,1C5T.pdb_1GJ6.pdb_1QBO.pdb,0.540 ,0.344 ,0.195 ,0.329 ,0.257 ,0.586 ,1.156 ,0.449 ,1.604 ,-5.157,2024.624,1,0.183962,142
ZINC03974221_97,1C5T.pdb_1GJ6.pdb_1QBO.pdb,0.539 ,0.386 ,0.153 ,0.354 ,0.214 ,0.569 ,1.300 ,0.346 ,1.646 ,-4.309,2179.750,0,0.021097,143
ZINC03928467_70,1C5T.pdb_1GJ6.pdb_1QBO.pdb,0.539 ,0.379 ,0.159 ,0.357 ,0.222 ,0.580 ,1.194 ,0.359 ,1.554 ,-4.469,2200.563,0,0.165899,144
ZINC03852886_161,1C5T.pdb_1GJ6.pdb_1QBO.pdb,0.539 ,0.349 ,0.191 ,0.334 ,0.267 ,0.600 ,1.148 ,0.401 ,1.549 ,-5.373,2053.708,0,0.054622,145
ZINC03841837_45,1C5T.pdb_1GJ6.pdb_1QBO.pdb,0.539 ,0.364 ,0.175 ,0.346 ,0.262 ,0.608 ,1.164 ,0.347 ,1.511 ,-5.306,2130.961,0,0.019380,146
ZINC03406204_139,1C5T.pdb_1GJ6.pdb_1QBO.pdb,0.539 ,0.381 ,0.158 ,0.345 ,0.210 ,0.555 ,1.376 ,0.388 ,1.764 ,-4.196,2121.566,0,0.071090,147
ZINC01549763_79,1C5T.pdb_1GJ6.pdb_1QBO.pdb,0.539 ,0.333 ,0.207 ,0.318 ,0.293 ,0.611 ,1.157 ,0.412 ,1.569 ,-5.912,1957.218,0,0.125581,148
ZINC03834123_113,1C5T.pdb_1GJ6.pdb_1QBO.pdb,0.539 ,0.349 ,0.189 ,0.345 ,0.280 ,0.624 ,1.039 ,0.370 ,1.409 ,-5.663,2125.970,1,0.143460,149
ZINC04248899_20,1C5T.pdb_1GJ6.pdb_1QBO.pdb,0.538 ,0.381 ,0.157 ,0.345 ,0.233 ,0.578 ,1.370 ,0.327 ,1.698 ,-4.697,2119.534,0,0.059091,150
ZINC03977049_197,1C5T.pdb_1GJ6.pdb_1QBO.pdb,0.538 ,0.405 ,0.133 ,0.374 ,0.185 ,0.559 ,1.255 ,0.322 ,1.577 ,-3.703,2302.201,0,0.074561,151
ZINC03933542_86,1C5T.pdb_1GJ6.pdb_1QBO.pdb,0.538 ,0.352 ,0.186 ,0.340 ,0.261 ,0.601 ,1.113 ,0.393 ,1.506 ,-5.261,2092.581,0,0.155556,152
ZINC01489009_144,1C5T.pdb_1GJ6.pdb_1QBO.pdb,0.538 ,0.379 ,0.159 ,0.351 ,0.215 ,0.567 ,1.262 ,0.376 ,1.638 ,-4.314,2161.900,0,0.076596,153
ZINC03834129_104,1C5T.pdb_1GJ6.pdb_1QBO.pdb,0.538 ,0.337 ,0.201 ,0.330 ,0.271 ,0.601 ,1.066 ,0.438 ,1.504 ,-5.454,2032.607,1,0.147321,154
ZINC03834126_95,1C5T.pdb_1GJ6.pdb_1QBO.pdb,0.538 ,0.351 ,0.187 ,0.328 ,0.240 ,0.568 ,1.257 ,0.456 ,1.713 ,-4.803,2012.715,1,0.136986,155
ZINC03572380_35,1C5T.pdb_1GJ6.pdb_1QBO.pdb,0.537 ,0.388 ,0.150 ,0.351 ,0.207 ,0.558 ,1.367 ,0.352 ,1.719 ,-4.146,2156.845,0,0.084112,156
ZINC02663356_125,1C5T.pdb_1GJ6.pdb_1QBO.pdb,0.537 ,0.325 ,0.213 ,0.313 ,0.302 ,0.615 ,1.135 ,0.417 ,1.552 ,-6.109,1923.536,0,0.063559,157
ZINC03977147_35,1C5T.pdb_1GJ6.pdb_1QBO.pdb,0.536 ,0.385 ,0.151 ,0.354 ,0.206 ,0.560 ,1.292 ,0.360 ,1.651 ,-4.130,2179.494,0,0.039301,158
ZINC03852886_191,1C5T.pdb_1GJ6.pdb_1QBO.pdb,0.536 ,0.360 ,0.177 ,0.341 ,0.250 ,0.591 ,1.174 ,0.376 ,1.550 ,-5.032,2101.251,0,0.049587,159
ZINC03819987_182,1C5T.pdb_1GJ6.pdb_1QBO.pdb,0.536 ,0.377 ,0.160 ,0.358 ,0.229 ,0.587 ,1.160 ,0.345 ,1.505 ,-4.616,2206.121,0,0.076596,160
ZINC03819381_12,1C5T.pdb_1GJ6.pdb_1QBO.pdb,0.536 ,0.363 ,0.174 ,0.338 ,0.233 ,0.571 ,1.255 ,0.407 ,1.661 ,-4.670,2076.420,0,0.069565,161
ZINC03330151_8,1C5T.pdb_1GJ6.pdb_1QBO.pdb,0.536 ,0.386 ,0.150 ,0.360 ,0.207 ,0.567 ,1.231 ,0.354 ,1.585 ,-4.161,2214.915,0,0.101852,162
ZINC02656478_109,1C5T.pdb_1GJ6.pdb_1QBO.pdb,0.536 ,0.398 ,0.138 ,0.359 ,0.192 ,0.551 ,1.381 ,0.328 ,1.709 ,-3.853,2205.548,0,0.080189,163
ZINC01549764_94,1C5T.pdb_1GJ6.pdb_1QBO.pdb,0.536 ,0.329 ,0.207 ,0.318 ,0.293 ,0.611 ,1.120 ,0.412 ,1.533 ,-5.912,1957.368,0,0.139535,164
ZINC00587714_140,1C5T.pdb_1GJ6.pdb_1QBO.pdb,0.536 ,0.361 ,0.175 ,0.336 ,0.229 ,0.565 ,1.265 ,0.424 ,1.689 ,-4.580,2063.660,0,0.119048,165
ZINC03874450_152,1C5T.pdb_1GJ6.pdb_1QBO.pdb,0.535 ,0.397 ,0.137 ,0.358 ,0.218 ,0.576 ,1.379 ,0.272 ,1.650 ,-4.418,2200.771,0,0.037975,166
ZINC03819377_101,1C5T.pdb_1GJ6.pdb_1QBO.pdb,0.535 ,0.366 ,0.169 ,0.343 ,0.234 ,0.577 ,1.222 ,0.377 ,1.599 ,-4.696,2112.164,0,0.080169,167
ZINC03297449_84,1C5T.pdb_1GJ6.pdb_1QBO.pdb,0.535 ,0.382 ,0.153 ,0.354 ,0.210 ,0.565 ,1.259 ,0.359 ,1.618 ,-4.220,2180.066,0,0.106481,168
ZINC02974135_37,1C5T.pdb_1GJ6.pdb_1QBO.pdb,0.535 ,0.397 ,0.138 ,0.373 ,0.213 ,0.585 ,1.201 ,0.281 ,1.482 ,-4.303,2296.352,0,0.102679,169
ZINC02128808_44,1C5T.pdb_1GJ6.pdb_1QBO.pdb,0.535 ,0.346 ,0.188 ,0.339 ,0.266 ,0.605 ,1.071 ,0.392 ,1.463 ,-5.363,2087.791,0,0.080972,170
ZINC01551643_52,1C5T.pdb_1GJ6.pdb_1QBO.pdb,0.535 ,0.383 ,0.151 ,0.354 ,0.213 ,0.567 ,1.276 ,0.344 ,1.620 ,-4.277,2177.957,0,0.167464,171
ZINC01548695_62,1C5T.pdb_1GJ6.pdb_1QBO.pdb,0.535 ,0.367 ,0.167 ,0.345 ,0.245 ,0.591 ,1.208 ,0.345 ,1.554 ,-4.953,2125.166,0,0.133641,172
ZINC03791580_172,1C5T.pdb_1GJ6.pdb_1QBO.pdb,0.534 ,0.343 ,0.191 ,0.327 ,0.268 ,0.594 ,1.164 ,0.402 ,1.566 ,-5.391,2010.183,0,0.101770,173
ZINC03841013_74,1C5T.pdb_1GJ6.pdb_1QBO.pdb,0.533 ,0.385 ,0.148 ,0.360 ,0.221 ,0.581 ,1.223 ,0.311 ,1.534 ,-4.458,2215.759,0,0.035857,174
ZINC01491246_154,1C5T.pdb_1GJ6.pdb_1QBO.pdb,0.533 ,0.390 ,0.143 ,0.362 ,0.214 ,0.576 ,1.243 ,0.301 ,1.544 ,-4.323,2229.273,0,0.078603,175
ZINC00978047_84,1C5T.pdb_1GJ6.pdb_1QBO.pdb,0.533 ,0.341 ,0.192 ,0.324 ,0.276 ,0.599 ,1.184 ,0.387 ,1.572 ,-5.565,1991.798,0,0.070423,176
ZINC03946130_172,1C5T.pdb_1GJ6.pdb_1QBO.pdb,0.532 ,0.366 ,0.165 ,0.345 ,0.230 ,0.575 ,1.200 ,0.371 ,1.572 ,-4.619,2123.404,0,0.087137,177
ZINC03867649_24,1C5T.pdb_1GJ6.pdb_1QBO.pdb,0.532 ,0.364 ,0.168 ,0.332 ,0.220 ,0.551 ,1.364 ,0.417 ,1.781 ,-4.397,2035.472,0,0.103286,178
ZINC03852887_61,1C5T.pdb_1GJ6.pdb_1QBO.pdb,0.532 ,0.333 ,0.199 ,0.322 ,0.276 ,0.599 ,1.109 ,0.416 ,1.525 ,-5.569,1984.195,0,0.054167,179
ZINC03842083_148,1C5T.pdb_1GJ6.pdb_1QBO.pdb,0.532 ,0.358 ,0.174 ,0.332 ,0.253 ,0.585 ,1.289 ,0.356 ,1.645 ,-5.109,2037.468,0,0.020161,180
ZINC03819919_98,1C5T.pdb_1GJ6.pdb_1QBO.pdb,0.532 ,0.384 ,0.148 ,0.353 ,0.203 ,0.557 ,1.290 ,0.354 ,1.644 ,-4.073,2173.358,0,0.053333,181
ZINC03817650_153,1C5T.pdb_1GJ6.pdb_1QBO.pdb,0.532 ,0.365 ,0.167 ,0.349 ,0.238 ,0.587 ,1.147 ,0.358 ,1.505 ,-4.789,2148.932,0,0.180952,182
ZINC03791681_117,1C5T.pdb_1GJ6.pdb_1QBO.pdb,0.532 ,0.342 ,0.190 ,0.314 ,0.244 ,0.558 ,1.359 ,0.463 ,1.821 ,-4.873,1926.903,0,0.081818,183
ZINC02138942_6,1C5T.pdb_1GJ6.pdb_1QBO.pdb,0.532 ,0.378 ,0.154 ,0.356 ,0.229 ,0.585 ,1.200 ,0.321 ,1.521 ,-4.626,2189.114,0,0.059055,184
ZINC02130840_100,1C5T.pdb_1GJ6.pdb_1QBO.pdb,0.532 ,0.374 ,0.157 ,0.350 ,0.233 ,0.583 ,1.233 ,0.326 ,1.559 ,-4.707,2150.826,0,0.044715,185
ZINC04628541_159,1C5T.pdb_1GJ6.pdb_1QBO.pdb,0.531 ,0.364 ,0.167 ,0.348 ,0.238 ,0.586 ,1.145 ,0.358 ,1.503 ,-4.791,2144.183,0,0.178404,186
ZINC04222240_146,1C5T.pdb_1GJ6.pdb_1QBO.pdb,0.531 ,0.401 ,0.130 ,0.365 ,0.191 ,0.556 ,1.325 ,0.288 ,1.613 ,-3.847,2245.882,0,0.071130,187
ZINC04222194_192,1C5T.pdb_1GJ6.pdb_1QBO.pdb,0.531 ,0.361 ,0.170 ,0.332 ,0.229 ,0.561 ,1.316 ,0.399 ,1.715 ,-4.584,2041.840,0,0.068966,188
ZINC03765981_72,1C5T.pdb_1GJ6.pdb_1QBO.pdb,0.531 ,0.384 ,0.147 ,0.367 ,0.213 ,0.581 ,1.132 ,0.320 ,1.453 ,-4.296,2264.993,0,0.076923,189
ZINC01631479_11,1C5T.pdb_1GJ6.pdb_1QBO.pdb,0.531 ,0.388 ,0.143 ,0.363 ,0.221 ,0.585 ,1.207 ,0.288 ,1.495 ,-4.487,2238.457,0,0.065574,190
ZINC03832369_183,1C5T.pdb_1GJ6.pdb_1QBO.pdb,0.531 ,0.356 ,0.175 ,0.330 ,0.261 ,0.591 ,1.280 ,0.345 ,1.626 ,-5.286,2029.494,1,0.063559,191
ZINC03914911_40,1C5T.pdb_1GJ6.pdb_1QBO.pdb,0.530 ,0.416 ,0.114 ,0.385 ,0.202 ,0.587 ,1.240 ,0.207 ,1.447 ,-4.145,2373.715,0,0.041045,192
ZINC03842252_57,1C5T.pdb_1GJ6.pdb_1QBO.pdb,0.530 ,0.331 ,0.199 ,0.312 ,0.277 ,0.588 ,1.227 ,0.416 ,1.643 ,-5.570,1914.564,0,0.110092,193
ZINC03838231_150,1C5T.pdb_1GJ6.pdb_1QBO.pdb,0.530 ,0.333 ,0.197 ,0.322 ,0.281 ,0.604 ,1.110 ,0.396 ,1.506 ,-5.683,1983.335,0,0.138393,194
ZINC03828592_128,1C5T.pdb_1GJ6.pdb_1QBO.pdb,0.530 ,0.348 ,0.182 ,0.326 ,0.250 ,0.576 ,1.234 ,0.404 ,1.637 ,-5.019,2006.932,0,0.121622,195
ZINC03819919_46,1C5T.pdb_1GJ6.pdb_1QBO.pdb,0.530 ,0.380 ,0.150 ,0.350 ,0.206 ,0.556 ,1.280 ,0.358 ,1.638 ,-4.124,2155.402,0,0.052402,196
ZINC02127290_127,1C5T.pdb_1GJ6.pdb_1QBO.pdb,0.530 ,0.386 ,0.144 ,0.357 ,0.210 ,0.567 ,1.272 ,0.314 ,1.586 ,-4.234,2195.168,0,0.070539,197
ZINC00837459_195,1C5T.pdb_1GJ6.pdb_1QBO.pdb,0.530 ,0.405 ,0.125 ,0.363 ,0.180 ,0.543 ,1.401 ,0.291 ,1.692 ,-3.624,2227.760,0,0.096491,198
ZINC03980052_6,1C5T.pdb_1GJ6.pdb_1QBO.pdb,0.529 ,0.394 ,0.135 ,0.361 ,0.203 ,0.565 ,1.301 ,0.286 ,1.587 ,-4.100,2223.455,0,0.047210,199
ZINC03927446_137,1C5T.pdb_1GJ6.pdb_1QBO.pdb,0.529 ,0.324 ,0.205 ,0.315 ,0.283 ,0.598 ,1.102 ,0.425 ,1.527 ,-5.698,1937.914,0,0.084071,200
ZINC03841649_157,1C5T.pdb_1GJ6.pdb_1QBO.pdb,0.529 ,0.381 ,0.148 ,0.352 ,0.221 ,0.573 ,1.274 ,0.310 ,1.585 ,-4.456,2166.324,0,0.019920,201
ZINC03841646_61,1C5T.pdb_1GJ6.pdb_1QBO.pdb,0.529 ,0.379 ,0.149 ,0.356 ,0.228 ,0.584 ,1.208 ,0.301 ,1.509 ,-4.613,2192.887,0,0.027668,202
ZINC03841624_150,1C5T.pdb_1GJ6.pdb_1QBO.pdb,0.529 ,0.365 ,0.163 ,0.341 ,0.234 ,0.575 ,1.238 ,0.352 ,1.589 ,-4.713,2099.207,0,0.028112,203
ZINC03840482_35,1C5T.pdb_1GJ6.pdb_1QBO.pdb,0.529 ,0.365 ,0.164 ,0.340 ,0.228 ,0.568 ,1.253 ,0.369 ,1.622 ,-4.583,2089.095,0,0.082251,204
ZINC00599269_165,1C5T.pdb_1GJ6.pdb_1QBO.pdb,0.529 ,0.324 ,0.205 ,0.312 ,0.268 ,0.581 ,1.127 ,0.468 ,1.594 ,-5.377,1921.271,0,0.130233,205
ZINC03977132_81,1C5T.pdb_1GJ6.pdb_1QBO.pdb,0.528 ,0.380 ,0.148 ,0.355 ,0.208 ,0.563 ,1.236 ,0.336 ,1.572 ,-4.182,2182.153,0,0.051502,206
ZINC03936845_22,1C5T.pdb_1GJ6.pdb_1QBO.pdb,0.528 ,0.344 ,0.184 ,0.326 ,0.252 ,0.578 ,1.184 ,0.407 ,1.591 ,-5.066,2006.546,0,0.134259,207
ZINC03890067_32,1C5T.pdb_1GJ6.pdb_1QBO.pdb,0.528 ,0.366 ,0.162 ,0.342 ,0.238 ,0.580 ,1.239 ,0.335 ,1.574 ,-4.811,2103.061,0,0.106667,208
ZINC02138804_17,1C5T.pdb_1GJ6.pdb_1QBO.pdb,0.528 ,0.374 ,0.154 ,0.355 ,0.229 ,0.584 ,1.174 ,0.321 ,1.495 ,-4.626,2183.561,0,0.058824,209
ZINC02130842_100,1C5T.pdb_1GJ6.pdb_1QBO.pdb,0.528 ,0.390 ,0.138 ,0.360 ,0.207 ,0.567 ,1.271 ,0.290 ,1.561 ,-4.185,2216.660,0,0.044534,210
ZINC04147300_82,1C5T.pdb_1GJ6.pdb_1QBO.pdb,0.527 ,0.378 ,0.148 ,0.361 ,0.221 ,0.582 ,1.151 ,0.311 ,1.462 ,-4.466,2222.100,0,0.047059,211
ZINC03974842_186,1C5T.pdb_1GJ6.pdb_1QBO.pdb,0.527 ,0.347 ,0.180 ,0.337 ,0.247 ,0.584 ,1.091 ,0.399 ,1.490 ,-4.968,2075.224,0,0.052846,212
ZINC03852887_159,1C5T.pdb_1GJ6.pdb_1QBO.pdb,0.527 ,0.320 ,0.207 ,0.313 ,0.285 ,0.598 ,1.076 ,0.429 ,1.506 ,-5.743,1926.449,0,0.049383,213
ZINC03827742_160,1C5T.pdb_1GJ6.pdb_1QBO.pdb,0.527 ,0.328 ,0.199 ,0.316 ,0.253 ,0.569 ,1.136 ,0.481 ,1.617 ,-5.066,1942.695,0,0.145540,214
ZINC02203105_193,1C5T.pdb_1GJ6.pdb_1QBO.pdb,0.527 ,0.370 ,0.157 ,0.348 ,0.213 ,0.561 ,1.204 ,0.372 ,1.576 ,-4.269,2144.380,0,0.073913,215
ZINC02138251_123,1C5T.pdb_1GJ6.pdb_1QBO.pdb,0.527 ,0.381 ,0.146 ,0.357 ,0.218 ,0.576 ,1.207 ,0.306 ,1.513 ,-4.405,2200.944,0,0.072000,216
ZINC02131327_168,1C5T.pdb_1GJ6.pdb_1QBO.pdb,0.527 ,0.374 ,0.154 ,0.358 ,0.234 ,0.592 ,1.135 ,0.309 ,1.444 ,-4.740,2205.036,0,0.066667,217
ZINC03992943_191,1C5T.pdb_1GJ6.pdb_1QBO.pdb,0.526 ,0.378 ,0.148 ,0.351 ,0.209 ,0.559 ,1.262 ,0.337 ,1.598 ,-4.192,2156.438,0,0.094170,218
ZINC03963792_64,1C5T.pdb_1GJ6.pdb_1QBO.pdb,0.526 ,0.391 ,0.134 ,0.367 ,0.213 ,0.580 ,1.201 ,0.266 ,1.467 ,-4.320,2263.042,0,0.089362,219
ZINC03344389_70,1C5T.pdb_1GJ6.pdb_1QBO.pdb,0.526 ,0.391 ,0.135 ,0.357 ,0.194 ,0.551 ,1.326 ,0.306 ,1.632 ,-3.897,2194.535,0,0.073394,220
ZINC01248556_120,1C5T.pdb_1GJ6.pdb_1QBO.pdb,0.526 ,0.361 ,0.166 ,0.337 ,0.223 ,0.560 ,1.243 ,0.390 ,1.633 ,-4.477,2072.413,0,0.078341,221
ZINC04222514_139,1C5T.pdb_1GJ6.pdb_1QBO.pdb,0.525 ,0.369 ,0.157 ,0.344 ,0.226 ,0.569 ,1.246 ,0.339 ,1.585 ,-4.548,2113.559,0,0.028000,222
ZINC03987229_192,1C5T.pdb_1GJ6.pdb_1QBO.pdb,0.525 ,0.341 ,0.184 ,0.325 ,0.252 ,0.577 ,1.170 ,0.407 ,1.577 ,-5.068,1996.943,0,0.047826,223
ZINC03974221_86,1C5T.pdb_1GJ6.pdb_1QBO.pdb,0.525 ,0.377 ,0.148 ,0.349 ,0.209 ,0.558 ,1.276 ,0.337 ,1.613 ,-4.197,2145.457,0,0.021459,224
ZINC03928139_31,1C5T.pdb_1GJ6.pdb_1QBO.pdb,0.525 ,0.338 ,0.188 ,0.314 ,0.263 ,0.578 ,1.281 ,0.395 ,1.677 ,-5.304,1929.988,0,0.114679,225
ZINC03851685_153,1C5T.pdb_1GJ6.pdb_1QBO.pdb,0.525 ,0.360 ,0.165 ,0.334 ,0.229 ,0.562 ,1.281 ,0.369 ,1.650 ,-4.600,2050.077,0,0.063636,226
ZINC03819921_108,1C5T.pdb_1GJ6.pdb_1QBO.pdb,0.525 ,0.384 ,0.141 ,0.356 ,0.205 ,0.562 ,1.252 ,0.308 ,1.560 ,-4.134,2193.443,0,0.043103,227
ZINC02129134_6,1C5T.pdb_1GJ6.pdb_1QBO.pdb,0.525 ,0.371 ,0.154 ,0.349 ,0.229 ,0.578 ,1.203 ,0.321 ,1.524 ,-4.626,2146.849,0,0.056225,228
ZINC01548257_111,1C5T.pdb_1GJ6.pdb_1QBO.pdb,0.525 ,0.354 ,0.171 ,0.329 ,0.243 ,0.572 ,1.270 ,0.366 ,1.636 ,-4.905,2020.672,0,0.093750,229
ZINC01092149_155,1C5T.pdb_1GJ6.pdb_1QBO.pdb,0.525 ,0.364 ,0.162 ,0.338 ,0.219 ,0.557 ,1.261 ,0.382 ,1.643 ,-4.385,2080.282,0,0.081448,230
ZINC04248899_18,1C5T.pdb_1GJ6.pdb_1QBO.pdb,0.524 ,0.361 ,0.162 ,0.332 ,0.233 ,0.565 ,1.319 ,0.350 ,1.669 ,-4.684,2041.778,0,0.059091,231
ZINC04222694_63,1C5T.pdb_1GJ6.pdb_1QBO.pdb,0.524 ,0.366 ,0.158 ,0.341 ,0.221 ,0.563 ,1.244 ,0.358 ,1.601 ,-4.446,2099.053,0,0.080851,232
ZINC04185377_164,1C5T.pdb_1GJ6.pdb_1QBO.pdb,0.524 ,0.358 ,0.166 ,0.330 ,0.230 ,0.561 ,1.313 ,0.372 ,1.686 ,-4.628,2028.288,0,0.083333,233
ZINC03980052_58,1C5T.pdb_1GJ6.pdb_1QBO.pdb,0.524 ,0.382 ,0.141 ,0.353 ,0.212 ,0.565 ,1.275 ,0.298 ,1.573 ,-4.278,2173.369,0,0.046414,234
ZINC03959072_65,1C5T.pdb_1GJ6.pdb_1QBO.pdb,0.524 ,0.360 ,0.164 ,0.341 ,0.234 ,0.575 ,1.179 ,0.352 ,1.531 ,-4.717,2100.212,0,0.065502,235
ZINC03890173_151,1C5T.pdb_1GJ6.pdb_1QBO.pdb,0.524 ,0.363 ,0.161 ,0.336 ,0.238 ,0.574 ,1.279 ,0.334 ,1.613 ,-4.800,2066.483,0,0.103604,236
ZINC03842255_69,1C5T.pdb_1GJ6.pdb_1QBO.pdb,0.524 ,0.359 ,0.165 ,0.336 ,0.249 ,0.585 ,1.229 ,0.329 ,1.558 ,-5.035,2068.647,0,0.098712,237
ZINC03838228_62,1C5T.pdb_1GJ6.pdb_1QBO.pdb,0.524 ,0.339 ,0.185 ,0.325 ,0.267 ,0.592 ,1.144 ,0.376 ,1.520 ,-5.402,1997.932,0,0.133929,238
ZINC02712483_52,1C5T.pdb_1GJ6.pdb_1QBO.pdb,0.524 ,0.369 ,0.155 ,0.344 ,0.224 ,0.568 ,1.242 ,0.336 ,1.579 ,-4.503,2117.049,0,0.110092,239
ZINC02043468_139,1C5T.pdb_1GJ6.pdb_1QBO.pdb,0.524 ,0.343 ,0.181 ,0.327 ,0.255 ,0.582 ,1.171 ,0.384 ,1.556 ,-5.146,2009.880,1,0.153153,240
ZINC03992804_196,1C5T.pdb_1GJ6.pdb_1QBO.pdb,0.523 ,0.368 ,0.155 ,0.343 ,0.218 ,0.561 ,1.239 ,0.352 ,1.590 ,-4.377,2111.156,0,0.025751,241
ZINC03858746_89,1C5T.pdb_1GJ6.pdb_1QBO.pdb,0.523 ,0.355 ,0.168 ,0.335 ,0.240 ,0.575 ,1.196 ,0.361 ,1.557 ,-4.830,2062.669,0,0.062762,242
ZINC03841625_74,1C5T.pdb_1GJ6.pdb_1QBO.pdb,0.523 ,0.360 ,0.163 ,0.336 ,0.234 ,0.570 ,1.244 ,0.352 ,1.596 ,-4.713,2065.078,0,0.028112,243
ZINC03841617_29,1C5T.pdb_1GJ6.pdb_1QBO.pdb,0.523 ,0.409 ,0.114 ,0.380 ,0.185 ,0.564 ,1.230 ,0.231 ,1.460 ,-3.747,2340.072,0,0.035156,244
ZINC03325422_112,1C5T.pdb_1GJ6.pdb_1QBO.pdb,0.523 ,0.375 ,0.148 ,0.346 ,0.204 ,0.550 ,1.295 ,0.348 ,1.644 ,-4.097,2125.891,0,0.034934,245
ZINC03227706_163,1C5T.pdb_1GJ6.pdb_1QBO.pdb,0.523 ,0.395 ,0.128 ,0.365 ,0.194 ,0.558 ,1.265 ,0.273 ,1.537 ,-3.908,2244.853,0,0.106667,246
ZINC02637101_79,1C5T.pdb_1GJ6.pdb_1QBO.pdb,0.523 ,0.387 ,0.136 ,0.362 ,0.188 ,0.550 ,1.223 ,0.328 ,1.551 ,-3.764,2228.251,0,0.102222,247
ZINC02135333_194,1C5T.pdb_1GJ6.pdb_1QBO.pdb,0.523 ,0.371 ,0.151 ,0.351 ,0.225 ,0.576 ,1.186 ,0.316 ,1.501 ,-4.553,2160.847,0,0.055777,248
ZINC01902820_186,1C5T.pdb_1GJ6.pdb_1QBO.pdb,0.523 ,0.350 ,0.173 ,0.330 ,0.232 ,0.562 ,1.212 ,0.404 ,1.617 ,-4.648,2028.559,0,0.165138,249
ZINC03987224_47,1C5T.pdb_1GJ6.pdb_1QBO.pdb,0.522 ,0.367 ,0.155 ,0.343 ,0.217 ,0.560 ,1.239 ,0.351 ,1.590 ,-4.366,2110.425,0,0.047826,250
ZINC03841653_124,1C5T.pdb_1GJ6.pdb_1QBO.pdb,0.522 ,0.360 ,0.163 ,0.340 ,0.239 ,0.579 ,1.198 ,0.337 ,1.535 ,-4.835,2089.078,0,0.031496,251
ZINC03841650_93,1C5T.pdb_1GJ6.pdb_1QBO.pdb,0.522 ,0.354 ,0.168 ,0.334 ,0.240 ,0.574 ,1.204 ,0.361 ,1.565 ,-4.836,2052.844,0,0.019685,252
ZINC03819921_93,1C5T.pdb_1GJ6.pdb_1QBO.pdb,0.522 ,0.380 ,0.142 ,0.354 ,0.207 ,0.561 ,1.243 ,0.311 ,1.554 ,-4.167,2179.148,0,0.043860,253
ZINC03533360_82,1C5T.pdb_1GJ6.pdb_1QBO.pdb,0.522 ,0.376 ,0.147 ,0.349 ,0.201 ,0.551 ,1.252 ,0.351 ,1.603 ,-4.036,2148.559,0,0.102222,254
ZINC03531210_166,1C5T.pdb_1GJ6.pdb_1QBO.pdb,0.522 ,0.375 ,0.147 ,0.345 ,0.203 ,0.548 ,1.303 ,0.347 ,1.649 ,-4.079,2117.748,0,0.068807,255
ZINC03368428_113,1C5T.pdb_1GJ6.pdb_1QBO.pdb,0.522 ,0.379 ,0.143 ,0.342 ,0.193 ,0.535 ,1.390 ,0.356 ,1.747 ,-3.853,2101.956,0,0.061905,256
ZINC02712629_195,1C5T.pdb_1GJ6.pdb_1QBO.pdb,0.522 ,0.361 ,0.161 ,0.347 ,0.256 ,0.604 ,1.123 ,0.301 ,1.425 ,-5.218,2140.673,0,0.060870,257
ZINC02126772_13,1C5T.pdb_1GJ6.pdb_1QBO.pdb,0.522 ,0.373 ,0.149 ,0.352 ,0.228 ,0.580 ,1.189 ,0.301 ,1.490 ,-4.626,2165.964,0,0.056000,258
ZINC01821865_61,1C5T.pdb_1GJ6.pdb_1QBO.pdb,0.522 ,0.373 ,0.149 ,0.353 ,0.233 ,0.586 ,1.180 ,0.291 ,1.471 ,-4.732,2175.627,0,0.092105,259
ZINC01491246_109,1C5T.pdb_1GJ6.pdb_1QBO.pdb,0.522 ,0.418 ,0.104 ,0.380 ,0.161 ,0.542 ,1.305 ,0.227 ,1.532 ,-3.259,2341.774,0,0.084821,260
ZINC03980155_122,1C5T.pdb_1GJ6.pdb_1QBO.pdb,0.521 ,0.375 ,0.146 ,0.342 ,0.212 ,0.554 ,1.350 ,0.319 ,1.668 ,-4.271,2101.573,0,0.034188,261
ZINC03980155_7,1C5T.pdb_1GJ6.pdb_1QBO.pdb,0.521 ,0.382 ,0.139 ,0.347 ,0.204 ,0.550 ,1.366 ,0.306 ,1.672 ,-4.102,2129.369,0,0.034783,262
ZINC03938550_151,1C5T.pdb_1GJ6.pdb_1QBO.pdb,0.521 ,0.384 ,0.137 ,0.356 ,0.217 ,0.574 ,1.251 ,0.272 ,1.523 ,-4.412,2192.694,0,0.135747,263
ZINC03933545_62,1C5T.pdb_1GJ6.pdb_1QBO.pdb,0.521 ,0.332 ,0.189 ,0.316 ,0.265 ,0.581 ,1.175 ,0.398 ,1.572 ,-5.330,1943.960,0,0.132420,264
ZINC03533361_46,1C5T.pdb_1GJ6.pdb_1QBO.pdb,0.521 ,0.374 ,0.147 ,0.348 ,0.201 ,0.550 ,1.249 ,0.351 ,1.599 ,-4.036,2141.866,0,0.101770,265
ZINC02517180_66,1C5T.pdb_1GJ6.pdb_1QBO.pdb,0.521 ,0.375 ,0.146 ,0.340 ,0.195 ,0.534 ,1.378 ,0.370 ,1.747 ,-3.892,2086.926,0,0.062500,266
ZINC02408724_82,1C5T.pdb_1GJ6.pdb_1QBO.pdb,0.521 ,0.364 ,0.156 ,0.346 ,0.213 ,0.559 ,1.170 ,0.371 ,1.541 ,-4.263,2129.787,0,0.063830,267
ZINC02138807_194,1C5T.pdb_1GJ6.pdb_1QBO.pdb,0.521 ,0.369 ,0.151 ,0.351 ,0.225 ,0.577 ,1.162 ,0.316 ,1.477 ,-4.553,2163.205,0,0.058594,268
ZINC02129008_69,1C5T.pdb_1GJ6.pdb_1QBO.pdb,0.521 ,0.376 ,0.145 ,0.347 ,0.206 ,0.553 ,1.293 ,0.326 ,1.618 ,-4.148,2132.297,0,0.058577,269
ZINC04176349_92,1C5T.pdb_1GJ6.pdb_1QBO.pdb,0.520 ,0.386 ,0.134 ,0.362 ,0.197 ,0.559 ,1.209 ,0.296 ,1.505 ,-3.968,2228.271,0,0.100000,270
ZINC04001668_175,1C5T.pdb_1GJ6.pdb_1QBO.pdb,0.520 ,0.369 ,0.150 ,0.349 ,0.217 ,0.566 ,1.190 ,0.327 ,1.517 ,-4.380,2147.959,0,0.119469,271
ZINC03938551_162,1C5T.pdb_1GJ6.pdb_1QBO.pdb,0.520 ,0.383 ,0.136 ,0.356 ,0.216 ,0.572 ,1.253 ,0.270 ,1.523 ,-4.381,2188.763,0,0.136364,272
ZINC03858809_198,1C5T.pdb_1GJ6.pdb_1QBO.pdb,0.520 ,0.373 ,0.148 ,0.348 ,0.196 ,0.544 ,1.239 ,0.373 ,1.612 ,-3.928,2138.804,0,0.056522,273
ZINC03342986_67,1C5T.pdb_1GJ6.pdb_1QBO.pdb,0.520 ,0.349 ,0.171 ,0.335 ,0.263 ,0.597 ,1.136 ,0.329 ,1.465 ,-5.336,2059.793,0,0.062241,274
ZINC02959464_101,1C5T.pdb_1GJ6.pdb_1QBO.pdb,0.520 ,0.348 ,0.173 ,0.316 ,0.232 ,0.548 ,1.396 ,0.402 ,1.799 ,-4.649,1940.886,0,0.039130,275
ZINC02222762_57,1C5T.pdb_1GJ6.pdb_1QBO.pdb,0.520 ,0.346 ,0.174 ,0.338 ,0.240 ,0.579 ,1.071 ,0.388 ,1.459 ,-4.831,2084.698,0,0.104803,276
ZINC02135326_66,1C5T.pdb_1GJ6.pdb_1QBO.pdb,0.520 ,0.366 ,0.154 ,0.347 ,0.229 ,0.576 ,1.174 ,0.321 ,1.495 ,-4.625,2136.551,0,0.056000,277
ZINC01882073_132,1C5T.pdb_1GJ6.pdb_1QBO.pdb,0.520 ,0.352 ,0.168 ,0.331 ,0.221 ,0.552 ,1.227 ,0.410 ,1.637 ,-4.430,2032.109,0,0.033898,278
ZINC00781033_181,1C5T.pdb_1GJ6.pdb_1QBO.pdb,0.520 ,0.379 ,0.141 ,0.355 ,0.213 ,0.567 ,1.224 ,0.294 ,1.517 ,-4.300,2182.820,0,0.096330,279
ZINC00781033_181,1C5T.pdb_1GJ6.pdb_1QBO.pdb,0.520 ,0.379 ,0.141 ,0.355 ,0.213 ,0.567 ,1.224 ,0.294 ,1.517 ,-4.300,2182.820,0,0.096330,280
ZINC03834132_91,1C5T.pdb_1GJ6.pdb_1QBO.pdb,0.520 ,0.312 ,0.208 ,0.304 ,0.279 ,0.583 ,1.089 ,0.450 ,1.539 ,-5.598,1872.972,1,0.140909,281
ZINC04222242_84,1C5T.pdb_1GJ6.pdb_1QBO.pdb,0.519 ,0.355 ,0.164 ,0.337 ,0.228 ,0.566 ,1.170 ,0.369 ,1.538 ,-4.583,2076.803,0,0.079498,282
ZINC04004468_120,1C5T.pdb_1GJ6.pdb_1QBO.pdb,0.519 ,0.348 ,0.170 ,0.321 ,0.235 ,0.556 ,1.332 ,0.380 ,1.712 ,-4.732,1968.016,0,0.080357,283
ZINC03959464_49,1C5T.pdb_1GJ6.pdb_1QBO.pdb,0.519 ,0.417 ,0.103 ,0.375 ,0.151 ,0.526 ,1.360 ,0.244 ,1.604 ,-3.031,2308.123,0,0.126126,284
ZINC03808675_165,1C5T.pdb_1GJ6.pdb_1QBO.pdb,0.519 ,0.379 ,0.140 ,0.349 ,0.198 ,0.547 ,1.297 ,0.321 ,1.618 ,-3.985,2143.224,0,0.078603,285
ZINC03670346_124,1C5T.pdb_1GJ6.pdb_1QBO.pdb,0.519 ,0.373 ,0.147 ,0.345 ,0.213 ,0.558 ,1.275 ,0.320 ,1.595 ,-4.288,2121.839,0,0.048458,286
ZINC03368257_58,1C5T.pdb_1GJ6.pdb_1QBO.pdb,0.519 ,0.381 ,0.138 ,0.348 ,0.192 ,0.540 ,1.334 ,0.328 ,1.662 ,-3.854,2137.634,0,0.065728,287
ZINC02136682_159,1C5T.pdb_1GJ6.pdb_1QBO.pdb,0.519 ,0.370 ,0.149 ,0.351 ,0.228 ,0.580 ,1.165 ,0.301 ,1.466 ,-4.626,2164.500,0,0.055777,288
ZINC04619282_11,1C5T.pdb_1GJ6.pdb_1QBO.pdb,0.518 ,0.363 ,0.155 ,0.341 ,0.204 ,0.546 ,1.215 ,0.388 ,1.603 ,-4.087,2099.841,0,0.081448,289
ZINC04360805_130,1C5T.pdb_1GJ6.pdb_1QBO.pdb,0.518 ,0.346 ,0.172 ,0.326 ,0.231 ,0.557 ,1.216 ,0.403 ,1.619 ,-4.627,2005.627,0,0.094170,290
ZINC04248905_93,1C5T.pdb_1GJ6.pdb_1QBO.pdb,0.518 ,0.361 ,0.157 ,0.333 ,0.232 ,0.565 ,1.307 ,0.326 ,1.634 ,-4.685,2043.500,0,0.065116,291
ZINC04103307_28,1C5T.pdb_1GJ6.pdb_1QBO.pdb,0.518 ,0.375 ,0.143 ,0.356 ,0.235 ,0.591 ,1.163 ,0.268 ,1.431 ,-4.783,2195.521,0,0.086580,292
ZINC03841659_102,1C5T.pdb_1GJ6.pdb_1QBO.pdb,0.518 ,0.356 ,0.163 ,0.337 ,0.239 ,0.576 ,1.187 ,0.337 ,1.524 ,-4.835,2072.328,0,0.031496,293
ZINC00842694_49,1C5T.pdb_1GJ6.pdb_1QBO.pdb,0.518 ,0.353 ,0.165 ,0.330 ,0.216 ,0.546 ,1.242 ,0.411 ,1.653 ,-4.323,2029.507,0,0.074561,294
ZINC03973552_35,1C5T.pdb_1GJ6.pdb_1QBO.pdb,0.517 ,0.388 ,0.129 ,0.367 ,0.201 ,0.568 ,1.167 ,0.266 ,1.433 ,-4.064,2263.409,0,0.011111,295
ZINC03917353_113,1C5T.pdb_1GJ6.pdb_1QBO.pdb,0.517 ,0.341 ,0.176 ,0.324 ,0.243 ,0.567 ,1.173 ,0.392 ,1.564 ,-4.874,1995.824,0,0.090498,296
ZINC03867259_108,1C5T.pdb_1GJ6.pdb_1QBO.pdb,0.517 ,0.313 ,0.203 ,0.296 ,0.274 ,0.570 ,1.226 ,0.442 ,1.668 ,-5.499,1818.709,0,0.055814,297
ZINC03428233_146,1C5T.pdb_1GJ6.pdb_1QBO.pdb,0.517 ,0.309 ,0.208 ,0.298 ,0.257 ,0.554 ,1.142 ,0.520 ,1.662 ,-5.126,1829.233,0,0.093458,298
ZINC04222439_12,1C5T.pdb_1GJ6.pdb_1QBO.pdb,0.516 ,0.394 ,0.122 ,0.364 ,0.196 ,0.560 ,1.256 ,0.244 ,1.500 ,-3.971,2243.389,0,0.022989,299
ZINC03980301_29,1C5T.pdb_1GJ6.pdb_1QBO.pdb,0.516 ,0.382 ,0.135 ,0.358 ,0.198 ,0.555 ,1.214 ,0.297 ,1.511 ,-3.980,2201.279,0,0.060870,300
ZINC03867367_128,1C5T.pdb_1GJ6.pdb_1QBO.pdb,0.516 ,0.357 ,0.159 ,0.335 ,0.235 ,0.569 ,1.230 ,0.330 ,1.559 ,-4.738,2058.306,0,0.066964,301
ZINC03672559_111,1C5T.pdb_1GJ6.pdb_1QBO.pdb,0.516 ,0.378 ,0.139 ,0.353 ,0.203 ,0.556 ,1.232 ,0.305 ,1.537 ,-4.092,2169.347,0,0.066667,302
ZINC03552652_106,1C5T.pdb_1GJ6.pdb_1QBO.pdb,0.516 ,0.356 ,0.161 ,0.333 ,0.226 ,0.559 ,1.233 ,0.358 ,1.591 ,-4.545,2048.319,0,0.075221,303
ZINC02401824_199,1C5T.pdb_1GJ6.pdb_1QBO.pdb,0.516 ,0.319 ,0.196 ,0.311 ,0.266 ,0.577 ,1.092 ,0.429 ,1.521 ,-5.339,1914.044,0,0.061674,304
ZINC02161467_90,1C5T.pdb_1GJ6.pdb_1QBO.pdb,0.516 ,0.376 ,0.140 ,0.348 ,0.206 ,0.554 ,1.272 ,0.303 ,1.575 ,-4.147,2142.659,0,0.057143,305
ZINC02128933_120,1C5T.pdb_1GJ6.pdb_1QBO.pdb,0.516 ,0.367 ,0.149 ,0.346 ,0.222 ,0.568 ,1.198 ,0.310 ,1.508 ,-4.478,2132.173,0,0.044534,306
ZINC01541498_106,1C5T.pdb_1GJ6.pdb_1QBO.pdb,0.516 ,0.334 ,0.181 ,0.319 ,0.256 ,0.575 ,1.165 ,0.385 ,1.550 ,-5.149,1962.283,0,0.083700,307
ZINC03834121_188,1C5T.pdb_1GJ6.pdb_1QBO.pdb,0.516 ,0.323 ,0.193 ,0.315 ,0.302 ,0.616 ,1.086 ,0.351 ,1.437 ,-6.140,1937.446,1,0.122363,308
ZINC03944034_168,1C5T.pdb_1GJ6.pdb_1QBO.pdb,0.515 ,0.340 ,0.175 ,0.322 ,0.227 ,0.550 ,1.194 ,0.431 ,1.625 ,-4.547,1981.735,0,0.134884,309
ZINC03890017_129,1C5T.pdb_1GJ6.pdb_1QBO.pdb,0.515 ,0.351 ,0.164 ,0.341 ,0.254 ,0.595 ,1.095 ,0.316 ,1.412 ,-5.154,2099.637,0,0.094017,310
ZINC03840473_74,1C5T.pdb_1GJ6.pdb_1QBO.pdb,0.515 ,0.356 ,0.158 ,0.340 ,0.228 ,0.567 ,1.161 ,0.343 ,1.504 ,-4.584,2090.110,0,0.094421,311
ZINC03438219_12,1C5T.pdb_1GJ6.pdb_1QBO.pdb,0.515 ,0.349 ,0.166 ,0.321 ,0.217 ,0.539 ,1.325 ,0.412 ,1.737 ,-4.341,1973.681,0,0.103286,312
ZINC03345168_83,1C5T.pdb_1GJ6.pdb_1QBO.pdb,0.515 ,0.341 ,0.174 ,0.333 ,0.260 ,0.592 ,1.081 ,0.344 ,1.425 ,-5.254,2048.978,0,0.066946,313
ZINC02700310_25,1C5T.pdb_1GJ6.pdb_1QBO.pdb,0.515 ,0.389 ,0.126 ,0.360 ,0.186 ,0.547 ,1.253 ,0.280 ,1.533 ,-3.753,2218.687,0,0.055556,314
ZINC02192461_60,1C5T.pdb_1GJ6.pdb_1QBO.pdb,0.515 ,0.365 ,0.150 ,0.346 ,0.229 ,0.575 ,1.178 ,0.303 ,1.481 ,-4.640,2129.848,0,0.092511,315
ZINC02131328_140,1C5T.pdb_1GJ6.pdb_1QBO.pdb,0.515 ,0.375 ,0.140 ,0.359 ,0.216 ,0.574 ,1.135 ,0.284 ,1.419 ,-4.364,2211.706,0,0.066406,316
ZINC02130563_159,1C5T.pdb_1GJ6.pdb_1QBO.pdb,0.515 ,0.367 ,0.149 ,0.349 ,0.222 ,0.571 ,1.158 ,0.311 ,1.469 ,-4.480,2151.094,0,0.072000,317
ZINC01882070_152,1C5T.pdb_1GJ6.pdb_1QBO.pdb,0.515 ,0.348 ,0.166 ,0.330 ,0.220 ,0.550 ,1.192 ,0.407 ,1.598 ,-4.399,2029.325,0,0.064378,318
ZINC00596915_23,1C5T.pdb_1GJ6.pdb_1QBO.pdb,0.515 ,0.382 ,0.133 ,0.352 ,0.217 ,0.569 ,1.285 ,0.256 ,1.541 ,-4.405,2165.179,0,0.041322,319
ZINC00576565_105,1C5T.pdb_1GJ6.pdb_1QBO.pdb,0.515 ,0.381 ,0.134 ,0.354 ,0.197 ,0.551 ,1.250 ,0.297 ,1.547 ,-3.973,2177.729,0,0.066946,320
ZINC04636388_79,1C5T.pdb_1GJ6.pdb_1QBO.pdb,0.514 ,0.366 ,0.149 ,0.339 ,0.209 ,0.548 ,1.282 ,0.339 ,1.620 ,-4.209,2081.103,0,0.041494,321
ZINC03962674_143,1C5T.pdb_1GJ6.pdb_1QBO.pdb,0.514 ,0.354 ,0.160 ,0.332 ,0.232 ,0.565 ,1.221 ,0.342 ,1.562 ,-4.678,2044.467,0,0.108108,322
ZINC03959444_92,1C5T.pdb_1GJ6.pdb_1QBO.pdb,0.514 ,0.331 ,0.183 ,0.321 ,0.251 ,0.571 ,1.105 ,0.405 ,1.510 ,-5.039,1973.728,0,0.132420,323
ZINC03925788_142,1C5T.pdb_1GJ6.pdb_1QBO.pdb,0.514 ,0.332 ,0.182 ,0.333 ,0.270 ,0.603 ,0.989 ,0.358 ,1.346 ,-5.475,2054.552,0,0.153846,324
ZINC03842250_193,1C5T.pdb_1GJ6.pdb_1QBO.pdb,0.514 ,0.287 ,0.227 ,0.284 ,0.300 ,0.583 ,1.043 ,0.483 ,1.526 ,-6.019,1745.095,0,0.144186,325
ZINC03841658_191,1C5T.pdb_1GJ6.pdb_1QBO.pdb,0.514 ,0.368 ,0.147 ,0.345 ,0.225 ,0.569 ,1.219 ,0.297 ,1.516 ,-4.548,2121.421,0,0.031873,326
ZINC03841655_97,1C5T.pdb_1GJ6.pdb_1QBO.pdb,0.514 ,0.351 ,0.162 ,0.332 ,0.239 ,0.571 ,1.194 ,0.336 ,1.530 ,-4.826,2043.435,0,0.040000,327
ZINC03325415_141,1C5T.pdb_1GJ6.pdb_1QBO.pdb,0.514 ,0.325 ,0.189 ,0.311 ,0.252 ,0.563 ,1.163 ,0.430 ,1.593 ,-5.059,1909.520,0,0.034934,328
ZINC02712629_115,1C5T.pdb_1GJ6.pdb_1QBO.pdb,0.514 ,0.390 ,0.124 ,0.367 ,0.209 ,0.576 ,1.191 ,0.233 ,1.423 ,-4.261,2262.988,0,0.060870,329
ZINC02450633_73,1C5T.pdb_1GJ6.pdb_1QBO.pdb,0.514 ,0.377 ,0.137 ,0.356 ,0.224 ,0.581 ,1.182 ,0.261 ,1.443 ,-4.570,2194.400,0,0.065217,330
ZINC02193238_34,1C5T.pdb_1GJ6.pdb_1QBO.pdb,0.514 ,0.368 ,0.146 ,0.346 ,0.201 ,0.547 ,1.207 ,0.350 ,1.557 ,-4.020,2129.966,0,0.105023,331
ZINC01654872_48,1C5T.pdb_1GJ6.pdb_1QBO.pdb,0.514 ,0.351 ,0.163 ,0.332 ,0.234 ,0.566 ,1.185 ,0.352 ,1.536 ,-4.710,2044.855,0,0.061475,332
ZINC04176343_113,1C5T.pdb_1GJ6.pdb_1QBO.pdb,0.513 ,0.354 ,0.159 ,0.332 ,0.209 ,0.542 ,1.225 ,0.397 ,1.622 ,-4.182,2044.043,0,0.081448,333
ZINC03933860_173,1C5T.pdb_1GJ6.pdb_1QBO.pdb,0.513 ,0.401 ,0.111 ,0.364 ,0.172 ,0.536 ,1.339 ,0.241 ,1.580 ,-3.466,2238.947,0,0.052402,334
ZINC03841662_164,1C5T.pdb_1GJ6.pdb_1QBO.pdb,0.513 ,0.360 ,0.153 ,0.338 ,0.233 ,0.571 ,1.220 ,0.308 ,1.528 ,-4.712,2079.216,0,0.031873,335
ZINC03819918_39,1C5T.pdb_1GJ6.pdb_1QBO.pdb,0.513 ,0.359 ,0.154 ,0.335 ,0.217 ,0.551 ,1.253 ,0.350 ,1.602 ,-4.352,2057.949,0,0.093458,336
ZINC03670345_197,1C5T.pdb_1GJ6.pdb_1QBO.pdb,0.513 ,0.384 ,0.129 ,0.354 ,0.190 ,0.544 ,1.279 ,0.287 ,1.566 ,-3.836,2176.742,0,0.057269,337
ZINC03670321_9,1C5T.pdb_1GJ6.pdb_1QBO.pdb,0.513 ,0.386 ,0.127 ,0.361 ,0.187 ,0.549 ,1.213 ,0.282 ,1.495 ,-3.774,2225.914,0,0.051502,338
ZINC03398646_1,1C5T.pdb_1GJ6.pdb_1QBO.pdb,0.513 ,0.347 ,0.167 ,0.322 ,0.218 ,0.539 ,1.296 ,0.414 ,1.709 ,-4.358,1974.544,0,0.079439,339
ZINC03325417_170,1C5T.pdb_1GJ6.pdb_1QBO.pdb,0.513 ,0.403 ,0.110 ,0.364 ,0.157 ,0.521 ,1.364 ,0.268 ,1.632 ,-3.155,2236.865,0,0.035088,340
ZINC02138806_182,1C5T.pdb_1GJ6.pdb_1QBO.pdb,0.513 ,0.351 ,0.163 ,0.338 ,0.240 ,0.578 ,1.121 ,0.336 ,1.457 ,-4.839,2082.624,0,0.058594,341
ZINC02128934_193,1C5T.pdb_1GJ6.pdb_1QBO.pdb,0.513 ,0.374 ,0.139 ,0.351 ,0.209 ,0.560 ,1.214 ,0.293 ,1.507 ,-4.231,2159.385,0,0.044715,342
ZINC01821866_63,1C5T.pdb_1GJ6.pdb_1QBO.pdb,0.513 ,0.368 ,0.145 ,0.349 ,0.229 ,0.578 ,1.167 ,0.286 ,1.452 ,-4.643,2152.273,0,0.091703,343
ZINC01821865_68,1C5T.pdb_1GJ6.pdb_1QBO.pdb,0.513 ,0.368 ,0.145 ,0.349 ,0.228 ,0.578 ,1.166 ,0.285 ,1.451 ,-4.634,2151.203,0,0.082609,344
ZINC00921352_110,1C5T.pdb_1GJ6.pdb_1QBO.pdb,0.513 ,0.387 ,0.125 ,0.364 ,0.186 ,0.550 ,1.195 ,0.279 ,1.474 ,-3.737,2243.115,0,0.092511,345
ZINC03955054_63,1C5T.pdb_1GJ6.pdb_1QBO.pdb,0.512 ,0.323 ,0.189 ,0.316 ,0.289 ,0.606 ,1.067 ,0.352 ,1.419 ,-5.881,1947.417,0,0.113537,346
ZINC03928465_112,1C5T.pdb_1GJ6.pdb_1QBO.pdb,0.512 ,0.364 ,0.148 ,0.345 ,0.197 ,0.542 ,1.182 ,0.374 ,1.556 ,-3.939,2122.426,0,0.111111,347
ZINC03842080_4,1C5T.pdb_1GJ6.pdb_1QBO.pdb,0.512 ,0.378 ,0.134 ,0.348 ,0.203 ,0.551 ,1.287 ,0.285 ,1.572 ,-4.091,2141.512,0,0.024096,348
ZINC03649937_24,1C5T.pdb_1GJ6.pdb_1QBO.pdb,0.512 ,0.297 ,0.215 ,0.289 ,0.303 ,0.592 ,1.105 ,0.426 ,1.531 ,-6.122,1774.134,0,0.046809,349
ZINC03428216_135,1C5T.pdb_1GJ6.pdb_1QBO.pdb,0.512 ,0.308 ,0.204 ,0.298 ,0.261 ,0.559 ,1.118 ,0.483 ,1.600 ,-5.219,1834.556,0,0.095023,350
ZINC03367641_32,1C5T.pdb_1GJ6.pdb_1QBO.pdb,0.512 ,0.313 ,0.199 ,0.301 ,0.256 ,0.556 ,1.150 ,0.473 ,1.623 ,-5.117,1848.105,0,0.080717,351
ZINC03345168_21,1C5T.pdb_1GJ6.pdb_1QBO.pdb,0.512 ,0.378 ,0.134 ,0.359 ,0.213 ,0.571 ,1.165 ,0.266 ,1.431 ,-4.316,2208.916,0,0.053719,352
ZINC03323428_162,1C5T.pdb_1GJ6.pdb_1QBO.pdb,0.512 ,0.402 ,0.110 ,0.363 ,0.160 ,0.523 ,1.368 ,0.259 ,1.627 ,-3.222,2230.671,0,0.082569,353
ZINC02315723_184,1C5T.pdb_1GJ6.pdb_1QBO.pdb,0.512 ,0.405 ,0.106 ,0.370 ,0.166 ,0.536 ,1.305 ,0.229 ,1.534 ,-3.348,2278.402,0,0.096774,354
ZINC02130850_122,1C5T.pdb_1GJ6.pdb_1QBO.pdb,0.512 ,0.373 ,0.139 ,0.352 ,0.209 ,0.560 ,1.196 ,0.292 ,1.488 ,-4.214,2164.711,0,0.082305,355
ZINC01631935_134,1C5T.pdb_1GJ6.pdb_1QBO.pdb,0.512 ,0.375 ,0.137 ,0.349 ,0.207 ,0.556 ,1.250 ,0.286 ,1.536 ,-4.189,2147.554,0,0.063559,356
ZINC04621232_177,1C5T.pdb_1GJ6.pdb_1QBO.pdb,0.511 ,0.323 ,0.189 ,0.316 ,0.279 ,0.595 ,1.073 ,0.369 ,1.442 ,-5.643,1944.086,0,0.103896,357
ZINC04222433_46,1C5T.pdb_1GJ6.pdb_1QBO.pdb,0.511 ,0.382 ,0.130 ,0.355 ,0.197 ,0.552 ,1.245 ,0.277 ,1.521 ,-3.971,2184.473,0,0.023346,358
ZINC04001668_117,1C5T.pdb_1GJ6.pdb_1QBO.pdb,0.511 ,0.376 ,0.134 ,0.354 ,0.202 ,0.556 ,1.203 ,0.285 ,1.488 ,-4.087,2178.628,0,0.116592,359
ZINC03867317_111,1C5T.pdb_1GJ6.pdb_1QBO.pdb,0.511 ,0.392 ,0.119 ,0.363 ,0.172 ,0.535 ,1.248 ,0.278 ,1.526 ,-3.456,2237.046,0,0.092920,360
ZINC03852886_170,1C5T.pdb_1GJ6.pdb_1QBO.pdb,0.511 ,0.348 ,0.163 ,0.334 ,0.233 ,0.567 ,1.145 ,0.351 ,1.496 ,-4.699,2053.422,0,0.032922,361
ZINC03819918_165,1C5T.pdb_1GJ6.pdb_1QBO.pdb,0.511 ,0.352 ,0.159 ,0.330 ,0.223 ,0.553 ,1.235 ,0.359 ,1.595 ,-4.472,2028.945,0,0.086758,362
ZINC03406198_195,1C5T.pdb_1GJ6.pdb_1QBO.pdb,0.511 ,0.380 ,0.131 ,0.344 ,0.174 ,0.518 ,1.378 ,0.351 ,1.729 ,-3.463,2113.916,0,0.059633,363
ZINC02663357_33,1C5T.pdb_1GJ6.pdb_1QBO.pdb,0.511 ,0.321 ,0.190 ,0.310 ,0.276 ,0.586 ,1.125 ,0.381 ,1.506 ,-5.572,1906.979,0,0.063830,364
ZINC02005805_182,1C5T.pdb_1GJ6.pdb_1QBO.pdb,0.511 ,0.332 ,0.179 ,0.314 ,0.239 ,0.553 ,1.209 ,0.417 ,1.625 ,-4.789,1928.825,0,0.116279,365
ZINC00593049_32,1C5T.pdb_1GJ6.pdb_1QBO.pdb,0.511 ,0.403 ,0.108 ,0.369 ,0.184 ,0.553 ,1.299 ,0.207 ,1.506 ,-3.758,2267.557,0,0.064777,366
ZINC03933548_1,1C5T.pdb_1GJ6.pdb_1QBO.pdb,0.510 ,0.375 ,0.135 ,0.348 ,0.198 ,0.546 ,1.262 ,0.297 ,1.560 ,-3.981,2140.234,0,0.131818,367
ZINC03841643_127,1C5T.pdb_1GJ6.pdb_1QBO.pdb,0.510 ,0.357 ,0.153 ,0.337 ,0.233 ,0.570 ,1.196 ,0.308 ,1.504 ,-4.718,2074.450,0,0.019380,368
ZINC03304750_139,1C5T.pdb_1GJ6.pdb_1QBO.pdb,0.510 ,0.368 ,0.141 ,0.343 ,0.183 ,0.526 ,1.258 ,0.382 ,1.640 ,-3.656,2106.570,0,0.081818,369
ZINC02128936_1,1C5T.pdb_1GJ6.pdb_1QBO.pdb,0.510 ,0.361 ,0.149 ,0.342 ,0.222 ,0.564 ,1.183 ,0.311 ,1.494 ,-4.480,2103.484,0,0.044534,370
ZINC00842700_62,1C5T.pdb_1GJ6.pdb_1QBO.pdb,0.510 ,0.351 ,0.159 ,0.330 ,0.216 ,0.546 ,1.215 ,0.377 ,1.592 ,-4.331,2029.960,0,0.074236,371
ZINC04627706_9,1C5T.pdb_1GJ6.pdb_1QBO.pdb,0.509 ,0.338 ,0.171 ,0.325 ,0.263 ,0.588 ,1.139 ,0.328 ,1.467 ,-5.340,1998.344,0,0.106667,372
ZINC04222445_24,1C5T.pdb_1GJ6.pdb_1QBO.pdb,0.509 ,0.350 ,0.159 ,0.331 ,0.241 ,0.572 ,1.190 ,0.319 ,1.509 ,-4.875,2038.692,0,0.023622,373
ZINC04222428_31,1C5T.pdb_1GJ6.pdb_1QBO.pdb,0.509 ,0.351 ,0.159 ,0.334 ,0.234 ,0.568 ,1.171 ,0.329 ,1.501 ,-4.729,2052.812,0,0.023346,374
ZINC03942063_164,1C5T.pdb_1GJ6.pdb_1QBO.pdb,0.509 ,0.351 ,0.157 ,0.341 ,0.232 ,0.573 ,1.094 ,0.327 ,1.420 ,-4.692,2102.025,0,0.120172,375
ZINC03917353_97,1C5T.pdb_1GJ6.pdb_1QBO.pdb,0.509 ,0.341 ,0.167 ,0.325 ,0.232 ,0.557 ,1.174 ,0.375 ,1.549 ,-4.666,1997.609,0,0.088889,376
ZINC03342986_93,1C5T.pdb_1GJ6.pdb_1QBO.pdb,0.509 ,0.343 ,0.166 ,0.331 ,0.262 ,0.593 ,1.122 ,0.311 ,1.433 ,-5.340,2035.508,0,0.049180,377
ZINC03263404_93,1C5T.pdb_1GJ6.pdb_1QBO.pdb,0.509 ,0.374 ,0.135 ,0.342 ,0.194 ,0.536 ,1.327 ,0.306 ,1.633 ,-3.898,2104.123,0,0.051163,378
ZINC02712537_174,1C5T.pdb_1GJ6.pdb_1QBO.pdb,0.509 ,0.331 ,0.178 ,0.317 ,0.272 ,0.589 ,1.154 ,0.339 ,1.493 ,-5.523,1950.798,0,0.052863,379
ZINC02630564_164,1C5T.pdb_1GJ6.pdb_1QBO.pdb,0.509 ,0.403 ,0.107 ,0.359 ,0.147 ,0.507 ,1.427 ,0.280 ,1.706 ,-2.949,2207.116,0,0.059633,380
ZINC02130564_138,1C5T.pdb_1GJ6.pdb_1QBO.pdb,0.509 ,0.383 ,0.127 ,0.360 ,0.193 ,0.553 ,1.194 ,0.270 ,1.464 ,-3.889,2219.682,0,0.071713,381
ZINC02128935_16,1C5T.pdb_1GJ6.pdb_1QBO.pdb,0.509 ,0.361 ,0.148 ,0.342 ,0.221 ,0.563 ,1.183 ,0.310 ,1.493 ,-4.462,2106.071,0,0.044355,382
ZINC01911466_118,1C5T.pdb_1GJ6.pdb_1QBO.pdb,0.509 ,0.310 ,0.199 ,0.294 ,0.261 ,0.556 ,1.207 ,0.456 ,1.663 ,-5.238,1806.324,0,0.116822,383
ZINC01549768_41,1C5T.pdb_1GJ6.pdb_1QBO.pdb,0.509 ,0.354 ,0.155 ,0.335 ,0.230 ,0.565 ,1.193 ,0.324 ,1.517 ,-4.641,2059.666,0,0.118182,384
ZINC04383610_159,1C5T.pdb_1GJ6.pdb_1QBO.pdb,0.508 ,0.360 ,0.148 ,0.337 ,0.203 ,0.540 ,1.232 ,0.354 ,1.586 ,-4.063,2075.528,0,0.087500,385
ZINC04248905_195,1C5T.pdb_1GJ6.pdb_1QBO.pdb,0.508 ,0.352 ,0.156 ,0.327 ,0.224 ,0.551 ,1.285 ,0.337 ,1.622 ,-4.514,2006.946,0,0.063927,386
ZINC03942063_125,1C5T.pdb_1GJ6.pdb_1QBO.pdb,0.508 ,0.350 ,0.157 ,0.340 ,0.233 ,0.573 ,1.092 ,0.327 ,1.419 ,-4.701,2097.255,0,0.118143,387
ZINC03914448_177,1C5T.pdb_1GJ6.pdb_1QBO.pdb,0.508 ,0.334 ,0.174 ,0.316 ,0.260 ,0.576 ,1.206 ,0.344 ,1.550 ,-5.274,1939.775,0,0.066964,388
ZINC02623435_130,1C5T.pdb_1GJ6.pdb_1QBO.pdb,0.508 ,0.363 ,0.145 ,0.338 ,0.211 ,0.549 ,1.254 ,0.317 ,1.571 ,-4.249,2081.327,0,0.062222,389
ZINC02136688_15,1C5T.pdb_1GJ6.pdb_1QBO.pdb,0.508 ,0.367 ,0.142 ,0.349 ,0.218 ,0.567 ,1.157 ,0.287 ,1.444 ,-4.417,2150.919,0,0.055556,390
ZINC01553076_142,1C5T.pdb_1GJ6.pdb_1QBO.pdb,0.508 ,0.363 ,0.144 ,0.337 ,0.221 ,0.558 ,1.275 ,0.293 ,1.568 ,-4.483,2071.481,0,0.159420,391
ZINC00974236_14,1C5T.pdb_1GJ6.pdb_1QBO.pdb,0.508 ,0.328 ,0.180 ,0.318 ,0.261 ,0.578 ,1.112 ,0.367 ,1.479 ,-5.269,1953.990,0,0.063636,392
ZINC03834153_133,1C5T.pdb_1GJ6.pdb_1QBO.pdb,0.508 ,0.316 ,0.193 ,0.309 ,0.247 ,0.556 ,1.066 ,0.468 ,1.535 ,-4.936,1904.849,1,0.139640,393
ZINC03987853_55,1C5T.pdb_1GJ6.pdb_1QBO.pdb,0.507 ,0.365 ,0.142 ,0.345 ,0.195 ,0.540 ,1.189 ,0.341 ,1.530 ,-3.915,2124.527,0,0.083333,394
ZINC03987021_114,1C5T.pdb_1GJ6.pdb_1QBO.pdb,0.507 ,0.381 ,0.126 ,0.351 ,0.186 ,0.537 ,1.292 ,0.280 ,1.571 ,-3.743,2156.584,0,0.093750,395
ZINC03944241_177,1C5T.pdb_1GJ6.pdb_1QBO.pdb,0.507 ,0.378 ,0.129 ,0.359 ,0.185 ,0.544 ,1.163 ,0.299 ,1.462 ,-3.718,2210.890,0,0.067511,396
ZINC03867259_118,1C5T.pdb_1GJ6.pdb_1QBO.pdb,0.507 ,0.311 ,0.196 ,0.294 ,0.266 ,0.560 ,1.220 ,0.429 ,1.649 ,-5.343,1807.954,0,0.054795,397
ZINC02656851_155,1C5T.pdb_1GJ6.pdb_1QBO.pdb,0.507 ,0.324 ,0.183 ,0.307 ,0.243 ,0.550 ,1.219 ,0.424 ,1.643 ,-4.877,1883.570,0,0.066667,398
ZINC02572664_46,1C5T.pdb_1GJ6.pdb_1QBO.pdb,0.507 ,0.387 ,0.120 ,0.357 ,0.198 ,0.554 ,1.281 ,0.234 ,1.515 ,-4.021,2193.834,0,0.035019,399
ZINC02393796_191,1C5T.pdb_1GJ6.pdb_1QBO.pdb,0.507 ,0.396 ,0.111 ,0.360 ,0.162 ,0.522 ,1.347 ,0.257 ,1.604 ,-3.267,2210.774,0,0.068807,400
ZINC02132098_169,1C5T.pdb_1GJ6.pdb_1QBO.pdb,0.507 ,0.347 ,0.160 ,0.335 ,0.236 ,0.571 ,1.115 ,0.331 ,1.446 ,-4.774,2064.025,0,0.080000,401
ZINC02130567_95,1C5T.pdb_1GJ6.pdb_1QBO.pdb,0.507 ,0.375 ,0.131 ,0.355 ,0.199 ,0.554 ,1.177 ,0.278 ,1.455 ,-4.015,2189.333,0,0.071429,402
ZINC01546188_193,1C5T.pdb_1GJ6.pdb_1QBO.pdb,0.507 ,0.339 ,0.168 ,0.325 ,0.226 ,0.551 ,1.149 ,0.394 ,1.544 ,-4.538,1997.591,0,0.037037,403
ZINC00814142_142,1C5T.pdb_1GJ6.pdb_1QBO.pdb,0.507 ,0.364 ,0.143 ,0.344 ,0.208 ,0.552 ,1.195 ,0.313 ,1.508 ,-4.194,2114.771,0,0.052402,404
ZINC00599303_16,1C5T.pdb_1GJ6.pdb_1QBO.pdb,0.507 ,0.398 ,0.109 ,0.357 ,0.159 ,0.516 ,1.402 ,0.257 ,1.659 ,-3.204,2192.856,0,0.110599,405
ZINC04237007_137,1C5T.pdb_1GJ6.pdb_1QBO.pdb,0.506 ,0.368 ,0.139 ,0.347 ,0.214 ,0.561 ,1.193 ,0.283 ,1.476 ,-4.326,2136.601,0,0.015504,406
ZINC03841657_81,1C5T.pdb_1GJ6.pdb_1QBO.pdb,0.506 ,0.349 ,0.157 ,0.330 ,0.239 ,0.569 ,1.195 ,0.316 ,1.511 ,-4.831,2032.110,0,0.027668,407
ZINC03577116_152,1C5T.pdb_1GJ6.pdb_1QBO.pdb,0.506 ,0.362 ,0.144 ,0.332 ,0.194 ,0.526 ,1.330 ,0.359 ,1.689 ,-3.882,2041.017,0,0.069124,408
ZINC03368314_101,1C5T.pdb_1GJ6.pdb_1QBO.pdb,0.506 ,0.379 ,0.127 ,0.351 ,0.194 ,0.545 ,1.264 ,0.268 ,1.532 ,-3.919,2160.837,0,0.045045,409
ZINC03325420_118,1C5T.pdb_1GJ6.pdb_1QBO.pdb,0.506 ,0.357 ,0.148 ,0.334 ,0.205 ,0.539 ,1.250 ,0.350 ,1.599 ,-4.114,2050.424,0,0.034783,410
ZINC02712630_0,1C5T.pdb_1GJ6.pdb_1QBO.pdb,0.506 ,0.378 ,0.128 ,0.354 ,0.194 ,0.548 ,1.223 ,0.272 ,1.495 ,-3.927,2176.177,0,0.062500,411
ZINC02160757_61,1C5T.pdb_1GJ6.pdb_1QBO.pdb,0.506 ,0.356 ,0.150 ,0.341 ,0.213 ,0.554 ,1.144 ,0.336 ,1.480 ,-4.284,2100.900,0,0.058577,412
ZINC01551979_116,1C5T.pdb_1GJ6.pdb_1QBO.pdb,0.506 ,0.327 ,0.179 ,0.313 ,0.239 ,0.552 ,1.166 ,0.417 ,1.583 ,-4.791,1922.670,0,0.115556,413
ZINC00921662_68,1C5T.pdb_1GJ6.pdb_1QBO.pdb,0.506 ,0.386 ,0.120 ,0.361 ,0.168 ,0.530 ,1.217 ,0.294 ,1.511 ,-3.377,2224.405,0,0.093750,414
ZINC03819383_198,1C5T.pdb_1GJ6.pdb_1QBO.pdb,0.505 ,0.304 ,0.201 ,0.307 ,0.279 ,0.585 ,0.977 ,0.419 ,1.397 ,-5.611,1889.577,0,0.092437,415
ZINC03625422_77,1C5T.pdb_1GJ6.pdb_1QBO.pdb,0.505 ,0.334 ,0.171 ,0.316 ,0.263 ,0.579 ,1.198 ,0.329 ,1.527 ,-5.331,1943.838,0,0.061404,416
ZINC02932876_57,1C5T.pdb_1GJ6.pdb_1QBO.pdb,0.505 ,0.323 ,0.182 ,0.308 ,0.252 ,0.561 ,1.176 ,0.395 ,1.571 ,-5.075,1894.479,0,0.062780,417
ZINC01549910_129,1C5T.pdb_1GJ6.pdb_1QBO.pdb,0.505 ,0.352 ,0.153 ,0.338 ,0.234 ,0.572 ,1.130 ,0.308 ,1.438 ,-4.729,2083.276,0,0.074561,418
ZINC00974236_42,1C5T.pdb_1GJ6.pdb_1QBO.pdb,0.505 ,0.332 ,0.172 ,0.321 ,0.251 ,0.572 ,1.124 ,0.353 ,1.477 ,-5.077,1973.386,0,0.069767,419
ZINC00588652_106,1C5T.pdb_1GJ6.pdb_1QBO.pdb,0.505 ,0.384 ,0.121 ,0.355 ,0.184 ,0.539 ,1.270 ,0.259 ,1.529 ,-3.726,2183.102,0,0.049107,420
ZINC03834176_130,1C5T.pdb_1GJ6.pdb_1QBO.pdb,0.505 ,0.363 ,0.141 ,0.351 ,0.206 ,0.557 ,1.106 ,0.310 ,1.415 ,-4.146,2165.405,1,0.107884,421
ZINC04627709_144,1C5T.pdb_1GJ6.pdb_1QBO.pdb,0.504 ,0.340 ,0.164 ,0.331 ,0.241 ,0.572 ,1.090 ,0.339 ,1.430 ,-4.877,2035.996,0,0.053061,422
ZINC03927446_141,1C5T.pdb_1GJ6.pdb_1QBO.pdb,0.504 ,0.325 ,0.180 ,0.315 ,0.254 ,0.569 ,1.102 ,0.381 ,1.484 ,-5.114,1938.900,0,0.087336,423
ZINC03890266_24,1C5T.pdb_1GJ6.pdb_1QBO.pdb,0.504 ,0.339 ,0.165 ,0.321 ,0.243 ,0.564 ,1.189 ,0.342 ,1.531 ,-4.906,1975.109,0,0.088496,424
ZINC03670389_193,1C5T.pdb_1GJ6.pdb_1QBO.pdb,0.504 ,0.362 ,0.142 ,0.339 ,0.213 ,0.552 ,1.223 ,0.299 ,1.522 ,-4.292,2086.803,0,0.048246,425
ZINC03436650_14,1C5T.pdb_1GJ6.pdb_1QBO.pdb,0.504 ,0.379 ,0.125 ,0.341 ,0.175 ,0.516 ,1.415 ,0.306 ,1.721 ,-3.513,2093.806,0,0.057522,426
ZINC03367652_82,1C5T.pdb_1GJ6.pdb_1QBO.pdb,0.504 ,0.309 ,0.195 ,0.296 ,0.244 ,0.540 ,1.161 ,0.493 ,1.654 ,-4.863,1819.926,0,0.078704,427
ZINC03341362_143,1C5T.pdb_1GJ6.pdb_1QBO.pdb,0.504 ,0.313 ,0.191 ,0.301 ,0.255 ,0.556 ,1.145 ,0.434 ,1.579 ,-5.107,1850.339,0,0.047414,428
ZINC02693697_181,1C5T.pdb_1GJ6.pdb_1QBO.pdb,0.504 ,0.362 ,0.142 ,0.337 ,0.210 ,0.547 ,1.253 ,0.308 ,1.561 ,-4.227,2072.412,0,0.088372,429
ZINC02368624_107,1C5T.pdb_1GJ6.pdb_1QBO.pdb,0.504 ,0.352 ,0.152 ,0.328 ,0.210 ,0.538 ,1.261 ,0.358 ,1.619 ,-4.210,2015.818,0,0.050691,430
ZINC02130364_112,1C5T.pdb_1GJ6.pdb_1QBO.pdb,0.504 ,0.358 ,0.146 ,0.342 ,0.218 ,0.560 ,1.161 ,0.306 ,1.466 ,-4.404,2102.582,0,0.060729,431
ZINC02129855_198,1C5T.pdb_1GJ6.pdb_1QBO.pdb,0.504 ,0.364 ,0.140 ,0.353 ,0.211 ,0.564 ,1.094 ,0.291 ,1.385 ,-4.269,2176.707,0,0.056680,432
ZINC01778862_26,1C5T.pdb_1GJ6.pdb_1QBO.pdb,0.504 ,0.359 ,0.145 ,0.332 ,0.201 ,0.533 ,1.305 ,0.342 ,1.648 ,-4.034,2036.567,0,0.046610,433
ZINC03834136_46,1C5T.pdb_1GJ6.pdb_1QBO.pdb,0.504 ,0.325 ,0.179 ,0.316 ,0.239 ,0.555 ,1.095 ,0.418 ,1.512 ,-4.797,1942.938,1,0.122271,434
ZINC04627375_156,1C5T.pdb_1GJ6.pdb_1QBO.pdb,0.503 ,0.307 ,0.196 ,0.285 ,0.258 ,0.543 ,1.336 ,0.449 ,1.786 ,-5.165,1746.495,0,0.071429,435
ZINC04185341_98,1C5T.pdb_1GJ6.pdb_1QBO.pdb,0.503 ,0.366 ,0.138 ,0.335 ,0.190 ,0.525 ,1.338 ,0.333 ,1.671 ,-3.817,2055.880,0,0.088372,436
ZINC04003613_114,1C5T.pdb_1GJ6.pdb_1QBO.pdb,0.503 ,0.347 ,0.156 ,0.328 ,0.237 ,0.564 ,1.198 ,0.313 ,1.512 ,-4.788,2016.598,0,0.121495,437
ZINC03963793_194,1C5T.pdb_1GJ6.pdb_1QBO.pdb,0.503 ,0.375 ,0.128 ,0.358 ,0.204 ,0.562 ,1.149 ,0.255 ,1.404 ,-4.143,2205.603,0,0.088983,438
ZINC03851685_134,1C5T.pdb_1GJ6.pdb_1QBO.pdb,0.503 ,0.307 ,0.195 ,0.296 ,0.264 ,0.561 ,1.136 ,0.427 ,1.563 ,-5.313,1822.077,0,0.064815,439
ZINC02336300_195,1C5T.pdb_1GJ6.pdb_1QBO.pdb,0.503 ,0.308 ,0.196 ,0.297 ,0.285 ,0.582 ,1.128 ,0.385 ,1.513 ,-5.755,1827.257,0,0.048889,440
ZINC02131329_53,1C5T.pdb_1GJ6.pdb_1QBO.pdb,0.503 ,0.377 ,0.127 ,0.360 ,0.198 ,0.558 ,1.139 ,0.260 ,1.399 ,-4.006,2219.420,0,0.066406,441
ZINC00906587_36,1C5T.pdb_1GJ6.pdb_1QBO.pdb,0.503 ,0.376 ,0.128 ,0.349 ,0.183 ,0.532 ,1.257 ,0.296 ,1.554 ,-3.681,2145.999,0,0.081081,442
ZINC00602703_15,1C5T.pdb_1GJ6.pdb_1QBO.pdb,0.503 ,0.351 ,0.152 ,0.332 ,0.213 ,0.546 ,1.193 ,0.344 ,1.537 ,-4.287,2045.052,0,0.061728,443
ZINC03834124_131,1C5T.pdb_1GJ6.pdb_1QBO.pdb,0.503 ,0.318 ,0.185 ,0.310 ,0.246 ,0.556 ,1.089 ,0.429 ,1.519 ,-4.933,1905.668,1,0.140271,444
ZINC03834122_127,1C5T.pdb_1GJ6.pdb_1QBO.pdb,0.503 ,0.343 ,0.160 ,0.328 ,0.217 ,0.545 ,1.151 ,0.378 ,1.529 ,-4.347,2019.793,1,0.178404,445
ZINC03834118_104,1C5T.pdb_1GJ6.pdb_1QBO.pdb,0.503 ,0.324 ,0.179 ,0.313 ,0.239 ,0.552 ,1.120 ,0.418 ,1.537 ,-4.797,1925.919,1,0.186047,446
ZINC04627373_15,1C5T.pdb_1GJ6.pdb_1QBO.pdb,0.502 ,0.355 ,0.146 ,0.332 ,0.207 ,0.538 ,1.252 ,0.334 ,1.586 ,-4.152,2038.878,0,0.131818,447
ZINC04019803_19,1C5T.pdb_1GJ6.pdb_1QBO.pdb,0.502 ,0.363 ,0.139 ,0.352 ,0.208 ,0.560 ,1.097 ,0.293 ,1.390 ,-4.204,2168.355,0,0.099138,448
ZINC04001514_101,1C5T.pdb_1GJ6.pdb_1QBO.pdb,0.502 ,0.324 ,0.178 ,0.314 ,0.256 ,0.571 ,1.105 ,0.370 ,1.474 ,-5.174,1933.534,0,0.099548,449
ZINC03990227_26,1C5T.pdb_1GJ6.pdb_1QBO.pdb,0.502 ,0.363 ,0.139 ,0.338 ,0.198 ,0.536 ,1.260 ,0.320 ,1.580 ,-3.981,2076.109,0,0.055556,450
ZINC03977101_34,1C5T.pdb_1GJ6.pdb_1QBO.pdb,0.502 ,0.345 ,0.157 ,0.331 ,0.214 ,0.545 ,1.139 ,0.373 ,1.513 ,-4.290,2036.074,0,0.073913,451
ZINC03811853_66,1C5T.pdb_1GJ6.pdb_1QBO.pdb,0.502 ,0.367 ,0.135 ,0.347 ,0.214 ,0.560 ,1.193 ,0.267 ,1.460 ,-4.337,2134.324,0,0.061728,452
ZINC03524553_141,1C5T.pdb_1GJ6.pdb_1QBO.pdb,0.502 ,0.387 ,0.115 ,0.360 ,0.178 ,0.537 ,1.243 ,0.245 ,1.489 ,-3.589,2215.040,0,0.066667,453
ZINC03439248_81,1C5T.pdb_1GJ6.pdb_1QBO.pdb,0.502 ,0.360 ,0.142 ,0.337 ,0.198 ,0.535 ,1.225 ,0.337 ,1.562 ,-3.965,2074.470,0,0.091743,454
ZINC03428219_124,1C5T.pdb_1GJ6.pdb_1QBO.pdb,0.502 ,0.302 ,0.201 ,0.294 ,0.257 ,0.551 ,1.100 ,0.476 ,1.576 ,-5.149,1805.525,0,0.095455,455
ZINC03405873_168,1C5T.pdb_1GJ6.pdb_1QBO.pdb,0.502 ,0.372 ,0.129 ,0.342 ,0.182 ,0.523 ,1.316 ,0.310 ,1.625 ,-3.644,2100.199,0,0.079070,456
ZINC03311922_196,1C5T.pdb_1GJ6.pdb_1QBO.pdb,0.502 ,0.365 ,0.137 ,0.336 ,0.178 ,0.514 ,1.318 ,0.371 ,1.688 ,-3.551,2063.332,0,0.086758,457
ZINC03232400_156,1C5T.pdb_1GJ6.pdb_1QBO.pdb,0.502 ,0.348 ,0.154 ,0.330 ,0.217 ,0.547 ,1.183 ,0.350 ,1.533 ,-4.351,2031.462,0,0.088496,458
ZINC02952188_192,1C5T.pdb_1GJ6.pdb_1QBO.pdb,0.502 ,0.322 ,0.180 ,0.306 ,0.240 ,0.546 ,1.190 ,0.419 ,1.609 ,-4.808,1880.308,0,0.080357,459
ZINC01821866_64,1C5T.pdb_1GJ6.pdb_1QBO.pdb,0.502 ,0.361 ,0.141 ,0.345 ,0.222 ,0.567 ,1.152 ,0.278 ,1.429 ,-4.512,2124.741,0,0.082251,460
ZINC01549974_75,1C5T.pdb_1GJ6.pdb_1QBO.pdb,0.502 ,0.314 ,0.189 ,0.299 ,0.264 ,0.564 ,1.180 ,0.398 ,1.577 ,-5.327,1838.438,0,0.060185,461
ZINC00770153_182,1C5T.pdb_1GJ6.pdb_1QBO.pdb,0.502 ,0.374 ,0.128 ,0.359 ,0.189 ,0.548 ,1.122 ,0.284 ,1.406 ,-3.799,2216.232,0,0.102128,462
ZINC03972102_170,1C5T.pdb_1GJ6.pdb_1QBO.pdb,0.501 ,0.381 ,0.120 ,0.360 ,0.188 ,0.548 ,1.187 ,0.249 ,1.436 ,-3.806,2216.272,0,0.047210,463
ZINC03959472_40,1C5T.pdb_1GJ6.pdb_1QBO.pdb,0.501 ,0.326 ,0.175 ,0.317 ,0.234 ,0.551 ,1.104 ,0.408 ,1.512 ,-4.691,1947.923,0,0.140187,464
ZINC03937550_96,1C5T.pdb_1GJ6.pdb_1QBO.pdb,0.501 ,0.355 ,0.146 ,0.340 ,0.224 ,0.563 ,1.149 ,0.296 ,1.445 ,-4.534,2090.501,0,0.105505,465
ZINC03870745_192,1C5T.pdb_1GJ6.pdb_1QBO.pdb,0.501 ,0.371 ,0.130 ,0.358 ,0.186 ,0.545 ,1.103 ,0.301 ,1.404 ,-3.742,2209.804,0,0.115385,466
ZINC03867408_97,1C5T.pdb_1GJ6.pdb_1QBO.pdb,0.501 ,0.358 ,0.143 ,0.332 ,0.203 ,0.535 ,1.274 ,0.328 ,1.602 ,-4.082,2041.007,0,0.077626,467
ZINC03779518_33,1C5T.pdb_1GJ6.pdb_1QBO.pdb,0.501 ,0.329 ,0.171 ,0.325 ,0.289 ,0.614 ,1.045 ,0.296 ,1.341 ,-5.931,2000.168,0,0.053435,468
ZINC03270076_87,1C5T.pdb_1GJ6.pdb_1QBO.pdb,0.501 ,0.353 ,0.147 ,0.325 ,0.198 ,0.523 ,1.329 ,0.366 ,1.695 ,-3.956,1995.625,0,0.050228,469
ZINC02726431_192,1C5T.pdb_1GJ6.pdb_1QBO.pdb,0.501 ,0.367 ,0.134 ,0.336 ,0.181 ,0.516 ,1.340 ,0.343 ,1.683 ,-3.610,2061.453,0,0.073733,470
ZINC02193601_179,1C5T.pdb_1GJ6.pdb_1QBO.pdb,0.501 ,0.387 ,0.114 ,0.351 ,0.163 ,0.514 ,1.354 ,0.278 ,1.632 ,-3.267,2159.649,0,0.069767,471
ZINC02160725_156,1C5T.pdb_1GJ6.pdb_1QBO.pdb,0.501 ,0.373 ,0.128 ,0.355 ,0.200 ,0.555 ,1.154 ,0.264 ,1.418 ,-4.049,2186.612,0,0.072581,472
ZINC01548103_134,1C5T.pdb_1GJ6.pdb_1QBO.pdb,0.501 ,0.351 ,0.151 ,0.320 ,0.200 ,0.520 ,1.374 ,0.379 ,1.753 ,-3.994,1964.276,0,0.130435,473
ZINC00580494_15,1C5T.pdb_1GJ6.pdb_1QBO.pdb,0.501 ,0.351 ,0.150 ,0.328 ,0.194 ,0.522 ,1.242 ,0.403 ,1.645 ,-3.859,2018.796,0,0.070485,474
ZINC04392549_175,1C5T.pdb_1GJ6.pdb_1QBO.pdb,0.500 ,0.403 ,0.098 ,0.364 ,0.140 ,0.504 ,1.357 ,0.244 ,1.601 ,-2.803,2239.801,0,0.075314,475
ZINC04392031_85,1C5T.pdb_1GJ6.pdb_1QBO.pdb,0.500 ,0.334 ,0.166 ,0.324 ,0.218 ,0.541 ,1.099 ,0.413 ,1.512 ,-4.349,1994.127,0,0.095238,476
ZINC04176624_124,1C5T.pdb_1GJ6.pdb_1QBO.pdb,0.500 ,0.302 ,0.198 ,0.292 ,0.268 ,0.560 ,1.118 ,0.433 ,1.551 ,-5.384,1797.461,0,0.083700,477
ZINC03993398_105,1C5T.pdb_1GJ6.pdb_1QBO.pdb,0.500 ,0.330 ,0.170 ,0.319 ,0.242 ,0.561 ,1.111 ,0.364 ,1.475 ,-4.876,1964.673,0,0.120000,478
ZINC03962673_181,1C5T.pdb_1GJ6.pdb_1QBO.pdb,0.500 ,0.353 ,0.147 ,0.330 ,0.207 ,0.537 ,1.243 ,0.334 ,1.578 ,-4.163,2029.827,0,0.108597,479
ZINC03954689_169,1C5T.pdb_1GJ6.pdb_1QBO.pdb,0.500 ,0.343 ,0.157 ,0.330 ,0.226 ,0.556 ,1.133 ,0.340 ,1.473 ,-4.551,2031.326,0,0.128319,480
ZINC03948081_130,1C5T.pdb_1GJ6.pdb_1QBO.pdb,0.500 ,0.351 ,0.149 ,0.324 ,0.212 ,0.536 ,1.309 ,0.334 ,1.643 ,-4.257,1989.703,0,0.062780,481
ZINC03867367_105,1C5T.pdb_1GJ6.pdb_1QBO.pdb,0.500 ,0.303 ,0.197 ,0.296 ,0.282 ,0.578 ,1.086 ,0.396 ,1.482 ,-5.694,1818.396,0,0.068182,482
ZINC03839024_197,1C5T.pdb_1GJ6.pdb_1QBO.pdb,0.500 ,0.326 ,0.174 ,0.316 ,0.240 ,0.556 ,1.107 ,0.387 ,1.494 ,-4.819,1947.311,0,0.049180,483
ZINC03599114_181,1C5T.pdb_1GJ6.pdb_1QBO.pdb,0.500 ,0.360 ,0.140 ,0.332 ,0.206 ,0.538 ,1.309 ,0.303 ,1.612 ,-4.154,2040.245,0,0.067568,484
ZINC03446998_67,1C5T.pdb_1GJ6.pdb_1QBO.pdb,0.500 ,0.330 ,0.170 ,0.307 ,0.215 ,0.522 ,1.286 ,0.447 ,1.733 ,-4.283,1886.878,0,0.072727,485
ZINC02650544_114,1C5T.pdb_1GJ6.pdb_1QBO.pdb,0.500 ,0.374 ,0.127 ,0.338 ,0.177 ,0.515 ,1.387 ,0.309 ,1.696 ,-3.543,2077.333,0,0.073059,486
ZINC02639675_197,1C5T.pdb_1GJ6.pdb_1QBO.pdb,0.500 ,0.365 ,0.135 ,0.344 ,0.200 ,0.544 ,1.199 ,0.294 ,1.493 ,-4.027,2115.431,0,0.071749,487
ZINC02192462_141,1C5T.pdb_1GJ6.pdb_1QBO.pdb,0.500 ,0.347 ,0.153 ,0.333 ,0.234 ,0.567 ,1.134 ,0.309 ,1.443 ,-4.729,2050.357,0,0.082609,488
ZINC02129135_81,1C5T.pdb_1GJ6.pdb_1QBO.pdb,0.500 ,0.343 ,0.158 ,0.329 ,0.234 ,0.563 ,1.135 ,0.327 ,1.462 ,-4.717,2026.068,0,0.056225,489
ZINC01834069_165,1C5T.pdb_1GJ6.pdb_1QBO.pdb,0.500 ,0.353 ,0.147 ,0.336 ,0.196 ,0.532 ,1.167 ,0.372 ,1.539 ,-3.924,2068.723,0,0.057018,490
ZINC01538457_164,1C5T.pdb_1GJ6.pdb_1QBO.pdb,0.500 ,0.317 ,0.183 ,0.301 ,0.229 ,0.529 ,1.209 ,0.476 ,1.685 ,-4.558,1847.759,0,0.151961,491
ZINC03831725_147,1C5T.pdb_1GJ6.pdb_1QBO.pdb,0.499 ,0.335 ,0.163 ,0.324 ,0.221 ,0.545 ,1.113 ,0.386 ,1.498 ,-4.430,1994.936,0,0.108696,492
ZINC04222272_10,1C5T.pdb_1GJ6.pdb_1QBO.pdb,0.499 ,0.382 ,0.118 ,0.359 ,0.185 ,0.543 ,1.205 ,0.245 ,1.449 ,-3.742,2207.861,0,0.043307,493
ZINC04004468_123,1C5T.pdb_1GJ6.pdb_1QBO.pdb,0.499 ,0.350 ,0.149 ,0.322 ,0.210 ,0.531 ,1.336 ,0.339 ,1.675 ,-4.214,1974.281,0,0.067265,494
ZINC03968466_198,1C5T.pdb_1GJ6.pdb_1QBO.pdb,0.499 ,0.390 ,0.109 ,0.366 ,0.179 ,0.545 ,1.197 ,0.219 ,1.416 ,-3.635,2257.608,0,0.056277,495
ZINC03936343_131,1C5T.pdb_1GJ6.pdb_1QBO.pdb,0.499 ,0.326 ,0.174 ,0.317 ,0.246 ,0.563 ,1.091 ,0.370 ,1.461 ,-4.960,1951.014,0,0.110132,496
ZINC03889997_5,1C5T.pdb_1GJ6.pdb_1QBO.pdb,0.499 ,0.342 ,0.157 ,0.331 ,0.214 ,0.544 ,1.115 ,0.373 ,1.487 ,-4.281,2036.159,0,0.063830,497
ZINC03840215_124,1C5T.pdb_1GJ6.pdb_1QBO.pdb,0.499 ,0.326 ,0.173 ,0.311 ,0.259 ,0.571 ,1.169 ,0.344 ,1.513 ,-5.251,1913.318,0,0.027668,498
ZINC03352883_193,1C5T.pdb_1GJ6.pdb_1QBO.pdb,0.499 ,0.374 ,0.124 ,0.348 ,0.184 ,0.532 ,1.259 ,0.276 ,1.535 ,-3.710,2138.205,0,0.093333,499
ZINC02700304_34,1C5T.pdb_1GJ6.pdb_1QBO.pdb,0.499 ,0.328 ,0.171 ,0.316 ,0.243 ,0.559 ,1.125 ,0.365 ,1.490 ,-4.893,1946.214,0,0.047210,500
ZINC02192462_12,1C5T.pdb_1GJ6.pdb_1QBO.pdb,0.499 ,0.333 ,0.166 ,0.323 ,0.250 ,0.574 ,1.101 ,0.331 ,1.432 ,-5.071,1990.173,0,0.092105,501
ZINC02135324_167,1C5T.pdb_1GJ6.pdb_1QBO.pdb,0.499 ,0.336 ,0.164 ,0.326 ,0.241 ,0.567 ,1.102 ,0.338 ,1.440 ,-4.867,2004.971,0,0.056225,502
ZINC01552869_78,1C5T.pdb_1GJ6.pdb_1QBO.pdb,0.499 ,0.367 ,0.132 ,0.344 ,0.210 ,0.554 ,1.221 ,0.262 ,1.483 ,-4.255,2117.562,0,0.146789,503
ZINC00902681_38,1C5T.pdb_1GJ6.pdb_1QBO.pdb,0.499 ,0.384 ,0.115 ,0.367 ,0.178 ,0.545 ,1.141 ,0.245 ,1.387 ,-3.601,2262.038,0,0.076596,504
ZINC00902607_36,1C5T.pdb_1GJ6.pdb_1QBO.pdb,0.499 ,0.384 ,0.115 ,0.366 ,0.178 ,0.544 ,1.142 ,0.245 ,1.388 ,-3.602,2257.131,0,0.115556,505
ZINC04110642_24,1C5T.pdb_1GJ6.pdb_1QBO.pdb,0.498 ,0.351 ,0.146 ,0.332 ,0.212 ,0.544 ,1.204 ,0.319 ,1.524 ,-4.274,2039.808,0,0.079295,506
ZINC03977126_132,1C5T.pdb_1GJ6.pdb_1QBO.pdb,0.498 ,0.373 ,0.125 ,0.351 ,0.175 ,0.525 ,1.201 ,0.305 ,1.506 ,-3.501,2159.620,0,0.074890,507
ZINC03850343_27,1C5T.pdb_1GJ6.pdb_1QBO.pdb,0.498 ,0.341 ,0.157 ,0.321 ,0.232 ,0.553 ,1.224 ,0.326 ,1.550 ,-4.678,1973.078,0,0.053333,508
ZINC03841656_102,1C5T.pdb_1GJ6.pdb_1QBO.pdb,0.498 ,0.353 ,0.145 ,0.339 ,0.228 ,0.567 ,1.126 ,0.285 ,1.411 ,-4.626,2089.408,0,0.039526,509
ZINC03367645_25,1C5T.pdb_1GJ6.pdb_1QBO.pdb,0.498 ,0.297 ,0.201 ,0.289 ,0.258 ,0.547 ,1.103 ,0.477 ,1.581 ,-5.160,1773.887,0,0.081081,510
ZINC02224425_76,1C5T.pdb_1GJ6.pdb_1QBO.pdb,0.498 ,0.305 ,0.193 ,0.301 ,0.274 ,0.575 ,1.042 ,0.394 ,1.436 ,-5.524,1854.436,0,0.091324,511
ZINC01909188_162,1C5T.pdb_1GJ6.pdb_1QBO.pdb,0.498 ,0.290 ,0.208 ,0.297 ,0.325 ,0.623 ,0.925 ,0.365 ,1.290 ,-6.634,1833.498,0,0.099585,512
ZINC01549835_66,1C5T.pdb_1GJ6.pdb_1QBO.pdb,0.498 ,0.338 ,0.160 ,0.328 ,0.230 ,0.558 ,1.099 ,0.346 ,1.444 ,-4.626,2022.747,0,0.153153,513
ZINC01536785_138,1C5T.pdb_1GJ6.pdb_1QBO.pdb,0.498 ,0.360 ,0.138 ,0.335 ,0.201 ,0.536 ,1.267 ,0.303 ,1.570 ,-4.054,2058.549,0,0.090909,514
ZINC03834141_190,1C5T.pdb_1GJ6.pdb_1QBO.pdb,0.498 ,0.332 ,0.167 ,0.323 ,0.225 ,0.547 ,1.091 ,0.392 ,1.482 ,-4.501,1987.737,1,0.134783,515
ZINC04410159_71,1C5T.pdb_1GJ6.pdb_1QBO.pdb,0.497 ,0.359 ,0.138 ,0.333 ,0.202 ,0.535 ,1.280 ,0.305 ,1.585 ,-4.077,2044.569,0,0.068807,516
ZINC04217907_1,1C5T.pdb_1GJ6.pdb_1QBO.pdb,0.497 ,0.360 ,0.137 ,0.334 ,0.195 ,0.529 ,1.279 ,0.316 ,1.595 ,-3.927,2051.823,0,0.093023,517
ZINC04001531_50,1C5T.pdb_1GJ6.pdb_1QBO.pdb,0.497 ,0.358 ,0.139 ,0.337 ,0.207 ,0.544 ,1.207 ,0.298 ,1.504 ,-4.168,2075.921,0,0.081897,518
ZINC03992806_125,1C5T.pdb_1GJ6.pdb_1QBO.pdb,0.497 ,0.350 ,0.147 ,0.331 ,0.207 ,0.539 ,1.195 ,0.335 ,1.529 ,-4.167,2037.895,0,0.025751,519
ZINC03941621_177,1C5T.pdb_1GJ6.pdb_1QBO.pdb,0.497 ,0.370 ,0.127 ,0.348 ,0.187 ,0.535 ,1.208 ,0.282 ,1.490 ,-3.774,2140.820,0,0.108597,520
ZINC03825961_112,1C5T.pdb_1GJ6.pdb_1QBO.pdb,0.497 ,0.325 ,0.172 ,0.314 ,0.238 ,0.552 ,1.116 ,0.384 ,1.500 ,-4.782,1933.091,0,0.027559,521
ZINC03800681_166,1C5T.pdb_1GJ6.pdb_1QBO.pdb,0.497 ,0.307 ,0.190 ,0.306 ,0.258 ,0.564 ,1.015 ,0.417 ,1.432 ,-5.185,1881.937,0,0.039683,522
ZINC03446996_192,1C5T.pdb_1GJ6.pdb_1QBO.pdb,0.497 ,0.367 ,0.130 ,0.333 ,0.171 ,0.503 ,1.394 ,0.356 ,1.750 ,-3.406,2041.424,0,0.072398,523
ZINC03421130_9,1C5T.pdb_1GJ6.pdb_1QBO.pdb,0.497 ,0.353 ,0.145 ,0.338 ,0.210 ,0.548 ,1.145 ,0.316 ,1.461 ,-4.233,2079.693,0,0.083700,524
ZINC03416473_164,1C5T.pdb_1GJ6.pdb_1QBO.pdb,0.497 ,0.326 ,0.171 ,0.307 ,0.236 ,0.544 ,1.238 ,0.382 ,1.620 ,-4.752,1885.626,0,0.066372,525
ZINC02973482_198,1C5T.pdb_1GJ6.pdb_1QBO.pdb,0.497 ,0.334 ,0.163 ,0.322 ,0.234 ,0.556 ,1.116 ,0.352 ,1.467 ,-4.706,1984.517,0,0.072072,526
ZINC02952022_130,1C5T.pdb_1GJ6.pdb_1QBO.pdb,0.497 ,0.336 ,0.162 ,0.319 ,0.225 ,0.544 ,1.186 ,0.364 ,1.550 ,-4.526,1960.019,0,0.079646,527
ZINC02245596_168,1C5T.pdb_1GJ6.pdb_1QBO.pdb,0.497 ,0.349 ,0.147 ,0.328 ,0.209 ,0.538 ,1.228 ,0.331 ,1.559 ,-4.210,2017.476,0,0.059091,528
ZINC01095751_162,1C5T.pdb_1GJ6.pdb_1QBO.pdb,0.497 ,0.351 ,0.146 ,0.328 ,0.200 ,0.528 ,1.252 ,0.350 ,1.602 ,-4.014,2013.358,0,0.070093,529
ZINC04222191_100,1C5T.pdb_1GJ6.pdb_1QBO.pdb,0.496 ,0.347 ,0.149 ,0.328 ,0.210 ,0.538 ,1.204 ,0.340 ,1.544 ,-4.229,2014.744,0,0.077253,530
ZINC04001504_195,1C5T.pdb_1GJ6.pdb_1QBO.pdb,0.496 ,0.359 ,0.137 ,0.335 ,0.198 ,0.534 ,1.249 ,0.306 ,1.555 ,-3.993,2061.633,0,0.086364,531
ZINC03989511_18,1C5T.pdb_1GJ6.pdb_1QBO.pdb,0.496 ,0.360 ,0.136 ,0.332 ,0.199 ,0.531 ,1.314 ,0.300 ,1.613 ,-4.010,2037.110,0,0.040724,532
ZINC03969854_189,1C5T.pdb_1GJ6.pdb_1QBO.pdb,0.496 ,0.347 ,0.150 ,0.324 ,0.211 ,0.534 ,1.255 ,0.340 ,1.596 ,-4.231,1990.363,0,0.059322,533
ZINC03891143_36,1C5T.pdb_1GJ6.pdb_1QBO.pdb,0.496 ,0.406 ,0.090 ,0.381 ,0.147 ,0.527 ,1.193 ,0.190 ,1.383 ,-2.974,2347.154,0,0.042017,534
ZINC03670390_179,1C5T.pdb_1GJ6.pdb_1QBO.pdb,0.496 ,0.373 ,0.123 ,0.347 ,0.187 ,0.534 ,1.250 ,0.263 ,1.514 ,-3.776,2134.165,0,0.048035,535
ZINC02973482_80,1C5T.pdb_1GJ6.pdb_1QBO.pdb,0.496 ,0.333 ,0.163 ,0.322 ,0.234 ,0.555 ,1.114 ,0.352 ,1.465 ,-4.706,1981.119,0,0.062500,536
ZINC02604747_52,1C5T.pdb_1GJ6.pdb_1QBO.pdb,0.496 ,0.351 ,0.145 ,0.334 ,0.223 ,0.557 ,1.168 ,0.295 ,1.463 ,-4.512,2054.429,0,0.079295,537
ZINC02192461_66,1C5T.pdb_1GJ6.pdb_1QBO.pdb,0.496 ,0.351 ,0.146 ,0.336 ,0.223 ,0.559 ,1.143 ,0.296 ,1.439 ,-4.522,2067.683,0,0.082969,538
ZINC02135249_155,1C5T.pdb_1GJ6.pdb_1QBO.pdb,0.496 ,0.358 ,0.139 ,0.342 ,0.220 ,0.562 ,1.142 ,0.273 ,1.415 ,-4.464,2108.663,0,0.062500,539
ZINC01549838_49,1C5T.pdb_1GJ6.pdb_1QBO.pdb,0.496 ,0.323 ,0.172 ,0.315 ,0.238 ,0.553 ,1.092 ,0.385 ,1.477 ,-4.783,1937.475,0,0.154545,540
ZINC01539449_163,1C5T.pdb_1GJ6.pdb_1QBO.pdb,0.496 ,0.316 ,0.180 ,0.302 ,0.233 ,0.535 ,1.173 ,0.442 ,1.615 ,-4.664,1854.055,0,0.109091,541
ZINC03834143_113,1C5T.pdb_1GJ6.pdb_1QBO.pdb,0.496 ,0.340 ,0.156 ,0.325 ,0.212 ,0.537 ,1.164 ,0.370 ,1.534 ,-4.257,1997.213,1,0.110619,542
ZINC04383601_46,1C5T.pdb_1GJ6.pdb_1QBO.pdb,0.495 ,0.352 ,0.143 ,0.337 ,0.202 ,0.539 ,1.142 ,0.327 ,1.469 ,-4.062,2075.332,0,0.115226,543
ZINC04185339_153,1C5T.pdb_1GJ6.pdb_1QBO.pdb,0.495 ,0.342 ,0.153 ,0.317 ,0.208 ,0.525 ,1.301 ,0.364 ,1.665 ,-4.176,1946.203,0,0.083721,544
ZINC04004468_84,1C5T.pdb_1GJ6.pdb_1QBO.pdb,0.495 ,0.322 ,0.173 ,0.302 ,0.239 ,0.541 ,1.256 ,0.387 ,1.642 ,-4.805,1854.536,0,0.081818,545
ZINC03889849_170,1C5T.pdb_1GJ6.pdb_1QBO.pdb,0.495 ,0.346 ,0.149 ,0.327 ,0.198 ,0.525 ,1.208 ,0.376 ,1.584 ,-3.954,2009.335,0,0.038298,546
ZINC03517673_189,1C5T.pdb_1GJ6.pdb_1QBO.pdb,0.495 ,0.344 ,0.151 ,0.330 ,0.206 ,0.537 ,1.143 ,0.360 ,1.503 ,-4.137,2032.516,0,0.092920,547
ZINC03361773_198,1C5T.pdb_1GJ6.pdb_1QBO.pdb,0.495 ,0.341 ,0.153 ,0.320 ,0.211 ,0.531 ,1.240 ,0.360 ,1.600 ,-4.229,1967.522,0,0.055556,548
ZINC03352882_163,1C5T.pdb_1GJ6.pdb_1QBO.pdb,0.495 ,0.367 ,0.129 ,0.342 ,0.190 ,0.532 ,1.244 ,0.285 ,1.529 ,-3.829,2104.013,0,0.092920,549
ZINC03309011_22,1C5T.pdb_1GJ6.pdb_1QBO.pdb,0.495 ,0.367 ,0.129 ,0.334 ,0.190 ,0.524 ,1.357 ,0.286 ,1.642 ,-3.823,2052.969,0,0.118483,550
ZINC03022164_91,1C5T.pdb_1GJ6.pdb_1QBO.pdb,0.495 ,0.395 ,0.100 ,0.356 ,0.139 ,0.495 ,1.386 ,0.264 ,1.650 ,-2.775,2186.281,0,0.101852,551
ZINC02656850_91,1C5T.pdb_1GJ6.pdb_1QBO.pdb,0.495 ,0.339 ,0.156 ,0.317 ,0.213 ,0.530 ,1.259 ,0.371 ,1.630 ,-4.266,1946.216,0,0.066964,552
ZINC02006923_110,1C5T.pdb_1GJ6.pdb_1QBO.pdb,0.495 ,0.330 ,0.165 ,0.313 ,0.236 ,0.549 ,1.191 ,0.355 ,1.546 ,-4.756,1924.441,0,0.098214,553
ZINC01553940_145,1C5T.pdb_1GJ6.pdb_1QBO.pdb,0.495 ,0.320 ,0.175 ,0.317 ,0.255 ,0.573 ,1.022 ,0.359 ,1.381 ,-5.157,1955.911,0,0.133333,554
ZINC01537299_15,1C5T.pdb_1GJ6.pdb_1QBO.pdb,0.495 ,0.350 ,0.145 ,0.332 ,0.240 ,0.572 ,1.185 ,0.269 ,1.454 ,-4.896,2041.720,0,0.045455,555
ZINC01109894_73,1C5T.pdb_1GJ6.pdb_1QBO.pdb,0.495 ,0.391 ,0.104 ,0.357 ,0.148 ,0.505 ,1.320 ,0.258 ,1.578 ,-2.962,2196.409,0,0.106481,556
ZINC03834152_188,1C5T.pdb_1GJ6.pdb_1QBO.pdb,0.495 ,0.338 ,0.157 ,0.321 ,0.214 ,0.534 ,1.195 ,0.373 ,1.568 ,-4.282,1970.859,1,0.134259,557
ZINC03959476_151,1C5T.pdb_1GJ6.pdb_1QBO.pdb,0.494 ,0.331 ,0.163 ,0.320 ,0.227 ,0.547 ,1.113 ,0.367 ,1.480 ,-4.559,1970.146,0,0.124424,558
ZINC03818733_130,1C5T.pdb_1GJ6.pdb_1QBO.pdb,0.494 ,0.342 ,0.152 ,0.317 ,0.214 ,0.530 ,1.310 ,0.345 ,1.655 ,-4.296,1943.592,0,0.063348,559
ZINC03818733_130,1C5T.pdb_1GJ6.pdb_1QBO.pdb,0.494 ,0.342 ,0.152 ,0.317 ,0.214 ,0.530 ,1.310 ,0.345 ,1.655 ,-4.296,1943.592,0,0.063348,560
ZINC03766053_92,1C5T.pdb_1GJ6.pdb_1QBO.pdb,0.494 ,0.393 ,0.101 ,0.374 ,0.152 ,0.526 ,1.150 ,0.229 ,1.379 ,-3.072,2303.925,0,0.072340,561
ZINC03558930_157,1C5T.pdb_1GJ6.pdb_1QBO.pdb,0.494 ,0.369 ,0.125 ,0.342 ,0.175 ,0.517 ,1.272 ,0.305 ,1.577 ,-3.503,2105.059,0,0.049107,562
ZINC03552654_114,1C5T.pdb_1GJ6.pdb_1QBO.pdb,0.494 ,0.347 ,0.147 ,0.327 ,0.209 ,0.536 ,1.211 ,0.331 ,1.542 ,-4.206,2011.166,0,0.075556,563
ZINC03506067_6,1C5T.pdb_1GJ6.pdb_1QBO.pdb,0.494 ,0.358 ,0.137 ,0.328 ,0.174 ,0.502 ,1.344 ,0.388 ,1.732 ,-3.466,2011.839,0,0.100962,564
ZINC03344415_159,1C5T.pdb_1GJ6.pdb_1QBO.pdb,0.494 ,0.370 ,0.124 ,0.337 ,0.165 ,0.502 ,1.353 ,0.334 ,1.687 ,-3.290,2071.681,0,0.070423,565
ZINC03329295_29,1C5T.pdb_1GJ6.pdb_1QBO.pdb,0.494 ,0.330 ,0.164 ,0.320 ,0.228 ,0.548 ,1.098 ,0.368 ,1.467 ,-4.588,1970.411,0,0.069565,566
ZINC02970984_141,1C5T.pdb_1GJ6.pdb_1QBO.pdb,0.494 ,0.326 ,0.168 ,0.324 ,0.246 ,0.569 ,1.024 ,0.345 ,1.369 ,-4.960,1995.079,0,0.072340,567
ZINC02712627_44,1C5T.pdb_1GJ6.pdb_1QBO.pdb,0.494 ,0.379 ,0.115 ,0.353 ,0.176 ,0.529 ,1.248 ,0.248 ,1.496 ,-3.564,2169.364,0,0.062780,568
ZINC02700308_15,1C5T.pdb_1GJ6.pdb_1QBO.pdb,0.494 ,0.371 ,0.123 ,0.347 ,0.182 ,0.529 ,1.233 ,0.274 ,1.507 ,-3.675,2132.968,0,0.060870,569
ZINC02389477_124,1C5T.pdb_1GJ6.pdb_1QBO.pdb,0.494 ,0.387 ,0.107 ,0.356 ,0.162 ,0.518 ,1.296 ,0.239 ,1.535 ,-3.268,2187.361,0,0.078341,570
ZINC00902674_53,1C5T.pdb_1GJ6.pdb_1QBO.pdb,0.494 ,0.363 ,0.132 ,0.351 ,0.201 ,0.552 ,1.095 ,0.277 ,1.371 ,-4.058,2167.138,0,0.104803,571
ZINC03919661_118,1C5T.pdb_1GJ6.pdb_1QBO.pdb,0.493 ,0.352 ,0.141 ,0.328 ,0.200 ,0.527 ,1.273 ,0.323 ,1.596 ,-4.010,2013.621,0,0.042017,572
ZINC03838230_20,1C5T.pdb_1GJ6.pdb_1QBO.pdb,0.493 ,0.332 ,0.160 ,0.326 ,0.242 ,0.568 ,1.069 ,0.320 ,1.389 ,-4.907,2005.112,0,0.140351,573
ZINC03818733_155,1C5T.pdb_1GJ6.pdb_1QBO.pdb,0.493 ,0.341 ,0.152 ,0.316 ,0.213 ,0.529 ,1.306 ,0.344 ,1.650 ,-4.289,1938.638,0,0.057522,574
ZINC03817868_50,1C5T.pdb_1GJ6.pdb_1QBO.pdb,0.493 ,0.377 ,0.116 ,0.347 ,0.168 ,0.516 ,1.290 ,0.272 ,1.562 ,-3.384,2135.626,0,0.080357,575
ZINC03804651_56,1C5T.pdb_1GJ6.pdb_1QBO.pdb,0.493 ,0.379 ,0.114 ,0.357 ,0.165 ,0.523 ,1.192 ,0.267 ,1.459 ,-3.319,2200.781,0,0.096916,576
ZINC03422554_150,1C5T.pdb_1GJ6.pdb_1QBO.pdb,0.493 ,0.298 ,0.194 ,0.290 ,0.263 ,0.554 ,1.104 ,0.426 ,1.530 ,-5.291,1783.917,0,0.095455,577
ZINC03367635_151,1C5T.pdb_1GJ6.pdb_1QBO.pdb,0.493 ,0.307 ,0.187 ,0.299 ,0.250 ,0.549 ,1.085 ,0.425 ,1.511 ,-5.007,1841.457,0,0.076577,578
ZINC02965443_163,1C5T.pdb_1GJ6.pdb_1QBO.pdb,0.493 ,0.361 ,0.132 ,0.341 ,0.183 ,0.524 ,1.194 ,0.319 ,1.513 ,-3.668,2098.684,0,0.059574,579
ZINC02948645_14,1C5T.pdb_1GJ6.pdb_1QBO.pdb,0.493 ,0.340 ,0.153 ,0.321 ,0.215 ,0.537 ,1.205 ,0.348 ,1.553 ,-4.329,1974.662,0,0.068807,580
ZINC02656913_5,1C5T.pdb_1GJ6.pdb_1QBO.pdb,0.493 ,0.338 ,0.155 ,0.319 ,0.223 ,0.542 ,1.214 ,0.336 ,1.549 ,-4.495,1961.638,0,0.084821,581
ZINC02378743_148,1C5T.pdb_1GJ6.pdb_1QBO.pdb,0.493 ,0.360 ,0.133 ,0.333 ,0.186 ,0.520 ,1.287 ,0.318 ,1.605 ,-3.739,2049.133,0,0.069767,582
ZINC02025209_113,1C5T.pdb_1GJ6.pdb_1QBO.pdb,0.493 ,0.334 ,0.159 ,0.327 ,0.228 ,0.555 ,1.064 ,0.343 ,1.407 ,-4.590,2017.379,0,0.077922,583
ZINC01548416_43,1C5T.pdb_1GJ6.pdb_1QBO.pdb,0.493 ,0.355 ,0.137 ,0.333 ,0.223 ,0.556 ,1.230 ,0.264 ,1.494 ,-4.539,2048.753,0,0.033333,584
ZINC01534671_160,1C5T.pdb_1GJ6.pdb_1QBO.pdb,0.493 ,0.360 ,0.133 ,0.335 ,0.200 ,0.535 ,1.265 ,0.282 ,1.547 ,-4.043,2059.056,0,0.111607,585
ZINC00842631_57,1C5T.pdb_1GJ6.pdb_1QBO.pdb,0.493 ,0.399 ,0.094 ,0.361 ,0.135 ,0.497 ,1.355 ,0.237 ,1.592 ,-2.716,2219.530,0,0.070175,586
ZINC00588653_51,1C5T.pdb_1GJ6.pdb_1QBO.pdb,0.493 ,0.359 ,0.134 ,0.337 ,0.197 ,0.535 ,1.212 ,0.296 ,1.508 ,-3.971,2075.983,0,0.049107,587
ZINC00588653_51,1C5T.pdb_1GJ6.pdb_1QBO.pdb,0.493 ,0.359 ,0.134 ,0.337 ,0.197 ,0.535 ,1.212 ,0.296 ,1.508 ,-3.971,2075.983,0,0.049107,588
ZINC04185360_61,1C5T.pdb_1GJ6.pdb_1QBO.pdb,0.492 ,0.354 ,0.139 ,0.325 ,0.191 ,0.517 ,1.330 ,0.334 ,1.664 ,-3.835,1997.221,0,0.074419,589
ZINC04185326_46,1C5T.pdb_1GJ6.pdb_1QBO.pdb,0.492 ,0.353 ,0.139 ,0.326 ,0.192 ,0.518 ,1.306 ,0.336 ,1.641 ,-3.852,2001.630,0,0.093458,590
ZINC03944065_175,1C5T.pdb_1GJ6.pdb_1QBO.pdb,0.492 ,0.379 ,0.114 ,0.349 ,0.180 ,0.529 ,1.282 ,0.237 ,1.519 ,-3.636,2149.106,0,0.113122,591
ZINC03924300_151,1C5T.pdb_1GJ6.pdb_1QBO.pdb,0.492 ,0.304 ,0.188 ,0.296 ,0.256 ,0.552 ,1.094 ,0.414 ,1.508 ,-5.153,1819.328,0,0.106195,592
ZINC03889560_93,1C5T.pdb_1GJ6.pdb_1QBO.pdb,0.492 ,0.364 ,0.128 ,0.337 ,0.173 ,0.510 ,1.273 ,0.329 ,1.601 ,-3.459,2074.287,0,0.061674,593
ZINC03851510_91,1C5T.pdb_1GJ6.pdb_1QBO.pdb,0.492 ,0.338 ,0.154 ,0.329 ,0.204 ,0.533 ,1.088 ,0.387 ,1.474 ,-4.073,2025.358,0,0.106195,594
ZINC03817609_128,1C5T.pdb_1GJ6.pdb_1QBO.pdb,0.492 ,0.370 ,0.121 ,0.352 ,0.170 ,0.522 ,1.162 ,0.297 ,1.460 ,-3.416,2168.610,0,0.117117,595
ZINC02929230_34,1C5T.pdb_1GJ6.pdb_1QBO.pdb,0.492 ,0.333 ,0.159 ,0.316 ,0.210 ,0.527 ,1.186 ,0.398 ,1.584 ,-4.202,1945.451,0,0.052632,596
ZINC02135330_186,1C5T.pdb_1GJ6.pdb_1QBO.pdb,0.492 ,0.328 ,0.163 ,0.320 ,0.241 ,0.561 ,1.083 ,0.337 ,1.420 ,-4.860,1972.342,0,0.056000,597
ZINC02129327_44,1C5T.pdb_1GJ6.pdb_1QBO.pdb,0.492 ,0.378 ,0.115 ,0.357 ,0.176 ,0.534 ,1.179 ,0.247 ,1.426 ,-3.561,2201.174,0,0.068826,598
ZINC02128211_148,1C5T.pdb_1GJ6.pdb_1QBO.pdb,0.492 ,0.354 ,0.138 ,0.333 ,0.198 ,0.532 ,1.216 ,0.313 ,1.529 ,-3.991,2049.109,0,0.058333,599
ZINC01882072_189,1C5T.pdb_1GJ6.pdb_1QBO.pdb,0.492 ,0.314 ,0.178 ,0.304 ,0.233 ,0.536 ,1.127 ,0.431 ,1.558 ,-4.656,1866.580,0,0.034043,600
ZINC01760987_114,1C5T.pdb_1GJ6.pdb_1QBO.pdb,0.492 ,0.327 ,0.165 ,0.322 ,0.275 ,0.596 ,1.056 ,0.292 ,1.348 ,-5.617,1981.372,0,0.032258,601
ZINC00902617_35,1C5T.pdb_1GJ6.pdb_1QBO.pdb,0.492 ,0.384 ,0.108 ,0.367 ,0.177 ,0.544 ,1.141 ,0.217 ,1.359 ,-3.602,2261.663,0,0.076596,602
ZINC00771641_175,1C5T.pdb_1GJ6.pdb_1QBO.pdb,0.492 ,0.361 ,0.131 ,0.352 ,0.203 ,0.554 ,1.085 ,0.268 ,1.353 ,-4.109,2167.600,0,0.060484,603
ZINC03834144_52,1C5T.pdb_1GJ6.pdb_1QBO.pdb,0.492 ,0.309 ,0.183 ,0.307 ,0.265 ,0.572 ,1.021 ,0.372 ,1.393 ,-5.344,1890.215,1,0.132479,604
ZINC01494539_114,1C5T.pdb_1GJ6.pdb_1QBO.pdb,0.491 ,0.382 ,0.109 ,0.353 ,0.159 ,0.512 ,1.272 ,0.256 ,1.528 ,-3.189,2173.921,0,0.061674,605
ZINC04248905_86,1C5T.pdb_1GJ6.pdb_1QBO.pdb,0.491 ,0.335 ,0.156 ,0.315 ,0.231 ,0.546 ,1.234 ,0.324 ,1.558 ,-4.661,1936.554,0,0.063927,606
ZINC04013834_1,1C5T.pdb_1GJ6.pdb_1QBO.pdb,0.491 ,0.350 ,0.141 ,0.327 ,0.189 ,0.516 ,1.241 ,0.359 ,1.600 ,-3.778,2013.044,0,0.100000,607
ZINC03889240_118,1C5T.pdb_1GJ6.pdb_1QBO.pdb,0.491 ,0.345 ,0.146 ,0.334 ,0.226 ,0.560 ,1.103 ,0.293 ,1.396 ,-4.577,2059.311,0,0.062222,608
ZINC03857535_145,1C5T.pdb_1GJ6.pdb_1QBO.pdb,0.491 ,0.343 ,0.148 ,0.329 ,0.203 ,0.533 ,1.136 ,0.355 ,1.491 ,-4.075,2027.986,0,0.093333,609
ZINC03820286_124,1C5T.pdb_1GJ6.pdb_1QBO.pdb,0.491 ,0.349 ,0.142 ,0.328 ,0.218 ,0.546 ,1.222 ,0.289 ,1.512 ,-4.421,2015.450,0,0.081545,610
ZINC03819383_85,1C5T.pdb_1GJ6.pdb_1QBO.pdb,0.491 ,0.323 ,0.168 ,0.321 ,0.240 ,0.560 ,1.023 ,0.361 ,1.384 ,-4.832,1975.730,0,0.090909,611
ZINC02134297_82,1C5T.pdb_1GJ6.pdb_1QBO.pdb,0.491 ,0.354 ,0.137 ,0.346 ,0.211 ,0.557 ,1.072 ,0.279 ,1.352 ,-4.274,2132.094,0,0.010909,612
ZINC02130566_109,1C5T.pdb_1GJ6.pdb_1QBO.pdb,0.491 ,0.328 ,0.163 ,0.322 ,0.241 ,0.562 ,1.065 ,0.337 ,1.402 ,-4.860,1980.579,0,0.071713,613
ZINC01893284_90,1C5T.pdb_1GJ6.pdb_1QBO.pdb,0.491 ,0.351 ,0.140 ,0.336 ,0.216 ,0.552 ,1.145 ,0.285 ,1.430 ,-4.364,2070.724,0,0.069264,614
ZINC01548784_127,1C5T.pdb_1GJ6.pdb_1QBO.pdb,0.491 ,0.382 ,0.109 ,0.353 ,0.155 ,0.508 ,1.277 ,0.271 ,1.548 ,-3.111,2169.261,0,0.058577,615
ZINC01322331_140,1C5T.pdb_1GJ6.pdb_1QBO.pdb,0.491 ,0.368 ,0.123 ,0.345 ,0.198 ,0.543 ,1.215 ,0.247 ,1.462 ,-4.013,2124.547,0,0.060241,616
ZINC00841069_129,1C5T.pdb_1GJ6.pdb_1QBO.pdb,0.491 ,0.349 ,0.142 ,0.335 ,0.201 ,0.536 ,1.136 ,0.325 ,1.461 ,-4.049,2062.563,0,0.116071,617
ZINC00787133_155,1C5T.pdb_1GJ6.pdb_1QBO.pdb,0.491 ,0.367 ,0.125 ,0.347 ,0.186 ,0.534 ,1.179 ,0.274 ,1.453 ,-3.755,2137.813,0,0.100000,618
ZINC04619258_170,1C5T.pdb_1GJ6.pdb_1QBO.pdb,0.490 ,0.342 ,0.147 ,0.332 ,0.214 ,0.546 ,1.101 ,0.321 ,1.422 ,-4.302,2044.579,0,0.080357,619
ZINC03841635_2,1C5T.pdb_1GJ6.pdb_1QBO.pdb,0.490 ,0.364 ,0.127 ,0.340 ,0.192 ,0.533 ,1.232 ,0.270 ,1.502 ,-3.882,2093.282,0,0.019841,620
ZINC03820719_87,1C5T.pdb_1GJ6.pdb_1QBO.pdb,0.490 ,0.392 ,0.099 ,0.359 ,0.141 ,0.500 ,1.302 ,0.246 ,1.548 ,-2.831,2209.404,0,0.059322,621
ZINC03820514_199,1C5T.pdb_1GJ6.pdb_1QBO.pdb,0.490 ,0.374 ,0.115 ,0.351 ,0.167 ,0.518 ,1.222 ,0.270 ,1.492 ,-3.355,2158.080,0,0.113636,622
ZINC03807319_74,1C5T.pdb_1GJ6.pdb_1QBO.pdb,0.490 ,0.337 ,0.153 ,0.327 ,0.227 ,0.554 ,1.103 ,0.320 ,1.422 ,-4.589,2010.716,0,0.131579,623
ZINC03444529_48,1C5T.pdb_1GJ6.pdb_1QBO.pdb,0.490 ,0.401 ,0.089 ,0.358 ,0.122 ,0.480 ,1.422 ,0.246 ,1.668 ,-2.428,2200.795,0,0.070093,624
ZINC03345168_168,1C5T.pdb_1GJ6.pdb_1QBO.pdb,0.490 ,0.351 ,0.139 ,0.340 ,0.219 ,0.559 ,1.103 ,0.274 ,1.377 ,-4.448,2096.549,0,0.063559,625
ZINC03322733_26,1C5T.pdb_1GJ6.pdb_1QBO.pdb,0.490 ,0.371 ,0.119 ,0.339 ,0.164 ,0.503 ,1.334 ,0.304 ,1.638 ,-3.284,2083.489,0,0.073733,626
ZINC02939218_190,1C5T.pdb_1GJ6.pdb_1QBO.pdb,0.490 ,0.304 ,0.186 ,0.293 ,0.254 ,0.547 ,1.145 ,0.411 ,1.555 ,-5.108,1799.748,0,0.085973,627
ZINC02388022_139,1C5T.pdb_1GJ6.pdb_1QBO.pdb,0.490 ,0.364 ,0.126 ,0.345 ,0.205 ,0.550 ,1.181 ,0.247 ,1.428 ,-4.160,2124.072,0,0.033613,628
ZINC02133048_42,1C5T.pdb_1GJ6.pdb_1QBO.pdb,0.490 ,0.343 ,0.147 ,0.320 ,0.204 ,0.524 ,1.255 ,0.347 ,1.601 ,-4.087,1968.163,0,0.048246,629
ZINC00902583_177,1C5T.pdb_1GJ6.pdb_1QBO.pdb,0.490 ,0.336 ,0.154 ,0.334 ,0.236 ,0.571 ,1.015 ,0.307 ,1.322 ,-4.791,2062.142,0,0.118943,630
ZINC00588956_9,1C5T.pdb_1GJ6.pdb_1QBO.pdb,0.490 ,0.299 ,0.191 ,0.293 ,0.245 ,0.537 ,1.079 ,0.464 ,1.543 ,-4.890,1799.880,0,0.077253,631
ZINC04619145_132,1C5T.pdb_1GJ6.pdb_1QBO.pdb,0.489 ,0.347 ,0.142 ,0.327 ,0.190 ,0.517 ,1.212 ,0.361 ,1.572 ,-3.804,2009.162,0,0.092166,632
ZINC04383607_116,1C5T.pdb_1GJ6.pdb_1QBO.pdb,0.489 ,0.351 ,0.138 ,0.337 ,0.202 ,0.539 ,1.137 ,0.303 ,1.440 ,-4.062,2075.100,0,0.092000,633
ZINC04289438_134,1C5T.pdb_1GJ6.pdb_1QBO.pdb,0.489 ,0.295 ,0.194 ,0.282 ,0.249 ,0.531 ,1.174 ,0.471 ,1.645 ,-4.972,1732.995,0,0.070755,634
ZINC04147305_126,1C5T.pdb_1GJ6.pdb_1QBO.pdb,0.489 ,0.405 ,0.084 ,0.384 ,0.146 ,0.530 ,1.158 ,0.164 ,1.322 ,-2.980,2368.638,0,0.046332,635
ZINC03891132_122,1C5T.pdb_1GJ6.pdb_1QBO.pdb,0.489 ,0.334 ,0.155 ,0.321 ,0.243 ,0.565 ,1.131 ,0.298 ,1.430 ,-4.945,1977.720,0,0.047210,636
ZINC03842254_93,1C5T.pdb_1GJ6.pdb_1QBO.pdb,0.489 ,0.277 ,0.212 ,0.285 ,0.299 ,0.584 ,0.909 ,0.421 ,1.330 ,-6.047,1754.806,0,0.123894,637
ZINC03840219_168,1C5T.pdb_1GJ6.pdb_1QBO.pdb,0.489 ,0.374 ,0.114 ,0.343 ,0.175 ,0.518 ,1.325 ,0.247 ,1.572 ,-3.543,2106.430,0,0.028455,638
ZINC03336530_162,1C5T.pdb_1GJ6.pdb_1QBO.pdb,0.489 ,0.350 ,0.139 ,0.319 ,0.186 ,0.505 ,1.394 ,0.353 ,1.747 ,-3.717,1956.528,0,0.064220,639
ZINC03271207_14,1C5T.pdb_1GJ6.pdb_1QBO.pdb,0.489 ,0.302 ,0.187 ,0.292 ,0.243 ,0.536 ,1.120 ,0.450 ,1.570 ,-4.863,1797.307,0,0.073394,640
ZINC02616762_70,1C5T.pdb_1GJ6.pdb_1QBO.pdb,0.489 ,0.344 ,0.145 ,0.329 ,0.205 ,0.534 ,1.153 ,0.331 ,1.484 ,-4.115,2024.826,0,0.070796,641
ZINC02402354_18,1C5T.pdb_1GJ6.pdb_1QBO.pdb,0.489 ,0.368 ,0.121 ,0.351 ,0.188 ,0.538 ,1.160 ,0.253 ,1.413 ,-3.794,2159.186,0,0.085586,642
ZINC02160908_119,1C5T.pdb_1GJ6.pdb_1QBO.pdb,0.489 ,0.370 ,0.119 ,0.342 ,0.169 ,0.511 ,1.283 ,0.287 ,1.570 ,-3.386,2103.444,0,0.047826,643
ZINC01551243_23,1C5T.pdb_1GJ6.pdb_1QBO.pdb,0.489 ,0.311 ,0.178 ,0.295 ,0.231 ,0.525 ,1.224 ,0.437 ,1.661 ,-4.612,1809.055,0,0.112676,644
ZINC01124510_94,1C5T.pdb_1GJ6.pdb_1QBO.pdb,0.489 ,0.341 ,0.148 ,0.323 ,0.205 ,0.528 ,1.191 ,0.349 ,1.541 ,-4.105,1987.329,0,0.057778,645
ZINC00647538_159,1C5T.pdb_1GJ6.pdb_1QBO.pdb,0.489 ,0.336 ,0.153 ,0.314 ,0.209 ,0.523 ,1.251 ,0.365 ,1.615 ,-4.188,1931.205,0,0.069444,646
ZINC03822342_139,1C5T.pdb_1GJ6.pdb_1QBO.pdb,0.488 ,0.322 ,0.166 ,0.310 ,0.250 ,0.560 ,1.135 ,0.330 ,1.466 ,-5.056,1909.380,0,0.094170,647
ZINC03820960_73,1C5T.pdb_1GJ6.pdb_1QBO.pdb,0.488 ,0.369 ,0.119 ,0.351 ,0.177 ,0.528 ,1.161 ,0.267 ,1.427 ,-3.574,2160.433,0,0.071130,648
ZINC03820286_148,1C5T.pdb_1GJ6.pdb_1QBO.pdb,0.488 ,0.346 ,0.142 ,0.326 ,0.218 ,0.544 ,1.214 ,0.289 ,1.503 ,-4.415,2003.685,0,0.087719,649
ZINC03368360_36,1C5T.pdb_1GJ6.pdb_1QBO.pdb,0.488 ,0.378 ,0.110 ,0.343 ,0.152 ,0.496 ,1.366 ,0.282 ,1.648 ,-3.047,2108.922,0,0.061611,650
ZINC02970965_6,1C5T.pdb_1GJ6.pdb_1QBO.pdb,0.488 ,0.334 ,0.155 ,0.322 ,0.217 ,0.538 ,1.127 ,0.350 ,1.477 ,-4.358,1978.926,0,0.070175,651
ZINC02195813_97,1C5T.pdb_1GJ6.pdb_1QBO.pdb,0.488 ,0.364 ,0.125 ,0.347 ,0.186 ,0.533 ,1.151 ,0.274 ,1.425 ,-3.755,2137.893,0,0.098655,652
ZINC01893284_104,1C5T.pdb_1GJ6.pdb_1QBO.pdb,0.488 ,0.334 ,0.153 ,0.324 ,0.233 ,0.557 ,1.103 ,0.309 ,1.412 ,-4.725,1995.185,0,0.078603,653
ZINC00762710_77,1C5T.pdb_1GJ6.pdb_1QBO.pdb,0.488 ,0.341 ,0.147 ,0.323 ,0.196 ,0.519 ,1.193 ,0.372 ,1.565 ,-3.921,1984.626,0,0.077982,654
ZINC04620315_3,1C5T.pdb_1GJ6.pdb_1QBO.pdb,0.487 ,0.366 ,0.121 ,0.348 ,0.186 ,0.533 ,1.170 ,0.257 ,1.426 ,-3.752,2140.528,0,0.063291,655
ZINC03991702_146,1C5T.pdb_1GJ6.pdb_1QBO.pdb,0.487 ,0.342 ,0.145 ,0.319 ,0.199 ,0.518 ,1.269 ,0.347 ,1.617 ,-3.999,1957.156,0,0.095890,656
ZINC03990238_88,1C5T.pdb_1GJ6.pdb_1QBO.pdb,0.487 ,0.359 ,0.129 ,0.346 ,0.195 ,0.541 ,1.119 ,0.275 ,1.394 ,-3.938,2128.989,0,0.072034,657
ZINC03989555_33,1C5T.pdb_1GJ6.pdb_1QBO.pdb,0.487 ,0.356 ,0.131 ,0.338 ,0.193 ,0.531 ,1.180 ,0.290 ,1.470 ,-3.887,2080.214,0,0.079295,658
ZINC03971724_190,1C5T.pdb_1GJ6.pdb_1QBO.pdb,0.487 ,0.350 ,0.137 ,0.328 ,0.190 ,0.518 ,1.241 ,0.332 ,1.572 ,-3.806,2014.717,0,0.082969,659
ZINC03867337_104,1C5T.pdb_1GJ6.pdb_1QBO.pdb,0.487 ,0.375 ,0.112 ,0.354 ,0.168 ,0.523 ,1.182 ,0.253 ,1.435 ,-3.392,2182.074,0,0.047619,660
ZINC03819389_116,1C5T.pdb_1GJ6.pdb_1QBO.pdb,0.487 ,0.353 ,0.134 ,0.335 ,0.181 ,0.516 ,1.182 ,0.344 ,1.525 ,-3.617,2060.024,0,0.072072,661
ZINC03818900_150,1C5T.pdb_1GJ6.pdb_1QBO.pdb,0.487 ,0.318 ,0.169 ,0.305 ,0.240 ,0.545 ,1.159 ,0.362 ,1.522 ,-4.843,1874.527,0,0.051724,662
ZINC03800699_22,1C5T.pdb_1GJ6.pdb_1QBO.pdb,0.487 ,0.292 ,0.195 ,0.283 ,0.249 ,0.532 ,1.116 ,0.472 ,1.589 ,-4.981,1739.213,0,0.101382,663
ZINC03796166_74,1C5T.pdb_1GJ6.pdb_1QBO.pdb,0.487 ,0.362 ,0.125 ,0.346 ,0.180 ,0.527 ,1.144 ,0.292 ,1.435 ,-3.625,2132.815,0,0.053061,664
ZINC03571166_37,1C5T.pdb_1GJ6.pdb_1QBO.pdb,0.487 ,0.374 ,0.113 ,0.344 ,0.154 ,0.499 ,1.301 ,0.293 ,1.594 ,-3.089,2117.279,0,0.083721,665
ZINC03517672_33,1C5T.pdb_1GJ6.pdb_1QBO.pdb,0.487 ,0.382 ,0.104 ,0.357 ,0.149 ,0.505 ,1.234 ,0.259 ,1.493 ,-2.977,2194.530,0,0.092511,666
ZINC03344411_155,1C5T.pdb_1GJ6.pdb_1QBO.pdb,0.487 ,0.355 ,0.132 ,0.330 ,0.179 ,0.509 ,1.279 ,0.332 ,1.611 ,-3.590,2026.380,0,0.079439,667
ZINC03294945_63,1C5T.pdb_1GJ6.pdb_1QBO.pdb,0.487 ,0.371 ,0.116 ,0.340 ,0.155 ,0.495 ,1.326 ,0.314 ,1.640 ,-3.098,2089.156,0,0.041475,668
ZINC03240845_196,1C5T.pdb_1GJ6.pdb_1QBO.pdb,0.487 ,0.344 ,0.143 ,0.326 ,0.199 ,0.525 ,1.186 ,0.339 ,1.525 ,-3.986,2006.032,0,0.076923,669
ZINC02686580_17,1C5T.pdb_1GJ6.pdb_1QBO.pdb,0.487 ,0.357 ,0.130 ,0.340 ,0.186 ,0.526 ,1.159 ,0.301 ,1.460 ,-3.739,2093.010,0,0.057018,670
ZINC02656321_29,1C5T.pdb_1GJ6.pdb_1QBO.pdb,0.487 ,0.372 ,0.115 ,0.342 ,0.164 ,0.506 ,1.309 ,0.279 ,1.588 ,-3.283,2103.000,0,0.068493,671
ZINC02640284_98,1C5T.pdb_1GJ6.pdb_1QBO.pdb,0.487 ,0.347 ,0.140 ,0.331 ,0.199 ,0.530 ,1.160 ,0.322 ,1.482 ,-4.006,2036.462,0,0.081818,672
ZINC02604748_193,1C5T.pdb_1GJ6.pdb_1QBO.pdb,0.487 ,0.332 ,0.155 ,0.321 ,0.235 ,0.556 ,1.122 ,0.311 ,1.433 ,-4.760,1973.571,0,0.078947,673
ZINC02375333_127,1C5T.pdb_1GJ6.pdb_1QBO.pdb,0.487 ,0.367 ,0.120 ,0.338 ,0.169 ,0.508 ,1.307 ,0.289 ,1.596 ,-3.399,2077.651,0,0.088372,674
ZINC02352409_10,1C5T.pdb_1GJ6.pdb_1QBO.pdb,0.487 ,0.361 ,0.126 ,0.341 ,0.205 ,0.546 ,1.194 ,0.247 ,1.441 ,-4.160,2098.952,0,0.061674,675
ZINC02315723_87,1C5T.pdb_1GJ6.pdb_1QBO.pdb,0.487 ,0.381 ,0.107 ,0.354 ,0.160 ,0.514 ,1.249 ,0.241 ,1.490 ,-3.228,2177.067,0,0.100000,676
ZINC02242819_76,1C5T.pdb_1GJ6.pdb_1QBO.pdb,0.487 ,0.353 ,0.133 ,0.331 ,0.210 ,0.541 ,1.241 ,0.267 ,1.508 ,-4.256,2033.078,0,0.039648,677
ZINC02234225_75,1C5T.pdb_1GJ6.pdb_1QBO.pdb,0.487 ,0.348 ,0.139 ,0.329 ,0.199 ,0.528 ,1.204 ,0.315 ,1.519 ,-4.009,2022.451,0,0.059361,678
ZINC02138809_144,1C5T.pdb_1GJ6.pdb_1QBO.pdb,0.487 ,0.321 ,0.166 ,0.316 ,0.244 ,0.560 ,1.048 ,0.341 ,1.389 ,-4.927,1949.125,0,0.058366,679
ZINC01882071_167,1C5T.pdb_1GJ6.pdb_1QBO.pdb,0.487 ,0.362 ,0.125 ,0.339 ,0.171 ,0.510 ,1.226 ,0.316 ,1.542 ,-3.416,2087.751,0,0.064103,680
ZINC00921242_127,1C5T.pdb_1GJ6.pdb_1QBO.pdb,0.487 ,0.345 ,0.142 ,0.341 ,0.221 ,0.562 ,1.028 ,0.286 ,1.314 ,-4.470,2105.970,0,0.071730,681
ZINC00602703_14,1C5T.pdb_1GJ6.pdb_1QBO.pdb,0.487 ,0.353 ,0.134 ,0.334 ,0.191 ,0.525 ,1.197 ,0.308 ,1.506 ,-3.840,2053.118,0,0.053942,682
ZINC03832371_74,1C5T.pdb_1GJ6.pdb_1QBO.pdb,0.487 ,0.343 ,0.145 ,0.339 ,0.216 ,0.555 ,1.038 ,0.304 ,1.342 ,-4.365,2088.128,1,0.087866,683
ZINC04464507_23,1C5T.pdb_1GJ6.pdb_1QBO.pdb,0.486 ,0.352 ,0.134 ,0.336 ,0.202 ,0.538 ,1.157 ,0.284 ,1.441 ,-4.071,2069.713,0,0.097778,684
ZINC04464474_150,1C5T.pdb_1GJ6.pdb_1QBO.pdb,0.486 ,0.326 ,0.160 ,0.317 ,0.224 ,0.541 ,1.089 ,0.361 ,1.450 ,-4.494,1951.935,0,0.093333,685
ZINC03987062_55,1C5T.pdb_1GJ6.pdb_1QBO.pdb,0.486 ,0.370 ,0.116 ,0.356 ,0.194 ,0.550 ,1.112 ,0.225 ,1.337 ,-3.943,2197.927,0,0.068670,686
ZINC03966147_40,1C5T.pdb_1GJ6.pdb_1QBO.pdb,0.486 ,0.297 ,0.189 ,0.292 ,0.243 ,0.535 ,1.058 ,0.461 ,1.519 ,-4.856,1797.001,0,0.167464,687
ZINC03857579_150,1C5T.pdb_1GJ6.pdb_1QBO.pdb,0.486 ,0.326 ,0.160 ,0.317 ,0.224 ,0.541 ,1.089 ,0.361 ,1.450 ,-4.494,1951.935,0,0.093333,688
ZINC03854116_174,1C5T.pdb_1GJ6.pdb_1QBO.pdb,0.486 ,0.341 ,0.146 ,0.325 ,0.194 ,0.520 ,1.161 ,0.368 ,1.529 ,-3.880,2002.479,0,0.061135,689
ZINC03841621_27,1C5T.pdb_1GJ6.pdb_1QBO.pdb,0.486 ,0.344 ,0.143 ,0.334 ,0.225 ,0.558 ,1.098 ,0.280 ,1.379 ,-4.559,2054.761,0,0.031008,690
ZINC03840224_134,1C5T.pdb_1GJ6.pdb_1QBO.pdb,0.486 ,0.320 ,0.166 ,0.307 ,0.238 ,0.544 ,1.157 ,0.357 ,1.514 ,-4.786,1884.918,0,0.048583,691
ZINC03406200_184,1C5T.pdb_1GJ6.pdb_1QBO.pdb,0.486 ,0.363 ,0.123 ,0.333 ,0.164 ,0.497 ,1.333 ,0.332 ,1.666 ,-3.277,2042.825,0,0.059908,692
ZINC02965440_137,1C5T.pdb_1GJ6.pdb_1QBO.pdb,0.486 ,0.369 ,0.117 ,0.346 ,0.165 ,0.511 ,1.213 ,0.287 ,1.500 ,-3.304,2131.456,0,0.059829,693
ZINC02689023_109,1C5T.pdb_1GJ6.pdb_1QBO.pdb,0.486 ,0.376 ,0.110 ,0.349 ,0.161 ,0.510 ,1.261 ,0.259 ,1.519 ,-3.235,2146.567,0,0.103896,694
ZINC02373588_198,1C5T.pdb_1GJ6.pdb_1QBO.pdb,0.486 ,0.372 ,0.114 ,0.340 ,0.163 ,0.503 ,1.340 ,0.278 ,1.618 ,-3.267,2086.636,0,0.085308,695
ZINC02199684_130,1C5T.pdb_1GJ6.pdb_1QBO.pdb,0.486 ,0.338 ,0.148 ,0.328 ,0.203 ,0.531 ,1.102 ,0.354 ,1.456 ,-4.063,2020.567,0,0.074561,696
ZINC01076216_118,1C5T.pdb_1GJ6.pdb_1QBO.pdb,0.486 ,0.314 ,0.172 ,0.302 ,0.232 ,0.535 ,1.146 ,0.396 ,1.543 ,-4.659,1857.881,0,0.044643,697
ZINC00602703_14,1C5T.pdb_1GJ6.pdb_1QBO.pdb,0.486 ,0.359 ,0.126 ,0.338 ,0.182 ,0.520 ,1.212 ,0.293 ,1.506 ,-3.654,2078.635,0,0.062762,698
ZINC00579071_26,1C5T.pdb_1GJ6.pdb_1QBO.pdb,0.486 ,0.350 ,0.136 ,0.332 ,0.188 ,0.521 ,1.181 ,0.328 ,1.509 ,-3.775,2044.154,0,0.063559,699
ZINC04355779_189,1C5T.pdb_1GJ6.pdb_1QBO.pdb,0.485 ,0.374 ,0.111 ,0.351 ,0.171 ,0.522 ,1.216 ,0.241 ,1.458 ,-3.459,2157.528,0,0.068376,700
ZINC03928140_98,1C5T.pdb_1GJ6.pdb_1QBO.pdb,0.485 ,0.339 ,0.146 ,0.317 ,0.207 ,0.524 ,1.258 ,0.333 ,1.591 ,-4.154,1947.001,0,0.109589,701
ZINC03838510_80,1C5T.pdb_1GJ6.pdb_1QBO.pdb,0.485 ,0.319 ,0.166 ,0.302 ,0.237 ,0.538 ,1.217 ,0.356 ,1.574 ,-4.767,1853.316,0,0.036585,702
ZINC03819552_57,1C5T.pdb_1GJ6.pdb_1QBO.pdb,0.485 ,0.318 ,0.167 ,0.304 ,0.251 ,0.555 ,1.173 ,0.333 ,1.506 ,-5.088,1866.559,0,0.095023,703
ZINC03802013_97,1C5T.pdb_1GJ6.pdb_1QBO.pdb,0.485 ,0.289 ,0.196 ,0.281 ,0.251 ,0.531 ,1.113 ,0.476 ,1.589 ,-5.014,1724.213,0,0.115556,704
ZINC03351334_132,1C5T.pdb_1GJ6.pdb_1QBO.pdb,0.485 ,0.357 ,0.129 ,0.331 ,0.174 ,0.505 ,1.286 ,0.330 ,1.617 ,-3.478,2031.524,0,0.062780,705
ZINC03333552_117,1C5T.pdb_1GJ6.pdb_1QBO.pdb,0.485 ,0.348 ,0.137 ,0.330 ,0.197 ,0.527 ,1.183 ,0.312 ,1.495 ,-3.963,2030.485,0,0.058036,706
ZINC03304729_128,1C5T.pdb_1GJ6.pdb_1QBO.pdb,0.485 ,0.318 ,0.167 ,0.306 ,0.233 ,0.540 ,1.139 ,0.369 ,1.508 ,-4.695,1884.286,0,0.063348,707
ZINC02370635_43,1C5T.pdb_1GJ6.pdb_1QBO.pdb,0.485 ,0.321 ,0.164 ,0.305 ,0.223 ,0.528 ,1.204 ,0.381 ,1.586 ,-4.482,1871.444,0,0.085308,708
ZINC00975901_194,1C5T.pdb_1GJ6.pdb_1QBO.pdb,0.485 ,0.315 ,0.170 ,0.303 ,0.242 ,0.546 ,1.138 ,0.364 ,1.501 ,-4.879,1865.360,0,0.072727,709
ZINC03834177_130,1C5T.pdb_1GJ6.pdb_1QBO.pdb,0.485 ,0.321 ,0.164 ,0.314 ,0.228 ,0.542 ,1.073 ,0.368 ,1.442 ,-4.584,1931.179,1,0.153153,710
ZINC04469620_126,1C5T.pdb_1GJ6.pdb_1QBO.pdb,0.484 ,0.325 ,0.160 ,0.318 ,0.223 ,0.541 ,1.072 ,0.361 ,1.433 ,-4.484,1955.537,0,0.096916,711
ZINC03990227_196,1C5T.pdb_1GJ6.pdb_1QBO.pdb,0.484 ,0.359 ,0.124 ,0.335 ,0.184 ,0.519 ,1.251 ,0.277 ,1.528 ,-3.710,2059.914,0,0.058824,712
ZINC03955215_170,1C5T.pdb_1GJ6.pdb_1QBO.pdb,0.484 ,0.358 ,0.127 ,0.336 ,0.187 ,0.523 ,1.225 ,0.282 ,1.507 ,-3.770,2063.561,0,0.074689,713
ZINC03919972_126,1C5T.pdb_1GJ6.pdb_1QBO.pdb,0.484 ,0.347 ,0.137 ,0.335 ,0.195 ,0.530 ,1.114 ,0.316 ,1.430 ,-3.928,2062.069,0,0.065844,714
ZINC03890764_22,1C5T.pdb_1GJ6.pdb_1QBO.pdb,0.484 ,0.303 ,0.181 ,0.294 ,0.241 ,0.535 ,1.114 ,0.422 ,1.535 ,-4.840,1804.289,0,0.060345,715
ZINC03857957_126,1C5T.pdb_1GJ6.pdb_1QBO.pdb,0.484 ,0.325 ,0.160 ,0.318 ,0.223 ,0.541 ,1.072 ,0.361 ,1.433 ,-4.484,1955.537,0,0.096916,716
ZINC03857491_44,1C5T.pdb_1GJ6.pdb_1QBO.pdb,0.484 ,0.336 ,0.148 ,0.329 ,0.203 ,0.532 ,1.063 ,0.355 ,1.418 ,-4.073,2027.995,0,0.100877,717
ZINC03840213_105,1C5T.pdb_1GJ6.pdb_1QBO.pdb,0.484 ,0.346 ,0.138 ,0.326 ,0.208 ,0.534 ,1.210 ,0.293 ,1.503 ,-4.198,2006.857,0,0.023904,718
ZINC02964504_183,1C5T.pdb_1GJ6.pdb_1QBO.pdb,0.484 ,0.367 ,0.117 ,0.347 ,0.165 ,0.511 ,1.192 ,0.287 ,1.479 ,-3.304,2133.406,0,0.059574,719
ZINC02700318_49,1C5T.pdb_1GJ6.pdb_1QBO.pdb,0.484 ,0.348 ,0.136 ,0.334 ,0.205 ,0.539 ,1.132 ,0.288 ,1.420 ,-4.136,2057.436,0,0.060345,720
ZINC01893381_56,1C5T.pdb_1GJ6.pdb_1QBO.pdb,0.484 ,0.356 ,0.128 ,0.331 ,0.183 ,0.515 ,1.261 ,0.296 ,1.557 ,-3.687,2037.439,0,0.086758,721
ZINC01485988_29,1C5T.pdb_1GJ6.pdb_1QBO.pdb,0.484 ,0.349 ,0.135 ,0.330 ,0.193 ,0.523 ,1.199 ,0.312 ,1.510 ,-3.875,2027.916,0,0.099099,722
ZINC00902581_61,1C5T.pdb_1GJ6.pdb_1QBO.pdb,0.484 ,0.336 ,0.148 ,0.334 ,0.228 ,0.563 ,1.016 ,0.296 ,1.312 ,-4.628,2062.472,0,0.118421,723
ZINC04340537_87,1C5T.pdb_1GJ6.pdb_1QBO.pdb,0.483 ,0.363 ,0.120 ,0.338 ,0.183 ,0.521 ,1.256 ,0.258 ,1.513 ,-3.699,2078.234,0,0.081818,724
ZINC04236675_138,1C5T.pdb_1GJ6.pdb_1QBO.pdb,0.483 ,0.334 ,0.148 ,0.322 ,0.209 ,0.531 ,1.132 ,0.338 ,1.470 ,-4.203,1980.402,0,0.019380,725
ZINC04200773_32,1C5T.pdb_1GJ6.pdb_1QBO.pdb,0.483 ,0.362 ,0.121 ,0.346 ,0.175 ,0.521 ,1.146 ,0.283 ,1.429 ,-3.518,2130.270,0,0.060976,726
ZINC04079213_193,1C5T.pdb_1GJ6.pdb_1QBO.pdb,0.483 ,0.328 ,0.154 ,0.314 ,0.210 ,0.524 ,1.167 ,0.367 ,1.534 ,-4.213,1928.325,0,0.056277,727
ZINC03981634_129,1C5T.pdb_1GJ6.pdb_1QBO.pdb,0.483 ,0.317 ,0.166 ,0.317 ,0.256 ,0.573 ,1.000 ,0.320 ,1.320 ,-5.195,1954.550,0,0.084677,728
ZINC03919845_124,1C5T.pdb_1GJ6.pdb_1QBO.pdb,0.483 ,0.361 ,0.123 ,0.337 ,0.192 ,0.529 ,1.242 ,0.254 ,1.496 ,-3.887,2072.303,0,0.065789,729
ZINC03890763_180,1C5T.pdb_1GJ6.pdb_1QBO.pdb,0.483 ,0.355 ,0.128 ,0.331 ,0.178 ,0.509 ,1.257 ,0.311 ,1.567 ,-3.567,2035.400,0,0.060606,730
ZINC03857086_103,1C5T.pdb_1GJ6.pdb_1QBO.pdb,0.483 ,0.334 ,0.148 ,0.325 ,0.203 ,0.528 ,1.093 ,0.355 ,1.448 ,-4.073,2001.874,0,0.092105,731
ZINC03838808_112,1C5T.pdb_1GJ6.pdb_1QBO.pdb,0.483 ,0.342 ,0.141 ,0.318 ,0.206 ,0.524 ,1.285 ,0.310 ,1.595 ,-4.150,1952.603,0,0.054167,732
ZINC03807318_160,1C5T.pdb_1GJ6.pdb_1QBO.pdb,0.483 ,0.322 ,0.161 ,0.315 ,0.231 ,0.546 ,1.076 ,0.347 ,1.424 ,-4.653,1937.867,0,0.131579,733
ZINC03596757_10,1C5T.pdb_1GJ6.pdb_1QBO.pdb,0.483 ,0.347 ,0.135 ,0.334 ,0.209 ,0.543 ,1.126 ,0.277 ,1.402 ,-4.231,2059.152,0,0.083700,734
ZINC03575230_94,1C5T.pdb_1GJ6.pdb_1QBO.pdb,0.483 ,0.327 ,0.156 ,0.304 ,0.207 ,0.511 ,1.300 ,0.384 ,1.685 ,-4.146,1866.637,0,0.065116,735
ZINC03350269_97,1C5T.pdb_1GJ6.pdb_1QBO.pdb,0.483 ,0.336 ,0.147 ,0.326 ,0.214 ,0.539 ,1.103 ,0.322 ,1.425 ,-4.305,2004.312,0,0.069565,736
ZINC02964624_190,1C5T.pdb_1GJ6.pdb_1QBO.pdb,0.483 ,0.370 ,0.113 ,0.349 ,0.164 ,0.513 ,1.195 ,0.265 ,1.460 ,-3.304,2145.745,0,0.058577,737
ZINC02656475_44,1C5T.pdb_1GJ6.pdb_1QBO.pdb,0.483 ,0.358 ,0.126 ,0.332 ,0.177 ,0.510 ,1.271 ,0.302 ,1.573 ,-3.553,2042.631,0,0.068493,738
ZINC01534350_129,1C5T.pdb_1GJ6.pdb_1QBO.pdb,0.483 ,0.348 ,0.135 ,0.333 ,0.194 ,0.527 ,1.150 ,0.306 ,1.457 ,-3.900,2050.802,0,0.095023,739
ZINC01425983_199,1C5T.pdb_1GJ6.pdb_1QBO.pdb,0.483 ,0.358 ,0.125 ,0.334 ,0.170 ,0.505 ,1.243 ,0.323 ,1.566 ,-3.402,2055.828,0,0.097674,740
ZINC01107129_111,1C5T.pdb_1GJ6.pdb_1QBO.pdb,0.483 ,0.360 ,0.124 ,0.340 ,0.188 ,0.529 ,1.189 ,0.265 ,1.453 ,-3.800,2094.792,0,0.071429,741
ZINC00902542_35,1C5T.pdb_1GJ6.pdb_1QBO.pdb,0.483 ,0.366 ,0.117 ,0.345 ,0.176 ,0.521 ,1.193 ,0.259 ,1.452 ,-3.541,2125.512,0,0.096330,742
ZINC00842699_177,1C5T.pdb_1GJ6.pdb_1QBO.pdb,0.483 ,0.379 ,0.103 ,0.350 ,0.147 ,0.497 ,1.288 ,0.256 ,1.544 ,-2.944,2151.267,0,0.074561,743
ZINC03834178_196,1C5T.pdb_1GJ6.pdb_1QBO.pdb,0.483 ,0.326 ,0.157 ,0.320 ,0.232 ,0.551 ,1.064 ,0.326 ,1.390 ,-4.677,1969.531,1,0.145923,744
ZINC03834149_149,1C5T.pdb_1GJ6.pdb_1QBO.pdb,0.483 ,0.334 ,0.149 ,0.326 ,0.222 ,0.548 ,1.085 ,0.312 ,1.397 ,-4.484,2005.639,1,0.159292,745
ZINC04240331_191,1C5T.pdb_1GJ6.pdb_1QBO.pdb,0.482 ,0.360 ,0.122 ,0.331 ,0.176 ,0.508 ,1.309 ,0.285 ,1.594 ,-3.540,2035.810,0,0.093458,746
ZINC04222192_169,1C5T.pdb_1GJ6.pdb_1QBO.pdb,0.482 ,0.338 ,0.144 ,0.326 ,0.210 ,0.536 ,1.126 ,0.316 ,1.442 ,-4.229,2005.323,0,0.062500,747
ZINC03820048_40,1C5T.pdb_1GJ6.pdb_1QBO.pdb,0.482 ,0.394 ,0.088 ,0.355 ,0.127 ,0.482 ,1.396 ,0.222 ,1.617 ,-2.546,2178.115,0,0.077586,748
ZINC03800681_159,1C5T.pdb_1GJ6.pdb_1QBO.pdb,0.482 ,0.316 ,0.166 ,0.312 ,0.231 ,0.543 ,1.038 ,0.373 ,1.411 ,-4.633,1924.255,0,0.040486,749
ZINC03319105_41,1C5T.pdb_1GJ6.pdb_1QBO.pdb,0.482 ,0.344 ,0.137 ,0.322 ,0.195 ,0.518 ,1.250 ,0.315 ,1.565 ,-3.923,1980.557,0,0.068182,750
ZINC03311920_178,1C5T.pdb_1GJ6.pdb_1QBO.pdb,0.482 ,0.318 ,0.164 ,0.303 ,0.208 ,0.511 ,1.188 ,0.434 ,1.622 ,-4.153,1859.494,0,0.087156,751
ZINC03226787_179,1C5T.pdb_1GJ6.pdb_1QBO.pdb,0.482 ,0.354 ,0.128 ,0.332 ,0.180 ,0.512 ,1.229 ,0.306 ,1.536 ,-3.607,2042.339,0,0.087156,752
ZINC02964623_126,1C5T.pdb_1GJ6.pdb_1QBO.pdb,0.482 ,0.369 ,0.113 ,0.348 ,0.164 ,0.513 ,1.194 ,0.265 ,1.460 ,-3.304,2145.265,0,0.058333,753
ZINC02846329_156,1C5T.pdb_1GJ6.pdb_1QBO.pdb,0.482 ,0.331 ,0.151 ,0.313 ,0.195 ,0.509 ,1.213 ,0.396 ,1.609 ,-3.901,1923.886,0,0.075117,754
ZINC01840067_156,1C5T.pdb_1GJ6.pdb_1QBO.pdb,0.482 ,0.353 ,0.130 ,0.337 ,0.191 ,0.528 ,1.147 ,0.287 ,1.434 ,-3.849,2076.610,0,0.060729,755
ZINC00902604_147,1C5T.pdb_1GJ6.pdb_1QBO.pdb,0.482 ,0.330 ,0.152 ,0.326 ,0.228 ,0.554 ,1.037 ,0.314 ,1.351 ,-4.604,2009.342,0,0.111607,756
ZINC03972824_136,1C5T.pdb_1GJ6.pdb_1QBO.pdb,0.481 ,0.315 ,0.166 ,0.308 ,0.244 ,0.551 ,1.084 ,0.343 ,1.427 ,-4.920,1893.264,0,0.087719,757
ZINC03969853_21,1C5T.pdb_1GJ6.pdb_1QBO.pdb,0.481 ,0.348 ,0.133 ,0.325 ,0.184 ,0.509 ,1.261 ,0.322 ,1.582 ,-3.694,1996.151,0,0.060870,758
ZINC03928143_132,1C5T.pdb_1GJ6.pdb_1QBO.pdb,0.481 ,0.359 ,0.123 ,0.334 ,0.182 ,0.516 ,1.257 ,0.273 ,1.530 ,-3.667,2054.306,0,0.112613,759
ZINC03891128_153,1C5T.pdb_1GJ6.pdb_1QBO.pdb,0.481 ,0.358 ,0.123 ,0.339 ,0.208 ,0.548 ,1.185 ,0.230 ,1.415 ,-4.254,2088.910,0,0.034188,760
ZINC03780338_13,1C5T.pdb_1GJ6.pdb_1QBO.pdb,0.481 ,0.339 ,0.142 ,0.330 ,0.246 ,0.576 ,1.088 ,0.251 ,1.339 ,-5.040,2031.999,0,0.045455,761
ZINC03538146_186,1C5T.pdb_1GJ6.pdb_1QBO.pdb,0.481 ,0.327 ,0.154 ,0.307 ,0.206 ,0.513 ,1.247 ,0.380 ,1.628 ,-4.112,1887.242,0,0.066986,762
ZINC03406080_141,1C5T.pdb_1GJ6.pdb_1QBO.pdb,0.481 ,0.379 ,0.102 ,0.351 ,0.159 ,0.510 ,1.266 ,0.220 ,1.485 ,-3.214,2161.783,0,0.063636,763
ZINC03368208_98,1C5T.pdb_1GJ6.pdb_1QBO.pdb,0.481 ,0.356 ,0.125 ,0.331 ,0.176 ,0.507 ,1.273 ,0.301 ,1.573 ,-3.538,2033.265,0,0.064815,764
ZINC03325703_177,1C5T.pdb_1GJ6.pdb_1QBO.pdb,0.481 ,0.346 ,0.135 ,0.316 ,0.176 ,0.492 ,1.380 ,0.367 ,1.746 ,-3.512,1940.141,0,0.065116,765
ZINC02689021_199,1C5T.pdb_1GJ6.pdb_1QBO.pdb,0.481 ,0.369 ,0.112 ,0.344 ,0.163 ,0.507 ,1.244 ,0.263 ,1.507 ,-3.280,2116.939,0,0.104348,766
ZINC01854025_128,1C5T.pdb_1GJ6.pdb_1QBO.pdb,0.481 ,0.330 ,0.151 ,0.317 ,0.244 ,0.561 ,1.139 ,0.283 ,1.422 ,-4.963,1950.173,0,0.034632,767
ZINC01081705_156,1C5T.pdb_1GJ6.pdb_1QBO.pdb,0.481 ,0.318 ,0.163 ,0.305 ,0.220 ,0.525 ,1.161 ,0.384 ,1.545 ,-4.412,1872.289,0,0.074419,768
ZINC03834181_16,1C5T.pdb_1GJ6.pdb_1QBO.pdb,0.481 ,0.321 ,0.161 ,0.310 ,0.231 ,0.541 ,1.118 ,0.347 ,1.465 ,-4.644,1907.274,1,0.121739,769
ZINC03834180_167,1C5T.pdb_1GJ6.pdb_1QBO.pdb,0.481 ,0.356 ,0.125 ,0.346 ,0.190 ,0.536 ,1.086 ,0.268 ,1.354 ,-3.843,2133.856,1,0.142241,770
ZINC04411389_145,1C5T.pdb_1GJ6.pdb_1QBO.pdb,0.480 ,0.349 ,0.131 ,0.335 ,0.198 ,0.533 ,1.131 ,0.279 ,1.410 ,-3.996,2064.283,0,0.078947,771
ZINC04003611_188,1C5T.pdb_1GJ6.pdb_1QBO.pdb,0.480 ,0.398 ,0.083 ,0.360 ,0.130 ,0.491 ,1.355 ,0.184 ,1.539 ,-2.635,2214.203,0,0.122066,772
ZINC03977167_38,1C5T.pdb_1GJ6.pdb_1QBO.pdb,0.480 ,0.310 ,0.170 ,0.302 ,0.265 ,0.568 ,1.091 ,0.320 ,1.411 ,-5.392,1860.524,0,0.043290,773
ZINC03915830_111,1C5T.pdb_1GJ6.pdb_1QBO.pdb,0.480 ,0.337 ,0.142 ,0.334 ,0.213 ,0.546 ,1.034 ,0.300 ,1.334 ,-4.297,2057.739,0,0.094828,774
ZINC03867781_195,1C5T.pdb_1GJ6.pdb_1QBO.pdb,0.480 ,0.344 ,0.136 ,0.323 ,0.205 ,0.528 ,1.231 ,0.288 ,1.520 ,-4.142,1983.781,0,0.053333,775
ZINC03857608_111,1C5T.pdb_1GJ6.pdb_1QBO.pdb,0.480 ,0.332 ,0.148 ,0.325 ,0.203 ,0.528 ,1.070 ,0.355 ,1.425 ,-4.073,2001.253,0,0.091703,776
ZINC03840254_136,1C5T.pdb_1GJ6.pdb_1QBO.pdb,0.480 ,0.328 ,0.151 ,0.313 ,0.231 ,0.544 ,1.182 ,0.306 ,1.488 ,-4.675,1921.810,0,0.033333,777
ZINC03840253_136,1C5T.pdb_1GJ6.pdb_1QBO.pdb,0.480 ,0.328 ,0.152 ,0.312 ,0.231 ,0.543 ,1.184 ,0.306 ,1.490 ,-4.674,1920.701,0,0.037657,778
ZINC03840233_157,1C5T.pdb_1GJ6.pdb_1QBO.pdb,0.480 ,0.351 ,0.128 ,0.333 ,0.200 ,0.533 ,1.184 ,0.264 ,1.449 ,-4.042,2050.177,0,0.044000,779
ZINC03670334_170,1C5T.pdb_1GJ6.pdb_1QBO.pdb,0.480 ,0.349 ,0.131 ,0.335 ,0.198 ,0.533 ,1.135 ,0.279 ,1.414 ,-4.001,2064.589,0,0.056034,780
ZINC03421500_70,1C5T.pdb_1GJ6.pdb_1QBO.pdb,0.480 ,0.292 ,0.189 ,0.287 ,0.252 ,0.539 ,1.055 ,0.429 ,1.484 ,-5.050,1766.556,0,0.063348,781
ZINC03351758_110,1C5T.pdb_1GJ6.pdb_1QBO.pdb,0.480 ,0.336 ,0.144 ,0.317 ,0.192 ,0.509 ,1.227 ,0.364 ,1.592 ,-3.837,1945.543,0,0.070796,782
ZINC03344380_149,1C5T.pdb_1GJ6.pdb_1QBO.pdb,0.480 ,0.327 ,0.154 ,0.310 ,0.205 ,0.515 ,1.200 ,0.380 ,1.580 ,-4.104,1902.975,0,0.070093,783
ZINC03323121_161,1C5T.pdb_1GJ6.pdb_1QBO.pdb,0.480 ,0.376 ,0.104 ,0.348 ,0.145 ,0.493 ,1.272 ,0.269 ,1.541 ,-2.905,2141.907,0,0.101852,784
ZINC02968910_131,1C5T.pdb_1GJ6.pdb_1QBO.pdb,0.480 ,0.362 ,0.118 ,0.336 ,0.172 ,0.508 ,1.262 ,0.276 ,1.539 ,-3.447,2068.105,0,0.088372,785
ZINC02952339_150,1C5T.pdb_1GJ6.pdb_1QBO.pdb,0.480 ,0.307 ,0.173 ,0.297 ,0.232 ,0.529 ,1.127 ,0.404 ,1.531 ,-4.642,1825.534,0,0.080000,786
ZINC02596318_153,1C5T.pdb_1GJ6.pdb_1QBO.pdb,0.480 ,0.329 ,0.151 ,0.316 ,0.244 ,0.560 ,1.138 ,0.283 ,1.421 ,-4.963,1946.715,0,0.038793,787
ZINC02586497_67,1C5T.pdb_1GJ6.pdb_1QBO.pdb,0.480 ,0.352 ,0.128 ,0.327 ,0.183 ,0.511 ,1.271 ,0.296 ,1.568 ,-3.687,2010.536,0,0.087156,788
ZINC02221828_173,1C5T.pdb_1GJ6.pdb_1QBO.pdb,0.480 ,0.362 ,0.117 ,0.344 ,0.180 ,0.524 ,1.169 ,0.252 ,1.421 ,-3.632,2120.191,0,0.073469,789
ZINC02136680_164,1C5T.pdb_1GJ6.pdb_1QBO.pdb,0.480 ,0.322 ,0.157 ,0.317 ,0.239 ,0.556 ,1.053 ,0.315 ,1.368 ,-4.837,1953.846,0,0.056000,790
ZINC01728479_5,1C5T.pdb_1GJ6.pdb_1QBO.pdb,0.480 ,0.397 ,0.084 ,0.362 ,0.125 ,0.487 ,1.313 ,0.202 ,1.515 ,-2.515,2228.308,0,0.061947,791
ZINC01070385_0,1C5T.pdb_1GJ6.pdb_1QBO.pdb,0.480 ,0.354 ,0.126 ,0.336 ,0.195 ,0.531 ,1.172 ,0.263 ,1.435 ,-3.937,2069.605,0,0.058036,792
ZINC00902610_195,1C5T.pdb_1GJ6.pdb_1QBO.pdb,0.480 ,0.328 ,0.152 ,0.326 ,0.228 ,0.554 ,1.016 ,0.314 ,1.330 ,-4.604,2009.480,0,0.116071,793
ZINC00818706_49,1C5T.pdb_1GJ6.pdb_1QBO.pdb,0.480 ,0.326 ,0.154 ,0.316 ,0.228 ,0.545 ,1.104 ,0.321 ,1.425 ,-4.609,1947.029,0,0.078947,794
ZINC00769609_182,1C5T.pdb_1GJ6.pdb_1QBO.pdb,0.480 ,0.312 ,0.168 ,0.316 ,0.247 ,0.563 ,0.960 ,0.347 ,1.306 ,-4.984,1947.827,0,0.098765,795
ZINC04464501_163,1C5T.pdb_1GJ6.pdb_1QBO.pdb,0.479 ,0.340 ,0.139 ,0.329 ,0.197 ,0.527 ,1.107 ,0.319 ,1.426 ,-3.968,2026.180,0,0.092920,796
ZINC04236709_32,1C5T.pdb_1GJ6.pdb_1QBO.pdb,0.479 ,0.305 ,0.174 ,0.304 ,0.246 ,0.550 ,1.017 ,0.371 ,1.387 ,-4.959,1870.887,0,0.038911,797
ZINC03993149_186,1C5T.pdb_1GJ6.pdb_1QBO.pdb,0.479 ,0.325 ,0.155 ,0.314 ,0.231 ,0.545 ,1.119 ,0.319 ,1.439 ,-4.669,1929.793,0,0.053571,798
ZINC03990230_75,1C5T.pdb_1GJ6.pdb_1QBO.pdb,0.479 ,0.333 ,0.146 ,0.317 ,0.206 ,0.523 ,1.181 ,0.333 ,1.514 ,-4.139,1946.877,0,0.055319,799
ZINC03973000_149,1C5T.pdb_1GJ6.pdb_1QBO.pdb,0.479 ,0.358 ,0.120 ,0.331 ,0.183 ,0.515 ,1.295 ,0.258 ,1.553 ,-3.704,2036.173,0,0.080357,800
ZINC03914355_37,1C5T.pdb_1GJ6.pdb_1QBO.pdb,0.479 ,0.363 ,0.116 ,0.353 ,0.210 ,0.564 ,1.078 ,0.206 ,1.284 ,-4.318,2180.195,0,0.047619,801
ZINC03867408_73,1C5T.pdb_1GJ6.pdb_1QBO.pdb,0.479 ,0.279 ,0.200 ,0.275 ,0.270 ,0.545 ,1.055 ,0.436 ,1.491 ,-5.433,1690.405,0,0.079070,802
ZINC03857636_163,1C5T.pdb_1GJ6.pdb_1QBO.pdb,0.479 ,0.340 ,0.139 ,0.329 ,0.197 ,0.527 ,1.107 ,0.319 ,1.426 ,-3.968,2026.180,0,0.092920,803
ZINC03840253_107,1C5T.pdb_1GJ6.pdb_1QBO.pdb,0.479 ,0.363 ,0.116 ,0.336 ,0.183 ,0.519 ,1.276 ,0.242 ,1.518 ,-3.705,2067.392,0,0.032787,804
ZINC03838485_167,1C5T.pdb_1GJ6.pdb_1QBO.pdb,0.479 ,0.335 ,0.144 ,0.315 ,0.209 ,0.525 ,1.233 ,0.315 ,1.548 ,-4.220,1937.920,0,0.024096,805
ZINC03821284_78,1C5T.pdb_1GJ6.pdb_1QBO.pdb,0.479 ,0.335 ,0.144 ,0.317 ,0.204 ,0.521 ,1.201 ,0.329 ,1.529 ,-4.090,1948.465,0,0.041841,806
ZINC02652344_108,1C5T.pdb_1GJ6.pdb_1QBO.pdb,0.479 ,0.315 ,0.163 ,0.301 ,0.214 ,0.515 ,1.186 ,0.406 ,1.592 ,-4.285,1846.589,0,0.058296,807
ZINC00770809_84,1C5T.pdb_1GJ6.pdb_1QBO.pdb,0.479 ,0.345 ,0.133 ,0.341 ,0.207 ,0.548 ,1.037 ,0.273 ,1.310 ,-4.185,2105.062,0,0.068826,808
ZINC03815827_84,1C5T.pdb_1GJ6.pdb_1QBO.pdb,0.479 ,0.331 ,0.147 ,0.330 ,0.219 ,0.549 ,1.012 ,0.309 ,1.321 ,-4.429,2036.187,1,0.086420,809
ZINC04619174_165,1C5T.pdb_1GJ6.pdb_1QBO.pdb,0.478 ,0.348 ,0.130 ,0.331 ,0.187 ,0.518 ,1.174 ,0.301 ,1.475 ,-3.749,2036.808,0,0.077273,810
ZINC04469531_128,1C5T.pdb_1GJ6.pdb_1QBO.pdb,0.478 ,0.351 ,0.127 ,0.333 ,0.200 ,0.533 ,1.185 ,0.259 ,1.444 ,-4.045,2048.638,0,0.043860,811
ZINC04465649_93,1C5T.pdb_1GJ6.pdb_1QBO.pdb,0.478 ,0.337 ,0.141 ,0.327 ,0.200 ,0.527 ,1.102 ,0.324 ,1.426 ,-4.023,2010.945,0,0.073913,812
ZINC04464188_113,1C5T.pdb_1GJ6.pdb_1QBO.pdb,0.478 ,0.339 ,0.138 ,0.330 ,0.202 ,0.532 ,1.088 ,0.304 ,1.392 ,-4.075,2033.808,0,0.091703,813
ZINC04354140_156,1C5T.pdb_1GJ6.pdb_1QBO.pdb,0.478 ,0.350 ,0.129 ,0.337 ,0.197 ,0.533 ,1.128 ,0.271 ,1.399 ,-3.974,2072.268,0,0.063830,814
ZINC04013834_3,1C5T.pdb_1GJ6.pdb_1QBO.pdb,0.478 ,0.351 ,0.127 ,0.328 ,0.172 ,0.500 ,1.243 ,0.326 ,1.569 ,-3.430,2018.888,0,0.101852,815
ZINC03974519_128,1C5T.pdb_1GJ6.pdb_1QBO.pdb,0.478 ,0.351 ,0.127 ,0.333 ,0.200 ,0.533 ,1.185 ,0.259 ,1.444 ,-4.045,2048.638,0,0.043860,816
ZINC03969854_169,1C5T.pdb_1GJ6.pdb_1QBO.pdb,0.478 ,0.309 ,0.169 ,0.297 ,0.227 ,0.524 ,1.153 ,0.396 ,1.549 ,-4.551,1825.965,0,0.060606,817
ZINC03968719_103,1C5T.pdb_1GJ6.pdb_1QBO.pdb,0.478 ,0.319 ,0.159 ,0.301 ,0.209 ,0.511 ,1.230 ,0.397 ,1.627 ,-4.187,1848.995,0,0.057522,818
ZINC03867594_93,1C5T.pdb_1GJ6.pdb_1QBO.pdb,0.478 ,0.337 ,0.141 ,0.327 ,0.200 ,0.527 ,1.102 ,0.324 ,1.426 ,-4.023,2010.945,0,0.073913,819
ZINC03857181_113,1C5T.pdb_1GJ6.pdb_1QBO.pdb,0.478 ,0.339 ,0.138 ,0.330 ,0.202 ,0.532 ,1.088 ,0.304 ,1.392 ,-4.075,2033.808,0,0.091703,820
ZINC03825315_154,1C5T.pdb_1GJ6.pdb_1QBO.pdb,0.478 ,0.349 ,0.130 ,0.327 ,0.201 ,0.529 ,1.229 ,0.267 ,1.495 ,-4.075,2013.256,0,0.087558,821
ZINC03612068_94,1C5T.pdb_1GJ6.pdb_1QBO.pdb,0.478 ,0.346 ,0.132 ,0.331 ,0.195 ,0.526 ,1.144 ,0.293 ,1.437 ,-3.926,2038.270,0,0.035714,822
ZINC03426727_108,1C5T.pdb_1GJ6.pdb_1QBO.pdb,0.478 ,0.316 ,0.162 ,0.301 ,0.219 ,0.520 ,1.194 ,0.383 ,1.577 ,-4.399,1846.720,0,0.060870,823
ZINC03415536_42,1C5T.pdb_1GJ6.pdb_1QBO.pdb,0.478 ,0.281 ,0.198 ,0.279 ,0.254 ,0.533 ,1.021 ,0.470 ,1.492 ,-5.087,1715.003,0,0.085202,824
ZINC03355253_171,1C5T.pdb_1GJ6.pdb_1QBO.pdb,0.478 ,0.372 ,0.106 ,0.339 ,0.153 ,0.492 ,1.345 ,0.260 ,1.605 ,-3.061,2085.073,0,0.040909,825
ZINC03346129_53,1C5T.pdb_1GJ6.pdb_1QBO.pdb,0.478 ,0.372 ,0.106 ,0.339 ,0.152 ,0.492 ,1.347 ,0.260 ,1.607 ,-3.055,2084.850,0,0.041860,826
ZINC02652264_9,1C5T.pdb_1GJ6.pdb_1QBO.pdb,0.478 ,0.320 ,0.158 ,0.308 ,0.228 ,0.536 ,1.133 ,0.342 ,1.475 ,-4.584,1893.920,0,0.057522,827
ZINC02388049_177,1C5T.pdb_1GJ6.pdb_1QBO.pdb,0.478 ,0.295 ,0.183 ,0.292 ,0.283 ,0.575 ,1.034 ,0.341 ,1.375 ,-5.755,1795.341,0,0.034188,828
ZINC00921220_176,1C5T.pdb_1GJ6.pdb_1QBO.pdb,0.478 ,0.321 ,0.157 ,0.323 ,0.228 ,0.551 ,0.986 ,0.335 ,1.321 ,-4.603,1989.858,0,0.110132,829
ZINC00921218_153,1C5T.pdb_1GJ6.pdb_1QBO.pdb,0.478 ,0.320 ,0.157 ,0.322 ,0.228 ,0.550 ,0.984 ,0.335 ,1.319 ,-4.603,1986.483,0,0.115044,830
ZINC00906589_55,1C5T.pdb_1GJ6.pdb_1QBO.pdb,0.478 ,0.350 ,0.128 ,0.334 ,0.183 ,0.517 ,1.165 ,0.296 ,1.461 ,-3.678,2054.980,0,0.100457,831
ZINC00902675_149,1C5T.pdb_1GJ6.pdb_1QBO.pdb,0.478 ,0.326 ,0.152 ,0.325 ,0.228 ,0.553 ,1.012 ,0.314 ,1.325 ,-4.603,2003.757,0,0.105263,832
ZINC00902602_167,1C5T.pdb_1GJ6.pdb_1QBO.pdb,0.478 ,0.334 ,0.144 ,0.329 ,0.217 ,0.546 ,1.047 ,0.299 ,1.346 ,-4.389,2027.112,0,0.111111,833
ZINC00767720_89,1C5T.pdb_1GJ6.pdb_1QBO.pdb,0.478 ,0.355 ,0.122 ,0.341 ,0.182 ,0.523 ,1.135 ,0.273 ,1.408 ,-3.659,2100.525,0,0.085470,834
ZINC00576566_88,1C5T.pdb_1GJ6.pdb_1QBO.pdb,0.478 ,0.319 ,0.160 ,0.314 ,0.235 ,0.549 ,1.052 ,0.332 ,1.384 ,-4.752,1930.813,0,0.044000,835
ZINC04522097_91,1C5T.pdb_1GJ6.pdb_1QBO.pdb,0.477 ,0.373 ,0.104 ,0.340 ,0.152 ,0.493 ,1.344 ,0.246 ,1.590 ,-3.056,2091.322,0,0.066667,836
ZINC04356047_180,1C5T.pdb_1GJ6.pdb_1QBO.pdb,0.477 ,0.350 ,0.127 ,0.331 ,0.193 ,0.524 ,1.202 ,0.272 ,1.474 ,-3.901,2033.049,0,0.081448,837
ZINC04287505_151,1C5T.pdb_1GJ6.pdb_1QBO.pdb,0.477 ,0.291 ,0.185 ,0.283 ,0.234 ,0.517 ,1.115 ,0.473 ,1.588 ,-4.665,1737.664,0,0.049550,838
ZINC04287479_85,1C5T.pdb_1GJ6.pdb_1QBO.pdb,0.477 ,0.302 ,0.175 ,0.289 ,0.236 ,0.525 ,1.177 ,0.403 ,1.580 ,-4.742,1773.529,0,0.041667,839
ZINC04001527_3,1C5T.pdb_1GJ6.pdb_1QBO.pdb,0.477 ,0.332 ,0.146 ,0.317 ,0.216 ,0.532 ,1.163 ,0.311 ,1.474 ,-4.350,1948.795,0,0.073593,840
ZINC03977175_192,1C5T.pdb_1GJ6.pdb_1QBO.pdb,0.477 ,0.323 ,0.154 ,0.313 ,0.209 ,0.523 ,1.109 ,0.366 ,1.475 ,-4.198,1928.114,0,0.042553,841
ZINC03972100_154,1C5T.pdb_1GJ6.pdb_1QBO.pdb,0.477 ,0.334 ,0.143 ,0.325 ,0.220 ,0.546 ,1.086 ,0.291 ,1.378 ,-4.456,2004.247,0,0.052174,842
ZINC03918550_25,1C5T.pdb_1GJ6.pdb_1QBO.pdb,0.477 ,0.315 ,0.162 ,0.305 ,0.225 ,0.531 ,1.119 ,0.364 ,1.483 ,-4.528,1877.417,0,0.050420,843
ZINC03821014_51,1C5T.pdb_1GJ6.pdb_1QBO.pdb,0.477 ,0.352 ,0.125 ,0.335 ,0.195 ,0.530 ,1.165 ,0.258 ,1.423 ,-3.946,2064.581,0,0.069869,844
ZINC03820640_169,1C5T.pdb_1GJ6.pdb_1QBO.pdb,0.477 ,0.332 ,0.145 ,0.312 ,0.193 ,0.505 ,1.244 ,0.367 ,1.611 ,-3.865,1915.479,0,0.072398,845
ZINC03391415_134,1C5T.pdb_1GJ6.pdb_1QBO.pdb,0.477 ,0.335 ,0.142 ,0.322 ,0.197 ,0.520 ,1.133 ,0.336 ,1.469 ,-3.957,1983.840,0,0.110599,846
ZINC03377880_96,1C5T.pdb_1GJ6.pdb_1QBO.pdb,0.477 ,0.344 ,0.133 ,0.332 ,0.197 ,0.529 ,1.117 ,0.291 ,1.408 ,-3.976,2044.838,0,0.056769,847
ZINC03327169_187,1C5T.pdb_1GJ6.pdb_1QBO.pdb,0.477 ,0.374 ,0.103 ,0.349 ,0.160 ,0.509 ,1.239 ,0.225 ,1.464 ,-3.231,2147.195,0,0.075949,848
ZINC03271184_63,1C5T.pdb_1GJ6.pdb_1QBO.pdb,0.477 ,0.303 ,0.174 ,0.295 ,0.229 ,0.524 ,1.101 ,0.423 ,1.524 ,-4.579,1811.773,0,0.082192,849
ZINC03010371_11,1C5T.pdb_1GJ6.pdb_1QBO.pdb,0.477 ,0.318 ,0.159 ,0.309 ,0.241 ,0.550 ,1.095 ,0.318 ,1.413 ,-4.877,1902.207,0,0.058577,850
ZINC02964626_149,1C5T.pdb_1GJ6.pdb_1QBO.pdb,0.477 ,0.336 ,0.141 ,0.325 ,0.200 ,0.525 ,1.116 ,0.323 ,1.438 ,-4.018,2000.855,0,0.058091,851
ZINC02700313_71,1C5T.pdb_1GJ6.pdb_1QBO.pdb,0.477 ,0.336 ,0.141 ,0.324 ,0.206 ,0.530 ,1.126 ,0.310 ,1.435 ,-4.153,1993.401,0,0.055556,852
ZINC02618783_196,1C5T.pdb_1GJ6.pdb_1QBO.pdb,0.477 ,0.338 ,0.140 ,0.322 ,0.193 ,0.515 ,1.171 ,0.336 ,1.507 ,-3.860,1980.098,0,0.102679,853
ZINC01554097_32,1C5T.pdb_1GJ6.pdb_1QBO.pdb,0.477 ,0.378 ,0.099 ,0.347 ,0.150 ,0.497 ,1.316 ,0.225 ,1.541 ,-3.018,2131.341,0,0.038793,854
ZINC00598345_72,1C5T.pdb_1GJ6.pdb_1QBO.pdb,0.477 ,0.332 ,0.145 ,0.309 ,0.205 ,0.514 ,1.291 ,0.331 ,1.622 ,-4.121,1893.918,0,0.110599,855
ZINC04464262_193,1C5T.pdb_1GJ6.pdb_1QBO.pdb,0.476 ,0.337 ,0.138 ,0.330 ,0.202 ,0.533 ,1.067 ,0.304 ,1.371 ,-4.076,2034.878,0,0.091304,856
ZINC04400050_142,1C5T.pdb_1GJ6.pdb_1QBO.pdb,0.476 ,0.323 ,0.153 ,0.312 ,0.221 ,0.533 ,1.126 ,0.331 ,1.457 ,-4.446,1918.453,0,0.052632,857
ZINC04236932_112,1C5T.pdb_1GJ6.pdb_1QBO.pdb,0.476 ,0.340 ,0.136 ,0.325 ,0.199 ,0.524 ,1.160 ,0.300 ,1.460 ,-4.018,1998.583,0,0.022814,858
ZINC04034371_16,1C5T.pdb_1GJ6.pdb_1QBO.pdb,0.476 ,0.361 ,0.114 ,0.341 ,0.171 ,0.512 ,1.193 ,0.256 ,1.450 ,-3.440,2100.627,0,0.076596,859
ZINC03990241_75,1C5T.pdb_1GJ6.pdb_1QBO.pdb,0.476 ,0.322 ,0.153 ,0.319 ,0.227 ,0.546 ,1.033 ,0.321 ,1.354 ,-4.593,1965.429,0,0.066390,860
ZINC03976862_48,1C5T.pdb_1GJ6.pdb_1QBO.pdb,0.476 ,0.297 ,0.180 ,0.291 ,0.279 ,0.569 ,1.073 ,0.336 ,1.409 ,-5.665,1787.905,0,0.038961,861
ZINC03933859_115,1C5T.pdb_1GJ6.pdb_1QBO.pdb,0.476 ,0.332 ,0.144 ,0.318 ,0.215 ,0.534 ,1.146 ,0.303 ,1.449 ,-4.346,1958.110,0,0.052174,862
ZINC03890510_66,1C5T.pdb_1GJ6.pdb_1QBO.pdb,0.476 ,0.356 ,0.120 ,0.344 ,0.186 ,0.530 ,1.111 ,0.252 ,1.364 ,-3.772,2119.471,0,0.078603,863
ZINC03857266_193,1C5T.pdb_1GJ6.pdb_1QBO.pdb,0.476 ,0.337 ,0.138 ,0.330 ,0.202 ,0.533 ,1.067 ,0.304 ,1.371 ,-4.076,2034.878,0,0.091304,864
ZINC03840228_148,1C5T.pdb_1GJ6.pdb_1QBO.pdb,0.476 ,0.319 ,0.157 ,0.308 ,0.232 ,0.540 ,1.125 ,0.327 ,1.452 ,-4.685,1895.840,0,0.053061,865
ZINC03633154_49,1C5T.pdb_1GJ6.pdb_1QBO.pdb,0.476 ,0.350 ,0.126 ,0.331 ,0.205 ,0.536 ,1.194 ,0.247 ,1.441 ,-4.163,2037.229,0,0.043290,866
ZINC03511243_154,1C5T.pdb_1GJ6.pdb_1QBO.pdb,0.476 ,0.355 ,0.120 ,0.329 ,0.169 ,0.498 ,1.290 ,0.295 ,1.585 ,-3.388,2022.013,0,0.068182,867
ZINC03449603_112,1C5T.pdb_1GJ6.pdb_1QBO.pdb,0.476 ,0.277 ,0.198 ,0.276 ,0.255 ,0.531 ,1.013 ,0.471 ,1.485 ,-5.097,1699.393,0,0.077626,868
ZINC03293582_136,1C5T.pdb_1GJ6.pdb_1QBO.pdb,0.476 ,0.351 ,0.125 ,0.329 ,0.171 ,0.500 ,1.231 ,0.317 ,1.548 ,-3.430,2022.587,0,0.092166,869
ZINC02967871_17,1C5T.pdb_1GJ6.pdb_1QBO.pdb,0.476 ,0.303 ,0.172 ,0.303 ,0.245 ,0.548 ,1.000 ,0.368 ,1.368 ,-4.936,1866.822,0,0.041667,870
ZINC02664902_141,1C5T.pdb_1GJ6.pdb_1QBO.pdb,0.476 ,0.357 ,0.119 ,0.339 ,0.173 ,0.512 ,1.184 ,0.274 ,1.458 ,-3.483,2083.357,0,0.062222,871
ZINC02415381_152,1C5T.pdb_1GJ6.pdb_1QBO.pdb,0.476 ,0.340 ,0.136 ,0.327 ,0.200 ,0.526 ,1.140 ,0.299 ,1.439 ,-4.022,2009.689,0,0.070485,872
ZINC02382511_149,1C5T.pdb_1GJ6.pdb_1QBO.pdb,0.476 ,0.338 ,0.138 ,0.321 ,0.185 ,0.506 ,1.188 ,0.351 ,1.539 ,-3.698,1973.355,0,0.060086,873
ZINC02131954_4,1C5T.pdb_1GJ6.pdb_1QBO.pdb,0.476 ,0.348 ,0.128 ,0.335 ,0.194 ,0.529 ,1.127 ,0.272 ,1.399 ,-3.926,2060.209,0,0.064777,874
ZINC01532360_188,1C5T.pdb_1GJ6.pdb_1QBO.pdb,0.476 ,0.337 ,0.140 ,0.311 ,0.198 ,0.509 ,1.330 ,0.320 ,1.651 ,-3.982,1905.757,0,0.093023,875
ZINC01107131_178,1C5T.pdb_1GJ6.pdb_1QBO.pdb,0.476 ,0.361 ,0.114 ,0.340 ,0.171 ,0.510 ,1.217 ,0.257 ,1.473 ,-3.441,2089.307,0,0.071749,876
ZINC00962262_86,1C5T.pdb_1GJ6.pdb_1QBO.pdb,0.476 ,0.343 ,0.133 ,0.330 ,0.185 ,0.515 ,1.129 ,0.323 ,1.452 ,-3.707,2032.322,0,0.076923,877
ZINC00921243_74,1C5T.pdb_1GJ6.pdb_1QBO.pdb,0.476 ,0.310 ,0.166 ,0.315 ,0.252 ,0.567 ,0.950 ,0.326 ,1.276 ,-5.100,1945.659,0,0.072034,878
ZINC00902658_21,1C5T.pdb_1GJ6.pdb_1QBO.pdb,0.476 ,0.364 ,0.111 ,0.355 ,0.178 ,0.532 ,1.081 ,0.230 ,1.312 ,-3.600,2186.832,0,0.095652,879
ZINC00882604_136,1C5T.pdb_1GJ6.pdb_1QBO.pdb,0.476 ,0.356 ,0.120 ,0.329 ,0.165 ,0.494 ,1.295 ,0.306 ,1.600 ,-3.306,2020.796,0,0.069444,880
ZINC00595558_135,1C5T.pdb_1GJ6.pdb_1QBO.pdb,0.476 ,0.344 ,0.131 ,0.326 ,0.177 ,0.503 ,1.195 ,0.336 ,1.531 ,-3.546,2004.121,0,0.071111,881
ZINC04619455_176,1C5T.pdb_1GJ6.pdb_1QBO.pdb,0.475 ,0.341 ,0.134 ,0.340 ,0.202 ,0.542 ,1.000 ,0.284 ,1.284 ,-4.078,2097.098,0,0.100437,882
ZINC04383614_110,1C5T.pdb_1GJ6.pdb_1QBO.pdb,0.475 ,0.328 ,0.147 ,0.323 ,0.213 ,0.537 ,1.045 ,0.321 ,1.366 ,-4.301,1991.931,0,0.114754,883
ZINC04217908_47,1C5T.pdb_1GJ6.pdb_1QBO.pdb,0.475 ,0.337 ,0.138 ,0.316 ,0.191 ,0.507 ,1.245 ,0.333 ,1.578 ,-3.827,1940.905,0,0.087156,884
ZINC03990241_182,1C5T.pdb_1GJ6.pdb_1QBO.pdb,0.475 ,0.334 ,0.141 ,0.328 ,0.212 ,0.539 ,1.062 ,0.298 ,1.360 ,-4.272,2019.947,0,0.071730,885
ZINC03977400_193,1C5T.pdb_1GJ6.pdb_1QBO.pdb,0.475 ,0.334 ,0.141 ,0.320 ,0.194 ,0.514 ,1.149 ,0.340 ,1.489 ,-3.898,1967.768,0,0.050420,886
ZINC03891134_145,1C5T.pdb_1GJ6.pdb_1QBO.pdb,0.475 ,0.320 ,0.155 ,0.312 ,0.243 ,0.555 ,1.097 ,0.298 ,1.395 ,-4.945,1917.317,0,0.047210,887
ZINC03438914_198,1C5T.pdb_1GJ6.pdb_1QBO.pdb,0.475 ,0.359 ,0.116 ,0.334 ,0.164 ,0.498 ,1.270 ,0.287 ,1.556 ,-3.289,2050.028,0,0.108597,888
ZINC03351333_164,1C5T.pdb_1GJ6.pdb_1QBO.pdb,0.475 ,0.362 ,0.113 ,0.334 ,0.155 ,0.489 ,1.300 ,0.294 ,1.594 ,-3.098,2051.646,0,0.063063,889
ZINC02665348_197,1C5T.pdb_1GJ6.pdb_1QBO.pdb,0.475 ,0.329 ,0.146 ,0.321 ,0.219 ,0.540 ,1.087 ,0.303 ,1.390 ,-4.435,1974.895,0,0.038462,890
ZINC02618850_195,1C5T.pdb_1GJ6.pdb_1QBO.pdb,0.475 ,0.349 ,0.127 ,0.329 ,0.189 ,0.518 ,1.205 ,0.278 ,1.483 ,-3.802,2024.477,0,0.060345,891
ZINC02618849_107,1C5T.pdb_1GJ6.pdb_1QBO.pdb,0.475 ,0.349 ,0.127 ,0.329 ,0.189 ,0.518 ,1.204 ,0.278 ,1.483 ,-3.802,2024.158,0,0.060086,892
ZINC02349120_91,1C5T.pdb_1GJ6.pdb_1QBO.pdb,0.475 ,0.380 ,0.095 ,0.353 ,0.155 ,0.508 ,1.253 ,0.198 ,1.451 ,-3.152,2170.063,0,0.047826,893
ZINC00852448_70,1C5T.pdb_1GJ6.pdb_1QBO.pdb,0.475 ,0.368 ,0.107 ,0.342 ,0.147 ,0.490 ,1.260 ,0.280 ,1.540 ,-2.948,2104.582,0,0.069565,894
ZINC00761819_47,1C5T.pdb_1GJ6.pdb_1QBO.pdb,0.475 ,0.334 ,0.141 ,0.318 ,0.189 ,0.507 ,1.179 ,0.358 ,1.537 ,-3.774,1956.692,0,0.088785,895
ZINC00594557_12,1C5T.pdb_1GJ6.pdb_1QBO.pdb,0.475 ,0.331 ,0.144 ,0.315 ,0.192 ,0.508 ,1.178 ,0.365 ,1.543 ,-3.843,1939.408,0,0.090090,896
ZINC03834175_29,1C5T.pdb_1GJ6.pdb_1QBO.pdb,0.475 ,0.314 ,0.161 ,0.319 ,0.243 ,0.562 ,0.950 ,0.322 ,1.272 ,-4.923,1969.230,1,0.117409,897
ZINC04619155_99,1C5T.pdb_1GJ6.pdb_1QBO.pdb,0.474 ,0.342 ,0.132 ,0.327 ,0.189 ,0.515 ,1.157 ,0.305 ,1.462 ,-3.792,2009.135,0,0.091324,898
ZINC04382511_138,1C5T.pdb_1GJ6.pdb_1QBO.pdb,0.474 ,0.355 ,0.119 ,0.331 ,0.167 ,0.499 ,1.252 ,0.292 ,1.545 ,-3.356,2035.010,0,0.075556,899
ZINC04222431_68,1C5T.pdb_1GJ6.pdb_1QBO.pdb,0.474 ,0.328 ,0.147 ,0.315 ,0.225 ,0.540 ,1.135 ,0.297 ,1.432 ,-4.550,1939.829,0,0.019531,900
ZINC03993045_76,1C5T.pdb_1GJ6.pdb_1QBO.pdb,0.474 ,0.356 ,0.119 ,0.331 ,0.183 ,0.513 ,1.273 ,0.252 ,1.525 ,-3.690,2031.787,0,0.045249,901
ZINC03987019_116,1C5T.pdb_1GJ6.pdb_1QBO.pdb,0.474 ,0.353 ,0.122 ,0.332 ,0.181 ,0.513 ,1.212 ,0.272 ,1.484 ,-3.643,2042.141,0,0.062222,902
ZINC03969853_13,1C5T.pdb_1GJ6.pdb_1QBO.pdb,0.474 ,0.349 ,0.125 ,0.325 ,0.180 ,0.506 ,1.264 ,0.292 ,1.555 ,-3.624,1998.722,0,0.059574,903
ZINC03840227_156,1C5T.pdb_1GJ6.pdb_1QBO.pdb,0.474 ,0.327 ,0.147 ,0.311 ,0.207 ,0.518 ,1.185 ,0.335 ,1.520 ,-4.165,1912.828,0,0.058333,904
ZINC03633199_47,1C5T.pdb_1GJ6.pdb_1QBO.pdb,0.474 ,0.319 ,0.155 ,0.309 ,0.243 ,0.553 ,1.111 ,0.298 ,1.409 ,-4.945,1903.413,0,0.043860,905
ZINC03426730_150,1C5T.pdb_1GJ6.pdb_1QBO.pdb,0.474 ,0.312 ,0.162 ,0.297 ,0.219 ,0.517 ,1.182 ,0.383 ,1.565 ,-4.398,1827.457,0,0.061135,906
ZINC03325755_7,1C5T.pdb_1GJ6.pdb_1QBO.pdb,0.474 ,0.337 ,0.137 ,0.325 ,0.195 ,0.520 ,1.128 ,0.315 ,1.443 ,-3.923,1999.453,0,0.100000,907
ZINC03289557_17,1C5T.pdb_1GJ6.pdb_1QBO.pdb,0.474 ,0.341 ,0.133 ,0.326 ,0.195 ,0.521 ,1.156 ,0.293 ,1.449 ,-3.923,2007.843,0,0.080717,908
ZINC03274648_120,1C5T.pdb_1GJ6.pdb_1QBO.pdb,0.474 ,0.278 ,0.196 ,0.276 ,0.252 ,0.528 ,1.031 ,0.467 ,1.498 ,-5.048,1694.855,0,0.077982,909
ZINC02964505_44,1C5T.pdb_1GJ6.pdb_1QBO.pdb,0.474 ,0.358 ,0.116 ,0.340 ,0.164 ,0.504 ,1.170 ,0.285 ,1.455 ,-3.284,2093.681,0,0.059322,910
ZINC02693579_19,1C5T.pdb_1GJ6.pdb_1QBO.pdb,0.474 ,0.279 ,0.195 ,0.278 ,0.265 ,0.543 ,1.000 ,0.426 ,1.426 ,-5.320,1711.111,0,0.068670,911
ZINC02242879_136,1C5T.pdb_1GJ6.pdb_1QBO.pdb,0.474 ,0.317 ,0.157 ,0.306 ,0.248 ,0.554 ,1.128 ,0.299 ,1.427 ,-5.047,1879.309,0,0.030303,912
ZINC02204440_157,1C5T.pdb_1GJ6.pdb_1QBO.pdb,0.474 ,0.320 ,0.154 ,0.313 ,0.209 ,0.523 ,1.075 ,0.366 ,1.440 ,-4.198,1929.692,0,0.074890,913
ZINC02129117_0,1C5T.pdb_1GJ6.pdb_1QBO.pdb,0.474 ,0.360 ,0.115 ,0.343 ,0.176 ,0.519 ,1.154 ,0.247 ,1.401 ,-3.561,2112.674,0,0.069106,914
ZINC00962264_133,1C5T.pdb_1GJ6.pdb_1QBO.pdb,0.474 ,0.341 ,0.133 ,0.329 ,0.185 ,0.513 ,1.124 ,0.322 ,1.446 ,-3.700,2024.021,0,0.076596,915
ZINC00606340_69,1C5T.pdb_1GJ6.pdb_1QBO.pdb,0.474 ,0.335 ,0.140 ,0.313 ,0.176 ,0.489 ,1.263 ,0.405 ,1.668 ,-3.492,1922.473,0,0.078704,916
ZINC04619443_168,1C5T.pdb_1GJ6.pdb_1QBO.pdb,0.473 ,0.338 ,0.135 ,0.320 ,0.181 ,0.501 ,1.202 ,0.344 ,1.546 ,-3.628,1967.368,0,0.075556,917
ZINC04464527_113,1C5T.pdb_1GJ6.pdb_1QBO.pdb,0.473 ,0.335 ,0.138 ,0.325 ,0.202 ,0.528 ,1.098 ,0.305 ,1.402 ,-4.076,2002.451,0,0.102679,918
ZINC04213700_140,1C5T.pdb_1GJ6.pdb_1QBO.pdb,0.473 ,0.346 ,0.127 ,0.321 ,0.188 ,0.509 ,1.286 ,0.283 ,1.569 ,-3.788,1970.743,0,0.058296,919
ZINC04001506_121,1C5T.pdb_1GJ6.pdb_1QBO.pdb,0.473 ,0.321 ,0.152 ,0.310 ,0.223 ,0.534 ,1.121 ,0.322 ,1.443 ,-4.504,1909.192,0,0.090090,920
ZINC03932357_85,1C5T.pdb_1GJ6.pdb_1QBO.pdb,0.473 ,0.306 ,0.167 ,0.302 ,0.239 ,0.540 ,1.050 ,0.359 ,1.409 ,-4.807,1856.830,0,0.117391,921
ZINC03889306_107,1C5T.pdb_1GJ6.pdb_1QBO.pdb,0.473 ,0.341 ,0.132 ,0.334 ,0.218 ,0.552 ,1.061 ,0.253 ,1.314 ,-4.430,2059.774,0,0.077922,922
ZINC03857694_113,1C5T.pdb_1GJ6.pdb_1QBO.pdb,0.473 ,0.335 ,0.138 ,0.325 ,0.202 ,0.528 ,1.098 ,0.305 ,1.402 ,-4.076,2002.451,0,0.102679,923
ZINC03818549_84,1C5T.pdb_1GJ6.pdb_1QBO.pdb,0.473 ,0.316 ,0.156 ,0.308 ,0.231 ,0.539 ,1.097 ,0.326 ,1.423 ,-4.667,1893.478,0,0.109649,924
ZINC03810149_43,1C5T.pdb_1GJ6.pdb_1QBO.pdb,0.473 ,0.303 ,0.170 ,0.305 ,0.275 ,0.579 ,0.986 ,0.309 ,1.295 ,-5.605,1876.448,0,0.044355,925
ZINC03659281_151,1C5T.pdb_1GJ6.pdb_1QBO.pdb,0.473 ,0.296 ,0.178 ,0.291 ,0.244 ,0.536 ,1.052 ,0.395 ,1.447 ,-4.907,1792.846,0,0.056769,926
ZINC02959435_173,1C5T.pdb_1GJ6.pdb_1QBO.pdb,0.473 ,0.341 ,0.132 ,0.317 ,0.184 ,0.501 ,1.277 ,0.320 ,1.596 ,-3.692,1947.692,0,0.021097,927
ZINC02700316_43,1C5T.pdb_1GJ6.pdb_1QBO.pdb,0.473 ,0.354 ,0.119 ,0.339 ,0.182 ,0.521 ,1.148 ,0.256 ,1.404 ,-3.679,2085.102,0,0.060606,928
ZINC02491745_75,1C5T.pdb_1GJ6.pdb_1QBO.pdb,0.473 ,0.343 ,0.130 ,0.330 ,0.191 ,0.521 ,1.130 ,0.287 ,1.417 ,-3.845,2033.054,0,0.074236,929
ZINC02203296_30,1C5T.pdb_1GJ6.pdb_1QBO.pdb,0.473 ,0.320 ,0.154 ,0.313 ,0.210 ,0.523 ,1.070 ,0.366 ,1.436 ,-4.201,1927.530,0,0.074890,930
ZINC01911463_124,1C5T.pdb_1GJ6.pdb_1QBO.pdb,0.473 ,0.320 ,0.153 ,0.300 ,0.209 ,0.509 ,1.262 ,0.365 ,1.626 ,-4.192,1841.224,0,0.108491,931
ZINC01838798_64,1C5T.pdb_1GJ6.pdb_1QBO.pdb,0.473 ,0.337 ,0.135 ,0.321 ,0.193 ,0.514 ,1.171 ,0.312 ,1.483 ,-3.881,1975.987,0,0.040486,932
ZINC00902677_177,1C5T.pdb_1GJ6.pdb_1QBO.pdb,0.473 ,0.364 ,0.109 ,0.356 ,0.174 ,0.530 ,1.064 ,0.226 ,1.290 ,-3.529,2197.246,0,0.103448,933
ZINC00818706_62,1C5T.pdb_1GJ6.pdb_1QBO.pdb,0.473 ,0.319 ,0.153 ,0.311 ,0.228 ,0.539 ,1.086 ,0.320 ,1.406 ,-4.596,1915.421,0,0.069565,934
ZINC00767140_170,1C5T.pdb_1GJ6.pdb_1QBO.pdb,0.473 ,0.354 ,0.119 ,0.343 ,0.177 ,0.520 ,1.100 ,0.267 ,1.367 ,-3.574,2114.241,0,0.086777,935
ZINC00588652_171,1C5T.pdb_1GJ6.pdb_1QBO.pdb,0.473 ,0.347 ,0.126 ,0.330 ,0.191 ,0.521 ,1.179 ,0.269 ,1.448 ,-3.861,2028.209,0,0.049107,936
ZINC00588296_159,1C5T.pdb_1GJ6.pdb_1QBO.pdb,0.473 ,0.311 ,0.162 ,0.304 ,0.226 ,0.530 ,1.071 ,0.365 ,1.436 ,-4.533,1872.584,0,0.076923,937
ZINC04619225_29,1C5T.pdb_1GJ6.pdb_1QBO.pdb,0.472 ,0.362 ,0.110 ,0.339 ,0.166 ,0.505 ,1.227 ,0.249 ,1.476 ,-3.334,2086.207,0,0.067873,938
ZINC04222810_106,1C5T.pdb_1GJ6.pdb_1QBO.pdb,0.472 ,0.308 ,0.164 ,0.299 ,0.229 ,0.528 ,1.102 ,0.366 ,1.468 ,-4.596,1840.375,0,0.046218,939
ZINC04161144_3,1C5T.pdb_1GJ6.pdb_1QBO.pdb,0.472 ,0.357 ,0.115 ,0.328 ,0.167 ,0.495 ,1.320 ,0.271 ,1.591 ,-3.361,2015.278,0,0.067265,940
ZINC03992834_190,1C5T.pdb_1GJ6.pdb_1QBO.pdb,0.472 ,0.360 ,0.113 ,0.336 ,0.176 ,0.512 ,1.242 ,0.238 ,1.480 ,-3.563,2067.317,0,0.054545,941
ZINC03924186_95,1C5T.pdb_1GJ6.pdb_1QBO.pdb,0.472 ,0.349 ,0.123 ,0.336 ,0.172 ,0.508 ,1.128 ,0.300 ,1.428 ,-3.446,2068.237,0,0.077253,942
ZINC03874136_152,1C5T.pdb_1GJ6.pdb_1QBO.pdb,0.472 ,0.343 ,0.129 ,0.324 ,0.183 ,0.507 ,1.205 ,0.304 ,1.509 ,-3.676,1991.913,0,0.095890,943
ZINC03838695_155,1C5T.pdb_1GJ6.pdb_1QBO.pdb,0.472 ,0.323 ,0.149 ,0.313 ,0.222 ,0.535 ,1.106 ,0.312 ,1.418 ,-4.476,1925.708,0,0.038760,944
ZINC03838486_172,1C5T.pdb_1GJ6.pdb_1QBO.pdb,0.472 ,0.336 ,0.135 ,0.316 ,0.198 ,0.514 ,1.239 ,0.298 ,1.537 ,-3.990,1941.063,0,0.040984,945
ZINC03818476_166,1C5T.pdb_1GJ6.pdb_1QBO.pdb,0.472 ,0.351 ,0.121 ,0.332 ,0.170 ,0.502 ,1.195 ,0.296 ,1.491 ,-3.402,2040.814,0,0.057018,946
ZINC03812795_40,1C5T.pdb_1GJ6.pdb_1QBO.pdb,0.472 ,0.346 ,0.126 ,0.338 ,0.211 ,0.549 ,1.076 ,0.237 ,1.313 ,-4.296,2084.282,0,0.092827,947
ZINC03784889_154,1C5T.pdb_1GJ6.pdb_1QBO.pdb,0.472 ,0.336 ,0.135 ,0.323 ,0.209 ,0.532 ,1.139 ,0.277 ,1.416 ,-4.231,1988.462,0,0.087336,948
ZINC03582941_11,1C5T.pdb_1GJ6.pdb_1QBO.pdb,0.472 ,0.369 ,0.103 ,0.336 ,0.142 ,0.478 ,1.357 ,0.270 ,1.627 ,-2.843,2065.170,0,0.081818,949
ZINC03529023_171,1C5T.pdb_1GJ6.pdb_1QBO.pdb,0.472 ,0.310 ,0.162 ,0.296 ,0.214 ,0.511 ,1.180 ,0.397 ,1.577 ,-4.291,1820.956,0,0.051643,950
ZINC03449087_29,1C5T.pdb_1GJ6.pdb_1QBO.pdb,0.472 ,0.348 ,0.124 ,0.325 ,0.169 ,0.494 ,1.256 ,0.320 ,1.576 ,-3.372,1998.203,0,0.072072,951
ZINC02646254_139,1C5T.pdb_1GJ6.pdb_1QBO.pdb,0.472 ,0.362 ,0.110 ,0.332 ,0.151 ,0.483 ,1.341 ,0.288 ,1.629 ,-3.028,2037.183,0,0.092593,952
ZINC00921665_101,1C5T.pdb_1GJ6.pdb_1QBO.pdb,0.472 ,0.354 ,0.118 ,0.339 ,0.166 ,0.505 ,1.143 ,0.290 ,1.432 ,-3.323,2088.618,0,0.094170,953
ZINC00902638_163,1C5T.pdb_1GJ6.pdb_1QBO.pdb,0.472 ,0.351 ,0.120 ,0.348 ,0.200 ,0.548 ,1.027 ,0.232 ,1.259 ,-4.076,2149.420,0,0.066390,954
ZINC00596374_132,1C5T.pdb_1GJ6.pdb_1QBO.pdb,0.472 ,0.342 ,0.130 ,0.324 ,0.177 ,0.502 ,1.190 ,0.328 ,1.519 ,-3.551,1994.086,0,0.071111,955
ZINC04161152_14,1C5T.pdb_1GJ6.pdb_1QBO.pdb,0.471 ,0.331 ,0.140 ,0.310 ,0.199 ,0.509 ,1.248 ,0.321 ,1.569 ,-3.992,1907.021,0,0.061674,956
ZINC04001743_54,1C5T.pdb_1GJ6.pdb_1QBO.pdb,0.471 ,0.338 ,0.133 ,0.324 ,0.195 ,0.518 ,1.155 ,0.293 ,1.448 ,-3.923,1990.500,0,0.047210,957
ZINC03993078_131,1C5T.pdb_1GJ6.pdb_1QBO.pdb,0.471 ,0.335 ,0.137 ,0.318 ,0.195 ,0.513 ,1.178 ,0.315 ,1.492 ,-3.915,1958.184,0,0.062780,958
ZINC03981618_173,1C5T.pdb_1GJ6.pdb_1QBO.pdb,0.471 ,0.373 ,0.098 ,0.347 ,0.148 ,0.495 ,1.255 ,0.223 ,1.478 ,-2.982,2133.777,0,0.122807,959
ZINC03892228_6,1C5T.pdb_1GJ6.pdb_1QBO.pdb,0.471 ,0.330 ,0.141 ,0.316 ,0.206 ,0.522 ,1.153 ,0.310 ,1.462 ,-4.149,1942.113,0,0.068670,960
ZINC03867781_130,1C5T.pdb_1GJ6.pdb_1QBO.pdb,0.471 ,0.340 ,0.130 ,0.320 ,0.197 ,0.518 ,1.222 ,0.278 ,1.499 ,-3.985,1969.324,0,0.054299,961
ZINC03864336_159,1C5T.pdb_1GJ6.pdb_1QBO.pdb,0.471 ,0.333 ,0.138 ,0.326 ,0.196 ,0.523 ,1.065 ,0.317 ,1.382 ,-3.945,2010.626,0,0.090129,962
ZINC03820285_65,1C5T.pdb_1GJ6.pdb_1QBO.pdb,0.471 ,0.333 ,0.137 ,0.320 ,0.218 ,0.538 ,1.141 ,0.272 ,1.413 ,-4.414,1969.793,0,0.072034,963
ZINC03814069_22,1C5T.pdb_1GJ6.pdb_1QBO.pdb,0.471 ,0.324 ,0.147 ,0.309 ,0.208 ,0.517 ,1.170 ,0.335 ,1.506 ,-4.174,1901.752,0,0.057269,964
ZINC03600291_115,1C5T.pdb_1GJ6.pdb_1QBO.pdb,0.471 ,0.367 ,0.104 ,0.335 ,0.145 ,0.479 ,1.358 ,0.268 ,1.626 ,-2.895,2055.859,0,0.032710,965
ZINC03558424_98,1C5T.pdb_1GJ6.pdb_1QBO.pdb,0.471 ,0.358 ,0.113 ,0.334 ,0.166 ,0.500 ,1.251 ,0.262 ,1.514 ,-3.336,2052.511,0,0.057778,966
ZINC03439320_30,1C5T.pdb_1GJ6.pdb_1QBO.pdb,0.471 ,0.348 ,0.123 ,0.331 ,0.172 ,0.504 ,1.165 ,0.301 ,1.465 ,-3.455,2038.918,0,0.072650,967
ZINC03356245_10,1C5T.pdb_1GJ6.pdb_1QBO.pdb,0.471 ,0.362 ,0.109 ,0.333 ,0.150 ,0.482 ,1.326 ,0.284 ,1.610 ,-2.991,2042.648,0,0.104265,968
ZINC03320483_80,1C5T.pdb_1GJ6.pdb_1QBO.pdb,0.471 ,0.357 ,0.114 ,0.333 ,0.162 ,0.495 ,1.255 ,0.276 ,1.531 ,-3.248,2046.292,0,0.065421,969
ZINC02693577_85,1C5T.pdb_1GJ6.pdb_1QBO.pdb,0.471 ,0.357 ,0.114 ,0.336 ,0.166 ,0.502 ,1.217 ,0.267 ,1.485 ,-3.329,2066.183,0,0.068966,970
ZINC02126770_163,1C5T.pdb_1GJ6.pdb_1QBO.pdb,0.471 ,0.338 ,0.132 ,0.327 ,0.206 ,0.533 ,1.108 ,0.271 ,1.379 ,-4.166,2016.253,0,0.056225,971
ZINC01996908_7,1C5T.pdb_1GJ6.pdb_1QBO.pdb,0.471 ,0.352 ,0.119 ,0.333 ,0.172 ,0.506 ,1.191 ,0.278 ,1.469 ,-3.465,2050.559,0,0.064103,972
ZINC01911616_197,1C5T.pdb_1GJ6.pdb_1QBO.pdb,0.471 ,0.313 ,0.158 ,0.302 ,0.227 ,0.529 ,1.129 ,0.342 ,1.470 ,-4.579,1857.068,0,0.104803,973
ZINC00902660_163,1C5T.pdb_1GJ6.pdb_1QBO.pdb,0.471 ,0.324 ,0.147 ,0.325 ,0.227 ,0.552 ,1.000 ,0.295 ,1.295 ,-4.604,2004.805,0,0.096070,974
ZINC04464286_43,1C5T.pdb_1GJ6.pdb_1QBO.pdb,0.470 ,0.331 ,0.138 ,0.326 ,0.202 ,0.528 ,1.050 ,0.304 ,1.354 ,-4.075,2009.122,0,0.090517,975
ZINC03976355_164,1C5T.pdb_1GJ6.pdb_1QBO.pdb,0.470 ,0.342 ,0.129 ,0.323 ,0.179 ,0.502 ,1.207 ,0.313 ,1.520 ,-3.592,1983.889,0,0.059072,976
ZINC03891130_124,1C5T.pdb_1GJ6.pdb_1QBO.pdb,0.470 ,0.310 ,0.160 ,0.302 ,0.244 ,0.546 ,1.090 ,0.316 ,1.406 ,-4.937,1860.561,0,0.043478,977
ZINC03857293_43,1C5T.pdb_1GJ6.pdb_1QBO.pdb,0.470 ,0.331 ,0.138 ,0.326 ,0.202 ,0.528 ,1.050 ,0.304 ,1.354 ,-4.075,2009.122,0,0.090517,978
ZINC03841661_146,1C5T.pdb_1GJ6.pdb_1QBO.pdb,0.470 ,0.328 ,0.142 ,0.323 ,0.224 ,0.547 ,1.050 ,0.280 ,1.330 ,-4.549,1988.310,0,0.043478,979
ZINC03840236_149,1C5T.pdb_1GJ6.pdb_1QBO.pdb,0.470 ,0.350 ,0.120 ,0.333 ,0.198 ,0.531 ,1.172 ,0.234 ,1.406 ,-4.022,2050.264,0,0.035714,980
ZINC03840223_89,1C5T.pdb_1GJ6.pdb_1QBO.pdb,0.470 ,0.316 ,0.154 ,0.302 ,0.216 ,0.518 ,1.179 ,0.349 ,1.528 ,-4.341,1852.772,0,0.050209,981
ZINC03812787_89,1C5T.pdb_1GJ6.pdb_1QBO.pdb,0.470 ,0.314 ,0.156 ,0.316 ,0.255 ,0.570 ,0.983 ,0.287 ,1.270 ,-5.198,1945.309,0,0.085106,982
ZINC03637109_91,1C5T.pdb_1GJ6.pdb_1QBO.pdb,0.470 ,0.325 ,0.145 ,0.314 ,0.206 ,0.520 ,1.114 ,0.331 ,1.446 ,-4.131,1932.352,0,0.028226,983
ZINC03388500_31,1C5T.pdb_1GJ6.pdb_1QBO.pdb,0.470 ,0.346 ,0.124 ,0.320 ,0.169 ,0.489 ,1.304 ,0.320 ,1.624 ,-3.375,1964.985,0,0.086758,984
ZINC03358513_159,1C5T.pdb_1GJ6.pdb_1QBO.pdb,0.470 ,0.353 ,0.118 ,0.336 ,0.175 ,0.512 ,1.161 ,0.263 ,1.424 ,-3.530,2070.294,0,0.074236,985
ZINC03270022_168,1C5T.pdb_1GJ6.pdb_1QBO.pdb,0.470 ,0.348 ,0.122 ,0.332 ,0.178 ,0.510 ,1.162 ,0.281 ,1.444 ,-3.578,2042.074,0,0.081448,986
ZINC02971927_160,1C5T.pdb_1GJ6.pdb_1QBO.pdb,0.470 ,0.294 ,0.176 ,0.291 ,0.243 ,0.533 ,1.037 ,0.392 ,1.430 ,-4.875,1788.584,0,0.063348,987
ZINC02967871_22,1C5T.pdb_1GJ6.pdb_1QBO.pdb,0.470 ,0.335 ,0.136 ,0.327 ,0.199 ,0.525 ,1.079 ,0.299 ,1.378 ,-4.006,2011.496,0,0.050420,988
ZINC02520769_141,1C5T.pdb_1GJ6.pdb_1QBO.pdb,0.470 ,0.312 ,0.159 ,0.306 ,0.248 ,0.555 ,1.060 ,0.305 ,1.365 ,-5.047,1884.982,0,0.038793,989
ZINC02450445_59,1C5T.pdb_1GJ6.pdb_1QBO.pdb,0.470 ,0.311 ,0.158 ,0.302 ,0.242 ,0.544 ,1.113 ,0.314 ,1.428 ,-4.905,1856.425,0,0.039301,990
ZINC02250704_66,1C5T.pdb_1GJ6.pdb_1QBO.pdb,0.470 ,0.331 ,0.140 ,0.313 ,0.198 ,0.512 ,1.204 ,0.321 ,1.524 ,-3.988,1924.305,0,0.061135,991
ZINC02221824_69,1C5T.pdb_1GJ6.pdb_1QBO.pdb,0.470 ,0.360 ,0.110 ,0.342 ,0.170 ,0.512 ,1.162 ,0.238 ,1.400 ,-3.431,2108.697,0,0.073770,992
ZINC02205779_68,1C5T.pdb_1GJ6.pdb_1QBO.pdb,0.470 ,0.354 ,0.116 ,0.333 ,0.164 ,0.497 ,1.218 ,0.285 ,1.503 ,-3.277,2048.854,0,0.039301,993
ZINC01840065_133,1C5T.pdb_1GJ6.pdb_1QBO.pdb,0.470 ,0.352 ,0.118 ,0.337 ,0.176 ,0.513 ,1.147 ,0.265 ,1.411 ,-3.543,2072.426,0,0.060484,994
ZINC01840042_116,1C5T.pdb_1GJ6.pdb_1QBO.pdb,0.470 ,0.347 ,0.123 ,0.329 ,0.177 ,0.507 ,1.179 ,0.286 ,1.465 ,-3.563,2026.829,0,0.065306,995
ZINC01821508_122,1C5T.pdb_1GJ6.pdb_1QBO.pdb,0.470 ,0.351 ,0.119 ,0.335 ,0.172 ,0.507 ,1.156 ,0.279 ,1.435 ,-3.465,2059.780,0,0.093333,996
ZINC01483726_111,1C5T.pdb_1GJ6.pdb_1QBO.pdb,0.470 ,0.325 ,0.146 ,0.318 ,0.212 ,0.530 ,1.071 ,0.319 ,1.390 ,-4.267,1956.783,0,0.116279,997
ZINC00902614_145,1C5T.pdb_1GJ6.pdb_1QBO.pdb,0.470 ,0.323 ,0.147 ,0.324 ,0.227 ,0.552 ,0.989 ,0.295 ,1.284 ,-4.604,2000.619,0,0.110619,998
ZINC00902612_140,1C5T.pdb_1GJ6.pdb_1QBO.pdb,0.470 ,0.369 ,0.101 ,0.358 ,0.163 ,0.521 ,1.092 ,0.211 ,1.303 ,-3.299,2207.222,0,0.110132,999
ZINC00902597_22,1C5T.pdb_1GJ6.pdb_1QBO.pdb,0.470 ,0.337 ,0.133 ,0.332 ,0.202 ,0.534 ,1.050 ,0.279 ,1.329 ,-4.088,2046.615,0,0.076923,1000
ZINC00770143_52,1C5T.pdb_1GJ6.pdb_1QBO.pdb,0.470 ,0.377 ,0.093 ,0.362 ,0.145 ,0.508 ,1.120 ,0.204 ,1.325 ,-2.937,2233.934,0,0.090164,1001
ZINC04619469_119,1C5T.pdb_1GJ6.pdb_1QBO.pdb,0.469 ,0.320 ,0.149 ,0.305 ,0.204 ,0.510 ,1.172 ,0.356 ,1.528 ,-4.096,1876.917,0,0.066372,1002
ZINC04619211_113,1C5T.pdb_1GJ6.pdb_1QBO.pdb,0.469 ,0.341 ,0.128 ,0.325 ,0.188 ,0.513 ,1.174 ,0.283 ,1.458 ,-3.797,1996.574,0,0.081818,1003
ZINC04257378_118,1C5T.pdb_1GJ6.pdb_1QBO.pdb,0.469 ,0.362 ,0.107 ,0.331 ,0.152 ,0.483 ,1.348 ,0.266 ,1.614 ,-3.054,2032.722,0,0.065116,1004
ZINC04222855_147,1C5T.pdb_1GJ6.pdb_1QBO.pdb,0.469 ,0.340 ,0.128 ,0.326 ,0.190 ,0.516 ,1.144 ,0.283 ,1.427 ,-3.831,2007.159,0,0.062500,1005
ZINC04217906_102,1C5T.pdb_1GJ6.pdb_1QBO.pdb,0.469 ,0.352 ,0.117 ,0.325 ,0.164 ,0.489 ,1.314 ,0.287 ,1.601 ,-3.294,1996.190,0,0.093897,1006
ZINC04215208_9,1C5T.pdb_1GJ6.pdb_1QBO.pdb,0.469 ,0.326 ,0.143 ,0.324 ,0.252 ,0.576 ,1.023 ,0.247 ,1.270 ,-5.187,1996.018,0,0.048327,1007
ZINC03977400_123,1C5T.pdb_1GJ6.pdb_1QBO.pdb,0.469 ,0.363 ,0.106 ,0.341 ,0.150 ,0.491 ,1.221 ,0.263 ,1.484 ,-3.015,2095.146,0,0.049383,1008
ZINC03867341_29,1C5T.pdb_1GJ6.pdb_1QBO.pdb,0.469 ,0.392 ,0.077 ,0.366 ,0.119 ,0.485 ,1.220 ,0.179 ,1.399 ,-2.396,2253.053,0,0.051793,1009
ZINC03858746_43,1C5T.pdb_1GJ6.pdb_1QBO.pdb,0.469 ,0.305 ,0.163 ,0.300 ,0.240 ,0.539 ,1.067 ,0.338 ,1.405 ,-4.843,1843.288,0,0.075949,1010
ZINC03815881_94,1C5T.pdb_1GJ6.pdb_1QBO.pdb,0.469 ,0.328 ,0.141 ,0.319 ,0.205 ,0.525 ,1.092 ,0.309 ,1.401 ,-4.138,1965.021,0,0.077922,1011
ZINC03808436_129,1C5T.pdb_1GJ6.pdb_1QBO.pdb,0.469 ,0.336 ,0.134 ,0.319 ,0.191 ,0.510 ,1.183 ,0.309 ,1.492 ,-3.838,1961.639,0,0.098712,1012
ZINC03530553_164,1C5T.pdb_1GJ6.pdb_1QBO.pdb,0.469 ,0.297 ,0.172 ,0.291 ,0.232 ,0.523 ,1.085 ,0.396 ,1.481 ,-4.660,1786.629,0,0.054545,1013
ZINC03457576_119,1C5T.pdb_1GJ6.pdb_1QBO.pdb,0.469 ,0.336 ,0.133 ,0.317 ,0.185 ,0.502 ,1.217 ,0.323 ,1.540 ,-3.707,1946.126,0,0.069565,1014
ZINC03269986_118,1C5T.pdb_1GJ6.pdb_1QBO.pdb,0.469 ,0.359 ,0.110 ,0.332 ,0.151 ,0.483 ,1.289 ,0.287 ,1.576 ,-3.023,2041.068,0,0.089202,1015
ZINC03062661_128,1C5T.pdb_1GJ6.pdb_1QBO.pdb,0.469 ,0.296 ,0.173 ,0.285 ,0.234 ,0.520 ,1.144 ,0.400 ,1.544 ,-4.701,1752.262,0,0.057269,1016
ZINC02964627_63,1C5T.pdb_1GJ6.pdb_1QBO.pdb,0.469 ,0.370 ,0.099 ,0.349 ,0.145 ,0.495 ,1.197 ,0.235 ,1.432 ,-2.923,2149.182,0,0.058333,1017
ZINC02660602_78,1C5T.pdb_1GJ6.pdb_1QBO.pdb,0.469 ,0.362 ,0.107 ,0.345 ,0.165 ,0.510 ,1.158 ,0.233 ,1.390 ,-3.332,2123.313,0,0.096916,1018
ZINC02579074_119,1C5T.pdb_1GJ6.pdb_1QBO.pdb,0.469 ,0.392 ,0.076 ,0.358 ,0.115 ,0.473 ,1.316 ,0.185 ,1.502 ,-2.306,2204.234,0,0.108597,1019
ZINC02384342_51,1C5T.pdb_1GJ6.pdb_1QBO.pdb,0.469 ,0.312 ,0.157 ,0.300 ,0.221 ,0.521 ,1.153 ,0.350 ,1.503 ,-4.447,1840.661,0,0.084112,1020
ZINC02291655_94,1C5T.pdb_1GJ6.pdb_1QBO.pdb,0.469 ,0.332 ,0.137 ,0.313 ,0.206 ,0.518 ,1.236 ,0.289 ,1.525 ,-4.151,1919.822,0,0.096330,1021
ZINC02218504_63,1C5T.pdb_1GJ6.pdb_1QBO.pdb,0.469 ,0.335 ,0.134 ,0.323 ,0.191 ,0.514 ,1.122 ,0.308 ,1.430 ,-3.834,1989.387,0,0.037975,1022
ZINC01548696_87,1C5T.pdb_1GJ6.pdb_1QBO.pdb,0.469 ,0.294 ,0.175 ,0.294 ,0.248 ,0.542 ,1.000 ,0.373 ,1.373 ,-4.998,1808.416,0,0.142202,1023
ZINC01539779_180,1C5T.pdb_1GJ6.pdb_1QBO.pdb,0.469 ,0.316 ,0.152 ,0.315 ,0.226 ,0.541 ,1.017 ,0.318 ,1.335 ,-4.572,1939.120,0,0.063025,1024
ZINC01446412_146,1C5T.pdb_1GJ6.pdb_1QBO.pdb,0.469 ,0.313 ,0.156 ,0.304 ,0.228 ,0.532 ,1.111 ,0.328 ,1.440 ,-4.601,1868.403,0,0.058559,1025
ZINC01033522_83,1C5T.pdb_1GJ6.pdb_1QBO.pdb,0.469 ,0.321 ,0.148 ,0.314 ,0.214 ,0.528 ,1.078 ,0.322 ,1.400 ,-4.316,1930.375,0,0.085586,1026
ZINC00906167_155,1C5T.pdb_1GJ6.pdb_1QBO.pdb,0.469 ,0.317 ,0.151 ,0.319 ,0.221 ,0.540 ,0.984 ,0.324 ,1.308 ,-4.452,1966.671,0,0.089744,1027
ZINC00814141_53,1C5T.pdb_1GJ6.pdb_1QBO.pdb,0.469 ,0.360 ,0.110 ,0.341 ,0.165 ,0.505 ,1.184 ,0.248 ,1.432 ,-3.316,2095.898,0,0.052632,1028
ZINC04619253_66,1C5T.pdb_1GJ6.pdb_1QBO.pdb,0.468 ,0.336 ,0.132 ,0.327 ,0.194 ,0.521 ,1.084 ,0.292 ,1.376 ,-3.914,2014.029,0,0.094170,1029
ZINC04392565_100,1C5T.pdb_1GJ6.pdb_1QBO.pdb,0.468 ,0.311 ,0.157 ,0.302 ,0.213 ,0.516 ,1.105 ,0.372 ,1.477 ,-4.271,1860.246,0,0.101695,1030
ZINC03828761_103,1C5T.pdb_1GJ6.pdb_1QBO.pdb,0.468 ,0.322 ,0.145 ,0.316 ,0.225 ,0.541 ,1.063 ,0.292 ,1.355 ,-4.551,1947.456,0,0.078603,1031
ZINC03820285_79,1C5T.pdb_1GJ6.pdb_1QBO.pdb,0.468 ,0.331 ,0.137 ,0.319 ,0.217 ,0.536 ,1.135 ,0.271 ,1.406 ,-4.406,1959.895,0,0.077922,1032
ZINC03820048_135,1C5T.pdb_1GJ6.pdb_1QBO.pdb,0.468 ,0.381 ,0.087 ,0.346 ,0.126 ,0.472 ,1.363 ,0.220 ,1.583 ,-2.534,2123.634,0,0.076271,1033
ZINC03584472_53,1C5T.pdb_1GJ6.pdb_1QBO.pdb,0.468 ,0.376 ,0.092 ,0.339 ,0.129 ,0.468 ,1.398 ,0.245 ,1.643 ,-2.576,2083.065,0,0.071429,1034
ZINC03525889_198,1C5T.pdb_1GJ6.pdb_1QBO.pdb,0.468 ,0.329 ,0.140 ,0.314 ,0.193 ,0.507 ,1.160 ,0.336 ,1.495 ,-3.862,1933.384,0,0.068182,1035
ZINC03361445_78,1C5T.pdb_1GJ6.pdb_1QBO.pdb,0.468 ,0.347 ,0.121 ,0.329 ,0.171 ,0.500 ,1.194 ,0.292 ,1.485 ,-3.430,2021.150,0,0.077626,1036
ZINC03343938_84,1C5T.pdb_1GJ6.pdb_1QBO.pdb,0.468 ,0.368 ,0.101 ,0.352 ,0.148 ,0.500 ,1.141 ,0.239 ,1.379 ,-2.976,2166.181,0,0.050000,1037
ZINC03105220_177,1C5T.pdb_1GJ6.pdb_1QBO.pdb,0.468 ,0.367 ,0.101 ,0.337 ,0.148 ,0.486 ,1.310 ,0.240 ,1.550 ,-2.981,2073.322,0,0.076577,1038
ZINC02975581_131,1C5T.pdb_1GJ6.pdb_1QBO.pdb,0.468 ,0.373 ,0.095 ,0.364 ,0.164 ,0.528 ,1.073 ,0.184 ,1.257 ,-3.347,2247.084,0,0.076923,1039
ZINC02928669_113,1C5T.pdb_1GJ6.pdb_1QBO.pdb,0.468 ,0.321 ,0.147 ,0.314 ,0.214 ,0.528 ,1.069 ,0.322 ,1.391 ,-4.309,1933.795,0,0.076271,1040
ZINC02136685_161,1C5T.pdb_1GJ6.pdb_1QBO.pdb,0.468 ,0.335 ,0.133 ,0.326 ,0.206 ,0.533 ,1.082 ,0.271 ,1.354 ,-4.176,2010.593,0,0.055777,1041
ZINC02002121_198,1C5T.pdb_1GJ6.pdb_1QBO.pdb,0.468 ,0.320 ,0.148 ,0.310 ,0.250 ,0.560 ,1.109 ,0.267 ,1.376 ,-5.112,1908.623,0,0.031873,1042
ZINC01865097_146,1C5T.pdb_1GJ6.pdb_1QBO.pdb,0.468 ,0.327 ,0.141 ,0.314 ,0.200 ,0.514 ,1.146 ,0.324 ,1.470 ,-4.026,1929.708,0,0.048387,1043
ZINC01826420_184,1C5T.pdb_1GJ6.pdb_1QBO.pdb,0.468 ,0.350 ,0.118 ,0.336 ,0.171 ,0.507 ,1.137 ,0.276 ,1.413 ,-3.437,2068.281,0,0.092920,1044
ZINC01539778_170,1C5T.pdb_1GJ6.pdb_1QBO.pdb,0.468 ,0.342 ,0.126 ,0.332 ,0.181 ,0.514 ,1.096 ,0.292 ,1.389 ,-3.642,2047.115,0,0.063025,1045
ZINC00962263_71,1C5T.pdb_1GJ6.pdb_1QBO.pdb,0.468 ,0.347 ,0.121 ,0.333 ,0.170 ,0.503 ,1.138 ,0.297 ,1.435 ,-3.410,2049.496,0,0.076923,1046
ZINC00902651_185,1C5T.pdb_1GJ6.pdb_1QBO.pdb,0.468 ,0.321 ,0.147 ,0.324 ,0.227 ,0.551 ,0.969 ,0.295 ,1.263 ,-4.604,2000.537,0,0.118421,1047
ZINC00902591_59,1C5T.pdb_1GJ6.pdb_1QBO.pdb,0.468 ,0.359 ,0.108 ,0.353 ,0.177 ,0.530 ,1.053 ,0.217 ,1.270 ,-3.603,2178.093,0,0.099138,1048
ZINC00842632_17,1C5T.pdb_1GJ6.pdb_1QBO.pdb,0.468 ,0.342 ,0.126 ,0.323 ,0.175 ,0.498 ,1.213 ,0.306 ,1.520 ,-3.517,1985.537,0,0.069869,1049
ZINC04529203_106,1C5T.pdb_1GJ6.pdb_1QBO.pdb,0.467 ,0.343 ,0.124 ,0.321 ,0.185 ,0.506 ,1.254 ,0.273 ,1.526 ,-3.729,1970.412,0,0.048246,1050
ZINC04383173_138,1C5T.pdb_1GJ6.pdb_1QBO.pdb,0.467 ,0.303 ,0.164 ,0.301 ,0.241 ,0.542 ,1.020 ,0.339 ,1.358 ,-4.860,1855.375,0,0.110169,1051
ZINC04355175_53,1C5T.pdb_1GJ6.pdb_1QBO.pdb,0.467 ,0.324 ,0.142 ,0.311 ,0.207 ,0.519 ,1.150 ,0.312 ,1.462 ,-4.179,1913.438,0,0.056277,1052
ZINC03974622_6,1C5T.pdb_1GJ6.pdb_1QBO.pdb,0.467 ,0.364 ,0.103 ,0.353 ,0.160 ,0.513 ,1.094 ,0.224 ,1.318 ,-3.229,2178.840,0,0.058091,1053
ZINC03964139_83,1C5T.pdb_1GJ6.pdb_1QBO.pdb,0.467 ,0.348 ,0.119 ,0.331 ,0.173 ,0.503 ,1.176 ,0.279 ,1.455 ,-3.468,2035.375,0,0.087719,1054
ZINC03807321_139,1C5T.pdb_1GJ6.pdb_1QBO.pdb,0.467 ,0.333 ,0.134 ,0.314 ,0.191 ,0.505 ,1.222 ,0.309 ,1.532 ,-3.848,1926.825,0,0.050633,1055
ZINC03449894_65,1C5T.pdb_1GJ6.pdb_1QBO.pdb,0.467 ,0.297 ,0.170 ,0.290 ,0.222 ,0.512 ,1.092 ,0.422 ,1.514 ,-4.444,1781.225,0,0.084112,1056
ZINC03429542_38,1C5T.pdb_1GJ6.pdb_1QBO.pdb,0.467 ,0.316 ,0.151 ,0.310 ,0.218 ,0.529 ,1.067 ,0.329 ,1.396 ,-4.397,1909.634,0,0.046809,1057
ZINC02960156_162,1C5T.pdb_1GJ6.pdb_1QBO.pdb,0.467 ,0.334 ,0.134 ,0.317 ,0.196 ,0.513 ,1.193 ,0.295 ,1.489 ,-3.955,1946.423,0,0.056769,1058
ZINC02372106_185,1C5T.pdb_1GJ6.pdb_1QBO.pdb,0.467 ,0.344 ,0.123 ,0.326 ,0.179 ,0.504 ,1.193 ,0.283 ,1.476 ,-3.592,2001.788,0,0.064220,1059
ZINC01814861_172,1C5T.pdb_1GJ6.pdb_1QBO.pdb,0.467 ,0.350 ,0.117 ,0.334 ,0.165 ,0.499 ,1.160 ,0.287 ,1.447 ,-3.298,2057.217,0,0.093333,1060
ZINC01109283_126,1C5T.pdb_1GJ6.pdb_1QBO.pdb,0.467 ,0.323 ,0.144 ,0.311 ,0.193 ,0.504 ,1.137 ,0.365 ,1.502 ,-3.853,1912.281,0,0.070175,1061
ZINC00921219_60,1C5T.pdb_1GJ6.pdb_1QBO.pdb,0.467 ,0.359 ,0.108 ,0.350 ,0.164 ,0.514 ,1.071 ,0.240 ,1.311 ,-3.300,2160.780,0,0.109649,1062
ZINC00902679_157,1C5T.pdb_1GJ6.pdb_1QBO.pdb,0.467 ,0.355 ,0.113 ,0.349 ,0.179 ,0.529 ,1.044 ,0.233 ,1.277 ,-3.636,2156.083,0,0.103896,1063
ZINC00902619_171,1C5T.pdb_1GJ6.pdb_1QBO.pdb,0.467 ,0.364 ,0.103 ,0.352 ,0.170 ,0.522 ,1.096 ,0.208 ,1.304 ,-3.446,2172.368,0,0.076923,1064
ZINC03834111_143,1C5T.pdb_1GJ6.pdb_1QBO.pdb,0.467 ,0.330 ,0.137 ,0.323 ,0.206 ,0.529 ,1.066 ,0.290 ,1.356 ,-4.160,1991.891,1,0.096639,1065
ZINC04235607_107,1C5T.pdb_1GJ6.pdb_1QBO.pdb,0.466 ,0.308 ,0.158 ,0.301 ,0.228 ,0.529 ,1.082 ,0.340 ,1.422 ,-4.596,1853.203,0,0.058824,1066
ZINC04188447_80,1C5T.pdb_1GJ6.pdb_1QBO.pdb,0.466 ,0.343 ,0.123 ,0.317 ,0.172 ,0.489 ,1.307 ,0.301 ,1.608 ,-3.455,1946.603,0,0.045249,1067
ZINC03988711_61,1C5T.pdb_1GJ6.pdb_1QBO.pdb,0.466 ,0.344 ,0.121 ,0.338 ,0.200 ,0.538 ,1.054 ,0.236 ,1.290 ,-4.066,2086.048,0,0.067797,1068
ZINC03987016_192,1C5T.pdb_1GJ6.pdb_1QBO.pdb,0.466 ,0.352 ,0.114 ,0.330 ,0.171 ,0.501 ,1.234 ,0.257 ,1.491 ,-3.436,2028.907,0,0.067568,1069
ZINC03944257_83,1C5T.pdb_1GJ6.pdb_1QBO.pdb,0.466 ,0.338 ,0.128 ,0.328 ,0.184 ,0.511 ,1.101 ,0.297 ,1.397 ,-3.689,2018.831,0,0.079167,1070
ZINC03871842_198,1C5T.pdb_1GJ6.pdb_1QBO.pdb,0.466 ,0.296 ,0.170 ,0.286 ,0.208 ,0.494 ,1.135 ,0.480 ,1.615 ,-4.142,1756.599,0,0.083721,1071
ZINC03840215_129,1C5T.pdb_1GJ6.pdb_1QBO.pdb,0.466 ,0.328 ,0.138 ,0.313 ,0.213 ,0.526 ,1.174 ,0.282 ,1.456 ,-4.309,1922.847,0,0.028112,1072
ZINC03820048_71,1C5T.pdb_1GJ6.pdb_1QBO.pdb,0.466 ,0.296 ,0.169 ,0.286 ,0.228 ,0.514 ,1.130 ,0.398 ,1.528 ,-4.564,1759.804,0,0.077586,1073
ZINC03815879_8,1C5T.pdb_1GJ6.pdb_1QBO.pdb,0.466 ,0.329 ,0.136 ,0.317 ,0.194 ,0.511 ,1.134 ,0.314 ,1.449 ,-3.906,1950.553,0,0.078261,1074
ZINC03405968_179,1C5T.pdb_1GJ6.pdb_1QBO.pdb,0.466 ,0.324 ,0.141 ,0.307 ,0.196 ,0.503 ,1.215 ,0.334 ,1.549 ,-3.936,1885.241,0,0.065728,1075
ZINC03405586_184,1C5T.pdb_1GJ6.pdb_1QBO.pdb,0.466 ,0.325 ,0.142 ,0.307 ,0.190 ,0.497 ,1.211 ,0.360 ,1.571 ,-3.790,1887.589,0,0.064655,1076
ZINC03338441_43,1C5T.pdb_1GJ6.pdb_1QBO.pdb,0.466 ,0.360 ,0.106 ,0.324 ,0.146 ,0.470 ,1.441 ,0.278 ,1.719 ,-2.927,1987.871,0,0.077626,1077
ZINC03304882_86,1C5T.pdb_1GJ6.pdb_1QBO.pdb,0.466 ,0.329 ,0.137 ,0.313 ,0.196 ,0.510 ,1.180 ,0.311 ,1.491 ,-3.949,1925.196,0,0.058296,1078
ZINC03244776_78,1C5T.pdb_1GJ6.pdb_1QBO.pdb,0.466 ,0.365 ,0.101 ,0.336 ,0.137 ,0.473 ,1.311 ,0.277 ,1.588 ,-2.732,2062.520,0,0.045662,1079
ZINC02967870_27,1C5T.pdb_1GJ6.pdb_1QBO.pdb,0.466 ,0.328 ,0.138 ,0.322 ,0.202 ,0.524 ,1.062 ,0.304 ,1.366 ,-4.079,1982.033,0,0.041841,1080
ZINC02946022_188,1C5T.pdb_1GJ6.pdb_1QBO.pdb,0.466 ,0.362 ,0.104 ,0.351 ,0.179 ,0.530 ,1.097 ,0.198 ,1.295 ,-3.649,2163.286,0,0.082305,1081
ZINC02065596_105,1C5T.pdb_1GJ6.pdb_1QBO.pdb,0.466 ,0.317 ,0.149 ,0.296 ,0.198 ,0.494 ,1.285 ,0.376 ,1.661 ,-3.961,1816.831,0,0.059908,1082
ZINC01534345_181,1C5T.pdb_1GJ6.pdb_1QBO.pdb,0.466 ,0.326 ,0.140 ,0.317 ,0.200 ,0.517 ,1.101 ,0.316 ,1.417 ,-4.024,1948.110,0,0.095023,1083
ZINC00761797_191,1C5T.pdb_1GJ6.pdb_1QBO.pdb,0.466 ,0.345 ,0.121 ,0.329 ,0.165 ,0.494 ,1.167 ,0.314 ,1.480 ,-3.307,2021.859,0,0.077273,1084
ZINC00588653_50,1C5T.pdb_1GJ6.pdb_1QBO.pdb,0.466 ,0.354 ,0.111 ,0.335 ,0.167 ,0.501 ,1.201 ,0.251 ,1.451 ,-3.357,2058.005,0,0.049107,1085
ZINC00587715_187,1C5T.pdb_1GJ6.pdb_1QBO.pdb,0.466 ,0.348 ,0.119 ,0.323 ,0.162 ,0.484 ,1.287 ,0.307 ,1.595 ,-3.236,1981.632,0,0.072398,1086
ZINC03834116_99,1C5T.pdb_1GJ6.pdb_1QBO.pdb,0.466 ,0.292 ,0.174 ,0.299 ,0.247 ,0.546 ,0.924 ,0.371 ,1.295 ,-4.975,1844.010,1,0.146552,1087
ZINC04356242_198,1C5T.pdb_1GJ6.pdb_1QBO.pdb,0.465 ,0.363 ,0.101 ,0.343 ,0.157 ,0.500 ,1.195 ,0.222 ,1.417 ,-3.176,2110.875,0,0.051282,1088
ZINC04188516_3,1C5T.pdb_1GJ6.pdb_1QBO.pdb,0.465 ,0.351 ,0.114 ,0.325 ,0.165 ,0.490 ,1.302 ,0.267 ,1.569 ,-3.323,1994.109,0,0.063063,1089
ZINC03980156_186,1C5T.pdb_1GJ6.pdb_1QBO.pdb,0.465 ,0.320 ,0.145 ,0.304 ,0.211 ,0.515 ,1.198 ,0.317 ,1.515 ,-4.247,1866.869,0,0.034934,1090
ZINC03980048_178,1C5T.pdb_1GJ6.pdb_1QBO.pdb,0.465 ,0.318 ,0.147 ,0.309 ,0.219 ,0.528 ,1.111 ,0.309 ,1.420 ,-4.431,1897.905,0,0.047009,1091
ZINC03930465_127,1C5T.pdb_1GJ6.pdb_1QBO.pdb,0.465 ,0.253 ,0.212 ,0.258 ,0.283 ,0.541 ,0.925 ,0.457 ,1.383 ,-5.689,1586.591,0,0.105263,1092
ZINC03889343_196,1C5T.pdb_1GJ6.pdb_1QBO.pdb,0.465 ,0.327 ,0.137 ,0.316 ,0.196 ,0.511 ,1.129 ,0.316 ,1.445 ,-3.929,1941.632,0,0.068376,1093
ZINC03867359_157,1C5T.pdb_1GJ6.pdb_1QBO.pdb,0.465 ,0.308 ,0.157 ,0.301 ,0.239 ,0.540 ,1.082 ,0.315 ,1.397 ,-4.835,1851.651,0,0.069565,1094
ZINC03829686_36,1C5T.pdb_1GJ6.pdb_1QBO.pdb,0.465 ,0.322 ,0.143 ,0.313 ,0.215 ,0.528 ,1.093 ,0.302 ,1.395 ,-4.333,1929.346,0,0.051948,1095
ZINC03652389_8,1C5T.pdb_1GJ6.pdb_1QBO.pdb,0.465 ,0.298 ,0.167 ,0.286 ,0.218 ,0.504 ,1.165 ,0.414 ,1.579 ,-4.364,1756.432,0,0.090498,1096
ZINC03500184_14,1C5T.pdb_1GJ6.pdb_1QBO.pdb,0.465 ,0.341 ,0.124 ,0.320 ,0.170 ,0.490 ,1.241 ,0.314 ,1.555 ,-3.392,1966.507,0,0.080189,1097
ZINC03446683_31,1C5T.pdb_1GJ6.pdb_1QBO.pdb,0.465 ,0.322 ,0.143 ,0.308 ,0.198 ,0.507 ,1.163 ,0.338 ,1.501 ,-3.981,1896.357,0,0.067873,1098
ZINC03342986_50,1C5T.pdb_1GJ6.pdb_1QBO.pdb,0.465 ,0.376 ,0.089 ,0.354 ,0.151 ,0.505 ,1.199 ,0.178 ,1.378 ,-3.068,2180.247,0,0.058824,1099
ZINC03315248_144,1C5T.pdb_1GJ6.pdb_1QBO.pdb,0.465 ,0.358 ,0.107 ,0.334 ,0.143 ,0.476 ,1.258 ,0.297 ,1.554 ,-2.842,2051.207,0,0.082569,1100
ZINC03135950_102,1C5T.pdb_1GJ6.pdb_1QBO.pdb,0.465 ,0.307 ,0.157 ,0.297 ,0.220 ,0.517 ,1.131 ,0.355 ,1.486 ,-4.423,1824.036,0,0.066079,1101
ZINC02975581_122,1C5T.pdb_1GJ6.pdb_1QBO.pdb,0.465 ,0.351 ,0.115 ,0.348 ,0.195 ,0.543 ,1.025 ,0.219 ,1.243 ,-3.976,2145.187,0,0.086207,1102
ZINC02252933_190,1C5T.pdb_1GJ6.pdb_1QBO.pdb,0.465 ,0.337 ,0.127 ,0.330 ,0.210 ,0.540 ,1.075 ,0.244 ,1.319 ,-4.274,2030.830,0,0.074890,1103
ZINC04619462_196,1C5T.pdb_1GJ6.pdb_1QBO.pdb,0.464 ,0.336 ,0.128 ,0.323 ,0.185 ,0.508 ,1.140 ,0.295 ,1.435 ,-3.719,1985.942,0,0.050847,1104
ZINC04400044_194,1C5T.pdb_1GJ6.pdb_1QBO.pdb,0.464 ,0.316 ,0.148 ,0.305 ,0.204 ,0.509 ,1.126 ,0.348 ,1.474 ,-4.096,1876.622,0,0.067568,1105
ZINC04235822_127,1C5T.pdb_1GJ6.pdb_1QBO.pdb,0.464 ,0.322 ,0.143 ,0.313 ,0.209 ,0.522 ,1.096 ,0.311 ,1.408 ,-4.209,1924.175,0,0.066667,1106
ZINC04142153_118,1C5T.pdb_1GJ6.pdb_1QBO.pdb,0.464 ,0.349 ,0.115 ,0.325 ,0.152 ,0.478 ,1.271 ,0.317 ,1.589 ,-3.040,1998.185,0,0.066964,1107
ZINC03891138_127,1C5T.pdb_1GJ6.pdb_1QBO.pdb,0.464 ,0.309 ,0.155 ,0.301 ,0.243 ,0.544 ,1.098 ,0.298 ,1.396 ,-4.936,1849.558,0,0.025862,1108
ZINC03891133_198,1C5T.pdb_1GJ6.pdb_1QBO.pdb,0.464 ,0.309 ,0.155 ,0.303 ,0.243 ,0.546 ,1.068 ,0.298 ,1.366 ,-4.937,1864.274,0,0.047210,1109
ZINC03891131_92,1C5T.pdb_1GJ6.pdb_1QBO.pdb,0.464 ,0.306 ,0.158 ,0.299 ,0.242 ,0.541 ,1.079 ,0.314 ,1.393 ,-4.902,1841.571,0,0.043478,1110
ZINC03868275_163,1C5T.pdb_1GJ6.pdb_1QBO.pdb,0.464 ,0.303 ,0.162 ,0.290 ,0.221 ,0.511 ,1.163 ,0.376 ,1.538 ,-4.429,1784.129,0,0.070755,1111
ZINC03841305_2,1C5T.pdb_1GJ6.pdb_1QBO.pdb,0.464 ,0.322 ,0.142 ,0.313 ,0.196 ,0.509 ,1.098 ,0.342 ,1.439 ,-3.925,1924.153,0,0.071429,1112
ZINC03840225_110,1C5T.pdb_1GJ6.pdb_1QBO.pdb,0.464 ,0.330 ,0.134 ,0.314 ,0.208 ,0.522 ,1.174 ,0.275 ,1.449 ,-4.206,1932.957,0,0.044355,1113
ZINC03816461_164,1C5T.pdb_1GJ6.pdb_1QBO.pdb,0.464 ,0.306 ,0.158 ,0.294 ,0.227 ,0.521 ,1.151 ,0.342 ,1.493 ,-4.573,1806.873,0,0.107143,1114
ZINC03804979_119,1C5T.pdb_1GJ6.pdb_1QBO.pdb,0.464 ,0.281 ,0.183 ,0.271 ,0.229 ,0.500 ,1.156 ,0.478 ,1.633 ,-4.573,1662.674,0,0.057522,1115
ZINC03801225_115,1C5T.pdb_1GJ6.pdb_1QBO.pdb,0.464 ,0.337 ,0.127 ,0.325 ,0.182 ,0.507 ,1.123 ,0.294 ,1.418 ,-3.659,2000.930,0,0.056034,1116
ZINC03800681_90,1C5T.pdb_1GJ6.pdb_1QBO.pdb,0.464 ,0.299 ,0.165 ,0.299 ,0.230 ,0.529 ,1.000 ,0.372 ,1.372 ,-4.617,1841.919,0,0.039526,1117
ZINC03665811_50,1C5T.pdb_1GJ6.pdb_1QBO.pdb,0.464 ,0.343 ,0.121 ,0.316 ,0.165 ,0.481 ,1.321 ,0.312 ,1.633 ,-3.291,1942.364,0,0.070423,1118
ZINC03530555_173,1C5T.pdb_1GJ6.pdb_1QBO.pdb,0.464 ,0.348 ,0.116 ,0.327 ,0.165 ,0.492 ,1.223 ,0.282 ,1.504 ,-3.312,2012.155,0,0.054299,1119
ZINC03416471_133,1C5T.pdb_1GJ6.pdb_1QBO.pdb,0.464 ,0.333 ,0.131 ,0.312 ,0.187 ,0.499 ,1.258 ,0.302 ,1.560 ,-3.765,1914.943,0,0.066079,1120
ZINC03408915_42,1C5T.pdb_1GJ6.pdb_1QBO.pdb,0.464 ,0.348 ,0.116 ,0.327 ,0.159 ,0.486 ,1.222 ,0.301 ,1.523 ,-3.176,2013.253,0,0.081818,1121
ZINC03022380_163,1C5T.pdb_1GJ6.pdb_1QBO.pdb,0.464 ,0.329 ,0.135 ,0.313 ,0.181 ,0.494 ,1.184 ,0.344 ,1.529 ,-3.626,1923.122,0,0.082192,1122
ZINC02645276_173,1C5T.pdb_1GJ6.pdb_1QBO.pdb,0.464 ,0.333 ,0.131 ,0.309 ,0.177 ,0.486 ,1.314 ,0.336 ,1.650 ,-3.536,1895.296,0,0.063927,1123
ZINC02488182_97,1C5T.pdb_1GJ6.pdb_1QBO.pdb,0.464 ,0.332 ,0.132 ,0.319 ,0.194 ,0.513 ,1.139 ,0.291 ,1.430 ,-3.900,1964.403,0,0.061404,1124
ZINC02432904_50,1C5T.pdb_1GJ6.pdb_1QBO.pdb,0.464 ,0.366 ,0.098 ,0.346 ,0.144 ,0.490 ,1.189 ,0.233 ,1.422 ,-2.903,2128.901,0,0.065306,1125
ZINC02422125_43,1C5T.pdb_1GJ6.pdb_1QBO.pdb,0.464 ,0.307 ,0.156 ,0.294 ,0.215 ,0.509 ,1.165 ,0.366 ,1.531 ,-4.307,1808.277,0,0.043668,1126
ZINC01889282_99,1C5T.pdb_1GJ6.pdb_1QBO.pdb,0.464 ,0.351 ,0.113 ,0.336 ,0.164 ,0.501 ,1.143 ,0.265 ,1.408 ,-3.298,2071.517,0,0.096916,1127
ZINC01541499_134,1C5T.pdb_1GJ6.pdb_1QBO.pdb,0.464 ,0.382 ,0.082 ,0.352 ,0.126 ,0.478 ,1.287 ,0.190 ,1.477 ,-2.539,2167.464,0,0.093333,1128
ZINC01534672_42,1C5T.pdb_1GJ6.pdb_1QBO.pdb,0.464 ,0.323 ,0.140 ,0.308 ,0.211 ,0.519 ,1.178 ,0.296 ,1.475 ,-4.253,1893.389,0,0.094170,1129
ZINC00779494_18,1C5T.pdb_1GJ6.pdb_1QBO.pdb,0.464 ,0.321 ,0.144 ,0.307 ,0.198 ,0.504 ,1.165 ,0.345 ,1.510 ,-3.959,1884.769,0,0.071111,1130
ZINC00718798_187,1C5T.pdb_1GJ6.pdb_1QBO.pdb,0.464 ,0.338 ,0.126 ,0.326 ,0.190 ,0.516 ,1.114 ,0.273 ,1.388 ,-3.828,2008.208,0,0.072072,1131
ZINC00603072_112,1C5T.pdb_1GJ6.pdb_1QBO.pdb,0.464 ,0.357 ,0.107 ,0.333 ,0.183 ,0.516 ,1.253 ,0.206 ,1.459 ,-3.739,2046.962,0,0.057613,1132
ZINC04529429_3,1C5T.pdb_1GJ6.pdb_1QBO.pdb,0.463 ,0.355 ,0.108 ,0.329 ,0.153 ,0.482 ,1.284 ,0.267 ,1.551 ,-3.064,2023.371,0,0.075893,1133
ZINC03993077_193,1C5T.pdb_1GJ6.pdb_1QBO.pdb,0.463 ,0.346 ,0.117 ,0.326 ,0.169 ,0.496 ,1.208 ,0.274 ,1.481 ,-3.404,2006.262,0,0.062780,1134
ZINC03933550_32,1C5T.pdb_1GJ6.pdb_1QBO.pdb,0.463 ,0.321 ,0.141 ,0.320 ,0.212 ,0.531 ,1.017 ,0.298 ,1.315 ,-4.277,1969.497,0,0.135371,1135
ZINC03867358_120,1C5T.pdb_1GJ6.pdb_1QBO.pdb,0.463 ,0.284 ,0.179 ,0.283 ,0.266 ,0.549 ,1.017 ,0.352 ,1.369 ,-5.395,1738.154,0,0.070485,1136
ZINC03530599_149,1C5T.pdb_1GJ6.pdb_1QBO.pdb,0.463 ,0.296 ,0.167 ,0.286 ,0.220 ,0.507 ,1.134 ,0.408 ,1.542 ,-4.410,1759.324,0,0.080569,1137
ZINC03401801_193,1C5T.pdb_1GJ6.pdb_1QBO.pdb,0.463 ,0.346 ,0.117 ,0.330 ,0.171 ,0.501 ,1.162 ,0.270 ,1.432 ,-3.434,2031.186,0,0.066964,1138
ZINC03293475_4,1C5T.pdb_1GJ6.pdb_1QBO.pdb,0.463 ,0.326 ,0.137 ,0.305 ,0.201 ,0.506 ,1.265 ,0.302 ,1.566 ,-4.048,1874.789,0,0.057778,1139
ZINC02516126_59,1C5T.pdb_1GJ6.pdb_1QBO.pdb,0.463 ,0.309 ,0.154 ,0.295 ,0.222 ,0.518 ,1.169 ,0.334 ,1.503 ,-4.474,1814.788,0,0.084444,1140
ZINC02221826_145,1C5T.pdb_1GJ6.pdb_1QBO.pdb,0.463 ,0.355 ,0.108 ,0.339 ,0.167 ,0.506 ,1.150 ,0.234 ,1.384 ,-3.368,2088.346,0,0.073171,1141
ZINC02212825_65,1C5T.pdb_1GJ6.pdb_1QBO.pdb,0.463 ,0.349 ,0.114 ,0.334 ,0.166 ,0.500 ,1.142 ,0.269 ,1.410 ,-3.342,2056.887,0,0.020576,1142
ZINC01483635_23,1C5T.pdb_1GJ6.pdb_1QBO.pdb,0.463 ,0.330 ,0.133 ,0.319 ,0.185 ,0.503 ,1.120 ,0.322 ,1.442 ,-3.699,1961.452,0,0.064935,1143
ZINC01062173_66,1C5T.pdb_1GJ6.pdb_1QBO.pdb,0.463 ,0.301 ,0.162 ,0.291 ,0.226 ,0.517 ,1.123 ,0.365 ,1.488 ,-4.533,1788.190,0,0.075556,1144
ZINC00902641_161,1C5T.pdb_1GJ6.pdb_1QBO.pdb,0.463 ,0.308 ,0.155 ,0.315 ,0.250 ,0.566 ,0.929 ,0.291 ,1.220 ,-5.100,1945.756,0,0.066667,1145
ZINC04424329_141,1C5T.pdb_1GJ6.pdb_1QBO.pdb,0.462 ,0.358 ,0.105 ,0.330 ,0.153 ,0.483 ,1.309 ,0.248 ,1.557 ,-3.077,2027.720,0,0.115741,1146
ZINC04191683_88,1C5T.pdb_1GJ6.pdb_1QBO.pdb,0.462 ,0.345 ,0.117 ,0.321 ,0.169 ,0.490 ,1.278 ,0.274 ,1.552 ,-3.402,1972.534,0,0.043290,1147
ZINC03990238_83,1C5T.pdb_1GJ6.pdb_1QBO.pdb,0.462 ,0.339 ,0.123 ,0.331 ,0.193 ,0.524 ,1.071 ,0.255 ,1.326 ,-3.897,2040.721,0,0.079167,1148
ZINC03963063_68,1C5T.pdb_1GJ6.pdb_1QBO.pdb,0.462 ,0.333 ,0.130 ,0.313 ,0.191 ,0.504 ,1.231 ,0.287 ,1.518 ,-3.847,1923.575,0,0.034783,1149
ZINC03820342_36,1C5T.pdb_1GJ6.pdb_1QBO.pdb,0.462 ,0.336 ,0.126 ,0.318 ,0.160 ,0.478 ,1.204 ,0.369 ,1.573 ,-3.185,1954.668,0,0.090498,1150
ZINC03818071_103,1C5T.pdb_1GJ6.pdb_1QBO.pdb,0.462 ,0.351 ,0.110 ,0.337 ,0.170 ,0.507 ,1.138 ,0.240 ,1.378 ,-3.432,2074.932,0,0.123894,1151
ZINC03815878_8,1C5T.pdb_1GJ6.pdb_1QBO.pdb,0.462 ,0.325 ,0.137 ,0.317 ,0.200 ,0.518 ,1.086 ,0.302 ,1.388 ,-4.037,1953.306,0,0.077586,1152
ZINC03529019_83,1C5T.pdb_1GJ6.pdb_1QBO.pdb,0.462 ,0.300 ,0.162 ,0.291 ,0.221 ,0.512 ,1.121 ,0.377 ,1.498 ,-4.435,1786.870,0,0.055814,1153
ZINC02847030_10,1C5T.pdb_1GJ6.pdb_1QBO.pdb,0.462 ,0.322 ,0.140 ,0.307 ,0.210 ,0.517 ,1.182 ,0.295 ,1.477 ,-4.239,1884.203,0,0.090090,1154
ZINC02622073_102,1C5T.pdb_1GJ6.pdb_1QBO.pdb,0.462 ,0.330 ,0.133 ,0.315 ,0.191 ,0.506 ,1.167 ,0.302 ,1.469 ,-3.844,1936.364,0,0.072398,1155
ZINC02586498_166,1C5T.pdb_1GJ6.pdb_1QBO.pdb,0.462 ,0.344 ,0.119 ,0.322 ,0.172 ,0.493 ,1.250 ,0.277 ,1.527 ,-3.449,1975.921,0,0.087558,1156
ZINC01539714_101,1C5T.pdb_1GJ6.pdb_1QBO.pdb,0.462 ,0.359 ,0.104 ,0.341 ,0.161 ,0.502 ,1.168 ,0.227 ,1.395 ,-3.252,2098.819,0,0.066390,1157
ZINC00962261_91,1C5T.pdb_1GJ6.pdb_1QBO.pdb,0.462 ,0.341 ,0.120 ,0.329 ,0.169 ,0.498 ,1.125 ,0.295 ,1.419 ,-3.386,2024.349,0,0.077253,1158
ZINC00587735_165,1C5T.pdb_1GJ6.pdb_1QBO.pdb,0.462 ,0.354 ,0.109 ,0.328 ,0.150 ,0.478 ,1.282 ,0.284 ,1.566 ,-2.991,2016.936,0,0.069264,1159
ZINC03834186_99,1C5T.pdb_1GJ6.pdb_1QBO.pdb,0.462 ,0.335 ,0.128 ,0.314 ,0.178 ,0.492 ,1.242 ,0.311 ,1.553 ,-3.567,1929.317,1,0.077586,1160
ZINC04522026_24,1C5T.pdb_1GJ6.pdb_1QBO.pdb,0.461 ,0.332 ,0.129 ,0.316 ,0.197 ,0.513 ,1.179 ,0.272 ,1.451 ,-3.974,1943.070,0,0.047414,1161
ZINC04252070_143,1C5T.pdb_1GJ6.pdb_1QBO.pdb,0.461 ,0.326 ,0.135 ,0.306 ,0.177 ,0.483 ,1.243 ,0.368 ,1.611 ,-3.522,1879.441,0,0.076190,1162
ZINC03990230_121,1C5T.pdb_1GJ6.pdb_1QBO.pdb,0.461 ,0.324 ,0.137 ,0.310 ,0.200 ,0.511 ,1.160 ,0.301 ,1.461 ,-4.032,1908.810,0,0.058824,1163
ZINC03874559_171,1C5T.pdb_1GJ6.pdb_1QBO.pdb,0.461 ,0.328 ,0.133 ,0.316 ,0.208 ,0.524 ,1.123 ,0.270 ,1.394 ,-4.208,1945.873,0,0.033195,1164
ZINC03840234_80,1C5T.pdb_1GJ6.pdb_1QBO.pdb,0.461 ,0.345 ,0.116 ,0.325 ,0.178 ,0.502 ,1.220 ,0.250 ,1.470 ,-3.585,1997.448,0,0.048980,1165
ZINC03840217_164,1C5T.pdb_1GJ6.pdb_1QBO.pdb,0.461 ,0.350 ,0.111 ,0.329 ,0.175 ,0.504 ,1.231 ,0.232 ,1.462 ,-3.544,2020.839,0,0.028112,1166
ZINC03519423_94,1C5T.pdb_1GJ6.pdb_1QBO.pdb,0.461 ,0.360 ,0.101 ,0.334 ,0.141 ,0.475 ,1.274 ,0.261 ,1.535 ,-2.824,2052.221,0,0.067873,1167
ZINC02970930_92,1C5T.pdb_1GJ6.pdb_1QBO.pdb,0.461 ,0.373 ,0.088 ,0.348 ,0.127 ,0.475 ,1.235 ,0.221 ,1.456 ,-2.543,2142.815,0,0.065502,1168
ZINC02352011_125,1C5T.pdb_1GJ6.pdb_1QBO.pdb,0.461 ,0.359 ,0.102 ,0.336 ,0.165 ,0.501 ,1.241 ,0.210 ,1.451 ,-3.338,2065.329,0,0.039474,1169
ZINC02124510_80,1C5T.pdb_1GJ6.pdb_1QBO.pdb,0.461 ,0.342 ,0.119 ,0.324 ,0.167 ,0.491 ,1.190 ,0.292 ,1.482 ,-3.350,1993.996,0,0.065502,1170
ZINC01911614_198,1C5T.pdb_1GJ6.pdb_1QBO.pdb,0.461 ,0.316 ,0.145 ,0.302 ,0.211 ,0.513 ,1.172 ,0.317 ,1.489 ,-4.248,1853.304,0,0.091703,1171
ZINC01886806_181,1C5T.pdb_1GJ6.pdb_1QBO.pdb,0.461 ,0.338 ,0.123 ,0.322 ,0.184 ,0.506 ,1.170 ,0.271 ,1.442 ,-3.710,1979.493,0,0.057018,1172
ZINC01541286_146,1C5T.pdb_1GJ6.pdb_1QBO.pdb,0.461 ,0.290 ,0.171 ,0.281 ,0.236 ,0.518 ,1.117 ,0.382 ,1.499 ,-4.750,1728.783,0,0.122642,1173
ZINC00977950_50,1C5T.pdb_1GJ6.pdb_1QBO.pdb,0.461 ,0.349 ,0.112 ,0.332 ,0.173 ,0.505 ,1.177 ,0.239 ,1.415 ,-3.497,2040.425,0,0.083333,1174
ZINC00921217_171,1C5T.pdb_1GJ6.pdb_1QBO.pdb,0.461 ,0.339 ,0.122 ,0.336 ,0.183 ,0.519 ,1.027 ,0.268 ,1.295 ,-3.682,2073.259,0,0.114537,1175
ZINC00764212_165,1C5T.pdb_1GJ6.pdb_1QBO.pdb,0.461 ,0.331 ,0.130 ,0.318 ,0.187 ,0.505 ,1.140 ,0.301 ,1.441 ,-3.749,1956.645,0,0.103774,1176
ZINC04382511_172,1C5T.pdb_1GJ6.pdb_1QBO.pdb,0.460 ,0.319 ,0.142 ,0.305 ,0.201 ,0.506 ,1.155 ,0.324 ,1.479 ,-4.035,1877.580,0,0.062500,1177
ZINC04056952_190,1C5T.pdb_1GJ6.pdb_1QBO.pdb,0.460 ,0.330 ,0.130 ,0.315 ,0.193 ,0.508 ,1.172 ,0.285 ,1.457 ,-3.893,1937.439,0,0.051502,1178
ZINC04030420_151,1C5T.pdb_1GJ6.pdb_1QBO.pdb,0.460 ,0.358 ,0.102 ,0.345 ,0.152 ,0.497 ,1.114 ,0.240 ,1.353 ,-3.050,2127.245,0,0.109091,1179
ZINC03990241_98,1C5T.pdb_1GJ6.pdb_1QBO.pdb,0.460 ,0.329 ,0.132 ,0.324 ,0.204 ,0.528 ,1.048 ,0.271 ,1.318 ,-4.133,1995.400,0,0.079832,1180
ZINC03980272_97,1C5T.pdb_1GJ6.pdb_1QBO.pdb,0.460 ,0.298 ,0.162 ,0.295 ,0.239 ,0.534 ,1.039 ,0.334 ,1.373 ,-4.823,1815.461,0,0.065844,1181
ZINC03977131_182,1C5T.pdb_1GJ6.pdb_1QBO.pdb,0.460 ,0.329 ,0.131 ,0.319 ,0.187 ,0.506 ,1.113 ,0.302 ,1.416 ,-3.760,1961.504,0,0.051502,1182
ZINC03974958_106,1C5T.pdb_1GJ6.pdb_1QBO.pdb,0.460 ,0.340 ,0.120 ,0.319 ,0.183 ,0.502 ,1.246 ,0.258 ,1.504 ,-3.701,1958.763,0,0.081081,1183
ZINC03972587_22,1C5T.pdb_1GJ6.pdb_1QBO.pdb,0.460 ,0.353 ,0.106 ,0.349 ,0.169 ,0.519 ,1.032 ,0.223 ,1.255 ,-3.425,2156.635,0,0.123894,1184
ZINC03891147_69,1C5T.pdb_1GJ6.pdb_1QBO.pdb,0.460 ,0.351 ,0.109 ,0.328 ,0.172 ,0.499 ,1.252 ,0.232 ,1.485 ,-3.472,2013.107,0,0.026316,1185
ZINC03891139_189,1C5T.pdb_1GJ6.pdb_1QBO.pdb,0.460 ,0.306 ,0.155 ,0.298 ,0.243 ,0.541 ,1.089 ,0.298 ,1.387 ,-4.936,1834.361,0,0.025862,1186
ZINC03814069_22,1C5T.pdb_1GJ6.pdb_1QBO.pdb,0.460 ,0.322 ,0.137 ,0.308 ,0.196 ,0.504 ,1.165 ,0.316 ,1.482 ,-3.931,1893.946,0,0.048889,1187
ZINC03801311_115,1C5T.pdb_1GJ6.pdb_1QBO.pdb,0.460 ,0.318 ,0.143 ,0.305 ,0.214 ,0.519 ,1.146 ,0.301 ,1.447 ,-4.313,1876.100,0,0.068966,1188
ZINC03795710_59,1C5T.pdb_1GJ6.pdb_1QBO.pdb,0.460 ,0.359 ,0.101 ,0.341 ,0.170 ,0.511 ,1.169 ,0.201 ,1.370 ,-3.454,2098.629,0,0.055794,1189
ZINC03671448_158,1C5T.pdb_1GJ6.pdb_1QBO.pdb,0.460 ,0.327 ,0.133 ,0.314 ,0.190 ,0.504 ,1.148 ,0.307 ,1.454 ,-3.821,1930.654,0,0.063830,1190
ZINC03633212_161,1C5T.pdb_1GJ6.pdb_1QBO.pdb,0.460 ,0.305 ,0.155 ,0.301 ,0.243 ,0.544 ,1.057 ,0.298 ,1.355 ,-4.937,1849.449,0,0.047826,1191
ZINC03356249_169,1C5T.pdb_1GJ6.pdb_1QBO.pdb,0.460 ,0.322 ,0.138 ,0.301 ,0.191 ,0.492 ,1.274 ,0.333 ,1.607 ,-3.824,1846.299,0,0.063927,1192
ZINC02416419_188,1C5T.pdb_1GJ6.pdb_1QBO.pdb,0.460 ,0.313 ,0.147 ,0.304 ,0.196 ,0.499 ,1.113 ,0.372 ,1.485 ,-3.911,1866.745,0,0.077982,1193
ZINC02370986_44,1C5T.pdb_1GJ6.pdb_1QBO.pdb,0.460 ,0.339 ,0.121 ,0.329 ,0.181 ,0.510 ,1.097 ,0.267 ,1.364 ,-3.651,2025.806,0,0.095455,1194
ZINC01840043_183,1C5T.pdb_1GJ6.pdb_1QBO.pdb,0.460 ,0.360 ,0.100 ,0.339 ,0.147 ,0.486 ,1.208 ,0.238 ,1.446 ,-2.961,2082.789,0,0.065574,1195
ZINC01831170_168,1C5T.pdb_1GJ6.pdb_1QBO.pdb,0.460 ,0.356 ,0.104 ,0.340 ,0.156 ,0.497 ,1.155 ,0.235 ,1.390 ,-3.152,2093.588,0,0.102679,1196
ZINC01553112_104,1C5T.pdb_1GJ6.pdb_1QBO.pdb,0.460 ,0.353 ,0.107 ,0.329 ,0.169 ,0.498 ,1.259 ,0.224 ,1.483 ,-3.429,2022.277,0,0.061404,1197
ZINC00902649_155,1C5T.pdb_1GJ6.pdb_1QBO.pdb,0.460 ,0.306 ,0.154 ,0.312 ,0.237 ,0.549 ,0.934 ,0.307 ,1.241 ,-4.801,1927.738,0,0.117904,1198
ZINC00761963_130,1C5T.pdb_1GJ6.pdb_1QBO.pdb,0.460 ,0.361 ,0.099 ,0.339 ,0.142 ,0.480 ,1.227 ,0.247 ,1.474 ,-2.837,2083.456,0,0.067873,1199
ZINC00588651_194,1C5T.pdb_1GJ6.pdb_1QBO.pdb,0.460 ,0.350 ,0.109 ,0.332 ,0.160 ,0.491 ,1.190 ,0.258 ,1.448 ,-3.211,2039.916,0,0.045045,1200
ZINC04388344_30,1C5T.pdb_1GJ6.pdb_1QBO.pdb,0.459 ,0.344 ,0.116 ,0.329 ,0.172 ,0.501 ,1.151 ,0.260 ,1.410 ,-3.474,2024.676,0,0.068966,1201
ZINC04188463_14,1C5T.pdb_1GJ6.pdb_1QBO.pdb,0.459 ,0.336 ,0.123 ,0.310 ,0.172 ,0.482 ,1.324 ,0.301 ,1.625 ,-3.454,1903.071,0,0.059908,1202
ZINC04001541_73,1C5T.pdb_1GJ6.pdb_1QBO.pdb,0.459 ,0.344 ,0.115 ,0.330 ,0.175 ,0.505 ,1.143 ,0.252 ,1.395 ,-3.527,2031.364,0,0.088496,1203
ZINC03990227_179,1C5T.pdb_1GJ6.pdb_1QBO.pdb,0.459 ,0.323 ,0.136 ,0.310 ,0.194 ,0.504 ,1.154 ,0.314 ,1.468 ,-3.897,1904.533,0,0.050000,1204
ZINC03972800_179,1C5T.pdb_1GJ6.pdb_1QBO.pdb,0.459 ,0.329 ,0.130 ,0.316 ,0.197 ,0.513 ,1.152 ,0.277 ,1.429 ,-3.978,1940.899,0,0.060086,1205
ZINC03818583_110,1C5T.pdb_1GJ6.pdb_1QBO.pdb,0.459 ,0.299 ,0.160 ,0.298 ,0.223 ,0.521 ,1.000 ,0.361 ,1.361 ,-4.488,1835.541,0,0.109170,1206
ZINC03796181_40,1C5T.pdb_1GJ6.pdb_1QBO.pdb,0.459 ,0.354 ,0.104 ,0.336 ,0.149 ,0.485 ,1.182 ,0.260 ,1.441 ,-2.982,2066.324,0,0.082251,1207
ZINC03522031_125,1C5T.pdb_1GJ6.pdb_1QBO.pdb,0.459 ,0.297 ,0.163 ,0.287 ,0.220 ,0.507 ,1.121 ,0.384 ,1.505 ,-4.411,1765.318,0,0.075556,1208
ZINC03406335_199,1C5T.pdb_1GJ6.pdb_1QBO.pdb,0.459 ,0.379 ,0.080 ,0.347 ,0.117 ,0.465 ,1.311 ,0.200 ,1.511 ,-2.353,2135.885,0,0.079812,1209
ZINC02654203_21,1C5T.pdb_1GJ6.pdb_1QBO.pdb,0.459 ,0.349 ,0.110 ,0.333 ,0.169 ,0.502 ,1.164 ,0.238 ,1.402 ,-3.420,2047.286,0,0.065217,1210
ZINC02651721_93,1C5T.pdb_1GJ6.pdb_1QBO.pdb,0.459 ,0.356 ,0.102 ,0.336 ,0.158 ,0.494 ,1.208 ,0.223 ,1.431 ,-3.200,2065.870,0,0.066667,1211
ZINC00720208_71,1C5T.pdb_1GJ6.pdb_1QBO.pdb,0.459 ,0.341 ,0.118 ,0.329 ,0.175 ,0.504 ,1.126 ,0.263 ,1.389 ,-3.530,2024.349,0,0.085586,1212
ZINC03834187_88,1C5T.pdb_1GJ6.pdb_1QBO.pdb,0.459 ,0.327 ,0.132 ,0.310 ,0.199 ,0.509 ,1.210 ,0.280 ,1.490 ,-4.020,1902.749,1,0.068085,1213
ZINC04619441_131,1C5T.pdb_1GJ6.pdb_1QBO.pdb,0.458 ,0.318 ,0.140 ,0.311 ,0.195 ,0.506 ,1.077 ,0.334 ,1.412 ,-3.902,1914.669,0,0.064103,1214
ZINC04202240_184,1C5T.pdb_1GJ6.pdb_1QBO.pdb,0.458 ,0.298 ,0.160 ,0.288 ,0.223 ,0.511 ,1.136 ,0.361 ,1.497 ,-4.491,1766.787,0,0.053333,1215
ZINC03962394_53,1C5T.pdb_1GJ6.pdb_1QBO.pdb,0.458 ,0.320 ,0.138 ,0.306 ,0.196 ,0.502 ,1.172 ,0.317 ,1.489 ,-3.942,1878.609,0,0.081818,1216
ZINC03944210_119,1C5T.pdb_1GJ6.pdb_1QBO.pdb,0.458 ,0.334 ,0.124 ,0.318 ,0.184 ,0.502 ,1.173 ,0.277 ,1.450 ,-3.712,1954.848,0,0.080717,1217
ZINC03933860_98,1C5T.pdb_1GJ6.pdb_1QBO.pdb,0.458 ,0.314 ,0.145 ,0.304 ,0.216 ,0.520 ,1.116 ,0.304 ,1.420 ,-4.364,1867.821,0,0.058036,1218
ZINC03914448_162,1C5T.pdb_1GJ6.pdb_1QBO.pdb,0.458 ,0.269 ,0.189 ,0.268 ,0.279 ,0.547 ,1.023 ,0.368 ,1.392 ,-5.644,1645.602,0,0.065789,1219
ZINC03838775_177,1C5T.pdb_1GJ6.pdb_1QBO.pdb,0.458 ,0.321 ,0.137 ,0.313 ,0.206 ,0.519 ,1.092 ,0.290 ,1.382 ,-4.156,1924.405,0,0.065041,1220
ZINC03821014_130,1C5T.pdb_1GJ6.pdb_1QBO.pdb,0.458 ,0.363 ,0.094 ,0.343 ,0.151 ,0.494 ,1.193 ,0.200 ,1.393 ,-3.062,2111.331,0,0.073276,1221
ZINC03780350_90,1C5T.pdb_1GJ6.pdb_1QBO.pdb,0.458 ,0.326 ,0.132 ,0.322 ,0.221 ,0.543 ,1.034 ,0.248 ,1.282 ,-4.499,1985.181,0,0.115207,1222
ZINC03427467_7,1C5T.pdb_1GJ6.pdb_1QBO.pdb,0.458 ,0.359 ,0.099 ,0.332 ,0.133 ,0.466 ,1.292 ,0.278 ,1.570 ,-2.662,2041.226,0,0.062780,1223
ZINC03415531_114,1C5T.pdb_1GJ6.pdb_1QBO.pdb,0.458 ,0.271 ,0.187 ,0.272 ,0.242 ,0.514 ,1.000 ,0.448 ,1.448 ,-4.846,1671.363,0,0.084821,1224
ZINC02712542_191,1C5T.pdb_1GJ6.pdb_1QBO.pdb,0.458 ,0.353 ,0.105 ,0.334 ,0.167 ,0.501 ,1.189 ,0.221 ,1.410 ,-3.375,2055.625,0,0.062222,1225
ZINC01911605_157,1C5T.pdb_1GJ6.pdb_1QBO.pdb,0.458 ,0.340 ,0.118 ,0.323 ,0.176 ,0.499 ,1.178 ,0.265 ,1.443 ,-3.546,1988.380,0,0.090909,1226
ZINC01764494_121,1C5T.pdb_1GJ6.pdb_1QBO.pdb,0.458 ,0.349 ,0.109 ,0.337 ,0.164 ,0.501 ,1.116 ,0.246 ,1.363 ,-3.299,2074.694,0,0.091703,1227
ZINC01541284_172,1C5T.pdb_1GJ6.pdb_1QBO.pdb,0.458 ,0.287 ,0.171 ,0.281 ,0.236 ,0.517 ,1.083 ,0.382 ,1.464 ,-4.751,1726.766,0,0.120930,1228
ZINC04375035_23,1C5T.pdb_1GJ6.pdb_1QBO.pdb,0.457 ,0.312 ,0.145 ,0.305 ,0.210 ,0.515 ,1.084 ,0.316 ,1.401 ,-4.233,1876.771,0,0.078603,1229
ZINC04101600_43,1C5T.pdb_1GJ6.pdb_1QBO.pdb,0.457 ,0.356 ,0.101 ,0.332 ,0.157 ,0.489 ,1.257 ,0.221 ,1.479 ,-3.175,2040.887,0,0.073593,1230
ZINC03980070_177,1C5T.pdb_1GJ6.pdb_1QBO.pdb,0.457 ,0.352 ,0.105 ,0.346 ,0.176 ,0.522 ,1.054 ,0.205 ,1.260 ,-3.590,2133.110,0,0.059072,1231
ZINC03962399_172,1C5T.pdb_1GJ6.pdb_1QBO.pdb,0.457 ,0.348 ,0.110 ,0.324 ,0.160 ,0.484 ,1.266 ,0.258 ,1.524 ,-3.212,1989.943,0,0.105991,1232
ZINC03923780_18,1C5T.pdb_1GJ6.pdb_1QBO.pdb,0.457 ,0.358 ,0.099 ,0.343 ,0.146 ,0.489 ,1.147 ,0.236 ,1.383 ,-2.935,2109.797,0,0.092050,1233
ZINC03889313_192,1C5T.pdb_1GJ6.pdb_1QBO.pdb,0.457 ,0.331 ,0.126 ,0.324 ,0.190 ,0.514 ,1.064 ,0.273 ,1.337 ,-3.829,1998.006,0,0.069869,1234
ZINC03867359_173,1C5T.pdb_1GJ6.pdb_1QBO.pdb,0.457 ,0.285 ,0.172 ,0.284 ,0.257 ,0.541 ,1.021 ,0.340 ,1.361 ,-5.212,1745.877,0,0.070796,1235
ZINC03840084_172,1C5T.pdb_1GJ6.pdb_1QBO.pdb,0.457 ,0.310 ,0.146 ,0.298 ,0.218 ,0.517 ,1.149 ,0.308 ,1.456 ,-4.407,1834.348,0,0.049383,1236
ZINC03304761_165,1C5T.pdb_1GJ6.pdb_1QBO.pdb,0.457 ,0.289 ,0.169 ,0.288 ,0.236 ,0.523 ,1.011 ,0.373 ,1.384 ,-4.738,1770.224,0,0.076577,1237
ZINC02221823_12,1C5T.pdb_1GJ6.pdb_1QBO.pdb,0.457 ,0.342 ,0.115 ,0.330 ,0.176 ,0.507 ,1.120 ,0.247 ,1.367 ,-3.564,2032.948,0,0.073469,1238
ZINC01910168_59,1C5T.pdb_1GJ6.pdb_1QBO.pdb,0.457 ,0.347 ,0.111 ,0.329 ,0.170 ,0.500 ,1.179 ,0.240 ,1.419 ,-3.442,2025.966,0,0.112108,1239
ZINC01490116_132,1C5T.pdb_1GJ6.pdb_1QBO.pdb,0.457 ,0.380 ,0.078 ,0.351 ,0.110 ,0.462 ,1.270 ,0.210 ,1.480 ,-2.206,2159.912,0,0.050420,1240
ZINC01069658_87,1C5T.pdb_1GJ6.pdb_1QBO.pdb,0.457 ,0.307 ,0.151 ,0.302 ,0.222 ,0.524 ,1.053 ,0.320 ,1.373 ,-4.476,1858.348,0,0.053333,1241
ZINC00787856_69,1C5T.pdb_1GJ6.pdb_1QBO.pdb,0.457 ,0.318 ,0.139 ,0.314 ,0.209 ,0.523 ,1.038 ,0.295 ,1.333 ,-4.222,1934.846,0,0.072034,1242
ZINC00601247_105,1C5T.pdb_1GJ6.pdb_1QBO.pdb,0.457 ,0.285 ,0.172 ,0.277 ,0.217 ,0.495 ,1.106 ,0.452 ,1.558 ,-4.335,1704.494,0,0.122642,1243
ZINC04619495_119,1C5T.pdb_1GJ6.pdb_1QBO.pdb,0.456 ,0.331 ,0.125 ,0.331 ,0.196 ,0.527 ,1.000 ,0.259 ,1.259 ,-3.962,2042.542,0,0.091304,1244
ZINC04522011_105,1C5T.pdb_1GJ6.pdb_1QBO.pdb,0.456 ,0.340 ,0.116 ,0.320 ,0.168 ,0.488 ,1.229 ,0.272 ,1.501 ,-3.383,1963.801,0,0.070485,1245
ZINC04464516_191,1C5T.pdb_1GJ6.pdb_1QBO.pdb,0.456 ,0.327 ,0.130 ,0.326 ,0.201 ,0.527 ,1.000 ,0.267 ,1.267 ,-4.076,2009.534,0,0.094421,1246
ZINC04354832_91,1C5T.pdb_1GJ6.pdb_1QBO.pdb,0.456 ,0.306 ,0.150 ,0.299 ,0.223 ,0.522 ,1.083 ,0.314 ,1.397 ,-4.512,1837.900,0,0.064935,1247
ZINC04161215_65,1C5T.pdb_1GJ6.pdb_1QBO.pdb,0.456 ,0.349 ,0.107 ,0.324 ,0.157 ,0.480 ,1.289 ,0.253 ,1.542 ,-3.146,1987.991,0,0.066964,1248
ZINC04147161_84,1C5T.pdb_1GJ6.pdb_1QBO.pdb,0.456 ,0.325 ,0.131 ,0.323 ,0.208 ,0.532 ,1.015 ,0.260 ,1.275 ,-4.226,1992.962,0,0.058366,1249
ZINC04030431_133,1C5T.pdb_1GJ6.pdb_1QBO.pdb,0.456 ,0.357 ,0.099 ,0.345 ,0.151 ,0.496 ,1.109 ,0.223 ,1.332 ,-3.050,2125.305,0,0.109091,1250
ZINC03992818_191,1C5T.pdb_1GJ6.pdb_1QBO.pdb,0.456 ,0.327 ,0.130 ,0.326 ,0.201 ,0.527 ,1.000 ,0.267 ,1.267 ,-4.076,2009.534,0,0.094421,1251
ZINC03987620_160,1C5T.pdb_1GJ6.pdb_1QBO.pdb,0.456 ,0.314 ,0.143 ,0.315 ,0.225 ,0.540 ,1.000 ,0.281 ,1.281 ,-4.565,1939.401,0,0.066946,1252
ZINC03977164_29,1C5T.pdb_1GJ6.pdb_1QBO.pdb,0.456 ,0.349 ,0.108 ,0.339 ,0.176 ,0.516 ,1.085 ,0.216 ,1.301 ,-3.583,2091.252,0,0.056034,1253
ZINC03975101_181,1C5T.pdb_1GJ6.pdb_1QBO.pdb,0.456 ,0.342 ,0.113 ,0.335 ,0.179 ,0.514 ,1.065 ,0.237 ,1.302 ,-3.621,2065.946,0,0.018657,1254
ZINC03944562_58,1C5T.pdb_1GJ6.pdb_1QBO.pdb,0.456 ,0.356 ,0.100 ,0.345 ,0.176 ,0.520 ,1.101 ,0.188 ,1.289 ,-3.590,2123.449,0,0.066946,1255
ZINC03941637_138,1C5T.pdb_1GJ6.pdb_1QBO.pdb,0.456 ,0.356 ,0.100 ,0.337 ,0.156 ,0.493 ,1.186 ,0.219 ,1.405 ,-3.148,2073.295,0,0.042373,1256
ZINC03783527_38,1C5T.pdb_1GJ6.pdb_1QBO.pdb,0.456 ,0.319 ,0.138 ,0.319 ,0.223 ,0.542 ,1.000 ,0.264 ,1.264 ,-4.537,1967.451,0,0.085106,1257
ZINC03336657_139,1C5T.pdb_1GJ6.pdb_1QBO.pdb,0.456 ,0.336 ,0.120 ,0.329 ,0.184 ,0.513 ,1.065 ,0.259 ,1.324 ,-3.710,2026.631,0,0.097345,1258
ZINC03292185_71,1C5T.pdb_1GJ6.pdb_1QBO.pdb,0.456 ,0.349 ,0.107 ,0.335 ,0.157 ,0.492 ,1.138 ,0.253 ,1.391 ,-3.147,2063.388,0,0.104545,1259
ZINC02939761_149,1C5T.pdb_1GJ6.pdb_1QBO.pdb,0.456 ,0.306 ,0.150 ,0.295 ,0.212 ,0.507 ,1.131 ,0.342 ,1.473 ,-4.254,1813.907,0,0.089686,1260
ZINC02296450_147,1C5T.pdb_1GJ6.pdb_1QBO.pdb,0.456 ,0.339 ,0.117 ,0.329 ,0.181 ,0.510 ,1.092 ,0.249 ,1.341 ,-3.651,2028.840,0,0.094595,1261
ZINC01865099_109,1C5T.pdb_1GJ6.pdb_1QBO.pdb,0.456 ,0.333 ,0.123 ,0.318 ,0.178 ,0.496 ,1.165 ,0.287 ,1.451 ,-3.567,1956.128,0,0.048583,1262
ZINC01740673_161,1C5T.pdb_1GJ6.pdb_1QBO.pdb,0.456 ,0.343 ,0.113 ,0.331 ,0.159 ,0.490 ,1.120 ,0.278 ,1.397 ,-3.190,2038.369,0,0.092105,1263
ZINC01565800_197,1C5T.pdb_1GJ6.pdb_1QBO.pdb,0.456 ,0.297 ,0.158 ,0.292 ,0.228 ,0.520 ,1.068 ,0.343 ,1.410 ,-4.588,1794.066,0,0.077273,1264
ZINC01552512_26,1C5T.pdb_1GJ6.pdb_1QBO.pdb,0.456 ,0.323 ,0.133 ,0.311 ,0.202 ,0.513 ,1.145 ,0.279 ,1.424 ,-4.084,1910.380,0,0.065789,1265
ZINC00771629_195,1C5T.pdb_1GJ6.pdb_1QBO.pdb,0.456 ,0.333 ,0.123 ,0.329 ,0.192 ,0.522 ,1.037 ,0.254 ,1.291 ,-3.893,2030.222,0,0.058333,1266
ZINC04633452_143,1C5T.pdb_1GJ6.pdb_1QBO.pdb,0.455 ,0.349 ,0.106 ,0.330 ,0.151 ,0.481 ,1.197 ,0.264 ,1.461 ,-3.030,2029.816,0,0.096916,1267
ZINC03983754_164,1C5T.pdb_1GJ6.pdb_1QBO.pdb,0.455 ,0.334 ,0.121 ,0.313 ,0.175 ,0.488 ,1.239 ,0.282 ,1.521 ,-3.511,1925.770,0,0.117925,1268
ZINC03980048_199,1C5T.pdb_1GJ6.pdb_1QBO.pdb,0.455 ,0.323 ,0.132 ,0.312 ,0.200 ,0.512 ,1.125 ,0.282 ,1.407 ,-4.041,1917.907,0,0.046218,1269
ZINC03960397_64,1C5T.pdb_1GJ6.pdb_1QBO.pdb,0.455 ,0.345 ,0.110 ,0.320 ,0.160 ,0.480 ,1.293 ,0.259 ,1.551 ,-3.217,1966.559,0,0.068807,1270
ZINC03506034_71,1C5T.pdb_1GJ6.pdb_1QBO.pdb,0.455 ,0.325 ,0.130 ,0.317 ,0.188 ,0.505 ,1.086 ,0.297 ,1.383 ,-3.778,1951.519,0,0.123288,1271
ZINC01782993_166,1C5T.pdb_1GJ6.pdb_1QBO.pdb,0.455 ,0.346 ,0.109 ,0.336 ,0.164 ,0.500 ,1.090 ,0.246 ,1.336 ,-3.299,2073.070,0,0.090517,1272
ZINC00974317_91,1C5T.pdb_1GJ6.pdb_1QBO.pdb,0.455 ,0.347 ,0.108 ,0.330 ,0.162 ,0.491 ,1.180 ,0.243 ,1.423 ,-3.261,2027.525,0,0.058036,1273
ZINC00970330_82,1C5T.pdb_1GJ6.pdb_1QBO.pdb,0.455 ,0.354 ,0.101 ,0.333 ,0.153 ,0.486 ,1.221 ,0.230 ,1.451 ,-3.084,2047.527,0,0.072072,1274
ZINC00839637_106,1C5T.pdb_1GJ6.pdb_1QBO.pdb,0.455 ,0.325 ,0.131 ,0.308 ,0.171 ,0.479 ,1.204 ,0.356 ,1.560 ,-3.410,1890.822,0,0.042735,1275
ZINC04528694_58,1C5T.pdb_1GJ6.pdb_1QBO.pdb,0.454 ,0.307 ,0.148 ,0.305 ,0.214 ,0.519 ,1.016 ,0.322 ,1.338 ,-4.311,1879.899,0,0.112108,1276
ZINC03969854_194,1C5T.pdb_1GJ6.pdb_1QBO.pdb,0.454 ,0.321 ,0.133 ,0.305 ,0.185 ,0.490 ,1.186 ,0.322 ,1.508 ,-3.698,1877.006,0,0.046218,1277
ZINC03428022_190,1C5T.pdb_1GJ6.pdb_1QBO.pdb,0.454 ,0.328 ,0.126 ,0.320 ,0.181 ,0.501 ,1.083 ,0.293 ,1.376 ,-3.640,1970.169,0,0.073913,1278
ZINC03355027_37,1C5T.pdb_1GJ6.pdb_1QBO.pdb,0.454 ,0.341 ,0.114 ,0.321 ,0.161 ,0.482 ,1.214 ,0.281 ,1.495 ,-3.223,1975.109,0,0.086364,1279
ZINC02612839_137,1C5T.pdb_1GJ6.pdb_1QBO.pdb,0.454 ,0.364 ,0.090 ,0.347 ,0.126 ,0.473 ,1.155 ,0.239 ,1.393 ,-2.514,2137.762,0,0.106195,1280
ZINC02604896_62,1C5T.pdb_1GJ6.pdb_1QBO.pdb,0.454 ,0.336 ,0.118 ,0.321 ,0.196 ,0.517 ,1.155 ,0.228 ,1.383 ,-3.990,1976.351,0,0.043290,1281
ZINC04382511_24,1C5T.pdb_1GJ6.pdb_1QBO.pdb,0.453 ,0.289 ,0.164 ,0.283 ,0.228 ,0.511 ,1.072 ,0.368 ,1.440 ,-4.582,1741.337,0,0.061404,1282
ZINC04112515_64,1C5T.pdb_1GJ6.pdb_1QBO.pdb,0.453 ,0.365 ,0.087 ,0.336 ,0.134 ,0.470 ,1.308 ,0.201 ,1.509 ,-2.695,2066.613,0,0.073913,1283
ZINC04092008_183,1C5T.pdb_1GJ6.pdb_1QBO.pdb,0.453 ,0.358 ,0.095 ,0.341 ,0.140 ,0.481 ,1.161 ,0.226 ,1.387 ,-2.812,2102.082,0,0.078603,1284
ZINC03987625_143,1C5T.pdb_1GJ6.pdb_1QBO.pdb,0.453 ,0.320 ,0.133 ,0.321 ,0.222 ,0.543 ,0.989 ,0.249 ,1.239 ,-4.529,1978.928,0,0.057377,1285
ZINC03938928_17,1C5T.pdb_1GJ6.pdb_1QBO.pdb,0.453 ,0.318 ,0.135 ,0.322 ,0.225 ,0.546 ,0.962 ,0.253 ,1.215 ,-4.586,1983.874,0,0.092827,1286
ZINC03874141_128,1C5T.pdb_1GJ6.pdb_1QBO.pdb,0.453 ,0.339 ,0.114 ,0.325 ,0.169 ,0.494 ,1.150 ,0.261 ,1.410 ,-3.402,1997.521,0,0.104072,1287
ZINC03867358_102,1C5T.pdb_1GJ6.pdb_1QBO.pdb,0.453 ,0.302 ,0.151 ,0.296 ,0.231 ,0.527 ,1.067 ,0.305 ,1.372 ,-4.670,1823.797,0,0.069264,1288
ZINC03840243_176,1C5T.pdb_1GJ6.pdb_1QBO.pdb,0.453 ,0.281 ,0.172 ,0.285 ,0.251 ,0.536 ,0.960 ,0.354 ,1.314 ,-5.073,1752.555,0,0.078189,1289
ZINC03814028_192,1C5T.pdb_1GJ6.pdb_1QBO.pdb,0.453 ,0.325 ,0.129 ,0.312 ,0.185 ,0.497 ,1.145 ,0.298 ,1.444 ,-3.712,1917.266,0,0.057269,1290
ZINC03812104_157,1C5T.pdb_1GJ6.pdb_1QBO.pdb,0.453 ,0.287 ,0.166 ,0.285 ,0.243 ,0.528 ,1.025 ,0.343 ,1.367 ,-4.910,1751.613,0,0.102128,1291
ZINC03563354_43,1C5T.pdb_1GJ6.pdb_1QBO.pdb,0.453 ,0.327 ,0.126 ,0.304 ,0.165 ,0.469 ,1.300 ,0.344 ,1.644 ,-3.296,1867.079,0,0.055814,1292
ZINC03422557_162,1C5T.pdb_1GJ6.pdb_1QBO.pdb,0.453 ,0.284 ,0.170 ,0.279 ,0.235 ,0.514 ,1.062 ,0.380 ,1.441 ,-4.717,1715.779,0,0.095890,1293
ZINC02953918_37,1C5T.pdb_1GJ6.pdb_1QBO.pdb,0.453 ,0.293 ,0.160 ,0.290 ,0.210 ,0.501 ,1.037 ,0.400 ,1.437 ,-4.208,1785.218,0,0.061135,1294
ZINC02688635_99,1C5T.pdb_1GJ6.pdb_1QBO.pdb,0.453 ,0.342 ,0.111 ,0.319 ,0.167 ,0.486 ,1.267 ,0.249 ,1.516 ,-3.355,1961.062,0,0.025000,1295
ZINC02379382_164,1C5T.pdb_1GJ6.pdb_1QBO.pdb,0.453 ,0.332 ,0.121 ,0.316 ,0.176 ,0.491 ,1.187 ,0.278 ,1.465 ,-3.531,1940.624,0,0.068807,1296
ZINC02345449_57,1C5T.pdb_1GJ6.pdb_1QBO.pdb,0.453 ,0.289 ,0.164 ,0.290 ,0.247 ,0.537 ,0.986 ,0.327 ,1.313 ,-5.005,1784.925,0,0.103139,1297
ZINC02297848_193,1C5T.pdb_1GJ6.pdb_1QBO.pdb,0.453 ,0.336 ,0.117 ,0.329 ,0.181 ,0.510 ,1.066 ,0.249 ,1.316 ,-3.651,2029.363,0,0.093333,1298
ZINC02144108_9,1C5T.pdb_1GJ6.pdb_1QBO.pdb,0.453 ,0.293 ,0.160 ,0.290 ,0.210 ,0.501 ,1.036 ,0.400 ,1.436 ,-4.208,1785.477,0,0.056522,1299
ZINC04468426_75,1C5T.pdb_1GJ6.pdb_1QBO.pdb,0.452 ,0.353 ,0.099 ,0.326 ,0.142 ,0.469 ,1.307 ,0.242 ,1.549 ,-2.855,2004.690,0,0.095890,1300
ZINC04359876_141,1C5T.pdb_1GJ6.pdb_1QBO.pdb,0.452 ,0.336 ,0.115 ,0.313 ,0.158 ,0.471 ,1.288 ,0.300 ,1.588 ,-3.158,1921.309,0,0.067568,1301
ZINC04354189_65,1C5T.pdb_1GJ6.pdb_1QBO.pdb,0.452 ,0.314 ,0.138 ,0.304 ,0.202 ,0.506 ,1.112 ,0.304 ,1.416 ,-4.062,1872.083,0,0.074890,1302
ZINC03987619_156,1C5T.pdb_1GJ6.pdb_1QBO.pdb,0.452 ,0.320 ,0.131 ,0.316 ,0.209 ,0.525 ,1.046 ,0.261 ,1.307 ,-4.247,1945.286,0,0.088106,1303
ZINC03980070_151,1C5T.pdb_1GJ6.pdb_1QBO.pdb,0.452 ,0.341 ,0.111 ,0.338 ,0.180 ,0.518 ,1.030 ,0.225 ,1.255 ,-3.649,2083.300,0,0.062500,1304
ZINC03918518_77,1C5T.pdb_1GJ6.pdb_1QBO.pdb,0.452 ,0.284 ,0.168 ,0.280 ,0.227 ,0.507 ,1.050 ,0.395 ,1.445 ,-4.542,1723.971,0,0.108108,1305
ZINC03868275_152,1C5T.pdb_1GJ6.pdb_1QBO.pdb,0.452 ,0.278 ,0.174 ,0.272 ,0.235 ,0.507 ,1.088 ,0.401 ,1.488 ,-4.722,1668.461,0,0.069444,1306
ZINC03859006_75,1C5T.pdb_1GJ6.pdb_1QBO.pdb,0.452 ,0.353 ,0.099 ,0.326 ,0.142 ,0.469 ,1.307 ,0.242 ,1.549 ,-2.855,2004.690,0,0.095890,1307
ZINC03816728_145,1C5T.pdb_1GJ6.pdb_1QBO.pdb,0.452 ,0.352 ,0.100 ,0.339 ,0.159 ,0.498 ,1.127 ,0.211 ,1.338 ,-3.221,2086.877,0,0.077253,1308
ZINC03510040_163,1C5T.pdb_1GJ6.pdb_1QBO.pdb,0.452 ,0.334 ,0.118 ,0.314 ,0.167 ,0.480 ,1.240 ,0.291 ,1.531 ,-3.340,1926.507,0,0.087963,1309
ZINC03348385_153,1C5T.pdb_1GJ6.pdb_1QBO.pdb,0.452 ,0.310 ,0.142 ,0.305 ,0.207 ,0.512 ,1.055 ,0.312 ,1.367 ,-4.168,1880.118,0,0.054852,1310
ZINC03293653_191,1C5T.pdb_1GJ6.pdb_1QBO.pdb,0.452 ,0.338 ,0.114 ,0.314 ,0.156 ,0.469 ,1.301 ,0.296 ,1.597 ,-3.117,1925.096,0,0.053571,1311
ZINC03283735_151,1C5T.pdb_1GJ6.pdb_1QBO.pdb,0.452 ,0.355 ,0.097 ,0.327 ,0.143 ,0.470 ,1.321 ,0.231 ,1.552 ,-2.865,2009.269,0,0.086758,1312
ZINC02416080_197,1C5T.pdb_1GJ6.pdb_1QBO.pdb,0.452 ,0.340 ,0.112 ,0.331 ,0.178 ,0.508 ,1.091 ,0.231 ,1.322 ,-3.603,2036.096,0,0.052863,1313
ZINC01909903_192,1C5T.pdb_1GJ6.pdb_1QBO.pdb,0.452 ,0.315 ,0.137 ,0.307 ,0.208 ,0.515 ,1.092 ,0.288 ,1.380 ,-4.201,1887.217,0,0.047826,1314
ZINC01483810_185,1C5T.pdb_1GJ6.pdb_1QBO.pdb,0.452 ,0.313 ,0.138 ,0.304 ,0.202 ,0.506 ,1.108 ,0.304 ,1.412 ,-4.074,1869.890,0,0.053097,1315
ZINC00904734_60,1C5T.pdb_1GJ6.pdb_1QBO.pdb,0.452 ,0.296 ,0.155 ,0.290 ,0.207 ,0.497 ,1.075 ,0.383 ,1.458 ,-4.141,1784.698,0,0.067568,1316
ZINC00762664_196,1C5T.pdb_1GJ6.pdb_1QBO.pdb,0.452 ,0.316 ,0.137 ,0.304 ,0.189 ,0.493 ,1.141 ,0.330 ,1.470 ,-3.789,1869.549,0,0.078704,1317
ZINC04388330_29,1C5T.pdb_1GJ6.pdb_1QBO.pdb,0.451 ,0.322 ,0.130 ,0.312 ,0.202 ,0.514 ,1.106 ,0.267 ,1.373 ,-4.082,1919.255,0,0.060345,1318
ZINC04188469_189,1C5T.pdb_1GJ6.pdb_1QBO.pdb,0.451 ,0.330 ,0.121 ,0.308 ,0.169 ,0.477 ,1.278 ,0.296 ,1.574 ,-3.394,1889.579,0,0.054795,1319
ZINC04161186_58,1C5T.pdb_1GJ6.pdb_1QBO.pdb,0.451 ,0.307 ,0.144 ,0.293 ,0.209 ,0.502 ,1.183 ,0.315 ,1.498 ,-4.214,1800.107,0,0.043668,1320
ZINC04001519_188,1C5T.pdb_1GJ6.pdb_1QBO.pdb,0.451 ,0.329 ,0.122 ,0.319 ,0.189 ,0.509 ,1.099 ,0.256 ,1.355 ,-3.828,1965.571,0,0.078947,1321
ZINC03990230_184,1C5T.pdb_1GJ6.pdb_1QBO.pdb,0.451 ,0.315 ,0.137 ,0.304 ,0.195 ,0.498 ,1.131 ,0.315 ,1.446 ,-3.910,1866.553,0,0.050209,1322
ZINC03980156_101,1C5T.pdb_1GJ6.pdb_1QBO.pdb,0.451 ,0.311 ,0.140 ,0.297 ,0.205 ,0.502 ,1.174 ,0.308 ,1.482 ,-4.129,1824.682,0,0.034335,1323
ZINC03864337_180,1C5T.pdb_1GJ6.pdb_1QBO.pdb,0.451 ,0.320 ,0.131 ,0.317 ,0.187 ,0.504 ,1.036 ,0.302 ,1.338 ,-3.754,1951.162,0,0.090909,1324
ZINC03840241_171,1C5T.pdb_1GJ6.pdb_1QBO.pdb,0.451 ,0.351 ,0.100 ,0.336 ,0.160 ,0.495 ,1.146 ,0.211 ,1.357 ,-3.231,2067.747,0,0.065574,1325
ZINC03831757_171,1C5T.pdb_1GJ6.pdb_1QBO.pdb,0.451 ,0.312 ,0.139 ,0.297 ,0.181 ,0.478 ,1.194 ,0.376 ,1.570 ,-3.601,1824.158,0,0.064220,1326
ZINC03818181_70,1C5T.pdb_1GJ6.pdb_1QBO.pdb,0.451 ,0.353 ,0.097 ,0.339 ,0.135 ,0.474 ,1.138 ,0.257 ,1.395 ,-2.709,2086.749,0,0.092105,1327
ZINC03506600_191,1C5T.pdb_1GJ6.pdb_1QBO.pdb,0.451 ,0.319 ,0.132 ,0.298 ,0.172 ,0.470 ,1.285 ,0.358 ,1.643 ,-3.433,1829.780,0,0.090476,1328
ZINC03478187_190,1C5T.pdb_1GJ6.pdb_1QBO.pdb,0.451 ,0.328 ,0.123 ,0.310 ,0.172 ,0.483 ,1.216 ,0.301 ,1.517 ,-3.455,1905.909,0,0.060345,1329
ZINC02372645_81,1C5T.pdb_1GJ6.pdb_1QBO.pdb,0.451 ,0.353 ,0.098 ,0.340 ,0.158 ,0.498 ,1.122 ,0.206 ,1.328 ,-3.210,2093.879,0,0.062222,1330
ZINC01062174_169,1C5T.pdb_1GJ6.pdb_1QBO.pdb,0.451 ,0.293 ,0.158 ,0.285 ,0.221 ,0.506 ,1.101 ,0.357 ,1.458 ,-4.436,1752.709,0,0.075893,1331
ZINC00770994_60,1C5T.pdb_1GJ6.pdb_1QBO.pdb,0.451 ,0.355 ,0.096 ,0.340 ,0.154 ,0.494 ,1.137 ,0.203 ,1.340 ,-3.111,2096.259,0,0.049587,1332
ZINC00720212_141,1C5T.pdb_1GJ6.pdb_1QBO.pdb,0.451 ,0.345 ,0.106 ,0.335 ,0.167 ,0.502 ,1.093 ,0.226 ,1.319 ,-3.377,2065.491,0,0.061135,1333
ZINC00587752_126,1C5T.pdb_1GJ6.pdb_1QBO.pdb,0.451 ,0.347 ,0.104 ,0.327 ,0.149 ,0.475 ,1.215 ,0.260 ,1.475 ,-2.982,2007.942,0,0.050633,1334
ZINC03834179_65,1C5T.pdb_1GJ6.pdb_1QBO.pdb,0.451 ,0.340 ,0.111 ,0.340 ,0.166 ,0.506 ,1.000 ,0.250 ,1.250 ,-3.350,2096.160,1,0.171053,1335
ZINC04528719_53,1C5T.pdb_1GJ6.pdb_1QBO.pdb,0.450 ,0.337 ,0.112 ,0.315 ,0.164 ,0.479 ,1.260 ,0.264 ,1.524 ,-3.288,1936.799,0,0.067265,1336
ZINC04251713_110,1C5T.pdb_1GJ6.pdb_1QBO.pdb,0.450 ,0.283 ,0.167 ,0.277 ,0.212 ,0.489 ,1.073 ,0.441 ,1.514 ,-4.222,1705.160,0,0.084112,1337
ZINC03987013_194,1C5T.pdb_1GJ6.pdb_1QBO.pdb,0.450 ,0.353 ,0.097 ,0.332 ,0.143 ,0.475 ,1.214 ,0.231 ,1.445 ,-2.872,2043.683,0,0.062500,1338
ZINC03969935_119,1C5T.pdb_1GJ6.pdb_1QBO.pdb,0.450 ,0.278 ,0.172 ,0.272 ,0.238 ,0.510 ,1.082 ,0.384 ,1.466 ,-4.776,1671.563,0,0.073394,1339
ZINC03962388_130,1C5T.pdb_1GJ6.pdb_1QBO.pdb,0.450 ,0.344 ,0.106 ,0.321 ,0.151 ,0.473 ,1.251 ,0.264 ,1.515 ,-3.029,1974.692,0,0.063348,1340
ZINC03951910_57,1C5T.pdb_1GJ6.pdb_1QBO.pdb,0.450 ,0.273 ,0.176 ,0.271 ,0.270 ,0.541 ,1.034 ,0.337 ,1.371 ,-5.479,1665.143,0,0.082251,1341
ZINC03800681_82,1C5T.pdb_1GJ6.pdb_1QBO.pdb,0.450 ,0.313 ,0.137 ,0.311 ,0.195 ,0.506 ,1.029 ,0.315 ,1.345 ,-3.919,1912.987,0,0.040323,1342
ZINC03577404_51,1C5T.pdb_1GJ6.pdb_1QBO.pdb,0.450 ,0.303 ,0.147 ,0.288 ,0.197 ,0.485 ,1.211 ,0.365 ,1.576 ,-3.952,1766.000,0,0.056604,1343
ZINC03351756_31,1C5T.pdb_1GJ6.pdb_1QBO.pdb,0.450 ,0.324 ,0.126 ,0.308 ,0.171 ,0.478 ,1.193 ,0.324 ,1.517 ,-3.414,1890.410,0,0.071111,1344
ZINC02638491_173,1C5T.pdb_1GJ6.pdb_1QBO.pdb,0.450 ,0.305 ,0.145 ,0.297 ,0.205 ,0.502 ,1.108 ,0.332 ,1.439 ,-4.119,1822.988,0,0.074890,1345
ZINC02345449_85,1C5T.pdb_1GJ6.pdb_1QBO.pdb,0.450 ,0.295 ,0.154 ,0.295 ,0.235 ,0.530 ,1.000 ,0.311 ,1.311 ,-4.753,1817.054,0,0.093333,1346
ZINC00973902_193,1C5T.pdb_1GJ6.pdb_1QBO.pdb,0.450 ,0.302 ,0.148 ,0.294 ,0.225 ,0.519 ,1.087 ,0.304 ,1.391 ,-4.549,1810.388,0,0.052863,1347
ZINC00787127_188,1C5T.pdb_1GJ6.pdb_1QBO.pdb,0.450 ,0.349 ,0.101 ,0.330 ,0.150 ,0.480 ,1.196 ,0.236 ,1.433 ,-3.009,2032.213,0,0.102326,1348
ZINC03992805_146,1C5T.pdb_1GJ6.pdb_1QBO.pdb,0.449 ,0.324 ,0.125 ,0.313 ,0.180 ,0.493 ,1.130 ,0.291 ,1.421 ,-3.618,1922.349,0,0.025751,1349
ZINC03944062_126,1C5T.pdb_1GJ6.pdb_1QBO.pdb,0.449 ,0.338 ,0.111 ,0.320 ,0.167 ,0.486 ,1.203 ,0.250 ,1.454 ,-3.356,1964.882,0,0.094595,1350
ZINC03867662_178,1C5T.pdb_1GJ6.pdb_1QBO.pdb,0.449 ,0.313 ,0.136 ,0.300 ,0.194 ,0.494 ,1.156 ,0.314 ,1.470 ,-3.906,1843.929,0,0.078704,1351
ZINC03832224_151,1C5T.pdb_1GJ6.pdb_1QBO.pdb,0.449 ,0.334 ,0.115 ,0.318 ,0.167 ,0.485 ,1.175 ,0.269 ,1.444 ,-3.347,1955.481,0,0.038627,1352
ZINC03813422_17,1C5T.pdb_1GJ6.pdb_1QBO.pdb,0.449 ,0.314 ,0.135 ,0.317 ,0.225 ,0.542 ,0.969 ,0.253 ,1.222 ,-4.585,1955.822,0,0.084746,1353
ZINC03804943_111,1C5T.pdb_1GJ6.pdb_1QBO.pdb,0.449 ,0.279 ,0.170 ,0.271 ,0.222 ,0.493 ,1.117 ,0.421 ,1.539 ,-4.435,1664.455,0,0.057269,1354
ZINC03643930_41,1C5T.pdb_1GJ6.pdb_1QBO.pdb,0.449 ,0.309 ,0.140 ,0.300 ,0.193 ,0.493 ,1.106 ,0.336 ,1.442 ,-3.874,1846.142,0,0.031621,1355
ZINC03506031_119,1C5T.pdb_1GJ6.pdb_1QBO.pdb,0.449 ,0.310 ,0.140 ,0.299 ,0.195 ,0.494 ,1.132 ,0.332 ,1.463 ,-3.906,1836.608,0,0.067265,1356
ZINC02578005_36,1C5T.pdb_1GJ6.pdb_1QBO.pdb,0.449 ,0.336 ,0.113 ,0.320 ,0.165 ,0.484 ,1.176 ,0.266 ,1.442 ,-3.306,1965.991,0,0.120930,1357
ZINC01910166_152,1C5T.pdb_1GJ6.pdb_1QBO.pdb,0.449 ,0.298 ,0.150 ,0.292 ,0.230 ,0.522 ,1.072 ,0.304 ,1.375 ,-4.649,1798.098,0,0.104072,1358
ZINC01778859_135,1C5T.pdb_1GJ6.pdb_1QBO.pdb,0.449 ,0.316 ,0.133 ,0.301 ,0.187 ,0.488 ,1.185 ,0.318 ,1.503 ,-3.750,1847.942,0,0.046414,1359
ZINC03990238_199,1C5T.pdb_1GJ6.pdb_1QBO.pdb,0.448 ,0.317 ,0.131 ,0.315 ,0.198 ,0.513 ,1.021 ,0.279 ,1.299 ,-3.991,1942.206,0,0.066116,1360
ZINC03982648_104,1C5T.pdb_1GJ6.pdb_1QBO.pdb,0.448 ,0.257 ,0.192 ,0.263 ,0.245 ,0.509 ,0.911 ,0.466 ,1.377 ,-4.908,1621.298,0,0.145540,1361
ZINC03980797_58,1C5T.pdb_1GJ6.pdb_1QBO.pdb,0.448 ,0.305 ,0.143 ,0.300 ,0.210 ,0.510 ,1.058 ,0.310 ,1.368 ,-4.235,1846.294,0,0.065789,1362
ZINC03855457_140,1C5T.pdb_1GJ6.pdb_1QBO.pdb,0.448 ,0.331 ,0.117 ,0.315 ,0.174 ,0.489 ,1.184 ,0.262 ,1.446 ,-3.512,1936.853,0,0.112150,1363
ZINC03818515_124,1C5T.pdb_1GJ6.pdb_1QBO.pdb,0.448 ,0.325 ,0.123 ,0.314 ,0.167 ,0.481 ,1.116 ,0.318 ,1.434 ,-3.346,1932.343,0,0.074561,1364
ZINC03818495_42,1C5T.pdb_1GJ6.pdb_1QBO.pdb,0.448 ,0.321 ,0.127 ,0.311 ,0.178 ,0.489 ,1.109 ,0.310 ,1.419 ,-3.564,1913.435,0,0.094170,1365
ZINC03584153_61,1C5T.pdb_1GJ6.pdb_1QBO.pdb,0.448 ,0.322 ,0.126 ,0.300 ,0.171 ,0.471 ,1.299 ,0.324 ,1.623 ,-3.415,1840.122,0,0.063927,1366
ZINC03438910_67,1C5T.pdb_1GJ6.pdb_1QBO.pdb,0.448 ,0.354 ,0.094 ,0.330 ,0.135 ,0.465 ,1.257 ,0.236 ,1.493 ,-2.708,2029.043,0,0.108108,1367
ZINC03426733_109,1C5T.pdb_1GJ6.pdb_1QBO.pdb,0.448 ,0.295 ,0.153 ,0.286 ,0.209 ,0.494 ,1.133 ,0.364 ,1.497 ,-4.183,1753.837,0,0.061135,1368
ZINC03368272_126,1C5T.pdb_1GJ6.pdb_1QBO.pdb,0.448 ,0.337 ,0.111 ,0.316 ,0.158 ,0.474 ,1.247 ,0.269 ,1.517 ,-3.172,1940.541,0,0.041667,1369
ZINC02297135_62,1C5T.pdb_1GJ6.pdb_1QBO.pdb,0.448 ,0.351 ,0.097 ,0.338 ,0.140 ,0.478 ,1.125 ,0.238 ,1.363 ,-2.808,2083.183,0,0.109589,1370
ZINC01911468_71,1C5T.pdb_1GJ6.pdb_1QBO.pdb,0.448 ,0.299 ,0.148 ,0.287 ,0.203 ,0.490 ,1.172 ,0.355 ,1.526 ,-4.076,1760.640,0,0.093458,1371
ZINC01811506_96,1C5T.pdb_1GJ6.pdb_1QBO.pdb,0.448 ,0.370 ,0.077 ,0.354 ,0.113 ,0.466 ,1.149 ,0.197 ,1.345 ,-2.258,2178.110,0,0.100877,1372
ZINC01081704_147,1C5T.pdb_1GJ6.pdb_1QBO.pdb,0.448 ,0.347 ,0.102 ,0.325 ,0.145 ,0.470 ,1.236 ,0.253 ,1.489 ,-2.907,1998.307,0,0.074419,1373
ZINC00787129_157,1C5T.pdb_1GJ6.pdb_1QBO.pdb,0.448 ,0.366 ,0.082 ,0.344 ,0.123 ,0.467 ,1.218 ,0.195 ,1.413 ,-2.479,2114.852,0,0.101852,1374
ZINC00719055_25,1C5T.pdb_1GJ6.pdb_1QBO.pdb,0.448 ,0.336 ,0.112 ,0.323 ,0.166 ,0.490 ,1.132 ,0.256 ,1.389 ,-3.348,1989.943,0,0.072398,1375
ZINC00602904_87,1C5T.pdb_1GJ6.pdb_1QBO.pdb,0.448 ,0.339 ,0.110 ,0.324 ,0.170 ,0.495 ,1.148 ,0.236 ,1.384 ,-3.445,1995.696,0,0.037975,1376
ZINC04522150_117,1C5T.pdb_1GJ6.pdb_1QBO.pdb,0.447 ,0.311 ,0.137 ,0.297 ,0.200 ,0.497 ,1.173 ,0.301 ,1.475 ,-4.036,1824.205,0,0.056277,1377
ZINC04161158_78,1C5T.pdb_1GJ6.pdb_1QBO.pdb,0.447 ,0.328 ,0.119 ,0.307 ,0.172 ,0.479 ,1.264 ,0.278 ,1.542 ,-3.460,1884.874,0,0.057269,1378
ZINC03976197_57,1C5T.pdb_1GJ6.pdb_1QBO.pdb,0.447 ,0.280 ,0.167 ,0.274 ,0.212 ,0.485 ,1.096 ,0.441 ,1.537 ,-4.221,1680.014,0,0.061674,1379
ZINC03933416_137,1C5T.pdb_1GJ6.pdb_1QBO.pdb,0.447 ,0.245 ,0.201 ,0.249 ,0.279 ,0.528 ,0.938 ,0.420 ,1.357 ,-5.616,1533.440,0,0.111628,1380
ZINC03801571_113,1C5T.pdb_1GJ6.pdb_1QBO.pdb,0.447 ,0.325 ,0.122 ,0.307 ,0.191 ,0.497 ,1.230 ,0.253 ,1.483 ,-3.861,1882.755,0,0.045082,1381
ZINC03637651_78,1C5T.pdb_1GJ6.pdb_1QBO.pdb,0.447 ,0.330 ,0.117 ,0.310 ,0.189 ,0.500 ,1.230 ,0.236 ,1.466 ,-3.838,1907.061,0,0.034749,1382
ZINC03307407_89,1C5T.pdb_1GJ6.pdb_1QBO.pdb,0.447 ,0.290 ,0.157 ,0.287 ,0.226 ,0.514 ,1.031 ,0.340 ,1.372 ,-4.562,1765.873,0,0.052632,1383
ZINC03228417_133,1C5T.pdb_1GJ6.pdb_1QBO.pdb,0.447 ,0.352 ,0.095 ,0.322 ,0.129 ,0.451 ,1.350 ,0.269 ,1.619 ,-2.572,1979.415,0,0.074766,1384
ZINC02967870_130,1C5T.pdb_1GJ6.pdb_1QBO.pdb,0.447 ,0.321 ,0.126 ,0.317 ,0.186 ,0.503 ,1.044 ,0.280 ,1.324 ,-3.753,1949.591,0,0.050633,1385
ZINC02495809_86,1C5T.pdb_1GJ6.pdb_1QBO.pdb,0.447 ,0.356 ,0.091 ,0.335 ,0.147 ,0.482 ,1.211 ,0.194 ,1.405 ,-2.971,2060.844,0,0.048889,1386
ZINC01532447_137,1C5T.pdb_1GJ6.pdb_1QBO.pdb,0.447 ,0.340 ,0.107 ,0.320 ,0.148 ,0.468 ,1.215 ,0.281 ,1.495 ,-2.955,1969.141,0,0.082251,1387
ZINC04034423_119,1C5T.pdb_1GJ6.pdb_1QBO.pdb,0.446 ,0.339 ,0.107 ,0.324 ,0.165 ,0.489 ,1.163 ,0.233 ,1.395 ,-3.336,1992.305,0,0.050633,1388
ZINC04004342_107,1C5T.pdb_1GJ6.pdb_1QBO.pdb,0.446 ,0.338 ,0.108 ,0.324 ,0.178 ,0.502 ,1.142 ,0.218 ,1.359 ,-3.605,1995.059,0,0.034632,1389
ZINC03955338_113,1C5T.pdb_1GJ6.pdb_1QBO.pdb,0.446 ,0.313 ,0.133 ,0.303 ,0.207 ,0.510 ,1.113 ,0.274 ,1.386 ,-4.183,1863.706,0,0.054852,1390
ZINC03948480_104,1C5T.pdb_1GJ6.pdb_1QBO.pdb,0.446 ,0.346 ,0.100 ,0.332 ,0.159 ,0.491 ,1.140 ,0.211 ,1.351 ,-3.225,2044.105,0,0.071730,1391
ZINC03939269_54,1C5T.pdb_1GJ6.pdb_1QBO.pdb,0.446 ,0.364 ,0.083 ,0.339 ,0.124 ,0.463 ,1.244 ,0.200 ,1.444 ,-2.486,2087.733,0,0.076271,1392
ZINC02939779_193,1C5T.pdb_1GJ6.pdb_1QBO.pdb,0.446 ,0.314 ,0.132 ,0.302 ,0.193 ,0.496 ,1.145 ,0.291 ,1.436 ,-3.896,1858.485,0,0.073913,1393
ZINC02029227_18,1C5T.pdb_1GJ6.pdb_1QBO.pdb,0.446 ,0.314 ,0.132 ,0.307 ,0.226 ,0.533 ,1.075 ,0.242 ,1.318 ,-4.624,1888.093,0,0.056680,1394
ZINC01838799_168,1C5T.pdb_1GJ6.pdb_1QBO.pdb,0.446 ,0.276 ,0.170 ,0.276 ,0.235 ,0.511 ,1.000 ,0.380 ,1.380 ,-4.730,1694.537,0,0.040486,1395
ZINC04388837_88,1C5T.pdb_1GJ6.pdb_1QBO.pdb,0.445 ,0.316 ,0.129 ,0.306 ,0.190 ,0.496 ,1.118 ,0.286 ,1.405 ,-3.829,1882.339,0,0.074890,1396
ZINC03992722_165,1C5T.pdb_1GJ6.pdb_1QBO.pdb,0.445 ,0.343 ,0.103 ,0.326 ,0.155 ,0.481 ,1.173 ,0.233 ,1.406 ,-3.120,2006.587,0,0.048458,1397
ZINC03891140_10,1C5T.pdb_1GJ6.pdb_1QBO.pdb,0.445 ,0.349 ,0.096 ,0.331 ,0.163 ,0.494 ,1.181 ,0.190 ,1.371 ,-3.321,2035.267,0,0.029787,1398
ZINC03409168_152,1C5T.pdb_1GJ6.pdb_1QBO.pdb,0.445 ,0.329 ,0.116 ,0.311 ,0.158 ,0.469 ,1.224 ,0.301 ,1.525 ,-3.167,1908.115,0,0.098131,1399
ZINC03376333_104,1C5T.pdb_1GJ6.pdb_1QBO.pdb,0.445 ,0.346 ,0.099 ,0.335 ,0.146 ,0.481 ,1.108 ,0.235 ,1.343 ,-2.927,2062.706,0,0.082251,1400
ZINC02002151_110,1C5T.pdb_1GJ6.pdb_1QBO.pdb,0.445 ,0.329 ,0.116 ,0.317 ,0.164 ,0.481 ,1.121 ,0.286 ,1.406 ,-3.284,1953.489,0,0.145540,1401
ZINC01856560_103,1C5T.pdb_1GJ6.pdb_1QBO.pdb,0.445 ,0.342 ,0.103 ,0.320 ,0.153 ,0.472 ,1.253 ,0.242 ,1.494 ,-3.073,1963.069,0,0.081081,1402
ZINC01125455_105,1C5T.pdb_1GJ6.pdb_1QBO.pdb,0.445 ,0.309 ,0.137 ,0.302 ,0.202 ,0.503 ,1.080 ,0.298 ,1.377 ,-4.067,1855.692,0,0.063636,1403
ZINC00959305_182,1C5T.pdb_1GJ6.pdb_1QBO.pdb,0.445 ,0.322 ,0.123 ,0.314 ,0.207 ,0.521 ,1.091 ,0.233 ,1.324 ,-4.222,1931.051,0,0.053279,1404
ZINC03974520_121,1C5T.pdb_1GJ6.pdb_1QBO.pdb,0.444 ,0.329 ,0.114 ,0.317 ,0.182 ,0.499 ,1.131 ,0.236 ,1.367 ,-3.681,1952.329,0,0.043860,1405
ZINC03936136_26,1C5T.pdb_1GJ6.pdb_1QBO.pdb,0.444 ,0.322 ,0.123 ,0.307 ,0.182 ,0.489 ,1.171 ,0.274 ,1.445 ,-3.662,1887.589,0,0.087719,1406
ZINC03801144_99,1C5T.pdb_1GJ6.pdb_1QBO.pdb,0.444 ,0.305 ,0.140 ,0.296 ,0.187 ,0.483 ,1.106 ,0.355 ,1.461 ,-3.737,1819.444,0,0.041667,1407
ZINC03524549_58,1C5T.pdb_1GJ6.pdb_1QBO.pdb,0.444 ,0.335 ,0.109 ,0.316 ,0.160 ,0.476 ,1.221 ,0.253 ,1.474 ,-3.222,1939.700,0,0.059361,1408
ZINC03427469_196,1C5T.pdb_1GJ6.pdb_1QBO.pdb,0.444 ,0.324 ,0.120 ,0.308 ,0.158 ,0.466 ,1.196 ,0.330 ,1.526 ,-3.159,1889.838,0,0.063063,1409
ZINC03408831_191,1C5T.pdb_1GJ6.pdb_1QBO.pdb,0.444 ,0.336 ,0.109 ,0.314 ,0.145 ,0.460 ,1.252 ,0.302 ,1.555 ,-2.898,1930.618,0,0.074074,1410
ZINC02658228_122,1C5T.pdb_1GJ6.pdb_1QBO.pdb,0.444 ,0.328 ,0.116 ,0.318 ,0.173 ,0.491 ,1.108 ,0.261 ,1.368 ,-3.488,1957.392,0,0.067227,1411
ZINC01341242_150,1C5T.pdb_1GJ6.pdb_1QBO.pdb,0.444 ,0.242 ,0.202 ,0.244 ,0.259 ,0.503 ,0.962 ,0.479 ,1.440 ,-5.174,1501.419,0,0.059633,1412
ZINC00783922_31,1C5T.pdb_1GJ6.pdb_1QBO.pdb,0.444 ,0.311 ,0.132 ,0.295 ,0.173 ,0.468 ,1.216 ,0.360 ,1.577 ,-3.450,1811.448,0,0.088372,1413
ZINC00587755_82,1C5T.pdb_1GJ6.pdb_1QBO.pdb,0.444 ,0.324 ,0.120 ,0.308 ,0.164 ,0.471 ,1.201 ,0.311 ,1.512 ,-3.270,1890.718,0,0.050420,1414
ZINC03969679_191,1C5T.pdb_1GJ6.pdb_1QBO.pdb,0.443 ,0.356 ,0.087 ,0.328 ,0.126 ,0.454 ,1.319 ,0.219 ,1.539 ,-2.521,2015.075,0,0.095890,1415
ZINC03923950_77,1C5T.pdb_1GJ6.pdb_1QBO.pdb,0.443 ,0.325 ,0.118 ,0.315 ,0.176 ,0.490 ,1.116 ,0.263 ,1.379 ,-3.538,1936.825,0,0.062241,1416
ZINC03840121_99,1C5T.pdb_1GJ6.pdb_1QBO.pdb,0.443 ,0.334 ,0.109 ,0.319 ,0.173 ,0.492 ,1.167 ,0.229 ,1.395 ,-3.496,1962.143,0,0.048780,1417
ZINC03799456_107,1C5T.pdb_1GJ6.pdb_1QBO.pdb,0.443 ,0.234 ,0.209 ,0.239 ,0.264 ,0.503 ,0.919 ,0.501 ,1.420 ,-5.277,1469.459,0,0.092166,1418
ZINC03532106_118,1C5T.pdb_1GJ6.pdb_1QBO.pdb,0.443 ,0.285 ,0.158 ,0.281 ,0.223 ,0.504 ,1.054 ,0.352 ,1.406 ,-4.479,1726.781,0,0.050459,1419
ZINC03401316_96,1C5T.pdb_1GJ6.pdb_1QBO.pdb,0.443 ,0.331 ,0.111 ,0.317 ,0.153 ,0.470 ,1.155 ,0.290 ,1.445 ,-3.053,1951.986,0,0.055556,1420
ZINC02661789_30,1C5T.pdb_1GJ6.pdb_1QBO.pdb,0.443 ,0.308 ,0.135 ,0.300 ,0.193 ,0.493 ,1.085 ,0.311 ,1.397 ,-3.874,1847.569,0,0.052632,1421
ZINC02022408_196,1C5T.pdb_1GJ6.pdb_1QBO.pdb,0.443 ,0.343 ,0.100 ,0.323 ,0.147 ,0.469 ,1.224 ,0.237 ,1.461 ,-2.950,1982.745,0,0.091304,1422
ZINC01124508_78,1C5T.pdb_1GJ6.pdb_1QBO.pdb,0.443 ,0.331 ,0.112 ,0.316 ,0.160 ,0.476 ,1.166 ,0.272 ,1.438 ,-3.204,1942.457,0,0.057522,1423
ZINC00787131_113,1C5T.pdb_1GJ6.pdb_1QBO.pdb,0.443 ,0.349 ,0.094 ,0.333 ,0.140 ,0.473 ,1.157 ,0.221 ,1.378 ,-2.816,2052.256,0,0.096330,1424
ZINC04191513_129,1C5T.pdb_1GJ6.pdb_1QBO.pdb,0.442 ,0.329 ,0.113 ,0.310 ,0.164 ,0.474 ,1.229 ,0.266 ,1.494 ,-3.303,1902.317,0,0.056277,1425
ZINC04151689_140,1C5T.pdb_1GJ6.pdb_1QBO.pdb,0.442 ,0.305 ,0.137 ,0.296 ,0.206 ,0.502 ,1.116 ,0.290 ,1.407 ,-4.160,1817.977,0,0.023529,1426
ZINC03933859_109,1C5T.pdb_1GJ6.pdb_1QBO.pdb,0.442 ,0.325 ,0.117 ,0.314 ,0.179 ,0.492 ,1.127 ,0.252 ,1.379 ,-3.611,1928.611,0,0.057778,1427
ZINC03840123_185,1C5T.pdb_1GJ6.pdb_1QBO.pdb,0.442 ,0.310 ,0.133 ,0.302 ,0.206 ,0.508 ,1.081 ,0.273 ,1.354 ,-4.166,1860.903,0,0.048583,1428
ZINC03821396_190,1C5T.pdb_1GJ6.pdb_1QBO.pdb,0.442 ,0.332 ,0.110 ,0.319 ,0.156 ,0.474 ,1.138 ,0.272 ,1.410 ,-3.122,1961.017,0,0.064655,1429
ZINC03817648_58,1C5T.pdb_1GJ6.pdb_1QBO.pdb,0.442 ,0.316 ,0.126 ,0.319 ,0.201 ,0.520 ,0.973 ,0.252 ,1.225 ,-4.085,1964.808,0,0.110132,1430
ZINC03810496_142,1C5T.pdb_1GJ6.pdb_1QBO.pdb,0.442 ,0.282 ,0.161 ,0.274 ,0.224 ,0.499 ,1.105 ,0.362 ,1.467 ,-4.508,1683.952,0,0.052174,1431
ZINC03426735_176,1C5T.pdb_1GJ6.pdb_1QBO.pdb,0.442 ,0.289 ,0.153 ,0.280 ,0.209 ,0.489 ,1.115 ,0.364 ,1.479 ,-4.183,1722.516,0,0.061404,1432
ZINC03368307_117,1C5T.pdb_1GJ6.pdb_1QBO.pdb,0.442 ,0.335 ,0.107 ,0.313 ,0.157 ,0.470 ,1.265 ,0.249 ,1.514 ,-3.166,1922.185,0,0.041860,1433
ZINC03358510_176,1C5T.pdb_1GJ6.pdb_1QBO.pdb,0.442 ,0.335 ,0.107 ,0.324 ,0.160 ,0.484 ,1.117 ,0.241 ,1.358 ,-3.231,1991.826,0,0.073913,1434
ZINC02445827_91,1C5T.pdb_1GJ6.pdb_1QBO.pdb,0.442 ,0.261 ,0.181 ,0.267 ,0.279 ,0.546 ,0.919 ,0.342 ,1.261 ,-5.659,1645.453,0,0.038298,1435
ZINC01547519_91,1C5T.pdb_1GJ6.pdb_1QBO.pdb,0.442 ,0.300 ,0.142 ,0.290 ,0.213 ,0.502 ,1.130 ,0.300 ,1.430 ,-4.300,1778.815,0,0.043478,1436
ZINC00902546_195,1C5T.pdb_1GJ6.pdb_1QBO.pdb,0.442 ,0.348 ,0.093 ,0.335 ,0.140 ,0.474 ,1.131 ,0.220 ,1.352 ,-2.808,2060.277,0,0.095023,1437
ZINC04415803_49,1C5T.pdb_1GJ6.pdb_1QBO.pdb,0.441 ,0.335 ,0.105 ,0.313 ,0.146 ,0.459 ,1.270 ,0.277 ,1.547 ,-2.912,1922.466,0,0.058559,1438
ZINC04083459_195,1C5T.pdb_1GJ6.pdb_1QBO.pdb,0.441 ,0.263 ,0.178 ,0.270 ,0.238 ,0.508 ,0.911 ,0.415 ,1.325 ,-4.761,1663.848,0,0.056034,1439
ZINC03961330_134,1C5T.pdb_1GJ6.pdb_1QBO.pdb,0.441 ,0.350 ,0.091 ,0.329 ,0.146 ,0.476 ,1.219 ,0.194 ,1.412 ,-2.960,2025.901,0,0.060870,1440
ZINC03937878_76,1C5T.pdb_1GJ6.pdb_1QBO.pdb,0.441 ,0.328 ,0.114 ,0.309 ,0.179 ,0.488 ,1.234 ,0.237 ,1.471 ,-3.623,1895.748,0,0.057377,1441
ZINC03874144_21,1C5T.pdb_1GJ6.pdb_1QBO.pdb,0.441 ,0.301 ,0.140 ,0.295 ,0.197 ,0.492 ,1.074 ,0.327 ,1.401 ,-3.961,1814.021,0,0.085586,1442
ZINC03817914_142,1C5T.pdb_1GJ6.pdb_1QBO.pdb,0.441 ,0.305 ,0.135 ,0.295 ,0.176 ,0.472 ,1.125 ,0.367 ,1.491 ,-3.515,1815.962,0,0.062500,1443
ZINC03816533_32,1C5T.pdb_1GJ6.pdb_1QBO.pdb,0.441 ,0.331 ,0.110 ,0.320 ,0.151 ,0.471 ,1.121 ,0.287 ,1.407 ,-3.016,1967.441,0,0.075556,1444
ZINC03769809_38,1C5T.pdb_1GJ6.pdb_1QBO.pdb,0.441 ,0.315 ,0.126 ,0.303 ,0.166 ,0.469 ,1.139 ,0.345 ,1.484 ,-3.305,1863.486,0,0.062222,1445
ZINC03606133_61,1C5T.pdb_1GJ6.pdb_1QBO.pdb,0.441 ,0.304 ,0.137 ,0.300 ,0.224 ,0.524 ,1.037 ,0.261 ,1.298 ,-4.561,1848.479,0,0.033195,1446
ZINC03594497_97,1C5T.pdb_1GJ6.pdb_1QBO.pdb,0.441 ,0.334 ,0.107 ,0.323 ,0.152 ,0.476 ,1.108 ,0.266 ,1.374 ,-3.050,1991.409,0,0.027027,1447
ZINC03558425_166,1C5T.pdb_1GJ6.pdb_1QBO.pdb,0.441 ,0.329 ,0.113 ,0.313 ,0.166 ,0.479 ,1.174 ,0.262 ,1.436 ,-3.330,1925.906,0,0.058036,1448
ZINC02940728_4,1C5T.pdb_1GJ6.pdb_1QBO.pdb,0.441 ,0.343 ,0.098 ,0.316 ,0.136 ,0.452 ,1.342 ,0.258 ,1.601 ,-2.720,1937.576,0,0.063927,1449
ZINC02877076_85,1C5T.pdb_1GJ6.pdb_1QBO.pdb,0.441 ,0.268 ,0.173 ,0.262 ,0.239 ,0.502 ,1.079 ,0.386 ,1.465 ,-4.804,1611.488,0,0.048458,1450
ZINC02877076_85,1C5T.pdb_1GJ6.pdb_1QBO.pdb,0.441 ,0.268 ,0.173 ,0.262 ,0.239 ,0.502 ,1.079 ,0.386 ,1.465 ,-4.804,1611.488,0,0.048458,1451
ZINC02229083_39,1C5T.pdb_1GJ6.pdb_1QBO.pdb,0.441 ,0.317 ,0.123 ,0.310 ,0.178 ,0.488 ,1.076 ,0.287 ,1.364 ,-3.575,1909.525,0,0.029412,1452
ZINC00970331_0,1C5T.pdb_1GJ6.pdb_1QBO.pdb,0.441 ,0.311 ,0.130 ,0.303 ,0.195 ,0.499 ,1.083 ,0.282 ,1.365 ,-3.944,1866.028,0,0.044643,1453
ZINC00718797_75,1C5T.pdb_1GJ6.pdb_1QBO.pdb,0.441 ,0.294 ,0.146 ,0.291 ,0.210 ,0.501 ,1.042 ,0.324 ,1.366 ,-4.229,1790.144,0,0.077626,1454
ZINC03987230_171,1C5T.pdb_1GJ6.pdb_1QBO.pdb,0.440 ,0.312 ,0.128 ,0.303 ,0.184 ,0.487 ,1.096 ,0.296 ,1.393 ,-3.688,1866.444,0,0.047826,1455
ZINC03970380_181,1C5T.pdb_1GJ6.pdb_1QBO.pdb,0.440 ,0.281 ,0.159 ,0.279 ,0.224 ,0.503 ,1.028 ,0.354 ,1.382 ,-4.503,1713.763,0,0.095455,1456
ZINC02646948_76,1C5T.pdb_1GJ6.pdb_1QBO.pdb,0.440 ,0.327 ,0.114 ,0.304 ,0.156 ,0.459 ,1.300 ,0.296 ,1.596 ,-3.112,1863.815,0,0.055814,1457
ZINC02618782_20,1C5T.pdb_1GJ6.pdb_1QBO.pdb,0.440 ,0.347 ,0.093 ,0.328 ,0.134 ,0.462 ,1.196 ,0.234 ,1.430 ,-2.686,2019.102,0,0.103139,1458
ZINC02618307_159,1C5T.pdb_1GJ6.pdb_1QBO.pdb,0.440 ,0.351 ,0.089 ,0.327 ,0.125 ,0.452 ,1.263 ,0.238 ,1.500 ,-2.503,2009.314,0,0.093458,1459
ZINC02297647_194,1C5T.pdb_1GJ6.pdb_1QBO.pdb,0.440 ,0.330 ,0.110 ,0.325 ,0.171 ,0.496 ,1.054 ,0.236 ,1.290 ,-3.457,1999.555,0,0.094170,1460
ZINC02203888_56,1C5T.pdb_1GJ6.pdb_1QBO.pdb,0.440 ,0.328 ,0.112 ,0.323 ,0.163 ,0.485 ,1.055 ,0.263 ,1.319 ,-3.274,1986.966,0,0.069565,1461
ZINC02132535_153,1C5T.pdb_1GJ6.pdb_1QBO.pdb,0.440 ,0.302 ,0.138 ,0.289 ,0.193 ,0.482 ,1.173 ,0.330 ,1.502 ,-3.862,1774.352,0,0.054545,1462
ZINC02065595_159,1C5T.pdb_1GJ6.pdb_1QBO.pdb,0.440 ,0.323 ,0.117 ,0.300 ,0.160 ,0.460 ,1.300 ,0.303 ,1.603 ,-3.196,1842.621,0,0.059633,1463
ZINC00697677_82,1C5T.pdb_1GJ6.pdb_1QBO.pdb,0.440 ,0.312 ,0.128 ,0.302 ,0.184 ,0.486 ,1.112 ,0.297 ,1.409 ,-3.689,1858.457,0,0.058559,1464
ZINC04355470_61,1C5T.pdb_1GJ6.pdb_1QBO.pdb,0.439 ,0.296 ,0.143 ,0.286 ,0.191 ,0.476 ,1.143 ,0.362 ,1.504 ,-3.810,1754.790,0,0.067873,1465
ZINC04093076_183,1C5T.pdb_1GJ6.pdb_1QBO.pdb,0.439 ,0.322 ,0.118 ,0.314 ,0.180 ,0.494 ,1.083 ,0.254 ,1.337 ,-3.637,1931.652,0,0.073593,1466
ZINC03969853_33,1C5T.pdb_1GJ6.pdb_1QBO.pdb,0.439 ,0.321 ,0.118 ,0.306 ,0.166 ,0.471 ,1.186 ,0.289 ,1.476 ,-3.323,1878.157,0,0.046414,1467
ZINC03801144_47,1C5T.pdb_1GJ6.pdb_1QBO.pdb,0.439 ,0.303 ,0.136 ,0.295 ,0.183 ,0.478 ,1.102 ,0.347 ,1.450 ,-3.654,1812.498,0,0.037344,1468
ZINC03418288_16,1C5T.pdb_1GJ6.pdb_1QBO.pdb,0.439 ,0.296 ,0.143 ,0.286 ,0.191 ,0.477 ,1.135 ,0.363 ,1.498 ,-3.827,1756.984,0,0.060606,1469
ZINC02616929_149,1C5T.pdb_1GJ6.pdb_1QBO.pdb,0.439 ,0.328 ,0.111 ,0.313 ,0.154 ,0.468 ,1.166 ,0.286 ,1.452 ,-3.088,1925.904,0,0.080569,1470
ZINC02366906_32,1C5T.pdb_1GJ6.pdb_1QBO.pdb,0.439 ,0.325 ,0.113 ,0.318 ,0.175 ,0.493 ,1.079 ,0.242 ,1.321 ,-3.545,1956.154,0,0.105991,1471
ZINC04634152_122,1C5T.pdb_1GJ6.pdb_1QBO.pdb,0.438 ,0.287 ,0.151 ,0.274 ,0.207 ,0.481 ,1.190 ,0.361 ,1.551 ,-4.143,1681.542,0,0.058296,1472
ZINC04521980_48,1C5T.pdb_1GJ6.pdb_1QBO.pdb,0.438 ,0.320 ,0.118 ,0.307 ,0.166 ,0.473 ,1.148 ,0.290 ,1.438 ,-3.335,1887.404,0,0.056769,1473
ZINC04334201_155,1C5T.pdb_1GJ6.pdb_1QBO.pdb,0.438 ,0.326 ,0.112 ,0.310 ,0.158 ,0.468 ,1.190 ,0.275 ,1.465 ,-3.164,1907.027,0,0.055556,1474
ZINC03966572_53,1C5T.pdb_1GJ6.pdb_1QBO.pdb,0.438 ,0.360 ,0.078 ,0.350 ,0.120 ,0.470 ,1.088 ,0.180 ,1.269 ,-2.412,2156.894,0,0.054902,1475
ZINC03820584_105,1C5T.pdb_1GJ6.pdb_1QBO.pdb,0.438 ,0.303 ,0.135 ,0.290 ,0.176 ,0.466 ,1.181 ,0.366 ,1.546 ,-3.505,1779.463,0,0.076577,1476
ZINC03818607_157,1C5T.pdb_1GJ6.pdb_1QBO.pdb,0.438 ,0.281 ,0.157 ,0.280 ,0.214 ,0.494 ,1.010 ,0.373 ,1.383 ,-4.281,1725.208,0,0.082969,1477
ZINC03796512_7,1C5T.pdb_1GJ6.pdb_1QBO.pdb,0.438 ,0.352 ,0.086 ,0.332 ,0.121 ,0.452 ,1.207 ,0.229 ,1.437 ,-2.413,2040.184,0,0.111607,1478
ZINC03346847_163,1C5T.pdb_1GJ6.pdb_1QBO.pdb,0.438 ,0.331 ,0.107 ,0.319 ,0.154 ,0.473 ,1.129 ,0.262 ,1.391 ,-3.087,1960.933,0,0.069767,1479
ZINC02349468_58,1C5T.pdb_1GJ6.pdb_1QBO.pdb,0.438 ,0.326 ,0.112 ,0.315 ,0.183 ,0.498 ,1.116 ,0.224 ,1.341 ,-3.719,1940.133,0,0.043860,1480
ZINC00902544_170,1C5T.pdb_1GJ6.pdb_1QBO.pdb,0.438 ,0.357 ,0.080 ,0.341 ,0.125 ,0.466 ,1.153 ,0.184 ,1.337 ,-2.518,2099.363,0,0.095890,1481
ZINC00883537_86,1C5T.pdb_1GJ6.pdb_1QBO.pdb,0.438 ,0.321 ,0.117 ,0.312 ,0.165 ,0.476 ,1.107 ,0.287 ,1.394 ,-3.297,1917.695,0,0.080357,1482
ZINC03992723_91,1C5T.pdb_1GJ6.pdb_1QBO.pdb,0.437 ,0.322 ,0.115 ,0.311 ,0.172 ,0.483 ,1.118 ,0.258 ,1.376 ,-3.462,1914.089,0,0.048458,1483
ZINC03954872_144,1C5T.pdb_1GJ6.pdb_1QBO.pdb,0.437 ,0.306 ,0.131 ,0.309 ,0.198 ,0.507 ,0.975 ,0.279 ,1.255 ,-4.007,1902.438,0,0.089796,1484
ZINC03820967_193,1C5T.pdb_1GJ6.pdb_1QBO.pdb,0.437 ,0.315 ,0.122 ,0.311 ,0.176 ,0.487 ,1.046 ,0.284 ,1.330 ,-3.533,1913.565,0,0.112108,1485
ZINC03588045_52,1C5T.pdb_1GJ6.pdb_1QBO.pdb,0.437 ,0.338 ,0.099 ,0.310 ,0.137 ,0.447 ,1.364 ,0.260 ,1.625 ,-2.739,1903.759,0,0.063927,1486
ZINC03480987_133,1C5T.pdb_1GJ6.pdb_1QBO.pdb,0.437 ,0.311 ,0.126 ,0.303 ,0.171 ,0.474 ,1.090 ,0.324 ,1.415 ,-3.416,1864.100,0,0.106667,1487
ZINC03429432_178,1C5T.pdb_1GJ6.pdb_1QBO.pdb,0.437 ,0.318 ,0.119 ,0.301 ,0.167 ,0.468 ,1.211 ,0.291 ,1.502 ,-3.346,1851.558,0,0.061404,1488
ZINC03408530_53,1C5T.pdb_1GJ6.pdb_1QBO.pdb,0.437 ,0.293 ,0.144 ,0.289 ,0.198 ,0.487 ,1.046 ,0.346 ,1.392 ,-3.977,1777.102,0,0.076577,1489
ZINC03365898_26,1C5T.pdb_1GJ6.pdb_1QBO.pdb,0.437 ,0.326 ,0.112 ,0.314 ,0.167 ,0.481 ,1.128 ,0.251 ,1.379 ,-3.365,1931.498,0,0.071749,1490
ZINC02929148_89,1C5T.pdb_1GJ6.pdb_1QBO.pdb,0.437 ,0.338 ,0.099 ,0.328 ,0.149 ,0.478 ,1.097 ,0.225 ,1.321 ,-3.011,2022.899,0,0.075630,1491
ZINC02928668_125,1C5T.pdb_1GJ6.pdb_1QBO.pdb,0.437 ,0.338 ,0.099 ,0.327 ,0.150 ,0.477 ,1.113 ,0.225 ,1.339 ,-3.022,2013.526,0,0.075949,1492
ZINC02325490_63,1C5T.pdb_1GJ6.pdb_1QBO.pdb,0.437 ,0.316 ,0.121 ,0.316 ,0.196 ,0.511 ,1.000 ,0.240 ,1.240 ,-3.972,1945.576,0,0.097778,1493
ZINC02309725_162,1C5T.pdb_1GJ6.pdb_1QBO.pdb,0.437 ,0.292 ,0.145 ,0.290 ,0.199 ,0.489 ,1.033 ,0.348 ,1.380 ,-3.991,1782.160,0,0.061947,1494
ZINC02295206_48,1C5T.pdb_1GJ6.pdb_1QBO.pdb,0.437 ,0.360 ,0.078 ,0.339 ,0.121 ,0.461 ,1.197 ,0.178 ,1.376 ,-2.442,2088.373,0,0.096774,1495
ZINC02285344_13,1C5T.pdb_1GJ6.pdb_1QBO.pdb,0.437 ,0.339 ,0.098 ,0.328 ,0.149 ,0.477 ,1.116 ,0.220 ,1.336 ,-3.005,2017.986,0,0.091304,1496
ZINC02006373_168,1C5T.pdb_1GJ6.pdb_1QBO.pdb,0.437 ,0.336 ,0.101 ,0.325 ,0.156 ,0.481 ,1.120 ,0.220 ,1.340 ,-3.160,1998.353,0,0.112613,1497
ZINC04375303_126,1C5T.pdb_1GJ6.pdb_1QBO.pdb,0.436 ,0.291 ,0.145 ,0.291 ,0.216 ,0.507 ,1.010 ,0.305 ,1.315 ,-4.369,1788.341,0,0.072961,1498
ZINC04128141_152,1C5T.pdb_1GJ6.pdb_1QBO.pdb,0.436 ,0.290 ,0.146 ,0.279 ,0.207 ,0.485 ,1.158 ,0.334 ,1.492 ,-4.150,1711.344,0,0.059633,1499
ZINC03975545_156,1C5T.pdb_1GJ6.pdb_1QBO.pdb,0.436 ,0.271 ,0.166 ,0.269 ,0.256 ,0.524 ,1.029 ,0.320 ,1.348 ,-5.189,1650.445,0,0.072034,1500
ZINC03802915_184,1C5T.pdb_1GJ6.pdb_1QBO.pdb,0.436 ,0.247 ,0.189 ,0.257 ,0.258 ,0.515 ,0.861 ,0.416 ,1.277 ,-5.175,1584.856,0,0.168182,1501
ZINC03790144_192,1C5T.pdb_1GJ6.pdb_1QBO.pdb,0.436 ,0.339 ,0.097 ,0.327 ,0.155 ,0.482 ,1.123 ,0.205 ,1.329 ,-3.138,2010.287,0,0.059322,1502
ZINC03633118_80,1C5T.pdb_1GJ6.pdb_1QBO.pdb,0.436 ,0.320 ,0.116 ,0.311 ,0.199 ,0.510 ,1.089 ,0.219 ,1.309 ,-4.055,1916.285,0,0.034188,1503
ZINC03493448_125,1C5T.pdb_1GJ6.pdb_1QBO.pdb,0.436 ,0.307 ,0.129 ,0.302 ,0.180 ,0.482 ,1.058 ,0.314 ,1.372 ,-3.609,1856.532,0,0.086580,1504
ZINC03303314_35,1C5T.pdb_1GJ6.pdb_1QBO.pdb,0.436 ,0.292 ,0.145 ,0.278 ,0.193 ,0.471 ,1.195 ,0.366 ,1.561 ,-3.856,1707.889,0,0.076923,1505
ZINC02987967_46,1C5T.pdb_1GJ6.pdb_1QBO.pdb,0.436 ,0.309 ,0.126 ,0.297 ,0.166 ,0.463 ,1.146 ,0.346 ,1.492 ,-3.311,1828.080,0,0.062500,1506
ZINC01909876_98,1C5T.pdb_1GJ6.pdb_1QBO.pdb,0.436 ,0.306 ,0.130 ,0.294 ,0.193 ,0.487 ,1.160 ,0.285 ,1.445 ,-3.896,1803.313,0,0.021930,1507
ZINC01750301_92,1C5T.pdb_1GJ6.pdb_1QBO.pdb,0.436 ,0.300 ,0.136 ,0.290 ,0.189 ,0.479 ,1.121 ,0.329 ,1.450 ,-3.782,1783.547,0,0.064516,1508
ZINC04236637_178,1C5T.pdb_1GJ6.pdb_1QBO.pdb,0.435 ,0.292 ,0.143 ,0.295 ,0.214 ,0.510 ,0.965 ,0.302 ,1.267 ,-4.331,1817.922,0,0.034749,1509
ZINC04016693_18,1C5T.pdb_1GJ6.pdb_1QBO.pdb,0.435 ,0.331 ,0.104 ,0.332 ,0.169 ,0.501 ,0.988 ,0.211 ,1.199 ,-3.432,2050.527,0,0.086614,1510
ZINC03987226_171,1C5T.pdb_1GJ6.pdb_1QBO.pdb,0.435 ,0.319 ,0.116 ,0.309 ,0.168 ,0.477 ,1.117 ,0.272 ,1.389 ,-3.386,1899.959,0,0.047826,1511
ZINC03951910_42,1C5T.pdb_1GJ6.pdb_1QBO.pdb,0.435 ,0.297 ,0.138 ,0.289 ,0.218 ,0.507 ,1.104 ,0.272 ,1.375 ,-4.418,1777.235,0,0.083700,1512
ZINC03930259_22,1C5T.pdb_1GJ6.pdb_1QBO.pdb,0.435 ,0.287 ,0.149 ,0.284 ,0.221 ,0.505 ,1.031 ,0.311 ,1.342 ,-4.468,1747.135,0,0.086207,1513
ZINC03867080_88,1C5T.pdb_1GJ6.pdb_1QBO.pdb,0.435 ,0.338 ,0.097 ,0.319 ,0.139 ,0.458 ,1.212 ,0.243 ,1.455 ,-2.784,1960.106,0,0.061674,1514
ZINC03838487_155,1C5T.pdb_1GJ6.pdb_1QBO.pdb,0.435 ,0.333 ,0.103 ,0.317 ,0.159 ,0.476 ,1.178 ,0.224 ,1.402 ,-3.216,1947.215,0,0.040000,1515
ZINC03820759_91,1C5T.pdb_1GJ6.pdb_1QBO.pdb,0.435 ,0.327 ,0.108 ,0.317 ,0.175 ,0.493 ,1.106 ,0.219 ,1.325 ,-3.559,1952.895,0,0.055794,1516
ZINC03820759_91,1C5T.pdb_1GJ6.pdb_1QBO.pdb,0.435 ,0.327 ,0.108 ,0.317 ,0.175 ,0.493 ,1.106 ,0.219 ,1.325 ,-3.559,1952.895,0,0.055794,1517
ZINC03457574_86,1C5T.pdb_1GJ6.pdb_1QBO.pdb,0.435 ,0.337 ,0.098 ,0.317 ,0.141 ,0.458 ,1.221 ,0.246 ,1.466 ,-2.823,1950.954,0,0.069264,1518
ZINC02299908_53,1C5T.pdb_1GJ6.pdb_1QBO.pdb,0.435 ,0.342 ,0.093 ,0.333 ,0.140 ,0.473 ,1.082 ,0.221 ,1.303 ,-2.808,2052.524,0,0.104072,1519
ZINC04257394_118,1C5T.pdb_1GJ6.pdb_1QBO.pdb,0.434 ,0.303 ,0.131 ,0.290 ,0.182 ,0.472 ,1.181 ,0.318 ,1.499 ,-3.652,1779.872,0,0.075117,1520
ZINC03480981_112,1C5T.pdb_1GJ6.pdb_1QBO.pdb,0.434 ,0.329 ,0.105 ,0.320 ,0.154 ,0.474 ,1.094 ,0.249 ,1.343 ,-3.101,1967.437,0,0.097345,1521
ZINC03055699_153,1C5T.pdb_1GJ6.pdb_1QBO.pdb,0.434 ,0.339 ,0.095 ,0.320 ,0.136 ,0.456 ,1.208 ,0.238 ,1.446 ,-2.732,1967.240,0,0.092166,1522
ZINC02660391_106,1C5T.pdb_1GJ6.pdb_1QBO.pdb,0.434 ,0.329 ,0.106 ,0.315 ,0.155 ,0.469 ,1.161 ,0.250 ,1.410 ,-3.109,1934.109,0,0.067265,1523
ZINC00624134_102,1C5T.pdb_1GJ6.pdb_1QBO.pdb,0.434 ,0.322 ,0.112 ,0.307 ,0.158 ,0.465 ,1.180 ,0.276 ,1.456 ,-3.173,1887.032,0,0.069124,1524
ZINC04627362_16,1C5T.pdb_1GJ6.pdb_1QBO.pdb,0.433 ,0.292 ,0.141 ,0.289 ,0.217 ,0.506 ,1.035 ,0.287 ,1.322 ,-4.386,1780.087,0,0.095652,1525
ZINC03924333_39,1C5T.pdb_1GJ6.pdb_1QBO.pdb,0.433 ,0.323 ,0.110 ,0.317 ,0.170 ,0.487 ,1.064 ,0.239 ,1.303 ,-3.431,1952.147,0,0.112108,1526
ZINC03867339_22,1C5T.pdb_1GJ6.pdb_1QBO.pdb,0.433 ,0.335 ,0.099 ,0.325 ,0.150 ,0.475 ,1.098 ,0.225 ,1.323 ,-3.017,2000.931,0,0.047619,1527
ZINC03820402_35,1C5T.pdb_1GJ6.pdb_1QBO.pdb,0.433 ,0.347 ,0.085 ,0.323 ,0.120 ,0.443 ,1.272 ,0.228 ,1.500 ,-2.397,1986.706,0,0.063063,1528
ZINC03522035_194,1C5T.pdb_1GJ6.pdb_1QBO.pdb,0.433 ,0.284 ,0.149 ,0.279 ,0.198 ,0.477 ,1.065 ,0.375 ,1.440 ,-3.955,1714.980,0,0.073276,1529
ZINC03405581_65,1C5T.pdb_1GJ6.pdb_1QBO.pdb,0.433 ,0.339 ,0.094 ,0.317 ,0.131 ,0.448 ,1.251 ,0.249 ,1.500 ,-2.621,1949.233,0,0.064655,1530
ZINC02654240_157,1C5T.pdb_1GJ6.pdb_1QBO.pdb,0.433 ,0.289 ,0.144 ,0.288 ,0.192 ,0.480 ,1.013 ,0.365 ,1.377 ,-3.838,1770.716,0,0.105505,1531
ZINC02300758_56,1C5T.pdb_1GJ6.pdb_1QBO.pdb,0.433 ,0.332 ,0.101 ,0.329 ,0.167 ,0.496 ,1.024 ,0.205 ,1.229 ,-3.395,2030.364,0,0.097345,1532
ZINC01909882_23,1C5T.pdb_1GJ6.pdb_1QBO.pdb,0.433 ,0.304 ,0.130 ,0.292 ,0.193 ,0.485 ,1.152 ,0.284 ,1.436 ,-3.890,1793.026,0,0.021930,1533
ZINC01894248_112,1C5T.pdb_1GJ6.pdb_1QBO.pdb,0.433 ,0.322 ,0.110 ,0.302 ,0.170 ,0.472 ,1.258 ,0.239 ,1.497 ,-3.427,1856.052,0,0.077626,1534
ZINC00973903_63,1C5T.pdb_1GJ6.pdb_1QBO.pdb,0.433 ,0.371 ,0.061 ,0.344 ,0.100 ,0.445 ,1.272 ,0.136 ,1.407 ,-2.031,2115.669,0,0.053097,1535
ZINC00902540_50,1C5T.pdb_1GJ6.pdb_1QBO.pdb,0.433 ,0.355 ,0.078 ,0.338 ,0.121 ,0.459 ,1.167 ,0.178 ,1.346 ,-2.442,2080.824,0,0.096330,1536
ZINC03834117_124,1C5T.pdb_1GJ6.pdb_1QBO.pdb,0.433 ,0.325 ,0.108 ,0.319 ,0.162 ,0.481 ,1.070 ,0.244 ,1.313 ,-3.264,1961.878,1,0.147186,1537
ZINC04034843_185,1C5T.pdb_1GJ6.pdb_1QBO.pdb,0.432 ,0.353 ,0.079 ,0.335 ,0.119 ,0.453 ,1.184 ,0.191 ,1.375 ,-2.382,2059.249,0,0.080357,1538
ZINC03973004_150,1C5T.pdb_1GJ6.pdb_1QBO.pdb,0.432 ,0.281 ,0.151 ,0.276 ,0.224 ,0.500 ,1.079 ,0.316 ,1.395 ,-4.532,1692.670,0,0.080357,1539
ZINC03820586_152,1C5T.pdb_1GJ6.pdb_1QBO.pdb,0.432 ,0.319 ,0.113 ,0.299 ,0.151 ,0.449 ,1.266 ,0.314 ,1.580 ,-3.009,1832.372,0,0.062500,1540
ZINC03493446_12,1C5T.pdb_1GJ6.pdb_1QBO.pdb,0.432 ,0.331 ,0.102 ,0.320 ,0.145 ,0.464 ,1.120 ,0.253 ,1.373 ,-2.906,1966.132,0,0.086207,1541
ZINC03457571_34,1C5T.pdb_1GJ6.pdb_1QBO.pdb,0.432 ,0.340 ,0.092 ,0.318 ,0.133 ,0.451 ,1.256 ,0.232 ,1.488 ,-2.667,1953.251,0,0.066964,1542
ZINC02561004_50,1C5T.pdb_1GJ6.pdb_1QBO.pdb,0.432 ,0.279 ,0.153 ,0.268 ,0.214 ,0.482 ,1.177 ,0.346 ,1.523 ,-4.309,1642.614,0,0.091324,1543
ZINC02292197_55,1C5T.pdb_1GJ6.pdb_1QBO.pdb,0.432 ,0.322 ,0.110 ,0.317 ,0.175 ,0.492 ,1.050 ,0.227 ,1.277 ,-3.546,1951.730,0,0.100457,1544
ZINC01885948_193,1C5T.pdb_1GJ6.pdb_1QBO.pdb,0.432 ,0.285 ,0.147 ,0.280 ,0.221 ,0.500 ,1.078 ,0.305 ,1.383 ,-4.458,1718.370,0,0.045249,1545
ZINC01076218_84,1C5T.pdb_1GJ6.pdb_1QBO.pdb,0.432 ,0.260 ,0.172 ,0.261 ,0.232 ,0.494 ,0.989 ,0.396 ,1.385 ,-4.662,1605.324,0,0.044843,1546
ZINC03987020_161,1C5T.pdb_1GJ6.pdb_1QBO.pdb,0.431 ,0.356 ,0.076 ,0.336 ,0.117 ,0.453 ,1.195 ,0.176 ,1.372 ,-2.361,2067.058,0,0.043478,1547
ZINC03977487_11,1C5T.pdb_1GJ6.pdb_1QBO.pdb,0.431 ,0.282 ,0.150 ,0.276 ,0.217 ,0.492 ,1.084 ,0.326 ,1.410 ,-4.362,1694.831,0,0.067568,1548
ZINC03796506_6,1C5T.pdb_1GJ6.pdb_1QBO.pdb,0.431 ,0.349 ,0.083 ,0.330 ,0.120 ,0.451 ,1.188 ,0.210 ,1.399 ,-2.415,2031.590,0,0.095238,1549
ZINC03480984_179,1C5T.pdb_1GJ6.pdb_1QBO.pdb,0.431 ,0.321 ,0.111 ,0.310 ,0.152 ,0.462 ,1.116 ,0.289 ,1.405 ,-3.043,1908.268,0,0.106195,1550
ZINC02829269_188,1C5T.pdb_1GJ6.pdb_1QBO.pdb,0.431 ,0.287 ,0.144 ,0.280 ,0.198 ,0.478 ,1.096 ,0.345 ,1.441 ,-3.963,1720.767,0,0.086758,1551
ZINC04383678_89,1C5T.pdb_1GJ6.pdb_1QBO.pdb,0.430 ,0.297 ,0.133 ,0.292 ,0.201 ,0.493 ,1.051 ,0.283 ,1.334 ,-4.055,1799.280,0,0.089744,1552
ZINC04161213_162,1C5T.pdb_1GJ6.pdb_1QBO.pdb,0.430 ,0.315 ,0.115 ,0.300 ,0.172 ,0.471 ,1.191 ,0.258 ,1.450 ,-3.458,1839.971,0,0.052863,1553
ZINC03923917_53,1C5T.pdb_1GJ6.pdb_1QBO.pdb,0.430 ,0.347 ,0.082 ,0.336 ,0.119 ,0.455 ,1.109 ,0.208 ,1.318 ,-2.393,2069.516,0,0.099099,1554
ZINC03840237_188,1C5T.pdb_1GJ6.pdb_1QBO.pdb,0.430 ,0.317 ,0.113 ,0.307 ,0.178 ,0.485 ,1.113 ,0.236 ,1.350 ,-3.612,1888.312,0,0.062241,1555
ZINC03818609_74,1C5T.pdb_1GJ6.pdb_1QBO.pdb,0.430 ,0.297 ,0.133 ,0.294 ,0.185 ,0.479 ,1.038 ,0.323 ,1.361 ,-3.708,1808.525,0,0.082251,1556
ZINC03818002_56,1C5T.pdb_1GJ6.pdb_1QBO.pdb,0.430 ,0.302 ,0.129 ,0.298 ,0.185 ,0.482 ,1.045 ,0.298 ,1.343 ,-3.708,1832.840,0,0.076596,1557
ZINC02651203_140,1C5T.pdb_1GJ6.pdb_1QBO.pdb,0.430 ,0.291 ,0.139 ,0.280 ,0.192 ,0.472 ,1.152 ,0.335 ,1.487 ,-3.853,1719.017,0,0.069444,1558
ZINC02345452_66,1C5T.pdb_1GJ6.pdb_1QBO.pdb,0.430 ,0.274 ,0.156 ,0.279 ,0.237 ,0.515 ,0.947 ,0.313 ,1.261 ,-4.793,1716.145,0,0.092920,1559
ZINC02345452_38,1C5T.pdb_1GJ6.pdb_1QBO.pdb,0.430 ,0.266 ,0.164 ,0.272 ,0.248 ,0.519 ,0.924 ,0.327 ,1.252 ,-5.012,1674.120,0,0.102679,1560
ZINC02007110_179,1C5T.pdb_1GJ6.pdb_1QBO.pdb,0.430 ,0.319 ,0.111 ,0.308 ,0.171 ,0.478 ,1.133 ,0.241 ,1.374 ,-3.451,1891.358,0,0.098214,1561
ZINC00662544_91,1C5T.pdb_1GJ6.pdb_1QBO.pdb,0.430 ,0.334 ,0.096 ,0.312 ,0.146 ,0.457 ,1.278 ,0.219 ,1.498 ,-2.933,1914.292,0,0.060185,1562
ZINC04080451_96,1C5T.pdb_1GJ6.pdb_1QBO.pdb,0.429 ,0.305 ,0.124 ,0.301 ,0.194 ,0.496 ,1.038 ,0.257 ,1.295 ,-3.934,1854.037,0,0.050209,1563
ZINC03408854_158,1C5T.pdb_1GJ6.pdb_1QBO.pdb,0.429 ,0.319 ,0.110 ,0.304 ,0.151 ,0.455 ,1.193 ,0.287 ,1.480 ,-3.026,1864.620,0,0.059908,1564
ZINC02560933_15,1C5T.pdb_1GJ6.pdb_1QBO.pdb,0.429 ,0.278 ,0.151 ,0.268 ,0.212 ,0.481 ,1.147 ,0.342 ,1.490 ,-4.263,1647.448,0,0.088496,1565
ZINC02238941_48,1C5T.pdb_1GJ6.pdb_1QBO.pdb,0.429 ,0.312 ,0.118 ,0.309 ,0.167 ,0.476 ,1.033 ,0.284 ,1.318 ,-3.351,1901.419,0,0.138095,1566
ZINC01549329_69,1C5T.pdb_1GJ6.pdb_1QBO.pdb,0.429 ,0.309 ,0.120 ,0.309 ,0.185 ,0.494 ,1.000 ,0.256 ,1.256 ,-3.739,1900.689,0,0.045455,1567
ZINC01117954_94,1C5T.pdb_1GJ6.pdb_1QBO.pdb,0.429 ,0.279 ,0.150 ,0.276 ,0.205 ,0.481 ,1.041 ,0.358 ,1.399 ,-4.113,1698.167,0,0.082949,1568
ZINC03992746_63,1C5T.pdb_1GJ6.pdb_1QBO.pdb,0.428 ,0.317 ,0.111 ,0.311 ,0.171 ,0.482 ,1.064 ,0.241 ,1.306 ,-3.462,1913.596,0,0.052174,1569
ZINC03577109_155,1C5T.pdb_1GJ6.pdb_1QBO.pdb,0.428 ,0.322 ,0.106 ,0.304 ,0.147 ,0.452 ,1.218 ,0.273 ,1.490 ,-2.948,1868.986,0,0.074074,1570
ZINC03235139_198,1C5T.pdb_1GJ6.pdb_1QBO.pdb,0.428 ,0.292 ,0.136 ,0.286 ,0.188 ,0.474 ,1.077 ,0.329 ,1.405 ,-3.771,1756.722,0,0.088785,1571
ZINC02003637_186,1C5T.pdb_1GJ6.pdb_1QBO.pdb,0.428 ,0.327 ,0.102 ,0.310 ,0.149 ,0.460 ,1.190 ,0.241 ,1.431 ,-3.000,1907.404,0,0.085202,1572
ZINC03855207_83,1C5T.pdb_1GJ6.pdb_1QBO.pdb,0.427 ,0.272 ,0.155 ,0.264 ,0.224 ,0.488 ,1.121 ,0.337 ,1.458 ,-4.508,1619.581,0,0.063927,1573
ZINC03822958_193,1C5T.pdb_1GJ6.pdb_1QBO.pdb,0.427 ,0.310 ,0.117 ,0.295 ,0.174 ,0.469 ,1.192 ,0.262 ,1.453 ,-3.502,1814.532,0,0.093750,1574
ZINC03817495_87,1C5T.pdb_1GJ6.pdb_1QBO.pdb,0.427 ,0.322 ,0.104 ,0.310 ,0.144 ,0.455 ,1.134 ,0.274 ,1.407 ,-2.883,1909.101,0,0.071111,1575
ZINC03801144_161,1C5T.pdb_1GJ6.pdb_1QBO.pdb,0.427 ,0.293 ,0.134 ,0.287 ,0.180 ,0.467 ,1.074 ,0.342 ,1.416 ,-3.600,1765.174,0,0.036290,1576
ZINC03406067_136,1C5T.pdb_1GJ6.pdb_1QBO.pdb,0.427 ,0.337 ,0.090 ,0.314 ,0.135 ,0.449 ,1.272 ,0.214 ,1.486 ,-2.716,1927.886,0,0.056075,1577
ZINC02928057_167,1C5T.pdb_1GJ6.pdb_1QBO.pdb,0.427 ,0.353 ,0.075 ,0.335 ,0.116 ,0.451 ,1.172 ,0.173 ,1.346 ,-2.328,2064.636,0,0.093333,1578
ZINC02877078_96,1C5T.pdb_1GJ6.pdb_1QBO.pdb,0.427 ,0.262 ,0.165 ,0.258 ,0.230 ,0.487 ,1.062 ,0.371 ,1.432 ,-4.612,1583.314,0,0.048673,1579
ZINC02877078_96,1C5T.pdb_1GJ6.pdb_1QBO.pdb,0.427 ,0.262 ,0.165 ,0.258 ,0.230 ,0.487 ,1.062 ,0.371 ,1.432 ,-4.612,1583.314,0,0.048673,1580
ZINC02645279_187,1C5T.pdb_1GJ6.pdb_1QBO.pdb,0.427 ,0.325 ,0.102 ,0.304 ,0.141 ,0.445 ,1.262 ,0.267 ,1.529 ,-2.813,1869.138,0,0.063636,1581
ZINC00794277_133,1C5T.pdb_1GJ6.pdb_1QBO.pdb,0.427 ,0.316 ,0.111 ,0.301 ,0.153 ,0.454 ,1.184 ,0.290 ,1.474 ,-3.057,1850.158,0,0.068493,1582
ZINC00624132_157,1C5T.pdb_1GJ6.pdb_1QBO.pdb,0.427 ,0.303 ,0.124 ,0.291 ,0.174 ,0.465 ,1.154 ,0.303 ,1.457 ,-3.478,1789.866,0,0.054299,1583
ZINC04161179_128,1C5T.pdb_1GJ6.pdb_1QBO.pdb,0.426 ,0.310 ,0.116 ,0.292 ,0.169 ,0.461 ,1.245 ,0.273 ,1.518 ,-3.391,1791.753,0,0.050228,1584
ZINC03891142_141,1C5T.pdb_1GJ6.pdb_1QBO.pdb,0.426 ,0.329 ,0.097 ,0.317 ,0.164 ,0.481 ,1.132 ,0.191 ,1.323 ,-3.346,1951.120,0,0.029787,1585
ZINC03823293_94,1C5T.pdb_1GJ6.pdb_1QBO.pdb,0.426 ,0.293 ,0.133 ,0.284 ,0.173 ,0.458 ,1.122 ,0.361 ,1.483 ,-3.455,1746.583,0,0.046218,1586
ZINC03781183_25,1C5T.pdb_1GJ6.pdb_1QBO.pdb,0.426 ,0.323 ,0.103 ,0.317 ,0.160 ,0.477 ,1.055 ,0.225 ,1.280 ,-3.225,1955.069,0,0.094828,1587
ZINC03640563_141,1C5T.pdb_1GJ6.pdb_1QBO.pdb,0.426 ,0.329 ,0.097 ,0.317 ,0.164 ,0.481 ,1.132 ,0.191 ,1.323 ,-3.346,1951.120,0,0.029787,1588
ZINC03633177_4,1C5T.pdb_1GJ6.pdb_1QBO.pdb,0.426 ,0.326 ,0.100 ,0.316 ,0.165 ,0.481 ,1.113 ,0.202 ,1.315 ,-3.346,1942.930,0,0.047210,1589
ZINC03513868_162,1C5T.pdb_1GJ6.pdb_1QBO.pdb,0.426 ,0.326 ,0.101 ,0.316 ,0.148 ,0.464 ,1.106 ,0.240 ,1.345 ,-2.980,1942.785,0,0.089686,1590
ZINC03281839_2,1C5T.pdb_1GJ6.pdb_1QBO.pdb,0.426 ,0.297 ,0.129 ,0.286 ,0.174 ,0.460 ,1.140 ,0.331 ,1.471 ,-3.481,1758.842,0,0.087963,1591
ZINC02650458_121,1C5T.pdb_1GJ6.pdb_1QBO.pdb,0.426 ,0.310 ,0.116 ,0.306 ,0.177 ,0.483 ,1.045 ,0.250 ,1.295 ,-3.578,1883.087,0,0.041841,1592
ZINC03992745_151,1C5T.pdb_1GJ6.pdb_1QBO.pdb,0.425 ,0.306 ,0.119 ,0.303 ,0.182 ,0.485 ,1.037 ,0.256 ,1.293 ,-3.676,1862.351,0,0.052174,1593
ZINC03923763_153,1C5T.pdb_1GJ6.pdb_1QBO.pdb,0.425 ,0.282 ,0.143 ,0.275 ,0.208 ,0.483 ,1.109 ,0.313 ,1.422 ,-4.192,1688.018,0,0.085202,1594
ZINC03923719_120,1C5T.pdb_1GJ6.pdb_1QBO.pdb,0.425 ,0.321 ,0.104 ,0.308 ,0.148 ,0.456 ,1.161 ,0.259 ,1.420 ,-2.974,1890.587,0,0.033898,1595
ZINC03522036_32,1C5T.pdb_1GJ6.pdb_1QBO.pdb,0.425 ,0.331 ,0.094 ,0.314 ,0.131 ,0.445 ,1.197 ,0.249 ,1.447 ,-2.629,1928.689,0,0.073913,1596
ZINC02205131_118,1C5T.pdb_1GJ6.pdb_1QBO.pdb,0.425 ,0.281 ,0.144 ,0.272 ,0.186 ,0.459 ,1.139 ,0.388 ,1.527 ,-3.719,1669.976,0,0.054054,1597
ZINC01756091_132,1C5T.pdb_1GJ6.pdb_1QBO.pdb,0.425 ,0.295 ,0.129 ,0.286 ,0.180 ,0.466 ,1.131 ,0.314 ,1.445 ,-3.612,1753.970,0,0.043860,1598
ZINC03972799_167,1C5T.pdb_1GJ6.pdb_1QBO.pdb,0.424 ,0.320 ,0.104 ,0.305 ,0.157 ,0.462 ,1.180 ,0.236 ,1.416 ,-3.159,1874.318,0,0.056034,1599
ZINC03459114_100,1C5T.pdb_1GJ6.pdb_1QBO.pdb,0.424 ,0.326 ,0.099 ,0.316 ,0.146 ,0.461 ,1.106 ,0.235 ,1.341 ,-2.928,1942.831,0,0.075893,1600
ZINC03361581_176,1C5T.pdb_1GJ6.pdb_1QBO.pdb,0.424 ,0.311 ,0.113 ,0.311 ,0.179 ,0.490 ,1.000 ,0.236 ,1.236 ,-3.619,1919.122,0,0.064655,1601
ZINC04373695_7,1C5T.pdb_1GJ6.pdb_1QBO.pdb,0.423 ,0.340 ,0.083 ,0.318 ,0.121 ,0.438 ,1.265 ,0.211 ,1.476 ,-2.421,1950.340,0,0.062500,1602
ZINC03529582_194,1C5T.pdb_1GJ6.pdb_1QBO.pdb,0.423 ,0.316 ,0.107 ,0.295 ,0.143 ,0.438 ,1.283 ,0.297 ,1.580 ,-2.847,1812.909,0,0.055814,1603
ZINC03481005_168,1C5T.pdb_1GJ6.pdb_1QBO.pdb,0.423 ,0.330 ,0.093 ,0.315 ,0.130 ,0.446 ,1.162 ,0.248 ,1.410 ,-2.609,1939.456,0,0.100457,1604
ZINC03307341_71,1C5T.pdb_1GJ6.pdb_1QBO.pdb,0.423 ,0.317 ,0.106 ,0.302 ,0.156 ,0.458 ,1.185 ,0.252 ,1.437 ,-3.130,1855.792,0,0.053333,1605
ZINC03007300_76,1C5T.pdb_1GJ6.pdb_1QBO.pdb,0.423 ,0.318 ,0.106 ,0.309 ,0.155 ,0.463 ,1.103 ,0.250 ,1.353 ,-3.107,1897.877,0,0.055556,1606
ZINC00595562_180,1C5T.pdb_1GJ6.pdb_1QBO.pdb,0.423 ,0.338 ,0.085 ,0.321 ,0.121 ,0.443 ,1.179 ,0.224 ,1.403 ,-2.430,1975.300,0,0.071111,1607
ZINC03867081_199,1C5T.pdb_1GJ6.pdb_1QBO.pdb,0.422 ,0.282 ,0.139 ,0.278 ,0.192 ,0.470 ,1.059 ,0.336 ,1.395 ,-3.857,1707.050,0,0.061674,1608
ZINC03823295_69,1C5T.pdb_1GJ6.pdb_1QBO.pdb,0.422 ,0.280 ,0.142 ,0.275 ,0.184 ,0.460 ,1.065 ,0.384 ,1.449 ,-3.679,1690.490,0,0.046025,1609
ZINC03817490_136,1C5T.pdb_1GJ6.pdb_1QBO.pdb,0.422 ,0.315 ,0.106 ,0.305 ,0.151 ,0.456 ,1.126 ,0.264 ,1.390 ,-3.030,1872.921,0,0.071749,1610
ZINC03789716_152,1C5T.pdb_1GJ6.pdb_1QBO.pdb,0.422 ,0.287 ,0.135 ,0.283 ,0.209 ,0.492 ,1.049 ,0.277 ,1.326 ,-4.234,1740.839,0,0.074561,1611
ZINC04317310_80,1C5T.pdb_1GJ6.pdb_1QBO.pdb,0.421 ,0.281 ,0.140 ,0.273 ,0.182 ,0.455 ,1.116 ,0.378 ,1.494 ,-3.625,1677.497,0,0.064516,1612
ZINC04195105_53,1C5T.pdb_1GJ6.pdb_1QBO.pdb,0.421 ,0.332 ,0.089 ,0.315 ,0.124 ,0.439 ,1.206 ,0.236 ,1.443 ,-2.488,1933.196,0,0.070796,1613
ZINC03951910_38,1C5T.pdb_1GJ6.pdb_1QBO.pdb,0.421 ,0.310 ,0.111 ,0.299 ,0.180 ,0.479 ,1.142 ,0.224 ,1.366 ,-3.648,1837.374,0,0.088496,1614
ZINC03801425_104,1C5T.pdb_1GJ6.pdb_1QBO.pdb,0.421 ,0.229 ,0.192 ,0.244 ,0.261 ,0.504 ,0.791 ,0.421 ,1.212 ,-5.236,1501.355,0,0.116379,1615
ZINC02877078_56,1C5T.pdb_1GJ6.pdb_1QBO.pdb,0.421 ,0.254 ,0.166 ,0.252 ,0.224 ,0.476 ,1.037 ,0.391 ,1.428 ,-4.493,1547.748,0,0.052402,1616
ZINC00904732_67,1C5T.pdb_1GJ6.pdb_1QBO.pdb,0.421 ,0.326 ,0.095 ,0.311 ,0.133 ,0.444 ,1.176 ,0.246 ,1.422 ,-2.663,1911.125,0,0.063063,1617
ZINC04210217_154,1C5T.pdb_1GJ6.pdb_1QBO.pdb,0.420 ,0.241 ,0.179 ,0.242 ,0.248 ,0.490 ,0.988 ,0.391 ,1.378 ,-4.984,1486.771,0,0.074074,1618
ZINC03625437_22,1C5T.pdb_1GJ6.pdb_1QBO.pdb,0.420 ,0.313 ,0.107 ,0.308 ,0.174 ,0.482 ,1.052 ,0.218 ,1.269 ,-3.537,1896.343,0,0.077253,1619
ZINC03460177_33,1C5T.pdb_1GJ6.pdb_1QBO.pdb,0.420 ,0.338 ,0.082 ,0.319 ,0.119 ,0.437 ,1.218 ,0.208 ,1.426 ,-2.385,1957.479,0,0.068966,1620
ZINC02877076_24,1C5T.pdb_1GJ6.pdb_1QBO.pdb,0.420 ,0.249 ,0.171 ,0.248 ,0.230 ,0.478 ,1.018 ,0.402 ,1.420 ,-4.615,1521.083,0,0.052174,1621
ZINC01092152_84,1C5T.pdb_1GJ6.pdb_1QBO.pdb,0.420 ,0.303 ,0.117 ,0.295 ,0.165 ,0.460 ,1.101 ,0.288 ,1.389 ,-3.305,1814.089,0,0.081818,1622
ZINC03817584_148,1C5T.pdb_1GJ6.pdb_1QBO.pdb,0.419 ,0.270 ,0.148 ,0.273 ,0.215 ,0.488 ,0.973 ,0.324 ,1.296 ,-4.331,1676.474,0,0.089686,1623
ZINC03521772_48,1C5T.pdb_1GJ6.pdb_1QBO.pdb,0.419 ,0.282 ,0.137 ,0.277 ,0.190 ,0.467 ,1.067 ,0.331 ,1.398 ,-3.801,1702.366,0,0.076923,1624
ZINC03007296_123,1C5T.pdb_1GJ6.pdb_1QBO.pdb,0.419 ,0.313 ,0.106 ,0.308 ,0.155 ,0.463 ,1.056 ,0.250 ,1.306 ,-3.110,1894.212,0,0.076923,1625
ZINC04490377_11,1C5T.pdb_1GJ6.pdb_1QBO.pdb,0.418 ,0.309 ,0.108 ,0.295 ,0.154 ,0.449 ,1.188 ,0.268 ,1.456 ,-3.079,1811.526,0,0.061674,1626
ZINC03983385_195,1C5T.pdb_1GJ6.pdb_1QBO.pdb,0.418 ,0.323 ,0.095 ,0.310 ,0.124 ,0.434 ,1.159 ,0.287 ,1.445 ,-2.472,1903.489,0,0.070796,1627
ZINC03440357_164,1C5T.pdb_1GJ6.pdb_1QBO.pdb,0.418 ,0.315 ,0.102 ,0.295 ,0.142 ,0.437 ,1.281 ,0.269 ,1.550 ,-2.833,1810.092,0,0.084507,1628
ZINC02968057_69,1C5T.pdb_1GJ6.pdb_1QBO.pdb,0.418 ,0.294 ,0.124 ,0.286 ,0.164 ,0.450 ,1.102 ,0.341 ,1.443 ,-3.267,1756.762,0,0.062500,1629
ZINC02879212_85,1C5T.pdb_1GJ6.pdb_1QBO.pdb,0.418 ,0.298 ,0.120 ,0.282 ,0.159 ,0.440 ,1.237 ,0.330 ,1.567 ,-3.162,1729.075,0,0.069124,1630
ZINC02653224_76,1C5T.pdb_1GJ6.pdb_1QBO.pdb,0.418 ,0.335 ,0.082 ,0.321 ,0.123 ,0.444 ,1.151 ,0.199 ,1.350 ,-2.474,1976.996,0,0.100000,1631
ZINC01893383_187,1C5T.pdb_1GJ6.pdb_1QBO.pdb,0.418 ,0.304 ,0.114 ,0.294 ,0.166 ,0.460 ,1.119 ,0.268 ,1.387 ,-3.328,1808.901,0,0.087156,1632
ZINC03818622_114,1C5T.pdb_1GJ6.pdb_1QBO.pdb,0.417 ,0.299 ,0.118 ,0.298 ,0.171 ,0.469 ,1.015 ,0.277 ,1.291 ,-3.443,1831.642,0,0.101322,1633
ZINC04221592_107,1C5T.pdb_1GJ6.pdb_1QBO.pdb,0.416 ,0.259 ,0.157 ,0.258 ,0.226 ,0.484 ,1.019 ,0.341 ,1.360 ,-4.561,1583.096,0,0.024896,1634
ZINC03974617_20,1C5T.pdb_1GJ6.pdb_1QBO.pdb,0.416 ,0.325 ,0.091 ,0.324 ,0.143 ,0.467 ,1.012 ,0.201 ,1.212 ,-2.885,1996.884,0,0.058091,1635
ZINC03963059_152,1C5T.pdb_1GJ6.pdb_1QBO.pdb,0.416 ,0.303 ,0.113 ,0.290 ,0.173 ,0.464 ,1.165 ,0.244 ,1.409 ,-3.503,1782.644,0,0.044843,1636
ZINC03944075_195,1C5T.pdb_1GJ6.pdb_1QBO.pdb,0.416 ,0.306 ,0.110 ,0.305 ,0.156 ,0.461 ,1.012 ,0.273 ,1.285 ,-3.132,1876.562,0,0.102128,1637
ZINC03921685_37,1C5T.pdb_1GJ6.pdb_1QBO.pdb,0.416 ,0.289 ,0.127 ,0.290 ,0.177 ,0.467 ,0.989 ,0.309 ,1.298 ,-3.549,1784.583,0,0.123853,1638
ZINC03870517_55,1C5T.pdb_1GJ6.pdb_1QBO.pdb,0.416 ,0.312 ,0.104 ,0.298 ,0.145 ,0.443 ,1.178 ,0.269 ,1.447 ,-2.908,1828.189,0,0.038793,1639
ZINC03339139_17,1C5T.pdb_1GJ6.pdb_1QBO.pdb,0.416 ,0.325 ,0.091 ,0.300 ,0.123 ,0.423 ,1.349 ,0.256 ,1.605 ,-2.456,1839.475,0,0.084906,1640
ZINC03924330_33,1C5T.pdb_1GJ6.pdb_1QBO.pdb,0.415 ,0.319 ,0.095 ,0.314 ,0.145 ,0.459 ,1.053 ,0.218 ,1.271 ,-2.915,1935.722,0,0.099548,1641
ZINC02754468_85,1C5T.pdb_1GJ6.pdb_1QBO.pdb,0.415 ,0.308 ,0.107 ,0.296 ,0.152 ,0.448 ,1.145 ,0.265 ,1.410 ,-3.044,1820.528,0,0.069124,1642
ZINC03966737_179,1C5T.pdb_1GJ6.pdb_1QBO.pdb,0.414 ,0.313 ,0.101 ,0.307 ,0.163 ,0.470 ,1.073 ,0.208 ,1.281 ,-3.312,1888.788,0,0.042194,1643
ZINC03429435_62,1C5T.pdb_1GJ6.pdb_1QBO.pdb,0.414 ,0.298 ,0.116 ,0.287 ,0.164 ,0.451 ,1.150 ,0.286 ,1.437 ,-3.288,1761.232,0,0.061674,1644
ZINC04112533_168,1C5T.pdb_1GJ6.pdb_1QBO.pdb,0.413 ,0.307 ,0.106 ,0.298 ,0.159 ,0.457 ,1.110 ,0.239 ,1.349 ,-3.202,1834.074,0,0.077253,1645
ZINC03571172_106,1C5T.pdb_1GJ6.pdb_1QBO.pdb,0.413 ,0.318 ,0.095 ,0.306 ,0.129 ,0.435 ,1.136 ,0.268 ,1.404 ,-2.565,1880.873,0,0.087558,1646
ZINC02877075_98,1C5T.pdb_1GJ6.pdb_1QBO.pdb,0.413 ,0.281 ,0.132 ,0.273 ,0.183 ,0.456 ,1.125 ,0.320 ,1.445 ,-3.674,1675.577,0,0.051948,1647
ZINC00794278_48,1C5T.pdb_1GJ6.pdb_1QBO.pdb,0.413 ,0.304 ,0.109 ,0.292 ,0.151 ,0.443 ,1.149 ,0.286 ,1.434 ,-3.009,1795.224,0,0.068182,1648
ZINC04111841_162,1C5T.pdb_1GJ6.pdb_1QBO.pdb,0.412 ,0.310 ,0.102 ,0.301 ,0.158 ,0.459 ,1.114 ,0.223 ,1.337 ,-3.201,1848.466,0,0.077253,1649
ZINC03982916_125,1C5T.pdb_1GJ6.pdb_1QBO.pdb,0.412 ,0.268 ,0.144 ,0.266 ,0.215 ,0.480 ,1.040 ,0.303 ,1.342 ,-4.338,1631.225,0,0.081081,1650
ZINC03918633_181,1C5T.pdb_1GJ6.pdb_1QBO.pdb,0.412 ,0.280 ,0.132 ,0.277 ,0.216 ,0.492 ,1.040 ,0.255 ,1.295 ,-4.386,1701.367,0,0.030189,1651
ZINC02858524_14,1C5T.pdb_1GJ6.pdb_1QBO.pdb,0.412 ,0.305 ,0.107 ,0.295 ,0.152 ,0.448 ,1.114 ,0.266 ,1.380 ,-3.053,1815.511,0,0.097222,1652
ZINC03963062_177,1C5T.pdb_1GJ6.pdb_1QBO.pdb,0.411 ,0.330 ,0.081 ,0.308 ,0.125 ,0.433 ,1.270 ,0.188 ,1.458 ,-2.519,1892.781,0,0.039648,1653
ZINC03814030_112,1C5T.pdb_1GJ6.pdb_1QBO.pdb,0.411 ,0.313 ,0.098 ,0.302 ,0.145 ,0.447 ,1.136 ,0.234 ,1.370 ,-2.913,1854.068,0,0.057522,1654
ZINC02877075_60,1C5T.pdb_1GJ6.pdb_1QBO.pdb,0.411 ,0.259 ,0.152 ,0.256 ,0.214 ,0.469 ,1.054 ,0.345 ,1.399 ,-4.291,1569.971,0,0.048246,1655
ZINC02877075_60,1C5T.pdb_1GJ6.pdb_1QBO.pdb,0.411 ,0.259 ,0.152 ,0.256 ,0.214 ,0.469 ,1.054 ,0.345 ,1.399 ,-4.291,1569.971,0,0.048246,1656
ZINC01092150_1,1C5T.pdb_1GJ6.pdb_1QBO.pdb,0.411 ,0.297 ,0.114 ,0.290 ,0.161 ,0.451 ,1.082 ,0.281 ,1.364 ,-3.232,1782.778,0,0.081448,1657
ZINC03801144_150,1C5T.pdb_1GJ6.pdb_1QBO.pdb,0.410 ,0.283 ,0.126 ,0.280 ,0.171 ,0.451 ,1.047 ,0.325 ,1.372 ,-3.421,1720.083,0,0.036290,1658
ZINC03640553_68,1C5T.pdb_1GJ6.pdb_1QBO.pdb,0.410 ,0.311 ,0.099 ,0.302 ,0.163 ,0.466 ,1.105 ,0.200 ,1.306 ,-3.317,1859.225,0,0.025862,1659
ZINC03521771_156,1C5T.pdb_1GJ6.pdb_1QBO.pdb,0.410 ,0.307 ,0.103 ,0.296 ,0.147 ,0.443 ,1.140 ,0.257 ,1.397 ,-2.956,1817.346,0,0.076577,1660
ZINC03460183_23,1C5T.pdb_1GJ6.pdb_1QBO.pdb,0.410 ,0.328 ,0.082 ,0.311 ,0.120 ,0.431 ,1.191 ,0.209 ,1.400 ,-2.401,1913.306,0,0.069264,1661
ZINC01070035_121,1C5T.pdb_1GJ6.pdb_1QBO.pdb,0.410 ,0.266 ,0.144 ,0.260 ,0.192 ,0.452 ,1.095 ,0.365 ,1.460 ,-3.839,1593.846,0,0.060465,1662
ZINC04406084_65,1C5T.pdb_1GJ6.pdb_1QBO.pdb,0.409 ,0.292 ,0.117 ,0.280 ,0.160 ,0.440 ,1.172 ,0.305 ,1.476 ,-3.207,1718.601,0,0.039823,1663
ZINC04112540_111,1C5T.pdb_1GJ6.pdb_1QBO.pdb,0.409 ,0.275 ,0.134 ,0.273 ,0.197 ,0.469 ,1.036 ,0.296 ,1.332 ,-3.966,1675.250,0,0.077586,1664
ZINC02652842_55,1C5T.pdb_1GJ6.pdb_1QBO.pdb,0.409 ,0.308 ,0.101 ,0.299 ,0.144 ,0.443 ,1.105 ,0.251 ,1.356 ,-2.882,1839.734,0,0.087558,1665
ZINC01749949_149,1C5T.pdb_1GJ6.pdb_1QBO.pdb,0.409 ,0.297 ,0.112 ,0.295 ,0.172 ,0.467 ,1.026 ,0.243 ,1.269 ,-3.479,1814.990,0,0.079295,1666
ZINC01551213_167,1C5T.pdb_1GJ6.pdb_1QBO.pdb,0.408 ,0.320 ,0.087 ,0.316 ,0.144 ,0.461 ,1.042 ,0.180 ,1.223 ,-2.927,1948.154,0,0.085470,1667
ZINC04633537_194,1C5T.pdb_1GJ6.pdb_1QBO.pdb,0.407 ,0.323 ,0.084 ,0.307 ,0.127 ,0.434 ,1.195 ,0.201 ,1.396 ,-2.548,1885.536,0,0.073913,1668
ZINC04522148_107,1C5T.pdb_1GJ6.pdb_1QBO.pdb,0.407 ,0.323 ,0.085 ,0.305 ,0.134 ,0.440 ,1.217 ,0.186 ,1.403 ,-2.715,1874.902,0,0.051502,1669
ZINC03810255_105,1C5T.pdb_1GJ6.pdb_1QBO.pdb,0.407 ,0.310 ,0.097 ,0.303 ,0.143 ,0.446 ,1.084 ,0.231 ,1.315 ,-2.871,1862.759,0,0.117117,1670
ZINC03834157_8,1C5T.pdb_1GJ6.pdb_1QBO.pdb,0.407 ,0.324 ,0.083 ,0.325 ,0.135 ,0.460 ,0.985 ,0.178 ,1.164 ,-2.725,2005.691,1,0.140496,1671
ZINC03972980_80,1C5T.pdb_1GJ6.pdb_1QBO.pdb,0.406 ,0.288 ,0.118 ,0.280 ,0.166 ,0.446 ,1.117 ,0.290 ,1.407 ,-3.333,1716.776,0,0.092920,1672
ZINC03968597_84,1C5T.pdb_1GJ6.pdb_1QBO.pdb,0.406 ,0.305 ,0.101 ,0.294 ,0.144 ,0.438 ,1.135 ,0.251 ,1.386 ,-2.886,1807.740,0,0.069124,1673
ZINC03820792_3,1C5T.pdb_1GJ6.pdb_1QBO.pdb,0.406 ,0.312 ,0.093 ,0.299 ,0.134 ,0.433 ,1.165 ,0.234 ,1.399 ,-2.688,1838.142,0,0.076577,1674
ZINC03805072_72,1C5T.pdb_1GJ6.pdb_1QBO.pdb,0.405 ,0.259 ,0.146 ,0.254 ,0.200 ,0.454 ,1.086 ,0.349 ,1.435 ,-4.008,1560.388,0,0.036585,1675
ZINC01920516_59,1C5T.pdb_1GJ6.pdb_1QBO.pdb,0.405 ,0.313 ,0.092 ,0.306 ,0.153 ,0.460 ,1.073 ,0.188 ,1.261 ,-3.114,1885.249,0,0.055556,1676
ZINC03924335_5,1C5T.pdb_1GJ6.pdb_1QBO.pdb,0.404 ,0.299 ,0.105 ,0.300 ,0.163 ,0.463 ,0.987 ,0.229 ,1.216 ,-3.283,1848.881,0,0.091703,1677
ZINC03933659_55,1C5T.pdb_1GJ6.pdb_1QBO.pdb,0.403 ,0.307 ,0.097 ,0.298 ,0.139 ,0.437 ,1.100 ,0.242 ,1.342 ,-2.781,1834.460,0,0.061947,1678
ZINC03633165_72,1C5T.pdb_1GJ6.pdb_1QBO.pdb,0.403 ,0.306 ,0.097 ,0.299 ,0.157 ,0.456 ,1.080 ,0.203 ,1.283 ,-3.172,1840.993,0,0.043478,1679
ZINC03923324_94,1C5T.pdb_1GJ6.pdb_1QBO.pdb,0.401 ,0.323 ,0.079 ,0.306 ,0.118 ,0.424 ,1.208 ,0.191 ,1.399 ,-2.379,1877.391,0,0.083700,1680
ZINC03448264_114,1C5T.pdb_1GJ6.pdb_1QBO.pdb,0.401 ,0.311 ,0.090 ,0.296 ,0.126 ,0.422 ,1.198 ,0.239 ,1.437 ,-2.512,1817.588,0,0.078341,1681
ZINC02117747_7,1C5T.pdb_1GJ6.pdb_1QBO.pdb,0.401 ,0.289 ,0.112 ,0.280 ,0.158 ,0.438 ,1.124 ,0.276 ,1.400 ,-3.174,1720.262,0,0.082949,1682
ZINC03342650_162,1C5T.pdb_1GJ6.pdb_1QBO.pdb,0.400 ,0.294 ,0.105 ,0.281 ,0.145 ,0.426 ,1.192 ,0.276 ,1.468 ,-2.906,1725.433,0,0.063348,1683
ZINC03295881_169,1C5T.pdb_1GJ6.pdb_1QBO.pdb,0.400 ,0.293 ,0.108 ,0.275 ,0.144 ,0.419 ,1.272 ,0.300 ,1.571 ,-2.873,1688.373,0,0.085308,1684
ZINC01875803_113,1C5T.pdb_1GJ6.pdb_1QBO.pdb,0.400 ,0.257 ,0.144 ,0.264 ,0.239 ,0.503 ,0.903 ,0.264 ,1.167 ,-4.883,1624.878,0,0.047414,1685
ZINC03923948_127,1C5T.pdb_1GJ6.pdb_1QBO.pdb,0.399 ,0.282 ,0.117 ,0.277 ,0.170 ,0.447 ,1.065 ,0.273 ,1.338 ,-3.410,1703.138,0,0.036290,1686
ZINC03923324_176,1C5T.pdb_1GJ6.pdb_1QBO.pdb,0.399 ,0.320 ,0.079 ,0.304 ,0.118 ,0.422 ,1.200 ,0.191 ,1.391 ,-2.381,1866.765,0,0.085202,1687
ZINC03803272_96,1C5T.pdb_1GJ6.pdb_1QBO.pdb,0.399 ,0.306 ,0.093 ,0.300 ,0.137 ,0.437 ,1.070 ,0.222 ,1.292 ,-2.759,1845.693,0,0.082251,1688
ZINC03921673_165,1C5T.pdb_1GJ6.pdb_1QBO.pdb,0.398 ,0.288 ,0.109 ,0.290 ,0.161 ,0.451 ,0.984 ,0.254 ,1.238 ,-3.236,1784.255,0,0.133028,1689
ZINC03363345_178,1C5T.pdb_1GJ6.pdb_1QBO.pdb,0.398 ,0.284 ,0.114 ,0.285 ,0.165 ,0.451 ,0.981 ,0.267 ,1.248 ,-3.325,1755.703,0,0.092511,1690
ZINC01542989_9,1C5T.pdb_1GJ6.pdb_1QBO.pdb,0.397 ,0.276 ,0.121 ,0.274 ,0.175 ,0.449 ,1.030 ,0.283 ,1.313 ,-3.521,1682.026,0,0.073394,1691
ZINC03889655_8,1C5T.pdb_1GJ6.pdb_1QBO.pdb,0.396 ,0.294 ,0.103 ,0.286 ,0.146 ,0.433 ,1.096 ,0.256 ,1.352 ,-2.935,1759.585,0,0.070093,1692
ZINC01874619_188,1C5T.pdb_1GJ6.pdb_1QBO.pdb,0.395 ,0.281 ,0.114 ,0.280 ,0.165 ,0.446 ,1.011 ,0.267 ,1.279 ,-3.324,1724.711,0,0.094170,1693
ZINC03868253_144,1C5T.pdb_1GJ6.pdb_1QBO.pdb,0.394 ,0.260 ,0.134 ,0.261 ,0.191 ,0.452 ,1.000 ,0.308 ,1.308 ,-3.839,1601.485,0,0.070093,1694
ZINC03362084_81,1C5T.pdb_1GJ6.pdb_1QBO.pdb,0.393 ,0.290 ,0.103 ,0.295 ,0.160 ,0.455 ,0.937 ,0.225 ,1.162 ,-3.232,1820.695,0,0.093333,1695
ZINC04465016_119,1C5T.pdb_1GJ6.pdb_1QBO.pdb,0.391 ,0.321 ,0.070 ,0.312 ,0.122 ,0.434 ,1.098 ,0.142 ,1.239 ,-2.480,1922.522,0,0.029046,1696
ZINC03890485_119,1C5T.pdb_1GJ6.pdb_1QBO.pdb,0.391 ,0.321 ,0.070 ,0.312 ,0.122 ,0.434 ,1.098 ,0.142 ,1.239 ,-2.480,1922.522,0,0.029046,1697
ZINC03810719_81,1C5T.pdb_1GJ6.pdb_1QBO.pdb,0.389 ,0.270 ,0.119 ,0.263 ,0.173 ,0.436 ,1.102 ,0.279 ,1.381 ,-3.467,1616.746,0,0.037037,1698
ZINC03088497_60,1C5T.pdb_1GJ6.pdb_1QBO.pdb,0.387 ,0.266 ,0.121 ,0.264 ,0.179 ,0.443 ,1.038 ,0.270 ,1.308 ,-3.609,1618.978,0,0.067568,1699
ZINC03416105_74,1C5T.pdb_1GJ6.pdb_1QBO.pdb,0.384 ,0.307 ,0.077 ,0.301 ,0.119 ,0.420 ,1.075 ,0.179 ,1.255 ,-2.399,1848.631,0,0.050420,1700
ZINC02652895_94,1C5T.pdb_1GJ6.pdb_1QBO.pdb,0.384 ,0.284 ,0.100 ,0.283 ,0.151 ,0.435 ,1.000 ,0.227 ,1.227 ,-3.050,1742.701,0,0.095455,1701
ZINC03444046_195,1C5T.pdb_1GJ6.pdb_1QBO.pdb,0.383 ,0.277 ,0.106 ,0.274 ,0.155 ,0.429 ,1.055 ,0.251 ,1.306 ,-3.114,1680.819,0,0.078704,1702
ZINC03923949_43,1C5T.pdb_1GJ6.pdb_1QBO.pdb,0.381 ,0.316 ,0.065 ,0.303 ,0.099 ,0.401 ,1.160 ,0.159 ,1.319 ,-1.983,1860.846,0,0.037037,1703
ZINC02318268_49,1C5T.pdb_1GJ6.pdb_1QBO.pdb,0.381 ,0.273 ,0.109 ,0.270 ,0.159 ,0.429 ,1.038 ,0.257 ,1.294 ,-3.194,1658.263,0,0.039130,1704
ZINC03279124_162,1C5T.pdb_1GJ6.pdb_1QBO.pdb,0.380 ,0.295 ,0.084 ,0.288 ,0.119 ,0.407 ,1.096 ,0.226 ,1.321 ,-2.377,1769.827,0,0.060606,1705
ZINC03820344_59,1C5T.pdb_1GJ6.pdb_1QBO.pdb,0.376 ,0.301 ,0.076 ,0.293 ,0.114 ,0.407 ,1.091 ,0.183 ,1.274 ,-2.290,1802.584,0,0.045267,1706
ZINC03820345_172,1C5T.pdb_1GJ6.pdb_1QBO.pdb,0.372 ,0.314 ,0.059 ,0.299 ,0.087 ,0.386 ,1.194 ,0.151 ,1.345 ,-1.746,1834.116,0,0.037037,1707
ZINC03459523_166,1C5T.pdb_1GJ6.pdb_1QBO.pdb,0.366 ,0.241 ,0.125 ,0.250 ,0.180 ,0.430 ,0.876 ,0.290 ,1.166 ,-3.611,1538.262,0,0.089686,1708
ZINC03818662_162,1C5T.pdb_1GJ6.pdb_1QBO.pdb,0.364 ,0.297 ,0.067 ,0.291 ,0.101 ,0.392 ,1.078 ,0.164 ,1.242 ,-2.035,1787.387,0,0.100877,1709
ZINC03291266_95,1C5T.pdb_1GJ6.pdb_1QBO.pdb,0.355 ,0.269 ,0.086 ,0.273 ,0.129 ,0.401 ,0.952 ,0.208 ,1.160 ,-2.587,1678.276,0,0.042918,1710
ZINC01834216_193,1C5T.pdb_1GJ6.pdb_1QBO.pdb,0.335 ,0.275 ,0.060 ,0.274 ,0.098 ,0.372 ,1.013 ,0.133 ,1.146 ,-1.989,1685.233,0,0.054545,1711
ZINC02220856_9,1C5T.pdb_1GJ6.pdb_1QBO.pdb,0.324 ,0.247 ,0.077 ,0.254 ,0.127 ,0.380 ,0.904 ,0.164 ,1.069 ,-2.564,1562.101,0,0.071429,1712
ZINC03834185_1,1C5T.pdb_1GJ6.pdb_1QBO.pdb,0.233 ,0.130 ,0.102 ,0.128 ,0.120 ,0.248 ,1.152 ,0.410 ,1.562 ,-2.373,781.289,1,0.045455,1713
