Epoch	SMILES	Valid	Desired	RDKit_Aggregate_5refs_TanimotoCombo	SA
1	Clc1ccc(-c2csc3ccnc(NC4CCN(c5ncc(C(F)(F)F)cn5)CC4)c23)cc1	1.0	0	0.0	0.931
1	COc1cc2nccc(O)c2cc1OC	1.0	0	0.747	0.982
1	COc1ccc(-c2ccc(C=C3C(=O)NC(=O)N(c4ccc(C(C)(C)C)cc4)C3=O)o2)c([N+](=O)[O-])c1	1.0	0	0.0	0.943
1	CCc1nc(N)nc(N)c1-c1ccc(OC)c(OC)c1	1.0	0	0.842	0.975
1	CC(=O)NCCNC(=O)NC(=O)c1ccc(COc2ccc(Cl)cc2)cc1	1.0	0	0.699	0.985
1	COc1cc(O)c(C(=O)C=Cc2ccc(C(C)C)cc2)cc1O	1.0	0	0.744	0.975
1	Cc1c(C(=O)N(c2ccc(O)cc2)c2cc(C#N)n(C)c2)cc(-c2cc(Cl)ccc2C(=O)N2Cc3ccccc3CC2C)n1C	1.0	0	0.0	0.618
1	CC(=O)N1CCN(c2ccc(S(=O)(=O)N3CCCCC3)cc2)CC1	1.0	0	0.834	0.985
1	CCC(CN1CCC(C)CC1)NC(=O)c1cnn2cccnc12	1.0	0	0.865	0.898
1	NC(=O)CN(c1ccc([N+](=O)[O-])cc1)S(=O)(=O)c1cccc(-c2nc3ccccc3s2)c1	1.0	0	0.0	0.964
1	COc1cc(C(=O)NC2CCN(C)CC2)ccc1Nc1ncc(C(F)(F)F)c(Oc2cnc(C)nc2)n1	1.0	0	0.0	0.913
1	CCC(C)C(NC(=O)OCC(C)C)C(=O)OC	1.0	0	0.81	0.917
1	O=C(NCC1CCC(C(=O)O)CC1)c1cccc([N+](=O)[O-])c1	1.0	0	0.873	0.982
1	CCOC(=O)NC(=O)C1CCCC1	1.0	0	0.83	0.985
1	Oc1ccc(-c2ccc(OCc3ccccc3)cc2)nn1-c1ccccc1	0.0	0	0.0	0.0
1	CC(C)Cc1ccc(C(=O)N2CCN(C(C)C)CC2)cc1	1.0	0	0.858	0.988
1	Cc1cnc(C)c(N(C)C)c1C=O	1.0	0	0.689	0.899
1	CCOc1nc(N2CCC(C(=O)NC(C)C)CC2)n2ccnc2c1NS(=O)(=O)c1ccccc1	1.0	0	0.0	0.92
1	NS(=O)(=O)c1ccc(CCN=Cc2ccc(Br)cc2O)cc1	1.0	0	0.798	0.96
1	COc1ccc2[nH]cc(CCNC(=O)c3ccco3)c2c1	1.0	0	0.862	0.981
1	COC(=O)c1ccccc1NS(=O)(=O)NCCCC	1.0	0	0.843	0.981
1	COc1nc(NCCc2ccc(Cl)cc2Cl)ccc1C	1.0	0	0.836	0.976
1	CC(=C(c1ccc(OCc2ccc(OC(F)(F)F)c(Cl)c2)nc1)c1ccc(OC(F)(F)F)c(F)c1)c1ccc(C(=O)NC(C)(C)C(N)=O)cc1	1.0	0	0.0	0.826
1	COc1cc(Cc2cnc(N)nc2N)ccc1OCc1cccc(Cl)c1	1.0	0	0.757	0.975
1	CC(=O)CC(=O)CC1(O)C(=O)N(CC(N)=O)c2ccccc21	1.0	0	0.903	0.886
1	O=C(O)c1cccnc1Sc1ccc(O)cc1	1.0	0	0.914	0.982
1	Cc1c(NS(=O)(=O)c2cccc(C(=O)N(C)Cc3cccs3)c2)c(C)cn1Cc1ccc(Cl)cc1	1.0	0	0.0	0.945
1	O=S(=O)(Nc1ccccc1O)c1ccc2nc(O)oc2c1	1.0	0	0.923	0.966
1	c1cc(Oc2ccc(Cl)cc2)c2ccccc2n1	1.0	0	0.884	0.992
1	CN(C)CCN1CC(O)C(O)C(O)C1C	1.0	0	0.815	0.58
1	Cc1ccc(-c2nnc(SCC(N)=O)nc2-c2ccc(C)cc2)cc1	1.0	0	0.973	0.978
1	COc1ccc(OC)c(S(=O)(=O)NC(C)(C)C)c1	1.0	0	0.881	0.985
1	COc1cc(CC2=NC(=O)NC2=O)cc(OC)c1OC	1.0	0	0.855	0.942
1	O=C(O)CCS(=O)(=O)c1cccc2c(NCc3ccc(Cl)c(Cl)c3)ncnc12	1.0	0	0.763	0.959
1	CC(C)(C)Cn1c(=O)c(C2=NS(=O)(=O)c3ccccc3N2)c(O)c2ccccc21	1.0	0	0.724	0.904
1	COc1cccc(OC)c1C1CCC(=O)c2ccccc21	1.0	0	0.956	0.943
1	CCOc1cc2ncnc(Nc3ccc(OC)cc3C)c2c1OCC	0.0	0	0.0	0.0
1	CN1CCC(N2CCNCC2)CC1	1.0	0	0.73	0.971
1	Cc1c(S(=O)(=O)c2cccc(OCC#CCN3CCOCC3)c2)sc2nc(C3CC3)nc(O)c12	1.0	0	0.0	0.839
1	COc1cc(OC)cc(C(=O)n2nc(NS(=O)(=O)c3cccs3)cc2C)c1	1.0	0	0.823	0.951
1	Cc1ccc(CNC(=O)c2cc3ccccc3n2C)cc1	1.0	0	0.885	0.989
1	NC(=O)c1ccc2[nH]c3c(c2c1)CC(=O)Nc1ccc([N+](=O)[O-])cc1-3	1.0	0	0.816	0.949
1	Cc1cc2cccc(NC(=O)N(C(C)C)C3CCN(CC4CC4)CC3)c2n1Cc1ccccc1	1.0	0	0.0	0.938
1	CS(=O)(=O)C1CCc2sc(-c3[nH]nc4cnc(-c5cccnc5)cc34)nc2C1	1.0	0	0.731	0.667
1	O=C(Nc1nnc(C2CC2)s1)c1ccc(F)cc1	1.0	0	0.762	0.985
1	Cc1nc(C)c(C(=O)NC2CCCCCC2)s1	1.0	0	0.789	0.982
1	CCN1C(=CC=C2SC(=S)N(CC3CCCO3)C2=O)Sc2ccccc21	1.0	0	0.717	0.827
1	CCCCC(C(=O)COc1ccccc1)N(C)C(=O)CCSCCC(=O)O	1.0	0	0.731	0.894
1	Cc1ccc2cc(CN(Cc3ccco3)C(c3nnnn3C3CCCC3)C(C)C)c(O)nc2c1	1.0	0	0.0	0.772
1	CCCCCCCCCCNc1cc(-c2ccc3nccc(C4=NCCCN4)c3c2)cc(C#N)c1Cl	1.0	0	0.0	0.894
1	Cn1c(SCC(=O)NCC(=O)Nc2cccc3ccccc23)nnc1C(F)(F)F	1.0	0	0.655	0.97
1	CONC(=O)c1cc(Oc2ccc(Cl)cc2)c(C(=O)O)cn1	1.0	0	0.97	0.97
1	CC(C)c1cc(C(=O)NN=Cc2ccccc2O)nn1C	1.0	0	0.889	0.95
1	CCCNS(=O)(=O)c1csc(C(=O)O)c1	1.0	0	0.802	0.968
1	Cc1ccc(NC(=S)N2CCN(S(=O)(=O)c3cccc(F)c3)CC2)cc1	1.0	0	0.706	0.982
1	COc1cccc(-c2nn3c(C)nnc3c2C)c1-n1ccnc1	0.0	0	0.0	0.0
1	CC(=O)N1CCN(c2cccc(S(=O)(=O)Oc3ccc(Cl)cc3)c2)CC1	1.0	0	0.826	0.98
1	COc1ccc(F)cc1Nc1nc2cc(C(=O)O)ccc2cc1-c1cc(C)ccc1C	1.0	0	0.0	0.969
1	CC(=O)c1cc(C(=O)CCl)ccc1O	1.0	0	0.723	0.977
1	COc1cc(C(C)C)c2c(c1)SC1(O)C3CCCC(C)(CO3)C1=O2	0.0	0	0.0	0.0
1	CCOc1cc2ncc(C(=O)OCC)c(Nc3ccc(OC)cc3C)c2cc1OCC	1.0	0	0.0	0.97
1	CCCCc1ccc(S(=O)(=O)c2nnn(CC)n2)cc1	1.0	0	0.891	0.95
1	Cc1cc(C)c(S(=O)(=O)NC(Cc2ccc(C(=N)NN)cc2)C(=O)N2CCCCC2)c(C)c1	1.0	0	0.0	0.861
1	COc1ccc(C(CC(=O)O)n2c(C)c(C)c3ccccc32)cc1	1.0	0	0.918	0.945
1	O=C(O)CC(c1ccc(Cl)cc1)N1CC2CCCCC2C1C(c1ccccc1)c1ccccc1	1.0	0	0.0	0.695
1	O=C(c1cc(-c2ccc3c(c2)OCO3)on1)N1CCc2ccccc2C1C	1.0	0	0.855	0.913
1	O=C(Nc1nc(-c2cccc(Br)c2)cs1)C1CCCCC1	1.0	0	0.828	0.984
1	S=C(NCCc1ccccc1)N1CCCN(Cc2ccc(F)cc2)CC1	1.0	0	0.652	0.985
1	COc1cc2c(N)nc(N3CCN(C(=O)CC4CCCCC4C)C(C)C3)nc2cc1OC	1.0	0	0.0	0.723
1	Cc1cccc(C(=O)NC2CC3CCC(C2)N3N=Cc2ccc(O)c(O)c2)n1	1.0	0	0.716	0.398
1	NC(=O)c1cccc2cccc(Nc3cc(-c4ccc(F)cc4)ncn3)c12	1.0	0	0.799	0.972
1	O=C(O)CNC(=O)CSc1nc2ccccc2o1	1.0	0	0.809	0.98
1	Cc1cc2c(C)cc(C)cc2nc1SCC(=O)Nc1ccc(C(=O)O)cc1	1.0	0	0.723	0.977
1	O=C(COc1ccc(Cl)cc1Cl)NN=Cc1ccc(O)cc1	1.0	0	0.866	0.984
1	Cc1nc(NC(=O)c2ccc(OCC(C)C)cc2)cs1	1.0	0	0.692	0.98
1	O=S(=O)(c1cccc(C(F)(F)F)c1)n1ccc2ccc(OCc3ccc4ccccc4n3)cc21	1.0	0	0.0	0.957
1	COC(O)=C(CC=NC(=O)C(C)C)C(Cl)=C(Cl)Cl	1.0	0	0.848	0.518
1	O=C(Nc1ccc(F)c(C(F)(F)F)c1)C1CC(=O)N(C2CCCCCCC2)C1	1.0	0	0.722	0.929
1	COc1ccc(N2CCN(CC3COCCO3)CC2)cc1	1.0	0	0.883	0.953
1	CC(=O)N1c2ccc(S(=O)(=O)NCc3ccco3)cc2CC1C	1.0	0	0.879	0.926
1	COc1ccc(NC(=O)Nc2ccc(OC(CCNCc3cocc3C)C(=O)c3ccc(C)cc3)cc2)cc1	1.0	0	0.0	0.866
1	COc1ccc(OC)c(NC(=O)CSc2ncc(C(=O)C(C)C)c3ccccc23)c1	1.0	0	0.667	0.97
1	Cc1ccc(S(=O)(=O)Nc2c(C(=O)O)[nH]c3ccccc23)cc1C	1.0	0	0.892	0.976
1	CCOCc1c(-c2cc3cc(C)cc(OC)c3oc2=O)n(-c2ccccc2)c2cc(NC)ccc12	1.0	0	0.0	0.923
1	CCOc1ccc2nc(O)c(CN(CCOc3ccccc3)C(=S)NC3CCCCC3)cc2c1	1.0	0	0.0	0.945
1	CN1CCc2nc(NC(=O)NCc3cccc(C(F)(F)F)c3)sc2C1	1.0	0	0.783	0.964
1	Cc1ccc(C(=O)c2cc(Cl)cc(Cl)c2)o1	1.0	0	0.813	0.979
1	COC(=O)COc1ccc(S(=O)(=O)NCC(C)C)cc1	1.0	0	0.777	0.986
1	O=C(Cc1cccc(F)c1)NCCc1ccc(Cl)c(Cl)c1	1.0	0	0.799	0.989
1	COC(=O)C1CCCN1C(=O)C(C)(O)C(F)(F)Cl	1.0	0	0.822	0.771
1	Cc1cc(C(=O)COC(O)c2ccc(O)[nH]2)c2ccccc2n1	1.0	0	0.896	0.773
1	COc1ncc2cc1NC(=O)C(C)(C)NC(=O)C2=O	1.0	0	0.0	0.426
1	Cc1nonc1CC(F)=C(Cl)Cl	1.0	0	0.747	0.722
1	Cc1ccc2cc(C(=O)NN3C(CC4CCCCCC4)C3C(=O)O)ccc2n1	1.0	0	0.732	0.713
1	CC(C)n1cc(-c2cc(Cl)c3c(c2)C2(CCCC2)O(CCS(=O)(=O)O)C3)cn1	0.0	0	0.0	0.0
1	Cn1c(-c2cccc(Cl)c2Cl)nnc1-c1nc(C(=O)NCCc2ccccc2)cs1	1.0	0	0.697	0.959
1	Cc1cc(C)cc(Cn2c(SCC(=O)Nc3ccc([N+](=O)[O-])cc3)nc3ccccc32)c1	1.0	0	0.0	0.975
1	Cc1ccc(CS(=O)(=O)c2ncc(Cl)c([N+](=O)[O-])n2)cc1	1.0	0	0.823	0.945
1	CC(=O)N1C2CCC1CC(OC(=O)CCN1CCC(c3cc(C)nn3C)CC1)C2	1.0	0	0.0	0.4
1	Cc1[nH]ncc1[N+](=O)[O-]	1.0	0	0.499	0.919
1	CC(C)COc1ncnc2[nH]cnc12	1.0	0	0.824	0.924
1	COCC(C)NC1CCC(Nc2cc(-c3ccccc3Cl)nc(C)n2)CC1	1.0	0	0.771	0.903
1	CCn1cc(Br)c2c1CN(C(=O)NS(=O)(=O)c1ccc(C(=O)O)c(C)c1)CC2	1.0	0	0.711	0.904
1	CC(=O)Oc1ccc(C=Cc2cccc(Cl)c2)cc1Cl	1.0	0	0.885	0.983
1	COc1ccc(N2C(=O)Cc3ccccc3C2N2CCCC(C)C2)c([N+](=O)[O-])c1	1.0	0	0.845	0.781
1	CC(F)(F)c1[nH]c2cnccc2n1	1.0	0	0.698	0.917
1	COc1cc(CN2C(=N)N(Cc3ccc(Cl)c(Cl)c3)C(=O)C2C)cc(OC)c1	1.0	0	0.839	0.881
1	COC(=O)COc1ccc(S(=O)(=O)Oc2cccc(C=NNC(N)=S)c2)cc1	1.0	0	0.721	0.964
1	CCCCOC(=O)NS(=O)(=O)C(F)(F)C(F)(F)C(F)(F)C(F)(F)C(F)(F)F	1.0	0	0.782	0.885
1	N#Cc1ccc(S(=O)(=O)N2CCCC2)cc1C(=O)O	1.0	0	0.853	0.98
1	OC1(c2ccccn2)CCN(Cc2ccncc2)CC1	1.0	0	0.941	0.97
1	O=C(CSc1nnc(-c2ccccc2)o1)Nc1cccc(Cl)c1	1.0	0	0.737	0.986
1	COCCNC(=O)CN(C(=O)c1ccc(OC(F)F)cc1)C1CCCCC1N1CCCCC1	1.0	0	0.0	0.81
1	COc1ccc2c(c1)OC1(CCC(C)C(=O)N1C)CC2	1.0	0	0.924	0.501
1	Cc1ccc(C(=O)c2ccc(C)cc2)cc1S(N)(=O)=O	1.0	0	0.833	0.989
1	CCN(CC)C(=O)c1sc2nc(-c3cccnc3)cc(C(F)(F)F)c2c1C	1.0	0	0.786	0.949
1	CCCCn1nnnc1CCNc1nc(C)c2cc(C)ccc2n1	1.0	0	0.837	0.957
1	COC(C(=O)Nc1ccnn1C)c1cccc(Cl)c1	1.0	0	0.967	0.926
1	O=C(O)C=C1CN(Cc2ccc(Cc3ccc(Cl)cc3)cc2)c2ccccc21	1.0	0	0.764	0.966
1	CCn1c(SCC(=O)Nc2nnc(CNc3cc(Cl)ccc3C)n2)nnc1-c1ccccc1	0.0	0	0.0	0.0
1	Cc1ccc(OCCOc2ccc(Cl)cc2Cl)cc1NC(=O)c1cccnc1	1.0	0	0.681	0.983
1	Cc1nn(-c2ccccc2)c(C)c1CC(=O)NC(CC(=O)O)C(=O)COc1c(F)c(F)cc(F)c1F	1.0	0	0.0	0.857
1	COC(=O)c1ccc(NC(=O)C(=O)Nc2ccc(C(C)C)cc2)cc1	1.0	0	0.634	0.989
1	O=C(NCc1ccccc1)NON=Cc1ccccc1Cl	1.0	0	0.784	0.963
1	CCN1C(=O)C(Cc2ccccc2)C(=O)c2cc(-c3cccc(Cl)c3)ccc21	1.0	0	0.801	0.935
1	CCn1c(SCC(=O)c2[nH]c(C)c(C(=O)OC)c2C)nnc1-c1cccc(Cl)c1	1.0	0	0.783	0.961
1	CCCCOc1c(Br)cc(CNCCCC(=O)Cl)cc1OC	1.0	0	0.736	0.97
1	COC(=O)N1CCCC2(C1)C(C)=NC1(C2)C(=O)Nc2ccc(F)cc21	1.0	0	0.874	0.237
1	N#CC1=C(N)OC2=C(C(=O)CCC2)C1c1ccco1	1.0	0	0.979	0.825
1	Cc1c(NC(=O)COC(=O)c2cnc(Cl)c(Cl)c2)c(=O)n(-c2ccccc2)n1C	1.0	0	0.767	0.966
1	NCC(c1ccc2c(c1)OCO2)N1CCC(O)(c2ccccc2)CC1	1.0	0	0.899	0.914
1	Oc1ncnc2c(-n3cc(Br)cn3)cccc12	1.0	0	0.832	0.932
1	O=C(NS(=O)(=O)c1ccc(Oc2cc(F)cc(F)c2)cc1)N1CCOCC1	1.0	0	0.728	0.971
1	O=C(c1ccc(NS(=O)(=O)c2cccs2)cc1)N1CCCCC1	1.0	0	0.757	0.985
1	O=C(CSc1cccc(F)c1)NCCSc1ccccn1	1.0	0	0.71	0.976
1	Cc1cc(Oc2ccc(S(C)(=O)=O)cc2F)cc(O)c1C#N	1.0	0	0.92	0.962
1	CC(Nc1nccc(N2C(=O)OCC2C(C)C)n1)c1ccc(Cl)cc1Cl	1.0	0	0.887	0.769
1	CCOc1cnc(-c2cccc(C)c2)n1-c1cc(OC)cc(OC)c1	1.0	0	0.956	0.959
1	CC(C(=N)NCc1ccccc1)c1ccc(Cl)cc1	1.0	0	0.8	0.95
1	O=C(C1CCC1)N1CC2Cn3c(ccc3Cc3ccccc3)CC2C1	1.0	0	0.87	0.774
1	CC(C)(C)c1cc(NC(=O)c2cccnc2)nn(-c2ccc(F)cc2)c1=O	1.0	0	0.789	0.965
1	O=C(CN1C(=O)NC2(CCc3ccccc32)C1=O)NC1=NC(CO)CO1	1.0	0	0.814	0.464
1	COc1cc(NC(C)=O)c(C)cc1NC(=O)CN1CCCCC1	1.0	0	0.793	0.986
1	O=C(NCc1ccccc1F)c1ccc(Cl)cc1	1.0	0	0.833	0.994
1	NC(=O)CCC(N)CSSCCO	1.0	0	0.754	0.738
1	CCN(CC)c1ccc(N=Cc2ccc([N+](=O)[O-])o2)cc1	1.0	0	0.81	0.95
1	NS(=O)(=O)c1ccc(-n2cc(C=CS(=O)(=O)O)c3ccccc32)cc1	1.0	0	0.841	0.951
1	CN(Cc1ccccc1)C(=O)C(Cc1cccc2ccccc12)NC(=O)C(CCCN=C(N)N)NS(=O)(=O)Cc1ccccc1	1.0	0	0.0	0.783
1	COc1ccc(C(=O)NN=C(C)Cc2ccco2)cc1OC	1.0	0	0.8	0.974
1	CC12CCC3C(CC=C4CC(O)CC43CC(=O)CCl)C1CCC2=O	1.0	0	0.872	0.243
1	COC1CN(C)C(=O)c2ccc(NS(=O)(=O)c3ccccc3)cc2OCC(C)N(C(=O)NC(C)C)CC1C	1.0	0	0.0	0.476
1	Nc1nc(O)c2[nH]c(SCC(=O)c3ccc(F)cc3)nc2n1	1.0	0	0.956	0.942
1	O=C(c1oc(=O)c2ccccc2c1-c1ccc(Cl)cc1)N1CCOCC1	1.0	0	0.968	0.975
1	CN(C)C(=O)OCC1COc2ccccc2O1	1.0	0	0.923	0.932
1	CCCCN1C(=O)c2ccccc2C(C)C1C(=O)NCCC	1.0	0	0.838	0.862
1	CC(N1CCN(C)CC1)C1=C(c2cn(C)cc2O)C(=O)Nc2nncn21	1.0	0	0.988	0.518
1	CCOc1nn(-c2ccc(Cl)cc2)c(N)c1S(C)(=O)=O	1.0	0	0.898	0.961
1	O=C(Nc1ccc([N+](=O)[O-])cc1)c1ccc2ccccc2c1	1.0	0	0.755	0.992
1	Cc1cc2cc(C)c(SCC(=O)NNC(=O)c3ccco3)nc2s1	1.0	0	0.741	0.937
1	CC(=O)c1ccc(NC(=O)c2ccco2)cc1	1.0	0	0.814	0.992
1	COCCCNc1nc(Nc2ccccn2)c2cnn(C)c2n1	1.0	0	0.88	0.958
1	COc1cc(C(F)(F)F)ccc1OCC(C)C(=O)O	1.0	0	0.821	0.957
1	CC(C)(C)n1nc2c(c1C(=O)NCc1ccc(Cl)cc1Cl)CNC(C(=O)O)C2	1.0	0	0.949	0.762
1	CCCNC(=O)C1CCCN(Cc2ccc(Cl)c(Cl)c2)C1	1.0	0	0.886	0.967
1	CC(C)N=C(NS(=O)(=O)c1cccc(C(F)(F)F)c1)N(CCC(Cl)(Cl)Cl)C1CCCCC1	1.0	0	0.0	0.849
1	Cc1c(COc2cnccc2Cl)cccc1S(=O)(=O)NCCO	1.0	0	0.804	0.959
1	CC(OC(=O)c1ccc(NC(=O)c2ccco2)cc1)C(=O)c1ccc(Cl)cc1Cl	1.0	0	0.693	0.952
1	CC(C)c1cccc(-n2cc(CNCCCNc3ccccn3)c3ccccc3c2=O)c1	1.0	0	0.0	0.96
1	CN1CCN(C(=O)C2=CC(C)(C)CCC2=O)CC1	1.0	0	0.788	0.925
1	CCCCCCCCN1CCC(CO)C1=O	1.0	0	0.819	0.929
1	O=C(O)c1ccc(CCCN2C(=O)CCC2=O)cc1	1.0	0	0.833	0.986
1	O=C(C=CN(c1ccccc1)c1cccc(C(F)(F)F)c1)Nc1ccc(Cl)cc1Cl	1.0	0	0.758	0.955
1	CN(C)C(=N)c1ccc(COc2cc(F)cc(F)c2)cc1	1.0	0	0.785	0.975
1	CCOc1ccc(NC(=O)Cc2ccc(OC)c(OC)c2)c([N+](=O)[O-])c1	1.0	0	0.751	0.985
1	O=S(=O)(NCCc1cccc(C(F)(F)F)c1)c1cc(Cl)cc(Cl)c1	1.0	0	0.719	0.978
1	NCc1cc(C(=O)Nc2nnc(CSCCc3ccc(Cl)cc3)s2)nc2c(Cl)cccc12	1.0	0	0.0	0.936
1	O=C(O)c1cc(Cl)ccc1OCc1ccccc1	1.0	0	0.84	0.993
1	O=C(c1ccc(CNS(=O)(=O)c2ccccc2)cc1)N1CCCC1C(O)Nc1cnc2ccccc2c1	1.0	0	0.0	0.821
1	CNc1c(Cl)cc(N=Cc2cc(Br)cc([N+](=O)[O-])c2O)cc1Cl	1.0	0	0.813	0.91
1	COc1ccc2nc(SCC(=O)OCC#N)c(C)cc2c1	1.0	0	0.886	0.96
1	CC(C)c1nc(C(=O)Nc2ccc(Cl)cc2)c2ccccc2n1	1.0	0	0.812	0.983
1	COc1ccc(C(=O)c2ccc(Br)cc2)cc1OC	1.0	0	0.861	0.992
1	COCCCS(=O)(=O)N(Cc1ccc(F)c(Cl)c1)c1cccc(-c2nc3ccccc3n3c(C(=O)OC)ncc23)c1	1.0	0	0.0	0.886
1	COC(=O)c1ccc2c(c1)C(=O)c1cccc3cccc1c23	1.0	0	0.0	0.699
1	CC(=O)Nc1ccc2c(C(=O)c3ccc(OCCN4CCCCC4)cc3)c(O)oc2c1	1.0	0	0.0	0.964
1	CCOC(=O)c1cc2cc(N3CCN(C(=O)c4cccc(F)c4)CC3)ccc2[nH]1	1.0	0	0.758	0.975
1	CC(C)Sc1nnc(NC(=O)C2=COCCO2)s1	1.0	0	0.787	0.911
1	CC(=O)c1nc(NC(=O)c2ccccc2)sc1-c1ccc(Nc2ccc(F)cc2)cc1	1.0	0	0.0	0.976
1	O=C(NN=Cc1cccc(O)c1O)c1cncc(Br)c1	1.0	0	0.869	0.962
1	CC1(C2CC2)NC(=O)N(CC(=O)Nc2cc(Cl)ccc2Cl)C1=O	1.0	0	0.854	0.94
1	Nc1ncc(-c2ccc3ncc(-c4ccc(CO)cc4)n3n2)cc1C(F)(F)F	1.0	0	0.745	0.944
1	N#CC1=C(N)CC2C(C1)C21CNC1	1.0	0	0.784	0.072
1	COc1nc(C)cnc1NS(=O)(=O)c1ccc(Cl)cc1	1.0	0	0.866	0.977
1	Cc1ccc(O)c(Cn2c(-c3ccc(Cl)cc3)nc3nc4ccccc4nc32)c1	1.0	0	0.896	0.966
1	O=C(c1ccco1)N1CCN(Cc2cccc(F)c2)CC1	1.0	0	0.91	0.987
1	N#Cc1ccc(CN2CCN(C(=O)c3cccc(F)c3)CC2)cc1	1.0	0	0.883	0.987
1	COc1ccnc(-c2cnc(N)c(C(=O)NC3CCN(C)CC3)c2)c1	1.0	0	0.706	0.965
1	COc1ccc(C(=O)NC(=S)Nc2sc3c(c2C(=O)NCc2ccco2)CCC3)c(OC)c1	1.0	0	0.0	0.956
1	Cc1ccc(NC(=O)c2ccco2)cc1-n1c(C)cc(C)c1	1.0	0	0.891	0.968
1	O=C(C=Cc1cccc(Cl)c1)OC12CCC(=O)C3(CCCCC3)CC1OC(c1ccc(O)cc1)C(O)C2O	1.0	0	0.0	0.149
1	CC(C)c1cc(-c2nnn(CC#N)n2)ccn1	1.0	0	0.772	0.926
1	CCC(=O)N1C(C(=O)NC)C(C(=O)O)c2ccccc21	1.0	0	0.83	0.786
1	C=C1N=C2SC=C(C)N2C(=O)C1=S(O)(O)=CC(C)C	1.0	0	0.733	0.339
1	Clc1ccc2[nH]c3c(c2c1)CCNC3c1ccccc1	1.0	0	0.97	0.943
1	CCCCn1cc2c(nc(NC(=O)Cc3ccc(C)cc3)n3nc(-c4ccco4)nc23)n1	1.0	0	0.0	0.922
1	Cc1nc2cccc(F)c2cc1Cn1nnc2c(N)nc(N)nc21	1.0	0	0.926	0.936
1	NC(CS)Cn1cccc1	1.0	0	0.653	0.686
1	Cc1nn(Cc2ccc(-c3nc4ccccc4[nH]3)cc2)cc1C(C)C	1.0	0	0.774	0.972
1	Cn1nc(S(=O)(=O)CC(=O)NCc2ccc3c(c2)OCO3)c2ccccc2c1=O	1.0	0	0.761	0.952
1	CC(C)OCCCNS(=O)(=O)c1ccc(C#N)cc1Cl	1.0	0	0.817	0.969
1	CCCCOc1ccc(C2CN=C(N)S2)cc1Cl	1.0	0	0.84	0.862
1	Cc1cc(NS(=O)(=O)c2ccc(NC(=O)N3CC(C)OC(C)C3)cc2)c(C)o1	1.0	0	0.656	0.842
1	CCCC(CCC)C(=O)OCC1(CO)CC(=Cc2cc(C)c(OC)c(C(=O)O)c2)C(=O)O1	1.0	0	0.0	0.719
1	CCNC(=O)OC1CCC(C)(COc2nccn(-c3ccc(C#N)c4cc(C)[nH]c4c3)c2F)CC1	0.0	0	0.0	0.0
1	CCn1ccnc1CNC(=O)C1CCC(Cn2cc(C)cn2)=NC1	1.0	0	0.721	0.722
1	COc1ccc(Oc2ncc3ncc(=O)n(CCc4ccccc4)c3n2)cc1	1.0	0	0.859	0.97
1	COc1ccc(C(=O)NS(=O)(=O)N2CCC2)cc1	1.0	0	0.807	0.986
1	CC(C)(C)OC(=O)NC(Cc1cn(C(=O)OC(=O)OCC(=O)NCCc2ccccc2)c(Br)c1)C(=O)C(F)(F)F	1.0	0	0.0	0.704
1	CCCCCOC(=O)N1CCN(C(=O)C(CCC(=O)O)NC(=O)c2cc(C(=O)NC)cc(-c3ccc(F)cc3)n2)CC1	1.0	0	0.0	0.862
1	CC(=O)c1ccc(CN(C)C)cc1	1.0	0	0.728	0.993
1	Cc1nn(C)c2c(C(F)(F)F)nnc2c1NC(=O)O	1.0	0	0.802	0.876
1	COc1cncc(-c2cccc3c2c(C=CCCN2CCN(C)CC2)c2cc(N)ccc23)c1	0.0	0	0.0	0.0
1	Cc1ccc(NC(=O)c2cc3c(C)nn(C4CCCCC4)c3n2C)cc1Cl	1.0	0	0.766	0.949
1	COc1ccccc1-c1cn2c(-c3ccc(F)c(OC(F)(F)F)c3)c(CN)c(C)nc2n1	1.0	0	0.0	0.924
1	CC(C)CCOc1nccc(Oc2cc(F)c(S(=O)(=O)Nc3nncs3)cc2F)c1C#N	1.0	0	0.0	0.879
1	CC(=O)OC1COC(c2ccc(O)nn2)CC1C	1.0	0	0.966	0.477
1	O=C(NCC(=O)N1CCCC1)c1cc(Br)cc2c(=O)cc(-c3ccccc3)oc12	1.0	0	0.72	0.966
1	COc1ccc(Oc2ccc(C(=O)N3CCC(N4C(=O)OCC(C)(C)C4=O)CC3)cc2)cc1	1.0	0	0.0	0.961
1	COCCCn1c(O)c(O)c(C(=O)c2ccc(C)cc2)c1-c1cccnc1	1.0	0	0.875	0.948
1	Cc1cc(C)n(CC2(C3CC3C2c2nc3ccccc3o2)C(F)(F)F)n1	1.0	0	0.872	0.395
1	NNC(=O)Nc1cccc(C(=O)Nc2ccc3c(c2)OCO3)c1	1.0	0	0.72	0.983
1	NC(=O)OCCn1cc(C=C2Oc3ccc(Cl)cc3C2=O)nn1	1.0	0	0.871	0.915
1	Cc1cc(OC(=O)c2cccn2C)ccc1Br	1.0	0	0.85	0.975
1	CCCCS(=O)(=O)NC(C)=O	1.0	0	0.596	0.971
1	Cc1cnc(C(=O)N2CCNc3ccc(C(F)(F)F)c(C4CC4)c32)cn1	1.0	0	0.835	0.895
1	NC(=NOC(=O)c1cccc(Br)c1)c1ccc(O)cc1	1.0	0	0.77	0.979
1	NCc1ccc(OS(=O)(=O)c2ccccc2)cc1	1.0	0	0.843	0.989
1	CCOc1ccc(Cc2c(Cl)nc3ccc(C(=O)NCc4ccco4)cc3c2OC)cc1	1.0	0	0.0	0.963
1	COc1c(O)ccc2cc(-c3ccc(Cl)cc3)oc12	1.0	0	0.785	0.978
1	OC(C=Cc1ccccc1)c1ccccc1	1.0	0	0.915	0.971
1	CC(=NNc1nc2ccccc2s1)c1ccccc1	1.0	0	0.919	0.985
1	O=C(NCc1ccc(Cl)cc1Cl)C1CCN(S(=O)(=O)c2ccc(F)cc2)CC1	1.0	0	0.699	0.982
1	Cn1nc(C2CC2)nc1-c1nc(-c2cccc3[nH]ccc23)nc(N)n1	1.0	0	0.829	0.914
1	COc1ccccc1NC(=O)CC(=O)c1cccs1	1.0	0	0.856	0.986
1	CCCNC(=O)CN1CCC(c2nc3ccccc3[nH]2)CC1	1.0	0	0.868	0.98
1	CC(=O)c1ccc(CC2CCN(CC(O)COc3c(C)cc(-n4cnnc4)cc3)CC2)cc1	1.0	0	0.0	0.888
1	COc1ccc(-n2nc(C(=O)NCC(=O)N3CCN(c4ccccc4)CC3)c3ccccc3c2=O)c(C)cc1	0.0	0	0.0	0.0
1	CN(C)CCNS(=O)(=O)c1ccc(Oc2cccc(Cl)c2C#N)cc1	1.0	0	0.78	0.974
1	O=C(Nc1ccc(Oc2ccnc3[nH]ccc23)c(F)c1)c1nc(-c2ccc(Cl)cc2)cs1	1.0	0	0.0	0.954
1	Nc1ncc(Cl)nc1CNC(=O)CC(NS(=O)(=O)c1ccc(F)cc1)C(=O)NO	1.0	0	0.728	0.851
1	N#Cc1ccc(OCCN2CCCCCC2)c([N+](=O)[O-])c1	1.0	0	0.884	0.979
1	O=C(CCC1CCCC1)n1c(-c2ccc(-c3ccccc3)cc2)nc2ccccc21	1.0	0	0.736	0.975
1	CC(=O)Nc1nnc(COc2ccccc2)s1	1.0	0	0.879	0.986
1	CC(C)(C)c1ccc(C(=O)Nc2cn3ccccc3n2)cc1	1.0	0	0.79	0.978
1	O=C(c1ccc(S(=O)(=O)Cc2ccccc2)cc1)N1CCCCCC1	1.0	0	0.784	0.988
1	COCC(=O)N1CCC(=C2c3ccc(Cl)cc3CCc3cc(C)ccc32)CC1	1.0	0	0.862	0.955
1	Cc1cc(NC(=O)CSc2nnc(NCc3ccccc3)s2)cs1	1.0	0	0.792	0.964
1	O=C(NCCc1ccccc1)Nc1ccc(NS(=O)(=O)c2cccc3[nH]ccc23)cc1	1.0	0	0.0	0.978
1	CN(C)c1ccc(-c2cc(C(=O)NCCCN3CCOCC3)nc3ccccc23)cc1	1.0	0	0.0	0.972
1	COc1ccc(C2(c3ccc(OC(C)=O)cc3)NC(=O)N(COC(=O)c3cccc(S(C)(=O)=O)c3)C2=S)cc1	1.0	0	0.0	0.821
1	CNC(=O)NC(=O)CSc1n[nH]c(-c2ccccc2)n1	1.0	0	0.75	0.975
1	COc1ccccc1N1CCN(CCCC(=O)NCc2ccco2)CC1	1.0	0	0.699	0.982
1	COc1ccc(Cc2nc3ccccc3c3nc4ccccc4n23)cc1	1.0	0	0.966	0.982
1	COc1ccc(CCNC(=O)COc2ccc(S(=O)(=O)NCCC(C)C)cc2OC)cc1	1.0	0	0.0	0.978
1	O=[N+]([O-])c1ccc2nc(-c3ccc(CN4CCC(c5nc6ccccc6[nH]5)NCCC4)cc3)cnc2c1	1.0	0	0.0	0.866
1	COc1cc(C)c(S(=O)(=O)N(C)CC(=O)Nc2cc(Cl)ccc2OC)c(C)c1Cl	1.0	0	0.921	0.965
1	CCn1c(O)c2c(c1O)C1(C(=O)O)CCCC1=S2	1.0	0	0.772	0.204
1	c1cc(SC2CC2)c2ccc(NS(=O)(=O)c3ccc(O)nc3)cc2c1	1.0	0	0.754	0.94
1	COC(=O)COc1cccc(NS(=O)(=O)c2cc(Cl)ccc2Cl)c1	1.0	0	0.85	0.984
1	CCCCCCCCOc1ccc(NS(=O)(=O)c2cc(Cl)cc(Cl)c2O)cc1	1.0	0	0.729	0.977
1	COc1nc(C)c(NC(=O)C(NS(=O)(=O)c2ccccc2F)C(C)C)c(C)c1Br	1.0	0	0.85	0.87
1	O=C(CSc1ccccn1)NC(=S)NCc1ccccc1	1.0	0	0.758	0.982
1	CN(C)c1ncnc2ccc(-c3cccc(C#N)n3)cc12	1.0	0	0.775	0.955
1	COc1ccc(S(=O)(=O)N2CCOC2CCNC(=O)C(=O)NCc2cccnc2)cc1C	1.0	0	0.0	0.871
1	Cc1nnc(SCC(=O)Nc2ccc(F)c(F)c2)s1	1.0	0	0.917	0.981
1	COc1ccc(OC)c(C(F)(F)C(F)(F)F)c1	1.0	0	0.857	0.973
1	Cn1nccc1C(=O)Nc1ccc(NC(=O)c2ccc3c(c2)OCO3)cn1	1.0	0	0.619	0.969
1	Nc1ccccc1NC(=O)c1ccc(CNC(=O)C2CCCN2S(=O)(=O)c2ccc(F)cc2)cc1	1.0	0	0.0	0.945
1	NCCCCCCN(Cc1ccccc1)C(=O)C(O)C(Cc1ccccc1)NC(=O)c1ccccc1	1.0	0	0.0	0.893
1	O=C(Cn1cnc2ccccc2c1=O)N1CCOCC1	1.0	0	0.969	0.984
1	CC(C)(C)CS(=O)(=O)N1CCC2CCNC2C1	1.0	0	0.896	0.721
1	COc1ccc(C(=O)N(Cc2ccccc2)c2ncc(C(F)(F)F)cc2Cl)cc1	1.0	0	0.978	0.974
1	O=[N+]([O-])c1ccc(-c2nnc(-c3ccccc3)o2)cc1	1.0	0	0.859	0.988
1	CCCCCC=CCC=CCCCCCCCCC1COC(c2ccccc2)O1	1.0	0	0.0	0.81
1	CC(=NNc1nc2cc(C)cc(C)c2cc1Cl)c1ccc(O)cc1	1.0	0	0.92	0.966
1	COc1nc(OC)nc(Oc2ccc(Cl)cc2)n1	1.0	0	0.915	0.975
1	COc1ccc(C(C(O)CNC(C)C)NNc2ccc3c(c2)OCO3)cc1	1.0	0	0.849	0.815
1	Cc1c(Cc2ccccc2)n(Cc2ccc(O)cc2)c2ccccc12	1.0	0	0.89	0.983
1	CC(c1ccccc1)c1cc2ccccc2[nH]1	1.0	0	0.889	0.962
1	C=CCc1c(C)ncnc1NC(C)=O	1.0	0	0.755	0.94
1	COC(=O)C(CC(C)=O)=C(OC)C(=O)OC	1.0	0	0.877	0.884
1	O=C(c1cc(F)ccn1)N1C2CCC1CC(NS(=O)(=O)c1ccc(OC(F)F)cc1)C2	1.0	0	0.0	0.488
1	CCN(CC)C(=O)CN1c2ccccc2CS1(=O)=O	1.0	0	0.847	0.937
1	O=C(CCC1CCCC1)NCCn1nnnc1-c1cccc(Cl)c1	1.0	0	0.807	0.97
1	NCCCSC1=CC(=O)c2ccccc2C1=O	1.0	0	0.81	0.959
1	CC1(C)Cc2c(sc(NS(=O)(=O)c3c(Cl)cccc3Cl)c2C(F)(F)F)C(=O)C1O	1.0	0	0.814	0.651
1	CC1Sc2ccc(S(=O)(=O)NCCCO)cc2NC1=O	1.0	0	0.857	0.898
1	CCOc1cc(C(=O)O)ccc1S(=O)(=O)NCCCN1CCOCC1	1.0	0	0.741	0.976
1	CC(=O)c1c(Nc2ccc(O)cc2)nc2c(Cl)cccc12	0.0	0	0.0	0.0
1	COc1ccc(CN2CCN(CC=C3CCCCC3)CC2)cc1	1.0	0	0.786	0.973
1	COc1ccc2c(c1)C(=O)N(CC1(O)CCCCC1)CC2	1.0	0	0.966	0.961
1	CCC(NC1C(=O)C(=O)C1=Nc1ccc(C(C)(C)C)cc1)C(=O)O	1.0	0	0.877	0.718
1	O=C(Nc1ccc(F)cn1)c1ccc([N+](=O)[O-])cc1C(F)(F)F	1.0	0	0.858	0.973
1	CCCCC(=O)N(C1CCCCC1)C(C)(C)C	1.0	0	0.918	0.963
1	COc1cc2c(C)c(CCN3Cc4ccccc4C3=O)c(=O)oc2cc1OC	1.0	0	0.801	0.965
1	CC(C)n1c(=O)c(C(=O)NCCC2=CCCCC2)cn2ncnc12	1.0	0	1.069	0.893
1	CCCS(=O)(=O)c1cccc(C#Cc2ccc(OC)cc2OC)c1	1.0	0	0.757	0.97
1	O=C(c1ccccc1)C(CN1CCCCC1)N1CCCCC1	1.0	0	1.0	0.951
1	Cc1cccc(C(=O)NC2CCNCC2)c1	1.0	0	0.826	0.987
1	NCc1ccc(CN2CCN(c3ccc(Cl)cc3)CC2)cc1	1.0	0	0.823	0.99
1	COc1cc(C(=O)NN=C2CCCCCCC2)cc(Br)c1O	1.0	0	0.861	0.965
1	OC1(c2cccnc2)CCN(c2ncnc3[nH]cnc23)CC1	1.0	0	0.936	0.91
1	CN(C)c1cccc2c1nnn2-c1cc(C(=O)O)c2ncc(-c3ccc(Cl)c(Cl)c3)n2n1	1.0	0	0.0	0.899
1	CCn1nnc(NC(=O)c2ccccc2)n1	1.0	0	0.859	0.98
1	CS(=O)(=O)CCCCCc1ccc(C(F)(F)F)cc1	1.0	0	0.773	0.984
1	CCNC(=O)NC(=O)CN(c1ncnc2cc(C(=O)NCCCCCCC(=O)NO)cnc12)C1CCC(F)(F)CC1	1.0	0	0.0	0.825
1	CC(=O)N(c1ccccc1)c1ccc(Cl)cc1Cl	1.0	0	0.916	0.985
1	NC(=O)c1ccc2nc(O)c(-c3ccc(F)c(Cl)c3)c(O)c2c1	1.0	0	0.877	0.957
1	COc1ccccc1C1c2ccccc2C(=O)N1CC(=O)c1ccc2c(c1)OCCO2	1.0	0	0.0	0.928
1	COc1ccc(CN2C(=O)C(CCC(=O)NCC(O)c3ccccc3)CCN2c2ccccc2)cc1	1.0	0	0.0	0.805
1	Cc1cc(NC(=O)COc2ccccc2F)n(-c2ccccc2)n1	1.0	0	0.816	0.986
1	CCCCCCCCC=CCCCCCCCCNC(=O)Nc1ccc(S(N)(=O)=O)cc1	1.0	0	0.0	0.968
1	CC(NC(=O)c1c(Cl)cccc1Cl)C1CCCCC1	1.0	0	0.887	0.958
1	COc1ccc(CC(=O)N2CCC(F)(C(=O)N3CCC(c4ccccc4)CC3)CC2)cc1	1.0	0	0.0	0.962
1	CCN(CC)C(=O)CNC(=O)c1nn(-c2ccc(OC)cc2OC)c(=O)c2c(C)csc12	1.0	0	0.0	0.929
1	CCCn1c(=O)c2[nH]c(-c3ccc(OCCCn4cc(C=CC(=O)C(C)C)c(C)c4)nn3)cc2n(CCC)c1=O	1.0	0	0.0	0.767
1	COc1cc(C=C2SC(=S)N(c3ccccc3)C2=O)on1	1.0	0	0.914	0.954
1	O=C1OCCC1Sc1nnnn1-c1ccc([N+](=O)[O-])cc1[N+](=O)[O-]	1.0	0	0.853	0.842
1	CCOC(=O)Nc1nc(-c2ccccc2)cs1	1.0	0	0.807	0.989
1	COc1ccc(C(C)C)cc1S(=O)(=O)Nc1ccc(Cl)cn1	1.0	0	0.917	0.979
1	Cc1cc2nsnc2c1Nc1nccc(C)c1[N+](=O)[O-]	0.0	0	0.0	0.0
1	CCOC(=O)Oc1cncc(C(=O)OCC)c1N	1.0	0	0.86	0.958
1	O=C(C=Cc1cccn(CCCCCN2CCCC2=O)c1F)CNCCc1ccc(Cl)c(Cl)c1	0.0	0	0.0	0.0
1	O=C(Nc1cccc(CN2CCC(C(=O)NC3CCCCC3)CC2)c1)c1ccc(CN)o1	1.0	0	0.0	0.969
1	Nc1ccc(S(=O)(=O)c2ccc(Sc3c(Cl)cncc3Cl)cc2)cc1	1.0	0	0.826	0.962
1	CN(C)CCCN1c2ccccc2Sc2ccc(Cl)cc21	1.0	0	0.847	0.976
1	COc1ccc(CC(CO)N=C(N)N2CCOCC2)cc1	1.0	0	0.885	0.893
1	COc1nc(C)c(-c2ccnc(Oc3ccc(C(=O)O)cc3)c2)n(CC(C)(C)O)c1=O	1.0	0	0.0	0.922
1	COc1ccc(-c2cc(C(=O)N3CCCC3c3cccnc3)nn(Cc3ccccc3)c2=O)cc1	1.0	0	0.0	0.919
1	COc1ccc(C(=O)Nc2ccc(Nc3ccccc3)cc2)cc1	1.0	0	0.657	0.994
1	NCC(=O)NC1CCC(Nc2cc(NC3CC3)n3ncc(C=C4NC(=O)NC4=O)c23)CC1	0.0	0	0.0	0.0
1	COC1CN(C(=O)Cn2cc(C(C)=O)cn2)C2CCc3ccc(C#N)cc3C21	1.0	0	0.898	0.583
1	CC(OC(c1ccccc1)c1ccccc1)c1cc[n+](CCO)c[n+]1[O-]	1.0	0	0.85	0.7
1	Cn1cnc2c1c(=O)n(CC(=O)O)c(=O)n2C	1.0	0	0.868	0.963
1	CCc1cccc(CC)c1Oc1ccc2c(N)nc(N)nc2c1	1.0	0	0.857	0.965
1	O=C(NCCNc1ccc(F)cc1)Nc1ccc2ncnc(Nc3cccc(Cl)c3)c2c1	1.0	0	0.0	0.973
1	Fc1cccc(F)c1CSc1nnc(-c2ccncc2)s1	1.0	0	0.82	0.967
1	O=C(NCCCl)C(=O)Nc1cc(Cl)ccc1C(=O)c1ccccc1	1.0	0	0.867	0.981
1	CCCCN(C(=O)c1cnc(C(=O)Nc2ccc(C)c(C)c2)s1)C1CCOC1	1.0	0	0.766	0.862
1	Cc1cc(O)c(C)c2oc(C)c(C)c12	1.0	0	0.651	0.957
1	CN(C)CC(Oc1ccc(Cl)cc1)C1(O)CCCCC1	1.0	0	0.874	0.892
1	O=C1OC2(CCN(C(=O)Nc3cn(-c4cccc(Cl)c4)nn3)CC2)c2ccccc21	1.0	0	0.699	0.844
1	N#Cc1ccc(CC(CS)C(=O)O)cc1	1.0	0	0.808	0.938
1	COc1cc(C(C)C)cc(C(=O)Nc2nc(C)cs2)c1	1.0	0	0.761	0.981
1	COc1cccc(CNC(=O)c2cc(C)nc3ccccc23)c1	1.0	0	0.821	0.99
1	COc1ccc(CN2C3CCCC2CC(O)(c2nccn2C)C3)cc1OC	1.0	0	0.912	0.479
1	CCN(C(=O)c1ccc(Cl)c(S(=O)(=O)N2CCCC2)c1C)C1CCCCC1	1.0	0	0.788	0.96
1	CCCNC(=O)c1cccc2c1CCN(C(=O)CC(N)Cc1cc(Cl)ccc1CC)C2	1.0	0	0.0	0.893
1	O=C1CSC2(C(=O)N(Cc3ccccc3)c3ccccc3C2)N1	1.0	0	0.994	0.715
1	C#CCN(Cc1ccc2nc(C)c(CS(C)(=O)=O)cc2c1)c1c(Br)cc(C(=O)Nc2cc(O)cc3c2C(=O)c2ccccc2C3=O)c(C)n1	1.0	0	0.0	0.758
1	CN(C)C(=O)CN1CCc2ccc(C(=O)CCCN3CCC(c4ccc(Cl)cc4)CC3)cc2CC1	1.0	0	0.0	0.959
1	O=S1(=O)CCC(S(=O)(=O)Nc2ccc(OCc3ccccc3)cc2)CC1	1.0	0	0.727	0.975
1	CCOc1cccc(CN2CCN(c3cccc(OC)c3)CC2)c1	1.0	0	0.872	0.989
1	Cc1ccc(C(=O)OCC(=O)Nc2ccc3c(c2)OCO3)cc1C	1.0	0	0.766	0.987
1	O=C(O)C(Cc1ccccc1)Oc1ccc(OCc2cc(F)cc(F)c2)cc1	1.0	0	0.727	0.959
1	Cc1noc(C)c1Cn1cc(NC(=S)Nc2ccc(Cl)cc2)cn1	1.0	0	0.718	0.969
1	Cc1ccc(NS(=O)(=O)c2cc(Cl)ccc2Cl)nn1	1.0	0	0.962	0.976
1	Cn1ncc(NC(=O)c2nc(-c3ccccc3F)sc2N)c1N1CCCC(N)CC1	1.0	0	0.756	0.832
1	CC(C)NC(=O)N1CCC(n2nnc3ccc(F)cc32)CC1	1.0	0	0.797	0.963
1	CN1CCC(c2c(O)cc(O)c3c(=O)cc(-c4ccc(Cl)cc4)oc23)C(O)C1	1.0	0	0.821	0.776
1	COc1ccc(CNC(=O)c2cc3n(n2)CCCN3Cc2ccccc2)cc1	1.0	0	0.823	0.971
1	CCOC(=O)c1ccc(CN2CCSCC2)cc1	1.0	0	0.899	0.986
1	CC(N=c1c(O)c(O)c1=Nc1ccnc(NC2CCCCC2)c1F)C=Cc1ccccc1-c1ccccc1	1.0	0	0.0	0.602
1	Nc1cc(CN=c2c(O)c(O)c2=NC(c2cccc(C(F)(F)F)c2)c2cccc(C(F)F)c2)ccc1Cl	1.0	0	0.0	0.587
1	CCOC(=O)c1ccc(Cn2c(C3C3CC3C)c3ccc(C)cc3n2)cc1	0.0	0	0.0	0.0
1	COc1ccc(CNC(=O)c2ccc(-c3cccc(Cl)c3)o2)cc1	1.0	0	0.759	0.988
1	CNc1ncc2ccc(Cn3nc(C)cc3O)c(Cl)c2n1	1.0	0	1.043	0.891
1	O=S(=O)(c1ccc2c(c1)OC1Cc3[nH]c4ccccc4c3C1CC2)c1ccc(Cl)cc1Cl	1.0	0	0.0	0.744
1	CCCNC(=O)N1CC(OC)C(OC)C1	1.0	0	0.755	0.85
1	C=CCOc1ccc(C=C2NC(=O)N(CCC)C2=O)cc1	1.0	0	0.892	0.966
1	Cc1csc(N(C(=O)Cn2nnc3ccccc32)C(C)C)n1	1.0	0	0.863	0.949
1	c1ccc(-c2cc(NC3CCC3)n3ncnc3n2)cc1	1.0	0	0.871	0.971
1	O=C(O)c1ccc(NC(Cc2cn(Cc3ccc(C(F)(F)F)cc3)c3ccccc23)C(=O)O)cc1	1.0	0	0.0	0.926
1	CC(C)=CCCC(C)=CCCC(C)=CCC(C(=O)NCc1ccc(N(C)C)cc1)OC1OC(CO)C(O)C(O)C1O	1.0	0	0.0	0.298
1	COc1cccc(CNCC(O)c2ccc(O)c3nc(O)ccc23)c1	1.0	0	0.814	0.9
1	Oc1nc(Nc2cc(Cl)cc(Cl)c2)nc2scc(-c3cccs3)c12	1.0	0	0.817	0.936
1	CCCn1ncc2c(Nc3ccc(C(F)(F)F)cc3)c(C(=O)NCCCCCCCCCNc3c4ccccc4nc4ccccc34)ccc21	1.0	0	0.0	0.898
1	CS(=O)(=O)c1ccc2c(N)c(C#N)c(Cc3ccccc3)c(-c3cccs3)c2c1	1.0	0	0.899	0.945
1	O=S(=O)(NCCc1ccc(Cl)c(Cl)c1)c1ccc2c(c1)CNC(C(F)(F)F)C2	1.0	0	0.726	0.872
1	CCC(C(=O)NC1CCOCC1)n1cc(Cl)nc(OC)c1=O	1.0	0	0.868	0.826
1	CCCn1c(=O)c2c(nc3n2CCCN3c2cccc(CC)c2)n(C)c1=O	1.0	0	1.021	0.954
1	N=C(N)c1ccc(-n2nc(Cc3ccc(F)cc3)cc2-c2ccc(OC(F)(F)F)cc2)cc1	1.0	0	0.0	0.96
1	Cn1ccnc1C(c1cc(Cl)cc(Cl)c1O)N1C(=O)c2ccccc2C1=O	1.0	0	0.891	0.877
1	Oc1ccc(NC(=Nc2ccc(Cl)cc2)c2cccc(Cl)c2)cc1	1.0	0	0.839	0.978
1	O=C(O)C1CCN(c2cc(N3CCN(C(=O)c4ccccc4)CC3)cc3ccccc23)CC1	1.0	0	0.0	0.975
1	CCCCCCCCCCCCCCC(C)OC(=O)COC(=O)C(Cc1ccccc1)NC(=O)c1ccc(C)cc1	1.0	0	0.0	0.86
1	CN(C)C1CCC(c2ccc(C(F)(F)F)cc2)c2ccccc21	1.0	0	1.047	0.879
1	CN(CCc1ccccc1)C(=S)Nc1ccc(OC(F)(F)C(F)F)cc1	1.0	0	0.661	0.968
1	Cc1ccc(C(C)=NNC(=O)C2=C(O)c3ccccc3S(=O)(=O)N2)cc1[N+](=O)[O-]	1.0	0	0.818	0.916
1	CC(C)C=Cc1ncc2c(N)nc(C)nc2n1	1.0	0	0.781	0.846
1	Cc1cnc(-c2nnc(N(C)C(=O)c3cncs3)s2)o1	1.0	0	0.858	0.803
1	Cc1cc(CNC(=O)CCNC(=O)c2ccco2)nn1Cc1cccc(C(=N)N)c1	1.0	0	0.635	0.957
1	Oc1c2cnnc-2c2cc(F)c(-c3ccc(F)nc3)cc2n1CC(F)(F)c1ccccc1	1.0	0	0.0	0.859
1	CC(=O)NC(C)c1ccc(OC2CN(C(c)c3ccccc3)CC2O)cc1	0.0	0	0.0	0.0
1	CCN(CCCNCc1ccc(Cl)cc1)C1CC(C)N(Cc2ccc(Cl)cc2)S1(=O)=O	1.0	0	0.0	0.715
1	CC(C)(C)c1ccc(CCC2C3c4ccccc4C(c4ccccc43)NC2=O)cc1	1.0	0	0.754	0.672
1	COc1ccc(C(CO)NC(=O)c2cc(C(C)C)c(O)c(C(C)C)c2)cc1	1.0	0	0.778	0.928
1	Cc1nn(CC(=O)Nc2ccc(Cl)cc2)c(=O)c2cccnc12	1.0	0	0.914	0.983
1	O=C(Cc1cccc(C(F)(F)F)c1)Nc1sc2c(c1C(=O)N1CCOCC1)CCCCC2	1.0	0	0.0	0.961
1	CC(=O)NC1=NC(=O)C(=Cc2ccc(C)o2)S1	1.0	0	0.789	0.952
1	Cc1ccc(-c2c(C(=O)Nn3c(C)nc4ccccc4[n+]3=O)ccc3c4ccccc4nc-3c2O)cc1	1.0	0	0.0	0.867
1	CC(=NNC(=O)c1c(C)nc2ccccn12)c1ccc(Cl)cc1	1.0	0	0.89	0.972
1	CCOc1ccc(S(=O)(=O)NC(C(=O)O)C(C)C)cc1	1.0	0	0.85	0.971
1	Cn1cc(-c2cc3c(cc2C(F)(F)F)nc(O)n3C2CC(F)C(C)C2)nn1	1.0	0	0.877	0.35
1	CC(C)(NC(=O)c1ccnc(-c2ccc(F)cc2)n1)C(F)(F)F	1.0	0	0.75	0.959
1	CC(=O)Nc1ccc(NC(=O)c2ccccc2C)cc1	1.0	0	0.788	0.994
1	CCn1nnc2cc(C(=O)N3CCCC3)ccc21	1.0	0	1.073	0.982
1	COc1ncc2nc(C)c(=O)n(-c3cccc(Cl)c3)c2n1	1.0	0	0.851	0.961
1	Cc1cccc(Cl)c1NC(=O)c1cccnc1	1.0	0	0.799	0.99
1	O=C(O)CCSc1nnc(COc2ccc(Cl)cc2)n1-c1ccccc1	1.0	0	0.839	0.981
1	CCn1nc(Cc2ccc(O)cc2)ccc1=O	1.0	0	0.902	0.978
1	COc1ccc(OC)c(S(=O)(=O)Nc2cc3c(Oc4ccc(F)cc4F)cccc3s2)c1	1.0	0	0.0	0.957
1	CC1(C(=O)NCc2ccc(Cl)c(Cl)c2)Cc2c(-c3ccccc3)ccnc2O1	1.0	0	0.778	0.902
1	CC(=O)c1cc(O)c(O)c(O)c1	1.0	0	0.629	0.975
1	COc1ccc(S(=O)(=O)CCC#N)cc1C	1.0	0	0.807	0.975
1	CCc1ccc(CCn2cnc(-c3cc(-c4ccnnc4)cnc3N)c2-c2ccc(N(C)C)cc2)cc1	1.0	0	0.0	0.914
1	CC(C(=O)NO)N(Cc1ccc([N+](=O)[O-])cc1)C(=S)Nc1ccc(F)cc1F	1.0	0	0.836	0.897
1	COc1ccc2c(Oc3ccc(NC(=O)c4c(C)n(-c5ccccc5)c(=O)n4C)cc3F)ccnc2c1	1.0	0	0.0	0.946
1	O=C(Nc1nc2cccc(Cl)c2c2[nH]c(-c3ccccc3)nc12)C1CCCCC1	1.0	0	0.772	0.957
1	Cc1nn(Cc2ccccc2)c(C)c1NC(=O)c1ccco1	1.0	0	0.779	0.984
1	Nc1ncnc2c1nc(Sc1ccc([N+](=O)[O-])cc1)n2C1OC(CO)C(O)C1O	1.0	0	0.964	0.602
1	CCCC(CCC)C(=O)NCc1cc(-c2cccs2)on1	1.0	0	0.835	0.956
1	O=[N+]([O-])c1cc(S(=O)(=O)N2CCCC2)ccc1Cl	1.0	0	0.871	0.985
1	CN(C(=O)c1cc(-c2ccc(Cl)cc2)nc(-c2ccccc2)c1)N1CCOCC1	1.0	0	0.742	0.962
1	Cn1cccc1C(=O)NN=C(c1ccncc1)c1ccc(CCN2CCOCC2)cc1	1.0	0	0.0	0.95
1	OCC1OC(Sc2ccc(Cl)cc2)C(O)C(O)C1O	1.0	0	0.871	0.718
1	NC(=O)c1ncc(NS(=O)(=O)c2ccc(F)cc2)c2oc3ccccc3c12	1.0	0	0.796	0.955
1	CC(=O)Nc1cc(C(F)(F)F)ccc1OCc1ccc(C)cc1	1.0	0	0.871	0.988
1	Cc1ccc(CNC(=O)C2C(=O)Nc3ccccc32)o1	1.0	0	0.861	0.925
1	Cc1ccc(C(=O)CC(C(=O)O)c2ccc(Cl)cc2)cc1	1.0	0	0.887	0.971
1	Fc1cccc(C[n+]2ccc(C(C)(C(=O)NO)CCO)cc2)c1	1.0	0	0.77	0.77
1	Nc1ncnc2c1sc1cc(-c3cccc(F)c3)ccc12	1.0	0	0.811	0.967
1	CCOc1[nH]nc2cc(NC(=O)NC(C)c3ccc(F)cc3)nc(C)c12	1.0	0	0.734	0.852
1	CCOCCC(=O)O	1.0	0	0.494	0.986
1	Oc1cccc2c3c(cc(Cl)c12)CCN(c1cc(NCc2ccccc2)nc(-c4ccccc4)nc12)CC3	0.0	0	0.0	0.0
1	Cc1cc(Oc2cccnc2)cc(C(=O)Nc2ccc(Cl)cn2)c1	1.0	0	0.813	0.979
1	CCCC(=O)N1CCC(Oc2cc3c(Nc4cc(Cl)c(Cl)c(Cl)c4)ncnc3c2)C1	0.0	0	0.0	0.0
1	CSc1ccc(CN2c3ccccc3CC2C)cc1	1.0	0	0.927	0.961
1	O=[N+]([O-])c1ccc(C(=S)N2C(=O)c3cccnc3C2=O)cc1	1.0	0	0.889	0.948
1	N#CCCN(C(=O)COC(=O)c1cncc(Br)c1)c1ccccc1	1.0	0	0.818	0.969
1	Cc1cc(C)n2nncc2c1-c1ccc(Cl)cc1	1.0	0	0.839	0.959
1	CCc1nn2c(O)cc(C)nc2c1-c1ccc(Cl)c(Cl)c1	1.0	0	0.925	0.947
1	Cc1noc(NS(=O)(=O)c2ccccc2-c2cnc(C)nc2)c1C	1.0	0	0.964	0.955
1	COCCC(=O)N1CCC(CNc2nc3c(s2)CCCc2ccc(OC)cc2-3)CC1	1.0	0	0.713	0.948
1	Cc1cccc(C(=O)NN=C2CSc3ccccc3N2CC(C)C)c1	1.0	0	0.881	0.945
1	Cc1ccc(CC(CC(=O)O)C(=O)NC(C)C(=O)NCc2ccc(CN)cc2)cc1	1.0	0	0.687	0.915
1	CC(=O)OC1CCC2(C)C(=NOCc3ccccc3)CCC2(C)C1CCO	1.0	0	0.754	0.448
1	CCOC(=O)C1CCCN(C(=S)Nc2ccc(C)cc2C(F)(F)F)C1	1.0	0	0.868	0.928
1	Cc1ccc(NC(=O)c2cccc3ccccc23)cc1	1.0	0	0.835	0.994
1	CC1(C)CCC2(C)c3ccc(O)cc3CCC1O2	1.0	0	0.784	0.313
1	Cc1cc(F)ccc1S(=O)(=O)NCc1ccccc1CN1CCCCCCC1	1.0	0	0.918	0.979
1	COc1nc(NC(=O)Cc2ccc(Oc3ccccc3)cc2)ccc1Br	1.0	0	0.731	0.981
1	COc1ccc(C(=O)NCc2cc(F)c(F)c(F)c2)c(OC)c1	1.0	0	0.88	0.984
1	CCOc1nsnc1NS(=O)(=O)c1ccc2c(c1)OCCO2	1.0	0	0.927	0.94
1	Oc1nc(O)c(Cl)c(Cl)n1	1.0	0	0.824	0.801
1	COc1ncc(F)cc1C1CCCN1c1ccn2ncc(C(=O)NCCCN(C)C)c2n1	1.0	0	0.0	0.797
1	CC(C)CNC(=O)c1ccc(COc2ccccc2)cc1	1.0	0	0.789	0.993
1	O=C(O)CCCC=C1CCC2C3CCC4CC(O)CCC4(C)C3CCC12C	1.0	0	0.76	0.391
1	Cc1cc(C(F)(F)F)c2[nH]c3c(c2c1)CN(C)C(=O)CN3c1cccc2cccnc12	1.0	0	0.0	0.867
1	COc1ccccc1NC(=O)CSc1nnc(COc2ccccc2)n1CCc1ccccc1	1.0	0	0.0	0.979
1	Cc1ccc(CNC(=O)c2nnc(-c3ccc(C)o3)o2)cc1	1.0	0	0.802	0.974
1	CC12C=CC(=O)C=C1CCC1C2C(O)CC(O)C1(O)O	1.0	0	0.802	0.261
1	CCC(=O)N(Cc1ccco1)c1cc(Cl)ccc1Cl	1.0	0	0.984	0.972
1	COc1ccccc1NC(=O)Cc1noc2c1ccc1cc(O)ccc12	1.0	0	0.839	0.97
1	Cc1cc(C(=O)O)c(C(=O)O)c(SC(=O)c2ccccc2)n1	1.0	0	0.778	0.961
1	CCN1C(=O)CC(C(=O)Nc2cc(C)cc(C)c2)S1	1.0	0	0.862	0.832
1	Oc1nc(CSc2nnc(-c3ccccc3)o2)nc2ccccc12	1.0	0	0.795	0.971
1	Cc1ccc(Nc2nc3cc([N+](=O)[O-])ccc3[nH]2)o1	1.0	0	0.843	0.935
1	OC(CS(=O)(=O)Nc1cccc(C(F)(F)F)c1)C(=O)N1CCC(O)CO1	1.0	0	0.905	0.645
1	COc1ccc(CC(NS(=O)(=O)c2cnccc2N)C(=O)NC(CCCCN)C(N)=O)cc1	1.0	0	0.0	0.842
1	CCOC(=O)c1ccccc1NC(=O)COC(=O)CCc1c[nH]c2ccccc12	1.0	0	0.666	0.982
1	Cc1ccc(OCC(=O)c2cc(C)n(CCc3ccc(F)cc3)c2C)cc1	1.0	0	0.761	0.984
1	Oc1ccc2c(c1)CC(Nc1nc3c(NCCN4CCOCC4)c(Cl)cn3n1)CC2	0.0	0	0.0	0.0
1	O=C(O)CCC1CC(=O)NN(C2CC(C3CCC(=O)O3)CC2)C1=O	1.0	0	0.837	0.384
1	NCCCn1c(Nc2ccccc2)c([N+](=O)[O-])c(=O)n1CCc1ccccc1	1.0	0	0.849	0.935
1	CC(CCC(=O)Nc1ccc(S(N)(=O)=O)cc1Cl)C1CCCCC1	1.0	0	0.752	0.94
1	NC(=O)c1cnc2cc(-c3cc[nH]c3)ccc2c1	1.0	0	0.788	0.959
1	Cc1ccc(Cn2cc(CN3C(C(=O)O)Cc4ccccc4C3)c(-c3ccc(F)cc3)n2)cc1	1.0	0	0.0	0.915
1	CC(=O)NC(Cn1cncn1)CP(=O)(O)O	1.0	0	0.836	0.719
1	CC(=O)Nc1ccc(Nc2nc3ccccc3nc2-n2nc(C)cc2C)cc1	1.0	0	0.96	0.972
1	O=C(Nc1c(F)ccc2ccccc12)Oc1ccc(F)cc1	1.0	0	0.848	0.985
1	O=C1CC(c2ccc(F)cc2)Sc2cc(Cl)c(Cl)cc2N1	1.0	0	0.939	0.906
1	CCOC(=O)c1csc(C(Cc2ccc(Cl)cc2)C(N)=O)n1	1.0	0	0.939	0.925
1	COc1cc(N(CCN)C(=O)CCCc2nc3ccccc3[nH]2)cc(OC)c1OC	1.0	0	0.697	0.955
1	COc1cc2c3c(c1)C(c1ccc(O)c(C)c1)CC3=NC(C)=NC2=O	1.0	0	1.031	0.81
1	O=C(NO)C1CC(O)CN1c1cccc(F)c1	1.0	0	0.82	0.869
1	Cc1cc(CON=C2C(=O)Nc3cccc(Cl)c32)[nH]n1	1.0	0	0.859	0.852
1	COCCNC(=O)c1ccc(S(=O)(=O)NCC2CCCCC2)cc1	1.0	0	0.741	0.984
1	O=C(Cc1cccs1)Nc1ccc2[nH]c(O)nc2c1	1.0	0	1.002	0.963
1	N#Cc1cc(S(=O)(=O)Nc2ncns2)ccc1Oc1ccc(Cl)c(Cl)c1	1.0	0	0.811	0.944
2	Cc1ccc(C(=O)c2cc(Cl)ccc2NS(=O)(=O)c2ccc(F)cc2)c(C)c1	1.0	0	1.04	0.982
2	Brc1ccc(OCc2ccncc2)cc1	1.0	0	0.835	0.992
2	COc1ccc2nc(O)c(CNc3ccc(N(C)C)cc3)cc2c1	1.0	0	0.9	0.97
2	Cc1ccc(C(=O)Nc2ccc(Br)cc2)cc1	1.0	0	0.756	0.995
2	CCNc1nc(Nc2cnc(C)n2)cc2nc(Nc3ccc(C(=O)N(C)C)cc3)ncc12	0.0	0	0.0	0.0
2	Cc1cc(C)nc(SCC(=O)Nc2ccc(Cl)cc2Cl)n1	1.0	0	0.869	0.983
2	COc1cc2c(Nc3ccc(Cl)cc3Cl)c(C)nnc2cc1OC	1.0	0	0.925	0.97
2	O=c1ccn(C2CC(F)C(CSc3ccc(F)cc3)O2)c(=O)[nH]1	1.0	0	0.924	0.693
2	O=S(=O)(Cc1cccc(Br)c1)NS(=O)(=O)c1cc(Cl)ccc1Cl	1.0	0	0.955	0.965
2	COC1CCC(CC2(OCCCn3cc(C)nc3C)=C(C=O)C(=O)OC2=O)CC1	0.0	0	0.0	0.0
2	COc1ccccc1C(c1ccccc1)c1c(C)n(C)c2ccccc12	1.0	0	0.974	0.951
2	CCN(CC)C(=O)c1sc(NS(=O)(=O)c2ccc(F)cc2)c(C)c1	1.0	0	0.807	0.962
2	CCC(CC)(c1ccc(C=O)s1)c1ccc(OC)c(N)c1	1.0	0	0.898	0.911
2	OC(=C(Cl)Cl)c1cc(Cl)ccc1Cl	1.0	0	0.696	0.956
2	CCCCCCN(CCCC)c1ccc(C=C2COc3ccccc3C2=O)cc1	1.0	0	0.779	0.962
2	Nc1nc2ccccc2nc1C(=O)NNS(=O)(=O)Cc1ccccc1	1.0	0	0.8	0.968
2	O=C(O)C=NC1CCCCCCC1	1.0	0	0.658	0.939
2	CC1=C(c2ccccc2)N(C)C(C)C1	1.0	0	0.805	0.895
2	Oc1ccc2nc(Cl)cnc2c1	1.0	0	0.638	0.971
2	Nc1nc2c(s1)=CCc1cc(Cl)c(Cl)cc1O2	0.0	0	0.0	0.0
2	Cn1c(S)nnc1Cn1nnc(-c2ccccc2)n1	1.0	0	0.884	0.948
2	CC(=O)c1cnc(N2CCN(C(=O)C3CC3c3ccc(Cl)cc3)CC2)nc1O	1.0	0	0.741	0.832
2	CCCCc1c(C(=O)CC)c(NC(=O)C(C)C)sc1=O	0.0	0	0.0	0.0
2	O=C(NC1=NCCCCC1)S12CCCCC1CO2	1.0	0	0.796	0.24
2	O=C(Cc1ccc(C(=O)N2CCC(C(=O)NCCc3ccc(Cl)cc3)CC2)cc1)NO	1.0	0	0.0	0.98
2	COC(=O)CSC(=O)C(c1ccccc1)c1ccccc1OC	1.0	0	1.052	0.933
2	COc1ccc(OC)c(C(=O)c2ccccc2)c1-c1cc(O)cc(O)c1	1.0	0	0.755	0.974
2	COc1ccccc1C(c1ccccc1)C1CCN(C(C)CCc2ccccc2)CC1	1.0	0	0.0	0.901
2	CC(=O)Nc1cc(-c2cccc(O)c2)ncn1	1.0	0	0.785	0.98
2	CC1C=CCC2C(=O)N(c3ccccc3)C(=O)C12	1.0	0	0.915	0.87
2	O=C(c1ccc(NS(=O)(=O)c2cccc3cccnc23)cc1)N1CCCCC1	1.0	0	0.834	0.982
2	O=Cc1cccc(S(=O)(=O)N2CCC(Nc3nc(N)c(C#N)s3)CC2)c1	1.0	0	0.749	0.916
2	COc1ccc(O)c(CCC(=O)NNC(=O)c2ccc(Cl)cc2)c1	1.0	0	0.663	0.985
2	Cc1cc(=O)n2nc(OC3CCCC3)sc2n1	1.0	0	0.804	0.928
2	Cc1cc(N)nnc1CNC(=O)c1cc(Cl)ccc1OCC(F)F	1.0	0	0.916	0.94
2	COC(=O)c1c(C)[nH]c2cc(Br)ccc12	1.0	0	0.756	0.98
2	COCc1cc(C)nc(OCCOc2ccc(F)cc2)c1C(C)C	1.0	0	0.757	0.963
2	COc1ccc(NS(=O)(=O)c2ccc(C(=O)N(C)Cc3ccc(C)o3)cc2)cc1	1.0	0	0.762	0.981
2	CNC(=O)c1ccc(CSc2ccc(Cl)cc2)o1	1.0	0	0.892	0.979
2	CCC(C=O)NC(=O)c1ccc(N)cc1	1.0	0	0.758	0.948
2	CC(C)CC(=O)C(C)C(=O)C(C)(C)C(=O)N1CC(C)CCC(C)C1=O	1.0	0	0.822	0.459
2	NS(=O)(=O)c1ccc2c(c1)nc(CO)n2CCCC1CCCCC1	1.0	0	0.862	0.965
2	Cc1nn(C)c(C)c1NS(=O)(=O)c1ccc(Cl)cc1	1.0	0	0.875	0.983
2	C=CCn1c2ccccc2c2nnc(SCc3ccc(Br)cc3)nc21	1.0	0	0.844	0.962
2	Nc1nccc2sc(-c3ccoc3)cc12	1.0	0	0.747	0.932
2	O=C(NCC(=O)N1CCN(c2ccc(F)cc2)CC1)c1ccccc1Nc1cccc2[nH]ncc12	1.0	0	0.0	0.965
2	CN1CCN(c2ccccc2NC(=O)c2ccc(CN3CCCCC3)cc2)CC1	1.0	0	0.681	0.985
2	CC(C)N=C1C=C(O)OC12CCCCC2	1.0	0	0.771	0.495
2	CCCOc1ccc(C(C)=NNc2ccc(F)cc2F)cc1	1.0	0	0.896	0.983
2	Cc1cc(C(=O)c2ccccc2)n2ccnc(CC3CCCC3)c2n1	0.0	0	0.0	0.0
2	CCOC(=O)c1sc(NC(=O)COc2ccc(C)cc2)cc1C	1.0	0	0.804	0.981
2	O=C(O)c1ccc2nc(-c3ccc(F)cc3)c3ncnn3c12	0.0	0	0.0	0.0
2	CCCCCCCCC(=O)NCCc1ccc(OC(C)=O)cc1OC	1.0	0	0.703	0.982
2	O=C(OC1CCOCC1)N1CCCCCC1(CCCl)CC(=O)c1ccc(Cl)cc1	1.0	0	0.814	0.776
2	O=C(c1ccco1)N1CCC(n2nnc3cccnc32)CC1	1.0	0	0.843	0.959
2	CCN(C(C)=O)c1cccc(F)c1	1.0	0	0.762	0.985
2	COC(=O)c1ccc(CNC(=O)c2ccc3c(c2)N(C)C(=O)C2CCCCN32)cc1	1.0	0	0.705	0.938
2	N#CC(c1ccc(Cl)cc1)c1ccc(-c2ccncc2)cc1	1.0	0	1.014	0.955
2	CC1OC2(O)C3(C)CC(C)C(C1)C1(OC3OC(CO)C(O)C(O)C1O)OC23	0.0	0	0.0	0.0
2	Cc1nc2nc(-c3ccccc3)nn2n1	0.0	0	0.0	0.0
2	CCCCCNC(=O)NC(=O)c1ccc(C)cc1	1.0	0	0.76	0.992
2	CCOc1nc(Br)cnc1NS(=O)(=O)c1ccc(Cl)cc1Cl	1.0	0	0.96	0.954
2	COc1cccc(C(=O)NCc2nc3ccccc3n2C)c1C	1.0	0	0.916	0.984
2	CCCNC(=O)CNC(=O)c1ccc(Cl)cc1Cl	1.0	0	0.775	0.99
2	COc1cccc(S(=O)(=O)N(Cc2ccc(Cl)cc2)CC2CCCNC2)c1	1.0	0	0.938	0.937
2	NCCCNC(=O)c1cncc(NS(=O)(=O)c2ccc(F)cc2)c1	1.0	0	0.801	0.98
2	O=S(=O)(Nc1nccs1)c1ccc2c(c1)CCNCC2	1.0	0	0.85	0.964
2	CCn1nnnc1-c1cc(Cl)c(Cl)cc1Cl	1.0	0	0.743	0.966
2	CC(C)(C)C(=O)Nc1c2ccc(Cl)cc2cn1CCC(=O)O	1.0	0	0.804	0.935
2	C1=Nc2ccccc2OC1C1CCCCc2ccc(cc2)OCCO1	1.0	0	0.82	0.157
2	COc1ccc(OC(=O)c2cccc(S(=O)(=O)N3CCCC3)c2)cc1	1.0	0	0.741	0.988
2	O=C1c2cccc3cccc(c23)C(=O)N1CC(O)CO	1.0	0	0.753	0.949
2	CCCCn1c(SCc2ccc(OC)cc2)nc2ccccc21	1.0	0	0.846	0.987
2	Cn1nc(NS(=O)(=O)c2c(Cl)ccc2Cl)s1	0.0	0	0.0	0.0
2	O=[N+]([O-])c1ccc(Nc2nc(-c3ccccc3)cs2)cc1	1.0	0	0.933	0.988
2	COc1ccc(OC)cc1NC(=O)CN1C(=O)NC(C)(c2ccc(C)cc2)C1=O	1.0	0	0.789	0.952
2	COc1ccccc1CN1C(=O)C2Cc3ccccc3CN2C(=O)C2CCCCC21	1.0	0	0.892	0.795
2	COc1cccc(CN(CCCN)C(=O)c2ccc(C)cc2)c1	1.0	0	0.941	0.988
2	O=C(C=Cc1ccc(F)c(Cl)c1)NO	1.0	0	0.694	0.979
2	COCC(=O)Nc1ccc(C(=O)Nc2ccc(Cl)cc2C(=O)c2ccccc2)cc1	1.0	0	0.728	0.986
2	O=C1C(=O)c2cc(Br)ccc2OC1c1ccccc1	1.0	0	0.964	0.939
2	OCCOCCNc1nc(-c2ccc(Cl)c(Cl)c2)cs1	1.0	0	0.822	0.972
2	CC(=O)Nc1ccc(C(=O)N2CCNCC2Cc2ccccc2)cc1	1.0	0	0.885	0.959
2	Cc1ccc(C(=O)Nc2ccc(Cl)nn2)cc1	1.0	0	0.737	0.988
2	COc1cc(C(=O)NCC2COc3ccccc3O2)ccc1NS(C)(=O)=O	1.0	0	0.787	0.942
2	COc1ccccc1CCC(C(=O)O)C1=NCCN1C(=O)NCc1ccccc1	1.0	0	0.791	0.889
2	O=S(=O)(c1cccc(Cl)c1)N1CCCC1c1ccc(Cl)cc1	1.0	0	1.003	0.965
2	O=C(OCCOCc1cn(Cc2ccc(Cl)cc2)cn1)c1ccc2c(c1)OCO2	1.0	0	0.627	0.959
2	Cc1ccc2nc(Cl)c(Oc3ncccc3C)cc2c1	1.0	0	0.949	0.968
2	CCCNS(=O)(=O)c1ccc(NC(=O)c2ccc(Cl)c(Cl)c2)cc1	1.0	0	0.735	0.988
2	CNS(=O)(=O)c1ccc(NC(=O)c2ccc(Cl)cc2)cc1	1.0	0	0.737	0.992
2	CC(C)CN1CC2C(C1)C2c1ccc(C(C)(C)C)cc1	1.0	0	0.845	0.859
2	Cc1occc1[S+]([O-])c1ccc(Cl)c(Cl)c1	1.0	0	0.87	0.543
2	COC1(C(=O)NC(C)C(=O)NCCCN(C)C)CC(=O)N(Cc2ccc(Cl)cc2)c2ccc(Cl)cc21	1.0	0	0.0	0.733
2	CCC(C)N1CCN(Cc2cc(Cl)ccc2Br)CC1	1.0	0	0.873	0.953
2	Nc1[nH]nc2cc(-c3ccc(CNC(=O)c4ccc(Cl)cc4)cc3)ncc12	1.0	0	0.702	0.97
2	CCOC(=O)c1ccc(NC(=O)N(C)c2cc(Nc3cccc(C)c3)nc(N3CCCCC3)n2)cc1	1.0	0	0.0	0.953
2	COc1nc(Nc2ccc(S(=O)(=O)NC(=O)CCN)cc2)ccc1Cl	1.0	0	0.725	0.963
2	Fc1cc(C(O)c2ccc(Cl)cc2)ccn1	1.0	0	0.872	0.948
2	CCOC(=O)CCNCc1ccc(C(C)(C)C)cc1	1.0	0	0.787	0.988
2	O=C(CSc1nc[nH]n1)NCCCCN(Cc1ccccc1)C(CC(C)C)NC(=O)C(c1ccccc1)c1ccccc1	1.0	0	0.0	0.726
2	O=C(OC1CCCCC1)N(c1ccc(Br)cc1)C1CCN(CCCF)CC1	1.0	0	0.822	0.944
2	Cc1ncc([N+](=O)[O-])n1CC(=O)NN=Cc1cccs1	1.0	0	0.785	0.93
2	Cc1ccc(C=NNC(=O)c2cc(O)c(-c3ccc(C)cc3)c(O)c2)cc1	1.0	0	0.731	0.977
2	Cc1ccoc1C(=O)Nc1ccc(Cl)cn1	1.0	0	0.802	0.975
2	Cc1ccnc(NS(=O)(=O)c2ccc(Cl)cc2)c1	1.0	0	0.852	0.987
2	CC(=O)c1ccc(OCCOc2cccc(C)c2)c(NS(C)(=O)=O)c1	1.0	0	0.76	0.983
2	O=S(=O)(NCCCN1CCC(O)(c2ccc(Cl)cc2)CC1)c1ccc(Cl)cc1	1.0	0	0.719	0.973
2	CC(=O)c1cc(-c2ccc(Cl)cc2)n(O)c(=O)[nH]1	0.0	0	0.0	0.0
2	Clc1ccc(Nc2nc(Cl)nc3ccccc23)cc1	1.0	0	1.002	0.988
2	CCCc1c(Cc2ccc(-c3ccc(C#N)cc3)cc2)c(=O)oc2ccccc12	1.0	0	0.89	0.973
2	N=C(N)Nc1ccc(Cc2cc(C(=O)N(C)C)nc3ccccc23)cc1	1.0	0	0.977	0.967
2	O=[N+]([O-])c1cc(S(=O)(=O)Nc2ncccc2C2CCCCC2)ccc1F	1.0	0	0.858	0.964
2	CCCCNC(=O)c1c2c(nc3ccccn13)CCC2	0.0	0	0.0	0.0
2	O=C(Nc1cccc(C(=O)N2CCCCC2)c1O)Nc1cccc2ccccc12	1.0	0	0.682	0.982
2	O=C(Cc1cccc2ccccc12)NO	1.0	0	0.769	0.99
2	O=S(=O)(c1ccc(OC(F)(F)F)cc1)N1CCCCCCC1	1.0	0	0.812	0.985
2	CC(=O)Nc1ccc(S(=O)(=O)NCc2ccccc2)cc1	1.0	0	0.802	0.992
2	CC(C)c1ccc(S(=O)(=O)NCCSc2ccc(Cl)cc2)cc1	1.0	0	0.889	0.984
2	CCc1cc(O)c(-c2cccc3ccc(-c4nn[nH]n4)c2)cc1O	0.0	0	0.0	0.0
2	CC(=O)c1cccc(NS(=O)(=O)c2ccc(C)c(C)c2)c1	1.0	0	0.864	0.989
2	O=S(=O)(NCCc1csc(-c2cscn2)n1)c1ccc(Cl)cc1Cl	1.0	0	0.738	0.944
2	CC(=O)Nc1cnc2ccc(-c3cnc(Cl)c(NS(=O)(=O)c4ccc(Cl)cc4)c3)cc2c1N(C)C	1.0	0	0.0	0.936
2	O=C(c1cncc(OCc2ccco2)c1)c1ccc(N2CCC(O)C2)cc1	1.0	0	0.785	0.922
2	O=C(Nc1ccc2oc(CCc3ccccc3)nc2c1)c1cccs1	1.0	0	0.684	0.98
2	COc1cccc(NC(=O)CCCC(=O)c2ccccc2)c1	1.0	0	0.76	0.992
2	COc1nc2c(c(=O)c3ccccc3o2)c(=O)n1-c1ccccc1	1.0	0	0.891	0.966
2	CCc1nc2ccccc2c(=O)n1CCC(=O)N1CCCCC1C	1.0	0	1.115	0.945
2	CC(C)C(NC(=O)N1CCOCC1)C(=O)N1CCC(O)C1B(O)O	1.0	0	0.833	0.568
2	NC(=O)c1cc(Cl)c2cccnc2c1-c1cccc(Cl)c1	1.0	0	0.843	0.975
2	Brc1ccc(CNc2ncnc3ccc(Cl)cc23)nc1	1.0	0	0.852	0.974
2	COc1cc(C(=O)Nc2c(C)cccc2C)ccc1OCc1c(C)n(C)n(-c2ccccc2)c1=O	1.0	0	0.0	0.966
2	Cc1ccc(C(=O)NCC(C)(C)C)cc1-c1noc(C2CCCCC2)n1	1.0	0	0.737	0.965
2	CCCSc1ccc(C(=O)Nc2ccc(F)cc2C)cc1	1.0	0	0.755	0.988
2	c1cc(-c2cncnc2)cs1	1.0	0	0.753	0.967
2	Cc1cc(SCC(=O)OCC(=O)NC(=O)NC2CCCC2)ccc1Cl	1.0	0	0.701	0.973
2	Cc1ccc(S(=O)(=O)Nc2cccnc2)c(S(=O)(=O)Nc2ccc(Br)cc2)c1	1.0	0	0.839	0.972
2	Oc1nc2ncc(Cl)c(Cl)c2n1Cc1ccc(Cl)cc1	1.0	0	0.954	0.947
2	O=C(NS(=O)(=O)c1ccccc1)c1cc(Oc2cccc(Cl)c2)cc(-n2cc(C(F)(F)F)cc2F)c1	1.0	0	0.0	0.93
2	COc1cc(C)cc(OC)c1CCC(C)S	1.0	0	0.829	0.91
2	COc1cccc(CN2CCN(Cc3cc(-c4ccc(Cl)cc4)on3)CC2C)c1	1.0	0	0.781	0.934
2	O=C(NCCO)c1cc(-c2nc(NC3CCCCC3)c3sccc3n2)ccn1	1.0	0	0.775	0.947
2	COc1ccc(NS(=O)(=O)c2ccc(C)cc2)c(OC)c1	1.0	0	0.908	0.991
2	CCOc1nc(Nc2cccc(C(F)(F)F)c2)nc(Oc2ccc(Cl)cc2)n1	1.0	0	0.787	0.968
2	COc1cc(C2Nc3ccccc3N=C3CCCC(=O)C32)ccc1O	1.0	0	0.951	0.799
2	C=CCNS(=O)(=O)NCc1ccc(Cl)cc1Cl	1.0	0	0.782	0.956
2	COC(=O)c1ccc2nc(OC)sc2c1-c1ccccc1	1.0	0	0.931	0.968
2	CC(C)(C)C(=O)NCc1cccc(Br)c1	1.0	0	0.819	0.987
2	O=C1c2ccccc2C(=O)C12Oc1ccccc1C12CCCN(C2CCCCC2)C1	1.0	0	0.84	0.514
2	COc1ccc(-c2cc(=O)c3ccc(OCCCN4CCCCC4)cc3o2)cc1	1.0	0	0.682	0.977
2	O=C(C=Cc1ccccc1)Nc1ccc(Cl)cc1Cl	1.0	0	0.833	0.99
2	CCOC(=O)CCNC(=O)N1CCCCCC(NS(=O)(=O)Cc2ccccc2Cl)C1=O	1.0	0	0.0	0.892
2	CC(=O)c1ccc(NC(=O)Cn2c(CCC(=O)O)ccc2-c2cccs2)cc1	1.0	0	0.757	0.966
2	CSC1=SSC(c2ccc(Cl)cc2)=NC1CO	1.0	0	0.846	0.396
2	NC(=O)c1cnc(NC2CCCCC2)nc1Nc1ccc(C(Cl)(F)Cl)cc1	1.0	0	0.909	0.943
2	CCn1cc(C(=O)N2CCN(c3cccc(Cl)c3)CC2)c(C)c1C	1.0	0	0.879	0.969
2	O=C(CCNC(=O)c1ccc(F)cc1)NO	1.0	0	0.866	0.991
2	COc1ccc2c(c1)n(C)c(=O)n2CCc1cccc(OC)c1OC	1.0	0	0.858	0.977
2	COc1cc2ncnc(N3CCC(C(=O)c4cccc(Cl)c4)CC3)c2cc1OC	1.0	0	0.768	0.972
2	Cc1cc(O)ccc1CC(=O)NC1C(O)OC(CO)CC1C(C)C	1.0	0	0.862	0.563
2	Cc1oc(-c2ccc(-c3ccccc3)cc2)nc1CN1CCCCC1	1.0	0	0.759	0.985
2	Cc1nnc(N=CC(=O)c2cccc(Br)c2)s1	1.0	0	0.906	0.93
2	CCOC(=O)CCC(=O)NS(=O)(=O)c1ccc(C(=O)OC(C)C(=O)N(C)C)cc1	1.0	0	0.644	0.934
2	Cc1ccc(NC(=O)Cn2c(O)cnc2O)cc1	1.0	0	0.931	0.962
2	CC1CCN(C(=O)COC(=O)c2ccccc2OCc2ccccc2)CC1	1.0	0	0.826	0.986
2	O=S1(=O)CC(N2CCCC2)CCN1Cc1ccc(Br)cc1	1.0	0	0.963	0.9
2	O=C(c1c(F)cccc1F)N1CCC(CCN2CCCCCC2)CC1	1.0	0	0.711	0.978
2	Cc1ccc2c(cnn2C(=O)CCC(=O)N2CCCCC2)c1NC(=O)c1ccc(Cl)cc1	1.0	0	0.0	0.96
2	COCCNC(=O)Cn1ncn2c(=O)oc3ccccc3c21	0.0	0	0.0	0.0
2	CC1CC(=O)N(CC(=O)NNC(=O)c2cccc(F)c2)c2ccccc2OC12CCOC2	1.0	0	0.0	0.575
2	Cn1nnc2c(N3CCOC3C(N)=O)nc(-c3cncc4ccc(C#N)cc34)nc21	1.0	0	0.789	0.648
2	CS(=O)(=O)CCc1c(S(=O)(=O)c2ccccc2)oc2ccccc12	1.0	0	0.931	0.957
2	CCOC(=O)c1ccc(N2C(=O)CC(Nc3ccc(Cl)cc3)C2=O)cc1	1.0	0	0.858	0.959
2	c1ccc(CCCCN2CCCC(Nc3ccc4[nH]ncc4c3)C2)cc1	1.0	0	0.752	0.941
2	c1ccc2c(c1)C1CC(C3CCCC3)nc21	1.0	0	0.909	0.727
2	CCN(C(=O)Cc1ccc(OC)cc1)C1CCN(Cc2ccccc2)CC1	1.0	0	0.692	0.985
2	O=C(O)c1ccccc1C=C1SC(=S)N(c2ccc(Cl)cc2)C1=O	1.0	0	0.89	0.977
2	Cc1noc(C)c1CSCC(=O)NNC(=O)c1cccc(F)c1	1.0	0	0.781	0.971
2	Cc1ccccc1N1CCN(C(=O)CC(N)Cc2cccc3ccccc23)CC1	1.0	0	0.739	0.953
2	CC(=O)N1c2ccc(Br)cc2C(c2ccccc2)C1c1ccccc1	1.0	0	1.061	0.909
2	CCC(NNc1c(Cl)cncc1Cl)C(=O)NC(C)C	1.0	0	0.85	0.838
2	CCOCCCNS(=O)(=O)c1ccc(NS(=O)(=O)c2ccc(C)cc2)cc1	1.0	0	0.756	0.983
2	CCCn1nc(S(=O)(=O)c2cccc(Br)c2)c2cc(C(N)=O)ccc21	1.0	0	0.852	0.957
2	CC(C)(C)c1ccc(OC(=O)Nc2cccc3cccnc23)cc1	1.0	0	0.772	0.983
2	Cc1oc(C(=O)O)cc1Cc1ccc(C(F)(F)F)cc1	1.0	0	1.03	0.972
2	O=C(Nc1ccc(C(=O)NCc2ccc(Cl)cc2)cc1)N1Cc2ccccc2C1	1.0	0	0.61	0.986
2	CCc1ncnc(-c2cc(Cl)c(C(=O)NC3CCN(Cc4ccccc4)CC3)c(F)c2)c1=O	0.0	0	0.0	0.0
2	CC(C)(C)OC(=O)NC(Cc1ccc(Cl)cc1)C(=O)NC(CO)C(N)=O	1.0	0	0.766	0.922
2	Cn1nc(C(=O)OCC2COC2)c2ccccc21	1.0	0	0.796	0.967
2	CCCCCSc1nc(C)c2cn(Cc3cccc(Cl)c3)c(O)c2n1	1.0	0	0.9	0.932
2	Cc1cn(C(=O)N2CCCC(CC#N)(c3ccc(C#N)cc3)C2)cc1C	1.0	0	0.926	0.709
2	Cc1ccc(C(=O)NC2CC2)cc1-c1ccc(C(=O)NC2CCCC2)cc1	1.0	0	0.688	0.986
2	CC(=O)Nc1c(C)cc(Cl)c(Cl)c1C	1.0	0	0.697	0.973
2	CCCOc1ccc2oc(C)c(C(=O)O)c2c1	1.0	0	0.781	0.981
2	O=C(CNCc1ccc2c(c1)OCO2)NN=Cc1ccc(Cl)cc1	1.0	0	0.719	0.977
2	CC(=O)Nc1cncc(Nc2cccc(F)c2)c1	1.0	0	0.793	0.983
2	CC(=O)NC1CCCC(NS(=O)(=O)c2ccccc2)CC=CCCCC(=O)N1	1.0	0	0.743	0.583
2	Cc1c(C(=O)c2ccc3cc[nH]c3c2)oc2ccc(Br)cc12	1.0	0	0.786	0.964
2	Cn1cc(C(=O)c2c(C)cc(C(=O)O)cc2)ccc1=O	1.0	0	0.96	0.98
2	Oc1ccc(CCN2CCCCC2)cc1	1.0	0	0.845	0.992
2	CCCN=c1c(N2CC(C)OCC2)c(O)nc2ccc(Cl)cc12	0.0	0	0.0	0.0
2	Cc1cc(C)nc(NS(=O)(=O)c2ccc(Br)cc2)n1	1.0	0	0.796	0.983
2	COC(=O)C(Cc1ccc(O)cc1)c1ccc(OCCc2ccc(N(C)C)cc2)cc1	1.0	0	0.0	0.944
2	O=C(NCC1CCN(c2ncnc3sccc23)CC1)C1CCCCC1	1.0	0	0.769	0.963
2	CCOCc1nc2c(C(=O)Nc3ccc(Cl)cc3F)cc(NC(=O)c3ccccc3C(F)(F)F)cc2[nH]1	1.0	0	0.0	0.943
2	CC(C)c1cccc(C(C)O)c1O	1.0	0	0.695	0.941
2	COc1cc2[nH]c(=S)n(CCCN3CCOCC3)c(=O)c2cc1OC	1.0	0	0.908	0.967
2	CC(=O)N1CCN(c2ccc(C(=O)N3CCCc4ccccc43)cc2)CC1	1.0	0	0.855	0.982
2	CNC(=O)c1cccc(CNC(=O)c2ccc3c(c2)OCO3)c1	1.0	0	0.815	0.987
2	Cc1ccc(C)c(S(=O)(=O)N2CCN(C)CC2)c1	1.0	0	0.888	0.987
2	CC(C)N(C(=O)c1cnccn1)c1ccc(C2CN(C)CC2c2ccc(Cl)cc2)cc1	1.0	0	0.0	0.812
2	Cc1nc(N)nc(NOCCOCCOC(=O)c2ccccc2)c1C#N	1.0	0	0.7	0.938
2	COC(=O)C1CN(Cc2nc(C)nc3sc4c(NC(C)C)nccc4c23)CCN1	1.0	0	0.872	0.704
2	COc1ccn2nc(-c3ccc(C(O)(C)C)cc3)c(-c3ccnc(OC)c3)c2n1	1.0	0	0.9	0.928
2	Cc1ccc(NS(=O)(=O)n2nc(N)nc2NCc2ccc(F)cc2)c(O)c1	1.0	0	0.805	0.932
2	O=S(=O)(NCCc1cccc(C(F)(F)F)c1)c1ccc(Cl)cc1Cl	1.0	0	0.832	0.981
2	CCc1nc(O)c2cc(CN(C)Cc3ccccc3)c(O)nc2c1O	1.0	0	0.859	0.913
2	O=C(O)C1CCC(=NOS(=O)(=O)c2ccc(Cl)cc2)CC1	1.0	0	0.812	0.949
2	CC(C)(C)OC(=O)N1CCC1(C)C(=O)NCCCNCCCC#N	1.0	0	0.723	0.832
2	CC(C)CCOc1nc(N)c2ncn(C3OC(CO)C(O)C3O)c2n1	1.0	0	0.838	0.637
2	CNC(C)C(=O)NC1Cc2ccccc2C1C(=O)N1CCN(c2cc(Cl)ccc2Cl)CC1	1.0	0	0.0	0.75
2	CN(C)C(=O)c1cn(-c2ccc(C(=O)O)cc2)cc1F	1.0	0	0.786	0.965
2	Cc1cccc(NC(=O)c2cncc(Cl)c2Cl)c1	1.0	0	0.876	0.985
2	COc1ccc(C(=O)Oc2ccc(S(=O)(=O)N3CCCC3)cc2)cc1	1.0	0	0.667	0.989
2	O=C(NC1CCCCCC1)c1cccnc1Oc1ccccc1F	1.0	0	0.844	0.983
2	O=S(=O)(Nc1ccccc1)c1ccc2cc1CNCCNCc1ccc(F)cc12	1.0	0	0.79	0.677
2	COc1ccc(C2(c3cccc(-c4ccc(OC)cn4)c3)CC(=O)NC23)cc1OC	0.0	0	0.0	0.0
2	O=C(Nc1ccccc1)c1cc(-c2ccco2)on1	1.0	0	0.791	0.984
2	Cc1ccc(S(=O)(=O)N(C)CCCC(=O)Nc2ccccc2)cc1	1.0	0	0.87	0.989
2	CCNC(=O)c1cncc(OCC(F)(F)F)c1Cl	1.0	0	0.785	0.95
2	Cc1nnc(SCC(=O)Nc2ccccc2)c2nc(-c3ccccc3)cc(C)c12	1.0	0	0.767	0.969
2	CN1CCC(CCCc2cc(CO)c(C)cc2)CC1	1.0	0	0.862	0.978
2	COc1cc(C(C)=NOC(C)=O)ccc1OC(C)=O	1.0	0	0.8	0.973
2	O=C1c2ccccc2C(=O)N1CCCCN1CCN(C(c2ccccc2)c2ccccc2)CC1	1.0	0	0.0	0.977
2	COc1ccc2c(c1)c(C=C1Oc3ccc(N)cc3C1=O)cn2CCCN1CCOCC1	1.0	0	0.0	0.939
2	CCc1nc2ccccc2c2cc(OC)c(CC(=O)c3ccccc3)cc12	1.0	0	0.79	0.977
2	CCOc1cc(C=NNc2nc(Nc3ccccc3)nc(O)c2N=NS(=)(F)(F)F)cc(C(C)(C)C)c1	0.0	0	0.0	0.0
2	CC(C)c1ccc(S(=O)(=O)NCc2ccc3c(c2)CCO3)cc1	1.0	0	0.823	0.981
2	CC(Oc1nc(-c2ccc(F)c3sc(N)nc23)ccc1Cl)c1ccccc1	1.0	0	0.834	0.863
2	CCCCC(=O)Nc1cccc(NC(=O)c2ccccc2)c1N1CCN(C)CC1	1.0	0	0.801	0.98
2	CCOC(=O)c1cnc2cc(C(=O)c3ccccc3)ccc2c1	1.0	0	0.808	0.986
2	O=C(CCC(=O)Nc1ccccc1Cl)NO	1.0	0	0.738	0.99
2	CC1(C(=O)O)CCCC1Nc1ccnc2cc(F)ccc12	1.0	0	0.825	0.814
2	COC(=O)N1CCC(n2ncc3c(N4CCOCC4)nc(-c4ccc(NC(=O)NCCF)cc4)nc32)CC1	1.0	0	0.0	0.912
2	O=C(O)CCCCCn1c(O)nc2ccc(Cl)cc21	1.0	0	0.842	0.968
2	COc1ccccc1N=Cc1c(O)oc2ccccc2c1=O	1.0	0	0.939	0.957
2	CCCNC(=S)Nc1ccc(NS(C)(=O)=O)cc1	1.0	0	0.807	0.986
2	Cc1noc(NS(=O)(=O)c2ccccc2-c2ccc(S(C)(=O)=O)cc2)c1Cl	1.0	0	0.871	0.966
2	Cc1ccc(C(=O)Nc2ccc(CN3CCCCC3)c(C(F)(F)F)c2)cc1	1.0	0	0.731	0.984
2	CN(C)C(=O)CCc1cccc(C#N)c1	1.0	0	0.79	0.985
2	CN(C(=O)Cc1ccc(-c2ccccc2)cc1)C1CCN(C)CC1	1.0	0	0.798	0.985
2	Oc1nc(CCc2ccccc2)nc2c1cnn2-c1ccccc1	1.0	0	0.823	0.976
2	CC(C)S(=O)(=O)NCc1csc(-c2ccc(OC(C)C)cc2)n1	1.0	0	0.725	0.968
2	COc1ccc(C=CC(=O)Nc2ccccc2Br)cc1OC	1.0	0	0.812	0.987
2	Cc1c(C(=O)NN=Cc2ccco2)nnn1Cc1ccc(Cl)cc1	1.0	0	0.871	0.965
2	CCOC(=O)c1cccc(C(=O)O)n1CCN(CC)CC	0.0	0	0.0	0.0
2	CCC(C)(C(=O)COC)N1CCS(=O)(=O)c2ccc(C(=O)Nc3ccc(C(=O)O)cc3)cc21	1.0	0	0.0	0.78
2	CC(C)CON=Cc1ccc(OC2CN(C(=O)Cc3ccc(Cl)c(Cl)c3)CC2CO)cc1	1.0	0	0.0	0.75
2	COC(=O)c1ccc(CSc2nn(C3CCCCC3)c3ccccc23)cc1	1.0	0	0.9	0.97
2	Cc1cc(OC(=O)c2ccc(Cl)cc2)c([N+](=O)[O-])cc1C	1.0	0	0.798	0.985
2	CC(NC(=O)N(C)C)c1ccc(CN2CCc3ccccc3C2)cc1	1.0	0	0.795	0.955
2	Cc1noc(C)c1CC(=O)NCc1cc(F)cc(F)c1Cl	1.0	0	0.829	0.963
2	CCn1ncc2c(NC(C)=O)nc(-c3cccc4[nH]ccc34)nc21	1.0	0	0.787	0.952
2	CCOC(=O)c1cnc(SCc2ccccc2)nc1Nc1ccccc1F	1.0	0	0.814	0.977
2	CCCCCCc1cc[n+](CC(=O)c2ccc(C)cc2)cc1	1.0	0	0.84	0.975
2	COc1cc(-c2cnc3ccc(NC(=O)NCCCCCCSc4ccccc4)cc3c2)ccc1O	1.0	0	0.0	0.963
2	CCc1ccc(C(=O)NNC(=O)C2=Cc3ccccc3CO2)cc1	1.0	0	0.656	0.959
2	CCOc1ccc2cc(CN(Cc3ccccc3)C(=S)Nc3ccc(F)cc3)c(O)nc2c1	1.0	0	0.0	0.961
2	CC(=O)c1ccc(Oc2ccc(C(=O)c3ccc(C(=O)O)cc3)cc2)cc1	1.0	0	0.722	0.989
2	O=S(=O)(c1ccc(Cl)cc1)N1CCN(c2nc(-c3cccnc3)nc3ccccc23)CC1	1.0	0	0.0	0.974
2	Cn1c(=O)c2c(SCc3cc[n+]([O-])cc3)nc(-c3ccccc3)nc2n(C)c1=O	1.0	0	0.768	0.934
2	CCC(=O)Nc1ccc2c(c1)C(=O)N(Cc1cc(OC)c(OC)cc1)CC(C)O2	1.0	0	0.959	0.933
2	O=C(NCCOC(=O)Nc1ccc(C(F)(F)F)cc1)OC1COC2OCCC12	1.0	0	0.62	0.739
2	CC1=CC(N)=NC1C#N	1.0	0	0.515	0.231
2	CCC(=O)Nc1cc(C)cc(CN2C(=O)C(C)(C)CC2C)c1C	1.0	0	0.89	0.859
2	CCC1c2ccc(Cl)cc2C(=O)C1(C)C(=O)c1ccco1	1.0	0	0.948	0.69
2	Cc1cc(C)nc(OCC(=O)N2CCCC2)c1C#N	1.0	0	0.824	0.97
2	CCn1c(O)c2c(c1O)C1(C)C(=O)N(C)C1=N2	1.0	0	0.795	0.4
2	O=C(c1cn(Cc2ccccc2)c2ccc(Cl)cc12)N1CCNCC1	1.0	0	0.87	0.978
2	CCOC(=O)CSc1nnnn1-c1ccc(OC)cc1	1.0	0	0.867	0.983
2	COc1cc(CC(=O)OCCc2ccccc2)cc(OC)c1OC	1.0	0	0.801	0.987
2	CC(C(N)=O)CNC(=O)c1cc(NC(=O)c2cc(OC(F)(F)F)ccc2Cl)ccc1F	1.0	0	0.0	0.923
2	CC(CCOc1ccc2[nH]cnc2c1)NS(=O)(=O)c1ccc(Cl)cc1	1.0	0	0.834	0.928
2	CCCCC(CC(C)C)NC(=O)C(C)NC(=O)OCc1ccccc1	1.0	0	0.64	0.923
2	Cc1ccc(F)c(C)c1C(=O)C1CCCC1C(=O)N1CCC(C)([O-])CC1	1.0	0	0.917	0.609
2	COc1ccccc1-c1cccc2c1CCN2C(=O)c1ccc(F)cc1	1.0	0	0.844	0.983
2	O=C(C1CCCC1)N1CC2CC1C1CCCN2n1cccn1	0.0	0	0.0	0.0
2	O=C(NS(=O)(=O)c1ccc(Cl)cc1)c1ccc(Cl)cc1Cl	1.0	0	0.882	0.988
2	C=Cn1c(COc2ccccc2)nnc1CN1CCN(C(=O)OCc2ccccc2)CC1	1.0	0	0.0	0.955
2	Cc1ccc(SCc2cnc(C)nc2NS(=O)(=O)c2ccc(C)cc2)cc1	1.0	0	0.849	0.969
2	Brc1cnc(NCCCNCc2ccc(Br)cc2)nc1	1.0	0	0.802	0.976
2	CCOC(=O)c1nc(-c2ccc(F)cc2)oc1NS(=O)(=O)c1cccc(Cl)c1	1.0	0	0.898	0.967
2	COc1ccc(Cn2nnnc2CN(Cc2ccccc2)C(=O)c2ccc(Br)o2)cc1	1.0	0	0.0	0.965
2	CC(=O)ON=C1C(c2c(O)n(C(C)(C)C)c3ccccc23)OC2CC3(CCC12)CO3	1.0	0	0.853	0.105
2	CCNC(=O)CNC(=O)c1cc(-c2ccc(O)cc2)on1	1.0	0	0.795	0.979
2	CC(C)(CC(=O)N1CCCCCC1)Nc1ccnc2ccccc12	1.0	0	0.913	0.97
2	CCNC(=O)OC1CCC(C)C(CCC2CCCCC2)C1	1.0	0	0.886	0.763
2	CC1Cc2ccccc2N1S(=O)(=O)c1cc(C(=O)O)ccc1Cl	1.0	0	0.889	0.949
2	N#CC(=Cc1ccc(OCc2ccc(C(=O)O)cc2)cc1)c1ccc(O)c(-c2cc(=O)c3ccccc3o2)c1	1.0	0	0.0	0.947
2	CCc1ccc2nc(O)c(CN(CCCN3CCOCC3)C(=O)NC3CCCCC3)cc2c1	1.0	0	0.0	0.935
2	COc1cccc(C=CC(=O)c2ccc(O)cc2O)c1	1.0	0	0.841	0.982
2	CCC(c1nc2sccc2c(=O)n1Cc1ccc(O)cc1)C(C)(C)C	1.0	0	1.087	0.872
2	COc1ccc(Br)cc1S(=O)(=O)NCCN(C)C	1.0	0	0.836	0.982
2	CC(C)n1nnnc1C(C)(C)NC(=O)c1cccc(Cl)c1	1.0	0	0.943	0.952
2	CC(=O)n1cc(C(=O)Nc2ccc(C(=O)NC(C)c3ccc(Cl)cc3)cc2)c2ccccc21	1.0	0	0.0	0.947
2	C=Cc1cc(Cl)ccc1Oc1noc(C)n1	1.0	0	0.852	0.927
2	COCCNC(=O)C1CCN(S(=O)(=O)c2cc(OC)ccc2O)CC1	1.0	0	0.818	0.977
2	Cc1c(Oc2ccc(F)cc2C2CCCC2)ncc2cccnc12	1.0	0	0.852	0.959
2	Cc1ccc(Cl)cc1N1CCN(CCCCN2C(=O)CC3(CCCC3)CC2O)CC1	1.0	0	0.652	0.702
2	CCOc1ccc(NC(=O)CSC(=S)N2CCN(c3ccccc3)CC2)cc1	1.0	0	0.704	0.98
2	CCCCCNC(=O)Nc1cc(OC)c(OC)c(NC(N)=O)c1O	1.0	0	0.8	0.961
2	COC(=O)CCN(C(=O)CCCC(=O)O)c1ccc(C)cc1	1.0	0	0.81	0.981
2	CC(C)CC(NC(=O)C(N)CCCCN)C(O)CNC(Cc1ccccc1)C(N)=O	1.0	0	0.672	0.733
2	CON=C1C=C(C#Cc2ccccn2)CCC1	1.0	0	0.743	0.85
2	O=C(c1cnn2c1nc(O)c1ccccc12)N1CCN(c2ccccc2)CC1	1.0	0	0.858	0.969
2	COc1ccc(C(=O)Nc2ccc3oc(Cc4ccc(Br)cc4)nc3c2)cc1O	1.0	0	0.676	0.975
2	O=S(=O)(NCCCCc1ccncc1)CC1CC1	1.0	0	0.826	0.973
2	Brc1ccc(OCCCCNCc2ccc(Br)cc2)c2ccccc12	1.0	0	0.705	0.983
2	Cc1cc(Cn2nc(-c3nnc(C)n3-c3ccccc3)c(=O)n(C)c2=O)no1	1.0	0	0.866	0.934
2	CCc1nn2c(c1C(=O)NCc1ccc(Cl)cc1)CSC2(C)C	1.0	0	1.006	0.892
2	CCc1ccc(Oc2ccc(C(F)(F)F)cn2)cc1OC	1.0	0	0.878	0.979
2	CCCC(=O)N1CCC(COc2ncc3nc(O)sc3c2)CC1	1.0	0	0.83	0.917
2	O=S(=O)(c1ccc(Cl)cc1)n1c2c(c3cc(Cl)cnc31)NCCN2	1.0	0	0.925	0.901
2	COc1cccc(C(=O)Nc2cccc(C(F)(F)F)c2)c1	1.0	0	0.769	0.992
2	O=C(O)c1ccc(N(Cc2ccc(F)cc2)Cc2ccccc2)cc1	1.0	0	0.913	0.989
2	O=C(O)CCC(NC(=O)c1ccccc1)c1cccc(NS(=O)(=O)c2ccccc2)c1	1.0	0	0.0	0.959
2	Cc1noc(NS(=O)(=O)c2cccs2)c1C	1.0	0	0.869	0.961
2	CCCn1c2c(ccc1=O)CCN2CC(NS(=O)(=O)c1ccc(C(C)(C)C)cc1)c1ccccc1	1.0	0	0.0	0.855
2	CSc1cccc(C(=O)Nc2ccc(Cl)cc2)c1	1.0	0	0.723	0.992
2	COC(=O)c1cc(Cl)cnc1Nc1ccc(Oc2cc(C3OC(CO)C(O)C(O)C3O)ccc2C)cc1F	1.0	0	0.0	0.549
2	Cc1c(Cl)ccc(Oc2cc(F)cc(N(C)C)c2)c1C	1.0	0	0.926	0.974
2	COc1ccc(S(=O)(=O)NCC(C)c2ccc(Cl)cc2)cc1NCB(F)F	1.0	0	0.738	0.84
2	CCc1nc2ccc(NC(C)=O)cc2c(=O)n1CCc1ccccc1	1.0	0	0.957	0.983
2	COCCNC(=O)COc1ccc(Cl)c(Cl)c1	1.0	0	0.851	0.989
2	COc1cccc(NC(=O)c2ccccc2Cn2cccn2)c1	1.0	0	0.825	0.986
2	CN1CN(c2ccccc2)(c2ccccc2)c2ccccc2S1(=O)=O	0.0	0	0.0	0.0
2	CC(=O)N(c1ccc(Cl)cc1)c1ccc(Cl)nn1	1.0	0	0.925	0.965
2	c1ccc(-c2nnc(-c3ccccn3)n2NC(=S)N2CCCCC2)cc1	1.0	0	0.888	0.951
2	CCCCCC(C)(C)C(=O)Nc1cc(S(=O)(=O)N2CCCCC2)ccc1Cl	1.0	0	0.72	0.972
2	O=S(=O)(c1ccc(SC(F)(F)F)cc1)N1CCCCCC1	1.0	0	0.852	0.979
2	Clc1ccc(COc2cccc3nsnc23)cc1	1.0	0	1.037	0.982
2	CC=CC(C)C1CCC2C3CCC4CCCCC4C3CCC12C	1.0	0	0.908	0.398
2	O=C(O)CSc1cc(C(F)(F)F)nc(O)c1Sc1ccc(Cl)cc1	1.0	0	0.913	0.915
2	COc1ccc(C(=O)NCCCCNC(=O)c2cccc(F)c2)cc1OC	1.0	0	0.623	0.988
2	CCC(=O)N(Cc1cc(OC)cc(OC)c1)c1ccccc1	1.0	0	1.072	0.984
2	O=C(O)c1cc(-c2c(F)cccc2C(F)(F)F)on1	1.0	0	0.746	0.959
2	COc1ccc(-c2oc3nc(N)nc(N)c3c2-c2ccc(F)cc2)cc1	1.0	0	0.962	0.967
2	Cc1nc(N=Nc2cc(F)ccc2F)c2nccnc2n1	1.0	0	1.015	0.881
2	CCNCCN1CCC(Cc2ccc(Cl)cc2)CC1	1.0	0	0.958	0.985
2	CCC(=O)OCC(=O)N1CCCCC1	1.0	0	0.751	0.987
2	CC1(C)C(C(=O)O)C1c1nc2cc(Cl)c(Cl)cc2o1	1.0	0	0.809	0.757
2	O=C(c1nc(SCc2ccc(Cl)cc2)n2ccccc12)N1CCOCC1	1.0	0	0.822	0.967
2	C=S(O)(O)=CC1CC(C)(C)CC1N(C)Cc1cccc(OC)c1	1.0	0	0.835	0.568
2	CC(C)(C)COc1nc(Cl)cnc1NS(=O)(=O)c1cccc(C(F)(F)F)c1	1.0	0	0.837	0.939
2	CCC(=O)c1c[nH]c(C(=O)NNC(=O)COc2ccc(OC)cc2)c1	1.0	0	0.713	0.974
2	COc1ccc2c(=O)cc(-c3cccc(NC(N)=O)c3)oc2c1OC	1.0	0	0.769	0.972
2	O=S(=O)(c1cc(Cl)ns1)N1CCCCCC1	1.0	0	0.885	0.93
2	CCNC(=O)c1cccc2cc(Oc3ccnc4cc(C(=O)OC)ccc34)ccc12	1.0	0	0.803	0.975
2	COc1cc(Nc2c(ccc(C)c2C)c2cc(C)cc(C)c2)cc(OC)c1	1.0	0	0.876	0.972
2	Cc1noc(C)c1-c1ncc(NC(C)c2ccc(Cl)cc2)c2ccccc12	1.0	0	0.849	0.917
2	COc1nn(C)cc1-c1c(Br)cncc1OC	1.0	0	0.8	0.914
2	Cc1cc(C)nc(SCC(=O)Nc2nc3ccccc3s2)n1	1.0	0	0.802	0.979
2	COc1ncc(-n2nc3cc(Cl)ccc3n2)cc1	1.0	0	0.8	0.97
2	CC(C)CC1(O)CCN(c2ncc(C(=O)NO)s2)CC1	1.0	0	0.835	0.895
2	COc1ccc(C(=O)NN=C(C)c2ccc(F)cc2)cc1	1.0	0	0.871	0.99
2	COCCOC(=O)c1ccc(CN(C(=O)c2cccc(Cl)c2)c2ccc(F)cc2)cc1	1.0	0	0.0	0.98
2	COc1ccc2cc3c(N)c(C(=O)Nc4ccc(Cl)cc4Cl)sc3cc2c1	1.0	0	0.666	0.971
2	Cc1ccc(OS(=O)(=O)c2ccc3c(c2)n(C)c(=O)n3C)cc1	1.0	0	0.963	0.976
2	COc1ccc(COc2ccc(C(C)n3c(=O)n(Cc4ccccc4F)c4ccccc43)cc2OC)cc1	1.0	0	0.0	0.92
2	COc1cc2c(cc1Cl)C(c1ccc(Cl)cc1)=NCc1ccnc1c2-c1ccccc1NS(=O)(=O)c1ccc(OC)c(OC)c1	1.0	0	0.0	0.847
2	CCCC(NC(=O)C(CCCN)NC(=O)CCCc1ccccc1)C(=O)NC(Cc1ccc(O)cc1)C(=O)O	1.0	0	0.0	0.815
2	Cc1ccc(C(=O)NCC2NCCCO2)cc1	1.0	0	0.887	0.922
2	CCC(C)NC(=O)c1ccc(F)c2c(C)oc(O)c12	1.0	0	0.901	0.858
2	CCc1nn2cnc3c(OC)c(CC)ccc3c-2c1CC	1.0	0	0.815	0.914
2	Cc1ccc(N(CC(=O)Nc2ccc(Cl)cc2)S(C)(=O)=O)cc1	1.0	0	0.915	0.988
2	O=C(Nc1nc(Cl)cc(Oc2cccnc2)n1)c1ccc(Cl)cc1Cl	1.0	0	0.742	0.967
2	O=C(O)C(F)F	1.0	0	0.303	0.96
2	O=S(=O)(NCC1CCOCC1)c1cc(Cl)nc(Cl)c1	1.0	0	0.784	0.956
2	NC(=O)c1ccc2nc(O)c(-c3csc(-c4cccs4)n3)cc2c1	1.0	0	0.762	0.946
2	COCCn1c(SCC(=O)OC)nc2c1c(=O)[nH]c(=O)n2C	1.0	0	0.886	0.954
2	COc1ccc(N2CC(NC(=O)N3CCCCC3)CC2)cc1OC	1.0	0	0.791	0.956
2	C=CCn1nnc(NS(=O)(=O)c2ccc(Cl)cc2)c1C	1.0	0	0.836	0.949
2	CCNc1nc(NCC)n2nc(SC)nc2n1	1.0	0	0.821	0.899
2	O=C(NCC(=O)N1CCN(c2cccc(Cl)c2)CC1)c1sc2cccc(Cl)c2c1Cl	1.0	0	0.741	0.967
2	Cc1cccc(-c2ccc(C(=O)CCC3CCCCN3Cc3ccc(C(C)C)cc3)c(CO)c2)c1	1.0	0	0.0	0.908
2	Cc1cc(O)c(-c2cccc(OC(C)(C)C)c2)nc1Cc1ccc(Cl)c(Cl)c1	1.0	0	0.831	0.955
2	CCOC(=O)c1c(C(=O)OCC)c2[nH]cnc2c1-c1cccc(OC)c1	0.0	0	0.0	0.0
2	COC(=O)CSc1nc(C(C)(C)C)cc(C(C)C)n1	1.0	0	0.796	0.954
2	Cc1cc(C)nc(NS(=O)(=O)c2ccc(F)cc2)n1	1.0	0	0.776	0.985
2	O=C1CC(CCc2c[nH]c3ccccc23)Oc2c(Cl)cc(Cl)cc21	1.0	0	0.894	0.895
2	Oc1ccc(Br)cc1C1=NCCN1	1.0	0	0.732	0.939
2	COc1cccnc1C(=O)c1cn(C)c2ccc(C)cc12	1.0	0	0.801	0.972
2	Cc1cnc(COc2c(C)cccc2-c2csc(N(C)C)c2)nc1O	1.0	0	0.895	0.876
2	Cc1cc(C2CCN(C(=O)Cc3ccc(F)cc3)CC2)no1	1.0	0	0.936	0.975
2	CC(C)CN(S(=O)(=O)C(C)C)S(C)(=O)=O	1.0	0	0.718	0.896
2	COCCCOc1cc(Cl)c2c(c1Cl)C(=O)NCCC2	1.0	0	0.775	0.939
2	Nc1cnc(OCc2cccc(Cl)c2)c2cc(Cl)ccc12	1.0	0	0.823	0.976
2	CCCc1nc2cc(C(=O)N3CCCC(c4ccccc4)O3)ccc2[nH]1	1.0	0	0.916	0.874
2	COCCNc1ncc2ccncc2n1	1.0	0	0.852	0.964
2	COc1cccc(OC)c1OC(=O)c1cc(-c2ccccc2)nc2cc(Cl)ccc12	1.0	0	0.749	0.981
2	COc1ccc(C(=O)NC(=O)COC(=O)c2ccc(Cl)nc2)cc1C	1.0	0	0.672	0.981
2	COc1ncc(C(=O)Nc2ccc(F)cc2F)cc1-c1ccc(C(C)(C)C)cc1	1.0	0	0.744	0.976
2	CCOC(O)=C(C#N)c1=Oc2ccc(OC)cc2c1NS(=O)(=O)c1ccccc1	0.0	0	0.0	0.0
2	Cc1c(C(=O)N2CCCCC2c2ccc(F)cc2)sc2ccccc12	1.0	0	0.91	0.952
2	CNS(=O)(=O)c1ccc(-c2cnc(C(N)Cc3ccccc3)nn2)cc1	1.0	0	0.758	0.92
2	CC(=O)C(=O)c1cn(C(=O)c2ccc(C)cc2)c2ccc(Cl)cc12	1.0	0	0.857	0.97
2	Cn1c(=O)c2cc(S(=O)(=O)NC(C(=O)Nc3ccc(F)cc3)c3ccccc3)ccc2n1	0.0	0	0.0	0.0
2	NC(=O)c1ccc(NC(=O)CC(=O)c2ccccc2)cc1	1.0	0	0.829	0.991
2	COc1ccc(C)cc1Cn1c(C(=O)O)cc2ccccc21	1.0	0	0.969	0.984
2	COc1nccnc1Oc1nc(Cl)nc(N)n1	1.0	0	0.804	0.911
2	O=C(Nc1cc(Cl)c(F)cc1Cl)c1ccc(O)cc1F	1.0	0	0.782	0.982
2	CONC(=O)C(C)OC(=O)c1cccnc1Nc1cccc(N)c1F	1.0	0	0.888	0.883
2	Cc1ccc(C(=O)N=C(Nc2ccc(Cl)cc2)c2cccc(F)c2)cc1	1.0	0	0.923	0.979
2	CCc1nnc(NC(=O)CN2CC(C)OC(C)C2)s1	1.0	0	0.853	0.872
2	C=CCN=C(N)c1ccc(C(=N)N)cc1	1.0	0	0.78	0.947
2	CC(C)(C)C(=O)N1CCN(c2ccc3cccc(F)c3n2)CC1	1.0	0	0.838	0.975
2	N#Cc1cnc(NC(=O)C=Cc2ccccc2)s1	1.0	0	0.852	0.968
2	Cc1cn(Cc2ccc(OS(C)(=O)=O)cc2)cn1	1.0	0	0.826	0.971
2	O=S(=O)(NCC(c1ccccc1)N1CCc2ccccc21)c1cccs1	1.0	0	0.927	0.935
2	CC(=O)c1nn(-c2cc(F)ccc2F)c2cnc3c(c12)CCCC3	1.0	0	0.875	0.92
2	N#CC(=Cc1ccc(Cl)cc1)c1nc(-c2ccc(-c3ccccc3)cc2)cs1	1.0	0	0.678	0.977
2	CCCC1C(=O)c2n[nH]cc2CN1C(=O)NCc1ccccc1	1.0	0	0.89	0.812
2	c1cnc2sc(SCc3cccs3)nc2c1	1.0	0	0.98	0.962
2	CCC(C)C(=O)c1c(O)c(O)c2c1OC1=CC(OC)C(=O)C3OC3(CC)CC12O	0.0	0	0.0	0.0
2	O=S(=O)(Nc1cc(F)ccc1F)c1cccc(-c2nc(-c3cccs3)cs2)c1	1.0	0	0.781	0.969
2	CCCC(NC(=O)C1CCCC1C)C1NC(CCC(N)=O)OC1C(C)C	1.0	0	0.823	0.221
2	CCC(NC(C)CC(N)=O)c1ccc(Cl)c(Cl)c1Cl	1.0	0	0.793	0.823
2	CCn1ncc(Cc2cn(C)nc2C)c1-c1cccc([N+](=O)[O-])c1	1.0	0	0.842	0.936
2	OC1c2ccc(I)cc2CCC1N1C2CCC1CC2	1.0	0	0.882	0.423
2	CCc1nc2nc(Cc3ccccc3)nn2c(O)c1C	1.0	0	0.88	0.951
2	Nc1nc2c(ccc3sc4ccccc4c32)s1	1.0	0	0.801	0.957
2	CCn1c(SC(C)C(=O)Nc2cccc(S(=O)(=O)NC3CCCCC3)c2)nnc1-c1ccc(Cl)cc1	1.0	0	0.0	0.916
2	COc1ccc(S(=O)(=O)N2CCCc3ccccc32)cc1	1.0	0	0.935	0.988
2	N#Cc1cnc(NC(=O)N2CCN(Cc3cccc(Cl)c3)CC2)cn1	1.0	0	0.695	0.967
2	COc1ccc(C(=O)OC(C)CN2CCCCC2)cc1OC	1.0	0	0.868	0.964
2	Cc1ccc(C(=O)N2CCC(c3cc(C#N)ccc3F)CC2)cn1	1.0	0	0.83	0.972
2	CC(C)C(=O)Nc1nnc(SCc2ccc(Cl)cc2)s1	1.0	0	0.818	0.981
2	COc1ccc(NS(=O)(=O)c2ccc3c(c2)OCCN3C)cc1	1.0	0	0.894	0.981
2	CC1=CSC2=C(C(=O)CS(=O)(=O)c3ccccc32)C1=O	1.0	0	0.827	0.87
2	CC(C)(C)OC(=O)NCc1ccc(C(=O)NNC(=O)c2nc(Cl)c(Cl)cc2Cl)cc1	1.0	0	0.613	0.966
2	O=C(O)Cc1cc(Cl)c(Oc2ccc(F)cc2F)c(F)c1F	1.0	0	1.021	0.966
2	Cc1ccc(C(=O)Nc2cnc3ccccc3c2)cc1F	1.0	0	0.821	0.989
2	CC(=O)Nc1ccc(CN2CCCCC2)cc1Cl	1.0	0	0.898	0.99
2	COCc1cc(OC)c(-c2cc(C)ccc2C)cn1	1.0	0	0.933	0.976
2	CC(C)(C)c1ccc(S(=O)(=O)Nc2ccc(Cl)cc2-c2nc3ccccc3s2)cc1	1.0	0	0.858	0.974
2	CC(=O)Nc1ccc(CN2CCCC2C(=O)N2CCCC2)cc1	1.0	0	0.902	0.964
2	O=S(=O)(Nc1ccc(Br)cn1)c1cccc(Cl)c1Cl	1.0	0	0.864	0.977
2	CCCCc1c(C)nc(-c2ccccc2)nc1CN1CCCC1	1.0	0	0.85	0.976
2	CCN=C(N[S+](=O)([O-])c1ccccc1)N1CC(C(C)C)C1	1.0	0	0.816	0.399
2	NCCNC(=O)c1c2c(cc3c(c1-c1ccccc1)n2CCCO3)OCO2	0.0	0	0.0	0.0
2	COc1ccc(NC(=O)CSc2nc3ccccc3s2)cc1OC	1.0	0	0.75	0.986
2	O=C(NCCc1ccccc1)c1cccc(S(=O)(=O)N2CCOCC2)c1	1.0	0	0.685	0.987
2	O=C(NCCc1ccc(Cl)cc1)C(=O)c1c[nH]c2ccc([N+](=O)[O-])cc12	1.0	0	0.731	0.973
2	CCC(=O)Nc1cccc(C(=O)Nc2ccc(C)cc2Br)c1	1.0	0	0.73	0.989
2	CC(O)(C(=O)Nc1ccccc1C(=O)c1ccccc1)c1ccccc1	1.0	0	0.893	0.962
2	COc1cccc(OC)c1-c1ccc(C)cc1NS(=O)(=O)c1ccc(F)cc1F	1.0	0	0.932	0.973
2	CCc1c(N)nc2cccc(Cl)c2c1-c1ccccc1	1.0	0	0.991	0.977
2	Cc1cc(C)cc(Sc2c(CCNC(=O)c3ccc(Br)s3)c(C(=O)O)sc2=O)c1	0.0	0	0.0	0.0
2	CCCCCCCCc1cc(C(C)C(=O)C(C)C)n(Cc2ccc(C(F)(F)F)cc2)n1	1.0	0	0.0	0.852
2	COc1ccc(C=CC(=NNC(=O)c2ccc(C)c(Br)c2)c2ccccc2)cc1	1.0	0	0.735	0.972
2	CCCc1nn(-c2ccccc2)c(-c2ccccc2)c1C(=O)c1ccccc1	1.0	0	0.932	0.981
2	O=CC(CC(=O)N1CCN(c2ccc(F)cc2)CC1)Nc1ccc(Cl)cc1	1.0	0	0.726	0.931
2	O=[N+]([O-])c1cc(S(=O)(=O)N2CCOCC2)cc1S(=O)(=O)NC(CN)Cc1ccccc1	0.0	0	0.0	0.0
2	COc1cc2ncnc(NS(=O)(=O)c3ccccc3)c2c1OC	0.0	0	0.0	0.0
2	CC(=O)Cc1cc(-c2ccc(Cl)cc2)nn1-c1ccccc1	1.0	0	0.802	0.98
2	COc1ccccc1Cc1noc(-c2ccc(Cl)c(Cl)c2)n1	1.0	0	0.896	0.981
2	COCCNc1ccc(C(=O)NNC(=O)c2cccn2C)cc1	1.0	0	0.743	0.977
2	Cc1cccc(C(=O)NCCN)c1Cl	1.0	0	0.763	0.984
2	COc1cccc(CNCc2ccc(SC)cc2)c1OC	1.0	0	0.871	0.985
2	COC(=O)C=NOC(c1ccc(Cl)c(Cl)c1)C1(Cl)CCCCC1	1.0	0	0.958	0.668
2	CC1Cc2ccccc2N1S(=O)(=O)c1cccc(C(F)(F)F)c1	1.0	0	0.855	0.948
2	Oc1cc(CSC=Cc2ccc(O)c(Cl)c2)cc(O)c1O	1.0	0	0.904	0.919
2	Cc1ccc(C(=O)ON=C2N=C(c3ccccc3)CCC2=O)cc1	1.0	0	0.835	0.951
2	O=C1CCCN2C(COCc3ccccc3Cl)CCCC21	1.0	0	0.854	0.857
2	Clc1ccc2c(OCc3cn(CCO)cn3)cccc2c1	1.0	0	0.861	0.965
2	CCOC(=O)C1CCCN(CCCCC(N)c2ccc(Cl)cc2)C1	1.0	0	0.735	0.917
2	CCc1ccccc1NS(=O)(=O)c1ccc(CO)cc1	1.0	0	0.86	0.99
2	CNc1nc(Nc2ccc(C)cc2OC)nc(OC)n1	1.0	0	0.811	0.971
2	C(=Cc1ccnnc1)c1ccc(Nc2nc3nn(C)cc3c3ccccc23)cc1	1.0	0	0.955	0.927
2	CC(=O)C1Cc2ccc(Cl)cc2C2(CCN(C)CCCCO)CC12	1.0	0	0.842	0.558
2	O=C(Nc1ccc(Br)cc1)c1ccc(-c2ccccc2)cc1	1.0	0	0.656	0.994
2	NN1Cc2ccccc2C(c2ccccc2F)C1	1.0	0	0.996	0.911
2	CCC(CC)CC1(O)Cc2c(F)cccc2C(=O)C1Br	1.0	0	0.835	0.573
2	Cn1c(=O)cc(SCC(=O)Nc2cccc(Cl)c2)c2ccccc21	1.0	0	0.824	0.981
2	CCCCN=C(N)NCCCC(NC(=O)C(Cc1ccc(O)cc1)NC(=O)C(Cc1ccccc1)NC)C(=O)c1nc2ccccc2[nH]1	1.0	0	0.0	0.571
2	CC(C)(C)NSc1cc(Cl)nc(Cl)n1	1.0	0	0.787	0.764
2	COc1c(C)cc(C(=O)CCN2CCCCC2)cc1Cl	1.0	0	0.872	0.98
2	COC(=O)CCCCCOc1ccc2c(C)c(CCN(C)C)c(C)cc2c1	1.0	0	0.707	0.967
2	COc1nc(NC(C)=O)sc1C(=O)Nc1ccccc1	1.0	0	0.799	0.976
2	COC(=O)Cc1c(CSc2ccccc2)nc2ccccc2c1O	1.0	0	0.871	0.967
2	CCN1CCN(c2nc(-c3cccs3)c(C)s2)CC1	1.0	0	0.853	0.968
2	O=S(=O)(c1cc(Cl)ccc1C(F)(F)F)N1CCCCCCC1	1.0	0	0.87	0.978
2	OS(=Cc1cc(Cl)cc(Cl)c1)NC1CCCCC1	1.0	0	0.816	0.757
2	CC(C)c1ccc(NC2CCCC2)cc1S(=O)(=O)NC1CCCCC1	1.0	0	0.875	0.969
2	COc1cccc(C=CC(=O)c2ccc(OCCCCN(C)C)cc2)c1C(C)C	1.0	0	0.74	0.969
2	O=C(NO)c1cc2cc(Nc3ccc(F)c(F)c3)ccn2c1	1.0	0	0.829	0.937
2	Cc1cccc(Nc2nc(OCC3CCCCC3)c3ccncc3c2)o1	0.0	0	0.0	0.0
2	CC(=O)c1cccc(Cn2c(Cl)c(O)c(Cl)c2N)c1	1.0	0	0.859	0.949
2	CC(C)(CN)COC(=O)CCNC(=O)NC(=O)c1cccc([N+](=O)[O-])c1	1.0	0	0.634	0.96
2	CCNc1nc(O)c2c(n1)-c1c(sc(C(=O)N3CCNC(C)C3)c1N)N2	1.0	0	0.806	0.61
3	Brc1ccc(C2CCCN3CCCCN32)sc1	0.0	0	0.0	0.0
3	CCOc1ccc(N2CC(C)NC(C)C2)cc1NS(=O)(=O)CCC	1.0	0	0.764	0.827
3	O=C(CSc1ccc(Cl)cc1)NO	1.0	0	0.804	0.985
3	O=C(CN1CCSCC1)N1CCC(c2ccccc2)CC1	1.0	0	0.798	0.979
3	CCCn1c(SCC(=O)Nc2ccc(F)cc2)nnc1-c1cccnc1	1.0	0	0.832	0.98
3	COc1n[nH]c(NS(=O)(=O)c2ccc(Cl)cc2)n1	1.0	0	0.849	0.958
3	Cc1c(Nc2cc(Cl)c(C#N)cc2F)ncnc1OC1CCC(CCN)CC1	1.0	0	0.809	0.914
3	O=S(=O)(c1ccc(Cl)cc1NS(=O)(=O)c1cccc2cccnc12)C(F)(F)F	1.0	0	0.889	0.962
3	OCCOc1nc(Cl)cnc1NS(=O)(=O)c1ccc(Cl)cc1C(F)(F)F	1.0	0	0.899	0.933
3	CSc1nc2ccc(C(C)(O)C(=O)C(C)C)cc2s1	1.0	0	0.912	0.828
3	COc1ccc(N2C(=NC(=O)CN3C(=O)C4CCCCC4N3)CCc3ccccc32)cc1	1.0	0	0.0	0.637
3	CCS(=O)(=O)c1c(N)n(CC)c(=O)n1C(=O)OCC(=O)c1ccccc1	1.0	0	0.833	0.93
3	O=C(Nc1cnc2ccccc2c1)c1ccc(-c2cccc(Cl)c2)o1	1.0	0	0.706	0.982
3	CCOC(=O)CSc1cc(Cl)c(Cl)cc1Cl	1.0	0	0.801	0.978
3	COc1ccc2[nH]cc(CCNC(=O)c3c(C)cccc3C)c2c1	1.0	0	0.84	0.981
3	NC(=O)NC(=O)c1c([N+](=O)[O-])c(Cl)nc2ccccc12	1.0	0	0.769	0.96
3	O=C(O)c1cccc(-c2nc(C(=O)c3cc(Cl)cc(Cl)c3)c(Cc3nccc3C(F)(F)F)o2)c1	0.0	0	0.0	0.0
3	CCN1CCN(CC=Cc2ccc(Cl)cc2)CC1	1.0	0	0.921	0.984
3	c1ccc(Nc2ccnc3ccccc23)cc1	1.0	0	0.86	0.993
3	Cc1ccc(C(=O)CCN2C(=O)c3ccccc3C2=O)o1	1.0	0	0.939	0.979
3	O=C(NS(=O)(=O)c1cccc(Cl)c1)NS(=O)(=O)c1ccccc1	1.0	0	0.711	0.982
3	CCN(CC)c1nccc(N2CCC(Oc3cccnc3)CC2)n1	1.0	0	0.808	0.953
3	CC(C)CN=C(NC#N)NCCC(c1ccccc1)c1ccccc1	1.0	0	0.888	0.954
3	CCc1nc2scc(-c3ccc(Cl)cc3)c2c(=O)n1CCc1ccccc1	1.0	0	0.781	0.976
3	COc1ccc(NC(=O)N2CCN(C(=O)c3ccco3)CC2)cc1	1.0	0	0.735	0.986
3	CCCC(=O)Nc1ccc(S(=O)(=O)NC2=NOCCCC2)cc1	1.0	0	0.775	0.956
3	CCOC(=O)c1ccc(NS(=O)(=O)c2ccc(Cl)c(Cl)c2)cc1	1.0	0	0.852	0.989
3	CC(C)CCc1ccncc1NS(=O)(=O)c1ccc(C(C)(C)O)cc1	1.0	0	0.872	0.964
3	Cc1cc(C(=O)Nc2cccc(Cn3nccc3N)c2)cc2ccccc12	1.0	0	0.7	0.975
3	CC(C)COc1ccc(C=C2SC(=S)NC2=O)cc1	1.0	0	0.859	0.97
3	CCOc1ccc2c(=O)c(-c3ccc(OC)cc3)coc2c1	1.0	0	0.781	0.985
3	CCC(C)C(=O)Nc1cc([N+](=O)[O-])ccc1N1CCCCCC1	1.0	0	0.816	0.955
3	CS(=O)(=O)c1ccc(S(=O)(=O)Nc2cc(Cl)ccc2NS(=O)(=O)c2ccccc2)cc1	1.0	0	0.0	0.979
3	Oc1cc(Cc2cccnc2)c2ccc(O)cc2n1	1.0	0	0.981	0.958
3	Cc1cc(C)cc(C(=O)c2ccc(O)cc2)c1O	1.0	0	0.843	0.986
3	CCOC(=O)C(Cc1ccc(Cl)cc1)c1ccc(O)c(NC=O)c1	1.0	0	0.994	0.925
3	CCOC(=O)CCC(=O)CSc1nc2cc(Cl)ccc2cc1C#N	1.0	0	0.802	0.958
3	COc1cccc2c1cc(C)c1nc(O)c3ccccc3c12	1.0	0	0.76	0.969
3	CCc1ccc(CNc2cc(N)nc(N)n2)cc1	1.0	0	0.879	0.977
3	CCCC(=O)N1CCc2cc(C)c(NS(C)(=O)=O)c(C)c21	1.0	0	0.76	0.941
3	Cc1ccccc1C(=O)Nc1ccc(S(=O)(=O)O)cc1	1.0	0	0.785	0.992
3	COCCOc1ccnc2ccc(C#N)cc12	1.0	0	0.762	0.979
3	COc1ccc(CNCCc2ccc(C)cc2)cc1	1.0	0	0.872	0.994
3	CCN1CCC(NC(=O)c2ccc(CSCc3cccc(Cl)c3Cl)cc2)CC1	1.0	0	0.651	0.974
3	CC(C)C(=O)Nc1cn(C)nc1C(C)C	1.0	0	0.898	0.955
3	CC(=O)Nc1ccc(C(=O)CCl)cc1NS(=O)(=O)c1ccc(Cl)cc1	1.0	0	0.912	0.978
3	Cc1nn(CC(=O)Nc2ccccc2C(F)(F)F)c2ccccc12	1.0	0	0.817	0.982
3	O=C(NC1OC(Oc2ccc(C(=O)c3ccccc3)cc2)C1O)(c1ccccc1)c1ccccc1	0.0	0	0.0	0.0
3	CCS(=O)(=O)c1cc(C#N)c(N)c(Cl)c1S(N)(=O)=O	1.0	0	0.777	0.864
3	CCCc1ccc(C(=O)NCc2cccc(C)c2)cc1	1.0	0	0.772	0.993
3	CCOC(=O)N1CCN(C(=O)C(CCC(=O)O)CC(N)C(=O)O)CC1	1.0	0	0.763	0.866
3	Cc1cc(NS(=O)(=O)c2ccc(Cl)cc2)no1	1.0	0	0.804	0.985
3	Cc1nn(Cc2ccc(Cl)cc2Br)c(C)c1C(=O)O	1.0	0	0.947	0.975
3	Nc1ccccc1NC(=O)c1ccc(NC(=S)NCc2ccccc2)cc1	1.0	0	0.61	0.988
3	CCCCNC(=O)Cc1ccccc1NS(=O)(=O)c1ccccc1C	1.0	0	0.91	0.985
3	CCN(CC)C(=O)C1=C(Nc2ccccc2)C(=O)c2ccccc2C1=O	1.0	0	0.95	0.967
3	COCCC1CN1Cc1conc1-c1ccc(N)cc1	1.0	0	0.947	0.764
3	CNCCOc1cc(Cl)c2cccnc2c1OC	1.0	0	0.821	0.973
3	COc1ccc2c(O)c(C(=O)O)cnc2c1	1.0	0	0.67	0.979
3	O=C(Nc1cccc(O)c1C(=O)NO)c1ccccc1	1.0	0	0.782	0.984
3	O=C(c1ccc(Cl)cc1)c1cc(Cl)ccc1NS(=O)(=O)c1ccc(C(=O)O)cc1	1.0	0	0.919	0.984
3	Cc1ccc(C)c(S(=O)(=O)N2CCc3ccccc3C2)c1	1.0	0	0.908	0.985
3	Cc1cc(C)n(-c2ccc(Cl)cc2)c1O	1.0	0	0.868	0.979
3	COc1nc(C)c(Nc2nc(C)cc(C)n2)nc1C	1.0	0	0.798	0.946
3	Cc1ccc(C)c(NC(=O)C(=O)NCCN2CCN(C(=O)c3ccccc3)CC2)c1	1.0	0	0.592	0.983
3	COc1ccc(OCCN2CCN(C(=O)c3ccc(C)cc3)CC2)cc1	1.0	0	0.799	0.99
3	CCC(=O)Nc1ccc2c(O)c(C(=O)NCc3ccccc3)sc2c1	1.0	0	0.748	0.979
3	COc1nc(NS(=O)(=O)c2ccc(C(C)C)cc2)ccc1Cl	1.0	0	0.838	0.977
3	Cc1ccc(Nc2c(C)cnc3ccc(F)cc23)cc1	1.0	0	0.915	0.984
3	O=S(=O)(Oc1ccccc1)C1CC2CCC1C2	1.0	0	0.876	0.425
3	Cc1ccc(C)n2c(=O)c(C=Nc3ccccc3)cnc12	1.0	0	0.784	0.937
3	Cc1ccc(Cc2nc3cc(Cl)c(Cl)cc3n(C)c2=O)cc1	1.0	0	0.979	0.977
3	CCOC(=O)CNC(=O)C1CCCN(S(=O)(=O)c2ccc(Cl)cc2)C1	1.0	0	0.798	0.96
3	Cc1ccccc1SC(=O)c1ccccc1F	1.0	0	0.802	0.981
3	O=C(O)c1ccc2cc(CN(C3CCCCC3)c3ccc(Cl)cc3)c(F)cc2c1	1.0	0	0.935	0.967
3	COc1ccccc1C1NC(=O)C(=O)N1c1ccsc1	1.0	0	1.191	0.886
3	Nc1nc(N)nc2[nH]c3ccccc3c12	1.0	0	0.715	0.966
3	CCCCCc1ccc(OCC(=O)O)c(CN(C)C)c1	1.0	0	0.759	0.983
3	Cc1cc(C)cc(CN2C(=O)COc3c(Cl)cc(Cl)cc32)c1	1.0	0	0.904	0.966
3	Cc1cc(C)nc(N2CC3CCN(C(=O)c4cccc(F)c4Cl)CC32)n1	1.0	0	0.785	0.81
3	CCOc1cc2ncc(-c3cccc(NS(C)(=O)=O)c3)cc2c1	0.0	0	0.0	0.0
3	CC(C)(C)c1ccc(Cn2ccc3cc(NS(C)(=O)=O)ccc32)cc1	1.0	0	0.888	0.977
3	CCCCc1nc(Cl)c(C#N)c2c1sc1cc(C)ccc12	1.0	0	0.896	0.919
3	C=C(C)CNc1ccnc2ccc(-c3cnc(Cl)c(NS(=O)(=O)c4ccc(F)cc4)c3)cc12	1.0	0	0.0	0.946
3	NC(=S)NN=C1c2cc(Cl)ccc2-c2ccc(F)cc21	1.0	0	0.864	0.96
3	COCCOc1cc(S(=O)(=O)Nc2ccc(Br)cn2)ccc1Cl	1.0	0	0.804	0.975
3	CSc1nc(N)c2ncn(C3OC(CO)C(O)C3O)c2n1	1.0	0	0.837	0.644
3	COc1n[nH]c(NS(=O)(=O)c2ccc(C)c(C)c2)n1	1.0	0	0.834	0.952
3	COc1ccccc1CNCCC1CCN(C)CC1	1.0	0	0.821	0.985
3	CCCNCc1ccc(-c2cccnc2C(=O)O)cc1	1.0	0	0.839	0.985
3	NC(=O)C1CCN(CCc2cccc(F)c2)CC1	1.0	0	0.881	0.988
3	Cc1nc(SCC(=O)N(C)C)ncc1-c1ccc(Cl)cc1	1.0	0	0.878	0.973
3	CCc1cccc(NS(=O)(=O)c2ccc(Cl)cc2)c1N1CC(C)CC(C)C1	1.0	0	1.062	0.883
3	CCn1cc(C(=O)Nc2ccc(C)cn2)c2ccccc21	1.0	0	0.869	0.982
3	Cc1ccc(NC(=O)COc2cc(F)ccc2Cl)cc1Cl	1.0	0	0.822	0.989
3	CC#CCNc1ccnc(-c2cccc(C(=O)N(C)C)c2)c1	1.0	0	0.78	0.956
3	N=C(NOC(=O)c1cccc(F)c1)c1ccccc1F	1.0	0	0.842	0.961
3	O=C(C1Cc2ccccc2)Nc2cccc(Cl)c21	1.0	0	0.895	0.947
3	CCCC(=O)NCc1ccc(C)cc1N1CCCNCC2CC=CCC21	1.0	0	0.82	0.761
3	Cc1nn(Cc2ccc(F)cc2)c(=O)n1-c1ccc(Br)cn1	1.0	0	1.028	0.968
3	Cc1ccc(C(C)C)cc1NS(=O)(=O)c1ccc(Cl)cc1	1.0	0	0.815	0.988
3	COC1CN(C)C(=O)c2ccc(NS(=O)(=O)c3cccs3)cc2OCCN1C(C)=O	1.0	0	0.712	0.67
3	Cc1ccc(NC(=O)Nc2cc(Cl)ccc2Cl)c(Cl)c1Cl	1.0	0	0.756	0.982
3	Cc1cc(C(=O)NCC(=O)C(F)(F)F)cs1	1.0	0	0.764	0.947
3	COc1ccc(S(=O)(=O)NCCc2ccc(C)cc2)cc1OCc1cccc(C(F)(F)F)c1	1.0	0	0.0	0.977
3	CC1=C(C(=O)NCC2CCCO2)C(c2ccco2)C2C(=O)CCCC2=N1	1.0	0	0.878	0.639
3	O=S(=O)(c1cccc(Cl)c1)c1ccc(Cl)cc1	1.0	0	0.79	0.991
3	O=S(=O)(NNC(=S)Nc1ccc(Br)cc1)c1ccccc1	1.0	0	0.828	0.984
3	CC(C)(C)c1cc(C(=O)CN2C(=O)c3ccccc3C2=O)c2ccccc2n1	1.0	0	0.891	0.972
3	O=S(=O)(NCc1ccc(Cl)cc1)c1ccc(C(F)(F)F)cc1	1.0	0	0.805	0.988
3	O=S(=O)(NCCNc1nccc2ccccc12)CCc1ccccn1	1.0	0	0.744	0.968
3	N#Cc1ccccc1Oc1ccc(S(=O)(=O)N2CCCCC2)cc1	1.0	0	0.834	0.985
3	O=C(c1ccc[n+]([O-])c1)c1ccc(Cl)cc1NS(=O)(=O)c1cccc2ccccc12	1.0	0	0.828	0.958
3	COCCCOc1nc(-c2ccc(Cl)cc2)c2ccccc2n1	1.0	0	1.005	0.98
3	CC(=O)Nc1ccc(C(=O)c2cccc(Cl)c2)cn1	1.0	0	0.88	0.986
3	CCn1nnc(C2=CCN(C)CC2)n1	1.0	0	0.752	0.9
3	COc1ccc(S(=O)(=O)N2CCN(C(=O)c3cc(F)ccc3F)CC2)cc1	1.0	0	0.799	0.985
3	Oc1cc(CSc2ccccc2)nc2nc(-c3ccccc3)cn12	1.0	0	0.851	0.963
3	CC(C)CC(NC(=O)c1cccc(S(=O)(=O)N2CCOCC2)c1)C(O)c1ccccc1	1.0	0	0.0	0.894
3	Cc1cc(C(=O)c2cc(O)c(-c3ccc(C#N)cc3)c(CO)c2)on1	1.0	0	0.812	0.944
3	Cc1ccc(Oc2nc(Oc3ccccc3)c3ccccc3n2)cc1	1.0	0	0.827	0.984
3	Nc1nc(N)c2ccccc2n1	1.0	0	0.599	0.987
3	CCC12c1[nH]c1ccccc12	0.0	0	0.0	0.0
3	COc1ccc2nc(NC(C)=O)cc(CN)c2c1	1.0	0	0.812	0.977
3	Cc1cc(C)c2c(N)noc2c1	1.0	0	0.6	0.955
3	Cc1ccc(N2CC(C(=O)Nc3cccc(Cl)c3)CC2)cn1	1.0	0	0.88	0.961
3	Cc1ccc(S(=O)(=O)c2c(N)nc(O)nc2N2CCCCCC2)cc1	1.0	0	0.998	0.942
3	COc1ccc2cc(CC(C#N)C(=O)Nc3ccc(F)cc3)ccc2c1	1.0	0	0.818	0.952
3	O=C(C=Cc1ccc(CNCc2ccc(CN3CCCC3)cc2)cc1)NO	1.0	0	0.706	0.98
3	CCc1cc(O)n2c(nc3ccccc32)c1C	1.0	0	0.803	0.952
3	CCC(=O)Nc1nc(-c2ccc(F)cc2)cc(-c2ccccc2)n1	1.0	0	0.77	0.986
3	CCCCCC(=O)c1ccc(CN2C(=O)c3ccccc3C2C(N)=O)cc1	1.0	0	0.87	0.938
3	CC(=O)NCCCN1CCN(CCCN(C)Cc2ccccc2)C1=O	1.0	0	0.743	0.97
3	COc1nccc(C)c1S(=O)(=O)c1ccc(C)c(C)c1O	1.0	0	0.96	0.944
3	NS(=O)(=O)c1cc(Cl)c(F)cc1F	1.0	0	0.611	0.976
3	COc1nc(Cl)cnc1NS(=O)(=O)c1ccc(Cl)c(Cl)c1Cl	1.0	0	0.968	0.942
3	CCc1ccn2c(nc3cc(C)ccc32)n1	1.0	0	0.74	0.962
3	COc1ccc(NNC(=O)C=Cc2cccc(Cl)c2)cc1	1.0	0	0.871	0.984
3	O=C(O)c1ccc(NC(=O)CSc2nc(-c3ccc(F)cc3)cc(C(F)(F)F)c2)cc1	1.0	0	0.0	0.971
3	CCCc1oc2ccccc2c1C(=O)c1cccc(C)c1	1.0	0	0.97	0.98
3	Brc1ccc(CN2CCN(c3ccc(F)cc3)CC2)c(F)c1	1.0	0	0.914	0.987
3	CC(=O)N(Cc1ccccc1)c1ccc(C)cc1-c1ccccc1	1.0	0	1.001	0.987
3	COc1ccc(S(=O)(=O)N2CCCC(C(=O)NC3CCCC3)C2)cc1	1.0	0	0.811	0.962
3	COc1csc(C(=O)NN)c1NS(=O)(=O)c1ccc(Cl)c(Cl)c1	1.0	0	0.935	0.948
3	c1ccc2c(c1)[nH]c1c2nc(O)n1Nc1cccc(Br)c1	1.0	0	0.996	0.929
3	C#CCN1c1ccc(C(=O)c2cccc3ccccc23)cc1	0.0	0	0.0	0.0
3	CC(C(=O)NC(=O)Nc1cc(Cl)ccc1Cl)c1ccccn1	1.0	0	0.853	0.945
3	COc1cccc(-c2nn3c(cnn3-c3ccccc3)c(=O)c3ccccc23)c1O	0.0	0	0.0	0.0
3	COc1ccc(N2CCN(C(=O)c3cc(Cl)ccc3C)CC2)cc1Cl	1.0	0	0.814	0.986
3	Cc1ccc(C(=O)CCNC(C)C)cc1	1.0	0	0.808	0.99
3	CCOC(=O)NN=Cc1ccc(OC(=O)c2ccc(OC)cc2)cc1	1.0	0	0.668	0.984
3	O=S1(=O)NC(N2CC3CCCCCC3)=CCC2C2OCCC12	1.0	0	0.847	0.097
3	COc1ccc2[nH]c(C(=O)c3cc4ccc(C)cc4o3)cc2c1	1.0	0	0.795	0.971
3	CC(C)CN(Cc1ccc([N+](=O)[O-])cc1)C(=O)Nc1ccc(F)cc1	1.0	0	0.908	0.983
3	O=C1OCCN1C(c1ccccc1)c1cccc(OC(F)(F)F)c1	1.0	0	0.97	0.918
3	COc1ccc(S(=O)(=O)c2cccc(C(=O)Nc3cccc(C)c3)c2)cc1-c1nc2ccccc2s1	1.0	0	0.0	0.97
3	CC(=O)NC1CCN(Cc2ccc(Cl)cc2Cl)C1	1.0	0	0.92	0.963
3	O=S(=O)(NCCS(=O)(=O)Oc1ccccc1)c1ccc(Cl)cc1Cl	1.0	0	0.774	0.973
3	CCc1ccc2oc(C)c(CCNC(C)=O)c2c1	1.0	0	0.823	0.972
3	C=CCc1ccc(Oc2c(C)c(C)c3cc4c(cc3n2)OCO4)cc1	1.0	0	0.788	0.954
3	O=C(Nc1ccc(Cl)cc1)OCc1ccccc1	1.0	0	0.783	0.994
3	O=C(CCCCNC(=O)COc1ccc(Cl)cc1)NO	1.0	0	0.755	0.987
3	CC(=O)c1ccc(Nc2nc(=O)n(CCO)c(=O)n2Cc2ccc(F)cc2)cc1	1.0	0	0.852	0.968
3	CCCc1nc(N2CCN(C)CC2)nc2c1[nH]c(=O)n2CC(C)C	1.0	0	0.852	0.937
3	Cc1c(C(=O)NCc2ccc(F)c(F)c2)cccc1[N+]1[O-]CCCC1	0.0	0	0.0	0.0
3	O=C1NCC(Cc2ccccc2)N(CCc2cccc3ccccc23)C1=O	1.0	0	0.825	0.929
3	O=S(=O)(NCCc1ccccc1)Nc1ccc(Cl)cc1	1.0	0	0.876	0.988
3	Cc1ccc(C(=O)N2CCN(c3ccccc3)CC2)cc1	1.0	0	0.825	0.993
3	CC(C)CNC(O)c1cc(O)n(-c2ccc(Cl)cc2)c1	1.0	0	0.827	0.828
3	Cc1ccc(C(=O)OCC(=O)NC(=O)NC2CCCC2)cc1[N+](=O)[O-]	1.0	0	0.691	0.979
3	COCCOc1ncnc2ccc(-c3cccc(NC(=O)C(C)(C)C)c3)cc12	1.0	0	0.697	0.969
3	CCOC(=O)C(C)n1c(=O)ccc2cc(C(=O)c3ccccc3)cnc21	1.0	0	0.774	0.921
3	CC(=O)N1N=C(c2ccc(Br)cc2)CC1c1ccc(O)cc1	1.0	0	0.889	0.944
3	O=C(CN(Cc1ccccc1)S(=O)(=O)c1ccccc1)NO	1.0	0	0.925	0.986
3	COc1ccc(C(=O)Nc2cccc(NC(=O)c3ccccc3)c2)cc1NS(C)(=O)=O	1.0	0	0.0	0.986
3	COc1ccccc1NC(=O)CNC(=O)c1ccc(Cl)cc1	1.0	0	0.751	0.993
3	CNc1nc(Nc2cc(C(=O)N3CCCCC3)ncn2)ccc1Cl	1.0	0	0.81	0.952
3	CC(Cn1ccnc1)=NCc1ccc(Cl)c(Cl)c1	1.0	0	0.942	0.939
3	O=C1CC(=O)NCCN1C1OC(CO)C(O)C1O	1.0	0	0.876	0.557
3	O=S(=O)(Nc1cccnc1Nc1ccccc1)Oc1ccccc1CO	1.0	0	0.881	0.964
3	COCC(C)Oc1cc(Cl)cc2c1CN(C(=O)NS(=O)(=O)C(C)C)SC2(C)C	1.0	0	0.737	0.517
3	O=S(=O)(c1ccc2ccccc2c1)c1cnc2ccccc2c1NN1CCNCC1	1.0	0	0.879	0.943
3	CCCN1CCN(C(=O)c2cc3c(-c4ccccc4)nn(C)c3s2)CC1	1.0	0	0.797	0.97
3	c1ccc2c(c1)Nc1cc[n+]3nc(cc3c2)OCO2	0.0	0	0.0	0.0
3	COc1ccc(S(=O)(=O)NCC(c2ccccc2)c2ccccc2)cc1N	1.0	0	0.786	0.982
3	CCCC(=O)Nc1ccc(C(=O)Nc2cccc(C(C)=O)c2)cc1	1.0	0	0.672	0.991
3	COc1nsnc1NCCc1ccccc1	1.0	0	0.831	0.968
3	COc1nsnc1OCC#Cc1cc(-c2ccccc2)sc1S(=O)(=O)Nc1ccc(F)c(Cl)c1	1.0	0	0.0	0.868
3	COc1ccc(Cn2ccc(C)c(N)c2=O)cc1	1.0	0	0.962	0.981
3	O=S1(=O)CCC(=NO)c2ccc(Cl)cc21	1.0	0	0.71	0.908
3	COC(=O)C(c1ccc(OC)c(C)c1)(c1ccc(Cl)cc1)c1ccc(S(C)(=O)=O)cc1	1.0	0	0.0	0.913
3	O=S(=O)(Nc1ncns1)c1ccc(Cl)c(Cl)c1	1.0	0	0.808	0.961
3	CCOC(=O)CSc1nnc(N)s1	1.0	0	0.837	0.967
3	Cc1ccc(S(=O)(=O)Nc2ccc(Cl)cc2C(=O)c2ccc(C)cc2)cc1O	1.0	0	0.96	0.98
3	FC(F)(F)c1cccc(CNCc2ccc(Cl)nc2)c1Cl	1.0	0	0.843	0.971
3	CCOC(=O)CCCn1c(NCCC(=O)O)nc2ccccc21	1.0	0	0.842	0.977
3	Fc1ccc(Nc2ncc3c(n2)N2CCCN=C32)cc1	1.0	0	0.889	0.942
3	CC(=O)N(Cc1ccc(Cl)cc1)c1ccccc1	1.0	0	0.853	0.991
3	O=S(=O)(Nc1c(F)c(F)c(F)c1F)C1CCNC1	0.0	0	0.0	0.0
3	N#CC1CCCCC1c1ccc(Cl)cn1	1.0	0	0.846	0.792
3	COC(=O)COc1ccc(C=NNc2ccc(Cl)c(Cl)c2)cc1F	1.0	0	0.827	0.975
3	COc1cccc(NS(=O)(=O)c2cc(Cl)c(Cl)cc2CN2C(=O)c3ccc(Cl)cc3C2(C)C)c1	1.0	0	0.0	0.93
3	COc1nc(NS(=O)(=O)c2ccc(O)cc2)nc(-n2nc(Cl)cc2Cl)n1	1.0	0	0.911	0.917
3	Clc1ccccc1-c1nnc(Cc2cc(Br)c(O)c(Br)c2)o1	1.0	0	0.906	0.967
3	O=C(CCNC(=O)c1ccccc1)NN=Cc1ccc(Cl)cc1	1.0	0	0.751	0.989
3	Cc1ccc(C2CC2COc2nc(Cl)ccc2Cl)cc1	1.0	0	0.999	0.865
3	CCn1ncc(Br)c1-c1cc(OC)c(Cl)cc1OC	1.0	0	0.811	0.961
3	Oc1cc(Cl)ccc1CN1CCN(Cc2ccc(Cl)cc2)CC1	1.0	0	0.852	0.987
3	Cc1ccc(NC(=O)C(C)NS(=O)(=O)c2ccc(Cl)cc2)cc1S(=O)(=O)N1CCCCC1	1.0	0	0.0	0.944
3	O=C(NO)c1cc(Cl)cc(NS(=O)(=O)C=Cc2ccccc2)c1	1.0	0	0.888	0.968
3	Cc1ccc(S(=O)(=O)NCCCc2ccc(Cl)cc2)cc1	1.0	0	0.882	0.991
3	O=C(O)CCC(=O)NCCc1ccc(Cl)cc1	1.0	0	0.795	0.992
3	Cc1c(-c2ccccc2)nc2ccc(-c3ccc(NS(C)(=O)=O)cc3)cn12	1.0	0	0.718	0.975
3	Cn1cc2c(nc(NC(=O)Cc3cccc(F)c3)n3nc(-c4ccco4)nc23)n1	1.0	0	0.832	0.92
3	COc1cc(Cc2ccc3c(c2)OCC3)ccc1Cl	1.0	0	1.021	0.982
3	CCCC(=O)c1ccn(CC(=O)O)c1C	1.0	0	0.769	0.955
3	CS(=O)(=O)c1ccc(N=Cc2cccc(Br)c2)cc1	1.0	0	0.887	0.979
3	COc1cc(C)c2c(C(=O)c3ccc(C)cc3)c(Cl)ccc2[n+]1[O-]	1.0	0	0.904	0.913
3	Cc1ccccc1OC(c1ccc(F)c(Cl)c1)c1nc(-c2ccc(F)cc2)cs1	1.0	0	0.888	0.921
3	CNCCNC(=O)Nc1ccc(OS(=O)(=O)c2ccc(N)cc2)cc1F	1.0	0	0.796	0.969
3	CCOC(=O)N1CCN(C(=O)c2ccc(OC)c(OC)c2)CC1	1.0	0	0.834	0.989
3	O=C(CCNS(=O)(=O)c1ccc(Cl)c(Cl)c1)Nc1ccc(Cl)cc1	1.0	0	0.675	0.988
3	CCCC(Cc1ccc(C(=O)O)cc1)SCc1ccc(OC(C)C)cc1	1.0	0	0.776	0.934
3	CC(C)(C)C(=O)NNC(=O)CSc1nc[nH]n1	1.0	0	0.852	0.845
3	CC=Cc1ccc(CC2Oc3cccc(C)c3C2C)cc1	1.0	0	0.887	0.826
3	O=S1(=O)CC(c2ccc(OCn3ccnc3)cc2)=C2CCCC21	1.0	0	0.78	0.7
3	COc1ccc(CNc2[nH]nc3cccc(NS(=O)(=O)c4cccc(Cl)c4)c23)cc1	1.0	0	0.797	0.961
3	CNS(=O)(=O)c1cnc(O)c(NS(C)(=O)=O)c1	1.0	0	0.698	0.934
3	CC(=O)N1CCC(C(=O)N2CCC(N3CCC(C)CC3)CC2)CC1	1.0	0	0.894	0.974
3	Cc1ccccc1Cc1ccn(Cc2ccc(Cl)cc2)c1N	1.0	0	0.951	0.976
3	COc1ccc(CC(O)CN(c2ccc(F)cc2)c2ccccc2)cc1	1.0	0	0.918	0.957
3	CNC(=O)n1ccc2cc(Oc3ccc(F)cc3)ccc21	1.0	0	0.942	0.977
3	COc1ccc2c(Cl)c(C(=O)N3CCN(Cc4ccccc4)CC3)sc2c1Cl	1.0	0	0.855	0.973
3	Cc1ccc(N2C(=O)C(Cl)=C(N3CCCC3)C2=O)c(C)c1	1.0	0	0.884	0.972
3	Cc1cccc2c1S(=O)(=O)Nc1ccc(C(=O)OC(C)C)cc1O2	1.0	0	0.729	0.925
3	CC1=Nc2ncnn2C(c2ccc(C)o2)C1	1.0	0	0.855	0.718
3	COc1nc(Cl)c2cc(-c3ccc(Cl)cc3)cnc2c1	1.0	0	0.78	0.974
3	CC(CSC(C)C)=NOc1ccccc1NS(=O)(=O)c1ccc(Cl)c(Cl)c1	1.0	0	0.952	0.931
3	COc1nc(NS(=O)(=O)c2ccc(F)cc2)nc(-c2nccnc2)n1	1.0	0	0.898	0.96
3	COc1cc(COC(=O)c2ccccc2)ccc1OCn1cncn1	1.0	0	0.79	0.978
3	COc1nncnc1NS(=O)(=O)C(Cl)(Cl)Cl	1.0	0	0.856	0.78
3	COc1cc(CN2CCNC(C)C2)cc2c1OCCN2c1ccc(Cl)cc1	1.0	0	0.836	0.885
3	CC(=O)c1cccc(CSCc2ccc(F)cc2)c1	1.0	0	0.833	0.988
3	Oc1c2c(c(O)n1Cc1ccccc1)C(c1ccccc1)=c1sc(O)nc1O2	0.0	0	0.0	0.0
3	CCC(CC)c1ccc(Cl)c2c1CC(NC(C)=O)CC2	1.0	0	0.772	0.863
3	Cc1ccc(-c2ncnc3ccc(NC(C)(C)CO)cc23)cc1-c1ccoc1	1.0	0	0.792	0.933
3	NCC(=NNc1ccc(Cl)cc1)C(N)=O	1.0	0	0.847	0.948
3	CCCCCCCCCCCC(=O)CCF	1.0	0	0.676	0.975
3	COc1ccccc1CNC(=O)COC(=O)c1ccccc1	1.0	0	0.836	0.993
3	COc1cc(C(=O)O)ccc1Cc1ncc(-c2cnc(-c3ccc4c(c3)CCNCC4)s2)s1	1.0	0	0.0	0.91
3	S=C(NCCO)Nc1ccc(Cl)cc1	1.0	0	0.758	0.989
3	NC(=O)c1cnccc1Nc1cccc(Cl)c1	1.0	0	0.872	0.984
3	CCCn1c(N2CCN(c3ccc(F)cc3)CC2)nc2ccccc21	1.0	0	0.875	0.983
3	O=S(=O)(Cc1ccc(Cl)cc1)c1ccc(-c2ccc(F)nc2)c(F)c1	1.0	0	0.853	0.975
3	COc1ncncc1-c1ccc(S(=O)(=O)NC)cc1CCO	1.0	0	0.846	0.951
3	CC(C)C(=O)NCCNC(=O)CCCCC(=O)NO	1.0	0	0.718	0.978
3	Cc1ccc(C(C)(O)c2cc(OC(C)C)cc(C#N)c2)cc1	1.0	0	0.969	0.92
3	O=C(Nc1ccc([N+](=O)[O-])cc1Cl)c1ccc2c(c1)CCCC2	1.0	0	0.743	0.984
3	Cc1ccccc1C(=O)c1ccc(Cl)cc1C(=O)c1ccccc1	1.0	0	0.949	0.989
3	O=C(NS(=O)(=O)c1ccc(Cl)cc1)c1cccc(F)c1	1.0	0	0.818	0.99
3	COc1cc(C(=O)NCC2COc3ccccc3O2)ccc1N(C)C	1.0	0	0.822	0.941
3	CC(CCNC(=O)c1cc(Cl)ccc1Cl)=NN1C(=O)CSC1=O	1.0	0	0.807	0.917
3	CCCCC(=O)Nc1cccc(C(=O)CCc2ccccc2C(=O)O)c1Cl	1.0	0	0.725	0.978
3	COCc1ccc(S(=O)(=O)NCCN2CCC(O)CC2)cc1	1.0	0	0.771	0.98
3	CC(C)(C)c1ccc(-c2ccc3c(c2)NC(=O)C3Nc2ccc(F)cc2)cc1	1.0	0	0.769	0.935
3	CNC(=O)C(Cc1cncn1C)NS(=O)(=O)c1ccc(C)cc1	1.0	0	0.911	0.922
3	CC(=O)Nc1ccc(S(=O)(=O)NC(C(=O)Nc2ccc(F)cc2)C(C)O)cc1	1.0	0	0.834	0.932
3	COCCNC(=O)C(=O)c1cn(C)c2ccccc12	1.0	0	0.766	0.978
3	CCCCOc1cccc(C(=O)Nc2ccc(Cl)cc2Cl)c1Cl	1.0	0	0.781	0.985
3	COc1cccc(CC(=O)NCCCSCCCNCCN)c1	1.0	0	0.646	0.972
3	Cc1ccc(NS(=O)(=O)c2ccc(C(=O)NCCN3CCCC3)cc2)cc1	1.0	0	0.703	0.987
3	CNC(=O)C1=C(C)NC(=O)C1c1ccccc1Cl	1.0	0	0.979	0.925
3	Cc1ccccc1OCCn1nc2ccccc2c1=O	0.0	0	0.0	0.0
3	c1nc(CCNCCc2cnccn2)c(O)c2ccccc12	1.0	0	0.864	0.952
3	Cc1ccc(NN=Cc2c(C)nn(-c3ccccc3)c2Cl)cc1	1.0	0	0.902	0.979
3	CC(C)(C)c1ccc(OCc2ccc(Cl)cc2)cc1	1.0	0	0.837	0.993
3	CCCn1c(=O)c2nc(-c3ccc(OCC(=O)NN)cc3N)nc(O)c2[nH]1	1.0	0	0.72	0.863
3	NS(=O)(=O)c1cccc(NC(=O)c2ccccc2)c1F	1.0	0	0.785	0.987
3	CN(C(=O)CCC#N)c1ccc(CC(N)=O)cc1	1.0	0	0.775	0.968
3	CC(=O)Nc1ccc(S(=O)(=O)N2CCCCC2)cc1	1.0	0	0.868	0.991
3	COc1ccccc1Cc1nc2cc(C(F)(F)F)ccc2n1CC(=O)c1ccccc1	1.0	0	0.0	0.974
3	O=C(O)c1cccc(OC2CCC(F)CC2)c1	1.0	0	0.805	0.975
3	N#Cc1ccc(C(=O)N2Cc3ccc(C=CC(=O)NO)cc3C2)cc1	1.0	0	0.779	0.965
3	CCOc1ccccc1Nc1nc2cccc(C)c2cn1	1.0	0	0.81	0.983
3	Cn1ncc2c(NS(=O)(=O)c3ccc(Cl)cc3)cccc21	1.0	0	0.906	0.982
3	O=C(C(=O)NC1=NNCC1)c1ccc(Cl)cc1	1.0	0	0.754	0.932
3	COC1CCC(CNC(=O)c2ccccc2)CC1	1.0	0	0.866	0.988
3	O=C(Cc1ccc(Cl)cc1)NC1CCOC1=O	1.0	0	0.857	0.96
3	CCNC(=O)CC1CCN(Cc2ccc(OC)cc2)CC1	1.0	0	0.855	0.988
3	Cc1ccc(NS(=O)(=O)c2ccsc2C(=O)O)o1	1.0	0	0.88	0.939
3	Cc1ccc(Cn2cnc(-c3cc(C)nc4[nH]c(C)nc34)c2Cl)cc1I	1.0	0	0.983	0.879
3	CCOc1cccc(CN2CCC(C(=O)N3CCN(C)CC3)CC2)c1O	1.0	0	0.806	0.977
3	c1cc2cc(c1)CCNC(CNc1ccccn1)O2	1.0	0	0.0	0.443
3	COC(=O)C1C(CO)C2Cn3c(cccc3=O)C2N1c1ccccc1	1.0	0	0.939	0.637
3	CCCCSCc1cc(C(=O)N2CCNCC2)ncc1Oc1nc(Cl)ccc1Cl	1.0	0	0.74	0.906
3	O=C(NN=CC[SH](=O)(O)N1CCN(c2ccccc2)CC1)c1ccco1	1.0	0	0.678	0.795
3	Cc1ccc(C(=O)N2CCCC(N3CCN(C)CC3)CC2)cn1	1.0	0	0.916	0.949
3	COc1nn(Cc2nc(-c3cccc(C)c3)c3n2CCCC3)c2ccccc12	1.0	0	0.863	0.939
3	CC(=NN=C(NS(=O)(=O)c1ccc(Cl)cc1)c1ccccc1)c1cccs1	1.0	0	0.936	0.953
3	CCc1nc2ccc(C(=O)NCCCCCN3CCOCC3)cn2c1N(C)Cc1ccccc1Cl	1.0	0	0.0	0.933
3	O=C(O)c1ccc(Oc2nc(Oc3cccc(C(=O)N(C)C)c3)c3ccccc32)nc1	0.0	0	0.0	0.0
3	COc1ccc(CCNC(=O)c2cc(=O)c3c(C)cc(C)cc3o2)cc1OC	1.0	0	0.732	0.974
3	Cc1ccc2c(c1)cc(C)c1nnc(SCC(=O)NNC(=O)C(C)C)n12	1.0	0	0.75	0.952
3	Cc1cc(S(=O)(=O)C2CCC(c3cccc(NC4CCNCC4)c3)CC2)cn1CC(F)(F)F	1.0	0	0.0	0.877
3	Cc1ccc(S(=O)(=O)N(Cc2ccccc2)c2ccccc2C(=O)NNS(=O)(=O)c2ccc(Br)cc2)cc1	1.0	0	0.0	0.965
3	Cc1ccc(OS(=O)(=O)N2CCCCN(C)C(=O)CCCCCC(=O)Nc3cccc(C#N)c32)cc1	1.0	0	0.0	0.789
3	Oc1nc(NCc2ccco2)c2ccccc2n1	1.0	0	0.914	0.968
3	CC1=Nc2ccc(Cl)cc2C(c2ccccc2)N1C	1.0	0	0.93	0.909
3	CC(=O)N1CC(C)c2ccc(S(=O)(=O)c3ccccc3)cc21	1.0	0	0.827	0.931
3	Cc1cc(=O)oc2cc(OCC(=O)N3CCCc4ccccc43)ccc12	1.0	0	0.775	0.976
3	O=C(O)c1ccc(C(=O)N2CCCC2c2ccc(F)cc2)nc1	1.0	0	1.107	0.957
3	Cc1ccc(S(=O)(=O)NC(=O)C2CCNCC2)cc1	1.0	0	0.873	0.98
3	CCCC(CNC(C)C)C(=O)c1ccc(Cl)cc1	1.0	0	0.832	0.951
3	O=C(Cc1cccnc1)NC1CCN(Cc2ccc(Cl)nc2)C1	1.0	0	0.73	0.942
3	Cc1cnc(C(=O)c2ccccc2)cn1	1.0	0	0.773	0.986
3	COC(=O)c1ccccc1Oc1cnc(CNS(=O)(=O)c2ccc(C)cc2)cn1	1.0	0	0.656	0.971
3	CCn1c(Cn2nc(-c3ccccc3)c3ccccc32)nnc1C12CCC(CC1)C2	1.0	0	0.843	0.74
3	CCCCOc1ccc(CN2CCC(CCOC)(CS(=O)(=O)Cc3ccccc3)CC2)cc1	1.0	0	0.0	0.955
3	CNc1cc(NS(=O)(=O)c2cccc(NC(=O)Nc3cccc(C)c3)c2)ncn1	1.0	0	0.7	0.971
3	O=C(C=Cc1ccccc1)NC1CCCCCCCCCCCCCCCCCCCCC(=O)OC2CCCCCC2OC1=O	1.0	0	0.0	0.44
3	Cc1ccc(Sc2ccc(C)c[n+]2C)cc1-c1ccncc1	1.0	0	0.878	0.924
3	Cc1ccc(OS(=O)(=O)c2ccc(NC(C)=O)cc2)cc1F	1.0	0	0.864	0.985
3	Cc1ccccc1-c1[nH]c(-c2ccncc2)cc1Cc1ccccc1	1.0	0	0.954	0.973
3	COc1ccccc1C(=O)Nc1cccc(S(=O)(=O)NCCCN2CCCC2=O)c1	1.0	0	0.633	0.978
3	COc1ccc(NC(=O)CC=S(O)(O)=Nc2ccc(F)cc2)cc1	1.0	0	0.816	0.934
3	Cc1ccc(NS(=O)(=O)Cc2ccccc2)c(-n2nc3ccccc3n2)c1	1.0	0	0.911	0.972
3	Cc1nnc(SCC(N)=O)s1	1.0	0	0.717	0.965
3	COCCCNC(=O)c1cn(C)c(=O)c2cc(OC)c(OC)cc12	1.0	0	0.824	0.974
3	Cc1cccc(OCC(=O)Nc2cc(Cl)cc(Cl)c2C(=O)c2ccccn2)c1Cl	1.0	0	0.837	0.96
3	O=C(C1=C(O)C(=O)N(Cc2ccccc2)C1)c1cnccn1	1.0	0	0.986	0.952
3	Cc1c(C(=O)Nc2ccc3c4c(cccc24)CC3)cnn1C(c1ccccc1)c1ccccc1	1.0	0	0.0	0.958
3	CCOc1nc(N2CCCCC2)c2c(C)cc(C)cc2n1	1.0	0	0.931	0.964
3	CCOC(=O)N1CCC(N(C)Cc2ccccc2)CC1	1.0	0	0.844	0.986
3	CCC#CCn1c(S(=O)(=O)N2CCN(C)CC2)cc2nc(O)cc(C)c21	1.0	0	0.949	0.825
3	COc1cccc2c1ncc1c3c(c(=O)n(C)c(=O)n3C)nc1-2	0.0	0	0.0	0.0
3	CCN(Cc1ccccc1)Cc1ccccc1OC	1.0	0	0.868	0.992
3	COc1ccccc1C1c2ccc3ccccc3c2OCC2C=CCC21	1.0	0	0.893	0.749
3	CCCCCC(=O)Oc1ccc(Nc2ncc(Cl)c(Nc3cc[nH]n3)n2)cc1	1.0	0	0.712	0.929
3	O=C(c1cnccn1)N1CCC2(CC1)CCNCC1CCCCN12	1.0	0	0.832	0.626
3	CC(=O)N(C1=C(Cl)C(C)(Cl)CC1=O)c1ccc(Cl)n(C)c1=O	1.0	0	0.816	0.485
3	Cc1n[n+]([O-])c2ccc(S(=O)(=O)NCC#Cc3ccccc3)cc12	0.0	0	0.0	0.0
3	Cc1cc(C=NN)ccc1C=CC(=O)NO	1.0	0	0.921	0.94
3	COc1ccc(C(=O)NNC(=O)CC(=O)O)cc1	1.0	0	0.767	0.989
3	O=C(NCCCNCCB(O)O)c1cccc([N+](=O)[O-])c1	1.0	0	0.705	0.953
3	CC1C(=O)N(C)c2ccccc2-[n+]2c3ccccc3CCC12	0.0	0	0.0	0.0
3	COc1cc(OC)cc(C(=O)NC2CCN(CCCCCCCc3ccccc3)CC2)c1	1.0	0	0.0	0.98
3	COc1nc2[nH]cc(C)c2c(O)c1Br	1.0	0	0.841	0.865
3	Cn1c(C=CN2CCCC2)c(-c2ccccc2)nc1C(=O)c1ccccc1	1.0	0	0.772	0.939
3	Fc1ccc(Cc2nnc(-c3ccccc3)o2)cc1	1.0	0	0.975	0.989
3	Cc1[nH]c2ccccc2c1CNC(=O)CCC(=O)O	1.0	0	0.889	0.982
3	CCOC(=O)c1cc2cc(Nc3nc(=O)n(C)c(=O)c3C#N)ccc2s1	0.0	0	0.0	0.0
3	COc1cc(Br)ccc1C(=O)Nc1ccnn(Cc2cccc(F)c2)c1=O	1.0	0	0.767	0.976
3	CCOc1ccc(NC(=O)COC(=O)CCc2ccc(OC)c(OC)c2)cc1	1.0	0	0.683	0.987
3	CCC(Cc1ccc(OCc2ccccc2)cc1)=NO	1.0	0	0.781	0.983
3	COc1cc(S(=O)(=O)c2cccc(Cl)c2)cc2ccc(S(=O)(=O)N3CCCC3)cc12	1.0	0	0.735	0.969
3	COc1ncc(C(=O)N2CCCC2)c(Cl)c1	1.0	0	1.03	0.98
3	COc1ccc(Cn2c(C(=O)O)cc3cc(Cl)ccc32)cc1Cl	1.0	0	0.911	0.98
3	CC(C)(C)c1ccc(S(=O)(=O)NC(C)P(=O)(O)O)cc1	1.0	0	0.779	0.904
3	CCCCCn1cc(C(=O)NC2CCCCC2)c(=O)c2nccnc21	1.0	0	0.785	0.962
3	O=C(CN1C(=O)NC2C=CCCCC21)OCCOc1ccccc1NS(=O)(=O)c1ccc(Cl)cc1	1.0	0	0.0	0.729
3	CCC1Cn2nc(-c3ccc(Cl)cc3)c3ccccC32S1(=O)=O	0.0	0	0.0	0.0
3	O=C(O)c1ccc(S(=O)(=O)Nc2ccc(Cl)cc2)cc1	1.0	0	0.868	0.992
3	COc1ccc(NN=CC2C(=O)N(C)C(=O)N(C)C2c2ccc(C)cc2)cc1	1.0	0	0.871	0.793
3	CCc1ccccc1NS(=O)(=O)c1ccc2nc(SC)sc2c1	1.0	0	0.906	0.975
3	CC(c1ccc(F)cc1)N1CCC(N2c3ccccc3CSc3ccc(F)cc32)CC1	1.0	0	0.0	0.892
3	Fc1ccc(C(CN2CCN(CCc3ccccc3)CC2)N2CCCCC2)cc1Cl	1.0	0	0.818	0.941
3	CCCCCCNC(=O)NS(=O)(=O)c1ccc(C(=O)O)cc1	1.0	0	0.731	0.985
3	Fc1cccc(CN2CCN(c3ncccn3)CC2)c1	1.0	0	0.936	0.986
3	CN1CCN(Cc2c(C)cccc2O)CC1	1.0	0	0.886	0.984
3	COc1ccc(C(=O)Nc2ccccc2Oc2ccc(Cl)cc2)cc1	1.0	0	0.871	0.992
3	COc1ccccc1C(=O)c1ccc2c(ccn2C(C)C)c1	1.0	0	0.863	0.98
3	CC(C)Oc1ccc(S(=O)(=O)N2CCOCC2)cc1Cl	1.0	0	0.859	0.983
3	CC(=O)Nc1ccc(S(=O)(=O)NNC(=O)c2ccc(C)cc2)cc1	1.0	0	0.91	0.988
3	CCOC(=O)CC=S(O)(O)=Cc1cc(Cl)cc(Cl)c1	1.0	0	0.795	0.818
3	c1ccc(N2CC(Oc3ccc(NC(=O)Nc4ccc(Cl)c5sccc45)cc3)C2)cc1	1.0	0	0.0	0.965
3	Fc1ccc(Cn2ccc3ccccc32)cc1	1.0	0	0.943	0.991
3	O=S(=O)(NCCNS(=O)(=O)c1ccccc1)c1ccc(F)c(Cl)c1	1.0	0	0.712	0.983
3	COC(=O)COc1ccccc1-c1ccc(CN)c(C(F)(F)F)c1Cl	1.0	0	0.773	0.956
3	Cc1ccc(C(=O)c2c3ccc(C)cc3[n+]3ccsc3[n+]2[O-])cc1	1.0	0	0.875	0.843
3	N#Cc1ccc(OC(=O)CCCNC(=O)c2cc(Cl)ccc2Cl)cc1	1.0	0	0.769	0.982
3	CCn1c(SCC(=O)O)nnc1-c1ccc(Cl)cc1	1.0	0	0.945	0.984
3	CCCCCCCOc1nonc1SCC(=O)OCC	1.0	0	0.753	0.946
3	CCn1c(-c2ccnc(N)n2)cc2cc(C(=O)C(N)=O)ccc21	1.0	0	0.796	0.941
3	Cc1ccccc1N1CCc2cc(O)ccc21	1.0	0	0.836	0.985
3	COc1ccc(OC(C)C(=O)Nc2ccc(F)cc2)cc1Cl	1.0	0	0.817	0.977
3	CCN(CC(=O)NCCc1ccccc1)C1CCCCC1	1.0	0	0.792	0.986
3	Oc1ccc(CN2CCCC(Nc3ccc(F)cc3)CC2)cc1F	1.0	0	0.841	0.961
3	O=C(NCCCc1ccc(Cl)cc1)C1CCCCC1c1ccccc1	1.0	0	0.8	0.943
3	CC(C)c1nc2c(cc(NS(=O)(=O)c3cccc(Cl)c3)c3ncccc32)c1CO	0.0	0	0.0	0.0
3	CC(=O)Nc1cccc(C(=O)NCc2cccnc2)c1	1.0	0	0.785	0.991
3	CCc1ccccc1-n1cnc2ccccc21	1.0	0	0.877	0.987
3	Cc1nc(-c2nn(CC(=O)NC3(C)CC3)c(=O)c3scc23)sc1C	0.0	0	0.0	0.0
3	O=C(O)c1ccccc1NS(=O)(=O)c1ccc(F)c(Cl)c1	1.0	0	0.955	0.988
3	COc1ncnc2c1ccn2CCC(=O)O	1.0	0	0.826	0.959
3	O=C(c1cc(Cl)c2cc(Cl)ccc2n1)N1CCCCCCC1	1.0	0	0.866	0.981
3	N=C(N)NC(=O)c1ccccc1OCCc1cccc(-c2cnccn2)c1	1.0	0	0.712	0.964
3	CCOC(=O)CCCc1nc2nc(N)c(C#N)c(C)n2n1	1.0	0	0.904	0.917
3	O=C(Nc1ccc(Br)cn1)c1ccc(Cl)cc1Cl	1.0	0	0.831	0.987
3	CNCc1ccc(CNc2ccccc2N)cc1	1.0	0	0.832	0.989
3	CCCSc1nc(O)c(C)c(C(=O)NCC2CCCO2)n1	1.0	0	0.84	0.863
3	COc1noc2cc(N)c(CN3CCOCC3)cc12	1.0	0	0.986	0.943
3	COP(=O)(c1ccc(N)cc1)N1CCC(C)CC1	1.0	0	0.981	0.752
3	CCC(=O)NC(=S)Nc1ccc(Cl)cn1	1.0	0	0.799	0.976
3	O=C(Nc1ccccc1)C1CCN(Cc2ccncc2Nc2ccc(F)cc2)CC1	1.0	0	0.736	0.979
3	COc1ccccc1C(=O)Nc1cc(Cl)ccc1O	1.0	0	0.749	0.992
3	CCCC(C(=O)c1cc(Cl)ccc1O)(c1ccc(OC)cc1)N1CCCCC1	1.0	0	0.932	0.885
3	Cc1ccc(NC(=O)Cc2[nH]c(O)nc2O)cc1	1.0	0	0.96	0.958
3	Cc1ccc(Cl)cc1NS(=O)(=O)c1ccc(Cl)cc1	1.0	0	0.78	0.991
3	COc1cc(N)cc(Cl)c1NCc1cc(Cl)ccc1Cl	1.0	0	0.889	0.972
3	COc1cc2c(cc1C(=O)N1CCNCC1)Cc1ccc(Cl)cc1C(NC)N2	1.0	0	0.793	0.793
3	O=C(Nc1ccc(Cl)c(F)c1)c1cccs1	1.0	0	0.828	0.989
3	CCCCCNC(=O)Nc1ccc(NS(=O)(=O)c2cccc(C(N)=O)c2)cc1S(C)(=O)=O	1.0	0	0.0	0.969
3	Oc1cc(CSc2ccccc2)nc(O)n1	1.0	0	0.906	0.955
3	CCC(C)(C)C(=O)Nc1ccc(F)c(-c2cc(O)n(Cc3ccccc3)c2)c1	1.0	0	0.759	0.952
3	CC1C(=O)N(c2cccc(Cl)c2Cl)CC(O)C1O	1.0	0	0.943	0.694
3	CCS(=O)(=O)c1ccc(-c2cc(C(F)(F)F)ccc2C(=O)c2sccc2C#N)cc1	1.0	0	0.794	0.946
3	CCCCCCCCC=CCCOCCCCC(N)=C(C#N)C#N	1.0	0	0.605	0.899
3	CCOc1ccc(NC(=O)CN(C)CC(=O)Nc2cc(OC)cc(Cl)c2)cc1Cl	1.0	0	0.636	0.979
3	Cc1cccc(-c2nc(C[S+]([O-])CC(=O)Nc3cccc(C#N)c3)cn2-c2ccccc2)c1	1.0	0	0.0	0.775
3	N#Cc1cnc2c(NS(=O)(=O)c3cccc([N+](=O)[O-])c3)cccc2n1	1.0	0	0.788	0.956
3	COc1ccc(C(=O)Nc2ccc(N3CCc4cccc(C(=O)O)c4C3)cc2)cc1	1.0	0	0.654	0.981
3	COc1ccc(NC(=O)C(C)C(=O)c2ccc(Cl)cc2)cn1	1.0	0	0.848	0.954
3	CCOc1ccc(NC(=O)c2cccc(S(=O)(=O)c3cc(Cl)cc(Cl)c3)c2)cc1	1.0	0	0.682	0.982
3	COc1ncc2nc(-c3cccs3)c(C)c(C(=O)NC(C)C)c2c1	1.0	0	0.887	0.948
3	Cc1ccc(C)c(N(Cc2ccco2)C(=O)c2cccc(F)c2)c1	1.0	0	0.998	0.979
3	CCC(=NC(C)C)C1CCC2C3CCC4CC(F)(F)CCC4C3CCC21CC	1.0	0	0.858	0.14
3	Cc1cc(C(=O)COC(=O)c2cc(Cl)nc3ccccc23)c(Cl)n1C	1.0	0	0.87	0.958
3	C1=C(c2ccc(Nc3ccc(F)cc3)cc2)c2ccccc2CC1(C)C	1.0	0	0.789	0.973
3	CCCCC(=O)Nc1nnc(CC)s1	1.0	0	0.804	0.981
3	CCCCNC(=O)Nc1ccc(S(=O)(=O)Nc2ccc(CO)cc2)cc1	1.0	0	0.74	0.986
3	COc1cc2c(cc1O)C(=O)c1c(cc(O)c(O)c1C)C(=O)c1cc(O)cc1C2=O	0.0	0	0.0	0.0
3	COc1ccc(Cn2nc(C)cc2CCN2C(=O)c3ccccc3C2=O)cc1Cl	1.0	0	0.897	0.968
3	CC(C(=O)NCC1CCCO1)N(C)Cc1ccccc1	1.0	0	0.962	0.936
3	Cc1ccc(NS(=O)(=O)c2cccc(C(=O)O)c2)cc1F	1.0	0	0.849	0.989
3	COc1cc(Cl)cc(Cl)c1C1COC(C)(C)CS1	1.0	0	0.881	0.71
3	O=C(c1ncc(I)cc1NS(=O)(=O)c1cccc(Cl)c1)c1ccccc1F	1.0	0	0.955	0.962
3	COC(=O)COc1ccc(S(=O)(=O)N(C)CC(=O)Nc2ccc(OC)cc2)cc1C	1.0	0	0.725	0.98
3	CSc1nc(Cl)c(Cl)nc1C#N	1.0	0	0.758	0.833
3	CC(C)(O)C#Cc1ccc(Oc2ccc(S(C)(=O)=O)cc2)cc1	1.0	0	0.813	0.975
3	CC(C)N1CCC(NC(=O)Nc2ccc(F)c(F)c2)CC1	1.0	0	0.774	0.983
3	CCCc1nc(C(=O)O)cc2c1C(=O)CCO2	1.0	0	0.769	0.931
3	CC(C)(C)c1cc(CN2CCN(C)CC2)cc(C(N)=O)c1	1.0	0	0.858	0.979
3	CC(C)(C)C(=O)CN1C(=O)COc2ccc(S(=O)(=O)NCc3ccccc3)cc21	1.0	0	0.768	0.965
3	Cc1ccc(S(=O)(=O)Nc2ccc(OCc3ccccc3)cc2)cc1	1.0	0	0.778	0.992
3	O=c1c2ccccc2c(Cc2ccc(Cl)cc2)c2ccc(CO)cc12	0.0	0	0.0	0.0
3	O=C(c1ccc(Cl)cc1Cl)N1CCCCC1B(O)O	1.0	0	0.888	0.893
3	CCOC(=O)C(C)(C)NS(=O)(=O)c1ccc(-c2cnc(N)nc2)cc1	1.0	0	0.839	0.961
3	O=C1c2ccc(CS)cc2CCN1C1CCN(CCCO)CC1	1.0	0	0.875	0.952
3	O=S(=O)(Nc1c(Cl)nc2ccccc2c1N1CC(F)CC1)C1CC1	1.0	0	0.945	0.832
3	CC(=O)Nc1ccc(Oc2cc[n+]([O-])cc2)cc1	1.0	0	0.906	0.975
3	CCOCc1c(Br)cccc1N=C[N+]([O-])[O-]	1.0	0	0.734	0.771
3	COc1ccccc1CCNCc1ccc(Cl)cc1	1.0	0	0.81	0.992
3	CCCCCSc1cc(Cl)c(C)cc1Cl	1.0	0	0.84	0.977
3	Cn1cc(-c2ccc(Cl)cc2)cc(-c2ccccc2)c1=O	1.0	0	0.839	0.987
3	Cc1ccccc1CSc1ccc(S(=O)(=O)NCC(=O)N(C)Cc2ccccc2)cn1	1.0	0	0.0	0.968
3	CCCSc1nc(O)c(C)c(Cc2cccc3ccccc23)n1	1.0	0	0.885	0.959
3	CC12CCC(=O)CC1(O)OCC1C3C(=CCCC32)C1O	1.0	0	0.793	0.101
3	CCCC(CCC)C(=O)O	1.0	0	0.558	0.981
3	Cc1ccc(CN2CCC(Oc3ccc(S(C)(=O)=O)cc3)CC2)c(Cn2ncnn2)c1	1.0	0	0.0	0.939
3	O=c1oc(Cl)c(I)c1Cl	0.0	0	0.0	0.0
3	CCCCCCCN=CCC(=O)c1ccc(OC)cc1	1.0	0	0.808	0.971
3	Cc1ccc(C)c(NS(=O)(=O)c2ccc(C)c(F)c2)c1	1.0	0	0.824	0.988
3	COc1ccc(C(=O)NC(=S)NS(=O)(=O)c2ccc3ccccc3c2F)cc1	1.0	0	0.729	0.971
3	O=C(O)c1ccccc1CSc1ccc(Cl)cc1Cl	1.0	0	0.918	0.986
3	O=C(C=Cc1ccn2cc(-c3ccccc3)ccc12)NO	1.0	0	0.796	0.958
3	CCn1c(CNC(=O)OC)nc2ccccc21	1.0	0	0.878	0.984
3	Cc1ccc(-c2ccc(S(=O)(=O)N3CCCCC3C)cc2)s1	1.0	0	1.0	0.951
3	O=C1c2ccc(Cl)cc2-n2c1nc1ccc(Cl)cc1[n+]2[O-]	0.0	0	0.0	0.0
3	Oc1cc(C(F)(F)F)ccc1NC(=O)Cc1ccccc1	1.0	0	0.827	0.988
3	CCc1nn(Cc2ccc(-c3nnc(O)o3)cc2F)c2cc(Br)ccc12	1.0	0	0.868	0.927
3	CC(=O)C1Cc2cc(Cl)ccc2C(C)CN1C(=O)c1ccccc1O	1.0	0	0.902	0.852
3	CC(C)CC(=O)NCCCNc1nccc(C)c1C	1.0	0	0.778	0.972
3	O=c1nc(OCC2CCCO2)cc2n1CCC2	1.0	0	0.964	0.808
3	COc1nc(NS(=O)(=O)c2cc(C)c(C)cc2C)ncc1Cl	1.0	0	0.818	0.962
3	Cc1c(CC(=O)O)cc2ccccc2c1C(=O)O	1.0	0	0.767	0.981
3	O=C(c1cccnc1)C1c2c(cc3c(c2O)CCOC13)OCO	1.0	0	0.0	0.173
3	Cc1nn(Cc2ccc(F)cc2)c(C)c1S(C)(=O)=O	1.0	0	0.97	0.979
3	COc1ccccc1Cn1nnc(-c2ccc(Cl)cc2)c1Cl	1.0	0	0.944	0.977
3	COc1ccc(OC)c(C=Cc2nc3ccccc3[nH]2)c1	1.0	0	0.889	0.978
3	CCCCSc1nnc(-c2ccc(C(C)=O)cc2)o1	1.0	0	0.785	0.981
3	O=C(C1=C(O)C(=O)N(Cc2ccccc2)C1)c1ccc(OC(F)F)cc1	1.0	0	0.802	0.966
3	CCCCCCC(=O)N1c2ccccc2C(=O)C1=NS(=O)(=O)c1ccc(Cl)cc1	1.0	0	0.885	0.95
3	CCC(=O)c1c(C)cccc1C(=O)Nc1ccc(F)c(Cl)c1	1.0	0	0.855	0.982
3	COC(=O)Cn1c(=O)c2ccsc2c2ccc(C(=O)O)cc21	1.0	0	0.817	0.966
3	CCCCOc1nc(N)c2nc(O)n(C)c2n1	1.0	0	0.885	0.928
3	COc1ccc(S(=O)(=O)Nc2cncc(-c3ccc(N4CC(C)CCO4)cn3)c2)cc1	1.0	0	0.0	0.836
3	CNS(=O)(=O)c1ccc(NC(=O)CN2C(=O)c3ccccc3S2(=O)=O)cc1Cl	1.0	0	0.793	0.96
3	O=C(c1cnn(-c2ccc(Cl)cc2Cl)c1)c1ccc(Cl)cc1	1.0	0	0.865	0.981
3	O=C(CCCNc1ccc(C(F)(F)F)cc1)NO	1.0	0	0.852	0.982
3	CCc1nnc(NC(=O)c2ccc(Cl)cc2)c(=O)o1	1.0	0	0.822	0.972
3	CC(C)(CO)c1cccc(CNC2CS(=O)(=O)CC(C(=O)O)CC2C(=O)NC(c2ccccc2)c2ccccc2)c1O	1.0	0	0.0	0.539
3	CCNc1nc(SCC(=O)c2ccccc2)cc(N)n1	1.0	0	0.835	0.969
3	COc1ccc(C2=NN(c3ccccc3)C(c3ccoc3)C2)cc1	1.0	0	0.885	0.936
3	Oc1ccc(C=C2CC(c3cccs3)=Nc3ccccc32)cc1	1.0	0	0.851	0.951
3	CC(C)(C)C(=O)Nc1ccc2c(c1)OCO2	1.0	0	0.952	0.985
3	Cc1ccc(C(=O)Nc2cccc(NC(=O)c3ccccc3)c2)cc1	1.0	0	0.698	0.994
3	CC(=O)Nc1ccc2c(C(=O)c3ccc4cc5n(nc34)CCCNC3=O)c[nH]c2c1	0.0	0	0.0	0.0
3	CC(C)(C)c1ccc(S(=O)(=O)Cc2ccc(Cl)cc2)cc1	1.0	0	0.82	0.988
3	COc1cc2cnc(-c3ccccc3)c(-c3ccc(C#N)cc3)c2cc1O	1.0	0	0.842	0.971
3	CC(C)c1nc(NCCO)c2cc(-c3cccc(C#N)c3)ccc2n1	1.0	0	0.775	0.964
4	O=C(Nc1ccc(C(=O)N2CCOCC2)cc1)C1CCOC1	1.0	0	0.777	0.961
4	c1cc(N2CCOCC2)ccc1NS(=O)(=O)c1ccc(Cl)s1	1.0	0	0.825	0.979
4	Cc1cc(C(=O)c2cc(C(=O)c3ccc(F)c(O)c3)cs2)ccc1Cl	1.0	0	0.787	0.959
4	COc1cc(C)cc2cc(C(=O)Nc3ccccc3)c3ccc(Cl)cc3c12	1.0	0	0.828	0.982
4	CC(N)C(=O)NC(C)(C)C(=O)O	1.0	0	0.574	0.914
4	COC(=O)Cc1c(C(=O)NCCc2ccccc2)noc1-c1ccc(Cl)cc1	1.0	0	0.738	0.974
4	CCCCNc1oc(SC)nc1S(=O)(=O)c1ccc(C)cc1C(=O)O	1.0	0	0.82	0.912
4	Cc1cc(CC(=O)N2CCCC2C(=O)Nc2cccc(F)c2)cs1	1.0	0	0.791	0.936
4	Cc1ccc(C(=O)Nc2cc(C)ccc2NS(=O)(=O)c2ccc(NC(C)=O)cc2)cc1	1.0	0	0.0	0.984
4	Cc1ccc(Cl)cc1NC(=O)CN1CCCC1=O	1.0	0	0.778	0.987
4	c1ccc(CCN2CCN(c3ncncc3-c3ccccc3)CC2)cc1	1.0	0	0.841	0.983
4	CCOc1cccc(CCNC(=O)COc2ccc(Cl)cc2Cl)c1	1.0	0	0.814	0.988
4	O=S(=O)(c1ccc(Cl)cc1)N1CCc2ccccc21	1.0	0	0.879	0.989
4	CCOc1ccc(Cc2cc(C3(O)CCC(C(=O)O)C(C)(O)C3)c(Cc3cccc(Cl)c3)c2)cc1	0.0	0	0.0	0.0
4	COc1ccc(N2C(=O)c3[nH]nc(-c4ccco4)c3-c3ccccc32)cc1	1.0	0	0.806	0.958
4	CCCN1CC(NS(=O)(=O)c2ccc(C)cc2)CC1=O	1.0	0	0.882	0.95
4	Cc1cccc(C(=O)Oc2ccccc2-c2ccccc2)c1	1.0	0	0.897	0.992
4	CCCCc1ccc(NS(=O)(=O)c2ccc(C)cc2)cc1C#N	1.0	0	0.872	0.982
4	O=C1NC(=S)N(c2ccccc2)C1=O	1.0	0	0.781	0.981
4	O=C(Nc1ccc(S(=O)(=O)N2CCOCC2)cc1)c1ccco1	1.0	0	0.729	0.985
4	CC1=C(C(=O)O)C(c2ccc(Oc3ccccc3)cc2)(C2C(=O)c3ccccc3C2=O)C(=O)c2ccc(Br)cc21	1.0	0	0.0	0.778
4	COc1cccc(CN2CCOCC2)c1Oc1nc(-c2ccc(O)cc2)cs1	1.0	0	0.769	0.96
4	CCC(c1ccc2[nH]cc(-c3ncc(C)cc3F)c2c1)N(C)S(C)(=O)=O	1.0	0	0.808	0.819
4	O=S(=O)(O)CCCc1ccccc1O	1.0	0	0.768	0.982
4	Cc1sc(C)c2c1CCCCO2	1.0	0	0.669	0.922
4	CC(C)(C)c1ccc(S(=O)(=O)Nc2ccc(Cl)cc2C(=O)c2ccccc2)cc1	1.0	0	0.94	0.984
4	CCCCN(CC)CCCNC(=O)c1ccc2c(c1)c(C)c(C)n2Cc1ccccc1Cl	1.0	0	0.0	0.967
4	Cc1cc(CN(C)C)ccc1Oc1ccc(F)cc1F	1.0	0	0.929	0.985
4	Cc1c(Cl)cccc1Nc1ncc(N(C)C(=O)c2cc(Cl)ccc2Cl)cn1	1.0	0	0.731	0.962
4	O=C(O)COc1ccccc1NS(=O)(=O)c1cccc(Cl)c1Cl	1.0	0	0.959	0.983
4	Cc1cccc(C(=O)Nc2ccc(OC(C)c3ccccc3)cc2)c1F	1.0	0	0.694	0.967
4	CS(=O)(=O)c1ccc(C2=C(c3ccc(F)cc3)C(=O)OC2=O)cc1	1.0	0	1.003	0.972
4	CCCCNC(=O)c1ccc(Cl)cc1Oc1ccc(C)cc1	1.0	0	0.915	0.989
4	CC(C)C(=O)Nc1ccc(C(=O)NCCCSc2ccccc2)cc1	1.0	0	0.727	0.987
4	O=C(C=Cc1ccc(Cl)cc1)NNC(=O)c1cccc(Cl)c1	1.0	0	0.796	0.986
4	O=C(O)c1cc(Cl)c(Cl)cc1O	1.0	0	0.672	0.986
4	CC(C)CC(=O)NC1CCCCC1NS(=O)(=O)c1ccc(Br)cc1	1.0	0	0.909	0.9
4	O=C1N(Cc2cccc(F)c2)C(c2ccccc2)c2ccccc21	1.0	0	1.083	0.969
4	COc1ccccc1S(=O)(=O)NC(=O)NCc1ccccc1F	1.0	0	0.741	0.985
4	COc1nc(NS(=O)(=O)c2ccccc2F)cc(Cl)n1O	0.0	0	0.0	0.0
4	O=C(NSc1ccccn1)c1cc2cc(Cl)ccc2[nH]1	1.0	0	0.852	0.935
4	CCCCCOc1nc(C(F)(F)F)ccc1CNC(=O)CCCN=C(N)N	1.0	0	0.693	0.947
4	CC(=O)N1C(=O)C(=O)C(=O)N1Cc1ccccc1Cl	1.0	0	1.078	0.937
4	Cc1oc(-c2cc(Cl)cc(Cl)c2)nc1CSc1nnc(O)n1C#N	1.0	0	0.872	0.865
4	O=C(O)c1ccc(C(=O)c2cc3ccccc3o2)cc1	1.0	0	0.766	0.988
4	CCC(=O)c1ccc(Oc2ccccc2)cc1	1.0	0	0.924	0.994
4	Oc1c(Cl)cc(Cl)c(Cl)c1Cl	1.0	0	0.632	0.969
4	CCc1nnc(Nc2nc3ccccc3nc2NS(=O)(=O)c2ccc(OCC(=O)OC)c(C)c2)s1	1.0	0	0.0	0.942
4	COc1ccc(CC(=O)Nc2ccccc2C(=O)c2ccccc2)cc1	1.0	0	0.802	0.991
4	C=CCOc1ccc(S(=O)(=O)NC(C)C)cc1-c1ccc(Cl)c(F)c1	1.0	0	0.84	0.969
4	COCCN1C(=O)c2ccc(C(=O)N3CCN(C)CC3)cc2C1=O	1.0	0	0.873	0.98
4	COc1nc(Cl)cnc1NS(=O)(=O)c1cc(Cl)sc1Cl	1.0	0	0.855	0.92
4	N#CCOc1ccc(S(=O)(=O)NCCc2ccccc2)cc1	1.0	0	0.759	0.987
4	c1cc[n+](CCCCC[n+]2ccccc2)cc1c1ccc(Cl)cc1	1.0	0	0.715	0.947
4	COC(=O)c1ccccc1SCc1oc(-c2cccc(Cl)c2)nc1Cc1ccc(Cl)c(Cl)c1	1.0	0	0.0	0.953
4	Cc1ccccc1C(=O)Nc1ccc2c(c1)C(=O)c1ccccc1C2=O	1.0	0	0.782	0.987
4	N=C(NC(=O)c1ccc(Cl)cc1)SS(=O)(=O)c1ccc(Cl)s1	1.0	0	0.779	0.912
4	O=C(NS(=O)(=O)c1ccc(Cl)cc1)C1CCC(OS(=O)(=O)c2cccc(Cl)c2)CC1	1.0	0	0.625	0.96
4	COCCCNCc1cc2c(C)nn(C)c2cc1OCc1ccccc1	1.0	0	0.837	0.971
4	COc1ccccc1Sc1cc(Cl)cc2cc(C(=O)c3ccc(C)cc3)cnc12	1.0	0	0.843	0.966
4	COc1ccc2nc(C(=O)Nc3ccc(F)cc3)cnc2c1	1.0	0	0.783	0.987
4	Cc1cc(C)nc(-n2cc(C(=O)N3CCCCC3)c3ccccc32)n1	1.0	0	0.977	0.971
4	CC(C)CCCC(=O)Nc1ccc(C(=O)CN2C(=O)N(C(C)C)CC2Cc2ccccc2)cc1	1.0	0	0.0	0.887
4	O=C(c1ccc2oc(=O)sc2c1)N1CCCCCC1	1.0	0	1.141	0.973
4	Cc1cc(NS(C)(=O)=O)ccc1Sc1cc(Cl)cc(Cl)c1	1.0	0	0.892	0.97
4	Cc1cc(OCC(=O)NC(=O)NC2CCCCC2)ccc1Cl	1.0	0	0.809	0.984
4	CC1=NC(=O)CC(c2ccccc2)C1C(=O)OCc1ccccc1	1.0	0	0.859	0.903
4	Cc1cc(C)c(S(=O)(=O)NC(C)C)c(C)n1	1.0	0	0.819	0.966
4	CC(=O)N1CCC(C(=O)N2CC(C)C(O)CC2OCc2ccc(Cl)cc2)C1	1.0	0	0.871	0.666
4	O=S(=O)(NCc1c(Cl)cccc1Cl)c1ccc(Cl)cc1	1.0	0	0.808	0.987
4	CCOc1ccc(NS(=O)(=O)c2ccc(N3C(=O)CCC3CN3CCCC3)cc2)cc1	1.0	0	0.0	0.93
4	COc1ccc2cc(CNc3ccc(F)cc3)c3nccn3c(=O)c2c1	1.0	0	0.921	0.972
4	c1ccc(Oc2ccc(CN3CCC(NCCCOC(CF)CF)C3)cc2)cc1	1.0	0	0.697	0.901
4	CCCCCCCCCCOc1c(C)cc(NC(=O)C(=O)O)c(Br)c1O	1.0	0	0.706	0.947
4	Cc1ccc(CSC(=Nc2ccc(Cl)cc2)NC(=O)c2ccccc2)cc1	1.0	0	0.858	0.972
4	O=C(Nc1ccc(Oc2ccc(F)cc2)cc1)c1ccccc1F	1.0	0	0.727	0.992
4	C=CCN(CCc1ccc(C(C)(C)C)cc1)Cc1cc(N=[N+]=[N-])cc2[n+]([O-])cccc12	1.0	0	0.0	0.832
4	CC(C)Oc1ccc(Nc2ccc(C(=O)O)cc2)cc1	1.0	0	0.762	0.992
4	CCOc1ccc(NS(=O)(=O)c2cccc(C(=O)N3CCCCC3)c2)cc1	1.0	0	0.761	0.987
4	COc1cccc(-c2nc(O)c(C#N)c(N3CCC(C)CC3)n2)c1	1.0	0	0.847	0.959
4	COc1cc(C(=O)N2CCCCC2)c(Cl)cc1Cl	1.0	0	0.948	0.988
4	COc1ccccc1NC(=O)N1CCN(S(C)(=O)=O)CC1	1.0	0	0.774	0.987
4	c1ccc(C2=NCc3ccccc32)cc1Cl	1.0	0	0.754	0.981
4	O=C(NC1CCOC1)c1ccc(Cl)c(S(=O)(=O)NNc2ccccc2)c1	1.0	0	0.744	0.929
4	O=C(c1cccnc1)c1cc(Cl)ccc1NS(=O)(=O)c1ccc(-c2cccs2)cc1	1.0	0	0.857	0.974
4	O=C(O)c1cccn(Cc2ccc(C(F)(F)F)cc2)c1=O	1.0	0	0.972	0.983
4	CC(CO)NS(=O)(=O)c1ccc(Cl)cc1NC(=O)c1ccccc1	1.0	0	0.832	0.96
4	Cc1cccc(C(=O)Nc2ccc3nc(SCCOc4ccccc4)sc3n2)c1	1.0	0	0.677	0.969
4	CCc1nc2c(nnn2-c2ccc(C)c(Cl)c2)c2ncccc12	1.0	0	0.829	0.949
4	COC(=O)c1ccc2c(c1)nnn2Cc1ccccc1OC	1.0	0	0.962	0.984
4	N#CC(=Cc1cccnc1)S(=O)(=O)c1cccs1	1.0	0	1.068	0.941
4	CC(C)(C)OC(=O)Nc1ccc[n+](CCCCCCC(=O)O)c1C(=O)OC(C)C	1.0	0	0.706	0.915
4	Cc1cccc(C(=O)c2ccccc2N2C(=O)c3ccccc3C2=O)n1	1.0	0	0.817	0.978
4	O=C(O)c1ccncc1CCn1ccc2ccc(O)cc21	1.0	0	0.903	0.962
4	CN(C)C(=O)C1CCCN(c2ccc3cc(C(=O)NCCCN4CCCC4=O)ccc3n2)C1	1.0	0	0.0	0.896
4	CC(=O)C1=C(O)C(=O)N(c2ccc(Cl)cc2)C1C(F)F	1.0	0	0.983	0.871
4	CN1CCN(c2ccc(C(=O)Nc3cccc(C(C)(C)c4c(Cl)cccc4Cl)c3)cc2)CC1	1.0	0	0.0	0.968
4	O=S(=O)(c1ccc(Cl)cc1)N1CCCC1	1.0	0	0.814	0.993
4	CCCC(=O)NCCCc1cccc(OCc2ccc(C(C)(C)C)cc2)c1	1.0	0	0.71	0.984
4	Cc1ccc(N2C(=O)CC(c3ccc(Cl)c(Cl)c3)C3CCCCC32)cc1	1.0	0	1.031	0.824
4	COc1ccccc1Cc1c(C)nn2ncccc2c1=O	0.0	0	0.0	0.0
4	COc1ccc(-c2ccccc2)cc1S(=O)(=O)Nc1cc(Cl)ccc1C(=O)O	1.0	0	0.803	0.984
4	Cc1cc2c(nc1CCCS)Oc1ccc(C(C)(C)C)cc1C2C	1.0	0	0.811	0.725
4	Cc1noc(NS(=O)(=O)c2ccc(Br)cc2)c1Br	1.0	0	0.924	0.968
4	CC(C)(C)c1ccc(C(=O)C2CCN(CC(O)COc3ccc(C#N)cc3)CC2)cc1	1.0	0	0.0	0.934
4	CCCCc1cc(=O)oc2cc(C)cc(OC(C)(O)c3cccnc3)c12	1.0	0	0.884	0.827
4	Cc1ccccc1S(=O)(=O)N(C)CC1CCC(C(=O)c2ccc(Cl)c(Cl)c2)C1	1.0	0	0.816	0.877
4	CC(=O)Nc1ccc(C(=O)c2ccccc2)cc1	1.0	0	0.911	0.995
4	CCOC(=O)C1=C(O)C(CC(=O)O)CC1N1CCCCCC1	1.0	0	0.843	0.779
4	COc1cc(C(=O)OCC#C)ccc1NS(=O)(=O)c1cccc(C(=O)O)c1	1.0	0	0.802	0.973
4	Cc1ccc(SC(=O)NC(=O)c2cccc3ccccc23)cc1	1.0	0	0.744	0.978
4	CC(C)NS(=O)(=O)c1cc(Cl)ccc1CSc1ccc(Cl)cc1	1.0	0	0.919	0.975
4	O=C(CSc1ccc(Cl)cc1)Nc1cccc(Cl)c1	1.0	0	0.837	0.992
4	Cc1ccc(C(=O)NC2CCC(NC(=O)N3CCN(C)CC3)CC2)cc1	1.0	0	0.67	0.982
4	COC(=O)c1ccc(NS(=O)(=O)c2cc(Cl)ccc2OC)cc1	1.0	0	0.872	0.989
4	Cc1ccc(OCCC(=O)N(CCCCN)Cc2ccccc2)cc1N1CCC(O)CC1	1.0	0	0.0	0.966
4	Cc1c(N(Cc2ccc(C(F)(F)F)cc2)S(=O)(=O)c2ccc(Cl)cc2)sc2ccccc12	1.0	0	0.0	0.964
4	COc1ccc(OC)c(Sc2nc(-c3ccc4c(c3)OCO4)c(CC(=O)NCc3ccccc3)c3ccccc23)c1Cl	1.0	0	0.0	0.914
4	c1ccc(C2CCNCC2)cc1	1.0	0	0.75	0.989
4	COC(=O)C(C)(C)c1ccc(Nc2nc(N)c(Cl)c(Cl)c2)cc1Cl	1.0	0	0.814	0.928
4	CC(=O)NC(CCCNC(=O)OCc1ccccc1)C(=O)Nc1ccccc1O	1.0	0	0.63	0.955
4	CSc1ccc(S(=O)(=O)N2CCN(Cc3ccc(F)cc3Cl)CC2)cc1	1.0	0	0.79	0.98
4	O=C(CSc1ccc(Cl)cc1)Nc1ccccc1Cl	1.0	0	0.837	0.992
4	COc1ccccc1S(=O)(=O)NC(=O)N1CCCC(c2ccc(Cl)cc2)C1	1.0	0	0.717	0.946
4	COc1ccc(C(=O)C2CCN(C(=O)c3cccc(C(C)=O)c3)CC2)cc1	1.0	0	0.806	0.986
4	CC1CC(=O)CCN1Cc1cccnc1Oc1cc(F)c(F)c(F)c1	1.0	0	1.042	0.872
4	O=C(NCCN1CCCC1)c1ccccc1-c1ccccc1	1.0	0	0.892	0.991
4	O=C(c1ccccc1)c1cn(Cc2ccc(Cl)cc2)c2cnccc2c1	0.0	0	0.0	0.0
4	COC(=O)c1ccccc1NS(=O)(=O)c1cc(C)ccc1O	1.0	0	0.922	0.984
4	CN(C)C1CCN(CCc2ccc(Br)cc2)CC1(C)C	1.0	0	0.922	0.903
4	C=CN1CCC(c2ccc(NS(=O)(=O)c3ccc(Cl)cc3)cc2)CC1	1.0	0	0.836	0.969
4	O=C(c1cccnc1)N1CCC(O)(c2ccccc2)C2CCCCC21	1.0	0	0.897	0.831
4	Cc1cc(OCc2nc3ccccc3o2)ccc1Cl	1.0	0	0.908	0.985
4	O=C(NCCc1ccccc1)c1ccc(B(O)O)cc1	1.0	0	0.812	0.985
4	CC(=O)c1ccc(S(=O)(=O)NCc2ccc(C)cc2)cc1	1.0	0	0.801	0.991
4	CC(C)COc1nc(Cl)cnc1NS(=O)(=O)c1ccc(Cl)c(Cl)c1	1.0	0	0.941	0.955
4	CCn1c(C)nc2cc(-c3c(C(=O)OC)cc(O)c(O)c3)sc2c1	0.0	0	0.0	0.0
4	Cc1ccc(S(=O)(=O)c2cnc3ccccc3c2)cc1	1.0	0	0.968	0.988
4	O=C(NCCN1CCC(Cc2ccccc2)CC1)Nc1ccccc1Cl	1.0	0	0.714	0.986
4	CC1=C(C(=O)N2CCC(O)C2)CCc2ccccc21	1.0	0	0.835	0.91
4	N#Cc1cnc(N=c2ncc(Cl)cc2Cl)c2ccccc12	0.0	0	0.0	0.0
4	CCCCCN(C)CNC(=O)C(C)c1ccc(Cl)cc1	1.0	0	0.78	0.926
4	Nc1ccc(OCc2cccc(F)c2)cc1	1.0	0	0.82	0.993
4	CCCn1c(C)nc(-c2ccc(F)c(Cl)c2)c1-c1ccc(Cl)cc1Cl	1.0	0	1.05	0.966
4	CC(C)(C)c1ccc(-c2nc(C#N)cn2C)cc1	1.0	0	0.842	0.956
4	CC(=O)C1=C(O)C(=O)N(c2ccc(Br)cc2)C1c1cccc(F)c1F	1.0	1	1.586	0.927
4	Nc1c(S(=O)(=O)c2cc(Cl)c(Cl)cc2Cl)cc([N+]([O-])[O-])n1	0.0	0	0.0	0.0
4	OCCNCc1cccc(C=Cc2ccc(Cl)cc2)c1	1.0	0	0.803	0.985
4	COc1ccc2ccc(CCOCCCOc3cccc(CCc4nc(O)cc(NS(=O)(=O)c5ccc(C)cc5)c4)CC3)cc2c1B(O)O	0.0	0	0.0	0.0
4	COc1ccc(S(=O)(=O)N2CCN(Cc3ccc4c(c3)OCO4)CC2)cc1	1.0	0	0.797	0.983
4	O=C(Cc1cc[n+]([O-])cc1)c1ccc(Cl)cc1Cl	1.0	0	0.927	0.964
4	CCCc1ccc(C(=O)CCN2CCC(NC(=O)c3cccc(C)c3)CC2)cc1	1.0	0	0.679	0.982
4	Cc1cc(NS(=O)(=O)c2ccc(C(C)(C)C)cc2)no1	1.0	0	0.813	0.98
4	Nc1ncnc(Nc2ccccc2)c1[N+](=O)[O-]	1.0	0	0.926	0.981
4	O=C(NS(=O)(=O)c1ccccc1)c1cccc(Br)c1	1.0	0	0.823	0.99
4	CC(=O)CCc1ccc(S(=O)(=O)N2CCC(c3cc(Cl)cc(Cl)c3)CC2)cc1	1.0	0	0.799	0.973
4	Cc1cc(C)n2cc(CSc3ccc(F)c(F)c3F)nc2n1	1.0	0	0.9	0.927
4	COc1nc2nc(N)n(CCC3CCCC3)c(O)c2n1Nc1ccccc1	0.0	0	0.0	0.0
4	CC1=C(c2cccc(C)c2)c2ccc(Br)cc2C1=O	1.0	0	0.818	0.976
4	COc1ccccc1S(N)(=O)=O	1.0	0	0.659	0.991
4	COc1ccc(NC(=O)c2c(OC)cccc2OC)c(F)c1	1.0	0	0.773	0.989
4	COc1ccccc1S(=O)(=O)NC(=O)C1(C)CCSCC(=O)N1Cc1cccc(N(C)C)c1	1.0	0	0.0	0.823
4	O=S(=O)(CCCNCCCCO)CCc1ccccc1	1.0	0	0.753	0.978
4	O=S(=O)(Nc1cc(NCc2ccccc2)ccn1)c1ccc(F)cc1Cl	1.0	0	0.787	0.978
4	O=C(c1cccc2ccccc12)C1CCN(Cc2ccc(Cl)cc2)CC1	1.0	0	0.798	0.987
4	Clc1ccc(CN2CCCCCC2)cc1Cl	1.0	0	0.871	0.992
4	CCn1c(CCNC(=O)c2ccccc2)nnc1SCC(=O)c1ccc(Cl)cc1	1.0	0	0.656	0.98
4	Cc1cc(NC(=S)NCCCO)ccc1Cl	1.0	0	0.826	0.984
4	COC(=O)c1cc(OC)c(CN2CCC(C)CC2)c(OC)c1C(c1ccc[n+]([O-])cc1)C1CCCCC1	0.0	0	0.0	0.0
4	COc1ccccc1Cn1nc2c(s1)-c1ccccc1S(=O)(=O)N2C	0.0	0	0.0	0.0
4	COC(=O)C(=O)n1cc(C)c2ccccc21	1.0	0	0.735	0.964
4	C(=Nc1ccc(C2=NNC(=O)CN2)cc1)c1cccs1	1.0	0	0.814	0.877
4	CCC(=O)NN=C(C)CC(=O)Nc1ccc(C#N)cc1	1.0	0	0.761	0.972
4	CN(C)c1ccc(CN2CCCCC2)cc1Cl	1.0	0	0.927	0.986
4	Cc1ccccc1NC(=O)Nc1ccc(Cl)cc1O	1.0	0	0.799	0.99
4	Cn1c(SSc2c(CC#N)nc3ccccc3c2=O)cccc1=O	0.0	0	0.0	0.0
4	COc1ccc(CC(=O)NCc2ccc(C(C)C)cc2)cc1Cl	1.0	0	0.793	0.989
4	CC(C)(C)c1cc(Cl)ccc1OC1CN(Cc2ccccc2)CC1O	1.0	0	0.918	0.895
4	CCOc1ccc(N(C(=O)c2ccccc2C)S(=O)(=O)c2ccc(C)cc2)cc1	1.0	0	0.923	0.981
4	Cc1ccc(NC(=O)CC(C)C)c(Br)c1	1.0	0	0.811	0.989
4	CCCNS(=O)(=O)c1ccc(O)c2ncccc12	1.0	0	0.839	0.976
4	CC(=O)N1CCc2cc(CNC(=O)Nc3ccccc3)ccc21	1.0	0	0.78	0.986
4	COCC(=O)c1ccccc1OC(=O)NCc1ccccc1Cl	1.0	0	0.796	0.982
4	N#Cc1c(O)nsc1Cl	1.0	0	0.676	0.75
4	CC(=O)Nc1cc(NC(=O)C=Cc2ccccc2)ccc1Cl	1.0	0	0.769	0.988
4	CC1=Nc2cc(Cl)ccc2CN1Cc1ccc(F)cc1	1.0	0	0.957	0.962
4	Cc1cccc2nc(NS(=O)(=O)c3cccs3)sc12	1.0	0	0.897	0.971
4	CC(=O)c1c(O)nc(Nc2ccccc2)c2ccccc12	1.0	0	0.94	0.977
4	CC(C)(C)c1ccc(Nc2ncnc3[nH]cnc23)cc1	1.0	0	0.904	0.962
4	Cc1ccc(C(c2nc3ccccc3c(=O)c2O)S(=O)(=O)c2ccccc2)o1	0.0	0	0.0	0.0
4	CC=Cc1cc(Br)c(O)c(OC)c1	1.0	0	0.705	0.971
4	CCOC(=O)c1c(C)[nH]c2c1C13CCCCC1C(C(=O)O)(C2)C3	1.0	0	0.803	0.165
4	Clc1ccc(CN2CCCC(Oc3ccc(F)c(F)c3)C2)cc1Cl	1.0	0	0.901	0.952
4	O=S(=O)(NCc1cccnc1)c1cccs1	1.0	0	0.849	0.982
4	O=C(O)c1ccc(OCP(=O)(O)O)cc1F	1.0	0	0.673	0.965
4	O=S(=O)(COc1ccc(Cl)cc1)Nc1cccc(Cl)c1	1.0	0	0.904	0.98
4	O=C(NCCC(=O)Nc1cc(Cl)c(Cl)cc1)OCCBr	1.0	0	0.781	0.98
4	Cc1cc(C)n2cc(CCc3ccccc3)nc2n1	1.0	0	0.889	0.974
4	Cc1cccc(CSC(=O)c2ccc(Br)cc2)c1	1.0	0	0.907	0.984
4	CCCNC(=O)NS(=O)(=O)c1ccc(C(C)C)cc1	1.0	0	0.781	0.985
4	Cc1ccc(OS(=O)(=O)c2ccc(OCC(=O)NC3CCCCC3)c3ccccc23)cc1	1.0	0	0.0	0.974
4	COC(=O)C(=O)N1C2CCC1CN(c1nccnc1)C2	1.0	0	0.804	0.454
4	COc1nc2[nH]cc(Cc3ccccc3)c2c2ccc(Cl)cc12	1.0	0	0.9	0.966
4	Cc1ccc(NS(=O)(=O)c2ccc(NC(=O)C=Cc3ccccc3)cc2)cc1CCCN(C)Cc1ccc(C)s1	1.0	0	0.0	0.947
4	COc1ccc(S(=O)(=O)Nc2ccc(F)c(-c3c(Cl)cccc3Cl)n2)cc1F	1.0	0	0.836	0.968
4	CC(C)(C)c1ccc(S(=O)(=O)Nc2ccc(Cl)c3c2C(=O)c2ccccc3-2)cc1	1.0	0	0.842	0.972
4	CCCOc1c(NC(C)=O)c(N)c([N+](=O)[O-])cc1N(C)C	1.0	0	0.814	0.923
4	COc1cccc(CN(C(=O)COc2ccccc2)c2ccccn2)c1	1.0	0	0.945	0.984
4	N#CCCNC(=O)c1ccc(COc2ccccc2)cc1	1.0	0	0.761	0.99
4	Cc1ccccc1C(=O)Nc1ccccn1	1.0	0	0.803	0.993
4	CC(C)(C)c1ccc(S(=O)(=O)Nc2cnc(-c3ccc4c(c3)CNCC4)c3ccccc23)cc1C(=O)O	1.0	0	0.0	0.923
4	CC(C)Nc1ccc(S(=O)(=O)NC(=O)CON=C(N)c2ccccc2)cc1F	1.0	0	0.722	0.957
4	CCN(C(=O)c1cc(Cl)ccc1OC)c1ccccc1	1.0	0	0.952	0.989
4	O=S(=O)(Nc1cc(F)cc(F)c1)c1ccccc1	1.0	0	0.839	0.99
4	Cc1ccc(C(=O)c2noc(-c3cccc(C)c3)c2-c2ccccc2)cc1	1.0	0	0.97	0.979
4	CCN(CC)C(=O)Cc1c2n(c3cc(NS(=O)(=O)c4ccc(F)cc4)ccc31)CCCC2	1.0	0	0.0	0.951
4	COc1ccccc1S(=O)(=O)c1cccc(NC(=O)c2cccc(C(C)=O)c2)c1	1.0	0	0.714	0.984
4	CC(=O)NCCC(=O)Nc1ccnc(-c2ccccc2)c1	1.0	0	0.759	0.988
4	Cc1ccc(NS(=O)(=O)c2cccc(C(=O)c3ccccc3)c2)cc1	1.0	0	0.854	0.99
4	c1ccc(Oc2ccccc2)cn1	1.0	0	0.861	0.994
4	CC(C)(C)COc1nc(Nc2ccc(S(C)(=O)=O)cc2)nc(NC(=O)c2ccccn2)n1	1.0	0	0.0	0.949
4	CCCC(=O)N1CCN(c2ccc(NC(=O)c3ccccc3C)cc2)CC1	1.0	0	0.69	0.987
4	CC(=O)Nc1ccc(S(=O)(=O)NCCCCNC(=O)c2ccccc2)cc1	1.0	0	0.665	0.988
4	CCCC(=O)NCCc1ccc(F)c(C(=O)c2ccc(F)cc2)c1	1.0	0	0.803	0.985
4	CC(=O)c1ccc(-c2ccc(CSc3nnc(C)s3)cc2Cl)cc1	1.0	0	0.805	0.977
4	CC(=O)Nc1ccc(-c2ccc(NS(=O)(=O)c3cc(Cl)c(Cl)cc3Cl)cc2)nc1N1CCC(C(C)(C)O)CC1	1.0	0	0.0	0.924
4	COc1ccccc1C(=O)NCCSc1cccc(Cl)c1	1.0	0	0.811	0.988
4	CCOc1ccc(NC(=O)c2c(N)ncnc2Nc2ccc(C)cc2)cc1	1.0	0	0.743	0.979
4	C(=NNc1ccc(Br)c(C(=N)N)c1)c1cc2ccccc2o1	1.0	0	0.855	0.948
4	O=C(O)c1ccc(S(=O)(=O)NCCCN2CCCC2)cc1	1.0	0	0.774	0.987
4	Cc1ccc(C(=O)c2ccc(C)cc2)c(C)c1	1.0	0	0.899	0.993
4	COc1cc(NS(C)(=O)=O)c(Cl)c(OC)c1OC	1.0	0	0.794	0.969
4	Cc1nc2cccnc2n1Cc1ccc(Cl)cc1Cl	1.0	0	1.068	0.98
4	CC(=O)N1CCC(NC(=O)c2cc(Cl)ccc2Oc2ccccc2)CC1	1.0	0	0.825	0.984
4	COc1nsnc1Cc1c[nH]c2ccc(C)cc12	1.0	0	0.889	0.934
4	O=C(CNS(=O)(=O)c1cccc(C(F)(F)F)c1)NO	1.0	0	0.806	0.974
4	CCn1c(N)nc2ccc3cc(C)ccc3c21	1.0	0	0.729	0.972
4	O=C(CNS(=O)(=O)c1cccc(Br)c1)NO	1.0	0	0.721	0.976
4	Cc1cc(Cl)c(OC(=O)N2CCOCC2)cc1NC#N	1.0	0	0.9	0.943
4	CCn1c2ccc(OC)cc2c(=O)c2c(OCC)cccc21	1.0	0	0.772	0.981
4	N#CC1CCNCC1c1ccccc1	1.0	0	0.834	0.833
4	O=C(Oc1ccc(Cl)cc1)N1CCCCCC1	1.0	0	0.798	0.991
4	CN(c1ncc(Cl)cn1)S(=O)(=O)c1ccc(Cl)c(Cl)c1O	1.0	0	1.016	0.918
4	Cc1cc(NS(=O)(=O)c2ccc(F)cc2)nc2ccccc12	1.0	0	0.868	0.986
4	Fc1cc(F)cc(CCc2ccc(OCCCN3CCCC3)cc2)c1	1.0	0	0.744	0.984
4	CC1=Nc2ccccc2C1=Cc1ccc(NS(C)(=O)=O)cc1	1.0	0	0.902	0.972
4	CN(C)C(=O)c1ccc(NC(=O)C=Cc2ccc(F)cc2)cc1	1.0	0	0.773	0.988
4	Cc1nc(C)n(CCNC(=O)COc2ccccc2)n1	1.0	0	0.795	0.981
4	Cc1cc(C)n2nc(CSc3ccccc3)cc2n1	1.0	0	0.968	0.964
4	O=C(C1CCOCC1)N1CCN(Cc2ccccc2)CC1=O	1.0	0	0.824	0.972
4	CCCCCCCCCCCS(=O)(=O)CC(=O)O	1.0	0	0.695	0.978
4	Cc1ccc(C(=O)c2cccc(NS(=O)(=O)c3ccc(C)c(C)c3)c2)cc1	1.0	0	0.797	0.987
4	COc1ccc2nccnc2c1-c1cccc(C)c1F	1.0	0	0.924	0.969
4	CC(C)(O)c1ccc(OC2CCN(Cc3ccccc3)CC2)cc1F	1.0	0	0.798	0.976
4	Cc1ccc(S(=O)(=O)c2c(O)nc3ccc(Cl)cc3c2-c2ccccc2)cc1	1.0	0	0.84	0.97
4	CCN1C(=O)C(C)(C)c2ccc(S(=O)(=O)NC(C)C)cc21	1.0	0	0.772	0.963
4	CN(C)C(=O)c1ccc(CNc2ccc(Cl)cc2)cc1	1.0	0	0.794	0.992
4	CC(=O)SCC(=O)Nc1ccc(Cl)c(Cl)c1	1.0	0	0.837	0.985
4	Cc1cn2c(-c3cnn(C)c3)cnc2c(=O)nn1-c1ccccc1C(F)(F)F	0.0	0	0.0	0.0
4	O=C(NCCCc1ccccc1)c1cc(S(=O)(=O)N2CCCC(CO)C2)ccc1Cl	1.0	0	0.683	0.949
4	COc1cccc(Cn2cc3ccccc3c2CCNS(=O)(=O)c2ccc(C)cc2)c1	1.0	0	0.0	0.965
4	COc1ccc(C(=O)NCCCN2CCCC2=O)cc1	1.0	0	0.834	0.989
4	COC(=O)c1cccnc1NC(=O)Nc1ccccc1Br	1.0	0	0.801	0.983
4	C(=Cc1ccc(C(=O)NN=C2CCCCCC2)cc1)c1ccc(Br)cc1	1.0	0	0.749	0.972
4	c1cc(C(c2ccc(Cl)cc2)c2ccc3cccnc3c2)ccc1Cl	1.0	0	0.967	0.982
4	Cn1c(=O)n(C)c2cc(C(=O)N(C)C)ccc21	1.0	0	0.841	0.98
4	COc1ccccc1N1C(=O)C(C)CC1C1CCN(C)CC1	1.0	0	0.902	0.852
4	CC(C)(C)c1cc(-c2ccc(CO)c3ccncc23)cc(-c2ncc(Cl)cc2C2CCNCC2)c1	1.0	0	0.0	0.895
4	Cn1nncc1SCC(=O)NCCCN1CCCC1=O	1.0	0	0.786	0.933
4	CSc1nc(Cl)c(C#N)c(-c2ccccc2)n1	1.0	0	0.915	0.969
4	CC(C)(C)COc1cccc(F)c1N1CCN(C)CC1	1.0	0	0.857	0.97
4	COc1cc(SC)ccc1C(=O)NC1CC(C)(C)CC1C1(C)CCC3C(=O)OCCC31C	1.0	0	0.0	0.386
4	COc1cc(C=C2C(=O)NC(=O)N(c3ccc(C)cc3)C2=O)ccc1O	1.0	0	0.8	0.976
4	CC(O)(c1nnc(-c2cc(F)cc(Cl)c2)o1)C(F)(F)F	1.0	0	0.769	0.836
4	Cc1nc2nc(-c3ccc(F)cc3Cl)cc(O)c2[nH]1	1.0	0	0.877	0.938
4	Cc1ccc(C)c(OC(=O)N(Cc2ccccc2)C2CCNC2)c1	1.0	0	0.91	0.941
4	C=C(c1ccc(-c2cccc(C(=O)O)c2)cc1)c1ccccc1NS(C)(=O)=O	1.0	0	0.733	0.977
4	Cc1cc(C(=O)NCc2ccc(OC(F)(F)F)cc2)ccc1OS(C)(=O)=O	1.0	0	0.739	0.977
4	O=C(O)c1ccnc(CN2CCOCC2)c1	1.0	0	0.812	0.981
4	Cc1ccc(C(=O)c2c(F)cc(F)cc2-c2ccccc2)o1	1.0	0	0.969	0.976
4	CC(=O)Nc1ccc(C(=O)CN)cc1C(=O)c1ccccc1	1.0	0	0.923	0.984
4	COC(=O)CCc1ccc2c(c1)OCO2	1.0	0	0.947	0.987
4	Cc1ccc(C)c(N2C(=O)C(=CNc3ccccc3C)c(=O)c3ccccc32)c1	1.0	0	0.843	0.969
4	COc1cc(C(c2ccc(F)cc2)[n+]2ccc(Br)cc2)cc(Br)c1O	1.0	0	0.914	0.79
4	O=S(=O)(Nc1cscn1)c1cccc(Cl)c1c1	0.0	0	0.0	0.0
4	COc1ccc(C(=O)C2CCN(CCCc3ccccc3)CC2)cc1O	1.0	0	0.759	0.984
4	Cc1cc(C(=O)CSc2cccc[n+]2[O-])ccc1Cl	1.0	0	0.85	0.963
4	COc1ccc(S(=O)(=O)Nc2ccccc2C)cc1	1.0	0	0.843	0.993
4	Cc1ccc(-c2cc(C)c(S)n2C)cc1Cl	1.0	0	0.885	0.941
4	Cc1ccc2c(c1)c(C)cc(=O)n2CC(=O)Nc1cccc(S(=O)(=O)NC2(C)CCCCC2)c1	1.0	0	0.0	0.948
4	Cc1ccc(C(=O)Nc2cc(F)ccc2C(=O)Nc2ccccc2)cn1	1.0	0	0.71	0.988
4	COc1ccc(N(C(=O)Cc2ccccc2)C(C)C)cc1	1.0	0	0.838	0.989
4	Cc1cccnc1C(=O)Nc1ccc(OCCCCc2ccccc2)cc1	1.0	0	0.614	0.987
4	NCCC(=O)NCCCN(CCCN)C(=O)c1ccc(C(F)(F)F)cc1	1.0	0	0.778	0.969
4	Cn1c2cc(cnc3ccsc23)Cc2cc(C#N)ccc21	0.0	0	0.0	0.0
4	CCCCNC(=O)c1cccc(CSc2ccnc(C)c2)c1F	1.0	0	0.807	0.967
4	CCCc1cc(=O)c(O)coc1O	0.0	0	0.0	0.0
4	CCC(CC)CN1CCC(N(Cc2ccccc2)c2ccc(N)cc2)CC1C	1.0	0	0.974	0.825
4	CCCc1nn(CCc2ccccc2)c2ccccc12	1.0	0	0.872	0.986
4	CC(=O)Nc1ccc(S(=O)(=O)Nc2ccc(Cl)cc2)cc1	1.0	0	0.866	0.992
4	CC(=O)c1ccc(N2CCN(Cc3cccc(C)c3)CC2)cc1	1.0	0	0.833	0.99
4	COCCCOc1nc(-c2ccc(Cl)cc2)cc(-c2ccccc2)c1NS(C)(=O)=O	1.0	0	0.723	0.965
4	O=C(O)c1ccccc1CSc1ccc(Cl)cc1	1.0	0	0.881	0.99
4	CC#Cc1cc(NS(=O)(=O)c2ccc(F)cc2)ccc1OC(C)[O-]	1.0	0	0.808	0.859
4	Cc1ccc(C(=O)NC(=S)NCc2ccccc2)cc1	1.0	0	0.781	0.992
4	O=C(CS(=O)(=O)c1ccc(C(=O)O)cc1)c1ccccc1	1.0	0	0.828	0.989
4	COc1ccc(-c2cc(C(=O)Nc3ccc(F)c(C)c3)c3ccccc3n2)cc1	1.0	0	0.779	0.986
4	O=C(c1ccncc1Oc1ccc(Cl)cc1)c1ccc(Cl)s1	1.0	0	0.946	0.972
4	Cc1cnc(C)c(N2C(=O)c3ccccc3C2=O)c1	1.0	0	0.863	0.979
4	CC(C)NS(=O)(=O)c1ccc(Cl)cc1	1.0	0	0.706	0.991
4	O=C(NCCO)C(c1ccccc1)c1c[nH]c2ccccc12	1.0	0	0.929	0.953
4	CCc1ccc(-n2c(C)cc(Cc3ccccc3)c2C(=O)c2ccccc2)cc1Cl	1.0	0	0.847	0.968
4	COc1ccc(C=NNS(=O)(=O)c2ccc(Cl)c(Cl)c2)c(OC)c1	1.0	0	0.884	0.976
4	C=CCOc1ccc(CC2CC(=O)Nc3cc(C(C)=O)cc(C)c32)cc1	1.0	0	0.879	0.879
4	Fc1ccccc1-c1csc(CNC2CCCC2)n1	1.0	0	0.871	0.979
4	COCC(=O)NCc1ccc(C)cc1C(F)(F)F	1.0	0	0.844	0.982
4	Cc1nc(C(=O)NCCCN2CCN(C)CC2)c(-c2ccccc2)s1	1.0	0	0.766	0.976
4	CSCCC(NS(=O)(=O)c1ccc(Br)cc1)C(=O)O	1.0	0	0.889	0.955
4	CC(C)(C)c1ccc(S(=O)(=O)O)cc1Cl	1.0	0	0.722	0.976
4	CC(C)(C)Nc1ccc2[nH]c(O)cc2c1	1.0	0	0.678	0.944
4	COC(=O)c1ccn(CCc2ccccc2)c1OS(C)(=O)=O	1.0	0	0.855	0.959
4	O=C(Nc1ncc(COc2cccc(Cl)c2)c2ccccc2n1)c1ccc(Cl)cc1	0.0	0	0.0	0.0
4	O=C(NCCCNc1ccc([N+](=O)[O-])cc1)c1ccc(Cl)cc1Cl	1.0	0	0.678	0.985
4	COc1nn(-c2ccc(C)c(C)c2)c2ccccc12	1.0	0	0.897	0.981
4	O=C1c2ccccc2CN1Cc1ccc(Cl)cc1	1.0	0	0.993	0.989
4	O=C(c1ccccc1Oc1ccc(Cl)cc1Cl)N1CCOCC1	1.0	0	0.884	0.986
4	CC(=O)Oc1cc(C(=O)OCC(=O)Nc2ccc(F)cc2)ccc1Cl	1.0	0	0.736	0.987
4	COc1cc(Cl)ccc1C(=O)N(Cc1ccc(C)o1)c1ccc(Cl)cc1	1.0	0	1.067	0.977
4	CCOc1cccc(CCCC(=O)c2ccc(O)c(O)c2)c1	1.0	0	0.877	0.985
4	CC(C)(C)c1ccc(S(=O)(=O)Nc2ccc(Cl)cc2C(=O)c2ccncc2)cc1	1.0	0	0.917	0.977
4	O=C(Nc1cccc(C(=O)c2cccc(Cl)c2)c1)N1CCCCCC1	1.0	0	0.779	0.987
4	Cc1cccc(N2C(=O)NC(=O)Cc3cc(Cl)ccc32)c1C	1.0	0	0.972	0.969
4	O=S1(=O)CC(=O)c2ccc(OCc3ccc(F)cc3)cc21	1.0	0	0.867	0.966
4	Cc1ccc(C(=O)c2cc(Cl)ccc2NS(=O)(=O)c2ccc(F)cc2)cc1	1.0	0	1.01	0.987
4	COc1ncc(CN2CCCCCC2(C)C)cc1-c1cnc(N)cn1	1.0	0	0.988	0.907
4	NC(=O)N(Cc1ccccc1)S(=O)(=O)c1ccc(Cl)c(Cl)c1	1.0	0	1.133	0.978
4	CNc1nc(C)c2cc(Cl)c(-c3cnc(N)nc3C)cc2c1	1.0	0	0.896	0.925
4	CCCCCCCCCCOC(=O)NCCC	1.0	0	0.725	0.988
4	CC(C)C(=O)c1ccc(CN2CCNC(=O)C2)cc1	1.0	0	0.893	0.979
4	COc1cc2c(O)c(C(=O)NCCCCCCCCC(=O)NO)ccc2cc1O	1.0	0	0.688	0.964
4	Cc1ccc(S(=O)(=O)CCc2nc3ccc(Cl)cc3o2)cc1	1.0	0	0.886	0.975
4	CC(=O)c1cc(C(=O)Nc2cc(Cl)ccc2N2CCCCC2)ccc1Cl	1.0	0	0.784	0.983
4	CCOC(=O)C1=C(O)C(=O)N(c2ccc(C)c(C)c2)C1c1ccccc1	1.0	1	1.465	0.951
4	Cc1ccc(C)c(S(=O)(=O)NC(=O)c2ccc(Cl)cc2)c1Cl	1.0	0	0.808	0.979
4	COc1nc(Cl)cnc1NS(=O)(=O)c1cccc(Cl)c1Cl	1.0	0	0.915	0.955
4	COc1ccccc1C(=O)N(Cc1ccc(Cl)cc1)Cc1ccco1	1.0	0	0.884	0.986
4	O=C1CC(c2ccccc2)CCN1c1ccccc1	1.0	0	1.036	0.977
4	CC(=O)C1=C(O)C(=O)N(C)C1c1ccc(Br)cc1	1.0	0	0.875	0.938
4	Cc1ccc(Cl)cc1NC(=O)CN1c2cccc3cccc(c23)C1=O	1.0	0	0.855	0.984
4	Cc1ccccc1C(=O)Nc1ccc(S(=O)(=O)c2cccs2)cc1	1.0	0	0.729	0.986
4	CC(C)(C)c1ccc(C(=O)Nc2ccc3c(c2)c2nc4ccccc4n3CCO2)cc1	1.0	0	0.0	0.84
4	Cc1cccnc1-c1cc(C(N)=O)ccc1NS(C)(=O)=O	1.0	0	0.842	0.974
4	CCn1cc2c(=O)n(CC)n(CCCO)c(=O)c2n1	1.0	0	1.029	0.859
4	Cc1cc(N2CCN(C)CC2)ccc1[N+](=O)[O-]	1.0	0	0.761	0.984
4	Clc1c(Br)ccc2c[nH]nc12	1.0	0	0.646	0.847
4	Cc1ccc(C(=O)NCCSc2ccccn2)cc1	1.0	0	0.838	0.988
4	O=S(=O)(NCCCN1CCCC1)c1ccccc1	1.0	0	0.822	0.99
4	CN(C)c1ccc(CNc2ccc(Cl)cc2)cn1	1.0	0	0.9	0.986
4	O=C(O)c1cc(Sc2ccccc2)nc2ccccc12	1.0	0	0.86	0.985
4	CCOC(=O)CCCn1c(=O)c(C(=O)OC)c(C)nc1C	1.0	0	0.889	0.969
4	COc1ccc(C(=O)NC2CCN(Cc3ccccc3)CC2)cc1Cl	1.0	0	0.696	0.989
4	Cc1cc(C(=O)N2CCN(Cc3ccc(F)cc3)CC2)c(C)o1	1.0	0	0.818	0.984
4	CCCCOC(=O)C(=O)OCc1ccccc1OC	1.0	0	0.873	0.984
4	CC(C)(C)c1ccc(C(=O)NC(=S)N2CCCC2)cc1	1.0	0	0.7	0.984
4	CS(=O)(=O)c1ccc2nc(-c3ccc(CN4CCCC(N)C4)cc3)cn2c1	1.0	0	0.741	0.905
4	CCn1nnnc1C(=O)Oc1ccc(C(=O)c2ccccc2)cc1[N-]C	1.0	0	0.737	0.85
4	Cc1cc(C(=O)NCCc2ccc3ccccc3c2)cs1	1.0	0	0.813	0.983
4	Cc1cccc(OCc2nnc(S)n2C)c1	1.0	0	0.993	0.97
4	CCn1c(S)nnc1CSc1ccccc1	1.0	0	0.881	0.965
4	Cc1c(C(=O)CN)oc2ccc(Br)cc2c1=O	1.0	0	0.776	0.952
4	O=S(=O)(c1ccccc1)c1cc(Cl)c(Cl)c(Br)c1Cl	1.0	0	0.902	0.964
4	O=S(=O)(NCC(c1ccccc1)c1ccccc1)c1ccc(Cl)cc1Cl	1.0	0	0.871	0.984
4	Cc1ccc(C(=O)c2ccc(OC(C)(C)C)c(Cl)c2)nc1C	1.0	0	0.848	0.968
4	c1ccc(C2CCN(Cc3nccn3C)CC2)cc1	1.0	0	0.925	0.983
4	COc1nc2nc(N)nc(NS(=O)(=O)c3cccc(Cl)c3Cl)c2n1C	1.0	0	0.964	0.909
4	CC(C)(C)OC(=O)CCc1cc(N(C)C)nc(NN=C(C)C)n1	1.0	0	0.984	0.916
4	COc1ccc(C(=O)NC(CC(=O)O)c2ccccc2)cc1	1.0	0	0.872	0.981
4	CC(=O)NCCCc1cccc(Cl)c1	1.0	0	0.806	0.992
4	CC(C)(C)c1ccc(C(=O)Nc2ccccc2C(=O)c2ccccc2)cc1	1.0	0	0.758	0.99
4	CC(=O)NCc1cc(Oc2ccc(-c3ncccn3)cc2)ccc1Cl	1.0	0	0.896	0.98
4	COc1cc(C(=S)N2CCOCC2)cc(OC)c1OS(=O)(=O)c1ccccc1	1.0	0	0.832	0.963
4	Cc1noc(C)c1S(=O)(=O)N(C)c1ccc(Oc2ccc(CC(=O)O)cc2)cc1	1.0	0	0.659	0.969
4	Cc1cccc(NS(=O)(=O)c2c(C(=O)N3CCCCCC3)c(C)n(C)c2=O)n1	0.0	0	0.0	0.0
4	Cc1noc(C(=O)Nc2ccc(Cl)cc2)c1Cl	1.0	0	0.81	0.981
4	C(=NOCCNC(CN)Cc1cccc(Br)c1)c1ccc(Br)cc1	1.0	0	0.774	0.892
4	COC(=O)c1[nH]c(C(=O)NN2CCCCC2)c(Oc2ccc(C(C)C)cc2)c1Cl	1.0	0	0.871	0.929
4	CC(=O)NCCc1c(Cl)[nH]c2cc(Br)ccc12	1.0	0	0.85	0.957
4	COc1ncc(C)cc1-c1ccccc1Cc1cc(O)nc(O)n1	1.0	0	0.885	0.925
4	Oc1ccc(C(c2ccc(O)cc2O)c2cccc(C(F)(F)F)c2)cc1	1.0	0	0.915	0.93
4	Cc1ccccc1C(=O)Nc1ccc(C2CCNC2)cc1Cl	1.0	0	0.926	0.959
4	COc1cc(C(=O)Nc2ccc3nc(SN4CCCCC4)sc3c2)cc(OC)c1OC	1.0	0	0.0	0.947
4	CN(C)c1ccc(CNC(=O)CC2Oc3ccccc3OCC2C)cc1	1.0	0	0.749	0.881
4	CC(C)(C)c1ccc(OCC(=O)NC2CCN(Cc3ccccc3)CC2)cc1	1.0	0	0.7	0.986
4	CCCCC(=O)Nc1ccc(C(=O)OCC)cc1	1.0	0	0.829	0.994
4	NC1=NC(=O)C(c2ccco2)S1	1.0	0	0.778	0.734
4	O=c1ccc(C(F)(F)F)ccc1OCC1C2CCC(C2)C1NS(=O)(=O)c1cccc(C(F)(F)F)c1	1.0	0	0.0	0.252
4	CCOC(=O)CCCCC(=O)OCCCCCCCc1[nH]c(O)nc1O	1.0	0	0.606	0.931
4	Cc1ccc(C(=O)c2ccc(C)c(CNCCCCc3ccccc3)c2)cc1	1.0	0	0.64	0.986
4	CC(=C1C(=O)c2cccc(Cl)c2C1=O)c1nc2ccccc2n1C	1.0	0	0.951	0.941
4	CNC(=O)CNC(=O)Nc1cccc(Br)c1	1.0	0	0.713	0.987
4	Cc1cc(C)nc(NS(=O)(=O)c2ccc(CC(=O)Nc3ccc(Cl)cc3)cc2)n1	1.0	0	0.706	0.981
4	CCCC(=O)NC(C)c1ccc(-c2cccc(F)c2)cc1	1.0	0	0.902	0.976
4	Cc1ccc(C(=O)NC2CCN(S(=O)(=O)c3c(Cl)cccc3)CC2)cc1	1.0	0	0.761	0.986
4	O=C(C1CCC1)N1CCN(Cc2ccc(Br)cn2)CC1Cc1ccccc1-c1ccccc1	1.0	0	0.0	0.913
4	Cc1cc(C(=O)c2ccc(Br)cc2)ccc1C(F)(F)F	1.0	0	0.843	0.985
4	O=C(c1ccccc1)c1ccc(OC(=O)C2CSC3(C)CCC(=O)N23)cc1	1.0	0	0.753	0.866
4	CC(=O)NC(=S)C(=O)c1ccccc1C	1.0	0	0.787	0.967
4	CC(C)(C)c1ccc(S(=O)(=O)Nc2ccc(Cl)c3nc(O)cnc23)cc1	1.0	0	0.899	0.945
4	N#Cc1ccc(Nc2ncc(Cl)cc2NS(C)(=O)=O)cc1F	1.0	0	0.916	0.955
4	Cc1ccc(C(=O)N(c2ccccc2F)C2CCNC2)cn1	1.0	0	1.005	0.914
4	O=C(c1ccccc1)N1N=C(C(=O)NC2CCCCC2)CC1c1ccc(F)cc1	1.0	0	0.974	0.93
4	N#CCCn1c(CN2CCCCC2)nc2ccccc12	1.0	0	0.943	0.978
4	CC(=O)CC(=O)NCc1cccc2ccc(F)cc12	1.0	0	0.805	0.983
4	Cc1ccc(S(=O)(=O)c2c(C)c(C(=O)NNS(=O)(=O)c3ccccc3)sc2-c2ccccc2)cc1Cl	1.0	0	0.0	0.942
4	CCOc1cc(=O)n(C)cc1-c1cc(Cl)cc(Cl)c2nc(N3CCOC3C)sc12	0.0	0	0.0	0.0
4	Cc1cc(C)nc(NS(=O)(=O)c2ccc(Br)cc2F)n1	1.0	0	0.878	0.974
4	NS(=O)(=O)c1ccc(SC2(O)CCCCC2)cc1[As](=O)[O-]	1.0	0	0.845	0.407
4	O=S(=O)(Nc1cc(Cl)ccc1Cn1ccnc1)c1cccc(I)c1	1.0	0	0.988	0.962
4	O=C(O)c1cc(N(Cc2ccc(F)cc2)Cc2ccccc2)ccc1C(F)(F)F	1.0	0	0.849	0.977
4	CC(=O)N1CCC(c2ccc(CN(C)Cc3ccccc3)cc2)CC1	1.0	0	0.786	0.986
4	CC(=O)N1CCN(c2ccc(C(=O)c3cc(Cl)cc(Cl)c3)cc2)CC1=O	1.0	0	0.79	0.966
4	NCCCCCc1csc(S(N)(=O)=O)c1	1.0	0	0.779	0.96
4	CCCSCCCNC(=O)c1ccc(O)nc1	1.0	0	0.913	0.955
4	O=S(=O)(CCC(F)(F)F)c1ccc(Cl)c2ccccc12	1.0	0	0.784	0.972
4	CC(C)(O)c1ccc(S(=O)(=O)Nc2ccc(C(=O)c3ccccc3)cc2)cc1	1.0	0	0.701	0.984
4	CC(C)CNc1ncc(C#N)cc1S(=O)(=O)NCc1ccccc1	1.0	0	0.841	0.968
4	COc1ccc(OS(=O)(=O)c2ccc(C(C)(C)O)cc2)cc1F	1.0	0	0.804	0.977
4	COCOCc1c(C(=O)Nc2ccccc2N2CCOCC2)oc2ccccc12	1.0	0	0.834	0.965
4	Cc1ccc(C(=O)NCCN(C)C)cc1	1.0	0	0.789	0.993
4	CCCN1C(=O)CC(=O)NC1=S	1.0	0	0.794	0.932
4	Cc1ccnc(NS(=O)(=O)c2ccccc2)c1C	1.0	0	0.811	0.983
4	Cn1cc2c(ccc3cccc(NS(=O)(=O)Cc4ccc(Cl)nc4)c32)c1C	1.0	0	0.83	0.91
4	O=C(c1ccccc1NS(=O)(=O)c1ccc(Br)cc1)c1ccccc1	1.0	0	0.973	0.989
4	COc1ccc(C(=O)NC(=C(O)c2ccccc2)c2cccc([N+](=O)[O-])c2)cc1Cl	1.0	0	0.769	0.964
4	O=S(=O)(Nc1cc(Cl)ccc1Cl)c1ccccc1	1.0	0	0.845	0.992
4	O=C(NCc1ccccc1)OCCOC(c1ccccc1)c1ccccc1	1.0	0	0.855	0.985
4	CC1=C(C(=O)O)C(c2ccc(C)cc2)C2=C(CCC1=O)N(O)C2=O	1.0	0	0.965	0.778
4	NC(=O)CC(=O)Nc1ccc(S(=O)(=O)Nc2cc(Cl)ccc2C(=O)c2ccccc2)cc1	1.0	0	0.0	0.976
4	COc1ncccc1Cc1cc(Cl)cc(C)c1OCc1sc(C)c(C)c1C	1.0	0	0.87	0.927
4	CC(C)(C)c1ccc(S(=O)(=O)Nc2ccc(Cl)cc2C(=O)c2ccccc2)cc1	1.0	0	0.94	0.984
4	COc1ccc(C(=O)NS(=O)(=O)c2ccccc2)cc1	1.0	0	0.82	0.993
4	Cc1cc(C(=O)Nc2ccc(Cl)cc2)cs1	1.0	0	0.862	0.988
4	CC(C)SCc1cc(C(F)(F)F)cc(C(O)C(F)(F)F)c1	1.0	0	0.796	0.841
4	Cc1cc(C)cc(N2CC(C)N(CCC(N)(C(=O)O)c3ccccc3)CC2=O)c1	1.0	0	0.809	0.772
4	Cc1ccc(CSc2ccc3nc(N)sc3n2)cc1	1.0	0	1.118	0.963
4	O=S(=O)(Nc1ccc(CCSCCO)cc1)c1cccc(F)c1	1.0	0	0.826	0.978
4	Nc1cc(C(=O)NCCc2c[nH]c3ccccc23)cs1	1.0	0	0.809	0.966
4	COc1ccccc1OCCOc1cc(C)cc(C)c1	1.0	0	0.811	0.991
4	CCCN(CCC)C(=O)C=Cc1ccccc1OCc1ccccc1	1.0	0	0.882	0.982
4	Cc1cccc(-c2nc(NC(=O)C3=C(C)N=C(C)C(=C(N)O)C3)s2)c1Cl	0.0	0	0.0	0.0
4	O=S(=O)(c1cccc(OC(F)(F)F)c1)c1ccc(-n2ccnc2)nc1	1.0	0	0.888	0.955
4	CCCn1c(=O)c2[nH]c(Cl)cc2n(C)c1=O	1.0	0	0.867	0.925
4	CC(=O)c1cccc(NC(=O)C(C)OC(=O)COc2ccccc2)c1Br	1.0	0	0.757	0.947
4	Cc1cc(Cl)ccc1NC(=O)c1ccc(Cl)c(S(=O)(=O)N(C)C)c1Cl	1.0	0	0.755	0.974
4	NS(=O)(=O)c1cc(Cl)c(Cl)cc1Cl	1.0	0	0.633	0.982
4	O=S(=O)(Nc1ccc2ccccc2c1)c1ccccc1Cl	1.0	0	0.889	0.99
4	O=C(c1cccc(F)c1)N1CCC(c2ccc(Cl)cc2)NS1(=O)=O	1.0	0	0.938	0.841
4	Nc1cnc(Sc2ccc(Cl)cc2)c(Br)c1	1.0	0	0.996	0.966
4	CC(=O)Nc1ccc(S(=O)(=O)N2CCC(CNS(C)(=O)=O)CC2)cc1	1.0	0	0.834	0.978
4	Cc1ccc(NC(=O)COC2=COC(=CN3CCN(C)CC3)CC2)cc1	1.0	0	0.693	0.888
4	Cc1ccc(C=NNC(=O)c2ccccc2)c2ccccc12	1.0	0	0.863	0.988
4	COc1cc(OC)cc(C(=O)NC(=O)Nc2ccccc2)c1	1.0	0	0.742	0.99
4	CCC(=O)c1cc(S(=O)(=O)N(CC)CC)ccc1Cl	1.0	0	0.806	0.98
4	N=C(N)NCCc1ccc(Cl)c(Cl)c1	1.0	0	0.736	0.984
4	Cc1ccc(NC(=O)CSc2nc(N)cs2)cc1Cl	1.0	0	0.825	0.97
4	COc1cc(NCc2cccc(OCC(=O)C(C)(C)C)c2)cc(OC)c1OC	1.0	0	0.722	0.975
4	CC(=O)c1cccc(NS(=O)(=O)c2ccc(C)c(Br)c2)c1Cl	1.0	0	0.826	0.976
4	CC(=O)Nc1cccc(C(=O)OCc2cccc(C(F)(F)F)c2)c1	1.0	0	0.752	0.987
4	COc1ccccc1C(=O)NS(=O)(=O)c1ccc(Cl)cc1Cl	1.0	0	0.869	0.986
4	CC(C)(C)c1ccc(S(=O)(=O)Nc2ccc(Cl)cc2-c2ccccc2)cc1	1.0	0	1.004	0.985
4	COc1cc(NC(=O)Cc2cccc(CC(C)(C)C)c2)cc(OC)c1S(=O)(=O)O	1.0	0	0.681	0.959
4	COc1nsnc1NS(=O)(=O)c1ccc(F)cc1C	1.0	0	0.852	0.944
4	COc1ncc(NS(=O)(=O)c2ccc(NC(=O)C=Cc3ccccc3)cc2)cc1Cl	1.0	0	0.661	0.974
4	COc1ccccc1NC(=O)CSc1cccc[n+]1[O-]	1.0	0	0.823	0.976
4	Cc1ccc(S(=O)(=O)NC(Cc2ccc(Br)cc2)P(=O)(Oc2ccccc2)Oc2ccccc2)cc1	1.0	0	0.0	0.905
4	Cc1ccc2c(c1)c(-c1ccccc1)c(O)n2CO	1.0	0	0.907	0.973
4	COc1ccc(CNCc2ccc(Cl)cc2)cc1	1.0	0	0.855	0.994
4	COc1ncn(CC(=O)Nc2ccc(-c3ccccc3)cc2)c1SSC1CCCCC1	1.0	0	0.0	0.932
4	CN1CCN(CCOc2ccc3c(N4CCOCC4C)nc(-c4ccccc4)nc3c2)CC1=O	1.0	0	0.0	0.869
4	O=S(=O)(c1ccc(Cl)cc1)N1CCC(O)C(O)C1	1.0	0	0.859	0.923
4	Cc1ccc(C(=O)NCc2ccco2)cc1	1.0	0	0.898	0.993
4	CCc1nc(NS(=O)(=O)c2ccc(C)c(Cl)c2)c2nc(N3CCOCC3)c(Br)cc2n1	1.0	0	0.0	0.921
4	O=S(=O)(Nc1ccc(Cl)cn1)c1ccc(Br)s1	1.0	0	0.851	0.97
4	CN1C(=O)C(c2ccc(F)cc2)C(=O)c2sc(CO)cc21	1.0	0	0.986	0.826
4	Cc1cc2ccccc2n1-c1ccc(S(=O)(=O)c2ccc3c(c2)NC(=O)C(C)C(=O)N3)cc1	1.0	0	0.0	0.874
4	Cc1cc(-c2ccc(C(=O)c3cccc(O)c3)c3[nH]ccc23)ccc1O	1.0	0	0.821	0.963
4	CCNC(=O)C(=O)c1cc(Br)ccc1O	1.0	0	0.678	0.975
4	O=C1c2ccccc2C(=O)N1c1ccc(Cl)c(C(F)(F)F)c1	1.0	0	0.895	0.983
4	CCCCCC=CCC=CCC=CC(=O)Nc1ccc(S(=O)(=O)Nc2ncc(Br)nc2NS(C)(=O)=O)cc1	1.0	0	0.0	0.856
4	O=C(O)c1cccc(Cl)c1Cl	1.0	0	0.637	0.991
4	Cc1cc(Oc2ccc(-c3cnc(N4CCOCC4)cc3)cc2)cc(Cl)c1O	1.0	0	0.782	0.972
4	CC(C)(C)c1ccc(NC(=O)COC(=O)c2cccc(-c3nc4ccccc4o3)c2)cc1	1.0	0	0.0	0.979
4	CC(C)(C)c1ccc(S(=O)(=O)NC(C)c2ccccc2)cc1	1.0	0	0.926	0.974
4	Cc1cc(NS(=O)(=O)c2ccc(C(C)(C)C)cc2)n(-c2cccc(Cl)c2)n1	1.0	0	0.981	0.975
4	CC(=O)C1=C(O)C(=O)N(c2ccc(Br)cc2)C1c1cccc(F)c1F	1.0	1	1.586	0.927
4	COc1ccc(-c2ccc(CSc3ccccc3)c(C)c2)cc1	1.0	0	0.834	0.989
4	O=S(=O)(Nc1cc(F)ccc1F)c1cnc(Cl)c(Cl)c1	1.0	0	0.833	0.975
4	O=C(O)c1ccc(CS(=O)(=O)Cc2ccccc2)cc1	1.0	0	0.835	0.99
4	O=S(=O)(Nc1ccc(-c2cnc3ccccc3n2)cc1)c1ccccc1	1.0	0	0.73	0.987
4	CCOc1cc2ncc(C#N)c(Nc3cccc(Br)c3)c2cc1OCC	1.0	0	0.853	0.968
