Epoch	SMILES	Valid	Desired	RDKit_Supermolecule_TanimotoCombo	SA
1	Oc1c(Cc2cccc(Cl)c2)c(C2CC2)nc2ncnn12	1.0	1	0.569	0.93
1	O=S(=O)(Nc1cc(Cl)ccc1Cn1ccnn1)c1ccc(Cl)s1	1.0	1	0.356	0.947
1	CCCC(=O)N1CCC(NS(=O)(=O)c2ccc(NC(=O)c3nccnc3)c3c2cccc3)CC1	1.0	0	0.148	0.957
1	COc1cc2c(cc1NS(=O)(=O)c1c(Cl)c(Cl)ccc1)nc(O)n2C1COC1	1.0	1	0.324	0.913
1	Cc1[n+]([O-])cc(C(=O)c2cc(Cl)ccc2NS(=O)(=O)c2ccc(OC(C)C)cc2)cc1	1.0	0	0.169	0.949
1	Oc1c(Cc2cccc(Cl)c2)c(C2CCCCC2)ccn1	1.0	1	0.298	0.963
1	CCOC(=O)N1CCC(NS(=O)(=O)c2ccc(OC(=O)c3ccccc3)c3c2cccc3)CC1	1.0	0	0.144	0.971
1	CCCC(=O)N1CCC(NS(=O)(=O)c2ccc(NC(=O)c3ccccc3)c3c2cccc3)CC1	1.0	0	0.135	0.974
1	O=[N+]([O-])c1cc(O)c2N=C(Nc3c(Cl)cccc3)NS(=O)(=O)c2c1	1.0	0	0.082	0.865
1	O=C(c1ccncc1)c1cc(Cl)ccc1NS(=O)(=O)c1ccc(N2CCC2)cc1	1.0	0	0.179	0.978
1	CCCC(=O)N1CCC(NS(=O)(=O)c2ccc(NC(=O)c3ccccc3C)c3ccccc3c2)CC1	0.0	0	0.0	0.0
1	O=C(c1ccncc1)c1cc(Cl)ccc1NS(=O)(=O)c1ccc(N2CCCC2)cc1	1.0	0	0.183	0.977
1	Cc1c(C(=O)c2cc(Cl)ccc2NS(=O)(=O)c2ccc(C(C)(C)C)cc2)cccn1	1.0	1	0.213	0.973
1	COc1cc(C(=O)NCCN2CCCCC2)ccc1Oc1ccc(Cl)cc1NS(=O)(=O)c1ccc(Cl)c(C(F)(F)F)c1	1.0	0	0.005	0.948
1	CNc1c(-c2cc(Cl)ccc2NS(=O)(=O)c2ccc(C(C)(C)C)cc2)nccn1	1.0	1	0.342	0.96
1	CC(C)(C)c1ccc(S(=O)(=O)Nc2ccc(Cl)cc2C(=O)c2ccncn2)cc1	1.0	1	0.234	0.967
1	Cc1cccc(Cl)c1S(=O)(=O)NCCN1CCC(NS(=O)(=O)c2ccc(NC(=O)Cc3ccccc3)c3c2cccc3)CC1	1.0	0	0.005	0.939
1	O=C(NCCO)c1ccccc1Oc1ncc(Cl)cc1NS(=O)(=O)c1ccc(Cl)c(Cl)c1	1.0	1	0.27	0.964
1	CC(C)(C)c1ccc(S(=O)(=O)Nc2ccc(Cl)cc2-c2c(O)c(CO)ccn2)cc1	1.0	1	0.299	0.952
1	Cc1ccc(N2C(=O)C(O)=C(C(=O)C3CC3)C2C2CCCCC2)cc1	1.0	1	0.464	0.914
1	CSCCc1c(O)cc(-c2cc(Cl)ccc2)cc1	1.0	0	0.106	0.98
1	CC(=O)Nc1ccc(S(=O)(=O)NCCc2csc(-c3cnccc3)n2)cc1	1.0	0	0.117	0.974
1	O=C(NCCNC(=O)c1ccc(S(=O)(=O)F)cc1)c1ccc(C(F)(F)F)cc1	1.0	0	0.097	0.979
1	Cc1ccccc1C(=O)Nc1ccc(N2CCN(C(=O)c3ccccc3)CC2)cc1	1.0	0	0.099	0.989
1	CN(C)CC(O)COc1ccccc1C(S)=N[N+](=O)[O-]	1.0	0	0.154	0.792
1	CCOC(=O)N1CCC(NS(=O)(=O)c2ccc(NC(=O)c3ccccc3)n3c2cccc2)CC1	0.0	0	0.0	0.0
1	COc1c(NS(=O)(=O)c2ccc(Cl)s2)nc(Cl)c(Cl)n1	1.0	0	0.154	0.931
1	O=S(=O)(Nc1cc(Cl)ccc1Cn1ccnn1)c1ccc(Cl)c(Cl)c1	1.0	1	0.331	0.963
1	Cc1cc(O)c2N=C(Nc3c(Br)cccc3)NS(=O)(=O)c2c1	1.0	0	0.104	0.864
1	N#Cc1cccn1CCC(NS(=O)(=O)c1cc(Cl)c(N)c(Cl)c1)C(=O)N1CCC(NC2CCC3C=N3)CC2C1	1.0	0	0.005	0.048
1	Oc1cc(CSc2ccc(F)c(F)c2)nc2nc(Cc3ccccc3)nn12	1.0	1	0.288	0.945
1	CC(C)(C)c1ccc(S(=O)(=O)Nc2ccc(Cl)cc2C(=O)c2cc(S(C)(=O)=O)ncc2)cc1	1.0	1	0.233	0.957
1	Oc1cc(CSc2ccc(Cl)cc2Cl)nc2nc(Cc3ccccc3)nn12	1.0	0	0.14	0.945
1	CCOC(=O)N1CCC(NS(=O)(=O)c2ccc(C(=O)Nc3ccccc3C)c3ccccc23)CC1	1.0	0	0.148	0.97
1	Nc1nn2c(O)c(Cc3cccc(Cl)c3)c(C3CC3)nc2n1	1.0	1	0.591	0.922
1	Cc1cc(CN2C(=O)c3c(C2=O)c(NS(=O)(=O)c2ccc(C(C)(C)C)cc2)ccc3Cl)cnc1	1.0	0	0.16	0.942
1	O=C(c1cnc(Cl)cc1)c1cc(Cl)ccc1NS(=O)(=O)c1ccc(OC(F)(F)F)cc1	1.0	1	0.208	0.967
1	COc1nc(CO)c(Cl)cc1NS(=O)(=O)c1cccc(Cl)c1Cl	1.0	0	0.155	0.953
1	O=[N+]([O-])c1cc(O)c2N=C(Nc3c(Cl)cccc3)NS(=O)(=O)c2c1	1.0	0	0.082	0.865
1	CCCC(=O)N1CCC(NS(=O)(=O)c2ccc(NC(=O)CC3CCCC3)c3ccccc23)CC1	1.0	0	0.139	0.962
1	CCCC(=O)N1CCC(NS(=O)(=O)c2ccc(NC(=O)c3c(C(F)(F)F)oc(C)c3)c3c2cccc3)CC1	1.0	0	0.005	0.93
1	CC(C)(c1ncco1)c1ccc(Cl)cc1NS(=O)(=O)c1ccc(Cl)c(Cl)c1	1.0	1	0.388	0.93
1	Cc1ccc(C(=O)c2c(C)nn(C(C)=O)c2C)c2ccccc12	1.0	1	0.214	0.96
1	Cc1c(C(=O)Nc2ccc(S(=O)(=O)NC3CCN(C(=O)N(C)C)CC3)c3c2cccc3)cccc1	1.0	0	0.151	0.965
1	CC(C)(C)c1ccc(S(=O)(=O)Nc2ccc(Cl)cc2-c2c(O)c(CO)ccn2)cc1	1.0	1	0.299	0.952
1	CC1CCCN(C(=O)C(CCn2cccc2C#N)NS(=O)(=O)c2cc(Cl)c(N)c(Cl)c2)C1	1.0	1	0.295	0.699
1	O=S(=O)(NCCCN1CCC(O)(c2ccc(Cl)cc2)CC1)c1ccc(F)cc1	1.0	0	0.113	0.973
1	Cc1c(N2C(=O)c3c(C2=O)c(NS(=O)(=O)c2ccc(C(C)(C)C)cc2)ccc3Cl)cccn1	1.0	0	0.132	0.943
1	N#Cc1cccn1CCC(NS(=O)(=O)c1cccc2c1cc[nH]2)C(=O)N1CCC(C(F)(F)F)CC1	1.0	1	0.245	0.752
1	COc1nn(C)c2c1c(NS(=O)(=O)c1cccc(Cl)c1Cl)nc(Nc1c(F)cccc1)c1c2cccc1	0.0	0	0.0	0.0
1	O=[N+]([O-])c1cc(O)c2N=C(Nc3ccccc3Br)NS(=O)(=O)c2c1	1.0	0	0.082	0.845
1	COc1cc2c(cc1NS(=O)(=O)c1c(Cl)c(Cl)ccc1)nc(O)n2C1COC1	1.0	1	0.324	0.913
1	COc1ccc(C(=O)NCCc2ccccc2)cc1Cl	1.0	0	0.108	0.993
1	Cc1noc(C)c1-c1ccc(S(=O)(=O)Nc2ccc(Cl)cc2C(=O)c2ccncc2)cc1	1.0	0	0.185	0.964
1	COc1cccc2c1c(NS(=O)(=O)c1ccc(Cl)s1)nn2Cc1cccc(CO)c1	1.0	1	0.24	0.95
1	CC(=O)C1=C(O)C(=O)N(c2cc(F)c(F)cc2F)C1C1CCCCC1	1.0	1	0.303	0.873
1	O=S(=O)(Nc1cc(Cl)ccc1Cn1ccnn1)c1ccc(Cl)c(Cl)c1	1.0	1	0.331	0.963
1	O=C(c1ccncc1)c1cc(Cl)ccc1NS(=O)(=O)c1ccc(N2CCSCC2)cc1	1.0	0	0.166	0.963
1	CCCC(=O)C1=C(O)C(=O)N(c2ccc(C)cc2)C1C1CCCCC1	1.0	1	0.447	0.91
1	N#Cc1cccn1CCC(NS(=O)(=O)c1cc(Cl)c(N)c(Cl)c1)C(=O)N1CCC(C(F)(F)F)CC1	1.0	1	0.226	0.737
1	COc1ncc(Cl)nc1NS(=O)(=O)c1cccc(Cl)c1Cl	1.0	0	0.157	0.955
1	COc1ccccc1Cn1nc(NS(=O)(=O)c2ccc(Cl)s2)c2c1cccc2OC	1.0	1	0.282	0.957
1	O=C(c1ccncc1)c1cc(Cl)ccc1NS(=O)(=O)c1cc2c(cc1)CCNC(=O)N2Cc1ccc(C(=O)Occc2Cl)cc1	0.0	0	0.0	0.0
1	C=CCOc1c(OC)cc(C=NNc2c([N+](=O)[O-])cc(C(=O)NCC)cc2)cc1	1.0	0	0.157	0.964
1	Cc1nc2nc(N)nn2c(O)c1Cc1ccccc1	1.0	1	0.31	0.961
1	COC(=O)CCc1ccc(S(=O)(=O)Nc2ccc(Cl)cc2C(=O)c2cccc(C#N)c2)cc1	1.0	1	0.202	0.971
1	Cc1cc(C(=O)c2cc(Cl)ccc2NS(=O)(=O)c2ccc(S(C)(=O)=O)cc2)cc[n+]1[O-]	1.0	0	0.189	0.944
1	Nc1nn2c(O)c(Cc3cccc(F)c3)c(C3CC3)nc2n1	1.0	1	0.627	0.921
1	Cc1cc(N2C(=O)c3c(C2=O)c(NS(=O)(=O)c2ccc(C(C)(C)C)cc2)ccc3Cl)ncc1	1.0	0	0.145	0.943
1	O=C(C1=C(O)C(=O)N(c2ccc(Br)cc2F)C1C1CCCCC1)c1ccccc1	1.0	1	0.376	0.904
1	CC(=O)NC(=O)NC(=O)COc1c(Cl)ccc1Cl	0.0	0	0.0	0.0
1	O=C(NCCO)c1ccccc1Oc1ncc(Cl)cc1NS(=O)(=O)c1ccc(Cl)c(C(F)(F)F)c1	1.0	1	0.248	0.95
1	CC(C)c1nc2nc(N)nn2c(O)c1Cc1ccc(Cl)c(Cl)c1	1.0	1	0.501	0.923
1	Cc1c(N2C(=O)c3c(C2=O)c(NS(=O)(=O)c2ccc(C(C)(C)C)cc2)ccc3Cl)cccn1	1.0	0	0.132	0.943
1	COc1ccc2c(c1NS(=O)(=O)c1c(Cl)c(Cl)ccc1)cnn2C	1.0	1	0.232	0.96
1	CC(C)(C)c1ccc(S(=O)(=O)Nc2cccc3c2C(=O)N(Cc2cnccc2)C3=O)cc1	1.0	0	0.152	0.967
1	O=C(O)c1c(Oc2nccnc2NS(=O)(=O)c2ccc(Cl)c(Cl)c2)cccc1	1.0	1	0.3	0.968
1	O=C(O)c1cc(Oc2ncccc2NS(=O)(=O)c2ccc(Cl)c(Cl)c2)ccc1	1.0	0	0.166	0.977
1	CC(=O)c1ccc(S(=O)(=O)Nc2ccc3c(c2)C(=NO)c2ccccc2C3=O)cc1	1.0	1	0.217	0.969
1	CC(=O)C1=C(O)C(=O)N(c2ccc(C)cc2)C1c1ccc(C)cc1	1.0	1	0.439	0.959
1	Cc1ccc(Oc2ccc(CNC(=O)c3cc(C)ccc3C(C)O)cc2)cc1	1.0	0	0.12	0.961
1	Cc1ccc(N2C(N)=NC(N)=NC2C)cc1N=N[O]	1.0	0	0.084	0.425
1	CC(C)(C)c1ccc(S(=O)(=O)Nc2ccc(C(F)(F)F)cc2C(=O)c2ccncc2)cc1	1.0	0	0.197	0.968
1	O=C(NCCN1CCCC1)c1ccc(Oc2ncc(Cl)cc2NS(=O)(=O)c2ccc(Cl)c(C(F)(F)F)c2)cc1	1.0	0	0.005	0.947
1	CC(C)c1nc2nc(N)nn2c(O)c1Cc1ccc(Cl)c(Br)c1	1.0	1	0.452	0.899
1	COc1ncc(N2C(=O)c3c(C2=O)c(NS(=O)(=O)c2ccc(C(C)(C)C)cc2)ccc3Cl)cc1	1.0	0	0.145	0.942
1	CCOC(=O)N1CCC(NS(=O)(=O)c2ccc(NC(=O)N3CCCCC3)c3ccccc23)CC1	1.0	0	0.131	0.964
1	COc1nc(Cl)cnc1NS(=O)(=O)c1c(Cl)c(Cl)cs1	1.0	0	0.119	0.866
1	O=C(c1ccncc1)c1cc(Cl)ccc1NS(=O)(=O)c1ccc(N2CCOCC2)cc1	1.0	0	0.187	0.973
1	Cc1cccc(S(=O)(=O)NC(=O)N2CCC(N3CCC(Oc4ccc(Cl)c(Cl)c4)CC3)CC2)c1	1.0	0	0.099	0.952
1	Oc1cc(CSc2cccc(F)c2F)nc2nc(-c3ccccc3)nn12	1.0	1	0.276	0.945
1	CCc1ccc(N2C(=O)C(O)=C(C(C)=O)C2C2CCCCC2)cc1	1.0	0	0.144	0.925
1	CCCC(=O)N1CCC(NS(=O)(=O)c2ccc(NC(=O)c3ccccc3C)c3ccccc23)CC1	1.0	0	0.138	0.969
1	O=C(c1cnccc1)c1cc(Cl)ccc1NS(=O)(=O)c1ccc(OC(F)(F)F)cc1	1.0	0	0.194	0.973
1	O=S(=O)(Nc1cc(Cl)ccc1Cn1ccnn1)c1ccccc1	1.0	1	0.317	0.973
1	CC(C)(C)c1ccc(S(=O)(=O)Nc2cc(F)c(F)cc2C(=O)c2ccncc2)cc1[SiH]	1.0	1	0.237	0.9
1	CC(C)(C)c1ccc(S(=O)(=O)Nc2ccc(Cl)cc2-c2c(NCCO)ncc(Cl)n2)cc1	1.0	1	0.34	0.941
1	Cc1ccccc1Cc1c(O)n2nc(N)nc2nc1C1CC1	1.0	1	0.723	0.922
1	Cc1cc(CCN2CCCCC2)ccc1NC(=O)c1ccc(C(C)(C)C)cc1	1.0	0	0.134	0.985
1	O=C(O)c1c(F)cccc1Oc1ccc(C(F)(F)F)cc1NS(=O)(=O)c1ccc(Cl)cc1	1.0	1	0.315	0.969
2	CNC(=O)c1cc(Cn2nc(NS(=O)(=O)c3ccc(Cl)s3)c3c(OC)cccc32)ccc1	1.0	1	0.238	0.95
2	O=C(NCCN1CCCCC1)c1ccc(Oc2ccc(Cl)cc2NS(=O)(=O)c2ccc(Cl)c(Cl)c2)cc1	1.0	0	0.005	0.97
2	Cc1cc(N2C(=O)c3c(C2=O)c(NS(=O)(=O)c2ccc(C(C)(C)C)cc2)ccc3Cl)cnc1	1.0	0	0.146	0.939
2	Cc1ncc(C(=O)c2cc(Cl)ccc2NS(=O)(=O)c2ccc(Cl)cc2)cc1	1.0	1	0.214	0.98
2	CCOc1ccc(C(=O)c2cc(Cl)ccc2NS(=O)(=O)c2ccc(C)cc2)cc1	1.0	1	0.225	0.985
2	Oc1cc(CSc2cccc(F)c2F)nc2nc(Cc3ccccc3)nn12	1.0	0	0.139	0.937
2	CC1COC(C)(Cc2ccc(S(=O)(=O)Nc3ccc(Cl)cc3C(=O)c3ccncc3)cc2)O1	1.0	0	0.184	0.786
2	Cc1ncc(C(=O)c2cc(Cl)ccc2NS(=O)(=O)c2ccc(C(C)(C)c3cnco3)cc2)cc1	1.0	0	0.198	0.921
2	O=C(O)c1c(Oc2ccccc2)cccc1NS(=O)(=O)c1cc(Cl)c(Cl)cc1	1.0	0	0.132	0.979
2	O=C(O)c1c(Oc2ncccc2NS(=O)(=O)c2ccc(Cl)c(Cl)c2)cccc1	1.0	1	0.281	0.976
2	Oc1cc(CSc2cccc(F)c2F)nc2nc(CCc3ccccc3)nn12	1.0	1	0.274	0.935
2	COc1ccccc1Cn1nc(NS(=O)(=O)c2ccc(Cl)s2)c2c1cc(Cl)cc2	1.0	1	0.25	0.958
2	COc1cc2c(cc1NS(=O)(=O)c1c(Cl)c(Cl)ccc1)n(C)c(O)n2	1.0	1	0.216	0.948
2	O=C(NS(=O)(=O)c1cc(Cl)ccc1)N1CCC(N2CCC(Oc3cc(Cl)c(Cl)cc3)CC2)CC1	1.0	0	0.108	0.951
2	CCCC(=O)N1CCC(NS(=O)(=O)c2ccc(NC(=O)C3CCCCC3)c3ccccc23)CC1	1.0	0	0.138	0.965
2	O=[N+]([O-])c1cc(O)c2N=C(Nc3c(Br)cccc3)NS(=O)(=O)c2c1	1.0	0	0.082	0.845
2	COCC(=O)N1CCC(NS(=O)(=O)c2ccc(NC(=O)c3ccccc3C)c3ccccc23)CC1	1.0	0	0.151	0.968
2	CCCCCCCc1nc2nc(N)nn2c(O)c1Cc1cccc(Cl)c1	1.0	1	0.609	0.937
2	O=C(c1cnc(Cl)cc1)c1cc(Cl)ccc1NS(=O)(=O)c1ccc(OC(F)(F)F)cc1	1.0	1	0.208	0.967
2	CC(C)(C)c1ccc(S(=O)(=O)Nc2cc(Cl)ccc2C(=O)c2ccncc2)cc1	1.0	1	0.213	0.976
2	O=C(Nc1ccc(S(=O)(=O)NC2CCNCC2)c2c1cccc2)c1ccccc1[N+](=O)[O-]	1.0	0	0.146	0.964
2	CC(=O)C1=C(O)C(=O)N(c2ccc(C)cc2)C1C1CCCCC1	1.0	1	0.328	0.929
2	O=S(=O)(Nc1ncc(Cl)nc1OCc1ccccc1CO)c1cccc(Cl)c1	1.0	1	0.202	0.957
2	O=C(Cn1nc(Cl)c(Cl)cc1)NN=CC=Cc1ccccc1	0.0	0	0.0	0.0
2	Oc1cc(CSc2cccc(F)c2F)ncc1Cn1nc(Br)ccc1	0.0	0	0.0	0.0
2	Cc1c(Oc2ccc(NC(=O)NC(CC(C)C)C(=O)NO)cc2)ccc[n+]1	1.0	0	0.089	0.655
2	CS(=O)(=O)c1ccc(S(=O)(=O)Nc2ccc(Cl)cc2C(=O)c2cnccn2)cc1	1.0	0	0.163	0.968
2	Cc1nn(Cc2ccc(Cl)cc2)c(NS(=O)(=O)c2ccc(Cl)cc2)c1	1.0	1	0.273	0.98
2	Cn1nnnc1Cc1ccc(Cl)cc1NS(=O)(=O)c1ccc(Cl)c(Cl)c1	1.0	1	0.298	0.96
2	O=C(O)c1c(F)c(F)c(F)c(-n2nc(N)nc2N)c1Cl	1.0	0	0.096	0.859
2	Cc1c(C(=O)c2cc(Cl)ccc2NS(=O)(=O)c2ccc(-c3cccc(F)c3)cc2)cccn1	1.0	0	0.189	0.973
2	COc1c2c(NS(=O)(=O)c3ccc(Cl)s3)nn(Cc3cccc(CNC(=O)C4CCO4)c3)c2ccc1	1.0	0	0.005	0.849
2	COc1ncc(Cl)nc1NS(=O)(=O)c1cccc(Cl)c1Cl	1.0	0	0.157	0.955
2	O=S(=O)(Nc1cc(Cl)ccc1Cn1cncn1)c1ccc(Cl)c(Cl)c1	1.0	1	0.343	0.969
2	CC(C)(C)c1ccc(S(=O)(=O)Nc2ccc(Cl)cc2C(=O)c2ccnc(Cl)c2)cc1	1.0	1	0.202	0.971
2	Cc1c(C(=O)Nc2ccc(S(=O)(=O)NC3CCN(C(=O)OCCCN4CC(C)OC(C)C4)CC3)c3c2cccc3)cccc1	1.0	0	0.005	0.769
2	CC(C)c1nc2nc(N)nn2c(O)c1Cc1cc(Cl)cc(Cl)c1	1.0	1	0.474	0.908
2	CC(=O)C1=C(O)C(=O)N(c2ccc(C)cc2)C1C1CCCCCC1	1.0	1	0.455	0.929
2	CC(=O)C1=C(O)C(=O)N(c2ccc(C)cc2F)C1C1CCCCC1	1.0	1	0.231	0.903
2	O=C(O)c1c(Oc2ncccc2NS(=O)(=O)c2ccc(Cl)cc2)cccc1	1.0	1	0.262	0.981
2	COc1c(C)c(NS(=O)(=O)c2ccc(C(C)(C)C)cc2)ccc1	1.0	0	0.154	0.985
2	Cc1cc(C(=O)c2cc(Cl)ccc2NS(=O)(=O)c2ccc(-c3cnco3)cc2)ccn1	1.0	0	0.194	0.956
2	O=C(CCN1C(=O)c2cccc3cccc(c23)C1=O)N1CCCC1CF	1.0	0	0.161	0.914
2	CC(C)(C)c1ccc(S(=O)(=O)Nc2cc(Cl)ccc2C(=O)c2ccncc2)cc1	1.0	1	0.213	0.976
2	CC(C)(C)c1ccc(S(=O)(=O)Nc2ccc(F)cc2C(=O)c2ccncc2)cc1[As+]	1.0	1	0.206	0.919
2	CC(=O)C1=C(O)C(=O)N(c2ccc(C)cc2)C1C1CCCCC1	1.0	1	0.328	0.929
2	CC(C)(C)c1ccc(S(=O)(=O)Nc2ccc(Cl)cc2-c2c(O)cccn2)cc1	1.0	1	0.279	0.97
2	CC(C)(C)c1ccc(S(=O)(=O)Nc2ccc(Cl)cc2C(=O)c2ccncc2)cc1	1.0	0	0.194	0.977
2	CS(=O)(=O)c1ccc(S(=O)(=O)Nc2ccc(Cl)cc2C(=O)c2cnccc2)cc1	1.0	0	0.192	0.977
2	O=S(=O)(Nc1cc(Cl)ccc1Cn1ccnn1)c1cccc(F)c1	1.0	1	0.303	0.965
2	CNc1nc(OC)nc(NS(=O)(=O)c2ccc(Cl)cc2)n1	1.0	0	0.175	0.971
2	CC1(c2ccc(S(=O)(=O)Nc3ccc(Cl)cc3C(=O)c3ncccc3)cc2)CCOCC1	1.0	0	0.19	0.947
2	CC(C)(C)c1ccc(S(=O)(=O)Nc2ccc(F)cc2C(=O)c2ccncc2)cc1	1.0	0	0.196	0.976
2	CCCC(=O)N1CCC(NS(=O)(=O)c2ccc(NC(=O)c3ccc(C)cc3)c3ccccc23)CC1	1.0	0	0.142	0.971
2	COc1ncc(CN2C(=O)c3c(C2=O)c(NS(=O)(=O)c2ccc(C(C)(C)C)cc2)ccc3Cl)cc1	1.0	0	0.144	0.945
2	COc1ccc(NC(=O)CCNC(=O)C(C)c2ccc(C(C)(C)C)cc2)cc1	1.0	0	0.08	0.963
2	O=S(=O)(NCCCN1CCC(O)(c2ccc(Cl)cc2)CC1)c1ccccc1C(F)(F)F	1.0	0	0.097	0.958
2	COc1cc2c(cc1NS(=O)(=O)c1c(Cl)c(Cl)ccc1)n(C)c(O)n2	1.0	1	0.216	0.948
2	Cc1ncnc(C)c1C(=O)NCC(=O)N1CCCC1c1ccccc1F	1.0	0	0.137	0.918
2	COc1cc(Oc2ccc(Cl)cc2NS(=O)(=O)c2ccc(Cl)c(C(F)(F)F)c2)ccc1	1.0	1	0.28	0.974
2	CC(=O)C1=C(O)C(=O)N(c2cc(Cl)ccc2)C1C1CCCCC1	1.0	1	0.421	0.92
2	CC(=O)C1=C(O)C(=O)N(c2ccc(C)cc2)C1c1cc(Cl)ccc1	1.0	1	0.442	0.953
2	CC(C)(C)OC(=O)N1CCC(NS(=O)(=O)c2ccc(NC(=O)c3ccccc3)c3c2cccc3)CC1	1.0	0	0.005	0.97
2	O=C(C1=C(O)C(=O)N(c2ccc(Br)cc2F)C1c1cc(Br)ccc1)	1.0	1	0.286	0.853
2	CCCC(=O)C1=C(O)C(=O)N(c2ccc(C)cc2)C1C1CCCCC1	1.0	1	0.447	0.91
2	COc1cc(C(=O)NCCN2CCCCC2)ccc1Oc1ccc(Cl)cc1NS(=O)(=O)c1ccc(Cl)c(Cl)c1	1.0	0	0.005	0.963
2	O=C(c1ncccn1)c1cc(Cl)c(Cl)cc1CSC(=S)N1CCOCC1=O	1.0	1	0.228	0.851
2	O=C(c1ccncc1)c1cc(Cl)ccc1NS(=O)(=O)c1ccc(-c2cnco2)cc1	1.0	0	0.181	0.964
2	CC(=O)C1=C(O)C(=O)N(c2cc(F)ccc2F)C1C1CCCCC1	1.0	1	0.425	0.895
2	CCOC(=O)C1=C(C)N(c2ccc(C)cc2)C(=O)C1Cl	1.0	0	0.178	0.918
2	CCOC(=O)N1CCC(NS(=O)(=O)c2ccc(C(=O)Nc3ccccc3C)cc2)CC1	1.0	0	0.103	0.981
2	CC(=O)c1c(C)oc2c1cc(NS(=O)(=O)c1ccc(C(C)(C)C)cc1)c1c2cccc1	1.0	1	0.232	0.962
2	Cc1nn2c(O)c(Cc3ccccc3)n(Cc3cccc(C(FF)(F)F)c3)c2nc1NCc1ccc(C(F)(F)F)cc1	0.0	0	0.0	0.0
2	COc1ccc(S(=O)(=O)Nc2ccc(Cl)cc2C(=O)c2ccncc2)cc1	1.0	0	0.19	0.983
2	CC(C)Cc1nc2nc(N)nn2c(O)c1Cc1cccc(Cl)c1	1.0	0	0.175	0.929
2	CC(=O)C1=C(O)C(=O)N(c2cc(C)c(F)cc2F)C1c1ccc(Cl)cc1	1.0	1	0.534	0.918
2	CCOC(=O)N1CCC(NS(=O)(=O)c2ccc(OC(=O)c3ccccc3)c3c2cccc3)CC1	1.0	0	0.144	0.971
2	O=C(NCCc1c(-c2ccc(F)cc2)[nH]c2ccccc12)NO	1.0	0	0.164	0.973
2	N#Cc1cccn1CCC(NS(=O)(=O)c1cccc2[nH]ccc12)C(=O)O	1.0	0	0.197	0.843
2	CC(=O)NCc1cc(Cn2nc(NS(=O)(=O)c3ccc(Cl)s3)c3c(C(C)=O)cccc32)ccc1	1.0	1	0.244	0.934
2	Cc1ccccc1C(=O)Nc1ccc(S(=O)(=O)NC2CCN(C(=O)CCCCN)CC2)c2ccccc12	1.0	0	0.005	0.963
2	CC(C)(C)c1ccc(S(=O)(=O)Nc2ccc(Cl)cc2C(=O)c2cnc(S(N)(=O)=O)cc2)cc1	1.0	1	0.207	0.958
2	CC1CCN(C(=O)C(CCn2nccc2C#N)NS(=O)(=O)c2cc(Cl)c(N)c(Cl)c2)CC1	1.0	1	0.312	0.768
2	CCc1ncnc(-c2cc(Cl)ccc2NS(=O)(=O)c2cccc(C(C)C)c2)c1Clc	0.0	0	0.0	0.0
2	O=S(=O)(Nc1cc(Cl)ccc1Cn1ccnn1)c1ccccn1	1.0	1	0.251	0.952
2	CC(C)(c1ccc(S(=O)(=O)Nc2cc(F)c(F)cc2C(=O)c2ncccc2)cc1)c1ncco1	1.0	1	0.208	0.915
2	O=S(=O)(Nc1cc(Cl)ccc1Cn1ccnn1)c1ccccc1	1.0	1	0.317	0.973
2	CCOC(=O)N1CCC(NS(=O)(=O)c2ccccc2)CC1	1.0	0	0.121	0.986
2	COC(=O)CCc1ccc(S(=O)(=O)Nc2ccc(Cl)cc2C(=O)c2cnccc2)cc1C	1.0	0	0.178	0.967
2	N#Cc1cc(N(Cc2ccc(Cl)c(Cl)c2)C(=O)c2cc(Cl)ccc2)ccc1	1.0	1	0.342	0.978
2	COc1c2c(NS(=O)(=O)c3ccc(Cl)s3)nn(Cc3cccc(CN(C)C(C)=O)c3)c2ccc1	1.0	1	0.308	0.936
2	Oc1cc(CSc2ccc(Cl)cc2Cl)nc2nc(C3CCCCC3)nn12	1.0	1	0.201	0.921
2	CCCC(=O)N1CCC(NS(=O)(=O)c2ccc(NC(=O)c3cccc(C)c3)c3ccccc23)CC1	1.0	0	0.145	0.969
2	COc1nn(CC(=O)O)c2c1c(NS(=O)(=O)c1cccc(Cl)c1Cl)ncn2	1.0	1	0.21	0.931
2	CCOC(=O)N1CCC(NS(=O)(=O)c2ccc(OC(=O)c3ccccc3)c3c2cccc3)CC1	1.0	0	0.144	0.971
2	COc1cc(Cn2nc(NS(=O)(=O)c3ccc(Cl)s3)c3c(OC)cccc32)ccc1	1.0	1	0.255	0.958
2	CCOC(=O)N1CCC(NS(=O)(=O)c2ccc(C(=O)NC3CCCCC3)c3ccccc23)CC1	1.0	0	0.14	0.964
2	CS(=O)(=O)Nc1cc(NC(=O)Nc2ccc(Cl)cc2)c2ccccc2	0.0	0	0.0	0.0
2	CC(=O)C1=C(O)C(=O)N(c2ccc(C)cc2)C1c1ccc(C)cc1	1.0	1	0.439	0.959
2	CC(=O)C1=C(O)C(=O)N(c2ccc(F)cc2F)C1c1ccccc1	1.0	1	0.367	0.945
3	CC(=O)c1ccc(S(=O)(=O)Nc2ccc(Cl)cc2C(=O)c2cnc(C)cc2)cc1	1.0	1	0.212	0.977
3	COc1nn(C)c2c1c(NS(=O)(=O)c1cccc(Cl)c1Cl)nc(NC1COC1)n2	1.0	1	0.279	0.9
3	CCNc1nc(-c2cc(C)ccc2C)ccc1NS(=O)(=O)c1ccc(C)cc1	1.0	0	0.125	0.974
3	Cc1cc(C(=O)c2cc(Cl)ccc2NS(=O)(=O)c2ccc(C(C)(C)C)cc2)ccc1	1.0	1	0.209	0.98
3	COC(=O)CCc1ccc(S(=O)(=O)Nc2ccc(Cl)cc2C(=O)c2c(N)cccc2)cc1	1.0	1	0.223	0.975
3	COc1ccc(C(=O)Nc2ccccc2)cc1O(C)Cc1ccccc1	0.0	0	0.0	0.0
3	C=CCOc1c(Cl)cc(Cl)c1Oc1ncc(Cl)cc1NS(=O)(=O)c1ccc(Cl)cc1	0.0	0	0.0	0.0
3	CC(C)(c1ccc(S(=O)(=O)Nc2ccc(Cl)cc2C(=O)c2cc[n+]([O-])cc2)cc1)c1cnco1	1.0	1	0.236	0.882
3	COc1ccccc1-c1ccc(C(=O)Nc2ccc(Cl)cc2C(=O)c2ccncc2)cc1	1.0	0	0.182	0.982
3	COc1cc(Oc2ccc(C(=O)NCCN3CCCCC3)cc2)c(NS(=O)(=O)c2ccc(Cl)c(Cl)c2)cc1Cl	1.0	0	0.005	0.96
3	CC(C)c1nc2nc(N)nn2c(O)c1Cc1ccc(Cl)cc1	1.0	1	0.4	0.937
3	COc1c2c(NS(=O)(=O)c3ccc(Cl)s3)nn(Cc3cccc(CNC(C)=O)c3)c2cc(F)c1	1.0	1	0.269	0.931
3	O=S(=O)(Nc1cc(Cl)ccc1Cn1ccnn1)c1ccc(Cl)s1	1.0	1	0.356	0.947
3	N#Cc1ccc(Oc2ncc(Cl)cc2NS(=O)(=O)c2ccc(Cl)c(Cl)c2)cn1	1.0	1	0.359	0.95
3	O=C(O)c1ccc(S(=O)(=O)Nc2ccc(Cl)cc2C(=O)c2cnccc2)cc1	1.0	0	0.187	0.981
3	Cc1ccc(N2C(=O)C(Oc3ccc(Cl)cc3)C2C2CCCCC2)cc1	1.0	1	0.399	0.888
3	O=C(c1ccncc1)c1cc(Cl)ccc1NS(=O)(=O)c1cc(F)c(N2CCCCC2)cc1	1.0	0	0.183	0.969
3	Cc1nnc(-c2ccc(S(=O)(=O)Nc3ccc(Cl)cc3C(=O)c3cc[n+]([O-])cc3)cc2)cn1	1.0	0	0.169	0.928
3	CCOC(=O)N1CCC(NS(=O)(=O)c2ccc3nc(C)ncc3c2)CC1	1.0	0	0.156	0.965
3	CC(=O)C1=C(O)C(=O)N(c2ccc(Cl)cc2F)C1C1CCCCC1	1.0	1	0.341	0.9
3	COc1nc(Br)cnc1NS(=O)(=O)c1c(-c2ccccc2)ccs1	1.0	1	0.305	0.941
3	CCCC(=O)C1=C(O)C(=O)N(c2ccc(C)cc2)C1C1CCCCC1	1.0	1	0.447	0.91
3	CC(=O)c1ccc(S(=O)(=O)Nc2ccc(Cl)cc2C(=O)c2ccnc(C)c2)cc1	1.0	1	0.209	0.975
3	O=S(=O)(Nc1cc(Cl)c(Cl)cc1Cn1ccnn1)c1cccc(F)c1	1.0	1	0.274	0.954
3	CCCC(=O)N1CCC(NS(=O)(=O)c2ccc(NC(=O)c3cc(F)ccc3)c3c2cccc3)CC1	1.0	0	0.142	0.968
3	COC(=O)CCc1ccc(S(=O)(=O)Nc2ccc(Cl)cc2C(=O)c2ccnc(C)c2)cc1	1.0	0	0.187	0.97
3	CCCC(=O)N1CCC(NS(=O)(=O)c2ccc(NC(=O)C3CCNC3)c3c2cccc3)CC1	1.0	0	0.136	0.901
3	N#Cc1nc(N2CCCCC2)c2nc(CCc3ccccc3)cn2c1	1.0	0	0.179	0.945
3	Cc1cccc(N2C(=O)C(O)=C(C(=O)c3ccccc3)C2C2CCCCC2)c1	1.0	1	0.34	0.927
3	Cc1ccccc1C(=O)Nc1ccc(S(=O)(=O)NC2CCN(C(=O)CCCCN)CC2)c2ccccc12	1.0	0	0.005	0.963
3	CS(=O)(=O)c1cc(NS(=O)(=O)c2ccc(Cl)cc2)c(Oc2ccccc2C(=O)O)cc1	1.0	1	0.364	0.978
3	C=CCOc1nc(Cl)cnc1NS(=O)(=O)c1cccc(Cl)c1C	1.0	0	0.135	0.938
3	CS(=O)(=O)c1ccc(S(=O)(=O)Nc2ccc(Br)cc2C(=O)c2ccncc2)cc1	1.0	0	0.189	0.975
3	O=C(O)c1ccccc1Oc1ccc(Cl)cc1NS(=O)(=O)c1ccc(Cl)cn1	1.0	1	0.394	0.972
3	Cn1nnnc1Cc1ncc(Cl)cc1NS(=O)(=O)c1cccc(Cl)c1	1.0	1	0.268	0.941
3	CNS(=O)(=O)c1cccc(CNC(=O)c2cccc3c2cnn3-c2ccc(F)cc2)c1	1.0	0	0.137	0.972
3	Cc1ncc(C(=O)c2cc(Cl)ccc2NS(=O)(=O)c2ccc(C(C)(C)c3cnco3)cc2)cc1	1.0	0	0.198	0.921
3	CC(=O)C1=C(O)C(=O)N(c2ccc(C)cc2)C1c1ccc(Cl)cc1	1.0	1	0.398	0.958
3	COc1ccccc1C(=O)N(C)Cc1ccc(Cl)cc1NS(=O)(=O)c1ccc(Cl)cc1	1.0	1	0.284	0.978
3	O=S(=O)(NC1CCN(Cc2ccc3cc(F)ccc3c2)CC1)c1ccccc1	1.0	0	0.114	0.982
3	COc1cc(C(=O)NCCCNc2ncccc2C)ccc1Cl	1.0	0	0.099	0.983
3	Cc1nc(C(=O)c2cc(Cl)ccc2NS(=O)(=O)c2ccc(C(C)(C)C)cc2)ccc1	1.0	0	0.197	0.972
3	COc1c(Cl)ccc(C(=O)c2cc(Cl)ccc2NS(=O)(=O)c2ccc(C(C)(C)C)cc2)c1	1.0	1	0.227	0.976
3	Cc1ccc(C(=O)c2cc(Cl)ccc2NS(=O)(=O)c2ccc(C(C)(C)C)cc2)cn1	1.0	1	0.211	0.974
3	CC(=O)C1=C(O)C(=O)N(c2ccc(C)c(C)c2)C1C1CCCCC1	1.0	1	0.32	0.916
3	O=S(=O)(NCCCN1CCC(O)(c2ccc(Cl)cc2)CC1)c1ccc(C(F)(F)F)cc1	1.0	0	0.106	0.964
3	O=C(c1ccncc1)c1cc(Cl)ccc1NS(=O)(=O)c1ccc(N2CCCC2)cc1	1.0	0	0.183	0.977
3	CC(=O)NCc1cc(Cn2nc(NS(=O)(=O)c3ccc(Cl)s3)c3ccccc32)ccc1	1.0	1	0.205	0.958
3	O=S(=O)(NCCCN1CCC(O)(c2ccc(Cl)cc2)CC1)c1ccccc1-c1ccccc1	1.0	0	0.128	0.969
3	CC(=O)c1c(C)oc(C)c1C	1.0	0	0.032	0.968
3	CC(=O)c1ccc(S(=O)(=O)Nc2cc(Cl)ccc2C(=O)c2ccncc2)cc1	1.0	1	0.207	0.979
3	O=C(O)c1ccccc1Oc1ccc(C(F)(F)F)cc1NS(=O)(=O)c1ccc(Cl)cc1	1.0	1	0.356	0.977
3	Cc1ccc(S(=O)(=O)Nc2ccc(Cl)cc2NS(=O)(=O)c2ccc(C)cc2)cc1	1.0	0	0.144	0.984
3	Cc1[n+]([O-])cc(C(=O)c2cc(Cl)ccc2NS(=O)(=O)c2ccc(C(C)(C)C)cc2)cc1	1.0	0	0.191	0.948
3	COc1cc(N2C(=O)c3c(C2=O)c(NS(=O)(=O)c2ccc(C(C)(C)C)cc2)ccc3Cl)ccc1	1.0	0	0.14	0.958
3	N#Cc1ccc(Oc2ncc(Cl)cc2NS(=O)(=O)c2ccc(Cl)c(Cl)c2)cn1	1.0	1	0.359	0.95
3	CC(C)(C)c1ccc(S(=O)(=O)Nc2ccc(Cl)cc2C(=O)c2ccc[nH]2)cc1	1.0	0	0.197	0.967
3	O=S(=O)(Nc1cc(Cl)ccc1Cn1ccnn1)c1cccc(F)c1	1.0	1	0.303	0.965
3	O=S(=O)(Nc1cc(Cl)ccc1CNc1ncccc1[N+](=O)[O-])c1ccccc1NS(=O)(=O)c1ccc(Cl)cc1	1.0	0	0.005	0.947
3	CC(=O)C1=C(O)C(=O)N(c2ccc(C)cc2)C1c1cc(Br)ccc11	0.0	0	0.0	0.0
3	CC(C)(C)c1ccc(S(=O)(=O)Nc2ccc(Cl)cc2-c2c(O)cncn2)cc1	1.0	1	0.296	0.958
3	CCCCCCc1nc2nc(N)nn2c(O)c1Cc1cccc(Cl)c1	1.0	1	0.556	0.937
3	CC(C)(C)c1ccc(S(=O)(=O)Nc2ccc(Cl)cc2-c2c(O)c(N)ncn2)cc1	1.0	1	0.326	0.952
3	O=C(c1ncccn1)c1cc(Cl)ccc1NS(=O)(=O)c1ccc(-c2ccccc2)cc1	1.0	0	0.162	0.974
3	CC(C)NS(=O)(=O)c1ccc(CNC(=O)c2cnccn2)cc1p	0.0	0	0.0	0.0
3	Cc1ccc(Cl)cc1NS(=O)(=O)c1ccc(Oc2ccc(Cl)cc2NS(=O)(=O)c2ccc(C)cc2)cc1	1.0	0	0.005	0.973
3	Cc1cc(N2C(=O)c3c(C2=O)c(NS(=O)(=O)c2ccc(C(C)(C)C)cc2)ccc3Cl)cnc1	1.0	0	0.146	0.939
3	COc1ccc(Cn2nc(NS(=O)(=O)c3ccc(Cl)s3)c3c2cccc3OC)cc1OC	1.0	1	0.255	0.955
3	O=C(Nc1c(Cl)cccc1Cl)c1ccccc1NS(=O)(=O)c1ccc(C(F)(F)F)cc1	1.0	0	0.192	0.979
3	O=S(=O)(Nc1ncc(Cl)nc1OCc1cc(F)c(F)cc1F)c1ccccc1	1.0	1	0.293	0.955
3	CC(C)(C)c1ccc(S(=O)(=O)Nc2ccc(Cl)cc2C(=O)c2cc[n+]([O-])cc2)cc1	1.0	0	0.188	0.958
3	CN(C)C(=O)CCc1ccc(S(=O)(=O)Nc2ccc(Cl)cc2C(=O)c2ccnc(C)c2Cl)cc1	1.0	1	0.2	0.953
3	CC(C)(C)c1ccc(S(=O)(=O)Nc2ccc(Cl)cc2-c2c(O)c(CO)ccn2)cc1	1.0	1	0.299	0.952
3	CC(C)(C)c1ccc(S(=O)(=O)Nc2ccc(Cl)cc2C(=O)c2ccnc(Cl)c2)cc1	1.0	1	0.202	0.971
3	COc1nc(Br)cnc1NS(=O)(=O)c1ccccc1	1.0	0	0.133	0.971
3	CC(=O)C1=C(O)C(=O)N(c2ccc(C)cc2)C1C1CCCCC1	1.0	1	0.328	0.929
3	CC(=O)C1=C(O)C(=O)N(c2ccc(C)cc2)C1c1ccc(Br)cc1	1.0	1	0.374	0.953
3	O=C(O)c1c(Oc2cccc(F)c2NS(=O)(=O)c2ccc(Cl)cc2)cccc1	1.0	1	0.462	0.979
3	O=C(O)c1cc(Oc2nccc3[nH]ccc23)c(F)cc1	1.0	0	0.108	0.969
3	O=C(c1cnccc1)c1cc(Cl)ccc1NS(=O)(=O)c1cc(Br)c(Cl)cc1	1.0	0	0.197	0.972
3	CC(=O)C1=C(O)C(=O)N(c2cc(F)c(F)cc2F)C1C1CCCCC1	1.0	1	0.303	0.873
3	O=C(CCCN1CCC(C(O)c2cc(F)ccc2)CC1)c1ccc(F)cc1	1.0	0	0.105	0.945
3	COc1c(NS(=O)(=O)c2ccc(Cl)cc2)cccc1	1.0	0	0.061	0.993
3	O=C(c1ccncc1)c1cc(Cl)ccc1NS(=O)(=O)c1cc(F)c(N2CCOCC2)cc1	1.0	0	0.182	0.966
3	CC(=O)c1cc(NS(=O)(=O)c2ccc(C(C)(C)C)cc2)ccc1	1.0	0	0.127	0.988
3	CC(C)c1nc2nc(N)nn2c(O)c1Cc1cc(Br)cc(Br)c1	1.0	1	0.454	0.884
3	Nc1nn2c(O)c(Cc3cc(Cl)ccc3)c(C3CC3)nc-2n1	1.0	1	0.591	0.922
3	COc1ccc(Cc2c(O)n3nc(N)nc3nc2C2CC2)cc1	1.0	1	0.562	0.936
3	CC(=O)C1=C(O)C(=O)N(c2cc(F)c(F)cc2F)C1C1CCCCC1	1.0	1	0.303	0.873
3	Cc1nnc(-c2nc(C(=O)NCCc3ccc(Cl)cc3)c(C(=O)c3ccccc3)cn2)o1	1.0	0	0.193	0.956
3	CS(=O)(=O)c1ccc(S(=O)(=O)Nc2ccc(Cl)cc2C(=O)c2c[n+]([O-])c(C)cc2)cc1	1.0	1	0.211	0.947
3	Cc1cc(=O)c(NS(=O)(=O)c2ccc(Cl)s2)ccc1	1.0	0	0.1	0.97
3	O=S(=O)(Nc1cc(Cl)ccc1Cn1ccnn1)c1ccccc1	1.0	1	0.317	0.973
3	CC(C)(C)c1ccc(S(=O)(=O)Nc2ccc(Cl)cc2-c2c(O)cncn2)cc1	1.0	1	0.296	0.958
3	Oc1c(C(cc2ccccc2)c2ccccc2)c(Cl)ccc1C1=CCN(C2(C(N)=O)CCOCC2)CC1	0.0	0	0.0	0.0
3	CNS(=O)(=O)c1cccc(CNC(=O)c2cccc3c2cnn3-c2ccc(F)cc2)c1	1.0	0	0.137	0.972
3	COc1cc2c(cc1NS(=O)(=O)c1c(Cl)c(Cl)ccc1)nc(O)[nH]2	1.0	0	0.198	0.947
3	CC(C)(C)c1ccc(S(=O)(=O)Nc2ccc(Cl)cc2-c2c(CN)cccc2)cc1	1.0	1	0.294	0.976
3	O=C(O)c1ccc(Oc2ccc(C(=O)c3ccccc3)cc2)cc1	1.0	0	0.103	0.992
3	Cc1ncc(C(=O)c2cc(Cl)ccc2NS(=O)(=O)c2ccc(C(C)(C)c3cocn3)cc2)cc1	1.0	0	0.191	0.917
4	O=C(NCCc1c(-c2cccc(Cl)c2)nc2ccccc12)c1ccccc1	0.0	0	0.0	0.0
4	O=C(Nc1ccccc1)c1c(NS(=O)(=O)c2ccc(Cl)s2)nccc1	1.0	0	0.17	0.977
4	CC(C)c1nc2nc(N)nn2c(O)c1Cc1cccc(Cl)c1	1.0	1	0.61	0.929
4	Cc1nc(OCC(C)(C)C)ccc1NS(=O)(=O)c1cccc(Cl)c1Cl	1.0	0	0.149	0.956
4	CC(C)c1nc2nc(N)nn2c(O)c1Cc1cc(Br)cc(F)c1	1.0	1	0.447	0.894
4	Nc1nn2c(O)c(Cc3ccc(F)cc3)c(-c3cccc(Cl)c3)nc2n1	1.0	1	0.73	0.952
4	CC(C)(C)c1ccc(S(=O)(=O)Nc2ccc(Cl)cc2-c2c(O)cccn2)cc1	1.0	1	0.279	0.97
4	Nc1nn2c(O)c(Cc3ccc(F)cc3)c(-c3ccccc3)nc2n1	1.0	1	0.585	0.961
4	CCc1c(C(=O)Nc2ccc(S(=O)(=O)NC3CCN(C(=O)NO)CC3)c3c2cccc3)cccc1	1.0	0	0.146	0.954
4	Cc1ccc2c(c1)N(C(=O)Nc1ccc(Cl)cc1)C(=O)C(C)(C)O2	1.0	0	0.163	0.968
4	CCCC(=O)N1CCC(NS(=O)(=O)c2ccc(NC(=O)c3ccc(OCc4ccccc4)cc3)c3c2cccc3)CC1	1.0	0	0.005	0.962
4	O=C(O)c1c(Oc2c(Cl)cccc2NS(=O)(=O)c2ccc(Cl)cc2)cccc1	1.0	1	0.364	0.98
4	COc1nc(Br)cnc1NS(=O)(=O)c1cccc(Cl)c1	1.0	0	0.114	0.963
4	CC(C)(C)c1ccc(S(=O)(=O)Nc2ccc(F)c(F)c2C(=O)c2ccncc2)cc1	1.0	1	0.203	0.965
4	CCCc1nc2nc(N)nn2c(O)c1Cc1cccc(Cl)c1	1.0	1	0.479	0.934
4	CCOc1c2ccc(C)cc2[n+]2c1C(=O)c1ccccc12	0.0	0	0.0	0.0
4	COc1cc(C(=O)NCCN2CCCCC2)ccc1F	1.0	0	0.123	0.989
4	CC(C)(C)c1ccc(S(=O)(=O)Nc2ccc(Cl)cc2-c2c(CN)cccc2)cc1	1.0	1	0.294	0.976
4	CS(=O)(=O)c1cc(F)c(C#N)cc1C(=O)c1cccc(S(=O)(=O)NCCC)cc1	0.0	0	0.0	0.0
4	Cc1ncccc1Oc1ncc(C#N)cc1NS(=O)(=O)c1cccc(Cl)c1	1.0	1	0.308	0.957
4	O=C(c1cnc(Cl)cc1)c1cc(Cl)ccc1NS(=O)(=O)c1ccc(-c2cnco2)cc1	1.0	0	0.198	0.957
4	O=S1(=O)NC(Nc2ccccc2)=Nc2c1cc(Cl)cc2O	1.0	0	0.105	0.895
4	O=S1(=O)NC(Nc2ccc(Br)cc2)=Nc2c1cc(Cl)cc2O	1.0	0	0.079	0.876
4	CCOC(=O)N1CCC(NS(=O)(=O)c2ccc(C(=O)Nc3ccccc3C(=O)c3ccccc3)c3c2cccc3)CC1	1.0	0	0.005	0.957
4	CC(C)(C)c1ccc(S(=O)(=O)Nc2ccc(Cl)cc2C(=O)c2cccnc2)cc1	1.0	0	0.19	0.977
4	O=C(Nc1ccc(S(=O)(=O)NC2CCNCC2)c2c1cccc2)c1ccccc1	1.0	0	0.152	0.977
4	CN(C)C1CS(=O)(=O)c2ccc(Cl)c(c2)C1C	1.0	0	0.005	0.206
4	COc1ccc(S(=O)(=O)Nc2ccc(Cl)cc2C(=O)Nc2ccccc2)cc1	1.0	0	0.17	0.989
4	Cc1ccc(S(=O)(=O)NCCCN2CCC(O)(c3ccc(Cl)cc3)CC2)cc1	1.0	0	0.089	0.974
4	Cn1nnnc1Cc1ncc(Cl)cc1NS(=O)(=O)c1ccc(Cl)c(Cl)c1	1.0	1	0.319	0.937
4	Cc1ccc(S(=O)(=O)Nc2cc(Cl)ccc2C#N)cc1	1.0	0	0.155	0.986
4	CC(=O)c1c(O)c(O)n(Cc2ccccc2)c1=[N+](=O)[O-]	0.0	0	0.0	0.0
4	CC(C)c1nc2nc(N)nn2c(O)c1Cc1ccc(Cl)c(Cl)c1	1.0	1	0.501	0.923
4	COc1cc(CN2C(=O)c3c(C2=O)c(NS(=O)(=O)c2ccc(C(C)(C)C)cc2)ccc3Cl)cnc1	1.0	0	0.133	0.942
4	Cc1ccc(C(=O)c2cc(Cl)ccc2NS(=O)(=O)c2ccc(-c3cnco3)cc2)cc1	1.0	0	0.159	0.971
4	C=CCOc1nc(Cl)ncc1NS(=O)(=O)c1cccc(Cl)c1	1.0	0	0.133	0.948
4	Cc1ccc(C(=O)c2cc(Cl)ccc2NS(=O)(=O)c2ccc(C(C)(C)C)cc2)cc1	1.0	1	0.216	0.982
4	CCCC(=O)N1CCC(NS(=O)(=O)c2ccc(NC(=O)c3ncccc3)c3c2cccc3)CC1	1.0	0	0.151	0.965
4	CC(C)c1nc2nc(N)nn2c(O)c1Cc1cc(Cl)cc(Cl)c1[CH2-]	1.0	1	0.58	0.786
4	COCCn1ncc2nc(O)c(C(=O)O)c2c1	1.0	0	0.071	0.911
4	O=C(O)c1cc(Oc2ncc(Cl)cc2NS(=O)(=O)c2ccc(Cl)c(C(F)(F)F)c2)cc(F)c1	1.0	1	0.312	0.947
4	O=C(O)c1ccccc1Oc1ccc(C(F)(F)F)cc1NS(=O)(=O)c1ccc(Cl)cc1	1.0	1	0.356	0.977
4	CCCCCCCc1nc2nc(N)nn2c(O)c1Cc1cccc(Cl)c1	1.0	1	0.609	0.937
4	CC(=O)C1=C(O)C(=O)N(c2cc(C(F)(F)F)ccc2)c2ccccc21	1.0	1	0.305	0.968
4	CC(C)(C)c1ccc(S(=O)(=O)Nc2cccc(Cl)c2C(=O)c2ccncc2)cc1	1.0	1	0.208	0.972
4	COc1ccc(N(C(=O)C2CCCO2)C2CCCC2)cc1Oc1c(-c2ccccc2)ccc1OC9nccn1	0.0	0	0.0	0.0
4	CN(C)c1ncnc(-c2cc(Cl)ccc2NS(=O)(=O)c2ccc(C(C)(C)C)cc2)c1O	1.0	1	0.35	0.942
4	CN(C)C(=O)C(CCn1cccc1C#N)NS(=O)(=O)c1cccc2c1ccc(S(=O)(=O)O)c1c2	0.0	0	0.0	0.0
4	Cn1nnnc1Cc1ncc(Cl)cc1NS(=O)(=O)c1ccc(Cl)c(Cl)c1	1.0	1	0.319	0.937
4	Cc1c(C#N)c(N)nc(NS(=O)(=O)c2cccc(C(C)(C)C)c2)n1	1.0	0	0.137	0.956
4	CC(C)(C)c1ccc(S(=O)(=O)Nc2ccc(Cl)c3c2C(=O)N(Cc2cnccc2)C3=O)cc1	1.0	0	0.14	0.954
4	O=S(=O)(Nc1cc(Cl)ccc1Cnc1nccs1)c1ccc(Cl)cc1	0.0	0	0.0	0.0
4	Cc1ncc(C(=O)c2cc(Cl)ccc2NS(=O)(=O)c2ccc(OC(C)C)cc2)cc1	1.0	0	0.198	0.974
4	CC(=O)C1=C(O)C(=O)N(c2ccc(C)cc2)C1c1cc(Cl)ccc1	1.0	1	0.442	0.953
4	CC(=O)c1ccc(S(=O)(=O)Nc2ccc(Br)cc2C(=O)c2ccnc(C)c2)cc1	1.0	1	0.201	0.973
4	O=C(c1cnccc1)c1cc(Cl)ccc1NS(=O)(=O)c1ccc(OC2CCN(C(=O)c3ccccc3)CC2)cc1	1.0	0	0.005	0.96
4	CCNC(=O)Nc1ccc(NS(=O)(=O)c2ccc(C(F)(F)F)cc2)cc1	1.0	0	0.145	0.985
4	Nc1nn2c(O)c(Cc3ccc(F)cc3)c(-c3ccccc3)nc2n1[NH-]	0.0	0	0.0	0.0
4	CCCC(=O)N1CCC(NS(=O)(=O)c2ccc(NC(=O)c3nccn3C)c3ccccc23)CC1	1.0	0	0.152	0.949
4	CC(=O)C1=C(O)C(=O)N(c2cc(Br)c(C)cc2)C1C1CCCCC1	1.0	1	0.217	0.891
4	O=C(c1cc(Cl)ccc1NS(=O)(=O)c1cc(Cl)c(Cl)cc1	0.0	0	0.0	0.0
4	O=S(=O)(Nc1ncc(Cl)nc1OCc1cc(Cl)ccc1Cl)c1ccccc1Cl	1.0	1	0.205	0.956
4	O=C(c1cnccc1)c1cc(Cl)ccc1NS(=O)(=O)c1ccc(OC(F)(F)F)cc1	1.0	0	0.194	0.973
4	COc1c(C(=O)Nc2ccc(CN3C(=O)c4ccccc4C3=O)c3ccccc23)cccc1	1.0	1	0.204	0.981
4	O=C(NCCc1c(-c2ccc(F)cc2)[nH]c2c1cc(O)cc12)c1cccc(O)c1	0.0	0	0.0	0.0
4	Nc1nn2c(O)c(Cc3cccc(Cl)c3)c(C3CC3)nc2n1	1.0	1	0.591	0.922
4	CC(C)(C)c1ccc(S(=O)(=O)Nc2ccc(Cl)cc2-c2c(CN)cccc2)cc1	1.0	1	0.294	0.976
4	CCCc1nnc(NC(=O)c2ccc(Cl)cc2)s1	1.0	0	0.112	0.987
4	CCCCc1nc2nc(N)nn2c(O)c1Cc1cccc(Cl)c1	1.0	1	0.465	0.935
4	O=C(Nc1ccc(S(=O)(=O)NC2CCNCC2)c2c1OC2)c1ccccc1	1.0	0	0.109	0.955
4	CC(C)(C)c1ccc(S(=O)(=O)Nc2ccc(Cl)cc2C(=O)c2nccs2)cc1	1.0	0	0.169	0.964
4	CCNC(=O)NCCOc1ccc(C)cc1OCc1ccc(Cl)cc1Cl	1.0	1	0.279	0.981
4	CNC(=O)C1(c2ccccc2)CCCC1Cc1ccc(Cl)cc1	1.0	1	0.211	0.87
4	COc1c(NS(=O)(=O)c2ccc(Cl)s2)c(Cl)ccc1CCC	1.0	0	0.136	0.956
4	COc1nn(CCN(C)C)c2c1c(NS(=O)(=O)c1cccc(Cl)c1Cl)ncn2C	0.0	0	0.0	0.0
4	O=C(c1cnccc1)c1cc(Cl)ccc1NS(=O)(=O)c1cc(Br)c(Br)cc1[nH]c2cc(Cl)ccc21	0.0	0	0.0	0.0
4	CC(=O)C1=C(O)C(=O)N(c2ccc(C)cc2)C1c1ccccc1N	1.0	1	0.24	0.937
4	O=S(=O)(Nc1ncc(Cl)nc1OCc1c(Cl)cccc1Cl)c1ccccc1	1.0	1	0.312	0.965
4	CCc1ncnc(-c2cc(Cl)ccc2NS(=O)(=O)c2ccc(C(C)(C)C)cc2)c1	1.0	1	0.296	0.964
4	COC(=O)CCc1ccc(S(=O)(=O)Nc2ccc(Cl)cc2C(=O)c2c(C)nccc2)cc1	1.0	1	0.206	0.971
4	Cc1ncc(C(=O)c2cc(Cl)ccc2NS(=O)(=O)c2ccc(-c3cnco3)cc2)cc1	1.0	1	0.202	0.96
4	Cc1nc2ccc(C(=O)c3ccccc3)cc2n2cccc12	1.0	0	0.127	0.98
4	Cc1cc(OCCCc2n[nH]c(C(N)=O)c2C)ccn1	1.0	0	0.133	0.933
4	CCCn1nc(CN2C(=O)c3ccccc3C2=O)c2ccccc12	1.0	1	0.225	0.977
4	CC(C)(C)c1ccc(S(=O)(=O)Nc2ccc(Cl)cc2C(=O)c2cccc[n+]2[O-])cc1	1.0	0	0.2	0.948
4	Cc1nnc(-c2ccc(S(=O)(=O)Nc3ccc(Cl)cc3C(=O)c3ccncc3)cc2)cc1	1.0	0	0.178	0.968
4	Cc1c(C(=O)c2cc(Cl)ccc2NS(=O)(=O)c2ccc(C(C)(C)C)cc2)nccc1	1.0	0	0.179	0.971
4	CC(=O)NCc1cc(Cn2nc(NS(=O)(=O)c3ccc(Cl)s3)c3ccccc32)ccc1	1.0	1	0.205	0.958
4	Cc1cc(N2C(=O)c3c(C2=O)c(NS(=O)(=O)c2ccc(C(C)(C)C)cc2)ccc3Cl)c(C)nc1	1.0	0	0.139	0.933
4	CCCC(=O)N1CCC(NS(=O)(=O)c2ccc(NC(=O)c3c(F)cccc3)c3c2cccc3)CC1	1.0	0	0.15	0.968
4	CC(=O)c1c(C)nc(NS(=O)(=O)c2ccc(Cl)s2)n1Cc1ccccc1	1.0	0	0.196	0.946
4	CC(=O)C1=C(O)C(=O)N(c2ccc(C)cc2)C1c1cc(Br)ccc1	1.0	1	0.447	0.948
4	CCOC(=O)N1CCC(NS(=O)(=O)c2ccc(C(=O)Nc3ccccc3C)c3ccccc23)CC1	1.0	0	0.148	0.97
4	CC(=O)C1=C(O)C(=O)N(c2cc(C)ccc2)C1C1CCCCC1	1.0	1	0.301	0.922
4	CC(C)(c1ccc(S(=O)(=O)Nc2ccc(Cl)cc2C(=O)c2ccnc(N)c2)cc1)c1ccccc1	1.0	0	0.162	0.961
4	O=C(Cn1cc(Cc2cccnc2)c([N+](=O)[O-])c1)c1ccccc1	1.0	0	0.157	0.958
4	N#CSCCNC(=O)c1cccc(Cl)c1Cn1cccc1	1.0	0	0.181	0.92
4	COc1cccc2c1c(NS(=O)(=O)c1ccc(Cl)s1)nn2Cc1cccc(CNC(=O)CO)c1	1.0	1	0.215	0.938
4	CCCC(=O)N1CCC(NS(=O)(=O)c2ccc(NC(=O)c3ccccc3C)c3ccccc23)CC1	1.0	0	0.138	0.969
4	CC(C)(C)c1ccc(S(=O)(=O)Nc2ccc(Cl)cc2-c2c(N)nccn2)cc1	1.0	1	0.317	0.966
5	CCCC(=O)N1CCC(NS(=O)(=O)c2ccc(NC(=O)c3cccc(C)c3)c3c2cccc3)CC1	1.0	0	0.145	0.969
5	CC1CCN(C(=O)C(CCn2cccc2)NS(=O)(=O)c2cc(Cl)c(N)c(Cl)c2)CC1	1.0	1	0.228	0.848
5	O=C(O)c1ccccc1Oc1ccc(Cl)cc1NS(=O)(=O)c1ccc(Cl)c(Cl)c1	1.0	1	0.368	0.98
5	O=C(Nc1ccc(S(=O)(=O)Nc2ccccc2)c(C(F)(F)c2ccccc2)cc1)c1occc1[nH]	0.0	0	0.0	0.0
5	O=C(O)c1ccccc1NS(=O)(=O)c1ccc(C(F)(F)F)cc1	1.0	0	0.131	0.987
5	N#CSCCNC(=O)c1ccc(Oc2ccccc2)cc1	1.0	0	0.084	0.981
5	O=C(c1ccncc1)c1cc(Cl)ccc1NS(=O)(=O)c1ccc(-c2ncco2)cc1	1.0	1	0.205	0.964
5	CCCC(=O)N1CCC(NS(=O)(=O)c2ccc(NC(=O)c3nccnc3)c3c2cccc3)CC1	1.0	0	0.148	0.957
5	CC(C)(c1ncco1)c1ccccc1S(=O)(=O)c1ccc(Cl)cc1	1.0	1	0.327	0.945
5	Nc1nn2c(O)c(Cc3cccc(Cl)c3)c(-c3ccccc3)nc2n1	1.0	1	0.654	0.957
5	CCOC(=O)N1CCC(NS(=O)(=O)c2ccc(Cl)cc2)Cc1sccc1Cl	0.0	0	0.0	0.0
5	O=S(=O)(NCCCN1CCC(O)(c2ccc(Cl)cc2)CC1)c1c(Br)cccc1	1.0	0	0.105	0.966
5	COc1c(NS(=O)(=O)c2ccc(Cl)cc2)cccc1	1.0	0	0.061	0.993
5	O=C(Nc1ccc(F)cc1)c1ccc(C(=O)c2ccccc2)cc1	1.0	0	0.09	0.994
5	O=C(NNC(=O)c1ccccc1)c1ccccc1-c1ccccc1	1.0	0	0.176	0.992
5	O=S(=O)(Nc1cc(Cl)ccc1Cn1ccnn1)c1ccc(Cl)s1	1.0	1	0.356	0.947
5	O=S(=O)(Nc1cc(Cl)ccc1Cn1nccn1)c1ccccc1	1.0	1	0.266	0.968
5	CCCC(=O)Nc1ccc(C(=O)c2ccc(C(=O)c3ccccc3)cc2)cc1	1.0	0	0.099	0.989
5	CC(=O)C1=C(O)C(=O)N(c2cc(C(F)(F)F)ccc2)C1c1ccccc1	1.0	1	0.417	0.944
5	CC(C)COc1ccc(S(=O)(=O)N2CCCCC2)cc1	1.0	0	0.093	0.989
5	COc1c(C)c(C)c(S(=O)(=O)Nc2cc(Cl)ccc2C(=O)c2ccncc2)cc1	1.0	1	0.232	0.969
5	COc1ccc(Cn2nc(NS(=O)(=O)c3ccc(Cl)s3)c3c2cccc3OC)cc1OC	1.0	1	0.255	0.955
5	CCC(C)C(=O)C1=C(O)C(=O)N(Cc2ccccc2)C1c1ccc(Cl)cc1Cl	1.0	1	0.249	0.877
5	Cc1cnc(-c2cc(N3CC(=O)C(C)C3)ncc2Cl)cc1	1.0	0	0.167	0.853
5	CCCCCCCc1nc2nc(N)nn2c(O)c1Cc1cccc(Cl)c1	1.0	1	0.609	0.937
5	CC(C)(CO)c1ccc(S(=O)(=O)Nc2ccc(Cl)cc2C(=O)c2ccncc2)cc1	1.0	0	0.187	0.966
5	O=C(Nc1ccc(S(=O)(=O)Nc2ccccc2)cc1)c1ccc(Cl)c(Cl)c1	1.0	0	0.12	0.99
5	O=C(Nc1ccc(S(=O)(=O)NC2CCNCC2)cc1)c1ccc2ccccc2c1	1.0	0	0.12	0.98
5	CCCC(=O)N1CCC(NS(=O)(=O)c2ccc(NC(=O)c3ncccc3)c3c2cccc3)CC1	1.0	0	0.151	0.965
5	Cc1ncc(C(=O)c2cc(Cl)ccc2NS(=O)(=O)c2ccc(C(C)(C)c3ncco3)cc2)cc1	1.0	0	0.184	0.928
5	COCCOc1nc(-c2ccccc2)c(-c2ccccc2)c2c1cc(O)cc2O	1.0	1	0.317	0.962
5	Cn1nncc1C(=O)c1cc(Cl)ccc1S(=O)(=O)c1ccc(Cl)cc1	1.0	1	0.34	0.951
5	COc1ccc(Cn2nc(NS(=O)(=O)c3ccc(Cl)s3)c3c2cccc3OC)cc1	1.0	1	0.211	0.961
5	CCOc1c(OC)cc(C=Nc2ccc(S(=O)(=O)Nc3ccc(Cl)cc3C)cc2)cc1	1.0	0	0.14	0.973
5	COc1nc(Br)cnc1NS(=O)(=O)c1ccc(Cl)s1	1.0	0	0.126	0.934
5	CC(C)c1nc(SCC(=O)NN=Cc2c(Cl)cccc2)c2ccccc12	0.0	0	0.0	0.0
5	Cc1cc(C(=O)c2cc(Cl)ccc2NS(=O)(=O)c2cc(C(C)(C)C)c(O)c(C(C)(C)C)c2)ccc1	1.0	0	0.185	0.955
5	Cc1ncc(C(=O)c2cc(Cl)ccc2NS(=O)(=O)c2ccc(C(C)(C)c3cnco3)cc2)cc1	1.0	0	0.198	0.921
5	COc1ccc(C(=O)c2cc(Cl)ccc2NS(=O)(=O)c2ccc(-c3c(C)cccc3)cc2)cc1	1.0	1	0.211	0.981
5	CN(C)C(=O)c1ccc(Oc2ccc(Cl)cc2NS(=O)(=O)c2ccc(Cl)c(C(F)(F)F)c2)cc1	1.0	1	0.293	0.968
5	O=S(=O)(NCCCN1CCC(O)(c2ccc(Cl)cc2)CC1)c1ccccc1	1.0	0	0.147	0.976
5	N#Cc1ccc(C(=O)c2cc(Cl)ccc2NS(=O)(=O)c2ccc(C(C)(C)C)cc2)cc1	1.0	0	0.178	0.976
5	Cc1ccc(S(=O)(=O)Nc2ccc(Cl)cc2C(=O)c2ccncc2)cc1	1.0	0	0.199	0.983
5	Cn1nnc(Cc2c(Cl)c(Cl)cc3c2[nH]c2ccccc23)n1	1.0	1	0.233	0.925
5	CNC(=O)N1CCC(NS(=O)(=O)c2ccc(NC(=O)c3ccccc3C)c3ccccc23)CC1	1.0	0	0.145	0.967
5	CC(C)(C)c1ccc(SCC(Cc2c(Cl)cccc2)c2ccsc2)cc1	1.0	1	0.223	0.904
5	CC(C)(C)c1ccc(S(=O)(=O)Nc2ccc(Cl)cc2C(=O)c2ccnc(Cl)c2)cc1	1.0	1	0.202	0.971
5	CC1CCN(C(=O)C(Cc2ccccc2)C(=O)O)CC1	1.0	0	0.14	0.959
5	CCc1ccc2c(NS(=O)(=O)c3ccc(Cl)s3)cccc2c1	1.0	0	0.121	0.978
5	CC(C)(C)c1ccc(S(=O)(=O)Nc2ccc(Cl)cc2-c2c(CN)cccc2)cc1	1.0	1	0.294	0.976
5	CC(C)(C)c1ccc(S(=O)(=O)Nc2ccc(Cl)cc2C(=O)c2cccc[n+]2[O-])cc1	1.0	0	0.2	0.948
5	O=C(c1ccncc1)c1cc(Cl)ccc1NS(=O)(=O)c1ccc(Cl)cc1	1.0	1	0.206	0.983
5	O=C(O)c1cc(Cn2ccc3c2CCCC3)ccc1Oc1ccccc1	1.0	0	0.146	0.97
5	Cc1ncccc1NS(=O)(=O)c1c(Cl)c(Cl)cc(Br)c1	1.0	0	0.114	0.966
5	CNc1nc(Br)cnc1NS(=O)(=O)c1cccc(Cl)c1Cl	1.0	0	0.138	0.934
5	O=C(O)c1ccc(Oc2ccc(Cl)cc2NS(=O)(=O)c2ccc(Cl)c(C(F)(F)F)c2)cc1	1.0	1	0.367	0.974
5	N#Cc1cccn1CCC(NS(=O)(=O)c1cc(Cl)c(N)c(Cl)c1)(1	0.0	0	0.0	0.0
5	CN(C)C(=O)C(CCn1cccc1C#N)NS(=O)(=O)c1cccc(C(N)=O)c1	1.0	1	0.212	0.858
5	CC(C)(C)c1ccc(S(=O)(=O)Nc2ccc(Cl)c3c2ccn3Cc2ccc(OCC(=O)O)cc2)cc1	1.0	0	0.005	0.956
5	CC1(c2ccc(S(=O)(=O)Nc3ccc(Cl)cc3C(=O)c3ccncc3)cc2)OCCO1	1.0	0	0.191	0.949
5	Cc1ccccc1C(=O)c1cc(Cl)ccc1NS(=O)(=O)c1ccc(CC(=O)c2ccccc2)cc1	1.0	0	0.191	0.977
5	CC(C)(C)c1ccc(S(=O)(=O)Nc2ccc(Br)cc2C(=O)c2ccnc(C)c2)cc1	1.0	1	0.208	0.969
5	Cc1ncccc1Oc1ncc(NC(=O)c2ccccc2)cn1	1.0	0	0.094	0.979
5	O=C(c1cnccc1)c1cc(Cl)ccc1NS(=O)(=O)c1ccc(Cl)c(Cl)c1	1.0	0	0.197	0.978
5	Cc1c(C(=O)Nc2ccc(S(=O)(=O)NC3CCN(C(=O)CCCN)CC3)c3c2cccc3)cccc1	1.0	0	0.005	0.964
5	O=S(=O)(Nc1cc(Cl)ccc1Cn1ccnn1)c1ccc(Cl)cc1	1.0	1	0.285	0.97
5	O=C(c1cccnc1)c1cc(Cl)ccc1NS(=O)(=O)c1ccc(-c2cnco2)cc1	1.0	0	0.182	0.964
5	CC(=O)NCc1cc(Cn2nc(NS(=O)(=O)c3ccc(Cl)s3)c3ccccc32)ccc1	1.0	1	0.205	0.958
5	CNC(=O)c1ccccc1Nc1cc(Nc2ccc(Cl)cc2)ncc1C(=O)NC	1.0	0	0.178	0.972
5	COc1c(-c2cc(Cl)ccc2NS(=O)(=O)c2ccc(C(C)(C)C)cc2)nccn1	1.0	1	0.293	0.963
5	O=S(=O)(Nc1cc(Cl)c(Cl)cc1Cn1ccnn1)c1cccc(F)c1	1.0	1	0.274	0.954
5	O=C(O)c1cccc(OS(=O)(=O)c2ccc(Cl)cc2)cc1	0.0	0	0.0	0.0
5	CC1CCN(C(=O)C(CCn2cncn2)NS(=O)(=O)c2cc(Cl)c(N)c(Cl)c2)CC1	1.0	1	0.309	0.845
5	Cc1c(C(=O)Nc2ccc(S(=O)(=O)Nc3ncccn3)cc2)cccc1	1.0	0	0.093	0.985
5	Cn1nnnc1Cc1ccc(Cl)cc1NS(=O)(=O)c1ccc(Cl)c(Cl)c1	1.0	1	0.298	0.96
5	CC(C)(C)c1ccc(S(=O)(=O)Nc2ccc(Cl)c3c2C(=O)N(CCc2nnco2)C3=O)cc1	1.0	0	0.172	0.91
5	COc1ccc(S(=O)(=O)Nc2cc(Cl)ccc2C[N+](=O)[O-])cc1	1.0	1	0.275	0.972
5	CC(=O)C1=C(O)C(=O)N(c2ccc(Cl)cc2F)C1C1CCCCC1	1.0	1	0.341	0.9
5	CCCc1ccc(NS(=O)(=O)c2ccc(N3C(=O)c4c(cccc4)C3=O)c3c2cccc3)cc1	1.0	1	0.209	0.974
5	O=C(C1=C(O)C(=O)N(c2ccc(C(F)(F)F)cc2)C1c1ccccc1)c1ccccc1	1.0	1	0.366	0.947
5	COc1ccc(-c2ccccc2C(=O)Nc2ccc(S(=O)(=O)NC3CCN(C(=O)CO)CC3)cc2)cc1	1.0	0	0.005	0.971
5	CN(C)C(=O)N1CCC(NS(=O)(=O)c2ccc(NC(=O)c3ccccc3)c3c2cccc3)CC1	1.0	0	0.143	0.97
5	O=S(=O)(Nc1cc(Cl)ccc1Cn1nccn1)c1ccccc1Cl	1.0	1	0.291	0.96
5	COc1c2c(NS(=O)(=O)c3ccc(Cl)s3)nn(Cc3cccc(CN(C)C(C)=O)c3)c2ccc1	1.0	1	0.308	0.936
5	COc1c(Cl)ccc(NS(=O)(=O)c2ccc(C)cc2N)c1o	0.0	0	0.0	0.0
5	CS(=O)(=O)N1CCC(C(=O)Nc2ccc(Cl)cc2)CC1	1.0	0	0.096	0.989
5	Cc1ncc(C(=O)c2cc(Cl)ccc2NS(=O)(=O)c2ccc(-c3cnco3)cc2)cc1	1.0	1	0.202	0.96
5	O=C(O)c1ccccc1-c1ccc(OC2CCN(C(=O)c3ccccc3)CC2)cc1C	1.0	0	0.124	0.98
5	O=S(=O)(Nc1cc(F)ccc1Cn1ccnn1)c1ccccc1C	1.0	1	0.347	0.966
5	COc1c(-c2cc(Cl)ccc2NS(=O)(=O)c2ccc(C(C)(C)C)cc2)nccc1	1.0	1	0.271	0.973
5	CC(C)(C)c1ccc(S(=O)(=O)Nc2ccc(Cl)c3c2c(C(N)=O)c2ccccc23)nc1	0.0	0	0.0	0.0
5	COc1ccc(NS(=O)(=O)c2ccc(N(C)C(=O)c3ccccc3C)c3ccccc23)cc1	1.0	0	0.153	0.976
5	CC(=O)c1ccc(S(=O)(=O)Nc2ccc(Br)cc2C(=O)c2ccncc2)cc1	1.0	0	0.191	0.978
5	N#Cc1cccn1CCC(NS(=O)(=O)c1cc(Cl)c(N)c(Cl)c1)C(=O)N1CCCC1	1.0	1	0.228	0.821
5	COc1c2c(NS(=O)(=O)c3ccc(Cl)s3)nn(Cc3cccc(CNC4COC4)c3)c2ccc1	1.0	1	0.24	0.925
5	Nc1nn2c(O)c(Cc3cccc(C(F)(F)F)c3)c(C(Cc3ccccc3)C(CCC(Cc3ccccc3)C(N)=O)n3cccc32)cc1	0.0	0	0.0	0.0
5	CC(C)CN1CCC(=O)N(C(=O)c2ccc(Cl)cc2)CC1	1.0	0	0.154	0.98
5	c1ccc(C2=NCCn3nc4ccccc4c23)cc1	1.0	0	0.148	0.952
5	Cc1ccc(N2C(=O)C(O)=C(C(C)=O)C2C2CCCCC2)cc1	1.0	1	0.328	0.929
5	Nc1nn2c(O)c(Cc3ccccc3)c(C3CC3)nc2n1	1.0	1	0.58	0.937
6	Cc1cc(Oc2ccc(C(=O)NCCN3CCCC3)cc2)c(NS(=O)(=O)c2ccc(Cl)cc2)cc1	1.0	1	0.266	0.976
6	O=C(c1cnccc1)c1cc(Cl)ccc1NS(=O)(=O)c1ccc(OC(F)(F)F)cc1	1.0	0	0.194	0.973
6	O=C(c1ccncc1)c1cc(Cl)ccc1NS(=O)(=O)c1ccc(Br)cc1	1.0	1	0.204	0.981
6	CC(C)(C)c1ccc(S(=O)(=O)Nc2ccc(Cl)c3c2C(=O)N(Cc2cc[n+]([O-])cc2)C3=O)cc1	1.0	0	0.129	0.921
6	O=C(c1cnccc1)c1cc(Cl)ccc1NS(=O)(=O)c1ccc(C(=O)O)cc1	1.0	0	0.187	0.981
6	COc1nc2c(NS(=O)(=O)c3ccc(Cl)s3)c(OCc3ccccn3)ccc2n1	0.0	0	0.0	0.0
6	CC(=O)C1=C(O)C(=O)N(c2ccc(Cl)cc2)C1C1CCCCC1[O-]	1.0	1	0.453	0.628
6	O=C(O)c1ccccc1Cc1ccccc1S(=O)(=O)N1CCC(O)CC1c1ccccc1O	1.0	1	0.26	0.839
6	Cc1nc(C(=O)c2cc(Cl)ccc2NS(=O)(=O)c2ccc(-c3cnco3)cc2)ccc1	1.0	1	0.216	0.957
6	Cc1nn(Cc2ccc(C(F)(F)F)c(Cl)c2)c2c1S(=O)(=O)NC(Cc1cncnc1)C2=O	1.0	1	0.277	0.606
6	Cc1nnnn1Cc1ccc(Cl)cc1NS(=O)(=O)c1ccc(Cl)c(Cl)c1	1.0	1	0.338	0.962
6	O=C(O)c1c(F)c(Nc2cc(Cl)ccc2NS(=O)(=O)c2ccc(Cl)c(Cl)c2)ccc1	1.0	1	0.348	0.969
6	COc1c(O)cc2c1c(CCCCCCB1(Br)c3ccccc3c3c1cccc1c32)c1	0.0	0	0.0	0.0
6	Cc1cc(C(=O)c2cc(Cl)ccc2NS(=O)(=O)c2ccc(-c3cnco3)cc2)ccc1	1.0	0	0.199	0.968
6	O=C(O)c1c(Oc2cncc(C(F)(F)F)c2)cccc1C	1.0	0	0.103	0.971
6	CC(C)Oc1ccc(S(=O)(=O)NC(=O)Nc2ccc(Cl)cc2)cc1	1.0	0	0.072	0.987
6	Cc1nc(C(=O)c2cc(Cl)ccc2NS(=O)(=O)c2ccc(C(C)(C)C)cc2)ccc1	1.0	0	0.197	0.972
6	O=S(=O)(Nc1cc(Cl)c(Cl)cc1C[n+]1cc(Cl)c(Cl)cc1N	0.0	0	0.0	0.0
6	O=S(=O)(Nc1cc(Cl)ccc1Cn1ccnn1)c1ccccc1	1.0	1	0.317	0.973
6	COCc1nc(Br)c(C#N)c(N)n1	1.0	0	0.067	0.892
6	Cc1nn(Cc2ccc(C(F)(F)F)cc2NS(=O)(=O)c2ccc(Cl)cc2)c(C)c1	1.0	1	0.333	0.969
6	Nc1nn2c(O)c(Cc3ccccc3Cl)c(C3CC3)nc2n1	1.0	1	0.673	0.921
6	COCCn1nc(OC)c2c1ncnc2NS(=O)(=O)c1cccc(Cl)c1Cl	1.0	1	0.228	0.931
6	COc1c(-c2cc(Cl)ccc2NS(=O)(=O)c2ccc(C(C)(C)C)cc2)nccn1	1.0	1	0.293	0.963
6	Cn1nnc(C23CC4C(c(=O)c5ccccc54)NC(Cc2ccccc2)N3)c1	0.0	0	0.0	0.0
6	CC(C)(c1ccc(S(=O)(=O)Nc2ccc(Cl)cc2C(=O)c2ccncc2)cc1)c1	0.0	0	0.0	0.0
6	COc1nc(F)cnc1NS(=O)(=O)c1cccc(Cl)c1Cl	1.0	0	0.144	0.948
6	Nc1nn2c(-c3cncc(C(F)(F)F)c3)ccc-2cc1N1CCCCC1	1.0	0	0.14	0.909
6	O=C(c1ccncc1)c1cc(Cl)ccc1NS(=O)(=O)c1ccc(Br)cc1	1.0	1	0.204	0.981
6	O=S(=O)(Nc1cc(Cl)ccc1Cn1ccnn1)c1ccc(Cl)cc1	1.0	1	0.285	0.97
6	Cc1cc(Cc2c(NS(=O)(=O)c3ccc(Cl)cc3)cccc2)cnc1	1.0	1	0.212	0.981
6	CC(C)(C)c1ccc(S(=O)(=O)Nc2ccc(Cl)cc2C(=O)c2ccccn2)cc1	1.0	1	0.235	0.976
6	CCOC(=O)N1CCC(NS(=O)(=O)c2ccc(OC(=O)c3ccccc3)c3c2cccc3)CC1	1.0	0	0.144	0.971
6	Cc1ccc(S(=O)(=O)NC(=O)N2CCC(N3CCC(Oc4ccc(F)cc4F)CC3)CC2)cc1	1.0	0	0.096	0.956
6	COc1c(NS(=O)(=O)c2ccc(Cl)c(C(F)(F)F)c2)cccc1	1.0	0	0.112	0.985
6	CC(=O)C1=C(O)C(=O)N(c2ccc(C)cc2)C1C1CCCCCCC1	1.0	1	0.308	0.928
6	CC(C)CN1CCC(NS(=O)(=O)c2ccc(NC(=O)c3cccc(C(F)(F)F)c3)c3c2cccc3)CC1	1.0	0	0.005	0.96
6	CC(=O)c1ccc(C(=O)c2cc(Cl)ccc2NS(=O)(=O)c2ccc(C(C)(C)C)cc2)cc1	1.0	1	0.221	0.978
6	CC(=O)CCOC(=O)C1=C(O)C(CCc2ccc(Cl)cc2)(C2CCCCCCCC)CCCCNCCCCCCCCCCC2C1	1.0	0	0.005	0.078
6	COc1cccc2c1c(NS(=O)(=O)c1ccc(Cl)s1)nn2Cc1cccc(C[N+](C)=O)c1	1.0	0	0.196	0.9
6	O=S(=O)(Nc1ncc(Cl)nc1COCc1ccccc1)c1ccccc1	1.0	0	0.177	0.969
6	O=C(O)c1cc(OCC(=O)c2cc(Cl)ccc2NS(=O)(=O)c2cc(Cl)c(Cl)cc2)ccc1	1.0	0	0.165	0.974
6	CC(=O)c1ccc(S(=O)(=O)Nc2ccc(Br)cc2C(=O)c2ccncc2)cc1	1.0	0	0.191	0.978
6	Cc1cc(Oc2ccc(Cl)cc2NS(=O)(=O)c2cc(C(C)(C)C)c(O)c(C(C)(C)C)c2)ccc1	1.0	1	0.383	0.958
6	N#Cc1c(SCC(=O)Nc2cccc3ccccc23)nc2ncccc2c1	1.0	0	0.166	0.969
6	O=C(C1=C(O)C(=O)N(c2ccc(Br)cc2F)C1c1cc(Br)ccc1)S	1.0	1	0.423	0.866
6	Cn1nncc1C(=O)c1cc(Cl)ccc1OCCO	1.0	0	0.146	0.951
6	O=S(=O)(Nc1cc(Cl)c(Cl)cc1Cn1ccnn1)c1ccc(Cl)s1	1.0	1	0.39	0.931
6	COc1c2c(NS(=O)(=O)c3cccc(Cl)c3)nn(Cc3ccccc3)c2ccc1	1.0	0	0.175	0.975
6	CC(C)C(=O)C1=C(O)C(=O)N(c2cc(Cl)ccc2)C1c1ccccc1-c1ccccc1	1.0	1	0.415	0.931
6	CCOC(=O)N1CCC(NS(=O)(=O)c2ccc3cccc(NC(=O)c4ccccc4)c3c2)CC1	1.0	0	0.127	0.974
6	Cc1ncc(C(=O)c2cc(Cl)ccc2OCc2ccccc2)cc1	1.0	1	0.267	0.987
6	O=C(c1cc[n+]([O-])cc1)c1cc(Cl)ccc1NS(=O)(=O)c1cc(F)c(Cl)cc1	1.0	1	0.207	0.954
6	CN(C)c1nc(Nc2ccc(S(C)(=O)=O)cc2)cc(NC(=O)C2CC2c2ccccc2)c1	1.0	0	0.153	0.849
6	COc1c(NS(=O)(=O)c2ccc(Cl)c(C(F)(F)F)c2)ccc(C(=O)O)c1	1.0	0	0.15	0.979
6	O=C(c1cnc(Cl)cc1)c1cc(Cl)c(Nc2nc(Cl)nc(Cl)c2Cl)cc1	1.0	0	0.13	0.948
6	Cc1nn2c(O)c(CC(=O)c3ccccc3)nc2cc1	1.0	0	0.121	0.958
6	CCNc1c(-c2cc(Cl)ccc2NS(=O)(=O)c2ccc(C(C)(C)C)cc2)nccn1	1.0	1	0.348	0.958
6	COc1ccc(C2C(C(C)=O)=C(O)C(=O)N2c2ncc(C#N)cc2)cc1	1.0	1	0.401	0.923
6	CC(=O)C1=C(O)C(=O)N(c2cc(Cl)ccc2)C1C1CCCCC1O	1.0	1	0.418	0.754
6	O=C(Nc1cc(Oc2ncc(Cl)cc2NS(=O)(=O)c2ccc(Cl)c(Cl)c2)ccc1)	1.0	1	0.258	0.958
6	Cc1cc(C(=O)c2cc(Cl)ccc2NS(=O)(=O)c2ccc(S(C)(=O)=O)cc2)ccc1	1.0	1	0.207	0.98
6	CC(C)(c1ncco1)c1ccccc1S(=O)(=O)Nc1ccc(Cl)cc1Cl	1.0	1	0.316	0.94
6	O=C(c1ccncc1)c1cc(Cl)ccc1NS(=O)(=O)c1ccc(N2CCNCC2)cc1	1.0	0	0.172	0.969
6	CC1CCN(C(=O)C(CCn2cncn2)NS(=O)(=O)c2cc(Cl)c(N)c(Cl)c2)CC1	1.0	1	0.309	0.845
6	N#Cc1cccc(S(=O)(=O)N2CCC(NS(=O)(=O)c3ccc(NC(=O)c4ccccc4)cc3)CC2)cc1	0.0	0	0.0	0.0
6	Nc1nn2c(O)c(Cc3cccc(Cl)c3)c(-c3ccccc3)nc2n1	1.0	1	0.654	0.957
6	COc1nn(C2CCCC2)cc1-c1nc2c(NS(C)(=O)=O)cccc2[nH]1	1.0	0	0.139	0.916
6	CCCc1nc2nc(N)nn2c(O)c1Cc1cccc(Cl)c1	1.0	1	0.479	0.934
6	Cc1c(C(=O)c2cc(Cl)ccc2NS(=O)(=O)c2ccc(C(C)(C)C)cc2)ccc[n+]1[O-]	1.0	1	0.224	0.948
6	Cc1nc2nc(N)nn2c(O)c1Cc1cccc(Cl)c1	1.0	1	0.484	0.95
6	O=S(=O)(Nc1cc(Cl)c(Cl)cc1Cn1ccnn1)c1cccnc1	1.0	1	0.371	0.945
6	Cc1cc(NS(=O)(=O)c2cc(C(F)(F)F)c(Cl)cc2)cn1	0.0	0	0.0	0.0
6	CSC(=O)c1ccc(C(=O)c2ccccc2)c(S(=O)(=O)c2ccccc2)c1	1.0	1	0.258	0.972
6	Cc1ccc(NC(=O)c2cccc(C(=O)c3ccccc3)c2)cc1	1.0	0	0.113	0.993
6	CC(C)(C)c1ccc(S(=O)(=O)Nc2ccc(Cl)cc2C(=O)c2cnc(S(C)(=O)=O)cc2)cc1	1.0	1	0.211	0.961
6	N#Cc1cccn1CCC(NS(=O)(=O)c1cc(Cl)c(N)cc1)C(=O)O	1.0	0	0.191	0.86
6	CC(C)(C)c1ccc(S(=O)(=O)Nc2ccc(Cl)cc2C(=O)c2ccncn2)cc1	1.0	1	0.234	0.967
6	N#CSCCNC(=O)c1ccc(Oc2ccccc2)cc1	1.0	0	0.084	0.981
6	O=S(=O)(Nc1cc(Cl)ccc1Cn1ccnn1)c1ccc(Cl)cc1	1.0	1	0.285	0.97
6	CCCC(=O)N1CCC(NS(=O)(=O)c2ccc(NC(=O)c3c(F)cccc3)c3c2cccc3)CC1	1.0	0	0.15	0.968
6	COc1cccc2c1c(NS(=O)(=O)c1ccc(Cl)s1)nn2Cc1cccc(CO)c1	1.0	1	0.24	0.95
6	COc1cccc2c1c(NS(=O)(=O)c1ccc(Cl)s1)nn2Cc1cccc(CNC(=O)C(C)O)c1	1.0	1	0.258	0.854
6	CCCC(=O)C1=C(O)C(=O)N(c2ccc(C(C)C)cc2)C1C1CCCCC1	1.0	1	0.422	0.897
6	CC(=O)NC(C)c1ccc(COc2ccc(Cl)cc2Nc2ccc(Cl)cc2)cc1	1.0	1	0.255	0.961
6	N#Cc1cccn1CCC(NS(=O)(=O)c1cc(Cl)c(N)c(Cl)c1)(C(=O)O)CC	1.0	1	0.246	0.696
6	CCC(=O)C1=C(O)C(=O)N(c2ccc(C)cc2)C1C1CCCCCCC1	1.0	1	0.347	0.912
6	CC(=O)C1=C(O)C(=O)N(c2cc(C)c(C)cc2)C1C1CCCCC1	1.0	1	0.32	0.916
6	Nc1ccc(S(=O)(=O)NC(=O)NC2CCN(Cc3ccccc3)CC2)cc1Cl	1.0	0	0.125	0.976
6	Nc1nn2c(O)c(Cc3ccccc3Cl)c(-c3ccccc3)nc2n1	1.0	1	0.731	0.957
6	CN(C)C(=O)CC1CCC(NS(=O)(=O)c2ccc(Cl)cc2)CC1	1.0	0	0.121	0.977
6	CCCC(=O)N1CCC(NS(=O)(=O)c2ccc(NC(=O)c3ccccc3)c3c2cccc3)CC1	1.0	0	0.135	0.974
6	Cc1ncc(C(=O)c2cc(Cl)ccc2NS(=O)(=O)c2cc(F)c(Cl)cc2)cc1	1.0	1	0.22	0.973
6	O=S(=O)(Nc1cc(Cl)c(Cl)cc1Cn1ccnn1)c1cccc(Cl)c1	1.0	1	0.266	0.955
6	Oc1cc(CSc2ccc(Cl)cc2)nc2nncn12	1.0	0	0.154	0.929
6	CC(=O)C1=C(O)C(=O)N(c2cc(C)c(C)cc2)C1C1CCCCC1	1.0	1	0.32	0.916
6	CC(C)(C)c1ccc(S(=O)(=O)Nc2ccc(Cl)cc2-c2c(O)c(CO)ncn2)cc1	1.0	1	0.328	0.941
6	O=C(c1cnc(Cl)cc1)c1cc(Cl)ccc1NS(=O)(=O)c1ccc(OC(F)(F)F)cc1	1.0	1	0.208	0.967
6	O=C(NCCN1CCCCC1)c1ccc(Oc2ccc(Cl)cc2NS(=O)(=O)c2cc(Cl)c(Cl)cc2)cc1	1.0	0	0.005	0.97
6	CCc1ccc(S(=O)(=O)Nc2ccc(Br)cc2C(=O)c2ccncc2)cc1	1.0	0	0.196	0.98
7	O=S(=O)(Nc1cc(Cl)cnc1NS(=O)(=O)c1ccc(C(C)(C)C)cc1	0.0	0	0.0	0.0
7	CCC(CC)(NS(=O)(=O)c1ccc(Cl)cc1)c1ncco1	1.0	1	0.223	0.916
7	COc1ccc(S(=O)(=O)Nc2ccc(Cl)cc2C(=O)c2ccncc2)cc1	1.0	0	0.19	0.983
7	COc1cccc2c1c(NS(=O)(=O)c1ccc(Cl)s1)nn2Cc1cccc(C[N+](C)=O)c1	1.0	0	0.196	0.9
7	Nc1nn2c(O)c(Cc3cccc(C(F)(F)Cl)c3)c(C3CC3)nc2n1	1.0	1	0.647	0.853
7	COc1ccc(S(=O)(=O)Nc2ccc(Cl)cc2C(=O)Nc2ccccc2)cc1	1.0	0	0.17	0.989
7	O=S(=O)(Nc1ncc(Cl)nc1C(=O)c1ccccc1)c1ccc(C(F)(F)F)cc1	1.0	1	0.202	0.964
7	CC(=O)c1ccc(S(=O)(=O)Nc2ccc(Br)cc2C(=O)c2ccncc2)cc1	1.0	0	0.191	0.978
7	CC(C)Oc1cc(Br)ccc1NS(=O)(=O)c1ccc(Cl)cc1	1.0	0	0.16	0.984
7	Cc1nnc(-c2ccccc2)c(N)n1	1.0	0	0.103	0.978
7	Oc1cc(CSc2ccc(F)cc2)nc2nc(CCc3ccccc3)nn12	1.0	1	0.337	0.954
7	COc1nc2c(cc1NS(=O)(=O)c1c(Cl)c(Cl)ccc1)ncn2C	1.0	1	0.252	0.946
7	O=S(=O)(Nc1cc(Cl)ccc1Cnc1cccn1)cc1cccc(F)c1	0.0	0	0.0	0.0
7	O=S(=O)(Nc1cc(Cl)ccc1Cn1cccn1)c1ccc(Cl)c(Cl)c1	1.0	1	0.446	0.973
7	CC(C)c1nc2nc(N)nn2c(O)c1Cc1cc(Br)ccc1	1.0	1	0.44	0.921
7	O=S(=O)(NCCCN1CCC(O)(c2ccc(Cl)cc2)CC1)c1ccccc1	1.0	0	0.147	0.976
7	Cc1cccc(Nc2nc(Cl)nc(NS(=O)(=O)c3ccc(Cl)s3)n2)c1	1.0	0	0.159	0.961
7	COc1nc(Br)cnc1NS(=O)(=O)c1ccc(Cl)cc1Cl	1.0	0	0.14	0.956
7	CC(=O)C1=C(O)C(=O)N(c2cc(F)ccc2F)C1c1ccccc1	1.0	1	0.444	0.941
7	Cn1nnnc1Cc1ncc(Cl)cc1NS(=O)(=O)c1ccc(N2CCCC2)cc1	1.0	1	0.297	0.942
7	Cc1ccc(S(=O)(=O)Nc2cc(C)ccc2OC(F)(F)F)cc1	1.0	0	0.129	0.984
7	COc1c2c(NS(=O)(=O)c3ccc(Cl)cc3)nn(Cc3cccc(CNC(O)C(C)=CCCCCC4)c3)c2ccc1	0.0	0	0.0	0.0
7	CC(C)(C)c1ccc(S(=O)(=O)Nc2ccc(S(=O)(=O)Nc3ccccc3C(=O)O)cc2)cc1	1.0	0	0.126	0.979
7	CC(C)(C)c1ccc(S(=O)(=O)Nc2ccc(Cl)cc2-c2c(O)cncn2)cc1	1.0	1	0.296	0.958
7	Cc1cc(C(=O)c2cc(Cl)ccc2NS(=O)(=O)c2ccc(OC(C)C)cc2)ccc1	1.0	1	0.206	0.98
7	NS(=O)(=O)c1ccc(F)cc1F	1.0	0	0.036	0.986
7	O=C(Nc1ccc(S(=O)(=O)NCCN2CCCCC2)cc1)N1CCC(N2CCCCC2)CC1	1.0	0	0.111	0.968
7	COc1cc(-c2cc(Cl)ccc2NS(=O)(=O)c2ccc(OC(C)C)cc2)ccc1	1.0	1	0.283	0.982
7	COc1cc2c(cc1NS(=O)(=O)c1c(Cl)c(Cl)ccc1)nc(O)n2C	1.0	1	0.261	0.948
7	Cc1cccc2c1C(=O)c1ccccc1O2	1.0	0	0.06	0.987
7	CS(=O)(=O)c1ccc(S(=O)(=O)Nc2ccc(Cl)cc2C(=O)c2ccncc2)cc1	1.0	0	0.189	0.977
7	CCc1c(OC)ccc(N(Cc2ccc(C(=O)Nc3cccc(C)c3)cc2)c2ccccc2)c1	1.0	1	0.311	0.977
7	Cc1[n+]([O-])cc(C(=O)c2cc(Cl)ccc2NS(=O)(=O)c2ccc(C(C)(C)C)cc2)cc1	1.0	0	0.191	0.948
7	O=C(c1ccncc1)c1cc(Cl)ccc1NS(=O)(=O)c1ccc(NC(=O)c2ccccc2)cc1	1.0	0	0.172	0.979
7	COc1nc(Br)cnc1NS(=O)(=O)c1c(-c2ccc(Cl)cc2)cccc1	1.0	1	0.269	0.966
7	CC(=O)c1ccc(S(=O)(=O)Nc2ccc(Br)cc2C(=O)c2ccncc2)cc1	1.0	0	0.191	0.978
7	Cc1nc(N2CCN(C(=O)c3ccccc3)CC2)c(C#N)cc1C1	0.0	0	0.0	0.0
7	O=C(Cc1c(F)cccc1F)NN=C1CC(=O)C(=O)c2ccccc211	0.0	0	0.0	0.0
7	CC(C)(C)c1ccc(S(=O)(=O)Nc2ccc(Cl)c3c2C(=O)N(c2c(F)c(F)c(F)cc2)C3=O)cc1	1.0	0	0.139	0.935
7	O=C(c1cnccc1)c1cc(F)c(F)cc1NS(=O)(=O)c1ccc(C(C)(C)C)cc1	1.0	1	0.212	0.969
7	O=S(=O)(Nc1cc(Cl)cnc1Oc1cnccc1)c1cccc2c1nc2n1CNC1	1.0	0	0.183	0.878
7	COc1nc(Br)cnc1NS(=O)(=O)c1c(-)cccc1Cl	0.0	0	0.0	0.0
7	Cn1ncc2c1c(NS(=O)(=O)c1ccn(C)c(C(F)(F)F)c1)cnc21	0.0	0	0.0	0.0
7	COc1cccc2cc(C(=O)c3ccc(C)cc3)c(=O)oc12c	0.0	0	0.0	0.0
7	CC(=O)C1=C(O)C(=O)N(c2ccc(C)cc2)C1c1cc(Br)ccc1	1.0	1	0.447	0.948
7	O=S(=O)(NCCCN1CCC(O)(c2ccc(Cl)cc2)CC1)c1ccc(Cl)s1	1.0	0	0.088	0.957
7	C=CCOc1c(Cl)cc(Cl)cc1S(=O)(=O)Nc1cc(Cl)c(Cl)cc1C	1.0	1	0.245	0.959
7	CC(=O)C1=C(O)C(=O)N(c2cc(C)ccc2)C1C1CCCCC1	1.0	1	0.301	0.922
7	Cc1c(C(=O)c2cc(Cl)ccc2NS(=O)(=O)c2ccc(OC(C)C)cc2)ccc[n+]1[O-]	1.0	1	0.201	0.949
7	CC(=O)c1ccc(Cl)c(C#N)c1Cn1cc(Cl)ccc1	0.0	0	0.0	0.0
7	N#Cc1cccc(C(=O)c2cc(Cl)ccc2NS(=O)(=O)c2ccc(C(C)(C)C)cc2)c1	1.0	0	0.181	0.974
7	Cc1nn2c(O)c(Cc3cccc(Oc4cc(Cl)ccc4)c3)nc2n1O	1.0	1	0.22	0.898
7	CS(=O)(=O)c1cncc2c1CC(=O)N2C(=O)c1ccc(Cl)cc1	1.0	0	0.178	0.939
7	CC(C)(C)c1ccc(S(=O)(=O)Nc2ccc(Cl)cc2C(=O)c2cnc(S(C)(=O)=O)cc2)cc1	1.0	1	0.211	0.961
7	Cc1ccccc1NS(=O)(=O)c1ccc(-c2cc(C3CNC(=O)C3)ccc2)cc1	1.0	0	0.132	0.941
7	CC(C)c1nc2nc(N)nn2c(O)c1Cc1ccc(Cl)c(Cl)c1	1.0	1	0.501	0.923
7	CNCc1ccnc(SCCN(C)c2ccccc2)c1	1.0	0	0.104	0.966
7	O=C(O)c1cnc(N2C(=O)c3c(C2=O)c(NS(=O)(=O)c2ccc(Cl)cc23)ccc1Cl	0.0	0	0.0	0.0
7	COc1c2c(NS(=O)(=O)c3ccc(Cl)s3)nn(Cc3cccc(CNC(C)=O)c3)c2ccc1F	1.0	1	0.247	0.928
7	CC(C)(NCC(C1CCCCC1)N1CCC(N)CC1)C1CC1	1.0	1	0.214	0.804
7	CS(=O)(=O)c1ccc(S(=O)(=O)Nc2cc(Cl)ccc2C(=O)c2ccncc2)cc1	1.0	0	0.195	0.976
7	Cc1ncccc1NS(=O)(=O)c1cccc(C(F)(F)F)c1Cl	1.0	0	0.127	0.965
7	Cc1c(C(=O)Nc2ccc(S(=O)(=O)NC3CCN(C(=O)CCCN)CC3)c(C3CCCCC3)c2)ccc(C#N)c1	1.0	0	0.005	0.926
7	Cc1cnc(N2C(=O)c3c(C2=O)c(NS(=O)(=O)c2ccc(C(C)(C)C)cc2)ccc3Cl)cc1	1.0	0	0.164	0.946
7	O=C(c1ccncc1)c1cc(Cl)ccc1NS(=O)(=O)c1ccc(N2CCC2)cc1	1.0	0	0.179	0.978
7	O=S(=O)(NCCCN1CCC(O)(c2ccc(Cl)cc2)CC1)c1c(Cl)cccc1	1.0	0	0.087	0.97
7	CC(=O)C1=C(O)C(=O)N(c2ccc(Cl)cc2)C1C1CCCCC1	1.0	1	0.312	0.927
7	COc1nc(Br)cnc1NS(=O)(=O)c1c(Br)cc(Cl)cc1	1.0	0	0.138	0.948
7	CC(=O)C1=C(O)C(=O)N(c2cc(C)ccc2C)C1c1ccccc1	1.0	1	0.459	0.948
7	CC(=O)N1CCC(NS(=O)(=O)c2ccc(NC(=O)c3c(C)cccc3)c3c2cccc3)CC1	1.0	0	0.169	0.973
7	CCCc1ncc(C(=O)c2cc(Cl)ccc2NS(=O)(=O)c2ccc(C(C)(C)C)cc2)cc1	1.0	1	0.209	0.969
7	N#Cc1cccn1CCC(NS(=O)(=O)c1cccc(C(F)(F)F)c1)C(=O)N1CCCCC1	1.0	1	0.234	0.859
7	Cc1cccc(NS(=O)(=O)c2ccc(Cl)cc2)c1Oc1c(C(=O)O)cccc1	1.0	1	0.27	0.98
7	O=C(O)c1c(Oc2c(Cl)cccc2NS(=O)(=O)c2ccc(Cl)cc2)cccc1	1.0	1	0.364	0.98
7	CCOC(=O)N1CCC(NS(=O)(=O)c2ccc(C(=O)Nc3ccccc3C)c3ccccc23)CC1	1.0	0	0.148	0.97
7	CCOc1ccc(N2C(=O)C(O)=C(C(C)=O)C2c2cc(OC)ccc2OC)cc1	1.0	1	0.434	0.941
7	COc1nn(C)c2c1c(NS(=O)(=O)c1c(Cl)c(Cl)ccc1)cnc2	1.0	0	0.168	0.934
7	Cn1ncc2c1c1NC(=O)N2c1ccc(Cl)cc1Oc1ccccc1	0.0	0	0.0	0.0
7	N#Cc1ccccc1NS(=O)(=O)c1ccc(N2CCOCC2)cc1	1.0	0	0.073	0.982
7	COc1nc(CO)c(C)nc1NS(=O)(=O)c1cccc(Cl)c1Cl	1.0	0	0.16	0.942
7	CC(C)c1nc2nc(N)nn2c(O)c1Cc1cccc(Cl)c1Cl	1.0	1	0.682	0.909
7	CCCC(=O)N(C)c1ccc(Cl)cc1NS(=O)(=O)c1ccc(Cl)c(Cl)c1	1.0	1	0.2	0.969
7	CC(=O)c1ccc(C(=O)c2cc(Cl)ccc2NS(=O)(=O)c2ccc(C(C)(C)C)cc2)cc1	1.0	1	0.221	0.978
7	CC(CCl)Oc1ccc(S(=O)(=O)N2CCC(NS(=O)(=O)c3ccc(NCCCN(C)C)cc3)C2)cc1	1.0	0	0.005	0.805
7	O=S(=O)(Nc1cc(Cl)ccc1Cn1ccnn1)c1cccc(Cl)c1	1.0	1	0.289	0.966
7	Cn1ncc2c1ncnc2NS(=O)(=O)c1c(Cl)c(Cl)ccc1	1.0	0	0.162	0.962
7	CC(=O)C1=C(O)C(=O)N(c2ccc(Cl)cc2)C1C1CCCCC1	1.0	1	0.312	0.927
7	Nc1nn2c(O)c(Cc3cccc(Cl)c3)c(Cl)nc2n1	1.0	1	0.471	0.934
7	O=S(=O)(NCCCc1ccccc1)c1ccccc1C(F)(F)F	1.0	0	0.103	0.986
7	COc1ncc(C(=O)c2cc(Cl)ccc2NS(=O)(=O)c2ccc(-c3cnco3)cc2)cc1	1.0	1	0.207	0.957
7	Cc1c(N2C(=O)c3c(C2=O)c(NS(=O)(=O)c2ccc(C(C)(C)C)cc2)ccc34)c(C)ccn1	0.0	0	0.0	0.0
7	CCCC(=O)N1CCC(NS(=O)(=O)c2ccc(NC(=O)c3nccnc3)c3c2cccc3)CC1	1.0	0	0.148	0.957
7	COc1ccc(N2C(=O)C(O)=C(C(C)=O)C2C2CCCCC2)cc1	1.0	1	0.303	0.931
7	CC(C)(C)c1ccc(S(=O)(=O)Nc2ccc(Cl)cc2C(=O)c2ccccc2)cc1	1.0	0	0.191	0.984
7	COc1nn(C2COC2)c2c1c(O)nc1ccccc12	1.0	1	0.299	0.907
7	COc1nn(C)c2c1c(NS(=O)(=O)c1cccc(Cl)c1Cl)nc(NCCN(C)C)n2	1.0	1	0.256	0.918
7	CC(=O)C1=C(O)C(=O)N(c2ccc(C)cc2)C1c1cccc2c1ccn2CCc1ncoc1	1.0	1	0.347	0.811
7	CC(C)(CO)c1ccc(S(=O)(=O)Nc2ccc(Cl)cc2C(=O)Nc2ccc(Cl)c(F)c2)cc1	1.0	0	0.177	0.967
7	Cc1ccc(S(=O)(=O)Nc2cc(Cl)ccc2Cn2ccnn2)cc1	1.0	1	0.282	0.971
7	Nc1nn2c(O)c(Cc3cccc(C(F)(F)F)c3)c(-c3ccccc3)nc2n1	1.0	1	0.448	0.948
8	CC(C)(C)c1ccc(S(=O)(=O)Nc2ccc(Cl)cc2C(=O)c2ccncn2)cc1	1.0	1	0.234	0.967
8	N#Cc1cccn1CCC(NS(=O)(=O)c1cccnc1)C(=O)O	1.0	1	0.22	0.871
8	CC1CCN(C(=O)C(CCn2cccc2C#N)NS(=O)(=O)c2cccc3c2[nH]c2ccccc23)CC1	1.0	0	0.005	0.801
8	O=C(c1cncn1Cc1ccc(Cl)cc1)c1cc(Cl)ccc1NS(=O)(=O)c1ccc([N+](=O)[O-])cc1	1.0	0	0.153	0.954
8	COc1ccc(-c2ccc(C(=O)NCC(=O)O)cc2)cc1	1.0	0	0.087	0.993
8	O=C(O)C(CS)CC(=O)c1ccc(Cl)cc1	1.0	0	0.106	0.949
8	CCc1nc(Br)cnc1NS(=O)(=O)c1ccc(Cl)s1	1.0	0	0.123	0.925
8	Cc1nccc(CNC(=O)c2cccc(CI)c2)c1	1.0	0	0.119	0.978
8	CC(=O)C1=C(O)C(=O)N(c2ccc(C)cc2)C1C1CCCCC1	1.0	1	0.328	0.929
8	COc1ccc(Cc2c(O)n3nc(N)nc3nc2C2CC2)cc1	1.0	1	0.562	0.936
8	O=S(=O)(Nc1cc(Cl)ccc1Cn1ccnn1)c1cccc(Cl)c1	1.0	1	0.289	0.966
8	COc1c(NS(=O)(=O)c2ccc(Cl)s2)cccc1C	1.0	1	0.218	0.975
8	COc1nc2c(nc(O)[nH]2)nc1NS(=O)(=O)c1c(Cl)c(Cl)ccc1N	1.0	0	0.161	0.839
8	COC(=O)CCc1ccc(S(=O)(=O)Nc2ccc(Cl)cc2C(=O)c2c(N)cccc2)cc1	1.0	1	0.223	0.975
8	c1cc(Oc2ccc(-c3ccccc3)nc2)cc1C2OCC	0.0	0	0.0	0.0
8	CC(C)c1nc2nc(N)nn2c(O)c1Cc1ccc(Cl)c(Cl)c1	1.0	1	0.501	0.923
8	CC(C)(C)c1ccc(S(=O)(=O)Nc2ccc(Cl)cc2C(=O)c2cnc(C#N)cn2)cc1	1.0	0	0.195	0.952
8	Cc1nn(Cc2ccc(F)cc2)c(C)c1C(=O)c1ccc(Cl)cc1	1.0	0	0.144	0.984
8	O=C(c1ccncc1)c1cc(Cl)ccc1NS(=O)(=O)c1cc2c(cc1)CCN(C)C2	1.0	0	0.186	0.965
8	CC(C)(C)c1ccc(S(=O)(=O)Nc2ccc(Cl)cc2C(=O)c2cccnc2)cc1	1.0	0	0.19	0.977
8	O=S(=O)(Nc1ncc(Cl)nc1OCc1cc(Cl)ccc1NC(=O)c1ccccc1)c1ccccc1	1.0	0	0.168	0.962
8	N#CSCCOCCOc1c(O)cc(Br)cc1F	1.0	0	0.114	0.887
8	Cc1ccc(N2C(=O)C(O)=C(C(=O)C3CC3)C2C2CCCCC2)cc1	1.0	1	0.464	0.914
8	CC(=O)NCc1cc(Cn2nc(NS(=O)(=O)c3ccc(Cl)s3)c3c(C(C)=O)cccc32)ccc1	1.0	1	0.244	0.934
8	Cc1ccc(S(=O)(=O)NCCCN2CCC(O)(c3ccc(Cl)cc3)CC2)cc1	1.0	0	0.089	0.974
8	CC(=O)C1=C(O)C(=O)N(c2cc(F)c(C)cc2)C1C1CCCCC1	1.0	1	0.33	0.908
8	O=C(O)c1ccc(S(=O)(=O)Nc2ccc(Cl)cc2C(=O)c2c(Cl)cccc2)cc1	1.0	1	0.211	0.983
8	O=C(O)c1c(Oc2cnccc2NS(=O)(=O)c2ccc(Cl)c(Cl)c2)cccc1	1.0	1	0.425	0.972
8	CC(C)c1nc2nc(N)nn2c(O)c1Cc1cc(Cl)cc(Cl)c1	1.0	1	0.474	0.908
8	Cc1ccc(S(=O)(=O)Nc2cc(Cl)ccc2Cn2ccnn2)cc1C	1.0	1	0.428	0.965
8	O=S(=O)(Nc1ncnc2n[nH]c(O)c2c1)c1ccccc1	0.0	0	0.0	0.0
8	O=S(=O)(Nc1cc(Cl)cnc1Oc1cccc[n+]1[O-])c1ccccc1S	1.0	0	0.194	0.882
8	CC(C)(c1ccc(S(=O)(=O)Nc2ccc(Cl)cc2C(=O)c2ccncc2)cc1)N1CCCCC1	1.0	0	0.173	0.952
8	CC(C)(C)c1ccc(S(=O)(=O)Nc2cc(Cl)ccc2C(=O)c2ccncc2)cc1	1.0	1	0.213	0.976
8	Nc1nn2c(O)c(Cc3cccc(C(F)(F)F)c3)c(-c3ccc(Cl)cc3)nc2n1	1.0	1	0.679	0.942
8	Cc1ccc(N2C(=O)C(O)=C(C(=O)C(C)(C)C)C2C2CCCCC2)cc1	1.0	1	0.455	0.901
8	COCCOc1nn(C)c2c1c(NS(=O)(=O)c1c(Cl)cccc1)c(C(=O)O)nn2	1.0	1	0.287	0.921
8	CC(=O)N(c1ccc(C(=O)Nc2ccc(Cl)cc2)c2ccccc12)C1	0.0	0	0.0	0.0
8	COC(=O)CCc1ccc(S(=O)(=O)Nc2ccc(Cl)cc2C(=O)c2c(N)cc(Br)cc2)cc1	1.0	1	0.23	0.968
8	CCCC(=O)N1CCC(NS(=O)(=O)c2ccc(NC(=O)c3ccccc3)c3c2cccc3)CC1	1.0	0	0.135	0.974
8	COc1c2c(NC(=O)NC3Cc4ccccc4C3)c(N3CCOCC3)ccc2cc1	0.0	0	0.0	0.0
8	O=S(=O)(Nc1cc(Cl)ccc1Cn1ccnn1)c1csc2c1cccc2	1.0	1	0.257	0.944
8	CC1CCN(C(=O)C(CCn2cccc2C#N)NS(=O)(=O)c2ccc3[nH]ccc3c2)CC1	1.0	1	0.217	0.817
8	COc1ccc(S(=O)(=O)Nc2ccc(Cl)cc2C(=O)c2ccncc2)cc1	1.0	0	0.19	0.983
8	O=C(O)c1ccc(C(F)(F)F)cc1NCc1ccc(F)cc1NS(=O)(=O)c1cccc(Cl)c1	1.0	1	0.26	0.964
8	CC(=O)C1=C(O)C(=O)N(c2ccccc2)C1C1CCCCC1	1.0	1	0.409	0.935
8	COC(=O)CCc1ccc(S(=O)(=O)Nc2ccc(Cl)cc2C(=O)c2ccnc(C)c2)cc1	1.0	0	0.187	0.97
8	CCCC(=O)N1CCC(NS(=O)(=O)c2ccc(NC(=O)c3ncccc3)c3c2cccc3)CC1	1.0	0	0.151	0.965
8	O=[N+]([O-])c1c(Br)c(O)c(-c2ccc(O)c(C(F)(F)F)c2)nc1	1.0	0	0.143	0.915
8	CC(=O)Oc1ccc(-c2nc(SCCCO)c(Cc3ccccc3)n2Cc2ccccc2)cc1	1.0	1	0.276	0.958
8	O=C(O)c1c(Oc2ncccc2Nc2c(Br)cccc2Cl)cccc1	1.0	1	0.276	0.973
8	N#Cc1c(Oc2cc(Cl)c(F)cc2NS(=O)(=O)c2ccc(Cl)cc2)cccc1	1.0	1	0.355	0.973
8	CC(=O)C1=C(O)C(=O)N(c2ccc(C)cc2)C1c1ccc(C)cc1	1.0	1	0.439	0.959
8	O=C(NCCN1CCCC1)c1ccc(Oc2ccc(Cl)cc2NS(=O)(=O)c2ccc(Cl)c(Cl)c2)cc1	1.0	0	0.005	0.971
8	O=C(NCCc1c(-c2ccc(F)cc2)[nH]c2ccc(Cl)cc12)NO	1.0	0	0.13	0.968
8	O=C(C1=C(O)C(=O)N(c2ccc(Br)cc2)C1c1ccccc1)c1ccccc1	1.0	1	0.38	0.958
8	Cc1ccccc1C(=O)Nc1ccc(S(=O)(=O)Nc2ccccc2C(=O)c2ccncc2)cc1	1.0	0	0.169	0.979
8	CCCCCCCc1nc2nc(N)nn2c(O)c1Cc1cccc(Cl)c1	1.0	1	0.609	0.937
8	CC(C)(C)c1ccc(S(=O)(=O)Nc2ccc(Cl)c3c2C(=O)N(c2c(F)c(F)ccc2)c2ccccc2)cc1	0.0	0	0.0	0.0
8	O=S(=O)(NCCCN1CCC(O)(c2ccc(Cl)cc2)CC1)c1cccc2ccccc12	1.0	0	0.111	0.968
8	CCNc1ccc(C(=O)c2cc(OC)c(OC)cc2NS(=O)(=O)c2ccn(CC3CC3)c2)cc1	1.0	1	0.208	0.938
8	COc1nc(C)cnc1NS(=O)(=O)c1cccc(Cl)c1Cl	1.0	0	0.147	0.964
8	CC(C)c1nc2nc(N)nn2c(O)c1Cc1cc(Cl)ccc1	1.0	1	0.61	0.929
8	CCCC(=O)N1CCC(NS(=O)(=O)c2ccc(NC(=O)C3CCOCC3)c3c2cccc3)CC1	1.0	0	0.151	0.958
8	CC(C)CN1CCc2nc(C3CCN(C(=O)Cc4ccc(F)cc4)C3)ccc2C1	1.0	0	0.141	0.895
8	O=C(c1ccncc1)c1cc(Cl)ccc1NS(=O)(=O)c1ccc(I)cc1	1.0	1	0.203	0.977
8	O=S(=O)(Nc1cc(Cl)c(Cl)cc1C(O)c1ccccc1)O	1.0	0	0.171	0.929
8	CCc1nc2nc(N)nn2c(O)c1Cc1cccc(Cl)c1	1.0	1	0.463	0.935
8	Oc1cc(CSc2ccc(Cl)cc2)nc2nc(Cc3ccccc3)nn12	1.0	0	0.116	0.957
8	COc1c(-c2cc(Cl)ccc2NS(=O)(=O)c2ccc(C(C)(C)C)cc2)nccc1	1.0	1	0.271	0.973
8	O=C(c1ccncn1)c1cc(Cl)ccc1NS(=O)(=O)c1ccc(-c2cnco2)cc1	1.0	0	0.159	0.949
8	O=C(O)c1cc(Oc2ncc(Cl)cc2NS(=O)(=O)c2ccc(Cl)cc2)ccc1	1.0	1	0.261	0.977
8	O=C(O)c1cccnc1Nc1ccc(Cl)cc1Nc1ccc(Cl)c(Cl)c1	1.0	1	0.243	0.977
8	Nc1nn2c(O)c(Cc3cccc(Cl)c3)c(C3CC3)nc2n1	1.0	1	0.591	0.922
8	COc1cc(Oc2ccc(CN3C(=O)c4ccccc4C3=O)cc2)ccc1	1.0	0	0.135	0.988
8	CC(=O)C1=C(O)C(=O)N(c2ccc(C)cc2)C1c1ccccc1F	1.0	1	0.369	0.953
8	COc1nc(CO)ccc1NC(=O)c1ccc(Cl)cc1NC	1.0	0	0.133	0.97
8	CCCCOc1nc(NS(=O)(=O)c2ccc(CC)cc2)ccc1O	1.0	0	0.131	0.97
8	CC(C)(C)c1ccc(S(=O)(=O)Nc2ccc(Cl)cc2C(=O)c2cnc(C(N)=O)c(O)n2)cc1	1.0	0	0.168	0.934
8	CC1CCN(C(=O)C(CCn2ccnc2Cl)NS(=O)(=O)c2cc(Cl)c(N)c(Cl)c2)CC1	1.0	1	0.241	0.816
8	O=C(O)C(Cc1cccc(Cl)c1Cl)c1ccccc1N1C(O)=C(Cc2ccc(Cl)cc2)=NC1=O	0.0	0	0.0	0.0
8	CCc1ccc(OS(=O)(=O)c2ccc(NCCN(C)C)cc2)cc1	1.0	0	0.127	0.982
8	CC(=O)C1=C(O)C(=O)N(c2ccc(C)cc2)C1c1ccc(C)cc1	1.0	1	0.439	0.959
8	CC(C)c1ccc(S(=O)(=O)Nc2ccc(Cl)cc2C(=O)c2ccccn2)cc1	1.0	1	0.231	0.978
8	Cc1cc(NS(=O)(=O)c2cccc(Cl)c2)ccc1O	1.0	0	0.121	0.987
8	CN(C)C(=O)C(C)(C)c1ccc(S(=O)(=O)Nc2ccc(Cl)cc2C(=O)c2ccncc2)cc1	1.0	0	0.193	0.954
8	O=S(=O)(Nc1cc(Cl)ccc1Cn1ccnn1)c1cccc(F)c1	1.0	1	0.303	0.965
8	CC(C)(C)COc1nc(Cl)ccc1C(=O)N1CCC(NS(=O)(=O)c2ccc(F)cc2)CC1	1.0	0	0.17	0.952
8	COc1c2c(c(O)c3c1C(=O)c1c(cc(C)cc1)CC3C2)C1C(=O)N(C)C1=O	1.0	0	0.005	0.278
8	CC(=O)c1ccc(S(=O)(=O)c2ccc(Cl)cc2)cc1	1.0	0	0.077	0.992
8	COc1c2c(NS(=O)(=O)c3ccc(Cl)s3)nn(Cc3cccc(CNC)n3)c2ccc1C	1.0	1	0.206	0.906
8	CC(C)(C)c1ccc(S(=O)(=O)Nc2ccc(Cl)cc2C(=O)c2n[nH]cc2)cc1	1.0	1	0.217	0.944
8	O=S(=O)(Nc1ncc(Cl)nc1OCCF)c1ccccc1	1.0	0	0.139	0.956
8	COc1nc(Br)cnc1NS(=O)(=O)c1c(-c2ccccc2)ccs1	1.0	1	0.305	0.941
8	Cc1c(C(=O)c2cc(Cl)ccc2NS(=O)(=O)c2ccc(OC(C)C)cc2)ccc[n+]1[O-]	1.0	1	0.201	0.949
8	O=S(=O)(Nc1cc(Cl)ccc1Cn1ccnn1)c1cccc(F)c1	1.0	1	0.303	0.965
8	CC(=O)C1=C(O)C(=O)N(c2cc(Cl)cc(C)c2)C1C1CCCCCCC1	1.0	1	0.325	0.892
8	N#Cc1cccn1Cc1c(-c2c(Cl)cccc2Cl)ncn1Cc1cc(Cl)ccc1	1.0	1	0.291	0.923
8	CS(=O)(=O)c1ccc(S(=O)(=O)Nc2cc(Cl)ccc2C(=O)c2ccncc2)cc1	1.0	0	0.195	0.976
8	O=S(=O)(Nc1cc(Cl)ccc1Cn1ccnn1)c1csc2c1C	0.0	0	0.0	0.0
9	CC(C)(C)c1ccc(S(=O)(=O)Nc2ccc(Cl)cc2C(=O)c2cc[n+]([O-])cc2)cc1	1.0	0	0.188	0.958
9	N#Cc1cccc(S(=O)(=O)N2CCC(NS(=O)(=O)c3ccc(NC(=O)CCc4ccccc4)cc3)CC2)c1	1.0	0	0.005	0.966
9	Cc1cc(C)c(S(=O)(=O)NC(=O)NC(C)(C)C)cc1C	1.0	0	0.102	0.972
9	CC(C)(C)c1ccc(S(=O)(=O)Nc2ccc(F)c(F)c2C(=O)c2ccncc2)cc1	1.0	1	0.203	0.965
9	O=S(=O)(NCCCN1CCC(O)(c2ccc(Cl)cc2)CC1)c1ccccc1-c1ccccc1	1.0	0	0.128	0.969
9	CC(C)(C)c1ccc(S(=O)(=O)Nc2cc(Cl)ccc2C(=O)c2ccncc2)cc1	1.0	1	0.213	0.976
9	C=CCc1c(O)c(NC)cc2nc(N)nc(O)c2S1=O)c1	0.0	0	0.0	0.0
9	CC(C)(C)c1ccc(S(=O)(=O)Nc2ccc(Cl)cc2-c2ccccn2)cc1	1.0	1	0.259	0.979
9	Nc1nn2c(O)c(Cc3ccccc3Br)c(C(C)(C)C)nc2n1	1.0	1	0.464	0.904
9	CC(C)(C)c1ccc(S(=O)(=O)Nc2ccc(F)cc2C(=O)c2ccncc2)cc1	1.0	0	0.196	0.976
9	CC(C)(C)c1ccc(S(=O)(=O)Nc2ccc(Cl)cc2C(=O)c2cnccn2)cc1	1.0	1	0.244	0.969
9	Cc1cc(C(=O)c2cc(Cl)ccc2NS(=O)(=O)c2ccc(OC(C)C)cc2)ccc1	1.0	1	0.206	0.98
9	CS(=O)(=O)c1ccc(S(=O)(=O)Nc2ccc(Cl)cc2C(=O)c2c[n+]([O-])c(Cl)cc2)cc1	1.0	1	0.208	0.936
9	O=C(Nc1ccc(-c2ccc(Cl)cc2)cc1)N1CCOCC1	1.0	0	0.073	0.99
9	CCCCCCCCc1nc2nc(N)nn2c(O)c1Cc1cc(Cl)c(Cl)cc1	1.0	1	0.599	0.931
9	CC(C)c1ccc(NC(=O)Nc2ccc(Cl)cc2)cc1	1.0	0	0.094	0.993
9	CC(C)(C)c1ccc(S(=O)(=O)Nc2ccc(F)cc2C(=O)c2ccncc2)cc1	1.0	0	0.196	0.976
9	COC(=O)CCc1ccc(S(=O)(=O)Nc2ccc(Cl)cc2C(=O)c2ccncc2)cc1	1.0	1	0.201	0.975
9	CC(C)(C)c1ccc(S(=O)(=O)Nc2ccc(S(=O)(=O)N3CCCC3)cc2)cc1	1.0	0	0.108	0.983
9	CC(C)c1nc2nc(N)nn2c(C)c1-c1ccc(Cl)cc1	1.0	0	0.163	0.947
9	O=C(O)c1ccc(Oc2cccc(Cl)c2C(=O)c2cnn(-c3ccc(Cl)cc3)c2)cc1	1.0	1	0.253	0.971
9	O=S(=O)(Nc1ccc(F)cn1)c1ccc(Cl)c(Cl)c1	1.0	0	0.153	0.982
9	CCNc1c(-c2cc(Cl)ccc2NS(=O)(=O)c2ccc(C(C)(C)C)cc2)nccn1	1.0	1	0.348	0.958
9	CC(C)(C)c1ccc(S(=O)(=O)Nc2cc(Cl)ccc2C(=O)c2ccncc2)cc1	1.0	1	0.213	0.976
9	CC(C)(C)c1ccc(S(=O)(=O)Nc2cccc3c2C(=O)N(Cc2cnccc2)C3CO)cc1	1.0	0	0.16	0.873
9	N#Cc1ccc(S(=O)(=O)Nc2ccc(Cl)cc2C(=O)c2ccncc2)cc1	1.0	0	0.196	0.977
9	O=S(=O)(Nc1c(F)cccc1F)c1cccc(F)c1Cl	1.0	0	0.143	0.976
9	Oc1cc(CSc2cccc(F)c2F)nc2nc(CCCCN3CCCC3)cn12	1.0	1	0.206	0.905
9	CC(C)(C)c1ccc(S(=O)(=O)Nc2ccc(Cl)cc2-c2c(CN)nc(N)nc2)cc1	1.0	1	0.336	0.95
9	O=S(=O)(Nc1cc(Cl)c(Cl)cc1Cn1ccnn1)c1cccc(F)c1	1.0	1	0.274	0.954
9	CCOC(=O)N1CCC(NS(=O)(=O)c2ccc(Cl)cc2)CC1	1.0	0	0.119	0.984
9	CCCCCc1ccc(C(=O)Nc2ccc(C(=O)NCCc3ccccc3)cc2)cc1	1.0	0	0.112	0.99
9	CC(C)(C)c1ccc(S(=O)(=O)Nc2ccc(Cl)cc2-c2c(O)c(C(N)=O)ccn2)cc1	1.0	1	0.334	0.955
9	COc1c2c(NS(=O)(=O)c3ccc(Cl)s3)nn(Cc3cccc(C(=O)O)c3)c2ccc1	1.0	1	0.25	0.953
9	COc1c2c(NS(=O)(=O)c3c(Cl)cccc3)n(C)c(CN3C(=O)c3ccccc3C2=O)cc1O	0.0	0	0.0	0.0
9	Cc1c(C(=O)c2cc(Cl)ccc2NS(=O)(=O)c2ccc(F)c(F)c2)cccc1	1.0	1	0.23	0.981
9	O=S(=O)(Nc1cc(Cl)ccc1Cn1ccnn1)c1ccc(Cl)c(Cl)c1	1.0	1	0.331	0.963
9	COc1nc(Cl)cnc1NS(=O)(=O)c1cccc(Cl)c1	1.0	0	0.132	0.967
9	O=S(=O)(Nc1cc(Cl)ccc1Cn1ccnn1)c1cccc(F)c1	1.0	1	0.303	0.965
9	Cc1ncccc1Nc1nccc(NC(=O)c2c(Cl)cccc2)n1	1.0	0	0.132	0.977
9	Cc1cc(C(=O)c2cc(Cl)ccc2NS(=O)(=O)c2ccc(OC(C)C)cc2)cc[n+]1[O-]	1.0	1	0.209	0.946
9	CC(C)(C)c1ccc(S(=O)(=O)Nc2ccc(Cl)cc2-c2c(CN)ncnc2N)cc1	1.0	1	0.264	0.946
9	N#CC1(c2ccc(Cl)cc2)CCN(CCCOc2ccccc2)CC1	1.0	0	0.108	0.975
9	CCCCCCCc1nc2nc(N)nn2c(O)c1Cc1cccc(Cl)c1	1.0	1	0.609	0.937
9	COc1c(S(=O)(=O)c2ccc(Cl)s2)cccc1	1.0	0	0.135	0.981
9	O=S(=O)(NCCCN1CCC(O)(c2ccc(Cl)cc2)CC1)c1ccc(OC(F)(F)F)cc1	1.0	0	0.096	0.96
9	CNS(=O)(=O)c1ccc(CNC(=O)c2ccc(Oc3ccccc3)cc2)cc1	1.0	0	0.079	0.988
9	CC(C)(C)c1ccc(S(=O)(=O)Nc2ccc(Cl)cc2C(=O)c2cnc(N3CCOCC3)cc2)cc1	1.0	0	0.182	0.962
9	O=C(c1cnncc1)c1cc(Cl)ccc1NS(=O)(=O)c1ccc(-c2cccc(F)c2)cc1	1.0	0	0.193	0.966
9	CC(C)c1nc2nc(N)nn2c(O)c1Cc1c(Cl)cccc1Cl	1.0	1	0.589	0.912
9	CCCC(=O)N1CCC(NS(=O)(=O)c2ccc(NC(=O)c3ccccc3)c3c2cccc3)CC1	1.0	0	0.135	0.974
9	COc1cc2c(cc1NS(=O)(=O)c1c(Cl)c(Cl)ccc1)nc(O)n2C(C)C	1.0	1	0.331	0.937
9	CCCC(=O)N1CCC(NS(=O)(=O)c2ccc(NC(=O)c3ccc(C)cc3)c3c2cccc3)CC1	1.0	0	0.142	0.971
9	O=C(Cn1c(=O)cnc2ccccc21)c1cccc(C(F)(F)F)c1	1.0	0	0.177	0.978
9	CC(C)c1nc2nc(N)nn2c(O)c1Cc1cc(Cl)cc(Cl)c1	1.0	1	0.474	0.908
9	CC(C)(C)c1ccc(S(=O)(=O)Nc2ccc(Cl)cc2C(=O)c2ncccn2)cc1	1.0	0	0.153	0.966
9	O=C(O)c1ccc(Oc2c(-c3cc(Cl)ccc3)nn3cc(Cl)ccc23)cc1	1.0	0	0.191	0.964
9	N#Cc1c(Oc2ccc(Cl)cc2NS(=O)(=O)c2ccc(Cl)cc2)cccc1	1.0	1	0.36	0.981
9	CCCC(=O)CCCCCCCC(=O)OCC	1.0	0	0.058	0.984
9	N#Cc1cccn1CCC(NS(=O)(=O)c1cc(Cl)c(N)c(Cl)c1)C(=O)N1CCC(C(F)(F)F)CC1	1.0	1	0.226	0.737
9	Cn1ncc2c1cc(Cl)c(C(=O)Nc1cc(Cl)ccc2)c1	1.0	0	0.127	0.074
9	CC(C)NS(=O)(=O)c1ccc(CNC(=O)c2ccccc2)cc1	1.0	0	0.067	0.991
9	O=C(O)c1cc(Oc2ncc(Cl)cc2NS(=O)(=O)c2ccc(Cl)c(Cl)c2)cnc1	1.0	1	0.333	0.958
9	O=S(=O)(Nc1cc(Cl)ccc1Cn1ccnn1)c1cccc(F)c1	1.0	1	0.303	0.965
9	CCC(=O)NC1c2ccc(Cl)cc2C1CCN(C)C	1.0	0	0.118	0.791
9	O=C(c1ccncc1)c1cc(Cl)ccc1NS(=O)(=O)c1ccc(OCCCN2CCCCC2)cc1	1.0	0	0.164	0.969
9	CC(C)(C)c1ccc(S(=O)(=O)Nc2ccc(Br)cc2C(=O)c2ccncc2)cc1	1.0	0	0.18	0.975
9	Cc1ncccc1Oc1ncc(C#N)cc1NS(=O)(=O)c1cccc(Cl)c1Cl	1.0	0	0.198	0.945
9	CC(C)(C)c1ccc(S(=O)(=O)Nc2ccc(Cl)cc2C(=O)c2c[n+]([O-])c(C(F)(F)F)nc2)cc1	1.0	0	0.192	0.897
9	CC(C)c1nc2nc(N)nn2c(O)c1Cc1cc(Cl)cc(Cl)c1	1.0	1	0.474	0.908
9	O=S(=O)(Nc1cc(Cl)ccc1Cn1ccnn1)c1ccc(Cl)c(Cl)c1	1.0	1	0.331	0.963
9	Cc1ccc(C(=O)c2cc(Cl)ccc2NS(=O)(=O)c2ccc(CCC(=O)N3CCCC3C(=O)O)cc2)cc1	1.0	0	0.005	0.923
9	CC(C)(C)c1ccc(S(=O)(=O)Nc2ccc(Cl)cc2-c2c(C3CC3)nc3nnnn23)cc1	0.0	0	0.0	0.0
9	CC(=O)NCc1cc(Cn2nc(NS(=O)(=O)c3ccc(Cl)s3)c3ccccc32)ccc1	1.0	1	0.205	0.958
9	Cc1c(C(=O)Nc2ccc(Cl)cc2C(=O)c2ccccc2)cccc1	1.0	1	0.246	0.991
9	CC(C)(C)c1ccc(S(=O)(=O)Nc2cc(Cl)ccc2C(=O)c2ccncc2)cc1	1.0	1	0.213	0.976
9	CC(=O)C1=C(O)C(=O)N(c2ccc(Cl)cc2)C1C1Cc2ccccc2C1OCc1ccccc1	1.0	1	0.389	0.745
9	O=C(c1ccncc1)c1cc(Cl)ccc1NS(=O)(=O)c1ccc(Cl)cc1	1.0	1	0.206	0.983
9	CC(C)(c1ccc(S(=O)(=O)Nc2cc(Cl)ccc2C(=O)c2ccncc2)cc1)c1cocn1	1.0	1	0.213	0.922
9	CCCCCCc1nc2nc(N)nn2c(O)c1[S+](=O)[O-]	1.0	1	0.275	0.497
9	CC(C)(C)c1ccc(S(=O)(=O)Nc2cc(Cl)ccc2C(=O)c2ccncc2)cc1	1.0	1	0.213	0.976
9	O=S(=O)(Nc1cc(Cl)c(Cl)cc1Cn1ccnn1)c1ccc(Cl)c(Cl)c1	1.0	1	0.316	0.951
9	CCCC(=O)N1CCC(NS(=O)(=O)c2ccc(NC(=O)c3ccccc3)c3c2cccc3)CC1	1.0	0	0.135	0.974
9	Cc1ccc(C(=O)c2cc(Cl)ccc2NS(=O)(=O)c2ccc(C)cc2)cc1	1.0	1	0.203	0.987
9	Nc1nn2c(O)c(Cc3cccc(I)c3)c(C3CC3)nc2n1	1.0	1	0.73	0.891
9	CC(=O)C1=C(O)C(=O)N(c2ccc(Oc3ccccc3C)cc2)C1C1CCCCC1	1.0	1	0.391	0.919
9	CC(C)(C)c1ccc(S(=O)(=O)Nc2ccc(Cl)cc2-c2c(CN)ccnc2)cc1	1.0	1	0.261	0.963
9	COC(=O)CCc1ccc(S(=O)(=O)Nc2ccc(Cl)cc2C(=O)c2ccncc2)cc1	1.0	1	0.201	0.975
9	Cc1c(Cl)cccc1Cc1c(C(=O)c2c(Cl)c(Cl)c(Cl)cc2)c(=O)c(O)ccc1	1.0	1	0.294	0.938
9	CC(C)c1nc2nc(N)nn2c(O)c1Cc1cc(Cl)cc(Cl)c1	1.0	1	0.474	0.908
9	CC(C)(C)c1ccc(S(=O)(=O)Nc2ccc(Cl)cc2-c2c(O)c(CO)ncn2)cc1	1.0	1	0.328	0.941
9	O=C(c1cnccc1)c1cc(Cl)ccc1NS(=O)(=O)c1ccc(F)cc1	1.0	1	0.208	0.982
9	O=C(c1ccncc1)c1cc(Cl)ccc1NS(=O)(=O)c1ccc(-c2ccccc2)cc1	1.0	0	0.152	0.981
9	COc1ccc(CCNS(=O)(=O)c2ccc(C3=NNC(=O)CC3)cc2)cc1	1.0	0	0.078	0.972
9	CC(C)(C)c1ccc(S(=O)(=O)Nc2ccc(Cl)cc2C(=O)c2cccnc2)cc1	1.0	0	0.19	0.977
9	Cc1c(C(=O)Nc2ccc(S(=O)(=O)N3CCCC3)cc2)cccc1	1.0	0	0.105	0.99
9	COCC(=O)N1CCC(NS(=O)(=O)c2ccc(NC(=O)c3ccccc3C)c3ccccc23)CC1	1.0	0	0.151	0.968
9	O=S(=O)(Nc1c(F)cccc1)c1ccc(Cl)cc1	1.0	0	0.065	0.993
9	COc1c(C)c(NS(=O)(=O)c2ccc(C(C)(C)C)cc2)c(S(=O)(=O)O)cc1Cl	1.0	1	0.228	0.954
9	CC(C)(c1ncco1)c1ccccc1S(=O)(=O)N1CCC(N2CCCCC2)CC1	1.0	1	0.271	0.923
10	Cc1nn2c(O)c(Cc3cccc(Cl)c3)c(C3CC3)nc2n1	1.0	1	0.546	0.93
10	O=S(=O)(Nc1c(F)cccc1F)c1cc(Cl)ccc1O	1.0	0	0.154	0.978
10	CC(C)(C)c1ccc(S(=O)(=O)Nc2ccc(Cl)cc2C(=O)c2ccnc(Cl)c2)cc1	1.0	1	0.202	0.971
10	CC(C)(C)c1ccc(S(=O)(=O)Nc2ccc(Cl)cc2-c2c(O)cccn2)cc1	1.0	1	0.279	0.97
10	CC(=O)C1=C(O)C(=O)N(c2cc(F)c(C)cc2)C1c1cc(Cl)ccc1	1.0	1	0.427	0.938
10	COc1c(C(=O)c2ccccc2)cncc1Cl	1.0	0	0.124	0.983
10	COc1ccc(S(=O)(=O)Nc2cc(Cl)ccc2C(=O)c2ccncc2)cc1	1.0	0	0.185	0.982
10	CC(C)(C)c1ccc(S(=O)(=O)Nc2ccc(F)c(C(=O)c3ccccn3)cc2)cc1	0.0	0	0.0	0.0
10	CCOC(=O)N1CCC(NS(=O)(=O)c2ccc(C(=O)NC3CCCc4ccccc34)cc2)CC1	1.0	0	0.103	0.927
10	O=S(=O)(NCCCN1CCC(O)(c2ccc(Cl)cc2)CC1)c1ccccc1	1.0	0	0.147	0.976
10	Oc1cc(CSc2cccc(F)c2F)nc2nc(CCc3ccccc3)nn12	1.0	1	0.274	0.935
10	Oc1cc(CSc2cc(Cl)ccc2)nc2nc(Cc3ccccc3)nn12	1.0	1	0.256	0.952
10	Oc1cc(CSc2cccc(F)c2F)nc2nc(CCc3ccccc3)nn12	1.0	1	0.274	0.935
10	Cc1c(C(=O)c2cc(Cl)ccc2NS(=O)(=O)c2ccc(C3(C)CCOCC3)cc2)cc(S(=O(O)O)c2ccc(O)cc2)c1	0.0	0	0.0	0.0
10	N#CSCCNC(=O)c1ccc[n+]([O-])c1	1.0	0	0.084	0.874
10	COc1ccc(CC(=O)Nc2ccc(S(=O)(=O)c3ccc(C)cc3)cc2)cc1	1.0	0	0.108	0.989
10	O=S(=O)(Nc1cc(Cl)ccc1Cn1ccnn1)c1ccc(Cl)c(Cl)c1	1.0	1	0.331	0.963
10	Cc1ccccc1S(=O)(=O)NCc1ccc(C#N)cc1	1.0	0	0.104	0.987
10	Oc1cc(CSc2cccc(F)c2F)nc2nn(CCCN3CCCCC3)cc12	1.0	1	0.219	0.91
10	CC(C)(C)c1ccc(S(=O)(=O)Nc2ccc(Cl)cc2C(=O)c2ccc(Cl)nc2)cc1	1.0	0	0.193	0.972
10	O=S(=O)(Nc1cc(Cl)cc(Cl)c1)c1cc(Cl)ccc1	1.0	0	0.104	0.987
10	Oc1cc(CSc2cccc(Cl)c2Cl)[nH]n1	1.0	0	0.133	0.888
10	N#CC1(c2ccc(Cl)cc2)CCN(CCCNS(=O)(=O)c2ccc(Cl)cc2)CC1	1.0	0	0.114	0.963
10	CC(C)c1nc2nc(N)nn2c(O)c1Cc1cc(Cl)cc(Cl)c1	1.0	1	0.474	0.908
10	Oc1cc(CSc2cccc(F)c2F)nc2nc(CCCCc3ccccc3)nc12	0.0	0	0.0	0.0
10	Cc1cccc(C(=O)c2cc(Cl)ccc2NS(=O)(=O)c2ccc(C(C)(C)c3cnco3)cc2)n1	1.0	0	0.194	0.916
10	N#Cc1cccnc1Nc1ccc(Cl)cc1	1.0	0	0.103	0.986
10	COC(=O)CCc1c(O)c(O)c(O)c2c1CC([N+](=O)[O-])Cc1cc(C(=O)Nc3ccccc3)c(C)cc21	1.0	0	0.005	0.724
10	Oc1cc(CSc2cccc(F)c2F)nc2nc(CCCCO)nc12	0.0	0	0.0	0.0
10	O=C(O)c1c(Oc2ccc(Cl)cc2NS(=O)(=O)c2ccc(Cl)c(Cl)c2)cccc1	1.0	1	0.368	0.98
10	Cc1cc(C(=O)c2cc(Cl)ccc2NS(=O)(=O)c2ccc(C(C)(C)C)cc2)ccc1	1.0	1	0.209	0.98
10	Oc1cc(CSc2ccccc2F)nc2nc(Cc3ccccc3)nn12	1.0	0	0.115	0.953
10	O=C(O)c1c(Oc2ccccc2NS(=O)(=O)c2ccc(Cl)cc2)cccc1	1.0	1	0.296	0.986
10	CC(C)(C)c1ccc(S(=O)(=O)Nc2ccc(Cl)cc2-c2c(CN)nc(N)nc2)cc1	1.0	1	0.336	0.95
10	Nc1nn2c(O)c(Cc3ccc(Cl)cc3)c(C3CC3)nc2n1	1.0	1	0.278	0.93
10	Oc1cc(CSc2cccc(F)c2F)nc2nc(CCc3ccccc3)nn12	1.0	1	0.274	0.935
10	CCCCCCc1nc2nc(N)nn2c(O)c1Cc1cc(Cl)c(Cl)cc1	1.0	1	0.567	0.931
10	COc1ccc(NC(=O)NCc2ccccc2F)cc1O	1.0	0	0.095	0.988
10	O=C(c1cnncc1)c1cc(Cl)ccc1NS(=O)(=O)c1ccc(Cl)cc1	1.0	0	0.195	0.971
10	O=C(NC1CCN(Cc2ccc3cc(F)ccc3c2)CC1)NS(=O)(=O)c1ccccc1	1.0	0	0.111	0.975
10	CC(=O)C1=C(O)C(=O)N(c2ccc(C)cc2)C1C1CCCCCCC1	1.0	1	0.308	0.928
10	O=S(=O)(Nc1cc(Cl)ccc1Cn1ccnn1)c1ccc(Cl)c(Cl)c1	1.0	1	0.331	0.963
10	CC(C)(C)c1ccc(S(=O)(=O)Nc2ccc(Cl)cc2-c2c(NCC(=O)O)nccn2)cc1	1.0	1	0.315	0.951
10	CC(C)(C)c1ccc(S(=O)(=O)Nc2ccc(Cl)cc2-c2c(N)ncnc2)cc1	1.0	1	0.267	0.965
10	CC(C)Oc1ccc(S(=O)(=O)Nc2ccc(Cl)cc2C(=O)c2ccncc2)cc1	1.0	0	0.191	0.977
10	Oc1cc(CSc2cccc(F)c2F)nc2nc(CCCC(F)(F)F)nn12	1.0	1	0.315	0.88
10	Cc1c(-c2ccccc2)cccc1NS(=O)(=O)c1ccc(C(C)(C)C)cc1	1.0	0	0.101	0.986
10	Cc1cc(Oc2ccc(F)cc2NS(=O)(=O)c2ccc(Cl)c(C(F)(F)F)c2)cc(C(F)(F)F)c1	1.0	1	0.407	0.956
10	Oc1cc(CSc2cccc(F)c2F)nc2nc(CCCCF)nn12	1.0	1	0.33	0.883
10	Cc1cc(C(=O)c2cc(Cl)ccc2NS(=O)(=O)c2ccc(NS(=O)(=O)c3cccc(C(C)(C)C)c3)cc2)ccc1	1.0	0	0.005	0.962
10	CC(=O)c1ccc(S(=O)(=O)Nc2ccc(Cl)cc2C(=O)c2c(C)nccc2C#N)cc1	1.0	1	0.209	0.957
10	CCOC(=O)N1CCC(NS(=O)(=O)c2ccc(OCc3ccccc3)c3c2cccc3)CC1	1.0	0	0.153	0.974
10	CCCCc1ncc(C=C(Cc2ccccc2)C(=O)CC=C2CC3CCC(C3)N2C)cn1	1.0	1	0.25	0.194
10	OS(=O)(=O)c1ccc(F)cc1Cl	1.0	0	0.029	0.984
10	Oc1cc(CSc2cccc(F)c2F)nc2nc(Cc3ccccc3)nn12	1.0	0	0.139	0.937
10	COc1ccc(C(C)(C)c2cc(Cl)ccc2C(=O)c2ccncc2)cc1	1.0	1	0.292	0.975
10	CC(=O)C1=S(O)(O)Nc2cc(F)ccc2C1=O	1.0	0	0.142	0.577
10	CC(C)(C)c1ccc(S(=O)(=O)Nc2ccc(Br)cc2C(=O)c2ccncc2)cc1	1.0	0	0.18	0.975
10	Oc1cc(CSc2cccc(F)c2F)nc2nc(CCc3ccccc3)nn12	1.0	1	0.274	0.935
10	Cc1cc(N2C(=O)c3c(C2=O)c(NS(=O)(=O)c2ccc(C(C)(C)C)cc2)ccc3Cl)c(C)nc1	1.0	0	0.139	0.933
10	Nc1nn2c(O)c(Cc3ccccc3)c(C3CC3)nc2n1	1.0	1	0.58	0.937
10	CC(C)c1nc2nc(N)nn2c(O)c1Cc1cc(Cl)c(Cl)cc1	1.0	1	0.501	0.923
10	CC(C)(c1ccc(S(=O)(=O)Nc2ccc(Cl)cc2C(=O)c2ccncc2)cc1)c1cccnc1	1.0	0	0.18	0.958
10	CC(=O)C1=C(O)C(=O)N(c2ccccc2)C1C1CCCCC1	1.0	1	0.409	0.935
10	CC(=O)C1=C(O)C(=O)N(c2ccc(C)cc2)C1c1ccccc1	1.0	1	0.408	0.963
10	CCCCCCCc1nc2nc(N)nn2c(O)c1Cc1cc(Cl)ccc1	1.0	1	0.609	0.937
10	Oc1cc(CSc2cccc(F)c2F)nc2c(C(Nc3ccc(Cl)cc3)c3ccccc3)nncc21	1.0	0	0.005	0.784
10	Cc1c(C(=O)Nc2ccc(S(=O)(=O)NC3CCN(C(=O)N(C)C)CC3)c3c2cccc3)cccc1	1.0	0	0.151	0.965
10	Cc1cc(Oc2ccc(Cl)cc2NS(=O)(=O)c2ccc(C(C)(C)C)cc2)ccc1	1.0	1	0.325	0.982
10	Oc1cc(CSc2ccccc2F)nc2nc(Cc3ccccc3)nn12	1.0	0	0.115	0.953
10	CC(C)(C)c1ccc(S(=O)(=O)Nc2cc(Cl)c(C(=O)Nc3cc(Cl)cc(Cl)c3)cc2)cc1	1.0	0	0.134	0.976
10	Cc1cc(CC(=O)c2ccc(Cl)cc2)cn2ccnc12	1.0	0	0.135	0.967
10	Oc1cc(CSc2ccccc2Cl)nc2nc(Cc3ccccc3)nn12	1.0	0	0.125	0.953
10	CCOC(=O)N1CCC(NS(=O)(=O)c2ccc(NC(=O)c3ccccc3)c3c2cccc3)CC1	1.0	0	0.138	0.974
10	Nc1nn2c(O)cc(CSC(=O)c3ccccc3)nc2n1	1.0	1	0.349	0.921
10	CC(C)(C)c1ccc(S(=O)(=O)Nc2ccc(S(=O)(=O)N3CCCC3)cc2)cc1	1.0	0	0.108	0.983
10	CC(C)c1nc2nc(N)nn2c(O)c1Cc1cc(Cl)cc(Cl)c1	1.0	1	0.474	0.908
10	CC(C)(C)c1ccc(S(=O)(=O)Nc2ccc(Cl)cc2-c2ccc(F)cc2)cc1	1.0	1	0.263	0.983
10	CCCCCCCc1nc2nc(N)nn2c(O)c1Cc1cc(Cl)c(Cl)cc1	1.0	1	0.603	0.931
10	Cc1cccc(C(=O)Nc2ccc(S(=O)(=O)Nc3ccccc3N3CCCCC3)cc2)c1	1.0	1	0.262	0.983
10	COc1nc(C(=O)c2ccc(Cl)cc2)cn2cc(Cl)cc12	1.0	0	0.13	0.952
10	O=S(=O)(Nc1cc(Cl)ccc1Cn1ccnn1)c1ccc(Cl)c(Cl)c1	1.0	1	0.331	0.963
10	CC1CCN(C(=O)C(Cc2ccccc2)c2ccccc2)CC1	1.0	1	0.295	0.97
10	Oc1cc(CSc2ccc(F)cc2F)nc2[nH]ncc12	1.0	0	0.163	0.926
10	CC(C)(C)c1ccc(S(=O)(=O)Nc2ccc(Cl)cc2-c2c(O)cncn2)cc1	1.0	1	0.296	0.958
10	CC(=O)C1=C(O)C(=O)N(c2cc(Cl)ccc2)C1C1CCCCC1	1.0	1	0.421	0.92
10	CC(C)NS(=O)(=O)c1ccc(CNC(=O)c2cccc3c2cnn3C2CCCCCC3CCCCCC32)cc1	1.0	0	0.005	0.702
10	N#Cc1cc2c(cc1)[nH]c(O)c1c(=O)n(Cc2ccc(F)cc2)c1-c1ccc(C(F)(F)F)cc1	0.0	0	0.0	0.0
10	CS(=O)(=O)c1ccc(S(=O)(=O)Nc2ccc(Cl)cc2C(=O)c2ccncc2)cc1	1.0	0	0.189	0.977
10	CCCC(=O)Nc1ccc(S(=O)(=O)c2ccc(Cl)cc2)cc1	1.0	0	0.085	0.99
10	Oc1cc(CSc2cccc(F)c2F)nc2nc(Cc3ccccc3)nn12	1.0	0	0.139	0.937
10	CC(C)(C)c1ccc(S(=O)(=O)Nc2ccc(Cl)cc2-c2c(NCCO)nccn2)cc1	1.0	1	0.336	0.954
10	Oc1cc(CSc2cccc(F)c2F)nc2nc(Cc3ccccc3)nn12	1.0	0	0.139	0.937
10	Cc1cc(C(=O)c2cc(Cl)ccc2NS(=O)(=O)c2ccc(Oc3cc(Cl)ccc3)cc2)ccn1	1.0	0	0.191	0.969
10	CC(C)(C)c1ccc(S(=O)(=O)Nc2cc(Cl)ccc2C(=O)c2ccncc2)cc1	1.0	1	0.213	0.976
10	O=C(NC(=O)c1cccnc1)c1ccc(Cl)cc1	1.0	0	0.064	0.991
10	CC(C)(C)c1ccc(S(=O)(=O)Nc2ccc(Cl)cc2C(=O)c2cc(S(C)(=O)=O)ncc2)cc1	1.0	1	0.233	0.957
10	CC(=O)Nc1ccc(NS(=O)(=O)c2ccc(Cl)s2)cc1	1.0	0	0.104	0.985
10	CC(=O)N1CC(C)(C(=O)Nc2c(F)cccc2)C1c1ccc(Br)cc1	1.0	0	0.186	0.84
10	N#Cc1cccn1CCc1ccc(Cl)cc1NS(=O)(=O)c1ccc(Cl)c(C(F)(F)F)c1	1.0	1	0.374	0.934
11	Cn1ncc2c1ccc[n+]2[O-]	1.0	0	0.036	0.842
11	Cc1ccc(C(=O)c2cc(Cl)ccc2NS(=O)(=O)c2ccc(NC(C)=O)c(C)c2)cc1	1.0	1	0.214	0.98
11	Cc1c(COc2ccc(F)cc2)cccc1C(=O)c1cc(Cl)ccc1	1.0	0	0.132	0.986
11	CC(=O)c1ccc(S(=O)(=O)Nc2ccc(Cl)cc2C(=O)c2ccncc2)cc1	1.0	0	0.194	0.98
11	COc1ccc(Cc2c(O)n3nc(N)nc3nc2C2CC2)cc1	1.0	1	0.562	0.936
11	COc1cc2c(Nc3ccc(NS(=O)(=O)c4ccc(Cl)cc4)c(Cl)c3)c(C)ccc2cc1O	1.0	0	0.173	0.965
11	CC(C)(C)c1ccc(S(=O)(=O)Nc2ccc(Cl)cc2-c2c(CN)ncn2)cc1	0.0	0	0.0	0.0
11	O=S(=O)(Nc1cc(Cl)ccc1Cn1ccnn1)c1ccccc1	1.0	1	0.317	0.973
11	Oc1cc(CSc2cccc(F)c2F)nc2nc(C3CCCC3)nn12	1.0	1	0.269	0.906
11	CCCCc1nc2nc(N)nn2c(O)c1Cc1cc(Cl)cc(N)c1	1.0	1	0.493	0.897
11	Cc1c(C(=O)Nc2ccc(S(=O)(=O)NCC3CCOCC3)cc2)cccn1	1.0	0	0.126	0.975
11	CC1CCN(C(=O)C(Cc2ccccc2)c2ccccc2)CC1	1.0	1	0.295	0.97
11	Cc1c(C(=O)Nc2ccc(S(=O)(=O)NC3CCN(C(=O)N(C)C)CC3)c3c2cccc3)cccc1	1.0	0	0.151	0.965
11	Cc1[n+]([O-])cc(C(=O)c2cc(Cl)ccc2Nc2ccc(Cl)cc2)cc1	1.0	1	0.277	0.962
11	Cc1[n+]([O-])cc(C(=O)c2cc(Cl)ccc2)c(O)c1	1.0	0	0.1	0.94
11	Oc1cc(CSc2ccccc2F)nc2ncccn12	0.0	0	0.0	0.0
11	Cn1ncc(C(=O)c2cccc3cccnc23)c1Occccc1	0.0	0	0.0	0.0
11	O=S(=O)(Nc1cc(Cl)ccc1Cn1cncn1)c1cccc(F)c1	1.0	1	0.264	0.972
11	CC(=O)NCc1ccc(C(=O)NS(=O)(=O)c2ccc(Cl)cc2)cc1	1.0	0	0.109	0.988
11	COc1c(-c2cc(Cl)ccc2NS(=O)(=O)c2ccc(C(C)(C)C)cc2)nccn1	1.0	1	0.293	0.963
11	O=S(=O)(Nc1ccc(F)cc1)c1cc(Cl)ccc1Cl	1.0	0	0.164	0.99
11	Cc1c(Cl)cccc1S(=O)(=O)Nc1cccc2c1ccn2C(=O)O	1.0	0	0.134	0.965
11	c1ccc(Cc2ccc(-c3nc4cc(Cc5ccccc5)ccc4c(O)c3)cc2)cc1	1.0	0	0.089	0.979
11	O=[N+]([O-])c1ccc(Oc2ccc(Cl)cc2NS(=O)(=O)c2ccc(NC3CCOC3)cc2)cc1	1.0	1	0.362	0.922
11	CC(=O)Nc1ccc(S(=O)(=O)Nc2ccc(Cl)cc2C(=O)c2ccncc2)cc1	1.0	0	0.188	0.979
11	Cc1cc(Oc2ccccc2NS(=O)(=O)c2ccc(C(C)(C)C)cc2)ncc1	1.0	1	0.367	0.977
11	Cn1nc(C(C)(C)C)cc1NS(=O)(=O)c1ccc(Cl)cc1Cl	1.0	0	0.143	0.965
11	N#Cc1ccc(Cn2cncc2Cc2cc(Cl)ccc2C(=O)c2ccncc2)cc1	1.0	1	0.272	0.952
11	CC(=O)C1=C(O)C(=O)N(c2ccc(F)cc2F)C1C1CCCCC1	1.0	0	0.156	0.902
11	O=C(O)c1c(Oc2ncc(Cl)cc2NS(=O)(=O)c2ccc(F)c(Cl)c2)cccc1	1.0	1	0.289	0.969
11	Cc1c(C(=O)c2cc(Cl)ccc2NS(=O)(=O)c2ccc(C(C)(C)C)cc2)nccn1	1.0	0	0.166	0.962
11	O=S(=O)(Nc1cc(Cl)ccc1Cn1ccnn1)c1ccc(Cl)c(Cl)c1	1.0	1	0.331	0.963
11	Cc1nn(Cc2ccc(F)cc2)c(C)c1C	1.0	0	0.075	0.988
11	O=S(=O)(Nc1cc(Cl)ccc1Cn1ccnn1)c1ccc(Br)cc1	1.0	1	0.267	0.967
11	Cn1nc2nc(N)nn2c(O)c1Br	0.0	0	0.0	0.0
11	Cc1ccc(N2C(=O)C(O)=C(C(=O)c3ccccc3)C2C2CCCCC2)cc1	1.0	1	0.377	0.933
11	CC(=O)c1ccc(S(=O)(=O)Nc2ccc(Cl)cc2C(=O)c2c(N)cccc2)cc1	1.0	1	0.219	0.98
11	COC(=O)CCc1ccc(S(=O)(=O)Nc2ccc(Cl)cc2C(=O)c2c(N)cccc2)cc1	1.0	1	0.223	0.975
11	Oc1cc(CSc2cccc(F)c2F)nc2nc(CCCCc3ccccc3)nn12	1.0	1	0.255	0.933
11	c1cc(S(=O)(=O)Nc2ccc(F)cc2)cnc1C	1.0	0	0.128	0.988
11	Oc1cc(CSc2cccc(F)c2F)nc2nc(Cc3ccccc3)nn12	1.0	0	0.139	0.937
11	Cc1c(C(=O)c2cc(Cl)ccc2NS(=O)(=O)c2ccc(C(C)(C)C)cc2)nccc1	1.0	0	0.179	0.971
11	O=C(c1ccncc1)c1cc(Cl)ccc1NS(=O)(=O)c1ccc(N2CCCCC2)cc1	1.0	0	0.185	0.975
11	O=S(=O)(Nc1cc(F)ccc1Cn1ccnn1)c1ccc(Cl)c(Cl)c1	1.0	1	0.305	0.962
11	CC(=O)C1=C(O)C(=O)N(c2cc(F)c(F)cc2F)C1c1cccc(C(F)(F)F)c1	1.0	1	0.418	0.889
11	Cc1cc(C(=O)c2cc(Cl)ccc2NS(=O)(=O)c2ccc(NCCC(N)=O)cc2)ccc[n+]1[O-]	0.0	0	0.0	0.0
11	CCc1ccc(S(=O)(=O)Nc2ccc(Cl)cc2C(=O)c2ccncc2)cc1	1.0	1	0.201	0.981
11	O=S(=O)(Nc1c(F)cccc1F)c1cc(Cl)ccc1Cl	1.0	0	0.171	0.983
11	COc1ccc(S(=O)(=O)Nc2ccc(Cl)cc2C(=O)c2cnccc2)cc1	1.0	0	0.199	0.983
11	Oc1cc(CSc2cccc(F)c2F)nc2nc(CCCCc3ccccc3)nc12	0.0	0	0.0	0.0
11	CN(C)c1ccc(S(=O)(=O)Nc2ccc(Cl)cc2C(=O)c2c[n+]([O-])c(C)cc2)cc1	1.0	1	0.209	0.948
11	O=C(c1ccccc1)c1cc(Cl)ccc1NS(=O)(=O)c1ccc(N2CCC2)cc1	1.0	0	0.194	0.984
11	CC(C)c1nc2nc(N)nn2c(O)c1Cc1cc(Cl)cc(Cl)c1	1.0	1	0.474	0.908
11	O=S(=O)(Nc1ccc(Cl)cc1)c1ccc(Cl)cc1	1.0	0	0.173	0.994
11	CC(C)(C)c1ccc(S(=O)(=O)Nc2ccc(Cl)cc2-c2c(N)ccnc2)cc1	1.0	1	0.235	0.967
11	CC(CC(=O)c1cc(Cl)ccc1Cl)O2N	0.0	0	0.0	0.0
11	CCCCCCc1nc2nc(N)nn2c(O)c1Cc1cccc(Cl)c1	1.0	1	0.556	0.937
11	Cc1ccccc1Cc1c(O)n2nc(N)nc2nc1C1CC1C	1.0	1	0.767	0.702
11	Oc1cc(CSc2cccc(F)c2F)nc2nc(C3CCCC3)nn12	1.0	1	0.269	0.906
11	CC(C)(C)c1ccc(S(=O)(=O)Nc2ccc(Cl)c3c2C(=O)N(c2ccncc2)C3=O)cc1	1.0	0	0.196	0.952
11	O=S(=O)(Nc1cc(Cl)ccc1Cn1cncn1)c1cccc(Cl)c1	1.0	1	0.222	0.972
11	Cc1nnnn1Cc1ccc(Cl)cc1NS(=O)(=O)c1ccc(Cl)c(Cl)c1c1cncc(Cl)c1	1.0	1	0.247	0.907
11	CC(C)c1nc2nc(N)nn2c(O)c1Cc1cc(Cl)ccc1	1.0	1	0.61	0.929
11	CCOC(=O)N1CCC(NS(=O)(=O)c2ccc(OCc3ccccc3)cc2)(CC)CC1	1.0	0	0.138	0.963
11	CC(=O)c1cccn1Cc1c(Cl)cccc1Cl	1.0	0	0.111	0.973
11	COc1nc(Br)cnc1NS(=O)(=O)c1cccc(Cl)c1	1.0	0	0.114	0.963
11	Oc1cc(CSc2cccc(F)c2F)nc2nc(Cc3ccccc3)nn12	1.0	0	0.139	0.937
11	Cc1nnnn1Cc1ccc(Cl)cc1NS(=O)(=O)c1cccc(Cl)c1	1.0	1	0.264	0.965
11	CC(C)(C)c1ccc(S(=O)(=O)Nc2ccc(Cl)cc2C(=O)c2ccnc(F)c2)cc1	1.0	0	0.197	0.969
11	O=S(=O)(Nc1cc(Cl)ccc1Cn1ccnn1)c1ccc(Cl)c	0.0	0	0.0	0.0
11	COc1c(NS(=O)(=O)c2ccc(-c3ccc(Cl)s3)c(F)c2)cccc1O	1.0	0	0.093	0.963
11	c1ccc(Nc2nc(NCCN3CCCC3)nc(N3CCCCC3)n2)cc1	1.0	0	0.153	0.974
11	COc1ncccc1NS(=O)(=O)c1cccc(C)c1Cl	1.0	0	0.131	0.976
11	Cc1ncc(C(=O)c2cc(Cl)ccc2NS(=O)(=O)c2ccc(CO)cc2)cc1	1.0	1	0.202	0.977
11	COc1nc(Br)cnc1NS(=O)(=O)c1cccc(Cl)c1Cl	1.0	0	0.139	0.95
11	CC(C)c1nc2nc(N)nn2c(O)c1Cc1cc(Br)c(Cl)c(Cl)c1	1.0	1	0.563	0.864
11	Cc1c(C(=O)c2cc(Cl)ccc2)c(Oc2ccc(Cl)cc2)ccc1O	1.0	1	0.23	0.979
11	Cc1c(C(=O)c2cc(Cl)ccc2NS(=O)(=O)c2ccc(NCCN)cc2)cccn1	1.0	0	0.199	0.968
11	CCCc1nn2c(O)c(Cc3ccccc3)c(C)n2c1Oc1ccccc1	0.0	0	0.0	0.0
11	Cc1ncc(C(=O)c2cc(Cl)ccc2NS(=O)(=O)c2ccc(C(C)(C)C)cc2)c(Cl)c1	1.0	1	0.217	0.965
11	Oc1cc(CSc2cccc(F)c2F)nc2ccc(Oc3ccccc3C(=O)O)cc1	0.0	0	0.0	0.0
11	Cc1cc(C(=O)c2cc(Cl)ccc2NS(=O)(=O)c2ccc(NC(=O)C(=O)Nc3ccccc3)cc2)ccn1	1.0	0	0.005	0.965
11	CCOC(=O)NCc1c(Cl)cccc1Cl	1.0	0	0.082	0.987
11	Cc1c(C(=O)Nc2ccc(S(=O)(=O)NC3CCN(C(=O)OCCCN(C)C)CC3)c3c2cccc3)cccc1	1.0	0	0.005	0.955
11	Oc1cc(CSc2cccc(F)c2F)nc2nccc(-c3ccccc3)c12	1.0	0	0.199	0.948
11	CCCC(=O)C1=C(O)C(=O)N(c2cc(Oc3ccc(C(C)(C)C)cc3)c3c(c2)C(=O)OC3)O1)C(C)C(=O)O	0.0	0	0.0	0.0
11	O=C(O)c1c(Oc2ccc(Cl)cc2NS(=O)(=O)c2ccc(Cl)cc2)cccc1	1.0	1	0.396	0.984
11	CC(C)(C)NC(=O)C(c1cccnc1)n1ccccn1	0.0	0	0.0	0.0
11	COc1ccc(NS(=O)(=O)c2ccc(N(C)C(=O)OC(C)(C)C)cc2)cc1	1.0	0	0.133	0.981
11	O=C(Nc1ccc(S(=O)(=O)Nc2ccccc2C(=O)c2ccccc2)cc1)c1ccccc1	1.0	0	0.159	0.987
11	Cc1ccccc1S(=O)(=O)Nc1ccc(C(=O)c2ccccc2)cc1	1.0	0	0.116	0.99
11	Oc1c(Cc2cccc(F)c2)c(Cl)ccc1Cc1cc(Cl)c(Cl)cc1	1.0	0	0.198	0.975
11	COc1c(NS(=O)(=O)c2ccc(Cl)s2)nc(C)n2c1CCC2	0.0	0	0.0	0.0
11	N#Cc1cccn1CCC(NS(=O)(=O)c1cnc(Cl)s1)c1ccc(Cl)cc1	1.0	1	0.266	0.808
11	O=S(=O)(Nc1c(F)cccc1F)c1ccccc1	1.0	0	0.152	0.99
11	Nc1nn2c(O)c(Cc3ccccn3)c(C3CC3)nc2n1	1.0	1	0.611	0.897
11	CCc1cc(Oc2cccc(C(=O)c3ccc(Cl)cc3)cc2)ccn1	0.0	0	0.0	0.0
11	CC(=O)C1=C(O)C(=O)N(c2ccc(F)cc2F)C1C1CCCCC1	1.0	0	0.156	0.902
11	CC1CCN(C(=O)C(CCn2cccc2C#N)NS(=O)(=O)c2cc(Cl)c(N)c(Cl)c2)CC1	1.0	1	0.257	0.801
11	O=C(O)c1c(Oc2nccnc2NS(=O)(=O)c2ccc(Cl)cc2)cccc1	1.0	1	0.223	0.974
12	O=C(c1cnccn1)c1cc(Cl)ccc1NS(=O)(=O)c1ccc(I)cc1	1.0	1	0.203	0.968
12	Cc1cc(Oc2ccc3c(c2)COc2cc(NS(=O)(=O)c4cccc(C(F)(F)F)c4)ccc2CC3)ccc1	1.0	0	0.005	0.95
12	Nc1nn2c(O)c(Cc3ccccc3)c(C3CC3)nc2n1	1.0	1	0.58	0.937
12	N#Cc1cc(S(=O)(=O)Nc2ccc(Cl)cc2C(=O)c2ncccn2)ccc1	1.0	0	0.167	0.962
12	O=S(=O)(Nc1ccc(F)cn1)c1ccc(Cl)cc1	1.0	0	0.12	0.987
12	CCCCCCCc1nc2nc(N)nn2c(O)c1Cc1ccc(Cl)cc1	1.0	1	0.588	0.943
12	CC(C)c1nc2nc(N)nn2c1OCc1cc(Cl)ccc1	0.0	0	0.0	0.0
12	O=S(=O)(Nc1cccc(C(F)(F)F)c1)N1CCCC1	1.0	0	0.093	0.98
12	COc1ccc(Cc2c(O)n3nc(N)nc3nc2C2CC2)cc1	1.0	1	0.562	0.936
12	CCCc1nc2nc(N)nn2c(O)c1Cc1cccc(Cl)c1	1.0	1	0.479	0.934
12	Cc1cc(C(=O)c2cc(Cl)ccc2NS(=O)(=O)c2ccc(NC(=O)c3ccc(N)cc3)cc2)cc[n+]1[O-]	1.0	0	0.005	0.945
12	Cc1ncc(C(=O)c2cc(Cl)ccc2NS(=O)(=O)c2ccc(C(C)(C)C)cn2)cc1C	1.0	1	0.239	0.946
12	Oc1cc(CSc2cccc(F)c2F)nc2nc(C3CCCCC3)nn12	1.0	0	0.126	0.909
12	CCNC(=O)C(=O)c1cc(Br)c(Br)[nH]1	1.0	0	0.053	0.893
12	N#CSCCNC(=O)Cc1ccc(F)cc1Cc1ccc(Cl)cc1	1.0	0	0.195	0.959
12	O=S(=O)(Nc1c(C(=O)c2ccccc2)cccc1)c1ccccc1	1.0	0	0.195	0.991
12	Cc1cc(C(=O)c2cc(Cl)ccc2NS(=O)(=O)c2ccc(C(C)(C)c3ncco3)cc2)cc[n+]1[O-]	1.0	0	0.194	0.869
12	O=C(NCCN1CCCCC1)c1ccc(Cl)cc1NS(=O)(=O)c1ccc(Cl)c(Cl)c1	1.0	1	0.221	0.977
12	CN(C)C(=O)CCc1ccc(S(=O)(=O)Nc2ccc(Cl)cc2C(=O)c2ccncc2)cc1	1.0	0	0.182	0.971
12	Cc1c(C(=O)c2cc(Cl)ccc2NS(=O)(=O)c2ccc(OC(C)(C)C)cc2)cccc1	1.0	1	0.209	0.977
12	Cc1c(C(=O)c2cc(Cl)ccc2NS(=O)(=O)c2ccc(C(C)(C)C)cc2)cccc1	1.0	1	0.213	0.98
12	COc1nn(C)c2c1c(NS(=O)(=O)c1cccc(Cl)c1Cl)ncn2	1.0	1	0.214	0.941
12	COc1nn(C(C)C)c2c1c(=O)cc(NS(=O)(=O)c1ccc(Cl)s1)n2Cc1cc(Cl)ccc1	1.0	1	0.268	0.873
12	CCCC(=O)N1CC(=O)N2C(CO)C(c3ccc(C#Cc4ccc(OC(F)(F)F)cc4)cc3)C2C1	1.0	0	0.137	0.65
12	CN(C)CCNc1c(-c2cc(Cl)ccc2NS(=O)(=O)c2ccc(OC(F)(F)F)cc2)c(F)cnc1	1.0	1	0.228	0.926
12	CC(C)(c1ccc(S(=O)(=O)c2ccccc2)cc1)c1cc(Cl)ccc1	1.0	0	0.086	0.984
12	CC(CC(=O)c1ccccc1)c1cc(O)ccc1	1.0	0	0.108	0.972
12	CCCCCc1ccc(C(=O)Nc2ncccn2)cc1	1.0	0	0.149	0.989
12	CC(C)(C)c1ccc(S(=O)(=O)Nc2ccc(Cl)cc2-c2c(O)cnc(NCCO)n2)cc1	1.0	1	0.325	0.942
12	Cc1ccc(S(=O)ON2C(=O)c3ccccc3C2=O)cc1Cl	1.0	0	0.156	0.863
12	CC(C)c1nc2nc(N)nn2c(O)c1Cc1cc(Cl)cc(Cl)c1	1.0	1	0.474	0.908
12	CC(C)C1(C2=CCS2)=NC(=O)CC1=O	0.0	0	0.0	0.0
12	O=S(=O)(Nc1c(F)cccc1F)c2ccccc2C1	0.0	0	0.0	0.0
12	CC(C)(C)c1ccc(S(=O)(=O)Nc2ccc(Cl)cc2C(=O)c2cnccc2)cc1	1.0	0	0.19	0.977
12	COc1ccc(CC(=O)Nc2ccc(C#N)cc2)cc1	1.0	0	0.121	0.992
12	CNS(=O)(=O)c1ccc(CNC(=O)c2ccccc2)cc1	1.0	0	0.089	0.992
12	O=C(O)c1ccc(Oc2cccc(Cl)c2)cc1[K+]	1.0	0	0.11	0.95
12	O=C(c1cnccc1)c1cc(Cl)ccc1NS(=O)(=O)c1ccc(C(F)(F)F)cc1	1.0	1	0.213	0.976
12	CCCCc1nn(-c2ccc(Cl)cc2)c2c1C(=O)c1c(C)cccc1C2=O	1.0	1	0.206	0.955
12	O=C(c1ccncc1)c1cc(Cl)ccc1NS(=O)(=O)c1cc(F)c(N2CCOCC2)cc1	1.0	0	0.182	0.966
12	O=C(NCCNCc1cc(Cl)ccc1N1CCOCC1)NO	1.0	0	0.166	0.963
12	O=S(=O)(Nc1cc(Cl)ccc1Cn1ccnn1)c1ccc(Cl)s1	1.0	1	0.356	0.947
12	Cc1ccccc1S(=O)(=O)Nc1cccc2c1ccnc2O	1.0	0	0.145	0.975
12	CCCCOc1nc2c(c(Nc3ccc(C#N)cc3)n1)CCNC2=O	1.0	1	0.332	0.936
12	CCCCc1nc2nc(N)nn2c(O)c1Cc1cc(Br)ccc1	1.0	1	0.428	0.928
12	CCc1ccc(OCC(=O)Nc2ccc(OC)cc2N2CCCC2)cc1	1.0	0	0.176	0.986
12	CCCC(=O)N1CCC(NS(=O)(=O)c2ccc(NC(=O)c3ccccc3)c3c2cccc3)CC1	1.0	0	0.135	0.974
12	N#Cc1ccc(Oc2ncc(Cl)cc2NS(=O)(=O)c2ccc(Cl)c(Cl)c2)cn1	1.0	1	0.359	0.95
12	CC(=O)Nc1ccc(S(=O)(=O)NCCc2csc(-c3cccnc3)n2)cc1	1.0	0	0.117	0.974
12	Oc1cc(CSc2cccs2)nc2nc(Cc3ccccc3)nn12	1.0	0	0.111	0.932
12	N#Cc1cc2c(cc1)[nH]c(O)c2=O	0.0	0	0.0	0.0
12	Cc1nc2nc(N)nn2c(O)c1Cc1cccc(Cl)c1	1.0	1	0.484	0.95
12	Oc1cc(CSc2cccc(F)c2F)nc2nc(CCc3ccccc3)nn12	1.0	1	0.274	0.935
12	CCC(CC)C(=O)c1ccc(N(C(=O)Cc2ccccc2)S(=O)(=O)c2ccc(C)cc2)cc1	1.0	1	0.295	0.968
12	Cc1ccc(OCC(=O)c2cc(C(=O)c3ccccc3)c3ccccc3c2)cc1	1.0	1	0.299	0.985
12	O=C(O)c1ccccc1Oc1ccc(C(F)(F)F)cc1NS(=O)(=O)c1ccc(Cl)c(Cl)c1	1.0	1	0.386	0.972
12	CSc1ccc(S(=O)(=O)Nc2ccc(Cl)cc2C(=O)c2ccncc2)cc1	1.0	0	0.195	0.976
12	CS(=O)(=O)Nc1cc(C(=O)CO)cnc1Cc1cccc(Cl)c1	1.0	0	0.196	0.957
12	N#Cc1cc(Oc2ccc(F)cc2NS(=O)(=O)c2ccc(Cl)cc2)ccc1	1.0	1	0.403	0.981
12	N#Cc1cccn1CCC(NS(=O)(=O)c1cc(Cl)ccc1)C(=O)N1CCCC1	1.0	1	0.217	0.884
12	Cc1cccc(NS(=O)(=O)c2ccc(CCC(=O)NO)cc2)c1	1.0	0	0.099	0.986
12	CC(=O)c1ccc(S(=O)(=O)Nc2ccc(Br)cc2C(=O)c2ccncc2)cc1	1.0	0	0.191	0.978
12	O=C(C1=C(O)C(=O)N(c2ccc(Cl)cc2)C1=O)c1ccccc1	1.0	0	0.113	0.974
12	CCCC(=O)C1=C(O)C(=O)N(c2ccccc2C)C1C1CCCCC1	1.0	1	0.448	0.9
12	CC(C)(C)c1ccc(S(=O)(=O)Nc2ccc(Cl)cc2-c2ncccn2)cc1	1.0	1	0.266	0.975
12	CC(C)(C)c1ccc(S(=O)(=O)Nc2ccc(Cl)cc2-c2c(O)c(C(N)=O)ccn2)cc1	1.0	1	0.334	0.955
12	COc1nc(C)cnc1NS(=O)(=O)c1cccc(Cl)c1Cl	1.0	0	0.147	0.964
12	Cc1ncc(C(=O)c2cc(Cl)ccc2NS(=O)(=O)c2ccc(C(C)(C)C)cc2)c(C)c1	1.0	1	0.229	0.968
12	Cc1ccc(S(=O)(=O)NCCCN2CCC(O)(c3ccc(Cl)cc3)CC2)cc1	1.0	0	0.089	0.974
12	CC(=O)NCCc1c(-c2ccc(Cl)cc2)nc(NS(=O)(=O)c2ccccc2)cc1	1.0	0	0.166	0.975
12	CC1CC(C)CN1C(=O)c1cc(Cl)ccc1NS(=O)(=O)c1ccc(N2CCOCC2)cc1	1.0	1	0.204	0.865
12	CC(=O)NCc1cc(Cn2nc(NS(=O)(=O)c3ccc(Cl)s3)c3c(F)cccc32)ccc1	1.0	1	0.255	0.943
12	Cc1ncc(C(=O)c2cc(Cl)ccc2NS(=O)(=O)c2ccc(C(C)(C)C)cc2)cc1	1.0	1	0.211	0.974
12	Nc1nn2c(O)c(Cc3cccc(I)c3)c(C3CC3)nc2n1	1.0	1	0.73	0.891
12	CCCC(=O)Nc1nc2n(n1)C(c1ccccc1)OC2C(1)CCCCCF	0.0	0	0.0	0.0
12	O=C(c1cnccc1)c1cc(Cl)ccc1NS(=O)(=O)c1cc(F)c(N)c(Br)c1	1.0	0	0.19	0.958
12	COC(=O)CCc1ccc(S(=O)(=O)Nc2ccc(Cl)cc2C(=O)c2ccncc2)cc1	1.0	1	0.201	0.975
12	CCOC(=O)c1cccn1Cc1cc(Br)ccc1Oc1ccc(I)cc1C(=O)NCCO	1.0	1	0.284	0.945
12	O=S(=O)(Nc1cc(Cl)ccc1Cn1ccnn1)c1cccc(F)c1	1.0	1	0.303	0.965
12	COc1c(Oc2ccc(Cl)cc2NS(=O)(=O)c2ccc(Cl)c(C(F)(F)F)c2)cccc1	1.0	1	0.438	0.975
12	O=C(O)c1cccc(Cl)c1Oc1cc(Cl)ccc1NS(=O)(=O)c1ccc(Cl)c(Cl)c1	1.0	1	0.484	0.969
12	Cc1cc(C(=O)c2cc(Cl)ccc2NS(=O)(=O)c2ccc(NC(=O)c3ccccc3)cc2)cccc1	0.0	0	0.0	0.0
12	N#Cc1cc(Cl)ccc1NS(=O)(=O)c1ccc(C(C)(C)O)c2oc12	1.0	1	0.28	0.911
12	Cc1ccc(N2C(=O)C(=O)c3ccccc32)cc1	1.0	0	0.102	0.989
12	Cc1c(C(=O)c2cc(Cl)ccc2NS(=O)(=O)c2ccc(C(C)(C)C)cc2)cccc1	1.0	1	0.213	0.98
12	Cc1ccc(C(=C(c2ccccc2)c2ccc(Cl)cc2Cl)c2ccc(OC)c(OC)c2)nc1	1.0	1	0.405	0.96
12	CC(C)=CCN1c2ccccc2C2Cc3cc(Cc4ccccc4)ccc3C21	1.0	0	0.163	0.824
12	CC(=O)C1=C(O)C(=O)N(c2cc(F)c(F)cc2F)C1C1CCCCC1O	1.0	1	0.476	0.657
12	COc1nccc2c1[nH]c(O)c2=O	0.0	0	0.0	0.0
12	Cc1ccccc1Cc1cccc(C(=O)Nc2ccc(Cl)cc2)c1N	1.0	0	0.122	0.985
12	CCCCC1CNC(=O)C(=O)N1Cc1ccc(Cl)c(C(F)(F)F)c1	1.0	0	0.151	0.874
12	CCCCCCCCC=CCCc1ccc(OCC(=O)CC)c(C(=O)c2cc(Cl)ccc2)c1	1.0	0	0.005	0.953
12	CC(=O)Nc1ccc(S(=O)(=O)NCC2OC(CO)C(O)C(O)C2O)cc1	1.0	0	0.166	0.754
12	O=C(O)CC(=O)c1cccc(C(=O)c2ccc(F)cc2)c1Cl	1.0	0	0.157	0.979
12	Cc1ccc(S(=O)(=O)NC(=O)N2CCC(N3CCC(Oc4ccc(Cl)cc4)CC3)CC2)cc1	1.0	0	0.094	0.964
12	CC(=O)Nc1ccc(S(=O)(=O)NCCc2ccc(Cl)cc2)cc1	1.0	0	0.121	0.99
12	Cc1nc(N2C(=O)c3ccccc3C2=O)ccc1C	1.0	0	0.148	0.981
12	CC(C)(C)c1ccc(S(=O)(=O)Nc2ccc(Cl)cc2-c2c(CN)cccn2)cc1	1.0	1	0.327	0.967
12	CCCCCc1ccc(C(=O)S)cc1NCCCN1C(=O)CCC1=O	1.0	0	0.104	0.95
12	Cc1ncc(C(=O)c2cc(Cl)ccc2NS(=O)(=O)c2ccc(C(C)(C)C)cc2)c(C#N)c1	1.0	0	0.195	0.953
13	Cc1cc(C(=O)CN2C(=O)c3ccccc3C2=O)ccc1N1CCCC1	1.0	0	0.143	0.982
13	O=C(O)c1c(Oc2cnccc2NS(=O)(=O)c2ccc(Cl)c(Cl)c2)cccc1	1.0	1	0.425	0.972
13	Nc1nn2c(O)c(Cc3cccc(F)c3)nc2-c2ccc(Cl)cc12	1.0	0	0.136	0.938
13	COc1ncc(CN2C(=O)c3c(C2=O)c(NS(=O)(=O)c2ccc(C(C)(C)C)cc2)ccc3Cl)cc1	1.0	0	0.144	0.945
13	COC(=O)Nc1ccc(NS(=O)(=O)c2ccc(Cl)s2)cc1	1.0	0	0.118	0.982
13	CCNc1c(-c2cc(Cl)ccc2NS(=O)(=O)c2ccc(C(C)(C)C)cc2)noc1O	1.0	1	0.284	0.936
13	CC(=O)Nc1c(C(=O)N2CCCN(C)C2)cccc1Cc1cc(Cl)ccc1	1.0	0	0.183	0.958
13	O=C(NO)c1ccc(Cl)cc1NS(=O)(=O)c1ccc(Cl)c(Cl)c1	1.0	0	0.177	0.979
13	CCCCCCCc1nc2nc(N)nn2c(O)c1Cc1cccc(Cl)c1	1.0	1	0.609	0.937
13	CCCC(=O)c1cc(NS(=O)(=O)c2ccc(Cl)s2)ccc1	1.0	0	0.114	0.979
13	Cc1nn(Cc2ccc(C(F)(F)F)cc2NS(=O)(=O)c2cc(Cl)c(Cl)cc2)cc1	1.0	1	0.358	0.959
13	Nc1nn2c(O)c(Cc3cccc(Cl)c3)nc2[nH]1	1.0	0	0.154	0.853
13	CC(C)(C)c1ccc(S(=O)(=O)Nc2ccc(Cl)cc2-c2ccccn2)cc1	1.0	1	0.259	0.979
13	Cc1ccc(S(=O)(=O)Nc2cccc3c2C(=O)N(Cc2cc(F)ccc2)C3=O)cc1	1.0	0	0.126	0.977
13	Cc1c(C(=O)Nc2ccc(S(=O)(=O)NC3CCN(C(=O)C(C)C)CC3)c3c2cccc3)cccc1	1.0	0	0.147	0.968
13	CC(C)c1nc2nc(N)nn2c(O)c1Cc1cccc(Cl)c1	1.0	1	0.61	0.929
13	Nc1nn2c(O)c(Cc3cccc(Cl)c3)nc2cc1	1.0	0	0.154	0.939
13	Cc1cccc(NS(=O)(=O)c2ccc(C(C)(C)c3ncc(Cl)cc3)cc2)n1	1.0	0	0.11	0.963
13	CCCCc1nc2nc(N)nn2c(O)c1Cc1cccc(Cl)c1	1.0	1	0.465	0.935
13	CCc1ccc(C(=O)c2cc(Cl)ccc2NS(=O)(=O)c2ccc(CC)cc2)cn1	1.0	0	0.192	0.975
13	Cn1nnnc1Cc1ncc(Cl)cc1NS(=O)(=O)c1ccc(Cl)c(Cl)c1	1.0	1	0.319	0.937
13	Nc1nn2c(O)c(Cc3cccc(Cl)c3)c(CC3CCCCC3)nc2n1	1.0	1	0.393	0.923
13	O=S(=O)(Nc1cc(Cl)cc(Cl)c1)c1ccccn1	1.0	0	0.136	0.979
13	O=C(c1cccnc1)c1cc(Cl)ccc1NS(=O)(=O)c1ccc(-c2ccccc2)cc1	1.0	0	0.188	0.981
13	COc1ccncc1CN(c1ccc(OC)c(OC)c1)S(C)(=O)c1ccc(Cl)cc1C	1.0	1	0.344	0.812
13	CCOC(=O)C1=C(O)C(=O)N(c2ccc(C)cc2)C1C1CCCCCCCCCCCCC1	1.0	1	0.307	0.82
13	CC(=O)OCC1(C)C(OC(C)=O)CCC2(OC(C(=O)Nc3ccccc3C)C3OC(C)(C)OC32)C1C(C)O	1.0	0	0.005	0.083
13	O=S(=O)(Nc1cc(Cl)ccc1Cn1cnnn1)c1ccc(Cl)c(Cl)c1	1.0	1	0.291	0.963
13	Cn1nncc1C(=O)c1cc(Cl)ccc1NS(=O)(=O)c1ccc(Cl)cc1Cl	1.0	1	0.306	0.949
13	N#Cc1cccn1CCC(NS(=O)(=O)c1cccc2c1cc[nH]2)C(=O)N1CCC(C(N)=O)CC1	1.0	1	0.202	0.799
13	CC(=O)Nc1ccc(NS(=O)(=O)c2ccc(Cl)c(C(F)(F)F)c2)cc1	1.0	0	0.148	0.983
13	CC(=O)C1=C(O)C(=O)N(c2cc(F)cc(F)c2)C1C1CCCCCC1	1.0	1	0.375	0.89
13	COc1c(NS(=O)(=O)c2ccc(Cl)s2)no[n+]1[O-]	1.0	0	0.121	0.817
13	Cc1nn(-c2ccc(C(=O)O)cc2)cc1N	1.0	0	0.072	0.976
13	Cn1ncc2cc(-c3cc(Cl)ccc3NS(=O)(=O)c3c(Cl)c(CN)ccc3)ccc2c1	0.0	0	0.0	0.0
13	O=C(O)c1cc(Oc2ncc(Cl)cc2NS(=O)(=O)c2ccc(Cl)c(Cl)c2)cnc1	1.0	1	0.333	0.958
13	COc1c2c(NS(=O)(=O)c3ccc(Cl)s3)nn(Cc3cccc(F)c3)c2ccc1	1.0	0	0.191	0.956
13	COC(=O)CCc1ccc(S(=O)(=O)Nc2ccc(Br)cc2)cc1	1.0	0	0.129	0.988
13	CC(C)(C)NCc1c(-c2ccccc2)c(=O)c1-c1ccccc1CCBr	0.0	0	0.0	0.0
13	Cc1ncccc1Oc1ncc(Cl)cc1NS(=O)(=O)c1ccc(Cl)c(Cl)c1	1.0	1	0.377	0.964
13	CC(=O)C1=C(O)C(=O)N(c2cc(F)ccc2F)C1C1CCCCCCO1	1.0	1	0.317	0.794
13	O=C(NCCc1c(-c2ccc(F)cc2)[nH]c2c1cc(Br)cc2)c1ccc(Cl)cc1	1.0	1	0.218	0.979
13	COc1c2c(NS(=O)(=O)c3ccc(Cl)s3)nn(Cc3cccc(CN(C)C(C)C(=O)O)c3)c2ccc1	1.0	0	0.005	0.841
13	CCCCc1nc2nc(N)nn2c(O)c1Cc1cccc(Cl)c1	1.0	1	0.465	0.935
13	CC(=O)c1ccc(Oc2ccccc2NS(=O)(=O)c2ccsc2)cc1	1.0	1	0.295	0.978
13	N#Cc1cc(NS(=O)(=O)c2ccc(Cl)cc2)c(Oc2ncccc2)cc1	1.0	1	0.259	0.976
13	O=C(c1ccncc1)c1cc(C(=O)c2ccc(F)cc2)ccc1	1.0	0	0.151	0.987
13	N#Cc1cccn1CCC(NS(=O)(=O)c1cccc2c1ccn2C(C(=O)O)C1CCC(n2ccc(N3CCC(N)C3)cc2)CC1)CO	0.0	0	0.0	0.0
13	O=C(O)c1ccccc1Oc1c(F)cccc1NS(=O)(=O)c1cc(Cl)c(N)c(Cl)c1	1.0	1	0.308	0.959
13	Cc1ccccc1C(=O)c1cc(Cl)ccc1Oc1cc(Cl)c(Cl)cc1	1.0	1	0.339	0.985
13	O=C(O)c1cnn2c1c1ccccc1c3cc(Cl)ccc3c21	0.0	0	0.0	0.0
13	COc1c(-c2c(O)n3nc(N)nc3cc2)cccc1	1.0	0	0.102	0.958
13	CCOC(=O)N1CCC(NS(=O)(=O)c2ccc(C(=O)Nc3ccccc3C)cc2)CC1	1.0	0	0.103	0.981
13	COC(=O)CCc1ccc(S(=O)(=O)Nc2ccc(Cl)cc2C(=O)c2ccncc2)cc1	1.0	1	0.201	0.975
13	CCC(CC)c1nnc(NC(=O)c2ccncc2)s1	1.0	0	0.103	0.969
13	CS(=O)(=O)c1ccc(S(=O)(=O)Nc2ccc(Cl)cc2C(=O)c2ccncn2)cc1	1.0	0	0.167	0.966
13	CCNc1nccn2c(-c3ccccc3)nnc12	1.0	0	0.182	0.973
13	N#Cc1ccc(S(=O)(=O)Nc2ccc(Cl)cc2C(=O)c2ccncc2)cc1	1.0	0	0.196	0.977
13	Cc1[n+]([O-])cc(C(=O)c2cc(Cl)ccc2Nc2ccc(Cl)c3c2C(O)CCN3)c1O	0.0	0	0.0	0.0
13	CN(C)C(=O)C(C#N)c1cccc(S(=O)(=O)c2ccc(Cl)cc2)c1	1.0	0	0.138	0.926
13	C=CCN(C(=O)Nc1ccc(F)cc1)c1ccc(Cl)c(C(F)(F)F)c1	1.0	0	0.125	0.969
13	CCc1nn(CC(=O)N2C(C)CCCC2C)c2ccccc12	1.0	0	0.171	0.873
13	O=C(NS(=O)(=O)c1cccc(Cl)c1)c1ccc(Cl)cc1	1.0	0	0.114	0.99
13	COc1c(-c2c(F)cc(N3CCOCC3)cc2)c(N)ccnc1	0.0	0	0.0	0.0
13	CCC(=O)N1CCC(NS(=O)(=O)c2ccc(NC(=O)c3ccc(F)cc3)c3c2cccc3)CC1	1.0	0	0.148	0.972
13	CNc1nc(-c2cc(Cl)ccc2NS(=O)(=O)c2ccc(C(C)(C)C)cc2)no1	1.0	1	0.355	0.957
13	O=C(NS(=O)(=O)c1cccc(Cl)c1)c1ccccc1C(=O)c1cccc(Cl)c1	1.0	1	0.206	0.982
13	CS(=O)(=O)c1ccc(S(=O)(=O)Nc2ccc(Cl)cc2C(=O)c2cc[n+]([O-])cc2)cc1	1.0	1	0.201	0.957
13	CC(C)c1nc2nc(N)nn2c(O)c1Cc1cccc(SC(F)(F)F)c1	1.0	1	0.614	0.875
13	O=C(NS(=O)(=O)c1ccc(Cl)c(C(F)(F)F)c1c1ccc(F)cc1	0.0	0	0.0	0.0
13	COc1cc2c(cc1N1CCN(C(=O)c3ccccc3)CC1C)OCCO2	1.0	1	0.211	0.934
13	CCCC(=O)N1CCC(NS(=O)(=O)c2ccc(NC(=O)c3ccc(F)cc3)c3c2cccc3)CC1	1.0	0	0.136	0.971
13	CCOC(=O)N1c2ccccc2NS(=O)(=O)c2ccc(CC)cc2OCCC2(C1)COC2	1.0	1	0.252	0.539
13	Oc1cc(CSc2cccc(F)c2F)nc2nc(C3CCCC3)nn12	1.0	1	0.269	0.906
13	CC(C)CNc1ncc2c(n1)c(Nc1ccc(Cl)cc1)c1ncccc1	0.0	0	0.0	0.0
13	CS(=O)(=O)c1ccc(S(=O)(=O)Nc2ccc(Cl)cc2C(=O)c2cc[n+]([O-])cc2)cc1	1.0	1	0.201	0.957
13	O=S(=O)(Nc1c(F)cccc1F)c1ccc(Cl)cc1	1.0	0	0.158	0.989
13	CCCC(=O)C1=C(O)C(=O)N(c2ccc(C)cc2)C1C1CCCCC1=O	1.0	1	0.455	0.811
13	CCCC(=O)N1CCC(NS(=O)(=O)c2ccc(NC(=O)c3ncccc3)c3c2cccc3)CC1	1.0	0	0.151	0.965
13	CCCC(=O)NCc1ccc(C(=O)NO)cc1	1.0	0	0.073	0.989
13	Nc1nn2c(O)c(Cc3ccc(Cl)cc3)c(C3CC3)nc2n1	1.0	1	0.278	0.93
13	CCCCCCc1nc2nc(N)nn2c(O)c1Cc1cccc(Br)c1	1.0	1	0.412	0.931
13	COc1ccc(S(=O)(=O)Nc2ccc(Cl)cc2C(=O)c2ccncc2)cc1	1.0	0	0.19	0.983
13	N#CSCCNC(=O)C1CCC(NS(=O)(=O)c2ccccc2)CC1	1.0	0	0.126	0.961
13	CC(=O)C1=C(O)C(=O)N(c2ccc(C)cc2)C1C1CCCCCCC1	1.0	1	0.308	0.928
13	O=S1(=O)NC(Nc2c(Br)cccc2)=Nc2c1cc(Cl)cc2O	1.0	0	0.09	0.858
13	CCCCCCSc1nc2nccnc2n1Cc1cccc(Cl)c1	1.0	1	0.22	0.962
13	CC1CCN(C(=O)C(CCn2cccc2C#N)NS(=O)(=O)c2cc(Cl)c(N)c(Cl)c2)CC1	1.0	1	0.257	0.801
13	C=CCN(C(=O)OCc1ccc(F)c(C)c1)c1ccc(Cl)cc1	1.0	0	0.138	0.973
13	CNc1nc(-c2cc(Cl)ccc2Nc2ncnn22)cc2nnnn2C)cc1	0.0	0	0.0	0.0
13	Cc1nc2nc(N)nn2c(O)c1Cc1cc(Cl)cc(Cl)c1	1.0	1	0.524	0.932
13	CC(=O)NCc1cc(Cn2nc(NS(=O)(=O)c3ccc(Cl)s3)c3ccccc32)ccc1	1.0	1	0.205	0.958
13	CC(COc1ccccc1)OC(=O)c1ccccc1	1.0	0	0.111	0.981
13	Cn1nnnc1CC(=O)c1ccc(Cl)c(Cl)c1Cl	1.0	0	0.198	0.945
13	O=C(NS(=O)(=O)c1ccccc1)c1cccc(C(F)(F)F)c1	1.0	0	0.111	0.988
13	O=S(=O)(Nc1ccc(Cl)cc1)c1cc(Cl)ccc1	1.0	0	0.119	0.992
13	Cc1c(C(=O)c2cc(Cl)ccc2NS(=O)(=O)c2ccc(N(C)C)cc2)cccn1	1.0	1	0.218	0.973
13	COc1c(Cl)ccc(C(=O)Nc2ccc(Cl)cc2)c1Oc1ccc(Cl)cc1	1.0	0	0.172	0.983
13	Oc1cc(CSc2cccc(OC(F)(F)F)c2)nc2nc(Cc3ccccc3)nn12	1.0	1	0.326	0.933
13	Cn1ncc2c1c1NS(=O)(=O)c3cc(Cl)ccc3c2O1	1.0	0	0.144	0.474
14	CC(=O)C1=C(O)C(=O)N(c2cc(F)c(C)cc2)C1C1CCCCC1	1.0	1	0.33	0.908
14	COc1c(Oc2ccc(Cl)cc2NS(=O)(=O)c2ccc(N(C)C)cc2)cccc1	1.0	1	0.409	0.982
14	COCCNS(=O)(=O)c1ccc(Cl)s1	1.0	0	0.071	0.975
14	CC(=O)c1cnn(-c2ccc(Cl)cc2)c1S(=O)(=O)N1CCC(O)CC1c1ccc(Cl)cc1	1.0	1	0.317	0.781
14	O=C(NC(=O)c1c(Cl)cccc1Cl)OC1CCC(C(=O)OCc2ccc(Cl)cc2)O1	1.0	0	0.128	0.805
14	O=C(NS(=O)(=O)c1cccc(Cl)c1)c1cc(Cl)ccc11	0.0	0	0.0	0.0
14	COc1nn(CC(=O)O)c2c1cc(S(=O)(=O)N1CCCOCC1)cc1c2c2cc(O)ccc21	0.0	0	0.0	0.0
14	O=C(O)c1ccc(Oc2ccc(Cl)cc2NS(=O)(=O)c2ccc(Cl)c(Cl)c2)cc1	1.0	1	0.3	0.982
14	O=C(O)c1cc(Oc2ncc(Cl)cc2NS(=O)(=O)c2cc(Cl)c(Cl)cc2)ccc1c1	0.0	0	0.0	0.0
14	O=C(Nc1ccc(S(=O)(=O)NC2CCNCC2)c2c1cccc2)c1ccc(Cl)cc1	1.0	0	0.142	0.975
14	COc1c(NS(=O)(=O)c2ccc(Cl)s2)ccc(C(N)=O)c1	1.0	0	0.15	0.979
14	O=S(=O)(Nc1cc(Cl)c(Cl)cc1Cn1ccnn1)c1cccc2c1ccn2Cc1ccccc1	1.0	1	0.255	0.938
14	COC(=O)CN=C(NS(=O)(=O)c1cccc(Cl)c1)c1cccc(Cl)c1	1.0	1	0.342	0.955
14	CC(=O)C1=C(O)C(=O)N(c2cc(F)c(C)cc2)C1c1ccc(Cl)cc1	1.0	1	0.35	0.944
14	COC(=O)Nc1ccc(NS(=O)(=O)c2ccc(Cl)c(Cl)c2)cc1	1.0	0	0.135	0.987
14	O=S(=O)(Nc1cc(Cl)c(Cl)cc1Cn1ccnn1)c1ccc(Cl)c(Cl)c1	1.0	1	0.316	0.951
14	COc1ccc(S(=O)(=O)Nc2cccc(F)c2)cc1	1.0	0	0.141	0.993
14	COc1cccc2c3c(cccc12)NNC3=O	0.0	0	0.0	0.0
14	CNc1ncnc2c1cc(NS(=O)(=O)c1ccc(Cl)cc1)n2Cc1ccc(C(F)(F)F)cc1	1.0	1	0.267	0.939
14	CC(=O)c1ccc(S(=O)(=O)C(C)(c2cccc(C(N)=O)c2)C(C)(C)c2cccc(C(F)(F)F)c2)cc1	1.0	0	0.005	0.844
14	CCc1ccc(N2C(=O)C(O)=C(C(C)=O)C2C2CCCCC2)cc1	1.0	0	0.144	0.925
14	N#Cc1cc(S(=O)(=O)Nc2cc(Cl)ccc2Cn2ccnn2)ccc1	1.0	1	0.359	0.957
14	CC(C)(C)c1ccc(S(=O)(=O)Nc2cc(Cl)ccc2C(=O)c2cnccc2)cc1	1.0	1	0.229	0.976
14	O=C(NNC(=O)c1cccnc1)c1ccc(Cl)cc1	1.0	0	0.073	0.991
14	CCCc1nc2nc(N)nn2c(O)c1Cc1cccc(Br)c1	1.0	1	0.514	0.927
14	COc1ccc(S(=O)(=O)Nc2ccc(Cl)cc2C(=O)c2ccncc2)cc1	1.0	0	0.19	0.983
14	CN(C)C(=O)CCc1ccc(S(=O)(=O)Nc2ccc(Cl)cc2C(=O)c2ccccn2)cc1	1.0	1	0.204	0.97
14	COc1c(NS(=O)(=O)c2ccc(Cl)s2)ccc(Cl)c1	1.0	0	0.134	0.981
14	O=S(=O)(Nc1cc(Cl)ccc1Cn1ccnn1)c1ccc(Cl)cc1	1.0	1	0.285	0.97
14	CC(C)(C)c1ccc(S(=O)(=O)Nc2ccc(Cl)cc2-c2c(NCCOC#N)cc(Cl)cc2)cc1	1.0	1	0.276	0.934
14	COC(=O)C1=C(O)C(=O)N(c2cc(C)ccc2)C1c1ccccc1	1.0	1	0.326	0.956
14	CCC(CC)C(=O)Nc1cc(Cl)ccc1Nc1ccc(Cl)cc2c(=O)[nH]c(=O)[nH]c12	0.0	0	0.0	0.0
14	Cn1ncc2c1ncnc2NS(=O)(=O)c1c(Cl)cccc1Cl	1.0	0	0.148	0.961
14	c1ccc(Nc2nnc(-c3ccncc3)c3c2cccc3)cc1	1.0	1	0.207	0.984
14	CC(=O)C1=C(O)C(=O)N(c2cc(F)ccc2)C1C1CCCCCC1	1.0	1	0.421	0.917
14	CCOC(=O)N1CCC(NS(=O)(=O)c2ccc(C)c(C)c2)CC1	1.0	0	0.116	0.981
14	COc1nc(Br)cnc1NS(=O)(=O)c1c(Cl)cc2ccoc2c1	1.0	0	0.178	0.914
14	CC(=O)N1CCC(NS(=O)(=O)c2ccc(NC(=O)c3cc(Cl)ncc3)c3c2ccn3)CC1	0.0	0	0.0	0.0
14	COC(=O)CCCCCCCCNS(=O)(=O)c1cccc(Cl)c1C	1.0	0	0.076	0.979
14	COc1cc(Oc2ccc(C(=O)NCCN3CCCCC3)cc2)ccc1	1.0	0	0.096	0.988
14	CC(C)(C)c1ccc(S(=O)(=O)Nc2ccc(Cl)cc2-c2c(CN)cccn2)cc1	1.0	1	0.327	0.967
14	COc1c2c(NS(=O)(=O)c3ccc(Cl)cc3)nn(Cc3ccccc3)c2ccc1	1.0	1	0.209	0.977
14	O=C(c1ccncc1)c1cc(Cl)ccc1NS(=O)(=O)c1cc(Br)c(Br)cc1	1.0	0	0.198	0.97
14	CCCCCc1nc2nc(N)nn2c(O)c1Cc1cccc(Br)c1	1.0	1	0.606	0.93
14	CNc1nn2c(NS(=O)(=O)c3ccc(Cl)s3)c3c(nc2c1)CCC3C2(C)C	0.0	0	0.0	0.0
14	CC(C)(C)c1ccc(S(=O)(=O)Nc2ccc(Cl)cc2-c2c(NCCO)ncc(N(C)C)n2)nc1	1.0	1	0.353	0.891
14	CC(=O)Nc1ccc(NS(=O)(=O)c2ccc(Cl)s2)cc1	1.0	0	0.104	0.985
14	CC(=O)Nc1ccc(S(=O)(=O)NCCCN2CCC(O)(c3ccc(Cl)cc3)CC2)cc1	1.0	0	0.087	0.969
14	CC(C)c1nc2nc(N)nn2c(O)c1Cc1cc(Br)cc(Cl)c1	1.0	1	0.443	0.89
14	CC(C)(C)c1ccc(S(=O)(=O)Nc2ccc(Cl)cc2C(=O)c2ccnc(C)c2)cc1	1.0	1	0.2	0.972
14	CC(C)(C)c1ccc(S(=O)(=O)Nc2ccc(Cl)cc2C(=O)c2ccnc(C#N)c2)cc1	1.0	1	0.2	0.962
14	Cc1nc(C(=O)c2cc(Cl)ccc2NS(=O)(=O)c2ccc(NS(C)(=O)=O)cc2)cc[n+]1[O-]	1.0	1	0.212	0.914
14	CCc1ncnc(-c2cc(Cl)ccc2NS(=O)(=O)c2ccc(C(C)(C)C)cc2)c1O	1.0	1	0.303	0.947
14	O=C(O)c1c(Oc2cccc(NC(=O)c3cccc(C(=O)c4ccccc4)c3)c2)cccc1	1.0	0	0.123	0.984
14	CC(C)Sc1ccc(S(=O)(=O)Nc2ccc(Cl)cc2C(=O)c2ccnc(N)c2)cc1	1.0	0	0.189	0.961
14	CCC(=O)Nc1ccc(C(=O)Nc2ccc(S(N)(=O)=O)cc2)cc1	1.0	0	0.103	0.99
14	Cc1c2c(=O)n(-c3ccc(F)cc3)nc2ccc1Br	0.0	0	0.0	0.0
14	O=C(c1ccncc1)c1cc(C(=O)c2ccc3ccccc3c2)ccc1	1.0	0	0.161	0.985
14	O=S(=O)(NCCCN1CCC(O)(c2ccc(Cl)cc2)CC1)c1ccccc1-c1cccc(O)c1	1.0	0	0.134	0.958
14	O=C(O)c1ccccc1Oc1c(Cl)cccc1Cl	1.0	0	0.115	0.988
14	CCOc1cc2c(C(=O)NCc3ccccn3)c(N)c(N)cc2cc1	1.0	0	0.177	0.965
14	CC(C)(C)COc1ccc(S(=O)(=O)N2CCN(c3ccc(Cl)cc3)CC2)cc1	1.0	0	0.172	0.981
14	O=C(c1ccncc1)c1cc(Cl)ccc1NS(=O)(=O)c1ccc(-c2cnco2)cc1	1.0	0	0.181	0.964
14	Cc1cc(C(=O)c2cc(Cl)ccc2NS(=O)(=O)c2ccc(OC(C)C)cc2)ccc1	1.0	1	0.206	0.98
14	O=C(c1ccncc1)c1cc(Cl)ccc1NS(=O)(=O)c1ccc(C(F)(F)F)cc1	1.0	0	0.194	0.976
14	CCCC(=O)N1CCC(NS(=O)(=O)c2ccc(NC(=O)c3ccccc3)c3c2cccc3)CC1	1.0	0	0.135	0.974
14	COc1nn(C)c2c1c(NS(=O)(=O)c1cccc(Cl)c1Cl)nc(Br)c2	1.0	0	0.168	0.906
14	CCOC(=O)N1CCC(NS(=O)(=O)c2ccc(Cl)c3c2cccc3)CC1	1.0	0	0.169	0.976
14	O=C(O)c1ccccc1Oc1ccc(C(F)(F)F)cc1NS(=O)(=O)c1ccc(Cl)cc1	1.0	1	0.356	0.977
14	O=C(Nc1ccncc1)c1ccc(Cl)cc1N	1.0	0	0.097	0.987
14	Cc1c(C(=O)c2cc(Cl)ccc2NS(=O)(=O)c2ccc(N3CCOCC3)cc2)cccn1	1.0	0	0.198	0.968
14	CC(C)(c1ncco1)c1ccccc1SC(=O)N1CC(F)(c2cc(Cl)ccc2Cl)CC1	1.0	1	0.245	0.565
14	CC(CC(=O)c1ccc(Cl)c(Cl)c1)c1cc(Cl)ccc1	1.0	0	0.121	0.965
14	CCCc1nc(CO)c(C(=O)c2cc(Cl)ccc2)n1C	1.0	0	0.148	0.955
14	CCOc1cc(NS(=O)(=O)c2ccc(C(C)(C)C)cc2)cnc1C	1.0	0	0.131	0.977
14	CN(C)c1ccc(S(=O)(=O)Nc2ccc(Cl)cc2C(=O)c2ccncc2)cc1	1.0	0	0.193	0.977
14	CC(=O)C1=C(O)C(=O)N(c2cc(C)c(C)cc2)C1C1CCCCC1	1.0	1	0.32	0.916
14	O=C(C1=C(O)C(=O)N(c2ccc(Cl)cc2Cl)C1(O)c1cc(Cl)ccc1)c1ccccc1	1.0	1	0.349	0.869
14	COC(=O)C(CCCN=C(N)N)NC(=O)c1ccccc1Oc1ccccc1Oc1ccccc1	1.0	1	0.234	0.929
14	COc1ccc(S(=O)(=O)Nc2ccc(Cl)cc2C(=O)NCC2CCCC2)cc1N	1.0	0	0.166	0.974
14	Cc1cc(NC(=O)CCCN2C(=O)c3ccccc3C2=O)ccc1	1.0	0	0.114	0.988
14	O=C(O)c1ccccc1Oc1ccc(Cl)cc1NS(=O)(=O)c1ccc(Cl)c(Cl)c1	1.0	1	0.368	0.98
14	O=C(O)c1cc(Oc2ncc(Cl)cc2NS(=O)(=O)c2ccc(Cl)c(Cl)c2)ccc1	1.0	1	0.209	0.971
14	COc1ccc(S(=O)(=O)NC(=O)Nc2ccc(Cl)cc2)c1C	0.0	0	0.0	0.0
14	CC(=O)Nc1ccc(S(=O)(=O)NC2CCN(C(=O)C3CC3)C2)cc1	1.0	0	0.123	0.955
14	CC(=O)C1=C(O)C(=O)N2CC(O)CC21C1Br	0.0	0	0.0	0.0
14	CSc1cc(C(=O)c2cc(Cl)ccc2NS(=O)(=O)c2ccc(NC3CCOCC3)cc2)ccc1	1.0	0	0.154	0.959
14	O=C(NCCN1CCCCC1)c1ccc(Oc2ccc(Cl)cc2NS(=O)(=O)c2ccc(Cl)c(Cl)c2)cc1	1.0	0	0.005	0.97
14	CCCC(=O)c1cc(Cl)nc(Nc2ccc(S(N)(=O)=O)cc2)c1N	1.0	0	0.192	0.957
14	CS(=O)(=O)NCCOc1cc(Cl)ccc1Nc1ccc(NS(=O)(=O)c2ccc(Cl)c(Cl)c2)cc1	1.0	0	0.126	0.966
14	O=C(c1ccncc1)c1cc(Cl)ccc1NS(=O)(=O)c1cc(N2CCOCC2)cc(O)c1	1.0	0	0.139	0.954
14	CC(=O)C1=C(O)C(=O)N(c2ccc(Cl)cc2F)C1C1CCCCCC1	1.0	1	0.443	0.901
14	CC(=O)Nc1ccc(S(=O)(=O)c2ccc(S(=O)(=O)Nc3ccc(Cl)cc3C(=O)c3cnccc3)cc2)cc1	1.0	0	0.005	0.964
14	COc1ccc(Cn2c(CO)cnc2SC)cc1	1.0	0	0.104	0.975
14	C=CCN(C(=O)CCNCCNCC)c1ccc(Cl)cc1Oc1ccccc1O(CF)C(C)(C)C	0.0	0	0.0	0.0
14	Cc1ccc(S(=O)(=O)NCCCN2CCC(NS(=O)(=O)c3ccc(C)cc3)CC2)cc1	1.0	0	0.093	0.977
14	O=S(=O)(Nc1ccc(Cl)cc1C(=O)c1ccc(Cl)cc1)c1cc(Cl)ccc1	1.0	1	0.223	0.985
14	COc1cc2c(cc1NS(=O)(=O)c1c(Cl)c(Cl)ccc1)nc(O)n2C2CCOC	0.0	0	0.0	0.0
14	CC(C)(C(=O)NCc1ccc(C(F)(F)F)c(C(F)(F)F)c1)c1cc(Cl)ccc1	1.0	0	0.142	0.957
14	CNc1nnc(Cc2ccccc2)n1N[O]	1.0	0	0.114	0.914
15	CS(=O)(=O)c1ccc(S(=O)(=O)Nc2ccc(Cl)cc2-c2c(CN)cccn2)cc1	1.0	1	0.281	0.966
15	CC(C)c1nc(C(=O)c2cc(Cl)ccc2NS(=O)(=O)c2ccc(C(C)(C)C)cc2)ccc1	1.0	1	0.227	0.964
15	CC(CC(=O)c1ccc(Cl)cc1)c1cc(Cl)ccc1	1.0	0	0.144	0.973
15	CC1CCN(C(=O)C(Cc2ccccc2)c2ccccc2)CC1	1.0	1	0.295	0.97
15	Cc1nc(Nc2ccccc2)ccc1Oc1ccc(Cl)cc1C(=O)O	1.0	0	0.141	0.981
15	CN(C(=O)c1cc(Cl)ccc1NS(=O)(=O)c1ccc(Cl)cc1)c1cc(Cl)ccc1	1.0	0	0.196	0.979
15	COc1c2c(nc(C)nc2N1Cc1ccccc1)c1ccc(Cl)cc1	0.0	0	0.0	0.0
15	O=C(NC1CCN(Cc2ccco2)CC1)c1ccccc1Br	1.0	0	0.102	0.983
15	Cc1ncc(C(=O)c2cc(Cl)ccc2NS(=O)(=O)c2ccc(NC(C)(C)C)cc2)cc1	1.0	0	0.195	0.966
15	COc1ccccc1-c1nc(NS(=O)(=O)c2ccc(Cl)s2)c(O)nn1	1.0	0	0.176	0.942
15	CCNc1nc(NS(=O)(=O)c2ccccc2)ncc1Cl	1.0	0	0.127	0.977
15	O=C(Nc1ccccc1)c1ccccc1C(=O)c1cc(Cl)ccc1N	1.0	1	0.203	0.988
15	Oc1c(Cc2cccc(Cl)c2)c2ccccn2c1[O-]	1.0	0	0.141	0.929
15	Cn1nnnc1Cc1ccc(Cl)cc1NS(=O)(=O)c1cc(Cl)c(Cl)cc1	1.0	1	0.298	0.96
15	Cn1nncc1-c1ccc(S(=O)(=O)Nc2ccc(Cl)cc2C(=O)c2c(N)cc(O)c(F)c2)cc1	1.0	1	0.238	0.927
15	O=S(=O)(Nc1nc(Cl)ccc1O)c1ccccc1	1.0	0	0.114	0.98
15	Cc1cc(C(=O)c2cc(Cl)ccc2NS(=O)(=O)c2ccc(C3(C)CCOCC3)cc2)ccc1	1.0	0	0.196	0.955
15	O=S(=O)(NCCCN1CCC(O)(c2ccc(Cl)cc2)CC1)c1ccccc1F	1.0	0	0.081	0.969
15	COc1nc2nc(N)nn2c(O)c1Cc1cccc(Br)c1	1.0	1	0.598	0.926
15	CN(C)c1ccc(S(=O)(=O)NCc2ccccc2)cc1	1.0	0	0.07	0.991
15	COc1ccc(Cn2ncc(NS(=O)(=O)c3ccc(F)c(C)c3)cc2)cc1	0.0	0	0.0	0.0
15	O=C(c1cnccc1)c1cc(Cl)ccc1NS(=O)(=O)c1ccc(OC(F)(F)F)cc1	1.0	0	0.194	0.973
15	Cc1ncccc1Oc1ncc(Cl)cc1NS(=O)(=O)c1ccc(Cl)c(Cl)c1	1.0	1	0.377	0.964
15	CC(C)(C)c1ccc(S(=O)(=O)Nc2ccc(Cl)cc2C(=O)c2c[nH]c3ccccc23)cc1	1.0	1	0.219	0.972
15	CCc1nc(Br)cnc1NS(=O)(=O)c1cccc(Cl)c1	1.0	0	0.132	0.958
15	COc1nc(F)cnc1NS(=O)(=O)c1cccc(Cl)c1Cl	1.0	0	0.144	0.948
15	O=S(=O)(Nc1cc(Cl)ccc1Cn1ccnn1)c1cccc(Cc2cccc(Cl)c2)c1	1.0	1	0.34	0.958
15	CCCC(=O)N1CC(NS(=O)(=O)c2ccc(C(C)(C)C)cc2)CNC1C	1.0	0	0.162	0.769
15	CN(C)C(=O)C(CCn1cccc1C#N)NS(=O)(=O)c1cc(Cl)c(N)c(Cl)c1	1.0	1	0.21	0.792
15	CNS(=O)(=O)c1ccc(CNC(=O)c2cccc3c2cnn3-c2ccc(F)cc2)cc1	1.0	0	0.129	0.975
15	O=S(=O)(Nc1c(F)cccc1F)c1ccc(Cl)cc1	1.0	0	0.158	0.989
15	CC(C)(C)c1ccc(S(=O)(=O)Nc2ccc(Cl)cc2C(=O)c2nccnc2)cc1	1.0	1	0.244	0.969
15	N#Cc1cccn1CCn1ccc2c1NC(=O)C(Cc1ccccc1)NCC(N)C2	1.0	1	0.214	0.328
15	COc1ccc(-c2ccccc2)cc1C(=O)Nc1ccc(N2CC(O)CC2)cc1	1.0	0	0.118	0.964
15	COc1cc(C(=O)Nc2ccc(CN3C(=O)c4cccc(C)c4)cc3c2)ccc1	0.0	0	0.0	0.0
15	CCNC(=O)C1C(=O)c2cccc3c2N1c1ccccc3OC1CCCCn1cc2c(N)nc(C)nc21	0.0	0	0.0	0.0
15	CCOC(=O)NC(=O)CNC(=O)OCc1ccccc1Cl	1.0	0	0.079	0.982
15	O=C(O)c1ccc(S(=O)(=O)NC2CCN(C(=O)c3ccccc3)CC2)cc1	1.0	0	0.118	0.986
15	CC(=O)Nc1ccc(S(=O)(=O)NCCc2csc(-c3ccccc3)n2)cc1	1.0	0	0.107	0.981
15	CCNc1nc(-c2ccc(Cl)nc2)cc2nc(OC)c(CC)nc23CCCC)c13	0.0	0	0.0	0.0
15	CCCC(=O)c1cc(NS(=O)(=O)c2ccc(Cl)c(C(F)(F)F)c2)ccc1	1.0	0	0.125	0.978
15	O=C(NS(=O)(=O)c1cccc(C(F)(F)F)c1-c1ccccc1)c1ccccc1	1.0	0	0.165	0.979
15	CNc1c(-c2cc(Cl)ccc2NS(=O)(=O)c2ccc(C(C)(C)O)cc2)nccc1	1.0	1	0.302	0.957
15	COc1cc2c(cc1NS(=O)(=O)c1c(Cl)c(Cl)ccc1)nc(O)n2C1Cc2ccccc2CO1	1.0	1	0.274	0.779
15	CCCC(=O)N(C)c1ccc(Cl)c(C(=O)c2ccccc2)c1	1.0	0	0.151	0.983
15	Cc1ncc(C(=O)c2cc(Cl)ccc2NS(=O)(=O)c2ccc(C(C)(C)c3nc3ccccc3)cc2)cn1	0.0	0	0.0	0.0
15	Nc1nn(C(=O)c2ccc(Cl)cc2)c2ccccc12	1.0	0	0.082	0.982
15	Cc1ncc(C(=O)c2cc(Cl)ccc2NS(=O)(=O)c2ccc(-c3cnco3)cc2)cc1	1.0	1	0.202	0.96
15	CCNS(=O)(=O)c1cccc(C(=O)Nc2ccccc2)c1N	1.0	0	0.098	0.984
15	COc1c(NS(=O)(=O)c2ccc(Cl)s2)cccc1	1.0	0	0.177	0.986
15	Cc1ccc(C(=O)c2cc(Cl)ccc2NS(=O)(=O)c2ccc(CC(C)(C)C)cc2)cc1	1.0	1	0.217	0.978
15	O=S(=O)(Nc1cc(Cl)c(Cl)cc1)c1cccc2c1ccc1cc(C3CCC(N)=NC3)cc21	0.0	0	0.0	0.0
15	CCCC(=O)N1CCC(NS(=O)(=O)c2ccc(NC(=O)c3ccccc3)c3c2cccc3)CC1	1.0	0	0.135	0.974
15	CCCCCc1nc2nc(N)nn2c(O)c1Cc1cccc(Cl)c1	1.0	1	0.582	0.937
15	N#CCc1cc[n+](CC(=O)c2cccc3c2[nH]c2ccccc23)cc1	1.0	0	0.147	0.937
15	CC(=O)C1=C(O)C(=O)N(c2ccc(C)cc2)C1C1CCCCCCC1	1.0	1	0.308	0.928
15	CC1CCN(C(=O)C(Cc2ccccc2)c2ccccc2)CC1	1.0	1	0.295	0.97
15	Cc1cccc(C(=O)c2cccc(OS(N)(=O)=O)c2)c1N	1.0	0	0.15	0.975
15	COc1c2c(NC(=O)CCC(=O)c3ccccc3)c(O)cnc2cc1	0.0	0	0.0	0.0
15	CN(C)c1ccnc(NS(=O)(=O)c2ccc(Cl)c(C(F)(F)F)c2)c1	1.0	0	0.114	0.964
15	CCOC(=O)c1ccc(N2C(=O)c3c(C2=O)c(NS(=O)(=O)c2ccc(C(C)(C)C)cc2)ccc3Cl)cc1	1.0	0	0.005	0.954
15	Oc1cc(CSc2cccc(OC(F)(F)F)c2)nc2nc(Cc3ccccc3)nn12	1.0	1	0.326	0.933
15	COc1cc(C(=O)Nc2c(N)cccc2NS(=O)(=O)c2ccc(CC(C)(C)C)cc2)ccc1	1.0	1	0.216	0.968
15	Cc1c(C(=O)Nc2ccc(S(=O)(=O)NC3CCN(C(=O)CCC(=O)O)CC3)c3c2cccc3)cccc1	1.0	0	0.005	0.965
15	CN(C)C(=O)C(CCn1cccc1C#N)NS(=O)(=O)c1cc(Cl)c(N)c(Cl)c1	1.0	1	0.21	0.792
15	CC(C)(C)c1ccc(S(=O)(=O)Nc2ccc(Cl)cc2C(=O)c2ncc(S(=O)(=O)C(C)(C)C)cc2)cc1	1.0	0	0.005	0.943
15	CC(C)c1nc2nc(N)nn2c(O)c1Cc1cc(Cl)cc(Cl)c1	1.0	1	0.474	0.908
15	CCCC(=O)c1cc(Cl)ccc1NS(=O)(=O)c1ccc(C(=O)CCl)cc1	1.0	0	0.197	0.974
15	Cc1ccc(NS(=O)(=O)c2ccc(Cl)c(C(F)(F)F)c2)cc1	1.0	0	0.121	0.986
15	CC(=O)Nc1ccc(S(=O)(=O)NCc2ccccc2)cc1	1.0	0	0.146	0.992
15	CCCCCNC(=O)c1ccccc1Nc1nc(Cl)cc(N(C)CC)n1	1.0	0	0.175	0.966
15	CC1(c2ccc(S(=O)(=O)Nc3ccc(Cl)cc3C(=O)c3cnccc3)cc2)CCOCC1	1.0	1	0.202	0.949
15	CCCCCC(=O)C1=C(O)C(=O)N(c2ccc(C)cc2)C1C1CCCCCC1O	1.0	1	0.475	0.746
15	COc1nn(C)c2c1nc(CO)n2Cc1cc(Br)ccc1	1.0	1	0.226	0.923
15	COc1ccc(Nc2ncc(Cl)cc2NS(=O)(=O)c2ccc(Cl)cc2)cc1	1.0	0	0.146	0.979
15	O=C(O)c1cc(Oc2ncc(Cl)cc2NS(=O)(=O)c2cc(Cl)c(Cl)c(Cl)c2)cccc1	0.0	0	0.0	0.0
15	CC(=O)Nc1ccc(NS(=O)(=O)c2ccc(Cl)s2)cc1	1.0	0	0.104	0.985
15	CCOc1ccc(C2C(=O)NC(=O)NC2=O)cc1	1.0	0	0.114	0.972
15	Cc1cc(NS(=O)(=O)c2ccc(Cl)c(C(F)(F)F)c2)ccc1	1.0	0	0.155	0.984
15	COc1ccc(NS(=O)(=O)c2ccc(N3C(=O)c4c(cccc4)C3C3CC3)cc2)cc1	1.0	1	0.294	0.941
15	CN(C)CCOc1ccc(Cl)cc1Sc1cc(Cl)ccc1Cl	1.0	1	0.24	0.971
15	COc1ccc(CNC(=O)CCc2nc(-c3ccc(C)cc3)nn2N)cc1	1.0	0	0.108	0.97
15	CC(=O)C1=C(O)C(=O)N(c2ccc(Cl)cc2N2CCCC2)C1CC12CCC(O)(C(=O)O)CC12	0.0	0	0.0	0.0
15	Cc1ncc(C(=O)c2cc(Cl)ccc2NS(=O)(=O)c2ccc(C3(C)CCOCC3)cc2)cc1	1.0	0	0.197	0.944
15	Nc1nn2c(O)c(Cc3ccc(F)cc3)c(C3CC3)nc2n1	1.0	1	0.337	0.929
15	O=C(NCCO)c1ccc(Oc2cccc(Cl)c2NS(=O)(=O)c2ccc(Cl)c(Cl)c2)cc1	1.0	1	0.323	0.97
15	Cc1cccc(CSc2cccc(S(=O)(=O)O)c2)c1C	1.0	0	0.115	0.978
15	Cc1cc(C(=O)c2cc(Cl)ccc2NS(=O)(=O)c2ccc(C(C)(C)C)cc2)co1	1.0	0	0.192	0.961
15	COc1ccc(Cl)cc1NC(=O)C(=O)c1cn(C)c2c1CC(C)(C)C2O2CC(C)C)cc1	0.0	0	0.0	0.0
15	CC(CC(=O)c1ccccc1)c1ccccc1	1.0	0	0.116	0.984
15	CCCC(=O)N1CCC(NS(=O)(=O)c2ccc(NC(=O)c3ccccc3)c3c2cccc3)CC1	1.0	0	0.135	0.974
15	COc1nccc(C(=O)c2cc(F)ccc2NS(=O)(=O)c2ccc(C(C)(C)C)cc2)c1O	1.0	1	0.251	0.954
15	COc1c2c(NS(=O)(=O)c3ccc(Cl)s3)nn(Cc3cccc(F)c3)c2ccc1	1.0	0	0.191	0.956
15	O=S(=O)(Nc1cc(F)c(Cl)cc1Cn1ccnn1)c1ccc(Cl)c(Cl)c1	1.0	1	0.247	0.947
15	CCN(CC)C1CCN(C(=O)c2ccc(Oc3ncc(Cl)cc3NS(=O)(=O)c3ccc(C(C)(C)C)cc3)cc2)CC1	1.0	0	0.005	0.937
15	CS(=O)(=O)Nc1ccc(C(=O)Nc2cccc(C(F)(F)F)c2)cc1	1.0	0	0.101	0.988
15	CC(C)(C)c1ccc(S(=O)(=O)Nc2ccc(Cl)cc2-c2c(N)nccn2)cc1	1.0	1	0.317	0.966
15	CC(=O)C1=C(O)C(=O)N(c2ccccc2)C1C1CCCCC1	1.0	1	0.409	0.935
15	CC(C)(C)c1ccc(S(=O)(=O)Nc2ccc(Cl)cc2-c2c(O)cccc2)cc1	1.0	1	0.227	0.979
15	CCCC(=O)N1CCC(NS(=O)(=O)c2ccc(NC(=O)c3ccccc3)c3c2cccc3)CC1	1.0	0	0.135	0.974
16	O=C(O)c1c(Oc2c(Cl)cccc2NS(=O)(=O)c2ccc(Cl)c(Cl)c2)cccc1	1.0	1	0.327	0.975
16	COc1cc2c(cc1NS(=O)(=O)c1c(Cl)c(Cl)ccc1)nc(O)n2CCN(C)CC	1.0	1	0.281	0.924
16	CC(C)(C)c1ccc(S(=O)(=O)Nc2ccc(Cl)cc2-c2c(O)cccc2)cc1	1.0	1	0.227	0.979
16	O=S(=O)(Nc1cc(Cl)ccc1Cn1ccnn1)c1ccccc1-	0.0	0	0.0	0.0
16	O=S(=O)(Nc1ccc(Cl)cc1C(=O)c1ccccc1)c1ccccc1	1.0	1	0.208	0.989
16	CCCCc1nc2nc(N)nn2c(O)c1Cc1cccc(Cl)c1Cl	1.0	1	0.412	0.917
16	CCCC(=O)c1cc(Cl)ccc1NS(=O)(=O)c1ccc(-c2cnco2)cc1	1.0	1	0.209	0.966
16	O=C(c1ccncc1)c1cc(Cl)ccc1NS(=O)(=O)c1cc(Cl)c(Cl)cc1	1.0	0	0.197	0.978
16	Oc1cc(CSc2ccc(F)c(F)c2)nc2ncccc12	1.0	1	0.219	0.953
16	COc1nc(Br)cnc1NS(=O)(=O)c1ccc(Cl)cc1	1.0	0	0.134	0.968
16	CCNc1c(-c2cc(Cl)ccc2NS(=O)(=O)c2cc(Cl)ccc2)cncc1	1.0	0	0.18	0.968
16	CNS(=O)(=O)c1cc(C(F)(F)F)ccc1F	1.0	0	0.055	0.979
16	COc1ccccc1Cc1c(F)cccc1OCc1ccc(Cl)cc1C(=O)c1ccc(OC(F)(F)F)cc1	1.0	0	0.005	0.958
16	O=S(=O)(Nc1cc(Cl)ccc1Cn1cccn1)c1cccc(F)c1	1.0	1	0.311	0.975
16	N#Cc1cccn1CCC(NS(=O)(=O)c1cccc2ccccc12)C(=O)O	1.0	1	0.238	0.899
16	COc1c2c(NS(=O)(=O)c3ccc(Cl)s3)nn(Cc3cccc(CN(CCO)C(C)C)c3)c2ccn1O	0.0	0	0.0	0.0
16	Nc1nn2c(O)c(Cc3cccc(Cl)c3)c(CC3CCCCC3)nc2n1	1.0	1	0.393	0.923
16	O=C(NCCO)c1ccc(C(F)(F)F)cc1Oc1c(Cl)cccc1Cl	1.0	0	0.163	0.973
16	CC(=O)C1=C(O)C(=O)N(c2ccc(C)cc2)C1c1ccc(C)cc1	1.0	1	0.439	0.959
16	COc1nc(C)c(NS(=O)(=O)c2ccc(Cl)cc2)cc1	1.0	0	0.172	0.983
16	CC(C)(C)c1ccc(S(=O)(=O)Nc2ccc(Cl)cc2C(=O)c2ccnc(C)c2)cc1	1.0	1	0.2	0.972
16	COc1c2c(NS(=O)(=O)c3ccc(Cl)s3)nn(Cc3cccc(CNC(C)=O)c3)c2ccc1	1.0	0	0.196	0.947
16	C=CCN(C(=O)CCc1nc2ccccc2n1Cc1ccc(Cl)cc1)C(	0.0	0	0.0	0.0
16	CCNS(=O)(=O)c1cc(Cl)ccc1NS(=O)(=O)c1ccc(C)cc1	1.0	1	0.237	0.981
16	Nc1nn2c(O)c(Cc3cccc(Cl)c3)c(CCC3CCCCC3)nc2c1	1.0	1	0.479	0.921
16	CC(C)c1nc(S(C)(=O)=O)ccc1NS(=O)(=O)c1ccc(Cl)cc1	1.0	0	0.168	0.961
16	CC(C)(C)c1ccc(S(=O)(=O)Nc2ccc(Cl)cc2C(=O)c2cnccc2)cc1	1.0	0	0.19	0.977
16	CC(=O)C1=C(O)C(=O)N(c2ccc(Cl)cc2F)C1C1CCCCC1	1.0	1	0.341	0.9
16	CC1(c2ccc(S(=O)(=O)Nc3ccc(Cl)cc3C(=O)c3ccncc3)cc2)OCOC1	1.0	0	0.189	0.853
16	COc1nc(Br)cnc1NS(=O)(=O)c1ccc(C#N)cc1	1.0	0	0.136	0.957
16	CCCC(=O)C1=C(O)C(=O)N(c2ccc(C)cc2)C1C1CCCCC1	1.0	1	0.447	0.91
16	Cc1cc(C(=O)c2cc(Cl)ccc2NS(=O)(=O)c2cc(Cl)sc2)ccc(C(=O)N(C)C)c1	0.0	0	0.0	0.0
16	O=C(Nc1ccccc1)c1cccc(C(=O)c2cccc3ccccc23)c1	1.0	0	0.134	0.991
16	CC(=O)C1=C(O)C(=O)N(c2ccc(C)cc2)C1C1CCCCCC1	1.0	1	0.455	0.929
16	CC(=O)c1ccc(C(=O)Nc2ccccc2NS(=O)(=O)c2ccc(Cl)c(C(F)(F)F)c2)cc1	1.0	0	0.196	0.976
16	COc1c(Oc2c(OC)ccc2NS(=O)(=O)c2ccc(C(C)(C(=O)O)c3ccccc3)cc2)ccc[n+]1[O-]	0.0	0	0.0	0.0
16	O=S(=O)(Nc1ccc(F)cc1)c1ccccc1S(=O)(=O)c1ccccc1F	1.0	1	0.253	0.98
16	COc1ccc(C(=O)NCc2ccccc2CN2CCC(C)CC2)cc1	1.0	0	0.181	0.988
16	O=S(=O)(Nc1ncc(Cl)nc1OCc1cc(Cl)ccc1)c1cccc(Cl)c1	1.0	1	0.216	0.965
16	CC(=O)NCc1cc(Cn2nc(NS(=O)(=O)c3ccc(Cl)s3)c3c(CO)cccc32)ccc1	1.0	1	0.224	0.933
16	COc1c2c(NS(=O)(=O)c3ccc(Br)s3)nn(Cc3cccc(CN(C)C(C)=O)c3)c2ccc1	1.0	1	0.213	0.933
16	O=S(=O)(NCCCN1CCC(O)(c2ccc(Cl)cc2)CC1)c1ccccc1Cl	1.0	0	0.087	0.97
16	O=c1c(Cc2ccc(Cl)cc2)c2c(ccc3c2OCO31CN[N+]1[O-]#N[N+]1)n1nccc1	0.0	0	0.0	0.0
16	Cc1ncc(C(=O)c2cc(Cl)ccc2NS(=O)(=O)c2ccc(o3)cc2)cc1	0.0	0	0.0	0.0
16	O=S(=O)(Nc1cc(Cl)ccc1Cn1ccnn1)c1ccccc1	1.0	1	0.317	0.973
16	COc1cccc2c(NCc3ccccc3)nc(NCc3ccccc3)nc12	1.0	0	0.164	0.983
16	COc1ccc(S(=O)(=O)Nc2ccc(Cl)cc2C(=O)Nc2ccccc2)cc1	1.0	0	0.17	0.989
16	CC1CCN(C(=O)C(CCn2cccc2C#N)NS(=O)(=O)c2cc(Cl)c(N)c(Cl)c2)CC1	1.0	1	0.257	0.801
16	NS(=O)(=O)c1ccc(C(=O)NCC(=O)NCC(=O)Nc2ccc(F)cc2)cc1	1.0	0	0.08	0.986
16	CNc1nc(-c2cc(Cl)ccc2NS(=O)(=O)c2cccc(C(C)C)c2)ncc1	1.0	1	0.26	0.964
16	Oc1cc(CSc2cccc(C(F)(F)F)c2)nc2nc(Cc3ccccc3)nn12	1.0	0	0.195	0.941
16	S=C(NC1CCN(Cc2ccccc2)CC1)N1CCCCC1	1.0	0	0.095	0.984
16	Nc1nn2c(O)c(Cc3ccccc3Cl)c(C3CC3)nc2n1	1.0	1	0.673	0.921
16	Cc1cc(Oc2c(C(=O)O)cccc2)c(NS(=O)(=O)c2ccc(Cl)cc2)cc1	1.0	1	0.288	0.983
16	Cc1c(C(=O)Nc2ccc(S(=O)(=O)NC3CCCCC3)cc2)cccc1	1.0	0	0.107	0.987
16	Cc1cc(C)c(S(=O)(=O)N2CCC(C(=O)Nc3ccc(Cl)cc3)CC2)cc1Cl	1.0	0	0.133	0.98
16	O=C(Nc1cccc(C(F)(F)F)c1)NNC(=O)c1ccccc1F	1.0	0	0.088	0.984
16	N#Cc1cc2c(cc1)NS(=O)(=O)c1cccc(Cl)c1O2	1.0	0	0.094	0.898
16	O=C(NS(=O)(=O)c1cc(Cl)ccc1)c1ccccc1	1.0	0	0.078	0.991
16	CC(=O)NCc1ccc(C(=O)Nc2ccc(C)cc2C(=O)c2ccncc2)cc1	1.0	0	0.199	0.982
16	Cc1cccc(-n2cnc3cnc(Nc4ccc(N(C)C)cc4)nc32)c1N	1.0	0	0.183	0.949
16	CCC(=O)C1=C(O)C(=O)N(c2ccc(C)cc2)C1C1CCCCC1	1.0	1	0.319	0.913
16	CC(C)Oc1c(Cl)cc(Cl)cc1S(=O)(=O)Nc1ccc(F)cc1	1.0	0	0.197	0.977
16	Cn1ncc2c(cc3ccccc3c2=O)c1=O	0.0	0	0.0	0.0
16	CC(C)(C)c1ccc(S(=O)(=O)Nc2ccc(Cl)cc2C(=O)c2cnc(N3C)nc2)cc1	0.0	0	0.0	0.0
16	CC(=O)N1CCC(NS(=O)(=O)c2ccc(NC(=O)c3ccccc3)c3c2cccc3)CC1	1.0	0	0.143	0.977
16	O=C(O)c1ccccc1Oc1ccc(Cl)cc1NS(=O)(=O)c1ccc(Cl)c(Cl)c1	1.0	1	0.368	0.98
16	Cc1c(C(=O)Nc2ccc(S(=O)(=O)NC3CCC3)cc2)cccc1	1.0	0	0.109	0.989
16	COc1ccc(Cn2nc(NS(=O)(=O)c3ccc(Cl)s3)c3c2cccc3OC)cc1	1.0	1	0.211	0.961
16	COc1ccc(C(=O)Nc2cc(C(C)(C)C)cc(C(F)(F)F)c2)cc1	1.0	0	0.106	0.986
16	Cc1ccc(N=C2C(O)C(=O)c3ccccc32)cc1	1.0	1	0.313	0.908
16	COC(=O)C1=C(O)C(=O)N(c2ccc(C)cc2)C1C1CCCCC1	1.0	1	0.297	0.928
16	O=C(C1=C(O)C(=O)N(c2ccc(C(F)(F)F)cc2)C1C1CCCCC1)c1ccccc1	1.0	1	0.408	0.911
16	O=S(=O)(Nc1c(Cl)cccc1)(CF)C1CC12	0.0	0	0.0	0.0
16	CCCCCc1nc2nc(N)nn2c(O)c1Cc1cccc(Cl)c1	1.0	1	0.582	0.937
16	CC(C)(C)c1ccc(S(=O)(=O)Nc2ccc(Cl)cc2-c2c(F)cncc2)cc1	1.0	1	0.231	0.972
16	O=C(Nc1ccc(CO)cc1)c1cc(Cl)ccc1NS(=O)(=O)c1ccc(Cl)cc1	1.0	0	0.15	0.985
16	CCCC(=O)N1CCC(NS(=O)(=O)c2ccc(NC(=O)N3CCCC3)cc2)CC1	1.0	0	0.127	0.976
16	O=C(NCCN1CCCCC1)c1ccc(S(=O)(=O)NCc2ccc(Cl)cc2)cc1	1.0	0	0.113	0.984
16	O=[N+]([O-])c1cc(O)cc(CN2CCCC(Nc3ccccc3)C2)c1	1.0	0	0.167	0.943
16	CCCCCCc1nc2nc(N)nn2c(O)c1Cc1cccc(Cl)c1	1.0	1	0.556	0.937
16	O=S(=O)(Nc1cc(Cl)ccc1NS(=O)(=O)c1ccc(Cl)c(Cl)c1)	1.0	0	0.146	0.927
16	CC(C)C(=O)N1CCC(NS(=O)(=O)c2ccc(NC(=O)c3ccccc3)c3c2cccc3)CC1	1.0	0	0.162	0.973
16	O=C(NCCCCN1CCCC1)c1ccccc1Oc1ccc(Cl)cc1	1.0	0	0.182	0.987
16	CC1CCCN(C(=O)C(Cc2ccccc2)c2ccccc2)CCOCCOCCO1	1.0	1	0.219	0.754
16	CC(C)(C)c1ccc(S(=O)(=O)Nc2ccc(Cl)cc2-c2c(NCCO)ncc(Cl)c2)cc1	1.0	1	0.297	0.953
16	O=C(Nc1cc(Oc2c(Cl)cccc2)ccc1)NO	1.0	0	0.12	0.986
16	COc1cc2c(cc1NS(=O)(=O)c1c(Cl)c(Cl)ccc1)noc2	1.0	0	0.173	0.945
16	COc1nccc(NS(=O)(=O)c2ccc(Cl)cc2C)c1	1.0	0	0.146	0.978
16	CCCCCc1nc2nc(N)nn2c(O)c1Cc1cccc(Cl)c1	1.0	1	0.582	0.937
16	N=C(N)c1ccoc1C(=O)c1ccc(C(=O)c2c(O)cc(O)cc2)cc1	1.0	0	0.1	0.953
16	CCCCCCCc1nc2nc(N)nn2c(O)c1Cc1cccc(F)c1	1.0	1	0.498	0.937
16	CC(C)(C)c1ccc(S(=O)(=O)Nc2ccc(Cl)cc2C(=O)c2ccnc(C)c2)cc1	1.0	1	0.2	0.972
16	CC(=O)OCC(C)OC(=O)c1ccc(Cl)cc1C1=NNC(=N)c2ccccc21	1.0	1	0.237	0.824
16	Cc1ccc(S(=O)(=O)NC(=O)N2CCC(N3CCC(Oc4ccc(Cl)cc4)CC3)CC2)cc1	1.0	0	0.094	0.964
16	O=S(=O)(Nc1cc(Cl)ccc1Cn1cccn1)c1ccccc1	1.0	1	0.222	0.98
16	CCOC(=O)N1CCC(NS(=O)(=O)c2ccc(C(=O)Nc3ccccc3C)cc2)CC1	1.0	0	0.103	0.981
16	COc1nc(NS(=O)(=O)c2ccc(C(C)(C)C)cc2)ncc1C	1.0	0	0.135	0.97
16	Oc1cc(CSc2ccc(F)c(F)c2)nc2nc(Cc3ccccc3)nn12	1.0	1	0.288	0.945
16	Oc1ccc(C(=O)NN=Cc2c(O)ccc3c2cccc3c2OC2=CCOC2)c1C	0.0	0	0.0	0.0
17	COc1ccc(S(=O)(=O)Nc2ccc(Br)cc2C(=O)c2ccncc2)cc1	1.0	0	0.195	0.981
17	CCc1nc(CN2C(=O)c3ccccc3C2=O)c2ccccc2n1	1.0	1	0.227	0.976
17	O=C(c1cnccc1)c1cc(Cl)ccc1NS(=O)(=O)c1cccc(-c2cccc3cccnc23)c1	1.0	0	0.169	0.965
17	CCOC(=O)NS(=O)(=O)c1ccc(CNC(=O)c2ccccc2)cc1	1.0	0	0.081	0.988
17	COc1cc(Cn2nc(NS(=O)(=O)c3ccc(Cl)s3)c3c2cccc3OC)ccc1	1.0	1	0.255	0.958
17	CNC(=O)c1cc(S(=O)(=O)Nc2ccc(C)cc2C)ccc1C	1.0	0	0.142	0.986
17	O=S1(=O)NC(Nc2ccc(F)cc2Br)=Nc2c1cc(Cl)cc2O	1.0	0	0.106	0.84
17	CC(=O)c1ccc(S(=O)(=O)Nc2ccc(Cl)cc2C(=O)c2c[n+]([O-])c(C)cc2)cc1	1.0	1	0.216	0.954
17	CN(C)C(=O)C(CCn1c(Cc2ccccc2)c2ccccc2c2ccccc2c1)C(O)CO	1.0	1	0.259	0.544
17	COc1cccc(CNC(=O)Nc2c(C)cccc2)c1	1.0	0	0.079	0.993
17	CC(=O)NC(=O)c1ccc(OCC(=O)Nc2cccc(C)c2)cc1	1.0	0	0.09	0.989
17	CC(=O)C1=C(O)C(=O)N(c2cc(F)c(C)cc2)C1C1CCCCC1	1.0	1	0.33	0.908
17	O=S(=O)(Nc1cc(Cl)ccc1Cc1ccccc1)c1cccc(Cl)c1	1.0	1	0.242	0.986
17	CNS(=O)(=O)c1ccc(CNC(=O)c2cccc(F)c2)cc1	1.0	0	0.093	0.989
17	CC(=O)C1=C(O)C(=O)N(c2ccc(C)cc2)C1c1ccc(C)cc1	1.0	1	0.439	0.959
17	CC(C)(C)c1ccc(S(=O)(=O)Nc2ccccc2C(=O)c2ccncc2)cc1	1.0	1	0.203	0.981
17	Cc1ccc(C(=O)c2cc(Cl)ccc2NS(=O)(=O)c2ccc(C)cc2)cc1	1.0	1	0.203	0.987
17	CCOC(=O)N1CCC(NS(=O)(=O)c2ccc(C(=O)Nc3ccccc3C)cc2)CC1	1.0	0	0.103	0.981
17	O=S(=O)(Nc1c(Cl)c(Cl)ccc1C(=O)c1ccccc1)c1cc(Cl)ccc1	1.0	1	0.221	0.978
17	O=C(O)c1c(Oc2cccc(OC(=O)c3cnccc3)c2)cccc1	1.0	0	0.128	0.985
17	Cc1ccc(S(=O)(=O)NCCc2ccccc2)cc1	1.0	0	0.114	0.993
17	Nc1nn2c(O)c(Cc3ccccc3)c(Cc3ccccc3)nc2n1	1.0	1	0.232	0.959
17	CC(C)(C)c1ccc(S(=O)(=O)Nc2ccc(Cl)cc2-c2c(NCCO)ncc(Cl)n2)cc1	1.0	1	0.34	0.941
17	CC(=O)Nc1ccc(NS(=O)(=O)c2ccc(Cl)c(C(F)(F)F)c2)cc1	1.0	0	0.148	0.983
17	CCCC(=O)N1CC(NS(=O)(=O)c2ccc(NC(=O)C(C)C)c3c2cccc3)CC1	1.0	0	0.144	0.927
17	O=S1(=O)NC(Nc2c(Br)cccc2)=Nc2c1cc(Cl)cc2O	1.0	0	0.09	0.858
17	O=C(C1=C(O)C(=O)N(c2ccc(C(F)(F)F)cc2)C1c1ccccc1)c1ccccc1	1.0	1	0.366	0.947
17	CC(Cn1ccnc1)c1ccc(Br)cc1	1.0	0	0.103	0.939
17	COc1ccc(CSc2nc(N)cc(NS(=O)(=O)c3cc(Cl)ccc3)n2)cc1	1.0	0	0.133	0.97
17	COC(=O)CCc1ccc(S(=O)(=O)Nc2ccc(Cl)cc2C(=O)c2c(C)n(C)c(C)c2)cc1	1.0	1	0.217	0.962
17	CCC(=O)c1ccc(OS(N)(=O)=O)cc1	1.0	0	0.068	0.982
17	CNC(=O)Cn1c(-c2ccc(Oc3ccccc3)cc2)ccc1	1.0	0	0.113	0.983
17	Oc1cc(CSc2ccc(F)cc2)nc2nc(Cc3ccccc3)nn12	1.0	0	0.155	0.956
17	CC(=O)c1ccc(S(=O)(=O)Nc2ccc(Cl)cc2C(=O)c2c[n+]([O-])c(C)cc2)cc1	1.0	1	0.216	0.954
17	O=C(O)c1c(Oc2ccc(Cl)cc2NS(=O)(=O)c2ccc(Cl)s2)cccc1	1.0	1	0.267	0.974
17	CC(C)c1nc2nc(N)nn2c(O)c1Cc1cccc(Cl)c1	1.0	1	0.61	0.929
17	CCCC(=O)C1=C(O)C(=O)N(c2ccccc2)C1C1CC1	1.0	1	0.275	0.919
17	O=C(NCCN1CCCCC1)c1ccc(Cl)cc1NS(=O)(=O)c1cc(F)c(N2)ccc1NCCONC2=	0.0	0	0.0	0.0
17	O=C(Nc1ccc(S(=O)(=O)NC2CCCCC2)cc1)c1ccccc1	1.0	0	0.085	0.99
17	CC(=O)NCc1cnc(Nc2cc(NS(=O)(=O)c3ccc(Cl)s3)ccc2)cc1	1.0	0	0.122	0.967
17	CNc1nc(-c2cc(Cl)ccc2NS(=O)(=O)c2ccc(C(C)(C)C)cc2)c[nH]1	1.0	1	0.335	0.932
17	C=CCN(C(=O)Nc1ccc(Cl)cc1)c1ccc(Cl)cc1	1.0	0	0.119	0.984
17	O=C(O)c1ccccc1Oc1ncc(Cl)cc1NS(=O)(=O)c1ccc(Cl)cc1	1.0	0	0.169	0.976
17	CC(=O)C1=C(O)C(=O)N(c2cc(Cl)c(Cl)cc2)C1C1CCCCC1	1.0	1	0.45	0.91
17	CC(C)(C)c1ccc(S(=O)(=O)Nc2c(Cl)cccc2C(=O)c2ccncc2)cc1	1.0	1	0.244	0.973
17	CC(=O)c1cccc(Oc2ccc(C(=O)O)cc2)c1	1.0	0	0.116	0.992
17	Cc1c(C(=O)C(C#N)c2cccc(Cl)c2)cccc1	1.0	0	0.188	0.957
17	Cc1nn(Cc2ccc(C(F)(F)F)cc2NS(=O)(=O)c2cc(Cl)c(Cl)cc2)cc1N	1.0	1	0.408	0.946
17	CCCC(=O)C1=C(O)C(=O)N(c2ccc(C)cc2)C1C1CCCCC1	1.0	1	0.447	0.91
17	O=C(NCCOc1ccccc1)c1ccccc1Nc1ccc(Br)cc1NS(=O)(=O)c1ccc(Cl)c(Cl)c1	1.0	0	0.005	0.967
17	Cc1c(F)cccc1NS(=O)(=O)c1cc(F)c(C(F)(F)F)cc1	1.0	0	0.127	0.976
17	Cn1nnnc1Cc1ncc(Cl)cc1NS(=O)(=O)c1ccc(Cl)c(Cl)c1	1.0	1	0.319	0.937
17	Cc1ccc(C(=O)c2cc(Cl)ccc2NS(=O)(=O)c2ccc(C(C)(C)C)cc2)cn1	1.0	1	0.211	0.974
17	Cc1cc(=O)c(C(=O)c2ccc(Cl)cc2)c(C)n1	0.0	0	0.0	0.0
17	CSc1cc(C(=O)c2cc(Cl)ccc2NS(=O)(=O)c2ccc(F)c(C)c2)ccc1	1.0	1	0.214	0.973
17	O=C(NCCO)c1ccccc1Oc1ccccc1C(=O)c1ccncc1	1.0	1	0.206	0.981
17	O=C(O)c1cccc2c1Oc1c(F)c(F)ccc12	1.0	0	0.097	0.97
17	COc1cccc2c1c(NS(=O)(=O)c1ccc(Cl)s1)nn2Cc1cccc(C(N)=O)c1	1.0	1	0.219	0.951
17	COc1ncc(-c2ccc(C(=O)NC(CO)c3ccccc3)cc2)cc1	1.0	0	0.101	0.964
17	O=C(c1ccncc1)c1cc(Cl)ccc1NS(=O)(=O)c1ccccc1	1.0	1	0.203	0.984
17	Cc1ccc(-c2cc(SSc3cccc(NC(=O)CCCN(C)C)c3)ccc2)cc1	1.0	0	0.176	0.967
17	N#Cc1ccc(Oc2ncc(Cl)cc2NS(=O)(=O)c2ccc(Cl)c(C(F)(F)F)c2)nc1	1.0	1	0.203	0.936
17	O=S(=O)(Nc1ncc(Cl)nc1NCc1ccccc1)c1ccccc1	1.0	0	0.191	0.976
17	CN(C)c1ccc(S(=O)(=O)Nc2ccc(Cl)cc2C(=O)c2ccncn2)cc1	1.0	0	0.162	0.967
17	Cc1cc(NS(=O)(=O)c2cc(Cl)ccc2C(N)=O)ccc1	1.0	0	0.192	0.984
17	CC(C)(C)c1ccc(S(=O)(=O)Nc2ccc(Cl)cc2C(=O)c2cnccc2)cc1	1.0	0	0.19	0.977
17	Cc1nnnn1N=Cc1cccc(C(F)(F)F)c1	1.0	0	0.094	0.932
17	CN(C)C(=O)C(C)(C)c1cc(Sc2ccc(F)cc2)ccc1	1.0	0	0.116	0.966
17	Cc1cc(C(=O)c2cc(Cl)ccc2NS(=O)(=O)c2ccc(Cl)c(C#N)c2)ccc1	1.0	1	0.213	0.973
17	CCCCCc1nc2c(NS(=O)(=O)c3ccc(C(C)(C)C)cc3NC)cccc2[nH]1	1.0	0	0.163	0.947
17	O=C(NS(=O)(=O)c1ccc(Cl)s1)N1CCC(N2CCCCC2)CC1	1.0	0	0.165	0.96
17	CCC(=O)C1=C(O)C(=O)N(c2ccc(C)cc2)C1C1CCCCC1O	1.0	1	0.466	0.741
17	CC1(c2ccc(S(=O)(=O)Nc3ccc(Cl)cc3C(=O)c3ccncc3)cc2)OCCO1	1.0	0	0.191	0.949
17	Cc1ccccc1S(=O)(=O)NCCc1ccc(Cl)cc1F	1.0	0	0.099	0.985
17	CNC(=O)Cn1nc(OC2CC(N)C(O)C2O)cc1O	1.0	0	0.116	0.352
17	O=S(=O)(NCCCN1CCC(O)(c2ccc(Cl)cc2)CC1)c1ccc(F)cc1	1.0	0	0.113	0.973
17	Cc1ccc(C(=O)c2cc(Cl)ccc2NS(=O)(=O)c2ccc(C(C)(C)C)cc2)nc1	1.0	0	0.191	0.972
17	COc1nc2c(nc(N)n2Cc1ccc(Cl)cc1)c1ccc(S(N)(=O)=O)cc1	0.0	0	0.0	0.0
17	C=CCOc1c(Cl)cc(Cl)cc1S(=O)(=O)Nc1ccc(C(=O)NCCCN2CCCC2=O)cc1	1.0	0	0.174	0.95
17	CCOc1nn(C)c(NS(=O)(=O)c2ccc(Cl)cc2)c1	1.0	0	0.131	0.971
17	COc1ccc(Cn2nc(NS(=O)(=O)c3ccc(Cl)s3)c3c2cccc3)cc1	1.0	1	0.272	0.97
17	COc1ncc(CN2C(=O)c3c(C2=O)c(NS(=O)(=O)c2ccc(C(C)(C)C)cc2)ccc3Cl)cc1	1.0	0	0.144	0.945
17	O=C(O)c1ccc(Oc2ccc(Cl)cc2NS(=O)(=O)c2cc(Cl)c(Cl)cc2)cc1	1.0	1	0.3	0.982
17	Cc1ncc(C(=O)c2cc(Cl)ccc2NS(=O)(=O)c2ccc(F)cc2)cc1	1.0	1	0.223	0.98
17	O=C(O)c1c(Oc2ccccc2NS(=O)(=O)c2ccc(C(C)(C)C)cc2)cccc1	1.0	1	0.31	0.982
17	COc1c2c(NS(=O)(=O)c3ccc(Cl)s3)nn(Cc3cccc(CN(C)C(C)=O)c3)c2ccc1	1.0	1	0.308	0.936
17	Cc1c(C(=O)NC(C)(C)C)nc2n1CCN(C(=O)c1ccccc1)C2C1=CCCN2C(=O)OC12	1.0	1	0.238	0.51
17	O=C(c1ccncn1)c1cc(Cl)ccc1NS(=O)(=O)c1ccc(-c2ccoc2)cc1	1.0	1	0.213	0.955
17	Cc1ccc(-c2ccc(S(=O)(=O)Nc3ccc(Cl)cc3C(=O)c3ccncc3)cc2)cc1	1.0	0	0.18	0.979
17	Cc1ccc(Oc2c(NS(=O)(=O)c3ccc(Cl)s3)ccc(S(=O)(=O)O)c2)cc1	1.0	1	0.273	0.969
17	Oc1cc(CSc2ccc(C(F)(F)F)cc2)nc2c1Nc1cc(Cl)ccc1O21	0.0	0	0.0	0.0
17	CCC(=O)c1ccnc2c1c(NS(=O)(=O)c1cccc(Cl)c1)nn2Cc1cccc(C)c1C	1.0	1	0.229	0.935
17	C=CCOc1c(Cl)cc(Cl)cc1S(=O)(=O)Nc1ccc(Cl)cc1OC	1.0	0	0.175	0.966
17	Cc1ncccc1Oc1ncc(Cl)cc1NS(=O)(=O)c1ccc(Cl)c(Cl)c1	1.0	1	0.377	0.964
17	CSc1ccc(S(=O)(=O)Nc2ccc(Cl)cc2C(=O)c2cnccc2)cc1	1.0	0	0.186	0.976
17	COc1c(Cl)ccc(C(=O)Nc2ccc(Cl)cc2)c1Cl	1.0	0	0.111	0.988
17	O=S(=O)(Nc1cc(Cl)ccc1Cn1cccn1)c1ccc2ccccc2c1	1.0	1	0.32	0.975
17	COc1cc2c(cc1NS(=O)(=O)c1c(Cl)c(Cl)ccc1)n(CC(N)=O)c(O)n2	1.0	0	0.173	0.938
17	CC(=O)C1=C(O)C(=O)N(c2c(Cl)c(Cl)ncc2)C1C1=C(OCc2ccccc2)C(OC)CCC1	1.0	1	0.26	0.596
17	O=C(O)c1ccccc1Oc1c(F)cccc1NS(=O)(=O)c1ccc(Cl)c(Cl)c1	1.0	1	0.36	0.973
18	COc1nn(C)c2c1c(NS(=O)(=O)c1cccc(Cl)c1)n[nH]c2	0.0	0	0.0	0.0
18	Cc1c(C(=O)NC(=O)C2CC3CCC2C3)c2ccccc2c1OCCCN(C)C	0.0	0	0.0	0.0
18	COc1c(-c2cc(Cl)ccc2NS(=O)(=O)c2ccc(C(C)(C)C)cc2)nccc1	1.0	1	0.271	0.973
18	O=C(c1ccncc1)c1cc(Cl)ccc1NS(=O)(=O)c1ccc(Br)cc1	1.0	1	0.204	0.981
18	CC(=O)NCc1cc(Cn2nc(NS(=O)(=O)c3ccc(Cl)s3)c3c(O)cccc32)ccc1	1.0	1	0.201	0.939
18	O=C(NCCO)c1cc(Oc2ccc(Cl)cc2NS(=O)(=O)c2ccc(Cl)c(Cl)c2)ccc1	1.0	1	0.394	0.975
18	CCCc1nc2nc(N)nn2c(O)c1Cc1cccc(Br)c1	1.0	1	0.514	0.927
18	O=C(NCCNC(=O)c1cc(Oc2ccc(Cl)cc2N)cc2c1ccccc2)CCc1ccc2ccccc2c1	0.0	0	0.0	0.0
18	COC(=O)CCC(=O)NCCCCCNC(=O)CC(O)c1ccc2ccccc2c1OC	1.0	0	0.111	0.913
18	COc1cccc2c1[nH]c(=O)c(=O)n2Cc1c(Cl)cccc1	1.0	1	0.267	0.977
18	Oc1ccc(C(=O)c2cc(Cl)ccc2NS(=O)(=O)c2ccc(F)cc2)cc1	1.0	1	0.216	0.984
18	N#Cc1cc(S(=O)(=O)Nc2cc(Cl)ccc2Cn2ccnc2)ccc1	1.0	1	0.297	0.965
18	CSc1ncc(C(=O)c2cc(Cl)ccc2NS(=O)(=O)c2cc(Cl)c(C(C)(C)C)cc2)cc1	1.0	1	0.206	0.948
18	CCCCCCc1nc2nc(N)nn2c(O)c1Cc1cccc(Cl)c1	1.0	1	0.556	0.937
18	CC(=O)N1CCC(NS(=O)(=O)c2ccc(NC(=O)c3ccccc3)c3c2cccc3)CC1	1.0	0	0.143	0.977
18	CCNS(=O)(=O)c1cccc(CNC(=O)c2cccc3ccccc23)c1	1.0	0	0.115	0.986
18	O=C(O)c1ccc(Oc2ccc(Cl)cc2NS(=O)(=O)c2ccc(Cl)c(Cl)c2)cc1	1.0	1	0.3	0.982
18	Cc1ccc(C(=O)c2cc(Cl)ccc2NS(=O)(=O)c2ccc(-c3cnco3)cc2)cc1	1.0	0	0.159	0.971
18	CCC(=O)C1=C(O)C(=O)N(c2cc(F)c(C(F)(F)F)cc2)C1C1CCCCC1	1.0	1	0.509	0.848
18	CN(C)c1ncnc(-c2cc(Cl)ccc2NS(=O)(=O)c2ccc(C(C)(C)C)cc2)c1	1.0	1	0.313	0.959
18	CCOC(=O)N1CCC(NS(=O)(=O)c2ccc(NCCc3ccccc3)c3ccccc23)CC1	1.0	0	0.158	0.97
18	CC(=O)C1=C(O)C(=O)N(c2cc(Cl)c(C)cc2)C1C1CCCCCCC1	1.0	1	0.337	0.909
18	Cc1c(C(=O)c2cc(Cl)ccc2NS(=O)(=O)c2ccc(C(C)(C)C#N)cc2)ccc[n+]1[O-]	1.0	1	0.215	0.921
18	CCOC(=O)Nc1cc(NS(=O)(=O)c2ccc(C(C)(C)C)cc2)ccc1	1.0	1	0.211	0.984
18	CC(=O)C1=C(O)C(=O)N(c2ccc(C)cc2)C1c1ccc(Cl)cc1	1.0	1	0.398	0.958
18	O=C(Nc1nc2ccccc2c2ccccc12)c1ccc(Cl)cc1	1.0	0	0.185	0.989
18	Cc1c(C(=O)Nc2ccc(S(=O)(=O)NC3CCCCC3)cc2)cccc1	1.0	0	0.107	0.987
18	O=S(=O)(Nc1cc(Cl)c(Cl)cc1Cn1cccn1)c1cccc(Cc2ccccc2)c1	1.0	1	0.271	0.966
18	Cc1ccc(S(=O)(=O)NCCN2CCC(O)(c3ccc(Cl)cc3)CC2)cc1	1.0	0	0.09	0.975
18	COC(=O)CCCSc1nnc(CSc2ccc(Cl)cc2)nc1N1CCCCC1CO	1.0	0	0.193	0.805
18	CCOc1c(Cl)cc(C=C(N)C(=O)O)cc1	1.0	0	0.064	0.967
18	COc1ccc(S(=O)(=O)Nc2cccc3c2CCC3)cc1	1.0	0	0.079	0.987
18	O=C(NCCN1CCCCC1)c1ccc(Cl)cc1NS(=O)(=O)c1ccc(Cl)c(Cl)c1	1.0	1	0.221	0.977
18	O=S(=O)(NCCCN1CCC(O)(c2ccc(Cl)cc2)CC1)c1ccccc1-c1ccccc1C#N	1.0	0	0.127	0.952
18	CC(C)c1nc2nc(N)nn2c(O)c1Cc1cc(Cl)cc(Cl)c1	1.0	1	0.474	0.908
18	CCOC(=O)CN=C1SC2CC(=O)N2C1S(=O)(=O)c1ccc(Cl)cc1	1.0	1	0.484	0.543
18	COc1ncc(-c2cc3c(NS(=O)(=O)c4ccc(Cl)cc4)cccn23)c2cc[nH]c12	0.0	0	0.0	0.0
18	CCOC(=O)N1CCC(NS(=O)(=O)c2ccc(Cl)cc2)c2ccccc21	1.0	0	0.184	0.938
18	Cc1c(C(=O)Nc2ccc(Cl)cc2C(=O)c2ccccc2)cccc1	1.0	1	0.246	0.991
18	O=S(=O)(Nc1cc(Cl)ccc1Cn1ccnn1)c1ccc2c(c1)cccc1	0.0	0	0.0	0.0
18	Cc1ccc(S(=O)(=O)Nc2ccc(Cl)cc2C(=O)c2ccncc2)cc1	1.0	0	0.199	0.983
18	Cc1ncccc1C(=O)c1ccc(Cl)cc1Cl	1.0	0	0.099	0.985
18	Cc1c(C(=O)Nc2ccc(S(=O)(=O)NC3CCCCC3C)cc2)cccc1	1.0	0	0.099	0.94
18	CC(=O)c1ccc(S(=O)(=O)Nc2ccc(Cl)cc2C(=O)c2c[n+]([O-])c(C)cc2)cc1	1.0	1	0.216	0.954
18	CSc1cc(C(=O)c2cc(Cl)ccc2NS(=O)(=O)c2ccc(C(C)(C)C)cc2)ccc1	1.0	1	0.212	0.972
18	O=C(c1cnc2ccccc2c1)c1ccc(Cl)cc1C(=O)c1ccccc1	1.0	1	0.327	0.983
18	CC(=O)C1=C(O)C(=O)N(c2cc(F)c(C)cc2)C1C1CCCCC1	1.0	1	0.33	0.908
18	CC(=O)C1=C(O)C(=O)N(c2ccc(F)cc2)C1C1CCCCCCC1	1.0	1	0.323	0.925
18	CCCC(=O)c1cc(Cl)ccc1NS(=O)(=O)c1cc(F)c(F)c(F)c1	1.0	0	0.176	0.969
18	O=S(=O)(Nc1cc(Cl)ccc1Cn1cccn1)c1ccc(Cl)cc1	1.0	1	0.31	0.978
18	COc1nc(Br)cnc1NS(=O)(=O)c1c(-c2ccccc2)ccs1	1.0	1	0.305	0.941
18	CC(=O)C1=C(O)C(=O)N(c2ccc(C)cc2)C1C1CCCCCCC1	1.0	1	0.308	0.928
18	Cc1c(C(=O)Nc2ccc(Cl)cc2)nn(Cc2ccc(Br)cc2)c1O	1.0	0	0.096	0.974
18	CC(=O)C1=C(O)C(=O)N(c2cc(C)ccc2)C1C1CCCCCC1	1.0	1	0.421	0.922
18	Cc1nccc(C(=O)c2cc(Cl)ccc2NS(=O)(=O)c2ccc(C(C)(C)C)cc2)c1O	1.0	1	0.211	0.961
18	Cc1nnc(SCC(=O)c2ccc(Cl)cc2)n1C	1.0	1	0.216	0.984
18	COC(=O)CCc1ccc(S(=O)(=O)Nc2ccc(Cl)cc2C(=O)c2ccncc2)cc1	1.0	1	0.201	0.975
18	Cc1[n+]([O-])cc(C(=O)c2cc(Cl)ccc2NS(=O)(=O)c2ccc(C(C)(C)C)cc2)cc1	1.0	0	0.191	0.948
18	CCCCCCCc1nc2nc(N)nn2c(O)c1Cc1cccc(Cl)c1	1.0	1	0.609	0.937
18	COC(=O)CCc1ccc(S(=O)(=O)Nc2ccc(Cl)cc2C(=O)c2ccncc2)cc1	1.0	1	0.201	0.975
18	COc1ccccc1Cc1c(O)n(Cc2ccccc2)c2ccccc12	1.0	1	0.304	0.981
18	COc1cccc(CNS(=O)(=O)c2ccc(Cl)cc2)c1O	1.0	0	0.113	0.987
18	O=C(Nc1ccccc1)c1cc(Cl)ccc1Oc1ccc(Cl)cc1NS(=O)(=O)c1ccc(Cl)c(Cl)c1	1.0	0	0.005	0.974
18	C=CCC(=O)c1cc(Cl)ccc1NS(=O)(=O)c1ccc(C)cc1	1.0	0	0.162	0.976
18	Cc1[n+]([O-])cc(C(=O)c2cc(Cl)ccc2NS(=O)(=O)c2ccc(C(C)(C)C)cc2)cc1	1.0	0	0.191	0.948
18	CC1CCN(C(=O)C(CCn2cccc2C#N)NS(=O)(=O)c2ccc3[nH]ccc3c2)CC1	1.0	1	0.217	0.817
18	O=S(=O)(NCCCN1CCC(O)(c2ccc(Cl)cc2)CC1)c1ccccc1-c1ccccc1	1.0	0	0.128	0.969
18	O=C(Cc1ccc(Oc2ccccc2)cc1=O)Nc1ccc(OC(F)(F)F)cc1	0.0	0	0.0	0.0
18	CC(C)(C)c1ccc(S(=O)(=O)Nc2ccc(Cl)cc2-c2c(O)cnc(N)n2)cc1	1.0	1	0.314	0.953
18	O=C(NCCO)c1ccccc1Oc1ncc(Cl)cc1NS(=O)(=O)c1ccc(Cl)c(Cl)c1	1.0	1	0.27	0.964
18	CC1CCN(C(=O)C(Cc2ccccc2)C(C)C)CC1	1.0	0	0.156	0.961
18	O=C(c1ncc(F)cc1)N1CCC(NS(=O)(=O)c2ccc(NC(=O)c3ccccc3)c3c2cccc3)CC1	1.0	0	0.005	0.962
18	O=C(c1ccncc1)c1cc(Cl)ccc1NS(=O)(=O)c1ccc([N+](=O)[O-])cc1	1.0	0	0.18	0.977
18	Cc1c(C(=O)Nc2ccc(S(=O)(=O)NC3CCN(C)CC3)c3c2cccc3)cccc1	1.0	0	0.151	0.976
18	O=C(NCCc1ccc(F)cc1)c1cc(S(=O)(=O)N2CCCCC2)ccc1Cl	1.0	0	0.103	0.984
18	CC(=O)Nc1ccc(S(=O)(=O)NCCc2ccccc2)cc1	1.0	0	0.104	0.991
18	Nc1ncc(Cl)nc1NS(=O)(=O)c1cccc(Cl)c1Cl	1.0	0	0.127	0.947
18	COc1c(C)cc(C(=O)Nc2cccc(NC(=O)c3ccccc3)c2)cc1	1.0	0	0.095	0.992
18	O=C(NCCN(Cc1ccc(OC(F)(F)F)cc1)C1CCNC1)c1ccccc1-c1ccccc1Cl	1.0	0	0.005	0.9
18	Cc1nnc(NC(=O)c2cccc(F)c2)s1	1.0	0	0.12	0.987
18	CC(=O)C1=C(O)C(=O)N(c2ccc(C)cc2)C1c1ccccc1	1.0	1	0.408	0.963
18	COC(=O)CCc1ccc(S(=O)(=O)Nc2ccc(Br)cc2C(=O)c2ccncc2)cc1	1.0	0	0.198	0.973
18	COc1ccccc1Cc1c(O)nc(N)nc1NCc1ccc(OC(F)F)cc1	1.0	1	0.216	0.956
18	O=S(=O)(Nc1cc(Cl)cnc1Nc1ccccc1C(O)c1cccc(O)c1)	1.0	1	0.236	0.757
18	O=C(c1cnccc1)c1cc(Cl)ccc1NS(=O)(=O)c1cccc(Cl)c1	1.0	1	0.205	0.98
18	CC(=O)C1=C(O)C(=O)N(c2ccc(C)cc2)C1C1CCCCCCC1	1.0	1	0.308	0.928
18	CC(=O)C1=C(O)C(=O)N(c2cc(Cl)c(C(=O)c3ccccc3)cc2)C1C	1.0	0	0.116	0.921
18	O=C(c1ccncc1)c1cc(Cl)ccc1NS(=O)(=O)c1ccc(I)cc1	1.0	1	0.203	0.977
18	Cc1cc(C(=O)c2cc(Cl)ccc2NS(=O)(=O)c2ccc(C(C)(C)C)cc2)ccn1	1.0	1	0.2	0.972
18	COCCOc1ccc(S(=O)(=O)Nc2ccc(Cl)cc2C(=O)c2ccncc2)cc1	1.0	1	0.201	0.977
18	O=C(c1ccncc1)c1cc(Cl)ccc1NS(=O)(=O)c1ccc(-c2cnco2)cc1	1.0	0	0.181	0.964
18	O=C(O)c1c(Oc2ccc(Cl)cc2NS(=O)(=O)c2ccc(Cl)s2)cccc1	1.0	1	0.267	0.974
18	O=C(NCCNC(=O)c1ccc(C(F)(F)F)cc1)NS1(=O)=CNCCN1	1.0	0	0.088	0.654
18	O=C(Nc1ccc(S(=O)(=O)c2ccccc2)cc1)N1CCc2ccccc21	1.0	0	0.141	0.984
18	CC(=O)C1=C(O)C(=O)N(c2ccc(C)cc2)C1C1CCCCC1	1.0	1	0.328	0.929
18	O=C(Nc1cc(C(=O)c2ccccc2)ccc1)c1ccc(Oc2ccccc2)cc1	1.0	0	0.092	0.99
18	Cc1c(C(=O)Nc2ccc(S(=O)(=O)NC3CCNCC3)cc2)cccc1	1.0	0	0.095	0.982
18	CC(C)(C)c1ccc(S(=O)(=O)Nc2cccc3c2CCNC3)cc1	1.0	0	0.13	0.972
18	Cc1ccccc1C(=O)Nc1ccc(Cl)cc1C(=O)c1ccccc1Cl	1.0	1	0.26	0.988
18	O=C(O)c1ccccc1Oc1ccc(Cl)cc1NS(=O)(=O)c1cccc(Cl)c1	1.0	1	0.328	0.982
19	Nc1nn2c(O)c(Cc3cccc(Br)c3)c(C3CC3)nc2n1	1.0	1	0.759	0.913
19	COc1nc(NS(=O)(=O)c2ccc(NC(C)=O)cc2)c2cccccc2n1	0.0	0	0.0	0.0
19	O=C(CCNS(=O)(=O)c1ccc(Cl)cc1)c1ccccc1	1.0	0	0.085	0.99
19	Cc1ccc(C(=O)c2cc(Cl)ccc2NS(=O)(=O)c2ccc(NC(C)=O)cc2)cc1	1.0	1	0.212	0.984
19	Cc1cc(Oc2c(C(=O)O)cccc2)c(NS(=O)(=O)c2ccc(Cl)cc2)cc1	1.0	1	0.288	0.983
19	Cn1ncc2cc(CNc3ccc(S(=O)(=O)Nc4ccc(C(F)(F)F)cc4)cc3)ccc21	1.0	0	0.118	0.968
19	CSc1cc(C(=O)c2cc(Cl)ccc2NS(=O)(=O)c2ccc(C(C)(C)C)cc2)ccc1	1.0	1	0.212	0.972
19	CC(=O)NCc1ccc(C(=O)Nc2cccc(OC(F)(F)C(F)(F)F)c2)cc1	1.0	0	0.109	0.974
19	COCCOc1nnc(Cl)nc1NS(=O)(=O)c1ccccc1C(O)c1cccc(C(F)(F)F)c1	1.0	1	0.269	0.804
19	Cc1cc(CN2C(=O)c3c(C2=O)c(NS(=O)(=O)c2ccc(C(C)(C)C)cc2)ccc3Cl)cnc1	1.0	0	0.16	0.942
19	COc1c(C(=O)Nc2ccc(Cl)cc2)nc(Nc2ccccc2)cc1	1.0	0	0.124	0.986
19	COc1nc(Br)cnc1NS(=O)(=O)c1cccc(Cl)c1	1.0	0	0.114	0.963
19	CC(=O)C1=C(O)C(=O)N(c2cc(Cl)c(C(=O)Nc3ccccc3)cc2)C1O	1.0	0	0.128	0.926
19	CSc1ccc(C(=O)Nc2ccc(S(=O)(=O)NC3CCNCC3)cc2)cc1	1.0	0	0.108	0.977
19	CNc1cc(N2CCC(O)CC2)cc(C(=O)c2ccncc2)c1	1.0	0	0.185	0.966
19	CC(=O)NC1C(=O)Nc2c(c(Cl)ncn2)C1C	1.0	0	0.076	0.572
19	O=C(NS(=O)(=O)c1ccc(OCc2ccccc2)cc1)c1ccc(Cl)cc1	1.0	0	0.125	0.99
19	CSc1ccc(C(=O)Nc2ccc(Cl)cc2C(=O)c2ccncc2)cc1	1.0	1	0.205	0.982
19	COc1nc(Br)cnc1NS(=O)(=O)c1c(-c2ccccc2)ccs1	1.0	1	0.305	0.941
19	CC(=O)C1=C(O)C(=O)N(c2ccc(C)cc2)C1c1ccc(OC)cc1[B]1	0.0	0	0.0	0.0
19	CN(C)c1ncnc(-c2cc(Cl)ccc2NS(=O)(=O)c2ccc(C3CCCC3)cc2)c1C	1.0	1	0.342	0.945
19	CCCC(=O)N1CCC(NS(=O)(=O)c2ccc(NC(=O)c3ccc(C)cc3C)c3c2cccc3)CC1	1.0	0	0.005	0.965
19	Cc1c(C(=O)Nc2ccc(S(=O)(=O)NC3CCN(C(=O)C4CC4)CC3)c3c2cccc3)cccc1	1.0	0	0.153	0.97
19	O=C(O)c1c(F)cccc1Oc1ccc(Cl)cc1NS(=O)(=O)c1ccc(Cl)c(Cl)c1	1.0	1	0.311	0.972
19	Cn1nnnc1Cc1cc(Cl)ccc1NS(=O)(=O)c1ccc(N2CCOCC2)cc1	1.0	1	0.252	0.956
19	CC(=O)C1=C(O)C(=O)N(c2cccc(C)c2)C1C1CCCCC1	1.0	1	0.301	0.922
19	Cc1cc(C(=O)c2cc(Cl)ccc2NS(=O)(=O)c2ccc(C(C)(C)C)cc2)ccc1	1.0	1	0.209	0.98
19	Cc1nc(C)c(NS(=O)(=O)c2ccc(NCCC(N)C(=O)N3CCCC3)cc2)cn1	1.0	0	0.109	0.889
19	COc1ncc(CN2c3ccccc3CC2c2cccc(C(N)=O)c2)cc1	1.0	1	0.31	0.925
19	COc1c2c(NS(=O)(=O)c3cc(Cl)sc3)nn(Cc3cccc(CN(C)C(C)=O)c3)c2ccc1	1.0	1	0.215	0.918
19	CSc1cc(C(=O)c2cc(Cl)ccc2NS(=O)(=O)c2ccc(C(C)(C)C)cc2)ccc1	1.0	1	0.212	0.972
19	COc1cccc2cc(-c3cc(Cl)ccc3C)c(CN(C)C(=O)c3ccccc3)cc12	1.0	1	0.238	0.975
19	Cc1ncc(C(=O)c2cc(Cl)ccc2NS(=O)(=O)c2cc(C(F)(F)F)c(Cl)cc2)cn1	1.0	0	0.19	0.955
19	Cc1ncccc1NS(=O)(=O)c1ccc(NS(=O)(=O)c2ccc(Cl)cc2)cc1	1.0	0	0.097	0.981
19	CC(=O)C1=C(O)C(=O)N(c2cc(F)c(C)cc2)CC1C	1.0	1	0.222	0.89
19	O=S(=O)(Nc1cc(Cl)ccc1Cn1cnc2ccccc21)c1ccc(Cl)cc1Cl	1.0	1	0.406	0.97
19	COc1nn(C)c2c1c(NS(=O)(=O)c1cccc(Cl)c1Cl)nc(NC1CN1)n2	1.0	1	0.299	0.746
19	CC(=O)C1=C(O)C(=O)c2c1cccc2C(=O)N1CCCCC1=O	1.0	1	0.253	0.932
19	O=S(=O)(Nc1cc(Cl)ccc1Cn1ccnn1)c1ccc2ccccc2c1	1.0	1	0.326	0.968
19	Cc1cc(Oc2ccc(C(=O)NCCN3CCCC3)cc2)c(Nc2cc(N)nc(N)n2)cc1	1.0	1	0.22	0.959
19	O=S(=O)(Nc1ncnc2c1cccc2c1ccccc1)	1.0	0	0.131	0.928
19	CC(C)(C)c1ccc(S(=O)(=O)Nc2ccc(Cl)cc2C(=O)c2c(C(N)=O)n[nH]c2)cc1	1.0	1	0.215	0.936
19	O=C(O)c1c(Oc2cccc(F)c2NS(=O)(=O)c2ccc(Cl)c(Cl)c2)cccc1	1.0	1	0.447	0.974
19	O=C(O)c1c(Oc2c(Cl)cccc2NS(=O)(=O)c2ccc(Cl)cc2)cccc1	1.0	1	0.364	0.98
19	CC(C)(C)c1ccc(S(=O)(=O)Nc2ccc(Br)cc2-c2cc(Cl)ccc2)cc1	1.0	1	0.296	0.98
19	O=S(=O)(Nc1cc(Cl)ccc1Cn1ccnn1)c1cccc(C(F)(F)F)c1	1.0	1	0.368	0.958
19	COc1ccc(C(=O)N(Cc2ccccc2)c2ccccc2)cc1	1.0	1	0.314	0.992
19	COc1ccc(S(=O)(=O)Nc2ccc(Cl)cc2C(=O)NCCc2ccccc2)cc1	1.0	0	0.164	0.986
19	O=C(O)c1c(Oc2nccnc2NS(=O)(=O)c2ccc(Cl)c(Cl)c2)cccc1	1.0	1	0.3	0.968
19	CC1CCN(C(=O)C(CCn2cccc2C#N)NS(=O)(=O)c2ccc3[nH]ccc3c2)CC1	1.0	1	0.217	0.817
19	Cc1nn(Cc2ccc(C(=O)c3ccccc3)cc2)cc1F	1.0	0	0.127	0.98
19	O=C(NCCN1CCCCC1)c1ccc(Oc2ccccc2)cc1	1.0	0	0.117	0.991
19	CC(C)(C)c1ccc(S(=O)(=O)Nc2ccc(Cl)c3c2C(=O)N(Cc2ccncc2)C3=O)cc1	1.0	0	0.133	0.954
19	c1ccc(SSc2ccccc2Cn2cccc2)cc1	1.0	0	0.179	0.961
19	CS(=O)(=O)c1ccc(S(=O)(=O)Nc2ccc(Br)cc2C(=O)c2ccncc2)cc1	1.0	0	0.189	0.975
19	Cc1ccc(S(=O)(=O)Nc2ccc(Cl)cc2C(=O)c2c[n+]([O-])c(C)cc2)cc1	1.0	1	0.225	0.959
19	Cc1c(C(=O)Nc2ccc(S(=O)(=O)Nc3ccc(S(=O)(=O)O)cc3)cc2)ccc(Br)c1	1.0	0	0.111	0.98
19	N#Cc1cc(F)ccc1NS(=O)(=O)c1ccc(Cl)c(Cl)c1	1.0	0	0.17	0.98
19	Cc1c(C(=O)Nc2ccc(S(=O)(=O)NC3CCN(C(=O)c4ccccc4)CC3)c3c2cccc3)cccc1	1.0	0	0.005	0.972
19	Cc1nc(NCCO)c(-c2cc(Cl)ccc2NS(=O)(=O)c2ccc(OC(F)(F)F)cc2)c2nc(C3CC3)ccc12	1.0	0	0.005	0.891
19	N#Cc1cc(NS(=O)(=O)c2ccc(Cl)cc2)c(N2CCNCC2)cn1	1.0	1	0.248	0.952
19	N#Cc1ccc(Oc2ccc(NC(=O)c3cccn(Cc4ccccc4)c3)c2)nc1	0.0	0	0.0	0.0
19	O=S(=O)(Nc1cc(Cl)ccc1Cn1cccn1)Cc1c(Cl)cccc1	1.0	0	0.191	0.968
19	CCC(=O)C1=C(O)C(=O)N(c2ccc(C)cc2)C1C1CCCCC1	1.0	1	0.319	0.913
19	COc1cc(Oc2ccc(C(=O)NCc3ccccc3)c3c2cccc3OC(C)(C)c2ccc(CO)cc2)cc1	0.0	0	0.0	0.0
19	O=S(=O)(Nc1cc(Cl)ccc1Cn1ccnc1)c1ccccc1	1.0	1	0.266	0.978
19	C=C(C)c1cc(NS(=O)(=O)c2ccc(CC)cc2)ccc1=	0.0	0	0.0	0.0
19	CC1CCN(c2c(S(=O)(=O)c3ccc(Cl)cc3)c3ccccc3n2)CC1	0.0	0	0.0	0.0
19	CNC(=O)N1CCC(NS(=O)(=O)c2ccc(NC(=O)c3c(C)cccc3)c3c2cccc3)CC1	1.0	0	0.145	0.967
19	COc1c(-c2cc(Cl)ccc2NS(=O)(=O)c2ccc(C(C)(C)C)cc2)nccc1	1.0	1	0.271	0.973
19	Nc1nn2c(O)c(Cc3cccc(Cl)c3)c(C3CC3)nc2n1	1.0	1	0.591	0.922
19	Cc1ccc(S(=O)(=O)NCCCN2CCC(O)(c3ccc(Cl)cc3)CC2)cc1	1.0	0	0.089	0.974
19	Cc1c(C(=O)c2cc(Cl)ccc2NS(=O)(=O)c2ccc(OC(C)C)cc2)cccc1	1.0	1	0.214	0.98
19	Cc1c(Oc2ccc(Cl)cc2NS(=O)(=O)c2ccc(Cl)cc2)cccc1	1.0	1	0.267	0.987
19	Cc1c(C(=O)Nc2ccc(S(=O)(=O)NC3CCN(C)CC3)c3c2cccc3)cccc1	1.0	0	0.151	0.976
19	O=C(O)c1c(Oc2c(Cl)cccc2NS(=O)(=O)c2ccc(Cl)cc2)c(C(=O)O)cc1	0.0	0	0.0	0.0
19	Cc1cc(NC(=O)c2ccc(OCc3c(Cl)cccc3Cl)c(O)c2)ccn1	1.0	0	0.096	0.976
19	CC(C)(C)c1ccc(S(=O)(=O)Nc2ccc(Cl)cc2C(=O)c2cnc(S(C)(=O)=O)cc2)cc1	1.0	1	0.211	0.961
19	Cc1nn(Cc2ccc(C(F)(F)F)cc2NS(=O)(=O)c2ccc(Cl)cc2)cc1	1.0	1	0.303	0.967
19	Cc1nc(N)nc(N)c1Cc1cc(Cl)ccc1	1.0	0	0.157	0.975
19	COc1ccc(NS(=O)(=O)c2ccc(N3C(=O)c4c(cccc4)C3=O)c3c2cccc3CN3CCCC3)cc1	1.0	0	0.005	0.956
19	Cc1cccc(NS(=O)(=O)c2ccc(NCCc3ccccc3)c3c2cccc3)c1	1.0	0	0.178	0.983
19	Fc1ccccc1Oc1c(Cl)cc(Cl)cc1N1C(=O)c2ccccc2C12OCCC(O)C21	0.0	0	0.0	0.0
19	CC(=O)NCc1ccc(C(=O)Nc2cccc(Cl)c2C(=O)c2ccncc2)cc1	1.0	0	0.197	0.978
19	CC(=O)C1=C(O)C(=O)N(c2cc(F)c(C(=O)c3ccccc3)cc2)C1C1CCCCC1	1.0	1	0.418	0.904
19	Cc1c(C(=O)Nc2ccc(S(=O)(=O)NC3CCN(C(C)C)CC3)c3c2cccc3)cccc1	1.0	0	0.154	0.972
19	O=S(=O)(Nc1cc(Cl)ccc1Cn1ccnn1)c1ccc(Cl)s1	1.0	1	0.356	0.947
19	CC(C)(C)c1ccc(S(=O)(=O)Nc2cc(F)ccc2C(=O)c2ccncc2)cc1	1.0	1	0.211	0.976
19	O=C(Nc1ccc(Nc2ccccc2C(=O)c2cc(F)ccc2)cc1)NN	1.0	1	0.253	0.982
19	O=C(O)c1c(Oc2ncncc2NS(=O)(=O)c2ccc(Cl)c(Cl)c2)cccc1	1.0	1	0.264	0.966
19	O=C(c1ccncc1)c1cc(Cl)ccc1NS(=O)(=O)c1ccc(N2CCOCC2)cc1	1.0	0	0.187	0.973
19	N#Cc1ccc(Oc2ncc(Cl)cc2NS(=O)(=O)c2ccc(Cl)c(Cl)n2)nc1	1.0	1	0.296	0.905
19	COc1cc2c(cc1NS(=O)(=O)c1c(Cl)c(Cl)ccc1)nc(O)n2C1COC	0.0	0	0.0	0.0
19	O=S(=O)(Nc1cc(Cl)ccc1Cn1ccnn1)c1cscc1	1.0	1	0.237	0.938
19	COCCOc1ccnc(CNc2cc(Cl)ccc2NS(=O)(=O)c2ccc(Cl)c(Cl)c2)c1	1.0	0	0.142	0.962
19	O=C(NCCN1CCCCC1)c1ccc(Cl)cc1NS(=O)(=O)c1ccc(Cl)c(Cl)c1	1.0	1	0.221	0.977
19	COc1ccc(Sc2ccc(Cl)cc2NS(=O)(=O)c2ccc(C(C)(C)C)cc2)cc1	1.0	1	0.207	0.976
19	O=C(NCc1cccnc1)c1ccccc1NS(=O)(=O)c1ccc(Cl)c(Cl)c1	1.0	0	0.153	0.983
19	O=C(O)c1c(Oc2ncncc2NS(=O)(=O)c2ccc(Cl)c(C(F)(F)F)c2)cccc1	1.0	1	0.3	0.953
19	COc1c(-c2cc(Cl)ccc2NS(=O)(=O)c2ccc(Cl)cc2)c(C)nc1C	0.0	0	0.0	0.0
20	O=C(c1ccncc1)c1cc(Cl)ccc1NS(=O)(=O)c1ccc(-c2ccccc2)cc1	1.0	0	0.152	0.981
20	O=C(O)c1cc(Oc2ncc(Cl)cc2NS(=O)(=O)c2cc(Cl)c(Cl)cc2)ccc1	1.0	1	0.209	0.971
20	CC(=O)C1=C(O)C(=O)N(c2cc(F)c(C)cc2)C1C1CCCCC1	1.0	1	0.33	0.908
20	O=S(=O)(Nc1cc(Cl)ccc1Cn1cncc1)c1ccc(Cl)s1	1.0	1	0.241	0.958
20	CC(=O)C1=C(O)C(=O)N(c2ccc(C)cc2)C1c1ccc(Cl)cc1	1.0	1	0.398	0.958
20	COc1ccc(S(=O)(=O)Nc2ccc(Cl)cc2C(=O)c2nccs2)cc1	1.0	0	0.166	0.973
20	Cc1c(Oc2ccc(Cl)cc2NS(=O)(=O)c2ccc(Cl)cc2)cccc1	1.0	1	0.267	0.987
20	O=C(O)c1c(Oc2ncc(Cl)cc2NS(=O)(=O)c2ccc(Cl)s2)cccc1	1.0	1	0.249	0.962
20	CC(C)(C)c1ccc(S(=O)(=O)Nc2cc(Cl)ccc2C(=O)c2ccncc2)cc1	1.0	1	0.213	0.976
20	CC(C)NS(=O)(=O)c1cccc(CNC(=O)c2cccc(C(=O)N3CCCC3)c2)c1	1.0	0	0.103	0.98
20	CC(=O)C1=C(O)C(=O)N(c2cc(F)c(C(=O)O)cc2)C1C1CCCCC1	1.0	1	0.216	0.895
20	CC(=O)NCCc1c(-c2ccc(Cl)cc2)nccc1CCc1cnc(OC)cc1	1.0	0	0.189	0.96
20	O=C(O)c1c(Oc2c(Cl)cccc2NS(=O)(=O)c2ccc(Cl)cc2)cccc1	1.0	1	0.364	0.98
20	CC(C)(C)c1ccc(S(=O)(=O)Nc2ccc(Cl)cc2C(=O)c2c(Cl)ncnc2O	0.0	0	0.0	0.0
20	Cc1c(C(=O)NNC(=O)c2cccc(S(=O)(=O)N3CCCC3)c2)cccc1	1.0	0	0.089	0.985
20	O=C(NS(=O)(=O)c1cc(Cl)ccc1)NOCc1cc(Cl)ccc1	1.0	0	0.102	0.974
20	O=S(=O)(Nc1cc(Cl)ccc1Cn1ccnn1)c1ccc(Cl)s1	1.0	1	0.356	0.947
20	O=C(O)c1ccc(Oc2ccc(Cl)cc2NS(=O)(=O)c2ccc(Cl)cc2)cc1	1.0	1	0.277	0.986
20	CCOC(=O)N1CCC(NS(=O)(=O)c2ccc(OCc3ccccc3)c3c2cccc3)CC1	1.0	0	0.153	0.974
20	CC(C)(C)c1ccc(S(=O)(=O)Nc2ccc(Cl)cc2-c2c(O)ccc3nc(O)ccc23)cc1	1.0	1	0.214	0.948
20	Cc1[n+]([O-])cc(C(=O)c2cc(Cl)ccc2NS(=O)(=O)c2ccc(C(C)(C)C)cc2)nc1	1.0	0	0.2	0.928
20	Cc1c(C(=O)c2cc(Cl)ccc2NS(=O)(=O)c2ccc(S(C)(=O)=O)cc2)ccc[n+]1[O-]	1.0	0	0.196	0.947
20	CC1CCCCN1C(=O)C(Cc1ccccc1)NS(=O)(=O)c1cc(Cl)c(Cl)cc1	1.0	1	0.291	0.916
20	Nc1nn2c(O)c(Cc3ccccc3)c(C3CC3)nc2n1	1.0	1	0.58	0.937
20	CN(C)C(=O)C(C)(C)c1ccc(S(=O)(=O)Nc2ccc(Cl)cc2C(=O)c2cncc(Br)c2)cc1	1.0	0	0.182	0.941
20	COc1cc2c(cc1NS(=O)(=O)c1c(Cl)c(Cl)ccc1)n(CC(N)=O)c(O)n2	1.0	0	0.173	0.938
20	CNc1nc(-c2cc(Cl)ccc2NS(=O)(=O)c2cc(F)c(C)cc2)c(C)cn1	1.0	1	0.341	0.959
20	Cc1ccc(N2N=C(C(=O)c3cccc(C)c3)CC2C2CC3CCCN2C3=O)cc1	1.0	1	0.317	0.334
20	O=C(NCCNC(Cc1ccc(Cl)cc1)c1ccccc1)N	1.0	1	0.229	0.965
20	Cc1c(C(=O)Nc2cc(Cl)ccc2NS(=O)(=O)c2ccc(Cl)cc2)cccc1	1.0	1	0.276	0.986
20	Cc1cc(C(=O)c2cc(Cl)ccc2NS(=O)(=O)c2ccc(-c3cnco3)cc2)ccn1	1.0	0	0.194	0.956
20	CCCCCCc1nc2nc(N)nn2c(O)c1Cc1cccc(Cl)c1	1.0	1	0.556	0.937
20	O=[N+]([O-])c1cc(O)c2N=C(Nc3ccccc3Oc3ccccc3)NS(=O)(=O)c2c1	1.0	0	0.187	0.899
20	O=S(=O)(NCCN1CCC(Nc2ccc(Cl)cc2)CC1)c1cccc(Cl)c1	1.0	0	0.091	0.98
20	COc1nn(CC(N)=O)c2c1c(NS(=O)(=O)c1cccc(Cl)c1Cl)ncn2	1.0	1	0.217	0.926
20	CN(C)C(=O)C(C)(C)c1ccc(S(=O)(=O)Nc2ccc(Cl)cc2C(=O)c2ccncc2)cc1	1.0	0	0.193	0.954
20	CC(C)(CO)c1ccc(S(=O)(=O)Nc2ccc(Cl)cc2C(=O)c2ccccn2)cc1	1.0	1	0.224	0.965
20	O=C(c1ccncc1)c1cc2ccccc2n1Cc1cc(Cl)ccc1	1.0	1	0.326	0.979
20	CC1(c2ccc(S(=O)(=O)Nc3ccc(Cl)cc3C(=O)c3ccncc3)cc2)OCCO1	1.0	0	0.191	0.949
20	O=C(O)c1c(Oc2nccnc2NS(=O)(=O)c2ccc(Cl)cc2)cccc1	1.0	1	0.223	0.974
20	Cc1ccc(OCc2nc3cc(CCC(=O)O)ccc3n2C)cc1	1.0	0	0.093	0.982
20	Cc1ncc(C(=O)c2cc(Cl)ccc2NS(=O)(=O)c2ccc(-c3ccccc3)cc2)cc1	1.0	1	0.201	0.979
20	O=S(=O)(Nc1cc(Cl)ccc1Cn1ccnn1)c1c(Cl)c(Cl)cc1	0.0	0	0.0	0.0
20	Cc1cc(C(=O)c2cc(Cl)ccc2NS(=O)(=O)c2ccc(S(C)(=O)=O)cc2)ccn1	1.0	0	0.18	0.971
20	O=C(Nc1ccc(S(=O)(=O)NC2CCNCC2)c2c1cccc2)c1ccccc1	1.0	0	0.152	0.977
20	Cc1nc(C)c(N2C(=O)c3c(C2=O)c(NC(=O)C(C)(C)c2ccccc2)ccc3C2=CCCC2)nc1	1.0	0	0.005	0.867
20	CCCN(CCC)c1ccc(S(=O)(=O)Nc2ccc(Cl)cc2C(=O)c2ccncc2)cc1	1.0	0	0.183	0.966
20	COc1c(Oc2ccc(Cl)cc2NS(=O)(=O)c2ccc(C(C)(C)C)cc2)cccc1	1.0	1	0.418	0.982
20	CC(=O)NCc1cc(Cn2nc(NS(=O)(=O)c3ccc(Cl)s3)c3c(C(C)(C)O)cccc32)ccc1	1.0	1	0.226	0.918
20	COc1cc2c(cc1NS(=O)(=O)c1c(Cl)nccc1)cn2CO	0.0	0	0.0	0.0
20	COc1c(Cl)ccc(NS(=O)(=O)c2ccc(C(C)(C)C)cc2)c1	1.0	0	0.126	0.987
20	CC(=O)Nc1ccc(S(=O)(=O)Nc2ccc(C(=O)N3CCCCC3)cc2)cc1	1.0	0	0.126	0.987
20	Cc1ncc(C(=O)c2cc(Cl)ccc2NS(=O)(=O)c2ccc(C(C)(C)c3cnco3)cc2)cc1	1.0	0	0.198	0.921
20	Nc1nn2c(O)c(Cc3cccc(Cl)c3)c(C3CCCC3)nc2n1	1.0	1	0.238	0.924
20	O=C(NCCN1CCCCC1)c1cc(Oc2ncc(Cl)cc2NS(=O)(=O)c2ccc(Cl)c(Cl)c2)ccc1	1.0	0	0.005	0.957
20	CC(C)(C)c1ccc(S(=O)(=O)Nc2cccc3c2C(=O)N(c2cncc(C#N)c2)C3=O)cc1	1.0	0	0.129	0.944
20	CCN(CC)CCCCNc1c(-c2cc(Cl)ccc2NS(=O)(=O)c2ccc(C(C)(C)C)cc2)nc(C)c1C	0.0	0	0.0	0.0
20	CCc1nc2nc(N)nn2c(O)c1Cc1cccc(Cl)c1	1.0	1	0.463	0.935
20	COc1ccc(CC(=O)Nc2ccc(S(=O)(=O)N3CCCCC3)cc2)cc1	1.0	0	0.102	0.989
20	Cc1cc(CN2C(=O)c3c(C2=O)c(NS(=O)(=O)c2ccc(C(C)(C)C)cc2)ccc3Cl)cnc1	1.0	0	0.16	0.942
20	CS(=O)(=O)c1ccc(S(=O)(=O)Nc2ccc(Cl)cc2C(=O)c2ccccc2)cc1	1.0	0	0.199	0.983
20	COc1ccc(C(CO)NC(=O)c2ccc(Cl)cc2)cc1	1.0	0	0.121	0.978
20	O=C(O)c1ccc(CSc2nc3ncccc3o2)cc1	1.0	0	0.147	0.975
20	CCNC(=O)Nc1ccc(NC(=O)Nc2ccc(C3(C)NC(=O)C3CC3)cc2)cc1	0.0	0	0.0	0.0
20	CN(C)C(=O)CCc1ccc(S(=O)(=O)Nc2ccc(Cl)cc2C(=O)c2ccncc2)cc1	1.0	0	0.182	0.971
20	O=C(c1ccncc1)c1cc(Cl)ccc1NS(=O)(=O)c1ccc(N2CCOCC2)cc1	1.0	0	0.187	0.973
20	Cc1c(Oc2ccc(Cl)cc2NS(=O)(=O)c2ccc(Cl)c(C(F)(F)F)c2)ccc(C(=O)O)c1	1.0	1	0.346	0.968
20	CNC(=O)C(Cc1ccc(Cl)cc1)NC(=O)c1ccc(NS(=O)(=O)c2cccc3ccccc23)cc1	1.0	0	0.005	0.945
20	CC(=O)C1=C(O)C(=O)N(c2ccc(C(F)(F)F)cc2)C1c1cc(Cl)ccc1	1.0	1	0.395	0.935
20	Cc1c(C(=O)Nc2cc(Cl)c(Cl)cc2)cccc1Cn1[se]c2ccccc2c1=	0.0	0	0.0	0.0
20	CC1CCCN(C(=O)C(CCn2cccc2C#N)NS(=O)(=O)c2ccc(C(C)(C)C)cc2)N1	1.0	1	0.298	0.619
20	CC(=O)C1=C(O)C(=O)N(c2cc(Cl)c(C)cc2)C1C1CCCCC1	1.0	1	0.374	0.909
20	O=C(c1ccncc1)c1cc(Cl)ccc1NS(=O)(=O)c1ccc(C(F)(F)F)cc1	1.0	0	0.194	0.976
20	Cc1nc(C(=O)c2cc(Cl)ccc2NS(=O)(=O)c2ccc(Cl)cc2)cnc1	1.0	1	0.203	0.97
20	Cc1nc(C(=O)c2cc(Cl)ccc2NS(=O)(=O)c2ccc(C(C)(C)C)cc2)ccc1C	1.0	1	0.228	0.967
20	CC(C)(C)c1ccc(S(=O)(=O)Nc2ccc(Cl)cc2C(=O)c2cccnc2)cc1	1.0	0	0.19	0.977
20	CC(=O)C1=C(O)C(=O)N(c2cc(Cl)ccc2)C1C1CCCCC1O	1.0	1	0.418	0.754
20	CS(=O)(=O)c1ccc(S(=O)(=O)Nc2ccc(C(=O)Nc3ccc(Cl)cc3)cc2)cc1	1.0	0	0.124	0.987
20	CCCC(=O)N1CCC(NS(=O)(=O)c2ccc(NC(=O)C3CCCCC3)c3c2cccc3)CC1	1.0	0	0.138	0.965
20	Nc1nn2c(O)c(Cc3cccc(Cl)c3)c(C3CC3)nc2n1	1.0	1	0.591	0.922
20	Cc1cc(C(=O)c2cc(Cl)ccc2NS(=O)(=O)c2ccc(-c3nnco3)cc2)ccn1	1.0	0	0.187	0.954
20	O=C(c1cccnc1)c1cc(Cl)ccc1NS(=O)(=O)c1ccc(N2CCOCC2)cc1C	1.0	0	0.196	0.965
20	O=S(=O)(Nc1cc(C(F)(F)F)ccc1)Cc1ccccc1	1.0	0	0.132	0.987
20	CC(=O)C1=C(O)C(=O)N(c2ccc(C)cc2)C1C1CCCCCC1	1.0	1	0.455	0.929
20	O=S(=O)(NCCCN1CCC(O)(c2ccc(Cl)cc2)CC1)c1ccccc1	1.0	0	0.147	0.976
20	O=S(=O)(Nc1cc(Cl)c(Cl)cc1Cn1ccnn1)c1cccc2nonc12	1.0	1	0.306	0.917
20	Cc1cccc2nc(CSc3ncccn3)c(Br)cc12	1.0	0	0.168	0.958
20	CCOC(=O)NCc1ccc(C(=O)c2cc(Cl)ccc2NS(=O)(=O)c2ccc(Cl)c(C(F)(F)F)c2)cc1	1.0	0	0.005	0.961
20	COCCNS(=O)(=O)c1ccc(C)cc1CCN1CCClC1=O	0.0	0	0.0	0.0
20	CC(=O)c1ccc(S(=O)(=O)Nc2ccc(Cl)cc2C(=O)c2ccncc2)cc1	1.0	0	0.194	0.98
20	COc1nn(CC(N)=O)c2c1c(NS(=O)(=O)c1ccccc1)ncn2	1.0	0	0.152	0.952
20	COc1ccc(CNC(=O)c2ccc(CS(=O)(=O)c3ccccc3)cc2)cc1	1.0	0	0.098	0.989
20	CCCCOc1nc2nc(C)c(C)c(C)c2nc1SCCCBr	1.0	0	0.148	0.873
20	CC(=O)C1=C(O)C(=O)N(c2ccc(C(F)(F)F)cc2)C1C1CCCCC1O	1.0	1	0.495	0.73
20	CC(C)(C)c1ccc(S(=O)(=O)Nc2ccc(Cl)cc2-c2c(O)c(Cl)cnc2)cc1	1.0	1	0.242	0.956
20	COc1c(Oc2ccc(Cl)cc2NS(=O)(=O)c2ccc(C(C)(C)C)cc2)coc1	1.0	1	0.344	0.953
20	COc1c(NS(=O)(=O)c2cccnc2)ccc(C(=O)c2ccccc2)c1	1.0	0	0.13	0.984
20	Cc1ccc(S(=O)(=O)NCCCN2CCC(O)(c3ccc(Cl)cc3)CC2)cc1	1.0	0	0.089	0.974
20	CNS(=O)(=O)c1cccc(CNC(=O)c2cccc3c2cnn3-c2ccc(F)cc2)c1	1.0	0	0.137	0.972
20	Cc1c(C(=O)c2cc(Cl)ccc2NS(=O)(=O)c2ccc(-c3cnco3)cc2)cccn1	1.0	1	0.207	0.958
21	CC(C)(C)c1ccc(S(=O)(=O)Nc2ccc(Cl)cc2-c2c(O)cnc(N)n2)cc1	1.0	1	0.314	0.953
21	CCC(=O)NCCc1c(-c2ccc(Cl)cc2)[nH]c2ccccc12	1.0	0	0.145	0.982
21	COc1cc(C(=O)NCC(=O)c2cc(Cl)ccc2NS(=O)(=O)c2ccc(C(C)(C)C)cc2)ncc1	1.0	0	0.199	0.96
21	O=C(O)c1ccc(C(=O)c2cc(Cl)ccc2NS(=O)(=O)c2ccncc2)cc1	1.0	0	0.18	0.979
21	O=C(NS(=O)(=O)c1ccccc1)c1ccccc1C	1.0	0	0.108	0.992
21	CC(C)(C)c1ccc(S(=O)(=O)Nc2ccc(Cl)cc2C(=O)c2ccccn2)cc1	1.0	1	0.235	0.976
21	CC(C)c1nc2nc(N)nn2c(O)c1Cl	1.0	0	0.083	0.859
21	Cc1nc(Oc2ccc(F)cc2)c2cc(CC(=O)O)cc2c1	0.0	0	0.0	0.0
21	CC(=O)C1=C(O)C(=O)N(c2ccc(C)cc2)C1c1ccc(Cl)cc1	1.0	1	0.398	0.958
21	CC(=O)C1=C(O)C(=O)N(c2cc(Cl)ccc2)C1C1C=NCCC1	1.0	1	0.29	0.669
21	COc1ccc(Cn2nc(NS(=O)(=O)c3ccc(Cl)s3)c3c2cccc3)cc1	1.0	1	0.272	0.97
21	CC(C)c1nc2nc(N)nn2c(O)c1Cc1cc(Br)cc(Cl)c1	1.0	1	0.443	0.89
21	Cc1cc(SCc2nc3nc(Cc4ccccc4)c(C)nc3n2C(=O)c2ccccc2)ccn1	1.0	1	0.294	0.917
21	O=S(=O)(NCCCN1CCC(O)(c2ccc(Cl)cc2)CC1)c1cccc2ccccc12	1.0	0	0.111	0.968
21	O=S(=O)(Nc1c(F)c(F)ccc1)c1cccc(Cl)c1	1.0	0	0.141	0.987
21	Nc1ncc(C2CC2)cc1NS(=O)(=O)c1ccccc1C	1.0	1	0.224	0.969
21	CC(=O)C1=C(O)C(=O)N(c2ccc(Cl)cc2)C1C1CCCCC1	1.0	1	0.312	0.927
21	CC(=O)C1=C(O)C(=O)N(c2ccc(C)cc2)C1C1CCCCCCC1	1.0	1	0.308	0.928
21	O=S(=O)(c1ccc(Cl)cc1)n1c(C2CCCNC2)nc2cccccc21	0.0	0	0.0	0.0
21	CC(C)Oc1ccc(S(=O)(=O)Nc2ccc(Cl)cc2C(=O)c2ccncc2)cc1	1.0	0	0.191	0.977
21	Cc1nc2nc(N)nn2c(O)c1Cc1cccc(Cl)c1	1.0	1	0.484	0.95
21	Cc1ccccc1C(=O)Nc1ccc(C(=O)NCc2ccccc2)cc1	1.0	0	0.112	0.993
21	O=C(O)c1ccccc1NC(=O)N1CCCCC1c1ccc(Cl)cc1	1.0	1	0.211	0.966
21	CC(=O)C1=C(O)C(=O)N(c2cc(C)ccc2)C1C1CCCCC1	1.0	1	0.301	0.922
21	COc1ccc(NS(=O)(=O)c2ccc(OC)cc2)cc1	1.0	0	0.147	0.994
21	Nc1nn2c(O)c(Cc3cccc(Cl)c3)c(C3CCCC3)nc2n1	1.0	1	0.238	0.924
21	O=C(O)c1c(Oc2nccnc2)cccc1Cl	1.0	0	0.099	0.973
21	Cc1ccc(C(=O)c2cc(Cl)ccc2NS(=O)(=O)c2ccc(C(C)(C)C)cc2)cn1	1.0	1	0.211	0.974
21	O=C(O)c1c(Oc2ncccc2NS(=O)(=O)c2ccc(Cl)cc2)cccc1	1.0	1	0.262	0.981
21	O=C(NCc1ccc(Cl)cc1)NS(=O)(=O)c1ccc(Cl)c(Cl)c1	1.0	0	0.093	0.985
21	Cc1ccccc1Cc1c(O)n2nc(N)nc2nc1Cc1ccccc1	1.0	1	0.586	0.95
21	O=S(=O)(Nc1cc(Cl)ccc1Cn1ccnn1)c1ccc(Cl)c(Cl)c1	1.0	1	0.331	0.963
21	O=C(Nc1ccc(Cl)cc1C(=O)O)c1ccccc1	1.0	0	0.08	0.994
21	Cc1ccc(S(=O)(=O)Nc2ccc(Cl)cc2C(=O)c2ccncc2)cc1	1.0	0	0.199	0.983
21	COc1ccc(NS(=O)(=O)c2ccc(C(=O)O)cc2)cc1	1.0	0	0.102	0.993
21	O=[N+]([O-])c1cc(O)c2N=C(Nc3c(Cl)cccc3)c3ccccc3c2c1	1.0	1	0.279	0.968
21	CC(C)(C)c1ccc(S(=O)(=O)Nc2ccc(Cl)cc2-c2c(O)ccc(O)c2)cc1	1.0	1	0.226	0.971
21	O=c1cc(Oc2cc(Cl)ccc2NS(=O)(=O)c2ccc(Cl)nc2)ccn1	0.0	0	0.0	0.0
21	Cc1cc(NS(=O)(=O)c2cc(C(F)(F)F)c(Cl)cc2)cn1	0.0	0	0.0	0.0
21	CC1c2ccc(OCCCCCc3ccc(C)cc3)cc2CCN1C1CCN(C(=O)C(C)C)C1	1.0	0	0.113	0.823
21	O=C(Nc1ccc(C(=O)NCCN2CCCCC2)cc1)NNC(=O)Cc1ccccc1	1.0	0	0.073	0.982
21	O=S(=O)(NCCCN1CCC(Cc2ccccc2)CC1)c1cccc2ccccc12	1.0	0	0.093	0.98
21	CSc1c(Cl)c(Cl)ccc1NS(=O)(=O)c1ccc(Cl)cc1	1.0	0	0.163	0.97
21	COc1ccc(S(=O)(=O)NCc2ccc(C(=O)Nc3cccc(C)c3C)cc2)cc1	1.0	0	0.113	0.987
21	CC(=O)C1=C(O)C(=O)N(c2ccc(C)cc2)C1C1CCCCCCC1	1.0	1	0.308	0.928
21	CNc1c(-c2ccc(C(C)(C)N)cc2)ncnc1Cc1c(Cl)c(Cl)c(Cl)cc1Cl	1.0	0	0.187	0.881
21	CC(C)(C)c1ccc(S(=O)(=O)Nc2ccc(Cl)cc2-c2c(CN)cccn2)cc1	1.0	1	0.327	0.967
21	O=C(O)c1ccccc1Oc1ccc(C(F)(F)F)cc1NS(=O)(=O)c1ccccc1	1.0	1	0.246	0.98
21	Cc1ccc(Cn2nc(C)cc2C(=O)c2ccccc2)cc1	1.0	0	0.191	0.986
21	Cc1ccc(S(=O)(=O)Nc2cc(Cl)ccc2C(=O)c2ccncc2)cc1	1.0	0	0.159	0.982
21	COc1nc(Br)cnc1NS(=O)(=O)c1cccc(Cl)c1Cl	1.0	0	0.139	0.95
21	O=[N+]([O-])c1cc(O)c(S(=O)(=O)c2ccccc2)cc1	1.0	0	0.099	0.982
21	CC(=O)C1=C(O)C(=O)N(c2cc(C(F)(F)F)ccc2)C1C1CCCCC1OCCCF	1.0	1	0.407	0.607
21	CC(C)(C)c1ccc(S(=O)(=O)Nc2ccc(Cl)cc2C(=O)c2ccc(Cl)cc2)cc1	1.0	0	0.185	0.982
21	Cc1ncc(C(=O)c2cc(Cl)ccc2NS(=O)(=O)c2ccc(Cl)cc2)cc1	1.0	1	0.214	0.98
21	COc1c2c(NS(=O)(=O)c3ccc(Cl)s3)nn(Cc3cccc(CN4CCOCC4)c3)c2ccc1	1.0	1	0.2	0.941
21	CC(=O)NN=C1c2cc(Cl)ccc2NCCCC1	1.0	0	0.081	0.943
21	CCc1ccc(S(=O)(=O)Nc2cc(Cl)ccc2C(=O)c2ccncc2)cc1	1.0	1	0.207	0.981
21	Cc1cccc(NS(=O)(=O)c2ccc(NC(=O)c3ccccc3)c3c2cccc13	0.0	0	0.0	0.0
21	Cc1nnnn1Cc1ccc(Cl)cc1NS(=O)(=O)c1ccc(Cl)c(Cl)c1	1.0	1	0.338	0.962
21	Cc1ccccc1C(=O)Nc1nccs1C(=O)c1ccccc1F	0.0	0	0.0	0.0
21	O=S(=O)(Nc1cc(Cl)c(Cl)cc1Cn1ccnn1)c1csc2c1cccc2	1.0	1	0.283	0.929
21	CC(C)(C)c1ccc(S(=O)(=O)Nc2ccc(Cl)cc2-c2c(N)nc(CC(O)c3ccccc3)cn2)cc1	1.0	0	0.005	0.87
21	CC(C)(CO)c1ccc(S(=O)(=O)Nc2ccc(Cl)cc2C(=O)c2ccncc2)cc1	1.0	0	0.187	0.966
21	CC(=O)c1ccc(S(=O)(=O)Nc2ccc(Cl)cc2C(=O)c2ccncc2)cc1	1.0	0	0.194	0.98
21	Nc1nn2c(O)c(Cc3cccnc3)c(C3CC3)nc2n1	1.0	1	0.688	0.904
21	Cc1cccnc1N1C(=O)c2c(C1=O)c(NS(=O)(=O)c1ccc(Cl)s1)c(Cl)ccc21	0.0	0	0.0	0.0
21	O=C(O)c1c(Oc2nccnc2NS(=O)(=O)c2ccc(Cl)c(Cl)c2)cccc1	1.0	1	0.3	0.968
21	Cc1cc(OCc2ccc(S(C)(=O)=O)cc2)ccn1	1.0	0	0.11	0.986
21	O=C(O)c1ccccc1Oc1ccc(C(F)(F)F)cc1NS(=O)(=O)c1ccc(Cl)cc1	1.0	1	0.356	0.977
21	Nc1nn2c(O)c(Cc3ccccc3)c(C3CCCC3)nc2n1	1.0	1	0.4	0.938
21	O=C(O)c1c(Oc2ncncc2NS(=O)(=O)c2ccc(Cl)cc2)cccc1	1.0	1	0.286	0.972
21	CC(C)(C)c1ccc(S(=O)(=O)Nc2ccc(F)c(F)c2C(=O)c2cnccc2)cc1	1.0	1	0.21	0.965
21	O=C(O)c1ccccc1Oc1ccc(Cl)cc1NS(=O)(=O)c1cccc(Cl)c1	1.0	1	0.328	0.982
21	N#Cc1cc(S(=O)(=O)Nc2cc(Cl)cc(Cl)c2)ccc1	1.0	0	0.13	0.981
21	O=S(=O)(Nc1cc(Cl)ccc1Cn1ccnn1)c1ccccc1	1.0	1	0.317	0.973
21	COc1ccc(C2=NN(c3ccccc3)C(=O)C2)cc1	1.0	0	0.11	0.984
21	O=C(O)c1ccccc1Cc1ccc(Cl)cc1NS(=O)(=O)c1ccc(Cl)c(Cl)c1	1.0	1	0.291	0.976
21	CCCC(=O)N1Cc2nnc(C(=O)N3CCCCCC3)n2C1	1.0	0	0.092	0.93
21	CC(=O)NC(CCCN=S(N)(=O)c1ccc(Cl)c(Cl)c1)Cc1cccc2ccccc12	1.0	0	0.123	0.765
21	CN(C)C1=C(Cl)c2cc(Cl)ccc2N1C1CCCC1c1ccccc1	1.0	1	0.299	0.827
21	COc1nn(CCN(C)C)c2c(C)c(C(C)(C)C)cn12	1.0	0	0.099	0.81
21	CC(=O)c1c(C)oc2c1cc(NS(=O)(=O)c1ccc(C(C)(C)C)cc1)c1c2cccc1	1.0	1	0.232	0.962
21	O=S(=O)(NCCS(=O)(=O)c1cccc(Cl)c1)c1ccsc1	1.0	0	0.098	0.962
21	Cn1nnnc1Cc1ccc(Cl)cc1NS(=O)(=O)c1cccc(Cl)c1	1.0	1	0.336	0.963
21	CC(c1ccc(Cl)cc1NS(=O)(=O)c1ccccc1)C(=O)Nc1ccc(Cl)c(Cl)c1Cl	1.0	0	0.197	0.92
21	CC(C)(C)c1ccc(S(=O)(=O)Nc2ccc(Cl)cc2C(=O)c2nc(Cl)c(Cl)cn2)cc1	1.0	1	0.311	0.946
21	Cc1c(C(=O)Nc2ccc(S(=O)(=O)NC3CCCCC3)cc2)cccc1	1.0	0	0.107	0.987
21	Cc1ncccc1C(=O)c1ccc(Cl)c(Cl)c1	1.0	0	0.106	0.986
21	CC(=O)C1=C(O)C(=O)N(c2ccc(F)cc2)C1C1CCCCCC1	1.0	1	0.419	0.926
21	Cn1nnnc1Cc1ncc(Cl)cc1NS(=O)(=O)c1ccc(Cl)c(Cl)c1	1.0	1	0.319	0.937
21	Cc1ccc(Cc2cnc(Oc3ccccc3)c3c2cccc3C(=O)O)cc1	1.0	1	0.218	0.976
21	N#Cc1ccc(S(=O)(=O)NCCN2CCC(NC(=O)Nc3ccccc3)CC2)cc1	1.0	0	0.119	0.977
21	CCOC(=O)N1CCC(NS(=O)(=O)c2ccc(NC(=O)c3nccn3C)c3c2cccc3)CC1	1.0	0	0.138	0.949
21	CCCC(=O)C1=C(O)C(=O)N(c2ccc(C(C)=O)cc2)C1C1CCCCC1O	1.0	1	0.465	0.72
21	CCc1ncnc(-c2ccc(OC)cc2)c1Oc1ncc(Cl)cc1C	1.0	1	0.376	0.953
21	O=S(=O)(NCCCCN1CCC(c2ccccc2)CC1)c1cccc2ccccc12	1.0	0	0.094	0.98
21	CCOC(=O)c1cc(CN2C(=O)c3ccccc3C2=O)ccc1	1.0	0	0.17	0.989
21	CC1CCN(C(=O)c2c(-c3ccccc3)n(C)c3ccccc23)CC1	1.0	1	0.256	0.981
21	Cc1cc(C(=O)Nc2ccc(Cl)c(C(F)(F)F)c2)ccc1O	1.0	0	0.151	0.985
22	COc1c(N2C(=O)c3c(C2=O)c(NS(=O)(=O)c2ccc(C(C)(C)C)cc2)ccc3Cl)cccc1	1.0	0	0.145	0.959
22	O=S(=O)(Nc1cc(Cl)ccc1Cn1ccnn1)c1ccc(Cl)c(Cl)c1	1.0	1	0.331	0.963
22	CC1CCN(C(=O)C(CCn2cccc2C#N)NS(=O)(=O)c2ccc3[nH]ccc3c2)CC1	1.0	1	0.217	0.817
22	CC(=O)C1=C(O)C(=O)N(c2cc(C)c(C)cc2)C1C1CCCCC1O	1.0	1	0.323	0.746
22	Cc1c(F)c(N)c(=O)cc1NS(=O)(=O)c1ccccc1	0.0	0	0.0	0.0
22	COc1ccc(NS(=O)(=O)c2ccc(N(C)C(=O)c3cccnc3)cc2)cc1	1.0	0	0.118	0.982
22	Cc1c(C(=O)c2cc(Cl)ccc2NS(=O)(=O)c2ccc(OC(F)(F)F)cc2)ccc([n+]1[O-]c1ccc(Cl)cc1	0.0	0	0.0	0.0
22	O=C(O)c1c(F)cccc1Oc1ccc(C(F)(F)F)cc1NS(=O)(=O)c1ccc(Cl)cc1	1.0	1	0.315	0.969
22	O=[N+]([O-])c1cc(O)c2N=C(Nc3ccccc3Oc3ccccc3)NS(=O)(=O)c2c1	1.0	0	0.187	0.899
22	O=S(=O)(NCCCN1C(=O)c2ccccc2C1CCOc1ccccc1)CCOCP1(=O)O	0.0	0	0.0	0.0
22	Cc1c(C(=O)Nc2ccc(S(=O)(=O)NC3(C)CC3)cc2)cccc1	1.0	0	0.103	0.982
22	CC(=O)C1=C(O)C(=O)N(c2ccc(Cc3ccccc3)cc2)C1C1CCCCC1	1.0	1	0.458	0.929
22	CC(C)COc1nc(Cl)cnc1NS(=O)(=O)c1ccc(Cl)c(Cl)c1	1.0	0	0.158	0.955
22	CC(C)c1nc2nc(N)nn2c(O)c1Cc1cc(Br)cc(Br)c1	1.0	1	0.454	0.884
22	Cn1ncc2c1ccc(NS(=O)(=O)c1ccc(Cl)c(Cl)c1)c2Sc1ccccc1	1.0	1	0.207	0.954
22	Cc1cc(C(=O)c2cc(Cl)ccc2NS(=O)(=O)c2ccc(C3(C)CCOCC3)cc2)ccn1	1.0	0	0.193	0.939
22	CNS(=O)(=O)c1ccc(CNC(=O)c2cccc3c2OCO3)cc1	1.0	0	0.158	0.979
22	Cc1c(C(=O)c2cc(Cl)ccc2NS(=O)(=O)c2ccc(Cl)cc2)cccc1	1.0	1	0.224	0.985
22	CC(C)(C)c1ccc(S(=O)(=O)Nc2ccc(Cl)cc2-c2c(N)ncnn2)cc1	1.0	1	0.283	0.954
22	CC1CCN(C(=O)C(Cn2ccc(-c3ccccc3)cc2=O)c2ccccc2)CC1	1.0	1	0.266	0.929
22	CC(C)(C)c1ccc(S(=O)(=O)Nc2ccc(Cl)cc2C(=O)c2cnccc2)cc1	1.0	0	0.19	0.977
22	CCOc1cc(NS(=O)(=O)c2ccc(Cl)cc2)ccc1	1.0	0	0.133	0.992
22	O=S(=O)(Nc1cc(Cl)ccc1Cn1cncn1)c1ccc(Cl)c(Cl)c1	1.0	1	0.343	0.969
22	CC1(C)CC(NS(=O)(=O)c2ccc(Cl)cc2)CC(O)CC1	1.0	0	0.164	0.892
22	CC(C)(C)c1ccc(S(=O)(=O)Nc2ccc(Cl)c3c2C(=O)N(Cc2cnccc2)C3=O)cc1	1.0	0	0.14	0.954
22	COc1nn(CC(=O)O)c2ccccc12	1.0	0	0.07	0.977
22	COc1c(Oc2ccc(Cl)cc2NS(=O)(=O)c2ccc(Cl)c(C(F)(F)F)c2)ccc(C(=O)NC)c1Cl	1.0	0	0.005	0.945
22	O=C(c1ccncc1)c1cc(Cl)ccc1NS(=O)(=O)c1ccc(-c2cnco2)cc1	1.0	0	0.181	0.964
22	O=[N+]([O-])c1cc(F)cc(C(NS(=O)(=O)c2cccc(NC(CCN(C)C)c3ccccc3)CCNCC2)c2ccccc2)c1	0.0	0	0.0	0.0
22	O=S(=O)(Nc1cc(Cl)ccc1Cn1cncn1)c1ccc(Cl)c(Cl)c1	1.0	1	0.343	0.969
22	O=C(O)c1c(Oc2ccc(Cl)cc2NS(=O)(=O)c2cccc(Cl)c2)csc1	1.0	1	0.266	0.961
22	O=S(=O)(Nc1ncc(Cl)c(Cl)n1)c1cccc(Cl)c1	1.0	0	0.149	0.969
22	O=S(=O)(Nc1cc(Cl)ccc1Cn1cncn1)c1ccc(Cl)c(Cl)c1	1.0	1	0.343	0.969
22	COc1nn(C)c2c1c(NS(=O)(=O)c1cccc(Cl)c1Cl)nc(N)n2	1.0	1	0.246	0.933
22	Cc1c(Cl)c(S(=O)(=O)Nc2ccc(Cl)cc2C(=O)c2ncccn2)ccc1	1.0	1	0.28	0.958
22	CC(=O)C1=C(O)C(=O)N(c2ccc(C)cc2)C1C1CCCCC1	1.0	1	0.328	0.929
22	COc1nn(C)c2c1c(NS(=O)(=O)c1ccc(Cl)cc1)nc(N)n2	1.0	0	0.161	0.954
22	CC(C)(c1ncco1)c1ccccc1OC(C)(C)C	1.0	0	0.166	0.922
22	O=C(NOCCO)c1ccc(Oc2ccc(Cl)cc2NS(=O)(=O)c2ccc(Cl)c(Cl)c2)cc1	1.0	1	0.296	0.964
22	COc1ccc(C(=O)Nc2cccc(C(F)(F)F)c2)cc1OCc1cccc(Cl)c1	1.0	0	0.159	0.985
22	CC(C)(C)c1ccc(S(=O)(=O)Nc2ccc(F)c(F)c2C(=O)c2ccncc2)cc1	1.0	1	0.203	0.965
22	O=S(=O)(Nc1ncc(Cl)nc1OCc1cc(Cl)ccc1)c1ccccc1	1.0	1	0.221	0.971
22	CC(=O)C1=C(O)C(=O)N(c2ccc(C)cc2)C1C1CCCCCC1	1.0	1	0.455	0.929
22	CC(=O)C1=C(O)C(=O)N(c2cc(F)c(C)cc2)C1C1CCCCC1	1.0	1	0.33	0.908
22	O=C(O)c1c(Oc2cccnc2NS(=O)(=O)c2ccc(Cl)cc2)cccc1	1.0	1	0.261	0.979
22	CCCC(=O)N1CCC(NS(=O)(=O)c2ccc(NC(=O)c3ncccc3)c3c2cccc3)CC1	1.0	0	0.151	0.965
22	O=S(=O)(Nc1cc(Cl)c(Cl)cc1Cn1ccnn1)c1ccccc1	1.0	1	0.349	0.963
22	O=C(O)c1c(Oc2ncccc2C(=O)c2ccccc2)c(C2OC3Cc4ccccc4C23)cn1	0.0	0	0.0	0.0
22	CC(C)(C)c1ccc(S(=O)(=O)Nc2ccc(Cl)cc2-c2c(N)cncn2)ccc1	0.0	0	0.0	0.0
22	CC(=O)c1c(Cl)c(C(Cl)Cl)cc(Cl)c1Cl	1.0	0	0.061	0.897
22	O=S(=O)(Nc1cc(Cl)ccc1Cn1cncn1)c1cccc(Cl)c1	1.0	1	0.222	0.972
22	O=C(O)c1cc(OS(=O)(=O)c2ccc(Cl)cc2)ccc1	1.0	0	0.133	0.988
22	COc1c(Oc2ccc(Cl)cc2NS(=O)(=O)c2ccc(Cl)c(C(F)(F)F)c2)ccc(C(=O)NC)c1	1.0	1	0.372	0.964
22	Cc1ncc(C(=O)c2cc(Cl)ccc2NS(=O)(=O)c2ccc(-c3cncnc3)cc2)cc1	1.0	0	0.196	0.965
22	CC(C)(C)c1ccc(S(=O)(=O)Nc2ccc(Cl)cc2C(=O)c2ccccn2)cc1	1.0	1	0.235	0.976
22	CC(=O)C1=C(O)C(O)CC1c1cc(Cl)c(Cl)cc1	1.0	0	0.133	0.763
22	COC(=O)CCc1ccc(S(=O)(=O)Nc2ccc(Cl)cc2C(=O)c2ccncc2)cc1	1.0	1	0.201	0.975
22	CCCCCc1ccc(C(=O)Nc2ccc(S(=O)(=O)Nc3ccccc3C(=O)OC)cc2)cc1	1.0	0	0.19	0.983
22	Cc1cc(C(=O)c2cc(Cl)ccc2NS(=O)(=O)c2ccc(C(C)(C)C)cc2)ccc1	1.0	1	0.209	0.98
22	Nc1nn2c(O)c(Cc3cccc(Cl)c3)c(C3CC3)nc2n1	1.0	1	0.591	0.922
22	O=C(O)c1c(Oc2ccccc2NS(=O)(=O)c2ccc(Cl)cc2)cccc1	1.0	1	0.296	0.986
22	Cc1ccc(N2C(=O)C(O)=C(C(=O)C3CC3)C2C2CCCCC2)cc1	1.0	1	0.464	0.914
22	Cc1nc(Cl)ccc1COc1cc(F)c(F)cc1NS(=O)(=O)c1cccc(Cl)c1	1.0	0	0.191	0.961
22	CS(=O)(=O)NC1CCCN(c2ccc(F)nc2)C1CO	1.0	0	0.155	0.718
22	CC1CCN(C(=O)C(CCn2ncnn2)NS(=O)(=O)c2cc(Cl)c(N)c(Cl)c2)CC1	1.0	1	0.272	0.784
22	Nc1nn2c(O)c(Cc3cccc(Cl)c3)c(C3CCCC3)nc2n1	1.0	1	0.238	0.924
22	CC(C)(C)c1ccc(S(=O)(=O)Nc2ccc(C#N)cc2)cc1	1.0	0	0.103	0.986
22	CCC(=O)C1=C(O)C(=O)N(c2ccc(C)cc2)C1C1CCCCC1OC	1.0	1	0.412	0.72
22	O=S(=O)(Nc1cc(Cl)ccc1Cn1ccnn1)c1cccc2nonc12	1.0	1	0.28	0.935
22	COc1nn(-c2ccc(Cl)cc2)c2ccccc12	1.0	0	0.148	0.985
22	COc1cccc(C(=O)OCc2cc(=O)n3nc(C)sc3n2)c1	1.0	0	0.165	0.97
22	CC(=O)c1c(-c2ccccc2)c2c(N)nc(N)nc2nc1	1.0	1	0.212	0.96
22	CC(=O)c1ccc(S(=O)(=O)Nc2ccc(Cl)cc2S(=O)(=O)c2ccc(C(=O)O)cc2)cc1	1.0	1	0.281	0.976
22	CC(=O)C1=C(O)C(=O)N(c2ccc(Br)cc2F)C1C1CC(C)CCCCC12	0.0	0	0.0	0.0
22	O=S(=O)(Nc1cc(Cl)c(Cl)cc1Cn1ccnn1)c1cccc(Cl)c1	1.0	1	0.266	0.955
22	CC(=O)C1=C(O)C(=O)N(c2ccc(C)cc2)C1C1CCCCC1	1.0	1	0.328	0.929
22	Oc1cc(CSc2cccc(O)c2)nc2nc(Cc3ccccc3)nn12	1.0	1	0.247	0.944
22	CC(C)(C)c1ccc(S(=O)(=O)Nc2ccc(Cl)cc2-c2ncccn2)cc1	1.0	1	0.266	0.975
22	CC(C)(C)c1ccc(S(=O)(=O)Nc2cc(F)c(F)cc2)cc1	1.0	0	0.112	0.987
22	COc1nc(-c2cc(Cl)ccc2NS(=O)(=O)c2ccc(C(C)(C)C)cc2)ncc1	1.0	1	0.308	0.968
22	Cc1nc(Oc2ccc(F)cc2)c2ccccc2c1	1.0	1	0.202	0.988
22	COc1ccc(S(=O)(=O)Nc2ccc(Cl)cc2C(=O)c2ccncc2)cc1	1.0	0	0.19	0.983
22	Cc1cccc(S(=O)(=O)NC(=O)N2CCC(N3CCC(Oc4ccc(Cl)cc4)CC3)CC2)c1	1.0	0	0.091	0.96
22	O=C(c1cnc(Cl)cc1)c1cc(Cl)ccc1NS(=O)(=O)c1ccc(Cl)c(Cl)c1	1.0	1	0.212	0.973
22	Cc1c(C(=O)c2cc(Cl)ccc2NS(=O)(=O)c2ccc(OC(F)(F)F)cc2)cccc1	1.0	1	0.213	0.976
22	Cc1ncc(Cl)cc1C(=O)c1ccc(S(=O)(=O)Nc2ccc(Cl)cc2C(=O)c2c(C#N)c[nH]c2)cc1	1.0	0	0.005	0.916
22	Cc1ccc(N2C(=O)C(O)=C(C(=O)C3CC3)C2C2CCCCC2)cc1	1.0	1	0.464	0.914
22	Nc1nn2c(O)c(Cc3ccc(F)cc3)c(C3CC3)nc2n1	1.0	1	0.337	0.929
22	CN(C)C(=O)CCc1ccc(S(=O)(=O)Nc2ccc(Cl)cc2C(=O)c2ccncc2)cc1	1.0	0	0.182	0.971
22	CC(=O)C1=C(O)C(=O)N(c2ccc(C)cc2)C1c1ccc(C)cc1	1.0	1	0.439	0.959
22	O=S(=O)(NCCCN1C(=O)c2ccccc2C1=O)c1ccccc1Cl	1.0	0	0.127	0.983
22	O=S(=O)(Nc1cc(Cl)ccc1Cn1ccnn1)c1ccc(Cl)cc1	1.0	1	0.285	0.97
22	CC1CCCN(C(=O)C(CCn2cccc2C#N)NS(=O)(=O)c2ccc(Cl)cc2)CC1	1.0	1	0.242	0.813
22	Cc1c(C)c(OS(=O)(=O)c2cc(Cl)ccc2)c(S(=O)(=O)NCc2ccccc2)c(C)c1	1.0	1	0.207	0.96
22	CCC(=O)C1=C(O)C(=O)N(c2ccc(C)cc2)C1C1CCCCC1O	1.0	1	0.466	0.741
22	COc1nc(Oc2ccc(Cl)cc2)c(NS(=O)(=O)c2ccc(Cl)cc2)cc1	1.0	1	0.309	0.979
22	CC(=O)C1=C(O)C(=O)N(c2cccc(C)c2)C1C1CCCCC1	1.0	1	0.301	0.922
22	O=S(=O)(Nc1cc(Cl)c(Cl)cc1Cn1ccnn1)c1cccc(Cl)c1	1.0	1	0.266	0.955
22	CC(=O)C1=C(O)C(=O)N(c2ccc(Cl)cc2F)C1C1CCCCC1	1.0	1	0.341	0.9
22	O=C(O)c1ccccc1Oc1c(F)cccc1NS(=O)(=O)c1ccc(Cl)c(Cl)c1	1.0	1	0.36	0.973
23	Nc1nn2c(O)c(Cc3cccc(Cl)c3)c(C3CCCC3)nc2n1	1.0	1	0.238	0.924
23	C(=Cc1nc2ncccc2c(O)n1)CCNc1nc2cc(Cc3ccccc3)c(CO)cc2s1	1.0	0	0.177	0.863
23	Cn1ncc2c1cccc2NS(=O)(=O)c1cccc(F)c1Cl	1.0	0	0.14	0.966
23	CC(=O)NCc1cn(Cc2cc(F)ccc2NS(=O)(=O)c2ccc(Cl)c(Cl)c2)ccc1	0.0	0	0.0	0.0
23	COc1c2c(NS(=O)(=O)c3ccc(Cl)s3)nn(Cc3cccc4c3CCO4)c2ccc1	1.0	1	0.236	0.924
23	CC1CCN(C(=O)C(CCn2cccc2C#N)NS(=O)(=O)c2ccc3[nH]ccc3c2)CC1	1.0	1	0.217	0.817
23	O=C(NS(=O)(=O)c1ccccc1)c1ccccc1Oc1cc(Cl)ccc1Cl	1.0	1	0.21	0.984
23	O=C(O)c1c(Oc2ccc(F)cc2NS(=O)(=O)c2ccccc2[N+](=O)[O-])cccc1	1.0	1	0.398	0.975
23	Cc1c(C(=O)Nc2ccc(S(=O)(=O)NC3CCN(C(=O)OCCCN)CC3)c3c2cccc3)cccc1	1.0	0	0.005	0.959
23	CC(=O)C1=C(O)C(=O)N(c2ccc(C)cc2)C1C1CCCCC1	1.0	1	0.328	0.929
23	O=S1(=O)NC(Nc2c(F)cccc2Cl)=Nc2ccc(Br)cc21	1.0	0	0.105	0.887
23	CC(C)(C)c1ccc(S(=O)(=O)Nc2ccc(Cl)cc2C(=O)c2cnccn2)cc1	1.0	1	0.244	0.969
23	Cc1ncc(Cl)cc1C(=O)c1cc(Cl)ccc1NS(=O)(=O)c1ccc(Cl)c(Cl)c1	1.0	1	0.228	0.968
23	COc1c(-c2cc(Cl)ccc2NS(=O)(=O)c2ccc(C(C)(C)C)cc2)ncc2ccccc12	1.0	1	0.261	0.961
23	O=S(=O)(NCCN1CCC(F)(F)C1)c1ccccc1-c1ccccc1	1.0	0	0.166	0.97
23	Cc1[n+]([O-])cc(C(=O)c2cc(Cl)ccc2NS(=O)(=O)c2ccc(C3(C)CCOCC3)cc2)cc1	1.0	1	0.201	0.898
23	O=S(=O)(Nc1cc(Cl)c(F)cc1Cn1cccn1)c1cccc(C#N)c1	1.0	1	0.272	0.956
23	Cc1cccc(NS(=O)(=O)c2ccc(Cl)cc2)c1N1CCC1NCn1ccnc1	1.0	1	0.364	0.8
23	Cc1c(C(=O)c2cc(Cl)ccc2NS(=O)(=O)c2cccc(F)c2)cccc1	1.0	1	0.237	0.983
23	O=S(=O)(Nc1cnccc1-c1ccccc1C(O)c1ccccc1F)O	1.0	1	0.243	0.901
23	O=S1(=O)NC(=O)c2ccccc21c1cc(Cl)c(Cl)cc1	0.0	0	0.0	0.0
23	O=C(O)c1cc(Cl)ccc1Oc1cc(Cl)ccc1NS(=O)(=O)c1ccc(Cl)c(Cl)c1	1.0	1	0.39	0.975
23	CC1CCN(C(=O)C(Cc2ccccc2)c2ccccc2)CC1	1.0	1	0.295	0.97
23	O=C(c1cnc2ccccc2c1)c1cc(Cl)cnc1NS(=O)(=O)c1cccc(Cl)c1	1.0	1	0.236	0.961
23	CC(=O)C1=C(O)C(=O)N(c2ccc(C)cc2)C1C1CCCCC1	1.0	1	0.328	0.929
23	c1cc(Oc2c(F)c(Nc3ncc(C(F)(F)F)cc3)cnc2)ccc1	1.0	1	0.217	0.96
23	O=C(O)c1c(Oc2ccc(Cl)cc2NS(=O)(=O)c2ccc(Cl)nc2)cccc1	1.0	1	0.429	0.975
23	COc1nn(CC(=O)O)c2ccccc12	1.0	0	0.07	0.977
23	Cc1cc(OC(=O)COc2ccc(S(=O)(=O)NCCc3ccc(C(=O)Nc4ccc(C(C)(C)C)cc4)cc3)cc2)ccc1	1.0	0	0.005	0.963
23	COc1cccc2c1c(NS(=O)(=O)c1ccc(Cl)s1)nn2Cc1cccc(C(N)=O)c1	1.0	1	0.219	0.951
23	CCOC(=O)N1CCC(NS(=O)(=O)c2ccc(F)cc2)CC1	1.0	0	0.132	0.984
23	CC(=O)NCC1C(c2ccc(Cl)cc2)(C2CC3CCC(O)(C2)C3)C1Cc1ccc(C(F)()F)cc1	0.0	0	0.0	0.0
23	Cc1cccc(Oc2ccccc2NS(=O)(=O)c2ccc(C3CCOC3)cc2)c1	1.0	1	0.427	0.945
23	O=S(=O)(Nc1cc(Cl)c(Cl)cc1Cn1ccnn1)c1cccc2nonc12	1.0	1	0.306	0.917
23	CS(=O)(=O)c1ccc(S(=O)(=O)Nc2ccc(Cl)cc2C(=O)c2ccncc2)cc1	1.0	0	0.189	0.977
23	CC1(c2ccc(S(=O)(=O)Nc3ncc(Cl)s3)c(Cl)c2)OCCN1	1.0	0	0.145	0.693
23	COc1ccc(Cn2nc(NS(=O)(=O)c3ccc(Cl)s3)c3c2cccc3OC)cc1OCCN1CCCCC1	1.0	0	0.005	0.932
23	CC(=O)C1=C(O)C(=O)N(c2ccc(C)cc2)C1C1CCCCC1	1.0	1	0.328	0.929
23	C=CC(=O)c1cccnc1C=NNC(=O)c1cc(Cl)c(N)cc1	1.0	0	0.18	0.935
23	CC(=O)NCc1cc(Cn2nc(NS(=O)(=O)c3ccc(Cl)s3)c3c(C)cccc32)ccc1	1.0	1	0.244	0.945
23	CC(=O)c1c(OC(=O)c2ccccc2)cccc1Oc1ccc(F)cc1	1.0	0	0.181	0.986
23	COc1ncc(N2C(=O)c3c(C2=O)c(NS(=O)(=O)c2ccc(Cl)cc2)ccc3Cl)cn1	1.0	0	0.128	0.937
23	O=C(Nc1ccc(S(=O)(=O)Nc2cnccn2)cc1)c1cccnc1	1.0	0	0.1	0.98
23	Nc1nn2c(O)c(Cc3cccc(Br)c3)c(C3CC3)oc2n1	0.0	0	0.0	0.0
23	Cc1ccc(N(C(=O)c2ccccc2)S(=O)(=O)c2cc(C)c(C)cc2)cc1	1.0	1	0.299	0.984
23	O=S(=O)(Nc1c(Cl)cccc1Cl)c1ccccc1	1.0	0	0.141	0.99
23	COc1nccnc1C#N	1.0	0	0.034	0.944
23	O=C(O)c1c(Oc2cccc(F)c2NS(=O)(=O)c2ccc(Cl)c(Cl)c2)cccc1	1.0	1	0.447	0.974
23	O=S(=O)(Nc1cc(Cl)ccc1Cn1ccnn1)c1cc(Cl)c(Cl)cc1	1.0	1	0.331	0.963
23	Cc1c(C(=O)C(=O)Nc2ccc(S(=O)(=O)NC3CCN(C(=O)CC4CCCC4)CC3)c3ccccc23)cccc1	1.0	0	0.005	0.944
23	COc1ccc(C(=O)C(C)(C)c2ccc(Cl)cc2)cc1	1.0	0	0.14	0.987
23	O=C(O)c1c(Oc2nccnc2NS(=O)(=O)c2ccc(Cl)c(Cl)c2)cccc1	1.0	1	0.3	0.968
23	O=C1c2c(C(=O)N1CCNCC1)cn2-c1cccc(Br)c1	0.0	0	0.0	0.0
23	Cc1ccccc1Cc1c(O)n2nc(N)nc2nc1C1CC1	1.0	1	0.723	0.922
23	CC(=O)Nc1ccc(S(=O)(=O)NCc2cnccn2)cc1	1.0	0	0.114	0.981
23	CCN(CC)CCOc1nc(Cl)ccc1NS(=O)(=O)c1cccc(Cl)c1	1.0	0	0.163	0.963
23	O=C(O)c1c(Oc2cnccc2NS(=O)(=O)c2ccc(Cl)c(F)c2)cccc1	1.0	1	0.443	0.97
23	O=S(=O)(NCCN1CCC(Nc2ccc(Cl)cc2)CC1)c1ccccc1F	1.0	0	0.086	0.979
23	COc1ccccc1Cn1nc(NS(=O)(=O)c2ccc(Cl)cc2)c2c1cccc2O	1.0	1	0.274	0.967
23	CC(=O)c1ccc(S(=O)(=O)Nc2ccc(Cl)cc2C(=O)c2cnccc2)cc1	1.0	0	0.198	0.98
23	COc1c2c(NS(=O)(=O)c3ccc(Cl)s3)nn(Cc3cccc(CN(C)C(C)=O)c3)c2ccc1	1.0	1	0.308	0.936
23	O=C(O)c1ccccc1Oc1ccc(C(F)(F)F)cc1NS(=O)(=O)c1ccc(Cl)cc1	1.0	1	0.356	0.977
23	Cc1ccc(NC(=O)Nc2cccnc2N2CCC(N)C2)cc1	1.0	0	0.165	0.954
23	COc1ccc(SC(=O)Nc2cc(OC)c(OC)c(OC)c2)cc1	1.0	0	0.119	0.977
23	CC(=O)C1=C(O)C(=O)N(c2ccc(C)cc2)C1C1CCCCC1	1.0	1	0.328	0.929
23	O=C(NS(=O)(=O)c1cccc2ccccc12)c1ccccc1	1.0	0	0.114	0.99
23	Cc1cc(F)ccc1NS(=O)(=O)c1ccc(Cl)c(Cl)c1	1.0	0	0.132	0.988
23	CCc1ccc(N2C(=O)C(O)=C(C(C)=O)C2C2CCCCC2)cc1	1.0	0	0.144	0.925
23	O=C(Nc1ccc(-c2cccnc2)cc1)c1cc(Cl)ccc1	1.0	0	0.089	0.992
23	Nc1nn2c(O)c(Cc3cccc(Cl)c3)c(-c3ccccc3)nc2n1	1.0	1	0.654	0.957
23	CCC(=O)N1CCC(NS(=O)(=O)c2ccc(NC(=O)c3c(C)cccc3)c3c2cccc3)CC1	1.0	0	0.142	0.97
23	O=C(O)c1c(Oc2ncccc2C(=O)c2ccc(-c3ccccc3)cc2)cccc1	1.0	1	0.253	0.983
23	Cc1ccc(-c2ccnc(NS(=O)(=O)c3ccc(C(C)(C)C)cc3)c2)cn1	1.0	0	0.119	0.973
23	O=C(O)CC(=O)c1ccc(Cl)cc1NS(=O)(=O)c1ccccc1	1.0	0	0.194	0.982
23	CC(C)(C)c1ccc(S(=O)(=O)Nc2ccc(F)cc2C(=O)c2ccncc2)cc1	1.0	0	0.196	0.976
23	COc1c(-c2cc(Cl)ccc2NS(=O)(=O)c2ccc(Cl)c(C(F)(F)F)c2)cccn1	1.0	1	0.241	0.962
23	CC1CCCN1C(=O)c1ccc(Cl)c(S(=O)(=O)Nc2ccc(F)cc2)c1	1.0	0	0.147	0.957
23	Cc1c(C(=O)Nc2ccc(S(=O)(=O)NC3CCN(C(=O)N4CCC4)CC3)c3c2cccc3)cccc1	1.0	0	0.005	0.964
23	Nc1nn2c(O)c(Cc3ccccc3)c(C3CC3)nc2n1	1.0	1	0.58	0.937
23	CCCC(=O)N1CCC(NS(=O)(=O)c2ccc(NC(=O)c3ccc(F)cc3)c3c2cccc3)CC1	1.0	0	0.136	0.971
23	CCCC(=O)N1CCC(NS(=O)(=O)c2ccc(NC(=O)c3ccc(C)cc3)c3c2cccc3)CC1	1.0	0	0.142	0.971
23	O=C(O)c1ccc(Oc2ccc(Cl)cc2NS(=O)(=O)c2ccc(Cl)c(Cl)c2)cc1	1.0	1	0.3	0.982
23	COc1ccc(Cn2nc(NS(=O)(=O)c3ccc(N4CCOCC4)cc3)nc2)cc1	1.0	0	0.129	0.971
23	O=C(NCCN1CCCCC1)c1ccc(S(=O)(=O)Nc2ccc(Cl)cc2C(=O)c2ccncc2)cc1	1.0	0	0.005	0.968
23	CN(C(=O)C(C)(C)c1ccc(C(=O)c2ccccc2)cc1)NC(C)C(=O)O	1.0	0	0.104	0.903
23	COCCCNS(=O)(=O)c1ccc(Cl)cc1Br	1.0	0	0.082	0.981
23	Cc1ccc(S(=O)(=O)NCCCN2CCC(O)(c3ccc(Cl)cc3)CC2)cc1	1.0	0	0.089	0.974
23	O=C(O)c1ccccc1Oc1ccc(C(F)(F)F)cc1NS(=O)(=O)c1ccc(Cl)cc1	1.0	1	0.356	0.977
23	COc1ccc(S(=O)(=O)NC(=O)Nc2ccc(Cl)c(C(F)(F)F)c2)cc1	1.0	0	0.094	0.981
23	O=S(=O)(Nc1cc(Cl)ccc1Cn1ccnn1)c1ccc(Cl)cc1	1.0	1	0.285	0.97
23	Oc1cc(CSc2cccc(F)c2F)nc2nc(Cc3ccccc3)nn12	1.0	0	0.139	0.937
23	COc1cc2c(cc1NS(=O)(=O)c1c(Cl)c(Cl)ccc1)nc(O)n2C1CCOCC1	1.0	1	0.28	0.923
23	O=C(NCCN1CCCCC1)c1cc(NS(=O)(=O)c2ccc(Cl)c(Cl)c2)ccc1	1.0	0	0.163	0.981
23	CC(C)(CO)c1ccc(S(=O)(=O)Nc2ccc(Cl)cc2C(=O)c2nccnc2)cc1	1.0	1	0.227	0.955
23	O=S(=O)(NCCCN1CCC(O)(c2ccc(Cl)cc2)CC1)c1ccc(Cl)cc1	1.0	0	0.114	0.973
23	CC(=O)N1CCC(NS(=O)(=O)c2ccc(NC(=O)c3c(C)cccc3)c3c2cccc3)CC1	1.0	0	0.169	0.973
23	Cc1cc(C(=O)c2cc(Cl)ccc2NS(=O)(=O)c2ccc(C(C)(C)C)cc2)ccn1	1.0	1	0.2	0.972
23	CC(C)(C)c1ccc(S(=O)(=O)Nc2ccc(O)cc2)cc1	1.0	0	0.139	0.989
23	O=C(O)c1c(F)cccc1Oc1ncc(Cl)cc1NS(=O)(=O)c1ccc(Cl)c(Cl)c1	1.0	1	0.39	0.96
23	O=S(=O)(Nc1c(Cl)cccc1Cl)c1ccccc1	1.0	0	0.141	0.99
24	COCCN(C)c1ccc(S(=O)(=O)N2CCN(c3ccc(Cl)cc3)CC2)cc1	1.0	0	0.193	0.979
24	COc1ccccc1C(=O)Nc1nc(Cl)nc(Cl)n1	1.0	0	0.094	0.982
24	CC(=O)c1ccc(S(=O)(=O)Nc2ccc(Cl)cc2C(=O)c2ccncc2)cc1	1.0	0	0.194	0.98
24	O=C(O)c1c(Oc2cccc3ccccc23)cccc1	1.0	0	0.123	0.992
24	Cc1cccc(C(=O)c2cc(Cl)ccc2NS(=O)(=O)c2ccc(S(C)(=O)=O)cc2)c1	1.0	1	0.207	0.98
24	COc1ccc(N2C(=O)C(O)=C(C(C)=O)C2C2CCCCC2)cc1	1.0	1	0.303	0.931
24	Nc1nn2c(O)c(Cc3ccc(F)cc3)c(C3CC3)nc2n1	1.0	1	0.337	0.929
24	CCCOc1ccc(S(=O)(=O)Nc2ccc(C#N)cc2)cc1	1.0	0	0.142	0.988
24	CC(C)(C)c1ccc(S(=O)(=O)Nc2ccc(S(=O)(=O)N3CCCCC3)cc2)cc1	1.0	0	0.133	0.982
24	COc1cc(C(=O)NCCN2CCCC2)ccc1Oc1ccc(Cl)cc1	1.0	0	0.122	0.987
24	O=S(=O)(Nc1ccc(O)cc1C(=O)c1ccccc1)c1ccc(Cl)c(Cl)c1	1.0	0	0.2	0.982
24	CC(C)(C)c1ccc(S(=O)(=O)Nc2ccc(Cl)cc2-c2c(O)ccc(O)c2)cc1	1.0	1	0.226	0.971
24	CC(=O)C1=C(O)C(=O)N(c2cc(C)ccc2)C1C1CCCCC1	1.0	1	0.301	0.922
24	COc1ccc(S(=O)(=O)Nc2ccc(Cl)cc2C(=O)NCCCN2CCOCC2)cc1	1.0	0	0.184	0.978
24	N#Cc1ccc(Oc2ncc(Cl)cc2NS(=O)(=O)c2ccc(Cl)c(Cl)c2)cn1	1.0	1	0.359	0.95
24	CC(=O)C1=C(O)C(=O)N(c2ccc(C)cc2)C1c1ccc(Br)cc1	1.0	1	0.374	0.953
24	O=C(c1ccncc1)c1cc(Cl)ccc1NS(=O)(=O)c1ccc(-c2cocc2)cc1	1.0	0	0.181	0.968
24	Cc1[n+]([O-])cc(C(=O)c2cc(Cl)ccc2NS(=O)(=O)c2ccc(N(C)C)cc2)c(C)c1	1.0	1	0.242	0.935
24	CC(C)(C)c1ccc(S(=O)(=O)Nc2ccc(Cl)cc2C(=O)c2c(Cl)cccc2)cc1	1.0	1	0.203	0.98
24	O=C(c1cnccc1)c1cc(F)c(F)cc1NS(=O)(=O)c1ccc(Cl)cc1	1.0	1	0.213	0.976
24	O=C(O)c1c(Oc2ccc(Cl)cc2NS(=O)(=O)c2ccc(Cl)cc2)cccc1	1.0	1	0.396	0.984
24	O=C(O)c1c(Oc2ccc(F)cc2NS(=O)(=O)c2ccc(Cl)cc2)cccc1	1.0	1	0.289	0.983
24	Cc1ccncc1C(=O)c1cc(Cl)ccc1NS(=O)(=O)c1ccc(F)cc1	1.0	1	0.224	0.978
24	COc1ccc(NS(=O)(=O)c2ccc(N(Cc3cccc(C)n3C)C(=O)c3cccc(C(=O)O)c3)cc2)cc1	0.0	0	0.0	0.0
24	CC(C)(C)c1ccc(S(=O)(=O)Nc2ccc(Cl)cc2-c2c(N)ncnn2)cc1	1.0	1	0.283	0.954
24	Cc1cn(C(=O)c2ccccc2NS(=O)(=O)c2ccc(Cl)cc2)ccc1	0.0	0	0.0	0.0
24	COC(=O)CC=CCCCc1ccc(O)c(O)c1OC-c1ccc(Cl)cc1	1.0	0	0.189	0.952
24	C=CCN(C(=O)Cc1ccc(F)cc1)c1ccccc1C(=O)c1cc(=O)c2cc(F)ccc2n1C	1.0	1	0.242	0.935
24	Cc1cc(CC(=O)c2cc(Cl)ccc2NS(=O)(=O)c2ccc(C(C)(C)C)cc2)ccn1	1.0	1	0.227	0.967
24	CC(=O)C1=C(O)C(=O)N(c2cccc(C(F)(F)F)c2)C1C1CCCCC1	1.0	1	0.381	0.902
24	COc1cc2c(cc1NS(=O)(=O)c1c(Cl)c(Cl)ccc1)n(CC(N)=O)c2C	0.0	0	0.0	0.0
24	COc1nn(C)c2c1c(NS(=O)(=O)c1c(Cl)c(Cl)ccc1)ncn2	1.0	1	0.214	0.941
24	O=C(c1ccncc1)c1cc(Cl)ccc1NS(=O)(=O)c1ccc([N+](=O)[O-])cc1	1.0	0	0.18	0.977
24	O=S(=O)(Nc1cc(Cl)ccc1Cn1cncn1)c1cccc2nonc12	1.0	1	0.283	0.945
24	O=C(c1ccc(Oc2ccc(F)cc2NS(=O)(=O)c2ccc(Cl)c(Cl)c2)cc1)N	1.0	1	0.397	0.98
24	CC(=O)C1=C(O)C(=O)N(c2cc(C)ccc2)C1c1ccccc1	1.0	1	0.426	0.959
24	CCOC(=O)C1=C(O)C(=O)N(c2ccc(C)cc2)C1C1CCCCC1	1.0	1	0.453	0.929
24	O=C(O)c1ccccc1Oc1ccc(C(F)(F)F)cc1NS(=O)(=O)c1ccc(Cl)cc1	1.0	1	0.356	0.977
24	Cc1c(C(=O)Nc2ccc(S(=O)(=O)NC3CC3)cc2)cccc1	1.0	0	0.108	0.99
24	CCSc1ncc(S(=O)(=O)c2ccc(Cl)cc2)cc1O	1.0	0	0.106	0.957
24	COc1ccc(N2C(=O)C(O)=C(C(=O)C3CC3)C2C2CCCC2)cc1	1.0	1	0.392	0.917
24	Cc1cc(CN2C(=O)c3c(C2=O)c(NS(=O)(=O)c2ccc(C(C)(C)C)cc2)ccc3Cl)cnc1	1.0	0	0.16	0.942
24	Cc1c(C(=O)Nc2cc(Cl)ccc2NS(=O)(=O)c2ccc(OC(C)C)cc2)cccc1	1.0	1	0.223	0.981
24	O=C(NS(=O)(=O)c1cc(Cl)c(Cl)cc1)c1ccccc1	1.0	0	0.082	0.99
24	CC(=O)c1cc(C)ccc1COc1cc(F)ccc1NS(=O)(=O)c1ccc(C(F)(F)F)cc1	1.0	0	0.184	0.968
24	O=C(O)c1c(Oc2c(F)cccc2NS(=O)(=O)c2ccc(Cl)cc2)cc[n+]1[O-]	0.0	0	0.0	0.0
24	CC(=O)C1=C(O)C(=O)N(c2ccc(Br)cc2F)C1C1CCCCC1	1.0	1	0.316	0.892
24	COc1nc(Cl)cnc1NS(=O)(=O)c1cccc(Cl)c1Cl	1.0	0	0.146	0.955
24	O=C(OCCCc1ccc(C(=O)c2ccc(C(F)(F)F)cc2)cc1)c1ccccc1	1.0	0	0.102	0.985
24	Cc1c(N2C(=O)c3c(C2=O)c(NS(=O)(=O)c2ccc(C(C)(C)C)cc2)ccc3Cl)cccn1	1.0	0	0.132	0.943
24	O=C(O)c1ccccc1Oc1ccc(Cl)cc1NS(=O)(=O)c1ccc(Cl)cc1	1.0	1	0.396	0.984
24	CCNc1c(-c2cc(Cl)ccc2NS(=O)(=O)c2ccc(C(C)(C)C)cc2)nccn1	1.0	1	0.348	0.958
24	O=C(O)N1CCC(NS(=O)(=O)c2ccc(Cl)c(NC(=O)c3ccccc3)c2)CC1	1.0	0	0.144	0.98
24	O=S(=O)(NCCCN1CCC(c2ccc(Cl)cc2)CC1)c1ccc(Br)cc1	1.0	0	0.089	0.981
24	CC(C)(C)c1ccc(S(=O)(=O)Nc2ccc(Br)cc2C(=O)c2c(F)cccc2)cc1	1.0	1	0.213	0.978
24	CC(=O)NCCNc1cc(Oc2ccc(Cl)cc2N)ccc1C	1.0	0	0.169	0.979
24	O=C(Nc1cc(C(F)(F)F)ccc1)c1ccccc1	1.0	0	0.08	0.994
24	O=C(O)c1c(Oc2cccc(NN=Cc3ccccc3)c2)cccc1	1.0	0	0.148	0.984
24	Cc1ccc(N2C(=O)C(O)=C(C(=O)c3ccccc3)C2C2CCCCC2)cc1	1.0	1	0.377	0.933
24	CC(=O)C1=C(O)C(=O)N(c2ccc(Br)cc2F)C1C1CCCCC1	1.0	1	0.316	0.892
24	c1ccc(Sc2ccccc2Cc2ccccc2)cc1	1.0	1	0.23	0.991
24	Cc1cc(Oc2c(C(=O)O)cccc2)ccc1	1.0	0	0.11	0.993
24	O=S(=O)(Nc1ncnn1Cc1ccccc1Cl)c1ccccc1	1.0	0	0.184	0.973
24	COC(=O)CCc1ccc(S(=O)(=O)Nc2ccc(Cl)cc2C(=O)c2c(C)nccn2)cc1	1.0	0	0.157	0.96
24	Cc1ccc(S(=O)(=O)NCC(c2ccccc2)c2ccccc2)cc1	1.0	1	0.214	0.988
24	CNS(=O)(=O)c1ccc(CNC(=O)c2ccccc2)cc1	1.0	0	0.089	0.992
24	O=C(c1ccncc1)c1cc(Cl)ccc1NS(=O)(=O)c1ccc(C(F)(F)F)cc1	1.0	0	0.194	0.976
24	Cc1cc(C(=O)c2cc(Cl)ccc2NS(=O)(=O)c2ccc(-c3cnco3)cc2)ccc1	1.0	0	0.199	0.968
24	Cc1c(C(=O)c2cc(Cl)ccc2NS(=O)(=O)c2ccc(OC(C)C)cc2)ccc[n+]1[O-]	1.0	1	0.201	0.949
24	Cc1cccnc1C(=O)c1cc(Cl)ccc1NS(=O)(=O)c1ccc(F)cc1	1.0	0	0.193	0.978
24	CC(=O)C1=C(O)C(=O)N(c2ccc(F)cc2F)C1C1CCCCC1	1.0	0	0.156	0.902
24	Cc1cc(C(=O)c2cc(Cl)ccc2NS(=O)(=O)c2ccc(S(C)(=O)=O)cc2)ccn1	1.0	0	0.18	0.971
24	O=C(c1ccncc1)c1cc(Cl)ccc1NS(=O)(=O)c1ccc(-c2ccccc2)cc1	1.0	0	0.152	0.981
24	COc1nccnc1NS(=O)(=O)c1cccc(Cl)c1	1.0	0	0.139	0.977
24	CCc1ccccc1NS(=O)(=O)c1ccc(C)cc1C(	0.0	0	0.0	0.0
24	O=C(O)c1cc(Oc2ncc(Cl)cc2NS(=O)(=O)c2ccc(Cl)c(Cl)c2)cnc1	1.0	1	0.333	0.958
24	CS(=O)(=O)c1ccc(S(=O)(=O)Nc2ccc(Cl)cc2C(=O)c2ccncc2)cc1	1.0	0	0.189	0.977
24	CCC(=O)C1=C(O)C(=O)N(c2ccc(C)cc2)C1C1CCCCC1	1.0	1	0.319	0.913
24	Cc1cc(Oc2c(C(=O)O)cccc2NS(C)(=O)=O)ccc1	1.0	0	0.142	0.979
24	O=C(NCC(=O)N1CCC(N2CCCCC2)CC1)c1ccccc1Cl	1.0	0	0.112	0.982
24	O=S(=O)(Nc1cc(Cl)c(Cl)cc1Cn1ccnn1)c1cccc(C(F)(F)F)c1	1.0	1	0.3	0.945
24	O=C(O)c1ccccc1Oc1ccc(C(=O)c2ccccc2)cc1	1.0	0	0.138	0.991
24	Cn1nnnc1Cc1ncc(Cl)cc1NS(=O)(=O)c1ccc(Cl)c(Cl)c1	1.0	1	0.319	0.937
24	CC(C)CCCNC(=O)c1ccccc1NS(=O)(=O)c1ccc(Cl)c(Cl)c1	1.0	1	0.206	0.983
24	CC(=O)C1=C(O)C(=O)N(c2cc(F)c(C)cc2)C1C1CCCCC1	1.0	1	0.33	0.908
24	O=C(c1ccncc1)c1cc(Cl)ccc1NS(=O)(=O)c1ccc(C(F)(F)F)cc1	1.0	0	0.194	0.976
24	O=S(=O)(Nc1cc(Cl)c(Cl)cc1Cn1ccnn1)c1ccccc1	1.0	1	0.349	0.963
24	O=C(O)c1cccc(Oc2ccc(Cl)cc2NS(=O)(=O)c2ccc(Cl)c(Cl)c2)c1	1.0	1	0.34	0.98
24	COc1nc(N2CCOCC2)cc2nc(C)c(N)c(C3CCNCC3)c2c1	0.0	0	0.0	0.0
24	N#Cc1cc(OCCN)ccc1Cc1ccc(Cl)cc1	1.0	0	0.151	0.979
24	COc1ccc(S(=O)(=O)NC(=O)Nc2cc(Cl)ccc2NS(=O)(=O)c2ccc(NC(C)=O)cc2)cc1	1.0	0	0.005	0.971
24	Cc1cc(Oc2c(C(=O)O)cccc2)c(Cl)cc1	1.0	0	0.132	0.99
24	CN(C)CCNc1ccc(NC(=O)Nc2cccnc2)cc1Cl	1.0	0	0.107	0.98
24	CC(C)c1nc2nc(N)nn2c(O)c1Cc1cc(Br)cc(Cl)c1	1.0	1	0.443	0.89
24	CC(C)(C)c1ccc(S(=O)(=O)Nc2ccc(Cl)cc2C(=O)c2ccncc2)cc1	1.0	0	0.194	0.977
24	CC(=O)N1CCC(NS(=O)(=O)c2ccc(NC(=O)c3ccccc3C)c3ccccc23)CC1	1.0	0	0.169	0.973
24	CC(=O)C1=C(O)C(=O)N(c2ccc(Br)cc2)C1C1CCCCC1	1.0	0	0.172	0.919
24	COc1ccc(Cl)cc1S(=O)(=O)n1ccc(C(=O)c2cc(Cl)ccc2O)c1	1.0	0	0.119	0.957
24	Cc1ccc(N(=O)c2cccc(C(F)(F)F)c2)cc1	0.0	0	0.0	0.0
24	COc1cccc2c1c(NS(=O)(=O)c1ccc(Cl)s1)nn2Nc1ncccn1	1.0	1	0.229	0.893
25	C=CCOc1ccc(S(=O)(=O)Nc2ccc(Cl)cc2C(=O)Nc2ccncc2)cc1	1.0	0	0.173	0.975
25	CC(C)(C)c1ccc(S(=O)(=O)Nc2ccc(Cl)cc2-c2c(CN)cccn2)cc1	1.0	1	0.327	0.967
25	CCOc1ccc(NS(=O)(=O)c2ccc(NS(=O)(=O)c3ccc(Cl)cc3)cc2)cc1	1.0	0	0.131	0.986
25	Cn1c(Oc2ccc(Cl)cc2NS(=O)(=O)c2ccc(Cl)s2)c2c(N)ncnc21	0.0	0	0.0	0.0
25	O=[N+]([O-])c1cc(OS(=O)(=O)c2ccc(Cl)cc2)ccn1	1.0	0	0.104	0.966
25	COc1nn(C(=O)c2ccccc2)c2ccccc12	1.0	0	0.196	0.983
25	Cc1ccc(N2C(=O)C(=O)c3ccccc32)cc1	1.0	0	0.102	0.989
25	O=C(NCCN1CCC(F)(F)C1)c1ccc(Oc2ccc(Cl)cc2NS(=O)(=O)c2ccc(Cl)c(Cl)c2)cc1	1.0	0	0.005	0.947
25	CC(C)(C)c1ccc(S(=O)(=O)Nc2ccc(Cl)cc2-c2c(NCCO)nccn2)cc1	1.0	1	0.336	0.954
25	CCCC(=O)N1CCC(NS(=O)(=O)c2ccc(NC(=O)C3CCNCC3)c3c2cccc3)CC1	1.0	0	0.139	0.955
25	O=C(O)c1cc(Oc2ncc(Cl)cc2NS(=O)(=O)c2ccc(Cl)c(Cl)c2)ccc1	1.0	1	0.209	0.971
25	CC(C)(C)c1ccc(S(=O)(=O)Nc2ccc(Cl)cc2C(=O)c2cnc(S(C)(=O)=O)cc2)cc1	1.0	1	0.211	0.961
25	CC(=O)c1ccc(S(=O)(=O)Nc2c(Cl)cccc2C(=O)c2ccncc2)cc1	1.0	1	0.272	0.976
25	CC(=O)C1=C(O)C(=O)N(c2ccc(C)cc2)C1c1cc(Br)ccc1	1.0	1	0.447	0.948
25	Cc1ccc(S(=O)(=O)Nc2cc(Cl)ccc2Cn2ccnn2)cc1C	1.0	1	0.428	0.965
25	COc1c(Cl)ccc(NS(=O)(=O)c2ccc(C(=O)O)cc2)c1	1.0	0	0.151	0.989
25	O=S(=O)(NCCCN(C1=NS(=O)(=O)c2ccccc21)c1ccc(F)cc1)	1.0	0	0.169	0.853
25	O=C(O)c1ccc(NS(=O)(=O)c2ccc(Cl)c(C(F)(F)F)c2)cc1	1.0	0	0.104	0.984
25	CN(C)c1ncnc(-c2cc(Cl)ccc2NS(=O)(=O)c2ccc(OC(F)(F)F)cc2)c1	1.0	1	0.308	0.952
25	CC(C)(C)c1ccc(S(=O)(=O)Nc2ccc(Cl)cc2-c2c(O)cnc(NCCO)n2)cc1	1.0	1	0.325	0.942
25	O=C(c1cnccc1)c1cc(F)c(F)cc1NS(=O)(=O)c1ccc(N2CCCCC2)cc1	1.0	1	0.203	0.968
25	COc1cc(Cn2nc(NS(=O)(=O)c3ccc(Cl)s3)c3ccccc32)ccc1	1.0	1	0.272	0.967
25	Cc1ncccc1Oc1ncc(Cl)cc1NS(=O)(=O)c1ccc(Cl)c(Cl)c1	1.0	1	0.377	0.964
25	COc1cccc2ccc(S(=O)(=O)Nc3ccc(S(=O)(=O)Nc4ccc(C(C)(C)C)cc4)cc3)cc12	1.0	0	0.005	0.973
25	Cc1ccc(S(=O)(=O)NNC(=O)Nc2cccc(S(=O)(=O)N(C)C)c2)cc1	1.0	0	0.174	0.977
25	CC(C)(C)c1ccc(S(=O)(=O)Nc2ccc(Cl)cc2C(=O)c2ccncn2)cc1	1.0	1	0.234	0.967
25	Nc1nn2c(O)c(Cc3ccccc3F)c(-c3ccccc3)nc2n1	1.0	1	0.773	0.956
25	COc1ncc(Cl)nc1NS(=O)(=O)c1cccc(Cl)c1Cl	1.0	0	0.157	0.955
25	O=C(NN=Cc1ccc(OCc2ccccc2)cc1)c1ccccc1	1.0	0	0.086	0.991
25	Cn1nnnc1Cc1c(-c2cc(Cl)ccc2NS(=O)(=O)c2ccc(C(C)(C)Br)cc2)ccc(C(F)(F)F)c1	1.0	0	0.005	0.897
25	O=[N+]([O-])c1ccc(S(=O)(=O)Nc2ccc(Cl)cc2-c2ccccn2)cc1	1.0	1	0.248	0.979
25	Cc1nn(Cc2ccc(C(F)(F)F)cc2NS(=O)(=O)c2ccc(Cl)cc2)c(C)c1	1.0	1	0.333	0.969
25	N#CC1(c2ccc(Cl)c(Cl)c2)CCN(Cc2ccccc2)CC1	1.0	0	0.138	0.974
25	CC(=O)C1=C(O)C(=O)N(c2cc(C)c(C)cc2)C1C1CCCCC1	1.0	1	0.32	0.916
25	O=C(c1ccc(Oc2ccc(Cl)cc2NS(=O)(=O)c2ccc(Cl)c(Cl)c2)cc1)N1CCC1	1.0	1	0.244	0.978
25	Cc1nc(SC(=O)c2ccc(Cl)cc2)c(C#N)c(C)n1Cc1ccccc1	0.0	0	0.0	0.0
25	CCCC(=O)N1CCC(NS(=O)(=O)c2ccc(NC(=O)c3ncccc3)c3c2cccc3)CC1	1.0	0	0.151	0.965
25	COc1nc(Br)cnc1NS(=O)(=O)c1ccc(Cl)c(Cl)c1	1.0	0	0.129	0.96
25	CC(=O)C1=C(O)C(=O)N(c2ccc(Cc3ccccc3)cc2)C1C1CCCCCCC1	1.0	1	0.336	0.925
25	COC(=O)CCc1ccc(S(=O)(=O)Nc2ccc(Cl)cc2C(=O)c2ccncn2)cc1	1.0	1	0.223	0.965
25	CC1CCCN1Cc1ccc(CNC(=O)c2ccc(Cl)cc2)cc1	1.0	0	0.096	0.974
25	COc1ccccc1Cn1nc(NS(=O)(=O)c2ccc(Cl)s2)c2ccccc21	1.0	1	0.244	0.966
25	CN1CC(NC(=O)c2cccc(NS(=O)(=O)c3ccc(Cl)cc3)c2)CC1OCc1ccccc1C(cc1ccc(Cl)cc1	0.0	0	0.0	0.0
25	CC(=O)C1=C(O)C(=O)N(c2ccc(C)cc2)C1c1c(Br)c(Cl)c(Cl)cc1	1.0	1	0.476	0.896
25	Cc1c(C(=O)c2cc(Cl)ccc2NS(=O)(=O)c2ccc(OC(C)C)cc2)ccc[n+]1[O-]	1.0	1	0.201	0.949
25	COc1ncccc1C(=O)N1CCC(N2CCC(N3C(=O)c4ccccc4C3=O)CC2)CC1	1.0	0	0.117	0.959
25	CNC(=O)c1ccc(C(=O)NCCc2ccc(Cl)c(Cl)c2)cc1	1.0	0	0.095	0.99
25	CS(=O)(=O)c1ccc(S(=O)(=O)Nc2ccc(Cl)cc2C(=O)Nc2cccc(C(=O)O)c2)cc1	1.0	0	0.165	0.979
25	CC(C)(C)c1ccc(S(=O)(=O)Nc2ccc(Cl)cc2C(=O)c2cnc(C(N)=O)nc2)cc1	1.0	0	0.17	0.954
25	O=C(O)c1c(Oc2c(F)cccc2NS(=O)(=O)c2ccc(Cl)cc2)cccc1	1.0	1	0.306	0.979
25	O=C(O)c1ccc(C(=O)N2CCC(N3CCC(Cc4ccc(Cl)c(Cl)c4)CC3)CC2)cc1	1.0	0	0.104	0.972
25	Cc1cc(C)c(S(=O)(=O)N(Cc2ccc(N3CCC(O)C3)cc2)c2ccccc2)cc1	1.0	1	0.307	0.936
25	O=S(=O)(Nc1cc(Cl)ccc1Cn1ccnn1)c1ccc(Cl)c(Cl)c1	1.0	1	0.331	0.963
25	O=C(O)c1ccccc1Oc1ccc(C(F)(F)F)cc1NS(=O)(=O)c1ccc(Cl)cc1	1.0	1	0.356	0.977
25	COc1cc(NS(=O)(=O)c2ccc(C)cc2)ccc1	1.0	0	0.12	0.993
25	CC(=O)C1=C(O)C(=O)N(c2ccc(Cc3ccccc3)cc2)C1C1CCCCCC	0.0	0	0.0	0.0
25	O=C(c1ccncc1)c1cc(Br)ccc1NS(=O)(=O)c1ccc(N2CCCCC2)cc1	1.0	0	0.185	0.974
25	CCn1cc(C(=O)c2cc(Cl)ccc2NS(=O)(=O)c2ccc(C(C)(C)C)cc2)nc1	1.0	0	0.188	0.955
25	CC(C)(C)c1ccc(S(=O)(=O)Nc2ccc(Cl)cc2-c2c(NCCO)nccn2)cc1	1.0	1	0.336	0.954
25	N#Cc1ccc(S(=O)(=O)Nc2ccc(Cl)cc2C(=O)c2ccncc2)cc1	1.0	0	0.196	0.977
25	CC(C)(C)c1ccc(S(=O)(=O)Nc2ccc(Cl)cc2-c2c(O)c3nc(N)nn3c2)cc1	0.0	0	0.0	0.0
25	CC(=O)N1CCC(NS(=O)(=O)c2ccc(NC(=O)c3c(C)cccc3)c3c2cccc3)CC1	1.0	0	0.169	0.973
25	COc1nc(S(C)(=O)=O)nc1NS(=O)(=O)c1ccc(Cl)c(Cl)c1	0.0	0	0.0	0.0
25	Cc1ccc(S(=O)(=O)Nc2cc(Cl)ccc2Cn2ccnn2)cc1C	1.0	1	0.428	0.965
25	COc1cc2c(cc1NS(=O)(=O)c1c(Cl)c(Cl)ccc1)nc(O)n2C1CCOC1	1.0	1	0.308	0.821
25	Cc1c(OCCN(C)C)cccc1Cc1cnc(N)nc1N	1.0	0	0.122	0.959
25	COc1c2c(NS(=O)(=O)c3ccc(Cl)s3)nn(Cc3cccc(NC(=O)OC(C)C)c3)c2ccc1	1.0	1	0.254	0.937
25	CC(C)(C)c1ccc(S(=O)(=O)Nc2ccc(Cl)cc2C(=O)c2ccc(Cl)nc2)cc1	1.0	0	0.193	0.972
25	Cc1ncc(N2C(=O)c3c(C2=O)c(NS(=O)(=O)c2ccc(C(C)(C)C)cc2)ccc3Cl)cc1	1.0	0	0.136	0.946
25	Cc1c(C(=O)c2cc(Cl)ccc2NS(=O)(=O)c2ccc(OC(C)C)cc2)ccc[n+]1[O-]	1.0	1	0.201	0.949
25	Cc1nc2nc(O)c(-c3ccccc3)nc2n1CC(C)(C)C	1.0	0	0.123	0.937
25	CNS(=O)(=O)c1ccc(CNC(=O)c2cccc3ccccc23)cc1	1.0	0	0.126	0.988
25	Cc1cnc(N2CCCCc3cc(NC(=O)c4ccccc4)ccc32)cc1	1.0	0	0.172	0.982
25	CC(C)c1ccc(S(=O)(=O)Nc2ccc(Cl)cc2C(=O)Nc2ccccc2)cc1	1.0	0	0.186	0.986
25	Cn1c(S(=O)(=O)c2ccc(Cl)cc2N)ncc1	1.0	0	0.128	0.948
25	CN(C)C(=O)C(C)(C)c1ccc(S(=O)(=O)Nc2ccc(Cl)cc2C(=O)c2ccnc(F)c2)cc1	1.0	0	0.179	0.941
25	CCCNC(=O)Cn1nc(C)c2c(C)n(Cc3ccccc3)cc2c1=O	1.0	0	0.166	0.961
25	O=S1(=O)NC(NCc2ccccc2)(c2ccccc2)c2ccccc21	1.0	1	0.304	0.871
25	CCCn1c(O)nnc1Sc1nc(C)ccc1C(C)(C)C	1.0	0	0.11	0.898
25	Cc1nn2c(NS(=O)(=O)c3ccc(Cl)cc3)c(C#N)nc(N)c2c1	1.0	0	0.197	0.912
25	Cc1noc(NS(=O)(=O)c2cc(Cl)ccc2NS(=O)(=O)c2ccc(CC(C)C)cc2)c1	1.0	1	0.208	0.956
25	COc1c2c(NS(=O)(=O)c3ccc(Cl)s3)nn(Cc3cccc(NC(=O)COC#N)c3)c2ccc1	1.0	1	0.235	0.905
25	O=S(=O)(Nc1cc(Cl)ccc1Cn1ccnn1)c1csc2ccccc12	1.0	1	0.257	0.944
25	COc1cc2c(cc1NS(=O)(=O)c1c(Cl)c(Cl)ccc1)nc(O)n2C	1.0	1	0.261	0.948
25	Cc1cccc(C(=O)c2cc(Cl)ccc2NS(=O)(=O)c2ccc(C(C)(C)C)cc2)c1	1.0	1	0.209	0.98
25	O=C(CN1C(=O)c2ccccc2C1=O)C1CCC1N1CCCCC1=O	1.0	0	0.191	0.836
25	O=C(O)c1cccc2c1NS(=O)(=O)c1ccccc1O2	1.0	0	0.135	0.946
25	CN(C)C(=NS(=O)(=O)c1ccccc1)c1ccccc1C	1.0	0	0.162	0.972
25	Cc1c(C(=O)c2cc(Cl)ccc2NS(=O)(=O)c2ccc(OC(C)C)cc2)ccc[n+]1[O-]	1.0	1	0.201	0.949
25	COc1ccc(S(=O)(=O)Nc2ccc(Cl)cc2C(=O)NCCc2ccccc2)cc1	1.0	0	0.164	0.986
25	CC(C)(C)c1ccc(S(=O)(=O)Nc2ccc(Cl)cc2-c2c(NCCO)nccn2)cc1	1.0	1	0.336	0.954
25	CC(=O)NCc1cc(Cn2nc(NS(=O)(=O)c3ccc(Cl)s3)c3c(C(C)O)cccc32)ccc1	1.0	1	0.233	0.844
25	CCC(=O)C1=C(O)C(=O)N(c2ccc(C)cc2)C1C1CCCCCCCC1	1.0	1	0.305	0.817
25	O=S(=O)(Nc1cc(F)ccc1Cn1cncn1)c1ccccc1	1.0	1	0.339	0.977
25	CCCCCc1nc2nc(N)nn2c(O)c1Cc1cccc(Cl)c1	1.0	1	0.582	0.937
25	CC1CCCCN1C(=O)C(C)(C)c1cc(O)cc(N(C)C)c1	1.0	0	0.14	0.88
25	COc1nn(C)c2c1c(NS(=O)(=O)c1cccc(Cl)c1)ncn2C1	0.0	0	0.0	0.0
25	N#Sc1cc(Cl)ccc1Cn1cc(Cl)ccc1N1CCCCCCCCOC1=O	0.0	0	0.0	0.0
25	COc1c(NS(=O)(=O)c2ccc(Cl)s2)cccc1	1.0	0	0.177	0.986
25	CC(C)c1noc(CSc2nc(Sc3ccc(Cl)cc3)nc(N)n2)c1	1.0	0	0.141	0.927
26	O=C(O)c1c(Oc2ncccc2C(=O)c2ccccc2)cccc1	1.0	1	0.283	0.986
26	O=C(NCCO)c1ccccc1Oc1ncc(Cl)cc1NS(=O)(=O)c1ccc(Cl)c(Cl)c1	1.0	1	0.27	0.964
26	O=C(O)c1c(Oc2ccccc2NS(=O)(=O)c2ccc(Cl)cc2)cccc1	1.0	1	0.296	0.986
26	COc1c(O)cc(C(=O)c2cc(Cl)ccc2NS(=O)(=O)c2ccc(C(C)(C)C)cc2)cc1	1.0	1	0.209	0.974
26	COc1ccc(S(=O)(=O)Nc2ccc(Cl)cc2C(=O)c2ccncc2)cc1	1.0	0	0.19	0.983
26	O=C(O)c1ccccc1Oc1ccc(C(F)(F)F)cc1NS(=O)(=O)c1ccccc1	1.0	1	0.246	0.98
26	CCC(CC)Cc1nc2nc(N)nn2c(=O)n1Cc1cccc(Cl)c1	1.0	1	0.634	0.919
26	O=C(NCc1ccccc1)c1ccc(Oc2ccccc2)cc1N	1.0	0	0.083	0.99
26	O=C(O)c1c(Oc2ccccc2C(=O)c2ccccc2)cccc1	1.0	1	0.308	0.99
26	CC(C)(C)c1ccc(S(=O)(=O)Nc2ccc(Cl)cc2-c2c(NCCO)nccn2)cc1	1.0	1	0.336	0.954
26	Cc1nnc(-c2ccc(S(=O)(=O)Nc3ccc(Cl)cc3C(=O)c3ccncc3)cc2)cc1	1.0	0	0.178	0.968
26	Cc1ccc(Cl)cc1C(=O)c1cc(Cl)ccc1NS(=O)(=O)c1ccc(Br)cc1	1.0	1	0.242	0.981
26	COCCn1c(=O)n(C)c2ccc(Cl)cc21	1.0	0	0.081	0.979
26	CC(C)c1nc2nc(N)nn2c(O)c1Cc1cc(Br)cc(Cl)c1	1.0	1	0.443	0.89
26	CC(C)(C)c1ccc(S(=O)(=O)Nc2ccc(Cl)cc2-c2cccnc2)cc1	1.0	1	0.272	0.979
26	O=C(O)c1ccccc1Oc1ccc(Cl)cc1NS(=O)(=O)c1ccc(Cl)c(Cl)c1	1.0	1	0.368	0.98
26	COc1ccc(S(=O)(=O)Nc2ccc(Cl)cc2C(=O)c2ccncc2)cc1	1.0	0	0.19	0.983
26	CCNc1c(-c2cc(Cl)ccc2NS(=O)(=O)c2ccc(Cl)c(Cl)c2)cccc1	1.0	0	0.198	0.976
26	COc1c(Oc2ccc(Cl)cc2NS(=O)(=O)c2ccc(Cl)c(Cl)c2)ccc(C(=O)NC)c1	1.0	1	0.453	0.975
26	O=C(NC1CCNCC1)c1ccc(Oc2cc(Cl)ccc2NS(=O)(=O)c2ccc(Cl)cc2)cc1	1.0	1	0.253	0.97
26	O=C(O)c1c(F)cccc1Nc1c(Cl)cccc1	1.0	0	0.126	0.988
26	COc1cccc2c1c(NS(=O)(=O)c1ccc(Cl)s1)nn2Cc1ccccc1CO	1.0	1	0.236	0.947
26	CC(C)(C)c1ccc(S(=O)(=O)Nc2ccc(Cl)cc2C(=O)c2ccccn2)cc1	1.0	1	0.235	0.976
26	C=CCN(C(=O)C(CC)(C)C)c1cccnc1Cc1ccccc1F	1.0	0	0.191	0.931
26	Nc1nn2c(O)c(Cc3cccc(Cl)c3)c(C3CC3)nc2n1	1.0	1	0.591	0.922
26	COc1nn(-c2ccc(Cl)c(Cl)c2)c2ccccc12	1.0	0	0.189	0.98
26	O=C(O)Nc1ccc(NC(=O)c2ccccc2)cc1Cl	1.0	0	0.117	0.992
26	O=C(O)c1ccccc1Oc1ccc(C(F)(F)F)cc1NS(=O)(=O)c1ccc(Cl)cc1	1.0	1	0.356	0.977
26	O=C(O)c1ccccc1Oc1ncc(Cl)cc1NS(=O)(=O)c1cccc(Cl)c1	1.0	1	0.318	0.974
26	O=S(=O)(Nc1cc(Cl)ccc1Cn1cccn1)c1ccc(Cl)cc1	1.0	1	0.31	0.978
26	Cc1cc(C(=O)c2cc(Cl)ccc2NS(=O)(=O)c2ccc(OC(C)C)cc2)ccn1	1.0	0	0.191	0.972
26	COc1c(C2Nc3ccccc3C(=O)N2Cc2ccccc2)cccc1	1.0	1	0.266	0.959
26	O=[N+]([O-])c1cc(O)c2N=C(Nc3c(Cl)cccc3)c3ccccc3c2c1	1.0	1	0.279	0.968
26	CCCC(=O)C1=C(O)C(=O)N(c2ccc(C)cc2)C1c1ccc(Cl)cc1	1.0	1	0.425	0.943
26	O=C(c1ccncc1)c1cc(Cl)ccc1NS(=O)(=O)c1ccc(Nc2ncc(Cl)c(Cl)n2)cc1	1.0	0	0.148	0.953
26	CC(=O)NCc1cc(Cn2nc(NS(=O)(=O)c3ccc(Cl)s3)c3c(C(C)(C)O)cccc32)ccc1	1.0	1	0.226	0.918
26	CC(=O)C1=C(O)C(=O)N(c2cc(C)cc(C)c2)C1C1CCCCCC1	1.0	1	0.33	0.903
26	O=C(O)c1ccccc1Oc1ccc(C(F)(F)F)cc1NS(=O)(=O)c1ccc(Cl)cc1	1.0	1	0.356	0.977
26	Cc1cccc(NS(=O)(=O)c2ccc(Oc3ccc(Cl)cc3)c3c2cccc3)c1	1.0	0	0.179	0.984
26	Cc1cc(N2C(=O)c3c(C2=O)c(NS(=O)(=O)c2ccc(C(C)(C)C)cc2)ccc3Cl)cnc1	1.0	0	0.146	0.939
26	Cc1ccc(S(=O)(=O)NN=Cc2ccccc2)cc1	1.0	0	0.134	0.988
26	Cc1cc(O)c(NS(=O)(=O)c2ccc(Cl)cc2)cc1	1.0	0	0.062	0.989
26	N=C(N)c1cc(F)c(F)cc1NS(=O)(=O)c1ccc(C(C)(C)C)cc1	1.0	0	0.174	0.968
26	O=C(O)c1c(Oc2ccc(F)cc2NS(=O)(=O)c2ccc(Cl)c(Cl)c2)cccc1	1.0	1	0.416	0.979
26	CC(C)(c1ccc(-c2ccc(Cl)cc2)cc1C(=O)Nc1c(CNCCO)cccc1)	1.0	0	0.138	0.976
26	O=C1Nc2ccc(Cl)cc2C2CC(=O)C12c1ccccc1	1.0	0	0.181	0.8
26	O=C(c1ccncc1)c1ccc(Cl)cc1	1.0	0	0.074	0.992
26	CC(C)c1ccc(S(=O)(=O)Nc2ccc(Cl)c(C(=O)c3ccncc3)c2)cc1	1.0	0	0.157	0.979
26	Cc1cn(Cc2ccc(C(=O)Nc3sc(NC(=O)c4ccccc4)c3C#N)cc2)cc1	0.0	0	0.0	0.0
26	O=C(C1=C(O)C(=O)N(c2ccc(Br)cc2F)C1C1CCCCC1)C1CCC1	1.0	1	0.481	0.874
26	COc1ccc(S(=O)(=O)Nc2ccc(Cl)cc2C(=O)Nc2ccncc2)cc1	1.0	0	0.163	0.984
26	CCCC(=O)C1=C(O)C(=O)N(Cc2ccc(C)cc2)C1C1CCCCC1	1.0	1	0.248	0.907
26	O=S(=O)(Nc1cc(Cl)ccc1Cn1ccnn1)c1ccccc1	1.0	1	0.317	0.973
26	CC(C)c1ccc(S(=O)(=O)Nc2ccc(Cl)cc2C(=O)c2ccccn2)cc1	1.0	1	0.231	0.978
26	CN(C)c1ccc(C(=O)c2nccn2C)cc1	1.0	0	0.098	0.977
26	Nc1nn2c(O)c(Cc3ccccc3Cl)c(C3CC3)nc2n1	1.0	1	0.673	0.921
26	CC(C)(C)c1ccc(S(=O)(=O)Nc2ccc(Cl)c3c2C(=O)N(c2cncc(C#N)c2)C3=O)cc1	1.0	0	0.134	0.925
26	Cc1c(Cc2cccc(C(N)=O)c2)cccc1Cn1ccccc1	0.0	0	0.0	0.0
26	COc1ccc(S(=O)(=O)NCCc2ccc(Cl)cc2)cc1	1.0	0	0.12	0.992
26	CC(=O)C1=C(O)C(=O)N(c2ccc(C)cc2)C1c1ccccc1CC	1.0	1	0.483	0.941
26	Cc1ncc(C(=O)c2cc(Cl)ccc2NS(=O)(=O)c2ccc(OC(C)C)cc2)cc1	1.0	0	0.198	0.974
26	CC(C)c1nc2nc(N)nn2c(O)c1Cc1cc(Cl)cc(Cl)c1	1.0	1	0.474	0.908
26	Nc1nn2c(O)c(CCc3ccccc3)c(C3CC3)nc2n1	1.0	1	0.532	0.935
26	CN(C)c1ccc(S(=O)(=O)Nc2cc(Cl)ccc2CN2CCCC2=O)cc1	1.0	1	0.4	0.972
26	Cc1nn(Cc2ccc(NS(=O)(=O)c3ccccc3)cc2)c(Br)c1	1.0	0	0.123	0.975
26	O=C(O)c1c(OC2CCCC2)nc(Nc2c(Cl)cc(Cl)cc2)c(C(=O)NCCN)c1	1.0	1	0.227	0.946
26	O=C(O)c1ccccc1Cl	1.0	0	0.025	0.996
26	CCOc1ccc(C=NNc2c([N+](=O)[O-])cc(OC)cc2)cc1	1.0	0	0.147	0.982
26	O=S(=O)(NCCCN1CCC(O)(c2ccc(Cl)cc2)CC1)c1ccccc1-c1ccccc1	1.0	0	0.128	0.969
26	COc1ccc(N2C(=O)C(O)=C(C(=O)C3CC3)C2C2CCCCC2)cc1Cl	1.0	1	0.462	0.895
26	COc1nc(Cl)cnc1NS(=O)(=O)c1cccc(Cl)c1Cl	1.0	0	0.146	0.955
26	COc1c2c(NS(=O)(=O)c3ccc(Cl)s3)nn(Cc3cccc(Cl)c3)c2ccc1	1.0	1	0.224	0.957
26	CC(C)(C)c1ccc(S(=O)(=O)Nc2ccc(Cl)cc2-c2c(NCCO)ncc(Cl)n2)cc1	1.0	1	0.34	0.941
26	Cc1nn(-c2ccc(C(F)(F)F)cc2)c2ccc(Cl)cc12	1.0	0	0.118	0.98
26	COc1ccc(C=Cc2nc(NC)c(C#N)c(NCCO)c2)cc1	1.0	0	0.159	0.933
26	Cc1cc(S(=O)(=O)Nc2ccc(Cl)cc2C(=O)c2ccncc2)ccc1	1.0	1	0.205	0.981
26	O=S(O)(O)c1cccc(N2CCOCC2)c1	1.0	0	0.084	0.769
26	COc1cc2c(cc1NS(=O)(=O)c1c(Cl)c(Cl)ccc1)nc(O)n2C1CCOCC1	1.0	1	0.28	0.923
26	O=S(=O)(Nc1cc(Cl)ccc1Cn1cccn1)c1ccccc1	1.0	1	0.222	0.98
26	CC(C)(C)c1ccc(S(=O)(=O)Nc2ccc(Cl)cc2-c2c(O)cccn2)cc1	1.0	1	0.279	0.97
26	COc1cccc2c1c(NS(=O)(=O)c1ccc(Cl)s1)nn2Cc1cccc(C(N)=O)c1	1.0	1	0.219	0.951
26	O=C(O)c1c(Oc2ccccc2NS(=O)(=O)c2ccc(Cl)cc2)cccc1	1.0	1	0.296	0.986
26	CC(Cn1ccnc1)c1cccc(Cl)c1	1.0	0	0.094	0.938
26	COc1ccc(S(=O)(=O)Nc2ccc(Cl)cc2C(=O)c2nccn2C)cc1	1.0	1	0.228	0.973
26	Cc1ccc(NS(=O)(=O)c2ccc(C(=O)N3CCc4ccccc4C3)cc2)cc1	1.0	0	0.142	0.985
26	Cc1ccc(C(=O)c2cc(Cl)ccc2NS(=O)(=O)c2ccc(-c3cncnc3)cc2)cc1	1.0	0	0.183	0.974
26	COc1ccc(C2=NOC(C)(c3ccccc3C)C2)cc1	1.0	0	0.14	0.926
26	CC(=O)Nc1c(C)cc(C(=O)NNC(=O)c2ccccc2)cc1Cl	1.0	0	0.099	0.985
26	O=C(Nc1ccc(S(=O)(=O)Nc2ccc(Cl)cc2)cc1)Nc1cccc2ccccc12	1.0	0	0.108	0.986
26	Cn1ncc(CNS(=O)(=O)c2ccc(Cl)cc2)c2ccccc21	0.0	0	0.0	0.0
26	O=S(=O)(Nc1c(Oc2ccc(Cl)cc2)cccc1)C1CCCCC1C	1.0	1	0.3	0.898
26	COc1cc2c(ccc(=O)n2Cc2ccc(C(C)(C)C)cc2)cc1	1.0	1	0.214	0.983
26	Cc1c(C(=O)c2cc(Cl)ccc2NS(=O)(=O)c2cccc(C(C)(C)C)c2)ccc[n+]1[O-]	1.0	0	0.182	0.942
26	Cc1ncc(C(=O)c2cc(Cl)ccc2NS(=O)(=O)c2ccc(OC(F)(F)F)cc2)cc1	1.0	1	0.21	0.969
26	Cc1c(C(=O)c2cc(Cl)ccc2NS(=O)(=O)c2ccc(OC(F)(F)F)cc2)ccc[n+]1[O-]	1.0	1	0.22	0.94
26	CC(C)(C)c1ccc(S(=O)(=O)Nc2ccc(Br)cc2C(=O)c2ccncc2)cc1	1.0	0	0.18	0.975
26	Cc1[n+]([O-])cnc1NS(=O)(=O)c1ccc(Cl)c(Cl)c1	0.0	0	0.0	0.0
26	CC(=O)CCCc1cc(Cl)ccc1NS(=O)(=O)c1ccc(Cl)cc1	1.0	1	0.237	0.981
26	O=S(=O)(Nc1cc(Cl)ccc1Cn1ccnn1)c1csc2ccccc12	1.0	1	0.257	0.944
26	Cc1ccc(S(=O)(=O)Nc2cc(Cl)ccc2Cn2ccnn2)cc1C	1.0	1	0.428	0.965
27	NS(=O)(=O)c1ccc(Cl)cc1Cl	1.0	0	0.042	0.987
27	O=S(=O)(Nc1ccc(F)cc1)c1ccc(Cl)cc1	1.0	0	0.138	0.993
27	O=C(O)c1ccccc1Oc1ncc(Cl)cc1NS(=O)(=O)c1ccc(Cl)c(Cl)c1	1.0	1	0.311	0.971
27	CC1CCN(C(=O)C(CCn2nccc2C#N)NS(=O)(=O)c2cc(Cl)c(N)c(Cl)c2)CC1	1.0	1	0.312	0.768
27	N#Cc1ccc(OCc2ccccc2)cc1	1.0	0	0.098	0.994
27	COc1c2c(NS(=O)(=O)c3ccc(Cl)s3)nn(Cc3cccc(CNC(=O)C(C)C)c3)c2ccc1	1.0	1	0.242	0.941
27	CNS(=O)(=O)c1ccc(CNC(=O)c2cncc3ccccc23)cc1	1.0	0	0.152	0.982
27	COc1c(Oc2ccc(Cl)cc2NS(=O)(=O)c2ccc(C#N)cc2)ccc[n+]1[O-]	1.0	1	0.399	0.934
27	CCCC(=O)N1CCC(NS(=O)(=O)c2ccc(NC(=O)CC(C)(C)C)c3c2cccc3)CC1	1.0	0	0.141	0.96
27	COc1ccc(CNC(=O)CCCN2C(=O)c3ccccc3C2=O)cc1Cl	1.0	0	0.121	0.984
27	COc1cccc2c1c(NS(=O)(=O)c1ccc(Cl)cc1)nn2Cc1ccccc1	1.0	1	0.209	0.977
27	CSc1cc(C(=O)c2cc(Cl)ccc2NS(=O)(=O)c2ccc(C(C)(C)C)cc2)cc(Cl)c1	1.0	1	0.218	0.963
27	Cc1ncc(C(=O)c2cc(Cl)ccc2NS(=O)(=O)c2ccc(C(C)(C)c3ncco3)cc2)cc1	1.0	0	0.184	0.928
27	Cc1ncc(Oc2cc(NC(=O)c3c(Cl)cccc3)c3cnccc3c2)cc1	1.0	1	0.211	0.972
27	CC(=O)C1=C(O)C(=O)N(c2ccc(C)cc2)C1c1ccc(Br)cc1	1.0	1	0.374	0.953
27	Cc1ncc(C(=O)c2cc(Cl)ccc2NS(=O)(=O)c2ccc(-c3cnco3)cc2)cc1	1.0	1	0.202	0.96
27	O=[N+]([O-])c1ccccc1Oc1ccc(Cl)cc1NS(=O)(=O)c1ccc(Cl)c(Cl)c1	1.0	1	0.384	0.977
27	O=[N+]([O-])c1cc(O)c2N=C(Nc3ccccc3Oc3ccc(Br)cc3)c(O)cc2c1	1.0	1	0.267	0.947
27	CC(C)(C)c1ccc(S(=O)(=O)Nc2ccc(Cl)cc2-c2c(O)cccc2)cn1	1.0	1	0.229	0.967
27	CC(=O)c1ccc2ncnc(Nc3cccc(C(F)(F)F)c3)c2c1	1.0	0	0.175	0.979
27	O=C(O)c1cccc(Oc2ccc(Cl)cc2NS(=O)(=O)c2ccc(Cl)cc2)c1	1.0	1	0.404	0.984
27	CC(C)(C)c1ccc(S(=O)(=O)Nc2ccc(F)cc2C(=O)c2ccc(S(C)(=O)=O)cc2)cc1	1.0	0	0.183	0.974
27	CC(C)(C)c1ccc(S(=O)(=O)Nc2ccc(Br)cc2C(=O)c2ccc(Cl)cc2)cc1	1.0	1	0.205	0.98
27	CCOC(=O)N1CCC(NS(=O)(=O)c2ccc(OCc3ccccc3)c3c2cccc3)CC1	1.0	0	0.153	0.974
27	O=C(O)c1ccccc1Oc1c(F)cc(F)cc1	1.0	0	0.112	0.991
27	CCCc1nc2nc(N)nn2c(O)c1Cc1cccc(Cl)c1	1.0	1	0.479	0.934
27	CCOc1c(C(=O)NC)nc(C(C)C)cc1	1.0	0	0.064	0.971
27	O=S(=O)(Nc1cc(Cl)ccc1Cn1cncn1)c1ccc(Cl)c(Cl)c1	1.0	1	0.343	0.969
27	O=C(c1ccncc1)c1cc(Cl)ccc1NS(=O)(=O)c1ccc(C(F)(F)F)cc1	1.0	0	0.194	0.976
27	O=C(O)c1c(F)cccc1NS(=O)(=O)c1ccccc1	1.0	0	0.123	0.988
27	Cc1cccc(C(=O)c2cc(Cl)ccc2NS(=O)(=O)c2ccc(CN3C(=O)c4ccccc4C3=O)cc2)n1	1.0	0	0.005	0.962
27	O=C(C1=C(O)C(=O)N(c2ccc(Cl)cc2F)C1C1CCCCC1)c1ccccc1Cl	1.0	1	0.373	0.891
27	Cc1cc(Oc2c(C(=O)O)cccc2)c(Sc2c(Cl)cccc2)cc1	1.0	1	0.318	0.979
27	O=C(c1cc[n+]([O-])cc1)c1cc(Cl)ccc1NS(=O)(=O)c1ccc(N2CCCCC2)cc1	1.0	0	0.192	0.957
27	O=C(NCCN1CCCCC1)c1cc(Oc2ccc(Cl)cc2NS(=O)(=O)c2ccc(Cl)cc2)ccc1	1.0	0	0.005	0.973
27	COc1nc(-c2ccc(C)cc2NS(=O)(=O)c2cc(F)c(F)cc2)ccc1	1.0	1	0.289	0.972
27	COc1ccccc1CNc1ncnc2c1ccccc12	0.0	0	0.0	0.0
27	CC(C)(C)c1ccc(S(=O)(=O)Nc2ccc(Cl)cc2C(=O)c2ccnc(Cl)c2)cc1	1.0	1	0.202	0.971
27	O=C(O)c1c(Oc2ccc(C(=O)c3ccccc3)cc2)cccc1	1.0	0	0.138	0.991
27	Cc1ccc(C(=O)c2cc(Cl)ccc2NS(=O)(=O)c2ccc(CCC(=O)N(C)C)cc2)cc1	1.0	0	0.198	0.976
27	CC(=O)C1=C(O)C(=O)N(c2ccc(C)cc2)C1C1CCCCCCC1	1.0	1	0.308	0.928
27	Cc1c(C(=O)Nc2ccc(S(=O)(=O)NCCN3CCOCC3)cc2)cccc1	1.0	0	0.119	0.984
27	O=S(=O)(Nc1cc(F)ccc1Cn1ccnn1)c1cccc2c1ccn2Cc1ccc(Cl)cc1	1.0	1	0.226	0.944
27	O=S(=O)(Nc1cc(Cl)ccc1Cn1ccnn1)c1cc(Cl)ccc1	1.0	1	0.289	0.966
27	Nc1nn2c(O)c(Cc3cccc(F)c3)c(C3CC3)nc2n1	1.0	1	0.627	0.921
27	COc1ccc(-c2cc(Cl)ccc2NS(=O)(=O)c2ccc(C)cc2)cc1O	1.0	1	0.247	0.982
27	Cc1c(C(=O)c2cc(Cl)ccc2NS(=O)(=O)c2ccc(S(C)(=O)=O)cc2)ccc[n+]1[O-]	1.0	0	0.196	0.947
27	CCN1CCN(C(=O)c2ccc(C(=O)c3ccccc3)cc2)CC1	1.0	0	0.113	0.99
27	COc1ccc(CC(=O)c2ccccc2)cc1	1.0	0	0.119	0.995
27	Cc1ccc(N2C(=O)C(O)=C(C(=O)C(C)(C)C)C2C2CCCCC2)cc1	1.0	1	0.455	0.901
27	Cc1c(Cl)cccc1NS(=O)(=O)c1ccc(Cl)cc1	1.0	0	0.16	0.991
27	CC(=O)C1=C(O)C(=O)N(c2ccc(C)cc2)C1c1ccc(Br)cc1	1.0	1	0.374	0.953
27	Cc1ccncc1C(=O)c1cn(C)c2ccccc12)c1ccccc1C	0.0	0	0.0	0.0
27	O=C(c1ccncc1)c1cc(Cl)ccc1NS(=O)(=O)c1ccc(-c2ccco2)cc1	1.0	0	0.184	0.973
27	O=C(Nc1ccccc1N1CCOCC1)c1ccccc1Cl	1.0	1	0.207	0.99
27	Cc1cc(C(=O)c2cc(Cl)ccc2NS(=O)(=O)c2ccc(C(C)(C)C)cc2)ccn1	1.0	1	0.2	0.972
27	O=S(=O)(Nc1cc(Cl)ccc1Nc1ccccc1N	0.0	0	0.0	0.0
27	CCOC(=O)Nc1ccccc1C(=O)c1ccncc1	1.0	1	0.221	0.987
27	Cc1c(C(=O)Nc2ccc(S(=O)(=O)NCC(C)(C)C)cc2)cccc1	1.0	0	0.099	0.985
27	CC(=O)c1ccc(S(=O)(=O)NCCc2ccccc2)cc1	1.0	0	0.117	0.992
27	CC(=O)C1=C(O)C(=O)N(c2cccc(C(F)(F)F)c2)C1c1cc(Cl)ccc1	1.0	1	0.362	0.932
27	O=C(O)c1c(Oc2ccc(Cl)cc2NS(=O)(=O)c2ccccc2)cccc1	1.0	1	0.344	0.986
27	CC(=O)C1=C(O)C(=O)N(c2ccc(Cl)cc2F)C1C1CCCCC1	1.0	1	0.341	0.9
27	O=S(=O)(NCCCN1C(=O)c2ccccc2C1=O)c1ccccc1	1.0	0	0.124	0.987
27	O=S(=O)(Nc1cc(Cl)ccc1Cn1ccnn1)c1cccc(Cl)c1	1.0	1	0.289	0.966
27	O=S(=O)(Nc1ccc(Oc2ccccc2)cc1)c1cccc(Cl)c1	1.0	0	0.106	0.991
27	CC(=O)C1=C(O)C(=O)N(c2cc(C)c(C)cc2)C1C1CCCCC1CO	1.0	1	0.455	0.726
27	CCOC(=O)C1=C(O)C(=O)N(c2ccc(C)cc2)C1C1CCCCC1C	1.0	1	0.464	0.795
27	Nc1nn2c(O)c(Cc3ccccc3Cl)c(C3CC3)nc2n1	1.0	1	0.673	0.921
27	O=C(C1CCOCC1)N1CCC(N2CCCC2=O)CC1c1ccccc1	1.0	1	0.234	0.858
27	O=C(O)c1ccccc1Oc1ncc(Cl)cc1NS(=O)(=O)c1ccccc1	1.0	1	0.313	0.979
27	CC1CCN(C(=O)C(CCn2cccc2)NS(=O)(=O)c2cc(Cl)c(N)c(Cl)c2)CC1	1.0	1	0.228	0.848
27	CC(=O)C(=O)N1c2ccccc2C(=O)Nc2ccccc21	1.0	0	0.092	0.967
27	COc1cc2c(cc1NS(=O)(=O)c1c(Cl)c(Cl)ccc1)nc(O)n2CCN(C)C	1.0	1	0.287	0.935
27	Cc1c(C(=O)c2cc(Cl)ccc2NS(=O)(=O)c2ccc(S(C)(=O)=O)cc2)cccc1	1.0	1	0.207	0.98
27	Cc1ccc(-c2nn(C(=O)c3ccccc3)c3ncnc(N)c23)cc1	1.0	1	0.228	0.972
27	O=S(=O)(Nc1cc(Cl)ccc1CO)c1ccc(Cl)s1	1.0	0	0.112	0.972
27	O=C(NCCN1CCCCC1)c1ccc(Oc2ccccc2)cc1	1.0	0	0.117	0.991
27	CCCC(=O)N1CCC(NS(=O)(=O)c2ccc(NC(=O)CC(C)(C)C)c3c2cccc3)CC1	1.0	0	0.141	0.96
27	N#Cc1cc(S(=O)(=O)Nc2cc(Cl)ccc2Cn2ccnc2)ccc1	1.0	1	0.297	0.965
27	CN(C)c1ccc(S(=O)(=O)Nc2ccc(Cl)cc2C(=O)cc[n+]2[O-])cc1	0.0	0	0.0	0.0
27	CCOC(=O)Nc1cc(NS(=O)(=O)c2ccccc2)ccc1	1.0	0	0.17	0.99
27	CCOc1ccc(C=Cc2nc3ccccc3c(=O)n2C2CCCCO2)cc1	1.0	1	0.379	0.908
27	CC(=O)NCc1cc(C(=O)Nc2cc(Cl)ccc2NS(=O)(=O)c2ccc(C(C)(C)C)cc2)ccc1	1.0	1	0.218	0.973
27	Cn1cc(C(=O)c2cc(Cl)ccc2NS(=O)(=O)c2ccc(C(C)(C)C)cc2)cc1	1.0	0	0.195	0.965
27	CC1CCN(C(=O)C(Cc2ccc(Cl)cc2)NS(=O)(=O)c2cc(Cl)c(Br)cc2)CC1	1.0	1	0.269	0.932
27	Cc1ccc(S(=O)(=O)Nc2ccc(C#N)cc2C(=O)c2ccncc2)cc1	1.0	0	0.199	0.977
27	O=S(=O)(NCCNCCNS(=O)(=O)c1ccccc1)c1cccc2ccccc12	1.0	0	0.092	0.978
27	COc1ccc(Cc2c(OC)cccc2NS(=O)(=O)c2ccc(C(C)(C)c3ncon3)c2)cc1	0.0	0	0.0	0.0
27	COc1c2c(NS(=O)(=O)c3cc(Cl)c(Cl)cc3)nn(Cc3ccccc3C(C)(C)C)c2ccc1	1.0	1	0.264	0.951
27	O=S(=O)(Nc1cc(Cl)ccc1Cn1ccnn1)c1ccc(Cl)s1	1.0	1	0.356	0.947
27	CC(C)(c1ccc(S(=O)(=O)Nc2ccc(Cl)cc2C(=O)c2ccncc2)cc1)c1cc(Cl)ccc1	1.0	0	0.188	0.963
27	Cc1nc(C(=O)c2cc(Cl)ccc2NS(=O)(=O)c2ccc(-c4cnco3)cc2)ccc1	0.0	0	0.0	0.0
27	COc1ccc(C2C(C(C)=O)=C(O)C(=O)N2c2ccc(C)cc2)cc1	1.0	1	0.434	0.959
27	Oc1cc(CSc2cccc(F)c2F)nc2nc(C3CCOCC3)nn12	1.0	1	0.277	0.883
27	Cc1c(Oc2ccc(Cl)cc2NS(=O)(=O)c2ccc(Cl)c(C(F)(F)F)c2)ccc[n+]1[O-]	1.0	1	0.347	0.932
27	CC(C)c1ccc(S(=O)(=O)Nc2ccc(Cl)cc2C(=O)c2cncc(C(F)(F)F)c2)cc1	1.0	0	0.186	0.965
27	COc1ccc(C(=O)Nc2ccc(C(=O)c3ccccc3)cc2)cc1	1.0	0	0.095	0.993
27	Cc1cc(C(=O)c2cc(Cl)ccc2NS(=O)(=O)c2ccc(C(C)(C)C)cc2)ccn1	1.0	1	0.2	0.972
27	O=C(O)c1c(Oc2ccc(Cl)cc2NS(=O)(=O)c2ccc(Cl)cc2)cccc1	1.0	1	0.396	0.984
28	Cc1ncc(C(=O)c2cc(Cl)ccc2NS(=O)(=O)c2ccc(-c3cnco3)cc2)cc1	1.0	1	0.202	0.96
28	O=C(c1ccccc1)c1cc(Cl)ccc1NS(=O)(=O)c1ccc(N2CCCCC2)cc1	1.0	0	0.182	0.982
28	COC(=O)CCc1ccc(NS(=O)(=O)c2ccc(Cl)cc2)cc1	1.0	0	0.145	0.99
28	Cc1ccc(S(=O)(=O)Nc2ccc(Br)cc2C(=O)c2ccncc2)cc1	1.0	0	0.196	0.981
28	COc1cc2c(cc1NS(=O)(=O)c1c(Cl)c(Cl)ccc1)nc(O)n2CCN(C)C	1.0	1	0.287	0.935
28	O=C(Nc1ccc(S(=O)(=O)Nc2ccc(CC(=O)O)cc2)cc1Cl	0.0	0	0.0	0.0
28	CC(=O)C1=C(O)C(=O)N(c2cc(Cl)c(C(F)(F)F)cc2)C1C1CCCCC1	1.0	1	0.31	0.87
28	O=C(O)c1c(Oc2ccccc2NS(=O)(=O)c2ccc(Cl)cc2)cccc1	1.0	1	0.296	0.986
28	CC(=O)c1ccc(S(=O)(=O)Nc2cc(Cl)ccc2C(=O)c2ccncc2)cc1	1.0	1	0.207	0.979
28	COc1ccc(NS(=O)(=O)c2ccc(N(Cc3ccccc3)Cc3ccccc3)cc2)cc1	1.0	1	0.207	0.984
28	COc1c(-c2cc(Cl)ccc2NS(=O)(=O)c2ccc(C(C)(C)C)cc2)nccc1F	1.0	1	0.367	0.958
28	O=S(=O)(Nc1ccc(Oc2ccccc2)cc1)c1ccc(Br)cc1	1.0	0	0.097	0.991
28	NC(=O)c1ccccc1OCc1ccccc1Cl	1.0	0	0.168	0.992
28	CC(=O)C1=C(O)C(=O)N(c2cc(F)c(N)cc2F)C1C1CCCCC1	1.0	1	0.298	0.854
28	Cc1ccccc1C(=O)Nc1ccccc1C(=O)c1ccncc1	1.0	1	0.212	0.989
28	O=C(O)c1ccccc1Oc1ncc(Cl)cc1NS(=O)(=O)c1cccc(Cl)c1	1.0	1	0.318	0.974
28	CC(=O)C1=C(O)C(=O)N(c2ccc(Cl)cc2F)C1C1CCCCC1	1.0	1	0.341	0.9
28	Cc1ccc(S(=O)(=O)Nc2ccc(Cl)cc2C(=O)c2ccncn2)cc1	1.0	0	0.198	0.975
28	COc1cc(C(=O)NCc2ccncc2)ccc1NC=O	1.0	0	0.088	0.981
28	CCc1nc2nc(N)nn2c(O)c1Cc1ccc(Cl)c(Cl)c1	1.0	1	0.532	0.929
28	O=C(Nc1ccc(Cl)cc1)c1ccccc1NS(=O)(=O)c1ccc(Cl)c(Cl)c1	1.0	0	0.173	0.987
28	O=C(O)c1c(Oc2c(ClO)cccc2Cl)cccc1	0.0	0	0.0	0.0
28	Nc1ncnc2c1cccc2-c1ncc(Cl)cc1	1.0	0	0.141	0.971
28	CC(=O)C1=C(O)C(=O)N(c2cc(F)c(C)cc2)C1C1CCCCC1	1.0	1	0.33	0.908
28	CC(=O)NC(=O)NC(=O)c1ccccc1	1.0	0	0.075	0.99
28	COc1ccc(NS(=O)(=O)c2ccc(N(Cc3ccccc3)CC(F)(F)F)cc2)cc1	1.0	0	0.123	0.978
28	CCCC(=O)N1CCC(NS(=O)(=O)c2ccc(NC(=O)c3cccc(C)c3)c3ccccc23)CC1	1.0	0	0.145	0.969
28	COc1cc(C(=O)NCC(c2ccccc2)c2ccccc2)ccc1	1.0	0	0.156	0.99
28	CC(=O)c1ccc(S(=O)(=O)Nc2cc(Cl)ccc2)cc1	1.0	0	0.116	0.991
28	Cc1ccccc1C(=O)c1ccc(C(F)(F)F)cc1c1ccc(Cl)cc1	1.0	1	0.23	0.984
28	Cc1cc(Oc2c(C(=O)O)cccc2)c(S)cc1	1.0	0	0.097	0.979
28	O=C(O)c1c(Oc2ccc(Cl)cc2NS(=O)(=O)c2ccc(Cl)s2)cccc1	1.0	1	0.267	0.974
28	O=C(O)c1ccccc1Oc1ncc(Cl)cc1NS(=O)(=O)c1ccccc1Cl	1.0	1	0.228	0.973
28	Cc1cc(C(Oc2cc(Cl)ccc2)NS(=O)(=O)c2ccc(C(C)(C)C)cc2)ncc1	1.0	1	0.392	0.894
28	CCC(=O)c1ccc(N2C(=O)c3c(C2=O)c(NS(=O)(=O)c2cccc(C(C)C)c2)ccc3Cl)cc1	1.0	0	0.154	0.95
28	CC(=O)C1=C(O)C(=O)N(c2cc(Cl)ccc2)c2ccccc21	1.0	1	0.3	0.975
28	O=C(O)c1c(Oc2ncccc2Cc2ccc(I)cc2)cccc1	1.0	1	0.26	0.978
28	O=S(=O)(Nc1c(Cl)cccc1Cl)c1ccccc1	1.0	0	0.141	0.99
28	O=C(c1ccncc1)c1cc(Cl)ccc1NS(=O)(=O)c1cccc(Cl)c1	1.0	1	0.201	0.98
28	CC(C)(C)c1ccc(S(=O)(=O)Nc2ccc(F)cc2C(=O)c2ccncc2)cc1	1.0	0	0.196	0.976
28	Cc1c(Cl)cccc1NS(=O)(=O)c1ccc(Cl)cc1	1.0	0	0.16	0.991
28	Cc1cccc(NS(=O)(=O)c2ccc3c(c2)C2C(OC3)C(O)C(CO)C2OC)c1	1.0	1	0.202	0.507
28	COc1cc(C(=O)NCC(c2ccccc2)c2ccccc2)ccc1Cl	1.0	0	0.157	0.988
28	COc1ccc(N2C(=O)C(O)=C(C(C)=O)C2C2CCCCC2)cc1	1.0	1	0.303	0.931
28	O=C(Nc1ccc(S(=O)(=O)Nc2ccccc2C(=O)c2ccncc2)cc1	0.0	0	0.0	0.0
28	CC(=O)C1=C(O)C(=O)N(c2cc(F)c(C)cc2)C1C1CCCCC1	1.0	1	0.33	0.908
28	COc1ccc(NS(=O)(=O)c2ccc(N3C(=O)c4c(cccc4)C3=O)c3c2cccc3)cc1	1.0	1	0.236	0.978
28	O=C(O)c1ccccc1NS(=O)(=O)c1ccc(Cl)cc1	1.0	0	0.109	0.992
28	Cc1c(C(=O)Nc2ccc(S(=O)(=O)NC3CCN(C(C)=O)CC3)cc2)cccc1	1.0	0	0.105	0.982
28	COc1c(Oc2ccc(Cl)cc2NS(=O)(=O)c2ccc(Cl)cc2)cccc1	1.0	1	0.396	0.986
28	Cc1ccc(S(=O)(=O)Oc2cc(F)c(C(=O)NC3CCN(CCN)CC3)cc2)cc1	1.0	0	0.106	0.969
28	N#Cc1c(N)nc(N)nc1Nc1cccc(Cl)c1	1.0	0	0.15	0.969
28	Cc1c(C(=O)Nc2ccc(S(=O)(=O)NC3(C)CCCC3)cc2)cccc1	1.0	0	0.099	0.979
28	COc1ccc(C2C(C(=O)c3ccccc3)NC(=O)CC2C)cc1	1.0	1	0.282	0.832
28	Cc1cc(NS(=O)(=O)c2ccc(NC(=O)c3ccccc3)cc2)ccc1	1.0	0	0.13	0.991
28	O=C(O)c1c(F)cccc1Cc1ccc(Cl)cc1NS(=O)(=O)c1ccc(Cl)c(Cl)c1	1.0	1	0.367	0.966
28	Nc1nn2c(O)c(Cc3cccc(Cl)c3Cl)c(C3CC3)nc2n1	1.0	1	0.745	0.9
28	C=CCN(C(=O)c1cc(Cl)ccc1OCc1ccc(Br)cc1)c1	0.0	0	0.0	0.0
28	Cc1cccc(C(=O)c2cc(Cl)ccc2NS(=O)(=O)c2ccc(-c3cnccc3)cc2)n1	1.0	0	0.159	0.971
28	CCOC(=O)CNC(=O)N1CCCCC(CO)(Cc2ccccc2)CC1	1.0	0	0.128	0.931
28	CC(=O)C1=C(O)C(=O)N(c2ccc(C)cc2)C1C1CCCCC1	1.0	1	0.328	0.929
28	CC(=O)C1=C(O)C(=O)N(c2ccc(C)cc2F)C1C1CCCCC1	1.0	1	0.231	0.903
28	COc1c(Oc2ccc(Cl)cc2NS(=O)(=O)c2ccc(Cl)c(C(F)(F)F)c2)ccc(C(=O)NC)c1	1.0	1	0.372	0.964
28	O=S(=O)(Nc1ccccc1C(O)c1ccccc1)c1ccccc1	1.0	1	0.275	0.972
28	CC(C)(c1ncc(-c2cc(Cl)ccc2NS(=O)(=O)c2ccc(C(C)())cc2)cc1)Cn1nccn1	0.0	0	0.0	0.0
28	O=C(Nc1cccc(C(=O)c2cccc3ccccc23)c1)c1ccccc1	1.0	0	0.133	0.991
28	O=C(Nc1ccc(S(=O)(=O)Nc2ccccc2)c2ccccc12)c1cc(Cl)ccc1	1.0	0	0.148	0.985
28	O=C(O)c1c(Oc2ccccc2NS(=O)(=O)c2ccc(Cl)c(Cl)c2)cccc1	1.0	1	0.435	0.983
28	CCc1nc2nc(N)nn2c(-c2ccc(Cl)cc2)c1C	1.0	0	0.089	0.949
28	O=C(Nc1ccccc1)c1cc(C(=O)c2cc(Cl)ccc2NS(=O)(=O)c2ccc(Cl)c(Cl)c2)ccc1	1.0	0	0.005	0.977
28	COc1cccc(NC(=O)Nc2ccc(Cl)cc2)c1Oc1ccc(F)cc1	1.0	1	0.204	0.986
28	COC(=O)c1ccccc1C(=O)c1c(C)c(N)c(N(C)C)c2ccccc12	1.0	1	0.289	0.96
28	Cc1ccc(N2C(=O)C(O)=C(C(=O)C(C)(C)C)C2C2CCCCC2)cc1	1.0	1	0.455	0.901
28	Cc1cnc(Oc2ccc(Cl)cc2NS(=O)(=O)c2ccc(Cl)cc2)cc1	1.0	1	0.272	0.981
28	Cc1c(OC(=O)c2ccccc2)cccc1	1.0	0	0.092	0.995
28	O=C(NCCN1CCCCC1)c1ccc(Cl)cc1NS(=O)(=O)c1ccccc1	1.0	0	0.193	0.983
28	Cc1ncc(C(=O)O)c(NS(=O)(=O)c2ccc(Cl)cc2)c1	1.0	0	0.1	0.982
28	Cc1ncc(C(=O)c2cc(Cl)ccc2NS(=O)(=O)c2ccc(S(C)(=O)=O)cc2)cc1	1.0	1	0.208	0.974
28	O=S(=O)(NCCCNS(=O)(=O)c1ccccc1)N1CCC(N2CCCCC2)CC1	1.0	0	0.119	0.965
28	O=C(Nc1ccncc1)c1ccc(Cl)cc1NS(=O)(=O)c1ccc(Cl)c(Cl)c1	1.0	0	0.197	0.979
28	O=[N+]([O-])c1cc(C(=O)c2ccc(Cl)cc2)ccc1	1.0	0	0.093	0.991
28	CCOC(=O)N1CCC(NS(=O)(=O)c2ccc(OC)cc2)CC1	1.0	0	0.133	0.985
28	COc1cc(C(=O)c2cc(Cl)ccc2NS(=O)(=O)c2ccc(C(C)(C)C)cc2)cnc1	1.0	1	0.2	0.97
28	O=S(=O)(c1ccc(Cl)cc1)c1ccccc1OCn1cccc1	1.0	1	0.305	0.968
28	Cc1c(N2C(=O)c3c(C2=O)c(NS(=O)(=O)c2ccc(C(C)(C)C)cc3)ccc2Cl)c(C)ccc1Cl	1.0	0	0.165	0.128
28	CCCCCc1nc2nc(N)nn2c(O)c1Cc1ccc(Cl)cc1	1.0	1	0.544	0.943
28	O=C(O)c1c(F)cccc1Oc1cccc(Cl)c1Oc1ccc(Cl)cc1	1.0	1	0.274	0.976
28	Cc1cccc(N2C(=O)C(=O)c3ccccc32)c1	1.0	0	0.102	0.987
28	COc1c(Oc2ccc(Cl)cc2NS(=O)(=O)c2ccc(Cl)c(Cl)c2)ccc(C(=O)CC)c1	1.0	1	0.284	0.973
28	CC1CCN(C(=O)C(CCn2cncn2)NS(=O)(=O)c2cc(Cl)c(N)c(Cl)c2)CC1	1.0	1	0.309	0.845
28	O=C(O)c1c(C(=O)c2ccc(Cl)cc2)cncc1	1.0	0	0.119	0.986
28	Cn1c(COc2c(Cl)cccc2NS(=O)(=O)c2ccc(Cl)c(Cl)c2)ccc1	1.0	1	0.422	0.962
28	COc1ccc(S(=O)(=O)NCCc2ccccc2)cc1	1.0	0	0.112	0.993
28	Nc1nn2c(O)c(Cc3cccc(Cl)c3)c(C3CC3)nc2n1	1.0	1	0.591	0.922
28	Cc1cccc(S(=O)(=O)Nc2ccc(Br)cc2C(=O)c2ccncc2)c1	1.0	1	0.202	0.979
28	O=C(NCCO)c1ccccc1-c1nc2cc(Cl)c(Cl)cc2[nH]1	1.0	0	0.157	0.974
28	CC(=O)C1=C(O)C(=O)N(c2ccc(C(C)(C)C)cc2)C1C1CCCCC12	0.0	0	0.0	0.0
28	Cc1c(C(=O)Nc2ccc(S(=O)(=O)NC3(C)CC3)cc2)cccc1	1.0	0	0.103	0.982
28	Cc1c(Oc2ccccc2C(=O)c2ccccc2)cccc1	1.0	1	0.308	0.992
28	Cc1ncccc1C(=O)c1cc(Cl)ccc1NS(=O)(=O)c1ccc(C(F)(F)F)cc1	1.0	1	0.212	0.971
29	CC(=O)NCc1ccc(C(=O)Nc2ccccc2C(=O)c2cccc(C(=O)Nc3ccccc3)c2)cc1	1.0	0	0.005	0.982
29	COc1cc2c(cc1NS(=O)(=O)c1c(Cl)c(Cl)ccc1)nc(O)n2C	1.0	1	0.261	0.948
29	CC(C)c1nc2nc(N)nn2c(O)c1Cc1ccc(Cl)c(Cl)c1	1.0	1	0.501	0.923
29	O=C(Nc1ccccc1)c1cc(Oc2ccc(Cl)cc2)ccc1-c1ccccc1	1.0	1	0.223	0.989
29	CS(=O)(=O)c1ccc(S(=O)(=O)Nc2ccc(Br)cc2C(=O)c2ccccc2)cc1	1.0	0	0.196	0.982
29	CC(=O)C1=C(O)C(=O)N(c2cc(Br)c(C(C)(C)C)cc2)C1c1ccc(C(C)(C)C)cc1	1.0	1	0.417	0.888
29	CCNc1nc(NS(=O)(=O)c2ccccc2)ncc1Cl	1.0	0	0.127	0.977
29	O=S(=O)(NCCCN1C(=O)c2ccccc2C1=O)c1ccc(Cl)cc1Cl	1.0	0	0.123	0.98
29	Cc1c(Oc2ccc(Cl)cc2NS(=O)(=O)c2ccc(Cl)c(C(F)(F)F)c2)ccc[n+]1[O-]	1.0	1	0.347	0.932
29	O=C(Nc1ccc(C(=O)NCCCO)cc1)c1ccccc1	1.0	0	0.083	0.993
29	CC(=O)c1c(C)oc(C)c1C	1.0	0	0.032	0.968
29	O=C(c1cnc2ccccc2c1)c1cc(Cl)ccc1NS(=O)(=O)c1ccc(Cl)c(Cl)c1	1.0	1	0.246	0.974
29	O=C(O)c1c(F)c(NS(=O)(=O)c2cccc3c2OCO3)c(C(F)(F)F)c1	0.0	0	0.0	0.0
29	Cc1ncc2c(c1C(=O)NCCN1CCCCC1)cccc2N1CCNCC1	1.0	0	0.113	0.954
29	COc1ccc(CC(=O)NCc2ccc(C)cc2)cc1	1.0	0	0.096	0.994
29	Cc1nn(Cc2ccc(C(F)(F)F)cc2NS(=O)(=O)c2ccc(Cl)cc2)c(C)c1	1.0	1	0.333	0.969
29	COc1cc(OC)cc(C(=O)NCC(c2ccccc2)C2CCCCC2)c1	1.0	1	0.254	0.947
29	O=C(NCCN1CCCCC1)c1ccc(Cl)cc1NS(=O)(=O)c1ccc(Cl)c(Cl)c1	1.0	1	0.221	0.977
29	CC(=O)C1=C(O)C(=O)N(c2ccc(C(C)(C)C)cc2)C1C1CCCCC1OC	1.0	1	0.534	0.72
29	O=S(=O)(Nc1cc(Cl)cnc1Oc1cnccc1)c1cc(Cl)ccc1	1.0	1	0.337	0.972
29	CCC(=O)c1ccc(S(=O)(=O)Nc2ccc(Cl)cc2C(=O)c2ccncc2)cc1	1.0	0	0.192	0.976
29	O=C(Nc1ccc(F)cc1)c1ccccc1Oc1ccc(Cl)cc1Cln1ccccc1=	0.0	0	0.0	0.0
29	O=C(NCCO)c1ccccc1C(=O)c1ccc[nH]1C	0.0	0	0.0	0.0
29	COc1ccc(C(=O)Nc2ccc(Cl)c(C(F)(F)F)c2)cc1	1.0	0	0.105	0.99
29	CC(C)(C)c1ccc(S(=O)(=O)Nc2ccc(Cl)cc2-c2c(N)nccn2)cc1	1.0	1	0.317	0.966
29	O=C(O)c1c(Oc2ccccc2NS(=O)(=O)c2ccc(Cl)cc2)cccc1	1.0	1	0.296	0.986
29	Cc1ccc(-c2cnnc(SCc3c(Cl)ccc(Cl)c3)c2)cc1	1.0	0	0.132	0.966
29	CC(=O)c1c(OC(=O)c2ccccc2)cccc1	1.0	0	0.123	0.993
29	COc1c2c(NS(=O)(=O)c3ccc(Cl)cc3)nn(Cc3ccc(F)cc3)c2ccc1	1.0	1	0.207	0.974
29	O=S1(=O)NC(c2ccccc2)(c2cccc(OC(F)(F)F)c2)c2c1ccccc2	0.0	0	0.0	0.0
29	CC(C)c1nc2nc(N)nn2c(O)c1Cc1cccc(Cl)c1	1.0	1	0.61	0.929
29	CC(=O)NCc1cc(Cn2nc(NS(=O)(=O)c3ccc(Cl)s3)c3ccccc32)ccc1	1.0	1	0.205	0.958
29	O=C(O)c1ccccc1Nc1ccc(C(F)(F)F)cc1NS(=O)(=O)c1ccccc1Cl	1.0	1	0.3	0.973
29	CC(C)(C)c1ccc(S(=O)(=O)Nc2ccc(Cl)cc2-c2c(N)ncnn2)cc1	1.0	1	0.283	0.954
29	Cc1cc(Oc2c(C(=O)O)cccc2)c(NS(=O)(=O)c2ccc(Cl)cc2)cc1	1.0	1	0.288	0.983
29	Cc1ccc(N2C(=O)C(=O)N(CC(C)C)C2=O)cc1	1.0	0	0.145	0.979
29	O=C(O)c1c(Oc2ccccc2)cc(C(=O)c2ccc(Cl)cc2)c1	0.0	0	0.0	0.0
29	Cc1ccc(N2C(=O)C(O)=C(C(=O)c3ccccc3)C2Cc2ccccc2)cc1	1.0	1	0.278	0.944
29	Cc1cccc(CNC(=O)c2ccc(Cl)cc2)c1F	1.0	0	0.12	0.99
29	Cc1ccc(C(=O)c2cc(Cl)ccc2NS(=O)(=O)c2ccc(OC(F)(F)F)cc2)cc1	1.0	1	0.214	0.978
29	CC(=O)NCc1ccc(C(=O)Nc2ccc(Cl)cc2C(=O)c2ccncc2)cc1	1.0	0	0.195	0.982
29	CCCCCCCc1nc2nccnc2n1Cc1ccc(Cl)cc1Cl	1.0	1	0.249	0.961
29	O=S(=O)(Nc1cc(Cl)c(Cl)cc1Cn1ccnn1)c1ccc(Cl)s1	1.0	1	0.39	0.931
29	CC(C)(C)c1ccc(S(=O)(=O)Nc2ccc(Cl)cc2-c2c(F)cccc2)cc1	1.0	1	0.235	0.981
29	COc1ccc(C(=O)CCc2ccc([N+](=O)[O-])cc2)cc1	1.0	0	0.103	0.991
29	COc1c(NS(=O)(=O)c2ccc(Cl)cc2)cccc1	1.0	0	0.061	0.993
29	COC(=O)CCc1ccc(S(=O)(=O)Nc2ccc(Br)cc2C(=O)c2ccncc2)cc1	1.0	0	0.198	0.973
29	O=C(CC(=O)Nc1ccc(Cl)cc1C(=O)c1ccc(Cl)cc1)c1ccccc1	1.0	1	0.227	0.985
29	O=C(O)c1ccc(Oc2ccc(Cl)cc2NS(=O)(=O)c2ccc(Cl)cc2)cc1	1.0	1	0.277	0.986
29	O=C(O)c1c(C(=O)c2ccncc2)cccc1	1.0	0	0.075	0.99
29	COc1ccc(C(=O)C(C)(C)c2ccc(Cl)cc2)cc1	1.0	0	0.14	0.987
29	COc1c(-c2cc(Cl)ccc2NS(=O)(=O)c2ccc(-c3cnc(C)s3)cc2)ccc2ccccc1	0.0	0	0.0	0.0
29	COc1ccc(C2c3c(-c4ccccc4)n[nH]c3C(=O)N2c2ccc(C(C)(C)C)cc2)cc1	1.0	1	0.423	0.928
29	CC(=O)OCC(C)(C)c1ccc(S(=O)(=O)Nc2ccc(Cl)cc2C(=O)c2ccncc2)cc1	1.0	1	0.2	0.957
29	CS(=O)(=O)c1ccc(S(=O)(=O)Nc2ccc(Br)cc2C(=O)c2ccncc2)cc1	1.0	0	0.189	0.975
29	O=C(O)c1c(Oc2ccc(F)cc2NS(=O)(=O)c2ccc(Cl)s2)cccc1	1.0	1	0.264	0.974
29	CC(C)(C)c1ccc(S(=O)(=O)Nc2ccc(Cl)cc2-c2c(NCCO)nccn2)cc1	1.0	1	0.336	0.954
29	O=S(=O)(Nc1cc(Cl)ccc1Cn1ccnn1)c1c1cc(Cl)cc1Cl	0.0	0	0.0	0.0
29	CNS(=O)(=O)c1ccc(CNC(=O)c2ccccc2)cc1	1.0	0	0.089	0.992
29	O=C(O)c1cc(Cl)ccc1NS(=O)(=O)c1ccc(Cl)c(Cl)c1	1.0	0	0.116	0.986
29	Cc1cc(C(=O)c2cc(Cl)ccc2NS(=O)(=O)c2ccc(OC(C)C)cc2)ccn1	1.0	0	0.191	0.972
29	Cc1cc(Oc2ccc(Cl)cc2NS(=O)(=O)c2ccc(Cl)c(Cl)c2)ccn1	1.0	1	0.263	0.974
29	CC1CCN(C(=O)C(CCn2nccc2C#N)NS(=O)(=O)c2cc(Cl)c(Cl)cc2)CC1	1.0	1	0.301	0.831
29	CC(=O)NCc1cc(C(=O)NS(=O)(=O)c2ccc(Cl)cc2)c(Cl)cc1	1.0	0	0.118	0.983
29	O=C(NCCO)c1ccccc1NS(=O)(=O)c1ccc(C(F)(F)F)cc1	1.0	1	0.201	0.983
29	O=C(NCCO)c1ccccc1C(=O)c1ccccc1Cl	1.0	1	0.226	0.989
29	CC(C)c1nc2nc(N)nn2c(O)c1Cc1cc(Br)c(N(C)CC(=O)O)c1Cl	0.0	0	0.0	0.0
29	Cc1cccc(NS(=O)(=O)c2ccc(C(=O)Nc3ncccc3C)cc2)c1	1.0	0	0.104	0.985
29	COc1ccc(NS(=O)(=O)c2ccc(N(Cc3ccccc3)Cc3ccccc3)cc2)cc1	1.0	1	0.207	0.984
29	O=C(O)c1ccccc1Nc1cccc(C(=O)c2ccccc2)c1	1.0	0	0.166	0.99
29	Nc1nn2c(O)c(Cc3cccc(Cl)c3Cl)c(C3CC3)nc2n1	1.0	1	0.745	0.9
29	CC(=O)C1=C(O)C(=O)N(c2cc(C)c(C)cc2)C1C1CCCCC1	1.0	1	0.32	0.916
29	CC(C)(C)c1ccc(S(=O)(=O)Nc2ccc(Br)cc2C(=O)c2ccncc2)cc1	1.0	0	0.18	0.975
29	O=C(O)c1c(Oc2ncccc2C(=O)c2ccc(Cl)cc2)cccc1	1.0	1	0.27	0.984
29	O=C(Nc1ccc(S(=O)(=O)Nc2ccccc2)c2ccccc12)c1cccc2ccccc12	1.0	0	0.142	0.983
29	Cc1ccc(C(=O)c2ccc(Cl)cc2)cc1	1.0	0	0.079	0.995
29	CNS(=O)(=O)c1ccc(CNC(=O)c2ccccc2)cc1	1.0	0	0.089	0.992
29	COc1cc(C(=O)Nc2ccc(S(=O)(=O)NC3CCN(C(=O)O)CC3)c3ccccc23)ccc1	1.0	0	0.139	0.971
29	CS(=O)(=O)c1ccc(S(=O)(=O)Nc2ccc(Cl)cc2C(=O)c2ccncc2)cc1	1.0	0	0.189	0.977
29	Cc1c(Cl)cccc1NS(=O)(=O)c1ccc(Cl)cc1N	1.0	0	0.108	0.983
29	O=C(O)c1ccccc1Oc1ccc(Cl)cc1NS(=O)(=O)c1ccc(Cl)c(Cl)c1	1.0	1	0.368	0.98
29	O=C(c1cnc(Cl)cc1)c1cc(Cl)ccc1NS(=O)(=O)c1ccc(C(F)(F)F)cc1	1.0	1	0.203	0.971
29	COc1ccccc1Cc1c(O)n2nc(N)nc2nc1Cc1ccccc1	1.0	1	0.636	0.951
29	CCCCCc1ccc(S(=O)(=O)Nc2ccc(C#N)cc2)cc1	1.0	0	0.142	0.988
29	O=C(O)c1ccccc1Oc1ccc(Cl)cc1NS(=O)(=O)c1ccccc1Cl	1.0	1	0.359	0.982
29	CCOc1ccccc1-c1cc(C(=O)O)ccc1CO	1.0	0	0.11	0.986
29	O=S(=O)(Nc1cc(Cl)ccc1Cn1cccn1)c1ccc(Cl)cc1	1.0	1	0.31	0.978
29	O=C(O)c1c(Oc2ncncc2c2ncccc2)cccc1	1.0	1	0.265	0.975
29	Nc1nn2c(O)c(Cc3cccc(C(F)(F)F)c3)c(C3CC3)nc2n1	1.0	1	0.655	0.912
29	O=S(=O)(Nc1cc(Cl)ccc1Cn1cncn1)c1ccc(Cl)c(Cl)c1	1.0	1	0.343	0.969
29	CC(=O)C1=C(O)C(=O)N(c2ccc(C)cc2F)C1C1CCCCC1	1.0	1	0.231	0.903
29	O=C(O)c1ccccc1Oc1ccccc1NS(=O)(=O)c1ccccc1	1.0	1	0.317	0.988
29	O=S(=O)(Nc1cc(F)cc(F)c1F)c1ccc(Cl)cc1	1.0	0	0.138	0.984
29	CCc1nc2nc(N)nn2c(O)c1Cc1ccc(Cl)c(Cl)c1	1.0	1	0.532	0.929
29	O=C(Nc1cc(S(=O)(=O)c2ccccc2)ccc1)N1CCOCC1)c1ccccc1	0.0	0	0.0	0.0
29	Oc1cc(CSc2ccc(F)c(F)c2)nc2nc(Cc3ccccc3)nn12	1.0	1	0.288	0.945
29	COc1c(Oc2ccc(Cl)cc2NS(=O)(=O)c2ccc(Cl)c(C(F)(F)F)c2)ccc(C(=O)CC)c1	1.0	1	0.398	0.961
29	CC(=O)C1=C(O)C(=O)N(c2ccc(C)cc2F)C1C1CCCCCC1	1.0	1	0.437	0.904
29	CC(=O)C1=C(O)C(=O)N(c2ccc(C(C)(C)C)cc2)C1c1ccc(C)cc1	1.0	0	0.183	0.945
29	O=C(c1cnccc1)c1cc(Cl)ccc1NS(=O)(=O)c1ccc(Cl)cc1	1.0	1	0.206	0.983
30	CC(=O)c1c(OC(=O)c2ccccc2)cccc1	1.0	0	0.123	0.993
30	COc1ccc(C(=O)COc2cc(Cl)ccc2NS(=O)(=O)c2ccc(OC(C)C)cc2)cc1	1.0	0	0.156	0.978
30	COc1ccc(Cn2c(=O)c(C(=O)O)cs2)cc1Cl	1.0	0	0.111	0.938
30	CC(C)(C)c1ccc(S(=O)(=O)Nc2ccc(Cl)cc2-c2c(CN)cncc2)cc1	1.0	1	0.254	0.964
30	CC(C)CNc1ccc(S(=O)(=O)Nc2ccc(Cl)cc2C(=O)c2c[n+]([O-])ccc2)cc1	1.0	0	0.18	0.951
30	CC(C)(C)c1ccc(S(=O)(=O)Nc2ccc(Cl)cc2C(=O)c2ccncc2)cc1	1.0	0	0.194	0.977
30	Cc1c(C(=O)Nc2cc(Cl)ccc2NS(=O)(=O)c2ccc(Cl)cc2)cccc1	1.0	1	0.276	0.986
30	Cc1cccc(N2C(=O)C(O)=C(C(=O)C3CC3)C2c2ccc(C)cc2)c1	1.0	1	0.42	0.94
30	O=C(O)c1c(OC2C3CCN(CC3)C2)cccc1Cn1ccnc1	1.0	1	0.276	0.585
30	Cc1c(F)c(NS(=O)(=O)c2ccc(Cl)cc2)ccc1	1.0	0	0.067	0.988
30	CCN(CC)CCCNC(=O)c1cc(Cl)ccc1NS(=O)(=O)c1ccc(NC(=O)c2ccccc2)cc1	1.0	0	0.005	0.974
30	COCc1c(-c2cc(Cl)ccc2NS(=O)(=O)c2ccc(C(C)(C)C)cc2)nccc1	1.0	1	0.319	0.967
30	Cc1c(OC(=O)c2ccc(F)cc2)cccc1	1.0	0	0.092	0.994
30	COc1c(S(=O)(=O)NCc2ccncc2)ccc2ccccc12	1.0	0	0.12	0.979
30	Cc1ccc(S(=O)(=O)Nc2cccc(F)c2C(=O)c2ccncc2)cc1	1.0	0	0.163	0.979
30	O=C(c1ccncc1)c1cc(Cl)ccc1NS(=O)(=O)c1ccc(Cl)cc1	1.0	1	0.206	0.983
30	Cc1c(C(=O)Nc2ccc(S(=O)(=O)NC3CCN(C)CC3)c3c2cccc3)cccc1	1.0	0	0.151	0.976
30	CCC(=O)C(=O)C(c1ccccc1)c1ccccc1	1.0	1	0.206	0.983
30	CC(C)(C)c1ccc(S(=O)(=O)Nc2cc(Cl)ccc2C(=O)c2cccnc2)cc1	1.0	1	0.229	0.976
30	O=S(=O)(Nc1cc(Cl)ccc1Cn1ccnn1)c1ccccc1	1.0	1	0.317	0.973
30	CC(=O)C1=C(O)C(=O)N(c2ccc(C)cc2)C1C1CCCCC1O	1.0	1	0.387	0.777
30	CC(=O)C1=C(O)C(=O)N(c2ccc(C)cc2)C1c1cc(Cl)ccc1	1.0	1	0.442	0.953
30	O=S(=O)(Nc1c(F)cc(F)cc1)c1ccc(Cl)s1	1.0	0	0.146	0.98
30	CCCCCCCc1nc2nc(N)nn2c(O)c1Cc1cccc(Cl)c1	1.0	1	0.609	0.937
30	COc1ncc(F)n1Cc1cc(F)c(Cl)cc1NS(=O)(=O)c1ccc(Cl)c(Cl)c1	1.0	1	0.319	0.908
30	O=C(O)c1c(Oc2nccnc2NS(=O)(=O)c2ccc(Cl)c(Cl)c2)cccc1	1.0	1	0.3	0.968
30	Cc1cc(NS(=O)(=O)c2cc(C(F)(F)F)c(Cl)cc2)ccc1	1.0	0	0.155	0.984
30	N#Cc1cccc(S(=O)(=O)N2CCC(NS(=O)(=O)c3ccc(F)cc3)CC2)c1	1.0	0	0.164	0.975
30	Nc1nn2c(O)c(Cc3cccc(I)c3)c(C3CC3)nc2n1	1.0	1	0.73	0.891
30	O=C(NCCO)c1ccccc1NS(=O)(=O)c1ccc(Cl)cc1Cl	1.0	1	0.202	0.983
30	O=C(O)c1ccc(Oc2cccc(F)c2F)cc1	1.0	0	0.112	0.99
30	CC(C)(C)c1ccc(S(=O)(=O)Nc2ccc(Cl)cc2C(=O)c2cc(S(C)(=O)=O)ncc2)cc1	1.0	1	0.233	0.957
30	COc1ccc(N2C(=O)C(O)=C(C(=O)c3ccccc3)C2C2CCCCC2)cc1	1.0	1	0.401	0.933
30	N#Cc1ccc(Oc2ccc(Cl)cc2NS(=O)(=O)c2ccc(Cl)c(Cl)c2)cc1	1.0	1	0.408	0.979
30	CCCCc1ccc(S(=O)(=O)Nc2ccc(C(=O)Nc3ccc(C)cc3C)cc2)cc1	1.0	0	0.114	0.986
30	CNS(=O)(=O)c1ccc(Oc2ncc(Cl)cc2NS(=O)(=O)c2ccc(Cl)c(Cl)c2)cc1	1.0	1	0.328	0.964
30	CCCCC(=O)c1ccc(NS(=O)(=O)c2ccc(C)cc2)cc1	1.0	0	0.133	0.99
30	COC(=O)CCc1ccc(S(=O)(=O)Nc2ccc(F)c(C(=O)Nc3c(C)cccc3)c2)cc1	1.0	0	0.149	0.98
30	O=C(O)c1cc(Cl)ccc1Oc1ccc(Cl)cc1NS(=O)(=O)c1ccccc1	1.0	1	0.346	0.983
30	Nc1nn2c(O)c(Cc3cccc(Cl)c3Cl)c(C3CC3)nc2n1	1.0	1	0.745	0.9
30	CCCCCCc1nc2nc(N)nn2c(O)c1Cc1cccc(Cl)c1	1.0	1	0.556	0.937
30	COc1ccccc1S(=O)(=O)c1ccc(C(C)NC(C)=O)cc1	1.0	0	0.164	0.966
30	CCNCC(=O)c1ccc(C)cc1C(=O)c1ccncc1	1.0	1	0.221	0.972
30	NC(=O)c1cnc(CN)c1Cc1cc(Cl)ccc1-c1ccc2c(c1)OCCO2	0.0	0	0.0	0.0
30	C#CCOc1nc(Cl)cnc1NS(=O)(=O)c1ccccc1	1.0	0	0.161	0.95
30	COc1cccc2c(NCCc3ccccc3)nc(NS(=O)(=O)c3ccc(Cl)cc3Cl)nc12	1.0	0	0.191	0.966
30	Cc1c(C(=O)Nc2ccc(C(=O)NCCC3CCOCC3)cc2)cccc1	1.0	0	0.105	0.985
30	CC(=O)c1ccc(S(=O)(=O)Nc2ccc(Br)cc2C(=O)c2ccncc2)cc1	1.0	0	0.191	0.978
30	O=C(O)c1c(Oc2cccc(Cl)c2NS(=O)(=O)c2ccc(Cl)c(Cl)c2)cccc1	1.0	1	0.448	0.974
30	O=C(NC1c2ccccc2CC1c1ccccc1)c1ccccc1	1.0	0	0.187	0.946
30	O=C(O)c1c(F)cccc1Oc1ccc(F)cc1NS(=O)(=O)c1ccccc1Cl	1.0	1	0.297	0.974
30	COc1c(-c2cc(Cl)ccc2NS(=O)(=O)c2ccc(Cl)cc2)cccc1	1.0	0	0.151	0.986
30	O=C(c1ccncc1)c1cc(Cl)ccc1NS(=O)(=O)c1ccc(-c2ccco2)cc1	1.0	0	0.184	0.973
30	Cc1ccc(S(=O)(=O)Nc2ccc(Br)cc2C(=O)c2ccncc2)cc1	1.0	0	0.196	0.981
30	O=C(c1cnc2ccccc2n1)N1CCC(N2CCCCC2)CC1	1.0	0	0.155	0.977
30	Cc1nn(Cc2ccc(C(F)(F)F)cc2NS(=O)(=O)c2ccc(Cl)cc2)c(C)c1	1.0	1	0.333	0.969
30	CNS(=O)(=O)c1ccc(CNC(=O)c2ccccc2)cc1	1.0	0	0.089	0.992
30	Cn1c(Oc2ccc(C(N)=O)cc2)ccc1C	1.0	0	0.112	0.97
30	O=S(=O)(NCCCN1CCC(c2ccccc2)CC1)c1ccc(F)cc1	1.0	0	0.095	0.985
30	CC(C)(C)c1ccc(S(=O)(=O)Nc2ccc(Cl)cc2C(=O)c2ccncc2)cc1	1.0	0	0.194	0.977
30	CCCC(=O)c1ccc(C(=O)Nc2ccccc2C(=O)c2ccncc2)cc1	1.0	0	0.189	0.984
30	O=S(=O)(Nc1cc(Cl)ccc1Cn1ccnn1)c1ccc(Cl)s1	1.0	1	0.356	0.947
30	CON(=O)C(=O)N1CCC1(C)C	0.0	0	0.0	0.0
30	COc1cc2c(cc1NS(=O)(=O)c1c(Cl)c(Cl)ccc1)nc(O)n2C	1.0	1	0.261	0.948
30	Cn1ncc2c1cccc2NS(=O)(=O)c1ccc(Cl)c(ClBr)c1	0.0	0	0.0	0.0
30	CC(=O)c1ccc(S(=O)(=O)Nc2ccc(Cl)cc2C(=O)c2c[n+]([O-])c(C)cc2)cc1	1.0	1	0.216	0.954
30	CNS(=O)(=O)c1ccc(CNC(=O)c2cnccc2)cc1	1.0	0	0.092	0.988
30	Cc1ncc(NCCc2ccccc2)c(C(=O)NCc2ccccc2)c1	1.0	0	0.137	0.984
30	O=C(c1ccncc1)c1cc(Cl)ccc1NS(=O)(=O)c1ccc([N+](=O)[O-])cc1	1.0	0	0.18	0.977
30	CC(=O)c1ccc(S(=O)(=O)Nc2ccc(Cl)cc2C(=O)c2ccncc2)cc1	1.0	0	0.194	0.98
30	CC(C)c1nc2nc(N)nn2c(O)c1Cc1cccc(Cl)c1	1.0	1	0.61	0.929
30	O=C(c1ccncc1)c1cc(Cl)ccc1NS(=O)(=O)c1ccc(OC(F)(F)F)cc1	1.0	0	0.192	0.973
30	O=C(NCCO)c1ccccc1NS(=O)(=O)c1ccccc1Cl	1.0	1	0.213	0.986
30	CC(C)(C)c1ccc(S(=O)(=O)Nc2ccc(Cl)cc2C(=O)c2cccnc2)cc1	1.0	0	0.19	0.977
30	Cc1c(C(=O)c2cc(Cl)ccc2NS(=O)(=O)c2ccc(OC(F)(F)F)cc2)cccn1	1.0	0	0.179	0.968
30	CNc1ccc(-c2cc(Cl)ccc2NS(=O)(=O)c2ccc(C(C)(C)C)cc2)nc1	1.0	1	0.317	0.969
30	CCC(=O)C1=C(O)C(=O)N(c2ccc(C)cc2C)C1C1CCCCC1O	1.0	1	0.451	0.695
30	CC(C)c1nc2nc(N)nn2c(O)c1Cc1cccc(Cl)c1Cl	1.0	1	0.682	0.909
30	CC(C)(C)c1ccc(S(=O)(=O)Nc2ccc(Cl)cc2-c2c(CN)cccn2)cc1	1.0	1	0.327	0.967
30	CCCC(=O)N1CCC(NS(=O)(=O)c2ccc(NC(=O)NCC)cc2)CC1	1.0	0	0.127	0.978
30	O=C(O)c1ccccc1Oc1ccc(Cl)cc1NS(=O)(=O)c1cccc(Cl)c1	1.0	1	0.328	0.982
30	O=C(O)C1CSCN1C(=O)c1cc(Cl)ccc1NS(=O)(=O)c1ccc(Cl)c(Cl)c1	1.0	1	0.276	0.91
30	O=C(O)c1ccccc1Oc1ccc(C(=O)c2ccccc2)cc1	1.0	0	0.138	0.991
30	CC(=O)C1=C(O)C(=O)N(c2ccc(C)cc2)C1C1CCCCC1C	1.0	1	0.426	0.792
30	COC(=O)CCc1ccc(S(=O)(=O)Nc2ccc(F)cc2C(=O)c2ccncc2)cc1	1.0	0	0.181	0.974
30	CCCCCCc1nc2nc(N)nn2c(O)c1Cc1ccc(Cl)cc1	1.0	1	0.543	0.943
30	CC(=O)C1=C(O)C(=O)N(c2ccc(C)cc2)C1C1CCCCC1=O	1.0	1	0.363	0.844
30	COc1c(Oc2ccc(Cl)cc2NS(=O)(=O)c2ccc(Cl)c(Cl)c2)ccc(C)n1	1.0	1	0.286	0.968
30	CNC(=O)c1ccc(C(=O)c2ccc(Cl)cc2)cc1	1.0	0	0.114	0.993
30	CCOC(=O)N1CCC(NS(=O)(=O)c2ccc(N)cc2)CC1	1.0	0	0.128	0.981
30	CC(=O)NCc1ccc(Cl)c(Cl)c1CNS(=O)(=O)c1ccc(Cl)cc1	1.0	1	0.232	0.971
30	CCCCC(=O)C1=C(O)C(=O)N(c2ccc(C)cc2F)C1C1CCCCCC1	1.0	1	0.485	0.883
30	CN(C)Cc1cc(Oc2ccc(Cl)cc2NS(=O)(=O)c2ccc(Cl)c(C(F)(F)F)c2)ccc1	1.0	1	0.367	0.966
30	Cn1cc(C(=O)c2cc(Cl)ccc2NS(=O)(=O)c2ccc(OC(F)(F)F)cc2)cc1	1.0	0	0.182	0.959
30	CNc1nc(-c2cc(Cl)ccc2NS(=O)(=O)c2ccc(OC(C)C)cc2)cccn1	0.0	0	0.0	0.0
30	O=S(=O)(Nc1ccc(Cl)cc1C(=O)c1ccccc1)c1ccccc1	1.0	1	0.208	0.989
30	O=C(c1ccncc1)c1cc(Cl)ccc1NS(=O)(=O)c1ccc(Cl)c(Cl)c1	1.0	0	0.197	0.978
30	Cc1c(Oc2ccc(Cl)cc2NS(=O)(=O)c2ccc(C(C)(C)C)cc2)nccc1	1.0	1	0.38	0.974
30	COc1c(C)c(NS(=O)(=O)c2ccc(Cl)cc2)ccc1	1.0	0	0.068	0.989
30	COc1ccc(S(=O)(=O)Nc2cc(Cl)ccc2C(=O)c2ccncc2)cc1	1.0	0	0.185	0.982
