Epoch	SMILES	Valid	Desired	ROCS_CCR2_SDF	ROCS_Model3-4_SQ	SA
1	CC(C)(C)c1ccc(S(=O)(=O)Nc2cccc3c2C(=O)N(Cc2cnccc2)C3=O)cc1	1.0	0	0.823	0.08	0.967
1	O=C(O)c1ccccc1Oc1c(F)cccc1[O-]	1.0	0	0.924	0.049	0.956
1	COc1nc(Br)cnc1NS(=O)(=O)c1ccccc1Cl	1.0	0	0.947	0.082	0.963
1	O=C(C1=C(O)C(=O)N(c2ccc(Br)cc2F)C1c1cc(Br)ccc1N)=CN	0.0	0	0.0	0.0	0.0
1	CC(=O)NCc1cc(Cn2nc(NS(=O)(=O)c3ccc(Cl)s3)c3ccccc32)ccc1	1.0	0	0.766	0.054	0.958
1	N#Cc1cnc(NS(=O)(=O)c2ccc(Cl)cc2)c(C(F)F)cc1	0.0	0	0.0	0.0	0.0
1	CC(C)c1nc2nc(N)nn2c(O)c1Cc1cc(Cl)cc(Cl)c1	1.0	1	1.0	0.149	0.908
1	CCOC(=O)N1CCC(NS(=O)(=O)c2ccc(OC(=O)c3ccccc3)c3c2cccc3)CC1	1.0	0	0.57	0.057	0.971
1	CCCC(=O)N1CCC(NS(=O)(=O)c2ccc(NC(=O)c3nccnc3)c3c2cccc3)CC1	1.0	0	0.518	0.058	0.957
1	Cc1cc[n+]([O-])cc1CN1C(=O)c2c(C1=O)c(NS(=O)(=O)c1ccc(C(C)(C)C)cc1)ccc2Cl	1.0	0	0.676	0.079	0.896
1	O=C(O)c1ccccc1Oc1c(F)cc(C(F)(F)F)cc1NS(=O)(=O)c1ccc(F)c(Cl)c1	1.0	1	0.941	0.108	0.956
1	COc1ccc(S(=O)(=O)Nc2ccc(Cl)cc2C(=O)c2ccncc2)cc1	1.0	0	0.949	0.092	0.983
1	CC(C)(C)c1ccc(S(=O)(=O)Nc2ccc(Cl)cc2C(=O)c2ccncn2)cc1	1.0	0	0.932	0.079	0.967
1	CC1CCN(C(=O)C(CCn2cccc2)NS(=O)(=O)c2cc(Cl)c(N)c(Cl)c2)CC1	1.0	0	0.823	0.07	0.848
1	CC(C)n1ccc2c(NS(=O)(=O)c3ccc(Cl)s3)cccc21	1.0	0	0.894	0.084	0.959
1	COc1cccc2c1c(NS(=O)(=O)c1ccc(Cl)s1)nn2Cc1cccc(CO)c1	1.0	0	0.922	0.086	0.95
1	Cc1ccc(S(=O)(=O)Nc2cc(Cl)ccc2Cn2ccnn2)cc1C	1.0	1	0.989	0.101	0.965
1	COc1ccc2c(c1NS(=O)(=O)c1c(Cl)c(Cl)ccc1)cnn2C	1.0	1	0.952	0.125	0.96
1	O=C(NS(=O)(=O)c1ccccc1)N1CCC(N2CCC(Oc3cc(Cl)c(Cl)cc3)CC2)CC1	1.0	0	0.423	0.044	0.959
1	Cn1nnnc1Cc1ncc(Cl)cc1NS(=O)(=O)c1ccc(Cl)c(Cl)c1	1.0	1	0.988	0.104	0.937
1	CCC(=O)C1=C(O)C(=O)N(c2ccc(C)cc2)C1C1CCCCCCC1	1.0	0	0.998	0.089	0.912
1	Nc1nn2c(O)c(Cc3cccc(Cl)c3)c(C3CCCCC3)nc2n1	1.0	1	0.999	0.208	0.926
1	COc1c(C)cc(F)cc1C(=O)CCCCCCN(C)C	1.0	0	0.734	0.037	0.976
1	CC(C)(C)c1ccc(S(=O)(=O)Nc2ccc(Cl)cc2C(=O)c2ccncn2)cc1	1.0	0	0.932	0.079	0.967
1	O=S1(=O)NC(Nc2ccccc2Oc2ccccc2)=Nc2c1cc(Cl)cc2O	1.0	0	0.875	0.06	0.913
1	CCc1cc(C(=O)c2cc(Cl)ccc2NS(=O)(=O)c2ccc(C(C)(C)C)cc2)ccn1	1.0	0	0.846	0.083	0.968
1	CCCn1c(O)nc2c1cc(OC)c(NS(=O)(=O)c1c(Cl)c(Cl)ccc1)c2	1.0	1	0.954	0.103	0.946
1	Cc1nc(C(=O)c2cc(Cl)ccc2NS(=O)(=O)c2ccc(-c3cnco3)cc2)ccc1	1.0	0	0.907	0.088	0.957
1	O=S(=O)(Nc1cc(Cl)ccc1Cn1ccnn1)c1cccc2nonc12	1.0	0	0.978	0.088	0.935
1	O=S(=O)(Nc1cc(Cl)ccc1Cn1ccnn1)c1ccccc1	1.0	0	0.986	0.097	0.973
1	C=CCN(C(=O)Nc1ccc(C#N)cc1)C1CCN(CCC2(c3cccc(F)c3)CCN(C(=O)c3cc(S(=O)(=O)NC(C)(C)C)c(F)cc3Cl)CC2)CC1	1.0	0	0.005	0.005	0.774
1	CC(=O)c1ccc(S(=O)(=O)Nc2ccc(Cl)cc2C(=O)c2c[n+]([O-])c(C)cc2)cc1	1.0	0	0.872	0.062	0.954
1	CC(=O)C1=C(O)C(=O)N(c2ccc(Cl)cc2)C1C1CCCCC1	1.0	0	1.0	0.092	0.927
1	Cc1ncccc1C(=O)c1cc(Cl)ccc1NS(=O)(=O)c1ccc(C#N)cc1	1.0	0	0.943	0.077	0.973
1	CNc1c(-c2cc(Cl)ccc2NS(=O)(=O)c2ccc(C(C)(C)C)cc2)nccc1	1.0	0	0.953	0.086	0.965
1	O=C(c1ccncc1)c1cc(Cl)ccc1NS(=O)(=O)c1ccc(-c2cnco2)cc1	1.0	0	0.912	0.086	0.964
1	CC(C)c1nc2nc(N)nn2c(O)c1Cc1cccc(Cl)c1	1.0	1	1.0	0.147	0.929
1	O=S(=O)(Nc1cc(F)ccc1Cn1ccnn1)c1ccc(Cl)c(Cl)c1	1.0	0	0.99	0.095	0.962
1	O=C(c1ccncc1)c1cc(Cl)ccc1NS(=O)(=O)c1cc2c(cc1)CCNC2	1.0	0	0.904	0.075	0.961
1	COc1cc(Cn2nc(NS(=O)(=O)c3ccc(Cl)s3)c3c(OC)cccc32)ccc1	1.0	0	0.904	0.083	0.958
1	COc1c(Oc2ccccc2C)cccc1C(=O)c1ccc(Cl)cc1	1.0	0	0.94	0.084	0.986
1	Cc1ccc(Oc2ccc(C(=O)NC3CCOCC3)cc2)cc1	1.0	0	0.76	0.049	0.988
1	CCCC(=O)N1CCC(NS(=O)(=O)c2ccc(NC(=O)CC(C)(C)C)c3c2cccc3)CC1	1.0	0	0.618	0.053	0.96
1	O=C(O)c1c(Oc2c(Cl)cccc2NS(=O)(=O)c2ccc(Cl)cc2)cccc1	1.0	1	0.994	0.103	0.98
1	COC(=O)CCc1ccc(S(=O)(=O)Nc2ccc(Cl)cc2C(=O)c2ccncc2)cc1	1.0	0	0.789	0.074	0.975
1	CC(=O)C1=C(O)C(=O)N(c2cc(F)c(F)cc2)C1C1CCCCC1	1.0	0	0.999	0.095	0.906
1	COc1nc(Br)cnc1NS(=O)(=O)c1cccc(Cl)c1	1.0	0	0.944	0.083	0.963
1	COc1cc2c(cc1NS(=O)(=O)c1c(Cl)c(Cl)ccc1)nc(O)n2CCN(C)C	1.0	1	0.938	0.104	0.935
1	CCCn1c(O)nc2c1cc(OC)c(NS(=O)(=O)c1c(Cl)c(Cl)ccc1)n2C	0.0	0	0.0	0.0	0.0
1	O=S(=O)(Nc1ncc(Cl)nc1OCc1cc(Br)ccc1)c1ccccc1	1.0	0	0.902	0.09	0.969
1	COc1cc2c(cc1NS(=O)(=O)c1c(Cl)c(Cl)ccc1)nc(O)[nH]2	1.0	0	0.969	0.093	0.947
1	Cc1ncc(C(=O)c2cc(Cl)ccc2NS(=O)(=O)c2cc(F)c(Cl)cc2F)cc1	1.0	0	0.954	0.08	0.963
1	CS(=O)(=O)c1ccc(S(=O)(=O)Nc2ccc(Cl)cc2C(=O)c2cnccc2)cc1	1.0	0	0.862	0.063	0.977
1	COc1nc(Cl)cnc1NS(=O)(=O)c1cccc(Cl)c1	1.0	0	0.954	0.089	0.967
1	CC(C)(c1ncco1)c1ccccc1S(=O)(=O)Nc1ccc(Cl)cc1C	1.0	0	0.928	0.076	0.941
1	COc1c(C)nc(N2C(=O)c3c(C2=O)c(NS(=O)(=O)c2ccc(C(C)(C)C)cc2)ccc3Cl)cc1	1.0	0	0.791	0.094	0.933
1	Cc1cc(O)c2N=C(Nc3c(Br)cccc3)NS(=O)(=O)c2c1	1.0	0	0.9	0.056	0.864
1	COc1c(Cl)ccc(NS(=O)(=O)c2ccc(Cl)cc2)c1O	1.0	0	0.956	0.071	0.979
1	CCc1ccc(S(=O)(=O)Nc2ccc(Cl)cc2C(=O)c2ccncc2)cc1	1.0	0	0.952	0.069	0.981
1	CC(=O)C1=C(O)C(=O)N(c2cc(C)ccc2)C1C1CCCCC1	1.0	0	0.999	0.092	0.922
1	CC(=O)C1=C(O)C(=O)N(c2ccc(C)cc2)C1c1ccc(Br)cc1	1.0	0	0.999	0.089	0.953
1	C(=O)c1cccc(S(=O)(=O)N2CCC(Oc3ccc(Cl)cc3)CC2)c1	1.0	0	0.85	0.058	0.977
1	COc1c2c(NS(=O)(=O)c3ccc(Cl)s3)nn(Cc3ccnc(NCCCO)c3)c2ccc1	1.0	0	0.723	0.053	0.922
1	COc1nc(Cl)cnc1NS(=O)(=O)c1cccc(Cl)c1	1.0	0	0.954	0.089	0.967
1	COc1cc2ncnc(Nc3ccc(OCc4ccccc4)cc3)c2cc1C	1.0	0	0.671	0.045	0.983
1	C=CCN(C(=O)OCc1ccc(C#N)cc1)C1CCN(CCC2(c3cccc(F)c3)CCN(C(=O)c3cc(S(=O)(=O)NC(C)(C)C)c(F)cc3Cl)CC2)CC1	1.0	0	0.005	0.005	0.759
1	C=CCN(C(=O)Nc1ccc(F)cc1)C1CCN(CCC2(c3cccc(F)c3)CCN(C(=O)c3cc(S(=O)(=O)NC(C)(C)C)c(F)cc3Cl)CC2)CC1	1.0	0	0.005	0.005	0.802
1	N#Cc1cccc(S(=O)(=O)NC(=O)N2CCC(N3CCC(Oc4ccc(Cl)c(Cl)c4)CC3)CC2)c1	1.0	0	0.338	0.042	0.94
1	COc1ccc(Cn2nc(NS(=O)(=O)c3cccc(Cl)c3)c3c2cccc3)cc1O	1.0	0	0.93	0.062	0.969
1	Cc1ccc(C(=O)c2cc(Cl)ccc2NS(=O)(=O)c2ccc(C(C)(C)C)cc2)cc1	1.0	0	0.95	0.089	0.982
1	COc1ccc(N2C(=O)C(O)=C(C(C)=O)C2C2CCCCC2)cc1	1.0	0	0.999	0.094	0.931
1	CCOC(=O)N1CCC(NS(=O)(=O)c2ccc(NCc3ccccc3)c3ccccc23)CC1	1.0	0	0.673	0.053	0.972
1	CS(=O)(=O)Nc1cc(NS(=O)(=O)c2ccc(N3CCCC3)cc2)ccc1	1.0	0	0.839	0.067	0.983
1	Cc1ncccc1C(=O)c1cc(Cl)ccc1NS(=O)(=O)c1ccc(C#N)cc1	1.0	0	0.943	0.077	0.973
1	CC(=O)c1ccc(S(=O)(=O)Nc2ccc(Cl)cc2C(=O)c2c[n+]([O-])c(C)cc2)cc1	1.0	0	0.872	0.062	0.954
1	Cc1[n+]([O-])cc(C(=O)c2cc(Cl)ccc2NS(=O)(=O)c2ccc(C(C)(C)c3cnco3)cc2)cc1	1.0	0	0.653	0.071	0.862
1	CC(C)(C)c1ccc(S(=O)(=O)Nc2c(Cl)cccc2C(=O)c2ccncc2)cc1	1.0	0	0.939	0.098	0.973
1	N#Cc1cccn1CCC(NS(=O)(=O)c1cc(Cl)c(N)c(Cl)c1)C(=O)N1CCCC1	1.0	0	0.818	0.068	0.821
1	CCNc1c2ccccc2nc2ccc(N=C=S)cc12	1.0	0	0.927	0.056	0.954
1	COc1nc(CO)c(Cl)nc1NS(=O)(=O)c1cccc(Cl)c1Cl	1.0	0	0.965	0.089	0.935
1	COc1c(-c2cc(Cl)ccc2NS(=O)(=O)c2ccc(C(C)(C)C)cc2)nccc1	1.0	0	0.955	0.089	0.973
1	CCOC(=O)N1CCC(NS(=O)(=O)c2ccc(OCc3ccccc3)c3c2cccc3)CCO1	1.0	0	0.669	0.063	0.885
1	COc1cccc2c1c(NS(=O)(=O)c1ccc(Cl)s1)nn2Cc1cccc(CO)c1	1.0	0	0.922	0.086	0.95
1	COc1ccc(S(=O)(=O)Nc2ccc(Cl)cc2C(=O)c2ccncc2)cc1	1.0	0	0.949	0.092	0.983
1	O=C(c1ccncc1)c1cc(Cl)ccc1NS(=O)(=O)c1ccc(OC(F)(F)F)cc1	1.0	0	0.859	0.084	0.973
1	Cc1c(C(=O)c2cc(Cl)ccc2NS(=O)(=O)c2ccc(Cl)cc2)cccn1	1.0	0	0.956	0.079	0.979
1	Cc1ccc(N2C(=O)c3c(C2=O)c(NS(=O)(=O)c2ccc(C(C)(C)C)cc2)ccc3Cl)cc1	1.0	1	0.887	0.101	0.962
1	CC(C)(C)c1ccc(S(=O)(=O)Nc2ccc(Cl)cc2-c2c(CN)cccn2)cc1	1.0	0	0.907	0.086	0.967
1	C=CCOc1c(Cl)cc(Cl)cc1S(=O)(=O)NC1(C(=O)O)Cc2c(cccc2)CCNC1	1.0	0	0.71	0.053	0.794
1	O=C(c1ccncc1)c1cc(Cl)ccc1NS(=O)(=O)c1ccc(Br)cc1	1.0	0	0.951	0.09	0.981
1	CCCCCCCc1nc2nc(N)nn2c(O)c1Cc1cc(Cl)cc(N(C)C(=O)CC)c1	1.0	1	0.988	0.126	0.878
1	COc1ccc(C=Cc2ccc3ccc(C(=O)O)cc3c2)cc1	1.0	0	0.892	0.056	0.986
1	O=S(=O)(Nc1cc(Cl)ccc1Cn1ccnn1)c1ccc(Cl)c(Cl)c1	1.0	1	0.99	0.102	0.963
1	CN(C)c1c(S(=O)(=O)Nc2ccc(Br)cc2)cccc1	1.0	0	0.935	0.068	0.985
1	COc1nc(Cl)cnc1NS(=O)(=O)c1cccc(Cl)c1Cl	1.0	0	0.953	0.091	0.955
1	O=C(C1=C(O)C(=O)N(c2ccc(Br)cc2F)C1c1cc(Br)ccc1)c1ccccc1	1.0	1	0.994	0.2	0.925
1	COc1cccc2c1c(NS(=O)(=O)c1ccc(Cl)s1)nn2Cc1cccc(CO)c1	1.0	0	0.922	0.086	0.95
1	COc1cccc2c1c(NS(=O)(=O)c1ccc(Cl)s1)nn2Cc1ccccc1	1.0	0	0.929	0.07	0.965
1	Cc1cc(C(=O)c2cc(Cl)ccc2NS(=O)(=O)c2ccc(OC(C)C)cc2)ccn1	1.0	0	0.865	0.067	0.972
1	O=S(=O)(Nc1cc(Cl)ccc1Cn1ccnn1)c1cccc(F)c1	1.0	0	0.989	0.1	0.965
2	COc1nc(Cl)cnc1NS(=O)(=O)c1ccccc1C	1.0	0	0.962	0.073	0.968
2	O=C(c1ccncc1)c1cc(Cl)ccc1NS(=O)(=O)c1ccc(N2CCCCC2)cc1	1.0	0	0.923	0.079	0.975
2	O=S(=O)(Nc1cc(Cl)ccc1Cn1ccnn1)c1cccc2nonc12	1.0	0	0.978	0.088	0.935
2	CC(C)(C)c1ccc(S(=O)(=O)Nc2ccc(C#N)c3c2C(=O)N(Cc2cnccc2)C3=O)cc1	1.0	0	0.761	0.071	0.94
2	O=C(O)c1c(Oc2ccc(Cl)cc2NS(=O)(=O)c2ccc(Cl)s2)cccc1	1.0	0	0.974	0.089	0.974
2	Cc1nn(Cc2ccc(C(F)(F)F)cc2Cl)cc1OCC1CC1CCN(C)C(=O)c1ccncc1c1	0.0	0	0.0	0.0	0.0
2	CS(=O)(=O)c1ccc(S(=O)(=O)Nc2ccc(Cl)cc2C(=O)c2c[n+]([O-])c(C)cc2)cc1	1.0	0	0.904	0.063	0.947
2	COc1cccc2c1c(NS(=O)(=O)c1ccc(Cl)s1)nn2Cc1cccc(C(F)(F)F)c1	1.0	0	0.921	0.065	0.946
2	O=S(=O)(c1ccc(Cl)c(Cl)c1)S1(=O)=OCCCN1C	0.0	0	0.0	0.0	0.0
2	O=S(=O)(Nc1cc(F)ccc1Cn1ccnn1)c1ccc(Cl)cc1	1.0	1	0.987	0.101	0.969
2	C=CCOc1c(Cl)cc(Cl)cc1S(=O)(=O)NC1CCN(C(=O)OC)CC1F	1.0	0	0.803	0.068	0.715
2	O=S(=O)(Nc1cc(Cl)ccc1Cn1ccnn1)c1cccc(C(F)(F)F)c1	1.0	1	0.991	0.152	0.958
2	Cc1ccc(S(=O)(=O)Nc2ccc(Cl)cc2C(=O)c2ncccc2)cc1	1.0	0	0.963	0.084	0.982
2	COc1nccnc1NS(=O)(=O)c1cccc(Cl)c1Cl	1.0	1	0.953	0.107	0.968
2	COc1nn(C)c2c1c(NS(=O)(=O)c1ccc(Cl)s1)oc12	0.0	0	0.0	0.0	0.0
2	CC(=O)NCc1cc(Cn2nc(NS(=O)(=O)c3ccc(Cl)s3)c3ccccc32)ccc1	1.0	0	0.766	0.054	0.958
2	O=C(c1ccncc1)c1cc(Cl)ccc1NS(=O)(=O)c1ccc(-c2ccccc2)cc1	1.0	0	0.92	0.09	0.981
2	O=S(=O)(Nc1cc(F)ccc1Cn1ccnn1)c1ccc(Cl)cc1	1.0	1	0.987	0.101	0.969
2	CCOC(=O)N1CCC(NS(=O)(=O)c2cccc3c2cccc3NC(=O)c2ccccc2)CC1	1.0	0	0.618	0.055	0.974
2	O=S(=O)(Nc1ncc(Cl)nc1OCc1cc(Br)ccc1)OCCOc1cccc(Cl)c1[BH-]	1.0	0	0.005	0.005	0.817
2	COc1nc(Cl)cnc1NS(=O)(=O)c1cccc(Cl)c1C1	0.0	0	0.0	0.0	0.0
2	C=CCN(C(=O)Nc1ccc(C#N)cc1)C1CCN(CCC2(c3cccc(F)c3)CCN(C(=O)c3cc(S(=O)(=O)NC(C)(C)C)c(F)cc3Cl)CC2)CC1	1.0	0	0.005	0.005	0.774
2	COc1ncc(N2C(=O)c3c(C2=O)c(NS(=O)(=O)c2ccc(C(C)(C)C)cc2)ccc3Cl)cc1	1.0	0	0.805	0.093	0.942
2	CC(=O)C1=C(O)C(=O)N(c2cc(F)c(F)cc2)C1C1CCCCC1	1.0	0	0.999	0.095	0.906
2	O=C(O)c1c(Oc2ncccc2NS(=O)(=O)c2ccc(Cl)c(Cl)c2)cccc1	1.0	0	0.914	0.085	0.976
2	CC(C)(C)NC(=O)c1ccc(Oc2ccc(Cl)cc2NS(=O)(=O)c2ccc(Cl)c(Cl)c2)cc1	1.0	0	0.862	0.057	0.974
2	O=C(O)c1ccccc1Oc1ncc(Cl)cc1NS(=O)(=O)c1ccc(Cl)c(C(F)(F)F)c1	1.0	1	0.932	0.116	0.959
2	CC(=O)C1=C(O)C(=O)N(c2ccc(C)cc2)C1c1ccc(C)cc1)N1CCCCC1)	0.0	0	0.0	0.0	0.0
2	Nc1nn2c(O)c(Cc3ccc(Cl)c(Cl)c3)c(C3CC3)nc2n1	1.0	1	1.0	0.166	0.915
2	CS(=O)(=O)c1ccc(S(=O)(=O)Nc2ccc(Cl)cc2C(=O)c2cnccc2)cc1	1.0	0	0.862	0.063	0.977
2	O=S(=O)(Nc1cc(Cl)ccc1Cn1ccnn1)c1ccc(Cl)cn1	1.0	0	0.984	0.098	0.945
2	COc1ccccc1Cc1c(O)n2nc(N)nc2nc1C1CC1	1.0	1	1.0	0.149	0.927
2	CCCC(=O)N1CCC(NS(=O)(=O)c2ccc(NC(=O)c3ccc(C)cc3)c3c2cccc3)CC1	1.0	0	0.524	0.046	0.971
2	CC(=O)C1=C(O)C(=O)N(c2ccc(C)cc2)C1c1ccc(Cl)cc1	1.0	0	1.0	0.092	0.958
2	CC(=O)NCc1cc(Cn2nc(NS(=O)(=O)c3ccc(Cl)s3)c3c(C(F)(F)F)cccc32)ccc1	1.0	0	0.68	0.06	0.926
2	COc1cc(N2C(=O)c3c(C2=O)c(NS(=O)(=O)c2ccc(C(C)(C)C)cc2)ccc3Cl)cnc1	1.0	0	0.764	0.092	0.939
2	C=CCOc1c(Cl)cc(Cl)cc1S(=O)(=O)NC1CCN(Cc2ccc3cc(C)ccc3c2)CC1	1.0	0	0.593	0.055	0.95
2	CC1CCN(C(=O)C(CCn2ccnn2)NS(=O)(=O)c2cc(Cl)c(N)c(Cl)c2)CC1	1.0	0	0.792	0.072	0.826
2	O=S(=O)(Nc1cc(Cl)ccc1Cn1ccnn1)c1cccc(Cl)c1	1.0	0	0.989	0.098	0.966
2	CNC(=O)N1CCC(NS(=O)(=O)c2ccc(NC(=O)c3ccccc3C)c3ccccc23)CC1	1.0	0	0.631	0.047	0.967
2	COc1ccc(C(C(=O)NCCC(C)(C)C)c2ccc(C(=O)Nc3ccc(Cl)cc3)cc2)cc1	1.0	0	0.662	0.051	0.946
2	COc1c(Oc2cccc(C(=O)Nc3ccncc3)c2)ccc(C(=O)c2ccccc2)c1	1.0	0	0.658	0.05	0.983
2	CCCC(=O)N1CCC(NS(=O)(=O)c2ccc(NC(=O)c3ccncc3)c3c(sc3c2)C(C)C(=O)O)CC1	1.0	0	0.005	0.005	0.798
2	C=CCN(C(=O)CCc1ccc(C#CCCCCCC)cc1)C1CCN(CCCOc2ccc(Br)cc2)CC1	1.0	0	0.005	0.005	0.931
2	C=CCN(C(=O)OCc1ccc(F)cc1)C1CCN(CCC(C)(C)C)CC1	1.0	0	0.742	0.046	0.959
2	Cc1cc(NS(=O)(=O)c2cc(C(F)(F)F)c(Cl)cc2)c(C(=O)c2ncncc2)cc1	1.0	0	0.931	0.088	0.954
2	CCCCCc1nc2nc(O)nn2n1N	1.0	1	0.985	0.106	0.658
2	CC(=O)C1=C(O)C(=O)N(c2cc(C)c(C)cc2)C1C1CCCCC1	1.0	0	0.999	0.094	0.916
2	O=C(O)c1c(Oc2c(Cl)cccc2NS(=O)(=O)c2ccc(Cl)s2)ccc1	0.0	0	0.0	0.0	0.0
2	CC(C)NS(=O)(=O)c1ccc(Cl)cc1C(=O)c1cc(Cl)ccc1	1.0	0	0.92	0.062	0.979
2	CCOC(=O)C1=C(O)C(=O)N(c2ccc(C)cc2)C1c1cc(Cl)ccc1	1.0	1	1.0	0.115	0.95
2	O=C(c1ccncc1)c1cc(Cl)ccc1NS(=O)(=O)c1ccc(-c2ccccc2)cc1	1.0	0	0.92	0.09	0.981
2	COc1ccc(NS(=O)(=O)c2ccc(N3C(=O)c4c(cccc4)C3=CC(C)(C)CC3NC(=O)C3)cc2)cc1	1.0	0	0.005	0.005	0.802
2	Cc1nnnn1Cc1ccc(Cl)cc1NS(=O)(=O)c1ccc(Cl)c(Cl)c1	1.0	1	0.983	0.102	0.962
2	CC(C)(C)c1ccc(S(=O)(=O)Nc2cc(Cl)ccc2C(=O)c2ccncc2)cc1	1.0	0	0.95	0.097	0.976
2	COc1cccc2c1ncc(C(=O)O)n2Cc1ccc(Cl)cc1	0.0	0	0.0	0.0	0.0
2	CCc1nc2nc(N)nn2c(O)c1Cc1cccc(Cl)c1	1.0	1	1.0	0.158	0.935
2	COc1nc(Br)cnc1NS(=O)(=O)c1cccc(Cl)c1	1.0	0	0.944	0.083	0.963
2	O=S(=O)(Nc1cc(Cl)ccc1Cn1ccnn1)c1cccc2c1oc1cccc(Cl)c12	1.0	1	0.971	0.124	0.919
2	O=C(c1ccncc1)c1cc(Cl)ccc1NS(=O)(=O)c1ccc(Cl)cc1-	0.0	0	0.0	0.0	0.0
2	CCCNC(=O)N1CCC(NS(=O)(=O)c2ccc(NC(=O)c3ccccc3C)c3ccccc23)CC1	1.0	0	0.005	0.005	0.966
2	COc1ccc(S(=O)(=O)Nc2ccc(Cl)cc2C(=O)c2cnccc2)cc1	1.0	0	0.948	0.076	0.983
2	COc1ccc(C(=O)c2cc(Cl)ccc2NS(=O)(=O)c2ccc(C(C)(C)C)cc2)cc1	1.0	0	0.929	0.088	0.981
2	O=S(=O)(Nc1cc(Cl)ccc1C(=O)c1ccccc1)c1cnccc1	1.0	0	0.969	0.092	0.984
2	Cc1ncc(-c2cc(C(=O)O)ccc2C)cc1	1.0	0	0.944	0.046	0.988
2	COc1ccccc1Cc1c(O)n2nc(N)nc2nc1C1CC1	1.0	1	1.0	0.149	0.927
2	CC(=O)C1=C(O)C(=O)N(c2cc(C)c(C)cc2)C1C1CCCCC1	1.0	0	0.999	0.094	0.916
2	Cc1c(C(=O)c2cc(Cl)ccc2NS(=O)(=O)c2ccc(OC(F)(F)F)cc2)cccn1	1.0	0	0.871	0.08	0.968
2	O=C(O)CCn1cc(C(=O)c2ccccc2)c2ccccc21	1.0	0	0.902	0.073	0.987
2	Cc1ccncc1	1.0	0	0.434	0.025	0.992
2	COc1ccc(NC(=O)NCc2ccc(C(=O)Nc3ccccc3)cc2)cc1	1.0	0	0.585	0.037	0.992
2	CC1CCCN(CC(=O)N2CC(=O)Nc3ccc(Cl)cc32)C1	1.0	0	0.961	0.067	0.918
2	CCOc1cnc(NS(=O)(=O)c2ccc(Cl)c(Cl)c2)c(C#Cc2cccc3c2OCCO3)c1	1.0	0	0.835	0.055	0.912
2	O=S(=O)(Nc1cc(Cl)ccc1Cn1ccnn1)c1cccc2c1ccc(O)cc2	0.0	0	0.0	0.0	0.0
2	Oc1cc(CSc2ccc(F)c(F)c2)nc2nc(Cc3ccccc3)nn12	1.0	0	0.882	0.06	0.945
2	NC(=O)C1CC(F)CN1C(=O)C(c1ccccc1)c1ccccc1	1.0	0	0.962	0.083	0.898
2	Cc1ccc(N2C(=O)C(O)=C(C(=O)C(C)C)C2c2ccc(C(C)(C)C)cc2)cc1	1.0	0	0.998	0.098	0.928
2	CCCC(=O)N1CCC(NS(=O)(=O)c2ccc(NC(=O)c3c(F)cccc3)c3c2cccc3)CC1	1.0	0	0.57	0.049	0.968
2	CC(C)(C)c1ccc(S(=O)(=O)Nc2ccc(F)c(C(=O)c3cccnc3)c2C(C)(C)O)cc1	1.0	0	0.575	0.052	0.942
2	COC(=O)c1c(-c2cc(Cl)ccc2)cncc1N(C)C	1.0	0	0.954	0.074	0.966
2	Oc1cc(CSc2cccc(F)c2F)nc2nc(C3CCCCC3)nn12	1.0	0	0.936	0.07	0.909
2	CCCc1nc2nc(N)nn2c(O)c1Cc1cccc(Cl)c1	1.0	1	1.0	0.185	0.934
2	COc1c(C)nc(N2C(=O)c3c(C2=O)c(NS(=O)(=O)c2ccc(C(C)(C)C)cc2)ccc3Cl)cc1	1.0	0	0.791	0.094	0.933
2	CC(=O)Nc1ccc(S(=O)(=O)NCCc2ccccc2)cc1	1.0	0	0.873	0.053	0.991
2	O=S(=O)(Nc1cc(Cl)ccc1Cn1nnnc1C1CC1)c1ccc(Cl)c(Cl)c1	1.0	1	0.994	0.161	0.955
2	COc1cc2c(cc1NS(=O)(=O)c1c(Cl)c(Cl)ccc1)nc(O)[nH]2C(C)O1	0.0	0	0.0	0.0	0.0
2	Nc1nn2c(O)c(Cc3cccc(I)c3)c(C3CC3)nc2n1	1.0	1	1.0	0.149	0.891
2	O=S(=O)(Nc1ncc(Cl)nc1OCc1ccccc1)C1CC1	1.0	0	0.931	0.058	0.959
2	Cc1[n+]([O-])cc(C(=O)c2cc(Cl)ccc2NS(=O)(=O)c2ccc(OC(F)(F)F)cc2)cc1	1.0	0	0.842	0.07	0.94
2	CN(C)C(=O)C(CCn1cccc1C#N)NS(=O)(=O)c1cc(Cl)c(Cl)s1	1.0	0	0.916	0.064	0.733
2	CNC(=O)N1CCC(NS(=O)(=O)c2ccc(NC(=O)c3ccncc3)c3ccccc23)CC1	1.0	0	0.629	0.058	0.962
2	CS(=O)(=O)c1ccc(S(=O)(=O)Nc2ccc(Br)cc2C(=O)c2ccncc2)cc1	1.0	0	0.917	0.065	0.975
2	COc1c(NS(=O)(=O)c2c(Cl)c(Cl)ccc2)nc2nc(O)[nH]c2c1	1.0	0	0.982	0.096	0.917
2	O=C(c1cccnc1)c1cc(Cl)ccc1NS(=O)(=O)c1ccc(-c2cocn2)cc1	1.0	0	0.841	0.077	0.956
2	CC(C)(C)c1ccc(S(=O)(=O)Nc2ccc(Cl)cc2C(=O)c2ccnc(Cl)c2)cc1	1.0	0	0.876	0.086	0.971
2	O=C(c1cnccc1)c1cc(Cl)ccc1NS(=O)(=O)c1ccc(N2CCOCC2)cc1	1.0	0	0.878	0.071	0.973
2	O=S(=O)(Nc1cc(Cl)ccc1Cn1ccnn1)c1ccc(Cl)cc1	1.0	1	0.987	0.106	0.97
2	COc1nccnc1NS(=O)(=O)c1c(Cl)c(Cl)ccc1Cl	1.0	1	0.959	0.109	0.953
2	COc1ccccc1Cc1c(O)n2nc(CCc3ccccc3)nc2OC1B(-)ccc1Cl	0.0	0	0.0	0.0	0.0
2	COc1cc2c(cc1NS(=O)(=O)c1c(Cl)c(Cl)ccc1)n(C)c(=O)n2C	1.0	0	0.951	0.073	0.963
3	Nc1nn2c(O)c(Cc3cccc(Br)c3)c(C3CC3)nc2n1	1.0	1	1.0	0.149	0.913
3	Cc1ccc(C(=O)c2cc(Cl)ccc2NS(=O)(=O)c2ccc(C(C)(C)C)cc2)cn1	1.0	0	0.936	0.085	0.974
3	Cc1noc(C)c1S(=O)(=O)NCc1ccc(C(=O)Nc2ccccc2)cc1	1.0	0	0.642	0.054	0.983
3	Oc1cc(CSc2cccc(F)c2F)nc2nc(C3CCCCC3)nn12	1.0	0	0.936	0.07	0.909
3	Cc1noc(C)c1S(=O)(=O)NCCC(=O)N1CCC(N(C)C)CC1	1.0	0	0.817	0.051	0.958
3	CC(C)(C)c1ccc(S(=O)(=O)Nc2ccc(Cl)cc2-c2c(N)c(C3OC(CF)C(N)=O)c(O)cc3CCCNC2=O)cc1	1.0	0	0.005	0.005	0.059
3	CC(C)(C)c1ccc(S(=O)(=O)Nc2ccc(Cl)c3c2C(=O)N(c2c(F)cccc2)C3)cc1	1.0	0	0.862	0.089	0.957
3	CCCC(=O)C1=C(O)C(=O)N(c2ccc(C)cc2)C1C1CCCCC1OC	1.0	1	0.998	0.135	0.716
3	O=C(c1ccncc1)c1cc(F)ccc1O	1.0	0	0.914	0.046	0.986
3	Nc1nn2c(O)c(Cc3cccc(I)c3)c(CCCCN3C(=O)c4ccccc4C3=O)nc2n1	1.0	0	0.974	0.065	0.907
3	CC1CCN(C(=O)C(CCn2nccn2)NS(=O)(=O)c2cc(Cl)c(N)c(Cl)c2)CC1	1.0	0	0.849	0.072	0.807
3	Nc1nn(Cc2ccccc2)c2c1cccc1[n+]2[O-]	0.0	0	0.0	0.0	0.0
3	COc1nc(Br)cnc1NS(=O)(=O)c1cccc(Cl)c1	1.0	0	0.944	0.083	0.963
3	O=C(O)c1c(Oc2ncccc2NS(=O)(=O)c2ccc(Cl)c(Cl)c2)cccc1	1.0	0	0.914	0.085	0.976
3	CC(=O)NCc1cc(Cn2nc(NS(=O)(=O)c3ccc(Cl)s3)c3c(F)cccc32)ccc1	1.0	0	0.757	0.054	0.943
3	O=C(O)c1c(Oc2ncccc2NS(=O)(=O)c2ccc(Cl)c(Cl)c2Cl)cccc1	1.0	1	0.94	0.113	0.965
3	Cc1ncc(N2C(=O)c3c(C2=O)c(NS(=O)(=O)c2ccc(C(C)(C)C)cc2)ccc3Cl)cc1	1.0	0	0.826	0.096	0.946
3	COc1ccc(S(=O)(=O)NCc2ccc(C(=O)Nc3ccccc3)cc2)cc1	1.0	0	0.667	0.037	0.991
3	O=S(=O)(NCCN1CCC(F)(F)C1)c1ccc(Cl)cc1	1.0	0	0.946	0.059	0.968
3	O=C(O)c1ccccc1Oc1c(F)cc(C(F)(F)F)cc1F	1.0	0	0.971	0.054	0.976
3	CC(C)(C)c1ccc(S(=O)(=O)Nc2ccc(Cl)cc2-c2c(N)ccnn2)cc1	1.0	1	0.933	0.109	0.955
3	O=C(c1ccncn1)c1cc(F)c(F)cc1S(=O)(=O)Nc1c(F)cccc1F	1.0	1	0.912	0.118	0.943
3	CC(=O)c1ccc(S(=O)(=O)Nc2ccc(Cl)cc2C(=O)c2ccnc(C)c2)cc1	1.0	0	0.887	0.084	0.975
3	CCS(=O)(=O)NC(=O)c1ccc(Cn2nnc3c(Nc4ccc(Cl)cc4)cc(Cl)nc32)cc1	1.0	0	0.754	0.048	0.942
3	COc1c(NS(=O)(=O)c2c(Cl)c(Cl)ccc2)nccn1	1.0	1	0.953	0.107	0.968
3	COc1ccc(NC(=O)c2cnccn2)cc1Cl	1.0	0	0.929	0.049	0.987
3	CCOC(=O)N1CCC(NS(=O)(=O)c2ccc(NC(=O)c3ccccc3)c3c2cccc3)CC1	1.0	0	0.575	0.07	0.974
3	O=S(=O)(Nc1cc(Cl)ccc1Cn1ccnn1)c1ccc(Cl)cc1	1.0	1	0.987	0.106	0.97
3	Nc1nn2c(O)c(Cc3ccc(F)cc3)c(C3CC3)nc2n1	1.0	1	1.0	0.16	0.929
3	Cc1nnc(-c2cccc(S(=O)(=O)Nc3ccc(Cl)cc3C(=O)c3ccncc3)c2)o1	1.0	0	0.802	0.098	0.963
3	Oc1cc(CSc2cccc(F)c2F)nc2nc(CCc3ccccc3)nn12	1.0	0	0.904	0.054	0.935
3	CNc1ccc(S(=O)(=O)NC(=O)N2CCC(N3CCCCC3)CC2)cc1	1.0	0	0.755	0.044	0.97
3	COc1ccc2c(c1)CCC(c1ccc(Cl)cc1)C2NC(=O)c1ccc(OC)cc1	1.0	0	0.864	0.066	0.916
3	CS(=O)(=O)c1cc(NS(=O)(=O)c2ccc(Cl)cc2)c(Oc2ccccc2C(=O)O)cc1	1.0	0	0.896	0.072	0.978
3	CC(C)(COc1ccc(C(=O)c2cc(F)ccc2C(=O)c2ccc(F)cc2)cc1	0.0	0	0.0	0.0	0.0
3	CC(C)(C)c1ccc(S(=O)(=O)Nc2ccc(Cl)c3c2C(=O)N(c2cnc(F)cc2)C3=O)cc1	1.0	0	0.826	0.096	0.938
3	O=C(NS(=O)(=O)c1ccc(F)cc1)c1ccc(F)c(F)c1	1.0	0	0.881	0.061	0.988
3	COc1cccc2c1c(NS(=O)(=O)c1cccc(Cl)c1Cl)nn2Cc1cccc(Oc2ccccc2)c1	1.0	0	0.005	0.005	0.955
3	CC(C)(C)c1ccc(S(=O)(=O)Nc2ccc(Cl)cc2-c2c(N)c(N3CCOCC3)cnn2)cc1	1.0	1	0.822	0.1	0.929
3	COc1ccc(COc2nc(Br)cnc2NS(=O)(=O)c2ccc(Cl)cc2)cc1	1.0	0	0.867	0.086	0.97
3	Cc1nn(Cc2ccc(C(F)(F)F)cc2NS(=O)(=O)c2ccc(Cl)cc2Cl)cc1	1.0	1	0.985	0.112	0.956
3	CNc1cc(OC)c(NS(=O)(=O)c2ccc(Cl)cc2)cc1	1.0	0	0.968	0.093	0.987
3	COc1nc(Br)cnc1NS(=O)(=O)c1ccc(Cl[SH]([O-])(Cl)[O-])cc1	0.0	0	0.0	0.0	0.0
3	Nc1nn2c(O)c(Cc3ccc(Cl)c(Cl)c3)c(C3CC3)nc2n1	1.0	1	1.0	0.166	0.915
3	O=C(c1ccncc1)c1cc(Cl)ccc1NS(=O)(=O)c1cccc(Cl)c1	1.0	0	0.954	0.086	0.98
3	COc1ccc(-c2cnc(NS(=O)(=O)c3cc(Cl)c(Cl)cc3)nc2)cc1	1.0	0	0.839	0.072	0.981
3	CNC(=O)N1CCC(NS(=O)(=O)c2ccc(NC(=O)c3ccccc3C)c3ccccc23)CC1	1.0	0	0.631	0.047	0.967
3	CCCCCCCc1nc2nc(N)nn2c(O)c1Cc1cccc(Br)c1	1.0	1	0.996	0.123	0.931
3	Cc1ncnc(C)c1C#Cc1ccc(Cc2nnc(O)cc2N)cc1	1.0	0	0.725	0.066	0.866
3	O=S(=O)(Nc1cc(Cl)ccc1Cn1ccnn1)c1ccccc1	1.0	0	0.986	0.097	0.973
3	Cc1cc(C(=O)c2cc(Cl)ccc2NS(=O)(=O)c2ccc(OC(C)C)cc2)ccn1	1.0	0	0.865	0.067	0.972
3	O=S(=O)(Nc1cc(F)ccc1)(c1ccccc1)c1	0.0	0	0.0	0.0	0.0
3	COc1nn(CC(=O)O)c2c1c(NS(=O)(=O)c1cccc(Cl)c1Cl)ncc2	1.0	0	0.875	0.075	0.931
3	Nc1nn2c(O)c(Cc3cccc(C(F)(F)F)c3)c(C3CC3)nc2n1	1.0	1	1.0	0.174	0.912
3	CC(=O)c1ccc(S(=O)(=O)Nc2ccc(Cl)cc2C(=O)c2ccnc(C)c2)cc1	1.0	0	0.887	0.084	0.975
3	COc1cc2c(cc1NS(=O)(=O)c1c(Cl)c(Cl)ccc1)n(CC(N)=O)c(O)n2	1.0	1	0.946	0.124	0.938
3	COc1nc(CO)c(Cl)cc1NS(=O)(=O)c1ccc(Cl)c(Cl)c1	1.0	1	0.962	0.105	0.962
3	COc1nc(Cl)cnc1NS(=O)(=O)c1cc(Cl)c(Cl)s1	1.0	1	0.964	0.102	0.908
3	CC(C)(C)c1ccc(S(=O)(=O)Nc2ccc(Cl)c3c2C(=O)N(c2c(F)ccc[n+]2[O-])C3C(Cl)()CCN2CCCCCCC2)cc1	0.0	0	0.0	0.0	0.0
3	COc1ccccc1C(=O)Oc1cc(C=Cc2ccccc2)ccc1CCn1nccn1	1.0	0	0.787	0.064	0.955
3	O=C(O)c1ccccc1Oc1ccc(F)cc1F	1.0	0	0.933	0.054	0.991
3	CC(=O)NCc1cc(Cn2nc(NS(=O)(=O)c3ccc(Cl)s3)c3c(C(C)O)cccc32)ccc1	1.0	0	0.857	0.098	0.844
3	CC(=O)C1=C(O)C(=O)N(c2cc(C(F)(F)F)ccc2)C1C1CCCCC1	1.0	0	0.999	0.097	0.902
3	CC(C)(C)c1ccc(S(=O)(=O)Nc2cccc3c2C(=O)N(c2cnccc2)C3=O)cc1	1.0	0	0.813	0.091	0.965
3	CC(=O)C1=C(O)C(=O)N(c2ccc(C)cc2)C1C1CCCCC1	1.0	0	1.0	0.093	0.929
3	CCC(=O)C1=C(O)C(=O)N(c2ccc(C)cc2)C1C1CCCCC1	1.0	0	0.999	0.09	0.913
3	O=C(Nc1ccc(S(=O)(=O)NCc2ccncc2)c2c1cccc2)c1ccccc1	1.0	0	0.564	0.055	0.982
3	CCc1nc2nc(N)nn2c(O)c1Cc1cccc(Cl)c1	1.0	1	1.0	0.158	0.935
3	CC(=O)c1ccc(S(=O)(=O)Nc2ccc(Cl)cc2C(=O)c2ccncc2)cc1	1.0	0	0.946	0.07	0.98
3	O=S(=O)(Nc1cc(Cl)ccc1NS(=O)(=O)c1ccc(Cl)c(Cl)c1	0.0	0	0.0	0.0	0.0
3	CC(=O)c1c(C)[nH]c(C(=O)c2ccccc2)c1Cc1c(Br)c(Br)c(O)c((	0.0	0	0.0	0.0	0.0
3	Nc1nn2c(O)c(Cc3cccc(F)c3)c(C3CC3)nc2n1	1.0	1	1.0	0.164	0.921
3	O=C(c1ccncc1)c1cc(Cl)ccc1NS(=O)(=O)c1ccc(N2Cc2ccccc2)cc1	0.0	0	0.0	0.0	0.0
3	CCCCc1nc2nc(N)nn2c(O)c1Cc1cc(Br)cc(Br)c1	1.0	1	0.998	0.169	0.895
3	CCCC(=O)N1CCC(NS(=O)(=O)c2ccc(Cl)cc2)CC1O	1.0	0	0.843	0.065	0.862
3	CC(=O)c1c(C)oc2c1cc(NS(=O)(=O)c1c(Cl)c(Cl)ccc1)c(O)c2=O	0.0	0	0.0	0.0	0.0
3	CCn1nc2ncnc(NS(=O)(=O)c3cc(Cl)c(Cl)cc3)c2c1	1.0	0	0.912	0.1	0.951
3	C=CCOc1c(Cl)cc(Cl)cc1COCCCCC(C)C	1.0	0	0.822	0.034	0.963
3	CCCC(=O)N1CCC(NS(=O)(=O)c2ccc(NC(=O)c3ccccc3C)c3ccccc23)CC1	1.0	0	0.542	0.045	0.969
3	CC(=O)c1ccc(S(=O)(=O)Nc2ccc(Br)cc2C(=O)c2ccncc2)cc1	1.0	0	0.934	0.07	0.978
3	CC(C)(C)c1ccc(S(=O)(=O)Nc2ccc(Cl)cc2-c2c(O)c(CO)ncn2)cc1	1.0	0	0.904	0.088	0.941
3	O=C(c1cnccc1)c1cc(F)ccc1	1.0	0	0.923	0.047	0.99
3	COc1ccc(Cn2nc(NS(=O)(=O)c3ccc(Cl)s3)c3c2cccc3OC)cc1	1.0	0	0.9	0.063	0.961
3	CC(C)c1nc2nc(N)nn2c(O)c1Cc1ccc(Cl)cc1	1.0	1	1.0	0.145	0.937
3	CC(c1nc2ncccc2c(-c2ccccc2)n1)N(CCP(=O)(O)O)CC[N+]([Si])(C)C	1.0	0	0.005	0.005	0.533
3	CC(=O)C1=C(O)C(=O)N(c2ccc(Br)cc2)C1C1CCCCC1	1.0	0	0.999	0.086	0.919
3	Cc1nc(-c2ccc(S(=O)(=O)Nc3ccc(Cl)cc3C(F)(F)F)cc2)ccc1	1.0	0	0.824	0.079	0.976
3	O=C(O)c1ccccc1Oc1ccc(C(F)(F)F)cc1NS(=O)(=O)c1ccc(Cl)cc1	1.0	1	0.97	0.104	0.977
3	CC(C)c1nc2nc(N)nn2c(O)c1Cc1cccc(Cl)c1	1.0	1	1.0	0.147	0.929
3	COc1nc(Cl)cnc1NS(=O)(=O)c1cccc(Br)c1	1.0	0	0.944	0.083	0.963
3	CCCCCc1nc2nc(N)nn2c(O)c1Cc1cccc(Cl)c1	1.0	1	0.999	0.166	0.937
3	Nc1nn2c(O)c(Cc3cccc(Cl)c3)c(C3CC3)nc2n1	1.0	1	1.0	0.161	0.922
3	O=C(c1ccncn1)c1cc(Cl)ccc1NS(=O)(=O)c1ccc(-c2ccccc2)cc1	1.0	0	0.905	0.092	0.974
3	CC(=O)C1=C(O)C(=O)N(c2ccc(Br)cc2F)C1c1cc(Cl)ccc1	1.0	0	1.0	0.093	0.925
3	COc1ccc(Cl)cc1S(=O)(=O)NCCN1CCC(O)(c2ccc(Cl)cc2)CC1C	1.0	0	0.751	0.058	0.828
3	Cc1c(NS(=O)(=O)c2ccc(-c3ccc(F)cc3)cc2)ccc[n+]1[O-]	1.0	0	0.774	0.074	0.97
3	Cc1ncccc1C(=O)c1cc(Cl)ccc1NS(=O)(=O)c1ccc(C(C)(C)C)cc1	1.0	0	0.936	0.084	0.973
3	CN(C)C(=O)CCc1ccc(S(=O)(=O)Nc2ccc(Cl)cc2C(=O)c2ccncc2)cc1	1.0	0	0.811	0.071	0.971
3	NC(=O)Cc1cc(Cl)ccc1NS(=O)(=O)c1ccc(N2CCOCC2)cc1	1.0	0	0.863	0.085	0.975
3	COc1c(N2C(=O)c3c(C2=O)c(NS(=O)(=O)c2ccc(C(C)(C)C)cc2)ccc3Cl)cccc1O	1.0	0	0.811	0.099	0.933
4	CCCCCc1nn2ccccc2n1=O	1.0	0	0.925	0.05	0.83
4	Cc1cc(C(=O)c2cc(Cl)ccc2NS(=O)(=O)c2ccc(C3(C)CCc4ccccc43)cc2)ccc1	1.0	0	0.005	0.005	0.904
4	Cc1c(C(=O)c2cc(Cl)ccc2)C(c2ccccc2)ccc1[B]cc1O	0.0	0	0.0	0.0	0.0
4	COc1nc(Cl)cnc1NS(=O)(=O)c1cccc(F)c1Cl	1.0	0	0.953	0.092	0.945
4	O=S(=O)(Nc1cc(Cl)c(Cl)cc1Cn1ccnn1)c1ccc(Cl)c(Cl)c1	1.0	1	0.989	0.103	0.951
4	CS(=O)(=O)c1ccc(S(=O)(=O)Nc2ccc(Cl)cc2C(=O)c2ccncc2)cc1	1.0	0	0.93	0.08	0.977
4	N#Cc1cccc(S(=O)(=O)N2C(=O)c3ccccc3C2(O)c2ccccc2)cc1	0.0	0	0.0	0.0	0.0
4	CC(C)(C)c1ccc(S(=O)(=O)Nc2ccc(Cl)cc2-c2c(O)c(C(N)=O)ccn2)cc1	1.0	0	0.922	0.088	0.955
4	O=C(O)CCc1ccc(S(=O)(=O)Nc2ccc(C(=O)N3CCCCC3)cc2)cc1	1.0	0	0.575	0.067	0.985
4	O=C(O)c1cc(Oc2ncc(Cl)cc2NS(=O)(=O)c2cc(C(F)(F)F)c(Cl)cc2)ccc1	1.0	0	0.914	0.065	0.96
4	Cc1cccc2c1S(=O)(=O)c1cccc(C=NO)c1C2	1.0	0	0.841	0.054	0.865
4	CCCC(=O)N1CCC(NS(=O)(=O)c2ccc(NC(=O)c3ccccc3N)c3ccccc23)CC1	1.0	0	0.524	0.056	0.965
4	Cn1nnnc1Cc1ccc(Cl)cc1NS(=O)(=O)c1cccc(Cl)c1	1.0	1	0.988	0.135	0.963
4	O=C(NS(=O)(=O)c1cc(Cl)ccc1)NS(=O)(=O)c1ccc(C#N)cc1	1.0	0	0.812	0.046	0.973
4	CC(C)(C)c1ccc(S(=O)(=O)Nc2cccc(C(F)(F)F)c2)cc1	1.0	0	0.907	0.058	0.985
4	CCCn1c(O)nc2c1cc(OC)c2[c]1OC	0.0	0	0.0	0.0	0.0
4	COc1nc(F)c(F)cc1NS(=O)(=O)c1cccc(Cl)c1Cl	1.0	1	0.971	0.124	0.955
4	CCCC(=O)C1=C(O)C(=O)N(c2ccc(C)cc2)C1C1CCCCC1	1.0	0	0.999	0.095	0.91
4	COc1c(NS(=O)(=O)c2c(Cl)c(F)cc(NS(=O)(=O)c3ccccc3)c3ccccc23)ncnc1	0.0	0	0.0	0.0	0.0
4	O=C(c1ccncc1)c1cc(Cl)ccc1NS(=O)(=O)c1ccc(Br)cc1	1.0	0	0.951	0.09	0.981
4	CCOC(=O)N1CCC(NS(=O)(=O)c2ccc(NC(=O)c3ccccc3)c3c2cccc3)CC1	1.0	0	0.575	0.07	0.974
4	O=C(O)c1ccccc1Oc1c(F)cccc1NS(=O)(=O)c1ccc(Cl)c(Cl)c1	1.0	0	0.933	0.082	0.973
4	CC(=O)N1CCC(NS(=O)(=O)c2ccc(NC(=O)c3c(C)cccc3)c3c2cccc3)CC1	1.0	0	0.667	0.056	0.973
4	CC(C)(C)c1ccc(S(=O)(=O)Nc2ccc(Cl)cc2-c2c(N)nccn2)cc1	1.0	0	0.932	0.088	0.966
4	Nc1nn2c(O)c(Cc3cccc(C(F)(F)F)c3)c(C3CC3)nc2n1	1.0	1	1.0	0.174	0.912
4	CCCC(=O)N1CCC(NS(=O)(=O)c2ccc(NC(=O)c3ncccc3)c3c2cccc3)CC1	1.0	0	0.538	0.06	0.965
4	COc1nccc(C(=O)c2cc(Cl)ccc2NS(=O)(=O)c2ccc(C(C)(C)C)cc2)c1	1.0	0	0.859	0.084	0.969
4	COc1ccc(S(=O)(=O)Nc2ccc(Cl)cc2C(=O)c2ccncc2)cc1	1.0	0	0.949	0.092	0.983
4	Cc1c(N2C(=O)c3c(C2=O)c(NS(=O)(=O)c2ccc(C(C)(C)C)cc2)ccc3Cl)ccnc1	1.0	0	0.853	0.098	0.943
4	N#Cc1cc(NS(=O)(=O)c2ccc(Cl)cc2)ccc1	1.0	0	0.913	0.076	0.989
4	COc1ccccc1Cc1c(O)n2nc(N)nc2nc1C1CC1	1.0	1	1.0	0.149	0.927
4	Cn1nnnc1Cc1ncc(Cl)cc1NS(=O)(=O)c1ccc(CN(CCCCN)C(=O)c2cccc3ccccc23)cc2	0.0	0	0.0	0.0	0.0
4	CC(C)(C)OC(=O)c1ccc(CS(=O)(=O)Nc2ccc(Cl)cc2)cc1	1.0	0	0.707	0.056	0.984
4	COc1ccc(C(=O)Nc2cccc(OC)c2)cc1O	1.0	0	0.88	0.051	0.992
4	CC(C)c1nc2nc(N)nn2c(O)c1Cc1cc(Cl)cc(Cl)c1	1.0	1	1.0	0.149	0.908
4	COc1ccc(Cn2nc(NS(=O)(=O)c3ccc(Cl)s3)c3c2cccc3OC)cc1	1.0	0	0.9	0.063	0.961
4	CC(C)(C)c1ccc(S(=O)(=O)Nc2ccc(Cl)c3c2C(=O)N(c2ccncc2)C3=O)cc1	1.0	0	0.88	0.083	0.952
4	O=C(O)c1c(Oc2nccnc2NS(=O)(=O)c2ccc(Cl)cc2)cccc1	1.0	1	0.887	0.103	0.974
4	COc1cc2c(cc1NS(=O)(=O)c1c(Cl)c(Cl)ccc1)nc(O)n2C1COC1	1.0	1	0.932	0.175	0.913
4	COc1ccc(NS(=O)(=O)c2ccc(NC(C)=O)cc2)cc1	1.0	0	0.907	0.076	0.992
4	COc1ccc(C(=O)c2cc(Cl)ccc2NS(=O)(=O)c2ccc(CCC(=O)N(C)C)cc2)cc1	1.0	0	0.817	0.066	0.976
4	CN(C)c1ncnc(N2CCC(Oc3ccc(C(C)(C)C)cc3)CC2)n1	1.0	0	0.848	0.081	0.957
4	Cc1ccc(CC(=O)Nc2ccc(S(=O)(=O)NC3CCNCC3)cc2)cc1	1.0	0	0.606	0.044	0.981
4	CC(C)c1nc2nc(N)nn2c(O)c1Cc1cc(Br)cc(Br)c1	1.0	1	0.999	0.128	0.884
4	COc1ccccc1C(=O)Nc1ccc(S(=O)(=O)Nc2ccccc2)cc1	1.0	0	0.729	0.059	0.991
4	COc1nc(Br)cnc1NS(=O)(=O)c1ccccc1	1.0	0	0.943	0.074	0.971
4	COc1ccc(NS(=O)(=O)c2ccc(N(C)C(=O)c3ccccc3)c3c2cccc3)cc1	1.0	0	0.846	0.083	0.979
4	COc1nc(Br)cnc1NS(=O)(=O)c1ccccc1[N+](=9	0.0	0	0.0	0.0	0.0
4	O=S1(=O)NC(Nc2ccc(Br)cc2)=Nc2c1cc(Cl)cc2O	1.0	0	0.912	0.056	0.876
4	O=S(=O)(Nc1cc(Cl)ccc1Cn1ccnn1)c1ccc(Cl)c(Cl)c1	1.0	1	0.99	0.102	0.963
4	COc1ccc(Cn2nc(NS(=O)(=O)c3ccc(Cl)s3)c3c2cccc3OC)cc1	1.0	0	0.9	0.063	0.961
4	O=C(O)c1c(-c2ccccc2)cccc1Oc1ccccc1	1.0	0	0.965	0.076	0.991
4	Cc1ncccc1Oc1nccc(O)c1C#N	1.0	0	0.92	0.056	0.94
4	CC(C)(C)c1ccc(S(=O)(=O)Nc2ccc(Cl)cc2C(=O)c2ccncn2)cc1	1.0	0	0.932	0.079	0.967
4	O=C(c1ncccn1)c1cc(Cl)ccc1NS(=O)(=O)c1ccc(Cl)cc1	1.0	0	0.953	0.093	0.974
4	COc1ccc(S(=O)(=O)Nc2ccc(Cl)cc2C(=O)c2ccncc2)cc1	1.0	0	0.949	0.092	0.983
4	CCCC(=O)C1=C(O)C(=O)N(c2ccc(C)cc2)C1C1CCCCC1	1.0	0	0.999	0.095	0.91
4	COc1cc(Oc2ccc(C(=O)c3ccccc3)cc2)ccn1	1.0	0	0.842	0.07	0.987
4	O=C(O)c1cc(Oc2ncc(Cl)cc2NS(=O)(=O)c2cc(C(F)(F)F)c(Cl)cc2)ccc1	1.0	0	0.914	0.065	0.96
4	Cc1ncccc1Oc1ncc(Cl)cc1NS(=O)(=O)c1ccc(Cl)c(Cl)c1	1.0	1	0.982	0.115	0.964
4	COc1cccc(NC(=O)NC2CCN(c3c(C)cccc3)CC2)c1	1.0	0	0.68	0.042	0.987
4	O=S1(=O)NC(Nc2ccccc2Br)=Nc2c1cc(Cl)cc2O	1.0	0	0.899	0.056	0.858
4	CC(=O)C1=C(O)C(=O)N(c2ccc(C(F)(F)F)cc2)C1C1CCCCC1	1.0	1	0.999	0.1	0.907
4	CC(C)c1ccc(S(=O)(=O)Nc2ccc(Cl)cc2-c2c(N)c[nH]n2)cc1	1.0	0	0.934	0.082	0.945
4	O=S1(=O)NC(Nc2ccccc2Br)=Nc2c1cc(Cl)cc2O	1.0	0	0.899	0.056	0.858
4	CC(C)(C)c1ccc(S(=O)(=O)Nc2ccc(Cl)cc2-c2c(O)c(C(N)=O)ccn2)cc1	1.0	0	0.922	0.088	0.955
4	Nc1nn2c(O)c(Cc3ccccc3F)c(CCc3ccccc3)nc2n1	1.0	1	0.998	0.152	0.948
4	O=C(O)c1ccccc1Oc1ccc(C(F)(F)F)cc1NS(=O)(=O)c1ccc(Cl)cc1	1.0	1	0.97	0.104	0.977
4	COc1nc(Br)cnc1NS(=O)(=O)c1cc(Cl)cc(Cl)c1	1.0	0	0.941	0.1	0.948
4	Cc1c(C(=O)Nc2ccc(S(=O)(=O)NC3CCN(C(=O)c4ccccc4)CC3)c3c2cccc3)cccc1	1.0	0	0.005	0.005	0.972
4	O=S(=O)(Nc1cc(Cl)c(Cl)cc1Cn1ccnn1)c1ccc(Cl)s1	1.0	1	0.987	0.112	0.931
4	CC(O)(COc1nc(-c2ccc(Cl)cc2)cs1)c1ccccc1Cl	1.0	0	0.909	0.051	0.906
4	CN1C(=O)c2c(C1=O)c(NS(=O)(=O)c1ccccc1)ncc2Cl	1.0	0	0.92	0.084	0.962
4	COc1ccccc1Cc1c(O)n2nc(N)nc2nc1C1CC1	1.0	1	1.0	0.149	0.927
4	CC(=O)c1ccc(S(=O)(=O)Nc2ccc(Cl)cc2C(=O)c2ccncc2)cc1	1.0	0	0.946	0.07	0.98
4	CC(=O)C1=C(O)C(=O)N(c2ccc(C)cc2)C1c1ccccc1Cl	1.0	0	1.0	0.095	0.953
4	Cc1ncccc1C(=O)c1cc(Cl)ccc1NS(=O)(=O)c1ccc(-c2ccccc2)cc1	1.0	0	0.912	0.079	0.978
4	Cc1cccc(C(=O)c2cc(Cl)ccc2NS(=O)(=O)c2ccc(C(C)(C)C)cc2)c1	1.0	0	0.953	0.09	0.98
4	COc1cc(N2C(=O)c3c(C2=O)c(NS(=O)(=O)c2ccc(C(C)(C)C)cc2)ccc3Cl)cnc1	1.0	0	0.764	0.092	0.939
4	O=C(C1=C(O)C(=O)N(c2ccc(Br)cc2)C1c1ccccc1)c1ccccc1	1.0	1	0.997	0.152	0.958
4	Cc1ccc(C(=O)c2cc(Cl)ccc2NS(=O)(=O)c2ccc(OC(C)C)cc2)cc1	1.0	0	0.938	0.076	0.982
4	Cc1nnc(Sc2ncccc2[N+](=O)[O-])nc1NS(=O)(=O)c1ccc(N(C)C)cc1	1.0	1	0.851	0.106	0.926
4	COc1ccccc1C(=O)Nc1ccc(S(=O)(=O)Nc2ccc(Cl)cc2)cc1	1.0	0	0.715	0.054	0.99
4	COCCOc1nn(C)c2[nH]nc(-c3cc(Cl)ccc3O)c12	1.0	0	0.886	0.066	0.907
4	CC(C)c1nc2nc(N)nn2c(O)c1Cc1cccc(Br)c1	1.0	1	0.999	0.136	0.921
4	CC(C)c1nc2nc(N)nn2c(O)c1Cc1cccc(Cl)c1	1.0	1	1.0	0.147	0.929
4	O=S(=O)(NCCCN1CCC(O)(c2ccc(Cl)cc2)CC1)c1c(F)cccc1	1.0	0	0.751	0.056	0.969
4	CS(=O)(=O)c1cc(NS(=O)(=O)c2ccc(Cl)cc2)ccc1N	1.0	1	0.918	0.106	0.981
4	O=C(C1=C(O)C(=O)N(c2ccc(Br)cc2)C1c1cc(F)ccc1)c1cccc(Cl)c1	1.0	1	0.996	0.188	0.935
4	CC(=O)C1=C(O)C(=O)N(c2ccc(Br)cc2F)C1c1cc(Cl)ccc1	1.0	0	1.0	0.093	0.925
4	Cc1ncc(C(=O)c2cc(Cl)ccc2NS(=O)(=O)c2ccc(Oc3ccc(Cl)cc3)cc2)cc1	1.0	0	0.812	0.062	0.974
4	CNc1nc(NS(=O)(=O)c2ccc(Cl)cc2)c2c(n1)SCCC2	1.0	0	0.926	0.096	0.926
4	CC(=O)c1ccc(S(=O)(=O)Nc2ccc(Cl)c(C(=O)c3ccccc3)c2)cc1	1.0	0	0.843	0.062	0.986
4	CC(C)(C)c1ccc(S(=O)(=O)NCc2ccc(C#N)c(F)c2)cc1	1.0	0	0.839	0.052	0.978
4	COc1c(NS(=O)(=O)c2cc(C(F)(F)F)ccc2)cccc1#	0.0	0	0.0	0.0	0.0
4	Nc1nn2c(O)c(Cc3cccc(Cl)c3)c(CCc3ccccc3)nc2n1	1.0	1	0.999	0.151	0.95
4	Nc1nn2c(O)c(Cc3cccc(Br)c3)c(CCCCN3CCCCC3)nc2n1	1.0	1	0.995	0.125	0.925
4	Cc1ncccc1Oc1ncc(Cl)cc1NS(=O)(=O)c1ccc(Cl)c(Cl)c1	1.0	1	0.982	0.115	0.964
4	CN(C)C(=O)CCc1ccc(S(=O)(=O)Nc2ccc(Cl)cc2C(=O)c2ccncc2)cc1	1.0	0	0.811	0.071	0.971
4	CC(C)(C)c1ccc(S(=O)(=O)Nc2ccc(F)cc2C(=O)c2cc(Cl)ccc2)cc1	1.0	0	0.953	0.091	0.979
5	CC(C)c1nc2nc(N)nn2c(O)c1Cc1cccc(Cl)c1	1.0	1	1.0	0.147	0.929
5	COc1nn(C)c2cc(NS(=O)(=O)c3cc(Cl)ccc3Cl)ccc12	1.0	0	0.94	0.084	0.966
5	COc1ccc(-n2c(O)c(N=NC(=O)c3ccccc3)c3ccccc32)cc1	1.0	0	0.953	0.095	0.96
5	CN(C)C(=O)C1(c2ccc(Cl)cc2)CCOCC1(	0.0	0	0.0	0.0	0.0
5	COCC(=O)N1CCC(NS(=O)(=O)c2ccc(NC(=O)c3ccccc3C)c3ccccc23)CC1	1.0	0	0.538	0.061	0.968
5	COC(=O)C1=C(O)C(=O)N(c2ccc(C)cc2)C1c1cc(Cl)cc(Cl)c1	1.0	0	1.0	0.1	0.934
5	COc1c(Oc2ccc(Cl)cc2S(=O)(=O)Nc2c(Cl)cccc2)ccc1	0.0	0	0.0	0.0	0.0
5	Nc1nn2c(O)c(Cc3cccc(F)c3)c(C3CC3)nc2n1	1.0	1	1.0	0.164	0.921
5	COc1nc(OC)c(N2C(=O)c3c(C2=O)c(NS(=O)(=O)c2ccc(C(C)(C)C)cc2)ccc3Cl)cc1	1.0	0	0.005	0.005	0.925
5	COc1c(NS(=O)(=O)c2c(Cl)c(Cl)cc(Cl)c2)cccc1	1.0	0	0.963	0.092	0.983
5	CCc1ccc(N2C(=O)C(O)=C(C(C)=O)C2C2CCCCC2)cc1	1.0	0	0.999	0.09	0.925
5	CC(=O)C1=C(O)C(=O)N(c2ccc(C(F)(F)F)cc2)C1C1CCCCC1	1.0	1	0.999	0.1	0.907
5	CC(=O)C1=C(O)C(=O)N(c2ccc(C)cc2F)C1C1CCCCC1	1.0	1	1.0	0.101	0.903
5	CC(=O)OCC(C)(C)c1ccc(S(=O)(=O)Nc2ccc(Cl)cc2C(=O)c2ccncc2)cc1	1.0	0	0.774	0.074	0.957
5	COc1ccc(NS(=O)(=O)c2ccc(N(C)C(=O)c3ccccc3)c3c2cccc3)cc1	1.0	0	0.846	0.083	0.979
5	Cc1c(Oc2ccc(Cl)cc2NS(=O)(=O)c2ccc(Cl)c(C(F)(F)F)c2)ccc(c1	0.0	0	0.0	0.0	0.0
5	C=Cc1cccn1Cc1cc(NS(=O)(=O)c2ccc(Cl)s2)ccc1	1.0	0	0.906	0.071	0.949
5	COc1nc(Cl)cnc1NS(=O)(=O)c1cccc(Cl)c1Cl	1.0	0	0.953	0.091	0.955
5	O=C(O)c1ccc(Oc2ccccc2)cc1=NS(=O)(=O)c1ccccc1C	0.0	0	0.0	0.0	0.0
5	O=C(NC1=NCCN1)c1cccc(F)c1	1.0	0	0.834	0.033	0.973
5	COc1cc(-c2c(C)c(NS(=O)(=O)c3ccc(C)cc3)no2)ccc1	1.0	0	0.778	0.066	0.974
5	COc1ccc(S(=O)(=O)Nc2ccc(Cl)cc2C(=O)c2ccncc2)cc1	1.0	0	0.949	0.092	0.983
5	Cc1c(C(=O)Nc2ccc(S(=O)(=O)NC3CCN(C(=O)C4CCCC4)CC3)c3c2cccc3)cccc1	1.0	0	0.005	0.005	0.966
5	O=S(=O)(Nc1cc(Cl)ccc1Cn1cccn1)c1ccc(Cl)cc1	1.0	1	0.989	0.113	0.978
5	Cc1ncc(-c2cc(C(=O)Nc3ccc(Cl)cc3)ccc2N2CCCCC2)n1C	1.0	0	0.831	0.076	0.97
5	CNc1c(-c2cc(Cl)ccc2NS(=O)(=O)c2ccc(C(C)(C)C)cc2)nccn1	1.0	0	0.944	0.096	0.96
5	CNc1c(-c2cc(Cl)ccc2NS(=O)(=O)c2ccc(C(C)(C)C)cc2)nccn1	1.0	0	0.944	0.096	0.96
5	O=S(=O)(Nc1cc(Cl)c(Cl)cc1Cn1ccnn1)c1ccc(Cl)s1	1.0	1	0.987	0.112	0.931
5	COc1nc(CO)cnc1NS(=O)(=O)c1cccc(Cl)c1Cl	1.0	0	0.965	0.086	0.952
5	Cc1cccc(C(=O)c2cc(Cl)ccc2NS(=O)(=O)c2ccc(C3(C)CCOCC3)cc2)n1	1.0	0	0.836	0.085	0.94
5	CC(C)(C)c1ccc(S(=O)(=O)Nc2ccc(Cl)c3c2C(=O)N(c2c(F)nccc2)C3=O)cc1	1.0	0	0.848	0.1	0.937
5	COc1cccc2c1c(NS(=O)(=O)c1ccc(Cl)s1)nn2Cc1cccc(CO)c1	1.0	0	0.922	0.086	0.95
5	O=S(=O)(Nc1ncc(Cl)nc1OCCO)c1ccc(Cl)c(F)c1	1.0	1	0.956	0.102	0.949
5	Cc1ncc(N2C(=O)c3c(C2=O)c(NS(=O)(=O)c2ccc(C(C)(C)C)cc2)ccc3Cl)cc1	1.0	0	0.826	0.096	0.946
5	Cc1ccncc1-c1cc(Cl)ccc1NS(=O)(=O)c1ccc(Cl)c(Cl)c1	1.0	1	0.973	0.125	0.974
5	CC(C)(C)c1ccc(S(=O)(=O)Nc2ccc(Cl)c3c2C(=O)N(Cc2ncccc2)C3=O)cc1	1.0	0	0.816	0.076	0.953
5	Cc1ccc(N2C(=O)C(O)=C(C(=O)C(C)C)C2c2ccccc2F)cc1	1.0	1	0.999	0.108	0.937
5	N#Cc1ccc(OCc2cc(C(F)(F)F)ccc2)cc1	1.0	0	0.911	0.047	0.988
5	CS(=O)(=O)c1cc(Cl)ccc1NS(=O)(=O)c1cccc(Cl)c1	1.0	0	0.951	0.082	0.982
5	CC(=O)c1ccc(S(=O)(=O)Nc2ccc(Cl)cc2C(=O)c2ccncc2)cc1	1.0	0	0.946	0.07	0.98
5	O=C(c1cccnc1)c1cc(Cl)ccc1NS(=O)(=O)c1ccc(-c2ccccc2)cc1	1.0	0	0.919	0.089	0.981
5	CC(=O)NCc1cc(Cn2nc(NS(=O)(=O)c3ccc(Cl)s3)c3c(C(C)O)cccc32)ccc1	1.0	0	0.857	0.098	0.844
5	Nc1nn2c(O)c(Cc3cc(F)ccc3F)cc(C(F)(F)F)nc2c1Cl	0.0	0	0.0	0.0	0.0
5	O=C(O)c1ccccc1Oc1ccc(Cl)cc1NS(=O)(=O)c1ccc(Cl)c(Cl)c1	1.0	0	0.937	0.08	0.98
5	COCC(=O)N1CCC(NS(=O)(=O)c2ccc(NC(=O)c3ccccc3C)c3ccccc23)CC1	1.0	0	0.538	0.061	0.968
5	COc1c(NS(=O)(=O)c2c(Cl)c(Cl)cc(Cl)c2)cccc1Cl	1.0	0	0.976	0.096	0.972
5	CN(C)c1ccc(S(=O)(=O)Nc2ccc(Cl)cc2C(=O)c2ccncc2)cc1	1.0	1	0.957	0.1	0.977
5	N#Cc1ccc(N2CCC(NS(=O)(=O)c3ccc(Cl)s3)CC2)cc1	1.0	0	0.763	0.058	0.969
5	CC(C)(C)c1ccc(S(=O)(=O)Nc2cc(Cl)ccc2C(=O)c2ccncc2)cc1	1.0	0	0.95	0.097	0.976
5	CCOc1cnc(NS(=O)(=O)c2ccc(Cl)cc2)cc1	1.0	0	0.926	0.088	0.986
5	COc1ccc(N2C(=O)C(O)=C(C(C)=O)C2C2CCCCC2)cc1	1.0	0	0.999	0.094	0.931
5	CCOc1cnc(NS(=O)(=O)c2ccc(C(C)(C)C)cc2)cn1	1.0	0	0.934	0.054	0.972
5	CC(=O)C1=C(O)C(=O)N(c2ccc(F)cc2F)C1C1CCCCC1	1.0	1	1.0	0.101	0.902
5	O=C(c1ncccn1)c1cc(Cl)ccc1NS(=O)(=O)c1ccc(-c2cnco2)cc1	1.0	0	0.9	0.088	0.949
5	COC(=O)C1=C(O)C(=O)N(c2ccc(C)cc2)C1C1CCCCC1	1.0	0	0.999	0.096	0.928
5	O=C(Nc1ccncc1)Nc1cccc2c1cc(Cl)cc2	1.0	0	0.86	0.046	0.987
5	CCc1nc2nc(N)nn2c(O)c1Cc1cccc(Cl)c1	1.0	1	1.0	0.158	0.935
5	N#CC1OC2OC(C)(C(=O)O)CCC2C1COC(=O)c1ccccc1	1.0	0	0.945	0.075	0.359
5	CCOc1ccc(CSc2nc(N)nc(N)n2)cc1	1.0	0	0.964	0.055	0.978
5	CCc1ncccc1C(=O)c1cc(Cl)ccc1NS(=O)(=O)c1ccc(C(C)(C)C)cc1	1.0	0	0.916	0.08	0.968
5	CNS(=O)(=O)c1ccc(CCC(NC(=O)C(c2ccccc2)c2ccccc2)C(=O)Nc2ccccc2)cc1	1.0	0	0.005	0.005	0.934
5	Cc1c(C(=O)Nc2ccc(S(=O)(=O)NC3CCN(C(=O)N4CCC4)CC3)c3c2cccc3)cccc1	1.0	0	0.005	0.005	0.964
5	N#Cc1c(N2CCCCC2)nc(Cl)cc1CCC#N	1.0	0	0.931	0.089	0.928
5	O=S(=O)(Nc1cc(Cl)c(Cl)cc1Cn1ccnn1)c1cc(Cl)cc2nc(O)c(O)cc12	1.0	0	0.882	0.085	0.864
5	O=S(=O)(NCCCN1CCC(O)(c2ccc(Cl)cc2)CC1)c1c(Br)cccc1	1.0	0	0.713	0.054	0.966
5	O=S(=O)(Nc1cc(Cl)ccc1Cn1ccnn1)c1ccc(Cl)c(Cl)c1	1.0	1	0.99	0.102	0.963
5	CN1C(=O)C(c2ccc(Cl)cc2)NS1(=O)=O	1.0	0	0.982	0.054	0.819
5	COc1nc(F)cnc1NS(=O)(=O)c1cccc(Cl)c1	1.0	0	0.955	0.09	0.961
5	COC(=O)CCc1ccc(S(=O)(=O)c2ccc(OCC(N)=O)cc2)cc1	1.0	0	0.751	0.046	0.983
5	Cc1cc(C(=O)c2cc(Cl)ccc2NS(=O)(=O)c2ccc(OC(C)C)cc2)ccc1	1.0	0	0.88	0.07	0.98
5	Cc1cnc(N2CCC(C)(O)CC2)cc1	1.0	0	0.934	0.05	0.966
5	CCn1nc2ncnc(NS(=O)(=O)c3c(Cl)c(Cl)ccc3)c2c1	1.0	0	0.958	0.095	0.941
5	O=C1c2c(cccc2N1)c1ccccc1	1.0	0	0.95	0.05	0.988
5	COc1cc2c(cc1NS(=O)(=O)c1c(Cl)c(Cl)ccc1)n(C)c(O)n2	1.0	1	0.971	0.124	0.948
5	O=C(NCCN1CCCCC1)c1ccc(Oc2ccc(Cl)cc2NS(=O)(=O)c2ccc(Cl)c(Cl)c2)cc1	1.0	0	0.005	0.005	0.97
5	Cc1ccccc1C(=O)Nc1ccncc1Sc1ccccc1Cl	1.0	0	0.982	0.076	0.979
5	CC(C)(C)OC(=O)N1CCC(NS(=O)(=O)c2ccc(NC(=O)c3ccccc3)c3c2cccc3)CC1	1.0	0	0.005	0.005	0.97
5	O=C1c2c(C(=O)N1c1cnccc1)c(NS(=O)(=O)c1cc(C(F)(F)F)c(Cl)cc1)ccc2	1.0	0	0.802	0.093	0.954
5	O=C(c1ccncc1)c1cc(Cl)ccc1NS(=O)(=O)c1ccc(-c2ccc(-c3ccccc3)cc2)cc1	1.0	0	0.005	0.005	0.976
5	O=C(O)c1ccc(Oc2ccc(Cl)cc2NS(=O)(=O)c2ccc(C(C)(C)C)cc2)cc1	1.0	0	0.951	0.073	0.98
5	COc1cc2c(cc1NS(=O)(=O)c1c(Cl)c(Cl)ccc1)nc(O)n2C1CNC1	1.0	1	0.922	0.12	0.911
5	CCCCCCCc1nc2nc(N)nn2c(O)c1Cc1cccc(Cl)c1	1.0	1	0.997	0.133	0.937
5	O=C(O)c1cccc(OS(=O)(=O)c2ccc(Cl)cc2)cc1	0.0	0	0.0	0.0	0.0
5	Cc1c(C(=O)c2cc(Cl)ccc2NS(=O)(=O)c2ccc(OC(C)C)cc2)ccc[n+]1[O-]	1.0	0	0.843	0.064	0.949
5	Cc1nnnn1Cc1ccc(Cl)cc1NS(=O)(=O)c1ccc(C(C)(C)C)cc1	1.0	0	0.971	0.098	0.961
5	COc1c(NS(=O)(=O)c2ccc(Cl)cc2)cccc1	1.0	0	0.972	0.07	0.993
5	Cc1ccc(N2C(=O)C(O)=C(C(=O)c3ccccc3)C2C2CCCCC2)cc1	1.0	1	0.997	0.173	0.933
5	CCCC(=O)C1=C(O)C(=O)N(c2ccc(C)cc2)C1C1CCCCC1	1.0	0	0.999	0.095	0.91
5	Cc1c(C(=O)Nc2ccc(S(=O)(=O)NC3CCN(C(=O)CCCN4CCOCC4)CC3)c3c2cccc3)cccc1	1.0	0	0.005	0.005	0.952
5	Cn1nnnc1Cc1ncc(Cl)cc1NS(=O)(=O)c1ccc(-c2cncnc2)cc1	1.0	0	0.954	0.099	0.924
5	COCc1c(-c2cc(Cl)ccc2NS(=O)(=O)c2ccc(S(C)(=O)=O)cc2)cccn1	1.0	0	0.894	0.083	0.965
5	COc1cc2c(cc1NS(=O)(=O)c1c(Cl)c(Cl)ccc1)nn2Cc1cccc(OCc2cc(Br)ccc2)c1	0.0	0	0.0	0.0	0.0
5	O=C(c1ccncc1)c1cc(Cl)ccc1NS(=O)(=O)c1ccc(-c2cocc2)cc1	1.0	0	0.913	0.083	0.968
5	COc1nc(Br)cnc1NS(=O)(=O)c1ccccc1Cl	1.0	0	0.947	0.082	0.963
5	COc1cccc2c1c(NS(=O)(=O)c1ccc(Cl)s1)nn2Cc1cccc(CN)c1	1.0	0	0.921	0.077	0.949
5	Cc1ccc(N2C(=O)C(O)=C(C(C)=O)C2C2CCCCC2)cc1	1.0	0	1.0	0.093	0.929
5	COC(=O)CCc1ccc(S(=O)(=O)Nc2ccc(Cl)cc2C(=O)c2ccncc2)cc1	1.0	0	0.789	0.074	0.975
5	COc1nc(F)cnc1NS(=O)(=O)c1cccc(Cl)c1Cl	1.0	1	0.953	0.109	0.948
5	O=S(=O)(Nc1cc(Cl)ccc1Cn1ccnn1)c1ccccc1Cl	1.0	1	0.985	0.118	0.966
5	COc1nc(Br)cnc1NS(=O)(=O)c1ccc(Cl)cc1	1.0	0	0.949	0.099	0.968
6	CC(=O)C1=C(O)C(=O)N(c2ccc(Br)cc2F)C1c1cc(Br)ccc1	1.0	1	0.999	0.116	0.918
6	CC(C)(C)c1ccc(S(=O)(=O)Nc2ccc(Cl)cc2-c2c(O)c(CO)ccn2)cc1	1.0	0	0.918	0.094	0.952
6	O=C(O)c1c(Oc2ccccc2NS(=O)(=O)c2ccc(Cl)cc2)cccc1	1.0	0	0.973	0.099	0.986
6	COc1nc(Br)cnc1NS(=O)(=O)c1ccc(Cl)cc1Cl	1.0	1	0.947	0.1	0.956
6	COc1c(NS(=O)(=O)c2cc(Cl)c(N)cc2)cccc1	1.0	0	0.944	0.06	0.987
6	CC(C)c1nc2nc(N)nn2c(O)c1Cc1cccc(Cl)c1	1.0	1	1.0	0.147	0.929
6	O=S(=O)(NCCCN1CCC(O)(c2ccc(Cl)cc2)CC1)c1c(Br)cccc1	1.0	0	0.713	0.054	0.966
6	COc1nccnc1NS(=O)(=O)c1cccc(Cl)c1Cl	1.0	1	0.953	0.107	0.968
6	Cc1ncc(CN2C(=O)c3c(C2=O)c(NS(=O)(=O)c2ccc(C(C)(C)C)cc2)ccc3Cl)cc1	1.0	0	0.806	0.082	0.949
6	COCCNS(=O)(=O)c1c(Cl)ccc(Cl)c1Cl	1.0	0	0.922	0.049	0.971
6	O=C(O)c1c(Oc2ncccc2NS(=O)(=O)c2ccc(Cl)cc2)cccc1	1.0	1	0.944	0.109	0.981
6	CC(C)(C)c1ccc(C(=O)Nc2ccc(C(=O)O)cc2)cc1	1.0	0	0.739	0.038	0.992
6	CCS(=O)(=O)c1ccc(Cn2cc(Cl)cn2)cc1	1.0	0	0.892	0.055	0.98
6	CC(C)(C)c1ccc(S(=O)(=O)Nc2ccc(Cl)cc2-c2c(O)cccn2)cc1	1.0	0	0.942	0.081	0.97
6	CC(C)(C)c1ccc(S(=O)(=O)Nc2ccc(Cl)cc2C(=O)c2ccnc(C#N)c2)cc1	1.0	0	0.846	0.083	0.962
6	O=S(=O)(Nc1cc(Cl)ccc1Cn1ccnn1)c1csc2ccc(Cl)cc12	1.0	1	0.984	0.134	0.93
6	O=C(O)c1ccccc1Oc1ccc(Cl)cc1NS(=O)(=O)c1ccc(Cl)c(Cl)c1	1.0	0	0.937	0.08	0.98
6	COc1c(NS(=O)(=O)c2cc(Cl)c(Cl)s2)cc(Cl)c2ncnc12	0.0	0	0.0	0.0	0.0
6	CCOc1ccc(C=NNc2c([N+](=O)[O-])cccc2)cc1	1.0	0	0.874	0.056	0.985
6	CC(C)(C)c1ccc(S(=O)(=O)Nc2ccc(Cl)cc2C(=O)c2ccccn2)cc1	1.0	0	0.944	0.083	0.976
6	Cc1cc(Oc2ncccc2NS(=O)(=O)c2ccc(NC(C)=O)cc2)ccc1	1.0	0	0.899	0.096	0.981
6	CC(C)c1nc2nc(N)nn2c(O)c1Cc1cc(Br)cc(Cl)c1	1.0	1	0.999	0.138	0.89
6	CCOC1(C)CCC2(C)C(CCC3C2CCC2(C)C(C(C)N(C)c4ccc(C)cc4)CCC32)C1CO	1.0	0	0.005	0.005	0.168
6	O=C(O)c1ccccc1Oc1ccc(Cl)cc1NS(=O)(=O)c1ccc(Cl)c(Cl)c1	1.0	0	0.937	0.08	0.98
6	CCCC(=O)N1CCC(NS(=O)(=O)c2ccc(NC(=O)C3CCCC3)c3ccccc23)CC1	1.0	0	0.655	0.059	0.967
6	O=C(O)c1ccccc1Oc1ncc(Cl)cc1NS(=O)(=O)c1ccc(Cl)c(Cl)c1	1.0	1	0.921	0.132	0.971
6	Cc1cc(Oc2ccc(C(=O)c3ccccc3)cc2)c(C(=O)c2ccsc2)cc1	1.0	0	0.913	0.073	0.979
6	COc1ccc(Cc2c(O)n3nc(N)nc3nc2C2CC2)cc1	1.0	1	1.0	0.151	0.936
6	O=C(O)c1c(Oc2ccc(Cl)cc2NS(=O)(=O)c2ccc(Cl)s2)cccc1	1.0	0	0.974	0.089	0.974
6	COc1ccc(Cc2c(O)n3nc(N)nc3nc2C2CC2)cc1Cl	1.0	1	1.0	0.156	0.92
6	Cc1ncc(C(=O)c2cc(Cl)ccc2NS(=O)(=O)c2ccc(C(C)(C)C)cc2)cc1	1.0	0	0.936	0.085	0.974
6	CCC(CC)CC(=O)Nc1ccc(S(=O)(=O)Nc2cc(N)nc(N)n2)cc1	1.0	0	0.518	0.041	0.955
6	Cc1nc(NCCO)c(-c2cc(Cl)ccc2NS(=O)(=O)c2ccc(C(C)(C)C)cc2)nc1	1.0	0	0.868	0.088	0.947
6	Cc1c(C(=O)c2cc(Cl)ccc2NS(=O)(=O)c2ccc(C(C)(C)C)cc2)cccn1	1.0	0	0.936	0.084	0.973
6	COc1ccc(NS(=O)(=O)c2ccc(C)c(C)c2)cc1	1.0	0	0.948	0.1	0.992
6	COc1nccn1C	1.0	0	0.697	0.033	0.929
6	COc1cc2c(cc1NS(=O)(=O)c1c(Cl)c(Cl)ccc1)nc(O)n2C1	0.0	0	0.0	0.0	0.0
6	COc1ccc(C(=O)Cn2cnc(Cl)c2Cl)cc1Cl	1.0	0	0.882	0.051	0.971
6	Cc1ccncc1CN1C(=O)c2c(C1=O)c(NS(=O)(=O)c1ccc(C(C)(C)C)cc1)ccc2	1.0	0	0.816	0.076	0.957
6	CC(=O)C1=C(O)C(=O)N(c2ccc(C)cc2F)C1c1ccc(Cl)cc1Cl	1.0	1	1.0	0.106	0.921
6	COc1ccc(CN2C(=O)c3c(C2=O)c(NS(=O)(=O)c2ccc(C(C)(C)C)cc2)ccc3Cl)cc1	1.0	0	0.793	0.077	0.961
6	O=C(NS(=O)(=O)c1ccc(Cl)cc1)N1CCC(O)(Cn2cccn2)CC1	1.0	0	0.754	0.039	0.943
6	Cc1c(C(=O)c2cc(Cl)ccc2NS(=O)(=O)c2ccc(C(C)(C)C)cc2)ccc[n+]1[O-]	1.0	0	0.912	0.081	0.948
6	COc1ccc(S(=O)(=O)Nc2ccc(Cl)cc2C(=O)c2nccn2-c2ccccc2)cc1	1.0	0	0.866	0.093	0.969
6	COc1ccc(SCc2nc(O)cc(NS(=O)(=O)c3cccc(C(C)(C)C)c3)n2)cc1	1.0	0	0.712	0.054	0.946
6	CC1CCCCN1C(=O)C(CCn1ccc(=O)cc1Nc1ccccc1)Sc1nc(O)c2ccccc2n1	1.0	0	0.005	0.005	0.637
6	Nc1nnc(CCC(=O)c2ccccc2)n1-c1ccccn1	1.0	0	0.904	0.084	0.971
6	Cc1ccc(-c2ccc(S(=O)(=O)NC(c3ccccc3)C(C)(C)C)cc2)cc1	1.0	0	0.907	0.073	0.958
6	CCCCCCOc1ccc(Cl)cc1CS(=O)(=O)CCO	1.0	0	0.723	0.035	0.973
6	COc1c(NS(=O)(=O)c2ccc(Cl)s2)ncc2c1cc(C(=O)O)c1ccccc12	1.0	0	0.788	0.069	0.948
6	CN1CCC(O)(C(=O)c2ccc(Cl)cc2)C1	1.0	0	0.897	0.058	0.906
6	N#CC1CCCCC1Cc1ccc(Cl)c(Cl)c1	1.0	0	0.969	0.059	0.871
6	CCNc1c(-c2cc(Cl)ccc2NS(=O)(=O)c2ccc(C(CC)(C)C)cc2)cccn1	1.0	0	0.926	0.093	0.958
6	Nc1nn2c(O)c(Cc3cccc(Cl)c3)c(CCc3ccccc3)nc2n1	1.0	1	0.999	0.151	0.95
6	CC(=O)C1=C(O)C(=O)N(c2cc(Cl)ccc2)C1C1CCCCC1	1.0	0	0.999	0.093	0.92
6	O=C(O)c1ccccc1Oc1ccc(C(F)(F)F)cc1NS(=O)(=O)c1ccc(Cl)cc1	1.0	1	0.97	0.104	0.977
6	O=C(O)c1c(Oc2cnccc2NS(=O)(=O)c2ccc(Cl)c(Cl)c2)cccc1	1.0	0	0.916	0.081	0.972
6	CC(C)(C)c1ccc(S(=O)(=O)Nc2ccc(Cl)cc2-c2c(O)cnc(N)n2)cc1	1.0	0	0.94	0.088	0.953
6	COc1c(NS(=O)(=O)c2cc(Cl)c(N)cc2)ccc[n+]1[O-]	1.0	0	0.921	0.07	0.925
6	Cc1ccc(C(=O)c2cc(Cl)ccc2NS(=O)(=O)c2ccc(S(C)(=O)=O)cc2)cc1	1.0	0	0.938	0.085	0.982
6	CC(=O)C1=C(O)C(=O)N(c2cc(Cl)cc(Cl)c2)C1C1CCCCCC1	1.0	0	1.0	0.092	0.895
6	O=C(NCCc1c(-c2ccccc2)nc2nccnc12)OCCn1ncc2ccccc21	0.0	0	0.0	0.0	0.0
6	O=C(O)c1cnc(N2C(=O)c3c(C2=O)c(NS(=O)(=O)c2ccc(C(C)(C)C)cc2)ccc3Cl)cc1	1.0	0	0.755	0.085	0.942
6	CCCc1nc2nc(N)nn2c(O)c1Cc1ccccc1	1.0	1	1.0	0.178	0.947
6	COc1cc2c(cc1NS(=O)(=O)c1c(Cl)c(Cl)ccc1)nc(O)n2CCN(C)CC	1.0	1	0.928	0.101	0.924
6	Cc1cc(NS(=O)(=O)c2ccc(Cl)cc2)no1	1.0	0	0.942	0.062	0.985
6	CC(C)(C)c1ccc(S(=O)(=O)Nc2ccc(Cl)cc2-c2c(O)cccn2)cc1	1.0	0	0.942	0.081	0.97
6	O=C(O)c1ccc(Oc2ccc(Cl)cc2NS(=O)(=O)c2ccc(Cl)cc2)cc1	1.0	0	0.961	0.1	0.986
6	O=C(c1cnc(Cl)cc1)c1cc(Cl)ccc1NS(=O)(=O)c1ccc(Cl)cc1	1.0	0	0.957	0.083	0.979
6	CC(=O)NCc1c(C(=O)N2CCC(N3CCCC3)CC2)nc2ccccc12	0.0	0	0.0	0.0	0.0
6	CCCCCNS(=O)(=O)c1ccc(NS(=O)(=O)c2ccc(C(=O)Cc3ccccc3)cc2)cc1	1.0	0	0.462	0.045	0.979
6	Cc1cc(N2C(=O)c3c(C2=O)c(NS(=O)(=O)c2ccc(C(C)(C)C)cc2)ccc3Cl)cnc1	1.0	0	0.797	0.096	0.939
6	COc1ccc(NS(=O)(=O)c2ccc(NC(=O)N3CCCC3)cc2)cc1	1.0	0	0.693	0.051	0.988
6	O=C(O)c1ccc(S(=O)(=O)NCCCCc2ccccc2)cc1	1.0	0	0.742	0.041	0.99
6	CCCCCCCc1nc2nc(N)nn2c(O)c1Cc1cccc(Cl)c1	1.0	1	0.997	0.133	0.937
6	CC(C)Oc1ccc(S(=O)(=O)Nc2ccc(Cl)cc2C(=O)c2cnccc2)cc1	1.0	0	0.85	0.063	0.977
6	O=C(O)c1ccccc1Oc1ccc(C(=O)Nc2ccc(Cl)cc2)cc1	1.0	0	0.846	0.044	0.991
6	CC(C)c1nc2nc(N)nn2c(O)c1Cc1cc(Br)cc(F)c1	1.0	1	0.999	0.139	0.894
6	CC(=O)C1=C(O)C(=O)N(c2cc(C)c(F)cc2)C1c1cc(Br)ccc1C	1.0	0	0.999	0.1	0.915
6	O=S(=O)(NCCCN1CCC(O)CC1)c1ccccc1C(F)(F)F	1.0	0	0.842	0.052	0.972
6	Cc1cccc(C(=O)c2cc(Cl)ccc2NS(=O)(=O)c2ccc(C(C)(C)c3ncco3)cc2)nc1	0.0	0	0.0	0.0	0.0
6	Cc1ccc(N2C(=O)C(O)=C(C(=O)C3CC3)C2C2CCCCC2)cc1	1.0	0	0.999	0.099	0.914
6	CC(C)(C)c1ccc(S(=O)(=O)Nc2ccc(Cl)cc2-c2c(O)c(N)ncn2)cc1	1.0	0	0.927	0.088	0.952
6	O=C(c1ccncn1)c1cc(Cl)ccc1NS(=O)(=O)c1ccc(-c2ccccc2)cc1N	1.0	0	0.874	0.084	0.962
6	CCNS(=O)(=O)c1ccc(CNC(=O)c2cccc3c2cccc3O)cc1	1.0	0	0.8	0.055	0.982
6	Cn1cc(C(=O)c2cc(Cl)ccc2NS(=O)(=O)c2ccc(Cl)cc2)ccc1	0.0	0	0.0	0.0	0.0
6	O=C(O)c1ccccc1Oc1ncc(Cl)cc1NS(=O)(=O)c1ccc(Cl)cc1	1.0	1	0.948	0.109	0.976
6	Nc1nn2c(O)c(Cc3cccc(Br)c3)c(C3CC3)nc2n1	1.0	1	1.0	0.149	0.913
6	CCc1ncccc1Oc1nc(Cl)ccc1S(=O)(=O)NC	1.0	0	0.907	0.048	0.933
6	O=C(CN1CCCCC1)c1ccccc1	1.0	0	0.931	0.049	0.993
6	O=S(=O)(Nc1cc(Cl)ccc1Cn1ccnn1)c1ccc(Cl)c21Oc1ccccc1O2	1.0	0	0.83	0.085	0.626
6	CC(=O)C1=C(O)C(=O)N(c2ccc(C)cc2)C1c1cc(Br)cc(Cl)c1	1.0	1	0.999	0.119	0.925
6	O=C(O)c1ccccc1Oc1ncc(Cl)cc1NS(=O)(=O)c1ccc(Cl)c(Cl)c1	1.0	1	0.921	0.132	0.971
6	O=C(NCCN1CCCC1)c1ccccc1OC1CCCC1=O	1.0	0	0.904	0.062	0.942
6	COc1ccc(C(=O)Nc2ccc(C(=O)c3ccccc3)cc2)cc1	1.0	0	0.733	0.056	0.993
6	Cc1cc(NS(=O)(=O)c2ccc(C(=O)NCCC(=O)O)cc2)ccc1	1.0	0	0.695	0.046	0.988
6	CC(C)(C)c1ccc(S(=O)(=O)Nc2ccc(Cl)c3c2C(=O)N(c2c(F)cccc2F)C3=O)cc1	1.0	1	0.872	0.107	0.943
6	CCc1nc2nc(N)nn2c(O)c1Cc1cc(Br)cc(OC)c1	1.0	1	0.999	0.141	0.913
6	COc1c(NS(=O)(=O)c2cc(Cl)c(N)cc2)cccc1	1.0	0	0.944	0.06	0.987
6	COc1c(S(=O)(=O)NC(=O)N2CCC(N3CCCCC3)CC2)cccc1	1.0	0	0.72	0.044	0.973
7	COc1c2c(NS(=O)(=O)c3ccc(Cl)cc3)nn(Cc3cccc(NC(=O)CCNC(=O)Oc4ccccc4)c3)c2ccc1	1.0	0	0.005	0.005	0.942
7	CC(C)(C)c1ccc(S(=O)(=O)Nc2ccc(Cl)cc2-c2c(O)cccn2)cc1	1.0	0	0.942	0.081	0.97
7	COc1ccc(S(=O)(=O)NCc2ccc(C(=O)Nc3ccc(Cl)cc3N)cc2)cc1	1.0	0	0.56	0.04	0.984
7	O=S(=O)(Nc1ncc(Cl)nc1OCc1cc(Br)ccc1)c1ccc(Cl)cc1	1.0	0	0.911	0.093	0.966
7	COc1ncc(CN2C(=O)c3c(C2=O)c(NS(=O)(=O)c2ccc(Cl)cc2)c(O)ccc3Cl)cc1	0.0	0	0.0	0.0	0.0
7	O=C(Nc1ccccc1)c1ccccc1C(=O)c1ccccc1	1.0	0	0.93	0.072	0.994
7	COc1cccc2c1c(NS(=O)(=O)c1ccc(Cl)s1)nn2Cc1cccc(CN)c1	1.0	0	0.921	0.077	0.949
7	CCC(C)NS(=O)(=O)c1ccc(CNC(=O)c2ccccc2)cc1	1.0	0	0.764	0.039	0.975
7	CNC(=O)Cn1nc(Cc2ccccc2)ccc1NCc1ccc(Cl)cc1	0.0	0	0.0	0.0	0.0
7	CC(C)c1nc2nc(N)nn2c(O)c1Cc1cccc(Cl)c1Cl	1.0	1	1.0	0.151	0.909
7	O=S(=O)(Nc1cc(Cl)ccc1Cn1ccnn1)c1cc(F)ccc1	1.0	0	0.989	0.1	0.965
7	Nc1nn2c(O)c(Cc3cccc(Cl)c3)c(C3CC3)nc2n1	1.0	1	1.0	0.161	0.922
7	CCc1ncncc1Br	1.0	0	0.554	0.026	0.937
7	COCCNS(=O)(=O)c1c(Cl)ccc(Nc2cnccn2)c1	1.0	0	0.842	0.049	0.97
7	CCCC(=O)N1CCC(NS(=O)(=O)c2ccc(NC(=O)c3nccn3C)c3ccccc23)CC1	1.0	0	0.532	0.062	0.949
7	CC(C)c1nc2nc(N)nn2c(O)c1Cc1cccc(Cl)c1	1.0	1	1.0	0.147	0.929
7	CC(=O)c1cc(C(=O)c2ccc(Cl)cc2)c(N2CCOCC2)cc1	1.0	0	0.967	0.08	0.983
7	O=S(=O)(Nc1cc(Cl)ccc1Cn1ccnn1)c1ccc(Cl)c(Cl)c1	1.0	1	0.99	0.102	0.963
7	COc1c(Cl)ccc(NS(=O)(=O)c2ccc(C(F)(F)F)cc2)c1F	1.0	0	0.886	0.081	0.976
7	O=S(=O)(Nc1cc(Cl)ccc1Cn1ccnn1)c1ccc(Cl)c(Cl)c1	1.0	1	0.99	0.102	0.963
7	O=C(O)c1c(Oc2ccccc2NS(=O)(=O)c2ccc(Cl)cc2)cccc1	1.0	0	0.973	0.099	0.986
7	CC1c2ccccc2C(=O)C1SSC(C)(=O)N1CCCCC1=O	0.0	0	0.0	0.0	0.0
7	N#CSCCNC(=O)c1ccc(Oc2ccc(Cl)cc2NS(=O)(=O)c2ccc(Cl)c(Cl)c2)cc1	1.0	0	0.844	0.054	0.954
7	O=S1(=O)NC(Nc2ccc(F)cc2Br)=Nc2c1cc(Cl)cc2O	1.0	0	0.907	0.059	0.84
7	O=C(O)c1c(Oc2ncncc2NS(=O)(=O)c2ccc(Cl)c(Cl)c2)cccc1	1.0	0	0.896	0.082	0.966
7	O=S(=O)(Nc1cc(Cl)c(Cl)cc1Cn1ccnn1)c1ccc(CN2CCCC2)cc1	1.0	1	0.969	0.132	0.955
7	Cn1ncc2c1N(C(=O)N1CCC(NCCCO)CC1)CC2	1.0	0	0.878	0.053	0.917
7	Cn1nnnc1Cc1ncc(Cl)cc1NS(=O)(=O)c1cccc(F)c1Cl	1.0	1	0.983	0.12	0.913
7	CNS(=O)(=O)c1ccc(CNC(=O)c2cccc3c2cnn3-c2ccc(F)cc2)cc1	1.0	0	0.64	0.046	0.975
7	Nc1nn2c(O)c(Cc3ccccc3Cl)c(C3CC3)nc2n1	1.0	1	1.0	0.158	0.921
7	COc1nn(CC(=O)OC(C)(C)C)c2ccc(Cl)cc12	1.0	0	0.916	0.06	0.966
7	CC(C)(C)c1ccc(S(=O)(=O)Nc2ccc(Cl)c3c2C(=O)N(CCc2ccncc2)C3=O)cc1	1.0	0	0.933	0.086	0.95
7	CC(=O)C1=C(O)C(=O)N(c2ccc(C)cc2F)C1C1CCCCC1	1.0	1	1.0	0.101	0.903
7	CC(=O)C1=C(O)C(=O)N(c2ccc(C)cc2)C1c1cc(Br)cc(C)c1	1.0	1	0.999	0.119	0.927
7	CS(=O)(=O)c1ccc(C(=O)c2cc(Cl)ccc2NS(=O)(=O)c2ccc(Cl)cc2)cc1	1.0	0	0.926	0.077	0.981
7	COc1c(Cl)c(Cl)c(Cl)cc1Nc1ncc(Br)cn1	1.0	0	0.921	0.044	0.944
7	O=C(O)c1c(F)cccc1Oc1ncc(Cl)cc1NS(=O)(=O)c1ccc(Cl)c(Cl)c1	1.0	0	0.911	0.087	0.96
7	O=C(NCNC1(c2ccccc2)CCCC1)c1cc(Br)ccn1	1.0	0	0.782	0.047	0.939
7	Cc1nn2c(O)cc(CSc3cccc(F)c3F)nc2n1	1.0	0	0.979	0.07	0.917
7	COc1nc2nc(N)nn2c(O)c1Cc1cccc(Cl)c1	1.0	1	1.0	0.158	0.934
7	O=S(=O)(Nc1cc(Cl)c(Cl)cc1Cn1ccnn1)c1cccc(C(F)(F)F)c1	1.0	1	0.991	0.153	0.945
7	CC(C)NS(=O)(=O)c1ccc(CNC(=O)c2cccc3ccccc23)cc1	1.0	0	0.644	0.04	0.986
7	CC(=O)C1=C(O)C(=O)N(c2cc(Cl)ccc2)C1C1CCCCC1	1.0	0	0.999	0.093	0.92
7	CC(C)(C)c1ccc(S(=O)(=O)Nc2ccc(Cl)cc2-c2nccnn2)cc1	1.0	0	0.938	0.097	0.962
7	Cc1cc(Oc2c(C(=O)O)cccc2)c(NS(=O)(=O)c2ccc(Cl)cc2)cc1	1.0	0	0.969	0.088	0.983
7	O=S(=O)(Nc1cc(Cl)c(Cl)cc1Cn1ccnn1)c1csc2c19CCS(=O)(=O)c1ccc(Cl)cc1	0.0	0	0.0	0.0	0.0
7	COc1c2c(NS(=O)(=O)c3cccc(Cl)c3Cl)nn(C)c2ccc1	1.0	0	0.891	0.089	0.963
7	COc1c(Cl)ccc(NS(=O)(=O)c2ccc(C(C)(C)C)cc2)c1C	1.0	0	0.848	0.082	0.979
7	CNC(=O)Cn1nc(C)c(NS(=O)(=O)c2ccc(Cl)cc2)c1	1.0	0	0.926	0.077	0.972
7	Cc1ccc(N2C(=O)C(O)=C(C(=O)c3ccccc3)C2C2CCCCC2)cc1	1.0	1	0.997	0.173	0.933
7	O=C(Nc1ccccc1)c1ccccc1NS(=O)(=O)c1ccc(Cl)cc1	1.0	0	0.977	0.086	0.991
7	CCCCOc1nc(Cl)cnc1NS(=O)(=O)c1cccc(Cl)c1	1.0	1	0.952	0.1	0.964
7	CNS(=O)(=O)c1ccc(CNC(=O)c2cccc3ccccc23)cc1	1.0	0	0.697	0.043	0.988
7	COc1ccc(S(=O)(=O)NC(=O)C2(C)CCN2Cc2ccc(C)cc2)cc1	1.0	0	0.854	0.057	0.931
7	O=S(=O)(Nc1ncnc2n[nH]c(O)c12)c1c(Cl)c(Cl)ccc1	1.0	0	0.929	0.088	0.909
7	COc1c2c(NS(=O)(=O)c3cccc(Cl)c3)nn(Cc3cccc(CNC(=O)C4CCCO4)c3)c2ccc1	1.0	0	0.005	0.005	0.871
7	O=C(NCCc1c(-c2ccccc2)cccc1)Oc1ccccc1	1.0	0	0.896	0.055	0.99
7	CC(C)c1nc2nc(N)nn2c(O)c1Cc1ccc(Cl)c(Cl)c1	1.0	1	1.0	0.151	0.923
7	CC1(c2ccc(S(=O)(=O)Nc3ccc(Cl)cc3C(=O)c3ccncc3)cc2)-CCOC1	1.0	1	0.912	0.104	0.882
7	Nc1nn2c(O)c(Cc3cccc(Cl)c3)c(C3CC3)nc2n1	1.0	1	1.0	0.161	0.922
7	Nc1nn2c(O)c(Cc3cccc(C(F)(F)F)c3)c(C3CC3)nc2n1	1.0	1	1.0	0.174	0.912
7	CC(=O)C1=C(O)C(=O)N(c2cc(C)c(C)cc2)C1C1CCCCC1	1.0	0	0.999	0.094	0.916
7	COC(=O)CCc1ccc(S(=O)(=O)Nc2ccc(Cl)cc2C(=O)c2c[n+]([O-])c(C)cc2)cc1	1.0	0	0.825	0.073	0.946
7	COc1c(NS(=O)(=O)c2cc(Cl)c(N)cc2)cccc1	1.0	0	0.944	0.06	0.987
7	COc1c(Cl)cccc1NS(=O)(=O)c1ccc(N2CCOCC2)cc1	1.0	0	0.872	0.093	0.98
7	COc1cc(Oc2ccc(NS(C)(=O)=O)cc2)ccc1O	1.0	0	0.877	0.052	0.987
7	Cc1ccc(Cl)cc1NS(=O)(=O)c1ccc(S(=O)(=O)NC2CCNCC2)cc1	1.0	0	0.734	0.056	0.973
7	Cc1cc(C(=O)c2cc(Cl)ccc2NS(=O)(=O)c2ccc(-c3c(C)noc3)cc2)ccc1	1.0	0	0.883	0.079	0.959
7	Cn1nnnc1Cc1ncc(Cl)cc1NS(=O)(=O)c1ccc(Cl)cc1	1.0	1	0.986	0.115	0.948
7	Nc1nn2c(O)c(Cc3ccc(Cl)cc3)c(C3CC3)nc2n1	1.0	1	1.0	0.158	0.93
7	O=C(Nc1ccc(S(=O)(=O)N2CCCCC2)cc1)c1ccccc1	1.0	0	0.754	0.07	0.992
7	Cc1cc(Oc2c(C(=O)O)cccc2)c(S(=O)(=O)c2ccc(C(C)(C)C)cc2)cc1	1.0	1	0.947	0.103	0.975
7	COc1cccc2c1NS(=O)(=O)c1ccccc2Oc1ccc(Cl)cc1	0.0	0	0.0	0.0	0.0
7	COc1cc2c(cc1NS(=O)(=O)c1c(Cl)c(Cl)ccc1)nc(O)n2C(	0.0	0	0.0	0.0	0.0
7	CCNc1cc(-c2ccnc(NC(=O)c3ccc(F)cc3)c2)ccn1	1.0	0	0.7	0.064	0.979
7	O=S(=O)(Nc1cc(F)ccc1Cn1ccnn1)c1ccc(Cl)c(Cl)c1	1.0	0	0.99	0.095	0.962
7	O=S(=O)(Nc1cc(Br)ccc1Cn1ccnn1)c1ccc(Cl)c(Cl)c1	1.0	1	0.986	0.125	0.958
7	O=S(=O)(NCCCN1CCC(O)(c2ccc(Cl)cc2)CC1)c1ccc(F)cc1	1.0	0	0.685	0.055	0.973
7	O=C(c1cnccc1)c1cc(Cl)ccc1NS(=O)(=O)c1ccc(Cl)cc1	1.0	0	0.961	0.08	0.983
7	CC1CCN(C(=O)c2ccccc2NS(=O)(=O)c2ccc(Cl)cc2)CC1	1.0	1	0.992	0.14	0.986
7	CSc1nc(Br)cnc1NS(=O)(=O)c1ccc(Cl)c(Cl)c1	1.0	0	0.932	0.082	0.936
7	CC(=O)c1c(C)oc2c1cc(NS(=O)(=O)c1ccc(C(C)(C)C)cc1)c1c2cccc1	1.0	1	0.897	0.137	0.962
7	CC(C)(C)c1ccc(S(=O)(=O)Nc2cc(F)ccc2C(=O)c2ccccn2)cc1	1.0	0	0.951	0.083	0.975
7	O=C(O)CCCCCn1c(O)cc(Cl)c1	1.0	0	0.755	0.032	0.948
7	CCc1nc2nc(N)nn2c(O)c1Cc1cccc(Cl)c1	1.0	1	1.0	0.158	0.935
7	CCc1nc2nc(C)n(C3CCN(Cc4ccccc4)CC3)c2nc1OC	1.0	0	0.725	0.07	0.949
7	CS(=O)(=O)c1cc(NS(=O)(=O)c2cccc(Cl)c2)c(Oc2ccccc2)cc1	1.0	1	0.972	0.11	0.982
7	N#Cc1ccc(Oc2ncc(Cl)cc2NS(=O)(=O)c2ccc(Cl)c(Cl)c2)cc1	1.0	1	0.986	0.157	0.969
7	O=S(=O)(Nc1ncc(Cl)nc1OCc1cc(Br)ccc1)c1cccc(Cl)c1Cl	1.0	1	0.941	0.101	0.951
7	O=C(O)c1cc(Oc2ccc(NC(=O)c3ccccc3)cc2)ccc1	1.0	0	0.635	0.048	0.992
7	CC(=O)C1=C(O)C(=O)N(c2ccc(Cl)cc2F)C1c1cc(Br)ccc1	1.0	1	1.0	0.109	0.924
7	O=C(NCCNC(=O)c1ccccc1)c1ccccc1-c1ccccc1	1.0	0	0.877	0.058	0.992
7	COc1cccc2c1c(NS(=O)(=O)c1ccc(Cl)s1)nn2Cc1cccc(C(N)=O)c1	1.0	0	0.913	0.09	0.951
7	COc1ccc(S(=O)(=O)Nc2ccc(Cl)cc2C(=O)Nc2ccccc2)cc1	1.0	0	0.968	0.087	0.989
7	COc1nc(CO)cnc1NS(=O)(=O)c1ccccc1	1.0	0	0.975	0.092	0.972
7	O=S(=O)(Nc1ncc(Cl)nc1OCc1cc(Br)ccc1)c1cccc(Cl)c1Cl	1.0	1	0.941	0.101	0.951
7	COc1ccccc1Cc1c(OC)c(OC)c(Br)c(=O)c1C	0.0	0	0.0	0.0	0.0
7	CCN(CC)CCCOC(=O)N1CCC(NS(=O)(=O)c2ccc(NC(=O)c3cccnc3C)c3ccccc23)CC1	1.0	0	0.005	0.005	0.934
7	O=S(=O)(NCCCN1CCC(O)(c2ccc(Cl)cc2)CC1)c1c(Cl)c(Cl)ccc1	1.0	0	0.722	0.062	0.962
7	Nc1nn2c(O)c(Cc3cccc(Cl)c3)c(C3CC3)nc2n1	1.0	1	1.0	0.161	0.922
8	Nc1cnc(CNc2ncc(Cl)cc2NS(=O)(=O)c2ccc(Cl)c(Cl)c2)cc1	1.0	0	0.838	0.072	0.951
8	CC(=O)C1=C(O)C(=O)N(c2ccc(Br)cc2F)C1C1CCCCC1	1.0	0	0.999	0.093	0.892
8	CS(=O)(=O)c1ccc(S(=O)(=O)Nc2ccc(Cl)cc2C(=O)c2ccncc2)cc1	1.0	0	0.93	0.08	0.977
8	CC(C)(C)c1ccc(S(=O)(=O)Nc2ccc(Cl)cc2C(=O)c2c(Cl)c(Cl)ccc2O)cc1	1.0	0	0.916	0.085	0.963
8	O=C(O)c1cc(Oc2ncc(Cl)cc2NS(=O)(=O)c2ccc(Cl)c(Cl)c2)cnc1	1.0	0	0.898	0.066	0.958
8	O=C(c1ccncc1)c1cc(Cl)ccc1NS(=O)(=O)c1ccc(Cl)cc1	1.0	0	0.961	0.096	0.983
8	Cc1cc(-c2cc(C)c(C)nc2SC)ccc1OC(C(=O)O)c1cccc(C)c1	1.0	0	0.782	0.078	0.887
8	O=C(Nc1ccc(Oc2ccccc2)cc1)NN1CCCCC1	1.0	0	0.785	0.04	0.985
8	CC(C)(C)c1ccc(S(=O)(=O)Nc2ccc(Cl)cc2C(=O)c2ccnc(Cl)n2)cc1	1.0	0	0.927	0.077	0.961
8	N#Cc1ccnc(NS(=O)(=O)c2ccc(Cl)c(Cl)c2)c1	1.0	1	0.928	0.104	0.975
8	COc1c(Cl)ccc(C(=O)NCc2ccc(Cl)cc2)c1O	1.0	0	0.915	0.056	0.985
8	CCCS(=O)(=O)c1ccc(CNC(=O)c2cccc3ccccc23)cc1	1.0	0	0.693	0.041	0.987
8	Cc1ccccc1C(=O)N1CCC(NS(=O)(=O)c2ccc(C(C)(C)C)cc2)CC1	1.0	0	0.707	0.051	0.98
8	Cc1nn(C)c(Oc2cc(Cl)ccc2NS(=O)(=O)c2ccc(Cl)cc2)c1	1.0	1	0.994	0.126	0.967
8	CC(=O)C1=C(O)C(=O)N(c2cc(F)c(Cl)cc2)C1C1CCCCC1	1.0	0	0.999	0.094	0.901
8	COc1ccc(S(=O)(=O)NCCN2CCC(O)(c3ccc(Cl)cc3)CC2)cc1	1.0	0	0.769	0.054	0.974
8	CSc1ccc(Cn2nc(C(=O)c3cccn4cccc34)cc2-c2ccccc2)cc1	1.0	0	0.848	0.082	0.946
8	Cc1ccccc1Cc1c(O)n2nc(N)nc2nc1C1CC1	1.0	1	1.0	0.159	0.922
8	O=S1(=O)NC(Nc2c(Br)cccc2)=Nc2c1c(F)ccc2O	1.0	0	0.888	0.057	0.86
8	COc1ccc2nc(O)c(C(=O)Nc3ccc(N(C)C)cc3)cc2c1	1.0	0	0.879	0.054	0.976
8	O=S(=O)(Nc1cc(Cl)ccc1Cn1cnc2ccccc21)c1ccc(Cl)c(Cl)c1	1.0	1	0.993	0.153	0.972
8	N#Cc1cc(NS(=O)(=O)c2ccc(Cl)cc2)c(Oc2ccccc2C(=O)O)cc1	1.0	0	0.967	0.096	0.978
8	Cc1nc2nc(N)nn2c(O)c1Cc1cccc(Cl)c1Cl	1.0	1	1.0	0.149	0.933
8	O=C(c1ccncc1)c1cc(Cl)ccc1NS(=O)(=O)c1cccc(Cl)c1	1.0	0	0.954	0.086	0.98
8	O=C(O)c1ccc2cc(Br)ccc2c1	1.0	0	0.767	0.048	0.992
8	O=C(c1cnccn1)c1cc(Cl)ccc1NS(=O)(=O)c1ccc(O)cc1	1.0	0	0.931	0.08	0.972
8	CS(=O)(=O)c1ccc(S(=O)(=O)Nc2ccc(Br)cc2C(=O)c2ccncc2)cc1	1.0	0	0.917	0.065	0.975
8	COc1cc2c(cc1NS(=O)(=O)c1c(Cl)c(Cl)ccc1)nc(O)n2C1COC1	1.0	1	0.932	0.175	0.913
8	CS(=O)(=O)c1cc(F)ccc1NS(=O)(=O)c1ccc(Cl)cc1	1.0	0	0.96	0.089	0.984
8	CCCC(=O)C1=C(O)C(=O)N(c2ccc(F)cc2F)C1C1CCCCC1	1.0	0	0.999	0.098	0.879
8	CCCCc1cnc(NS(=O)(=O)c2ccc(Cl)c(C(=O)Nc3cc(Cl)ccc3)c2)cc1	1.0	0	0.751	0.062	0.977
8	CS(=O)(=O)Oc1ccc(C(F)(F)F)cc1NC(=O)c1cc2ccccc2nc1O	1.0	0	0.753	0.06	0.956
8	COc1ncc(CNC2(C(=O)O)CC2)cc1Cl	1.0	0	0.788	0.035	0.947
8	CCOc1ccccc1C(=O)c1cc(Cl)ccc1NS(=O)(=O)c1ccc(Br)cc1	1.0	0	0.937	0.081	0.981
8	O=C(NS(=O)(=O)c1ccc(F)cc1)c1ccccc1	1.0	0	0.909	0.049	0.993
8	O=C(NS(=O)(=O)c1ccccc1)NS(=O)(=O)c1ccccc1	1.0	0	0.933	0.06	0.987
8	O=C(c1ccncn1)c1cc(Cl)ccc1NS(=O)(=O)c1ccc(-c2ccco2)cc1	1.0	0	0.899	0.083	0.962
8	Cc1cc(N2C(=O)c3c(C2=O)c(NS(=O)(=O)c2ccc(C(C)(C)C)cc2)ccc3Cl)ncn1	1.0	0	0.805	0.092	0.933
8	CCOC(=O)C1=C(O)C(OC)c2c(cc(Cl)c(Cl)c2)OC1=O	1.0	0	0.951	0.067	0.795
8	Cc1nnc(-c2c(NS(=O)(=O)c3ccc(C)cc3)cccc2)cc1	1.0	1	0.967	0.109	0.982
8	CCOC(=O)N1CCC(NS(=O)(=O)c2ccc(OCc3ccccc3)c3c2cccc3)CC1	1.0	0	0.61	0.06	0.974
8	COc1ccc(S(=O)(=O)Nc2ccc(Cl)cc2C(=O)NCCCN2CCCC2)cc1	1.0	0	0.785	0.076	0.981
8	Nc1nn2c(O)c(Cc3ccccc3)c(C3CC3)nc2n1	1.0	1	1.0	0.155	0.937
8	CCCCCc1nc2nc(N)nn2c(O)c1Cc1cccc(Cl)c1	1.0	1	0.999	0.166	0.937
8	COc1cc2c(cc1NS(=O)(=O)c1c(Cl)c(Cl)ccc1)nc(O)n2	0.0	0	0.0	0.0	0.0
8	Cc1ccc(C(=O)c2cc(Cl)ccc2NS(=O)(=O)c2ccc(C(C)(C)C)cc2)cn1	1.0	0	0.936	0.085	0.974
8	CCCCC(=O)C1=C(O)C(=O)N(c2ccc(C)cc2)C1C1CCCCC1	1.0	1	0.998	0.113	0.911
8	N#CC1(c2ccc(Cl)cc2)CCN(C(=O)C2NCCC2c2ccccc2)CC1	1.0	0	0.965	0.095	0.789
8	COc1nn(C)c2c1c(NS(=O)(=O)c1cccc(Cl)c1Cl)nc(O)c2	1.0	0	0.923	0.088	0.899
8	C=CCOc1c(Cl)cc(C(=O)c2csc(S(C)(=O)=O)c2)cc1	1.0	0	0.866	0.056	0.951
8	CC(=O)C1=C(O)C(=O)N(c2cc(C)c(C)cc2)C1c1cc(Cl)ccc1	1.0	0	1.0	0.098	0.943
8	CC1COC(C)(Cc2cn(C)c3nc(N)nc23)O1	0.0	0	0.0	0.0	0.0
8	CC(C)COc1nc(Cl)cnc1NS(=O)(=O)c1cccc(Cl)c1Cl	1.0	1	0.931	0.105	0.945
8	COc1ccc(C(=O)c2cc(Cl)ccc2NS(=O)(=O)c2ccc(C(C)(C)C)cc2)cc1	1.0	0	0.929	0.088	0.981
8	CC(C)(C)c1ccc(S(=O)(=O)Nc2cc(F)cc(C3(C)N=C(N)NC3=O)cc2)cc1	0.0	0	0.0	0.0	0.0
8	COc1c2c(NS(=O)(=O)c3cccc(Cl)c3Cl)nn(C)c2ccc1	1.0	0	0.891	0.089	0.963
8	CC(C)(C)c1ccc(S(=O)(=O)Nc2ccc(Cl)cc2-c2c(O)cccn2)cc1	1.0	0	0.942	0.081	0.97
8	COc1ccc(C(CS(=O)(=O)c2ccc(C)cc2)NC(=O)C(c2ccccc2)c2ccccc2)cc1	1.0	0	0.005	0.005	0.933
8	COc1ncnc2c1NS(=O)(=O)c1cc(NS(N)(=O)=O)ccc12	1.0	0	0.865	0.073	0.855
8	CCCCC(=O)C1=C(O)C(=O)N(c2ccc(CSc3ccccc3)cc2)CC1OC	1.0	0	0.882	0.066	0.868
8	Cc1ccccc1CN1C(=O)c2nc(Cc3ccccc3)cn2C1CO	1.0	1	0.941	0.106	0.861
8	Cc1ccc(C(=O)c2cc(Cl)ccc2NS(=O)(=O)c2ccc(C(C)(C)C)cc2)cn1	1.0	0	0.936	0.085	0.974
8	COCCOC(=O)C1=C(O)C(=O)N(c2cccc(C)c2)C1C1CCCCCCC1	1.0	0	0.993	0.096	0.903
8	COc1nc(Br)cnc1NS(=O)(=O)c1cc(Cl)c(Cl)cc1	1.0	1	0.949	0.1	0.96
8	Cn1ncc2c1ncnc2NS(=O)(=O)c1c(Cl)c(Cl)ccc1	1.0	1	0.938	0.106	0.962
8	Nc1nn2c(O)c(Cc3ccccc3Cl)c(C3CC3)nc2n1	1.0	1	1.0	0.158	0.921
8	CC(C)(C)c1ccc(S(=O)(=O)Nc2ccc(Cl)cc2-c2c(NCCO)nccn2)cc1	1.0	1	0.881	0.114	0.954
8	CS(=O)(=O)c1ccc(S(=O)(=O)Nc2ccc(Cl)cc2C(=O)c2ccncc2)cc1	1.0	0	0.93	0.08	0.977
8	O=C(NCCO)c1ccccc1Oc1ncc(Cl)cc1NS(=O)(=O)c1ccc(Cl)cc1	1.0	1	0.945	0.145	0.97
8	N#Cc1c(SSc2n[nH]c(C(C)(C)C)n2)nccc1	1.0	0	0.861	0.046	0.843
8	COc1c(Cl)c(Br)cc2c(NC3CC3)cccc12	1.0	0	0.83	0.037	0.962
8	CC(=O)C1=C(O)C(=O)N(c2cc(C)c(C)cc2)C1C1CCCCC1	1.0	0	0.999	0.094	0.916
8	N#Cc1cc(S(=O)(=O)Nc2cc(Cl)ccc2N2CCCCC2)ccc1	1.0	0	0.967	0.086	0.979
8	CC(=O)C1=C(O)C(=O)N(c2cc(Cl)ccc2)C1C1CCCCC1	1.0	0	0.999	0.093	0.92
8	CC(C)c1nc2nc(N)nn2c(O)c1Cc1cccc(Cl)c1Cl	1.0	1	1.0	0.151	0.909
8	CC(=O)C1=C(O)C(=O)N(c2ccc(F)cc2)C1C1CCCCCCC1	1.0	0	0.999	0.093	0.925
8	CCCCC(=O)C1=C(O)C(=O)N(c2cccc(C)c2)C1C1CCCCC1	1.0	0	0.997	0.089	0.903
8	CC(C)(C)c1ncc(COc2cc(Cl)ccc2NS(=O)(=O)c2ccc(C(C)(C)C)cc2)nc1	1.0	0	0.87	0.086	0.952
8	Nc1nn2c(O)c(Cc3cccc(Cl)c3)c(CC3CCC3)nc2n1	1.0	1	0.999	0.157	0.918
8	Cc1ccc(S(=O)(=O)Nc2cc(Cl)ccc2Cn2ccnn2)cc1C	1.0	1	0.989	0.101	0.965
8	COc1nccc(C(=O)c2cc(Cl)ccc2NS(=O)(=O)c2ccc(C(C)(C)C)cc2)c1	1.0	0	0.859	0.084	0.969
8	CNS(=O)(=O)c1ccc(CNC(=O)c2ccnc3ccccc23)cc1	1.0	0	0.787	0.05	0.985
8	CC(=O)C1=C(O)C(=O)N(c2ccc(C)cc2)C1C1CCCCC1	1.0	0	1.0	0.093	0.929
8	O=C(c1cnccc1)c1cc(Cl)ccc1NS(=O)(=O)c1ccc2ccoc2c1	1.0	0	0.894	0.077	0.966
8	CC(=O)C1=C(O)C(=O)N(c2cc(C)ccc2)C1C1CCCCC1	1.0	0	0.999	0.092	0.922
8	N#Cc1cc(NS(=O)(=O)c2ccc(Cl)cc2)ccc1	1.0	0	0.913	0.076	0.989
8	Cc1nnnn1Cc1ccc(Cl)cc1NS(=O)(=O)c1ccc(Cl)c(Cl)c1	1.0	1	0.983	0.102	0.962
8	O=S(=O)(Nc1cc(Cl)ccc1Cn1ccnn1)c1cccs1s	0.0	0	0.0	0.0	0.0
8	CC(=O)c1ccc(S(=O)(=O)NC2CCCCC2)cc1	1.0	0	0.926	0.056	0.988
8	CC(=O)C1=C(O)C(=O)N(c2cc(F)c(C)cc2F)C1C1CCCCC1	1.0	1	1.0	0.103	0.868
8	COc1c(C)c(N2C(=O)c3c(C2=O)c(NS(=O)(=O)c2ccc(C(C)(C)C)cc2)ccc3Cl)cnc1	1.0	1	0.818	0.1	0.92
8	COc1cc2c(cc1NS(=O)(=O)c1c(Cl)c(Cl)ccc1)nc(O)n2C	1.0	0	0.971	0.1	0.948
8	Cc1ccc(N2C(=O)C(O)=C(C(=O)c3ccccc3)C2C2CCCCC2)cc1	1.0	1	0.997	0.173	0.933
8	CC(=O)C1=C(O)C(=O)N(c2cc(F)c(F)cc2F)C1C1CCCCC1	1.0	1	1.0	0.104	0.873
8	COc1cc(N2C(=O)c3c(C2=O)c(NS(=O)(=O)c2ccc(C(C)(C)C)cc2)ccc3Cl)ncc1	1.0	0	0.769	0.089	0.94
8	CCOC(=O)N1CCC(NS(=O)(=O)c2ccc(NCc3ccccc3)c3ccccc23)CC1	1.0	0	0.673	0.053	0.972
8	CCCc1nc2nc(N)nn2c(O)c1Cc1ccc(Cl)cc1	1.0	1	1.0	0.182	0.941
8	Cc1ccc(N2C(=O)C(O)=C(C(=O)c3ccccc3)C2C2CCCCC2)cc1	1.0	1	0.997	0.173	0.933
8	CCCc1nc(NS(=O)(=O)c2ccccc2Cl)c(C)nc1	1.0	0	0.935	0.084	0.964
8	Cc1ccc(N2C(=O)C(O)=C(C(=O)C(C)C)C2C2CCCCC2)cc1	1.0	0	0.999	0.092	0.909
9	CNc1c(-c2cc(Cl)ccc2NS(=O)(=O)c2ccc(C(C)(C)C)cc2)nccn1	1.0	0	0.944	0.096	0.96
9	CC(C)(C)c1ccc(S(=O)(=O)Nc2ccc(Cl)cc2-c2c(O)cncn2)cc1	1.0	0	0.934	0.092	0.958
9	Cc1ncccc1Oc1ncc(Cl)cc1NS(=O)(=O)c1ccc(Cl)c(Cl)c1	1.0	1	0.982	0.115	0.964
9	O=C(c1ccncn1)c1cc(Cl)ccc1NS(=O)(=O)c1ccc(C(F)(F)F)cc1	1.0	1	0.944	0.101	0.965
9	CC(C)(C)c1ccc(S(=O)(=O)Nc2ccc(Cl)cc2C(=O)c2c[nH]cn2)cc1	1.0	0	0.93	0.074	0.95
9	COc1ccc(S(=O)(=O)Nc2ccc(Br)cc2C(=O)c2cc[n+]([O-])cc2)cc1	1.0	0	0.919	0.067	0.964
9	COc1nn(C)c2c1c(NS(=O)(=O)c1cccc(Cl)c1Cl)nc(C)n2	1.0	0	0.941	0.081	0.936
9	C=CCOc1c(Cl)cc(Cl)cc1S(=O)(=O)NCCN1CCCC1=O	1.0	0	0.823	0.063	0.946
9	O=S(=O)(Nc1cc(Cl)ccc1Cn1ccnn1)c1cc(Cl)ncc1	1.0	0	0.986	0.093	0.947
9	COc1ccc(S(=O)(=O)Nc2ccc(Cl)cc2C(=O)Nc2ccccc2)cc1	1.0	0	0.968	0.087	0.989
9	O=S(=O)(Nc1cc(Cl)ccc1Cn1ccnn1)c1cc(Cl)cnc1N=	0.0	0	0.0	0.0	0.0
9	Cc1cnc(N2C(=O)c3c(C2=O)c(NS(=O)(=O)c2ccc(C(C)(C)C)cc2)ccc3Cl)cc1	1.0	0	0.826	0.095	0.946
9	CS(=O)(=O)c1cc(NS(=O)(=O)c2ccc(Cl)cc2)c(Oc2cccc(C(Cl)Cl)c2)cc1	1.0	0	0.93	0.09	0.964
9	O=C(NCCN1CCCC1)c1ccc(Oc2ccc(C(F)(F)F)cc2)cc1N	1.0	0	0.651	0.052	0.977
9	Cc1c(N2C(=O)c3c(C2=O)c(NS(=O)(=O)c2ccc(C(C)(C)C)cc2)ccc3Cl)ccnc1	1.0	0	0.853	0.098	0.943
9	Cc1ccc(NS(=O)(=O)c2ccc(Cl)c(C(=O)Nc3ccc(Cl)cc3)c2)cc1	1.0	0	0.855	0.053	0.988
9	O=S(=O)(Nc1cc(Cl)c(Cl)cc1Cn1ccnn1)c1cccc(C(F)(F)F)c1	1.0	1	0.991	0.153	0.945
9	N#Cc1cccn1CCCCc1ccc(Cl)cc1	1.0	0	0.901	0.048	0.975
9	O=S(=O)(Nc1cc(Cl)c(Cl)cc1Cn1ccnn1)c1cccc(C(F)(F)F)c1	1.0	1	0.991	0.153	0.945
9	COc1ccc(S(=O)(=O)Nc2ccc(Cl)cc2C(=O)N2CCOCC2)cc1	1.0	1	0.986	0.144	0.983
9	Cc1cc(-c2ccc(S(=O)(=O)Nc3ccc(Cl)cc3C(=O)c3ccncc3)cn2)ccc1	1.0	0	0.912	0.081	0.97
9	CC(C)NS(=O)(=O)c1cccc(-n2nc(C(F)(F)F)cc2C(=O)O)c1	1.0	0	0.791	0.05	0.96
9	COc1nc(CO)c(C)nc1NS(=O)(=O)c1cccc(Cl)c1Cl	1.0	0	0.965	0.089	0.942
9	CSc1nccn1CC(=O)c1cc(Cl)ccc1NS(=O)(=O)c1ccc(Cl)cc1	1.0	1	0.945	0.124	0.963
9	O=C(O)c1c(Oc2ncccc2NS(=O)(=O)c2ccc(Cl)c(Cl)c2)cccc1	1.0	0	0.914	0.085	0.976
9	COc1c(Oc2ccc(Cl)cc2NS(=O)(=O)c2ccc(C(C)(C)C)cc2)nccn1	1.0	1	0.968	0.118	0.963
9	Cc1ccc(S(=O)(=O)NC(=O)N2CCC(N3CCC(Oc4ccc(Cl)c(Cl)c4)CC3)CC2)cc1	1.0	0	0.399	0.044	0.956
9	CC(C)(C)c1ccc(S(=O)(=O)Nc2ccc(Cl)cc2C(=O)c2cnc(S(C)(=O)=O)cc2)cc1	1.0	0	0.817	0.081	0.961
9	CNS(=O)(=O)c1ccc(CNC(=O)c2ccc(Oc3ccccc3)cc2)cc1	1.0	0	0.703	0.039	0.988
9	Nc1nn2c(O)c(Cc3cccc(Br)c3)c(C3CC3)nc2n1	1.0	1	1.0	0.149	0.913
9	N#CC1(c2ccc(Cl)cc2)c2ccccc2C1=S	1.0	0	0.924	0.059	0.86
9	CS(=O)(=O)c1ccc(S(=O)(=O)NC(Cc2ccccc2)C(=O)Nc2ccc(Cl)c(Cl)c2)cc1	1.0	0	0.788	0.056	0.952
9	COc1c(Cl2ccc(Cl)cc2NS(=O)(=O)c2ccc(OC(F)(F)F)cc2)cccn1	0.0	0	0.0	0.0	0.0
9	O=C(c1ccncc1)c1cc(Cl)ccc1NS(=O)(=O)c1ccc(-c2ccco2)cc1	1.0	0	0.913	0.073	0.973
9	c1ccc(N2CC(COc3ccc(Cl)cc3)CC2)cc1	1.0	0	0.947	0.049	0.977
9	Cc1nnnn1Cc1ccc(Cl)cc1NS(=O)(=O)c1ccc(Cl)c(Cl)c1	1.0	1	0.983	0.102	0.962
9	CC(=O)C1=C(O)C(=O)N(c2cc(C)ccc2)C1C1CCCCCC1	1.0	0	1.0	0.091	0.922
9	CC(C)c1nc2nc(N)nn2c(O)c1Cc1cccc(Cl)c1	1.0	1	1.0	0.147	0.929
9	COc1ccc(S(=O)(=O)Nc2ccc(Cl)cc2C(=O)Oc2ccccc2)cc1	1.0	0	0.912	0.094	0.987
9	O=C(O)c1c(Oc2ccc(Cl)cc2NS(=O)(=O)c2ccc(Cl)cc2)cccc1	1.0	0	0.975	0.086	0.984
9	CC(C)c1nc2nc(N)nn2c(O)c1Cc1cccc(Cl)c1Cl	1.0	1	1.0	0.151	0.909
9	CCCCCc1nc2nc(N)nn2c(O)c1C	1.0	0	0.994	0.088	0.906
9	O=S(=O)(Nc1cc(Cl)c(Cl)cc1Cn1ccnn1)c1ccccc1	1.0	0	0.986	0.098	0.963
9	O=S(=O)(Nc1cc(Cl)ccc1Cn1ccnn1)c1ccccc12	0.0	0	0.0	0.0	0.0
9	COc1ccc(S(=O)(=O)Nc2ccc(Cl)cc2C(=O)NCc2ccccc2)cc1	1.0	0	0.936	0.089	0.988
9	COc1c2c(NS(=O)(=O)c3ccc(C(C)(C)C)cc3)nn(Cc3cccc(CN(C)C(=O)C4CCCC4)c3)c2ccc1	1.0	0	0.005	0.005	0.931
9	CC(C)(C)c1ccc(S(=O)(=O)Nc2ccc(Cl)cc2C(=O)c2ccncn2)cc1	1.0	0	0.932	0.079	0.967
9	O=C(c1ccncn1)c1cc(Cl)ccc1NS(=O)(=O)c1ccc(-c2cnco2)cc1	1.0	0	0.897	0.091	0.949
9	O=C(c1ccncc1)c1cc(Cl)ccc1NS(=O)(=O)c1cc(F)c(Cl)cc1	1.0	0	0.957	0.078	0.976
9	CC(=O)C1=C(O)C(=O)N(c2ccc(Br)cc2F)C1c1cc(Br)ccc1	1.0	1	0.999	0.116	0.918
9	CNc1c(-c2cc(Cl)ccc2NS(=O)(=O)c2ccc(C(C)(C)C)cc2)nccc1	1.0	0	0.953	0.086	0.965
9	O=S(=O)(NCCCN1CCC(O)(c2ccc(Cl)cc2)CC1)c1c(Cl)cccc1	1.0	0	0.74	0.056	0.97
9	Cc1c(OC(C)c2ccccc2)ccc(C(=O)CN)c1O	1.0	0	0.897	0.05	0.936
9	COc1ccc(S(=O)(=O)Nc2ccc(Cl)cc2C(=O)N(C)c2cccc(C(=O)c3cccnc3)c2)cc1	1.0	0	0.005	0.005	0.963
9	Cc1c(C(=O)c2cc(Cl)ccc2NS(=O)(=O)c2ccc(-c3ccccc3)cc2)cccn1	1.0	0	0.912	0.079	0.978
9	COc1ncc(Cl)nc1NS(=O)(=O)c1cccc(Cl)c1Cl	1.0	0	0.949	0.092	0.955
9	O=S(=O)(Nc1cc(Cl)c(Cl)cc1Cn1ccnn1)c1ccc(Cl)c(Cl)c1	1.0	1	0.989	0.103	0.951
9	Cc1cc(Oc2c(C(=O)O)cccc2N)ccc1	1.0	0	0.95	0.067	0.984
9	CCc1ncccc1Cn1c(C)cc(O)cc1=O	1.0	0	0.973	0.065	0.957
9	COc1c2c(NS(=O)(=O)c3cc(Cl)c(Cl)c(Cl)c3)nncc2cc1	0.0	0	0.0	0.0	0.0
9	CS(=O)(=O)c1ccc(S(=O)(=O)Nc2ccc(Cl)cc2C(=O)c2cnccc2)cc1	1.0	0	0.862	0.063	0.977
9	CC(C)(C)c1ccc(S(=O)(=O)Nc2ccc(Cl)c3c2C(=O)N(CCc2cnccc2)C3=O)cc1C	1.0	1	0.929	0.106	0.933
9	CNS(=O)(=O)c1ccc(CNC(=O)c2cccc3ccccc23)cc1	1.0	0	0.697	0.043	0.988
9	COc1ccc(S(=O)(=O)NC(=O)N2CCC(N3CCC(Oc4cc(Cl)c(Cl)cc4)CC3)CC2)cc1	1.0	0	0.338	0.042	0.955
9	CCOC(=O)C1=C(O)C(=O)N(c2ccc(C)cc2)C1C1CCCCC1	1.0	0	0.999	0.099	0.929
9	CC(=O)C1=C(O)C(=O)N(c2ccc(C(F)(F)F)cc2)C1C1CCCCC1	1.0	1	0.999	0.1	0.907
9	CC(C)(C)c1ccc(S(=O)(=O)Nc2ccc(Cl)cc2C(=O)c2ncco2)cc1	1.0	0	0.958	0.086	0.958
9	O=S(=O)(Nc1cc(Cl)c(Cl)cc1Cn1ccnn1)c1csc2c1cccc2	1.0	1	0.985	0.135	0.929
9	O=C(c1ccncc1)c1cc(Cl)ccc1NS(=O)(=O)c1ccc(-c2c(Cl)cc(C(F)(F)F)cc2)cc1	1.0	0	0.005	0.005	0.964
9	O=C1c2c(C(=O)N1c1cnccc1)c(NS(=O)(=O)c1cc(C(F)(F)F)c(F)cc1)ccc2	1.0	0	0.803	0.094	0.952
9	N#CSCCNC(=O)c1ccc(Oc2ncc(Cl)cc2NS(=O)(=O)c2ccc(Cl)c(C(F)(F)F)c2)cc1	1.0	0	0.005	0.005	0.918
9	Nc1nn2c(O)c(Cc3ccccc3)c(C3CC3)nc2n1	1.0	1	1.0	0.155	0.937
9	CCCC(=O)C1=C(O)C(=O)N(c2ccc(C)cc2)C1C1CCCCC1	1.0	0	0.999	0.095	0.91
9	COc1ccccc1Cc1nnc(NS(=O)(=O)c2ccc(Cl)cc2)c(Oc2ccccc2)c1	1.0	0	0.787	0.075	0.965
9	Cc1nn2c(O)c(Cc3ccccc3)c(O)nc2n1	1.0	0	0.997	0.089	0.951
9	N#Cc1cc2c(cc1)N(S(=O)(=O)c1cccc(Cl)c1)CO2	1.0	0	0.963	0.073	0.959
9	Cc1nn(-c2ccccc2)c2cc(Cl)ccc2c1=O	1.0	0	0.977	0.072	0.983
9	Cc1cc(C(=O)c2cc(Cl)ccc2NS(=O)(=O)c2ccc(OC(C)C)cc2)ccn1	1.0	0	0.865	0.067	0.972
9	CC(C)(C)c1ccc(S(=O)(=O)Nc2ccc(Cl)cc2C(=O)c2ccc(Cl)nc2)cc1	1.0	0	0.937	0.085	0.972
9	COC(=O)CCc1ccc(S(=O)(=O)Nc2ccc(Cl)cc2C(=O)c2ccncc2)cc1	1.0	0	0.789	0.074	0.975
9	O=S(=O)(Nc1cc(Cl)ccc1Cn1ccnn1)c1cccs1	1.0	1	0.986	0.106	0.954
9	O=S(=O)(Nc1cc(Cl)ccc1Cn1ccnn1)c1cccc(C(F)(F)F)c1	1.0	1	0.991	0.152	0.958
9	Cc1ccc(S(=O)(=O)Nc2cc(Cl)ccc2Cn2ccnn2)cc1	1.0	0	0.987	0.099	0.971
9	Oc1cc(CSc2cccc(OC(F)(F)F)c2)c2ccccc2n1	1.0	0	0.857	0.061	0.961
9	Cn1ncc(NC(=O)c2nc(Cl)ccc2NS(=O)(=O)c2ccc(Cl)cc2)cn1	0.0	0	0.0	0.0	0.0
9	Cc1nn2cc(Cl)ccc2c1-c1cccc(C(F)(F)F)c1CN1CCC1	1.0	0	0.97	0.064	0.936
9	CCOC(=O)N1CCC(NS(=O)(=O)c2ccc(-c3cnccc3)cc2)CC1	1.0	0	0.811	0.071	0.978
9	CCCC(=O)N1CCC(NS(=O)(=O)c2ccc(NC(=O)c3ccccc3)c3c2cccc3)CC1	1.0	0	0.548	0.047	0.974
9	Cc1cc(C(=O)c2cc(Cl)ccc2NS(=O)(=O)c2ccc(C(C)(C)C)cc2)ccn1	1.0	0	0.877	0.085	0.972
9	CCc1nc2nc(N)nn2c(O)c1Cc1cc(Br)cc(Cl)c1	1.0	1	1.0	0.147	0.898
9	CC(C)c1nc2nc(N)nn2c(O)c1Cc1cc(Br)cc(Cl)c1	1.0	1	0.999	0.138	0.89
9	O=S(=O)(Nc1cc(Cl)ccc1Cn1ccnn1)c1cccc2nonc12	1.0	0	0.978	0.088	0.935
9	Cc1nnnn1Cc1c(Cl)cccc1Cl	1.0	0	0.887	0.044	0.97
9	CS(=O)(=O)c1ccc(S(=O)(=O)Nc2ccc(Cl)cc2C(=O)c2c[n+]([O-])ccc2N)cc1	1.0	0	0.877	0.066	0.937
9	Cc1c(C(=O)c2cc(Cl)ccc2NS(=O)(=O)c2ccc(Cl)c(C(F)(F)F)c2)cccn1	1.0	0	0.93	0.094	0.963
9	COc1nc(Br)cnc1NS(=O)(=O)c1c(Cl)cc(Cl)cc1	1.0	1	0.947	0.1	0.956
9	COc1nccnc1NS(=O)(=O)c1c(Cl)c(Cl)cc(Cl)c1	1.0	1	0.954	0.109	0.958
9	COc1c(-c2cc(Cl)ccc2NS(=O)(=O)c2ccc(C(C)(C)C)cc2)nccc1	1.0	0	0.955	0.089	0.973
9	O=C(Nc1ccc(S(=O)(=O)Nc2ccccc2)c2ccccc12)c1cccnc1	1.0	0	0.62	0.055	0.984
9	N#CSc1cccc2c1ccc(=O)oc2=O	1.0	0	0.927	0.049	0.931
10	O=C(C1=C(O)C(=O)N(c2ccc(Br)cc2F)C1c1cc(Br)c(Br)cc1)	1.0	0	0.996	0.081	0.806
10	Cn1ncc2c1cccc2NS(=O)(=O)c1c(Cl)c(Cl)ccc1Cl	1.0	1	0.919	0.113	0.959
10	Cc1ccc(CN2C(=O)c3c(C2=O)c(NS(=O)(=O)c2ccc(C(C)(C)C)cc2)ccc3Cl)cc1	1.0	0	0.868	0.083	0.962
10	CNS(=O)(=O)c1ccc(CNC(=O)c2cccc3ccccc23)cc1	1.0	0	0.697	0.043	0.988
10	C#CCOc1nc(Cl)cnc1NS(=O)(=O)c1ccc(Cl)c(Cl)c1	1.0	1	0.962	0.102	0.934
10	O=C(c1cnccc1)c1cc(Cl)ccc1NS(=O)(=O)c1cccc(O)c1	1.0	0	0.905	0.096	0.977
10	CCCC=Cc1nc(Nc2ccc(S(=O)(=O)NC(C)(C)C)cc2)ccc1	1.0	0	0.625	0.048	0.956
10	COc1c(NS(=O)(=O)c2cc(Cl)ccc2)cccc1C	1.0	0	0.966	0.088	0.985
10	Cc1ccccc1C(=O)Nc1ccc(S(=O)(=O)NCCCN2CCCC2)cc1	1.0	0	0.512	0.033	0.985
10	CS(=O)(=O)NCC(C(=O)c1ccccc1)c1ccc(Cl)c(Cl)c1	1.0	0	0.966	0.069	0.942
10	Cc1cccc(NS(=O)(=O)c2ccc(Cl)cc2)c1C#N	1.0	1	0.974	0.101	0.983
10	CC(C)(Nc1ncc(Cl)cc1NS(=O)(=O)c1ccc(Cl)c(Cl)c1)	1.0	0	0.947	0.089	0.966
10	CCc1nc2nc(N)nn2c(O)c1Cc1cccc(Cl)c1Cl	1.0	1	1.0	0.164	0.916
10	N#Cc1ccc(Sc2cc(Cl)ccc2NS(=O)(=O)c2ccc(Cl)cc2)cc1	1.0	0	0.973	0.096	0.975
10	CC(=O)C1=C(O)C(=O)N(c2cc(F)ccc2)C1C1CCCCC1	1.0	0	0.999	0.09	0.917
10	Nc1nn2c(O)c(Cc3cccc(Cl)c3)c(C3CC3)nc2n1	1.0	1	1.0	0.161	0.922
10	COc1ccc(NC(=O)C2(c3ccc(C)cc3)CCCC2)cc1	1.0	0	0.875	0.049	0.985
10	O=S(=O)(Nc1cc(Cl)ccc1Cn1ccnn1)c1cccc(C(F)(F)F)c1	1.0	1	0.991	0.152	0.958
10	Cc1ccccc1C(=O)Nc1ccc(C(=O)Nc2cccc(C(F)(F)F)c2)cc1	1.0	0	0.599	0.04	0.989
10	COc1c(Cl)ccc(C(=O)c2cc(Cl)ccc2NS(=O)(=O)c2ccc(C(C)(C)C)cc2)c1	1.0	0	0.861	0.089	0.976
10	O=C(c1ccccc1)c1cc(Cl)ccc1NS(=O)(=O)c1cccc(Cl)c1	1.0	0	0.969	0.076	0.987
10	O=S(=O)(Nc1cc(Cl)ccc1Cn1ccnn1)c1cccc2nonc12	1.0	0	0.978	0.088	0.935
10	CC(C)(C)c1ccc(S(=O)(=O)Nc2ccc(Cl)cc2-c2c(O)cccn2)cc1	1.0	0	0.942	0.081	0.97
10	Cc1[n+]([O-])cc(C(=O)c2cc(Cl)ccc2NS(=O)(=O)c2ccc(C(C)(C)C)cc2)c1	0.0	0	0.0	0.0	0.0
10	CC(C)(C)c1ccc(S(=O)(=O)Nc2cc(F)ccc2C(=O)c2ccncc2)cc1	1.0	0	0.95	0.098	0.976
10	COc1nc(Cl)cnc1NS(=O)(=O)c1c(Cl)c(Cl)ccc1Cl	1.0	0	0.959	0.093	0.936
10	Nc1nn2c(O)c(Cc3cccc(C(F)(F)F)c3)c(C3CC3)nc2n1	1.0	1	1.0	0.174	0.912
10	CCOc1cc(Oc2ccc(Cl)cc2NS(=O)(=O)c2ccc(C(C)(C)C)cc2)ccn1	1.0	1	0.976	0.131	0.968
10	CCCCCc1nc2nc(N)nn2c(O)c1Cc1cccc(Cl)c1	1.0	1	0.999	0.166	0.937
10	CS(=O)(=O)Cc1ccc(C(=O)Nc2c(OC(=O)c3ccccc3)cccc2)cc1	1.0	0	0.618	0.041	0.986
10	CC(C)(C)c1ccc(S(=O)(=O)Nc2ccc(Cl)c3c2C(=O)N(CCc2cnccc2)C3=O)cc1	1.0	1	0.916	0.129	0.951
10	CC(=O)n1cc(C(=O)Nc2ccc(Cl)cc2NS(=O)(=O)c2ccc(Cl)cc2)cc1	1.0	0	0.871	0.06	0.962
10	COc1nc(CO)cnc1NS(=O)(=O)c1cccc(Cl)c1Cl	1.0	0	0.965	0.086	0.952
10	Cc1ccc(C(=O)c2cc(Cl)ccc2NS(=O)(=O)c2ccc(CC(C)C)cc2)cc1	1.0	0	0.95	0.071	0.982
10	Cn1nnnc1Cc1ccc(Cl)cc1NS(=O)(=O)c1ccc(Cl)c(Cl)c1	1.0	0	0.988	0.098	0.96
10	CC(=O)C1=C(O)C(=O)N(c2ccc(C)cc2)C1c1cc(Cl)ccc1	1.0	0	1.0	0.093	0.953
10	O=S(=O)(Nc1cc(Cl)c(Cl)cc1Cn1ccnn1)c1ccc(Cl)c(Cl)c1	1.0	1	0.989	0.103	0.951
10	O=C(C1CC1c1ccc(Cl)cc1)N1CCC(NS(=O)(=O)c2ccc(Cl)cc2)CC1	1.0	0	0.743	0.072	0.906
10	CCOC(=O)N1CCC(NS(=O)(=O)c2ccc(OCc3ccccc3)c3c2cccc3)CC1	1.0	0	0.61	0.06	0.974
10	Cc1cc(C(=O)c2cc(Cl)ccc2NS(=O)(=O)c2ccc(C(C)(C)C)cc2)ccc1	1.0	0	0.953	0.09	0.98
10	COc1nc(Cl)cnc1NS(=O)(=O)c1c(Cl)cc(C(F)(F)F)cc1	1.0	1	0.951	0.116	0.949
10	CC(C)NS(=O)(=O)c1cccc(C(=O)Nc2ncccc2O)c1	1.0	0	0.693	0.056	0.98
10	Cc1nnc(C(=O)c2cc(Cl)ccc2NS(=O)(=O)c2ccc(C(C)(C)C)cc2)cc1	1.0	0	0.922	0.089	0.965
10	COc1cc(Cc2ccccc2)ccc1=O	0.0	0	0.0	0.0	0.0
10	O=C(c1ccncc1)c1cc(Cl)ccc1NS(=O)(=O)c1ccc(Br)cc1	1.0	0	0.951	0.09	0.981
10	CNS(=O)(=O)c1ccc(CNC(=O)NC2CCN(Cc3ccccc3)CC2)cc1	1.0	0	0.52	0.034	0.982
10	COc1cc2c(cc1NS(=O)(=O)c1c(Cl)c(Cl)ccc1)no[n+]2[O-]	1.0	0	0.929	0.086	0.919
10	CC(=O)C1=C(O)C(=O)N(c2ccc(Cl)cc2)C1C1CCCCC1	1.0	0	1.0	0.092	0.927
10	Cc1ncc(C(=O)c2cc(Cl)ccc2NS(=O)(=O)c2ccc(C(C)(C)C)cc2)cc1	1.0	0	0.936	0.085	0.974
10	COc1nc(Cl)cnc1NS(=O)(=O)c1cccc(Cl)c1F	1.0	0	0.957	0.093	0.952
10	COc1cc2c(cc1NS(=O)(=O)c1c(Cl)c(Cl)ccc1)nc(O)n2C1CNC1	1.0	1	0.922	0.12	0.911
10	Cc1cccc(N2C(=O)C(O)=C(C(=O)c3ccccc3)C2C2CCCCC2)c1	1.0	1	0.996	0.174	0.927
10	CCc1nc2nc(N)nn2c(O)c1Cc1cccc(Cl)c1Cl	1.0	1	1.0	0.164	0.916
10	Cc1cc(N2C(=O)c3c(C2=O)c(NS(=O)(=O)c2ccc(C(C)(C)C)cc2)ccc3Cl)cc(Cl)n1	1.0	1	0.791	0.1	0.932
10	Cc1nn2c(O)c(Cc3ccccc3)c(Cc3ccccc3)nc2n1	1.0	0	0.997	0.091	0.963
10	N#Cc1cccn1CCC(NS(=O)(=O)c1cc(Cl)c(N)c(Cl)s1)	0.0	0	0.0	0.0	0.0
10	COc1ccc(Cc2c(O)n3nc(N)nc3nc2C2CC2)cc1	1.0	1	1.0	0.151	0.936
10	Nc1nn2c(O)c(Cc3cccc(Br)c3)c(C3CC3)nc2n1	1.0	1	1.0	0.149	0.913
10	CC(C)(C)c1ccc(S(=O)(=O)Nc2ccc(Cl)cc2-c2c(N)nc3ncnn32)cc1	0.0	0	0.0	0.0	0.0
10	N#Cc1cccn1CCC(=O)Nc1ccccc1N1C7CCSCC1	0.0	0	0.0	0.0	0.0
10	COc1c(Oc2ccc(Cl)cc2NS(=O)(=O)c2ccc(Cl)c(C(F)(F)F)c2)ccc1	0.0	0	0.0	0.0	0.0
10	CCOC(=O)N1CCC(NS(=O)(=O)c2ccc(NC(=O)c3ccccc3)c3ccccc23)CC1	1.0	0	0.575	0.07	0.974
10	Cc1cnc(N2C(=O)c3c(C2=O)c(NS(=O)(=O)c2ccc(C(C)(C)C)cc2)ccc3Cl)cc1	1.0	0	0.826	0.095	0.946
10	Cc1ccccc1C(=O)Nc1ccc(C(=O)Nc2ccccc2C(=O)c2ccncc2)cc1	1.0	0	0.604	0.047	0.984
10	O=S(=O)(NCCCN1CCC(O)(c2ccc(Cl)cc2)CC1)c1ccc(F)cc1	1.0	0	0.685	0.055	0.973
10	COc1cc2c(cc1NS(=O)(=O)c1c(Cl)c(Cl)ccc1)ncn2	0.0	0	0.0	0.0	0.0
10	CCNC(=O)Nc1cc(-c2nc(NC(=O)c3ccccc3N)ccc2Cl)ccc1Cl	1.0	0	0.554	0.053	0.968
10	O=S(=O)(NCCCN1CCC(O)(c2ccc(Cl)cc2)CC1)c1ccc(C(F)(F)F)cc1	1.0	0	0.64	0.055	0.964
10	Cc1c(C(=O)Nc2ccc(S(=O)(=O)NC3CCN(C(=O)c4ccccc4)CC3)c3c2cccc3)cccc1	1.0	0	0.005	0.005	0.972
10	COc1ccc(S(=O)(=O)Nc2ccc(Cl)cc2C(=O)Oc2cccc(Cl)c2)cc1	1.0	0	0.887	0.089	0.983
10	Cc1cccc(NS(=O)(=O)c2ccc(Cl)c(C(=O)Nc3ccc(Cl)cc3)c2)c1	1.0	0	0.862	0.053	0.987
10	COc1nc(F)cnc1NS(=O)(=O)c1cccc(Cl)c1Cl	1.0	1	0.953	0.109	0.948
10	O=S(=O)(Nc1cc(Cl)ccc1Cn1ccnn1)c1ccc(Cl)cc1	1.0	1	0.987	0.106	0.97
10	CC(=O)C1=C(O)C(=O)N(c2cc(F)c(C)cc2)C1C1CCCCC1	1.0	0	0.999	0.095	0.908
10	O=C(c1ccncc1)c1cc(Cl)ccc1NS(=O)(=O)c1cc(Cl)c2ccccc2c1	1.0	0	0.927	0.088	0.971
10	O=C(NCCN1CCCCC1)c1cccc(COc2cc(Cl)ccc2NS(=O)(=O)c2ccc(C(F)(F)F)cc2)c1	1.0	0	0.005	0.005	0.961
10	Cc1nn2c(O)cc(CSc3cccc(F)c3F)nc2n1	1.0	0	0.979	0.07	0.917
10	O=S(=O)(NCCCN1CCC(O)(c2ccc(Cl)cc2)CC1)c1ccc(F)cc1	1.0	0	0.685	0.055	0.973
10	N#Cc1cccn1CCCOc1ccccc1C=O	1.0	0	0.917	0.046	0.962
10	COc1nc(Br)cnc1NS(=O)(=O)c1cscc1Cl	1.0	0	0.942	0.068	0.878
10	Cc1c(N2C(=O)c3c(C2=O)c(NS(=O)(=O)c2ccc(C(C)(C)C)cc2)ccc3Cl)ccnc1	1.0	0	0.853	0.098	0.943
10	CC(C)(C)c1ccc(S(=O)(=O)Nc2ccc(Cl)cc2C(=O)c2cc[n+]([O-])cc2)cc1	1.0	0	0.923	0.08	0.958
10	CC(=O)C1=C(O)C(=O)N(c2ccc(C(F)(F)F)cc2)C1C1CCCCC1	1.0	1	0.999	0.1	0.907
10	COc1ccc(S(=O)(=O)Nc2ccc(Cl)cc2C(=O)Nc2ccccc2)cc1	1.0	0	0.968	0.087	0.989
10	COc1cc2c(cc1NS(=O)(=O)c1c(Cl)c(Cl)ccc1)nc(O)n2C1CNC1	1.0	1	0.922	0.12	0.911
10	CCCCCCCCc1nc2nc(N)nn2c(O)c1Cc1cccc(Cl)c1	1.0	1	0.999	0.146	0.937
10	COc1nc(NS(=O)(=O)c2ccc(Cl)cc2)c2ccccc2c1	1.0	0	0.937	0.098	0.979
10	COc1ccc(S(=O)(=O)Nc2ccc(Cl)cc2C(=O)Nc2ccccc2)cc1	1.0	0	0.968	0.087	0.989
10	COc1c(S(=O)(=O)NC(Cc2ccccc2)C(=O)c2ccccc2)c(C)ccc1	1.0	0	0.895	0.08	0.95
10	c1ccc(N2CCN(Cc3cnco3)CC2)cc1Cl	1.0	0	0.962	0.065	0.973
10	O=C(O)c1c(Oc2ccc(Cl)cc2NS(=O)(=O)c2ccc(Cl)c(Cl)c2)cccc1	1.0	0	0.937	0.08	0.98
10	CNS(=O)(=O)c1ccc(CNC(=O)c2cc(Cl)ccc2)cc1	1.0	0	0.843	0.039	0.99
10	O=S(=O)(Nc1cc(Cl)ccc1Cn1ccnn1)c1cccc2nonc12	1.0	0	0.978	0.088	0.935
10	O=S(=O)(Nc1cc(Cl)ccc1Cn1ccnn1)c1cccc(C(F)(F)F)c1	1.0	1	0.991	0.152	0.958
10	COc1nc(CO)cnc1NS(=O)(=O)c1cccc(Cl)c1Cl	1.0	0	0.965	0.086	0.952
10	COc1nc(F)c(F)nc1NS(=O)(=O)c1ccc(Cl)s1	1.0	0	0.966	0.08	0.907
10	Cn1c(=O)c(NCc2ccccc2)ccc1F	1.0	0	0.941	0.044	0.974
10	O=C(c1cnccc1)c1cc(Cl)ccc1NS(=O)(=O)c1ccc(Cl)cc1	1.0	0	0.961	0.08	0.983
10	Cc1cc(Oc2c(C(=O)O)cnc(C)c2)ccc1Oc1ncc(F)cc1NS(=O)(=O)c1ccc(Cl)c(Cl)c1	1.0	0	0.005	0.005	0.929
10	COc1c(Cl)ccc(N2C(=O)c3c(C2=O)cccc2NS(=O)(=O)C3C)c1	0.0	0	0.0	0.0	0.0
11	O=C(O)c1c(F)cccc1Oc1nc(Cl)cnc1NS(=O)(=O)c1ccc(Cl)c(Cl)c1	1.0	0	0.876	0.079	0.943
11	CCCCc1nc2nc(N)nn2c(O)c1Cc1cccc(Cl)c1	1.0	1	0.999	0.198	0.935
11	CC(C)(C)c1ccc(S(=O)(=O)Nc2ccc(Cl)cc2-c2c(N)nccn2)cc1	1.0	0	0.932	0.088	0.966
11	Cc1c(C(=O)c2cc(Cl)ccc2NS(=O)(=O)c2ccc(F)cc2)cccc1	1.0	0	0.968	0.083	0.985
11	O=S(=O)(Nc1cc(Cl)ccc1Cn1ccnn1)c1cccnc1[p+]c1	0.0	0	0.0	0.0	0.0
11	CC(=O)C1=C(O)C(=O)N(c2ccc(C)cc2)C1c1ccc(Br)cc1	1.0	0	0.999	0.089	0.953
11	Cc1ncc(CSc2ccccc2F)cc1Cl	1.0	0	0.932	0.056	0.974
11	O=C(O)c1ccc(Oc2cc(Cl)cc(N3C(=O)cccc3N3CCCCC3)c2)cc1	1.0	0	0.75	0.059	0.961
11	CC(C)(c1ccc(S(=O)(=O)Nc2ccc(Cl)cc2C(=O)c2ccncc2)cc1)C	1.0	0	0.943	0.081	0.977
11	COc1ccc(S(=O)(=O)Nc2ccc(Cl)cc2C(=O)c2ccncc2)cc1	1.0	0	0.949	0.092	0.983
11	O=S(=O)(Nc1cc(Cl)ccc1Cn1ccnn1)cccc1	0.0	0	0.0	0.0	0.0
11	COc1nc(Br)cnc1NS(=O)(=O)c1cccc(Cl)c1Cl	1.0	0	0.941	0.086	0.95
11	COc1ccc(C(=O)Cn2nc(C)cc2C(=O)c2ccccc2)cc1	1.0	0	0.923	0.091	0.981
11	O=C(c1cnccc1)c1cc(Cl)ccc1NS(=O)(=O)c1ccc(C(C)(C)C)cc1	1.0	0	0.942	0.083	0.977
11	CN1CCN(C2CC(=O)N(c3ccc(Cl)cc3)C2=O)CC1	1.0	0	0.951	0.099	0.952
11	COc1nn(C)c2c1c(NS(=O)(=O)c1cccc(Cl)c1Cl)nc(C)n2	1.0	0	0.941	0.081	0.936
11	CCOC(=O)N1CCC(NS(=O)(=O)c2ccc(NC(=O)N3CCCCC3)c3ccccc23)CC1	1.0	0	0.579	0.07	0.964
11	O=C(c1ccncc1)c1cc(Cl)ccc1NS(=O)(=O)c1cc(Br)ccc1	1.0	0	0.942	0.081	0.978
11	CS(=O)(=O)Nc1cc(CN(Cc2ccc(F)cc2)CC(=O)N(C)C)ccc1Cl	1.0	0	0.796	0.046	0.971
11	CCc1nc2nc(N)nn2c(O)c1Cc1cccc(Cl)c1Cl	1.0	1	1.0	0.164	0.916
11	Cc1c(C(=O)c2cc(Cl)ccc2NS(=O)(=O)c2ccc(Br)cc2)cccn1	1.0	0	0.944	0.08	0.977
11	Nc1nn2c(O)c(Cc3cccc(Br)c3)c(C3CC3)nc2n1	1.0	1	1.0	0.149	0.913
11	Cc1ccc(-c2ccncc2NS(=O)(=O)c2ccc(C(C)(C)C)cc2)cc1	1.0	0	0.948	0.081	0.98
11	COc1nc(F)ccc1C1c2c(C(=O)Nc3ccccc3)noc2CCN1CCC(C)O	1.0	0	0.812	0.088	0.669
11	COc1nc(CO)ncc1NS(=O)(=O)c1cccc(Cl)c1Cl	1.0	0	0.969	0.096	0.944
11	CCc1ccc(S(=O)(=O)Nc2ccc(Cl)cc2C(=O)c2ccncc2)cc1	1.0	0	0.952	0.069	0.981
11	CN(C)c1ccc(S(=O)(=O)NC(=O)N2CCC(N3CCC(Oc4ccc(Cl)cc4Cl)CC3)CC2)cc1	1.0	0	0.005	0.005	0.946
11	O=C(O)c1c(Oc2ccc(Cl)cc2NS(=O)(=O)c2ccc(Cl)cc2)ccc[n+]1[O-]	1.0	0	0.952	0.089	0.951
11	Cc1ccc(N2C(=O)C(O)=C(C(C)=CC3CC3)N2c2ccc(C)cc2)cc1	1.0	1	0.995	0.124	0.925
11	Cc1cc(N2C(=O)c3c(C2=O)c(NS(=O)(=O)c2ccc(C(C)(C)C)cc2)ccc3Cl)ccn1	1.0	0	0.797	0.096	0.944
11	CC1CCN(C(=O)C(CCn2cccc2C#N)NS(=O)(=O)c2cc(Cl)c(N)c(Cl)c2)CC1	1.0	0	0.8	0.067	0.801
11	CCc1ccc(N(C(=O)Cc2ccccc2)C(=O)c2ccccc2)cc1	1.0	0	0.927	0.055	0.986
11	O=C(O)c1ccccc1Oc1ccc(Cl)cc1CS(=O	0.0	0	0.0	0.0	0.0
11	CS(=O)(=O)c1ccc(S(=O)(=O)Nc2ccc(Cl)cc2C(=O)c2cnccn2)cc1	1.0	0	0.919	0.064	0.968
11	CC(=O)C1=C(O)C(=O)N(c2ccc(F)cc2F)C1c1cc(Cl)ccc1	1.0	1	1.0	0.101	0.932
11	O=C(O)c1c(Oc2ccc(Cl)cc2NS(=O)(=O)c2cc(Cl)c(Cl)cc2)cccc1	1.0	0	0.937	0.08	0.98
11	O=C(O)c1c(Oc2ccc(F)cc2NS(=O)(=O)c2ccc(Cl)c(Cl)c2)cccc1	1.0	0	0.938	0.089	0.979
11	O=C(O)c1c(Oc2ccc(Cl)cc2NS(=O)(=O)c2ccc(Cl)cc2)cccc1	1.0	0	0.975	0.086	0.984
11	Cc1c(C(=O)c2cc(Cl)ccc2NS(=O)(=O)c2ccc(Cl)cc2)cccc1	1.0	0	0.968	0.076	0.985
11	CNS(=O)(=O)c1cccc(C(=O)Nc2ccc(Cl)cc2C(=O)c2ccncc2)c1	1.0	0	0.797	0.056	0.978
11	Cc1[n+]([O-])cc(C(=O)c2cc(Cl)ccc2NS(=O)(=O)c2ccc(C(C)(C)C)cc2)cc1	1.0	0	0.916	0.086	0.948
11	COc1nc2c(cc1NS(=O)(=O)c1c(Cl)c(Cl)ccc1)nc(O)[nH]2	1.0	0	0.971	0.088	0.912
11	CC(C)(C)NS(=O)(=O)c1ccc(S(=O)(=O)Nc2ccc(Cl)cc2C(=O)c2ccncc2)cc1	1.0	0	0.852	0.056	0.965
11	COc1nc(C)cnc1NS(=O)(=O)c1cccc(Cl)c1Cl	1.0	1	0.953	0.109	0.964
11	CNc1cc(C)nc(NS(=O)(=O)c2ccc(Cl)cc2)c1	1.0	0	0.916	0.061	0.977
11	C=C(C)COc1nc(Cl)cnc1NS(=O)(=O)c1cccc(Cl)c1Cl	1.0	1	0.949	0.12	0.932
11	COCC(=O)N1CCC(NS(=O)(=O)c2ccc(NC(=O)c3c(C)cccc3)c3c2cccc3)CC1	1.0	0	0.538	0.061	0.968
11	Cc1cc(C(=O)c2cc(Cl)ccc2NS(=O)(=O)c2ccc(C)cc2F)ccc1	1.0	0	0.971	0.093	0.979
11	Cc1ccc(C(=O)c2cc(Cl)ccc2NS(=O)(=O)c2ccc(C(C)(C)c3cnco3)cc2)cc1	1.0	0	0.802	0.083	0.941
11	CC(C)(C)c1ccc(S(=O)(=O)Nc2ccc(Cl)cc2-c2c(Cn2cccc2)COc2ccccc2)cc1	0.0	0	0.0	0.0	0.0
11	O=S(=O)(Nc1cc(Cl)ccc1Cn1ccnn1)c1c(Cl)cccc1	1.0	1	0.985	0.118	0.966
11	O=S(=O)(Nc1cc(Cl)ccc1Cn1ccnn1)c1cc(Cl)c(Cl)s1	1.0	1	0.989	0.114	0.922
11	CC(=O)C1=C(O)C(=O)N(c2ccc(C)cc2)C1c1ccccc1	1.0	0	1.0	0.091	0.963
11	CC(=O)C1=C(O)C(=O)N(c2cc(F)c(N)cc2)C1C1CCCCC1	1.0	0	0.998	0.083	0.887
11	Cc1cc(C(=O)c2cc(Cl)ccc2NS(=O)(=O)c2ccc(OC(C)C)cc2)ccn1	1.0	0	0.865	0.067	0.972
11	Cc1ccc(S(=O)(=O)Nc2ccc(Cl)cc2C(=O)c2ccncc2)cc1	1.0	0	0.961	0.097	0.983
11	O=S(=O)(Nc1cc(Cl)ccc1Cn1ccnn1)c1ccc(Cl)cc1	1.0	1	0.987	0.106	0.97
11	O=C(C1CCN(Cc2cc(=O)oc3cc(C(F)(F)F)ccc23)CC1	0.0	0	0.0	0.0	0.0
11	COc1nc(CO)cnc1NC(=O)c1ccc(Cl)cc1Cl	1.0	0	0.959	0.055	0.966
11	Cn1c(CSc2ncccn2)nc2c1c(=O)n(Cc1ccccc1)c2O	0.0	0	0.0	0.0	0.0
11	CCc1nc2nc(N)nn2c(O)c1Cc1cccc(Cl)c1Cl	1.0	1	1.0	0.164	0.916
11	CC(=O)C1=C(O)C(=O)N(c2ccc(Cl)cc2)C1C1CCCCC1	1.0	0	1.0	0.092	0.927
11	O=C(NCCNS(=O)(=O)c1ccc(Cl)cc1)NS(=O)(=O)c1ccccc1	1.0	0	0.769	0.044	0.982
11	O=S(=O)(Nc1cc(Cl)ccc1Cn1ccnn1)c1c(C(c(F)(F)(F[se])F)oc2c1)C1CCCN=C1C2	0.0	0	0.0	0.0	0.0
11	COc1cc(Oc2ccc(C(=O)c3ccccc3)cc2)ccc1O	1.0	0	0.833	0.062	0.99
11	CC(C)(C)c1ccc(S(=O)(=O)Nc2ccc(Cl)cc2-c2c(N)nccn2)cc1	1.0	0	0.932	0.088	0.966
11	O=S(=O)(Nc1c(Cl)cccc1Cl)c1ccccc1	1.0	0	0.952	0.064	0.99
11	COc1nc(CO)cnc1NS(=O)(=O)c1cccc(Cl)c1Cl	1.0	0	0.965	0.086	0.952
11	COc1ccc(S(=O)(=O)Oc2ccc(C(C)N3C(=O)c4ccccc4C3=O)cc2)cc1	1.0	0	0.808	0.062	0.945
11	CCCC(=O)C1=C(O)C(=O)N(c2ccccc2)C1C1CCCCC1	1.0	0	0.999	0.091	0.917
11	COc1cc2c(cc1NS(=O)(=O)c1c(Cl)c(Cl)ccc1)nc(O)n2C1CNC1	1.0	1	0.922	0.12	0.911
11	O=S1(=O)NC(NC2CCCC2)=NC1=O	1.0	0	0.813	0.041	0.794
11	Cc1cc(Oc2ccc(C(=O)c3ccccc3)cc2)cc(NC(=O)c2ccccc2)c1	1.0	0	0.629	0.059	0.987
11	COc1nc(CO)cnc1NS(=O)(=O)c1cccc(Cl)c1Cl	1.0	0	0.965	0.086	0.952
11	O=C(NCCNC(=O)c1ccc(Oc2ccc(Cl)cc2)cc1)NN	1.0	0	0.7	0.054	0.985
11	COc1cc(C(=O)Nc2ccc(S(=O)(=O)Nc3ncccn3)cc2)c(C)cc1	1.0	0	0.534	0.046	0.982
11	CC(C)Sc1ccc(S(=O)(=O)Nc2ccc(Cl)cc2C(=O)c2ccncc2)cc1	1.0	0	0.867	0.081	0.97
11	O=C(c1cnccc1)c1ccc(F)cc1FSc1ccccc1F	0.0	0	0.0	0.0	0.0
11	Cc1cccnc1CN1CCC(Nc2ncnc3sc(C(=O)O)cc23)CC1	1.0	0	0.685	0.051	0.948
11	CCCc1nc2nc(N)nn2c(O)c1Cc1cccc(Cl)c1Cl	1.0	1	0.999	0.19	0.916
11	O=C(O)c1c(Oc2ccc(Cl)cc2NS(=O)(=O)c2ccc(Cl)cc2)cccc1	1.0	0	0.975	0.086	0.984
11	O=S(=O)(Nc1cc(Cl)cnc1Oc1cnccc1)c1ccccn1	1.0	1	0.929	0.1	0.961
11	Cc1c(C(=O)c2cc(Cl)ccc2NS(=O)(=O)c2ccc(F)cc2)cccc1	1.0	0	0.968	0.083	0.985
11	COc1cc(Cn2nc(NS(=O)(=O)c3ccc(Cl)s3)c3c(OC)cccc32)ccc1	1.0	0	0.904	0.083	0.958
11	CC(=O)C1=C(O)C(=O)N(c2ccc(C(F)(F)F)cc2)C1C1CCCCC1	1.0	1	0.999	0.1	0.907
11	Cc1cc(C(=O)c2cc(Cl)ccc2NS(=O)(=O)c2ccc(-c3cnc(C)o3)cc2)ccn1	1.0	0	0.861	0.089	0.956
11	O=C(c1cnccc1)c1cc(Cl)ccc1NS(=O)(=O)c1ccc(C(F)(F)F)cc1	1.0	0	0.953	0.093	0.976
11	Nc1nn2c(O)c(Cc3cccc(Br)c3)c(-c3ccccc3)nc2n1	1.0	1	0.999	0.126	0.953
11	Nc1nn2c(O)c(Cc3cccc(Cl)c3)c(-c3ccccc3)nc2n1	1.0	1	1.0	0.135	0.957
11	c1ccc(C2=NN(C(=O)c3ccccc3)C3CCCCC32)cc1	1.0	0	0.961	0.076	0.905
11	O=C(c1ccccn1)c1cc(Cl)ccc1NS(=O)(=O)c1cc(Br)ccc1	1.0	0	0.944	0.071	0.978
11	CN(C)c1c(C#N)c(N)nc(N)c1C#N	1.0	0	0.773	0.045	0.881
11	CC1(c2ccc(S(=O)(=O)Nc3ccc(Cl)cc3C(=O)c3ccncc3)cc2)CCOCC1	1.0	0	0.908	0.093	0.949
11	COc1ccc(C(=O)c2cc(Cl)ccc2NS(=O)(=O)c2ccc(CC(C)C)cc2)cc1	1.0	0	0.929	0.068	0.982
11	CC(C)(C)c1ccc(S(=O)(=O)Nc2ccc(Cl)cc2C(=O)c2cc[n+]([O-])cc2)cc1	1.0	0	0.923	0.08	0.958
11	COc1cc2c(cc1NS(=O)(=O)c1c(Cl)c(Cl)ccc1)nc(O)n2C1CNC1	1.0	1	0.922	0.12	0.911
11	Nc1cnn(CC(=O)N2CCCC2)c1Cl	1.0	0	0.918	0.052	0.952
11	CC(=O)C1=C(O)C(=O)N(c2ccc(C)cc2)C1C1CCCCC1	1.0	0	1.0	0.093	0.929
11	CCCCCCc1nc2nc(N)nn2c(O)c1Cc1cccc(Cl)c1	1.0	1	0.998	0.162	0.937
11	CC(=O)C1=C(O)C(=O)N(c2ccc(Br)cc2F)C1C1CCCCC1	1.0	0	0.999	0.093	0.892
12	Cn1cc(C(=O)c2cc(Cl)ccc2NS(=O)(=O)c2ccc(C(C)(C)C)cc2)cc1	1.0	0	0.958	0.086	0.965
12	CCNc1nc(NS(=O)(=O)c2cccc(Cl)c2)c2ccccc2n1	1.0	0	0.933	0.098	0.977
12	COc1ccc(Cn2nc(Br)cc2C(=O)c2ccccc2)cc1	1.0	0	0.938	0.077	0.978
12	O=C(O)c1c(Oc2ccccc2NS(=O)(=O)c2ccc(Cl)cc2)cccc1	1.0	0	0.973	0.099	0.986
12	COc1nc(Br)cnc1NS(=O)(=O)c1ccc(Cl)c(Cl)c1	1.0	1	0.949	0.1	0.96
12	Cc1cc(Oc2c(C(=O)O)cccc2S(=O)(=O)c2ccc(S(C)(=O)=O)cc2)ccn1	1.0	0	0.807	0.098	0.96
12	O=C(NCCNc1cc(Cl)ccc1NS(=O)(=O)c1ccc(Cl)c(Cl)c11	0.0	0	0.0	0.0	0.0
12	Cc1ncc(C(=O)c2cc(Cl)ccc2NS(=O)(=O)c2ccc(CC(C)C)cc2)cc1	1.0	0	0.926	0.083	0.975
12	O=C(c1cnccc1)c1cc(Cl)ccc1NS(=O)(=O)c1ccc(Cl)cc1	1.0	0	0.961	0.08	0.983
12	CCCc1nc2nc(N)nn2c(O)c1Cc1cccc(Cl)c1	1.0	1	1.0	0.185	0.934
12	CC(C)(C)c1ccc(S(=O)(=O)Nc2ccc(Cl)cc2C(=O)c2cc[n+]([O-])cc2)c(C#Cc2ccc(OCCN)cc2)c1	1.0	0	0.005	0.005	0.881
12	Cc1cc(C(=O)NCC(=O)F)ccc1NS(=O)(=O)c1ccc(Cl)c(Cl)c1	1.0	0	0.707	0.055	0.97
12	O=C(O)c1c(F)cc(C(F)(F)F)cc1NS(=O)(=O)c1ccc(Cl)cc1Cl	1.0	1	0.946	0.109	0.963
12	CC(C)(C)c1ccc(S(=O)(=O)Nc2ccc(Cl)c3c2C(=O)N(c2ncccc2)C3=O)cc1	1.0	0	0.808	0.083	0.952
12	Cc1nc(C(=O)c2cc(Cl)ccc2NS(=O)(=O)c2ccc(-c3cnc(N)cn3)cc2)ccn1	1.0	0	0.836	0.085	0.942
12	CC(=O)C(=O)N1CCC(NS(=O)(=O)c2ccc(Cl)cc2)CC1	1.0	0	0.844	0.053	0.977
12	COc1nc2c(nc(O)[nH]2)nc1NS(=O)(=O)c1c(Cl)cccc1	1.0	0	0.989	0.095	0.915
12	Cn1ncc2c1ncnc2NS(=O)(=O)c1c(Cl)c(Cl)cc(C(Cl)C(Cl)F)c1	1.0	1	0.882	0.107	0.607
12	O=C(O)c1ccc(Oc2ccc(Cl)cc2NS(=O)(=O)c2ccc(Cl)cc2)cc1	1.0	0	0.961	0.1	0.986
12	O=C(O)c1ccccc1Cc1ccc2cc(C(F)(F)F)ccc2c1	1.0	0	0.954	0.057	0.984
12	O=C(O)c1c(-c2ccccc2)cccc1Oc1ccccc1Cc1ccc(Cl)cc1Cl	1.0	0	0.93	0.076	0.977
12	O=C(c1ccncc1)c1cc(Cl)ccc1NS(=O)(=O)c1ccc(I)cc1	1.0	0	0.95	0.089	0.977
12	CCCc1nc2nc(N)nn2c(O)c1Cc1cc(Br)cc(Cl)c1	1.0	1	0.999	0.173	0.898
12	COc1cc2c(cc1NS(=O)(=O)c1c(Cl)c(Cl)ccc1)nc(O)n2C1CN(C(C)=O)C1	1.0	1	0.897	0.127	0.914
12	COc1nc(Cl)cnc1NS(=O)(=O)c1ccc(Cl)c(C(F)(F)F)c1N	1.0	0	0.909	0.076	0.9
12	CC(=O)c1ccc(S(=O)(=O)Nc2ccc(Cl)cc2C(=O)c2ccncc2)cc1	1.0	0	0.946	0.07	0.98
12	O=C(NCCNC(=O)c1ccccc1)c1ccccc1Cc1ccc(Cl)cc1F	1.0	0	0.907	0.067	0.984
12	O=C(c1ccncc1)c1cc(Cl)ccc1NS(=O)(=O)c1ccc(N2CCCC2C(=O)O)cc1	1.0	0	0.845	0.074	0.919
12	CCOC(=O)N1CCC(NS(=O)(=O)c2cccc3c2cccc3N2C(=O)c3ccccc3C2=O)CC1	1.0	0	0.005	0.005	0.96
12	COc1nc(Cl)cnc1NS(=O)(=O)c1cccc(Cl)c1Cl	1.0	0	0.953	0.091	0.955
12	O=S(=O)(Nc1cc(Cl)ccc1Cn1ccnn1)c1cc(Cl)c(Cl)s1	1.0	1	0.989	0.114	0.922
12	O=C(c1ccncc1)c1cc(Cl)ccc1NS(=O)(=O)c1ccc(-c2cocn2)cc1	1.0	0	0.912	0.072	0.956
12	Nc1nn2c(O)c(Cc3cccc(Cl)c3)c(C3CCCC3)nc2n1	1.0	1	0.999	0.2	0.924
12	COc1nc(Br)cnc1NS(=O)(=O)c1cccc(Cl)c1	1.0	0	0.944	0.083	0.963
12	COc1cc(-c2c(C)n(C)c(NS(=O)(=O)c3cccc(Cl)c3)n2)ccc1N	1.0	0	0.892	0.098	0.952
12	CC(C)(c1ncco1)c1ccccc1Cl	1.0	0	0.887	0.045	0.932
12	c1ccc(Cc2nc3ccccc3nc2Oc2ccc(C(F)(F)F)cc2)cc1	1.0	0	0.978	0.071	0.978
12	CC(=O)C1=C(O)C(=O)N(c2ccc(Br)cc2F)C1C1CCCCC1	1.0	0	0.999	0.093	0.892
12	Cc1cc(Oc2c(C(=O)OCC(=O)O)cccc2)ccc1NCCn1nc(C(=O)c2ccccc2)cc1Cl	1.0	0	0.005	0.005	0.941
12	COc1nc(Br)cnc1NS(=O)(=O)c1ccc(Cl)s1	1.0	0	0.947	0.073	0.934
12	CS(=O)(=O)Nc1cc(CSc2ccc(Cl)cc2)ccc1	1.0	0	0.929	0.055	0.986
12	CCCCCc1nc2nc(N)nn2c(O)c1Cc1cc(Br)cc(C)c1	1.0	1	0.998	0.158	0.908
12	Cc1nn(Cc2cccc(C(=O)c3ccccc3)c2)cc1	1.0	0	0.925	0.071	0.986
12	CN(C)C(=O)C(C)(C)c1ccc(S(=O)(=O)Nc2ccc(Cl)cc2C(=O)c2ccc(Cl)cc2)cc1	1.0	0	0.916	0.073	0.963
12	COCC(=O)N1CCC(Oc2ccc(S(=O)(=O)c3ccccc3)cc2C(=O)NC)C1	1.0	0	0.681	0.066	0.923
12	Cc1cc(N2C(=O)c3c(C2=O)c(NS(=O)(=O)c2ccc(C(C)(C)C)cc2)ccc3Cl)cnc1	1.0	0	0.797	0.096	0.939
12	O=C(NS(=O)(=O)c1ccc(Cl)cc1)c1ccccc1	1.0	0	0.908	0.048	0.993
12	COc1nc(Cl)cnc1NS(=O)(=O)c1cccc(Cl)c1Cl	1.0	0	0.953	0.091	0.955
12	O=C(c1cnccc1)c1cc(Cl)ccc1NS(=O)(=O)c1ccc(Cl)c(Cl)c1	1.0	0	0.924	0.078	0.978
12	CC(=O)C1=C(O)C(=O)N(c2ccc(Br)cc2F)C1C1CCCCC1	1.0	0	0.999	0.093	0.892
12	Cc1ccc(-c2nc3nc(N)nn3c(O)c2Cc2cccc(Cl)c2)cc1	1.0	1	1.0	0.148	0.954
12	Cc1cc(C(=O)c2cc(Cl)ccc2NS(=O)(=O)c2ccc(C(C)(C)C)cc2)ccn1	1.0	0	0.877	0.085	0.972
12	CC(=O)Nc1ccc(S(=O)(=O)Nc2ccc(Cl)cc2C(=O)c2c(C)nccc2)cc1	1.0	0	0.914	0.072	0.976
12	CC(=O)C1=C(O)C(=O)N(c2ccc(Br)cc2F)C1C1CCCCC1	1.0	0	0.999	0.093	0.892
12	CC(=O)C1=C(O)C(=O)N(c2ccc(C)cc2)C1c1ccc(Cl)cc1	1.0	0	1.0	0.092	0.958
12	O=C(C1CCN(c2ncccn2)CC1)c1cccc(Cl)c1	1.0	0	0.93	0.065	0.981
12	Nc1nn2c(O)c(Cc3cccc(Br)c3)c(C3CC3)nc2n1	1.0	1	1.0	0.149	0.913
12	CC(C)(C)c1ccc(S(=O)(=O)Nc2ccc(Cl)c3c2C(=O)N(c2nccc(C#N)c2)C3=O)cc1	1.0	0	0.758	0.089	0.93
12	O=S(=O)(Nc1cc(Cl)ccc1Cn1ccnn1)c1cc(Cl)c(Cl)s1	1.0	1	0.989	0.114	0.922
12	Cc1ccc(Nc2nc(C(=O)c3cc(F)ccc3)cs2)cc1	1.0	0	0.849	0.05	0.982
12	COc1nc(Cl)cnc1NS(=O)(=c1ccc(Cl)c(Cl)c1Cl	0.0	0	0.0	0.0	0.0
12	Cn1nnnc1Cc1ccc(Cl)cc1NS(=O)(=O)c1ccc(Cl)c(Cl)c1	1.0	0	0.988	0.098	0.96
12	COc1c2c(NS(=O)(=O)c3cccc(Cl)c3Cl)nn(C)c2ccc1C	1.0	0	0.879	0.089	0.949
12	CCOC(=O)C1=C(OC(=O)c2ccccc2)c2ccccc2OC1=O1	0.0	0	0.0	0.0	0.0
12	CC(C)NS(=O)(=O)c1cccc(CNC(=O)c2cccc3ccccc23)c1	1.0	0	0.627	0.05	0.985
12	O=C(O)c1c(Oc2ncccc2NS(=O)(=O)c2ccc(Cl)c(Cl)c2)cccc1	1.0	0	0.914	0.085	0.976
12	Nc1nn2c(O)c(Cc3cccc(Br)c3)c(C3CC3)nc2n1	1.0	1	1.0	0.149	0.913
12	CS(=O)(=O)NC(=O)c1cc(C(Cc2ccc(C(F)(F)F)cc2)c2ccc(Cl)cc2)ccc1	1.0	0	0.802	0.064	0.931
12	O=S(=O)(Nc1cc(Cl)ccc1Cn1ccnn1)c1cccc2nonc12	1.0	0	0.978	0.088	0.935
12	CC1(c2ccc(S(=O)(=O)Nc3ccc(Cl)cc3C(=O)c3ncccc3)cc2)CCOCC1	1.0	0	0.853	0.084	0.947
12	CCCCCCc1nc2nc(N)nn2c(O)c1Cc1cccc(Cl)c1	1.0	1	0.998	0.162	0.937
12	CC(C)(C)c1ccc(S(=O)(=O)Nc2ccc(Cl)cc2C(=O)c2ccc[n+]([O-])c2)cc1	1.0	0	0.923	0.08	0.956
12	COc1nc(CO)cnc1NS(=O)(=O)c1cccc(Cl)c1Cl	1.0	0	0.965	0.086	0.952
12	C1=C(c2cnc3ccccn23)c2ccccc2CCCCO1	1.0	0	0.935	0.072	0.862
12	CCCCc1nc2nc(N)nn2c(O)c1Cc1cccc(Cl)c1	1.0	1	0.999	0.198	0.935
12	CN(C)C(=O)CCc1ccc(S(=O)(=O)Nc2ccc(Cl)cc2C(=O)c2ccncc2)cc1	1.0	0	0.811	0.071	0.971
12	O=C(C1=C(O)C(=O)N(c2ccc(Br)cc2F)C1c1cc(Br)ccc1	0.0	0	0.0	0.0	0.0
12	COc1ccc(-n2c(SCc3nc(-c4ccccc4)no3)nc3ccccc32)cc1	1.0	0	0.826	0.096	0.978
12	CC(=O)NCc1cc(Cn2nc(NS(=O)(=O)c3ccc(Cl)s3)c3c(C(F)(F)F)cccc32)ccc1	1.0	0	0.68	0.06	0.926
12	CCC(=O)C1=C(O)C(=O)N(c2ccccc2)C1C1CCCCC1	1.0	0	0.999	0.086	0.919
12	O=C(O)c1c(F)cccc1Oc1ccc(Cl)cc1NS(=O)(=O)c1ccc(Cl)c(Cl)c1	1.0	0	0.931	0.091	0.972
12	Cc1cc(C(=O)c2cc(Cl)ccc2NS(=O)(=O)c2ccc(CC(C)C)cc2)ccn1	1.0	0	0.878	0.068	0.973
12	CC(C)(C)c1ccc(S(=O)(=O)Nc2ccc(Cl)cc2-c2c(N)nccn2)cc1	1.0	0	0.932	0.088	0.966
12	COc1nc(Br)cnc1NS(=O)(=O)c1ccc(Cl)cc1Cl	1.0	1	0.947	0.1	0.956
12	CCOC(=O)N1CCC(NS(=O)(=O)c2ccc(Cl)c3c2cccc3)CCO1	1.0	0	0.856	0.061	0.874
12	CC(=O)C1=C(O)C(=O)N(c2ccc(Br)cc2F)C1C1CCCCC1	1.0	0	0.999	0.093	0.892
12	O=C(c1ncccc1)c1cc(Cl)ccc1NS(=O)(=O)c1ccc(Cl)cc1	1.0	0	0.963	0.083	0.982
12	O=C(O)c1c(F)cccc1Oc1ccc(Cl)cc1NS(=O)(=O)c1ccc(Cl)c(Cl)c1	1.0	0	0.931	0.091	0.972
12	O=C(NCCN1CCCCC1)c1ccccc1NS(=O)(=O)c1ccc(Cl)c(Cl)c1	1.0	0	0.896	0.097	0.981
12	CS(=O)(=O)Nc1cc(CSc2cccc(F)c2F)ccc1	1.0	0	0.948	0.056	0.977
12	COc1nc(CO)cnc1NS(=O)(=O)c1cccc(Cl)c1Cl	1.0	0	0.965	0.086	0.952
12	O=C(CSc1nc(-c2ccccc2)c(C(=O)c2ccccc2)c(C(=O)c2ccccc2)c1Cl	0.0	0	0.0	0.0	0.0
12	CC(C)(C)c1ccc(S(=O)(=O)Nc2ccc(Cl)cc2C(=O)c2ccncc2)cc1	1.0	0	0.943	0.081	0.977
12	CC1(c2ccc(S(=O)(=O)Nc3ccc(Cl)cc3C(=O)c3ccncc3)cc2)CCOCC1	1.0	0	0.908	0.093	0.949
12	O=C(NCCN1CCCC1)c1ccccc1-c1ccccc1Cl	1.0	0	0.89	0.063	0.989
12	CC(=O)C1=C(O)C(=O)N(c2ccc(Br)cc2F)C1C1CCCCC1	1.0	0	0.999	0.093	0.892
12	Cc1cc(C(=O)c2cc(Cl)ccc2NS(=O)(=O)c2ccc(-c3cnco3)cc2)ccc1	1.0	0	0.868	0.077	0.968
12	O=C(COC(=O)c1ccc(Cl)cc1)c1ccccc1Oc1ccc(Cl)cc1	1.0	0	0.902	0.056	0.988
12	COc1nc(F)cnc1NS(=O)(=O)c1ccc(Cl)c(C(F)(F)F)c1	1.0	1	0.948	0.116	0.944
12	CC(=O)C1=C(O)C(=O)N(c2ccc(Cl)cc2F)C1C1CCCCC1	1.0	1	1.0	0.1	0.9
13	CC(=O)C1=C(O)C(=O)N(c2ccc(Br)cc2F)C1C1CCCCC1	1.0	0	0.999	0.093	0.892
13	COc1cc(N2C(=O)c3c(C2=O)c(NS(=O)(=O)c2ccc(C(C)(C)C)cc2)ccc3Cl)cnc1	1.0	0	0.764	0.092	0.939
13	CNC(=O)c1cc(Oc2ccc(Cl)cc2NS(=O)(=O)c2ccc(C(C)(C)C)cc2)ccn1	1.0	1	0.966	0.118	0.967
13	Cc1nc2nc(N)nn2c(O)c1Cc1cccc(Cl)c1	1.0	1	1.0	0.145	0.95
13	CC(C)(C)c1ccc(S(=O)(=O)Nc2ccc(Cl)cc2C(=O)c2n[nH]cc2)cc1	1.0	0	0.941	0.077	0.944
13	Nc1nn2c(O)c(Cc3cccc(Cl)c3)c(C3CCCC3)nc2n1	1.0	1	0.999	0.2	0.924
13	CCCCCCCCCCCOc1ccc(C(=O)Nc2cccc3c2c(NS(=O)(=O)c2ccc(Cl)cc2)CCC3)cc1	0.0	0	0.0	0.0	0.0
13	CC(C)(C)c1ccc(S(=O)(=O)Nc2ccc(Cl)cc2-c2c(N)nccn2)cc1	1.0	0	0.932	0.088	0.966
13	CC(C)(C)c1ccc(S(=O)(=O)Nc2ccc(Cl)cc2C(=O)c2c(S(N)(=O)=O)cccc2)cc1	1.0	0	0.897	0.068	0.968
13	Cn1c(-c2c(Cl)cccc2)nc2c1c(=O)n(-c1ccccc1)c2Cn1cccn1	0.0	0	0.0	0.0	0.0
13	COc1nn(C)c2c1c(NS(=O)(=O)c1cc(Cl)sc1)ccc1cncc2	0.0	0	0.0	0.0	0.0
13	O=C(c1ccncc1)c1cc(Cl)ccc1NS(=O)(=O)c1ccc(N2CCOCC2)cc1	1.0	0	0.909	0.074	0.973
13	COc1cc2c(cc1NS(=O)(=O)c1c(Cl)c(Cl)ccc1)nc(O)n2C1CN(C(C)=O)C1	1.0	1	0.897	0.127	0.914
13	CNc1c(-c2cc(Cl)ccc2NS(=O)(=O)c2ccc(C(C)(C)C)cc2)nccn1	1.0	0	0.944	0.096	0.96
13	CC(C)(C)c1ccc(S(=O)(=O)Nc2ccc(Cl)cc2-c2c(O)c(C2)ncn2)O	0.0	0	0.0	0.0	0.0
13	CCOC(=O)C1=C(O)C(=O)N(c2ccc(Cl)cc2)C1C1CCCCC1	1.0	0	0.999	0.098	0.927
13	O=C(O)c1c(Oc2ccc(Cl)cc2NS(=O)(=O)c2ccc(Cl)cc2)cccc1	1.0	0	0.975	0.086	0.984
13	CC(=O)C1=C(O)C(=O)N(c2ccc(Br)cc2F)C1C1CCCCC1	1.0	0	0.999	0.093	0.892
13	CC1CCN(C(=O)C(CCN(O)C(N)=O)c2ccccc2)c2ccccc211	0.0	0	0.0	0.0	0.0
13	CC(=O)c1cccn1-c1cc(Cl)c(Cl)cc1NS(=O)(=O)c1ccc(-c2ccc(Cl)cc2)cc1	1.0	0	0.932	0.093	0.959
13	CC(=O)C1=C(O)C(=O)N(c2ccc(Br)cc2F)C1C1CCCCC1	1.0	0	0.999	0.093	0.892
13	Cc1ccc(N2C(=O)C(O)=C(C(=O)C3CC3)C2C2CCCCC2)cc1	1.0	0	0.999	0.099	0.914
13	N#CSC(=O)N1CCCCC1C#Cc1cc(Cl)ccc1N1CCNCC1	1.0	0	0.797	0.049	0.686
13	CCCc1nc2nc(N)nn2c(O)c1Cc1cccc(Cl)c1Cl	1.0	1	0.999	0.19	0.916
13	O=C(O)c1cccnc1C(=O)c1ccncc1c1ccc(-c2cc(Cl)ccc2C(=O)c2ccncc2)cc1	1.0	0	0.005	0.005	0.943
13	O=C(NC1CCN(Cc2ccc3cc(F)ccc3c2)CC1)NS(=O)(=O)c1ccccc1	1.0	0	0.676	0.048	0.975
13	O=C(O)c1c(F)cccc1Oc1ccc(Cl)cc1NS(=O)(=O)c1ccc(Cl)c(Cl)c1	1.0	0	0.931	0.091	0.972
13	O=C(O)c1ccccc1Oc1c(F)cc(C(F)(F)F)cc1NS(=O)(=O)c1ccc(Cl)cc1	1.0	1	0.972	0.106	0.965
13	C=CCN(C(=O)Cc1ccccc1)c1nc(Cl)ncc1Cl	1.0	0	0.947	0.056	0.952
13	CCc1nc2nc(N)nn2c(O)c1Cc1cc(Cl)ccc1	1.0	1	1.0	0.158	0.935
13	COc1cc(Oc2ccc(S(C)(=O)=O)cc2)cc(F)c1O	1.0	0	0.946	0.056	0.982
13	O=C(O)c1c(Oc2ncccc2NS(=O)(=O)c2ccc(Cl)cc2)cccc1	1.0	1	0.944	0.109	0.981
13	O=S(=O)(Nc1ncc(Cl)nc1OCc1cc(Br)ccc1)c1cccc(Cl)c1	1.0	0	0.91	0.092	0.962
13	Cc1ccc(NC(=O)c2cccnc2)cc1Cl	1.0	0	0.921	0.052	0.992
13	CCCCCc1ccc(C(=O)Nc2ccccc2C(=O)Nc2ccc(Cl)cc2)cc1	1.0	0	0.524	0.042	0.99
13	CC(=O)Nc1ccc(S(=O)(=O)NCCc2csc(-c3cnccc3)n2)cc1	1.0	0	0.793	0.062	0.974
13	CCCCCCCNC(=O)Nc1ccc(S(=O)(=O)Nc2ccc(C(=O)NC)cc2)cc1	1.0	0	0.512	0.045	0.982
13	Cc1cc(C(=O)c2cc(Cl)ccc2NS(=O)(=O)c2ccc(C(C)C)cc2)ccc1	1.0	0	0.958	0.086	0.982
13	CC1(c2ccc(S(=O)(=O)Nc3ccc(Cl)cc3C(=O)c3ccncc3)cc2)CCOCC1	1.0	0	0.908	0.093	0.949
13	Cc1c(C(=O)Nc2cc(Cl)ccc2NS(=O)(=O)c2ccc(Cl)cc2)cccn1	1.0	0	0.951	0.073	0.981
13	Cc1ccc(S(=O)(=O)NC(CC(=O)N2CCC(N3CCC(Oc4ccc(Cl)c(Cl)c4)CC3)CC2)C(C)C)cc1	1.0	0	0.005	0.005	0.856
13	N#CC1(c2ccc(Cl)cc2)CCN(CCCNS(=O)(=O)c2ccccc2)CCO1C	0.0	0	0.0	0.0	0.0
13	Nc1nn2c(O)c(Cc3cccc(Cl)c3)c(C3CCCC3)nc2n1	1.0	1	0.999	0.2	0.924
13	Cc1ccc(S(=O)(=O)Nc2cc(Cl)ccc2Cn2ccnn2)cc1C	1.0	1	0.989	0.101	0.965
13	Nc1nn2c(O)c(Cc3ccc(Cl)cc3Cl)c(C3CCCC3)nc2n1	1.0	1	1.0	0.2	0.912
13	Cc1c(C(=O)c2cc(Cl)ccc2NS(=O)(=O)c2ccc(F)cc2)cccc1	1.0	0	0.968	0.083	0.985
13	Cc1ccccc1C(=O)Nc1ccc(S(=O)(=O)NCCCN2CCCCC2)cc1	1.0	0	0.534	0.033	0.984
13	O=c1sc2ncccc2c1=O	1.0	0	0.813	0.033	0.911
13	Nc1nn2c(O)c(Cc3ccccc3Cl)c(C3CC3)nc2n1	1.0	1	1.0	0.158	0.921
13	O=C(O)c1c(Oc2ccc(Cl)cc2NS(=O)(=O)c2ccc(Cl)cc2)cccc1	1.0	0	0.975	0.086	0.984
13	CC(=O)c1ccc(S(=O)(=O)NCc2cccc(C(F)(F)F)c2)cc1	1.0	0	0.83	0.047	0.986
13	COc1nc(Br)cnc1NS(=O)(=O)c1cc(Cl)c(Br)cc1	1.0	0	0.938	0.093	0.947
13	Cc1nc(C(=O)c2cc(Cl)ccc2NS(=O)(=O)c2ccc(-c3cnco3)cc2)ccc1	1.0	0	0.907	0.088	0.957
13	COc1c(Cl)cc(Cl)cc1-c1ccc(S(=O)(=O)Nc2ccc(Cl)cc2C(=O)c2ccncc2)cc1	1.0	0	0.869	0.08	0.963
13	N#Cc1cccn1CCC(=O)Nc1ccc(C(=O)O)cc1Cl	1.0	0	0.85	0.052	0.969
13	CC(=O)C1=C(O)C(=O)N(c2ccc(Br)cc2F)C1C1CCCCC1	1.0	0	0.999	0.093	0.892
13	COc1nc(Cl)cnc1NS(=O)(=O)c1cc(Cl)c(Cl)cc1Cl	1.0	1	0.961	0.111	0.95
13	Cc1ccc(S(=O)(=O)Nc2ccc(Cl)cc2C(=O)c2ccncc2)cc1	1.0	0	0.961	0.097	0.983
13	COc1ccc(SCc2ncc(Cl)cc2NS(=O)(=O)c2ccc(C(C)(C)C)cc2)cc1	1.0	0	0.822	0.088	0.963
13	CCCCCCCCCCCOc1nn(-c2ccc(Cl)cc2)c2c1C(=O)CCC2	1.0	0	0.754	0.051	0.958
13	COc1nc(Cl)cnc1NS(=O)(=O)c1ccc(Cl)c(C(F)(F)F)c1	1.0	1	0.948	0.115	0.951
13	Cc1ccc(C(=O)c2cc(Cl)ccc2NS(=O)(=O)c2ccc(CC(C)C)cc2)cc1	1.0	0	0.95	0.071	0.982
13	CC(C)(C)c1ccc(S(=O)(=O)Nc2ccc(Cl)cc2C(=O)c2ccncc2)cc1	1.0	0	0.943	0.081	0.977
13	O=C(c1ccncc1)c1cc(Cl)ccc1NS(=O)(=O)c1ccc([SeH](N)N=CC2=Cc3ccccc3OC2)cc1	1.0	0	0.005	0.005	0.58
13	CCCn1c(O)nc2c1cc(OC)c(NS(=O)(=O)c1c(Cl)c(Cl)ccc1)c2	1.0	1	0.954	0.103	0.946
13	CC(=O)C1=C(O)C(=O)N(c2ccc(Br)cc2F)C1C1CCCCC1	1.0	0	0.999	0.093	0.892
13	COc1ccc(S(=O)(=O)Nc2ccc(Cl)cc2C(=O)c2ccncc2)cc1	1.0	0	0.949	0.092	0.983
13	Cc1ccccc1C(=O)Nc1ccc(S(=O)(=O)NC(C)(C)C)cc1	1.0	0	0.664	0.035	0.988
13	CC(=O)C1=C(O)C(=O)N(c2ccc(Br)cc2F)C1C1CCCCC1	1.0	0	0.999	0.093	0.892
13	COc1cc(C(=O)Nc2ccc(Cl)cc2C(=O)c2ccncc2)ccc1	1.0	0	0.824	0.068	0.986
13	O=C(NCCNC(=O)c1ccccc1)c1ccccc1Oc1ccccc1	1.0	0	0.892	0.064	0.99
13	Cc1ccncc1C(=O)c1cc(Cl)ccc1NS(=O)(=O)c1ccc(C(C)(C)C)cc1	1.0	0	0.939	0.084	0.971
13	CCCC(=O)N1CCC(NS(=O)(=O)c2ccc(Cl)cc2)CC1	1.0	0	0.829	0.054	0.984
13	CC(C)(C)c1ccc(S(=O)(=O)Nc2ccc(Cl)cc2C(=O)c2ccncc2)cc1	1.0	0	0.943	0.081	0.977
13	CC(C)(C)c1ccc(S(=O)(=O)Nc2ccc(Cl)cc2C(=O)c2ccncc2)cc1	1.0	0	0.943	0.081	0.977
13	Nc1nn2c(O)c(Cc3cccc(F)c3)c(C3CC3)nc2n1	1.0	1	1.0	0.164	0.921
13	CC(C)(C)c1ccc(S(=O)(=O)Nc2ccc(F)cc2C(=O)c2cc(S(N)(=O)=O)c(Cl)cc2)cc1	1.0	0	0.748	0.08	0.966
13	Cc1nn(Cc2ccc(C(F)(F)F)cc2NS(=O)(=O)c2ccc(Cl)cc2)c1C	0.0	0	0.0	0.0	0.0
13	CC(=O)C1=C(O)C(=O)N(c2cc(F)ccc2)C1C1CCCCC1	1.0	0	0.999	0.09	0.917
13	N#Cc1cc(S(=O)(=O)Nc2cc(Cl)ccc2Cn2cncn2)ccc1	1.0	0	0.99	0.085	0.964
13	COc1nc(Cl)cnc1NS(=O)(=O)c1c(Cl)c(Cl)ccc1O	1.0	0	0.924	0.083	0.922
13	CC(=O)Nc1nc(CSc2cccnc2)ccc1	1.0	0	0.869	0.049	0.971
13	O=S(=O)(NCCCN1CCC(O)(c2ccc(Cl)cc2)CC1)c1cc2c(F)cccc2o1	1.0	0	0.695	0.059	0.936
13	COc1c2c(NS(=O)(=O)c3ccc(C)cc3)nn(Cc3ccccc3)c2ccc1	1.0	0	0.926	0.069	0.978
13	CCCC(=O)N1CC(NS(=O)(=O)c2ccc(Cl)cc2)CC1(C)C	1.0	0	0.853	0.053	0.887
13	Cc1ccc(C(=O)c2cc(Cl)ccc2NS(=O)(=O)c2ccc(-c3cnco3)cc2)cc1	1.0	0	0.922	0.077	0.971
13	N#CC1(c2ccc(Cl)cc2)N=C(N)S1CCCC(=O)N1CCCCC1COCC1(CF)CC1O	1.0	0	0.005	0.005	0.105
13	CC(C)(C)COc1ncnc(N2CCN(C)CC2)c1-c1ccc(Cl)cc1	1.0	0	0.95	0.059	0.957
13	O=C(O)c1ccccc1Oc1ncc(Cl)cc1NS(=O)(=O)c1ccc(Cl)c(Cl)c1	1.0	1	0.921	0.132	0.971
13	O=C(c1ccncc1)c1cc(Cl)ccc1NS(=O)(=O)c1ccc(N2CCCC2)cc1	1.0	0	0.931	0.09	0.977
13	Cc1c(C(=O)Nc2ccc(S(=O)(=O)N3CCCC3)cc2)cccc1	1.0	0	0.713	0.05	0.99
13	CC(C)(C)NC(=O)C1CCN(CCCc2ccccc2)CC1	1.0	0	0.723	0.053	0.987
13	CCCCCCCCC=CCCCC(=O)c1ccc(O)cc1Cn1ccnc1C	1.0	0	0.669	0.085	0.943
13	Cc1ccc(S(=O)(=O)Nc2cc(Cl)ccc2Cn2ccnn2)c(C(=O)c2ccccc2)c1	1.0	1	0.944	0.127	0.955
13	CC(C)NS(=O)(=O)c1cccc(CNC(=O)c2cccc3cccnc23)c1	1.0	0	0.671	0.049	0.979
13	CCCCCS(=O)(=O)NC(=O)NCCC(NC(=O)C(C)(C)C)C(C)OC1=CC(=C(I)Br)ccc1ccc1	0.0	0	0.0	0.0	0.0
13	O=C(c1cnccc1)c1cc(Cl)ccc1NS(=O)(=O)c1ccc(Cl)cc1	1.0	0	0.961	0.08	0.983
13	CC(=O)C1=C(O)C(=O)N(c2ccc(Cl)cc2F)C1C1CC1	1.0	0	0.999	0.074	0.9
13	Nc1nn2c(O)c(Cc3ccc(F)cc3)c(C3CC3)nc2n1	1.0	1	1.0	0.16	0.929
13	COc1ccc(COc2ccc(S(=O)(=O)Nc3ccccc3CC)cc2)cc1	1.0	0	0.526	0.044	0.988
14	O=S(=O)(Nc1ccc(Cl)cc1C(=O)c1ccccc1)c1cc(Cl)ccc1	1.0	0	0.969	0.076	0.987
14	O=C(O)c1c(F)cccc1Oc1ncc(C(F)(F)F)cc1NS(=O)(=O)c1ccc(C(F)(F)F)cc1	1.0	1	0.942	0.121	0.945
14	CCc1nc2nc(N)nn2c(O)c1Cc1cc(ccccc1Br(C)C	0.0	0	0.0	0.0	0.0
14	COc1c(NS(=O)(=O)c2c(Cl)c(Cl)ccc2)nc2nc(C(=O)NCc3ccccc3)c(C)n2c1	1.0	0	0.81	0.056	0.928
14	Cc1ccc(S(=O)(=O)NC(c2ccc(Cl)cc2)c2nc3ccccc3[nH]2)cc1	1.0	0	0.9	0.07	0.945
14	Cc1nc(CCN2C(=O)c3c(C2=O)c(NS(=O)(=O)c2ccc(C(C)(C)C)cc2)cc(NS(=O)(=O)c2ccc(CC(C)(C)C)cc2)cc3ccccc1	0.0	0	0.0	0.0	0.0
14	Cc1cc(N2C(=O)c3c(C2=O)c(NS(=O)(=O)c2ccc(C(C)(C)C)cc2)ccc3Cl)cnc1	1.0	0	0.797	0.096	0.939
14	CC(C)c1nc2nc(N)nn2c(O)c1Cc1cccc(Cl)c1c	0.0	0	0.0	0.0	0.0
14	N#Cc1ccccc1Oc1ccc(C(=O)c2ccccc2)cc1	1.0	0	0.864	0.067	0.99
14	COc1cc(C(=O)Nc2ccc(N3C(=O)c4cccc(Cl)c4C3=O)cc2)cc2ccccc1	0.0	0	0.0	0.0	0.0
14	N#CSCCN(C(=O)CCc1ccccc1)c1ccccc1	1.0	0	0.854	0.04	0.97
14	CC(=O)C1=C(O)C(=O)N(c2ccc(Cl)cc2)C1C1CCCCC1	1.0	0	1.0	0.092	0.927
14	Cc1cc(C(=O)c2cc(Cl)ccc2NS(=O)(=O)c2ccc(C(C)(C)C)cc2)ccn1	1.0	0	0.877	0.085	0.972
14	Nc1nn2c(O)c(Cc3cccc(Cl)c3)c(-c3ccccc3)nc2n1	1.0	1	1.0	0.135	0.957
14	Cc1ncc(CNc2nccn2Cc2cccc(Cl)c2)cc1	1.0	0	0.869	0.074	0.97
14	CC(=O)C1=C(O)C(=O)N(c2ccc(Cl)cc2)C1C1=C2CC3CC(C)(C)CC2C(CC1)C3(C)O	1.0	0	0.952	0.118	0.054
14	Cc1cc(C2(c3ccc(C)c(NS(C)(=O)=O)c3)C(=O)NCCO2)ccn1	1.0	0	0.877	0.071	0.745
14	O=S(=O)(Nc1cc(Cl)cnc1Oc1ccccc1)c1ccc(Cl)cc1	1.0	1	0.991	0.109	0.983
14	COc1nc(CO)cnc1NS(=O)(=O)c1cccc(Cl)c1Cl	1.0	0	0.965	0.086	0.952
14	O=C(c1ccncc1)c1cc(Cl)ccc1NS(=O)(=O)c1ccc(C(F)F)cc1	1.0	1	0.957	0.1	0.971
14	CC(C)Oc1ccc(S(=O)(=O)Nc2cccc3c2C(=O)N(c2c(Cl)occ2Cl)C3=O)cc1	1.0	1	0.818	0.107	0.915
14	CCC(=O)N1CCC(NS(=O)(=O)c2ccc(Cl)cc2)CC1	1.0	0	0.858	0.054	0.984
14	Cn1ncc2c1cccc2NS(=O)(=O)c1c(Cl)cc(Cl)cc1	1.0	0	0.928	0.088	0.975
14	COc1ccc(NS(=O)(=O)c2ccc(N(C)C)cc2)cc1	1.0	0	0.942	0.098	0.991
14	COc1ccc(Cn2nc(NS(=O)(=O)c3ccc(Cl)s3)c3c2cccc3OC)cc1	1.0	0	0.9	0.063	0.961
14	CC(C)(C)c1ccc(S(=O)(=O)Nc2ccc(Cl)cc2C(=O)c2cccnn2)cc1	1.0	0	0.929	0.089	0.965
14	CCCC(=O)N1CCC(NS(=O)(=O)c2ccc(NC(=O)C3CCOCC3)c3c2cccc3)CC1	1.0	0	0.564	0.056	0.958
14	O=C(NCc1ncccc1)c1cc(C(=O)c2ccc(Cl)cc2)ccc1	1.0	0	0.746	0.05	0.988
14	COc1nc(S(C)(=O)C(C)C)ccc1B(O)O	1.0	0	0.005	0.005	0.317
14	O=S(=O)(NCCNS(=O)(=O)c1ccc(C(F)(F)F)cc1Cl)c1cc(Cl)c(Cl)cc1	1.0	0	0.802	0.069	0.967
14	CC(C)(C)c1ccc(S(=O)(=O)Nc2ccc(Cl)cc2C(=O)c2ccncc2)cc1	1.0	0	0.943	0.081	0.977
14	Cc1c(Oc2cc(Cl)c(C(F)(F)F)cc2NS(=O)(=O)c2ccc(C(C)(C)C)cc2)nccc1	1.0	1	0.986	0.122	0.951
14	COc1nc(Cl)cnc1NS(=O)(=O)c1cccc(Cl)c1C#	0.0	0	0.0	0.0	0.0
14	O=C(O)c1ccccc1Oc1ncc(Cl)cc1NS(=O)(=O)c1ccc(Cl)c(Cl)c1	1.0	1	0.921	0.132	0.971
14	CCCC(=O)N1CCC(NS(=O)(=O)c2ccc(NC(=O)C3CCC3)c3c2cccc3)CC1	1.0	0	0.636	0.053	0.968
14	CC(C)(C)c1ccc(S(=O)(=O)Nc2ccc(Cl)cc2C(=O)c2ccnc(C(=O)O)c2)cc1	1.0	0	0.807	0.077	0.967
14	O=C(NC1CCCC(O)(C(=O)O)O1)c1ccc(Cl)cc1	1.0	0	0.882	0.056	0.797
14	CNC(=O)c1cn(Cc2ccc(Cl)cc2)c2c1S(=O)(=O)N(CC)c1ccccc12	1.0	0	0.919	0.071	0.93
14	Cn1cc(Nc2ncc(Cl)cc2-c2cc(Cl)ccc2)cc1	1.0	0	0.985	0.074	0.954
14	CCCCNCc1ccc(C(=O)NO)o1	1.0	0	0.848	0.032	0.972
14	CNS(=O)(=O)c1ccc(CNC(=O)c2cccc3ccccc23)cc1	1.0	0	0.697	0.043	0.988
14	O=S(=O)(Nc1cc(Cl)ccc1Cn1ccnn1)c1ccc(Cl)cc1	1.0	1	0.987	0.106	0.97
14	Nc1nn2c(O)c(Cc3cccc(Cl)c3)c(CCc3ccccc3)nc2n1	1.0	1	0.999	0.151	0.95
14	COc1nc2c(ccc3ccccc32)c1On1c(Cl)c(Cl)cc1Cl	0.0	0	0.0	0.0	0.0
14	CC(=O)C1=C(O)C(=O)N(c2ccc(Cl)cc2F)C1C1CC1	1.0	0	0.999	0.074	0.9
14	CCc1nc2nc(N)nn2c(O)c1Cc1cc(Cl)ccc1	1.0	1	1.0	0.158	0.935
14	COc1nc(Cl)cnc1NS(=O)(=O)c1cccc(Cl)c1Cl	1.0	0	0.953	0.091	0.955
14	O=C(O)c1cc(Oc2cccc(C(=O)NCc3ccccc3)c2)ccc1	1.0	0	0.733	0.045	0.991
14	Cc1cc(C(=O)c2cc(Cl)ccc2NS(=O)(=O)c2ccc(OC(C)C)cc2)ccn1	1.0	0	0.865	0.067	0.972
14	Cc1cccc(NS(=O)(=O)c2ccc(Cl)cc2)c1CN	1.0	0	0.949	0.067	0.983
14	Cc1cccc(N2C(=O)c3c(C2=O)c(NS(=O)(=O)c2ccc(C(C)(C)C)cc2)ccc3Cl)n1	1.0	0	0.8	0.093	0.944
14	Cc1cc(Oc2c(NC(=O)c3c(Cl)c(C)n(C)c3)cc(=O)oc2)ccc1	1.0	0	0.955	0.075	0.931
14	COc1cc(C(=O)Nc2cc(C(F)(F)F)ccc2)c(Oc2nccc(Nc3cc(Cl)ccc3)n2)cc1	1.0	0	0.005	0.005	0.959
14	COc1cc2c(cc1NS(=O)(=O)c1c(Cl)c(Cl)ccc1)nc(O)n2C1COC1	1.0	1	0.932	0.175	0.913
14	CN(C)c1c(NS(=O)(=O)c2ccc(Cl)cc2)cccc1	1.0	0	0.973	0.077	0.988
14	COc1nc(Br)cnc1NS(=O)(=O)c1ccc(Cl)c(OC)c1	1.0	0	0.934	0.068	0.959
14	O=C(O)c1c(Oc2ccc(F)cc2NS(=O)(=O)c2ccc(Cl)cc2)cccc1	1.0	1	0.975	0.101	0.983
14	COc1nc(C)cnc1NS(=O)(=O)c1cccc(Cl)c1Cl	1.0	1	0.953	0.109	0.964
14	CC(C)(C)C(=O)CC(=O)C(=O)c1ccccc1N1C(=O)CCC1	1.0	0	0.869	0.054	0.945
14	O=S(=O)(Nc1cc(Cl)ccc1Cn1cccn1)c1ccc(Cl)cc1	1.0	1	0.989	0.113	0.978
14	CC(=O)C1=C(O)C(=O)N(c2ccc(C)cc2)C1C1CCCCC1	1.0	0	1.0	0.093	0.929
14	CC(C)(C)c1ccc(S(=O)(=O)Nc2ccc(Cl)cc2C(=O)c2cc(S(C)(=O)=O)ncc2)cc1	1.0	0	0.806	0.078	0.957
14	COc1c(NS(=O)(=O)c2c(Cl)cccc2)nc2nc(CCn3cncn3)nnc2c1	1.0	0	0.808	0.079	0.893
14	CC(=O)C1=C(O)C(=O)N(c2ccc(C(=O)c3ccccc3)cc2)C1C1CCCCC1	1.0	0	0.994	0.081	0.926
14	O=C(O)c1ccccc1Oc1c(F)cccc1NS(=O)(=O)c1cc(Br)ccc1	1.0	0	0.931	0.093	0.974
14	CNC(=O)C(Cc1ccccc1)NS(=O)(=O)c1ccc(C(F)(F)F)cc1	1.0	0	0.936	0.078	0.96
14	Cc1ncccc1Oc1ncc(C#N)cc1NS(=O)(=O)c1ccc(Cl)c(Cl)c1	1.0	1	0.976	0.147	0.953
14	O=C(O)c1c(Oc2cccc(F)c2NS(=O)(=O)c2ccc(Cl)cc2)cccc1	1.0	0	0.971	0.083	0.979
14	Nc1nn2c(O)c(Cc3ccc(Cl)cc3)c(C3CC3)nc2n1	1.0	1	1.0	0.158	0.93
14	CCCCc1nc2nc(N)nn2c(O)c1Cc1cccc(Cl)c1	1.0	1	0.999	0.198	0.935
14	Cc1c(C(=O)c2cc(Cl)ccc2NS(=O)(=O)c2ccc(OC(C)C)cc2)cccn1	1.0	0	0.86	0.077	0.973
14	COCCOc1nc(-c2ccc(Oc3ccc(Cl)cc3)cc2)ccc1OS(=O)(=O)c1cccc(C)c1	1.0	0	0.005	0.005	0.958
14	O=C(c1ccncc1)c1cc(Cl)ccc1NS(=O)(=O)c1ccc(N2CCCC2)cc1	1.0	0	0.931	0.09	0.977
14	O=C(O)CCCNS(=O)(=O)c1ccc(Cl)s1	1.0	0	0.777	0.039	0.976
14	O=C(c1ccncc1)c1cc(Cl)ccc1NS(=O)(=O)c1ccccc1	1.0	0	0.958	0.093	0.984
14	CCOC(=O)N1CCC(NS(=O)(=O)c2ccc(O)c3c2OC(C)CC3(O)C(C)(C)c2ccncc2)CC1	1.0	0	0.005	0.005	0.511
14	Cc1ccc(C(=O)c2cc(Cl)ccc2NS(=O)(=O)c2ccc(-c3ccc(C)o3)cc2)cc1	1.0	0	0.914	0.08	0.977
14	O=C(O)c1c(Oc2ncccc2NS(=O)(=O)c2ccc(Cl)cc2)cccc1	1.0	1	0.944	0.109	0.981
14	CCc1ccc(S(=O)(=O)Nc2ccc(Cl)cc2C(=O)c2ccncc2)cc1	1.0	0	0.952	0.069	0.981
14	CC1(c2ccc(S(=O)(=O)Nc3ccc(Cl)cc3C(=O)c3ccccc3)cc2)CCOCC1	1.0	0	0.928	0.081	0.962
14	Nc1nn2c(O)c(Cc3cccc(Cl)c3)c(CCc3ccccc3)nc2n1	1.0	1	0.999	0.151	0.95
14	O=S(=O)(Nc1cc(Cl)ccc1Cn1ccnn1)c1cccc(C(F)(F)F)c1	1.0	1	0.991	0.152	0.958
14	CC(=O)NC1CCN(S(=O)(=O)NC(C2CC2)C2CCCCC2)CC1	1.0	0	0.882	0.04	0.88
14	CC(=O)C1=C(O)C(=O)N(c2ccc(Br)cc2F)C1C1CCCCC1	1.0	0	0.999	0.093	0.892
14	COc1ccccc1C(=O)NC1C=S(O)(O)=CC1	1.0	0	0.956	0.045	0.699
14	CS(=O)(=O)c1ccc(S(=O)(=O)Nc2ccc(Cl)cc2C(=O)c2ccnc(C#N)c2)cc1	1.0	0	0.829	0.074	0.961
14	O=S(=O)(Nc1cc(Cl)c(Cl)cc1S(=O)(=O)Oc1ccccc1)	1.0	0	0.005	0.005	0.901
14	CC(=O)C1=C(O)C(=O)N(c2cc(Br)ccc2)C1C1CCCCC1	1.0	0	0.999	0.086	0.91
14	O=S(=O)(Nc1cc(Cl)ccc1Cn1ccnn1)c1cccc(C(F)(F)F)c1	1.0	1	0.991	0.152	0.958
14	CC(C)(C)c1ccc(S(=O)(=O)Nc2ccc(Cl)c3c2C(=O)N(CCc2cnccc2)C3=O)cc1	1.0	1	0.916	0.129	0.951
14	O=C(O)c1c(Oc2c(Cl)cccc2NS(=O)(=O)c2ccc(Cl)cc2)cccc1	1.0	1	0.994	0.103	0.98
14	O=C(Sc1cccc(Br)c1)c1ccccc1Oc1ccccc1	1.0	0	0.897	0.061	0.98
14	COc1ccccc1NS(=O)(=O)c1ccc(C(C)(C)C)cc1	1.0	0	0.909	0.085	0.99
14	COc1nc(CO)ncc1NS(=O)(=O)c1ccc(C(C)(C)C)cc1	1.0	0	0.967	0.091	0.956
14	Nc1nn2c(O)c(Cc3cccc(Cl)c3)c(-c3ccccc3)nc2n1	1.0	1	1.0	0.135	0.957
14	CC(C)(C)c1ccc(S(=O)(=O)Nc2ccc(Cl)cc2-c2c(O)c(C(CN(C)C)c3ccccc3)ccc2)cc1	1.0	0	0.005	0.005	0.864
14	CC(=O)N1CCN(C(=O)c2cccc3ccccc23)CC1	1.0	0	0.954	0.071	0.99
14	O=[N+]([O-])c1cc(O)c(S(=O)(=O)Nc2ccc(Cl)cc2C(=O)c2ccncc2)cc1	1.0	0	0.912	0.071	0.962
14	O=C(c1cnccc1)c1cc(Br)ccc1NS(=O)(=O)c1ccc(C(F)F)cc1	1.0	0	0.941	0.081	0.969
14	CC(C)(C)c1ccc(S(=O)(=O)Nc2ccc(Cl)cc2-c2c(O)c(N)ncn2)cc1	1.0	0	0.927	0.088	0.952
15	COc1ccc(S(=O)(=O)Nc2ccc(Cl)cc2C(=O)c2ccncc2)cc1	1.0	0	0.949	0.092	0.983
15	Cc1cc(Oc2ccc(C(=O)NCCCN(C)C)cc2)ccc1	1.0	0	0.788	0.046	0.989
15	Cc1ccc(S(=O)(=O)NCCCN2CCC(O)(c3ccc(Cl)cc3)CC2)cc1	1.0	0	0.687	0.055	0.974
15	O=C(O)c1c(Oc2nccnc2NS(=O)(=O)c2ccc(Cl)c(Cl)c2)cccc1	1.0	0	0.894	0.068	0.968
15	COc1ncc(Br)nc1NS(=O)(=O)c1cccc(Cl)c1Cl	1.0	0	0.937	0.098	0.949
15	O=S(=O)(Nc1cc(Cl)ccc1Cn1ccnn1)c1ccc(Cl)cc1	1.0	1	0.987	0.106	0.97
15	COc1ccccc1NS(=O)(=O)c1cc(NS(=O)(=O)c2ccc(Cl)cc2)ccc1	1.0	0	0.757	0.069	0.985
15	COc1nc(F)cnc1NS(=O)(=O)c1cccc(Cl)c1C	1.0	0	0.953	0.088	0.951
15	CC(=O)C1=C(O)C(=O)N(c2ccc(C)cc2)C1c1ccc(C)cc1	1.0	0	1.0	0.096	0.959
15	O=S(=O)(O)c1cc(Cl)ccc1NS(=O)(=O)c1cccc(F)c1N	1.0	0	0.9	0.08	0.969
15	COc1nc(Br)cnc1NS(=O)(=O)c1ccc(Cl)cc1	1.0	0	0.949	0.099	0.968
15	COc1nccnc1NS(=O)(=O)c1cccc(Cl)c1	1.0	1	0.955	0.105	0.977
15	O=C(O)c1c(Oc2nccnc2NS(=O)(=O)c2ccc(Cl)cc2)cccc1	1.0	1	0.887	0.103	0.974
15	COc1nc(Br)cnc1NS(=O)(=O)c1ccc(Cl)cc1Cl	1.0	1	0.947	0.1	0.956
15	O=C(O)N1CCC(NS(=O)(=O)c2ccc(Cl)cc2)CC1	1.0	0	0.887	0.053	0.984
15	COc1ccccc1CCc1c(OC)cnnc1Oc1c(Cl)cccc1CO	1.0	0	0.887	0.078	0.939
15	Nc1ccc(C(=O)c2ccccc2)cc1	1.0	0	0.922	0.043	0.994
15	COC(=O)CCc1ccc(S(=O)([O-])c2ccccc2C(C#N)C(=O)c2ccc(F)cc2)cc1	1.0	0	0.005	0.005	0.649
15	Cc1cccnc1C(=O)c1cc(Cl)ccc1NS(=O)(=O)c1ccc(C(F)(F)F)cc1	1.0	0	0.952	0.095	0.97
15	COC(=O)C1=C(O)CC(C)(C)CC1Br	1.0	0	0.722	0.033	0.764
15	Cc1ccc(S(=O)(=O)Nc2cc(C)ccc2C(=O)c2ccncc2)cc1	1.0	0	0.967	0.098	0.983
15	COc1nc(F)cnc1NS(=O)(=O)c1ccccc1F	1.0	0	0.961	0.089	0.96
15	Cc1c(C(=O)O)c(O)c(Cl)cc1Nc1nc(C2CCC(N)C2)cc2[nH]ccc12	1.0	0	0.803	0.046	0.64
15	CCOc1cc2c(cc1NS(=O)(=O)c1c(Cl)c(Cl)ccc1)nc(=O)n2CCCN1CCCC1=O	0.0	0	0.0	0.0	0.0
15	COc1cc2c(cc1NS(=O)(=O)c1c(Cl)c(Cl)ccc1)nc(O)n2C1CNC1	1.0	1	0.922	0.12	0.911
15	CCc1nc2nc(N)nn2c(O)c1Cc1cccc(Cl)c1Cl	1.0	1	1.0	0.164	0.916
15	O=S(=O)(Nc1cc(Cl)ccc1Cn1ccnn1)c1cccc2ncoc12	1.0	0	0.981	0.093	0.912
15	CC(=O)NCc1cc(Cn2nc(NS(=O)(=O)c3ccc(Cl)s3)c3c(O)cccc32)ccc1	1.0	0	0.728	0.059	0.939
15	O=S(=O)(Nc1cc(Cl)ccc1Cn1ccnn1)c1cccc(C(F)(F)F)c1	1.0	1	0.991	0.152	0.958
15	CC(=O)C1=C(O)C(=O)N(c2cc(C)ccc2N)C1c1ccccc1	1.0	0	0.999	0.099	0.935
15	O=S(=O)(Nc1cc(Cl)ccc1Cn1ccnn1)c1ccccc1Cl	1.0	1	0.985	0.118	0.966
15	O=S(=O)(Nc1cc(Cl)ccc1Cn1ccnn1)c1cccc(C(F)(F)F)c1	1.0	1	0.991	0.152	0.958
15	COc1nccnc1NS(=O)(=O)c1ccc(Cl)s1	1.0	0	0.959	0.098	0.959
15	COc1nc(Cl)cnc1NS(=O)(=O)c1c(Cl)c(Cl)ccc1	1.0	0	0.953	0.091	0.955
15	Cc1cc(N2C(=O)c3c(C2=O)c(NS(=O)(=O)c2ccc(C(C)(C)C)cc2)ccc3Cl)ncc1	1.0	0	0.798	0.097	0.943
15	COc1ccc(S(=O)(=O)Nc2ccc(Cl)cc2C(=O)c2ccncc2)cc1	1.0	0	0.949	0.092	0.983
15	Oc1c(C(c2ccccc2)N2CCCCC2)cccc1Cl	1.0	0	0.955	0.063	0.96
15	O=S(=O)(Nc1cc(-c2ccc(F)cc2)nc(Nc2ccc(S(=O)(=O)NCC(=O)O)cc2)n1	0.0	0	0.0	0.0	0.0
15	COc1nc(Cl)cnc1NS(=O)(=O)c1cccc(Cl)c1	1.0	0	0.954	0.089	0.967
15	Nc1nnn(-c2ccncc2)n1Cc1c(F)c(F)cc(F)c1	0.0	0	0.0	0.0	0.0
15	Cc1ccc(N2C(=O)C(O)=C(C(=O)C3CC3)C2C2CCCCC2)cc1	1.0	0	0.999	0.099	0.914
15	COc1nc(CSc2cccc(C)c2NS(=O)(=O)c2ccc(C(C)(C)C)cc2)ccc1	1.0	1	0.857	0.1	0.957
15	O=S(=O)(Nc1cc(Cl)ccc1Cn1ccnn1)c1cccc(C(F)(F)F)c1	1.0	1	0.991	0.152	0.958
15	CN(C)c1ccc(S(=O)(=O)Nc2ccc(Cl)cc2C(=O)c2ccc(Cl)nc2)cc1	1.0	0	0.952	0.068	0.972
15	COc1nc(CO)c(C)nc1NS(=O)(=O)c1cccc(Cl)c1Cl	1.0	0	0.965	0.089	0.942
15	Cc1ncccc1Oc1ncc(Cl)cc1NS(=O)(=O)c1ccc(Cl)c(Cl)c1	1.0	1	0.982	0.115	0.964
15	COc1cc[n+](CC(=O)c2cc(Cl)ccc2NS(=O)(=O)c2ccc(CC(C)C)cc2)cc1	1.0	0	0.849	0.073	0.952
15	Nc1nn2c(O)c(Cc3ccc(Cl)cc3)c(C3CCCC3)nc2n1	1.0	1	1.0	0.207	0.931
15	CS(=O)(=O)c1cc(NS(=O)(=O)c2ccc(Cl)c(Cl)c2)c(F)cc1	1.0	0	0.92	0.087	0.982
15	CC(=O)C1=C(O)C(=O)N(c2cc(C)ccc2F)C1C1CO1	1.0	0	0.998	0.097	0.78
15	Cc1nc(C(=O)c2cc(Cl)ccc2NS(=O)(=O)c2ccc(C(C)(C)C)cc2)ccc1	1.0	0	0.94	0.084	0.972
15	CCc1cccnc1NS(=O)(=O)c1ccc(Cl)c(Cl)c1	1.0	0	0.921	0.067	0.979
15	N#Cc1cc(S(=O)(=O)Nc2cc(Cl)ccc2Cn2ccnn2)ccc1	1.0	0	0.987	0.092	0.957
15	C=CCOc1c(Cl)cc(Cl)cc1S(=O)(=O)N1CCCCN(Cc2ccccc2)C1=O	1.0	0	0.897	0.076	0.944
15	O=S(=O)(Nc1cc(Cl)ccc1Cn1ccnn1)c1ccccc1	1.0	0	0.986	0.097	0.973
15	O=S(=O)(Nc1cc(Cl)ccc1Cn1ccnn1)c1cccc(C[n+]2ccc(Cl)cc2Cl)c1	1.0	1	0.984	0.147	0.883
15	CCCC(=O)N1CCC(NS(=O)(=O)c2ccc(NC(=O)c3ccccc3C)c3ccccc23)CC1	1.0	0	0.542	0.045	0.969
15	O=C(O)c1cc(Oc2ccc(Cl)cc2NS(=O)(=O)c2ccccc2)ccc1	1.0	0	0.92	0.091	0.986
15	CNS(=O)(=O)c1ccc(CNC(=O)c2cccc3ccccc23)cc1	1.0	0	0.697	0.043	0.988
15	O=C(O)c1ccccc1Oc1ncc(Cl)cc1NS(=O)(=O)c1ccc(Cl)cc1	1.0	1	0.948	0.109	0.976
15	O=C(O)c1ccc(Oc2ccc(Cl)cc2NS(=O)(=O)c2cc(Cl)c(Cl)cc2)cc1	1.0	0	0.909	0.076	0.982
15	O=S(=O)(Nc1cc(Cl)ccc1Cn1ccnn1)c1cc(Cl)c(Cl)s1	1.0	1	0.989	0.114	0.922
15	CCS(=O)(=O)N1CCC(N2CCCC3(CCN(C(=O)c4ccccc4)C3)CC2)CC1	1.0	0	0.683	0.064	0.79
15	O=S1(=O)Nc2ccc(Cl)cc21	1.0	0	0.572	0.036	0.936
15	COc1ncc(Cn2nc(NS(=O)(=O)c3ccccc3)nc2O)cc1	1.0	0	0.889	0.071	0.949
15	CCC(=O)Nc1cnc(Nc2ccc(C#N)cc2)cc1NC#N	1.0	0	0.785	0.068	0.943
15	COc1nc(Br)cnc1NS(=O)(=O)c1ccc(Cl)c(Cl)c1	1.0	1	0.949	0.1	0.96
15	O=S(=O)(Nc1cc(Cl)ccc1Cn1ccnn1)c1ccccc1	1.0	0	0.986	0.097	0.973
15	O=S(=O)(Nc1cc(Cl)ccc1Cn1ccnn1)c1ccc(Cl)cc1	1.0	1	0.987	0.106	0.97
15	Cc1c(C(=O)Nc2ccc(F)cc2NS(=O)(=O)c2ccc(Cl)cc2)cccc1	1.0	0	0.976	0.079	0.986
15	CC(=O)C1=C(O)C(=O)N(c2ccccc2)C1C1CCCCC1	1.0	0	0.999	0.088	0.935
15	COc1nc(Br)cnc1NS(=O)(=O)c1cc(Cl)cc(Cl)c1	1.0	0	0.941	0.1	0.948
15	O=C(c1ccncc1)c1cc(Cl)ccc1NS(=O)(=O)c1ccc(-c2cocn2)cc1	1.0	0	0.912	0.072	0.956
15	CC(=O)Nc1ccc(S(=O)(=O)NCCc2csc(-c3cnccc3)n2)cc1	1.0	0	0.793	0.062	0.974
15	Cc1ccc(S(=O)(=O)NN)cc1CCc1ccc(Cl)cc1NS(=O)(=O)c1cccc(Cl)c1	1.0	0	0.909	0.059	0.954
15	O=S(=O)(Nc1cc(Cl)ccc1Cn1ccnn1)c1ccc(Cl)cc1	1.0	1	0.987	0.106	0.97
15	COc1nn(C2CCN(C)CC2)c2c1c(NS(=O)(=O)c1cccc(Cl)c1Cl)ncn2	1.0	0	0.873	0.096	0.918
15	Nc1nn2c(O)c(Cc3cccc(Cl)c3)c(C3CC3)nc2n1	1.0	1	1.0	0.161	0.922
15	CC(C)(C)c1ccc(S(=O)(=O)Nc2ccc(Br)cc2C(=O)c2cccnc2)cc1	1.0	0	0.93	0.079	0.975
15	O=C(O)c1c(Oc2nccnc2NS(=O)(=O)c2ccc(Cl)c(Cl)c2)cccc1	1.0	0	0.894	0.068	0.968
15	COc1nc(CO)cnc1NS(=O)(=O)c1cccc(Cl)c1	1.0	0	0.973	0.093	0.964
15	CC(C)NS(=O)(=O)c1ccc(OCC(=O)N2CCOCC2)cc1	1.0	0	0.842	0.048	0.983
15	Cc1ccc(C(=O)c2ccc(OC(=O)c3cccc(Cl)c3Cl)cc2)cc1	1.0	0	0.736	0.053	0.987
15	O=S(=O)(Nc1cc(Cl)ccc1Cn1ccnn1)c1cccc(Oc2ccccc2)c1	1.0	1	0.98	0.136	0.966
15	Cc1cccc(N2C(=O)c3c(C2=O)c(NS(=O)(=O)c2ccc(C(C)(C)C)cc2)ccc3Cl)c1	1.0	1	0.829	0.104	0.959
15	COC(=O)CCc1ccc(S(=O)(=O)Nc2ccc(Cl)cc2C(=O)c2cnc(C)cc2)cc1	1.0	0	0.792	0.077	0.972
15	O=S(=O)(NCCCN1CCC(O)(c2ccc(Cl)cc2)CC1)c1c(F)c(F)ccc1	1.0	0	0.78	0.062	0.96
15	COc1c2ccccc2n(C)n1	1.0	0	0.757	0.038	0.982
15	COc1c(N2C(=O)c3c(C2=O)c(NS(=O)(=O)c2ccc(C(C)(C)C)cc2)ccc3Cl)cccc1	1.0	1	0.853	0.109	0.959
15	COc1cc2c(cc1NS(=O)(=O)c1c(Cl)c(Cl)ccc1)nc(O)n2C1CCC(O)CC1	1.0	1	0.886	0.106	0.92
15	O=C(O)c1ccc(Oc2ccc(Cl)cc2NS(=O)(=O)c2ccc(Cl)cc2)cc1	1.0	0	0.961	0.1	0.986
15	O=C(O)c1ccccc1Oc1ncc(Cl)cc1NS(=O)(=O)c1ccc(Cl)c(Cl)c1	1.0	1	0.921	0.132	0.971
15	CCCCCSCc1ccc(C(=O)O)cc1	1.0	0	0.774	0.037	0.989
15	CSc1nc(Br)cnc1NS(=O)(=O)c1ccc(Cl)s1	1.0	0	0.928	0.076	0.892
15	COc1ccc(C(=O)c2cc(Cl)ccc2NS(=O)(=O)c2ccc(CCC(C)C)cc2)cc1	1.0	0	0.865	0.06	0.98
15	O=S(=O)(Nc1cc(Cl)ccc1Cn1ccnn1)c1ccc(Cl)cc1	1.0	1	0.987	0.106	0.97
15	O=S(=O)(Nc1ncc(Cl)nc1OCc1cc(Br)ccc1)c1ccccc1	1.0	0	0.902	0.09	0.969
15	NS(=O)(=O)c1ccc(C(O)CC(=O)c2ccccc2)cc1	1.0	0	0.922	0.052	0.967
15	COc1nn(CC(=O)O)c2cc(Cl)c(Cl)cc12	1.0	0	0.833	0.06	0.959
15	Cc1c(N2C(=O)c3c(C2=O)c(NS(=O)(=O)c2ccc(C(C)(C)C)cc2)ccc3Cl)ccc[n+]1[O-]	1.0	0	0.832	0.098	0.903
16	Nc1nn2c(O)c(Cc3cccc(Cl)c3)c(-c3ccccc3)nc2n1	1.0	1	1.0	0.135	0.957
16	Nc1nn2cc(-c3cccc(Cl)c3)nc2n1CC	1.0	0	0.961	0.084	0.92
16	O=[N+]([O-])c1cc(F)cc(C(F)(F)F)c1CCn1ccc(Br)c1	1.0	0	0.873	0.05	0.898
16	CC(C)(C)c1ccc(S(=O)(=O)Nc2cc(Cl)ccc2C(=O)c2ccncc2)cc1	1.0	0	0.95	0.097	0.976
16	Nc1nn2c(O)c(Cc3ccc(F)cc3)c(C3CC3)nc2n1	1.0	1	1.0	0.16	0.929
16	CCSc1nnc(-c2cc(Cl)ccc2NS(=O)(=O)c2ccc(C(C)(C)C)cc2)nc1	1.0	0	0.818	0.074	0.944
16	O=S(=O)(Nc1cc(Cl)ccc1Cn1ccnn1)c1ccc(Cl)cc1	1.0	1	0.987	0.106	0.97
16	Cc1c(C(=O)Nc2ccc(S(=O)(=O)NC3CCN(C(=O)OCCCN(C)C)CC3)c3c2cccc3)cccc1	1.0	0	0.005	0.005	0.955
16	Cc1cc(N2C(=O)c3c(C2=O)c(NS(=O)(=O)c2ccc(C(C)(C)C)cc2)ccc3Cl)c(C)nc1N	1.0	0	0.825	0.093	0.918
16	CC(C)CN1CCC(NS(=O)(=O)c2ccc(NC(=O)c3ccccc3)c3ccccc23)CC1	1.0	0	0.577	0.067	0.975
16	CC(C)(C)c1ccc(S(=O)(=O)Nc2ccc(F)cc2C(=O)c2ccncc2)cc1	1.0	0	0.944	0.097	0.976
16	COc1nn(C)c2c1c(NS(=O)(=O)c1c(Cl)c(Cl)ccc1)ncn2	1.0	0	0.945	0.08	0.941
16	O=S(=O)(Nc1cc(Cl)ccc1Cn1ccnn1)c1cccc2c1ccccc2nc1ccccc1	0.0	0	0.0	0.0	0.0
16	COc1cc(C(=O)Nc2ccc(Cl)cc2C(=O)c2ccncc2)ccc1	1.0	0	0.824	0.068	0.986
16	COc1cc2c(cc1NS(=O)(=O)c1c(Cl)c(Cl)ccc1)nc(O)n2C1CNC1	1.0	1	0.922	0.12	0.911
16	CNC(=O)Cn1nc(OC)nc1I	1.0	0	0.875	0.044	0.865
16	Cc1ccc(S(=O)(=O)Nc2ccc(Cl)cc2C(=O)c2ccncc2)cc1	1.0	0	0.961	0.097	0.983
16	COc1ccc2c(c1NS(=O)(=O)c1c(Cl)c(Cl)cnc1)cn(CCO)c2C	1.0	1	0.873	0.101	0.884
16	N#Cc1cccnc1N1C(=O)c2c(C1=O)c(NS(=O)(=O)c1ccc(Cl)s1)ncc2	1.0	0	0.934	0.086	0.912
16	Cc1ncccc1Oc1ncc(C#N)cc1NS(=O)(=O)c1ccc(Cl)c(Cl)c1	1.0	1	0.976	0.147	0.953
16	COc1ccc2c(c1NS(=O)(=O)c1c(Cl)c(Cl)ccc1)cnn2C	1.0	1	0.952	0.125	0.96
16	CC(C)(C)c1ccc(S(=O)(=O)Nc2ccc(F)cc2C(=O)c2ccncc2)cc1	1.0	0	0.944	0.097	0.976
16	Nc1nn2c(O)c(Cc3cccc(Cl)c3)c(C3CCCC3)nc2n1	1.0	1	0.999	0.2	0.924
16	O=C(c1ccncc1)c1cc(Cl)ccc1NS(=O)(=O)c1ccc(C(F)(F)F)cc1	1.0	0	0.954	0.099	0.976
16	O=S1(=O)NC(NCc2ccccc2)=Nc2c1cc(Cl)cc2O	1.0	0	0.902	0.063	0.899
16	Cc1ccc(S(=O)(=O)Nc2cc(Cl)ccc2Cn2ccnn2)cc1	1.0	0	0.987	0.099	0.971
16	COCc1c(-c2cc(Cl)ccc2NS(=O)(=O)c2ccc(C(C)(C)C)cc2)nccc1	1.0	1	0.936	0.12	0.967
16	Cc1nc(N)nc(C)c1Cc1ccc(Cl)c(Cl)c1	1.0	0	0.987	0.064	0.974
16	Cc1cccc(NS(=O)(=O)c2ccc(C(C)C)cc2)c1	1.0	0	0.913	0.066	0.991
16	Nc1nn2c(O)c(Cc3cccc(I)c3)c(C3CC3)nc2n1	1.0	1	1.0	0.149	0.891
16	O=C(Nc1ccc(S(=O)(=O)Nc2ccccc2)c2ccccc12)c1ccccc1	1.0	0	0.647	0.076	0.988
16	O=S(=O)(Nc1cc(Cl)c(Cl)c(Cl)c1Cn1cccn1	0.0	0	0.0	0.0	0.0
16	O=C(O)c1cc(Oc2cc(Cl)ccc2NS(=O)(=O)c2ccc(Cl)cc2)c[s+]1	0.0	0	0.0	0.0	0.0
16	CS(=O)(=O)c1cc(Cl)c(NS(=O)(=O)c2ccc(Cl)cc2)cc1	1.0	0	0.907	0.077	0.986
16	CC(C)(C)c1ccc(S(=O)(=O)Nc2cccc(C(c3nc[n+](C)cn3)N2CCCI)c2Cn3cccn32)cc1	0.0	0	0.0	0.0	0.0
16	Cc1c(S(=O)(=O)Nc2ccc(Cl)cc2)cccc1C(1	0.0	0	0.0	0.0	0.0
16	COc1ccc(N2C(=O)C(O)=C(C(C)=O)C2C2CCCCC2)cc1	1.0	0	0.999	0.094	0.931
16	Cc1cccc(C(=O)c2cc(Cl)ccc2NS(=O)(=O)c2ccc(C(C)(C)C)cc2)c1	1.0	0	0.953	0.09	0.98
16	COc1c(N2C(=O)c3c(C2=O)c(NS(=O)(=O)c2ccc(C(C)(C)C)cc2)ccc3Cl)ccnc1	1.0	1	0.832	0.103	0.939
16	O=S(=O)(Nc1cc(Cl)cnc1Oc1cnccc1)c1cnccc1	1.0	1	0.93	0.101	0.966
16	Nc1nn2c(O)c(Cc3ccc(C(F)(F)[O-])cc3)c(C3CCCS3)nc2n1	1.0	1	0.999	0.187	0.512
16	CNS(=O)(=O)c1ccc(CNC(=O)c2cccc3c2cnn3-c2ccc(F)cc2)cc1	1.0	0	0.64	0.046	0.975
16	O=C(c1cc(Cl)ccc1NS(=O)(=O)c1cc(Br)c(Br)cc1N	0.0	0	0.0	0.0	0.0
16	Cc1[n+]([O-])cc(C(=O)c2cc(Cl)ccc2NS(=O)(=O)c2ccc(Cl)cc2)c1	0.0	0	0.0	0.0	0.0
16	CCCOc1ccc(N2C(=O)C(=O)C3C(=O)C(NC(=O)c4ccccc4)C(=O)C3C2c2ccc(C(F)(F)F)cc2)cc1	1.0	0	0.005	0.005	0.533
16	CCC(CC)Cc1ccc(S(=O)(=O)Nc2ccc(Cl)cc2C(=O)c2ccncc2)cc1	1.0	0	0.75	0.06	0.969
16	Cc1c(N2C(=O)c3c(C2=O)c(NS(=O)(=O)c2ccc(C(C)(C)C)cc2)ccc3Cl)ccnc1	1.0	0	0.853	0.098	0.943
16	O=S(=O)(NCCCN1CCC(O)(c2ccc(Cl)cc2)CC1)c1c(F)c(F)ccc1	1.0	0	0.78	0.062	0.96
16	O=C(c1ccccn1)N1CCC(NS(=O)(=O)c2ccc(Cl)cc2)C1	1.0	0	0.871	0.069	0.955
16	Cc1ccc(-c2nnn(CC(=O)Nc3ccc(C)cc3C)n2)cc1	1.0	0	0.904	0.067	0.984
16	COc1nc(CO)c(C)nc1NS(=O)(=O)c1ccccc1Cl	1.0	0	0.969	0.089	0.956
16	O=C(c1ccncc1)c1cc(Cl)ccc1NS(=O)(=O)c1cc(F)c(O)c(N2CCOCC2)c1	1.0	0	0.806	0.085	0.946
16	COc1nc(Br)ncc1NS(=O)(=O)c1cccc(C(F)(F)F)c1Cl	1.0	0	0.942	0.091	0.907
16	O=C(NCCN1CCNCC1)c1ccc(Oc2ccc(Cl)cc2NS(=O)(=O)c2ccc(Cl)cc2)cc1	1.0	0	0.005	0.005	0.968
16	O=S(=O)(Nc1cc(Cl)ccc1Cn1ccnn1)c1ccc(Cl)cc1	1.0	1	0.987	0.106	0.97
16	CC(=O)c1ccc(S(=O)(=O)Nc2ccc(C(=O)Nc3ccc(CN(C)C)cc3)cc2)cc1	1.0	0	0.444	0.054	0.984
16	N#Cc1ccc(Oc2ncc(Cl)nc2NS(=O)(=O)c2ccc(Cl)cc2)cc1	1.0	1	0.976	0.143	0.963
16	Cc1ccc(N2C(=O)C(O)=C(C(=O)C3CC3)C2C2CCCCC2)cc1	1.0	0	0.999	0.099	0.914
16	Cc1c(C(=O)c2cc(Cl)ccc2NS(=O)(=O)c2ccc(OC(C)C)cc2)cccn1	1.0	0	0.86	0.077	0.973
16	COc1nc(Br)cnc1NS(=O)(=O)c1cc(Cl)cc(Cl)c1	1.0	0	0.941	0.1	0.948
16	COc1cc(C(=O)COc2c(N(C)C)nc(N)nc2)ccc1	1.0	0	0.968	0.057	0.964
16	CC(C)(C)OC(=O)N1CCC(NS(=O)(=O)c2ccc(NC(=O)c3ccccc3)c3c2cccc3)CC1	1.0	0	0.005	0.005	0.97
16	CCCCC(=O)C1=C(O)C(=O)N(c2ccc(C)cc2)C1C1CCCCCC1	1.0	0	0.999	0.095	0.91
16	Cc1cc(Oc2nccc3[nH]ccc23)ccc1N	1.0	0	0.919	0.054	0.967
16	CC(=O)C1=C(O)C(=O)N(Cc2ccccc2F)C1c1ccccc1	1.0	0	0.995	0.096	0.957
16	Cc1nnnn1Cc1ccc(Cl)cc1NS(=O)(=O)c1ccc(Cl)c(Cl)c1C	1.0	1	0.952	0.1	0.942
16	COc1nn(CC(N)=O)c2c1c(NS(=O)(=O)c1ccccc1Cl)ncn2	1.0	0	0.861	0.074	0.941
16	CC(=O)c1ccc(S(=O)(=O)Nc2ccc(C(=O)NCCNCC(=O)O)cc2)cc1	1.0	0	0.47	0.04	0.981
16	CSc1nc(Br)cnc1NS(=O)(=O)c1cccc(Cl)c1	1.0	0	0.924	0.083	0.94
16	COc1nc(F)cnc1NS(=O)(=O)c1cccc(Cl)c1	1.0	0	0.955	0.09	0.961
16	Nc1nn2c(O)c(Cc3cccc(Cl)c3)c(-c3ccccc3)nc2n1	1.0	1	1.0	0.135	0.957
16	COc1nccnc1NS(=O)(=O)c1cccc(Cl)c1Cl	1.0	1	0.953	0.107	0.968
16	Cc1cc(N2C(=O)c3c(C2=O)c(NS(=O)(=O)c2ccc(C(C)(C)C)cc2)ccc3Cl)ncc1	1.0	0	0.798	0.097	0.943
16	COc1ccc(S(=O)(=O)Nc2ccc(Br)cc2C(=O)c2ccc(C(F)(F)F)cc2)cc1	1.0	0	0.918	0.08	0.979
16	CN(C)C(=O)C(C)(C)c1ccc(S(=O)(=O)Nc2ccc(Cl)cc2C(=O)c2ccccn2)cc1	1.0	0	0.907	0.077	0.953
16	COc1ccc(S(=O)(=O)Nc2ccc(Cl)cc2C(=O)c2ccnc(C)c2)cc1	1.0	0	0.946	0.07	0.978
16	O=S(=O)(Nc1cc(Cl)ccc1Cn1ccnn1)c1ccc(Cl)c(Cl)c1	1.0	1	0.99	0.102	0.963
16	COc1nn(CC(N)=O)c2c1c(NS(=O)(=O)c1cccc(Cl)c1Cl)ncn2	1.0	0	0.852	0.075	0.926
16	Cn1nncc1C(=O)c1cc(Cl)ccc1NS(=O)(=O)c1ccc(C(C)(C)C)cc1	1.0	0	0.931	0.088	0.953
16	Cc1ccc(S(=O)(=O)Nc2cc(Cl)ccc2Cn2ccnn2)cc1C	1.0	1	0.989	0.101	0.965
16	CC(C)(C)c1ccc(S(=O)(=O)Nc2ccc(Cl)cc2-c2c(CN)cccn2)cc1	1.0	0	0.907	0.086	0.967
16	CCCCc1nc2nc(N)nn2c(O)c1Cc1cccc(Cl)c1	1.0	1	0.999	0.198	0.935
16	O=C(c1ccncc1)c1cc(Cl)ccc1NS(=O)(=O)c1ccc(C(F)(F)F)cc1	1.0	0	0.954	0.099	0.976
16	O=S(=O)(Nc1cc(Cl)c(F)cc1Cn1ccnn1)c1ccc(Cl)cc1	1.0	1	0.987	0.107	0.958
16	CC1COC(c2ccc(Cl)cc2)N(S(=O)(=O)c2ccc(NC(C)=O)cc2)N1	1.0	0	0.951	0.076	0.794
16	Cc1cc(C(=O)c2cc(Cl)ccc2NS(=O)(=O)c2ccc(C(C)(C)C)cc2)ncc1	1.0	0	0.938	0.085	0.97
16	CC(C)(C)c1ccc(S(=O)(=O)Nc2ccc3c(ccn3)c2)cc1	0.0	0	0.0	0.0	0.0
16	CN(C)C(=O)C(C)(C)c1ccc(S(=O)(=O)Nc2ccc(Cl)cc2C(=O)c2ccncc2)cc1	1.0	0	0.906	0.08	0.954
16	Cc1c(C(=O)Nc2cccc(C)c2)n2c(ccc[n+]1[O-])N2	0.0	0	0.0	0.0	0.0
16	COc1nc(Cl)cnc1NS(=O)(=O)c1c(Cl)c(Cl)ccc1	1.0	0	0.953	0.091	0.955
16	Nc1nn2c(O)c(Cc3cccc(Cl)c3)c(C3CC3)nc2n1	1.0	1	1.0	0.161	0.922
16	COc1cc(Cl)c(S(=O)(=O)Nc2ccc(Cl)cc2C(=O)c2ccc(Cl)cc2)cc1	1.0	0	0.959	0.076	0.981
16	O=C(O)c1ccc(Oc2ccc(Cl)cc2NS(=O)(=O)c2ccc(C(C)(C)C)cc2)cc1	1.0	0	0.951	0.073	0.98
16	Cc1cnc(N2C(=O)c3c(C2=O)c(NS(=O)(=O)c2ccc(C(C)(C)C)cc2)ccc3Cl)nc1	1.0	0	0.856	0.087	0.931
16	Nc1nn2c(O)c(Cc3ccc(Br)cc3)c(C3CC3)nc2n1	1.0	1	1.0	0.147	0.922
16	O=C(O)c1cc(Oc2ccc(Cl)cc2NS(=O)(=O)c2ccc(Cl)cc2)ccc1	1.0	0	0.93	0.093	0.984
16	Cc1cc(C(=O)c2cc(Cl)ccc2NS(=O)(=O)c2ccc(C(C)(C)C)cc2)ncc1	1.0	0	0.938	0.085	0.97
16	Cc1cc(Oc2ccc(C(=O)NCCCN(C)C)cc2)ccc1O	1.0	0	0.818	0.047	0.985
16	O=C(c1ccncc1)c1cc(Cl)ccc1NS(=O)(=O)c1cc(Oc2ccc(Cl)cc2O)ccc1	1.0	0	0.778	0.084	0.964
16	CC(=O)C1=C(O)C(=O)N(Cc2ccc(C(F)(F)F)cc2)C1C1=OCCO1OC	0.0	0	0.0	0.0	0.0
17	CNC(=O)Cn1cc(F)c(N2C(=O)NC(Cc3ccc(NC(C)=O)cc3)c2C)c1ccccc1	0.0	0	0.0	0.0	0.0
17	O=C(c1cccnc1)c1cc(Cl)ccc1NS(=O)(=O)c1cc(F)c(N2CCOCC2)cc1	1.0	1	0.868	0.101	0.966
17	COc1cccc2c1c(NS(=O)(=O)c1ccc(Cl)s1)nn2Cc1ccc(CN)cc1	1.0	0	0.893	0.058	0.953
17	O=C(NC1CCCCC1)c1cccc2c1C(=O)c1ccccc1N2	1.0	0	0.861	0.052	0.98
17	O=C(O)c1ccc(Oc2ccc(Cl)cc2NS(=O)(=O)c2ccc(Cl)cc2)cc1	1.0	0	0.961	0.1	0.986
17	CC(C)(C)c1ccc(S(=O)(=O)Nc2ccc(C(=O)O)cc2)cc1	1.0	0	0.856	0.054	0.989
17	Cc1cc(N2C(=O)C(O)=C(C(=O)c3ccccc3)C2C2CCCCC2)ccc1	1.0	1	0.996	0.174	0.927
17	CCCc1nc2nc(O)n3cc(C)nc123	0.0	0	0.0	0.0	0.0
17	COC(=O)CCc1ccc(S(=O)(=O)Nc2cc(Cl)ccc2C(=O)c2ccncc2)cc1	1.0	0	0.789	0.061	0.974
17	Cc1nc(C(=O)c2cc(Cl)ccc2NS(=O)(=O)c2ccc(-c3cnc(C)o3)cc2)ccc1	1.0	0	0.854	0.098	0.957
17	Cc1cccc(N2C(=O)C(O)=C(C(C)=O)C2C2CCCCC2)c1	1.0	0	0.999	0.092	0.922
17	CC(=O)C1=C(O)C(=O)N(c2cc(C)ccc2)C1C1CCCCC1	1.0	0	0.999	0.092	0.922
17	N#Cc1cc(NS(=O)(=O)c2ccc(Cl)cc2)c(O)cc1	1.0	0	0.965	0.061	0.984
17	COC(=O)CCc1ccc(S(=O)(=O)Nc2ccc(Cl)cc2C(=O)c2ccn(C)c(C)c2)cc1	0.0	0	0.0	0.0	0.0
17	Cc1cccnc1C(=O)C1=C(O)C(=O)N(c2ccc(C)cc2)C1C1CCCCCCC1	1.0	1	0.991	0.151	0.882
17	O=S(=O)(Nc1cc(Cl)ccc1Cn1cncn1)c1ccc(Cl)nc1	1.0	0	0.987	0.088	0.96
17	O=S(=O)(Nc1cc(Cl)c(Cl)cc1Cn1ccnn1)c1cccc2c1cccc2	1.0	1	0.963	0.113	0.956
17	O=C(c1cnccc1)c1cc(Cl)ccc1NS(=O)(=O)c1ccc(-c2ccccc2)cc1	1.0	0	0.919	0.089	0.981
17	COc1c(C)nc(N)nc1N1CCCC1c1ccc(C(F)(F)F)cc1	1.0	0	0.938	0.077	0.886
17	O=C(c1ccncc1)c1cc(Cl)ccc1NS(=O)(=O)c1cc(F)c(Cl)cc1	1.0	0	0.957	0.078	0.976
17	CC(C)(CO)c1ccc(S(=O)(=O)Nc2ccc(Cl)cc2C(=O)c2ccncc2)cc1	1.0	0	0.831	0.073	0.966
17	CNc1c(-c2cc(Cl)c(N)cc2)ncnc1N1CCCC1	1.0	0	0.911	0.062	0.946
17	CC(C)(C)c1ccc(S(=O)(=O)Nc2cc(Cl)ccc2C(=O)c2ccncc2)cc1	1.0	0	0.95	0.097	0.976
17	Cn1cncc1=Nc1c(Cl)cccc1Cl	0.0	0	0.0	0.0	0.0
17	Cc1ccc(C(=O)c2cc(Cl)ccc2NS(=O)(=O)c2ccc(C(C)(C)C)cc2)cn1	1.0	0	0.936	0.085	0.974
17	CC(C)(C)c1ccc(S(=O)(=O)Nc2ccc(Cl)cc2C(=O)c2ccncc2)cc1	1.0	0	0.943	0.081	0.977
17	O=S(=O)(Nc1cc(Cl)c(Cl)cc1Cn1ccnn1)c1cccc(Cc2ccccc2)c1	1.0	1	0.985	0.147	0.957
17	COC(=O)CCC(=O)N1CCC(NS(=O)(=O)c2ccc(NC(=O)C3CCC3)c3c2cccc3)CC1	1.0	0	0.608	0.051	0.962
17	COc1nc2nc(C)c(Nc3ccc(Cl)cc3)nc2n2c1CCC(N)C2	0.0	0	0.0	0.0	0.0
17	CC(C)(C)c1ccc(S(=O)(=O)Nc2ccc(Cl)cc2C(=O)c2ccncc2)cc1	1.0	0	0.943	0.081	0.977
17	Cc1ncc(C(=O)c2cc(Cl)ccc2NS(=O)(=O)c2ccc(C(C)(C)C)cc2)c(C)c1	1.0	0	0.933	0.089	0.968
17	COc1nc(F)cnc1NS(=O)(=O)c1cc(Cl)ccc1	1.0	0	0.955	0.09	0.961
17	O=C(O)c1ccccc1Oc1ccccc1OC(F)(F)F	1.0	0	0.938	0.051	0.985
17	CC(C)(C)c1ccc(S(=O)(=O)Nc2cccc3c2ccc3ccc(Br)nc23C(C)(C)OC(C)(C)C	0.0	0	0.0	0.0	0.0
17	CCCC(=O)N1CCC(NS(=O)(=O)c2ccc(NC(=O)c3ccccc3C)c3ccccc23)CC1	1.0	0	0.542	0.045	0.969
17	Cc1c(Cl)c(C(F)(F)F)ccc1NS(=O)(=O)c1ccc(Cl)cc1	1.0	0	0.944	0.079	0.977
17	CCCc1nc2nc(N)nn2c(O)c1Cc1cccc(Cl)c1Cl	1.0	1	0.999	0.19	0.916
17	Cc1ncc(C(=O)c2cc(Cl)ccc2NS(=O)(=O)c2ccc(-c3c(C)noc3)cc2)cc1	1.0	1	0.885	0.106	0.949
17	COc1nccnc1NS(=O)(=O)c1cccc(Cl)c1Cl	1.0	1	0.953	0.107	0.968
17	COCC(=O)Nc1cc(C)on1	1.0	0	0.685	0.028	0.98
17	O=C(O)c1ccccc1Oc1ccc(Cl)cc1NS(=O)(=O)c1ccc(Cl)c(Cl)c1	1.0	0	0.937	0.08	0.98
17	CC(C)(C)c1ccc(S(=O)(=O)Nc2ccc(F)c(F)c2C(=O)c2cnccc2)cc1	1.0	0	0.944	0.086	0.965
17	CC(C)(C)c1ccc(S(=O)(=O)Nc2ccc(F)cc2C(=O)c2ccncc2)cc1	1.0	0	0.944	0.097	0.976
17	O=C(Cn1c(O)c(N2CCCCC2)c(Br)c1)N1CCCCCC1	1.0	0	0.875	0.059	0.947
17	O=C(O)c1cccc(Oc2ccc(Cl)cc2NS(=O)(=O)c2ccc(Cl)cc2)c1	1.0	0	0.93	0.093	0.984
17	O=C(O)c1ccc(Oc2ccc(Cl)cc2NS(=O)(=O)c2ccc(Cl)cc2)cc1	1.0	0	0.961	0.1	0.986
17	COc1cc(C(=O)NCN2C(=O)c3ccccc3C2=O)ccc1	1.0	0	0.922	0.053	0.985
17	O=C(c1cnccc1)c1cc(Cl)ccc1Oc1ccc(Cl)cc1	1.0	0	0.965	0.074	0.986
17	CC(C)(C)c1ccc(S(=O)(=O)Nc2ccc(F)cc2C(=O)c2ccncc2)cc1	1.0	0	0.944	0.097	0.976
17	O=C(NCCc1ccccc1)c1ccccc1Cc1ccccc1	1.0	0	0.937	0.072	0.992
17	CC1(c2ccc(S(=O)(=O)Nc3ccc(Cl)cc3C(=O)c3ccncc3)cc2)CCOCC1	1.0	0	0.908	0.093	0.949
17	Cc1c(C(=O)c2cc(Cl)ccc2NS(=O)(=O)c2ccc(C)cc2)cccn1	1.0	0	0.956	0.08	0.98
17	Nc1ncc(NCCNS(=O)(=O)c2ccc(Cl)s2)n1	0.0	0	0.0	0.0	0.0
17	Cc1cc(C)c(NC(=O)C(C)n2ccc3cc(N(C)C)ccc32)c1	0.0	0	0.0	0.0	0.0
17	N#Cc1cccn1CCC(=O)c1ccc(Cl)cc1NS(=O)(=O)c1cc(Br)c(Cl)cc1	1.0	1	0.974	0.124	0.933
17	Cn1nnnc1COc1ncc(Cl)cc1NS(=O)(=O)c1ccc(Cl)c(Cl)c1	1.0	0	0.894	0.096	0.943
17	Cc1ccccc1C(=O)Nc1cccc(Oc2ccc(C(F)(F)F)cn2)c1	1.0	0	0.835	0.05	0.983
17	Cc1n(Cc2ccc(C(=O)CCl)cc2)c2cccc(F)c2c1O	1.0	0	0.917	0.067	0.963
17	O=C(O)N1CCC(NS(=O)(=O)c2ccc(Cl)cc2)CC1	1.0	0	0.887	0.053	0.984
17	CC(C)(C)c1ccc(S(=O)(=O)Nc2ccc(Cl)cc2C(=O)c2ccncc2)cc1	1.0	0	0.943	0.081	0.977
17	O=C(c1ccncc1)c1cc(Cl)ccc1NS(=O)(=O)c1ccc(Br)cc1	1.0	0	0.951	0.09	0.981
17	Cc1nnnn1Cc1ccc(Cl)cc1NS(=O)(=O)c1ccc(Cl)c(Cl)c1	1.0	1	0.983	0.102	0.962
17	CCCCc1nc2nc(N)nn2c(O)c1Cc1cccc(Cl)c1	1.0	1	0.999	0.198	0.935
17	CC(=O)c1ccc(C(=O)Nc2ccc(Cl)cc2C(=O)c2ccncc2)cc1	1.0	0	0.805	0.063	0.985
17	CC(C)CN1C(=O)c2ccccc2C1C(=O)Nc1ccc(N2CCOCC2)cc1	1.0	0	0.692	0.06	0.928
17	O=S(=O)(Nc1cc(Cl)ccc1Cn1ccnn1)c1ccncc1	1.0	0	0.982	0.091	0.957
17	CC(C)(C)c1ccc(S(=O)(=O)Nc2cc(Cl)ccc2C(=O)c2ccncc2)cc1	1.0	0	0.95	0.097	0.976
17	COc1nc(Br)cnc1NS(=O)(=O)c1ccccc1Cl	1.0	0	0.947	0.082	0.963
17	COc1ccc(C(=O)c2ccc(C(=O)O)cc2)cc1	1.0	0	0.934	0.066	0.994
17	CNS(=O)(=O)c1cccc(CNC(=O)c2cccc3c(=O)cccnc23)c1	1.0	0	0.698	0.056	0.972
17	COc1nc(Br)cnc1NS(=O)(=O)c1cc(Cl)c(Cl)s1	1.0	0	0.956	0.094	0.898
17	COc1nccc(CN2C(=O)c3c(C2=O)c(NS(=O)(=O)c2ccc(C(C)(C)C)cc2)ccc3Cl)c1	1.0	0	0.757	0.076	0.942
17	CCc1ccc(N2C(=O)C(O)=C(C(C)=O)C2C(C)C)cc1	1.0	0	0.994	0.066	0.911
17	CC(=O)C1=C(O)C(=O)N(c2ccc(C)cc2)C1c1ccccc1	1.0	0	1.0	0.091	0.963
17	COc1cccc2c1c(NS(=O)(=O)c1ccc(Cl)s1)nn2Cc1cccc(CNC(=O)CO)c1	1.0	0	0.88	0.083	0.938
17	CNC(=O)Cn1nc(OC)c2c1ccc(=O)n2Cc1ccc(C)cc1	1.0	0	0.963	0.087	0.951
17	Cc1ccc(S(=O)(=O)Nc2ccc(C(=O)O)cc2)cn1	1.0	0	0.865	0.065	0.987
17	O=C(c1ccncc1)c1cc(Cl)ccc1NS(=O)(=O)c1cccc(Cl)c1	1.0	0	0.954	0.086	0.98
17	O=C(O)c1ccc(CN2C(=O)c3cccc(C(=O)O)c3C2=O)cc1	1.0	0	0.904	0.078	0.983
17	Cc1nc(C)c(-c2ccc(OC)c(C(=O)NCc3ccc(C(C)(C)C)cc3)c2)cn1	1.0	0	0.64	0.05	0.972
17	Cc1cc(Oc2cccc(CNC(=O)c3ccccc3)c2)ccn1	1.0	0	0.798	0.052	0.987
17	CC(C)(C)c1ccc(S(=O)(=O)Nc2ccc(F)cc2C(=O)c2ccncc2)cc1	1.0	0	0.944	0.097	0.976
17	CCc1ccc(S(=O)(=O)Nc2cc(Cl)ccc2CN(C)C)cc1	1.0	0	0.976	0.075	0.983
17	COc1cc(C(=O)NCC(c2ccc(Cl)cc2)N2CCCCC2)ccc1	1.0	0	0.829	0.052	0.967
17	Cc1ncccc1Oc1ncc(Cl)cc1NS(=O)(=O)c1ccc(Cl)c(Cl)c1	1.0	1	0.982	0.115	0.964
17	CS(=O)(=O)c1ccc(S(=O)(=O)Nc2ccc(Cl)cc2C(=O)c2cnccc2)cc1	1.0	0	0.862	0.063	0.977
17	Cc1cccc(N(C(=O)c2ccccn2)c2ccc(Cl)cc2)c1	1.0	0	0.981	0.077	0.981
17	CC1(c2ccc(S(=O)(=O)Nc3ccc(Cl)cc3C(=O)c3ccncc3)cc2)CCOCC1	1.0	0	0.908	0.093	0.949
17	O=S(=O)(Nc1cc(Cl)ccc1Cn1ccnn1)c1c(Cl)cccc1	1.0	1	0.985	0.118	0.966
17	Cc1ccc(C(=O)c2cc(C)ccc2NS(=O)(=O)c2ccc(CCC)cc2)cc1	1.0	0	0.956	0.071	0.984
17	CNc1ccc(NS(=O)(=O)c2ccc(Cl)cc2)cc1	1.0	1	0.941	0.103	0.991
17	O=S(=O)(Nc1cc(Cl)c(Cl)cc1Cn1ccnn1)c1cccc(C(F)(F)F)c1	1.0	1	0.991	0.153	0.945
17	Cc1ccc(S(=O)(=O)NCCc2ccc(-c3ccc(S(=O)(=O)Nc4ccccc4)cc3)cc2)cc1	1.0	0	0.653	0.066	0.982
17	O=CNc1c(-c2cccc(F)c2)c(N)oc2ccccc12	0.0	0	0.0	0.0	0.0
17	Cn1nncc1-c1cc(Cl)ccc1NS(=O)(=O)c1cccs1	1.0	0	0.962	0.076	0.945
17	CC(C)(C)c1ccc(S(=O)(=O)Nc2cc(Cl)cc(Cl)c2)cc1	1.0	0	0.913	0.07	0.985
17	CC(C)c1nc2nc(N)nn2c(O)c1Cc1cc(Br)cc(Br)c1	1.0	1	0.999	0.128	0.884
17	C=CCN(C(C)=O)C(=O)c1ccc(Cl)c(S(N)(=O)=O)c1Cl	1.0	0	0.873	0.05	0.907
17	CCCCc1nc2nc(N)nn2c(O)c1Cc1cccc(Cl)c1	1.0	1	0.999	0.198	0.935
17	COc1nc(F)cnc1NS(=O)(=O)c1cccc(Cl)c1Cl	1.0	1	0.953	0.109	0.948
18	COCc1c(-c2cc(Cl)ccc2NS(=O)(=O)c2ccc(C(C)(C)C)cc2)nccc1	1.0	1	0.936	0.12	0.967
18	Cc1cc(C(=O)c2cc(Cl)ccc2NS(=O)(=O)c2ccc(-c3cnco3)cc2)ccc1	1.0	0	0.868	0.077	0.968
18	O=C(Nc1ccccc1C(=O)NCCN1CCCCC1)c1ccccc1O	1.0	0	0.736	0.051	0.986
18	O=C(NCCN1C(=O)c2ccccc21)c1ccccc1Oc1ccccc1NCc1ccc(Cl)cc1	1.0	0	0.005	0.005	0.974
18	CC(C)(C)c1ccc(S(=O)(=O)Nc2ccc(F)cc2C(=O)c2ccncc2)cc1	1.0	0	0.944	0.097	0.976
18	CC1(c2ccc(S(=O)(=O)Nc3ccc(Cl)cc3C(=O)c3ccncc3)cc2)CCOCC1	1.0	0	0.908	0.093	0.949
18	CC1(c2ccc(S(=O)(=O)Nc3ccc(Cl)cc3C(=O)c3ccncc3)cc2)CCOCC1	1.0	0	0.908	0.093	0.949
18	O=C(O)c1ccc(S(=O)(=O)NCc2ccccc2)cc1	1.0	0	0.848	0.051	0.993
18	CC(=O)C1=C(O)C(=O)N(c2ccc(Cl)c(C)c2)C1C1CCCCC1	1.0	0	0.999	0.093	0.907
18	CCC(C)NS(=O)(=O)c1ccc(CNC(=O)c2ccccc2)cc1	1.0	0	0.764	0.039	0.975
18	Cc1cc(CN2C(=O)c3c(C2=O)c(NS(=O)(=O)c2ccc(C(C)(C)C)cc2)ccc3Cl)c(C)nc1	1.0	0	0.845	0.083	0.933
18	COc1cccc2c1c(NS(=O)(=O)c1ccc(Cl)cc1)nn2Cc1cccc(C(N)=O)c1	1.0	0	0.909	0.096	0.967
18	COCC(=O)Nc1cc(C(=O)Nc2ccc(N3CCCC3)cc2)ccc1C()	0.0	0	0.0	0.0	0.0
18	CC1(c2ccc(S(=O)(=O)Nc3ccc(Cl)cc3)cc2)CCOCC1	1.0	0	0.877	0.087	0.972
18	Nc1nn2c(O)c(Cc3cccc(I)c3)c(C3CC3)nc2n1	1.0	1	1.0	0.149	0.891
18	CC(=O)C1=C(O)C(=O)N(c2cc(F)c(Cl)cc2)C1C1CCCCCC1	1.0	0	1.0	0.096	0.901
18	O=C(O)c1ccccc1Oc1ncc(Cl)cc1NS(=O)(=O)c1ccc(Cl)c(Cl)c1	1.0	1	0.921	0.132	0.971
18	Cc1c(C(=O)Nc2ccccc2)nnn1Cc1cccc(Cl)c1	1.0	0	0.904	0.061	0.986
18	COc1nccnc1NS(=O)(=O)c1cccc(C(F)(F)F)c1C#NC=N	0.0	0	0.0	0.0	0.0
18	COc1nc(Cl)cnc1NS(=O)(=O)c1ccc(Cl)c(Cl)c1Cl	1.0	1	0.957	0.112	0.942
18	O=S(=O)(Nc1cc(Cl)c(Cl)cc1Cn1ccnn1)c1cccc2c1cccc2	1.0	1	0.963	0.113	0.956
18	O=S(=O)(Nc1cc(Cl)c(Cl)cc1Cn1ccnn1)c1ccc(Cl)cc1	1.0	1	0.987	0.107	0.96
18	COCC(=O)N1CCC(NS(=O)(=O)c2ccc(NCc3ccccc3)c3c(cccc32)C(=O)O)C1	1.0	0	0.635	0.062	0.898
18	O=C(c1ccncc1)c1cc(Cl)ccc1NS(=O)(=O)c1cccc(C(F)(F)F)c1	1.0	0	0.932	0.089	0.974
18	CCCCCc1ccc(C(=O)Nc2ccc(F)cc2)cn1	1.0	0	0.822	0.037	0.989
18	C(=O)c1ccc(S(=O)(=O)NCCCl)cc1Cl	1.0	0	0.78	0.041	0.963
18	CNC(=O)c1cc(Cn2nc(NS(=O)(=O)c3ccccc3)c3ccccc32)ccc1	1.0	0	0.899	0.089	0.976
18	Cc1c(C(=O)c2cc(Cl)ccc2NS(=O)(=O)c2ccc(C)cc2)cccc1	1.0	0	0.968	0.083	0.986
18	CC(=O)C1=C(O)C(=O)N(c2cc(C)ccc2)C1C1CCCCC1[O-]	1.0	1	0.999	0.103	0.61
18	O=S1(=O)NC(Nc2ccccc2C(F)(F)F)=Nc2c1cc(Br)cc2	1.0	0	0.871	0.056	0.897
18	Cc1nc(NS(=O)(=O)c2cc(Cl)c(Cl)s2)ccc1	1.0	0	0.939	0.063	0.954
18	Cc1cc(Oc2cccc(COc3ccccc3)c2)ccn1	1.0	0	0.853	0.046	0.988
18	CN(C)c1ccccc1O	1.0	0	0.805	0.027	0.986
18	Cc1ncc(Cn2nc(NS(=O)(=O)c3ccc(Cl)s3)c3ccccc32)cc1	1.0	0	0.944	0.069	0.956
18	O=C(c1cnccc1)c1cc(Cl)ccc1NS(=O)(=O)c1ccc(Br)cc1	1.0	0	0.95	0.079	0.981
18	O=C(O)c1c(Oc2ncccc2NS(=O)(=O)c2ccc(Cl)c(Cl)c2)cccc1	1.0	0	0.914	0.085	0.976
18	CCc1ccc(-c2nc3nc(N)nn3c(O)c2Cc2cccc(C)c2)ncc1	0.0	0	0.0	0.0	0.0
18	CC(=O)c1ccc(S(=O)(=O)Nc2ccc(Cl)cc2C(=O)c2cnc(S(C)(=O)=O)cc2)cc1	1.0	0	0.83	0.076	0.965
18	COc1nc(F)c(F)nc1NS(=O)(=O)c1cc(Cl)ccc1Cl	1.0	0	0.962	0.089	0.938
18	O=C(NCCNC(=O)c1ccccc1)c1ccc(Cl)cc1	1.0	0	0.821	0.045	0.994
18	Cc1nc(N)nc2ncc(C)nc12	1.0	0	0.829	0.039	0.946
18	COCc1c(-c2cc(Cl)ccc2NS(=O)(=O)c2ccc(C(C)(C)C)cc2)nccc1	1.0	1	0.936	0.12	0.967
18	O=S(=O)(Nc1cc(Cl)ccc1Cn1ccnn1)c1cccc(Cl)c1	1.0	0	0.989	0.098	0.966
18	CCCc1nc(CC)c2c(NS(=O)(=O)c3cccc(Cl)c3Cl)nccn21	1.0	0	0.872	0.088	0.922
18	O=C(O)c1c(Oc2ncncc2NS(=O)(=O)c2ccc(Cl)c(Cl)c2)cccc1	1.0	0	0.896	0.082	0.966
18	CCCc1nc(Br)cnc1NS(=O)(=O)c1cc(Cl)ccc1Cl	1.0	0	0.934	0.089	0.948
18	O=C(c1cnccc1)c1cc(Cl)ccc1NS(=O)(=O)c1ccc(-c2cocn2)cc1	1.0	0	0.841	0.077	0.956
18	O=C(O)c1ccc(-c2cc(F)c(Cl)cc2NS(=O)(=O)c2ccc(-c3cnco3)cc2)cc1	1.0	0	0.887	0.067	0.96
18	CC(=O)c1ccc(S(=O)(=O)NCCc2ccc(C(C)(C)C)cc2)cc1	1.0	0	0.854	0.049	0.986
18	CC(C)(C)c1ccc(S(=O)(=O)Nc2cc(Cl)ccc2C(=O)c2ccncc2)cc1	1.0	0	0.95	0.097	0.976
18	CC(=O)C1=C(O)c2c(cccc2)c2c1cccc2	1.0	0	0.906	0.069	0.988
18	COc1ccccc1Cn1nc(NS(=O)(=O)c2ccc(Cl)s2)c2ccccc21	1.0	0	0.938	0.07	0.966
18	Cn1ncc(Oc2ccc(Cl)cc2NS(=O)(=O)c2ccc(Cl)cc2)cc1	0.0	0	0.0	0.0	0.0
18	CC1CCN(C(=O)C(CCn2cccn2)NS(=O)(=O)c2cc(Cl)c(N)c(Cl)c2)CC1	1.0	0	0.825	0.076	0.858
18	COc1c(NS(=O)(=O)c2ccc(Cl)s2)cccc1	1.0	0	0.971	0.083	0.986
18	Cc1nc(C)c(-c2ccc(C(=O)NS(=O)(=O)c3ccc(Cl)c(C(C)=O)c3)cc2)cc1	1.0	0	0.573	0.046	0.971
18	CCn1c(O)c2c(nc(NS(=O)(=O)c2ccc(C)cc2)c2c[nH]c3ccccc3c12)C(=O)O	0.0	0	0.0	0.0	0.0
18	Cc1nc2nc(N)nn2c(O)c1Cc1cccc(Cl)c1	1.0	1	1.0	0.145	0.95
18	Nc1nn2c(O)c(Cc3ccc(Cl)cc3)c(C3CC3)nc2n1	1.0	1	1.0	0.158	0.93
18	O=S(=O)(Nc1cc(Cl)c(Cl)cc1Cn1ccnn1)c1cccc(C(F)(F)F)c1	1.0	1	0.991	0.153	0.945
18	CC(=O)NCc1cc(S(=O)(=O)Nc2cccc(OC(=O)Cc3ccccc3)cc2)ccc1	0.0	0	0.0	0.0	0.0
18	COc1ccc(S(=O)(=O)Nc2ccc(C(F)(F)F)cc2)cc1	1.0	0	0.894	0.074	0.99
18	O=C(NS(=O)(=O)c1ccccc1)c1ccccc1Oc1ccccc1O	1.0	0	0.835	0.064	0.985
18	COc1ccc(C(=O)Nc2cccc(S(=O)(=O)N3CCCC3)c2)cc1	1.0	0	0.841	0.04	0.99
18	O=C(c1cccnc1)c1cc(Cl)ccc1NS(=O)(=O)c1ccc(C(F)(F)F)cc1	1.0	0	0.953	0.093	0.976
18	O=C(O)COc1c(Br)cc(Cl)cc1NS(=O)(=O)c1ccccc1	1.0	0	0.979	0.073	0.98
18	O=C(c1cnccc1)c1cc(Cl)ccc1NS(=O)(=O)c1ccc(C(F)(F)F)cc1	1.0	0	0.953	0.093	0.976
18	Cc1nnnn1Cc1cccc(CNC(=O)OC)c1	1.0	0	0.844	0.048	0.974
18	CC(=O)C1=C(O)C(=O)N(c2cc(F)c(C(F)(F)F)cc2)C1C1CCCCC1	1.0	1	0.999	0.103	0.871
18	O=C(c1ccncc1)c1cc(Cl)ccc1NS(=O)(=O)c1ccc(C(F)(F)F)cc1	1.0	0	0.954	0.099	0.976
18	COc1c(-c2cc(Cl)ccc2NS(=O)(=O)c2ccc(C(C)(C)C)cc2)nccc1	1.0	0	0.955	0.089	0.973
18	COC(=O)CCc1ccc(S(=O)(=O)Nc2ccc(Cl)cc2C(=O)c2cnccc2)cc1	1.0	0	0.789	0.077	0.975
18	CC(=O)C1=C(O)C(=O)N(CCCc2ccccc2)C1c1ccc(Cl)cc1	1.0	0	0.994	0.08	0.957
18	Cc1cccc(Oc2ncc(Cl)c(NS(=O)(=O)c3ccc(Cl)cc3)c2)c1	1.0	0	0.858	0.08	0.977
18	Cc1cccc(NC(=O)c2cncc(Cl)c2)c1	1.0	0	0.911	0.049	0.989
18	Cc1ccc(Oc2c(C(=O)NC)cnc3c2c(NC)c2ccccc23)cc1	0.0	0	0.0	0.0	0.0
18	COc1ccc(NS(=O)(=O)c2ccc(Nc3ncccn3)cc2)cc1	1.0	0	0.734	0.063	0.986
18	O=C(c1cccnc1)c1cc(Cl)ccc1NS(=O)(=O)c1ccc(C(F)F)cc1	1.0	0	0.954	0.087	0.971
18	Nc1nn2c(O)c(Cc3ccc(Cl)c(Cl)c3)c(CCCc3ccccc3)nc2n1	1.0	1	0.998	0.153	0.942
18	Cc1c(C(=O)Nc2ccc(S(=O)(=O)NC3CCN(C(=O)CN)CC3)c3c2cccc3)cccc1	1.0	0	0.534	0.054	0.967
18	Cc1cccc(NS(=O)(=O)c2ccc(Cl)cc2)c1Oc1ccc(Cl)cc1	1.0	1	0.975	0.125	0.984
18	O=S(=O)(Nc1cc(Cl)ccc1Cn1nnnc1Cc1ccc(Cl)cc1)c1cccc(C(F)(F)F)c1	1.0	0	0.924	0.069	0.952
18	O=C(Nc1cc(O)ccc1C(=O)N1COCC1)c1ccccc1	1.0	0	0.908	0.066	0.978
18	Cc1c(N2C(=O)c3c(C2=O)c(NS(=O)(=O)c2ccc(Cl)cc2)cc(C)cc3C)cccc1	0.0	0	0.0	0.0	0.0
18	Cc1c(C)c(S(=O)(=O)NCCCN2CCCCC2)c(C)n2c1nc1ccccc12	1.0	0	0.826	0.054	0.946
18	O=C(O)c1ccccc1Oc1ncc(Cl)cc1NS(=O)(=O)c1ccc(Cl)c(Cl)c1	1.0	1	0.921	0.132	0.971
18	O=S(=O)(Nc1cc(Cl)ccn1)c1cccnc1Cl	1.0	0	0.956	0.062	0.97
18	Cc1c(C(=O)Nc2ccccc2)n(-c2ccccc2)c2ccc(Cl)cc12	1.0	0	0.93	0.08	0.983
18	Cc1ccc(S(=O)(=O)Nc2ccc(Cl)cc2C(=O)c2ccccn2)cc1	1.0	0	0.963	0.084	0.982
18	CC1CCN(C(=O)C(CCn2cccc2)NS(=O)(=O)c2cc(Cl)c(N)c(Cl)c2)CC1	1.0	0	0.823	0.07	0.848
18	CC(=O)C1=C(O)C(=O)N(c2ccccc2)C1C1CCCCC1	1.0	0	0.999	0.088	0.935
18	O=S(=O)(Nc1cc(Cl)ccc1Cn1ccnn1)c1csc2c1cccc2	1.0	1	0.971	0.106	0.944
18	Oc1cc(CSc2ccccc2)nc2nc(Cc3ccccc3)nn12	1.0	0	0.902	0.06	0.961
18	CNC(=O)c1cc(Cn2cc(Cl)cn2)ccc1	1.0	0	0.94	0.05	0.983
18	CCc1nnc(NC(=O)c2ccc(C)cc2)s1	1.0	0	0.862	0.047	0.988
18	COc1ccc(Cn2nc(C(=O)c3cccc(Cl)c3)c3c2cccc3)cc1	1.0	0	0.897	0.067	0.983
18	O=C(NCCNC(=O)c1ccc(S(=O)(=O)F)cc1)c1cc2ccccc2[nH]1	1.0	0	0.688	0.046	0.974
18	O=C(O)c1ccc(-c2ccc(F)cc2)nc1NS(=O)(=O)c1cccc(Cl)c1	1.0	0	0.929	0.081	0.978
18	COC(=O)CCc1ccc(S(=O)(=O)Nc2ccc(C(F)(F)F)c(F)c3c2ccc3cccnc2)cc1	0.0	0	0.0	0.0	0.0
18	COc1nn(C)c2c1c(NS(=O)(=O)c1cccc(Cl)c1Cl)nc(O)n2C1CN(C(C)=O)C1CO	0.0	0	0.0	0.0	0.0
19	COc1nc(Br)cnc1NS(=O)(=O)c1cccc(Cl)c1F	1.0	0	0.943	0.086	0.947
19	Cc1ncc(Cn2nc(NS(=O)(=O)c3ccc(Cl)s3)c3ccccc32)cc1	1.0	0	0.944	0.069	0.956
19	COC(=O)c1ccc(-c2ccc(C#N)nc2)cc1C	1.0	0	0.944	0.045	0.978
19	Cc1nc(Oc2ccc(C(=O)NCC(C)(C)C)cc2)c2ccccc2n1	1.0	0	0.83	0.052	0.977
19	Cn1ncc2c1cccc2NS(=O)(=O)c1ccc(Cl)c(Cl)c1	1.0	0	0.922	0.086	0.977
19	COc1ncccc1NS(=O)(=O)c1cccc(Cl)c1	1.0	1	0.953	0.114	0.985
19	CCCn1c(O)nc2c1NS(=O)(=O)c1cccc(Cl)c12	1.0	0	0.877	0.077	0.815
19	CC(=O)C1=C(O)C(=O)N(c2ccc(Cl)c(C)c2)C1C1CCCCC1	1.0	0	0.999	0.093	0.907
19	O=C(O)c1ccccc1Oc1ccc(C(F)(F)F)cc1NS(=O)(=O)c1ccc(Cl)c(Cl)c1	1.0	0	0.93	0.09	0.972
19	COc1cc(C(=O)NCCOc2ccccc2C)c(C)cc1OCCn1sc2ccccc2c1=O	1.0	0	0.458	0.043	0.951
19	Cc1cccnc1C(=O)c1cc(Cl)ccc1NS(=O)(=O)c1ccc(C(C)(C)C)cc1	1.0	0	0.942	0.084	0.971
19	O=C(O)c1c(F)cccc1NS(=O)(=O)c1cccc(Cl)c1	1.0	0	0.94	0.096	0.985
19	Cc1ncccc1Oc1ncc(C#N)cc1NS(=O)(=O)c1ccc(Cl)c(Cl)c1	1.0	1	0.976	0.147	0.953
19	N#Cc1cccc(S(=O)(=O)Nc2ccc(Cl)cc2C(=O)c2cnccc2)c1	1.0	0	0.902	0.063	0.975
19	CC(=O)c1ccc(S(=O)(=O)Nc2ccc(Cl)cc2C(=O)c2ccncc2)cc1	1.0	0	0.946	0.07	0.98
19	O=S(=O)(NCCCN1CCC(O)(c2ccc(Cl)cc2)CC1)c1c(F)c(F)ccc1	1.0	0	0.78	0.062	0.96
19	COc1ccc(S(=O)(=O)Nc2ccc(Cl)cc2C(=O)c2ccncc2)cc1	1.0	0	0.949	0.092	0.983
19	Nc1nc(Cl)ncc1F	1.0	0	0.707	0.033	0.947
19	COc1nccc(C(=O)c2cc(Cl)ccc2NS(=O)(=O)c2ccc(C(C)(C)C)cc2)c1O	1.0	0	0.823	0.078	0.955
19	COc1nc(F)c(F)nc1NS(=O)(=O)c1cccc(Cl)c1Cl	1.0	0	0.95	0.088	0.93
19	COc1c2ccccN2nc2c(O)c3c(C)cccc3cc[n+]12	1.0	0	0.844	0.077	0.364
19	O=C(O)c1c(F)cccc1NS(=O)(=O)c1cccc2c1ccn2Cc1ccccc1	1.0	0	0.88	0.081	0.973
19	O=C(c1ccncc1)c1cc(Cl)ccc1NS(=O)(=O)c1cccc(Br)c1	1.0	0	0.942	0.081	0.978
19	COc1nn(C)c2c1c(NS(=O)(=O)c1ccccc1Cl)nn2C	1.0	0	0.942	0.078	0.929
19	O=S(=O)(Nc1ncc(Cl)nc1OCc1ccccc1)c1cc(Cl)ccc1	1.0	1	0.931	0.102	0.972
19	O=C(c1ccncc1)c1cc(Cl)ccc1NS(=O)(=O)c1ccc(Br)cc1	1.0	0	0.951	0.09	0.981
19	O=C(O)c1c(Oc2ncncc2NS(=O)(=O)c2ccc(Cl)cc2)cccc1	1.0	0	0.934	0.092	0.972
19	Cc1nnc(SCc2nc(C)cc(C)n2)nc1N	1.0	0	0.957	0.049	0.933
19	CC(=O)C1=C(O)C(=O)N(c2cccc(C)c2)C1C1CCCCC1	1.0	0	0.999	0.092	0.922
19	COc1ccc(NS(=O)(=O)c2ccc(NC(=O)c3ccccc3C)c3ccccc23)cc1	1.0	0	0.638	0.064	0.984
19	O=C(O)c1ccc(N(Cc2ccccc2Cl)CC(F)F)cc1	1.0	0	0.926	0.055	0.976
19	Cc1ncc(N2C(=O)c3c(C2=O)c(NS(=O)(=O)c2ccc(C(C)(C)C)cc2)cc2ccccc23)nc1	1.0	0	0.005	0.005	0.929
19	O=S(=O)(Nc1cc(Cl)ccc1Cn1ccnn1)c1ccc(Cl)s1	1.0	1	0.987	0.111	0.947
19	CC(C)c1nc2nc(N)nn2c(O)c1Cc1cccc(Cl)c1	1.0	1	1.0	0.147	0.929
19	O=C(O)c1ccccc1Oc1c(F)cc(C(F)(F)F)cc1NS(=O)(=O)c1ccc(Cl)cc1	1.0	1	0.972	0.106	0.965
19	Cc1nc2nc(N)nn2c(O)c1Cc1cccc(Cl)c1Cl	1.0	1	1.0	0.149	0.933
19	O=S(=O)(NCCCN1CCC(O)(c2ccc(Cl)cc2)CC1)c1cccnc1C	1.0	0	0.754	0.054	0.954
19	CC(=O)C1=C(O)C(=O)N(c2ccc(C)cc2)C1C1CCCCCC1	1.0	0	1.0	0.091	0.929
19	O=C(c1cnccc1)c1cc(Cl)ccc1NS(=O)(=O)c1ccc(Br)cc1	1.0	0	0.95	0.079	0.981
19	Oc1cc(CSc2cccc(F)c2F)nc2nc(C3CCCCC3)nn12	1.0	0	0.936	0.07	0.909
19	CC(C)c1nc2ncnc(N)c2c1OS(=O)(=O)c1ccccc1C#	0.0	0	0.0	0.0	0.0
19	O=S(=O)(NCCCN1CCC(O)(c2ccc(Cl)cc2)CC1)c1c(Cl)cccc1	1.0	0	0.74	0.056	0.97
19	O=C(NS(=O)(=O)c1ccc(F)cc1)NC1CC1	1.0	0	0.874	0.036	0.987
19	O=C(O)c1ccccc1Oc1ccc(Cl)cc1NS(=O)(=O)c1ccc(Cl)c(Cl)c1	1.0	0	0.937	0.08	0.98
19	Cc1nn(Cc2ccc(C)cc2)c(C)c1NS(=O)(=O)c1ccc(C(C)(C)C)cc1	1.0	0	0.83	0.081	0.977
19	O=C(c1cnccc1Cl)c1cc(Cl)ccc1NS(=O)(=O)c1c(Cl)c(Cl)ccc1	1.0	0	0.954	0.08	0.965
19	COc1c2c(NS(=O)(=O)c3ccc(Cl)s3)nn(Cc3cccc(CNC(C)=O)c3)c2ccc1Cl	1.0	0	0.746	0.053	0.929
19	O=C(NCCN=C=S)c1ccc(Oc2ccccc2)cc1	1.0	0	0.781	0.044	0.978
19	COc1nccn1CCc1ccc(Cl)c(Cl)c1NS(=O)(=O)c1cccc(Cl)c1	1.0	0	0.864	0.09	0.93
19	O=S(=O)(Nc1ncncn1)c1ccc(Cl)c(Cl)c1	1.0	0	0.955	0.065	0.971
19	Nc1nn2c(O)c(CCCCCNS(=N)(=O)c3cccc(Cl)c3)nc2nc1F	1.0	0	0.848	0.083	0.602
19	CC(=O)Nc1ccc(S(=O)(=O)NCCc2cccc(C(C)=O)c2)cc1	1.0	0	0.812	0.07	0.987
19	Cc1ncccc1Cc1c(Cl)cccc1NS(=O)(=O)c1ccc(Cl)c(Cl)c1	1.0	1	0.975	0.12	0.967
19	O=C(O)c1c(F)cccc1NS(=O)(=O)c1ccc(Cl)c(Cl)c1	1.0	0	0.947	0.096	0.983
19	O=S(=O)(Nc1cc(Cl)ccc1Cn1ccnn1)c1cccc2occc12	1.0	0	0.981	0.093	0.938
19	COCc1c(-c2cc(Cl)ccc2NS(=O)(=O)c2ccc(C(C)(C)C)cc2)nccc1	1.0	1	0.936	0.12	0.967
19	CN(C)c1ccc(S(=O)(=O)Nc2ccc(Cl)c3c2NC(=O)C3=Cc2ccc(Cl)cc2)cc1	1.0	0	0.796	0.078	0.949
19	COCCOc1cc(-n2nc(NS(=O)(=O)c3ccc(Cl)s3)c3c2cccc3OC(F)(F)F)ccc1	1.0	0	0.718	0.06	0.921
19	O=C(c1cnccc1)c1cc(Cl)ccc1NS(=O)(=O)c1cccc(Br)c1	1.0	0	0.942	0.071	0.979
19	COc1c(NS(=O)(=O)c2ccc(Cl)s2)ncc(Cc2ccccc2)c1	1.0	0	0.865	0.065	0.969
19	C=CCN(C(=O)Nc1cc(C)ccc1C)C1=C(O)c(=O)c2ncccc21	1.0	0	0.882	0.071	0.921
19	COc1ccc2c(c1NS(=O)(=O)c1c(Cl)c(Cl)ccc1)cnn12	0.0	0	0.0	0.0	0.0
19	Cc1nc(C)c(C2CN(C(=O)c3ncccc3)C2)c2ccccc12	1.0	1	0.855	0.109	0.964
19	O=C(O)c1ccccc1Oc1ccc(C(F)(F)F)cc1NS(=O)(=O)c1ccccc1Cl	1.0	1	0.963	0.109	0.975
19	COc1ccc(NS(=O)(=O)c2ccc(NS(=O)(=O)c3ccc(N)cc3)cc2)cc1	1.0	0	0.722	0.056	0.985
19	Cc1cc(NS(=O)(=O)c2ccc(N3C(=O)C(=O)CC3C)c3c2ccccc3)ccc1	0.0	0	0.0	0.0	0.0
19	COc1c(C)c(NS(=O)(=O)c2ccc(C(C)(C)C)cc2)ccc1	1.0	0	0.861	0.088	0.985
19	CC(=O)C1=C(O)C(=O)N(c2ccc(Cl)c(C)c2)C1C1CCCCC1	1.0	0	0.999	0.093	0.907
19	O=C(O)c1c(Oc2cccc(F)c2NS(=O)(=O)c2ccc(Cl)c(Cl)c2)cccc1	1.0	0	0.928	0.082	0.974
19	C=CCN(C(=O)Nc1cc(C)ccc1C)C1CCN(C(=O)c2cc(C(F)(F)F)ccc2)CCO1	1.0	0	0.669	0.065	0.852
19	Cn1ncc2c1ncnc2NS(=O)(=O)c1cccc(Cl)c1	1.0	1	0.946	0.101	0.972
19	CCOC(=O)N1CCC(NS(=O)(=O)c2cccc3ccccc23)CC1	1.0	0	0.816	0.055	0.981
19	Nc1nn2c(O)c(Cc3cccc(F)c3)c(C3CC3)nc2n1	1.0	1	1.0	0.164	0.921
19	CNc1ccc(N2C(=O)c3c(C2=O)c(NS(=O)(=O)c2ccc(C(C)(C)C)cc2)ccc3Cl)cc1	1.0	1	0.822	0.1	0.953
19	O=C(O)c1ccc(Oc2ccc(Cl)cc2NS(=O)(=O)c2ccc(Cl)cc2)cc1	1.0	0	0.961	0.1	0.986
19	N#S(=O)(=O)CCc1cc(C2=CS(=O)(=O)CCC2)ccc1	0.0	0	0.0	0.0	0.0
19	N#Cc1cc(NS(=O)(=O)c2ccc(Cl)cc2)c(Oc2ccccc2C(=O)O)cc1	1.0	0	0.967	0.096	0.978
19	CCOc1ccc(Nc2nc(Cl)nc(NC)n2)cc1	1.0	0	0.927	0.042	0.979
19	N#S(=O)(=O)c1ccc(S(=O)(=O)Nc2ccc(Cl)cc2C(=O)c2ccncc2)cc1	0.0	0	0.0	0.0	0.0
19	CC(=O)C1=C(O)C(=O)N(c2ccc(C)cc2)C1C1CCCCCC1	1.0	0	1.0	0.091	0.929
19	N#Cc1ccc(N2C(=O)CNC2=S)cc1Cl	1.0	0	0.944	0.066	0.932
19	O=C(O)c1c(Oc2ncncc2NS(=O)(=O)c2ccc(Cl)c(Cl)c2)cccc1	1.0	0	0.896	0.082	0.966
19	Nc1nc(C(=O)NCc2cccc3c2ccc3ncccc23)c2ccccc2n1	0.0	0	0.0	0.0	0.0
19	Cc1ccccc1C(=O)Nc1ccc(S(=O)(=O)NC2(C)CCN(C(C)=O)CC2)cc1	1.0	0	0.695	0.038	0.969
19	O=S(=O)(Nc1cc(Cl)ccc1Cn1ccnn1)c1ccc(Cl)s1	1.0	1	0.987	0.111	0.947
19	O=C(O)c1ccccc1Oc1c(Cl)cccc1Cl	1.0	0	0.926	0.046	0.988
19	CCCC(=O)N1CCC(NS(=O)(=O)c2ccc(NC(=O)c3ccncc3)c3ccccc23)CC1	1.0	0	0.608	0.045	0.965
19	Nc1nn2c(O)c(Cc3ccc(F)cc3)c(C3CC3)nc2n1	1.0	1	1.0	0.16	0.929
19	CC(=O)C1=C(O)C(=O)N(c2cc(F)c(C)c(F)c2)C1C1CCCCC1	1.0	1	0.999	0.101	0.866
19	COc1nc(F)c(F)nc1NS(=O)(=O)c1cccc(Cl)c1Cl	1.0	0	0.95	0.088	0.93
19	Cc1c(Cl)c(Oc2cc(Cl)ccc2NS(=O)(=O)c2ccc(Cl)c(C(F)(F)F)c2)ccc1	1.0	1	0.991	0.148	0.962
19	COc1nn(C)c2c1c1c(c3c(N)nccc3n2C(C)C(O)CCN1CCC([O-])CC1)c1ccc(Cl)cc1	0.0	0	0.0	0.0	0.0
19	O=C(O)c1ccc(Oc2ccc(Cl)c(Cl)c2)cc1	1.0	0	0.951	0.052	0.992
19	O=C(c1cnccc1)c1cc(Cl)ccc1NS(=O)(=O)c1ccc(-c2cccnc2)cc1	1.0	0	0.861	0.084	0.975
19	COc1nc(Cl)cnc1NS(=O)(=O)c1cccc(F)c1Cl	1.0	0	0.953	0.092	0.945
19	CC(C)Oc1ccc(S(=O)(=O)Nc2ccc(Cl)cc2C(=O)c2ccnc(Cl)c2)cc1	1.0	0	0.865	0.066	0.971
19	O=C(c1cnccc1)c1cc(Cl)ccc1NS(=O)(=O)c1ccc(Br)cc1	1.0	0	0.95	0.079	0.981
19	COc1cc2c(cc1NS(=O)(=O)c1c(Cl)c(Cl)ccc1)nc(O)n2C(CO)(CO)CO	1.0	0	0.854	0.089	0.843
19	COc1ccc(Cn2ccnc2SCCNC(=O)c2ccccc2)cc1	1.0	0	0.924	0.065	0.983
19	Cc1nn(Cc2ccccc2)c(C)c1Cc1ccc(Cl)c(Cl)c1Cl	1.0	0	0.935	0.08	0.975
20	Cc1ccc(Oc2nc3c(cnc4ccccc24)S(=O)(=O)c3ccc(Cl)cc2)cc1	0.0	0	0.0	0.0	0.0
20	Cc1c(N2C(=O)c3c(C2=O)c(NS(=O)(=O)c2ccc(C(C)(C)C)cc2)ccc3Cl)ccc[n+]1[O-]	1.0	0	0.832	0.098	0.903
20	CCCCc1ccc(C(=O)Nc2cc(Cl)ccc2C(=O)c2ccncc2)cc1	1.0	0	0.785	0.066	0.984
20	Cc1nnnn1Cc1ccc(Cl)cc1NS(=O)(=O)c1cc(Cl)c(Cl)cc1N	1.0	0	0.973	0.097	0.942
20	O=C(c1cnccc1)c1cc(Cl)ccc1NS(=O)(=O)c1ccc(-c2cn[nH]c2)cc1	1.0	0	0.894	0.073	0.964
20	Cc1ccc(N2C(=O)C(O)=C(C(=O)c3ccccc3)C2C2CCCCC2)cc1	1.0	1	0.997	0.173	0.933
20	Cc1cc(Oc2ccc(C(=O)NCCN3CCCC3)cc2)ccc1O	1.0	0	0.746	0.046	0.985
20	COc1c(NS(=O)(=O)c2ccc(Cl)s2)ncc(C)c1	1.0	0	0.958	0.073	0.962
20	Cc1nn(Cc2ccc(Cl)cc2NS(=O)(=O)c2ccc(C(C)(C)C)cc2)cc1	1.0	0	0.98	0.09	0.968
20	CC(C)(C)c1ccc(S(=O)(=O)Nc2ccc(Cl)cc2-c2c(NCCO)ncc(Cl)n2)cc1	1.0	1	0.914	0.149	0.941
20	Cc1cc(NS(=O)(=O)c2cccc(NS(=O)(=O)c3ccc(C)cc3)c2)c2ccccc2n1	1.0	0	0.776	0.087	0.978
20	CCOc1ccccc1CNC(=O)c1cc(Cl)ccc1NS(=O)(=O)c1ccc(Cl)cc1N	1.0	1	0.922	0.112	0.974
20	Cc1ccc(N2C(=O)C(O)=C(C(N)=O)C23CCCCC3)cc1	1.0	0	0.987	0.067	0.865
20	CC(=O)COc1ccc(Cl)cc1NS(=O)(=O)c1ccc(Cl)c(Cl)c1	1.0	0	0.944	0.087	0.98
20	COc1ccccc1Cc1c(O)n2nc(N)nc2nc1C1CC1	1.0	1	1.0	0.149	0.927
20	Cc1ccc(C(=O)c2cc(C)ccc2NS(=O)(=O)c2ccc(C3(C)CCOCC3)cc2)cc1	1.0	0	0.917	0.08	0.959
20	COC(=O)c1nc(O)c2c(n1)c(NS(=O)(=O)c1ccc(Cl)s1)cc2SC(C)C	0.0	0	0.0	0.0	0.0
20	COc1nc(Br)cnc1NS(=O)(=O)c1cccc(Cl)c1Cl	1.0	0	0.941	0.086	0.95
20	COc1ccc(S(=O)(=O)Nc2ccc(Cl)cc2C(=O)c2ccncc2)cc1	1.0	0	0.949	0.092	0.983
20	COc1ccccc1C(=O)c1cc(Cl)ccc1NS(=O)(=O)c1ccc(Cl)cc1	1.0	0	0.955	0.08	0.985
20	CC(=O)C(O)=C(Br)C(=O)c1ccc(Cl)cc1	1.0	0	0.958	0.047	0.948
20	COc1ncc(F)cc1-c1cc(Cl)ccc1NS(=O)(=O)c1ccc(Cl)c(Cl)c1	1.0	1	0.96	0.102	0.965
20	Nc1nn2c(O)c(Cc3ccc(Br)cc3)c(C3CC3)nc2n1	1.0	1	1.0	0.147	0.922
20	CCCC(=O)N1CCC(NS(=O)(=O)c2ccc(NC(=O)c3cccc(C)c3)c3c2cccc3)CC1	1.0	0	0.524	0.055	0.969
20	c1ccc(CCc2nc(-c3cccnc3)ncc2Cc2ccccc2)cc1	1.0	0	0.952	0.078	0.978
20	CCCc1nc2nc(N)nn2c(O)c1Cc1cccc(Cl)c1	1.0	1	1.0	0.185	0.934
20	COc1nc(Cl)cnc1NS(=O)(=O)c1cccc(C(F)(F)F)c1	1.0	1	0.941	0.112	0.96
20	CC(C)c1nc2nc(N)nn2c(O)c1Cc1cccc(Cl)c1Cl	1.0	1	1.0	0.151	0.909
20	CS(=O)(=O)Nc1cc(CSc2ccccc2)ccc1	1.0	0	0.932	0.054	0.988
20	CCOC(=O)N1CCC(NS(=O)(=O)c2ccc(Cl)cc2)CC1	1.0	0	0.846	0.054	0.984
20	COc1cc2c(cc1NS(=O)(=O)c1c(Cl)c(Cl)ccc1)c(CCC(=O)O)[nH]c2	1.0	0	0.855	0.07	0.925
20	COc1nc(Cl)cnc1NS(=O)(=O)c1c(Cl)cccc1Cl	1.0	0	0.961	0.082	0.954
20	Nc1nn2c(O)c(Cc3ccc(Cl)cc3)c(C3CC3)nc2n1	1.0	1	1.0	0.158	0.93
20	O=C(c1cnccc1)c1cc(Cl)ccc1NS(=O)(=O)c1ccc(-c2cocc2)cc1	1.0	0	0.841	0.094	0.968
20	CC(C)(c1ncco1)c1ccccc1Cl	1.0	0	0.887	0.045	0.932
20	Oc1cc(CSc2ccccc2)nc2nc(Cc3ccccc3)nn12	1.0	0	0.902	0.06	0.961
20	Nc1nn2c(O)c(Cc3cccc(I)c3)c(C3CC3)nc2n1	1.0	1	1.0	0.149	0.891
20	COc1c(-c2cc(Cl)ccc2NS(=O)(=O)c2ccc(C(C)(C)C)cc2)nccc1	1.0	0	0.955	0.089	0.973
20	C1=C(c2ccccc2)CCBrS(=O)(=O)C1	0.0	0	0.0	0.0	0.0
20	O=C(c1ccncc1)c1cc(Cl)ccc1NS(=O)(=O)c1cccc(Br)c1	1.0	0	0.942	0.081	0.978
20	O=S(=O)(Nc1cc(Cl)ccc1Cn1ccnn1)c1cc(Cl)sc1	1.0	0	0.987	0.097	0.924
20	O=C(c1cccnc1)c1cc(Cl)ccc1NS(=O)(=O)c1ccc(N2CCOCC2)cc1	1.0	0	0.878	0.071	0.973
20	CNS(=O)(=O)c1ccc(CNC(=O)c2ccc(C)cc2)cc1	1.0	0	0.863	0.039	0.991
20	O=S(=O)(Nc1cc(Cl)ccc1Cn1ccnn1)c1ccc(Cl)s1	1.0	1	0.987	0.111	0.947
20	CC(=O)C1=C(O)C(=O)N(c2cc(F)c(C)cc2)C1C1CCCCCCCCC1	1.0	0	0.998	0.084	0.807
20	Cc1ncccc1Oc1ncc(C#N)cc1NS(=O)(=O)c1ccc(Cl)cc1	1.0	1	0.971	0.104	0.962
20	CCOC(=O)N1CCC(NS(=O)(=O)c2ccc(NC(=O)c3ccccc3)c3c2cccc3)CC1	1.0	0	0.575	0.07	0.974
20	Cc1c(C(=O)c2cc(Cl)ccc2NS(=O)(=O)c2ccc(-c3cnco3)cc2)cccn1	1.0	0	0.903	0.071	0.958
20	O=S1(=O)NC(NCCN2C(=O)c3ccccc3C2(O)c2ccccc2)CC1	1.0	0	0.898	0.085	0.589
20	COc1nc(F)cnc1NS(=O)(=O)c1c(Cl)c(Cl)c(Cl)s1	1.0	1	0.963	0.104	0.833
20	Cc1noc(C)c1Sc1ccc(Cl)cc1NS(=O)(=O)c1ccc(Cl)c(Cl)c1	1.0	0	0.993	0.097	0.95
20	CC(=O)C1=C(O)C(=O)N(c2ccc(C)cc2)C1c1cc(Cl)ccc1	1.0	0	1.0	0.093	0.953
20	COc1c(C)c(NS(=O)(=O)c2ccc(C(C)C)cc2)ccc1	1.0	0	0.865	0.079	0.987
20	Cn1nnnc1Cc1ccc(Cl)cc1NS(=O)(=O)c1ccc(Cl)cc1	1.0	1	0.986	0.118	0.968
20	O=C(c1cnc(Cl)cc1)c1cc(Cl)ccc1NS(=O)(=O)c1ccc(C(F)(F)F)cc1	1.0	0	0.949	0.069	0.971
20	O=C(c1ccncc1)c1cc(Cl)ccc1NS(=O)(=O)c1ccc2ncccc2c1	1.0	0	0.918	0.081	0.975
20	O=C(Nc1ccc(S(=O)(=O)NC2CCNCC2)c2ccccc12)c1ccccc1	1.0	0	0.69	0.065	0.977
20	Cc1cc(C(=O)c2cc(Cl)ccc2NS(=O)(=O)c2ccc(C(C)(C)C)cc2)ccn1	1.0	0	0.877	0.085	0.972
20	Cc1cc(Oc2ccc(C(=O)NCCN3CCCCC3)cc2)c(NS(=O)(=O)c2ccc(Cl)c(Cl)c2)cc1	1.0	0	0.005	0.005	0.969
20	Cn1nncc1CNC(=O)c1ccc2cc(Oc3ccc(C(F)(F)F)cn3)ccc2c1	1.0	0	0.703	0.043	0.94
20	Cc1ccc(S(=O)(=O)NC(=O)Nc2ccccc2)cc1	1.0	0	0.883	0.046	0.992
20	Cc1cc(SCc2nc3nc(Cc4ccccc4)nn3c(O)c2)c(C)cc1	1.0	0	0.92	0.062	0.947
20	Nc1nn2c(O)c(Cc3ccc(F)cc3)c(C3CC3)nc2n1	1.0	1	1.0	0.16	0.929
20	O=C(c1cnn(S(=O)(=O)c2ccccc2)c1)N1CCCC1C	1.0	0	0.903	0.087	0.92
20	CC(=O)C1=C(O)C(=O)N(c2cc(F)c(F)cc2)C1C1CCCCC1	1.0	0	0.999	0.095	0.906
20	N#Cc1cccn1CCC(=O)c1ccccc1Cl	1.0	0	0.954	0.067	0.968
20	O=C(NCCN1CCCCC1)c1ccc(Oc2ccc(Cl)cc2NS(=O)(=O)c2ccc(Cl)cc2)cc1	1.0	0	0.005	0.005	0.975
20	CCCc1nc2nc(N)nn2c(O)c1Cc1cccc(Cl)c1	1.0	1	1.0	0.185	0.934
20	COc1c2c(NS(=O)(=O)c3ccc(Cl)s3)nn(Cc3cnc(N)nc3)c2ccc1	1.0	0	0.921	0.079	0.928
20	Oc1cc(CSc2ccc(Cl)c(Cl)c2)nc2nc(Cc3ccccc3)nn12	1.0	0	0.887	0.068	0.947
20	O=C(Cn1nc(Cl)c(Cl)c1Cl)c1ccccc1NS(=O)(=O)c1cccc(Cl)c1	1.0	1	0.903	0.115	0.954
20	CC(C)(C)c1ccc(S(=O)(=O)Nc2ccc(Cl)cc2-c2c(O)c(C(N)=O)ccn2)cc1	1.0	0	0.922	0.088	0.955
20	CC(=O)C1=C(O)C(=O)N(c2cc(F)c(C(F)(F)F)cc2)C1C1CCCCC1	1.0	1	0.999	0.103	0.871
20	Cc1ncccc1C(=O)c1cc(Cl)ccc1NS(=O)(=O)c1ccc(Cl)c(Cl)c1	1.0	0	0.951	0.078	0.974
20	O=C(NS(=O)(=O)c1ccccc1)c1cc2ccccc2c2cocc12	1.0	0	0.892	0.073	0.964
20	COc1ccc(S(=O)(=O)Nc2ccc(C(F)(F)F)cc2)cc1	1.0	0	0.894	0.074	0.99
20	CC(=O)C1=C(O)C(=O)N(c2ccc(C)c(C)c2)C1C1CCCCC1	1.0	0	0.999	0.094	0.916
20	O=C(Nc1cccc(Sc2ccc(F)cc2)c1)c1ccccc1N	1.0	0	0.84	0.057	0.986
20	CNc1cc(Cc2nc(Cc3cccc(NC(=O)CC(CC)C(=O)O)c3)cs2)ccc1	1.0	0	0.616	0.047	0.896
20	O=C(c1ccncc1)c1cc(Cl)ccc1NS(=O)(=O)c1ccc(-c2ncc(Cl)cc2)cc1	1.0	0	0.898	0.081	0.972
20	O=C(c1cnccc1)c1cc(Cl)ccc1NS(=O)(=O)c1cccc2c1cccc12	0.0	0	0.0	0.0	0.0
20	O=C(O)c1ccccc1Oc1ccc(C(F)(F)F)cc1NS(=O)(=O)c1cccc(Cl)c1	1.0	0	0.933	0.088	0.975
20	C(=NNc1nc(N2)nn(C)c2n1)c1cccc2c1NCCC2c1ccccc1	1.0	0	0.85	0.063	0.21
20	Cc1c[n+]([O-])c(Cn2ccnc2)c(C)c1Cc1ccc(Cl)cc1	1.0	1	0.927	0.103	0.903
20	CC(=O)Nc1ccc(S(=O)(=O)NCCc2csc(-c3cnccc3)n2)cc1	1.0	0	0.793	0.062	0.974
20	Nc1ccc(CC(=O)Nc2ccccc2N)c2ncccc12	1.0	0	0.895	0.067	0.98
20	Cc1ccc(S(=O)(=O)Nc2ccc(Cl)cc2C(=O)c2ccnc(Cl)c2)cc1	1.0	0	0.959	0.086	0.978
20	Cc1ccc(S(=O)(=O)NC(=O)N2CCCC2)cc1	1.0	0	0.94	0.046	0.987
20	COc1cccc2c1c(NS(=O)(=O)c1c(Cl)c(Cl)ccc1)nn2Cc1ccccc1	1.0	0	0.923	0.08	0.967
20	O=C(O)N1CSCCN1C(=O)c1ccc(Cl)c(Cl)c1	1.0	0	0.972	0.069	0.927
20	CCCCc1nc2nc(N)nn2c(O)c1Cc1cccc(Cl)c1	1.0	1	0.999	0.198	0.935
20	O=C(O)c1c(Oc2ccc(Cl)c(Cl)c2NS(=O)(=O)c2ccc(Cl)c(Cl)c2)cccc1	1.0	0	0.975	0.079	0.968
20	Cc1c(C(=O)Nc2ccc(S(=O)(=O)Nc3ncccc3)cc2)cccc1	1.0	0	0.636	0.047	0.987
20	CN(C)C(=O)Cc1cccc(Oc2cccc(Cl)c2C(=O)O)c1	1.0	0	0.965	0.049	0.98
20	N#Cc1ccccc1C(=O)c1cc(Cl)ccc1NS(=O)(=O)c1ccc(Cl)c(Cl)c1	1.0	0	0.948	0.084	0.973
20	O=C(O)c1ccccc1Oc1ccc(C(F)(F)F)cc1NS(=O)(=O)c1ccccc1	1.0	0	0.971	0.089	0.98
20	O=S(=O)(Nc1cc(Cl)ccc1Cn1ccnn1)c1ccccn1	1.0	0	0.983	0.095	0.952
20	CC(=O)C1=C(O)C(=O)N(c2ccc(C)cc2)C1c1cc(Br)ccc1	1.0	0	0.999	0.091	0.948
20	O=S(=O)(NCCCN1CCC(O)(c2ccc(Cl)cc2)CC1)c1cscc1	1.0	0	0.692	0.045	0.952
20	O=S1(=O)NC(Nc2ccc(F)cc2F)Oc2c1ccc(OCCN(Cc1ccccc1)C1CCCCC1)c2	1.0	0	0.005	0.005	0.76
21	CC(C)CC(=O)N1CCC(CCCC(=O)c2cccnc2)CC1	1.0	0	0.842	0.04	0.974
21	CCOc1cnc(S(=O)(=O)Nc2ccc(Cl)cc2C(=O)c2ccncc2)cc1	1.0	0	0.941	0.065	0.966
21	Cc1nc(NS(=O)(=O)c2ccc(NS(=O)(=O)c3ccccc3)c(OCc3ccccc3)c2)ccc1	1.0	0	0.715	0.063	0.973
21	COc1nc(Br)ccc1NS(=O)(=O)c1cccc(C(F)(F)F)c1	1.0	1	0.941	0.111	0.966
21	CNS(=O)(=O)c1ccc(CNC(=O)c2cnc(Cl)c(Cl)c2)cc1	1.0	0	0.864	0.046	0.98
21	CC(C)(C)c1ccc(S(=O)(=O)Nc2cccc3[nH]cnc23)cc1	1.0	0	0.848	0.094	0.973
21	CC(=O)C1=C(O)C(=O)N(c2cc(F)cc(F)c2)C1C1CCCCC1	1.0	0	0.999	0.097	0.889
21	Cc1cncn1CCC(=O)c1ccc(Cl)cc1	1.0	0	0.943	0.068	0.978
21	O=S1(=O)NC(Nc2ccccc2)=Nc2c1cc(Cl)cc2O	1.0	0	0.909	0.058	0.895
21	COc1nccnc1NS(=O)(=O)c1cccc(Cl)c1Cl	1.0	1	0.953	0.107	0.968
21	Nc1nn2c(O)c(Cc3ccc(Br)cc3)c(C3CC3)nc2n1	1.0	1	1.0	0.147	0.922
21	COc1ncc(F)cc1-c1cc(Cl)ccc1NS(=O)(=O)c1ccc(Cl)c(Cl)c1	1.0	1	0.96	0.102	0.965
21	COc1nn(CC(=O)NC(C)C)c2ccccc12	1.0	0	0.887	0.071	0.977
21	CCSC(=O)c1c(Cl)c(Cl)ccc1Cl	1.0	0	0.798	0.032	0.952
21	O=C(c1ccccc1)c1cc(F)ccc1NS(=O)(=O)c1ccc(Cl)cc1	1.0	1	0.974	0.108	0.988
21	CC(C)(C)c1ccc(S(=O)(=O)Nc2ccc(Cl)cc2-c2c(O)c(N)ncn2)cc1	1.0	0	0.927	0.088	0.952
21	CC(=O)c1ccc(S(=O)(=O)Nc2ccc(Br)cc2C(=O)c2ccncc2)cc1	1.0	0	0.934	0.07	0.978
21	CC(C)(Cc1ccc(Cl)cc1)C(=O)Nc1ccc(Cl)cc1	1.0	0	0.936	0.045	0.986
21	CC(=O)NCCNc1nc(Cl)c(Cl)cc1Cl	1.0	0	0.817	0.032	0.964
21	COCc1nc(Cc2ccccc2)c(F)cc1Cn1ccnc1	1.0	1	0.896	0.104	0.946
21	O=S(=O)(NCC1CCCN1)c1ccc(Cl)cc1	1.0	0	0.931	0.043	0.951
21	O=C(O)c1c(Oc2cnccc2NS(=O)(=O)c2ccc(Cl)c(Cl)c2)cccc1	1.0	0	0.916	0.081	0.972
21	O=C(c1cnc(Cl)nc1)c1c(Cl)nccc1Cl	1.0	0	0.938	0.048	0.939
21	CC(=O)C1=C(O)C(=O)N(c2ccc(C)cc2)C1C1CCCCC1	1.0	0	1.0	0.093	0.929
21	CCCn1c(O)nc2c1cc(OC)c(NS(=O)(=O)c1c(Cl)c(Cl)ccc1)c2	1.0	1	0.954	0.103	0.946
21	CNc1c(-c2cc(Cl)ccc2NS(=O)(=O)c2ccc(C(C)(C)C)cc2)nccn1	1.0	0	0.944	0.096	0.96
21	COc1cc(CNS(=O)(=O)c2cccc3c2cccc3)ccc1	1.0	0	0.895	0.05	0.989
21	Cc1ccc(S(=O)(=O)Nc2ccc(Cl)cc2C(=O)c2c[n+]([O-])c(C)cc2)cc1	1.0	0	0.942	0.074	0.959
21	CCC(=O)C1=C(O)C(=O)N(c2cc(C)ccc2O)C1C1CCCCC1	1.0	0	0.997	0.092	0.867
21	CC(=O)C1=C(O)C(=O)N(c2cc(OC)c(OC)cc2)c2ccc(Br)cc21)	0.0	0	0.0	0.0	0.0
21	COc1nc(F)cnc1NS(=O)(=O)c1cccc(C(F)(F)F)c1Cl	1.0	1	0.949	0.115	0.925
21	O=C(c1cnccc1)c1cc(F)c(F)cc1Cl	1.0	0	0.93	0.049	0.982
21	COc1nc(CO)c(C)nc1NS(=O)(=O)c1ccc(Cl)s1	1.0	0	0.969	0.085	0.926
21	Cc1ccncc1-c1ccc(NS(=O)(=O)c2ccc(Cl)cc2)cc1	1.0	0	0.884	0.07	0.986
21	N#Cc1cc(S(=O)(=O)Nc2cc(Cl)ccc2Cn2ccnn2)ccc1	1.0	0	0.987	0.092	0.957
21	COc1ccc(-c2ccc(S(=O)(=O)Nc3ccc(Cl)cc3C(=O)c3ccncc3)cc2)cc1	1.0	0	0.883	0.085	0.979
21	CCCc1nc2nc(N)nn2c(O)c1Cc1cccc(Cl)c1	1.0	1	1.0	0.185	0.934
21	CC(=O)C1=C(O)C(=O)N(c2cc(F)c(C)cc2)C1c1ccc(Cl)cc1	1.0	0	1.0	0.097	0.944
21	CC(=O)C1=C(O)C(=O)N(c2cc(C)ccc2)C1C1CCCCC1	1.0	0	0.999	0.092	0.922
21	Cc1ccc(C(=O)c2cc(Cl)ccc2NS(=O)(=O)c2ccc(C(C)(C)C)cc2)cc1	1.0	0	0.95	0.089	0.982
21	C=CCOc1nc2n(n1)SCC2	1.0	0	0.838	0.052	0.515
21	O=C(O)c1ccc(Cc2ccc(Cl)cc2)cc1O	1.0	0	0.932	0.057	0.99
21	Cc1ccc(N2C(=O)N(Cc3ccc(C)cc3)c3cccc3c2cc3c(C)cccc3)cc1	0.0	0	0.0	0.0	0.0
21	Cc1cc(Oc2ccc(C(=O)NCCNC(=O)c3c(C)cccc3)c(Oc3nccc(C)c3)c2)ccn1	1.0	0	0.005	0.005	0.953
21	O=C(O)c1ccccc1Oc1ccc(Cl)cc1NS(=O)(=O)c1cccc(Cl)c1	1.0	0	0.941	0.083	0.982
21	COc1ccc(S(=O)(=O)Nc2ccc(C)cc2C(=O)c2ccc(Cl)cc2)cc1	1.0	0	0.957	0.081	0.986
21	Cc1cc(Oc2c(C(=O)O)cccc2)c(F)cc1F	1.0	0	0.959	0.055	0.986
21	CCC(=O)C1=C(O)C(=O)N(c2ccc(C)cc2)C1C1CCCCC1	1.0	0	0.999	0.09	0.913
21	Cc1c(N2C(=O)c3c(C2=O)c(=O)[nH]c2ccccc23)cc(O)cc1	1.0	0	0.882	0.096	0.964
21	Cc1noc(C)c1-c1ccc(S(=O)(=O)Nc2ccc(Cl)cc2C(=O)c2cnc(Cl)cc2)cc1	1.0	1	0.886	0.107	0.958
21	CC(C)c1nc2nc(N)nn2c(=O)n1C1CCC1	1.0	0	0.997	0.094	0.882
21	CC(C)(C)c1ccc(S(=O)(=O)Nc2ccc(Cl)c3c2C(=O)N(c2cnc(F)cc2)C3=O)cc1	1.0	0	0.826	0.096	0.938
21	CCOC(=O)N1CCC(NS(=O)(=O)c2ccc(NS(=O)(=O)c3ccc(Cl)s3)c3c2cccc3)CC1	1.0	0	0.655	0.065	0.949
21	CCCCCCCc1nc2nc(N)nn2c(O)c1Cc1cccc(Cl)c1	1.0	1	0.997	0.133	0.937
21	COc1c(C)c(S(=O)(=O)Nc2cc(Cl)ccc2C(=O)c2ccncc2)ccc1	1.0	0	0.947	0.069	0.972
21	COc1nc(Br)cnc1NS(=O)(=O)c1ccc(Cl)s1	1.0	0	0.947	0.073	0.934
21	Cc1cccc(S(=O)(=O)NC(c2ccccc2)c2ccccc2)c1	1.0	0	0.958	0.078	0.989
21	COC(=O)CCC(=O)c1ccc(C(F)(F)F)cc1	1.0	0	0.965	0.043	0.988
21	O=S(=O)(Nc1cc(Cl)ccc1Cn1ccnn1)c1ccc(Cl)s1	1.0	1	0.987	0.111	0.947
21	Cc1c(C(=O)c2cc(Cl)ccc2NS(=O)(=O)c2ccc(-c3ccccc3)cc2)cccn1	1.0	0	0.912	0.079	0.978
21	CCCC(=O)N1CCC(NS(=O)(=O)c2ccc(NC(=O)c3cc(Cl)ccc3)c3c2cccc3)CC1	1.0	0	0.528	0.048	0.969
21	CC(C)(C)c1ccc(S(=O)(=O)Nc2cc(Cl)ccc2C(=O)c2cnccc2)cc1	1.0	0	0.95	0.083	0.976
21	CC(=O)NCc1cc(Cn2nc(NS(=O)(=O)c3ccc(Cl)s3)c3c(O)cccc32)ccc1	1.0	0	0.728	0.059	0.939
21	COc1nc2cc(Cl)ccc2n1Cc1cc(C(F)(F)F)ccc1Cl	1.0	0	0.977	0.088	0.966
21	CCCCCc1ccc(C(=O)Nc2ccc(S(=O)(=O)NC3CCCCC3)cc2)cc1	1.0	0	0.434	0.041	0.984
21	CCOC(=O)N1CCC(NS(=O)(=O)c2ccc(Cl)cc2)CC1	1.0	0	0.846	0.054	0.984
21	CC(C)(C)c1ccc(S(=O)(=O)Nc2ccc(Cl)cc2C(=O)c2cnccc2)cc1	1.0	0	0.942	0.083	0.977
21	CC(=O)Nc1ccc(S(=O)(=O)NCCc2csc(-c3ccccc3)n2)cc1	1.0	0	0.793	0.056	0.981
21	CC(=O)c1ccc(N2C(=O)c3c(C2=O)c(NS(=O)(=O)c2ccc(C(C)(C)C)cc2)c2ccccc23)cc1	0.0	0	0.0	0.0	0.0
21	Cc1c(C(=O)c2cc(Cl)ccc2NS(=O)(=O)c2ccc(C)cc2)cccn1	1.0	0	0.956	0.08	0.98
21	CC(=O)C1=C(O)C(=O)N(c2ccc(C)cc2)C1C1CCCCC1	1.0	0	1.0	0.093	0.929
21	O=C(O)N1CCC(NS(=O)(=O)c2ccc(NC(=O)c3c(Cl)cccc3)c3ccccc23)C1	1.0	0	0.698	0.069	0.935
21	COc1ccc(-c2nn(C(=O)Nc3ccccc3)c3ccccc23)cc1	1.0	0	0.888	0.06	0.984
21	Cn1ncc2c1cccc2NS(=O)(=O)c1c(Cl)c(Cl)ccc1	1.0	1	0.924	0.113	0.972
21	O=C(c1ccncc1)c1cc(Cl)ccc1NS(=O)(=O)c1ccc(Br)cc1	1.0	0	0.951	0.09	0.981
21	O=S(=O)(Nc1cc(Cl)ccc1Cn1ccnn1)c1ccc2ccccc2c1	1.0	1	0.986	0.109	0.968
21	CCCCCc1ccc(C(=O)Nc2ccc(S(=O)(=O)NC3CC3)cc2)cc1	1.0	0	0.54	0.035	0.987
21	O=S(=O)(Nc1cc(Cl)c(Cl)c2c(Cl)cccc12)c1ccc(Cl)c(Cl)c1	1.0	1	0.939	0.111	0.97
21	O=C(c1cnccc1)c1cc(F)ccc1Oc1ccc(Cl)cc1NS(=O)(=O)c1cccc(Cl)c1	1.0	0	0.874	0.078	0.967
21	CN(C)C(=O)C1CCCCC1C(=O)c1ccc(Cl)cc1	1.0	0	0.979	0.083	0.92
21	O=C(c1cccnc1)c1cc(Cl)ccc1NS(=O)(=O)c1cccc(Cl)c1	1.0	0	0.953	0.082	0.98
21	Cc1cccc(Oc2ccc(O)cc2CNS(=O)(=O)c2ccc(Cl)nc2)c1	1.0	0	0.892	0.062	0.971
21	CC(=O)C1=C(O)C(=O)N(c2ccc(C)cc2)C1C1CCCCCCC1	1.0	0	0.999	0.093	0.928
21	Cc1nc(C)c(NS(=O)(=O)c2ccc(Cl)cc2)cn1	1.0	0	0.948	0.065	0.978
21	CC(=O)c1ccc(S(=O)(=O)Nc2ccc(Br)cc2C(=O)c2ccncc2)cc1	1.0	0	0.934	0.07	0.978
21	Cn1nnnc1Cc1ncc(Cl)cc1NS(=O)(=O)c1ccc(Cl)cc1Cl	1.0	1	0.985	0.118	0.932
21	O=C(O)c1ccccc1Oc1ncc(C(F)(F)F)cc1Cl	1.0	0	0.967	0.051	0.978
21	CC(=O)Nc1ccc(S(=O)(=O)NCc2ccccc2)cc1	1.0	0	0.901	0.054	0.992
21	O=C(c1ncccn1)c1cc(Cl)ccc1NS(=O)(=O)c1ccc(N2CCCCC2)cc1	1.0	0	0.911	0.091	0.966
21	Nc1nn2c(O)c(Cc3ccc(Br)cc3)c(C3CC3)nc2n1	1.0	1	1.0	0.147	0.922
21	CCCc1c(Oc2ccc(C(=O)CNC(=O)CC)cc2)ccc(C(=O)CC)c1	1.0	0	0.723	0.054	0.973
21	O=C(O)c1ccccc1Oc1ccc(C(F)(F)F)cc1NS(=O)(=O)c1ccc(Cl)cc1	1.0	1	0.97	0.104	0.977
21	COc1c(S(=O)(=O)Nc2c(Cl)cccc2)cccc1	1.0	0	0.947	0.068	0.991
21	COc1nc(Cl)cnc1NS(=O)(=O)c1cscc1Cl	1.0	0	0.956	0.073	0.891
21	COc1c(Oc2cccc(C(=O)O)c2)ccc(C(=O)c2ccncc2)c1	1.0	0	0.826	0.071	0.984
21	Nc1nn2c(O)c(Cc3cccc(F)c3)c(C3CC3)nc2n1	1.0	1	1.0	0.164	0.921
21	CC1CCCN(C(=O)c2ccc(Cl)cc2)C1	1.0	0	0.956	0.054	0.981
21	N#CSCCNC(=O)c1cccnc1Oc1ccc(Cl)cc1N	1.0	0	0.861	0.047	0.947
21	CCOC(=O)N1CCC(NS(=O)(=O)c2ccc(NC(=O)c3ccccc3C)c3ccccc23)CC1	1.0	0	0.544	0.069	0.97
21	CC(C)c1nc2nc(N)nn2c(O)c1Cc1cccc(Cl)c1	1.0	1	1.0	0.147	0.929
22	O=C(O)c1ccccc1Oc1ccc(C(F)(F)F)cc1NS(=O)(=O)c1ccc(Cl)c(Cl)c1	1.0	0	0.93	0.09	0.972
22	CC(=O)C1=C(O)C(=O)N(c2ccc(C)cc2)C1c1ccc(Cl)cc1	1.0	0	1.0	0.092	0.958
22	O=S(=O)(Nc1cc(Cl)ccc1Cn1cncn1)c1ccc(Cl)c(Cl)c1	1.0	0	0.989	0.093	0.969
22	O=C(Nc1ccc(S(=O)(=O)Nc2ccccc2)c2ncccc12)c1ccc(F)cc1	1.0	0	0.74	0.071	0.982
22	O=S(=O)(Nc1cc(Cl)ccc1Cn1ccnn1)c1ccccn1	1.0	0	0.983	0.095	0.952
22	Oc1cc(C(F)(F)F)c2ccc(N)n2c1	1.0	0	0.824	0.039	0.835
22	Cc1cc(NS(=O)(=O)c2cc(C(F)(F)F)c(Cl)cc2)c(C(=O)c2ccccc2)cc1	1.0	0	0.961	0.097	0.977
22	Cc1noc(C)c1-c1ccc(S(=O)(=O)Nc2ccc(Cl)cc2C(=O)c2ccnc(Cl)c2)cc1	1.0	0	0.872	0.09	0.956
22	CC(=O)C1=C(O)C(=O)N(c2cc(Cl)ccc2F)C1=O	1.0	0	0.993	0.083	0.951
22	N#Cc1ccc(OCCS(=O)(=O)NC2CCCCC2)cc1	1.0	0	0.838	0.04	0.977
22	O=S(=O)(Nc1ncc(Cl)nc1OCc1cc(Br)ccc1)c1cccc(Cl)c1Cl	1.0	1	0.941	0.101	0.951
22	N#Cc1ccc(O)c(C(=O)CCc2ccc(C(F)(F)F)cc2)c1	1.0	0	0.866	0.068	0.977
22	COc1nc(Br)cnc1NS(=O)(=O)c1ccc(Cl)s1	1.0	0	0.947	0.073	0.934
22	COCc1c(-c2cc(Cl)ccc2NS(=O)(=O)c2ccc(C(C)(C)C)cc2)nccc1	1.0	1	0.936	0.12	0.967
22	COc1ccc(C(=O)NCCCN2C(=O)c3ccccc3C2=O)cc1	1.0	0	0.856	0.051	0.989
22	O=C(NCCCc1ccccc1)c1cc(Oc2ccccc2)cnc1	1.0	0	0.728	0.049	0.988
22	CC(C)(C)c1ccc(S(=O)(=O)Nc2cc(Cl)ccc2C(=O)c2ccncc2)cc1	1.0	0	0.95	0.097	0.976
22	Nc1nn2c(O)c(Cc3ccc(Br)cc3)c(C3CC3)nc2n1	1.0	1	1.0	0.147	0.922
22	COc1c(N2C(=O)c3c(C2=O)c(NS(=O)(=O)c2ccc(C(C)(C)C)cc2)cc2ccccc23)cccc1	1.0	0	0.005	0.005	0.954
22	COC1CC(=O)NCCCCCCOc2ccc(cc2)CNC1c1ccccc1	1.0	0	0.886	0.073	0.208
22	CCCC(=O)Nc1ccc(S(=O)(=O)N2CCCCC2)cc1	1.0	0	0.857	0.063	0.99
22	CCCC(=O)N1CCC(NS(=O)(=O)c2ccc(NC(=O)CC)cc2)C1	1.0	0	0.758	0.052	0.951
22	CC(C)(C)c1ccc(S(=O)(=O)Nc2ccc(Cl)cc2C(=O)c2cc[n+]([O-])cc2)cc1	1.0	0	0.923	0.08	0.958
22	O=S(=O)(Nc1cc(Cl)ccc1Cn1ccnn1)c1cccc(C(F)(F)F)c1	1.0	1	0.991	0.152	0.958
22	O=S(=O)(Nc1cc(Cl)ccc1Cn1ccnn1)c1ccc(Cl)c(Cl)c1	1.0	1	0.99	0.102	0.963
22	CC(C)Oc1ccc(S(=O)(=O)Nc2ccc(F)cc2C(=O)c2ccncc2)cc1	1.0	0	0.921	0.068	0.977
22	CC(C)Oc1ccc(S(=O)(=O)Nc2ccc(Cl)cc2C(=O)c2ccncc2)cc1	1.0	0	0.92	0.063	0.977
22	COc1cccc2c1c(NS(=O)(=O)c1ccc(Cl)s1)nn2Cc1ccccc1C	1.0	0	0.877	0.073	0.957
22	O=S(=O)(Nc1cc(Cl)ccc1Cn1ccnn1)c1cc(Cl)ccc1N	1.0	1	0.981	0.109	0.953
22	CC1COC(C)(Cc2ccc(Cl)cc2)O1	1.0	0	0.83	0.045	0.832
22	O=C(c1ccncc1)c1cc(Cl)ccc1NS(=O)(=O)c1ccc(N2CCCCC2)cc1	1.0	0	0.923	0.079	0.975
22	Cc1noc(C)c1S(=O)(=O)NCc1ccc(C(F)(F)F)cc1	1.0	0	0.902	0.057	0.975
22	O=C(c1ccncc1)c1c(O)c(Nc2c(Cl)cccc2)ccc1	1.0	0	0.886	0.077	0.981
22	CNc1c(-c2ccccc2)nc2oc(Cc3ccccc3)nc2c1	1.0	0	0.949	0.093	0.966
22	Cc1c(C(=O)c2cc(Cl)ccc2NS(=O)(=O)c2ccc(Br)cc2)cccn1	1.0	0	0.944	0.08	0.977
22	CC(=O)C1=C(O)C(=O)N(c2ccc(Br)cc2F)C1=O	1.0	0	0.991	0.081	0.947
22	COc1nc(Br)cnc1NS(=O)(=O)c1cncc(Cl)c1	1.0	0	0.933	0.069	0.934
22	O=C(c1cccnc1)c1cc(Cl)ccc1NS(=O)(=O)c1ccc(Br)cc1	1.0	0	0.95	0.079	0.981
22	O=C(c1ccncc1)c1cc(Cl)ccc1NS(=O)(=O)c1ccc(N2CCCCC2)cc1	1.0	0	0.923	0.079	0.975
22	O=C(O)c1ccccc1Oc1ncc(Cl)cc1NS(=O)(=O)c1ccc(Cl)c(Cl)c1	1.0	1	0.921	0.132	0.971
22	CS(=O)(=O)c1ccc(S(=O)(=O)NC(C)(C)C)cc1	1.0	0	0.736	0.041	0.984
22	CCc1ccc(S(=O)(=O)NCCC2=CCCCC2)cc1	1.0	0	0.947	0.06	0.978
22	Cc1ccc(-c2cc(SCC(=O)Nc3cc(Cl)ccc3O)ncc2)cc1	1.0	0	0.859	0.052	0.978
22	Cn1ncc2c1cccc2NS(=O)(=O)c1ccc(Cl)c(Cl)c1	1.0	0	0.922	0.086	0.977
22	Cc1nccn1CCCc1ccc(Cl)cc1NS(=O)(=O)c1ccc(Cl)cc1N	1.0	0	0.93	0.07	0.956
22	COc1cc(NS(=O)(=O)c2ccc(NS(=O)(=O)c3ccc(Cl)cc3)cc2)ccc1	1.0	0	0.77	0.059	0.986
22	COc1nn(CC(=O)c2ccccc2)c(=O)c2ccccc12	1.0	0	0.974	0.07	0.984
22	O=C(O)c1c(F)cccc1Oc1ncc(Cl)c(Nc2cccc(C(F)(F)F)c2)n1	1.0	0	0.764	0.059	0.954
22	CC1(c2ccc(S(=O)(=O)Nc3c(F)cccc3F)cc2)CCOCC1	1.0	0	0.858	0.091	0.959
22	Cn1ncc2c1cccc2NS(=O)(=O)c1c(Cl)(Cl)c(Cl)ccc1	0.0	0	0.0	0.0	0.0
22	CC(C)(C)c1ccc(S(=O)(=O)Nc2ccc(Cl)cc2-c2c(NCCO)ncc(Cl)n2)cc1	1.0	1	0.914	0.149	0.941
22	CCCCCc1nc2nc(N)nn2c(O)c1Cc1cccc(Cl)c1	1.0	1	0.999	0.166	0.937
22	N#Cc1cc(S(=O)(=O)Nc2ccc(Cl)cc2C(=O)c2ccncc2)ccc1	1.0	0	0.933	0.084	0.974
22	O=C(Nc1cc(Cl)ccc1Oc1ccc(Cl)cc1)NN(c1ccccc1)c1ccc(Cl)cc1	1.0	0	0.718	0.054	0.97
22	O=S(=O)(Nc1cc(Br)c(Cl)cc1)c1ccc(Cl)c(Cl)c1	1.0	0	0.914	0.079	0.983
22	O=C(Nc1ccc(Sc2ncccc2NS(=O)(=O)c2ccc(Cl)c(Cl)c2)cc2ccccc12	0.0	0	0.0	0.0	0.0
22	COc1c(C(=O)c2ccccc2)cccc1)CCBCCCCC	0.0	0	0.0	0.0	0.0
22	Cc1c(C(=O)c2cc(Cl)ccc2NS(=O)(=O)c2ccc(C(C)(C)C)cc2)nccc1	1.0	0	0.942	0.084	0.971
22	O=C(c1cccnc1)c1cc(Cl)ccc1NS(=O)(=O)c1ccc(C(F)(F)F)cc1	1.0	0	0.953	0.093	0.976
22	O=C(O)c1c(Oc2ccc(Cl)cc2NS(=O)(=O)c2ccc(Cl)cc2)ccc(NO)c1	1.0	0	0.9	0.091	0.97
22	O=S1(=O)NC(Nc2ccc(N3CCCCC3)cc2)=Nc2c1cc(Cl)cc2O	1.0	0	0.771	0.055	0.899
22	N#CC1(c2ccc(Cl)cc2)CCN(C(=O)c2nc3ccccc3n2C2CCCCC2)CC1	1.0	1	0.839	0.158	0.936
22	O=S(=O)(Nc1cc(Cl)ccc1Cn1ccnn1)c1cccc2nonc12	1.0	0	0.978	0.088	0.935
22	CC(C)(CO)c1ccc(S(=O)(=O)Nc2ccc(Cl)cc2C(=O)c2ccnc(Cl)c2)cc1	1.0	0	0.83	0.074	0.958
22	CCOc1ccc(C=NN2C(=O)c3ccccc3C2=O)cc1	1.0	0	0.908	0.067	0.981
22	CCc1ncc(C(=O)c2cc(Cl)ccc2NS(=O)(=O)c2ccc(C(C)(C)C)cc2)cc1	1.0	0	0.85	0.084	0.969
22	CCNc1c(-c2cc(Cl)ccc2NS(=O)(=O)c2ccc(C(C)(C)C)cc2)nccn1	1.0	0	0.939	0.098	0.958
22	COc1c2c(nc(N)nc2N)c(C)cc1C	1.0	0	0.874	0.045	0.953
22	COc1ccc(S(=O)(=O)Nc2ccc(Cl)cc2C(=O)c2ccncc2)cc1	1.0	0	0.949	0.092	0.983
22	CC(=O)c1ccc(S(=O)(=O)Nc2ccc(Br)cc2C(=O)c2c(F)cccc2)cc1	1.0	0	0.902	0.083	0.981
22	CC(=O)CCn1nc(Cl)nc1Nc1c(Cl)cccc1	1.0	0	0.876	0.061	0.944
22	Nc1nn2c(O)c(Cc3cccc(Cl)c3)c(-c3ccccc3)nc2n1	1.0	1	1.0	0.135	0.957
22	COc1nccc(C2Nc3ccccc3-c3ccccc32)c1C	1.0	0	0.916	0.06	0.913
22	CC(=O)C1=C(O)C(=O)N(c2ccc(C)cc2F)C1C1CCCCC1	1.0	1	1.0	0.101	0.903
22	COc1c(Cl)ccc(NS(=O)(=O)c2ccc(C(C)(C)C)cc2)c1C(=O)c1ccnnc1	1.0	0	0.91	0.089	0.945
22	O=S(=O)(Nc1cc(Cl)ccc1Cn1ccnn1)c1cccc(C#Cc2ccccc2)c1	1.0	1	0.969	0.134	0.949
22	CC(=O)C1=C(O)C(=O)N(c2ccc(Cl)cc2F)C1C1CCCCC1	1.0	1	1.0	0.1	0.9
22	Cc1ccc(N2C(=O)C(O)=C(C(=O)c3ccccc3)C2C2CCCCC2)cc1	1.0	1	0.997	0.173	0.933
22	N#Cc1cc(NS(=O)(=O)c2ccc(Cl)cc2)c(CNc2ccccn2)cc1	1.0	1	0.976	0.103	0.973
22	O=C(c1ccncc1)c1cc(Cl)ccc1NS(=O)(=O)c1ccc(F)cc1	1.0	0	0.961	0.098	0.982
22	CCCCCc1nc2nc(N)nn2c(O)c1Cc1ccc(Cl)c(Cl)c1	1.0	1	0.999	0.174	0.93
22	O=S(=O)(Nc1cc(Cl)ccc1Cn1ccnn1)c1ccc(Cl)cc1	1.0	1	0.987	0.106	0.97
22	O=C(c1ccncc1)c1cc(C(=O)c2cccc3ccccc23)c2ccccc2c1	1.0	0	0.868	0.071	0.977
22	CCCSc1nc2c(NS(=O)(=O)c3ccc(C)cc3)cccc2n1	0.0	0	0.0	0.0	0.0
22	CC(=O)C1=C(O)C(=O)N(c2ccc(C)cc2)C1c1ccc(Cl)cc1	1.0	0	1.0	0.092	0.958
22	C=CC(=O)N=C1CC(NS(=O)(=O)c2ccc(Cl)s2)c2ccccc2C1	1.0	0	0.923	0.081	0.704
22	CCc1nccnc1NS(=O)(=O)c1cccc(Cl)c1Cl	1.0	0	0.927	0.086	0.963
22	COc1cc2c(cc1NS(=O)(=O)c1c(Cl)c(Cl)ccc1)nc(O)n2C1CCCCC1	1.0	1	0.925	0.12	0.938
22	CC(C)(C)c1ccc(S(=O)(=O)Nc2ccc(Cl)cc2C(=O)c2ccnc(Cl)c2)cc1	1.0	0	0.876	0.086	0.971
22	O=C(O)c1c(-c2ccccc2)c2cc(Cl)ccc2n1C	1.0	0	0.926	0.056	0.984
22	Nc1nn2c(O)c(Cc3ccc(Cl)cc3)c(C3CC3)nc2n1	1.0	1	1.0	0.158	0.93
22	C=CCN(C(=O)CCc1ccc(Cl)cc1)c1ccc(OC(C)c2ccccc2)cc1	1.0	0	0.575	0.058	0.943
22	CC(C)(C)c1ccc(S(=O)(=O)Nc2ccc(Br)cc2C(=O)c2ccncc2)cc1	1.0	0	0.931	0.087	0.975
22	Cc1ccc(S(=O)(=O)NCC(O)c2ccccc2)cc1C	1.0	0	0.986	0.064	0.97
22	CC(C)c1nc2nc(N)nn2c(O)c1Cc1cc(Br)ccc1	1.0	1	0.999	0.136	0.921
22	Nc1nn2c(O)c(Cc3cccc(F)c3)c(C3CC3)nc2n1	1.0	1	1.0	0.164	0.921
22	Cc1c(S(=O)(=O)Nc2ccc(Cl)cc2)nccc1Cc1ccc(Cl)cc1	1.0	0	0.947	0.07	0.972
22	N#Cc1cc(S(=O)(=O)Nc2cc(Cl)ccc2Cn2ccnn2)ccc1	1.0	0	0.987	0.092	0.957
22	N#CC1(c2ccc(Cl)cc2)NC(=O)N1	1.0	0	0.825	0.046	0.9
22	Cc1ccc(S(=O)(=O)NC(=O)c2ccc(Cl)cc2)cc1	1.0	0	0.898	0.049	0.992
23	O=C(O)c1c(Oc2ccc(Cl)cc2NS(=O)(=O)c2ccccc2)cccc1	1.0	0	0.976	0.086	0.986
23	CC(=O)C1=C(O)C(=O)N(c2ccc(Cl)cc2)C1C1CCCCC1	1.0	0	1.0	0.092	0.927
23	CCCCn1nc(C(=O)N2CCC(NS(=O)(=O)c3cc(C(F)(F)F)ccc3)C2)cc1	1.0	0	0.755	0.058	0.9
23	Cc1nc2nc(N)nn2c(O)c1Cc1cccc(Cl)c1	1.0	1	1.0	0.145	0.95
23	CNS(=O)(=O)c1cccc(C(=O)Nc2ccc(Cl)cc2)c1	1.0	0	0.777	0.05	0.991
23	O=S(=O)(Nc1cc(Cl)ccc1Cn1ccnn1)c1ccccc1	1.0	0	0.986	0.097	0.973
23	Cc1c(N2C(=O)c3c(C2=O)c(NS(=O)(=O)c2ccc(C(C)(C)C)cc2)ccc3Cl)c(C)nn1	0.0	0	0.0	0.0	0.0
23	CCCCc1nc2nc(N)nn2c(O)c1Cc1cccc(Cl)c1Cl	1.0	1	0.999	0.194	0.917
23	O=C(c1cnccc1)c1cc(Br)ccn1	1.0	0	0.892	0.052	0.973
23	Cc1ncc(CN2C(=O)c3ccccc3C2(O)C(C)c2ccccc2)cc1	1.0	0	0.943	0.087	0.829
23	CCOC(=O)N1CCC(NS(=O)(=O)c2ccc(NC(=O)C3CCN(C)CC3)cc2)CC1	1.0	0	0.581	0.049	0.973
23	N#Cc1ccc(OC2CCN(C(=O)c3ccccc3Oc3ccccc3)CC2)cc1	1.0	0	0.726	0.06	0.98
23	COc1c(-c2cc(Cl)ccc2NS(=O)(=O)c2ccc(C(C)(C)C)cc2)nccc1	1.0	0	0.955	0.089	0.973
23	COc1nc(F)cnc1NS(=O)(=O)c1cccc(Cl)c1Cl	1.0	1	0.953	0.109	0.948
23	CC(C)(C)c1ccc(S(=O)(=O)Nc2ccc(Cl)cc2-c2c(NCCN)ncc(Br)c2)ccc1	0.0	0	0.0	0.0	0.0
23	O=C(Nc1ccc(S(=O)(=O)Nc2ccccn2)c(C(F)(F)F)c1)c1ccc(F)c(Cl)c1	1.0	0	0.546	0.049	0.97
23	Cc1c[n+]([O-])c(CN2C(=O)c3c(C2=O)c(NS(=O)(=O)c2ccc(C(C)(C)C)cc2)ccc3Cl)cc1	1.0	0	0.774	0.08	0.887
23	COc1cc2c(cc1NS(=O)(=O)c1c(Cl)c(Cl)ccc1N2)c1ccccc1	1.0	0	0.736	0.061	0.531
23	CC(C)(C)c1ccc(S(=O)(=O)Nc2ccc(Cl)cc2C(=O)c2cccnc2)cc1	1.0	0	0.942	0.083	0.977
23	CC(C)(C)c1ccc(S(=O)(=O)Nc2ccc(Cl)cc2-c2cnccn2)cc1	1.0	1	0.949	0.109	0.972
23	O=C(NO)c1ccc(Oc2c3ccccc3Nc3ccccc3N2)cc1	0.0	0	0.0	0.0	0.0
23	O=C(NCc1cccc(C(F)(F)F)c1)N1CCC(NC(=O)c2cc(Cl)ccc2)CC1	1.0	0	0.528	0.047	0.978
23	Cc1c(C(=O)c2cc(Cl)ccc2NS(=O)(=O)c2ccc(N=C(N)N)cc2)ccc[n+]1[O-]	1.0	0	0.889	0.066	0.924
23	COc1cc(C(=O)NCCCCN2C(=O)c3ccccc3C2=O)ccc1	1.0	0	0.722	0.05	0.987
23	Cc1cc(C(=O)Nc2ccc(S(=O)(=O)NC3CCN(C(=O)CCCN(C)C)CC3)cc2)ccn1	1.0	0	0.462	0.044	0.963
23	O=C(NCCN1CCCCC1)c1ccccc1Oc1ncc(Cl)cc1NS(=O)(=O)c1ccc(Cl)c(Cl)c1	1.0	0	0.005	0.005	0.956
23	O=S(=O)(Nc1ncc(Cl)cn1)c1ccc(Cl)s1	1.0	0	0.937	0.059	0.963
23	Cc1cc(N2C(=O)c3c(C2=O)c(NS(=O)(=O)c2ccc(C(C)(C)C)cc2)ccc3Cl)c(C)nc1	1.0	0	0.853	0.1	0.933
23	Nc1nn2c(O)c(Cc3ccc(Cl)cc3)c(C3CC3)nc2n1	1.0	1	1.0	0.158	0.93
23	O=S(=O)(Nc1cc(Cl)ccc1Cn1ccnn1)c1ccccc1	1.0	0	0.986	0.097	0.973
23	COc1nc(F)ccc1NS(=O)(=O)c1ccc(Cl)cc1	1.0	1	0.972	0.117	0.978
23	COc1cccc2c1c(NS(=O)(=O)c1ccc(Cl)s1)nn2Cc1ccccc1	1.0	0	0.929	0.07	0.965
23	Cc1[n+]([O-])cc(C(=O)c2cc(Cl)ccc2NS(=O)(=O)c2ccc(C(C)(C)C)cc2)cc1	1.0	0	0.916	0.086	0.948
23	CC(=O)NCc1cc(Cn2nc(NS(=O)(=O)c3ccc(Cl)s3)c3c(Br)cccc32)ccc1	1.0	1	0.912	0.106	0.939
23	CCCn1c(O)nc2c1cc(OC)c(NS(=O)(=O)c1c(Cl)c(Cl)ccc1)c2	1.0	1	0.954	0.103	0.946
23	O=S(=O)(Nc1cc(Cl)ccc1Cn1ccnn1)c1ccccc1	1.0	0	0.986	0.097	0.973
23	COc1c2c(NS(=O)(=O)c3c(Cl)c(Cl)ccc3)nn(Cc3cccs3)c2ccc1	1.0	0	0.94	0.077	0.951
23	COc1cc(COc2ccc(C(=O)NCCc3ccccc3)cc2)ccc1	1.0	0	0.71	0.034	0.991
23	Cc1ncccc1Cc1c(O)nc(NC2CCNCC2)c(O)n1	1.0	0	0.897	0.059	0.863
23	O=S1(=O)NC(Nc2c(Br)cccc2)=Nc2c1cc(Cl)cc2O	1.0	0	0.899	0.056	0.858
23	COc1nc(Cl)cnc1NS(=O)(=O)c1cc(Cl)c(Cl)s1	1.0	1	0.964	0.102	0.908
23	Nc1nn2c(O)c(Cc3cccc(Cl)c3)c(C3CCCC3)nc2n1	1.0	1	0.999	0.2	0.924
23	Cc1noc(C)c1-c1ccc(S(=O)(=O)Nc2ccc(I)cc2C(=O)c2ccnc(Cl)c2)cc1	1.0	0	0.859	0.085	0.945
23	COC(=O)CCc1ccc(S(=O)(=O)Nc2ccccc2S(F)(=O)=O)cc1	1.0	0	0.887	0.077	0.975
23	O=C(O)c1c(Oc2ccccc2NS(=O)(=O)c2ccccc2)cccc1	1.0	0	0.974	0.097	0.988
23	CC(C)(C)c1ccc(S(=O)(=O)Nc2ccc(Cl)cc2C(=O)c2cc(F)c(Cl)cc2)cc1	1.0	0	0.892	0.096	0.975
23	CC(C)(c1nc(Nc2ccc(Oc3ccccc3)cc2)cccc1O	0.0	0	0.0	0.0	0.0
23	COc1cc[n+]([O-])c(NS(=O)(=O)c2ccc(C)cc2)c1	1.0	0	0.932	0.07	0.95
23	O=C(O)c1ccccc1Oc1ccc(Cl)cc1NS(=O)(=O)c1cccc(Cl)c1	1.0	0	0.941	0.083	0.982
23	COc1ccc(NS(=O)(=O)c2ccc(NS(=O)(=O)c3ccc(C)cc3)cc2)cc1	1.0	0	0.773	0.065	0.988
23	Cc1c(CO)cncc1-c1cc(Cl)ccc1NS(=O)(=O)c1ccc(N2C(=O)c3ccccc3C2=O)c1Oc1ncc(Cl)cc1Cl	0.0	0	0.0	0.0	0.0
23	O=S(=O)(Nc1c(Cl)c(Cl)ccc1Nc1ccccc1)c1ccc(Cl)cc1	1.0	0	0.984	0.085	0.98
23	CNc1c(-c2cc(Cl)ccc2NS(=O)(=O)c2ccc(C(C)(C)C)cc2)nc2[nH]nnc2	0.0	0	0.0	0.0	0.0
23	CC(C)Cc1ccccc1O	1.0	0	0.815	0.04	0.99
23	Cc1ncc(C(=O)c2cc(Cl)ccc2NS(=O)(=O)c2ccc(C(C)(C)C)cc2)cc1	1.0	0	0.936	0.085	0.974
23	COc1ccccc1Cn1cc(-c2ccc(Cl)c(C)n2)nc1S	1.0	1	0.977	0.102	0.939
23	COc1nccnc1NS(=O)(=O)c1ccccc1Cl	1.0	0	0.961	0.087	0.977
23	Cc1cc(C(=O)c2cc(Cl)ccc2NS(=O)(=O)c2ccc(OC(C)C)cc2)ccn1	1.0	0	0.865	0.067	0.972
23	O=S(=O)(Nc1cc(Cl)c(Cl)cc1Cn1ccnn1)c1ccc(Cl)c(Cl)c1	1.0	1	0.989	0.103	0.951
23	O=C(c1cccnc1)c1cc(Cl)ccc1NS(=O)(=O)c1ccc(-c2ncco2)cc1	1.0	0	0.862	0.078	0.964
23	CCCC(=O)N1CCC(NS(=O)(=O)c2ccc(NC(=O)CC)cc2)CC1	1.0	0	0.745	0.048	0.98
23	Cc1cc(Oc2c(F)cc(F)cc2NS(=O)(=O)c2ccc(C(C)(C)C)cc2)ccn1	1.0	1	0.984	0.143	0.958
23	O=C(O)c1c(NS(=O)(=O)c2ccc(Cl)cc2)cccc1	1.0	0	0.951	0.087	0.992
23	CC(C)c1nc2nc(N)nn2c(O)c1Cc1cccc(Cl)c1	1.0	1	1.0	0.147	0.929
23	N#Cc1ccc(Oc2ncc(Cl)c(C(N)=O)c2)cc1Cc1ccccc1	1.0	0	0.914	0.066	0.968
23	CC(C)(C)c1ccc(S(=O)(=O)Nc2ccc(Cl)c3c2C(=O)N(c2c(F)nccc2)C3=O)cc1	1.0	0	0.848	0.1	0.937
23	CC(C)(C)c1ccc(S(=O)(=O)Nc2ccc(Cl)cc2C(=O)c2cccnc2)cc1	1.0	0	0.942	0.083	0.977
23	CC1(c2ccc(S(=O)(=O)Nc3ccc(Cl)cc3C(=O)c3ccccc3)cc2)ccc2ccccc21	1.0	0	0.867	0.078	0.892
23	Cc1c(C(=O)c2cc(Cl)ccc2NS(=O)(=O)c2ccc(OC(C)C)cc2)cccn1	1.0	0	0.86	0.077	0.973
23	Cc1ncnc(C)c1C=O	1.0	0	0.764	0.033	0.928
23	Nc1nn2c(O)c(Cc3ccccc3)c(C3CCCC3)nc2n1	1.0	1	1.0	0.192	0.938
23	COc1cc(C(=O)NCCCn2c(Br)cnc2)ccc1O	1.0	0	0.884	0.05	0.96
23	O=[N+]([O-])c1cc(S(=O)(=O)Nc2ccc(Cl)cc2)ccc1	1.0	0	0.896	0.066	0.989
23	CC(=O)C1=C(O)C(=O)N(c2cc(C)ccc2)C1=O	1.0	0	0.993	0.082	0.964
23	O=S(=O)(Nc1cc(Cl)ccc1Cn1cncn1)c1ccc(Cl)cc1	1.0	1	0.99	0.103	0.975
23	Cc1cccnc1C(=O)Nc1ccc(Cc2ccccc2)cc1	1.0	0	0.833	0.051	0.99
23	O=C(c1cc[n+]([O-])cc1)c1cc(Cl)ccc1NS(=O)(=O)c1cc(F)c(F)cc1	1.0	0	0.94	0.077	0.957
23	CCCC(=O)C1=C(O)C(=O)N(c2ccc(C)cc2)C1c1cc(Br)ccc1	1.0	1	0.998	0.121	0.932
23	COc1c(C)nc(N2C(=O)c3ccc(Cl)cc3C2=O)cc1	1.0	0	0.953	0.087	0.974
23	CCC(CC)(NS(=O)(=O)c1ccc(C(F)(F)F)cc1)C(=O)O	1.0	0	0.821	0.049	0.959
23	O=S(=O)(Nc1c(Cl)cc(NS(=O)(=O)c2ccc(Cl)cc2)cc1)c1ccccc1	1.0	0	0.797	0.083	0.986
23	Cc1ccc(-c2ncc(OC)c(NS(=O)(=O)c3ccc(C)cc3)n2)nc1N	1.0	1	0.921	0.118	0.96
23	CC(C)(c1ncc(S(=O)(=O)c2ccc(Cl)cc2)cc1)c1cn(C23CCNCC2NS3)=Nc2ccccc21	0.0	0	0.0	0.0	0.0
23	O=C(n1cc(C(=O)c2cccc3ccccc23)c2ccccc2)c2ccccc21	0.0	0	0.0	0.0	0.0
23	COc1nc(Br)cnc1NS(=O)(=O)c1cccc(Cl)c1Cl	1.0	0	0.941	0.086	0.95
23	O=C(O)c1ccccc1Oc1c(Cl)cccc1Cl	1.0	0	0.926	0.046	0.988
23	CCCn1c(O)nc2c1c1ccccc1c(=O)oc2	0.0	0	0.0	0.0	0.0
23	O=C(O)c1c(F)cccc1Oc1ncc(Cl)c(NSc2ccc(F)cc2[N+](=O)[O-])c1	1.0	0	0.725	0.044	0.9
23	CS(=O)(=O)c1cccc(C(=O)Nc2ccc(Cl)cc2)c1	1.0	0	0.816	0.041	0.993
23	COc1ccc(S(=O)(=O)Nc2ccc(Br)cc2C(=O)c2ccncc2)cc1	1.0	0	0.938	0.087	0.981
23	N#Cc1c(Sc2ccccc2)cc(-c2ccccc2)n12	0.0	0	0.0	0.0	0.0
23	Cn1ncc2c1cccc2NS(=O)(=O)c1ccc(C(F)(F)F)cc1	1.0	1	0.909	0.12	0.975
23	Cc1ccccc1C(=O)Nc1ccc(S(=O)(=O)Cc2ccc(Cl)cc2)cc1	1.0	0	0.646	0.056	0.988
23	O=C(NS(=O)(=O)c1ccc(Cl)cc1)c1ccccc1	1.0	0	0.908	0.048	0.993
23	CC(=O)C1=C(O)C(=O)N(c2cc(C)c(Cl)cc2)C1C1CCCCC1	1.0	0	0.999	0.093	0.907
23	CC(=O)C1=C(O)C(=O)N(c2ccc(Cl)c(Cl)c2)C1C1CCCCC1	1.0	0	0.999	0.097	0.91
23	Cc1ccc(N2C(=O)C(O)=C(C(=O)c3ccccc3)C2C2CCCCC2)cc1	1.0	1	0.997	0.173	0.933
23	COc1nc(C)cnc1NS(=O)(=O)c1cccc(Cl)c1Cl	1.0	1	0.953	0.109	0.964
23	CCCC(=O)C1=C(O)C(=O)N(c2ccc(C)cc2)C1c1cccc(Cl)c1	1.0	1	0.999	0.105	0.938
23	CCCC(=O)C1=C(O)C(=O)N(c2cc(C)c(C)cc2)C1C1CCCCC1	1.0	0	0.999	0.096	0.894
24	N#CSCCNC(=O)c1cc(Cl)nc(N2CCOCC2)c1N1CCCC1	1.0	0	0.924	0.08	0.895
24	CC(C)(O)c1ccc(S(=O)(=O)Nc2ccc(Br)cc2C(=O)c2ccncc2)cc1	1.0	0	0.905	0.069	0.969
24	Nc1nn2c(O)c(Cc3cccc(Cl)c3)c(CCc3ccccc3)nc2n1	1.0	1	0.999	0.151	0.95
24	N#Cc1cc(S(=O)(=O)Nc2cc(Cl)ccc2Cn2ccnn2)ccc1	1.0	0	0.987	0.092	0.957
24	Cc1c(C(=O)Nc2ccc(S(=O)(=O)N3CCCC3)cc2)cccc1	1.0	0	0.713	0.05	0.99
24	COc1ccc(Sc2cc(C(=O)Nc3ccccc3)ccc2)cc1	1.0	0	0.817	0.044	0.99
24	CCCCc1nc2nc(N)nn2c(O)c1Cc1cccc(Cl)c1	1.0	1	0.999	0.198	0.935
24	O=C(c1ccncc1)c1cc(Cl)ccc1NS(=O)(=O)c1ccc(-c2nnn(CCCN3CCCCC3)n2)cc1	1.0	0	0.005	0.005	0.942
24	CC(C)(CO)c1ccc(S(=O)(=O)Nc2ccc(Cl)cc2C(=O)c2ccncc2)cc1	1.0	0	0.831	0.073	0.966
24	CC(C)Oc1ccc(S(=O)(=O)NCCc2cccc3c2cccc3)cc1	1.0	0	0.857	0.059	0.985
24	COc1cc(NS(=O)(=O)c2ccc(NS(=O)(=O)c3ccc(Cl)s3)c2)ccc1	0.0	0	0.0	0.0	0.0
24	CC(=O)C1=C(O)C(=O)N(c2cc(F)c(Cl)cc2F)C1=O	1.0	0	0.994	0.09	0.932
24	O=C(Nc1ccc(Oc2ccc(Cl)cn2)cc1)c1cccnc1	1.0	0	0.789	0.046	0.986
24	COc1ccc(S(=O)(=O)Nc2ccc(Br)cc2C(=O)c2ccncc2)cc1	1.0	0	0.938	0.087	0.981
24	O=C(O)c1c(Oc2ccc(Cl)c(CO)c2)cccc1	1.0	0	0.919	0.047	0.987
24	O=S(=O)(Nc1ncc(Cl)nc1OCc1ccccc1CO)c1cccc(CF)c1	1.0	1	0.916	0.122	0.94
24	Oc1cc(CSc2nc(C3CC3)nc3nccn32)ccc1	1.0	0	0.86	0.054	0.939
24	Cc1c(C(=O)Nc2ccc(S(=O)(=O)N3CCCCCC3)cc2)cccn1	1.0	0	0.722	0.054	0.984
24	Cc1noc(C)c1-c1cc(C(=O)c2cc(Cl)ccc2)c(O)cc1Cl	1.0	0	0.923	0.091	0.963
24	COc1cc(C(=O)CCN2C(=O)c3ccccc3C2=O)ccc1Cl	1.0	0	0.907	0.075	0.985
24	Cc1ccc(Nc2nc(Cl)cnc2NS(=O)(=O)c2cc(C)ccc2)cc1	1.0	0	0.961	0.094	0.97
24	Cn1ncc2c1ncnc2NS(=O)(=O)c1c(Cl)c(Cl)ccc1Cl	1.0	1	0.932	0.104	0.946
24	Cc1c(N2C(=O)c3c(C2=O)c(NS(=O)(=O)c2ccc(C(C)(C)C)cc2)ccc3Cl)ccc[n+]1[O-]	1.0	0	0.832	0.098	0.903
24	CCCC(=O)N1COCC1CNc1cc(Cl)ccc1NS(=O)(=O)c1ccc(Cl)cc1	1.0	0	0.929	0.091	0.878
24	Cc1ncc(C(=O)c2cc(Cl)ccc2NS(=O)(=O)c2ccc(C(C)(C)C)cc2)cc1	1.0	0	0.936	0.085	0.974
24	Nc1nn2c(O)c(Cc3cccc(Cl)c3)c(C3CCCC3)nc2n1	1.0	1	0.999	0.2	0.924
24	Cc1c(C(=O)c2cc(Cl)ccc2NS(=O)(=O)c2ccc(OC(C)(C)C)cc2)cccn1	1.0	0	0.901	0.08	0.968
24	O=S1(=O)NC(Nc2ccc(Br)cc2)Nc2ccccc21	1.0	0	0.941	0.063	0.85
24	Cc1noc(C)c1S(=O)(=O)Nc1ccc(F)cc1NS(=O)(=O)c1ccc(Cl)c(Cl)c1	1.0	1	0.974	0.122	0.962
24	Cc1ccc(S(=O)(=O)NC(c2ccccc2)c2ccccc2)cc1	1.0	0	0.959	0.077	0.99
24	Cc1ccc(Oc2c(=O)c(C(=O)O)cc(F)c2)cc1	0.0	0	0.0	0.0	0.0
24	CC(C)(C)c1ccc(S(=O)(=O)Nc2ccc(Cl)cc2-c2c(O)c(CNCCN)ccc2O)cc1	1.0	0	0.75	0.061	0.943
24	Cc1c(C(=O)Nc2ccc(S(=O)(=O)Nc3cccc(C(F)(F)F)c3)cc2)cccc1	1.0	0	0.589	0.056	0.985
24	Cc1c(-c2ccccc2NS(=O)(=O)c2ccc(C(C)(C)C)cc2)ccc[n+]1[O-]	1.0	0	0.923	0.081	0.956
24	COc1nc(F)cnc1NS(=O)(=O)c1cccc(Cl)c1Cl	1.0	1	0.953	0.109	0.948
24	COc1cc(N2C(=O)c3c(C2=O)c(NS(=O)(=O)c2ccc(C(C)(C)C)cc2)ccc3Cl)cnc1	1.0	0	0.764	0.092	0.939
24	O=C(NCCc1ccccc1)c1ccccc1Oc1ccc(Cl)cc1CO[N+](=	0.0	0	0.0	0.0	0.0
24	N#Cc1c(Oc2c(Cl)cccc2NS(=O)(=O)c2ccc(Cl)cc2)nccn1	1.0	0	0.985	0.093	0.956
24	CC(=O)C1=C(O)C(=O)N(c2ccc(C)cc2)C1C1CCCCC1	1.0	0	1.0	0.093	0.929
24	COC(=O)CCc1ccc(S(=O)(=O)Nc2ccc(Cl)cc2C(=O)c2c(C)nccc2)cc1	1.0	0	0.825	0.085	0.971
24	COc1ccc2c(c1NS(=O)(=O)c1c(Cl)c(Cl)ccc1)cnn2C	1.0	1	0.952	0.125	0.96
24	O=C(O)c1ccccc1Oc1ccc(C(F)(F)F)cc1NS(=O)(=O)c1ccc(Cl)cc1	1.0	1	0.97	0.104	0.977
24	Cc1ccc(S(=O)(=O)Nc2ccc(Br)cc2C(=O)c2ccncc2)cc1	1.0	0	0.951	0.091	0.981
24	CC(C)COc1nc(Cl)cnc1NS(=O)(=O)c1cccc(Cl)c1Cl	1.0	1	0.931	0.105	0.945
24	CC(C)(C)c1ccc(S(=O)(=O)Nc2ccc(Cl)cc2-c2c(NCCO)ncc(Cl)c2)cc1	1.0	1	0.918	0.148	0.953
24	CC(=O)C1=C(O)C(=O)N(c2cc(F)c(Cl)cc2)C1=O	1.0	0	0.994	0.089	0.951
24	CC(=O)NC1CCC(NS(=O)(=O)c2ccc(OCc3ccccc3)cc2)CC1	1.0	0	0.647	0.043	0.983
24	CNS(=O)(=O)c1cccc(C(=O)Nc2ccc(Cl)cc2)c1	1.0	0	0.777	0.05	0.991
24	Cc1ccc(S(=O)(=O)NCCCN2CCC(O)(c3ccc(Cl)cc3)CC2)cc1	1.0	0	0.687	0.055	0.974
24	Cc1nc2nc(N)nn2c(O)c1Cc1ccc(Cl)c(Cl)c1	1.0	1	1.0	0.144	0.944
24	CCc1ncnc(-c2cc(Cl)ccc2NS(=O)(=O)c2ccc(C(C)(C)C)cc2)c1	1.0	0	0.946	0.091	0.964
24	COc1ccc(C(=O)c2cc(Cl)ccc2NS(=O)(=O)c2ccc(C3(C)CCOCC3)cc2)cc1	1.0	0	0.861	0.086	0.958
24	Nc1nn2c(O)c(Cc3cccc(Cl)c3)c(C3CC3)nc2n1	1.0	1	1.0	0.161	0.922
24	CC(C)c1nc2nc(N)nn2c(O)c1Cc1cccc(Cl)c1	1.0	1	1.0	0.147	0.929
24	CC(=O)Nc1ccc(S(=O)(=O)NC(CCN(C)C)C(=O)c2ccccc2)cc1	1.0	0	0.815	0.061	0.949
24	COc1c(C)nc(N2C(=O)c3c(C2=O)c(NS(=O)(=O)c2ccc(C(C)(C)C)cc2)ccc3Cl)cc1	1.0	0	0.791	0.094	0.933
24	CC(C)NS(=O)(=O)c1ccc(CNC(=O)c2cccc3c2cnn3-c2ccccc2)cc1	1.0	0	0.601	0.045	0.975
24	CN(C)c1cc2c(cc1Cl)C(=O)C(C)N2C(=O)Nc1ccccc1F	1.0	0	0.923	0.064	0.863
24	Cc1ccc(N2C(=O)C(O)=C(C(C)=O)C2C2CCCCC2)cc1	1.0	0	1.0	0.093	0.929
24	CS(=O)(=O)Nc1cc(CSc2cccc(Br)c2)cc(C(F)(F)F)c1	1.0	0	0.678	0.039	0.966
24	CCCC(=O)N1CCC(NS(=O)(=O)c2ccc(NC(=O)C3CCCCC3)c3c2cccc3)CC1	1.0	0	0.64	0.053	0.965
24	CC(=O)c1ccc(S(=O)(=O)Nc2cc(Cl)ccc2C(=O)c2ccncc2)cc1	1.0	0	0.953	0.07	0.979
24	O=C(Nc1ccc(C(=O)Nc2ccccc2)c2ccccc12)NO	1.0	0	0.813	0.066	0.986
24	COc1cc(Cn2nc(NS(=O)(=O)c3ccc(Cl)s3)c3c(OC)cccc32)ccc1	1.0	0	0.904	0.083	0.958
24	COc1nn(C)c2c1c(NS(=O)(=O)c1ccc(Cl)s1)c(O)n2CC#CC	1.0	0	0.838	0.075	0.789
24	O=[N+]([O-])c1cc(O)c2Nnc(CNc3ccncc3)n2c1	0.0	0	0.0	0.0	0.0
24	N#Cc1cc(NS(=O)(=O)c2ccc(Cl)cc2)csc1	0.0	0	0.0	0.0	0.0
24	C(=Cc1cc(C2CC2)ccc1)c1ccncc1	1.0	0	0.907	0.042	0.98
24	O=C(NCCN1CCCCC1)c1ccc(Cl)cc1NS(=O)(=O)c1ccc(Cl)cc1	1.0	0	0.884	0.091	0.981
24	O=C(NCCO)c1ccc(OCc2ccc(Cl)cc2)cc1	1.0	0	0.718	0.054	0.992
24	COc1cc2c(cc1NS(=O)(=O)c1c(Cl)c(Cl)ccc1)nc(O)n2C1CNCC(C)C1	1.0	1	0.886	0.111	0.664
24	CC(NS(=O)(=O)c1ccc(Cl)cc1)c1ccc(Cl)cc1	1.0	0	0.966	0.068	0.978
24	Cn1nnnc1Cc1ncc(Cl)cc1NS(=O)(=O)c1ccc(Cl)c(Cl)c1	1.0	1	0.988	0.104	0.937
24	Cc1noc(C)c1-c1ccc(S(=O)(=O)Nc2ccc(Cl)cc2C(=O)c2ccncc2)cc1	1.0	0	0.901	0.09	0.964
24	COc1nccc(C(=O)c2cc(Cl)ccc2NS(=O)(=O)c2ccc(C(C)(C)C)cc2)c1	1.0	0	0.859	0.084	0.969
24	O=C(c1ccncc1)c1cc(Cl)ccc1NS(=O)(=O)c1ccc(-c2ccccc2)cc1	1.0	0	0.92	0.09	0.981
24	N#Cc1ccc(S(=O)(=O)Nc2ccc(Br)cc2C(=O)c2ccncc2)cc1	1.0	0	0.938	0.088	0.975
24	COc1nc(Br)cnc1NS(=O)(=O)c1c(Cl)cc(Cl)cc1Cl	1.0	0	0.953	0.08	0.939
24	Cc1c(C(=O)c2cc(Cl)ccc2NS(=O)(=O)c2ccc(C)cc2)cccc1	1.0	0	0.968	0.083	0.986
24	O=S(=O)(Nc1cc(Cl)ccc1Cn1ccnn1)c1cccc(Cl)c1	1.0	0	0.989	0.098	0.966
24	CC(=O)C1=C(O)C(=O)N(c2cc(C)ccc2N)C1c1cccc(C(F)(F)F)c1	1.0	1	0.998	0.102	0.9
24	O=S(=O)(Nc1cc(F)c(F)cc1)c1cccc(Cl)c1	1.0	0	0.932	0.078	0.989
24	CC(=O)C1=C(O)C(=O)N(c2cc(C)ccc2)C1C1CCCCC1	1.0	0	0.999	0.092	0.922
24	O=C(Nc1ccc(S(=O)(=O)Nc2ccccc2)c2ccccc12)c1ccccc1	1.0	0	0.647	0.076	0.988
24	CNC(=O)c1ccc(S(=O)(=O)NC(C)C)cc1Cl	1.0	0	0.743	0.045	0.983
24	CC(C)(C)c1ccc(S(=O)(=O)Nc2ccc(Cl)cc2C(=O)c2ccncc2)cc1	1.0	0	0.943	0.081	0.977
24	O=S(=O)(Nc1cc(Cl)ccc1Cn1cncn1)c1cccc(C(F)(F)F)c1	1.0	1	0.993	0.14	0.965
24	CNC(=O)N1CCC(NS(=O)(=O)c2ccc(NC(=O)c3ccccc3)c3c2cccc3)CC1	1.0	0	0.649	0.046	0.972
24	CC(C)CN1CC(COC(=O)c2ccc(Cl)s2)OC1COCCO	1.0	0	0.864	0.069	0.606
24	COCc1ccc(-c2nc3nc(NS(=O)(=O)c4ccccc4)ccn3n2)cc1	1.0	0	0.688	0.05	0.964
24	CCCCc1nc2nc(N)nn2c(O)c1Cc1cccc(Cl)c1	1.0	1	0.999	0.198	0.935
24	O=C(O)c1c(F)cccc1Oc1ncc(Cl)cc1NS(=O)(=O)c1ccc(Cl)c(Cl)c1	1.0	0	0.911	0.087	0.96
24	Cn1ncc(C(=O)c2ccccc2)c1N1C(=O)c2cccc(O)c2C1=O	1.0	0	0.881	0.098	0.958
24	Cc1c(N2C(=O)c3c(C2=O)c(NS(=O)(=O)c2ccc(C(C)(C)C)cc2)ccc3Cl)ccc[n+]1[O-]	1.0	0	0.832	0.098	0.903
24	CCCC(=O)C1=C(O)C(=O)N(c2ccc(C)cc2)C1c1ccc(Cl)cc1	1.0	0	0.999	0.092	0.943
24	CC(=O)c1c(C)oc2c1cc(NS(=O)(=O)c1ccc(C(C)(C)C)cc1)c1c2cccc1	1.0	1	0.897	0.137	0.962
24	Cc1ccc(-c2c(NS(=O)(=O)c3ccc(Cl)cc3)cccc2)cc1	1.0	0	0.983	0.094	0.991
24	Cn1ncc2c1cccc2NS(=O)(=O)c1cccc(Cl)c1Cl	1.0	1	0.924	0.113	0.972
24	COc1c(-c2cc(Cl)ccc2NS(=O)(=O)c2ccc(C3(C)CCOCC3)cc2)cccc1	1.0	0	0.931	0.079	0.957
24	CC(C)(C)c1ccc(S(=O)(=O)Nc2cc(Cl)ccc2S(=O)(=O)C(C)(C)C)cc1	1.0	0	0.919	0.077	0.967
25	COc1nc(S(F)(F)(F)c(F)c(N=C(N)N)n2nc(O)cc2CC(=O)c2ccccc2)c1C	0.0	0	0.0	0.0	0.0
25	CC(C)(C)c1ccc(S(=O)(=O)Nc2ccc(Cl)cc2-c2c(NCCO)ncc(Cl)n2)cc1	1.0	1	0.914	0.149	0.941
25	CC(C)c1nc2nc(N)nn2c(O)c1Cc1ccc(Cl)c(Cl)c1	1.0	1	1.0	0.151	0.923
25	COc1c(C)nc(N2C(=O)c3c(C(=O)O)cccc3S2)cc1	1.0	0	0.86	0.084	0.918
25	O=C(c1ccncc1)c1cc(Cl)ccc1NS(=O)(=O)c1ccc(Cl)cc1	1.0	0	0.961	0.096	0.983
25	O=C(O)c1cccnc1Oc1ncc(Cl)cc1NS(=O)(=O)c1ccc(Cl)c(C(F)(F)F)c1	1.0	1	0.966	0.126	0.943
25	CC(=O)C1=C(O)C(=O)N(c2cc(F)c(C)cc2)C1c1ccc(Br)cc1	1.0	0	1.0	0.093	0.938
25	CC(C)(C)c1cc(OS(=O)(=O)Nc2ccc(Cl)cc2C(=O)c2ccncc2)ccc1	1.0	0	0.887	0.064	0.954
25	Cc1c(C(=O)c2cc(Cl)ccc2NS(=O)(=O)c2ccc(OCC(=O)O)cc2)ccc[n+]1[O-]	1.0	0	0.774	0.077	0.949
25	COc1ccc(S(=O)(=O)Nc2ccc(Br)cc2C(=O)c2ccncc2)cc1	1.0	0	0.938	0.087	0.981
25	COc1nn(C2CCN(C)CC2)c2ccccc12	1.0	0	0.94	0.059	0.968
25	COc1nc(Br)ccc1NS(=O)(=O)c1ccc(Cl)c(Cl)c1	1.0	1	0.943	0.108	0.97
25	N#Cc1cccnc1N1CCC(OCO)CC1	1.0	0	0.944	0.091	0.951
25	CCCCC(=O)CCCCCCCOC(=O)NCCCNC(=O)NCCc1ccc(O)c(OC)c1-c1ccccc1	1.0	0	0.005	0.005	0.931
25	O=C(O)c1c(Oc2ccc(Cl)cc2NS(=O)(=O)c2ccc(Cl)cc2)cccc1	1.0	0	0.975	0.086	0.984
25	CN(C)c1ccc(S(=O)(=O)N(C)CC(=O)Nc2ccc(F)cc2)cc1	1.0	0	0.848	0.054	0.985
25	O=S(=O)(NCCc1ccc(F)cc1)c1ccccc1Cl	1.0	0	0.935	0.057	0.99
25	O=S(=O)(Nc1cc(Cl)c(Cl)cc1-c1nc2ccccc2o1)c1ccccc1	1.0	0	0.967	0.094	0.976
25	O=C(c1ccncn1)c1cc(Cl)ccc1NS(=O)(=O)c1ccc(C(F)(F)F)cc1	1.0	1	0.944	0.101	0.965
25	CCCC(=O)C1=C(O)C2=C(OC)OC(CO)CC2C1=O	1.0	0	0.93	0.078	0.402
25	COc1ccc(OC)c(S(=O)(=O)Nc2ccc(Br)cc2C(=O)c2ccncc2)c1	1.0	0	0.899	0.084	0.975
25	COc1cc2c(cc1NS(=O)(=O)c1c(Cl)c(Cl)ccc1)nc(O)n2C1CCOCC1	1.0	1	0.911	0.118	0.923
25	COc1ccc(Cn2nc(NS(=O)(=O)c3ccc(Cl)s3)c3c2cccc3OC)cc1	1.0	0	0.9	0.063	0.961
25	COc1nc(Br)cnc1NS(=O)(=O)c1cccc(Cl)c1C	1.0	0	0.941	0.076	0.953
25	Cc1cc(Oc2ccc(OCC(=O)O)cc2)cnc1N	1.0	0	0.914	0.047	0.981
25	COc1cc(CNc2nc(Cl)cc(C(F)F)n2)ccc1O	1.0	0	0.907	0.049	0.957
25	CC(=O)C1=C(O)C(=O)N(c2cc(C)ccc2)C1c1ccc(Cl)cc1	1.0	0	1.0	0.091	0.953
25	O=C(c1ccncc1)c1cc(Cl)ccc1NS(=O)(=O)c1ccc(N2CCOCC2)cc1	1.0	0	0.909	0.074	0.973
25	C=CC(=O)N1CCC(NS(=O)(=O)c2ccc(NC(=O)c3ccccc3C)c3ccccc23)CC1	1.0	0	0.57	0.06	0.963
25	CC(C)(C)c1ccc(S(=O)(=O)Nc2ccc(Cl)cc2C(=O)c2cnc(S(C)(=O)=O)cc2)cc1	1.0	0	0.817	0.081	0.961
25	[O-]=C(C(=O)c1ccc(Cl)cc1)c1ccc(Cl)cc1	0.0	0	0.0	0.0	0.0
25	CS(=O)(=O)N1CCC(NS(=O)(=O)c2ccc(NC(=O)c3ccccc3)c3c2cccc3)CC1	1.0	0	0.693	0.068	0.973
25	CC(C)(C)c1ccc(S(=O)(=O)Nc2ccc(Br)cc2C(=O)c2ncco2)cc1	1.0	0	0.948	0.081	0.955
25	CC(=O)C1=C(O)C(=O)N(c2cc(Cl)c(C)cc2)c2ccccc21	1.0	0	0.976	0.071	0.971
25	CC(C)CN1C(=O)C(=O)c2cc(Cl)ccc21	1.0	0	0.841	0.059	0.981
25	C=CCN(C(=O)CCCc1ccccc1)c1ccc(Br)cc1	1.0	0	0.876	0.056	0.983
25	CC1CCN(C(=O)c2ccccc2NS(=O)(=O)c2ccc(C#N)cc2)CC1	1.0	1	0.988	0.13	0.981
25	C=CCOc1ccc(C(=O)Nc2ccc(S(=O)(=O)N3CCCC3)cc2)cc1	1.0	0	0.636	0.039	0.985
25	Nc1cccnc1N1S(=O)(=O)N=C1Nc1cc(F)c(Cl)cc1	1.0	0	0.941	0.072	0.884
25	O=C(N(C(=O)c1ccccc1)c1cccc(F)c1)c1ccc(N2C(=O)c3ccccc3C2=O)cc1	1.0	0	0.667	0.072	0.972
25	CCCn1c(O)nc2c1NC(=O)c1ccccc1C2OCc1ccc(Cl)cc1	1.0	0	0.948	0.076	0.807
25	CC(C)Sc1ccc(S(=O)(=O)Nc2ccc(Cl)cc2C(=O)c2ccncc2)cc1	1.0	0	0.867	0.081	0.97
25	COc1c(NS(=O)(=O)c2csc(F)c2)nc(Cl)nc1	1.0	0	0.959	0.08	0.904
25	Cc1cc(Oc2c(C(=O)O)cccc2)ccc1	1.0	0	0.914	0.05	0.993
25	CC(C)(C)c1ccc(S(=O)(=O)Nc2ccc(F)cc2C(=O)c2ccncc2)cc1	1.0	0	0.944	0.097	0.976
25	C[n+]1c(C(=O)O)cccc1C1=CCCCC1=O	1.0	0	0.949	0.048	0.831
25	CS(=O)(=O)c1ccc(S(=O)(=O)Nc2ccc(Cl)cc2-c2ccncc2)cc1	1.0	0	0.937	0.088	0.979
25	COc1nc(Br)cnc1NS(=O)(=O)c1cc(Cl)cc(Cl)c1	1.0	0	0.941	0.1	0.948
25	Nc1nn2c(O)c(Cc3ccccc3Cl)c(C3CC3)nc2n1	1.0	1	1.0	0.158	0.921
25	Nc1nn2c(O)c(Cc3cccc(Cl)c3)c(C3CCCC3)nc2n1	1.0	1	0.999	0.2	0.924
25	CC(C)(C)c1ccc(S(=O)(=O)Nc2ccc(Cl)cc2C(=O)c2ccc(Cl)cc2)cc1	1.0	0	0.951	0.089	0.982
25	CCc1ncnc(-c2cc(Cl)ccc2NS(=O)(=O)c2ccc(C(C)(C)C)cc2)c1	1.0	0	0.946	0.091	0.964
25	CC(=O)C1=C(O)C(=O)N(c2ccc(C(F)(F)F)cc2)C1C1CCCCC1	1.0	1	0.999	0.1	0.907
25	Cc1ccccc1Oc1nccnc1Oc1ncc(Cl)cc1C	1.0	0	0.939	0.068	0.955
25	O=C(O)c1c(Oc2ccc(F)cc2)cc(F)cc1	1.0	0	0.93	0.052	0.991
25	CC(C)(C)c1ccc(S(=O)(=O)Nc2ccc(Cl)c3c2C(=O)N(c2ccncc2)C3=O)cc1	1.0	0	0.88	0.083	0.952
25	CC(C)(C)c1ccc(S(=O)(=O)Nc2ccc(Cl)c3c2C(=O)N(c2cnc(F)cc2)C(=O)N3)cc1	1.0	1	0.833	0.111	0.929
25	Cc1cc(SC2=C(O)CC(c3ccccc3)CC2=O)c(Cl)cc1N	1.0	0	0.943	0.072	0.846
25	Cc1[n+]([O-])cc(C(=O)c2cc(Cl)ccc2NS(=O)(=O)c2ccc(C(C)(C)C)cc2)cc1	1.0	0	0.916	0.086	0.948
25	COc1cc(Cn2c(=O)n(CCCCN3CCN(c4ccccc4)CC3)c3ccccc32)ccc1	1.0	0	0.678	0.067	0.974
25	COc1ccc(SCCc2ccc(C(=O)Nc3ccc(F)cc3)cc2)cc1	1.0	0	0.649	0.034	0.989
25	Cc1ccc(S(=O)(=O)NC(C)(C)C)cc1	1.0	0	0.788	0.026	0.989
25	CC(C)(CO)c1ccc(S(=O)(=O)Nc2ccc(Cl)cc2C(=O)c2ccncc2)cc1	1.0	0	0.831	0.073	0.966
25	Cc1ccc(S(=O)(=O)CCc2nnc(NC(=O)CCl)s2)cc1	1.0	0	0.883	0.054	0.966
25	C=CCN(C(=O)NCCc1ccccc1)C1CCN(C(C)C)CC1	1.0	0	0.854	0.046	0.971
25	CC(=O)C1=C(O)C(=O)N(c2ccc(C)cc2)C1C1CCCCCCC1	1.0	0	0.999	0.093	0.928
25	Cn1nnnc1Cc1ncc(Cl)cc1NS(=O)(=O)c1ccc(Cl)c(Cl)c1	1.0	1	0.988	0.104	0.937
25	CC(C)(C)c1ccc(S(=O)(=O)Nc2ccc(Br)cc2C(=O)c2cc(S(C)(=O)=O)ncc2)cc1	1.0	0	0.792	0.074	0.953
25	CC(=O)N1CCC(NS(=O)(=O)c2ccc(NC(=O)c3c(C)cccc3)c3c2cccc3)CC1	1.0	0	0.667	0.056	0.973
25	O=C(Nc1ccc(N2C(=O)c3ccccc3C2=O)cc1)N1CCCC1=O	1.0	0	0.673	0.048	0.979
25	O=S(=O)(Nc1cc(Cl)c(F)cc1)n1ccnc1CO	1.0	0	0.94	0.064	0.938
25	Cc1nc(C(=O)OCC(Cl)=O)co1	1.0	0	0.921	0.037	0.924
25	O=S1(=O)NC(Nc2c(Cl)cc(Cl)cc2)=Nc2c1cc(Br)cc2	1.0	0	0.929	0.049	0.903
25	CCNc1c(-c2cc(Cl)ccc2NS(=O)(=O)c2ccc(C(C)(C)C)cc2)nccn1	1.0	0	0.939	0.098	0.958
25	CN(C)CCCC(=O)c1ccc(Cl)cc1N=N	1.0	0	0.882	0.033	0.945
25	COc1c(C)cc(C)cc1NS(=O)(=O)c1ccc(Cl)c(Cl)c1	1.0	0	0.981	0.072	0.981
25	COc1cc(Oc2ccc(Cl)cc2NS(=O)(=O)c2ccc(C)cc2)ccn1	1.0	1	0.977	0.103	0.978
25	COc1nc(Cl)c(F)cc1NS(=O)(=O)c1cccc(Cl)c1F	1.0	0	0.973	0.093	0.955
25	CC(C)(C)c1ccc(S(=O)(=O)Nc2ccc(Br)cc2C(=O)c2ccncc2)cc1	1.0	0	0.931	0.087	0.975
25	Cc1cccc(NS(=O)(=O)c2ccc(Cl)cc2)c1Oc1c(C(=O)O)cccc1	1.0	1	0.994	0.103	0.98
25	Cc1c(C(=O)c2cc(Cl)ccc2NS(=O)(=O)c2ccc(C(C)(C)C)cc2)nccc1	1.0	0	0.942	0.084	0.971
25	Cc1c(Cn2c(C)nc(O)c2CCc2ccc(C(F)(F)F)cc2)cccc1	1.0	0	0.931	0.099	0.957
25	Nc1nn2c(O)c(Cc3cccc(C(F)(F)F)c3)c(C3CCCC3)nc2n1	1.0	1	0.999	0.215	0.913
25	Cc1cc(C)c(N2C(=O)CN(Cc3ccccc3C#N)C2=O)cc1	1.0	1	0.96	0.1	0.967
25	COc1nc(Cl)cnc1NS(=O)(=O)c1cccc(Cl)c1Cl	1.0	0	0.953	0.091	0.955
25	COc1ccccc1Cc1c(O)n2nc(N)nc2nc1C1c2ccccc2CCC1C	1.0	1	0.997	0.179	0.685
25	O=C(NCCNC(=O)c1ccccc1)c1ccccc1Oc1ccccc1	1.0	0	0.892	0.064	0.99
25	Cc1c(Cn2nc(Nc3cc(Cl)ccc3N)nc2N)cccc1	1.0	0	0.912	0.094	0.963
25	COc1c(NS(=O)(=O)c2ccc(Cl)s2)nc(Cl)c(Cl)c1	1.0	0	0.974	0.076	0.95
25	Cc1ccccc1NC(=O)c1ccc(C(=O)c2ccccc2)cc1	1.0	0	0.722	0.065	0.994
25	CC(C)c1nc2nc(N)nn2c(O)c1Cc1ccc(Cl)c(Cl)c1	1.0	1	1.0	0.151	0.923
25	CC(=O)NCc1cc(Cn2nc(NS(=O)(=O)c3ccc(Cl)s3)c3sccc3n2)ccc1	0.0	0	0.0	0.0	0.0
25	COc1cc(-c2cnc(Cl)cc2NS(=O)(=O)c2ccc(Cl)cc2)ccc1	1.0	1	0.983	0.103	0.978
25	CC(=O)C1=C(O)C(=O)N(c2ccc(Br)cc2F)C1C1CCCCC1	1.0	0	0.999	0.093	0.892
25	O=C(c1ccncc1)c1cc(Cl)ccc1NS(=O)(=O)c1cc(F)c(N2CCOCC2)cc1	1.0	0	0.867	0.081	0.966
25	NS(=O)(=O)c1ccc(C(=O)Nc2cc(S(=O)(=O)Nc3ccccc3)ccc2)cc1	1.0	0	0.703	0.046	0.987
25	CC(C)(CO)c1ccc(S(=O)(=O)Nc2ccc(Cl)cc2C(=O)c2ncccc2)cc1	1.0	0	0.826	0.074	0.965
25	Cn1nnnc1Cc1ncc(Cc2ccc(Cl)cc2NS(=O)(=O)c2ccc(Cl)cc2)cc1	1.0	0	0.917	0.085	0.946
25	O=S1(=O)NC(Nc2ccc(Cl)cc2Cl)=Nc2c1cc(Cl)cc2O	1.0	0	0.916	0.061	0.864
25	Cc1cc(N2C(=O)c3c(C2=O)c(NS(=O)(=O)c2ccc(C(C)(C)C)cc2)ccc3Cl)nc2c1cccc2	1.0	0	0.005	0.005	0.935
26	CCOc1cnc(NS(=O)(=O)c2ccc(Cl)cc2)cc1Cl	1.0	0	0.907	0.077	0.978
26	CC(=O)C1=C(O)C(=O)N(c2cc(F)ccc2)C1C1CCCCC1	1.0	0	0.999	0.09	0.917
26	O=C(O)CCc1ccc(Oc2ccc(Cl)cc2NS(=O)(=O)c2ccc(Cl)c(Cl)c2)cc1	1.0	0	0.877	0.079	0.978
26	CNS(=O)(=O)c1ccc(CNC(=O)c2cccc3c2cccc3)cc1	1.0	0	0.697	0.043	0.988
26	COc1c(Br)cc(C(=O)c2cc(Br)ccc2NS(=O)(=O)c2ccc(C)cc2)cc1	1.0	0	0.922	0.074	0.979
26	CC(=O)C1=C(O)C(=O)N(c2cc(Cl)c(Cl)cc2)C1C1CCCCC1	1.0	0	0.999	0.097	0.91
26	Nc1nn2c(O)c(Cc3cccc(Cl)c3)c(CCc3ccccc3)nc2n1	1.0	1	0.999	0.151	0.95
26	COc1ccc(S(=O)(=O)NC(=O)C2(C)CCN2Cc2ccc(C)nc2)cc1	1.0	0	0.852	0.064	0.901
26	CCCC(=O)c1ccc(OS(=O)(=O)c2c(C)c(CCC)c3ccccc3n2)cc1	1.0	0	0.793	0.056	0.953
26	Cc1nnnn1Cc1ccc(Cl)cc1NS(=O)(=O)c1ccc(Cl)cc1	1.0	1	0.979	0.104	0.969
26	COc1ncc(-c2ccc(Oc3ncc(NS(=O)(=O)c4ccc(Cl)s4)cc3)cc2)cc1	1.0	0	0.761	0.056	0.961
26	O=C(O)c1ccccc1Oc1ncc(Cl)cc1NS(=O)(=O)c1ccc(Cl)cc1	1.0	1	0.948	0.109	0.976
26	O=C(c1ccncc1)c1cc(Cl)ccc1NS(=O)(=O)c1ccc(C(Cl)(Cl)Cl)cc1	1.0	0	0.955	0.076	0.963
26	Cc1ncc(N2C(=O)c3c(C2=O)c(NS(=O)(=O)c2ccc(C(C)(C)C)cc2)ccc3Cl)cc1	1.0	0	0.826	0.096	0.946
26	Cc1nn2c(O)c(Cc3cccc(C(F)(F)F)c3)c(C3CC3)nc2n1	1.0	1	0.999	0.102	0.92
26	CCc1nc2nc(N)nn2c(O)c1Cc1cccc(Cl)c1	1.0	1	1.0	0.158	0.935
26	O=S(=O)(Nc1ncnc2n[nH]c(O)c12)c1c(Cl)c(Cl)ccc1	1.0	0	0.929	0.088	0.909
26	CC(C)(c1ccc(S(=O)(=O)Nc2ccc(Cl)cc2C(=O)c2ccncc2)cc1)N1CCCCC1	1.0	0	0.873	0.06	0.952
26	Oc1cc(CSc2cccc(Cl)c2Cl)nc2nc(-c3ncccc3)nn12	1.0	0	0.95	0.067	0.922
26	Cc1ccc(Oc2cc(Cl)c(Cl)cc2NS(=O)(=O)c2ccc(Cl)cc2)cc1	1.0	0	0.982	0.091	0.984
26	Cc1ccc(S(=O)(=O)Nc2cc(Cl)ccc2Cn2ccnn2)cc1	1.0	0	0.987	0.099	0.971
26	COc1nn(CCN(C)C)c2c1c(NS(=O)(=O)c1cccc(Cl)c1Cl)ncn2)	0.0	0	0.0	0.0	0.0
26	Cc1cccc(N(C(=O)c2ccccc2)C2CCN(C(C)C)CC2)c1	1.0	0	0.961	0.071	0.979
26	Oc1cc(CSc2cccc(F)c2F)nc2nc(C3CCCCC3)nn12	1.0	0	0.936	0.07	0.909
26	COc1ccc(S(=O)(=O)Nc2cc(Cl)ccc2Cn2ccnn2)cc1	1.0	0	0.983	0.097	0.971
26	Cc1cc(Oc2c(C(=O)O)cc(Cl)cc2)ccc1	1.0	0	0.929	0.054	0.991
26	CS(=O)(=O)Nc1cc(C(=O)c2ccccc2)ccc1	1.0	0	0.885	0.058	0.991
26	Cc1nnc(C)n1C	1.0	0	0.522	0.024	0.958
26	COc1c2c(NS(=O)(=O)c3ccc(Cl)s3)nn(Cc3cccc(CN(C)C(C)=O)c3)c2ccc1	1.0	0	0.901	0.076	0.936
26	CS(=O)(=O)c1ccc(S(=O)(=O)Nc2ccc(Br)cc2C(=O)c2ccnc(C(=O)NS(=O)(=O)c3ccc(Cl)cc3)c2)ccc1	0.0	0	0.0	0.0	0.0
26	O=C(c1cc[n+]([O-])cc1)c1cc(Cl)ccc1NS(=O)(=O)c1ccc(Cl)cc1	1.0	0	0.946	0.076	0.966
26	O=C(O)c1cc(Oc2ncc(Cl)cc2NS(=O)(=O)c2ccc(Cl)c(Cl)c2)cnc1	1.0	0	0.898	0.066	0.958
26	CC(=O)C1=C(O)C(=O)N(c2ccc(Br)cc2)C1C1CCCCC1	1.0	0	0.999	0.086	0.919
26	O=C(NCCN1CCCCC1)c1ccccc1Oc1nccnc1O	1.0	0	0.822	0.056	0.965
26	Cc1nnnn1Cc1ccc(Cl)cc1-c1cc(Cl)ccc1Cn1ccnc1NS(N)(=O)=O	1.0	0	0.836	0.065	0.881
26	O=S(=O)(Nc1cc(Cl)ccc1C(=O)c1ccccc1)c1cc(Cl)cnc1	1.0	0	0.965	0.092	0.978
26	COc1ncc(Br)nc1NS(=O)(=O)c1cccc(Cl)c1Cl	1.0	0	0.937	0.098	0.949
26	Nc1nn2c(nccc3ccccc32)cc1	1.0	0	0.798	0.038	0.739
26	Cc1nnnn1Cc1ccc(Cl)cc1NS(=O)(=O)c1ccc(Cl)c(Cl)c1	1.0	1	0.983	0.102	0.962
26	COc1c(C)cnc(NS(=O)(=O)c2ccc(Cl)cc2)c1	1.0	0	0.914	0.07	0.981
26	COc1ccc(S(=O)(=O)Nc2ccc(Cl)cc2C(=O)NCCCN2CCCCC2)cc1N	1.0	0	0.655	0.068	0.972
26	Nc1nn2c(O)c(Cc3ccc(Cl)cc3)c(C3CC3)nc2n1	1.0	1	1.0	0.158	0.93
26	Nc1nn2c(O)c(Cc3cccc(F)c3F)c(C3CC3)nc2n1	1.0	1	1.0	0.169	0.898
26	COc1nc(Br)cnc1NS(=O)(=O)c1cc(Cl)cc(Cl)c1	1.0	0	0.941	0.1	0.948
26	CCCCCc1nc2nc(N)nn2c(O)c1Cc1cccc(Cl)c1	1.0	1	0.999	0.166	0.937
26	COc1c(Oc2ccc(Cl)cc2NS(=O)(=O)c2ccc(Cl)c(S(=O)(=O)O)c2)ccc1	0.0	0	0.0	0.0	0.0
26	COc1c(NS(=O)(=O)c2cc(Cl)c(N)cc2)cccc1	1.0	0	0.944	0.06	0.987
26	Nc1nn2c(O)c(Cc3cccc(Cl)c3)c(CC3CCCC3)nc2n1	1.0	1	0.999	0.156	0.921
26	Cc1ccc(Nc2nc(Cl)c3c(n2)N(Cc2ccc(F)cc2)C(=O)N3)cc1	1.0	0	0.93	0.076	0.968
26	Cc1ncccc1Oc1ncc(Cl)cc1CS(=O)(=O)NC(=O)NS(=O)(=O)c1ccc(C(=O)Oc2ccc(F)cc2F)nc1	1.0	0	0.005	0.005	0.854
26	Cc1nnnn1Cc1cc(Br)ccc1NS(=O)(=O)c1ccc(Cl)cc1Cl	1.0	1	0.968	0.1	0.955
26	Cc1c(C(=O)Nc2ccc(S(=O)(=O)NC3CCN(C(=O)C4CC4)CC3)c3c2cccc3)cccc1	1.0	0	0.558	0.049	0.97
26	CCCC(=O)N1CCC(NS(=O)(=O)c2ccc(NC(=O)c3nccn3C)c3ccccc23)CC1	1.0	0	0.532	0.062	0.949
26	Cc1ncc(N2C(=O)c3c(C2=O)c(NS(=O)(=O)c2ccc(C(C)(C)C)cc2)ccc3Cl)cc1	1.0	0	0.826	0.096	0.946
26	O=S(=O)(Nc1cc(Cl)ccc1Cn1ccnn1)c1cscn1	1.0	0	0.98	0.089	0.91
26	CS(=O)(=O)c1cc(C(=O)c2ccccc2S(=O)(=O)c2ccccc2)cc1	0.0	0	0.0	0.0	0.0
26	COc1ccc(S(=O)(=O)NCCCN2CCC(O)(c3ccc(Cl)cc3)CC2)cc1	1.0	0	0.687	0.052	0.973
26	CCCC(=O)N1CCC(NS(=O)(=O)c2ccc(NC(=O)c3ccccc3)c3c2cccc3)CC1	1.0	0	0.548	0.047	0.974
26	CC(=O)C1=C(O)C(=O)N(c2ccc(C)cc2)C1C1CCCCC1	1.0	0	1.0	0.093	0.929
26	Cc1cccc(NS(=O)(=O)c2ccc(Cl)cc2)c1N	1.0	0	0.972	0.063	0.986
26	CC(CC(=O)c1ccc(Cl)cc1)c1ccccc1	1.0	0	0.977	0.047	0.981
26	Nc1nn2c(O)c(Cc3ccccc3)c(CCCCN3C(=O)c4ccccc4C3)nc2n1	1.0	1	0.988	0.1	0.925
26	Cc1nn(Cc2ccc(C(F)(F)F)cc2NS(=O)(=O)c2ccc(Cl)cc2)c(Br)c1	1.0	0	0.984	0.098	0.948
26	O=C(c1cnccn1)c1cc(Cl)ccc1NS(=O)(=O)c1ccc(Cl)cc1	1.0	0	0.953	0.078	0.976
26	Nc1nn2c(O)c(Cc3cccc(Cl)c3)c(CC3CCCC3)nc2n1	1.0	1	0.999	0.156	0.921
26	O=C(c1cc[n+]([O-])cc1)c1cc(Cl)ccc1NS(=O)(=O)c1ccc(Cl)cc1	1.0	0	0.946	0.076	0.966
26	COc1ccc(C(=O)c2cccc(C(=O)c3ccccc3)cc2)cc1	0.0	0	0.0	0.0	0.0
26	O=C(O)c1ccccc1Oc1ncc(Cl)cc1NS(=O)(=O)c1ccc(Cl)cc1	1.0	1	0.948	0.109	0.976
26	Cc1nnnn1Cc1ccc(Cl)cc1NS(=O)(=O)c1ccc(Cl)cc1Cl	1.0	1	0.978	0.107	0.959
26	COc1ccc2c(c1Oc1c(C)c(NS(=O)(=O)c3ccc(Cl)cc3)cc3c1oc1c(N3CCOCC3)ccc12)C	0.0	0	0.0	0.0	0.0
26	CCCc1nc2nc(N)nn2c(O)c1Cc1cccc(Cl)c1	1.0	1	1.0	0.185	0.934
26	Cc1nnc(-c2cccc(S(=O)(=O)Nc3ccc(Cl)cc3C(=O)c3ccncc3)c2Cl)cc1	1.0	0	0.831	0.074	0.949
26	COc1ncc(N2C(=O)c3c(C2=O)c(NS(=O)(=O)c2ccc(C(C)(C)C)cc2)ccc3Cl)nc1	1.0	0	0.788	0.088	0.923
26	O=C(O)c1c(Oc2cccc(F)c2NS(=O)(=O)c2ccc(Cl)cc2)cccc1	1.0	0	0.971	0.083	0.979
26	CCCC(=O)N1CCC(NS(=O)(=O)c2ccc(NC(=O)c3ccc(C)cc3)c3c2cccc3)CC1	1.0	0	0.524	0.046	0.971
26	CC(=O)C1=C(O)C(=O)N(c2ccc(Cl)cc2F)C1C1CCCCC1	1.0	1	1.0	0.1	0.9
26	CC(=O)C1=C(O)C(=O)N(c2ccc(Cl)cc2)C1C1CCCCC1	1.0	0	1.0	0.092	0.927
26	CCOc1ccncc1NS(=O)(=O)c1ccc(Cl)cc1	1.0	0	0.981	0.083	0.985
26	Nc1nn2c(O)c(Cc3cccc(C(F)(F)F)c3)c(C3CC3)nc2n1	1.0	1	1.0	0.174	0.912
26	COc1c2c(NS(=O)(=O)c3ccc(Cl)s3)nn(Cc3cccc(CNC(C)C)c3)c2ccc1	1.0	0	0.882	0.074	0.943
26	COc1c(Cl)cc(N2C(=O)c3c(C2=O)c(NS(=O)(=O)c2ccc(C(C)(C)C)cc2)ccc3Cl)c(s	0.0	0	0.0	0.0	0.0
26	Nc1nn2c(O)c(Cc3cccc(Cl)c3)c(CCc3ccccc3)nc2n1	1.0	1	0.999	0.151	0.95
26	O=S(=O)(Nc1cc(Cl)ccc1Cn1ccnn1)c1csc(Cl)c1	1.0	0	0.987	0.097	0.924
26	COc1nc(Cl)cnc1NS(=O)(=O)c1cccc(F)c1Cl	1.0	0	0.953	0.092	0.945
26	COc1c(NS(=O)(=O)c2cc(Cl)c(NS(C)(=O)=O)cc2)cccc1	1.0	0	0.84	0.058	0.984
26	CC(=O)C1=C(O)C(=O)N(c2cc(F)c(C)cc2F)C1=O	1.0	0	0.994	0.091	0.933
26	O=S(=O)(NC1CCN(Cc2ccccc2)CC1)c1ccccc1F	1.0	0	0.703	0.052	0.987
26	CCOc1ccc(NS(=O)(=O)c2ccc(NS(=O)(=O)c3ccccc3C)cc2)cc1	1.0	0	0.793	0.061	0.985
26	Cc1ccc(N2C(=O)C(O)=C(C(=O)C3CC3)C2C2CCCCC2)cc1	1.0	0	0.999	0.099	0.914
26	COc1ccc(S(=O)(=O)Nc2ccc(Cl)cc2C(=O)Nc2ccccc2)cc1	1.0	0	0.968	0.087	0.989
26	Cc1ccc(Cc2c(C)nc(N=S(C)(=O)O)nc2N(c2ccc(O)cc2)c2ccc(OC)cc2)cc1	1.0	0	0.005	0.005	0.778
26	CC(=O)N1CCC(NS(=O)(=O)c2ccc(NC(=O)c3c(C)cccc3)c3c2cccc3)CC1	1.0	0	0.667	0.056	0.973
26	CCc1cccc2nc(C=Cc3ccc(Cl)cc3)nc(O)c12	1.0	0	0.966	0.072	0.958
26	CC(C)c1nccn1N=CC1=C(O)c2ccccc2C1=O	1.0	0	0.858	0.067	0.895
26	O=C(O)c1ccc(Oc2ccc(Cl)cc2NS(=O)(=O)c2ccc(Cl)cc2)cc1	1.0	0	0.961	0.1	0.986
26	Nc1nn2c(O)c(Cc3ccc(F)cc3)c(C3CC3)nc2n1	1.0	1	1.0	0.16	0.929
26	Nc1nn2c(O)c(Cc3cccc(Cl)c3F)c(C3CC3)nc2n1	1.0	1	1.0	0.168	0.894
26	Cc1ncc(C(=O)c2cccc(C(=O)n3ccnc3)c2)cc1	1.0	0	0.839	0.065	0.969
26	O=C(c1ncccc1)c1cc(Cl)ccc1NS(=O)(=O)c1ccc(N2CCCC2)cc1	1.0	0	0.931	0.09	0.976
26	COc1ncc(Cl)nc1NS(=O)(=O)c1cccc(Cl)c1Cl	1.0	0	0.949	0.092	0.955
27	CCCn1c(O)nc2c1ccc1nnc(Cc3cnccn3)n12	1.0	0	0.882	0.076	0.868
27	Cc1cc(O)c2ccc(Cl)cc2n1	1.0	0	0.761	0.034	0.979
27	O=C(O)c1ccc(Oc2ccc(Cl)cc2NS(=O)(=O)c2ccc(Cl)c(C(F)(F)F)c2)cc1	1.0	0	0.93	0.086	0.974
27	CC(=O)C1=C(O)C(=O)N(c2cc(C)c(F)cc2)C1C1CCCCC1	1.0	0	0.999	0.095	0.904
27	COc1cc2c(cc1NS(=O)(=O)c1c(Cl)c(Cl)ccc1)n(C)c(O)n2	1.0	1	0.971	0.124	0.948
27	CC(C)(C)c1ccc(S(=O)(=O)Nc2ccc(S(=O)(=O)N3CCCC3)cc2)cc1	1.0	0	0.794	0.051	0.983
27	COc1cccc2c1c(NS(=O)(=O)c1ccc(Cl)s1)nn2Cc1ccccc1CO	1.0	1	0.897	0.1	0.947
27	COc1cc(C(=O)c2cc(Cl)ccc2NS(=O)(=O)c2ccc(C(C)(C)C)cc2)cc2ccccc1	0.0	0	0.0	0.0	0.0
27	CC(=O)C1=C(O)C(=O)N(c2ccc(Br)cc2)C1c1ccc(Cl)cc1	1.0	0	0.999	0.086	0.951
27	COc1cc2c(cc1NS(=O)(=O)c1c(C)c(O)ccc12)CCc1ccccc1F	1.0	0	0.902	0.088	0.698
27	COc1ncc(CN2C(=O)c3c(C2=O)c(NS(=O)(=O)c2ccc(C(C)(C)C)cc2)ccc32)cc1	0.0	0	0.0	0.0	0.0
27	Nc1nn2c(O)c(Cc3ccc(F)cc3)c(C3CC3)nc2n1	1.0	1	1.0	0.16	0.929
27	Nc1nn2c(O)c(Cc3cccc(F)c3)c(C3CC3)nc2n1	1.0	1	1.0	0.164	0.921
27	O=C(O)c1ccccc1Oc1ccccc1F	1.0	0	0.923	0.05	0.992
27	Cc1ccc(COc2ccc(C(=O)NCC3(CO)CCCC3)cc2)cc1	1.0	0	0.554	0.042	0.98
27	Cc1ccc(S(=O)(=O)Nc2cc(Cl)cc(Cl)c2C(=O)c2ccncc2)cc1	1.0	0	0.969	0.098	0.971
27	Cn1ncc2c1ncnc2NCCOc1ccccc1C(F)(F)F	1.0	0	0.871	0.076	0.964
27	COc1ccc(S(=O)(=O)Nc2ccc(Cl)cc2C(=O)NCc2cc(C(F)(F)F)oc2)cc1	1.0	0	0.789	0.08	0.954
27	CC(C)(C)c1ccc(S(=O)(=O)Nc2ccc(Cl)cc2-c2c(NCCO)nccn2)cc1	1.0	1	0.881	0.114	0.954
27	COc1c(Cl)ccc(NS(=O)(=O)c2ccc(C(C)(C)C)cc2)c1O	1.0	0	0.839	0.084	0.973
27	CCC(=O)C1=C(O)C(=O)N(c2cc(C)cc(C)c2)C1c1ccc(C)cc1	1.0	0	0.999	0.096	0.928
27	Cc1ccc(CNC(=O)c2cc(Sc3nccn3)cnc2Cl)cc1	0.0	0	0.0	0.0	0.0
27	CSc1cc(C(=O)c2cc(Cl)ccc2NS(=O)(=O)c2ccc(C(C)(C)C)cc2)cc1	0.0	0	0.0	0.0	0.0
27	O=C(O)c1c(Oc2ncncc2NS(=O)(=O)c2ccc(Cl)c(C(F)(F)F)c2)cccc1	1.0	0	0.839	0.081	0.953
27	COc1ccc(S(=O)(=O)Nc2ccc(Cl)cc2C(=O)NCc2ccccc2)cc1	1.0	0	0.936	0.089	0.988
27	Cc1cc(N2C(=O)c3c(C2=O)c(NS(=O)(=O)c2cccc(C(=O)NCCc4ccncc4)c2)c(O)cc3oc2ccccc2)cc1	0.0	0	0.0	0.0	0.0
27	Cc1cc(N2C(=O)c3c(C2=O)c(NS(=O)(=O)c2ccc(C(C)(C)C)cc2)c(Cl)cc3Cl)ccc1	1.0	0	0.894	0.096	0.946
27	COc1cc(N2C(=O)c3c(C2=O)c(NS(=O)(=O)c2ccc(C(C)(C)C)cc2)ccc3N)ccc1	1.0	0	0.742	0.085	0.953
27	O=S(=O)(NC1CCN(Cc2ccc(Cl)c(Cl)c2)CC1)c1ccc(S(=O)(O)c(Oc2ccccc2)cc1)	0.0	0	0.0	0.0	0.0
27	Cc1ccc(S(=O)(=O)Nc2cc(Cl)ccc2Cn2ccnn2)cc1C	1.0	1	0.989	0.101	0.965
27	CC(=O)C1=C(O)C(=O)N(c2cc(C)ccc2)C1C1CCCCCC1	1.0	0	1.0	0.091	0.922
27	CSc1nc(N2CCOCC2)c(C#N)c(N)c1C=	0.0	0	0.0	0.0	0.0
27	CS(=O)(=O)c1cc(Oc2cc(Cl)ccc2NS(=O)(=O)c2ccc(C(C)(C)C)cc2)cc1	0.0	0	0.0	0.0	0.0
27	COc1ccccc1Cn1nnnc1C(C)(C)O	1.0	0	0.906	0.053	0.966
27	O=C(O)c1c(F)cccc1Oc1ncc(Cl)cc1NS(=O)(=O)c1ccc(Cl)cc1	1.0	1	0.953	0.112	0.967
27	CCCCCCCc1nc2nc(N)nn2c(O)c1Cc1cccc(Cl)c1	1.0	1	0.997	0.133	0.937
27	O=C(C1=C(O)C(=O)N(c2ccc(Br)cc2F)C1c1cc(Br)ccc1)C(O)C(O)CO	1.0	1	0.976	0.128	0.676
27	Cc1ccncc1N1C(=O)c2c(C1=O)c(NS(=O)(=O)c1ccccc1)c(NC=O)cc2N	1.0	0	0.761	0.07	0.892
27	Cc1ccccc1Cc1c(O)n2nc(N)nc2nc1C1CC1	1.0	1	1.0	0.159	0.922
27	COc1ccc(S(=O)(=O)Nc2ccc(Cl)cc2C(=O)Nc2ccccc2)cc1	1.0	0	0.968	0.087	0.989
27	Cc1cc(N2C(=O)c3c(C2=O)c(NS(=O)(=O)c2ccc(C(C)(C)C)cc2)c(Cl)cc3Cl)c(C)n1	0.0	0	0.0	0.0	0.0
27	COc1ccnc(NS(=O)(=O)c2ccc(Cl)cc2)c1O	1.0	0	0.943	0.075	0.978
27	Cc1cc(Oc2c(-c3cnc(NS(=O)(=O)c4ccc(Cl)cs4)cc3)ccc2Cl)cc[n+]1[O-]	0.0	0	0.0	0.0	0.0
27	COc1c(C)cnc(NS(=O)(=O)c2ccc(Cl)cc2)c1	1.0	0	0.914	0.07	0.981
27	CCCCc1nc2nc(N)nn2c(O)c1Cc1cccc(Cl)c1	1.0	1	0.999	0.198	0.935
27	COc1nc(F)c(F)nc1NS(=O)(=O)c1cccc(Cl)c1Cl	1.0	0	0.95	0.088	0.93
27	O=C(NCc1ccccc1)c1ccc(Oc2cc(Cl)ccc2NS(=O)(=O)c2ccc(OC(F)(F)F)cc2)cc1	1.0	0	0.005	0.005	0.97
27	O=C(c1cnccc1)c1cc(Cl)ccc1NS(=O)(=O)c1ccc(-c2ccccc2)cc1	1.0	0	0.919	0.089	0.981
27	CCOc1nc(C)ccc1S(=O)(=O)NC(CO)C(=O)N1CCCCC1c1ccccc1Cl	1.0	0	0.782	0.091	0.809
27	Cc1cnc(SCc2cc(=O)c(C)cn2Cc2ccccc2)cc1	1.0	0	0.915	0.069	0.958
27	CCCCCc1nc2nc(N)nn2c(O)c1Oc1ccc(Cl)cc1	1.0	1	0.999	0.146	0.936
27	CCOC(=O)N1CCC(NS(=O)(=O)c2ccc(OC(=O)c3ccccc3)c3c2cccc3)CC1	1.0	0	0.57	0.057	0.971
27	Cn1nnnc1Cc1ncc(Cl)cc1NS(=O)(=O)c1ccc(Cl)cc1	1.0	1	0.986	0.115	0.948
27	Nc1nn2c(O)c(Cc3ccccc3)c(Cc3ccccc3)nc2n1	1.0	1	0.999	0.151	0.959
27	CC(=O)C1=C(O)C(=O)N(c2ccc(C)cc2)C1c1ccccc1	1.0	0	1.0	0.091	0.963
27	CCCCCCOc1nc2nc(C)cnc2n1Cc1cccc(C(=O)O)c1	1.0	0	0.967	0.078	0.952
27	Cc1cc(C(=O)c2cc(Cl)ccc2NS(=O)(=O)c2ccc(OC(F)(F)F)cc2)ccc1	1.0	0	0.881	0.063	0.976
27	O=C(NS(=O)(=O)c1ccc(-c2cnco2)cc1)c1ccccc1	1.0	0	0.853	0.062	0.981
27	CCCn1c(SCc2ncc(Cl)cc2Cl)nc2ccccc21	1.0	0	0.935	0.088	0.971
27	CN(C)C(=O)CCc1ccc(S(=O)(=O)Nc2ccc(Cl)cc2C(=O)c2ccncc2)cc1	1.0	0	0.811	0.071	0.971
27	Cc1ccc(N2C(=O)C(O)=C(C(=O)C3CC3)C2C)cc1	1.0	0	0.998	0.071	0.917
27	CCOS(=O)(=O)c1ccc(C(=O)O)cc1N	1.0	0	0.835	0.045	0.967
27	Cc1cc(Oc2c(C(=O)O)cccc2)c(Cl)cc1	1.0	0	0.973	0.055	0.99
27	O=S(=O)(Nc1cc(Cl)ccc1Cn1cccn1)c1ccc(Cl)c(Cl)c1	1.0	0	0.986	0.096	0.973
27	CCCS(=O)(=O)c1ccc(C(=O)CCCN2CCC(C(O)(c3ccccc3)c3ccccc3)CC2)cc1	1.0	0	0.005	0.005	0.956
27	Cc1ccc(S(=O)(=O)NCc2ccc(C(=O)O)cc2)cc1	1.0	0	0.843	0.047	0.992
27	Nc1nn2c(O)c(Cc3cccc(Cl)c3Cl)c(C3CC3)nc2n1	1.0	1	1.0	0.166	0.9
27	COc1cnc(C(=O)c2ccc(Cl)cc2NS(=O)(=O)c2ccc(C(C)(C)C)cc2)cc1	1.0	0	0.926	0.086	0.969
27	CC(=O)C1=C(O)C(=O)N(c2cc(F)c(C)cc2F)C1c1ccc(Cl)cc1	1.0	1	1.0	0.105	0.915
27	COc1nc2nc(N)nn2c(O)c1Cc1cccc(Cl)c1	1.0	1	1.0	0.158	0.934
27	CCc1ccc(C(=O)Nc2ccc(Cl)cc2NS(=O)(=O)c2ccc(Cl)cc2)cc1	1.0	0	0.961	0.071	0.986
27	O=C(O)c1ccccc1Oc1ccc(Cl)cc1NS(=O)(=O)c1ccc(Cl)c(Cl)c1	1.0	0	0.937	0.08	0.98
27	CC(=O)C1=C(O)C(=O)N(c2ccc(C)cc2)C1c1ccc(CO)cc1	1.0	0	0.999	0.087	0.95
27	O=C(O)c1cc(Oc2ncc(Cl)cc2NS(=O)(=O)c2cc(Cl)c(Cl)cc2)ccc1	1.0	0	0.895	0.06	0.971
27	Cc1ccc(Oc2ncc(NS(=O)(=O)c3ccc(Cl)cc3)cc2)cc1	1.0	0	0.856	0.06	0.986
27	Cn1nnnc1Cc1ncc(Cl)cc1NS(=O)(=O)c1ccc(N)cc1	1.0	1	0.977	0.101	0.938
27	O=C(c1ccncc1)c1cc(Cl)ccc1NS(=O)(=O)c1ccc(N2CCSCC2)cc1	1.0	0	0.891	0.078	0.963
27	CC(=O)C1=C(O)C(=O)N(c2cc(F)c(C)cc2F)C1=O	1.0	0	0.994	0.091	0.933
27	COc1ccc(S(=O)(=O)Nc2ccc(F)cc2C(=O)NCc2ccccc2)cc1	1.0	0	0.941	0.089	0.987
27	COc1cc2c(cc1NS(=O)(=O)c1c(Cl)c(Cl)ccc1)nc(O)n2C1	0.0	0	0.0	0.0	0.0
27	Cc1cc(N2C(=O)c3c(C2=O)c(NS(=O)(=O)c2cccc(NS(C)(=O)=O)c2)cc3Cl)ncn1	0.0	0	0.0	0.0	0.0
27	COc1ccccc1Cc1c(O)n2nc(N)nc2nc1CCCC	1.0	1	0.999	0.184	0.939
27	CCOc1ccc(C(=O)c2ccc(C(=O)c3ccc(Cl)cc3)cc2)cc1	1.0	0	0.792	0.074	0.991
27	CCc1ncnc(NS(=O)(=O)c2ccc(Cl)cc2)c1F	1.0	0	0.911	0.092	0.967
27	Cc1ncc(C(=O)c2cc(Cl)ccc2NS(=O)(=O)c2ccc(C(C)(C)C)cc2)cc1	1.0	0	0.936	0.085	0.974
27	O=C(c1ccncc1)c1cc(Cl)ccc1NS(=O)(=O)c1ccc2ccoc2c1	1.0	0	0.924	0.074	0.966
27	COc1ccc(S(=O)(=O)Nc2ccc(F)cc2C(=O)Nc2cccc(Cl)c2)cc1	1.0	0	0.878	0.088	0.986
27	CCc1nc2nc(N)nn2c(O)c1Cc1cccc(Cl)c1Cl	1.0	1	1.0	0.164	0.916
27	COc1ccc2c(ccc(=O)n2Cc2ccccc2)cc1	0.0	0	0.0	0.0	0.0
27	Cc1noc(C)c1-c1ccc(C(=O)NS(=O)(=O)c2cccc(C(C)(C)C)c2)cc1	1.0	0	0.581	0.049	0.97
27	COc1cccc(C(=O)Nc2ccc3c(c2)C(=O)N(CC(C)(C)C)C3=O)c1	1.0	0	0.68	0.045	0.98
27	CC(C)(C)c1ccc(S(=O)(=O)Nc2ccc(Cl)cc2C(=O)c2nccn2C)cc1	1.0	0	0.938	0.092	0.964
27	CCC=C1CC(=O)Oc2c1ccc(OS(=O)(=O)OCC(C)C)c2sc1nccc1	0.0	0	0.0	0.0	0.0
27	Cc1ccc(S(=O)(=O)Nc2cc(Cl)ccc2CNC(=O)c2ccc(Cl)cc2)cc1	1.0	0	0.955	0.072	0.984
27	COc1ccc(S(=O)(=O)Nc2cc(Cl)ccc2Cn2ccnn2)cc1C	1.0	0	0.985	0.098	0.964
27	COc1c(NS(=O)(=O)c2cc(Cl)c(N)cc2)cccc1	1.0	0	0.944	0.06	0.987
27	CC(=O)C1=C(O)C(=O)N(c2cc(Br)ccc2F)C1C1CCCCC1	1.0	0	0.999	0.091	0.886
27	O=C(c1cnccc1)c1cc(Cl)ccc1NS(=O)(=O)c1ccc(O)cc1	1.0	0	0.94	0.075	0.98
27	CC(=O)C1=C(O)C(=O)N(c2cc(Br)cc(C)c2)C1C1CCCCC1	1.0	0	0.999	0.089	0.878
27	COc1cnc(C(=O)c3ccc(Cl)cc3NS(=O)(=O)c2ccc(Cl)cc2)cc1	1.0	0	0.948	0.078	0.976
28	CCc1ccc(C2OC(CO)C(O)C(O)C2O)cc1C	1.0	0	0.955	0.064	0.715
28	Nc1nn2c(O)c(Cc3cccc(F)c3)c(C3CC3)nc2n1	1.0	1	1.0	0.164	0.921
28	O=C(c1cnccc1)c1ccccc1C(=O)c1cccc(CO)c11	0.0	0	0.0	0.0	0.0
28	COc1nc(Br)cnc1NS(=O)(=O)c1ccc(Cl)c(Cl)c1	1.0	1	0.949	0.1	0.96
28	O=C(Nc1ccc(S(=O)(=O)Nc2ccccc2)cc1)c1ccccc1C	1.0	0	0.595	0.058	0.991
28	COc1c(C)cnc(NS(=O)(=O)c2ccc(Cl)cc2)c1	1.0	0	0.914	0.07	0.981
28	COc1c(Oc2ccc(Cl)cc2NS(=O)(=O)c2ccc(Cl)c(C(F)(F)F)c2)ccc(Cl)c1	1.0	1	0.988	0.112	0.97
28	COc1cccc2c1c(NS(=O)(=O)c1ccc(Cl)s1)nn2Cc1cccc(CO)c1	1.0	0	0.922	0.086	0.95
28	Cc1cc(OC(=O)c2cccc(C(=O)O)c2)ccc1N	1.0	0	0.825	0.049	0.987
28	CC(=O)C1=C(O)C(=O)N(c2ccc(F)cc2F)C1C1CCCCC1	1.0	1	1.0	0.101	0.902
28	O=S(=O)(Nc1cc(F)ccc1)c1ccc(Cl)cc1Cl	1.0	0	0.944	0.073	0.988
28	CCCC(=O)N1CCC(NS(=O)(=O)c2ccc(NC(=O)c3nccnc3)c3c2cccc3)CC1	1.0	0	0.518	0.058	0.957
28	CCCc1nc2nc(N)nn2c(O)c1Cc1cc(Cl)cc(Cl)c1	1.0	1	0.999	0.187	0.914
28	O=C(O)c1c(Cl)cc(Cl)cc1NS(=O)(=O)c1cccc2c1nc(N1CCOCC1)n2CCCO	1.0	0	0.761	0.088	0.918
28	Cc1ncc(C(=O)c2cc(Cl)ccc2NS(=O)(=O)c2ccc(OC(C)C)cc2)cc1	1.0	0	0.868	0.078	0.974
28	O=S(=O)(Nc1cc(Cl)ccc1Cn1ccnn1)c1cccc(C(F)(F)F)c1	1.0	1	0.991	0.152	0.958
28	COc1ccc(S(=O)(=O)Nc2ccc(Cl)cc2C(=O)O)cc1	1.0	0	0.933	0.084	0.99
28	O=C(c1ccc(C(F)(F)F)cc1)c1cc(O)c(O)cc1	1.0	0	0.924	0.061	0.985
28	O=S(=O)(Nc1cc(Cl)ccc1Cn1ccnn1)c1cccc(Cn2nc(O)c(Cc3ccccc3)c2)c1	1.0	0	0.005	0.005	0.914
28	Cc1ccc(NS(=O)(=O)c2ccc(N3C(=O)c4ccccc4C3=O)cc2)cc1	1.0	0	0.733	0.078	0.986
28	Cc1nc2nc(N)nn2c(O)c1Cc1ccc(Cl)cc1Cl	1.0	1	1.0	0.146	0.94
28	CCOc1c(OC)cc(Cc2cnc(N)nc2N)cc1	1.0	0	0.965	0.074	0.978
28	CCNS(=O)(=O)c1cccc(CNC(=O)c2cccc3c2cnn3-c2ccc(F)cc2)c1	1.0	0	0.638	0.05	0.97
28	CC(C)(C)c1ccc(S(=O)(=O)Nc2ccc(F)c(F)c2C(=O)c2ccncn2)cc1	1.0	0	0.932	0.094	0.949
28	CC(=O)C1=C(O)C(=O)N(c2ccc(Cl)cc2)C1C1CCCCCC1	1.0	0	1.0	0.091	0.927
28	O=C(O)c1c(Oc2ccc(Cl)cc2NS(=O)(=O)c2ccc(Cl)cc2)cccc1	1.0	0	0.975	0.086	0.984
28	CCCC(=O)C1=C(O)C(=O)N(c2ccc(C)cc2)C1C1CCCCC1	1.0	0	0.999	0.095	0.91
28	Cc1ccccc1C(=O)Nc1ccc(S(=O)(=O)Nc2ccccc2)cc1	1.0	0	0.595	0.058	0.991
28	COc1cc(Oc2ccc(C(=O)c3ccccc3)cc2)ccc1O	1.0	0	0.833	0.062	0.99
28	COc1ccc(SCc2ncc(C(=O)c3ccccc3)cc2)cc1	1.0	0	0.832	0.062	0.985
28	COc1cc(N2C(=O)c3ccccc3C2=O)ccc1C(=c)c1ccc(Cl)cc1	0.0	0	0.0	0.0	0.0
28	Cc1ncc(C(=O)c2cc(Cl)ccc2NS(=O)(=O)c2ccc(C(C)(C)C)cc2)cc1	1.0	0	0.936	0.085	0.974
28	CCn1nc2ncn(Cc3ccc(Cl)c(Cl)c3)c2c1Oc1c(Cl)cccc1	1.0	0	0.941	0.09	0.941
28	Nc1nn2c(O)c(Cc3cccc(F)c3)c(CC3CCC3)nc2n1	1.0	1	0.999	0.158	0.917
28	COc1ccc(S(=O)(=O)NCc2ccc(C(=O)c3ccccc3)cc2)cc1	1.0	0	0.718	0.053	0.99
28	CCCCc1nc2nc(N)nn2c(N)c1CCl	1.0	1	0.977	0.101	0.881
28	O=S(=O)(Nc1cc(Cl)c(Cl)cc1Cn1ccnn1)c1ccc(Cl)c(Cl)c1	1.0	1	0.989	0.103	0.951
28	Cc1ccncc1-c1cc(Cl)ccc1NS(=O)(=O)c1ccc(Cl)c(Cl)c1	1.0	1	0.973	0.125	0.974
28	COc1c(C)cnc(NS(=O)(=O)c2ccc(Cl)cc2)c1	1.0	0	0.914	0.07	0.981
28	COc1ccc(S(=O)(=O)Nc2ccc(Cl)cc2C(=O)O)cc1	1.0	0	0.933	0.084	0.99
28	CCCCc1nc2nc(N)nn2c(O)c1Cc1cccc(Cl)c1	1.0	1	0.999	0.198	0.935
28	CC1c2ccccc2C2(C)C(=O)COC(c3ccccc3)C2C1F	1.0	1	0.981	0.124	0.475
28	Cc1c(Oc2ccccc2NS(=O)(=O)c2ccc(Cl)c(Cl)c2)ccc(Cl)c1	1.0	0	0.978	0.098	0.983
28	CCCCCc1nc2nc(N)nn2c(O)c1Cc1ccc(Cl)c(Cl)c1	1.0	1	0.999	0.174	0.93
28	CSc1ncc(C(=O)c2cc(Cl)ccc2NS(=O)(=O)c2ccc(C(C)(C)C)cc2)cc1	1.0	0	0.864	0.082	0.964
28	COc1nccc(NS(=O)(=O)c2ccc(C(C)(C)C)cc2)c1	1.0	0	0.88	0.075	0.98
28	COc1ccc(Cn2ncc(C(=O)Nc3cc(C(F)(F)F)ccc3)cc2)cc1	0.0	0	0.0	0.0	0.0
28	CCCCCCCc1nc2nc(N)nn2c(O)c1Cc1cc(Br)cc(Br)c1	1.0	1	0.994	0.12	0.903
28	CCCc1nc2nc(N)nn2c(O)c1Cc1ccc(Cl)cc1	1.0	1	1.0	0.182	0.941
28	CC(C)(C)c1ccc(S(=O)(=O)Nc2c(C(=O)O)cccc2)cc1	1.0	0	0.908	0.091	0.988
28	O=S(=O)(Nc1cc(Cl)c(Cl)cc1Cn1ccnn1)c1ccc(Cl)c(Cl)c1	1.0	1	0.989	0.103	0.951
28	CCC(=O)c1cccc(C(=O)c2ccc(S(=O)(=O)Nc3ccc(Cl)cc3C(=O)c3ccncc3)cc2)n1	1.0	0	0.005	0.005	0.95
28	O=S(=O)(NC1CCCCC1)c1ccc(Cl)cc1	1.0	0	0.953	0.041	0.99
28	CC(C)(C)c1ccc(S(=O)(=O)Nc2ccc(Cl)cc2-c2c(O)c(F)ccc2)cc1	1.0	0	0.955	0.083	0.972
28	Cc1ccc(C(=O)c2c(Cl)cccc2)c(C(=O)O)c1	1.0	0	0.931	0.062	0.99
28	CC(=O)c1ccc(S(=O)(=O)N2CCC(NS(=O)(=O)c3ccc(C)cc3)CC2)cc1	1.0	0	0.623	0.056	0.981
28	CC(C)(C)c1ccc(S(=O)(=O)Nc2ccc(Cl)cc2-c2ccccn2)cc1	1.0	0	0.959	0.088	0.979
28	CNc1nc2c(cc(C(=O)NCc3ccc(F)cc3)c3ncccc23)c2ccccc12	1.0	0	0.736	0.097	0.966
28	Cc1cc(Oc2c(C(=O)O)cccc2)ccc1	1.0	0	0.914	0.05	0.993
28	COc1c2c(NS(=O)(=O)c3c(Cl)c(Cl)ccc3)nc(C)nc2[nH]c1	1.0	0	0.923	0.089	0.928
28	COc1cccc2cc(C(=O)c3ccc(Cl)cc3)c(=O)oc12	1.0	0	0.966	0.1	0.984
28	COc1c(C)cccc1NS(=O)(=O)c1ccc(C(F)(F)F)cc1	1.0	0	0.921	0.095	0.982
28	O=C(O)c1cccnc1NS(=O)(=O)c1cccc(Cl)c1Cl	1.0	0	0.929	0.088	0.975
28	COc1cc2nc(NS(=O)(=O)c3ccc(Cl)s3)sc2cc1Cl	1.0	0	0.917	0.066	0.961
28	Nc1ccc(S(=O)(=O)c2ccc(Cl)cc2)cc1	1.0	0	0.883	0.039	0.991
28	COc1nccnc1NS(=O)(=O)c1c(Cl)c(Cl)cs1	1.0	0	0.962	0.1	0.899
28	CC(=O)C1=C(O)C(=O)N(c2ccc(Cl)cc2)C1C1CCCCCC1OCCF	1.0	0	0.999	0.1	0.672
28	O=C(c1cnccc1)c1cc(Cl)ccc1NS(=O)(=O)c1ccc(O)cc1	1.0	0	0.94	0.075	0.98
28	O=S(=O)(Nc1cc(Cl)ccc1Cn1ccnn1)c1ccccc1	1.0	0	0.986	0.097	0.973
28	CC(C)(C)c1ccc(S(=O)(=O)Nc2ccc(Cl)c3c2C(=O)N(CCc2cnccc2)C3=O)cc1	1.0	1	0.916	0.129	0.951
28	CC(=O)c1c(C)oc2c1cc(NS(=O)(=O)c1ccccc1)c1cc(occ11)C2	0.0	0	0.0	0.0	0.0
28	O=C(Cc1c(Cl)cccc1Cl)c1ccc(Cl)cc1	1.0	0	0.982	0.051	0.99
28	Nc1nn2c(O)c(Cc3ccccc3Cl)c(-c3ccccc3)nc2n1	1.0	1	1.0	0.123	0.957
28	Nc1nn2c(O)c(Cc3cccc(C(F)(F)F)c3)c(C3CC3)nc2n1	1.0	1	1.0	0.174	0.912
28	CSc1ncc(C(=O)c2cc(Cl)ccc2NS(=O)(=O)c2ccc(F)cc2)cc1	1.0	0	0.915	0.063	0.971
28	Nc1cnc(C2CCNCC2)cc1Cl	1.0	0	0.927	0.045	0.931
28	c1cnc(N2CCN(CCOc3ccc(Cl)cc3)CC2)cc1F	1.0	0	0.784	0.053	0.982
28	Nc1nn2c(O)c(Cc3cccc(Cl)c3F)c(CCc3ccccc3)nc2n1	1.0	1	0.998	0.156	0.933
28	Cc1nnnn1Cc1ccc(Cl)cc1NS(=O)(=O)c1ccc(Cl)cc1	1.0	1	0.979	0.104	0.969
28	Cc1ccccc1Cc1c(O)n2nc(N)nc2nc1C1CC1	1.0	1	1.0	0.159	0.922
28	CCCCc1nc2nc(N)nn2c(O)c1Cc1cccc(Cl)c1F	1.0	1	0.999	0.207	0.912
28	CC(C)c1nc2nc(N)nn2c(O)c1Cc1cccc(Cl)c1Cl	1.0	1	1.0	0.151	0.909
28	O=C(c1cnccc1)c1cc(Cl)ccc1NS(=O)(=O)c1ccc(Br)cc1	1.0	0	0.95	0.079	0.981
28	O=S(=O)(Nc1cc(Cl)c(Cl)cc1Cn1ccnn1)c1cccc(C(F)(F)F)c1	1.0	1	0.991	0.153	0.945
28	O=C(O)c1c(Oc2ccc(Cl)cc2NS(=O)(=O)c2ccc(Cl)cc2)cccc1	1.0	0	0.975	0.086	0.984
28	CCCc1nc2nc(N)nn2c(O)c1Cc1ccc(Cl)cc1Cl	1.0	1	1.0	0.187	0.923
28	O=C(Nc1ccc(S(=O)(=O)Nc2ccccc2)c2ccccc12)c1cccs1	1.0	0	0.685	0.063	0.983
28	COc1cccc2c1c(NS(=O)(=O)c1ccc(Cl)s1)nn2Cc1cccc(CO)c1	1.0	0	0.922	0.086	0.95
28	Nc1nn2c(O)c(Cc3cccc(F)c3F)c(C3CC3)nc2n1	1.0	1	1.0	0.169	0.898
28	O=C(O)c1ccc(Oc2ccc(C(=O)c3cc(Cl)cc(Cl)c3)cc2)cc1	1.0	0	0.767	0.051	0.986
28	Cc1cc(Oc2c(C(=O)O)cccc2)ccc1	1.0	0	0.914	0.05	0.993
28	CC(C)c1nc(N2CCOCC2)ccc1NS(=O)(=O)c1ccc(N2C(=O)c3ccccc3C2=O)cc1	1.0	0	0.005	0.005	0.948
28	Oc1cc(CSc2ccc(F)c(F)c2)nc2nc(C3CCOCC3)ncc12	1.0	0	0.722	0.047	0.899
28	O=S(=O)(Nc1cccc(Cl)c1C(F)(Cl)F)c1ccccc1	1.0	0	0.967	0.08	0.973
28	O=S(=O)(Nc1cc(Cl)c(Cl)cc1Cn1cncn1)c1ccc(Cl)c(Cl)c1	1.0	0	0.992	0.095	0.959
28	CCCc1nc(NCc2ccc(Cl)cc2)c2ccccc2n1)S(	0.0	0	0.0	0.0	0.0
28	COc1nc(F)cnc1NS(=O)(=O)c1cccc(Cl)c1Cl	1.0	1	0.953	0.109	0.948
28	Cc1cc(Oc2c(C(=O)O)cccc2)ccc1	1.0	0	0.914	0.05	0.993
28	Cc1cccc(S(=O)(=O)Nc2cc(Cl)ccc2C(=O)c2ccncc2)cc1	0.0	0	0.0	0.0	0.0
28	COc1cc(C(=O)NCCc2ccc(F)cc2)ccc1NC(C)=O	1.0	0	0.778	0.066	0.99
29	O=C(c1cnccc1)c1ccccc1	1.0	0	0.912	0.035	0.993
29	COc1c(NS(=O)(=O)c2ccc(Cl)s2)nc(Cl)cc1	1.0	0	0.975	0.078	0.963
29	Cc1cc(Oc2c(Cl)cc(Cl)cc2NS(=O)(=O)c2ccc(Cl)c(Cl)c2)ccc1	1.0	1	0.98	0.108	0.975
29	COc1nc(Br)cnc1NS(=O)(=O)c1cccc(Cl)c1	1.0	0	0.944	0.083	0.963
29	O=c1ccc(-c2cc(F)c(Cl)cc2)nc1N1	0.0	0	0.0	0.0	0.0
29	Cn1nnnc1Cc1ccc(Cl)cc1NS(=O)(=O)c1cccc(C(=O)O)c1	1.0	1	0.973	0.115	0.962
29	O=S(=O)(Nc1cc(Cl)ccc1Cn1cccn1)c1ccccc1C	1.0	1	0.988	0.104	0.976
29	COc1ccc(N2C(=O)c3c(C(=O)O)c(C(C)C)ccc3C2=O)cc1	1.0	0	0.858	0.052	0.971
29	O=S(=O)(Nc1cc(Cl)ccc1Cn1ccnn1)c1ccccc1	1.0	0	0.986	0.097	0.973
29	COc1ccc(S(=O)(=O)Nc2ccc(Cl)cc2C(=O)c2ncncc2)cc1	1.0	0	0.939	0.083	0.975
29	CC(=O)C1=C(O)C(=O)N(c2ccc(F)cc2)C1c1cc(Cl)cs1	1.0	0	1.0	0.093	0.87
29	Cn1nnnc1Cc1ncc(Cl)cc1NS(=O)(=O)c1ccc(Cl)cc1	1.0	1	0.986	0.115	0.948
29	CC(C)(C)c1ccc(S(=O)(=O)Nc2cc(F)ccc2C(=O)c2ccncc2)cc1	1.0	0	0.95	0.098	0.976
29	CCCCc1nc2nc(N)nn2c(O)c1Cc1ccc(Cl)cc1	1.0	1	1.0	0.198	0.942
29	CCCCCc1nc2nc(N)nn2c(O)c1Cc1ccc(Cl)cc1	1.0	1	0.999	0.155	0.943
29	COc1ccc(NS(=O)(=O)c2ccc(N(C)C)cc2)cc1	1.0	0	0.942	0.098	0.991
29	CCc1nn2cc(Cl)ccc2c1O	1.0	0	0.824	0.039	0.925
29	COc1c(Cl)cccc1NS(=O)(=O)c1ccc(N2CCOCC2)cc1	1.0	0	0.872	0.093	0.98
29	CC(=O)C1=C(O)C(=O)N(c2cc(F)ccc2F)C1C1CCCCC1	1.0	0	1.0	0.099	0.895
29	CC(C)c1nc2nc(N)nn2c(O)c1Cc1cc(Cl)cc(Cl)c1	1.0	1	1.0	0.149	0.908
29	O=C(Nc1ccc(Cl)c(C(=O)c2ccc(F)cc2)c1)c1ccccc1	1.0	0	0.852	0.068	0.991
29	COc1nc(Cl)cnc1NS(=O)(=O)c1cc(Cl)c(Cl)s1	1.0	1	0.964	0.102	0.908
29	O=C(c1cnccc1)c1cc(Cl)ccc1NS(=O)(=O)c1ccccc1	1.0	0	0.957	0.076	0.984
29	N#Cc1ccccc1Oc1c(F)cccc1F	1.0	0	0.94	0.056	0.983
29	CC(=O)C1=C(O)C(=O)N(c2ccc(C)cc2)C1c1cc(Br)cc(C)c1	1.0	1	0.999	0.119	0.927
29	Nc1nn2c(O)c(Cc3ccc(F)cc3)c(C3CC3)nc2n1	1.0	1	1.0	0.16	0.929
29	COc1nc(Cl)cnc1NS(=O)(=O)c1cccc(C(F)(F)F)c1Cl	1.0	1	0.948	0.114	0.934
29	Cc1ccc(S(=O)(=O)Nc2ccc(Cl)cc2C(=O)c2nccn2C)cc1	1.0	0	0.957	0.083	0.973
29	Nc1nn2c(O)c(Cc3ccc(Cl)cc3)c(C3CC3)nc2n1	1.0	1	1.0	0.158	0.93
29	CNC(=O)c1c(C(N)=O)ccc(-c2cc(Cl)ccc2)c1Oc1cccc(C)c1	1.0	0	0.977	0.07	0.969
29	COc1ccc(NS(=O)(=O)c2ccc(NS(=O)(=O)c3cc(C)ccc3)cc2)cc1	1.0	0	0.774	0.062	0.986
29	CS(=O)(=O)c1cc(NS(=O)(=O)c2ccc(Cl)cc2)ccc1	1.0	0	0.893	0.067	0.989
29	CC(=O)NCc1cc(Cn2nc(NS(=O)(=O)c3ccc(Cl)s3)c3c(C(C)O)cccc32)ccc1	1.0	0	0.857	0.098	0.844
29	COc1cc2c(cc1NS(=O)(=O)c1c(Cl)c(Cl)ccc1)nc(O)n12	0.0	0	0.0	0.0	0.0
29	Cc1cc(Oc2c(Cl)cc(Cl)cc2NS(=O)(=O)c2ccc(Cl)c(Cl)c2)ccc1	1.0	1	0.98	0.108	0.975
29	O=S(=O)(Nc1cc(Cl)ccc1Cn1ccnn1)c1c(Cl)cccc1Cl	1.0	1	0.984	0.123	0.955
29	O=C(NCCNC(=O)c1cccc(Cl)c1)c1ccccc1Cl	1.0	0	0.796	0.049	0.991
29	O=C(NCCn1cc(C(F)(F)F)ccc1Nc1ccccc1)c1ccccc1	0.0	0	0.0	0.0	0.0
29	CC(=O)C1=C(O)C(=O)N(c2ccc(C)cc2)C1c1cccc(Cl)c1	1.0	0	1.0	0.093	0.953
29	O=C(Nc1ccc(S(=O)(=O)NC2CCNCC2)cc1)C1CC1	1.0	0	0.792	0.049	0.98
29	O=C(O)c1ccnc(Oc2ncc(Cl)c(Cl)c2)c1	1.0	0	0.966	0.059	0.961
29	O=S(=O)(Nc1cc(Cl)ccc1Cn1ccnn1)c1cc(Cl)c(Cl)cc1N	1.0	1	0.982	0.113	0.942
29	CC(=O)C1=C(O)C(=O)N(c2ccc(C)cc2)C1c1ccc(Br)cc1	1.0	0	0.999	0.089	0.953
29	O=C(Nc1ccc(Oc2ccccc2)cc1)NO	1.0	0	0.911	0.065	0.99
29	O=S(=O)(Nc1cc(F)ccc1Cn1ccnn1)c1ccc(Cl)c(Cl)c1	1.0	0	0.99	0.095	0.962
29	CCOc1cnc(NS(=O)(=O)c2ccc(Cl)cc2)cc1	1.0	0	0.926	0.088	0.986
29	COc1ccc(S(=O)(=O)Nc2cc(Cl)ccc2C(=O)c2ccncc2)cc1	1.0	0	0.956	0.089	0.982
29	CC(C)(C)c1ccc(S(=O)(=O)Nc2ccc(Cl)cc2-c2c(N)cccn2)cc1	1.0	0	0.942	0.084	0.969
29	O=C(c1cccnc1)c1cc(F)ccc1NS(=O)(=O)c1ccc(C(F)(F)F)cc1	1.0	0	0.954	0.066	0.975
29	COc1nc(Br)cnc1NS(=O)(=O)c1cc(C(C)(C)C)ccc1	1.0	0	0.914	0.096	0.957
29	CCCCCc1nc2nc(N)nn2c(O)c1Cc1ccc(Cl)cc1Cl	1.0	1	0.999	0.174	0.926
29	O=S(=O)(Nc1cc(F)ccc1Cn1ccnn1)c1ccccc1C	1.0	1	0.985	0.122	0.966
29	Fc1c(Cl)ccc(NS(=O)(=O)c2ccc(Cl)cc2)c1O	1.0	0	0.95	0.083	0.98
29	CC(=O)C1=C(O)C(=O)N(c2ccc(C)cc2)C1c1cc(Cl)ccc1	1.0	0	1.0	0.093	0.953
29	Cc1cc(NS(=O)(=O)c2ccc(C(=O)Nc3ccccc3F)cc2)ccc1	1.0	0	0.644	0.05	0.989
29	CCCCCc1nc2nc(N)nn2c(O)c1Cc1ccc(Cl)cc1	1.0	1	0.999	0.155	0.943
29	CC(C)(C)c1ccc(S(=O)(=O)Nc2ccc(Cl)cc2-c2c(CCN)cccn2)cc1	1.0	0	0.906	0.088	0.964
29	CC(C)c1nc2nc(N)nn2c(O)c1Cc1cccc(Cl)c1Cl	1.0	1	1.0	0.151	0.909
29	COc1ccc(NS(=O)(=O)c2ccc(NC(C)=O)cc2)cc1	1.0	0	0.907	0.076	0.992
29	CCc1nccn1CCc1ccc(Cl)cc1NS(=O)(=O)c1ccc(Cl)c(Cl)c1	1.0	0	0.961	0.093	0.962
29	CCCCCc1nc2nc(N)nn2c(O)c1Cc1cccc(Cl)c1	1.0	1	0.999	0.166	0.937
29	CC(=O)c1ccc(S(=O)(=O)Nc2ccc(Cl)cc2C(=O)c2c(N)n[nH]c2)s1	1.0	0	0.922	0.058	0.904
29	CC(C)(C)c1ccc(S(=O)(=O)Nc2ccc(Cl)cc2-c2cc(O)c(O)c(F)c2)cc1	1.0	0	0.962	0.081	0.963
29	O=S(=O)(Nc1cc(Cl)ccc1Cn1ccnn1)c1csc(Cl)c1	1.0	0	0.987	0.097	0.924
29	Cc1ccc(N2C(=O)C(O)=C(C(=O)C3CC3)C2C2=CCCCC2)cc1	1.0	1	1.0	0.104	0.87
29	Cc1cc(N2C(=O)c3c(C2=O)c(NS(=O)(=O)c2ccc(C(C)(C)C)cc2)c(Cl)cc23)ccn1	0.0	0	0.0	0.0	0.0
29	COc1ncc(NS(=O)(=O)c2ccc(C(C)(C)C)cc2)nc1	1.0	0	0.944	0.056	0.973
29	CC(C)(C)c1ccc(S(=O)(=O)Nc2ccc(Cl)cc2-c2c(O)cncn2)cc1	1.0	0	0.934	0.092	0.958
29	Cc1nnnn1Cc1ccc(Cl)cc1NS(=O)(=O)c1ccc(Cl)c(Cl)c1	1.0	1	0.983	0.102	0.962
29	CC(=O)C1=C(O)C(=O)N(c2cc(F)ccc2)C1C1CCCCC1	1.0	0	0.999	0.09	0.917
29	COc1cc(Oc2cc(C)cc(NS(=O)(=O)c3cccc(C(C)(C)C)c3)c2)ccn1	1.0	0	0.842	0.069	0.964
29	CN(C)C(=O)CCc1ccc(N2C(=O)c3ccccc3C2=O)cc1	1.0	0	0.917	0.093	0.985
29	O=C(c1ncccn1)c1cc(Cl)ccc1NS(=O)(=O)c1ccc(C(F)(F)F)cc1	1.0	1	0.944	0.103	0.965
29	CC(=O)C1=C(O)C(=O)N(c2ccc(Br)cc2)C1c1ccccc1	1.0	0	0.999	0.085	0.957
29	N#Cc1ccccn1	1.0	0	0.606	0.023	0.98
29	COc1ccc(NS(=O)(=O)c2ccc3c(c2)Cc2c(S(=O)(=O)ccc4ccccc4)c(c2)Nc2ncccc2Cl)ccc1	0.0	0	0.0	0.0	0.0
29	CCc1ccc(S(=O)(=O)Nc2ccc(Cl)cc2C(=O)c2cnc(C)cn2)cc1	1.0	0	0.93	0.078	0.971
29	O=S(=O)(Nc1cc(Cl)ccc1Cn1ccnn1)c1csc(Cl)c1	1.0	0	0.987	0.097	0.924
29	CCNc1c(-c2cc(Cl)ccc2NS(=O)(=O)c2ccc(Cl)cc2)cccc1	1.0	0	0.97	0.082	0.98
29	O=S(=O)(Nc1cc(Cl)c(Cl)cc1Cn1ccnn1)c1cccc(C(F)(F)F)c1	1.0	1	0.991	0.153	0.945
29	COc1ccc(C(=O)c2cccc(C(=O)c3ccccc3)c2)cc1	1.0	0	0.86	0.056	0.992
29	CC(=O)C1=C(O)C(=O)N(c2cc(F)c(C)cc2F)C1C1CCCCC1	1.0	1	1.0	0.103	0.868
29	O=C(O)c1ccccc1Oc1ccc(Cl)cc1NS(=O)(=O)c1ccc(Cl)cc1	1.0	0	0.975	0.086	0.984
29	O=C(c1cccnc1)c1cc(Cl)ccc1NS(=O)(=O)c1ccccc1	1.0	0	0.957	0.076	0.984
29	COc1nc(Br)cnc1NS(=O)(=O)c1ccc(Cl)cc1	1.0	0	0.949	0.099	0.968
29	COc1ccccc1C(=O)Nc1cc(Cl)ccc1C(=O)O	1.0	0	0.832	0.058	0.992
29	CC(C)NS(=O)(=O)c1ccc(CNC(=O)c2cccc3c2cnn3-c2ccc(Cl)cc2)cc1	1.0	0	0.614	0.045	0.972
29	COc1nc(Cl)cnc1NS(=O)(=O)c1cccc(C(F)(F)F)c1Cl	1.0	1	0.948	0.114	0.934
29	Cc1cc(N2C(=O)c3c(c(F)c(F)c(F)c3-c3ccco3)C2=O)ccc1	1.0	1	0.902	0.138	0.943
29	COc1cc(Oc2ccc(F)cc2NS(=O)(=O)c2ccc(Cl)cc2)ccc1	1.0	1	0.98	0.119	0.986
29	CC(C)(C)c1ccc(S(=O)(=O)Nc2ccc(Cl)cc2C(=O)c2nccn2C2CCCCCl)cc2c1	0.0	0	0.0	0.0	0.0
29	CCCCCc1nc2nc(N)nn2c(O)c1Cc1cccc(Cl)c1	1.0	1	0.999	0.166	0.937
29	O=S(=O)(Nc1cc(Cl)c(Cl)cc1Cn1ccnn1)c1ccc(Cl)s1s	0.0	0	0.0	0.0	0.0
29	Cc1ccc(S(=O)(=O)NCc2ccc(C(=O)N3CCC3)cc2)cc1	1.0	0	0.773	0.052	0.99
29	O=S(=O)(Nc1cc(Cl)c(Cl)cc1Cn1ccnn1)c1ccccc1	1.0	0	0.986	0.098	0.963
29	COc1ccc2c(c1OC)NC(=O)C(Cc1cccc(Cl)c1)O2	1.0	0	0.966	0.085	0.896
29	O=C(c1cccnc1)c1cc(Cl)ccc1NS(=O)(=O)c1ccc(Cl)cc1	1.0	0	0.961	0.08	0.983
29	COc1c(NS(=O)(=O)c2ccc(Cl)s2)nccc1	1.0	0	0.971	0.077	0.971
29	CC(=O)c1ccc(Oc2ccc(C#N)cc2)cc1	1.0	0	0.927	0.055	0.991
29	O=S(=O)(Nc1cc(Cl)c(Cl)cc1Cn1ccnn1)c1cccc(C(F)(F)F)c1	1.0	1	0.991	0.153	0.945
30	Nc1nn2c(O)c(Cc3cccc(Cl)c3)c(C3CC3)nc2n1	1.0	1	1.0	0.161	0.922
30	Cc1ccc(S(=O)(=O)NO)cc1NS(=O)(=O)c1ccc(C(F)(F)F)cc1	1.0	0	0.85	0.084	0.971
30	Cc1ncccc1Oc1ncc(Cl)cc1NS(=O)(=O)c1ccc(Cl)c(Cl)c1	1.0	1	0.982	0.115	0.964
30	COCCNS(=O)(=O)c1ccc(CNC(=O)c2ccc3c(c2)oc2ccccc23)cc1	1.0	0	0.625	0.049	0.977
30	N#Cc1cc(NS(=O)(=O)c2ccc(S(=O)(=O)c3ccccc3)cc2)ccc1	1.0	0	0.722	0.076	0.983
30	CC(=O)C1=C(O)C(=O)N(c2ccc(C)cc2)C1c1ccc(Cl)c(Cl)c1	1.0	0	1.0	0.093	0.947
30	COc1c(C)cnc(NS(=O)(=O)c2ccc(Cl)cc2)c1	1.0	0	0.914	0.07	0.981
30	COc1ccc(S(=O)(=O)NCc2ccc(C(=O)OC(C)(C)C)cc2)cc1	1.0	0	0.766	0.039	0.987
30	COc1cccc(C(=O)Nc2cccc(S(=O)(=O)NC3CCC3)c2)c1	1.0	0	0.784	0.042	0.987
30	CC(=O)c1c(C)oc2c1cc(NS(=O)(=O)c1ccccc1)c1ccccc12	1.0	1	0.909	0.134	0.973
30	Cc1ccc(N2C(=O)C3C(C2=O)S3C(=O)c2ccccc2)cc1	1.0	0	0.005	0.005	0.672
30	COc1c(NS(=O)(=O)c2ccc(C(F)(F)F)cc2)cccc1	1.0	0	0.929	0.092	0.989
30	O=C(c1ncccn1)c1cc(Cl)ccc1NS(=O)(=O)c1ccc(I)cc1	1.0	0	0.943	0.088	0.965
30	COc1c(C)cnc(NS(=O)(=O)c2ccc(Cl)cc2)c1	1.0	0	0.914	0.07	0.981
30	O=S(=O)(Nc1cc(F)ccc1NS(=O)(=O)c1ccc(Cl)cc1)c1ccc(Cl)s1	1.0	0	0.975	0.098	0.973
30	Cc1ccc(S(=O)(=O)Nc2ccc(Cl)cc2C(=O)N(C)c2ccncc2)cc1	1.0	1	0.974	0.103	0.976
30	O=C(O)c1c(Oc2nccnc2NS(=O)(=O)c2ccc(Cl)cc2)cccc1	1.0	1	0.887	0.103	0.974
30	COc1ccc(S(=O)(=O)Nc2cc(Cl)ccc2C(=O)c2ccncc2)cc1	1.0	0	0.956	0.089	0.982
30	Cc1ncc(NC(=O)c2cc(Cl)ccc2NS(=O)(=O)c2ccc(-c3c(C)cccc3)cc2)cc1	1.0	0	0.838	0.081	0.977
30	O=C(c1ccccc1)c1cc(Cl)ccc1NS(=O)(=O)c1ccc(F)cc1	1.0	1	0.974	0.108	0.988
30	COc1ccc(S(=O)(=O)Nc2ccc(Cl)cc2C(=O)Nc2ccccc2)cc1	1.0	0	0.968	0.087	0.989
30	COc1ccc(S(=O)(=O)Nc2cc(F)ccc2C(=O)c2ccncc2)cc1	1.0	0	0.956	0.094	0.982
30	Nc1nn2c(O)c(Cc3cccc(Cl)c3)c(C3CC3)nc2n1	1.0	1	1.0	0.161	0.922
30	COCCCc1ncc(Cc2cc(Cl)ccc2NS(=O)(=O)c2ccc(Cl)cc2)cc1	1.0	1	0.966	0.138	0.97
30	O=S(=O)(Nc1cc(Cl)ccc1Cn1ccnn1)c1cccc(OCc2ccccc2Cl)c1	1.0	1	0.964	0.126	0.959
30	O=S(=O)(Nc1c(Cl)cccc1)c1ccccc1	1.0	0	0.957	0.069	0.994
30	Cc1nc(-c2ccc(Cl)cc2)c(Oc2ccc(Cl)cc2NS(=O)(=O)c2ccc(C(C)(C)C)cc2)cc1	1.0	0	0.005	0.005	0.964
30	O=C(c1ccccc1)c1cc(Cl)ccc1NS(=O)(=O)c1ccc(Cl)cc1	1.0	1	0.974	0.107	0.988
30	O=S(=O)(Nc1cc(Cl)ccc1Cn1ccnn1)c1csc2c1cccn2[O-]	0.0	0	0.0	0.0	0.0
30	C#CCCc1nc2nc(N)nn2c(O)c1Cc1ccc(Cl)cc1	1.0	1	0.999	0.188	0.889
30	Cn1ncc2c1nccc2NS(=O)(=O)c1c(Cl)c(Cl)cs1	1.0	0	0.951	0.071	0.896
30	Cc1nc2nc(N)nn2c(O)c1Cc1cccc(Cl)c1	1.0	1	1.0	0.145	0.95
30	CC(=O)C1=C(O)C(=O)N(c2ccc(C)cc2)C1c1ccc(C)cc1	1.0	0	1.0	0.096	0.959
30	CC(C)(C)c1ccc(S(=O)(=O)Nc2c(F)cccc2C(=O)c2ccncc2)cc1	1.0	0	0.945	0.098	0.971
30	O=C(NCCN1CCCC1)c1ccccc1Oc1ccc(Cl)cc1	1.0	0	0.904	0.056	0.989
30	CC(=O)C1=C(O)C(=O)N(c2ccc(C)cc2)C1c1ccc(C)cc1	1.0	0	1.0	0.096	0.959
30	COc1ccc(S(=O)(=O)Nc2ccc(Cl)cc2C(=O)Nc2ccccc2)cc1	1.0	0	0.968	0.087	0.989
30	COc1ccc(C2C(C(=O)c3ccco3)=C(O)C(=O)N2c2ccc(F)cc2F)cc1	1.0	1	0.994	0.149	0.92
30	Cc1ccc(C(=O)c2ccccc2)cc1Cc1ccc(S(=O)(=O)N2CCCCC2)cc1	1.0	0	0.69	0.061	0.982
30	CC(C)(C)c1ccc(S(=O)(=O)Nc2ccc(Cl)cc2C(=O)Nc2ccccc2)cc1	1.0	0	0.963	0.089	0.985
30	Cc1ncc(N2C(=O)c3ccc(Cl)cc3C2=O)cc1Br	1.0	0	0.937	0.081	0.967
30	COc1c(C(=O)CCc2ccccc2NS(=O)(=O)c2ccc(C(C)(C)C)cc2)cccc1	1.0	0	0.888	0.084	0.978
30	CC(=O)C1=C(O)C(=O)N(c2cc(C)c(C)cc2)C1C1CCCCC1	1.0	0	0.999	0.094	0.916
30	CC(=O)C1=C(O)C(=O)N(c2ccc(C)cc2)C1c1ccc(C(F)(F)F)cc1	1.0	0	1.0	0.093	0.942
30	COc1c(Oc2ccc(Cl)cc2NS(=O)(=O)c2ccc(Cl)c(C(F)(F)F)c2)cc(Br)cc1	1.0	1	0.984	0.11	0.967
30	COc1ccc(C(=O)c2c(C(=O)O)cccc2NS(=O)(=O)c2ccc(C(C)(C)C)cc2)cc1	1.0	0	0.869	0.089	0.975
30	COc1ccc(S(=O)(=O)Nc2ccc(Cl)cc2C(=O)NCc2ccccc2)cc1	1.0	0	0.936	0.089	0.988
30	O=S(=O)(Nc1cc(C(F)(F)F)ccc1)C1CCCNC1C1	0.0	0	0.0	0.0	0.0
30	O=S(=O)(Nc1ccc(F)cc1)c1ccccc1	1.0	0	0.935	0.052	0.994
30	O=S(=O)(Nc1ccc(F)cc1)c1ccccc1	1.0	0	0.935	0.052	0.994
30	CC(=O)C1=C(O)C(=O)N(c2ccc(C)cc2)C1c1cc(C)ccc1	1.0	0	1.0	0.093	0.954
30	Cc1cc(Oc2ccc(O)cc2)ccc1Br	1.0	0	0.941	0.048	0.99
30	Cc1ccc(N2C(=O)C(O)=C(C(=O)c3ccc(C)cc3)C2C2CCCCC2)cc1	1.0	1	0.996	0.178	0.928
30	Cc1ccc(NS(=O)(=O)c2ccc(NC(=O)c3cc(Cl)ccc3)cc2)cc1	1.0	0	0.608	0.052	0.99
30	COc1ccc(S(=O)(=O)Nc2ccc(Cl)cc2C(=O)N2CCOCC2)cc1	1.0	1	0.986	0.144	0.983
30	Nc1nn2c(O)c(Cc3ccccc3Cl)c(-c3ccccc3)nc2n1	1.0	1	1.0	0.123	0.957
30	COc1cc2c(cc1NS(=O)(=O)c1c(Cl)c(Cl)ccc1)nc(O)[nH]2	1.0	0	0.969	0.093	0.947
30	O=C(O)c1c(Oc2c(Cl)cccc2NS(=O)(=O)c2ccc(Cl)cc2)cccc1	1.0	1	0.994	0.103	0.98
30	Cc1cc(Oc2ccc(F)cc2NS(=O)(=O)c2ccc(Cl)c(C(F)(F)F)c2)ccc1	1.0	1	0.99	0.141	0.974
30	CC(=O)C1=C(O)C(=O)N(c2ccc(C)cc2)C1c1cc(Br)cc(C)c1	1.0	1	0.999	0.119	0.927
30	COc1ccc(S(=O)(=O)Nc2ccc(Cl)cc2C(=O)N2CCOCC2)cc1	1.0	1	0.986	0.144	0.983
30	O=S(=O)(Nc1cc(Cl)ccc1Cn1ccnn1)c1ccc(Cl)s1	1.0	1	0.987	0.111	0.947
30	COc1c(NS(=O)(=O)c2ccc(Cl)cc2)cccc1	1.0	0	0.972	0.07	0.993
30	N#Cc1c(SSc2ncnc3[nH]cnc23)cccc1	1.0	0	0.947	0.063	0.867
30	O=C(c1c[n+]([O-])ccc1)c1cc(Cl)c(Cl)cc1NS(=O)(=O)c1ccc(Cl)cc1	1.0	0	0.953	0.065	0.955
30	COc1ccc(S(=O)(=O)Nc2ccc(Cl)cc2C(=O)c2ccncc2)cc1	1.0	0	0.949	0.092	0.983
30	CC(C)(C)c1ccc(S(=O)(=O)Nc2ccc(C(=O)O)cc2)cc1	1.0	0	0.856	0.054	0.989
30	Nc1nn2c(O)c(Cc3cccc(Cl)c3F)c(C3CC3)nc2n1	1.0	1	1.0	0.168	0.894
30	COc1ccc(S(=O)(=O)c2ccc(C(=O)O)cc2)cc1	1.0	0	0.803	0.052	0.992
30	Cc1cc(C(=O)c2cc(Cl)ccc2NS(=O)(=O)c2ccc(OC(C)C)cc2)ccc1	1.0	0	0.88	0.07	0.98
30	O=C(N=C(C(Cl)(Cl)Cl)[SH](=O)[O-])c1ccccc1	1.0	0	0.005	0.005	0.603
30	O=S(=O)(Nc1cc(Cl)c(Cl)cc1Cn1ccnn1)c1cccc(C(F)(F)F)c1	1.0	1	0.991	0.153	0.945
30	COc1nc(Br)cnc1NS(=O)(=O)c1cc(Cl)c(Cl)s1	1.0	0	0.956	0.094	0.898
30	O=C(Nc1ccccc1Oc1ccccc1)c1ccc(Cl)cc1Cl	1.0	0	0.978	0.081	0.991
30	O=S(=O)(NC1CCSCC1)c1ccc(F)cc1	1.0	0	0.951	0.041	0.976
30	O=C(NS(=O)(=O)c1ccc(F)cc1)c1ccccc1	1.0	0	0.909	0.049	0.993
30	O=S(=O)(Nc1ccc(F)cc1)c1ccccc1N	1.0	0	0.937	0.064	0.99
30	Cc1ccc(N2C(=O)C(O)=C(C(=O)c3ccc(F)cc3)C2C2CCCCC2)cc1	1.0	1	0.996	0.178	0.925
30	Oc1cc(CSc2ccc(F)cc2F)nc2nc(C3CCOCC3)nn12	1.0	0	0.931	0.055	0.897
30	O=S(=O)(Nc1ccc(F)cc1)c1ccccc1CO	1.0	0	0.937	0.065	0.989
30	O=S(=O)(Nc1ccc(F)cc1)c1ccccc1	1.0	0	0.935	0.052	0.994
30	CCOc1c(OC)cc(C=NNc2c([N+](=O)[O-])cc(C)cc2)cc1	1.0	0	0.836	0.055	0.979
30	CCc1cc(N2C(=O)c3c(C2=O)c(NS(=O)(=O)c2ccc(C(C)(C)C)cc2)c(Cl)cc3)ccc1	1.0	0	0.874	0.091	0.956
30	Cn1cc(C(=O)c2cc(Cl)ccc2NS(=O)(=O)c2ccc(Cl)cc2)ccc1	0.0	0	0.0	0.0	0.0
30	CC(C)(C)c1ccc(S(=O)(=O)Nc2cc(F)c(F)cc2C(=O)c2cnccc2)cc1	1.0	0	0.948	0.085	0.969
30	COc1ccc(S(=O)(=O)NCCc2ccccc2)cc1	1.0	0	0.929	0.06	0.993
30	CSc1cc(C(=O)c2cc(Cl)ccc2NS(=O)(=O)c2ccc(OC(C)C)cc2)ccc1	1.0	0	0.852	0.054	0.973
30	CC(=O)N1CCC(NS(=O)(=O)c2ccc(Cl)cc2)CC1	1.0	0	0.912	0.054	0.986
30	Nc1nn2c(O)c(Cc3cccc(Br)c3)c(C3CC3)nc2n1	1.0	1	1.0	0.149	0.913
30	O=C(NCCN1CCCC1)c1ccc(Oc2nccn3c2nc4ccc(Cl)cc3)cc1	0.0	0	0.0	0.0	0.0
30	O=C(O)c1ccccc1Oc1c(Cl)cccc1NS(=O)(=O)c1ccc(F)cc1	1.0	1	0.994	0.103	0.98
30	O=S(=O)(Nc1cc(Cl)ccc1Cc1ccc(Oc2ccccc2)cc1)	1.0	0	0.005	0.005	0.956
30	CCCc1nc2nc(N)nn2c(O)c1Cc1ccc(Br)cc1	1.0	1	1.0	0.167	0.934
30	CS(=O)(=O)c1cc(NS(=O)(=O)c2c(Cl)c(Cl)ccc2)c(Oc2cncc(Cl)c2)cc1	1.0	1	0.942	0.12	0.957
30	COc1cccc(S(=O)(=O)Nc2ccc(C(=O)O)cc2)cc1	0.0	0	0.0	0.0	0.0
30	Nc1nn2c(O)c(Cc3ccccc3Cl)c(C3CC3)nc2n1	1.0	1	1.0	0.158	0.921
30	COc1c(NS(=O)(=O)c2cc(Cl)c(Cl)s2)c(F)ccc1	1.0	0	0.979	0.086	0.956
30	COc1c(S(=O)(=O)NC(Cc2ccccc2)C(=O)C(=O)NCc2cccnc2)c(N)ccc1	1.0	0	0.623	0.063	0.909
30	COc1cc2c(cc1NS(=O)(=O)c1c(Cl)c(Cl)ccc1)nc(O)n2CCN(C)C	1.0	1	0.938	0.104	0.935
30	CC(C)(C)c1ccc(S(=O)(=O)Nc2ccc(Cl)cc2-c2c(Cc(=O)[nH]c3ccccc3)ccc2	0.0	0	0.0	0.0	0.0
