Activity_ID	Quality	source	CID	SMILES	InChIKey	InChI	InChI_AuxInfo	target_id	TID	accession	Protein_Type	AID	doc_id	Year	all_doc_ids	all_years	type_IC50	type_EC50	type_KD	type_Ki	type_other	Activity_class	relation	pchembl_value	pchembl_value_Mean	pchembl_value_StdDev	pchembl_value_SEM	pchembl_value_N	pchembl_value_Median	pchembl_value_MAD	QSPRID	IsAllosteric
InChI=1S/C9H6Br2ClN3O3S2/c1-18-8-7(13-3-5(11)14-8)15-20(16,17)9-4(10)2-6(12)19-9/h2-3H,1H3,(H,13,15)_on_P51679_WT	High	ChEMBL31	ChEMBL31.compound.376582	COc1nc(Br)cnc1NS(=O)(=O)c1c(Br)cc(Cl)s1	PMRJJABSLGLKAO-UHFFFAOYSA-N	InChI=1S/C9H6Br2ClN3O3S2/c1-18-8-7(13-3-5(11)14-8)15-20(16,17)9-4(10)2-6(12)19-9/h2-3H,1H3,(H,13,15)	"""AuxInfo=1/1/N:1,17,7,15,5,18,9,3,14,16,6,19,8,4,10,12,13,2,20,11/E:(16,17)/CRV:20.6/rA:20COCNCBrCNCNSOOCCBrCCClS/rB:s1;s2;d3;s4;s5;d5;s7;s3d8;s9;s10;d11;d11;s11;d14;s15;s15;d17;s18;s14s18;/rC:;;;;;;;;;;;;;;;;;;;;"""	P51679_WT	ChEMBL:CHEMBL2414	P51679	WT	CHEMBL4134307	PMID:28947948	2017.0	PMID:28947948	2017	1	0	0	0	0		=	  7.400	7.4	0.0	0.0	1.0	7.4	0.0	CCRs_HUMAN_annotated_00002	True
InChI=1S/C9H6BrCl2N3O3S2/c1-18-9-8(13-3-5(10)14-9)15-20(16,17)6-2-4(11)7(12)19-6/h2-3H,1H3,(H,13,15)_on_P51679_WT	High	ChEMBL31	ChEMBL31.compound.376581	COc1nc(Br)cnc1NS(=O)(=O)c1cc(Cl)c(Cl)s1	MBHNBKSHMAGKFF-UHFFFAOYSA-N	InChI=1S/C9H6BrCl2N3O3S2/c1-18-9-8(13-3-5(10)14-9)15-20(16,17)6-2-4(11)7(12)19-6/h2-3H,1H3,(H,13,15)	"""AuxInfo=1/1/N:1,15,7,16,5,14,18,9,3,6,17,19,8,4,10,12,13,2,20,11/E:(16,17)/CRV:20.6/rA:20COCNCBrCNCNSOOCCCClCClS/rB:s1;s2;d3;s4;s5;d5;s7;s3d8;s9;s10;d11;d11;s11;d14;s15;s16;d16;s18;s14s18;/rC:;;;;;;;;;;;;;;;;;;;;"""	P51679_WT	ChEMBL:CHEMBL2414	P51679	WT	CHEMBL4134307	PMID:28947948	2017.0	PMID:28947948	2017	1	0	0	0	0		=	  6.000	6.0	0.0	0.0	1.0	6.0	0.0	CCRs_HUMAN_annotated_00003	True
InChI=1S/C9H6Cl3N3O3S2/c1-18-8-7(13-2-5(11)14-8)15-20(16,17)9-6(12)4(10)3-19-9/h2-3H,1H3,(H,13,15)_on_P51679_WT	High	ChEMBL31	ChEMBL31.compound.376595	COc1nc(Cl)cnc1NS(=O)(=O)c1c(Cl)c(Cl)cs1	ILKFPLMQNNVMMZ-UHFFFAOYSA-N	InChI=1S/C9H6Cl3N3O3S2/c1-18-8-7(13-2-5(11)14-8)15-20(16,17)9-6(12)4(10)3-19-9/h2-3H,1H3,(H,13,15)	"""AuxInfo=1/1/N:1,7,19,17,5,15,9,3,14,18,6,16,8,4,10,12,13,2,20,11/E:(16,17)/CRV:20.6/rA:20COCNCClCNCNSOOCCClCClCS/rB:s1;s2;d3;s4;s5;d5;s7;s3d8;s9;s10;d11;d11;s11;d14;s15;s15;s17;d17;s14s19;/rC:;;;;;;;;;;;;;;;;;;;;"""	P51679_WT	ChEMBL:CHEMBL2414	P51679	WT	CHEMBL4134307	PMID:28947948	2017.0	PMID:28947948	2017	1	0	0	0	0		=	  8.100	8.1	0.0	0.0	1.0	8.1	0.0	CCRs_HUMAN_annotated_00004	True
InChI=1S/C9H6Cl3N3O3S2/c1-18-9-8(13-6(11)7(12)14-9)15-20(16,17)5-3-2-4(10)19-5/h2-3H,1H3,(H,13,15)_on_P51681_WT	Medium	ChEMBL31	ChEMBL31.compound.740461	COc1c(NS(=O)(=O)c2ccc(Cl)s2)nc(Cl)c(Cl)n1	OUZKJGOSIGMDHS-UHFFFAOYSA-N	InChI=1S/C9H6Cl3N3O3S2/c1-18-9-8(13-6(11)7(12)14-9)15-20(16,17)5-3-2-4(10)19-5/h2-3H,1H3,(H,13,15)	"""AuxInfo=1/1/N:1,11,10,12,9,16,18,4,3,13,17,19,15,20,5,7,8,2,14,6/E:(16,17)/CRV:20.6/rA:20COCCNSOOCCCCClSNCClCClN/rB:s1;s2;d3;s4;s5;d6;d6;s6;d9;s10;d11;s12;s9s12;s4;d15;s16;s16;s18;s3d18;/rC:;;;;;;;;;;;;;;;;;;;;"""	P51681_WT	ChEMBL:CHEMBL274;ChEMBL:CHEMBL274	P51681	WT	CHEMBL2015361;CHEMBL2015428	PMID:21765967	2011.0	PMID:21765967	2011	0	0	1	0	0		=	  4.970;  4.760	4.865	0.105	0.105	2.0	4.865	0.105	CCRs_HUMAN_annotated_00005	True
InChI=1S/C9H7BrClN3O2S3/c1-17-9-8(12-4-5(10)13-9)14-19(15,16)7-3-2-6(11)18-7/h2-4H,1H3,(H,12,14)_on_P51679_WT	High	ChEMBL31	ChEMBL31.compound.376604	CSc1nc(Br)cnc1NS(=O)(=O)c1ccc(Cl)s1	OQEHCPBRUSXBPF-UHFFFAOYSA-N	InChI=1S/C9H7BrClN3O2S3/c1-17-9-8(12-4-5(10)13-9)14-19(15,16)7-3-2-6(11)18-7/h2-4H,1H3,(H,12,14)	"""AuxInfo=1/1/N:1,16,15,7,5,17,14,9,3,6,18,8,4,10,12,13,2,19,11/E:(15,16)/CRV:19.6/rA:19CSCNCBrCNCNSOOCCCCClS/rB:s1;s2;d3;s4;s5;d5;s7;s3d8;s9;s10;d11;d11;s11;d14;s15;d16;s17;s14s17;/rC:;;;;;;;;;;;;;;;;;;;"""	P51679_WT	ChEMBL:CHEMBL2414	P51679	WT	CHEMBL4134307	PMID:28947948	2017.0	PMID:28947948	2017	1	0	0	0	0		=	  5.500	5.5	0.0	0.0	1.0	5.5	0.0	CCRs_HUMAN_annotated_00006	True
InChI=1S/C9H7BrClN3O3S2/c1-17-9-8(12-4-5(10)13-9)14-19(15,16)7-3-2-6(11)18-7/h2-4H,1H3,(H,12,14)_on_P51679_WT	High	ChEMBL31	ChEMBL31.compound.376578	COc1c(NS(=O)(=O)c2ccc(Cl)s2)ncc(Br)n1	TZYSLHTWOJFPSJ-UHFFFAOYSA-N	InChI=1S/C9H7BrClN3O3S2/c1-17-9-8(12-4-5(10)13-9)14-19(15,16)7-3-2-6(11)18-7/h2-4H,1H3,(H,12,14)	"""AuxInfo=1/1/N:1,11,10,16,17,12,9,4,3,18,13,15,19,5,7,8,2,14,6/E:(15,16)/CRV:19.6/rA:19COCCNSOOCCCCClSNCCBrN/rB:s1;s2;d3;s4;s5;d6;d6;s6;d9;s10;d11;s12;s9s12;s4;d15;s16;s17;s3d17;/rC:;;;;;;;;;;;;;;;;;;;"""	P51679_WT	ChEMBL:CHEMBL2414;ChEMBL:CHEMBL2414	P51679	WT	CHEMBL4134315;CHEMBL4134307	PMID:28947948	2017.0	PMID:28947948	2017	1	0	0	0	0		=	  6.700;  7.200	6.95	0.25	0.25	2.0	6.95	0.25	CCRs_HUMAN_annotated_00007	True
InChI=1S/C9H7BrClN3O3S2/c1-17-9-8(12-4-5(10)13-9)14-19(15,16)7-3-2-6(11)18-7/h2-4H,1H3,(H,12,14)_on_P51681_WT	Medium	ChEMBL31	ChEMBL31.compound.376578	COc1c(NS(=O)(=O)c2ccc(Cl)s2)ncc(Br)n1	TZYSLHTWOJFPSJ-UHFFFAOYSA-N	InChI=1S/C9H7BrClN3O3S2/c1-17-9-8(12-4-5(10)13-9)14-19(15,16)7-3-2-6(11)18-7/h2-4H,1H3,(H,12,14)	"""AuxInfo=1/1/N:1,11,10,16,17,12,9,4,3,18,13,15,19,5,7,8,2,14,6/E:(15,16)/CRV:19.6/rA:19COCCNSOOCCCCClSNCCBrN/rB:s1;s2;d3;s4;s5;d6;d6;s6;d9;s10;d11;s12;s9s12;s4;d15;s16;s17;s3d17;/rC:;;;;;;;;;;;;;;;;;;;"""	P51681_WT	ChEMBL:CHEMBL274;ChEMBL:CHEMBL274	P51681	WT	CHEMBL2015428;CHEMBL2015361	PMID:21765967	2011.0	PMID:21765967	2011	0	0	1	0	0		=	  4.650;  4.540	4.595	0.055	0.055	2.0	4.595	0.055	CCRs_HUMAN_annotated_00008	True
InChI=1S/C9H7Cl2N3O3S2/c1-17-8-7(12-2-3-13-8)14-19(15,16)9-6(11)5(10)4-18-9/h2-4H,1H3,(H,12,14)_on_P51679_WT	High	ChEMBL31	ChEMBL31.compound.376622	COc1nccnc1NS(=O)(=O)c1c(Cl)c(Cl)cs1	WUKVKRPELHKEPP-UHFFFAOYSA-N	InChI=1S/C9H7Cl2N3O3S2/c1-17-8-7(12-2-3-13-8)14-19(15,16)9-6(11)5(10)4-18-9/h2-4H,1H3,(H,12,14)	"""AuxInfo=1/1/N:1,6,5,18,16,14,8,3,13,17,15,7,4,9,11,12,2,19,10/E:(15,16)/CRV:19.6/rA:19COCNCCNCNSOOCCClCClCS/rB:s1;s2;d3;s4;d5;s6;s3d7;s8;s9;d10;d10;s10;d13;s14;s14;s16;d16;s13s18;/rC:;;;;;;;;;;;;;;;;;;;"""	P51679_WT	ChEMBL:CHEMBL2414	P51679	WT	CHEMBL4134307	PMID:28947948	2017.0	PMID:28947948	2017	1	0	0	0	0		=	  7.700	7.7	0.0	0.0	1.0	7.7	0.0	CCRs_HUMAN_annotated_00009	True
InChI=1S/C9H8BrClN4O2S2/c1-12-8-9(13-4-5(10)14-8)15-19(16,17)7-3-2-6(11)18-7/h2-4H,1H3,(H,12,14)(H,13,15)_on_P51679_WT	Low	ChEMBL31	ChEMBL31.compound.1087507	CNc1nc(Br)cnc1NS(=O)(=O)c1ccc(Cl)s1	HOWYNCQAMVQWHS-UHFFFAOYSA-N	InChI=1S/C9H8BrClN4O2S2/c1-12-8-9(13-4-5(10)14-8)15-19(16,17)7-3-2-6(11)18-7/h2-4H,1H3,(H,12,14)(H,13,15)	"""AuxInfo=1/1/N:1,16,15,7,5,17,14,3,9,6,18,2,8,4,10,12,13,19,11/E:(16,17)/CRV:19.6/rA:19CNCNCBrCNCNSOOCCCCClS/rB:s1;s2;d3;s4;s5;d5;s7;s3d8;s9;s10;d11;d11;s11;d14;s15;d16;s17;s14s17;/rC:;;;;;;;;;;;;;;;;;;;"""	P51679_WT	ChEMBL:CHEMBL2414	P51679	WT	CHEMBL4134307	PMID:28947948	2017.0	PMID:28947948	2017	1	0	0	0	0		<	  5.000	5.0	0.0	0.0	1.0	5.0	0.0	CCRs_HUMAN_annotated_00010	True
InChI=1S/C9H8BrN3O3S2/c1-16-9-8(11-4-7(10)12-9)13-18(14,15)6-2-3-17-5-6/h2-5H,1H3,(H,11,13)_on_P51679_WT	High	ChEMBL31	ChEMBL31.compound.376580	COc1nc(Br)cnc1NS(=O)(=O)c1cscc1	WAVRWIPXWRWJNH-UHFFFAOYSA-N	InChI=1S/C9H8BrN3O3S2/c1-16-9-8(11-4-7(10)12-9)13-18(14,15)6-2-3-17-5-6/h2-5H,1H3,(H,11,13)	"""AuxInfo=1/1/N:1,18,17,7,15,14,5,9,3,6,8,4,10,12,13,2,16,11/E:(14,15)/CRV:18.6/rA:18COCNCBrCNCNSOOCCSCC/rB:s1;s2;d3;s4;s5;d5;s7;s3d8;s9;s10;d11;d11;s11;d14;s15;s16;s14d17;/rC:;;;;;;;;;;;;;;;;;;"""	P51679_WT	ChEMBL:CHEMBL2414	P51679	WT	CHEMBL4134307	PMID:28947948	2017.0	PMID:28947948	2017	1	0	0	0	0		=	  5.900	5.9	0.0	0.0	1.0	5.9	0.0	CCRs_HUMAN_annotated_00011	True
InChI=1S/C9H8BrN3O3S2/c1-16-9-8(11-5-6(10)12-9)13-18(14,15)7-3-2-4-17-7/h2-5H,1H3,(H,11,13)_on_P51679_WT	High	ChEMBL31	ChEMBL31.compound.376579	COc1nc(Br)cnc1NS(=O)(=O)c1cccs1	KSBYJSKJHOBUJD-UHFFFAOYSA-N	InChI=1S/C9H8BrN3O3S2/c1-16-9-8(11-5-6(10)12-9)13-18(14,15)7-3-2-4-17-7/h2-5H,1H3,(H,11,13)	"""AuxInfo=1/1/N:1,16,15,17,7,5,14,9,3,6,8,4,10,12,13,2,18,11/E:(14,15)/CRV:18.6/rA:18COCNCBrCNCNSOOCCCCS/rB:s1;s2;d3;s4;s5;d5;s7;s3d8;s9;s10;d11;d11;s11;d14;s15;d16;s14s17;/rC:;;;;;;;;;;;;;;;;;;"""	P51679_WT	ChEMBL:CHEMBL2414	P51679	WT	CHEMBL4134307	PMID:28947948	2017.0	PMID:28947948	2017	1	0	0	0	0		=	  6.200	6.2	0.0	0.0	1.0	6.2	0.0	CCRs_HUMAN_annotated_00012	True
InChI=1S/C10H7Cl3N4O3S/c1-20-10-9(15-4-6(11)16-10)17-21(18,19)5-2-3-14-8(13)7(5)12/h2-4H,1H3,(H,15,17)_on_P51679_WT	High	ChEMBL31	ChEMBL31.compound.376601	COc1nc(Cl)cnc1NS(=O)(=O)c1ccnc(Cl)c1Cl	HAJMGJGSWRRSGB-UHFFFAOYSA-N	InChI=1S/C10H7Cl3N4O3S/c1-20-10-9(15-4-6(11)16-10)17-21(18,19)5-2-3-14-8(13)7(5)12/h2-4H,1H3,(H,15,17)	"""AuxInfo=1/1/N:1,15,16,7,14,5,20,18,9,3,6,21,19,17,8,4,10,12,13,2,11/E:(18,19)/CRV:21.6/rA:21COCNCClCNCNSOOCCCNCClCCl/rB:s1;s2;d3;s4;s5;d5;s7;s3d8;s9;s10;d11;d11;s11;d14;s15;d16;s17;s18;s14d18;s20;/rC:;;;;;;;;;;;;;;;;;;;;;"""	P51679_WT	ChEMBL:CHEMBL2414	P51679	WT	CHEMBL4134307	PMID:28947948	2017.0	PMID:28947948	2017	1	0	0	0	0		=	  5.000	5.0	0.0	0.0	1.0	5.0	0.0	CCRs_HUMAN_annotated_00016	True
InChI=1S/C10H9BrClN3O2S2/c1-2-6-10(13-5-7(11)14-6)15-19(16,17)9-4-3-8(12)18-9/h3-5H,2H2,1H3,(H,13,15)_on_P51679_WT	High	ChEMBL31	ChEMBL31.compound.376605	CCc1nc(Br)cnc1NS(=O)(=O)c1ccc(Cl)s1	SWMVCXQPVYEARU-UHFFFAOYSA-N	InChI=1S/C10H9BrClN3O2S2/c1-2-6-10(13-5-7(11)14-6)15-19(16,17)9-4-3-8(12)18-9/h3-5H,2H2,1H3,(H,13,15)	"""AuxInfo=1/1/N:1,2,16,15,7,3,5,17,14,9,6,18,8,4,10,12,13,19,11/E:(16,17)/CRV:19.6/rA:19CCCNCBrCNCNSOOCCCCClS/rB:s1;s2;d3;s4;s5;d5;s7;s3d8;s9;s10;d11;d11;s11;d14;s15;d16;s17;s14s17;/rC:;;;;;;;;;;;;;;;;;;;"""	P51679_WT	ChEMBL:CHEMBL2414	P51679	WT	CHEMBL4134307	PMID:28947948	2017.0	PMID:28947948	2017	1	0	0	0	0		=	  5.300	5.3	0.0	0.0	1.0	5.3	0.0	CCRs_HUMAN_annotated_00018	True
InChI=1S/C10H9BrClN3O3S2/c1-2-18-10-9(13-5-6(11)14-10)15-20(16,17)8-4-3-7(12)19-8/h3-5H,2H2,1H3,(H,13,15)_on_P51679_WT	High	ChEMBL31	ChEMBL31.compound.376603	CCOc1nc(Br)cnc1NS(=O)(=O)c1ccc(Cl)s1	VKKFMVDGGXWHKG-UHFFFAOYSA-N	InChI=1S/C10H9BrClN3O3S2/c1-2-18-10-9(13-5-6(11)14-10)15-20(16,17)8-4-3-7(12)19-8/h3-5H,2H2,1H3,(H,13,15)	"""AuxInfo=1/1/N:1,2,17,16,8,6,18,15,10,4,7,19,9,5,11,13,14,3,20,12/E:(16,17)/CRV:20.6/rA:20CCOCNCBrCNCNSOOCCCCClS/rB:s1;s2;s3;d4;s5;s6;d6;s8;s4d9;s10;s11;d12;d12;s12;d15;s16;d17;s18;s15s18;/rC:;;;;;;;;;;;;;;;;;;;;"""	P51679_WT	ChEMBL:CHEMBL2414	P51679	WT	CHEMBL4134307	PMID:28947948	2017.0	PMID:28947948	2017	1	0	0	0	0		=	  6.700	6.7	0.0	0.0	1.0	6.7	0.0	CCRs_HUMAN_annotated_00019	True
InChI=1S/C11H7Cl2F2N3O3S/c1-21-11-10(16-8(14)9(15)17-11)18-22(19,20)6-4-2-3-5(12)7(6)13/h2-4H,1H3,(H,16,18)_on_P51679_WT	High	ChEMBL31	ChEMBL31.compound.376624	COc1nc(F)c(F)nc1NS(=O)(=O)c1cccc(Cl)c1Cl	DIZPSQNBTJEHIM-UHFFFAOYSA-N	InChI=1S/C11H7Cl2F2N3O3S/c1-21-11-10(16-8(14)9(15)17-11)18-22(19,20)6-4-2-3-5(12)7(6)13/h2-4H,1H3,(H,16,18)	"""AuxInfo=1/1/N:1,17,18,16,19,15,21,7,5,10,3,20,22,8,6,9,4,11,13,14,2,12/E:(19,20)/CRV:22.6/rA:22COCNCFCFNCNSOOCCCCCClCCl/rB:s1;s2;d3;s4;s5;d5;s7;s7;s3d9;s10;s11;d12;d12;s12;d15;s16;d17;s18;s19;s15d19;s21;/rC:;;;;;;;;;;;;;;;;;;;;;;"""	P51679_WT	ChEMBL:CHEMBL2414	P51679	WT	CHEMBL4134307	PMID:28947948	2017.0	PMID:28947948	2017	1	0	0	0	0		=	  9.000	9.0	0.0	0.0	1.0	9.0	0.0	CCRs_HUMAN_annotated_00030	True
InChI=1S/C11H7Cl2N5O3S/c12-5-2-1-3-6(8(5)13)22(20,21)18-10-7-9(14-4-15-10)16-17-11(7)19/h1-4H,(H3,14,15,16,17,18,19)_on_P51679_WT	High	ChEMBL31	ChEMBL31.compound.369750	O=S(=O)(Nc1ncnc2n[nH]c(O)c12)c1c(Cl)c(Cl)ccc1	PGRGKRXPFYRQPM-UHFFFAOYSA-N	InChI=1S/C11H7Cl2N5O3S/c12-5-2-1-3-6(8(5)13)22(20,21)18-10-7-9(14-4-15-10)16-17-11(7)19/h1-4H,(H3,14,15,16,17,18,19)	"""AuxInfo=1/1/N:21,20,22,7,18,15,14,16,9,5,12,19,17,8,6,10,11,4,13,1,3,2/E:(20,21)/CRV:22.6/rA:22OSONCNCNCNNCOCCCClCClCCC/rB:d1;d2;s2;s4;d5;s6;d7;s8;d9;s10;s11;s12;s5s9d12;s2;d15;s16;s16;s18;d18;s20;s15d21;/rC:;;;;;;;;;;;;;;;;;;;;;;"""	P51679_WT	ChEMBL:CHEMBL2414	P51679	WT	CHEMBL4045586	PMID:28801066	2017.0	PMID:28801066	2017	1	0	0	0	0		=	  4.800	4.8	0.0	0.0	1.0	4.8	0.0	CCRs_HUMAN_annotated_00031	True
InChI=1S/C11H8BrCl2N3O3S/c1-20-11-10(15-5-8(12)16-11)17-21(18,19)7-4-2-3-6(13)9(7)14/h2-5H,1H3,(H,15,17)_on_P51679_WT	High	ChEMBL31	ChEMBL31.compound.376593	COc1nc(Br)cnc1NS(=O)(=O)c1cccc(Cl)c1Cl	AMJJZGRYGJXVBI-UHFFFAOYSA-N	InChI=1S/C11H8BrCl2N3O3S/c1-20-11-10(15-5-8(12)16-11)17-21(18,19)7-4-2-3-6(13)9(7)14/h2-5H,1H3,(H,15,17)	"""AuxInfo=1/1/N:1,16,17,15,7,18,14,5,20,9,3,6,19,21,8,4,10,12,13,2,11/E:(18,19)/CRV:21.6/rA:21COCNCBrCNCNSOOCCCCCClCCl/rB:s1;s2;d3;s4;s5;d5;s7;s3d8;s9;s10;d11;d11;s11;d14;s15;d16;s17;s18;s14d18;s20;/rC:;;;;;;;;;;;;;;;;;;;;;"""	P51679_WT	ChEMBL:CHEMBL2414	P51679	WT	CHEMBL4134307	PMID:28947948	2017.0	PMID:28947948	2017	1	0	0	0	0		=	  8.000	8.0	0.0	0.0	1.0	8.0	0.0	CCRs_HUMAN_annotated_00034	True
InChI=1S/C11H8BrCl2N3O3S/c1-20-11-10(15-5-8(12)16-11)17-21(18,19)9-6(13)3-2-4-7(9)14/h2-5H,1H3,(H,15,17)_on_P51679_WT	High	ChEMBL31	ChEMBL31.compound.376588	COc1nc(Br)cnc1NS(=O)(=O)c1c(Cl)cccc1Cl	HQHBRZPITQHKNP-UHFFFAOYSA-N	InChI=1S/C11H8BrCl2N3O3S/c1-20-11-10(15-5-8(12)16-11)17-21(18,19)9-6(13)3-2-4-7(9)14/h2-5H,1H3,(H,15,17)	"""AuxInfo=1/1/N:1,18,17,19,7,15,20,5,14,9,3,6,16,21,8,4,10,12,13,2,11/E:(3,4)(6,7)(13,14)(18,19)/CRV:21.6/rA:21COCNCBrCNCNSOOCCClCCCCCl/rB:s1;s2;d3;s4;s5;d5;s7;s3d8;s9;s10;d11;d11;s11;d14;s15;s15;d17;s18;s14d19;s20;/rC:;;;;;;;;;;;;;;;;;;;;;"""	P51679_WT	ChEMBL:CHEMBL2414	P51679	WT	CHEMBL4134307	PMID:28947948	2017.0	PMID:28947948	2017	1	0	0	0	0		=	  6.200	6.2	0.0	0.0	1.0	6.2	0.0	CCRs_HUMAN_annotated_00035	True
InChI=1S/C11H8BrCl2N3O3S/c1-20-11-10(15-5-9(12)16-11)17-21(18,19)6-2-3-7(13)8(14)4-6/h2-5H,1H3,(H,15,17)_on_P51679_WT	High	ChEMBL31	ChEMBL31.compound.376592	COc1nc(Br)cnc1NS(=O)(=O)c1ccc(Cl)c(Cl)c1	XNLRPWBHTAAVBQ-UHFFFAOYSA-N	InChI=1S/C11H8BrCl2N3O3S/c1-20-11-10(15-5-9(12)16-11)17-21(18,19)6-2-3-7(13)8(14)4-6/h2-5H,1H3,(H,15,17)	"""AuxInfo=1/1/N:1,15,16,21,7,14,17,19,5,9,3,6,18,20,8,4,10,12,13,2,11/E:(18,19)/CRV:21.6/rA:21COCNCBrCNCNSOOCCCCClCClC/rB:s1;s2;d3;s4;s5;d5;s7;s3d8;s9;s10;d11;d11;s11;d14;s15;d16;s17;s17;s19;s14d19;/rC:;;;;;;;;;;;;;;;;;;;;;"""	P51679_WT	ChEMBL:CHEMBL2414	P51679	WT	CHEMBL4134307	PMID:28947948	2017.0	PMID:28947948	2017	1	0	0	0	0		=	  6.700	6.7	0.0	0.0	1.0	6.7	0.0	CCRs_HUMAN_annotated_00036	True
InChI=1S/C11H8BrCl2N3O3S/c1-20-11-10(15-5-9(12)16-11)17-21(18,19)8-3-2-6(13)4-7(8)14/h2-5H,1H3,(H,15,17)_on_P51679_WT	High	ChEMBL31	ChEMBL31.compound.376590	COc1nc(Br)cnc1NS(=O)(=O)c1ccc(Cl)cc1Cl	PCUSGNBFVWJYOM-UHFFFAOYSA-N	InChI=1S/C11H8BrCl2N3O3S/c1-20-11-10(15-5-9(12)16-11)17-21(18,19)8-3-2-6(13)4-7(8)14/h2-5H,1H3,(H,15,17)	"""AuxInfo=1/1/N:1,16,15,19,7,17,20,14,5,9,3,6,18,21,8,4,10,12,13,2,11/E:(18,19)/CRV:21.6/rA:21COCNCBrCNCNSOOCCCCClCCCl/rB:s1;s2;d3;s4;s5;d5;s7;s3d8;s9;s10;d11;d11;s11;d14;s15;d16;s17;s17;s14d19;s20;/rC:;;;;;;;;;;;;;;;;;;;;;"""	P51679_WT	ChEMBL:CHEMBL2414	P51679	WT	CHEMBL4134307	PMID:28947948	2017.0	PMID:28947948	2017	1	0	0	0	0		=	  6.900	6.9	0.0	0.0	1.0	6.9	0.0	CCRs_HUMAN_annotated_00037	True
InChI=1S/C11H8BrCl2N3O3S/c1-20-11-10(15-5-9(12)16-11)17-21(18,19)8-3-6(13)2-7(14)4-8/h2-5H,1H3,(H,15,17)_on_P51679_WT	High	ChEMBL31	ChEMBL31.compound.376591	COc1nc(Br)cnc1NS(=O)(=O)c1cc(Cl)cc(Cl)c1	ZFPLJZKWRIHEGH-UHFFFAOYSA-N	InChI=1S/C11H8BrCl2N3O3S/c1-20-11-10(15-5-9(12)16-11)17-21(18,19)8-3-6(13)2-7(14)4-8/h2-5H,1H3,(H,15,17)	"""AuxInfo=1/1/N:1,18,15,21,7,16,19,14,5,9,3,6,17,20,8,4,10,12,13,2,11/E:(3,4)(6,7)(13,14)(18,19)/CRV:21.6/rA:21COCNCBrCNCNSOOCCCClCCClC/rB:s1;s2;d3;s4;s5;d5;s7;s3d8;s9;s10;d11;d11;s11;d14;s15;s16;d16;s18;s19;s14d19;/rC:;;;;;;;;;;;;;;;;;;;;;"""	P51679_WT	ChEMBL:CHEMBL2414	P51679	WT	CHEMBL4134307	PMID:28947948	2017.0	PMID:28947948	2017	1	0	0	0	0		=	  5.300	5.3	0.0	0.0	1.0	5.3	0.0	CCRs_HUMAN_annotated_00038	True
InChI=1S/C11H8BrCl2N3O3S/c1-20-11-10(15-5-9(12)16-11)17-21(18,19)8-4-6(13)2-3-7(8)14/h2-5H,1H3,(H,15,17)_on_P51679_WT	High	ChEMBL31	ChEMBL31.compound.376589	COc1nc(Br)cnc1NS(=O)(=O)c1cc(Cl)ccc1Cl	GLRFOWWCTLYBIT-UHFFFAOYSA-N	InChI=1S/C11H8BrCl2N3O3S/c1-20-11-10(15-5-9(12)16-11)17-21(18,19)8-4-6(13)2-3-7(8)14/h2-5H,1H3,(H,15,17)	"""AuxInfo=1/1/N:1,18,19,15,7,16,20,14,5,9,3,6,17,21,8,4,10,12,13,2,11/E:(18,19)/CRV:21.6/rA:21COCNCBrCNCNSOOCCCClCCCCl/rB:s1;s2;d3;s4;s5;d5;s7;s3d8;s9;s10;d11;d11;s11;d14;s15;s16;d16;s18;s14d19;s20;/rC:;;;;;;;;;;;;;;;;;;;;;"""	P51679_WT	ChEMBL:CHEMBL2414	P51679	WT	CHEMBL4134307	PMID:28947948	2017.0	PMID:28947948	2017	1	0	0	0	0		=	  5.500	5.5	0.0	0.0	1.0	5.5	0.0	CCRs_HUMAN_annotated_00039	True
InChI=1S/C11H8Cl2FN3O3S/c1-20-11-10(15-5-8(12)16-11)17-21(18,19)7-4-2-3-6(14)9(7)13/h2-5H,1H3,(H,15,17)_on_P51679_WT	High	ChEMBL31	ChEMBL31.compound.376596	COc1nc(Cl)cnc1NS(=O)(=O)c1cccc(F)c1Cl	GKCQCYDQKNZYMS-UHFFFAOYSA-N	InChI=1S/C11H8Cl2FN3O3S/c1-20-11-10(15-5-8(12)16-11)17-21(18,19)7-4-2-3-6(14)9(7)13/h2-5H,1H3,(H,15,17)	"""AuxInfo=1/1/N:1,16,17,15,7,18,14,5,20,9,3,6,21,19,8,4,10,12,13,2,11/E:(18,19)/CRV:21.6/rA:21COCNCClCNCNSOOCCCCCFCCl/rB:s1;s2;d3;s4;s5;d5;s7;s3d8;s9;s10;d11;d11;s11;d14;s15;d16;s17;s18;s14d18;s20;/rC:;;;;;;;;;;;;;;;;;;;;;"""	P51679_WT	ChEMBL:CHEMBL2414	P51679	WT	CHEMBL4134307	PMID:28947948	2017.0	PMID:28947948	2017	1	0	0	0	0		=	  7.800	7.8	0.0	0.0	1.0	7.8	0.0	CCRs_HUMAN_annotated_00040	True
InChI=1S/C11H8Cl2FN3O3S/c1-20-11-10(15-5-8(13)16-11)17-21(18,19)7-4-2-3-6(12)9(7)14/h2-5H,1H3,(H,15,17)_on_P51679_WT	High	ChEMBL31	ChEMBL31.compound.376597	COc1nc(Cl)cnc1NS(=O)(=O)c1cccc(Cl)c1F	LCBKYPGZLSAFPP-UHFFFAOYSA-N	InChI=1S/C11H8Cl2FN3O3S/c1-20-11-10(15-5-8(13)16-11)17-21(18,19)7-4-2-3-6(12)9(7)14/h2-5H,1H3,(H,15,17)	"""AuxInfo=1/1/N:1,16,17,15,7,18,14,5,20,9,3,19,6,21,8,4,10,12,13,2,11/E:(18,19)/CRV:21.6/rA:21COCNCClCNCNSOOCCCCCClCF/rB:s1;s2;d3;s4;s5;d5;s7;s3d8;s9;s10;d11;d11;s11;d14;s15;d16;s17;s18;s14d18;s20;/rC:;;;;;;;;;;;;;;;;;;;;;"""	P51679_WT	ChEMBL:CHEMBL2414	P51679	WT	CHEMBL4134307	PMID:28947948	2017.0	PMID:28947948	2017	1	0	0	0	0		=	  7.100	7.1	0.0	0.0	1.0	7.1	0.0	CCRs_HUMAN_annotated_00041	True
InChI=1S/C11H8Cl2FN3O3S/c1-20-11-10(15-5-8(14)16-11)17-21(18,19)7-4-2-3-6(12)9(7)13/h2-5H,1H3,(H,15,17)_on_P51679_WT	High	ChEMBL31	ChEMBL31.compound.376577	COc1nc(F)cnc1NS(=O)(=O)c1cccc(Cl)c1Cl	NWSUDJQTTGDPIR-UHFFFAOYSA-N	InChI=1S/C11H8Cl2FN3O3S/c1-20-11-10(15-5-8(14)16-11)17-21(18,19)7-4-2-3-6(12)9(7)13/h2-5H,1H3,(H,15,17)	"""AuxInfo=1/1/N:1,16,17,15,7,18,14,5,20,9,3,19,21,6,8,4,10,12,13,2,11/E:(18,19)/CRV:21.6/rA:21COCNCFCNCNSOOCCCCCClCCl/rB:s1;s2;d3;s4;s5;d5;s7;s3d8;s9;s10;d11;d11;s11;d14;s15;d16;s17;s18;s14d18;s20;/rC:;;;;;;;;;;;;;;;;;;;;;"""	P51679_WT	ChEMBL:CHEMBL2414;ChEMBL:CHEMBL2414;ChEMBL:CHEMBL2414;ChEMBL:CHEMBL2414	P51679	WT	CHEMBL4134328;CHEMBL4134327;CHEMBL4134329;CHEMBL4134307	PMID:28947948	2017.0	PMID:28947948	2017	1	0	0	0	0		=	  6.800;  8.400;  6.500;  8.600	7.575	0.934	0.539	4.0	7.6	0.9	CCRs_HUMAN_annotated_00042	True
InChI=1S/C11H8Cl2FN3O3S/c1-20-11-10(16-8(14)5-15-11)17-21(18,19)7-4-2-3-6(12)9(7)13/h2-5H,1H3,(H,16,17)_on_P51679_WT	High	ChEMBL31	ChEMBL31.compound.376623	COc1ncc(F)nc1NS(=O)(=O)c1cccc(Cl)c1Cl	YCSFBUKPRDTQLJ-UHFFFAOYSA-N	InChI=1S/C11H8Cl2FN3O3S/c1-20-11-10(16-8(14)5-15-11)17-21(18,19)7-4-2-3-6(12)9(7)13/h2-5H,1H3,(H,16,17)	"""AuxInfo=1/1/N:1,16,17,15,5,18,14,6,20,9,3,19,21,7,4,8,10,12,13,2,11/E:(18,19)/CRV:21.6/rA:21COCNCCFNCNSOOCCCCCClCCl/rB:s1;s2;d3;s4;d5;s6;s6;s3d8;s9;s10;d11;d11;s11;d14;s15;d16;s17;s18;s14d18;s20;/rC:;;;;;;;;;;;;;;;;;;;;;"""	P51679_WT	ChEMBL:CHEMBL2414	P51679	WT	CHEMBL4134307	PMID:28947948	2017.0	PMID:28947948	2017	1	0	0	0	0		=	  8.400	8.4	0.0	0.0	1.0	8.4	0.0	CCRs_HUMAN_annotated_00043	True
InChI=1S/C11H8Cl3N3O3S/c1-20-11-10(15-5-8(13)16-11)17-21(18,19)7-4-2-3-6(12)9(7)14/h2-5H,1H3,(H,15,17)_on_P51679_WT	High	ChEMBL31	ChEMBL31.compound.376594	COc1nc(Cl)cnc1NS(=O)(=O)c1cccc(Cl)c1Cl	QOOFDNFFMVSLIZ-UHFFFAOYSA-N	InChI=1S/C11H8Cl3N3O3S/c1-20-11-10(15-5-8(13)16-11)17-21(18,19)7-4-2-3-6(12)9(7)14/h2-5H,1H3,(H,15,17)	"""AuxInfo=1/1/N:1,16,17,15,7,18,14,5,20,9,3,19,6,21,8,4,10,12,13,2,11/E:(18,19)/CRV:21.6/rA:21COCNCClCNCNSOOCCCCCClCCl/rB:s1;s2;d3;s4;s5;d5;s7;s3d8;s9;s10;d11;d11;s11;d14;s15;d16;s17;s18;s14d18;s20;/rC:;;;;;;;;;;;;;;;;;;;;;"""	P51679_WT	ChEMBL:CHEMBL2414	P51679	WT	CHEMBL4134307	PMID:28947948	2017.0	PMID:28947948	2017	1	0	0	0	0		=	  7.900	7.9	0.0	0.0	1.0	7.9	0.0	CCRs_HUMAN_annotated_00044	True
InChI=1S/C11H8Cl3N3O3S/c1-20-11-10(16-8(13)5-15-11)17-21(18,19)7-4-2-3-6(12)9(7)14/h2-5H,1H3,(H,16,17)_on_P51679_WT	High	ChEMBL31	ChEMBL31.compound.376614	COc1ncc(Cl)nc1NS(=O)(=O)c1cccc(Cl)c1Cl	BOIHPGYPAGHAOJ-UHFFFAOYSA-N	InChI=1S/C11H8Cl3N3O3S/c1-20-11-10(16-8(13)5-15-11)17-21(18,19)7-4-2-3-6(12)9(7)14/h2-5H,1H3,(H,16,17)	"""AuxInfo=1/1/N:1,16,17,15,5,18,14,6,20,9,3,19,7,21,4,8,10,12,13,2,11/E:(18,19)/CRV:21.6/rA:21COCNCCClNCNSOOCCCCCClCCl/rB:s1;s2;d3;s4;d5;s6;s6;s3d8;s9;s10;d11;d11;s11;d14;s15;d16;s17;s18;s14d18;s20;/rC:;;;;;;;;;;;;;;;;;;;;;"""	P51679_WT	ChEMBL:CHEMBL2414	P51679	WT	CHEMBL4134307	PMID:28947948	2017.0	PMID:28947948	2017	1	0	0	0	0		=	  8.100	8.1	0.0	0.0	1.0	8.1	0.0	CCRs_HUMAN_annotated_00045	True
InChI=1S/C11H9BrClN3O3S/c1-19-11-10(14-6-9(12)15-11)16-20(17,18)8-4-2-3-7(13)5-8/h2-6H,1H3,(H,14,16)_on_P51679_WT	High	ChEMBL31	ChEMBL31.compound.376586	COc1nc(Br)cnc1NS(=O)(=O)c1cccc(Cl)c1	NMSRPAYNDQYIQS-UHFFFAOYSA-N	InChI=1S/C11H9BrClN3O3S/c1-19-11-10(14-6-9(12)15-11)16-20(17,18)8-4-2-3-7(13)5-8/h2-6H,1H3,(H,14,16)	"""AuxInfo=1/1/N:1,16,17,15,20,7,18,14,5,9,3,6,19,8,4,10,12,13,2,11/E:(17,18)/CRV:20.6/rA:20COCNCBrCNCNSOOCCCCCClC/rB:s1;s2;d3;s4;s5;d5;s7;s3d8;s9;s10;d11;d11;s11;d14;s15;d16;s17;s18;s14d18;/rC:;;;;;;;;;;;;;;;;;;;;"""	P51679_WT	ChEMBL:CHEMBL2414	P51679	WT	CHEMBL4134307	PMID:28947948	2017.0	PMID:28947948	2017	1	0	0	0	0		=	  7.000	7.0	0.0	0.0	1.0	7.0	0.0	CCRs_HUMAN_annotated_00046	True
InChI=1S/C11H9BrClN3O3S/c1-19-11-10(14-6-9(12)15-11)16-20(17,18)8-4-2-7(13)3-5-8/h2-6H,1H3,(H,14,16)_on_P51679_WT	High	ChEMBL31	ChEMBL31.compound.376587	COc1nc(Br)cnc1NS(=O)(=O)c1ccc(Cl)cc1	XOJBRGMLSMEWQQ-UHFFFAOYSA-N	InChI=1S/C11H9BrClN3O3S/c1-19-11-10(14-6-9(12)15-11)16-20(17,18)8-4-2-7(13)3-5-8/h2-6H,1H3,(H,14,16)	"""AuxInfo=1/1/N:1,16,19,15,20,7,17,14,5,9,3,6,18,8,4,10,12,13,2,11/E:(2,3)(4,5)(17,18)/CRV:20.6/rA:20COCNCBrCNCNSOOCCCCClCC/rB:s1;s2;d3;s4;s5;d5;s7;s3d8;s9;s10;d11;d11;s11;d14;s15;d16;s17;s17;s14d19;/rC:;;;;;;;;;;;;;;;;;;;;"""	P51679_WT	ChEMBL:CHEMBL2414	P51679	WT	CHEMBL4134307	PMID:28947948	2017.0	PMID:28947948	2017	1	0	0	0	0		=	  6.900	6.9	0.0	0.0	1.0	6.9	0.0	CCRs_HUMAN_annotated_00047	True
InChI=1S/C11H9BrClN3O3S/c1-19-11-10(14-6-9(12)15-11)16-20(17,18)8-5-3-2-4-7(8)13/h2-6H,1H3,(H,14,16)_on_P51679_WT	High	ChEMBL31	ChEMBL31.compound.376585	COc1nc(Br)cnc1NS(=O)(=O)c1ccccc1Cl	KOCNDPIFYMPCQO-UHFFFAOYSA-N	InChI=1S/C11H9BrClN3O3S/c1-19-11-10(14-6-9(12)15-11)16-20(17,18)8-5-3-2-4-7(8)13/h2-6H,1H3,(H,14,16)	"""AuxInfo=1/1/N:1,17,16,18,15,7,19,14,5,9,3,6,20,8,4,10,12,13,2,11/E:(17,18)/CRV:20.6/rA:20COCNCBrCNCNSOOCCCCCCCl/rB:s1;s2;d3;s4;s5;d5;s7;s3d8;s9;s10;d11;d11;s11;d14;s15;d16;s17;s14d18;s19;/rC:;;;;;;;;;;;;;;;;;;;;"""	P51679_WT	ChEMBL:CHEMBL2414	P51679	WT	CHEMBL4134307	PMID:28947948	2017.0	PMID:28947948	2017	1	0	0	0	0		=	  6.800	6.8	0.0	0.0	1.0	6.8	0.0	CCRs_HUMAN_annotated_00048	True
InChI=1S/C11H9Cl2N3O3S/c1-19-11-10(14-5-6-15-11)16-20(17,18)8-4-2-3-7(12)9(8)13/h2-6H,1H3,(H,14,16)_on_P51679_WT	High	ChEMBL31	ChEMBL31.compound.376576	COc1nccnc1NS(=O)(=O)c1cccc(Cl)c1Cl	FLSMVCMSUNISFK-UHFFFAOYSA-N	InChI=1S/C11H9Cl2N3O3S/c1-19-11-10(14-5-6-15-11)16-20(17,18)8-4-2-3-7(12)9(8)13/h2-6H,1H3,(H,14,16)	"""AuxInfo=1/1/N:1,15,16,14,6,5,17,13,19,8,3,18,20,7,4,9,11,12,2,10/E:(17,18)/CRV:20.6/rA:20COCNCCNCNSOOCCCCCClCCl/rB:s1;s2;d3;s4;d5;s6;s3d7;s8;s9;d10;d10;s10;d13;s14;d15;s16;s17;s13d17;s19;/rC:;;;;;;;;;;;;;;;;;;;;"""	P51679_WT	ChEMBL:CHEMBL2414;ChEMBL:CHEMBL2414;ChEMBL:CHEMBL2414;ChEMBL:CHEMBL2414	P51679	WT	CHEMBL4134328;CHEMBL4134307;CHEMBL4134329;CHEMBL4134326	PMID:28947948	2017.0	PMID:28947948	2017	1	0	0	0	0		=	  6.300;  7.800;  6.300;  7.500	6.975	0.683	0.394	4.0	6.9	0.6	CCRs_HUMAN_annotated_00049	True
InChI=1S/C11H10BrN3O3S/c1-18-11-10(13-7-9(12)14-11)15-19(16,17)8-5-3-2-4-6-8/h2-7H,1H3,(H,13,15)_on_P51679_WT	High	ChEMBL31	ChEMBL31.compound.376584	COc1nc(Br)cnc1NS(=O)(=O)c1ccccc1	OFPUUWQRPOXEQY-UHFFFAOYSA-N	InChI=1S/C11H10BrN3O3S/c1-18-11-10(13-7-9(12)14-11)15-19(16,17)8-5-3-2-4-6-8/h2-7H,1H3,(H,13,15)	"""AuxInfo=1/1/N:1,17,16,18,15,19,7,14,5,9,3,6,8,4,10,12,13,2,11/E:(3,4)(5,6)(16,17)/CRV:19.6/rA:19COCNCBrCNCNSOOCCCCCC/rB:s1;s2;d3;s4;s5;d5;s7;s3d8;s9;s10;d11;d11;s11;d14;s15;d16;s17;s14d18;/rC:;;;;;;;;;;;;;;;;;;;"""	P51679_WT	ChEMBL:CHEMBL2414	P51679	WT	CHEMBL4134307	PMID:28947948	2017.0	PMID:28947948	2017	1	0	0	0	0		=	  6.100	6.1	0.0	0.0	1.0	6.1	0.0	CCRs_HUMAN_annotated_00051	True
InChI=1S/C11H10ClN5O3S2/c1-17-10-8(11(15-17)20-2)9(13-5-14-10)16-22(18,19)7-4-3-6(12)21-7/h3-5H,1-2H3,(H,13,14,16)_on_P51679_WT	High	ChEMBL31	ChEMBL31.compound.369768	COc1nn(C)c2c1c(NS(=O)(=O)c1ccc(Cl)s1)ncn2	AWKFPMCWSXXRCE-UHFFFAOYSA-N	InChI=1S/C11H10ClN5O3S2/c1-17-10-8(11(15-17)20-2)9(13-5-14-10)16-22(18,19)7-4-3-6(12)21-7/h3-5H,1-2H3,(H,13,14,16)	"""AuxInfo=1/1/N:6,1,16,15,21,17,14,8,9,7,3,18,20,22,4,10,5,12,13,2,19,11/E:(18,19)/CRV:22.6/rA:22COCNNCCCCNSOOCCCCClSNCN/rB:s1;s2;d3;s4;s5;s5;s3d7;s8;s9;s10;d11;d11;s11;d14;s15;d16;s17;s14s17;d9;s20;s7d21;/rC:;;;;;;;;;;;;;;;;;;;;;;"""	P51679_WT	ChEMBL:CHEMBL2414	P51679	WT	CHEMBL4045586	PMID:28801066	2017.0	PMID:28801066	2017	1	0	0	0	0		=	  7.100	7.1	0.0	0.0	1.0	7.1	0.0	CCRs_HUMAN_annotated_00052	True
InChI=1S/C12H8Cl2F3N3O3S/c1-23-11-10(18-5-8(13)19-11)20-24(21,22)7-4-2-3-6(9(7)14)12(15,16)17/h2-5H,1H3,(H,18,20)_on_P51679_WT	High	ChEMBL31	ChEMBL31.compound.376599	COc1nc(Cl)cnc1NS(=O)(=O)c1cccc(C(F)(F)F)c1Cl	SOCRPZFYIGQRFR-UHFFFAOYSA-N	InChI=1S/C12H8Cl2F3N3O3S/c1-23-11-10(18-5-8(13)19-11)20-24(21,22)7-4-2-3-6(9(7)14)12(15,16)17/h2-5H,1H3,(H,18,20)	"""AuxInfo=1/1/N:1,16,17,15,7,18,14,5,23,9,3,19,6,24,20,21,22,8,4,10,12,13,2,11/E:(15,16,17)(21,22)/CRV:24.6/rA:24COCNCClCNCNSOOCCCCCCFFFCCl/rB:s1;s2;d3;s4;s5;d5;s7;s3d8;s9;s10;d11;d11;s11;d14;s15;d16;s17;s18;s19;s19;s19;s14d18;s23;/rC:;;;;;;;;;;;;;;;;;;;;;;;;"""	P51679_WT	ChEMBL:CHEMBL2414	P51679	WT	CHEMBL4134307	PMID:28947948	2017.0	PMID:28947948	2017	1	0	0	0	0		=	  7.200	7.2	0.0	0.0	1.0	7.2	0.0	CCRs_HUMAN_annotated_00066	True
InChI=1S/C12H8Cl2N4O3S/c1-21-12-11(16-6-10(14)17-12)18-22(19,20)9-4-2-3-8(13)7(9)5-15/h2-4,6H,1H3,(H,16,18)_on_P51679_WT	High	ChEMBL31	ChEMBL31.compound.376600	COc1nc(Cl)cnc1NS(=O)(=O)c1cccc(Cl)c1C#N	KUNFEKGCDOLQCW-UHFFFAOYSA-N	InChI=1S/C12H8Cl2N4O3S/c1-21-12-11(16-6-10(14)17-12)18-22(19,20)9-4-2-3-8(13)7(9)5-15/h2-4,6H,1H3,(H,16,18)	"""AuxInfo=1/1/N:1,16,17,15,21,7,20,18,14,5,9,3,19,6,22,8,4,10,12,13,2,11/E:(19,20)/CRV:22.6/rA:22COCNCClCNCNSOOCCCCCClCCN/rB:s1;s2;d3;s4;s5;d5;s7;s3d8;s9;s10;d11;d11;s11;d14;s15;d16;s17;s18;s14d18;s20;t21;/rC:;;;;;;;;;;;;;;;;;;;;;;"""	P51679_WT	ChEMBL:CHEMBL2414	P51679	WT	CHEMBL4134307	PMID:28947948	2017.0	PMID:28947948	2017	1	0	0	0	0		=	  7.200	7.2	0.0	0.0	1.0	7.2	0.0	CCRs_HUMAN_annotated_00067	True
InChI=1S/C12H9Cl2N5O2S/c1-19-12-7(5-17-19)11(15-6-16-12)18-22(20,21)9-4-2-3-8(13)10(9)14/h2-6H,1H3,(H,15,16,18)_on_P51679_WT	High	ChEMBL31	ChEMBL31.compound.369754	Cn1ncc2c1ncnc2NS(=O)(=O)c1c(Cl)c(Cl)ccc1	LGBRUKKRAJVNMV-UHFFFAOYSA-N	InChI=1S/C12H9Cl2N5O2S/c1-19-12-7(5-17-19)11(15-6-16-12)18-22(20,21)9-4-2-3-8(13)10(9)14/h2-6H,1H3,(H,15,16,18)	"""AuxInfo=1/1/N:1,21,20,22,4,8,5,18,15,16,10,6,19,17,9,7,3,11,2,13,14,12/E:(20,21)/CRV:22.6/rA:22CNNCCCNCNCNSOOCCClCClCCC/rB:s1;s2;d3;s4;s2d5;s6;d7;s8;s5d9;s10;s11;d12;d12;s12;d15;s16;s16;s18;d18;s20;s15d21;/rC:;;;;;;;;;;;;;;;;;;;;;;"""	P51679_WT	ChEMBL:CHEMBL2414	P51679	WT	CHEMBL4045586	PMID:28801066	2017.0	PMID:28801066	2017	1	0	0	0	0		=	  5.900	5.9	0.0	0.0	1.0	5.9	0.0	CCRs_HUMAN_annotated_00073	True
InChI=1S/C12H9Cl2N5O3S/c1-22-12-8-10(17-18-12)15-5-16-11(8)19-23(20,21)7-4-2-3-6(13)9(7)14/h2-5H,1H3,(H2,15,16,17,18,19)_on_P51679_WT	High	ChEMBL31	ChEMBL31.compound.369751	COc1c2c(NS(=O)(=O)c3c(Cl)c(Cl)ccc3)ncnc2n[nH]1	VXOSMMWWEUDVMB-UHFFFAOYSA-N	InChI=1S/C12H9Cl2N5O3S/c1-22-12-8-10(17-18-12)15-5-16-11(8)19-23(20,21)7-4-2-3-6(13)9(7)14/h2-5H,1H3,(H2,15,16,17,18,19)	"""AuxInfo=1/1/N:1,16,15,17,19,13,10,4,11,21,5,3,14,12,20,18,22,23,6,8,9,2,7/E:(20,21)/CRV:23.6/rA:23COCCCNSOOCCClCClCCCNCNCNN/rB:s1;s2;d3;s4;s5;s6;d7;d7;s7;d10;s11;s11;s13;d13;s15;s10d16;d5;s18;d19;s4s20;d21;s3s22;/rC:;;;;;;;;;;;;;;;;;;;;;;;"""	P51679_WT	ChEMBL:CHEMBL2414	P51679	WT	CHEMBL4045586	PMID:28801066	2017.0	PMID:28801066	2017	1	0	0	0	0		=	  6.800	6.8	0.0	0.0	1.0	6.8	0.0	CCRs_HUMAN_annotated_00074	True
InChI=1S/C12H9Cl2N5O4S/c1-23-11-10(15-8-9(16-11)18-12(20)17-8)19-24(21,22)6-4-2-3-5(13)7(6)14/h2-4H,1H3,(H3,15,16,17,18,19,20)_on_P51679_WT	High	ChEMBL31	ChEMBL31.compound.247812	COc1nc2c(nc(O)[nH]2)nc1NS(=O)(=O)c1c(Cl)c(Cl)ccc1	ZIMOCUQTEPBIOO-UHFFFAOYSA-N	InChI=1S/C12H9Cl2N5O4S/c1-23-11-10(15-8-9(16-11)18-12(20)17-8)19-24(21,22)6-4-2-3-5(13)7(6)14/h2-4H,1H3,(H3,15,16,17,18,19,20)	"""AuxInfo=1/1/N:1,23,22,24,20,17,18,6,5,12,3,8,21,19,11,4,7,10,13,9,15,16,2,14/E:(21,22)/CRV:24.6/rA:24COCNCCNCONNCNSOOCCClCClCCC/rB:s1;s2;d3;s4;d5;s6;d7;s8;s5s8;s6;s3d11;s12;s13;d14;d14;s14;d17;s18;s18;s20;d20;s22;s17d23;/rC:;;;;;;;;;;;;;;;;;;;;;;;;"""	P51679_WT	ChEMBL:CHEMBL2414;ChEMBL:CHEMBL2414	P51679	WT	CHEMBL3367645;CHEMBL3367642	PMID:24909677	2014.0	PMID:24909677	2014	0;1	0	1;0	0	0		=	  5.200;  7.300	6.25	1.05	1.05	2.0	6.25	1.05	CCRs_HUMAN_annotated_00075	True
InChI=1S/C12H10Cl3N3O4S/c1-22-12-11(17-10(15)7(5-19)16-12)18-23(20,21)8-4-2-3-6(13)9(8)14/h2-4,19H,5H2,1H3,(H,17,18)_on_P51679_WT	High	ChEMBL31	ChEMBL31.compound.376620	COc1nc(CO)c(Cl)nc1NS(=O)(=O)c1cccc(Cl)c1Cl	NGOIQYFFFYXUMM-UHFFFAOYSA-N	InChI=1S/C12H10Cl3N3O4S/c1-22-12-11(17-10(15)7(5-19)16-12)18-23(20,21)8-4-2-3-6(13)9(8)14/h2-4,19H,5H2,1H3,(H,17,18)	"""AuxInfo=1/1/N:1,18,19,17,6,20,5,16,22,8,11,3,21,23,9,4,10,12,7,14,15,2,13/E:(20,21)/CRV:23.6/rA:23COCNCCOCClNCNSOOCCCCCClCCl/rB:s1;s2;d3;s4;s5;s6;d5;s8;s8;s3d10;s11;s12;d13;d13;s13;d16;s17;d18;s19;s20;s16d20;s22;/rC:;;;;;;;;;;;;;;;;;;;;;;;"""	P51679_WT	ChEMBL:CHEMBL2414	P51679	WT	CHEMBL4134307	PMID:28947948	2017.0	PMID:28947948	2017	1	0	0	0	0		=	  8.400	8.4	0.0	0.0	1.0	8.4	0.0	CCRs_HUMAN_annotated_00080	True
InChI=1S/C12H11Cl2N3O3S/c1-7-6-15-11(12(16-7)20-2)17-21(18,19)9-5-3-4-8(13)10(9)14/h3-6H,1-2H3,(H,15,17)_on_P51679_WT	High	ChEMBL31	ChEMBL31.compound.376617	COc1nc(C)cnc1NS(=O)(=O)c1cccc(Cl)c1Cl	LLWYTTSVRALNCB-UHFFFAOYSA-N	InChI=1S/C12H11Cl2N3O3S/c1-7-6-15-11(12(16-7)20-2)17-21(18,19)9-5-3-4-8(13)10(9)14/h3-6H,1-2H3,(H,15,17)	"""AuxInfo=1/1/N:6,1,16,17,15,7,5,18,14,20,9,3,19,21,8,4,10,12,13,2,11/E:(18,19)/CRV:21.6/rA:21COCNCCCNCNSOOCCCCCClCCl/rB:s1;s2;d3;s4;s5;d5;s7;s3d8;s9;s10;d11;d11;s11;d14;s15;d16;s17;s18;s14d18;s20;/rC:;;;;;;;;;;;;;;;;;;;;;"""	P51679_WT	ChEMBL:CHEMBL2414	P51679	WT	CHEMBL4134307	PMID:28947948	2017.0	PMID:28947948	2017	1	0	0	0	0		=	  7.400	7.4	0.0	0.0	1.0	7.4	0.0	CCRs_HUMAN_annotated_00091	True
InChI=1S/C12H11Cl2N3O3S/c1-7-6-15-12(20-2)11(16-7)17-21(18,19)9-5-3-4-8(13)10(9)14/h3-6H,1-2H3,(H,16,17)_on_P51679_WT	High	ChEMBL31	ChEMBL31.compound.376618	COc1ncc(C)nc1NS(=O)(=O)c1cccc(Cl)c1Cl	LLCCPSOWLYQRNM-UHFFFAOYSA-N	InChI=1S/C12H11Cl2N3O3S/c1-7-6-15-12(20-2)11(16-7)17-21(18,19)9-5-3-4-8(13)10(9)14/h3-6H,1-2H3,(H,16,17)	"""AuxInfo=1/1/N:7,1,16,17,15,5,6,18,14,20,9,3,19,21,4,8,10,12,13,2,11/E:(18,19)/CRV:21.6/rA:21COCNCCCNCNSOOCCCCCClCCl/rB:s1;s2;d3;s4;d5;s6;s6;s3d8;s9;s10;d11;d11;s11;d14;s15;d16;s17;s18;s14d18;s20;/rC:;;;;;;;;;;;;;;;;;;;;;"""	P51679_WT	ChEMBL:CHEMBL2414	P51679	WT	CHEMBL4134307	PMID:28947948	2017.0	PMID:28947948	2017	1	0	0	0	0		=	  7.300	7.3	0.0	0.0	1.0	7.3	0.0	CCRs_HUMAN_annotated_00092	True
InChI=1S/C12H11Cl2N3O3S/c1-7-8(13)4-3-5-9(7)21(18,19)17-11-12(20-2)16-10(14)6-15-11/h3-6H,1-2H3,(H,15,17)_on_P51679_WT	High	ChEMBL31	ChEMBL31.compound.376598	COc1nc(Cl)cnc1NS(=O)(=O)c1cccc(Cl)c1C	WTUNXNFOUIUOOC-UHFFFAOYSA-N	InChI=1S/C12H11Cl2N3O3S/c1-7-8(13)4-3-5-9(7)21(18,19)17-11-12(20-2)16-10(14)6-15-11/h3-6H,1-2H3,(H,15,17)	"""AuxInfo=1/1/N:21,1,16,17,15,7,20,18,14,5,9,3,19,6,8,4,10,12,13,2,11/E:(18,19)/CRV:21.6/rA:21COCNCClCNCNSOOCCCCCClCC/rB:s1;s2;d3;s4;s5;d5;s7;s3d8;s9;s10;d11;d11;s11;d14;s15;d16;s17;s18;s14d18;s20;/rC:;;;;;;;;;;;;;;;;;;;;;"""	P51679_WT	ChEMBL:CHEMBL2414	P51679	WT	CHEMBL4134307	PMID:28947948	2017.0	PMID:28947948	2017	1	0	0	0	0		=	  7.700	7.7	0.0	0.0	1.0	7.7	0.0	CCRs_HUMAN_annotated_00093	True
InChI=1S/C12H11Cl2N3O4S/c1-21-12-11(15-5-7(6-18)16-12)17-22(19,20)9-4-2-3-8(13)10(9)14/h2-5,18H,6H2,1H3,(H,15,17)_on_P51679_WT	High	ChEMBL31	ChEMBL31.compound.376619	COc1nc(CO)cnc1NS(=O)(=O)c1cccc(Cl)c1Cl	PHZNKIMBWDVYKK-UHFFFAOYSA-N	InChI=1S/C12H11Cl2N3O4S/c1-21-12-11(15-5-7(6-18)16-12)17-22(19,20)9-4-2-3-8(13)10(9)14/h2-5,18H,6H2,1H3,(H,15,17)	"""AuxInfo=1/1/N:1,17,18,16,8,6,5,19,15,21,10,3,20,22,9,4,11,7,13,14,2,12/E:(19,20)/CRV:22.6/rA:22COCNCCOCNCNSOOCCCCCClCCl/rB:s1;s2;d3;s4;s5;s6;d5;s8;s3d9;s10;s11;d12;d12;s12;d15;s16;d17;s18;s19;s15d19;s21;/rC:;;;;;;;;;;;;;;;;;;;;;;"""	P51679_WT	ChEMBL:CHEMBL2414	P51679	WT	CHEMBL4134307	PMID:28947948	2017.0	PMID:28947948	2017	1	0	0	0	0		=	  7.600	7.6	0.0	0.0	1.0	7.6	0.0	CCRs_HUMAN_annotated_00094	True
InChI=1S/C12H11Cl2N3O5S2/c1-22-12-11(15-6-9(16-12)23(2,18)19)17-24(20,21)8-5-3-4-7(13)10(8)14/h3-6H,1-2H3,(H,15,17)_on_P51679_WT	High	ChEMBL31	ChEMBL31.compound.376616	COc1nc(S(C)(=O)=O)cnc1NS(=O)(=O)c1cccc(Cl)c1Cl	LJJUFMQDZAXCKZ-UHFFFAOYSA-N	InChI=1S/C12H11Cl2N3O5S2/c1-22-12-11(15-6-9(16-12)23(2,18)19)17-24(20,21)8-5-3-4-7(13)10(8)14/h3-6H,1-2H3,(H,15,17)	"""AuxInfo=1/1/N:1,7,19,20,18,10,21,17,5,23,12,3,22,24,11,4,13,8,9,15,16,2,6,14/E:(18,19)(20,21)/CRV:23.6,24.6/rA:24COCNCSCOOCNCNSOOCCCCCClCCl/rB:s1;s2;d3;s4;s5;s6;d6;d6;d5;s10;s3d11;s12;s13;d14;d14;s14;d17;s18;d19;s20;s21;s17d21;s23;/rC:;;;;;;;;;;;;;;;;;;;;;;;;"""	P51679_WT	ChEMBL:CHEMBL2414	P51679	WT	CHEMBL4134307	PMID:28947948	2017.0	PMID:28947948	2017	1	0	0	0	0		=	  5.300	5.3	0.0	0.0	1.0	5.3	0.0	CCRs_HUMAN_annotated_00095	True
InChI=1S/C12H14ClN3O3S/c13-7-5-9(17)11-10(6-7)20(18,19)16-12(15-11)14-8-3-1-2-4-8/h5-6,8,17H,1-4H2,(H2,14,15,16)_on_P25025_WT	High	ChEMBL31	ChEMBL31.compound.78717	O=S1(=O)NC(NC2CCCC2)=Nc2c1cc(Cl)cc2O	LNGVBGYRFRMOBK-UHFFFAOYSA-N	InChI=1S/C12H14ClN3O3S/c13-7-5-9(17)11-10(6-7)20(18,19)16-12(15-11)14-8-3-1-2-4-8/h5-6,8,17H,1-4H2,(H2,14,15,16)	"""AuxInfo=1/1/N:9,10,8,11,18,15,16,7,19,14,13,5,17,6,12,4,20,1,3,2/E:(1,2)(3,4)(18,19)/CRV:20.6/rA:20OSONCNCCCCCNCCCCClCCO/rB:d1;d2;s2;s4;s5;s6;s7;s8;s9;s7s10;w?5;s12;s2d13;s14;d15;s16;s16;s13d18;s19;/rC:;;;;;;;;;;;;;;;;;;;;"""	P25025_WT	ChEMBL:CHEMBL2434	P25025	WT	CHEMBL896516	PMID:17524641	2007.0	PMID:17524641	2007	1	0	0	0	0		=	  4.700	4.7	0.0	0.0	1.0	4.7	0.0	CCRs_HUMAN_annotated_00104	True
InChI=1S/C13H8BrClFN3O3S/c14-7-2-1-3-8(16)11(7)17-13-18-12-9(20)4-6(15)5-10(12)23(21,22)19-13/h1-5,20H,(H2,17,18,19)_on_P25025_WT	High	ChEMBL31	ChEMBL31.compound.78702	O=S1(=O)NC(Nc2c(Br)cccc2F)=Nc2c1cc(Cl)cc2O	MGNPAGUVQLDGRQ-UHFFFAOYSA-N	InChI=1S/C13H8BrClFN3O3S/c14-7-2-1-3-8(16)11(7)17-13-18-12-9(20)4-6(15)5-10(12)23(21,22)19-13/h1-5,20H,(H2,17,18,19)	"""AuxInfo=1/1/N:11,10,12,21,18,19,8,13,22,17,7,16,5,9,20,14,6,15,4,23,1,3,2/E:(21,22)/CRV:23.6/rA:23OSONCNCCBrCCCCFNCCCCClCCO/rB:d1;d2;s2;s4;s5;s6;d7;s8;s8;d10;s11;s7d12;s13;w?5;s15;s2d16;s17;d18;s19;s19;s16d21;s22;/rC:;;;;;;;;;;;;;;;;;;;;;;;"""	P25025_WT	ChEMBL:CHEMBL2434	P25025	WT	CHEMBL896516	PMID:17524641	2007.0	PMID:17524641	2007	1	0	0	0	0		=	  5.800	5.8	0.0	0.0	1.0	5.8	0.0	CCRs_HUMAN_annotated_00114	True
InChI=1S/C13H8BrClFN3O3S/c14-8-2-1-7(16)5-9(8)17-13-18-12-10(20)3-6(15)4-11(12)23(21,22)19-13/h1-5,20H,(H2,17,18,19)_on_P25025_WT	High	ChEMBL31	ChEMBL31.compound.78703	O=S1(=O)NC(Nc2c(Br)ccc(F)c2)=Nc2c1cc(Cl)cc2O	KSBSGEOBNFESAI-UHFFFAOYSA-N	InChI=1S/C13H8BrClFN3O3S/c14-8-2-1-7(16)5-9(8)17-13-18-12-10(20)3-6(15)4-11(12)23(21,22)19-13/h1-5,20H,(H2,17,18,19)	"""AuxInfo=1/1/N:11,10,21,18,14,19,12,8,7,22,17,16,5,9,20,13,6,15,4,23,1,3,2/E:(21,22)/CRV:23.6/rA:23OSONCNCCBrCCCFCNCCCCClCCO/rB:d1;d2;s2;s4;s5;s6;d7;s8;s8;d10;s11;s12;s7d12;w?5;s15;s2d16;s17;d18;s19;s19;s16d21;s22;/rC:;;;;;;;;;;;;;;;;;;;;;;;"""	P25025_WT	ChEMBL:CHEMBL2434	P25025	WT	CHEMBL896516	PMID:17524641	2007.0	PMID:17524641	2007	1	0	0	0	0		=	  5.410	5.41	0.0	0.0	1.0	5.41	0.0	CCRs_HUMAN_annotated_00115	True
InChI=1S/C13H8BrClFN3O3S/c14-8-5-7(16)1-2-9(8)17-13-18-12-10(20)3-6(15)4-11(12)23(21,22)19-13/h1-5,20H,(H2,17,18,19)_on_P25025_WT	High	ExCAPE-DB;ChEMBL31	44432392;ChEMBL31.compound.78704	O=S1(=O)NC(Nc2ccc(F)cc2Br)=Nc2c1cc(Cl)cc2O	FOQSYIXDPXDTKX-UHFFFAOYSA-N	InChI=1S/C13H8BrClFN3O3S/c14-8-5-7(16)1-2-9(8)17-13-18-12-10(20)3-6(15)4-11(12)23(21,22)19-13/h1-5,20H,(H2,17,18,19)	"""AuxInfo=1/1/N:9,8,21,18,12,19,10,13,7,22,17,16,5,14,20,11,6,15,4,23,1,3,2/E:(21,22)/CRV:23.6/rA:23OSONCNCCCCFCCBrNCCCCClCCO/rB:d1;d2;s2;s4;s5;s6;d7;s8;d9;s10;s10;s7d12;s13;w?5;s15;s2d16;s17;d18;s19;s19;s16d21;s22;/rC:;;;;;;;;;;;;;;;;;;;;;;;"""	P25025_WT	EntrezID:3579;ChEMBL:CHEMBL2434	P25025	WT	PubChemAID:299467;CHEMBL896516	PMID:17524641	2007.0	PubChemAID:299467;PMID:17524641	2010;2007	0;1	0	0	0	1;0		=	  6.921;  6.920	6.921	0.001	0.001	2.0	6.921	0.001	CCRs_HUMAN_annotated_00116	True
InChI=1S/C13H8Cl2FN3O3S/c14-6-4-9(20)12-10(5-6)23(21,22)19-13(18-12)17-8-3-1-2-7(16)11(8)15/h1-5,20H,(H2,17,18,19)_on_P25024_WT	High	ChEMBL31	ChEMBL31.compound.78705	O=S1(=O)NC(Nc2c(Cl)c(F)ccc2)=Nc2c1cc(Cl)cc2O	LVXWALKAOMXUDJ-UHFFFAOYSA-N	InChI=1S/C13H8Cl2FN3O3S/c14-6-4-9(20)12-10(5-6)23(21,22)19-13(18-12)17-8-3-1-2-7(16)11(8)15/h1-5,20H,(H2,17,18,19)	"""AuxInfo=1/1/N:13,12,14,21,18,19,10,7,22,17,8,16,5,20,9,11,6,15,4,23,1,3,2/E:(21,22)/CRV:23.6/rA:23OSONCNCCClCFCCCNCCCCClCCO/rB:d1;d2;s2;s4;s5;s6;d7;s8;s8;s10;d10;s12;s7d13;w?5;s15;s2d16;s17;d18;s19;s19;s16d21;s22;/rC:;;;;;;;;;;;;;;;;;;;;;;;"""	P25024_WT	ChEMBL:CHEMBL4029	P25024	WT	CHEMBL896518	PMID:17524641	2007.0	PMID:17524641	2007	1	0	0	0	0		=	  4.890	4.89	0.0	0.0	1.0	4.89	0.0	CCRs_HUMAN_annotated_00117	True
InChI=1S/C13H8Cl2FN3O3S/c14-6-4-9(20)12-10(5-6)23(21,22)19-13(18-12)17-8-3-1-2-7(16)11(8)15/h1-5,20H,(H2,17,18,19)_on_P25025_WT	High	ChEMBL31;ChEMBL31;ExCAPE-DB	ChEMBL31.compound.78705;ChEMBL31.compound.78705;44432391	O=S1(=O)NC(Nc2c(Cl)c(F)ccc2)=Nc2c1cc(Cl)cc2O	LVXWALKAOMXUDJ-UHFFFAOYSA-N	InChI=1S/C13H8Cl2FN3O3S/c14-6-4-9(20)12-10(5-6)23(21,22)19-13(18-12)17-8-3-1-2-7(16)11(8)15/h1-5,20H,(H2,17,18,19)	"""AuxInfo=1/1/N:13,12,14,21,18,19,10,7,22,17,8,16,5,20,9,11,6,15,4,23,1,3,2/E:(21,22)/CRV:23.6/rA:23OSONCNCCClCFCCCNCCCCClCCO/rB:d1;d2;s2;s4;s5;s6;d7;s8;s8;s10;d10;s12;s7d13;w?5;s15;s2d16;s17;d18;s19;s19;s16d21;s22;/rC:;;;;;;;;;;;;;;;;;;;;;;;"""	P25025_WT	ChEMBL:CHEMBL2434;ChEMBL:CHEMBL2434;EntrezID:3579	P25025	WT	CHEMBL896517;CHEMBL896516;PubChemAID:299467	PMID:17524641	2007.0	PMID:17524641;PMID:17524641;PubChemAID:299467	2007;2007;2010	1;1;0	0	0	0	0;0;1		=	  6.340;  7.190;  7.194	6.908	0.402	0.284	3.0	7.19	0.004	CCRs_HUMAN_annotated_00118	True
InChI=1S/C13H8Cl3N3O3S/c1-2-6-22-13-12(17-7-10(15)18-13)19-23(20,21)9-5-3-4-8(14)11(9)16/h1,3-5,7H,6H2,(H,17,19)_on_P51679_WT	High	ChEMBL31	ChEMBL31.compound.376609	C#CCOc1nc(Cl)cnc1NS(=O)(=O)c1cccc(Cl)c1Cl	HYFSICBVTXPGTM-UHFFFAOYSA-N	InChI=1S/C13H8Cl3N3O3S/c1-2-6-22-13-12(17-7-10(15)18-13)19-23(20,21)9-5-3-4-8(14)11(9)16/h1,3-5,7H,6H2,(H,17,19)	"""AuxInfo=1/1/N:1,2,18,19,17,3,9,20,16,7,22,11,5,21,8,23,10,6,12,14,15,4,13/E:(20,21)/CRV:23.6/rA:23CCCOCNCClCNCNSOOCCCCCClCCl/rB:t1;s2;s3;s4;d5;s6;s7;d7;s9;s5d10;s11;s12;d13;d13;s13;d16;s17;d18;s19;s20;s16d20;s22;/rC:;;;;;;;;;;;;;;;;;;;;;;;"""	P51679_WT	ChEMBL:CHEMBL2414	P51679	WT	CHEMBL4134307	PMID:28947948	2017.0	PMID:28947948	2017	1	0	0	0	0		=	  8.600	8.6	0.0	0.0	1.0	8.6	0.0	CCRs_HUMAN_annotated_00119	True
InChI=1S/C13H9Br2N3O3S/c14-7-5-10(19)12-11(6-7)22(20,21)18-13(17-12)16-9-4-2-1-3-8(9)15/h1-6,19H,(H2,16,17,18)_on_P25025_WT	High	ExCAPE-DB;ChEMBL31	44432423;ChEMBL31.compound.78692	O=S1(=O)NC(Nc2ccccc2Br)=Nc2c1cc(Br)cc2O	VNDBWCAKDZRRNY-UHFFFAOYSA-N	InChI=1S/C13H9Br2N3O3S/c14-7-5-10(19)12-11(6-7)22(20,21)18-13(17-12)16-9-4-2-1-3-8(9)15/h1-6,19H,(H2,16,17,18)	"""AuxInfo=1/1/N:10,9,11,8,20,17,18,12,7,21,16,15,5,19,13,6,14,4,22,1,3,2/E:(20,21)/CRV:22.6/rA:22OSONCNCCCCCCBrNCCCCBrCCO/rB:d1;d2;s2;s4;s5;s6;d7;s8;d9;s10;s7d11;s12;w?5;s14;s2d15;s16;d17;s18;s18;s15d20;s21;/rC:;;;;;;;;;;;;;;;;;;;;;;"""	P25025_WT	EntrezID:3579;ChEMBL:CHEMBL2434	P25025	WT	PubChemAID:299467;CHEMBL896516	PMID:17524641	2007.0	PubChemAID:299467;PMID:17524641	2010;2007	0;1	0	0	0	1;0		=	  7.155;  7.160	7.158	0.002	0.002	2.0	7.158	0.002	CCRs_HUMAN_annotated_00120	True
InChI=1S/C13H9BrClN3O3S/c14-7-1-3-9(4-2-7)16-13-17-12-10(19)5-8(15)6-11(12)22(20,21)18-13/h1-6,19H,(H2,16,17,18)_on_P25025_WT	High	ExCAPE-DB;ChEMBL31	44432390;ChEMBL31.compound.78706	O=S1(=O)NC(Nc2ccc(Br)cc2)=Nc2c1cc(Cl)cc2O	DDMADENTIPFCJG-UHFFFAOYSA-N	InChI=1S/C13H9BrClN3O3S/c14-7-1-3-9(4-2-7)16-13-17-12-10(19)5-8(15)6-11(12)22(20,21)18-13/h1-6,19H,(H2,16,17,18)	"""AuxInfo=1/1/N:9,12,8,13,20,17,10,18,7,21,16,15,5,11,19,6,14,4,22,1,3,2/E:(1,2)(3,4)(20,21)/CRV:22.6/rA:22OSONCNCCCCBrCCNCCCCClCCO/rB:d1;d2;s2;s4;s5;s6;d7;s8;d9;s10;s10;s7d12;w?5;s14;s2d15;s16;d17;s18;s18;s15d20;s21;/rC:;;;;;;;;;;;;;;;;;;;;;;"""	P25025_WT	EntrezID:3579;ChEMBL:CHEMBL2434	P25025	WT	PubChemAID:299467;CHEMBL896516	PMID:17524641	2007.0	PubChemAID:299467;PMID:17524641	2010;2007	0;1	0	0	0	1;0		=	  5.292;  5.290	5.291	0.001	0.001	2.0	5.291	0.001	CCRs_HUMAN_annotated_00123	True
InChI=1S/C13H9BrClN3O3S/c14-7-2-1-3-9(4-7)16-13-17-12-10(19)5-8(15)6-11(12)22(20,21)18-13/h1-6,19H,(H2,16,17,18)_on_P25025_WT	High	ExCAPE-DB;ChEMBL31	44432388;ChEMBL31.compound.78707	O=S1(=O)NC(Nc2cc(Br)ccc2)=Nc2c1cc(Cl)cc2O	UODZJYIOOOSYBW-UHFFFAOYSA-N	InChI=1S/C13H9BrClN3O3S/c14-7-2-1-3-9(4-7)16-13-17-12-10(19)5-8(15)6-11(12)22(20,21)18-13/h1-6,19H,(H2,16,17,18)	"""AuxInfo=1/1/N:12,11,13,8,20,17,9,18,7,21,16,15,5,10,19,6,14,4,22,1,3,2/E:(20,21)/CRV:22.6/rA:22OSONCNCCCBrCCCNCCCCClCCO/rB:d1;d2;s2;s4;s5;s6;d7;s8;s9;d9;s11;s7d12;w?5;s14;s2d15;s16;d17;s18;s18;s15d20;s21;/rC:;;;;;;;;;;;;;;;;;;;;;;"""	P25025_WT	EntrezID:3579;ChEMBL:CHEMBL2434	P25025	WT	PubChemAID:299467;CHEMBL896516	PMID:17524641	2007.0	PubChemAID:299467;PMID:17524641	2010;2007	0;1	0	0	0	1;0		=	  5.215;  5.210	5.213	0.003	0.003	2.0	5.213	0.002	CCRs_HUMAN_annotated_00124	True
InChI=1S/C13H9BrClN3O3S/c14-7-3-1-2-4-9(7)16-13-17-11-10(19)6-5-8(15)12(11)22(20,21)18-13/h1-6,19H,(H2,16,17,18)_on_P25025_WT	High	ChEMBL31	ChEMBL31.compound.78713	O=S1(=O)NC(Nc2c(Br)cccc2)=Nc2c1c(Cl)ccc2O	KLINXLIPQNXIPS-UHFFFAOYSA-N	InChI=1S/C13H9BrClN3O3S/c14-7-3-1-2-4-9(7)16-13-17-11-10(19)6-5-8(15)12(11)22(20,21)18-13/h1-6,19H,(H2,16,17,18)	"""AuxInfo=1/1/N:11,12,10,13,19,20,8,17,7,21,15,16,5,9,18,6,14,4,22,1,3,2/E:(20,21)/CRV:22.6/rA:22OSONCNCCBrCCCCNCCCClCCCO/rB:d1;d2;s2;s4;s5;s6;d7;s8;s8;d10;s11;s7d12;w?5;s14;s2d15;s16;s17;d17;s19;s15d20;s21;/rC:;;;;;;;;;;;;;;;;;;;;;;"""	P25025_WT	ChEMBL:CHEMBL2434	P25025	WT	CHEMBL896516	PMID:17524641	2007.0	PMID:17524641	2007	1	0	0	0	0		=	  6.320	6.32	0.0	0.0	1.0	6.32	0.0	CCRs_HUMAN_annotated_00125	True
InChI=1S/C13H9BrClN3O3S/c14-8-3-1-2-4-9(8)16-13-17-12-10(19)5-7(15)6-11(12)22(20,21)18-13/h1-6,19H,(H2,16,17,18)_on_P25024_WT	High	ChEMBL31	ChEMBL31.compound.78708	O=S1(=O)NC(Nc2c(Br)cccc2)=Nc2c1cc(Cl)cc2O	GPAMUYHZZSXOLG-UHFFFAOYSA-N	InChI=1S/C13H9BrClN3O3S/c14-8-3-1-2-4-9(8)16-13-17-12-10(19)5-7(15)6-11(12)22(20,21)18-13/h1-6,19H,(H2,16,17,18)	"""AuxInfo=1/1/N:11,12,10,13,20,17,18,8,7,21,16,15,5,9,19,6,14,4,22,1,3,2/E:(20,21)/CRV:22.6/rA:22OSONCNCCBrCCCCNCCCCClCCO/rB:d1;d2;s2;s4;s5;s6;d7;s8;s8;d10;s11;s7d12;w?5;s14;s2d15;s16;d17;s18;s18;s15d20;s21;/rC:;;;;;;;;;;;;;;;;;;;;;;"""	P25024_WT	ChEMBL:CHEMBL4029	P25024	WT	CHEMBL896518	PMID:17524641	2007.0	PMID:17524641	2007	1	0	0	0	0		=	  4.890	4.89	0.0	0.0	1.0	4.89	0.0	CCRs_HUMAN_annotated_00126	True
InChI=1S/C13H9BrClN3O3S/c14-8-3-1-2-4-9(8)16-13-17-12-10(19)5-7(15)6-11(12)22(20,21)18-13/h1-6,19H,(H2,16,17,18)_on_P25025_WT	High	ExCAPE-DB;ChEMBL31;ChEMBL31	44432386;ChEMBL31.compound.78708;ChEMBL31.compound.78708	O=S1(=O)NC(Nc2ccccc2Br)=Nc2c1cc(Cl)cc2O	GPAMUYHZZSXOLG-UHFFFAOYSA-N	InChI=1S/C13H9BrClN3O3S/c14-8-3-1-2-4-9(8)16-13-17-12-10(19)5-7(15)6-11(12)22(20,21)18-13/h1-6,19H,(H2,16,17,18)	"""AuxInfo=1/1/N:10,9,11,8,20,17,18,12,7,21,16,15,5,13,19,6,14,4,22,1,3,2/E:(20,21)/CRV:22.6/rA:22OSONCNCCCCCCBrNCCCCClCCO/rB:d1;d2;s2;s4;s5;s6;d7;s8;d9;s10;s7d11;s12;w?5;s14;s2d15;s16;d17;s18;s18;s15d20;s21;/rC:;;;;;;;;;;;;;;;;;;;;;;"""	P25025_WT	EntrezID:3579;ChEMBL:CHEMBL2434;ChEMBL:CHEMBL2434	P25025	WT	PubChemAID:299467;CHEMBL896516;CHEMBL896517	PMID:17524641	2007.0	PubChemAID:299467;PMID:17524641;PMID:17524641	2010;2007;2007	0;1;1	0	0	0	1;0;0		=	  7.194;  7.190;  6.400	6.928	0.373	0.264	3.0	7.19	0.004	CCRs_HUMAN_annotated_00127	True
InChI=1S/C13H9BrFN3O3S/c14-7-3-1-2-4-9(7)16-13-17-11-10(19)6-5-8(15)12(11)22(20,21)18-13/h1-6,19H,(H2,16,17,18)_on_P25025_WT	High	ChEMBL31;ExCAPE-DB	ChEMBL31.compound.78714;44432436	O=S1(=O)NC(Nc2c(Br)cccc2)=Nc2c1c(F)ccc2O	DEZUWVMYFUOVEE-UHFFFAOYSA-N	InChI=1S/C13H9BrFN3O3S/c14-7-3-1-2-4-9(7)16-13-17-11-10(19)6-5-8(15)12(11)22(20,21)18-13/h1-6,19H,(H2,16,17,18)	"""AuxInfo=1/1/N:11,12,10,13,19,20,8,17,7,21,15,16,5,9,18,6,14,4,22,1,3,2/E:(20,21)/CRV:22.6/rA:22OSONCNCCBrCCCCNCCCFCCCO/rB:d1;d2;s2;s4;s5;s6;d7;s8;s8;d10;s11;s7d12;w?5;s14;s2d15;s16;s17;d17;s19;s15d20;s21;/rC:;;;;;;;;;;;;;;;;;;;;;;"""	P25025_WT	ChEMBL:CHEMBL2434;EntrezID:3579	P25025	WT	CHEMBL896516;PubChemAID:299467	PMID:17524641	2007.0	PMID:17524641;PubChemAID:299467	2007;2010	1;0	0	0	0	0;1		=	  5.520;  5.523	5.521	0.002	0.002	2.0	5.521	0.002	CCRs_HUMAN_annotated_00128	True
InChI=1S/C13H9BrFN3O3S/c14-8-3-1-2-4-9(8)16-13-17-12-10(19)5-7(15)6-11(12)22(20,21)18-13/h1-6,19H,(H2,16,17,18)_on_P25025_WT	High	ExCAPE-DB;ChEMBL31	44432422;ChEMBL31.compound.78693	O=S1(=O)NC(Nc2ccccc2Br)=Nc2c1cc(F)cc2O	CTSSEROLMFDPHL-UHFFFAOYSA-N	InChI=1S/C13H9BrFN3O3S/c14-8-3-1-2-4-9(8)16-13-17-12-10(19)5-7(15)6-11(12)22(20,21)18-13/h1-6,19H,(H2,16,17,18)	"""AuxInfo=1/1/N:10,9,11,8,20,17,18,12,7,21,16,15,5,13,19,6,14,4,22,1,3,2/E:(20,21)/CRV:22.6/rA:22OSONCNCCCCCCBrNCCCCFCCO/rB:d1;d2;s2;s4;s5;s6;d7;s8;d9;s10;s7d11;s12;w?5;s14;s2d15;s16;d17;s18;s18;s15d20;s21;/rC:;;;;;;;;;;;;;;;;;;;;;;"""	P25025_WT	EntrezID:3579;ChEMBL:CHEMBL2434	P25025	WT	PubChemAID:299467;CHEMBL896516	PMID:17524641	2007.0	PubChemAID:299467;PMID:17524641	2010;2007	0;1	0	0	0	1;0		=	  6.444;  6.440	6.442	0.002	0.002	2.0	6.442	0.002	CCRs_HUMAN_annotated_00129	True
InChI=1S/C13H9BrN4O5S/c14-8-3-1-2-4-9(8)15-13-16-12-10(19)5-7(18(20)21)6-11(12)24(22,23)17-13/h1-6,19H,(H2,15,16,17)_on_P25024_WT	High	ExCAPE-DB;ChEMBL31	11750288;ChEMBL31.compound.78716	O=[N+]([O-])c1cc(O)c2N=C(Nc3ccccc3Br)NS(=O)(=O)c2c1	YKEVWJLHADDVBF-UHFFFAOYSA-N	InChI=1S/C13H9BrN4O5S/c14-8-3-1-2-4-9(8)15-13-16-12-10(19)5-7(18(20)21)6-11(12)24(22,23)17-13/h1-6,19H,(H2,15,16,17)	"""AuxInfo=1/1/N:15,14,16,13,5,24,4,17,12,6,23,8,10,18,11,9,19,2,7,1,3,21,22,20/E:(20,21)(22,23)/CRV:18.5,24.6/rA:24ON+O-CCCOCNCNCCCCCCBrNSOOCC/rB:d1;s2;s2;d4;s5;s6;d6;s8;w?9;s10;s11;d12;s13;d14;s15;s12d16;s17;s10;s19;d20;d20;s8s20;s4d23;/rC:;;;;;;;;;;;;;;;;;;;;;;;;"""	P25024_WT	EntrezID:3577;ChEMBL:CHEMBL4029	P25024	WT	PubChemAID:299469;CHEMBL896518	PMID:17524641	2007.0	PubChemAID:299469;PMID:17524641	2010;2007	0;1	0	0	0	1;0		=	  5.495;  5.500	5.498	0.002	0.002	2.0	5.498	0.002	CCRs_HUMAN_annotated_00130	True
InChI=1S/C13H9BrN4O5S/c14-8-3-1-2-4-9(8)15-13-16-12-10(19)5-7(18(20)21)6-11(12)24(22,23)17-13/h1-6,19H,(H2,15,16,17)_on_P25025_WT	High	ChEMBL31	ChEMBL31.compound.78716	O=[N+]([O-])c1cc(O)c2N=C(Nc3c(Br)cccc3)NS(=O)(=O)c2c1	YKEVWJLHADDVBF-UHFFFAOYSA-N	InChI=1S/C13H9BrN4O5S/c14-8-3-1-2-4-9(8)15-13-16-12-10(19)5-7(18(20)21)6-11(12)24(22,23)17-13/h1-6,19H,(H2,15,16,17)	"""AuxInfo=1/1/N:16,17,15,18,5,24,4,13,12,6,23,8,10,14,11,9,19,2,7,1,3,21,22,20/E:(20,21)(22,23)/CRV:18.5,24.6/rA:24ON+O-CCCOCNCNCCBrCCCCNSOOCC/rB:d1;s2;s2;d4;s5;s6;d6;s8;w?9;s10;s11;d12;s13;s13;d15;s16;s12d17;s10;s19;d20;d20;s8s20;s4d23;/rC:;;;;;;;;;;;;;;;;;;;;;;;;"""	P25025_WT	ChEMBL:CHEMBL2434;ChEMBL:CHEMBL2434	P25025	WT	CHEMBL896517;CHEMBL896516	PMID:17524641	2007.0	PMID:17524641	2007	1	0	0	0	0		=	  6.220;  7.580	6.9	0.68	0.68	2.0	6.9	0.68	CCRs_HUMAN_annotated_00131	True
InChI=1S/C13H9Cl2N3O3S/c14-7-5-10(19)12-11(6-7)22(20,21)18-13(17-12)16-9-4-2-1-3-8(9)15/h1-6,19H,(H2,16,17,18)_on_P25024_WT	High	ChEMBL31	ChEMBL31.compound.78709	O=S1(=O)NC(Nc2c(Cl)cccc2)=Nc2c1cc(Cl)cc2O	YNIFITPRIRUSIA-UHFFFAOYSA-N	InChI=1S/C13H9Cl2N3O3S/c14-7-5-10(19)12-11(6-7)22(20,21)18-13(17-12)16-9-4-2-1-3-8(9)15/h1-6,19H,(H2,16,17,18)	"""AuxInfo=1/1/N:11,12,10,13,20,17,18,8,7,21,16,15,5,19,9,6,14,4,22,1,3,2/E:(20,21)/CRV:22.6/rA:22OSONCNCCClCCCCNCCCCClCCO/rB:d1;d2;s2;s4;s5;s6;d7;s8;s8;d10;s11;s7d12;w?5;s14;s2d15;s16;d17;s18;s18;s15d20;s21;/rC:;;;;;;;;;;;;;;;;;;;;;;"""	P25024_WT	ChEMBL:CHEMBL4029	P25024	WT	CHEMBL896518	PMID:17524641	2007.0	PMID:17524641	2007	1	0	0	0	0		=	  4.620	4.62	0.0	0.0	1.0	4.62	0.0	CCRs_HUMAN_annotated_00132	True
InChI=1S/C13H9Cl2N3O3S/c14-7-5-10(19)12-11(6-7)22(20,21)18-13(17-12)16-9-4-2-1-3-8(9)15/h1-6,19H,(H2,16,17,18)_on_P25025_WT	High	ChEMBL31	ChEMBL31.compound.78709	O=S1(=O)NC(Nc2c(Cl)cccc2)=Nc2c1cc(Cl)cc2O	YNIFITPRIRUSIA-UHFFFAOYSA-N	InChI=1S/C13H9Cl2N3O3S/c14-7-5-10(19)12-11(6-7)22(20,21)18-13(17-12)16-9-4-2-1-3-8(9)15/h1-6,19H,(H2,16,17,18)	"""AuxInfo=1/1/N:11,12,10,13,20,17,18,8,7,21,16,15,5,19,9,6,14,4,22,1,3,2/E:(20,21)/CRV:22.6/rA:22OSONCNCCClCCCCNCCCCClCCO/rB:d1;d2;s2;s4;s5;s6;d7;s8;s8;d10;s11;s7d12;w?5;s14;s2d15;s16;d17;s18;s18;s15d20;s21;/rC:;;;;;;;;;;;;;;;;;;;;;;"""	P25025_WT	ChEMBL:CHEMBL2434;ChEMBL:CHEMBL2434	P25025	WT	CHEMBL896517;CHEMBL896516	PMID:17524641	2007.0	PMID:17524641	2007	1	0	0	0	0		=	  6.280;  7.040	6.66	0.38	0.38	2.0	6.66	0.38	CCRs_HUMAN_annotated_00133	True
InChI=1S/C13H9Cl3N4O2S2/c14-9-2-1-8(7-20-4-3-17-19-20)11(5-9)18-24(21,22)12-6-10(15)13(16)23-12/h1-6,18H,7H2_on_P32246_WT	Medium	ChEMBL31	ChEMBL31.compound.743942	O=S(=O)(Nc1cc(Cl)ccc1Cn1ccnn1)c1cc(Cl)c(Cl)s1	HZPZDNAFDLIEJH-UHFFFAOYSA-N	InChI=1S/C13H9Cl3N4O2S2/c14-9-2-1-8(7-20-4-3-17-19-20)11(5-9)18-24(21,22)12-6-10(15)13(16)23-12/h1-6,18H,7H2	"""AuxInfo=1/0/N:10,9,15,14,6,19,12,11,7,20,5,18,22,8,21,23,16,4,17,13,1,3,24,2/E:(21,22)/CRV:24.6/rA:24OSONCCCClCCCCNCCNNCCCClCClS/rB:d1;d2;s2;s4;d5;s6;s7;d7;s9;s5d10;s11;s12;s13;d14;s15;s13d16;s2;d18;s19;s20;d20;s22;s18s22;/rC:;;;;;;;;;;;;;;;;;;;;;;;;"""	P32246_WT	ChEMBL:CHEMBL2413	P32246	WT	CHEMBL2213078	PMID:23079519	2012.0	PMID:23079519	2012	0	0	0	1	0		=	  6.300	6.3	0.0	0.0	1.0	6.3	0.0	CCRs_HUMAN_annotated_00134	True
InChI=1S/C13H9Cl3N4O2S2/c14-9-2-1-8(7-20-4-3-17-19-20)11(5-9)18-24(21,22)12-6-10(15)13(16)23-12/h1-6,18H,7H2_on_P41597_WT	Medium	ChEMBL31	ChEMBL31.compound.743942	O=S(=O)(Nc1cc(Cl)ccc1Cn1ccnn1)c1cc(Cl)c(Cl)s1	HZPZDNAFDLIEJH-UHFFFAOYSA-N	InChI=1S/C13H9Cl3N4O2S2/c14-9-2-1-8(7-20-4-3-17-19-20)11(5-9)18-24(21,22)12-6-10(15)13(16)23-12/h1-6,18H,7H2	"""AuxInfo=1/0/N:10,9,15,14,6,19,12,11,7,20,5,18,22,8,21,23,16,4,17,13,1,3,24,2/E:(21,22)/CRV:24.6/rA:24OSONCCCClCCCCNCCNNCCCClCClS/rB:d1;d2;s2;s4;d5;s6;s7;d7;s9;s5d10;s11;s12;s13;d14;s15;s13d16;s2;d18;s19;s20;d20;s22;s18s22;/rC:;;;;;;;;;;;;;;;;;;;;;;;;"""	P41597_WT	ChEMBL:CHEMBL4015	P41597	WT	CHEMBL2213079	PMID:23079519	2012.0	PMID:23079519	2012	0	0	0	1	0		=	  7.600	7.6	0.0	0.0	1.0	7.6	0.0	CCRs_HUMAN_annotated_00135	True
InChI=1S/C13H9Cl3N4O2S2/c14-9-2-1-8(7-20-4-3-17-19-20)11(5-9)18-24(21,22)12-6-10(15)13(16)23-12/h1-6,18H,7H2_on_P51679_WT	Medium	ChEMBL31	ChEMBL31.compound.743942	O=S(=O)(Nc1cc(Cl)ccc1Cn1ccnn1)c1cc(Cl)c(Cl)s1	HZPZDNAFDLIEJH-UHFFFAOYSA-N	InChI=1S/C13H9Cl3N4O2S2/c14-9-2-1-8(7-20-4-3-17-19-20)11(5-9)18-24(21,22)12-6-10(15)13(16)23-12/h1-6,18H,7H2	"""AuxInfo=1/0/N:10,9,15,14,6,19,12,11,7,20,5,18,22,8,21,23,16,4,17,13,1,3,24,2/E:(21,22)/CRV:24.6/rA:24OSONCCCClCCCCNCCNNCCCClCClS/rB:d1;d2;s2;s4;d5;s6;s7;d7;s9;s5d10;s11;s12;s13;d14;s15;s13d16;s2;d18;s19;s20;d20;s22;s18s22;/rC:;;;;;;;;;;;;;;;;;;;;;;;;"""	P51679_WT	ChEMBL:CHEMBL2414	P51679	WT	CHEMBL2213077	PMID:23079519	2012.0	PMID:23079519	2012	0	0	0	1	0		=	  6.400	6.4	0.0	0.0	1.0	6.4	0.0	CCRs_HUMAN_annotated_00136	True
InChI=1S/C13H9Cl3N4O2S2/c14-9-5-8(7-20-4-3-17-19-20)11(6-10(9)15)18-24(21,22)13-2-1-12(16)23-13/h1-6,18H,7H2_on_P32246_WT	Medium	ChEMBL31	ChEMBL31.compound.743939	O=S(=O)(Nc1cc(Cl)c(Cl)cc1Cn1ccnn1)c1ccc(Cl)s1	DRHNPWMFAGWFPG-UHFFFAOYSA-N	InChI=1S/C13H9Cl3N4O2S2/c14-9-5-8(7-20-4-3-17-19-20)11(6-10(9)15)18-24(21,22)13-2-1-12(16)23-13/h1-6,18H,7H2	"""AuxInfo=1/0/N:21,20,16,15,11,6,13,12,9,7,5,22,19,10,8,23,17,4,18,14,1,3,24,2/E:(21,22)/CRV:24.6/rA:24OSONCCCClCClCCCNCCNNCCCCClS/rB:d1;d2;s2;s4;d5;s6;s7;d7;s9;s9;s5d11;s12;s13;s14;d15;s16;s14d17;s2;d19;s20;d21;s22;s19s22;/rC:;;;;;;;;;;;;;;;;;;;;;;;;"""	P32246_WT	ChEMBL:CHEMBL2413	P32246	WT	CHEMBL2213078	PMID:23079519	2012.0	PMID:23079519	2012	0	0	0	1	0		=	  6.500	6.5	0.0	0.0	1.0	6.5	0.0	CCRs_HUMAN_annotated_00137	True
InChI=1S/C13H9Cl3N4O2S2/c14-9-5-8(7-20-4-3-17-19-20)11(6-10(9)15)18-24(21,22)13-2-1-12(16)23-13/h1-6,18H,7H2_on_P41597_WT	Medium	ChEMBL31	ChEMBL31.compound.743939	O=S(=O)(Nc1cc(Cl)c(Cl)cc1Cn1ccnn1)c1ccc(Cl)s1	DRHNPWMFAGWFPG-UHFFFAOYSA-N	InChI=1S/C13H9Cl3N4O2S2/c14-9-5-8(7-20-4-3-17-19-20)11(6-10(9)15)18-24(21,22)13-2-1-12(16)23-13/h1-6,18H,7H2	"""AuxInfo=1/0/N:21,20,16,15,11,6,13,12,9,7,5,22,19,10,8,23,17,4,18,14,1,3,24,2/E:(21,22)/CRV:24.6/rA:24OSONCCCClCClCCCNCCNNCCCCClS/rB:d1;d2;s2;s4;d5;s6;s7;d7;s9;s9;s5d11;s12;s13;s14;d15;s16;s14d17;s2;d19;s20;d21;s22;s19s22;/rC:;;;;;;;;;;;;;;;;;;;;;;;;"""	P41597_WT	ChEMBL:CHEMBL4015	P41597	WT	CHEMBL2213079	PMID:23079519	2012.0	PMID:23079519	2012	0	0	0	1	0		=	  7.900	7.9	0.0	0.0	1.0	7.9	0.0	CCRs_HUMAN_annotated_00138	True
InChI=1S/C13H9Cl3N4O2S2/c14-9-5-8(7-20-4-3-17-19-20)11(6-10(9)15)18-24(21,22)13-2-1-12(16)23-13/h1-6,18H,7H2_on_P51679_WT	Medium	ChEMBL31	ChEMBL31.compound.743939	O=S(=O)(Nc1cc(Cl)c(Cl)cc1Cn1ccnn1)c1ccc(Cl)s1	DRHNPWMFAGWFPG-UHFFFAOYSA-N	InChI=1S/C13H9Cl3N4O2S2/c14-9-5-8(7-20-4-3-17-19-20)11(6-10(9)15)18-24(21,22)13-2-1-12(16)23-13/h1-6,18H,7H2	"""AuxInfo=1/0/N:21,20,16,15,11,6,13,12,9,7,5,22,19,10,8,23,17,4,18,14,1,3,24,2/E:(21,22)/CRV:24.6/rA:24OSONCCCClCClCCCNCCNNCCCCClS/rB:d1;d2;s2;s4;d5;s6;s7;d7;s9;s9;s5d11;s12;s13;s14;d15;s16;s14d17;s2;d19;s20;d21;s22;s19s22;/rC:;;;;;;;;;;;;;;;;;;;;;;;;"""	P51679_WT	ChEMBL:CHEMBL2414	P51679	WT	CHEMBL2213077	PMID:23079519	2012.0	PMID:23079519	2012	0	0	0	1	0		=	  6.300	6.3	0.0	0.0	1.0	6.3	0.0	CCRs_HUMAN_annotated_00139	True
InChI=1S/C13H9ClFN3O3S/c14-7-5-10(19)12-11(6-7)22(20,21)18-13(17-12)16-9-4-2-1-3-8(9)15/h1-6,19H,(H2,16,17,18)_on_P25025_WT	High	ExCAPE-DB;ChEMBL31	44432385;ChEMBL31.compound.78710	O=S1(=O)NC(Nc2ccccc2F)=Nc2c1cc(Cl)cc2O	HSEBBCWAZOTVEK-UHFFFAOYSA-N	InChI=1S/C13H9ClFN3O3S/c14-7-5-10(19)12-11(6-7)22(20,21)18-13(17-12)16-9-4-2-1-3-8(9)15/h1-6,19H,(H2,16,17,18)	"""AuxInfo=1/1/N:10,9,11,8,20,17,18,12,7,21,16,15,5,19,13,6,14,4,22,1,3,2/E:(20,21)/CRV:22.6/rA:22OSONCNCCCCCCFNCCCCClCCO/rB:d1;d2;s2;s4;s5;s6;d7;s8;d9;s10;s7d11;s12;w?5;s14;s2d15;s16;d17;s18;s18;s15d20;s21;/rC:;;;;;;;;;;;;;;;;;;;;;;"""	P25025_WT	EntrezID:3579;ChEMBL:CHEMBL2434	P25025	WT	PubChemAID:299467;CHEMBL896516	PMID:17524641	2007.0	PubChemAID:299467;PMID:17524641	2010;2007	0;1	0	0	0	1;0		=	  6.131;  6.130	6.13	0.0	0.0	2.0	6.13	0.001	CCRs_HUMAN_annotated_00140	True
InChI=1S/C13H9ClN4O5S/c14-8-3-1-2-4-9(8)15-13-16-12-10(19)5-7(18(20)21)6-11(12)24(22,23)17-13/h1-6,19H,(H2,15,16,17)_on_P25024_WT	High	ChEMBL31	ChEMBL31.compound.78711	O=[N+]([O-])c1cc(O)c2N=C(Nc3c(Cl)cccc3)NS(=O)(=O)c2c1	MXDWNZUMSIYAFL-UHFFFAOYSA-N	InChI=1S/C13H9ClN4O5S/c14-8-3-1-2-4-9(8)15-13-16-12-10(19)5-7(18(20)21)6-11(12)24(22,23)17-13/h1-6,19H,(H2,15,16,17)	"""AuxInfo=1/1/N:16,17,15,18,5,24,4,13,12,6,23,8,10,14,11,9,19,2,7,1,3,21,22,20/E:(20,21)(22,23)/CRV:18.5,24.6/rA:24ON+O-CCCOCNCNCCClCCCCNSOOCC/rB:d1;s2;s2;d4;s5;s6;d6;s8;w?9;s10;s11;d12;s13;s13;d15;s16;s12d17;s10;s19;d20;d20;s8s20;s4d23;/rC:;;;;;;;;;;;;;;;;;;;;;;;;"""	P25024_WT	ChEMBL:CHEMBL4029	P25024	WT	CHEMBL896518	PMID:17524641	2007.0	PMID:17524641	2007	1	0	0	0	0		=	  4.920	4.92	0.0	0.0	1.0	4.92	0.0	CCRs_HUMAN_annotated_00141	True
InChI=1S/C13H9ClN4O5S/c14-8-3-1-2-4-9(8)15-13-16-12-10(19)5-7(18(20)21)6-11(12)24(22,23)17-13/h1-6,19H,(H2,15,16,17)_on_P25025_WT	High	ChEMBL31;ChEMBL31;ExCAPE-DB	ChEMBL31.compound.78711;ChEMBL31.compound.78711;11222420	O=[N+]([O-])c1cc(O)c2N=C(Nc3c(Cl)cccc3)NS(=O)(=O)c2c1	MXDWNZUMSIYAFL-UHFFFAOYSA-N	InChI=1S/C13H9ClN4O5S/c14-8-3-1-2-4-9(8)15-13-16-12-10(19)5-7(18(20)21)6-11(12)24(22,23)17-13/h1-6,19H,(H2,15,16,17)	"""AuxInfo=1/1/N:16,17,15,18,5,24,4,13,12,6,23,8,10,14,11,9,19,2,7,1,3,21,22,20/E:(20,21)(22,23)/CRV:18.5,24.6/rA:24ON+O-CCCOCNCNCCClCCCCNSOOCC/rB:d1;s2;s2;d4;s5;s6;d6;s8;w?9;s10;s11;d12;s13;s13;d15;s16;s12d17;s10;s19;d20;d20;s8s20;s4d23;/rC:;;;;;;;;;;;;;;;;;;;;;;;;"""	P25025_WT	ChEMBL:CHEMBL2434;ChEMBL:CHEMBL2434;EntrezID:3579	P25025	WT	CHEMBL896517;CHEMBL896516;PubChemAID:299467	PMID:17524641	2007.0	PMID:17524641;PMID:17524641;PubChemAID:299467	2007;2007;2010	1;1;0	0	0	0	0;0;1		=	  5.960;  7.090;  7.092	6.714	0.533	0.377	3.0	7.09	0.002	CCRs_HUMAN_annotated_00142	True
InChI=1S/C13H10Cl2N4O2S/c1-19-13-8(7-17-19)10(5-6-16-13)18-22(20,21)11-4-2-3-9(14)12(11)15/h2-7H,1H3,(H,16,18)_on_P51679_WT	High	ChEMBL31	ChEMBL31.compound.369755	Cn1ncc2c1nccc2NS(=O)(=O)c1c(Cl)c(Cl)ccc1	VPRZIBYCXBFLKU-UHFFFAOYSA-N	InChI=1S/C13H10Cl2N4O2S/c1-19-13-8(7-17-19)10(5-6-16-13)18-22(20,21)11-4-2-3-9(14)12(11)15/h2-7H,1H3,(H,16,18)	"""AuxInfo=1/1/N:1,21,20,22,9,8,4,5,18,10,15,16,6,19,17,7,3,11,2,13,14,12/E:(20,21)/CRV:22.6/rA:22CNNCCCNCCCNSOOCCClCClCCC/rB:s1;s2;d3;s4;s2d5;s6;d7;s8;s5d9;s10;s11;d12;d12;s12;d15;s16;s16;s18;d18;s20;s15d21;/rC:;;;;;;;;;;;;;;;;;;;;;;"""	P51679_WT	ChEMBL:CHEMBL2414	P51679	WT	CHEMBL4045586	PMID:28801066	2017.0	PMID:28801066	2017	1	0	0	0	0		=	  4.900	4.9	0.0	0.0	1.0	4.9	0.0	CCRs_HUMAN_annotated_00149	True
InChI=1S/C13H10Cl2N4O2S2/c14-10-2-1-9(8-19-6-5-16-18-19)11(7-10)17-23(20,21)13-4-3-12(15)22-13/h1-7,17H,8H2_on_P32246_WT	Medium	ChEMBL31	ChEMBL31.compound.743945	O=S(=O)(Nc1cc(Cl)ccc1Cn1ccnn1)c1ccc(Cl)s1	MKCDZUGYALTJNA-UHFFFAOYSA-N	InChI=1S/C13H10Cl2N4O2S2/c14-10-2-1-9(8-19-6-5-16-18-19)11(7-10)17-23(20,21)13-4-3-12(15)22-13/h1-7,17H,8H2	"""AuxInfo=1/0/N:10,9,20,19,15,14,6,12,11,7,5,21,18,8,22,16,4,17,13,1,3,23,2/E:(20,21)/CRV:23.6/rA:23OSONCCCClCCCCNCCNNCCCCClS/rB:d1;d2;s2;s4;d5;s6;s7;d7;s9;s5d10;s11;s12;s13;d14;s15;s13d16;s2;d18;s19;d20;s21;s18s21;/rC:;;;;;;;;;;;;;;;;;;;;;;;"""	P32246_WT	ChEMBL:CHEMBL2413	P32246	WT	CHEMBL2213078	PMID:23079519	2012.0	PMID:23079519	2012	0	0	0	1	0		=	  6.000	6.0	0.0	0.0	1.0	6.0	0.0	CCRs_HUMAN_annotated_00150	True
InChI=1S/C13H10Cl2N4O2S2/c14-10-2-1-9(8-19-6-5-16-18-19)11(7-10)17-23(20,21)13-4-3-12(15)22-13/h1-7,17H,8H2_on_P41597_WT	Medium	ChEMBL31	ChEMBL31.compound.743945	O=S(=O)(Nc1cc(Cl)ccc1Cn1ccnn1)c1ccc(Cl)s1	MKCDZUGYALTJNA-UHFFFAOYSA-N	InChI=1S/C13H10Cl2N4O2S2/c14-10-2-1-9(8-19-6-5-16-18-19)11(7-10)17-23(20,21)13-4-3-12(15)22-13/h1-7,17H,8H2	"""AuxInfo=1/0/N:10,9,20,19,15,14,6,12,11,7,5,21,18,8,22,16,4,17,13,1,3,23,2/E:(20,21)/CRV:23.6/rA:23OSONCCCClCCCCNCCNNCCCCClS/rB:d1;d2;s2;s4;d5;s6;s7;d7;s9;s5d10;s11;s12;s13;d14;s15;s13d16;s2;d18;s19;d20;s21;s18s21;/rC:;;;;;;;;;;;;;;;;;;;;;;;"""	P41597_WT	ChEMBL:CHEMBL4015	P41597	WT	CHEMBL2213079	PMID:23079519	2012.0	PMID:23079519	2012	0	0	0	1	0		=	  7.300	7.3	0.0	0.0	1.0	7.3	0.0	CCRs_HUMAN_annotated_00151	True
InChI=1S/C13H10Cl2N4O2S2/c14-10-2-1-9(8-19-6-5-16-18-19)11(7-10)17-23(20,21)13-4-3-12(15)22-13/h1-7,17H,8H2_on_P51679_WT	Medium	ChEMBL31	ChEMBL31.compound.743945	O=S(=O)(Nc1cc(Cl)ccc1Cn1ccnn1)c1ccc(Cl)s1	MKCDZUGYALTJNA-UHFFFAOYSA-N	InChI=1S/C13H10Cl2N4O2S2/c14-10-2-1-9(8-19-6-5-16-18-19)11(7-10)17-23(20,21)13-4-3-12(15)22-13/h1-7,17H,8H2	"""AuxInfo=1/0/N:10,9,20,19,15,14,6,12,11,7,5,21,18,8,22,16,4,17,13,1,3,23,2/E:(20,21)/CRV:23.6/rA:23OSONCCCClCCCCNCCNNCCCCClS/rB:d1;d2;s2;s4;d5;s6;s7;d7;s9;s5d10;s11;s12;s13;d14;s15;s13d16;s2;d18;s19;d20;s21;s18s21;/rC:;;;;;;;;;;;;;;;;;;;;;;;"""	P51679_WT	ChEMBL:CHEMBL2414	P51679	WT	CHEMBL2213077	PMID:23079519	2012.0	PMID:23079519	2012	0	0	0	1	0		=	  5.400	5.4	0.0	0.0	1.0	5.4	0.0	CCRs_HUMAN_annotated_00152	True
InChI=1S/C13H10Cl2N4O4S/c1-23-8-5-7-11(18-13(20)16-7)17-12(8)19-24(21,22)9-4-2-3-6(14)10(9)15/h2-5H,1H3,(H3,16,17,18,19,20)_on_P51679_WT	High	ChEMBL31	ChEMBL31.compound.247810	COc1c(NS(=O)(=O)c2c(Cl)c(Cl)ccc2)nc2nc(O)[nH]c2c1	LAHSJYDEGNXQHI-UHFFFAOYSA-N	InChI=1S/C13H10Cl2N4O4S/c1-23-8-5-7-11(18-13(20)16-7)17-12(8)19-24(21,22)9-4-2-3-6(14)10(9)15/h2-5H,1H3,(H3,16,17,18,19,20)	"""AuxInfo=1/1/N:1,15,14,16,24,12,23,3,9,10,18,4,20,13,11,22,17,19,5,21,7,8,2,6/E:(21,22)/CRV:24.6/rA:24COCCNSOOCCClCClCCCNCNCONCC/rB:s1;s2;d3;s4;s5;d6;d6;s6;d9;s10;s10;s12;d12;s14;s9d15;s4;d17;s18;d19;s20;s20;s18s22;s3d23;/rC:;;;;;;;;;;;;;;;;;;;;;;;;"""	P51679_WT	ChEMBL:CHEMBL2414;ChEMBL:CHEMBL2414	P51679	WT	CHEMBL3367645;CHEMBL3367642	PMID:24909677	2014.0	PMID:24909677	2014	0;1	0	1;0	0	0		=	  6.100;  7.600	6.85	0.75	0.75	2.0	6.85	0.75	CCRs_HUMAN_annotated_00153	True
InChI=1S/C13H10Cl2N4O4S/c1-23-12-8(5-7-11(17-12)18-13(20)16-7)19-24(21,22)9-4-2-3-6(14)10(9)15/h2-5,19H,1H3,(H2,16,17,18,20)_on_P51679_WT	High	ChEMBL31	ChEMBL31.compound.247811	COc1nc2c(cc1NS(=O)(=O)c1c(Cl)c(Cl)ccc1)nc(O)[nH]2	QSVQNPOYGWSGNM-UHFFFAOYSA-N	InChI=1S/C13H10Cl2N4O4S/c1-23-12-8(5-7-11(17-12)18-13(20)16-7)19-24(21,22)9-4-2-3-6(14)10(9)15/h2-5,19H,1H3,(H2,16,17,18,20)	"""AuxInfo=1/1/N:1,19,18,20,7,16,6,8,13,14,5,3,22,17,15,21,4,24,9,23,11,12,2,10/E:(21,22)/CRV:24.6/rA:24COCNCCCCNSOOCCClCClCCCNCON/rB:s1;s2;d3;s4;d5;s6;s3d7;s8;s9;d10;d10;s10;d13;s14;s14;s16;d16;s18;s13d19;s6;d21;s22;s5s22;/rC:;;;;;;;;;;;;;;;;;;;;;;;;"""	P51679_WT	ChEMBL:CHEMBL2414;ChEMBL:CHEMBL2414	P51679	WT	CHEMBL3367642;CHEMBL3367645	PMID:24909677	2014.0	PMID:24909677	2014	1;0	0	0;1	0	0		=	  7.100;  5.600	6.35	0.75	0.75	2.0	6.35	0.75	CCRs_HUMAN_annotated_00154	True
InChI=1S/C13H10ClN3O3S/c14-8-4-1-2-5-9(8)15-13-16-12-10(18)6-3-7-11(12)21(19,20)17-13/h1-7,18H,(H2,15,16,17)_on_P25025_WT	High	ChEMBL31;ExCAPE-DB	ChEMBL31.compound.78694;11336278	O=S1(=O)NC(Nc2c(Cl)cccc2)=Nc2c1cccc2O	OPHVRMBDDUQBHY-UHFFFAOYSA-N	InChI=1S/C13H10ClN3O3S/c14-8-4-1-2-5-9(8)15-13-16-12-10(18)6-3-7-11(12)21(19,20)17-13/h1-7,18H,(H2,15,16,17)	"""AuxInfo=1/1/N:11,12,18,10,13,19,17,8,7,20,16,15,5,9,6,14,4,21,1,3,2/E:(19,20)/CRV:21.6/rA:21OSONCNCCClCCCCNCCCCCCO/rB:d1;d2;s2;s4;s5;s6;d7;s8;s8;d10;s11;s7d12;w?5;s14;s2d15;s16;d17;s18;s15d19;s20;/rC:;;;;;;;;;;;;;;;;;;;;;"""	P25025_WT	ChEMBL:CHEMBL2434;EntrezID:3579	P25025	WT	CHEMBL896516;PubChemAID:299467	PMID:17524641	2007.0	PMID:17524641;PubChemAID:299467	2007;2010	1;0	0	0	0	0;1		=	  5.280;  5.284	5.282	0.002	0.002	2.0	5.282	0.002	CCRs_HUMAN_annotated_00157	True
InChI=1S/C13H10ClN3O3S/c14-8-6-10(18)12-11(7-8)21(19,20)17-13(16-12)15-9-4-2-1-3-5-9/h1-7,18H,(H2,15,16,17)_on_P25025_WT	High	ChEMBL31	ChEMBL31.compound.78691	O=S1(=O)NC(Nc2ccccc2)=Nc2c1cc(Cl)cc2O	CSVFYLNVNAKVAF-UHFFFAOYSA-N	InChI=1S/C13H10ClN3O3S/c14-8-6-10(18)12-11(7-8)21(19,20)17-13(16-12)15-9-4-2-1-3-5-9/h1-7,18H,(H2,15,16,17)	"""AuxInfo=1/1/N:10,9,11,8,12,19,16,17,7,20,15,14,5,18,6,13,4,21,1,3,2/E:(2,3)(4,5)(19,20)/CRV:21.6/rA:21OSONCNCCCCCCNCCCCClCCO/rB:d1;d2;s2;s4;s5;s6;d7;s8;d9;s10;s7d11;w?5;s13;s2d14;s15;d16;s17;s17;s14d19;s20;/rC:;;;;;;;;;;;;;;;;;;;;;"""	P25025_WT	ChEMBL:CHEMBL2434	P25025	WT	CHEMBL896516	PMID:17524641	2007.0	PMID:17524641	2007	1	0	0	0	0		=	  5.620	5.62	0.0	0.0	1.0	5.62	0.0	CCRs_HUMAN_annotated_00158	True
InChI=1S/C13H10F2N4OS/c1-7-16-13-17-8(5-11(20)19(13)18-7)6-21-10-4-2-3-9(14)12(10)15/h2-5,20H,6H2,1H3_on_P25025_WT	High	ChEMBL31;ExCAPE-DB	ChEMBL31.compound.227169;24958572	Cc1nn2c(O)cc(CSc3cccc(F)c3F)nc2n1	WGSHIDNEHPLTBP-UHFFFAOYSA-N	InChI=1S/C13H10F2N4OS/c1-7-16-13-17-8(5-11(20)19(13)18-7)6-21-10-4-2-3-9(14)12(10)15/h2-5,20H,6H2,1H3	"""AuxInfo=1/0/N:1,13,14,12,7,9,2,8,15,11,5,17,20,16,18,21,19,3,4,6,10/rA:21CCNNCOCCCSCCCCCFCFNCN/rB:s1;d2;s3;s4;s5;d5;s7;s8;s9;s10;d11;s12;d13;s14;s15;s11d15;s17;d8;s4s19;s2d20;/rC:;;;;;;;;;;;;;;;;;;;;;"""	P25025_WT	ChEMBL:CHEMBL2434;EntrezID:3579	P25025	WT	CHEMBL3107238;PubChemAID:1063165	PMID:24332493	2014.0	PMID:24332493;PubChemAID:1063165	2014	1;0	0	0	0	0;1		=	  5.820;  5.824	5.822	0.002	0.002	2.0	5.822	0.002	CCRs_HUMAN_annotated_00162	True
InChI=1S/C13H11Cl2N5O3S/c1-2-20-13(21)9-11(18-20)16-6-17-12(9)19-24(22,23)8-5-3-4-7(14)10(8)15/h3-6,21H,2H2,1H3,(H,16,17,18,19)_on_P51679_WT	Low	ChEMBL31	ChEMBL31.compound.1086962	CCn1nc2ncnc(NS(=O)(=O)c3c(Cl)c(Cl)ccc3)c2c1O	ZXINXXFADJKUQH-UHFFFAOYSA-N	InChI=1S/C13H11Cl2N5O3S/c1-2-20-13(21)9-11(18-20)16-6-17-12(9)19-24(22,23)8-5-3-4-7(14)10(8)15/h3-6,21H,2H2,1H3,(H,16,17,18,19)	"""AuxInfo=1/1/N:1,2,20,19,21,7,17,14,22,15,5,9,23,18,16,6,8,4,10,3,24,12,13,11/E:(22,23)/CRV:24.6/rA:24CCNNCNCNCNSOOCCClCClCCCCCO/rB:s1;s2;s3;d4;s5;d6;s7;d8;s9;s10;d11;d11;s11;d14;s15;s15;s17;d17;s19;s14d20;s5s9;s3d22;s23;/rC:;;;;;;;;;;;;;;;;;;;;;;;;"""	P51679_WT	ChEMBL:CHEMBL2414	P51679	WT	CHEMBL4045586	PMID:28801066	2017.0	PMID:28801066	2017	1	0	0	0	0		<	  4.500	4.5	0.0	0.0	1.0	4.5	0.0	CCRs_HUMAN_annotated_00168	True
InChI=1S/C13H11Cl2N5O3S/c1-2-23-13-9-11(18-19-13)16-6-17-12(9)20-24(21,22)8-5-3-4-7(14)10(8)15/h3-6H,2H2,1H3,(H2,16,17,18,19,20)_on_P51679_WT	High	ChEMBL31	ChEMBL31.compound.369749	CCOc1c2c(NS(=O)(=O)c3c(Cl)c(Cl)ccc3)ncnc2n[nH]1	VDRMWPDDONONGM-UHFFFAOYSA-N	InChI=1S/C13H11Cl2N5O3S/c1-2-23-13-9-11(18-19-13)16-6-17-12(9)20-24(21,22)8-5-3-4-7(14)10(8)15/h3-6H,2H2,1H3,(H2,16,17,18,19,20)	"""AuxInfo=1/1/N:1,2,17,16,18,20,14,11,5,12,22,6,4,15,13,21,19,23,24,7,9,10,3,8/E:(21,22)/CRV:24.6/rA:24CCOCCCNSOOCCClCClCCCNCNCNN/rB:s1;s2;s3;d4;s5;s6;s7;d8;d8;s8;d11;s12;s12;s14;d14;s16;s11d17;d6;s19;d20;s5s21;d22;s4s23;/rC:;;;;;;;;;;;;;;;;;;;;;;;;"""	P51679_WT	ChEMBL:CHEMBL2414	P51679	WT	CHEMBL4045586	PMID:28801066	2017.0	PMID:28801066	2017	1	0	0	0	0		=	  6.100	6.1	0.0	0.0	1.0	6.1	0.0	CCRs_HUMAN_annotated_00169	True
InChI=1S/C13H11Cl2N5O3S/c1-20-12-9(13(18-20)23-2)11(16-6-17-12)19-24(21,22)8-5-3-4-7(14)10(8)15/h3-6H,1-2H3,(H,16,17,19)_on_P51679_WT	High	ChEMBL31	ChEMBL31.compound.369753	COc1nn(C)c2c1c(NS(=O)(=O)c1c(Cl)c(Cl)ccc1)ncn2	WEUWVPFLKDUZFK-UHFFFAOYSA-N	InChI=1S/C13H11Cl2N5O3S/c1-20-12-9(13(18-20)23-2)11(16-6-17-12)19-24(21,22)8-5-3-4-7(14)10(8)15/h3-6H,1-2H3,(H,16,17,19)	"""AuxInfo=1/1/N:6,1,20,19,21,23,17,14,8,15,9,7,3,18,16,22,24,4,10,5,12,13,2,11/E:(21,22)/CRV:24.6/rA:24COCNNCCCCNSOOCCClCClCCCNCN/rB:s1;s2;d3;s4;s5;s5;s3d7;s8;s9;s10;d11;d11;s11;d14;s15;s15;s17;d17;s19;s14d20;d9;s22;s7d23;/rC:;;;;;;;;;;;;;;;;;;;;;;;;"""	P51679_WT	ChEMBL:CHEMBL2414	P51679	WT	CHEMBL4045586	PMID:28801066	2017.0	PMID:28801066	2017	1	0	0	0	0		=	  7.200	7.2	0.0	0.0	1.0	7.2	0.0	CCRs_HUMAN_annotated_00170	True
InChI=1S/C13H12Cl2N6O3S/c1-21-11-8(12(19-21)24-2)10(17-13(16)18-11)20-25(22,23)7-5-3-4-6(14)9(7)15/h3-5H,1-2H3,(H3,16,17,18,20)_on_P51679_WT	High	ChEMBL31	ChEMBL31.compound.369761	COc1nn(C)c2c1c(NS(=O)(=O)c1cccc(Cl)c1Cl)nc(N)n2	XTBTVGBOOSJBMO-UHFFFAOYSA-N	InChI=1S/C13H12Cl2N6O3S/c1-21-11-8(12(19-21)24-2)10(17-13(16)18-11)20-25(22,23)7-5-3-4-6(14)9(7)15/h3-5H,1-2H3,(H3,16,17,18,20)	"""AuxInfo=1/1/N:6,1,16,17,15,18,14,8,20,9,7,3,23,19,21,24,22,25,4,10,5,12,13,2,11/E:(22,23)/CRV:25.6/rA:25COCNNCCCCNSOOCCCCCClCClNCNN/rB:s1;s2;d3;s4;s5;s5;s3d7;s8;s9;s10;d11;d11;s11;d14;s15;d16;s17;s18;s14d18;s20;d9;s22;s23;s7d23;/rC:;;;;;;;;;;;;;;;;;;;;;;;;;"""	P51679_WT	ChEMBL:CHEMBL2414	P51679	WT	CHEMBL4045586	PMID:28801066	2017.0	PMID:28801066	2017	1	0	0	0	0		=	  6.500	6.5	0.0	0.0	1.0	6.5	0.0	CCRs_HUMAN_annotated_00184	True
InChI=1S/C13H12ClN5O/c1-7-10(6-8-3-2-4-9(14)5-8)11(20)19-13(16-7)17-12(15)18-19/h2-5,20H,6H2,1H3,(H2,15,18)_on_P41597_WT	High	ChEMBL31	ChEMBL31.compound.403340	Cc1nc2nc(N)nn2c(O)c1Cc1cccc(Cl)c1	GNACCVIIIXDTMQ-UHFFFAOYSA-N	InChI=1S/C13H12ClN5O/c1-7-10(6-8-3-2-4-9(14)5-8)11(20)19-13(16-7)17-12(15)18-19/h2-5,20H,6H2,1H3,(H2,15,18)	"""AuxInfo=1/1/N:1,16,15,17,20,13,2,14,18,12,10,6,4,19,7,3,5,8,9,11/rA:20CCNCNCNNNCOCCCCCCCClC/rB:s1;d2;s3;d4;s5;s6;d6;s4s8;s9;s10;s2d10;s12;s13;d14;s15;d16;s17;s18;s14d18;/rC:;;;;;;;;;;;;;;;;;;;;"""	P41597_WT	ChEMBL:CHEMBL4015;ChEMBL:CHEMBL4015	P41597	WT	CHEMBL4324717	PMID:31742400	2019.0	PMID:31742400	2019	0	0	0	1	0		=	  7.760;  7.780	7.77	0.01	0.01	2.0	7.77	0.01	CCRs_HUMAN_annotated_00185	True
InChI=1S/C13H13Cl2N3O4S/c1-3-22-10-7-16-12(13(17-10)21-2)18-23(19,20)9-6-4-5-8(14)11(9)15/h4-7H,3H2,1-2H3,(H,16,18)_on_P51679_WT	High	ChEMBL31	ChEMBL31.compound.376615	CCOc1cnc(NS(=O)(=O)c2cccc(Cl)c2Cl)c(OC)n1	AGFSXEHQJPFTGW-UHFFFAOYSA-N	InChI=1S/C13H13Cl2N3O4S/c1-3-22-10-7-16-12(13(17-10)21-2)18-23(19,20)9-6-4-5-8(14)11(9)15/h4-7H,3H2,1-2H3,(H,16,18)	"""AuxInfo=1/1/N:1,22,2,14,15,13,5,16,12,4,18,7,20,17,19,6,23,8,10,11,21,3,9/E:(19,20)/CRV:23.6/rA:23CCOCCNCNSOOCCCCCClCClCOCN/rB:s1;s2;s3;d4;s5;d6;s7;s8;d9;d9;s9;d12;s13;d14;s15;s16;s12d16;s18;s7;s20;s21;s4d20;/rC:;;;;;;;;;;;;;;;;;;;;;;;"""	P51679_WT	ChEMBL:CHEMBL2414	P51679	WT	CHEMBL4134307	PMID:28947948	2017.0	PMID:28947948	2017	1	0	0	0	0		=	  7.900	7.9	0.0	0.0	1.0	7.9	0.0	CCRs_HUMAN_annotated_00188	True
InChI=1S/C13H13Cl2N3O4S/c1-7-9(6-19)17-13(22-2)12(16-7)18-23(20,21)10-5-3-4-8(14)11(10)15/h3-5,19H,6H2,1-2H3,(H,16,18)_on_P51679_WT	High	ChEMBL31	ChEMBL31.compound.376621	COc1nc(CO)c(C)nc1NS(=O)(=O)c1cccc(Cl)c1Cl	FWEXASLSCXAPON-UHFFFAOYSA-N	InChI=1S/C13H13Cl2N3O4S/c1-7-9(6-19)17-13(22-2)12(16-7)18-23(20,21)10-5-3-4-8(14)11(10)15/h3-5,19H,6H2,1-2H3,(H,16,18)	"""AuxInfo=1/1/N:9,1,18,19,17,6,8,20,5,16,22,11,3,21,23,10,4,12,7,14,15,2,13/E:(20,21)/CRV:23.6/rA:23COCNCCOCCNCNSOOCCCCCClCCl/rB:s1;s2;d3;s4;s5;s6;d5;s8;s8;s3d10;s11;s12;d13;d13;s13;d16;s17;d18;s19;s20;s16d20;s22;/rC:;;;;;;;;;;;;;;;;;;;;;;;"""	P51679_WT	ChEMBL:CHEMBL2414	P51679	WT	CHEMBL4134307	PMID:28947948	2017.0	PMID:28947948	2017	1	0	0	0	0		=	  7.400	7.4	0.0	0.0	1.0	7.4	0.0	CCRs_HUMAN_annotated_00189	True
InChI=1S/C14H9ClF3N3O3S/c15-7-5-10(22)12-11(6-7)25(23,24)21-13(20-12)19-9-4-2-1-3-8(9)14(16,17)18/h1-6,22H,(H2,19,20,21)_on_P25025_WT	High	ExCAPE-DB;ChEMBL31	44432417;ChEMBL31.compound.78697	O=S1(=O)NC(Nc2ccccc2C(F)(F)F)=Nc2c1cc(Cl)cc2O	OQOVFBCDOYXCAA-UHFFFAOYSA-N	InChI=1S/C14H9ClF3N3O3S/c15-7-5-10(22)12-11(6-7)25(23,24)21-13(20-12)19-9-4-2-1-3-8(9)14(16,17)18/h1-6,22H,(H2,19,20,21)	"""AuxInfo=1/1/N:10,9,11,8,23,20,21,12,7,24,19,18,5,13,22,14,15,16,6,17,4,25,1,3,2/E:(16,17,18)(23,24)/CRV:25.6/rA:25OSONCNCCCCCCCFFFNCCCCClCCO/rB:d1;d2;s2;s4;s5;s6;d7;s8;d9;s10;s7d11;s12;s13;s13;s13;w?5;s17;s2d18;s19;d20;s21;s21;s18d23;s24;/rC:;;;;;;;;;;;;;;;;;;;;;;;;;"""	P25025_WT	EntrezID:3579;ChEMBL:CHEMBL2434	P25025	WT	PubChemAID:299467;CHEMBL896516	PMID:17524641	2007.0	PubChemAID:299467;PMID:17524641	2010;2007	0;1	0	0	0	1;0		=	  6.081;  6.080	6.081	0.001	0.001	2.0	6.081	0.001	CCRs_HUMAN_annotated_00228	True
InChI=1S/C14H9ClF3N3O4S/c15-7-5-9(22)12-11(6-7)26(23,24)21-13(20-12)19-8-3-1-2-4-10(8)25-14(16,17)18/h1-6,22H,(H2,19,20,21)_on_P25025_WT	High	ExCAPE-DB;ChEMBL31	44432418;ChEMBL31.compound.78696	O=S1(=O)NC(Nc2ccccc2OC(F)(F)F)=Nc2c1cc(Cl)cc2O	KBFUWLNJDXWAPQ-UHFFFAOYSA-N	InChI=1S/C14H9ClF3N3O4S/c15-7-5-9(22)12-11(6-7)26(23,24)21-13(20-12)19-8-3-1-2-4-10(8)25-14(16,17)18/h1-6,22H,(H2,19,20,21)	"""AuxInfo=1/1/N:9,10,8,11,24,21,22,7,25,12,20,19,5,14,23,15,16,17,6,18,4,26,1,3,13,2/E:(16,17,18)(23,24)/CRV:26.6/rA:26OSONCNCCCCCCOCFFFNCCCCClCCO/rB:d1;d2;s2;s4;s5;s6;d7;s8;d9;s10;s7d11;s12;s13;s14;s14;s14;w?5;s18;s2d19;s20;d21;s22;s22;s19d24;s25;/rC:;;;;;;;;;;;;;;;;;;;;;;;;;;"""	P25025_WT	EntrezID:3579;ChEMBL:CHEMBL2434	P25025	WT	PubChemAID:299467;CHEMBL896516	PMID:17524641	2007.0	PubChemAID:299467;PMID:17524641	2010;2007	0;1	0	0	0	1;0		=	  6.032;  6.030	6.031	0.001	0.001	2.0	6.031	0.001	CCRs_HUMAN_annotated_00229	True
InChI=1S/C14H11Cl2N3O2S/c1-19-11-7-3-2-5-9(11)14(17-19)18-22(20,21)12-8-4-6-10(15)13(12)16/h2-8H,1H3,(H,17,18)_on_P51679_WT	High	ChEMBL31	ChEMBL31.compound.369760	Cn1nc(NS(=O)(=O)c2cccc(Cl)c2Cl)c2c1cccc2	QTTHRXJVQIYPQY-UHFFFAOYSA-N	InChI=1S/C14H11Cl2N3O2S/c1-19-11-7-3-2-5-9(11)14(17-19)18-22(20,21)12-8-4-6-10(15)13(12)16/h2-8H,1H3,(H,17,18)	"""AuxInfo=1/1/N:1,21,20,11,22,12,19,10,17,13,18,9,15,4,14,16,3,5,2,7,8,6/E:(20,21)/CRV:22.6/rA:22CNNCNSOOCCCCCClCClCCCCCC/rB:s1;s2;d3;s4;s5;d6;d6;s6;d9;s10;d11;s12;s13;s9d13;s15;s4;s2d17;s18;d19;s20;s17d21;/rC:;;;;;;;;;;;;;;;;;;;;;;"""	P51679_WT	ChEMBL:CHEMBL2414	P51679	WT	CHEMBL4045586	PMID:28801066	2017.0	PMID:28801066	2017	1	0	0	0	0		=	  5.700	5.7	0.0	0.0	1.0	5.7	0.0	CCRs_HUMAN_annotated_00244	True
InChI=1S/C14H11Cl2N3O2S/c1-19-12-6-3-5-11(9(12)8-17-19)18-22(20,21)13-7-2-4-10(15)14(13)16/h2-8,18H,1H3_on_P51679_WT	High	ChEMBL31	ChEMBL31.compound.369758	Cn1ncc2c1cccc2NS(=O)(=O)c1c(Cl)c(Cl)ccc1	QLUQFZCZCPWWFV-UHFFFAOYSA-N	InChI=1S/C14H11Cl2N3O2S/c1-19-12-6-3-5-11(9(12)8-17-19)18-22(20,21)13-7-2-4-10(15)14(13)16/h2-8,18H,1H3	"""AuxInfo=1/0/N:1,21,8,20,9,7,22,4,5,18,10,6,15,16,19,17,3,11,2,13,14,12/E:(20,21)/CRV:22.6/rA:22CNNCCCCCCCNSOOCCClCClCCC/rB:s1;s2;d3;s4;s2d5;s6;d7;s8;s5d9;s10;s11;d12;d12;s12;d15;s16;s16;s18;d18;s20;s15d21;/rC:;;;;;;;;;;;;;;;;;;;;;;"""	P51679_WT	ChEMBL:CHEMBL2414	P51679	WT	CHEMBL4045586	PMID:28801066	2017.0	PMID:28801066	2017	1	0	0	0	0		=	  5.500	5.5	0.0	0.0	1.0	5.5	0.0	CCRs_HUMAN_annotated_00245	True
InChI=1S/C14H11Cl2N3O3S/c15-9-5-11(20)13-12(6-9)23(21,22)19-14(18-13)17-7-8-3-1-2-4-10(8)16/h1-6,20H,7H2,(H2,17,18,19)_on_P25025_WT	Low	ChEMBL31	ChEMBL31.compound.1044751	O=S1(=O)NC(NCc2ccccc2Cl)=Nc2c1cc(Cl)cc2O	IRWOIYOJJPHOJF-UHFFFAOYSA-N	InChI=1S/C14H11Cl2N3O3S/c15-9-5-11(20)13-12(6-9)23(21,22)19-14(18-13)17-7-8-3-1-2-4-10(8)16/h1-6,20H,7H2,(H2,17,18,19)	"""AuxInfo=1/1/N:10,11,9,12,21,18,7,8,19,13,22,17,16,5,20,14,6,15,4,23,1,3,2/E:(21,22)/CRV:23.6/rA:23OSONCNCCCCCCCClNCCCCClCCO/rB:d1;d2;s2;s4;s5;s6;s7;d8;s9;d10;s11;s8d12;s13;w?5;s15;s2d16;s17;d18;s19;s19;s16d21;s22;/rC:;;;;;;;;;;;;;;;;;;;;;;;"""	P25025_WT	ChEMBL:CHEMBL2434	P25025	WT	CHEMBL896516	PMID:17524641	2007.0	PMID:17524641	2007	1	0	0	0	0		<	  4.523	4.523	0.0	0.0	1.0	4.523	0.0	CCRs_HUMAN_annotated_00246	True
InChI=1S/C14H11Cl2N3O4S/c1-23-11-6-9-8(17-14(20)18-9)5-10(11)19-24(21,22)12-4-2-3-7(15)13(12)16/h2-6,19H,1H3,(H2,17,18,20)_on_P51679_WT	High	ChEMBL31	ChEMBL31.compound.247798	COc1cc2c(cc1NS(=O)(=O)c1c(Cl)c(Cl)ccc1)nc(O)[nH]2	RQWNFNYBAAPHTG-UHFFFAOYSA-N	InChI=1S/C14H11Cl2N3O4S/c1-23-11-6-9-8(17-14(20)18-9)5-10(11)19-24(21,22)12-4-2-3-7(15)13(12)16/h2-6,19H,1H3,(H2,17,18,20)	"""AuxInfo=1/1/N:1,19,18,20,7,4,16,6,5,8,3,13,14,22,17,15,21,24,9,23,11,12,2,10/E:(21,22)/CRV:24.6/rA:24COCCCCCCNSOOCCClCClCCCNCON/rB:s1;s2;d3;s4;d5;s6;s3d7;s8;s9;d10;d10;s10;d13;s14;s14;s16;d16;s18;s13d19;s6;d21;s22;s5s22;/rC:;;;;;;;;;;;;;;;;;;;;;;;;"""	P51679_WT	ChEMBL:CHEMBL2414;ChEMBL:CHEMBL2414	P51679	WT	CHEMBL3367642;CHEMBL3367645	PMID:24909677	2014.0	PMID:24909677	2014	1;0	0	0;1	0	0		=	  6.500;  5.300	5.9	0.6	0.6	2.0	5.9	0.6	CCRs_HUMAN_annotated_00247	True
InChI=1S/C14H11Cl2N5O5S/c1-26-14-10-12(17-6-18-13(10)21(19-14)5-9(22)23)20-27(24,25)8-4-2-3-7(15)11(8)16/h2-4,6H,5H2,1H3,(H,22,23)(H,17,18,20)_on_P51679_WT	High	ChEMBL31	ChEMBL31.compound.369742	COc1nn(CC(=O)O)c2c1c(NS(=O)(=O)c1cccc(Cl)c1Cl)ncn2	NKFFHONHDOSSTB-UHFFFAOYSA-N	InChI=1S/C14H11Cl2N5O5S/c1-26-14-10-12(17-6-18-13(10)21(19-14)5-9(22)23)20-27(24,25)8-4-2-3-7(15)11(8)16/h2-4,6H,5H2,1H3,(H,22,23)(H,17,18,20)	"""AuxInfo=1/1/N:1,19,20,18,6,26,21,17,7,11,23,12,10,3,22,24,25,27,4,13,5,8,9,15,16,2,14/E:(22,23)(24,25)/CRV:27.6/rA:27COCNNCCOOCCCNSOOCCCCCClCClNCN/rB:s1;s2;d3;s4;s5;s6;d7;s7;s5;s3d10;s11;s12;s13;d14;d14;s14;d17;s18;d19;s20;s21;s17d21;s23;d12;s25;s10d26;/rC:;;;;;;;;;;;;;;;;;;;;;;;;;;;"""	P51679_WT	ChEMBL:CHEMBL2414	P51679	WT	CHEMBL4045586	PMID:28801066	2017.0	PMID:28801066	2017	1	0	0	0	0		=	  6.700	6.7	0.0	0.0	1.0	6.7	0.0	CCRs_HUMAN_annotated_00248	True
InChI=1S/C14H11Cl3N6O2S/c1-23-14(19-21-22-23)6-12-13(4-8(15)7-18-12)20-26(24,25)9-2-3-10(16)11(17)5-9/h2-5,7,20H,6H2,1H3_on_P32246_WT	Medium	ChEMBL31	ChEMBL31.compound.743941	Cn1nnnc1Cc1ncc(Cl)cc1NS(=O)(=O)c1ccc(Cl)c(Cl)c1	ICBWFOBAWJKURO-UHFFFAOYSA-N	InChI=1S/C14H11Cl3N6O2S/c1-23-14(19-21-22-23)6-12-13(4-8(15)7-18-12)20-26(24,25)9-2-3-10(16)11(17)5-9/h2-5,7,20H,6H2,1H3	"""AuxInfo=1/0/N:1,20,21,13,26,7,10,11,19,22,24,8,14,6,12,23,25,9,5,15,4,3,2,17,18,16/E:(24,25)/CRV:26.6/rA:26CNNNNCCCNCCClCCNSOOCCCCClCClC/rB:s1;s2;d3;s4;s2d5;s6;s7;d8;s9;d10;s11;s11;s8d13;s14;s15;d16;d16;s16;d19;s20;d21;s22;s22;s24;s19d24;/rC:;;;;;;;;;;;;;;;;;;;;;;;;;;"""	P32246_WT	ChEMBL:CHEMBL2413	P32246	WT	CHEMBL2213078	PMID:23079519	2012.0	PMID:23079519	2012	0	0	0	1	0		=	  6.000	6.0	0.0	0.0	1.0	6.0	0.0	CCRs_HUMAN_annotated_00250	True
InChI=1S/C14H11Cl3N6O2S/c1-23-14(19-21-22-23)6-12-13(4-8(15)7-18-12)20-26(24,25)9-2-3-10(16)11(17)5-9/h2-5,7,20H,6H2,1H3_on_P41597_WT	Medium	ChEMBL31	ChEMBL31.compound.743941	Cn1nnnc1Cc1ncc(Cl)cc1NS(=O)(=O)c1ccc(Cl)c(Cl)c1	ICBWFOBAWJKURO-UHFFFAOYSA-N	InChI=1S/C14H11Cl3N6O2S/c1-23-14(19-21-22-23)6-12-13(4-8(15)7-18-12)20-26(24,25)9-2-3-10(16)11(17)5-9/h2-5,7,20H,6H2,1H3	"""AuxInfo=1/0/N:1,20,21,13,26,7,10,11,19,22,24,8,14,6,12,23,25,9,5,15,4,3,2,17,18,16/E:(24,25)/CRV:26.6/rA:26CNNNNCCCNCCClCCNSOOCCCCClCClC/rB:s1;s2;d3;s4;s2d5;s6;s7;d8;s9;d10;s11;s11;s8d13;s14;s15;d16;d16;s16;d19;s20;d21;s22;s22;s24;s19d24;/rC:;;;;;;;;;;;;;;;;;;;;;;;;;;"""	P41597_WT	ChEMBL:CHEMBL4015	P41597	WT	CHEMBL2213079	PMID:23079519	2012.0	PMID:23079519	2012	0	0	0	1	0		=	  7.600	7.6	0.0	0.0	1.0	7.6	0.0	CCRs_HUMAN_annotated_00251	True
InChI=1S/C14H11Cl3N6O2S/c1-23-14(19-21-22-23)6-12-13(4-8(15)7-18-12)20-26(24,25)9-2-3-10(16)11(17)5-9/h2-5,7,20H,6H2,1H3_on_P51679_WT	Medium	ChEMBL31	ChEMBL31.compound.743941	Cn1nnnc1Cc1ncc(Cl)cc1NS(=O)(=O)c1ccc(Cl)c(Cl)c1	ICBWFOBAWJKURO-UHFFFAOYSA-N	InChI=1S/C14H11Cl3N6O2S/c1-23-14(19-21-22-23)6-12-13(4-8(15)7-18-12)20-26(24,25)9-2-3-10(16)11(17)5-9/h2-5,7,20H,6H2,1H3	"""AuxInfo=1/0/N:1,20,21,13,26,7,10,11,19,22,24,8,14,6,12,23,25,9,5,15,4,3,2,17,18,16/E:(24,25)/CRV:26.6/rA:26CNNNNCCCNCCClCCNSOOCCCCClCClC/rB:s1;s2;d3;s4;s2d5;s6;s7;d8;s9;d10;s11;s11;s8d13;s14;s15;d16;d16;s16;d19;s20;d21;s22;s22;s24;s19d24;/rC:;;;;;;;;;;;;;;;;;;;;;;;;;;"""	P51679_WT	ChEMBL:CHEMBL2414	P51679	WT	CHEMBL2213077	PMID:23079519	2012.0	PMID:23079519	2012	0	0	0	1	0		=	  5.700	5.7	0.0	0.0	1.0	5.7	0.0	CCRs_HUMAN_annotated_00252	True
InChI=1S/C14H12BrN3O3S/c1-8-6-11(19)13-12(7-8)22(20,21)18-14(17-13)16-10-5-3-2-4-9(10)15/h2-7,19H,1H3,(H2,16,17,18)_on_P25025_WT	High	ChEMBL31;ExCAPE-DB	ChEMBL31.compound.78715;44432435	Cc1cc(O)c2N=C(Nc3c(Br)cccc3)NS(=O)(=O)c2c1	SEPLIUXYAAYEAK-UHFFFAOYSA-N	InChI=1S/C14H12BrN3O3S/c1-8-6-11(19)13-12(7-8)22(20,21)18-14(17-13)16-10-5-3-2-4-9(10)15/h2-7,19H,1H3,(H2,16,17,18)	"""AuxInfo=1/1/N:1,14,15,13,16,3,22,2,11,10,4,21,6,8,12,9,7,17,5,19,20,18/E:(20,21)/CRV:22.6/rA:22CCCCOCNCNCCBrCCCCNSOOCC/rB:s1;d2;s3;s4;d4;s6;w?7;s8;s9;d10;s11;s11;d13;s14;s10d15;s8;s17;d18;d18;s6s18;s2d21;/rC:;;;;;;;;;;;;;;;;;;;;;;"""	P25025_WT	ChEMBL:CHEMBL2434;EntrezID:3579	P25025	WT	CHEMBL896516;PubChemAID:299467	PMID:17524641	2007.0	PMID:17524641;PubChemAID:299467	2007;2010	1;0	0	0	0	0;1		=	  6.550;  6.553	6.551	0.002	0.002	2.0	6.551	0.002	CCRs_HUMAN_annotated_00263	True
InChI=1S/C14H12Cl2N6O4S/c1-26-14-10-12(18-6-19-13(10)22(20-14)5-9(17)23)21-27(24,25)8-4-2-3-7(15)11(8)16/h2-4,6H,5H2,1H3,(H2,17,23)(H,18,19,21)_on_P51679_WT	High	ChEMBL31	ChEMBL31.compound.369747	COc1nn(CC(N)=O)c2c1c(NS(=O)(=O)c1cccc(Cl)c1Cl)ncn2	OIAUASFAFVUJLY-UHFFFAOYSA-N	InChI=1S/C14H12Cl2N6O4S/c1-26-14-10-12(18-6-19-13(10)22(20-14)5-9(17)23)21-27(24,25)8-4-2-3-7(15)11(8)16/h2-4,6H,5H2,1H3,(H2,17,23)(H,18,19,21)	"""AuxInfo=1/1/N:1,19,20,18,6,26,21,17,7,11,23,12,10,3,22,24,8,25,27,4,13,5,9,15,16,2,14/E:(24,25)/CRV:27.6/rA:27COCNNCCNOCCCNSOOCCCCCClCClNCN/rB:s1;s2;d3;s4;s5;s6;s7;d7;s5;s3d10;s11;s12;s13;d14;d14;s14;d17;s18;d19;s20;s21;s17d21;s23;d12;s25;s10d26;/rC:;;;;;;;;;;;;;;;;;;;;;;;;;;;"""	P51679_WT	ChEMBL:CHEMBL2414	P51679	WT	CHEMBL4045586	PMID:28801066	2017.0	PMID:28801066	2017	1	0	0	0	0		=	  6.300	6.3	0.0	0.0	1.0	6.3	0.0	CCRs_HUMAN_annotated_00264	True
InChI=1S/C14H12ClN3O3S/c15-10-6-11(19)13-12(7-10)22(20,21)18-14(17-13)16-8-9-4-2-1-3-5-9/h1-7,19H,8H2,(H2,16,17,18)_on_P25025_WT	High	ChEMBL31	ChEMBL31.compound.78719	O=S1(=O)NC(NCc2ccccc2)=Nc2c1cc(Cl)cc2O	MKVALXSVMHXPIC-UHFFFAOYSA-N	InChI=1S/C14H12ClN3O3S/c15-10-6-11(19)13-12(7-10)22(20,21)18-14(17-13)16-8-9-4-2-1-3-5-9/h1-7,19H,8H2,(H2,16,17,18)	"""AuxInfo=1/1/N:11,10,12,9,13,20,17,7,8,18,21,16,15,5,19,6,14,4,22,1,3,2/E:(2,3)(4,5)(20,21)/CRV:22.6/rA:22OSONCNCCCCCCCNCCCCClCCO/rB:d1;d2;s2;s4;s5;s6;s7;d8;s9;d10;s11;s8d12;w?5;s14;s2d15;s16;d17;s18;s18;s15d20;s21;/rC:;;;;;;;;;;;;;;;;;;;;;;"""	P25025_WT	ChEMBL:CHEMBL2434	P25025	WT	CHEMBL896516	PMID:17524641	2007.0	PMID:17524641	2007	1	0	0	0	0		=	  5.100	5.1	0.0	0.0	1.0	5.1	0.0	CCRs_HUMAN_annotated_00266	True
InChI=1S/C14H13Cl2N5O3S/c1-7-17-12(10-13(18-7)21(2)19-14(10)24-3)20-25(22,23)9-6-4-5-8(15)11(9)16/h4-6H,1-3H3,(H,17,18,20)_on_P51679_WT	High	ChEMBL31	ChEMBL31.compound.369741	COc1nn(C)c2c1c(NS(=O)(=O)c1cccc(Cl)c1Cl)nc(C)n2	FLYAIDBRVTXUQG-UHFFFAOYSA-N	InChI=1S/C14H13Cl2N5O3S/c1-7-17-12(10-13(18-7)21(2)19-14(10)24-3)20-25(22,23)9-6-4-5-8(15)11(9)16/h4-6H,1-3H3,(H,17,18,20)	"""AuxInfo=1/1/N:24,6,1,16,17,15,23,18,14,8,20,9,7,3,19,21,22,25,4,10,5,12,13,2,11/E:(22,23)/CRV:25.6/rA:25COCNNCCCCNSOOCCCCCClCClNCCN/rB:s1;s2;d3;s4;s5;s5;s3d7;s8;s9;s10;d11;d11;s11;d14;s15;d16;s17;s18;s14d18;s20;d9;s22;s23;s7d23;/rC:;;;;;;;;;;;;;;;;;;;;;;;;;"""	P51679_WT	ChEMBL:CHEMBL2414	P51679	WT	CHEMBL4045586	PMID:28801066	2017.0	PMID:28801066	2017	1	0	0	0	0		=	  6.200	6.2	0.0	0.0	1.0	6.2	0.0	CCRs_HUMAN_annotated_00287	True
InChI=1S/C14H13Cl2N5O4S/c1-21-12-9(13(19-21)24-2)11(17-14(18-12)25-3)20-26(22,23)8-6-4-5-7(15)10(8)16/h4-6H,1-3H3,(H,17,18,20)_on_P51679_WT	High	ChEMBL31	ChEMBL31.compound.369740	COc1nc(NS(=O)(=O)c2cccc(Cl)c2Cl)c2c(OC)nn(C)c2n1	UGRXNPMUPZHCPF-UHFFFAOYSA-N	InChI=1S/C14H13Cl2N5O4S/c1-21-12-9(13(19-21)24-2)11(17-14(18-12)25-3)20-26(22,23)8-6-4-5-7(15)10(8)16/h4-6H,1-3H3,(H,17,18,20)	"""AuxInfo=1/1/N:24,21,1,12,13,11,14,10,18,16,5,25,19,3,15,17,4,26,22,6,23,8,9,20,2,7/E:(22,23)/CRV:26.6/rA:26COCNCNSOOCCCCCClCClCCOCNNCCN/rB:s1;s2;d3;s4;s5;s6;d7;d7;s7;d10;s11;d12;s13;s14;s10d14;s16;d5;s18;s19;s20;d19;s22;s23;s18s23;s3d25;/rC:;;;;;;;;;;;;;;;;;;;;;;;;;;"""	P51679_WT	ChEMBL:CHEMBL2414	P51679	WT	CHEMBL4045586	PMID:28801066	2017.0	PMID:28801066	2017	1	0	0	0	0		=	  6.100	6.1	0.0	0.0	1.0	6.1	0.0	CCRs_HUMAN_annotated_00288	True
InChI=1S/C14H14BrCl2N3O3S/c1-2-3-7-23-14-13(18-8-11(15)19-14)20-24(21,22)10-6-4-5-9(16)12(10)17/h4-6,8H,2-3,7H2,1H3,(H,18,20)_on_P51679_WT	High	ChEMBL31	ChEMBL31.compound.376606	CCCCOc1nc(Br)cnc1NS(=O)(=O)c1cccc(Cl)c1Cl	ZKWAJRIRPLTVFQ-UHFFFAOYSA-N	InChI=1S/C14H14BrCl2N3O3S/c1-2-3-7-23-14-13(18-8-11(15)19-14)20-24(21,22)10-6-4-5-9(16)12(10)17/h4-6,8H,2-3,7H2,1H3,(H,18,20)	"""AuxInfo=1/1/N:1,2,3,19,20,18,4,10,21,17,8,23,12,6,9,22,24,11,7,13,15,16,5,14/E:(21,22)/CRV:24.6/rA:24CCCCOCNCBrCNCNSOOCCCCCClCCl/rB:s1;s2;s3;s4;s5;d6;s7;s8;d8;s10;s6d11;s12;s13;d14;d14;s14;d17;s18;d19;s20;s21;s17d21;s23;/rC:;;;;;;;;;;;;;;;;;;;;;;;;"""	P51679_WT	ChEMBL:CHEMBL2414	P51679	WT	CHEMBL4134307	PMID:28947948	2017.0	PMID:28947948	2017	1	0	0	0	0		=	  6.800	6.8	0.0	0.0	1.0	6.8	0.0	CCRs_HUMAN_annotated_00295	True
InChI=1S/C14H14Cl2N6O3S/c1-17-14-18-11(9-12(19-14)22(2)20-13(9)25-3)21-26(23,24)8-6-4-5-7(15)10(8)16/h4-6H,1-3H3,(H2,17,18,19,21)_on_P51679_WT	High	ChEMBL31	ChEMBL31.compound.369762	CNc1nc(NS(=O)(=O)c2cccc(Cl)c2Cl)c2c(OC)nn(C)c2n1	BOUOYDCEDKISIW-UHFFFAOYSA-N	InChI=1S/C14H14Cl2N6O3S/c1-17-14-18-11(9-12(19-14)22(2)20-13(9)25-3)21-26(23,24)8-6-4-5-7(15)10(8)16/h4-6H,1-3H3,(H2,17,18,19,21)	"""AuxInfo=1/1/N:1,24,21,12,13,11,14,10,18,16,5,25,19,3,15,17,2,4,26,22,6,23,8,9,20,7/E:(23,24)/CRV:26.6/rA:26CNCNCNSOOCCCCCClCClCCOCNNCCN/rB:s1;s2;d3;s4;s5;s6;d7;d7;s7;d10;s11;d12;s13;s14;s10d14;s16;d5;s18;s19;s20;d19;s22;s23;s18s23;s3d25;/rC:;;;;;;;;;;;;;;;;;;;;;;;;;;"""	P51679_WT	ChEMBL:CHEMBL2414	P51679	WT	CHEMBL4045586	PMID:28801066	2017.0	PMID:28801066	2017	1	0	0	0	0		=	  7.100	7.1	0.0	0.0	1.0	7.1	0.0	CCRs_HUMAN_annotated_00296	True
InChI=1S/C14H14Cl3N3O3S/c1-8(2)7-23-14-13(18-6-11(16)19-14)20-24(21,22)10-5-3-4-9(15)12(10)17/h3-6,8H,7H2,1-2H3,(H,18,20)_on_P51679_WT	High	ChEMBL31	ChEMBL31.compound.376608	CC(C)COc1nc(Cl)cnc1NS(=O)(=O)c1cccc(Cl)c1Cl	DIGKNNBDIMGGRD-UHFFFAOYSA-N	InChI=1S/C14H14Cl3N3O3S/c1-8(2)7-23-14-13(18-6-11(16)19-14)20-24(21,22)10-5-3-4-9(15)12(10)17/h3-6,8H,7H2,1-2H3,(H,18,20)	"""AuxInfo=1/1/N:1,3,19,20,18,10,4,2,21,17,8,23,12,6,22,9,24,11,7,13,15,16,5,14/E:(1,2)(21,22)/CRV:24.6/rA:24CCCCOCNCClCNCNSOOCCCCCClCCl/rB:s1;s2;s2;s4;s5;d6;s7;s8;d8;s10;s6d11;s12;s13;d14;d14;s14;d17;s18;d19;s20;s21;s17d21;s23;/rC:;;;;;;;;;;;;;;;;;;;;;;;;"""	P51679_WT	ChEMBL:CHEMBL2414	P51679	WT	CHEMBL4134307	PMID:28947948	2017.0	PMID:28947948	2017	1	0	0	0	0		=	  7.800	7.8	0.0	0.0	1.0	7.8	0.0	CCRs_HUMAN_annotated_00298	True
InChI=1S/C14H14ClN5O/c1-2-11-10(7-8-4-3-5-9(15)6-8)12(21)20-14(17-11)18-13(16)19-20/h3-6,21H,2,7H2,1H3,(H2,16,19)_on_P41597_WT	High	ChEMBL31	ChEMBL31.compound.403341	CCc1nc2nc(N)nn2c(O)c1Cc1cccc(Cl)c1	DJCMTRVTLRSXIX-UHFFFAOYSA-N	InChI=1S/C14H14ClN5O/c1-2-11-10(7-8-4-3-5-9(15)6-8)12(21)20-14(17-11)18-13(16)19-20/h3-6,21H,2,7H2,1H3,(H2,16,19)	"""AuxInfo=1/1/N:1,2,17,16,18,21,14,15,19,13,3,11,7,5,20,8,4,6,9,10,12/rA:21CCCNCNCNNNCOCCCCCCCClC/rB:s1;s2;d3;s4;d5;s6;s7;d7;s5s9;s10;s11;s3d11;s13;s14;d15;s16;d17;s18;s19;s15d19;/rC:;;;;;;;;;;;;;;;;;;;;;"""	P41597_WT	ChEMBL:CHEMBL4015;ChEMBL:CHEMBL4015	P41597	WT	CHEMBL4324717	PMID:31742400	2019.0	PMID:31742400	2019	0	0	0	1	0		=	  8.400;  8.400	8.4	0.0	0.0	2.0	8.4	0.0	CCRs_HUMAN_annotated_00299	True
InChI=1S/C15H9Cl3N4O3S/c16-9-6-13(15(19-8-9)25-14-2-1-5-20-21-14)22-26(23,24)10-3-4-11(17)12(18)7-10/h1-8,22H_on_P41597_WT	High	ChEMBL31	ChEMBL31.compound.141746	O=S(=O)(Nc1cc(Cl)cnc1Oc1cccnn1)c1ccc(Cl)c(Cl)c1	YGRSQZLQJVIMGG-UHFFFAOYSA-N	InChI=1S/C15H9Cl3N4O3S/c16-9-6-13(15(19-8-9)25-14-2-1-5-20-21-14)22-26(23,24)10-3-4-11(17)12(18)7-10/h1-8,22H	"""AuxInfo=1/0/N:15,14,20,21,16,6,26,9,7,19,22,24,5,13,11,8,23,25,10,17,18,4,1,3,12,2/E:(23,24)/CRV:26.6/rA:26OSONCCCClCNCOCCCCNNCCCCClCClC/rB:d1;d2;s2;s4;d5;s6;s7;d7;s9;s5d10;s11;s12;d13;s14;d15;s16;s13d17;s2;d19;s20;d21;s22;s22;s24;s19d24;/rC:;;;;;;;;;;;;;;;;;;;;;;;;;;"""	P41597_WT	ChEMBL:CHEMBL4015	P41597	WT	CHEMBL1174375	PMID:20627722	2010.0	PMID:20627722	2010	0	0	0	1	0		=	  6.700	6.7	0.0	0.0	1.0	6.7	0.0	CCRs_HUMAN_annotated_00335	True
InChI=1S/C15H10Cl3N5O3S/c16-10-2-1-3-11(13(10)18)27(24,25)23-14-15(22-12(17)6-21-14)26-7-9-4-19-8-20-5-9/h1-6,8H,7H2,(H,21,23)_on_P51679_WT	High	ChEMBL31	ChEMBL31.compound.376613	O=S(=O)(Nc1ncc(Cl)nc1OCc1cncnc1)c1cccc(Cl)c1Cl	GDHDULCZBXCQBR-UHFFFAOYSA-N	InChI=1S/C15H10Cl3N5O3S/c16-10-2-1-3-11(13(10)18)27(24,25)23-14-15(22-12(17)6-21-14)26-7-9-4-19-8-20-5-9/h1-6,8H,7H2,(H,21,23)	"""AuxInfo=1/1/N:22,23,21,15,19,7,13,17,14,24,20,8,26,5,11,25,9,27,16,18,6,10,4,1,3,12,2/E:(4,5)(19,20)(24,25)/CRV:27.6/rA:27OSONCNCCClNCOCCCNCNCCCCCCClCCl/rB:d1;d2;s2;s4;d5;s6;d7;s8;s8;s5d10;s11;s12;s13;d14;s15;d16;s17;s14d18;s2;d20;s21;d22;s23;s24;s20d24;s26;/rC:;;;;;;;;;;;;;;;;;;;;;;;;;;;"""	P51679_WT	ChEMBL:CHEMBL2414	P51679	WT	CHEMBL4134307	PMID:28947948	2017.0	PMID:28947948	2017	1	0	0	0	0		=	  7.900	7.9	0.0	0.0	1.0	7.9	0.0	CCRs_HUMAN_annotated_00340	True
InChI=1S/C15H10Cl4N4O2S/c16-11-2-1-10(6-13(11)18)26(24,25)21-15-7-14(19)12(17)5-9(15)8-23-4-3-20-22-23/h1-7,21H,8H2_on_P32246_WT	Medium	ChEMBL31	ChEMBL31.compound.743936	O=S(=O)(Nc1cc(Cl)c(Cl)cc1Cn1ccnn1)c1ccc(Cl)c(Cl)c1	RIEUAZKSQUTJQU-UHFFFAOYSA-N	InChI=1S/C15H10Cl4N4O2S/c16-11-2-1-10(6-13(11)18)26(24,25)21-15-7-14(19)12(17)5-9(15)8-23-4-3-20-22-23/h1-7,21H,8H2	"""AuxInfo=1/0/N:20,21,16,15,11,26,6,13,12,19,22,9,24,7,5,23,10,25,8,17,4,18,14,1,3,2/E:(24,25)/CRV:26.6/rA:26OSONCCCClCClCCCNCCNNCCCCClCClC/rB:d1;d2;s2;s4;d5;s6;s7;d7;s9;s9;s5d11;s12;s13;s14;d15;s16;s14d17;s2;d19;s20;d21;s22;s22;s24;s19d24;/rC:;;;;;;;;;;;;;;;;;;;;;;;;;;"""	P32246_WT	ChEMBL:CHEMBL2413	P32246	WT	CHEMBL2213078	PMID:23079519	2012.0	PMID:23079519	2012	0	0	0	1	0		=	  6.500	6.5	0.0	0.0	1.0	6.5	0.0	CCRs_HUMAN_annotated_00341	True
InChI=1S/C15H10Cl4N4O2S/c16-11-2-1-10(6-13(11)18)26(24,25)21-15-7-14(19)12(17)5-9(15)8-23-4-3-20-22-23/h1-7,21H,8H2_on_P41597_WT	Medium	ChEMBL31	ChEMBL31.compound.743936	O=S(=O)(Nc1cc(Cl)c(Cl)cc1Cn1ccnn1)c1ccc(Cl)c(Cl)c1	RIEUAZKSQUTJQU-UHFFFAOYSA-N	InChI=1S/C15H10Cl4N4O2S/c16-11-2-1-10(6-13(11)18)26(24,25)21-15-7-14(19)12(17)5-9(15)8-23-4-3-20-22-23/h1-7,21H,8H2	"""AuxInfo=1/0/N:20,21,16,15,11,26,6,13,12,19,22,9,24,7,5,23,10,25,8,17,4,18,14,1,3,2/E:(24,25)/CRV:26.6/rA:26OSONCCCClCClCCCNCCNNCCCCClCClC/rB:d1;d2;s2;s4;d5;s6;s7;d7;s9;s9;s5d11;s12;s13;s14;d15;s16;s14d17;s2;d19;s20;d21;s22;s22;s24;s19d24;/rC:;;;;;;;;;;;;;;;;;;;;;;;;;;"""	P41597_WT	ChEMBL:CHEMBL4015	P41597	WT	CHEMBL2213079	PMID:23079519	2012.0	PMID:23079519	2012	0	0	0	1	0		=	  8.000	8.0	0.0	0.0	1.0	8.0	0.0	CCRs_HUMAN_annotated_00342	True
InChI=1S/C15H10Cl4N4O2S/c16-11-2-1-10(6-13(11)18)26(24,25)21-15-7-14(19)12(17)5-9(15)8-23-4-3-20-22-23/h1-7,21H,8H2_on_P51679_WT	Medium	ChEMBL31	ChEMBL31.compound.743936	O=S(=O)(Nc1cc(Cl)c(Cl)cc1Cn1ccnn1)c1ccc(Cl)c(Cl)c1	RIEUAZKSQUTJQU-UHFFFAOYSA-N	InChI=1S/C15H10Cl4N4O2S/c16-11-2-1-10(6-13(11)18)26(24,25)21-15-7-14(19)12(17)5-9(15)8-23-4-3-20-22-23/h1-7,21H,8H2	"""AuxInfo=1/0/N:20,21,16,15,11,26,6,13,12,19,22,9,24,7,5,23,10,25,8,17,4,18,14,1,3,2/E:(24,25)/CRV:26.6/rA:26OSONCCCClCClCCCNCCNNCCCCClCClC/rB:d1;d2;s2;s4;d5;s6;s7;d7;s9;s9;s5d11;s12;s13;s14;d15;s16;s14d17;s2;d19;s20;d21;s22;s22;s24;s19d24;/rC:;;;;;;;;;;;;;;;;;;;;;;;;;;"""	P51679_WT	ChEMBL:CHEMBL2414	P51679	WT	CHEMBL2213077	PMID:23079519	2012.0	PMID:23079519	2012	0	0	0	1	0		=	  6.800	6.8	0.0	0.0	1.0	6.8	0.0	CCRs_HUMAN_annotated_00343	True
InChI=1S/C15H11Cl2FN4O2S/c16-13-4-3-12(8-14(13)17)25(23,24)20-15-7-11(18)2-1-10(15)9-22-6-5-19-21-22/h1-8,20H,9H2_on_P32246_WT	Medium	ChEMBL31	ChEMBL31.compound.743943	O=S(=O)(Nc1cc(F)ccc1Cn1ccnn1)c1ccc(Cl)c(Cl)c1	GRIFIHOPBXFUID-UHFFFAOYSA-N	InChI=1S/C15H11Cl2FN4O2S/c16-13-4-3-12(8-14(13)17)25(23,24)20-15-7-11(18)2-1-10(15)9-22-6-5-19-21-22/h1-8,20H,9H2	"""AuxInfo=1/0/N:10,9,19,20,15,14,6,25,12,11,7,18,21,23,5,22,24,8,16,4,17,13,1,3,2/E:(23,24)/CRV:25.6/rA:25OSONCCCFCCCCNCCNNCCCCClCClC/rB:d1;d2;s2;s4;d5;s6;s7;d7;s9;s5d10;s11;s12;s13;d14;s15;s13d16;s2;d18;s19;d20;s21;s21;s23;s18d23;/rC:;;;;;;;;;;;;;;;;;;;;;;;;;"""	P32246_WT	ChEMBL:CHEMBL2413	P32246	WT	CHEMBL2213078	PMID:23079519	2012.0	PMID:23079519	2012	0	0	0	1	0		=	  6.000	6.0	0.0	0.0	1.0	6.0	0.0	CCRs_HUMAN_annotated_00352	True
InChI=1S/C15H11Cl2FN4O2S/c16-13-4-3-12(8-14(13)17)25(23,24)20-15-7-11(18)2-1-10(15)9-22-6-5-19-21-22/h1-8,20H,9H2_on_P41597_WT	Medium	ChEMBL31	ChEMBL31.compound.743943	O=S(=O)(Nc1cc(F)ccc1Cn1ccnn1)c1ccc(Cl)c(Cl)c1	GRIFIHOPBXFUID-UHFFFAOYSA-N	InChI=1S/C15H11Cl2FN4O2S/c16-13-4-3-12(8-14(13)17)25(23,24)20-15-7-11(18)2-1-10(15)9-22-6-5-19-21-22/h1-8,20H,9H2	"""AuxInfo=1/0/N:10,9,19,20,15,14,6,25,12,11,7,18,21,23,5,22,24,8,16,4,17,13,1,3,2/E:(23,24)/CRV:25.6/rA:25OSONCCCFCCCCNCCNNCCCCClCClC/rB:d1;d2;s2;s4;d5;s6;s7;d7;s9;s5d10;s11;s12;s13;d14;s15;s13d16;s2;d18;s19;d20;s21;s21;s23;s18d23;/rC:;;;;;;;;;;;;;;;;;;;;;;;;;"""	P41597_WT	ChEMBL:CHEMBL4015	P41597	WT	CHEMBL2213079	PMID:23079519	2012.0	PMID:23079519	2012	0	0	0	1	0		=	  7.500	7.5	0.0	0.0	1.0	7.5	0.0	CCRs_HUMAN_annotated_00353	True
InChI=1S/C15H11Cl2FN4O2S/c16-13-4-3-12(8-14(13)17)25(23,24)20-15-7-11(18)2-1-10(15)9-22-6-5-19-21-22/h1-8,20H,9H2_on_P51679_WT	Medium	ChEMBL31	ChEMBL31.compound.743943	O=S(=O)(Nc1cc(F)ccc1Cn1ccnn1)c1ccc(Cl)c(Cl)c1	GRIFIHOPBXFUID-UHFFFAOYSA-N	InChI=1S/C15H11Cl2FN4O2S/c16-13-4-3-12(8-14(13)17)25(23,24)20-15-7-11(18)2-1-10(15)9-22-6-5-19-21-22/h1-8,20H,9H2	"""AuxInfo=1/0/N:10,9,19,20,15,14,6,25,12,11,7,18,21,23,5,22,24,8,16,4,17,13,1,3,2/E:(23,24)/CRV:25.6/rA:25OSONCCCFCCCCNCCNNCCCCClCClC/rB:d1;d2;s2;s4;d5;s6;s7;d7;s9;s5d10;s11;s12;s13;d14;s15;s13d16;s2;d18;s19;d20;s21;s21;s23;s18d23;/rC:;;;;;;;;;;;;;;;;;;;;;;;;;"""	P51679_WT	ChEMBL:CHEMBL2414	P51679	WT	CHEMBL2213077	PMID:23079519	2012.0	PMID:23079519	2012	0	0	0	1	0		=	  5.600	5.6	0.0	0.0	1.0	5.6	0.0	CCRs_HUMAN_annotated_00354	True
InChI=1S/C15H11Cl3N4O2S/c16-11-2-1-10(7-22-8-19-20-9-22)15(5-11)21-25(23,24)12-3-4-13(17)14(18)6-12/h1-6,8-9,21H,7H2_on_P32246_WT	Medium	ChEMBL31	ChEMBL31.compound.743937	O=S(=O)(Nc1cc(Cl)ccc1Cn1cnnc1)c1ccc(Cl)c(Cl)c1	AGJAKUVKWSUXBI-UHFFFAOYSA-N	InChI=1S/C15H11Cl3N4O2S/c16-11-2-1-10(7-22-8-19-20-9-22)15(5-11)21-25(23,24)12-3-4-13(17)14(18)6-12/h1-6,8-9,21H,7H2	"""AuxInfo=1/0/N:10,9,19,20,6,25,12,14,17,11,7,18,21,23,5,8,22,24,15,16,4,13,1,3,2/E:(8,9)(19,20)(23,24)/CRV:25.6/rA:25OSONCCCClCCCCNCNNCCCCCClCClC/rB:d1;d2;s2;s4;d5;s6;s7;d7;s9;s5d10;s11;s12;s13;d14;s15;s13d16;s2;d18;s19;d20;s21;s21;s23;s18d23;/rC:;;;;;;;;;;;;;;;;;;;;;;;;;"""	P32246_WT	ChEMBL:CHEMBL2413	P32246	WT	CHEMBL2213078	PMID:23079519	2012.0	PMID:23079519	2012	0	0	0	1	0		=	  6.000	6.0	0.0	0.0	1.0	6.0	0.0	CCRs_HUMAN_annotated_00361	True
InChI=1S/C15H11Cl3N4O2S/c16-11-2-1-10(7-22-8-19-20-9-22)15(5-11)21-25(23,24)12-3-4-13(17)14(18)6-12/h1-6,8-9,21H,7H2_on_P41597_WT	Medium	ChEMBL31	ChEMBL31.compound.743937	O=S(=O)(Nc1cc(Cl)ccc1Cn1cnnc1)c1ccc(Cl)c(Cl)c1	AGJAKUVKWSUXBI-UHFFFAOYSA-N	InChI=1S/C15H11Cl3N4O2S/c16-11-2-1-10(7-22-8-19-20-9-22)15(5-11)21-25(23,24)12-3-4-13(17)14(18)6-12/h1-6,8-9,21H,7H2	"""AuxInfo=1/0/N:10,9,19,20,6,25,12,14,17,11,7,18,21,23,5,8,22,24,15,16,4,13,1,3,2/E:(8,9)(19,20)(23,24)/CRV:25.6/rA:25OSONCCCClCCCCNCNNCCCCCClCClC/rB:d1;d2;s2;s4;d5;s6;s7;d7;s9;s5d10;s11;s12;s13;d14;s15;s13d16;s2;d18;s19;d20;s21;s21;s23;s18d23;/rC:;;;;;;;;;;;;;;;;;;;;;;;;;"""	P41597_WT	ChEMBL:CHEMBL4015	P41597	WT	CHEMBL2213079	PMID:23079519	2012.0	PMID:23079519	2012	0	0	0	1	0		=	  8.000	8.0	0.0	0.0	1.0	8.0	0.0	CCRs_HUMAN_annotated_00362	True
InChI=1S/C15H11Cl3N4O2S/c16-11-2-1-10(7-22-8-19-20-9-22)15(5-11)21-25(23,24)12-3-4-13(17)14(18)6-12/h1-6,8-9,21H,7H2_on_P51679_WT	Medium	ChEMBL31	ChEMBL31.compound.743937	O=S(=O)(Nc1cc(Cl)ccc1Cn1cnnc1)c1ccc(Cl)c(Cl)c1	AGJAKUVKWSUXBI-UHFFFAOYSA-N	InChI=1S/C15H11Cl3N4O2S/c16-11-2-1-10(7-22-8-19-20-9-22)15(5-11)21-25(23,24)12-3-4-13(17)14(18)6-12/h1-6,8-9,21H,7H2	"""AuxInfo=1/0/N:10,9,19,20,6,25,12,14,17,11,7,18,21,23,5,8,22,24,15,16,4,13,1,3,2/E:(8,9)(19,20)(23,24)/CRV:25.6/rA:25OSONCCCClCCCCNCNNCCCCCClCClC/rB:d1;d2;s2;s4;d5;s6;s7;d7;s9;s5d10;s11;s12;s13;d14;s15;s13d16;s2;d18;s19;d20;s21;s21;s23;s18d23;/rC:;;;;;;;;;;;;;;;;;;;;;;;;;"""	P51679_WT	ChEMBL:CHEMBL2414	P51679	WT	CHEMBL2213077	PMID:23079519	2012.0	PMID:23079519	2012	0	0	0	1	0		=	  5.600	5.6	0.0	0.0	1.0	5.6	0.0	CCRs_HUMAN_annotated_00363	True
InChI=1S/C15H11Cl3N4O2S/c16-11-2-1-10(7-22-9-19-8-20-22)15(5-11)21-25(23,24)12-3-4-13(17)14(18)6-12/h1-6,8-9,21H,7H2_on_P32246_WT	Medium	ChEMBL31	ChEMBL31.compound.743944	O=S(=O)(Nc1cc(Cl)ccc1Cn1cncn1)c1ccc(Cl)c(Cl)c1	YSVHPACWAGFQQP-UHFFFAOYSA-N	InChI=1S/C15H11Cl3N4O2S/c16-11-2-1-10(7-22-9-19-8-20-22)15(5-11)21-25(23,24)12-3-4-13(17)14(18)6-12/h1-6,8-9,21H,7H2	"""AuxInfo=1/0/N:10,9,19,20,6,25,12,16,14,11,7,18,21,23,5,8,22,24,15,17,4,13,1,3,2/E:(23,24)/CRV:25.6/rA:25OSONCCCClCCCCNCNCNCCCCClCClC/rB:d1;d2;s2;s4;d5;s6;s7;d7;s9;s5d10;s11;s12;s13;d14;s15;s13d16;s2;d18;s19;d20;s21;s21;s23;s18d23;/rC:;;;;;;;;;;;;;;;;;;;;;;;;;"""	P32246_WT	ChEMBL:CHEMBL2413	P32246	WT	CHEMBL2213078	PMID:23079519	2012.0	PMID:23079519	2012	0	0	0	1	0		=	  6.000	6.0	0.0	0.0	1.0	6.0	0.0	CCRs_HUMAN_annotated_00364	True
InChI=1S/C15H11Cl3N4O2S/c16-11-2-1-10(7-22-9-19-8-20-22)15(5-11)21-25(23,24)12-3-4-13(17)14(18)6-12/h1-6,8-9,21H,7H2_on_P41597_WT	Medium	ChEMBL31	ChEMBL31.compound.743944	O=S(=O)(Nc1cc(Cl)ccc1Cn1cncn1)c1ccc(Cl)c(Cl)c1	YSVHPACWAGFQQP-UHFFFAOYSA-N	InChI=1S/C15H11Cl3N4O2S/c16-11-2-1-10(7-22-9-19-8-20-22)15(5-11)21-25(23,24)12-3-4-13(17)14(18)6-12/h1-6,8-9,21H,7H2	"""AuxInfo=1/0/N:10,9,19,20,6,25,12,16,14,11,7,18,21,23,5,8,22,24,15,17,4,13,1,3,2/E:(23,24)/CRV:25.6/rA:25OSONCCCClCCCCNCNCNCCCCClCClC/rB:d1;d2;s2;s4;d5;s6;s7;d7;s9;s5d10;s11;s12;s13;d14;s15;s13d16;s2;d18;s19;d20;s21;s21;s23;s18d23;/rC:;;;;;;;;;;;;;;;;;;;;;;;;;"""	P41597_WT	ChEMBL:CHEMBL4015	P41597	WT	CHEMBL2213079	PMID:23079519	2012.0	PMID:23079519	2012	0	0	0	1	0		=	  7.400	7.4	0.0	0.0	1.0	7.4	0.0	CCRs_HUMAN_annotated_00365	True
InChI=1S/C15H11Cl3N4O2S/c16-11-2-1-10(7-22-9-19-8-20-22)15(5-11)21-25(23,24)12-3-4-13(17)14(18)6-12/h1-6,8-9,21H,7H2_on_P51679_WT	Medium	ChEMBL31	ChEMBL31.compound.743944	O=S(=O)(Nc1cc(Cl)ccc1Cn1cncn1)c1ccc(Cl)c(Cl)c1	YSVHPACWAGFQQP-UHFFFAOYSA-N	InChI=1S/C15H11Cl3N4O2S/c16-11-2-1-10(7-22-9-19-8-20-22)15(5-11)21-25(23,24)12-3-4-13(17)14(18)6-12/h1-6,8-9,21H,7H2	"""AuxInfo=1/0/N:10,9,19,20,6,25,12,16,14,11,7,18,21,23,5,8,22,24,15,17,4,13,1,3,2/E:(23,24)/CRV:25.6/rA:25OSONCCCClCCCCNCNCNCCCCClCClC/rB:d1;d2;s2;s4;d5;s6;s7;d7;s9;s5d10;s11;s12;s13;d14;s15;s13d16;s2;d18;s19;d20;s21;s21;s23;s18d23;/rC:;;;;;;;;;;;;;;;;;;;;;;;;;"""	P51679_WT	ChEMBL:CHEMBL2414	P51679	WT	CHEMBL2213077	PMID:23079519	2012.0	PMID:23079519	2012	0	0	0	1	0		=	  6.200	6.2	0.0	0.0	1.0	6.2	0.0	CCRs_HUMAN_annotated_00366	True
InChI=1S/C15H11Cl3N4O2S/c16-11-2-1-10(9-22-6-5-19-21-22)15(7-11)20-25(23,24)12-3-4-13(17)14(18)8-12/h1-8,20H,9H2_on_P32246_WT	Medium	ChEMBL31	ChEMBL31.compound.195315	O=S(=O)(Nc1cc(Cl)ccc1Cn1ccnn1)c1ccc(Cl)c(Cl)c1	YGWURLOZYUXZKA-UHFFFAOYSA-N	InChI=1S/C15H11Cl3N4O2S/c16-11-2-1-10(9-22-6-5-19-21-22)15(7-11)20-25(23,24)12-3-4-13(17)14(18)8-12/h1-8,20H,9H2	"""AuxInfo=1/0/N:10,9,19,20,15,14,6,25,12,11,7,18,21,23,5,8,22,24,16,4,17,13,1,3,2/E:(23,24)/CRV:25.6/rA:25OSONCCCClCCCCNCCNNCCCCClCClC/rB:d1;d2;s2;s4;d5;s6;s7;d7;s9;s5d10;s11;s12;s13;d14;s15;s13d16;s2;d18;s19;d20;s21;s21;s23;s18d23;/rC:;;;;;;;;;;;;;;;;;;;;;;;;;"""	P32246_WT	ChEMBL:CHEMBL2413	P32246	WT	CHEMBL2213078	PMID:23079519	2012.0	PMID:23079519	2012	0	0	0	1	0		=	  6.400	6.4	0.0	0.0	1.0	6.4	0.0	CCRs_HUMAN_annotated_00367	True
InChI=1S/C15H11Cl3N4O2S/c16-11-2-1-10(9-22-6-5-19-21-22)15(7-11)20-25(23,24)12-3-4-13(17)14(18)8-12/h1-8,20H,9H2_on_P41597_WT	High	ChEMBL31	ChEMBL31.compound.195315	O=S(=O)(Nc1cc(Cl)ccc1Cn1ccnn1)c1ccc(Cl)c(Cl)c1	YGWURLOZYUXZKA-UHFFFAOYSA-N	InChI=1S/C15H11Cl3N4O2S/c16-11-2-1-10(9-22-6-5-19-21-22)15(7-11)20-25(23,24)12-3-4-13(17)14(18)8-12/h1-8,20H,9H2	"""AuxInfo=1/0/N:10,9,19,20,15,14,6,25,12,11,7,18,21,23,5,8,22,24,16,4,17,13,1,3,2/E:(23,24)/CRV:25.6/rA:25OSONCCCClCCCCNCCNNCCCCClCClC/rB:d1;d2;s2;s4;d5;s6;s7;d7;s9;s5d10;s11;s12;s13;d14;s15;s13d16;s2;d18;s19;d20;s21;s21;s23;s18d23;/rC:;;;;;;;;;;;;;;;;;;;;;;;;;"""	P41597_WT	ChEMBL:CHEMBL4015;ChEMBL:CHEMBL4015;ChEMBL:CHEMBL4015;ChEMBL:CHEMBL4015	P41597	WT	CHEMBL2213075;CHEMBL2213076;CHEMBL2212597;CHEMBL2212593	PMID:23079519	2012.0	PMID:23079519	2012	0	0	0;0;0;1	1;1;1;0	0		=	  7.000;  7.100;  8.000;  5.000	6.775	1.096	0.633	4.0	7.05	0.5	CCRs_HUMAN_annotated_00368	True
InChI=1S/C15H11Cl3N4O2S/c16-11-2-1-10(9-22-6-5-19-21-22)15(7-11)20-25(23,24)12-3-4-13(17)14(18)8-12/h1-8,20H,9H2_on_P51679_WT	Medium	ChEMBL31	ChEMBL31.compound.195315	O=S(=O)(Nc1cc(Cl)ccc1Cn1ccnn1)c1ccc(Cl)c(Cl)c1	YGWURLOZYUXZKA-UHFFFAOYSA-N	InChI=1S/C15H11Cl3N4O2S/c16-11-2-1-10(9-22-6-5-19-21-22)15(7-11)20-25(23,24)12-3-4-13(17)14(18)8-12/h1-8,20H,9H2	"""AuxInfo=1/0/N:10,9,19,20,15,14,6,25,12,11,7,18,21,23,5,8,22,24,16,4,17,13,1,3,2/E:(23,24)/CRV:25.6/rA:25OSONCCCClCCCCNCCNNCCCCClCClC/rB:d1;d2;s2;s4;d5;s6;s7;d7;s9;s5d10;s11;s12;s13;d14;s15;s13d16;s2;d18;s19;d20;s21;s21;s23;s18d23;/rC:;;;;;;;;;;;;;;;;;;;;;;;;;"""	P51679_WT	ChEMBL:CHEMBL2414	P51679	WT	CHEMBL2213077	PMID:23079519	2012.0	PMID:23079519	2012	0	0	0	1	0		=	  6.400	6.4	0.0	0.0	1.0	6.4	0.0	CCRs_HUMAN_annotated_00369	True
InChI=1S/C15H11ClN6O3S/c16-11-5-4-10(9-22-7-6-17-21-22)13(8-11)20-26(23,24)14-3-1-2-12-15(14)19-25-18-12/h1-8,20H,9H2_on_P32246_WT	Medium	ChEMBL31	ChEMBL31.compound.743951	O=S(=O)(Nc1cc(Cl)ccc1Cn1ccnn1)c1cccc2nonc12	JNXZPVRXTJWNTA-UHFFFAOYSA-N	InChI=1S/C15H11ClN6O3S/c16-11-5-4-10(9-22-7-6-17-21-22)13(8-11)20-26(23,24)14-3-1-2-12-15(14)19-25-18-12/h1-8,20H,9H2	"""AuxInfo=1/0/N:20,21,19,10,9,15,14,6,12,11,7,22,5,18,26,8,16,23,25,4,17,13,1,3,24,2/E:(23,24)/CRV:26.6/rA:26OSONCCCClCCCCNCCNNCCCCCNONC/rB:d1;d2;s2;s4;d5;s6;s7;d7;s9;s5d10;s11;s12;s13;d14;s15;s13d16;s2;d18;s19;d20;s21;d22;s23;s24;s18s22d25;/rC:;;;;;;;;;;;;;;;;;;;;;;;;;;"""	P32246_WT	ChEMBL:CHEMBL2413	P32246	WT	CHEMBL2213078	PMID:23079519	2012.0	PMID:23079519	2012	0	0	0	1	0		=	  5.700	5.7	0.0	0.0	1.0	5.7	0.0	CCRs_HUMAN_annotated_00373	True
InChI=1S/C15H11ClN6O3S/c16-11-5-4-10(9-22-7-6-17-21-22)13(8-11)20-26(23,24)14-3-1-2-12-15(14)19-25-18-12/h1-8,20H,9H2_on_P41597_WT	Medium	ChEMBL31	ChEMBL31.compound.743951	O=S(=O)(Nc1cc(Cl)ccc1Cn1ccnn1)c1cccc2nonc12	JNXZPVRXTJWNTA-UHFFFAOYSA-N	InChI=1S/C15H11ClN6O3S/c16-11-5-4-10(9-22-7-6-17-21-22)13(8-11)20-26(23,24)14-3-1-2-12-15(14)19-25-18-12/h1-8,20H,9H2	"""AuxInfo=1/0/N:20,21,19,10,9,15,14,6,12,11,7,22,5,18,26,8,16,23,25,4,17,13,1,3,24,2/E:(23,24)/CRV:26.6/rA:26OSONCCCClCCCCNCCNNCCCCCNONC/rB:d1;d2;s2;s4;d5;s6;s7;d7;s9;s5d10;s11;s12;s13;d14;s15;s13d16;s2;d18;s19;d20;s21;d22;s23;s24;s18s22d25;/rC:;;;;;;;;;;;;;;;;;;;;;;;;;;"""	P41597_WT	ChEMBL:CHEMBL4015	P41597	WT	CHEMBL2213079	PMID:23079519	2012.0	PMID:23079519	2012	0	0	0	1	0		=	  6.600	6.6	0.0	0.0	1.0	6.6	0.0	CCRs_HUMAN_annotated_00374	True
InChI=1S/C15H11ClN6O3S/c16-11-5-4-10(9-22-7-6-17-21-22)13(8-11)20-26(23,24)14-3-1-2-12-15(14)19-25-18-12/h1-8,20H,9H2_on_P51679_WT	Low	ChEMBL31	ChEMBL31.compound.743951	O=S(=O)(Nc1cc(Cl)ccc1Cn1ccnn1)c1cccc2nonc12	JNXZPVRXTJWNTA-UHFFFAOYSA-N	InChI=1S/C15H11ClN6O3S/c16-11-5-4-10(9-22-7-6-17-21-22)13(8-11)20-26(23,24)14-3-1-2-12-15(14)19-25-18-12/h1-8,20H,9H2	"""AuxInfo=1/0/N:20,21,19,10,9,15,14,6,12,11,7,22,5,18,26,8,16,23,25,4,17,13,1,3,24,2/E:(23,24)/CRV:26.6/rA:26OSONCCCClCCCCNCCNNCCCCCNONC/rB:d1;d2;s2;s4;d5;s6;s7;d7;s9;s5d10;s11;s12;s13;d14;s15;s13d16;s2;d18;s19;d20;s21;d22;s23;s24;s18s22d25;/rC:;;;;;;;;;;;;;;;;;;;;;;;;;;"""	P51679_WT	ChEMBL:CHEMBL2414	P51679	WT	CHEMBL2213077	PMID:23079519	2012.0	PMID:23079519	2012	0	0	0	1	0		<	  5.000	5.0	0.0	0.0	1.0	5.0	0.0	CCRs_HUMAN_annotated_00375	True
InChI=1S/C15H12BrN3O3S2/c1-22-14-13(17-9-12(16)18-14)19-24(20,21)15-11(7-8-23-15)10-5-3-2-4-6-10/h2-9H,1H3,(H,17,19)_on_P51679_WT	High	ChEMBL31	ChEMBL31.compound.376583	COc1nc(Br)cnc1NS(=O)(=O)c1c(-c2ccccc2)ccs1	SARPIFDXLJZXAS-UHFFFAOYSA-N	InChI=1S/C15H12BrN3O3S2/c1-22-14-13(17-9-12(16)18-14)19-24(20,21)15-11(7-8-23-15)10-5-3-2-4-6-10/h2-9H,1H3,(H,17,19)	"""AuxInfo=1/1/N:1,19,18,20,17,21,22,23,7,16,15,5,9,3,14,6,8,4,10,12,13,2,24,11/E:(3,4)(5,6)(20,21)/CRV:24.6/rA:24COCNCBrCNCNSOOCCCCCCCCCCS/rB:s1;s2;d3;s4;s5;d5;s7;s3d8;s9;s10;d11;d11;s11;d14;s15;d16;s17;d18;s19;s16d20;s15;d22;s14s23;/rC:;;;;;;;;;;;;;;;;;;;;;;;;"""	P51679_WT	ChEMBL:CHEMBL2414	P51679	WT	CHEMBL4134307	PMID:28947948	2017.0	PMID:28947948	2017	1	0	0	0	0		=	  6.000	6.0	0.0	0.0	1.0	6.0	0.0	CCRs_HUMAN_annotated_00383	True
InChI=1S/C15H12Cl2N4O2S/c16-12-2-1-3-14(8-12)24(22,23)19-15-9-13(17)5-4-11(15)10-21-7-6-18-20-21/h1-9,19H,10H2_on_P32246_WT	Medium	ChEMBL31	ChEMBL31.compound.743949	O=S(=O)(Nc1cc(Cl)ccc1Cn1ccnn1)c1cccc(Cl)c1	DVBHCMNIFLHUIM-UHFFFAOYSA-N	InChI=1S/C15H12Cl2N4O2S/c16-12-2-1-3-14(8-12)24(22,23)19-15-9-13(17)5-4-11(15)10-21-7-6-18-20-21/h1-9,19H,10H2	"""AuxInfo=1/0/N:20,21,19,10,9,15,14,24,6,12,11,22,7,18,5,23,8,16,4,17,13,1,3,2/E:(22,23)/CRV:24.6/rA:24OSONCCCClCCCCNCCNNCCCCCClC/rB:d1;d2;s2;s4;d5;s6;s7;d7;s9;s5d10;s11;s12;s13;d14;s15;s13d16;s2;d18;s19;d20;s21;s22;s18d22;/rC:;;;;;;;;;;;;;;;;;;;;;;;;"""	P32246_WT	ChEMBL:CHEMBL2413	P32246	WT	CHEMBL2213078	PMID:23079519	2012.0	PMID:23079519	2012	0	0	0	1	0		=	  5.800	5.8	0.0	0.0	1.0	5.8	0.0	CCRs_HUMAN_annotated_00388	True
InChI=1S/C15H12Cl2N4O2S/c16-12-2-1-3-14(8-12)24(22,23)19-15-9-13(17)5-4-11(15)10-21-7-6-18-20-21/h1-9,19H,10H2_on_P41597_WT	Medium	ChEMBL31	ChEMBL31.compound.743949	O=S(=O)(Nc1cc(Cl)ccc1Cn1ccnn1)c1cccc(Cl)c1	DVBHCMNIFLHUIM-UHFFFAOYSA-N	InChI=1S/C15H12Cl2N4O2S/c16-12-2-1-3-14(8-12)24(22,23)19-15-9-13(17)5-4-11(15)10-21-7-6-18-20-21/h1-9,19H,10H2	"""AuxInfo=1/0/N:20,21,19,10,9,15,14,24,6,12,11,22,7,18,5,23,8,16,4,17,13,1,3,2/E:(22,23)/CRV:24.6/rA:24OSONCCCClCCCCNCCNNCCCCCClC/rB:d1;d2;s2;s4;d5;s6;s7;d7;s9;s5d10;s11;s12;s13;d14;s15;s13d16;s2;d18;s19;d20;s21;s22;s18d22;/rC:;;;;;;;;;;;;;;;;;;;;;;;;"""	P41597_WT	ChEMBL:CHEMBL4015	P41597	WT	CHEMBL2213079	PMID:23079519	2012.0	PMID:23079519	2012	0	0	0	1	0		=	  7.000	7.0	0.0	0.0	1.0	7.0	0.0	CCRs_HUMAN_annotated_00389	True
InChI=1S/C15H12Cl2N4O2S/c16-12-2-1-3-14(8-12)24(22,23)19-15-9-13(17)5-4-11(15)10-21-7-6-18-20-21/h1-9,19H,10H2_on_P51679_WT	Medium	ChEMBL31	ChEMBL31.compound.743949	O=S(=O)(Nc1cc(Cl)ccc1Cn1ccnn1)c1cccc(Cl)c1	DVBHCMNIFLHUIM-UHFFFAOYSA-N	InChI=1S/C15H12Cl2N4O2S/c16-12-2-1-3-14(8-12)24(22,23)19-15-9-13(17)5-4-11(15)10-21-7-6-18-20-21/h1-9,19H,10H2	"""AuxInfo=1/0/N:20,21,19,10,9,15,14,24,6,12,11,22,7,18,5,23,8,16,4,17,13,1,3,2/E:(22,23)/CRV:24.6/rA:24OSONCCCClCCCCNCCNNCCCCCClC/rB:d1;d2;s2;s4;d5;s6;s7;d7;s9;s5d10;s11;s12;s13;d14;s15;s13d16;s2;d18;s19;d20;s21;s22;s18d22;/rC:;;;;;;;;;;;;;;;;;;;;;;;;"""	P51679_WT	ChEMBL:CHEMBL2414	P51679	WT	CHEMBL2213077	PMID:23079519	2012.0	PMID:23079519	2012	0	0	0	1	0		=	  5.900	5.9	0.0	0.0	1.0	5.9	0.0	CCRs_HUMAN_annotated_00390	True
InChI=1S/C15H12Cl2N4O2S/c16-12-3-5-14(6-4-12)24(22,23)19-15-9-13(17)2-1-11(15)10-21-8-7-18-20-21/h1-9,19H,10H2_on_P32246_WT	Medium	ChEMBL31	ChEMBL31.compound.743950	O=S(=O)(Nc1cc(Cl)ccc1Cn1ccnn1)c1ccc(Cl)cc1	UNODWYJNQAHVAZ-UHFFFAOYSA-N	InChI=1S/C15H12Cl2N4O2S/c16-12-3-5-14(6-4-12)24(22,23)19-15-9-13(17)2-1-11(15)10-21-8-7-18-20-21/h1-9,19H,10H2	"""AuxInfo=1/0/N:10,9,20,23,19,24,15,14,6,12,11,21,7,18,5,22,8,16,4,17,13,1,3,2/E:(3,4)(5,6)(22,23)/CRV:24.6/rA:24OSONCCCClCCCCNCCNNCCCCClCC/rB:d1;d2;s2;s4;d5;s6;s7;d7;s9;s5d10;s11;s12;s13;d14;s15;s13d16;s2;d18;s19;d20;s21;s21;s18d23;/rC:;;;;;;;;;;;;;;;;;;;;;;;;"""	P32246_WT	ChEMBL:CHEMBL2413	P32246	WT	CHEMBL2213078	PMID:23079519	2012.0	PMID:23079519	2012	0	0	0	1	0		=	  6.000	6.0	0.0	0.0	1.0	6.0	0.0	CCRs_HUMAN_annotated_00391	True
InChI=1S/C15H12Cl2N4O2S/c16-12-3-5-14(6-4-12)24(22,23)19-15-9-13(17)2-1-11(15)10-21-8-7-18-20-21/h1-9,19H,10H2_on_P41597_WT	Medium	ChEMBL31	ChEMBL31.compound.743950	O=S(=O)(Nc1cc(Cl)ccc1Cn1ccnn1)c1ccc(Cl)cc1	UNODWYJNQAHVAZ-UHFFFAOYSA-N	InChI=1S/C15H12Cl2N4O2S/c16-12-3-5-14(6-4-12)24(22,23)19-15-9-13(17)2-1-11(15)10-21-8-7-18-20-21/h1-9,19H,10H2	"""AuxInfo=1/0/N:10,9,20,23,19,24,15,14,6,12,11,21,7,18,5,22,8,16,4,17,13,1,3,2/E:(3,4)(5,6)(22,23)/CRV:24.6/rA:24OSONCCCClCCCCNCCNNCCCCClCC/rB:d1;d2;s2;s4;d5;s6;s7;d7;s9;s5d10;s11;s12;s13;d14;s15;s13d16;s2;d18;s19;d20;s21;s21;s18d23;/rC:;;;;;;;;;;;;;;;;;;;;;;;;"""	P41597_WT	ChEMBL:CHEMBL4015	P41597	WT	CHEMBL2213079	PMID:23079519	2012.0	PMID:23079519	2012	0	0	0	1	0		=	  7.000	7.0	0.0	0.0	1.0	7.0	0.0	CCRs_HUMAN_annotated_00392	True
InChI=1S/C15H12Cl2N4O2S/c16-12-3-5-14(6-4-12)24(22,23)19-15-9-13(17)2-1-11(15)10-21-8-7-18-20-21/h1-9,19H,10H2_on_P51679_WT	Medium	ChEMBL31	ChEMBL31.compound.743950	O=S(=O)(Nc1cc(Cl)ccc1Cn1ccnn1)c1ccc(Cl)cc1	UNODWYJNQAHVAZ-UHFFFAOYSA-N	InChI=1S/C15H12Cl2N4O2S/c16-12-3-5-14(6-4-12)24(22,23)19-15-9-13(17)2-1-11(15)10-21-8-7-18-20-21/h1-9,19H,10H2	"""AuxInfo=1/0/N:10,9,20,23,19,24,15,14,6,12,11,21,7,18,5,22,8,16,4,17,13,1,3,2/E:(3,4)(5,6)(22,23)/CRV:24.6/rA:24OSONCCCClCCCCNCCNNCCCCClCC/rB:d1;d2;s2;s4;d5;s6;s7;d7;s9;s5d10;s11;s12;s13;d14;s15;s13d16;s2;d18;s19;d20;s21;s21;s18d23;/rC:;;;;;;;;;;;;;;;;;;;;;;;;"""	P51679_WT	ChEMBL:CHEMBL2414	P51679	WT	CHEMBL2213077	PMID:23079519	2012.0	PMID:23079519	2012	0	0	0	1	0		=	  5.900	5.9	0.0	0.0	1.0	5.9	0.0	CCRs_HUMAN_annotated_00393	True
InChI=1S/C15H12Cl3N5O2S/c1-9-19-21-22-23(9)8-10-2-3-11(16)6-15(10)20-26(24,25)12-4-5-13(17)14(18)7-12/h2-7,20H,8H2,1H3_on_P32246_WT	Medium	ChEMBL31	ChEMBL31.compound.195316	Cc1nnnn1Cc1ccc(Cl)cc1NS(=O)(=O)c1ccc(Cl)c(Cl)c1	JDTIJKSABSGJEM-UHFFFAOYSA-N	InChI=1S/C15H12Cl3N5O2S/c1-9-19-21-22-23(9)8-10-2-3-11(16)6-15(10)20-26(24,25)12-4-5-13(17)14(18)7-12/h2-7,20H,8H2,1H3	"""AuxInfo=1/0/N:1,9,10,20,21,13,26,7,2,8,11,19,22,24,14,12,23,25,3,15,4,5,6,17,18,16/E:(24,25)/CRV:26.6/rA:26CCNNNNCCCCCClCCNSOOCCCCClCClC/rB:s1;d2;s3;d4;s2s5;s6;s7;d8;s9;d10;s11;s11;s8d13;s14;s15;d16;d16;s16;d19;s20;d21;s22;s22;s24;s19d24;/rC:;;;;;;;;;;;;;;;;;;;;;;;;;;"""	P32246_WT	ChEMBL:CHEMBL2413	P32246	WT	CHEMBL2213078	PMID:23079519	2012.0	PMID:23079519	2012	0	0	0	1	0		=	  6.400	6.4	0.0	0.0	1.0	6.4	0.0	CCRs_HUMAN_annotated_00394	True
InChI=1S/C15H12Cl3N5O2S/c1-9-19-21-22-23(9)8-10-2-3-11(16)6-15(10)20-26(24,25)12-4-5-13(17)14(18)7-12/h2-7,20H,8H2,1H3_on_P41597_WT	High	ChEMBL31	ChEMBL31.compound.195316	Cc1nnnn1Cc1ccc(Cl)cc1NS(=O)(=O)c1ccc(Cl)c(Cl)c1	JDTIJKSABSGJEM-UHFFFAOYSA-N	InChI=1S/C15H12Cl3N5O2S/c1-9-19-21-22-23(9)8-10-2-3-11(16)6-15(10)20-26(24,25)12-4-5-13(17)14(18)7-12/h2-7,20H,8H2,1H3	"""AuxInfo=1/0/N:1,9,10,20,21,13,26,7,2,8,11,19,22,24,14,12,23,25,3,15,4,5,6,17,18,16/E:(24,25)/CRV:26.6/rA:26CCNNNNCCCCCClCCNSOOCCCCClCClC/rB:s1;d2;s3;d4;s2s5;s6;s7;d8;s9;d10;s11;s11;s8d13;s14;s15;d16;d16;s16;d19;s20;d21;s22;s22;s24;s19d24;/rC:;;;;;;;;;;;;;;;;;;;;;;;;;;"""	P41597_WT	ChEMBL:CHEMBL4015;ChEMBL:CHEMBL4015	P41597	WT	CHEMBL2213076;CHEMBL2213075	PMID:23079519	2012.0	PMID:23079519	2012	0	0	0	1	0		=	  7.100;  7.100	7.1	0.0	0.0	2.0	7.1	0.0	CCRs_HUMAN_annotated_00395	True
InChI=1S/C15H12Cl3N5O2S/c1-23-15(19-21-22-23)6-9-2-3-10(16)7-14(9)20-26(24,25)11-4-5-12(17)13(18)8-11/h2-5,7-8,20H,6H2,1H3_on_P32246_WT	Medium	ChEMBL31	ChEMBL31.compound.743940	Cn1nnnc1Cc1ccc(Cl)cc1NS(=O)(=O)c1ccc(Cl)c(Cl)c1	DLTXTHJGLDWETN-UHFFFAOYSA-N	InChI=1S/C15H12Cl3N5O2S/c1-23-15(19-21-22-23)6-9-2-3-10(16)7-14(9)20-26(24,25)11-4-5-12(17)13(18)8-11/h2-5,7-8,20H,6H2,1H3	"""AuxInfo=1/0/N:1,9,10,20,21,7,13,26,8,11,19,22,24,14,6,12,23,25,5,15,4,3,2,17,18,16/E:(24,25)/CRV:26.6/rA:26CNNNNCCCCCCClCCNSOOCCCCClCClC/rB:s1;s2;d3;s4;s2d5;s6;s7;d8;s9;d10;s11;s11;s8d13;s14;s15;d16;d16;s16;d19;s20;d21;s22;s22;s24;s19d24;/rC:;;;;;;;;;;;;;;;;;;;;;;;;;;"""	P32246_WT	ChEMBL:CHEMBL2413	P32246	WT	CHEMBL2213078	PMID:23079519	2012.0	PMID:23079519	2012	0	0	0	1	0		=	  5.800	5.8	0.0	0.0	1.0	5.8	0.0	CCRs_HUMAN_annotated_00396	True
InChI=1S/C15H12Cl3N5O2S/c1-23-15(19-21-22-23)6-9-2-3-10(16)7-14(9)20-26(24,25)11-4-5-12(17)13(18)8-11/h2-5,7-8,20H,6H2,1H3_on_P41597_WT	Medium	ChEMBL31	ChEMBL31.compound.743940	Cn1nnnc1Cc1ccc(Cl)cc1NS(=O)(=O)c1ccc(Cl)c(Cl)c1	DLTXTHJGLDWETN-UHFFFAOYSA-N	InChI=1S/C15H12Cl3N5O2S/c1-23-15(19-21-22-23)6-9-2-3-10(16)7-14(9)20-26(24,25)11-4-5-12(17)13(18)8-11/h2-5,7-8,20H,6H2,1H3	"""AuxInfo=1/0/N:1,9,10,20,21,7,13,26,8,11,19,22,24,14,6,12,23,25,5,15,4,3,2,17,18,16/E:(24,25)/CRV:26.6/rA:26CNNNNCCCCCCClCCNSOOCCCCClCClC/rB:s1;s2;d3;s4;s2d5;s6;s7;d8;s9;d10;s11;s11;s8d13;s14;s15;d16;d16;s16;d19;s20;d21;s22;s22;s24;s19d24;/rC:;;;;;;;;;;;;;;;;;;;;;;;;;;"""	P41597_WT	ChEMBL:CHEMBL4015	P41597	WT	CHEMBL2213079	PMID:23079519	2012.0	PMID:23079519	2012	0	0	0	1	0		=	  7.800	7.8	0.0	0.0	1.0	7.8	0.0	CCRs_HUMAN_annotated_00397	True
InChI=1S/C15H12Cl3N5O2S/c1-23-15(19-21-22-23)6-9-2-3-10(16)7-14(9)20-26(24,25)11-4-5-12(17)13(18)8-11/h2-5,7-8,20H,6H2,1H3_on_P51679_WT	Medium	ChEMBL31	ChEMBL31.compound.743940	Cn1nnnc1Cc1ccc(Cl)cc1NS(=O)(=O)c1ccc(Cl)c(Cl)c1	DLTXTHJGLDWETN-UHFFFAOYSA-N	InChI=1S/C15H12Cl3N5O2S/c1-23-15(19-21-22-23)6-9-2-3-10(16)7-14(9)20-26(24,25)11-4-5-12(17)13(18)8-11/h2-5,7-8,20H,6H2,1H3	"""AuxInfo=1/0/N:1,9,10,20,21,7,13,26,8,11,19,22,24,14,6,12,23,25,5,15,4,3,2,17,18,16/E:(24,25)/CRV:26.6/rA:26CNNNNCCCCCCClCCNSOOCCCCClCClC/rB:s1;s2;d3;s4;s2d5;s6;s7;d8;s9;d10;s11;s11;s8d13;s14;s15;d16;d16;s16;d19;s20;d21;s22;s22;s24;s19d24;/rC:;;;;;;;;;;;;;;;;;;;;;;;;;;"""	P51679_WT	ChEMBL:CHEMBL2414	P51679	WT	CHEMBL2213077	PMID:23079519	2012.0	PMID:23079519	2012	0	0	0	1	0		=	  6.200	6.2	0.0	0.0	1.0	6.2	0.0	CCRs_HUMAN_annotated_00398	True
InChI=1S/C15H12ClFN4O2S/c16-12-5-4-11(10-21-7-6-18-20-21)15(8-12)19-24(22,23)14-3-1-2-13(17)9-14/h1-9,19H,10H2_on_P32246_WT	Medium	ChEMBL31	ChEMBL31.compound.743948	O=S(=O)(Nc1cc(Cl)ccc1Cn1ccnn1)c1cccc(F)c1	BCZPRYJTVRIOOL-UHFFFAOYSA-N	InChI=1S/C15H12ClFN4O2S/c16-12-5-4-11(10-21-7-6-18-20-21)15(8-12)19-24(22,23)14-3-1-2-13(17)9-14/h1-9,19H,10H2	"""AuxInfo=1/0/N:20,21,19,10,9,15,14,6,24,12,11,7,22,18,5,8,23,16,4,17,13,1,3,2/E:(22,23)/CRV:24.6/rA:24OSONCCCClCCCCNCCNNCCCCCFC/rB:d1;d2;s2;s4;d5;s6;s7;d7;s9;s5d10;s11;s12;s13;d14;s15;s13d16;s2;d18;s19;d20;s21;s22;s18d22;/rC:;;;;;;;;;;;;;;;;;;;;;;;;"""	P32246_WT	ChEMBL:CHEMBL2413	P32246	WT	CHEMBL2213078	PMID:23079519	2012.0	PMID:23079519	2012	0	0	0	1	0		=	  5.800	5.8	0.0	0.0	1.0	5.8	0.0	CCRs_HUMAN_annotated_00399	True
InChI=1S/C15H12ClFN4O2S/c16-12-5-4-11(10-21-7-6-18-20-21)15(8-12)19-24(22,23)14-3-1-2-13(17)9-14/h1-9,19H,10H2_on_P41597_WT	Medium	ChEMBL31	ChEMBL31.compound.743948	O=S(=O)(Nc1cc(Cl)ccc1Cn1ccnn1)c1cccc(F)c1	BCZPRYJTVRIOOL-UHFFFAOYSA-N	InChI=1S/C15H12ClFN4O2S/c16-12-5-4-11(10-21-7-6-18-20-21)15(8-12)19-24(22,23)14-3-1-2-13(17)9-14/h1-9,19H,10H2	"""AuxInfo=1/0/N:20,21,19,10,9,15,14,6,24,12,11,7,22,18,5,8,23,16,4,17,13,1,3,2/E:(22,23)/CRV:24.6/rA:24OSONCCCClCCCCNCCNNCCCCCFC/rB:d1;d2;s2;s4;d5;s6;s7;d7;s9;s5d10;s11;s12;s13;d14;s15;s13d16;s2;d18;s19;d20;s21;s22;s18d22;/rC:;;;;;;;;;;;;;;;;;;;;;;;;"""	P41597_WT	ChEMBL:CHEMBL4015	P41597	WT	CHEMBL2213079	PMID:23079519	2012.0	PMID:23079519	2012	0	0	0	1	0		=	  7.000	7.0	0.0	0.0	1.0	7.0	0.0	CCRs_HUMAN_annotated_00400	True
InChI=1S/C15H13Cl2N3O3S/c1-20-10-6-4-7-11(23-2)13(10)15(18-20)19-24(21,22)12-8-3-5-9(16)14(12)17/h3-8H,1-2H3,(H,18,19)_on_P51679_WT	High	ChEMBL31	ChEMBL31.compound.369759	COc1c2c(NS(=O)(=O)c3cccc(Cl)c3Cl)nn(C)c2ccc1	FGPPFAATTBSUFK-UHFFFAOYSA-N	InChI=1S/C15H13Cl2N3O3S/c1-20-10-6-4-7-11(23-2)13(10)15(18-20)19-24(21,22)12-8-3-5-9(16)14(12)17/h3-8H,1-2H3,(H,18,19)	"""AuxInfo=1/1/N:20,1,12,23,13,22,24,11,14,21,3,10,4,16,5,15,17,18,6,19,8,9,2,7/E:(21,22)/CRV:24.6/rA:24COCCCNSOOCCCCCClCClNNCCCCC/rB:s1;s2;d3;s4;s5;s6;d7;d7;s7;d10;s11;d12;s13;s14;s10d14;s16;d5;s18;s19;s4s19;d21;s22;s3d23;/rC:;;;;;;;;;;;;;;;;;;;;;;;;"""	P51679_WT	ChEMBL:CHEMBL2414	P51679	WT	CHEMBL4045586	PMID:24909677	2014.0	PMID:28801066	2017	1	0	0	0	0		=	  6.220	6.22	0.0	0.0	1.0	6.22	0.0	CCRs_HUMAN_annotated_00413	True
InChI=1S/C15H13Cl2N3O3S/c1-20-11-6-7-12(23-2)15(9(11)8-18-20)19-24(21,22)13-5-3-4-10(16)14(13)17/h3-8,19H,1-2H3_on_P51679_WT	High	ChEMBL31	ChEMBL31.compound.369757	COc1ccc2c(c1NS(=O)(=O)c1c(Cl)c(Cl)ccc1)cnn2C	DTQSJIWYWKVBLC-UHFFFAOYSA-N	InChI=1S/C15H13Cl2N3O3S/c1-20-11-6-7-12(23-2)15(9(11)8-18-20)19-24(21,22)13-5-3-4-10(16)14(13)17/h3-8,19H,1-2H3	"""AuxInfo=1/0/N:24,1,19,18,20,5,4,21,7,16,6,3,13,14,8,17,15,22,9,23,11,12,2,10/E:(21,22)/CRV:24.6/rA:24COCCCCCCNSOOCCClCClCCCCNNC/rB:s1;s2;d3;s4;d5;s6;s3d7;s8;s9;d10;d10;s10;d13;s14;s14;s16;d16;s18;s13d19;s7;d21;s6s22;s23;/rC:;;;;;;;;;;;;;;;;;;;;;;;;"""	P51679_WT	ChEMBL:CHEMBL2414	P51679	WT	CHEMBL4045586	PMID:28801066	2017.0	PMID:28801066	2017	1	0	0	0	0		=	  5.000	5.0	0.0	0.0	1.0	5.0	0.0	CCRs_HUMAN_annotated_00414	True
InChI=1S/C15H13Cl2N3O3S/c1-20-11-7-4-6-10(13(11)15(18-20)23-2)19-24(21,22)12-8-3-5-9(16)14(12)17/h3-8,19H,1-2H3_on_P51679_WT	High	ChEMBL31	ChEMBL31.compound.369756	COc1nn(C)c2c1c(NS(=O)(=O)c1c(Cl)c(Cl)ccc1)ccc2	FQLWTPWEAMRLDR-UHFFFAOYSA-N	InChI=1S/C15H13Cl2N3O3S/c1-20-11-7-4-6-10(13(11)15(18-20)23-2)19-24(21,22)12-8-3-5-9(16)14(12)17/h3-8,19H,1-2H3	"""AuxInfo=1/0/N:6,1,20,23,19,22,24,21,17,9,7,14,8,15,3,18,16,4,10,5,12,13,2,11/E:(21,22)/CRV:24.6/rA:24COCNNCCCCNSOOCCClCClCCCCCC/rB:s1;s2;d3;s4;s5;s5;s3d7;s8;s9;s10;d11;d11;s11;d14;s15;s15;s17;d17;s19;s14d20;d9;s22;s7d23;/rC:;;;;;;;;;;;;;;;;;;;;;;;;"""	P51679_WT	ChEMBL:CHEMBL2414	P51679	WT	CHEMBL4045586	PMID:28801066	2017.0	PMID:28801066	2017	1	0	0	0	0		=	  6.100	6.1	0.0	0.0	1.0	6.1	0.0	CCRs_HUMAN_annotated_00415	True
InChI=1S/C15H13Cl2N3O4S/c1-20-11-6-10(12(24-2)7-9(11)18-15(20)21)19-25(22,23)13-5-3-4-8(16)14(13)17/h3-7,19H,1-2H3,(H,18,21)_on_P51679_WT	High	ChEMBL31	ChEMBL31.compound.247800	COc1cc2c(cc1NS(=O)(=O)c1c(Cl)c(Cl)ccc1)n(C)c(O)n2	GSOJBSUDYOOTBR-UHFFFAOYSA-N	InChI=1S/C15H13Cl2N3O4S/c1-20-11-6-10(12(24-2)7-9(11)18-15(20)21)19-25(22,23)13-5-3-4-8(16)14(13)17/h3-7,19H,1-2H3,(H,18,21)	"""AuxInfo=1/1/N:22,1,19,18,20,7,4,16,5,8,6,3,13,14,23,17,15,25,9,21,24,11,12,2,10/E:(22,23)/CRV:25.6/rA:25COCCCCCCNSOOCCClCClCCCNCCON/rB:s1;s2;d3;s4;d5;s6;s3d7;s8;s9;d10;d10;s10;d13;s14;s14;s16;d16;s18;s13d19;s6;s21;s21;s23;s5d23;/rC:;;;;;;;;;;;;;;;;;;;;;;;;;"""	P51679_WT	ChEMBL:CHEMBL2414	P51679	WT	CHEMBL3367642	PMID:24909677	2014.0	PMID:24909677	2014	1	0	0	0	0		=	  4.700	4.7	0.0	0.0	1.0	4.7	0.0	CCRs_HUMAN_annotated_00416	True
InChI=1S/C15H13Cl2N3O4S/c1-20-11-7-12(24-2)10(6-9(11)18-15(20)21)19-25(22,23)13-5-3-4-8(16)14(13)17/h3-7,19H,1-2H3,(H,18,21)_on_P51679_WT	High	ChEMBL31	ChEMBL31.compound.247799	COc1cc2c(cc1NS(=O)(=O)c1c(Cl)c(Cl)ccc1)nc(O)n2C	QXMHYDRJALDQHP-UHFFFAOYSA-N	InChI=1S/C15H13Cl2N3O4S/c1-20-11-7-12(24-2)10(6-9(11)18-15(20)21)19-25(22,23)13-5-3-4-8(16)14(13)17/h3-7,19H,1-2H3,(H,18,21)	"""AuxInfo=1/1/N:25,1,19,18,20,7,4,16,6,8,5,3,13,14,22,17,15,21,9,24,23,11,12,2,10/E:(22,23)/CRV:25.6/rA:25COCCCCCCNSOOCCClCClCCCNCONC/rB:s1;s2;d3;s4;d5;s6;s3d7;s8;s9;d10;d10;s10;d13;s14;s14;s16;d16;s18;s13d19;s6;d21;s22;s5s22;s24;/rC:;;;;;;;;;;;;;;;;;;;;;;;;;"""	P51679_WT	ChEMBL:CHEMBL2414	P51679	WT	CHEMBL3367642	PMID:24909677	2014.0	PMID:24909677	2014	1	0	0	0	0		=	  6.700	6.7	0.0	0.0	1.0	6.7	0.0	CCRs_HUMAN_annotated_00417	True
InChI=1S/C15H13Cl2N5O/c16-10-4-1-7(6-11(10)17)5-9-12(8-2-3-8)19-15-20-14(18)21-22(15)13(9)23/h1,4,6,8,23H,2-3,5H2,(H2,18,21)_on_P41597_WT	High	ChEMBL31	ChEMBL31.compound.403353	Nc1nn2c(O)c(Cc3ccc(Cl)c(Cl)c3)c(C3CC3)nc2n1	GIQJWAINAMOSCQ-UHFFFAOYSA-N	InChI=1S/C15H13Cl2N5O/c16-10-4-1-7(6-11(10)17)5-9-12(8-2-3-8)19-15-20-14(18)21-22(15)13(9)23/h1,4,6,8,23H,2-3,5H2,(H2,18,21)	"""AuxInfo=1/1/N:10,19,20,11,8,16,9,18,7,12,14,17,5,2,22,13,15,1,21,23,3,4,6/E:(2,3)/rA:23NCNNCOCCCCCCClCClCCCCCNCN/rB:s1;d2;s3;s4;s5;d5;s7;s8;d9;s10;d11;s12;s12;s14;s9d14;s7;s17;s18;s18s19;d17;s4s21;s2d22;/rC:;;;;;;;;;;;;;;;;;;;;;;;"""	P41597_WT	ChEMBL:CHEMBL4015;ChEMBL:CHEMBL4015	P41597	WT	CHEMBL4324717	PMID:31742400	2019.0	PMID:31742400	2019	0	0	0	1	0		=	  9.350;  9.400	9.375	0.025	0.025	2.0	9.375	0.025	CCRs_HUMAN_annotated_00418	True
InChI=1S/C15H13Cl2N5O/c16-10-4-1-7(6-11(10)17)5-9-12(8-2-3-8)19-15-20-14(18)21-22(15)13(9)23/h1,4,6,8,23H,2-3,5H2,(H2,18,21)_on_P51681_WT	High	ChEMBL31	ChEMBL31.compound.403353	Nc1nn2c(O)c(Cc3ccc(Cl)c(Cl)c3)c(C3CC3)nc2n1	GIQJWAINAMOSCQ-UHFFFAOYSA-N	InChI=1S/C15H13Cl2N5O/c16-10-4-1-7(6-11(10)17)5-9-12(8-2-3-8)19-15-20-14(18)21-22(15)13(9)23/h1,4,6,8,23H,2-3,5H2,(H2,18,21)	"""AuxInfo=1/1/N:10,19,20,11,8,16,9,18,7,12,14,17,5,2,22,13,15,1,21,23,3,4,6/E:(2,3)/rA:23NCNNCOCCCCCCClCClCCCCCNCN/rB:s1;d2;s3;s4;s5;d5;s7;s8;d9;s10;d11;s12;s12;s14;s9d14;s7;s17;s18;s18s19;d17;s4s21;s2d22;/rC:;;;;;;;;;;;;;;;;;;;;;;;"""	P51681_WT	ChEMBL:CHEMBL274	P51681	WT	CHEMBL4324720	PMID:31742400	2019.0	PMID:31742400	2019	1	0	0	0	0		=	  6.670	6.67	0.0	0.0	1.0	6.67	0.0	CCRs_HUMAN_annotated_00419	True
InChI=1S/C15H13Cl2N5O4S/c1-25-15-11-13(18-7-19-14(11)22(20-15)8-5-26-6-8)21-27(23,24)10-4-2-3-9(16)12(10)17/h2-4,7-8H,5-6H2,1H3,(H,18,19,21)_on_P51679_WT	High	ChEMBL31	ChEMBL31.compound.369744	COc1nn(C2COC2)c2c1c(NS(=O)(=O)c1cccc(Cl)c1Cl)ncn2	KXZMXTMTKANOKL-UHFFFAOYSA-N	InChI=1S/C15H13Cl2N5O4S/c1-25-15-11-13(18-7-19-14(11)22(20-15)8-5-26-6-8)21-27(23,24)10-4-2-3-9(16)12(10)17/h2-4,7-8H,5-6H2,1H3,(H,18,19,21)	"""AuxInfo=1/1/N:1,19,20,18,7,9,26,6,21,17,11,23,12,10,3,22,24,25,27,4,13,5,15,16,2,8,14/E:(5,6)(23,24)/CRV:27.6/rA:27COCNNCCOCCCCNSOOCCCCCClCClNCN/rB:s1;s2;d3;s4;s5;s6;s7;s6s8;s5;s3d10;s11;s12;s13;d14;d14;s14;d17;s18;d19;s20;s21;s17d21;s23;d12;s25;s10d26;/rC:;;;;;;;;;;;;;;;;;;;;;;;;;;;"""	P51679_WT	ChEMBL:CHEMBL2414	P51679	WT	CHEMBL4045586	PMID:28801066	2017.0	PMID:28801066	2017	1	0	0	0	0		=	  6.600	6.6	0.0	0.0	1.0	6.6	0.0	CCRs_HUMAN_annotated_00420	True
InChI=1S/C15H13ClN4O/c16-11-3-1-2-9(6-11)7-12-13(10-4-5-10)19-15-17-8-18-20(15)14(12)21/h1-3,6,8,10,21H,4-5,7H2_on_P41597_WT	High	ChEMBL31	ChEMBL31.compound.403322	Oc1c(Cc2cccc(Cl)c2)c(C2CC2)nc2ncnn12	LQTWBVWCMOOUTF-UHFFFAOYSA-N	InChI=1S/C15H13ClN4O/c16-11-3-1-2-9(6-11)7-12-13(10-4-5-10)19-15-17-8-18-20(15)14(12)21/h1-3,6,8,10,21H,4-5,7H2	"""AuxInfo=1/0/N:7,6,8,14,15,11,4,19,5,13,9,3,12,2,17,10,18,20,16,21,1/E:(4,5)/rA:21OCCCCCCCCClCCCCCNCNCNN/rB:s1;d2;s3;s4;d5;s6;d7;s8;s9;s5d9;s3;s12;s13;s13s14;d12;s16;d17;s18;d19;s2s17s20;/rC:;;;;;;;;;;;;;;;;;;;;;"""	P41597_WT	ChEMBL:CHEMBL4015;ChEMBL:CHEMBL4015;ChEMBL:CHEMBL4015	P41597	WT	CHEMBL4324718;CHEMBL4324717;CHEMBL4324717	PMID:31742400	2019.0	PMID:31742400	2019	1;0;0	0	0	0;1;1	0		=	  7.800;  8.760;  8.770	8.443	0.455	0.322	3.0	8.76	0.01	CCRs_HUMAN_annotated_00423	True
InChI=1S/C15H13ClN4O2S/c16-13-7-6-12(11-20-9-8-17-19-20)15(10-13)18-23(21,22)14-4-2-1-3-5-14/h1-10,18H,11H2_on_P32246_WT	Medium	ChEMBL31	ChEMBL31.compound.743955	O=S(=O)(Nc1cc(Cl)ccc1Cn1ccnn1)c1ccccc1	CQDVOKKXYDPPOX-UHFFFAOYSA-N	InChI=1S/C15H13ClN4O2S/c16-13-7-6-12(11-20-9-8-17-19-20)15(10-13)18-23(21,22)14-4-2-1-3-5-14/h1-10,18H,11H2	"""AuxInfo=1/0/N:21,20,22,19,23,10,9,15,14,6,12,11,7,18,5,8,16,4,17,13,1,3,2/E:(2,3)(4,5)(21,22)/CRV:23.6/rA:23OSONCCCClCCCCNCCNNCCCCCC/rB:d1;d2;s2;s4;d5;s6;s7;d7;s9;s5d10;s11;s12;s13;d14;s15;s13d16;s2;d18;s19;d20;s21;s18d22;/rC:;;;;;;;;;;;;;;;;;;;;;;;"""	P32246_WT	ChEMBL:CHEMBL2413	P32246	WT	CHEMBL2213078	PMID:23079519	2012.0	PMID:23079519	2012	0	0	0	1	0		=	  5.100	5.1	0.0	0.0	1.0	5.1	0.0	CCRs_HUMAN_annotated_00424	True
InChI=1S/C15H13ClN4O2S/c16-13-7-6-12(11-20-9-8-17-19-20)15(10-13)18-23(21,22)14-4-2-1-3-5-14/h1-10,18H,11H2_on_P41597_WT	Medium	ChEMBL31	ChEMBL31.compound.743955	O=S(=O)(Nc1cc(Cl)ccc1Cn1ccnn1)c1ccccc1	CQDVOKKXYDPPOX-UHFFFAOYSA-N	InChI=1S/C15H13ClN4O2S/c16-13-7-6-12(11-20-9-8-17-19-20)15(10-13)18-23(21,22)14-4-2-1-3-5-14/h1-10,18H,11H2	"""AuxInfo=1/0/N:21,20,22,19,23,10,9,15,14,6,12,11,7,18,5,8,16,4,17,13,1,3,2/E:(2,3)(4,5)(21,22)/CRV:23.6/rA:23OSONCCCClCCCCNCCNNCCCCCC/rB:d1;d2;s2;s4;d5;s6;s7;d7;s9;s5d10;s11;s12;s13;d14;s15;s13d16;s2;d18;s19;d20;s21;s18d22;/rC:;;;;;;;;;;;;;;;;;;;;;;;"""	P41597_WT	ChEMBL:CHEMBL4015	P41597	WT	CHEMBL2213079	PMID:23079519	2012.0	PMID:23079519	2012	0	0	0	1	0		=	  5.900	5.9	0.0	0.0	1.0	5.9	0.0	CCRs_HUMAN_annotated_00425	True
InChI=1S/C15H13ClN4O2S/c16-13-7-6-12(11-20-9-8-17-19-20)15(10-13)18-23(21,22)14-4-2-1-3-5-14/h1-10,18H,11H2_on_P51679_WT	Low	ChEMBL31	ChEMBL31.compound.743955	O=S(=O)(Nc1cc(Cl)ccc1Cn1ccnn1)c1ccccc1	CQDVOKKXYDPPOX-UHFFFAOYSA-N	InChI=1S/C15H13ClN4O2S/c16-13-7-6-12(11-20-9-8-17-19-20)15(10-13)18-23(21,22)14-4-2-1-3-5-14/h1-10,18H,11H2	"""AuxInfo=1/0/N:21,20,22,19,23,10,9,15,14,6,12,11,7,18,5,8,16,4,17,13,1,3,2/E:(2,3)(4,5)(21,22)/CRV:23.6/rA:23OSONCCCClCCCCNCCNNCCCCCC/rB:d1;d2;s2;s4;d5;s6;s7;d7;s9;s5d10;s11;s12;s13;d14;s15;s13d16;s2;d18;s19;d20;s21;s18d22;/rC:;;;;;;;;;;;;;;;;;;;;;;;"""	P51679_WT	ChEMBL:CHEMBL2414	P51679	WT	CHEMBL2213077	PMID:23079519	2012.0	PMID:23079519	2012	0	0	0	1	0		<	  5.000	5.0	0.0	0.0	1.0	5.0	0.0	CCRs_HUMAN_annotated_00426	True
InChI=1S/C15H14BrN5O/c16-10-3-1-2-8(6-10)7-11-12(9-4-5-9)18-15-19-14(17)20-21(15)13(11)22/h1-3,6,9,22H,4-5,7H2,(H2,17,20)_on_P41597_WT	High	ChEMBL31	ChEMBL31.compound.403331	Nc1nn2c(O)c(Cc3cccc(Br)c3)c(C3CC3)nc2n1	YHWUSIWYTDVLME-UHFFFAOYSA-N	InChI=1S/C15H14BrN5O/c16-10-3-1-2-8(6-10)7-11-12(9-4-5-9)18-15-19-14(17)20-21(15)13(11)22/h1-3,6,9,22H,4-5,7H2,(H2,17,20)	"""AuxInfo=1/1/N:11,10,12,18,19,15,8,9,17,13,7,16,5,2,21,14,1,20,22,3,4,6/E:(4,5)/rA:22NCNNCOCCCCCCCBrCCCCCNCN/rB:s1;d2;s3;s4;s5;d5;s7;s8;d9;s10;d11;s12;s13;s9d13;s7;s16;s17;s17s18;d16;s4s20;s2d21;/rC:;;;;;;;;;;;;;;;;;;;;;;"""	P41597_WT	ChEMBL:CHEMBL4015;ChEMBL:CHEMBL4015	P41597	WT	CHEMBL4324717	PMID:31742400	2019.0	PMID:31742400	2019	0	0	0	1	0		=	  9.050;  9.080	9.065	0.015	0.015	2.0	9.065	0.015	CCRs_HUMAN_annotated_00447	True
InChI=1S/C15H14BrN5O/c16-10-5-1-8(2-6-10)7-11-12(9-3-4-9)18-15-19-14(17)20-21(15)13(11)22/h1-2,5-6,9,22H,3-4,7H2,(H2,17,20)_on_P41597_WT	High	ChEMBL31	ChEMBL31.compound.403338	Nc1nn2c(O)c(Cc3ccc(Br)cc3)c(C3CC3)nc2n1	YLLXWBMGCYWSCD-UHFFFAOYSA-N	InChI=1S/C15H14BrN5O/c16-10-5-1-8(2-6-10)7-11-12(9-3-4-9)18-15-19-14(17)20-21(15)13(11)22/h1-2,5-6,9,22H,3-4,7H2,(H2,17,20)	"""AuxInfo=1/1/N:10,15,18,19,11,14,8,9,17,12,7,16,5,2,21,13,1,20,22,3,4,6/E:(1,2)(3,4)(5,6)/rA:22NCNNCOCCCCCCBrCCCCCCNCN/rB:s1;d2;s3;s4;s5;d5;s7;s8;d9;s10;d11;s12;s12;s9d14;s7;s16;s17;s17s18;d16;s4s20;s2d21;/rC:;;;;;;;;;;;;;;;;;;;;;;"""	P41597_WT	ChEMBL:CHEMBL4015;ChEMBL:CHEMBL4015	P41597	WT	CHEMBL4324717	PMID:31742400	2019.0	PMID:31742400	2019	0	0	0	1	0		=	  8.820;  8.840	8.83	0.01	0.01	2.0	8.83	0.01	CCRs_HUMAN_annotated_00448	True
InChI=1S/C15H14Cl2N6O4S/c1-18-10(24)6-23-14-11(15(21-23)27-2)13(19-7-20-14)22-28(25,26)9-5-3-4-8(16)12(9)17/h3-5,7H,6H2,1-2H3,(H,18,24)(H,19,20,22)_on_P51679_WT	High	ChEMBL31	ChEMBL31.compound.369746	CNC(=O)Cn1nc(OC)c2c1ncnc2NS(=O)(=O)c1cccc(Cl)c1Cl	BUIXDIAOOAYQEM-UHFFFAOYSA-N	InChI=1S/C15H14Cl2N6O4S/c1-18-10(24)6-23-14-11(15(21-23)27-2)13(19-7-20-14)22-28(25,26)9-5-3-4-8(16)12(9)17/h3-5,7H,6H2,1-2H3,(H,18,24)(H,19,20,22)	"""AuxInfo=1/1/N:1,10,23,24,22,5,14,25,21,3,11,27,16,12,8,26,28,2,15,13,7,17,6,4,19,20,9,18/E:(25,26)/CRV:28.6/rA:28CNCOCNNCOCCCNCNCNSOOCCCCCClCCl/rB:s1;s2;d3;s3;s5;s6;d7;s8;s9;s8;s6d11;s12;d13;s14;s11d15;s16;s17;d18;d18;s18;d21;s22;d23;s24;s25;s21d25;s27;/rC:;;;;;;;;;;;;;;;;;;;;;;;;;;;;"""	P51679_WT	ChEMBL:CHEMBL2414	P51679	WT	CHEMBL4045586	PMID:28801066	2017.0	PMID:28801066	2017	1	0	0	0	0		=	  6.200	6.2	0.0	0.0	1.0	6.2	0.0	CCRs_HUMAN_annotated_00457	True
InChI=1S/C15H14ClN5O/c16-10-3-1-2-8(6-10)7-11-12(9-4-5-9)18-15-19-14(17)20-21(15)13(11)22/h1-3,6,9,22H,4-5,7H2,(H2,17,20)_on_P41597_WT	High	ChEMBL31	ChEMBL31.compound.403324	Nc1nn2c(O)c(Cc3cccc(Cl)c3)c(C3CC3)nc2n1	JWNQWHSUUJDSPN-UHFFFAOYSA-N	InChI=1S/C15H14ClN5O/c16-10-3-1-2-8(6-10)7-11-12(9-4-5-9)18-15-19-14(17)20-21(15)13(11)22/h1-3,6,9,22H,4-5,7H2,(H2,17,20)	"""AuxInfo=1/1/N:11,10,12,18,19,15,8,9,17,13,7,16,5,2,21,14,1,20,22,3,4,6/E:(4,5)/rA:22NCNNCOCCCCCCCClCCCCCNCN/rB:s1;d2;s3;s4;s5;d5;s7;s8;d9;s10;d11;s12;s13;s9d13;s7;s16;s17;s17s18;d16;s4s20;s2d21;/rC:;;;;;;;;;;;;;;;;;;;;;;"""	P41597_WT	ChEMBL:CHEMBL4015;ChEMBL:CHEMBL4015;ChEMBL:CHEMBL4015;ChEMBL:CHEMBL4015	P41597	WT	CHEMBL4324721;CHEMBL4324717;CHEMBL4324717;CHEMBL4324718	PMID:31742400	2019.0	PMID:31742400	2019	1;0;0;1	0	0	0;1;1;0	0		=	  8.000;  8.900;  8.890;  7.800	8.397	0.503	0.29	4.0	8.445	0.45	CCRs_HUMAN_annotated_00463	True
InChI=1S/C15H14ClN5O/c16-10-3-1-2-8(6-10)7-11-12(9-4-5-9)18-15-19-14(17)20-21(15)13(11)22/h1-3,6,9,22H,4-5,7H2,(H2,17,20)_on_P51681_WT	High	ChEMBL31	ChEMBL31.compound.403324	Nc1nn2c(O)c(Cc3cccc(Cl)c3)c(C3CC3)nc2n1	JWNQWHSUUJDSPN-UHFFFAOYSA-N	InChI=1S/C15H14ClN5O/c16-10-3-1-2-8(6-10)7-11-12(9-4-5-9)18-15-19-14(17)20-21(15)13(11)22/h1-3,6,9,22H,4-5,7H2,(H2,17,20)	"""AuxInfo=1/1/N:11,10,12,18,19,15,8,9,17,13,7,16,5,2,21,14,1,20,22,3,4,6/E:(4,5)/rA:22NCNNCOCCCCCCCClCCCCCNCN/rB:s1;d2;s3;s4;s5;d5;s7;s8;d9;s10;d11;s12;s13;s9d13;s7;s16;s17;s17s18;d16;s4s20;s2d21;/rC:;;;;;;;;;;;;;;;;;;;;;;"""	P51681_WT	ChEMBL:CHEMBL274	P51681	WT	CHEMBL4324720	PMID:31742400	2019.0	PMID:31742400	2019	1	0	0	0	0		=	  6.240	6.24	0.0	0.0	1.0	6.24	0.0	CCRs_HUMAN_annotated_00464	True
InChI=1S/C15H14ClN5O/c16-10-5-1-8(2-6-10)7-11-12(9-3-4-9)18-15-19-14(17)20-21(15)13(11)22/h1-2,5-6,9,22H,3-4,7H2,(H2,17,20)_on_P41597_WT	High	ChEMBL31	ChEMBL31.compound.403337	Nc1nn2c(O)c(Cc3ccc(Cl)cc3)c(C3CC3)nc2n1	GDGFMEAUQMHWBL-UHFFFAOYSA-N	InChI=1S/C15H14ClN5O/c16-10-5-1-8(2-6-10)7-11-12(9-3-4-9)18-15-19-14(17)20-21(15)13(11)22/h1-2,5-6,9,22H,3-4,7H2,(H2,17,20)	"""AuxInfo=1/1/N:10,15,18,19,11,14,8,9,17,12,7,16,5,2,21,13,1,20,22,3,4,6/E:(1,2)(3,4)(5,6)/rA:22NCNNCOCCCCCCClCCCCCCNCN/rB:s1;d2;s3;s4;s5;d5;s7;s8;d9;s10;d11;s12;s12;s9d14;s7;s16;s17;s17s18;d16;s4s20;s2d21;/rC:;;;;;;;;;;;;;;;;;;;;;;"""	P41597_WT	ChEMBL:CHEMBL4015;ChEMBL:CHEMBL4015	P41597	WT	CHEMBL4324717	PMID:31742400	2019.0	PMID:31742400	2019	0	0	0	1	0		=	  8.740;  8.740	8.74	0.0	0.0	2.0	8.74	0.0	CCRs_HUMAN_annotated_00465	True
InChI=1S/C15H14ClN5O/c16-11-4-2-1-3-9(11)7-10-12(8-5-6-8)18-15-19-14(17)20-21(15)13(10)22/h1-4,8,22H,5-7H2,(H2,17,20)_on_P41597_WT	High	ChEMBL31	ChEMBL31.compound.403327	Nc1nn2c(O)c(Cc3ccccc3Cl)c(C3CC3)nc2n1	UYXLXKYAIXBTRO-UHFFFAOYSA-N	InChI=1S/C15H14ClN5O/c16-11-4-2-1-3-9(11)7-10-12(8-5-6-8)18-15-19-14(17)20-21(15)13(10)22/h1-4,8,22H,5-7H2,(H2,17,20)	"""AuxInfo=1/1/N:11,12,10,13,18,19,8,17,9,7,14,16,5,2,21,15,1,20,22,3,4,6/E:(5,6)/rA:22NCNNCOCCCCCCCCClCCCCNCN/rB:s1;d2;s3;s4;s5;d5;s7;s8;d9;s10;d11;s12;s9d13;s14;s7;s16;s17;s17s18;d16;s4s20;s2d21;/rC:;;;;;;;;;;;;;;;;;;;;;;"""	P41597_WT	ChEMBL:CHEMBL4015;ChEMBL:CHEMBL4015	P41597	WT	CHEMBL4324717	PMID:31742400	2019.0	PMID:31742400	2019	0	0	0	1	0		=	  7.840;  7.840	7.84	0.0	0.0	2.0	7.84	0.0	CCRs_HUMAN_annotated_00466	True
InChI=1S/C15H14F2N4OS/c1-8(2)14-19-15-18-9(6-12(22)21(15)20-14)7-23-11-5-3-4-10(16)13(11)17/h3-6,8,22H,7H2,1-2H3_on_P25025_WT	High	ChEMBL31;ExCAPE-DB	ChEMBL31.compound.227168;24958574	CC(C)c1nn2c(O)cc(CSc3cccc(F)c3F)nc2n1	GCVSEUGOYPGLRZ-UHFFFAOYSA-N	InChI=1S/C15H14F2N4OS/c1-8(2)14-19-15-18-9(6-12(22)21(15)20-14)7-23-11-5-3-4-10(16)13(11)17/h3-6,8,22H,7H2,1-2H3	"""AuxInfo=1/0/N:1,3,15,16,14,9,11,2,10,17,13,7,19,4,22,18,20,21,23,5,6,8,12/E:(1,2)/rA:23CCCCNNCOCCCSCCCCCFCFNCN/rB:s1;s2;s2;d4;s5;s6;s7;d7;s9;s10;s11;s12;d13;s14;d15;s16;s17;s13d17;s19;d10;s6s21;s4d22;/rC:;;;;;;;;;;;;;;;;;;;;;;;"""	P25025_WT	ChEMBL:CHEMBL2434;EntrezID:3579	P25025	WT	CHEMBL3107238;PubChemAID:1063165	PMID:24332493	2014.0	PMID:24332493;PubChemAID:1063165	2014	1;0	0	0	0	0;1		=	  6.040;  6.041	6.04	0.001	0.001	2.0	6.04	0.001	CCRs_HUMAN_annotated_00469	True
InChI=1S/C15H14FN5O/c16-10-3-1-2-8(6-10)7-11-12(9-4-5-9)18-15-19-14(17)20-21(15)13(11)22/h1-3,6,9,22H,4-5,7H2,(H2,17,20)_on_P41597_WT	High	ChEMBL31	ChEMBL31.compound.403330	Nc1nn2c(O)c(Cc3cccc(F)c3)c(C3CC3)nc2n1	NOXZWKBEEZGZOV-UHFFFAOYSA-N	InChI=1S/C15H14FN5O/c16-10-3-1-2-8(6-10)7-11-12(9-4-5-9)18-15-19-14(17)20-21(15)13(11)22/h1-3,6,9,22H,4-5,7H2,(H2,17,20)	"""AuxInfo=1/1/N:11,10,12,18,19,15,8,9,17,13,7,16,5,2,21,14,1,20,22,3,4,6/E:(4,5)/rA:22NCNNCOCCCCCCCFCCCCCNCN/rB:s1;d2;s3;s4;s5;d5;s7;s8;d9;s10;d11;s12;s13;s9d13;s7;s16;s17;s17s18;d16;s4s20;s2d21;/rC:;;;;;;;;;;;;;;;;;;;;;;"""	P41597_WT	ChEMBL:CHEMBL4015;ChEMBL:CHEMBL4015	P41597	WT	CHEMBL4324717	PMID:31742400	2019.0	PMID:31742400	2019	0	0	0	1	0		=	  8.470;  8.530	8.5	0.03	0.03	2.0	8.5	0.03	CCRs_HUMAN_annotated_00472	True
InChI=1S/C15H14FN5O/c16-10-5-1-8(2-6-10)7-11-12(9-3-4-9)18-15-19-14(17)20-21(15)13(11)22/h1-2,5-6,9,22H,3-4,7H2,(H2,17,20)_on_P41597_WT	High	ChEMBL31	ChEMBL31.compound.403336	Nc1nn2c(O)c(Cc3ccc(F)cc3)c(C3CC3)nc2n1	YLYRLJQCKLXRTC-UHFFFAOYSA-N	InChI=1S/C15H14FN5O/c16-10-5-1-8(2-6-10)7-11-12(9-3-4-9)18-15-19-14(17)20-21(15)13(11)22/h1-2,5-6,9,22H,3-4,7H2,(H2,17,20)	"""AuxInfo=1/1/N:10,15,18,19,11,14,8,9,17,12,7,16,5,2,21,13,1,20,22,3,4,6/E:(1,2)(3,4)(5,6)/rA:22NCNNCOCCCCCCFCCCCCCNCN/rB:s1;d2;s3;s4;s5;d5;s7;s8;d9;s10;d11;s12;s12;s9d14;s7;s16;s17;s17s18;d16;s4s20;s2d21;/rC:;;;;;;;;;;;;;;;;;;;;;;"""	P41597_WT	ChEMBL:CHEMBL4015;ChEMBL:CHEMBL4015	P41597	WT	CHEMBL4324717	PMID:31742400	2019.0	PMID:31742400	2019	0	0	0	1	0		=	  8.390;  8.390	8.39	0.0	0.0	2.0	8.39	0.0	CCRs_HUMAN_annotated_00473	True
InChI=1S/C15H14IN5O/c16-10-3-1-2-8(6-10)7-11-12(9-4-5-9)18-15-19-14(17)20-21(15)13(11)22/h1-3,6,9,22H,4-5,7H2,(H2,17,20)_on_P41597_WT	High	ChEMBL31	ChEMBL31.compound.403332	Nc1nn2c(O)c(Cc3cccc(I)c3)c(C3CC3)nc2n1	XIAJMSJINJQGBM-UHFFFAOYSA-N	InChI=1S/C15H14IN5O/c16-10-3-1-2-8(6-10)7-11-12(9-4-5-9)18-15-19-14(17)20-21(15)13(11)22/h1-3,6,9,22H,4-5,7H2,(H2,17,20)	"""AuxInfo=1/1/N:11,10,12,18,19,15,8,9,17,13,7,16,5,2,21,14,1,20,22,3,4,6/E:(4,5)/rA:22NCNNCOCCCCCCCICCCCCNCN/rB:s1;d2;s3;s4;s5;d5;s7;s8;d9;s10;d11;s12;s13;s9d13;s7;s16;s17;s17s18;d16;s4s20;s2d21;/rC:;;;;;;;;;;;;;;;;;;;;;;"""	P41597_WT	ChEMBL:CHEMBL4015;ChEMBL:CHEMBL4015	P41597	WT	CHEMBL4324717	PMID:31742400	2019.0	PMID:31742400	2019	0	0	0	1	0		=	  9.050;  9.060	9.055	0.005	0.005	2.0	9.055	0.005	CCRs_HUMAN_annotated_00474	True
InChI=1S/C15H15Br2N5O/c1-7(2)12-11(5-8-3-9(16)6-10(17)4-8)13(23)22-15(19-12)20-14(18)21-22/h3-4,6-7,23H,5H2,1-2H3,(H2,18,21)_on_P41597_WT	High	ChEMBL31	ChEMBL31.compound.403358	CC(C)c1nc2nc(N)nn2c(O)c1Cc1cc(Br)cc(Br)c1	BIANFVGQWWVRKZ-UHFFFAOYSA-N	InChI=1S/C15H15Br2N5O/c1-7(2)12-11(5-8-3-9(16)6-10(17)4-8)13(23)22-15(19-12)20-14(18)21-22/h3-4,6-7,23H,5H2,1-2H3,(H2,18,21)	"""AuxInfo=1/1/N:1,3,17,23,15,20,2,16,18,21,14,4,12,8,6,19,22,9,5,7,10,11,13/E:(1,2)(3,4)(9,10)(16,17)/rA:23CCCCNCNCNNNCOCCCCCBrCCBrC/rB:s1;s2;s2;d4;s5;d6;s7;s8;d8;s6s10;s11;s12;s4d12;s14;s15;d16;s17;s18;d18;s20;s21;s16d21;/rC:;;;;;;;;;;;;;;;;;;;;;;;"""	P41597_WT	ChEMBL:CHEMBL4015;ChEMBL:CHEMBL4015	P41597	WT	CHEMBL4324717	PMID:31742400	2019.0	PMID:31742400	2019	0	0	0	1	0		=	  8.680;  8.680	8.68	0.0	0.0	2.0	8.68	0.0	CCRs_HUMAN_annotated_00478	True
InChI=1S/C15H15BrClN5O/c1-7(2)12-9(5-8-3-4-11(17)10(16)6-8)13(23)22-15(19-12)20-14(18)21-22/h3-4,6-7,23H,5H2,1-2H3,(H2,18,21)_on_P41597_WT	High	ChEMBL31	ChEMBL31.compound.403359	CC(C)c1nc2nc(N)nn2c(O)c1Cc1ccc(Cl)c(Br)c1	KGAKXRMCIRFFMO-UHFFFAOYSA-N	InChI=1S/C15H15BrClN5O/c1-7(2)12-9(5-8-3-4-11(17)10(16)6-8)13(23)22-15(19-12)20-14(18)21-22/h3-4,6-7,23H,5H2,1-2H3,(H2,18,21)	"""AuxInfo=1/1/N:1,3,17,18,15,23,2,16,14,21,19,4,12,8,6,22,20,9,5,7,10,11,13/E:(1,2)/rA:23CCCCNCNCNNNCOCCCCCCClCBrC/rB:s1;s2;s2;d4;s5;d6;s7;s8;d8;s6s10;s11;s12;s4d12;s14;s15;d16;s17;d18;s19;s19;s21;s16d21;/rC:;;;;;;;;;;;;;;;;;;;;;;;"""	P41597_WT	ChEMBL:CHEMBL4015;ChEMBL:CHEMBL4015;ChEMBL:CHEMBL4015;ChEMBL:CHEMBL4015;ChEMBL:CHEMBL4015;ChEMBL:CHEMBL4015;ChEMBL:CHEMBL4015;ChEMBL:CHEMBL4015;ChEMBL:CHEMBL4015	P41597	WT	CHEMBL4324734;CHEMBL4324735;CHEMBL4324721;CHEMBL4324716;CHEMBL4324717;CHEMBL4324717;CHEMBL4324727;CHEMBL4324723;CHEMBL4324726	PMID:31742400	2019.0	PMID:31742400	2019	0;0;1;0;0;0;0;0;0	1;1;0;1;0;0;1;1;1	0	0;0;0;0;1;1;0;0;0	0		=	  7.890;  7.500;  8.400;  6.830;  9.400;  9.420;  7.530;  6.870;  7.910	7.972	0.899	0.318	9.0	7.89	0.51	CCRs_HUMAN_annotated_00481	True
InChI=1S/C15H15BrClN5O/c1-7(2)12-9(5-8-3-4-11(17)10(16)6-8)13(23)22-15(19-12)20-14(18)21-22/h3-4,6-7,23H,5H2,1-2H3,(H2,18,21)_on_P51681_WT	High	ChEMBL31	ChEMBL31.compound.403359	CC(C)c1nc2nc(N)nn2c(O)c1Cc1ccc(Cl)c(Br)c1	KGAKXRMCIRFFMO-UHFFFAOYSA-N	InChI=1S/C15H15BrClN5O/c1-7(2)12-9(5-8-3-4-11(17)10(16)6-8)13(23)22-15(19-12)20-14(18)21-22/h3-4,6-7,23H,5H2,1-2H3,(H2,18,21)	"""AuxInfo=1/1/N:1,3,17,18,15,23,2,16,14,21,19,4,12,8,6,22,20,9,5,7,10,11,13/E:(1,2)/rA:23CCCCNCNCNNNCOCCCCCCClCBrC/rB:s1;s2;s2;d4;s5;d6;s7;s8;d8;s6s10;s11;s12;s4d12;s14;s15;d16;s17;d18;s19;s19;s21;s16d21;/rC:;;;;;;;;;;;;;;;;;;;;;;;"""	P51681_WT	ChEMBL:CHEMBL274;ChEMBL:CHEMBL274;ChEMBL:CHEMBL274;ChEMBL:CHEMBL274;ChEMBL:CHEMBL274;ChEMBL:CHEMBL274;ChEMBL:CHEMBL274	P51681	WT	CHEMBL4324737;CHEMBL4324720;CHEMBL4324739;CHEMBL4324728;CHEMBL4324736;CHEMBL4324731;CHEMBL4324729	PMID:31742400	2019.0	PMID:31742400	2019	0;1;0;0;0;0;0	1;0;1;1;1;1;1	0	0	0		=	  8.050;  6.950;  8.300;  8.210;  8.220;  8.300;  8.050	8.011	0.444	0.181	7.0	8.21	0.09	CCRs_HUMAN_annotated_00482	True
InChI=1S/C15H15Cl2N5O/c1-7(2)12-9(5-8-3-4-10(16)11(17)6-8)13(23)22-15(19-12)20-14(18)21-22/h3-4,6-7,23H,5H2,1-2H3,(H2,18,21)_on_P41597_WT	High	ChEMBL31	ChEMBL31.compound.403354	CC(C)c1nc2nc(N)nn2c(O)c1Cc1ccc(Cl)c(Cl)c1	BXNQHRUXKVTFQV-UHFFFAOYSA-N	InChI=1S/C15H15Cl2N5O/c1-7(2)12-9(5-8-3-4-10(16)11(17)6-8)13(23)22-15(19-12)20-14(18)21-22/h3-4,6-7,23H,5H2,1-2H3,(H2,18,21)	"""AuxInfo=1/1/N:1,3,17,18,15,23,2,16,14,19,21,4,12,8,6,20,22,9,5,7,10,11,13/E:(1,2)/rA:23CCCCNCNCNNNCOCCCCCCClCClC/rB:s1;s2;s2;d4;s5;d6;s7;s8;d8;s6s10;s11;s12;s4d12;s14;s15;d16;s17;d18;s19;s19;s21;s16d21;/rC:;;;;;;;;;;;;;;;;;;;;;;;"""	P41597_WT	ChEMBL:CHEMBL4015;ChEMBL:CHEMBL4015	P41597	WT	CHEMBL4324717	PMID:31742400	2019.0	PMID:31742400	2019	0	0	0	1	0		=	  9.220;  9.220	9.22	0.0	0.0	2.0	9.22	0.0	CCRs_HUMAN_annotated_00486	True
InChI=1S/C15H15Cl2N5O/c1-7(2)12-9(5-8-3-4-10(16)11(17)6-8)13(23)22-15(19-12)20-14(18)21-22/h3-4,6-7,23H,5H2,1-2H3,(H2,18,21)_on_P51681_WT	High	ChEMBL31	ChEMBL31.compound.403354	CC(C)c1nc2nc(N)nn2c(O)c1Cc1ccc(Cl)c(Cl)c1	BXNQHRUXKVTFQV-UHFFFAOYSA-N	InChI=1S/C15H15Cl2N5O/c1-7(2)12-9(5-8-3-4-10(16)11(17)6-8)13(23)22-15(19-12)20-14(18)21-22/h3-4,6-7,23H,5H2,1-2H3,(H2,18,21)	"""AuxInfo=1/1/N:1,3,17,18,15,23,2,16,14,19,21,4,12,8,6,20,22,9,5,7,10,11,13/E:(1,2)/rA:23CCCCNCNCNNNCOCCCCCCClCClC/rB:s1;s2;s2;d4;s5;d6;s7;s8;d8;s6s10;s11;s12;s4d12;s14;s15;d16;s17;d18;s19;s19;s21;s16d21;/rC:;;;;;;;;;;;;;;;;;;;;;;;"""	P51681_WT	ChEMBL:CHEMBL274	P51681	WT	CHEMBL4324720	PMID:31742400	2019.0	PMID:31742400	2019	1	0	0	0	0		=	  6.910	6.91	0.0	0.0	1.0	6.91	0.0	CCRs_HUMAN_annotated_00487	True
InChI=1S/C15H15Cl2N5O/c1-7(2)12-9(6-8-4-3-5-10(16)11(8)17)13(23)22-15(19-12)20-14(18)21-22/h3-5,7,23H,6H2,1-2H3,(H2,18,21)_on_P41597_WT	High	ChEMBL31	ChEMBL31.compound.403355	CC(C)c1nc2nc(N)nn2c(O)c1Cc1cccc(Cl)c1Cl	ZZPFPXJRGSZLCD-UHFFFAOYSA-N	InChI=1S/C15H15Cl2N5O/c1-7(2)12-9(6-8-4-3-5-10(16)11(8)17)13(23)22-15(19-12)20-14(18)21-22/h3-5,7,23H,6H2,1-2H3,(H2,18,21)	"""AuxInfo=1/1/N:1,3,18,17,19,15,2,16,14,20,22,4,12,8,6,21,23,9,5,7,10,11,13/E:(1,2)/rA:23CCCCNCNCNNNCOCCCCCCCClCCl/rB:s1;s2;s2;d4;s5;d6;s7;s8;d8;s6s10;s11;s12;s4d12;s14;s15;d16;s17;d18;s19;s20;s16d20;s22;/rC:;;;;;;;;;;;;;;;;;;;;;;;"""	P41597_WT	ChEMBL:CHEMBL4015;ChEMBL:CHEMBL4015;ChEMBL:CHEMBL4015;ChEMBL:CHEMBL4015;ChEMBL:CHEMBL4015;ChEMBL:CHEMBL4015;ChEMBL:CHEMBL4015;ChEMBL:CHEMBL4015;ChEMBL:CHEMBL4015	P41597	WT	CHEMBL4324724;CHEMBL4324725;CHEMBL4324717;CHEMBL4324721;CHEMBL4324716;CHEMBL4324732;CHEMBL4324733;CHEMBL4324717;CHEMBL4324723	PMID:31742400	2019.0	PMID:31742400	2019	0;0;0;1;0;0;0;0;0	1;1;0;0;1;1;1;0;1	0	0;0;1;0;0;0;0;1;0	0		=	  7.600;  7.270;  8.800;  7.680;  7.890;  7.580;  7.250;  8.810;  7.890	7.863	0.546	0.193	9.0	7.68	0.21	CCRs_HUMAN_annotated_00488	True
InChI=1S/C15H15Cl2N5O/c1-7(2)12-9(6-8-4-3-5-10(16)11(8)17)13(23)22-15(19-12)20-14(18)21-22/h3-5,7,23H,6H2,1-2H3,(H2,18,21)_on_P51681_WT	High	ChEMBL31	ChEMBL31.compound.403355	CC(C)c1nc2nc(N)nn2c(O)c1Cc1cccc(Cl)c1Cl	ZZPFPXJRGSZLCD-UHFFFAOYSA-N	InChI=1S/C15H15Cl2N5O/c1-7(2)12-9(6-8-4-3-5-10(16)11(8)17)13(23)22-15(19-12)20-14(18)21-22/h3-5,7,23H,6H2,1-2H3,(H2,18,21)	"""AuxInfo=1/1/N:1,3,18,17,19,15,2,16,14,20,22,4,12,8,6,21,23,9,5,7,10,11,13/E:(1,2)/rA:23CCCCNCNCNNNCOCCCCCCCClCCl/rB:s1;s2;s2;d4;s5;d6;s7;s8;d8;s6s10;s11;s12;s4d12;s14;s15;d16;s17;d18;s19;s20;s16d20;s22;/rC:;;;;;;;;;;;;;;;;;;;;;;;"""	P51681_WT	ChEMBL:CHEMBL274;ChEMBL:CHEMBL274;ChEMBL:CHEMBL274;ChEMBL:CHEMBL274;ChEMBL:CHEMBL274;ChEMBL:CHEMBL274;ChEMBL:CHEMBL274;ChEMBL:CHEMBL274	P51681	WT	CHEMBL4324720;CHEMBL4324729;CHEMBL4324738;CHEMBL4324730;CHEMBL4324736;CHEMBL4324728;CHEMBL4324720;CHEMBL4324737	PMID:31742400	2019.0	PMID:31742400	2019	1;0;0;0;0;0;1;0	0;1;1;1;1;1;0;1	0	0	0		=	  4.080;  8.140;  8.050;  8.140;  8.300;  8.350;  7.090;  8.100	7.531	1.356	0.512	8.0	8.12	0.125	CCRs_HUMAN_annotated_00489	True
InChI=1S/C15H15Cl2N5O/c1-7(2)12-10(6-8-5-9(16)3-4-11(8)17)13(23)22-15(19-12)20-14(18)21-22/h3-5,7,23H,6H2,1-2H3,(H2,18,21)_on_P41597_WT	High	ChEMBL31	ChEMBL31.compound.403356	CC(C)c1nc2nc(N)nn2c(O)c1Cc1cc(Cl)ccc1Cl	JAOCPNKVYFQPLM-UHFFFAOYSA-N	InChI=1S/C15H15Cl2N5O/c1-7(2)12-10(6-8-5-9(16)3-4-11(8)17)13(23)22-15(19-12)20-14(18)21-22/h3-5,7,23H,6H2,1-2H3,(H2,18,21)	"""AuxInfo=1/1/N:1,3,20,21,17,15,2,16,18,14,22,4,12,8,6,19,23,9,5,7,10,11,13/E:(1,2)/rA:23CCCCNCNCNNNCOCCCCCClCCCCl/rB:s1;s2;s2;d4;s5;d6;s7;s8;d8;s6s10;s11;s12;s4d12;s14;s15;d16;s17;s18;d18;s20;s16d21;s22;/rC:;;;;;;;;;;;;;;;;;;;;;;;"""	P41597_WT	ChEMBL:CHEMBL4015;ChEMBL:CHEMBL4015	P41597	WT	CHEMBL4324717	PMID:31742400	2019.0	PMID:31742400	2019	0	0	0	1	0		=	  7.650;  7.650	7.65	0.0	0.0	2.0	7.65	0.0	CCRs_HUMAN_annotated_00490	True
InChI=1S/C15H15Cl2N5O/c1-7(2)12-11(5-8-3-9(16)6-10(17)4-8)13(23)22-15(19-12)20-14(18)21-22/h3-4,6-7,23H,5H2,1-2H3,(H2,18,21)_on_P41597_WT	High	ChEMBL31	ChEMBL31.compound.403357	CC(C)c1nc2nc(N)nn2c(O)c1Cc1cc(Cl)cc(Cl)c1	OCHNIBRTUGJLGP-UHFFFAOYSA-N	InChI=1S/C15H15Cl2N5O/c1-7(2)12-11(5-8-3-9(16)6-10(17)4-8)13(23)22-15(19-12)20-14(18)21-22/h3-4,6-7,23H,5H2,1-2H3,(H2,18,21)	"""AuxInfo=1/1/N:1,3,17,23,15,20,2,16,18,21,14,4,12,8,6,19,22,9,5,7,10,11,13/E:(1,2)(3,4)(9,10)(16,17)/rA:23CCCCNCNCNNNCOCCCCCClCCClC/rB:s1;s2;s2;d4;s5;d6;s7;s8;d8;s6s10;s11;s12;s4d12;s14;s15;d16;s17;s18;d18;s20;s21;s16d21;/rC:;;;;;;;;;;;;;;;;;;;;;;;"""	P41597_WT	ChEMBL:CHEMBL4015;ChEMBL:CHEMBL4015	P41597	WT	CHEMBL4324717	PMID:31742400	2019.0	PMID:31742400	2019	0	0	0	1	0		=	  8.660;  8.660	8.66	0.0	0.0	2.0	8.66	0.0	CCRs_HUMAN_annotated_00491	True
InChI=1S/C15H15Cl2N5O/c1-7(2)12-11(5-8-3-9(16)6-10(17)4-8)13(23)22-15(19-12)20-14(18)21-22/h3-4,6-7,23H,5H2,1-2H3,(H2,18,21)_on_P51681_WT	High	ChEMBL31	ChEMBL31.compound.403357	CC(C)c1nc2nc(N)nn2c(O)c1Cc1cc(Cl)cc(Cl)c1	OCHNIBRTUGJLGP-UHFFFAOYSA-N	InChI=1S/C15H15Cl2N5O/c1-7(2)12-11(5-8-3-9(16)6-10(17)4-8)13(23)22-15(19-12)20-14(18)21-22/h3-4,6-7,23H,5H2,1-2H3,(H2,18,21)	"""AuxInfo=1/1/N:1,3,17,23,15,20,2,16,18,21,14,4,12,8,6,19,22,9,5,7,10,11,13/E:(1,2)(3,4)(9,10)(16,17)/rA:23CCCCNCNCNNNCOCCCCCClCCClC/rB:s1;s2;s2;d4;s5;d6;s7;s8;d8;s6s10;s11;s12;s4d12;s14;s15;d16;s17;s18;d18;s20;s21;s16d21;/rC:;;;;;;;;;;;;;;;;;;;;;;;"""	P51681_WT	ChEMBL:CHEMBL274	P51681	WT	CHEMBL4324720	PMID:31742400	2019.0	PMID:31742400	2019	1	0	0	0	0		=	  6.490	6.49	0.0	0.0	1.0	6.49	0.0	CCRs_HUMAN_annotated_00492	True
InChI=1S/C15H15Cl2N5O3S/c1-8(2)22-14-11(15(20-22)25-3)13(18-7-19-14)21-26(23,24)10-6-4-5-9(16)12(10)17/h4-8H,1-3H3,(H,18,19,21)_on_P51679_WT	High	ChEMBL31	ChEMBL31.compound.369748	COc1nn(C(C)C)c2c1c(NS(=O)(=O)c1cccc(Cl)c1Cl)ncn2	AMSLRDAAPWCMAH-UHFFFAOYSA-N	InChI=1S/C15H15Cl2N5O3S/c1-8(2)22-14-11(15(20-22)25-3)13(18-7-19-14)21-26(23,24)10-6-4-5-9(16)12(10)17/h4-8H,1-3H3,(H,18,19,21)	"""AuxInfo=1/1/N:7,8,1,18,19,17,25,6,20,16,10,22,11,9,3,21,23,24,26,4,12,5,14,15,2,13/E:(1,2)(23,24)/CRV:26.6/rA:26COCNNCCCCCCNSOOCCCCCClCClNCN/rB:s1;s2;d3;s4;s5;s6;s6;s5;s3d9;s10;s11;s12;d13;d13;s13;d16;s17;d18;s19;s20;s16d20;s22;d11;s24;s9d25;/rC:;;;;;;;;;;;;;;;;;;;;;;;;;;"""	P51679_WT	ChEMBL:CHEMBL2414	P51679	WT	CHEMBL4045586	PMID:28801066	2017.0	PMID:28801066	2017	1	0	0	0	0		=	  6.600	6.6	0.0	0.0	1.0	6.6	0.0	CCRs_HUMAN_annotated_00493	True
InChI=1S/C15H15Cl2N5O4S/c1-22-14-11(15(20-22)26-7-6-25-2)13(18-8-19-14)21-27(23,24)10-5-3-4-9(16)12(10)17/h3-5,8H,6-7H2,1-2H3,(H,18,19,21)_on_P51679_WT	High	ChEMBL31	ChEMBL31.compound.369752	COCCOc1nn(C)c2c1c(NS(=O)(=O)c1c(Cl)c(Cl)ccc1)ncn2	AFZZAPRHJGPRBA-UHFFFAOYSA-N	InChI=1S/C15H15Cl2N5O4S/c1-22-14-11(15(20-22)26-7-6-25-2)13(18-8-19-14)21-27(23,24)10-5-3-4-9(16)12(10)17/h3-5,8H,6-7H2,1-2H3,(H,18,19,21)	"""AuxInfo=1/1/N:9,1,23,22,24,3,4,26,20,17,11,18,12,10,6,21,19,25,27,7,13,8,15,16,2,5,14/E:(23,24)/CRV:27.6/rA:27COCCOCNNCCCCNSOOCCClCClCCCNCN/rB:s1;s2;s3;s4;s5;d6;s7;s8;s8;s6d10;s11;s12;s13;d14;d14;s14;d17;s18;s18;s20;d20;s22;s17d23;d12;s25;s10d26;/rC:;;;;;;;;;;;;;;;;;;;;;;;;;;;"""	P51679_WT	ChEMBL:CHEMBL2414	P51679	WT	CHEMBL4045586	PMID:28801066	2017.0	PMID:28801066	2017	1	0	0	0	0		=	  6.100	6.1	0.0	0.0	1.0	6.1	0.0	CCRs_HUMAN_annotated_00494	True
InChI=1S/C15H15Cl2N5O4S/c1-25-7-6-22-14-11(15(20-22)26-2)13(18-8-19-14)21-27(23,24)10-5-3-4-9(16)12(10)17/h3-5,8H,6-7H2,1-2H3,(H,18,19,21)_on_P51679_WT	High	ChEMBL31	ChEMBL31.compound.369745	COCCn1nc(OC)c2c1ncnc2NS(=O)(=O)c1cccc(Cl)c1Cl	RHGYMHBBOQPTIV-UHFFFAOYSA-N	InChI=1S/C15H15Cl2N5O4S/c1-25-7-6-22-14-11(15(20-22)26-2)13(18-8-19-14)21-27(23,24)10-5-3-4-9(16)12(10)17/h3-5,8H,6-7H2,1-2H3,(H,18,19,21)	"""AuxInfo=1/1/N:1,9,22,23,21,4,3,13,24,20,10,26,15,11,7,25,27,14,12,6,16,5,18,19,2,8,17/E:(23,24)/CRV:27.6/rA:27COCCNNCOCCCNCNCNSOOCCCCCClCCl/rB:s1;s2;s3;s4;s5;d6;s7;s8;s7;s5d10;s11;d12;s13;s10d14;s15;s16;d17;d17;s17;d20;s21;d22;s23;s24;s20d24;s26;/rC:;;;;;;;;;;;;;;;;;;;;;;;;;;;"""	P51679_WT	ChEMBL:CHEMBL2414	P51679	WT	CHEMBL4045586	PMID:28801066	2017.0	PMID:28801066	2017	1	0	0	0	0		=	  6.500	6.5	0.0	0.0	1.0	6.5	0.0	CCRs_HUMAN_annotated_00495	True
InChI=1S/C15H15N5O/c16-14-18-15-17-12(10-6-7-10)11(13(21)20(15)19-14)8-9-4-2-1-3-5-9/h1-5,10,21H,6-8H2,(H2,16,19)_on_P41597_WT	High	ChEMBL31	ChEMBL31.compound.403325	Nc1nn2c(O)c(Cc3ccccc3)c(C3CC3)nc2n1	CSTCPQTZVJCTRQ-UHFFFAOYSA-N	InChI=1S/C15H15N5O/c16-14-18-15-17-12(10-6-7-10)11(13(21)20(15)19-14)8-9-4-2-1-3-5-9/h1-5,10,21H,6-8H2,(H2,16,19)	"""AuxInfo=1/1/N:12,11,13,10,14,17,18,8,9,16,7,15,5,2,20,1,19,21,3,4,6/E:(2,3)(4,5)(6,7)/rA:21NCNNCOCCCCCCCCCCCCNCN/rB:s1;d2;s3;s4;s5;d5;s7;s8;d9;s10;d11;s12;s9d13;s7;s15;s16;s16s17;d15;s4s19;s2d20;/rC:;;;;;;;;;;;;;;;;;;;;;"""	P41597_WT	ChEMBL:CHEMBL4015;ChEMBL:CHEMBL4015	P41597	WT	CHEMBL4324717	PMID:31742400	2019.0	PMID:31742400	2019	0	0	0	1	0		=	  8.230;  8.270	8.25	0.02	0.02	2.0	8.25	0.02	CCRs_HUMAN_annotated_00512	True
InChI=1S/C15H16Cl2N6O3S/c1-4-18-15-19-12(10-13(20-15)23(2)21-14(10)26-3)22-27(24,25)9-7-5-6-8(16)11(9)17/h5-7H,4H2,1-3H3,(H2,18,19,20,22)_on_P51679_WT	High	ChEMBL31	ChEMBL31.compound.369763	CCNc1nc(NS(=O)(=O)c2cccc(Cl)c2Cl)c2c(OC)nn(C)c2n1	LPNDSPTYSSYOGH-UHFFFAOYSA-N	InChI=1S/C15H16Cl2N6O3S/c1-4-18-15-19-12(10-13(20-15)23(2)21-14(10)26-3)22-27(24,25)9-7-5-6-8(16)11(9)17/h5-7H,4H2,1-3H3,(H2,18,19,20,22)	"""AuxInfo=1/1/N:1,25,22,2,13,14,12,15,11,19,17,6,26,20,4,16,18,3,5,27,23,7,24,9,10,21,8/E:(24,25)/CRV:27.6/rA:27CCNCNCNSOOCCCCCClCClCCOCNNCCN/rB:s1;s2;s3;d4;s5;s6;s7;d8;d8;s8;d11;s12;d13;s14;s15;s11d15;s17;d6;s19;s20;s21;d20;s23;s24;s19s24;s4d26;/rC:;;;;;;;;;;;;;;;;;;;;;;;;;;;"""	P51679_WT	ChEMBL:CHEMBL2414	P51679	WT	CHEMBL4045586	PMID:28801066	2017.0	PMID:28801066	2017	1	0	0	0	0		=	  6.600	6.6	0.0	0.0	1.0	6.6	0.0	CCRs_HUMAN_annotated_00515	True
InChI=1S/C15H16Cl2N6O3S/c1-22(2)15-18-12(10-13(19-15)23(3)20-14(10)26-4)21-27(24,25)9-7-5-6-8(16)11(9)17/h5-7H,1-4H3,(H,18,19,21)_on_P51679_WT	High	ChEMBL31	ChEMBL31.compound.369765	COc1nn(C)c2c1c(NS(=O)(=O)c1cccc(Cl)c1Cl)nc(N(C)C)n2	ZOHDYXXLRJTJRV-UHFFFAOYSA-N	InChI=1S/C15H16Cl2N6O3S/c1-22(2)15-18-12(10-13(19-15)23(3)20-14(10)26-4)21-27(24,25)9-7-5-6-8(16)11(9)17/h5-7H,1-4H3,(H,18,19,21)	"""AuxInfo=1/1/N:25,26,6,1,16,17,15,18,14,8,20,9,7,3,23,19,21,22,27,4,10,24,5,12,13,2,11/E:(1,2)(24,25)/CRV:27.6/rA:27COCNNCCCCNSOOCCCCCClCClNCNCCN/rB:s1;s2;d3;s4;s5;s5;s3d7;s8;s9;s10;d11;d11;s11;d14;s15;d16;s17;s18;s14d18;s20;d9;s22;s23;s24;s24;s7d23;/rC:;;;;;;;;;;;;;;;;;;;;;;;;;;;"""	P51679_WT	ChEMBL:CHEMBL2414	P51679	WT	CHEMBL4045586	PMID:28801066	2017.0	PMID:28801066	2017	1	0	0	0	0		=	  6.200	6.2	0.0	0.0	1.0	6.2	0.0	CCRs_HUMAN_annotated_00516	True
InChI=1S/C15H16Cl3N3O3S/c1-15(2,3)8-24-14-13(19-7-11(17)20-14)21-25(22,23)10-6-4-5-9(16)12(10)18/h4-7H,8H2,1-3H3,(H,19,21)_on_P51679_WT	High	ChEMBL31	ChEMBL31.compound.376607	CC(C)(C)COc1nc(Cl)cnc1NS(=O)(=O)c1cccc(Cl)c1Cl	NGVKSLHMLONRFQ-UHFFFAOYSA-N	InChI=1S/C15H16Cl3N3O3S/c1-15(2,3)8-24-14-13(19-7-11(17)20-14)21-25(22,23)10-6-4-5-9(16)12(10)18/h4-7H,8H2,1-3H3,(H,19,21)	"""AuxInfo=1/1/N:1,3,4,20,21,19,11,5,22,18,9,24,13,7,2,23,10,25,12,8,14,16,17,6,15/E:(1,2,3)(22,23)/CRV:25.6/rA:25CCCCCOCNCClCNCNSOOCCCCCClCCl/rB:s1;s2;s2;s2;s5;s6;d7;s8;s9;d9;s11;s7d12;s13;s14;d15;d15;s15;d18;s19;d20;s21;s22;s18d22;s24;/rC:;;;;;;;;;;;;;;;;;;;;;;;;;"""	P51679_WT	ChEMBL:CHEMBL2414	P51679	WT	CHEMBL4134307	PMID:28947948	2017.0	PMID:28947948	2017	1	0	0	0	0		=	  5.100	5.1	0.0	0.0	1.0	5.1	0.0	CCRs_HUMAN_annotated_00520	True
InChI=1S/C15H16ClN5O/c1-2-4-12-11(8-9-5-3-6-10(16)7-9)13(22)21-15(18-12)19-14(17)20-21/h3,5-7,22H,2,4,8H2,1H3,(H2,17,20)_on_P41597_WT	High	ChEMBL31	ChEMBL31.compound.403342	CCCc1nc2nc(N)nn2c(O)c1Cc1cccc(Cl)c1	HRTJGAGHYQVSSS-UHFFFAOYSA-N	InChI=1S/C15H16ClN5O/c1-2-4-12-11(8-9-5-3-6-10(16)7-9)13(22)21-15(18-12)19-14(17)20-21/h3,5-7,22H,2,4,8H2,1H3,(H2,17,20)	"""AuxInfo=1/1/N:1,2,18,3,17,19,22,15,16,20,14,4,12,8,6,21,9,5,7,10,11,13/rA:22CCCCNCNCNNNCOCCCCCCCClC/rB:s1;s2;s3;d4;s5;d6;s7;s8;d8;s6s10;s11;s12;s4d12;s14;s15;d16;s17;d18;s19;s20;s16d20;/rC:;;;;;;;;;;;;;;;;;;;;;;"""	P41597_WT	ChEMBL:CHEMBL4015;ChEMBL:CHEMBL4015	P41597	WT	CHEMBL4324717	PMID:31742400	2019.0	PMID:31742400	2019	0	0	0	1	0		=	  8.440;  8.460	8.45	0.01	0.01	2.0	8.45	0.01	CCRs_HUMAN_annotated_00521	True
InChI=1S/C15H16ClN5O/c1-8(2)12-11(7-9-4-3-5-10(16)6-9)13(22)21-15(18-12)19-14(17)20-21/h3-6,8,22H,7H2,1-2H3,(H2,17,20)_on_P41597_WT	High	ChEMBL31	ChEMBL31.compound.403343	CC(C)c1nc2nc(N)nn2c(O)c1Cc1cccc(Cl)c1	MBAJRKMXTVDWLR-UHFFFAOYSA-N	InChI=1S/C15H16ClN5O/c1-8(2)12-11(7-9-4-3-5-10(16)6-9)13(22)21-15(18-12)19-14(17)20-21/h3-6,8,22H,7H2,1-2H3,(H2,17,20)	"""AuxInfo=1/1/N:1,3,18,17,19,22,15,2,16,20,14,4,12,8,6,21,9,5,7,10,11,13/E:(1,2)/rA:22CCCCNCNCNNNCOCCCCCCCClC/rB:s1;s2;s2;d4;s5;d6;s7;s8;d8;s6s10;s11;s12;s4d12;s14;s15;d16;s17;d18;s19;s20;s16d20;/rC:;;;;;;;;;;;;;;;;;;;;;;"""	P41597_WT	ChEMBL:CHEMBL4015;ChEMBL:CHEMBL4015	P41597	WT	CHEMBL4324717	PMID:31742400	2019.0	PMID:31742400	2019	0	0	0	1	0		=	  8.720;  8.720	8.72	0.0	0.0	2.0	8.72	0.0	CCRs_HUMAN_annotated_00522	True
InChI=1S/C15H16ClN5O/c1-8(2)12-11(7-9-4-3-5-10(16)6-9)13(22)21-15(18-12)19-14(17)20-21/h3-6,8,22H,7H2,1-2H3,(H2,17,20)_on_P51681_WT	High	ChEMBL31	ChEMBL31.compound.403343	CC(C)c1nc2nc(N)nn2c(O)c1Cc1cccc(Cl)c1	MBAJRKMXTVDWLR-UHFFFAOYSA-N	InChI=1S/C15H16ClN5O/c1-8(2)12-11(7-9-4-3-5-10(16)6-9)13(22)21-15(18-12)19-14(17)20-21/h3-6,8,22H,7H2,1-2H3,(H2,17,20)	"""AuxInfo=1/1/N:1,3,18,17,19,22,15,2,16,20,14,4,12,8,6,21,9,5,7,10,11,13/E:(1,2)/rA:22CCCCNCNCNNNCOCCCCCCCClC/rB:s1;s2;s2;d4;s5;d6;s7;s8;d8;s6s10;s11;s12;s4d12;s14;s15;d16;s17;d18;s19;s20;s16d20;/rC:;;;;;;;;;;;;;;;;;;;;;;"""	P51681_WT	ChEMBL:CHEMBL274	P51681	WT	CHEMBL4324720	PMID:31742400	2019.0	PMID:31742400	2019	1	0	0	0	0		=	  6.560	6.56	0.0	0.0	1.0	6.56	0.0	CCRs_HUMAN_annotated_00523	True
InChI=1S/C16H9Cl4N3O3S/c17-9-3-11(8-21-6-9)26-16-15(4-10(18)7-22-16)23-27(24,25)12-1-2-13(19)14(20)5-12/h1-8,23H_on_P41597_WT	High	ChEMBL31	ChEMBL31.compound.141748	O=S(=O)(Nc1cc(Cl)cnc1Oc1cc(Cl)cnc1)c1ccc(Cl)c(Cl)c1	YHEVMXYWTAZKST-UHFFFAOYSA-N	InChI=1S/C16H9Cl4N3O3S/c17-9-3-11(8-21-6-9)26-16-15(4-10(18)7-22-16)23-27(24,25)12-1-2-13(19)14(20)5-12/h1-8,23H	"""AuxInfo=1/0/N:21,22,14,6,27,17,9,19,15,7,13,20,23,25,5,11,16,8,24,26,18,10,4,1,3,12,2/E:(24,25)/CRV:27.6/rA:27OSONCCCClCNCOCCCClCNCCCCCClCClC/rB:d1;d2;s2;s4;d5;s6;s7;d7;s9;s5d10;s11;s12;d13;s14;s15;d15;s17;s13d18;s2;d20;s21;d22;s23;s23;s25;s20d25;/rC:;;;;;;;;;;;;;;;;;;;;;;;;;;;"""	P41597_WT	ChEMBL:CHEMBL4015	P41597	WT	CHEMBL1174375	PMID:20627722	2010.0	PMID:20627722	2010	0	0	0	1	0		=	  7.900	7.9	0.0	0.0	1.0	7.9	0.0	CCRs_HUMAN_annotated_00579	True
InChI=1S/C16H10Cl3N3O3S/c17-10-6-15(16(21-8-10)25-11-2-1-5-20-9-11)22-26(23,24)12-3-4-13(18)14(19)7-12/h1-9,22H_on_P41597_WT	High	ExCAPE-DB;ChEMBL31	49798438;ChEMBL31.compound.141750	O=S(=O)(Nc1cc(Cl)cnc1Oc1cnccc1)c1cc(Cl)c(Cl)cc1	MCLJHXMLKYITBX-UHFFFAOYSA-N	InChI=1S/C16H10Cl3N3O3S/c17-10-6-15(16(21-8-10)25-11-2-1-5-20-9-11)22-26(23,24)12-3-4-13(18)14(19)7-12/h1-9,22H	"""AuxInfo=1/0/N:17,18,26,25,16,6,20,9,14,7,13,19,23,21,5,11,8,24,22,15,10,4,1,3,12,2/E:(23,24)/CRV:26.6/rA:26OSONCCCClCNCOCCNCCCCCCClCClCC/rB:d1;d2;s2;s4;d5;s6;s7;d7;s9;s5d10;s11;s12;d13;s14;d15;s16;s13d17;s2;d19;s20;s21;d21;s23;s23;s19d25;/rC:;;;;;;;;;;;;;;;;;;;;;;;;;;"""	P41597_WT	EntrezID:729230;ChEMBL:CHEMBL4015	P41597	WT	PubChemAID:489703;CHEMBL1174375	PMID:20627722	2010.0	PubChemAID:489703;PMID:20627722	2010	0	0	0	0;1	1;0		=	  7.700;  7.700	7.7	0.0	0.0	2.0	7.7	0.0	CCRs_HUMAN_annotated_00592	True
InChI=1S/C16H11Cl2F3N4O2S/c17-13-6-10(9-25-5-4-22-24-25)15(8-14(13)18)23-28(26,27)12-3-1-2-11(7-12)16(19,20)21/h1-8,23H,9H2_on_P32246_WT	Medium	ChEMBL31	ChEMBL31.compound.743938	O=S(=O)(Nc1cc(Cl)c(Cl)cc1Cn1ccnn1)c1cccc(C(F)(F)F)c1	CDGRGHROXAGDDT-UHFFFAOYSA-N	InChI=1S/C16H11Cl2F3N4O2S/c17-13-6-10(9-25-5-4-22-24-25)15(8-14(13)18)23-28(26,27)12-3-1-2-11(7-12)16(19,20)21/h1-8,23H,9H2	"""AuxInfo=1/0/N:21,22,20,16,15,11,28,6,13,12,23,19,9,7,5,24,10,8,25,26,27,17,4,18,14,1,3,2/E:(19,20,21)(26,27)/CRV:28.6/rA:28OSONCCCClCClCCCNCCNNCCCCCCFFFC/rB:d1;d2;s2;s4;d5;s6;s7;d7;s9;s9;s5d11;s12;s13;s14;d15;s16;s14d17;s2;d19;s20;d21;s22;s23;s24;s24;s24;s19d23;/rC:;;;;;;;;;;;;;;;;;;;;;;;;;;;;"""	P32246_WT	ChEMBL:CHEMBL2413	P32246	WT	CHEMBL2213078	PMID:23079519	2012.0	PMID:23079519	2012	0	0	0	1	0		=	  5.900	5.9	0.0	0.0	1.0	5.9	0.0	CCRs_HUMAN_annotated_00602	True
InChI=1S/C16H11Cl2F3N4O2S/c17-13-6-10(9-25-5-4-22-24-25)15(8-14(13)18)23-28(26,27)12-3-1-2-11(7-12)16(19,20)21/h1-8,23H,9H2_on_P41597_WT	Medium	ChEMBL31	ChEMBL31.compound.743938	O=S(=O)(Nc1cc(Cl)c(Cl)cc1Cn1ccnn1)c1cccc(C(F)(F)F)c1	CDGRGHROXAGDDT-UHFFFAOYSA-N	InChI=1S/C16H11Cl2F3N4O2S/c17-13-6-10(9-25-5-4-22-24-25)15(8-14(13)18)23-28(26,27)12-3-1-2-11(7-12)16(19,20)21/h1-8,23H,9H2	"""AuxInfo=1/0/N:21,22,20,16,15,11,28,6,13,12,23,19,9,7,5,24,10,8,25,26,27,17,4,18,14,1,3,2/E:(19,20,21)(26,27)/CRV:28.6/rA:28OSONCCCClCClCCCNCCNNCCCCCCFFFC/rB:d1;d2;s2;s4;d5;s6;s7;d7;s9;s9;s5d11;s12;s13;s14;d15;s16;s14d17;s2;d19;s20;d21;s22;s23;s24;s24;s24;s19d23;/rC:;;;;;;;;;;;;;;;;;;;;;;;;;;;;"""	P41597_WT	ChEMBL:CHEMBL4015	P41597	WT	CHEMBL2213079	PMID:23079519	2012.0	PMID:23079519	2012	0	0	0	1	0		=	  7.900	7.9	0.0	0.0	1.0	7.9	0.0	CCRs_HUMAN_annotated_00603	True
InChI=1S/C16H11Cl2F3N4O2S/c17-13-6-10(9-25-5-4-22-24-25)15(8-14(13)18)23-28(26,27)12-3-1-2-11(7-12)16(19,20)21/h1-8,23H,9H2_on_P51679_WT	Medium	ChEMBL31	ChEMBL31.compound.743938	O=S(=O)(Nc1cc(Cl)c(Cl)cc1Cn1ccnn1)c1cccc(C(F)(F)F)c1	CDGRGHROXAGDDT-UHFFFAOYSA-N	InChI=1S/C16H11Cl2F3N4O2S/c17-13-6-10(9-25-5-4-22-24-25)15(8-14(13)18)23-28(26,27)12-3-1-2-11(7-12)16(19,20)21/h1-8,23H,9H2	"""AuxInfo=1/0/N:21,22,20,16,15,11,28,6,13,12,23,19,9,7,5,24,10,8,25,26,27,17,4,18,14,1,3,2/E:(19,20,21)(26,27)/CRV:28.6/rA:28OSONCCCClCClCCCNCCNNCCCCCCFFFC/rB:d1;d2;s2;s4;d5;s6;s7;d7;s9;s9;s5d11;s12;s13;s14;d15;s16;s14d17;s2;d19;s20;d21;s22;s23;s24;s24;s24;s19d23;/rC:;;;;;;;;;;;;;;;;;;;;;;;;;;;;"""	P51679_WT	ChEMBL:CHEMBL2414	P51679	WT	CHEMBL2213077	PMID:23079519	2012.0	PMID:23079519	2012	0	0	0	1	0		=	  6.000	6.0	0.0	0.0	1.0	6.0	0.0	CCRs_HUMAN_annotated_00604	True
InChI=1S/C16H11Cl3N4O3S/c17-11-4-1-5-12(14(11)19)27(24,25)23-15-16(22-13(18)8-21-15)26-9-10-3-2-6-20-7-10/h1-8H,9H2,(H,21,23)_on_P51679_WT	High	ChEMBL31	ChEMBL31.compound.376610	O=S(=O)(Nc1ncc(Cl)nc1OCc1cccnc1)c1cccc(Cl)c1Cl	HGBIIVXXEICSKN-UHFFFAOYSA-N	InChI=1S/C16H11Cl3N4O3S/c17-11-4-1-5-12(14(11)19)27(24,25)23-15-16(22-13(18)8-21-15)26-9-10-3-2-6-20-7-10/h1-8H,9H2,(H,21,23)	"""AuxInfo=1/1/N:22,16,15,23,21,17,19,7,13,14,24,20,8,26,5,11,25,9,27,18,6,10,4,1,3,12,2/E:(24,25)/CRV:27.6/rA:27OSONCNCCClNCOCCCCCNCCCCCCClCCl/rB:d1;d2;s2;s4;d5;s6;d7;s8;s8;s5d10;s11;s12;s13;d14;s15;d16;s17;s14d18;s2;d20;s21;d22;s23;s24;s20d24;s26;/rC:;;;;;;;;;;;;;;;;;;;;;;;;;;;"""	P51679_WT	ChEMBL:CHEMBL2414	P51679	WT	CHEMBL4134307	PMID:28947948	2017.0	PMID:28947948	2017	1	0	0	0	0		=	  9.200	9.2	0.0	0.0	1.0	9.2	0.0	CCRs_HUMAN_annotated_00609	True
InChI=1S/C16H12ClF3N4O2S/c17-13-5-4-11(10-24-7-6-21-23-24)15(9-13)22-27(25,26)14-3-1-2-12(8-14)16(18,19)20/h1-9,22H,10H2_on_P32246_WT	Medium	ChEMBL31	ChEMBL31.compound.743946	O=S(=O)(Nc1cc(Cl)ccc1Cn1ccnn1)c1cccc(C(F)(F)F)c1	GMFHGEGAYGJWAD-UHFFFAOYSA-N	InChI=1S/C16H12ClF3N4O2S/c17-13-5-4-11(10-24-7-6-21-23-24)15(9-13)22-27(25,26)14-3-1-2-12(8-14)16(18,19)20/h1-9,22H,10H2	"""AuxInfo=1/0/N:20,21,19,10,9,15,14,27,6,12,11,22,7,18,5,23,8,24,25,26,16,4,17,13,1,3,2/E:(18,19,20)(25,26)/CRV:27.6/rA:27OSONCCCClCCCCNCCNNCCCCCCFFFC/rB:d1;d2;s2;s4;d5;s6;s7;d7;s9;s5d10;s11;s12;s13;d14;s15;s13d16;s2;d18;s19;d20;s21;s22;s23;s23;s23;s18d22;/rC:;;;;;;;;;;;;;;;;;;;;;;;;;;;"""	P32246_WT	ChEMBL:CHEMBL2413	P32246	WT	CHEMBL2213078	PMID:23079519	2012.0	PMID:23079519	2012	0	0	0	1	0		=	  5.600	5.6	0.0	0.0	1.0	5.6	0.0	CCRs_HUMAN_annotated_00625	True
InChI=1S/C16H12ClF3N4O2S/c17-13-5-4-11(10-24-7-6-21-23-24)15(9-13)22-27(25,26)14-3-1-2-12(8-14)16(18,19)20/h1-9,22H,10H2_on_P41597_WT	Medium	ChEMBL31	ChEMBL31.compound.743946	O=S(=O)(Nc1cc(Cl)ccc1Cn1ccnn1)c1cccc(C(F)(F)F)c1	GMFHGEGAYGJWAD-UHFFFAOYSA-N	InChI=1S/C16H12ClF3N4O2S/c17-13-5-4-11(10-24-7-6-21-23-24)15(9-13)22-27(25,26)14-3-1-2-12(8-14)16(18,19)20/h1-9,22H,10H2	"""AuxInfo=1/0/N:20,21,19,10,9,15,14,27,6,12,11,22,7,18,5,23,8,24,25,26,16,4,17,13,1,3,2/E:(18,19,20)(25,26)/CRV:27.6/rA:27OSONCCCClCCCCNCCNNCCCCCCFFFC/rB:d1;d2;s2;s4;d5;s6;s7;d7;s9;s5d10;s11;s12;s13;d14;s15;s13d16;s2;d18;s19;d20;s21;s22;s23;s23;s23;s18d22;/rC:;;;;;;;;;;;;;;;;;;;;;;;;;;;"""	P41597_WT	ChEMBL:CHEMBL4015	P41597	WT	CHEMBL2213079	PMID:23079519	2012.0	PMID:23079519	2012	0	0	0	1	0		=	  7.300	7.3	0.0	0.0	1.0	7.3	0.0	CCRs_HUMAN_annotated_00626	True
InChI=1S/C16H12ClF3N4O2S/c17-13-5-4-11(10-24-7-6-21-23-24)15(9-13)22-27(25,26)14-3-1-2-12(8-14)16(18,19)20/h1-9,22H,10H2_on_P51679_WT	Medium	ChEMBL31	ChEMBL31.compound.743946	O=S(=O)(Nc1cc(Cl)ccc1Cn1ccnn1)c1cccc(C(F)(F)F)c1	GMFHGEGAYGJWAD-UHFFFAOYSA-N	InChI=1S/C16H12ClF3N4O2S/c17-13-5-4-11(10-24-7-6-21-23-24)15(9-13)22-27(25,26)14-3-1-2-12(8-14)16(18,19)20/h1-9,22H,10H2	"""AuxInfo=1/0/N:20,21,19,10,9,15,14,27,6,12,11,22,7,18,5,23,8,24,25,26,16,4,17,13,1,3,2/E:(18,19,20)(25,26)/CRV:27.6/rA:27OSONCCCClCCCCNCCNNCCCCCCFFFC/rB:d1;d2;s2;s4;d5;s6;s7;d7;s9;s5d10;s11;s12;s13;d14;s15;s13d16;s2;d18;s19;d20;s21;s22;s23;s23;s23;s18d22;/rC:;;;;;;;;;;;;;;;;;;;;;;;;;;;"""	P51679_WT	ChEMBL:CHEMBL2414	P51679	WT	CHEMBL2213077	PMID:23079519	2012.0	PMID:23079519	2012	0	0	0	1	0		=	  6.000	6.0	0.0	0.0	1.0	6.0	0.0	CCRs_HUMAN_annotated_00627	True
InChI=1S/C16H12ClN5O2S/c17-14-5-4-13(11-22-7-6-19-21-22)16(9-14)20-25(23,24)15-3-1-2-12(8-15)10-18/h1-9,20H,11H2_on_P32246_WT	Medium	ChEMBL31	ChEMBL31.compound.743956	N#Cc1cc(S(=O)(=O)Nc2cc(Cl)ccc2Cn2ccnn2)ccc1	YDXIBCILYCGLRW-UHFFFAOYSA-N	InChI=1S/C16H12ClN5O2S/c17-14-5-4-13(11-22-7-6-19-21-22)16(9-14)20-25(23,24)15-3-1-2-12(8-15)10-18/h1-9,20H,11H2	"""AuxInfo=1/0/N:24,25,23,15,14,20,19,4,11,2,17,3,16,12,5,10,13,1,21,9,22,18,7,8,6/E:(23,24)/CRV:25.6/rA:25NCCCCSOONCCCClCCCCNCCNNCCC/rB:t1;s2;d3;s4;s5;d6;d6;s6;s9;d10;s11;s12;d12;s14;s10d15;s16;s17;s18;d19;s20;s18d21;d5;s23;s3d24;/rC:;;;;;;;;;;;;;;;;;;;;;;;;;"""	P32246_WT	ChEMBL:CHEMBL2413	P32246	WT	CHEMBL2213078	PMID:23079519	2012.0	PMID:23079519	2012	0	0	0	1	0		=	  5.100	5.1	0.0	0.0	1.0	5.1	0.0	CCRs_HUMAN_annotated_00629	True
InChI=1S/C16H12ClN5O2S/c17-14-5-4-13(11-22-7-6-19-21-22)16(9-14)20-25(23,24)15-3-1-2-12(8-15)10-18/h1-9,20H,11H2_on_P41597_WT	Medium	ChEMBL31	ChEMBL31.compound.743956	N#Cc1cc(S(=O)(=O)Nc2cc(Cl)ccc2Cn2ccnn2)ccc1	YDXIBCILYCGLRW-UHFFFAOYSA-N	InChI=1S/C16H12ClN5O2S/c17-14-5-4-13(11-22-7-6-19-21-22)16(9-14)20-25(23,24)15-3-1-2-12(8-15)10-18/h1-9,20H,11H2	"""AuxInfo=1/0/N:24,25,23,15,14,20,19,4,11,2,17,3,16,12,5,10,13,1,21,9,22,18,7,8,6/E:(23,24)/CRV:25.6/rA:25NCCCCSOONCCCClCCCCNCCNNCCC/rB:t1;s2;d3;s4;s5;d6;d6;s6;s9;d10;s11;s12;d12;s14;s10d15;s16;s17;s18;d19;s20;s18d21;d5;s23;s3d24;/rC:;;;;;;;;;;;;;;;;;;;;;;;;;"""	P41597_WT	ChEMBL:CHEMBL4015	P41597	WT	CHEMBL2213079	PMID:23079519	2012.0	PMID:23079519	2012	0	0	0	1	0		=	  5.800	5.8	0.0	0.0	1.0	5.8	0.0	CCRs_HUMAN_annotated_00630	True
InChI=1S/C16H12ClN5O2S/c17-14-5-4-13(11-22-7-6-19-21-22)16(9-14)20-25(23,24)15-3-1-2-12(8-15)10-18/h1-9,20H,11H2_on_P51679_WT	Medium	ChEMBL31	ChEMBL31.compound.743956	N#Cc1cc(S(=O)(=O)Nc2cc(Cl)ccc2Cn2ccnn2)ccc1	YDXIBCILYCGLRW-UHFFFAOYSA-N	InChI=1S/C16H12ClN5O2S/c17-14-5-4-13(11-22-7-6-19-21-22)16(9-14)20-25(23,24)15-3-1-2-12(8-15)10-18/h1-9,20H,11H2	"""AuxInfo=1/0/N:24,25,23,15,14,20,19,4,11,2,17,3,16,12,5,10,13,1,21,9,22,18,7,8,6/E:(23,24)/CRV:25.6/rA:25NCCCCSOONCCCClCCCCNCCNNCCC/rB:t1;s2;d3;s4;s5;d6;d6;s6;s9;d10;s11;s12;d12;s14;s10d15;s16;s17;s18;d19;s20;s18d21;d5;s23;s3d24;/rC:;;;;;;;;;;;;;;;;;;;;;;;;;"""	P51679_WT	ChEMBL:CHEMBL2414	P51679	WT	CHEMBL2213077	PMID:23079519	2012.0	PMID:23079519	2012	0	0	0	1	0		=	  5.500	5.5	0.0	0.0	1.0	5.5	0.0	CCRs_HUMAN_annotated_00631	True
InChI=1S/C16H14Cl2N4O5S/c1-27-12-6-9-11(22(7-14(19)23)16(24)20-9)5-10(12)21-28(25,26)13-4-2-3-8(17)15(13)18/h2-6,21H,7H2,1H3,(H2,19,23)(H,20,24)_on_P51679_WT	Low	ChEMBL31	ChEMBL31.compound.1066411	COc1cc2c(cc1NS(=O)(=O)c1c(Cl)c(Cl)ccc1)n(CC(N)=O)c(O)n2	YUZGLBMXNPELSU-UHFFFAOYSA-N	InChI=1S/C16H14Cl2N4O5S/c1-27-12-6-9-11(22(7-14(19)23)16(24)20-9)5-10(12)21-28(25,26)13-4-2-3-8(17)15(13)18/h2-6,21H,7H2,1H3,(H2,19,23)(H,20,24)	"""AuxInfo=1/1/N:1,19,18,20,7,4,22,16,5,8,6,3,13,23,14,26,17,15,24,28,9,21,25,27,11,12,2,10/E:(25,26)/CRV:28.6/rA:28COCCCCCCNSOOCCClCClCCCNCCNOCON/rB:s1;s2;d3;s4;d5;s6;s3d7;s8;s9;d10;d10;s10;d13;s14;s14;s16;d16;s18;s13d19;s6;s21;s22;s23;d23;s21;s26;s5d26;/rC:;;;;;;;;;;;;;;;;;;;;;;;;;;;;"""	P51679_WT	ChEMBL:CHEMBL2414	P51679	WT	CHEMBL3367642	PMID:24909677	2014.0	PMID:24909677	2014	1	0	0	0	0		<	  4.500	4.5	0.0	0.0	1.0	4.5	0.0	CCRs_HUMAN_annotated_00667	True
InChI=1S/C16H14Cl2N4O5S/c1-27-12-6-11-9(20-16(24)22(11)7-14(19)23)5-10(12)21-28(25,26)13-4-2-3-8(17)15(13)18/h2-6,21H,7H2,1H3,(H2,19,23)(H,20,24)_on_P51679_WT	High	ChEMBL31	ChEMBL31.compound.247802	COc1cc2c(cc1NS(=O)(=O)c1c(Cl)c(Cl)ccc1)nc(O)n2CC(N)=O	RTKXXPLKGGWMEF-UHFFFAOYSA-N	InChI=1S/C16H14Cl2N4O5S/c1-27-12-6-11-9(20-16(24)22(11)7-14(19)23)5-10(12)21-28(25,26)13-4-2-3-8(17)15(13)18/h2-6,21H,7H2,1H3,(H2,19,23)(H,20,24)	"""AuxInfo=1/1/N:1,19,18,20,7,4,25,16,6,8,5,3,13,26,14,22,17,15,27,21,9,24,28,23,11,12,2,10/E:(25,26)/CRV:28.6/rA:28COCCCCCCNSOOCCClCClCCCNCONCCNO/rB:s1;s2;d3;s4;d5;s6;s3d7;s8;s9;d10;d10;s10;d13;s14;s14;s16;d16;s18;s13d19;s6;d21;s22;s5s22;s24;s25;s26;d26;/rC:;;;;;;;;;;;;;;;;;;;;;;;;;;;;"""	P51679_WT	ChEMBL:CHEMBL2414	P51679	WT	CHEMBL3367642	PMID:24909677	2014.0	PMID:24909677	2014	1	0	0	0	0		=	  6.340	6.34	0.0	0.0	1.0	6.34	0.0	CCRs_HUMAN_annotated_00668	True
InChI=1S/C16H14F3N5O/c17-16(18,19)10-3-1-2-8(6-10)7-11-12(9-4-5-9)21-15-22-14(20)23-24(15)13(11)25/h1-3,6,9,25H,4-5,7H2,(H2,20,23)_on_P41597_WT	High	ChEMBL31	ChEMBL31.compound.403334	Nc1nn2c(O)c(Cc3cccc(C(F)(F)F)c3)c(C3CC3)nc2n1	LMHDGFPLYRUUCO-UHFFFAOYSA-N	InChI=1S/C16H14F3N5O/c17-16(18,19)10-3-1-2-8(6-10)7-11-12(9-4-5-9)21-15-22-14(20)23-24(15)13(11)25/h1-3,6,9,25H,4-5,7H2,(H2,20,23)	"""AuxInfo=1/1/N:11,10,12,21,22,18,8,9,20,13,7,19,5,2,24,14,15,16,17,1,23,25,3,4,6/E:(4,5)(17,18,19)/rA:25NCNNCOCCCCCCCCFFFCCCCCNCN/rB:s1;d2;s3;s4;s5;d5;s7;s8;d9;s10;d11;s12;s13;s14;s14;s14;s9d13;s7;s19;s20;s20s21;d19;s4s23;s2d24;/rC:;;;;;;;;;;;;;;;;;;;;;;;;;"""	P41597_WT	ChEMBL:CHEMBL4015;ChEMBL:CHEMBL4015	P41597	WT	CHEMBL4324717	PMID:31742400	2019.0	PMID:31742400	2019	0	0	0	1	0		=	  8.260;  8.230	8.245	0.015	0.015	2.0	8.245	0.015	CCRs_HUMAN_annotated_00673	True
InChI=1S/C16H15Cl2N3O4S/c1-20-11-7-10(13(25-3)8-12(11)21(2)16(20)22)19-26(23,24)14-6-4-5-9(17)15(14)18/h4-8,19H,1-3H3_on_P51679_WT	High	ChEMBL31	ChEMBL31.compound.247801	COc1cc2c(cc1NS(=O)(=O)c1c(Cl)c(Cl)ccc1)n(C)c(=O)n2C	RTAFOJSIAMCXTI-UHFFFAOYSA-N	InChI=1S/C16H15Cl2N3O4S/c1-20-11-7-10(13(25-3)8-12(11)21(2)16(20)22)19-26(23,24)14-6-4-5-9(17)15(14)18/h4-8,19H,1-3H3	"""AuxInfo=1/0/N:22,26,1,19,18,20,7,4,16,8,6,5,3,13,14,23,17,15,9,21,25,24,11,12,2,10/E:(23,24)/CRV:26.6/rA:26COCCCCCCNSOOCCClCClCCCNCCONC/rB:s1;s2;d3;s4;d5;s6;s3d7;s8;s9;d10;d10;s10;d13;s14;s14;s16;d16;s18;s13d19;s6;s21;s21;d23;s5s23;s25;/rC:;;;;;;;;;;;;;;;;;;;;;;;;;;"""	P51679_WT	ChEMBL:CHEMBL2414	P51679	WT	CHEMBL3367642	PMID:24909677	2014.0	PMID:24909677	2014	1	0	0	0	0		=	  5.700	5.7	0.0	0.0	1.0	5.7	0.0	CCRs_HUMAN_annotated_00690	True
InChI=1S/C16H15ClN4O/c1-9-18-16-19-14(11-5-6-11)13(15(22)21(16)20-9)8-10-3-2-4-12(17)7-10/h2-4,7,11,22H,5-6,8H2,1H3_on_P41597_WT	High	ChEMBL31	ChEMBL31.compound.403323	Cc1nn2c(O)c(Cc3cccc(Cl)c3)c(C3CC3)nc2n1	STGSNYZLZMOSOL-UHFFFAOYSA-N	InChI=1S/C16H15ClN4O/c1-9-18-16-19-14(11-5-6-11)13(15(22)21(16)20-9)8-10-3-2-4-12(17)7-10/h2-4,7,11,22H,5-6,8H2,1H3	"""AuxInfo=1/0/N:1,11,10,12,18,19,15,8,2,9,17,13,7,16,5,21,14,22,20,3,4,6/E:(5,6)/rA:22CCNNCOCCCCCCCClCCCCCNCN/rB:s1;d2;s3;s4;s5;d5;s7;s8;d9;s10;d11;s12;s13;s9d13;s7;s16;s17;s17s18;d16;s4s20;s2d21;/rC:;;;;;;;;;;;;;;;;;;;;;;"""	P41597_WT	ChEMBL:CHEMBL4015;ChEMBL:CHEMBL4015	P41597	WT	CHEMBL4324717	PMID:31742400	2019.0	PMID:31742400	2019	0	0	0	1	0		=	  8.460;  8.460	8.46	0.0	0.0	2.0	8.46	0.0	CCRs_HUMAN_annotated_00694	True
InChI=1S/C16H16Cl2N6O4S/c1-24-14-11(15(22-24)27-2)13(20-16(21-14)19-8-6-28-7-8)23-29(25,26)10-5-3-4-9(17)12(10)18/h3-5,8H,6-7H2,1-2H3,(H2,19,20,21,23)_on_P51679_WT	High	ChEMBL31	ChEMBL31.compound.369767	COc1nn(C)c2c1c(NS(=O)(=O)c1cccc(Cl)c1Cl)nc(NC1COC1)n2	FQGCXPRXYAFAHH-UHFFFAOYSA-N	InChI=1S/C16H16Cl2N6O4S/c1-24-14-11(15(22-24)27-2)13(20-16(21-14)19-8-6-28-7-8)23-29(25,26)10-5-3-4-9(17)12(10)18/h3-5,8H,6-7H2,1-2H3,(H2,19,20,21,23)	"""AuxInfo=1/1/N:6,1,16,17,15,26,28,25,18,14,8,20,9,7,3,23,19,21,24,22,29,4,10,5,12,13,2,27,11/E:(6,7)(25,26)/CRV:29.6/rA:29COCNNCCCCNSOOCCCCCClCClNCNCCOCN/rB:s1;s2;d3;s4;s5;s5;s3d7;s8;s9;s10;d11;d11;s11;d14;s15;d16;s17;s18;s14d18;s20;d9;s22;s23;s24;s25;s26;s25s27;s7d23;/rC:;;;;;;;;;;;;;;;;;;;;;;;;;;;;;"""	P51679_WT	ChEMBL:CHEMBL2414	P51679	WT	CHEMBL4045586	PMID:28801066	2017.0	PMID:28801066	2017	1	0	0	0	0		=	  5.000	5.0	0.0	0.0	1.0	5.0	0.0	CCRs_HUMAN_annotated_00724	True
InChI=1S/C16H17N5O/c1-9-2-4-10(5-3-9)8-12-13(11-6-7-11)18-16-19-15(17)20-21(16)14(12)22/h2-5,11,22H,6-8H2,1H3,(H2,17,20)_on_P41597_WT	High	ChEMBL31	ChEMBL31.compound.403335	Cc1ccc(Cc2c(O)n3nc(N)nc3nc2C2CC2)cc1	REUWFGHDUVVYPG-UHFFFAOYSA-N	InChI=1S/C16H17N5O/c1-9-2-4-10(5-3-9)8-12-13(11-6-7-11)18-16-19-15(17)20-21(16)14(12)22/h2-5,11,22H,6-8H2,1H3,(H2,17,20)	"""AuxInfo=1/1/N:1,3,22,4,21,19,20,6,2,5,18,7,17,8,12,15,13,16,14,11,10,9/E:(2,3)(4,5)(6,7)/rA:22CCCCCCCCONNCNNCNCCCCCC/rB:s1;d2;s3;d4;s5;s6;d7;s8;s8;s10;d11;s12;s12;s10d14;s15;s7d16;s17;s18;s18s19;s5;s2d21;/rC:;;;;;;;;;;;;;;;;;;;;;;"""	P41597_WT	ChEMBL:CHEMBL4015;ChEMBL:CHEMBL4015	P41597	WT	CHEMBL4324717	PMID:31742400	2019.0	PMID:31742400	2019	0	0	0	1	0		=	  8.460;  8.460	8.46	0.0	0.0	2.0	8.46	0.0	CCRs_HUMAN_annotated_00755	True
InChI=1S/C16H17N5O/c1-9-3-2-4-10(7-9)8-12-13(11-5-6-11)18-16-19-15(17)20-21(16)14(12)22/h2-4,7,11,22H,5-6,8H2,1H3,(H2,17,20)_on_P41597_WT	High	ChEMBL31	ChEMBL31.compound.403329	Cc1cc(Cc2c(O)n3nc(N)nc3nc2C2CC2)ccc1	XGDHEFWYVSMCOW-UHFFFAOYSA-N	InChI=1S/C16H17N5O/c1-9-3-2-4-10(7-9)8-12-13(11-5-6-11)18-16-19-15(17)20-21(16)14(12)22/h2-4,7,11,22H,5-6,8H2,1H3,(H2,17,20)	"""AuxInfo=1/1/N:1,21,22,20,18,19,3,5,2,4,17,6,16,7,11,14,12,15,13,10,9,8/E:(5,6)/rA:22CCCCCCCONNCNNCNCCCCCCC/rB:s1;d2;s3;s4;s5;d6;s7;s7;s9;d10;s11;s11;s9d13;s14;s6d15;s16;s17;s17s18;d4;s20;s2d21;/rC:;;;;;;;;;;;;;;;;;;;;;;"""	P41597_WT	ChEMBL:CHEMBL4015;ChEMBL:CHEMBL4015	P41597	WT	CHEMBL4324717	PMID:31742400	2019.0	PMID:31742400	2019	0	0	0	1	0		=	  8.600;  8.610	8.605	0.005	0.005	2.0	8.605	0.005	CCRs_HUMAN_annotated_00756	True
InChI=1S/C16H17N5O/c1-9-4-2-3-5-11(9)8-12-13(10-6-7-10)18-16-19-15(17)20-21(16)14(12)22/h2-5,10,22H,6-8H2,1H3,(H2,17,20)_on_P41597_WT	High	ChEMBL31	ChEMBL31.compound.403326	Cc1ccccc1Cc1c(O)n2nc(N)nc2nc1C1CC1	RYCUILJESOLXFH-UHFFFAOYSA-N	InChI=1S/C16H17N5O/c1-9-4-2-3-5-11(9)8-12-13(10-6-7-10)18-16-19-15(17)20-21(16)14(12)22/h2-5,10,22H,6-8H2,1H3,(H2,17,20)	"""AuxInfo=1/1/N:1,4,5,3,6,21,22,8,2,20,7,9,19,10,14,17,15,18,16,13,12,11/E:(6,7)/rA:22CCCCCCCCCCONNCNNCNCCCC/rB:s1;d2;s3;d4;s5;s2d6;s7;s8;d9;s10;s10;s12;d13;s14;s14;s12d16;s17;s9d18;s19;s20;s20s21;/rC:;;;;;;;;;;;;;;;;;;;;;;"""	P41597_WT	ChEMBL:CHEMBL4015;ChEMBL:CHEMBL4015	P41597	WT	CHEMBL4324717	PMID:31742400	2019.0	PMID:31742400	2019	0	0	0	1	0		=	  7.800;  7.810	7.805	0.005	0.005	2.0	7.805	0.005	CCRs_HUMAN_annotated_00757	True
InChI=1S/C16H17N5O2/c1-23-11-4-2-3-9(7-11)8-12-13(10-5-6-10)18-16-19-15(17)20-21(16)14(12)22/h2-4,7,10,22H,5-6,8H2,1H3,(H2,17,20)_on_P41597_WT	High	ChEMBL31	ChEMBL31.compound.403333	COc1cc(Cc2c(O)n3nc(N)nc3nc2C2CC2)ccc1	WSPIEDIKYSYENY-UHFFFAOYSA-N	InChI=1S/C16H17N5O2/c1-23-11-4-2-3-9(7-11)8-12-13(10-5-6-10)18-16-19-15(17)20-21(16)14(12)22/h2-4,7,10,22H,5-6,8H2,1H3,(H2,17,20)	"""AuxInfo=1/1/N:1,22,21,23,19,20,4,6,5,18,3,7,17,8,12,15,13,16,14,11,10,9,2/E:(5,6)/rA:23COCCCCCCONNCNNCNCCCCCCC/rB:s1;s2;d3;s4;s5;s6;d7;s8;s8;s10;d11;s12;s12;s10d14;s15;s7d16;s17;s18;s18s19;d5;s21;s3d22;/rC:;;;;;;;;;;;;;;;;;;;;;;;"""	P41597_WT	ChEMBL:CHEMBL4015;ChEMBL:CHEMBL4015	P41597	WT	CHEMBL4324717	PMID:31742400	2019.0	PMID:31742400	2019	0	0	0	1	0		=	  7.890;  7.890	7.89	0.0	0.0	2.0	7.89	0.0	CCRs_HUMAN_annotated_00758	True
InChI=1S/C16H17N5O2/c1-23-11-6-2-9(3-7-11)8-12-13(10-4-5-10)18-16-19-15(17)20-21(16)14(12)22/h2-3,6-7,10,22H,4-5,8H2,1H3,(H2,17,20)_on_P41597_WT	High	ChEMBL31	ChEMBL31.compound.403339	COc1ccc(Cc2c(O)n3nc(N)nc3nc2C2CC2)cc1	NMPWKRCQRZMYPP-UHFFFAOYSA-N	InChI=1S/C16H17N5O2/c1-23-11-6-2-9(3-7-11)8-12-13(10-4-5-10)18-16-19-15(17)20-21(16)14(12)22/h2-3,6-7,10,22H,4-5,8H2,1H3,(H2,17,20)	"""AuxInfo=1/1/N:1,5,22,20,21,4,23,7,6,19,3,8,18,9,13,16,14,17,15,12,11,10,2/E:(2,3)(4,5)(6,7)/rA:23COCCCCCCCONNCNNCNCCCCCC/rB:s1;s2;d3;s4;d5;s6;s7;d8;s9;s9;s11;d12;s13;s13;s11d15;s16;s8d17;s18;s19;s19s20;s6;s3d22;/rC:;;;;;;;;;;;;;;;;;;;;;;;"""	P41597_WT	ChEMBL:CHEMBL4015;ChEMBL:CHEMBL4015	P41597	WT	CHEMBL4324717	PMID:31742400	2019.0	PMID:31742400	2019	0	0	0	1	0		=	  7.680;  7.680	7.68	0.0	0.0	2.0	7.68	0.0	CCRs_HUMAN_annotated_00759	True
InChI=1S/C16H17N5O2/c1-23-12-5-3-2-4-10(12)8-11-13(9-6-7-9)18-16-19-15(17)20-21(16)14(11)22/h2-5,9,22H,6-8H2,1H3,(H2,17,20)_on_P41597_WT	High	ChEMBL31	ChEMBL31.compound.403328	COc1ccccc1Cc1c(O)n2nc(N)nc2nc1C1CC1	VJAZGNFVPCTEGX-UHFFFAOYSA-N	InChI=1S/C16H17N5O2/c1-23-12-5-3-2-4-10(12)8-11-13(9-6-7-9)18-16-19-15(17)20-21(16)14(11)22/h2-5,9,22H,6-8H2,1H3,(H2,17,20)	"""AuxInfo=1/1/N:1,6,5,7,4,22,23,9,21,8,10,3,20,11,15,18,16,19,17,14,13,12,2/E:(6,7)/rA:23COCCCCCCCCCONNCNNCNCCCC/rB:s1;s2;d3;s4;d5;s6;s3d7;s8;s9;d10;s11;s11;s13;d14;s15;s15;s13d17;s18;s10d19;s20;s21;s21s22;/rC:;;;;;;;;;;;;;;;;;;;;;;;"""	P41597_WT	ChEMBL:CHEMBL4015;ChEMBL:CHEMBL4015	P41597	WT	CHEMBL4324717	PMID:31742400	2019.0	PMID:31742400	2019	0	0	0	1	0		=	  6.980;  6.980	6.98	0.0	0.0	2.0	6.98	0.0	CCRs_HUMAN_annotated_00760	True
InChI=1S/C16H18Cl2N6O3S/c1-8(2)19-16-20-13(11-14(21-16)24(3)22-15(11)27-4)23-28(25,26)10-7-5-6-9(17)12(10)18/h5-8H,1-4H3,(H2,19,20,21,23)_on_P51679_WT	High	ChEMBL31	ChEMBL31.compound.369764	COc1nn(C)c2c1c(NS(=O)(=O)c1cccc(Cl)c1Cl)nc(NC(C)C)n2	UIISFIYGBCVPEJ-UHFFFAOYSA-N	InChI=1S/C16H18Cl2N6O3S/c1-8(2)19-16-20-13(11-14(21-16)24(3)22-15(11)27-4)23-28(25,26)10-7-5-6-9(17)12(10)18/h5-8H,1-4H3,(H2,19,20,21,23)	"""AuxInfo=1/1/N:26,27,6,1,16,17,15,25,18,14,8,20,9,7,3,23,19,21,24,22,28,4,10,5,12,13,2,11/E:(1,2)(25,26)/CRV:28.6/rA:28COCNNCCCCNSOOCCCCCClCClNCNCCCN/rB:s1;s2;d3;s4;s5;s5;s3d7;s8;s9;s10;d11;d11;s11;d14;s15;d16;s17;s18;s14d18;s20;d9;s22;s23;s24;s25;s25;s7d23;/rC:;;;;;;;;;;;;;;;;;;;;;;;;;;;;"""	P51679_WT	ChEMBL:CHEMBL2414	P51679	WT	CHEMBL4045586	PMID:28801066	2017.0	PMID:28801066	2017	1	0	0	0	0		=	  5.500	5.5	0.0	0.0	1.0	5.5	0.0	CCRs_HUMAN_annotated_00763	True
InChI=1S/C16H18Cl2N6O3S/c1-23(2)7-8-24-15-12(16(21-24)27-3)14(19-9-20-15)22-28(25,26)11-6-4-5-10(17)13(11)18/h4-6,9H,7-8H2,1-3H3,(H,19,20,22)_on_P51679_WT	High	ChEMBL31	ChEMBL31.compound.369743	COc1nn(CCN(C)C)c2c1c(NS(=O)(=O)c1cccc(Cl)c1Cl)ncn2	LXLPWCXTLWTVLC-UHFFFAOYSA-N	InChI=1S/C16H18Cl2N6O3S/c1-23(2)7-8-24-15-12(16(21-24)27-3)14(19-9-20-15)22-28(25,26)11-6-4-5-10(17)13(11)18/h4-6,9H,7-8H2,1-3H3,(H,19,20,22)	"""AuxInfo=1/1/N:9,10,1,20,21,19,7,6,27,22,18,12,24,13,11,3,23,25,26,28,4,14,8,5,16,17,2,15/E:(1,2)(25,26)/CRV:28.6/rA:28COCNNCCNCCCCCNSOOCCCCCClCClNCN/rB:s1;s2;d3;s4;s5;s6;s7;s8;s8;s5;s3d11;s12;s13;s14;d15;d15;s15;d18;s19;d20;s21;s22;s18d22;s24;d13;s26;s11d27;/rC:;;;;;;;;;;;;;;;;;;;;;;;;;;;;"""	P51679_WT	ChEMBL:CHEMBL2414	P51679	WT	CHEMBL4045586	PMID:28801066	2017.0	PMID:28801066	2017	1	0	0	0	0		=	  5.400	5.4	0.0	0.0	1.0	5.4	0.0	CCRs_HUMAN_annotated_00764	True
InChI=1S/C16H18Cl2N6O4S/c1-24-14-11(15(22-24)28-3)13(20-16(21-14)19-7-8-27-2)23-29(25,26)10-6-4-5-9(17)12(10)18/h4-6H,7-8H2,1-3H3,(H2,19,20,21,23)_on_P51679_WT	High	ChEMBL31	ChEMBL31.compound.369766	COCCNc1nc(NS(=O)(=O)c2cccc(Cl)c2Cl)c2c(OC)nn(C)c2n1	IGXCUZWQLOVMQX-UHFFFAOYSA-N	InChI=1S/C16H18Cl2N6O4S/c1-24-14-11(15(22-24)28-3)13(20-16(21-14)19-7-8-27-2)23-29(25,26)10-6-4-5-9(17)12(10)18/h4-6H,7-8H2,1-3H3,(H2,19,20,21,23)	"""AuxInfo=1/1/N:27,1,24,15,16,14,4,3,17,13,21,19,8,28,22,6,18,20,5,7,29,25,9,26,11,12,2,23,10/E:(25,26)/CRV:29.6/rA:29COCCNCNCNSOOCCCCCClCClCCOCNNCCN/rB:s1;s2;s3;s4;s5;d6;s7;s8;s9;d10;d10;s10;d13;s14;d15;s16;s17;s13d17;s19;d8;s21;s22;s23;d22;s25;s26;s21s26;s6d28;/rC:;;;;;;;;;;;;;;;;;;;;;;;;;;;;;"""	P51679_WT	ChEMBL:CHEMBL2414	P51679	WT	CHEMBL4045586	PMID:28801066	2017.0	PMID:28801066	2017	1	0	0	0	0		=	  5.100	5.1	0.0	0.0	1.0	5.1	0.0	CCRs_HUMAN_annotated_00765	True
InChI=1S/C16H18ClN5O/c1-2-3-7-13-12(9-10-5-4-6-11(17)8-10)14(23)22-16(19-13)20-15(18)21-22/h4-6,8,23H,2-3,7,9H2,1H3,(H2,18,21)_on_P41597_WT	High	ChEMBL31	ChEMBL31.compound.403344	CCCCc1nc2nc(N)nn2c(O)c1Cc1cccc(Cl)c1	TZOVZVNEZYCLKX-UHFFFAOYSA-N	InChI=1S/C16H18ClN5O/c1-2-3-7-13-12(9-10-5-4-6-11(17)8-10)14(23)22-16(19-13)20-15(18)21-22/h4-6,8,23H,2-3,7,9H2,1H3,(H2,18,21)	"""AuxInfo=1/1/N:1,2,3,19,18,20,4,23,16,17,21,15,5,13,9,7,22,10,6,8,11,12,14/rA:23CCCCCNCNCNNNCOCCCCCCCClC/rB:s1;s2;s3;s4;d5;s6;d7;s8;s9;d9;s7s11;s12;s13;s5d13;s15;s16;d17;s18;d19;s20;s21;s17d21;/rC:;;;;;;;;;;;;;;;;;;;;;;;"""	P41597_WT	ChEMBL:CHEMBL4015;ChEMBL:CHEMBL4015	P41597	WT	CHEMBL4324717	PMID:31742400	2019.0	PMID:31742400	2019	0	0	0	1	0		=	  8.640;  8.640	8.64	0.0	0.0	2.0	8.64	0.0	CCRs_HUMAN_annotated_00769	True
InChI=1S/C16H18ClN5O/c1-2-3-7-13-12(9-10-5-4-6-11(17)8-10)14(23)22-16(19-13)20-15(18)21-22/h4-6,8,23H,2-3,7,9H2,1H3,(H2,18,21)_on_P51681_WT	High	ChEMBL31	ChEMBL31.compound.403344	CCCCc1nc2nc(N)nn2c(O)c1Cc1cccc(Cl)c1	TZOVZVNEZYCLKX-UHFFFAOYSA-N	InChI=1S/C16H18ClN5O/c1-2-3-7-13-12(9-10-5-4-6-11(17)8-10)14(23)22-16(19-13)20-15(18)21-22/h4-6,8,23H,2-3,7,9H2,1H3,(H2,18,21)	"""AuxInfo=1/1/N:1,2,3,19,18,20,4,23,16,17,21,15,5,13,9,7,22,10,6,8,11,12,14/rA:23CCCCCNCNCNNNCOCCCCCCCClC/rB:s1;s2;s3;s4;d5;s6;d7;s8;s9;d9;s7s11;s12;s13;s5d13;s15;s16;d17;s18;d19;s20;s21;s17d21;/rC:;;;;;;;;;;;;;;;;;;;;;;;"""	P51681_WT	ChEMBL:CHEMBL274	P51681	WT	CHEMBL4324720	PMID:31742400	2019.0	PMID:31742400	2019	1	0	0	0	0		=	  6.290	6.29	0.0	0.0	1.0	6.29	0.0	CCRs_HUMAN_annotated_00770	True
InChI=1S/C17H9Cl3N4O3S/c18-10-5-16(24-28(25,26)13-3-4-14(19)15(20)6-13)17(23-8-10)27-12-2-1-11(7-21)22-9-12/h1-6,8-9,24H_on_P41597_WT	High	ChEMBL31	ChEMBL31.compound.141747	N#Cc1ccc(Oc2ncc(Cl)cc2NS(=O)(=O)c2ccc(Cl)c(Cl)c2)cn1	BKRGCNBSJMTXDH-UHFFFAOYSA-N	InChI=1S/C17H9Cl3N4O3S/c18-10-5-16(24-28(25,26)13-3-4-14(19)15(20)6-13)17(23-8-10)27-12-2-1-11(7-21)22-9-12/h1-6,8-9,24H	"""AuxInfo=1/0/N:4,5,20,21,13,26,2,10,27,11,3,6,19,22,24,14,8,12,23,25,1,28,9,15,17,18,7,16/E:(25,26)/CRV:28.6/rA:28NCCCCCOCNCCClCCNSOOCCCCClCClCCN/rB:t1;s2;d3;s4;d5;s6;s7;d8;s9;d10;s11;s11;s8d13;s14;s15;d16;d16;s16;d19;s20;d21;s22;s22;s24;s19d24;s6;s3d27;/rC:;;;;;;;;;;;;;;;;;;;;;;;;;;;;"""	P41597_WT	ChEMBL:CHEMBL4015	P41597	WT	CHEMBL1174375	PMID:20627722	2010.0	PMID:20627722	2010	0	0	0	1	0		=	  7.800	7.8	0.0	0.0	1.0	7.8	0.0	CCRs_HUMAN_annotated_00833	True
InChI=1S/C17H10Cl3N3O5S/c18-10-4-15(23-29(26,27)12-1-2-13(19)14(20)5-12)16(22-7-10)28-11-3-9(17(24)25)6-21-8-11/h1-8,23H,(H,24,25)_on_P41597_WT	High	ChEMBL31	ChEMBL31.compound.141749	O=C(O)c1cc(Oc2ncc(Cl)cc2NS(=O)(=O)c2ccc(Cl)c(Cl)c2)cnc1	VIQJVXBTZHDTPO-UHFFFAOYSA-N	InChI=1S/C17H10Cl3N3O5S/c18-10-4-15(23-29(26,27)12-1-2-13(19)14(20)5-12)16(22-7-10)28-11-3-9(17(24)25)6-21-8-11/h1-8,23H,(H,24,25)	"""AuxInfo=1/1/N:20,21,5,13,26,29,10,27,4,11,6,19,22,24,14,8,2,12,23,25,28,9,15,1,3,17,18,7,16/E:(24,25)(26,27)/CRV:29.6/rA:29OCOCCCOCNCCClCCNSOOCCCCClCClCCNC/rB:d1;s2;s2;d4;s5;s6;s7;d8;s9;d10;s11;s11;s8d13;s14;s15;d16;d16;s16;d19;s20;d21;s22;s22;s24;s19d24;d6;s27;s4d28;/rC:;;;;;;;;;;;;;;;;;;;;;;;;;;;;;"""	P41597_WT	ChEMBL:CHEMBL4015	P41597	WT	CHEMBL1174375	PMID:20627722	2010.0	PMID:20627722	2010	0	0	0	1	0		=	  8.000	8.0	0.0	0.0	1.0	8.0	0.0	CCRs_HUMAN_annotated_00843	True
InChI=1S/C17H11BrCl3N3O3S/c18-11-4-1-3-10(7-11)9-27-17-16(22-8-14(20)23-17)24-28(25,26)13-6-2-5-12(19)15(13)21/h1-8H,9H2,(H,22,24)_on_P51679_WT	High	ChEMBL31	ChEMBL31.compound.376611	O=S(=O)(Nc1ncc(Cl)nc1OCc1cc(Br)ccc1)c1cccc(Cl)c1Cl	BZGSICRNBXLQQL-UHFFFAOYSA-N	InChI=1S/C17H11BrCl3N3O3S/c18-11-4-1-3-10(7-11)9-27-17-16(22-8-14(20)23-17)24-28(25,26)13-6-2-5-12(19)15(13)21/h1-8H,9H2,(H,22,24)	"""AuxInfo=1/1/N:19,23,20,18,24,22,15,7,13,14,16,25,21,8,27,5,11,17,26,9,28,6,10,4,1,3,12,2/E:(25,26)/CRV:28.6/rA:28OSONCNCCClNCOCCCCBrCCCCCCCCClCCl/rB:d1;d2;s2;s4;d5;s6;d7;s8;s8;s5d10;s11;s12;s13;d14;s15;s16;d16;s18;s14d19;s2;d21;s22;d23;s24;s25;s21d25;s27;/rC:;;;;;;;;;;;;;;;;;;;;;;;;;;;;"""	P51679_WT	ChEMBL:CHEMBL2414	P51679	WT	CHEMBL4134307	PMID:28947948	2017.0	PMID:28947948	2017	1	0	0	0	0		=	  8.400	8.4	0.0	0.0	1.0	8.4	0.0	CCRs_HUMAN_annotated_00845	True
InChI=1S/C17H11Cl2N3O5S/c18-12-6-5-10(7-13(12)19)28(25,26)22-14-8-20-9-21-16(14)27-15-4-2-1-3-11(15)17(23)24/h1-9,22H,(H,23,24)_on_P41597_WT	High	ChEMBL31	ChEMBL31.compound.141758	O=C(O)c1c(Oc2ncncc2NS(=O)(=O)c2ccc(Cl)c(Cl)c2)cccc1	SDIFBRGWWZZSHN-UHFFFAOYSA-N	InChI=1S/C17H11Cl2N3O5S/c18-12-6-5-10(7-13(12)19)28(25,26)22-14-8-20-9-21-16(14)27-15-4-2-1-3-11(15)17(23)24/h1-9,22H,(H,23,24)	"""AuxInfo=1/1/N:27,26,28,25,18,19,24,11,9,17,4,20,22,12,5,7,2,21,23,10,8,13,1,3,15,16,6,14/E:(23,24)(25,26)/CRV:28.6/rA:28OCOCCOCNCNCCNSOOCCCCClCClCCCCC/rB:d1;s2;s2;d4;s5;s6;d7;s8;d9;s10;s7d11;s12;s13;d14;d14;s14;d17;s18;d19;s20;s20;s22;s17d22;s5;d25;s26;s4d27;/rC:;;;;;;;;;;;;;;;;;;;;;;;;;;;;"""	P41597_WT	ChEMBL:CHEMBL4015	P41597	WT	CHEMBL1174375	PMID:20627722	2010.0	PMID:20627722	2010	0	0	0	1	0		=	  6.400	6.4	0.0	0.0	1.0	6.4	0.0	CCRs_HUMAN_annotated_00847	True
InChI=1S/C17H11Cl2N3O5S/c18-12-6-5-10(9-13(12)19)28(25,26)22-15-16(21-8-7-20-15)27-14-4-2-1-3-11(14)17(23)24/h1-9H,(H,20,22)(H,23,24)_on_P41597_WT	High	ChEMBL31	ChEMBL31.compound.141759	O=C(O)c1c(Oc2nccnc2NS(=O)(=O)c2ccc(Cl)c(Cl)c2)cccc1	YLEICNORUHBECR-UHFFFAOYSA-N	InChI=1S/C17H11Cl2N3O5S/c18-12-6-5-10(9-13(12)19)28(25,26)22-15-16(21-8-7-20-15)27-14-4-2-1-3-11(14)17(23)24/h1-9H,(H,20,22)(H,23,24)	"""AuxInfo=1/1/N:27,26,28,25,18,19,10,9,24,17,4,20,22,5,12,7,2,21,23,11,8,13,1,3,15,16,6,14/E:(23,24)(25,26)/CRV:28.6/rA:28OCOCCOCNCCNCNSOOCCCCClCClCCCCC/rB:d1;s2;s2;d4;s5;s6;d7;s8;d9;s10;s7d11;s12;s13;d14;d14;s14;d17;s18;d19;s20;s20;s22;s17d22;s5;d25;s26;s4d27;/rC:;;;;;;;;;;;;;;;;;;;;;;;;;;;;"""	P41597_WT	ChEMBL:CHEMBL4015	P41597	WT	CHEMBL1174375	PMID:20627722	2010.0	PMID:20627722	2010	0	0	0	1	0		=	  6.100	6.1	0.0	0.0	1.0	6.1	0.0	CCRs_HUMAN_annotated_00848	True
InChI=1S/C17H11Cl2NO5S2/c18-10-5-6-14(25-13-4-2-1-3-11(13)17(21)22)12(9-10)20-27(23,24)16-8-7-15(19)26-16/h1-9,20H,(H,21,22)_on_P41597_WT	High	ChEMBL31;ExCAPE-DB	ChEMBL31.compound.141761;49798350	O=C(O)c1c(Oc2ccc(Cl)cc2NS(=O)(=O)c2ccc(Cl)s2)cccc1	NEHQWOQOBXQTPU-UHFFFAOYSA-N	InChI=1S/C17H11Cl2NO5S2/c18-10-5-6-14(25-13-4-2-1-3-11(13)17(21)22)12(9-10)20-27(23,24)16-8-7-15(19)26-16/h1-9,20H,(H,21,22)	"""AuxInfo=1/1/N:26,25,27,24,9,8,20,19,12,10,4,13,5,7,21,18,2,11,22,14,1,3,16,17,6,23,15/E:(21,22)(23,24)/CRV:27.6/rA:27OCOCCOCCCCClCCNSOOCCCCClSCCCC/rB:d1;s2;s2;d4;s5;s6;d7;s8;d9;s10;s10;s7d12;s13;s14;d15;d15;s15;d18;s19;d20;s21;s18s21;s5;d24;s25;s4d26;/rC:;;;;;;;;;;;;;;;;;;;;;;;;;;;"""	P41597_WT	ChEMBL:CHEMBL4015;EntrezID:729230	P41597	WT	CHEMBL1174375;PubChemAID:489703	PMID:20627722	2010.0	PMID:20627722;PubChemAID:489703	2010	0	0	0	1;0	0;1		=	  8.300;  8.300	8.3	0.0	0.0	2.0	8.3	0.0	CCRs_HUMAN_annotated_00850	True
InChI=1S/C17H12Cl3N3O3S/c1-10-16(3-2-6-21-10)26-17-15(7-11(18)9-22-17)23-27(24,25)12-4-5-13(19)14(20)8-12/h2-9,23H,1H3_on_P41597_WT	High	ChEMBL31	ChEMBL31.compound.170724	Cc1ncccc1Oc1ncc(Cl)cc1NS(=O)(=O)c1ccc(Cl)c(Cl)c1	WPZKKCHLDQPKDF-UHFFFAOYSA-N	InChI=1S/C17H12Cl3N3O3S/c1-10-16(3-2-6-21-10)26-17-15(7-11(18)9-22-17)23-27(24,25)12-4-5-13(19)14(20)8-12/h2-9,23H,1H3	"""AuxInfo=1/0/N:1,5,6,21,22,4,14,27,11,2,12,20,23,25,15,7,9,13,24,26,3,10,16,18,19,8,17/E:(24,25)/CRV:27.6/rA:27CCNCCCCOCNCCClCCNSOOCCCCClCClC/rB:s1;d2;s3;d4;s5;s2d6;s7;s8;d9;s10;d11;s12;s12;s9d14;s15;s16;d17;d17;s17;d20;s21;d22;s23;s23;s25;s20d25;/rC:;;;;;;;;;;;;;;;;;;;;;;;;;;;"""	P41597_WT	ChEMBL:CHEMBL4015;ChEMBL:CHEMBL4015	P41597	WT	CHEMBL1925745;CHEMBL1925695	PMID:20627722	2010.0	PMID:22047688	2011	0	0	0	1	0		=	  5.900;  8.000	6.95	1.05	1.05	2.0	6.95	1.05	CCRs_HUMAN_annotated_00861	True
InChI=1S/C17H12Cl3N3O3S/c1-10-16(3-2-6-21-10)26-17-15(7-11(18)9-22-17)23-27(24,25)12-4-5-13(19)14(20)8-12/h2-9,23H,1H3_on_P51679_WT	Medium	ChEMBL31	ChEMBL31.compound.170724	Cc1ncccc1Oc1ncc(Cl)cc1NS(=O)(=O)c1ccc(Cl)c(Cl)c1	WPZKKCHLDQPKDF-UHFFFAOYSA-N	InChI=1S/C17H12Cl3N3O3S/c1-10-16(3-2-6-21-10)26-17-15(7-11(18)9-22-17)23-27(24,25)12-4-5-13(19)14(20)8-12/h2-9,23H,1H3	"""AuxInfo=1/0/N:1,5,6,21,22,4,14,27,11,2,12,20,23,25,15,7,9,13,24,26,3,10,16,18,19,8,17/E:(24,25)/CRV:27.6/rA:27CCNCCCCOCNCCClCCNSOOCCCCClCClC/rB:s1;d2;s3;d4;s5;s2d6;s7;s8;d9;s10;d11;s12;s12;s9d14;s15;s16;d17;d17;s17;d20;s21;d22;s23;s23;s25;s20d25;/rC:;;;;;;;;;;;;;;;;;;;;;;;;;;;"""	P51679_WT	ChEMBL:CHEMBL2414	P51679	WT	CHEMBL1174525	PMID:20627722	2010.0	PMID:20627722	2010	0	0	0	1	0		=	  5.900	5.9	0.0	0.0	1.0	5.9	0.0	CCRs_HUMAN_annotated_00862	True
InChI=1S/C17H13ClN4O2S2/c18-13-6-5-12(10-22-8-7-19-21-22)15(9-13)20-26(23,24)17-11-25-16-4-2-1-3-14(16)17/h1-9,11,20H,10H2_on_P32246_WT	Medium	ChEMBL31	ChEMBL31.compound.743947	O=S(=O)(Nc1cc(Cl)ccc1Cn1ccnn1)c1csc2c1cccc2	YOFIQLQDWMBWFW-UHFFFAOYSA-N	InChI=1S/C17H13ClN4O2S2/c18-13-6-5-12(10-22-8-7-19-21-22)15(9-13)20-26(23,24)17-11-25-16-4-2-1-3-14(16)17/h1-9,11,20H,10H2	"""AuxInfo=1/0/N:24,25,23,26,10,9,15,14,6,12,19,11,7,22,5,21,18,8,16,4,17,13,1,3,20,2/E:(23,24)/CRV:26.6/rA:26OSONCCCClCCCCNCCNNCCSCCCCCC/rB:d1;d2;s2;s4;d5;s6;s7;d7;s9;s5d10;s11;s12;s13;d14;s15;s13d16;s2;d18;s19;s20;s18d21;s22;d23;s24;s21d25;/rC:;;;;;;;;;;;;;;;;;;;;;;;;;;"""	P32246_WT	ChEMBL:CHEMBL2413	P32246	WT	CHEMBL2213078	PMID:23079519	2012.0	PMID:23079519	2012	0	0	0	1	0		=	  5.800	5.8	0.0	0.0	1.0	5.8	0.0	CCRs_HUMAN_annotated_00884	True
InChI=1S/C17H13ClN4O2S2/c18-13-6-5-12(10-22-8-7-19-21-22)15(9-13)20-26(23,24)17-11-25-16-4-2-1-3-14(16)17/h1-9,11,20H,10H2_on_P41597_WT	Medium	ChEMBL31	ChEMBL31.compound.743947	O=S(=O)(Nc1cc(Cl)ccc1Cn1ccnn1)c1csc2c1cccc2	YOFIQLQDWMBWFW-UHFFFAOYSA-N	InChI=1S/C17H13ClN4O2S2/c18-13-6-5-12(10-22-8-7-19-21-22)15(9-13)20-26(23,24)17-11-25-16-4-2-1-3-14(16)17/h1-9,11,20H,10H2	"""AuxInfo=1/0/N:24,25,23,26,10,9,15,14,6,12,19,11,7,22,5,21,18,8,16,4,17,13,1,3,20,2/E:(23,24)/CRV:26.6/rA:26OSONCCCClCCCCNCCNNCCSCCCCCC/rB:d1;d2;s2;s4;d5;s6;s7;d7;s9;s5d10;s11;s12;s13;d14;s15;s13d16;s2;d18;s19;s20;s18d21;s22;d23;s24;s21d25;/rC:;;;;;;;;;;;;;;;;;;;;;;;;;;"""	P41597_WT	ChEMBL:CHEMBL4015	P41597	WT	CHEMBL2213079	PMID:23079519	2012.0	PMID:23079519	2012	0	0	0	1	0		=	  7.200	7.2	0.0	0.0	1.0	7.2	0.0	CCRs_HUMAN_annotated_00885	True
InChI=1S/C17H13ClN4O2S2/c18-13-6-5-12(10-22-8-7-19-21-22)15(9-13)20-26(23,24)17-11-25-16-4-2-1-3-14(16)17/h1-9,11,20H,10H2_on_P51679_WT	Medium	ChEMBL31	ChEMBL31.compound.743947	O=S(=O)(Nc1cc(Cl)ccc1Cn1ccnn1)c1csc2c1cccc2	YOFIQLQDWMBWFW-UHFFFAOYSA-N	InChI=1S/C17H13ClN4O2S2/c18-13-6-5-12(10-22-8-7-19-21-22)15(9-13)20-26(23,24)17-11-25-16-4-2-1-3-14(16)17/h1-9,11,20H,10H2	"""AuxInfo=1/0/N:24,25,23,26,10,9,15,14,6,12,19,11,7,22,5,21,18,8,16,4,17,13,1,3,20,2/E:(23,24)/CRV:26.6/rA:26OSONCCCClCCCCNCCNNCCSCCCCCC/rB:d1;d2;s2;s4;d5;s6;s7;d7;s9;s5d10;s11;s12;s13;d14;s15;s13d16;s2;d18;s19;s20;s18d21;s22;d23;s24;s21d25;/rC:;;;;;;;;;;;;;;;;;;;;;;;;;;"""	P51679_WT	ChEMBL:CHEMBL2414	P51679	WT	CHEMBL2213077	PMID:23079519	2012.0	PMID:23079519	2012	0	0	0	1	0		=	  5.500	5.5	0.0	0.0	1.0	5.5	0.0	CCRs_HUMAN_annotated_00886	True
InChI=1S/C17H14Cl3N5O2S/c18-12-4-3-11(9-25-17(10-1-2-10)21-23-24-25)16(7-12)22-28(26,27)13-5-6-14(19)15(20)8-13/h3-8,10,22H,1-2,9H2_on_P32246_WT	Medium	ChEMBL31	ChEMBL31.compound.195317	O=S(=O)(Nc1cc(Cl)ccc1Cn1nnnc1C1CC1)c1ccc(Cl)c(Cl)c1	ZDAODXGSQUSEHO-UHFFFAOYSA-N	InChI=1S/C17H14Cl3N5O2S/c18-12-4-3-11(9-25-17(10-1-2-10)21-23-24-25)16(7-12)22-28(26,27)13-5-6-14(19)15(20)8-13/h3-8,10,22H,1-2,9H2	"""AuxInfo=1/0/N:19,20,10,9,22,23,6,28,12,18,11,7,21,24,26,5,17,8,25,27,16,4,15,14,13,1,3,2/E:(1,2)(26,27)/CRV:28.6/rA:28OSONCCCClCCCCNNNNCCCCCCCCClCClC/rB:d1;d2;s2;s4;d5;s6;s7;d7;s9;s5d10;s11;s12;s13;d14;s15;s13d16;s17;s18;s18s19;s2;d21;s22;d23;s24;s24;s26;s21d26;/rC:;;;;;;;;;;;;;;;;;;;;;;;;;;;;"""	P32246_WT	ChEMBL:CHEMBL2413	P32246	WT	CHEMBL2213078	PMID:23079519	2012.0	PMID:23079519	2012	0	0	0	1	0		=	  6.300	6.3	0.0	0.0	1.0	6.3	0.0	CCRs_HUMAN_annotated_00901	True
InChI=1S/C17H14Cl3N5O2S/c18-12-4-3-11(9-25-17(10-1-2-10)21-23-24-25)16(7-12)22-28(26,27)13-5-6-14(19)15(20)8-13/h3-8,10,22H,1-2,9H2_on_P41597_WT	High	ChEMBL31	ChEMBL31.compound.195317	O=S(=O)(Nc1cc(Cl)ccc1Cn1nnnc1C1CC1)c1ccc(Cl)c(Cl)c1	ZDAODXGSQUSEHO-UHFFFAOYSA-N	InChI=1S/C17H14Cl3N5O2S/c18-12-4-3-11(9-25-17(10-1-2-10)21-23-24-25)16(7-12)22-28(26,27)13-5-6-14(19)15(20)8-13/h3-8,10,22H,1-2,9H2	"""AuxInfo=1/0/N:19,20,10,9,22,23,6,28,12,18,11,7,21,24,26,5,17,8,25,27,16,4,15,14,13,1,3,2/E:(1,2)(26,27)/CRV:28.6/rA:28OSONCCCClCCCCNNNNCCCCCCCCClCClC/rB:d1;d2;s2;s4;d5;s6;s7;d7;s9;s5d10;s11;s12;s13;d14;s15;s13d16;s17;s18;s18s19;s2;d21;s22;d23;s24;s24;s26;s21d26;/rC:;;;;;;;;;;;;;;;;;;;;;;;;;;;;"""	P41597_WT	ChEMBL:CHEMBL4015;ChEMBL:CHEMBL4015	P41597	WT	CHEMBL2213076;CHEMBL2213075	PMID:23079519	2012.0	PMID:23079519	2012	0	0	0	1	0		=	  7.000;  7.000	7.0	0.0	0.0	2.0	7.0	0.0	CCRs_HUMAN_annotated_00902	True
InChI=1S/C17H15Cl2N3O5S/c1-26-14-6-13-11(20-17(23)22(13)9-7-27-8-9)5-12(14)21-28(24,25)15-4-2-3-10(18)16(15)19/h2-6,9,21H,7-8H2,1H3,(H,20,23)_on_P51679_WT	High	ChEMBL31	ChEMBL31.compound.247804	COc1cc2c(cc1NS(=O)(=O)c1c(Cl)c(Cl)ccc1)nc(O)n2C1COC1	CXYNNGVMXXERRL-UHFFFAOYSA-N	InChI=1S/C17H15Cl2N3O5S/c1-26-14-6-13-11(20-17(23)22(13)9-7-27-8-9)5-12(14)21-28(24,25)15-4-2-3-10(18)16(15)19/h2-6,9,21H,7-8H2,1H3,(H,20,23)	"""AuxInfo=1/1/N:1,19,18,20,7,4,26,28,25,16,6,8,5,3,13,14,22,17,15,21,9,24,23,11,12,2,27,10/E:(7,8)(24,25)/CRV:28.6/rA:28COCCCCCCNSOOCCClCClCCCNCONCCOC/rB:s1;s2;d3;s4;d5;s6;s3d7;s8;s9;d10;d10;s10;d13;s14;s14;s16;d16;s18;s13d19;s6;d21;s22;s5s22;s24;s25;s26;s25s27;/rC:;;;;;;;;;;;;;;;;;;;;;;;;;;;;"""	P51679_WT	ChEMBL:CHEMBL2414	P51679	WT	CHEMBL3367642	PMID:24909677	2014.0	PMID:24909677	2014	1	0	0	0	0		=	  6.950	6.95	0.0	0.0	1.0	6.95	0.0	CCRs_HUMAN_annotated_00920	True
InChI=1S/C17H16Cl2N4O4S/c1-27-14-6-13-11(21-17(24)23(13)9-7-20-8-9)5-12(14)22-28(25,26)15-4-2-3-10(18)16(15)19/h2-6,9,20,22H,7-8H2,1H3,(H,21,24)_on_P51679_WT	High	ChEMBL31	ChEMBL31.compound.247808	COc1cc2c(cc1NS(=O)(=O)c1c(Cl)c(Cl)ccc1)nc(O)n2C1CNC1	VHZJKZRRBVRIEZ-UHFFFAOYSA-N	InChI=1S/C17H16Cl2N4O4S/c1-27-14-6-13-11(21-17(24)23(13)9-7-20-8-9)5-12(14)22-28(25,26)15-4-2-3-10(18)16(15)19/h2-6,9,20,22H,7-8H2,1H3,(H,21,24)	"""AuxInfo=1/1/N:1,19,18,20,7,4,26,28,25,16,6,8,5,3,13,14,22,17,15,27,21,9,24,23,11,12,2,10/E:(7,8)(25,26)/CRV:28.6/rA:28COCCCCCCNSOOCCClCClCCCNCONCCNC/rB:s1;s2;d3;s4;d5;s6;s3d7;s8;s9;d10;d10;s10;d13;s14;s14;s16;d16;s18;s13d19;s6;d21;s22;s5s22;s24;s25;s26;s25s27;/rC:;;;;;;;;;;;;;;;;;;;;;;;;;;;;"""	P51679_WT	ChEMBL:CHEMBL2414	P51679	WT	CHEMBL3367642	PMID:24909677	2014.0	PMID:24909677	2014	1	0	0	0	0		=	  6.400	6.4	0.0	0.0	1.0	6.4	0.0	CCRs_HUMAN_annotated_00945	True
InChI=1S/C17H17Cl2N3O4S/c1-3-7-22-13-9-14(26-2)12(8-11(13)20-17(22)23)21-27(24,25)15-6-4-5-10(18)16(15)19/h4-6,8-9,21H,3,7H2,1-2H3,(H,20,23)_on_P51679_WT	High	ChEMBL31	ChEMBL31.compound.247805	CCCn1c(O)nc2c1cc(OC)c(NS(=O)(=O)c1c(Cl)c(Cl)ccc1)c2	QNHDRILHIGVZDC-UHFFFAOYSA-N	InChI=1S/C17H17Cl2N3O4S/c1-3-7-22-13-9-14(26-2)12(8-11(13)20-17(22)23)21-27(24,25)15-6-4-5-10(18)16(15)19/h4-6,8-9,21H,3,7H2,1-2H3,(H,20,23)	"""AuxInfo=1/1/N:1,13,2,25,24,26,3,27,10,22,8,14,9,11,19,20,5,23,21,7,15,4,6,17,18,12,16/E:(24,25)/CRV:27.6/rA:27CCCNCONCCCCOCCNSOOCCClCClCCCC/rB:s1;s2;s3;s4;s5;d5;s7;s4d8;s9;d10;s11;s12;s11;s14;s15;d16;d16;s16;d19;s20;s20;s22;d22;s24;s19d25;s8d14;/rC:;;;;;;;;;;;;;;;;;;;;;;;;;;;"""	P51679_WT	ChEMBL:CHEMBL2414	P51679	WT	CHEMBL3367642	PMID:24909677	2014.0	PMID:24909677	2014	1	0	0	0	0		=	  5.400	5.4	0.0	0.0	1.0	5.4	0.0	CCRs_HUMAN_annotated_00966	True
InChI=1S/C17H17Cl2N3O4S/c1-9(2)22-13-8-14(26-3)12(7-11(13)20-17(22)23)21-27(24,25)15-6-4-5-10(18)16(15)19/h4-9,21H,1-3H3,(H,20,23)_on_P51679_WT	High	ChEMBL31	ChEMBL31.compound.247803	COc1cc2c(cc1NS(=O)(=O)c1c(Cl)c(Cl)ccc1)nc(O)n2C(C)C	WBDQWOOWNCTXGC-UHFFFAOYSA-N	InChI=1S/C17H17Cl2N3O4S/c1-9(2)22-13-8-14(26-3)12(7-11(13)20-17(22)23)21-27(24,25)15-6-4-5-10(18)16(15)19/h4-9,21H,1-3H3,(H,20,23)	"""AuxInfo=1/1/N:26,27,1,19,18,20,7,4,25,16,6,8,5,3,13,14,22,17,15,21,9,24,23,11,12,2,10/E:(1,2)(24,25)/CRV:27.6/rA:27COCCCCCCNSOOCCClCClCCCNCONCCC/rB:s1;s2;d3;s4;d5;s6;s3d7;s8;s9;d10;d10;s10;d13;s14;s14;s16;d16;s18;s13d19;s6;d21;s22;s5s22;s24;s25;s25;/rC:;;;;;;;;;;;;;;;;;;;;;;;;;;;"""	P51679_WT	ChEMBL:CHEMBL2414	P51679	WT	CHEMBL3367642	PMID:24909677	2014.0	PMID:24909677	2014	1	0	0	0	0		=	  6.000	6.0	0.0	0.0	1.0	6.0	0.0	CCRs_HUMAN_annotated_00967	True
InChI=1S/C17H17Cl2N3O6S/c1-28-14-6-13-11(20-17(25)22(13)9(7-23)8-24)5-12(14)21-29(26,27)15-4-2-3-10(18)16(15)19/h2-6,9,21,23-24H,7-8H2,1H3,(H,20,25)_on_P51679_WT	High	ChEMBL31	ChEMBL31.compound.247807	COc1cc2c(cc1NS(=O)(=O)c1c(Cl)c(Cl)ccc1)nc(O)n2C(CO)CO	SLRBDYYHLWNXHF-UHFFFAOYSA-N	InChI=1S/C17H17Cl2N3O6S/c1-28-14-6-13-11(20-17(25)22(13)9(7-23)8-24)5-12(14)21-29(26,27)15-4-2-3-10(18)16(15)19/h2-6,9,21,23-24H,7-8H2,1H3,(H,20,25)	"""AuxInfo=1/1/N:1,19,18,20,7,4,26,28,25,16,6,8,5,3,13,14,22,17,15,21,9,24,27,29,23,11,12,2,10/E:(7,8)(23,24)(26,27)/CRV:29.6/rA:29COCCCCCCNSOOCCClCClCCCNCONCCOCO/rB:s1;s2;d3;s4;d5;s6;s3d7;s8;s9;d10;d10;s10;d13;s14;s14;s16;d16;s18;s13d19;s6;d21;s22;s5s22;s24;s25;s26;s25;s28;/rC:;;;;;;;;;;;;;;;;;;;;;;;;;;;;;"""	P51679_WT	ChEMBL:CHEMBL2414	P51679	WT	CHEMBL3367642	PMID:24909677	2014.0	PMID:24909677	2014	1	0	0	0	0		=	  5.800	5.8	0.0	0.0	1.0	5.8	0.0	CCRs_HUMAN_annotated_00968	True
InChI=1S/C17H17ClN4O2S/c1-12-3-6-16(9-13(12)2)25(23,24)20-17-10-15(18)5-4-14(17)11-22-8-7-19-21-22/h3-10,20H,11H2,1-2H3_on_P32246_WT	Medium	ChEMBL31	ChEMBL31.compound.743954	Cc1ccc(S(=O)(=O)Nc2cc(Cl)ccc2Cn2ccnn2)cc1C	VZPTWPGJCWIVGK-UHFFFAOYSA-N	InChI=1S/C17H17ClN4O2S/c1-12-3-6-16(9-13(12)2)25(23,24)20-17-10-15(18)5-4-14(17)11-22-8-7-19-21-22/h3-10,20H,11H2,1-2H3	"""AuxInfo=1/0/N:1,25,3,15,14,4,20,19,23,11,17,2,24,16,12,5,10,13,21,9,22,18,7,8,6/E:(23,24)/CRV:25.6/rA:25CCCCCSOONCCCClCCCCNCCNNCCC/rB:s1;d2;s3;d4;s5;d6;d6;s6;s9;d10;s11;s12;d12;s14;s10d15;s16;s17;s18;d19;s20;s18d21;s5;s2d23;s24;/rC:;;;;;;;;;;;;;;;;;;;;;;;;;"""	P32246_WT	ChEMBL:CHEMBL2413	P32246	WT	CHEMBL2213078	PMID:23079519	2012.0	PMID:23079519	2012	0	0	0	1	0		=	  5.400	5.4	0.0	0.0	1.0	5.4	0.0	CCRs_HUMAN_annotated_00975	True
InChI=1S/C17H17ClN4O2S/c1-12-3-6-16(9-13(12)2)25(23,24)20-17-10-15(18)5-4-14(17)11-22-8-7-19-21-22/h3-10,20H,11H2,1-2H3_on_P41597_WT	Medium	ChEMBL31	ChEMBL31.compound.743954	Cc1ccc(S(=O)(=O)Nc2cc(Cl)ccc2Cn2ccnn2)cc1C	VZPTWPGJCWIVGK-UHFFFAOYSA-N	InChI=1S/C17H17ClN4O2S/c1-12-3-6-16(9-13(12)2)25(23,24)20-17-10-15(18)5-4-14(17)11-22-8-7-19-21-22/h3-10,20H,11H2,1-2H3	"""AuxInfo=1/0/N:1,25,3,15,14,4,20,19,23,11,17,2,24,16,12,5,10,13,21,9,22,18,7,8,6/E:(23,24)/CRV:25.6/rA:25CCCCCSOONCCCClCCCCNCCNNCCC/rB:s1;d2;s3;d4;s5;d6;d6;s6;s9;d10;s11;s12;d12;s14;s10d15;s16;s17;s18;d19;s20;s18d21;s5;s2d23;s24;/rC:;;;;;;;;;;;;;;;;;;;;;;;;;"""	P41597_WT	ChEMBL:CHEMBL4015	P41597	WT	CHEMBL2213079	PMID:23079519	2012.0	PMID:23079519	2012	0	0	0	1	0		=	  6.300	6.3	0.0	0.0	1.0	6.3	0.0	CCRs_HUMAN_annotated_00976	True
InChI=1S/C17H17ClN4O2S/c1-12-3-6-16(9-13(12)2)25(23,24)20-17-10-15(18)5-4-14(17)11-22-8-7-19-21-22/h3-10,20H,11H2,1-2H3_on_P51679_WT	Medium	ChEMBL31	ChEMBL31.compound.743954	Cc1ccc(S(=O)(=O)Nc2cc(Cl)ccc2Cn2ccnn2)cc1C	VZPTWPGJCWIVGK-UHFFFAOYSA-N	InChI=1S/C17H17ClN4O2S/c1-12-3-6-16(9-13(12)2)25(23,24)20-17-10-15(18)5-4-14(17)11-22-8-7-19-21-22/h3-10,20H,11H2,1-2H3	"""AuxInfo=1/0/N:1,25,3,15,14,4,20,19,23,11,17,2,24,16,12,5,10,13,21,9,22,18,7,8,6/E:(23,24)/CRV:25.6/rA:25CCCCCSOONCCCClCCCCNCCNNCCC/rB:s1;d2;s3;d4;s5;d6;d6;s6;s9;d10;s11;s12;d12;s14;s10d15;s16;s17;s18;d19;s20;s18d21;s5;s2d23;s24;/rC:;;;;;;;;;;;;;;;;;;;;;;;;;"""	P51679_WT	ChEMBL:CHEMBL2414	P51679	WT	CHEMBL2213077	PMID:23079519	2012.0	PMID:23079519	2012	0	0	0	1	0		=	  6.300	6.3	0.0	0.0	1.0	6.3	0.0	CCRs_HUMAN_annotated_00977	True
InChI=1S/C17H17ClN4O4S/c18-11-9-14(23)16-15(10-11)27(24,25)21-17(20-16)19-12-3-1-2-4-13(12)22-5-7-26-8-6-22/h1-4,9-10,23H,5-8H2,(H2,19,20,21)_on_P25025_WT	Low	ChEMBL31	ChEMBL31.compound.1044750	O=S1(=O)NC(Nc2ccccc2N2CCOCC2)=Nc2c1cc(Cl)cc2O	KDQXEGUZGISBSA-UHFFFAOYSA-N	InChI=1S/C17H17ClN4O4S/c18-11-9-14(23)16-15(10-11)27(24,25)21-17(20-16)19-12-3-1-2-4-13(12)22-5-7-26-8-6-22/h1-4,9-10,23H,5-8H2,(H2,19,20,21)	"""AuxInfo=1/1/N:9,10,8,11,14,18,15,17,25,22,23,7,12,26,21,20,5,24,6,19,4,13,27,1,3,16,2/E:(5,6)(7,8)(24,25)/CRV:27.6/rA:27OSONCNCCCCCCNCCOCCNCCCCClCCO/rB:d1;d2;s2;s4;s5;s6;d7;s8;d9;s10;s7d11;s12;s13;s14;s15;s16;s13s17;w?5;s19;s2d20;s21;d22;s23;s23;s20d25;s26;/rC:;;;;;;;;;;;;;;;;;;;;;;;;;;;"""	P25025_WT	ChEMBL:CHEMBL2434	P25025	WT	CHEMBL896516	PMID:17524641	2007.0	PMID:17524641	2007	1	0	0	0	0		<	  4.523	4.523	0.0	0.0	1.0	4.523	0.0	CCRs_HUMAN_annotated_00981	True
InChI=1S/C17H18ClN5O/c18-12-7-3-4-10(8-12)9-13-14(11-5-1-2-6-11)20-17-21-16(19)22-23(17)15(13)24/h3-4,7-8,11,24H,1-2,5-6,9H2,(H2,19,22)_on_P41597_WT	High	ChEMBL31	ChEMBL31.compound.403347	Nc1nn2c(O)c(Cc3cccc(Cl)c3)c(C3CCCC3)nc2n1	XDDILYQSMKZHEX-UHFFFAOYSA-N	InChI=1S/C17H18ClN5O/c18-12-7-3-4-10(8-12)9-13-14(11-5-1-2-6-11)20-17-21-16(19)22-23(17)15(13)24/h3-4,7-8,11,24H,1-2,5-6,9H2,(H2,19,22)	"""AuxInfo=1/1/N:19,20,11,10,18,21,12,15,8,9,17,13,7,16,5,2,23,14,1,22,24,3,4,6/E:(1,2)(5,6)/rA:24NCNNCOCCCCCCCClCCCCCCCNCN/rB:s1;d2;s3;s4;s5;d5;s7;s8;d9;s10;d11;s12;s13;s9d13;s7;s16;s17;s18;s19;s17s20;d16;s4s22;s2d23;/rC:;;;;;;;;;;;;;;;;;;;;;;;;"""	P41597_WT	ChEMBL:CHEMBL4015;ChEMBL:CHEMBL4015	P41597	WT	CHEMBL4324717	PMID:31742400	2019.0	PMID:31742400	2019	0	0	0	1	0		=	  8.810;  8.800	8.805	0.005	0.005	2.0	8.805	0.005	CCRs_HUMAN_annotated_01007	True
InChI=1S/C17H18ClN5O/c18-12-7-3-4-10(8-12)9-13-14(11-5-1-2-6-11)20-17-21-16(19)22-23(17)15(13)24/h3-4,7-8,11,24H,1-2,5-6,9H2,(H2,19,22)_on_P51681_WT	High	ChEMBL31	ChEMBL31.compound.403347	Nc1nn2c(O)c(Cc3cccc(Cl)c3)c(C3CCCC3)nc2n1	XDDILYQSMKZHEX-UHFFFAOYSA-N	InChI=1S/C17H18ClN5O/c18-12-7-3-4-10(8-12)9-13-14(11-5-1-2-6-11)20-17-21-16(19)22-23(17)15(13)24/h3-4,7-8,11,24H,1-2,5-6,9H2,(H2,19,22)	"""AuxInfo=1/1/N:19,20,11,10,18,21,12,15,8,9,17,13,7,16,5,2,23,14,1,22,24,3,4,6/E:(1,2)(5,6)/rA:24NCNNCOCCCCCCCClCCCCCCCNCN/rB:s1;d2;s3;s4;s5;d5;s7;s8;d9;s10;d11;s12;s13;s9d13;s7;s16;s17;s18;s19;s17s20;d16;s4s22;s2d23;/rC:;;;;;;;;;;;;;;;;;;;;;;;;"""	P51681_WT	ChEMBL:CHEMBL274	P51681	WT	CHEMBL4324720	PMID:31742400	2019.0	PMID:31742400	2019	1	0	0	0	0		=	  6.430	6.43	0.0	0.0	1.0	6.43	0.0	CCRs_HUMAN_annotated_01008	True
InChI=1S/C17H19Cl2N5O3S/c1-23(2)17(25)15(5-7-24-6-3-4-11(24)10-20)22-28(26,27)12-8-13(18)16(21)14(19)9-12/h3-4,6,8-9,15,22H,5,7,21H2,1-2H3_on_P46092_WT	Low	ChEMBL31	ChEMBL31.compound.1073394	CN(C)C(=O)C(CCn1cccc1C#N)NS(=O)(=O)c1cc(Cl)c(N)c(Cl)c1	MDDOBWSLPUGYEP-UHFFFAOYSA-N	InChI=1S/C17H19Cl2N5O3S/c1-23(2)17(25)15(5-7-24-6-3-4-11(24)10-20)22-28(26,27)12-8-13(18)16(21)14(19)9-12/h3-4,6,8-9,15,22H,5,7,21H2,1-2H3	"""AuxInfo=1/0/N:1,3,11,12,7,10,8,21,28,14,13,20,22,26,6,24,4,23,27,15,25,16,2,9,5,18,19,17/E:(1,2)(8,9)(13,14)(18,19)(26,27)/CRV:28.6/rA:28CNCCOCCCNCCCCCNNSOOCCCClCNCClC/rB:s1;s2;s2;d4;s4;s6;s7;s8;s9;d10;s11;s9d12;s13;t14;s6;s16;d17;d17;s17;d20;s21;s22;d22;s24;s24;s26;s20d26;/rC:;;;;;;;;;;;;;;;;;;;;;;;;;;;;"""	P46092_WT	ChEMBL:CHEMBL2321628	P46092	WT	CHEMBL3863299	PMID:27692854	2016.0	PMID:27692854	2016	1	0	0	0	0		<	  5.000	5.0	0.0	0.0	1.0	5.0	0.0	CCRs_HUMAN_annotated_01022	True
InChI=1S/C17H20ClN5O/c1-2-3-4-8-14-13(10-11-6-5-7-12(18)9-11)15(24)23-17(20-14)21-16(19)22-23/h5-7,9,24H,2-4,8,10H2,1H3,(H2,19,22)_on_P41597_WT	High	ChEMBL31	ChEMBL31.compound.403346	CCCCCc1nc2nc(N)nn2c(O)c1Cc1cccc(Cl)c1	VKJKLNRUHURGJH-UHFFFAOYSA-N	InChI=1S/C17H20ClN5O/c1-2-3-4-8-14-13(10-11-6-5-7-12(18)9-11)15(24)23-17(20-14)21-16(19)22-23/h5-7,9,24H,2-4,8,10H2,1H3,(H2,19,22)	"""AuxInfo=1/1/N:1,2,3,4,20,19,21,5,24,17,18,22,16,6,14,10,8,23,11,7,9,12,13,15/rA:24CCCCCCNCNCNNNCOCCCCCCCClC/rB:s1;s2;s3;s4;s5;d6;s7;d8;s9;s10;d10;s8s12;s13;s14;s6d14;s16;s17;d18;s19;d20;s21;s22;s18d22;/rC:;;;;;;;;;;;;;;;;;;;;;;;;"""	P41597_WT	ChEMBL:CHEMBL4015;ChEMBL:CHEMBL4015	P41597	WT	CHEMBL4324717	PMID:31742400	2019.0	PMID:31742400	2019	0	0	0	1	0		=	  8.140;  8.140	8.14	0.0	0.0	2.0	8.14	0.0	CCRs_HUMAN_annotated_01035	True
InChI=1S/C17H21Cl2N7O3S/c1-25(2)9-8-20-17-21-14(12-15(22-17)26(3)23-16(12)29-4)24-30(27,28)11-7-5-6-10(18)13(11)19/h5-7H,8-9H2,1-4H3,(H2,20,21,22,24)_on_P51679_WT	Low	ChEMBL31	ChEMBL31.compound.1086963	COc1nn(C)c2c1c(NS(=O)(=O)c1cccc(Cl)c1Cl)nc(NCCN(C)C)n2	OLBAITLRFCBYBQ-UHFFFAOYSA-N	InChI=1S/C17H21Cl2N7O3S/c1-25(2)9-8-20-17-21-14(12-15(22-17)26(3)23-16(12)29-4)24-30(27,28)11-7-5-6-10(18)13(11)19/h5-7H,8-9H2,1-4H3,(H2,20,21,22,24)	"""AuxInfo=1/1/N:28,29,6,1,16,17,15,25,26,18,14,8,20,9,7,3,23,19,21,24,22,30,4,10,27,5,12,13,2,11/E:(1,2)(27,28)/CRV:30.6/rA:30COCNNCCCCNSOOCCCCCClCClNCNCCNCCN/rB:s1;s2;d3;s4;s5;s5;s3d7;s8;s9;s10;d11;d11;s11;d14;s15;d16;s17;s18;s14d18;s20;d9;s22;s23;s24;s25;s26;s27;s27;s7d23;/rC:;;;;;;;;;;;;;;;;;;;;;;;;;;;;;;"""	P51679_WT	ChEMBL:CHEMBL2414	P51679	WT	CHEMBL4045586	PMID:28801066	2017.0	PMID:28801066	2017	1	0	0	0	0		<	  4.500	4.5	0.0	0.0	1.0	4.5	0.0	CCRs_HUMAN_annotated_01046	True
InChI=1S/C18H10Cl3FN2O5S/c19-9-6-14(24-30(27,28)10-4-5-11(20)12(21)7-10)17(23-8-9)29-15-3-1-2-13(22)16(15)18(25)26/h1-8,24H,(H,25,26)_on_P41597_WT	High	ChEMBL31	ChEMBL31.compound.141754	O=C(O)c1c(F)cccc1Oc1ncc(Cl)cc1NS(=O)(=O)c1ccc(Cl)c(Cl)c1	MNLVCOBPDKQJKG-UHFFFAOYSA-N	InChI=1S/C18H10Cl3FN2O5S/c19-9-6-14(24-30(27,28)10-4-5-11(20)12(21)7-10)17(23-8-9)29-15-3-1-2-13(22)16(15)18(25)26/h1-8,24H,(H,25,26)	"""AuxInfo=1/1/N:8,7,9,24,25,17,30,14,15,23,26,28,5,18,10,4,12,2,16,27,29,6,13,19,1,3,21,22,11,20/E:(25,26)(27,28)/CRV:30.6/rA:30OCOCCFCCCCOCNCCClCCNSOOCCCCClCClC/rB:d1;s2;s2;d4;s5;s5;d7;s8;s4d9;s10;s11;d12;s13;d14;s15;s15;s12d17;s18;s19;d20;d20;s20;d23;s24;d25;s26;s26;s28;s23d28;/rC:;;;;;;;;;;;;;;;;;;;;;;;;;;;;;;"""	P41597_WT	ChEMBL:CHEMBL4015	P41597	WT	CHEMBL1174375	PMID:20627722	2010.0	PMID:20627722	2010	0	0	0	1	0		=	  8.700	8.7	0.0	0.0	1.0	8.7	0.0	CCRs_HUMAN_annotated_01114	True
InChI=1S/C18H11Cl3N2O5S/c19-10-7-15(23-29(26,27)11-5-6-13(20)14(21)8-11)17(22-9-10)28-16-4-2-1-3-12(16)18(24)25/h1-9,23H,(H,24,25)_on_P41597_WT	High	ChEMBL31	ChEMBL31.compound.141755	O=C(O)c1ccccc1Oc1ncc(Cl)cc1NS(=O)(=O)c1ccc(Cl)c(Cl)c1	GQLXQNMFKWOOSD-UHFFFAOYSA-N	InChI=1S/C18H11Cl3N2O5S/c19-10-7-15(23-29(26,27)11-5-6-13(20)14(21)8-11)17(22-9-10)28-16-4-2-1-3-12(16)18(24)25/h1-9,23H,(H,24,25)	"""AuxInfo=1/1/N:6,7,5,8,23,24,16,29,13,14,22,4,25,27,17,9,11,2,15,26,28,12,18,1,3,20,21,10,19/E:(24,25)(26,27)/CRV:29.6/rA:29OCOCCCCCCOCNCCClCCNSOOCCCCClCClC/rB:d1;s2;s2;d4;s5;d6;s7;s4d8;s9;s10;d11;s12;d13;s14;s14;s11d16;s17;s18;d19;d19;s19;d22;s23;d24;s25;s25;s27;s22d27;/rC:;;;;;;;;;;;;;;;;;;;;;;;;;;;;;"""	P41597_WT	ChEMBL:CHEMBL4015	P41597	WT	CHEMBL1174375	PMID:20627722	2010.0	PMID:20627722	2010	0	0	0	1	0		=	  8.900	8.9	0.0	0.0	1.0	8.9	0.0	CCRs_HUMAN_annotated_01117	True
InChI=1S/C18H11Cl3N2O5S/c19-10-7-15(23-29(26,27)11-5-6-13(20)14(21)8-11)17(22-9-10)28-16-4-2-1-3-12(16)18(24)25/h1-9,23H,(H,24,25)_on_P51679_WT	Medium	ChEMBL31	ChEMBL31.compound.141755	O=C(O)c1ccccc1Oc1ncc(Cl)cc1NS(=O)(=O)c1ccc(Cl)c(Cl)c1	GQLXQNMFKWOOSD-UHFFFAOYSA-N	InChI=1S/C18H11Cl3N2O5S/c19-10-7-15(23-29(26,27)11-5-6-13(20)14(21)8-11)17(22-9-10)28-16-4-2-1-3-12(16)18(24)25/h1-9,23H,(H,24,25)	"""AuxInfo=1/1/N:6,7,5,8,23,24,16,29,13,14,22,4,25,27,17,9,11,2,15,26,28,12,18,1,3,20,21,10,19/E:(24,25)(26,27)/CRV:29.6/rA:29OCOCCCCCCOCNCCClCCNSOOCCCCClCClC/rB:d1;s2;s2;d4;s5;d6;s7;s4d8;s9;s10;d11;s12;d13;s14;s14;s11d16;s17;s18;d19;d19;s19;d22;s23;d24;s25;s25;s27;s22d27;/rC:;;;;;;;;;;;;;;;;;;;;;;;;;;;;;"""	P51679_WT	ChEMBL:CHEMBL2414	P51679	WT	CHEMBL1174525	PMID:20627722	2010.0	PMID:20627722	2010	0	0	0	1	0		=	  6.100	6.1	0.0	0.0	1.0	6.1	0.0	CCRs_HUMAN_annotated_01118	True
InChI=1S/C18H11Cl3N2O5S/c19-10-7-15(23-29(26,27)11-5-6-13(20)14(21)8-11)17(22-9-10)28-16-4-2-1-3-12(16)18(24)25/h1-9,23H,(H,24,25)_on_P51681_WT	Medium	ChEMBL31	ChEMBL31.compound.141755	O=C(O)c1ccccc1Oc1ncc(Cl)cc1NS(=O)(=O)c1ccc(Cl)c(Cl)c1	GQLXQNMFKWOOSD-UHFFFAOYSA-N	InChI=1S/C18H11Cl3N2O5S/c19-10-7-15(23-29(26,27)11-5-6-13(20)14(21)8-11)17(22-9-10)28-16-4-2-1-3-12(16)18(24)25/h1-9,23H,(H,24,25)	"""AuxInfo=1/1/N:6,7,5,8,23,24,16,29,13,14,22,4,25,27,17,9,11,2,15,26,28,12,18,1,3,20,21,10,19/E:(24,25)(26,27)/CRV:29.6/rA:29OCOCCCCCCOCNCCClCCNSOOCCCCClCClC/rB:d1;s2;s2;d4;s5;d6;s7;s4d8;s9;s10;d11;s12;d13;s14;s14;s11d16;s17;s18;d19;d19;s19;d22;s23;d24;s25;s25;s27;s22d27;/rC:;;;;;;;;;;;;;;;;;;;;;;;;;;;;;"""	P51681_WT	ChEMBL:CHEMBL274	P51681	WT	CHEMBL1174526	PMID:20627722	2010.0	PMID:20627722	2010	1	0	0	0	0		=	  6.600	6.6	0.0	0.0	1.0	6.6	0.0	CCRs_HUMAN_annotated_01119	True
InChI=1S/C18H11Cl3N2O5S/c19-11-7-16(23-29(26,27)13-4-5-14(20)15(21)8-13)17(22-9-11)28-12-3-1-2-10(6-12)18(24)25/h1-9,23H,(H,24,25)_on_P41597_WT	High	ExCAPE-DB;ChEMBL31	49798435;ChEMBL31.compound.141753	O=C(O)c1cc(Oc2ncc(Cl)cc2NS(=O)(=O)c2cc(Cl)c(Cl)cc2)ccc1	IMUSQOMYWQPLSQ-UHFFFAOYSA-N	InChI=1S/C18H11Cl3N2O5S/c19-11-7-16(23-29(26,27)13-4-5-14(20)15(21)8-13)17(22-9-11)28-12-3-1-2-10(6-12)18(24)25/h1-9,23H,(H,24,25)	"""AuxInfo=1/1/N:28,29,27,26,25,5,13,20,10,4,11,6,19,23,21,14,8,2,12,24,22,9,15,1,3,17,18,7,16/E:(24,25)(26,27)/CRV:29.6/rA:29OCOCCCOCNCCClCCNSOOCCCClCClCCCCC/rB:d1;s2;s2;d4;s5;s6;s7;d8;s9;d10;s11;s11;s8d13;s14;s15;d16;d16;s16;d19;s20;s21;d21;s23;s23;s19d25;d6;s27;s4d28;/rC:;;;;;;;;;;;;;;;;;;;;;;;;;;;;;"""	P41597_WT	EntrezID:729230;ChEMBL:CHEMBL4015	P41597	WT	PubChemAID:489703;CHEMBL1174375	PMID:20627722	2010.0	PubChemAID:489703;PMID:20627722	2010	0	0	0	0;1	1;0		=	  8.801;  8.800	8.8	0.0	0.0	2.0	8.8	0.0	CCRs_HUMAN_annotated_01120	True
InChI=1S/C18H11Cl3N2O5S/c19-11-7-16(23-29(26,27)13-5-6-14(20)15(21)8-13)17(22-9-11)28-12-3-1-10(2-4-12)18(24)25/h1-9,23H,(H,24,25)_on_P41597_WT	High	ExCAPE-DB;ChEMBL31	49798436;ChEMBL31.compound.141752	O=C(O)c1ccc(Oc2ncc(Cl)cc2NS(=O)(=O)c2cc(Cl)c(Cl)cc2)cc1	MLYSUAYMCWSVRI-UHFFFAOYSA-N	InChI=1S/C18H11Cl3N2O5S/c19-11-7-16(23-29(26,27)13-5-6-14(20)15(21)8-13)17(22-9-11)28-12-3-1-10(2-4-12)18(24)25/h1-9,23H,(H,24,25)	"""AuxInfo=1/1/N:5,29,6,28,27,26,14,21,11,4,12,7,20,24,22,15,9,2,13,25,23,10,16,1,3,18,19,8,17/E:(1,2)(3,4)(24,25)(26,27)/CRV:29.6/rA:29OCOCCCCOCNCCClCCNSOOCCCClCClCCCC/rB:d1;s2;s2;d4;s5;d6;s7;s8;d9;s10;d11;s12;s12;s9d14;s15;s16;d17;d17;s17;d20;s21;s22;d22;s24;s24;s20d26;s7;s4d28;/rC:;;;;;;;;;;;;;;;;;;;;;;;;;;;;;"""	P41597_WT	EntrezID:729230;ChEMBL:CHEMBL4015	P41597	WT	PubChemAID:489703;CHEMBL1174375	PMID:20627722	2010.0	PubChemAID:489703;PMID:20627722	2010	0	0	0	0;1	1;0		=	  8.500;  8.500	8.5	0.0	0.0	2.0	8.5	0.0	CCRs_HUMAN_annotated_01121	True
InChI=1S/C18H12Br2FNO3/c1-9(23)15-16(10-3-2-4-11(19)7-10)22(18(25)17(15)24)14-6-5-12(20)8-13(14)21/h2-8,16,24H,1H3_on_P32246_WT	High	ChEMBL31	ChEMBL31.compound.414386	CC(=O)C1=C(O)C(=O)N(c2ccc(Br)cc2F)C1c1cc(Br)ccc1	GCFPGFUOEIYTMZ-UHFFFAOYSA-N	InChI=1S/C18H12Br2FNO3/c1-9(23)15-16(10-3-2-4-11(19)7-10)22(18(25)17(15)24)14-6-5-12(20)8-13(14)21/h2-8,16,24H,1H3	"""AuxInfo=1/0/N:1,24,25,23,12,11,20,15,2,19,21,13,16,10,4,18,5,7,22,14,17,9,3,6,8/rA:25CCOCCOCONCCCCBrCCFCCCCBrCCC/rB:s1;d2;s2;w?4;s5;s5;d7;s7;s9;d10;s11;d12;s13;s13;s10d15;s16;s4s9;s18;d19;s20;s21;d21;s23;s19d24;/rC:;;;;;;;;;;;;;;;;;;;;;;;;;"""	P32246_WT	ChEMBL:CHEMBL2413;ChEMBL:CHEMBL2413	P32246	WT	CHEMBL4371695	PMID:30256641	2018.0	PMID:30256641	2018	0	0	0	1	0		=	  7.190;  7.190	7.19	0.0	0.0	2.0	7.19	0.0	CCRs_HUMAN_annotated_01125	True
InChI=1S/C18H12Br2FNO3/c1-9(23)15-16(10-3-2-4-11(19)7-10)22(18(25)17(15)24)14-6-5-12(20)8-13(14)21/h2-8,16,24H,1H3_on_P41597_WT	High	ChEMBL31	ChEMBL31.compound.414386	CC(=O)C1=C(O)C(=O)N(c2ccc(Br)cc2F)C1c1cc(Br)ccc1	GCFPGFUOEIYTMZ-UHFFFAOYSA-N	InChI=1S/C18H12Br2FNO3/c1-9(23)15-16(10-3-2-4-11(19)7-10)22(18(25)17(15)24)14-6-5-12(20)8-13(14)21/h2-8,16,24H,1H3	"""AuxInfo=1/0/N:1,24,25,23,12,11,20,15,2,19,21,13,16,10,4,18,5,7,22,14,17,9,3,6,8/rA:25CCOCCOCONCCCCBrCCFCCCCBrCCC/rB:s1;d2;s2;w?4;s5;s5;d7;s7;s9;d10;s11;d12;s13;s13;s10d15;s16;s4s9;s18;d19;s20;s21;d21;s23;s19d24;/rC:;;;;;;;;;;;;;;;;;;;;;;;;;"""	P41597_WT	ChEMBL:CHEMBL4015;ChEMBL:CHEMBL4015	P41597	WT	CHEMBL4371696	PMID:30256641	2018.0	PMID:30256641	2018	0	0	0	1	0		=	  6.670;  6.670	6.67	0.0	0.0	2.0	6.67	0.0	CCRs_HUMAN_annotated_01126	True
InChI=1S/C18H12BrClN2O3S/c19-13-1-4-15(5-2-13)26(24,25)22-17-6-3-14(20)11-16(17)18(23)12-7-9-21-10-8-12/h1-11,22H_on_P51686_WT	High	ChEMBL31	ChEMBL31.compound.285499	O=C(c1ccncc1)c1cc(Cl)ccc1NS(=O)(=O)c1ccc(Br)cc1	NEMWBDKWYAQBHE-UHFFFAOYSA-N	InChI=1S/C18H12BrClN2O3S/c19-13-1-4-15(5-2-13)26(24,25)22-17-6-3-14(20)11-16(17)18(23)12-7-9-21-10-8-12/h1-11,22H	"""AuxInfo=1/0/N:22,25,13,21,26,14,4,8,5,7,10,3,23,11,20,9,15,2,24,12,6,16,1,18,19,17/E:(1,2)(4,5)(7,8)(9,10)(24,25)/CRV:26.6/rA:26OCCCCNCCCCCClCCCNSOOCCCCBrCC/rB:d1;s2;d3;s4;d5;s6;s3d7;s2;d9;s10;s11;d11;s13;s9d14;s15;s16;d17;d17;s17;d20;s21;d22;s23;s23;s20d25;/rC:;;;;;;;;;;;;;;;;;;;;;;;;;;"""	P51686_WT	ChEMBL:CHEMBL5815;ChEMBL:CHEMBL5815	P51686	WT	CHEMBL3721196;CHEMBL3721199	PATENT:US7420055B2	2008.0	PATENT:US7582661B2	2009	1	0	0	0	0		=	  7.000;  7.000	7.0	0.0	0.0	2.0	7.0	0.0	CCRs_HUMAN_annotated_01127	True
InChI=1S/C18H12Cl2N2O3S/c19-13-3-6-15(7-4-13)26(24,25)22-17-8-5-14(20)10-16(17)18(23)12-2-1-9-21-11-12/h1-11,22H_on_P51686_WT	High	ChEMBL31	ChEMBL31.compound.285479	O=C(c1cnccc1)c1cc(Cl)ccc1NS(=O)(=O)c1ccc(Cl)cc1	CGOVSCBPOQOMIP-UHFFFAOYSA-N	InChI=1S/C18H12Cl2N2O3S/c19-13-3-6-15(7-4-13)26(24,25)22-17-8-5-14(20)10-16(17)18(23)12-2-1-9-21-11-12/h1-11,22H	"""AuxInfo=1/0/N:7,8,22,25,13,21,26,14,6,10,4,3,23,11,20,9,15,2,24,12,5,16,1,18,19,17/E:(3,4)(6,7)(24,25)/CRV:26.6/rA:26OCCCNCCCCCCClCCCNSOOCCCCClCC/rB:d1;s2;d3;s4;d5;s6;s3d7;s2;d9;s10;s11;d11;s13;s9d14;s15;s16;d17;d17;s17;d20;s21;d22;s23;s23;s20d25;/rC:;;;;;;;;;;;;;;;;;;;;;;;;;;"""	P51686_WT	ChEMBL:CHEMBL5815;ChEMBL:CHEMBL5815	P51686	WT	CHEMBL3721199;CHEMBL3721196	PATENT:US7582661B2	2009.0	PATENT:US7582661B2	2009	1	0	0	0	0		=	  6.000;  6.000	6.0	0.0	0.0	2.0	6.0	0.0	CCRs_HUMAN_annotated_01129	True
InChI=1S/C18H12Cl2N2O5S/c19-13-6-5-11(9-14(13)20)28(25,26)22-15-7-8-21-10-17(15)27-16-4-2-1-3-12(16)18(23)24/h1-10H,(H,21,22)(H,23,24)_on_P41597_WT	High	ChEMBL31	ChEMBL31.compound.141757	O=C(O)c1c(Oc2cnccc2NS(=O)(=O)c2ccc(Cl)c(Cl)c2)cccc1	CEGJWTUOZKZMBT-UHFFFAOYSA-N	InChI=1S/C18H12Cl2N2O5S/c19-13-6-5-11(9-14(13)20)28(25,26)22-15-7-8-21-10-17(15)27-16-4-2-1-3-12(16)18(23)24/h1-10H,(H,21,22)(H,23,24)	"""AuxInfo=1/1/N:27,26,28,25,18,19,11,10,24,8,17,4,20,22,12,5,7,2,21,23,9,13,1,3,15,16,6,14/E:(23,24)(25,26)/CRV:28.6/rA:28OCOCCOCCNCCCNSOOCCCCClCClCCCCC/rB:d1;s2;s2;d4;s5;s6;d7;s8;d9;s10;s7d11;s12;s13;d14;d14;s14;d17;s18;d19;s20;s20;s22;s17d22;s5;d25;s26;s4d27;/rC:;;;;;;;;;;;;;;;;;;;;;;;;;;;;"""	P41597_WT	ChEMBL:CHEMBL4015	P41597	WT	CHEMBL1174375	PMID:20627722	2010.0	PMID:20627722	2010	0	0	0	1	0		=	  7.300	7.3	0.0	0.0	1.0	7.3	0.0	CCRs_HUMAN_annotated_01130	True
InChI=1S/C18H12Cl2N2O5S/c19-13-8-7-11(10-14(13)20)28(25,26)22-15-5-3-9-21-17(15)27-16-6-2-1-4-12(16)18(23)24/h1-10,22H,(H,23,24)_on_P41597_WT	High	ChEMBL31;ExCAPE-DB	ChEMBL31.compound.141756;49798399	O=C(O)c1c(Oc2ncccc2NS(=O)(=O)c2ccc(Cl)c(Cl)c2)cccc1	DQXWKJJFDWTHFG-UHFFFAOYSA-N	InChI=1S/C18H12Cl2N2O5S/c19-13-8-7-11(10-14(13)20)28(25,26)22-15-5-3-9-21-17(15)27-16-6-2-1-4-12(16)18(23)24/h1-10,22H,(H,23,24)	"""AuxInfo=1/1/N:27,26,10,28,11,25,18,19,9,24,17,4,20,22,12,5,7,2,21,23,8,13,1,3,15,16,6,14/E:(23,24)(25,26)/CRV:28.6/rA:28OCOCCOCNCCCCNSOOCCCCClCClCCCCC/rB:d1;s2;s2;d4;s5;s6;d7;s8;d9;s10;s7d11;s12;s13;d14;d14;s14;d17;s18;d19;s20;s20;s22;s17d22;s5;d25;s26;s4d27;/rC:;;;;;;;;;;;;;;;;;;;;;;;;;;;;"""	P41597_WT	ChEMBL:CHEMBL4015;EntrezID:729230	P41597	WT	CHEMBL1174375;PubChemAID:489703	PMID:20627722	2010.0	PMID:20627722;PubChemAID:489703	2010	0	0	0	1;0	0;1		=	  7.500;  7.500	7.5	0.0	0.0	2.0	7.5	0.0	CCRs_HUMAN_annotated_01131	True
InChI=1S/C18H12Cl2N4O3S/c1-11-17(3-2-6-22-11)27-18-16(7-12(9-21)10-23-18)24-28(25,26)13-4-5-14(19)15(20)8-13/h2-8,10,24H,1H3_on_P41597_WT	High	ChEMBL31	ChEMBL31.compound.141745	Cc1ncccc1Oc1ncc(C#N)cc1NS(=O)(=O)c1ccc(Cl)c(Cl)c1	LJXSBDUQEOKBGQ-UHFFFAOYSA-N	InChI=1S/C18H12Cl2N4O3S/c1-11-17(3-2-6-22-11)27-18-16(7-12(9-21)10-23-18)24-28(25,26)13-4-5-14(19)15(20)8-13/h2-8,10,24H,1H3	"""AuxInfo=1/0/N:1,5,6,22,23,4,15,28,13,11,2,12,21,24,26,16,7,9,25,27,14,3,10,17,19,20,8,18/E:(25,26)/CRV:28.6/rA:28CCNCCCCOCNCCCNCCNSOOCCCCClCClC/rB:s1;d2;s3;d4;s5;s2d6;s7;s8;d9;s10;d11;s12;t13;s12;s9d15;s16;s17;d18;d18;s18;d21;s22;d23;s24;s24;s26;s21d26;/rC:;;;;;;;;;;;;;;;;;;;;;;;;;;;;"""	P41597_WT	ChEMBL:CHEMBL4015	P41597	WT	CHEMBL1174375	PMID:20627722	2010.0	PMID:20627722	2010	0	0	0	1	0		=	  7.300	7.3	0.0	0.0	1.0	7.3	0.0	CCRs_HUMAN_annotated_01132	True
InChI=1S/C18H12ClIN2O3S/c19-13-1-6-17(16(11-13)18(23)12-7-9-21-10-8-12)22-26(24,25)15-4-2-14(20)3-5-15/h1-11,22H_on_P51686_WT	Low	ChEMBL31	ChEMBL31.compound.1070756	O=C(c1ccncc1)c1cc(Cl)ccc1NS(=O)(=O)c1ccc(I)cc1	ABLZKGQSKGXCMY-UHFFFAOYSA-N	InChI=1S/C18H12ClIN2O3S/c19-13-1-6-17(16(11-13)18(23)12-7-9-21-10-8-12)22-26(24,25)15-4-2-14(20)3-5-15/h1-11,22H	"""AuxInfo=1/0/N:13,22,25,21,26,14,4,8,5,7,10,3,11,23,20,9,15,2,12,24,6,16,1,18,19,17/E:(2,3)(4,5)(7,8)(9,10)(24,25)/CRV:26.6/rA:26OCCCCNCCCCCClCCCNSOOCCCCICC/rB:d1;s2;d3;s4;d5;s6;s3d7;s2;d9;s10;s11;d11;s13;s9d14;s15;s16;d17;d17;s17;d20;s21;d22;s23;s23;s20d25;/rC:;;;;;;;;;;;;;;;;;;;;;;;;;;"""	P51686_WT	ChEMBL:CHEMBL5815;ChEMBL:CHEMBL5815	P51686	WT	CHEMBL3721193;CHEMBL3721192	PATENT:US7420055B2	2008.0	PATENT:US7420055B2	2008	1	0	0	0	0		>	  6.000;  6.000	6.0	0.0	0.0	2.0	6.0	0.0	CCRs_HUMAN_annotated_01133	True
InChI=1S/C18H12ClN3O5S/c19-13-1-6-17(16(11-13)18(23)12-7-9-20-10-8-12)21-28(26,27)15-4-2-14(3-5-15)22(24)25/h1-11,21H_on_P51686_WT	Low	ChEMBL31	ChEMBL31.compound.1070971	O=C(c1ccncc1)c1cc(Cl)ccc1NS(=O)(=O)c1ccc([N+](=O)[O-])cc1	RJEZPCQRPMONLN-UHFFFAOYSA-N	InChI=1S/C18H12ClN3O5S/c19-13-1-6-17(16(11-13)18(23)12-7-9-20-10-8-12)21-28(26,27)15-4-2-14(3-5-15)22(24)25/h1-11,21H	"""AuxInfo=1/0/N:13,22,27,21,28,14,4,8,5,7,10,3,11,23,20,9,15,2,12,6,16,24,1,25,26,18,19,17/E:(2,3)(4,5)(7,8)(9,10)(24,25)(26,27)/CRV:22.5,28.6/rA:28OCCCCNCCCCCClCCCNSOOCCCCN+OO-CC/rB:d1;s2;d3;s4;d5;s6;s3d7;s2;d9;s10;s11;d11;s13;s9d14;s15;s16;d17;d17;s17;d20;s21;d22;s23;d24;s24;s23;s20d27;/rC:;;;;;;;;;;;;;;;;;;;;;;;;;;;;"""	P51686_WT	ChEMBL:CHEMBL5815;ChEMBL:CHEMBL5815	P51686	WT	CHEMBL3721199;CHEMBL3721196	PATENT:US7582661B2	2009.0	PATENT:US7582661B2	2009	1	0	0	0	0		>	  7.000;  7.000	7.0	0.0	0.0	2.0	7.0	0.0	CCRs_HUMAN_annotated_01134	True
InChI=1S/C18H12F2N4OS/c19-13-7-4-8-14(16(13)20)26-10-12-9-15(25)24-18(21-12)22-17(23-24)11-5-2-1-3-6-11/h1-9,25H,10H2_on_P25025_WT	High	ChEMBL31;ExCAPE-DB	ChEMBL31.compound.227166;24958935	Oc1cc(CSc2cccc(F)c2F)nc2nc(-c3ccccc3)nn12	AZASSWZLXLRRRN-UHFFFAOYSA-N	InChI=1S/C18H12F2N4OS/c19-13-7-4-8-14(16(13)20)26-10-12-9-15(25)24-18(21-12)22-17(23-24)11-5-2-1-3-6-11/h1-9,25H,10H2	"""AuxInfo=1/0/N:22,21,23,9,20,24,10,8,3,5,19,4,11,7,2,13,18,16,12,14,15,17,25,26,1,6/E:(2,3)(5,6)/rA:26OCCCCSCCCCCFCFNCNCCCCCCCNN/rB:s1;d2;s3;s4;s5;s6;d7;s8;d9;s10;s11;s7d11;s13;d4;s15;d16;s17;s18;d19;s20;d21;s22;s19d23;d18;s2s16s25;/rC:;;;;;;;;;;;;;;;;;;;;;;;;;;"""	P25025_WT	ChEMBL:CHEMBL2434;EntrezID:3579	P25025	WT	CHEMBL3107238;PubChemAID:1063165	PMID:24332493	2014.0	PMID:24332493;PubChemAID:1063165	2014	1;0	0	0	0	0;1		=	  6.070;  6.071	6.071	0.0	0.0	2.0	6.071	0.0	CCRs_HUMAN_annotated_01136	True
InChI=1S/C18H14Cl3N3O4S/c19-13-6-3-7-14(16(13)21)29(26,27)24-17-18(23-15(20)8-22-17)28-10-12-5-2-1-4-11(12)9-25/h1-8,25H,9-10H2,(H,22,24)_on_P51679_WT	High	ChEMBL31	ChEMBL31.compound.376612	O=S(=O)(Nc1ncc(Cl)nc1OCc1ccccc1CO)c1cccc(Cl)c1Cl	FCFRYASNYWLYEG-UHFFFAOYSA-N	InChI=1S/C18H14Cl3N3O4S/c19-13-6-3-7-14(16(13)21)29(26,27)24-17-18(23-15(20)8-22-17)28-10-12-5-2-1-4-11(12)9-25/h1-8,25H,9-10H2,(H,22,24)	"""AuxInfo=1/1/N:17,16,24,18,15,25,23,7,20,13,19,14,26,22,8,28,5,11,27,9,29,6,10,4,21,1,3,12,2/E:(26,27)/CRV:29.6/rA:29OSONCNCCClNCOCCCCCCCCOCCCCCClCCl/rB:d1;d2;s2;s4;d5;s6;d7;s8;s8;s5d10;s11;s12;s13;d14;s15;d16;s17;s14d18;s19;s20;s2;d22;s23;d24;s25;s26;s22d26;s28;/rC:;;;;;;;;;;;;;;;;;;;;;;;;;;;;;"""	P51679_WT	ChEMBL:CHEMBL2414	P51679	WT	CHEMBL4134307	PMID:28947948	2017.0	PMID:28947948	2017	1	0	0	0	0		=	  9.500	9.5	0.0	0.0	1.0	9.5	0.0	CCRs_HUMAN_annotated_01156	True
InChI=1S/C18H14ClN5O/c19-13-8-4-5-11(9-13)10-14-15(12-6-2-1-3-7-12)21-18-22-17(20)23-24(18)16(14)25/h1-9,25H,10H2,(H2,20,23)_on_P41597_WT	High	ChEMBL31	ChEMBL31.compound.403350	Nc1nn2c(O)c(Cc3cccc(Cl)c3)c(-c3ccccc3)nc2n1	NHDGFSITETVXKV-UHFFFAOYSA-N	InChI=1S/C18H14ClN5O/c19-13-8-4-5-11(9-13)10-14-15(12-6-2-1-3-7-12)21-18-22-17(20)23-24(18)16(14)25/h1-9,25H,10H2,(H2,20,23)	"""AuxInfo=1/1/N:20,19,21,11,10,18,22,12,15,8,9,17,13,7,16,5,2,24,14,1,23,25,3,4,6/E:(2,3)(6,7)/rA:25NCNNCOCCCCCCCClCCCCCCCCNCN/rB:s1;d2;s3;s4;s5;d5;s7;s8;d9;s10;d11;s12;s13;s9d13;s7;s16;d17;s18;d19;s20;s17d21;d16;s4s23;s2d24;/rC:;;;;;;;;;;;;;;;;;;;;;;;;;"""	P41597_WT	ChEMBL:CHEMBL4015;ChEMBL:CHEMBL4015	P41597	WT	CHEMBL4324717	PMID:31742400	2019.0	PMID:31742400	2019	0	0	0	1	0		=	  7.570;  7.640	7.605	0.035	0.035	2.0	7.605	0.035	CCRs_HUMAN_annotated_01163	True
InChI=1S/C18H16ClN3O4S/c1-22-10-9-20-18(22)17(23)15-11-12(19)3-8-16(15)21-27(24,25)14-6-4-13(26-2)5-7-14/h3-11,21H,1-2H3_on_P51686_WT	High	ChEMBL31	ChEMBL31.compound.285478	COc1ccc(S(=O)(=O)Nc2ccc(Cl)cc2C(=O)c2nccn2C)cc1	IPNLJPFWZVTWJC-UHFFFAOYSA-N	InChI=1S/C18H16ClN3O4S/c1-22-10-9-20-18(22)17(23)15-11-12(19)3-8-16(15)21-27(24,25)14-6-4-13(26-2)5-7-14/h3-11,21H,1-2H3	"""AuxInfo=1/0/N:25,1,13,4,27,5,26,12,22,23,16,14,3,6,17,11,18,20,15,21,10,24,19,8,9,2,7/E:(4,5)(6,7)(24,25)/CRV:27.6/rA:27COCCCCSOONCCCCClCCCOCNCCNCCC/rB:s1;s2;d3;s4;d5;s6;d7;d7;s7;s10;d11;s12;d13;s14;s14;s11d16;s17;d18;s18;d20;s21;d22;s20s23;s24;s6;s3d26;/rC:;;;;;;;;;;;;;;;;;;;;;;;;;;;"""	P51686_WT	ChEMBL:CHEMBL5815;ChEMBL:CHEMBL5815	P51686	WT	CHEMBL3721196;CHEMBL3721199	PATENT:US7420055B2	2008.0	PATENT:US7582661B2	2009	1	0	0	0	0		=	  6.000;  6.000	6.0	0.0	0.0	2.0	6.0	0.0	CCRs_HUMAN_annotated_01202	True
InChI=1S/C18H18F2N4OS/c19-13-7-4-8-14(16(13)20)26-10-12-9-15(25)24-18(21-12)22-17(23-24)11-5-2-1-3-6-11/h4,7-9,11,25H,1-3,5-6,10H2_on_P25025_WT	High	ChEMBL31;ExCAPE-DB	ChEMBL31.compound.227167;24958936	Oc1cc(CSc2cccc(F)c2F)nc2nc(C3CCCCC3)nn12	NUKYCYVVSZBVHX-UHFFFAOYSA-N	InChI=1S/C18H18F2N4OS/c19-13-7-4-8-14(16(13)20)26-10-12-9-15(25)24-18(21-12)22-17(23-24)11-5-2-1-3-6-11/h4,7-9,11,25H,1-3,5-6,10H2	"""AuxInfo=1/0/N:22,21,23,9,20,24,10,8,3,5,19,4,11,7,2,13,18,16,12,14,15,17,25,26,1,6/E:(2,3)(5,6)/rA:26OCCCCSCCCCCFCFNCNCCCCCCCNN/rB:s1;d2;s3;s4;s5;s6;d7;s8;d9;s10;s11;s7d11;s13;d4;s15;d16;s17;s18;s19;s20;s21;s22;s19s23;d18;s2s16s25;/rC:;;;;;;;;;;;;;;;;;;;;;;;;;;"""	P25025_WT	ChEMBL:CHEMBL2434;EntrezID:3579	P25025	WT	CHEMBL3107238;PubChemAID:1063165	PMID:24332493	2014.0	PMID:24332493;PubChemAID:1063165	2014	1;0	0	0	0	0;1		=	  6.290;  6.292	6.291	0.001	0.001	2.0	6.291	0.001	CCRs_HUMAN_annotated_01267	True
InChI=1S/C18H18N4O3S2/c1-13(23)21-15-4-6-17(7-5-15)27(24,25)20-10-8-16-12-26-18(22-16)14-3-2-9-19-11-14/h2-7,9,11-12,20H,8,10H2,1H3,(H,21,23)_on_P51681_WT	High	ExCAPE-DB	16832456	CC(=O)Nc1ccc(S(=O)(=O)NCCc2csc(-c3cnccc3)n2)cc1	NHJSEGLNJNMHFR-UHFFFAOYSA-N	InChI=1S/C18H18N4O3S2/c1-13(23)21-15-4-6-17(7-5-15)27(24,25)20-10-8-16-12-26-18(22-16)14-3-2-9-19-11-14/h2-7,9,11-12,20H,8,10H2,1H3,(H,21,23)	"""AuxInfo=1/1/N:1,23,24,6,27,7,26,14,22,13,20,16,2,19,5,15,8,18,21,12,4,25,3,10,11,17,9/E:(4,5)(6,7)(24,25)/CRV:27.6/rA:27CCONCCCCSOONCCCCSCCCNCCCNCC/rB:s1;d2;s2;s4;d5;s6;d7;s8;d9;d9;s9;s12;s13;s14;d15;s16;s17;s18;d19;s20;d21;s22;s19d23;s15d18;s8;s5d26;/rC:;;;;;;;;;;;;;;;;;;;;;;;;;;;"""	P51681_WT	EntrezID:1234	P51681	WT	PubChemAID:651728	PubChemAID:651728	2012.0	PubChemAID:651728	2012	0	0	0	0	1		=	  7.708	7.708	0.0	0.0	1.0	7.708	0.0	CCRs_HUMAN_annotated_01281	True
InChI=1S/C18H19BrFNO3/c1-10(22)15-16(11-5-3-2-4-6-11)21(18(24)17(15)23)14-8-7-12(19)9-13(14)20/h7-9,11,16,23H,2-6H2,1H3_on_P32246_WT	High	ChEMBL31	ChEMBL31.compound.414392	CC(=O)C1=C(O)C(=O)N(c2ccc(Br)cc2F)C1C1CCCCC1	ARZUMHIABDHPTN-UHFFFAOYSA-N	InChI=1S/C18H19BrFNO3/c1-10(22)15-16(11-5-3-2-4-6-11)21(18(24)17(15)23)14-8-7-12(19)9-13(14)20/h7-9,11,16,23H,2-6H2,1H3	"""AuxInfo=1/0/N:1,22,21,23,20,24,12,11,15,2,19,13,16,10,4,18,5,7,14,17,9,3,6,8/E:(3,4)(5,6)/rA:24CCOCCOCONCCCCBrCCFCCCCCCC/rB:s1;d2;s2;w?4;s5;s5;d7;s7;s9;d10;s11;d12;s13;s13;s10d15;s16;s4s9;s18;s19;s20;s21;s22;s19s23;/rC:;;;;;;;;;;;;;;;;;;;;;;;;"""	P32246_WT	ChEMBL:CHEMBL2413;ChEMBL:CHEMBL2413;ChEMBL:CHEMBL2413;ChEMBL:CHEMBL2413	P32246	WT	CHEMBL4371699;CHEMBL4371695;CHEMBL4371699;CHEMBL4371695	PMID:30256641	2018.0	PMID:30256641	2018	1;0;1;0	0	0	0;1;0;1	0		=	  6.230;  7.960;  6.260;  7.980	7.108	0.863	0.498	4.0	7.11	0.86	CCRs_HUMAN_annotated_01286	True
InChI=1S/C18H19BrFNO3/c1-10(22)15-16(11-5-3-2-4-6-11)21(18(24)17(15)23)14-8-7-12(19)9-13(14)20/h7-9,11,16,23H,2-6H2,1H3_on_P41597_WT	High	ChEMBL31	ChEMBL31.compound.414392	CC(=O)C1=C(O)C(=O)N(c2ccc(Br)cc2F)C1C1CCCCC1	ARZUMHIABDHPTN-UHFFFAOYSA-N	InChI=1S/C18H19BrFNO3/c1-10(22)15-16(11-5-3-2-4-6-11)21(18(24)17(15)23)14-8-7-12(19)9-13(14)20/h7-9,11,16,23H,2-6H2,1H3	"""AuxInfo=1/0/N:1,22,21,23,20,24,12,11,15,2,19,13,16,10,4,18,5,7,14,17,9,3,6,8/E:(3,4)(5,6)/rA:24CCOCCOCONCCCCBrCCFCCCCCCC/rB:s1;d2;s2;w?4;s5;s5;d7;s7;s9;d10;s11;d12;s13;s13;s10d15;s16;s4s9;s18;s19;s20;s21;s22;s19s23;/rC:;;;;;;;;;;;;;;;;;;;;;;;;"""	P41597_WT	ChEMBL:CHEMBL4015;ChEMBL:CHEMBL4015;ChEMBL:CHEMBL4015;ChEMBL:CHEMBL4015	P41597	WT	CHEMBL4371700;CHEMBL4371696;CHEMBL4371696;CHEMBL4371700	PMID:30256641	2018.0	PMID:30256641	2018	1;0;0;1	0	0	0;1;1;0	0		=	  7.570;  8.250;  8.220;  7.520	7.89	0.346	0.2	4.0	7.895	0.34	CCRs_HUMAN_annotated_01287	True
InChI=1S/C18H19ClFNO3/c1-10(22)15-16(11-5-3-2-4-6-11)21(18(24)17(15)23)14-8-7-12(19)9-13(14)20/h7-9,11,16,23H,2-6H2,1H3/t16-/m1/s1_on_P41597_WT	High	ChEMBL31	ChEMBL31.compound.400542	CC(=O)C1=C(O)C(=O)N(c2c(F)cc(Cl)cc2)[C@@H]1C1CCCCC1	VQNLJXWZGVRLBA-MRXNPFEDSA-N	InChI=1S/C18H19ClFNO3/c1-10(22)15-16(11-5-3-2-4-6-11)21(18(24)17(15)23)14-8-7-12(19)9-13(14)20/h7-9,11,16,23H,2-6H2,1H3/t16-/m1/s1	"""AuxInfo=1/0/N:1,22,21,23,20,24,16,17,13,2,19,14,11,10,4,18,5,7,15,12,9,3,6,8/E:(3,4)(5,6)/it:im/rA:24CCOCCOCONCCFCCClCCC.eCCCCCC/rB:s1;d2;s2;w?4;s5;s5;d7;s7;s9;d10;s11;s11;d13;s14;s14;s10d16;s4s9;s18;s19;s20;s21;s22;s19s23;/rC:;;;;;;;;;;;;;;;;;;;;;;;;"""	P41597_WT	ChEMBL:CHEMBL4015;ChEMBL:CHEMBL4015;ChEMBL:CHEMBL4015	P41597	WT	CHEMBL4309029;CHEMBL4738292;CHEMBL4738292	PMID:29457894	2018.0	PMID:29457894;PMID:33600174;PMID:33600174	2018;2021;2021	1	0	0	0	0		=	  6.770;  7.900;  7.920	7.53	0.537	0.38	3.0	7.9	0.02	CCRs_HUMAN_annotated_01298	True
InChI=1S/C18H19ClFNO3/c1-10(22)15-16(11-5-3-2-4-6-11)21(18(24)17(15)23)14-8-7-12(19)9-13(14)20/h7-9,11,16,23H,2-6H2,1H3/t16-/m1/s1_on_P51681_WT	High	ChEMBL31	ChEMBL31.compound.400542	CC(=O)C1=C(O)C(=O)N(c2c(F)cc(Cl)cc2)[C@@H]1C1CCCCC1	VQNLJXWZGVRLBA-MRXNPFEDSA-N	InChI=1S/C18H19ClFNO3/c1-10(22)15-16(11-5-3-2-4-6-11)21(18(24)17(15)23)14-8-7-12(19)9-13(14)20/h7-9,11,16,23H,2-6H2,1H3/t16-/m1/s1	"""AuxInfo=1/0/N:1,22,21,23,20,24,16,17,13,2,19,14,11,10,4,18,5,7,15,12,9,3,6,8/E:(3,4)(5,6)/it:im/rA:24CCOCCOCONCCFCCClCCC.eCCCCCC/rB:s1;d2;s2;w?4;s5;s5;d7;s7;s9;d10;s11;s11;d13;s14;s14;s10d16;s4s9;s18;s19;s20;s21;s22;s19s23;/rC:;;;;;;;;;;;;;;;;;;;;;;;;"""	P51681_WT	ChEMBL:CHEMBL274	P51681	WT	CHEMBL4324720	PMID:31742400	2019.0	PMID:31742400	2019	1	0	0	0	0		=	  6.150	6.15	0.0	0.0	1.0	6.15	0.0	CCRs_HUMAN_annotated_01299	True
InChI=1S/C18H19ClFNO3/c1-10(22)15-16(11-5-3-2-4-6-11)21(18(24)17(15)23)14-8-7-12(19)9-13(14)20/h7-9,11,16,23H,2-6H2,1H3_on_P32246_WT	High	ChEMBL31	ChEMBL31.compound.414393	CC(=O)C1=C(O)C(=O)N(c2ccc(Cl)cc2F)C1C1CCCCC1	VQNLJXWZGVRLBA-UHFFFAOYSA-N	InChI=1S/C18H19ClFNO3/c1-10(22)15-16(11-5-3-2-4-6-11)21(18(24)17(15)23)14-8-7-12(19)9-13(14)20/h7-9,11,16,23H,2-6H2,1H3	"""AuxInfo=1/0/N:1,22,21,23,20,24,12,11,15,2,19,13,16,10,4,18,5,7,14,17,9,3,6,8/E:(3,4)(5,6)/rA:24CCOCCOCONCCCCClCCFCCCCCCC/rB:s1;d2;s2;w?4;s5;s5;d7;s7;s9;d10;s11;d12;s13;s13;s10d15;s16;s4s9;s18;s19;s20;s21;s22;s19s23;/rC:;;;;;;;;;;;;;;;;;;;;;;;;"""	P32246_WT	ChEMBL:CHEMBL2413;ChEMBL:CHEMBL2413	P32246	WT	CHEMBL4371695	PMID:30256641	2018.0	PMID:30256641	2018	0	0	0	1	0		=	  7.820;  7.820	7.82	0.0	0.0	2.0	7.82	0.0	CCRs_HUMAN_annotated_01300	True
InChI=1S/C18H19ClFNO3/c1-10(22)15-16(11-5-3-2-4-6-11)21(18(24)17(15)23)14-8-7-12(19)9-13(14)20/h7-9,11,16,23H,2-6H2,1H3_on_P41597_WT	High	ChEMBL31	ChEMBL31.compound.414393	CC(=O)C1=C(O)C(=O)N(c2ccc(Cl)cc2F)C1C1CCCCC1	VQNLJXWZGVRLBA-UHFFFAOYSA-N	InChI=1S/C18H19ClFNO3/c1-10(22)15-16(11-5-3-2-4-6-11)21(18(24)17(15)23)14-8-7-12(19)9-13(14)20/h7-9,11,16,23H,2-6H2,1H3	"""AuxInfo=1/0/N:1,22,21,23,20,24,12,11,15,2,19,13,16,10,4,18,5,7,14,17,9,3,6,8/E:(3,4)(5,6)/rA:24CCOCCOCONCCCCClCCFCCCCCCC/rB:s1;d2;s2;w?4;s5;s5;d7;s7;s9;d10;s11;d12;s13;s13;s10d15;s16;s4s9;s18;s19;s20;s21;s22;s19s23;/rC:;;;;;;;;;;;;;;;;;;;;;;;;"""	P41597_WT	ChEMBL:CHEMBL4015;ChEMBL:CHEMBL4015	P41597	WT	CHEMBL4371696	PMID:30256641	2018.0	PMID:30256641	2018	0	0	0	1	0		=	  8.000;  7.960	7.98	0.02	0.02	2.0	7.98	0.02	CCRs_HUMAN_annotated_01301	True
InChI=1S/C18H20BrNO3/c1-11(21)15-16(12-5-3-2-4-6-12)20(18(23)17(15)22)14-9-7-13(19)8-10-14/h7-10,12,16,22H,2-6H2,1H3_on_P32246_WT	High	ChEMBL31	ChEMBL31.compound.414399	CC(=O)C1=C(O)C(=O)N(c2ccc(Br)cc2)C1C1CCCCC1	GXAKUDFZGVEXGU-UHFFFAOYSA-N	InChI=1S/C18H20BrNO3/c1-11(21)15-16(12-5-3-2-4-6-12)20(18(23)17(15)22)14-9-7-13(19)8-10-14/h7-10,12,16,22H,2-6H2,1H3	"""AuxInfo=1/0/N:1,21,20,22,19,23,12,15,11,16,2,18,13,10,4,17,5,7,14,9,3,6,8/E:(3,4)(5,6)(7,8)(9,10)/rA:23CCOCCOCONCCCCBrCCCCCCCCC/rB:s1;d2;s2;w?4;s5;s5;d7;s7;s9;d10;s11;d12;s13;s13;s10d15;s4s9;s17;s18;s19;s20;s21;s18s22;/rC:;;;;;;;;;;;;;;;;;;;;;;;"""	P32246_WT	ChEMBL:CHEMBL2413;ChEMBL:CHEMBL2413	P32246	WT	CHEMBL4371695	PMID:30256641	2018.0	PMID:30256641	2018	0	0	0	1	0		=	  7.620;  7.620	7.62	0.0	0.0	2.0	7.62	0.0	CCRs_HUMAN_annotated_01319	True
InChI=1S/C18H20BrNO3/c1-11(21)15-16(12-5-3-2-4-6-12)20(18(23)17(15)22)14-9-7-13(19)8-10-14/h7-10,12,16,22H,2-6H2,1H3_on_P41597_WT	High	ChEMBL31	ChEMBL31.compound.414399	CC(=O)C1=C(O)C(=O)N(c2ccc(Br)cc2)C1C1CCCCC1	GXAKUDFZGVEXGU-UHFFFAOYSA-N	InChI=1S/C18H20BrNO3/c1-11(21)15-16(12-5-3-2-4-6-12)20(18(23)17(15)22)14-9-7-13(19)8-10-14/h7-10,12,16,22H,2-6H2,1H3	"""AuxInfo=1/0/N:1,21,20,22,19,23,12,15,11,16,2,18,13,10,4,17,5,7,14,9,3,6,8/E:(3,4)(5,6)(7,8)(9,10)/rA:23CCOCCOCONCCCCBrCCCCCCCCC/rB:s1;d2;s2;w?4;s5;s5;d7;s7;s9;d10;s11;d12;s13;s13;s10d15;s4s9;s17;s18;s19;s20;s21;s18s22;/rC:;;;;;;;;;;;;;;;;;;;;;;;"""	P41597_WT	ChEMBL:CHEMBL4015;ChEMBL:CHEMBL4015	P41597	WT	CHEMBL4371696	PMID:30256641	2018.0	PMID:30256641	2018	0	0	0	1	0		=	  7.800;  7.770	7.785	0.015	0.015	2.0	7.785	0.015	CCRs_HUMAN_annotated_01320	True
InChI=1S/C18H20Cl2N4O4S/c1-23(2)7-8-24-14-10-15(28-3)13(9-12(14)21-18(24)25)22-29(26,27)16-6-4-5-11(19)17(16)20/h4-6,9-10,22H,7-8H2,1-3H3,(H,21,25)_on_P51679_WT	High	ChEMBL31	ChEMBL31.compound.247806	COc1cc2c(cc1NS(=O)(=O)c1c(Cl)c(Cl)ccc1)nc(O)n2CCN(C)C	CGTRKNMCQHXJSM-UHFFFAOYSA-N	InChI=1S/C18H20Cl2N4O4S/c1-23(2)7-8-24-14-10-15(28-3)13(9-12(14)21-18(24)25)22-29(26,27)16-6-4-5-11(19)17(16)20/h4-6,9-10,22H,7-8H2,1-3H3,(H,21,25)	"""AuxInfo=1/1/N:28,29,1,19,18,20,26,25,7,4,16,6,8,5,3,13,14,22,17,15,21,9,27,24,23,11,12,2,10/E:(1,2)(26,27)/CRV:29.6/rA:29COCCCCCCNSOOCCClCClCCCNCONCCNCC/rB:s1;s2;d3;s4;d5;s6;s3d7;s8;s9;d10;d10;s10;d13;s14;s14;s16;d16;s18;s13d19;s6;d21;s22;s5s22;s24;s25;s26;s27;s27;/rC:;;;;;;;;;;;;;;;;;;;;;;;;;;;;;"""	P51679_WT	ChEMBL:CHEMBL2414	P51679	WT	CHEMBL3367642	PMID:24909677	2014.0	PMID:24909677	2014	1	0	0	0	0		=	  5.700	5.7	0.0	0.0	1.0	5.7	0.0	CCRs_HUMAN_annotated_01323	True
InChI=1S/C18H20ClFN6O3S2/c1-11(8-27)22-14-6-15(25-31(28,29)16-7-26(2)10-21-16)24-18(23-14)30-9-12-4-3-5-13(19)17(12)20/h3-7,10-11,27H,8-9H2,1-2H3,(H2,22,23,24,25)/t11-/m1/s1_on_P25025_WT	High	ChEMBL31	ChEMBL31.compound.255982	C[C@H](CO)Nc1cc(NS(=O)(=O)c2cn(C)cn2)nc(SCc2cccc(Cl)c2F)n1	NRRSGTIRDLBPLB-LLVKDONJSA-N	InChI=1S/C18H20ClFN6O3S2/c1-11(8-27)22-14-6-15(25-31(28,29)16-7-26(2)10-21-16)24-18(23-14)30-9-12-4-3-5-13(19)17(12)20/h3-7,10-11,27H,8-9H2,1-2H3,(H2,22,23,24,25)/t11-/m1/s1	"""AuxInfo=1/1/N:1,16,25,24,26,7,14,3,22,17,2,23,27,6,8,13,29,20,28,30,18,5,31,19,9,15,4,11,12,21,10/E:(28,29)/it:im/CRV:31.6/rA:31CC.eCONCCCNSOOCCNCCNNCSCCCCCCClCFN/rB:s1;s2;s3;s2;s5;d6;s7;s8;s9;d10;d10;s10;d13;s14;s15;s15;s13d17;d8;s19;s20;s21;s22;d23;s24;d25;s26;s27;s23d27;s29;s6d20;/rC:;;;;;;;;;;;;;;;;;;;;;;;;;;;;;;;"""	P25025_WT	ChEMBL:CHEMBL2434;ChEMBL:CHEMBL2434	P25025	WT	CHEMBL3404716;CHEMBL3404721	PMID:25708618	2015.0	PMID:25708618	2015	1;0	0	0;1	0	0		=	  7.900;  6.700	7.3	0.6	0.6	2.0	7.3	0.6	CCRs_HUMAN_annotated_01330	True
InChI=1S/C18H20ClNO3/c1-11(21)15-16(12-5-3-2-4-6-12)20(18(23)17(15)22)14-9-7-13(19)8-10-14/h7-10,12,16,22H,2-6H2,1H3_on_P32246_WT	High	ChEMBL31	ChEMBL31.compound.414400	CC(=O)C1=C(O)C(=O)N(c2ccc(Cl)cc2)C1C1CCCCC1	AUWLMSMNUGBJKE-UHFFFAOYSA-N	InChI=1S/C18H20ClNO3/c1-11(21)15-16(12-5-3-2-4-6-12)20(18(23)17(15)22)14-9-7-13(19)8-10-14/h7-10,12,16,22H,2-6H2,1H3	"""AuxInfo=1/0/N:1,21,20,22,19,23,12,15,11,16,2,18,13,10,4,17,5,7,14,9,3,6,8/E:(3,4)(5,6)(7,8)(9,10)/rA:23CCOCCOCONCCCCClCCCCCCCCC/rB:s1;d2;s2;w?4;s5;s5;d7;s7;s9;d10;s11;d12;s13;s13;s10d15;s4s9;s17;s18;s19;s20;s21;s18s22;/rC:;;;;;;;;;;;;;;;;;;;;;;;"""	P32246_WT	ChEMBL:CHEMBL2413;ChEMBL:CHEMBL2413	P32246	WT	CHEMBL4371695	PMID:30256641	2018.0	PMID:30256641	2018	0	0	0	1	0		=	  7.400;  7.410	7.405	0.005	0.005	2.0	7.405	0.005	CCRs_HUMAN_annotated_01334	True
InChI=1S/C18H20ClNO3/c1-11(21)15-16(12-5-3-2-4-6-12)20(18(23)17(15)22)14-9-7-13(19)8-10-14/h7-10,12,16,22H,2-6H2,1H3_on_P41597_WT	High	ChEMBL31	ChEMBL31.compound.414400	CC(=O)C1=C(O)C(=O)N(c2ccc(Cl)cc2)C1C1CCCCC1	AUWLMSMNUGBJKE-UHFFFAOYSA-N	InChI=1S/C18H20ClNO3/c1-11(21)15-16(12-5-3-2-4-6-12)20(18(23)17(15)22)14-9-7-13(19)8-10-14/h7-10,12,16,22H,2-6H2,1H3	"""AuxInfo=1/0/N:1,21,20,22,19,23,12,15,11,16,2,18,13,10,4,17,5,7,14,9,3,6,8/E:(3,4)(5,6)(7,8)(9,10)/rA:23CCOCCOCONCCCCClCCCCCCCCC/rB:s1;d2;s2;w?4;s5;s5;d7;s7;s9;d10;s11;d12;s13;s13;s10d15;s4s9;s17;s18;s19;s20;s21;s18s22;/rC:;;;;;;;;;;;;;;;;;;;;;;;"""	P41597_WT	ChEMBL:CHEMBL4015;ChEMBL:CHEMBL4015	P41597	WT	CHEMBL4371696	PMID:30256641	2018.0	PMID:30256641	2018	0	0	0	1	0		=	  7.730;  7.720	7.725	0.005	0.005	2.0	7.725	0.005	CCRs_HUMAN_annotated_01335	True
InChI=1S/C18H20ClNO3/c1-11(21)15-16(12-6-3-2-4-7-12)20(18(23)17(15)22)14-9-5-8-13(19)10-14/h5,8-10,12,16,22H,2-4,6-7H2,1H3_on_P32246_WT	High	ChEMBL31	ChEMBL31.compound.414396	CC(=O)C1=C(O)C(=O)N(c2cc(Cl)ccc2)C1C1CCCCC1	AYEWGKWGWGVEHB-UHFFFAOYSA-N	InChI=1S/C18H20ClNO3/c1-11(21)15-16(12-6-3-2-4-7-12)20(18(23)17(15)22)14-9-5-8-13(19)10-14/h5,8-10,12,16,22H,2-4,6-7H2,1H3	"""AuxInfo=1/0/N:1,21,20,22,15,19,23,14,16,11,2,18,12,10,4,17,5,7,13,9,3,6,8/E:(3,4)(6,7)/rA:23CCOCCOCONCCCClCCCCCCCCCC/rB:s1;d2;s2;w?4;s5;s5;d7;s7;s9;d10;s11;s12;d12;s14;s10d15;s4s9;s17;s18;s19;s20;s21;s18s22;/rC:;;;;;;;;;;;;;;;;;;;;;;;"""	P32246_WT	ChEMBL:CHEMBL2413;ChEMBL:CHEMBL2413	P32246	WT	CHEMBL4371695	PMID:30256641	2018.0	PMID:30256641	2018	0	0	0	1	0		=	  6.270;  6.280	6.275	0.005	0.005	2.0	6.275	0.005	CCRs_HUMAN_annotated_01336	True
InChI=1S/C18H20ClNO3/c1-11(21)15-16(12-6-3-2-4-7-12)20(18(23)17(15)22)14-9-5-8-13(19)10-14/h5,8-10,12,16,22H,2-4,6-7H2,1H3_on_P41597_WT	High	ChEMBL31	ChEMBL31.compound.414396	CC(=O)C1=C(O)C(=O)N(c2cc(Cl)ccc2)C1C1CCCCC1	AYEWGKWGWGVEHB-UHFFFAOYSA-N	InChI=1S/C18H20ClNO3/c1-11(21)15-16(12-6-3-2-4-7-12)20(18(23)17(15)22)14-9-5-8-13(19)10-14/h5,8-10,12,16,22H,2-4,6-7H2,1H3	"""AuxInfo=1/0/N:1,21,20,22,15,19,23,14,16,11,2,18,12,10,4,17,5,7,13,9,3,6,8/E:(3,4)(6,7)/rA:23CCOCCOCONCCCClCCCCCCCCCC/rB:s1;d2;s2;w?4;s5;s5;d7;s7;s9;d10;s11;s12;d12;s14;s10d15;s4s9;s17;s18;s19;s20;s21;s18s22;/rC:;;;;;;;;;;;;;;;;;;;;;;;"""	P41597_WT	ChEMBL:CHEMBL4015;ChEMBL:CHEMBL4015	P41597	WT	CHEMBL4371696	PMID:30256641	2018.0	PMID:30256641	2018	0	0	0	1	0		=	  6.620;  6.620	6.62	0.0	0.0	2.0	6.62	0.0	CCRs_HUMAN_annotated_01337	True
InChI=1S/C18H20F2N6O3S2/c1-11(8-27)22-14-6-15(25-31(28,29)16-7-26(2)10-21-16)24-18(23-14)30-9-12-4-3-5-13(19)17(12)20/h3-7,10-11,27H,8-9H2,1-2H3,(H2,22,23,24,25)/t11-/m1/s1_on_P25025_WT	High	ChEMBL31	ChEMBL31.compound.255981	C[C@H](CO)Nc1cc(NS(=O)(=O)c2cn(C)cn2)nc(SCc2cccc(F)c2F)n1	DECPOGZAHNWCCQ-LLVKDONJSA-N	InChI=1S/C18H20F2N6O3S2/c1-11(8-27)22-14-6-15(25-31(28,29)16-7-26(2)10-21-16)24-18(23-14)30-9-12-4-3-5-13(19)17(12)20/h3-7,10-11,27H,8-9H2,1-2H3,(H2,22,23,24,25)/t11-/m1/s1	"""AuxInfo=1/1/N:1,16,25,24,26,7,14,3,22,17,2,23,27,6,8,13,29,20,28,30,18,5,31,19,9,15,4,11,12,21,10/E:(28,29)/it:im/CRV:31.6/rA:31CC.eCONCCCNSOOCCNCCNNCSCCCCCCFCFN/rB:s1;s2;s3;s2;s5;d6;s7;s8;s9;d10;d10;s10;d13;s14;s15;s15;s13d17;d8;s19;s20;s21;s22;d23;s24;d25;s26;s27;s23d27;s29;s6d20;/rC:;;;;;;;;;;;;;;;;;;;;;;;;;;;;;;;"""	P25025_WT	ChEMBL:CHEMBL2434	P25025	WT	CHEMBL3404716	PMID:25708618	2015.0	PMID:25708618	2015	1	0	0	0	0		=	  7.500	7.5	0.0	0.0	1.0	7.5	0.0	CCRs_HUMAN_annotated_01341	True
InChI=1S/C18H21NO5S/c1-3-24-18(21)17(12-14-6-8-15(20)9-7-14)19-25(22,23)16-10-4-13(2)5-11-16/h4-11,17,19-20H,3,12H2,1-2H3/t17-/m0/s1_on_P51677_WT	Medium	ChEMBL31	ChEMBL31.compound.659248	CCOC(=O)[C@H](Cc1ccc(O)cc1)NS(=O)(=O)c1ccc(C)cc1	NNXLIBQGVVEZHL-KRWDZBQOSA-N	InChI=1S/C18H21NO5S/c1-3-24-18(21)17(12-14-6-8-15(20)9-7-14)19-25(22,23)16-10-4-13(2)5-11-16/h4-11,17,19-20H,3,12H2,1-2H3/t17-/m0/s1	"""AuxInfo=1/0/N:1,23,2,21,24,9,14,10,13,20,25,7,22,8,11,19,6,4,15,12,5,17,18,3,16/E:(4,5)(6,7)(8,9)(10,11)(22,23)/it:im/CRV:25.6/rA:25CCOCOC.eCCCCCOCCNSOOCCCCCCC/rB:s1;s2;s3;d4;s4;s6;s7;d8;s9;d10;s11;s11;s8d13;s6;s15;d16;d16;s16;d19;s20;d21;s22;s22;s19d24;/rC:;;;;;;;;;;;;;;;;;;;;;;;;;"""	P51677_WT	ChEMBL:CHEMBL3473	P51677	WT	CHEMBL650420	PMID:11378373	2001.0	PMID:11378373	2001	1	0	0	0	0		=	  4.800	4.8	0.0	0.0	1.0	4.8	0.0	CCRs_HUMAN_annotated_01372	True
InChI=1S/C18H22ClN5O/c1-2-3-4-5-9-15-14(11-12-7-6-8-13(19)10-12)16(25)24-18(21-15)22-17(20)23-24/h6-8,10,25H,2-5,9,11H2,1H3,(H2,20,23)_on_P41597_WT	High	ChEMBL31	ChEMBL31.compound.403348	CCCCCCc1nc2nc(N)nn2c(O)c1Cc1cccc(Cl)c1	JKNSUCDRVKIALQ-UHFFFAOYSA-N	InChI=1S/C18H22ClN5O/c1-2-3-4-5-9-15-14(11-12-7-6-8-13(19)10-12)16(25)24-18(21-15)22-17(20)23-24/h6-8,10,25H,2-5,9,11H2,1H3,(H2,20,23)	"""AuxInfo=1/1/N:1,2,3,4,5,21,20,22,6,25,18,19,23,17,7,15,11,9,24,12,8,10,13,14,16/rA:25CCCCCCCNCNCNNNCOCCCCCCCClC/rB:s1;s2;s3;s4;s5;s6;d7;s8;d9;s10;s11;d11;s9s13;s14;s15;s7d15;s17;s18;d19;s20;d21;s22;s23;s19d23;/rC:;;;;;;;;;;;;;;;;;;;;;;;;;"""	P41597_WT	ChEMBL:CHEMBL4015;ChEMBL:CHEMBL4015	P41597	WT	CHEMBL4324717	PMID:31742400	2019.0	PMID:31742400	2019	0	0	0	1	0		=	  7.660;  7.660	7.66	0.0	0.0	2.0	7.66	0.0	CCRs_HUMAN_annotated_01388	True
InChI=1S/C18H22ClN5O/c1-3-11(4-2)10-15-14(9-12-6-5-7-13(19)8-12)16(25)24-18(21-15)22-17(20)23-24/h5-8,11,25H,3-4,9-10H2,1-2H3,(H2,20,23)_on_P41597_WT	High	ChEMBL31	ChEMBL31.compound.403345	CCC(CC)Cc1nc2nc(N)nn2c(O)c1Cc1cccc(Cl)c1	GGVVTRYNOVFFMY-UHFFFAOYSA-N	InChI=1S/C18H22ClN5O/c1-3-11(4-2)10-15-14(9-12-6-5-7-13(19)8-12)16(25)24-18(21-15)22-17(20)23-24/h5-8,11,25H,3-4,9-10H2,1-2H3,(H2,20,23)	"""AuxInfo=1/1/N:1,5,2,4,21,20,22,25,18,6,3,19,23,17,7,15,11,9,24,12,8,10,13,14,16/E:(1,2)(3,4)/rA:25CCCCCCCNCNCNNNCOCCCCCCCClC/rB:s1;s2;s3;s4;s3;s6;d7;s8;d9;s10;s11;d11;s9s13;s14;s15;s7d15;s17;s18;d19;s20;d21;s22;s23;s19d23;/rC:;;;;;;;;;;;;;;;;;;;;;;;;;"""	P41597_WT	ChEMBL:CHEMBL4015;ChEMBL:CHEMBL4015	P41597	WT	CHEMBL4324717	PMID:31742400	2019.0	PMID:31742400	2019	0	0	0	1	0		=	  8.190;  8.200	8.195	0.005	0.005	2.0	8.195	0.005	CCRs_HUMAN_annotated_01389	True
InChI=1S/C18H22N4OS/c1-2-3-7-10-24-13-15-12-17(23)22-18(19-15)20-16(21-22)11-14-8-5-4-6-9-14/h4-6,8-9,12,23H,2-3,7,10-11,13H2,1H3_on_P25025_WT	Low	ChEMBL31	ChEMBL31.compound.1063797	CCCCCSCc1nc2nc(Cc3ccccc3)nn2c(O)c1	LQTWIMPPRWDCEB-UHFFFAOYSA-N	InChI=1S/C18H22N4OS/c1-2-3-7-10-24-13-15-12-17(23)22-18(19-15)20-16(21-22)11-14-8-5-4-6-9-14/h4-6,8-9,12,23H,2-3,7,10-11,13H2,1H3	"""AuxInfo=1/0/N:1,2,3,17,16,18,4,15,19,5,13,24,7,14,8,12,22,10,9,11,20,21,23,6/E:(5,6)(8,9)/rA:24CCCCCSCCNCNCCCCCCCCNNCOC/rB:s1;s2;s3;s4;s5;s6;s7;d8;s9;d10;s11;s12;s13;d14;s15;d16;s17;s14d18;d12;s10s20;s21;s22;s8d22;/rC:;;;;;;;;;;;;;;;;;;;;;;;;"""	P25025_WT	ChEMBL:CHEMBL2434	P25025	WT	CHEMBL3107238	PMID:24332493	2014.0	PMID:24332493	2014	1	0	0	0	0		<	  4.523	4.523	0.0	0.0	1.0	4.523	0.0	CCRs_HUMAN_annotated_01407	True
InChI=1S/C18H23ClN2O3S2/c19-16-4-2-15(3-5-16)18(22)7-11-21(12-8-18)10-1-9-20-26(23,24)17-6-13-25-14-17/h2-6,13-14,20,22H,1,7-12H2_on_P32246_WT	High	ExCAPE-DB;ChEMBL31;ChEMBL31	44453528;ChEMBL31.compound.92304;ChEMBL31.compound.92304	O=S(=O)(NCCCN1CCC(O)(c2ccc(Cl)cc2)CC1)c1cscc1	IWLHEUGETDCAJW-UHFFFAOYSA-N	InChI=1S/C18H23ClN2O3S2/c19-16-4-2-15(3-5-16)18(22)7-11-21(12-8-18)10-1-9-20-26(23,24)17-6-13-25-14-17/h2-6,13-14,20,22H,1,7-12H2	"""AuxInfo=1/0/N:6,14,19,15,18,26,10,20,5,7,9,21,25,23,13,16,22,11,17,4,8,12,1,3,24,2/E:(2,3)(4,5)(7,8)(11,12)(23,24)/CRV:26.6/rA:26OSONCCCNCCCOCCCCClCCCCCCSCC/rB:d1;d2;s2;s4;s5;s6;s7;s8;s9;s10;s11;s11;d13;s14;d15;s16;s16;s13d18;s11;s8s20;s2;d22;s23;s24;s22d25;/rC:;;;;;;;;;;;;;;;;;;;;;;;;;;"""	P32246_WT	EntrezID:1230;ChEMBL:CHEMBL2413;ChEMBL:CHEMBL2413	P32246	WT	PubChemAID:322028;CHEMBL933432;CHEMBL933431	PMID:18329267	2008.0	PubChemAID:322028;PMID:18329267;PMID:18329267	2010;2008;2008	0;1;1	0	0	0	1;0;0		=	  6.415;  6.420;  6.240	6.358	0.084	0.059	3.0	6.415	0.005	CCRs_HUMAN_annotated_01413	True
InChI=1S/C18H23ClN2O3S2/c19-16-6-4-15(5-7-16)18(22)8-12-21(13-9-18)11-2-10-20-26(23,24)17-3-1-14-25-17/h1,3-7,14,20,22H,2,8-13H2_on_P32246_WT	High	ChEMBL31;ChEMBL31;ExCAPE-DB	ChEMBL31.compound.92303;ChEMBL31.compound.92303;44453529	O=S(=O)(NCCCN1CCC(O)(c2ccc(Cl)cc2)CC1)c1cccs1	FIUMDGBFJXGACB-UHFFFAOYSA-N	InChI=1S/C18H23ClN2O3S2/c19-16-6-4-15(5-7-16)18(22)8-12-21(13-9-18)11-2-10-20-26(23,24)17-3-1-14-25-17/h1,3-7,14,20,22H,2,8-13H2	"""AuxInfo=1/0/N:24,6,23,14,19,15,18,10,20,5,7,9,21,25,13,16,22,11,17,4,8,12,1,3,26,2/E:(4,5)(6,7)(8,9)(12,13)(23,24)/CRV:26.6/rA:26OSONCCCNCCCOCCCCClCCCCCCCCS/rB:d1;d2;s2;s4;s5;s6;s7;s8;s9;s10;s11;s11;d13;s14;d15;s16;s16;s13d18;s11;s8s20;s2;d22;s23;d24;s22s25;/rC:;;;;;;;;;;;;;;;;;;;;;;;;;;"""	P32246_WT	ChEMBL:CHEMBL2413;ChEMBL:CHEMBL2413;EntrezID:1230	P32246	WT	CHEMBL933431;CHEMBL933432;PubChemAID:322028	PMID:18329267	2008.0	PMID:18329267;PMID:18329267;PubChemAID:322028	2008;2008;2010	1;1;0	0	0	0	0;0;1		=	  6.800;  7.160;  7.155	7.038	0.169	0.119	3.0	7.155	0.005	CCRs_HUMAN_annotated_01414	True
InChI=1S/C18H24Cl2N6O3S/c1-12-2-5-25(6-3-12)18(27)16(4-7-26-11-22-10-23-26)24-30(28,29)13-8-14(19)17(21)15(20)9-13/h8-12,16,24H,2-7,21H2,1H3_on_P46092_WT	Low	ChEMBL31	ChEMBL31.compound.1073391	CC1CCN(C(=O)C(CCn2cncn2)NS(=O)(=O)c2cc(Cl)c(N)c(Cl)c2)CC1	LKQQQELQFQUHTJ-UHFFFAOYSA-N	InChI=1S/C18H24Cl2N6O3S/c1-12-2-5-25(6-3-12)18(27)16(4-7-26-11-22-10-23-26)24-30(28,29)13-8-14(19)17(21)15(20)9-13/h8-12,16,24H,2-7,21H2,1H3	"""AuxInfo=1/0/N:1,3,30,9,4,29,10,21,28,14,12,2,20,22,26,8,24,6,23,27,25,13,15,16,5,11,7,18,19,17/E:(2,3)(5,6)(8,9)(14,15)(19,20)(28,29)/CRV:30.6/rA:30CCCCNCOCCCNCNCNNSOOCCCClCNCClCCC/rB:s1;s2;s3;s4;s5;d6;s6;s8;s9;s10;s11;d12;s13;s11d14;s8;s16;d17;d17;s17;d20;s21;s22;d22;s24;s24;s26;s20d26;s5;s2s29;/rC:;;;;;;;;;;;;;;;;;;;;;;;;;;;;;;"""	P46092_WT	ChEMBL:CHEMBL2321628	P46092	WT	CHEMBL3863299	PMID:27692854	2016.0	PMID:27692854	2016	1	0	0	0	0		<	  4.700	4.7	0.0	0.0	1.0	4.7	0.0	CCRs_HUMAN_annotated_01442	True
InChI=1S/C18H24Cl2N6O3S/c1-12-2-6-25(7-3-12)18(27)16(4-8-26-9-5-22-24-26)23-30(28,29)13-10-14(19)17(21)15(20)11-13/h5,9-12,16,23H,2-4,6-8,21H2,1H3_on_P46092_WT	Low	ChEMBL31	ChEMBL31.compound.1073390	CC1CCN(C(=O)C(CCn2ccnn2)NS(=O)(=O)c2cc(Cl)c(N)c(Cl)c2)CC1	JIGFQRQBGRUWAJ-UHFFFAOYSA-N	InChI=1S/C18H24Cl2N6O3S/c1-12-2-6-25(7-3-12)18(27)16(4-8-26-9-5-22-24-26)23-30(28,29)13-10-14(19)17(21)15(20)11-13/h5,9-12,16,23H,2-4,6-8,21H2,1H3	"""AuxInfo=1/0/N:1,3,30,9,13,4,29,10,12,21,28,2,20,22,26,8,24,6,23,27,25,14,16,15,5,11,7,18,19,17/E:(2,3)(6,7)(10,11)(14,15)(19,20)(28,29)/CRV:30.6/rA:30CCCCNCOCCCNCCNNNSOOCCCClCNCClCCC/rB:s1;s2;s3;s4;s5;d6;s6;s8;s9;s10;s11;d12;s13;s11d14;s8;s16;d17;d17;s17;d20;s21;s22;d22;s24;s24;s26;s20d26;s5;s2s29;/rC:;;;;;;;;;;;;;;;;;;;;;;;;;;;;;;"""	P46092_WT	ChEMBL:CHEMBL2321628	P46092	WT	CHEMBL3863299	PMID:27692854	2016.0	PMID:27692854	2016	1	0	0	0	0		<	  4.700	4.7	0.0	0.0	1.0	4.7	0.0	CCRs_HUMAN_annotated_01443	True
InChI=1S/C18H24Cl2N6O3S/c1-12-2-7-25(8-3-12)18(27)16(4-9-26-22-5-6-23-26)24-30(28,29)13-10-14(19)17(21)15(20)11-13/h5-6,10-12,16,24H,2-4,7-9,21H2,1H3_on_P46092_WT	High	ChEMBL31	ChEMBL31.compound.307655	CC1CCN(C(=O)C(CCn2nccn2)NS(=O)(=O)c2cc(Cl)c(N)c(Cl)c2)CC1	CCOWZHVDWRBQFU-UHFFFAOYSA-N	InChI=1S/C18H24Cl2N6O3S/c1-12-2-7-25(8-3-12)18(27)16(4-9-26-22-5-6-23-26)24-30(28,29)13-10-14(19)17(21)15(20)11-13/h5-6,10-12,16,24H,2-4,7-9,21H2,1H3	"""AuxInfo=1/0/N:1,3,30,9,13,14,4,29,10,21,28,2,20,22,26,8,24,6,23,27,25,12,15,16,5,11,7,18,19,17/E:(2,3)(5,6)(7,8)(10,11)(14,15)(19,20)(22,23)(28,29)/CRV:30.6/rA:30CCCCNCOCCCNNCCNNSOOCCCClCNCClCCC/rB:s1;s2;s3;s4;s5;d6;s6;s8;s9;s10;s11;d12;s13;s11d14;s8;s16;d17;d17;s17;d20;s21;s22;d22;s24;s24;s26;s20d26;s5;s2s29;/rC:;;;;;;;;;;;;;;;;;;;;;;;;;;;;;;"""	P46092_WT	ChEMBL:CHEMBL2321628;ChEMBL:CHEMBL2321628	P46092	WT	CHEMBL3863300;CHEMBL3863299	PMID:27692854	2016.0	PMID:27692854	2016	1	0	0	0	0		=	  5.900;  5.500	5.7	0.2	0.2	2.0	5.7	0.2	CCRs_HUMAN_annotated_01444	True
InChI=1S/C19H11Cl2F3N2O4S/c20-12-2-7-16(15(9-12)18(27)11-1-8-17(21)25-10-11)26-31(28,29)14-5-3-13(4-6-14)30-19(22,23)24/h1-10,26H_on_P51686_WT	High	ChEMBL31	ChEMBL31.compound.285500	O=C(c1cnc(Cl)cc1)c1cc(Cl)ccc1NS(=O)(=O)c1ccc(OC(F)(F)F)cc1	QVPJDVCQYXZABM-UHFFFAOYSA-N	InChI=1S/C19H11Cl2F3N2O4S/c20-12-2-7-16(15(9-12)18(27)11-1-8-17(21)25-10-11)26-31(28,29)14-5-3-13(4-6-14)30-19(22,23)24/h1-10,26H	"""AuxInfo=1/0/N:9,14,23,30,22,31,15,8,11,4,3,12,24,21,10,16,6,2,26,13,7,27,28,29,5,17,1,19,20,25,18/E:(3,4)(5,6)(22,23,24)(28,29)/CRV:31.6/rA:31OCCCNCClCCCCCClCCCNSOOCCCCOCFFFCC/rB:d1;s2;d3;s4;d5;s6;s6;s3d8;s2;d10;s11;s12;d12;s14;s10d15;s16;s17;d18;d18;s18;d21;s22;d23;s24;s25;s26;s26;s26;s24;s21d30;/rC:;;;;;;;;;;;;;;;;;;;;;;;;;;;;;;;"""	P51686_WT	ChEMBL:CHEMBL5815;ChEMBL:CHEMBL5815	P51686	WT	CHEMBL3721196;CHEMBL3721199	PATENT:US7582661B2	2009.0	PATENT:US7582661B2	2009	1	0	0	0	0		=	  7.000;  7.000	7.0	0.0	0.0	2.0	7.0	0.0	CCRs_HUMAN_annotated_01492	True
InChI=1S/C19H12BrF3N2O4S/c20-13-1-6-17(16(11-13)18(26)12-7-9-24-10-8-12)25-30(27,28)15-4-2-14(3-5-15)29-19(21,22)23/h1-11,25H_on_P51686_WT	High	ChEMBL31	ChEMBL31.compound.285505	O=C(c1ccncc1)c1cc(Br)ccc1NS(=O)(=O)c1ccc(OC(F)(F)F)cc1	VNMHTSYNIJFYQR-UHFFFAOYSA-N	InChI=1S/C19H12BrF3N2O4S/c20-13-1-6-17(16(11-13)18(26)12-7-9-24-10-8-12)25-30(27,28)15-4-2-14(3-5-15)29-19(21,22)23/h1-11,25H	"""AuxInfo=1/0/N:13,22,29,21,30,14,4,8,5,7,10,3,11,23,20,9,15,2,25,12,26,27,28,6,16,1,18,19,24,17/E:(2,3)(4,5)(7,8)(9,10)(21,22,23)(27,28)/CRV:30.6/rA:30OCCCCNCCCCCBrCCCNSOOCCCCOCFFFCC/rB:d1;s2;d3;s4;d5;s6;s3d7;s2;d9;s10;s11;d11;s13;s9d14;s15;s16;d17;d17;s17;d20;s21;d22;s23;s24;s25;s25;s25;s23;s20d29;/rC:;;;;;;;;;;;;;;;;;;;;;;;;;;;;;;"""	P51686_WT	ChEMBL:CHEMBL5815;ChEMBL:CHEMBL5815	P51686	WT	CHEMBL3721196;CHEMBL3721199	PATENT:US7420055B2	2008.0	PATENT:US7582661B2	2009	1	0	0	0	0		=	  7.000;  7.000	7.0	0.0	0.0	2.0	7.0	0.0	CCRs_HUMAN_annotated_01494	True
InChI=1S/C19H12Cl3NO5S/c20-11-5-8-18(28-17-4-2-1-3-13(17)19(24)25)16(9-11)23-29(26,27)12-6-7-14(21)15(22)10-12/h1-10,23H,(H,24,25)_on_P41597_WT	High	ChEMBL31;ExCAPE-DB	ChEMBL31.compound.141744;49798349	O=C(O)c1ccccc1Oc1ccc(Cl)cc1NS(=O)(=O)c1ccc(Cl)c(Cl)c1	OIGUMNDUYFBXEM-UHFFFAOYSA-N	InChI=1S/C19H12Cl3NO5S/c20-11-5-8-18(28-17-4-2-1-3-13(17)19(24)25)16(9-11)23-29(26,27)12-6-7-14(21)15(22)10-12/h1-10,23H,(H,24,25)	"""AuxInfo=1/1/N:6,7,5,8,13,23,24,12,16,29,14,22,4,25,27,17,9,11,2,15,26,28,18,1,3,20,21,10,19/E:(24,25)(26,27)/CRV:29.6/rA:29OCOCCCCCCOCCCCClCCNSOOCCCCClCClC/rB:d1;s2;s2;d4;s5;d6;s7;s4d8;s9;s10;d11;s12;d13;s14;s14;s11d16;s17;s18;d19;d19;s19;d22;s23;d24;s25;s25;s27;s22d27;/rC:;;;;;;;;;;;;;;;;;;;;;;;;;;;;;"""	P41597_WT	ChEMBL:CHEMBL4015;EntrezID:729230	P41597	WT	CHEMBL1174375;PubChemAID:489703	PMID:20627722	2010.0	PMID:20627722;PubChemAID:489703	2010	0	0	0	1;0	0;1		=	  8.500;  8.500	8.5	0.0	0.0	2.0	8.5	0.0	CCRs_HUMAN_annotated_01495	True
InChI=1S/C19H12Cl3NO5S/c20-11-5-8-18(28-17-4-2-1-3-13(17)19(24)25)16(9-11)23-29(26,27)12-6-7-14(21)15(22)10-12/h1-10,23H,(H,24,25)_on_P51679_WT	Medium	ChEMBL31	ChEMBL31.compound.141744	O=C(O)c1ccccc1Oc1ccc(Cl)cc1NS(=O)(=O)c1ccc(Cl)c(Cl)c1	OIGUMNDUYFBXEM-UHFFFAOYSA-N	InChI=1S/C19H12Cl3NO5S/c20-11-5-8-18(28-17-4-2-1-3-13(17)19(24)25)16(9-11)23-29(26,27)12-6-7-14(21)15(22)10-12/h1-10,23H,(H,24,25)	"""AuxInfo=1/1/N:6,7,5,8,13,23,24,12,16,29,14,22,4,25,27,17,9,11,2,15,26,28,18,1,3,20,21,10,19/E:(24,25)(26,27)/CRV:29.6/rA:29OCOCCCCCCOCCCCClCCNSOOCCCCClCClC/rB:d1;s2;s2;d4;s5;d6;s7;s4d8;s9;s10;d11;s12;d13;s14;s14;s11d16;s17;s18;d19;d19;s19;d22;s23;d24;s25;s25;s27;s22d27;/rC:;;;;;;;;;;;;;;;;;;;;;;;;;;;;;"""	P51679_WT	ChEMBL:CHEMBL2414	P51679	WT	CHEMBL1174525	PMID:20627722	2010.0	PMID:20627722	2010	0	0	0	1	0		=	  6.400	6.4	0.0	0.0	1.0	6.4	0.0	CCRs_HUMAN_annotated_01496	True
InChI=1S/C19H12Cl3NO5S/c20-11-5-8-18(28-17-4-2-1-3-13(17)19(24)25)16(9-11)23-29(26,27)12-6-7-14(21)15(22)10-12/h1-10,23H,(H,24,25)_on_P51681_WT	Medium	ChEMBL31	ChEMBL31.compound.141744	O=C(O)c1ccccc1Oc1ccc(Cl)cc1NS(=O)(=O)c1ccc(Cl)c(Cl)c1	OIGUMNDUYFBXEM-UHFFFAOYSA-N	InChI=1S/C19H12Cl3NO5S/c20-11-5-8-18(28-17-4-2-1-3-13(17)19(24)25)16(9-11)23-29(26,27)12-6-7-14(21)15(22)10-12/h1-10,23H,(H,24,25)	"""AuxInfo=1/1/N:6,7,5,8,13,23,24,12,16,29,14,22,4,25,27,17,9,11,2,15,26,28,18,1,3,20,21,10,19/E:(24,25)(26,27)/CRV:29.6/rA:29OCOCCCCCCOCCCCClCCNSOOCCCCClCClC/rB:d1;s2;s2;d4;s5;d6;s7;s4d8;s9;s10;d11;s12;d13;s14;s14;s11d16;s17;s18;d19;d19;s19;d22;s23;d24;s25;s25;s27;s22d27;/rC:;;;;;;;;;;;;;;;;;;;;;;;;;;;;;"""	P51681_WT	ChEMBL:CHEMBL274	P51681	WT	CHEMBL1174526	PMID:20627722	2010.0	PMID:20627722	2010	1	0	0	0	0		=	  6.200	6.2	0.0	0.0	1.0	6.2	0.0	CCRs_HUMAN_annotated_01497	True
InChI=1S/C19H12Cl3NO5S/c20-12-3-8-18(28-13-4-1-11(2-5-13)19(24)25)17(9-12)23-29(26,27)14-6-7-15(21)16(22)10-14/h1-10,23H,(H,24,25)_on_P32246_WT	High	ChEMBL31	ChEMBL31.compound.462939	O=C(O)c1ccc(Oc2ccc(Cl)cc2NS(=O)(=O)c2ccc(Cl)c(Cl)c2)cc1	SEXCSTOTDUMWPC-UHFFFAOYSA-N	InChI=1S/C19H12Cl3NO5S/c20-12-3-8-18(28-13-4-1-11(2-5-13)19(24)25)17(9-12)23-29(26,27)14-6-7-15(21)16(22)10-14/h1-10,23H,(H,24,25)	"""AuxInfo=1/1/N:5,29,11,6,28,21,22,10,14,27,4,12,7,20,23,25,15,9,2,13,24,26,16,1,3,18,19,8,17/E:(1,2)(4,5)(24,25)(26,27)/CRV:29.6/rA:29OCOCCCCOCCCCClCCNSOOCCCCClCClCCC/rB:d1;s2;s2;d4;s5;d6;s7;s8;d9;s10;d11;s12;s12;s9d14;s15;s16;d17;d17;s17;d20;s21;d22;s23;s23;s25;s20d25;s7;s4d28;/rC:;;;;;;;;;;;;;;;;;;;;;;;;;;;;;"""	P32246_WT	ChEMBL:CHEMBL2413	P32246	WT	CHEMBL4738302	PMID:33600174	2021.0	PMID:33600174	2021	1	0	0	0	0		=	  5.300	5.3	0.0	0.0	1.0	5.3	0.0	CCRs_HUMAN_annotated_01498	True
InChI=1S/C19H12Cl3NO5S/c20-12-3-8-18(28-13-4-1-11(2-5-13)19(24)25)17(9-12)23-29(26,27)14-6-7-15(21)16(22)10-14/h1-10,23H,(H,24,25)_on_P41597_WT	High	ChEMBL31	ChEMBL31.compound.462939	O=C(O)c1ccc(Oc2ccc(Cl)cc2NS(=O)(=O)c2ccc(Cl)c(Cl)c2)cc1	SEXCSTOTDUMWPC-UHFFFAOYSA-N	InChI=1S/C19H12Cl3NO5S/c20-12-3-8-18(28-13-4-1-11(2-5-13)19(24)25)17(9-12)23-29(26,27)14-6-7-15(21)16(22)10-14/h1-10,23H,(H,24,25)	"""AuxInfo=1/1/N:5,29,11,6,28,21,22,10,14,27,4,12,7,20,23,25,15,9,2,13,24,26,16,1,3,18,19,8,17/E:(1,2)(4,5)(24,25)(26,27)/CRV:29.6/rA:29OCOCCCCOCCCCClCCNSOOCCCCClCClCCC/rB:d1;s2;s2;d4;s5;d6;s7;s8;d9;s10;d11;s12;s12;s9d14;s15;s16;d17;d17;s17;d20;s21;d22;s23;s23;s25;s20d25;s7;s4d28;/rC:;;;;;;;;;;;;;;;;;;;;;;;;;;;;;"""	P41597_WT	ChEMBL:CHEMBL4015;ChEMBL:CHEMBL4015;ChEMBL:CHEMBL4015;ChEMBL:CHEMBL4015;ChEMBL:CHEMBL4015;ChEMBL:CHEMBL4015;ChEMBL:CHEMBL4015;ChEMBL:CHEMBL4015;ChEMBL:CHEMBL4015;ChEMBL:CHEMBL4015;ChEMBL:CHEMBL4015;ChEMBL:CHEMBL4015;ChEMBL:CHEMBL4015;ChEMBL:CHEMBL4015	P41597	WT	CHEMBL4738286;CHEMBL4738279;CHEMBL4738279;CHEMBL4738286;CHEMBL4738285;CHEMBL4738292;CHEMBL4738275;CHEMBL4738280;CHEMBL4738280;CHEMBL4738275;CHEMBL4738284;CHEMBL4738292;CHEMBL4738285;CHEMBL4738284	PMID:33600174	2021.0	PMID:33600174	2021	1;0;0;1;1;1;0;0;0;0;1;1;1;1	0	0	0;1;1;0;0;0;1;1;1;1;0;0;0;0	0		=	  6.990;  8.360;  8.400;  7.000;  7.800;  7.900;  8.200;  8.200;  8.210;  8.220;  7.100;  7.920;  7.800;  7.060	7.797	0.514	0.143	14.0	7.91	0.305	CCRs_HUMAN_annotated_01499	True
InChI=1S/C19H12Cl3NO5S/c20-12-3-8-18(28-13-4-1-11(2-5-13)19(24)25)17(9-12)23-29(26,27)14-6-7-15(21)16(22)10-14/h1-10,23H,(H,24,25)_on_P51681_WT	High	ChEMBL31	ChEMBL31.compound.462939	O=C(O)c1ccc(Oc2ccc(Cl)cc2NS(=O)(=O)c2ccc(Cl)c(Cl)c2)cc1	SEXCSTOTDUMWPC-UHFFFAOYSA-N	InChI=1S/C19H12Cl3NO5S/c20-12-3-8-18(28-13-4-1-11(2-5-13)19(24)25)17(9-12)23-29(26,27)14-6-7-15(21)16(22)10-14/h1-10,23H,(H,24,25)	"""AuxInfo=1/1/N:5,29,11,6,28,21,22,10,14,27,4,12,7,20,23,25,15,9,2,13,24,26,16,1,3,18,19,8,17/E:(1,2)(4,5)(24,25)(26,27)/CRV:29.6/rA:29OCOCCCCOCCCCClCCNSOOCCCCClCClCCC/rB:d1;s2;s2;d4;s5;d6;s7;s8;d9;s10;d11;s12;s12;s9d14;s15;s16;d17;d17;s17;d20;s21;d22;s23;s23;s25;s20d25;s7;s4d28;/rC:;;;;;;;;;;;;;;;;;;;;;;;;;;;;;"""	P51681_WT	ChEMBL:CHEMBL274	P51681	WT	CHEMBL4738303	PMID:33600174	2021.0	PMID:33600174	2021	1	0	0	0	0		=	  5.400	5.4	0.0	0.0	1.0	5.4	0.0	CCRs_HUMAN_annotated_01500	True
InChI=1S/C19H12ClF3N2O3S/c20-14-3-6-17(16(11-14)18(26)12-7-9-24-10-8-12)25-29(27,28)15-4-1-13(2-5-15)19(21,22)23/h1-11,25H_on_P51686_WT	High	ChEMBL31	ChEMBL31.compound.285469	O=C(c1ccncc1)c1cc(Cl)ccc1NS(=O)(=O)c1ccc(C(F)(F)F)cc1	VCIPMBGBHIKDLX-UHFFFAOYSA-N	InChI=1S/C19H12ClF3N2O3S/c20-14-3-6-17(16(11-14)18(26)12-7-9-24-10-8-12)25-29(27,28)15-4-1-13(2-5-15)19(21,22)23/h1-11,25H	"""AuxInfo=1/0/N:22,28,13,21,29,14,4,8,5,7,10,3,23,11,20,9,15,2,24,12,25,26,27,6,16,1,18,19,17/E:(1,2)(4,5)(7,8)(9,10)(21,22,23)(27,28)/CRV:29.6/rA:29OCCCCNCCCCCClCCCNSOOCCCCCFFFCC/rB:d1;s2;d3;s4;d5;s6;s3d7;s2;d9;s10;s11;d11;s13;s9d14;s15;s16;d17;d17;s17;d20;s21;d22;s23;s24;s24;s24;s23;s20d28;/rC:;;;;;;;;;;;;;;;;;;;;;;;;;;;;;"""	P51686_WT	ChEMBL:CHEMBL5815;ChEMBL:CHEMBL5815	P51686	WT	CHEMBL3721196;CHEMBL3721199	PATENT:US7420055B2	2008.0	PATENT:US7582661B2	2009	1	0	0	0	0		=	  6.000;  6.000	6.0	0.0	0.0	2.0	6.0	0.0	CCRs_HUMAN_annotated_01501	True
InChI=1S/C19H12ClF3N2O4S/c20-13-1-6-17(16(11-13)18(26)12-7-9-24-10-8-12)25-30(27,28)15-4-2-14(3-5-15)29-19(21,22)23/h1-11,25H_on_P51686_WT	Low	ChEMBL31	ChEMBL31.compound.1070724	O=C(c1ccncc1)c1cc(Cl)ccc1NS(=O)(=O)c1ccc(OC(F)(F)F)cc1	XJNWBZFDSDEBRN-UHFFFAOYSA-N	InChI=1S/C19H12ClF3N2O4S/c20-13-1-6-17(16(11-13)18(26)12-7-9-24-10-8-12)25-30(27,28)15-4-2-14(3-5-15)29-19(21,22)23/h1-11,25H	"""AuxInfo=1/0/N:13,22,29,21,30,14,4,8,5,7,10,3,11,23,20,9,15,2,25,12,26,27,28,6,16,1,18,19,24,17/E:(2,3)(4,5)(7,8)(9,10)(21,22,23)(27,28)/CRV:30.6/rA:30OCCCCNCCCCCClCCCNSOOCCCCOCFFFCC/rB:d1;s2;d3;s4;d5;s6;s3d7;s2;d9;s10;s11;d11;s13;s9d14;s15;s16;d17;d17;s17;d20;s21;d22;s23;s24;s25;s25;s25;s23;s20d29;/rC:;;;;;;;;;;;;;;;;;;;;;;;;;;;;;;"""	P51686_WT	ChEMBL:CHEMBL5815;ChEMBL:CHEMBL5815	P51686	WT	CHEMBL3721193;CHEMBL3721192	PATENT:US7420055B2	2008.0	PATENT:US7420055B2	2008	1	0	0	0	0		>	  6.000;  6.000	6.0	0.0	0.0	2.0	6.0	0.0	CCRs_HUMAN_annotated_01502	True
InChI=1S/C19H12ClF3N2O4S/c20-13-3-8-17(16(10-13)18(26)12-2-1-9-24-11-12)25-30(27,28)15-6-4-14(5-7-15)29-19(21,22)23/h1-11,25H_on_P51686_WT	Low	ChEMBL31	ChEMBL31.compound.1070683	O=C(c1cnccc1)c1cc(Cl)ccc1NS(=O)(=O)c1ccc(OC(F)(F)F)cc1	YERSKXNAZSPKPN-UHFFFAOYSA-N	InChI=1S/C19H12ClF3N2O4S/c20-13-3-8-17(16(10-13)18(26)12-2-1-9-24-11-12)25-30(27,28)15-6-4-14(5-7-15)29-19(21,22)23/h1-11,25H	"""AuxInfo=1/0/N:7,8,13,22,29,21,30,14,6,10,4,3,11,23,20,9,15,2,25,12,26,27,28,5,16,1,18,19,24,17/E:(4,5)(6,7)(21,22,23)(27,28)/CRV:30.6/rA:30OCCCNCCCCCCClCCCNSOOCCCCOCFFFCC/rB:d1;s2;d3;s4;d5;s6;s3d7;s2;d9;s10;s11;d11;s13;s9d14;s15;s16;d17;d17;s17;d20;s21;d22;s23;s24;s25;s25;s25;s23;s20d29;/rC:;;;;;;;;;;;;;;;;;;;;;;;;;;;;;;"""	P51686_WT	ChEMBL:CHEMBL5815;ChEMBL:CHEMBL5815	P51686	WT	CHEMBL3721192;CHEMBL3721193	PATENT:US7420055B2	2008.0	PATENT:US7420055B2	2008	1	0	0	0	0		>	  6.000;  6.000	6.0	0.0	0.0	2.0	6.0	0.0	CCRs_HUMAN_annotated_01503	True
InChI=1S/C19H13Cl2NO5S/c20-12-4-3-5-14(10-12)28(25,26)22-16-11-13(21)8-9-18(16)27-17-7-2-1-6-15(17)19(23)24/h1-11,22H,(H,23,24)_on_P41597_WT	High	ExCAPE-DB;ChEMBL31	49798348;ChEMBL31.compound.141762	O=C(O)c1ccccc1Oc1ccc(Cl)cc1NS(=O)(=O)c1cccc(Cl)c1	YISILPLXQXBHSP-UHFFFAOYSA-N	InChI=1S/C19H13Cl2NO5S/c20-12-4-3-5-14(10-12)28(25,26)22-16-11-13(21)8-9-18(16)27-17-7-2-1-6-15(17)19(23)24/h1-11,22H,(H,23,24)	"""AuxInfo=1/1/N:6,7,24,25,23,5,8,13,12,28,16,26,14,22,4,17,9,11,2,27,15,18,1,3,20,21,10,19/E:(23,24)(25,26)/CRV:28.6/rA:28OCOCCCCCCOCCCCClCCNSOOCCCCCClC/rB:d1;s2;s2;d4;s5;d6;s7;s4d8;s9;s10;d11;s12;d13;s14;s14;s11d16;s17;s18;d19;d19;s19;d22;s23;d24;s25;s26;s22d26;/rC:;;;;;;;;;;;;;;;;;;;;;;;;;;;;"""	P41597_WT	EntrezID:729230;ChEMBL:CHEMBL4015	P41597	WT	PubChemAID:489703;CHEMBL1174375	PMID:20627722	2010.0	PubChemAID:489703;PMID:20627722	2010	0	0	0	0;1	1;0		=	  8.100;  8.100	8.1	0.0	0.0	2.0	8.1	0.0	CCRs_HUMAN_annotated_01510	True
InChI=1S/C19H13Cl2NO5S/c20-12-5-8-14(9-6-12)28(25,26)22-16-11-13(21)7-10-18(16)27-17-4-2-1-3-15(17)19(23)24/h1-11,22H,(H,23,24)_on_P41597_WT	High	ChEMBL31;ExCAPE-DB	ChEMBL31.compound.141766;49798323	O=C(O)c1c(Oc2ccc(Cl)cc2NS(=O)(=O)c2ccc(Cl)cc2)cccc1	UJVMKYVBFDLEFW-UHFFFAOYSA-N	InChI=1S/C19H13Cl2NO5S/c20-12-5-8-14(9-6-12)28(25,26)22-16-11-13(21)7-10-18(16)27-17-4-2-1-3-15(17)19(23)24/h1-11,22H,(H,23,24)	"""AuxInfo=1/1/N:27,26,28,25,20,23,9,19,24,8,12,21,10,18,4,13,5,7,2,22,11,14,1,3,16,17,6,15/E:(5,6)(8,9)(23,24)(25,26)/CRV:28.6/rA:28OCOCCOCCCCClCCNSOOCCCCClCCCCCC/rB:d1;s2;s2;d4;s5;s6;d7;s8;d9;s10;s10;s7d12;s13;s14;d15;d15;s15;d18;s19;d20;s21;s21;s18d23;s5;d25;s26;s4d27;/rC:;;;;;;;;;;;;;;;;;;;;;;;;;;;;"""	P41597_WT	ChEMBL:CHEMBL4015;EntrezID:729230	P41597	WT	CHEMBL1174375;PubChemAID:489703	PMID:20627722	2010.0	PMID:20627722;PubChemAID:489703	2010	0	0	0	1;0	0;1		=	  7.700;  7.700	7.7	0.0	0.0	2.0	7.7	0.0	CCRs_HUMAN_annotated_01511	True
InChI=1S/C19H13Cl2NO5S/c20-12-8-10-13(11-9-12)28(25,26)22-16-6-3-5-15(21)18(16)27-17-7-2-1-4-14(17)19(23)24/h1-11,22H,(H,23,24)_on_P41597_WT	High	ChEMBL31	ChEMBL31.compound.141765	O=C(O)c1c(Oc2c(Cl)cccc2NS(=O)(=O)c2ccc(Cl)cc2)cccc1	SIQSPIJXICYYSX-UHFFFAOYSA-N	InChI=1S/C19H13Cl2NO5S/c20-12-8-10-13(11-9-12)28(25,26)22-16-6-3-5-15(21)18(16)27-17-7-2-1-4-14(17)19(23)24/h1-11,22H,(H,23,24)	"""AuxInfo=1/1/N:27,26,11,28,10,12,25,20,23,19,24,21,18,4,8,13,5,7,2,22,9,14,1,3,16,17,6,15/E:(8,9)(10,11)(23,24)(25,26)/CRV:28.6/rA:28OCOCCOCCClCCCCNSOOCCCCClCCCCCC/rB:d1;s2;s2;d4;s5;s6;d7;s8;s8;d10;s11;s7d12;s13;s14;d15;d15;s15;d18;s19;d20;s21;s21;s18d23;s5;d25;s26;s4d27;/rC:;;;;;;;;;;;;;;;;;;;;;;;;;;;;"""	P41597_WT	ChEMBL:CHEMBL4015	P41597	WT	CHEMBL1174375	PMID:20627722	2010.0	PMID:20627722	2010	0	0	0	1	0		=	  6.400	6.4	0.0	0.0	1.0	6.4	0.0	CCRs_HUMAN_annotated_01512	True
InChI=1S/C19H13ClFNO5S/c20-12-5-8-14(9-6-12)28(25,26)22-16-11-13(21)7-10-18(16)27-17-4-2-1-3-15(17)19(23)24/h1-11,22H,(H,23,24)_on_P41597_WT	High	ChEMBL31;ExCAPE-DB	ChEMBL31.compound.141767;49798292	O=C(O)c1c(Oc2ccc(F)cc2NS(=O)(=O)c2ccc(Cl)cc2)cccc1	LEZFXNWLSJUDTJ-UHFFFAOYSA-N	InChI=1S/C19H13ClFNO5S/c20-12-5-8-14(9-6-12)28(25,26)22-16-11-13(21)7-10-18(16)27-17-4-2-1-3-15(17)19(23)24/h1-11,22H,(H,23,24)	"""AuxInfo=1/1/N:27,26,28,25,20,23,9,19,24,8,12,21,10,18,4,13,5,7,2,22,11,14,1,3,16,17,6,15/E:(5,6)(8,9)(23,24)(25,26)/CRV:28.6/rA:28OCOCCOCCCCFCCNSOOCCCCClCCCCCC/rB:d1;s2;s2;d4;s5;s6;d7;s8;d9;s10;s10;s7d12;s13;s14;d15;d15;s15;d18;s19;d20;s21;s21;s18d23;s5;d25;s26;s4d27;/rC:;;;;;;;;;;;;;;;;;;;;;;;;;;;;"""	P41597_WT	ChEMBL:CHEMBL4015;EntrezID:729230	P41597	WT	CHEMBL1174375;PubChemAID:489703	PMID:20627722	2010.0	PMID:20627722;PubChemAID:489703	2010	0	0	0	1;0	0;1		=	  7.400;  7.400	7.4	0.0	0.0	2.0	7.4	0.0	CCRs_HUMAN_annotated_01513	True
InChI=1S/C19H13ClFNO5S/c20-12-8-10-13(11-9-12)28(25,26)22-18-15(21)5-3-7-17(18)27-16-6-2-1-4-14(16)19(23)24/h1-11,22H,(H,23,24)_on_P41597_WT	Low	ChEMBL31	ChEMBL31.compound.1050688	O=C(O)c1c(Oc2cccc(F)c2NS(=O)(=O)c2ccc(Cl)cc2)cccc1	DCIFJRWUJPIGHB-UHFFFAOYSA-N	InChI=1S/C19H13ClFNO5S/c20-12-8-10-13(11-9-12)28(25,26)22-18-15(21)5-3-7-17(18)27-16-6-2-1-4-14(16)19(23)24/h1-11,22H,(H,23,24)	"""AuxInfo=1/1/N:27,26,9,28,10,25,8,20,23,19,24,21,18,4,11,5,7,13,2,22,12,14,1,3,16,17,6,15/E:(8,9)(10,11)(23,24)(25,26)/CRV:28.6/rA:28OCOCCOCCCCCFCNSOOCCCCClCCCCCC/rB:d1;s2;s2;d4;s5;s6;d7;s8;d9;s10;s11;s7d11;s13;s14;d15;d15;s15;d18;s19;d20;s21;s21;s18d23;s5;d25;s26;s4d27;/rC:;;;;;;;;;;;;;;;;;;;;;;;;;;;;"""	P41597_WT	ChEMBL:CHEMBL4015	P41597	WT	CHEMBL1174375	PMID:20627722	2010.0	PMID:20627722	2010	0	0	0	1	0		<	  5.500	5.5	0.0	0.0	1.0	5.5	0.0	CCRs_HUMAN_annotated_01514	True
InChI=1S/C19H14Cl2N2O6S2/c1-30(26,27)14-4-6-15(7-5-14)31(28,29)22-17-8-3-13(20)10-16(17)19(24)12-2-9-18(21)23(25)11-12/h2-11,22H,1H3_on_P51686_WT	Low	ChEMBL31	ChEMBL31.compound.1070692	CS(=O)(=O)c1ccc(S(=O)(=O)Nc2ccc(Cl)cc2C(=O)c2c[n+]([O-])c(Cl)cc2)cc1	LUXPDZYUMHGKGE-UHFFFAOYSA-N	InChI=1S/C19H14Cl2N2O6S2/c1-30(26,27)14-4-6-15(7-5-14)31(28,29)22-17-8-3-13(20)10-16(17)19(24)12-2-9-18(21)23(25)11-12/h2-11,22H,1H3	"""AuxInfo=1/0/N:1,29,15,6,31,7,30,14,28,18,23,22,16,5,8,19,13,26,20,17,27,12,24,21,25,3,4,10,11,2,9/E:(4,5)(6,7)(26,27)(28,29)/CRV:23.5,30.6,31.6/rA:31CSOOCCCCSOONCCCCClCCCOCCN+O-CClCCCC/rB:s1;d2;d2;s2;d5;s6;d7;s8;d9;d9;s9;s12;d13;s14;d15;s16;s16;s13d18;s19;d20;s20;d22;s23;s24;d24;s26;s26;s22d28;s8;s5d30;/rC:;;;;;;;;;;;;;;;;;;;;;;;;;;;;;;;"""	P51686_WT	ChEMBL:CHEMBL5815;ChEMBL:CHEMBL5815	P51686	WT	CHEMBL3721193;CHEMBL3721192	PATENT:US7420055B2	2008.0	PATENT:US7420055B2	2008	1	0	0	0	0		>	  6.000;  6.000	6.0	0.0	0.0	2.0	6.0	0.0	CCRs_HUMAN_annotated_01530	True
InChI=1S/C19H14Cl2N4OS/c20-13-6-7-16(15(21)9-13)27-11-14-10-18(26)25-19(22-14)23-17(24-25)8-12-4-2-1-3-5-12/h1-7,9-10,26H,8,11H2_on_P25025_WT	High	ChEMBL31	ChEMBL31.compound.227173	Oc1cc(CSc2ccc(Cl)cc2Cl)nc2nc(Cc3ccccc3)nn12	WLYSMGAYHNGSKB-UHFFFAOYSA-N	InChI=1S/C19H14Cl2N4OS/c20-13-6-7-16(15(21)9-13)27-11-14-10-18(26)25-19(22-14)23-17(24-25)8-12-4-2-1-3-5-12/h1-7,9-10,26H,8,11H2	"""AuxInfo=1/0/N:23,22,24,21,25,9,8,19,12,3,5,20,10,4,13,7,18,2,16,11,14,15,17,26,27,1,6/E:(2,3)(4,5)/rA:27OCCCCSCCCCClCCClNCNCCCCCCCCNN/rB:s1;d2;s3;s4;s5;s6;d7;s8;d9;s10;s10;s7d12;s13;d4;s15;d16;s17;s18;s19;d20;s21;d22;s23;s20d24;d18;s2s16s26;/rC:;;;;;;;;;;;;;;;;;;;;;;;;;;;"""	P25025_WT	ChEMBL:CHEMBL2434	P25025	WT	CHEMBL3107238	PMID:24332493	2014.0	PMID:24332493	2014	1	0	0	0	0		=	  5.320	5.32	0.0	0.0	1.0	5.32	0.0	CCRs_HUMAN_annotated_01531	True
InChI=1S/C19H14Cl2N4OS/c20-14-7-4-8-15(18(14)21)27-11-13-10-17(26)25-19(22-13)23-16(24-25)9-12-5-2-1-3-6-12/h1-8,10,26H,9,11H2_on_P25025_WT	High	ChEMBL31	ChEMBL31.compound.227172	Oc1cc(CSc2cccc(Cl)c2Cl)nc2nc(Cc3ccccc3)nn12	KNCDTUAZEGHEJC-UHFFFAOYSA-N	InChI=1S/C19H14Cl2N4OS/c20-14-7-4-8-15(18(14)21)27-11-13-10-17(26)25-19(22-13)23-16(24-25)9-12-5-2-1-3-6-12/h1-8,10,26H,9,11H2	"""AuxInfo=1/0/N:23,22,24,9,21,25,10,8,19,3,5,20,4,11,7,18,2,13,16,12,14,15,17,26,27,1,6/E:(2,3)(5,6)/rA:27OCCCCSCCCCCClCClNCNCCCCCCCCNN/rB:s1;d2;s3;s4;s5;s6;d7;s8;d9;s10;s11;s7d11;s13;d4;s15;d16;s17;s18;s19;d20;s21;d22;s23;s20d24;d18;s2s16s26;/rC:;;;;;;;;;;;;;;;;;;;;;;;;;;;"""	P25025_WT	ChEMBL:CHEMBL2434	P25025	WT	CHEMBL3107238	PMID:24332493	2014.0	PMID:24332493	2014	1	0	0	0	0		=	  5.770	5.77	0.0	0.0	1.0	5.77	0.0	CCRs_HUMAN_annotated_01532	True
InChI=1S/C19H14ClN3O3S/c20-13-10-16(24)18-17(11-13)27(25,26)23-19(22-18)21-15-9-5-4-8-14(15)12-6-2-1-3-7-12/h1-11,24H,(H2,21,22,23)_on_P25025_WT	High	ChEMBL31	ChEMBL31.compound.78700	O=S1(=O)NC(Nc2ccccc2-c2ccccc2)=Nc2c1cc(Cl)cc2O	ZMMHPWURJDODJF-UHFFFAOYSA-N	InChI=1S/C19H14ClN3O3S/c20-13-10-16(24)18-17(11-13)27(25,26)23-19(22-18)21-15-9-5-4-8-14(15)12-6-2-1-3-7-12/h1-11,24H,(H2,21,22,23)	"""AuxInfo=1/1/N:16,15,17,10,9,14,18,11,8,25,22,13,23,12,7,26,21,20,5,24,6,19,4,27,1,3,2/E:(2,3)(6,7)(25,26)/CRV:27.6/rA:27OSONCNCCCCCCCCCCCCNCCCCClCCO/rB:d1;d2;s2;s4;s5;s6;d7;s8;d9;s10;s7d11;s12;d13;s14;d15;s16;s13d17;w?5;s19;s2d20;s21;d22;s23;s23;s20d25;s26;/rC:;;;;;;;;;;;;;;;;;;;;;;;;;;;"""	P25025_WT	ChEMBL:CHEMBL2434	P25025	WT	CHEMBL896516	PMID:17524641	2007.0	PMID:17524641	2007	1	0	0	0	0		=	  6.640	6.64	0.0	0.0	1.0	6.64	0.0	CCRs_HUMAN_annotated_01534	True
InChI=1S/C19H14ClN3O4S/c20-12-10-15(24)18-17(11-12)28(25,26)23-19(22-18)21-14-8-4-5-9-16(14)27-13-6-2-1-3-7-13/h1-11,24H,(H2,21,22,23)_on_P25024_WT	High	ChEMBL31	ChEMBL31.compound.78698	O=S1(=O)NC(Nc2ccccc2Oc2ccccc2)=Nc2c1cc(Cl)cc2O	MMQIFRNECQUCRE-UHFFFAOYSA-N	InChI=1S/C19H14ClN3O4S/c20-12-10-15(24)18-17(11-12)28(25,26)23-19(22-18)21-14-8-4-5-9-16(14)27-13-6-2-1-3-7-13/h1-11,24H,(H2,21,22,23)	"""AuxInfo=1/1/N:17,16,18,9,10,15,19,8,11,26,23,24,14,7,27,12,22,21,5,25,6,20,4,28,1,3,13,2/E:(2,3)(6,7)(25,26)/CRV:28.6/rA:28OSONCNCCCCCCOCCCCCCNCCCCClCCO/rB:d1;d2;s2;s4;s5;s6;d7;s8;d9;s10;s7d11;s12;s13;d14;s15;d16;s17;s14d18;w?5;s20;s2d21;s22;d23;s24;s24;s21d26;s27;/rC:;;;;;;;;;;;;;;;;;;;;;;;;;;;;"""	P25024_WT	ChEMBL:CHEMBL4029	P25024	WT	CHEMBL896518	PMID:17524641	2007.0	PMID:17524641	2007	1	0	0	0	0		=	  4.700	4.7	0.0	0.0	1.0	4.7	0.0	CCRs_HUMAN_annotated_01535	True
InChI=1S/C19H14ClN3O4S/c20-12-10-15(24)18-17(11-12)28(25,26)23-19(22-18)21-14-8-4-5-9-16(14)27-13-6-2-1-3-7-13/h1-11,24H,(H2,21,22,23)_on_P25025_WT	High	ChEMBL31	ChEMBL31.compound.78698	O=S1(=O)NC(Nc2ccccc2Oc2ccccc2)=Nc2c1cc(Cl)cc2O	MMQIFRNECQUCRE-UHFFFAOYSA-N	InChI=1S/C19H14ClN3O4S/c20-12-10-15(24)18-17(11-12)28(25,26)23-19(22-18)21-14-8-4-5-9-16(14)27-13-6-2-1-3-7-13/h1-11,24H,(H2,21,22,23)	"""AuxInfo=1/1/N:17,16,18,9,10,15,19,8,11,26,23,24,14,7,27,12,22,21,5,25,6,20,4,28,1,3,13,2/E:(2,3)(6,7)(25,26)/CRV:28.6/rA:28OSONCNCCCCCCOCCCCCCNCCCCClCCO/rB:d1;d2;s2;s4;s5;s6;d7;s8;d9;s10;s7d11;s12;s13;d14;s15;d16;s17;s14d18;w?5;s20;s2d21;s22;d23;s24;s24;s21d26;s27;/rC:;;;;;;;;;;;;;;;;;;;;;;;;;;;;"""	P25025_WT	ChEMBL:CHEMBL2434;ChEMBL:CHEMBL2434	P25025	WT	CHEMBL896517;CHEMBL896516	PMID:17524641	2007.0	PMID:17524641	2007	1	0	0	0	0		=	  6.500;  7.270	6.885	0.385	0.385	2.0	6.885	0.385	CCRs_HUMAN_annotated_01536	True
InChI=1S/C19H14ClNO5S/c20-13-9-11-14(12-10-13)27(24,25)21-16-6-2-4-8-18(16)26-17-7-3-1-5-15(17)19(22)23/h1-12,21H,(H,22,23)_on_P32246_WT	High	ChEMBL31	ChEMBL31.compound.141771	O=C(O)c1c(Oc2ccccc2NS(=O)(=O)c2ccc(Cl)cc2)cccc1	IKYXYVLOGJLJTF-UHFFFAOYSA-N	InChI=1S/C19H14ClNO5S/c20-13-9-11-14(12-10-13)27(24,25)21-16-6-2-4-8-18(16)26-17-7-3-1-5-15(17)19(22)23/h1-12,21H,(H,22,23)	"""AuxInfo=1/1/N:26,10,25,9,27,11,24,8,19,22,18,23,20,17,4,12,5,7,2,21,13,1,3,15,16,6,14/E:(9,10)(11,12)(22,23)(24,25)/CRV:27.6/rA:27OCOCCOCCCCCCNSOOCCCCClCCCCCC/rB:d1;s2;s2;d4;s5;s6;d7;s8;d9;s10;s7d11;s12;s13;d14;d14;s14;d17;s18;d19;s20;s20;s17d22;s5;d24;s25;s4d26;/rC:;;;;;;;;;;;;;;;;;;;;;;;;;;;"""	P32246_WT	ChEMBL:CHEMBL2413	P32246	WT	CHEMBL1174378	PMID:20627722	2010.0	PMID:20627722	2010	0	0	0	1	0		=	  6.500	6.5	0.0	0.0	1.0	6.5	0.0	CCRs_HUMAN_annotated_01537	True
InChI=1S/C19H14ClNO5S/c20-13-9-11-14(12-10-13)27(24,25)21-16-6-2-4-8-18(16)26-17-7-3-1-5-15(17)19(22)23/h1-12,21H,(H,22,23)_on_P41597_WT	High	ChEMBL31	ChEMBL31.compound.141771	O=C(O)c1c(Oc2ccccc2NS(=O)(=O)c2ccc(Cl)cc2)cccc1	IKYXYVLOGJLJTF-UHFFFAOYSA-N	InChI=1S/C19H14ClNO5S/c20-13-9-11-14(12-10-13)27(24,25)21-16-6-2-4-8-18(16)26-17-7-3-1-5-15(17)19(22)23/h1-12,21H,(H,22,23)	"""AuxInfo=1/1/N:26,10,25,9,27,11,24,8,19,22,18,23,20,17,4,12,5,7,2,21,13,1,3,15,16,6,14/E:(9,10)(11,12)(22,23)(24,25)/CRV:27.6/rA:27OCOCCOCCCCCCNSOOCCCCClCCCCCC/rB:d1;s2;s2;d4;s5;s6;d7;s8;d9;s10;s7d11;s12;s13;d14;d14;s14;d17;s18;d19;s20;s20;s17d22;s5;d24;s25;s4d26;/rC:;;;;;;;;;;;;;;;;;;;;;;;;;;;"""	P41597_WT	ChEMBL:CHEMBL4015;ChEMBL:CHEMBL4015;ChEMBL:CHEMBL4015	P41597	WT	CHEMBL1174375;CHEMBL1174377;CHEMBL1174376	PMID:20627722	2010.0	PMID:20627722	2010	0	0	0	1	0		=	  6.600;  6.400;  6.400	6.467	0.094	0.067	3.0	6.4	0.0	CCRs_HUMAN_annotated_01538	True
InChI=1S/C19H14ClNO5S/c20-13-10-11-18(26-17-9-5-4-8-15(17)19(22)23)16(12-13)21-27(24,25)14-6-2-1-3-7-14/h1-12,21H,(H,22,23)_on_P41597_WT	High	ChEMBL31	ChEMBL31.compound.141763	O=C(O)c1c(Oc2ccc(Cl)cc2NS(=O)(=O)c2ccccc2)cccc1	FTEVPRNQTOCDGU-UHFFFAOYSA-N	InChI=1S/C19H14ClNO5S/c20-13-10-11-18(26-17-9-5-4-8-15(17)19(22)23)16(12-13)21-27(24,25)14-6-2-1-3-7-14/h1-12,21H,(H,22,23)	"""AuxInfo=1/1/N:21,20,22,26,25,19,23,27,24,9,8,12,10,18,4,13,5,7,2,11,14,1,3,16,17,6,15/E:(2,3)(6,7)(22,23)(24,25)/CRV:27.6/rA:27OCOCCOCCCCClCCNSOOCCCCCCCCCC/rB:d1;s2;s2;d4;s5;s6;d7;s8;d9;s10;s10;s7d12;s13;s14;d15;d15;s15;d18;s19;d20;s21;s18d22;s5;d24;s25;s4d26;/rC:;;;;;;;;;;;;;;;;;;;;;;;;;;;"""	P41597_WT	ChEMBL:CHEMBL4015	P41597	WT	CHEMBL1174375	PMID:20627722	2010.0	PMID:20627722	2010	0	0	0	1	0		=	  6.800	6.8	0.0	0.0	1.0	6.8	0.0	CCRs_HUMAN_annotated_01539	True
InChI=1S/C19H14F2N4OS/c20-14-7-4-8-15(18(14)21)27-11-13-10-17(26)25-19(22-13)23-16(24-25)9-12-5-2-1-3-6-12/h1-8,10,26H,9,11H2_on_P25025_WT	High	ChEMBL31;ChEMBL31;ExCAPE-DB	ChEMBL31.compound.227171;ChEMBL31.compound.227171;24804051	Oc1cc(CSc2cccc(F)c2F)nc2nc(Cc3ccccc3)nn12	CLDUEMBPMZJBCI-UHFFFAOYSA-N	InChI=1S/C19H14F2N4OS/c20-14-7-4-8-15(18(14)21)27-11-13-10-17(26)25-19(22-13)23-16(24-25)9-12-5-2-1-3-6-12/h1-8,10,26H,9,11H2	"""AuxInfo=1/0/N:23,22,24,9,21,25,10,8,19,3,5,20,4,11,7,18,2,13,16,12,14,15,17,26,27,1,6/E:(2,3)(5,6)/rA:27OCCCCSCCCCCFCFNCNCCCCCCCCNN/rB:s1;d2;s3;s4;s5;s6;d7;s8;d9;s10;s11;s7d11;s13;d4;s15;d16;s17;s18;s19;d20;s21;d22;s23;s20d24;d18;s2s16s26;/rC:;;;;;;;;;;;;;;;;;;;;;;;;;;;"""	P25025_WT	ChEMBL:CHEMBL2434;ChEMBL:CHEMBL2434;EntrezID:3579	P25025	WT	CHEMBL3107239;CHEMBL3107238;PubChemAID:1063166	PMID:24332493	2014.0	PMID:24332493;PMID:24332493;PubChemAID:1063166	2014	1;1;0	0	0	0	0;0;1		=	  6.480;  6.460;  6.481	6.474	0.01	0.007	3.0	6.48	0.001	CCRs_HUMAN_annotated_01541	True
InChI=1S/C19H14F2N4OS/c20-15-7-6-14(10-16(15)21)27-11-13-9-18(26)25-19(22-13)23-17(24-25)8-12-4-2-1-3-5-12/h1-7,9-10,26H,8,11H2_on_P25025_WT	High	ChEMBL31	ChEMBL31.compound.227170	Oc1cc(CSc2ccc(F)c(F)c2)nc2nc(Cc3ccccc3)nn12	ANHGTWBEUHFKLU-UHFFFAOYSA-N	InChI=1S/C19H14F2N4OS/c20-15-7-6-14(10-16(15)21)27-11-13-9-18(26)25-19(22-13)23-17(24-25)8-12-4-2-1-3-5-12/h1-7,9-10,26H,8,11H2	"""AuxInfo=1/0/N:23,22,24,21,25,8,9,19,3,14,5,20,4,7,10,12,18,2,16,11,13,15,17,26,27,1,6/E:(2,3)(4,5)/rA:27OCCCCSCCCCFCFCNCNCCCCCCCCNN/rB:s1;d2;s3;s4;s5;s6;d7;s8;d9;s10;s10;s12;s7d12;d4;s15;d16;s17;s18;s19;d20;s21;d22;s23;s20d24;d18;s2s16s26;/rC:;;;;;;;;;;;;;;;;;;;;;;;;;;;"""	P25025_WT	ChEMBL:CHEMBL2434	P25025	WT	CHEMBL3107238	PMID:24332493	2014.0	PMID:24332493	2014	1	0	0	0	0		=	  5.770	5.77	0.0	0.0	1.0	5.77	0.0	CCRs_HUMAN_annotated_01542	True
InChI=1S/C19H14N4O6S/c24-15-10-12(23(25)26)11-17-18(15)21-19(22-30(17,27)28)20-14-8-4-5-9-16(14)29-13-6-2-1-3-7-13/h1-11,24H,(H2,20,21,22)_on_P25024_WT	High	ChEMBL31	ChEMBL31.compound.78712	O=[N+]([O-])c1cc(O)c2N=C(Nc3ccccc3Oc3ccccc3)NS(=O)(=O)c2c1	YRQLRCRBEYSAIN-UHFFFAOYSA-N	InChI=1S/C19H14N4O6S/c24-15-10-12(23(25)26)11-17-18(15)21-19(22-30(17,27)28)20-14-8-4-5-9-16(14)29-13-6-2-1-3-7-13/h1-11,24H,(H2,20,21,22)	"""AuxInfo=1/1/N:22,21,23,14,15,20,24,13,16,5,30,4,19,12,6,17,29,8,10,11,9,25,2,7,1,3,27,28,18,26/E:(2,3)(6,7)(25,26)(27,28)/CRV:23.5,30.6/rA:30ON+O-CCCOCNCNCCCCCCOCCCCCCNSOOCC/rB:d1;s2;s2;d4;s5;s6;d6;s8;w?9;s10;s11;d12;s13;d14;s15;s12d16;s17;s18;d19;s20;d21;s22;s19d23;s10;s25;d26;d26;s8s26;s4d29;/rC:;;;;;;;;;;;;;;;;;;;;;;;;;;;;;;"""	P25024_WT	ChEMBL:CHEMBL4029	P25024	WT	CHEMBL896518	PMID:17524641	2007.0	PMID:17524641	2007	1	0	0	0	0		=	  5.120	5.12	0.0	0.0	1.0	5.12	0.0	CCRs_HUMAN_annotated_01551	True
InChI=1S/C19H14N4O6S/c24-15-10-12(23(25)26)11-17-18(15)21-19(22-30(17,27)28)20-14-8-4-5-9-16(14)29-13-6-2-1-3-7-13/h1-11,24H,(H2,20,21,22)_on_P25025_WT	High	ChEMBL31	ChEMBL31.compound.78712	O=[N+]([O-])c1cc(O)c2N=C(Nc3ccccc3Oc3ccccc3)NS(=O)(=O)c2c1	YRQLRCRBEYSAIN-UHFFFAOYSA-N	InChI=1S/C19H14N4O6S/c24-15-10-12(23(25)26)11-17-18(15)21-19(22-30(17,27)28)20-14-8-4-5-9-16(14)29-13-6-2-1-3-7-13/h1-11,24H,(H2,20,21,22)	"""AuxInfo=1/1/N:22,21,23,14,15,20,24,13,16,5,30,4,19,12,6,17,29,8,10,11,9,25,2,7,1,3,27,28,18,26/E:(2,3)(6,7)(25,26)(27,28)/CRV:23.5,30.6/rA:30ON+O-CCCOCNCNCCCCCCOCCCCCCNSOOCC/rB:d1;s2;s2;d4;s5;s6;d6;s8;w?9;s10;s11;d12;s13;d14;s15;s12d16;s17;s18;d19;s20;d21;s22;s19d23;s10;s25;d26;d26;s8s26;s4d29;/rC:;;;;;;;;;;;;;;;;;;;;;;;;;;;;;;"""	P25025_WT	ChEMBL:CHEMBL2434;ChEMBL:CHEMBL2434	P25025	WT	CHEMBL896516;CHEMBL896517	PMID:17524641	2007.0	PMID:17524641	2007	1	0	0	0	0		=	  7.270;  6.310	6.79	0.48	0.48	2.0	6.79	0.48	CCRs_HUMAN_annotated_01552	True
InChI=1S/C19H14N6OS/c20-11-14-7-4-8-21-18(14)27-12-15-10-17(26)25-19(22-15)23-16(24-25)9-13-5-2-1-3-6-13/h1-8,10,26H,9,12H2_on_P25025_WT	High	ChEMBL31	ChEMBL31.compound.227178	N#Cc1c(SCc2nc3nc(Cc4ccccc4)nn3c(O)c2)nccc1	SCIGKGRTWUSJMZ-UHFFFAOYSA-N	InChI=1S/C19H14N6OS/c20-11-14-7-4-8-21-18(14)27-12-15-10-17(26)25-19(22-15)23-16(24-25)9-13-5-2-1-3-6-13/h1-8,10,26H,9,12H2	"""AuxInfo=1/0/N:16,15,17,26,14,18,27,25,12,23,2,6,13,3,7,11,21,4,9,1,24,8,10,19,20,22,5/E:(2,3)(5,6)/rA:27NCCCSCCNCNCCCCCCCCNNCOCNCCC/rB:t1;s2;d3;s4;s5;s6;d7;s8;d9;s10;s11;s12;d13;s14;d15;s16;s13d17;d11;s9s19;s20;s21;s7d21;s4;d24;s25;s3d26;/rC:;;;;;;;;;;;;;;;;;;;;;;;;;;;"""	P25025_WT	ChEMBL:CHEMBL2434	P25025	WT	CHEMBL3107238	PMID:24332493	2014.0	PMID:24332493	2014	1	0	0	0	0		=	  4.890	4.89	0.0	0.0	1.0	4.89	0.0	CCRs_HUMAN_annotated_01553	True
InChI=1S/C19H15BrN2O4S/c1-26-15-3-5-16(6-4-15)27(24,25)22-18-7-2-14(20)12-17(18)19(23)13-8-10-21-11-9-13/h2-12,22H,1H3_on_P51686_WT	High	ChEMBL31	ChEMBL31.compound.285466	COc1ccc(S(=O)(=O)Nc2ccc(Br)cc2C(=O)c2ccncc2)cc1	GFCASFOMTBNPEX-UHFFFAOYSA-N	InChI=1S/C19H15BrN2O4S/c1-26-15-3-5-16(6-4-15)27(24,25)22-18-7-2-14(20)12-17(18)19(23)13-8-10-21-11-9-13/h2-12,22H,1H3	"""AuxInfo=1/0/N:1,13,4,27,5,26,12,21,25,22,24,16,20,14,3,6,17,11,18,15,23,10,19,8,9,2,7/E:(3,4)(5,6)(8,9)(10,11)(24,25)/CRV:27.6/rA:27COCCCCSOONCCCCBrCCCOCCCNCCCC/rB:s1;s2;d3;s4;d5;s6;d7;d7;s7;s10;d11;s12;d13;s14;s14;s11d16;s17;d18;s18;d20;s21;d22;s23;s20d24;s6;s3d26;/rC:;;;;;;;;;;;;;;;;;;;;;;;;;;;"""	P51686_WT	ChEMBL:CHEMBL5815;ChEMBL:CHEMBL5815	P51686	WT	CHEMBL3721199;CHEMBL3721196	PATENT:US7420055B2	2008.0	PATENT:US7582661B2	2009	1	0	0	0	0		=	  6.000;  6.000	6.0	0.0	0.0	2.0	6.0	0.0	CCRs_HUMAN_annotated_01556	True
InChI=1S/C19H15BrN2O5S2/c1-28(24,25)15-3-5-16(6-4-15)29(26,27)22-18-7-2-14(20)12-17(18)19(23)13-8-10-21-11-9-13/h2-12,22H,1H3_on_P51686_WT	High	ChEMBL31	ChEMBL31.compound.285508	CS(=O)(=O)c1ccc(S(=O)(=O)Nc2ccc(Br)cc2C(=O)c2ccncc2)cc1	DZRGWDNZRXMHAP-UHFFFAOYSA-N	InChI=1S/C19H15BrN2O5S2/c1-28(24,25)15-3-5-16(6-4-15)29(26,27)22-18-7-2-14(20)12-17(18)19(23)13-8-10-21-11-9-13/h2-12,22H,1H3	"""AuxInfo=1/0/N:1,15,6,29,7,28,14,23,27,24,26,18,22,16,5,8,19,13,20,17,25,12,21,3,4,10,11,2,9/E:(3,4)(5,6)(8,9)(10,11)(24,25)(26,27)/CRV:28.6,29.6/rA:29CSOOCCCCSOONCCCCBrCCCOCCCNCCCC/rB:s1;d2;d2;s2;d5;s6;d7;s8;d9;d9;s9;s12;d13;s14;d15;s16;s16;s13d18;s19;d20;s20;d22;s23;d24;s25;s22d26;s8;s5d28;/rC:;;;;;;;;;;;;;;;;;;;;;;;;;;;;;"""	P51686_WT	ChEMBL:CHEMBL5815;ChEMBL:CHEMBL5815	P51686	WT	CHEMBL3721199;CHEMBL3721196	PATENT:US7420055B2	2008.0	PATENT:US7582661B2	2009	1	0	0	0	0		=	  7.000;  7.000	7.0	0.0	0.0	2.0	7.0	0.0	CCRs_HUMAN_annotated_01557	True
InChI=1S/C19H15ClN2O3S/c1-13-2-5-16(6-3-13)26(24,25)22-18-7-4-15(20)12-17(18)19(23)14-8-10-21-11-9-14/h2-12,22H,1H3_on_P51686_WT	High	ChEMBL31	ChEMBL31.compound.285510	Cc1ccc(S(=O)(=O)Nc2ccc(Cl)cc2C(=O)c2ccncc2)cc1	KVFTWDNYNCLZKA-UHFFFAOYSA-N	InChI=1S/C19H15ClN2O3S/c1-13-2-5-16(6-3-13)26(24,25)22-18-7-4-15(20)12-17(18)19(23)14-8-10-21-11-9-14/h2-12,22H,1H3	"""AuxInfo=1/0/N:1,3,26,12,4,25,11,20,24,21,23,15,2,19,13,5,16,10,17,14,22,9,18,7,8,6/E:(2,3)(5,6)(8,9)(10,11)(24,25)/CRV:26.6/rA:26CCCCCSOONCCCCClCCCOCCCNCCCC/rB:s1;d2;s3;d4;s5;d6;d6;s6;s9;d10;s11;d12;s13;s13;s10d15;s16;d17;s17;d19;s20;d21;s22;s19d23;s5;s2d25;/rC:;;;;;;;;;;;;;;;;;;;;;;;;;;"""	P51686_WT	ChEMBL:CHEMBL5815;ChEMBL:CHEMBL5815	P51686	WT	CHEMBL3721196;CHEMBL3721199	PATENT:US7420055B2	2008.0	PATENT:US7582661B2	2009	1	0	0	0	0		=	  7.000;  7.000	7.0	0.0	0.0	2.0	7.0	0.0	CCRs_HUMAN_annotated_01574	True
InChI=1S/C19H15ClN2O4S/c1-26-14-6-8-15(9-7-14)27(24,25)22-17-10-5-13(20)12-16(17)19(23)18-4-2-3-11-21-18/h2-12,22H,1H3_on_P51686_WT	High	ChEMBL31	ChEMBL31.compound.285507	COc1ccc(S(=O)(=O)Nc2ccc(Cl)cc2C(=O)c2ccccn2)cc1	WMHPYCQFQYWTAN-UHFFFAOYSA-N	InChI=1S/C19H15ClN2O4S/c1-26-14-6-8-15(9-7-14)27(24,25)22-17-10-5-13(20)12-16(17)19(23)18-4-2-3-11-21-18/h2-12,22H,1H3	"""AuxInfo=1/0/N:1,22,23,21,13,4,27,5,26,12,24,16,14,3,6,17,11,20,18,15,25,10,19,8,9,2,7/E:(6,7)(8,9)(24,25)/CRV:27.6/rA:27COCCCCSOONCCCCClCCCOCCCCCNCC/rB:s1;s2;d3;s4;d5;s6;d7;d7;s7;s10;d11;s12;d13;s14;s14;s11d16;s17;d18;s18;d20;s21;d22;s23;s20d24;s6;s3d26;/rC:;;;;;;;;;;;;;;;;;;;;;;;;;;;"""	P51686_WT	ChEMBL:CHEMBL5815;ChEMBL:CHEMBL5815	P51686	WT	CHEMBL3721196;CHEMBL3721199	PATENT:US7582661B2	2009.0	PATENT:US7582661B2	2009	1	0	0	0	0		=	  7.000;  7.000	7.0	0.0	0.0	2.0	7.0	0.0	CCRs_HUMAN_annotated_01575	True
InChI=1S/C19H15ClN2O4S/c1-26-15-3-5-16(6-4-15)27(24,25)22-18-7-2-14(20)12-17(18)19(23)13-8-10-21-11-9-13/h2-12,22H,1H3_on_P51686_WT	Low	ChEMBL31	ChEMBL31.compound.1070721	COc1ccc(S(=O)(=O)Nc2ccc(Cl)cc2C(=O)c2ccncc2)cc1	OMIPMPIZYDXFMI-UHFFFAOYSA-N	InChI=1S/C19H15ClN2O4S/c1-26-15-3-5-16(6-4-15)27(24,25)22-18-7-2-14(20)12-17(18)19(23)13-8-10-21-11-9-13/h2-12,22H,1H3	"""AuxInfo=1/0/N:1,13,4,27,5,26,12,21,25,22,24,16,20,14,3,6,17,11,18,15,23,10,19,8,9,2,7/E:(3,4)(5,6)(8,9)(10,11)(24,25)/CRV:27.6/rA:27COCCCCSOONCCCCClCCCOCCCNCCCC/rB:s1;s2;d3;s4;d5;s6;d7;d7;s7;s10;d11;s12;d13;s14;s14;s11d16;s17;d18;s18;d20;s21;d22;s23;s20d24;s6;s3d26;/rC:;;;;;;;;;;;;;;;;;;;;;;;;;;;"""	P51686_WT	ChEMBL:CHEMBL5815;ChEMBL:CHEMBL5815	P51686	WT	CHEMBL3721193;CHEMBL3721192	PATENT:US7420055B2	2008.0	PATENT:US7420055B2	2008	1	0	0	0	0		>	  6.000;  6.000	6.0	0.0	0.0	2.0	6.0	0.0	CCRs_HUMAN_annotated_01576	True
InChI=1S/C19H15ClN2O5S2/c1-28(24,25)15-3-5-16(6-4-15)29(26,27)22-18-7-2-14(20)12-17(18)19(23)13-8-10-21-11-9-13/h2-12,22H,1H3_on_P51686_WT	High	ChEMBL31	ChEMBL31.compound.285467	CS(=O)(=O)c1ccc(S(=O)(=O)Nc2ccc(Cl)cc2C(=O)c2ccncc2)cc1	MMSSACANTYGWFF-UHFFFAOYSA-N	InChI=1S/C19H15ClN2O5S2/c1-28(24,25)15-3-5-16(6-4-15)29(26,27)22-18-7-2-14(20)12-17(18)19(23)13-8-10-21-11-9-13/h2-12,22H,1H3	"""AuxInfo=1/0/N:1,15,6,29,7,28,14,23,27,24,26,18,22,16,5,8,19,13,20,17,25,12,21,3,4,10,11,2,9/E:(3,4)(5,6)(8,9)(10,11)(24,25)(26,27)/CRV:28.6,29.6/rA:29CSOOCCCCSOONCCCCClCCCOCCCNCCCC/rB:s1;d2;d2;s2;d5;s6;d7;s8;d9;d9;s9;s12;d13;s14;d15;s16;s16;s13d18;s19;d20;s20;d22;s23;d24;s25;s22d26;s8;s5d28;/rC:;;;;;;;;;;;;;;;;;;;;;;;;;;;;;"""	P51686_WT	ChEMBL:CHEMBL5815;ChEMBL:CHEMBL5815	P51686	WT	CHEMBL3721199;CHEMBL3721196	PATENT:US7420055B2	2008.0	PATENT:US7582661B2	2009	1	0	0	0	0		=	  6.000;  6.000	6.0	0.0	0.0	2.0	6.0	0.0	CCRs_HUMAN_annotated_01577	True
InChI=1S/C19H15ClN2O5S2/c1-28(24,25)15-5-7-16(8-6-15)29(26,27)22-18-9-4-14(20)11-17(18)19(23)13-3-2-10-21-12-13/h2-12,22H,1H3_on_P51686_WT	Low	ChEMBL31	ChEMBL31.compound.1070967	CS(=O)(=O)c1ccc(S(=O)(=O)Nc2ccc(Cl)cc2C(=O)c2cnccc2)cc1	KQVKONIVITVLAM-UHFFFAOYSA-N	InChI=1S/C19H15ClN2O5S2/c1-28(24,25)15-5-7-16(8-6-15)29(26,27)22-18-9-4-14(20)11-17(18)19(23)13-3-2-10-21-12-13/h2-12,22H,1H3	"""AuxInfo=1/0/N:1,26,27,15,6,29,7,28,14,25,18,23,22,16,5,8,19,13,20,17,24,12,21,3,4,10,11,2,9/E:(5,6)(7,8)(24,25)(26,27)/CRV:28.6,29.6/rA:29CSOOCCCCSOONCCCCClCCCOCCNCCCCC/rB:s1;d2;d2;s2;d5;s6;d7;s8;d9;d9;s9;s12;d13;s14;d15;s16;s16;s13d18;s19;d20;s20;d22;s23;d24;s25;s22d26;s8;s5d28;/rC:;;;;;;;;;;;;;;;;;;;;;;;;;;;;;"""	P51686_WT	ChEMBL:CHEMBL5815;ChEMBL:CHEMBL5815	P51686	WT	CHEMBL3721196;CHEMBL3721199	PATENT:US7582661B2	2009.0	PATENT:US7582661B2	2009	1	0	0	0	0		>	  7.000;  7.000	7.0	0.0	0.0	2.0	7.0	0.0	CCRs_HUMAN_annotated_01578	True
InChI=1S/C19H16BrNO3/c1-11-3-9-15(10-4-11)21-17(13-5-7-14(20)8-6-13)16(12(2)22)18(23)19(21)24/h3-10,17,23H,1-2H3_on_P32246_WT	High	ChEMBL31	ChEMBL31.compound.414409	CC(=O)C1=C(O)C(=O)N(c2ccc(C)cc2)C1c1ccc(Br)cc1	DNMIVGPRKRLQLY-UHFFFAOYSA-N	InChI=1S/C19H16BrNO3/c1-11-3-9-15(10-4-11)21-17(13-5-7-14(20)8-6-13)16(12(2)22)18(23)19(21)24/h3-10,17,23H,1-2H3	"""AuxInfo=1/0/N:14,1,12,15,19,24,20,23,11,16,13,2,18,21,10,4,17,5,7,22,9,3,6,8/E:(3,4)(5,6)(7,8)(9,10)/rA:24CCOCCOCONCCCCCCCCCCCCBrCC/rB:s1;d2;s2;w?4;s5;s5;d7;s7;s9;d10;s11;d12;s13;s13;s10d15;s4s9;s17;d18;s19;d20;s21;s21;s18d23;/rC:;;;;;;;;;;;;;;;;;;;;;;;;"""	P32246_WT	ChEMBL:CHEMBL2413;ChEMBL:CHEMBL2413	P32246	WT	CHEMBL4371695	PMID:30256641	2018.0	PMID:30256641	2018	0	0	0	1	0		=	  7.060;  7.070	7.065	0.005	0.005	2.0	7.065	0.005	CCRs_HUMAN_annotated_01603	True
InChI=1S/C19H16BrNO3/c1-11-3-9-15(10-4-11)21-17(13-5-7-14(20)8-6-13)16(12(2)22)18(23)19(21)24/h3-10,17,23H,1-2H3_on_P41597_WT	High	ChEMBL31	ChEMBL31.compound.414409	CC(=O)C1=C(O)C(=O)N(c2ccc(C)cc2)C1c1ccc(Br)cc1	DNMIVGPRKRLQLY-UHFFFAOYSA-N	InChI=1S/C19H16BrNO3/c1-11-3-9-15(10-4-11)21-17(13-5-7-14(20)8-6-13)16(12(2)22)18(23)19(21)24/h3-10,17,23H,1-2H3	"""AuxInfo=1/0/N:14,1,12,15,19,24,20,23,11,16,13,2,18,21,10,4,17,5,7,22,9,3,6,8/E:(3,4)(5,6)(7,8)(9,10)/rA:24CCOCCOCONCCCCCCCCCCCCBrCC/rB:s1;d2;s2;w?4;s5;s5;d7;s7;s9;d10;s11;d12;s13;s13;s10d15;s4s9;s17;d18;s19;d20;s21;s21;s18d23;/rC:;;;;;;;;;;;;;;;;;;;;;;;;"""	P41597_WT	ChEMBL:CHEMBL4015;ChEMBL:CHEMBL4015	P41597	WT	CHEMBL4371696	PMID:30256641	2018.0	PMID:30256641	2018	0	0	0	1	0		=	  6.670;  6.670	6.67	0.0	0.0	2.0	6.67	0.0	CCRs_HUMAN_annotated_01604	True
InChI=1S/C19H16BrNO3/c1-11-6-8-15(9-7-11)21-17(13-4-3-5-14(20)10-13)16(12(2)22)18(23)19(21)24/h3-10,17,23H,1-2H3_on_P32246_WT	High	ChEMBL31	ChEMBL31.compound.414414	CC(=O)C1=C(O)C(=O)N(c2ccc(C)cc2)C1c1cc(Br)ccc1	BGBRHBARMKGFLG-UHFFFAOYSA-N	InChI=1S/C19H16BrNO3/c1-11-6-8-15(9-7-11)21-17(13-4-3-5-14(20)10-13)16(12(2)22)18(23)19(21)24/h3-10,17,23H,1-2H3	"""AuxInfo=1/0/N:14,1,23,24,22,12,15,11,16,19,13,2,18,20,10,4,17,5,7,21,9,3,6,8/E:(6,7)(8,9)/rA:24CCOCCOCONCCCCCCCCCCCBrCCC/rB:s1;d2;s2;w?4;s5;s5;d7;s7;s9;d10;s11;d12;s13;s13;s10d15;s4s9;s17;d18;s19;s20;d20;s22;s18d23;/rC:;;;;;;;;;;;;;;;;;;;;;;;;"""	P32246_WT	ChEMBL:CHEMBL2413;ChEMBL:CHEMBL2413	P32246	WT	CHEMBL4371695	PMID:30256641	2018.0	PMID:30256641	2018	0	0	0	1	0		=	  6.740;  6.740	6.74	0.0	0.0	2.0	6.74	0.0	CCRs_HUMAN_annotated_01605	True
InChI=1S/C19H16ClN3O3S2/c1-26-15-9-5-8-14-18(15)19(21-23(14)12-13-6-3-2-4-7-13)22-28(24,25)17-11-10-16(20)27-17/h2-11H,12H2,1H3,(H,21,22)_on_P51679_WT	High	ChEMBL31	ChEMBL31.compound.178505	COc1cccc2c1c(NS(=O)(=O)c1ccc(Cl)s1)nn2Cc1ccccc1	YVAZVUOWPQLLBX-UHFFFAOYSA-N	InChI=1S/C19H16ClN3O3S2/c1-26-15-9-5-8-14-18(15)19(21-23(14)12-13-6-3-2-4-7-13)22-28(24,25)17-11-10-16(20)27-17/h2-11H,12H2,1H3,(H,21,22)	"""AuxInfo=1/1/N:1,26,25,27,5,24,28,6,4,16,15,22,23,7,3,17,14,8,9,18,20,10,21,12,13,2,19,11/E:(3,4)(6,7)(24,25)/CRV:28.6/rA:28COCCCCCCCNSOOCCCCClSNNCCCCCCC/rB:s1;s2;d3;s4;d5;s6;s3d7;s8;s9;s10;d11;d11;s11;d14;s15;d16;s17;s14s17;d9;s7s20;s21;s22;d23;s24;d25;s26;s23d27;/rC:;;;;;;;;;;;;;;;;;;;;;;;;;;;;"""	P51679_WT	ChEMBL:CHEMBL2414;ChEMBL:CHEMBL2414;ChEMBL:CHEMBL2414	P51679	WT	CHEMBL2019173;CHEMBL2019171;CHEMBL2019170	PMID:22437117	2012.0	PMID:22437117	2012	0;0;1	0	1;0;0	0;1;0	0		=	  5.200;  6.600;  6.410	6.07	0.62	0.438	3.0	6.41	0.19	CCRs_HUMAN_annotated_01606	True
InChI=1S/C19H16ClN5O/c1-11-5-7-13(8-6-11)16-15(10-12-3-2-4-14(20)9-12)17(26)25-19(22-16)23-18(21)24-25/h2-9,26H,10H2,1H3,(H2,21,24)_on_P41597_WT	High	ChEMBL31	ChEMBL31.compound.403351	Cc1ccc(-c2nc3nc(N)nn3c(O)c2Cc2cccc(Cl)c2)cc1	KLZBUICBPRWAEF-UHFFFAOYSA-N	InChI=1S/C19H16ClN5O/c1-11-5-7-13(8-6-11)16-15(10-12-3-2-4-14(20)9-12)17(26)25-19(22-16)23-18(21)24-25/h2-9,26H,10H2,1H3,(H2,21,24)	"""AuxInfo=1/1/N:1,20,19,21,3,26,4,25,24,17,2,18,5,22,16,6,14,10,8,23,11,7,9,12,13,15/E:(5,6)(7,8)/rA:26CCCCCCNCNCNNNCOCCCCCCCClCCC/rB:s1;d2;s3;d4;s5;d6;s7;d8;s9;s10;d10;s8s12;s13;s14;s6d14;s16;s17;d18;s19;d20;s21;s22;s18d22;s5;s2d25;/rC:;;;;;;;;;;;;;;;;;;;;;;;;;;"""	P41597_WT	ChEMBL:CHEMBL4015;ChEMBL:CHEMBL4015	P41597	WT	CHEMBL4324717	PMID:31742400	2019.0	PMID:31742400	2019	0	0	0	1	0		=	  6.810;  6.800	6.805	0.005	0.005	2.0	6.805	0.005	CCRs_HUMAN_annotated_01609	True
InChI=1S/C19H16ClNO3/c1-11-3-9-15(10-4-11)21-17(13-5-7-14(20)8-6-13)16(12(2)22)18(23)19(21)24/h3-10,17,23H,1-2H3_on_P32246_WT	High	ChEMBL31	ChEMBL31.compound.414410	CC(=O)C1=C(O)C(=O)N(c2ccc(C)cc2)C1c1ccc(Cl)cc1	RMFBDGDNDXDJJH-UHFFFAOYSA-N	InChI=1S/C19H16ClNO3/c1-11-3-9-15(10-4-11)21-17(13-5-7-14(20)8-6-13)16(12(2)22)18(23)19(21)24/h3-10,17,23H,1-2H3	"""AuxInfo=1/0/N:14,1,12,15,19,24,20,23,11,16,13,2,18,21,10,4,17,5,7,22,9,3,6,8/E:(3,4)(5,6)(7,8)(9,10)/rA:24CCOCCOCONCCCCCCCCCCCCClCC/rB:s1;d2;s2;w?4;s5;s5;d7;s7;s9;d10;s11;d12;s13;s13;s10d15;s4s9;s17;d18;s19;d20;s21;s21;s18d23;/rC:;;;;;;;;;;;;;;;;;;;;;;;;"""	P32246_WT	ChEMBL:CHEMBL2413;ChEMBL:CHEMBL2413	P32246	WT	CHEMBL4371695	PMID:30256641	2018.0	PMID:30256641	2018	0	0	0	1	0		=	  7.170;  7.170	7.17	0.0	0.0	2.0	7.17	0.0	CCRs_HUMAN_annotated_01610	True
InChI=1S/C19H16ClNO3/c1-11-3-9-15(10-4-11)21-17(13-5-7-14(20)8-6-13)16(12(2)22)18(23)19(21)24/h3-10,17,23H,1-2H3_on_P41597_WT	High	ChEMBL31	ChEMBL31.compound.414410	CC(=O)C1=C(O)C(=O)N(c2ccc(C)cc2)C1c1ccc(Cl)cc1	RMFBDGDNDXDJJH-UHFFFAOYSA-N	InChI=1S/C19H16ClNO3/c1-11-3-9-15(10-4-11)21-17(13-5-7-14(20)8-6-13)16(12(2)22)18(23)19(21)24/h3-10,17,23H,1-2H3	"""AuxInfo=1/0/N:14,1,12,15,19,24,20,23,11,16,13,2,18,21,10,4,17,5,7,22,9,3,6,8/E:(3,4)(5,6)(7,8)(9,10)/rA:24CCOCCOCONCCCCCCCCCCCCClCC/rB:s1;d2;s2;w?4;s5;s5;d7;s7;s9;d10;s11;d12;s13;s13;s10d15;s4s9;s17;d18;s19;d20;s21;s21;s18d23;/rC:;;;;;;;;;;;;;;;;;;;;;;;;"""	P41597_WT	ChEMBL:CHEMBL4015;ChEMBL:CHEMBL4015	P41597	WT	CHEMBL4371696	PMID:30256641	2018.0	PMID:30256641	2018	0	0	0	1	0		=	  6.680;  6.700	6.69	0.01	0.01	2.0	6.69	0.01	CCRs_HUMAN_annotated_01611	True
InChI=1S/C19H16ClNO3/c1-11-6-8-15(9-7-11)21-17(13-4-3-5-14(20)10-13)16(12(2)22)18(23)19(21)24/h3-10,17,23H,1-2H3_on_P32246_WT	High	ChEMBL31	ChEMBL31.compound.414415	CC(=O)C1=C(O)C(=O)N(c2ccc(C)cc2)C1c1cc(Cl)ccc1	QBFPLWKBLBQKTJ-UHFFFAOYSA-N	InChI=1S/C19H16ClNO3/c1-11-6-8-15(9-7-11)21-17(13-4-3-5-14(20)10-13)16(12(2)22)18(23)19(21)24/h3-10,17,23H,1-2H3	"""AuxInfo=1/0/N:14,1,23,24,22,12,15,11,16,19,13,2,18,20,10,4,17,5,7,21,9,3,6,8/E:(6,7)(8,9)/rA:24CCOCCOCONCCCCCCCCCCCClCCC/rB:s1;d2;s2;w?4;s5;s5;d7;s7;s9;d10;s11;d12;s13;s13;s10d15;s4s9;s17;d18;s19;s20;d20;s22;s18d23;/rC:;;;;;;;;;;;;;;;;;;;;;;;;"""	P32246_WT	ChEMBL:CHEMBL2413;ChEMBL:CHEMBL2413	P32246	WT	CHEMBL4371695	PMID:30256641	2018.0	PMID:30256641	2018	0	0	0	1	0		=	  6.700;  6.700	6.7	0.0	0.0	2.0	6.7	0.0	CCRs_HUMAN_annotated_01612	True
InChI=1S/C19H16N4OS/c24-18-12-15(13-25-16-9-5-2-6-10-16)20-19-21-17(22-23(18)19)11-14-7-3-1-4-8-14/h1-10,12,24H,11,13H2_on_P25025_WT	High	ChEMBL31	ChEMBL31.compound.227181	Oc1cc(CSc2ccccc2)nc2nc(Cc3ccccc3)nn12	UOBSUDRNOYUQQK-UHFFFAOYSA-N	InChI=1S/C19H16N4OS/c24-18-12-15(13-25-16-9-5-2-6-10-16)20-19-21-17(22-23(18)19)11-14-7-3-1-4-8-14/h1-10,12,24H,11,13H2	"""AuxInfo=1/0/N:21,10,20,22,9,11,19,23,8,12,17,3,5,18,4,7,16,2,14,13,15,24,25,1,6/E:(3,4)(5,6)(7,8)(9,10)/rA:25OCCCCSCCCCCCNCNCCCCCCCCNN/rB:s1;d2;s3;s4;s5;s6;d7;s8;d9;s10;s7d11;d4;s13;d14;s15;s16;s17;d18;s19;d20;s21;s18d22;d16;s2s14s24;/rC:;;;;;;;;;;;;;;;;;;;;;;;;;"""	P25025_WT	ChEMBL:CHEMBL2434	P25025	WT	CHEMBL3107238	PMID:24332493	2014.0	PMID:24332493	2014	1	0	0	0	0		=	  6.090	6.09	0.0	0.0	1.0	6.09	0.0	CCRs_HUMAN_annotated_01624	True
InChI=1S/C19H17Cl2NO5S/c1-2-7-27-17-15(21)8-14(20)9-16(17)28(25,26)22-19(18(23)24)10-12-5-3-4-6-13(12)11-19/h2-6,8-9,22H,1,7,10-11H2,(H,23,24)_on_P32302_WT	High	ChEMBL31	ChEMBL31.compound.284401	C=CCOc1c(Cl)cc(Cl)cc1S(=O)(=O)NC1(C(=O)O)Cc2c(cccc2)C1	YIJFSXUJEOMRLN-UHFFFAOYSA-N	InChI=1S/C19H17Cl2NO5S/c1-2-7-27-17-15(21)8-14(20)9-16(17)28(25,26)22-19(18(23)24)10-12-5-3-4-6-13(12)11-19/h2-6,8-9,22H,1,7,10-11H2,(H,23,24)	"""AuxInfo=1/1/N:1,2,25,26,24,27,3,8,11,28,21,23,22,9,6,12,5,18,17,10,7,16,19,20,14,15,4,13/E:(3,4)(5,6)(10,11)(12,13)(23,24)(25,26)/CRV:28.6/rA:28CCCOCCClCCClCCSOONCCOOCCCCCCCC/rB:d1;s2;s3;s4;d5;s6;s6;d8;s9;s9;s5d11;s12;d13;d13;s13;s16;s17;d18;s18;s17;s21;d22;s23;d24;s25;s22d26;s17s23;/rC:;;;;;;;;;;;;;;;;;;;;;;;;;;;;"""	P32302_WT	ChEMBL:CHEMBL1075315	P32302	WT	CHEMBL3721013	PATENT:US20100113462A1	2010.0	PATENT:US20100113462A1	2010	1	0	0	0	0		=	  4.890	4.89	0.0	0.0	1.0	4.89	0.0	CCRs_HUMAN_annotated_01635	True
InChI=1S/C19H17ClF3N3O2S/c1-12-9-13(2)26(24-12)11-14-3-4-15(19(21,22)23)10-18(14)25-29(27,28)17-7-5-16(20)6-8-17/h3-10,25H,11H2,1-2H3_on_P41597_WT	Medium	ChEMBL31	ChEMBL31.compound.743935	Cc1nn(Cc2ccc(C(F)(F)F)cc2NS(=O)(=O)c2ccc(Cl)cc2)c(C)c1	HMHYOXVYXVHCTN-UHFFFAOYSA-N	InChI=1S/C19H17ClF3N3O2S/c1-12-9-13(2)26(24-12)11-14-3-4-15(19(21,22)23)10-18(14)25-29(27,28)17-7-5-16(20)6-8-17/h3-10,25H,11H2,1-2H3	"""AuxInfo=1/0/N:1,28,7,8,22,25,21,26,29,14,5,2,27,6,9,23,20,15,10,24,11,12,13,3,16,4,18,19,17/E:(5,6)(7,8)(21,22,23)(27,28)/CRV:29.6/rA:29CCNNCCCCCCFFFCCNSOOCCCCClCCCCC/rB:s1;d2;s3;s4;s5;d6;s7;d8;s9;s10;s10;s10;s9;s6d14;s15;s16;d17;d17;s17;d20;s21;d22;s23;s23;s20d25;s4;s27;s2d27;/rC:;;;;;;;;;;;;;;;;;;;;;;;;;;;;;"""	P41597_WT	ChEMBL:CHEMBL4015	P41597	WT	CHEMBL2213079	PMID:23079519	2012.0	PMID:23079519	2012	0	0	0	1	0		=	  6.300	6.3	0.0	0.0	1.0	6.3	0.0	CCRs_HUMAN_annotated_01636	True
InChI=1S/C19H17NO3/c1-12-8-10-15(11-9-12)20-17(14-6-4-3-5-7-14)16(13(2)21)18(22)19(20)23/h3-11,17,22H,1-2H3_on_P32246_WT	High	ChEMBL31	ChEMBL31.compound.414418	CC(=O)C1=C(O)C(=O)N(c2ccc(C)cc2)C1c1ccccc1	UOYHSLPKHFHISU-UHFFFAOYSA-N	InChI=1S/C19H17NO3/c1-12-8-10-15(11-9-12)20-17(14-6-4-3-5-7-14)16(13(2)21)18(22)19(20)23/h3-11,17,22H,1-2H3	"""AuxInfo=1/0/N:14,1,21,20,22,19,23,12,15,11,16,13,2,18,10,4,17,5,7,9,3,6,8/E:(4,5)(6,7)(8,9)(10,11)/rA:23CCOCCOCONCCCCCCCCCCCCCC/rB:s1;d2;s2;w?4;s5;s5;d7;s7;s9;d10;s11;d12;s13;s13;s10d15;s4s9;s17;d18;s19;d20;s21;s18d22;/rC:;;;;;;;;;;;;;;;;;;;;;;;"""	P32246_WT	ChEMBL:CHEMBL2413;ChEMBL:CHEMBL2413	P32246	WT	CHEMBL4371695	PMID:30256641	2018.0	PMID:30256641	2018	0	0	0	1	0		=	  6.790;  6.790	6.79	0.0	0.0	2.0	6.79	0.0	CCRs_HUMAN_annotated_01650	True
InChI=1S/C19H18Cl2N4O5S/c1-10(26)24-8-11(9-24)25-15-7-16(30-2)14(6-13(15)22-19(25)27)23-31(28,29)17-5-3-4-12(20)18(17)21/h3-7,11,23H,8-9H2,1-2H3,(H,22,27)_on_P51679_WT	High	ChEMBL31	ChEMBL31.compound.247809	COc1cc2c(cc1NS(=O)(=O)c1c(Cl)c(Cl)ccc1)nc(O)n2C1CN(C(C)=O)C1	DTXHONUTWZTYJE-UHFFFAOYSA-N	InChI=1S/C19H18Cl2N4O5S/c1-10(26)24-8-11(9-24)25-15-7-16(30-2)14(6-13(15)22-19(25)27)23-31(28,29)17-5-3-4-12(20)18(17)21/h3-7,11,23H,8-9H2,1-2H3,(H,22,27)	"""AuxInfo=1/1/N:29,1,19,18,20,7,4,26,31,28,25,16,6,8,5,3,13,14,22,17,15,21,9,27,24,30,23,11,12,2,10/E:(8,9)(28,29)/CRV:31.6/rA:31COCCCCCCNSOOCCClCClCCCNCONCCNCCOC/rB:s1;s2;d3;s4;d5;s6;s3d7;s8;s9;d10;d10;s10;d13;s14;s14;s16;d16;s18;s13d19;s6;d21;s22;s5s22;s24;s25;s26;s27;s28;d28;s25s27;/rC:;;;;;;;;;;;;;;;;;;;;;;;;;;;;;;;"""	P51679_WT	ChEMBL:CHEMBL2414	P51679	WT	CHEMBL3367642	PMID:24909677	2014.0	PMID:24909677	2014	1	0	0	0	0		=	  6.700	6.7	0.0	0.0	1.0	6.7	0.0	CCRs_HUMAN_annotated_01664	True
InChI=1S/C19H18ClN3O6S/c1-29-10-9-21-30(27,28)19-12(20)7-8-13(16(19)24)23-15-14(17(25)18(15)26)22-11-5-3-2-4-6-11/h2-8,21-24H,9-10H2,1H3_on_P25025_WT	High	ChEMBL31	ChEMBL31.compound.83219	COCCNS(=O)(=O)c1c(Cl)ccc(Nc2c(Nc3ccccc3)c(=O)c2=O)c1O	YFRWUYGCNCHTLG-UHFFFAOYSA-N	InChI=1S/C19H18ClN3O6S/c1-29-10-9-21-30(27,28)19-12(20)7-8-13(16(19)24)23-15-14(17(25)18(15)26)22-11-5-3-2-4-6-11/h2-8,21-24H,9-10H2,1H3	"""AuxInfo=1/0/N:1,22,21,23,20,24,12,13,4,3,19,10,14,17,16,29,25,27,9,11,5,18,15,30,26,28,7,8,2,6/E:(3,4)(5,6)(27,28)/CRV:30.6/rA:30COCCNSOOCCClCCCNCCNCCCCCCCOCOCO/rB:s1;s2;s3;s4;s5;d6;d6;s6;d9;s10;s10;d12;s13;s14;s15;d16;s17;s18;d19;s20;d21;s22;s19d23;s17;d25;s16s25;d27;s9d14;s29;/rC:;;;;;;;;;;;;;;;;;;;;;;;;;;;;;;"""	P25025_WT	ChEMBL:CHEMBL2434	P25025	WT	CHEMBL903301	PMID:17236763	2007.0	PMID:17236763	2007	1	0	0	0	0		=	  8.100	8.1	0.0	0.0	1.0	8.1	0.0	CCRs_HUMAN_annotated_01674	True
InChI=1S/C19H18N4O2S/c1-12-8-16(13(2)25-12)26-11-15-10-18(24)23-19(20-15)21-17(22-23)9-14-6-4-3-5-7-14/h3-8,10,24H,9,11H2,1-2H3_on_P25025_WT	High	ChEMBL31	ChEMBL31.compound.227180	Cc1cc(SCc2nc3nc(Cc4ccccc4)nn3c(O)c2)c(C)o1	MGNPYTBJLKCGDY-UHFFFAOYSA-N	InChI=1S/C19H18N4O2S/c1-12-8-16(13(2)25-12)26-11-15-10-18(24)23-19(20-15)21-17(22-23)9-14-6-4-3-5-7-14/h3-8,10,24H,9,11H2,1-2H3	"""AuxInfo=1/0/N:1,25,16,15,17,14,18,3,12,23,6,2,24,13,7,4,11,21,9,8,10,19,20,22,26,5/E:(4,5)(6,7)/rA:26CCCCSCCNCNCCCCCCCCNNCOCCCO/rB:s1;d2;s3;s4;s5;s6;d7;s8;d9;s10;s11;s12;d13;s14;d15;s16;s13d17;d11;s9s19;s20;s21;s7d21;d4;s24;s2s24;/rC:;;;;;;;;;;;;;;;;;;;;;;;;;;"""	P25025_WT	ChEMBL:CHEMBL2434	P25025	WT	CHEMBL3107238	PMID:24332493	2014.0	PMID:24332493	2014	1	0	0	0	0		=	  5.390	5.39	0.0	0.0	1.0	5.39	0.0	CCRs_HUMAN_annotated_01680	True
InChI=1S/C19H19Cl2NO5S/c1-11(2)27-17-15(21)7-14(20)8-16(17)28(25,26)22-19(18(23)24)9-12-5-3-4-6-13(12)10-19/h3-8,11,22H,9-10H2,1-2H3,(H,23,24)_on_P32302_WT	High	ChEMBL31	ChEMBL31.compound.284402	CC(C)Oc1c(Cl)cc(Cl)cc1S(=O)(=O)NC1(C(=O)O)Cc2c(cccc2)C1	UDQBYOINRNOXIK-UHFFFAOYSA-N	InChI=1S/C19H19Cl2NO5S/c1-11(2)27-17-15(21)7-14(20)8-16(17)28(25,26)22-19(18(23)24)9-12-5-3-4-6-13(12)10-19/h3-8,11,22H,9-10H2,1-2H3,(H,23,24)	"""AuxInfo=1/1/N:1,3,25,26,24,27,8,11,28,21,2,23,22,9,6,12,5,18,17,10,7,16,19,20,14,15,4,13/E:(1,2)(3,4)(5,6)(9,10)(12,13)(23,24)(25,26)/CRV:28.6/rA:28CCCOCCClCCClCCSOONCCOOCCCCCCCC/rB:s1;s2;s2;s4;d5;s6;s6;d8;s9;s9;s5d11;s12;d13;d13;s13;s16;s17;d18;s18;s17;s21;d22;s23;d24;s25;s22d26;s17s23;/rC:;;;;;;;;;;;;;;;;;;;;;;;;;;;;"""	P32302_WT	ChEMBL:CHEMBL1075315	P32302	WT	CHEMBL3721013	PATENT:US20100113462A1	2010.0	PATENT:US20100113462A1	2010	1	0	0	0	0		=	  4.800	4.8	0.0	0.0	1.0	4.8	0.0	CCRs_HUMAN_annotated_01686	True
InChI=1S/C19H19ClN4O3S/c1-13-18(12-23-24(13)16-7-5-15(20)6-8-16)19(25)22-11-14-3-9-17(10-4-14)28(26,27)21-2/h3-10,12,21H,11H2,1-2H3,(H,22,25)_on_P32246_WT	High	ChEMBL31	ChEMBL31.compound.414482	CNS(=O)(=O)c1ccc(CNC(=O)c2c(C)n(-c3ccc(Cl)cc3)nc2)cc1	WZCWUJKFAJLIIW-UHFFFAOYSA-N	InChI=1S/C19H19ClN4O3S/c1-13-18(12-23-24(13)16-7-5-15(20)6-8-16)19(25)22-11-14-3-9-17(10-4-14)28(26,27)21-2/h3-10,12,21H,11H2,1-2H3,(H,22,25)	"""AuxInfo=1/1/N:16,1,8,27,20,23,19,24,7,28,10,26,15,9,21,18,6,14,12,22,2,11,25,17,13,4,5,3/E:(3,4)(5,6)(7,8)(9,10)(26,27)/CRV:28.6/rA:28CNSOOCCCCCNCOCCCNCCCCClCCNCCC/rB:s1;s2;d3;d3;s3;d6;s7;d8;s9;s10;s11;d12;s12;d14;s15;s15;s17;d18;s19;d20;s21;s21;s18d23;s17;s14d25;s9;s6d27;/rC:;;;;;;;;;;;;;;;;;;;;;;;;;;;;"""	P32246_WT	ChEMBL:CHEMBL2413	P32246	WT	CHEMBL4371834	PMID:30455146	2019.0	PMID:30455146	2019	1	0	0	0	0		=	  6.380	6.38	0.0	0.0	1.0	6.38	0.0	CCRs_HUMAN_annotated_01700	True
InChI=1S/C19H20F3NO3/c1-11(24)15-16(12-5-3-2-4-6-12)23(18(26)17(15)25)14-9-7-13(8-10-14)19(20,21)22/h7-10,12,16,25H,2-6H2,1H3_on_P32246_WT	High	ChEMBL31	ChEMBL31.compound.414398	CC(=O)C1=C(O)C(=O)N(c2ccc(C(F)(F)F)cc2)C1C1CCCCC1	AEOUXLOMXHQQGV-UHFFFAOYSA-N	InChI=1S/C19H20F3NO3/c1-11(24)15-16(12-5-3-2-4-6-12)23(18(26)17(15)25)14-9-7-13(8-10-14)19(20,21)22/h7-10,12,16,25H,2-6H2,1H3	"""AuxInfo=1/0/N:1,24,23,25,22,26,12,18,11,19,2,21,13,10,4,20,5,7,14,15,16,17,9,3,6,8/E:(3,4)(5,6)(7,8)(9,10)(20,21,22)/rA:26CCOCCOCONCCCCCFFFCCCCCCCCC/rB:s1;d2;s2;w?4;s5;s5;d7;s7;s9;d10;s11;d12;s13;s14;s14;s14;s13;s10d18;s4s9;s20;s21;s22;s23;s24;s21s25;/rC:;;;;;;;;;;;;;;;;;;;;;;;;;;"""	P32246_WT	ChEMBL:CHEMBL2413;ChEMBL:CHEMBL2413	P32246	WT	CHEMBL4371695	PMID:30256641	2018.0	PMID:30256641	2018	0	0	0	1	0		=	  6.840;  6.860	6.85	0.01	0.01	2.0	6.85	0.01	CCRs_HUMAN_annotated_01730	True
InChI=1S/C19H20F3NO3/c1-11(24)15-16(12-5-3-2-4-6-12)23(18(26)17(15)25)14-9-7-13(8-10-14)19(20,21)22/h7-10,12,16,25H,2-6H2,1H3_on_P41597_WT	High	ChEMBL31	ChEMBL31.compound.414398	CC(=O)C1=C(O)C(=O)N(c2ccc(C(F)(F)F)cc2)C1C1CCCCC1	AEOUXLOMXHQQGV-UHFFFAOYSA-N	InChI=1S/C19H20F3NO3/c1-11(24)15-16(12-5-3-2-4-6-12)23(18(26)17(15)25)14-9-7-13(8-10-14)19(20,21)22/h7-10,12,16,25H,2-6H2,1H3	"""AuxInfo=1/0/N:1,24,23,25,22,26,12,18,11,19,2,21,13,10,4,20,5,7,14,15,16,17,9,3,6,8/E:(3,4)(5,6)(7,8)(9,10)(20,21,22)/rA:26CCOCCOCONCCCCCFFFCCCCCCCCC/rB:s1;d2;s2;w?4;s5;s5;d7;s7;s9;d10;s11;d12;s13;s14;s14;s14;s13;s10d18;s4s9;s20;s21;s22;s23;s24;s21s25;/rC:;;;;;;;;;;;;;;;;;;;;;;;;;;"""	P41597_WT	ChEMBL:CHEMBL4015;ChEMBL:CHEMBL4015	P41597	WT	CHEMBL4371696	PMID:30256641	2018.0	PMID:30256641	2018	0	0	0	1	0		=	  7.040;  7.040	7.04	0.0	0.0	2.0	7.04	0.0	CCRs_HUMAN_annotated_01731	True
InChI=1S/C19H20F3NO3/c1-11(24)15-16(12-6-3-2-4-7-12)23(18(26)17(15)25)14-9-5-8-13(10-14)19(20,21)22/h5,8-10,12,16,25H,2-4,6-7H2,1H3_on_P41597_WT	High	ChEMBL31	ChEMBL31.compound.414395	CC(=O)C1=C(O)C(=O)N(c2cc(C(F)(F)F)ccc2)C1C1CCCCC1	CBIIFLNUGQBIPM-UHFFFAOYSA-N	InChI=1S/C19H20F3NO3/c1-11(24)15-16(12-6-3-2-4-7-12)23(18(26)17(15)25)14-9-5-8-13(10-14)19(20,21)22/h5,8-10,12,16,25H,2-4,6-7H2,1H3	"""AuxInfo=1/0/N:1,24,23,25,18,22,26,17,19,11,2,21,12,10,4,20,5,7,13,14,15,16,9,3,6,8/E:(3,4)(6,7)(20,21,22)/rA:26CCOCCOCONCCCCFFFCCCCCCCCCC/rB:s1;d2;s2;w?4;s5;s5;d7;s7;s9;d10;s11;s12;s13;s13;s13;d12;s17;s10d18;s4s9;s20;s21;s22;s23;s24;s21s25;/rC:;;;;;;;;;;;;;;;;;;;;;;;;;;"""	P41597_WT	ChEMBL:CHEMBL4015;ChEMBL:CHEMBL4015	P41597	WT	CHEMBL4371696	PMID:30256641	2018.0	PMID:30256641	2018	0	0	0	1	0		=	  6.520;  6.540	6.53	0.01	0.01	2.0	6.53	0.01	CCRs_HUMAN_annotated_01732	True
InChI=1S/C19H20N6OS/c1-2-9-24-10-8-20-19(24)27-13-15-12-17(26)25-18(21-15)22-16(23-25)11-14-6-4-3-5-7-14/h3-8,10,12,26H,2,9,11,13H2,1H3_on_P25025_WT	Low	ChEMBL31	ChEMBL31.compound.1063796	CCCn1ccnc1SCc1nc2nc(Cc3ccccc3)nn2c(O)c1	YSQIGCNFKQATDY-UHFFFAOYSA-N	InChI=1S/C19H20N6OS/c1-2-9-24-10-8-20-19(24)27-13-15-12-17(26)25-18(21-15)22-16(23-25)11-14-6-4-3-5-7-14/h3-8,10,12,26H,2,9,11,13H2,1H3	"""AuxInfo=1/0/N:1,2,20,19,21,18,22,6,3,5,16,27,10,17,11,15,25,13,8,7,12,14,23,4,24,26,9/E:(4,5)(6,7)/rA:27CCCNCCNCSCCNCNCCCCCCCCNNCOC/rB:s1;s2;s3;s4;d5;s6;s4d7;s8;s9;s10;d11;s12;d13;s14;s15;s16;d17;s18;d19;s20;s17d21;d15;s13s23;s24;s25;s11d25;/rC:;;;;;;;;;;;;;;;;;;;;;;;;;;;"""	P25025_WT	ChEMBL:CHEMBL2434	P25025	WT	CHEMBL3107238	PMID:24332493	2014.0	PMID:24332493	2014	1	0	0	0	0		<	  4.523	4.523	0.0	0.0	1.0	4.523	0.0	CCRs_HUMAN_annotated_01744	True
InChI=1S/C19H21Cl2N5O3S/c20-15-10-14(11-16(21)18(15)23)30(28,29)24-17(19(27)26-6-1-2-7-26)5-9-25-8-3-4-13(25)12-22/h3-4,8,10-11,17,24H,1-2,5-7,9,23H2_on_P46092_WT	Low	ChEMBL31	ChEMBL31.compound.1073393	N#Cc1cccn1CCC(NS(=O)(=O)c1cc(Cl)c(N)c(Cl)c1)C(=O)N1CCCC1	JGSXKRUQEPTVHI-UHFFFAOYSA-N	InChI=1S/C19H21Cl2N5O3S/c20-15-10-14(11-16(21)18(15)23)30(28,29)24-17(19(27)26-6-1-2-7-26)5-9-25-8-3-4-13(25)12-22/h3-4,8,10-11,17,24H,1-2,5-7,9,23H2	"""AuxInfo=1/0/N:28,29,5,4,9,27,30,6,8,16,23,2,3,15,17,21,10,19,24,18,22,1,20,11,7,26,25,13,14,12/E:(1,2)(6,7)(10,11)(15,16)(20,21)(28,29)/CRV:30.6/rA:30NCCCCCNCCCNSOOCCCClCNCClCCONCCCC/rB:t1;s2;d3;s4;d5;s3s6;s7;s8;s9;s10;s11;d12;d12;s12;d15;s16;s17;d17;s19;s19;s21;s15d21;s10;d24;s24;s26;s27;s28;s26s29;/rC:;;;;;;;;;;;;;;;;;;;;;;;;;;;;;;"""	P46092_WT	ChEMBL:CHEMBL2321628	P46092	WT	CHEMBL3863299	PMID:27692854	2016.0	PMID:27692854	2016	1	0	0	0	0		<	  5.000	5.0	0.0	0.0	1.0	5.0	0.0	CCRs_HUMAN_annotated_01759	True
InChI=1S/C19H21N5O3S/c1-23(2)19(25)17(9-12-24-11-4-5-14(24)13-20)22-28(26,27)18-7-3-6-16-15(18)8-10-21-16/h3-8,10-11,17,21-22H,9,12H2,1-2H3_on_P46092_WT	High	ChEMBL31	ChEMBL31.compound.307684	CN(C)C(=O)C(CCn1cccc1C#N)NS(=O)(=O)c1cccc2c1cc[nH]2	LTSLRKJOWXBKQE-UHFFFAOYSA-N	InChI=1S/C19H21N5O3S/c1-23(2)19(25)17(9-12-24-11-4-5-14(24)13-20)22-28(26,27)18-7-3-6-16-15(18)8-10-21-16/h3-8,10-11,17,21-22H,9,12H2,1-2H3	"""AuxInfo=1/0/N:1,3,22,11,12,23,21,26,7,27,10,8,14,13,25,24,6,20,4,15,28,16,2,9,5,18,19,17/E:(1,2)(26,27)/CRV:28.6/rA:28CNCCOCCCNCCCCCNNSOOCCCCCCCCN/rB:s1;s2;s2;d4;s4;s6;s7;s8;s9;d10;s11;s9d12;s13;t14;s6;s16;d17;d17;s17;d20;s21;d22;s23;s20d24;s25;d26;s24s27;/rC:;;;;;;;;;;;;;;;;;;;;;;;;;;;;"""	P46092_WT	ChEMBL:CHEMBL2321628	P46092	WT	CHEMBL3863299	PMID:27692854	2016.0	PMID:27692854	2016	1	0	0	0	0		=	  5.400	5.4	0.0	0.0	1.0	5.4	0.0	CCRs_HUMAN_annotated_01794	True
InChI=1S/C19H22ClNO3/c1-11-10-14(8-9-15(11)20)21-17(13-6-4-3-5-7-13)16(12(2)22)18(23)19(21)24/h8-10,13,17,23H,3-7H2,1-2H3_on_P32246_WT	High	ChEMBL31	ChEMBL31.compound.414390	CC(=O)C1=C(O)C(=O)N(c2cc(C)c(Cl)cc2)C1C1CCCCC1	WGWDDPLFUFHZQV-UHFFFAOYSA-N	InChI=1S/C19H22ClNO3/c1-11-10-14(8-9-15(11)20)21-17(13-6-4-3-5-7-13)16(12(2)22)18(23)19(21)24/h8-10,13,17,23H,3-7H2,1-2H3	"""AuxInfo=1/0/N:13,1,22,21,23,20,24,17,16,11,12,2,19,10,14,4,18,5,7,15,9,3,6,8/E:(4,5)(6,7)/rA:24CCOCCOCONCCCCCClCCCCCCCCC/rB:s1;d2;s2;w?4;s5;s5;d7;s7;s9;d10;s11;s12;d12;s14;s14;s10d16;s4s9;s18;s19;s20;s21;s22;s19s23;/rC:;;;;;;;;;;;;;;;;;;;;;;;;"""	P32246_WT	ChEMBL:CHEMBL2413;ChEMBL:CHEMBL2413;ChEMBL:CHEMBL2413;ChEMBL:CHEMBL2413	P32246	WT	CHEMBL4371695;CHEMBL4371699;CHEMBL4371699;CHEMBL4371695	PMID:30256641	2018.0	PMID:30256641	2018	0;1;1;0	0	0	1;0;0;1	0		=	  7.510;  5.710;  5.730;  7.510	6.615	0.895	0.517	4.0	6.62	0.89	CCRs_HUMAN_annotated_01814	True
InChI=1S/C19H22ClNO3/c1-11-10-14(8-9-15(11)20)21-17(13-6-4-3-5-7-13)16(12(2)22)18(23)19(21)24/h8-10,13,17,23H,3-7H2,1-2H3_on_P41597_WT	High	ChEMBL31	ChEMBL31.compound.414390	CC(=O)C1=C(O)C(=O)N(c2cc(C)c(Cl)cc2)C1C1CCCCC1	WGWDDPLFUFHZQV-UHFFFAOYSA-N	InChI=1S/C19H22ClNO3/c1-11-10-14(8-9-15(11)20)21-17(13-6-4-3-5-7-13)16(12(2)22)18(23)19(21)24/h8-10,13,17,23H,3-7H2,1-2H3	"""AuxInfo=1/0/N:13,1,22,21,23,20,24,17,16,11,12,2,19,10,14,4,18,5,7,15,9,3,6,8/E:(4,5)(6,7)/rA:24CCOCCOCONCCCCCClCCCCCCCCC/rB:s1;d2;s2;w?4;s5;s5;d7;s7;s9;d10;s11;s12;d12;s14;s14;s10d16;s4s9;s18;s19;s20;s21;s22;s19s23;/rC:;;;;;;;;;;;;;;;;;;;;;;;;"""	P41597_WT	ChEMBL:CHEMBL4015;ChEMBL:CHEMBL4015;ChEMBL:CHEMBL4015;ChEMBL:CHEMBL4015	P41597	WT	CHEMBL4371696;CHEMBL4371696;CHEMBL4371700;CHEMBL4371700	PMID:30256641	2018.0	PMID:30256641	2018	0;0;1;1	0	0	1;1;0;0	0		=	  8.090;  8.050;  7.400;  7.470	7.752	0.319	0.184	4.0	7.76	0.31	CCRs_HUMAN_annotated_01815	True
InChI=1S/C19H22FNO3/c1-11-8-9-14(10-15(11)20)21-17(13-6-4-3-5-7-13)16(12(2)22)18(23)19(21)24/h8-10,13,17,23H,3-7H2,1-2H3_on_P32246_WT	High	ChEMBL31	ChEMBL31.compound.414389	CC(=O)C1=C(O)C(=O)N(c2cc(F)c(C)cc2)C1C1CCCCC1	JYUGBFRZTOEVBR-UHFFFAOYSA-N	InChI=1S/C19H22FNO3/c1-11-8-9-14(10-15(11)20)21-17(13-6-4-3-5-7-13)16(12(2)22)18(23)19(21)24/h8-10,13,17,23H,3-7H2,1-2H3	"""AuxInfo=1/0/N:15,1,22,21,23,20,24,16,17,11,14,2,19,10,12,4,18,5,7,13,9,3,6,8/E:(4,5)(6,7)/rA:24CCOCCOCONCCCFCCCCCCCCCCC/rB:s1;d2;s2;w?4;s5;s5;d7;s7;s9;d10;s11;s12;d12;s14;s14;s10d16;s4s9;s18;s19;s20;s21;s22;s19s23;/rC:;;;;;;;;;;;;;;;;;;;;;;;;"""	P32246_WT	ChEMBL:CHEMBL2413;ChEMBL:CHEMBL2413	P32246	WT	CHEMBL4371695	PMID:30256641	2018.0	PMID:30256641	2018	0	0	0	1	0		=	  7.320;  7.310	7.315	0.005	0.005	2.0	7.315	0.005	CCRs_HUMAN_annotated_01817	True
InChI=1S/C19H22FNO3/c1-11-8-9-14(10-15(11)20)21-17(13-6-4-3-5-7-13)16(12(2)22)18(23)19(21)24/h8-10,13,17,23H,3-7H2,1-2H3_on_P41597_WT	High	ChEMBL31	ChEMBL31.compound.414389	CC(=O)C1=C(O)C(=O)N(c2cc(F)c(C)cc2)C1C1CCCCC1	JYUGBFRZTOEVBR-UHFFFAOYSA-N	InChI=1S/C19H22FNO3/c1-11-8-9-14(10-15(11)20)21-17(13-6-4-3-5-7-13)16(12(2)22)18(23)19(21)24/h8-10,13,17,23H,3-7H2,1-2H3	"""AuxInfo=1/0/N:15,1,22,21,23,20,24,16,17,11,14,2,19,10,12,4,18,5,7,13,9,3,6,8/E:(4,5)(6,7)/rA:24CCOCCOCONCCCFCCCCCCCCCCC/rB:s1;d2;s2;w?4;s5;s5;d7;s7;s9;d10;s11;s12;d12;s14;s14;s10d16;s4s9;s18;s19;s20;s21;s22;s19s23;/rC:;;;;;;;;;;;;;;;;;;;;;;;;"""	P41597_WT	ChEMBL:CHEMBL4015;ChEMBL:CHEMBL4015	P41597	WT	CHEMBL4371696	PMID:30256641	2018.0	PMID:30256641	2018	0	0	0	1	0		=	  7.240;  7.240	7.24	0.0	0.0	2.0	7.24	0.0	CCRs_HUMAN_annotated_01818	True
InChI=1S/C19H22FNO3/c1-11-8-9-15(14(20)10-11)21-17(13-6-4-3-5-7-13)16(12(2)22)18(23)19(21)24/h8-10,13,17,23H,3-7H2,1-2H3_on_P32246_WT	High	ChEMBL31	ChEMBL31.compound.414394	CC(=O)C1=C(O)C(=O)N(c2ccc(C)cc2F)C1C1CCCCC1	RSRILZJTEBRNDS-UHFFFAOYSA-N	InChI=1S/C19H22FNO3/c1-11-8-9-15(14(20)10-11)21-17(13-6-4-3-5-7-13)16(12(2)22)18(23)19(21)24/h8-10,13,17,23H,3-7H2,1-2H3	"""AuxInfo=1/0/N:14,1,22,21,23,20,24,12,11,15,13,2,19,16,10,4,18,5,7,17,9,3,6,8/E:(4,5)(6,7)/rA:24CCOCCOCONCCCCCCCFCCCCCCC/rB:s1;d2;s2;w?4;s5;s5;d7;s7;s9;d10;s11;d12;s13;s13;s10d15;s16;s4s9;s18;s19;s20;s21;s22;s19s23;/rC:;;;;;;;;;;;;;;;;;;;;;;;;"""	P32246_WT	ChEMBL:CHEMBL2413;ChEMBL:CHEMBL2413	P32246	WT	CHEMBL4371695	PMID:30256641	2018.0	PMID:30256641	2018	0	0	0	1	0		=	  7.560;  7.540	7.55	0.01	0.01	2.0	7.55	0.01	CCRs_HUMAN_annotated_01819	True
InChI=1S/C19H22FNO3/c1-11-8-9-15(14(20)10-11)21-17(13-6-4-3-5-7-13)16(12(2)22)18(23)19(21)24/h8-10,13,17,23H,3-7H2,1-2H3_on_P41597_WT	High	ChEMBL31	ChEMBL31.compound.414394	CC(=O)C1=C(O)C(=O)N(c2ccc(C)cc2F)C1C1CCCCC1	RSRILZJTEBRNDS-UHFFFAOYSA-N	InChI=1S/C19H22FNO3/c1-11-8-9-15(14(20)10-11)21-17(13-6-4-3-5-7-13)16(12(2)22)18(23)19(21)24/h8-10,13,17,23H,3-7H2,1-2H3	"""AuxInfo=1/0/N:14,1,22,21,23,20,24,12,11,15,13,2,19,16,10,4,18,5,7,17,9,3,6,8/E:(4,5)(6,7)/rA:24CCOCCOCONCCCCCCCFCCCCCCC/rB:s1;d2;s2;w?4;s5;s5;d7;s7;s9;d10;s11;d12;s13;s13;s10d15;s16;s4s9;s18;s19;s20;s21;s22;s19s23;/rC:;;;;;;;;;;;;;;;;;;;;;;;;"""	P41597_WT	ChEMBL:CHEMBL4015;ChEMBL:CHEMBL4015	P41597	WT	CHEMBL4371696	PMID:30256641	2018.0	PMID:30256641	2018	0	0	0	1	0		=	  7.440;  7.430	7.435	0.005	0.005	2.0	7.435	0.005	CCRs_HUMAN_annotated_01820	True
InChI=1S/C19H23NO3/c1-12-7-6-10-15(11-12)20-17(14-8-4-3-5-9-14)16(13(2)21)18(22)19(20)23/h6-7,10-11,14,17,22H,3-5,8-9H2,1-2H3_on_P32246_WT	High	ChEMBL31	ChEMBL31.compound.414397	CC(=O)C1=C(O)C(=O)N(c2cc(C)ccc2)C1C1CCCCC1	MEKUTHVEROQRGI-UHFFFAOYSA-N	InChI=1S/C19H23NO3/c1-12-7-6-10-15(11-12)20-17(14-8-4-3-5-9-14)16(13(2)21)18(22)19(20)23/h6-7,10-11,14,17,22H,3-5,8-9H2,1-2H3	"""AuxInfo=1/0/N:13,1,21,20,22,15,14,19,23,16,11,12,2,18,10,4,17,5,7,9,3,6,8/E:(4,5)(8,9)/rA:23CCOCCOCONCCCCCCCCCCCCCC/rB:s1;d2;s2;w?4;s5;s5;d7;s7;s9;d10;s11;s12;d12;s14;s10d15;s4s9;s17;s18;s19;s20;s21;s18s22;/rC:;;;;;;;;;;;;;;;;;;;;;;;"""	P32246_WT	ChEMBL:CHEMBL2413;ChEMBL:CHEMBL2413	P32246	WT	CHEMBL4371695	PMID:30256641	2018.0	PMID:30256641	2018	0	0	0	1	0		=	  6.300;  6.310	6.305	0.005	0.005	2.0	6.305	0.005	CCRs_HUMAN_annotated_01878	True
InChI=1S/C19H23NO3/c1-12-7-6-10-15(11-12)20-17(14-8-4-3-5-9-14)16(13(2)21)18(22)19(20)23/h6-7,10-11,14,17,22H,3-5,8-9H2,1-2H3_on_P41597_WT	High	ChEMBL31	ChEMBL31.compound.414397	CC(=O)C1=C(O)C(=O)N(c2cc(C)ccc2)C1C1CCCCC1	MEKUTHVEROQRGI-UHFFFAOYSA-N	InChI=1S/C19H23NO3/c1-12-7-6-10-15(11-12)20-17(14-8-4-3-5-9-14)16(13(2)21)18(22)19(20)23/h6-7,10-11,14,17,22H,3-5,8-9H2,1-2H3	"""AuxInfo=1/0/N:13,1,21,20,22,15,14,19,23,16,11,12,2,18,10,4,17,5,7,9,3,6,8/E:(4,5)(8,9)/rA:23CCOCCOCONCCCCCCCCCCCCCC/rB:s1;d2;s2;w?4;s5;s5;d7;s7;s9;d10;s11;s12;d12;s14;s10d15;s4s9;s17;s18;s19;s20;s21;s18s22;/rC:;;;;;;;;;;;;;;;;;;;;;;;"""	P41597_WT	ChEMBL:CHEMBL4015;ChEMBL:CHEMBL4015	P41597	WT	CHEMBL4371696	PMID:30256641	2018.0	PMID:30256641	2018	0	0	0	1	0		=	  6.580;  6.580	6.58	0.0	0.0	2.0	6.58	0.0	CCRs_HUMAN_annotated_01879	True
InChI=1S/C19H23NO3/c1-12-8-10-15(11-9-12)20-17(14-6-4-3-5-7-14)16(13(2)21)18(22)19(20)23/h8-11,14,17,22H,3-7H2,1-2H3_on_P32246_WT	High	ChEMBL31	ChEMBL31.compound.414385	CC(=O)C1=C(O)C(=O)N(c2ccc(C)cc2)C1C1CCCCC1	GKYSYXOYQGXXJB-UHFFFAOYSA-N	InChI=1S/C19H23NO3/c1-12-8-10-15(11-9-12)20-17(14-6-4-3-5-7-14)16(13(2)21)18(22)19(20)23/h8-11,14,17,22H,3-7H2,1-2H3	"""AuxInfo=1/0/N:14,1,21,20,22,19,23,12,15,11,16,13,2,18,10,4,17,5,7,9,3,6,8/E:(4,5)(6,7)(8,9)(10,11)/rA:23CCOCCOCONCCCCCCCCCCCCCC/rB:s1;d2;s2;w?4;s5;s5;d7;s7;s9;d10;s11;d12;s13;s13;s10d15;s4s9;s17;s18;s19;s20;s21;s18s22;/rC:;;;;;;;;;;;;;;;;;;;;;;;"""	P32246_WT	ChEMBL:CHEMBL2413;ChEMBL:CHEMBL2413	P32246	WT	CHEMBL4371695	PMID:30256641	2018.0	PMID:30256641	2018	0	0	0	1	0		=	  7.250;  7.260	7.255	0.005	0.005	2.0	7.255	0.005	CCRs_HUMAN_annotated_01880	True
InChI=1S/C19H23NO3/c1-12-8-10-15(11-9-12)20-17(14-6-4-3-5-7-14)16(13(2)21)18(22)19(20)23/h8-11,14,17,22H,3-7H2,1-2H3_on_P41597_WT	High	ChEMBL31	ChEMBL31.compound.414385	CC(=O)C1=C(O)C(=O)N(c2ccc(C)cc2)C1C1CCCCC1	GKYSYXOYQGXXJB-UHFFFAOYSA-N	InChI=1S/C19H23NO3/c1-12-8-10-15(11-9-12)20-17(14-6-4-3-5-7-14)16(13(2)21)18(22)19(20)23/h8-11,14,17,22H,3-7H2,1-2H3	"""AuxInfo=1/0/N:14,1,21,20,22,19,23,12,15,11,16,13,2,18,10,4,17,5,7,9,3,6,8/E:(4,5)(6,7)(8,9)(10,11)/rA:23CCOCCOCONCCCCCCCCCCCCCC/rB:s1;d2;s2;w?4;s5;s5;d7;s7;s9;d10;s11;d12;s13;s13;s10d15;s4s9;s17;s18;s19;s20;s21;s18s22;/rC:;;;;;;;;;;;;;;;;;;;;;;;"""	P41597_WT	ChEMBL:CHEMBL4015;ChEMBL:CHEMBL4015	P41597	WT	CHEMBL4371696	PMID:30256641	2018.0	PMID:30256641	2018	0	0	0	1	0		=	  7.090;  7.100	7.095	0.005	0.005	2.0	7.095	0.005	CCRs_HUMAN_annotated_01881	True
InChI=1S/C19H23NO4/c1-12(21)16-17(13-6-4-3-5-7-13)20(19(23)18(16)22)14-8-10-15(24-2)11-9-14/h8-11,13,17,22H,3-7H2,1-2H3_on_P32246_WT	High	ChEMBL31	ChEMBL31.compound.414401	COc1ccc(N2C(=O)C(O)=C(C(C)=O)C2C2CCCCC2)cc1	VDMUUPCXLAKUJY-UHFFFAOYSA-N	InChI=1S/C19H23NO4/c1-12(21)16-17(13-6-4-3-5-7-13)20(19(23)18(16)22)14-8-10-15(24-2)11-9-14/h8-11,13,17,22H,3-7H2,1-2H3	"""AuxInfo=1/0/N:14,1,20,19,21,18,22,5,23,4,24,13,17,6,3,12,16,10,8,7,15,11,9,2/E:(4,5)(6,7)(8,9)(10,11)/rA:24COCCCCNCOCOCCCOCCCCCCCCC/rB:s1;s2;d3;s4;d5;s6;s7;d8;s8;s10;w?10;s12;s13;d13;s7s12;s16;s17;s18;s19;s20;s17s21;s6;s3d23;/rC:;;;;;;;;;;;;;;;;;;;;;;;;"""	P32246_WT	ChEMBL:CHEMBL2413;ChEMBL:CHEMBL2413	P32246	WT	CHEMBL4371695	PMID:30256641	2018.0	PMID:30256641	2018	0	0	0	1	0		=	  6.580;  6.600	6.59	0.01	0.01	2.0	6.59	0.01	CCRs_HUMAN_annotated_01882	True
InChI=1S/C19H23NO4/c1-12(21)16-17(13-6-4-3-5-7-13)20(19(23)18(16)22)14-8-10-15(24-2)11-9-14/h8-11,13,17,22H,3-7H2,1-2H3_on_P41597_WT	High	ChEMBL31	ChEMBL31.compound.414401	COc1ccc(N2C(=O)C(O)=C(C(C)=O)C2C2CCCCC2)cc1	VDMUUPCXLAKUJY-UHFFFAOYSA-N	InChI=1S/C19H23NO4/c1-12(21)16-17(13-6-4-3-5-7-13)20(19(23)18(16)22)14-8-10-15(24-2)11-9-14/h8-11,13,17,22H,3-7H2,1-2H3	"""AuxInfo=1/0/N:14,1,20,19,21,18,22,5,23,4,24,13,17,6,3,12,16,10,8,7,15,11,9,2/E:(4,5)(6,7)(8,9)(10,11)/rA:24COCCCCNCOCOCCCOCCCCCCCCC/rB:s1;s2;d3;s4;d5;s6;s7;d8;s8;s10;w?10;s12;s13;d13;s7s12;s16;s17;s18;s19;s20;s17s21;s6;s3d23;/rC:;;;;;;;;;;;;;;;;;;;;;;;;"""	P41597_WT	ChEMBL:CHEMBL4015;ChEMBL:CHEMBL4015	P41597	WT	CHEMBL4371696	PMID:30256641	2018.0	PMID:30256641	2018	0	0	0	1	0		=	  6.660;  6.670	6.665	0.005	0.005	2.0	6.665	0.005	CCRs_HUMAN_annotated_01883	True
InChI=1S/C19H24Cl2N6O5S/c1-12-2-6-25(7-3-12)18(28)16(4-8-26-9-5-23-19(26)27(29)30)24-33(31,32)13-10-14(20)17(22)15(21)11-13/h5,9-12,16,24H,2-4,6-8,22H2,1H3/t16-/m0/s1_on_P46092_WT	Low	ChEMBL31	ChEMBL31.compound.1073395	CC1CCN(C(=O)[C@H](CCn2ccnc2[N+](=O)[O-])NS(=O)(=O)c2cc(Cl)c(N)c(Cl)c2)CC1	FVJCVTWWUJRNDE-INIZCTEOSA-N	InChI=1S/C19H24Cl2N6O5S/c1-12-2-6-25(7-3-12)18(28)16(4-8-26-9-5-23-19(26)27(29)30)24-33(31,32)13-10-14(20)17(22)15(21)11-13/h5,9-12,16,24H,2-4,6-8,22H2,1H3/t16-/m0/s1	"""AuxInfo=1/0/N:1,3,33,9,13,4,32,10,12,24,31,2,23,25,29,8,27,6,15,26,30,28,14,19,5,11,16,7,17,18,21,22,20/E:(2,3)(6,7)(10,11)(14,15)(20,21)(29,30)(31,32)/it:im/CRV:27.5,33.6/rA:33CCCCNCOC.eCCNCCNCN+OO-NSOOCCCClCNCClCCC/rB:s1;s2;s3;s4;s5;d6;s6;s8;s9;s10;s11;d12;s13;s11d14;s15;d16;s16;s8;s19;d20;d20;s20;d23;s24;s25;d25;s27;s27;s29;s23d29;s5;s2s32;/rC:;;;;;;;;;;;;;;;;;;;;;;;;;;;;;;;;;"""	P46092_WT	ChEMBL:CHEMBL2321628	P46092	WT	CHEMBL3863299	PMID:27692854	2016.0	PMID:27692854	2016	1	0	0	0	0		<	  4.700	4.7	0.0	0.0	1.0	4.7	0.0	CCRs_HUMAN_annotated_01888	True
InChI=1S/C19H24Cl2N6O5S/c1-12-2-6-25(7-3-12)18(28)16(4-8-26-9-5-23-19(26)27(29)30)24-33(31,32)13-10-14(20)17(22)15(21)11-13/h5,9-12,16,24H,2-4,6-8,22H2,1H3/t16-/m1/s1_on_P46092_WT	High	ChEMBL31	ChEMBL31.compound.307685	CC1CCN(C(=O)[C@@H](CCn2ccnc2[N+](=O)[O-])NS(=O)(=O)c2cc(Cl)c(N)c(Cl)c2)CC1	FVJCVTWWUJRNDE-MRXNPFEDSA-N	InChI=1S/C19H24Cl2N6O5S/c1-12-2-6-25(7-3-12)18(28)16(4-8-26-9-5-23-19(26)27(29)30)24-33(31,32)13-10-14(20)17(22)15(21)11-13/h5,9-12,16,24H,2-4,6-8,22H2,1H3/t16-/m1/s1	"""AuxInfo=1/0/N:1,3,33,9,13,4,32,10,12,24,31,2,23,25,29,8,27,6,15,26,30,28,14,19,5,11,16,7,17,18,21,22,20/E:(2,3)(6,7)(10,11)(14,15)(20,21)(29,30)(31,32)/it:im/CRV:27.5,33.6/rA:33CCCCNCOC.oCCNCCNCN+OO-NSOOCCCClCNCClCCC/rB:s1;s2;s3;s4;s5;d6;s6;s8;s9;s10;s11;d12;s13;s11d14;s15;d16;s16;s8;s19;d20;d20;s20;d23;s24;s25;d25;s27;s27;s29;s23d29;s5;s2s32;/rC:;;;;;;;;;;;;;;;;;;;;;;;;;;;;;;;;;"""	P46092_WT	ChEMBL:CHEMBL2321628	P46092	WT	CHEMBL3863299	PMID:27692854	2016.0	PMID:27692854	2016	1	0	0	0	0		=	  6.300	6.3	0.0	0.0	1.0	6.3	0.0	CCRs_HUMAN_annotated_01889	True
InChI=1S/C19H24Cl2N6O5S/c1-12-2-6-25(7-3-12)18(28)16(4-8-26-9-5-23-19(26)27(29)30)24-33(31,32)13-10-14(20)17(22)15(21)11-13/h5,9-12,16,24H,2-4,6-8,22H2,1H3_on_P46092_WT	High	ChEMBL31	ChEMBL31.compound.307652	CC1CCN(C(=O)C(CCn2ccnc2[N+](=O)[O-])NS(=O)(=O)c2cc(Cl)c(N)c(Cl)c2)CC1	FVJCVTWWUJRNDE-UHFFFAOYSA-N	InChI=1S/C19H24Cl2N6O5S/c1-12-2-6-25(7-3-12)18(28)16(4-8-26-9-5-23-19(26)27(29)30)24-33(31,32)13-10-14(20)17(22)15(21)11-13/h5,9-12,16,24H,2-4,6-8,22H2,1H3	"""AuxInfo=1/0/N:1,3,33,9,13,4,32,10,12,24,31,2,23,25,29,8,27,6,15,26,30,28,14,19,5,11,16,7,17,18,21,22,20/E:(2,3)(6,7)(10,11)(14,15)(20,21)(29,30)(31,32)/CRV:27.5,33.6/rA:33CCCCNCOCCCNCCNCN+OO-NSOOCCCClCNCClCCC/rB:s1;s2;s3;s4;s5;d6;s6;s8;s9;s10;s11;d12;s13;s11d14;s15;d16;s16;s8;s19;d20;d20;s20;d23;s24;s25;d25;s27;s27;s29;s23d29;s5;s2s32;/rC:;;;;;;;;;;;;;;;;;;;;;;;;;;;;;;;;;"""	P46092_WT	ChEMBL:CHEMBL2321628;ChEMBL:CHEMBL2321628;ChEMBL:CHEMBL2321628;ChEMBL:CHEMBL2321628;ChEMBL:CHEMBL2321628;ChEMBL:CHEMBL2321628;ChEMBL:CHEMBL2321628	P46092	WT	CHEMBL3863300;CHEMBL3863299;CHEMBL3863299;CHEMBL3863305;CHEMBL3863300;CHEMBL3863302;CHEMBL3863304	PMID:27692854	2016.0	PMID:27692854	2016	1	0	0	0	0		=	  7.280;  6.160;  6.200;  6.100;  7.300;  6.600;  6.100	6.534	0.504	0.206	7.0	6.2	0.1	CCRs_HUMAN_annotated_01890	True
InChI=1S/C19H24Cl3N5O3S/c1-12-2-6-26(7-3-12)18(28)16(4-8-27-9-5-24-19(27)22)25-31(29,30)13-10-14(20)17(23)15(21)11-13/h5,9-12,16,25H,2-4,6-8,23H2,1H3_on_P46092_WT	High	ChEMBL31	ChEMBL31.compound.307654	CC1CCN(C(=O)C(CCn2ccnc2Cl)NS(=O)(=O)c2cc(Cl)c(N)c(Cl)c2)CC1	RZLSSFILWYBGQK-UHFFFAOYSA-N	InChI=1S/C19H24Cl3N5O3S/c1-12-2-6-26(7-3-12)18(28)16(4-8-27-9-5-24-19(27)22)25-31(29,30)13-10-14(20)17(23)15(21)11-13/h5,9-12,16,25H,2-4,6-8,23H2,1H3	"""AuxInfo=1/0/N:1,3,31,9,13,4,30,10,12,22,29,2,21,23,27,8,25,6,15,24,28,16,26,14,17,5,11,7,19,20,18/E:(2,3)(6,7)(10,11)(14,15)(20,21)(29,30)/CRV:31.6/rA:31CCCCNCOCCCNCCNCClNSOOCCCClCNCClCCC/rB:s1;s2;s3;s4;s5;d6;s6;s8;s9;s10;s11;d12;s13;s11d14;s15;s8;s17;d18;d18;s18;d21;s22;s23;d23;s25;s25;s27;s21d27;s5;s2s30;/rC:;;;;;;;;;;;;;;;;;;;;;;;;;;;;;;;"""	P46092_WT	ChEMBL:CHEMBL2321628;ChEMBL:CHEMBL2321628	P46092	WT	CHEMBL3863299;CHEMBL3863300	PMID:27692854	2016.0	PMID:27692854	2016	1	0	0	0	0		=	  6.300;  6.600	6.45	0.15	0.15	2.0	6.45	0.15	CCRs_HUMAN_annotated_01891	True
InChI=1S/C19H24Cl3N5O3S/c1-12-3-7-26(8-4-12)19(28)16(5-9-27-17(22)2-6-24-27)25-31(29,30)13-10-14(20)18(23)15(21)11-13/h2,6,10-12,16,25H,3-5,7-9,23H2,1H3_on_P46092_WT	High	ChEMBL31	ChEMBL31.compound.307661	CC1CCN(C(=O)C(CCn2nccc2Cl)NS(=O)(=O)c2cc(Cl)c(N)c(Cl)c2)CC1	HXAHSXQTFSWLMO-UHFFFAOYSA-N	InChI=1S/C19H24Cl3N5O3S/c1-12-3-7-26(8-4-12)19(28)16(5-9-27-17(22)2-6-24-27)25-31(29,30)13-10-14(20)18(23)15(21)11-13/h2,6,10-12,16,25H,3-5,7-9,23H2,1H3	"""AuxInfo=1/0/N:1,14,3,31,9,13,4,30,10,22,29,2,21,23,27,8,15,25,6,24,28,16,26,12,17,5,11,7,19,20,18/E:(3,4)(7,8)(10,11)(14,15)(20,21)(29,30)/CRV:31.6/rA:31CCCCNCOCCCNNCCCClNSOOCCCClCNCClCCC/rB:s1;s2;s3;s4;s5;d6;s6;s8;s9;s10;s11;d12;s13;s11d14;s15;s8;s17;d18;d18;s18;d21;s22;s23;d23;s25;s25;s27;s21d27;s5;s2s30;/rC:;;;;;;;;;;;;;;;;;;;;;;;;;;;;;;;"""	P46092_WT	ChEMBL:CHEMBL2321628	P46092	WT	CHEMBL3863299	PMID:27692854	2016.0	PMID:27692854	2016	1	0	0	0	0		=	  6.600	6.6	0.0	0.0	1.0	6.6	0.0	CCRs_HUMAN_annotated_01892	True
InChI=1S/C19H24ClN5O/c1-2-3-4-5-6-10-16-15(12-13-8-7-9-14(20)11-13)17(26)25-19(22-16)23-18(21)24-25/h7-9,11,26H,2-6,10,12H2,1H3,(H2,21,24)_on_P41597_WT	High	ChEMBL31	ChEMBL31.compound.403349	CCCCCCCc1nc2nc(N)nn2c(O)c1Cc1cccc(Cl)c1	DIJIHIDYDVGNMM-UHFFFAOYSA-N	InChI=1S/C19H24ClN5O/c1-2-3-4-5-6-10-16-15(12-13-8-7-9-14(20)11-13)17(26)25-19(22-16)23-18(21)24-25/h7-9,11,26H,2-6,10,12H2,1H3,(H2,21,24)	"""AuxInfo=1/1/N:1,2,3,4,5,6,22,21,23,7,26,19,20,24,18,8,16,12,10,25,13,9,11,14,15,17/rA:26CCCCCCCCNCNCNNNCOCCCCCCCClC/rB:s1;s2;s3;s4;s5;s6;s7;d8;s9;d10;s11;s12;d12;s10s14;s15;s16;s8d16;s18;s19;d20;s21;d22;s23;s24;s20d24;/rC:;;;;;;;;;;;;;;;;;;;;;;;;;;"""	P41597_WT	ChEMBL:CHEMBL4015;ChEMBL:CHEMBL4015	P41597	WT	CHEMBL4324717	PMID:31742400	2019.0	PMID:31742400	2019	0	0	0	1	0		=	  6.760;  6.750	6.755	0.005	0.005	2.0	6.755	0.005	CCRs_HUMAN_annotated_01897	True
InChI=1S/C19H25Cl2N5O3S/c1-13-2-7-26(8-3-13)19(27)17(4-6-25-9-5-23-12-25)24-30(28,29)14-10-15(20)18(22)16(21)11-14/h5,9-13,17,24H,2-4,6-8,22H2,1H3_on_P46092_WT	Low	ChEMBL31	ChEMBL31.compound.1073396	CC1CCN(C(=O)C(CCn2ccnc2)NS(=O)(=O)c2cc(Cl)c(N)c(Cl)c2)CC1	TXCJGZQGRIXSLW-UHFFFAOYSA-N	InChI=1S/C19H25Cl2N5O3S/c1-13-2-7-26(8-3-13)19(27)17(4-6-25-9-5-23-12-25)24-30(28,29)14-10-15(20)18(22)16(21)11-14/h5,9-13,17,24H,2-4,6-8,22H2,1H3	"""AuxInfo=1/0/N:1,3,30,9,13,10,4,29,12,21,28,15,2,20,22,26,8,24,6,23,27,25,14,16,11,5,7,18,19,17/E:(2,3)(7,8)(10,11)(15,16)(20,21)(28,29)/CRV:30.6/rA:30CCCCNCOCCCNCCNCNSOOCCCClCNCClCCC/rB:s1;s2;s3;s4;s5;d6;s6;s8;s9;s10;s11;d12;s13;s11d14;s8;s16;d17;d17;s17;d20;s21;s22;d22;s24;s24;s26;s20d26;s5;s2s29;/rC:;;;;;;;;;;;;;;;;;;;;;;;;;;;;;;"""	P46092_WT	ChEMBL:CHEMBL2321628	P46092	WT	CHEMBL3863302	PMID:27692854	2016.0	PMID:27692854	2016	1	0	0	0	0		<	  4.700	4.7	0.0	0.0	1.0	4.7	0.0	CCRs_HUMAN_annotated_01915	True
InChI=1S/C19H25Cl2N5O3S/c1-13-3-8-25(9-4-13)19(27)17(5-10-26-7-2-6-23-26)24-30(28,29)14-11-15(20)18(22)16(21)12-14/h2,6-7,11-13,17,24H,3-5,8-10,22H2,1H3_on_P46092_WT	High	ChEMBL31	ChEMBL31.compound.307656	CC1CCN(C(=O)C(CCn2cccn2)NS(=O)(=O)c2cc(Cl)c(N)c(Cl)c2)CC1	CFQHZPAYYUFZES-UHFFFAOYSA-N	InChI=1S/C19H25Cl2N5O3S/c1-13-3-8-25(9-4-13)19(27)17(5-10-26-7-2-6-23-26)24-30(28,29)14-11-15(20)18(22)16(21)12-14/h2,6-7,11-13,17,24H,3-5,8-10,22H2,1H3	"""AuxInfo=1/0/N:1,13,3,30,9,14,12,4,29,10,21,28,2,20,22,26,8,24,6,23,27,25,15,16,5,11,7,18,19,17/E:(3,4)(8,9)(11,12)(15,16)(20,21)(28,29)/CRV:30.6/rA:30CCCCNCOCCCNCCCNNSOOCCCClCNCClCCC/rB:s1;s2;s3;s4;s5;d6;s6;s8;s9;s10;s11;d12;s13;s11d14;s8;s16;d17;d17;s17;d20;s21;s22;d22;s24;s24;s26;s20d26;s5;s2s29;/rC:;;;;;;;;;;;;;;;;;;;;;;;;;;;;;;"""	P46092_WT	ChEMBL:CHEMBL2321628;ChEMBL:CHEMBL2321628	P46092	WT	CHEMBL3863300;CHEMBL3863299	PMID:27692854	2016.0	PMID:27692854	2016	1	0	0	0	0		=	  5.900;  5.800	5.85	0.05	0.05	2.0	5.85	0.05	CCRs_HUMAN_annotated_01916	True
InChI=1S/C19H26ClN3O4S/c1-14-18(15(2)27-22-14)28(25,26)21-10-3-11-23-12-8-19(24,9-13-23)16-4-6-17(20)7-5-16/h4-7,21,24H,3,8-13H2,1-2H3_on_P32246_WT	Medium	ChEMBL31	ChEMBL31.compound.738416	Cc1noc(C)c1S(=O)(=O)NCCCN1CCC(O)(c2ccc(Cl)cc2)CC1	XLFGFKVJBNKNQW-UHFFFAOYSA-N	InChI=1S/C19H26ClN3O4S/c1-14-18(15(2)27-22-14)28(25,26)21-10-3-11-23-12-8-19(24,9-13-23)16-4-6-17(20)7-5-16/h4-7,21,24H,3,8-13H2,1-2H3	"""AuxInfo=1/0/N:1,6,13,21,26,22,25,17,27,12,14,16,28,2,5,20,23,7,18,24,11,3,15,19,9,10,4,8/E:(4,5)(6,7)(8,9)(12,13)(25,26)/CRV:28.6/rA:28CCNOCCCSOONCCCNCCCOCCCCClCCCC/rB:s1;d2;s3;s4;s5;s2d5;s7;d8;d8;s8;s11;s12;s13;s14;s15;s16;s17;s18;s18;d20;s21;d22;s23;s23;s20d25;s18;s15s27;/rC:;;;;;;;;;;;;;;;;;;;;;;;;;;;;"""	P32246_WT	ChEMBL:CHEMBL2413	P32246	WT	CHEMBL1912384	PMID:21940167	2011.0	PMID:21940167	2011	1	0	0	0	0		=	  6.580	6.58	0.0	0.0	1.0	6.58	0.0	CCRs_HUMAN_annotated_01948	True
InChI=1S/C20H11ClF3N3O4S/c21-15-7-6-12(9-14(15)20(22,23)24)32(30,31)26-16-5-1-4-13-17(16)19(29)27(18(13)28)11-3-2-8-25-10-11/h1-10,26H_on_P51686_WT	High	ChEMBL31	ChEMBL31.compound.299374	O=C1c2c(C(=O)N1c1cnccc1)c(NS(=O)(=O)c1cc(C(F)(F)F)c(Cl)cc1)ccc2	JVTUAKYASFFLST-UHFFFAOYSA-N	InChI=1S/C20H11ClF3N3O4S/c21-15-7-6-12(9-14(15)20(22,23)24)32(30,31)26-16-5-1-4-13-17(16)19(29)27(18(13)28)11-3-2-8-25-10-11/h1-10,26H	"""AuxInfo=1/0/N:31,12,13,32,30,29,28,11,20,9,8,19,3,21,26,14,4,2,5,22,27,23,24,25,10,15,7,1,6,17,18,16/E:(22,23,24)(30,31)/CRV:32.6/rA:32OCCCCONCCNCCCCNSOOCCCCFFFCClCCCCC/rB:d1;s2;d3;s4;d5;s2s5;s7;d8;s9;d10;s11;s8d12;s4;s14;s15;d16;d16;s16;d19;s20;s21;s22;s22;s22;d21;s26;s26;s19d28;d14;s30;s3d31;/rC:;;;;;;;;;;;;;;;;;;;;;;;;;;;;;;;;"""	P51686_WT	ChEMBL:CHEMBL5815	P51686	WT	CHEMBL3801235	PMID:26987013	2016.0	PMID:26987013	2016	0	0	0	1	0		=	  6.690	6.69	0.0	0.0	1.0	6.69	0.0	CCRs_HUMAN_annotated_01994	True
InChI=1S/C20H11F4N3O4S/c21-15-7-6-12(9-14(15)20(22,23)24)32(30,31)26-16-5-1-4-13-17(16)19(29)27(18(13)28)11-3-2-8-25-10-11/h1-10,26H_on_P51686_WT	High	ChEMBL31	ChEMBL31.compound.299373	O=C1c2c(C(=O)N1c1cnccc1)c(NS(=O)(=O)c1cc(C(F)(F)F)c(F)cc1)ccc2	SEAHNBOILLVGTO-UHFFFAOYSA-N	InChI=1S/C20H11F4N3O4S/c21-15-7-6-12(9-14(15)20(22,23)24)32(30,31)26-16-5-1-4-13-17(16)19(29)27(18(13)28)11-3-2-8-25-10-11/h1-10,26H	"""AuxInfo=1/0/N:31,12,13,32,30,29,28,11,20,9,8,19,3,21,26,14,4,2,5,22,27,23,24,25,10,15,7,1,6,17,18,16/E:(22,23,24)(30,31)/CRV:32.6/rA:32OCCCCONCCNCCCCNSOOCCCCFFFCFCCCCC/rB:d1;s2;d3;s4;d5;s2s5;s7;d8;s9;d10;s11;s8d12;s4;s14;s15;d16;d16;s16;d19;s20;s21;s22;s22;s22;d21;s26;s26;s19d28;d14;s30;s3d31;/rC:;;;;;;;;;;;;;;;;;;;;;;;;;;;;;;;;"""	P51686_WT	ChEMBL:CHEMBL5815	P51686	WT	CHEMBL3801235	PMID:26987013	2016.0	PMID:26987013	2016	0	0	0	1	0		=	  5.880	5.88	0.0	0.0	1.0	5.88	0.0	CCRs_HUMAN_annotated_01995	True
InChI=1S/C20H12ClF4NO5S/c21-12-5-7-13(8-6-12)32(29,30)26-15-10-11(20(23,24)25)4-9-16(15)31-17-3-1-2-14(22)18(17)19(27)28/h1-10,26H,(H,27,28)_on_P32246_WT	High	ExCAPE-DB;ChEMBL31	49798289;ChEMBL31.compound.141769	O=C(O)c1c(F)cccc1Oc1ccc(C(F)(F)F)cc1NS(=O)(=O)c1ccc(Cl)cc1	FHDXWXJVGRMTTN-UHFFFAOYSA-N	InChI=1S/C20H12ClF4NO5S/c21-12-5-7-13(8-6-12)32(29,30)26-15-10-11(20(23,24)25)4-9-16(15)31-17-3-1-2-14(22)18(17)19(27)28/h1-10,26H,(H,27,28)	"""AuxInfo=1/1/N:8,7,9,14,28,31,27,32,13,20,15,29,26,5,21,12,10,4,2,16,30,6,17,18,19,22,1,3,24,25,11,23/E:(5,6)(7,8)(23,24,25)(27,28)(29,30)/CRV:32.6/rA:32OCOCCFCCCCOCCCCCFFFCCNSOOCCCCClCC/rB:d1;s2;s2;d4;s5;s5;d7;s8;s4d9;s10;s11;d12;s13;d14;s15;s16;s16;s16;s15;s12d20;s21;s22;d23;d23;s23;d26;s27;d28;s29;s29;s26d31;/rC:;;;;;;;;;;;;;;;;;;;;;;;;;;;;;;;;"""	P32246_WT	EntrezID:1230;ChEMBL:CHEMBL2413	P32246	WT	PubChemAID:489706;CHEMBL1174378	PMID:20627722	2010.0	PubChemAID:489706;PMID:20627722	2010	0	0	0	0;1	1;0		=	  6.900;  6.900	6.9	0.0	0.0	2.0	6.9	0.0	CCRs_HUMAN_annotated_01998	True
InChI=1S/C20H12ClF4NO5S/c21-12-5-7-13(8-6-12)32(29,30)26-15-10-11(20(23,24)25)4-9-16(15)31-17-3-1-2-14(22)18(17)19(27)28/h1-10,26H,(H,27,28)_on_P41597_WT	High	ChEMBL31;ChEMBL31;ChEMBL31;ExCAPE-DB	ChEMBL31.compound.141769;ChEMBL31.compound.141769;ChEMBL31.compound.141769;49798289	O=C(O)c1c(F)cccc1Oc1ccc(C(F)(F)F)cc1NS(=O)(=O)c1ccc(Cl)cc1	FHDXWXJVGRMTTN-UHFFFAOYSA-N	InChI=1S/C20H12ClF4NO5S/c21-12-5-7-13(8-6-12)32(29,30)26-15-10-11(20(23,24)25)4-9-16(15)31-17-3-1-2-14(22)18(17)19(27)28/h1-10,26H,(H,27,28)	"""AuxInfo=1/1/N:8,7,9,14,28,31,27,32,13,20,15,29,26,5,21,12,10,4,2,16,30,6,17,18,19,22,1,3,24,25,11,23/E:(5,6)(7,8)(23,24,25)(27,28)(29,30)/CRV:32.6/rA:32OCOCCFCCCCOCCCCCFFFCCNSOOCCCCClCC/rB:d1;s2;s2;d4;s5;s5;d7;s8;s4d9;s10;s11;d12;s13;d14;s15;s16;s16;s16;s15;s12d20;s21;s22;d23;d23;s23;d26;s27;d28;s29;s29;s26d31;/rC:;;;;;;;;;;;;;;;;;;;;;;;;;;;;;;;;"""	P41597_WT	ChEMBL:CHEMBL4015;ChEMBL:CHEMBL4015;ChEMBL:CHEMBL4015;EntrezID:729230	P41597	WT	CHEMBL1174376;CHEMBL1174377;CHEMBL1174375;PubChemAID:489703	PMID:20627722	2010.0	PMID:20627722;PMID:20627722;PMID:20627722;PubChemAID:489703	2010	0	0	0	1;1;1;0	0;0;0;1		=	  6.800;  5.000;  6.900;  6.900	6.4	0.809	0.467	4.0	6.85	0.05	CCRs_HUMAN_annotated_01999	True
InChI=1S/C20H12ClF4NO5S/c21-12-5-7-13(8-6-12)32(29,30)26-16-10-11(20(23,24)25)9-15(22)18(16)31-17-4-2-1-3-14(17)19(27)28/h1-10,26H,(H,27,28)_on_P32246_WT	High	ExCAPE-DB;ChEMBL31	49798265;ChEMBL31.compound.141770	O=C(O)c1ccccc1Oc1c(F)cc(C(F)(F)F)cc1NS(=O)(=O)c1ccc(Cl)cc1	AHVWEICLWNKDKM-UHFFFAOYSA-N	InChI=1S/C20H12ClF4NO5S/c21-12-5-7-13(8-6-12)32(29,30)26-16-10-11(20(23,24)25)9-15(22)18(16)31-17-4-2-1-3-14(17)19(27)28/h1-10,26H,(H,27,28)	"""AuxInfo=1/1/N:6,7,5,8,28,31,27,32,14,20,15,29,26,4,12,21,9,11,2,16,30,13,17,18,19,22,1,3,24,25,10,23/E:(5,6)(7,8)(23,24,25)(27,28)(29,30)/CRV:32.6/rA:32OCOCCCCCCOCCFCCCFFFCCNSOOCCCCClCC/rB:d1;s2;s2;d4;s5;d6;s7;s4d8;s9;s10;d11;s12;s12;d14;s15;s16;s16;s16;s15;s11d20;s21;s22;d23;d23;s23;d26;s27;d28;s29;s29;s26d31;/rC:;;;;;;;;;;;;;;;;;;;;;;;;;;;;;;;;"""	P32246_WT	EntrezID:1230;ChEMBL:CHEMBL2413	P32246	WT	PubChemAID:489706;CHEMBL1174378	PMID:20627722	2010.0	PubChemAID:489706;PMID:20627722	2010	0	0	0	0;1	1;0		=	  6.900;  6.900	6.9	0.0	0.0	2.0	6.9	0.0	CCRs_HUMAN_annotated_02000	True
InChI=1S/C20H12ClF4NO5S/c21-12-5-7-13(8-6-12)32(29,30)26-16-10-11(20(23,24)25)9-15(22)18(16)31-17-4-2-1-3-14(17)19(27)28/h1-10,26H,(H,27,28)_on_P41597_WT	High	ExCAPE-DB;ChEMBL31;ChEMBL31;ChEMBL31	49798265;ChEMBL31.compound.141770;ChEMBL31.compound.141770;ChEMBL31.compound.141770	O=C(O)c1ccccc1Oc1c(F)cc(C(F)(F)F)cc1NS(=O)(=O)c1ccc(Cl)cc1	AHVWEICLWNKDKM-UHFFFAOYSA-N	InChI=1S/C20H12ClF4NO5S/c21-12-5-7-13(8-6-12)32(29,30)26-16-10-11(20(23,24)25)9-15(22)18(16)31-17-4-2-1-3-14(17)19(27)28/h1-10,26H,(H,27,28)	"""AuxInfo=1/1/N:6,7,5,8,28,31,27,32,14,20,15,29,26,4,12,21,9,11,2,16,30,13,17,18,19,22,1,3,24,25,10,23/E:(5,6)(7,8)(23,24,25)(27,28)(29,30)/CRV:32.6/rA:32OCOCCCCCCOCCFCCCFFFCCNSOOCCCCClCC/rB:d1;s2;s2;d4;s5;d6;s7;s4d8;s9;s10;d11;s12;s12;d14;s15;s16;s16;s16;s15;s11d20;s21;s22;d23;d23;s23;d26;s27;d28;s29;s29;s26d31;/rC:;;;;;;;;;;;;;;;;;;;;;;;;;;;;;;;;"""	P41597_WT	EntrezID:729230;ChEMBL:CHEMBL4015;ChEMBL:CHEMBL4015;ChEMBL:CHEMBL4015	P41597	WT	PubChemAID:489703;CHEMBL1174377;CHEMBL1174376;CHEMBL1174375	PMID:20627722	2010.0	PubChemAID:489703;PMID:20627722;PMID:20627722;PMID:20627722	2010	0	0	0	0;1;1;1	1;0;0;0		=	  7.500;  4.900;  7.200;  7.500	6.775	1.089	0.629	4.0	7.35	0.15	CCRs_HUMAN_annotated_02001	True
InChI=1S/C20H12F3N3O4S/c21-20(22,23)12-4-1-6-14(10-12)31(29,30)25-16-8-2-7-15-17(16)19(28)26(18(15)27)13-5-3-9-24-11-13/h1-11,25H_on_P51686_WT	High	ChEMBL31	ChEMBL31.compound.299376	O=C1c2c(C(=O)N1c1cnccc1)c(NS(=O)(=O)c1cc(C(F)(F)F)ccc1)ccc2	CYTCBYNLWKLCAZ-UHFFFAOYSA-N	InChI=1S/C20H12F3N3O4S/c21-20(22,23)12-4-1-6-14(10-12)31(29,30)25-16-8-2-7-15-17(16)19(28)26(18(15)27)13-5-3-9-24-11-13/h1-11,25H	"""AuxInfo=1/0/N:27,30,12,26,13,28,31,29,11,20,9,21,8,19,3,14,4,2,5,22,23,24,25,10,15,7,1,6,17,18,16/E:(21,22,23)(29,30)/CRV:31.6/rA:31OCCCCONCCNCCCCNSOOCCCCFFFCCCCCC/rB:d1;s2;d3;s4;d5;s2s5;s7;d8;s9;d10;s11;s8d12;s4;s14;s15;d16;d16;s16;d19;s20;s21;s22;s22;s22;d21;s26;s19d27;d14;s29;s3d30;/rC:;;;;;;;;;;;;;;;;;;;;;;;;;;;;;;;"""	P51686_WT	ChEMBL:CHEMBL5815	P51686	WT	CHEMBL3801235	PMID:26987013	2016.0	PMID:26987013	2016	0	0	0	1	0		=	  5.570	5.57	0.0	0.0	1.0	5.57	0.0	CCRs_HUMAN_annotated_02002	True
InChI=1S/C20H12F3N3O5S/c21-20(22,23)31-13-6-8-14(9-7-13)32(29,30)25-16-5-1-4-15-17(16)19(28)26(18(15)27)12-3-2-10-24-11-12/h1-11,25H_on_P51686_WT	High	ChEMBL31	ChEMBL31.compound.299375	O=C1c2c(C(=O)N1c1cnccc1)c(NS(=O)(=O)c1ccc(OC(F)(F)F)cc1)ccc2	YYRIKAFSDFNFNU-UHFFFAOYSA-N	InChI=1S/C20H12F3N3O5S/c21-20(22,23)31-13-6-8-14(9-7-13)32(29,30)25-16-5-1-4-15-17(16)19(28)26(18(15)27)12-3-2-10-24-11-12/h1-11,25H	"""AuxInfo=1/0/N:31,12,13,32,30,21,28,20,29,11,9,8,22,19,3,14,4,2,5,24,25,26,27,10,15,7,1,6,17,18,23,16/E:(6,7)(8,9)(21,22,23)(29,30)/CRV:32.6/rA:32OCCCCONCCNCCCCNSOOCCCCOCFFFCCCCC/rB:d1;s2;d3;s4;d5;s2s5;s7;d8;s9;d10;s11;s8d12;s4;s14;s15;d16;d16;s16;d19;s20;d21;s22;s23;s24;s24;s24;s22;s19d28;d14;s30;s3d31;/rC:;;;;;;;;;;;;;;;;;;;;;;;;;;;;;;;;"""	P51686_WT	ChEMBL:CHEMBL5815	P51686	WT	CHEMBL3801235	PMID:26987013	2016.0	PMID:26987013	2016	0	0	0	1	0		=	  6.910	6.91	0.0	0.0	1.0	6.91	0.0	CCRs_HUMAN_annotated_02003	True
InChI=1S/C20H13ClF3N5O3S/c1-10-6-15(29-33(31,32)11-2-3-14(21)13(7-11)20(22,23)24)17(26-8-10)18(30)16-12-4-5-25-19(12)28-9-27-16/h2-9,29H,1H3,(H,25,27,28)_on_P41597_WT	Medium	ChEMBL31	ChEMBL31.compound.743489	Cc1cc(NS(=O)(=O)c2cc(C(F)(F)F)c(Cl)cc2)c(C(=O)c2ncnc3c2cc[nH]3)nc1	LUUMLYXKTPBTQR-UHFFFAOYSA-N	InChI=1S/C20H13ClF3N5O3S/c1-10-6-15(29-33(31,32)11-2-3-14(21)13(7-11)20(22,23)24)17(26-8-10)18(30)16-12-4-5-25-19(12)28-9-27-16/h2-9,29H,1H3,(H,25,27,28)	"""AuxInfo=1/1/N:1,19,18,29,30,3,10,33,25,2,9,28,11,16,4,23,20,21,27,12,17,13,14,15,31,32,24,26,5,22,7,8,6/E:(22,23,24)(31,32)/CRV:33.6/rA:33CCCCNSOOCCCCFFFCClCCCCOCNCNCCCCNNC/rB:s1;d2;s3;s4;s5;d6;d6;s6;d9;s10;s11;s12;s12;s12;d11;s16;s16;s9d18;d4;s20;d21;s21;d23;s24;d25;s26;s23d27;s28;d29;s27s30;s20;s2d32;/rC:;;;;;;;;;;;;;;;;;;;;;;;;;;;;;;;;;"""	P41597_WT	ChEMBL:CHEMBL4015	P41597	WT	CHEMBL2184881	PMID:22931505	2012.0	PMID:22931505	2012	1	0	0	0	0		=	  8.300	8.3	0.0	0.0	1.0	8.3	0.0	CCRs_HUMAN_annotated_02005	True
InChI=1S/C20H13ClF3NO5S/c21-13-6-8-14(9-7-13)31(28,29)25-16-11-12(20(22,23)24)5-10-18(16)30-17-4-2-1-3-15(17)19(26)27/h1-11,25H,(H,26,27)_on_P32246_WT	High	ChEMBL31	ChEMBL31.compound.141772	O=C(O)c1ccccc1Oc1ccc(C(F)(F)F)cc1NS(=O)(=O)c1ccc(Cl)cc1	IWSNTIDXIKYXSU-UHFFFAOYSA-N	InChI=1S/C20H13ClF3NO5S/c21-13-6-8-14(9-7-13)31(28,29)25-16-11-12(20(22,23)24)5-10-18(16)30-17-4-2-1-3-15(17)19(26)27/h1-11,25H,(H,26,27)	"""AuxInfo=1/1/N:6,7,5,8,13,27,30,26,31,12,19,14,28,25,4,20,9,11,2,15,29,16,17,18,21,1,3,23,24,10,22/E:(6,7)(8,9)(22,23,24)(26,27)(28,29)/CRV:31.6/rA:31OCOCCCCCCOCCCCCFFFCCNSOOCCCCClCC/rB:d1;s2;s2;d4;s5;d6;s7;s4d8;s9;s10;d11;s12;d13;s14;s15;s15;s15;s14;s11d19;s20;s21;d22;d22;s22;d25;s26;d27;s28;s28;s25d30;/rC:;;;;;;;;;;;;;;;;;;;;;;;;;;;;;;;"""	P32246_WT	ChEMBL:CHEMBL2413	P32246	WT	CHEMBL1174378	PMID:20627722	2010.0	PMID:20627722	2010	0	0	0	1	0		=	  6.300	6.3	0.0	0.0	1.0	6.3	0.0	CCRs_HUMAN_annotated_02006	True
InChI=1S/C20H13ClF3NO5S/c21-13-6-8-14(9-7-13)31(28,29)25-16-11-12(20(22,23)24)5-10-18(16)30-17-4-2-1-3-15(17)19(26)27/h1-11,25H,(H,26,27)_on_P41597_WT	High	ChEMBL31	ChEMBL31.compound.141772	O=C(O)c1ccccc1Oc1ccc(C(F)(F)F)cc1NS(=O)(=O)c1ccc(Cl)cc1	IWSNTIDXIKYXSU-UHFFFAOYSA-N	InChI=1S/C20H13ClF3NO5S/c21-13-6-8-14(9-7-13)31(28,29)25-16-11-12(20(22,23)24)5-10-18(16)30-17-4-2-1-3-15(17)19(26)27/h1-11,25H,(H,26,27)	"""AuxInfo=1/1/N:6,7,5,8,13,27,30,26,31,12,19,14,28,25,4,20,9,11,2,15,29,16,17,18,21,1,3,23,24,10,22/E:(6,7)(8,9)(22,23,24)(26,27)(28,29)/CRV:31.6/rA:31OCOCCCCCCOCCCCCFFFCCNSOOCCCCClCC/rB:d1;s2;s2;d4;s5;d6;s7;s4d8;s9;s10;d11;s12;d13;s14;s15;s15;s15;s14;s11d19;s20;s21;d22;d22;s22;d25;s26;d27;s28;s28;s25d30;/rC:;;;;;;;;;;;;;;;;;;;;;;;;;;;;;;;"""	P41597_WT	ChEMBL:CHEMBL4015	P41597	WT	CHEMBL1174375	PMID:20627722	2010.0	PMID:20627722	2010	0	0	0	1	0		=	  6.100	6.1	0.0	0.0	1.0	6.1	0.0	CCRs_HUMAN_annotated_02007	True
InChI=1S/C20H13ClN2O5S/c21-14-6-8-15(9-7-14)29(26,27)23-17-11-13(12-22)5-10-19(17)28-18-4-2-1-3-16(18)20(24)25/h1-11,23H,(H,24,25)_on_P41597_WT	High	ChEMBL31	ChEMBL31.compound.141768	N#Cc1cc(NS(=O)(=O)c2ccc(Cl)cc2)c(Oc2ccccc2C(=O)O)cc1	LBRSBMPJWFLCEE-UHFFFAOYSA-N	InChI=1S/C20H13ClN2O5S/c21-14-6-8-15(9-7-14)29(26,27)23-17-11-13(12-22)5-10-19(17)28-18-4-2-1-3-16(18)20(24)25/h1-11,23H,(H,24,25)	"""AuxInfo=1/1/N:22,21,23,20,29,12,15,11,16,28,4,2,3,13,10,24,5,19,17,25,14,1,6,26,27,8,9,18,7/E:(6,7)(8,9)(24,25)(26,27)/CRV:29.6/rA:29NCCCCNSOOCCCCClCCCOCCCCCCCOOCC/rB:t1;s2;d3;s4;s5;s6;d7;d7;s7;d10;s11;d12;s13;s13;s10d15;d5;s17;s18;d19;s20;d21;s22;s19d23;s24;d25;s25;s17;s3d28;/rC:;;;;;;;;;;;;;;;;;;;;;;;;;;;;;"""	P41597_WT	ChEMBL:CHEMBL4015	P41597	WT	CHEMBL1174375	PMID:20627722	2010.0	PMID:20627722	2010	0	0	0	1	0		=	  7.200	7.2	0.0	0.0	1.0	7.2	0.0	CCRs_HUMAN_annotated_02009	True
InChI=1S/C20H13ClN4O3S2/c21-15-3-6-18(17(11-15)20(26)14-7-9-22-10-8-14)24-30(27,28)16-4-1-13(2-5-16)19-12-29-25-23-19/h1-12,24H_on_P51686_WT	Low	ChEMBL31	ChEMBL31.compound.1070774	O=C(c1ccncc1)c1cc(Cl)ccc1NS(=O)(=O)c1ccc(-c2csnn2)cc1	XFOJPIFYEYDKKC-UHFFFAOYSA-N	InChI=1S/C20H13ClN4O3S2/c21-15-3-6-18(17(11-15)20(26)14-7-9-22-10-8-14)24-30(27,28)16-4-1-13(2-5-16)19-12-29-25-23-19/h1-12,24H	"""AuxInfo=1/0/N:22,29,13,21,30,14,4,8,5,7,10,25,23,3,11,20,9,15,24,2,12,6,28,16,27,1,18,19,26,17/E:(1,2)(4,5)(7,8)(9,10)(27,28)/CRV:30.6/rA:30OCCCCNCCCCCClCCCNSOOCCCCCCSNNCC/rB:d1;s2;d3;s4;d5;s6;s3d7;s2;d9;s10;s11;d11;s13;s9d14;s15;s16;d17;d17;s17;d20;s21;d22;s23;d24;s25;s26;s24d27;s23;s20d29;/rC:;;;;;;;;;;;;;;;;;;;;;;;;;;;;;;"""	P51686_WT	ChEMBL:CHEMBL5815;ChEMBL:CHEMBL5815	P51686	WT	CHEMBL3721192;CHEMBL3721193	PATENT:US7420055B2	2008.0	PATENT:US7420055B2	2008	1	0	0	0	0		>	  6.000;  6.000	6.0	0.0	0.0	2.0	6.0	0.0	CCRs_HUMAN_annotated_02010	True
InChI=1S/C20H13ClN4O4S/c21-14-3-6-17(16(9-14)20(26)18-7-8-22-11-24-18)25-30(27,28)15-4-1-13(2-5-15)19-10-23-12-29-19/h1-12,25H_on_P51686_WT	High	ChEMBL31	ChEMBL31.compound.285473	O=C(c1ccncn1)c1cc(Cl)ccc1NS(=O)(=O)c1ccc(-c2cnco2)cc1	GAOKHIDHUOBEGG-UHFFFAOYSA-N	InChI=1S/C20H13ClN4O4S/c21-14-3-6-17(16(9-14)20(26)18-7-8-22-11-24-18)25-30(27,28)15-4-1-13(2-5-15)19-10-23-12-29-19/h1-12,25H	"""AuxInfo=1/0/N:22,29,13,21,30,14,4,5,10,25,7,27,23,11,20,9,15,3,24,2,12,6,26,8,16,1,18,19,28,17/E:(1,2)(4,5)(27,28)/CRV:30.6/rA:30OCCCCNCNCCCClCCCNSOOCCCCCCNCOCC/rB:d1;s2;d3;s4;d5;s6;s3d7;s2;d9;s10;s11;d11;s13;s9d14;s15;s16;d17;d17;s17;d20;s21;d22;s23;d24;s25;d26;s24s27;s23;s20d29;/rC:;;;;;;;;;;;;;;;;;;;;;;;;;;;;;;"""	P51686_WT	ChEMBL:CHEMBL5815;ChEMBL:CHEMBL5815	P51686	WT	CHEMBL3721199;CHEMBL3721196	PATENT:US7420055B2	2008.0	PATENT:US7582661B2	2009	1	0	0	0	0		=	  6.000;  6.000	6.0	0.0	0.0	2.0	6.0	0.0	CCRs_HUMAN_annotated_02011	True
InChI=1S/C20H13ClN4O4S/c21-14-4-7-17(16(10-14)19(26)20-23-8-1-9-24-20)25-30(27,28)15-5-2-13(3-6-15)18-11-22-12-29-18/h1-12,25H_on_P51686_WT	High	ChEMBL31	ChEMBL31.compound.285492	O=C(c1ncccn1)c1cc(Cl)ccc1NS(=O)(=O)c1ccc(-c2cnco2)cc1	ASBVEFRFMRHTKN-UHFFFAOYSA-N	InChI=1S/C20H13ClN4O4S/c21-14-4-7-17(16(10-14)19(26)20-23-8-1-9-24-20)25-30(27,28)15-5-2-13(3-6-15)18-11-22-12-29-18/h1-12,25H	"""AuxInfo=1/0/N:6,22,29,13,21,30,14,5,7,10,25,27,23,11,20,9,15,24,2,3,12,26,4,8,16,1,18,19,28,17/E:(2,3)(5,6)(8,9)(23,24)(27,28)/CRV:30.6/rA:30OCCNCCCNCCCClCCCNSOOCCCCCCNCOCC/rB:d1;s2;d3;s4;d5;s6;s3d7;s2;d9;s10;s11;d11;s13;s9d14;s15;s16;d17;d17;s17;d20;s21;d22;s23;d24;s25;d26;s24s27;s23;s20d29;/rC:;;;;;;;;;;;;;;;;;;;;;;;;;;;;;;"""	P51686_WT	ChEMBL:CHEMBL5815;ChEMBL:CHEMBL5815	P51686	WT	CHEMBL3721196;CHEMBL3721199	PATENT:US7420055B2	2008.0	PATENT:US7582661B2	2009	1	0	0	0	0		=	  7.000;  7.000	7.0	0.0	0.0	2.0	7.0	0.0	CCRs_HUMAN_annotated_02012	True
InChI=1S/C20H14Br2FNO3/c21-12-3-1-2-11(8-12)17-16(18(25)10-4-5-10)19(26)20(27)24(17)15-7-6-13(22)9-14(15)23/h1-3,6-10,17,26H,4-5H2_on_P32246_WT	High	ChEMBL31	ChEMBL31.compound.414411	O=C(C1=C(O)C(=O)N(c2ccc(Br)cc2F)C1c1cc(Br)ccc1)C1CC1	LZRAWLGPIYPQSJ-UHFFFAOYSA-N	InChI=1S/C20H14Br2FNO3/c21-12-3-1-2-11(8-12)17-16(18(25)10-4-5-10)19(26)20(27)24(17)15-7-6-13(22)9-14(15)23/h1-3,6-10,17,26H,4-5H2	"""AuxInfo=1/0/N:23,24,22,26,27,11,10,19,14,25,18,20,12,15,9,3,17,2,4,6,21,13,16,8,1,5,7/E:(4,5)/rA:27OCCCOCONCCCCBrCCFCCCCBrCCCCCC/rB:d1;s2;w?3;s4;s4;d6;s6;s8;d9;s10;d11;s12;s12;s9d14;s15;s3s8;s17;d18;s19;s20;d20;s22;s18d23;s2;s25;s25s26;/rC:;;;;;;;;;;;;;;;;;;;;;;;;;;;"""	P32246_WT	ChEMBL:CHEMBL2413;ChEMBL:CHEMBL2413;ChEMBL:CHEMBL2413;ChEMBL:CHEMBL2413	P32246	WT	CHEMBL4371695;CHEMBL4371699;CHEMBL4371695;CHEMBL4371699	PMID:30256641	2018.0	PMID:30256641	2018	0;1;0;1	0	0	1;0;1;0	0		=	  7.300;  5.060;  7.300;  5.070	6.182	1.118	0.645	4.0	6.185	1.115	CCRs_HUMAN_annotated_02015	True
InChI=1S/C20H14Br2FNO3/c21-12-3-1-2-11(8-12)17-16(18(25)10-4-5-10)19(26)20(27)24(17)15-7-6-13(22)9-14(15)23/h1-3,6-10,17,26H,4-5H2_on_P41597_WT	High	ChEMBL31	ChEMBL31.compound.414411	O=C(C1=C(O)C(=O)N(c2ccc(Br)cc2F)C1c1cc(Br)ccc1)C1CC1	LZRAWLGPIYPQSJ-UHFFFAOYSA-N	InChI=1S/C20H14Br2FNO3/c21-12-3-1-2-11(8-12)17-16(18(25)10-4-5-10)19(26)20(27)24(17)15-7-6-13(22)9-14(15)23/h1-3,6-10,17,26H,4-5H2	"""AuxInfo=1/0/N:23,24,22,26,27,11,10,19,14,25,18,20,12,15,9,3,17,2,4,6,21,13,16,8,1,5,7/E:(4,5)/rA:27OCCCOCONCCCCBrCCFCCCCBrCCCCCC/rB:d1;s2;w?3;s4;s4;d6;s6;s8;d9;s10;d11;s12;s12;s9d14;s15;s3s8;s17;d18;s19;s20;d20;s22;s18d23;s2;s25;s25s26;/rC:;;;;;;;;;;;;;;;;;;;;;;;;;;;"""	P41597_WT	ChEMBL:CHEMBL4015;ChEMBL:CHEMBL4015	P41597	WT	CHEMBL4371700	PMID:30256641	2018.0	PMID:30256641	2018	1	0	0	0	0		=	  5.060;  5.060	5.06	0.0	0.0	2.0	5.06	0.0	CCRs_HUMAN_annotated_02016	True
InChI=1S/C20H14ClF3N2O4S/c1-12-2-3-13(11-25-12)19(27)17-10-14(21)4-9-18(17)26-31(28,29)16-7-5-15(6-8-16)30-20(22,23)24/h2-11,26H,1H3_on_P51686_WT	Low	ChEMBL31	ChEMBL31.compound.1070755	Cc1ncc(C(=O)c2cc(Cl)ccc2NS(=O)(=O)c2ccc(OC(F)(F)F)cc2)cc1	CRAZDSRXAYLRJQ-UHFFFAOYSA-N	InChI=1S/C20H14ClF3N2O4S/c1-12-2-3-13(11-25-12)19(27)17-10-14(21)4-9-18(17)26-31(28,29)16-7-5-15(6-8-16)30-20(22,23)24/h2-11,26H,1H3	"""AuxInfo=1/0/N:1,31,30,12,21,28,20,29,13,9,4,2,5,10,22,19,8,14,6,24,11,25,26,27,3,15,7,17,18,23,16/E:(5,6)(7,8)(22,23,24)(28,29)/CRV:31.6/rA:31CCNCCCOCCCClCCCNSOOCCCCOCFFFCCCC/rB:s1;d2;s3;d4;s5;d6;s6;d8;s9;s10;d10;s12;s8d13;s14;s15;d16;d16;s16;d19;s20;d21;s22;s23;s24;s24;s24;s22;s19d28;s5;s2d30;/rC:;;;;;;;;;;;;;;;;;;;;;;;;;;;;;;;"""	P51686_WT	ChEMBL:CHEMBL5815;ChEMBL:CHEMBL5815	P51686	WT	CHEMBL3721192;CHEMBL3721193	PATENT:US7420055B2	2008.0	PATENT:US7420055B2	2008	1	0	0	0	0		>	  6.000;  6.000	6.0	0.0	0.0	2.0	6.0	0.0	CCRs_HUMAN_annotated_02019	True
InChI=1S/C20H14ClF3N2O4S/c1-12-10-13(8-9-25-12)19(27)17-11-14(21)2-7-18(17)26-31(28,29)16-5-3-15(4-6-16)30-20(22,23)24/h2-11,26H,1H3_on_P51686_WT	Low	ChEMBL31	ChEMBL31.compound.1070694	Cc1cc(C(=O)c2cc(Cl)ccc2NS(=O)(=O)c2ccc(OC(F)(F)F)cc2)ccn1	WHYUWYDQRGXLPV-UHFFFAOYSA-N	InChI=1S/C20H14ClF3N2O4S/c1-12-10-13(8-9-25-12)19(27)17-11-14(21)2-7-18(17)26-31(28,29)16-5-3-15(4-6-16)30-20(22,23)24/h2-11,26H,1H3	"""AuxInfo=1/0/N:1,11,20,27,19,28,12,29,30,3,8,2,4,9,21,18,7,13,5,23,10,24,25,26,31,14,6,16,17,22,15/E:(3,4)(5,6)(22,23,24)(28,29)/CRV:31.6/rA:31CCCCCOCCCClCCCNSOOCCCCOCFFFCCCCN/rB:s1;d2;s3;s4;d5;s5;d7;s8;s9;d9;s11;s7d12;s13;s14;d15;d15;s15;d18;s19;d20;s21;s22;s23;s23;s23;s21;s18d27;d4;s29;s2d30;/rC:;;;;;;;;;;;;;;;;;;;;;;;;;;;;;;;"""	P51686_WT	ChEMBL:CHEMBL5815;ChEMBL:CHEMBL5815	P51686	WT	CHEMBL3721193;CHEMBL3721192	PATENT:US7420055B2	2008.0	PATENT:US7420055B2	2008	1	0	0	0	0		>	  6.000;  6.000	6.0	0.0	0.0	2.0	6.0	0.0	CCRs_HUMAN_annotated_02020	True
InChI=1S/C20H14ClF3N2O4S/c1-12-16(3-2-10-25-12)19(27)17-11-13(21)4-9-18(17)26-31(28,29)15-7-5-14(6-8-15)30-20(22,23)24/h2-11,26H,1H3_on_P51686_WT	High	ChEMBL31	ChEMBL31.compound.285490	Cc1c(C(=O)c2cc(Cl)ccc2NS(=O)(=O)c2ccc(OC(F)(F)F)cc2)cccn1	OTJKMDACHXOYMG-UHFFFAOYSA-N	InChI=1S/C20H14ClF3N2O4S/c1-12-16(3-2-10-25-12)19(27)17-11-13(21)4-9-18(17)26-31(28,29)15-7-5-14(6-8-15)30-20(22,23)24/h2-11,26H,1H3	"""AuxInfo=1/0/N:1,29,28,10,19,26,18,27,11,30,7,2,8,20,17,3,6,12,4,22,9,23,24,25,31,13,5,15,16,21,14/E:(5,6)(7,8)(22,23,24)(28,29)/CRV:31.6/rA:31CCCCOCCCClCCCNSOOCCCCOCFFFCCCCCN/rB:s1;d2;s3;d4;s4;d6;s7;s8;d8;s10;s6d11;s12;s13;d14;d14;s14;d17;s18;d19;s20;s21;s22;s22;s22;s20;s17d26;s3;d28;s29;s2d30;/rC:;;;;;;;;;;;;;;;;;;;;;;;;;;;;;;;"""	P51686_WT	ChEMBL:CHEMBL5815;ChEMBL:CHEMBL5815	P51686	WT	CHEMBL3721199;CHEMBL3721196	PATENT:US7582661B2	2009.0	PATENT:US7582661B2	2009	1	0	0	0	0		=	  7.000;  7.000	7.0	0.0	0.0	2.0	7.0	0.0	CCRs_HUMAN_annotated_02021	True
InChI=1S/C20H14ClF3N2O5S/c1-12-2-3-13(11-26(12)28)19(27)17-10-14(21)4-9-18(17)25-32(29,30)16-7-5-15(6-8-16)31-20(22,23)24/h2-11,25H,1H3_on_P51686_WT	High	ChEMBL31	ChEMBL31.compound.285495	Cc1[n+]([O-])cc(C(=O)c2cc(Cl)ccc2NS(=O)(=O)c2ccc(OC(F)(F)F)cc2)cc1	UYDWOCBSVDGHRY-UHFFFAOYSA-N	InChI=1S/C20H14ClF3N2O5S/c1-12-2-3-13(11-26(12)28)19(27)17-10-14(21)4-9-18(17)25-32(29,30)16-7-5-15(6-8-16)31-20(22,23)24/h2-11,25H,1H3	"""AuxInfo=1/0/N:1,32,31,13,22,29,21,30,14,10,5,2,6,11,23,20,9,15,7,25,12,26,27,28,16,3,8,4,18,19,24,17/E:(5,6)(7,8)(22,23,24)(29,30)/CRV:26.5,32.6/rA:32CCN+O-CCCOCCCClCCCNSOOCCCCOCFFFCCCC/rB:s1;d2;s3;s3;d5;s6;d7;s7;d9;s10;s11;d11;s13;s9d14;s15;s16;d17;d17;s17;d20;s21;d22;s23;s24;s25;s25;s25;s23;s20d29;s6;s2d31;/rC:;;;;;;;;;;;;;;;;;;;;;;;;;;;;;;;;"""	P51686_WT	ChEMBL:CHEMBL5815;ChEMBL:CHEMBL5815	P51686	WT	CHEMBL3721196;CHEMBL3721199	PATENT:US7420055B2	2008.0	PATENT:US7582661B2	2009	1	0	0	0	0		=	  7.000;  7.000	7.0	0.0	0.0	2.0	7.0	0.0	CCRs_HUMAN_annotated_02022	True
InChI=1S/C20H14ClF3N2O5S/c1-12-16(3-2-10-26(12)28)19(27)17-11-13(21)4-9-18(17)25-32(29,30)15-7-5-14(6-8-15)31-20(22,23)24/h2-11,25H,1H3_on_P51686_WT	High	ChEMBL31	ChEMBL31.compound.285481	Cc1c(C(=O)c2cc(Cl)ccc2NS(=O)(=O)c2ccc(OC(F)(F)F)cc2)ccc[n+]1[O-]	DRWWRJONAICONH-UHFFFAOYSA-N	InChI=1S/C20H14ClF3N2O5S/c1-12-16(3-2-10-26(12)28)19(27)17-11-13(21)4-9-18(17)25-32(29,30)15-7-5-14(6-8-15)31-20(22,23)24/h2-11,25H,1H3	"""AuxInfo=1/0/N:1,29,28,10,19,26,18,27,11,30,7,2,8,20,17,3,6,12,4,22,9,23,24,25,13,31,5,32,15,16,21,14/E:(5,6)(7,8)(22,23,24)(29,30)/CRV:26.5,32.6/rA:32CCCCOCCCClCCCNSOOCCCCOCFFFCCCCCN+O-/rB:s1;d2;s3;d4;s4;d6;s7;s8;d8;s10;s6d11;s12;s13;d14;d14;s14;d17;s18;d19;s20;s21;s22;s22;s22;s20;s17d26;s3;d28;s29;s2d30;s31;/rC:;;;;;;;;;;;;;;;;;;;;;;;;;;;;;;;;"""	P51686_WT	ChEMBL:CHEMBL5815;ChEMBL:CHEMBL5815	P51686	WT	CHEMBL3721199;CHEMBL3721196	PATENT:US7420055B2	2008.0	PATENT:US7582661B2	2009	1	0	0	0	0		=	  7.000;  7.000	7.0	0.0	0.0	2.0	7.0	0.0	CCRs_HUMAN_annotated_02023	True
InChI=1S/C20H15BrN2O4S/c1-13(24)14-2-5-17(6-3-14)28(26,27)23-19-7-4-16(21)12-18(19)20(25)15-8-10-22-11-9-15/h2-12,23H,1H3_on_P51686_WT	Low	ChEMBL31	ChEMBL31.compound.1070964	CC(=O)c1ccc(S(=O)(=O)Nc2ccc(Br)cc2C(=O)c2ccncc2)cc1	ILZXQHYLZGAXNI-UHFFFAOYSA-N	InChI=1S/C20H15BrN2O4S/c1-13(24)14-2-5-17(6-3-14)28(26,27)23-19-7-4-16(21)12-18(19)20(25)15-8-10-22-11-9-15/h2-12,23H,1H3	"""AuxInfo=1/0/N:1,5,28,14,6,27,13,22,26,23,25,17,2,4,21,15,7,18,12,19,16,24,11,3,20,9,10,8/E:(2,3)(5,6)(8,9)(10,11)(26,27)/CRV:28.6/rA:28CCOCCCCSOONCCCCBrCCCOCCCNCCCC/rB:s1;d2;s2;d4;s5;d6;s7;d8;d8;s8;s11;d12;s13;d14;s15;s15;s12d17;s18;d19;s19;d21;s22;d23;s24;s21d25;s7;s4d27;/rC:;;;;;;;;;;;;;;;;;;;;;;;;;;;;"""	P51686_WT	ChEMBL:CHEMBL5815;ChEMBL:CHEMBL5815	P51686	WT	CHEMBL3721199;CHEMBL3721196	PATENT:US7582661B2	2009.0	PATENT:US7582661B2	2009	1	0	0	0	0		>	  7.000;  7.000	7.0	0.0	0.0	2.0	7.0	0.0	CCRs_HUMAN_annotated_02035	True
InChI=1S/C20H15ClN2O4S/c1-13(24)14-2-5-17(6-3-14)28(26,27)23-19-7-4-16(21)12-18(19)20(25)15-8-10-22-11-9-15/h2-12,23H,1H3_on_P51686_WT	High	ChEMBL31	ChEMBL31.compound.285474	CC(=O)c1ccc(S(=O)(=O)Nc2ccc(Cl)cc2C(=O)c2ccncc2)cc1	FYDDHURLODGYCI-UHFFFAOYSA-N	InChI=1S/C20H15ClN2O4S/c1-13(24)14-2-5-17(6-3-14)28(26,27)23-19-7-4-16(21)12-18(19)20(25)15-8-10-22-11-9-15/h2-12,23H,1H3	"""AuxInfo=1/0/N:1,5,28,14,6,27,13,22,26,23,25,17,2,4,21,15,7,18,12,19,16,24,11,3,20,9,10,8/E:(2,3)(5,6)(8,9)(10,11)(26,27)/CRV:28.6/rA:28CCOCCCCSOONCCCCClCCCOCCCNCCCC/rB:s1;d2;s2;d4;s5;d6;s7;d8;d8;s8;s11;d12;s13;d14;s15;s15;s12d17;s18;d19;s19;d21;s22;d23;s24;s21d25;s7;s4d27;/rC:;;;;;;;;;;;;;;;;;;;;;;;;;;;;"""	P51686_WT	ChEMBL:CHEMBL5815;ChEMBL:CHEMBL5815	P51686	WT	CHEMBL3721196;CHEMBL3721199	PATENT:US7420055B2	2008.0	PATENT:US7582661B2	2009	1	0	0	0	0		=	  6.000;  6.000	6.0	0.0	0.0	2.0	6.0	0.0	CCRs_HUMAN_annotated_02038	True
InChI=1S/C20H15F3N4O2S/c21-20(22,23)29-15-7-4-8-16(11-15)30-12-14-10-18(28)27-19(24-14)25-17(26-27)9-13-5-2-1-3-6-13/h1-8,10-11,28H,9,12H2_on_P25025_WT	High	ChEMBL31;ExCAPE-DB	ChEMBL31.compound.227175;24959665	Oc1cc(CSc2cccc(OC(F)(F)F)c2)nc2nc(Cc3ccccc3)nn12	POLWDDVECHPDFC-UHFFFAOYSA-N	InChI=1S/C20H15F3N4O2S/c21-20(22,23)29-15-7-4-8-16(11-15)30-12-14-10-18(28)27-19(24-14)25-17(26-27)9-13-5-2-1-3-6-13/h1-8,10-11,28H,9,12H2	"""AuxInfo=1/0/N:26,25,27,9,24,28,10,8,22,3,17,5,23,4,11,7,21,2,19,13,14,15,16,18,20,29,30,1,12,6/E:(2,3)(5,6)(21,22,23)/rA:30OCCCCSCCCCCOCFFFCNCNCCCCCCCCNN/rB:s1;d2;s3;s4;s5;s6;d7;s8;d9;s10;s11;s12;s13;s13;s13;s7d11;d4;s18;d19;s20;s21;s22;d23;s24;d25;s26;s23d27;d21;s2s19s29;/rC:;;;;;;;;;;;;;;;;;;;;;;;;;;;;;;"""	P25025_WT	ChEMBL:CHEMBL2434;EntrezID:3579	P25025	WT	CHEMBL3107238;PubChemAID:1063165	PMID:24332493	2014.0	PMID:24332493;PubChemAID:1063165	2014	1;0	0	0	0	0;1		=	  5.190;  5.194	5.192	0.002	0.002	2.0	5.192	0.002	CCRs_HUMAN_annotated_02041	True
InChI=1S/C20H16Cl3N3O5S/c21-12-9-17(26-32(29,30)13-5-6-15(22)16(23)10-13)20(25-11-12)31-18-4-2-1-3-14(18)19(28)24-7-8-27/h1-6,9-11,26-27H,7-8H2,(H,24,28)_on_P41597_WT	High	ChEMBL31	ChEMBL31.compound.141751	O=C(NCCO)c1ccccc1Oc1ncc(Cl)cc1NS(=O)(=O)c1ccc(Cl)c(Cl)c1	JPSNCFIAJUMDJJ-UHFFFAOYSA-N	InChI=1S/C20H16Cl3N3O5S/c21-12-9-17(26-32(29,30)13-5-6-15(22)16(23)10-13)20(25-11-12)31-18-4-2-1-3-14(18)19(28)24-7-8-27/h1-6,9-11,26-27H,7-8H2,(H,24,28)	"""AuxInfo=1/1/N:9,10,8,11,26,27,4,5,19,32,16,17,25,7,28,30,20,12,2,14,18,29,31,3,15,21,6,1,23,24,13,22/E:(29,30)/CRV:32.6/rA:32OCNCCOCCCCCCOCNCCClCCNSOOCCCCClCClC/rB:d1;s2;s3;s4;s5;s2;d7;s8;d9;s10;s7d11;s12;s13;d14;s15;d16;s17;s17;s14d19;s20;s21;d22;d22;s22;d25;s26;d27;s28;s28;s30;s25d30;/rC:;;;;;;;;;;;;;;;;;;;;;;;;;;;;;;;;"""	P41597_WT	ChEMBL:CHEMBL4015	P41597	WT	CHEMBL1174375	PMID:20627722	2010.0	PMID:20627722	2010	0	0	0	1	0		=	  7.600	7.6	0.0	0.0	1.0	7.6	0.0	CCRs_HUMAN_annotated_02059	True
InChI=1S/C20H16Cl3N3O5S/c21-12-9-17(26-32(29,30)13-5-6-15(22)16(23)10-13)20(25-11-12)31-18-4-2-1-3-14(18)19(28)24-7-8-27/h1-6,9-11,26-27H,7-8H2,(H,24,28)_on_P51679_WT	Medium	ChEMBL31	ChEMBL31.compound.141751	O=C(NCCO)c1ccccc1Oc1ncc(Cl)cc1NS(=O)(=O)c1ccc(Cl)c(Cl)c1	JPSNCFIAJUMDJJ-UHFFFAOYSA-N	InChI=1S/C20H16Cl3N3O5S/c21-12-9-17(26-32(29,30)13-5-6-15(22)16(23)10-13)20(25-11-12)31-18-4-2-1-3-14(18)19(28)24-7-8-27/h1-6,9-11,26-27H,7-8H2,(H,24,28)	"""AuxInfo=1/1/N:9,10,8,11,26,27,4,5,19,32,16,17,25,7,28,30,20,12,2,14,18,29,31,3,15,21,6,1,23,24,13,22/E:(29,30)/CRV:32.6/rA:32OCNCCOCCCCCCOCNCCClCCNSOOCCCCClCClC/rB:d1;s2;s3;s4;s5;s2;d7;s8;d9;s10;s7d11;s12;s13;d14;s15;d16;s17;s17;s14d19;s20;s21;d22;d22;s22;d25;s26;d27;s28;s28;s30;s25d30;/rC:;;;;;;;;;;;;;;;;;;;;;;;;;;;;;;;;"""	P51679_WT	ChEMBL:CHEMBL2414	P51679	WT	CHEMBL1174525	PMID:20627722	2010.0	PMID:20627722	2010	0	0	0	1	0		=	  5.800	5.8	0.0	0.0	1.0	5.8	0.0	CCRs_HUMAN_annotated_02060	True
InChI=1S/C20H16ClNO5S/c1-13-5-4-7-17(22-28(25,26)15-11-9-14(21)10-12-15)19(13)27-18-8-3-2-6-16(18)20(23)24/h2-12,22H,1H3,(H,23,24)_on_P41597_WT	Low	ChEMBL31	ChEMBL31.compound.1050689	Cc1cccc(NS(=O)(=O)c2ccc(Cl)cc2)c1Oc1c(C(=O)O)cccc1	NGFFIJQHBMXVTF-UHFFFAOYSA-N	InChI=1S/C20H16ClNO5S/c1-13-5-4-7-17(22-28(25,26)15-11-9-14(21)10-12-15)19(13)27-18-8-3-2-6-16(18)20(23)24/h2-12,22H,1H3,(H,23,24)	"""AuxInfo=1/1/N:1,26,27,4,3,25,5,28,13,16,12,17,2,14,11,21,6,20,18,22,15,7,23,24,9,10,19,8/E:(9,10)(11,12)(23,24)(25,26)/CRV:28.6/rA:28CCCCCCNSOOCCCCClCCCOCCCOOCCCC/rB:s1;d2;s3;d4;s5;s6;s7;d8;d8;s8;d11;s12;d13;s14;s14;s11d16;s2d6;s18;s19;d20;s21;d22;s22;s21;d25;s26;s20d27;/rC:;;;;;;;;;;;;;;;;;;;;;;;;;;;;"""	P41597_WT	ChEMBL:CHEMBL4015	P41597	WT	CHEMBL1174375	PMID:20627722	2010.0	PMID:20627722	2010	0	0	0	1	0		<	  5.500	5.5	0.0	0.0	1.0	5.5	0.0	CCRs_HUMAN_annotated_02065	True
InChI=1S/C20H16ClNO5S/c1-13-6-11-17(22-28(25,26)15-9-7-14(21)8-10-15)19(12-13)27-18-5-3-2-4-16(18)20(23)24/h2-12,22H,1H3,(H,23,24)_on_P41597_WT	High	ChEMBL31	ChEMBL31.compound.141764	Cc1cc(Oc2c(C(=O)O)cccc2)c(NS(=O)(=O)c2ccc(Cl)cc2)cc1	PQFNRRBAVCCUKA-UHFFFAOYSA-N	InChI=1S/C20H16ClNO5S/c1-13-6-11-17(22-28(25,26)15-9-7-14(21)8-10-15)19(12-13)27-18-5-3-2-4-16(18)20(23)24/h2-12,22H,1H3,(H,23,24)	"""AuxInfo=1/1/N:1,12,13,11,14,28,22,25,21,26,27,3,2,23,20,7,15,6,4,8,24,16,9,10,18,19,5,17/E:(7,8)(9,10)(23,24)(25,26)/CRV:28.6/rA:28CCCCOCCCOOCCCCCNSOOCCCCClCCCC/rB:s1;d2;s3;s4;s5;d6;s7;d8;s8;s7;d11;s12;s6d13;d4;s15;s16;d17;d17;s17;d20;s21;d22;s23;s23;s20d25;s15;s2d27;/rC:;;;;;;;;;;;;;;;;;;;;;;;;;;;;"""	P41597_WT	ChEMBL:CHEMBL4015	P41597	WT	CHEMBL1174375	PMID:20627722	2010.0	PMID:20627722	2010	0	0	0	1	0		=	  6.200	6.2	0.0	0.0	1.0	6.2	0.0	CCRs_HUMAN_annotated_02066	True
InChI=1S/C20H16ClNO7S2/c1-30(25,26)15-10-11-19(29-18-5-3-2-4-16(18)20(23)24)17(12-15)22-31(27,28)14-8-6-13(21)7-9-14/h2-12,22H,1H3,(H,23,24)_on_P41597_WT	Low	ChEMBL31	ChEMBL31.compound.1050690	CS(=O)(=O)c1cc(NS(=O)(=O)c2ccc(Cl)cc2)c(Oc2ccccc2C(=O)O)cc1	QQZUXEFFGUVVJG-UHFFFAOYSA-N	InChI=1S/C20H16ClNO7S2/c1-30(25,26)15-10-11-19(29-18-5-3-2-4-16(18)20(23)24)17(12-15)22-31(27,28)14-8-6-13(21)7-9-14/h2-12,22H,1H3,(H,23,24)	"""AuxInfo=1/1/N:1,24,23,25,22,14,17,13,18,31,30,6,15,12,5,26,7,21,19,27,16,8,28,29,3,4,10,11,20,2,9/E:(6,7)(8,9)(23,24)(25,26)(27,28)/CRV:30.6,31.6/rA:31CSOOCCCNSOOCCCCClCCCOCCCCCCCOOCC/rB:s1;d2;d2;s2;d5;s6;s7;s8;d9;d9;s9;d12;s13;d14;s15;s15;s12d17;d7;s19;s20;d21;s22;d23;s24;s21d25;s26;d27;s27;s19;s5d30;/rC:;;;;;;;;;;;;;;;;;;;;;;;;;;;;;;;"""	P41597_WT	ChEMBL:CHEMBL4015	P41597	WT	CHEMBL1174375	PMID:20627722	2010.0	PMID:20627722	2010	0	0	0	1	0		<	  5.500	5.5	0.0	0.0	1.0	5.5	0.0	CCRs_HUMAN_annotated_02067	True
InChI=1S/C20H16F2N4OS/c21-15-7-4-8-16(19(15)22)28-12-14-11-18(27)26-20(23-14)24-17(25-26)10-9-13-5-2-1-3-6-13/h1-8,11,27H,9-10,12H2_on_P25025_WT	High	ChEMBL31	ChEMBL31.compound.227165	Oc1cc(CSc2cccc(F)c2F)nc2nc(CCc3ccccc3)nn12	YJGJWCLBACCLCP-UHFFFAOYSA-N	InChI=1S/C20H16F2N4OS/c21-15-7-4-8-16(19(15)22)28-12-14-11-18(27)26-20(23-14)24-17(25-26)10-9-13-5-2-1-3-6-13/h1-8,11,27H,9-10,12H2	"""AuxInfo=1/0/N:24,23,25,9,22,26,10,8,20,19,3,5,21,4,11,7,18,2,13,16,12,14,15,17,27,28,1,6/E:(2,3)(5,6)/rA:28OCCCCSCCCCCFCFNCNCCCCCCCCCNN/rB:s1;d2;s3;s4;s5;s6;d7;s8;d9;s10;s11;s7d11;s13;d4;s15;d16;s17;s18;s19;s20;d21;s22;d23;s24;s21d25;d18;s2s16s27;/rC:;;;;;;;;;;;;;;;;;;;;;;;;;;;;"""	P25025_WT	ChEMBL:CHEMBL2434	P25025	WT	CHEMBL3107238	PMID:24332493	2014.0	PMID:24332493	2014	1	0	0	0	0		=	  6.330	6.33	0.0	0.0	1.0	6.33	0.0	CCRs_HUMAN_annotated_02068	True
InChI=1S/C20H17BrN2O3S/c1-2-14-3-6-17(7-4-14)27(25,26)23-19-8-5-16(21)13-18(19)20(24)15-9-11-22-12-10-15/h3-13,23H,2H2,1H3_on_P51686_WT	High	ChEMBL31	ChEMBL31.compound.285485	CCc1ccc(S(=O)(=O)Nc2ccc(Br)cc2C(=O)c2ccncc2)cc1	CJKMAKNSFDMXKI-UHFFFAOYSA-N	InChI=1S/C20H17BrN2O3S/c1-2-14-3-6-17(7-4-14)27(25,26)23-19-8-5-16(21)13-18(19)20(24)15-9-11-22-12-10-15/h3-13,23H,2H2,1H3	"""AuxInfo=1/0/N:1,2,4,27,13,5,26,12,21,25,22,24,16,3,20,14,6,17,11,18,15,23,10,19,8,9,7/E:(3,4)(6,7)(9,10)(11,12)(25,26)/CRV:27.6/rA:27CCCCCCSOONCCCCBrCCCOCCCNCCCC/rB:s1;s2;d3;s4;d5;s6;d7;d7;s7;s10;d11;s12;d13;s14;s14;s11d16;s17;d18;s18;d20;s21;d22;s23;s20d24;s6;s3d26;/rC:;;;;;;;;;;;;;;;;;;;;;;;;;;;"""	P51686_WT	ChEMBL:CHEMBL5815;ChEMBL:CHEMBL5815	P51686	WT	CHEMBL3721199;CHEMBL3721196	PATENT:US7420055B2	2008.0	PATENT:US7582661B2	2009	1	0	0	0	0		=	  7.000;  7.000	7.0	0.0	0.0	2.0	7.0	0.0	CCRs_HUMAN_annotated_02075	True
InChI=1S/C20H17ClN2O3S/c1-2-14-3-6-17(7-4-14)27(25,26)23-19-8-5-16(21)13-18(19)20(24)15-9-11-22-12-10-15/h3-13,23H,2H2,1H3_on_P51686_WT	Low	ChEMBL31	ChEMBL31.compound.1070729	CCc1ccc(S(=O)(=O)Nc2ccc(Cl)cc2C(=O)c2ccncc2)cc1	FSPDQZIBXCZBTA-UHFFFAOYSA-N	InChI=1S/C20H17ClN2O3S/c1-2-14-3-6-17(7-4-14)27(25,26)23-19-8-5-16(21)13-18(19)20(24)15-9-11-22-12-10-15/h3-13,23H,2H2,1H3	"""AuxInfo=1/0/N:1,2,4,27,13,5,26,12,21,25,22,24,16,3,20,14,6,17,11,18,15,23,10,19,8,9,7/E:(3,4)(6,7)(9,10)(11,12)(25,26)/CRV:27.6/rA:27CCCCCCSOONCCCCClCCCOCCCNCCCC/rB:s1;s2;d3;s4;d5;s6;d7;d7;s7;s10;d11;s12;d13;s14;s14;s11d16;s17;d18;s18;d20;s21;d22;s23;s20d24;s6;s3d26;/rC:;;;;;;;;;;;;;;;;;;;;;;;;;;;"""	P51686_WT	ChEMBL:CHEMBL5815;ChEMBL:CHEMBL5815	P51686	WT	CHEMBL3721193;CHEMBL3721192	PATENT:US7420055B2	2008.0	PATENT:US7420055B2	2008	1	0	0	0	0		>	  6.000;  6.000	6.0	0.0	0.0	2.0	6.0	0.0	CCRs_HUMAN_annotated_02077	True
InChI=1S/C20H17ClN2O4S/c1-27-16-8-10-17(11-9-16)28(25,26)23-19-12-7-14(21)13-18(19)20(24)22-15-5-3-2-4-6-15/h2-13,23H,1H3,(H,22,24)_on_P51686_WT	Low	ChEMBL31	ChEMBL31.compound.1070777	COc1ccc(S(=O)(=O)Nc2ccc(Cl)cc2C(=O)Nc2ccccc2)cc1	UQUJWSMBUSRDDO-UHFFFAOYSA-N	InChI=1S/C20H17ClN2O4S/c1-27-16-8-10-17(11-9-16)28(25,26)23-19-12-7-14(21)13-18(19)20(24)22-15-5-3-2-4-6-15/h2-13,23H,1H3,(H,22,24)	"""AuxInfo=1/1/N:1,24,23,25,22,26,13,4,28,5,27,12,16,14,21,3,6,17,11,18,15,20,10,19,8,9,2,7/E:(3,4)(5,6)(8,9)(10,11)(25,26)/CRV:28.6/rA:28COCCCCSOONCCCCClCCCONCCCCCCCC/rB:s1;s2;d3;s4;d5;s6;d7;d7;s7;s10;d11;s12;d13;s14;s14;s11d16;s17;d18;s18;s20;d21;s22;d23;s24;s21d25;s6;s3d27;/rC:;;;;;;;;;;;;;;;;;;;;;;;;;;;;"""	P51686_WT	ChEMBL:CHEMBL5815;ChEMBL:CHEMBL5815	P51686	WT	CHEMBL3721192;CHEMBL3721193	PATENT:US7420055B2	2008.0	PATENT:US7420055B2	2008	1	0	0	0	0		>	  6.000;  6.000	6.0	0.0	0.0	2.0	6.0	0.0	CCRs_HUMAN_annotated_02079	True
InChI=1S/C20H17ClN2O5S2/c1-13-3-4-14(12-22-13)20(24)18-11-15(21)5-10-19(18)23-30(27,28)17-8-6-16(7-9-17)29(2,25)26/h3-12,23H,1-2H3_on_P51686_WT	High	ChEMBL31	ChEMBL31.compound.285509	Cc1ncc(C(=O)c2cc(Cl)ccc2NS(=O)(=O)c2ccc(S(C)(=O)=O)cc2)cc1	NJJBNAKDZXDSKH-UHFFFAOYSA-N	InChI=1S/C20H17ClN2O5S2/c1-13-3-4-14(12-22-13)20(24)18-11-15(21)5-10-19(18)23-30(27,28)17-8-6-16(7-9-17)29(2,25)26/h3-12,23H,1-2H3	"""AuxInfo=1/0/N:1,24,30,29,12,21,27,20,28,13,9,4,2,5,10,22,19,8,14,6,11,3,15,7,25,26,17,18,23,16/E:(6,7)(8,9)(25,26)(27,28)/CRV:29.6,30.6/rA:30CCNCCCOCCCClCCCNSOOCCCCSCOOCCCC/rB:s1;d2;s3;d4;s5;d6;s6;d8;s9;s10;d10;s12;s8d13;s14;s15;d16;d16;s16;d19;s20;d21;s22;s23;d23;d23;s22;s19d27;s5;s2d29;/rC:;;;;;;;;;;;;;;;;;;;;;;;;;;;;;;"""	P51686_WT	ChEMBL:CHEMBL5815;ChEMBL:CHEMBL5815	P51686	WT	CHEMBL3721196;CHEMBL3721199	PATENT:US7420055B2	2008.0	PATENT:US7582661B2	2009	1	0	0	0	0		=	  7.000;  7.000	7.0	0.0	0.0	2.0	7.0	0.0	CCRs_HUMAN_annotated_02080	True
InChI=1S/C20H17ClN2O5S2/c1-13-11-14(9-10-22-13)20(24)18-12-15(21)3-8-19(18)23-30(27,28)17-6-4-16(5-7-17)29(2,25)26/h3-12,23H,1-2H3_on_P51686_WT	Low	ChEMBL31	ChEMBL31.compound.1070965	Cc1cc(C(=O)c2cc(Cl)ccc2NS(=O)(=O)c2ccc(S(C)(=O)=O)cc2)ccn1	HTNDACHVFIJNRL-UHFFFAOYSA-N	InChI=1S/C20H17ClN2O5S2/c1-13-11-14(9-10-22-13)20(24)18-12-15(21)3-8-19(18)23-30(27,28)17-6-4-16(5-7-17)29(2,25)26/h3-12,23H,1-2H3	"""AuxInfo=1/0/N:1,23,11,20,26,19,27,12,28,29,3,8,2,4,9,21,18,7,13,5,10,30,14,6,24,25,16,17,22,15/E:(4,5)(6,7)(25,26)(27,28)/CRV:29.6,30.6/rA:30CCCCCOCCCClCCCNSOOCCCCSCOOCCCCN/rB:s1;d2;s3;s4;d5;s5;d7;s8;s9;d9;s11;s7d12;s13;s14;d15;d15;s15;d18;s19;d20;s21;s22;d22;d22;s21;s18d26;d4;s28;s2d29;/rC:;;;;;;;;;;;;;;;;;;;;;;;;;;;;;;"""	P51686_WT	ChEMBL:CHEMBL5815;ChEMBL:CHEMBL5815	P51686	WT	CHEMBL3721199;CHEMBL3721196	PATENT:US7582661B2	2009.0	PATENT:US7582661B2	2009	1	0	0	0	0		>	  7.000;  7.000	7.0	0.0	0.0	2.0	7.0	0.0	CCRs_HUMAN_annotated_02081	True
InChI=1S/C20H17ClN2O5S2/c1-13-17(4-3-11-22-13)20(24)18-12-14(21)5-10-19(18)23-30(27,28)16-8-6-15(7-9-16)29(2,25)26/h3-12,23H,1-2H3_on_P51686_WT	Low	ChEMBL31	ChEMBL31.compound.1070693	Cc1c(C(=O)c2cc(Cl)ccc2NS(=O)(=O)c2ccc(S(C)(=O)=O)cc2)cccn1	PBWWTQKHYGHNOV-UHFFFAOYSA-N	InChI=1S/C20H17ClN2O5S2/c1-13-17(4-3-11-22-13)20(24)18-12-14(21)5-10-19(18)23-30(27,28)16-8-6-15(7-9-16)29(2,25)26/h3-12,23H,1-2H3	"""AuxInfo=1/0/N:1,22,28,27,10,19,25,18,26,11,29,7,2,8,20,17,3,6,12,4,9,30,13,5,23,24,15,16,21,14/E:(6,7)(8,9)(25,26)(27,28)/CRV:29.6,30.6/rA:30CCCCOCCCClCCCNSOOCCCCSCOOCCCCCN/rB:s1;d2;s3;d4;s4;d6;s7;s8;d8;s10;s6d11;s12;s13;d14;d14;s14;d17;s18;d19;s20;s21;d21;d21;s20;s17d25;s3;d27;s28;s2d29;/rC:;;;;;;;;;;;;;;;;;;;;;;;;;;;;;;"""	P51686_WT	ChEMBL:CHEMBL5815;ChEMBL:CHEMBL5815	P51686	WT	CHEMBL3721192;CHEMBL3721193	PATENT:US7420055B2	2008.0	PATENT:US7420055B2	2008	1	0	0	0	0		>	  6.000;  6.000	6.0	0.0	0.0	2.0	6.0	0.0	CCRs_HUMAN_annotated_02082	True
InChI=1S/C20H17ClN2O6S2/c1-13-3-4-14(12-23(13)25)20(24)18-11-15(21)5-10-19(18)22-31(28,29)17-8-6-16(7-9-17)30(2,26)27/h3-12,22H,1-2H3_on_P51686_WT	Low	ChEMBL31	ChEMBL31.compound.1070682	Cc1[n+]([O-])cc(C(=O)c2cc(Cl)ccc2NS(=O)(=O)c2ccc(S(C)(=O)=O)cc2)cc1	URWJXSIKRUJIER-UHFFFAOYSA-N	InChI=1S/C20H17ClN2O6S2/c1-13-3-4-14(12-23(13)25)20(24)18-11-15(21)5-10-19(18)22-31(28,29)17-8-6-16(7-9-17)30(2,26)27/h3-12,22H,1-2H3	"""AuxInfo=1/0/N:1,25,31,30,13,22,28,21,29,14,10,5,2,6,11,23,20,9,15,7,12,16,3,8,4,26,27,18,19,24,17/E:(6,7)(8,9)(26,27)(28,29)/CRV:23.5,30.6,31.6/rA:31CCN+O-CCCOCCCClCCCNSOOCCCCSCOOCCCC/rB:s1;d2;s3;s3;d5;s6;d7;s7;d9;s10;s11;d11;s13;s9d14;s15;s16;d17;d17;s17;d20;s21;d22;s23;s24;d24;d24;s23;s20d28;s6;s2d30;/rC:;;;;;;;;;;;;;;;;;;;;;;;;;;;;;;;"""	P51686_WT	ChEMBL:CHEMBL5815;ChEMBL:CHEMBL5815	P51686	WT	CHEMBL3721193;CHEMBL3721192	PATENT:US7420055B2	2008.0	PATENT:US7420055B2	2008	1	0	0	0	0		>	  6.000;  6.000	6.0	0.0	0.0	2.0	6.0	0.0	CCRs_HUMAN_annotated_02083	True
InChI=1S/C20H17ClN4O4S2/c1-29-15-7-3-6-14-18(15)20(24-31(27,28)17-9-8-16(21)30-17)23-25(14)11-12-4-2-5-13(10-12)19(22)26/h2-10H,11H2,1H3,(H2,22,26)(H,23,24)_on_P51679_WT	High	ChEMBL31;ExCAPE-DB;ChEMBL31;ChEMBL31	ChEMBL31.compound.178512;59456003;ChEMBL31.compound.178512;ChEMBL31.compound.178512	COc1cccc2c1c(NS(=O)(=O)c1ccc(Cl)s1)nn2Cc1cccc(C(N)=O)c1	MLFCJHOGZMGVGN-UHFFFAOYSA-N	InChI=1S/C20H17ClN4O4S2/c1-29-15-7-3-6-14-18(15)20(24-31(27,28)17-9-8-16(21)30-17)23-25(14)11-12-4-2-5-13(10-12)19(22)26/h2-10H,11H2,1H3,(H2,22,26)(H,23,24)	"""AuxInfo=1/1/N:1,25,5,24,26,6,4,16,15,31,22,23,27,7,3,17,14,8,28,9,18,29,20,10,21,30,12,13,2,19,11/E:(27,28)/CRV:31.6/rA:31COCCCCCCCNSOOCCCCClSNNCCCCCCCNOC/rB:s1;s2;d3;s4;d5;s6;s3d7;s8;s9;s10;d11;d11;s11;d14;s15;d16;s17;s14s17;d9;s7s20;s21;s22;d23;s24;d25;s26;s27;s28;d28;s23d27;/rC:;;;;;;;;;;;;;;;;;;;;;;;;;;;;;;;"""	P51679_WT	ChEMBL:CHEMBL2414;EntrezID:1233;ChEMBL:CHEMBL2414;ChEMBL:CHEMBL2414	P51679	WT	CHEMBL2019170;PubChemAID:655598;CHEMBL2019171;CHEMBL2019173	PMID:22437117	2012.0	PMID:22437117;PubChemAID:655598;PMID:22437117;PMID:22437117	2012;2013;2012;2012	1;0;0;0	0	0;0;0;1	0;0;1;0	0;1;0;0		=	  7.260;  7.400;  7.400;  5.800	6.965	0.675	0.39	4.0	7.33	0.07	CCRs_HUMAN_annotated_02084	True
InChI=1S/C20H17F2N5O2S2/c1-31(28,29)26-18-11-14(12-30-16-9-5-8-15(21)19(16)22)23-20-24-17(25-27(18)20)10-13-6-3-2-4-7-13/h2-9,11,26H,10,12H2,1H3_on_P25025_WT	High	ChEMBL31	ChEMBL31.compound.227156	CS(=O)(=O)Nc1cc(CSc2cccc(F)c2F)nc2nc(Cc3ccccc3)nn12	HVTXSOYZXXRFRQ-UHFFFAOYSA-N	InChI=1S/C20H17F2N5O2S2/c1-31(28,29)26-18-11-14(12-30-16-9-5-8-15(21)19(16)22)23-20-24-17(25-27(18)20)10-13-6-3-2-4-7-13/h2-9,11,26H,10,12H2,1H3	"""AuxInfo=1/0/N:1,27,26,28,13,25,29,14,12,23,7,9,24,8,15,11,22,6,17,20,16,18,19,21,30,5,31,3,4,10,2/E:(3,4)(6,7)(28,29)/CRV:31.6/rA:31CSOONCCCCSCCCCCFCFNCNCCCCCCCCNN/rB:s1;d2;d2;s2;s5;d6;s7;s8;s9;s10;d11;s12;d13;s14;s15;s11d15;s17;d8;s19;d20;s21;s22;s23;d24;s25;d26;s27;s24d28;d22;s6s20s30;/rC:;;;;;;;;;;;;;;;;;;;;;;;;;;;;;;;"""	P25025_WT	ChEMBL:CHEMBL2434	P25025	WT	CHEMBL3107238	PMID:24332493	2014.0	PMID:24332493	2014	1	0	0	0	0		=	  4.860	4.86	0.0	0.0	1.0	4.86	0.0	CCRs_HUMAN_annotated_02086	True
InChI=1S/C20H18ClN3O4S2/c1-27-14-6-3-5-13(11-14)12-24-15-7-4-8-16(28-2)19(15)20(22-24)23-30(25,26)18-10-9-17(21)29-18/h3-11H,12H2,1-2H3,(H,22,23)_on_P51679_WT	High	ExCAPE-DB;ChEMBL31;ChEMBL31	59455992;ChEMBL31.compound.178506;ChEMBL31.compound.178506	COc1cc(Cn2nc(NS(=O)(=O)c3ccc(Cl)s3)c3c(OC)cccc32)ccc1	DLFVVZIHINTTJC-UHFFFAOYSA-N	InChI=1S/C20H18ClN3O4S2/c1-27-14-6-3-5-13(11-14)12-24-15-7-4-8-16(28-2)19(15)20(22-24)23-30(25,26)18-10-9-17(21)29-18/h3-11H,12H2,1-2H3,(H,22,23)	"""AuxInfo=1/1/N:1,23,29,25,28,30,26,24,16,15,4,6,5,3,27,21,17,14,20,9,18,8,10,7,12,13,2,22,19,11/E:(25,26)/CRV:30.6/rA:30COCCCCNNCNSOOCCCCClSCCOCCCCCCCC/rB:s1;s2;d3;s4;s5;s6;s7;d8;s9;s10;d11;d11;s11;d14;s15;d16;s17;s14s17;s9;d20;s21;s22;s21;d24;s25;s7s20d26;d5;s28;s3d29;/rC:;;;;;;;;;;;;;;;;;;;;;;;;;;;;;;"""	P51679_WT	EntrezID:1233;ChEMBL:CHEMBL2414;ChEMBL:CHEMBL2414	P51679	WT	PubChemAID:655598;CHEMBL2019170;CHEMBL2019171	PMID:22437117	2012.0	PubChemAID:655598;PMID:22437117;PMID:22437117	2013;2012;2012	0;1;0	0	0	0;0;1	1;0;0		=	  6.900;  6.800;  6.900	6.867	0.047	0.033	3.0	6.9	0.0	CCRs_HUMAN_annotated_02097	True
InChI=1S/C20H18ClN3O4S2/c1-27-14-8-6-13(7-9-14)12-24-15-4-3-5-16(28-2)19(15)20(22-24)23-30(25,26)18-11-10-17(21)29-18/h3-11H,12H2,1-2H3,(H,22,23)_on_P51679_WT	High	ChEMBL31	ChEMBL31.compound.178521	COc1ccc(Cn2nc(NS(=O)(=O)c3ccc(Cl)s3)c3c2cccc3OC)cc1	KRFLBASXPLOGJA-UHFFFAOYSA-N	InChI=1S/C20H18ClN3O4S2/c1-27-14-8-6-13(7-9-14)12-24-15-4-3-5-16(28-2)19(15)20(22-24)23-30(25,26)18-11-10-17(21)29-18/h3-11H,12H2,1-2H3,(H,22,23)	"""AuxInfo=1/1/N:1,28,24,23,25,5,29,4,30,17,16,7,6,3,22,26,18,15,21,10,19,9,11,8,13,14,2,27,20,12/E:(6,7)(8,9)(25,26)/CRV:30.6/rA:30COCCCCCNNCNSOOCCCCClSCCCCCCOCCC/rB:s1;s2;d3;s4;d5;s6;s7;s8;d9;s10;s11;d12;d12;s12;d15;s16;d17;s18;s15s18;s10;s8d21;s22;d23;s24;s21d25;s26;s27;s6;s3d29;/rC:;;;;;;;;;;;;;;;;;;;;;;;;;;;;;;"""	P51679_WT	ChEMBL:CHEMBL2414	P51679	WT	CHEMBL2019171	PMID:22437117	2012.0	PMID:22437117	2012	0	0	0	1	0		=	  6.600	6.6	0.0	0.0	1.0	6.6	0.0	CCRs_HUMAN_annotated_02098	True
InChI=1S/C20H18ClN3O4S2/c1-27-15-8-4-3-6-13(15)12-24-14-7-5-9-16(28-2)19(14)20(22-24)23-30(25,26)18-11-10-17(21)29-18/h3-11H,12H2,1-2H3,(H,22,23)_on_P51679_WT	High	ChEMBL31	ChEMBL31.compound.178520	COc1ccccc1Cn1nc(NS(=O)(=O)c2ccc(Cl)s2)c2c1cccc2OC	PUATYFVTKCFLQQ-UHFFFAOYSA-N	InChI=1S/C20H18ClN3O4S2/c1-27-15-8-4-3-6-13(15)12-24-14-7-5-9-16(28-2)19(14)20(22-24)23-30(25,26)18-11-10-17(21)29-18/h3-11H,12H2,1-2H3,(H,22,23)	"""AuxInfo=1/1/N:1,30,6,5,26,7,25,4,27,19,18,9,8,24,3,28,20,17,23,12,21,11,13,10,15,16,2,29,22,14/E:(25,26)/CRV:30.6/rA:30COCCCCCCCNNCNSOOCCCCClSCCCCCCOC/rB:s1;s2;d3;s4;d5;s6;s3d7;s8;s9;s10;d11;s12;s13;d14;d14;s14;d17;s18;d19;s20;s17s20;s12;s10d23;s24;d25;s26;s23d27;s28;s29;/rC:;;;;;;;;;;;;;;;;;;;;;;;;;;;;;;"""	P51679_WT	ChEMBL:CHEMBL2414	P51679	WT	CHEMBL2019171	PMID:22437117	2012.0	PMID:22437117	2012	0	0	0	1	0		=	  6.800	6.8	0.0	0.0	1.0	6.8	0.0	CCRs_HUMAN_annotated_02099	True
InChI=1S/C20H18ClN3O4S2/c1-28-16-4-2-3-15-19(16)20(23-30(26,27)18-10-9-17(21)29-18)22-24(15)11-13-5-7-14(12-25)8-6-13/h2-10,25H,11-12H2,1H3,(H,22,23)_on_P51679_WT	High	ChEMBL31;ChEMBL31;ExCAPE-DB	ChEMBL31.compound.178510;ChEMBL31.compound.178510;70693879	COc1cccc2c1c(NS(=O)(=O)c1ccc(Cl)s1)nn2Cc1ccc(CO)cc1	LWJXGNZUXMJONG-UHFFFAOYSA-N	InChI=1S/C20H18ClN3O4S2/c1-28-16-4-2-3-15-19(16)20(23-30(26,27)18-10-9-17(21)29-18)22-24(15)11-13-5-7-14(12-25)8-6-13/h2-10,25H,11-12H2,1H3,(H,22,23)	"""AuxInfo=1/1/N:1,5,6,4,24,30,25,29,16,15,22,27,23,26,7,3,17,14,8,9,18,20,10,21,28,12,13,2,19,11/E:(5,6)(7,8)(26,27)/CRV:30.6/rA:30COCCCCCCCNSOOCCCCClSNNCCCCCCOCC/rB:s1;s2;d3;s4;d5;s6;s3d7;s8;s9;s10;d11;d11;s11;d14;s15;d16;s17;s14s17;d9;s7s20;s21;s22;d23;s24;d25;s26;s27;s26;s23d29;/rC:;;;;;;;;;;;;;;;;;;;;;;;;;;;;;;"""	P51679_WT	ChEMBL:CHEMBL2414;ChEMBL:CHEMBL2414;EntrezID:1233	P51679	WT	CHEMBL2019171;CHEMBL2019170;PubChemAID:655597	PMID:22437117	2012.0	PMID:22437117;PMID:22437117;PubChemAID:655597	2012;2012;2013	0;1;0	0	0	1;0;0	0;0;1		=	  7.300;  7.320;  7.320	7.313	0.009	0.007	3.0	7.32	0.0	CCRs_HUMAN_annotated_02100	True
InChI=1S/C20H18ClN3O4S2/c1-28-16-7-3-6-15-19(16)20(23-30(26,27)18-9-8-17(21)29-18)22-24(15)11-13-4-2-5-14(10-13)12-25/h2-10,25H,11-12H2,1H3,(H,22,23)_on_P51679_WT	High	ChEMBL31	ChEMBL31.compound.178509	COc1cccc2c1c(NS(=O)(=O)c1ccc(Cl)s1)nn2Cc1cccc(CO)c1	KVPHEHYVYXULIR-UHFFFAOYSA-N	InChI=1S/C20H18ClN3O4S2/c1-28-16-7-3-6-15-19(16)20(23-30(26,27)18-9-8-17(21)29-18)22-24(15)11-13-4-2-5-14(10-13)12-25/h2-10,25H,11-12H2,1H3,(H,22,23)	"""AuxInfo=1/1/N:1,25,5,24,26,6,4,16,15,30,22,28,23,27,7,3,17,14,8,9,18,20,10,21,29,12,13,2,19,11/E:(26,27)/CRV:30.6/rA:30COCCCCCCCNSOOCCCCClSNNCCCCCCCOC/rB:s1;s2;d3;s4;d5;s6;s3d7;s8;s9;s10;d11;d11;s11;d14;s15;d16;s17;s14s17;d9;s7s20;s21;s22;d23;s24;d25;s26;s27;s28;s23d27;/rC:;;;;;;;;;;;;;;;;;;;;;;;;;;;;;;"""	P51679_WT	ChEMBL:CHEMBL2414;ChEMBL:CHEMBL2414;ChEMBL:CHEMBL2414	P51679	WT	CHEMBL2019173;CHEMBL2019170;CHEMBL2019171	PMID:22437117	2012.0	PMID:22437117	2012	0;1;0	0	1;0;0	0;0;1	0		=	  5.200;  7.490;  7.400	6.697	1.059	0.749	3.0	7.4	0.09	CCRs_HUMAN_annotated_02101	True
InChI=1S/C20H18ClN3O4S2/c1-28-16-8-4-7-15-19(16)20(23-30(26,27)18-10-9-17(21)29-18)22-24(15)11-13-5-2-3-6-14(13)12-25/h2-10,25H,11-12H2,1H3,(H,22,23)_on_P51679_WT	High	ChEMBL31	ChEMBL31.compound.178508	COc1cccc2c1c(NS(=O)(=O)c1ccc(Cl)s1)nn2Cc1ccccc1CO	FQVGPEAZSFNAFI-UHFFFAOYSA-N	InChI=1S/C20H18ClN3O4S2/c1-28-16-8-4-7-15-19(16)20(23-30(26,27)18-10-9-17(21)29-18)22-24(15)11-13-5-2-3-6-14(13)12-25/h2-10,25H,11-12H2,1H3,(H,22,23)	"""AuxInfo=1/1/N:1,25,26,5,24,27,6,4,16,15,22,29,23,28,7,3,17,14,8,9,18,20,10,21,30,12,13,2,19,11/E:(26,27)/CRV:30.6/rA:30COCCCCCCCNSOOCCCCClSNNCCCCCCCCO/rB:s1;s2;d3;s4;d5;s6;s3d7;s8;s9;s10;d11;d11;s11;d14;s15;d16;s17;s14s17;d9;s7s20;s21;s22;d23;s24;d25;s26;s23d27;s28;s29;/rC:;;;;;;;;;;;;;;;;;;;;;;;;;;;;;;"""	P51679_WT	ChEMBL:CHEMBL2414;ChEMBL:CHEMBL2414	P51679	WT	CHEMBL2019171;CHEMBL2019170	PMID:22437117	2012.0	PMID:22437117	2012	0;1	0	0	1;0	0		=	  6.600;  6.490	6.545	0.055	0.055	2.0	6.545	0.055	CCRs_HUMAN_annotated_02102	True
InChI=1S/C20H18ClN5O/c21-15-8-4-7-14(11-15)12-16-17(10-9-13-5-2-1-3-6-13)23-20-24-19(22)25-26(20)18(16)27/h1-8,11,27H,9-10,12H2,(H2,22,25)_on_P41597_WT	High	ChEMBL31	ChEMBL31.compound.403352	Nc1nn2c(O)c(Cc3cccc(Cl)c3)c(CCc3ccccc3)nc2n1	IZEKNXSEMFENLF-UHFFFAOYSA-N	InChI=1S/C20H18ClN5O/c21-15-8-4-7-14(11-15)12-16-17(10-9-13-5-2-1-3-6-13)23-20-24-19(22)25-26(20)18(16)27/h1-8,11,27H,9-10,12H2,(H2,22,25)	"""AuxInfo=1/1/N:22,21,23,11,20,24,10,12,18,17,15,8,19,9,13,7,16,5,2,26,14,1,25,27,3,4,6/E:(2,3)(5,6)/rA:27NCNNCOCCCCCCCClCCCCCCCCCCNCN/rB:s1;d2;s3;s4;s5;d5;s7;s8;d9;s10;d11;s12;s13;s9d13;s7;s16;s17;s18;d19;s20;d21;s22;s19d23;d16;s4s25;s2d26;/rC:;;;;;;;;;;;;;;;;;;;;;;;;;;;"""	P41597_WT	ChEMBL:CHEMBL4015;ChEMBL:CHEMBL4015	P41597	WT	CHEMBL4324717	PMID:31742400	2019.0	PMID:31742400	2019	0	0	0	1	0		=	  7.290;  7.280	7.285	0.005	0.005	2.0	7.285	0.005	CCRs_HUMAN_annotated_02104	True
InChI=1S/C20H19ClN2O3S2/c1-20(2,3)13-4-7-15(8-5-13)28(25,26)23-17-9-6-14(21)12-16(17)18(24)19-22-10-11-27-19/h4-12,23H,1-3H3_on_P51686_WT	Low	ChEMBL31	ChEMBL31.compound.1070758	CC(C)(C)c1ccc(S(=O)(=O)Nc2ccc(Cl)cc2C(=O)c2nccs2)cc1	PCDNWEFDIUWKPA-UHFFFAOYSA-N	InChI=1S/C20H19ClN2O3S2/c1-20(2,3)13-4-7-15(8-5-13)28(25,26)23-17-9-6-14(21)12-16(17)18(24)19-22-10-11-27-19/h4-12,23H,1-3H3	"""AuxInfo=1/0/N:1,3,4,6,28,15,7,27,14,24,25,18,5,16,8,19,13,20,22,2,17,23,12,21,10,11,26,9/E:(1,2,3)(4,5)(7,8)(25,26)/CRV:28.6/rA:28CCCCCCCCSOONCCCCClCCCOCNCCSCC/rB:s1;s2;s2;s2;d5;s6;d7;s8;d9;d9;s9;s12;d13;s14;d15;s16;s16;s13d18;s19;d20;s20;d22;s23;d24;s22s25;s8;s5d27;/rC:;;;;;;;;;;;;;;;;;;;;;;;;;;;;"""	P51686_WT	ChEMBL:CHEMBL5815;ChEMBL:CHEMBL5815	P51686	WT	CHEMBL3721193;CHEMBL3721192	PATENT:US7420055B2	2008.0	PATENT:US7420055B2	2008	1	0	0	0	0		>	  6.000;  6.000	6.0	0.0	0.0	2.0	6.0	0.0	CCRs_HUMAN_annotated_02126	True
InChI=1S/C20H19ClN4O3S2/c1-28-16-7-3-6-15-19(16)20(24-30(26,27)18-9-8-17(21)29-18)23-25(15)12-14-5-2-4-13(10-14)11-22/h2-10H,11-12,22H2,1H3,(H,23,24)_on_P51679_WT	High	ChEMBL31;ChEMBL31;ChEMBL31;ExCAPE-DB	ChEMBL31.compound.178511;ChEMBL31.compound.178511;ChEMBL31.compound.178511;59455974	COc1cccc2c1c(NS(=O)(=O)c1ccc(Cl)s1)nn2Cc1cccc(CN)c1	RFGAKHZYGOSPPE-UHFFFAOYSA-N	InChI=1S/C20H19ClN4O3S2/c1-28-16-7-3-6-15-19(16)20(24-30(26,27)18-9-8-17(21)29-18)23-25(15)12-14-5-2-4-13(10-14)11-22/h2-10H,11-12,22H2,1H3,(H,23,24)	"""AuxInfo=1/1/N:1,25,5,26,24,6,4,16,15,30,28,22,27,23,7,3,17,14,8,9,18,29,20,10,21,12,13,2,19,11/E:(26,27)/CRV:30.6/rA:30COCCCCCCCNSOOCCCCClSNNCCCCCCCNC/rB:s1;s2;d3;s4;d5;s6;s3d7;s8;s9;s10;d11;d11;s11;d14;s15;d16;s17;s14s17;d9;s7s20;s21;s22;d23;s24;d25;s26;s27;s28;s23d27;/rC:;;;;;;;;;;;;;;;;;;;;;;;;;;;;;;"""	P51679_WT	ChEMBL:CHEMBL2414;ChEMBL:CHEMBL2414;ChEMBL:CHEMBL2414;EntrezID:1233	P51679	WT	CHEMBL2019171;CHEMBL2019170;CHEMBL2019173;PubChemAID:655597	PMID:22437117	2012.0	PMID:22437117;PMID:22437117;PMID:22437117;PubChemAID:655597	2012;2012;2012;2013	0;1;0;0	0	0;0;1;0	1;0;0;0	0;0;0;1		=	  7.000;  7.040;  6.000;  7.040	6.77	0.445	0.257	4.0	7.02	0.02	CCRs_HUMAN_annotated_02128	True
InChI=1S/C20H19NO3/c1-12-4-8-15(9-5-12)18-17(14(3)22)19(23)20(24)21(18)16-10-6-13(2)7-11-16/h4-11,18,23H,1-3H3_on_P32246_WT	High	ChEMBL31	ChEMBL31.compound.414417	CC(=O)C1=C(O)C(=O)N(c2ccc(C)cc2)C1c1ccc(C)cc1	CJFMWNNMCJATRO-UHFFFAOYSA-N	InChI=1S/C20H19NO3/c1-12-4-8-15(9-5-12)18-17(14(3)22)19(23)20(24)21(18)16-10-6-13(2)7-11-16/h4-11,18,23H,1-3H3	"""AuxInfo=1/0/N:22,14,1,20,23,12,15,19,24,11,16,21,13,2,18,10,4,17,5,7,9,3,6,8/E:(4,5)(6,7)(8,9)(10,11)/rA:24CCOCCOCONCCCCCCCCCCCCCCC/rB:s1;d2;s2;w?4;s5;s5;d7;s7;s9;d10;s11;d12;s13;s13;s10d15;s4s9;s17;d18;s19;d20;s21;s21;s18d23;/rC:;;;;;;;;;;;;;;;;;;;;;;;;"""	P32246_WT	ChEMBL:CHEMBL2413;ChEMBL:CHEMBL2413	P32246	WT	CHEMBL4371695	PMID:30256641	2018.0	PMID:30256641	2018	0	0	0	1	0		=	  6.710;  6.700	6.705	0.005	0.005	2.0	6.705	0.005	CCRs_HUMAN_annotated_02144	True
InChI=1S/C20H19NO4/c1-12-4-8-15(9-5-12)21-18(14-6-10-16(25-3)11-7-14)17(13(2)22)19(23)20(21)24/h4-11,18,23H,1-3H3_on_P32246_WT	High	ChEMBL31	ChEMBL31.compound.414416	COc1ccc(C2C(C(C)=O)=C(O)C(=O)N2c2ccc(C)cc2)cc1	JZXNDABXKWJPGE-UHFFFAOYSA-N	InChI=1S/C20H19NO4/c1-12-4-8-15(9-5-12)21-18(14-6-10-16(25-3)11-7-14)17(13(2)22)19(23)20(21)24/h4-11,18,23H,1-3H3	"""AuxInfo=1/0/N:21,10,1,19,22,5,24,18,23,4,25,20,9,6,17,3,8,7,12,14,16,11,13,15,2/E:(4,5)(6,7)(8,9)(10,11)/rA:25COCCCCCCCCOCOCONCCCCCCCCC/rB:s1;s2;d3;s4;d5;s6;s7;s8;s9;d9;w?8;s12;s12;d14;s7s14;s16;d17;s18;d19;s20;s20;s17d22;s6;s3d24;/rC:;;;;;;;;;;;;;;;;;;;;;;;;;"""	P32246_WT	ChEMBL:CHEMBL2413;ChEMBL:CHEMBL2413	P32246	WT	CHEMBL4371695	PMID:30256641	2018.0	PMID:30256641	2018	0	0	0	1	0		=	  6.270;  6.270	6.27	0.0	0.0	2.0	6.27	0.0	CCRs_HUMAN_annotated_02145	True
InChI=1S/C20H20ClN3O2S/c1-20(2,3)14-5-8-16(9-6-14)27(25,26)24-18-10-7-15(21)13-17(18)19-22-11-4-12-23-19/h4-13,24H,1-3H3_on_P51686_WT	High	ChEMBL31	ChEMBL31.compound.268069	CC(C)(C)c1ccc(S(=O)(=O)Nc2ccc(Cl)cc2-c2ncccn2)cc1	RNVKRMMOXPZWOH-UHFFFAOYSA-N	InChI=1S/C20H20ClN3O2S/c1-20(2,3)14-5-8-16(9-6-14)27(25,26)24-18-10-7-15(21)13-17(18)19-22-11-4-12-23-19/h4-13,24H,1-3H3	"""AuxInfo=1/0/N:1,3,4,23,6,27,15,7,26,14,22,24,18,5,16,8,19,13,20,2,17,21,25,12,10,11,9/E:(1,2,3)(5,6)(8,9)(11,12)(22,23)(25,26)/CRV:27.6/rA:27CCCCCCCCSOONCCCCClCCCNCCCNCC/rB:s1;s2;s2;s2;d5;s6;d7;s8;d9;d9;s9;s12;d13;s14;d15;s16;s16;s13d18;s19;d20;s21;d22;s23;s20d24;s8;s5d26;/rC:;;;;;;;;;;;;;;;;;;;;;;;;;;;"""	P51686_WT	ChEMBL:CHEMBL5815	P51686	WT	CHEMBL3607106	PMID:26117562	2015.0	PMID:26117562	2015	1	0	0	0	0		=	  9.520	9.52	0.0	0.0	1.0	9.52	0.0	CCRs_HUMAN_annotated_02169	True
InChI=1S/C20H20ClN3O3S/c1-20(2,3)13-4-7-15(8-5-13)28(26,27)24-17-9-6-14(21)10-16(17)19-18(25)11-22-12-23-19/h4-12,24-25H,1-3H3_on_P51686_WT	High	ChEMBL31	ChEMBL31.compound.268045	CC(C)(C)c1ccc(S(=O)(=O)Nc2ccc(Cl)cc2-c2c(O)cncn2)cc1	KVLNMSCYNVITSC-UHFFFAOYSA-N	InChI=1S/C20H20ClN3O3S/c1-20(2,3)13-4-7-15(8-5-13)28(26,27)24-17-9-6-14(21)10-16(17)19-18(25)11-22-12-23-19/h4-12,24-25H,1-3H3	"""AuxInfo=1/0/N:1,3,4,6,28,15,7,27,14,18,23,25,5,16,8,19,13,21,20,2,17,24,26,12,22,10,11,9/E:(1,2,3)(4,5)(7,8)(26,27)/CRV:28.6/rA:28CCCCCCCCSOONCCCCClCCCCOCNCNCC/rB:s1;s2;s2;s2;d5;s6;d7;s8;d9;d9;s9;s12;d13;s14;d15;s16;s16;s13d18;s19;d20;s21;s21;d23;s24;s20d25;s8;s5d27;/rC:;;;;;;;;;;;;;;;;;;;;;;;;;;;;"""	P51686_WT	ChEMBL:CHEMBL5815;ChEMBL:CHEMBL5815	P51686	WT	CHEMBL3607107;CHEMBL3607106	PMID:26117562	2015.0	PMID:26117562	2015	1	0	0	0	0		=	  6.120;  7.960	7.04	0.92	0.92	2.0	7.04	0.92	CCRs_HUMAN_annotated_02171	True
InChI=1S/C20H20ClN3O3S/c1-20(2,3)13-4-7-15(8-5-13)28(26,27)24-17-9-6-14(21)12-16(17)19(25)18-10-11-22-23-18/h4-12,24H,1-3H3,(H,22,23)_on_P51686_WT	Low	ChEMBL31	ChEMBL31.compound.1070656	CC(C)(C)c1ccc(S(=O)(=O)Nc2ccc(Cl)cc2C(=O)c2n[nH]cc2)cc1	RQXYQJPSWSQVJE-UHFFFAOYSA-N	InChI=1S/C20H20ClN3O3S/c1-20(2,3)13-4-7-15(8-5-13)28(26,27)24-17-9-6-14(21)12-16(17)19(25)18-10-11-22-23-18/h4-12,24H,1-3H3,(H,22,23)	"""AuxInfo=1/1/N:1,3,4,6,28,15,7,27,14,26,25,18,5,16,8,19,13,22,20,2,17,24,23,12,21,10,11,9/E:(1,2,3)(4,5)(7,8)(26,27)/CRV:28.6/rA:28CCCCCCCCSOONCCCCClCCCOCNNCCCC/rB:s1;s2;s2;s2;d5;s6;d7;s8;d9;d9;s9;s12;d13;s14;d15;s16;s16;s13d18;s19;d20;s20;d22;s23;s24;s22d25;s8;s5d27;/rC:;;;;;;;;;;;;;;;;;;;;;;;;;;;;"""	P51686_WT	ChEMBL:CHEMBL5815;ChEMBL:CHEMBL5815	P51686	WT	CHEMBL3721192;CHEMBL3721193	PATENT:US7420055B2	2008.0	PATENT:US7420055B2	2008	1	0	0	0	0		>	  6.000;  6.000	6.0	0.0	0.0	2.0	6.0	0.0	CCRs_HUMAN_annotated_02172	True
InChI=1S/C20H21BrFNO3/c21-13-8-9-15(14(22)10-13)23-17(11-4-2-1-3-5-11)16(19(25)20(23)26)18(24)12-6-7-12/h8-12,17,25H,1-7H2_on_P32246_WT	High	ChEMBL31	ChEMBL31.compound.414388	O=C(C1=C(O)C(=O)N(c2ccc(Br)cc2F)C1C1CCCCC1)C1CC1	RNACQQZSXILTHA-UHFFFAOYSA-N	InChI=1S/C20H21BrFNO3/c21-13-8-9-15(14(22)10-13)23-17(11-4-2-1-3-5-11)16(19(25)20(23)26)18(24)12-6-7-12/h8-12,17,25H,1-7H2	"""AuxInfo=1/0/N:21,20,22,19,23,25,26,11,10,14,18,24,12,15,9,3,17,2,4,6,13,16,8,1,5,7/E:(2,3)(4,5)(6,7)/rA:26OCCCOCONCCCCBrCCFCCCCCCCCCC/rB:d1;s2;w?3;s4;s4;d6;s6;s8;d9;s10;d11;s12;s12;s9d14;s15;s3s8;s17;s18;s19;s20;s21;s18s22;s2;s24;s24s25;/rC:;;;;;;;;;;;;;;;;;;;;;;;;;;"""	P32246_WT	ChEMBL:CHEMBL2413;ChEMBL:CHEMBL2413;ChEMBL:CHEMBL2413;ChEMBL:CHEMBL2413	P32246	WT	CHEMBL4371699;CHEMBL4371695;CHEMBL4371699;CHEMBL4371695	PMID:30256641	2018.0	PMID:30256641	2018	1;0;1;0	0	0	0;1;0;1	0		=	  6.030;  8.300;  6.020;  8.270	7.155	1.13	0.652	4.0	7.15	1.125	CCRs_HUMAN_annotated_02207	True
InChI=1S/C20H21BrFNO3/c21-13-8-9-15(14(22)10-13)23-17(11-4-2-1-3-5-11)16(19(25)20(23)26)18(24)12-6-7-12/h8-12,17,25H,1-7H2_on_P41597_WT	High	ChEMBL31	ChEMBL31.compound.414388	O=C(C1=C(O)C(=O)N(c2ccc(Br)cc2F)C1C1CCCCC1)C1CC1	RNACQQZSXILTHA-UHFFFAOYSA-N	InChI=1S/C20H21BrFNO3/c21-13-8-9-15(14(22)10-13)23-17(11-4-2-1-3-5-11)16(19(25)20(23)26)18(24)12-6-7-12/h8-12,17,25H,1-7H2	"""AuxInfo=1/0/N:21,20,22,19,23,25,26,11,10,14,18,24,12,15,9,3,17,2,4,6,13,16,8,1,5,7/E:(2,3)(4,5)(6,7)/rA:26OCCCOCONCCCCBrCCFCCCCCCCCCC/rB:d1;s2;w?3;s4;s4;d6;s6;s8;d9;s10;d11;s12;s12;s9d14;s15;s3s8;s17;s18;s19;s20;s21;s18s22;s2;s24;s24s25;/rC:;;;;;;;;;;;;;;;;;;;;;;;;;;"""	P41597_WT	ChEMBL:CHEMBL4015;ChEMBL:CHEMBL4015;ChEMBL:CHEMBL4015;ChEMBL:CHEMBL4015	P41597	WT	CHEMBL4371700;CHEMBL4371700;CHEMBL4371696;CHEMBL4371696	PMID:30256641	2018.0	PMID:30256641	2018	1;1;0;0	0	0	0;0;1;1	0		=	  6.540;  6.480;  7.820;  7.820	7.165	0.655	0.378	4.0	7.18	0.64	CCRs_HUMAN_annotated_02208	True
InChI=1S/C20H21ClN4O2S/c1-20(2,3)13-4-7-15(8-5-13)28(26,27)25-17-9-6-14(21)12-16(17)18-19(22)24-11-10-23-18/h4-12,25H,1-3H3,(H2,22,24)_on_P51686_WT	High	ChEMBL31	ChEMBL31.compound.268067	CC(C)(C)c1ccc(S(=O)(=O)Nc2ccc(Cl)cc2-c2c(N)nccn2)cc1	WKUZBDLDKOSYOV-UHFFFAOYSA-N	InChI=1S/C20H21ClN4O2S/c1-20(2,3)13-4-7-15(8-5-13)28(26,27)25-17-9-6-14(21)12-16(17)18-19(22)24-11-10-23-18/h4-12,25H,1-3H3,(H2,22,24)	"""AuxInfo=1/1/N:1,3,4,6,28,15,7,27,14,25,24,18,5,16,8,19,13,20,21,2,17,22,26,23,12,10,11,9/E:(1,2,3)(4,5)(7,8)(26,27)/CRV:28.6/rA:28CCCCCCCCSOONCCCCClCCCCNNCCNCC/rB:s1;s2;s2;s2;d5;s6;d7;s8;d9;d9;s9;s12;d13;s14;d15;s16;s16;s13d18;s19;d20;s21;s21;d23;s24;s20d25;s8;s5d27;/rC:;;;;;;;;;;;;;;;;;;;;;;;;;;;;"""	P51686_WT	ChEMBL:CHEMBL5815;ChEMBL:CHEMBL5815	P51686	WT	CHEMBL3607106;CHEMBL3607107	PMID:26117562	2015.0	PMID:26117562	2015	1	0	0	0	0		=	  8.490;  7.640	8.065	0.425	0.425	2.0	8.065	0.425	CCRs_HUMAN_annotated_02219	True
InChI=1S/C20H21ClN4O2S/c1-20(2,3)13-4-7-15(8-5-13)28(26,27)25-18-9-6-14(21)10-16(18)19-17(22)11-23-12-24-19/h4-12,25H,22H2,1-3H3_on_P51686_WT	High	ChEMBL31	ChEMBL31.compound.268068	CC(C)(C)c1ccc(S(=O)(=O)Nc2ccc(Cl)cc2-c2c(N)cncn2)cc1	OEKSYTIEVKORHD-UHFFFAOYSA-N	InChI=1S/C20H21ClN4O2S/c1-20(2,3)13-4-7-15(8-5-13)28(26,27)25-18-9-6-14(21)10-16(18)19-17(22)11-23-12-24-19/h4-12,25H,22H2,1-3H3	"""AuxInfo=1/0/N:1,3,4,6,28,15,7,27,14,18,23,25,5,16,8,19,21,13,20,2,17,22,24,26,12,10,11,9/E:(1,2,3)(4,5)(7,8)(26,27)/CRV:28.6/rA:28CCCCCCCCSOONCCCCClCCCCNCNCNCC/rB:s1;s2;s2;s2;d5;s6;d7;s8;d9;d9;s9;s12;d13;s14;d15;s16;s16;s13d18;s19;d20;s21;s21;d23;s24;s20d25;s8;s5d27;/rC:;;;;;;;;;;;;;;;;;;;;;;;;;;;;"""	P51686_WT	ChEMBL:CHEMBL5815	P51686	WT	CHEMBL3607106	PMID:26117562	2015.0	PMID:26117562	2015	1	0	0	0	0		=	  8.490	8.49	0.0	0.0	1.0	8.49	0.0	CCRs_HUMAN_annotated_02220	True
InChI=1S/C20H21ClN4O2S/c1-20(2,3)13-4-7-15(8-5-13)28(26,27)25-18-9-6-14(21)12-16(18)19-17(22)10-11-23-24-19/h4-12,25H,1-3H3,(H2,22,23)_on_P51686_WT	High	ChEMBL31	ChEMBL31.compound.268044	CC(C)(C)c1ccc(S(=O)(=O)Nc2ccc(Cl)cc2-c2c(N)ccnn2)cc1	NPYXXORYEHHBOI-UHFFFAOYSA-N	InChI=1S/C20H21ClN4O2S/c1-20(2,3)13-4-7-15(8-5-13)28(26,27)25-18-9-6-14(21)12-16(18)19-17(22)10-11-23-24-19/h4-12,25H,1-3H3,(H2,22,23)	"""AuxInfo=1/1/N:1,3,4,6,28,15,7,27,14,23,24,18,5,16,8,19,21,13,20,2,17,22,25,26,12,10,11,9/E:(1,2,3)(4,5)(7,8)(26,27)/CRV:28.6/rA:28CCCCCCCCSOONCCCCClCCCCNCCNNCC/rB:s1;s2;s2;s2;d5;s6;d7;s8;d9;d9;s9;s12;d13;s14;d15;s16;s16;s13d18;s19;d20;s21;s21;d23;s24;s20d25;s8;s5d27;/rC:;;;;;;;;;;;;;;;;;;;;;;;;;;;;"""	P51686_WT	ChEMBL:CHEMBL5815;ChEMBL:CHEMBL5815	P51686	WT	CHEMBL3607106;CHEMBL3607107	PMID:26117562	2015.0	PMID:26117562	2015	1	0	0	0	0		=	  8.420;  7.640	8.03	0.39	0.39	2.0	8.03	0.39	CCRs_HUMAN_annotated_02221	True
InChI=1S/C20H21ClN4O3S/c1-20(2,3)12-4-7-14(8-5-12)29(27,28)25-16-9-6-13(21)10-15(16)17-18(26)19(22)24-11-23-17/h4-11,25-26H,1-3H3,(H2,22,23,24)_on_P51686_WT	High	ChEMBL31	ChEMBL31.compound.268049	CC(C)(C)c1ccc(S(=O)(=O)Nc2ccc(Cl)cc2-c2c(O)c(N)ncn2)cc1	FRBFFLDWVHPQRO-UHFFFAOYSA-N	InChI=1S/C20H21ClN4O3S/c1-20(2,3)12-4-7-14(8-5-12)29(27,28)25-16-9-6-13(21)10-15(16)17-18(26)19(22)24-11-23-17/h4-11,25-26H,1-3H3,(H2,22,23,24)	"""AuxInfo=1/1/N:1,3,4,6,29,15,7,28,14,18,26,5,16,8,19,13,20,21,23,2,17,24,27,25,12,22,10,11,9/E:(1,2,3)(4,5)(7,8)(27,28)/CRV:29.6/rA:29CCCCCCCCSOONCCCCClCCCCOCNNCNCC/rB:s1;s2;s2;s2;d5;s6;d7;s8;d9;d9;s9;s12;d13;s14;d15;s16;s16;s13d18;s19;d20;s21;s21;s23;d23;s25;s20d26;s8;s5d28;/rC:;;;;;;;;;;;;;;;;;;;;;;;;;;;;;"""	P51686_WT	ChEMBL:CHEMBL5815;ChEMBL:CHEMBL5815	P51686	WT	CHEMBL3607106;CHEMBL3607107	PMID:26117562	2015.0	PMID:26117562	2015	1	0	0	0	0		=	  7.850;  6.470	7.16	0.69	0.69	2.0	7.16	0.69	CCRs_HUMAN_annotated_02222	True
InChI=1S/C20H21ClN4O3S/c1-20(2,3)12-4-7-14(8-5-12)29(27,28)25-16-9-6-13(21)10-15(16)18-17(26)11-23-19(22)24-18/h4-11,25-26H,1-3H3,(H2,22,23,24)_on_P51686_WT	High	ChEMBL31	ChEMBL31.compound.268046	CC(C)(C)c1ccc(S(=O)(=O)Nc2ccc(Cl)cc2-c2c(O)cnc(N)n2)cc1	KCTWQOOIUVUMFF-UHFFFAOYSA-N	InChI=1S/C20H21ClN4O3S/c1-20(2,3)12-4-7-14(8-5-12)29(27,28)25-16-9-6-13(21)10-15(16)18-17(26)11-23-19(22)24-18/h4-11,25-26H,1-3H3,(H2,22,23,24)	"""AuxInfo=1/1/N:1,3,4,6,29,15,7,28,14,18,23,5,16,8,19,13,21,20,25,2,17,26,24,27,12,22,10,11,9/E:(1,2,3)(4,5)(7,8)(27,28)/CRV:29.6/rA:29CCCCCCCCSOONCCCCClCCCCOCNCNNCC/rB:s1;s2;s2;s2;d5;s6;d7;s8;d9;d9;s9;s12;d13;s14;d15;s16;s16;s13d18;s19;d20;s21;s21;d23;s24;s25;s20d25;s8;s5d28;/rC:;;;;;;;;;;;;;;;;;;;;;;;;;;;;;"""	P51686_WT	ChEMBL:CHEMBL5815;ChEMBL:CHEMBL5815	P51686	WT	CHEMBL3607107;CHEMBL3607106	PMID:26117562	2015.0	PMID:26117562	2015	1	0	0	0	0		=	  7.520;  8.400	7.96	0.44	0.44	2.0	7.96	0.44	CCRs_HUMAN_annotated_02223	True
InChI=1S/C20H21ClN4O3S/c1-20(2,3)13-5-8-15(9-6-13)29(27,28)23-17-10-7-14(21)11-16(17)19(26)18-12-22-24-25(18)4/h5-12,23H,1-4H3_on_P51686_WT	Low	ChEMBL31	ChEMBL31.compound.1070761	Cn1nncc1C(=O)c1cc(Cl)ccc1NS(=O)(=O)c1ccc(C(C)(C)C)cc1	KOCOTXSMDJPTDH-UHFFFAOYSA-N	InChI=1S/C20H21ClN4O3S/c1-20(2,3)13-5-8-15(9-6-13)29(27,28)23-17-10-7-14(21)11-16(17)19(26)18-12-22-24-25(18)4/h5-12,23H,1-4H3	"""AuxInfo=1/0/N:25,26,27,1,22,28,13,21,29,14,10,5,23,11,20,9,15,6,7,24,12,4,16,3,2,8,18,19,17/E:(1,2,3)(5,6)(8,9)(27,28)/CRV:29.6/rA:29CNNNCCCOCCCClCCCNSOOCCCCCCCCCC/rB:s1;s2;d3;s4;s2d5;s6;d7;s7;d9;s10;s11;d11;s13;s9d14;s15;s16;d17;d17;s17;d20;s21;d22;s23;s24;s24;s24;s23;s20d28;/rC:;;;;;;;;;;;;;;;;;;;;;;;;;;;;;"""	P51686_WT	ChEMBL:CHEMBL5815;ChEMBL:CHEMBL5815	P51686	WT	CHEMBL3721193;CHEMBL3721192	PATENT:US7420055B2	2008.0	PATENT:US7420055B2	2008	1	0	0	0	0		>	  6.000;  6.000	6.0	0.0	0.0	2.0	6.0	0.0	CCRs_HUMAN_annotated_02224	True
InChI=1S/C20H21ClN4O3S/c1-20(2,3)13-5-8-15(9-6-13)29(27,28)23-17-10-7-14(21)11-16(17)19(26)18-12-25(4)24-22-18/h5-12,23H,1-4H3_on_P51686_WT	Low	ChEMBL31	ChEMBL31.compound.1070764	Cn1cc(C(=O)c2cc(Cl)ccc2NS(=O)(=O)c2ccc(C(C)(C)C)cc2)nn1	NHYASGDXJCWGTH-UHFFFAOYSA-N	InChI=1S/C20H21ClN4O3S/c1-20(2,3)13-5-8-15(9-6-13)29(27,28)23-17-10-7-14(21)11-16(17)19(26)18-12-25(4)24-22-18/h5-12,23H,1-4H3	"""AuxInfo=1/0/N:23,24,25,1,20,26,11,19,27,12,8,3,21,9,18,7,13,4,5,22,10,28,14,29,2,6,16,17,15/E:(1,2,3)(5,6)(8,9)(27,28)/CRV:29.6/rA:29CNCCCOCCCClCCCNSOOCCCCCCCCCCNN/rB:s1;s2;d3;s4;d5;s5;d7;s8;s9;d9;s11;s7d12;s13;s14;d15;d15;s15;d18;s19;d20;s21;s22;s22;s22;s21;s18d26;s4;s2d28;/rC:;;;;;;;;;;;;;;;;;;;;;;;;;;;;;"""	P51686_WT	ChEMBL:CHEMBL5815;ChEMBL:CHEMBL5815	P51686	WT	CHEMBL3721192;CHEMBL3721193	PATENT:US7420055B2	2008.0	PATENT:US7420055B2	2008	1	0	0	0	0		>	  6.000;  6.000	6.0	0.0	0.0	2.0	6.0	0.0	CCRs_HUMAN_annotated_02225	True
InChI=1S/C20H21ClN4O3S2/c1-14(12-26)22-18-11-19(25-30(27,28)17-9-7-16(21)8-10-17)24-20(23-18)29-13-15-5-3-2-4-6-15/h2-11,14,26H,12-13H2,1H3,(H2,22,23,24,25)/t14-/m1/s1_on_P25025_WT	High	ChEMBL31	ChEMBL31.compound.255978	C[C@H](CO)Nc1cc(NS(=O)(=O)c2ccc(Cl)cc2)nc(SCc2ccccc2)n1	TUZMICWGRDDLHJ-CQSZACIVSA-N	InChI=1S/C20H21ClN4O3S2/c1-14(12-26)22-18-11-19(25-30(27,28)17-9-7-16(21)8-10-17)24-20(23-18)29-13-15-5-3-2-4-6-15/h2-11,14,26H,12-13H2,1H3,(H2,22,23,24,25)/t14-/m1/s1	"""AuxInfo=1/1/N:1,27,26,28,25,29,15,18,14,19,7,3,23,2,24,16,13,6,8,21,17,5,30,20,9,4,11,12,22,10/E:(3,4)(5,6)(7,8)(9,10)(27,28)/it:im/CRV:30.6/rA:30CC.eCONCCCNSOOCCCCClCCNCSCCCCCCCN/rB:s1;s2;s3;s2;s5;d6;s7;s8;s9;d10;d10;s10;d13;s14;d15;s16;s16;s13d18;d8;s20;s21;s22;s23;d24;s25;d26;s27;s24d28;s6d21;/rC:;;;;;;;;;;;;;;;;;;;;;;;;;;;;;;"""	P25025_WT	ChEMBL:CHEMBL2434	P25025	WT	CHEMBL3404716	PMID:25708618	2015.0	PMID:25708618	2015	1	0	0	0	0		=	  7.500	7.5	0.0	0.0	1.0	7.5	0.0	CCRs_HUMAN_annotated_02226	True
InChI=1S/C20H22N4O3S2/c1-15(13-25)21-18-12-19(24-29(26,27)17-10-6-3-7-11-17)23-20(22-18)28-14-16-8-4-2-5-9-16/h2-12,15,25H,13-14H2,1H3,(H2,21,22,23,24)/t15-/m1/s1_on_P25025_WT	High	ChEMBL31	ChEMBL31.compound.255977	C[C@H](CO)Nc1cc(NS(=O)(=O)c2ccccc2)nc(SCc2ccccc2)n1	RQVBICARYCQZPB-OAHLLOKOSA-N	InChI=1S/C20H22N4O3S2/c1-15(13-25)21-18-12-19(24-29(26,27)17-10-6-3-7-11-17)23-20(22-18)28-14-16-8-4-2-5-9-16/h2-12,15,25H,13-14H2,1H3,(H2,21,22,23,24)/t15-/m1/s1	"""AuxInfo=1/1/N:1,26,16,25,27,15,17,24,28,14,18,7,3,22,2,23,13,6,8,20,5,29,19,9,4,11,12,21,10/E:(4,5)(6,7)(8,9)(10,11)(26,27)/it:im/CRV:29.6/rA:29CC.eCONCCCNSOOCCCCCCNCSCCCCCCCN/rB:s1;s2;s3;s2;s5;d6;s7;s8;s9;d10;d10;s10;d13;s14;d15;s16;s13d17;d8;s19;s20;s21;s22;d23;s24;d25;s26;s23d27;s6d20;/rC:;;;;;;;;;;;;;;;;;;;;;;;;;;;;;"""	P25025_WT	ChEMBL:CHEMBL2434	P25025	WT	CHEMBL3404716	PMID:25708618	2015.0	PMID:25708618	2015	1	0	0	0	0		=	  7.100	7.1	0.0	0.0	1.0	7.1	0.0	CCRs_HUMAN_annotated_02294	True
InChI=1S/C20H23Cl2FN2O3S/c21-16-4-2-15(3-5-16)20(26)8-12-25(13-9-20)11-1-10-24-29(27,28)19-7-6-17(23)14-18(19)22/h2-7,14,24,26H,1,8-13H2_on_P32246_WT	High	ChEMBL31	ChEMBL31.compound.92313	O=S(=O)(NCCCN1CCC(O)(c2ccc(Cl)cc2)CC1)c1c(Cl)cc(F)cc1	ZFOYDSHYVRGALN-UHFFFAOYSA-N	InChI=1S/C20H23Cl2FN2O3S/c21-16-4-2-15(3-5-16)20(26)8-12-25(13-9-20)11-1-10-24-29(27,28)19-7-6-17(23)14-18(19)22/h2-7,14,24,26H,1,8-13H2	"""AuxInfo=1/0/N:6,14,19,15,18,28,29,10,20,5,7,9,21,25,13,16,26,23,22,11,17,24,27,4,8,12,1,3,2/E:(2,3)(4,5)(8,9)(12,13)(27,28)/CRV:29.6/rA:29OSONCCCNCCCOCCCCClCCCCCCClCCFCC/rB:d1;d2;s2;s4;s5;s6;s7;s8;s9;s10;s11;s11;d13;s14;d15;s16;s16;s13d18;s11;s8s20;s2;d22;s23;s23;d25;s26;s26;s22d28;/rC:;;;;;;;;;;;;;;;;;;;;;;;;;;;;;"""	P32246_WT	ChEMBL:CHEMBL2413;ChEMBL:CHEMBL2413	P32246	WT	CHEMBL933432;CHEMBL933431	PMID:18329267	2008.0	PMID:18329267	2008	1	0	0	0	0		=	  7.000;  6.440	6.72	0.28	0.28	2.0	6.72	0.28	CCRs_HUMAN_annotated_02306	True
InChI=1S/C20H23Cl2N5O3S/c21-16-11-15(12-17(22)19(16)24)31(29,30)25-18(20(28)27-7-2-1-3-8-27)6-10-26-9-4-5-14(26)13-23/h4-5,9,11-12,18,25H,1-3,6-8,10,24H2_on_P46092_WT	High	ChEMBL31	ChEMBL31.compound.307673	N#Cc1cccn1CCC(NS(=O)(=O)c1cc(Cl)c(N)c(Cl)c1)C(=O)N1CCCCC1	JIUOHGCUXWYFIO-UHFFFAOYSA-N	InChI=1S/C20H23Cl2N5O3S/c21-16-11-15(12-17(22)19(16)24)31(29,30)25-18(20(28)27-7-2-1-3-8-27)6-10-26-9-4-5-14(26)13-23/h4-5,9,11-12,18,25H,1-3,6-8,10,24H2	"""AuxInfo=1/0/N:29,28,30,5,4,9,27,31,6,8,16,23,2,3,15,17,21,10,19,24,18,22,1,20,11,7,26,25,13,14,12/E:(2,3)(7,8)(11,12)(16,17)(21,22)(29,30)/CRV:31.6/rA:31NCCCCCNCCCNSOOCCCClCNCClCCONCCCCC/rB:t1;s2;d3;s4;d5;s3s6;s7;s8;s9;s10;s11;d12;d12;s12;d15;s16;s17;d17;s19;s19;s21;s15d21;s10;d24;s24;s26;s27;s28;s29;s26s30;/rC:;;;;;;;;;;;;;;;;;;;;;;;;;;;;;;;"""	P46092_WT	ChEMBL:CHEMBL2321628	P46092	WT	CHEMBL3863299	PMID:27692854	2016.0	PMID:27692854	2016	1	0	0	0	0		=	  6.800	6.8	0.0	0.0	1.0	6.8	0.0	CCRs_HUMAN_annotated_02308	True
InChI=1S/C20H23Cl3N2O3S/c21-16-4-2-15(3-5-16)20(26)6-10-25(11-7-20)9-1-8-24-29(27,28)19-13-17(22)12-18(23)14-19/h2-5,12-14,24,26H,1,6-11H2_on_P32246_WT	High	ChEMBL31	ChEMBL31.compound.92311	O=S(=O)(NCCCN1CCC(O)(c2ccc(Cl)cc2)CC1)c1cc(Cl)cc(Cl)c1	PJZDDXYGJPHRMW-UHFFFAOYSA-N	InChI=1S/C20H23Cl3N2O3S/c21-16-4-2-15(3-5-16)20(26)6-10-25(11-7-20)9-1-8-24-29(27,28)19-13-17(22)12-18(23)14-19/h2-5,12-14,24,26H,1,6-11H2	"""AuxInfo=1/0/N:6,14,19,15,18,10,20,5,7,9,21,26,23,29,13,16,24,27,22,11,17,25,28,4,8,12,1,3,2/E:(2,3)(4,5)(6,7)(10,11)(13,14)(17,18)(22,23)(27,28)/CRV:29.6/rA:29OSONCCCNCCCOCCCCClCCCCCCCClCCClC/rB:d1;d2;s2;s4;s5;s6;s7;s8;s9;s10;s11;s11;d13;s14;d15;s16;s16;s13d18;s11;s8s20;s2;d22;s23;s24;d24;s26;s27;s22d27;/rC:;;;;;;;;;;;;;;;;;;;;;;;;;;;;;"""	P32246_WT	ChEMBL:CHEMBL2413;ChEMBL:CHEMBL2413	P32246	WT	CHEMBL933432;CHEMBL933431	PMID:18329267	2008.0	PMID:18329267	2008	1	0	0	0	0		=	  5.870;  6.110	5.99	0.12	0.12	2.0	5.99	0.12	CCRs_HUMAN_annotated_02310	True
InChI=1S/C20H23Cl3N2O3S/c21-16-4-2-15(3-5-16)20(26)8-12-25(13-9-20)11-1-10-24-29(27,28)17-6-7-18(22)19(23)14-17/h2-7,14,24,26H,1,8-13H2_on_P32246_WT	High	ChEMBL31;ChEMBL31;ExCAPE-DB	ChEMBL31.compound.92310;ChEMBL31.compound.92310;44453433	O=S(=O)(NCCCN1CCC(O)(c2ccc(Cl)cc2)CC1)c1cc(Cl)c(Cl)cc1	JUBBNHGBNYSGEP-UHFFFAOYSA-N	InChI=1S/C20H23Cl3N2O3S/c21-16-4-2-15(3-5-16)20(26)8-12-25(13-9-20)11-1-10-24-29(27,28)17-6-7-18(22)19(23)14-17/h2-7,14,24,26H,1,8-13H2	"""AuxInfo=1/0/N:6,14,19,15,18,29,28,10,20,5,7,9,21,23,13,16,22,26,24,11,17,27,25,4,8,12,1,3,2/E:(2,3)(4,5)(8,9)(12,13)(27,28)/CRV:29.6/rA:29OSONCCCNCCCOCCCCClCCCCCCCClCClCC/rB:d1;d2;s2;s4;s5;s6;s7;s8;s9;s10;s11;s11;d13;s14;d15;s16;s16;s13d18;s11;s8s20;s2;d22;s23;s24;d24;s26;s26;s22d28;/rC:;;;;;;;;;;;;;;;;;;;;;;;;;;;;;"""	P32246_WT	ChEMBL:CHEMBL2413;ChEMBL:CHEMBL2413;EntrezID:1230	P32246	WT	CHEMBL933431;CHEMBL933432;PubChemAID:322027	PMID:18329267	2008.0	PMID:18329267;PMID:18329267;PubChemAID:322027	2008;2008;2010	1;1;0	0	0	0	0;0;1		=	  5.730;  5.610;  5.733	5.691	0.057	0.041	3.0	5.73	0.003	CCRs_HUMAN_annotated_02311	True
InChI=1S/C20H23Cl3N2O3S/c21-16-4-2-15(3-5-16)20(26)8-12-25(13-9-20)11-1-10-24-29(27,28)19-7-6-17(22)14-18(19)23/h2-7,14,24,26H,1,8-13H2_on_P32246_WT	High	ChEMBL31;ChEMBL31;ExCAPE-DB	ChEMBL31.compound.92308;ChEMBL31.compound.92308;44453437	O=S(=O)(NCCCN1CCC(O)(c2ccc(Cl)cc2)CC1)c1c(Cl)cc(Cl)cc1	IWCRFNAAIPNCPO-UHFFFAOYSA-N	InChI=1S/C20H23Cl3N2O3S/c21-16-4-2-15(3-5-16)20(26)8-12-25(13-9-20)11-1-10-24-29(27,28)19-7-6-17(22)14-18(19)23/h2-7,14,24,26H,1,8-13H2	"""AuxInfo=1/0/N:6,14,19,15,18,28,29,10,20,5,7,9,21,25,13,16,26,23,22,11,17,27,24,4,8,12,1,3,2/E:(2,3)(4,5)(8,9)(12,13)(27,28)/CRV:29.6/rA:29OSONCCCNCCCOCCCCClCCCCCCClCCClCC/rB:d1;d2;s2;s4;s5;s6;s7;s8;s9;s10;s11;s11;d13;s14;d15;s16;s16;s13d18;s11;s8s20;s2;d22;s23;s23;d25;s26;s26;s22d28;/rC:;;;;;;;;;;;;;;;;;;;;;;;;;;;;;"""	P32246_WT	ChEMBL:CHEMBL2413;ChEMBL:CHEMBL2413;EntrezID:1230	P32246	WT	CHEMBL933431;CHEMBL933432;PubChemAID:322028	PMID:18329267	2008.0	PMID:18329267;PMID:18329267;PubChemAID:322028	2008;2008;2010	1;1;0	0	0	0	0;0;1		=	  6.390;  6.440;  6.444	6.425	0.025	0.017	3.0	6.44	0.004	CCRs_HUMAN_annotated_02312	True
InChI=1S/C20H23Cl3N2O3S/c21-16-4-2-15(3-5-16)20(26)8-12-25(13-9-20)11-1-10-24-29(27,28)19-14-17(22)6-7-18(19)23/h2-7,14,24,26H,1,8-13H2_on_P32246_WT	High	ExCAPE-DB;ChEMBL31;ChEMBL31	44453435;ChEMBL31.compound.92309;ChEMBL31.compound.92309	O=S(=O)(NCCCN1CCC(O)(c2ccc(Cl)cc2)CC1)c1cc(Cl)ccc1Cl	SQDMYIXNCYLSBW-UHFFFAOYSA-N	InChI=1S/C20H23Cl3N2O3S/c21-16-4-2-15(3-5-16)20(26)8-12-25(13-9-20)11-1-10-24-29(27,28)19-14-17(22)6-7-18(19)23/h2-7,14,24,26H,1,8-13H2	"""AuxInfo=1/0/N:6,14,19,15,18,26,27,10,20,5,7,9,21,23,13,16,24,28,22,11,17,25,29,4,8,12,1,3,2/E:(2,3)(4,5)(8,9)(12,13)(27,28)/CRV:29.6/rA:29OSONCCCNCCCOCCCCClCCCCCCCClCCCCl/rB:d1;d2;s2;s4;s5;s6;s7;s8;s9;s10;s11;s11;d13;s14;d15;s16;s16;s13d18;s11;s8s20;s2;d22;s23;s24;d24;s26;s22d27;s28;/rC:;;;;;;;;;;;;;;;;;;;;;;;;;;;;;"""	P32246_WT	EntrezID:1230;ChEMBL:CHEMBL2413;ChEMBL:CHEMBL2413	P32246	WT	PubChemAID:322028;CHEMBL933432;CHEMBL933431	PMID:18329267	2008.0	PubChemAID:322028;PMID:18329267;PMID:18329267	2010;2008;2008	0;1;1	0	0	0	1;0;0		=	  6.553;  6.550;  6.270	6.458	0.133	0.094	3.0	6.55	0.003	CCRs_HUMAN_annotated_02313	True
InChI=1S/C20H23Cl3N2O3S/c21-16-7-5-15(6-8-16)20(26)9-13-25(14-10-20)12-2-11-24-29(27,28)18-4-1-3-17(22)19(18)23/h1,3-8,24,26H,2,9-14H2_on_P32246_WT	High	ChEMBL31	ChEMBL31.compound.92307	O=S(=O)(NCCCN1CCC(O)(c2ccc(Cl)cc2)CC1)c1c(Cl)c(Cl)ccc1	OQTPEAHFLSFBAE-UHFFFAOYSA-N	InChI=1S/C20H23Cl3N2O3S/c21-16-7-5-15(6-8-16)20(26)9-13-25(14-10-20)12-2-11-24-29(27,28)18-4-1-3-17(22)19(18)23/h1,3-8,24,26H,2,9-14H2	"""AuxInfo=1/0/N:28,6,27,29,14,19,15,18,10,20,5,7,9,21,13,16,25,22,23,11,17,26,24,4,8,12,1,3,2/E:(5,6)(7,8)(9,10)(13,14)(27,28)/CRV:29.6/rA:29OSONCCCNCCCOCCCCClCCCCCCClCClCCC/rB:d1;d2;s2;s4;s5;s6;s7;s8;s9;s10;s11;s11;d13;s14;d15;s16;s16;s13d18;s11;s8s20;s2;d22;s23;s23;s25;d25;s27;s22d28;/rC:;;;;;;;;;;;;;;;;;;;;;;;;;;;;;"""	P32246_WT	ChEMBL:CHEMBL2413;ChEMBL:CHEMBL2413	P32246	WT	CHEMBL933432;CHEMBL933431	PMID:18329267	2008.0	PMID:18329267	2008	1	0	0	0	0		=	  6.460;  6.290	6.375	0.085	0.085	2.0	6.375	0.085	CCRs_HUMAN_annotated_02314	True
InChI=1S/C20H23Cl3N2O3S/c21-16-7-5-15(6-8-16)20(26)9-13-25(14-10-20)12-2-11-24-29(27,28)19-17(22)3-1-4-18(19)23/h1,3-8,24,26H,2,9-14H2_on_P32246_WT	High	ExCAPE-DB;ChEMBL31;ChEMBL31	44453403;ChEMBL31.compound.92312;ChEMBL31.compound.92312	O=S(=O)(NCCCN1CCC(O)(c2ccc(Cl)cc2)CC1)c1c(Cl)cccc1Cl	OBKBVNXZCFTQGL-UHFFFAOYSA-N	InChI=1S/C20H23Cl3N2O3S/c21-16-7-5-15(6-8-16)20(26)9-13-25(14-10-20)12-2-11-24-29(27,28)19-17(22)3-1-4-18(19)23/h1,3-8,24,26H,2,9-14H2	"""AuxInfo=1/0/N:26,6,25,27,14,19,15,18,10,20,5,7,9,21,13,16,23,28,22,11,17,24,29,4,8,12,1,3,2/E:(3,4)(5,6)(7,8)(9,10)(13,14)(17,18)(22,23)(27,28)/CRV:29.6/rA:29OSONCCCNCCCOCCCCClCCCCCCClCCCCCl/rB:d1;d2;s2;s4;s5;s6;s7;s8;s9;s10;s11;s11;d13;s14;d15;s16;s16;s13d18;s11;s8s20;s2;d22;s23;s23;d25;s26;s22d27;s28;/rC:;;;;;;;;;;;;;;;;;;;;;;;;;;;;;"""	P32246_WT	EntrezID:1230;ChEMBL:CHEMBL2413;ChEMBL:CHEMBL2413	P32246	WT	PubChemAID:322028;CHEMBL933432;CHEMBL933431	PMID:18329267	2008.0	PubChemAID:322028;PMID:18329267;PMID:18329267	2010;2008;2008	0;1;1	0	0	0	1;0;0		=	  7.523;  7.520;  7.100	7.381	0.199	0.141	3.0	7.52	0.003	CCRs_HUMAN_annotated_02315	True
InChI=1S/C20H24BrClN2O3S/c21-18-4-1-2-5-19(18)28(26,27)23-12-3-13-24-14-10-20(25,11-15-24)16-6-8-17(22)9-7-16/h1-2,4-9,23,25H,3,10-15H2_on_P32246_WT	High	ChEMBL31;ChEMBL31;ExCAPE-DB	ChEMBL31.compound.92289;ChEMBL31.compound.92289;44453293	O=S(=O)(NCCCN1CCC(O)(c2ccc(Cl)cc2)CC1)c1c(Br)cccc1	CZLHNSIYJXDSCN-UHFFFAOYSA-N	InChI=1S/C20H24BrClN2O3S/c21-18-4-1-2-5-19(18)28(26,27)23-12-3-13-24-14-10-20(25,11-15-24)16-6-8-17(22)9-7-16/h1-2,4-9,23,25H,3,10-15H2	"""AuxInfo=1/0/N:26,27,6,25,28,14,19,15,18,10,20,5,7,9,21,13,16,23,22,11,24,17,4,8,12,1,3,2/E:(6,7)(8,9)(10,11)(14,15)(26,27)/CRV:28.6/rA:28OSONCCCNCCCOCCCCClCCCCCCBrCCCC/rB:d1;d2;s2;s4;s5;s6;s7;s8;s9;s10;s11;s11;d13;s14;d15;s16;s16;s13d18;s11;s8s20;s2;d22;s23;s23;d25;s26;s22d27;/rC:;;;;;;;;;;;;;;;;;;;;;;;;;;;;"""	P32246_WT	ChEMBL:CHEMBL2413;ChEMBL:CHEMBL2413;EntrezID:1230	P32246	WT	CHEMBL933431;CHEMBL933432;PubChemAID:322027	PMID:18329267	2008.0	PMID:18329267;PMID:18329267;PubChemAID:322027	2008;2008;2010	1;1;0	0	0	0	0;0;1		=	  6.850;  6.280;  6.854	6.661	0.27	0.191	3.0	6.85	0.004	CCRs_HUMAN_annotated_02339	True
InChI=1S/C20H24Cl2N2O3S/c21-17-4-2-16(3-5-17)20(25)10-14-24(15-11-20)13-1-12-23-28(26,27)19-8-6-18(22)7-9-19/h2-9,23,25H,1,10-15H2_on_P32246_WT	High	ChEMBL31;ChEMBL31;ExCAPE-DB	ChEMBL31.compound.92292;ChEMBL31.compound.92292;44453263	O=S(=O)(NCCCN1CCC(O)(c2ccc(Cl)cc2)CC1)c1ccc(Cl)cc1	RCWIUIQMHKIHBL-UHFFFAOYSA-N	InChI=1S/C20H24Cl2N2O3S/c21-17-4-2-16(3-5-17)20(25)10-14-24(15-11-20)13-1-12-23-28(26,27)19-8-6-18(22)7-9-19/h2-9,23,25H,1,10-15H2	"""AuxInfo=1/0/N:6,14,19,15,18,24,27,23,28,10,20,5,7,9,21,13,16,25,22,11,17,26,4,8,12,1,3,2/E:(2,3)(4,5)(6,7)(8,9)(10,11)(14,15)(26,27)/CRV:28.6/rA:28OSONCCCNCCCOCCCCClCCCCCCCCClCC/rB:d1;d2;s2;s4;s5;s6;s7;s8;s9;s10;s11;s11;d13;s14;d15;s16;s16;s13d18;s11;s8s20;s2;d22;s23;d24;s25;s25;s22d27;/rC:;;;;;;;;;;;;;;;;;;;;;;;;;;;;"""	P32246_WT	ChEMBL:CHEMBL2413;ChEMBL:CHEMBL2413;EntrezID:1230	P32246	WT	CHEMBL933432;CHEMBL933431;PubChemAID:322028	PMID:18329267	2008.0	PMID:18329267;PMID:18329267;PubChemAID:322028	2008;2008;2010	1;1;0	0	0	0	0;0;1		=	  6.430;  6.100;  6.432	6.321	0.156	0.11	3.0	6.43	0.002	CCRs_HUMAN_annotated_02346	True
InChI=1S/C20H24Cl2N2O3S/c21-17-7-5-16(6-8-17)20(25)9-13-24(14-10-20)12-2-11-23-28(26,27)19-4-1-3-18(22)15-19/h1,3-8,15,23,25H,2,9-14H2_on_P32246_WT	High	ChEMBL31	ChEMBL31.compound.92291	O=S(=O)(NCCCN1CCC(O)(c2ccc(Cl)cc2)CC1)c1cc(Cl)ccc1	SZEJSOIOGKEQDT-UHFFFAOYSA-N	InChI=1S/C20H24Cl2N2O3S/c21-17-7-5-16(6-8-17)20(25)9-13-24(14-10-20)12-2-11-23-28(26,27)19-4-1-3-18(22)15-19/h1,3-8,15,23,25H,2,9-14H2	"""AuxInfo=1/0/N:27,6,26,28,14,19,15,18,10,20,5,7,9,21,23,13,16,24,22,11,17,25,4,8,12,1,3,2/E:(5,6)(7,8)(9,10)(13,14)(26,27)/CRV:28.6/rA:28OSONCCCNCCCOCCCCClCCCCCCCClCCC/rB:d1;d2;s2;s4;s5;s6;s7;s8;s9;s10;s11;s11;d13;s14;d15;s16;s16;s13d18;s11;s8s20;s2;d22;s23;s24;d24;s26;s22d27;/rC:;;;;;;;;;;;;;;;;;;;;;;;;;;;;"""	P32246_WT	ChEMBL:CHEMBL2413;ChEMBL:CHEMBL2413	P32246	WT	CHEMBL933431;CHEMBL933432	PMID:18329267	2008.0	PMID:18329267	2008	1	0	0	0	0		=	  6.420;  7.000	6.71	0.29	0.29	2.0	6.71	0.29	CCRs_HUMAN_annotated_02347	True
InChI=1S/C20H24Cl2N2O3S/c21-17-8-6-16(7-9-17)20(25)10-14-24(15-11-20)13-3-12-23-28(26,27)19-5-2-1-4-18(19)22/h1-2,4-9,23,25H,3,10-15H2_on_P32246_WT	High	ChEMBL31	ChEMBL31.compound.92290	O=S(=O)(NCCCN1CCC(O)(c2ccc(Cl)cc2)CC1)c1c(Cl)cccc1	SEAGMAPOVPSARN-UHFFFAOYSA-N	InChI=1S/C20H24Cl2N2O3S/c21-17-8-6-16(7-9-17)20(25)10-14-24(15-11-20)13-3-12-23-28(26,27)19-5-2-1-4-18(19)22/h1-2,4-9,23,25H,3,10-15H2	"""AuxInfo=1/0/N:26,27,6,25,28,14,19,15,18,10,20,5,7,9,21,13,16,23,22,11,17,24,4,8,12,1,3,2/E:(6,7)(8,9)(10,11)(14,15)(26,27)/CRV:28.6/rA:28OSONCCCNCCCOCCCCClCCCCCCClCCCC/rB:d1;d2;s2;s4;s5;s6;s7;s8;s9;s10;s11;s11;d13;s14;d15;s16;s16;s13d18;s11;s8s20;s2;d22;s23;s23;d25;s26;s22d27;/rC:;;;;;;;;;;;;;;;;;;;;;;;;;;;;"""	P32246_WT	ChEMBL:CHEMBL2413;ChEMBL:CHEMBL2413	P32246	WT	CHEMBL933432;CHEMBL933431	PMID:18329267	2008.0	PMID:18329267	2008	1	0	0	0	0		=	  7.400;  6.960	7.18	0.22	0.22	2.0	7.18	0.22	CCRs_HUMAN_annotated_02348	True
InChI=1S/C20H24Cl2N6O3S/c1-13-2-6-28(7-3-13)20(29)17(4-8-27-9-5-25-18(27)12-23)26-32(30,31)14-10-15(21)19(24)16(22)11-14/h5,9-11,13,17,26H,2-4,6-8,24H2,1H3_on_P46092_WT	High	ChEMBL31	ChEMBL31.compound.307653	CC1CCN(C(=O)C(CCn2ccnc2C#N)NS(=O)(=O)c2cc(Cl)c(N)c(Cl)c2)CC1	OEQVZEWITHEYQJ-UHFFFAOYSA-N	InChI=1S/C20H24Cl2N6O3S/c1-13-2-6-28(7-3-13)20(29)17(4-8-27-9-5-25-18(27)12-23)26-32(30,31)14-10-15(21)19(24)16(22)11-14/h5,9-11,13,17,26H,2-4,6-8,24H2,1H3	"""AuxInfo=1/0/N:1,3,32,9,13,4,31,10,12,23,30,16,2,22,24,28,8,15,26,6,25,29,17,27,14,18,11,5,7,20,21,19/E:(2,3)(6,7)(10,11)(15,16)(21,22)(30,31)/CRV:32.6/rA:32CCCCNCOCCCNCCNCCNNSOOCCCClCNCClCCC/rB:s1;s2;s3;s4;s5;d6;s6;s8;s9;s10;s11;d12;s13;s11d14;s15;t16;s8;s18;d19;d19;s19;d22;s23;s24;d24;s26;s26;s28;s22d28;s5;s2s31;/rC:;;;;;;;;;;;;;;;;;;;;;;;;;;;;;;;;"""	P46092_WT	ChEMBL:CHEMBL2321628	P46092	WT	CHEMBL3863299	PMID:27692854	2016.0	PMID:27692854	2016	1	0	0	0	0		=	  6.300	6.3	0.0	0.0	1.0	6.3	0.0	CCRs_HUMAN_annotated_02352	True
InChI=1S/C20H24Cl2N6O3S/c1-13-3-7-27(8-4-13)20(29)18(5-9-28-14(12-23)2-6-25-28)26-32(30,31)15-10-16(21)19(24)17(22)11-15/h2,6,10-11,13,18,26H,3-5,7-9,24H2,1H3_on_P46092_WT	High	ChEMBL31	ChEMBL31.compound.307660	CC1CCN(C(=O)C(CCn2nccc2C#N)NS(=O)(=O)c2cc(Cl)c(N)c(Cl)c2)CC1	AJOHGFSOOMQDMR-UHFFFAOYSA-N	InChI=1S/C20H24Cl2N6O3S/c1-13-3-7-27(8-4-13)20(29)18(5-9-28-14(12-23)2-6-25-28)26-32(30,31)15-10-16(21)19(24)17(22)11-15/h2,6,10-11,13,18,26H,3-5,7-9,24H2,1H3	"""AuxInfo=1/0/N:1,14,3,32,9,13,4,31,10,23,30,16,2,15,22,24,28,8,26,6,25,29,17,27,12,18,5,11,7,20,21,19/E:(3,4)(7,8)(10,11)(16,17)(21,22)(30,31)/CRV:32.6/rA:32CCCCNCOCCCNNCCCCNNSOOCCCClCNCClCCC/rB:s1;s2;s3;s4;s5;d6;s6;s8;s9;s10;s11;d12;s13;s11d14;s15;t16;s8;s18;d19;d19;s19;d22;s23;s24;d24;s26;s26;s28;s22d28;s5;s2s31;/rC:;;;;;;;;;;;;;;;;;;;;;;;;;;;;;;;;"""	P46092_WT	ChEMBL:CHEMBL2321628	P46092	WT	CHEMBL3863299	PMID:27692854	2016.0	PMID:27692854	2016	1	0	0	0	0		=	  7.200	7.2	0.0	0.0	1.0	7.2	0.0	CCRs_HUMAN_annotated_02353	True
InChI=1S/C20H24ClFN2O3S/c21-17-4-2-16(3-5-17)20(25)10-14-24(15-11-20)13-1-12-23-28(26,27)19-8-6-18(22)7-9-19/h2-9,23,25H,1,10-15H2_on_P32246_WT	High	ChEMBL31	ChEMBL31.compound.92294	O=S(=O)(NCCCN1CCC(O)(c2ccc(Cl)cc2)CC1)c1ccc(F)cc1	IYHSUCFGABYZMU-UHFFFAOYSA-N	InChI=1S/C20H24ClFN2O3S/c21-17-4-2-16(3-5-17)20(25)10-14-24(15-11-20)13-1-12-23-28(26,27)19-8-6-18(22)7-9-19/h2-9,23,25H,1,10-15H2	"""AuxInfo=1/0/N:6,14,19,15,18,24,27,23,28,10,20,5,7,9,21,13,16,25,22,11,17,26,4,8,12,1,3,2/E:(2,3)(4,5)(6,7)(8,9)(10,11)(14,15)(26,27)/CRV:28.6/rA:28OSONCCCNCCCOCCCCClCCCCCCCCFCC/rB:d1;d2;s2;s4;s5;s6;s7;s8;s9;s10;s11;s11;d13;s14;d15;s16;s16;s13d18;s11;s8s20;s2;d22;s23;d24;s25;s25;s22d27;/rC:;;;;;;;;;;;;;;;;;;;;;;;;;;;;"""	P32246_WT	ChEMBL:CHEMBL2413;ChEMBL:CHEMBL2413	P32246	WT	CHEMBL933431;CHEMBL933432	PMID:18329267	2008.0	PMID:18329267	2008	1	0	0	0	0		=	  6.040;  6.680	6.36	0.32	0.32	2.0	6.36	0.32	CCRs_HUMAN_annotated_02356	True
InChI=1S/C20H24ClFN2O3S/c21-17-8-6-16(7-9-17)20(25)10-14-24(15-11-20)13-3-12-23-28(26,27)19-5-2-1-4-18(19)22/h1-2,4-9,23,25H,3,10-15H2_on_P32246_WT	High	ChEMBL31	ChEMBL31.compound.92293	O=S(=O)(NCCCN1CCC(O)(c2ccc(Cl)cc2)CC1)c1c(F)cccc1	ZNLRVBNIGQIAKD-UHFFFAOYSA-N	InChI=1S/C20H24ClFN2O3S/c21-17-8-6-16(7-9-17)20(25)10-14-24(15-11-20)13-3-12-23-28(26,27)19-5-2-1-4-18(19)22/h1-2,4-9,23,25H,3,10-15H2	"""AuxInfo=1/0/N:26,27,6,25,28,14,19,15,18,10,20,5,7,9,21,13,16,23,22,11,17,24,4,8,12,1,3,2/E:(6,7)(8,9)(10,11)(14,15)(26,27)/CRV:28.6/rA:28OSONCCCNCCCOCCCCClCCCCCCFCCCC/rB:d1;d2;s2;s4;s5;s6;s7;s8;s9;s10;s11;s11;d13;s14;d15;s16;s16;s13d18;s11;s8s20;s2;d22;s23;s23;d25;s26;s22d27;/rC:;;;;;;;;;;;;;;;;;;;;;;;;;;;;"""	P32246_WT	ChEMBL:CHEMBL2413;ChEMBL:CHEMBL2413	P32246	WT	CHEMBL933431;CHEMBL933432	PMID:18329267	2008.0	PMID:18329267	2008	1	0	0	0	0		=	  6.240;  7.100	6.67	0.43	0.43	2.0	6.67	0.43	CCRs_HUMAN_annotated_02357	True
InChI=1S/C20H25ClN2O3S/c21-18-9-7-17(8-10-18)20(24)11-15-23(16-12-20)14-4-13-22-27(25,26)19-5-2-1-3-6-19/h1-3,5-10,22,24H,4,11-16H2_on_P32246_WT	High	ChEMBL31	ChEMBL31.compound.92288	O=S(=O)(NCCCN1CCC(O)(c2ccc(Cl)cc2)CC1)c1ccccc1	VHKQMVRYKPZJFI-UHFFFAOYSA-N	InChI=1S/C20H25ClN2O3S/c21-18-9-7-17(8-10-18)20(24)11-15-23(16-12-20)14-4-13-22-27(25,26)19-5-2-1-3-6-19/h1-3,5-10,22,24H,4,11-16H2	"""AuxInfo=1/0/N:25,24,26,6,23,27,14,19,15,18,10,20,5,7,9,21,13,16,22,11,17,4,8,12,1,3,2/E:(2,3)(5,6)(7,8)(9,10)(11,12)(15,16)(25,26)/CRV:27.6/rA:27OSONCCCNCCCOCCCCClCCCCCCCCCC/rB:d1;d2;s2;s4;s5;s6;s7;s8;s9;s10;s11;s11;d13;s14;d15;s16;s16;s13d18;s11;s8s20;s2;d22;s23;d24;s25;s22d26;/rC:;;;;;;;;;;;;;;;;;;;;;;;;;;;"""	P32246_WT	ChEMBL:CHEMBL2413;ChEMBL:CHEMBL2413	P32246	WT	CHEMBL933432;CHEMBL933431	PMID:18329267	2008.0	PMID:18329267	2008	1	0	0	0	0		=	  7.050;  6.520	6.785	0.265	0.265	2.0	6.785	0.265	CCRs_HUMAN_annotated_02393	True
InChI=1S/C20H25NO3/c1-3-14-9-11-16(12-10-14)21-18(15-7-5-4-6-8-15)17(13(2)22)19(23)20(21)24/h9-12,15,18,23H,3-8H2,1-2H3_on_P32246_WT	High	ChEMBL31	ChEMBL31.compound.414402	CCc1ccc(N2C(=O)C(O)=C(C(C)=O)C2C2CCCCC2)cc1	BEQGFVPZWNNTIW-UHFFFAOYSA-N	InChI=1S/C20H25NO3/c1-3-14-9-11-16(12-10-14)21-18(15-7-5-4-6-8-15)17(13(2)22)19(23)20(21)24/h9-12,15,18,23H,3-8H2,1-2H3	"""AuxInfo=1/0/N:1,14,2,20,19,21,18,22,4,24,5,23,13,3,17,6,12,16,10,8,7,15,11,9/E:(5,6)(7,8)(9,10)(11,12)/rA:24CCCCCCNCOCOCCCOCCCCCCCCC/rB:s1;s2;d3;s4;d5;s6;s7;d8;s8;s10;w?10;s12;s13;d13;s7s12;s16;s17;s18;s19;s20;s17s21;s6;s3d23;/rC:;;;;;;;;;;;;;;;;;;;;;;;;"""	P32246_WT	ChEMBL:CHEMBL2413;ChEMBL:CHEMBL2413	P32246	WT	CHEMBL4371695	PMID:30256641	2018.0	PMID:30256641	2018	0	0	0	1	0		=	  6.780;  6.780	6.78	0.0	0.0	2.0	6.78	0.0	CCRs_HUMAN_annotated_02421	True
InChI=1S/C20H25NO3/c1-3-14-9-11-16(12-10-14)21-18(15-7-5-4-6-8-15)17(13(2)22)19(23)20(21)24/h9-12,15,18,23H,3-8H2,1-2H3_on_P41597_WT	High	ChEMBL31	ChEMBL31.compound.414402	CCc1ccc(N2C(=O)C(O)=C(C(C)=O)C2C2CCCCC2)cc1	BEQGFVPZWNNTIW-UHFFFAOYSA-N	InChI=1S/C20H25NO3/c1-3-14-9-11-16(12-10-14)21-18(15-7-5-4-6-8-15)17(13(2)22)19(23)20(21)24/h9-12,15,18,23H,3-8H2,1-2H3	"""AuxInfo=1/0/N:1,14,2,20,19,21,18,22,4,24,5,23,13,3,17,6,12,16,10,8,7,15,11,9/E:(5,6)(7,8)(9,10)(11,12)/rA:24CCCCCCNCOCOCCCOCCCCCCCCC/rB:s1;s2;d3;s4;d5;s6;s7;d8;s8;s10;w?10;s12;s13;d13;s7s12;s16;s17;s18;s19;s20;s17s21;s6;s3d23;/rC:;;;;;;;;;;;;;;;;;;;;;;;;"""	P41597_WT	ChEMBL:CHEMBL4015;ChEMBL:CHEMBL4015	P41597	WT	CHEMBL4371696	PMID:30256641	2018.0	PMID:30256641	2018	0	0	0	1	0		=	  7.190;  7.180	7.185	0.005	0.005	2.0	7.185	0.005	CCRs_HUMAN_annotated_02422	True
InChI=1S/C20H25NO3/c1-3-16(22)17-18(14-7-5-4-6-8-14)21(20(24)19(17)23)15-11-9-13(2)10-12-15/h9-12,14,18,23H,3-8H2,1-2H3_on_P32246_WT	High	ChEMBL31	ChEMBL31.compound.414408	CCC(=O)C1=C(O)C(=O)N(c2ccc(C)cc2)C1C1CCCCC1	CIVHCWKAUJYNDC-UHFFFAOYSA-N	InChI=1S/C20H25NO3/c1-3-16(22)17-18(14-7-5-4-6-8-14)21(20(24)19(17)23)15-11-9-13(2)10-12-15/h9-12,14,18,23H,3-8H2,1-2H3	"""AuxInfo=1/0/N:1,15,2,22,21,23,20,24,13,16,12,17,14,19,11,3,5,18,6,8,10,4,7,9/E:(5,6)(7,8)(9,10)(11,12)/rA:24CCCOCCOCONCCCCCCCCCCCCCC/rB:s1;s2;d3;s3;w?5;s6;s6;d8;s8;s10;d11;s12;d13;s14;s14;s11d16;s5s10;s18;s19;s20;s21;s22;s19s23;/rC:;;;;;;;;;;;;;;;;;;;;;;;;"""	P32246_WT	ChEMBL:CHEMBL2413;ChEMBL:CHEMBL2413	P32246	WT	CHEMBL4371695	PMID:30256641	2018.0	PMID:30256641	2018	0	0	0	1	0		=	  7.520;  7.520	7.52	0.0	0.0	2.0	7.52	0.0	CCRs_HUMAN_annotated_02423	True
InChI=1S/C20H25NO3/c1-3-16(22)17-18(14-7-5-4-6-8-14)21(20(24)19(17)23)15-11-9-13(2)10-12-15/h9-12,14,18,23H,3-8H2,1-2H3_on_P41597_WT	High	ChEMBL31	ChEMBL31.compound.414408	CCC(=O)C1=C(O)C(=O)N(c2ccc(C)cc2)C1C1CCCCC1	CIVHCWKAUJYNDC-UHFFFAOYSA-N	InChI=1S/C20H25NO3/c1-3-16(22)17-18(14-7-5-4-6-8-14)21(20(24)19(17)23)15-11-9-13(2)10-12-15/h9-12,14,18,23H,3-8H2,1-2H3	"""AuxInfo=1/0/N:1,15,2,22,21,23,20,24,13,16,12,17,14,19,11,3,5,18,6,8,10,4,7,9/E:(5,6)(7,8)(9,10)(11,12)/rA:24CCCOCCOCONCCCCCCCCCCCCCC/rB:s1;s2;d3;s3;w?5;s6;s6;d8;s8;s10;d11;s12;d13;s14;s14;s11d16;s5s10;s18;s19;s20;s21;s22;s19s23;/rC:;;;;;;;;;;;;;;;;;;;;;;;;"""	P41597_WT	ChEMBL:CHEMBL4015;ChEMBL:CHEMBL4015	P41597	WT	CHEMBL4371696	PMID:30256641	2018.0	PMID:30256641	2018	0	0	0	1	0		=	  6.990;  6.980	6.985	0.005	0.005	2.0	6.985	0.005	CCRs_HUMAN_annotated_02424	True
InChI=1S/C20H25NO3/c1-12-9-10-16(11-13(12)2)21-18(15-7-5-4-6-8-15)17(14(3)22)19(23)20(21)24/h9-11,15,18,23H,4-8H2,1-3H3_on_P32246_WT	High	ChEMBL31	ChEMBL31.compound.414391	CC(=O)C1=C(O)C(=O)N(c2cc(C)c(C)cc2)C1C1CCCCC1	QITUABVWECHKHY-UHFFFAOYSA-N	InChI=1S/C20H25NO3/c1-12-9-10-16(11-13(12)2)21-18(15-7-5-4-6-8-15)17(14(3)22)19(23)20(21)24/h9-11,15,18,23H,4-8H2,1-3H3	"""AuxInfo=1/0/N:15,13,1,22,21,23,20,24,16,17,11,14,12,2,19,10,4,18,5,7,9,3,6,8/E:(5,6)(7,8)/rA:24CCOCCOCONCCCCCCCCCCCCCCC/rB:s1;d2;s2;w?4;s5;s5;d7;s7;s9;d10;s11;s12;d12;s14;s14;s10d16;s4s9;s18;s19;s20;s21;s22;s19s23;/rC:;;;;;;;;;;;;;;;;;;;;;;;;"""	P32246_WT	ChEMBL:CHEMBL2413;ChEMBL:CHEMBL2413	P32246	WT	CHEMBL4371695	PMID:30256641	2018.0	PMID:30256641	2018	0	0	0	1	0		=	  7.370;  7.370	7.37	0.0	0.0	2.0	7.37	0.0	CCRs_HUMAN_annotated_02425	True
InChI=1S/C20H25NO3/c1-12-9-10-16(11-13(12)2)21-18(15-7-5-4-6-8-15)17(14(3)22)19(23)20(21)24/h9-11,15,18,23H,4-8H2,1-3H3_on_P41597_WT	High	ChEMBL31	ChEMBL31.compound.414391	CC(=O)C1=C(O)C(=O)N(c2cc(C)c(C)cc2)C1C1CCCCC1	QITUABVWECHKHY-UHFFFAOYSA-N	InChI=1S/C20H25NO3/c1-12-9-10-16(11-13(12)2)21-18(15-7-5-4-6-8-15)17(14(3)22)19(23)20(21)24/h9-11,15,18,23H,4-8H2,1-3H3	"""AuxInfo=1/0/N:15,13,1,22,21,23,20,24,16,17,11,14,12,2,19,10,4,18,5,7,9,3,6,8/E:(5,6)(7,8)/rA:24CCOCCOCONCCCCCCCCCCCCCCC/rB:s1;d2;s2;w?4;s5;s5;d7;s7;s9;d10;s11;s12;d12;s14;s14;s10d16;s4s9;s18;s19;s20;s21;s22;s19s23;/rC:;;;;;;;;;;;;;;;;;;;;;;;;"""	P41597_WT	ChEMBL:CHEMBL4015;ChEMBL:CHEMBL4015	P41597	WT	CHEMBL4371696	PMID:30256641	2018.0	PMID:30256641	2018	0	0	0	1	0		=	  7.750;  7.750	7.75	0.0	0.0	2.0	7.75	0.0	CCRs_HUMAN_annotated_02426	True
InChI=1S/C20H25NO3/c1-13-9-11-16(12-10-13)21-18(15-7-5-3-4-6-8-15)17(14(2)22)19(23)20(21)24/h9-12,15,18,23H,3-8H2,1-2H3_on_P32246_WT	High	ChEMBL31	ChEMBL31.compound.414384	CC(=O)C1=C(O)C(=O)N(c2ccc(C)cc2)C1C1CCCCCC1	NCNDLXYPRYBKTC-UHFFFAOYSA-N	InChI=1S/C20H25NO3/c1-13-9-11-16(12-10-13)21-18(15-7-5-3-4-6-8-15)17(14(2)22)19(23)20(21)24/h9-12,15,18,23H,3-8H2,1-2H3	"""AuxInfo=1/0/N:14,1,21,22,20,23,19,24,12,15,11,16,13,2,18,10,4,17,5,7,9,3,6,8/E:(3,4)(5,6)(7,8)(9,10)(11,12)/rA:24CCOCCOCONCCCCCCCCCCCCCCC/rB:s1;d2;s2;w?4;s5;s5;d7;s7;s9;d10;s11;d12;s13;s13;s10d15;s4s9;s17;s18;s19;s20;s21;s22;s18s23;/rC:;;;;;;;;;;;;;;;;;;;;;;;;"""	P32246_WT	ChEMBL:CHEMBL2413;ChEMBL:CHEMBL2413	P32246	WT	CHEMBL4371695	PMID:30256641	2018.0	PMID:30256641	2018	0	0	0	1	0		=	  7.250;  7.260	7.255	0.005	0.005	2.0	7.255	0.005	CCRs_HUMAN_annotated_02427	True
InChI=1S/C20H25NO3/c1-13-9-11-16(12-10-13)21-18(15-7-5-3-4-6-8-15)17(14(2)22)19(23)20(21)24/h9-12,15,18,23H,3-8H2,1-2H3_on_P41597_WT	High	ChEMBL31	ChEMBL31.compound.414384	CC(=O)C1=C(O)C(=O)N(c2ccc(C)cc2)C1C1CCCCCC1	NCNDLXYPRYBKTC-UHFFFAOYSA-N	InChI=1S/C20H25NO3/c1-13-9-11-16(12-10-13)21-18(15-7-5-3-4-6-8-15)17(14(2)22)19(23)20(21)24/h9-12,15,18,23H,3-8H2,1-2H3	"""AuxInfo=1/0/N:14,1,21,22,20,23,19,24,12,15,11,16,13,2,18,10,4,17,5,7,9,3,6,8/E:(3,4)(5,6)(7,8)(9,10)(11,12)/rA:24CCOCCOCONCCCCCCCCCCCCCCC/rB:s1;d2;s2;w?4;s5;s5;d7;s7;s9;d10;s11;d12;s13;s13;s10d15;s4s9;s17;s18;s19;s20;s21;s22;s18s23;/rC:;;;;;;;;;;;;;;;;;;;;;;;;"""	P41597_WT	ChEMBL:CHEMBL4015;ChEMBL:CHEMBL4015	P41597	WT	CHEMBL4371696	PMID:30256641	2018.0	PMID:30256641	2018	0	0	0	1	0		=	  7.020;  7.020	7.02	0.0	0.0	2.0	7.02	0.0	CCRs_HUMAN_annotated_02428	True
InChI=1S/C20H25NO4/c1-3-25-20(24)16-17(14-7-5-4-6-8-14)21(19(23)18(16)22)15-11-9-13(2)10-12-15/h9-12,14,17,22H,3-8H2,1-2H3_on_P32246_WT	High	ChEMBL31	ChEMBL31.compound.414413	CCOC(=O)C1=C(O)C(=O)N(c2ccc(C)cc2)C1C1CCCCC1	RLMGQZOUXZOSKE-UHFFFAOYSA-N	InChI=1S/C20H25NO4/c1-3-25-20(24)16-17(14-7-5-4-6-8-14)21(19(23)18(16)22)15-11-9-13(2)10-12-15/h9-12,14,17,22H,3-8H2,1-2H3	"""AuxInfo=1/0/N:1,16,2,23,22,24,21,25,14,17,13,18,15,20,12,6,19,7,9,4,11,8,10,5,3/E:(5,6)(7,8)(9,10)(11,12)/rA:25CCOCOCCOCONCCCCCCCCCCCCCC/rB:s1;s2;s3;d4;s4;w?6;s7;s7;d9;s9;s11;d12;s13;d14;s15;s15;s12d17;s6s11;s19;s20;s21;s22;s23;s20s24;/rC:;;;;;;;;;;;;;;;;;;;;;;;;;"""	P32246_WT	ChEMBL:CHEMBL2413;ChEMBL:CHEMBL2413	P32246	WT	CHEMBL4371695	PMID:30256641	2018.0	PMID:30256641	2018	0	0	0	1	0		=	  6.700;  6.700	6.7	0.0	0.0	2.0	6.7	0.0	CCRs_HUMAN_annotated_02429	True
InChI=1S/C20H26Cl2N4O3S/c1-14-4-10-26(11-5-14)20(27)18(6-9-25-7-2-3-8-25)24-30(28,29)15-12-16(21)19(23)17(22)13-15/h2-3,7-8,12-14,18,24H,4-6,9-11,23H2,1H3_on_P46092_WT	High	ChEMBL31	ChEMBL31.compound.307657	CC1CCN(C(=O)C(CCn2cccc2)NS(=O)(=O)c2cc(Cl)c(N)c(Cl)c2)CC1	RVJBPCUWQVZYTR-UHFFFAOYSA-N	InChI=1S/C20H26Cl2N4O3S/c1-14-4-10-26(11-5-14)20(27)18(6-9-25-7-2-3-8-25)24-30(28,29)15-12-16(21)19(23)17(22)13-15/h2-3,7-8,12-14,18,24H,4-6,9-11,23H2,1H3	"""AuxInfo=1/0/N:1,13,14,3,30,9,12,15,10,4,29,21,28,2,20,22,26,8,24,6,23,27,25,16,11,5,7,18,19,17/E:(2,3)(4,5)(7,8)(10,11)(12,13)(16,17)(21,22)(28,29)/CRV:30.6/rA:30CCCCNCOCCCNCCCCNSOOCCCClCNCClCCC/rB:s1;s2;s3;s4;s5;d6;s6;s8;s9;s10;s11;d12;s13;s11d14;s8;s16;d17;d17;s17;d20;s21;s22;d22;s24;s24;s26;s20d26;s5;s2s29;/rC:;;;;;;;;;;;;;;;;;;;;;;;;;;;;;;"""	P46092_WT	ChEMBL:CHEMBL2321628	P46092	WT	CHEMBL3863299	PMID:27692854	2016.0	PMID:27692854	2016	1	0	0	0	0		=	  5.400	5.4	0.0	0.0	1.0	5.4	0.0	CCRs_HUMAN_annotated_02432	True
InChI=1S/C21H14ClN3O4S/c22-16-3-6-19(18(11-16)21(26)15-7-9-23-10-8-15)25-30(27,28)17-4-1-14(2-5-17)20-12-24-13-29-20/h1-13,25H_on_P51686_WT	Low	ChEMBL31	ChEMBL31.compound.1070711	O=C(c1ccncc1)c1cc(Cl)ccc1NS(=O)(=O)c1ccc(-c2cnco2)cc1	RTKDFNSPSDEHEI-UHFFFAOYSA-N	InChI=1S/C21H14ClN3O4S/c22-16-3-6-19(18(11-16)21(26)15-7-9-23-10-8-15)25-30(27,28)17-4-1-14(2-5-17)20-12-24-13-29-20/h1-13,25H	"""AuxInfo=1/0/N:22,29,13,21,30,14,4,8,5,7,10,25,27,23,3,11,20,9,15,24,2,12,6,26,16,1,18,19,28,17/E:(1,2)(4,5)(7,8)(9,10)(27,28)/CRV:30.6/rA:30OCCCCNCCCCCClCCCNSOOCCCCCCNCOCC/rB:d1;s2;d3;s4;d5;s6;s3d7;s2;d9;s10;s11;d11;s13;s9d14;s15;s16;d17;d17;s17;d20;s21;d22;s23;d24;s25;d26;s24s27;s23;s20d29;/rC:;;;;;;;;;;;;;;;;;;;;;;;;;;;;;;"""	P51686_WT	ChEMBL:CHEMBL5815;ChEMBL:CHEMBL5815	P51686	WT	CHEMBL3721193;CHEMBL3721192	PATENT:US7420055B2	2008.0	PATENT:US7420055B2	2008	1	0	0	0	0		>	  6.000;  6.000	6.0	0.0	0.0	2.0	6.0	0.0	CCRs_HUMAN_annotated_02550	True
InChI=1S/C21H14ClN3O4S/c22-16-3-6-19(18(13-16)20(26)14-7-9-23-10-8-14)25-30(27,28)17-4-1-15(2-5-17)21-24-11-12-29-21/h1-13,25H_on_P51686_WT	Low	ChEMBL31	ChEMBL31.compound.1070769	O=C(c1ccncc1)c1cc(Cl)ccc1NS(=O)(=O)c1ccc(-c2ncco2)cc1	NNCITNBVLCUINN-UHFFFAOYSA-N	InChI=1S/C21H14ClN3O4S/c22-16-3-6-19(18(13-16)20(26)14-7-9-23-10-8-14)25-30(27,28)17-4-1-15(2-5-17)21-24-11-12-29-21/h1-13,25H	"""AuxInfo=1/0/N:22,29,13,21,30,14,4,8,5,7,26,27,10,3,23,11,20,9,15,2,24,12,6,25,16,1,18,19,28,17/E:(1,2)(4,5)(7,8)(9,10)(27,28)/CRV:30.6/rA:30OCCCCNCCCCCClCCCNSOOCCCCCNCCOCC/rB:d1;s2;d3;s4;d5;s6;s3d7;s2;d9;s10;s11;d11;s13;s9d14;s15;s16;d17;d17;s17;d20;s21;d22;s23;d24;s25;d26;s24s27;s23;s20d29;/rC:;;;;;;;;;;;;;;;;;;;;;;;;;;;;;;"""	P51686_WT	ChEMBL:CHEMBL5815;ChEMBL:CHEMBL5815	P51686	WT	CHEMBL3721192;CHEMBL3721193	PATENT:US7420055B2	2008.0	PATENT:US7420055B2	2008	1	0	0	0	0		>	  6.000;  6.000	6.0	0.0	0.0	2.0	6.0	0.0	CCRs_HUMAN_annotated_02551	True
InChI=1S/C21H14ClN3O4S/c22-16-5-8-19(18(10-16)21(26)15-2-1-9-23-11-15)25-30(27,28)17-6-3-14(4-7-17)20-12-24-13-29-20/h1-13,25H_on_P51686_WT	High	ChEMBL31	ChEMBL31.compound.285502	O=C(c1cccnc1)c1cc(Cl)ccc1NS(=O)(=O)c1ccc(-c2cnco2)cc1	QJUUWDZFLQPPJZ-UHFFFAOYSA-N	InChI=1S/C21H14ClN3O4S/c22-16-5-8-19(18(10-16)21(26)15-2-1-9-23-11-15)25-30(27,28)17-6-3-14(4-7-17)20-12-24-13-29-20/h1-13,25H	"""AuxInfo=1/0/N:5,4,22,29,13,21,30,14,6,10,8,25,27,23,3,11,20,9,15,24,2,12,7,26,16,1,18,19,28,17/E:(3,4)(6,7)(27,28)/CRV:30.6/rA:30OCCCCCNCCCCClCCCNSOOCCCCCCNCOCC/rB:d1;s2;d3;s4;d5;s6;s3d7;s2;d9;s10;s11;d11;s13;s9d14;s15;s16;d17;d17;s17;d20;s21;d22;s23;d24;s25;d26;s24s27;s23;s20d29;/rC:;;;;;;;;;;;;;;;;;;;;;;;;;;;;;;"""	P51686_WT	ChEMBL:CHEMBL5815;ChEMBL:CHEMBL5815	P51686	WT	CHEMBL3721196;CHEMBL3721199	PATENT:US7420055B2	2008.0	PATENT:US7582661B2	2009	1	0	0	0	0		=	  7.000;  7.000	7.0	0.0	0.0	2.0	7.0	0.0	CCRs_HUMAN_annotated_02552	True
InChI=1S/C21H14ClN3O4S/c22-16-5-8-19(18(10-16)21(26)15-2-1-9-23-11-15)25-30(27,28)17-6-3-14(4-7-17)20-12-29-13-24-20/h1-13,25H_on_P51686_WT	High	ChEMBL31	ChEMBL31.compound.285480	O=C(c1cccnc1)c1cc(Cl)ccc1NS(=O)(=O)c1ccc(-c2cocn2)cc1	IMYJPUGGLYFQDO-UHFFFAOYSA-N	InChI=1S/C21H14ClN3O4S/c22-16-5-8-19(18(10-16)21(26)15-2-1-9-23-11-15)25-30(27,28)17-6-3-14(4-7-17)20-12-29-13-24-20/h1-13,25H	"""AuxInfo=1/0/N:5,4,22,29,13,21,30,14,6,10,8,25,27,23,3,11,20,9,15,24,2,12,7,28,16,1,18,19,26,17/E:(3,4)(6,7)(27,28)/CRV:30.6/rA:30OCCCCCNCCCCClCCCNSOOCCCCCCOCNCC/rB:d1;s2;d3;s4;d5;s6;s3d7;s2;d9;s10;s11;d11;s13;s9d14;s15;s16;d17;d17;s17;d20;s21;d22;s23;d24;s25;s26;s24d27;s23;s20d29;/rC:;;;;;;;;;;;;;;;;;;;;;;;;;;;;;;"""	P51686_WT	ChEMBL:CHEMBL5815;ChEMBL:CHEMBL5815	P51686	WT	CHEMBL3721196;CHEMBL3721199	PATENT:US7420055B2	2008.0	PATENT:US7582661B2	2009	1	0	0	0	0		=	  7.000;  7.000	7.0	0.0	0.0	2.0	7.0	0.0	CCRs_HUMAN_annotated_02553	True
InChI=1S/C21H14ClN3O5S/c22-16-3-6-19(18(11-16)21(26)15-7-9-25(27)10-8-15)24-31(28,29)17-4-1-14(2-5-17)20-12-23-13-30-20/h1-13,24H_on_P51686_WT	High	ChEMBL31	ChEMBL31.compound.285491	O=C(c1cc[n+]([O-])cc1)c1cc(Cl)ccc1NS(=O)(=O)c1ccc(-c2cnco2)cc1	XUJUCCPEGCMXSR-UHFFFAOYSA-N	InChI=1S/C21H14ClN3O5S/c22-16-3-6-19(18(11-16)21(26)15-7-9-25(27)10-8-15)24-31(28,29)17-4-1-14(2-5-17)20-12-23-13-30-20/h1-13,24H	"""AuxInfo=1/0/N:23,30,14,22,31,15,4,9,5,8,11,26,28,24,3,12,21,10,16,25,2,13,27,17,6,1,7,19,20,29,18/E:(1,2)(4,5)(7,8)(9,10)(28,29)/CRV:25.5,31.6/rA:31OCCCCN+O-CCCCCClCCCNSOOCCCCCCNCOCC/rB:d1;s2;d3;s4;d5;s6;s6;s3d8;s2;d10;s11;s12;d12;s14;s10d15;s16;s17;d18;d18;s18;d21;s22;d23;s24;d25;s26;d27;s25s28;s24;s21d30;/rC:;;;;;;;;;;;;;;;;;;;;;;;;;;;;;;;"""	P51686_WT	ChEMBL:CHEMBL5815;ChEMBL:CHEMBL5815	P51686	WT	CHEMBL3721196;CHEMBL3721199	PATENT:US7420055B2	2008.0	PATENT:US7582661B2	2009	1	0	0	0	0		=	  7.000;  7.000	7.0	0.0	0.0	2.0	7.0	0.0	CCRs_HUMAN_annotated_02554	True
InChI=1S/C21H15ClN4O4S/c1-13-24-25-21(30-13)15-3-2-4-17(11-15)31(28,29)26-19-6-5-16(22)12-18(19)20(27)14-7-9-23-10-8-14/h2-12,26H,1H3_on_P51686_WT	High	ChEMBL31	ChEMBL31.compound.285470	Cc1nnc(-c2cccc(S(=O)(=O)Nc3ccc(Cl)cc3C(=O)c3ccncc3)c2)o1	ZQHDSXGBCRTQDU-UHFFFAOYSA-N	InChI=1S/C21H15ClN4O4S/c1-13-24-25-21(30-13)15-3-2-4-17(11-15)31(28,29)26-19-6-5-16(22)12-18(19)20(27)14-7-9-23-10-8-14/h2-12,26H,1H3	"""AuxInfo=1/0/N:1,8,7,9,17,16,25,29,26,28,30,20,2,24,6,18,10,21,15,22,5,19,27,3,4,14,23,12,13,31,11/E:(7,8)(9,10)(28,29)/CRV:31.6/rA:31CCNNCCCCCCSOONCCCCClCCCOCCCNCCCO/rB:s1;d2;s3;d4;s5;d6;s7;d8;s9;s10;d11;d11;s11;s14;d15;s16;d17;s18;s18;s15d20;s21;d22;s22;d24;s25;d26;s27;s24d28;s6d10;s2s5;/rC:;;;;;;;;;;;;;;;;;;;;;;;;;;;;;;;"""	P51686_WT	ChEMBL:CHEMBL5815;ChEMBL:CHEMBL5815	P51686	WT	CHEMBL3721199;CHEMBL3721196	PATENT:US7420055B2	2008.0	PATENT:US7582661B2	2009	1	0	0	0	0		=	  6.000;  6.000	6.0	0.0	0.0	2.0	6.0	0.0	CCRs_HUMAN_annotated_02568	True
InChI=1S/C21H17ClN2O4S/c1-13-3-4-16(12-23-13)21(26)19-11-17(22)7-10-20(19)24-29(27,28)18-8-5-15(6-9-18)14(2)25/h3-12,24H,1-2H3_on_P51686_WT	High	ChEMBL31	ChEMBL31.compound.285465	CC(=O)c1ccc(S(=O)(=O)Nc2ccc(Cl)cc2C(=O)c2cnc(C)cc2)cc1	HKMPLSIYHIFSIE-UHFFFAOYSA-N	InChI=1S/C21H17ClN2O4S/c1-13-3-4-16(12-23-13)21(26)19-11-17(22)7-10-20(19)24-29(27,28)18-8-5-15(6-9-18)14(2)25/h3-12,24H,1-2H3	"""AuxInfo=1/0/N:25,1,26,27,5,29,14,6,28,13,17,22,24,2,4,21,15,7,18,12,19,16,23,11,3,20,9,10,8/E:(5,6)(8,9)(27,28)/CRV:29.6/rA:29CCOCCCCSOONCCCCClCCCOCCNCCCCCC/rB:s1;d2;s2;d4;s5;d6;s7;d8;d8;s8;s11;d12;s13;d14;s15;s15;s12d17;s18;d19;s19;d21;s22;d23;s24;s24;s21d26;s7;s4d28;/rC:;;;;;;;;;;;;;;;;;;;;;;;;;;;;;"""	P51686_WT	ChEMBL:CHEMBL5815;ChEMBL:CHEMBL5815	P51686	WT	CHEMBL3721199;CHEMBL3721196	PATENT:US7420055B2	2008.0	PATENT:US7582661B2	2009	1	0	0	0	0		=	  6.000;  6.000	6.0	0.0	0.0	2.0	6.0	0.0	CCRs_HUMAN_annotated_02593	True
InChI=1S/C21H17ClN2O4S/c1-13-11-16(9-10-23-13)21(26)19-12-17(22)5-8-20(19)24-29(27,28)18-6-3-15(4-7-18)14(2)25/h3-12,24H,1-2H3_on_P51686_WT	High	ChEMBL31	ChEMBL31.compound.285476	CC(=O)c1ccc(S(=O)(=O)Nc2ccc(Cl)cc2C(=O)c2ccnc(C)c2)cc1	PSOOXYMCDZECJX-UHFFFAOYSA-N	InChI=1S/C21H17ClN2O4S/c1-13-11-16(9-10-23-13)21(26)19-12-17(22)5-8-20(19)24-29(27,28)18-6-3-15(4-7-18)14(2)25/h3-12,24H,1-2H3	"""AuxInfo=1/0/N:26,1,5,29,14,6,28,13,22,23,27,17,25,2,4,21,15,7,18,12,19,16,24,11,3,20,9,10,8/E:(3,4)(6,7)(27,28)/CRV:29.6/rA:29CCOCCCCSOONCCCCClCCCOCCCNCCCCC/rB:s1;d2;s2;d4;s5;d6;s7;d8;d8;s8;s11;d12;s13;d14;s15;s15;s12d17;s18;d19;s19;d21;s22;d23;s24;s25;s21d25;s7;s4d28;/rC:;;;;;;;;;;;;;;;;;;;;;;;;;;;;;"""	P51686_WT	ChEMBL:CHEMBL5815;ChEMBL:CHEMBL5815	P51686	WT	CHEMBL3721199;CHEMBL3721196	PATENT:US7420055B2	2008.0	PATENT:US7582661B2	2009	1	0	0	0	0		=	  6.000;  6.000	6.0	0.0	0.0	2.0	6.0	0.0	CCRs_HUMAN_annotated_02594	True
InChI=1S/C21H17ClN2O5S/c1-13-3-4-16(12-24(13)27)21(26)19-11-17(22)7-10-20(19)23-30(28,29)18-8-5-15(6-9-18)14(2)25/h3-12,23H,1-2H3_on_P51686_WT	Low	ChEMBL31	ChEMBL31.compound.1070754	CC(=O)c1ccc(S(=O)(=O)Nc2ccc(Cl)cc2C(=O)c2c[n+]([O-])c(C)cc2)cc1	SFQJLENSSRDSSZ-UHFFFAOYSA-N	InChI=1S/C21H17ClN2O5S/c1-13-3-4-16(12-24(13)27)21(26)19-11-17(22)7-10-20(19)23-30(28,29)18-8-5-15(6-9-18)14(2)25/h3-12,23H,1-2H3	"""AuxInfo=1/0/N:26,1,27,28,5,30,14,6,29,13,17,22,25,2,4,21,15,7,18,12,19,16,11,23,3,20,24,9,10,8/E:(5,6)(8,9)(28,29)/CRV:24.5,30.6/rA:30CCOCCCCSOONCCCCClCCCOCCN+O-CCCCCC/rB:s1;d2;s2;d4;s5;d6;s7;d8;d8;s8;s11;d12;s13;d14;s15;s15;s12d17;s18;d19;s19;d21;s22;s23;d23;s25;s25;s21d27;s7;s4d29;/rC:;;;;;;;;;;;;;;;;;;;;;;;;;;;;;;"""	P51686_WT	ChEMBL:CHEMBL5815;ChEMBL:CHEMBL5815	P51686	WT	CHEMBL3721193;CHEMBL3721192	PATENT:US7420055B2	2008.0	PATENT:US7420055B2	2008	1	0	0	0	0		>	  6.000;  6.000	6.0	0.0	0.0	2.0	6.0	0.0	CCRs_HUMAN_annotated_02595	True
InChI=1S/C21H18Cl2N4O3S2/c1-13(28)24-11-14-4-2-5-15(10-14)12-27-17-7-3-6-16(22)20(17)21(25-27)26-32(29,30)19-9-8-18(23)31-19/h2-10H,11-12H2,1H3,(H,24,28)(H,25,26)_on_P51679_WT	High	ExCAPE-DB;ChEMBL31;ChEMBL31	58054384;ChEMBL31.compound.203162;ChEMBL31.compound.203162	CC(=O)NCc1cc(Cn2nc(NS(=O)(=O)c3ccc(Cl)s3)c3c2cccc3Cl)ccc1	VWJNBZCPVKZXCI-UHFFFAOYSA-N	InChI=1S/C21H18Cl2N4O3S2/c1-13(28)24-11-14-4-2-5-15(10-14)12-27-17-7-3-6-16(22)20(17)21(25-27)26-32(29,30)19-9-8-18(23)31-19/h2-10H,11-12H2,1H3,(H,24,28)(H,25,26)	"""AuxInfo=1/1/N:1,31,26,32,30,27,25,19,18,7,5,9,2,6,8,28,24,20,17,23,12,29,21,4,11,13,10,3,15,16,22,14/E:(29,30)/CRV:32.6/rA:32CCONCCCCCNNCNSOOCCCCClSCCCCCCClCCC/rB:s1;d2;s2;s4;s5;d6;s7;s8;s9;s10;d11;s12;s13;d14;d14;s14;d17;s18;d19;s20;s17s20;s12;s10d23;s24;d25;s26;s23d27;s28;d8;s30;s6d31;/rC:;;;;;;;;;;;;;;;;;;;;;;;;;;;;;;;;"""	P51679_WT	EntrezID:1233;ChEMBL:CHEMBL2414;ChEMBL:CHEMBL2414	P51679	WT	PubChemAID:728788;CHEMBL2330056;CHEMBL2330053	PMID:23409871	2013.0	PubChemAID:728788;PMID:23409871;PMID:23409871	2013	0;1;0	0	0;0;1	0	1;0;0		=	  7.500;  7.500;  5.200	6.733	1.084	0.767	3.0	7.5	0.0	CCRs_HUMAN_annotated_02618	True
InChI=1S/C21H18ClFN4O3S2/c1-13(28)24-11-14-4-2-5-15(10-14)12-27-17-7-3-6-16(23)20(17)21(25-27)26-32(29,30)19-9-8-18(22)31-19/h2-10H,11-12H2,1H3,(H,24,28)(H,25,26)_on_P51679_WT	High	ExCAPE-DB;ChEMBL31;ChEMBL31	58054387;ChEMBL31.compound.203161;ChEMBL31.compound.203161	CC(=O)NCc1cc(Cn2nc(NS(=O)(=O)c3ccc(Cl)s3)c3c(F)cccc32)ccc1	LCRWPEATRURWFI-UHFFFAOYSA-N	InChI=1S/C21H18ClFN4O3S2/c1-13(28)24-11-14-4-2-5-15(10-14)12-27-17-7-3-6-16(23)20(17)21(25-27)26-32(29,30)19-9-8-18(22)31-19/h2-10H,11-12H2,1H3,(H,24,28)(H,25,26)	"""AuxInfo=1/1/N:1,31,27,32,30,26,28,19,18,7,5,9,2,6,8,24,29,20,17,23,12,21,25,4,11,13,10,3,15,16,22,14/E:(29,30)/CRV:32.6/rA:32CCONCCCCCNNCNSOOCCCCClSCCFCCCCCCC/rB:s1;d2;s2;s4;s5;d6;s7;s8;s9;s10;d11;s12;s13;d14;d14;s14;d17;s18;d19;s20;s17s20;s12;d23;s24;s24;d26;s27;s10s23d28;d8;s30;s6d31;/rC:;;;;;;;;;;;;;;;;;;;;;;;;;;;;;;;;"""	P51679_WT	EntrezID:1233;ChEMBL:CHEMBL2414;ChEMBL:CHEMBL2414	P51679	WT	PubChemAID:728788;CHEMBL2330056;CHEMBL2330053	PMID:23409871	2013.0	PubChemAID:728788;PMID:23409871;PMID:23409871	2013	0;1;0	0	0;0;1	0	1;0;0		=	  7.100;  7.100;  5.300	6.5	0.849	0.6	3.0	7.1	0.0	CCRs_HUMAN_annotated_02621	True
InChI=1S/C21H18ClN3O3S/c22-16-2-7-20(19(14-16)21(26)15-8-10-23-11-9-15)24-29(27,28)18-5-3-17(4-6-18)25-12-1-13-25/h2-11,14,24H,1,12-13H2_on_P51686_WT	Low	ChEMBL31	ChEMBL31.compound.1070768	O=C(c1ccncc1)c1cc(Cl)ccc1NS(=O)(=O)c1ccc(N2CCC2)cc1	ANENPIZAGBLSEU-UHFFFAOYSA-N	InChI=1S/C21H18ClN3O3S/c22-16-2-7-20(19(14-16)21(26)15-8-10-23-11-9-15)24-29(27,28)18-5-3-17(4-6-18)25-12-1-13-25/h2-11,14,24H,1,12-13H2	"""AuxInfo=1/0/N:26,13,22,28,21,29,14,4,8,5,7,25,27,10,3,11,23,20,9,15,2,12,6,16,24,1,18,19,17/E:(3,4)(5,6)(8,9)(10,11)(12,13)(27,28)/CRV:29.6/rA:29OCCCCNCCCCCClCCCNSOOCCCCNCCCCC/rB:d1;s2;d3;s4;d5;s6;s3d7;s2;d9;s10;s11;d11;s13;s9d14;s15;s16;d17;d17;s17;d20;s21;d22;s23;s24;s25;s24s26;s23;s20d28;/rC:;;;;;;;;;;;;;;;;;;;;;;;;;;;;;"""	P51686_WT	ChEMBL:CHEMBL5815;ChEMBL:CHEMBL5815	P51686	WT	CHEMBL3721193;CHEMBL3721192	PATENT:US7420055B2	2008.0	PATENT:US7420055B2	2008	1	0	0	0	0		>	  6.000;  6.000	6.0	0.0	0.0	2.0	6.0	0.0	CCRs_HUMAN_annotated_02622	True
InChI=1S/C21H18ClN3O3S/c22-17-2-4-20(19(12-17)21(26)15-6-8-23-9-7-15)25-29(27,28)18-3-1-14-5-10-24-13-16(14)11-18/h1-4,6-9,11-12,24-25H,5,10,13H2_on_P51686_WT	High	ChEMBL31	ChEMBL31.compound.285486	O=C(c1ccncc1)c1cc(Cl)ccc1NS(=O)(=O)c1cc2c(cc1)CCNC2	ZFACXJFGUZPDGM-UHFFFAOYSA-N	InChI=1S/C21H18ClN3O3S/c22-17-2-4-20(19(12-17)21(26)15-6-8-23-9-7-15)25-29(27,28)18-3-1-14-5-10-24-13-16(14)11-18/h1-4,6-9,11-12,24-25H,5,10,13H2	"""AuxInfo=1/0/N:24,13,25,14,26,4,8,5,7,27,21,10,29,23,3,22,11,20,9,15,2,12,6,28,16,1,18,19,17/E:(6,7)(8,9)(27,28)/CRV:29.6/rA:29OCCCCNCCCCCClCCCNSOOCCCCCCCCNC/rB:d1;s2;d3;s4;d5;s6;s3d7;s2;d9;s10;s11;d11;s13;s9d14;s15;s16;d17;d17;s17;d20;s21;d22;s23;s20d24;s23;s26;s27;s22s28;/rC:;;;;;;;;;;;;;;;;;;;;;;;;;;;;;"""	P51686_WT	ChEMBL:CHEMBL5815;ChEMBL:CHEMBL5815	P51686	WT	CHEMBL3721196;CHEMBL3721199	PATENT:US7420055B2	2008.0	PATENT:US7582661B2	2009	1	0	0	0	0		=	  7.000;  7.000	7.0	0.0	0.0	2.0	7.0	0.0	CCRs_HUMAN_annotated_02623	True
InChI=1S/C21H18FN5O3S/c1-23-31(29,30)17-8-2-14(3-9-17)10-25-21(28)19-11-24-13-20-18(19)12-26-27(20)16-6-4-15(22)5-7-16/h2-9,11-13,23H,10H2,1H3,(H,25,28)_on_P32246_WT	High	ChEMBL31	ChEMBL31.compound.405115	CNS(=O)(=O)c1ccc(CNC(=O)c2cncc3c2cnn3-c2ccc(F)cc2)cc1	UJGDDYUUQMGVCE-UHFFFAOYSA-N	InChI=1S/C21H18FN5O3S/c1-23-31(29,30)17-8-2-14(3-9-17)10-25-21(28)19-11-24-13-20-18(19)12-26-27(20)16-6-4-15(22)5-7-16/h2-9,11-13,23H,10H2,1H3,(H,25,28)	"""AuxInfo=1/1/N:1,8,30,25,28,24,29,7,31,10,15,20,17,9,26,23,6,19,14,18,12,27,2,16,11,21,22,13,4,5,3/E:(2,3)(4,5)(6,7)(8,9)(29,30)/CRV:31.6/rA:31CNSOOCCCCCNCOCCNCCCCNNCCCCFCCCC/rB:s1;s2;d3;d3;s3;d6;s7;d8;s9;s10;s11;d12;s12;d14;s15;d16;s17;s14d18;s19;d20;s18s21;s22;d23;s24;d25;s26;s26;s23d28;s9;s6d30;/rC:;;;;;;;;;;;;;;;;;;;;;;;;;;;;;;;"""	P32246_WT	ChEMBL:CHEMBL2413	P32246	WT	CHEMBL4332212	PMID:30595446	2019.0	PMID:30595446	2019	1	0	0	0	0		=	  8.700	8.7	0.0	0.0	1.0	8.7	0.0	CCRs_HUMAN_annotated_02637	True
InChI=1S/C21H19BrN2O3S/c1-14(2)15-3-6-18(7-4-15)28(26,27)24-20-8-5-17(22)13-19(20)21(25)16-9-11-23-12-10-16/h3-14,24H,1-2H3_on_P51686_WT	Low	ChEMBL31	ChEMBL31.compound.1070748	CC(C)c1ccc(S(=O)(=O)Nc2ccc(Br)cc2C(=O)c2ccncc2)cc1	ZKZXOEKTWBMMCP-UHFFFAOYSA-N	InChI=1S/C21H19BrN2O3S/c1-14(2)15-3-6-18(7-4-15)28(26,27)24-20-8-5-17(22)13-19(20)21(25)16-9-11-23-12-10-16/h3-14,24H,1-2H3	"""AuxInfo=1/0/N:1,3,5,28,14,6,27,13,22,26,23,25,17,2,4,21,15,7,18,12,19,16,24,11,20,9,10,8/E:(1,2)(3,4)(6,7)(9,10)(11,12)(26,27)/CRV:28.6/rA:28CCCCCCCSOONCCCCBrCCCOCCCNCCCC/rB:s1;s2;s2;d4;s5;d6;s7;d8;d8;s8;s11;d12;s13;d14;s15;s15;s12d17;s18;d19;s19;d21;s22;d23;s24;s21d25;s7;s4d27;/rC:;;;;;;;;;;;;;;;;;;;;;;;;;;;;"""	P51686_WT	ChEMBL:CHEMBL5815;ChEMBL:CHEMBL5815	P51686	WT	CHEMBL3721192;CHEMBL3721193	PATENT:US7420055B2	2008.0	PATENT:US7420055B2	2008	1	0	0	0	0		>	  6.000;  6.000	6.0	0.0	0.0	2.0	6.0	0.0	CCRs_HUMAN_annotated_02640	True
InChI=1S/C21H19BrN2O4S/c1-14(2)28-17-4-6-18(7-5-17)29(26,27)24-20-8-3-16(22)13-19(20)21(25)15-9-11-23-12-10-15/h3-14,24H,1-2H3_on_P51686_WT	Low	ChEMBL31	ChEMBL31.compound.1070723	CC(C)Oc1ccc(S(=O)(=O)Nc2ccc(Br)cc2C(=O)c2ccncc2)cc1	DBOOVRFZCUSBJF-UHFFFAOYSA-N	InChI=1S/C21H19BrN2O4S/c1-14(2)28-17-4-6-18(7-5-17)29(26,27)24-20-8-3-16(22)13-19(20)21(25)15-9-11-23-12-10-15/h3-14,24H,1-2H3	"""AuxInfo=1/0/N:1,3,15,6,29,7,28,14,23,27,24,26,18,2,22,16,5,8,19,13,20,17,25,12,21,10,11,4,9/E:(1,2)(4,5)(6,7)(9,10)(11,12)(26,27)/CRV:29.6/rA:29CCCOCCCCSOONCCCCBrCCCOCCCNCCCC/rB:s1;s2;s2;s4;d5;s6;d7;s8;d9;d9;s9;s12;d13;s14;d15;s16;s16;s13d18;s19;d20;s20;d22;s23;d24;s25;s22d26;s8;s5d28;/rC:;;;;;;;;;;;;;;;;;;;;;;;;;;;;;"""	P51686_WT	ChEMBL:CHEMBL5815;ChEMBL:CHEMBL5815	P51686	WT	CHEMBL3721192;CHEMBL3721193	PATENT:US7420055B2	2008.0	PATENT:US7420055B2	2008	1	0	0	0	0		>	  6.000;  6.000	6.0	0.0	0.0	2.0	6.0	0.0	CCRs_HUMAN_annotated_02641	True
InChI=1S/C21H19ClN2O3S2/c1-14(2)28-17-4-6-18(7-5-17)29(26,27)24-20-8-3-16(22)13-19(20)21(25)15-9-11-23-12-10-15/h3-14,24H,1-2H3_on_P51686_WT	Low	ChEMBL31	ChEMBL31.compound.1070762	CC(C)Sc1ccc(S(=O)(=O)Nc2ccc(Cl)cc2C(=O)c2ccncc2)cc1	CNSFANGYZDOBBZ-UHFFFAOYSA-N	InChI=1S/C21H19ClN2O3S2/c1-14(2)28-17-4-6-18(7-5-17)29(26,27)24-20-8-3-16(22)13-19(20)21(25)15-9-11-23-12-10-15/h3-14,24H,1-2H3	"""AuxInfo=1/0/N:1,3,15,6,29,7,28,14,23,27,24,26,18,2,22,16,5,8,19,13,20,17,25,12,21,10,11,4,9/E:(1,2)(4,5)(6,7)(9,10)(11,12)(26,27)/CRV:29.6/rA:29CCCSCCCCSOONCCCCClCCCOCCCNCCCC/rB:s1;s2;s2;s4;d5;s6;d7;s8;d9;d9;s9;s12;d13;s14;d15;s16;s16;s13d18;s19;d20;s20;d22;s23;d24;s25;s22d26;s8;s5d28;/rC:;;;;;;;;;;;;;;;;;;;;;;;;;;;;;"""	P51686_WT	ChEMBL:CHEMBL5815;ChEMBL:CHEMBL5815	P51686	WT	CHEMBL3721192;CHEMBL3721193	PATENT:US7420055B2	2008.0	PATENT:US7420055B2	2008	1	0	0	0	0		>	  6.000;  6.000	6.0	0.0	0.0	2.0	6.0	0.0	CCRs_HUMAN_annotated_02647	True
InChI=1S/C21H19ClN2O4S/c1-14(2)28-17-4-6-18(7-5-17)29(26,27)24-20-8-3-16(22)13-19(20)21(25)15-9-11-23-12-10-15/h3-14,24H,1-2H3_on_P51686_WT	Low	ChEMBL31	ChEMBL31.compound.1070716	CC(C)Oc1ccc(S(=O)(=O)Nc2ccc(Cl)cc2C(=O)c2ccncc2)cc1	QMUBWWRYMZUVPL-UHFFFAOYSA-N	InChI=1S/C21H19ClN2O4S/c1-14(2)28-17-4-6-18(7-5-17)29(26,27)24-20-8-3-16(22)13-19(20)21(25)15-9-11-23-12-10-15/h3-14,24H,1-2H3	"""AuxInfo=1/0/N:1,3,15,6,29,7,28,14,23,27,24,26,18,2,22,16,5,8,19,13,20,17,25,12,21,10,11,4,9/E:(1,2)(4,5)(6,7)(9,10)(11,12)(26,27)/CRV:29.6/rA:29CCCOCCCCSOONCCCCClCCCOCCCNCCCC/rB:s1;s2;s2;s4;d5;s6;d7;s8;d9;d9;s9;s12;d13;s14;d15;s16;s16;s13d18;s19;d20;s20;d22;s23;d24;s25;s22d26;s8;s5d28;/rC:;;;;;;;;;;;;;;;;;;;;;;;;;;;;;"""	P51686_WT	ChEMBL:CHEMBL5815;ChEMBL:CHEMBL5815	P51686	WT	CHEMBL3721193;CHEMBL3721192	PATENT:US7420055B2	2008.0	PATENT:US7420055B2	2008	1	0	0	0	0		>	  6.000;  6.000	6.0	0.0	0.0	2.0	6.0	0.0	CCRs_HUMAN_annotated_02648	True
InChI=1S/C21H19ClN2O4S/c1-14(2)28-17-6-8-18(9-7-17)29(26,27)24-20-10-5-16(22)12-19(20)21(25)15-4-3-11-23-13-15/h3-14,24H,1-2H3_on_P51686_WT	Low	ChEMBL31	ChEMBL31.compound.1070695	CC(C)Oc1ccc(S(=O)(=O)Nc2ccc(Cl)cc2C(=O)c2cnccc2)cc1	DZHGXRANHZOYQM-UHFFFAOYSA-N	InChI=1S/C21H19ClN2O4S/c1-14(2)28-17-6-8-18(9-7-17)29(26,27)24-20-10-5-16(22)12-19(20)21(25)15-4-3-11-23-13-15/h3-14,24H,1-2H3	"""AuxInfo=1/0/N:1,3,26,27,15,6,29,7,28,14,25,18,23,2,22,16,5,8,19,13,20,17,24,12,21,10,11,4,9/E:(1,2)(6,7)(8,9)(26,27)/CRV:29.6/rA:29CCCOCCCCSOONCCCCClCCCOCCNCCCCC/rB:s1;s2;s2;s4;d5;s6;d7;s8;d9;d9;s9;s12;d13;s14;d15;s16;s16;s13d18;s19;d20;s20;d22;s23;d24;s25;s22d26;s8;s5d28;/rC:;;;;;;;;;;;;;;;;;;;;;;;;;;;;;"""	P51686_WT	ChEMBL:CHEMBL5815;ChEMBL:CHEMBL5815	P51686	WT	CHEMBL3721192;CHEMBL3721193	PATENT:US7420055B2	2008.0	PATENT:US7420055B2	2008	1	0	0	0	0		>	  6.000;  6.000	6.0	0.0	0.0	2.0	6.0	0.0	CCRs_HUMAN_annotated_02649	True
InChI=1S/C21H19ClN2O4S/c1-28-17-8-10-18(11-9-17)29(26,27)24-20-12-7-16(22)13-19(20)21(25)23-14-15-5-3-2-4-6-15/h2-13,24H,14H2,1H3,(H,23,25)_on_P51686_WT	Low	ChEMBL31	ChEMBL31.compound.1070776	COc1ccc(S(=O)(=O)Nc2ccc(Cl)cc2C(=O)NCc2ccccc2)cc1	JWFPAIPDVHGXSU-UHFFFAOYSA-N	InChI=1S/C21H19ClN2O4S/c1-28-17-8-10-18(11-9-17)29(26,27)24-20-12-7-16(22)13-19(20)21(25)23-14-15-5-3-2-4-6-15/h2-13,24H,14H2,1H3,(H,23,25)	"""AuxInfo=1/1/N:1,25,24,26,23,27,13,4,29,5,28,12,16,21,22,14,3,6,17,11,18,15,20,10,19,8,9,2,7/E:(3,4)(5,6)(8,9)(10,11)(26,27)/CRV:29.6/rA:29COCCCCSOONCCCCClCCCONCCCCCCCCC/rB:s1;s2;d3;s4;d5;s6;d7;d7;s7;s10;d11;s12;d13;s14;s14;s11d16;s17;d18;s18;s20;s21;d22;s23;d24;s25;s22d26;s6;s3d28;/rC:;;;;;;;;;;;;;;;;;;;;;;;;;;;;;"""	P51686_WT	ChEMBL:CHEMBL5815;ChEMBL:CHEMBL5815	P51686	WT	CHEMBL3721192;CHEMBL3721193	PATENT:US7420055B2	2008.0	PATENT:US7420055B2	2008	1	0	0	0	0		>	  6.000;  6.000	6.0	0.0	0.0	2.0	6.0	0.0	CCRs_HUMAN_annotated_02650	True
InChI=1S/C21H19ClN4O3S2/c1-14(27)23-12-15-5-4-6-16(11-15)13-26-18-8-3-2-7-17(18)21(24-26)25-31(28,29)20-10-9-19(22)30-20/h2-11H,12-13H2,1H3,(H,23,27)(H,24,25)_on_P51679_WT	High	ChEMBL31	ChEMBL31.compound.203175	CC(=O)NCc1cc(Cn2nc(NS(=O)(=O)c3ccc(Cl)s3)c3ccccc32)ccc1	KMPWTLMBZMLPFZ-UHFFFAOYSA-N	InChI=1S/C21H19ClN4O3S2/c1-14(27)23-12-15-5-4-6-16(11-15)13-26-18-8-3-2-7-17(18)21(24-26)25-31(28,29)20-10-9-19(22)30-20/h2-11H,12-13H2,1H3,(H,23,27)(H,24,25)	"""AuxInfo=1/1/N:1,25,26,30,31,29,24,27,19,18,7,5,9,2,6,8,23,28,20,17,12,21,4,11,13,10,3,15,16,22,14/E:(28,29)/CRV:31.6/rA:31CCONCCCCCNNCNSOOCCCCClSCCCCCCCCC/rB:s1;d2;s2;s4;s5;d6;s7;s8;s9;s10;d11;s12;s13;d14;d14;s14;d17;s18;d19;s20;s17s20;s12;d23;s24;d25;s26;s10s23d27;d8;s29;s6d30;/rC:;;;;;;;;;;;;;;;;;;;;;;;;;;;;;;;"""	P51679_WT	ChEMBL:CHEMBL2414	P51679	WT	CHEMBL2330056	PMID:23409871	2013.0	PMID:23409871	2013	1	0	0	0	0		=	  6.600	6.6	0.0	0.0	1.0	6.6	0.0	CCRs_HUMAN_annotated_02651	True
InChI=1S/C21H19ClN4O4S2/c1-13(27)23-11-14-4-2-5-15(10-14)12-26-16-6-3-7-17(28)20(16)21(24-26)25-32(29,30)19-9-8-18(22)31-19/h2-10,28H,11-12H2,1H3,(H,23,27)(H,24,25)_on_P51679_WT	High	ChEMBL31	ChEMBL31.compound.203160	CC(=O)NCc1cc(Cn2nc(NS(=O)(=O)c3ccc(Cl)s3)c3c(O)cccc32)ccc1	CODZFMVGMOWYBR-UHFFFAOYSA-N	InChI=1S/C21H19ClN4O4S2/c1-13(27)23-11-14-4-2-5-15(10-14)12-26-16-6-3-7-17(28)20(16)21(24-26)25-32(29,30)19-9-8-18(22)31-19/h2-10,28H,11-12H2,1H3,(H,23,27)(H,24,25)	"""AuxInfo=1/1/N:1,31,27,32,30,28,26,19,18,7,5,9,2,6,8,29,24,20,17,23,12,21,4,11,13,10,3,25,15,16,22,14/E:(29,30)/CRV:32.6/rA:32CCONCCCCCNNCNSOOCCCCClSCCOCCCCCCC/rB:s1;d2;s2;s4;s5;d6;s7;s8;s9;s10;d11;s12;s13;d14;d14;s14;d17;s18;d19;s20;s17s20;s12;d23;s24;s24;d26;s27;s10s23d28;d8;s30;s6d31;/rC:;;;;;;;;;;;;;;;;;;;;;;;;;;;;;;;;"""	P51679_WT	ChEMBL:CHEMBL2414;ChEMBL:CHEMBL2414	P51679	WT	CHEMBL2330053;CHEMBL2330056	PMID:23409871	2013.0	PMID:23409871	2013	0;1	0	1;0	0	0		=	  6.100;  7.900	7.0	0.9	0.9	2.0	7.0	0.9	CCRs_HUMAN_annotated_02652	True
InChI=1S/C21H19ClN4O4S2/c1-23-21(27)14-6-3-5-13(11-14)12-26-15-7-4-8-16(30-2)19(15)20(24-26)25-32(28,29)18-10-9-17(22)31-18/h3-11H,12H2,1-2H3,(H,23,27)(H,24,25)_on_P51679_WT	High	ExCAPE-DB;ChEMBL31;ChEMBL31	58054532;ChEMBL31.compound.178513;ChEMBL31.compound.178513	CNC(=O)c1cc(Cn2nc(NS(=O)(=O)c3ccc(Cl)s3)c3c(OC)cccc32)ccc1	RNGRRERBXSRQFL-UHFFFAOYSA-N	InChI=1S/C21H19ClN4O4S2/c1-23-21(27)14-6-3-5-13(11-14)12-26-15-7-4-8-16(30-2)19(15)20(24-26)25-32(28,29)18-10-9-17(22)31-18/h3-11H,12H2,1-2H3,(H,23,27)(H,24,25)	"""AuxInfo=1/1/N:1,25,31,27,30,32,28,26,18,17,6,8,7,5,29,23,19,16,22,11,3,20,2,10,12,9,4,14,15,24,21,13/E:(28,29)/CRV:32.6/rA:32CNCOCCCCNNCNSOOCCCCClSCCOCCCCCCCC/rB:s1;s2;d3;s3;d5;s6;s7;s8;s9;d10;s11;s12;d13;d13;s13;d16;s17;d18;s19;s16s19;s11;d22;s23;s24;s23;d26;s27;s9s22d28;d7;s30;s5d31;/rC:;;;;;;;;;;;;;;;;;;;;;;;;;;;;;;;;"""	P51679_WT	EntrezID:1233;ChEMBL:CHEMBL2414;ChEMBL:CHEMBL2414	P51679	WT	PubChemAID:655597;CHEMBL2019170;CHEMBL2019171	PMID:22437117	2012.0	PubChemAID:655597;PMID:22437117;PMID:22437117	2013;2012;2012	0;1;0	0	0	0;0;1	1;0;0		=	  7.100;  7.100;  6.500	6.9	0.283	0.2	3.0	7.1	0.0	CCRs_HUMAN_annotated_02653	True
InChI=1S/C21H19ClN4O5S2/c1-31-16-7-3-6-15-20(16)21(25-33(29,30)19-9-8-17(22)32-19)24-26(15)11-13-4-2-5-14(10-13)23-18(28)12-27/h2-10,27H,11-12H2,1H3,(H,23,28)(H,24,25)_on_P51679_WT	Medium	ChEMBL31	ChEMBL31.compound.743487	COc1c2c(NS(=O)(=O)c3ccc(Cl)s3)nn(Cc3cccc(NC(=O)CO)c3)c2ccc1	JVBQEIRQUCWMTR-UHFFFAOYSA-N	InChI=1S/C21H19ClN4O5S2/c1-31-16-7-3-6-15-20(16)21(25-33(29,30)19-9-8-17(22)32-19)24-26(15)11-13-4-2-5-14(10-13)23-18(28)12-27/h2-10,27H,11-12H2,1H3,(H,23,28)(H,24,25)	"""AuxInfo=1/1/N:1,21,32,20,22,31,33,12,11,29,18,27,19,23,30,3,13,25,10,4,5,14,24,16,6,17,28,26,8,9,2,15,7/E:(29,30)/CRV:33.6/rA:33COCCCNSOOCCCCClSNNCCCCCCNCOCOCCCCC/rB:s1;s2;d3;s4;s5;s6;d7;d7;s7;d10;s11;d12;s13;s10s13;d5;s16;s17;s18;d19;s20;d21;s22;s23;s24;d25;s25;s27;s19d23;s4s17;d30;s31;s3d32;/rC:;;;;;;;;;;;;;;;;;;;;;;;;;;;;;;;;;"""	P51679_WT	ChEMBL:CHEMBL2414	P51679	WT	CHEMBL2184880	PMID:22931505	2012.0	PMID:22931505	2012	0	0	0	1	0		=	  8.000	8.0	0.0	0.0	1.0	8.0	0.0	CCRs_HUMAN_annotated_02654	True
InChI=1S/C21H19ClN4OS/c1-13-9-18(14(2)8-17(13)22)28-12-16-11-20(27)26-21(23-16)24-19(25-26)10-15-6-4-3-5-7-15/h3-9,11,27H,10,12H2,1-2H3_on_P25025_WT	High	ChEMBL31	ChEMBL31.compound.227176	Cc1c(Cl)cc(C)c(SCc2nc3nc(Cc4ccccc4)nn3c(O)c2)c1	PSXYVGKHUFEEHN-UHFFFAOYSA-N	InChI=1S/C21H19ClN4OS/c1-13-9-18(14(2)8-17(13)22)28-12-16-11-20(27)26-21(23-16)24-19(25-26)10-15-6-4-3-5-7-15/h3-9,11,27H,10,12H2,1-2H3	"""AuxInfo=1/0/N:1,7,20,19,21,18,22,5,28,16,27,10,2,6,17,11,3,8,15,25,13,4,12,14,23,24,26,9/E:(4,5)(6,7)/rA:28CCCClCCCCSCCNCNCCCCCCCCNNCOCC/rB:s1;d2;s3;s3;d5;s6;s6;s8;s9;s10;d11;s12;d13;s14;s15;s16;d17;s18;d19;s20;s17d21;d15;s13s23;s24;s25;s11d25;s2d8;/rC:;;;;;;;;;;;;;;;;;;;;;;;;;;;;"""	P25025_WT	ChEMBL:CHEMBL2434	P25025	WT	CHEMBL3107238	PMID:24332493	2014.0	PMID:24332493	2014	1	0	0	0	0		=	  5.110	5.11	0.0	0.0	1.0	5.11	0.0	CCRs_HUMAN_annotated_02655	True
InChI=1S/C21H20ClN3O3S/c1-21(2,3)14-4-7-16(8-5-14)29(27,28)25-18-9-6-15(22)12-17(18)20(26)19-10-11-23-13-24-19/h4-13,25H,1-3H3_on_P51686_WT	Low	ChEMBL31	ChEMBL31.compound.1070697	CC(C)(C)c1ccc(S(=O)(=O)Nc2ccc(Cl)cc2C(=O)c2ccncn2)cc1	ZKVAOBRUMPEXTG-UHFFFAOYSA-N	InChI=1S/C21H20ClN3O3S/c1-21(2,3)14-4-7-16(8-5-14)29(27,28)25-18-9-6-15(22)12-17(18)20(26)19-10-11-23-13-24-19/h4-13,25H,1-3H3	"""AuxInfo=1/0/N:1,3,4,6,29,15,7,28,14,23,24,18,26,5,16,8,19,13,22,20,2,17,25,27,12,21,10,11,9/E:(1,2,3)(4,5)(7,8)(27,28)/CRV:29.6/rA:29CCCCCCCCSOONCCCCClCCCOCCCNCNCC/rB:s1;s2;s2;s2;d5;s6;d7;s8;d9;d9;s9;s12;d13;s14;d15;s16;s16;s13d18;s19;d20;s20;d22;s23;d24;s25;s22d26;s8;s5d28;/rC:;;;;;;;;;;;;;;;;;;;;;;;;;;;;;"""	P51686_WT	ChEMBL:CHEMBL5815;ChEMBL:CHEMBL5815	P51686	WT	CHEMBL3721192;CHEMBL3721193	PATENT:US7420055B2	2008.0	PATENT:US7420055B2	2008	1	0	0	0	0		>	  6.000;  6.000	6.0	0.0	0.0	2.0	6.0	0.0	CCRs_HUMAN_annotated_02665	True
InChI=1S/C21H20ClN3O3S/c1-21(2,3)14-4-7-16(8-5-14)29(27,28)25-18-9-6-15(22)12-17(18)20(26)19-13-23-10-11-24-19/h4-13,25H,1-3H3_on_P51686_WT	High	ChEMBL31	ChEMBL31.compound.285483	CC(C)(C)c1ccc(S(=O)(=O)Nc2ccc(Cl)cc2C(=O)c2cnccn2)cc1	QBECNXROOIXIGG-UHFFFAOYSA-N	InChI=1S/C21H20ClN3O3S/c1-21(2,3)14-4-7-16(8-5-14)29(27,28)25-18-9-6-15(22)12-17(18)20(26)19-13-23-10-11-24-19/h4-13,25H,1-3H3	"""AuxInfo=1/0/N:1,3,4,6,29,15,7,28,14,25,26,18,23,5,16,8,19,13,22,20,2,17,24,27,12,21,10,11,9/E:(1,2,3)(4,5)(7,8)(27,28)/CRV:29.6/rA:29CCCCCCCCSOONCCCCClCCCOCCNCCNCC/rB:s1;s2;s2;s2;d5;s6;d7;s8;d9;d9;s9;s12;d13;s14;d15;s16;s16;s13d18;s19;d20;s20;d22;s23;d24;s25;s22d26;s8;s5d28;/rC:;;;;;;;;;;;;;;;;;;;;;;;;;;;;;"""	P51686_WT	ChEMBL:CHEMBL5815;ChEMBL:CHEMBL5815	P51686	WT	CHEMBL3721199;CHEMBL3721196	PATENT:US7420055B2	2008.0	PATENT:US7582661B2	2009	1	0	0	0	0		=	  7.000;  7.000	7.0	0.0	0.0	2.0	7.0	0.0	CCRs_HUMAN_annotated_02666	True
InChI=1S/C21H20ClN3O3S/c1-21(2,3)14-5-8-16(9-6-14)29(27,28)25-18-10-7-15(22)13-17(18)19(26)20-23-11-4-12-24-20/h4-13,25H,1-3H3_on_P51686_WT	High	ChEMBL31	ChEMBL31.compound.285506	CC(C)(C)c1ccc(S(=O)(=O)Nc2ccc(Cl)cc2C(=O)c2ncccn2)cc1	FJQPSGFDHLUXMV-UHFFFAOYSA-N	InChI=1S/C21H20ClN3O3S/c1-21(2,3)14-5-8-16(9-6-14)29(27,28)25-18-10-7-15(22)13-17(18)19(26)20-23-11-4-12-24-20/h4-13,25H,1-3H3	"""AuxInfo=1/0/N:1,3,4,25,6,29,15,7,28,14,24,26,18,5,16,8,19,13,20,22,2,17,23,27,12,21,10,11,9/E:(1,2,3)(5,6)(8,9)(11,12)(23,24)(27,28)/CRV:29.6/rA:29CCCCCCCCSOONCCCCClCCCOCNCCCNCC/rB:s1;s2;s2;s2;d5;s6;d7;s8;d9;d9;s9;s12;d13;s14;d15;s16;s16;s13d18;s19;d20;s20;d22;s23;d24;s25;s22d26;s8;s5d28;/rC:;;;;;;;;;;;;;;;;;;;;;;;;;;;;;"""	P51686_WT	ChEMBL:CHEMBL5815;ChEMBL:CHEMBL5815	P51686	WT	CHEMBL3721199;CHEMBL3721196	PATENT:US7420055B2	2008.0	PATENT:US7582661B2	2009	1	0	0	0	0		=	  7.000;  7.000	7.0	0.0	0.0	2.0	7.0	0.0	CCRs_HUMAN_annotated_02667	True
InChI=1S/C21H20ClN3O5S2/c1-28-15-8-7-13(11-17(15)30-3)12-25-14-5-4-6-16(29-2)20(14)21(23-25)24-32(26,27)19-10-9-18(22)31-19/h4-11H,12H2,1-3H3,(H,23,24)_on_P51679_WT	High	ChEMBL31;ChEMBL31;ChEMBL31;ExCAPE-DB	ChEMBL31.compound.178507;ChEMBL31.compound.178507;ChEMBL31.compound.178507;58054516	COc1ccc(Cn2nc(NS(=O)(=O)c3ccc(Cl)s3)c3c2cccc3OC)cc1OC	GGAQTSDQMPFHNX-UHFFFAOYSA-N	InChI=1S/C21H20ClN3O5S2/c1-28-15-8-7-13(11-17(15)30-3)12-25-14-5-4-6-16(29-2)20(14)21(23-25)24-32(26,27)19-10-9-18(22)31-19/h4-11H,12H2,1-3H3,(H,23,24)	"""AuxInfo=1/1/N:1,28,32,24,23,25,5,4,17,16,29,7,6,22,3,26,30,18,15,21,10,19,9,11,8,13,14,2,27,31,20,12/E:(26,27)/CRV:32.6/rA:32COCCCCCNNCNSOOCCCCClSCCCCCCOCCCOC/rB:s1;s2;d3;s4;d5;s6;s7;s8;d9;s10;s11;d12;d12;s12;d15;s16;d17;s18;s15s18;s10;s8d21;s22;d23;s24;s21d25;s26;s27;s6;s3d29;s30;s31;/rC:;;;;;;;;;;;;;;;;;;;;;;;;;;;;;;;;"""	P51679_WT	ChEMBL:CHEMBL2414;ChEMBL:CHEMBL2414;ChEMBL:CHEMBL2414;EntrezID:1233	P51679	WT	CHEMBL2019170;CHEMBL2019171;CHEMBL2019173;PubChemAID:655598	PMID:22437117	2012.0	PMID:22437117;PMID:22437117;PMID:22437117;PubChemAID:655598	2012;2012;2012;2013	1;0;0;0	0	0;0;1;0	0;1;0;0	0;0;0;1		=	  7.640;  7.700;  5.600;  7.700	7.16	0.901	0.52	4.0	7.67	0.03	CCRs_HUMAN_annotated_02668	True
InChI=1S/C21H20ClN5O4S2/c1-13(28)23-11-14-5-3-6-15(24-14)12-27-16-7-4-8-17(31-2)20(16)21(25-27)26-33(29,30)19-10-9-18(22)32-19/h3-10H,11-12H2,1-2H3,(H,23,28)(H,25,26)_on_P51679_WT	High	ChEMBL31;ExCAPE-DB	ChEMBL31.compound.203167;71584537	COc1c2c(NS(=O)(=O)c3ccc(Cl)s3)nn(Cc3cccc(CNC(C)=O)n3)c2ccc1	MWOGDPOCLAMQHQ-UHFFFAOYSA-N	InChI=1S/C21H20ClN5O4S2/c1-13(28)23-11-14-5-3-6-15(24-14)12-27-16-7-4-8-17(31-2)20(16)21(25-27)26-33(29,30)19-10-9-18(22)32-19/h3-10H,11-12H2,1-2H3,(H,23,28)(H,25,26)	"""AuxInfo=1/1/N:27,1,21,32,22,20,31,33,12,11,24,18,26,23,19,30,3,13,10,4,5,14,25,29,16,6,17,28,8,9,2,15,7/E:(29,30)/CRV:33.6/rA:33COCCCNSOOCCCCClSNNCCCCCCCNCCONCCCC/rB:s1;s2;d3;s4;s5;s6;d7;d7;s7;d10;s11;d12;s13;s10s13;d5;s16;s17;s18;d19;s20;d21;s22;s23;s24;s25;s26;d26;s19d23;s4s17;d30;s31;s3d32;/rC:;;;;;;;;;;;;;;;;;;;;;;;;;;;;;;;;;"""	P51679_WT	ChEMBL:CHEMBL2414;EntrezID:1233	P51679	WT	CHEMBL2330056;PubChemAID:728788	PMID:23409871	2013.0	PMID:23409871;PubChemAID:728788	2013	1;0	0	0	0	0;1		=	  6.900;  6.900	6.9	0.0	0.0	2.0	6.9	0.0	CCRs_HUMAN_annotated_02669	True
InChI=1S/C21H20ClN5O4S2/c1-13(28)24-11-14-8-9-23-15(10-14)12-27-16-4-3-5-17(31-2)20(16)21(25-27)26-33(29,30)19-7-6-18(22)32-19/h3-10H,11-12H2,1-2H3,(H,24,28)(H,25,26)_on_P51679_WT	High	ChEMBL31	ChEMBL31.compound.203169	COc1c2c(NS(=O)(=O)c3ccc(Cl)s3)nn(Cc3nccc(CNC(C)=O)c3)c2ccc1	YKRHDRCYNRNRRR-UHFFFAOYSA-N	InChI=1S/C21H20ClN5O4S2/c1-13(28)24-11-14-8-9-23-15(10-14)12-27-16-4-3-5-17(31-2)20(16)21(25-27)26-33(29,30)19-7-6-18(22)32-19/h3-10H,11-12H2,1-2H3,(H,24,28)(H,25,26)	"""AuxInfo=1/1/N:27,1,32,31,33,12,11,22,21,29,24,18,26,23,19,30,3,13,10,4,5,14,20,25,16,6,17,28,8,9,2,15,7/E:(29,30)/CRV:33.6/rA:33COCCCNSOOCCCCClSNNCCNCCCCNCCOCCCCC/rB:s1;s2;d3;s4;s5;s6;d7;d7;s7;d10;s11;d12;s13;s10s13;d5;s16;s17;s18;d19;s20;d21;s22;s23;s24;s25;s26;d26;s19d23;s4s17;d30;s31;s3d32;/rC:;;;;;;;;;;;;;;;;;;;;;;;;;;;;;;;;;"""	P51679_WT	ChEMBL:CHEMBL2414	P51679	WT	CHEMBL2330056	PMID:23409871	2013.0	PMID:23409871	2013	1	0	0	0	0		=	  6.800	6.8	0.0	0.0	1.0	6.8	0.0	CCRs_HUMAN_annotated_02670	True
InChI=1S/C21H20ClN5O4S2/c1-13(28)24-11-15-10-14(8-9-23-15)12-27-16-4-3-5-17(31-2)20(16)21(25-27)26-33(29,30)19-7-6-18(22)32-19/h3-10H,11-12H2,1-2H3,(H,24,28)(H,25,26)_on_P51679_WT	High	ChEMBL31	ChEMBL31.compound.203168	COc1c2c(NS(=O)(=O)c3ccc(Cl)s3)nn(Cc3ccnc(CNC(C)=O)c3)c2ccc1	DBTWCVNYWAJUND-UHFFFAOYSA-N	InChI=1S/C21H20ClN5O4S2/c1-13(28)24-11-15-10-14(8-9-23-15)12-27-16-4-3-5-17(31-2)20(16)21(25-27)26-33(29,30)19-7-6-18(22)32-19/h3-10H,11-12H2,1-2H3,(H,24,28)(H,25,26)	"""AuxInfo=1/1/N:27,1,32,31,33,12,11,20,21,29,24,18,26,19,23,30,3,13,10,4,5,14,22,25,16,6,17,28,8,9,2,15,7/E:(29,30)/CRV:33.6/rA:33COCCCNSOOCCCCClSNNCCCCNCCNCCOCCCCC/rB:s1;s2;d3;s4;s5;s6;d7;d7;s7;d10;s11;d12;s13;s10s13;d5;s16;s17;s18;d19;s20;d21;s22;s23;s24;s25;s26;d26;s19d23;s4s17;d30;s31;s3d32;/rC:;;;;;;;;;;;;;;;;;;;;;;;;;;;;;;;;;"""	P51679_WT	ChEMBL:CHEMBL2414	P51679	WT	CHEMBL2330056	PMID:23409871	2013.0	PMID:23409871	2013	1	0	0	0	0		=	  7.000	7.0	0.0	0.0	1.0	7.0	0.0	CCRs_HUMAN_annotated_02671	True
InChI=1S/C21H20N4O3S/c1-27-16-8-9-18(17(12-16)28-2)29-13-15-11-20(26)25-21(22-15)23-19(24-25)10-14-6-4-3-5-7-14/h3-9,11-12,26H,10,13H2,1-2H3_on_P25025_WT	High	ChEMBL31	ChEMBL31.compound.227177	COc1ccc(SCc2nc3nc(Cc4ccccc4)nn3c(O)c2)c(OC)c1	KNWAXJKZZCGOMR-UHFFFAOYSA-N	InChI=1S/C21H20N4O3S/c1-27-16-8-9-18(17(12-16)28-2)29-13-15-11-20(26)25-21(22-15)23-19(24-25)10-14-6-4-3-5-7-14/h3-9,11-12,26H,10,13H2,1-2H3	"""AuxInfo=1/0/N:1,28,18,17,19,16,20,4,5,14,25,29,8,15,9,3,26,6,13,23,11,10,12,21,22,24,2,27,7/E:(4,5)(6,7)/rA:29COCCCCSCCNCNCCCCCCCCNNCOCCOCC/rB:s1;s2;d3;s4;d5;s6;s7;s8;d9;s10;d11;s12;s13;s14;d15;s16;d17;s18;s15d19;d13;s11s21;s22;s23;s9d23;s6;s26;s27;s3d26;/rC:;;;;;;;;;;;;;;;;;;;;;;;;;;;;;"""	P25025_WT	ChEMBL:CHEMBL2434	P25025	WT	CHEMBL3107238	PMID:24332493	2014.0	PMID:24332493	2014	1	0	0	0	0		=	  4.960	4.96	0.0	0.0	1.0	4.96	0.0	CCRs_HUMAN_annotated_02689	True
InChI=1S/C21H21Cl2NO3S/c1-14-8-10-17(20(25)24-28(26,27)16-6-4-3-5-7-16)21(2,13-14)15-9-11-18(22)19(23)12-15/h3-7,9-12,14H,8,13H2,1-2H3,(H,24,25)/t14-,21-/m0/s1_on_P41597_WT	High	ChEMBL31	ChEMBL31.compound.292161	C[C@H]1CC=C(C(=O)NS(=O)(=O)c2ccccc2)[C@](C)(c2ccc(Cl)c(Cl)c2)C1	ZCYPSNCVWKKHOS-QKKBWIMNSA-N	InChI=1S/C21H21Cl2NO3S/c1-14-8-10-17(20(25)24-28(26,27)16-6-4-3-5-7-16)21(2,13-14)15-9-11-18(22)19(23)12-15/h3-7,9-12,14H,8,13H2,1-2H3,(H,24,25)/t14-,21-/m0/s1	"""AuxInfo=1/1/N:1,19,15,14,16,13,17,3,21,4,22,27,28,2,20,12,5,23,25,6,18,24,26,8,7,10,11,9/E:(4,5)(6,7)(26,27)/it:im/CRV:28.6/rA:28CC.oCCCCONSOOCCCCCCC.oCCCCCClCClCC/rB:s1;s2;s3;w?4;s5;d6;s6;s8;d9;d9;s9;d12;s13;d14;s15;s12d16;s5;s18;s18;d20;s21;d22;s23;s23;s25;s20d25;s2s18;/rC:;;;;;;;;;;;;;;;;;;;;;;;;;;;;"""	P41597_WT	ChEMBL:CHEMBL4015	P41597	WT	CHEMBL3758041	PMID:26631321	2016.0	PMID:26631321	2016	1	0	0	0	0		=	  6.820	6.82	0.0	0.0	1.0	6.82	0.0	CCRs_HUMAN_annotated_02698	True
InChI=1S/C21H21ClN2O2S/c1-21(2,3)15-7-10-17(11-8-15)27(25,26)24-20-12-9-16(22)14-18(20)19-6-4-5-13-23-19/h4-14,24H,1-3H3_on_P51686_WT	Low	ChEMBL31	ChEMBL31.compound.1068555	CC(C)(C)c1ccc(S(=O)(=O)Nc2ccc(Cl)cc2-c2ccccn2)cc1	NHEJKBAEHHVXAN-UHFFFAOYSA-N	InChI=1S/C21H21ClN2O2S/c1-21(2,3)15-7-10-17(11-8-15)27(25,26)24-20-12-9-16(22)14-18(20)19-6-4-5-13-23-19/h4-14,24H,1-3H3	"""AuxInfo=1/0/N:1,3,4,22,23,21,6,27,15,7,26,14,24,18,5,16,8,19,20,13,2,17,25,12,10,11,9/E:(1,2,3)(7,8)(10,11)(25,26)/CRV:27.6/rA:27CCCCCCCCSOONCCCCClCCCCCCCNCC/rB:s1;s2;s2;s2;d5;s6;d7;s8;d9;d9;s9;s12;d13;s14;d15;s16;s16;s13d18;s19;d20;s21;d22;s23;s20d24;s8;s5d26;/rC:;;;;;;;;;;;;;;;;;;;;;;;;;;;"""	P51686_WT	ChEMBL:CHEMBL5815	P51686	WT	CHEMBL3607106	PMID:26117562	2015.0	PMID:26117562	2015	1	0	0	0	0		<	  5.000	5.0	0.0	0.0	1.0	5.0	0.0	CCRs_HUMAN_annotated_02711	True
InChI=1S/C21H21ClN2O3S/c1-21(2,3)14-6-9-16(10-7-14)28(26,27)24-18-11-8-15(22)13-17(18)20-19(25)5-4-12-23-20/h4-13,24-25H,1-3H3_on_P51686_WT	High	ChEMBL31	ChEMBL31.compound.268064	CC(C)(C)c1ccc(S(=O)(=O)Nc2ccc(Cl)cc2-c2c(O)cccn2)cc1	QXSFCBSNNSYZFO-UHFFFAOYSA-N	InChI=1S/C21H21ClN2O3S/c1-21(2,3)14-6-9-16(10-7-14)28(26,27)24-18-11-8-15(22)13-17(18)20-19(25)5-4-12-23-20/h4-13,24-25H,1-3H3	"""AuxInfo=1/0/N:1,3,4,24,23,6,28,15,7,27,14,25,18,5,16,8,19,13,21,20,2,17,26,12,22,10,11,9/E:(1,2,3)(6,7)(9,10)(26,27)/CRV:28.6/rA:28CCCCCCCCSOONCCCCClCCCCOCCCNCC/rB:s1;s2;s2;s2;d5;s6;d7;s8;d9;d9;s9;s12;d13;s14;d15;s16;s16;s13d18;s19;d20;s21;s21;d23;s24;s20d25;s8;s5d27;/rC:;;;;;;;;;;;;;;;;;;;;;;;;;;;;"""	P51686_WT	ChEMBL:CHEMBL5815;ChEMBL:CHEMBL5815	P51686	WT	CHEMBL3607107;CHEMBL3607106	PMID:26117562	2015.0	PMID:26117562	2015	1	0	0	0	0		=	  5.880;  7.540	6.71	0.83	0.83	2.0	6.71	0.83	CCRs_HUMAN_annotated_02713	True
InChI=1S/C21H21ClN2O4S/c1-21(2,3)14-6-9-16(10-7-14)29(27,28)23-18-11-8-15(22)13-17(18)20-19(25)5-4-12-24(20)26/h4-13,23,25H,1-3H3_on_P51686_WT	High	ChEMBL31	ChEMBL31.compound.268065	CC(C)(C)c1ccc(S(=O)(=O)Nc2ccc(Cl)cc2-c2c(O)ccc[n+]2[O-])cc1	YPVVQTPKJTWXIJ-UHFFFAOYSA-N	InChI=1S/C21H21ClN2O4S/c1-21(2,3)14-6-9-16(10-7-14)29(27,28)23-18-11-8-15(22)13-17(18)20-19(25)5-4-12-24(20)26/h4-13,23,25H,1-3H3	"""AuxInfo=1/0/N:1,3,4,24,23,6,29,15,7,28,14,25,18,5,16,8,19,13,21,20,2,17,12,26,22,27,10,11,9/E:(1,2,3)(6,7)(9,10)(27,28)/CRV:24.5,29.6/rA:29CCCCCCCCSOONCCCCClCCCCOCCCN+O-CC/rB:s1;s2;s2;s2;d5;s6;d7;s8;d9;d9;s9;s12;d13;s14;d15;s16;s16;s13d18;s19;d20;s21;s21;d23;s24;s20d25;s26;s8;s5d28;/rC:;;;;;;;;;;;;;;;;;;;;;;;;;;;;;"""	P51686_WT	ChEMBL:CHEMBL5815;ChEMBL:CHEMBL5815	P51686	WT	CHEMBL3607106;CHEMBL3607107	PMID:26117562	2015.0	PMID:26117562	2015	1	0	0	0	0		=	  6.310;  5.760	6.035	0.275	0.275	2.0	6.035	0.275	CCRs_HUMAN_annotated_02714	True
InChI=1S/C21H21N5O3S2/c1-15(13-27)23-19-11-20(25-21(24-19)30-14-17-5-3-2-4-6-17)26-31(28,29)18-9-7-16(12-22)8-10-18/h2-11,15,27H,13-14H2,1H3,(H2,23,24,25,26)/t15-/m1/s1_on_P25025_WT	High	ChEMBL31	ChEMBL31.compound.255979	C[C@H](CO)Nc1cc(NS(=O)(=O)c2ccc(C#N)cc2)nc(SCc2ccccc2)n1	TWUUERRYOWEYOJ-OAHLLOKOSA-N	InChI=1S/C21H21N5O3S2/c1-15(13-27)23-19-11-20(25-21(24-19)30-14-17-5-3-2-4-6-17)26-31(28,29)18-9-7-16(12-22)8-10-18/h2-11,15,27H,13-14H2,1H3,(H2,23,24,25,26)/t15-/m1/s1	"""AuxInfo=1/1/N:1,28,27,29,26,30,15,19,14,20,7,17,3,24,2,16,25,13,6,8,22,18,5,31,21,9,4,11,12,23,10/E:(3,4)(5,6)(7,8)(9,10)(28,29)/it:im/CRV:31.6/rA:31CC.eCONCCCNSOOCCCCCNCCNCSCCCCCCCN/rB:s1;s2;s3;s2;s5;d6;s7;s8;s9;d10;d10;s10;d13;s14;d15;s16;t17;s16;s13d19;d8;s21;s22;s23;s24;d25;s26;d27;s28;s25d29;s6d22;/rC:;;;;;;;;;;;;;;;;;;;;;;;;;;;;;;;"""	P25025_WT	ChEMBL:CHEMBL2434	P25025	WT	CHEMBL3404716	PMID:25708618	2015.0	PMID:25708618	2015	1	0	0	0	0		=	  7.600	7.6	0.0	0.0	1.0	7.6	0.0	CCRs_HUMAN_annotated_02747	True
InChI=1S/C21H22Cl2F3N5O3S/c22-16-10-15(11-17(23)19(16)28)35(33,34)29-18(5-9-30-6-1-2-14(30)12-27)20(32)31-7-3-13(4-8-31)21(24,25)26/h1-2,6,10-11,13,18,29H,3-5,7-9,28H2_on_P46092_WT	High	ChEMBL31	ChEMBL31.compound.307674	N#Cc1cccn1CCC(NS(=O)(=O)c1cc(Cl)c(N)c(Cl)c1)C(=O)N1CCC(C(F)(F)F)CC1	TUCQLFWSXLIZHY-UHFFFAOYSA-N	InChI=1S/C21H22Cl2F3N5O3S/c22-16-10-15(11-17(23)19(16)28)35(33,34)29-18(5-9-30-6-1-2-14(30)12-27)20(32)31-7-3-13(4-8-31)21(24,25)26/h1-2,6,10-11,13,18,29H,3-5,7-9,28H2	"""AuxInfo=1/0/N:5,4,28,34,9,6,27,35,8,16,23,2,29,3,15,17,21,10,19,24,30,18,22,31,32,33,1,20,11,7,26,25,13,14,12/E:(3,4)(7,8)(10,11)(16,17)(22,23)(24,25,26)(33,34)/CRV:35.6/rA:35NCCCCCNCCCNSOOCCCClCNCClCCONCCCCFFFCC/rB:t1;s2;d3;s4;d5;s3s6;s7;s8;s9;s10;s11;d12;d12;s12;d15;s16;s17;d17;s19;s19;s21;s15d21;s10;d24;s24;s26;s27;s28;s29;s30;s30;s30;s29;s26s34;/rC:;;;;;;;;;;;;;;;;;;;;;;;;;;;;;;;;;;;"""	P46092_WT	ChEMBL:CHEMBL2321628	P46092	WT	CHEMBL3863299	PMID:27692854	2016.0	PMID:27692854	2016	1	0	0	0	0		=	  6.400	6.4	0.0	0.0	1.0	6.4	0.0	CCRs_HUMAN_annotated_02755	True
InChI=1S/C21H22ClN3O2S/c1-21(2,3)14-6-9-16(10-7-14)28(26,27)25-19-11-8-15(22)13-17(19)20-18(23)5-4-12-24-20/h4-13,25H,23H2,1-3H3_on_P51686_WT	High	ChEMBL31	ChEMBL31.compound.268074	CC(C)(C)c1ccc(S(=O)(=O)Nc2ccc(Cl)cc2-c2c(N)cccn2)cc1	AXNJHSMDLJEOOF-UHFFFAOYSA-N	InChI=1S/C21H22ClN3O2S/c1-21(2,3)14-6-9-16(10-7-14)28(26,27)25-19-11-8-15(22)13-17(19)20-18(23)5-4-12-24-20/h4-13,25H,23H2,1-3H3	"""AuxInfo=1/0/N:1,3,4,24,23,6,28,15,7,27,14,25,18,5,16,8,19,21,13,20,2,17,22,26,12,10,11,9/E:(1,2,3)(6,7)(9,10)(26,27)/CRV:28.6/rA:28CCCCCCCCSOONCCCCClCCCCNCCCNCC/rB:s1;s2;s2;s2;d5;s6;d7;s8;d9;d9;s9;s12;d13;s14;d15;s16;s16;s13d18;s19;d20;s21;s21;d23;s24;s20d25;s8;s5d27;/rC:;;;;;;;;;;;;;;;;;;;;;;;;;;;;"""	P51686_WT	ChEMBL:CHEMBL5815	P51686	WT	CHEMBL3607106	PMID:26117562	2015.0	PMID:26117562	2015	1	0	0	0	0		=	  7.020	7.02	0.0	0.0	1.0	7.02	0.0	CCRs_HUMAN_annotated_02768	True
InChI=1S/C21H22ClN3O4S/c1-21(2,3)13-4-7-15(8-5-13)30(28,29)25-17-9-6-14(22)10-16(17)19-20(27)18(11-26)23-12-24-19/h4-10,12,25-27H,11H2,1-3H3_on_P51686_WT	High	ChEMBL31	ChEMBL31.compound.268052	CC(C)(C)c1ccc(S(=O)(=O)Nc2ccc(Cl)cc2-c2c(O)c(CO)ncn2)cc1	FQXQNROKDODNHX-UHFFFAOYSA-N	InChI=1S/C21H22ClN3O4S/c1-21(2,3)13-4-7-15(8-5-13)30(28,29)25-17-9-6-14(22)10-16(17)19-20(27)18(11-26)23-12-24-19/h4-10,12,25-27H,11H2,1-3H3	"""AuxInfo=1/0/N:1,3,4,6,30,15,7,29,14,18,24,27,5,16,8,19,13,23,20,21,2,17,26,28,12,25,22,10,11,9/E:(1,2,3)(4,5)(7,8)(28,29)/CRV:30.6/rA:30CCCCCCCCSOONCCCCClCCCCOCCONCNCC/rB:s1;s2;s2;s2;d5;s6;d7;s8;d9;d9;s9;s12;d13;s14;d15;s16;s16;s13d18;s19;d20;s21;s21;s23;s24;d23;s26;s20d27;s8;s5d29;/rC:;;;;;;;;;;;;;;;;;;;;;;;;;;;;;;"""	P51686_WT	ChEMBL:CHEMBL5815;ChEMBL:CHEMBL5815	P51686	WT	CHEMBL3607107;CHEMBL3607106	PMID:26117562	2015.0	PMID:26117562	2015	1	0	0	0	0		=	  6.490;  7.960	7.225	0.735	0.735	2.0	7.225	0.735	CCRs_HUMAN_annotated_02770	True
InChI=1S/C21H23Cl2N3O2S/c22-18-8-6-17(7-9-18)21(16-24)10-14-26(15-11-21)13-3-12-25-29(27,28)20-5-2-1-4-19(20)23/h1-2,4-9,25H,3,10-15H2_on_P32246_WT	High	ExCAPE-DB;ChEMBL31	44453557;ChEMBL31.compound.92336	N#CC1(c2ccc(Cl)cc2)CCN(CCCNS(=O)(=O)c2ccccc2Cl)CC1	VEMZUTIWQNTLCQ-UHFFFAOYSA-N	InChI=1S/C21H23Cl2N3O2S/c22-18-8-6-17(7-9-18)21(16-24)10-14-26(15-11-21)13-3-12-25-29(27,28)20-5-2-1-4-19(20)23/h1-2,4-9,25H,3,10-15H2	"""AuxInfo=1/0/N:24,23,15,25,22,5,10,6,9,11,29,16,14,12,28,2,4,7,26,21,3,8,27,1,17,13,19,20,18/E:(6,7)(8,9)(10,11)(14,15)(27,28)/CRV:29.6/rA:29NCCCCCCClCCCCNCCCNSOOCCCCCCClCC/rB:t1;s2;s3;d4;s5;d6;s7;s7;s4d9;s3;s11;s12;s13;s14;s15;s16;s17;d18;d18;s18;d21;s22;d23;s24;s21d25;s26;s13;s3s28;/rC:;;;;;;;;;;;;;;;;;;;;;;;;;;;;;"""	P32246_WT	EntrezID:1230;ChEMBL:CHEMBL2413	P32246	WT	PubChemAID:322027;CHEMBL933431	PMID:18329267	2008.0	PubChemAID:322027;PMID:18329267	2010;2008	0;1	0	0	0	1;0		=	  6.222;  6.220	6.221	0.001	0.001	2.0	6.221	0.001	CCRs_HUMAN_annotated_02806	True
InChI=1S/C21H23Cl2N3O4S/c22-20-5-4-18(11-21(20)23)30-17-6-8-26(9-7-17)14-16(27)13-25-31(28,29)19-3-1-2-15(10-19)12-24/h1-5,10-11,16-17,25,27H,6-9,13-14H2/t16-/m1/s1_on_P51677_WT	High	ChEMBL31	ChEMBL31.compound.196497	N#Cc1cc(S(=O)(=O)NC[C@@H](O)CN2CCC(Oc3ccc(Cl)c(Cl)c3)CC2)ccc1	RHDOFWFMSRHNFN-MRXNPFEDSA-N	InChI=1S/C21H23Cl2N3O4S/c22-20-5-4-18(11-21(20)23)30-17-6-8-26(9-7-17)14-16(27)13-25-31(28,29)19-3-1-2-15(10-19)12-24/h1-5,10-11,16-17,25,27H,6-9,13-14H2/t16-/m1/s1	"""AuxInfo=1/0/N:30,31,29,20,21,16,27,15,28,4,26,2,10,13,3,11,17,19,5,22,24,23,25,1,9,14,12,7,8,18,6/E:(6,7)(8,9)(28,29)/it:im/CRV:31.6/rA:31NCCCCSOONCC.oOCNCCCOCCCCClCClCCCCCC/rB:t1;s2;d3;s4;s5;d6;d6;s6;s9;s10;s11;s11;s13;s14;s15;s16;s17;s18;d19;s20;d21;s22;s22;s24;s19d24;s17;s14s27;d5;s29;s3d30;/rC:;;;;;;;;;;;;;;;;;;;;;;;;;;;;;;;"""	P51677_WT	ChEMBL:CHEMBL3473	P51677	WT	CHEMBL2215813	PMID:23142617	2012.0	PMID:23142617	2012	0	0	0	1	0		=	  6.800	6.8	0.0	0.0	1.0	6.8	0.0	CCRs_HUMAN_annotated_02810	True
InChI=1S/C21H23ClN4O2S/c1-21(2,3)14-5-8-16(9-6-14)29(27,28)26-18-10-7-15(22)13-17(18)19-20(23-4)25-12-11-24-19/h5-13,26H,1-4H3,(H,23,25)_on_P51686_WT	High	ChEMBL31	ChEMBL31.compound.268054	CNc1c(-c2cc(Cl)ccc2NS(=O)(=O)c2ccc(C(C)(C)C)cc2)nccn1	XERBKASFOWODGK-UHFFFAOYSA-N	InChI=1S/C21H23ClN4O2S/c1-21(2,3)14-5-8-16(9-6-14)29(27,28)26-18-10-7-15(22)13-17(18)19-20(23-4)25-12-11-24-19/h5-13,26H,1-4H3,(H,23,25)	"""AuxInfo=1/1/N:21,22,23,1,18,24,9,17,25,10,27,28,6,19,7,16,5,11,4,3,20,8,2,26,29,12,14,15,13/E:(1,2,3)(5,6)(8,9)(27,28)/CRV:29.6/rA:29CNCCCCCClCCCNSOOCCCCCCCCCCNCCN/rB:s1;s2;d3;s4;d5;s6;s7;d7;s9;s5d10;s11;s12;d13;d13;s13;d16;s17;d18;s19;s20;s20;s20;s19;s16d24;s4;d26;s27;s3d28;/rC:;;;;;;;;;;;;;;;;;;;;;;;;;;;;;"""	P51686_WT	ChEMBL:CHEMBL5815;ChEMBL:CHEMBL5815	P51686	WT	CHEMBL3607107;CHEMBL3607106	PMID:26117562	2015.0	PMID:26117562	2015	1	0	0	0	0		=	  6.630;  7.600	7.115	0.485	0.485	2.0	7.115	0.485	CCRs_HUMAN_annotated_02815	True
InChI=1S/C21H23ClN4O3S/c1-21(2,3)13-5-8-15(9-6-13)30(28,29)26-17-10-7-14(22)11-16(17)19-18(27)12-24-20(23-4)25-19/h5-12,26-27H,1-4H3,(H,23,24,25)_on_P51686_WT	High	ChEMBL31	ChEMBL31.compound.268047	CNc1nc(-c2cc(Cl)ccc2NS(=O)(=O)c2ccc(C(C)(C)C)cc2)c(O)cn1	QFDRLGQAXOIUHN-UHFFFAOYSA-N	InChI=1S/C21H23ClN4O3S/c1-21(2,3)13-5-8-15(9-6-13)30(28,29)26-17-10-7-14(22)11-16(17)19-18(27)12-24-20(23-4)25-19/h5-12,26-27H,1-4H3,(H,23,24,25)	"""AuxInfo=1/1/N:22,23,24,1,19,25,10,18,26,11,7,29,20,8,17,6,12,27,5,3,21,9,2,30,4,13,28,15,16,14/E:(1,2,3)(5,6)(8,9)(28,29)/CRV:30.6/rA:30CNCNCCCCClCCCNSOOCCCCCCCCCCCOCN/rB:s1;s2;d3;s4;s5;d6;s7;s8;d8;s10;s6d11;s12;s13;d14;d14;s14;d17;s18;d19;s20;s21;s21;s21;s20;s17d25;d5;s27;s27;s3d29;/rC:;;;;;;;;;;;;;;;;;;;;;;;;;;;;;;"""	P51686_WT	ChEMBL:CHEMBL5815	P51686	WT	CHEMBL3607106	PMID:26117562	2015.0	PMID:26117562	2015	1	0	0	0	0		=	  7.570	7.57	0.0	0.0	1.0	7.57	0.0	CCRs_HUMAN_annotated_02818	True
InChI=1S/C21H24ClF3N2O3S/c22-17-8-6-16(7-9-17)20(28)10-14-27(15-11-20)13-3-12-26-31(29,30)19-5-2-1-4-18(19)21(23,24)25/h1-2,4-9,26,28H,3,10-15H2_on_P32246_WT	High	ExCAPE-DB;ChEMBL31;ChEMBL31	44453200;ChEMBL31.compound.92297;ChEMBL31.compound.92297	O=S(=O)(NCCCN1CCC(O)(c2ccc(Cl)cc2)CC1)c1ccccc1C(F)(F)F	OQKOSQJSZJDZRB-UHFFFAOYSA-N	InChI=1S/C21H24ClF3N2O3S/c22-17-8-6-16(7-9-17)20(28)10-14-27(15-11-20)13-3-12-26-31(29,30)19-5-2-1-4-18(19)21(23,24)25/h1-2,4-9,26,28H,3,10-15H2	"""AuxInfo=1/0/N:25,24,6,26,23,14,19,15,18,10,20,5,7,9,21,13,16,27,22,11,28,17,29,30,31,4,8,12,1,3,2/E:(6,7)(8,9)(10,11)(14,15)(23,24,25)(29,30)/CRV:31.6/rA:31OSONCCCNCCCOCCCCClCCCCCCCCCCCFFF/rB:d1;d2;s2;s4;s5;s6;s7;s8;s9;s10;s11;s11;d13;s14;d15;s16;s16;s13d18;s11;s8s20;s2;d22;s23;d24;s25;s22d26;s27;s28;s28;s28;/rC:;;;;;;;;;;;;;;;;;;;;;;;;;;;;;;;"""	P32246_WT	EntrezID:1230;ChEMBL:CHEMBL2413;ChEMBL:CHEMBL2413	P32246	WT	PubChemAID:322028;CHEMBL933432;CHEMBL933431	PMID:18329267	2008.0	PubChemAID:322028;PMID:18329267;PMID:18329267	2010;2008;2008	0;1;1	0	0	0	1;0;0		=	  7.301;  7.300;  6.600	7.067	0.33	0.234	3.0	7.3	0.001	CCRs_HUMAN_annotated_02876	True
InChI=1S/C21H24ClF3N2O3S/c22-18-6-2-16(3-7-18)20(28)10-14-27(15-11-20)13-1-12-26-31(29,30)19-8-4-17(5-9-19)21(23,24)25/h2-9,26,28H,1,10-15H2_on_P32246_WT	High	ChEMBL31	ChEMBL31.compound.92298	O=S(=O)(NCCCN1CCC(O)(c2ccc(Cl)cc2)CC1)c1ccc(C(F)(F)F)cc1	UGTBAOPRNYHBSM-UHFFFAOYSA-N	InChI=1S/C21H24ClF3N2O3S/c22-18-6-2-16(3-7-18)20(28)10-14-27(15-11-20)13-1-12-26-31(29,30)19-8-4-17(5-9-19)21(23,24)25/h2-9,26,28H,1,10-15H2	"""AuxInfo=1/0/N:6,14,19,24,30,15,18,23,31,10,20,5,7,9,21,13,25,16,22,11,26,17,27,28,29,4,8,12,1,3,2/E:(2,3)(4,5)(6,7)(8,9)(10,11)(14,15)(23,24,25)(29,30)/CRV:31.6/rA:31OSONCCCNCCCOCCCCClCCCCCCCCCFFFCC/rB:d1;d2;s2;s4;s5;s6;s7;s8;s9;s10;s11;s11;d13;s14;d15;s16;s16;s13d18;s11;s8s20;s2;d22;s23;d24;s25;s26;s26;s26;s25;s22d30;/rC:;;;;;;;;;;;;;;;;;;;;;;;;;;;;;;;"""	P32246_WT	ChEMBL:CHEMBL2413;ChEMBL:CHEMBL2413	P32246	WT	CHEMBL933432;CHEMBL933431	PMID:18329267	2008.0	PMID:18329267	2008	1	0	0	0	0		=	  5.660;  5.030	5.345	0.315	0.315	2.0	5.345	0.315	CCRs_HUMAN_annotated_02877	True
InChI=1S/C21H24ClF3N2O4S/c22-17-4-2-16(3-5-17)20(28)10-14-27(15-11-20)13-1-12-26-32(29,30)19-8-6-18(7-9-19)31-21(23,24)25/h2-9,26,28H,1,10-15H2_on_P32246_WT	High	ChEMBL31	ChEMBL31.compound.92300	O=S(=O)(NCCCN1CCC(O)(c2ccc(Cl)cc2)CC1)c1ccc(OC(F)(F)F)cc1	YKCNWJADCVOOPO-UHFFFAOYSA-N	InChI=1S/C21H24ClF3N2O4S/c22-17-4-2-16(3-5-17)20(28)10-14-27(15-11-20)13-1-12-26-32(29,30)19-8-6-18(7-9-19)31-21(23,24)25/h2-9,26,28H,1,10-15H2	"""AuxInfo=1/0/N:6,14,19,15,18,24,31,23,32,10,20,5,7,9,21,13,16,25,22,11,27,17,28,29,30,4,8,12,1,3,26,2/E:(2,3)(4,5)(6,7)(8,9)(10,11)(14,15)(23,24,25)(29,30)/CRV:32.6/rA:32OSONCCCNCCCOCCCCClCCCCCCCCOCFFFCC/rB:d1;d2;s2;s4;s5;s6;s7;s8;s9;s10;s11;s11;d13;s14;d15;s16;s16;s13d18;s11;s8s20;s2;d22;s23;d24;s25;s26;s27;s27;s27;s25;s22d31;/rC:;;;;;;;;;;;;;;;;;;;;;;;;;;;;;;;;"""	P32246_WT	ChEMBL:CHEMBL2413;ChEMBL:CHEMBL2413	P32246	WT	CHEMBL933432;CHEMBL933431	PMID:18329267	2008.0	PMID:18329267	2008	1	0	0	0	0		=	  5.440;  5.050	5.245	0.195	0.195	2.0	5.245	0.195	CCRs_HUMAN_annotated_02878	True
InChI=1S/C21H24ClF3N2O4S/c22-17-8-6-16(7-9-17)20(28)10-14-27(15-11-20)13-3-12-26-32(29,30)19-5-2-1-4-18(19)31-21(23,24)25/h1-2,4-9,26,28H,3,10-15H2_on_P32246_WT	High	ChEMBL31;ChEMBL31;ExCAPE-DB	ChEMBL31.compound.92299;ChEMBL31.compound.92299;44453164	O=S(=O)(NCCCN1CCC(O)(c2ccc(Cl)cc2)CC1)c1c(OC(F)(F)F)cccc1	QCOHFDCKNXXYHU-UHFFFAOYSA-N	InChI=1S/C21H24ClF3N2O4S/c22-17-8-6-16(7-9-17)20(28)10-14-27(15-11-20)13-3-12-26-32(29,30)19-5-2-1-4-18(19)31-21(23,24)25/h1-2,4-9,26,28H,3,10-15H2	"""AuxInfo=1/0/N:30,31,6,29,32,14,19,15,18,10,20,5,7,9,21,13,16,23,22,11,25,17,26,27,28,4,8,12,1,3,24,2/E:(6,7)(8,9)(10,11)(14,15)(23,24,25)(29,30)/CRV:32.6/rA:32OSONCCCNCCCOCCCCClCCCCCCOCFFFCCCC/rB:d1;d2;s2;s4;s5;s6;s7;s8;s9;s10;s11;s11;d13;s14;d15;s16;s16;s13d18;s11;s8s20;s2;d22;s23;s24;s25;s25;s25;s23;d29;s30;s22d31;/rC:;;;;;;;;;;;;;;;;;;;;;;;;;;;;;;;;"""	P32246_WT	ChEMBL:CHEMBL2413;ChEMBL:CHEMBL2413;EntrezID:1230	P32246	WT	CHEMBL933432;CHEMBL933431;PubChemAID:322028	PMID:18329267	2008.0	PMID:18329267;PMID:18329267;PubChemAID:322028	2008;2008;2010	1;1;0	0	0	0	0;0;1		=	  6.720;  6.460;  6.721	6.634	0.123	0.087	3.0	6.72	0.001	CCRs_HUMAN_annotated_02879	True
InChI=1S/C21H25Cl2N5O3S/c1-14-4-2-8-28(13-14)21(29)19(6-9-27-7-3-5-15(27)12-24)26-32(30,31)16-10-17(22)20(25)18(23)11-16/h3,5,7,10-11,14,19,26H,2,4,6,8-9,13,25H2,1H3_on_P46092_WT	High	ChEMBL31	ChEMBL31.compound.307676	CC1CCCN(C(=O)C(CCn2cccc2C#N)NS(=O)(=O)c2cc(Cl)c(N)c(Cl)c2)C1	STJFVBFBEPDAGK-UHFFFAOYSA-N	InChI=1S/C21H25Cl2N5O3S/c1-14-4-2-8-28(13-14)21(29)19(6-9-27-7-3-5-15(27)12-24)26-32(30,31)16-10-17(22)20(25)18(23)11-16/h3,5,7,10-11,14,19,26H,2,4,6,8-9,13,25H2,1H3	"""AuxInfo=1/0/N:1,4,14,3,15,10,13,5,11,24,31,17,32,2,16,23,25,29,9,27,7,26,30,18,28,19,12,6,8,21,22,20/E:(10,11)(17,18)(22,23)(30,31)/CRV:32.6/rA:32CCCCCNCOCCCNCCCCCNNSOOCCCClCNCClCC/rB:s1;s2;s3;s4;s5;s6;d7;s7;s9;s10;s11;s12;d13;s14;s12d15;s16;t17;s9;s19;d20;d20;s20;d23;s24;s25;d25;s27;s27;s29;s23d29;s2s6;/rC:;;;;;;;;;;;;;;;;;;;;;;;;;;;;;;;;"""	P46092_WT	ChEMBL:CHEMBL2321628	P46092	WT	CHEMBL3863299	PMID:27692854	2016.0	PMID:27692854	2016	1	0	0	0	0		=	  6.200	6.2	0.0	0.0	1.0	6.2	0.0	CCRs_HUMAN_annotated_02916	True
InChI=1S/C21H25Cl2N5O3S/c1-14-4-8-28(9-5-14)21(29)19(6-10-27-7-2-3-15(27)13-24)26-32(30,31)16-11-17(22)20(25)18(23)12-16/h2-3,7,11-12,14,19,26H,4-6,8-10,25H2,1H3/t19-/m0/s1_on_P46092_WT	High	ChEMBL31	ChEMBL31.compound.307687	CC1CCN(C(=O)[C@H](CCn2cccc2C#N)NS(=O)(=O)c2cc(Cl)c(N)c(Cl)c2)CC1	ZYSPBBJRIQHKDF-IBGZPJMESA-N	InChI=1S/C21H25Cl2N5O3S/c1-14-4-8-28(9-5-14)21(29)19(6-10-27-7-2-3-15(27)13-24)26-32(30,31)16-11-17(22)20(25)18(23)12-16/h2-3,7,11-12,14,19,26H,4-6,8-10,25H2,1H3/t19-/m0/s1	"""AuxInfo=1/0/N:1,13,14,3,32,9,12,4,31,10,23,30,16,2,15,22,24,28,8,26,6,25,29,17,27,18,11,5,7,20,21,19/E:(4,5)(8,9)(11,12)(17,18)(22,23)(30,31)/it:im/CRV:32.6/rA:32CCCCNCOC.eCCNCCCCCNNSOOCCCClCNCClCCC/rB:s1;s2;s3;s4;s5;d6;s6;s8;s9;s10;s11;d12;s13;s11d14;s15;t16;s8;s18;d19;d19;s19;d22;s23;s24;d24;s26;s26;s28;s22d28;s5;s2s31;/rC:;;;;;;;;;;;;;;;;;;;;;;;;;;;;;;;;"""	P46092_WT	ChEMBL:CHEMBL2321628	P46092	WT	CHEMBL3863299	PMID:27692854	2016.0	PMID:27692854	2016	1	0	0	0	0		=	  4.800	4.8	0.0	0.0	1.0	4.8	0.0	CCRs_HUMAN_annotated_02917	True
InChI=1S/C21H25Cl2N5O3S/c1-14-4-8-28(9-5-14)21(29)19(6-10-27-7-2-3-15(27)13-24)26-32(30,31)16-11-17(22)20(25)18(23)12-16/h2-3,7,11-12,14,19,26H,4-6,8-10,25H2,1H3/t19-/m1/s1_on_P46092_WT	High	ChEMBL31	ChEMBL31.compound.307686	CC1CCN(C(=O)[C@@H](CCn2cccc2C#N)NS(=O)(=O)c2cc(Cl)c(N)c(Cl)c2)CC1	ZYSPBBJRIQHKDF-LJQANCHMSA-N	InChI=1S/C21H25Cl2N5O3S/c1-14-4-8-28(9-5-14)21(29)19(6-10-27-7-2-3-15(27)13-24)26-32(30,31)16-11-17(22)20(25)18(23)12-16/h2-3,7,11-12,14,19,26H,4-6,8-10,25H2,1H3/t19-/m1/s1	"""AuxInfo=1/0/N:1,13,14,3,32,9,12,4,31,10,23,30,16,2,15,22,24,28,8,26,6,25,29,17,27,18,11,5,7,20,21,19/E:(4,5)(8,9)(11,12)(17,18)(22,23)(30,31)/it:im/CRV:32.6/rA:32CCCCNCOC.oCCNCCCCCNNSOOCCCClCNCClCCC/rB:s1;s2;s3;s4;s5;d6;s6;s8;s9;s10;s11;d12;s13;s11d14;s15;t16;s8;s18;d19;d19;s19;d22;s23;s24;d24;s26;s26;s28;s22d28;s5;s2s31;/rC:;;;;;;;;;;;;;;;;;;;;;;;;;;;;;;;;"""	P46092_WT	ChEMBL:CHEMBL2321628	P46092	WT	CHEMBL3863299	PMID:27692854	2016.0	PMID:27692854	2016	1	0	0	0	0		=	  8.100	8.1	0.0	0.0	1.0	8.1	0.0	CCRs_HUMAN_annotated_02918	True
InChI=1S/C21H25Cl2N5O3S/c1-14-4-8-28(9-5-14)21(29)19(6-10-27-7-2-3-15(27)13-24)26-32(30,31)16-11-17(22)20(25)18(23)12-16/h2-3,7,11-12,14,19,26H,4-6,8-10,25H2,1H3_on_P25025_WT	Low	ChEMBL31	ChEMBL31.compound.307662	CC1CCN(C(=O)C(CCn2cccc2C#N)NS(=O)(=O)c2cc(Cl)c(N)c(Cl)c2)CC1	ZYSPBBJRIQHKDF-UHFFFAOYSA-N	InChI=1S/C21H25Cl2N5O3S/c1-14-4-8-28(9-5-14)21(29)19(6-10-27-7-2-3-15(27)13-24)26-32(30,31)16-11-17(22)20(25)18(23)12-16/h2-3,7,11-12,14,19,26H,4-6,8-10,25H2,1H3	"""AuxInfo=1/0/N:1,13,14,3,32,9,12,4,31,10,23,30,16,2,15,22,24,28,8,26,6,25,29,17,27,18,11,5,7,20,21,19/E:(4,5)(8,9)(11,12)(17,18)(22,23)(30,31)/CRV:32.6/rA:32CCCCNCOCCCNCCCCCNNSOOCCCClCNCClCCC/rB:s1;s2;s3;s4;s5;d6;s6;s8;s9;s10;s11;d12;s13;s11d14;s15;t16;s8;s18;d19;d19;s19;d22;s23;s24;d24;s26;s26;s28;s22d28;s5;s2s31;/rC:;;;;;;;;;;;;;;;;;;;;;;;;;;;;;;;;"""	P25025_WT	ChEMBL:CHEMBL2434	P25025	WT	CHEMBL3863314	PMID:27692854	2016.0	PMID:27692854	2016	1	0	0	0	0		<	  5.000	5.0	0.0	0.0	1.0	5.0	0.0	CCRs_HUMAN_annotated_02919	True
InChI=1S/C21H25Cl2N5O3S/c1-14-4-8-28(9-5-14)21(29)19(6-10-27-7-2-3-15(27)13-24)26-32(30,31)16-11-17(22)20(25)18(23)12-16/h2-3,7,11-12,14,19,26H,4-6,8-10,25H2,1H3_on_P32246_WT	Low	ChEMBL31	ChEMBL31.compound.307662	CC1CCN(C(=O)C(CCn2cccc2C#N)NS(=O)(=O)c2cc(Cl)c(N)c(Cl)c2)CC1	ZYSPBBJRIQHKDF-UHFFFAOYSA-N	InChI=1S/C21H25Cl2N5O3S/c1-14-4-8-28(9-5-14)21(29)19(6-10-27-7-2-3-15(27)13-24)26-32(30,31)16-11-17(22)20(25)18(23)12-16/h2-3,7,11-12,14,19,26H,4-6,8-10,25H2,1H3	"""AuxInfo=1/0/N:1,13,14,3,32,9,12,4,31,10,23,30,16,2,15,22,24,28,8,26,6,25,29,17,27,18,11,5,7,20,21,19/E:(4,5)(8,9)(11,12)(17,18)(22,23)(30,31)/CRV:32.6/rA:32CCCCNCOCCCNCCCCCNNSOOCCCClCNCClCCC/rB:s1;s2;s3;s4;s5;d6;s6;s8;s9;s10;s11;d12;s13;s11d14;s15;t16;s8;s18;d19;d19;s19;d22;s23;s24;d24;s26;s26;s28;s22d28;s5;s2s31;/rC:;;;;;;;;;;;;;;;;;;;;;;;;;;;;;;;;"""	P32246_WT	ChEMBL:CHEMBL2413	P32246	WT	CHEMBL3863310	PMID:27692854	2016.0	PMID:27692854	2016	1	0	0	0	0		<	  5.000	5.0	0.0	0.0	1.0	5.0	0.0	CCRs_HUMAN_annotated_02920	True
InChI=1S/C21H25Cl2N5O3S/c1-14-4-8-28(9-5-14)21(29)19(6-10-27-7-2-3-15(27)13-24)26-32(30,31)16-11-17(22)20(25)18(23)12-16/h2-3,7,11-12,14,19,26H,4-6,8-10,25H2,1H3_on_P41597_WT	Low	ChEMBL31	ChEMBL31.compound.307662	CC1CCN(C(=O)C(CCn2cccc2C#N)NS(=O)(=O)c2cc(Cl)c(N)c(Cl)c2)CC1	ZYSPBBJRIQHKDF-UHFFFAOYSA-N	InChI=1S/C21H25Cl2N5O3S/c1-14-4-8-28(9-5-14)21(29)19(6-10-27-7-2-3-15(27)13-24)26-32(30,31)16-11-17(22)20(25)18(23)12-16/h2-3,7,11-12,14,19,26H,4-6,8-10,25H2,1H3	"""AuxInfo=1/0/N:1,13,14,3,32,9,12,4,31,10,23,30,16,2,15,22,24,28,8,26,6,25,29,17,27,18,11,5,7,20,21,19/E:(4,5)(8,9)(11,12)(17,18)(22,23)(30,31)/CRV:32.6/rA:32CCCCNCOCCCNCCCCCNNSOOCCCClCNCClCCC/rB:s1;s2;s3;s4;s5;d6;s6;s8;s9;s10;s11;d12;s13;s11d14;s15;t16;s8;s18;d19;d19;s19;d22;s23;s24;d24;s26;s26;s28;s22d28;s5;s2s31;/rC:;;;;;;;;;;;;;;;;;;;;;;;;;;;;;;;;"""	P41597_WT	ChEMBL:CHEMBL4015	P41597	WT	CHEMBL3863311	PMID:27692854	2016.0	PMID:27692854	2016	1	0	0	0	0		<	  5.000	5.0	0.0	0.0	1.0	5.0	0.0	CCRs_HUMAN_annotated_02921	True
InChI=1S/C21H25Cl2N5O3S/c1-14-4-8-28(9-5-14)21(29)19(6-10-27-7-2-3-15(27)13-24)26-32(30,31)16-11-17(22)20(25)18(23)12-16/h2-3,7,11-12,14,19,26H,4-6,8-10,25H2,1H3_on_P46092_WT	High	ChEMBL31	ChEMBL31.compound.307662	CC1CCN(C(=O)C(CCn2cccc2C#N)NS(=O)(=O)c2cc(Cl)c(N)c(Cl)c2)CC1	ZYSPBBJRIQHKDF-UHFFFAOYSA-N	InChI=1S/C21H25Cl2N5O3S/c1-14-4-8-28(9-5-14)21(29)19(6-10-27-7-2-3-15(27)13-24)26-32(30,31)16-11-17(22)20(25)18(23)12-16/h2-3,7,11-12,14,19,26H,4-6,8-10,25H2,1H3	"""AuxInfo=1/0/N:1,13,14,3,32,9,12,4,31,10,23,30,16,2,15,22,24,28,8,26,6,25,29,17,27,18,11,5,7,20,21,19/E:(4,5)(8,9)(11,12)(17,18)(22,23)(30,31)/CRV:32.6/rA:32CCCCNCOCCCNCCCCCNNSOOCCCClCNCClCCC/rB:s1;s2;s3;s4;s5;d6;s6;s8;s9;s10;s11;d12;s13;s11d14;s15;t16;s8;s18;d19;d19;s19;d22;s23;s24;d24;s26;s26;s28;s22d28;s5;s2s31;/rC:;;;;;;;;;;;;;;;;;;;;;;;;;;;;;;;;"""	P46092_WT	ChEMBL:CHEMBL2321628;ChEMBL:CHEMBL2321628;ChEMBL:CHEMBL2321628;ChEMBL:CHEMBL2321628;ChEMBL:CHEMBL2321628;ChEMBL:CHEMBL2321628;ChEMBL:CHEMBL2321628;ChEMBL:CHEMBL2321628;ChEMBL:CHEMBL2321628;ChEMBL:CHEMBL2321628	P46092	WT	CHEMBL3863300;CHEMBL3863304;CHEMBL3863305;CHEMBL3863306;CHEMBL3863299;CHEMBL3863309;CHEMBL3863353;CHEMBL3863303;CHEMBL3863302;CHEMBL3863303	PMID:27692854	2016.0	PMID:27692854	2016	1	0	0	0	0		=	  7.800;  7.900;  7.900;  6.800;  7.700;  7.700;  8.470;  8.500;  8.700;  8.470	7.994	0.535	0.178	10.0	7.9	0.385	CCRs_HUMAN_annotated_02922	True
InChI=1S/C21H25Cl2N5O3S/c1-14-4-8-28(9-5-14)21(29)19(6-10-27-7-2-3-15(27)13-24)26-32(30,31)16-11-17(22)20(25)18(23)12-16/h2-3,7,11-12,14,19,26H,4-6,8-10,25H2,1H3_on_P49682_WT	Low	ChEMBL31	ChEMBL31.compound.307662	CC1CCN(C(=O)C(CCn2cccc2C#N)NS(=O)(=O)c2cc(Cl)c(N)c(Cl)c2)CC1	ZYSPBBJRIQHKDF-UHFFFAOYSA-N	InChI=1S/C21H25Cl2N5O3S/c1-14-4-8-28(9-5-14)21(29)19(6-10-27-7-2-3-15(27)13-24)26-32(30,31)16-11-17(22)20(25)18(23)12-16/h2-3,7,11-12,14,19,26H,4-6,8-10,25H2,1H3	"""AuxInfo=1/0/N:1,13,14,3,32,9,12,4,31,10,23,30,16,2,15,22,24,28,8,26,6,25,29,17,27,18,11,5,7,20,21,19/E:(4,5)(8,9)(11,12)(17,18)(22,23)(30,31)/CRV:32.6/rA:32CCCCNCOCCCNCCCCCNNSOOCCCClCNCClCCC/rB:s1;s2;s3;s4;s5;d6;s6;s8;s9;s10;s11;d12;s13;s11d14;s15;t16;s8;s18;d19;d19;s19;d22;s23;s24;d24;s26;s26;s28;s22d28;s5;s2s31;/rC:;;;;;;;;;;;;;;;;;;;;;;;;;;;;;;;;"""	P49682_WT	ChEMBL:CHEMBL4441	P49682	WT	CHEMBL3863313	PMID:27692854	2016.0	PMID:27692854	2016	1	0	0	0	0		<	  5.000	5.0	0.0	0.0	1.0	5.0	0.0	CCRs_HUMAN_annotated_02923	True
InChI=1S/C21H25Cl2N5O3S/c1-14-4-8-28(9-5-14)21(29)19(6-10-27-7-2-3-15(27)13-24)26-32(30,31)16-11-17(22)20(25)18(23)12-16/h2-3,7,11-12,14,19,26H,4-6,8-10,25H2,1H3_on_P51681_WT	Low	ChEMBL31	ChEMBL31.compound.307662	CC1CCN(C(=O)C(CCn2cccc2C#N)NS(=O)(=O)c2cc(Cl)c(N)c(Cl)c2)CC1	ZYSPBBJRIQHKDF-UHFFFAOYSA-N	InChI=1S/C21H25Cl2N5O3S/c1-14-4-8-28(9-5-14)21(29)19(6-10-27-7-2-3-15(27)13-24)26-32(30,31)16-11-17(22)20(25)18(23)12-16/h2-3,7,11-12,14,19,26H,4-6,8-10,25H2,1H3	"""AuxInfo=1/0/N:1,13,14,3,32,9,12,4,31,10,23,30,16,2,15,22,24,28,8,26,6,25,29,17,27,18,11,5,7,20,21,19/E:(4,5)(8,9)(11,12)(17,18)(22,23)(30,31)/CRV:32.6/rA:32CCCCNCOCCCNCCCCCNNSOOCCCClCNCClCCC/rB:s1;s2;s3;s4;s5;d6;s6;s8;s9;s10;s11;d12;s13;s11d14;s15;t16;s8;s18;d19;d19;s19;d22;s23;s24;d24;s26;s26;s28;s22d28;s5;s2s31;/rC:;;;;;;;;;;;;;;;;;;;;;;;;;;;;;;;;"""	P51681_WT	ChEMBL:CHEMBL274	P51681	WT	CHEMBL3863312	PMID:27692854	2016.0	PMID:27692854	2016	1	0	0	0	0		<	  5.000	5.0	0.0	0.0	1.0	5.0	0.0	CCRs_HUMAN_annotated_02924	True
InChI=1S/C21H25Cl2N5O3S/c1-14-4-8-28(9-5-14)21(29)19(6-10-27-7-2-3-15(27)13-24)26-32(30,31)16-11-17(22)20(25)18(23)12-16/h2-3,7,11-12,14,19,26H,4-6,8-10,25H2,1H3_on_P51684_WT	Low	ChEMBL31	ChEMBL31.compound.307662	CC1CCN(C(=O)C(CCn2cccc2C#N)NS(=O)(=O)c2cc(Cl)c(N)c(Cl)c2)CC1	ZYSPBBJRIQHKDF-UHFFFAOYSA-N	InChI=1S/C21H25Cl2N5O3S/c1-14-4-8-28(9-5-14)21(29)19(6-10-27-7-2-3-15(27)13-24)26-32(30,31)16-11-17(22)20(25)18(23)12-16/h2-3,7,11-12,14,19,26H,4-6,8-10,25H2,1H3	"""AuxInfo=1/0/N:1,13,14,3,32,9,12,4,31,10,23,30,16,2,15,22,24,28,8,26,6,25,29,17,27,18,11,5,7,20,21,19/E:(4,5)(8,9)(11,12)(17,18)(22,23)(30,31)/CRV:32.6/rA:32CCCCNCOCCCNCCCCCNNSOOCCCClCNCClCCC/rB:s1;s2;s3;s4;s5;d6;s6;s8;s9;s10;s11;d12;s13;s11d14;s15;t16;s8;s18;d19;d19;s19;d22;s23;s24;d24;s26;s26;s28;s22d28;s5;s2s31;/rC:;;;;;;;;;;;;;;;;;;;;;;;;;;;;;;;;"""	P51684_WT	ChEMBL:CHEMBL4423	P51684	WT	CHEMBL3863315	PMID:27692854	2016.0	PMID:27692854	2016	1	0	0	0	0		<	  5.000	5.0	0.0	0.0	1.0	5.0	0.0	CCRs_HUMAN_annotated_02925	True
InChI=1S/C21H25Cl2N5O3S/c1-14-4-8-28(9-5-14)21(29)19(6-10-27-7-2-3-15(27)13-24)26-32(30,31)20-12-16(22)18(25)11-17(20)23/h2-3,7,11-12,14,19,26H,4-6,8-10,25H2,1H3_on_P46092_WT	High	ChEMBL31	ChEMBL31.compound.307665	CC1CCN(C(=O)C(CCn2cccc2C#N)NS(=O)(=O)c2c(Cl)cc(N)c(Cl)c2)CC1	VLUQTRJGDOZHRP-UHFFFAOYSA-N	InChI=1S/C21H25Cl2N5O3S/c1-14-4-8-28(9-5-14)21(29)19(6-10-27-7-2-3-15(27)13-24)26-32(30,31)20-12-16(22)18(25)11-17(20)23/h2-3,7,11-12,14,19,26H,4-6,8-10,25H2,1H3	"""AuxInfo=1/0/N:1,13,14,3,32,9,12,4,31,10,25,30,16,2,15,28,23,26,8,22,6,29,24,17,27,18,11,5,7,20,21,19/E:(4,5)(8,9)(30,31)/CRV:32.6/rA:32CCCCNCOCCCNCCCCCNNSOOCCClCCNCClCCC/rB:s1;s2;s3;s4;s5;d6;s6;s8;s9;s10;s11;d12;s13;s11d14;s15;t16;s8;s18;d19;d19;s19;d22;s23;s23;d25;s26;s26;s28;s22d28;s5;s2s31;/rC:;;;;;;;;;;;;;;;;;;;;;;;;;;;;;;;;"""	P46092_WT	ChEMBL:CHEMBL2321628	P46092	WT	CHEMBL3863299	PMID:27692854	2016.0	PMID:27692854	2016	1	0	0	0	0		=	  7.200	7.2	0.0	0.0	1.0	7.2	0.0	CCRs_HUMAN_annotated_02926	True
InChI=1S/C21H25Cl2N5O3S/c1-14-4-8-28(9-5-14)21(29)19(6-10-27-7-2-3-16(27)13-24)26-32(30,31)20-17(23)11-15(22)12-18(20)25/h2-3,7,11-12,14,19,26H,4-6,8-10,25H2,1H3_on_P46092_WT	High	ChEMBL31	ChEMBL31.compound.307664	CC1CCN(C(=O)C(CCn2cccc2C#N)NS(=O)(=O)c2c(Cl)cc(Cl)cc2N)CC1	ACGUCMXPWIANLN-UHFFFAOYSA-N	InChI=1S/C21H25Cl2N5O3S/c1-14-4-8-28(9-5-14)21(29)19(6-10-27-7-2-3-16(27)13-24)26-32(30,31)20-17(23)11-15(22)12-18(20)25/h2-3,7,11-12,14,19,26H,4-6,8-10,25H2,1H3	"""AuxInfo=1/0/N:1,13,14,3,32,9,12,4,31,10,25,28,16,2,26,15,23,29,8,22,6,27,24,17,30,18,11,5,7,20,21,19/E:(4,5)(8,9)(30,31)/CRV:32.6/rA:32CCCCNCOCCCNCCCCCNNSOOCCClCCClCCNCC/rB:s1;s2;s3;s4;s5;d6;s6;s8;s9;s10;s11;d12;s13;s11d14;s15;t16;s8;s18;d19;d19;s19;d22;s23;s23;d25;s26;s26;s22d28;s29;s5;s2s31;/rC:;;;;;;;;;;;;;;;;;;;;;;;;;;;;;;;;"""	P46092_WT	ChEMBL:CHEMBL2321628	P46092	WT	CHEMBL3863299	PMID:27692854	2016.0	PMID:27692854	2016	1	0	0	0	0		=	  7.400	7.4	0.0	0.0	1.0	7.4	0.0	CCRs_HUMAN_annotated_02927	True
InChI=1S/C21H25Cl2N5O3S/c1-14-5-2-3-9-28(14)21(29)19(7-10-27-8-4-6-15(27)13-24)26-32(30,31)16-11-17(22)20(25)18(23)12-16/h4,6,8,11-12,14,19,26H,2-3,5,7,9-10,25H2,1H3_on_P46092_WT	High	ChEMBL31	ChEMBL31.compound.307675	CC1CCCCN1C(=O)C(CCn1cccc1C#N)NS(=O)(=O)c1cc(Cl)c(N)c(Cl)c1	WPYNFVJDHQRBAL-UHFFFAOYSA-N	InChI=1S/C21H25Cl2N5O3S/c1-14-5-2-3-9-28(14)21(29)19(7-10-27-8-4-6-15(27)13-24)26-32(30,31)16-11-17(22)20(25)18(23)12-16/h4,6,8,11-12,14,19,26H,2-3,5,7,9-10,25H2,1H3	"""AuxInfo=1/0/N:1,4,5,15,3,16,11,14,6,12,25,32,18,2,17,24,26,30,10,28,8,27,31,19,29,20,13,7,9,22,23,21/E:(11,12)(17,18)(22,23)(30,31)/CRV:32.6/rA:32CCCCCCNCOCCCNCCCCCNNSOOCCCClCNCClC/rB:s1;s2;s3;s4;s5;s2s6;s7;d8;s8;s10;s11;s12;s13;d14;s15;s13d16;s17;t18;s10;s20;d21;d21;s21;d24;s25;s26;d26;s28;s28;s30;s24d30;/rC:;;;;;;;;;;;;;;;;;;;;;;;;;;;;;;;;"""	P46092_WT	ChEMBL:CHEMBL2321628	P46092	WT	CHEMBL3863299	PMID:27692854	2016.0	PMID:27692854	2016	1	0	0	0	0		=	  6.100	6.1	0.0	0.0	1.0	6.1	0.0	CCRs_HUMAN_annotated_02928	True
InChI=1S/C21H25Cl2N5O3S/c22-17-12-16(13-18(23)20(17)25)32(30,31)26-19(7-11-27-10-5-6-15(27)14-24)21(29)28-8-3-1-2-4-9-28/h5-6,10,12-13,19,26H,1-4,7-9,11,25H2_on_P46092_WT	High	ChEMBL31	ChEMBL31.compound.307677	N#Cc1cccn1CCC(NS(=O)(=O)c1cc(Cl)c(N)c(Cl)c1)C(=O)N1CCCCCC1	ZRDSCFJNFRJWKL-UHFFFAOYSA-N	InChI=1S/C21H25Cl2N5O3S/c22-17-12-16(13-18(23)20(17)25)32(30,31)26-19(7-11-27-10-5-6-15(27)14-24)21(29)28-8-3-1-2-4-9-28/h5-6,10,12-13,19,26H,1-4,7-9,11,25H2	"""AuxInfo=1/0/N:29,30,28,31,5,4,9,27,32,6,8,16,23,2,3,15,17,21,10,19,24,18,22,1,20,11,7,26,25,13,14,12/E:(1,2)(3,4)(8,9)(12,13)(17,18)(22,23)(30,31)/CRV:32.6/rA:32NCCCCCNCCCNSOOCCCClCNCClCCONCCCCCC/rB:t1;s2;d3;s4;d5;s3s6;s7;s8;s9;s10;s11;d12;d12;s12;d15;s16;s17;d17;s19;s19;s21;s15d21;s10;d24;s24;s26;s27;s28;s29;s30;s26s31;/rC:;;;;;;;;;;;;;;;;;;;;;;;;;;;;;;;;"""	P46092_WT	ChEMBL:CHEMBL2321628	P46092	WT	CHEMBL3863299	PMID:27692854	2016.0	PMID:27692854	2016	1	0	0	0	0		=	  6.600	6.6	0.0	0.0	1.0	6.6	0.0	CCRs_HUMAN_annotated_02929	True
InChI=1S/C21H25NO3/c1-13-7-11-16(12-8-13)22-18(14-5-3-2-4-6-14)17(20(24)21(22)25)19(23)15-9-10-15/h7-8,11-12,14-15,18,24H,2-6,9-10H2,1H3_on_P32246_WT	High	ChEMBL31	ChEMBL31.compound.414404	Cc1ccc(N2C(=O)C(O)=C(C(=O)C3CC3)C2C2CCCCC2)cc1	VKUIPZIEQFUJHB-UHFFFAOYSA-N	InChI=1S/C21H25NO3/c1-13-7-11-16(12-8-13)22-18(14-5-3-2-4-6-14)17(20(24)21(22)25)19(23)15-9-10-15/h7-8,11-12,14-15,18,24H,2-6,9-10H2,1H3	"""AuxInfo=1/0/N:1,21,20,22,19,23,3,25,15,16,4,24,2,18,14,5,11,17,12,9,7,6,13,10,8/E:(3,4)(5,6)(7,8)(9,10)(11,12)/rA:25CCCCCNCOCOCCOCCCCCCCCCCCC/rB:s1;d2;s3;d4;s5;s6;d7;s7;s9;w?9;s11;d12;s12;s14;s14s15;s6s11;s17;s18;s19;s20;s21;s18s22;s5;s2d24;/rC:;;;;;;;;;;;;;;;;;;;;;;;;;"""	P32246_WT	ChEMBL:CHEMBL2413;ChEMBL:CHEMBL2413	P32246	WT	CHEMBL4371695	PMID:30256641	2018.0	PMID:30256641	2018	0	0	0	1	0		=	  7.740;  7.720	7.73	0.01	0.01	2.0	7.73	0.01	CCRs_HUMAN_annotated_02947	True
InChI=1S/C21H25NO3/c1-13-7-11-16(12-8-13)22-18(14-5-3-2-4-6-14)17(20(24)21(22)25)19(23)15-9-10-15/h7-8,11-12,14-15,18,24H,2-6,9-10H2,1H3_on_P41597_WT	High	ChEMBL31	ChEMBL31.compound.414404	Cc1ccc(N2C(=O)C(O)=C(C(=O)C3CC3)C2C2CCCCC2)cc1	VKUIPZIEQFUJHB-UHFFFAOYSA-N	InChI=1S/C21H25NO3/c1-13-7-11-16(12-8-13)22-18(14-5-3-2-4-6-14)17(20(24)21(22)25)19(23)15-9-10-15/h7-8,11-12,14-15,18,24H,2-6,9-10H2,1H3	"""AuxInfo=1/0/N:1,21,20,22,19,23,3,25,15,16,4,24,2,18,14,5,11,17,12,9,7,6,13,10,8/E:(3,4)(5,6)(7,8)(9,10)(11,12)/rA:25CCCCCNCOCOCCOCCCCCCCCCCCC/rB:s1;d2;s3;d4;s5;s6;d7;s7;s9;w?9;s11;d12;s12;s14;s14s15;s6s11;s17;s18;s19;s20;s21;s18s22;s5;s2d24;/rC:;;;;;;;;;;;;;;;;;;;;;;;;;"""	P41597_WT	ChEMBL:CHEMBL4015;ChEMBL:CHEMBL4015	P41597	WT	CHEMBL4371696	PMID:30256641	2018.0	PMID:30256641	2018	0	0	0	1	0		=	  6.800;  6.800	6.8	0.0	0.0	2.0	6.8	0.0	CCRs_HUMAN_annotated_02948	True
InChI=1S/C21H26Cl2N2O3S/c1-16-4-2-5-19(23)20(16)29(27,28)24-12-3-13-25-14-10-21(26,11-15-25)17-6-8-18(22)9-7-17/h2,4-9,24,26H,3,10-15H2,1H3_on_P32246_WT	High	ChEMBL31	ChEMBL31.compound.92314	Cc1cccc(Cl)c1S(=O)(=O)NCCCN1CCC(O)(c2ccc(Cl)cc2)CC1	STJZOQCHFDLLAW-UHFFFAOYSA-N	InChI=1S/C21H26Cl2N2O3S/c1-16-4-2-5-19(23)20(16)29(27,28)24-12-3-13-25-14-10-21(26,11-15-25)17-6-8-18(22)9-7-17/h2,4-9,24,26H,3,10-15H2,1H3	"""AuxInfo=1/0/N:1,4,14,3,5,22,27,23,26,18,28,13,15,17,29,2,21,24,6,8,19,25,7,12,16,20,10,11,9/E:(6,7)(8,9)(10,11)(14,15)(27,28)/CRV:29.6/rA:29CCCCCCClCSOONCCCNCCCOCCCCClCCCC/rB:s1;d2;s3;d4;s5;s6;s2d6;s8;d9;d9;s9;s12;s13;s14;s15;s16;s17;s18;s19;s19;d21;s22;d23;s24;s24;s21d26;s19;s16s28;/rC:;;;;;;;;;;;;;;;;;;;;;;;;;;;;;"""	P32246_WT	ChEMBL:CHEMBL2413;ChEMBL:CHEMBL2413	P32246	WT	CHEMBL933432;CHEMBL933431	PMID:18329267	2008.0	PMID:18329267	2008	1	0	0	0	0		=	  7.400;  7.050	7.225	0.175	0.175	2.0	7.225	0.175	CCRs_HUMAN_annotated_02954	True
InChI=1S/C21H26N4O3S/c1-17-9-13-25(14-10-17)21(26)20(11-15-24-12-5-6-18(24)16-22)23-29(27,28)19-7-3-2-4-8-19/h2-8,12,17,20,23H,9-11,13-15H2,1H3_on_P46092_WT	High	ChEMBL31	ChEMBL31.compound.307663	CC1CCN(C(=O)C(CCn2cccc2C#N)NS(=O)(=O)c2ccccc2)CC1	UWIFNZPQBKJFLK-UHFFFAOYSA-N	InChI=1S/C21H26N4O3S/c1-17-9-13-25(14-10-17)21(26)20(11-15-24-12-5-6-18(24)16-22)23-29(27,28)19-7-3-2-4-8-19/h2-8,12,17,20,23H,9-11,13-15H2,1H3	"""AuxInfo=1/0/N:1,25,24,26,13,14,23,27,3,29,9,12,4,28,10,16,2,15,22,8,6,17,18,11,5,7,20,21,19/E:(3,4)(7,8)(9,10)(13,14)(27,28)/CRV:29.6/rA:29CCCCNCOCCCNCCCCCNNSOOCCCCCCCC/rB:s1;s2;s3;s4;s5;d6;s6;s8;s9;s10;s11;d12;s13;s11d14;s15;t16;s8;s18;d19;d19;s19;d22;s23;d24;s25;s22d26;s5;s2s28;/rC:;;;;;;;;;;;;;;;;;;;;;;;;;;;;;"""	P46092_WT	ChEMBL:CHEMBL2321628	P46092	WT	CHEMBL3863299	PMID:27692854	2016.0	PMID:27692854	2016	1	0	0	0	0		=	  5.900	5.9	0.0	0.0	1.0	5.9	0.0	CCRs_HUMAN_annotated_02990	True
InChI=1S/C21H27ClN2O3S/c1-17-3-9-20(10-4-17)28(26,27)23-13-2-14-24-15-11-21(25,12-16-24)18-5-7-19(22)8-6-18/h3-10,23,25H,2,11-16H2,1H3_on_P32246_WT	High	ChEMBL31;ChEMBL31;ExCAPE-DB	ChEMBL31.compound.92296;ChEMBL31.compound.92296;44453199	Cc1ccc(S(=O)(=O)NCCCN2CCC(O)(c3ccc(Cl)cc3)CC2)cc1	JCZKKGZHOSBLBV-UHFFFAOYSA-N	InChI=1S/C21H27ClN2O3S/c1-17-3-9-20(10-4-17)28(26,27)23-13-2-14-24-15-11-21(25,12-16-24)18-5-7-19(22)8-6-18/h3-10,23,25H,2,11-16H2,1H3	"""AuxInfo=1/0/N:1,11,3,28,19,24,20,23,4,27,15,25,10,12,14,26,2,18,21,5,16,22,9,13,17,7,8,6/E:(3,4)(5,6)(7,8)(9,10)(11,12)(15,16)(26,27)/CRV:28.6/rA:28CCCCCSOONCCCNCCCOCCCCClCCCCCC/rB:s1;d2;s3;d4;s5;d6;d6;s6;s9;s10;s11;s12;s13;s14;s15;s16;s16;d18;s19;d20;s21;s21;s18d23;s16;s13s25;s5;s2d27;/rC:;;;;;;;;;;;;;;;;;;;;;;;;;;;;"""	P32246_WT	ChEMBL:CHEMBL2413;ChEMBL:CHEMBL2413;EntrezID:1230	P32246	WT	CHEMBL933431;CHEMBL933432;PubChemAID:322028	PMID:18329267	2008.0	PMID:18329267;PMID:18329267;PubChemAID:322028	2008;2008;2010	1;1;0	0	0	0	0;0;1		=	  6.370;  6.920;  6.921	6.737	0.26	0.184	3.0	6.92	0.001	CCRs_HUMAN_annotated_03000	True
InChI=1S/C21H27ClN2O3S/c1-17-5-2-3-6-20(17)28(26,27)23-13-4-14-24-15-11-21(25,12-16-24)18-7-9-19(22)10-8-18/h2-3,5-10,23,25H,4,11-16H2,1H3_on_P32246_WT	High	ChEMBL31;ChEMBL31;ExCAPE-DB	ChEMBL31.compound.92295;ChEMBL31.compound.92295;44453202	Cc1c(S(=O)(=O)NCCCN2CCC(O)(c3ccc(Cl)cc3)CC2)cccc1	ZGHLZIJPMKXIHH-UHFFFAOYSA-N	InChI=1S/C21H27ClN2O3S/c1-17-5-2-3-6-20(17)28(26,27)23-13-4-14-24-15-11-21(25,12-16-24)18-7-9-19(22)10-8-18/h2-3,5-10,23,25H,4,11-16H2,1H3	"""AuxInfo=1/0/N:1,27,26,9,28,25,17,22,18,21,13,23,8,10,12,24,2,16,19,3,14,20,7,11,15,5,6,4/E:(7,8)(9,10)(11,12)(15,16)(26,27)/CRV:28.6/rA:28CCCSOONCCCNCCCOCCCCClCCCCCCCC/rB:s1;d2;s3;d4;d4;s4;s7;s8;s9;s10;s11;s12;s13;s14;s14;d16;s17;d18;s19;s19;s16d21;s14;s11s23;s3;d25;s26;s2d27;/rC:;;;;;;;;;;;;;;;;;;;;;;;;;;;;"""	P32246_WT	ChEMBL:CHEMBL2413;ChEMBL:CHEMBL2413;EntrezID:1230	P32246	WT	CHEMBL933431;CHEMBL933432;PubChemAID:322028	PMID:18329267	2008.0	PMID:18329267;PMID:18329267;PubChemAID:322028	2008;2008;2010	1;1;0	0	0	0	0;0;1		=	  6.820;  7.520;  7.523	7.288	0.331	0.234	3.0	7.52	0.003	CCRs_HUMAN_annotated_03001	True
InChI=1S/C21H27ClN2O4S/c1-28-19-7-9-20(10-8-19)29(26,27)23-13-2-14-24-15-11-21(25,12-16-24)17-3-5-18(22)6-4-17/h3-10,23,25H,2,11-16H2,1H3_on_P32246_WT	High	ChEMBL31;ChEMBL31;ExCAPE-DB	ChEMBL31.compound.92301;ChEMBL31.compound.92301;44453641	COc1ccc(S(=O)(=O)NCCCN2CCC(O)(c3ccc(Cl)cc3)CC2)cc1	HITVJTYWBNSGGB-UHFFFAOYSA-N	InChI=1S/C21H27ClN2O4S/c1-28-19-7-9-20(10-8-19)29(26,27)23-13-2-14-24-15-11-21(25,12-16-24)17-3-5-18(22)6-4-17/h3-10,23,25H,2,11-16H2,1H3	"""AuxInfo=1/0/N:1,12,20,25,21,24,4,29,5,28,16,26,11,13,15,27,19,22,3,6,17,23,10,14,18,8,9,2,7/E:(3,4)(5,6)(7,8)(9,10)(11,12)(15,16)(26,27)/CRV:29.6/rA:29COCCCCSOONCCCNCCCOCCCCClCCCCCC/rB:s1;s2;d3;s4;d5;s6;d7;d7;s7;s10;s11;s12;s13;s14;s15;s16;s17;s17;d19;s20;d21;s22;s22;s19d24;s17;s14s26;s6;s3d28;/rC:;;;;;;;;;;;;;;;;;;;;;;;;;;;;;"""	P32246_WT	ChEMBL:CHEMBL2413;ChEMBL:CHEMBL2413;EntrezID:1230	P32246	WT	CHEMBL933431;CHEMBL933432;PubChemAID:322028	PMID:18329267	2008.0	PMID:18329267;PMID:18329267;PubChemAID:322028	2008;2008;2010	1;1;0	0	0	0	0;0;1		=	  5.410;  6.080;  6.081	5.857	0.316	0.224	3.0	6.08	0.001	CCRs_HUMAN_annotated_03003	True
InChI=1S/C21H27NO3/c1-3-7-17(23)18-19(15-8-5-4-6-9-15)22(21(25)20(18)24)16-12-10-14(2)11-13-16/h10-13,15,19,24H,3-9H2,1-2H3_on_P32246_WT	High	ChEMBL31	ChEMBL31.compound.414407	CCCC(=O)C1=C(O)C(=O)N(c2ccc(C)cc2)C1C1CCCCC1	UVLRQIJLSWXUPM-UHFFFAOYSA-N	InChI=1S/C21H27NO3/c1-3-7-17(23)18-19(15-8-5-4-6-9-15)22(21(25)20(18)24)16-12-10-14(2)11-13-16/h10-13,15,19,24H,3-9H2,1-2H3	"""AuxInfo=1/0/N:1,16,2,23,22,24,3,21,25,14,17,13,18,15,20,12,4,6,19,7,9,11,5,8,10/E:(5,6)(8,9)(10,11)(12,13)/rA:25CCCCOCCOCONCCCCCCCCCCCCCC/rB:s1;s2;s3;d4;s4;w?6;s7;s7;d9;s9;s11;d12;s13;d14;s15;s15;s12d17;s6s11;s19;s20;s21;s22;s23;s20s24;/rC:;;;;;;;;;;;;;;;;;;;;;;;;;"""	P32246_WT	ChEMBL:CHEMBL2413;ChEMBL:CHEMBL2413	P32246	WT	CHEMBL4371695	PMID:30256641	2018.0	PMID:30256641	2018	0	0	0	1	0		=	  7.540;  7.540	7.54	0.0	0.0	2.0	7.54	0.0	CCRs_HUMAN_annotated_03041	True
InChI=1S/C21H27NO3/c1-3-7-17(23)18-19(15-8-5-4-6-9-15)22(21(25)20(18)24)16-12-10-14(2)11-13-16/h10-13,15,19,24H,3-9H2,1-2H3_on_P41597_WT	High	ChEMBL31	ChEMBL31.compound.414407	CCCC(=O)C1=C(O)C(=O)N(c2ccc(C)cc2)C1C1CCCCC1	UVLRQIJLSWXUPM-UHFFFAOYSA-N	InChI=1S/C21H27NO3/c1-3-7-17(23)18-19(15-8-5-4-6-9-15)22(21(25)20(18)24)16-12-10-14(2)11-13-16/h10-13,15,19,24H,3-9H2,1-2H3	"""AuxInfo=1/0/N:1,16,2,23,22,24,3,21,25,14,17,13,18,15,20,12,4,6,19,7,9,11,5,8,10/E:(5,6)(8,9)(10,11)(12,13)/rA:25CCCCOCCOCONCCCCCCCCCCCCCC/rB:s1;s2;s3;d4;s4;w?6;s7;s7;d9;s9;s11;d12;s13;d14;s15;s15;s12d17;s6s11;s19;s20;s21;s22;s23;s20s24;/rC:;;;;;;;;;;;;;;;;;;;;;;;;;"""	P41597_WT	ChEMBL:CHEMBL4015;ChEMBL:CHEMBL4015	P41597	WT	CHEMBL4371696	PMID:30256641	2018.0	PMID:30256641	2018	0	0	0	1	0		=	  6.840;  6.860	6.85	0.01	0.01	2.0	6.85	0.01	CCRs_HUMAN_annotated_03042	True
InChI=1S/C21H27NO3/c1-13(2)19(23)17-18(15-7-5-4-6-8-15)22(21(25)20(17)24)16-11-9-14(3)10-12-16/h9-13,15,18,24H,4-8H2,1-3H3_on_P32246_WT	High	ChEMBL31	ChEMBL31.compound.414405	Cc1ccc(N2C(=O)C(O)=C(C(=O)C(C)C)C2C2CCCCC2)cc1	PUKIAWNJPGVZPZ-UHFFFAOYSA-N	InChI=1S/C21H27NO3/c1-13(2)19(23)17-18(15-7-5-4-6-8-15)22(21(25)20(17)24)16-11-9-14(3)10-12-16/h9-13,15,18,24H,4-8H2,1-3H3	"""AuxInfo=1/0/N:15,16,1,21,20,22,19,23,3,25,4,24,14,2,18,5,11,17,12,9,7,6,13,10,8/E:(1,2)(5,6)(7,8)(9,10)(11,12)/rA:25CCCCCNCOCOCCOCCCCCCCCCCCC/rB:s1;d2;s3;d4;s5;s6;d7;s7;s9;w?9;s11;d12;s12;s14;s14;s6s11;s17;s18;s19;s20;s21;s18s22;s5;s2d24;/rC:;;;;;;;;;;;;;;;;;;;;;;;;;"""	P32246_WT	ChEMBL:CHEMBL2413;ChEMBL:CHEMBL2413	P32246	WT	CHEMBL4371695	PMID:30256641	2018.0	PMID:30256641	2018	0	0	0	1	0		=	  7.380;  7.390	7.385	0.005	0.005	2.0	7.385	0.005	CCRs_HUMAN_annotated_03043	True
InChI=1S/C21H27NO3/c1-13(2)19(23)17-18(15-7-5-4-6-8-15)22(21(25)20(17)24)16-11-9-14(3)10-12-16/h9-13,15,18,24H,4-8H2,1-3H3_on_P41597_WT	High	ChEMBL31	ChEMBL31.compound.414405	Cc1ccc(N2C(=O)C(O)=C(C(=O)C(C)C)C2C2CCCCC2)cc1	PUKIAWNJPGVZPZ-UHFFFAOYSA-N	InChI=1S/C21H27NO3/c1-13(2)19(23)17-18(15-7-5-4-6-8-15)22(21(25)20(17)24)16-11-9-14(3)10-12-16/h9-13,15,18,24H,4-8H2,1-3H3	"""AuxInfo=1/0/N:15,16,1,21,20,22,19,23,3,25,4,24,14,2,18,5,11,17,12,9,7,6,13,10,8/E:(1,2)(5,6)(7,8)(9,10)(11,12)/rA:25CCCCCNCOCOCCOCCCCCCCCCCCC/rB:s1;d2;s3;d4;s5;s6;d7;s7;s9;w?9;s11;d12;s12;s14;s14;s6s11;s17;s18;s19;s20;s21;s18s22;s5;s2d24;/rC:;;;;;;;;;;;;;;;;;;;;;;;;;"""	P41597_WT	ChEMBL:CHEMBL4015;ChEMBL:CHEMBL4015	P41597	WT	CHEMBL4371696	PMID:30256641	2018.0	PMID:30256641	2018	0	0	0	1	0		=	  6.500;  6.500	6.5	0.0	0.0	2.0	6.5	0.0	CCRs_HUMAN_annotated_03044	True
InChI=1S/C21H27NO3/c1-14-10-12-17(13-11-14)22-19(16-8-6-4-3-5-7-9-16)18(15(2)23)20(24)21(22)25/h10-13,16,19,24H,3-9H2,1-2H3_on_P32246_WT	High	ChEMBL31	ChEMBL31.compound.414383	CC(=O)C1=C(O)C(=O)N(c2ccc(C)cc2)C1C1CCCCCCC1	BKQDNXBGUIWZEK-UHFFFAOYSA-N	InChI=1S/C21H27NO3/c1-14-10-12-17(13-11-14)22-19(16-8-6-4-3-5-7-9-16)18(15(2)23)20(24)21(22)25/h10-13,16,19,24H,3-9H2,1-2H3	"""AuxInfo=1/0/N:14,1,22,21,23,20,24,19,25,12,15,11,16,13,2,18,10,4,17,5,7,9,3,6,8/E:(4,5)(6,7)(8,9)(10,11)(12,13)/rA:25CCOCCOCONCCCCCCCCCCCCCCCC/rB:s1;d2;s2;w?4;s5;s5;d7;s7;s9;d10;s11;d12;s13;s13;s10d15;s4s9;s17;s18;s19;s20;s21;s22;s23;s18s24;/rC:;;;;;;;;;;;;;;;;;;;;;;;;;"""	P32246_WT	ChEMBL:CHEMBL2413;ChEMBL:CHEMBL2413	P32246	WT	CHEMBL4371695	PMID:30256641	2018.0	PMID:30256641	2018	0	0	0	1	0		=	  7.240;  7.240	7.24	0.0	0.0	2.0	7.24	0.0	CCRs_HUMAN_annotated_03045	True
InChI=1S/C21H27NO3/c1-14-10-12-17(13-11-14)22-19(16-8-6-4-3-5-7-9-16)18(15(2)23)20(24)21(22)25/h10-13,16,19,24H,3-9H2,1-2H3_on_P41597_WT	High	ChEMBL31	ChEMBL31.compound.414383	CC(=O)C1=C(O)C(=O)N(c2ccc(C)cc2)C1C1CCCCCCC1	BKQDNXBGUIWZEK-UHFFFAOYSA-N	InChI=1S/C21H27NO3/c1-14-10-12-17(13-11-14)22-19(16-8-6-4-3-5-7-9-16)18(15(2)23)20(24)21(22)25/h10-13,16,19,24H,3-9H2,1-2H3	"""AuxInfo=1/0/N:14,1,22,21,23,20,24,19,25,12,15,11,16,13,2,18,10,4,17,5,7,9,3,6,8/E:(4,5)(6,7)(8,9)(10,11)(12,13)/rA:25CCOCCOCONCCCCCCCCCCCCCCCC/rB:s1;d2;s2;w?4;s5;s5;d7;s7;s9;d10;s11;d12;s13;s13;s10d15;s4s9;s17;s18;s19;s20;s21;s22;s23;s18s24;/rC:;;;;;;;;;;;;;;;;;;;;;;;;;"""	P41597_WT	ChEMBL:CHEMBL4015;ChEMBL:CHEMBL4015	P41597	WT	CHEMBL4371696	PMID:30256641	2018.0	PMID:30256641	2018	0	0	0	1	0		=	  6.790;  6.770	6.78	0.01	0.01	2.0	6.78	0.01	CCRs_HUMAN_annotated_03046	True
InChI=1S/C22H15ClN2O3S2/c23-18-3-6-21(20(13-18)22(26)16-7-10-24-11-8-16)25-30(27,28)19-4-1-15(2-5-19)17-9-12-29-14-17/h1-14,25H_on_P51686_WT	Low	ChEMBL31	ChEMBL31.compound.1070773	O=C(c1ccncc1)c1cc(Cl)ccc1NS(=O)(=O)c1ccc(-c2cscc2)cc1	UIGDKAXWQJACCQ-UHFFFAOYSA-N	InChI=1S/C22H15ClN2O3S2/c23-18-3-6-21(20(13-18)22(26)16-7-10-24-11-8-16)25-30(27,28)19-4-1-15(2-5-19)17-9-12-29-14-17/h1-14,25H	"""AuxInfo=1/0/N:22,29,13,21,30,14,4,8,28,5,7,27,10,25,23,3,24,11,20,9,15,2,12,6,16,1,18,19,26,17/E:(1,2)(4,5)(7,8)(10,11)(27,28)/CRV:30.6/rA:30OCCCCNCCCCCClCCCNSOOCCCCCCSCCCC/rB:d1;s2;d3;s4;d5;s6;s3d7;s2;d9;s10;s11;d11;s13;s9d14;s15;s16;d17;d17;s17;d20;s21;d22;s23;d24;s25;s26;s24d27;s23;s20d29;/rC:;;;;;;;;;;;;;;;;;;;;;;;;;;;;;;"""	P51686_WT	ChEMBL:CHEMBL5815;ChEMBL:CHEMBL5815	P51686	WT	CHEMBL3721193;CHEMBL3721192	PATENT:US7420055B2	2008.0	PATENT:US7420055B2	2008	1	0	0	0	0		>	  6.000;  6.000	6.0	0.0	0.0	2.0	6.0	0.0	CCRs_HUMAN_annotated_03171	True
InChI=1S/C22H15ClN2O4S/c23-17-5-8-20(19(14-17)22(26)16-9-11-24-12-10-16)25-30(27,28)18-6-3-15(4-7-18)21-2-1-13-29-21/h1-14,25H_on_P51686_WT	Low	ChEMBL31	ChEMBL31.compound.1070747	O=C(c1ccncc1)c1cc(Cl)ccc1NS(=O)(=O)c1ccc(-c2ccco2)cc1	RVRRLRFQJJZNPP-UHFFFAOYSA-N	InChI=1S/C22H15ClN2O4S/c23-17-5-8-20(19(14-17)22(26)16-9-11-24-12-10-16)25-30(27,28)18-6-3-15(4-7-18)21-2-1-13-29-21/h1-14,25H	"""AuxInfo=1/0/N:26,25,22,29,13,21,30,14,4,8,5,7,27,10,23,3,11,20,9,15,24,2,12,6,16,1,18,19,28,17/E:(3,4)(6,7)(9,10)(11,12)(27,28)/CRV:30.6/rA:30OCCCCNCCCCCClCCCNSOOCCCCCCCCOCC/rB:d1;s2;d3;s4;d5;s6;s3d7;s2;d9;s10;s11;d11;s13;s9d14;s15;s16;d17;d17;s17;d20;s21;d22;s23;d24;s25;d26;s24s27;s23;s20d29;/rC:;;;;;;;;;;;;;;;;;;;;;;;;;;;;;;"""	P51686_WT	ChEMBL:CHEMBL5815;ChEMBL:CHEMBL5815	P51686	WT	CHEMBL3721193;CHEMBL3721192	PATENT:US7420055B2	2008.0	PATENT:US7420055B2	2008	1	0	0	0	0		>	  6.000;  6.000	6.0	0.0	0.0	2.0	6.0	0.0	CCRs_HUMAN_annotated_03172	True
InChI=1S/C22H15ClN2O4S/c23-18-3-6-21(20(13-18)22(26)16-7-10-24-11-8-16)25-30(27,28)19-4-1-15(2-5-19)17-9-12-29-14-17/h1-14,25H_on_P51686_WT	Low	ChEMBL31	ChEMBL31.compound.1070749	O=C(c1ccncc1)c1cc(Cl)ccc1NS(=O)(=O)c1ccc(-c2cocc2)cc1	SOQMYMUXTCADGN-UHFFFAOYSA-N	InChI=1S/C22H15ClN2O4S/c23-18-3-6-21(20(13-18)22(26)16-7-10-24-11-8-16)25-30(27,28)19-4-1-15(2-5-19)17-9-12-29-14-17/h1-14,25H	"""AuxInfo=1/0/N:22,29,13,21,30,14,4,8,28,5,7,27,10,25,23,3,24,11,20,9,15,2,12,6,16,1,18,19,26,17/E:(1,2)(4,5)(7,8)(10,11)(27,28)/CRV:30.6/rA:30OCCCCNCCCCCClCCCNSOOCCCCCCOCCCC/rB:d1;s2;d3;s4;d5;s6;s3d7;s2;d9;s10;s11;d11;s13;s9d14;s15;s16;d17;d17;s17;d20;s21;d22;s23;d24;s25;s26;s24d27;s23;s20d29;/rC:;;;;;;;;;;;;;;;;;;;;;;;;;;;;;;"""	P51686_WT	ChEMBL:CHEMBL5815;ChEMBL:CHEMBL5815	P51686	WT	CHEMBL3721193;CHEMBL3721192	PATENT:US7420055B2	2008.0	PATENT:US7420055B2	2008	1	0	0	0	0		>	  6.000;  6.000	6.0	0.0	0.0	2.0	6.0	0.0	CCRs_HUMAN_annotated_03173	True
InChI=1S/C22H15ClN2O5S/c23-18-3-6-21(20(13-18)22(26)16-7-10-25(27)11-8-16)24-31(28,29)19-4-1-15(2-5-19)17-9-12-30-14-17/h1-14,24H_on_P51686_WT	Low	ChEMBL31	ChEMBL31.compound.1070752	O=C(c1cc[n+]([O-])cc1)c1cc(Cl)ccc1NS(=O)(=O)c1ccc(-c2cocc2)cc1	SNKYUTXYPFEABO-UHFFFAOYSA-N	InChI=1S/C22H15ClN2O5S/c23-18-3-6-21(20(13-18)22(26)16-7-10-25(27)11-8-16)24-31(28,29)19-4-1-15(2-5-19)17-9-12-30-14-17/h1-14,24H	"""AuxInfo=1/0/N:23,30,14,22,31,15,4,9,29,5,8,28,11,26,24,3,25,12,21,10,16,2,13,17,6,1,7,19,20,27,18/E:(1,2)(4,5)(7,8)(10,11)(28,29)/CRV:25.5,31.6/rA:31OCCCCN+O-CCCCCClCCCNSOOCCCCCCOCCCC/rB:d1;s2;d3;s4;d5;s6;s6;s3d8;s2;d10;s11;s12;d12;s14;s10d15;s16;s17;d18;d18;s18;d21;s22;d23;s24;d25;s26;s27;s25d28;s24;s21d30;/rC:;;;;;;;;;;;;;;;;;;;;;;;;;;;;;;;"""	P51686_WT	ChEMBL:CHEMBL5815;ChEMBL:CHEMBL5815	P51686	WT	CHEMBL3721192;CHEMBL3721193	PATENT:US7420055B2	2008.0	PATENT:US7420055B2	2008	1	0	0	0	0		>	  6.000;  6.000	6.0	0.0	0.0	2.0	6.0	0.0	CCRs_HUMAN_annotated_03174	True
InChI=1S/C22H16Cl2N2O3S/c23-18-11-10-15(12-19(18)24)14-26-20-9-5-4-6-16(20)13-21(26)22(27)25-30(28,29)17-7-2-1-3-8-17/h1-13H,14H2,(H,25,27)_on_P41597_WT	Medium	ChEMBL31	ChEMBL31.compound.699836	O=C(NS(=O)(=O)c1ccccc1)c1cc2ccccc2n1Cc1cc(Cl)c(Cl)cc1	YIGWFXXIGRKFDH-UHFFFAOYSA-N	InChI=1S/C22H16Cl2N2O3S/c23-18-11-10-15(12-19(18)24)14-26-20-9-5-4-6-16(20)13-21(26)22(27)25-30(28,29)17-7-2-1-3-8-17/h1-13H,14H2,(H,25,27)	"""AuxInfo=1/1/N:10,9,11,17,18,16,8,12,19,30,29,24,14,22,23,15,7,27,25,20,13,2,28,26,3,21,1,5,6,4/E:(2,3)(7,8)(28,29)/CRV:30.6/rA:30OCNSOOCCCCCCCCCCCCCCNCCCCClCClCC/rB:d1;s2;s3;d4;d4;s4;d7;s8;d9;s10;s7d11;s2;d13;s14;d15;s16;d17;s18;s15d19;s13s20;s21;s22;d23;s24;s25;d25;s27;s27;s23d29;/rC:;;;;;;;;;;;;;;;;;;;;;;;;;;;;;;"""	P41597_WT	ChEMBL:CHEMBL4015	P41597	WT	CHEMBL655684	PMID:14698169	2004.0	PMID:14698169	2004	1	0	0	0	0		=	  5.320	5.32	0.0	0.0	1.0	5.32	0.0	CCRs_HUMAN_annotated_03188	True
InChI=1S/C22H16ClN3O4S/c1-14-2-3-16(11-25-14)22(27)19-10-17(23)6-9-20(19)26-31(28,29)18-7-4-15(5-8-18)21-12-24-13-30-21/h2-13,26H,1H3_on_P51686_WT	Low	ChEMBL31	ChEMBL31.compound.1070712	Cc1ncc(C(=O)c2cc(Cl)ccc2NS(=O)(=O)c2ccc(-c3cnco3)cc2)cc1	LMCTYGSRGRBZQE-UHFFFAOYSA-N	InChI=1S/C22H16ClN3O4S/c1-14-2-3-16(11-25-14)22(27)19-10-17(23)6-9-20(19)26-31(28,29)18-7-4-15(5-8-18)21-12-24-13-30-21/h2-13,26H,1H3	"""AuxInfo=1/0/N:1,31,30,21,28,12,20,29,13,9,4,24,26,2,22,5,10,19,8,14,23,6,11,25,3,15,7,17,18,27,16/E:(4,5)(7,8)(28,29)/CRV:31.6/rA:31CCNCCCOCCCClCCCNSOOCCCCCCNCOCCCC/rB:s1;d2;s3;d4;s5;d6;s6;d8;s9;s10;d10;s12;s8d13;s14;s15;d16;d16;s16;d19;s20;d21;s22;d23;s24;d25;s23s26;s22;s19d28;s5;s2d30;/rC:;;;;;;;;;;;;;;;;;;;;;;;;;;;;;;;"""	P51686_WT	ChEMBL:CHEMBL5815;ChEMBL:CHEMBL5815	P51686	WT	CHEMBL3721192;CHEMBL3721193	PATENT:US7420055B2	2008.0	PATENT:US7420055B2	2008	1	0	0	0	0		>	  6.000;  6.000	6.0	0.0	0.0	2.0	6.0	0.0	CCRs_HUMAN_annotated_03190	True
InChI=1S/C22H16ClN3O4S/c1-14-3-2-4-20(25-14)22(27)18-11-16(23)7-10-19(18)26-31(28,29)17-8-5-15(6-9-17)21-12-24-13-30-21/h2-13,26H,1H3_on_P51686_WT	Low	ChEMBL31	ChEMBL31.compound.1070706	Cc1nc(C(=O)c2cc(Cl)ccc2NS(=O)(=O)c2ccc(-c3cnco3)cc2)ccc1	XKQBFQCHXFDUKO-UHFFFAOYSA-N	InChI=1S/C22H16ClN3O4S/c1-14-3-2-4-20(25-14)22(27)18-11-16(23)7-10-19(18)26-31(28,29)17-8-5-15(6-9-17)21-12-24-13-30-21/h2-13,26H,1H3	"""AuxInfo=1/0/N:1,30,31,29,20,27,11,19,28,12,8,23,25,2,21,9,18,7,13,4,22,5,10,24,3,14,6,16,17,26,15/E:(5,6)(8,9)(28,29)/CRV:31.6/rA:31CCNCCOCCCClCCCNSOOCCCCCCNCOCCCCC/rB:s1;d2;s3;s4;d5;s5;d7;s8;s9;d9;s11;s7d12;s13;s14;d15;d15;s15;d18;s19;d20;s21;d22;s23;d24;s22s25;s21;s18d27;d4;s29;s2d30;/rC:;;;;;;;;;;;;;;;;;;;;;;;;;;;;;;;"""	P51686_WT	ChEMBL:CHEMBL5815;ChEMBL:CHEMBL5815	P51686	WT	CHEMBL3721193;CHEMBL3721192	PATENT:US7420055B2	2008.0	PATENT:US7420055B2	2008	1	0	0	0	0		>	  6.000;  6.000	6.0	0.0	0.0	2.0	6.0	0.0	CCRs_HUMAN_annotated_03191	True
InChI=1S/C22H16ClN3O4S/c1-14-8-9-24-11-19(14)22(27)18-10-16(23)4-7-20(18)26-31(28,29)17-5-2-15(3-6-17)21-12-25-13-30-21/h2-13,26H,1H3_on_P51686_WT	Low	ChEMBL31	ChEMBL31.compound.1070738	Cc1ccncc1C(=O)c1cc(Cl)ccc1NS(=O)(=O)c1ccc(-c2cnco2)cc1	YQPOTDGNULLFHZ-UHFFFAOYSA-N	InChI=1S/C22H16ClN3O4S/c1-14-8-9-24-11-19(14)22(27)18-10-16(23)4-7-20(18)26-31(28,29)17-5-2-15(3-6-17)21-12-25-13-30-21/h2-13,26H,1H3	"""AuxInfo=1/0/N:1,23,30,14,22,31,15,3,4,11,6,26,28,2,24,12,21,10,7,16,25,8,13,5,27,17,9,19,20,29,18/E:(2,3)(5,6)(28,29)/CRV:31.6/rA:31CCCCNCCCOCCCClCCCNSOOCCCCCCNCOCC/rB:s1;d2;s3;d4;s5;s2d6;s7;d8;s8;d10;s11;s12;d12;s14;s10d15;s16;s17;d18;d18;s18;d21;s22;d23;s24;d25;s26;d27;s25s28;s24;s21d30;/rC:;;;;;;;;;;;;;;;;;;;;;;;;;;;;;;;"""	P51686_WT	ChEMBL:CHEMBL5815;ChEMBL:CHEMBL5815	P51686	WT	CHEMBL3721192;CHEMBL3721193	PATENT:US7420055B2	2008.0	PATENT:US7420055B2	2008	1	0	0	0	0		>	  6.000;  6.000	6.0	0.0	0.0	2.0	6.0	0.0	CCRs_HUMAN_annotated_03192	True
InChI=1S/C22H16ClN3O4S/c1-14-10-16(8-9-25-14)22(27)19-11-17(23)4-7-20(19)26-31(28,29)18-5-2-15(3-6-18)21-12-24-13-30-21/h2-13,26H,1H3_on_P51686_WT	Low	ChEMBL31	ChEMBL31.compound.1070701	Cc1cc(C(=O)c2cc(Cl)ccc2NS(=O)(=O)c2ccc(-c3cnco3)cc2)ccn1	HVZHPEYTMAOZRT-UHFFFAOYSA-N	InChI=1S/C22H16ClN3O4S/c1-14-10-16(8-9-25-14)22(27)19-11-17(23)4-7-20(19)26-31(28,29)18-5-2-15(3-6-18)21-12-24-13-30-21/h2-13,26H,1H3	"""AuxInfo=1/0/N:1,20,27,11,19,28,12,29,30,3,8,23,25,2,21,4,9,18,7,13,22,5,10,24,31,14,6,16,17,26,15/E:(2,3)(5,6)(28,29)/CRV:31.6/rA:31CCCCCOCCCClCCCNSOOCCCCCCNCOCCCCN/rB:s1;d2;s3;s4;d5;s5;d7;s8;s9;d9;s11;s7d12;s13;s14;d15;d15;s15;d18;s19;d20;s21;d22;s23;d24;s22s25;s21;s18d27;d4;s29;s2d30;/rC:;;;;;;;;;;;;;;;;;;;;;;;;;;;;;;;"""	P51686_WT	ChEMBL:CHEMBL5815;ChEMBL:CHEMBL5815	P51686	WT	CHEMBL3721193;CHEMBL3721192	PATENT:US7420055B2	2008.0	PATENT:US7420055B2	2008	1	0	0	0	0		>	  6.000;  6.000	6.0	0.0	0.0	2.0	6.0	0.0	CCRs_HUMAN_annotated_03193	True
InChI=1S/C22H16ClN3O4S/c1-14-18(3-2-10-25-14)22(27)19-11-16(23)6-9-20(19)26-31(28,29)17-7-4-15(5-8-17)21-12-24-13-30-21/h2-13,26H,1H3_on_P51686_WT	High	ChEMBL31	ChEMBL31.compound.285463	Cc1c(C(=O)c2cc(Cl)ccc2NS(=O)(=O)c2ccc(-c3cnco3)cc2)cccn1	AEYMKLNZWCFRLV-UHFFFAOYSA-N	InChI=1S/C22H16ClN3O4S/c1-14-18(3-2-10-25-14)22(27)19-11-16(23)6-9-20(19)26-31(28,29)17-7-4-15(5-8-17)21-12-24-13-30-21/h2-13,26H,1H3	"""AuxInfo=1/0/N:1,29,28,19,26,10,18,27,11,30,7,22,24,2,20,8,17,3,6,12,21,4,9,23,31,13,5,15,16,25,14/E:(4,5)(7,8)(28,29)/CRV:31.6/rA:31CCCCOCCCClCCCNSOOCCCCCCNCOCCCCCN/rB:s1;d2;s3;d4;s4;d6;s7;s8;d8;s10;s6d11;s12;s13;d14;d14;s14;d17;s18;d19;s20;d21;s22;d23;s21s24;s20;s17d26;s3;d28;s29;s2d30;/rC:;;;;;;;;;;;;;;;;;;;;;;;;;;;;;;;"""	P51686_WT	ChEMBL:CHEMBL5815;ChEMBL:CHEMBL5815	P51686	WT	CHEMBL3721199;CHEMBL3721196	PATENT:US7582661B2	2009.0	PATENT:US7582661B2	2009	1	0	0	0	0		=	  6.000;  6.000	6.0	0.0	0.0	2.0	6.0	0.0	CCRs_HUMAN_annotated_03194	True
InChI=1S/C22H17N5OS2/c28-20-12-17(13-29-22-24-18(14-30-22)16-9-5-2-6-10-16)23-21-25-19(26-27(20)21)11-15-7-3-1-4-8-15/h1-10,12,14,28H,11,13H2_on_P25025_WT	High	ChEMBL31	ChEMBL31.compound.227179	Oc1cc(CSc2nc(-c3ccccc3)cs2)nc2nc(Cc3ccccc3)nn12	GQMBGUGVWKMWOH-UHFFFAOYSA-N	InChI=1S/C22H17N5OS2/c28-20-12-17(13-29-22-24-18(14-30-22)16-9-5-2-6-10-16)23-21-25-19(26-27(20)21)11-15-7-3-1-4-8-15/h1-10,12,14,28H,11,13H2	"""AuxInfo=1/0/N:26,13,25,27,12,14,24,28,11,15,22,3,5,16,23,10,4,9,21,2,19,7,18,8,20,29,30,1,6,17/E:(3,4)(5,6)(7,8)(9,10)/rA:30OCCCCSCNCCCCCCCCSNCNCCCCCCCCNN/rB:s1;d2;s3;s4;s5;s6;d7;s8;s9;d10;s11;d12;s13;s10d14;d9;s7s16;d4;s18;d19;s20;s21;s22;d23;s24;d25;s26;s23d27;d21;s2s19s29;/rC:;;;;;;;;;;;;;;;;;;;;;;;;;;;;;;"""	P25025_WT	ChEMBL:CHEMBL2434	P25025	WT	CHEMBL3107238	PMID:24332493	2014.0	PMID:24332493	2014	1	0	0	0	0		=	  4.960	4.96	0.0	0.0	1.0	4.96	0.0	CCRs_HUMAN_annotated_03215	True
InChI=1S/C22H18ClN5O3S2/c1-14(29)25-12-15-4-2-5-16(10-15)13-28-18-7-3-6-17(11-24)21(18)22(26-28)27-33(30,31)20-9-8-19(23)32-20/h2-10H,12-13H2,1H3,(H,25,29)(H,26,27)_on_P51679_WT	High	ChEMBL31	ChEMBL31.compound.203174	CC(=O)NCc1cc(Cn2nc(NS(=O)(=O)c3ccc(Cl)s3)c3c(C#N)cccc32)ccc1	KBOCYTFLGYCMMS-UHFFFAOYSA-N	InChI=1S/C22H18ClN5O3S2/c1-14(29)25-12-15-4-2-5-16(10-15)13-28-18-7-3-6-17(11-24)21(18)22(26-28)27-33(30,31)20-9-8-19(23)32-20/h2-10H,12-13H2,1H3,(H,25,29)(H,26,27)	"""AuxInfo=1/1/N:1,32,28,33,31,27,29,19,18,7,25,5,9,2,6,8,24,30,20,17,23,12,21,26,4,11,13,10,3,15,16,22,14/E:(30,31)/CRV:33.6/rA:33CCONCCCCCNNCNSOOCCCCClSCCCNCCCCCCC/rB:s1;d2;s2;s4;s5;d6;s7;s8;s9;s10;d11;s12;s13;d14;d14;s14;d17;s18;d19;s20;s17s20;s12;d23;s24;t25;s24;d27;s28;s10s23d29;d8;s31;s6d32;/rC:;;;;;;;;;;;;;;;;;;;;;;;;;;;;;;;;;"""	P51679_WT	ChEMBL:CHEMBL2414	P51679	WT	CHEMBL2330056	PMID:23409871	2013.0	PMID:23409871	2013	1	0	0	0	0		=	  6.500	6.5	0.0	0.0	1.0	6.5	0.0	CCRs_HUMAN_annotated_03218	True
InChI=1S/C22H19ClF2N4O3S2/c1-13(30)26-11-14-4-2-5-15(10-14)12-29-17-7-3-6-16(21(24)25)20(17)22(27-29)28-34(31,32)19-9-8-18(23)33-19/h2-10,21H,11-12H2,1H3,(H,26,30)(H,27,28)_on_P51679_WT	High	ChEMBL31	ChEMBL31.compound.203157	CC(=O)NCc1cc(Cn2nc(NS(=O)(=O)c3ccc(Cl)s3)c3c(C(F)F)cccc32)ccc1	FWDBCHHWAWMCFJ-UHFFFAOYSA-N	InChI=1S/C22H19ClF2N4O3S2/c1-13(30)26-11-14-4-2-5-15(10-14)12-29-17-7-3-6-16(21(24)25)20(17)22(27-29)28-34(31,32)19-9-8-18(23)33-19/h2-10,21H,11-12H2,1H3,(H,26,30)(H,27,28)	"""AuxInfo=1/1/N:1,33,29,34,32,28,30,19,18,7,5,9,2,6,8,24,31,20,17,23,25,12,21,26,27,4,11,13,10,3,15,16,22,14/E:(24,25)(31,32)/CRV:34.6/rA:34CCONCCCCCNNCNSOOCCCCClSCCCFFCCCCCCC/rB:s1;d2;s2;s4;s5;d6;s7;s8;s9;s10;d11;s12;s13;d14;d14;s14;d17;s18;d19;s20;s17s20;s12;d23;s24;s25;s25;s24;d28;s29;s10s23d30;d8;s32;s6d33;/rC:;;;;;;;;;;;;;;;;;;;;;;;;;;;;;;;;;;"""	P51679_WT	ChEMBL:CHEMBL2414;ChEMBL:CHEMBL2414	P51679	WT	CHEMBL2330056;CHEMBL2330053	PMID:23409871	2013.0	PMID:23409871	2013	1;0	0	0;1	0	0		=	  7.000;  5.100	6.05	0.95	0.95	2.0	6.05	0.95	CCRs_HUMAN_annotated_03232	True
InChI=1S/C22H19ClFN3O4S/c23-16-1-3-20(18(13-16)22(28)15-5-7-25-8-6-15)26-32(29,30)17-2-4-21(19(24)14-17)27-9-11-31-12-10-27/h1-8,13-14,26H,9-12H2_on_P51686_WT	Low	ChEMBL31	ChEMBL31.compound.1070669	O=C(c1ccncc1)c1cc(Cl)ccc1NS(=O)(=O)c1cc(F)c(N2CCOCC2)cc1	AUCCSTCHDWDFTJ-UHFFFAOYSA-N	InChI=1S/C22H19ClFN3O4S/c23-16-1-3-20(18(13-16)22(28)15-5-7-25-8-6-15)26-32(29,30)17-2-4-21(19(24)14-17)27-9-11-31-12-10-27/h1-8,13-14,26H,9-12H2	"""AuxInfo=1/0/N:13,32,14,31,4,8,5,7,26,30,27,29,10,21,3,11,20,9,22,15,24,2,12,23,6,16,25,1,18,19,28,17/E:(5,6)(7,8)(9,10)(11,12)(29,30)/CRV:32.6/rA:32OCCCCNCCCCCClCCCNSOOCCCFCNCCOCCCC/rB:d1;s2;d3;s4;d5;s6;s3d7;s2;d9;s10;s11;d11;s13;s9d14;s15;s16;d17;d17;s17;d20;s21;s22;d22;s24;s25;s26;s27;s28;s25s29;s24;s20d31;/rC:;;;;;;;;;;;;;;;;;;;;;;;;;;;;;;;;"""	P51686_WT	ChEMBL:CHEMBL5815;ChEMBL:CHEMBL5815	P51686	WT	CHEMBL3721193;CHEMBL3721192	PATENT:US7420055B2	2008.0	PATENT:US7420055B2	2008	1	0	0	0	0		>	  6.000;  6.000	6.0	0.0	0.0	2.0	6.0	0.0	CCRs_HUMAN_annotated_03233	True
InChI=1S/C22H19ClFN3O5S/c23-16-1-3-20(18(13-16)22(28)15-5-7-27(29)8-6-15)25-33(30,31)17-2-4-21(19(24)14-17)26-9-11-32-12-10-26/h1-8,13-14,25H,9-12H2_on_P51686_WT	Low	ChEMBL31	ChEMBL31.compound.1070675	O=C(c1cc[n+]([O-])cc1)c1cc(Cl)ccc1NS(=O)(=O)c1cc(F)c(N2CCOCC2)cc1	ORTVKHPKQRZATD-UHFFFAOYSA-N	InChI=1S/C22H19ClFN3O5S/c23-16-1-3-20(18(13-16)22(28)15-5-7-27(29)8-6-15)25-33(30,31)17-2-4-21(19(24)14-17)26-9-11-32-12-10-26/h1-8,13-14,25H,9-12H2	"""AuxInfo=1/0/N:14,33,15,32,4,9,5,8,27,31,28,30,11,22,3,12,21,10,23,16,25,2,13,24,17,26,6,1,7,19,20,29,18/E:(5,6)(7,8)(9,10)(11,12)(30,31)/CRV:27.5,33.6/rA:33OCCCCN+O-CCCCCClCCCNSOOCCCFCNCCOCCCC/rB:d1;s2;d3;s4;d5;s6;s6;s3d8;s2;d10;s11;s12;d12;s14;s10d15;s16;s17;d18;d18;s18;d21;s22;s23;d23;s25;s26;s27;s28;s29;s26s30;s25;s21d32;/rC:;;;;;;;;;;;;;;;;;;;;;;;;;;;;;;;;;"""	P51686_WT	ChEMBL:CHEMBL5815;ChEMBL:CHEMBL5815	P51686	WT	CHEMBL3721192;CHEMBL3721193	PATENT:US7420055B2	2008.0	PATENT:US7420055B2	2008	1	0	0	0	0		>	  6.000;  6.000	6.0	0.0	0.0	2.0	6.0	0.0	CCRs_HUMAN_annotated_03234	True
InChI=1S/C22H19ClN2O5S/c1-22(29-12-13-30-22)16-2-5-18(6-3-16)31(27,28)25-20-7-4-17(23)14-19(20)21(26)15-8-10-24-11-9-15/h2-11,14,25H,12-13H2,1H3_on_P51686_WT	Low	ChEMBL31	ChEMBL31.compound.1070751	CC1(c2ccc(S(=O)(=O)Nc3ccc(Cl)cc3C(=O)c3ccncc3)cc2)OCCO1	OYKHRRRRGIJIIR-UHFFFAOYSA-N	InChI=1S/C22H19ClN2O5S/c1-22(29-12-13-30-22)16-2-5-18(6-3-16)31(27,28)25-20-7-4-17(23)14-19(20)21(26)15-8-10-24-11-9-15/h2-11,14,25H,12-13H2,1H3	"""AuxInfo=1/0/N:1,4,27,13,5,26,12,21,25,22,24,29,30,16,20,3,14,6,17,11,18,2,15,23,10,19,8,9,28,31,7/E:(2,3)(5,6)(8,9)(10,11)(12,13)(27,28)(29,30)/CRV:31.6/rA:31CCCCCCSOONCCCCClCCCOCCCNCCCCOCCO/rB:s1;s2;d3;s4;d5;s6;d7;d7;s7;s10;d11;s12;d13;s14;s14;s11d16;s17;d18;s18;d20;s21;d22;s23;s20d24;s6;s3d26;s2;s28;s29;s2s30;/rC:;;;;;;;;;;;;;;;;;;;;;;;;;;;;;;;"""	P51686_WT	ChEMBL:CHEMBL5815;ChEMBL:CHEMBL5815	P51686	WT	CHEMBL3721193;CHEMBL3721192	PATENT:US7420055B2	2008.0	PATENT:US7420055B2	2008	1	0	0	0	0		>	  6.000;  6.000	6.0	0.0	0.0	2.0	6.0	0.0	CCRs_HUMAN_annotated_03236	True
InChI=1S/C22H19ClN2O5S/c1-30-21(26)9-4-15-2-6-18(7-3-15)31(28,29)25-20-8-5-17(23)14-19(20)22(27)16-10-12-24-13-11-16/h2-3,5-8,10-14,25H,4,9H2,1H3_on_P51686_WT	Low	ChEMBL31	ChEMBL31.compound.1070690	COC(=O)CCc1ccc(S(=O)(=O)Nc2ccc(Cl)cc2C(=O)c2ccncc2)cc1	IOTIUSJITLYMIW-UHFFFAOYSA-N	InChI=1S/C22H19ClN2O5S/c1-30-21(26)9-4-15-2-6-18(7-3-15)31(28,29)25-20-8-5-17(23)14-19(20)22(27)16-10-12-24-13-11-16/h2-3,5-8,10-14,25H,4,9H2,1H3	"""AuxInfo=1/0/N:1,8,31,6,17,9,30,16,5,25,29,26,28,20,7,24,18,10,21,15,3,22,19,27,14,4,23,12,13,2,11/E:(2,3)(6,7)(10,11)(12,13)(28,29)/CRV:31.6/rA:31COCOCCCCCCSOONCCCCClCCCOCCCNCCCC/rB:s1;s2;d3;s3;s5;s6;d7;s8;d9;s10;d11;d11;s11;s14;d15;s16;d17;s18;s18;s15d20;s21;d22;s22;d24;s25;d26;s27;s24d28;s10;s7d30;/rC:;;;;;;;;;;;;;;;;;;;;;;;;;;;;;;;"""	P51686_WT	ChEMBL:CHEMBL5815;ChEMBL:CHEMBL5815	P51686	WT	CHEMBL3721192;CHEMBL3721193	PATENT:US7420055B2	2008.0	PATENT:US7420055B2	2008	1	0	0	0	0		>	  6.000;  6.000	6.0	0.0	0.0	2.0	6.0	0.0	CCRs_HUMAN_annotated_03237	True
InChI=1S/C22H19ClN2O5S/c1-30-21(26)11-6-15-4-8-18(9-5-15)31(28,29)25-20-10-7-17(23)13-19(20)22(27)16-3-2-12-24-14-16/h2-5,7-10,12-14,25H,6,11H2,1H3_on_P51686_WT	Low	ChEMBL31	ChEMBL31.compound.1070684	COC(=O)CCc1ccc(S(=O)(=O)Nc2ccc(Cl)cc2C(=O)c2cnccc2)cc1	YABFMJYRSZMPLN-UHFFFAOYSA-N	InChI=1S/C22H19ClN2O5S/c1-30-21(26)11-6-15-4-8-18(9-5-15)31(28,29)25-20-10-7-17(23)13-19(20)22(27)16-3-2-12-24-14-16/h2-5,7-10,12-14,25H,6,11H2,1H3	"""AuxInfo=1/0/N:1,28,29,8,31,6,17,9,30,16,5,27,20,25,7,24,18,10,21,15,3,22,19,26,14,4,23,12,13,2,11/E:(4,5)(8,9)(28,29)/CRV:31.6/rA:31COCOCCCCCCSOONCCCCClCCCOCCNCCCCC/rB:s1;s2;d3;s3;s5;s6;d7;s8;d9;s10;d11;d11;s11;s14;d15;s16;d17;s18;s18;s15d20;s21;d22;s22;d24;s25;d26;s27;s24d28;s10;s7d30;/rC:;;;;;;;;;;;;;;;;;;;;;;;;;;;;;;;"""	P51686_WT	ChEMBL:CHEMBL5815;ChEMBL:CHEMBL5815	P51686	WT	CHEMBL3721193;CHEMBL3721192	PATENT:US7420055B2	2008.0	PATENT:US7420055B2	2008	1	0	0	0	0		>	  6.000;  6.000	6.0	0.0	0.0	2.0	6.0	0.0	CCRs_HUMAN_annotated_03238	True
InChI=1S/C22H19ClN2O6S/c1-22(30-12-13-31-22)16-2-5-18(6-3-16)32(28,29)24-20-7-4-17(23)14-19(20)21(26)15-8-10-25(27)11-9-15/h2-11,14,24H,12-13H2,1H3_on_P51686_WT	Low	ChEMBL31	ChEMBL31.compound.1070772	CC1(c2ccc(S(=O)(=O)Nc3ccc(Cl)cc3C(=O)c3cc[n+]([O-])cc3)cc2)OCCO1	YCCXGFTWJNJVHZ-UHFFFAOYSA-N	InChI=1S/C22H19ClN2O6S/c1-22(30-12-13-31-22)16-2-5-18(6-3-16)32(28,29)24-20-7-4-17(23)14-19(20)21(26)15-8-10-25(27)11-9-15/h2-11,14,24H,12-13H2,1H3	"""AuxInfo=1/0/N:1,4,28,13,5,27,12,21,26,22,25,30,31,16,20,3,14,6,17,11,18,2,15,10,23,19,24,8,9,29,32,7/E:(2,3)(5,6)(8,9)(10,11)(12,13)(28,29)(30,31)/CRV:25.5,32.6/rA:32CCCCCCSOONCCCCClCCCOCCCN+O-CCCCOCCO/rB:s1;s2;d3;s4;d5;s6;d7;d7;s7;s10;d11;s12;d13;s14;s14;s11d16;s17;d18;s18;d20;s21;d22;s23;s23;s20d25;s6;s3d27;s2;s29;s30;s2s31;/rC:;;;;;;;;;;;;;;;;;;;;;;;;;;;;;;;;"""	P51686_WT	ChEMBL:CHEMBL5815;ChEMBL:CHEMBL5815	P51686	WT	CHEMBL3721192;CHEMBL3721193	PATENT:US7420055B2	2008.0	PATENT:US7420055B2	2008	1	0	0	0	0		>	  6.000;  6.000	6.0	0.0	0.0	2.0	6.0	0.0	CCRs_HUMAN_annotated_03239	True
InChI=1S/C22H19F2N3O4S/c23-19-12-18(22(28)15-2-1-7-25-14-15)21(13-20(19)24)26-32(29,30)17-5-3-16(4-6-17)27-8-10-31-11-9-27/h1-7,12-14,26H,8-11H2_on_P51686_WT	Low	ChEMBL31	ChEMBL31.compound.1070663	O=C(c1cnccc1)c1cc(F)c(F)cc1NS(=O)(=O)c1ccc(N2CCOCC2)cc1	OAVHJORNCVCOLH-UHFFFAOYSA-N	InChI=1S/C22H19F2N3O4S/c23-19-12-18(22(28)15-2-1-7-25-14-15)21(13-20(19)24)26-32(29,30)17-5-3-16(4-6-17)27-8-10-31-11-9-27/h1-7,12-14,26H,8-11H2	"""AuxInfo=1/0/N:7,8,23,31,22,32,6,26,30,27,29,10,15,4,3,24,21,9,11,13,16,2,12,14,5,17,25,1,19,20,28,18/E:(3,4)(5,6)(8,9)(10,11)(29,30)/CRV:32.6/rA:32OCCCNCCCCCCFCFCCNSOOCCCCNCCOCCCC/rB:d1;s2;d3;s4;d5;s6;s3d7;s2;d9;s10;s11;d11;s13;s13;s9d15;s16;s17;d18;d18;s18;d21;s22;d23;s24;s25;s26;s27;s28;s25s29;s24;s21d31;/rC:;;;;;;;;;;;;;;;;;;;;;;;;;;;;;;;;"""	P51686_WT	ChEMBL:CHEMBL5815;ChEMBL:CHEMBL5815	P51686	WT	CHEMBL3721193;CHEMBL3721192	PATENT:US7420055B2	2008.0	PATENT:US7420055B2	2008	1	0	0	0	0		>	  6.000;  6.000	6.0	0.0	0.0	2.0	6.0	0.0	CCRs_HUMAN_annotated_03241	True
InChI=1S/C22H19FN4O3S/c1-24-31(29,30)18-5-2-4-15(12-18)13-25-22(28)19-6-3-7-21-20(19)14-26-27(21)17-10-8-16(23)9-11-17/h2-12,14,24H,13H2,1H3,(H,25,28)_on_P32246_WT	High	ChEMBL31	ChEMBL31.compound.405090	CNS(=O)(=O)c1cccc(CNC(=O)c2cccc3c2cnn3-c2ccc(F)cc2)c1	QBCYWHLSAHDGHB-UHFFFAOYSA-N	InChI=1S/C22H19FN4O3S/c1-24-31(29,30)18-5-2-4-15(12-18)13-25-22(28)19-6-3-7-21-20(19)14-26-27(21)17-10-8-16(23)9-11-17/h2-12,14,24H,13H2,1H3,(H,25,28)	"""AuxInfo=1/1/N:1,8,17,9,7,16,18,26,29,25,30,31,11,21,10,27,24,6,15,20,19,13,28,2,12,22,23,14,4,5,3/E:(8,9)(10,11)(29,30)/CRV:31.6/rA:31CNSOOCCCCCCNCOCCCCCCCNNCCCCFCCC/rB:s1;s2;d3;d3;s3;d6;s7;d8;s9;s10;s11;s12;d13;s13;d15;s16;d17;s18;s15d19;s20;d21;s19s22;s23;d24;s25;d26;s27;s27;s24d29;s6d10;/rC:;;;;;;;;;;;;;;;;;;;;;;;;;;;;;;;"""	P32246_WT	ChEMBL:CHEMBL2413	P32246	WT	CHEMBL4332212	PMID:30595446	2019.0	PMID:30595446	2019	1	0	0	0	0		=	  7.260	7.26	0.0	0.0	1.0	7.26	0.0	CCRs_HUMAN_annotated_03247	True
InChI=1S/C22H19FN4O3S/c1-24-31(29,30)18-11-5-15(6-12-18)13-25-22(28)19-3-2-4-21-20(19)14-26-27(21)17-9-7-16(23)8-10-17/h2-12,14,24H,13H2,1H3,(H,25,28)_on_P32246_WT	High	ChEMBL31	ChEMBL31.compound.405095	CNS(=O)(=O)c1ccc(CNC(=O)c2cccc3c2cnn3-c2ccc(F)cc2)cc1	LFLZBYDRBXMIRA-UHFFFAOYSA-N	InChI=1S/C22H19FN4O3S/c1-24-31(29,30)18-11-5-15(6-12-18)13-25-22(28)19-3-2-4-21-20(19)14-26-27(21)17-9-7-16(23)8-10-17/h2-12,14,24H,13H2,1H3,(H,25,28)	"""AuxInfo=1/1/N:1,16,15,17,8,30,25,28,24,29,7,31,10,20,9,26,23,6,14,19,18,12,27,2,11,21,22,13,4,5,3/E:(5,6)(7,8)(9,10)(11,12)(29,30)/CRV:31.6/rA:31CNSOOCCCCCNCOCCCCCCCNNCCCCFCCCC/rB:s1;s2;d3;d3;s3;d6;s7;d8;s9;s10;s11;d12;s12;d14;s15;d16;s17;s14d18;s19;d20;s18s21;s22;d23;s24;d25;s26;s26;s23d28;s9;s6d30;/rC:;;;;;;;;;;;;;;;;;;;;;;;;;;;;;;;"""	P32246_WT	ChEMBL:CHEMBL2413	P32246	WT	CHEMBL4332212	PMID:30595446	2019.0	PMID:30595446	2019	1	0	0	0	0		=	  8.350	8.35	0.0	0.0	1.0	8.35	0.0	CCRs_HUMAN_annotated_03248	True
InChI=1S/C22H20Cl2N2O3S/c1-22(2,3)15-4-7-17(8-5-15)30(28,29)26-19-9-6-16(23)13-18(19)21(27)14-10-11-25-20(24)12-14/h4-13,26H,1-3H3_on_P51686_WT	Low	ChEMBL31	ChEMBL31.compound.1070698	CC(C)(C)c1ccc(S(=O)(=O)Nc2ccc(Cl)cc2C(=O)c2ccnc(Cl)c2)cc1	HHIFURJBSOMROQ-UHFFFAOYSA-N	InChI=1S/C22H20Cl2N2O3S/c1-22(2,3)15-4-7-17(8-5-15)30(28,29)26-19-9-6-16(23)13-18(19)21(27)14-10-11-25-20(24)12-14/h4-13,26H,1-3H3	"""AuxInfo=1/0/N:1,3,4,6,30,15,7,29,14,23,24,28,18,22,5,16,8,19,13,26,20,2,17,27,25,12,21,10,11,9/E:(1,2,3)(4,5)(7,8)(28,29)/CRV:30.6/rA:30CCCCCCCCSOONCCCCClCCCOCCCNCClCCC/rB:s1;s2;s2;s2;d5;s6;d7;s8;d9;d9;s9;s12;d13;s14;d15;s16;s16;s13d18;s19;d20;s20;d22;s23;d24;s25;s26;s22d26;s8;s5d29;/rC:;;;;;;;;;;;;;;;;;;;;;;;;;;;;;;"""	P51686_WT	ChEMBL:CHEMBL5815;ChEMBL:CHEMBL5815	P51686	WT	CHEMBL3721192;CHEMBL3721193	PATENT:US7420055B2	2008.0	PATENT:US7420055B2	2008	1	0	0	0	0		>	  6.000;  6.000	6.0	0.0	0.0	2.0	6.0	0.0	CCRs_HUMAN_annotated_03250	True
InChI=1S/C22H20Cl2N2O3S/c1-22(2,3)15-5-8-17(9-6-15)30(28,29)26-19-10-7-16(23)12-18(19)21(27)14-4-11-20(24)25-13-14/h4-13,26H,1-3H3_on_P51686_WT	Low	ChEMBL31	ChEMBL31.compound.1070725	CC(C)(C)c1ccc(S(=O)(=O)Nc2ccc(Cl)cc2C(=O)c2ccc(Cl)nc2)cc1	HRRJAVIXHMJLTL-UHFFFAOYSA-N	InChI=1S/C22H20Cl2N2O3S/c1-22(2,3)15-5-8-17(9-6-15)30(28,29)26-19-10-7-16(23)12-18(19)21(27)14-4-11-20(24)25-13-14/h4-13,26H,1-3H3	"""AuxInfo=1/0/N:1,3,4,23,6,30,15,7,29,14,24,18,28,22,5,16,8,19,13,25,20,2,17,26,27,12,21,10,11,9/E:(1,2,3)(5,6)(8,9)(28,29)/CRV:30.6/rA:30CCCCCCCCSOONCCCCClCCCOCCCCClNCCC/rB:s1;s2;s2;s2;d5;s6;d7;s8;d9;d9;s9;s12;d13;s14;d15;s16;s16;s13d18;s19;d20;s20;d22;s23;d24;s25;s25;s22d27;s8;s5d29;/rC:;;;;;;;;;;;;;;;;;;;;;;;;;;;;;;"""	P51686_WT	ChEMBL:CHEMBL5815;ChEMBL:CHEMBL5815	P51686	WT	CHEMBL3721192;CHEMBL3721193	PATENT:US7420055B2	2008.0	PATENT:US7420055B2	2008	1	0	0	0	0		>	  6.000;  6.000	6.0	0.0	0.0	2.0	6.0	0.0	CCRs_HUMAN_annotated_03251	True
InChI=1S/C22H20Cl2N2O4S/c1-22(2,3)15-4-7-17(8-5-15)31(29,30)25-19-9-6-16(23)13-18(19)21(27)14-10-11-26(28)20(24)12-14/h4-13,25H,1-3H3_on_P51686_WT	Low	ChEMBL31	ChEMBL31.compound.1070715	CC(C)(C)c1ccc(S(=O)(=O)Nc2ccc(Cl)cc2C(=O)c2cc(Cl)[n+]([O-])cc2)cc1	LBXPSUGALYXTSD-UHFFFAOYSA-N	InChI=1S/C22H20Cl2N2O4S/c1-22(2,3)15-4-7-17(8-5-15)31(29,30)25-19-9-6-16(23)13-18(19)21(27)14-10-11-26(28)20(24)12-14/h4-13,25H,1-3H3	"""AuxInfo=1/0/N:1,3,4,6,31,15,7,30,14,29,28,23,18,22,5,16,8,19,13,24,20,2,17,25,12,26,21,27,10,11,9/E:(1,2,3)(4,5)(7,8)(29,30)/CRV:26.5,31.6/rA:31CCCCCCCCSOONCCCCClCCCOCCCClN+O-CCCC/rB:s1;s2;s2;s2;d5;s6;d7;s8;d9;d9;s9;s12;d13;s14;d15;s16;s16;s13d18;s19;d20;s20;d22;s23;s24;d24;s26;s26;s22d28;s8;s5d30;/rC:;;;;;;;;;;;;;;;;;;;;;;;;;;;;;;;"""	P51686_WT	ChEMBL:CHEMBL5815;ChEMBL:CHEMBL5815	P51686	WT	CHEMBL3721193;CHEMBL3721192	PATENT:US7420055B2	2008.0	PATENT:US7420055B2	2008	1	0	0	0	0		>	  6.000;  6.000	6.0	0.0	0.0	2.0	6.0	0.0	CCRs_HUMAN_annotated_03252	True
InChI=1S/C22H20ClFN4O4S2/c1-13(29)25-11-14-4-3-5-15(8-14)12-28-17-9-16(24)10-18(32-2)21(17)22(26-28)27-34(30,31)20-7-6-19(23)33-20/h3-10H,11-12H2,1-2H3,(H,25,29)(H,26,27)_on_P51679_WT	High	ChEMBL31;ExCAPE-DB;ChEMBL31	ChEMBL31.compound.203145;59455990;ChEMBL31.compound.203145	COc1c2c(NS(=O)(=O)c3ccc(Cl)s3)nn(Cc3cccc(CNC(C)=O)c3)c2cc(F)c1	GBCHVZPQMAAJPG-UHFFFAOYSA-N	InChI=1S/C22H20ClFN4O4S2/c1-13(29)25-11-14-4-3-5-15(8-14)12-28-17-9-16(24)10-18(32-2)21(17)22(26-28)27-34(30,31)20-7-6-19(23)33-20/h3-10H,11-12H2,1-2H3,(H,25,29)(H,26,27)	"""AuxInfo=1/1/N:27,1,21,22,20,12,11,29,31,34,24,18,26,23,19,32,30,3,13,10,4,5,14,33,25,16,6,17,28,8,9,2,15,7/E:(30,31)/CRV:34.6/rA:34COCCCNSOOCCCCClSNNCCCCCCCNCCOCCCCFC/rB:s1;s2;d3;s4;s5;s6;d7;d7;s7;d10;s11;d12;s13;s10s13;d5;s16;s17;s18;d19;s20;d21;s22;s23;s24;s25;s26;d26;s19d23;s4s17;d30;s31;s32;s3d32;/rC:;;;;;;;;;;;;;;;;;;;;;;;;;;;;;;;;;;"""	P51679_WT	ChEMBL:CHEMBL2414;EntrezID:1233;ChEMBL:CHEMBL2414	P51679	WT	CHEMBL2330053;PubChemAID:728788;CHEMBL2330056	PMID:23409871	2013.0	PMID:23409871;PubChemAID:728788;PMID:23409871	2013	0;0;1	0	1;0;0	0	0;1;0		=	  6.000;  7.400;  7.400	6.933	0.66	0.467	3.0	7.4	0.0	CCRs_HUMAN_annotated_03256	True
InChI=1S/C22H20ClFN4O4S2/c1-13(29)25-11-14-4-3-5-15(10-14)12-28-17-7-6-16(24)21(32-2)20(17)22(26-28)27-34(30,31)19-9-8-18(23)33-19/h3-10H,11-12H2,1-2H3,(H,25,29)(H,26,27)_on_P51679_WT	High	ChEMBL31	ChEMBL31.compound.203147	COc1c2c(NS(=O)(=O)c3ccc(Cl)s3)nn(Cc3cccc(CNC(C)=O)c3)c2ccc1F	TVVJOUFRFOLJOS-UHFFFAOYSA-N	InChI=1S/C22H20ClFN4O4S2/c1-13(29)25-11-14-4-3-5-15(10-14)12-28-17-7-6-16(24)21(32-2)20(17)22(26-28)27-34(30,31)19-9-8-18(23)33-19/h3-10H,11-12H2,1-2H3,(H,25,29)(H,26,27)	"""AuxInfo=1/1/N:27,1,21,22,20,32,31,12,11,29,24,18,26,23,19,33,30,13,10,4,3,5,14,34,25,16,6,17,28,8,9,2,15,7/E:(30,31)/CRV:34.6/rA:34COCCCNSOOCCCCClSNNCCCCCCCNCCOCCCCCF/rB:s1;s2;d3;s4;s5;s6;d7;d7;s7;d10;s11;d12;s13;s10s13;d5;s16;s17;s18;d19;s20;d21;s22;s23;s24;s25;s26;d26;s19d23;s4s17;d30;s31;s3d32;s33;/rC:;;;;;;;;;;;;;;;;;;;;;;;;;;;;;;;;;;"""	P51679_WT	ChEMBL:CHEMBL2414;ChEMBL:CHEMBL2414	P51679	WT	CHEMBL2330053;CHEMBL2330056	PMID:23409871	2013.0	PMID:23409871	2013	0;1	0	1;0	0	0		=	  5.500;  7.900	6.7	1.2	1.2	2.0	6.7	1.2	CCRs_HUMAN_annotated_03257	True
InChI=1S/C22H20ClFN4O4S2/c1-13(29)25-11-14-4-3-5-15(10-14)12-28-21-16(24)6-7-17(32-2)20(21)22(26-28)27-34(30,31)19-9-8-18(23)33-19/h3-10H,11-12H2,1-2H3,(H,25,29)(H,26,27)_on_P51679_WT	High	ExCAPE-DB;ChEMBL31	59456098;ChEMBL31.compound.203166	COc1c2c(NS(=O)(=O)c3ccc(Cl)s3)nn(Cc3cccc(CNC(C)=O)c3)c2c(F)cc1	ZHPAIQLXCBMDSK-UHFFFAOYSA-N	InChI=1S/C22H20ClFN4O4S2/c1-13(29)25-11-14-4-3-5-15(10-14)12-28-21-16(24)6-7-17(32-2)20(21)22(26-28)27-34(30,31)19-9-8-18(23)33-19/h3-10H,11-12H2,1-2H3,(H,25,29)(H,26,27)	"""AuxInfo=1/1/N:27,1,21,22,20,33,34,12,11,29,24,18,26,23,19,31,3,13,10,4,30,5,14,32,25,16,6,17,28,8,9,2,15,7/E:(30,31)/CRV:34.6/rA:34COCCCNSOOCCCCClSNNCCCCCCCNCCOCCCFCC/rB:s1;s2;d3;s4;s5;s6;d7;d7;s7;d10;s11;d12;s13;s10s13;d5;s16;s17;s18;d19;s20;d21;s22;s23;s24;s25;s26;d26;s19d23;s4s17;d30;s31;s31;s3d33;/rC:;;;;;;;;;;;;;;;;;;;;;;;;;;;;;;;;;;"""	P51679_WT	EntrezID:1233;ChEMBL:CHEMBL2414	P51679	WT	PubChemAID:728788;CHEMBL2330056	PMID:23409871	2013.0	PubChemAID:728788;PMID:23409871	2013	0;1	0	0	0	1;0		=	  7.100;  7.100	7.1	0.0	0.0	2.0	7.1	0.0	CCRs_HUMAN_annotated_03258	True
InChI=1S/C22H20ClN3O3S/c23-17-3-8-21(20(15-17)22(27)16-9-11-24-12-10-16)25-30(28,29)19-6-4-18(5-7-19)26-13-1-2-14-26/h3-12,15,25H,1-2,13-14H2_on_P51686_WT	Low	ChEMBL31	ChEMBL31.compound.1070770	O=C(c1ccncc1)c1cc(Cl)ccc1NS(=O)(=O)c1ccc(N2CCCC2)cc1	MNBUDSSLSRYWHX-UHFFFAOYSA-N	InChI=1S/C22H20ClN3O3S/c23-17-3-8-21(20(15-17)22(27)16-9-11-24-12-10-16)25-30(28,29)19-6-4-18(5-7-19)26-13-1-2-14-26/h3-12,15,25H,1-2,13-14H2	"""AuxInfo=1/0/N:26,27,13,22,29,21,30,14,4,8,5,7,25,28,10,3,11,23,20,9,15,2,12,6,16,24,1,18,19,17/E:(1,2)(4,5)(6,7)(9,10)(11,12)(13,14)(28,29)/CRV:30.6/rA:30OCCCCNCCCCCClCCCNSOOCCCCNCCCCCC/rB:d1;s2;d3;s4;d5;s6;s3d7;s2;d9;s10;s11;d11;s13;s9d14;s15;s16;d17;d17;s17;d20;s21;d22;s23;s24;s25;s26;s24s27;s23;s20d29;/rC:;;;;;;;;;;;;;;;;;;;;;;;;;;;;;;"""	P51686_WT	ChEMBL:CHEMBL5815;ChEMBL:CHEMBL5815	P51686	WT	CHEMBL3721192;CHEMBL3721193	PATENT:US7420055B2	2008.0	PATENT:US7420055B2	2008	1	0	0	0	0		>	  6.000;  6.000	6.0	0.0	0.0	2.0	6.0	0.0	CCRs_HUMAN_annotated_03259	True
InChI=1S/C22H20ClN3O3S2/c23-17-1-6-21(20(15-17)22(27)16-7-9-24-10-8-16)25-31(28,29)19-4-2-18(3-5-19)26-11-13-30-14-12-26/h1-10,15,25H,11-14H2_on_P51686_WT	Low	ChEMBL31	ChEMBL31.compound.1070737	O=C(c1ccncc1)c1cc(Cl)ccc1NS(=O)(=O)c1ccc(N2CCSCC2)cc1	WUDSUFANEADHTQ-UHFFFAOYSA-N	InChI=1S/C22H20ClN3O3S2/c23-17-1-6-21(20(15-17)22(27)16-7-9-24-10-8-16)25-31(28,29)19-4-2-18(3-5-19)26-11-13-30-14-12-26/h1-10,15,25H,11-14H2	"""AuxInfo=1/0/N:13,22,30,21,31,14,4,8,5,7,25,29,26,28,10,3,11,23,20,9,15,2,12,6,16,24,1,18,19,27,17/E:(2,3)(4,5)(7,8)(9,10)(11,12)(13,14)(28,29)/CRV:31.6/rA:31OCCCCNCCCCCClCCCNSOOCCCCNCCSCCCC/rB:d1;s2;d3;s4;d5;s6;s3d7;s2;d9;s10;s11;d11;s13;s9d14;s15;s16;d17;d17;s17;d20;s21;d22;s23;s24;s25;s26;s27;s24s28;s23;s20d30;/rC:;;;;;;;;;;;;;;;;;;;;;;;;;;;;;;;"""	P51686_WT	ChEMBL:CHEMBL5815;ChEMBL:CHEMBL5815	P51686	WT	CHEMBL3721192;CHEMBL3721193	PATENT:US7420055B2	2008.0	PATENT:US7420055B2	2008	1	0	0	0	0		>	  6.000;  6.000	6.0	0.0	0.0	2.0	6.0	0.0	CCRs_HUMAN_annotated_03260	True
InChI=1S/C22H20ClN3O4S/c23-17-1-6-21(20(15-17)22(27)16-7-9-24-10-8-16)25-31(28,29)19-4-2-18(3-5-19)26-11-13-30-14-12-26/h1-10,15,25H,11-14H2_on_P51686_WT	Low	ChEMBL31	ChEMBL31.compound.1070750	O=C(c1ccncc1)c1cc(Cl)ccc1NS(=O)(=O)c1ccc(N2CCOCC2)cc1	YLIFIMQUTIPJHH-UHFFFAOYSA-N	InChI=1S/C22H20ClN3O4S/c23-17-1-6-21(20(15-17)22(27)16-7-9-24-10-8-16)25-31(28,29)19-4-2-18(3-5-19)26-11-13-30-14-12-26/h1-10,15,25H,11-14H2	"""AuxInfo=1/0/N:13,22,30,21,31,14,4,8,5,7,25,29,26,28,10,3,11,23,20,9,15,2,12,6,16,24,1,18,19,27,17/E:(2,3)(4,5)(7,8)(9,10)(11,12)(13,14)(28,29)/CRV:31.6/rA:31OCCCCNCCCCCClCCCNSOOCCCCNCCOCCCC/rB:d1;s2;d3;s4;d5;s6;s3d7;s2;d9;s10;s11;d11;s13;s9d14;s15;s16;d17;d17;s17;d20;s21;d22;s23;s24;s25;s26;s27;s24s28;s23;s20d30;/rC:;;;;;;;;;;;;;;;;;;;;;;;;;;;;;;;"""	P51686_WT	ChEMBL:CHEMBL5815;ChEMBL:CHEMBL5815	P51686	WT	CHEMBL3721192;CHEMBL3721193	PATENT:US7420055B2	2008.0	PATENT:US7420055B2	2008	1	0	0	0	0		>	  6.000;  6.000	6.0	0.0	0.0	2.0	6.0	0.0	CCRs_HUMAN_annotated_03261	True
InChI=1S/C22H20ClN3O4S/c23-17-3-8-21(20(14-17)22(27)16-2-1-9-24-15-16)25-31(28,29)19-6-4-18(5-7-19)26-10-12-30-13-11-26/h1-9,14-15,25H,10-13H2_on_P51686_WT	Low	ChEMBL31	ChEMBL31.compound.1070735	O=C(c1cnccc1)c1cc(Cl)ccc1NS(=O)(=O)c1ccc(N2CCOCC2)cc1	FXKGQIIPJLWRON-UHFFFAOYSA-N	InChI=1S/C22H20ClN3O4S/c23-17-3-8-21(20(14-17)22(27)16-2-1-9-24-15-16)25-31(28,29)19-6-4-18(5-7-19)26-10-12-30-13-11-26/h1-9,14-15,25H,10-13H2	"""AuxInfo=1/0/N:7,8,13,22,30,21,31,14,6,25,29,26,28,10,4,3,11,23,20,9,15,2,12,5,16,24,1,18,19,27,17/E:(4,5)(6,7)(10,11)(12,13)(28,29)/CRV:31.6/rA:31OCCCNCCCCCCClCCCNSOOCCCCNCCOCCCC/rB:d1;s2;d3;s4;d5;s6;s3d7;s2;d9;s10;s11;d11;s13;s9d14;s15;s16;d17;d17;s17;d20;s21;d22;s23;s24;s25;s26;s27;s24s28;s23;s20d30;/rC:;;;;;;;;;;;;;;;;;;;;;;;;;;;;;;;"""	P51686_WT	ChEMBL:CHEMBL5815;ChEMBL:CHEMBL5815	P51686	WT	CHEMBL3721193;CHEMBL3721192	PATENT:US7420055B2	2008.0	PATENT:US7420055B2	2008	1	0	0	0	0		>	  6.000;  6.000	6.0	0.0	0.0	2.0	6.0	0.0	CCRs_HUMAN_annotated_03262	True
InChI=1S/C22H20ClN3O5S/c23-17-1-6-21(20(15-17)22(27)16-7-9-26(28)10-8-16)24-32(29,30)19-4-2-18(3-5-19)25-11-13-31-14-12-25/h1-10,15,24H,11-14H2_on_P51686_WT	Low	ChEMBL31	ChEMBL31.compound.1070743	O=C(c1cc[n+]([O-])cc1)c1cc(Cl)ccc1NS(=O)(=O)c1ccc(N2CCOCC2)cc1	SKMHBFWLUDFNFF-UHFFFAOYSA-N	InChI=1S/C22H20ClN3O5S/c23-17-1-6-21(20(15-17)22(27)16-7-9-26(28)10-8-16)24-32(29,30)19-4-2-18(3-5-19)25-11-13-31-14-12-25/h1-10,15,24H,11-14H2	"""AuxInfo=1/0/N:14,23,31,22,32,15,4,9,5,8,26,30,27,29,11,3,12,24,21,10,16,2,13,17,25,6,1,7,19,20,28,18/E:(2,3)(4,5)(7,8)(9,10)(11,12)(13,14)(29,30)/CRV:26.5,32.6/rA:32OCCCCN+O-CCCCCClCCCNSOOCCCCNCCOCCCC/rB:d1;s2;d3;s4;d5;s6;s6;s3d8;s2;d10;s11;s12;d12;s14;s10d15;s16;s17;d18;d18;s18;d21;s22;d23;s24;s25;s26;s27;s28;s25s29;s24;s21d31;/rC:;;;;;;;;;;;;;;;;;;;;;;;;;;;;;;;;"""	P51686_WT	ChEMBL:CHEMBL5815;ChEMBL:CHEMBL5815	P51686	WT	CHEMBL3721192;CHEMBL3721193	PATENT:US7420055B2	2008.0	PATENT:US7420055B2	2008	1	0	0	0	0		>	  6.000;  6.000	6.0	0.0	0.0	2.0	6.0	0.0	CCRs_HUMAN_annotated_03263	True
InChI=1S/C22H20ClN3O5S/c23-17-3-8-21(20(14-17)22(27)16-2-1-9-26(28)15-16)24-32(29,30)19-6-4-18(5-7-19)25-10-12-31-13-11-25/h1-9,14-15,24H,10-13H2_on_P51686_WT	Low	ChEMBL31	ChEMBL31.compound.1070731	O=C(c1c[n+]([O-])ccc1)c1cc(Cl)ccc1NS(=O)(=O)c1ccc(N2CCOCC2)cc1	VQBJQDJWFYBJQV-UHFFFAOYSA-N	InChI=1S/C22H20ClN3O5S/c23-17-3-8-21(20(14-17)22(27)16-2-1-9-26(28)15-16)24-32(29,30)19-6-4-18(5-7-19)25-10-12-31-13-11-25/h1-9,14-15,24H,10-13H2	"""AuxInfo=1/0/N:8,9,14,23,31,22,32,15,7,26,30,27,29,11,4,3,12,24,21,10,16,2,13,17,25,5,1,6,19,20,28,18/E:(4,5)(6,7)(10,11)(12,13)(29,30)/CRV:26.5,32.6/rA:32OCCCN+O-CCCCCCClCCCNSOOCCCCNCCOCCCC/rB:d1;s2;d3;s4;s5;d5;s7;s3d8;s2;d10;s11;s12;d12;s14;s10d15;s16;s17;d18;d18;s18;d21;s22;d23;s24;s25;s26;s27;s28;s25s29;s24;s21d31;/rC:;;;;;;;;;;;;;;;;;;;;;;;;;;;;;;;;"""	P51686_WT	ChEMBL:CHEMBL5815;ChEMBL:CHEMBL5815	P51686	WT	CHEMBL3721192;CHEMBL3721193	PATENT:US7420055B2	2008.0	PATENT:US7420055B2	2008	1	0	0	0	0		>	  6.000;  6.000	6.0	0.0	0.0	2.0	6.0	0.0	CCRs_HUMAN_annotated_03264	True
InChI=1S/C22H20F2N2O3S/c1-22(2,3)15-4-6-16(7-5-15)30(28,29)26-18-9-8-17(23)20(24)19(18)21(27)14-10-12-25-13-11-14/h4-13,26H,1-3H3_on_P51686_WT	Low	ChEMBL31	ChEMBL31.compound.1070703	CC(C)(C)c1ccc(S(=O)(=O)Nc2ccc(F)c(F)c2C(=O)c2ccncc2)cc1	JBXUEZZDBPVCMC-UHFFFAOYSA-N	InChI=1S/C22H20F2N2O3S/c1-22(2,3)15-4-6-16(7-5-15)30(28,29)26-18-9-8-17(23)20(24)19(18)21(27)14-10-12-25-13-11-14/h4-13,26H,1-3H3	"""AuxInfo=1/0/N:1,3,4,6,30,7,29,15,14,24,28,25,27,23,5,8,16,13,20,18,21,2,17,19,26,12,22,10,11,9/E:(1,2,3)(4,5)(6,7)(10,11)(12,13)(28,29)/CRV:30.6/rA:30CCCCCCCCSOONCCCCFCFCCOCCCNCCCC/rB:s1;s2;s2;s2;d5;s6;d7;s8;d9;d9;s9;s12;d13;s14;d15;s16;s16;s18;s13d18;s20;d21;s21;d23;s24;d25;s26;s23d27;s8;s5d29;/rC:;;;;;;;;;;;;;;;;;;;;;;;;;;;;;;"""	P51686_WT	ChEMBL:CHEMBL5815;ChEMBL:CHEMBL5815	P51686	WT	CHEMBL3721192;CHEMBL3721193	PATENT:US7420055B2	2008.0	PATENT:US7420055B2	2008	1	0	0	0	0		>	  6.000;  6.000	6.0	0.0	0.0	2.0	6.0	0.0	CCRs_HUMAN_annotated_03270	True
InChI=1S/C22H20F2N2O3S/c1-22(2,3)15-4-6-16(7-5-15)30(28,29)26-20-13-19(24)18(23)12-17(20)21(27)14-8-10-25-11-9-14/h4-13,26H,1-3H3_on_P51686_WT	Low	ChEMBL31	ChEMBL31.compound.1070705	CC(C)(C)c1ccc(S(=O)(=O)Nc2cc(F)c(F)cc2C(=O)c2ccncc2)cc1	WOBPAAQMCPABAS-UHFFFAOYSA-N	InChI=1S/C22H20F2N2O3S/c1-22(2,3)15-4-6-16(7-5-15)30(28,29)26-20-13-19(24)18(23)12-17(20)21(27)14-8-10-25-11-9-14/h4-13,26H,1-3H3	"""AuxInfo=1/0/N:1,3,4,6,30,7,29,24,28,25,27,19,14,23,5,8,20,17,15,13,21,2,18,16,26,12,22,10,11,9/E:(1,2,3)(4,5)(6,7)(8,9)(10,11)(28,29)/CRV:30.6/rA:30CCCCCCCCSOONCCCFCFCCCOCCCNCCCC/rB:s1;s2;s2;s2;d5;s6;d7;s8;d9;d9;s9;s12;d13;s14;s15;d15;s17;s17;s13d19;s20;d21;s21;d23;s24;d25;s26;s23d27;s8;s5d29;/rC:;;;;;;;;;;;;;;;;;;;;;;;;;;;;;;"""	P51686_WT	ChEMBL:CHEMBL5815;ChEMBL:CHEMBL5815	P51686	WT	CHEMBL3721193;CHEMBL3721192	PATENT:US7420055B2	2008.0	PATENT:US7420055B2	2008	1	0	0	0	0		>	  6.000;  6.000	6.0	0.0	0.0	2.0	6.0	0.0	CCRs_HUMAN_annotated_03271	True
InChI=1S/C22H20F2N2O3S/c1-22(2,3)15-6-8-16(9-7-15)30(28,29)26-18-11-10-17(23)20(24)19(18)21(27)14-5-4-12-25-13-14/h4-13,26H,1-3H3_on_P51686_WT	Low	ChEMBL31	ChEMBL31.compound.1070654	CC(C)(C)c1ccc(S(=O)(=O)Nc2ccc(F)c(F)c2C(=O)c2cnccc2)cc1	CGNBINVSTGGRLK-UHFFFAOYSA-N	InChI=1S/C22H20F2N2O3S/c1-22(2,3)15-6-8-16(9-7-15)30(28,29)26-18-11-10-17(23)20(24)19(18)21(27)14-5-4-12-25-13-14/h4-13,26H,1-3H3	"""AuxInfo=1/0/N:1,3,4,27,28,6,30,7,29,15,14,26,24,23,5,8,16,13,20,18,21,2,17,19,25,12,22,10,11,9/E:(1,2,3)(6,7)(8,9)(28,29)/CRV:30.6/rA:30CCCCCCCCSOONCCCCFCFCCOCCNCCCCC/rB:s1;s2;s2;s2;d5;s6;d7;s8;d9;d9;s9;s12;d13;s14;d15;s16;s16;s18;s13d18;s20;d21;s21;d23;s24;d25;s26;s23d27;s8;s5d29;/rC:;;;;;;;;;;;;;;;;;;;;;;;;;;;;;;"""	P51686_WT	ChEMBL:CHEMBL5815;ChEMBL:CHEMBL5815	P51686	WT	CHEMBL3721193;CHEMBL3721192	PATENT:US7420055B2	2008.0	PATENT:US7420055B2	2008	1	0	0	0	0		>	  6.000;  6.000	6.0	0.0	0.0	2.0	6.0	0.0	CCRs_HUMAN_annotated_03272	True
InChI=1S/C22H20N4O7S/c1-2-33-16-9-7-15(8-10-16)14-23-24-20-12-11-17(13-21(20)26(29)30)34(31,32)25-19-6-4-3-5-18(19)22(27)28/h3-14,24-25H,2H2,1H3,(H,27,28)_on_P51684_WT	High	ChEMBL31	ChEMBL31.compound.604639	CCOc1ccc(C=NNc2c([N+](=O)[O-])cc(S(=O)(=O)Nc3c(C(=O)O)cccc3)cc2)cc1	PVYHZQVGZSMFMZ-UHFFFAOYSA-N	InChI=1S/C22H20N4O7S/c1-2-33-16-9-7-15(8-10-16)14-23-24-20-12-11-17(13-21(20)26(29)30)34(31,32)25-19-6-4-3-5-18(19)22(27)28/h3-14,24-25H,2H2,1H3,(H,27,28)	"""AuxInfo=1/1/N:1,2,28,29,27,30,6,33,5,34,31,32,16,8,7,4,17,23,22,11,12,24,9,10,21,13,25,26,14,15,19,20,3,18/E:(7,8)(9,10)(27,28)(29,30)(31,32)/CRV:26.5,34.6/rA:34CCOCCCCCNNCCN+OO-CCSOONCCCOOCCCCCCCC/rB:s1;s2;s3;d4;s5;d6;s7;w?8;s9;s10;d11;s12;d13;s13;s12;d16;s17;d18;d18;s18;s21;d22;s23;d24;s24;s23;d27;s28;s22d29;s17;s11d31;s7;s4d33;/rC:;;;;;;;;;;;;;;;;;;;;;;;;;;;;;;;;;;"""	P51684_WT	ChEMBL:CHEMBL4423	P51684	WT	CHEMBL1738164	PubChemAID:504728	2011.0	PubChemAID:504728	2011	1	0	0	0	0		=	  4.460	4.46	0.0	0.0	1.0	4.46	0.0	CCRs_HUMAN_annotated_03284	True
InChI=1S/C22H21BrN2O3S/c1-22(2,3)16-4-7-18(8-5-16)29(27,28)25-20-9-6-17(23)14-19(20)21(26)15-10-12-24-13-11-15/h4-14,25H,1-3H3_on_P51686_WT	Low	ChEMBL31	ChEMBL31.compound.1070713	CC(C)(C)c1ccc(S(=O)(=O)Nc2ccc(Br)cc2C(=O)c2ccncc2)cc1	AWMBKXODVABIDV-UHFFFAOYSA-N	InChI=1S/C22H21BrN2O3S/c1-22(2,3)16-4-7-18(8-5-16)29(27,28)25-20-9-6-17(23)14-19(20)21(26)15-10-12-24-13-11-15/h4-14,25H,1-3H3	"""AuxInfo=1/0/N:1,3,4,6,29,15,7,28,14,23,27,24,26,18,22,5,16,8,19,13,20,2,17,25,12,21,10,11,9/E:(1,2,3)(4,5)(7,8)(10,11)(12,13)(27,28)/CRV:29.6/rA:29CCCCCCCCSOONCCCCBrCCCOCCCNCCCC/rB:s1;s2;s2;s2;d5;s6;d7;s8;d9;d9;s9;s12;d13;s14;d15;s16;s16;s13d18;s19;d20;s20;d22;s23;d24;s25;s22d26;s8;s5d28;/rC:;;;;;;;;;;;;;;;;;;;;;;;;;;;;;"""	P51686_WT	ChEMBL:CHEMBL5815;ChEMBL:CHEMBL5815	P51686	WT	CHEMBL3721193;CHEMBL3721192	PATENT:US7420055B2	2008.0	PATENT:US7420055B2	2008	1	0	0	0	0		>	  6.000;  6.000	6.0	0.0	0.0	2.0	6.0	0.0	CCRs_HUMAN_annotated_03289	True
InChI=1S/C22H21ClFN3O4S/c1-22(7-10-31-11-8-22)17-4-3-15(13-18(17)24)32(29,30)27-19-5-2-14(23)12-16(19)21(28)20-6-9-25-26-20/h2-6,9,12-13,27H,7-8,10-11H2,1H3,(H,25,26)_on_P51686_WT	Low	ChEMBL31	ChEMBL31.compound.1070668	CC1(c2c(F)cc(S(=O)(=O)Nc3ccc(Cl)cc3C(=O)c3n[nH]cc3)cc2)CCOCC1	SYPVLEFCVYUKGH-UHFFFAOYSA-N	InChI=1S/C22H21ClFN3O4S/c1-22(7-10-31-11-8-22)17-4-3-15(13-18(17)24)32(29,30)27-19-5-2-14(23)12-16(19)21(28)20-6-9-25-26-20/h2-6,9,12-13,27H,7-8,10-11H2,1H3,(H,25,26)	"""AuxInfo=1/1/N:1,14,26,27,13,25,28,32,24,29,31,17,6,15,7,18,3,4,12,21,19,2,16,5,23,22,11,20,9,10,30,8/E:(7,8)(10,11)(29,30)/CRV:32.6/rA:32CCCCFCCSOONCCCCClCCCOCNNCCCCCCOCC/rB:s1;s2;d3;s4;s4;d6;s7;d8;d8;s8;s11;d12;s13;d14;s15;s15;s12d17;s18;d19;s19;d21;s22;s23;s21d24;s7;s3d26;s2;s28;s29;s30;s2s31;/rC:;;;;;;;;;;;;;;;;;;;;;;;;;;;;;;;;"""	P51686_WT	ChEMBL:CHEMBL5815;ChEMBL:CHEMBL5815	P51686	WT	CHEMBL3721192;CHEMBL3721193	PATENT:US7420055B2	2008.0	PATENT:US7420055B2	2008	1	0	0	0	0		>	  6.000;  6.000	6.0	0.0	0.0	2.0	6.0	0.0	CCRs_HUMAN_annotated_03294	True
InChI=1S/C22H21ClN2O3S/c1-22(2,3)15-7-10-17(11-8-15)29(27,28)25-19-12-9-16(23)14-18(19)21(26)20-6-4-5-13-24-20/h4-14,25H,1-3H3_on_P51686_WT	Low	ChEMBL31	ChEMBL31.compound.1070687	CC(C)(C)c1ccc(S(=O)(=O)Nc2ccc(Cl)cc2C(=O)c2ccccn2)cc1	VKCCMLORNVJVLH-UHFFFAOYSA-N	InChI=1S/C22H21ClN2O3S/c1-22(2,3)15-7-10-17(11-8-15)29(27,28)25-19-12-9-16(23)14-18(19)21(26)20-6-4-5-13-24-20/h4-14,25H,1-3H3	"""AuxInfo=1/0/N:1,3,4,24,25,23,6,29,15,7,28,14,26,18,5,16,8,19,13,22,20,2,17,27,12,21,10,11,9/E:(1,2,3)(7,8)(10,11)(27,28)/CRV:29.6/rA:29CCCCCCCCSOONCCCCClCCCOCCCCCNCC/rB:s1;s2;s2;s2;d5;s6;d7;s8;d9;d9;s9;s12;d13;s14;d15;s16;s16;s13d18;s19;d20;s20;d22;s23;d24;s25;s22d26;s8;s5d28;/rC:;;;;;;;;;;;;;;;;;;;;;;;;;;;;;"""	P51686_WT	ChEMBL:CHEMBL5815;ChEMBL:CHEMBL5815	P51686	WT	CHEMBL3721193;CHEMBL3721192	PATENT:US7420055B2	2008.0	PATENT:US7420055B2	2008	1	0	0	0	0		>	  6.000;  6.000	6.0	0.0	0.0	2.0	6.0	0.0	CCRs_HUMAN_annotated_03295	True
InChI=1S/C22H21ClN2O3S/c1-22(2,3)16-4-7-18(8-5-16)29(27,28)25-20-9-6-17(23)14-19(20)21(26)15-10-12-24-13-11-15/h4-14,25H,1-3H3_on_P51686_WT	Low	ChEMBL31	ChEMBL31.compound.1070728	CC(C)(C)c1ccc(S(=O)(=O)Nc2ccc(Cl)cc2C(=O)c2ccncc2)cc1	SMBFHJNRJHAKGZ-UHFFFAOYSA-N	InChI=1S/C22H21ClN2O3S/c1-22(2,3)16-4-7-18(8-5-16)29(27,28)25-20-9-6-17(23)14-19(20)21(26)15-10-12-24-13-11-15/h4-14,25H,1-3H3	"""AuxInfo=1/0/N:1,3,4,6,29,15,7,28,14,23,27,24,26,18,22,5,16,8,19,13,20,2,17,25,12,21,10,11,9/E:(1,2,3)(4,5)(7,8)(10,11)(12,13)(27,28)/CRV:29.6/rA:29CCCCCCCCSOONCCCCClCCCOCCCNCCCC/rB:s1;s2;s2;s2;d5;s6;d7;s8;d9;d9;s9;s12;d13;s14;d15;s16;s16;s13d18;s19;d20;s20;d22;s23;d24;s25;s22d26;s8;s5d28;/rC:;;;;;;;;;;;;;;;;;;;;;;;;;;;;;"""	P51686_WT	ChEMBL:CHEMBL5815;ChEMBL:CHEMBL5815	P51686	WT	CHEMBL3721192;CHEMBL3721193	PATENT:US7420055B2	2008.0	PATENT:US7420055B2	2008	1	0	0	0	0		>	  6.000;  6.000	6.0	0.0	0.0	2.0	6.0	0.0	CCRs_HUMAN_annotated_03296	True
InChI=1S/C22H21ClN2O3S/c1-22(2,3)16-4-7-18(8-5-16)29(27,28)25-20-14-17(23)6-9-19(20)21(26)15-10-12-24-13-11-15/h4-14,25H,1-3H3_on_P51686_WT	Low	ChEMBL31	ChEMBL31.compound.1070685	CC(C)(C)c1ccc(S(=O)(=O)Nc2cc(Cl)ccc2C(=O)c2ccncc2)cc1	NOSFESUGDNNCFP-UHFFFAOYSA-N	InChI=1S/C22H21ClN2O3S/c1-22(2,3)16-4-7-18(8-5-16)29(27,28)25-20-14-17(23)6-9-19(20)21(26)15-10-12-24-13-11-15/h4-14,25H,1-3H3	"""AuxInfo=1/0/N:1,3,4,6,29,17,7,28,18,23,27,24,26,14,22,5,15,8,19,13,20,2,16,25,12,21,10,11,9/E:(1,2,3)(4,5)(7,8)(10,11)(12,13)(27,28)/CRV:29.6/rA:29CCCCCCCCSOONCCCClCCCCOCCCNCCCC/rB:s1;s2;s2;s2;d5;s6;d7;s8;d9;d9;s9;s12;d13;s14;s15;d15;s17;s13d18;s19;d20;s20;d22;s23;d24;s25;s22d26;s8;s5d28;/rC:;;;;;;;;;;;;;;;;;;;;;;;;;;;;;"""	P51686_WT	ChEMBL:CHEMBL5815;ChEMBL:CHEMBL5815	P51686	WT	CHEMBL3721193;CHEMBL3721192	PATENT:US7420055B2	2008.0	PATENT:US7420055B2	2008	1	0	0	0	0		>	  6.000;  6.000	6.0	0.0	0.0	2.0	6.0	0.0	CCRs_HUMAN_annotated_03297	True
InChI=1S/C22H21ClN2O3S/c1-22(2,3)16-6-9-18(10-7-16)29(27,28)25-20-11-8-17(23)13-19(20)21(26)15-5-4-12-24-14-15/h4-14,25H,1-3H3_on_P51686_WT	Low	ChEMBL31	ChEMBL31.compound.1070714	CC(C)(C)c1ccc(S(=O)(=O)Nc2ccc(Cl)cc2C(=O)c2cccnc2)cc1	LFWVCWWMFMYSOG-UHFFFAOYSA-N	InChI=1S/C22H21ClN2O3S/c1-22(2,3)16-6-9-18(10-7-16)29(27,28)25-20-11-8-17(23)13-19(20)21(26)15-5-4-12-24-14-15/h4-14,25H,1-3H3	"""AuxInfo=1/0/N:1,3,4,24,23,6,29,15,7,28,14,25,18,27,22,5,16,8,19,13,20,2,17,26,12,21,10,11,9/E:(1,2,3)(6,7)(9,10)(27,28)/CRV:29.6/rA:29CCCCCCCCSOONCCCCClCCCOCCCCNCCC/rB:s1;s2;s2;s2;d5;s6;d7;s8;d9;d9;s9;s12;d13;s14;d15;s16;s16;s13d18;s19;d20;s20;d22;s23;d24;s25;s22d26;s8;s5d28;/rC:;;;;;;;;;;;;;;;;;;;;;;;;;;;;;"""	P51686_WT	ChEMBL:CHEMBL5815;ChEMBL:CHEMBL5815	P51686	WT	CHEMBL3721192;CHEMBL3721193	PATENT:US7420055B2	2008.0	PATENT:US7420055B2	2008	1	0	0	0	0		>	  6.000;  6.000	6.0	0.0	0.0	2.0	6.0	0.0	CCRs_HUMAN_annotated_03298	True
InChI=1S/C22H21ClN2O3S/c1-22(2,3)16-7-9-17(10-8-16)29(27,28)25-20-18(5-4-6-19(20)23)21(26)15-11-13-24-14-12-15/h4-14,25H,1-3H3_on_P51686_WT	High	ChEMBL31	ChEMBL31.compound.285482	CC(C)(C)c1ccc(S(=O)(=O)Nc2c(Cl)cccc2C(=O)c2ccncc2)cc1	GICSZPWMOSWEMY-UHFFFAOYSA-N	InChI=1S/C22H21ClN2O3S/c1-22(2,3)16-7-9-17(10-8-16)29(27,28)25-20-18(5-4-6-19(20)23)21(26)15-11-13-24-14-12-15/h4-14,25H,1-3H3	"""AuxInfo=1/0/N:1,3,4,17,18,16,6,29,7,28,23,27,24,26,22,5,8,19,14,13,20,2,15,25,12,21,10,11,9/E:(1,2,3)(7,8)(9,10)(11,12)(13,14)(27,28)/CRV:29.6/rA:29CCCCCCCCSOONCCClCCCCCOCCCNCCCC/rB:s1;s2;s2;s2;d5;s6;d7;s8;d9;d9;s9;s12;d13;s14;s14;d16;s17;s13d18;s19;d20;s20;d22;s23;d24;s25;s22d26;s8;s5d28;/rC:;;;;;;;;;;;;;;;;;;;;;;;;;;;;;"""	P51686_WT	ChEMBL:CHEMBL5815;ChEMBL:CHEMBL5815	P51686	WT	CHEMBL3721196;CHEMBL3721199	PATENT:US7420055B2	2008.0	PATENT:US7582661B2	2009	1	0	0	0	0		=	  7.000;  7.000	7.0	0.0	0.0	2.0	7.0	0.0	CCRs_HUMAN_annotated_03299	True
InChI=1S/C22H21ClN2O4S/c1-14(2)29-17-7-9-18(10-8-17)30(27,28)25-21-11-6-16(23)13-20(21)22(26)19-5-4-12-24-15(19)3/h4-14,25H,1-3H3_on_P51686_WT	Low	ChEMBL31	ChEMBL31.compound.1070688	Cc1c(C(=O)c2cc(Cl)ccc2NS(=O)(=O)c2ccc(OC(C)C)cc2)cccn1	CWBAWOIXWPTTBS-UHFFFAOYSA-N	InChI=1S/C22H21ClN2O4S/c1-14(2)29-17-7-9-18(10-8-17)30(27,28)25-21-11-6-16(23)13-20(21)22(26)19-5-4-12-24-15(19)3/h4-14,25H,1-3H3	"""AuxInfo=1/0/N:23,24,1,28,27,10,19,25,18,26,11,29,7,22,2,8,20,17,3,6,12,4,9,30,13,5,15,16,21,14/E:(1,2)(7,8)(9,10)(27,28)/CRV:30.6/rA:30CCCCOCCCClCCCNSOOCCCCOCCCCCCCCN/rB:s1;d2;s3;d4;s4;d6;s7;s8;d8;s10;s6d11;s12;s13;d14;d14;s14;d17;s18;d19;s20;s21;s22;s22;s20;s17d25;s3;d27;s28;s2d29;/rC:;;;;;;;;;;;;;;;;;;;;;;;;;;;;;;"""	P51686_WT	ChEMBL:CHEMBL5815;ChEMBL:CHEMBL5815	P51686	WT	CHEMBL3721192;CHEMBL3721193	PATENT:US7420055B2	2008.0	PATENT:US7420055B2	2008	1	0	0	0	0		>	  6.000;  6.000	6.0	0.0	0.0	2.0	6.0	0.0	CCRs_HUMAN_annotated_03300	True
InChI=1S/C22H21ClN2O4S/c1-14(2)29-18-5-7-19(8-6-18)30(27,28)25-21-9-4-17(23)13-20(21)22(26)16-10-11-24-15(3)12-16/h4-14,25H,1-3H3_on_P51686_WT	Low	ChEMBL31	ChEMBL31.compound.1070696	Cc1cc(C(=O)c2cc(Cl)ccc2NS(=O)(=O)c2ccc(OC(C)C)cc2)ccn1	OBQMBHRRROYZCS-UHFFFAOYSA-N	InChI=1S/C22H21ClN2O4S/c1-14(2)29-18-5-7-19(8-6-18)30(27,28)25-21-9-4-17(23)13-20(21)22(26)16-10-11-24-15(3)12-16/h4-14,25H,1-3H3	"""AuxInfo=1/0/N:24,25,1,11,20,26,19,27,12,28,29,3,8,23,2,4,9,21,18,7,13,5,10,30,14,6,16,17,22,15/E:(1,2)(5,6)(7,8)(27,28)/CRV:30.6/rA:30CCCCCOCCCClCCCNSOOCCCCOCCCCCCCN/rB:s1;d2;s3;s4;d5;s5;d7;s8;s9;d9;s11;s7d12;s13;s14;d15;d15;s15;d18;s19;d20;s21;s22;s23;s23;s21;s18d26;d4;s28;s2d29;/rC:;;;;;;;;;;;;;;;;;;;;;;;;;;;;;;"""	P51686_WT	ChEMBL:CHEMBL5815;ChEMBL:CHEMBL5815	P51686	WT	CHEMBL3721192;CHEMBL3721193	PATENT:US7420055B2	2008.0	PATENT:US7420055B2	2008	1	0	0	0	0		>	  6.000;  6.000	6.0	0.0	0.0	2.0	6.0	0.0	CCRs_HUMAN_annotated_03301	True
InChI=1S/C22H21ClN2O4S/c1-14(2)29-18-7-9-19(10-8-18)30(27,28)25-21-11-6-17(23)12-20(21)22(26)16-5-4-15(3)24-13-16/h4-14,25H,1-3H3_on_P51686_WT	Low	ChEMBL31	ChEMBL31.compound.1070699	Cc1ncc(C(=O)c2cc(Cl)ccc2NS(=O)(=O)c2ccc(OC(C)C)cc2)cc1	XLMKJKFIVALQTK-UHFFFAOYSA-N	InChI=1S/C22H21ClN2O4S/c1-14(2)29-18-7-9-19(10-8-18)30(27,28)25-21-11-6-17(23)12-20(21)22(26)16-5-4-15(3)24-13-16/h4-14,25H,1-3H3	"""AuxInfo=1/0/N:25,26,1,30,29,12,21,27,20,28,13,9,4,24,2,5,10,22,19,8,14,6,11,3,15,7,17,18,23,16/E:(1,2)(7,8)(9,10)(27,28)/CRV:30.6/rA:30CCNCCCOCCCClCCCNSOOCCCCOCCCCCCC/rB:s1;d2;s3;d4;s5;d6;s6;d8;s9;s10;d10;s12;s8d13;s14;s15;d16;d16;s16;d19;s20;d21;s22;s23;s24;s24;s22;s19d27;s5;s2d29;/rC:;;;;;;;;;;;;;;;;;;;;;;;;;;;;;;"""	P51686_WT	ChEMBL:CHEMBL5815;ChEMBL:CHEMBL5815	P51686	WT	CHEMBL3721192;CHEMBL3721193	PATENT:US7420055B2	2008.0	PATENT:US7420055B2	2008	1	0	0	0	0		>	  6.000;  6.000	6.0	0.0	0.0	2.0	6.0	0.0	CCRs_HUMAN_annotated_03302	True
InChI=1S/C22H21ClN2O4S/c1-22(2,3)15-7-10-17(11-8-15)30(28,29)24-19-12-9-16(23)14-18(19)21(26)20-6-4-5-13-25(20)27/h4-14,24H,1-3H3_on_P51686_WT	High	ChEMBL31	ChEMBL31.compound.285488	CC(C)(C)c1ccc(S(=O)(=O)Nc2ccc(Cl)cc2C(=O)c2cccc[n+]2[O-])cc1	NKFIIBNFBHUUBL-UHFFFAOYSA-N	InChI=1S/C22H21ClN2O4S/c1-22(2,3)15-7-10-17(11-8-15)30(28,29)24-19-12-9-16(23)14-18(19)21(26)20-6-4-5-13-25(20)27/h4-14,24H,1-3H3	"""AuxInfo=1/0/N:1,3,4,24,25,23,6,30,15,7,29,14,26,18,5,16,8,19,13,22,20,2,17,12,27,21,28,10,11,9/E:(1,2,3)(7,8)(10,11)(28,29)/CRV:25.5,30.6/rA:30CCCCCCCCSOONCCCCClCCCOCCCCCN+O-CC/rB:s1;s2;s2;s2;d5;s6;d7;s8;d9;d9;s9;s12;d13;s14;d15;s16;s16;s13d18;s19;d20;s20;d22;s23;d24;s25;s22d26;s27;s8;s5d29;/rC:;;;;;;;;;;;;;;;;;;;;;;;;;;;;;;"""	P51686_WT	ChEMBL:CHEMBL5815;ChEMBL:CHEMBL5815	P51686	WT	CHEMBL3721199;CHEMBL3721196	PATENT:US7420055B2	2008.0	PATENT:US7582661B2	2009	1	0	0	0	0		=	  7.000;  7.000	7.0	0.0	0.0	2.0	7.0	0.0	CCRs_HUMAN_annotated_03303	True
InChI=1S/C22H21ClN2O4S/c1-22(2,3)16-4-7-18(8-5-16)30(28,29)24-20-9-6-17(23)14-19(20)21(26)15-10-12-25(27)13-11-15/h4-14,24H,1-3H3_on_P51686_WT	High	ChEMBL31	ChEMBL31.compound.268063	CC(C)(C)c1ccc(S(=O)(=O)Nc2ccc(Cl)cc2C(=O)c2cc[n+]([O-])cc2)cc1	JRWROCIMSDXGOZ-UHFFFAOYSA-N	InChI=1S/C22H21ClN2O4S/c1-22(2,3)16-4-7-18(8-5-16)30(28,29)24-20-9-6-17(23)14-19(20)21(26)15-10-12-25(27)13-11-15/h4-14,24H,1-3H3	"""AuxInfo=1/0/N:1,3,4,6,30,15,7,29,14,23,28,24,27,18,22,5,16,8,19,13,20,2,17,12,25,21,26,10,11,9/E:(1,2,3)(4,5)(7,8)(10,11)(12,13)(28,29)/CRV:25.5,30.6/rA:30CCCCCCCCSOONCCCCClCCCOCCCN+O-CCCC/rB:s1;s2;s2;s2;d5;s6;d7;s8;d9;d9;s9;s12;d13;s14;d15;s16;s16;s13d18;s19;d20;s20;d22;s23;d24;s25;s25;s22d27;s8;s5d29;/rC:;;;;;;;;;;;;;;;;;;;;;;;;;;;;;;"""	P51686_WT	ChEMBL:CHEMBL5815;ChEMBL:CHEMBL5815;ChEMBL:CHEMBL5815;ChEMBL:CHEMBL5815;ChEMBL:CHEMBL5815;ChEMBL:CHEMBL5815;ChEMBL:CHEMBL5815;ChEMBL:CHEMBL5815;ChEMBL:CHEMBL5815	P51686	WT	CHEMBL3607106;CHEMBL3607107;CHEMBL3607108;CHEMBL4324199;CHEMBL4324200;CHEMBL3801237;CHEMBL3801235;CHEMBL3801236;CHEMBL3815306	PATENT:US7420055B2	2008.0	PMID:26117562;PMID:26117562;PMID:26117562;PMID:31703817;PMID:31703817;PMID:26987013;PMID:26987013;PMID:26987013;PMID:27256913	2015;2015;2015;2020;2020;2016;2016;2016;2016	1;1;1;1;1;0;0;0;1	0	0	0;0;0;0;0;1;1;1;0	0		=	  8.000;  7.960;  6.270;  8.550;  8.590;  8.000;  8.960;  8.430;  8.300	8.118	0.724	0.256	9.0	8.3	0.3	CCRs_HUMAN_annotated_03304	True
InChI=1S/C22H21ClN2O4S/c1-22(2,3)16-6-9-18(10-7-16)30(28,29)24-20-11-8-17(23)13-19(20)21(26)15-5-4-12-25(27)14-15/h4-14,24H,1-3H3_on_P51686_WT	Low	ChEMBL31	ChEMBL31.compound.1070709	CC(C)(C)c1ccc(S(=O)(=O)Nc2ccc(Cl)cc2C(=O)c2ccc[n+]([O-])c2)cc1	JYNRCTGNUWIOCC-UHFFFAOYSA-N	InChI=1S/C22H21ClN2O4S/c1-22(2,3)16-6-9-18(10-7-16)30(28,29)24-20-11-8-17(23)13-19(20)21(26)15-5-4-12-25(27)14-15/h4-14,24H,1-3H3	"""AuxInfo=1/0/N:1,3,4,24,23,6,30,15,7,29,14,25,18,28,22,5,16,8,19,13,20,2,17,12,26,21,27,10,11,9/E:(1,2,3)(6,7)(9,10)(28,29)/CRV:25.5,30.6/rA:30CCCCCCCCSOONCCCCClCCCOCCCCN+O-CCC/rB:s1;s2;s2;s2;d5;s6;d7;s8;d9;d9;s9;s12;d13;s14;d15;s16;s16;s13d18;s19;d20;s20;d22;s23;d24;s25;s26;s22d26;s8;s5d29;/rC:;;;;;;;;;;;;;;;;;;;;;;;;;;;;;;"""	P51686_WT	ChEMBL:CHEMBL5815;ChEMBL:CHEMBL5815	P51686	WT	CHEMBL3721192;CHEMBL3721193	PATENT:US7420055B2	2008.0	PATENT:US7420055B2	2008	1	0	0	0	0		>	  6.000;  6.000	6.0	0.0	0.0	2.0	6.0	0.0	CCRs_HUMAN_annotated_03305	True
InChI=1S/C22H21ClN2O4S/c1-22(2,14-26)16-3-6-18(7-4-16)30(28,29)25-20-8-5-17(23)13-19(20)21(27)15-9-11-24-12-10-15/h3-13,25-26H,14H2,1-2H3_on_P51686_WT	Low	ChEMBL31	ChEMBL31.compound.1070691	CC(C)(CO)c1ccc(S(=O)(=O)Nc2ccc(Cl)cc2C(=O)c2ccncc2)cc1	VHPZLUWLYYVGFU-UHFFFAOYSA-N	InChI=1S/C22H21ClN2O4S/c1-22(2,14-26)16-3-6-18(7-4-16)30(28,29)25-20-8-5-17(23)13-19(20)21(27)15-9-11-24-12-10-15/h3-13,25-26H,14H2,1-2H3	"""AuxInfo=1/0/N:1,3,7,30,16,8,29,15,24,28,25,27,19,4,23,6,17,9,20,14,21,2,18,26,13,5,22,11,12,10/E:(1,2)(3,4)(6,7)(9,10)(11,12)(28,29)/CRV:30.6/rA:30CCCCOCCCCSOONCCCCClCCCOCCCNCCCC/rB:s1;s2;s2;s4;s2;d6;s7;d8;s9;d10;d10;s10;s13;d14;s15;d16;s17;s17;s14d19;s20;d21;s21;d23;s24;d25;s26;s23d27;s9;s6d29;/rC:;;;;;;;;;;;;;;;;;;;;;;;;;;;;;;"""	P51686_WT	ChEMBL:CHEMBL5815;ChEMBL:CHEMBL5815	P51686	WT	CHEMBL3721193;CHEMBL3721192	PATENT:US7420055B2	2008.0	PATENT:US7420055B2	2008	1	0	0	0	0		>	  6.000;  6.000	6.0	0.0	0.0	2.0	6.0	0.0	CCRs_HUMAN_annotated_03306	True
InChI=1S/C22H21ClN2O4S/c1-29-18-8-10-19(11-9-18)30(27,28)25-21-12-7-17(23)15-20(21)22(26)24-14-13-16-5-3-2-4-6-16/h2-12,15,25H,13-14H2,1H3,(H,24,26)_on_P51686_WT	Low	ChEMBL31	ChEMBL31.compound.1070778	COc1ccc(S(=O)(=O)Nc2ccc(Cl)cc2C(=O)NCCc2ccccc2)cc1	UTBHUCRSQGRZTL-UHFFFAOYSA-N	InChI=1S/C22H21ClN2O4S/c1-29-18-8-10-19(11-9-18)30(27,28)25-21-12-7-17(23)15-20(21)22(26)24-14-13-16-5-3-2-4-6-16/h2-12,15,25H,13-14H2,1H3,(H,24,26)	"""AuxInfo=1/1/N:1,26,25,27,24,28,13,4,30,5,29,12,22,21,16,23,14,3,6,17,11,18,15,20,10,19,8,9,2,7/E:(3,4)(5,6)(8,9)(10,11)(27,28)/CRV:30.6/rA:30COCCCCSOONCCCCClCCCONCCCCCCCCCC/rB:s1;s2;d3;s4;d5;s6;d7;d7;s7;s10;d11;s12;d13;s14;s14;s11d16;s17;d18;s18;s20;s21;s22;d23;s24;d25;s26;s23d27;s6;s3d29;/rC:;;;;;;;;;;;;;;;;;;;;;;;;;;;;;;"""	P51686_WT	ChEMBL:CHEMBL5815;ChEMBL:CHEMBL5815	P51686	WT	CHEMBL3721193;CHEMBL3721192	PATENT:US7420055B2	2008.0	PATENT:US7420055B2	2008	1	0	0	0	0		>	  6.000;  6.000	6.0	0.0	0.0	2.0	6.0	0.0	CCRs_HUMAN_annotated_03307	True
InChI=1S/C22H21ClN2O5S/c1-14(2)30-17-7-9-18(10-8-17)31(28,29)24-21-11-6-16(23)13-20(21)22(26)19-5-4-12-25(27)15(19)3/h4-14,24H,1-3H3_on_P51686_WT	High	ChEMBL31	ChEMBL31.compound.285501	Cc1c(C(=O)c2cc(Cl)ccc2NS(=O)(=O)c2ccc(OC(C)C)cc2)ccc[n+]1[O-]	QEIMSJXHWROQQP-UHFFFAOYSA-N	InChI=1S/C22H21ClN2O5S/c1-14(2)30-17-7-9-18(10-8-17)31(28,29)24-21-11-6-16(23)13-20(21)22(26)19-5-4-12-25(27)15(19)3/h4-14,24H,1-3H3	"""AuxInfo=1/0/N:23,24,1,28,27,10,19,25,18,26,11,29,7,22,2,8,20,17,3,6,12,4,9,13,30,5,31,15,16,21,14/E:(1,2)(7,8)(9,10)(28,29)/CRV:25.5,31.6/rA:31CCCCOCCCClCCCNSOOCCCCOCCCCCCCCN+O-/rB:s1;d2;s3;d4;s4;d6;s7;s8;d8;s10;s6d11;s12;s13;d14;d14;s14;d17;s18;d19;s20;s21;s22;s22;s20;s17d25;s3;d27;s28;s2d29;s30;/rC:;;;;;;;;;;;;;;;;;;;;;;;;;;;;;;;"""	P51686_WT	ChEMBL:CHEMBL5815;ChEMBL:CHEMBL5815	P51686	WT	CHEMBL3721199;CHEMBL3721196	PATENT:US7420055B2	2008.0	PATENT:US7582661B2	2009	1	0	0	0	0		=	  7.000;  7.000	7.0	0.0	0.0	2.0	7.0	0.0	CCRs_HUMAN_annotated_03308	True
InChI=1S/C22H21ClN2O5S/c1-14(2)30-18-5-7-19(8-6-18)31(28,29)24-21-9-4-17(23)13-20(21)22(26)16-10-11-25(27)15(3)12-16/h4-14,24H,1-3H3_on_P51686_WT	Low	ChEMBL31	ChEMBL31.compound.1070707	Cc1cc(C(=O)c2cc(Cl)ccc2NS(=O)(=O)c2ccc(OC(C)C)cc2)cc[n+]1[O-]	DWCDKSMXGFXHSL-UHFFFAOYSA-N	InChI=1S/C22H21ClN2O5S/c1-14(2)30-18-5-7-19(8-6-18)31(28,29)24-21-9-4-17(23)13-20(21)22(26)16-10-11-25(27)15(3)12-16/h4-14,24H,1-3H3	"""AuxInfo=1/0/N:24,25,1,11,20,26,19,27,12,28,29,3,8,23,2,4,9,21,18,7,13,5,10,14,30,6,31,16,17,22,15/E:(1,2)(5,6)(7,8)(28,29)/CRV:25.5,31.6/rA:31CCCCCOCCCClCCCNSOOCCCCOCCCCCCCN+O-/rB:s1;d2;s3;s4;d5;s5;d7;s8;s9;d9;s11;s7d12;s13;s14;d15;d15;s15;d18;s19;d20;s21;s22;s23;s23;s21;s18d26;d4;s28;s2d29;s30;/rC:;;;;;;;;;;;;;;;;;;;;;;;;;;;;;;;"""	P51686_WT	ChEMBL:CHEMBL5815;ChEMBL:CHEMBL5815	P51686	WT	CHEMBL3721193;CHEMBL3721192	PATENT:US7420055B2	2008.0	PATENT:US7420055B2	2008	1	0	0	0	0		>	  6.000;  6.000	6.0	0.0	0.0	2.0	6.0	0.0	CCRs_HUMAN_annotated_03309	True
InChI=1S/C22H21ClN2O5S/c1-14(2)30-18-7-9-19(10-8-18)31(28,29)24-21-11-6-17(23)12-20(21)22(26)16-5-4-15(3)25(27)13-16/h4-14,24H,1-3H3_on_P51686_WT	High	ChEMBL31	ChEMBL31.compound.285494	Cc1[n+]([O-])cc(C(=O)c2cc(Cl)ccc2NS(=O)(=O)c2ccc(OC(C)C)cc2)cc1	QAITWIBIJLYZQJ-UHFFFAOYSA-N	InChI=1S/C22H21ClN2O5S/c1-14(2)30-18-7-9-19(10-8-18)31(28,29)24-21-11-6-17(23)12-20(21)22(26)16-5-4-15(3)25(27)13-16/h4-14,24H,1-3H3	"""AuxInfo=1/0/N:26,27,1,31,30,13,22,28,21,29,14,10,5,25,2,6,11,23,20,9,15,7,12,16,3,8,4,18,19,24,17/E:(1,2)(7,8)(9,10)(28,29)/CRV:25.5,31.6/rA:31CCN+O-CCCOCCCClCCCNSOOCCCCOCCCCCCC/rB:s1;d2;s3;s3;d5;s6;d7;s7;d9;s10;s11;d11;s13;s9d14;s15;s16;d17;d17;s17;d20;s21;d22;s23;s24;s25;s25;s23;s20d28;s6;s2d30;/rC:;;;;;;;;;;;;;;;;;;;;;;;;;;;;;;;"""	P51686_WT	ChEMBL:CHEMBL5815;ChEMBL:CHEMBL5815	P51686	WT	CHEMBL3721196;CHEMBL3721199	PATENT:US7420055B2	2008.0	PATENT:US7582661B2	2009	1	0	0	0	0		=	  7.000;  7.000	7.0	0.0	0.0	2.0	7.0	0.0	CCRs_HUMAN_annotated_03310	True
InChI=1S/C22H21ClN2O5S/c1-22(2,14-26)16-3-6-18(7-4-16)31(29,30)24-20-8-5-17(23)13-19(20)21(27)15-9-11-25(28)12-10-15/h3-13,24,26H,14H2,1-2H3_on_P51686_WT	High	ChEMBL31	ChEMBL31.compound.285504	CC(C)(CO)c1ccc(S(=O)(=O)Nc2ccc(Cl)cc2C(=O)c2cc[n+]([O-])cc2)cc1	KYHOLCAHTRKUEL-UHFFFAOYSA-N	InChI=1S/C22H21ClN2O5S/c1-22(2,14-26)16-3-6-18(7-4-16)31(29,30)24-20-8-5-17(23)13-19(20)21(27)15-9-11-25(28)12-10-15/h3-13,24,26H,14H2,1-2H3	"""AuxInfo=1/0/N:1,3,7,31,16,8,30,15,24,29,25,28,19,4,23,6,17,9,20,14,21,2,18,13,26,5,22,27,11,12,10/E:(1,2)(3,4)(6,7)(9,10)(11,12)(29,30)/CRV:25.5,31.6/rA:31CCCCOCCCCSOONCCCCClCCCOCCCN+O-CCCC/rB:s1;s2;s2;s4;s2;d6;s7;d8;s9;d10;d10;s10;s13;d14;s15;d16;s17;s17;s14d19;s20;d21;s21;d23;s24;d25;s26;s26;s23d28;s9;s6d30;/rC:;;;;;;;;;;;;;;;;;;;;;;;;;;;;;;;"""	P51686_WT	ChEMBL:CHEMBL5815;ChEMBL:CHEMBL5815	P51686	WT	CHEMBL3721196;CHEMBL3721199	PATENT:US7420055B2	2008.0	PATENT:US7582661B2	2009	1	0	0	0	0		=	  7.000;  7.000	7.0	0.0	0.0	2.0	7.0	0.0	CCRs_HUMAN_annotated_03311	True
InChI=1S/C22H21ClN4O4S2/c1-14(28)24-12-15-5-3-6-16(11-15)13-27-17-7-4-8-18(31-2)21(17)22(25-27)26-33(29,30)20-10-9-19(23)32-20/h3-11H,12-13H2,1-2H3,(H,24,28)(H,25,26)_on_P51679_WT	High	ChEMBL31	ChEMBL31.compound.178522	COc1c2c(NS(=O)(=O)c3ccc(Cl)s3)nn(Cc3cccc(CNC(C)=O)c3)c2ccc1	XJIPRGACXFXEME-UHFFFAOYSA-N	InChI=1S/C22H21ClN4O4S2/c1-14(28)24-12-15-5-3-6-16(11-15)13-27-17-7-4-8-18(31-2)21(17)22(25-27)26-33(29,30)20-10-9-19(23)32-20/h3-11H,12-13H2,1-2H3,(H,24,28)(H,25,26)	"""AuxInfo=1/1/N:27,1,21,32,22,20,31,33,12,11,29,24,18,26,23,19,30,3,13,10,4,5,14,25,16,6,17,28,8,9,2,15,7/E:(29,30)/CRV:33.6/rA:33COCCCNSOOCCCCClSNNCCCCCCCNCCOCCCCC/rB:s1;s2;d3;s4;s5;s6;d7;d7;s7;d10;s11;d12;s13;s10s13;d5;s16;s17;s18;d19;s20;d21;s22;s23;s24;s25;s26;d26;s19d23;s4s17;d30;s31;s3d32;/rC:;;;;;;;;;;;;;;;;;;;;;;;;;;;;;;;;;"""	P51679_WT	ChEMBL:CHEMBL2414;ChEMBL:CHEMBL2414;ChEMBL:CHEMBL2414	P51679	WT	CHEMBL2019171;CHEMBL2330053;CHEMBL2330056	PMID:22437117	2012.0	PMID:22437117;PMID:23409871;PMID:23409871	2012;2013;2013	0;0;1	0	0;1;0	1;0;0	0		=	  7.900;  6.000;  7.500	7.133	0.818	0.578	3.0	7.5	0.4	CCRs_HUMAN_annotated_03312	True
InChI=1S/C22H21ClN4O4S2/c1-14(28)24-12-15-6-8-16(9-7-15)13-27-17-4-3-5-18(31-2)21(17)22(25-27)26-33(29,30)20-11-10-19(23)32-20/h3-11H,12-13H2,1-2H3,(H,24,28)(H,25,26)_on_P51679_WT	High	ChEMBL31	ChEMBL31.compound.178523	COc1c2c(NS(=O)(=O)c3ccc(Cl)s3)nn(Cc3ccc(CNC(C)=O)cc3)c2ccc1	SZTZWHBQSDZDGV-UHFFFAOYSA-N	InChI=1S/C22H21ClN4O4S2/c1-14(28)24-12-15-6-8-16(9-7-15)13-27-17-4-3-5-18(31-2)21(17)22(25-27)26-33(29,30)20-11-10-19(23)32-20/h3-11H,12-13H2,1-2H3,(H,24,28)(H,25,26)	"""AuxInfo=1/1/N:26,1,32,31,33,21,28,20,29,12,11,23,18,25,22,19,30,3,13,10,4,5,14,24,16,6,17,27,8,9,2,15,7/E:(6,7)(8,9)(29,30)/CRV:33.6/rA:33COCCCNSOOCCCCClSNNCCCCCCNCCOCCCCCC/rB:s1;s2;d3;s4;s5;s6;d7;d7;s7;d10;s11;d12;s13;s10s13;d5;s16;s17;s18;d19;s20;d21;s22;s23;s24;s25;d25;s22;s19d28;s4s17;d30;s31;s3d32;/rC:;;;;;;;;;;;;;;;;;;;;;;;;;;;;;;;;;"""	P51679_WT	ChEMBL:CHEMBL2414	P51679	WT	CHEMBL2019171	PMID:22437117	2012.0	PMID:22437117	2012	0	0	0	1	0		=	  6.800	6.8	0.0	0.0	1.0	6.8	0.0	CCRs_HUMAN_annotated_03313	True
InChI=1S/C22H21ClN4O4S2/c1-14(29)24-11-15-4-2-5-16(10-15)12-27-18-7-3-6-17(13-28)21(18)22(25-27)26-33(30,31)20-9-8-19(23)32-20/h2-10,28H,11-13H2,1H3,(H,24,29)(H,25,26)_on_P51679_WT	High	ChEMBL31	ChEMBL31.compound.203159	CC(=O)NCc1cc(Cn2nc(NS(=O)(=O)c3ccc(Cl)s3)c3c(CO)cccc32)ccc1	AUIYEVWOONJZFS-UHFFFAOYSA-N	InChI=1S/C22H21ClN4O4S2/c1-14(29)24-11-15-4-2-5-16(10-15)12-27-18-7-3-6-17(13-28)21(18)22(25-27)26-33(30,31)20-9-8-19(23)32-20/h2-10,28H,11-13H2,1H3,(H,24,29)(H,25,26)	"""AuxInfo=1/1/N:1,32,28,33,31,27,29,19,18,7,5,9,25,2,6,8,24,30,20,17,23,12,21,4,11,13,10,26,3,15,16,22,14/E:(30,31)/CRV:33.6/rA:33CCONCCCCCNNCNSOOCCCCClSCCCOCCCCCCC/rB:s1;d2;s2;s4;s5;d6;s7;s8;s9;s10;d11;s12;s13;d14;d14;s14;d17;s18;d19;s20;s17s20;s12;d23;s24;s25;s24;d27;s28;s10s23d29;d8;s31;s6d32;/rC:;;;;;;;;;;;;;;;;;;;;;;;;;;;;;;;;;"""	P51679_WT	ChEMBL:CHEMBL2414;ChEMBL:CHEMBL2414	P51679	WT	CHEMBL2330056;CHEMBL2330053	PMID:23409871	2013.0	PMID:23409871	2013	1;0	0	0;1	0	0		=	  8.200;  6.000	7.1	1.1	1.1	2.0	7.1	1.1	CCRs_HUMAN_annotated_03314	True
InChI=1S/C22H21ClN4O4S2/c1-26(2)22(28)15-7-4-6-14(12-15)13-27-16-8-5-9-17(31-3)20(16)21(24-27)25-33(29,30)19-11-10-18(23)32-19/h4-12H,13H2,1-3H3,(H,24,25)_on_P51679_WT	High	ChEMBL31	ChEMBL31.compound.178514	COc1c2c(NS(=O)(=O)c3ccc(Cl)s3)nn(Cc3cccc(C(=O)N(C)C)c3)c2ccc1	BLKQZCAICBYWEJ-UHFFFAOYSA-N	InChI=1S/C22H21ClN4O4S2/c1-26(2)22(28)15-7-4-6-14(12-15)13-27-16-8-5-9-17(31-3)20(16)21(24-27)25-33(29,30)19-11-10-18(23)32-19/h4-12H,13H2,1-3H3,(H,24,25)	"""AuxInfo=1/1/N:27,28,1,21,32,20,22,31,33,12,11,29,18,19,23,30,3,13,10,4,5,24,14,16,6,26,17,25,8,9,2,15,7/E:(1,2)(29,30)/CRV:33.6/rA:33COCCCNSOOCCCCClSNNCCCCCCCONCCCCCCC/rB:s1;s2;d3;s4;s5;s6;d7;d7;s7;d10;s11;d12;s13;s10s13;d5;s16;s17;s18;d19;s20;d21;s22;s23;d24;s24;s26;s26;s19d23;s4s17;d30;s31;s3d32;/rC:;;;;;;;;;;;;;;;;;;;;;;;;;;;;;;;;;"""	P51679_WT	ChEMBL:CHEMBL2414;ChEMBL:CHEMBL2414	P51679	WT	CHEMBL2019170;CHEMBL2019171	PMID:22437117	2012.0	PMID:22437117	2012	1;0	0	0	0;1	0		=	  6.380;  5.900	6.14	0.24	0.24	2.0	6.14	0.24	CCRs_HUMAN_annotated_03315	True
InChI=1S/C22H21ClN4O5S2/c1-32-17-7-3-6-16-21(17)22(26-34(30,31)20-9-8-18(23)33-20)25-27(16)12-15-5-2-4-14(10-15)11-24-19(29)13-28/h2-10,28H,11-13H2,1H3,(H,24,29)(H,25,26)_on_P51679_WT	High	ChEMBL31	ChEMBL31.compound.178516	COc1cccc2c1c(NS(=O)(=O)c1ccc(Cl)s1)nn2Cc1cccc(CNC(=O)CO)c1	BVOPWMBIOVEEKK-UHFFFAOYSA-N	InChI=1S/C22H21ClN4O5S2/c1-32-17-7-3-6-16-21(17)22(26-34(30,31)20-9-8-18(23)33-20)25-27(16)12-15-5-2-4-14(10-15)11-24-19(29)13-28/h2-10,28H,11-13H2,1H3,(H,24,29)(H,25,26)	"""AuxInfo=1/1/N:1,25,5,26,24,6,4,16,15,34,28,22,32,27,23,7,3,17,30,14,8,9,18,29,20,10,21,33,31,12,13,2,19,11/E:(30,31)/CRV:34.6/rA:34COCCCCCCCNSOOCCCCClSNNCCCCCCCNCOCOC/rB:s1;s2;d3;s4;d5;s6;s3d7;s8;s9;s10;d11;d11;s11;d14;s15;d16;s17;s14s17;d9;s7s20;s21;s22;d23;s24;d25;s26;s27;s28;s29;d30;s30;s32;s23d27;/rC:;;;;;;;;;;;;;;;;;;;;;;;;;;;;;;;;;;"""	P51679_WT	ChEMBL:CHEMBL2414;ChEMBL:CHEMBL2414;ChEMBL:CHEMBL2414	P51679	WT	CHEMBL2019171;CHEMBL2019170;CHEMBL2019173	PMID:22437117	2012.0	PMID:22437117	2012	0;1;0	0	0;0;1	1;0;0	0		=	  7.800;  7.560;  5.700	7.02	0.939	0.664	3.0	7.56	0.24	CCRs_HUMAN_annotated_03316	True
InChI=1S/C22H21FN2O3S/c1-22(2,3)16-4-7-18(8-5-16)29(27,28)25-20-9-6-17(23)14-19(20)21(26)15-10-12-24-13-11-15/h4-14,25H,1-3H3_on_P51686_WT	Low	ChEMBL31	ChEMBL31.compound.1070726	CC(C)(C)c1ccc(S(=O)(=O)Nc2ccc(F)cc2C(=O)c2ccncc2)cc1	YKRJSZRXUBAFON-UHFFFAOYSA-N	InChI=1S/C22H21FN2O3S/c1-22(2,3)16-4-7-18(8-5-16)29(27,28)25-20-9-6-17(23)14-19(20)21(26)15-10-12-24-13-11-15/h4-14,25H,1-3H3	"""AuxInfo=1/0/N:1,3,4,6,29,15,7,28,14,23,27,24,26,18,22,5,16,8,19,13,20,2,17,25,12,21,10,11,9/E:(1,2,3)(4,5)(7,8)(10,11)(12,13)(27,28)/CRV:29.6/rA:29CCCCCCCCSOONCCCCFCCCOCCCNCCCC/rB:s1;s2;s2;s2;d5;s6;d7;s8;d9;d9;s9;s12;d13;s14;d15;s16;s16;s13d18;s19;d20;s20;d22;s23;d24;s25;s22d26;s8;s5d28;/rC:;;;;;;;;;;;;;;;;;;;;;;;;;;;;;"""	P51686_WT	ChEMBL:CHEMBL5815;ChEMBL:CHEMBL5815	P51686	WT	CHEMBL3721193;CHEMBL3721192	PATENT:US7420055B2	2008.0	PATENT:US7420055B2	2008	1	0	0	0	0		>	  6.000;  6.000	6.0	0.0	0.0	2.0	6.0	0.0	CCRs_HUMAN_annotated_03328	True
InChI=1S/C22H22ClN3O4S/c1-22(2,3)13-4-7-15(8-5-13)31(29,30)26-18-9-6-14(23)12-17(18)19-20(27)16(21(24)28)10-11-25-19/h4-12,26-27H,1-3H3,(H2,24,28)_on_P51686_WT	High	ChEMBL31	ChEMBL31.compound.268070	CC(C)(C)c1ccc(S(=O)(=O)Nc2ccc(Cl)cc2-c2c(O)c(C(N)=O)ccn2)cc1	GQYUIHOCVNCIDP-UHFFFAOYSA-N	InChI=1S/C22H22ClN3O4S/c1-22(2,3)13-4-7-15(8-5-13)31(29,30)26-18-9-6-14(23)12-17(18)19-20(27)16(21(24)28)10-11-25-19/h4-12,26-27H,1-3H3,(H2,24,28)	"""AuxInfo=1/1/N:1,3,4,6,31,15,7,30,14,27,28,18,5,16,8,23,19,13,20,21,24,2,17,25,29,12,22,26,10,11,9/E:(1,2,3)(4,5)(7,8)(29,30)/CRV:31.6/rA:31CCCCCCCCSOONCCCCClCCCCOCCNOCCNCC/rB:s1;s2;s2;s2;d5;s6;d7;s8;d9;d9;s9;s12;d13;s14;d15;s16;s16;s13d18;s19;d20;s21;s21;s23;s24;d24;d23;s27;s20d28;s8;s5d30;/rC:;;;;;;;;;;;;;;;;;;;;;;;;;;;;;;;"""	P51686_WT	ChEMBL:CHEMBL5815	P51686	WT	CHEMBL3607106	PMID:26117562	2015.0	PMID:26117562	2015	1	0	0	0	0		=	  7.280	7.28	0.0	0.0	1.0	7.28	0.0	CCRs_HUMAN_annotated_03342	True
InChI=1S/C22H22FN3O3S/c23-19-9-8-17-12-16(6-7-18(17)13-19)14-26-11-10-20(15-26)24-22(27)25-30(28,29)21-4-2-1-3-5-21/h1-9,12-13,20H,10-11,14-15H2,(H2,24,25,27)/t20-/m1/s1_on_P51677_WT	High	ExCAPE-DB;ChEMBL31	45269291;ChEMBL31.compound.120718	O=C(N[C@@H]1CCN(Cc2ccc3cc(F)ccc3c2)C1)NS(=O)(=O)c1ccccc1	MCPUMUXGLDOLFP-HXUWFJFHSA-N	InChI=1S/C22H22FN3O3S/c23-19-9-8-17-12-16(6-7-18(17)13-19)14-26-11-10-20(15-26)24-22(27)25-30(28,29)21-4-2-1-3-5-21/h1-9,12-13,20H,10-11,14-15H2,(H2,24,25,27)/t20-/m1/s1	"""AuxInfo=1/1/N:28,27,29,26,30,10,11,17,16,5,6,19,13,8,20,9,18,12,14,4,25,2,15,3,21,7,1,23,24,22/E:(2,3)(4,5)(28,29)/it:im/CRV:30.6/rA:30OCNC.eCCNCCCCCCCFCCCCCNSOOCCCCCC/rB:d1;s2;s3;s4;s5;s6;s7;s8;d9;s10;d11;s12;d13;s14;s14;d16;s12s17;s9d18;s4s7;s2;s21;d22;d22;s22;d25;s26;d27;s28;s25d29;/rC:;;;;;;;;;;;;;;;;;;;;;;;;;;;;;;"""	P51677_WT	EntrezID:1232;ChEMBL:CHEMBL3473	P51677	WT	PubChemAID:430091;CHEMBL1055679	PMID:19620010	2009.0	PubChemAID:430091;PMID:19620010	2010;2009	0;1	0	0	0	1;0		=	  6.602;  6.600	6.601	0.001	0.001	2.0	6.601	0.001	CCRs_HUMAN_annotated_03356	True
InChI=1S/C22H23ClN2O3S/c1-22(2,3)15-5-8-18(9-6-15)29(26,27)25-20-10-7-16(23)13-19(20)21-14-17(28-4)11-12-24-21/h5-14,25H,1-4H3_on_P51686_WT	High	ChEMBL31	ChEMBL31.compound.268076	COc1cc(-c2cc(Cl)ccc2NS(=O)(=O)c2ccc(C(C)(C)C)cc2)ncc1	PLRSSYOLPWAVLK-UHFFFAOYSA-N	InChI=1S/C22H23ClN2O3S/c1-22(2,3)15-5-8-18(9-6-15)29(26,27)25-20-10-7-16(23)13-19(20)21-14-17(28-4)11-12-24-21/h5-14,25H,1-4H3	"""AuxInfo=1/0/N:22,23,24,1,19,25,10,18,26,11,29,28,7,4,20,8,3,17,6,12,5,21,9,27,13,15,16,2,14/E:(1,2,3)(5,6)(8,9)(26,27)/CRV:29.6/rA:29COCCCCCCClCCCNSOOCCCCCCCCCCNCC/rB:s1;s2;d3;s4;s5;d6;s7;s8;d8;s10;s6d11;s12;s13;d14;d14;s14;d17;s18;d19;s20;s21;s21;s21;s20;s17d25;d5;s27;s3d28;/rC:;;;;;;;;;;;;;;;;;;;;;;;;;;;;;"""	P51686_WT	ChEMBL:CHEMBL5815	P51686	WT	CHEMBL3607106	PMID:26117562	2015.0	PMID:26117562	2015	1	0	0	0	0		=	  5.600	5.6	0.0	0.0	1.0	5.6	0.0	CCRs_HUMAN_annotated_03386	True
InChI=1S/C22H23ClN2O3S/c1-22(2,3)15-7-10-17(11-8-15)29(26,27)25-19-12-9-16(23)14-18(19)21-20(28-4)6-5-13-24-21/h5-14,25H,1-4H3_on_P51686_WT	High	ChEMBL31	ChEMBL31.compound.268075	COc1c(-c2cc(Cl)ccc2NS(=O)(=O)c2ccc(C(C)(C)C)cc2)nccc1	LFXVESREINFVES-UHFFFAOYSA-N	InChI=1S/C22H23ClN2O3S/c1-22(2,3)15-7-10-17(11-8-15)29(26,27)25-19-12-9-16(23)14-18(19)21-20(28-4)6-5-13-24-21/h5-14,25H,1-4H3	"""AuxInfo=1/0/N:21,22,23,1,28,29,18,24,9,17,25,10,27,6,19,7,16,5,11,3,4,20,8,26,12,14,15,2,13/E:(1,2,3)(7,8)(10,11)(26,27)/CRV:29.6/rA:29COCCCCCClCCCNSOOCCCCCCCCCCNCCC/rB:s1;s2;d3;s4;d5;s6;s7;d7;s9;s5d10;s11;s12;d13;d13;s13;d16;s17;d18;s19;s20;s20;s20;s19;s16d24;s4;d26;s27;s3d28;/rC:;;;;;;;;;;;;;;;;;;;;;;;;;;;;;"""	P51686_WT	ChEMBL:CHEMBL5815	P51686	WT	CHEMBL3607106	PMID:26117562	2015.0	PMID:26117562	2015	1	0	0	0	0		=	  6.020	6.02	0.0	0.0	1.0	6.02	0.0	CCRs_HUMAN_annotated_03387	True
InChI=1S/C22H23ClN2O3S/c1-22(2,3)16-6-9-18(10-7-16)29(27,28)25-20-11-8-17(23)13-19(20)21-15(14-26)5-4-12-24-21/h4-13,25-26H,14H2,1-3H3_on_P51686_WT	High	ChEMBL31	ChEMBL31.compound.268073	CC(C)(C)c1ccc(S(=O)(=O)Nc2ccc(Cl)cc2-c2c(CO)cccn2)cc1	BEIRCCYWJWRLDH-UHFFFAOYSA-N	InChI=1S/C22H23ClN2O3S/c1-22(2,3)16-6-9-18(10-7-16)29(27,28)25-20-11-8-17(23)13-19(20)21-15(14-26)5-4-12-24-21/h4-13,25-26H,14H2,1-3H3	"""AuxInfo=1/0/N:1,3,4,25,24,6,29,15,7,28,14,26,18,22,21,5,16,8,19,13,20,2,17,27,12,23,10,11,9/E:(1,2,3)(6,7)(9,10)(27,28)/CRV:29.6/rA:29CCCCCCCCSOONCCCCClCCCCCOCCCNCC/rB:s1;s2;s2;s2;d5;s6;d7;s8;d9;d9;s9;s12;d13;s14;d15;s16;s16;s13d18;s19;d20;s21;s22;s21;d24;s25;s20d26;s8;s5d28;/rC:;;;;;;;;;;;;;;;;;;;;;;;;;;;;;"""	P51686_WT	ChEMBL:CHEMBL5815	P51686	WT	CHEMBL3607106	PMID:26117562	2015.0	PMID:26117562	2015	1	0	0	0	0		=	  7.050	7.05	0.0	0.0	1.0	7.05	0.0	CCRs_HUMAN_annotated_03388	True
InChI=1S/C22H23ClN2O4S/c1-22(2,3)15-4-7-17(8-5-15)30(28,29)25-19-9-6-16(23)12-18(19)20-21(27)14(13-26)10-11-24-20/h4-12,25-27H,13H2,1-3H3_on_P51686_WT	High	ChEMBL31	ChEMBL31.compound.268066	CC(C)(C)c1ccc(S(=O)(=O)Nc2ccc(Cl)cc2-c2c(O)c(CO)ccn2)cc1	UMSWZPJBWDOCDN-UHFFFAOYSA-N	InChI=1S/C22H23ClN2O4S/c1-22(2,3)15-4-7-17(8-5-15)30(28,29)25-19-9-6-16(23)12-18(19)20-21(27)14(13-26)10-11-24-20/h4-12,25-27H,13H2,1-3H3	"""AuxInfo=1/0/N:1,3,4,6,30,15,7,29,14,26,27,18,24,23,5,16,8,19,13,20,21,2,17,28,12,25,22,10,11,9/E:(1,2,3)(4,5)(7,8)(28,29)/CRV:30.6/rA:30CCCCCCCCSOONCCCCClCCCCOCCOCCNCC/rB:s1;s2;s2;s2;d5;s6;d7;s8;d9;d9;s9;s12;d13;s14;d15;s16;s16;s13d18;s19;d20;s21;s21;s23;s24;d23;s26;s20d27;s8;s5d29;/rC:;;;;;;;;;;;;;;;;;;;;;;;;;;;;;;"""	P51686_WT	ChEMBL:CHEMBL5815;ChEMBL:CHEMBL5815	P51686	WT	CHEMBL3607106;CHEMBL3607107	PMID:26117562	2015.0	PMID:26117562	2015	1	0	0	0	0		=	  8.060;  6.480	7.27	0.79	0.79	2.0	7.27	0.79	CCRs_HUMAN_annotated_03389	True
InChI=1S/C22H23ClN4O4S/c1-22(2,3)14-4-7-16(8-5-14)32(30,31)27-18-9-6-15(23)12-17(18)20-21(25-11-10-24-20)26-13-19(28)29/h4-12,27H,13H2,1-3H3,(H,25,26)(H,28,29)_on_P51686_WT	High	ChEMBL31	ChEMBL31.compound.268059	CC(C)(C)c1ccc(S(=O)(=O)Nc2ccc(Cl)cc2-c2c(NCC(=O)O)nccn2)cc1	IBEDSNAOJOARAY-UHFFFAOYSA-N	InChI=1S/C22H23ClN4O4S/c1-22(2,3)14-4-7-16(8-5-14)32(30,31)27-18-9-6-15(23)12-17(18)20-21(25-11-10-24-20)26-13-19(28)29/h4-12,27H,13H2,1-3H3,(H,25,26)(H,28,29)	"""AuxInfo=1/1/N:1,3,4,6,32,15,7,31,14,29,28,18,23,5,16,8,19,13,24,20,21,2,17,30,27,22,12,25,26,10,11,9/E:(1,2,3)(4,5)(7,8)(28,29)(30,31)/CRV:32.6/rA:32CCCCCCCCSOONCCCCClCCCCNCCOONCCNCC/rB:s1;s2;s2;s2;d5;s6;d7;s8;d9;d9;s9;s12;d13;s14;d15;s16;s16;s13d18;s19;d20;s21;s22;s23;d24;s24;s21;d27;s28;s20d29;s8;s5d31;/rC:;;;;;;;;;;;;;;;;;;;;;;;;;;;;;;;;"""	P51686_WT	ChEMBL:CHEMBL5815	P51686	WT	CHEMBL3607106	PMID:26117562	2015.0	PMID:26117562	2015	1	0	0	0	0		=	  6.090	6.09	0.0	0.0	1.0	6.09	0.0	CCRs_HUMAN_annotated_03390	True
InChI=1S/C22H23FN2O2S/c23-20-9-8-18-14-17(6-7-19(18)15-20)16-25-12-10-21(11-13-25)24-28(26,27)22-4-2-1-3-5-22/h1-9,14-15,21,24H,10-13,16H2_on_P51677_WT	Medium	ChEMBL31	ChEMBL31.compound.716390	O=S(=O)(NC1CCN(Cc2ccc3cc(F)ccc3c2)CC1)c1ccccc1	RFMGBTLWCRLFSG-UHFFFAOYSA-N	InChI=1S/C22H23FN2O2S/c23-20-9-8-18-14-17(6-7-19(18)15-20)16-25-12-10-21(11-13-25)24-28(26,27)22-4-2-1-3-5-22/h1-9,14-15,21,24H,10-13,16H2	"""AuxInfo=1/0/N:26,25,27,24,28,11,12,18,17,6,22,7,21,20,14,9,10,19,13,15,5,23,16,4,8,1,3,2/E:(2,3)(4,5)(10,11)(12,13)(26,27)/CRV:28.6/rA:28OSONCCCNCCCCCCCFCCCCCCCCCCCC/rB:d1;d2;s2;s4;s5;s6;s7;s8;s9;d10;s11;d12;s13;d14;s15;s15;d17;s13s18;s10d19;s8;s5s21;s2;d23;s24;d25;s26;s23d27;/rC:;;;;;;;;;;;;;;;;;;;;;;;;;;;;"""	P51677_WT	ChEMBL:CHEMBL3473	P51677	WT	CHEMBL921354	PMID:17951061	2008.0	PMID:17951061	2008	1	0	0	0	0		=	  6.080	6.08	0.0	0.0	1.0	6.08	0.0	CCRs_HUMAN_annotated_03397	True
InChI=1S/C22H23N3O3S/c26-22(16-6-2-1-3-7-16)24-20-10-11-21(19-9-5-4-8-18(19)20)29(27,28)25-17-12-14-23-15-13-17/h1-11,17,23,25H,12-15H2,(H,24,26)_on_P51685_WT	High	ChEMBL31	ChEMBL31.compound.68493	O=C(Nc1ccc(S(=O)(=O)NC2CCNCC2)c2c1cccc2)c1ccccc1	SGKRQGYZQYKRAK-UHFFFAOYSA-N	InChI=1S/C22H23N3O3S/c26-22(16-6-2-1-3-7-16)24-20-10-11-21(19-9-5-4-8-18(19)20)29(27,28)25-17-12-14-23-15-13-17/h1-11,17,23,25H,12-15H2,(H,24,26)	"""AuxInfo=1/1/N:27,26,28,21,22,25,29,20,23,5,6,13,17,14,16,24,12,19,18,4,7,2,15,3,11,1,9,10,8/E:(2,3)(6,7)(12,13)(14,15)(27,28)/CRV:29.6/rA:29OCNCCCCSOONCCCNCCCCCCCCCCCCCC/rB:d1;s2;s3;d4;s5;d6;s7;d8;d8;s8;s11;s12;s13;s14;s15;s12s16;s7;s4d18;s19;d20;s21;s18d22;s2;d24;s25;d26;s27;s24d28;/rC:;;;;;;;;;;;;;;;;;;;;;;;;;;;;;"""	P51685_WT	ChEMBL:CHEMBL4596	P51685	WT	CHEMBL855762	PMID:17266208	2007.0	PMID:17266208	2007	0	0	0	1	0		=	  6.240	6.24	0.0	0.0	1.0	6.24	0.0	CCRs_HUMAN_annotated_03404	True
InChI=1S/C22H24Cl2N4O3S/c1-22(2,3)14-4-7-16(8-5-14)32(30,31)28-18-9-6-15(23)12-17(18)20-21(25-10-11-29)26-13-19(24)27-20/h4-9,12-13,28-29H,10-11H2,1-3H3,(H,25,26)_on_P51686_WT	High	ChEMBL31	ChEMBL31.compound.268062	CC(C)(C)c1ccc(S(=O)(=O)Nc2ccc(Cl)cc2-c2c(NCCO)ncc(Cl)n2)cc1	BASDMFKCAMMQKA-UHFFFAOYSA-N	InChI=1S/C22H24Cl2N4O3S/c1-22(2,3)14-4-7-16(8-5-14)32(30,31)28-18-9-6-15(23)12-17(18)20-21(25-10-11-29)26-13-19(24)27-20/h4-9,12-13,28-29H,10-11H2,1-3H3,(H,25,26)	"""AuxInfo=1/1/N:1,3,4,6,32,15,7,31,14,23,24,18,27,5,16,8,19,13,28,20,21,2,17,29,22,26,30,12,25,10,11,9/E:(1,2,3)(4,5)(7,8)(30,31)/CRV:32.6/rA:32CCCCCCCCSOONCCCCClCCCCNCCONCCClNCC/rB:s1;s2;s2;s2;d5;s6;d7;s8;d9;d9;s9;s12;d13;s14;d15;s16;s16;s13d18;s19;d20;s21;s22;s23;s24;s21;d26;s27;s28;s20d28;s8;s5d31;/rC:;;;;;;;;;;;;;;;;;;;;;;;;;;;;;;;;"""	P51686_WT	ChEMBL:CHEMBL5815	P51686	WT	CHEMBL3607106	PMID:26117562	2015.0	PMID:26117562	2015	1	0	0	0	0		=	  6.150	6.15	0.0	0.0	1.0	6.15	0.0	CCRs_HUMAN_annotated_03446	True
InChI=1S/C22H24ClN3O2S/c1-22(2,3)16-6-9-18(10-7-16)29(27,28)26-20-11-8-17(23)13-19(20)21-15(14-24)5-4-12-25-21/h4-13,26H,14,24H2,1-3H3_on_P51686_WT	High	ChEMBL31	ChEMBL31.compound.268072	CC(C)(C)c1ccc(S(=O)(=O)Nc2ccc(Cl)cc2-c2c(CN)cccn2)cc1	MFIUTQSPBKARBO-UHFFFAOYSA-N	InChI=1S/C22H24ClN3O2S/c1-22(2,3)16-6-9-18(10-7-16)29(27,28)26-20-11-8-17(23)13-19(20)21-15(14-24)5-4-12-25-21/h4-13,26H,14,24H2,1-3H3	"""AuxInfo=1/0/N:1,3,4,25,24,6,29,15,7,28,14,26,18,22,21,5,16,8,19,13,20,2,17,23,27,12,10,11,9/E:(1,2,3)(6,7)(9,10)(27,28)/CRV:29.6/rA:29CCCCCCCCSOONCCCCClCCCCCNCCCNCC/rB:s1;s2;s2;s2;d5;s6;d7;s8;d9;d9;s9;s12;d13;s14;d15;s16;s16;s13d18;s19;d20;s21;s22;s21;d24;s25;s20d26;s8;s5d28;/rC:;;;;;;;;;;;;;;;;;;;;;;;;;;;;;"""	P51686_WT	ChEMBL:CHEMBL5815	P51686	WT	CHEMBL3607106	PMID:26117562	2015.0	PMID:26117562	2015	1	0	0	0	0		=	  5.500	5.5	0.0	0.0	1.0	5.5	0.0	CCRs_HUMAN_annotated_03455	True
InChI=1S/C22H24ClN3O3S/c1-5-18-21(27)20(25-13-24-18)17-12-15(23)8-11-19(17)26-30(28,29)16-9-6-14(7-10-16)22(2,3)4/h6-13,26-27H,5H2,1-4H3_on_P51686_WT	High	ChEMBL31	ChEMBL31.compound.268053	CCc1ncnc(-c2cc(Cl)ccc2NS(=O)(=O)c2ccc(C(C)(C)C)cc2)c1O	AMDPYADVZKWBBY-UHFFFAOYSA-N	InChI=1S/C22H24ClN3O3S/c1-5-18-21(27)20(25-13-24-18)17-12-15(23)8-11-19(17)26-30(28,29)16-9-6-14(7-10-16)22(2,3)4/h6-13,26-27H,5H2,1-4H3	"""AuxInfo=1/0/N:1,24,25,26,2,21,27,12,20,28,13,9,5,22,10,19,8,3,14,7,29,23,11,4,6,15,30,17,18,16/E:(2,3,4)(6,7)(9,10)(28,29)/CRV:30.6/rA:30CCCNCNCCCCClCCCNSOOCCCCCCCCCCCO/rB:s1;s2;d3;s4;d5;s6;s7;d8;s9;s10;d10;s12;s8d13;s14;s15;d16;d16;s16;d19;s20;d21;s22;s23;s23;s23;s22;s19d27;s3d7;s29;/rC:;;;;;;;;;;;;;;;;;;;;;;;;;;;;;;"""	P51686_WT	ChEMBL:CHEMBL5815;ChEMBL:CHEMBL5815	P51686	WT	CHEMBL3607106;CHEMBL3607107	PMID:26117562	2015.0	PMID:26117562	2015	1	0	0	0	0		=	  8.220;  7.220	7.72	0.5	0.5	2.0	7.72	0.5	CCRs_HUMAN_annotated_03457	True
InChI=1S/C22H25ClN4O2S/c1-5-24-21-20(25-12-13-26-21)18-14-16(23)8-11-19(18)27-30(28,29)17-9-6-15(7-10-17)22(2,3)4/h6-14,27H,5H2,1-4H3,(H,24,26)_on_P51686_WT	High	ChEMBL31	ChEMBL31.compound.268055	CCNc1c(-c2cc(Cl)ccc2NS(=O)(=O)c2ccc(C(C)(C)C)cc2)nccn1	WAMZSBDDHYCFLK-UHFFFAOYSA-N	InChI=1S/C22H25ClN4O2S/c1-5-24-21-20(25-12-13-26-21)18-14-16(23)8-11-19(18)27-30(28,29)17-9-6-15(7-10-17)22(2,3)4/h6-14,27H,5H2,1-4H3,(H,24,26)	"""AuxInfo=1/1/N:1,22,23,24,2,19,25,10,18,26,11,28,29,7,20,8,17,6,12,5,4,21,9,3,27,30,13,15,16,14/E:(2,3,4)(6,7)(9,10)(28,29)/CRV:30.6/rA:30CCNCCCCCClCCCNSOOCCCCCCCCCCNCCN/rB:s1;s2;s3;d4;s5;d6;s7;s8;d8;s10;s6d11;s12;s13;d14;d14;s14;d17;s18;d19;s20;s21;s21;s21;s20;s17d25;s5;d27;s28;s4d29;/rC:;;;;;;;;;;;;;;;;;;;;;;;;;;;;;;"""	P51686_WT	ChEMBL:CHEMBL5815	P51686	WT	CHEMBL3607106	PMID:26117562	2015.0	PMID:26117562	2015	1	0	0	0	0		=	  6.380	6.38	0.0	0.0	1.0	6.38	0.0	CCRs_HUMAN_annotated_03532	True
InChI=1S/C22H25ClN4O3S/c1-22(2,3)14-6-9-16(10-7-14)31(29,30)26-18-11-8-15(23)12-17(18)19-20(28)21(27(4)5)25-13-24-19/h6-13,26,28H,1-5H3_on_P51686_WT	High	ChEMBL31	ChEMBL31.compound.268050	CN(C)c1ncnc(-c2cc(Cl)ccc2NS(=O)(=O)c2ccc(C(C)(C)C)cc2)c1O	VTVMCXDMLDRMML-UHFFFAOYSA-N	InChI=1S/C22H25ClN4O3S/c1-22(2,3)14-6-9-16(10-7-14)31(29,30)26-18-11-8-15(23)12-17(18)19-20(28)21(27(4)5)25-13-24-19/h6-13,26,28H,1-5H3	"""AuxInfo=1/0/N:25,26,27,1,3,22,28,13,21,29,14,10,6,23,11,20,9,15,8,30,4,24,12,7,5,16,2,31,18,19,17/E:(1,2,3)(4,5)(6,7)(9,10)(29,30)/CRV:31.6/rA:31CNCCNCNCCCCClCCCNSOOCCCCCCCCCCCO/rB:s1;s2;s2;d4;s5;d6;s7;s8;d9;s10;s11;d11;s13;s9d14;s15;s16;d17;d17;s17;d20;s21;d22;s23;s24;s24;s24;s23;s20d28;s4d8;s30;/rC:;;;;;;;;;;;;;;;;;;;;;;;;;;;;;;;"""	P51686_WT	ChEMBL:CHEMBL5815;ChEMBL:CHEMBL5815	P51686	WT	CHEMBL3607107;CHEMBL3607106	PMID:26117562	2015.0	PMID:26117562	2015	1	0	0	0	0		=	  6.980;  8.050	7.515	0.535	0.535	2.0	7.515	0.535	CCRs_HUMAN_annotated_03533	True
InChI=1S/C22H25ClN4O3S/c1-22(2,3)15-4-7-17(8-5-15)31(29,30)27-19-9-6-16(23)14-18(19)20-21(26-12-13-28)25-11-10-24-20/h4-11,14,27-28H,12-13H2,1-3H3,(H,25,26)_on_P51686_WT	High	ChEMBL31	ChEMBL31.compound.268056	CC(C)(C)c1ccc(S(=O)(=O)Nc2ccc(Cl)cc2-c2c(NCCO)nccn2)cc1	ORXVVROJGFXMHK-UHFFFAOYSA-N	InChI=1S/C22H25ClN4O3S/c1-22(2,3)15-4-7-17(8-5-15)31(29,30)27-19-9-6-16(23)14-18(19)20-21(26-12-13-28)25-11-10-24-20/h4-11,14,27-28H,12-13H2,1-3H3,(H,25,26)	"""AuxInfo=1/1/N:1,3,4,6,31,15,7,30,14,28,27,23,24,18,5,16,8,19,13,20,21,2,17,29,26,22,12,25,10,11,9/E:(1,2,3)(4,5)(7,8)(29,30)/CRV:31.6/rA:31CCCCCCCCSOONCCCCClCCCCNCCONCCNCC/rB:s1;s2;s2;s2;d5;s6;d7;s8;d9;d9;s9;s12;d13;s14;d15;s16;s16;s13d18;s19;d20;s21;s22;s23;s24;s21;d26;s27;s20d28;s8;s5d30;/rC:;;;;;;;;;;;;;;;;;;;;;;;;;;;;;;;"""	P51686_WT	ChEMBL:CHEMBL5815;ChEMBL:CHEMBL5815;ChEMBL:CHEMBL5815	P51686	WT	CHEMBL3607106;CHEMBL3607108;CHEMBL3607107	PMID:26117562	2015.0	PMID:26117562	2015	1	0	0	0	0		=	  7.470;  6.770;  7.470	7.237	0.33	0.233	3.0	7.47	0.0	CCRs_HUMAN_annotated_03534	True
InChI=1S/C22H25ClN4O4S/c1-22(2,3)14-4-7-16(8-5-14)32(30,31)27-18-9-6-15(23)12-17(18)20-19(29)13-25-21(26-20)24-10-11-28/h4-9,12-13,27-29H,10-11H2,1-3H3,(H,24,25,26)_on_P51686_WT	High	ChEMBL31	ChEMBL31.compound.268048	CC(C)(C)c1ccc(S(=O)(=O)Nc2ccc(Cl)cc2-c2c(O)cnc(NCCO)n2)cc1	ODVSNAQMQCAWDJ-UHFFFAOYSA-N	InChI=1S/C22H25ClN4O4S/c1-22(2,3)14-4-7-16(8-5-14)32(30,31)27-18-9-6-15(23)12-17(18)20-19(29)13-25-21(26-20)24-10-11-28/h4-9,12-13,27-29H,10-11H2,1-3H3,(H,24,25,26)	"""AuxInfo=1/1/N:1,3,4,6,32,15,7,31,14,27,28,18,23,5,16,8,19,13,21,20,25,2,17,26,24,30,12,29,22,10,11,9/E:(1,2,3)(4,5)(7,8)(30,31)/CRV:32.6/rA:32CCCCCCCCSOONCCCCClCCCCOCNCNCCONCC/rB:s1;s2;s2;s2;d5;s6;d7;s8;d9;d9;s9;s12;d13;s14;d15;s16;s16;s13d18;s19;d20;s21;s21;d23;s24;s25;s26;s27;s28;s20d25;s8;s5d31;/rC:;;;;;;;;;;;;;;;;;;;;;;;;;;;;;;;;"""	P51686_WT	ChEMBL:CHEMBL5815	P51686	WT	CHEMBL3607106	PMID:26117562	2015.0	PMID:26117562	2015	1	0	0	0	0		=	  6.670	6.67	0.0	0.0	1.0	6.67	0.0	CCRs_HUMAN_annotated_03535	True
InChI=1S/C22H25N5O3S/c23-16-17-6-5-14-26(17)15-10-20(22(28)27-12-2-1-3-13-27)25-31(29,30)21-8-4-7-19-18(21)9-11-24-19/h4-9,11,14,20,24-25H,1-3,10,12-13,15H2_on_P46092_WT	High	ChEMBL31	ChEMBL31.compound.307678	N#Cc1cccn1CCC(NS(=O)(=O)c1cccc2c1cc[nH]2)C(=O)N1CCCCC1	PMRHYYXYTRTUHI-UHFFFAOYSA-N	InChI=1S/C22H25N5O3S/c23-16-17-6-5-14-26(17)15-10-20(22(28)27-12-2-1-3-13-27)25-31(29,30)21-8-4-7-19-18(21)9-11-24-19/h4-9,11,14,20,24-25H,1-3,10,12-13,15H2	"""AuxInfo=1/0/N:29,28,30,17,5,4,18,16,21,9,22,27,31,6,8,2,3,20,19,10,15,24,1,23,11,7,26,25,13,14,12/E:(2,3)(12,13)(29,30)/CRV:31.6/rA:31NCCCCCNCCCNSOOCCCCCCCCNCONCCCCC/rB:t1;s2;d3;s4;d5;s3s6;s7;s8;s9;s10;s11;d12;d12;s12;d15;s16;d17;s18;s15d19;s20;d21;s19s22;s10;d24;s24;s26;s27;s28;s29;s26s30;/rC:;;;;;;;;;;;;;;;;;;;;;;;;;;;;;;;"""	P46092_WT	ChEMBL:CHEMBL2321628	P46092	WT	CHEMBL3863299	PMID:27692854	2016.0	PMID:27692854	2016	1	0	0	0	0		=	  8.000	8.0	0.0	0.0	1.0	8.0	0.0	CCRs_HUMAN_annotated_03591	True
InChI=1S/C22H25N5O4S/c23-15-16-3-2-11-26(16)14-9-20(22(29)27-12-7-17(28)8-13-27)25-32(30,31)21-5-1-4-19-18(21)6-10-24-19/h1-6,10-11,17,20,24-25,28H,7-9,12-14H2_on_P46092_WT	High	ChEMBL31	ChEMBL31.compound.307680	N#Cc1cccn1CCC(NS(=O)(=O)c1cccc2c1cc[nH]2)C(=O)N1CCC(O)CC1	BCRSXQKVHOHKBH-UHFFFAOYSA-N	InChI=1S/C22H25N5O4S/c23-15-16-3-2-11-26(16)14-9-20(22(29)27-12-7-17(28)8-13-27)25-32(30,31)21-5-1-4-19-18(21)6-10-24-19/h1-6,10-11,17,20,24-25,28H,7-9,12-14H2	"""AuxInfo=1/0/N:17,5,4,18,16,21,28,31,9,22,6,27,32,8,2,3,29,20,19,10,15,24,1,23,11,7,26,30,25,13,14,12/E:(7,8)(12,13)(30,31)/CRV:32.6/rA:32NCCCCCNCCCNSOOCCCCCCCCNCONCCCOCC/rB:t1;s2;d3;s4;d5;s3s6;s7;s8;s9;s10;s11;d12;d12;s12;d15;s16;d17;s18;s15d19;s20;d21;s19s22;s10;d24;s24;s26;s27;s28;s29;s29;s26s31;/rC:;;;;;;;;;;;;;;;;;;;;;;;;;;;;;;;;"""	P46092_WT	ChEMBL:CHEMBL2321628	P46092	WT	CHEMBL3863299	PMID:27692854	2016.0	PMID:27692854	2016	1	0	0	0	0		=	  6.900	6.9	0.0	0.0	1.0	6.9	0.0	CCRs_HUMAN_annotated_03592	True
InChI=1S/C22H26Cl3N3O3S/c1-14-8-10-28(11-9-14)22(29)20(7-6-15-4-2-3-5-17(15)23)27-32(30,31)16-12-18(24)21(26)19(25)13-16/h2-5,12-14,20,27H,6-11,26H2,1H3_on_P46092_WT	High	ChEMBL31	ChEMBL31.compound.307659	CC1CCN(C(=O)C(CCc2c(Cl)cccc2)NS(=O)(=O)c2cc(Cl)c(N)c(Cl)c2)CC1	UQZIJONPFBRSEK-UHFFFAOYSA-N	InChI=1S/C22H26Cl3N3O3S/c1-14-8-10-28(11-9-14)22(29)20(7-6-15-4-2-3-5-17(15)23)27-32(30,31)16-12-18(24)21(26)19(25)13-16/h2-5,12-14,20,27H,6-11,26H2,1H3	"""AuxInfo=1/0/N:1,16,15,17,14,10,9,3,32,4,31,23,30,2,11,22,12,24,28,8,26,6,13,25,29,27,18,5,7,20,21,19/E:(8,9)(10,11)(12,13)(18,19)(24,25)(30,31)/CRV:32.6/rA:32CCCCNCOCCCCCClCCCCNSOOCCCClCNCClCCC/rB:s1;s2;s3;s4;s5;d6;s6;s8;s9;s10;d11;s12;s12;d14;s15;s11d16;s8;s18;d19;d19;s19;d22;s23;s24;d24;s26;s26;s28;s22d28;s5;s2s31;/rC:;;;;;;;;;;;;;;;;;;;;;;;;;;;;;;;;"""	P46092_WT	ChEMBL:CHEMBL2321628	P46092	WT	CHEMBL3863299	PMID:27692854	2016.0	PMID:27692854	2016	1	0	0	0	0		=	  6.900	6.9	0.0	0.0	1.0	6.9	0.0	CCRs_HUMAN_annotated_03616	True
InChI=1S/C22H26FN3O2S/c23-17-5-7-18(8-6-17)29(27,28)24-11-2-12-25-13-10-21-20(15-25)19-4-1-3-16-9-14-26(21)22(16)19/h1,3-8,20-21,24H,2,9-15H2/t20-,21-/m1/s1_on_P51677_WT	Medium	ChEMBL31	ChEMBL31.compound.684461	O=S(=O)(NCCCN1CC[C@@H]2[C@H](C1)c1c3c(ccc1)CCN32)c1ccc(F)cc1	CMKNQJOAZVUIFF-NHCUHLMSSA-N	InChI=1S/C22H26FN3O2S/c23-17-5-7-18(8-6-17)29(27,28)24-11-2-12-25-13-10-21-20(15-25)19-4-1-3-16-9-14-26(21)22(16)19/h1,3-8,20-21,24H,2,9-15H2/t20-,21-/m1/s1	"""AuxInfo=1/0/N:18,6,17,19,25,28,24,29,20,10,5,7,9,21,13,16,26,23,14,12,11,15,27,4,8,22,1,3,2/E:(5,6)(7,8)(27,28)/it:im/CRV:29.6/rA:29OSONCCCNCCC.eC.eCCCCCCCCCNCCCCFCC/rB:d1;d2;s2;s4;s5;s6;s7;s8;s9;s10;s11;s8s12;s12;d14;s15;d16;s17;s14d18;s16;s20;s11s15s21;s2;d23;s24;d25;s26;s26;s23d28;/rC:;;;;;;;;;;;;;;;;;;;;;;;;;;;;;"""	P51677_WT	ChEMBL:CHEMBL3473	P51677	WT	CHEMBL650419	PMID:12067561	2002.0	PMID:12067561	2002	1	0	0	0	0		=	  5.000	5.0	0.0	0.0	1.0	5.0	0.0	CCRs_HUMAN_annotated_03643	True
InChI=1S/C22H27Cl2N3O3S/c1-15-9-11-27(12-10-15)22(28)20(8-7-16-5-3-2-4-6-16)26-31(29,30)17-13-18(23)21(25)19(24)14-17/h2-6,13-15,20,26H,7-12,25H2,1H3/t20-/m1/s1_on_P46092_WT	High	ChEMBL31	ChEMBL31.compound.307658	CC1CCN(C(=O)[C@@H](CCc2ccccc2)NS(=O)(=O)c2cc(Cl)c(N)c(Cl)c2)CC1	LRIXCDZHMGDDCY-HXUWFJFHSA-N	InChI=1S/C22H27Cl2N3O3S/c1-15-9-11-27(12-10-15)22(28)20(8-7-16-5-3-2-4-6-16)26-31(29,30)17-13-18(23)21(25)19(24)14-17/h2-6,13-15,20,26H,7-12,25H2,1H3/t20-/m1/s1	"""AuxInfo=1/0/N:1,14,13,15,12,16,10,9,3,31,4,30,22,29,2,11,21,23,27,8,25,6,24,28,26,17,5,7,19,20,18/E:(3,4)(5,6)(9,10)(11,12)(13,14)(18,19)(23,24)(29,30)/it:im/CRV:31.6/rA:31CCCCNCOC.oCCCCCCCCNSOOCCCClCNCClCCC/rB:s1;s2;s3;s4;s5;d6;s6;s8;s9;s10;d11;s12;d13;s14;s11d15;s8;s17;d18;d18;s18;d21;s22;s23;d23;s25;s25;s27;s21d27;s5;s2s30;/rC:;;;;;;;;;;;;;;;;;;;;;;;;;;;;;;;"""	P46092_WT	ChEMBL:CHEMBL2321628;ChEMBL:CHEMBL2321628	P46092	WT	CHEMBL3863299;CHEMBL3863300	PMID:27692854	2016.0	PMID:27692854	2016	1	0	0	0	0		=	  6.200;  6.300	6.25	0.05	0.05	2.0	6.25	0.05	CCRs_HUMAN_annotated_03654	True
InChI=1S/C22H29NO3/c1-3-4-10-18(24)19-20(16-8-6-5-7-9-16)23(22(26)21(19)25)17-13-11-15(2)12-14-17/h11-14,16,20,25H,3-10H2,1-2H3_on_P32246_WT	High	ChEMBL31	ChEMBL31.compound.414406	CCCCC(=O)C1=C(O)C(=O)N(c2ccc(C)cc2)C1C1CCCCC1	UWKZCWZZZAHBSF-UHFFFAOYSA-N	InChI=1S/C22H29NO3/c1-3-4-10-18(24)19-20(16-8-6-5-7-9-16)23(22(26)21(19)25)17-13-11-15(2)12-14-17/h11-14,16,20,25H,3-10H2,1-2H3	"""AuxInfo=1/0/N:1,17,2,3,24,23,25,22,26,4,15,18,14,19,16,21,13,5,7,20,8,10,12,6,9,11/E:(6,7)(8,9)(11,12)(13,14)/rA:26CCCCCOCCOCONCCCCCCCCCCCCCC/rB:s1;s2;s3;s4;d5;s5;w?7;s8;s8;d10;s10;s12;d13;s14;d15;s16;s16;s13d18;s7s12;s20;s21;s22;s23;s24;s21s25;/rC:;;;;;;;;;;;;;;;;;;;;;;;;;;"""	P32246_WT	ChEMBL:CHEMBL2413;ChEMBL:CHEMBL2413	P32246	WT	CHEMBL4371695	PMID:30256641	2018.0	PMID:30256641	2018	0	0	0	1	0		=	  7.510;  7.500	7.505	0.005	0.005	2.0	7.505	0.005	CCRs_HUMAN_annotated_03735	True
InChI=1S/C22H29NO3/c1-3-4-10-18(24)19-20(16-8-6-5-7-9-16)23(22(26)21(19)25)17-13-11-15(2)12-14-17/h11-14,16,20,25H,3-10H2,1-2H3_on_P41597_WT	High	ChEMBL31	ChEMBL31.compound.414406	CCCCC(=O)C1=C(O)C(=O)N(c2ccc(C)cc2)C1C1CCCCC1	UWKZCWZZZAHBSF-UHFFFAOYSA-N	InChI=1S/C22H29NO3/c1-3-4-10-18(24)19-20(16-8-6-5-7-9-16)23(22(26)21(19)25)17-13-11-15(2)12-14-17/h11-14,16,20,25H,3-10H2,1-2H3	"""AuxInfo=1/0/N:1,17,2,3,24,23,25,22,26,4,15,18,14,19,16,21,13,5,7,20,8,10,12,6,9,11/E:(6,7)(8,9)(11,12)(13,14)/rA:26CCCCCOCCOCONCCCCCCCCCCCCCC/rB:s1;s2;s3;s4;d5;s5;w?7;s8;s8;d10;s10;s12;d13;s14;d15;s16;s16;s13d18;s7s12;s20;s21;s22;s23;s24;s21s25;/rC:;;;;;;;;;;;;;;;;;;;;;;;;;;"""	P41597_WT	ChEMBL:CHEMBL4015;ChEMBL:CHEMBL4015	P41597	WT	CHEMBL4371696	PMID:30256641	2018.0	PMID:30256641	2018	0	0	0	1	0		=	  6.800;  6.810	6.805	0.005	0.005	2.0	6.805	0.005	CCRs_HUMAN_annotated_03736	True
InChI=1S/C22H29NO3/c1-14-10-12-16(13-11-14)23-18(15-8-6-5-7-9-15)17(19(24)21(23)26)20(25)22(2,3)4/h10-13,15,18,24H,5-9H2,1-4H3_on_P32246_WT	High	ChEMBL31	ChEMBL31.compound.414403	Cc1ccc(N2C(=O)C(O)=C(C(=O)C(C)(C)C)C2C2CCCCC2)cc1	COCOWIOUVHRNJM-UHFFFAOYSA-N	InChI=1S/C22H29NO3/c1-14-10-12-16(13-11-14)23-18(15-8-6-5-7-9-15)17(19(24)21(23)26)20(25)22(2,3)4/h10-13,15,18,24H,5-9H2,1-4H3	"""AuxInfo=1/0/N:1,15,16,17,22,21,23,20,24,3,26,4,25,2,19,5,11,18,9,12,7,14,6,10,13,8/E:(2,3,4)(6,7)(8,9)(10,11)(12,13)/rA:26CCCCCNCOCOCCOCCCCCCCCCCCCC/rB:s1;d2;s3;d4;s5;s6;d7;s7;s9;w?9;s11;d12;s12;s14;s14;s14;s6s11;s18;s19;s20;s21;s22;s19s23;s5;s2d25;/rC:;;;;;;;;;;;;;;;;;;;;;;;;;;"""	P32246_WT	ChEMBL:CHEMBL2413;ChEMBL:CHEMBL2413	P32246	WT	CHEMBL4371695	PMID:30256641	2018.0	PMID:30256641	2018	0	0	0	1	0		=	  7.660;  7.660	7.66	0.0	0.0	2.0	7.66	0.0	CCRs_HUMAN_annotated_03737	True
InChI=1S/C22H29NO3/c1-14-10-12-16(13-11-14)23-18(15-8-6-5-7-9-15)17(19(24)21(23)26)20(25)22(2,3)4/h10-13,15,18,24H,5-9H2,1-4H3_on_P41597_WT	High	ChEMBL31	ChEMBL31.compound.414403	Cc1ccc(N2C(=O)C(O)=C(C(=O)C(C)(C)C)C2C2CCCCC2)cc1	COCOWIOUVHRNJM-UHFFFAOYSA-N	InChI=1S/C22H29NO3/c1-14-10-12-16(13-11-14)23-18(15-8-6-5-7-9-15)17(19(24)21(23)26)20(25)22(2,3)4/h10-13,15,18,24H,5-9H2,1-4H3	"""AuxInfo=1/0/N:1,15,16,17,22,21,23,20,24,3,26,4,25,2,19,5,11,18,9,12,7,14,6,10,13,8/E:(2,3,4)(6,7)(8,9)(10,11)(12,13)/rA:26CCCCCNCOCOCCOCCCCCCCCCCCCC/rB:s1;d2;s3;d4;s5;s6;d7;s7;s9;w?9;s11;d12;s12;s14;s14;s14;s6s11;s18;s19;s20;s21;s22;s19s23;s5;s2d25;/rC:;;;;;;;;;;;;;;;;;;;;;;;;;;"""	P41597_WT	ChEMBL:CHEMBL4015;ChEMBL:CHEMBL4015	P41597	WT	CHEMBL4371696	PMID:30256641	2018.0	PMID:30256641	2018	0	0	0	1	0		=	  6.800;  6.810	6.805	0.005	0.005	2.0	6.805	0.005	CCRs_HUMAN_annotated_03738	True
InChI=1S/C23H16Cl2F3N3O4S2/c24-15-3-8-21(35-16-4-1-14(2-5-16)22(32)30-9-10-36-13-29)20(11-15)31-37(33,34)17-6-7-19(25)18(12-17)23(26,27)28/h1-8,11-12,31H,9-10H2,(H,30,32)_on_P32246_WT	High	ChEMBL31	ChEMBL31.compound.462943	N#CSCCNC(=O)c1ccc(Oc2ccc(Cl)cc2NS(=O)(=O)c2cc(C(F)(F)F)c(Cl)cc2)cc1	FKIPEBVDUWFIIM-UHFFFAOYSA-N	InChI=1S/C23H16Cl2F3N3O4S2/c24-15-3-8-21(35-16-4-1-14(2-5-16)22(32)30-9-10-36-13-29)20(11-15)31-37(33,34)17-6-7-19(25)18(12-17)23(26,27)28/h1-8,11-12,31H,9-10H2,(H,30,32)	"""AuxInfo=1/1/N:10,37,16,11,36,35,34,15,5,4,19,26,2,9,17,12,25,27,32,20,14,7,28,18,33,29,30,31,1,6,21,8,23,24,13,3,22/E:(1,2)(4,5)(26,27,28)(33,34)/CRV:37.6/rA:37NCSCCNCOCCCCOCCCCClCCNSOOCCCCFFFCClCCCC/rB:t1;s2;s3;s4;s5;s6;d7;s7;d9;s10;d11;s12;s13;d14;s15;d16;s17;s17;s14d19;s20;s21;d22;d22;s22;d25;s26;s27;s28;s28;s28;d27;s32;s32;s25d34;s12;s9d36;/rC:;;;;;;;;;;;;;;;;;;;;;;;;;;;;;;;;;;;;;"""	P32246_WT	ChEMBL:CHEMBL2413	P32246	WT	CHEMBL4738302	PMID:33600174	2021.0	PMID:33600174	2021	1	0	0	0	0		=	  5.300	5.3	0.0	0.0	1.0	5.3	0.0	CCRs_HUMAN_annotated_03831	True
InChI=1S/C23H16Cl2F3N3O4S2/c24-15-3-8-21(35-16-4-1-14(2-5-16)22(32)30-9-10-36-13-29)20(11-15)31-37(33,34)17-6-7-19(25)18(12-17)23(26,27)28/h1-8,11-12,31H,9-10H2,(H,30,32)_on_P41597_WT	High	ChEMBL31	ChEMBL31.compound.462943	N#CSCCNC(=O)c1ccc(Oc2ccc(Cl)cc2NS(=O)(=O)c2cc(C(F)(F)F)c(Cl)cc2)cc1	FKIPEBVDUWFIIM-UHFFFAOYSA-N	InChI=1S/C23H16Cl2F3N3O4S2/c24-15-3-8-21(35-16-4-1-14(2-5-16)22(32)30-9-10-36-13-29)20(11-15)31-37(33,34)17-6-7-19(25)18(12-17)23(26,27)28/h1-8,11-12,31H,9-10H2,(H,30,32)	"""AuxInfo=1/1/N:10,37,16,11,36,35,34,15,5,4,19,26,2,9,17,12,25,27,32,20,14,7,28,18,33,29,30,31,1,6,21,8,23,24,13,3,22/E:(1,2)(4,5)(26,27,28)(33,34)/CRV:37.6/rA:37NCSCCNCOCCCCOCCCCClCCNSOOCCCCFFFCClCCCC/rB:t1;s2;s3;s4;s5;s6;d7;s7;d9;s10;d11;s12;s13;d14;s15;d16;s17;s17;s14d19;s20;s21;d22;d22;s22;d25;s26;s27;s28;s28;s28;d27;s32;s32;s25d34;s12;s9d36;/rC:;;;;;;;;;;;;;;;;;;;;;;;;;;;;;;;;;;;;;"""	P41597_WT	ChEMBL:CHEMBL4015;ChEMBL:CHEMBL4015;ChEMBL:CHEMBL4015;ChEMBL:CHEMBL4015;ChEMBL:CHEMBL4015;ChEMBL:CHEMBL4015;ChEMBL:CHEMBL4015;ChEMBL:CHEMBL4015;ChEMBL:CHEMBL4015;ChEMBL:CHEMBL4015;ChEMBL:CHEMBL4015;ChEMBL:CHEMBL4015;ChEMBL:CHEMBL4015;ChEMBL:CHEMBL4015	P41597	WT	CHEMBL4738285;CHEMBL4738279;CHEMBL4738280;CHEMBL4738285;CHEMBL4738284;CHEMBL4738284;CHEMBL4738275;CHEMBL4738275;CHEMBL4738286;CHEMBL4738292;CHEMBL4738280;CHEMBL4738286;CHEMBL4738292;CHEMBL4738279	PMID:33600174	2021.0	PMID:33600174	2021	1;0;0;1;1;1;0;0;1;1;0;1;1;0	0	0	0;1;1;0;0;0;1;1;0;0;1;0;0;1	0		=	  8.400;  8.700;  9.150;  8.400;  7.500;  7.480;  8.400;  8.400;  8.000;  8.800;  9.200;  8.000;  8.700;  8.620	8.411	0.505	0.14	14.0	8.4	0.35	CCRs_HUMAN_annotated_03832	True
InChI=1S/C23H16Cl2F3N3O4S2/c24-15-3-8-21(35-16-4-1-14(2-5-16)22(32)30-9-10-36-13-29)20(11-15)31-37(33,34)17-6-7-19(25)18(12-17)23(26,27)28/h1-8,11-12,31H,9-10H2,(H,30,32)_on_P51681_WT	High	ChEMBL31	ChEMBL31.compound.462943	N#CSCCNC(=O)c1ccc(Oc2ccc(Cl)cc2NS(=O)(=O)c2cc(C(F)(F)F)c(Cl)cc2)cc1	FKIPEBVDUWFIIM-UHFFFAOYSA-N	InChI=1S/C23H16Cl2F3N3O4S2/c24-15-3-8-21(35-16-4-1-14(2-5-16)22(32)30-9-10-36-13-29)20(11-15)31-37(33,34)17-6-7-19(25)18(12-17)23(26,27)28/h1-8,11-12,31H,9-10H2,(H,30,32)	"""AuxInfo=1/1/N:10,37,16,11,36,35,34,15,5,4,19,26,2,9,17,12,25,27,32,20,14,7,28,18,33,29,30,31,1,6,21,8,23,24,13,3,22/E:(1,2)(4,5)(26,27,28)(33,34)/CRV:37.6/rA:37NCSCCNCOCCCCOCCCCClCCNSOOCCCCFFFCClCCCC/rB:t1;s2;s3;s4;s5;s6;d7;s7;d9;s10;d11;s12;s13;d14;s15;d16;s17;s17;s14d19;s20;s21;d22;d22;s22;d25;s26;s27;s28;s28;s28;d27;s32;s32;s25d34;s12;s9d36;/rC:;;;;;;;;;;;;;;;;;;;;;;;;;;;;;;;;;;;;;"""	P51681_WT	ChEMBL:CHEMBL274	P51681	WT	CHEMBL4738303	PMID:33600174	2021.0	PMID:33600174	2021	1	0	0	0	0		=	  5.400	5.4	0.0	0.0	1.0	5.4	0.0	CCRs_HUMAN_annotated_03833	True
InChI=1S/C23H16Cl2F3N3O4S2/c24-15-3-8-21(35-16-4-1-14(2-5-16)22(32)30-10-9-29-13-36)20(11-15)31-37(33,34)17-6-7-19(25)18(12-17)23(26,27)28/h1-8,11-12,31H,9-10H2,(H,30,32)_on_P41597_WT	High	ChEMBL31	ChEMBL31.compound.462940	O=C(NCCN=C=S)c1ccc(Oc2ccc(Cl)cc2NS(=O)(=O)c2cc(C(F)(F)F)c(Cl)cc2)cc1	IAJANXMZOLXCTL-UHFFFAOYSA-N	InChI=1S/C23H16Cl2F3N3O4S2/c24-15-3-8-21(35-16-4-1-14(2-5-16)22(32)30-10-9-29-13-36)20(11-15)31-37(33,34)17-6-7-19(25)18(12-17)23(26,27)28/h1-8,11-12,31H,9-10H2,(H,30,32)	"""AuxInfo=1/1/N:10,37,16,11,36,35,34,15,5,4,19,26,7,9,17,12,25,27,32,20,14,2,28,18,33,29,30,31,6,3,21,1,23,24,13,8,22/E:(1,2)(4,5)(26,27,28)(33,34)/CRV:37.6/rA:37OCNCCNCSCCCCOCCCCClCCNSOOCCCCFFFCClCCCC/rB:d1;s2;s3;s4;s5;d6;d7;s2;d9;s10;d11;s12;s13;d14;s15;d16;s17;s17;s14d19;s20;s21;d22;d22;s22;d25;s26;s27;s28;s28;s28;d27;s32;s32;s25d34;s12;s9d36;/rC:;;;;;;;;;;;;;;;;;;;;;;;;;;;;;;;;;;;;;"""	P41597_WT	ChEMBL:CHEMBL4015;ChEMBL:CHEMBL4015	P41597	WT	CHEMBL4738275	PMID:33600174	2021.0	PMID:33600174	2021	0	0	0	1	0		=	  7.510;  7.500	7.505	0.005	0.005	2.0	7.505	0.005	CCRs_HUMAN_annotated_03834	True
InChI=1S/C23H17ClN2O4S/c1-15-2-4-17(5-3-15)23(27)20-12-18(24)8-11-21(20)26-31(28,29)19-9-6-16(7-10-19)22-13-25-14-30-22/h2-14,26H,1H3_on_P51686_WT	Low	ChEMBL31	ChEMBL31.compound.1070969	Cc1ccc(C(=O)c2cc(Cl)ccc2NS(=O)(=O)c2ccc(-c3cnco3)cc2)cc1	SJMKKBKXXFRSAW-UHFFFAOYSA-N	InChI=1S/C23H17ClN2O4S/c1-15-2-4-17(5-3-15)23(27)20-12-18(24)8-11-21(20)26-31(28,29)19-9-6-16(7-10-19)22-13-25-14-30-22/h2-14,26H,1H3	"""AuxInfo=1/0/N:1,3,31,4,30,21,28,12,20,29,13,9,24,26,2,22,5,10,19,8,14,23,6,11,25,15,7,17,18,27,16/E:(2,3)(4,5)(6,7)(9,10)(28,29)/CRV:31.6/rA:31CCCCCCOCCCClCCCNSOOCCCCCCNCOCCCC/rB:s1;d2;s3;d4;s5;d6;s6;d8;s9;s10;d10;s12;s8d13;s14;s15;d16;d16;s16;d19;s20;d21;s22;d23;s24;d25;s23s26;s22;s19d28;s5;s2d30;/rC:;;;;;;;;;;;;;;;;;;;;;;;;;;;;;;;"""	P51686_WT	ChEMBL:CHEMBL5815;ChEMBL:CHEMBL5815	P51686	WT	CHEMBL3721199;CHEMBL3721196	PATENT:US7582661B2	2009.0	PATENT:US7582661B2	2009	1	0	0	0	0		>	  7.000;  7.000	7.0	0.0	0.0	2.0	7.0	0.0	CCRs_HUMAN_annotated_03841	True
InChI=1S/C23H17ClN2O4S/c1-15-3-2-4-17(11-15)23(27)20-12-18(24)7-10-21(20)26-31(28,29)19-8-5-16(6-9-19)22-13-25-14-30-22/h2-14,26H,1H3_on_P51686_WT	Low	ChEMBL31	ChEMBL31.compound.1070968	Cc1cc(C(=O)c2cc(Cl)ccc2NS(=O)(=O)c2ccc(-c3cnco3)cc2)ccc1	JTTUAAPAOFBHIA-UHFFFAOYSA-N	InChI=1S/C23H17ClN2O4S/c1-15-3-2-4-17(11-15)23(27)20-12-18(24)7-10-21(20)26-31(28,29)19-8-5-16(6-9-19)22-13-25-14-30-22/h2-14,26H,1H3	"""AuxInfo=1/0/N:1,30,31,29,20,27,11,19,28,12,3,8,23,25,2,21,4,9,18,7,13,22,5,10,24,14,6,16,17,26,15/E:(5,6)(8,9)(28,29)/CRV:31.6/rA:31CCCCCOCCCClCCCNSOOCCCCCCNCOCCCCC/rB:s1;d2;s3;s4;d5;s5;d7;s8;s9;d9;s11;s7d12;s13;s14;d15;d15;s15;d18;s19;d20;s21;d22;s23;d24;s22s25;s21;s18d27;d4;s29;s2d30;/rC:;;;;;;;;;;;;;;;;;;;;;;;;;;;;;;;"""	P51686_WT	ChEMBL:CHEMBL5815;ChEMBL:CHEMBL5815	P51686	WT	CHEMBL3721196;CHEMBL3721199	PATENT:US7582661B2	2009.0	PATENT:US7582661B2	2009	1	0	0	0	0		>	  7.000;  7.000	7.0	0.0	0.0	2.0	7.0	0.0	CCRs_HUMAN_annotated_03842	True
InChI=1S/C23H18ClN3O4S/c1-14-3-4-17(12-25-14)22(28)20-11-18(24)7-10-21(20)27-32(29,30)19-8-5-16(6-9-19)23-15(2)26-13-31-23/h3-13,27H,1-2H3_on_P51686_WT	Low	ChEMBL31	ChEMBL31.compound.1070744	Cc1ncc(C(=O)c2cc(Cl)ccc2NS(=O)(=O)c2ccc(-c3c(C)nco3)cc2)cc1	ARALQGOUUWXDFP-UHFFFAOYSA-N	InChI=1S/C23H18ClN3O4S/c1-14-3-4-17(12-25-14)22(28)20-11-18(24)7-10-21(20)27-32(29,30)19-8-5-16(6-9-19)23-15(2)26-13-31-23/h3-13,27H,1-2H3	"""AuxInfo=1/0/N:1,25,32,31,21,29,12,20,30,13,9,4,27,2,24,22,5,10,19,8,14,6,23,11,3,26,15,7,17,18,28,16/E:(5,6)(8,9)(29,30)/CRV:32.6/rA:32CCNCCCOCCCClCCCNSOOCCCCCCCNCOCCCC/rB:s1;d2;s3;d4;s5;d6;s6;d8;s9;s10;d10;s12;s8d13;s14;s15;d16;d16;s16;d19;s20;d21;s22;d23;s24;s24;d26;s23s27;s22;s19d29;s5;s2d31;/rC:;;;;;;;;;;;;;;;;;;;;;;;;;;;;;;;;"""	P51686_WT	ChEMBL:CHEMBL5815;ChEMBL:CHEMBL5815	P51686	WT	CHEMBL3721193;CHEMBL3721192	PATENT:US7420055B2	2008.0	PATENT:US7420055B2	2008	1	0	0	0	0		>	  6.000;  6.000	6.0	0.0	0.0	2.0	6.0	0.0	CCRs_HUMAN_annotated_03847	True
InChI=1S/C23H18ClN3O4S/c1-14-4-3-5-21(26-14)23(28)19-12-17(24)8-11-20(19)27-32(29,30)18-9-6-16(7-10-18)22-13-25-15(2)31-22/h3-13,27H,1-2H3_on_P51686_WT	High	ChEMBL31	ChEMBL31.compound.285471	Cc1nc(C(=O)c2cc(Cl)ccc2NS(=O)(=O)c2ccc(-c3cnc(C)o3)cc2)ccc1	IPNYUSGRMDDAAM-UHFFFAOYSA-N	InChI=1S/C23H18ClN3O4S/c1-14-4-3-5-21(26-14)23(28)19-12-17(24)8-11-20(19)27-32(29,30)18-9-6-16(7-10-18)22-13-25-15(2)31-22/h3-13,27H,1-2H3	"""AuxInfo=1/0/N:1,26,31,32,30,20,28,11,19,29,12,8,23,2,25,21,9,18,7,13,4,22,5,10,24,3,14,6,16,17,27,15/E:(6,7)(9,10)(29,30)/CRV:32.6/rA:32CCNCCOCCCClCCCNSOOCCCCCCNCCOCCCCC/rB:s1;d2;s3;s4;d5;s5;d7;s8;s9;d9;s11;s7d12;s13;s14;d15;d15;s15;d18;s19;d20;s21;d22;s23;d24;s25;s22s25;s21;s18d28;d4;s30;s2d31;/rC:;;;;;;;;;;;;;;;;;;;;;;;;;;;;;;;;"""	P51686_WT	ChEMBL:CHEMBL5815;ChEMBL:CHEMBL5815	P51686	WT	CHEMBL3721199;CHEMBL3721196	PATENT:US7420055B2	2008.0	PATENT:US7582661B2	2009	1	0	0	0	0		=	  6.000;  6.000	6.0	0.0	0.0	2.0	6.0	0.0	CCRs_HUMAN_annotated_03848	True
InChI=1S/C23H18ClN3O4S/c1-14-22(15(2)31-26-14)16-3-6-19(7-4-16)32(29,30)27-21-8-5-18(24)13-20(21)23(28)17-9-11-25-12-10-17/h3-13,27H,1-2H3_on_P51686_WT	Low	ChEMBL31	ChEMBL31.compound.1070775	Cc1noc(C)c1-c1ccc(S(=O)(=O)Nc2ccc(Cl)cc2C(=O)c2ccncc2)cc1	CFCVYMWGFHGGRF-UHFFFAOYSA-N	InChI=1S/C23H18ClN3O4S/c1-14-22(15(2)31-26-14)16-3-6-19(7-4-16)32(29,30)27-21-8-5-18(24)13-20(21)23(28)17-9-11-25-12-10-17/h3-13,27H,1-2H3	"""AuxInfo=1/0/N:1,6,9,32,18,10,31,17,26,30,27,29,21,2,5,8,25,19,11,22,16,7,23,20,28,3,15,24,13,14,4,12/E:(3,4)(6,7)(9,10)(11,12)(29,30)/CRV:32.6/rA:32CCNOCCCCCCCSOONCCCCClCCCOCCCNCCCC/rB:s1;d2;s3;s4;s5;s2d5;s7;d8;s9;d10;s11;d12;d12;s12;s15;d16;s17;d18;s19;s19;s16d21;s22;d23;s23;d25;s26;d27;s28;s25d29;s11;s8d31;/rC:;;;;;;;;;;;;;;;;;;;;;;;;;;;;;;;;"""	P51686_WT	ChEMBL:CHEMBL5815;ChEMBL:CHEMBL5815	P51686	WT	CHEMBL3721192;CHEMBL3721193	PATENT:US7420055B2	2008.0	PATENT:US7420055B2	2008	1	0	0	0	0		>	  6.000;  6.000	6.0	0.0	0.0	2.0	6.0	0.0	CCRs_HUMAN_annotated_03849	True
InChI=1S/C23H18ClN3O4S/c1-14-23(31-15(2)26-14)17-3-6-19(7-4-17)32(29,30)27-21-8-5-18(24)13-20(21)22(28)16-9-11-25-12-10-16/h3-13,27H,1-2H3_on_P51686_WT	High	ChEMBL31	ChEMBL31.compound.285487	Cc1nc(C)c(-c2ccc(S(=O)(=O)Nc3ccc(Cl)cc3C(=O)c3ccncc3)cc2)o1	QBLNIXCYGZILRP-UHFFFAOYSA-N	InChI=1S/C23H18ClN3O4S/c1-14-23(31-15(2)26-14)17-3-6-19(7-4-17)32(29,30)27-21-8-5-18(24)13-20(21)22(28)16-9-11-25-12-10-16/h3-13,27H,1-2H3	"""AuxInfo=1/0/N:5,1,8,31,17,9,30,16,25,29,26,28,20,4,2,24,7,18,10,21,15,22,6,19,27,3,14,23,12,13,32,11/E:(3,4)(6,7)(9,10)(11,12)(29,30)/CRV:32.6/rA:32CCNCCCCCCCSOONCCCCClCCCOCCCNCCCCO/rB:s1;d2;s3;s4;d4;s6;d7;s8;d9;s10;d11;d11;s11;s14;d15;s16;d17;s18;s18;s15d20;s21;d22;s22;d24;s25;d26;s27;s24d28;s10;s7d30;s2s6;/rC:;;;;;;;;;;;;;;;;;;;;;;;;;;;;;;;;"""	P51686_WT	ChEMBL:CHEMBL5815;ChEMBL:CHEMBL5815	P51686	WT	CHEMBL3721199;CHEMBL3721196	PATENT:US7420055B2	2008.0	PATENT:US7582661B2	2009	1	0	0	0	0		=	  7.000;  7.000	7.0	0.0	0.0	2.0	7.0	0.0	CCRs_HUMAN_annotated_03850	True
InChI=1S/C23H18ClN3O4S/c24-18-4-7-21(20(15-18)23(28)17-9-11-25-12-10-17)27-32(29,30)19-5-1-16(2-6-19)3-8-22-26-13-14-31-22/h1-2,4-7,9-15,27H,3,8H2_on_P51686_WT	Low	ChEMBL31	ChEMBL31.compound.1070659	O=C(c1ccncc1)c1cc(Cl)ccc1NS(=O)(=O)c1ccc(CCc2ncco2)cc1	ZOUPHAYDPRGXKH-UHFFFAOYSA-N	InChI=1S/C23H18ClN3O4S/c24-18-4-7-21(20(15-18)23(28)17-9-11-25-12-10-17)27-32(29,30)19-5-1-16(2-6-19)3-8-22-26-13-14-31-22/h1-2,4-7,9-15,27H,3,8H2	"""AuxInfo=1/0/N:22,31,24,13,21,32,14,25,4,8,5,7,28,29,10,23,3,11,20,9,15,26,2,12,6,27,16,1,18,19,30,17/E:(1,2)(5,6)(9,10)(11,12)(29,30)/CRV:32.6/rA:32OCCCCNCCCCCClCCCNSOOCCCCCCCNCCOCC/rB:d1;s2;d3;s4;d5;s6;s3d7;s2;d9;s10;s11;d11;s13;s9d14;s15;s16;d17;d17;s17;d20;s21;d22;s23;s24;s25;d26;s27;d28;s26s29;s23;s20d31;/rC:;;;;;;;;;;;;;;;;;;;;;;;;;;;;;;;;"""	P51686_WT	ChEMBL:CHEMBL5815;ChEMBL:CHEMBL5815	P51686	WT	CHEMBL3721193;CHEMBL3721192	PATENT:US7420055B2	2008.0	PATENT:US7420055B2	2008	1	0	0	0	0		>	  6.000;  6.000	6.0	0.0	0.0	2.0	6.0	0.0	CCRs_HUMAN_annotated_03851	True
InChI=1S/C23H18N2O3S/c26-23(17-9-3-1-4-10-17)24-21-15-16-22(20-14-8-7-13-19(20)21)29(27,28)25-18-11-5-2-6-12-18/h1-16,25H,(H,24,26)_on_P51685_WT	High	ExCAPE-DB;ChEMBL31	11774008;ChEMBL31.compound.68497	O=C(Nc1ccc(S(=O)(=O)Nc2ccccc2)c2ccccc12)c1ccccc1	WLKYPFNFQJMVGH-UHFFFAOYSA-N	InChI=1S/C23H18N2O3S/c26-23(17-9-3-1-4-10-17)24-21-15-16-22(20-14-8-7-13-19(20)21)29(27,28)25-18-11-5-2-6-12-18/h1-16,25H,(H,24,26)	"""AuxInfo=1/1/N:27,15,26,28,14,16,21,20,25,29,13,17,22,19,5,6,24,12,23,18,4,7,2,3,11,1,9,10,8/E:(3,4)(5,6)(9,10)(11,12)(27,28)/CRV:29.6/rA:29OCNCCCCSOONCCCCCCCCCCCCCCCCCC/rB:d1;s2;s3;d4;s5;d6;s7;d8;d8;s8;s11;d12;s13;d14;s15;s12d16;s7;d18;s19;d20;s21;s4s18d22;s2;d24;s25;d26;s27;s24d28;/rC:;;;;;;;;;;;;;;;;;;;;;;;;;;;;;"""	P51685_WT	EntrezID:1237;ChEMBL:CHEMBL4596	P51685	WT	PubChemAID:277746;CHEMBL855762	PMID:17266208	2007.0	PubChemAID:277746;PMID:17266208	2010;2007	0	0	0	0;1	1;0		=	  5.754;  5.750	5.752	0.002	0.002	2.0	5.752	0.002	CCRs_HUMAN_annotated_03858	True
InChI=1S/C23H19BrFN3O3S/c24-16-8-11-21-20(14-16)19(22(27-21)15-6-9-17(25)10-7-15)12-13-26-23(29)28-32(30,31)18-4-2-1-3-5-18/h1-11,14,27H,12-13H2,(H2,26,28,29)_on_P25025_WT	High	ChEMBL31	ChEMBL31.compound.88822	O=C(NCCc1c(-c2ccc(F)cc2)[nH]c2c1cc(Br)cc2)NS(=O)(=O)c1ccccc1	LHYCSAHLAIJJOV-UHFFFAOYSA-N	InChI=1S/C23H19BrFN3O3S/c24-16-8-11-21-20(14-16)19(22(27-21)15-6-9-17(25)10-7-15)12-13-26-23(29)28-32(30,31)18-4-2-1-3-5-18/h1-11,14,27H,12-13H2,(H2,26,28,29)	"""AuxInfo=1/1/N:30,29,31,28,32,9,14,21,10,13,22,5,4,18,8,19,11,27,6,17,16,7,2,20,12,3,15,23,1,25,26,24/E:(2,3)(4,5)(6,7)(9,10)(30,31)/CRV:32.6/rA:32OCNCCCCCCCCFCCNCCCCBrCCNSOOCCCCCC/rB:d1;s2;s3;s4;s5;d6;s7;d8;s9;d10;s11;s11;s8d13;s7;s15;s6d16;s17;d18;s19;s19;s16d21;s2;s23;d24;d24;s24;d27;s28;d29;s30;s27d31;/rC:;;;;;;;;;;;;;;;;;;;;;;;;;;;;;;;;"""	P25025_WT	ChEMBL:CHEMBL2434;ChEMBL:CHEMBL2434	P25025	WT	CHEMBL928888;CHEMBL928889	PMID:18308567	2008.0	PMID:18308567	2008	1	0	0	0	0		=	  6.920;  8.400	7.66	0.74	0.74	2.0	7.66	0.74	CCRs_HUMAN_annotated_03862	True
InChI=1S/C23H19ClFN3O4S/c1-23(2,3)13-4-6-15(7-5-13)33(31,32)27-17-9-8-16(24)19-20(17)22(30)28(21(19)29)18-12-14(25)10-11-26-18/h4-12,27H,1-3H3_on_P51686_WT	High	ChEMBL31	ChEMBL31.compound.299342	CC(C)(C)c1ccc(S(=O)(=O)Nc2ccc(Cl)c3c2C(=O)N(c2nccc(F)c2)C3=O)cc1	CJMSBONDJBVSHR-UHFFFAOYSA-N	InChI=1S/C23H19ClFN3O4S/c1-23(2,3)13-4-6-15(7-5-13)33(31,32)27-17-9-8-16(24)19-20(17)22(30)28(21(19)29)18-12-14(25)10-11-26-18/h4-12,27H,1-3H3	"""AuxInfo=1/0/N:1,3,4,6,33,7,32,15,14,26,25,29,5,27,8,16,13,23,18,19,30,20,2,17,28,24,12,22,31,21,10,11,9/E:(1,2,3)(4,5)(6,7)(31,32)/CRV:33.6/rA:33CCCCCCCCSOONCCCCClCCCONCNCCCFCCOCC/rB:s1;s2;s2;s2;d5;s6;d7;s8;d9;d9;s9;s12;d13;s14;d15;s16;s16;s13d18;s19;d20;s20;s22;d23;s24;d25;s26;s27;s23d27;s18s22;d30;s8;s5d32;/rC:;;;;;;;;;;;;;;;;;;;;;;;;;;;;;;;;;"""	P51686_WT	ChEMBL:CHEMBL5815	P51686	WT	CHEMBL3801235	PMID:26987013	2016.0	PMID:26987013	2016	0	0	0	1	0		=	  7.660	7.66	0.0	0.0	1.0	7.66	0.0	CCRs_HUMAN_annotated_03863	True
InChI=1S/C23H19ClFN3O4S/c1-23(2,3)13-4-7-15(8-5-13)33(31,32)27-17-10-9-16(24)19-20(17)22(30)28(21(19)29)14-6-11-18(25)26-12-14/h4-12,27H,1-3H3_on_P51686_WT	High	ChEMBL31	ChEMBL31.compound.299359	CC(C)(C)c1ccc(S(=O)(=O)Nc2ccc(Cl)c3c2C(=O)N(c2cnc(F)cc2)C3=O)cc1	ORBFVZSLJGUQFB-UHFFFAOYSA-N	InChI=1S/C23H19ClFN3O4S/c1-23(2,3)13-4-7-15(8-5-13)33(31,32)27-17-10-9-16(24)19-20(17)22(30)28(21(19)29)14-6-11-18(25)26-12-14/h4-12,27H,1-3H3	"""AuxInfo=1/0/N:1,3,4,6,33,29,7,32,15,14,28,24,5,23,8,16,13,26,18,19,30,20,2,17,27,25,12,22,31,21,10,11,9/E:(1,2,3)(4,5)(7,8)(31,32)/CRV:33.6/rA:33CCCCCCCCSOONCCCCClCCCONCCNCFCCCOCC/rB:s1;s2;s2;s2;d5;s6;d7;s8;d9;d9;s9;s12;d13;s14;d15;s16;s16;s13d18;s19;d20;s20;s22;d23;s24;d25;s26;s26;s23d28;s18s22;d30;s8;s5d32;/rC:;;;;;;;;;;;;;;;;;;;;;;;;;;;;;;;;;"""	P51686_WT	ChEMBL:CHEMBL5815	P51686	WT	CHEMBL3801235	PMID:26987013	2016.0	PMID:26987013	2016	0	0	0	1	0		=	  7.720	7.72	0.0	0.0	1.0	7.72	0.0	CCRs_HUMAN_annotated_03864	True
InChI=1S/C23H19ClFN3O4S/c1-23(2,3)13-4-7-15(8-5-13)33(31,32)27-17-10-9-16(24)19-20(17)22(30)28(21(19)29)18-11-6-14(25)12-26-18/h4-12,27H,1-3H3_on_P51686_WT	High	ChEMBL31	ChEMBL31.compound.299343	CC(C)(C)c1ccc(S(=O)(=O)Nc2ccc(Cl)c3c2C(=O)N(c2ncc(F)cc2)C3=O)cc1	MFJQXKQSGWIZRE-UHFFFAOYSA-N	InChI=1S/C23H19ClFN3O4S/c1-23(2,3)13-4-7-15(8-5-13)33(31,32)27-17-10-9-16(24)19-20(17)22(30)28(21(19)29)18-11-6-14(25)12-26-18/h4-12,27H,1-3H3	"""AuxInfo=1/0/N:1,3,4,6,33,28,7,32,15,14,29,25,5,26,8,16,13,23,18,19,30,20,2,17,27,24,12,22,31,21,10,11,9/E:(1,2,3)(4,5)(7,8)(31,32)/CRV:33.6/rA:33CCCCCCCCSOONCCCCClCCCONCNCCFCCCOCC/rB:s1;s2;s2;s2;d5;s6;d7;s8;d9;d9;s9;s12;d13;s14;d15;s16;s16;s13d18;s19;d20;s20;s22;d23;s24;d25;s26;s26;s23d28;s18s22;d30;s8;s5d32;/rC:;;;;;;;;;;;;;;;;;;;;;;;;;;;;;;;;;"""	P51686_WT	ChEMBL:CHEMBL5815	P51686	WT	CHEMBL3801235	PMID:26987013	2016.0	PMID:26987013	2016	0	0	0	1	0		=	  8.000	8.0	0.0	0.0	1.0	8.0	0.0	CCRs_HUMAN_annotated_03865	True
InChI=1S/C23H19ClFN3O4S/c1-23(2,3)13-6-8-14(9-7-13)33(31,32)27-16-11-10-15(24)18-19(16)22(30)28(21(18)29)17-5-4-12-26-20(17)25/h4-12,27H,1-3H3_on_P51686_WT	High	ChEMBL31	ChEMBL31.compound.299113	CC(C)(C)c1ccc(S(=O)(=O)Nc2ccc(Cl)c3c2C(=O)N(c2c(F)nccc2)C3=O)cc1	RYFJGVVCSIBIPZ-UHFFFAOYSA-N	InChI=1S/C23H19ClFN3O4S/c1-23(2,3)13-6-8-14(9-7-13)33(31,32)27-16-11-10-15(24)18-19(16)22(30)28(21(18)29)17-5-4-12-26-20(17)25/h4-12,27H,1-3H3	"""AuxInfo=1/0/N:1,3,4,28,29,6,33,7,32,15,14,27,5,8,16,13,23,18,19,24,30,20,2,17,25,26,12,22,31,21,10,11,9/E:(1,2,3)(6,7)(8,9)(31,32)/CRV:33.6/rA:33CCCCCCCCSOONCCCCClCCCONCCFNCCCCOCC/rB:s1;s2;s2;s2;d5;s6;d7;s8;d9;d9;s9;s12;d13;s14;d15;s16;s16;s13d18;s19;d20;s20;s22;d23;s24;s24;d26;s27;s23d28;s18s22;d30;s8;s5d32;/rC:;;;;;;;;;;;;;;;;;;;;;;;;;;;;;;;;;"""	P51686_WT	ChEMBL:CHEMBL5815;ChEMBL:CHEMBL5815;ChEMBL:CHEMBL5815	P51686	WT	CHEMBL3801236;CHEMBL3801235;CHEMBL3801237	PMID:26987013	2016.0	PMID:26987013	2016	0	0	0	1	0		=	  7.580;  8.150;  7.040	7.59	0.453	0.32	3.0	7.58	0.54	CCRs_HUMAN_annotated_03866	True
InChI=1S/C23H19N3O3S/c27-23(18-6-2-1-3-7-18)26-21-10-11-22(20-9-5-4-8-19(20)21)30(28,29)25-16-17-12-14-24-15-13-17/h1-15,25H,16H2,(H,26,27)_on_P51685_WT	High	ChEMBL31;ExCAPE-DB	ChEMBL31.compound.68495;11384528	O=C(Nc1ccc(S(=O)(=O)NCc2ccncc2)c2c1cccc2)c1ccccc1	IEOQBNYYSAIFCL-UHFFFAOYSA-N	InChI=1S/C23H19N3O3S/c27-23(18-6-2-1-3-7-18)26-21-10-11-22(20-9-5-4-8-19(20)21)30(28,29)25-16-17-12-14-24-15-13-17/h1-15,25H,16H2,(H,26,27)	"""AuxInfo=1/1/N:28,27,29,22,23,26,30,21,24,5,6,14,18,15,17,12,13,25,20,19,4,7,2,16,11,3,1,9,10,8/E:(2,3)(6,7)(12,13)(14,15)(28,29)/CRV:30.6/rA:30OCNCCCCSOONCCCCNCCCCCCCCCCCCCC/rB:d1;s2;s3;d4;s5;d6;s7;d8;d8;s8;s11;s12;d13;s14;d15;s16;s13d17;s7;s4d19;s20;d21;s22;s19d23;s2;d25;s26;d27;s28;s25d29;/rC:;;;;;;;;;;;;;;;;;;;;;;;;;;;;;;"""	P51685_WT	ChEMBL:CHEMBL4596;EntrezID:1237	P51685	WT	CHEMBL855762;PubChemAID:277746	PMID:17266208	2007.0	PMID:17266208;PubChemAID:277746	2007;2010	0	0	0	1;0	0;1		=	  5.490;  5.485	5.488	0.003	0.003	2.0	5.488	0.002	CCRs_HUMAN_annotated_03871	True
InChI=1S/C23H20ClN3O3S/c1-23(2,3)16-4-7-19(8-5-16)31(29,30)27-21-9-6-17(24)13-20(21)22(28)15-10-11-26-18(12-15)14-25/h4-13,27H,1-3H3_on_P51686_WT	Low	ChEMBL31	ChEMBL31.compound.1070722	CC(C)(C)c1ccc(S(=O)(=O)Nc2ccc(Cl)cc2C(=O)c2ccnc(C#N)c2)cc1	VZIYZFBXDMSXNC-UHFFFAOYSA-N	InChI=1S/C23H20ClN3O3S/c1-23(2,3)16-4-7-19(8-5-16)31(29,30)27-21-9-6-17(24)13-20(21)22(28)15-10-11-26-18(12-15)14-25/h4-13,27H,1-3H3	"""AuxInfo=1/0/N:1,3,4,6,31,15,7,30,14,23,24,29,18,27,22,5,16,26,8,19,13,20,2,17,28,25,12,21,10,11,9/E:(1,2,3)(4,5)(7,8)(29,30)/CRV:31.6/rA:31CCCCCCCCSOONCCCCClCCCOCCCNCCNCCC/rB:s1;s2;s2;s2;d5;s6;d7;s8;d9;d9;s9;s12;d13;s14;d15;s16;s16;s13d18;s19;d20;s20;d22;s23;d24;s25;s26;t27;s22d26;s8;s5d30;/rC:;;;;;;;;;;;;;;;;;;;;;;;;;;;;;;;"""	P51686_WT	ChEMBL:CHEMBL5815;ChEMBL:CHEMBL5815	P51686	WT	CHEMBL3721193;CHEMBL3721192	PATENT:US7420055B2	2008.0	PATENT:US7420055B2	2008	1	0	0	0	0		>	  6.000;  6.000	6.0	0.0	0.0	2.0	6.0	0.0	CCRs_HUMAN_annotated_03878	True
InChI=1S/C23H20ClN3O4S/c1-23(2,3)14-4-6-16(7-5-14)32(30,31)26-18-9-8-17(24)19-20(18)22(29)27(21(19)28)15-10-12-25-13-11-15/h4-13,26H,1-3H3_on_P51686_WT	High	ChEMBL31	ChEMBL31.compound.299340	CC(C)(C)c1ccc(S(=O)(=O)Nc2ccc(Cl)c3c2C(=O)N(c2ccncc2)C3=O)cc1	IVKPTGYGUITHDA-UHFFFAOYSA-N	InChI=1S/C23H20ClN3O4S/c1-23(2,3)14-4-6-16(7-5-14)32(30,31)26-18-9-8-17(24)19-20(18)22(29)27(21(19)28)15-10-12-25-13-11-15/h4-13,26H,1-3H3	"""AuxInfo=1/0/N:1,3,4,6,32,7,31,15,14,24,28,25,27,5,23,8,16,13,18,19,29,20,2,17,26,12,22,30,21,10,11,9/E:(1,2,3)(4,5)(6,7)(10,11)(12,13)(30,31)/CRV:32.6/rA:32CCCCCCCCSOONCCCCClCCCONCCCNCCCOCC/rB:s1;s2;s2;s2;d5;s6;d7;s8;d9;d9;s9;s12;d13;s14;d15;s16;s16;s13d18;s19;d20;s20;s22;d23;s24;d25;s26;s23d27;s18s22;d29;s8;s5d31;/rC:;;;;;;;;;;;;;;;;;;;;;;;;;;;;;;;;"""	P51686_WT	ChEMBL:CHEMBL5815	P51686	WT	CHEMBL3801235	PMID:26987013	2016.0	PMID:26987013	2016	0	0	0	1	0		=	  7.960	7.96	0.0	0.0	1.0	7.96	0.0	CCRs_HUMAN_annotated_03879	True
InChI=1S/C23H20ClN3O4S/c1-23(2,3)14-6-8-16(9-7-14)32(30,31)26-18-11-10-17(24)19-20(18)22(29)27(21(19)28)15-5-4-12-25-13-15/h4-13,26H,1-3H3_on_P51686_WT	High	ChEMBL31	ChEMBL31.compound.299371	CC(C)(C)c1ccc(S(=O)(=O)Nc2ccc(Cl)c3c2C(=O)N(c2cnccc2)C3=O)cc1	ZEOGVHASCNLJAQ-UHFFFAOYSA-N	InChI=1S/C23H20ClN3O4S/c1-23(2,3)14-6-8-16(9-7-14)32(30,31)26-18-11-10-17(24)19-20(18)22(29)27(21(19)28)15-5-4-12-25-13-15/h4-13,26H,1-3H3	"""AuxInfo=1/0/N:1,3,4,27,28,6,32,7,31,15,14,26,24,5,23,8,16,13,18,19,29,20,2,17,25,12,22,30,21,10,11,9/E:(1,2,3)(6,7)(8,9)(30,31)/CRV:32.6/rA:32CCCCCCCCSOONCCCCClCCCONCCNCCCCOCC/rB:s1;s2;s2;s2;d5;s6;d7;s8;d9;d9;s9;s12;d13;s14;d15;s16;s16;s13d18;s19;d20;s20;s22;d23;s24;d25;s26;s23d27;s18s22;d29;s8;s5d31;/rC:;;;;;;;;;;;;;;;;;;;;;;;;;;;;;;;;"""	P51686_WT	ChEMBL:CHEMBL5815	P51686	WT	CHEMBL3801235	PMID:26987013	2016.0	PMID:26987013	2016	0	0	0	1	0		=	  7.600	7.6	0.0	0.0	1.0	7.6	0.0	CCRs_HUMAN_annotated_03880	True
InChI=1S/C23H20ClN3O4S/c1-23(2,3)14-7-9-15(10-8-14)32(30,31)26-17-12-11-16(24)19-20(17)22(29)27(21(19)28)18-6-4-5-13-25-18/h4-13,26H,1-3H3_on_P51686_WT	High	ChEMBL31	ChEMBL31.compound.299111	CC(C)(C)c1ccc(S(=O)(=O)Nc2ccc(Cl)c3c2C(=O)N(c2ncccc2)C3=O)cc1	WYEAFUHJVBHSOJ-UHFFFAOYSA-N	InChI=1S/C23H20ClN3O4S/c1-23(2,3)14-7-9-15(10-8-14)32(30,31)26-17-12-11-16(24)19-20(17)22(29)27(21(19)28)18-6-4-5-13-25-18/h4-13,26H,1-3H3	"""AuxInfo=1/0/N:1,3,4,27,26,28,6,32,7,31,15,14,25,5,8,16,13,23,18,19,29,20,2,17,24,12,22,30,21,10,11,9/E:(1,2,3)(7,8)(9,10)(30,31)/CRV:32.6/rA:32CCCCCCCCSOONCCCCClCCCONCNCCCCCOCC/rB:s1;s2;s2;s2;d5;s6;d7;s8;d9;d9;s9;s12;d13;s14;d15;s16;s16;s13d18;s19;d20;s20;s22;d23;s24;d25;s26;s23d27;s18s22;d29;s8;s5d31;/rC:;;;;;;;;;;;;;;;;;;;;;;;;;;;;;;;;"""	P51686_WT	ChEMBL:CHEMBL5815;ChEMBL:CHEMBL5815;ChEMBL:CHEMBL5815	P51686	WT	CHEMBL3801236;CHEMBL3801237;CHEMBL3801235	PMID:26987013	2016.0	PMID:26987013	2016	0	0	0	1	0		=	  7.920;  8.050;  8.220	8.063	0.123	0.087	3.0	8.05	0.13	CCRs_HUMAN_annotated_03881	True
InChI=1S/C23H20ClN3O5S/c1-23(2,3)14-6-8-16(9-7-14)33(31,32)25-18-11-10-17(24)19-20(18)22(29)27(21(19)28)15-5-4-12-26(30)13-15/h4-13,25H,1-3H3_on_P51686_WT	High	ChEMBL31	ChEMBL31.compound.299370	CC(C)(C)c1ccc(S(=O)(=O)Nc2ccc(Cl)c3c2C(=O)N(c2c[n+]([O-])ccc2)C3=O)cc1	LJAZXZJKTNHUQR-UHFFFAOYSA-N	InChI=1S/C23H20ClN3O5S/c1-23(2,3)14-6-8-16(9-7-14)33(31,32)25-18-11-10-17(24)19-20(18)22(29)27(21(19)28)15-5-4-12-26(30)13-15/h4-13,25H,1-3H3	"""AuxInfo=1/0/N:1,3,4,28,29,6,33,7,32,15,14,27,24,5,23,8,16,13,18,19,30,20,2,17,12,25,22,31,21,26,10,11,9/E:(1,2,3)(6,7)(8,9)(31,32)/CRV:26.5,33.6/rA:33CCCCCCCCSOONCCCCClCCCONCCN+O-CCCCOCC/rB:s1;s2;s2;s2;d5;s6;d7;s8;d9;d9;s9;s12;d13;s14;d15;s16;s16;s13d18;s19;d20;s20;s22;d23;s24;s25;d25;s27;s23d28;s18s22;d30;s8;s5d32;/rC:;;;;;;;;;;;;;;;;;;;;;;;;;;;;;;;;;"""	P51686_WT	ChEMBL:CHEMBL5815	P51686	WT	CHEMBL3801235	PMID:26987013	2016.0	PMID:26987013	2016	0	0	0	1	0		=	  7.800	7.8	0.0	0.0	1.0	7.8	0.0	CCRs_HUMAN_annotated_03882	True
InChI=1S/C23H21BrFNO3/c24-16-11-12-18(17(25)13-16)26-20(14-7-3-1-4-8-14)19(22(28)23(26)29)21(27)15-9-5-2-6-10-15/h2,5-6,9-14,20,28H,1,3-4,7-8H2_on_P32246_WT	High	ChEMBL31	ChEMBL31.compound.414387	O=C(C1=C(O)C(=O)N(c2ccc(Br)cc2F)C1C1CCCCC1)c1ccccc1	HULVCFFGXHJBLU-UHFFFAOYSA-N	InChI=1S/C23H21BrFNO3/c24-16-11-12-18(17(25)13-16)26-20(14-7-3-1-4-8-14)19(22(28)23(26)29)21(27)15-9-5-2-6-10-15/h2,5-6,9-14,20,28H,1,3-4,7-8H2	"""AuxInfo=1/0/N:21,27,20,22,26,28,19,23,25,29,11,10,14,18,24,12,15,9,3,17,2,4,6,13,16,8,1,5,7/E:(3,4)(5,6)(7,8)(9,10)/rA:29OCCCOCONCCCCBrCCFCCCCCCCCCCCCC/rB:d1;s2;w?3;s4;s4;d6;s6;s8;d9;s10;d11;s12;s12;s9d14;s15;s3s8;s17;s18;s19;s20;s21;s18s22;s2;d24;s25;d26;s27;s24d28;/rC:;;;;;;;;;;;;;;;;;;;;;;;;;;;;;"""	P32246_WT	ChEMBL:CHEMBL2413;ChEMBL:CHEMBL2413	P32246	WT	CHEMBL4371695	PMID:30256641	2018.0	PMID:30256641	2018	0	0	0	1	0		=	  7.560;  7.550	7.555	0.005	0.005	2.0	7.555	0.005	CCRs_HUMAN_annotated_03890	True
InChI=1S/C23H21BrFNO3/c24-16-11-12-18(17(25)13-16)26-20(14-7-3-1-4-8-14)19(22(28)23(26)29)21(27)15-9-5-2-6-10-15/h2,5-6,9-14,20,28H,1,3-4,7-8H2_on_P41597_WT	High	ChEMBL31	ChEMBL31.compound.414387	O=C(C1=C(O)C(=O)N(c2ccc(Br)cc2F)C1C1CCCCC1)c1ccccc1	HULVCFFGXHJBLU-UHFFFAOYSA-N	InChI=1S/C23H21BrFNO3/c24-16-11-12-18(17(25)13-16)26-20(14-7-3-1-4-8-14)19(22(28)23(26)29)21(27)15-9-5-2-6-10-15/h2,5-6,9-14,20,28H,1,3-4,7-8H2	"""AuxInfo=1/0/N:21,27,20,22,26,28,19,23,25,29,11,10,14,18,24,12,15,9,3,17,2,4,6,13,16,8,1,5,7/E:(3,4)(5,6)(7,8)(9,10)/rA:29OCCCOCONCCCCBrCCFCCCCCCCCCCCCC/rB:d1;s2;w?3;s4;s4;d6;s6;s8;d9;s10;d11;s12;s12;s9d14;s15;s3s8;s17;s18;s19;s20;s21;s18s22;s2;d24;s25;d26;s27;s24d28;/rC:;;;;;;;;;;;;;;;;;;;;;;;;;;;;;"""	P41597_WT	ChEMBL:CHEMBL4015;ChEMBL:CHEMBL4015	P41597	WT	CHEMBL4371696	PMID:30256641	2018.0	PMID:30256641	2018	0	0	0	1	0		=	  7.180;  7.180	7.18	0.0	0.0	2.0	7.18	0.0	CCRs_HUMAN_annotated_03891	True
InChI=1S/C23H21ClFN3O4S/c1-15-2-3-16(14-26-15)23(29)19-12-17(24)4-6-21(19)27-33(30,31)18-5-7-22(20(25)13-18)28-8-10-32-11-9-28/h2-7,12-14,27H,8-11H2,1H3_on_P51686_WT	Low	ChEMBL31	ChEMBL31.compound.1070680	Cc1ncc(C(=O)c2cc(Cl)ccc2NS(=O)(=O)c2cc(F)c(N3CCOCC3)cc2)cc1	AAHZBAYAPUITFQ-UHFFFAOYSA-N	InChI=1S/C23H21ClFN3O4S/c1-15-2-3-16(14-26-15)23(29)19-12-17(24)4-6-21(19)27-33(30,31)18-5-7-22(20(25)13-18)28-8-10-32-11-9-28/h2-7,12-14,27H,8-11H2,1H3	"""AuxInfo=1/0/N:1,33,32,12,31,13,30,25,29,26,28,9,20,4,2,5,10,19,8,21,14,23,6,11,22,3,15,24,7,17,18,27,16/E:(8,9)(10,11)(30,31)/CRV:33.6/rA:33CCNCCCOCCCClCCCNSOOCCCFCNCCOCCCCCC/rB:s1;d2;s3;d4;s5;d6;s6;d8;s9;s10;d10;s12;s8d13;s14;s15;d16;d16;s16;d19;s20;s21;d21;s23;s24;s25;s26;s27;s24s28;s23;s19d30;s5;s2d32;/rC:;;;;;;;;;;;;;;;;;;;;;;;;;;;;;;;;;"""	P51686_WT	ChEMBL:CHEMBL5815;ChEMBL:CHEMBL5815	P51686	WT	CHEMBL3721193;CHEMBL3721192	PATENT:US7420055B2	2008.0	PATENT:US7420055B2	2008	1	0	0	0	0		>	  6.000;  6.000	6.0	0.0	0.0	2.0	6.0	0.0	CCRs_HUMAN_annotated_03894	True
InChI=1S/C23H21ClN2O5S/c1-15-3-7-17(14-25-15)23(28)20-13-18(24)8-11-21(20)26-32(29,30)19-9-4-16(5-10-19)6-12-22(27)31-2/h3-5,7-11,13-14,26H,6,12H2,1-2H3_on_P51686_WT	High	ChEMBL31	ChEMBL31.compound.285496	COC(=O)CCc1ccc(S(=O)(=O)Nc2ccc(Cl)cc2C(=O)c2cnc(C)cc2)cc1	DSTYIYJVFNISRX-UHFFFAOYSA-N	InChI=1S/C23H21ClN2O5S/c1-15-3-7-17(14-25-15)23(28)20-13-18(24)8-11-21(20)26-32(29,30)19-9-4-16(5-10-19)6-12-22(27)31-2/h3-5,7-11,13-14,26H,6,12H2,1-2H3	"""AuxInfo=1/0/N:28,1,29,8,32,6,30,17,9,31,16,5,20,25,27,7,24,18,10,21,15,3,22,19,26,14,4,23,12,13,2,11/E:(4,5)(9,10)(29,30)/CRV:32.6/rA:32COCOCCCCCCSOONCCCCClCCCOCCNCCCCCC/rB:s1;s2;d3;s3;s5;s6;d7;s8;d9;s10;d11;d11;s11;s14;d15;s16;d17;s18;s18;s15d20;s21;d22;s22;d24;s25;d26;s27;s27;s24d29;s10;s7d31;/rC:;;;;;;;;;;;;;;;;;;;;;;;;;;;;;;;;"""	P51686_WT	ChEMBL:CHEMBL5815;ChEMBL:CHEMBL5815	P51686	WT	CHEMBL3721196;CHEMBL3721199	PATENT:US7420055B2	2008.0	PATENT:US7582661B2	2009	1	0	0	0	0		=	  7.000;  7.000	7.0	0.0	0.0	2.0	7.0	0.0	CCRs_HUMAN_annotated_03896	True
InChI=1S/C23H21ClN2O5S/c1-15-13-17(11-12-25-15)23(28)20-14-18(24)6-9-21(20)26-32(29,30)19-7-3-16(4-8-19)5-10-22(27)31-2/h3-4,6-9,11-14,26H,5,10H2,1-2H3_on_P51686_WT	Low	ChEMBL31	ChEMBL31.compound.1070966	COC(=O)CCc1ccc(S(=O)(=O)Nc2ccc(Cl)cc2C(=O)c2ccnc(C)c2)cc1	GCWRCNRBFFLLGC-UHFFFAOYSA-N	InChI=1S/C23H21ClN2O5S/c1-15-13-17(11-12-25-15)23(28)20-14-18(24)6-9-21(20)26-32(29,30)19-7-3-16(4-8-19)5-10-22(27)31-2/h3-4,6-9,11-14,26H,5,10H2,1-2H3	"""AuxInfo=1/0/N:29,1,8,32,6,17,9,31,16,5,25,26,30,20,28,7,24,18,10,21,15,3,22,19,27,14,4,23,12,13,2,11/E:(3,4)(7,8)(29,30)/CRV:32.6/rA:32COCOCCCCCCSOONCCCCClCCCOCCCNCCCCC/rB:s1;s2;d3;s3;s5;s6;d7;s8;d9;s10;d11;d11;s11;s14;d15;s16;d17;s18;s18;s15d20;s21;d22;s22;d24;s25;d26;s27;s28;s24d28;s10;s7d31;/rC:;;;;;;;;;;;;;;;;;;;;;;;;;;;;;;;;"""	P51686_WT	ChEMBL:CHEMBL5815;ChEMBL:CHEMBL5815	P51686	WT	CHEMBL3721196;CHEMBL3721199	PATENT:US7582661B2	2009.0	PATENT:US7582661B2	2009	1	0	0	0	0		>	  7.000;  7.000	7.0	0.0	0.0	2.0	7.0	0.0	CCRs_HUMAN_annotated_03897	True
InChI=1S/C23H21ClN2O5S/c1-15-19(4-3-13-25-15)23(28)20-14-17(24)8-11-21(20)26-32(29,30)18-9-5-16(6-10-18)7-12-22(27)31-2/h3-6,8-11,13-14,26H,7,12H2,1-2H3_on_P51686_WT	High	ChEMBL31	ChEMBL31.compound.285484	COC(=O)CCc1ccc(S(=O)(=O)Nc2ccc(Cl)cc2C(=O)c2c(C)nccc2)cc1	FYWBSYBXZYTZBM-UHFFFAOYSA-N	InChI=1S/C23H21ClN2O5S/c1-15-19(4-3-13-25-15)23(28)20-14-17(24)8-11-21(20)26-32(29,30)18-9-5-16(6-10-18)7-12-22(27)31-2/h3-6,8-11,13-14,26H,7,12H2,1-2H3	"""AuxInfo=1/0/N:26,1,29,30,8,32,6,17,9,31,16,5,28,20,25,7,18,10,24,21,15,3,22,19,27,14,4,23,12,13,2,11/E:(5,6)(9,10)(29,30)/CRV:32.6/rA:32COCOCCCCCCSOONCCCCClCCCOCCCNCCCCC/rB:s1;s2;d3;s3;s5;s6;d7;s8;d9;s10;d11;d11;s11;s14;d15;s16;d17;s18;s18;s15d20;s21;d22;s22;d24;s25;s25;d27;s28;s24d29;s10;s7d31;/rC:;;;;;;;;;;;;;;;;;;;;;;;;;;;;;;;;"""	P51686_WT	ChEMBL:CHEMBL5815;ChEMBL:CHEMBL5815	P51686	WT	CHEMBL3721199;CHEMBL3721196	PATENT:US7420055B2	2008.0	PATENT:US7582661B2	2009	1	0	0	0	0		=	  7.000;  7.000	7.0	0.0	0.0	2.0	7.0	0.0	CCRs_HUMAN_annotated_03898	True
InChI=1S/C23H21ClN2O6S/c1-15-3-7-17(14-26(15)29)23(28)20-13-18(24)8-11-21(20)25-33(30,31)19-9-4-16(5-10-19)6-12-22(27)32-2/h3-5,7-11,13-14,25H,6,12H2,1-2H3_on_P51686_WT	Low	ChEMBL31	ChEMBL31.compound.1070700	COC(=O)CCc1ccc(S(=O)(=O)Nc2ccc(Cl)cc2C(=O)c2c[n+]([O-])c(C)cc2)cc1	JBOCAVWGWXRRSG-UHFFFAOYSA-N	InChI=1S/C23H21ClN2O6S/c1-15-3-7-17(14-26(15)29)23(28)20-13-18(24)8-11-21(20)25-33(30,31)19-9-4-16(5-10-19)6-12-22(27)32-2/h3-5,7-11,13-14,25H,6,12H2,1-2H3	"""AuxInfo=1/0/N:29,1,30,8,33,6,31,17,9,32,16,5,20,25,28,7,24,18,10,21,15,3,22,19,14,26,4,23,27,12,13,2,11/E:(4,5)(9,10)(30,31)/CRV:26.5,33.6/rA:33COCOCCCCCCSOONCCCCClCCCOCCN+O-CCCCCC/rB:s1;s2;d3;s3;s5;s6;d7;s8;d9;s10;d11;d11;s11;s14;d15;s16;d17;s18;s18;s15d20;s21;d22;s22;d24;s25;s26;d26;s28;s28;s24d30;s10;s7d32;/rC:;;;;;;;;;;;;;;;;;;;;;;;;;;;;;;;;;"""	P51686_WT	ChEMBL:CHEMBL5815;ChEMBL:CHEMBL5815	P51686	WT	CHEMBL3721193;CHEMBL3721192	PATENT:US7420055B2	2008.0	PATENT:US7420055B2	2008	1	0	0	0	0		>	  6.000;  6.000	6.0	0.0	0.0	2.0	6.0	0.0	CCRs_HUMAN_annotated_03899	True
InChI=1S/C23H21ClN4O4S2/c1-14(29)18-7-4-8-19-22(18)23(27-34(31,32)21-10-9-20(24)33-21)26-28(19)13-17-6-3-5-16(11-17)12-25-15(2)30/h3-11H,12-13H2,1-2H3,(H,25,30)(H,26,27)_on_P51679_WT	High	ChEMBL31	ChEMBL31.compound.203173	CC(=O)NCc1cc(Cn2nc(NS(=O)(=O)c3ccc(Cl)s3)c3c(C(C)=O)cccc32)ccc1	YKZJHVPUMKWJLG-UHFFFAOYSA-N	InChI=1S/C23H21ClN4O4S2/c1-14(29)18-7-4-8-19-22(18)23(27-34(31,32)21-10-9-20(24)33-21)26-28(19)13-17-6-3-5-16(11-17)12-25-15(2)30/h3-11H,12-13H2,1-2H3,(H,25,30)(H,26,27)	"""AuxInfo=1/1/N:26,1,33,29,34,32,28,30,19,18,7,5,9,25,2,6,8,24,31,20,17,23,12,21,4,11,13,10,27,3,15,16,22,14/E:(31,32)/CRV:34.6/rA:34CCONCCCCCNNCNSOOCCCCClSCCCCOCCCCCCC/rB:s1;d2;s2;s4;s5;d6;s7;s8;s9;s10;d11;s12;s13;d14;d14;s14;d17;s18;d19;s20;s17s20;s12;d23;s24;s25;d25;s24;d28;s29;s10s23d30;d8;s32;s6d33;/rC:;;;;;;;;;;;;;;;;;;;;;;;;;;;;;;;;;;"""	P51679_WT	ChEMBL:CHEMBL2414	P51679	WT	CHEMBL2330056	PMID:23409871	2013.0	PMID:23409871	2013	1	0	0	0	0		=	  7.000	7.0	0.0	0.0	1.0	7.0	0.0	CCRs_HUMAN_annotated_03900	True
InChI=1S/C23H21FN4O3S/c1-2-27-32(30,31)19-6-3-5-16(13-19)14-25-23(29)20-7-4-8-22-21(20)15-26-28(22)18-11-9-17(24)10-12-18/h3-13,15,27H,2,14H2,1H3,(H,25,29)_on_P32246_WT	High	ChEMBL31	ChEMBL31.compound.405091	CCNS(=O)(=O)c1cccc(CNC(=O)c2cccc3c2cnn3-c2ccc(F)cc2)c1	IJPJPHZALKUXSX-UHFFFAOYSA-N	InChI=1S/C23H21FN4O3S/c1-2-27-32(30,31)19-6-3-5-16(13-19)14-25-23(29)20-7-4-8-22-21(20)15-26-28(22)18-11-9-17(24)10-12-18/h3-13,15,27H,2,14H2,1H3,(H,25,29)	"""AuxInfo=1/1/N:1,2,9,18,10,8,17,19,27,30,26,31,32,12,22,11,28,25,7,16,21,20,14,29,13,23,3,24,15,5,6,4/E:(9,10)(11,12)(30,31)/CRV:32.6/rA:32CCNSOOCCCCCCNCOCCCCCCCNNCCCCFCCC/rB:s1;s2;s3;d4;d4;s4;d7;s8;d9;s10;s11;s12;s13;d14;s14;d16;s17;d18;s19;s16d20;s21;d22;s20s23;s24;d25;s26;d27;s28;s28;s25d30;s7d11;/rC:;;;;;;;;;;;;;;;;;;;;;;;;;;;;;;;;"""	P32246_WT	ChEMBL:CHEMBL2413	P32246	WT	CHEMBL4332212	PMID:30595446	2019.0	PMID:30595446	2019	1	0	0	0	0		=	  6.770	6.77	0.0	0.0	1.0	6.77	0.0	CCRs_HUMAN_annotated_03907	True
InChI=1S/C23H21N3O4S/c1-23(2,3)15-9-11-17(12-10-15)31(29,30)25-19-8-4-7-18-20(19)22(28)26(21(18)27)16-6-5-13-24-14-16/h4-14,25H,1-3H3_on_P51686_WT	High	ChEMBL31	ChEMBL31.compound.299377	CC(C)(C)c1ccc(S(=O)(=O)Nc2cccc3c2C(=O)N(c2cnccc2)C3=O)cc1	OGJSNZSJOJMCBV-UHFFFAOYSA-N	InChI=1S/C23H21N3O4S/c1-23(2,3)15-9-11-17(12-10-15)31(29,30)25-19-8-4-7-18-20(19)22(28)26(21(18)27)16-6-5-13-24-14-16/h4-14,25H,1-3H3	"""AuxInfo=1/0/N:1,3,4,15,26,27,16,14,6,31,7,30,25,23,5,22,8,17,13,18,28,19,2,24,12,21,29,20,10,11,9/E:(1,2,3)(9,10)(11,12)(29,30)/CRV:31.6/rA:31CCCCCCCCSOONCCCCCCCONCCNCCCCOCC/rB:s1;s2;s2;s2;d5;s6;d7;s8;d9;d9;s9;s12;d13;s14;d15;s16;s13d17;s18;d19;s19;s21;d22;s23;d24;s25;s22d26;s17s21;d28;s8;s5d30;/rC:;;;;;;;;;;;;;;;;;;;;;;;;;;;;;;;"""	P51686_WT	ChEMBL:CHEMBL5815	P51686	WT	CHEMBL3801235	PMID:26987013	2016.0	PMID:26987013	2016	0	0	0	1	0		=	  6.320	6.32	0.0	0.0	1.0	6.32	0.0	CCRs_HUMAN_annotated_03913	True
InChI=1S/C23H22ClN3O3S/c24-18-4-9-22(21(16-18)23(28)17-10-12-25-13-11-17)26-31(29,30)20-7-5-19(6-8-20)27-14-2-1-3-15-27/h4-13,16,26H,1-3,14-15H2_on_P51686_WT	Low	ChEMBL31	ChEMBL31.compound.1070771	O=C(c1ccncc1)c1cc(Cl)ccc1NS(=O)(=O)c1ccc(N2CCCCC2)cc1	MDBUJNQHSGPUIA-UHFFFAOYSA-N	InChI=1S/C23H22ClN3O3S/c24-18-4-9-22(21(16-18)23(28)17-10-12-25-13-11-17)26-31(29,30)20-7-5-19(6-8-20)27-14-2-1-3-15-27/h4-13,16,26H,1-3,14-15H2	"""AuxInfo=1/0/N:27,26,28,13,22,30,21,31,14,4,8,5,7,25,29,10,3,11,23,20,9,15,2,12,6,16,24,1,18,19,17/E:(2,3)(5,6)(7,8)(10,11)(12,13)(14,15)(29,30)/CRV:31.6/rA:31OCCCCNCCCCCClCCCNSOOCCCCNCCCCCCC/rB:d1;s2;d3;s4;d5;s6;s3d7;s2;d9;s10;s11;d11;s13;s9d14;s15;s16;d17;d17;s17;d20;s21;d22;s23;s24;s25;s26;s27;s24s28;s23;s20d30;/rC:;;;;;;;;;;;;;;;;;;;;;;;;;;;;;;;"""	P51686_WT	ChEMBL:CHEMBL5815;ChEMBL:CHEMBL5815	P51686	WT	CHEMBL3721192;CHEMBL3721193	PATENT:US7420055B2	2008.0	PATENT:US7420055B2	2008	1	0	0	0	0		>	  6.000;  6.000	6.0	0.0	0.0	2.0	6.0	0.0	CCRs_HUMAN_annotated_03923	True
InChI=1S/C23H22ClN3O4S/c1-27(2)22(28)10-5-16-3-7-19(8-4-16)32(30,31)26-21-9-6-18(24)15-20(21)23(29)17-11-13-25-14-12-17/h3-4,6-9,11-15,26H,5,10H2,1-2H3_on_P51686_WT	High	ChEMBL31	ChEMBL31.compound.285475	CN(C)C(=O)CCc1ccc(S(=O)(=O)Nc2ccc(Cl)cc2C(=O)c2ccncc2)cc1	FLJKBQYYUQAHNS-UHFFFAOYSA-N	InChI=1S/C23H22ClN3O4S/c1-27(2)22(28)10-5-16-3-7-19(8-4-16)32(30,31)26-21-9-6-18(24)15-20(21)23(29)17-11-13-25-14-12-17/h3-4,6-9,11-15,26H,5,10H2,1-2H3	"""AuxInfo=1/0/N:1,3,9,32,7,18,10,31,17,6,26,30,27,29,21,8,25,19,11,22,16,4,23,20,28,15,2,5,24,13,14,12/E:(1,2)(3,4)(7,8)(11,12)(13,14)(30,31)/CRV:32.6/rA:32CNCCOCCCCCCSOONCCCCClCCCOCCCNCCCC/rB:s1;s2;s2;d4;s4;s6;s7;d8;s9;d10;s11;d12;d12;s12;s15;d16;s17;d18;s19;s19;s16d21;s22;d23;s23;d25;s26;d27;s28;s25d29;s11;s8d31;/rC:;;;;;;;;;;;;;;;;;;;;;;;;;;;;;;;;"""	P51686_WT	ChEMBL:CHEMBL5815;ChEMBL:CHEMBL5815	P51686	WT	CHEMBL3721196;CHEMBL3721199	PATENT:US7420055B2	2008.0	PATENT:US7582661B2	2009	1	0	0	0	0		=	  6.000;  6.000	6.0	0.0	0.0	2.0	6.0	0.0	CCRs_HUMAN_annotated_03924	True
InChI=1S/C23H22ClN3O5S/c1-16-2-3-17(15-27(16)29)23(28)21-14-18(24)4-9-22(21)25-33(30,31)20-7-5-19(6-8-20)26-10-12-32-13-11-26/h2-9,14-15,25H,10-13H2,1H3_on_P51686_WT	Low	ChEMBL31	ChEMBL31.compound.1070670	Cc1[n+]([O-])cc(C(=O)c2cc(Cl)ccc2NS(=O)(=O)c2ccc(N3CCOCC3)cc2)cc1	RUOFJKXDQYEWCJ-UHFFFAOYSA-N	InChI=1S/C23H22ClN3O5S/c1-16-2-3-17(15-27(16)29)23(28)21-14-18(24)4-9-22(21)25-33(30,31)20-7-5-19(6-8-20)26-10-12-32-13-11-26/h2-9,14-15,25H,10-13H2,1H3	"""AuxInfo=1/0/N:1,33,32,13,22,30,21,31,14,25,29,26,28,10,5,2,6,11,23,20,9,15,7,12,16,24,3,8,4,18,19,27,17/E:(5,6)(7,8)(10,11)(12,13)(30,31)/CRV:27.5,33.6/rA:33CCN+O-CCCOCCCClCCCNSOOCCCCNCCOCCCCCC/rB:s1;d2;s3;s3;d5;s6;d7;s7;d9;s10;s11;d11;s13;s9d14;s15;s16;d17;d17;s17;d20;s21;d22;s23;s24;s25;s26;s27;s24s28;s23;s20d30;s6;s2d32;/rC:;;;;;;;;;;;;;;;;;;;;;;;;;;;;;;;;;"""	P51686_WT	ChEMBL:CHEMBL5815;ChEMBL:CHEMBL5815	P51686	WT	CHEMBL3721193;CHEMBL3721192	PATENT:US7420055B2	2008.0	PATENT:US7420055B2	2008	1	0	0	0	0		>	  6.000;  6.000	6.0	0.0	0.0	2.0	6.0	0.0	CCRs_HUMAN_annotated_03925	True
InChI=1S/C23H22N4O8S/c1-3-35-21-11-8-15(12-22(21)34-2)14-24-25-19-10-9-16(13-20(19)27(30)31)36(32,33)26-18-7-5-4-6-17(18)23(28)29/h4-14,25-26H,3H2,1-2H3,(H,28,29)_on_P51684_WT	High	ChEMBL31	ChEMBL31.compound.628335	CCOc1c(OC)cc(C=NNc2c([N+](=O)[O-])cc(S(=O)(=O)Nc3c(C(=O)O)cccc3)cc2)cc1	PTPFJIISVDSMKY-UHFFFAOYSA-N	InChI=1S/C23H22N4O8S/c1-3-35-21-11-8-15(12-22(21)34-2)14-24-25-19-10-9-16(13-20(19)27(30)31)36(32,33)26-18-7-5-4-6-17(18)23(28)29/h4-14,25-26H,3H2,1-2H3,(H,28,29)	"""AuxInfo=1/1/N:1,7,2,30,31,29,32,35,33,34,36,8,18,10,9,19,25,24,13,14,4,5,26,11,12,23,15,27,28,16,17,21,22,6,3,20/E:(28,29)(30,31)(32,33)/CRV:27.5,36.6/rA:36CCOCCOCCCCNNCCN+OO-CCSOONCCCOOCCCCCCCC/rB:s1;s2;s3;d4;s5;s6;s5;d8;s9;w?10;s11;s12;d13;s14;d15;s15;s14;d18;s19;d20;d20;s20;s23;d24;s25;d26;s26;s25;d29;s30;s24d31;s19;s13d33;s9;s4d35;/rC:;;;;;;;;;;;;;;;;;;;;;;;;;;;;;;;;;;;;"""	P51684_WT	ChEMBL:CHEMBL4423	P51684	WT	CHEMBL1738164	PubChemAID:504728	2011.0	PubChemAID:504728	2011	1	0	0	0	0		=	  4.460	4.46	0.0	0.0	1.0	4.46	0.0	CCRs_HUMAN_annotated_03957	True
InChI=1S/C23H23BrN2O5S2/c1-23(2,3)16-5-8-18(9-6-16)33(30,31)26-20-10-7-17(24)14-19(20)22(27)15-11-12-25-21(13-15)32(4,28)29/h5-14,26H,1-4H3_on_P51686_WT	Low	ChEMBL31	ChEMBL31.compound.1070970	CC(C)(C)c1ccc(S(=O)(=O)Nc2ccc(Br)cc2C(=O)c2cc(S(C)(=O)=O)ncc2)cc1	YDCWILUCHWCYHC-UHFFFAOYSA-N	InChI=1S/C23H23BrN2O5S2/c1-23(2,3)16-5-8-18(9-6-16)33(30,31)26-20-10-7-17(24)14-19(20)22(27)15-11-12-25-21(13-15)32(4,28)29/h5-14,26H,1-4H3	"""AuxInfo=1/0/N:1,3,4,26,6,33,15,7,32,14,31,30,23,18,22,5,16,8,19,13,24,20,2,17,29,12,21,27,28,10,11,25,9/E:(1,2,3)(5,6)(8,9)(28,29)(30,31)/CRV:32.6,33.6/rA:33CCCCCCCCSOONCCCCBrCCCOCCCSCOONCCCC/rB:s1;s2;s2;s2;d5;s6;d7;s8;d9;d9;s9;s12;d13;s14;d15;s16;s16;s13d18;s19;d20;s20;d22;s23;s24;s25;d25;d25;d24;s29;s22d30;s8;s5d32;/rC:;;;;;;;;;;;;;;;;;;;;;;;;;;;;;;;;;"""	P51686_WT	ChEMBL:CHEMBL5815;ChEMBL:CHEMBL5815	P51686	WT	CHEMBL3721196;CHEMBL3721199	PATENT:US7582661B2	2009.0	PATENT:US7582661B2	2009	1	0	0	0	0		>	  7.000;  7.000	7.0	0.0	0.0	2.0	7.0	0.0	CCRs_HUMAN_annotated_03966	True
InChI=1S/C23H23ClN2O3S/c1-4-23(2,3)17-5-8-19(9-6-17)30(28,29)26-21-10-7-18(24)15-20(21)22(27)16-11-13-25-14-12-16/h5-15,26H,4H2,1-3H3_on_P51686_WT	Low	ChEMBL31	ChEMBL31.compound.1070686	CCC(C)(C)c1ccc(S(=O)(=O)Nc2ccc(Cl)cc2C(=O)c2ccncc2)cc1	SSKABHQYNDEKOL-UHFFFAOYSA-N	InChI=1S/C23H23ClN2O3S/c1-4-23(2,3)17-5-8-19(9-6-17)30(28,29)26-21-10-7-18(24)15-20(21)22(27)16-11-13-25-14-12-16/h5-15,26H,4H2,1-3H3	"""AuxInfo=1/0/N:1,4,5,2,7,30,16,8,29,15,24,28,25,27,19,23,6,17,9,20,14,21,3,18,26,13,22,11,12,10/E:(2,3)(5,6)(8,9)(11,12)(13,14)(28,29)/CRV:30.6/rA:30CCCCCCCCCSOONCCCCClCCCOCCCNCCCC/rB:s1;s2;s3;s3;s3;d6;s7;d8;s9;d10;d10;s10;s13;d14;s15;d16;s17;s17;s14d19;s20;d21;s21;d23;s24;d25;s26;s23d27;s9;s6d29;/rC:;;;;;;;;;;;;;;;;;;;;;;;;;;;;;;"""	P51686_WT	ChEMBL:CHEMBL5815;ChEMBL:CHEMBL5815	P51686	WT	CHEMBL3721192;CHEMBL3721193	PATENT:US7420055B2	2008.0	PATENT:US7420055B2	2008	1	0	0	0	0		>	  6.000;  6.000	6.0	0.0	0.0	2.0	6.0	0.0	CCRs_HUMAN_annotated_03970	True
InChI=1S/C23H23ClN2O3S/c1-15-5-6-16(14-25-15)22(27)20-13-18(24)9-12-21(20)26-30(28,29)19-10-7-17(8-11-19)23(2,3)4/h5-14,26H,1-4H3_on_P51686_WT	Low	ChEMBL31	ChEMBL31.compound.1070718	Cc1ccc(C(=O)c2cc(Cl)ccc2NS(=O)(=O)c2ccc(C(C)(C)C)cc2)cn1	USXIOINEWWTDIS-UHFFFAOYSA-N	InChI=1S/C23H23ClN2O3S/c1-15-5-6-16(14-25-15)22(27)20-13-18(24)9-12-21(20)26-30(28,29)19-10-7-17(8-11-19)23(2,3)4/h5-14,26H,1-4H3	"""AuxInfo=1/0/N:1,24,25,26,3,4,21,27,12,20,28,13,9,29,2,5,22,10,19,8,14,6,23,11,30,15,7,17,18,16/E:(2,3,4)(7,8)(10,11)(28,29)/CRV:30.6/rA:30CCCCCCOCCCClCCCNSOOCCCCCCCCCCCN/rB:s1;d2;s3;d4;s5;d6;s6;d8;s9;s10;d10;s12;s8d13;s14;s15;d16;d16;s16;d19;s20;d21;s22;s23;s23;s23;s22;s19d27;s5;s2d29;/rC:;;;;;;;;;;;;;;;;;;;;;;;;;;;;;;"""	P51686_WT	ChEMBL:CHEMBL5815;ChEMBL:CHEMBL5815	P51686	WT	CHEMBL3721193;CHEMBL3721192	PATENT:US7420055B2	2008.0	PATENT:US7420055B2	2008	1	0	0	0	0		>	  6.000;  6.000	6.0	0.0	0.0	2.0	6.0	0.0	CCRs_HUMAN_annotated_03971	True
InChI=1S/C23H23ClN2O3S/c1-15-6-5-7-21(25-15)22(27)19-14-17(24)10-13-20(19)26-30(28,29)18-11-8-16(9-12-18)23(2,3)4/h5-14,26H,1-4H3_on_P51686_WT	Low	ChEMBL31	ChEMBL31.compound.1070727	Cc1nc(C(=O)c2cc(Cl)ccc2NS(=O)(=O)c2ccc(C(C)(C)C)cc2)ccc1	QFFJZCKRJQACRC-UHFFFAOYSA-N	InChI=1S/C23H23ClN2O3S/c1-15-6-5-7-21(25-15)22(27)19-14-17(24)10-13-20(19)26-30(28,29)18-11-8-16(9-12-18)23(2,3)4/h5-14,26H,1-4H3	"""AuxInfo=1/0/N:1,23,24,25,29,30,28,20,26,11,19,27,12,8,2,21,9,18,7,13,4,5,22,10,3,14,6,16,17,15/E:(2,3,4)(8,9)(11,12)(28,29)/CRV:30.6/rA:30CCNCCOCCCClCCCNSOOCCCCCCCCCCCCC/rB:s1;d2;s3;s4;d5;s5;d7;s8;s9;d9;s11;s7d12;s13;s14;d15;d15;s15;d18;s19;d20;s21;s22;s22;s22;s21;s18d26;d4;s28;s2d29;/rC:;;;;;;;;;;;;;;;;;;;;;;;;;;;;;;"""	P51686_WT	ChEMBL:CHEMBL5815;ChEMBL:CHEMBL5815	P51686	WT	CHEMBL3721192;CHEMBL3721193	PATENT:US7420055B2	2008.0	PATENT:US7420055B2	2008	1	0	0	0	0		>	  6.000;  6.000	6.0	0.0	0.0	2.0	6.0	0.0	CCRs_HUMAN_annotated_03972	True
InChI=1S/C23H23ClN2O3S/c1-15-13-16(11-12-25-15)22(27)20-14-18(24)7-10-21(20)26-30(28,29)19-8-5-17(6-9-19)23(2,3)4/h5-14,26H,1-4H3_on_P51686_WT	Low	ChEMBL31	ChEMBL31.compound.1070702	Cc1cc(C(=O)c2cc(Cl)ccc2NS(=O)(=O)c2ccc(C(C)(C)C)cc2)ccn1	XUFOGEWNIZRFHC-UHFFFAOYSA-N	InChI=1S/C23H23ClN2O3S/c1-15-13-16(11-12-25-15)22(27)20-14-18(24)7-10-21(20)26-30(28,29)19-8-5-17(6-9-19)23(2,3)4/h5-14,26H,1-4H3	"""AuxInfo=1/0/N:1,23,24,25,20,26,11,19,27,12,28,29,3,8,2,4,21,9,18,7,13,5,22,10,30,14,6,16,17,15/E:(2,3,4)(5,6)(8,9)(28,29)/CRV:30.6/rA:30CCCCCOCCCClCCCNSOOCCCCCCCCCCCCN/rB:s1;d2;s3;s4;d5;s5;d7;s8;s9;d9;s11;s7d12;s13;s14;d15;d15;s15;d18;s19;d20;s21;s22;s22;s22;s21;s18d26;d4;s28;s2d29;/rC:;;;;;;;;;;;;;;;;;;;;;;;;;;;;;;"""	P51686_WT	ChEMBL:CHEMBL5815;ChEMBL:CHEMBL5815	P51686	WT	CHEMBL3721192;CHEMBL3721193	PATENT:US7420055B2	2008.0	PATENT:US7420055B2	2008	1	0	0	0	0		>	  6.000;  6.000	6.0	0.0	0.0	2.0	6.0	0.0	CCRs_HUMAN_annotated_03973	True
InChI=1S/C23H23ClN2O3S/c1-15-19(6-5-13-25-15)22(27)20-14-17(24)9-12-21(20)26-30(28,29)18-10-7-16(8-11-18)23(2,3)4/h5-14,26H,1-4H3_on_P51686_WT	Low	ChEMBL31	ChEMBL31.compound.1070720	Cc1ncccc1C(=O)c1cc(Cl)ccc1NS(=O)(=O)c1ccc(C(C)(C)C)cc1	UUOXOSKCMUHWLD-UHFFFAOYSA-N	InChI=1S/C23H23ClN2O3S/c1-15-19(6-5-13-25-15)22(27)20-14-17(24)9-12-21(20)26-30(28,29)18-10-7-16(8-11-18)23(2,3)4/h5-14,26H,1-4H3	"""AuxInfo=1/0/N:1,26,27,28,5,6,23,29,14,22,30,15,4,11,2,24,12,21,7,10,16,8,25,13,3,17,9,19,20,18/E:(2,3,4)(7,8)(10,11)(28,29)/CRV:30.6/rA:30CCNCCCCCOCCCClCCCNSOOCCCCCCCCCC/rB:s1;d2;s3;d4;s5;s2d6;s7;d8;s8;d10;s11;s12;d12;s14;s10d15;s16;s17;d18;d18;s18;d21;s22;d23;s24;s25;s25;s25;s24;s21d29;/rC:;;;;;;;;;;;;;;;;;;;;;;;;;;;;;;"""	P51686_WT	ChEMBL:CHEMBL5815;ChEMBL:CHEMBL5815	P51686	WT	CHEMBL3721192;CHEMBL3721193	PATENT:US7420055B2	2008.0	PATENT:US7420055B2	2008	1	0	0	0	0		>	  6.000;  6.000	6.0	0.0	0.0	2.0	6.0	0.0	CCRs_HUMAN_annotated_03974	True
InChI=1S/C23H23ClN2O3S2/c1-23(2,3)16-5-8-18(9-6-16)31(28,29)26-20-10-7-17(24)14-19(20)22(27)15-11-12-25-21(13-15)30-4/h5-14,26H,1-4H3_on_P51686_WT	High	ChEMBL31	ChEMBL31.compound.285498	CSc1cc(C(=O)c2cc(Cl)ccc2NS(=O)(=O)c2ccc(C(C)(C)C)cc2)ccn1	HXHMYYGSMXXGJS-UHFFFAOYSA-N	InChI=1S/C23H23ClN2O3S2/c1-23(2,3)16-5-8-18(9-6-16)31(28,29)26-20-10-7-17(24)14-19(20)22(27)15-11-12-25-21(13-15)30-4/h5-14,26H,1-4H3	"""AuxInfo=1/0/N:24,25,26,1,21,27,12,20,28,13,29,30,4,9,5,22,10,19,8,14,3,6,23,11,31,15,7,17,18,2,16/E:(1,2,3)(5,6)(8,9)(28,29)/CRV:31.6/rA:31CSCCCCOCCCClCCCNSOOCCCCCCCCCCCCN/rB:s1;s2;d3;s4;s5;d6;s6;d8;s9;s10;d10;s12;s8d13;s14;s15;d16;d16;s16;d19;s20;d21;s22;s23;s23;s23;s22;s19d27;d5;s29;s3d30;/rC:;;;;;;;;;;;;;;;;;;;;;;;;;;;;;;;"""	P51686_WT	ChEMBL:CHEMBL5815;ChEMBL:CHEMBL5815	P51686	WT	CHEMBL3721199;CHEMBL3721196	PATENT:US7420055B2	2008.0	PATENT:US7582661B2	2009	1	0	0	0	0		=	  7.000;  7.000	7.0	0.0	0.0	2.0	7.0	0.0	CCRs_HUMAN_annotated_03975	True
InChI=1S/C23H23ClN2O3S2/c1-23(2,3)16-6-9-18(10-7-16)31(28,29)26-20-11-8-17(24)13-19(20)22(27)15-5-12-21(30-4)25-14-15/h5-14,26H,1-4H3_on_P51686_WT	Low	ChEMBL31	ChEMBL31.compound.1070708	CSc1ncc(C(=O)c2cc(Cl)ccc2NS(=O)(=O)c2ccc(C(C)(C)C)cc2)cc1	OPIWOFMKUXUEKS-UHFFFAOYSA-N	InChI=1S/C23H23ClN2O3S2/c1-23(2,3)16-6-9-18(10-7-16)31(28,29)26-20-11-8-17(24)13-19(20)22(27)15-5-12-21(30-4)25-14-15/h5-14,26H,1-4H3	"""AuxInfo=1/0/N:25,26,27,1,30,22,28,13,21,29,14,31,10,5,6,23,11,20,9,15,3,7,24,12,4,16,8,18,19,2,17/E:(1,2,3)(6,7)(9,10)(28,29)/CRV:31.6/rA:31CSCNCCCOCCCClCCCNSOOCCCCCCCCCCCC/rB:s1;s2;d3;s4;d5;s6;d7;s7;d9;s10;s11;d11;s13;s9d14;s15;s16;d17;d17;s17;d20;s21;d22;s23;s24;s24;s24;s23;s20d28;s6;s3d30;/rC:;;;;;;;;;;;;;;;;;;;;;;;;;;;;;;;"""	P51686_WT	ChEMBL:CHEMBL5815;ChEMBL:CHEMBL5815	P51686	WT	CHEMBL3721193;CHEMBL3721192	PATENT:US7420055B2	2008.0	PATENT:US7420055B2	2008	1	0	0	0	0		>	  6.000;  6.000	6.0	0.0	0.0	2.0	6.0	0.0	CCRs_HUMAN_annotated_03976	True
InChI=1S/C23H23ClN2O4S/c1-15-5-6-16(14-26(15)28)22(27)20-13-18(24)9-12-21(20)25-31(29,30)19-10-7-17(8-11-19)23(2,3)4/h5-14,25H,1-4H3_on_P51686_WT	Low	ChEMBL31	ChEMBL31.compound.1070719	Cc1[n+]([O-])cc(C(=O)c2cc(Cl)ccc2NS(=O)(=O)c2ccc(C(C)(C)C)cc2)cc1	JNXONJSMGZULEQ-UHFFFAOYSA-N	InChI=1S/C23H23ClN2O4S/c1-15-5-6-16(14-26(15)28)22(27)20-13-18(24)9-12-21(20)25-31(29,30)19-10-7-17(8-11-19)23(2,3)4/h5-14,25H,1-4H3	"""AuxInfo=1/0/N:1,25,26,27,31,30,22,28,13,21,29,14,10,5,2,6,23,11,20,9,15,7,24,12,16,3,8,4,18,19,17/E:(2,3,4)(7,8)(10,11)(29,30)/CRV:26.5,31.6/rA:31CCN+O-CCCOCCCClCCCNSOOCCCCCCCCCCCC/rB:s1;d2;s3;s3;d5;s6;d7;s7;d9;s10;s11;d11;s13;s9d14;s15;s16;d17;d17;s17;d20;s21;d22;s23;s24;s24;s24;s23;s20d28;s6;s2d30;/rC:;;;;;;;;;;;;;;;;;;;;;;;;;;;;;;;"""	P51686_WT	ChEMBL:CHEMBL5815;ChEMBL:CHEMBL5815	P51686	WT	CHEMBL3721192;CHEMBL3721193	PATENT:US7420055B2	2008.0	PATENT:US7420055B2	2008	1	0	0	0	0		>	  6.000;  6.000	6.0	0.0	0.0	2.0	6.0	0.0	CCRs_HUMAN_annotated_03977	True
InChI=1S/C23H23ClN2O4S/c1-15-13-16(11-12-26(15)28)22(27)20-14-18(24)7-10-21(20)25-31(29,30)19-8-5-17(6-9-19)23(2,3)4/h5-14,25H,1-4H3_on_P51686_WT	Low	ChEMBL31	ChEMBL31.compound.1070717	Cc1[n+]([O-])ccc(C(=O)c2cc(Cl)ccc2NS(=O)(=O)c2ccc(C(C)(C)C)cc2)c1	ZTNLUDSKAPDYEE-UHFFFAOYSA-N	InChI=1S/C23H23ClN2O4S/c1-15-13-16(11-12-26(15)28)22(27)20-14-18(24)7-10-21(20)25-31(29,30)19-8-5-17(6-9-19)23(2,3)4/h5-14,25H,1-4H3	"""AuxInfo=1/0/N:1,26,27,28,23,29,14,22,30,15,6,5,31,11,2,7,24,12,21,10,16,8,25,13,17,3,9,4,19,20,18/E:(2,3,4)(5,6)(8,9)(29,30)/CRV:26.5,31.6/rA:31CCN+O-CCCCOCCCClCCCNSOOCCCCCCCCCCC/rB:s1;d2;s3;s3;d5;s6;s7;d8;s8;d10;s11;s12;d12;s14;s10d15;s16;s17;d18;d18;s18;d21;s22;d23;s24;s25;s25;s25;s24;s21d29;s2d7;/rC:;;;;;;;;;;;;;;;;;;;;;;;;;;;;;;;"""	P51686_WT	ChEMBL:CHEMBL5815;ChEMBL:CHEMBL5815	P51686	WT	CHEMBL3721192;CHEMBL3721193	PATENT:US7420055B2	2008.0	PATENT:US7420055B2	2008	1	0	0	0	0		>	  6.000;  6.000	6.0	0.0	0.0	2.0	6.0	0.0	CCRs_HUMAN_annotated_03978	True
InChI=1S/C23H23ClN2O4S/c1-15-19(6-5-13-26(15)28)22(27)20-14-17(24)9-12-21(20)25-31(29,30)18-10-7-16(8-11-18)23(2,3)4/h5-14,25H,1-4H3_on_P51686_WT	Low	ChEMBL31	ChEMBL31.compound.1070704	Cc1c(C(=O)c2cc(Cl)ccc2NS(=O)(=O)c2ccc(C(C)(C)C)cc2)ccc[n+]1[O-]	FAUONTNUWIUZHU-UHFFFAOYSA-N	InChI=1S/C23H23ClN2O4S/c1-15-19(6-5-13-26(15)28)22(27)20-14-17(24)9-12-21(20)25-31(29,30)18-10-7-16(8-11-18)23(2,3)4/h5-14,25H,1-4H3	"""AuxInfo=1/0/N:1,22,23,24,28,27,19,25,10,18,26,11,29,7,2,20,8,17,3,6,12,4,21,9,13,30,5,31,15,16,14/E:(2,3,4)(7,8)(10,11)(29,30)/CRV:26.5,31.6/rA:31CCCCOCCCClCCCNSOOCCCCCCCCCCCCCN+O-/rB:s1;d2;s3;d4;s4;d6;s7;s8;d8;s10;s6d11;s12;s13;d14;d14;s14;d17;s18;d19;s20;s21;s21;s21;s20;s17d25;s3;d27;s28;s2d29;s30;/rC:;;;;;;;;;;;;;;;;;;;;;;;;;;;;;;;"""	P51686_WT	ChEMBL:CHEMBL5815;ChEMBL:CHEMBL5815	P51686	WT	CHEMBL3721193;CHEMBL3721192	PATENT:US7420055B2	2008.0	PATENT:US7420055B2	2008	1	0	0	0	0		>	  6.000;  6.000	6.0	0.0	0.0	2.0	6.0	0.0	CCRs_HUMAN_annotated_03979	True
InChI=1S/C23H23ClN2O4S/c1-23(2,3)16-5-7-17(8-6-16)31(28,29)26-19-10-9-18(24)22(30-4)20(19)21(27)15-11-13-25-14-12-15/h5-14,26H,1-4H3_on_P51686_WT	High	ChEMBL31	ChEMBL31.compound.285489	COc1c(Cl)ccc(NS(=O)(=O)c2ccc(C(C)(C)C)cc2)c1C(=O)c1ccncc1	ALDQWYQFYBPDLD-UHFFFAOYSA-N	InChI=1S/C23H23ClN2O4S/c1-23(2,3)16-5-7-17(8-6-16)31(28,29)26-19-10-9-18(24)22(30-4)20(19)21(27)15-11-13-25-14-12-15/h5-14,26H,1-4H3	"""AuxInfo=1/0/N:18,19,20,1,15,21,14,22,6,7,27,31,28,30,26,16,13,4,8,23,24,3,17,5,29,9,25,11,12,2,10/E:(1,2,3)(5,6)(7,8)(11,12)(13,14)(28,29)/CRV:31.6/rA:31COCCClCCCNSOOCCCCCCCCCCCCOCCCNCC/rB:s1;s2;d3;s4;s4;d6;s7;s8;s9;d10;d10;s10;d13;s14;d15;s16;s17;s17;s17;s16;s13d21;s3d8;s23;d24;s24;d26;s27;d28;s29;s26d30;/rC:;;;;;;;;;;;;;;;;;;;;;;;;;;;;;;;"""	P51686_WT	ChEMBL:CHEMBL5815;ChEMBL:CHEMBL5815	P51686	WT	CHEMBL3721199;CHEMBL3721196	PATENT:US7420055B2	2008.0	PATENT:US7582661B2	2009	1	0	0	0	0		=	  7.000;  7.000	7.0	0.0	0.0	2.0	7.0	0.0	CCRs_HUMAN_annotated_03980	True
InChI=1S/C23H23ClN2O4S/c1-23(2,3)16-5-8-18(9-6-16)31(28,29)26-20-10-7-17(24)14-19(20)22(27)15-11-12-25-21(13-15)30-4/h5-14,26H,1-4H3_on_P51686_WT	High	ChEMBL31	ChEMBL31.compound.285497	COc1nccc(C(=O)c2cc(Cl)ccc2NS(=O)(=O)c2ccc(C(C)(C)C)cc2)c1	NSFGMWRZTFNTHF-UHFFFAOYSA-N	InChI=1S/C23H23ClN2O4S/c1-23(2,3)16-5-8-18(9-6-16)31(28,29)26-20-10-7-17(24)14-19(20)22(27)15-11-12-25-21(13-15)30-4/h5-14,26H,1-4H3	"""AuxInfo=1/0/N:26,27,28,1,23,29,14,22,30,15,6,5,31,11,7,24,12,21,10,16,3,8,25,13,4,17,9,19,20,2,18/E:(1,2,3)(5,6)(8,9)(28,29)/CRV:31.6/rA:31COCNCCCCOCCCClCCCNSOOCCCCCCCCCCC/rB:s1;s2;d3;s4;d5;s6;s7;d8;s8;d10;s11;s12;d12;s14;s10d15;s16;s17;d18;d18;s18;d21;s22;d23;s24;s25;s25;s25;s24;s21d29;s3d7;/rC:;;;;;;;;;;;;;;;;;;;;;;;;;;;;;;;"""	P51686_WT	ChEMBL:CHEMBL5815;ChEMBL:CHEMBL5815	P51686	WT	CHEMBL3721196;CHEMBL3721199	PATENT:US7420055B2	2008.0	PATENT:US7582661B2	2009	1	0	0	0	0		=	  7.000;  7.000	7.0	0.0	0.0	2.0	7.0	0.0	CCRs_HUMAN_annotated_03981	True
InChI=1S/C23H23ClN2O5S2/c1-23(2,3)16-5-8-18(9-6-16)33(30,31)26-20-10-7-17(24)14-19(20)22(27)15-11-12-25-21(13-15)32(4,28)29/h5-14,26H,1-4H3_on_P51686_WT	Low	ChEMBL31	ChEMBL31.compound.1070710	CC(C)(C)c1ccc(S(=O)(=O)Nc2ccc(Cl)cc2C(=O)c2cc(S(C)(=O)=O)ncc2)cc1	SFEITTVAHPCONL-UHFFFAOYSA-N	InChI=1S/C23H23ClN2O5S2/c1-23(2,3)16-5-8-18(9-6-16)33(30,31)26-20-10-7-17(24)14-19(20)22(27)15-11-12-25-21(13-15)32(4,28)29/h5-14,26H,1-4H3	"""AuxInfo=1/0/N:1,3,4,26,6,33,15,7,32,14,31,30,23,18,22,5,16,8,19,13,24,20,2,17,29,12,21,27,28,10,11,25,9/E:(1,2,3)(5,6)(8,9)(28,29)(30,31)/CRV:32.6,33.6/rA:33CCCCCCCCSOONCCCCClCCCOCCCSCOONCCCC/rB:s1;s2;s2;s2;d5;s6;d7;s8;d9;d9;s9;s12;d13;s14;d15;s16;s16;s13d18;s19;d20;s20;d22;s23;s24;s25;d25;d25;d24;s29;s22d30;s8;s5d32;/rC:;;;;;;;;;;;;;;;;;;;;;;;;;;;;;;;;;"""	P51686_WT	ChEMBL:CHEMBL5815;ChEMBL:CHEMBL5815	P51686	WT	CHEMBL3721192;CHEMBL3721193	PATENT:US7420055B2	2008.0	PATENT:US7420055B2	2008	1	0	0	0	0		>	  6.000;  6.000	6.0	0.0	0.0	2.0	6.0	0.0	CCRs_HUMAN_annotated_03982	True
InChI=1S/C23H23ClN2O5S2/c1-23(2,3)16-6-9-18(10-7-16)33(30,31)26-20-11-8-17(24)13-19(20)22(27)15-5-12-21(25-14-15)32(4,28)29/h5-14,26H,1-4H3_on_P51686_WT	High	ChEMBL31	ChEMBL31.compound.285493	CC(C)(C)c1ccc(S(=O)(=O)Nc2ccc(Cl)cc2C(=O)c2cnc(S(C)(=O)=O)cc2)cc1	PLPNMCHGFSQPKI-UHFFFAOYSA-N	InChI=1S/C23H23ClN2O5S2/c1-23(2,3)16-6-9-18(10-7-16)33(30,31)26-20-11-8-17(24)13-19(20)22(27)15-5-12-21(25-14-15)32(4,28)29/h5-14,26H,1-4H3	"""AuxInfo=1/0/N:1,3,4,27,31,6,33,15,7,32,14,30,18,23,22,5,16,8,19,13,25,20,2,17,24,12,21,28,29,10,11,26,9/E:(1,2,3)(6,7)(9,10)(28,29)(30,31)/CRV:32.6,33.6/rA:33CCCCCCCCSOONCCCCClCCCOCCNCSCOOCCCC/rB:s1;s2;s2;s2;d5;s6;d7;s8;d9;d9;s9;s12;d13;s14;d15;s16;s16;s13d18;s19;d20;s20;d22;s23;d24;s25;s26;d26;d26;s25;s22d30;s8;s5d32;/rC:;;;;;;;;;;;;;;;;;;;;;;;;;;;;;;;;;"""	P51686_WT	ChEMBL:CHEMBL5815;ChEMBL:CHEMBL5815	P51686	WT	CHEMBL3721196;CHEMBL3721199	PATENT:US7420055B2	2008.0	PATENT:US7582661B2	2009	1	0	0	0	0		=	  7.000;  7.000	7.0	0.0	0.0	2.0	7.0	0.0	CCRs_HUMAN_annotated_03983	True
InChI=1S/C23H23ClN4O4S2/c1-14(29)18-7-4-8-19-22(18)23(27-34(31,32)21-10-9-20(24)33-21)26-28(19)13-17-6-3-5-16(11-17)12-25-15(2)30/h3-11,14,29H,12-13H2,1-2H3,(H,25,30)(H,26,27)_on_P51679_WT	High	ExCAPE-DB;ChEMBL31;ChEMBL31	59455975;ChEMBL31.compound.203158;ChEMBL31.compound.203158	CC(=O)NCc1cc(Cn2nc(NS(=O)(=O)c3ccc(Cl)s3)c3c(C(C)O)cccc32)ccc1	MIRKJXGSFQXYOJ-UHFFFAOYSA-N	InChI=1S/C23H23ClN4O4S2/c1-14(29)18-7-4-8-19-22(18)23(27-34(31,32)21-10-9-20(24)33-21)26-28(19)13-17-6-3-5-16(11-17)12-25-15(2)30/h3-11,14,29H,12-13H2,1-2H3,(H,25,30)(H,26,27)	"""AuxInfo=1/1/N:26,1,33,29,34,32,28,30,19,18,7,5,9,25,2,6,8,24,31,20,17,23,12,21,4,11,13,10,27,3,15,16,22,14/E:(31,32)/CRV:34.6/rA:34CCONCCCCCNNCNSOOCCCCClSCCCCOCCCCCCC/rB:s1;d2;s2;s4;s5;d6;s7;s8;s9;s10;d11;s12;s13;d14;d14;s14;d17;s18;d19;s20;s17s20;s12;d23;s24;s25;s25;s24;d28;s29;s10s23d30;d8;s32;s6d33;/rC:;;;;;;;;;;;;;;;;;;;;;;;;;;;;;;;;;;"""	P51679_WT	EntrezID:1233;ChEMBL:CHEMBL2414;ChEMBL:CHEMBL2414	P51679	WT	PubChemAID:728788;CHEMBL2330053;CHEMBL2330056	PMID:23409871	2013.0	PubChemAID:728788;PMID:23409871;PMID:23409871	2013	0;0;1	0	0;1;0	0	1;0;0		=	  7.700;  6.300;  7.700	7.233	0.66	0.467	3.0	7.7	0.0	CCRs_HUMAN_annotated_03984	True
InChI=1S/C23H23ClN4O4S2/c1-15(29)27(2)13-16-6-4-7-17(12-16)14-28-18-8-5-9-19(32-3)22(18)23(25-28)26-34(30,31)21-11-10-20(24)33-21/h4-12H,13-14H2,1-3H3,(H,25,26)_on_P51679_WT	High	ExCAPE-DB;ChEMBL31	70685474;ChEMBL31.compound.178515	COc1c2c(NS(=O)(=O)c3ccc(Cl)s3)nn(Cc3cccc(CN(C)C(C)=O)c3)c2ccc1	VCQBYDICCOARIN-UHFFFAOYSA-N	InChI=1S/C23H23ClN4O4S2/c1-15(29)27(2)13-16-6-4-7-17(12-16)14-28-18-8-5-9-19(32-3)22(18)23(25-28)26-34(30,31)21-11-10-20(24)33-21/h4-12H,13-14H2,1-3H3,(H,25,26)	"""AuxInfo=1/1/N:28,26,1,21,33,22,20,32,34,12,11,30,24,18,27,23,19,31,3,13,10,4,5,14,16,6,25,17,29,8,9,2,15,7/E:(30,31)/CRV:34.6/rA:34COCCCNSOOCCCCClSNNCCCCCCCNCCCOCCCCC/rB:s1;s2;d3;s4;s5;s6;d7;d7;s7;d10;s11;d12;s13;s10s13;d5;s16;s17;s18;d19;s20;d21;s22;s23;s24;s25;s25;s27;d27;s19d23;s4s17;d31;s32;s3d33;/rC:;;;;;;;;;;;;;;;;;;;;;;;;;;;;;;;;;;"""	P51679_WT	EntrezID:1233;ChEMBL:CHEMBL2414	P51679	WT	PubChemAID:655597;CHEMBL2019170	PMID:22437117	2012.0	PubChemAID:655597;PMID:22437117	2013;2012	0;1	0	0	0	1;0		=	  6.890;  6.890	6.89	0.0	0.0	2.0	6.89	0.0	CCRs_HUMAN_annotated_03985	True
InChI=1S/C23H23ClN4O4S2/c1-31-19-7-3-6-18-22(19)23(27-34(29,30)21-9-8-20(24)33-21)26-28(18)12-16-5-2-4-15(10-16)11-25-17-13-32-14-17/h2-10,17,25H,11-14H2,1H3,(H,26,27)_on_P51679_WT	High	ChEMBL31	ChEMBL31.compound.203170	COc1c2c(NS(=O)(=O)c3ccc(Cl)s3)nn(Cc3cccc(CNC4COC4)c3)c2ccc1	PJXQVBYWJSJHRY-UHFFFAOYSA-N	InChI=1S/C23H23ClN4O4S2/c1-31-19-7-3-6-18-22(19)23(27-34(29,30)21-9-8-20(24)33-21)26-28(18)12-16-5-2-4-15(10-16)11-25-17-13-32-14-17/h2-10,17,25H,11-14H2,1H3,(H,26,27)	"""AuxInfo=1/1/N:1,21,33,22,20,32,34,12,11,30,24,18,27,29,23,19,26,31,3,13,10,4,5,14,25,16,6,17,8,9,2,28,15,7/E:(13,14)(29,30)/CRV:34.6/rA:34COCCCNSOOCCCCClSNNCCCCCCCNCCOCCCCCC/rB:s1;s2;d3;s4;s5;s6;d7;d7;s7;d10;s11;d12;s13;s10s13;d5;s16;s17;s18;d19;s20;d21;s22;s23;s24;s25;s26;s27;s26s28;s19d23;s4s17;d31;s32;s3d33;/rC:;;;;;;;;;;;;;;;;;;;;;;;;;;;;;;;;;;"""	P51679_WT	ChEMBL:CHEMBL2414	P51679	WT	CHEMBL2330056	PMID:23409871	2013.0	PMID:23409871	2013	1	0	0	0	0		=	  6.600	6.6	0.0	0.0	1.0	6.6	0.0	CCRs_HUMAN_annotated_03986	True
InChI=1S/C23H23ClN4O5S2/c1-14(29)23(30)25-12-15-5-3-6-16(11-15)13-28-17-7-4-8-18(33-2)21(17)22(26-28)27-35(31,32)20-10-9-19(24)34-20/h3-11,14,29H,12-13H2,1-2H3,(H,25,30)(H,26,27)_on_P51679_WT	High	ChEMBL31	ChEMBL31.compound.178517	COc1cccc2c1c(NS(=O)(=O)c1ccc(Cl)s1)nn2Cc1cccc(CNC(=O)C(C)O)c1	QJSXGCHBKRJQEV-UHFFFAOYSA-N	InChI=1S/C23H23ClN4O5S2/c1-14(29)23(30)25-12-15-5-3-6-16(11-15)13-28-17-7-4-8-18(33-2)21(17)22(26-28)27-35(31,32)20-10-9-19(24)34-20/h3-11,14,29H,12-13H2,1-2H3,(H,25,30)(H,26,27)	"""AuxInfo=1/1/N:33,1,25,5,26,24,6,4,16,15,35,28,22,32,27,23,7,3,17,14,8,9,30,18,29,20,10,21,34,31,12,13,2,19,11/E:(31,32)/CRV:35.6/rA:35COCCCCCCCNSOOCCCCClSNNCCCCCCCNCOCCOC/rB:s1;s2;d3;s4;d5;s6;s3d7;s8;s9;s10;d11;d11;s11;d14;s15;d16;s17;s14s17;d9;s7s20;s21;s22;d23;s24;d25;s26;s27;s28;s29;d30;s30;s32;s32;s23d27;/rC:;;;;;;;;;;;;;;;;;;;;;;;;;;;;;;;;;;;"""	P51679_WT	ChEMBL:CHEMBL2414;ChEMBL:CHEMBL2414;ChEMBL:CHEMBL2414	P51679	WT	CHEMBL2019171;CHEMBL2019173;CHEMBL2019170	PMID:22437117	2012.0	PMID:22437117	2012	0;0;1	0	0;1;0	1;0;0	0		=	  8.100;  6.200;  7.900	7.4	0.852	0.603	3.0	7.9	0.2	CCRs_HUMAN_annotated_03987	True
InChI=1S/C23H23ClN4O5S2/c1-14(29)23(30)25-12-15-5-3-6-16(11-15)13-28-17-7-4-8-18(33-2)21(17)22(26-28)27-35(31,32)20-10-9-19(24)34-20/h3-11,23,25,30H,12-13H2,1-2H3,(H,26,27)_on_P51679_WT	High	ExCAPE-DB	59456067	COc1c2c(NS(=O)(=O)c3ccc(Cl)s3)nn(Cc3cccc(CNC(O)C(C)=O)c3)c2ccc1	UKADEHODMNUNQD-UHFFFAOYSA-N	InChI=1S/C23H23ClN4O5S2/c1-14(29)23(30)25-12-15-5-3-6-16(11-15)13-28-17-7-4-8-18(33-2)21(17)22(26-28)27-35(31,32)20-10-9-19(24)34-20/h3-11,23,25,30H,12-13H2,1-2H3,(H,26,27)	"""AuxInfo=1/1/N:29,1,21,34,22,20,33,35,12,11,31,24,18,28,23,19,32,3,13,10,4,5,26,14,25,16,6,17,30,27,8,9,2,15,7/E:(31,32)/CRV:35.6/rA:35COCCCNSOOCCCCClSNNCCCCCCCNCOCCOCCCCC/rB:s1;s2;d3;s4;s5;s6;d7;d7;s7;d10;s11;d12;s13;s10s13;d5;s16;s17;s18;d19;s20;d21;s22;s23;s24;s25;s26;s26;s28;d28;s19d23;s4s17;d32;s33;s3d34;/rC:;;;;;;;;;;;;;;;;;;;;;;;;;;;;;;;;;;;"""	P51679_WT	EntrezID:1233	P51679	WT	PubChemAID:655598	PubChemAID:655598	2013.0	PubChemAID:655598	2013	0	0	0	0	1		=	  8.100	8.1	0.0	0.0	1.0	8.1	0.0	CCRs_HUMAN_annotated_03988	True
InChI=1S/C23H24F3N5O3S/c24-23(25,26)16-7-12-31(13-8-16)22(32)20(9-14-30-11-2-3-17(30)15-27)29-35(33,34)21-5-1-4-19-18(21)6-10-28-19/h1-6,10-11,16,20,28-29H,7-9,12-14H2_on_P46092_WT	High	ChEMBL31	ChEMBL31.compound.307679	N#Cc1cccn1CCC(NS(=O)(=O)c1cccc2c1cc[nH]2)C(=O)N1CCC(C(F)(F)F)CC1	UMWPXFOMXPTAOX-UHFFFAOYSA-N	InChI=1S/C23H24F3N5O3S/c24-23(25,26)16-7-12-31(13-8-16)22(32)20(9-14-30-11-2-3-17(30)15-27)29-35(33,34)21-5-1-4-19-18(21)6-10-28-19/h1-6,10-11,16,20,28-29H,7-9,12-14H2	"""AuxInfo=1/0/N:17,5,4,18,16,21,28,34,9,22,6,27,35,8,2,29,3,20,19,10,15,24,30,31,32,33,1,23,11,7,26,25,13,14,12/E:(7,8)(12,13)(24,25,26)(33,34)/CRV:35.6/rA:35NCCCCCNCCCNSOOCCCCCCCCNCONCCCCFFFCC/rB:t1;s2;d3;s4;d5;s3s6;s7;s8;s9;s10;s11;d12;d12;s12;d15;s16;d17;s18;s15d19;s20;d21;s19s22;s10;d24;s24;s26;s27;s28;s29;s30;s30;s30;s29;s26s34;/rC:;;;;;;;;;;;;;;;;;;;;;;;;;;;;;;;;;;;"""	P46092_WT	ChEMBL:CHEMBL2321628	P46092	WT	CHEMBL3863299	PMID:27692854	2016.0	PMID:27692854	2016	1	0	0	0	0		=	  8.000	8.0	0.0	0.0	1.0	8.0	0.0	CCRs_HUMAN_annotated_04031	True
InChI=1S/C23H24FN3O3S/c24-20-9-8-18-14-17(6-7-19(18)15-20)16-27-12-10-21(11-13-27)25-23(28)26-31(29,30)22-4-2-1-3-5-22/h1-9,14-15,21H,10-13,16H2,(H2,25,26,28)_on_P51677_WT	High	ChEMBL31	ChEMBL31.compound.120717	O=C(NC1CCN(Cc2ccc3cc(F)ccc3c2)CC1)NS(=O)(=O)c1ccccc1	SFPGIRFFPMPQLC-UHFFFAOYSA-N	InChI=1S/C23H24FN3O3S/c24-20-9-8-18-14-17(6-7-19(18)15-20)16-27-12-10-21(11-13-27)25-23(28)26-31(29,30)22-4-2-1-3-5-22/h1-9,14-15,21H,10-13,16H2,(H2,25,26,28)	"""AuxInfo=1/1/N:29,28,30,27,31,10,11,17,16,5,21,6,20,19,13,8,9,18,12,14,4,26,2,15,3,22,7,1,24,25,23/E:(2,3)(4,5)(10,11)(12,13)(29,30)/CRV:31.6/rA:31OCNCCCNCCCCCCCFCCCCCCNSOOCCCCCC/rB:d1;s2;s3;s4;s5;s6;s7;s8;d9;s10;d11;s12;d13;s14;s14;d16;s12s17;s9d18;s7;s4s20;s2;s22;d23;d23;s23;d26;s27;d28;s29;s26d30;/rC:;;;;;;;;;;;;;;;;;;;;;;;;;;;;;;;"""	P51677_WT	ChEMBL:CHEMBL3473	P51677	WT	CHEMBL1055679	PMID:19620010	2009.0	PMID:19620010	2009	1	0	0	0	0		=	  5.700	5.7	0.0	0.0	1.0	5.7	0.0	CCRs_HUMAN_annotated_04034	True
InChI=1S/C23H24N2O3S/c26-23(17-9-3-1-4-10-17)24-21-15-16-22(20-14-8-7-13-19(20)21)29(27,28)25-18-11-5-2-6-12-18/h1,3-4,7-10,13-16,18,25H,2,5-6,11-12H2,(H,24,26)_on_P51685_WT	High	ChEMBL31	ChEMBL31.compound.68494	O=C(Nc1ccc(S(=O)(=O)NC2CCCCC2)c2c1cccc2)c1ccccc1	KLDPHAYIIULOBY-UHFFFAOYSA-N	InChI=1S/C23H24N2O3S/c26-23(17-9-3-1-4-10-17)24-21-15-16-22(20-14-8-7-13-19(20)21)29(27,28)25-18-11-5-2-6-12-18/h1,3-4,7-10,13-16,18,25H,2,5-6,11-12H2,(H,24,26)	"""AuxInfo=1/1/N:27,15,26,28,14,16,21,22,25,29,13,17,20,23,5,6,24,12,19,18,4,7,2,3,11,1,9,10,8/E:(3,4)(5,6)(9,10)(11,12)(27,28)/CRV:29.6/rA:29OCNCCCCSOONCCCCCCCCCCCCCCCCCC/rB:d1;s2;s3;d4;s5;d6;s7;d8;d8;s8;s11;s12;s13;s14;s15;s12s16;s7;s4d18;s19;d20;s21;s18d22;s2;d24;s25;d26;s27;s24d28;/rC:;;;;;;;;;;;;;;;;;;;;;;;;;;;;;"""	P51685_WT	ChEMBL:CHEMBL4596	P51685	WT	CHEMBL855762	PMID:17266208	2007.0	PMID:17266208	2007	0	0	0	1	0		=	  8.360	8.36	0.0	0.0	1.0	8.36	0.0	CCRs_HUMAN_annotated_04042	True
InChI=1S/C23H25ClN2O3S/c1-23(2,3)17-7-10-19(11-8-17)30(27,28)26-21-12-9-18(24)14-20(21)22-16(15-29-4)6-5-13-25-22/h5-14,26H,15H2,1-4H3_on_P51686_WT	High	ChEMBL31	ChEMBL31.compound.268071	COCc1c(-c2cc(Cl)ccc2NS(=O)(=O)c2ccc(C(C)(C)C)cc2)nccc1	GADMAZQDWHQBKB-UHFFFAOYSA-N	InChI=1S/C23H25ClN2O3S/c1-23(2,3)17-7-10-19(11-8-17)30(27,28)26-21-12-9-18(24)14-20(21)22-16(15-29-4)6-5-13-25-22/h5-14,26H,15H2,1-4H3	"""AuxInfo=1/0/N:22,23,24,1,29,30,19,25,10,18,26,11,28,7,3,4,20,8,17,6,12,5,21,9,27,13,15,16,2,14/E:(1,2,3)(7,8)(10,11)(27,28)/CRV:30.6/rA:30COCCCCCCClCCCNSOOCCCCCCCCCCNCCC/rB:s1;s2;s3;d4;s5;d6;s7;s8;d8;s10;s6d11;s12;s13;d14;d14;s14;d17;s18;d19;s20;s21;s21;s21;s20;s17d25;s5;d27;s28;s4d29;/rC:;;;;;;;;;;;;;;;;;;;;;;;;;;;;;;"""	P51686_WT	ChEMBL:CHEMBL5815	P51686	WT	CHEMBL3607106	PMID:26117562	2015.0	PMID:26117562	2015	1	0	0	0	0		=	  5.460	5.46	0.0	0.0	1.0	5.46	0.0	CCRs_HUMAN_annotated_04066	True
InChI=1S/C23H26Cl2FN3O4S/c24-21-6-3-19(15-22(21)25)33-18-9-13-28(14-10-18)17-7-11-29(12-8-17)23(30)27-34(31,32)20-4-1-16(26)2-5-20/h1-6,15,17-18H,7-14H2,(H,27,30)_on_P51677_WT	High	ExCAPE-DB;ChEMBL31	17963208;ChEMBL31.compound.191517	O=C(NS(=O)(=O)c1ccc(F)cc1)N1CCC(N2CCC(Oc3cc(Cl)c(Cl)cc3)CC2)CC1	FGWSLMPEBIIYTF-UHFFFAOYSA-N	InChI=1S/C23H26Cl2FN3O4S/c24-21-6-3-19(15-22(21)25)33-18-9-13-28(14-10-18)17-7-11-29(12-8-17)23(30)27-34(31,32)20-4-1-16(26)2-5-20/h1-6,15,17-18H,7-14H2,(H,27,30)	"""AuxInfo=1/1/N:9,12,30,8,13,29,16,33,20,31,15,34,19,32,24,10,17,21,23,7,27,25,2,28,26,11,3,18,14,1,5,6,22,4/E:(1,2)(4,5)(7,8)(9,10)(11,12)(13,14)(31,32)/CRV:34.6/rA:34OCNSOOCCCCFCCNCCCNCCCOCCCClCClCCCCCC/rB:d1;s2;s3;d4;d4;s4;d7;s8;d9;s10;s10;s7d12;s2;s14;s15;s16;s17;s18;s19;s20;s21;s22;d23;s24;s25;d25;s27;s27;s23d29;s21;s18s31;s17;s14s33;/rC:;;;;;;;;;;;;;;;;;;;;;;;;;;;;;;;;;;"""	P51677_WT	EntrezID:1232;ChEMBL:CHEMBL3473	P51677	WT	PubChemAID:701276;CHEMBL2173970	PMID:23031591	2012.0	PubChemAID:701276;PMID:23031591	2013;2012	0	0	0	0;1	1;0		=	  7.500;  7.500	7.5	0.0	0.0	2.0	7.5	0.0	CCRs_HUMAN_annotated_04132	True
InChI=1S/C23H26Cl3N3O4S/c24-16-1-4-20(5-2-16)34(31,32)27-23(30)29-11-7-17(8-12-29)28-13-9-18(10-14-28)33-19-3-6-21(25)22(26)15-19/h1-6,15,17-18H,7-14H2,(H,27,30)_on_P51677_WT	High	ExCAPE-DB;ChEMBL31	17963363;ChEMBL31.compound.191498	O=C(NS(=O)(=O)c1ccc(Cl)cc1)N1CCC(N2CCC(Oc3cc(Cl)c(Cl)cc3)CC2)CC1	LKFICSFQSQYFJF-UHFFFAOYSA-N	InChI=1S/C23H26Cl3N3O4S/c24-16-1-4-20(5-2-16)34(31,32)27-23(30)29-11-7-17(8-12-29)28-13-9-18(10-14-28)33-19-3-6-21(25)22(26)15-19/h1-6,15,17-18H,7-14H2,(H,27,30)	"""AuxInfo=1/1/N:9,12,30,8,13,29,16,33,20,31,15,34,19,32,24,10,17,21,23,7,27,25,2,11,28,26,3,18,14,1,5,6,22,4/E:(1,2)(4,5)(7,8)(9,10)(11,12)(13,14)(31,32)/CRV:34.6/rA:34OCNSOOCCCCClCCNCCCNCCCOCCCClCClCCCCCC/rB:d1;s2;s3;d4;d4;s4;d7;s8;d9;s10;s10;s7d12;s2;s14;s15;s16;s17;s18;s19;s20;s21;s22;d23;s24;s25;d25;s27;s27;s23d29;s21;s18s31;s17;s14s33;/rC:;;;;;;;;;;;;;;;;;;;;;;;;;;;;;;;;;;"""	P51677_WT	EntrezID:1232;ChEMBL:CHEMBL3473	P51677	WT	PubChemAID:701276;CHEMBL2173970	PMID:23031591	2012.0	PubChemAID:701276;PMID:23031591	2013;2012	0	0	0	0;1	1;0		=	  8.100;  8.100	8.1	0.0	0.0	2.0	8.1	0.0	CCRs_HUMAN_annotated_04135	True
InChI=1S/C23H26Cl3N3O4S/c24-16-2-1-3-20(14-16)34(31,32)27-23(30)29-10-6-17(7-11-29)28-12-8-18(9-13-28)33-19-4-5-21(25)22(26)15-19/h1-5,14-15,17-18H,6-13H2,(H,27,30)_on_P51677_WT	High	ChEMBL31	ChEMBL31.compound.191509	O=C(NS(=O)(=O)c1cc(Cl)ccc1)N1CCC(N2CCC(Oc3ccc(Cl)c(Cl)c3)CC2)CC1	ZFVQRQOPWCBDOI-UHFFFAOYSA-N	InChI=1S/C23H26Cl3N3O4S/c24-16-2-1-3-20(14-16)34(31,32)27-23(30)29-10-6-17(7-11-29)28-12-8-18(9-13-28)33-19-4-5-21(25)22(26)15-19/h1-5,14-15,17-18H,6-13H2,(H,27,30)	"""AuxInfo=1/1/N:12,11,13,24,25,16,33,20,31,15,34,19,32,8,30,9,17,21,23,7,26,28,2,10,27,29,3,18,14,1,5,6,22,4/E:(6,7)(8,9)(10,11)(12,13)(31,32)/CRV:34.6/rA:34OCNSOOCCCClCCCNCCCNCCCOCCCCClCClCCCCC/rB:d1;s2;s3;d4;d4;s4;d7;s8;s9;d9;s11;s7d12;s2;s14;s15;s16;s17;s18;s19;s20;s21;s22;d23;s24;d25;s26;s26;s28;s23d28;s21;s18s31;s17;s14s33;/rC:;;;;;;;;;;;;;;;;;;;;;;;;;;;;;;;;;;"""	P51677_WT	ChEMBL:CHEMBL3473	P51677	WT	CHEMBL2173970	PMID:23031591	2012.0	PMID:23031591	2012	0	0	0	1	0		=	  8.200	8.2	0.0	0.0	1.0	8.2	0.0	CCRs_HUMAN_annotated_04136	True
InChI=1S/C23H26Cl3N3O4S/c24-19-6-5-18(15-21(19)26)33-17-9-13-28(14-10-17)16-7-11-29(12-8-16)23(30)27-34(31,32)22-4-2-1-3-20(22)25/h1-6,15-17H,7-14H2,(H,27,30)_on_P51677_WT	High	ChEMBL31;ExCAPE-DB	ChEMBL31.compound.191513;71457010	O=C(NS(=O)(=O)c1c(Cl)cccc1)N1CCC(N2CCC(Oc3ccc(Cl)c(Cl)c3)CC2)CC1	OSUVEVWOPQLILG-UHFFFAOYSA-N	InChI=1S/C23H26Cl3N3O4S/c24-19-6-5-18(15-21(19)26)33-17-9-13-28(14-10-17)16-7-11-29(12-8-16)23(30)27-34(31,32)22-4-2-1-3-20(22)25/h1-6,15-17H,7-14H2,(H,27,30)	"""AuxInfo=1/1/N:11,12,10,13,24,25,16,33,20,31,15,34,19,32,30,17,21,23,26,8,28,7,2,27,9,29,3,18,14,1,5,6,22,4/E:(7,8)(9,10)(11,12)(13,14)(31,32)/CRV:34.6/rA:34OCNSOOCCClCCCCNCCCNCCCOCCCCClCClCCCCC/rB:d1;s2;s3;d4;d4;s4;d7;s8;s8;d10;s11;s7d12;s2;s14;s15;s16;s17;s18;s19;s20;s21;s22;d23;s24;d25;s26;s26;s28;s23d28;s21;s18s31;s17;s14s33;/rC:;;;;;;;;;;;;;;;;;;;;;;;;;;;;;;;;;;"""	P51677_WT	ChEMBL:CHEMBL3473;EntrezID:1232	P51677	WT	CHEMBL2173970;PubChemAID:701276	PMID:23031591	2012.0	PMID:23031591;PubChemAID:701276	2012;2013	0	0	0	1;0	0;1		=	  8.300;  8.300	8.3	0.0	0.0	2.0	8.3	0.0	CCRs_HUMAN_annotated_04137	True
InChI=1S/C23H27BrN4O5S/c1-16-5-8-18(9-6-16)34(29,30)27-22-23(26-21(24)14-25-22)33-15-17-7-10-19(31-4)20(13-17)32-12-11-28(2)3/h5-10,13-14H,11-12,15H2,1-4H3,(H,25,27)_on_P51679_WT	High	ChEMBL31;ChEMBL31;ExCAPE-DB;ChEMBL31	ChEMBL31.compound.299378;ChEMBL31.compound.299378;9959269;ChEMBL31.compound.299378	COc1ccc(COc2nc(Br)cnc2NS(=O)(=O)c2ccc(C)cc2)cc1OCCN(C)C	RNYPICBYZMHNQT-UHFFFAOYSA-N	InChI=1S/C23H27BrN4O5S/c1-16-5-8-18(9-6-16)34(29,30)27-22-23(26-21(24)14-25-22)33-15-17-7-10-19(31-4)20(13-17)32-12-11-28(2)3/h5-10,13-14H,11-12,15H2,1-4H3,(H,25,27)	"""AuxInfo=1/1/N:24,33,34,1,22,25,5,21,26,4,31,30,27,13,7,23,6,20,3,28,11,15,9,12,14,10,16,32,18,19,2,29,8,17/E:(2,3)(5,6)(8,9)(29,30)/CRV:34.6/rA:34COCCCCCOCNCBrCNCNSOOCCCCCCCCCOCCNCC/rB:s1;s2;d3;s4;d5;s6;s7;s8;d9;s10;s11;d11;s13;s9d14;s15;s16;d17;d17;s17;d20;s21;d22;s23;s23;s20d25;s6;s3d27;s28;s29;s30;s31;s32;s32;/rC:;;;;;;;;;;;;;;;;;;;;;;;;;;;;;;;;;;"""	P51679_WT	ChEMBL:CHEMBL2414;ChEMBL:CHEMBL2414;EntrezID:1233;ChEMBL:CHEMBL2414	P51679	WT	CHEMBL3801461;CHEMBL3801463;PubChemAID:655598;CHEMBL4045586	PMID:22437117	2012.0	PMID:26991939;PMID:26991939;PubChemAID:655598;PMID:28801066	2016;2016;2013;2017	0;0;0;1	0	0;1;0;0	1;0;0;0	0;0;1;0		=	  8.500;  6.600;  8.500;  8.410	8.002	0.811	0.468	4.0	8.455	0.045	CCRs_HUMAN_annotated_04188	True
InChI=1S/C23H27Cl2N3O4S/c24-21-7-6-19(16-22(21)25)32-18-10-14-27(15-11-18)17-8-12-28(13-9-17)23(29)26-33(30,31)20-4-2-1-3-5-20/h1-7,16-18H,8-15H2,(H,26,29)_on_P51677_WT	High	ChEMBL31	ChEMBL31.compound.191499	O=C(NS(=O)(=O)c1ccccc1)N1CCC(N2CCC(Oc3ccc(Cl)c(Cl)c3)CC2)CC1	MFJWXRIWIGLCGD-UHFFFAOYSA-N	InChI=1S/C23H27Cl2N3O4S/c24-21-7-6-19(16-22(21)25)32-18-10-14-27(15-11-18)17-8-12-28(13-9-17)23(29)26-33(30,31)20-4-2-1-3-5-20/h1-7,16-18H,8-15H2,(H,26,29)	"""AuxInfo=1/1/N:10,9,11,8,12,23,24,15,32,19,30,14,33,18,31,29,16,20,22,7,25,27,2,26,28,3,17,13,1,5,6,21,4/E:(2,3)(4,5)(8,9)(10,11)(12,13)(14,15)(30,31)/CRV:33.6/rA:33OCNSOOCCCCCCNCCCNCCCOCCCCClCClCCCCC/rB:d1;s2;s3;d4;d4;s4;d7;s8;d9;s10;s7d11;s2;s13;s14;s15;s16;s17;s18;s19;s20;s21;d22;s23;d24;s25;s25;s27;s22d27;s20;s17s30;s16;s13s32;/rC:;;;;;;;;;;;;;;;;;;;;;;;;;;;;;;;;;"""	P51677_WT	ChEMBL:CHEMBL3473	P51677	WT	CHEMBL2173970	PMID:23031591	2012.0	PMID:23031591	2012	0	0	0	1	0		=	  7.800	7.8	0.0	0.0	1.0	7.8	0.0	CCRs_HUMAN_annotated_04190	True
InChI=1S/C23H27ClN4O3S/c1-15-14-26-21(22(27-15)25-11-12-29)19-13-17(24)7-10-20(19)28-32(30,31)18-8-5-16(6-9-18)23(2,3)4/h5-10,13-14,28-29H,11-12H2,1-4H3,(H,25,27)_on_P51686_WT	High	ChEMBL31	ChEMBL31.compound.268060	Cc1nc(NCCO)c(-c2cc(Cl)ccc2NS(=O)(=O)c2ccc(C(C)(C)C)cc2)nc1	ZWTHIFFJRFHEFL-UHFFFAOYSA-N	InChI=1S/C23H27ClN4O3S/c1-15-14-26-21(22(27-15)25-11-12-29)19-13-17(24)7-10-20(19)28-32(30,31)18-8-5-16(6-9-18)23(2,3)4/h5-10,13-14,28-29H,11-12H2,1-4H3,(H,25,27)	"""AuxInfo=1/1/N:1,26,27,28,23,29,14,22,30,15,6,7,11,32,2,24,12,21,10,16,9,4,25,13,5,31,3,17,8,19,20,18/E:(2,3,4)(5,6)(8,9)(30,31)/CRV:32.6/rA:32CCNCNCCOCCCCClCCCNSOOCCCCCCCCCCNC/rB:s1;d2;s3;s4;s5;s6;s7;d4;s9;d10;s11;s12;d12;s14;s10d15;s16;s17;d18;d18;s18;d21;s22;d23;s24;s25;s25;s25;s24;s21d29;s9;s2d31;/rC:;;;;;;;;;;;;;;;;;;;;;;;;;;;;;;;;"""	P51686_WT	ChEMBL:CHEMBL5815	P51686	WT	CHEMBL3607106	PMID:26117562	2015.0	PMID:26117562	2015	1	0	0	0	0		=	  6.570	6.57	0.0	0.0	1.0	6.57	0.0	CCRs_HUMAN_annotated_04217	True
InChI=1S/C23H27ClN4O3S/c1-23(2,3)16-5-8-18(9-6-16)32(30,31)28-20-10-7-17(24)15-19(20)21-22(26-11-4-14-29)27-13-12-25-21/h5-10,12-13,15,28-29H,4,11,14H2,1-3H3,(H,26,27)_on_P51686_WT	High	ChEMBL31	ChEMBL31.compound.268057	CC(C)(C)c1ccc(S(=O)(=O)Nc2ccc(Cl)cc2-c2c(NCCCO)nccn2)cc1	VZAYCCQSBBRCFW-UHFFFAOYSA-N	InChI=1S/C23H27ClN4O3S/c1-23(2,3)16-5-8-18(9-6-16)32(30,31)28-20-10-7-17(24)15-19(20)21-22(26-11-4-14-29)27-13-12-25-21/h5-10,12-13,15,28-29H,4,11,14H2,1-3H3,(H,26,27)	"""AuxInfo=1/1/N:1,3,4,24,6,32,15,7,31,14,23,29,28,25,18,5,16,8,19,13,20,21,2,17,30,22,27,12,26,10,11,9/E:(1,2,3)(5,6)(8,9)(30,31)/CRV:32.6/rA:32CCCCCCCCSOONCCCCClCCCCNCCCONCCNCC/rB:s1;s2;s2;s2;d5;s6;d7;s8;d9;d9;s9;s12;d13;s14;d15;s16;s16;s13d18;s19;d20;s21;s22;s23;s24;s25;s21;d27;s28;s20d29;s8;s5d31;/rC:;;;;;;;;;;;;;;;;;;;;;;;;;;;;;;;;"""	P51686_WT	ChEMBL:CHEMBL5815	P51686	WT	CHEMBL3607106	PMID:26117562	2015.0	PMID:26117562	2015	1	0	0	0	0		=	  6.210	6.21	0.0	0.0	1.0	6.21	0.0	CCRs_HUMAN_annotated_04218	True
InChI=1S/C23H27N5O3S/c1-17-5-3-13-28(16-17)23(29)21(10-14-27-12-4-6-18(27)15-24)26-32(30,31)22-8-2-7-20-19(22)9-11-25-20/h2,4,6-9,11-12,17,21,25-26H,3,5,10,13-14,16H2,1H3_on_P46092_WT	High	ChEMBL31	ChEMBL31.compound.307682	CC1CCCN(C(=O)C(CCn2cccc2C#N)NS(=O)(=O)c2cccc3c2cc[nH]3)C1	OXINRFPNXQUUAW-UHFFFAOYSA-N	InChI=1S/C23H27N5O3S/c1-17-5-3-13-28(16-17)23(29)21(10-14-27-12-4-6-18(27)15-24)26-32(30,31)22-8-2-7-20-19(22)9-11-25-20/h2,4,6-9,11-12,17,21,25-26H,3,5,10,13-14,16H2,1H3	"""AuxInfo=1/0/N:1,25,4,14,3,15,26,24,29,10,30,13,5,11,17,32,2,16,28,27,9,23,7,18,31,19,12,6,8,21,22,20/E:(30,31)/CRV:32.6/rA:32CCCCCNCOCCCNCCCCCNNSOOCCCCCCCCNC/rB:s1;s2;s3;s4;s5;s6;d7;s7;s9;s10;s11;s12;d13;s14;s12d15;s16;t17;s9;s19;d20;d20;s20;d23;s24;d25;s26;s23d27;s28;d29;s27s30;s2s6;/rC:;;;;;;;;;;;;;;;;;;;;;;;;;;;;;;;;"""	P46092_WT	ChEMBL:CHEMBL2321628	P46092	WT	CHEMBL3863299	PMID:27692854	2016.0	PMID:27692854	2016	1	0	0	0	0		=	  7.200	7.2	0.0	0.0	1.0	7.2	0.0	CCRs_HUMAN_annotated_04271	True
InChI=1S/C23H27N5O3S/c1-17-6-2-3-14-28(17)23(29)21(11-15-27-13-5-7-18(27)16-24)26-32(30,31)22-9-4-8-20-19(22)10-12-25-20/h4-5,7-10,12-13,17,21,25-26H,2-3,6,11,14-15H2,1H3_on_P46092_WT	High	ChEMBL31	ChEMBL31.compound.307681	CC1CCCCN1C(=O)C(CCn1cccc1C#N)NS(=O)(=O)c1cccc2c1cc[nH]2	YGEGQAWTJVHZKJ-UHFFFAOYSA-N	InChI=1S/C23H27N5O3S/c1-17-6-2-3-14-28(17)23(29)21(11-15-27-13-5-7-18(27)16-24)26-32(30,31)22-9-4-8-20-19(22)10-12-25-20/h4-5,7-10,12-13,17,21,25-26H,2-3,6,11,14-15H2,1H3	"""AuxInfo=1/0/N:1,4,5,26,15,3,16,27,25,30,11,31,14,6,12,18,2,17,29,28,10,24,8,19,32,20,13,7,9,22,23,21/E:(30,31)/CRV:32.6/rA:32CCCCCCNCOCCCNCCCCCNNSOOCCCCCCCCN/rB:s1;s2;s3;s4;s5;s2s6;s7;d8;s8;s10;s11;s12;s13;d14;s15;s13d16;s17;t18;s10;s20;d21;d21;s21;d24;s25;d26;s27;s24d28;s29;d30;s28s31;/rC:;;;;;;;;;;;;;;;;;;;;;;;;;;;;;;;;"""	P46092_WT	ChEMBL:CHEMBL2321628	P46092	WT	CHEMBL3863299	PMID:27692854	2016.0	PMID:27692854	2016	1	0	0	0	0		=	  7.700	7.7	0.0	0.0	1.0	7.7	0.0	CCRs_HUMAN_annotated_04272	True
InChI=1S/C23H27N5O3S/c1-17-7-12-28(13-8-17)23(29)21(9-14-27-11-2-3-19(27)16-24)26-32(30,31)20-5-4-18-6-10-25-22(18)15-20/h2-6,10-11,15,17,21,25-26H,7-9,12-14H2,1H3_on_P46092_WT	High	ChEMBL31	ChEMBL31.compound.307669	CC1CCN(C(=O)C(CCn2cccc2C#N)NS(=O)(=O)c2ccc3cc[nH]c3c2)CC1	AFQNQMQRHXUWTJ-UHFFFAOYSA-N	InChI=1S/C23H27N5O3S/c1-17-7-12-28(13-8-17)23(29)21(9-14-27-11-2-3-19(27)16-24)26-32(30,31)20-5-4-18-6-10-25-22(18)15-20/h2-6,10-11,15,17,21,25-26H,7-9,12-14H2,1H3	"""AuxInfo=1/0/N:1,13,14,24,23,26,3,32,9,27,12,4,31,10,30,16,2,25,15,22,8,29,6,17,28,18,11,5,7,20,21,19/E:(7,8)(12,13)(30,31)/CRV:32.6/rA:32CCCCNCOCCCNCCCCCNNSOOCCCCCCNCCCC/rB:s1;s2;s3;s4;s5;d6;s6;s8;s9;s10;s11;d12;s13;s11d14;s15;t16;s8;s18;d19;d19;s19;d22;s23;d24;s25;d26;s27;s25s28;s22d29;s5;s2s31;/rC:;;;;;;;;;;;;;;;;;;;;;;;;;;;;;;;;"""	P46092_WT	ChEMBL:CHEMBL2321628;ChEMBL:CHEMBL2321628	P46092	WT	CHEMBL3863299;CHEMBL3863300	PMID:27692854	2016.0	PMID:27692854	2016	1	0	0	0	0		=	  8.100;  7.800	7.95	0.15	0.15	2.0	7.95	0.15	CCRs_HUMAN_annotated_04273	True
InChI=1S/C23H27N5O3S/c1-17-7-12-28(13-8-17)23(29)22(9-14-27-11-2-3-19(27)16-24)26-32(30,31)20-4-5-21-18(15-20)6-10-25-21/h2-6,10-11,15,17,22,25-26H,7-9,12-14H2,1H3_on_P46092_WT	High	ChEMBL31	ChEMBL31.compound.307667	CC1CCN(C(=O)C(CCn2cccc2C#N)NS(=O)(=O)c2ccc3[nH]ccc3c2)CC1	CGOUBPVACQVQHZ-UHFFFAOYSA-N	InChI=1S/C23H27N5O3S/c1-17-7-12-28(13-8-17)23(29)22(9-14-27-11-2-3-19(27)16-24)26-32(30,31)20-4-5-21-18(15-20)6-10-25-21/h2-6,10-11,15,17,22,25-26H,7-9,12-14H2,1H3	"""AuxInfo=1/0/N:1,13,14,23,24,28,3,32,9,27,12,4,31,10,30,16,2,29,15,22,25,8,6,17,26,18,11,5,7,20,21,19/E:(7,8)(12,13)(30,31)/CRV:32.6/rA:32CCCCNCOCCCNCCCCCNNSOOCCCCNCCCCCC/rB:s1;s2;s3;s4;s5;d6;s6;s8;s9;s10;s11;d12;s13;s11d14;s15;t16;s8;s18;d19;d19;s19;d22;s23;d24;s25;s26;d27;s25s28;s22d29;s5;s2s31;/rC:;;;;;;;;;;;;;;;;;;;;;;;;;;;;;;;;"""	P46092_WT	ChEMBL:CHEMBL2321628;ChEMBL:CHEMBL2321628	P46092	WT	CHEMBL3863300;CHEMBL3863299	PMID:27692854	2016.0	PMID:27692854	2016	1	0	0	0	0		=	  7.900;  6.700	7.3	0.6	0.6	2.0	7.3	0.6	CCRs_HUMAN_annotated_04274	True
InChI=1S/C23H27N5O3S/c1-17-8-13-28(14-9-17)23(29)20(10-15-27-12-3-5-19(27)16-24)26-32(30,31)21-6-2-4-18-7-11-25-22(18)21/h2-7,11-12,17,20,25-26H,8-10,13-15H2,1H3_on_P46092_WT	High	ChEMBL31	ChEMBL31.compound.307668	CC1CCN(C(=O)C(CCn2cccc2C#N)NS(=O)(=O)c2cccc3c2[nH]cc3)CC1	GBVLJBAWHKWOMX-UHFFFAOYSA-N	InChI=1S/C23H27N5O3S/c1-17-8-13-28(14-9-17)23(29)20(10-15-27-12-3-5-19(27)16-24)26-32(30,31)21-6-2-4-18-7-11-25-22(18)21/h2-7,11-12,17,20,25-26H,8-10,13-15H2,1H3	"""AuxInfo=1/0/N:1,24,13,25,14,23,30,3,32,9,29,12,4,31,10,16,2,26,15,8,22,27,6,17,28,18,11,5,7,20,21,19/E:(8,9)(13,14)(30,31)/CRV:32.6/rA:32CCCCNCOCCCNCCCCCNNSOOCCCCCCNCCCC/rB:s1;s2;s3;s4;s5;d6;s6;s8;s9;s10;s11;d12;s13;s11d14;s15;t16;s8;s18;d19;d19;s19;d22;s23;d24;s25;s22d26;s27;s28;s26d29;s5;s2s31;/rC:;;;;;;;;;;;;;;;;;;;;;;;;;;;;;;;;"""	P46092_WT	ChEMBL:CHEMBL2321628	P46092	WT	CHEMBL3863299	PMID:27692854	2016.0	PMID:27692854	2016	1	0	0	0	0		=	  6.600	6.6	0.0	0.0	1.0	6.6	0.0	CCRs_HUMAN_annotated_04275	True
InChI=1S/C23H27N5O3S/c1-17-8-13-28(14-9-17)23(29)21(10-15-27-12-3-4-18(27)16-24)26-32(30,31)22-6-2-5-20-19(22)7-11-25-20/h2-7,11-12,17,21,25-26H,8-10,13-15H2,1H3_on_P25025_WT	Low	ChEMBL31	ChEMBL31.compound.307670	CC1CCN(C(=O)C(CCn2cccc2C#N)NS(=O)(=O)c2cccc3c2cc[nH]3)CC1	BRJXJOWXAFLRTE-UHFFFAOYSA-N	InChI=1S/C23H27N5O3S/c1-17-8-13-28(14-9-17)23(29)21(10-15-27-12-3-4-18(27)16-24)26-32(30,31)22-6-2-5-20-19(22)7-11-25-20/h2-7,11-12,17,21,25-26H,8-10,13-15H2,1H3	"""AuxInfo=1/0/N:1,24,13,14,25,23,28,3,32,9,29,12,4,31,10,16,2,15,27,26,8,22,6,17,30,18,11,5,7,20,21,19/E:(8,9)(13,14)(30,31)/CRV:32.6/rA:32CCCCNCOCCCNCCCCCNNSOOCCCCCCCCNCC/rB:s1;s2;s3;s4;s5;d6;s6;s8;s9;s10;s11;d12;s13;s11d14;s15;t16;s8;s18;d19;d19;s19;d22;s23;d24;s25;s22d26;s27;d28;s26s29;s5;s2s31;/rC:;;;;;;;;;;;;;;;;;;;;;;;;;;;;;;;;"""	P25025_WT	ChEMBL:CHEMBL2434	P25025	WT	CHEMBL3863314	PMID:27692854	2016.0	PMID:27692854	2016	1	0	0	0	0		<	  5.000	5.0	0.0	0.0	1.0	5.0	0.0	CCRs_HUMAN_annotated_04276	True
InChI=1S/C23H27N5O3S/c1-17-8-13-28(14-9-17)23(29)21(10-15-27-12-3-4-18(27)16-24)26-32(30,31)22-6-2-5-20-19(22)7-11-25-20/h2-7,11-12,17,21,25-26H,8-10,13-15H2,1H3_on_P32246_WT	Low	ChEMBL31	ChEMBL31.compound.307670	CC1CCN(C(=O)C(CCn2cccc2C#N)NS(=O)(=O)c2cccc3c2cc[nH]3)CC1	BRJXJOWXAFLRTE-UHFFFAOYSA-N	InChI=1S/C23H27N5O3S/c1-17-8-13-28(14-9-17)23(29)21(10-15-27-12-3-4-18(27)16-24)26-32(30,31)22-6-2-5-20-19(22)7-11-25-20/h2-7,11-12,17,21,25-26H,8-10,13-15H2,1H3	"""AuxInfo=1/0/N:1,24,13,14,25,23,28,3,32,9,29,12,4,31,10,16,2,15,27,26,8,22,6,17,30,18,11,5,7,20,21,19/E:(8,9)(13,14)(30,31)/CRV:32.6/rA:32CCCCNCOCCCNCCCCCNNSOOCCCCCCCCNCC/rB:s1;s2;s3;s4;s5;d6;s6;s8;s9;s10;s11;d12;s13;s11d14;s15;t16;s8;s18;d19;d19;s19;d22;s23;d24;s25;s22d26;s27;d28;s26s29;s5;s2s31;/rC:;;;;;;;;;;;;;;;;;;;;;;;;;;;;;;;;"""	P32246_WT	ChEMBL:CHEMBL2413	P32246	WT	CHEMBL3863310	PMID:27692854	2016.0	PMID:27692854	2016	1	0	0	0	0		<	  5.000	5.0	0.0	0.0	1.0	5.0	0.0	CCRs_HUMAN_annotated_04277	True
InChI=1S/C23H27N5O3S/c1-17-8-13-28(14-9-17)23(29)21(10-15-27-12-3-4-18(27)16-24)26-32(30,31)22-6-2-5-20-19(22)7-11-25-20/h2-7,11-12,17,21,25-26H,8-10,13-15H2,1H3_on_P41597_WT	Low	ChEMBL31	ChEMBL31.compound.307670	CC1CCN(C(=O)C(CCn2cccc2C#N)NS(=O)(=O)c2cccc3c2cc[nH]3)CC1	BRJXJOWXAFLRTE-UHFFFAOYSA-N	InChI=1S/C23H27N5O3S/c1-17-8-13-28(14-9-17)23(29)21(10-15-27-12-3-4-18(27)16-24)26-32(30,31)22-6-2-5-20-19(22)7-11-25-20/h2-7,11-12,17,21,25-26H,8-10,13-15H2,1H3	"""AuxInfo=1/0/N:1,24,13,14,25,23,28,3,32,9,29,12,4,31,10,16,2,15,27,26,8,22,6,17,30,18,11,5,7,20,21,19/E:(8,9)(13,14)(30,31)/CRV:32.6/rA:32CCCCNCOCCCNCCCCCNNSOOCCCCCCCCNCC/rB:s1;s2;s3;s4;s5;d6;s6;s8;s9;s10;s11;d12;s13;s11d14;s15;t16;s8;s18;d19;d19;s19;d22;s23;d24;s25;s22d26;s27;d28;s26s29;s5;s2s31;/rC:;;;;;;;;;;;;;;;;;;;;;;;;;;;;;;;;"""	P41597_WT	ChEMBL:CHEMBL4015	P41597	WT	CHEMBL3863311	PMID:27692854	2016.0	PMID:27692854	2016	1	0	0	0	0		<	  5.000	5.0	0.0	0.0	1.0	5.0	0.0	CCRs_HUMAN_annotated_04278	True
InChI=1S/C23H27N5O3S/c1-17-8-13-28(14-9-17)23(29)21(10-15-27-12-3-4-18(27)16-24)26-32(30,31)22-6-2-5-20-19(22)7-11-25-20/h2-7,11-12,17,21,25-26H,8-10,13-15H2,1H3_on_P46092_WT	High	ChEMBL31	ChEMBL31.compound.307670	CC1CCN(C(=O)C(CCn2cccc2C#N)NS(=O)(=O)c2cccc3c2cc[nH]3)CC1	BRJXJOWXAFLRTE-UHFFFAOYSA-N	InChI=1S/C23H27N5O3S/c1-17-8-13-28(14-9-17)23(29)21(10-15-27-12-3-4-18(27)16-24)26-32(30,31)22-6-2-5-20-19(22)7-11-25-20/h2-7,11-12,17,21,25-26H,8-10,13-15H2,1H3	"""AuxInfo=1/0/N:1,24,13,14,25,23,28,3,32,9,29,12,4,31,10,16,2,15,27,26,8,22,6,17,30,18,11,5,7,20,21,19/E:(8,9)(13,14)(30,31)/CRV:32.6/rA:32CCCCNCOCCCNCCCCCNNSOOCCCCCCCCNCC/rB:s1;s2;s3;s4;s5;d6;s6;s8;s9;s10;s11;d12;s13;s11d14;s15;t16;s8;s18;d19;d19;s19;d22;s23;d24;s25;s22d26;s27;d28;s26s29;s5;s2s31;/rC:;;;;;;;;;;;;;;;;;;;;;;;;;;;;;;;;"""	P46092_WT	ChEMBL:CHEMBL2321628;ChEMBL:CHEMBL2321628;ChEMBL:CHEMBL2321628;ChEMBL:CHEMBL2321628;ChEMBL:CHEMBL2321628;ChEMBL:CHEMBL2321628;ChEMBL:CHEMBL2321628;ChEMBL:CHEMBL2321628;ChEMBL:CHEMBL2321628	P46092	WT	CHEMBL3863302;CHEMBL3863300;CHEMBL3863305;CHEMBL3863309;CHEMBL3863306;CHEMBL3863304;CHEMBL3863299;CHEMBL3863299;CHEMBL3863299	PMID:27692854	2016.0	PMID:27692854	2016	1	0	0	0	0		=	  9.400;  9.000;  9.000;  8.000;  7.600;  8.900;  5.500;  9.000;  8.700	8.344	1.135	0.401	9.0	8.9	0.2	CCRs_HUMAN_annotated_04279	True
InChI=1S/C23H27N5O3S/c1-17-8-13-28(14-9-17)23(29)21(10-15-27-12-3-4-18(27)16-24)26-32(30,31)22-6-2-5-20-19(22)7-11-25-20/h2-7,11-12,17,21,25-26H,8-10,13-15H2,1H3_on_P49682_WT	Low	ChEMBL31	ChEMBL31.compound.307670	CC1CCN(C(=O)C(CCn2cccc2C#N)NS(=O)(=O)c2cccc3c2cc[nH]3)CC1	BRJXJOWXAFLRTE-UHFFFAOYSA-N	InChI=1S/C23H27N5O3S/c1-17-8-13-28(14-9-17)23(29)21(10-15-27-12-3-4-18(27)16-24)26-32(30,31)22-6-2-5-20-19(22)7-11-25-20/h2-7,11-12,17,21,25-26H,8-10,13-15H2,1H3	"""AuxInfo=1/0/N:1,24,13,14,25,23,28,3,32,9,29,12,4,31,10,16,2,15,27,26,8,22,6,17,30,18,11,5,7,20,21,19/E:(8,9)(13,14)(30,31)/CRV:32.6/rA:32CCCCNCOCCCNCCCCCNNSOOCCCCCCCCNCC/rB:s1;s2;s3;s4;s5;d6;s6;s8;s9;s10;s11;d12;s13;s11d14;s15;t16;s8;s18;d19;d19;s19;d22;s23;d24;s25;s22d26;s27;d28;s26s29;s5;s2s31;/rC:;;;;;;;;;;;;;;;;;;;;;;;;;;;;;;;;"""	P49682_WT	ChEMBL:CHEMBL4441	P49682	WT	CHEMBL3863313	PMID:27692854	2016.0	PMID:27692854	2016	1	0	0	0	0		<	  5.000	5.0	0.0	0.0	1.0	5.0	0.0	CCRs_HUMAN_annotated_04280	True
InChI=1S/C23H27N5O3S/c1-17-8-13-28(14-9-17)23(29)21(10-15-27-12-3-4-18(27)16-24)26-32(30,31)22-6-2-5-20-19(22)7-11-25-20/h2-7,11-12,17,21,25-26H,8-10,13-15H2,1H3_on_P51681_WT	Low	ChEMBL31	ChEMBL31.compound.307670	CC1CCN(C(=O)C(CCn2cccc2C#N)NS(=O)(=O)c2cccc3c2cc[nH]3)CC1	BRJXJOWXAFLRTE-UHFFFAOYSA-N	InChI=1S/C23H27N5O3S/c1-17-8-13-28(14-9-17)23(29)21(10-15-27-12-3-4-18(27)16-24)26-32(30,31)22-6-2-5-20-19(22)7-11-25-20/h2-7,11-12,17,21,25-26H,8-10,13-15H2,1H3	"""AuxInfo=1/0/N:1,24,13,14,25,23,28,3,32,9,29,12,4,31,10,16,2,15,27,26,8,22,6,17,30,18,11,5,7,20,21,19/E:(8,9)(13,14)(30,31)/CRV:32.6/rA:32CCCCNCOCCCNCCCCCNNSOOCCCCCCCCNCC/rB:s1;s2;s3;s4;s5;d6;s6;s8;s9;s10;s11;d12;s13;s11d14;s15;t16;s8;s18;d19;d19;s19;d22;s23;d24;s25;s22d26;s27;d28;s26s29;s5;s2s31;/rC:;;;;;;;;;;;;;;;;;;;;;;;;;;;;;;;;"""	P51681_WT	ChEMBL:CHEMBL274	P51681	WT	CHEMBL3863312	PMID:27692854	2016.0	PMID:27692854	2016	1	0	0	0	0		<	  5.000	5.0	0.0	0.0	1.0	5.0	0.0	CCRs_HUMAN_annotated_04281	True
InChI=1S/C23H27N5O3S/c1-17-8-13-28(14-9-17)23(29)21(10-15-27-12-3-4-18(27)16-24)26-32(30,31)22-6-2-5-20-19(22)7-11-25-20/h2-7,11-12,17,21,25-26H,8-10,13-15H2,1H3_on_P51684_WT	Low	ChEMBL31	ChEMBL31.compound.307670	CC1CCN(C(=O)C(CCn2cccc2C#N)NS(=O)(=O)c2cccc3c2cc[nH]3)CC1	BRJXJOWXAFLRTE-UHFFFAOYSA-N	InChI=1S/C23H27N5O3S/c1-17-8-13-28(14-9-17)23(29)21(10-15-27-12-3-4-18(27)16-24)26-32(30,31)22-6-2-5-20-19(22)7-11-25-20/h2-7,11-12,17,21,25-26H,8-10,13-15H2,1H3	"""AuxInfo=1/0/N:1,24,13,14,25,23,28,3,32,9,29,12,4,31,10,16,2,15,27,26,8,22,6,17,30,18,11,5,7,20,21,19/E:(8,9)(13,14)(30,31)/CRV:32.6/rA:32CCCCNCOCCCNCCCCCNNSOOCCCCCCCCNCC/rB:s1;s2;s3;s4;s5;d6;s6;s8;s9;s10;s11;d12;s13;s11d14;s15;t16;s8;s18;d19;d19;s19;d22;s23;d24;s25;s22d26;s27;d28;s26s29;s5;s2s31;/rC:;;;;;;;;;;;;;;;;;;;;;;;;;;;;;;;;"""	P51684_WT	ChEMBL:CHEMBL4423	P51684	WT	CHEMBL3863315	PMID:27692854	2016.0	PMID:27692854	2016	1	0	0	0	0		<	  5.000	5.0	0.0	0.0	1.0	5.0	0.0	CCRs_HUMAN_annotated_04282	True
InChI=1S/C23H27N5O3S/c24-17-18-7-6-15-27(18)16-11-21(23(29)28-13-3-1-2-4-14-28)26-32(30,31)22-9-5-8-20-19(22)10-12-25-20/h5-10,12,15,21,25-26H,1-4,11,13-14,16H2_on_P46092_WT	High	ChEMBL31	ChEMBL31.compound.307683	N#Cc1cccn1CCC(NS(=O)(=O)c1cccc2c1cc[nH]2)C(=O)N1CCCCCC1	FSSYBJXSLVWVER-UHFFFAOYSA-N	InChI=1S/C23H27N5O3S/c24-17-18-7-6-15-27(18)16-11-21(23(29)28-13-3-1-2-4-14-28)26-32(30,31)22-9-5-8-20-19(22)10-12-25-20/h5-10,12,15,21,25-26H,1-4,11,13-14,16H2	"""AuxInfo=1/0/N:29,30,28,31,17,5,4,18,16,21,9,22,27,32,6,8,2,3,20,19,10,15,24,1,23,11,7,26,25,13,14,12/E:(1,2)(3,4)(13,14)(30,31)/CRV:32.6/rA:32NCCCCCNCCCNSOOCCCCCCCCNCONCCCCCC/rB:t1;s2;d3;s4;d5;s3s6;s7;s8;s9;s10;s11;d12;d12;s12;d15;s16;d17;s18;s15d19;s20;d21;s19s22;s10;d24;s24;s26;s27;s28;s29;s30;s26s31;/rC:;;;;;;;;;;;;;;;;;;;;;;;;;;;;;;;;"""	P46092_WT	ChEMBL:CHEMBL2321628	P46092	WT	CHEMBL3863299	PMID:27692854	2016.0	PMID:27692854	2016	1	0	0	0	0		=	  7.600	7.6	0.0	0.0	1.0	7.6	0.0	CCRs_HUMAN_annotated_04283	True
InChI=1S/C23H28ClN5O3S/c1-23(2,3)15-5-8-17(9-6-15)33(31,32)29-19-10-7-16(24)13-18(19)21-22(26-11-12-30)28-20(25-4)14-27-21/h5-10,13-14,29-30H,11-12H2,1-4H3,(H2,25,26,28)_on_P51686_WT	High	ChEMBL31	ChEMBL31.compound.268061	CNc1nc(NCCO)c(-c2cc(Cl)ccc2NS(=O)(=O)c2ccc(C(C)(C)C)cc2)nc1	SMNSGQULQADKFO-UHFFFAOYSA-N	InChI=1S/C23H28ClN5O3S/c1-23(2,3)15-5-8-17(9-6-15)33(31,32)29-19-10-7-16(24)13-18(19)21-22(26-11-12-30)28-20(25-4)14-27-21/h5-10,13-14,29-30H,11-12H2,1-4H3,(H2,25,26,28)	"""AuxInfo=1/1/N:27,28,29,1,24,30,15,23,31,16,7,8,12,33,25,13,22,11,17,3,10,5,26,14,2,6,32,4,18,9,20,21,19/E:(1,2,3)(5,6)(8,9)(31,32)/CRV:33.6/rA:33CNCNCNCCOCCCCClCCCNSOOCCCCCCCCCCNC/rB:s1;s2;d3;s4;s5;s6;s7;s8;d5;s10;d11;s12;s13;d13;s15;s11d16;s17;s18;d19;d19;s19;d22;s23;d24;s25;s26;s26;s26;s25;s22d30;s10;s3d32;/rC:;;;;;;;;;;;;;;;;;;;;;;;;;;;;;;;;;"""	P51686_WT	ChEMBL:CHEMBL5815	P51686	WT	CHEMBL3607106	PMID:26117562	2015.0	PMID:26117562	2015	1	0	0	0	0		=	  6.000	6.0	0.0	0.0	1.0	6.0	0.0	CCRs_HUMAN_annotated_04313	True
InChI=1S/C23H28FN3O2S/c24-18-6-8-19(9-7-18)30(28,29)25-12-1-2-13-26-14-11-22-21(16-26)20-5-3-4-17-10-15-27(22)23(17)20/h3-9,21-22,25H,1-2,10-16H2/t21-,22-/m1/s1_on_P51677_WT	Medium	ChEMBL31	ChEMBL31.compound.684950	O=S(=O)(NCCCCN1CC[C@@H]2[C@H](C1)c1c3c(ccc1)CCN32)c1ccc(F)cc1	RDGKSJPQKMCGPY-FGZHOGPDSA-N	InChI=1S/C23H28FN3O2S/c24-18-6-8-19(9-7-18)30(28,29)25-12-1-2-13-26-14-11-22-21(16-26)20-5-3-4-17-10-15-27(22)23(17)20/h3-9,21-22,25H,1-2,10-16H2/t21-,22-/m1/s1	"""AuxInfo=1/0/N:6,7,19,18,20,26,29,25,30,21,11,5,8,10,22,14,17,27,24,15,13,12,16,28,4,9,23,1,3,2/E:(6,7)(8,9)(28,29)/it:im/CRV:30.6/rA:30OSONCCCCNCCC.eC.eCCCCCCCCCNCCCCFCC/rB:d1;d2;s2;s4;s5;s6;s7;s8;s9;s10;s11;s12;s9s13;s13;d15;s16;d17;s18;s15d19;s17;s21;s12s16s22;s2;d24;s25;d26;s27;s27;s24d29;/rC:;;;;;;;;;;;;;;;;;;;;;;;;;;;;;;"""	P51677_WT	ChEMBL:CHEMBL3473	P51677	WT	CHEMBL650419	PMID:12067561	2002.0	PMID:12067561	2002	1	0	0	0	0		=	  5.190	5.19	0.0	0.0	1.0	5.19	0.0	CCRs_HUMAN_annotated_04327	True
InChI=1S/C23H29BrN6O4S/c1-3-23(4-2,30-12-14-34-15-13-30)29-35(32,33)20-11-7-10-19(21(20)31)28-22(26-16-25)27-18-9-6-5-8-17(18)24/h5-11,29,31H,3-4,12-15H2,1-2H3,(H2,26,27,28)_on_P25024_WT	High	ChEMBL31	ChEMBL31.compound.67193	CCC(CC)(NS(=O)(=O)c1cccc(N=C(NC#N)Nc2ccccc2Br)c1O)N1CCOCC1	GULGFHPSYNQMBP-UHFFFAOYSA-N	InChI=1S/C23H29BrN6O4S/c1-3-23(4-2,30-12-14-34-15-13-30)29-35(32,33)20-11-7-10-19(21(20)31)28-22(26-16-25)27-18-9-6-5-8-17(18)24/h5-11,29,31H,3-4,12-15H2,1-2H3,(H2,26,27,28)	"""AuxInfo=1/1/N:1,5,2,4,24,23,12,25,22,13,11,31,35,32,34,18,26,21,14,10,28,16,3,27,19,17,20,15,6,30,29,8,9,33,7/E:(1,2)(3,4)(12,13)(14,15)(32,33)/CRV:35.6/rA:35CCCCCNSOOCCCCCNCNCNNCCCCCCBrCONCCOCC/rB:s1;s2;s3;s4;s3;s6;d7;d7;s7;d10;s11;d12;s13;s14;w?15;s16;s17;t18;s16;s20;d21;s22;d23;s24;s21d25;s26;s10d14;s28;s3;s30;s31;s32;s33;s30s34;/rC:;;;;;;;;;;;;;;;;;;;;;;;;;;;;;;;;;;;"""	P25024_WT	ChEMBL:CHEMBL4029	P25024	WT	CHEMBL908414	PMID:16934456	2006.0	PMID:16934456	2006	1	0	0	0	0		=	  6.240	6.24	0.0	0.0	1.0	6.24	0.0	CCRs_HUMAN_annotated_04351	True
InChI=1S/C23H29BrN6O4S/c1-3-23(4-2,30-12-14-34-15-13-30)29-35(32,33)20-11-7-10-19(21(20)31)28-22(26-16-25)27-18-9-6-5-8-17(18)24/h5-11,29,31H,3-4,12-15H2,1-2H3,(H2,26,27,28)_on_P25025_WT	High	ChEMBL31	ChEMBL31.compound.67193	CCC(CC)(NS(=O)(=O)c1cccc(N=C(NC#N)Nc2ccccc2Br)c1O)N1CCOCC1	GULGFHPSYNQMBP-UHFFFAOYSA-N	InChI=1S/C23H29BrN6O4S/c1-3-23(4-2,30-12-14-34-15-13-30)29-35(32,33)20-11-7-10-19(21(20)31)28-22(26-16-25)27-18-9-6-5-8-17(18)24/h5-11,29,31H,3-4,12-15H2,1-2H3,(H2,26,27,28)	"""AuxInfo=1/1/N:1,5,2,4,24,23,12,25,22,13,11,31,35,32,34,18,26,21,14,10,28,16,3,27,19,17,20,15,6,30,29,8,9,33,7/E:(1,2)(3,4)(12,13)(14,15)(32,33)/CRV:35.6/rA:35CCCCCNSOOCCCCCNCNCNNCCCCCCBrCONCCOCC/rB:s1;s2;s3;s4;s3;s6;d7;d7;s7;d10;s11;d12;s13;s14;w?15;s16;s17;t18;s16;s20;d21;s22;d23;s24;s21d25;s26;s10d14;s28;s3;s30;s31;s32;s33;s30s34;/rC:;;;;;;;;;;;;;;;;;;;;;;;;;;;;;;;;;;;"""	P25025_WT	ChEMBL:CHEMBL2434	P25025	WT	CHEMBL908413	PMID:16934456	2006.0	PMID:16934456	2006	1	0	0	0	0		=	  7.920	7.92	0.0	0.0	1.0	7.92	0.0	CCRs_HUMAN_annotated_04352	True
InChI=1S/C23H29N3O4S/c1-2-5-22(27)26-14-12-17(13-15-26)25-31(29,30)21-11-10-20(24-23(28)16-8-9-16)18-6-3-4-7-19(18)21/h3-4,6-7,10-11,16-17,25H,2,5,8-9,12-15H2,1H3,(H,24,28)_on_P51685_WT	High	ChEMBL31;ExCAPE-DB	ChEMBL31.compound.68539;16105867	CCCC(=O)N1CCC(NS(=O)(=O)c2ccc(NC(=O)C3CC3)c3c2cccc3)CC1	RDDQQXWHCVOCBG-UHFFFAOYSA-N	InChI=1S/C23H29N3O4S/c1-2-5-22(27)26-14-12-17(13-15-26)25-31(29,30)21-11-10-20(24-23(28)16-8-9-16)18-6-3-4-7-19(18)21/h3-4,6-7,10-11,16-17,25H,2,5,8-9,12-15H2,1H3,(H,24,28)	"""AuxInfo=1/1/N:1,2,28,27,3,29,26,22,23,16,15,8,30,7,31,21,9,24,25,17,14,4,19,18,10,6,5,20,12,13,11/E:(8,9)(12,13)(14,15)(29,30)/CRV:31.6/rA:31CCCCONCCCNSOOCCCCNCOCCCCCCCCCCC/rB:s1;s2;s3;d4;s4;s6;s7;s8;s9;s10;d11;d11;s11;d14;s15;d16;s17;s18;d19;s19;s21;s21s22;s17;s14d24;s25;d26;s27;s24d28;s9;s6s30;/rC:;;;;;;;;;;;;;;;;;;;;;;;;;;;;;;;"""	P51685_WT	ChEMBL:CHEMBL4596;EntrezID:1237	P51685	WT	CHEMBL855766;PubChemAID:277748	PMID:17266208	2007.0	PMID:17266208;PubChemAID:277748	2007;2010	1;0	0	0	0	0;1		=	  6.430;  6.435	6.432	0.003	0.003	2.0	6.432	0.002	CCRs_HUMAN_annotated_04387	True
InChI=1S/C23H31N5O3S/c1-16-8-12-28(13-9-16)23(29)20(10-14-27-11-4-5-19(27)15-24)26-32(30,31)21-7-6-17(2)22(25)18(21)3/h4-7,11,16,20,26H,8-10,12-14,25H2,1-3H3_on_P46092_WT	High	ChEMBL31	ChEMBL31.compound.307666	Cc1ccc(S(=O)(=O)NC(CCn2cccc2C#N)C(=O)N2CCC(C)CC2)c(C)c1N	HYZFJWMTMNERTK-UHFFFAOYSA-N	InChI=1S/C23H31N5O3S/c1-16-8-12-28(13-9-16)23(29)20(10-14-27-11-4-5-19(27)15-24)26-32(30,31)21-7-6-17(2)22(25)18(21)3/h4-7,11,16,20,26H,8-10,12-14,25H2,1-3H3	"""AuxInfo=1/0/N:26,1,30,15,16,3,4,24,27,11,14,23,28,12,18,25,2,29,17,10,5,31,20,19,32,9,13,22,21,7,8,6/E:(8,9)(12,13)(30,31)/CRV:32.6/rA:32CCCCCSOONCCCNCCCCCNCONCCCCCCCCCN/rB:s1;d2;s3;d4;s5;d6;d6;s6;s9;s10;s11;s12;s13;d14;s15;s13d16;s17;t18;s10;d20;s20;s22;s23;s24;s25;s25;s22s27;s5;s29;s2d29;s31;/rC:;;;;;;;;;;;;;;;;;;;;;;;;;;;;;;;;"""	P46092_WT	ChEMBL:CHEMBL2321628;ChEMBL:CHEMBL2321628	P46092	WT	CHEMBL3863300;CHEMBL3863299	PMID:27692854	2016.0	PMID:27692854	2016	1	0	0	0	0		=	  7.100;  7.000	7.05	0.05	0.05	2.0	7.05	0.05	CCRs_HUMAN_annotated_04496	True
InChI=1S/C24H17ClN2O3S/c25-20-8-11-23(22(16-20)24(28)19-12-14-26-15-13-19)27-31(29,30)21-9-6-18(7-10-21)17-4-2-1-3-5-17/h1-16,27H_on_P51686_WT	Low	ChEMBL31	ChEMBL31.compound.1070689	O=C(c1ccncc1)c1cc(Cl)ccc1NS(=O)(=O)c1ccc(-c2ccccc2)cc1	MDWXGFJYTNOARG-UHFFFAOYSA-N	InChI=1S/C24H17ClN2O3S/c25-20-8-11-23(22(16-20)24(28)19-12-14-26-15-13-19)27-31(29,30)21-9-6-18(7-10-21)17-4-2-1-3-5-17/h1-16,27H	"""AuxInfo=1/0/N:27,26,28,25,29,22,30,13,21,31,14,4,8,5,7,10,24,23,3,11,20,9,15,2,12,6,16,1,18,19,17/E:(2,3)(4,5)(6,7)(9,10)(12,13)(14,15)(29,30)/CRV:31.6/rA:31OCCCCNCCCCCClCCCNSOOCCCCCCCCCCCC/rB:d1;s2;d3;s4;d5;s6;s3d7;s2;d9;s10;s11;d11;s13;s9d14;s15;s16;d17;d17;s17;d20;s21;d22;s23;d24;s25;d26;s27;s24d28;s23;s20d30;/rC:;;;;;;;;;;;;;;;;;;;;;;;;;;;;;;;"""	P51686_WT	ChEMBL:CHEMBL5815;ChEMBL:CHEMBL5815	P51686	WT	CHEMBL3721192;CHEMBL3721193	PATENT:US7420055B2	2008.0	PATENT:US7420055B2	2008	1	0	0	0	0		>	  6.000;  6.000	6.0	0.0	0.0	2.0	6.0	0.0	CCRs_HUMAN_annotated_04614	True
InChI=1S/C24H18ClFN4O3S/c25-20-3-1-2-4-22(20)34(32,33)30-24(31)28-12-11-18-19-13-15(14-27)5-10-21(19)29-23(18)16-6-8-17(26)9-7-16/h1-10,13,29H,11-12H2,(H2,28,30,31)_on_P25025_WT	High	ChEMBL31	ChEMBL31.compound.88821	N#Cc1cc2c(cc1)[nH]c(-c1ccc(F)cc1)c2CCNC(=O)NS(=O)(=O)c1c(Cl)cccc1	DIHOHCOABOMUCZ-UHFFFAOYSA-N	InChI=1S/C24H18ClFN4O3S/c25-20-3-1-2-4-22(20)34(32,33)30-24(31)28-12-11-18-19-13-15(14-27)5-10-21(19)29-23(18)16-6-8-17(26)9-7-16/h1-10,13,29H,11-12H2,(H2,28,30,31)	"""AuxInfo=1/1/N:32,33,31,34,8,12,17,13,16,7,19,20,4,2,3,11,14,18,5,29,6,28,10,22,30,15,1,21,9,24,23,26,27,25/E:(6,7)(8,9)(32,33)/CRV:34.6/rA:34NCCCCCCCNCCCCCFCCCCCNCONSOOCCClCCCC/rB:t1;s2;d3;s4;d5;s6;s3d7;s6;s9;s10;d11;s12;d13;s14;s14;s11d16;s5d10;s18;s19;s20;s21;d22;s22;s24;d25;d25;s25;d28;s29;s29;d31;s32;s28d33;/rC:;;;;;;;;;;;;;;;;;;;;;;;;;;;;;;;;;;"""	P25025_WT	ChEMBL:CHEMBL2434	P25025	WT	CHEMBL928888	PMID:18308567	2008.0	PMID:18308567	2008	1	0	0	0	0		=	  6.400	6.4	0.0	0.0	1.0	6.4	0.0	CCRs_HUMAN_annotated_04618	True
InChI=1S/C24H18F2N4O3S/c25-17-4-2-16(3-5-17)23-20(21-13-15(14-27)1-10-22(21)29-23)11-12-28-24(31)30-34(32,33)19-8-6-18(26)7-9-19/h1-10,13,29H,11-12H2,(H2,28,30,31)_on_P25025_WT	High	ExCAPE-DB;ChEMBL31	44447948;ChEMBL31.compound.88820	N#Cc1ccc2[nH]c(-c3ccc(F)cc3)c(CCNC(=O)NS(=O)(=O)c3ccc(F)cc3)c2c1	MRJFDMXTGXVYKU-UHFFFAOYSA-N	InChI=1S/C24H18F2N4O3S/c25-17-4-2-16(3-5-17)23-20(21-13-15(14-27)1-10-22(21)29-23)11-12-28-24(31)30-34(32,33)19-8-6-18(26)7-9-19/h1-10,13,29H,11-12H2,(H2,28,30,31)	"""AuxInfo=1/1/N:4,10,15,11,14,28,31,27,32,5,17,18,34,2,3,9,12,29,26,16,33,6,8,20,13,30,1,19,7,22,21,24,25,23/E:(2,3)(4,5)(6,7)(8,9)(32,33)/CRV:34.6/rA:34NCCCCCNCCCCCFCCCCCNCONSOOCCCCFCCCC/rB:t1;s2;d3;s4;d5;s6;s7;s8;d9;s10;d11;s12;s12;s9d14;d8;s16;s17;s18;s19;d20;s20;s22;d23;d23;s23;d26;s27;d28;s29;s29;s26d31;s6s16;s3d33;/rC:;;;;;;;;;;;;;;;;;;;;;;;;;;;;;;;;;;"""	P25025_WT	EntrezID:3579;ChEMBL:CHEMBL2434	P25025	WT	PubChemAID:314944;CHEMBL928888	PMID:18308567	2008.0	PubChemAID:314944;PMID:18308567	2010;2008	0;1	0	0	0	1;0		=	  6.284;  6.280	6.282	0.002	0.002	2.0	6.282	0.002	CCRs_HUMAN_annotated_04619	True
InChI=1S/C24H19Cl2N3O4S/c1-24(2,23-28-11-12-33-23)16-3-6-18(7-4-16)34(31,32)29-20-8-5-17(25)14-19(20)22(30)15-9-10-27-21(26)13-15/h3-14,29H,1-2H3_on_P51686_WT	Low	ChEMBL31	ChEMBL31.compound.1070753	CC(C)(c1ccc(S(=O)(=O)Nc2ccc(Cl)cc2C(=O)c2ccnc(Cl)c2)cc1)c1ncco1	XAAHWCQEWWDPPY-UHFFFAOYSA-N	InChI=1S/C24H19Cl2N3O4S/c1-24(2,23-28-11-12-33-23)16-3-6-18(7-4-16)34(31,32)29-20-8-5-17(25)14-19(20)22(30)15-9-10-27-21(26)13-15/h3-14,29H,1-2H3	"""AuxInfo=1/0/N:1,3,5,29,14,6,28,13,22,23,32,33,27,17,21,4,15,7,18,12,25,19,30,2,16,26,24,31,11,20,9,10,34,8/E:(1,2)(3,4)(6,7)(31,32)/CRV:34.6/rA:34CCCCCCCSOONCCCCClCCCOCCCNCClCCCCNCCO/rB:s1;s2;s2;d4;s5;d6;s7;d8;d8;s8;s11;d12;s13;d14;s15;s15;s12d17;s18;d19;s19;d21;s22;d23;s24;s25;s21d25;s7;s4d28;s2;d30;s31;d32;s30s33;/rC:;;;;;;;;;;;;;;;;;;;;;;;;;;;;;;;;;;"""	P51686_WT	ChEMBL:CHEMBL5815;ChEMBL:CHEMBL5815	P51686	WT	CHEMBL3721193;CHEMBL3721192	PATENT:US7420055B2	2008.0	PATENT:US7420055B2	2008	1	0	0	0	0		>	  6.000;  6.000	6.0	0.0	0.0	2.0	6.0	0.0	CCRs_HUMAN_annotated_04623	True
InChI=1S/C24H19ClN4O4S/c1-24(2,3)14-7-9-16(10-8-14)34(32,33)28-18-12-11-17(25)20-21(18)23(31)29(22(20)30)19-6-4-5-15(13-26)27-19/h4-12,28H,1-3H3_on_P51686_WT	High	ChEMBL31	ChEMBL31.compound.299344	CC(C)(C)c1ccc(S(=O)(=O)Nc2ccc(Cl)c3c2C(=O)N(c2nc(C#N)ccc2)C3=O)cc1	HWCVTTJFBIUGNN-UHFFFAOYSA-N	InChI=1S/C24H19ClN4O4S/c1-24(2,3)14-7-9-16(10-8-14)34(32,33)28-18-12-11-17(25)20-21(18)23(31)29(22(20)30)19-6-4-5-15(13-26)27-19/h4-12,28H,1-3H3	"""AuxInfo=1/0/N:1,3,4,29,28,30,6,34,7,33,15,14,26,5,25,8,16,13,23,18,19,31,20,2,17,27,24,12,22,32,21,10,11,9/E:(1,2,3)(7,8)(9,10)(32,33)/CRV:34.6/rA:34CCCCCCCCSOONCCCCClCCCONCNCCNCCCCOCC/rB:s1;s2;s2;s2;d5;s6;d7;s8;d9;d9;s9;s12;d13;s14;d15;s16;s16;s13d18;s19;d20;s20;s22;d23;s24;s25;t26;d25;s28;s23d29;s18s22;d31;s8;s5d33;/rC:;;;;;;;;;;;;;;;;;;;;;;;;;;;;;;;;;;"""	P51686_WT	ChEMBL:CHEMBL5815	P51686	WT	CHEMBL3801235	PMID:26987013	2016.0	PMID:26987013	2016	0	0	0	1	0		=	  7.520	7.52	0.0	0.0	1.0	7.52	0.0	CCRs_HUMAN_annotated_04624	True
InChI=1S/C24H19ClN4O4S/c1-24(2,3)15-4-6-16(7-5-15)34(32,33)28-18-9-8-17(25)20-21(18)23(31)29(22(20)30)19-12-14(13-26)10-11-27-19/h4-12,28H,1-3H3_on_P51686_WT	High	ChEMBL31	ChEMBL31.compound.299346	CC(C)(C)c1ccc(S(=O)(=O)Nc2ccc(Cl)c3c2C(=O)N(c2nccc(C#N)c2)C3=O)cc1	MSRKLTUYHHRUTM-UHFFFAOYSA-N	InChI=1S/C24H19ClN4O4S/c1-24(2,3)15-4-6-16(7-5-15)34(32,33)28-18-9-8-17(25)20-21(18)23(31)29(22(20)30)19-12-14(13-26)10-11-27-19/h4-12,28H,1-3H3	"""AuxInfo=1/0/N:1,3,4,6,34,7,33,15,14,26,25,30,28,27,5,8,16,13,23,18,19,31,20,2,17,29,24,12,22,32,21,10,11,9/E:(1,2,3)(4,5)(6,7)(32,33)/CRV:34.6/rA:34CCCCCCCCSOONCCCCClCCCONCNCCCCNCCOCC/rB:s1;s2;s2;s2;d5;s6;d7;s8;d9;d9;s9;s12;d13;s14;d15;s16;s16;s13d18;s19;d20;s20;s22;d23;s24;d25;s26;s27;t28;s23d27;s18s22;d31;s8;s5d33;/rC:;;;;;;;;;;;;;;;;;;;;;;;;;;;;;;;;;;"""	P51686_WT	ChEMBL:CHEMBL5815	P51686	WT	CHEMBL3801235	PMID:26987013	2016.0	PMID:26987013	2016	0	0	0	1	0		=	  7.350	7.35	0.0	0.0	1.0	7.35	0.0	CCRs_HUMAN_annotated_04625	True
InChI=1S/C24H19ClN4O4S/c1-24(2,3)15-4-6-17(7-5-15)34(32,33)28-19-9-8-18(25)20-21(19)23(31)29(22(20)30)16-10-14(11-26)12-27-13-16/h4-10,12-13,28H,1-3H3_on_P51686_WT	High	ChEMBL31	ChEMBL31.compound.299362	CC(C)(C)c1ccc(S(=O)(=O)Nc2ccc(Cl)c3c2C(=O)N(c2cncc(C#N)c2)C3=O)cc1	OUTLHOXZYJGDEE-UHFFFAOYSA-N	InChI=1S/C24H19ClN4O4S/c1-24(2,3)15-4-6-17(7-5-15)34(32,33)28-19-9-8-18(25)20-21(19)23(31)29(22(20)30)16-10-14(11-26)12-27-13-16/h4-10,12-13,28H,1-3H3	"""AuxInfo=1/0/N:1,3,4,6,34,7,33,15,14,30,28,26,24,27,5,23,8,16,13,18,19,31,20,2,17,29,25,12,22,32,21,10,11,9/E:(1,2,3)(4,5)(6,7)(32,33)/CRV:34.6/rA:34CCCCCCCCSOONCCCCClCCCONCCNCCCNCCOCC/rB:s1;s2;s2;s2;d5;s6;d7;s8;d9;d9;s9;s12;d13;s14;d15;s16;s16;s13d18;s19;d20;s20;s22;d23;s24;d25;s26;s27;t28;s23d27;s18s22;d31;s8;s5d33;/rC:;;;;;;;;;;;;;;;;;;;;;;;;;;;;;;;;;;"""	P51686_WT	ChEMBL:CHEMBL5815	P51686	WT	CHEMBL3801235	PMID:26987013	2016.0	PMID:26987013	2016	0	0	0	1	0		=	  7.140	7.14	0.0	0.0	1.0	7.14	0.0	CCRs_HUMAN_annotated_04626	True
InChI=1S/C24H19F2N3O4S/c1-24(2,23-28-11-12-33-23)15-6-8-16(9-7-15)34(31,32)29-21-14-19(26)18(25)13-17(21)22(30)20-5-3-4-10-27-20/h3-14,29H,1-2H3_on_P51686_WT	Low	ChEMBL31	ChEMBL31.compound.1070765	CC(C)(c1ccc(S(=O)(=O)Nc2cc(F)c(F)cc2C(=O)c2ncccc2)cc1)c1ncco1	SLAZSPCAEVBNBM-UHFFFAOYSA-N	InChI=1S/C24H19F2N3O4S/c1-24(2,23-28-11-12-33-23)15-6-8-16(9-7-15)34(31,32)29-21-14-19(26)18(25)13-17(21)22(30)20-5-3-4-10-27-20/h3-14,29H,1-2H3	"""AuxInfo=1/0/N:1,3,26,25,27,5,29,6,28,24,32,33,18,13,4,7,19,16,14,22,12,20,30,2,17,15,23,31,11,21,9,10,34,8/E:(1,2)(6,7)(8,9)(31,32)/CRV:34.6/rA:34CCCCCCCSOONCCCFCFCCCOCNCCCCCCCNCCO/rB:s1;s2;s2;d4;s5;d6;s7;d8;d8;s8;s11;d12;s13;s14;d14;s16;s16;s12d18;s19;d20;s20;d22;s23;d24;s25;s22d26;s7;s4d28;s2;d30;s31;d32;s30s33;/rC:;;;;;;;;;;;;;;;;;;;;;;;;;;;;;;;;;;"""	P51686_WT	ChEMBL:CHEMBL5815;ChEMBL:CHEMBL5815	P51686	WT	CHEMBL3721193;CHEMBL3721192	PATENT:US7420055B2	2008.0	PATENT:US7420055B2	2008	1	0	0	0	0		>	  6.000;  6.000	6.0	0.0	0.0	2.0	6.0	0.0	CCRs_HUMAN_annotated_04627	True
InChI=1S/C24H19FN4O3S/c25-18-9-7-17(8-10-18)23-20(21-14-16(15-26)6-11-22(21)28-23)12-13-27-24(30)29-33(31,32)19-4-2-1-3-5-19/h1-11,14,28H,12-13H2,(H2,27,29,30)_on_P25025_WT	High	ExCAPE-DB;ChEMBL31	44447949;ChEMBL31.compound.88819	N#Cc1ccc2[nH]c(-c3ccc(F)cc3)c(CCNC(=O)NS(=O)(=O)c3ccccc3)c2c1	DIFZTTKFHZJISC-UHFFFAOYSA-N	InChI=1S/C24H19FN4O3S/c25-18-9-7-17(8-10-18)23-20(21-14-16(15-26)6-11-22(21)28-23)12-13-27-24(30)29-33(31,32)19-4-2-1-3-5-19/h1-11,14,28H,12-13H2,(H2,27,29,30)	"""AuxInfo=1/1/N:29,28,30,27,31,4,10,15,11,14,5,17,18,33,2,3,9,12,26,16,32,6,8,20,13,1,19,7,22,21,24,25,23/E:(2,3)(4,5)(7,8)(9,10)(31,32)/CRV:33.6/rA:33NCCCCCNCCCCCFCCCCCNCONSOOCCCCCCCC/rB:t1;s2;d3;s4;d5;s6;s7;s8;d9;s10;d11;s12;s12;s9d14;d8;s16;s17;s18;s19;d20;s20;s22;d23;d23;s23;d26;s27;d28;s29;s26d30;s6s16;s3d32;/rC:;;;;;;;;;;;;;;;;;;;;;;;;;;;;;;;;;"""	P25025_WT	EntrezID:3579;ChEMBL:CHEMBL2434	P25025	WT	PubChemAID:314944;CHEMBL928888	PMID:18308567	2008.0	PubChemAID:314944;PMID:18308567	2010;2008	0;1	0	0	0	1;0		=	  6.854;  6.850	6.852	0.002	0.002	2.0	6.852	0.002	CCRs_HUMAN_annotated_04630	True
InChI=1S/C24H20ClN3O4S/c1-24(2,22-14-26-15-32-22)16-6-9-18(10-7-16)33(30,31)28-20-11-8-17(25)13-19(20)23(29)21-5-3-4-12-27-21/h3-15,28H,1-2H3_on_P51686_WT	Low	ChEMBL31	ChEMBL31.compound.1070677	CC(C)(c1ccc(S(=O)(=O)Nc2ccc(Cl)cc2C(=O)c2ncccc2)cc1)c1cnco1	SPRASFZFZZBKLY-UHFFFAOYSA-N	InChI=1S/C24H20ClN3O4S/c1-24(2,22-14-26-15-32-22)16-6-9-18(10-7-16)33(30,31)28-20-11-8-17(25)13-19(20)23(29)21-5-3-4-12-27-21/h3-15,28H,1-2H3	"""AuxInfo=1/0/N:1,3,25,24,26,5,28,14,6,27,13,23,17,30,32,4,15,7,18,12,21,29,19,2,16,31,22,11,20,9,10,33,8/E:(1,2)(6,7)(9,10)(30,31)/CRV:33.6/rA:33CCCCCCCSOONCCCCClCCCOCNCCCCCCCCNCO/rB:s1;s2;s2;d4;s5;d6;s7;d8;d8;s8;s11;d12;s13;d14;s15;s15;s12d17;s18;d19;s19;d21;s22;d23;s24;s21d25;s7;s4d27;s2;d29;s30;d31;s29s32;/rC:;;;;;;;;;;;;;;;;;;;;;;;;;;;;;;;;;"""	P51686_WT	ChEMBL:CHEMBL5815;ChEMBL:CHEMBL5815	P51686	WT	CHEMBL3721193;CHEMBL3721192	PATENT:US7420055B2	2008.0	PATENT:US7420055B2	2008	1	0	0	0	0		>	  6.000;  6.000	6.0	0.0	0.0	2.0	6.0	0.0	CCRs_HUMAN_annotated_04636	True
InChI=1S/C24H20ClN3O4S/c1-24(2,22-14-27-15-32-22)17-3-6-19(7-4-17)33(30,31)28-21-8-5-18(25)13-20(21)23(29)16-9-11-26-12-10-16/h3-15,28H,1-2H3_on_P51686_WT	Low	ChEMBL31	ChEMBL31.compound.1070763	CC(C)(c1ccc(S(=O)(=O)Nc2ccc(Cl)cc2C(=O)c2ccncc2)cc1)c1cnco1	BRMDCLBDVPSSRN-UHFFFAOYSA-N	InChI=1S/C24H20ClN3O4S/c1-24(2,22-14-27-15-32-22)17-3-6-19(7-4-17)33(30,31)28-21-8-5-18(25)13-20(21)23(29)16-9-11-26-12-10-16/h3-15,28H,1-2H3	"""AuxInfo=1/0/N:1,3,5,28,14,6,27,13,22,26,23,25,17,30,32,21,4,15,7,18,12,29,19,2,16,24,31,11,20,9,10,33,8/E:(1,2)(3,4)(6,7)(9,10)(11,12)(30,31)/CRV:33.6/rA:33CCCCCCCSOONCCCCClCCCOCCCNCCCCCCNCO/rB:s1;s2;s2;d4;s5;d6;s7;d8;d8;s8;s11;d12;s13;d14;s15;s15;s12d17;s18;d19;s19;d21;s22;d23;s24;s21d25;s7;s4d27;s2;d29;s30;d31;s29s32;/rC:;;;;;;;;;;;;;;;;;;;;;;;;;;;;;;;;;"""	P51686_WT	ChEMBL:CHEMBL5815;ChEMBL:CHEMBL5815	P51686	WT	CHEMBL3721193;CHEMBL3721192	PATENT:US7420055B2	2008.0	PATENT:US7420055B2	2008	1	0	0	0	0		>	  6.000;  6.000	6.0	0.0	0.0	2.0	6.0	0.0	CCRs_HUMAN_annotated_04637	True
InChI=1S/C24H20ClN3O4S/c1-24(2,22-14-32-15-27-22)17-3-6-19(7-4-17)33(30,31)28-21-8-5-18(25)13-20(21)23(29)16-9-11-26-12-10-16/h3-15,28H,1-2H3_on_P51686_WT	Low	ChEMBL31	ChEMBL31.compound.1070662	CC(C)(c1ccc(S(=O)(=O)Nc2ccc(Cl)cc2C(=O)c2ccncc2)cc1)c1cocn1	NQUCDXFIYNUFOU-UHFFFAOYSA-N	InChI=1S/C24H20ClN3O4S/c1-24(2,22-14-32-15-27-22)17-3-6-19(7-4-17)33(30,31)28-21-8-5-18(25)13-20(21)23(29)16-9-11-26-12-10-16/h3-15,28H,1-2H3	"""AuxInfo=1/0/N:1,3,5,28,14,6,27,13,22,26,23,25,17,30,32,21,4,15,7,18,12,29,19,2,16,24,33,11,20,9,10,31,8/E:(1,2)(3,4)(6,7)(9,10)(11,12)(30,31)/CRV:33.6/rA:33CCCCCCCSOONCCCCClCCCOCCCNCCCCCCOCN/rB:s1;s2;s2;d4;s5;d6;s7;d8;d8;s8;s11;d12;s13;d14;s15;s15;s12d17;s18;d19;s19;d21;s22;d23;s24;s21d25;s7;s4d27;s2;d29;s30;s31;s29d32;/rC:;;;;;;;;;;;;;;;;;;;;;;;;;;;;;;;;;"""	P51686_WT	ChEMBL:CHEMBL5815;ChEMBL:CHEMBL5815	P51686	WT	CHEMBL3721193;CHEMBL3721192	PATENT:US7420055B2	2008.0	PATENT:US7420055B2	2008	1	0	0	0	0		>	  6.000;  6.000	6.0	0.0	0.0	2.0	6.0	0.0	CCRs_HUMAN_annotated_04638	True
InChI=1S/C24H20ClN3O4S/c1-24(2,23-27-12-13-32-23)17-5-8-19(9-6-17)33(30,31)28-21-10-7-18(25)14-20(21)22(29)16-4-3-11-26-15-16/h3-15,28H,1-2H3_on_P51686_WT	Low	ChEMBL31	ChEMBL31.compound.1070734	CC(C)(c1ccc(S(=O)(=O)Nc2ccc(Cl)cc2C(=O)c2cnccc2)cc1)c1ncco1	WIZJTBNAJRLYDE-UHFFFAOYSA-N	InChI=1S/C24H20ClN3O4S/c1-24(2,23-27-12-13-32-23)17-5-8-19(9-6-17)33(30,31)28-21-10-7-18(25)14-20(21)22(29)16-4-3-11-26-15-16/h3-15,28H,1-2H3	"""AuxInfo=1/0/N:1,3,25,26,5,28,14,6,27,13,24,31,32,17,22,21,4,15,7,18,12,19,29,2,16,23,30,11,20,9,10,33,8/E:(1,2)(5,6)(8,9)(30,31)/CRV:33.6/rA:33CCCCCCCSOONCCCCClCCCOCCNCCCCCCNCCO/rB:s1;s2;s2;d4;s5;d6;s7;d8;d8;s8;s11;d12;s13;d14;s15;s15;s12d17;s18;d19;s19;d21;s22;d23;s24;s21d25;s7;s4d27;s2;d29;s30;d31;s29s32;/rC:;;;;;;;;;;;;;;;;;;;;;;;;;;;;;;;;;"""	P51686_WT	ChEMBL:CHEMBL5815;ChEMBL:CHEMBL5815	P51686	WT	CHEMBL3721193;CHEMBL3721192	PATENT:US7420055B2	2008.0	PATENT:US7420055B2	2008	1	0	0	0	0		>	  6.000;  6.000	6.0	0.0	0.0	2.0	6.0	0.0	CCRs_HUMAN_annotated_04639	True
InChI=1S/C24H20ClN3O4S/c1-24(2,23-27-13-14-32-23)17-3-6-19(7-4-17)33(30,31)28-21-8-5-18(25)15-20(21)22(29)16-9-11-26-12-10-16/h3-15,28H,1-2H3_on_P51686_WT	Low	ChEMBL31	ChEMBL31.compound.1070657	CC(C)(c1ccc(S(=O)(=O)Nc2ccc(Cl)cc2C(=O)c2ccncc2)cc1)c1ncco1	KXUMINWXDVBKRS-UHFFFAOYSA-N	InChI=1S/C24H20ClN3O4S/c1-24(2,23-27-13-14-32-23)17-3-6-19(7-4-17)33(30,31)28-21-8-5-18(25)15-20(21)22(29)16-9-11-26-12-10-16/h3-15,28H,1-2H3	"""AuxInfo=1/0/N:1,3,5,28,14,6,27,13,22,26,23,25,31,32,17,21,4,15,7,18,12,19,29,2,16,24,30,11,20,9,10,33,8/E:(1,2)(3,4)(6,7)(9,10)(11,12)(30,31)/CRV:33.6/rA:33CCCCCCCSOONCCCCClCCCOCCCNCCCCCNCCO/rB:s1;s2;s2;d4;s5;d6;s7;d8;d8;s8;s11;d12;s13;d14;s15;s15;s12d17;s18;d19;s19;d21;s22;d23;s24;s21d25;s7;s4d27;s2;d29;s30;d31;s29s32;/rC:;;;;;;;;;;;;;;;;;;;;;;;;;;;;;;;;;"""	P51686_WT	ChEMBL:CHEMBL5815;ChEMBL:CHEMBL5815	P51686	WT	CHEMBL3721192;CHEMBL3721193	PATENT:US7420055B2	2008.0	PATENT:US7420055B2	2008	1	0	0	0	0		>	  6.000;  6.000	6.0	0.0	0.0	2.0	6.0	0.0	CCRs_HUMAN_annotated_04640	True
InChI=1S/C24H20ClN3O4S/c1-24(2,23-27-13-14-32-23)19-5-3-4-6-21(19)33(30,31)28-20-8-7-17(25)15-18(20)22(29)16-9-11-26-12-10-16/h3-15,28H,1-2H3_on_P51686_WT	Low	ChEMBL31	ChEMBL31.compound.1070767	CC(C)(c1ncco1)c1ccccc1S(=O)(=O)Nc1ccc(Cl)cc1C(=O)c1ccncc1	UCBXFAUMQIPDIR-UHFFFAOYSA-N	InChI=1S/C24H20ClN3O4S/c1-24(2,23-27-13-14-32-23)19-5-3-4-6-21(19)33(30,31)28-20-8-7-17(25)15-18(20)22(29)16-9-11-26-12-10-16/h3-15,28H,1-2H3	"""AuxInfo=1/0/N:1,3,11,12,10,13,21,20,29,33,30,32,6,7,24,28,22,25,9,19,14,26,4,2,23,31,5,18,27,16,17,8,15/E:(1,2)(9,10)(11,12)(30,31)/CRV:33.6/rA:33CCCCNCCOCCCCCCSOONCCCCClCCCOCCCNCC/rB:s1;s2;s2;d4;s5;d6;s4s7;s2;d9;s10;d11;s12;s9d13;s14;d15;d15;s15;s18;d19;s20;d21;s22;s22;s19d24;s25;d26;s26;d28;s29;d30;s31;s28d32;/rC:;;;;;;;;;;;;;;;;;;;;;;;;;;;;;;;;;"""	P51686_WT	ChEMBL:CHEMBL5815;ChEMBL:CHEMBL5815	P51686	WT	CHEMBL3721192;CHEMBL3721193	PATENT:US7420055B2	2008.0	PATENT:US7420055B2	2008	1	0	0	0	0		>	  6.000;  6.000	6.0	0.0	0.0	2.0	6.0	0.0	CCRs_HUMAN_annotated_04641	True
InChI=1S/C24H20ClN3O5S/c1-24(2,22-14-26-15-33-22)17-3-6-19(7-4-17)34(31,32)27-21-8-5-18(25)13-20(21)23(29)16-9-11-28(30)12-10-16/h3-15,27H,1-2H3_on_P51686_WT	Low	ChEMBL31	ChEMBL31.compound.1070681	CC(C)(c1ccc(S(=O)(=O)Nc2ccc(Cl)cc2C(=O)c2cc[n+]([O-])cc2)cc1)c1cnco1	MCOKYRDLEAHNGP-UHFFFAOYSA-N	InChI=1S/C24H20ClN3O5S/c1-24(2,22-14-26-15-33-22)17-3-6-19(7-4-17)34(31,32)27-21-8-5-18(25)13-20(21)23(29)16-9-11-28(30)12-10-16/h3-15,27H,1-2H3	"""AuxInfo=1/0/N:1,3,5,29,14,6,28,13,22,27,23,26,17,31,33,21,4,15,7,18,12,30,19,2,16,32,11,24,20,25,9,10,34,8/E:(1,2)(3,4)(6,7)(9,10)(11,12)(31,32)/CRV:28.5,34.6/rA:34CCCCCCCSOONCCCCClCCCOCCCN+O-CCCCCCNCO/rB:s1;s2;s2;d4;s5;d6;s7;d8;d8;s8;s11;d12;s13;d14;s15;s15;s12d17;s18;d19;s19;d21;s22;d23;s24;s24;s21d26;s7;s4d28;s2;d30;s31;d32;s30s33;/rC:;;;;;;;;;;;;;;;;;;;;;;;;;;;;;;;;;;"""	P51686_WT	ChEMBL:CHEMBL5815;ChEMBL:CHEMBL5815	P51686	WT	CHEMBL3721193;CHEMBL3721192	PATENT:US7420055B2	2008.0	PATENT:US7420055B2	2008	1	0	0	0	0		>	  6.000;  6.000	6.0	0.0	0.0	2.0	6.0	0.0	CCRs_HUMAN_annotated_04642	True
InChI=1S/C24H20ClN3O5S/c1-24(2,23-26-11-13-33-23)17-5-8-19(9-6-17)34(31,32)27-21-10-7-18(25)14-20(21)22(29)16-4-3-12-28(30)15-16/h3-15,27H,1-2H3_on_P51686_WT	Low	ChEMBL31	ChEMBL31.compound.1070759	CC(C)(c1ccc(S(=O)(=O)Nc2ccc(Cl)cc2C(=O)c2ccc[n+]([O-])c2)cc1)c1ncco1	TVDIXCWCXMBKSU-UHFFFAOYSA-N	InChI=1S/C24H20ClN3O5S/c1-24(2,23-26-11-13-33-23)17-5-8-19(9-6-17)34(31,32)27-21-10-7-18(25)14-20(21)22(29)16-4-3-12-28(30)15-16/h3-15,27H,1-2H3	"""AuxInfo=1/0/N:1,3,23,22,5,29,14,6,28,13,32,24,33,17,27,21,4,15,7,18,12,19,30,2,16,31,11,25,20,26,9,10,34,8/E:(1,2)(5,6)(8,9)(31,32)/CRV:28.5,34.6/rA:34CCCCCCCSOONCCCCClCCCOCCCCN+O-CCCCNCCO/rB:s1;s2;s2;d4;s5;d6;s7;d8;d8;s8;s11;d12;s13;d14;s15;s15;s12d17;s18;d19;s19;d21;s22;d23;s24;s25;s21d25;s7;s4d28;s2;d30;s31;d32;s30s33;/rC:;;;;;;;;;;;;;;;;;;;;;;;;;;;;;;;;;;"""	P51686_WT	ChEMBL:CHEMBL5815;ChEMBL:CHEMBL5815	P51686	WT	CHEMBL3721192;CHEMBL3721193	PATENT:US7420055B2	2008.0	PATENT:US7420055B2	2008	1	0	0	0	0		>	  6.000;  6.000	6.0	0.0	0.0	2.0	6.0	0.0	CCRs_HUMAN_annotated_04643	True
InChI=1S/C24H20ClN3O5S/c1-24(2,23-26-11-14-33-23)17-3-6-19(7-4-17)34(31,32)27-21-8-5-18(25)15-20(21)22(29)16-9-12-28(30)13-10-16/h3-15,27H,1-2H3_on_P51686_WT	Low	ChEMBL31	ChEMBL31.compound.1070655	CC(C)(c1ccc(S(=O)(=O)Nc2ccc(Cl)cc2C(=O)c2cc[n+]([O-])cc2)cc1)c1ncco1	QZUDQWONANYOHL-UHFFFAOYSA-N	InChI=1S/C24H20ClN3O5S/c1-24(2,23-26-11-14-33-23)17-3-6-19(7-4-17)34(31,32)27-21-8-5-18(25)15-20(21)22(29)16-9-12-28(30)13-10-16/h3-15,27H,1-2H3	"""AuxInfo=1/0/N:1,3,5,29,14,6,28,13,22,27,32,23,26,33,17,21,4,15,7,18,12,19,30,2,16,31,11,24,20,25,9,10,34,8/E:(1,2)(3,4)(6,7)(9,10)(12,13)(31,32)/CRV:28.5,34.6/rA:34CCCCCCCSOONCCCCClCCCOCCCN+O-CCCCCNCCO/rB:s1;s2;s2;d4;s5;d6;s7;d8;d8;s8;s11;d12;s13;d14;s15;s15;s12d17;s18;d19;s19;d21;s22;d23;s24;s24;s21d26;s7;s4d28;s2;d30;s31;d32;s30s33;/rC:;;;;;;;;;;;;;;;;;;;;;;;;;;;;;;;;;;"""	P51686_WT	ChEMBL:CHEMBL5815;ChEMBL:CHEMBL5815	P51686	WT	CHEMBL3721193;CHEMBL3721192	PATENT:US7420055B2	2008.0	PATENT:US7420055B2	2008	1	0	0	0	0		>	  6.000;  6.000	6.0	0.0	0.0	2.0	6.0	0.0	CCRs_HUMAN_annotated_04644	True
InChI=1S/C24H20N2O3S/c27-24(19-11-5-2-6-12-19)26-22-15-16-23(21-14-8-7-13-20(21)22)30(28,29)25-17-18-9-3-1-4-10-18/h1-16,25H,17H2,(H,26,27)_on_P51685_WT	High	ExCAPE-DB;ChEMBL31	11270007;ChEMBL31.compound.68496	O=C(Nc1ccc(S(=O)(=O)NCc2ccccc2)c2ccccc12)c1ccccc1	QPJKMKVTEJYYGG-UHFFFAOYSA-N	InChI=1S/C24H20N2O3S/c27-24(19-11-5-2-6-12-19)26-22-15-16-23(21-14-8-7-13-20(21)22)30(28,29)25-17-18-9-3-1-4-10-18/h1-16,25H,17H2,(H,26,27)	"""AuxInfo=1/1/N:16,28,15,17,27,29,22,21,14,18,26,30,23,20,5,6,12,13,25,24,19,4,7,2,11,3,1,9,10,8/E:(3,4)(5,6)(9,10)(11,12)(28,29)/CRV:30.6/rA:30OCNCCCCSOONCCCCCCCCCCCCCCCCCCC/rB:d1;s2;s3;d4;s5;d6;s7;d8;d8;s8;s11;s12;d13;s14;d15;s16;s13d17;s7;d19;s20;d21;s22;s4s19d23;s2;d25;s26;d27;s28;s25d29;/rC:;;;;;;;;;;;;;;;;;;;;;;;;;;;;;;"""	P51685_WT	EntrezID:1237;ChEMBL:CHEMBL4596	P51685	WT	PubChemAID:277746;CHEMBL855762	PMID:17266208	2007.0	PubChemAID:277746;PMID:17266208	2010;2007	0	0	0	0;1	1;0		=	  6.632;  6.630	6.631	0.001	0.001	2.0	6.631	0.001	CCRs_HUMAN_annotated_04648	True
InChI=1S/C24H20N2O4S/c1-30-19-13-11-18(12-14-19)26-31(28,29)23-16-15-22(20-9-5-6-10-21(20)23)25-24(27)17-7-3-2-4-8-17/h2-16,26H,1H3,(H,25,27)_on_P51685_WT	High	ExCAPE-DB;ChEMBL31;ChEMBL31	3384970;ChEMBL31.compound.68480;ChEMBL31.compound.68480	COc1ccc(NS(=O)(=O)c2ccc(NC(=O)c3ccccc3)c3ccccc23)cc1	WRPLZERXEQKXIY-UHFFFAOYSA-N	InChI=1S/C24H20N2O4S/c1-30-19-13-11-18(12-14-19)26-31(28,29)23-16-15-22(20-9-5-6-10-21(20)23)25-24(27)17-7-3-2-4-8-17/h2-16,26H,1H3,(H,25,27)	"""AuxInfo=1/1/N:1,21,20,22,26,27,19,23,25,28,5,30,4,31,13,12,18,6,3,24,29,14,11,16,15,7,17,9,10,2,8/E:(3,4)(7,8)(11,12)(13,14)(28,29)/CRV:31.6/rA:31COCCCCNSOOCCCCNCOCCCCCCCCCCCCCC/rB:s1;s2;d3;s4;d5;s6;s7;d8;d8;s8;d11;s12;d13;s14;s15;d16;s16;d18;s19;d20;s21;s18d22;s14;d24;s25;d26;s27;s11s24d28;s6;s3d30;/rC:;;;;;;;;;;;;;;;;;;;;;;;;;;;;;;;"""	P51685_WT	EntrezID:1237;ChEMBL:CHEMBL4596;ChEMBL:CHEMBL4596	P51685	WT	PubChemAID:277746;CHEMBL855766;CHEMBL855762	PMID:17266208	2007.0	PubChemAID:277746;PMID:17266208;PMID:17266208	2010;2007;2007	0;1;0	0	0	0;0;1	1;0;0		=	  7.371;  6.820;  7.370	7.187	0.26	0.184	3.0	7.37	0.001	CCRs_HUMAN_annotated_04650	True
InChI=1S/C24H21ClFN3O4S/c1-24(2,3)14-6-8-15(9-7-14)34(32,33)28-18-11-10-16(25)20-21(18)23(31)29(22(20)30)13-19-17(26)5-4-12-27-19/h4-12,28H,13H2,1-3H3_on_P51686_WT	High	ChEMBL31	ChEMBL31.compound.299335	CC(C)(C)c1ccc(S(=O)(=O)Nc2ccc(Cl)c3c2C(=O)N(Cc2ncccc2F)C3=O)cc1	CGUSHNGXBLNVHT-UHFFFAOYSA-N	InChI=1S/C24H21ClFN3O4S/c1-24(2,3)14-6-8-15(9-7-14)34(32,33)28-18-11-10-16(25)20-21(18)23(31)29(22(20)30)13-19-17(26)5-4-12-27-19/h4-12,28H,13H2,1-3H3	"""AuxInfo=1/0/N:1,3,4,27,28,6,34,7,33,15,14,26,23,5,8,16,29,13,24,18,19,31,20,2,17,30,25,12,22,32,21,10,11,9/E:(1,2,3)(6,7)(8,9)(32,33)/CRV:34.6/rA:34CCCCCCCCSOONCCCCClCCCONCCNCCCCFCOCC/rB:s1;s2;s2;s2;d5;s6;d7;s8;d9;d9;s9;s12;d13;s14;d15;s16;s16;s13d18;s19;d20;s20;s22;s23;d24;s25;d26;s27;s24d28;s29;s18s22;d31;s8;s5d33;/rC:;;;;;;;;;;;;;;;;;;;;;;;;;;;;;;;;;;"""	P51686_WT	ChEMBL:CHEMBL5815	P51686	WT	CHEMBL3801235	PMID:26987013	2016.0	PMID:26987013	2016	0	0	0	1	0		=	  7.890	7.89	0.0	0.0	1.0	7.89	0.0	CCRs_HUMAN_annotated_04657	True
InChI=1S/C24H22ClN3O4S/c1-14-5-8-16(13-26-14)28-22(29)20-18(25)11-12-19(21(20)23(28)30)27-33(31,32)17-9-6-15(7-10-17)24(2,3)4/h5-13,27H,1-4H3_on_P51686_WT	High	ChEMBL31	ChEMBL31.compound.299361	Cc1ncc(N2C(=O)c3c(C2=O)c(NS(=O)(=O)c2ccc(C(C)(C)C)cc2)ccc3Cl)cc1	OTODXIVZMMQVCF-UHFFFAOYSA-N	InChI=1S/C24H22ClN3O4S/c1-14-5-8-16(13-26-14)28-22(29)20-18(25)11-12-19(21(20)23(28)30)27-33(31,32)17-9-6-15(7-10-17)24(2,3)4/h5-13,27H,1-4H3	"""AuxInfo=1/0/N:1,23,24,25,33,20,26,32,19,27,29,28,4,2,21,5,18,30,13,9,10,7,11,22,31,3,14,6,8,12,16,17,15/E:(2,3,4)(6,7)(9,10)(31,32)/CRV:33.6/rA:33CCNCCNCOCCCOCNSOOCCCCCCCCCCCCCClCC/rB:s1;d2;s3;d4;s5;s6;d7;s7;d9;s6s10;d11;s10;s13;s14;d15;d15;s15;d18;s19;d20;s21;s22;s22;s22;s21;s18d26;d13;s28;s9d29;s30;s5;s2d32;/rC:;;;;;;;;;;;;;;;;;;;;;;;;;;;;;;;;;"""	P51686_WT	ChEMBL:CHEMBL5815	P51686	WT	CHEMBL3801235	PMID:26987013	2016.0	PMID:26987013	2016	0	0	0	1	0		=	  7.720	7.72	0.0	0.0	1.0	7.72	0.0	CCRs_HUMAN_annotated_04676	True
InChI=1S/C24H22ClN3O4S/c1-14-5-12-19(26-13-14)28-22(29)20-17(25)10-11-18(21(20)23(28)30)27-33(31,32)16-8-6-15(7-9-16)24(2,3)4/h5-13,27H,1-4H3_on_P51686_WT	High	ChEMBL31	ChEMBL31.compound.299345	Cc1cnc(N2C(=O)c3c(C2=O)c(NS(=O)(=O)c2ccc(C(C)(C)C)cc2)ccc3Cl)cc1	RIWANELWTATHPF-UHFFFAOYSA-N	InChI=1S/C24H22ClN3O4S/c1-14-5-12-19(26-13-14)28-22(29)20-17(25)10-11-18(21(20)23(28)30)27-33(31,32)16-8-6-15(7-9-16)24(2,3)4/h5-13,27H,1-4H3	"""AuxInfo=1/0/N:1,23,24,25,33,20,26,19,27,29,28,32,3,2,21,18,30,13,5,9,10,7,11,22,31,4,14,6,8,12,16,17,15/E:(2,3,4)(6,7)(8,9)(31,32)/CRV:33.6/rA:33CCCNCNCOCCCOCNSOOCCCCCCCCCCCCCClCC/rB:s1;d2;s3;d4;s5;s6;d7;s7;d9;s6s10;d11;s10;s13;s14;d15;d15;s15;d18;s19;d20;s21;s22;s22;s22;s21;s18d26;d13;s28;s9d29;s30;s5;s2d32;/rC:;;;;;;;;;;;;;;;;;;;;;;;;;;;;;;;;;"""	P51686_WT	ChEMBL:CHEMBL5815	P51686	WT	CHEMBL3801235	PMID:26987013	2016.0	PMID:26987013	2016	0	0	0	1	0		=	  7.680	7.68	0.0	0.0	1.0	7.68	0.0	CCRs_HUMAN_annotated_04677	True
InChI=1S/C24H22ClN3O4S/c1-14-6-5-7-19(26-14)28-22(29)20-17(25)12-13-18(21(20)23(28)30)27-33(31,32)16-10-8-15(9-11-16)24(2,3)4/h5-13,27H,1-4H3_on_P51686_WT	High	ChEMBL31	ChEMBL31.compound.299110	Cc1cccc(N2C(=O)c3c(C2=O)c(NS(=O)(=O)c2ccc(C(C)(C)C)cc2)ccc3Cl)n1	MMQRLLCEGIOVQB-UHFFFAOYSA-N	InChI=1S/C24H22ClN3O4S/c1-14-6-5-7-19(26-14)28-22(29)20-17(25)12-13-18(21(20)23(28)30)27-33(31,32)16-10-8-15(9-11-16)24(2,3)4/h5-13,27H,1-4H3	"""AuxInfo=1/0/N:1,24,25,26,4,3,5,21,27,20,28,30,29,2,22,19,31,14,6,10,11,8,12,23,32,33,15,7,9,13,17,18,16/E:(2,3,4)(8,9)(10,11)(31,32)/CRV:33.6/rA:33CCCCCCNCOCCCOCNSOOCCCCCCCCCCCCCClN/rB:s1;d2;s3;d4;s5;s6;s7;d8;s8;d10;s7s11;d12;s11;s14;s15;d16;d16;s16;d19;s20;d21;s22;s23;s23;s23;s22;s19d27;d14;s29;s10d30;s31;s2d6;/rC:;;;;;;;;;;;;;;;;;;;;;;;;;;;;;;;;;"""	P51686_WT	ChEMBL:CHEMBL5815;ChEMBL:CHEMBL5815;ChEMBL:CHEMBL5815	P51686	WT	CHEMBL3801236;CHEMBL3801237;CHEMBL3801235	PMID:26987013	2016.0	PMID:26987013	2016	0	0	0	1	0		=	  8.220;  7.720;  8.300	8.08	0.257	0.181	3.0	8.22	0.08	CCRs_HUMAN_annotated_04678	True
InChI=1S/C24H22ClN3O4S/c1-14-11-12-26-13-19(14)28-22(29)20-17(25)9-10-18(21(20)23(28)30)27-33(31,32)16-7-5-15(6-8-16)24(2,3)4/h5-13,27H,1-4H3_on_P51686_WT	High	ChEMBL31	ChEMBL31.compound.299358	Cc1ccncc1N1C(=O)c2c(C1=O)c(NS(=O)(=O)c1ccc(C(C)(C)C)cc1)ccc2Cl	QCURQZGOIHROJH-UHFFFAOYSA-N	InChI=1S/C24H22ClN3O4S/c1-14-11-12-26-13-19(14)28-22(29)20-17(25)9-10-18(21(20)23(28)30)27-33(31,32)16-7-5-15(6-8-16)24(2,3)4/h5-13,27H,1-4H3	"""AuxInfo=1/0/N:1,25,26,27,22,28,21,29,31,30,3,4,6,2,23,20,32,15,7,11,12,9,13,24,33,5,16,8,10,14,18,19,17/E:(2,3,4)(5,6)(7,8)(31,32)/CRV:33.6/rA:33CCCCNCCNCOCCCOCNSOOCCCCCCCCCCCCCCl/rB:s1;d2;s3;d4;s5;s2d6;s7;s8;d9;s9;d11;s8s12;d13;s12;s15;s16;d17;d17;s17;d20;s21;d22;s23;s24;s24;s24;s23;s20d28;d15;s30;s11d31;s32;/rC:;;;;;;;;;;;;;;;;;;;;;;;;;;;;;;;;;"""	P51686_WT	ChEMBL:CHEMBL5815	P51686	WT	CHEMBL3801235	PMID:26987013	2016.0	PMID:26987013	2016	0	0	0	1	0		=	  8.150	8.15	0.0	0.0	1.0	8.15	0.0	CCRs_HUMAN_annotated_04679	True
InChI=1S/C24H22ClN3O4S/c1-14-11-12-26-19(13-14)28-22(29)20-17(25)9-10-18(21(20)23(28)30)27-33(31,32)16-7-5-15(6-8-16)24(2,3)4/h5-13,27H,1-4H3_on_P51686_WT	High	ChEMBL31	ChEMBL31.compound.299347	Cc1cc(N2C(=O)c3c(C2=O)c(NS(=O)(=O)c2ccc(C(C)(C)C)cc2)ccc3Cl)ncc1	INJYKLLFMFXKKU-UHFFFAOYSA-N	InChI=1S/C24H22ClN3O4S/c1-14-11-12-26-19(13-14)28-22(29)20-17(25)9-10-18(21(20)23(28)30)27-33(31,32)16-7-5-15(6-8-16)24(2,3)4/h5-13,27H,1-4H3	"""AuxInfo=1/0/N:1,22,23,24,19,25,18,26,28,27,33,32,3,2,20,17,29,12,4,8,9,6,10,21,30,31,13,5,7,11,15,16,14/E:(2,3,4)(5,6)(7,8)(31,32)/CRV:33.6/rA:33CCCCNCOCCCOCNSOOCCCCCCCCCCCCCClNCC/rB:s1;d2;s3;s4;s5;d6;s6;d8;s5s9;d10;s9;s12;s13;d14;d14;s14;d17;s18;d19;s20;s21;s21;s21;s20;s17d25;d12;s27;s8d28;s29;d4;s31;s2d32;/rC:;;;;;;;;;;;;;;;;;;;;;;;;;;;;;;;;;"""	P51686_WT	ChEMBL:CHEMBL5815	P51686	WT	CHEMBL3801235	PMID:26987013	2016.0	PMID:26987013	2016	0	0	0	1	0		=	  7.270	7.27	0.0	0.0	1.0	7.27	0.0	CCRs_HUMAN_annotated_04680	True
InChI=1S/C24H22ClN3O4S/c1-14-11-16(13-26-12-14)28-22(29)20-18(25)9-10-19(21(20)23(28)30)27-33(31,32)17-7-5-15(6-8-17)24(2,3)4/h5-13,27H,1-4H3_on_P51686_WT	High	ChEMBL31	ChEMBL31.compound.299363	Cc1cc(N2C(=O)c3c(C2=O)c(NS(=O)(=O)c2ccc(C(C)(C)C)cc2)ccc3Cl)cnc1	XNCZRQGVYNPCCU-UHFFFAOYSA-N	InChI=1S/C24H22ClN3O4S/c1-14-11-16(13-26-12-14)28-22(29)20-18(25)9-10-19(21(20)23(28)30)27-33(31,32)17-7-5-15(6-8-17)24(2,3)4/h5-13,27H,1-4H3	"""AuxInfo=1/0/N:1,22,23,24,19,25,18,26,28,27,3,33,31,2,20,4,17,29,12,8,9,6,10,21,30,32,13,5,7,11,15,16,14/E:(2,3,4)(5,6)(7,8)(31,32)/CRV:33.6/rA:33CCCCNCOCCCOCNSOOCCCCCCCCCCCCCClCNC/rB:s1;d2;s3;s4;s5;d6;s6;d8;s5s9;d10;s9;s12;s13;d14;d14;s14;d17;s18;d19;s20;s21;s21;s21;s20;s17d25;d12;s27;s8d28;s29;d4;s31;s2d32;/rC:;;;;;;;;;;;;;;;;;;;;;;;;;;;;;;;;;"""	P51686_WT	ChEMBL:CHEMBL5815	P51686	WT	CHEMBL3801235	PMID:26987013	2016.0	PMID:26987013	2016	0	0	0	1	0		=	  7.520	7.52	0.0	0.0	1.0	7.52	0.0	CCRs_HUMAN_annotated_04681	True
InChI=1S/C24H22ClN3O4S/c1-14-13-26-12-11-19(14)28-22(29)20-17(25)9-10-18(21(20)23(28)30)27-33(31,32)16-7-5-15(6-8-16)24(2,3)4/h5-13,27H,1-4H3_on_P51686_WT	High	ChEMBL31	ChEMBL31.compound.299339	Cc1c(N2C(=O)c3c(C2=O)c(NS(=O)(=O)c2ccc(C(C)(C)C)cc2)ccc3Cl)ccnc1	MDAAZYFOSLOQKT-UHFFFAOYSA-N	InChI=1S/C24H22ClN3O4S/c1-14-13-26-12-11-19(14)28-22(29)20-17(25)9-10-18(21(20)23(28)30)27-33(31,32)16-7-5-15(6-8-16)24(2,3)4/h5-13,27H,1-4H3	"""AuxInfo=1/0/N:1,21,22,23,18,24,17,25,27,26,30,31,33,2,19,16,28,11,3,7,8,5,9,20,29,32,12,4,6,10,14,15,13/E:(2,3,4)(5,6)(7,8)(31,32)/CRV:33.6/rA:33CCCNCOCCCOCNSOOCCCCCCCCCCCCCClCCNC/rB:s1;d2;s3;s4;d5;s5;d7;s4s8;d9;s8;s11;s12;d13;d13;s13;d16;s17;d18;s19;s20;s20;s20;s19;s16d24;d11;s26;s7d27;s28;s3;d30;s31;s2d32;/rC:;;;;;;;;;;;;;;;;;;;;;;;;;;;;;;;;;"""	P51686_WT	ChEMBL:CHEMBL5815	P51686	WT	CHEMBL3801235	PMID:26987013	2016.0	PMID:26987013	2016	0	0	0	1	0		=	  8.220	8.22	0.0	0.0	1.0	8.22	0.0	CCRs_HUMAN_annotated_04682	True
InChI=1S/C24H22ClN3O4S/c1-14-19(6-5-13-26-14)28-22(29)20-17(25)11-12-18(21(20)23(28)30)27-33(31,32)16-9-7-15(8-10-16)24(2,3)4/h5-13,27H,1-4H3_on_P51686_WT	High	ChEMBL31	ChEMBL31.compound.299117	Cc1c(N2C(=O)c3c(C2=O)c(NS(=O)(=O)c2ccc(C(C)(C)C)cc2)ccc3Cl)cccn1	RXGOKEYFCXLXEW-UHFFFAOYSA-N	InChI=1S/C24H22ClN3O4S/c1-14-19(6-5-13-26-14)28-22(29)20-17(25)11-12-18(21(20)23(28)30)27-33(31,32)16-9-7-15(8-10-16)24(2,3)4/h5-13,27H,1-4H3	"""AuxInfo=1/0/N:1,21,22,23,31,30,18,24,17,25,27,26,32,2,19,16,28,11,3,7,8,5,9,20,29,33,12,4,6,10,14,15,13/E:(2,3,4)(7,8)(9,10)(31,32)/CRV:33.6/rA:33CCCNCOCCCOCNSOOCCCCCCCCCCCCCClCCCN/rB:s1;d2;s3;s4;d5;s5;d7;s4s8;d9;s8;s11;s12;d13;d13;s13;d16;s17;d18;s19;s20;s20;s20;s19;s16d24;d11;s26;s7d27;s28;s3;d30;s31;s2d32;/rC:;;;;;;;;;;;;;;;;;;;;;;;;;;;;;;;;;"""	P51686_WT	ChEMBL:CHEMBL5815;ChEMBL:CHEMBL5815;ChEMBL:CHEMBL5815	P51686	WT	CHEMBL3801236;CHEMBL3801235;CHEMBL3801237	PMID:26987013	2016.0	PMID:26987013	2016	0	0	0	1	0		=	  7.920;  8.520;  7.850	8.097	0.301	0.213	3.0	7.92	0.07	CCRs_HUMAN_annotated_04683	True
InChI=1S/C24H22ClN3O4S/c1-24(2,3)15-7-9-17(10-8-15)33(31,32)27-19-12-11-18(25)20-21(19)23(30)28(22(20)29)14-16-6-4-5-13-26-16/h4-13,27H,14H2,1-3H3_on_P51686_WT	High	ChEMBL31	ChEMBL31.compound.299338	CC(C)(C)c1ccc(S(=O)(=O)Nc2ccc(Cl)c3c2C(=O)N(Cc2ncccc2)C3=O)cc1	DHLYQHPYVBLUGG-UHFFFAOYSA-N	InChI=1S/C24H22ClN3O4S/c1-24(2,3)15-7-9-17(10-8-15)33(31,32)27-19-12-11-18(25)20-21(19)23(30)28(22(20)29)14-16-6-4-5-13-26-16/h4-13,27H,14H2,1-3H3	"""AuxInfo=1/0/N:1,3,4,28,27,29,6,33,7,32,15,14,26,23,5,24,8,16,13,18,19,30,20,2,17,25,12,22,31,21,10,11,9/E:(1,2,3)(7,8)(9,10)(31,32)/CRV:33.6/rA:33CCCCCCCCSOONCCCCClCCCONCCNCCCCCOCC/rB:s1;s2;s2;s2;d5;s6;d7;s8;d9;d9;s9;s12;d13;s14;d15;s16;s16;s13d18;s19;d20;s20;s22;s23;d24;s25;d26;s27;s24d28;s18s22;d30;s8;s5d32;/rC:;;;;;;;;;;;;;;;;;;;;;;;;;;;;;;;;;"""	P51686_WT	ChEMBL:CHEMBL5815	P51686	WT	CHEMBL3801235	PMID:26987013	2016.0	PMID:26987013	2016	0	0	0	1	0		=	  7.700	7.7	0.0	0.0	1.0	7.7	0.0	CCRs_HUMAN_annotated_04684	True
InChI=1S/C24H22ClN3O4S/c1-24(2,3)16-4-6-17(7-5-16)33(31,32)27-19-9-8-18(25)20-21(19)23(30)28(22(20)29)14-15-10-12-26-13-11-15/h4-13,27H,14H2,1-3H3_on_P51686_WT	High	ChEMBL31	ChEMBL31.compound.299120	CC(C)(C)c1ccc(S(=O)(=O)Nc2ccc(Cl)c3c2C(=O)N(Cc2ccncc2)C3=O)cc1	IOOYJLRHHNGMEA-UHFFFAOYSA-N	InChI=1S/C24H22ClN3O4S/c1-24(2,3)16-4-6-17(7-5-16)33(31,32)27-19-9-8-18(25)20-21(19)23(30)28(22(20)29)14-15-10-12-26-13-11-15/h4-13,27H,14H2,1-3H3	"""AuxInfo=1/0/N:1,3,4,6,33,7,32,15,14,25,29,26,28,23,24,5,8,16,13,18,19,30,20,2,17,27,12,22,31,21,10,11,9/E:(1,2,3)(4,5)(6,7)(10,11)(12,13)(31,32)/CRV:33.6/rA:33CCCCCCCCSOONCCCCClCCCONCCCCNCCCOCC/rB:s1;s2;s2;s2;d5;s6;d7;s8;d9;d9;s9;s12;d13;s14;d15;s16;s16;s13d18;s19;d20;s20;s22;s23;d24;s25;d26;s27;s24d28;s18s22;d30;s8;s5d32;/rC:;;;;;;;;;;;;;;;;;;;;;;;;;;;;;;;;;"""	P51686_WT	ChEMBL:CHEMBL5815;ChEMBL:CHEMBL5815	P51686	WT	CHEMBL3801235;CHEMBL3801236	PMID:26987013	2016.0	PMID:26987013	2016	0	0	0	1	0		=	  8.100;  7.770	7.935	0.165	0.165	2.0	7.935	0.165	CCRs_HUMAN_annotated_04685	True
InChI=1S/C24H22ClN3O4S/c1-24(2,3)16-6-8-17(9-7-16)33(31,32)27-19-11-10-18(25)20-21(19)23(30)28(22(20)29)14-15-5-4-12-26-13-15/h4-13,27H,14H2,1-3H3_on_P51686_WT	High	ChEMBL31	ChEMBL31.compound.299119	CC(C)(C)c1ccc(S(=O)(=O)Nc2ccc(Cl)c3c2C(=O)N(Cc2cnccc2)C3=O)cc1	PBURDMGHFQZXSM-UHFFFAOYSA-N	InChI=1S/C24H22ClN3O4S/c1-24(2,3)16-6-8-17(9-7-16)33(31,32)27-19-11-10-18(25)20-21(19)23(30)28(22(20)29)14-15-5-4-12-26-13-15/h4-13,27H,14H2,1-3H3	"""AuxInfo=1/0/N:1,3,4,28,29,6,33,7,32,15,14,27,25,23,24,5,8,16,13,18,19,30,20,2,17,26,12,22,31,21,10,11,9/E:(1,2,3)(6,7)(8,9)(31,32)/CRV:33.6/rA:33CCCCCCCCSOONCCCCClCCCONCCCNCCCCOCC/rB:s1;s2;s2;s2;d5;s6;d7;s8;d9;d9;s9;s12;d13;s14;d15;s16;s16;s13d18;s19;d20;s20;s22;s23;d24;s25;d26;s27;s24d28;s18s22;d30;s8;s5d32;/rC:;;;;;;;;;;;;;;;;;;;;;;;;;;;;;;;;;"""	P51686_WT	ChEMBL:CHEMBL5815;ChEMBL:CHEMBL5815;ChEMBL:CHEMBL5815	P51686	WT	CHEMBL3801235;CHEMBL3801237;CHEMBL3801236	PMID:26987013	2016.0	PMID:26987013	2016	0	0	0	1	0		=	  7.660;  6.450;  7.570	7.227	0.55	0.389	3.0	7.57	0.09	CCRs_HUMAN_annotated_04686	True
InChI=1S/C24H22ClN3O5S/c1-14-19(6-5-13-27(14)31)28-22(29)20-17(25)11-12-18(21(20)23(28)30)26-34(32,33)16-9-7-15(8-10-16)24(2,3)4/h5-13,26H,1-4H3_on_P51686_WT	High	ChEMBL31	ChEMBL31.compound.299116	Cc1c(N2C(=O)c3c(C2=O)c(NS(=O)(=O)c2ccc(C(C)(C)C)cc2)ccc3Cl)ccc[n+]1[O-]	SEZYEWZALINSCW-UHFFFAOYSA-N	InChI=1S/C24H22ClN3O5S/c1-14-19(6-5-13-27(14)31)28-22(29)20-17(25)11-12-18(21(20)23(28)30)26-34(32,33)16-9-7-15(8-10-16)24(2,3)4/h5-13,26H,1-4H3	"""AuxInfo=1/0/N:1,21,22,23,31,30,18,24,17,25,27,26,32,2,19,16,28,11,3,7,8,5,9,20,29,12,33,4,6,10,34,14,15,13/E:(2,3,4)(7,8)(9,10)(32,33)/CRV:27.5,34.6/rA:34CCCNCOCCCOCNSOOCCCCCCCCCCCCCClCCCN+O-/rB:s1;d2;s3;s4;d5;s5;d7;s4s8;d9;s8;s11;s12;d13;d13;s13;d16;s17;d18;s19;s20;s20;s20;s19;s16d24;d11;s26;s7d27;s28;s3;d30;s31;s2d32;s33;/rC:;;;;;;;;;;;;;;;;;;;;;;;;;;;;;;;;;;"""	P51686_WT	ChEMBL:CHEMBL5815;ChEMBL:CHEMBL5815;ChEMBL:CHEMBL5815	P51686	WT	CHEMBL3801236;CHEMBL3801237;CHEMBL3801235	PMID:26987013	2016.0	PMID:26987013	2016	0	0	0	1	0		=	  7.890;  7.620;  8.220	7.91	0.245	0.173	3.0	7.89	0.27	CCRs_HUMAN_annotated_04687	True
InChI=1S/C24H22ClN3O5S/c1-24(2,3)14-5-7-15(8-6-14)34(31,32)27-17-10-9-16(25)20-21(17)23(30)28(22(20)29)18-13-26-12-11-19(18)33-4/h5-13,27H,1-4H3_on_P51686_WT	High	ChEMBL31	ChEMBL31.compound.299112	COc1ccncc1N1C(=O)c2c(C1=O)c(NS(=O)(=O)c1ccc(C(C)(C)C)cc1)ccc2Cl	XZTHSPADGNOFJP-UHFFFAOYSA-N	InChI=1S/C24H22ClN3O5S/c1-24(2,3)14-5-7-15(8-6-14)34(31,32)27-17-10-9-16(25)20-21(17)23(30)28(22(20)29)18-13-26-12-11-19(18)33-4/h5-13,27H,1-4H3	"""AuxInfo=1/0/N:26,27,28,1,23,29,22,30,32,31,4,5,7,24,21,33,16,8,3,12,13,10,14,25,34,6,17,9,11,15,19,20,2,18/E:(1,2,3)(5,6)(7,8)(31,32)/CRV:34.6/rA:34COCCCNCCNCOCCCOCNSOOCCCCCCCCCCCCCCl/rB:s1;s2;d3;s4;d5;s6;s3d7;s8;s9;d10;s10;d12;s9s13;d14;s13;s16;s17;d18;d18;s18;d21;s22;d23;s24;s25;s25;s25;s24;s21d29;d16;s31;s12d32;s33;/rC:;;;;;;;;;;;;;;;;;;;;;;;;;;;;;;;;;;"""	P51686_WT	ChEMBL:CHEMBL5815;ChEMBL:CHEMBL5815;ChEMBL:CHEMBL5815	P51686	WT	CHEMBL3801236;CHEMBL3801237;CHEMBL3801235	PMID:26987013	2016.0	PMID:26987013	2016	0	0	0	1	0		=	  7.460;  8.520;  8.700	8.227	0.547	0.387	3.0	8.52	0.18	CCRs_HUMAN_annotated_04688	True
InChI=1S/C24H22ClN3O5S/c1-24(2,3)14-5-7-17(8-6-14)34(31,32)27-19-10-9-18(25)20-21(19)23(30)28(22(20)29)15-11-16(33-4)13-26-12-15/h5-13,27H,1-4H3_on_P51686_WT	High	ChEMBL31	ChEMBL31.compound.299365	COc1cc(N2C(=O)c3c(C2=O)c(NS(=O)(=O)c2ccc(C(C)(C)C)cc2)ccc3Cl)cnc1	OLWQXIGYACNEIS-UHFFFAOYSA-N	InChI=1S/C24H22ClN3O5S/c1-24(2,3)14-5-7-17(8-6-14)34(31,32)27-19-10-9-18(25)20-21(19)23(30)28(22(20)29)15-11-16(33-4)13-26-12-15/h5-13,27H,1-4H3	"""AuxInfo=1/0/N:23,24,25,1,20,26,19,27,29,28,4,32,34,21,5,3,18,30,13,9,10,7,11,22,31,33,14,6,8,12,16,17,2,15/E:(1,2,3)(5,6)(7,8)(31,32)/CRV:34.6/rA:34COCCCNCOCCCOCNSOOCCCCCCCCCCCCCClCNC/rB:s1;s2;d3;s4;s5;s6;d7;s7;d9;s6s10;d11;s10;s13;s14;d15;d15;s15;d18;s19;d20;s21;s22;s22;s22;s21;s18d26;d13;s28;s9d29;s30;d5;s32;s3d33;/rC:;;;;;;;;;;;;;;;;;;;;;;;;;;;;;;;;;;"""	P51686_WT	ChEMBL:CHEMBL5815	P51686	WT	CHEMBL3801235	PMID:26987013	2016.0	PMID:26987013	2016	0	0	0	1	0		=	  7.660	7.66	0.0	0.0	1.0	7.66	0.0	CCRs_HUMAN_annotated_04689	True
InChI=1S/C24H22ClN3O5S/c1-24(2,3)14-5-8-16(9-6-14)34(31,32)27-18-11-10-17(25)20-21(18)23(30)28(22(20)29)15-7-12-19(33-4)26-13-15/h5-13,27H,1-4H3_on_P51686_WT	High	ChEMBL31	ChEMBL31.compound.299360	COc1ncc(N2C(=O)c3c(C2=O)c(NS(=O)(=O)c2ccc(C(C)(C)C)cc2)ccc3Cl)cc1	FDNHELFSRJUTAS-UHFFFAOYSA-N	InChI=1S/C24H22ClN3O5S/c1-24(2,3)14-5-8-16(9-6-14)34(31,32)27-18-11-10-17(25)20-21(18)23(30)28(22(20)29)15-7-12-19(33-4)26-13-15/h5-13,27H,1-4H3	"""AuxInfo=1/0/N:24,25,26,1,21,27,33,20,28,30,29,34,5,22,6,19,31,14,3,10,11,8,12,23,32,4,15,7,9,13,17,18,2,16/E:(1,2,3)(5,6)(8,9)(31,32)/CRV:34.6/rA:34COCNCCNCOCCCOCNSOOCCCCCCCCCCCCCClCC/rB:s1;s2;d3;s4;d5;s6;s7;d8;s8;d10;s7s11;d12;s11;s14;s15;d16;d16;s16;d19;s20;d21;s22;s23;s23;s23;s22;s19d27;d14;s29;s10d30;s31;s6;s3d33;/rC:;;;;;;;;;;;;;;;;;;;;;;;;;;;;;;;;;;"""	P51686_WT	ChEMBL:CHEMBL5815	P51686	WT	CHEMBL3801235	PMID:26987013	2016.0	PMID:26987013	2016	0	0	0	1	0		=	  7.110	7.11	0.0	0.0	1.0	7.11	0.0	CCRs_HUMAN_annotated_04690	True
InChI=1S/C24H22ClN3O5S/c1-24(2,3)14-7-9-15(10-8-14)34(31,32)27-17-12-11-16(25)19-20(17)23(30)28(22(19)29)18-6-5-13-26-21(18)33-4/h5-13,27H,1-4H3_on_P51686_WT	High	ChEMBL31	ChEMBL31.compound.299115	COc1c(N2C(=O)c3c(C2=O)c(NS(=O)(=O)c2ccc(C(C)(C)C)cc2)ccc3Cl)cccn1	ZPVJGKVXWYCBRK-UHFFFAOYSA-N	InChI=1S/C24H22ClN3O5S/c1-24(2,3)14-7-9-15(10-8-14)34(31,32)27-17-12-11-16(25)19-20(17)23(30)28(22(19)29)18-6-5-13-26-21(18)33-4/h5-13,27H,1-4H3	"""AuxInfo=1/0/N:22,23,24,1,32,31,19,25,18,26,28,27,33,20,17,29,12,4,8,9,3,6,10,21,30,34,13,5,7,11,15,16,2,14/E:(1,2,3)(7,8)(9,10)(31,32)/CRV:34.6/rA:34COCCNCOCCCOCNSOOCCCCCCCCCCCCCClCCCN/rB:s1;s2;d3;s4;s5;d6;s6;d8;s5s9;d10;s9;s12;s13;d14;d14;s14;d17;s18;d19;s20;s21;s21;s21;s20;s17d25;d12;s27;s8d28;s29;s4;d31;s32;s3d33;/rC:;;;;;;;;;;;;;;;;;;;;;;;;;;;;;;;;;;"""	P51686_WT	ChEMBL:CHEMBL5815;ChEMBL:CHEMBL5815;ChEMBL:CHEMBL5815	P51686	WT	CHEMBL3801237;CHEMBL3801235;CHEMBL3801236	PMID:26987013	2016.0	PMID:26987013	2016	0	0	0	1	0		=	  7.500;  8.520;  8.520	8.18	0.481	0.34	3.0	8.52	0.0	CCRs_HUMAN_annotated_04691	True
InChI=1S/C24H22ClN3O5S/c1-24(2,3)14-7-9-15(10-8-14)34(31,32)27-17-12-11-16(25)19-20(17)23(30)28(22(19)29)21-18(33-4)6-5-13-26-21/h5-13,27H,1-4H3_on_P51686_WT	High	ChEMBL31	ChEMBL31.compound.299348	COc1cccnc1N1C(=O)c2c(C1=O)c(NS(=O)(=O)c1ccc(C(C)(C)C)cc1)ccc2Cl	MDBCWNGBKQRVCQ-UHFFFAOYSA-N	InChI=1S/C24H22ClN3O5S/c1-24(2,3)14-7-9-15(10-8-14)34(31,32)27-17-12-11-16(25)19-20(17)23(30)28(22(19)29)21-18(33-4)6-5-13-26-21/h5-13,27H,1-4H3	"""AuxInfo=1/0/N:26,27,28,1,5,4,23,29,22,30,32,31,6,24,21,33,16,3,12,13,8,10,14,25,34,7,17,9,11,15,19,20,2,18/E:(1,2,3)(7,8)(9,10)(31,32)/CRV:34.6/rA:34COCCCCNCNCOCCCOCNSOOCCCCCCCCCCCCCCl/rB:s1;s2;d3;s4;d5;s6;s3d7;s8;s9;d10;s10;d12;s9s13;d14;s13;s16;s17;d18;d18;s18;d21;s22;d23;s24;s25;s25;s25;s24;s21d29;d16;s31;s12d32;s33;/rC:;;;;;;;;;;;;;;;;;;;;;;;;;;;;;;;;;;"""	P51686_WT	ChEMBL:CHEMBL5815	P51686	WT	CHEMBL3801235	PMID:26987013	2016.0	PMID:26987013	2016	0	0	0	1	0		=	  7.660	7.66	0.0	0.0	1.0	7.66	0.0	CCRs_HUMAN_annotated_04692	True
InChI=1S/C24H22ClN3O5S/c1-24(2,3)15-7-9-17(10-8-15)34(32,33)26-19-12-11-18(25)20-21(19)23(30)27(22(20)29)14-16-6-4-5-13-28(16)31/h4-13,26H,14H2,1-3H3_on_P51686_WT	High	ChEMBL31	ChEMBL31.compound.299109	CC(C)(C)c1ccc(S(=O)(=O)Nc2ccc(Cl)c3c2C(=O)N(Cc2[n+]([O-])cccc2)C3=O)cc1	YXFSDKSDGGUHIS-UHFFFAOYSA-N	InChI=1S/C24H22ClN3O5S/c1-24(2,3)15-7-9-17(10-8-15)34(32,33)26-19-12-11-18(25)20-21(19)23(30)27(22(20)29)14-16-6-4-5-13-28(16)31/h4-13,26H,14H2,1-3H3	"""AuxInfo=1/0/N:1,3,4,29,28,30,6,34,7,33,15,14,27,23,5,24,8,16,13,18,19,31,20,2,17,12,22,25,32,21,26,10,11,9/E:(1,2,3)(7,8)(9,10)(32,33)/CRV:28.5,34.6/rA:34CCCCCCCCSOONCCCCClCCCONCCN+O-CCCCCOCC/rB:s1;s2;s2;s2;d5;s6;d7;s8;d9;d9;s9;s12;d13;s14;d15;s16;s16;s13d18;s19;d20;s20;s22;s23;d24;s25;s25;d27;s28;s24d29;s18s22;d31;s8;s5d33;/rC:;;;;;;;;;;;;;;;;;;;;;;;;;;;;;;;;;;"""	P51686_WT	ChEMBL:CHEMBL5815;ChEMBL:CHEMBL5815;ChEMBL:CHEMBL5815	P51686	WT	CHEMBL3801236;CHEMBL3801235;CHEMBL3801237	PMID:26987013	2016.0	PMID:26987013	2016	0	0	0	1	0		=	  8.000;  8.220;  7.400	7.873	0.347	0.245	3.0	8.0	0.22	CCRs_HUMAN_annotated_04693	True
InChI=1S/C24H22ClN3O5S/c1-24(2,3)16-4-6-17(7-5-16)34(32,33)26-19-9-8-18(25)20-21(19)23(30)28(22(20)29)14-15-10-12-27(31)13-11-15/h4-13,26H,14H2,1-3H3_on_P51686_WT	High	ChEMBL31	ChEMBL31.compound.299325	CC(C)(C)c1ccc(S(=O)(=O)Nc2ccc(Cl)c3c2C(=O)N(Cc2cc[n+]([O-])cc2)C3=O)cc1	DVUIEDLIWUSBFJ-UHFFFAOYSA-N	InChI=1S/C24H22ClN3O5S/c1-24(2,3)16-4-6-17(7-5-16)34(32,33)26-19-9-8-18(25)20-21(19)23(30)28(22(20)29)14-15-10-12-27(31)13-11-15/h4-13,26H,14H2,1-3H3	"""AuxInfo=1/0/N:1,3,4,6,34,7,33,15,14,25,30,26,29,23,24,5,8,16,13,18,19,31,20,2,17,12,27,22,32,21,28,10,11,9/E:(1,2,3)(4,5)(6,7)(10,11)(12,13)(32,33)/CRV:27.5,34.6/rA:34CCCCCCCCSOONCCCCClCCCONCCCCN+O-CCCOCC/rB:s1;s2;s2;s2;d5;s6;d7;s8;d9;d9;s9;s12;d13;s14;d15;s16;s16;s13d18;s19;d20;s20;s22;s23;d24;s25;d26;s27;s27;s24d29;s18s22;d31;s8;s5d33;/rC:;;;;;;;;;;;;;;;;;;;;;;;;;;;;;;;;;;"""	P51686_WT	ChEMBL:CHEMBL5815	P51686	WT	CHEMBL3801235	PMID:26987013	2016.0	PMID:26987013	2016	0	0	0	1	0		=	  7.520	7.52	0.0	0.0	1.0	7.52	0.0	CCRs_HUMAN_annotated_04694	True
InChI=1S/C24H22ClN3O5S/c1-24(2,3)16-6-8-17(9-7-16)34(32,33)26-19-11-10-18(25)20-21(19)23(30)28(22(20)29)14-15-5-4-12-27(31)13-15/h4-13,26H,14H2,1-3H3_on_P51686_WT	High	ChEMBL31	ChEMBL31.compound.299118	CC(C)(C)c1ccc(S(=O)(=O)Nc2ccc(Cl)c3c2C(=O)N(Cc2c[n+]([O-])ccc2)C3=O)cc1	NYFMBNUDUROXPI-UHFFFAOYSA-N	InChI=1S/C24H22ClN3O5S/c1-24(2,3)16-6-8-17(9-7-16)34(32,33)26-19-11-10-18(25)20-21(19)23(30)28(22(20)29)14-15-5-4-12-27(31)13-15/h4-13,26H,14H2,1-3H3	"""AuxInfo=1/0/N:1,3,4,29,30,6,34,7,33,15,14,28,25,23,24,5,8,16,13,18,19,31,20,2,17,12,26,22,32,21,27,10,11,9/E:(1,2,3)(6,7)(8,9)(32,33)/CRV:27.5,34.6/rA:34CCCCCCCCSOONCCCCClCCCONCCCN+O-CCCCOCC/rB:s1;s2;s2;s2;d5;s6;d7;s8;d9;d9;s9;s12;d13;s14;d15;s16;s16;s13d18;s19;d20;s20;s22;s23;d24;s25;s26;d26;s28;s24d29;s18s22;d31;s8;s5d33;/rC:;;;;;;;;;;;;;;;;;;;;;;;;;;;;;;;;;;"""	P51686_WT	ChEMBL:CHEMBL5815;ChEMBL:CHEMBL5815;ChEMBL:CHEMBL5815	P51686	WT	CHEMBL3801236;CHEMBL3801237;CHEMBL3801235	PMID:26987013	2016.0	PMID:26987013	2016	0	0	0	1	0		=	  7.130;  7.420;  7.890	7.48	0.313	0.221	3.0	7.42	0.29	CCRs_HUMAN_annotated_04695	True
InChI=1S/C24H22ClN3O6S/c1-24(2,3)14-7-9-15(10-8-14)35(32,33)26-17-12-11-16(25)19-20(17)22(30)28(21(19)29)18-6-5-13-27(31)23(18)34-4/h5-13,26H,1-4H3_on_P51686_WT	High	ChEMBL31	ChEMBL31.compound.299114	COc1c(N2C(=O)c3c(C2=O)c(NS(=O)(=O)c2ccc(C(C)(C)C)cc2)ccc3Cl)ccc[n+]1[O-]	NTJLUNKTQLDINW-UHFFFAOYSA-N	InChI=1S/C24H22ClN3O6S/c1-24(2,3)14-7-9-15(10-8-14)35(32,33)26-17-12-11-16(25)19-20(17)22(30)28(21(19)29)18-6-5-13-27(31)23(18)34-4/h5-13,26H,1-4H3	"""AuxInfo=1/0/N:22,23,24,1,32,31,19,25,18,26,28,27,33,20,17,29,12,4,8,9,6,10,3,21,30,13,34,5,7,11,35,15,16,2,14/E:(1,2,3)(7,8)(9,10)(32,33)/CRV:27.5,35.6/rA:35COCCNCOCCCOCNSOOCCCCCCCCCCCCCClCCCN+O-/rB:s1;s2;d3;s4;s5;d6;s6;d8;s5s9;d10;s9;s12;s13;d14;d14;s14;d17;s18;d19;s20;s21;s21;s21;s20;s17d25;d12;s27;s8d28;s29;s4;d31;s32;s3d33;s34;/rC:;;;;;;;;;;;;;;;;;;;;;;;;;;;;;;;;;;;"""	P51686_WT	ChEMBL:CHEMBL5815;ChEMBL:CHEMBL5815;ChEMBL:CHEMBL5815	P51686	WT	CHEMBL3801237;CHEMBL3801235;CHEMBL3801236	PMID:26987013	2016.0	PMID:26987013	2016	0	0	0	1	0		=	  6.950;  8.400;  8.220	7.857	0.645	0.456	3.0	8.22	0.18	CCRs_HUMAN_annotated_04696	True
InChI=1S/C24H22N4O8S/c1-3-12-36-22-11-8-16(13-23(22)35-2)15-25-26-20-10-9-17(14-21(20)28(31)32)37(33,34)27-19-7-5-4-6-18(19)24(29)30/h3-11,13-15,26-27H,1,12H2,2H3,(H,29,30)_on_P51684_WT	High	ChEMBL31	ChEMBL31.compound.628340	C=CCOc1c(OC)cc(C=NNc2c([N+](=O)[O-])cc(S(=O)(=O)Nc3c(C(=O)O)cccc3)cc2)cc1	PKMMWLYTDUYCLW-UHFFFAOYSA-N	InChI=1S/C24H22N4O8S/c1-3-12-36-22-11-8-16(13-23(22)35-2)15-25-26-20-10-9-17(14-21(20)28(31)32)37(33,34)27-19-7-5-4-6-18(19)24(29)30/h3-11,13-15,26-27H,1,12H2,2H3,(H,29,30)	"""AuxInfo=1/1/N:1,8,2,31,32,30,33,36,34,35,37,3,9,19,11,10,20,26,25,14,15,5,6,27,12,13,24,16,28,29,17,18,22,23,7,4,21/E:(29,30)(31,32)(33,34)/CRV:28.5,37.6/rA:37CCCOCCOCCCCNNCCN+OO-CCSOONCCCOOCCCCCCCC/rB:d1;s2;s3;s4;d5;s6;s7;s6;d9;s10;w?11;s12;s13;d14;s15;d16;s16;s15;d19;s20;d21;d21;s21;s24;d25;s26;d27;s27;s26;d30;s31;s25d32;s20;s14d34;s10;s5d36;/rC:;;;;;;;;;;;;;;;;;;;;;;;;;;;;;;;;;;;;;"""	P51684_WT	ChEMBL:CHEMBL4423	P51684	WT	CHEMBL1738164	PubChemAID:504728	2011.0	PubChemAID:504728	2011	1	0	0	0	0		=	  4.640	4.64	0.0	0.0	1.0	4.64	0.0	CCRs_HUMAN_annotated_04708	True
InChI=1S/C24H23Cl3N4O4S/c25-16-13-21(30-36(33,34)17-7-8-19(26)20(27)14-17)24(29-15-16)35-22-6-2-1-5-18(22)23(32)28-9-12-31-10-3-4-11-31/h1-2,5-8,13-15,30H,3-4,9-12H2,(H,28,32)_on_P41597_WT	High	ChEMBL31	ChEMBL31.compound.170732	O=C(NCCN1CCCC1)c1ccccc1Oc1ncc(Cl)cc1NS(=O)(=O)c1ccc(Cl)c(Cl)c1	PRMHAEAYGNFVPS-UHFFFAOYSA-N	InChI=1S/C24H23Cl3N4O4S/c25-16-13-21(30-36(33,34)17-7-8-19(26)20(27)14-17)24(29-15-16)35-22-6-2-1-5-18(22)23(32)28-9-12-31-10-3-4-11-31/h1-2,5-8,13-15,30H,3-4,9-12H2,(H,28,32)	"""AuxInfo=1/1/N:13,14,8,9,12,15,30,31,4,7,10,5,23,36,20,21,29,11,32,34,24,16,2,18,22,33,35,3,19,25,6,1,27,28,17,26/E:(3,4)(10,11)(33,34)/CRV:36.6/rA:36OCNCCNCCCCCCCCCCOCNCCClCCNSOOCCCCClCClC/rB:d1;s2;s3;s4;s5;s6;s7;s8;s6s9;s2;d11;s12;d13;s14;s11d15;s16;s17;d18;s19;d20;s21;s21;s18d23;s24;s25;d26;d26;s26;d29;s30;d31;s32;s32;s34;s29d34;/rC:;;;;;;;;;;;;;;;;;;;;;;;;;;;;;;;;;;;;"""	P41597_WT	ChEMBL:CHEMBL4015;ChEMBL:CHEMBL4015	P41597	WT	CHEMBL1925695;CHEMBL1925745	PMID:22047688	2011.0	PMID:22047688	2011	0	0	0	1	0		=	  6.200;  5.600	5.9	0.3	0.3	2.0	5.9	0.3	CCRs_HUMAN_annotated_04717	True
InChI=1S/C24H23Cl3N4O4S/c25-17-13-22(30-36(33,34)19-6-7-20(26)21(27)14-19)24(29-15-17)35-18-5-3-4-16(12-18)23(32)28-8-11-31-9-1-2-10-31/h3-7,12-15,30H,1-2,8-11H2,(H,28,32)_on_P41597_WT	High	ChEMBL31	ChEMBL31.compound.170729	O=C(NCCN1CCCC1)c1cc(Oc2ncc(Cl)cc2NS(=O)(=O)c2ccc(Cl)c(Cl)c2)ccc1	RXLINTREBYMMMC-UHFFFAOYSA-N	InChI=1S/C24H23Cl3N4O4S/c25-17-13-22(30-36(33,34)19-6-7-20(26)21(27)14-19)24(29-15-17)35-18-5-3-4-16(12-18)23(32)28-8-11-31-9-1-2-10-31/h3-7,12-15,30H,1-2,8-11H2,(H,28,32)	"""AuxInfo=1/1/N:8,9,35,36,34,27,28,4,7,10,5,12,20,33,17,11,18,13,26,29,31,21,2,15,19,30,32,3,16,22,6,1,24,25,14,23/E:(1,2)(9,10)(33,34)/CRV:36.6/rA:36OCNCCNCCCCCCCOCNCCClCCNSOOCCCCClCClCCCC/rB:d1;s2;s3;s4;s5;s6;s7;s8;s6s9;s2;d11;s12;s13;s14;d15;s16;d17;s18;s18;s15d20;s21;s22;d23;d23;s23;d26;s27;d28;s29;s29;s31;s26d31;d13;s34;s11d35;/rC:;;;;;;;;;;;;;;;;;;;;;;;;;;;;;;;;;;;;"""	P41597_WT	ChEMBL:CHEMBL4015;ChEMBL:CHEMBL4015	P41597	WT	CHEMBL1925745;CHEMBL1925695	PMID:22047688	2011.0	PMID:22047688	2011	0	0	0	1	0		=	  6.000;  7.000	6.5	0.5	0.5	2.0	6.5	0.5	CCRs_HUMAN_annotated_04718	True
InChI=1S/C24H23Cl3N4O4S/c25-17-13-22(30-36(33,34)19-7-8-20(26)21(27)14-19)24(29-15-17)35-18-5-3-16(4-6-18)23(32)28-9-12-31-10-1-2-11-31/h3-8,13-15,30H,1-2,9-12H2,(H,28,32)_on_P41597_WT	High	ChEMBL31	ChEMBL31.compound.170726	O=C(NCCN1CCCC1)c1ccc(Oc2ncc(Cl)cc2NS(=O)(=O)c2ccc(Cl)c(Cl)c2)cc1	ZAYWNIIRYMQVOL-UHFFFAOYSA-N	InChI=1S/C24H23Cl3N4O4S/c25-17-13-22(30-36(33,34)19-7-8-20(26)21(27)14-19)24(29-15-17)35-18-5-3-16(4-6-18)23(32)28-9-12-31-10-1-2-11-31/h3-8,13-15,30H,1-2,9-12H2,(H,28,32)	"""AuxInfo=1/1/N:8,9,12,36,13,35,28,29,4,7,10,5,21,34,18,11,19,14,27,30,32,22,2,16,20,31,33,3,17,23,6,1,25,26,15,24/E:(1,2)(3,4)(5,6)(10,11)(33,34)/CRV:36.6/rA:36OCNCCNCCCCCCCCOCNCCClCCNSOOCCCCClCClCCC/rB:d1;s2;s3;s4;s5;s6;s7;s8;s6s9;s2;d11;s12;d13;s14;s15;d16;s17;d18;s19;s19;s16d21;s22;s23;d24;d24;s24;d27;s28;d29;s30;s30;s32;s27d32;s14;s11d35;/rC:;;;;;;;;;;;;;;;;;;;;;;;;;;;;;;;;;;;;"""	P41597_WT	ChEMBL:CHEMBL4015;ChEMBL:CHEMBL4015	P41597	WT	CHEMBL1925745;CHEMBL1925695	PMID:22047688	2011.0	PMID:22047688	2011	0	0	0	1	0		=	  7.200;  7.890	7.545	0.345	0.345	2.0	7.545	0.345	CCRs_HUMAN_annotated_04719	True
InChI=1S/C24H23ClFN3O4S/c1-15-13-29(14-16(2)33-15)23-6-4-19(12-21(23)26)34(31,32)28-22-5-3-18(25)11-20(22)24(30)17-7-9-27-10-8-17/h3-12,15-16,28H,13-14H2,1-2H3/t15-,16+_on_P51686_WT	Low	ChEMBL31	ChEMBL31.compound.1070667	C[C@H]1CN(c2c(F)cc(S(=O)(=O)Nc3ccc(Cl)cc3C(=O)c3ccncc3)cc2)C[C@@H](C)O1	DFMFBKHBACRILC-IYBDPMFKSA-N	InChI=1S/C24H23ClFN3O4S/c1-15-13-29(14-16(2)33-15)23-6-4-19(12-21(23)26)34(31,32)28-22-5-3-18(25)11-20(22)24(30)17-7-9-27-10-8-17/h3-12,15-16,28H,13-14H2,1-2H3/t15-,16+	"""AuxInfo=1/0/N:1,33,16,29,15,30,24,28,25,27,19,8,3,31,2,32,23,17,9,20,6,14,5,21,18,7,26,13,4,22,11,12,34,10/E:(1,2)(7,8)(9,10)(13,14)(15,16)(31,32)/CRV:34.6/rA:34CC.oCNCCFCCSOONCCCCClCCCOCCCNCCCCCC.oCO/rB:s1;s2;s3;s4;d5;s6;s6;d8;s9;d10;d10;s10;s13;d14;s15;d16;s17;s17;s14d19;s20;d21;s21;d23;s24;d25;s26;s23d27;s9;s5d29;s4;s31;s32;s2s32;/rC:;;;;;;;;;;;;;;;;;;;;;;;;;;;;;;;;;;"""	P51686_WT	ChEMBL:CHEMBL5815;ChEMBL:CHEMBL5815	P51686	WT	CHEMBL3721193;CHEMBL3721192	PATENT:US7420055B2	2008.0	PATENT:US7420055B2	2008	1	0	0	0	0		>	  6.000;  6.000	6.0	0.0	0.0	2.0	6.0	0.0	CCRs_HUMAN_annotated_04720	True
InChI=1S/C24H23ClFN3O5S/c1-15-13-28(14-16(2)34-15)23-6-4-19(12-21(23)26)35(32,33)27-22-5-3-18(25)11-20(22)24(30)17-7-9-29(31)10-8-17/h3-12,15-16,27H,13-14H2,1-2H3/t15-,16+_on_P51686_WT	Low	ChEMBL31	ChEMBL31.compound.1070672	C[C@H]1CN(c2c(F)cc(S(=O)(=O)Nc3ccc(Cl)cc3C(=O)c3cc[n+]([O-])cc3)cc2)C[C@@H](C)O1	DIJHIJMLWZYVAL-IYBDPMFKSA-N	InChI=1S/C24H23ClFN3O5S/c1-15-13-28(14-16(2)34-15)23-6-4-19(12-21(23)26)35(32,33)27-22-5-3-18(25)11-20(22)24(30)17-7-9-29(31)10-8-17/h3-12,15-16,27H,13-14H2,1-2H3/t15-,16+	"""AuxInfo=1/0/N:1,34,16,30,15,31,24,29,25,28,19,8,3,32,2,33,23,17,9,20,6,14,5,21,18,7,13,4,26,22,27,11,12,35,10/E:(1,2)(7,8)(9,10)(13,14)(15,16)(32,33)/CRV:29.5,35.6/rA:35CC.oCNCCFCCSOONCCCCClCCCOCCCN+O-CCCCCC.oCO/rB:s1;s2;s3;s4;d5;s6;s6;d8;s9;d10;d10;s10;s13;d14;s15;d16;s17;s17;s14d19;s20;d21;s21;d23;s24;d25;s26;s26;s23d28;s9;s5d30;s4;s32;s33;s2s33;/rC:;;;;;;;;;;;;;;;;;;;;;;;;;;;;;;;;;;;"""	P51686_WT	ChEMBL:CHEMBL5815;ChEMBL:CHEMBL5815	P51686	WT	CHEMBL3721192;CHEMBL3721193	PATENT:US7420055B2	2008.0	PATENT:US7420055B2	2008	1	0	0	0	0		>	  6.000;  6.000	6.0	0.0	0.0	2.0	6.0	0.0	CCRs_HUMAN_annotated_04721	True
InChI=1S/C24H23ClN2O4S/c1-24(10-13-31-14-11-24)18-4-7-20(8-5-18)32(29,30)27-22-9-6-19(25)15-21(22)23(28)17-3-2-12-26-16-17/h2-9,12,15-16,27H,10-11,13-14H2,1H3_on_P51686_WT	Low	ChEMBL31	ChEMBL31.compound.1070660	CC1(c2ccc(S(=O)(=O)Nc3ccc(Cl)cc3C(=O)c3cnccc3)cc2)CCOCC1	IURAIAJMBHUDBN-UHFFFAOYSA-N	InChI=1S/C24H23ClN2O4S/c1-24(10-13-31-14-11-24)18-4-7-20(8-5-18)32(29,30)27-22-9-6-19(25)15-21(22)23(28)17-3-2-12-26-16-17/h2-9,12,15-16,27H,10-11,13-14H2,1H3	"""AuxInfo=1/0/N:1,24,25,4,27,13,5,26,12,28,32,23,29,31,16,21,20,3,14,6,17,11,18,2,15,22,10,19,8,9,30,7/E:(4,5)(7,8)(10,11)(13,14)(29,30)/CRV:32.6/rA:32CCCCCCSOONCCCCClCCCOCCNCCCCCCCOCC/rB:s1;s2;d3;s4;d5;s6;d7;d7;s7;s10;d11;s12;d13;s14;s14;s11d16;s17;d18;s18;d20;s21;d22;s23;s20d24;s6;s3d26;s2;s28;s29;s30;s2s31;/rC:;;;;;;;;;;;;;;;;;;;;;;;;;;;;;;;;"""	P51686_WT	ChEMBL:CHEMBL5815;ChEMBL:CHEMBL5815	P51686	WT	CHEMBL3721193;CHEMBL3721192	PATENT:US7420055B2	2008.0	PATENT:US7420055B2	2008	1	0	0	0	0		>	  6.000;  6.000	6.0	0.0	0.0	2.0	6.0	0.0	CCRs_HUMAN_annotated_04722	True
InChI=1S/C24H23ClN2O4S/c1-24(10-14-31-15-11-24)18-2-5-20(6-3-18)32(29,30)27-22-7-4-19(25)16-21(22)23(28)17-8-12-26-13-9-17/h2-9,12-13,16,27H,10-11,14-15H2,1H3_on_P51686_WT	Low	ChEMBL31	ChEMBL31.compound.1070742	CC1(c2ccc(S(=O)(=O)Nc3ccc(Cl)cc3C(=O)c3ccncc3)cc2)CCOCC1	NJGBTWZCSPCYQR-UHFFFAOYSA-N	InChI=1S/C24H23ClN2O4S/c1-24(10-14-31-15-11-24)18-2-5-20(6-3-18)32(29,30)27-22-7-4-19(25)16-21(22)23(28)17-8-12-26-13-9-17/h2-9,12-13,16,27H,10-11,14-15H2,1H3	"""AuxInfo=1/0/N:1,4,27,13,5,26,12,21,25,28,32,22,24,29,31,16,20,3,14,6,17,11,18,2,15,23,10,19,8,9,30,7/E:(2,3)(5,6)(8,9)(10,11)(12,13)(14,15)(29,30)/CRV:32.6/rA:32CCCCCCSOONCCCCClCCCOCCCNCCCCCCOCC/rB:s1;s2;d3;s4;d5;s6;d7;d7;s7;s10;d11;s12;d13;s14;s14;s11d16;s17;d18;s18;d20;s21;d22;s23;s20d24;s6;s3d26;s2;s28;s29;s30;s2s31;/rC:;;;;;;;;;;;;;;;;;;;;;;;;;;;;;;;;"""	P51686_WT	ChEMBL:CHEMBL5815;ChEMBL:CHEMBL5815	P51686	WT	CHEMBL3721192;CHEMBL3721193	PATENT:US7420055B2	2008.0	PATENT:US7420055B2	2008	1	0	0	0	0		>	  6.000;  6.000	6.0	0.0	0.0	2.0	6.0	0.0	CCRs_HUMAN_annotated_04723	True
InChI=1S/C24H23ClN2O4S/c1-24(11-14-31-15-12-24)17-5-8-19(9-6-17)32(29,30)27-21-10-7-18(25)16-20(21)23(28)22-4-2-3-13-26-22/h2-10,13,16,27H,11-12,14-15H2,1H3_on_P51686_WT	Low	ChEMBL31	ChEMBL31.compound.1070661	CC1(c2ccc(S(=O)(=O)Nc3ccc(Cl)cc3C(=O)c3ncccc3)cc2)CCOCC1	XFAMXEZYVPBVMI-UHFFFAOYSA-N	InChI=1S/C24H23ClN2O4S/c1-24(11-14-31-15-12-24)17-5-8-19(9-6-17)32(29,30)27-21-10-7-18(25)16-20(21)23(28)22-4-2-3-13-26-22/h2-10,13,16,27H,11-12,14-15H2,1H3	"""AuxInfo=1/0/N:1,24,23,25,4,27,13,5,26,12,28,32,22,29,31,16,3,14,6,17,11,20,18,2,15,21,10,19,8,9,30,7/E:(5,6)(8,9)(11,12)(14,15)(29,30)/CRV:32.6/rA:32CCCCCCSOONCCCCClCCCOCNCCCCCCCCOCC/rB:s1;s2;d3;s4;d5;s6;d7;d7;s7;s10;d11;s12;d13;s14;s14;s11d16;s17;d18;s18;d20;s21;d22;s23;s20d24;s6;s3d26;s2;s28;s29;s30;s2s31;/rC:;;;;;;;;;;;;;;;;;;;;;;;;;;;;;;;;"""	P51686_WT	ChEMBL:CHEMBL5815;ChEMBL:CHEMBL5815	P51686	WT	CHEMBL3721192;CHEMBL3721193	PATENT:US7420055B2	2008.0	PATENT:US7420055B2	2008	1	0	0	0	0		>	  6.000;  6.000	6.0	0.0	0.0	2.0	6.0	0.0	CCRs_HUMAN_annotated_04724	True
InChI=1S/C24H23ClN2O5S/c1-16(28)32-15-24(2,3)18-4-7-20(8-5-18)33(30,31)27-22-9-6-19(25)14-21(22)23(29)17-10-12-26-13-11-17/h4-14,27H,15H2,1-3H3_on_P51686_WT	High	ChEMBL31	ChEMBL31.compound.285503	CC(=O)OCC(C)(C)c1ccc(S(=O)(=O)Nc2ccc(Cl)cc2C(=O)c2ccncc2)cc1	UVZOZMAYQVPIQS-UHFFFAOYSA-N	InChI=1S/C24H23ClN2O5S/c1-16(28)32-15-24(2,3)18-4-7-20(8-5-18)33(30,31)27-22-9-6-19(25)14-21(22)23(29)17-10-12-26-13-11-17/h4-14,27H,15H2,1-3H3	"""AuxInfo=1/0/N:1,7,8,10,33,19,11,32,18,27,31,28,30,22,5,2,26,9,20,12,23,17,24,6,21,29,16,3,25,14,15,4,13/E:(2,3)(4,5)(7,8)(10,11)(12,13)(30,31)/CRV:33.6/rA:33CCOOCCCCCCCCSOONCCCCClCCCOCCCNCCCC/rB:s1;d2;s2;s4;s5;s6;s6;s6;d9;s10;d11;s12;d13;d13;s13;s16;d17;s18;d19;s20;s20;s17d22;s23;d24;s24;d26;s27;d28;s29;s26d30;s12;s9d32;/rC:;;;;;;;;;;;;;;;;;;;;;;;;;;;;;;;;;"""	P51686_WT	ChEMBL:CHEMBL5815;ChEMBL:CHEMBL5815	P51686	WT	CHEMBL3721196;CHEMBL3721199	PATENT:US7420055B2	2008.0	PATENT:US7582661B2	2009	1	0	0	0	0		=	  7.000;  7.000	7.0	0.0	0.0	2.0	7.0	0.0	CCRs_HUMAN_annotated_04725	True
InChI=1S/C24H23ClN2O5S/c1-16-15-31-24(2,32-16)14-17-3-6-20(7-4-17)33(29,30)27-22-8-5-19(25)13-21(22)23(28)18-9-11-26-12-10-18/h3-13,16,27H,14-15H2,1-2H3_on_P51686_WT	Low	ChEMBL31	ChEMBL31.compound.1070733	CC1COC(C)(Cc2ccc(S(=O)(=O)Nc3ccc(Cl)cc3C(=O)c3ccncc3)cc2)O1	VPEUFXPHHKLCRR-UHFFFAOYSA-N	InChI=1S/C24H23ClN2O5S/c1-16-15-31-24(2,32-16)14-17-3-6-20(7-4-17)33(29,30)27-22-8-5-19(25)13-21(22)23(28)18-9-11-26-12-10-18/h3-13,16,27H,14-15H2,1-2H3	"""AuxInfo=1/0/N:1,6,9,32,18,10,31,17,26,30,27,29,21,7,3,2,8,25,19,11,22,16,23,5,20,28,15,24,13,14,4,33,12/E:(3,4)(6,7)(9,10)(11,12)(29,30)/CRV:33.6/rA:33CCCOCCCCCCCSOONCCCCClCCCOCCCNCCCCO/rB:s1;s2;s3;s4;s5;s5;s7;d8;s9;d10;s11;d12;d12;s12;s15;d16;s17;d18;s19;s19;s16d21;s22;d23;s23;d25;s26;d27;s28;s25d29;s11;s8d31;s2s5;/rC:;;;;;;;;;;;;;;;;;;;;;;;;;;;;;;;;;"""	P51686_WT	ChEMBL:CHEMBL5815;ChEMBL:CHEMBL5815	P51686	WT	CHEMBL3721193;CHEMBL3721192	PATENT:US7420055B2	2008.0	PATENT:US7420055B2	2008	1	0	0	0	0		>	  6.000;  6.000	6.0	0.0	0.0	2.0	6.0	0.0	CCRs_HUMAN_annotated_04726	True
InChI=1S/C24H23ClN2O5S/c1-24(10-13-32-14-11-24)18-4-7-20(8-5-18)33(30,31)26-22-9-6-19(25)15-21(22)23(28)17-3-2-12-27(29)16-17/h2-9,12,15-16,26H,10-11,13-14H2,1H3_on_P51686_WT	Low	ChEMBL31	ChEMBL31.compound.1070666	CC1(c2ccc(S(=O)(=O)Nc3ccc(Cl)cc3C(=O)c3c[n+]([O-])ccc3)cc2)CCOCC1	RAMAQVUCIPMWQL-UHFFFAOYSA-N	InChI=1S/C24H23ClN2O5S/c1-24(10-13-32-14-11-24)18-4-7-20(8-5-18)33(30,31)26-22-9-6-19(25)15-21(22)23(28)17-3-2-12-27(29)16-17/h2-9,12,15-16,26H,10-11,13-14H2,1H3	"""AuxInfo=1/0/N:1,25,26,4,28,13,5,27,12,29,33,24,30,32,16,21,20,3,14,6,17,11,18,2,15,10,22,19,23,8,9,31,7/E:(4,5)(7,8)(10,11)(13,14)(30,31)/CRV:27.5,33.6/rA:33CCCCCCSOONCCCCClCCCOCCN+O-CCCCCCCOCC/rB:s1;s2;d3;s4;d5;s6;d7;d7;s7;s10;d11;s12;d13;s14;s14;s11d16;s17;d18;s18;d20;s21;s22;d22;s24;s20d25;s6;s3d27;s2;s29;s30;s31;s2s32;/rC:;;;;;;;;;;;;;;;;;;;;;;;;;;;;;;;;;"""	P51686_WT	ChEMBL:CHEMBL5815;ChEMBL:CHEMBL5815	P51686	WT	CHEMBL3721193;CHEMBL3721192	PATENT:US7420055B2	2008.0	PATENT:US7420055B2	2008	1	0	0	0	0		>	  6.000;  6.000	6.0	0.0	0.0	2.0	6.0	0.0	CCRs_HUMAN_annotated_04727	True
InChI=1S/C24H23ClN2O5S/c1-24(10-14-32-15-11-24)18-2-5-20(6-3-18)33(30,31)26-22-7-4-19(25)16-21(22)23(28)17-8-12-27(29)13-9-17/h2-9,12-13,16,26H,10-11,14-15H2,1H3_on_P51686_WT	Low	ChEMBL31	ChEMBL31.compound.1070739	CC1(c2ccc(S(=O)(=O)Nc3ccc(Cl)cc3C(=O)c3cc[n+]([O-])cc3)cc2)CCOCC1	MICKPVYGVLKJJJ-UHFFFAOYSA-N	InChI=1S/C24H23ClN2O5S/c1-24(10-14-32-15-11-24)18-2-5-20(6-3-18)33(30,31)26-22-7-4-19(25)16-21(22)23(28)17-8-12-27(29)13-9-17/h2-9,12-13,16,26H,10-11,14-15H2,1H3	"""AuxInfo=1/0/N:1,4,28,13,5,27,12,21,26,29,33,22,25,30,32,16,20,3,14,6,17,11,18,2,15,10,23,19,24,8,9,31,7/E:(2,3)(5,6)(8,9)(10,11)(12,13)(14,15)(30,31)/CRV:27.5,33.6/rA:33CCCCCCSOONCCCCClCCCOCCCN+O-CCCCCCOCC/rB:s1;s2;d3;s4;d5;s6;d7;d7;s7;s10;d11;s12;d13;s14;s14;s11d16;s17;d18;s18;d20;s21;d22;s23;s23;s20d25;s6;s3d27;s2;s29;s30;s31;s2s32;/rC:;;;;;;;;;;;;;;;;;;;;;;;;;;;;;;;;;"""	P51686_WT	ChEMBL:CHEMBL5815;ChEMBL:CHEMBL5815	P51686	WT	CHEMBL3721192;CHEMBL3721193	PATENT:US7420055B2	2008.0	PATENT:US7420055B2	2008	1	0	0	0	0		>	  6.000;  6.000	6.0	0.0	0.0	2.0	6.0	0.0	CCRs_HUMAN_annotated_04728	True
InChI=1S/C24H23ClN4O5S2/c1-33-18-7-3-6-17-22(18)23(28-36(31,32)21-9-8-20(25)35-21)27-29(17)14-16-5-2-4-15(12-16)13-26-24(30)19-10-11-34-19/h2-9,12,19H,10-11,13-14H2,1H3,(H,26,30)(H,27,28)_on_P51679_WT	High	ChEMBL31;ExCAPE-DB	ChEMBL31.compound.203171;71583489	COc1c2c(NS(=O)(=O)c3ccc(Cl)s3)nn(Cc3cccc(CNC(=O)C4CCO4)c3)c2ccc1	WPBQROOHPRPJLM-UHFFFAOYSA-N	InChI=1S/C24H23ClN4O5S2/c1-33-18-7-3-6-17-22(18)23(28-36(31,32)21-9-8-20(25)35-21)27-29(17)14-16-5-2-4-15(12-16)13-26-24(30)19-10-11-34-19/h2-9,12,19H,10-11,13-14H2,1H3,(H,26,30)(H,27,28)	"""AuxInfo=1/1/N:1,21,35,22,20,34,36,12,11,29,30,32,24,18,23,19,33,3,28,13,10,4,5,26,14,25,16,6,17,27,8,9,2,31,15,7/E:(31,32)/CRV:36.6/rA:36COCCCNSOOCCCCClSNNCCCCCCCNCOCCCOCCCCC/rB:s1;s2;d3;s4;s5;s6;d7;d7;s7;d10;s11;d12;s13;s10s13;d5;s16;s17;s18;d19;s20;d21;s22;s23;s24;s25;d26;s26;s28;s29;s28s30;s19d23;s4s17;d33;s34;s3d35;/rC:;;;;;;;;;;;;;;;;;;;;;;;;;;;;;;;;;;;;"""	P51679_WT	ChEMBL:CHEMBL2414;EntrezID:1233	P51679	WT	CHEMBL2330056;PubChemAID:728788	PMID:23409871	2013.0	PMID:23409871;PubChemAID:728788	2013	1;0	0	0	0	0;1		=	  7.500;  7.500	7.5	0.0	0.0	2.0	7.5	0.0	CCRs_HUMAN_annotated_04729	True
InChI=1S/C24H23ClN4O5S2/c1-33-19-7-3-6-18-22(19)23(28-36(31,32)21-9-8-20(25)35-21)27-29(18)12-16-5-2-4-15(10-16)11-26-24(30)17-13-34-14-17/h2-10,17H,11-14H2,1H3,(H,26,30)(H,27,28)_on_P51679_WT	High	ExCAPE-DB;ChEMBL31;ChEMBL31	71583488;ChEMBL31.compound.203156;ChEMBL31.compound.203156	COc1c2c(NS(=O)(=O)c3ccc(Cl)s3)nn(Cc3cccc(CNC(=O)C4COC4)c3)c2ccc1	OAJAPWZEKRNCMK-UHFFFAOYSA-N	InChI=1S/C24H23ClN4O5S2/c1-33-19-7-3-6-18-22(19)23(28-36(31,32)21-9-8-20(25)35-21)27-29(18)12-16-5-2-4-15(10-16)11-26-24(30)17-13-34-14-17/h2-10,17H,11-14H2,1H3,(H,26,30)(H,27,28)	"""AuxInfo=1/1/N:1,21,35,22,20,34,36,12,11,32,24,18,29,31,23,19,28,33,3,13,10,4,5,26,14,25,16,6,17,27,8,9,2,30,15,7/E:(13,14)(31,32)/CRV:36.6/rA:36COCCCNSOOCCCCClSNNCCCCCCCNCOCCOCCCCCC/rB:s1;s2;d3;s4;s5;s6;d7;d7;s7;d10;s11;d12;s13;s10s13;d5;s16;s17;s18;d19;s20;d21;s22;s23;s24;s25;d26;s26;s28;s29;s28s30;s19d23;s4s17;d33;s34;s3d35;/rC:;;;;;;;;;;;;;;;;;;;;;;;;;;;;;;;;;;;;"""	P51679_WT	EntrezID:1233;ChEMBL:CHEMBL2414;ChEMBL:CHEMBL2414	P51679	WT	PubChemAID:728788;CHEMBL2330056;CHEMBL2330053	PMID:23409871	2013.0	PubChemAID:728788;PMID:23409871;PMID:23409871	2013	0;1;0	0	0;0;1	0	1;0;0		=	  7.700;  7.700;  6.000	7.133	0.801	0.567	3.0	7.7	0.0	CCRs_HUMAN_annotated_04730	True
InChI=1S/C24H23FN4O3S/c1-16(2)28-33(31,32)20-6-3-5-17(13-20)14-26-24(30)21-7-4-8-23-22(21)15-27-29(23)19-11-9-18(25)10-12-19/h3-13,15-16,28H,14H2,1-2H3,(H,26,30)_on_P32246_WT	High	ChEMBL31	ChEMBL31.compound.405092	CC(C)NS(=O)(=O)c1cccc(CNC(=O)c2cccc3c2cnn3-c2ccc(F)cc2)c1	CDPYJMOGBHOQPC-UHFFFAOYSA-N	InChI=1S/C24H23FN4O3S/c1-16(2)28-33(31,32)20-6-3-5-17(13-20)14-26-24(30)21-7-4-8-23-22(21)15-27-29(23)19-11-9-18(25)10-12-19/h3-13,15-16,28H,14H2,1-2H3,(H,26,30)	"""AuxInfo=1/1/N:1,3,10,19,11,9,18,20,28,31,27,32,33,13,23,2,12,29,26,8,17,22,21,15,30,14,24,4,25,16,6,7,5/E:(1,2)(9,10)(11,12)(31,32)/CRV:33.6/rA:33CCCNSOOCCCCCCNCOCCCCCCCNNCCCCFCCC/rB:s1;s2;s2;s4;d5;d5;s5;d8;s9;d10;s11;s12;s13;s14;d15;s15;d17;s18;d19;s20;s17d21;s22;d23;s21s24;s25;d26;s27;d28;s29;s29;s26d31;s8d12;/rC:;;;;;;;;;;;;;;;;;;;;;;;;;;;;;;;;;"""	P32246_WT	ChEMBL:CHEMBL2413	P32246	WT	CHEMBL4332212	PMID:30595446	2019.0	PMID:30595446	2019	1	0	0	0	0		=	  6.750	6.75	0.0	0.0	1.0	6.75	0.0	CCRs_HUMAN_annotated_04745	True
InChI=1S/C24H23FN4O3S/c1-16(2)28-33(31,32)20-12-6-17(7-13-20)14-26-24(30)21-4-3-5-23-22(21)15-27-29(23)19-10-8-18(25)9-11-19/h3-13,15-16,28H,14H2,1-2H3,(H,26,30)_on_P32246_WT	High	ChEMBL31	ChEMBL31.compound.405096	CC(C)NS(=O)(=O)c1ccc(CNC(=O)c2cccc3c2cnn3-c2ccc(F)cc2)cc1	QEAKZOLOQFGMHY-UHFFFAOYSA-N	InChI=1S/C24H23FN4O3S/c1-16(2)28-33(31,32)20-12-6-17(7-13-20)14-26-24(30)21-4-3-5-23-22(21)15-27-29(23)19-10-8-18(25)9-11-19/h3-13,15-16,28H,14H2,1-2H3,(H,26,30)	"""AuxInfo=1/1/N:1,3,18,17,19,10,32,27,30,26,31,9,33,12,22,2,11,28,25,8,16,21,20,14,29,13,23,4,24,15,6,7,5/E:(1,2)(6,7)(8,9)(10,11)(12,13)(31,32)/CRV:33.6/rA:33CCCNSOOCCCCCNCOCCCCCCCNNCCCCFCCCC/rB:s1;s2;s2;s4;d5;d5;s5;d8;s9;d10;s11;s12;s13;d14;s14;d16;s17;d18;s19;s16d20;s21;d22;s20s23;s24;d25;s26;d27;s28;s28;s25d30;s11;s8d32;/rC:;;;;;;;;;;;;;;;;;;;;;;;;;;;;;;;;;"""	P32246_WT	ChEMBL:CHEMBL2413	P32246	WT	CHEMBL4332212	PMID:30595446	2019.0	PMID:30595446	2019	1	0	0	0	0		=	  8.300	8.3	0.0	0.0	1.0	8.3	0.0	CCRs_HUMAN_annotated_04746	True
InChI=1S/C24H23N3O4S/c1-15-7-12-19(26-32(30,31)18-10-8-16(9-11-18)24(2,3)4)21-20(15)22(28)27(23(21)29)17-6-5-13-25-14-17/h5-14,26H,1-4H3_on_P51686_WT	High	ChEMBL31	ChEMBL31.compound.299367	Cc1c2C(=O)N(c3cnccc3)C(=O)c2c(NS(=O)(=O)c2ccc(C(C)(C)C)cc2)cc1	RSMBWEDUZBENPT-UHFFFAOYSA-N	InChI=1S/C24H23N3O4S/c1-15-7-12-19(26-32(30,31)18-10-8-16(9-11-18)24(2,3)4)21-20(15)22(28)27(23(21)29)17-6-5-13-25-14-17/h5-14,26H,1-4H3	"""AuxInfo=1/0/N:1,26,27,28,11,12,32,23,29,22,30,31,10,8,2,24,7,21,16,3,15,4,13,25,9,17,6,5,14,19,20,18/E:(2,3,4)(8,9)(10,11)(30,31)/CRV:32.6/rA:32CCCCONCCNCCCCOCCNSOOCCCCCCCCCCCC/rB:s1;d2;s3;d4;s4;s6;d7;s8;d9;s10;s7d11;s6;d13;s3s13;d15;s16;s17;d18;d18;s18;d21;s22;d23;s24;s25;s25;s25;s24;s21d29;s16;s2d31;/rC:;;;;;;;;;;;;;;;;;;;;;;;;;;;;;;;;"""	P51686_WT	ChEMBL:CHEMBL5815	P51686	WT	CHEMBL3801235	PMID:26987013	2016.0	PMID:26987013	2016	0	0	0	1	0		=	  6.720	6.72	0.0	0.0	1.0	6.72	0.0	CCRs_HUMAN_annotated_04749	True
InChI=1S/C24H23N3O4S/c1-24(2,3)17-9-11-18(12-10-17)32(30,31)26-20-8-4-7-19-21(20)23(29)27(22(19)28)15-16-6-5-13-25-14-16/h4-14,26H,15H2,1-3H3_on_P51686_WT	High	ChEMBL31	ChEMBL31.compound.299372	CC(C)(C)c1ccc(S(=O)(=O)Nc2cccc3c2C(=O)N(Cc2cnccc2)C3=O)cc1	ULQNFTDICJMQAO-UHFFFAOYSA-N	InChI=1S/C24H23N3O4S/c1-24(2,3)17-9-11-18(12-10-17)32(30,31)26-20-8-4-7-19-21(20)23(29)27(22(19)28)15-16-6-5-13-25-14-16/h4-14,26H,15H2,1-3H3	"""AuxInfo=1/0/N:1,3,4,15,27,28,16,14,6,32,7,31,26,24,22,23,5,8,17,13,18,29,19,2,25,12,21,30,20,10,11,9/E:(1,2,3)(9,10)(11,12)(30,31)/CRV:32.6/rA:32CCCCCCCCSOONCCCCCCCONCCCNCCCCOCC/rB:s1;s2;s2;s2;d5;s6;d7;s8;d9;d9;s9;s12;d13;s14;d15;s16;s13d17;s18;d19;s19;s21;s22;d23;s24;d25;s26;s23d27;s17s21;d29;s8;s5d31;/rC:;;;;;;;;;;;;;;;;;;;;;;;;;;;;;;;;"""	P51686_WT	ChEMBL:CHEMBL5815	P51686	WT	CHEMBL3801235	PMID:26987013	2016.0	PMID:26987013	2016	0	0	0	1	0		=	  6.210	6.21	0.0	0.0	1.0	6.21	0.0	CCRs_HUMAN_annotated_04750	True
InChI=1S/C24H24Cl3N5O4S/c25-17-13-22(31-37(34,35)19-4-5-20(26)21(27)14-19)24(30-15-17)36-18-3-1-2-16(12-18)23(33)29-8-11-32-9-6-28-7-10-32/h1-5,12-15,28,31H,6-11H2,(H,29,33)_on_P41597_WT	High	ChEMBL31	ChEMBL31.compound.170730	O=C(NCCN1CCNCC1)c1cc(Oc2ncc(Cl)cc2NS(=O)(=O)c2ccc(Cl)c(Cl)c2)ccc1	XVTYAHGXCRRHMV-UHFFFAOYSA-N	InChI=1S/C24H24Cl3N5O4S/c25-17-13-22(31-37(34,35)19-4-5-20(26)21(27)14-19)24(30-15-17)36-18-3-1-2-16(12-18)23(33)29-8-11-32-9-6-28-7-10-32/h1-5,12-15,28,31H,6-11H2,(H,29,33)	"""AuxInfo=1/1/N:36,37,35,28,29,8,10,4,7,11,5,13,21,34,18,12,19,14,27,30,32,22,2,16,20,31,33,9,3,17,23,6,1,25,26,15,24/E:(6,7)(9,10)(34,35)/CRV:37.6/rA:37OCNCCNCCNCCCCCOCNCCClCCNSOOCCCCClCClCCCC/rB:d1;s2;s3;s4;s5;s6;s7;s8;s9;s6s10;s2;d12;s13;s14;s15;d16;s17;d18;s19;s19;s16d21;s22;s23;d24;d24;s24;d27;s28;d29;s30;s30;s32;s27d32;d14;s35;s12d36;/rC:;;;;;;;;;;;;;;;;;;;;;;;;;;;;;;;;;;;;;"""	P41597_WT	ChEMBL:CHEMBL4015;ChEMBL:CHEMBL4015	P41597	WT	CHEMBL1925745;CHEMBL1925695	PMID:22047688	2011.0	PMID:22047688	2011	0	0	0	1	0		=	  5.600;  6.700	6.15	0.55	0.55	2.0	6.15	0.55	CCRs_HUMAN_annotated_04776	True
InChI=1S/C24H24Cl3N5O4S/c25-17-13-22(31-37(34,35)19-5-6-20(26)21(27)14-19)24(30-15-17)36-18-3-1-16(2-4-18)23(33)29-9-12-32-10-7-28-8-11-32/h1-6,13-15,28,31H,7-12H2,(H,29,33)_on_P41597_WT	High	ChEMBL31	ChEMBL31.compound.170727	O=C(NCCN1CCNCC1)c1ccc(Oc2ncc(Cl)cc2NS(=O)(=O)c2ccc(Cl)c(Cl)c2)cc1	YBYQNPWTUUEIRZ-UHFFFAOYSA-N	InChI=1S/C24H24Cl3N5O4S/c25-17-13-22(31-37(34,35)19-5-6-20(26)21(27)14-19)24(30-15-17)36-18-3-1-16(2-4-18)23(33)29-9-12-32-10-7-28-8-11-32/h1-6,13-15,28,31H,7-12H2,(H,29,33)	"""AuxInfo=1/1/N:13,37,14,36,29,30,8,10,4,7,11,5,22,35,19,12,20,15,28,31,33,23,2,17,21,32,34,9,3,18,24,6,1,26,27,16,25/E:(1,2)(3,4)(7,8)(10,11)(34,35)/CRV:37.6/rA:37OCNCCNCCNCCCCCCOCNCCClCCNSOOCCCCClCClCCC/rB:d1;s2;s3;s4;s5;s6;s7;s8;s9;s6s10;s2;d12;s13;d14;s15;s16;d17;s18;d19;s20;s20;s17d22;s23;s24;d25;d25;s25;d28;s29;d30;s31;s31;s33;s28d33;s15;s12d36;/rC:;;;;;;;;;;;;;;;;;;;;;;;;;;;;;;;;;;;;;"""	P41597_WT	ChEMBL:CHEMBL4015;ChEMBL:CHEMBL4015	P41597	WT	CHEMBL1925695;CHEMBL1925745	PMID:22047688	2011.0	PMID:22047688	2011	0	0	0	1	0		=	  7.400;  6.600	7.0	0.4	0.4	2.0	7.0	0.4	CCRs_HUMAN_annotated_04777	True
InChI=1S/C24H24ClFN4O5S2/c1-24(2,32)23(31)27-12-14-5-4-6-15(9-14)13-30-17-10-16(26)11-18(35-3)21(17)22(28-30)29-37(33,34)20-8-7-19(25)36-20/h4-11,32H,12-13H2,1-3H3,(H,27,31)(H,28,29)_on_P51679_WT	High	ChEMBL31	ChEMBL31.compound.203144	COc1c2c(NS(=O)(=O)c3ccc(Cl)s3)nn(Cc3cccc(CNC(=O)C(C)(C)O)c3)c2cc(F)c1	BTSOAFGYNROARI-UHFFFAOYSA-N	InChI=1S/C24H24ClFN4O5S2/c1-24(2,32)23(31)27-12-14-5-4-6-15(9-14)13-30-17-10-16(26)11-18(35-3)21(17)22(28-30)29-37(33,34)20-8-7-19(25)36-20/h4-11,32H,12-13H2,1-3H3,(H,27,31)(H,28,29)	"""AuxInfo=1/1/N:29,30,1,21,22,20,12,11,32,34,37,24,18,23,19,35,33,3,13,10,4,5,26,28,14,36,25,16,6,17,27,31,8,9,2,15,7/E:(1,2)(33,34)/CRV:37.6/rA:37COCCCNSOOCCCCClSNNCCCCCCCNCOCCCOCCCCFC/rB:s1;s2;d3;s4;s5;s6;d7;d7;s7;d10;s11;d12;s13;s10s13;d5;s16;s17;s18;d19;s20;d21;s22;s23;s24;s25;d26;s26;s28;s28;s28;s19d23;s4s17;d33;s34;s35;s3d35;/rC:;;;;;;;;;;;;;;;;;;;;;;;;;;;;;;;;;;;;;"""	P51679_WT	ChEMBL:CHEMBL2414;ChEMBL:CHEMBL2414	P51679	WT	CHEMBL2330056;CHEMBL2330053	PMID:23409871	2013.0	PMID:23409871	2013	1;0	0	0;1	0	0		=	  7.800;  6.200	7.0	0.8	0.8	2.0	7.0	0.8	CCRs_HUMAN_annotated_04781	True
InChI=1S/C24H24ClFN4O5S2/c1-24(2,32)23(31)27-12-14-5-4-6-15(11-14)13-30-17-8-7-16(26)21(35-3)20(17)22(28-30)29-37(33,34)19-10-9-18(25)36-19/h4-11,32H,12-13H2,1-3H3,(H,27,31)(H,28,29)_on_P51679_WT	High	ChEMBL31;ChEMBL31;ExCAPE-DB	ChEMBL31.compound.203146;ChEMBL31.compound.203146;59456026	COc1c2c(NS(=O)(=O)c3ccc(Cl)s3)nn(Cc3cccc(CNC(=O)C(C)(C)O)c3)c2ccc1F	IDEBAGBKCFKXLA-UHFFFAOYSA-N	InChI=1S/C24H24ClFN4O5S2/c1-24(2,32)23(31)27-12-14-5-4-6-15(11-14)13-30-17-8-7-16(26)21(35-3)20(17)22(28-30)29-37(33,34)19-10-9-18(25)36-19/h4-11,32H,12-13H2,1-3H3,(H,27,31)(H,28,29)	"""AuxInfo=1/1/N:29,30,1,21,22,20,35,34,12,11,32,24,18,23,19,36,33,13,10,4,3,5,26,28,14,37,25,16,6,17,27,31,8,9,2,15,7/E:(1,2)(33,34)/CRV:37.6/rA:37COCCCNSOOCCCCClSNNCCCCCCCNCOCCCOCCCCCF/rB:s1;s2;d3;s4;s5;s6;d7;d7;s7;d10;s11;d12;s13;s10s13;d5;s16;s17;s18;d19;s20;d21;s22;s23;s24;s25;d26;s26;s28;s28;s28;s19d23;s4s17;d33;s34;s3d35;s36;/rC:;;;;;;;;;;;;;;;;;;;;;;;;;;;;;;;;;;;;;"""	P51679_WT	ChEMBL:CHEMBL2414;ChEMBL:CHEMBL2414;EntrezID:1233	P51679	WT	CHEMBL2330056;CHEMBL2330053;PubChemAID:728788	PMID:23409871	2013.0	PMID:23409871;PMID:23409871;PubChemAID:728788	2013	1;0;0	0	0;1;0	0	0;0;1		=	  7.400;  6.200;  7.400	7.0	0.566	0.4	3.0	7.4	0.0	CCRs_HUMAN_annotated_04782	True
InChI=1S/C24H24ClN3O4S/c1-16-14-28(15-17(2)32-16)20-4-6-21(7-5-20)33(30,31)27-23-8-3-19(25)13-22(23)24(29)18-9-11-26-12-10-18/h3-13,16-17,27H,14-15H2,1-2H3/t16-,17+_on_P51686_WT	Low	ChEMBL31	ChEMBL31.compound.1070746	C[C@H]1CN(c2ccc(S(=O)(=O)Nc3ccc(Cl)cc3C(=O)c3ccncc3)cc2)C[C@@H](C)O1	WCYHTZUDYMHFAV-CALCHBBNSA-N	InChI=1S/C24H24ClN3O4S/c1-16-14-28(15-17(2)32-16)20-4-6-21(7-5-20)33(30,31)27-23-8-3-19(25)13-22(23)24(29)18-9-11-26-12-10-18/h3-13,16-17,27H,14-15H2,1-2H3/t16-,17+	"""AuxInfo=1/0/N:1,32,15,6,29,7,28,14,23,27,24,26,18,3,30,2,31,22,16,5,8,19,13,20,17,25,12,4,21,10,11,33,9/E:(1,2)(4,5)(6,7)(9,10)(11,12)(14,15)(16,17)(30,31)/CRV:33.6/rA:33CC.oCNCCCCSOONCCCCClCCCOCCCNCCCCCC.oCO/rB:s1;s2;s3;s4;d5;s6;d7;s8;d9;d9;s9;s12;d13;s14;d15;s16;s16;s13d18;s19;d20;s20;d22;s23;d24;s25;s22d26;s8;s5d28;s4;s30;s31;s2s31;/rC:;;;;;;;;;;;;;;;;;;;;;;;;;;;;;;;;;"""	P51686_WT	ChEMBL:CHEMBL5815;ChEMBL:CHEMBL5815	P51686	WT	CHEMBL3721193;CHEMBL3721192	PATENT:US7420055B2	2008.0	PATENT:US7420055B2	2008	1	0	0	0	0		>	  6.000;  6.000	6.0	0.0	0.0	2.0	6.0	0.0	CCRs_HUMAN_annotated_04784	True
InChI=1S/C24H24ClN3O4S/c1-16-14-28(15-17(2)32-16)20-6-8-21(9-7-20)33(30,31)27-23-10-5-19(25)12-22(23)24(29)18-4-3-11-26-13-18/h3-13,16-17,27H,14-15H2,1-2H3/t16-,17+_on_P51686_WT	Low	ChEMBL31	ChEMBL31.compound.1070740	C[C@H]1CN(c2ccc(S(=O)(=O)Nc3ccc(Cl)cc3C(=O)c3cnccc3)cc2)C[C@@H](C)O1	RXBAKQSGZGJWEA-CALCHBBNSA-N	InChI=1S/C24H24ClN3O4S/c1-16-14-28(15-17(2)32-16)20-6-8-21(9-7-20)33(30,31)27-23-10-5-19(25)12-22(23)24(29)18-4-3-11-26-13-18/h3-13,16-17,27H,14-15H2,1-2H3/t16-,17+	"""AuxInfo=1/0/N:1,32,26,27,15,6,29,7,28,14,25,18,23,3,30,2,31,22,16,5,8,19,13,20,17,24,12,4,21,10,11,33,9/E:(1,2)(6,7)(8,9)(14,15)(16,17)(30,31)/CRV:33.6/rA:33CC.oCNCCCCSOONCCCCClCCCOCCNCCCCCCC.oCO/rB:s1;s2;s3;s4;d5;s6;d7;s8;d9;d9;s9;s12;d13;s14;d15;s16;s16;s13d18;s19;d20;s20;d22;s23;d24;s25;s22d26;s8;s5d28;s4;s30;s31;s2s31;/rC:;;;;;;;;;;;;;;;;;;;;;;;;;;;;;;;;;"""	P51686_WT	ChEMBL:CHEMBL5815;ChEMBL:CHEMBL5815	P51686	WT	CHEMBL3721192;CHEMBL3721193	PATENT:US7420055B2	2008.0	PATENT:US7420055B2	2008	1	0	0	0	0		>	  6.000;  6.000	6.0	0.0	0.0	2.0	6.0	0.0	CCRs_HUMAN_annotated_04785	True
InChI=1S/C24H24ClN3O4S/c1-24(2,23(30)28(3)4)17-5-8-19(9-6-17)33(31,32)27-21-10-7-18(25)15-20(21)22(29)16-11-13-26-14-12-16/h5-15,27H,1-4H3_on_P51686_WT	High	ChEMBL31	ChEMBL31.compound.285468	CN(C)C(=O)C(C)(C)c1ccc(S(=O)(=O)Nc2ccc(Cl)cc2C(=O)c2ccncc2)cc1	DORQWLQRKMCLIB-UHFFFAOYSA-N	InChI=1S/C24H24ClN3O4S/c1-24(2,23(30)28(3)4)17-5-8-19(9-6-17)33(31,32)27-21-10-7-18(25)15-20(21)22(29)16-11-13-26-14-12-16/h5-15,27H,1-4H3	"""AuxInfo=1/0/N:7,8,1,3,10,33,19,11,32,18,27,31,28,30,22,26,9,20,12,23,17,24,4,6,21,29,16,2,25,5,14,15,13/E:(1,2)(3,4)(5,6)(8,9)(11,12)(13,14)(31,32)/CRV:33.6/rA:33CNCCOCCCCCCCSOONCCCCClCCCOCCCNCCCC/rB:s1;s2;s2;d4;s4;s6;s6;s6;d9;s10;d11;s12;d13;d13;s13;s16;d17;s18;d19;s20;s20;s17d22;s23;d24;s24;d26;s27;d28;s29;s26d30;s12;s9d32;/rC:;;;;;;;;;;;;;;;;;;;;;;;;;;;;;;;;;"""	P51686_WT	ChEMBL:CHEMBL5815;ChEMBL:CHEMBL5815	P51686	WT	CHEMBL3721196;CHEMBL3721199	PATENT:US7420055B2	2008.0	PATENT:US7582661B2	2009	1	0	0	0	0		=	  6.000;  6.000	6.0	0.0	0.0	2.0	6.0	0.0	CCRs_HUMAN_annotated_04786	True
InChI=1S/C24H24ClN3O5S/c1-16-13-27(14-17(2)33-16)20-6-8-21(9-7-20)34(31,32)26-23-10-5-19(25)12-22(23)24(29)18-4-3-11-28(30)15-18/h3-12,15-17,26H,13-14H2,1-2H3/t16-,17+_on_P51686_WT	Low	ChEMBL31	ChEMBL31.compound.1070736	C[C@H]1CN(c2ccc(S(=O)(=O)Nc3ccc(Cl)cc3C(=O)c3c[n+]([O-])ccc3)cc2)C[C@@H](C)O1	LSOFGLZAFFQZGB-CALCHBBNSA-N	InChI=1S/C24H24ClN3O5S/c1-16-13-27(14-17(2)33-16)20-6-8-21(9-7-20)34(31,32)26-23-10-5-19(25)12-22(23)24(29)18-4-3-11-28(30)15-18/h3-12,15-17,26H,13-14H2,1-2H3/t16-,17+	"""AuxInfo=1/0/N:1,33,27,28,15,6,30,7,29,14,26,18,3,31,23,2,32,22,16,5,8,19,13,20,17,12,4,24,21,25,10,11,34,9/E:(1,2)(6,7)(8,9)(13,14)(16,17)(31,32)/CRV:28.5,34.6/rA:34CC.oCNCCCCSOONCCCCClCCCOCCN+O-CCCCCCC.oCO/rB:s1;s2;s3;s4;d5;s6;d7;s8;d9;d9;s9;s12;d13;s14;d15;s16;s16;s13d18;s19;d20;s20;d22;s23;s24;d24;s26;s22d27;s8;s5d29;s4;s31;s32;s2s32;/rC:;;;;;;;;;;;;;;;;;;;;;;;;;;;;;;;;;;"""	P51686_WT	ChEMBL:CHEMBL5815;ChEMBL:CHEMBL5815	P51686	WT	CHEMBL3721193;CHEMBL3721192	PATENT:US7420055B2	2008.0	PATENT:US7420055B2	2008	1	0	0	0	0		>	  6.000;  6.000	6.0	0.0	0.0	2.0	6.0	0.0	CCRs_HUMAN_annotated_04787	True
InChI=1S/C24H24ClN3O5S/c1-16-14-27(15-17(2)33-16)20-4-6-21(7-5-20)34(31,32)26-23-8-3-19(25)13-22(23)24(29)18-9-11-28(30)12-10-18/h3-13,16-17,26H,14-15H2,1-2H3/t16-,17+_on_P51686_WT	Low	ChEMBL31	ChEMBL31.compound.1070745	C[C@H]1CN(c2ccc(S(=O)(=O)Nc3ccc(Cl)cc3C(=O)c3cc[n+]([O-])cc3)cc2)C[C@@H](C)O1	ZSDNOIYOFIDITJ-CALCHBBNSA-N	InChI=1S/C24H24ClN3O5S/c1-16-14-27(15-17(2)33-16)20-4-6-21(7-5-20)34(31,32)26-23-8-3-19(25)13-22(23)24(29)18-9-11-28(30)12-10-18/h3-13,16-17,26H,14-15H2,1-2H3/t16-,17+	"""AuxInfo=1/0/N:1,33,15,6,30,7,29,14,23,28,24,27,18,3,31,2,32,22,16,5,8,19,13,20,17,12,4,25,21,26,10,11,34,9/E:(1,2)(4,5)(6,7)(9,10)(11,12)(14,15)(16,17)(31,32)/CRV:28.5,34.6/rA:34CC.oCNCCCCSOONCCCCClCCCOCCCN+O-CCCCCC.oCO/rB:s1;s2;s3;s4;d5;s6;d7;s8;d9;d9;s9;s12;d13;s14;d15;s16;s16;s13d18;s19;d20;s20;d22;s23;d24;s25;s25;s22d27;s8;s5d29;s4;s31;s32;s2s32;/rC:;;;;;;;;;;;;;;;;;;;;;;;;;;;;;;;;;;"""	P51686_WT	ChEMBL:CHEMBL5815;ChEMBL:CHEMBL5815	P51686	WT	CHEMBL3721193;CHEMBL3721192	PATENT:US7420055B2	2008.0	PATENT:US7420055B2	2008	1	0	0	0	0		>	  6.000;  6.000	6.0	0.0	0.0	2.0	6.0	0.0	CCRs_HUMAN_annotated_04788	True
InChI=1S/C24H24N4O4S2/c1-16(2)14-28-15-18(13-17-5-3-4-6-21(17)23(28)30)22(29)26-19-7-9-20(10-8-19)34(31,32)27-24-25-11-12-33-24/h3-13,16H,14-15H2,1-2H3,(H,25,27)(H,26,29)_on_P51681_WT	Low	ChEMBL31	ChEMBL31.compound.1086714	CC(C)CN1CC(C(=O)Nc2ccc(S(=O)(=O)Nc3nccs3)cc2)=Cc2c(cccc2)C1=O	NDTMOVCEXNAAHL-UHFFFAOYSA-N	InChI=1S/C24H24N4O4S2/c1-16(2)14-28-15-18(13-17-5-3-4-6-21(17)23(28)30)22(29)26-19-7-9-20(10-8-19)34(31,32)27-24-25-11-12-33-24/h3-13,16H,14-15H2,1-2H3,(H,25,27)(H,26,29)	"""AuxInfo=1/1/N:1,3,31,30,32,29,12,25,13,24,21,22,26,4,6,2,27,7,11,14,28,8,33,19,20,10,18,5,9,34,16,17,23,15/E:(1,2)(7,8)(9,10)(31,32)/CRV:34.6/rA:34CCCCNCCCONCCCCSOONCNCCSCCCCCCCCCCO/rB:s1;s2;s2;s4;s5;s6;s7;d8;s8;s10;d11;s12;d13;s14;d15;d15;s15;s18;d19;s20;d21;s19s22;s14;s11d24;w?7;s26;d27;s28;d29;s30;s27d31;s5s28;d33;/rC:;;;;;;;;;;;;;;;;;;;;;;;;;;;;;;;;;;"""	P51681_WT	ChEMBL:CHEMBL274	P51681	WT	CHEMBL4035406	PMID:28463783	2017.0	PMID:28463783	2017	0	1	0	0	0		<	  8.000	8.0	0.0	0.0	1.0	8.0	0.0	CCRs_HUMAN_annotated_04814	True
InChI=1S/C24H25ClN4O4S2/c1-15(30)26-13-16-6-4-7-17(12-16)14-29-19-9-5-8-18(24(2,3)31)22(19)23(27-29)28-35(32,33)21-11-10-20(25)34-21/h4-12,31H,13-14H2,1-3H3,(H,26,30)(H,27,28)_on_P51679_WT	High	ChEMBL31	ChEMBL31.compound.203172	CC(=O)NCc1cc(Cn2nc(NS(=O)(=O)c3ccc(Cl)s3)c3c(C(C)(C)O)cccc32)ccc1	VKGBGXKPNDCEJE-UHFFFAOYSA-N	InChI=1S/C24H25ClN4O4S2/c1-15(30)26-13-16-6-4-7-17(12-16)14-29-19-9-5-8-18(24(2,3)31)22(19)23(27-29)28-35(32,33)21-11-10-20(25)34-21/h4-12,31H,13-14H2,1-3H3,(H,26,30)(H,27,28)	"""AuxInfo=1/1/N:1,26,27,34,30,35,33,29,31,19,18,7,5,9,2,6,8,24,32,20,17,23,12,25,21,4,11,13,10,3,28,15,16,22,14/E:(2,3)(32,33)/CRV:35.6/rA:35CCONCCCCCNNCNSOOCCCCClSCCCCCOCCCCCCC/rB:s1;d2;s2;s4;s5;d6;s7;s8;s9;s10;d11;s12;s13;d14;d14;s14;d17;s18;d19;s20;s17s20;s12;d23;s24;s25;s25;s25;s24;d29;s30;s10s23d31;d8;s33;s6d34;/rC:;;;;;;;;;;;;;;;;;;;;;;;;;;;;;;;;;;;"""	P51679_WT	ChEMBL:CHEMBL2414	P51679	WT	CHEMBL2330056	PMID:23409871	2013.0	PMID:23409871	2013	1	0	0	0	0		=	  7.000	7.0	0.0	0.0	1.0	7.0	0.0	CCRs_HUMAN_annotated_04836	True
InChI=1S/C24H25ClN4O5S2/c1-24(2,31)23(30)26-13-15-6-4-7-16(12-15)14-29-17-8-5-9-18(34-3)21(17)22(27-29)28-36(32,33)20-11-10-19(25)35-20/h4-12,31H,13-14H2,1-3H3,(H,26,30)(H,27,28)_on_P25024_WT	Low	ChEMBL31	ChEMBL31.compound.178518	COc1cccc2c1c(NS(=O)(=O)c1ccc(Cl)s1)nn2Cc1cccc(CNC(=O)C(C)(C)O)c1	YTEVTHHGQMUPHC-UHFFFAOYSA-N	InChI=1S/C24H25ClN4O5S2/c1-24(2,31)23(30)26-13-15-6-4-7-16(12-15)14-29-17-8-5-9-18(34-3)21(17)22(27-29)28-36(32,33)20-11-10-19(25)35-20/h4-12,31H,13-14H2,1-3H3,(H,26,30)(H,27,28)	"""AuxInfo=1/1/N:33,34,1,25,5,26,24,6,4,16,15,36,28,22,27,23,7,3,17,14,8,9,30,32,18,29,20,10,21,31,35,12,13,2,19,11/E:(1,2)(32,33)/CRV:36.6/rA:36COCCCCCCCNSOOCCCCClSNNCCCCCCCNCOCCCOC/rB:s1;s2;d3;s4;d5;s6;s3d7;s8;s9;s10;d11;d11;s11;d14;s15;d16;s17;s14s17;d9;s7s20;s21;s22;d23;s24;d25;s26;s27;s28;s29;d30;s30;s32;s32;s32;s23d27;/rC:;;;;;;;;;;;;;;;;;;;;;;;;;;;;;;;;;;;;"""	P25024_WT	ChEMBL:CHEMBL4029	P25024	WT	CHEMBL2330025	PMID:23409871	2013.0	PMID:23409871	2013	1	0	0	0	0		<	  5.000	5.0	0.0	0.0	1.0	5.0	0.0	CCRs_HUMAN_annotated_04837	True
InChI=1S/C24H25ClN4O5S2/c1-24(2,31)23(30)26-13-15-6-4-7-16(12-15)14-29-17-8-5-9-18(34-3)21(17)22(27-29)28-36(32,33)20-11-10-19(25)35-20/h4-12,31H,13-14H2,1-3H3,(H,26,30)(H,27,28)_on_P25025_WT	Low	ChEMBL31	ChEMBL31.compound.178518	COc1cccc2c1c(NS(=O)(=O)c1ccc(Cl)s1)nn2Cc1cccc(CNC(=O)C(C)(C)O)c1	YTEVTHHGQMUPHC-UHFFFAOYSA-N	InChI=1S/C24H25ClN4O5S2/c1-24(2,31)23(30)26-13-15-6-4-7-16(12-15)14-29-17-8-5-9-18(34-3)21(17)22(27-29)28-36(32,33)20-11-10-19(25)35-20/h4-12,31H,13-14H2,1-3H3,(H,26,30)(H,27,28)	"""AuxInfo=1/1/N:33,34,1,25,5,26,24,6,4,16,15,36,28,22,27,23,7,3,17,14,8,9,30,32,18,29,20,10,21,31,35,12,13,2,19,11/E:(1,2)(32,33)/CRV:36.6/rA:36COCCCCCCCNSOOCCCCClSNNCCCCCCCNCOCCCOC/rB:s1;s2;d3;s4;d5;s6;s3d7;s8;s9;s10;d11;d11;s11;d14;s15;d16;s17;s14s17;d9;s7s20;s21;s22;d23;s24;d25;s26;s27;s28;s29;d30;s30;s32;s32;s32;s23d27;/rC:;;;;;;;;;;;;;;;;;;;;;;;;;;;;;;;;;;;;"""	P25025_WT	ChEMBL:CHEMBL2434	P25025	WT	CHEMBL2330023	PMID:23409871	2013.0	PMID:23409871	2013	1	0	0	0	0		<	  5.000	5.0	0.0	0.0	1.0	5.0	0.0	CCRs_HUMAN_annotated_04838	True
InChI=1S/C24H25ClN4O5S2/c1-24(2,31)23(30)26-13-15-6-4-7-16(12-15)14-29-17-8-5-9-18(34-3)21(17)22(27-29)28-36(32,33)20-11-10-19(25)35-20/h4-12,31H,13-14H2,1-3H3,(H,26,30)(H,27,28)_on_P32246_WT	Low	ChEMBL31	ChEMBL31.compound.178518	COc1cccc2c1c(NS(=O)(=O)c1ccc(Cl)s1)nn2Cc1cccc(CNC(=O)C(C)(C)O)c1	YTEVTHHGQMUPHC-UHFFFAOYSA-N	InChI=1S/C24H25ClN4O5S2/c1-24(2,31)23(30)26-13-15-6-4-7-16(12-15)14-29-17-8-5-9-18(34-3)21(17)22(27-29)28-36(32,33)20-11-10-19(25)35-20/h4-12,31H,13-14H2,1-3H3,(H,26,30)(H,27,28)	"""AuxInfo=1/1/N:33,34,1,25,5,26,24,6,4,16,15,36,28,22,27,23,7,3,17,14,8,9,30,32,18,29,20,10,21,31,35,12,13,2,19,11/E:(1,2)(32,33)/CRV:36.6/rA:36COCCCCCCCNSOOCCCCClSNNCCCCCCCNCOCCCOC/rB:s1;s2;d3;s4;d5;s6;s3d7;s8;s9;s10;d11;d11;s11;d14;s15;d16;s17;s14s17;d9;s7s20;s21;s22;d23;s24;d25;s26;s27;s28;s29;d30;s30;s32;s32;s32;s23d27;/rC:;;;;;;;;;;;;;;;;;;;;;;;;;;;;;;;;;;;;"""	P32246_WT	ChEMBL:CHEMBL2413	P32246	WT	CHEMBL2330027	PMID:23409871	2013.0	PMID:23409871	2013	1	0	0	0	0		<	  5.000	5.0	0.0	0.0	1.0	5.0	0.0	CCRs_HUMAN_annotated_04839	True
InChI=1S/C24H25ClN4O5S2/c1-24(2,31)23(30)26-13-15-6-4-7-16(12-15)14-29-17-8-5-9-18(34-3)21(17)22(27-29)28-36(32,33)20-11-10-19(25)35-20/h4-12,31H,13-14H2,1-3H3,(H,26,30)(H,27,28)_on_P41597_WT	Low	ChEMBL31	ChEMBL31.compound.178518	COc1cccc2c1c(NS(=O)(=O)c1ccc(Cl)s1)nn2Cc1cccc(CNC(=O)C(C)(C)O)c1	YTEVTHHGQMUPHC-UHFFFAOYSA-N	InChI=1S/C24H25ClN4O5S2/c1-24(2,31)23(30)26-13-15-6-4-7-16(12-15)14-29-17-8-5-9-18(34-3)21(17)22(27-29)28-36(32,33)20-11-10-19(25)35-20/h4-12,31H,13-14H2,1-3H3,(H,26,30)(H,27,28)	"""AuxInfo=1/1/N:33,34,1,25,5,26,24,6,4,16,15,36,28,22,27,23,7,3,17,14,8,9,30,32,18,29,20,10,21,31,35,12,13,2,19,11/E:(1,2)(32,33)/CRV:36.6/rA:36COCCCCCCCNSOOCCCCClSNNCCCCCCCNCOCCCOC/rB:s1;s2;d3;s4;d5;s6;s3d7;s8;s9;s10;d11;d11;s11;d14;s15;d16;s17;s14s17;d9;s7s20;s21;s22;d23;s24;d25;s26;s27;s28;s29;d30;s30;s32;s32;s32;s23d27;/rC:;;;;;;;;;;;;;;;;;;;;;;;;;;;;;;;;;;;;"""	P41597_WT	ChEMBL:CHEMBL4015	P41597	WT	CHEMBL2330028	PMID:23409871	2013.0	PMID:23409871	2013	1	0	0	0	0		<	  5.000	5.0	0.0	0.0	1.0	5.0	0.0	CCRs_HUMAN_annotated_04840	True
InChI=1S/C24H25ClN4O5S2/c1-24(2,31)23(30)26-13-15-6-4-7-16(12-15)14-29-17-8-5-9-18(34-3)21(17)22(27-29)28-36(32,33)20-11-10-19(25)35-20/h4-12,31H,13-14H2,1-3H3,(H,26,30)(H,27,28)_on_P46092_WT	Low	ChEMBL31	ChEMBL31.compound.178518	COc1cccc2c1c(NS(=O)(=O)c1ccc(Cl)s1)nn2Cc1cccc(CNC(=O)C(C)(C)O)c1	YTEVTHHGQMUPHC-UHFFFAOYSA-N	InChI=1S/C24H25ClN4O5S2/c1-24(2,31)23(30)26-13-15-6-4-7-16(12-15)14-29-17-8-5-9-18(34-3)21(17)22(27-29)28-36(32,33)20-11-10-19(25)35-20/h4-12,31H,13-14H2,1-3H3,(H,26,30)(H,27,28)	"""AuxInfo=1/1/N:33,34,1,25,5,26,24,6,4,16,15,36,28,22,27,23,7,3,17,14,8,9,30,32,18,29,20,10,21,31,35,12,13,2,19,11/E:(1,2)(32,33)/CRV:36.6/rA:36COCCCCCCCNSOOCCCCClSNNCCCCCCCNCOCCCOC/rB:s1;s2;d3;s4;d5;s6;s3d7;s8;s9;s10;d11;d11;s11;d14;s15;d16;s17;s14s17;d9;s7s20;s21;s22;d23;s24;d25;s26;s27;s28;s29;d30;s30;s32;s32;s32;s23d27;/rC:;;;;;;;;;;;;;;;;;;;;;;;;;;;;;;;;;;;;"""	P46092_WT	ChEMBL:CHEMBL2321628	P46092	WT	CHEMBL2330024	PMID:23409871	2013.0	PMID:23409871	2013	1	0	0	0	0		<	  5.000	5.0	0.0	0.0	1.0	5.0	0.0	CCRs_HUMAN_annotated_04841	True
InChI=1S/C24H25ClN4O5S2/c1-24(2,31)23(30)26-13-15-6-4-7-16(12-15)14-29-17-8-5-9-18(34-3)21(17)22(27-29)28-36(32,33)20-11-10-19(25)35-20/h4-12,31H,13-14H2,1-3H3,(H,26,30)(H,27,28)_on_P49682_WT	Low	ChEMBL31	ChEMBL31.compound.178518	COc1cccc2c1c(NS(=O)(=O)c1ccc(Cl)s1)nn2Cc1cccc(CNC(=O)C(C)(C)O)c1	YTEVTHHGQMUPHC-UHFFFAOYSA-N	InChI=1S/C24H25ClN4O5S2/c1-24(2,31)23(30)26-13-15-6-4-7-16(12-15)14-29-17-8-5-9-18(34-3)21(17)22(27-29)28-36(32,33)20-11-10-19(25)35-20/h4-12,31H,13-14H2,1-3H3,(H,26,30)(H,27,28)	"""AuxInfo=1/1/N:33,34,1,25,5,26,24,6,4,16,15,36,28,22,27,23,7,3,17,14,8,9,30,32,18,29,20,10,21,31,35,12,13,2,19,11/E:(1,2)(32,33)/CRV:36.6/rA:36COCCCCCCCNSOOCCCCClSNNCCCCCCCNCOCCCOC/rB:s1;s2;d3;s4;d5;s6;s3d7;s8;s9;s10;d11;d11;s11;d14;s15;d16;s17;s14s17;d9;s7s20;s21;s22;d23;s24;d25;s26;s27;s28;s29;d30;s30;s32;s32;s32;s23d27;/rC:;;;;;;;;;;;;;;;;;;;;;;;;;;;;;;;;;;;;"""	P49682_WT	ChEMBL:CHEMBL4441	P49682	WT	CHEMBL2330022	PMID:23409871	2013.0	PMID:23409871	2013	1	0	0	0	0		<	  5.000	5.0	0.0	0.0	1.0	5.0	0.0	CCRs_HUMAN_annotated_04842	True
InChI=1S/C24H25ClN4O5S2/c1-24(2,31)23(30)26-13-15-6-4-7-16(12-15)14-29-17-8-5-9-18(34-3)21(17)22(27-29)28-36(32,33)20-11-10-19(25)35-20/h4-12,31H,13-14H2,1-3H3,(H,26,30)(H,27,28)_on_P51679_WT	High	ChEMBL31	ChEMBL31.compound.178518	COc1cccc2c1c(NS(=O)(=O)c1ccc(Cl)s1)nn2Cc1cccc(CNC(=O)C(C)(C)O)c1	YTEVTHHGQMUPHC-UHFFFAOYSA-N	InChI=1S/C24H25ClN4O5S2/c1-24(2,31)23(30)26-13-15-6-4-7-16(12-15)14-29-17-8-5-9-18(34-3)21(17)22(27-29)28-36(32,33)20-11-10-19(25)35-20/h4-12,31H,13-14H2,1-3H3,(H,26,30)(H,27,28)	"""AuxInfo=1/1/N:33,34,1,25,5,26,24,6,4,16,15,36,28,22,27,23,7,3,17,14,8,9,30,32,18,29,20,10,21,31,35,12,13,2,19,11/E:(1,2)(32,33)/CRV:36.6/rA:36COCCCCCCCNSOOCCCCClSNNCCCCCCCNCOCCCOC/rB:s1;s2;d3;s4;d5;s6;s3d7;s8;s9;s10;d11;d11;s11;d14;s15;d16;s17;s14s17;d9;s7s20;s21;s22;d23;s24;d25;s26;s27;s28;s29;d30;s30;s32;s32;s32;s23d27;/rC:;;;;;;;;;;;;;;;;;;;;;;;;;;;;;;;;;;;;"""	P51679_WT	ChEMBL:CHEMBL2414;ChEMBL:CHEMBL2414;ChEMBL:CHEMBL2414;ChEMBL:CHEMBL2414	P51679	WT	CHEMBL2330056;CHEMBL3801463;CHEMBL2019171;CHEMBL2019170	PMID:22437117	2012.0	PMID:23409871;PMID:26991939;PMID:22437117;PMID:22437117	2013;2016;2012;2012	1;0;0;1	0	0;1;0;0	0;0;1;0	0		=	  7.400;  6.200;  8.000;  7.830	7.357	0.703	0.406	4.0	7.615	0.3	CCRs_HUMAN_annotated_04843	True
InChI=1S/C24H25ClN4O5S2/c1-24(2,31)23(30)26-13-15-6-4-7-16(12-15)14-29-17-8-5-9-18(34-3)21(17)22(27-29)28-36(32,33)20-11-10-19(25)35-20/h4-12,31H,13-14H2,1-3H3,(H,26,30)(H,27,28)_on_P51681_WT	High	ChEMBL31	ChEMBL31.compound.178518	COc1cccc2c1c(NS(=O)(=O)c1ccc(Cl)s1)nn2Cc1cccc(CNC(=O)C(C)(C)O)c1	YTEVTHHGQMUPHC-UHFFFAOYSA-N	InChI=1S/C24H25ClN4O5S2/c1-24(2,31)23(30)26-13-15-6-4-7-16(12-15)14-29-17-8-5-9-18(34-3)21(17)22(27-29)28-36(32,33)20-11-10-19(25)35-20/h4-12,31H,13-14H2,1-3H3,(H,26,30)(H,27,28)	"""AuxInfo=1/1/N:33,34,1,25,5,26,24,6,4,16,15,36,28,22,27,23,7,3,17,14,8,9,30,32,18,29,20,10,21,31,35,12,13,2,19,11/E:(1,2)(32,33)/CRV:36.6/rA:36COCCCCCCCNSOOCCCCClSNNCCCCCCCNCOCCCOC/rB:s1;s2;d3;s4;d5;s6;s3d7;s8;s9;s10;d11;d11;s11;d14;s15;d16;s17;s14s17;d9;s7s20;s21;s22;d23;s24;d25;s26;s27;s28;s29;d30;s30;s32;s32;s32;s23d27;/rC:;;;;;;;;;;;;;;;;;;;;;;;;;;;;;;;;;;;;"""	P51681_WT	ChEMBL:CHEMBL274	P51681	WT	CHEMBL2330021	PMID:23409871	2013.0	PMID:23409871	2013	1	0	0	0	0		=	  5.200	5.2	0.0	0.0	1.0	5.2	0.0	CCRs_HUMAN_annotated_04844	True
InChI=1S/C24H25ClN4O5S2/c1-24(2,31)23(30)26-13-15-6-4-7-16(12-15)14-29-17-8-5-9-18(34-3)21(17)22(27-29)28-36(32,33)20-11-10-19(25)35-20/h4-12,31H,13-14H2,1-3H3,(H,26,30)(H,27,28)_on_P51685_WT	Low	ChEMBL31	ChEMBL31.compound.178518	COc1cccc2c1c(NS(=O)(=O)c1ccc(Cl)s1)nn2Cc1cccc(CNC(=O)C(C)(C)O)c1	YTEVTHHGQMUPHC-UHFFFAOYSA-N	InChI=1S/C24H25ClN4O5S2/c1-24(2,31)23(30)26-13-15-6-4-7-16(12-15)14-29-17-8-5-9-18(34-3)21(17)22(27-29)28-36(32,33)20-11-10-19(25)35-20/h4-12,31H,13-14H2,1-3H3,(H,26,30)(H,27,28)	"""AuxInfo=1/1/N:33,34,1,25,5,26,24,6,4,16,15,36,28,22,27,23,7,3,17,14,8,9,30,32,18,29,20,10,21,31,35,12,13,2,19,11/E:(1,2)(32,33)/CRV:36.6/rA:36COCCCCCCCNSOOCCCCClSNNCCCCCCCNCOCCCOC/rB:s1;s2;d3;s4;d5;s6;s3d7;s8;s9;s10;d11;d11;s11;d14;s15;d16;s17;s14s17;d9;s7s20;s21;s22;d23;s24;d25;s26;s27;s28;s29;d30;s30;s32;s32;s32;s23d27;/rC:;;;;;;;;;;;;;;;;;;;;;;;;;;;;;;;;;;;;"""	P51685_WT	ChEMBL:CHEMBL4596	P51685	WT	CHEMBL2330026	PMID:23409871	2013.0	PMID:23409871	2013	1	0	0	0	0		<	  5.000	5.0	0.0	0.0	1.0	5.0	0.0	CCRs_HUMAN_annotated_04845	True
InChI=1S/C24H25ClN4O5S2/c1-24(2,31)23(30)26-13-15-6-4-7-16(12-15)14-29-17-8-5-9-18(34-3)21(17)22(27-29)28-36(32,33)20-11-10-19(25)35-20/h4-12,31H,13-14H2,1-3H3,(H,26,30)(H,27,28)_on_P61073_WT	Low	ChEMBL31	ChEMBL31.compound.178518	COc1cccc2c1c(NS(=O)(=O)c1ccc(Cl)s1)nn2Cc1cccc(CNC(=O)C(C)(C)O)c1	YTEVTHHGQMUPHC-UHFFFAOYSA-N	InChI=1S/C24H25ClN4O5S2/c1-24(2,31)23(30)26-13-15-6-4-7-16(12-15)14-29-17-8-5-9-18(34-3)21(17)22(27-29)28-36(32,33)20-11-10-19(25)35-20/h4-12,31H,13-14H2,1-3H3,(H,26,30)(H,27,28)	"""AuxInfo=1/1/N:33,34,1,25,5,26,24,6,4,16,15,36,28,22,27,23,7,3,17,14,8,9,30,32,18,29,20,10,21,31,35,12,13,2,19,11/E:(1,2)(32,33)/CRV:36.6/rA:36COCCCCCCCNSOOCCCCClSNNCCCCCCCNCOCCCOC/rB:s1;s2;d3;s4;d5;s6;s3d7;s8;s9;s10;d11;d11;s11;d14;s15;d16;s17;s14s17;d9;s7s20;s21;s22;d23;s24;d25;s26;s27;s28;s29;d30;s30;s32;s32;s32;s23d27;/rC:;;;;;;;;;;;;;;;;;;;;;;;;;;;;;;;;;;;;"""	P61073_WT	ChEMBL:CHEMBL2107	P61073	WT	CHEMBL2329942	PMID:23409871	2013.0	PMID:23409871	2013	1	0	0	0	0		<	  5.000	5.0	0.0	0.0	1.0	5.0	0.0	CCRs_HUMAN_annotated_04846	True
InChI=1S/C24H25NO3/c1-16-12-14-19(15-13-16)25-21(17-8-4-2-5-9-17)20(23(27)24(25)28)22(26)18-10-6-3-7-11-18/h3,6-7,10-15,17,21,27H,2,4-5,8-9H2,1H3_on_P32246_WT	High	ChEMBL31	ChEMBL31.compound.414412	Cc1ccc(N2C(=O)C(O)=C(C(=O)c3ccccc3)C2C2CCCCC2)cc1	BSHADDOELXJBGE-UHFFFAOYSA-N	InChI=1S/C24H25NO3/c1-16-12-14-19(15-13-16)25-21(17-8-4-2-5-9-17)20(23(27)24(25)28)22(26)18-10-6-3-7-11-18/h3,6-7,10-15,17,21,27H,2,4-5,8-9H2,1H3	"""AuxInfo=1/0/N:1,24,17,23,25,16,18,22,26,15,19,3,28,4,27,2,21,14,5,11,20,12,9,7,6,13,10,8/E:(4,5)(6,7)(8,9)(10,11)(12,13)(14,15)/rA:28CCCCCNCOCOCCOCCCCCCCCCCCCCCC/rB:s1;d2;s3;d4;s5;s6;d7;s7;s9;w?9;s11;d12;s12;d14;s15;d16;s17;s14d18;s6s11;s20;s21;s22;s23;s24;s21s25;s5;s2d27;/rC:;;;;;;;;;;;;;;;;;;;;;;;;;;;;"""	P32246_WT	ChEMBL:CHEMBL2413;ChEMBL:CHEMBL2413	P32246	WT	CHEMBL4371695	PMID:30256641	2018.0	PMID:30256641	2018	0	0	0	1	0		=	  7.110;  7.110	7.11	0.0	0.0	2.0	7.11	0.0	CCRs_HUMAN_annotated_04872	True
InChI=1S/C24H26Cl2F3N3O4S/c25-21-5-4-19(15-22(21)26)36-18-8-12-31(13-9-18)17-6-10-32(11-7-17)23(33)30-37(34,35)20-3-1-2-16(14-20)24(27,28)29/h1-5,14-15,17-18H,6-13H2,(H,30,33)_on_P51677_WT	High	ExCAPE-DB;ChEMBL31	17963347;ChEMBL31.compound.191507	O=C(NS(=O)(=O)c1cccc(C(F)(F)F)c1)N1CCC(N2CCC(Oc3cc(Cl)c(Cl)cc3)CC2)CC1	AQIZHUDMGJRAMJ-UHFFFAOYSA-N	InChI=1S/C24H26Cl2F3N3O4S/c25-21-5-4-19(15-22(21)26)36-18-8-12-31(13-9-18)17-6-10-32(11-7-17)23(33)30-37(34,35)20-3-1-2-16(14-20)24(27,28)29/h1-5,14-15,17-18H,6-13H2,(H,30,33)	"""AuxInfo=1/1/N:9,10,8,33,32,19,36,23,34,18,37,22,35,16,27,11,20,24,26,7,30,28,2,12,31,29,13,14,15,3,21,17,1,5,6,25,4/E:(6,7)(8,9)(10,11)(12,13)(27,28,29)(34,35)/CRV:37.6/rA:37OCNSOOCCCCCCFFFCNCCCNCCCOCCCClCClCCCCCC/rB:d1;s2;s3;d4;d4;s4;d7;s8;d9;s10;s11;s12;s12;s12;s7d11;s2;s17;s18;s19;s20;s21;s22;s23;s24;s25;d26;s27;s28;d28;s30;s30;s26d32;s24;s21s34;s20;s17s36;/rC:;;;;;;;;;;;;;;;;;;;;;;;;;;;;;;;;;;;;;"""	P51677_WT	EntrezID:1232;ChEMBL:CHEMBL3473	P51677	WT	PubChemAID:701276;CHEMBL2173970	PMID:23031591	2012.0	PubChemAID:701276;PMID:23031591	2013;2012	0	0	0	0;1	1;0		=	  7.500;  7.500	7.5	0.0	0.0	2.0	7.5	0.0	CCRs_HUMAN_annotated_04876	True
InChI=1S/C24H26Cl2N4O4S/c25-22-5-4-20(15-23(22)26)34-19-8-12-29(13-9-19)18-6-10-30(11-7-18)24(31)28-35(32,33)21-3-1-2-17(14-21)16-27/h1-5,14-15,18-19H,6-13H2,(H,28,31)_on_P51677_WT	High	ChEMBL31	ChEMBL31.compound.191508	N#Cc1cccc(S(=O)(=O)NC(=O)N2CCC(N3CCC(Oc4ccc(Cl)c(Cl)c4)CC3)CC2)c1	NWUBEEIEKUQVJL-UHFFFAOYSA-N	InChI=1S/C24H26Cl2N4O4S/c25-22-5-4-20(15-23(22)26)34-19-8-12-29(13-9-19)18-6-10-30(11-7-18)24(31)28-35(32,33)21-3-1-2-17(14-21)16-27/h1-5,14-15,18-19H,6-13H2,(H,28,31)	"""AuxInfo=1/1/N:5,4,6,24,25,16,33,20,31,15,34,19,32,35,30,2,3,17,21,23,7,26,28,12,27,29,1,11,18,14,13,9,10,22,8/E:(6,7)(8,9)(10,11)(12,13)(32,33)/CRV:35.6/rA:35NCCCCCCSOONCONCCCNCCCOCCCCClCClCCCCCC/rB:t1;s2;d3;s4;d5;s6;s7;d8;d8;s8;s11;d12;s12;s14;s15;s16;s17;s18;s19;s20;s21;s22;d23;s24;d25;s26;s26;s28;s23d28;s21;s18s31;s17;s14s33;s3d7;/rC:;;;;;;;;;;;;;;;;;;;;;;;;;;;;;;;;;;;"""	P51677_WT	ChEMBL:CHEMBL3473	P51677	WT	CHEMBL2173970	PMID:23031591	2012.0	PMID:23031591	2012	0	0	0	1	0		=	  7.000	7.0	0.0	0.0	1.0	7.0	0.0	CCRs_HUMAN_annotated_04881	True
InChI=1S/C24H26ClN5O4S2/c1-15(26-2)24(31)27-13-16-6-4-7-17(12-16)14-30-18-8-5-9-19(34-3)22(18)23(28-30)29-36(32,33)21-11-10-20(25)35-21/h4-12,15,26H,13-14H2,1-3H3,(H,27,31)(H,28,29)/t15-/m1/s1_on_P51679_WT	High	ChEMBL31	ChEMBL31.compound.203153	CN[C@H](C)C(=O)NCc1cc(Cn2nc(NS(=O)(=O)c3ccc(Cl)s3)c3c(OC)cccc32)ccc1	GDRATRAGKPCRIV-OAHLLOKOSA-N	InChI=1S/C24H26ClN5O4S2/c1-15(26-2)24(31)27-13-16-6-4-7-17(12-16)14-30-18-8-5-9-19(34-3)22(18)23(28-30)29-36(32,33)21-11-10-20(25)35-21/h4-12,15,26H,13-14H2,1-3H3,(H,27,31)(H,28,29)/t15-/m1/s1	"""AuxInfo=1/1/N:4,1,29,35,31,36,34,32,30,22,21,10,8,12,3,9,11,33,27,23,20,26,15,5,24,2,7,14,16,13,6,18,19,28,25,17/E:(32,33)/it:im/CRV:36.6/rA:36CNC.eCCONCCCCCNNCNSOOCCCCClSCCOCCCCCCCC/rB:s1;s2;s3;s3;d5;s5;s7;s8;d9;s10;s11;s12;s13;d14;s15;s16;d17;d17;s17;d20;s21;d22;s23;s20s23;s15;d26;s27;s28;s27;d30;s31;s13s26d32;d11;s34;s9d35;/rC:;;;;;;;;;;;;;;;;;;;;;;;;;;;;;;;;;;;;"""	P51679_WT	ChEMBL:CHEMBL2414;ChEMBL:CHEMBL2414	P51679	WT	CHEMBL2330056;CHEMBL2330053	PMID:23409871	2013.0	PMID:23409871	2013	1;0	0	0;1	0	0		=	  7.800;  6.700	7.25	0.55	0.55	2.0	7.25	0.55	CCRs_HUMAN_annotated_04890	True
InChI=1S/C24H26ClN5O4S2/c1-24(2,26)23(31)27-13-15-6-4-7-16(12-15)14-30-17-8-5-9-18(34-3)21(17)22(28-30)29-36(32,33)20-11-10-19(25)35-20/h4-12H,13-14,26H2,1-3H3,(H,27,31)(H,28,29)_on_P51679_WT	High	ChEMBL31	ChEMBL31.compound.203152	COc1c2c(NS(=O)(=O)c3ccc(Cl)s3)nn(Cc3cccc(CNC(=O)C(C)(C)N)c3)c2ccc1	SIBHOWSWIFTOMQ-UHFFFAOYSA-N	InChI=1S/C24H26ClN5O4S2/c1-24(2,26)23(31)27-13-15-6-4-7-16(12-15)14-30-17-8-5-9-18(34-3)21(17)22(28-30)29-36(32,33)20-11-10-19(25)35-20/h4-12H,13-14,26H2,1-3H3,(H,27,31)(H,28,29)	"""AuxInfo=1/1/N:29,30,1,21,35,22,20,34,36,12,11,32,24,18,23,19,33,3,13,10,4,5,26,28,14,31,25,16,6,17,27,8,9,2,15,7/E:(1,2)(32,33)/CRV:36.6/rA:36COCCCNSOOCCCCClSNNCCCCCCCNCOCCCNCCCCC/rB:s1;s2;d3;s4;s5;s6;d7;d7;s7;d10;s11;d12;s13;s10s13;d5;s16;s17;s18;d19;s20;d21;s22;s23;s24;s25;d26;s26;s28;s28;s28;s19d23;s4s17;d33;s34;s3d35;/rC:;;;;;;;;;;;;;;;;;;;;;;;;;;;;;;;;;;;;"""	P51679_WT	ChEMBL:CHEMBL2414;ChEMBL:CHEMBL2414	P51679	WT	CHEMBL2330053;CHEMBL2330056	PMID:23409871	2013.0	PMID:23409871	2013	0;1	0	1;0	0	0		=	  6.850;  7.800	7.325	0.475	0.475	2.0	7.325	0.475	CCRs_HUMAN_annotated_04891	True
InChI=1S/C24H26N4O4S/c1-16-6-2-3-7-18(16)23(29)26-21-10-11-22(20-9-5-4-8-19(20)21)33(31,32)27-17-12-14-28(15-13-17)24(25)30/h2-11,17,27H,12-15H2,1H3,(H2,25,30)(H,26,29)_on_P51685_WT	High	ChEMBL31;ExCAPE-DB	ChEMBL31.compound.68528;16105888	Cc1c(C(=O)Nc2ccc(S(=O)(=O)NC3CCN(C(N)=O)CC3)c3c2cccc3)cccc1	UCZAFPIJTHEDCJ-UHFFFAOYSA-N	InChI=1S/C24H26N4O4S/c1-16-6-2-3-7-18(16)23(29)26-21-10-11-22(20-9-5-4-8-19(20)21)33(31,32)27-17-12-14-28(15-13-17)24(25)30/h2-11,17,27H,12-15H2,1H3,(H2,25,30)(H,26,29)	"""AuxInfo=1/1/N:1,32,31,27,28,33,30,26,29,8,9,16,23,17,22,2,15,3,25,24,7,10,4,19,20,6,14,18,5,21,12,13,11/E:(12,13)(14,15)(31,32)/CRV:33.6/rA:33CCCCONCCCCSOONCCCNCNOCCCCCCCCCCCC/rB:s1;d2;s3;d4;s4;s6;d7;s8;d9;s10;d11;d11;s11;s14;s15;s16;s17;s18;s19;d19;s18;s15s22;s10;s7d24;s25;d26;s27;s24d28;s3;d30;s31;s2d32;/rC:;;;;;;;;;;;;;;;;;;;;;;;;;;;;;;;;;"""	P51685_WT	ChEMBL:CHEMBL4596;EntrezID:1237	P51685	WT	CHEMBL855762;PubChemAID:277746	PMID:17266208	2007.0	PMID:17266208;PubChemAID:277746	2007;2010	0	0	0	1;0	0;1		=	  6.610;  6.614	6.612	0.002	0.002	2.0	6.612	0.002	CCRs_HUMAN_annotated_04922	True
InChI=1S/C24H26N4O5S/c1-2-33-24(30)28-15-11-18(12-16-28)27-34(31,32)22-8-7-21(19-5-3-4-6-20(19)22)26-23(29)17-9-13-25-14-10-17/h3-10,13-14,18,27H,2,11-12,15-16H2,1H3,(H,26,29)_on_P51685_WT	High	ChEMBL31	ChEMBL31.compound.68540	CCOC(=O)N1CCC(NS(=O)(=O)c2ccc(NC(=O)c3ccncc3)c3c2cccc3)CC1	ZPGHKHDPDWADMY-UHFFFAOYSA-N	InChI=1S/C24H26N4O5S/c1-2-33-24(30)28-15-11-18(12-16-28)27-34(31,32)22-8-7-21(19-5-3-4-6-20(19)22)26-23(29)17-9-13-25-14-10-17/h3-10,13-14,18,27H,2,11-12,15-16H2,1H3,(H,26,29)	"""AuxInfo=1/1/N:1,2,31,30,32,29,16,15,22,26,8,33,23,25,7,34,21,9,27,28,17,14,19,4,24,18,10,6,20,5,12,13,3,11/E:(9,10)(11,12)(13,14)(15,16)(31,32)/CRV:34.6/rA:34CCOCONCCCNSOOCCCCNCOCCCNCCCCCCCCCC/rB:s1;s2;s3;d4;s4;s6;s7;s8;s9;s10;d11;d11;s11;d14;s15;d16;s17;s18;d19;s19;d21;s22;d23;s24;s21d25;s17;s14d27;s28;d29;s30;s27d31;s9;s6s33;/rC:;;;;;;;;;;;;;;;;;;;;;;;;;;;;;;;;;;"""	P51685_WT	ChEMBL:CHEMBL4596	P51685	WT	CHEMBL855766	PMID:17266208	2007.0	PMID:17266208	2007	1	0	0	0	0		=	  7.000	7.0	0.0	0.0	1.0	7.0	0.0	CCRs_HUMAN_annotated_04923	True
InChI=1S/C24H27ClN2O3S/c25-21-11-9-20(10-12-21)24(28)13-17-27(18-14-24)16-4-15-26-31(29,30)23-8-3-6-19-5-1-2-7-22(19)23/h1-3,5-12,26,28H,4,13-18H2_on_P32246_WT	High	ExCAPE-DB;ChEMBL31;ChEMBL31	44453363;ChEMBL31.compound.92287;ChEMBL31.compound.92287	O=S(=O)(NCCCN1CCC(O)(c2ccc(Cl)cc2)CC1)c1cccc2c1cccc2	SOVOCYWSGGRVES-UHFFFAOYSA-N	InChI=1S/C24H27ClN2O3S/c25-21-11-9-20(10-12-21)24(28)13-17-27(18-14-24)16-4-15-26-31(29,30)23-8-3-6-19-5-1-2-7-22(19)23/h1-3,5-12,26,28H,4,13-18H2	"""AuxInfo=1/0/N:30,29,24,6,31,25,28,23,14,19,15,18,10,20,5,7,9,21,26,13,16,27,22,11,17,4,8,12,1,3,2/E:(9,10)(11,12)(13,14)(17,18)(29,30)/CRV:31.6/rA:31OSONCCCNCCCOCCCCClCCCCCCCCCCCCCC/rB:d1;d2;s2;s4;s5;s6;s7;s8;s9;s10;s11;s11;d13;s14;d15;s16;s16;s13d18;s11;s8s20;s2;d22;s23;d24;s25;s22d26;s27;d28;s29;s26d30;/rC:;;;;;;;;;;;;;;;;;;;;;;;;;;;;;;;"""	P32246_WT	EntrezID:1230;ChEMBL:CHEMBL2413;ChEMBL:CHEMBL2413	P32246	WT	PubChemAID:322028;CHEMBL933431;CHEMBL933432	PMID:18329267	2008.0	PubChemAID:322028;PMID:18329267;PMID:18329267	2010;2008;2008	0;1;1	0	0	0	1;0;0		=	  6.745;  6.170;  6.750	6.555	0.272	0.193	3.0	6.745	0.005	CCRs_HUMAN_annotated_04946	True
InChI=1S/C24H27ClN2O3S/c25-22-9-7-21(8-10-22)24(28)12-16-27(17-13-24)15-3-14-26-31(29,30)23-11-6-19-4-1-2-5-20(19)18-23/h1-2,4-11,18,26,28H,3,12-17H2_on_P32246_WT	High	ChEMBL31;ChEMBL31;ExCAPE-DB	ChEMBL31.compound.92286;ChEMBL31.compound.92286;44453436	O=S(=O)(NCCCN1CCC(O)(c2ccc(Cl)cc2)CC1)c1cc2c(cccc2)cc1	UVSUXUHBOZNUDW-UHFFFAOYSA-N	InChI=1S/C24H27ClN2O3S/c25-22-9-7-21(8-10-22)24(28)12-16-27(17-13-24)15-3-14-26-31(29,30)23-11-6-19-4-1-2-5-20(19)18-23/h1-2,4-11,18,26,28H,3,12-17H2	"""AuxInfo=1/0/N:27,28,6,26,29,30,14,19,15,18,31,10,20,5,7,9,21,23,25,24,13,16,22,11,17,4,8,12,1,3,2/E:(7,8)(9,10)(12,13)(16,17)(29,30)/CRV:31.6/rA:31OSONCCCNCCCOCCCCClCCCCCCCCCCCCCC/rB:d1;d2;s2;s4;s5;s6;s7;s8;s9;s10;s11;s11;d13;s14;d15;s16;s16;s13d18;s11;s8s20;s2;d22;s23;d24;s25;d26;s27;s24d28;s25;s22d30;/rC:;;;;;;;;;;;;;;;;;;;;;;;;;;;;;;;"""	P32246_WT	ChEMBL:CHEMBL2413;ChEMBL:CHEMBL2413;EntrezID:1230	P32246	WT	CHEMBL933431;CHEMBL933432;PubChemAID:322028	PMID:18329267	2008.0	PMID:18329267;PMID:18329267;PubChemAID:322028	2008;2008;2010	1;1;0	0	0	0	0;0;1		=	  5.940;  6.280;  6.284	6.168	0.161	0.114	3.0	6.28	0.004	CCRs_HUMAN_annotated_04947	True
InChI=1S/C24H27ClN2O3S2/c25-20-10-8-19(9-11-20)24(28)12-16-27(17-13-24)15-4-14-26-32(29,30)23-7-2-1-5-21(23)22-6-3-18-31-22/h1-3,5-11,18,26,28H,4,12-17H2_on_P32246_WT	High	ChEMBL31	ChEMBL31.compound.92305	O=S(=O)(NCCCN1CCC(O)(c2ccc(Cl)cc2)CC1)c1ccccc1-c1cccs1	SNOIIJGMGFFQQA-UHFFFAOYSA-N	InChI=1S/C24H27ClN2O3S2/c25-20-10-8-19(9-11-20)24(28)12-16-27(17-13-24)15-4-14-26-32(29,30)23-7-2-1-5-21(23)22-6-3-18-31-22/h1-3,5-11,18,26,28H,4,12-17H2	"""AuxInfo=1/0/N:25,24,30,6,26,29,23,14,19,15,18,10,20,5,7,9,21,31,13,16,27,28,22,11,17,4,8,12,1,3,32,2/E:(8,9)(10,11)(12,13)(16,17)(29,30)/CRV:32.6/rA:32OSONCCCNCCCOCCCCClCCCCCCCCCCCCCCS/rB:d1;d2;s2;s4;s5;s6;s7;s8;s9;s10;s11;s11;d13;s14;d15;s16;s16;s13d18;s11;s8s20;s2;d22;s23;d24;s25;s22d26;s27;d28;s29;d30;s28s31;/rC:;;;;;;;;;;;;;;;;;;;;;;;;;;;;;;;;"""	P32246_WT	ChEMBL:CHEMBL2413;ChEMBL:CHEMBL2413	P32246	WT	CHEMBL933432;CHEMBL933431	PMID:18329267	2008.0	PMID:18329267	2008	1	0	0	0	0		=	  6.640;  6.620	6.63	0.01	0.01	2.0	6.63	0.01	CCRs_HUMAN_annotated_04948	True
InChI=1S/C24H27ClN2O3S2/c25-21-8-6-20(7-9-21)24(28)11-15-27(16-12-24)14-3-13-26-32(29,30)23-5-2-1-4-22(23)19-10-17-31-18-19/h1-2,4-10,17-18,26,28H,3,11-16H2_on_P32246_WT	High	ChEMBL31	ChEMBL31.compound.92306	O=S(=O)(NCCCN1CCC(O)(c2ccc(Cl)cc2)CC1)c1ccccc1-c1cscc1	KXDOWKGEEUCMND-UHFFFAOYSA-N	InChI=1S/C24H27ClN2O3S2/c25-21-8-6-20(7-9-21)24(28)11-15-27(16-12-24)14-3-13-26-32(29,30)23-5-2-1-4-22(23)19-10-17-31-18-19/h1-2,4-10,17-18,26,28H,3,11-16H2	"""AuxInfo=1/0/N:25,24,6,26,23,14,19,15,18,32,10,20,5,7,9,21,31,29,28,13,16,27,22,11,17,4,8,12,1,3,30,2/E:(6,7)(8,9)(11,12)(15,16)(29,30)/CRV:32.6/rA:32OSONCCCNCCCOCCCCClCCCCCCCCCCCCSCC/rB:d1;d2;s2;s4;s5;s6;s7;s8;s9;s10;s11;s11;d13;s14;d15;s16;s16;s13d18;s11;s8s20;s2;d22;s23;d24;s25;s22d26;s27;d28;s29;s30;s28d31;/rC:;;;;;;;;;;;;;;;;;;;;;;;;;;;;;;;;"""	P32246_WT	ChEMBL:CHEMBL2413;ChEMBL:CHEMBL2413	P32246	WT	CHEMBL933432;CHEMBL933431	PMID:18329267	2008.0	PMID:18329267	2008	1	0	0	0	0		=	  6.960;  6.460	6.71	0.25	0.25	2.0	6.71	0.25	CCRs_HUMAN_annotated_04949	True
InChI=1S/C24H27N3O5S/c1-2-5-23(28)27-13-10-18(11-14-27)26-33(30,31)22-9-8-21(19-6-3-4-7-20(19)22)25-24(29)17-12-15-32-16-17/h3-4,6-9,12,15-16,18,26H,2,5,10-11,13-14H2,1H3,(H,25,29)_on_P51685_WT	High	ChEMBL31	ChEMBL31.compound.68550	CCCC(=O)N1CCC(NS(=O)(=O)c2ccc(NC(=O)c3cocc3)c3c2cccc3)CC1	KQHCOEKQMDCNLY-UHFFFAOYSA-N	InChI=1S/C24H27N3O5S/c1-2-5-23(28)27-13-10-18(11-14-27)26-33(30,31)22-9-8-21(19-6-3-4-7-20(19)22)25-24(29)17-12-15-32-16-17/h3-4,6-9,12,15-16,18,26H,2,5,10-11,13-14H2,1H3,(H,25,29)	"""AuxInfo=1/1/N:1,2,30,29,3,31,28,16,15,8,32,25,7,33,24,22,21,9,26,27,17,14,4,19,18,10,6,5,20,12,13,23,11/E:(10,11)(13,14)(30,31)/CRV:33.6/rA:33CCCCONCCCNSOOCCCCNCOCCOCCCCCCCCCC/rB:s1;s2;s3;d4;s4;s6;s7;s8;s9;s10;d11;d11;s11;d14;s15;d16;s17;s18;d19;s19;d21;s22;s23;s21d24;s17;s14d26;s27;d28;s29;s26d30;s9;s6s32;/rC:;;;;;;;;;;;;;;;;;;;;;;;;;;;;;;;;;"""	P51685_WT	ChEMBL:CHEMBL4596	P51685	WT	CHEMBL855766	PMID:17266208	2007.0	PMID:17266208	2007	1	0	0	0	0		=	  5.820	5.82	0.0	0.0	1.0	5.82	0.0	CCRs_HUMAN_annotated_04989	True
InChI=1S/C24H27N5O4S/c1-2-5-23(30)29-14-10-17(11-15-29)28-34(32,33)22-9-8-20(18-6-3-4-7-19(18)22)27-24(31)21-16-25-12-13-26-21/h3-4,6-9,12-13,16-17,28H,2,5,10-11,14-15H2,1H3,(H,27,31)_on_P51685_WT	High	ChEMBL31	ChEMBL31.compound.68543	CCCC(=O)N1CCC(NS(=O)(=O)c2ccc(NC(=O)c3nccnc3)c3c2cccc3)CC1	KDESTDXLUHNRIR-UHFFFAOYSA-N	InChI=1S/C24H27N5O4S/c1-2-5-23(30)29-14-10-17(11-15-29)28-34(32,33)22-9-8-20(18-6-3-4-7-19(18)22)27-24(31)21-16-25-12-13-26-21/h3-4,6-9,12-13,16-17,28H,2,5,10-11,14-15H2,1H3,(H,27,31)	"""AuxInfo=1/1/N:1,2,31,30,3,32,29,16,15,8,33,24,23,7,34,26,9,27,28,17,21,14,4,19,25,22,18,10,6,5,20,12,13,11/E:(10,11)(14,15)(32,33)/CRV:34.6/rA:34CCCCONCCCNSOOCCCCNCOCNCCNCCCCCCCCC/rB:s1;s2;s3;d4;s4;s6;s7;s8;s9;s10;d11;d11;s11;d14;s15;d16;s17;s18;d19;s19;d21;s22;d23;s24;s21d25;s17;s14d27;s28;d29;s30;s27d31;s9;s6s33;/rC:;;;;;;;;;;;;;;;;;;;;;;;;;;;;;;;;;;"""	P51685_WT	ChEMBL:CHEMBL4596	P51685	WT	CHEMBL855766	PMID:17266208	2007.0	PMID:17266208	2007	1	0	0	0	0		=	  6.000	6.0	0.0	0.0	1.0	6.0	0.0	CCRs_HUMAN_annotated_05010	True
InChI=1S/C24H28BrClN6O5S/c1-3-24(4-2,32-13-7-10-19(32)22(34)35)31-38(36,37)21-16(26)11-12-18(20(21)33)30-23(28-14-27)29-17-9-6-5-8-15(17)25/h5-6,8-9,11-12,19,31,33H,3-4,7,10,13H2,1-2H3,(H,34,35)(H2,28,29,30)/t19-/m1/s1_on_P25024_WT	High	ChEMBL31	ChEMBL31.compound.67201	CCC(CC)(NS(=O)(=O)c1c(Cl)ccc(N=C(NC#N)Nc2c(Br)cccc2)c1O)N1CCC[C@@H]1C(=O)O	CODGMHXCDXLYFF-LJQANCHMSA-N	InChI=1S/C24H28BrClN6O5S/c1-3-24(4-2,32-13-7-10-19(32)22(34)35)31-38(36,37)21-16(26)11-12-18(20(21)33)30-23(28-14-27)29-17-9-6-5-8-15(17)25/h5-6,8-9,11-12,19,31,33H,3-4,7,10,13H2,1-2H3,(H,34,35)(H2,28,29,30)/t19-/m1/s1	"""AuxInfo=1/1/N:1,5,2,4,26,27,33,25,28,34,13,14,32,19,23,11,22,15,35,29,10,36,17,3,24,12,20,18,21,16,6,31,30,37,38,8,9,7/E:(1,2)(3,4)(34,35)(36,37)/it:im/CRV:38.6/rA:38CCCCCNSOOCCClCCCNCNCNNCCBrCCCCCONCCCC.eCOO/rB:s1;s2;s3;s4;s3;s6;d7;d7;s7;d10;s11;s11;d13;s14;s15;w?16;s17;s18;t19;s17;s21;d22;s23;s23;d25;s26;s22d27;s10d15;s29;s3;s31;s32;s33;s31s34;s35;d36;s36;/rC:;;;;;;;;;;;;;;;;;;;;;;;;;;;;;;;;;;;;;;"""	P25024_WT	ChEMBL:CHEMBL4029	P25024	WT	CHEMBL908414	PMID:16934456	2006.0	PMID:16934456	2006	1	0	0	0	0		=	  7.660	7.66	0.0	0.0	1.0	7.66	0.0	CCRs_HUMAN_annotated_05014	True
InChI=1S/C24H28BrClN6O5S/c1-3-24(4-2,32-13-7-10-19(32)22(34)35)31-38(36,37)21-16(26)11-12-18(20(21)33)30-23(28-14-27)29-17-9-6-5-8-15(17)25/h5-6,8-9,11-12,19,31,33H,3-4,7,10,13H2,1-2H3,(H,34,35)(H2,28,29,30)/t19-/m1/s1_on_P25025_WT	High	ChEMBL31	ChEMBL31.compound.67201	CCC(CC)(NS(=O)(=O)c1c(Cl)ccc(N=C(NC#N)Nc2c(Br)cccc2)c1O)N1CCC[C@@H]1C(=O)O	CODGMHXCDXLYFF-LJQANCHMSA-N	InChI=1S/C24H28BrClN6O5S/c1-3-24(4-2,32-13-7-10-19(32)22(34)35)31-38(36,37)21-16(26)11-12-18(20(21)33)30-23(28-14-27)29-17-9-6-5-8-15(17)25/h5-6,8-9,11-12,19,31,33H,3-4,7,10,13H2,1-2H3,(H,34,35)(H2,28,29,30)/t19-/m1/s1	"""AuxInfo=1/1/N:1,5,2,4,26,27,33,25,28,34,13,14,32,19,23,11,22,15,35,29,10,36,17,3,24,12,20,18,21,16,6,31,30,37,38,8,9,7/E:(1,2)(3,4)(34,35)(36,37)/it:im/CRV:38.6/rA:38CCCCCNSOOCCClCCCNCNCNNCCBrCCCCCONCCCC.eCOO/rB:s1;s2;s3;s4;s3;s6;d7;d7;s7;d10;s11;s11;d13;s14;s15;w?16;s17;s18;t19;s17;s21;d22;s23;s23;d25;s26;s22d27;s10d15;s29;s3;s31;s32;s33;s31s34;s35;d36;s36;/rC:;;;;;;;;;;;;;;;;;;;;;;;;;;;;;;;;;;;;;;"""	P25025_WT	ChEMBL:CHEMBL2434	P25025	WT	CHEMBL908413	PMID:16934456	2006.0	PMID:16934456	2006	1	0	0	0	0		=	  7.800	7.8	0.0	0.0	1.0	7.8	0.0	CCRs_HUMAN_annotated_05015	True
InChI=1S/C24H28ClN5O3S/c1-24(2,3)16-4-7-18(8-5-16)34(31,32)29-20-9-6-17(25)14-19(20)23-22(26)21(15-27-28-23)30-10-12-33-13-11-30/h4-9,14-15,29H,10-13H2,1-3H3,(H2,26,27)_on_P51686_WT	High	ChEMBL31	ChEMBL31.compound.268051	CC(C)(C)c1ccc(S(=O)(=O)Nc2ccc(Cl)cc2-c2c(N)c(N3CCOCC3)cnn2)cc1	NHIOMLRISKSZIR-UHFFFAOYSA-N	InChI=1S/C24H28ClN5O3S/c1-24(2,3)16-4-7-18(8-5-16)34(31,32)29-20-9-6-17(25)14-19(20)23-22(26)21(15-27-28-23)30-10-12-33-13-11-30/h4-9,14-15,29H,10-13H2,1-3H3,(H2,26,27)	"""AuxInfo=1/1/N:1,3,4,6,34,15,7,33,14,25,29,26,28,18,30,5,16,8,19,13,23,21,20,2,17,22,31,32,12,24,10,11,27,9/E:(1,2,3)(4,5)(7,8)(10,11)(12,13)(31,32)/CRV:34.6/rA:34CCCCCCCCSOONCCCCClCCCCNCNCCOCCCNNCC/rB:s1;s2;s2;s2;d5;s6;d7;s8;d9;d9;s9;s12;d13;s14;d15;s16;s16;s13d18;s19;d20;s21;s21;s23;s24;s25;s26;s27;s24s28;d23;s30;s20d31;s8;s5d33;/rC:;;;;;;;;;;;;;;;;;;;;;;;;;;;;;;;;;;"""	P51686_WT	ChEMBL:CHEMBL5815;ChEMBL:CHEMBL5815	P51686	WT	CHEMBL3607107;CHEMBL3607106	PMID:26117562	2015.0	PMID:26117562	2015	1	0	0	0	0		=	  6.720;  7.580	7.15	0.43	0.43	2.0	7.15	0.43	CCRs_HUMAN_annotated_05042	True
InChI=1S/C24H29Cl2N3O2S/c25-22-9-8-19(16-23(22)26)32(30,31)28-12-4-1-5-13-29-14-10-18(11-15-29)21-17-27-24-7-3-2-6-20(21)24/h2-3,6-9,16-18,27-28H,1,4-5,10-15H2_on_P41597_WT	Low	ChEMBL31	ChEMBL31.compound.1040273	O=S(=O)(NCCCCCN1CCC(c2c[nH]c3ccccc23)CC1)c1cc(Cl)c(Cl)cc1	YRANPYGJVRCSSY-UHFFFAOYSA-N	InChI=1S/C24H29Cl2N3O2S/c25-22-9-8-19(16-23(22)26)32(30,31)28-12-4-1-5-13-29-14-10-18(11-15-29)21-17-27-24-7-3-2-6-20(21)24/h2-3,6-9,16-18,27-28H,1,4-5,10-15H2	"""AuxInfo=1/0/N:7,20,19,6,8,21,18,32,31,12,23,5,9,11,24,26,15,13,25,22,14,29,27,17,30,28,16,4,10,1,3,2/E:(10,11)(14,15)(30,31)/CRV:32.6/rA:32OSONCCCCCNCCCCCNCCCCCCCCCCCClCClCC/rB:d1;d2;s2;s4;s5;s6;s7;s8;s9;s10;s11;s12;s13;d14;s15;s16;d17;s18;d19;s20;s14s17d21;s13;s10s23;s2;d25;s26;s27;d27;s29;s29;s25d31;/rC:;;;;;;;;;;;;;;;;;;;;;;;;;;;;;;;;"""	P41597_WT	ChEMBL:CHEMBL4015	P41597	WT	CHEMBL655688	PMID:10969972	2000.0	PMID:10969972	2000	0	0	0	1	0		<	  5.000	5.0	0.0	0.0	1.0	5.0	0.0	CCRs_HUMAN_annotated_05097	True
InChI=1S/C24H29Cl2N3O4S/c1-17-2-5-21(6-3-17)34(31,32)27-24(30)29-12-8-18(9-13-29)28-14-10-19(11-15-28)33-20-4-7-22(25)23(26)16-20/h2-7,16,18-19H,8-15H2,1H3,(H,27,30)_on_P51677_WT	High	ChEMBL31	ChEMBL31.compound.189966	Cc1ccc(S(=O)(=O)NC(=O)N2CCC(N3CCC(Oc4ccc(Cl)c(Cl)c4)CC3)CC2)cc1	QVLZVRFIGXNZMN-UHFFFAOYSA-N	InChI=1S/C24H29Cl2N3O4S/c1-17-2-5-21(6-3-17)34(31,32)27-24(30)29-12-8-18(9-13-29)28-14-10-19(11-15-28)33-20-4-7-22(25)23(26)16-20/h2-7,16,18-19H,8-15H2,1H3,(H,27,30)	"""AuxInfo=1/1/N:1,3,34,22,4,33,23,14,31,18,29,13,32,17,30,28,2,15,19,21,5,24,26,10,25,27,9,16,12,11,7,8,20,6/E:(2,3)(5,6)(8,9)(10,11)(12,13)(14,15)(31,32)/CRV:34.6/rA:34CCCCCSOONCONCCCNCCCOCCCCClCClCCCCCCC/rB:s1;d2;s3;d4;s5;d6;d6;s6;s9;d10;s10;s12;s13;s14;s15;s16;s17;s18;s19;s20;d21;s22;d23;s24;s24;s26;s21d26;s19;s16s29;s15;s12s31;s5;s2d33;/rC:;;;;;;;;;;;;;;;;;;;;;;;;;;;;;;;;;;"""	P51677_WT	ChEMBL:CHEMBL3473;ChEMBL:CHEMBL3473	P51677	WT	CHEMBL2173963;CHEMBL2160724	PMID:22931505	2012.0	PMID:23031591;PMID:23021991	2012	0	0	1;0	0;1	0		=	  7.000;  8.200	7.6	0.6	0.6	2.0	7.6	0.6	CCRs_HUMAN_annotated_05099	True
InChI=1S/C24H29Cl2N3O4S/c1-17-2-5-21(6-3-17)34(31,32)27-24(30)29-12-8-19(9-13-29)28-14-10-20(11-15-28)33-23-7-4-18(25)16-22(23)26/h2-7,16,19-20H,8-15H2,1H3,(H,27,30)_on_P51677_WT	High	ChEMBL31	ChEMBL31.compound.191506	Cc1ccc(S(=O)(=O)NC(=O)N2CCC(N3CCC(Oc4ccc(Cl)cc4Cl)CC3)CC2)cc1	STXMJDYUJFBELE-UHFFFAOYSA-N	InChI=1S/C24H29Cl2N3O4S/c1-17-2-5-21(6-3-17)34(31,32)27-24(30)29-12-8-19(9-13-29)28-14-10-20(11-15-28)33-23-7-4-18(25)16-22(23)26/h2-7,16,19-20H,8-15H2,1H3,(H,27,30)	"""AuxInfo=1/1/N:1,3,34,23,4,33,22,14,31,18,29,13,32,17,30,26,2,24,15,19,5,27,21,10,25,28,9,16,12,11,7,8,20,6/E:(2,3)(5,6)(8,9)(10,11)(12,13)(14,15)(31,32)/CRV:34.6/rA:34CCCCCSOONCONCCCNCCCOCCCCClCCClCCCCCC/rB:s1;d2;s3;d4;s5;d6;d6;s6;s9;d10;s10;s12;s13;s14;s15;s16;s17;s18;s19;s20;d21;s22;d23;s24;s24;s21d26;s27;s19;s16s29;s15;s12s31;s5;s2d33;/rC:;;;;;;;;;;;;;;;;;;;;;;;;;;;;;;;;;;"""	P51677_WT	ChEMBL:CHEMBL3473	P51677	WT	CHEMBL2173970	PMID:23031591	2012.0	PMID:23031591	2012	0	0	0	1	0		=	  7.600	7.6	0.0	0.0	1.0	7.6	0.0	CCRs_HUMAN_annotated_05100	True
InChI=1S/C24H29Cl2N3O4S/c1-17-3-2-4-21(15-17)34(31,32)27-24(30)29-11-7-18(8-12-29)28-13-9-19(10-14-28)33-20-5-6-22(25)23(26)16-20/h2-6,15-16,18-19H,7-14H2,1H3,(H,27,30)_on_P51677_WT	High	ChEMBL31;ExCAPE-DB	ChEMBL31.compound.191510;71455217	Cc1cccc(S(=O)(=O)NC(=O)N2CCC(N3CCC(Oc4ccc(Cl)c(Cl)c4)CC3)CC2)c1	PHHPFXWDLDXLPN-UHFFFAOYSA-N	InChI=1S/C24H29Cl2N3O4S/c1-17-3-2-4-21(15-17)34(31,32)27-24(30)29-11-7-18(8-12-29)28-13-9-19(10-14-28)33-20-5-6-22(25)23(26)16-20/h2-6,15-16,18-19H,7-14H2,1H3,(H,27,30)	"""AuxInfo=1/1/N:1,4,3,5,23,24,15,32,19,30,14,33,18,31,34,29,2,16,20,22,6,25,27,11,26,28,10,17,13,12,8,9,21,7/E:(7,8)(9,10)(11,12)(13,14)(31,32)/CRV:34.6/rA:34CCCCCCSOONCONCCCNCCCOCCCCClCClCCCCCC/rB:s1;d2;s3;d4;s5;s6;d7;d7;s7;s10;d11;s11;s13;s14;s15;s16;s17;s18;s19;s20;s21;d22;s23;d24;s25;s25;s27;s22d27;s20;s17s30;s16;s13s32;s2d6;/rC:;;;;;;;;;;;;;;;;;;;;;;;;;;;;;;;;;;"""	P51677_WT	ChEMBL:CHEMBL3473;EntrezID:1232	P51677	WT	CHEMBL2173970;PubChemAID:701276	PMID:23031591	2012.0	PMID:23031591;PubChemAID:701276	2012;2013	0	0	0	1;0	0;1		=	  6.900;  6.900	6.9	0.0	0.0	2.0	6.9	0.0	CCRs_HUMAN_annotated_05101	True
InChI=1S/C24H29Cl2N3O4S/c1-17-4-2-3-5-23(17)34(31,32)27-24(30)29-12-8-18(9-13-29)28-14-10-19(11-15-28)33-20-6-7-21(25)22(26)16-20/h2-7,16,18-19H,8-15H2,1H3,(H,27,30)_on_P51677_WT	High	ExCAPE-DB;ChEMBL31	17963334;ChEMBL31.compound.191514	Cc1ccccc1S(=O)(=O)NC(=O)N1CCC(N2CCC(Oc3cc(Cl)c(Cl)cc3)CC2)CC1	IGLADUDHPDHSRD-UHFFFAOYSA-N	InChI=1S/C24H29Cl2N3O4S/c1-17-4-2-3-5-23(17)34(31,32)27-24(30)29-12-8-18(9-13-29)28-14-10-19(11-15-28)33-20-6-7-21(25)22(26)16-20/h2-7,16,18-19H,8-15H2,1H3,(H,27,30)	"""AuxInfo=1/1/N:1,4,5,3,6,30,29,16,33,20,31,15,34,19,32,24,2,17,21,23,27,25,7,12,28,26,11,18,14,13,9,10,22,8/E:(8,9)(10,11)(12,13)(14,15)(31,32)/CRV:34.6/rA:34CCCCCCCSOONCONCCCNCCCOCCCClCClCCCCCC/rB:s1;d2;s3;d4;s5;s2d6;s7;d8;d8;s8;s11;d12;s12;s14;s15;s16;s17;s18;s19;s20;s21;s22;d23;s24;s25;d25;s27;s27;s23d29;s21;s18s31;s17;s14s33;/rC:;;;;;;;;;;;;;;;;;;;;;;;;;;;;;;;;;;"""	P51677_WT	EntrezID:1232;ChEMBL:CHEMBL3473	P51677	WT	PubChemAID:701276;CHEMBL2173970	PMID:23031591	2012.0	PubChemAID:701276;PMID:23031591	2013;2012	0	0	0	0;1	1;0		=	  7.700;  7.700	7.7	0.0	0.0	2.0	7.7	0.0	CCRs_HUMAN_annotated_05102	True
InChI=1S/C24H29Cl2N3O5S/c1-33-18-2-5-21(6-3-18)35(31,32)27-24(30)29-12-8-17(9-13-29)28-14-10-19(11-15-28)34-20-4-7-22(25)23(26)16-20/h2-7,16-17,19H,8-15H2,1H3,(H,27,30)_on_P51677_WT	High	ExCAPE-DB;ChEMBL31	17963196;ChEMBL31.compound.191516	COc1ccc(S(=O)(=O)NC(=O)N2CCC(N3CCC(Oc4cc(Cl)c(Cl)cc4)CC3)CC2)cc1	ZLPRNWIDJZJYMH-UHFFFAOYSA-N	InChI=1S/C24H29Cl2N3O5S/c1-33-18-2-5-21(6-3-18)35(31,32)27-24(30)29-12-8-17(9-13-29)28-14-10-19(11-15-28)34-20-4-7-22(25)23(26)16-20/h2-7,16-17,19H,8-15H2,1H3,(H,27,30)	"""AuxInfo=1/1/N:1,4,35,29,5,34,28,15,32,19,30,14,33,18,31,23,16,3,20,22,6,26,24,11,27,25,10,17,13,12,8,9,2,21,7/E:(2,3)(5,6)(8,9)(10,11)(12,13)(14,15)(31,32)/CRV:35.6/rA:35COCCCCSOONCONCCCNCCCOCCCClCClCCCCCCCC/rB:s1;s2;d3;s4;d5;s6;d7;d7;s7;s10;d11;s11;s13;s14;s15;s16;s17;s18;s19;s20;s21;d22;s23;s24;d24;s26;s26;s22d28;s20;s17s30;s16;s13s32;s6;s3d34;/rC:;;;;;;;;;;;;;;;;;;;;;;;;;;;;;;;;;;;"""	P51677_WT	EntrezID:1232;ChEMBL:CHEMBL3473	P51677	WT	PubChemAID:701276;CHEMBL2173970	PMID:23031591	2012.0	PubChemAID:701276;PMID:23031591	2013;2012	0	0	0	0;1	1;0		=	  7.400;  7.400	7.4	0.0	0.0	2.0	7.4	0.0	CCRs_HUMAN_annotated_05105	True
InChI=1S/C24H29Cl2N3O5S/c1-33-22-4-2-3-5-23(22)35(31,32)27-24(30)29-12-8-17(9-13-29)28-14-10-18(11-15-28)34-19-6-7-20(25)21(26)16-19/h2-7,16-18H,8-15H2,1H3,(H,27,30)_on_P51677_WT	High	ChEMBL31	ChEMBL31.compound.191512	COc1c(S(=O)(=O)NC(=O)N2CCC(N3CCC(Oc4ccc(Cl)c(Cl)c4)CC3)CC2)cccc1	UOWPMQNCLJZBEA-UHFFFAOYSA-N	InChI=1S/C24H29Cl2N3O5S/c1-33-22-4-2-3-5-23(22)35(31,32)27-24(30)29-12-8-17(9-13-29)28-14-10-18(11-15-28)34-19-6-7-20(25)21(26)16-19/h2-7,16-18H,8-15H2,1H3,(H,27,30)	"""AuxInfo=1/1/N:1,34,33,35,32,21,22,13,30,17,28,12,31,16,29,27,14,18,20,23,25,3,4,9,24,26,8,15,11,10,6,7,2,19,5/E:(8,9)(10,11)(12,13)(14,15)(31,32)/CRV:35.6/rA:35COCCSOONCONCCCNCCCOCCCCClCClCCCCCCCCC/rB:s1;s2;d3;s4;d5;d5;s5;s8;d9;s9;s11;s12;s13;s14;s15;s16;s17;s18;s19;d20;s21;d22;s23;s23;s25;s20d25;s18;s15s28;s14;s11s30;s4;d32;s33;s3d34;/rC:;;;;;;;;;;;;;;;;;;;;;;;;;;;;;;;;;;;"""	P51677_WT	ChEMBL:CHEMBL3473	P51677	WT	CHEMBL2173970	PMID:23031591	2012.0	PMID:23031591	2012	0	0	0	1	0		=	  7.600	7.6	0.0	0.0	1.0	7.6	0.0	CCRs_HUMAN_annotated_05106	True
InChI=1S/C24H29F2N3O4S/c1-17-2-5-21(6-3-17)34(31,32)27-24(30)29-12-8-18(9-13-29)28-14-10-19(11-15-28)33-20-4-7-22(25)23(26)16-20/h2-7,16,18-19H,8-15H2,1H3,(H,27,30)_on_P51677_WT	High	ChEMBL31	ChEMBL31.compound.191502	Cc1ccc(S(=O)(=O)NC(=O)N2CCC(N3CCC(Oc4ccc(F)c(F)c4)CC3)CC2)cc1	GKKYKABOCZBQRA-UHFFFAOYSA-N	InChI=1S/C24H29F2N3O4S/c1-17-2-5-21(6-3-17)34(31,32)27-24(30)29-12-8-18(9-13-29)28-14-10-19(11-15-28)33-20-4-7-22(25)23(26)16-20/h2-7,16,18-19H,8-15H2,1H3,(H,27,30)	"""AuxInfo=1/1/N:1,3,34,22,4,33,23,14,31,18,29,13,32,17,30,28,2,15,19,21,5,24,26,10,25,27,9,16,12,11,7,8,20,6/E:(2,3)(5,6)(8,9)(10,11)(12,13)(14,15)(31,32)/CRV:34.6/rA:34CCCCCSOONCONCCCNCCCOCCCCFCFCCCCCCC/rB:s1;d2;s3;d4;s5;d6;d6;s6;s9;d10;s10;s12;s13;s14;s15;s16;s17;s18;s19;s20;d21;s22;d23;s24;s24;s26;s21d26;s19;s16s29;s15;s12s31;s5;s2d33;/rC:;;;;;;;;;;;;;;;;;;;;;;;;;;;;;;;;;;"""	P51677_WT	ChEMBL:CHEMBL3473	P51677	WT	CHEMBL2173970	PMID:23031591	2012.0	PMID:23031591	2012	0	0	0	1	0		=	  6.200	6.2	0.0	0.0	1.0	6.2	0.0	CCRs_HUMAN_annotated_05140	True
InChI=1S/C24H29N5O3S/c1-18-8-14-29(15-9-18)24(30)21(11-16-28-12-4-5-19(28)17-25)26-33(31,32)23-7-3-6-22-20(23)10-13-27(22)2/h3-7,10,12-13,18,21,26H,8-9,11,14-16H2,1-2H3_on_P46092_WT	High	ChEMBL31	ChEMBL31.compound.307671	CC1CCN(C(=O)C(CCn2cccc2C#N)NS(=O)(=O)c2cccc3c2ccn3C)CC1	GJBZOFJQFQXZEW-UHFFFAOYSA-N	InChI=1S/C24H29N5O3S/c1-18-8-14-29(15-9-18)24(30)21(11-16-28-12-4-5-19(28)17-25)26-33(31,32)23-7-3-6-22-20(23)10-13-27(22)2/h3-7,10,12-13,18,21,26H,8-9,11,14-16H2,1-2H3	"""AuxInfo=1/0/N:1,31,24,13,14,25,23,3,33,28,9,12,29,4,32,10,16,2,15,27,8,26,22,6,17,18,30,11,5,7,20,21,19/E:(8,9)(14,15)(31,32)/CRV:33.6/rA:33CCCCNCOCCCNCCCCCNNSOOCCCCCCCCNCCC/rB:s1;s2;s3;s4;s5;d6;s6;s8;s9;s10;s11;d12;s13;s11d14;s15;t16;s8;s18;d19;d19;s19;d22;s23;d24;s25;s22d26;s27;d28;s26s29;s30;s5;s2s32;/rC:;;;;;;;;;;;;;;;;;;;;;;;;;;;;;;;;;"""	P46092_WT	ChEMBL:CHEMBL2321628	P46092	WT	CHEMBL3863299	PMID:27692854	2016.0	PMID:27692854	2016	1	0	0	0	0		=	  6.900	6.9	0.0	0.0	1.0	6.9	0.0	CCRs_HUMAN_annotated_05206	True
InChI=1S/C24H29N5O4S/c1-3-6-22(30)29-14-11-17(12-15-29)27-34(32,33)21-10-9-20(18-7-4-5-8-19(18)21)26-24(31)23-25-13-16-28(23)2/h4-5,7-10,13,16-17,27H,3,6,11-12,14-15H2,1-2H3,(H,26,31)_on_P51685_WT	High	ExCAPE-DB;ChEMBL31	16105864;ChEMBL31.compound.68546	CCCC(=O)N1CCC(NS(=O)(=O)c2ccc(NC(=O)c3nccn3C)c3ccccc23)CC1	LMPSLVRKFHZXLL-UHFFFAOYSA-N	InChI=1S/C24H29N5O4S/c1-3-6-22(30)29-14-11-17(12-15-29)27-34(32,33)21-10-9-20(18-7-4-5-8-19(18)21)26-24(31)23-25-13-16-28(23)2/h4-5,7-10,13,16-17,27H,3,6,11-12,14-15H2,1-2H3,(H,26,31)	"""AuxInfo=1/1/N:1,26,2,29,30,3,28,31,16,15,8,33,23,7,34,24,9,27,32,17,14,4,21,19,22,18,10,25,6,5,20,12,13,11/E:(11,12)(14,15)(32,33)/CRV:34.6/rA:34CCCCONCCCNSOOCCCCNCOCNCCNCCCCCCCCC/rB:s1;s2;s3;d4;s4;s6;s7;s8;s9;s10;d11;d11;s11;d14;s15;d16;s17;s18;d19;s19;d21;s22;d23;s21s24;s25;s17;d27;s28;d29;s30;s14s27d31;s9;s6s33;/rC:;;;;;;;;;;;;;;;;;;;;;;;;;;;;;;;;;;"""	P51685_WT	EntrezID:1237;ChEMBL:CHEMBL4596	P51685	WT	PubChemAID:277748;CHEMBL855766	PMID:17266208	2007.0	PubChemAID:277748;PMID:17266208	2010;2007	0;1	0	0	0	1;0		=	  7.690;  7.690	7.69	0.0	0.0	2.0	7.69	0.0	CCRs_HUMAN_annotated_05207	True
InChI=1S/C24H30ClN3O4S/c1-18-2-8-23(9-3-18)33(30,31)26-24(29)28-14-10-20(11-15-28)27-16-12-22(13-17-27)32-21-6-4-19(25)5-7-21/h2-9,20,22H,10-17H2,1H3,(H,26,29)_on_P51677_WT	High	ChEMBL31;ExCAPE-DB	ChEMBL31.compound.191503;17963141	Cc1ccc(S(=O)(=O)NC(=O)N2CCC(N3CCC(Oc4ccc(Cl)cc4)CC3)CC2)cc1	RUMOWLXMMCFECC-UHFFFAOYSA-N	InChI=1S/C24H30ClN3O4S/c1-18-2-8-23(9-3-18)33(30,31)26-24(29)28-14-10-20(11-15-28)27-16-12-22(13-17-27)32-21-6-4-19(25)5-7-21/h2-9,20,22H,10-17H2,1H3,(H,26,29)	"""AuxInfo=1/1/N:1,3,33,23,26,22,27,4,32,14,30,18,28,13,31,17,29,2,24,15,21,19,5,10,25,9,16,12,11,7,8,20,6/E:(2,3)(4,5)(6,7)(8,9)(10,11)(12,13)(14,15)(16,17)(30,31)/CRV:33.6/rA:33CCCCCSOONCONCCCNCCCOCCCCClCCCCCCCC/rB:s1;d2;s3;d4;s5;d6;d6;s6;s9;d10;s10;s12;s13;s14;s15;s16;s17;s18;s19;s20;d21;s22;d23;s24;s24;s21d26;s19;s16s28;s15;s12s30;s5;s2d32;/rC:;;;;;;;;;;;;;;;;;;;;;;;;;;;;;;;;;"""	P51677_WT	ChEMBL:CHEMBL3473;EntrezID:1232	P51677	WT	CHEMBL2173970;PubChemAID:701276	PMID:23031591	2012.0	PMID:23031591;PubChemAID:701276	2012;2013	0	0	0	1;0	0;1		=	  6.900;  6.900	6.9	0.0	0.0	2.0	6.9	0.0	CCRs_HUMAN_annotated_05253	True
InChI=1S/C24H30ClN5O2S/c1-24(2,3)17-6-9-19(10-7-17)33(31,32)29-21-11-8-18(25)16-20(21)22-23(27-13-12-26-22)28-14-15-30(4)5/h6-13,16,29H,14-15H2,1-5H3,(H,27,28)_on_P51686_WT	High	ChEMBL31	ChEMBL31.compound.268058	CN(C)CCNc1c(-c2cc(Cl)ccc2NS(=O)(=O)c2ccc(C(C)(C)C)cc2)nccn1	XDNJCXIIRYKDPS-UHFFFAOYSA-N	InChI=1S/C24H30ClN5O2S/c1-24(2,3)17-6-9-19(10-7-17)33(31,32)29-21-11-8-18(25)16-20(21)22-23(27-13-12-26-22)28-14-15-30(4)5/h6-13,16,29H,14-15H2,1-5H3,(H,27,28)	"""AuxInfo=1/1/N:25,26,27,1,3,22,28,13,21,29,14,31,32,5,4,10,23,11,20,9,15,8,7,24,12,30,33,6,16,2,18,19,17/E:(1,2,3)(4,5)(6,7)(9,10)(31,32)/CRV:33.6/rA:33CNCCCNCCCCCClCCCNSOOCCCCCCCCCCNCCN/rB:s1;s2;s2;s4;s5;s6;d7;s8;d9;s10;s11;d11;s13;s9d14;s15;s16;d17;d17;s17;d20;s21;d22;s23;s24;s24;s24;s23;s20d28;s8;d30;s31;s7d32;/rC:;;;;;;;;;;;;;;;;;;;;;;;;;;;;;;;;;"""	P51686_WT	ChEMBL:CHEMBL5815	P51686	WT	CHEMBL3607106	PMID:26117562	2015.0	PMID:26117562	2015	1	0	0	0	0		=	  5.440	5.44	0.0	0.0	1.0	5.44	0.0	CCRs_HUMAN_annotated_05257	True
InChI=1S/C24H31BrClN7O3S/c1-3-24(4-2,33-13-11-16(28)12-14-33)32-37(35,36)22-18(26)9-10-20(21(22)34)31-23(29-15-27)30-19-8-6-5-7-17(19)25/h5-10,16,32,34H,3-4,11-14,28H2,1-2H3,(H2,29,30,31)_on_P25024_WT	High	ChEMBL31	ChEMBL31.compound.67200	CCC(CC)(NS(=O)(=O)c1c(Cl)ccc(N=C(NC#N)Nc2ccccc2Br)c1O)N1CCC(N)CC1	MSJKBTMMJKJYHB-UHFFFAOYSA-N	InChI=1S/C24H31BrClN7O3S/c1-3-24(4-2,33-13-11-16(28)12-14-33)32-37(35,36)22-18(26)9-10-20(21(22)34)31-23(29-15-27)30-19-8-6-5-7-17(19)25/h5-10,16,32,34H,3-4,11-14,28H2,1-2H3,(H2,29,30,31)	"""AuxInfo=1/1/N:1,5,2,4,25,24,26,23,13,14,33,36,32,37,19,34,27,11,22,15,29,10,17,3,28,12,20,35,18,21,16,6,31,30,8,9,7/E:(1,2)(3,4)(11,12)(13,14)(35,36)/CRV:37.6/rA:37CCCCCNSOOCCClCCCNCNCNNCCCCCCBrCONCCCNCC/rB:s1;s2;s3;s4;s3;s6;d7;d7;s7;d10;s11;s11;d13;s14;s15;w?16;s17;s18;t19;s17;s21;d22;s23;d24;s25;s22d26;s27;s10d15;s29;s3;s31;s32;s33;s34;s34;s31s36;/rC:;;;;;;;;;;;;;;;;;;;;;;;;;;;;;;;;;;;;;"""	P25024_WT	ChEMBL:CHEMBL4029	P25024	WT	CHEMBL908414	PMID:16934456	2006.0	PMID:16934456	2006	1	0	0	0	0		=	  6.730	6.73	0.0	0.0	1.0	6.73	0.0	CCRs_HUMAN_annotated_05309	True
InChI=1S/C24H31BrClN7O3S/c1-3-24(4-2,33-13-11-16(28)12-14-33)32-37(35,36)22-18(26)9-10-20(21(22)34)31-23(29-15-27)30-19-8-6-5-7-17(19)25/h5-10,16,32,34H,3-4,11-14,28H2,1-2H3,(H2,29,30,31)_on_P25025_WT	High	ChEMBL31	ChEMBL31.compound.67200	CCC(CC)(NS(=O)(=O)c1c(Cl)ccc(N=C(NC#N)Nc2ccccc2Br)c1O)N1CCC(N)CC1	MSJKBTMMJKJYHB-UHFFFAOYSA-N	InChI=1S/C24H31BrClN7O3S/c1-3-24(4-2,33-13-11-16(28)12-14-33)32-37(35,36)22-18(26)9-10-20(21(22)34)31-23(29-15-27)30-19-8-6-5-7-17(19)25/h5-10,16,32,34H,3-4,11-14,28H2,1-2H3,(H2,29,30,31)	"""AuxInfo=1/1/N:1,5,2,4,25,24,26,23,13,14,33,36,32,37,19,34,27,11,22,15,29,10,17,3,28,12,20,35,18,21,16,6,31,30,8,9,7/E:(1,2)(3,4)(11,12)(13,14)(35,36)/CRV:37.6/rA:37CCCCCNSOOCCClCCCNCNCNNCCCCCCBrCONCCCNCC/rB:s1;s2;s3;s4;s3;s6;d7;d7;s7;d10;s11;s11;d13;s14;s15;w?16;s17;s18;t19;s17;s21;d22;s23;d24;s25;s22d26;s27;s10d15;s29;s3;s31;s32;s33;s34;s34;s31s36;/rC:;;;;;;;;;;;;;;;;;;;;;;;;;;;;;;;;;;;;;"""	P25025_WT	ChEMBL:CHEMBL2434	P25025	WT	CHEMBL908413	PMID:16934456	2006.0	PMID:16934456	2006	1	0	0	0	0		=	  7.660	7.66	0.0	0.0	1.0	7.66	0.0	CCRs_HUMAN_annotated_05310	True
InChI=1S/C24H31BrN6O4S/c1-4-24(5-2,31-12-14-35-15-13-31)30-36(33,34)22-17(3)10-11-20(21(22)32)29-23(27-16-26)28-19-9-7-6-8-18(19)25/h6-11,30,32H,4-5,12-15H2,1-3H3,(H2,27,28,29)_on_P25024_WT	High	ChEMBL31	ChEMBL31.compound.67196	CCC(CC)(NS(=O)(=O)c1c(C)ccc(N=C(NC#N)Nc2ccccc2Br)c1O)N1CCOCC1	ULCDGLYZEHBIFT-UHFFFAOYSA-N	InChI=1S/C24H31BrN6O4S/c1-4-24(5-2,31-12-14-35-15-13-31)30-36(33,34)22-17(3)10-11-20(21(22)32)29-23(27-16-26)28-19-9-7-6-8-18(19)25/h6-11,30,32H,4-5,12-15H2,1-3H3,(H2,27,28,29)	"""AuxInfo=1/1/N:1,5,12,2,4,25,24,26,23,13,14,32,36,33,35,19,11,27,22,15,29,10,17,3,28,20,18,21,16,6,31,30,8,9,34,7/E:(1,2)(4,5)(12,13)(14,15)(33,34)/CRV:36.6/rA:36CCCCCNSOOCCCCCCNCNCNNCCCCCCBrCONCCOCC/rB:s1;s2;s3;s4;s3;s6;d7;d7;s7;d10;s11;s11;d13;s14;s15;w?16;s17;s18;t19;s17;s21;d22;s23;d24;s25;s22d26;s27;s10d15;s29;s3;s31;s32;s33;s34;s31s35;/rC:;;;;;;;;;;;;;;;;;;;;;;;;;;;;;;;;;;;;"""	P25024_WT	ChEMBL:CHEMBL4029	P25024	WT	CHEMBL908414	PMID:16934456	2006.0	PMID:16934456	2006	1	0	0	0	0		=	  6.980	6.98	0.0	0.0	1.0	6.98	0.0	CCRs_HUMAN_annotated_05311	True
InChI=1S/C24H31BrN6O4S/c1-4-24(5-2,31-12-14-35-15-13-31)30-36(33,34)22-17(3)10-11-20(21(22)32)29-23(27-16-26)28-19-9-7-6-8-18(19)25/h6-11,30,32H,4-5,12-15H2,1-3H3,(H2,27,28,29)_on_P25025_WT	High	ChEMBL31	ChEMBL31.compound.67196	CCC(CC)(NS(=O)(=O)c1c(C)ccc(N=C(NC#N)Nc2ccccc2Br)c1O)N1CCOCC1	ULCDGLYZEHBIFT-UHFFFAOYSA-N	InChI=1S/C24H31BrN6O4S/c1-4-24(5-2,31-12-14-35-15-13-31)30-36(33,34)22-17(3)10-11-20(21(22)32)29-23(27-16-26)28-19-9-7-6-8-18(19)25/h6-11,30,32H,4-5,12-15H2,1-3H3,(H2,27,28,29)	"""AuxInfo=1/1/N:1,5,12,2,4,25,24,26,23,13,14,32,36,33,35,19,11,27,22,15,29,10,17,3,28,20,18,21,16,6,31,30,8,9,34,7/E:(1,2)(4,5)(12,13)(14,15)(33,34)/CRV:36.6/rA:36CCCCCNSOOCCCCCCNCNCNNCCCCCCBrCONCCOCC/rB:s1;s2;s3;s4;s3;s6;d7;d7;s7;d10;s11;s11;d13;s14;s15;w?16;s17;s18;t19;s17;s21;d22;s23;d24;s25;s22d26;s27;s10d15;s29;s3;s31;s32;s33;s34;s31s35;/rC:;;;;;;;;;;;;;;;;;;;;;;;;;;;;;;;;;;;;"""	P25025_WT	ChEMBL:CHEMBL2434	P25025	WT	CHEMBL908413	PMID:16934456	2006.0	PMID:16934456	2006	1	0	0	0	0		=	  8.220	8.22	0.0	0.0	1.0	8.22	0.0	CCRs_HUMAN_annotated_05312	True
InChI=1S/C24H31N3O4S/c1-2-6-23(28)27-15-13-18(14-16-27)26-32(30,31)22-12-11-21(19-9-3-4-10-20(19)22)25-24(29)17-7-5-8-17/h3-4,9-12,17-18,26H,2,5-8,13-16H2,1H3,(H,25,29)_on_P51685_WT	High	ChEMBL31	ChEMBL31.compound.68538	CCCC(=O)N1CCC(NS(=O)(=O)c2ccc(NC(=O)C3CCC3)c3c2cccc3)CC1	LJMULFZNNMBUQL-UHFFFAOYSA-N	InChI=1S/C24H31N3O4S/c1-2-6-23(28)27-15-13-18(14-16-27)26-32(30,31)22-12-11-21(19-9-3-4-10-20(19)22)25-24(29)17-7-5-8-17/h3-4,9-12,17-18,26H,2,5-8,13-16H2,1H3,(H,25,29)	"""AuxInfo=1/1/N:1,2,29,28,23,3,22,24,30,27,16,15,8,31,7,32,21,9,25,26,17,14,4,19,18,10,6,5,20,12,13,11/E:(7,8)(13,14)(15,16)(30,31)/CRV:32.6/rA:32CCCCONCCCNSOOCCCCNCOCCCCCCCCCCCC/rB:s1;s2;s3;d4;s4;s6;s7;s8;s9;s10;d11;d11;s11;d14;s15;d16;s17;s18;d19;s19;s21;s22;s21s23;s17;s14d25;s26;d27;s28;s25d29;s9;s6s31;/rC:;;;;;;;;;;;;;;;;;;;;;;;;;;;;;;;;"""	P51685_WT	ChEMBL:CHEMBL4596	P51685	WT	CHEMBL855766	PMID:17266208	2007.0	PMID:17266208	2007	1	0	0	0	0		=	  7.240	7.24	0.0	0.0	1.0	7.24	0.0	CCRs_HUMAN_annotated_05374	True
InChI=1S/C24H32N4O5S/c1-2-33-24(30)28-16-12-18(13-17-28)26-34(31,32)22-11-10-21(19-8-4-5-9-20(19)22)25-23(29)27-14-6-3-7-15-27/h4-5,8-11,18,26H,2-3,6-7,12-17H2,1H3,(H,25,29)_on_P51685_WT	High	ExCAPE-DB;ChEMBL31	16105831;ChEMBL31.compound.68482	CCOC(=O)N1CCC(NS(=O)(=O)c2ccc(NC(=O)N3CCCCC3)c3ccccc23)CC1	PASQPRKTBYZODX-UHFFFAOYSA-N	InChI=1S/C24H32N4O5S/c1-2-33-24(30)28-16-12-18(13-17-28)26-34(31,32)22-11-10-21(19-8-4-5-9-20(19)22)25-23(29)27-14-6-3-7-15-27/h4-5,8-11,18,26H,2-3,6-7,12-17H2,1H3,(H,25,29)	"""AuxInfo=1/1/N:1,2,24,29,30,23,25,28,31,16,15,8,33,22,26,7,34,9,27,32,17,14,19,4,18,10,21,6,20,5,12,13,3,11/E:(6,7)(12,13)(14,15)(16,17)(31,32)/CRV:34.6/rA:34CCOCONCCCNSOOCCCCNCONCCCCCCCCCCCCC/rB:s1;s2;s3;d4;s4;s6;s7;s8;s9;s10;d11;d11;s11;d14;s15;d16;s17;s18;d19;s19;s21;s22;s23;s24;s21s25;s17;d27;s28;d29;s30;s14s27d31;s9;s6s33;/rC:;;;;;;;;;;;;;;;;;;;;;;;;;;;;;;;;;;"""	P51685_WT	EntrezID:1237;ChEMBL:CHEMBL4596	P51685	WT	PubChemAID:277746;CHEMBL855762	PMID:17266208	2007.0	PubChemAID:277746;PMID:17266208	2010;2007	0	0	0	0;1	1;0		=	  6.901;  6.900	6.901	0.0	0.0	2.0	6.901	0.0	CCRs_HUMAN_annotated_05451	True
InChI=1S/C25H18N2O5S/c1-32-17-12-10-16(11-13-17)26-33(30,31)23-15-14-22(18-6-2-3-7-19(18)23)27-24(28)20-8-4-5-9-21(20)25(27)29/h2-15,26H,1H3_on_P51685_WT	Low	ChEMBL31	ChEMBL31.compound.1043932	COc1ccc(NS(=O)(=O)c2ccc(N3C(=O)c4c(cccc4)C3=O)c3c2cccc3)cc1	CAJQUHISZZKNRC-UHFFFAOYSA-N	InChI=1S/C25H18N2O5S/c1-32-17-12-10-16(11-13-17)26-33(30,31)23-15-14-22(18-6-2-3-7-19(18)23)27-24(28)20-8-4-5-9-21(20)25(27)29/h2-15,26H,1H3	"""AuxInfo=1/0/N:1,30,29,21,22,31,28,20,23,5,32,4,33,13,12,6,3,26,27,19,18,14,11,24,16,7,15,25,17,9,10,2,8/E:(4,5)(8,9)(10,11)(12,13)(20,21)(24,25)(28,29)(30,31)/CRV:33.6/rA:33COCCCCNSOOCCCCNCOCCCCCCCOCCCCCCCC/rB:s1;s2;d3;s4;d5;s6;s7;d8;d8;s8;d11;s12;d13;s14;s15;d16;s16;d18;s19;d20;s21;s18d22;s15s19;d24;s14;s11d26;s27;d28;s29;s26d30;s6;s3d32;/rC:;;;;;;;;;;;;;;;;;;;;;;;;;;;;;;;;;"""	P51685_WT	ChEMBL:CHEMBL4596	P51685	WT	CHEMBL855762	PMID:17266208	2007.0	PMID:17266208	2007	0	0	0	1	0		<	  4.357	4.357	0.0	0.0	1.0	4.357	0.0	CCRs_HUMAN_annotated_05592	True
InChI=1S/C25H20Cl2F3N3O5S/c1-2-23(34)31-11-12-32-24(35)15-3-6-17(7-4-15)38-22-10-5-16(26)13-21(22)33-39(36,37)18-8-9-20(27)19(14-18)25(28,29)30/h2-10,13-14,33H,1,11-12H2,(H,31,34)(H,32,35)_on_P41597_WT	High	ChEMBL31	ChEMBL31.compound.462941	C=CC(=O)NCCNC(=O)c1ccc(Oc2ccc(Cl)cc2NS(=O)(=O)c2cc(C(F)(F)F)c(Cl)cc2)cc1	DDSAQOWADBHTFT-UHFFFAOYSA-N	InChI=1S/C25H20Cl2F3N3O5S/c1-2-23(34)31-11-12-32-24(35)15-3-6-17(7-4-15)38-22-10-5-16(26)13-21(22)33-39(36,37)18-8-9-20(27)19(14-18)25(28,29)30/h2-10,13-14,33H,1,11-12H2,(H,31,34)(H,32,35)	"""AuxInfo=1/1/N:1,2,12,39,18,13,38,37,36,17,6,7,21,28,11,19,14,27,29,34,22,16,3,9,30,20,35,31,32,33,5,8,23,4,10,25,26,15,24/E:(3,4)(6,7)(28,29,30)(36,37)/CRV:39.6/rA:39CCCONCCNCOCCCCOCCCCClCCNSOOCCCCFFFCClCCCC/rB:d1;s2;d3;s3;s5;s6;s7;s8;d9;s9;d11;s12;d13;s14;s15;d16;s17;d18;s19;s19;s16d21;s22;s23;d24;d24;s24;d27;s28;s29;s30;s30;s30;d29;s34;s34;s27d36;s14;s11d38;/rC:;;;;;;;;;;;;;;;;;;;;;;;;;;;;;;;;;;;;;;;"""	P41597_WT	ChEMBL:CHEMBL4015;ChEMBL:CHEMBL4015	P41597	WT	CHEMBL4738275	PMID:33600174	2021.0	PMID:33600174	2021	0	0	0	1	0		=	  7.660;  7.700	7.68	0.02	0.02	2.0	7.68	0.02	CCRs_HUMAN_annotated_05595	True
InChI=1S/C25H20FN3O3S/c26-19-12-10-18(11-13-19)25-21(22-15-17(16-27)9-14-23(22)28-25)7-4-8-24(30)29-33(31,32)20-5-2-1-3-6-20/h1-3,5-6,9-15,28H,4,7-8H2,(H,29,30)_on_P25025_WT	High	ChEMBL31	ChEMBL31.compound.88803	N#Cc1cc2c(cc1)[nH]c(-c1ccc(F)cc1)c2CCCC(=O)NS(=O)(=O)c1ccccc1	PNQHJRKWZCVHHU-UHFFFAOYSA-N	InChI=1S/C25H20FN3O3S/c26-19-12-10-18(11-13-19)25-21(22-15-17(16-27)9-14-23(22)28-25)7-4-8-24(30)29-33(31,32)20-5-2-1-3-6-20/h1-3,5-6,9-15,28H,4,7-8H2,(H,29,30)	"""AuxInfo=1/1/N:31,30,32,20,29,33,19,21,8,12,17,13,16,7,4,2,3,11,14,28,18,5,6,22,10,15,1,9,24,23,26,27,25/E:(2,3)(5,6)(10,11)(12,13)(31,32)/CRV:33.6/rA:33NCCCCCCCNCCCCCFCCCCCCCONSOOCCCCCC/rB:t1;s2;d3;s4;d5;s6;s3d7;s6;s9;s10;d11;s12;d13;s14;s14;s11d16;s5d10;s18;s19;s20;s21;d22;s22;s24;d25;d25;s25;d28;s29;d30;s31;s28d32;/rC:;;;;;;;;;;;;;;;;;;;;;;;;;;;;;;;;;"""	P25025_WT	ChEMBL:CHEMBL2434	P25025	WT	CHEMBL928888	PMID:18308567	2008.0	PMID:18308567	2008	1	0	0	0	0		=	  6.580	6.58	0.0	0.0	1.0	6.58	0.0	CCRs_HUMAN_annotated_05598	True
InChI=1S/C25H21ClN4O4S/c1-14-11-20(19(12-27)28-13-14)30-23(31)21-17(26)9-10-18(22(21)24(30)32)29-35(33,34)16-7-5-15(6-8-16)25(2,3)4/h5-11,13,29H,1-4H3_on_P51686_WT	High	ChEMBL31	ChEMBL31.compound.299355	Cc1cc(N2C(=O)c3c(C2=O)c(NS(=O)(=O)c2ccc(C(C)(C)C)cc2)ccc3Cl)c(C#N)nc1	OYXRYYGTACIRAJ-UHFFFAOYSA-N	InChI=1S/C25H21ClN4O4S/c1-14-11-20(19(12-27)28-13-14)30-23(31)21-17(26)9-10-18(22(21)24(30)32)29-35(33,34)16-7-5-15(6-8-16)25(2,3)4/h5-11,13,29H,1-4H3	"""AuxInfo=1/0/N:1,22,23,24,19,25,18,26,28,27,3,32,35,2,20,17,29,12,31,4,8,9,6,10,21,30,33,34,13,5,7,11,15,16,14/E:(2,3,4)(5,6)(7,8)(33,34)/CRV:35.6/rA:35CCCCNCOCCCOCNSOOCCCCCCCCCCCCCClCCNNC/rB:s1;d2;s3;s4;s5;d6;s6;d8;s5s9;d10;s9;s12;s13;d14;d14;s14;d17;s18;d19;s20;s21;s21;s21;s20;s17d25;d12;s27;s8d28;s29;d4;s31;t32;s31;s2d34;/rC:;;;;;;;;;;;;;;;;;;;;;;;;;;;;;;;;;;;"""	P51686_WT	ChEMBL:CHEMBL5815	P51686	WT	CHEMBL3801235	PMID:26987013	2016.0	PMID:26987013	2016	0	0	0	1	0		=	  7.750	7.75	0.0	0.0	1.0	7.75	0.0	CCRs_HUMAN_annotated_05602	True
InChI=1S/C25H21ClN4O4S/c1-25(2,3)17-4-6-18(7-5-17)35(33,34)29-20-9-8-19(26)21-22(20)24(32)30(23(21)31)14-16-10-15(11-27)12-28-13-16/h4-10,12-13,29H,14H2,1-3H3_on_P51686_WT	High	ChEMBL31	ChEMBL31.compound.299333	CC(C)(C)c1ccc(S(=O)(=O)Nc2ccc(Cl)c3c2C(=O)N(Cc2cncc(C#N)c2)C3=O)cc1	NHPOMDKQPIGHPK-UHFFFAOYSA-N	InChI=1S/C25H21ClN4O4S/c1-25(2,3)17-4-6-18(7-5-17)35(33,34)29-20-9-8-19(26)21-22(20)24(32)30(23(21)31)14-16-10-15(11-27)12-28-13-16/h4-10,12-13,29H,14H2,1-3H3	"""AuxInfo=1/0/N:1,3,4,6,35,7,34,15,14,31,29,27,25,23,28,24,5,8,16,13,18,19,32,20,2,17,30,26,12,22,33,21,10,11,9/E:(1,2,3)(4,5)(6,7)(33,34)/CRV:35.6/rA:35CCCCCCCCSOONCCCCClCCCONCCCNCCCNCCOCC/rB:s1;s2;s2;s2;d5;s6;d7;s8;d9;d9;s9;s12;d13;s14;d15;s16;s16;s13d18;s19;d20;s20;s22;s23;d24;s25;d26;s27;s28;t29;s24d28;s18s22;d32;s8;s5d34;/rC:;;;;;;;;;;;;;;;;;;;;;;;;;;;;;;;;;;;"""	P51686_WT	ChEMBL:CHEMBL5815	P51686	WT	CHEMBL3801235	PMID:26987013	2016.0	PMID:26987013	2016	0	0	0	1	0		=	  7.510	7.51	0.0	0.0	1.0	7.51	0.0	CCRs_HUMAN_annotated_05603	True
InChI=1S/C25H22ClN3O4S/c1-16-4-5-17(13-27-16)24(30)21-12-19(26)8-11-22(21)29-34(31,32)20-9-6-18(7-10-20)25(2,3)23-14-33-15-28-23/h4-15,29H,1-3H3_on_P51686_WT	Low	ChEMBL31	ChEMBL31.compound.1070671	Cc1ncc(C(=O)c2cc(Cl)ccc2NS(=O)(=O)c2ccc(C(C)(C)c3cocn3)cc2)cc1	SVGOTDQNYSIGHW-UHFFFAOYSA-N	InChI=1S/C25H22ClN3O4S/c1-16-4-5-17(13-27-16)24(30)21-12-19(26)8-11-22(21)29-34(31,32)20-9-6-18(7-10-20)25(2,3)23-14-33-15-28-23/h4-15,29H,1-3H3	"""AuxInfo=1/0/N:1,24,25,34,33,21,31,12,20,32,13,9,4,27,29,2,5,22,10,19,8,14,26,6,23,11,3,30,15,7,17,18,28,16/E:(2,3)(6,7)(9,10)(31,32)/CRV:34.6/rA:34CCNCCCOCCCClCCCNSOOCCCCCCCCCOCNCCCC/rB:s1;d2;s3;d4;s5;d6;s6;d8;s9;s10;d10;s12;s8d13;s14;s15;d16;d16;s16;d19;s20;d21;s22;s23;s23;s23;d26;s27;s28;s26d29;s22;s19d31;s5;s2d33;/rC:;;;;;;;;;;;;;;;;;;;;;;;;;;;;;;;;;;"""	P51686_WT	ChEMBL:CHEMBL5815;ChEMBL:CHEMBL5815	P51686	WT	CHEMBL3721193;CHEMBL3721192	PATENT:US7420055B2	2008.0	PATENT:US7420055B2	2008	1	0	0	0	0		>	  6.000;  6.000	6.0	0.0	0.0	2.0	6.0	0.0	CCRs_HUMAN_annotated_05615	True
InChI=1S/C25H22ClN3O4S/c1-16-4-5-17(13-28-16)24(30)21-12-19(26)8-11-22(21)29-34(31,32)20-9-6-18(7-10-20)25(2,3)23-14-27-15-33-23/h4-15,29H,1-3H3_on_P51686_WT	Low	ChEMBL31	ChEMBL31.compound.1070757	Cc1ncc(C(=O)c2cc(Cl)ccc2NS(=O)(=O)c2ccc(C(C)(C)c3cnco3)cc2)cc1	WDCIZLFTWGUHNZ-UHFFFAOYSA-N	InChI=1S/C25H22ClN3O4S/c1-16-4-5-17(13-28-16)24(30)21-12-19(26)8-11-22(21)29-34(31,32)20-9-6-18(7-10-20)25(2,3)23-14-27-15-33-23/h4-15,29H,1-3H3	"""AuxInfo=1/0/N:1,24,25,34,33,21,31,12,20,32,13,9,4,27,29,2,5,22,10,19,8,14,26,6,23,11,28,3,15,7,17,18,30,16/E:(2,3)(6,7)(9,10)(31,32)/CRV:34.6/rA:34CCNCCCOCCCClCCCNSOOCCCCCCCCCNCOCCCC/rB:s1;d2;s3;d4;s5;d6;s6;d8;s9;s10;d10;s12;s8d13;s14;s15;d16;d16;s16;d19;s20;d21;s22;s23;s23;s23;d26;s27;d28;s26s29;s22;s19d31;s5;s2d33;/rC:;;;;;;;;;;;;;;;;;;;;;;;;;;;;;;;;;;"""	P51686_WT	ChEMBL:CHEMBL5815;ChEMBL:CHEMBL5815	P51686	WT	CHEMBL3721193;CHEMBL3721192	PATENT:US7420055B2	2008.0	PATENT:US7420055B2	2008	1	0	0	0	0		>	  6.000;  6.000	6.0	0.0	0.0	2.0	6.0	0.0	CCRs_HUMAN_annotated_05616	True
InChI=1S/C25H22ClN3O4S/c1-16-4-5-17(15-28-16)23(30)21-14-19(26)8-11-22(21)29-34(31,32)20-9-6-18(7-10-20)25(2,3)24-27-12-13-33-24/h4-15,29H,1-3H3_on_P51686_WT	Low	ChEMBL31	ChEMBL31.compound.1070732	Cc1ncc(C(=O)c2cc(Cl)ccc2NS(=O)(=O)c2ccc(C(C)(C)c3ncco3)cc2)cc1	BEEBVQCHEBDNID-UHFFFAOYSA-N	InChI=1S/C25H22ClN3O4S/c1-16-4-5-17(15-28-16)23(30)21-14-19(26)8-11-22(21)29-34(31,32)20-9-6-18(7-10-20)25(2,3)24-27-12-13-33-24/h4-15,29H,1-3H3	"""AuxInfo=1/0/N:1,24,25,34,33,21,31,12,20,32,13,28,29,9,4,2,5,22,10,19,8,14,6,26,23,11,27,3,15,7,17,18,30,16/E:(2,3)(6,7)(9,10)(31,32)/CRV:34.6/rA:34CCNCCCOCCCClCCCNSOOCCCCCCCCNCCOCCCC/rB:s1;d2;s3;d4;s5;d6;s6;d8;s9;s10;d10;s12;s8d13;s14;s15;d16;d16;s16;d19;s20;d21;s22;s23;s23;s23;d26;s27;d28;s26s29;s22;s19d31;s5;s2d33;/rC:;;;;;;;;;;;;;;;;;;;;;;;;;;;;;;;;;;"""	P51686_WT	ChEMBL:CHEMBL5815;ChEMBL:CHEMBL5815	P51686	WT	CHEMBL3721192;CHEMBL3721193	PATENT:US7420055B2	2008.0	PATENT:US7420055B2	2008	1	0	0	0	0		>	  6.000;  6.000	6.0	0.0	0.0	2.0	6.0	0.0	CCRs_HUMAN_annotated_05617	True
InChI=1S/C25H22ClN3O4S/c1-16-5-4-6-22(28-16)23(30)20-15-18(26)9-12-21(20)29-34(31,32)19-10-7-17(8-11-19)25(2,3)24-27-13-14-33-24/h4-15,29H,1-3H3_on_P51686_WT	Low	ChEMBL31	ChEMBL31.compound.1070760	Cc1cccc(C(=O)c2cc(Cl)ccc2NS(=O)(=O)c2ccc(C(C)(C)c3ncco3)cc2)n1	QABNGHYOMHTRLD-UHFFFAOYSA-N	InChI=1S/C25H22ClN3O4S/c1-16-5-4-6-22(28-16)23(30)20-15-18(26)9-12-21(20)29-34(31,32)19-10-7-17(8-11-19)25(2,3)24-27-13-14-33-24/h4-15,29H,1-3H3	"""AuxInfo=1/0/N:1,25,26,4,3,5,22,32,13,21,33,14,29,30,10,2,23,11,20,9,15,6,7,27,24,12,28,34,16,8,18,19,31,17/E:(2,3)(7,8)(10,11)(31,32)/CRV:34.6/rA:34CCCCCCCOCCCClCCCNSOOCCCCCCCCNCCOCCN/rB:s1;d2;s3;d4;s5;s6;d7;s7;d9;s10;s11;d11;s13;s9d14;s15;s16;d17;d17;s17;d20;s21;d22;s23;s24;s24;s24;d27;s28;d29;s27s30;s23;s20d32;s2d6;/rC:;;;;;;;;;;;;;;;;;;;;;;;;;;;;;;;;;;"""	P51686_WT	ChEMBL:CHEMBL5815;ChEMBL:CHEMBL5815	P51686	WT	CHEMBL3721193;CHEMBL3721192	PATENT:US7420055B2	2008.0	PATENT:US7420055B2	2008	1	0	0	0	0		>	  6.000;  6.000	6.0	0.0	0.0	2.0	6.0	0.0	CCRs_HUMAN_annotated_05618	True
InChI=1S/C25H22ClN3O5S/c1-16-4-5-17(15-29(16)31)23(30)21-14-19(26)8-11-22(21)28-35(32,33)20-9-6-18(7-10-20)25(2,3)24-27-12-13-34-24/h4-15,28H,1-3H3_on_P51686_WT	Low	ChEMBL31	ChEMBL31.compound.1070730	Cc1[n+]([O-])cc(C(=O)c2cc(Cl)ccc2NS(=O)(=O)c2ccc(C(C)(C)c3ncco3)cc2)cc1	GWHVRWCMAXZEBZ-UHFFFAOYSA-N	InChI=1S/C25H22ClN3O5S/c1-16-4-5-17(15-29(16)31)23(30)21-14-19(26)8-11-22(21)28-35(32,33)20-9-6-18(7-10-20)25(2,3)24-27-12-13-34-24/h4-15,28H,1-3H3	"""AuxInfo=1/0/N:1,25,26,35,34,22,32,13,21,33,14,29,30,10,5,2,6,23,11,20,9,15,7,27,24,12,28,16,3,8,4,18,19,31,17/E:(2,3)(6,7)(9,10)(32,33)/CRV:29.5,35.6/rA:35CCN+O-CCCOCCCClCCCNSOOCCCCCCCCNCCOCCCC/rB:s1;d2;s3;s3;d5;s6;d7;s7;d9;s10;s11;d11;s13;s9d14;s15;s16;d17;d17;s17;d20;s21;d22;s23;s24;s24;s24;d27;s28;d29;s27s30;s23;s20d32;s6;s2d34;/rC:;;;;;;;;;;;;;;;;;;;;;;;;;;;;;;;;;;;"""	P51686_WT	ChEMBL:CHEMBL5815;ChEMBL:CHEMBL5815	P51686	WT	CHEMBL3721192;CHEMBL3721193	PATENT:US7420055B2	2008.0	PATENT:US7420055B2	2008	1	0	0	0	0		>	  6.000;  6.000	6.0	0.0	0.0	2.0	6.0	0.0	CCRs_HUMAN_annotated_05619	True
InChI=1S/C25H22N2O4S/c1-27(25(28)18-8-4-3-5-9-18)23-16-17-24(22-11-7-6-10-21(22)23)32(29,30)26-19-12-14-20(31-2)15-13-19/h3-17,26H,1-2H3_on_P51685_WT	Low	ChEMBL31	ChEMBL31.compound.1043931	COc1ccc(NS(=O)(=O)c2ccc(N(C)C(=O)c3ccccc3)c3c2cccc3)cc1	XKAVKXPPGUXLFR-UHFFFAOYSA-N	InChI=1S/C25H22N2O4S/c1-27(25(28)18-8-4-3-5-9-18)23-16-17-24(22-11-7-6-10-21(22)23)32(29,30)26-19-12-14-20(31-2)15-13-19/h3-17,26H,1-2H3	"""AuxInfo=1/0/N:16,1,22,21,23,29,28,20,24,30,27,5,31,4,32,13,12,19,6,3,25,26,14,11,17,7,15,18,9,10,2,8/E:(4,5)(8,9)(12,13)(14,15)(29,30)/CRV:32.6/rA:32COCCCCNSOOCCCCNCCOCCCCCCCCCCCCCC/rB:s1;s2;d3;s4;d5;s6;s7;d8;d8;s8;d11;s12;d13;s14;s15;s15;d17;s17;d19;s20;d21;s22;s19d23;s14;s11d25;s26;d27;s28;s25d29;s6;s3d31;/rC:;;;;;;;;;;;;;;;;;;;;;;;;;;;;;;;;"""	P51685_WT	ChEMBL:CHEMBL4596	P51685	WT	CHEMBL855762	PMID:17266208	2007.0	PMID:17266208	2007	0	0	0	1	0		<	  4.824	4.824	0.0	0.0	1.0	4.824	0.0	CCRs_HUMAN_annotated_05630	True
InChI=1S/C25H22N4O4S/c1-25(2,3)18-7-9-19(10-8-18)34(32,33)28-20-11-6-17(13-26)21-22(20)24(31)29(23(21)30)15-16-5-4-12-27-14-16/h4-12,14,28H,15H2,1-3H3_on_P51686_WT	High	ChEMBL31	ChEMBL31.compound.299368	CC(C)(C)c1ccc(S(=O)(=O)Nc2ccc(C#N)c3c2C(=O)N(Cc2cnccc2)C3=O)cc1	WABKHGUEMLWJDV-UHFFFAOYSA-N	InChI=1S/C25H22N4O4S/c1-25(2,3)18-7-9-19(10-8-18)34(32,33)28-20-11-6-17(13-26)21-22(20)24(31)29(23(21)30)15-16-5-4-12-27-14-16/h4-12,14,28H,15H2,1-3H3	"""AuxInfo=1/0/N:1,3,4,29,30,15,6,34,7,33,14,28,17,26,24,25,16,5,8,13,19,20,31,21,2,18,27,12,23,32,22,10,11,9/E:(1,2,3)(7,8)(9,10)(32,33)/CRV:34.6/rA:34CCCCCCCCSOONCCCCCNCCCONCCCNCCCCOCC/rB:s1;s2;s2;s2;d5;s6;d7;s8;d9;d9;s9;s12;d13;s14;d15;s16;t17;s16;s13d19;s20;d21;s21;s23;s24;d25;s26;d27;s28;s25d29;s19s23;d31;s8;s5d33;/rC:;;;;;;;;;;;;;;;;;;;;;;;;;;;;;;;;;;"""	P51686_WT	ChEMBL:CHEMBL5815	P51686	WT	CHEMBL3801235	PMID:26987013	2016.0	PMID:26987013	2016	0	0	0	1	0		=	  7.720	7.72	0.0	0.0	1.0	7.72	0.0	CCRs_HUMAN_annotated_05632	True
InChI=1S/C25H24ClN3O4S/c1-14-6-13-20(15(2)27-14)29-23(30)21-18(26)11-12-19(22(21)24(29)31)28-34(32,33)17-9-7-16(8-10-17)25(3,4)5/h6-13,28H,1-5H3_on_P51686_WT	High	ChEMBL31	ChEMBL31.compound.299121	Cc1nc(C)c(N2C(=O)c3c(C2=O)c(NS(=O)(=O)c2ccc(C(C)(C)C)cc2)ccc3Cl)cc1	CGXQAMBLIMZJIO-UHFFFAOYSA-N	InChI=1S/C25H24ClN3O4S/c1-14-6-13-20(15(2)27-14)29-23(30)21-18(26)11-12-19(22(21)24(29)31)28-34(32,33)17-9-7-16(8-10-17)25(3,4)5/h6-13,28H,1-5H3	"""AuxInfo=1/0/N:1,5,24,25,26,34,21,27,20,28,30,29,33,2,4,22,19,31,14,6,10,11,8,12,23,32,3,15,7,9,13,17,18,16/E:(3,4,5)(7,8)(9,10)(32,33)/CRV:34.6/rA:34CCNCCCNCOCCCOCNSOOCCCCCCCCCCCCCClCC/rB:s1;d2;s3;s4;d4;s6;s7;d8;s8;d10;s7s11;d12;s11;s14;s15;d16;d16;s16;d19;s20;d21;s22;s23;s23;s23;s22;s19d27;d14;s29;s10d30;s31;s6;s2d33;/rC:;;;;;;;;;;;;;;;;;;;;;;;;;;;;;;;;;;"""	P51686_WT	ChEMBL:CHEMBL5815;ChEMBL:CHEMBL5815	P51686	WT	CHEMBL3801236;CHEMBL3801235	PMID:26987013	2016.0	PMID:26987013	2016	0	0	0	1	0		=	  8.220;  8.300	8.26	0.04	0.04	2.0	8.26	0.04	CCRs_HUMAN_annotated_05656	True
InChI=1S/C25H24ClN3O4S/c1-14-12-20(15(2)27-13-14)29-23(30)21-18(26)10-11-19(22(21)24(29)31)28-34(32,33)17-8-6-16(7-9-17)25(3,4)5/h6-13,28H,1-5H3_on_P51686_WT	High	ChEMBL31	ChEMBL31.compound.299356	Cc1cc(N2C(=O)c3c(C2=O)c(NS(=O)(=O)c2ccc(C(C)(C)C)cc2)ccc3Cl)c(C)nc1	DZNISHKXPVLXHZ-UHFFFAOYSA-N	InChI=1S/C25H24ClN3O4S/c1-14-12-20(15(2)27-13-14)29-23(30)21-18(26)10-11-19(22(21)24(29)31)28-34(32,33)17-8-6-16(7-9-17)25(3,4)5/h6-13,28H,1-5H3	"""AuxInfo=1/0/N:1,32,22,23,24,19,25,18,26,28,27,3,34,2,31,20,17,29,12,4,8,9,6,10,21,30,33,13,5,7,11,15,16,14/E:(3,4,5)(6,7)(8,9)(32,33)/CRV:34.6/rA:34CCCCNCOCCCOCNSOOCCCCCCCCCCCCCClCCNC/rB:s1;d2;s3;s4;s5;d6;s6;d8;s5s9;d10;s9;s12;s13;d14;d14;s14;d17;s18;d19;s20;s21;s21;s21;s20;s17d25;d12;s27;s8d28;s29;d4;s31;s31;s2d33;/rC:;;;;;;;;;;;;;;;;;;;;;;;;;;;;;;;;;;"""	P51686_WT	ChEMBL:CHEMBL5815	P51686	WT	CHEMBL3801235	PMID:26987013	2016.0	PMID:26987013	2016	0	0	0	1	0		=	  7.960	7.96	0.0	0.0	1.0	7.96	0.0	CCRs_HUMAN_annotated_05657	True
InChI=1S/C25H24ClN3O4S/c1-15-5-6-16(13-27-15)14-29-23(30)21-19(26)11-12-20(22(21)24(29)31)28-34(32,33)18-9-7-17(8-10-18)25(2,3)4/h5-13,28H,14H2,1-4H3_on_P51686_WT	High	ChEMBL31	ChEMBL31.compound.299328	Cc1ncc(CN2C(=O)c3c(C2=O)c(NS(=O)(=O)c2ccc(C(C)(C)C)cc2)ccc3Cl)cc1	BSMGRUCQGKWSQY-UHFFFAOYSA-N	InChI=1S/C25H24ClN3O4S/c1-15-5-6-16(13-27-15)14-29-23(30)21-19(26)11-12-20(22(21)24(29)31)28-34(32,33)18-9-7-17(8-10-18)25(2,3)4/h5-13,28H,14H2,1-4H3	"""AuxInfo=1/0/N:1,24,25,26,34,33,21,27,20,28,30,29,4,6,2,5,22,19,31,14,10,11,8,12,23,32,3,15,7,9,13,17,18,16/E:(2,3,4)(7,8)(9,10)(32,33)/CRV:34.6/rA:34CCNCCCNCOCCCOCNSOOCCCCCCCCCCCCCClCC/rB:s1;d2;s3;d4;s5;s6;s7;d8;s8;d10;s7s11;d12;s11;s14;s15;d16;d16;s16;d19;s20;d21;s22;s23;s23;s23;s22;s19d27;d14;s29;s10d30;s31;s5;s2d33;/rC:;;;;;;;;;;;;;;;;;;;;;;;;;;;;;;;;;;"""	P51686_WT	ChEMBL:CHEMBL5815	P51686	WT	CHEMBL3801235	PMID:26987013	2016.0	PMID:26987013	2016	0	0	0	1	0		=	  7.070	7.07	0.0	0.0	1.0	7.07	0.0	CCRs_HUMAN_annotated_05658	True
InChI=1S/C25H24ClN3O4S/c1-15-5-8-17(27-13-15)14-29-23(30)21-19(26)11-12-20(22(21)24(29)31)28-34(32,33)18-9-6-16(7-10-18)25(2,3)4/h5-13,28H,14H2,1-4H3_on_P51686_WT	High	ChEMBL31	ChEMBL31.compound.299337	Cc1cnc(CN2C(=O)c3c(C2=O)c(NS(=O)(=O)c2ccc(C(C)(C)C)cc2)ccc3Cl)cc1	IKZBBAKCTUNNHS-UHFFFAOYSA-N	InChI=1S/C25H24ClN3O4S/c1-15-5-8-17(27-13-15)14-29-23(30)21-19(26)11-12-20(22(21)24(29)31)28-34(32,33)18-9-6-16(7-10-18)25(2,3)4/h5-13,28H,14H2,1-4H3	"""AuxInfo=1/0/N:1,24,25,26,34,21,27,33,20,28,30,29,3,6,2,22,5,19,31,14,10,11,8,12,23,32,4,15,7,9,13,17,18,16/E:(2,3,4)(6,7)(9,10)(32,33)/CRV:34.6/rA:34CCCNCCNCOCCCOCNSOOCCCCCCCCCCCCCClCC/rB:s1;d2;s3;d4;s5;s6;s7;d8;s8;d10;s7s11;d12;s11;s14;s15;d16;d16;s16;d19;s20;d21;s22;s23;s23;s23;s22;s19d27;d14;s29;s10d30;s31;s5;s2d33;/rC:;;;;;;;;;;;;;;;;;;;;;;;;;;;;;;;;;;"""	P51686_WT	ChEMBL:CHEMBL5815	P51686	WT	CHEMBL3801235	PMID:26987013	2016.0	PMID:26987013	2016	0	0	0	1	0		=	  7.290	7.29	0.0	0.0	1.0	7.29	0.0	CCRs_HUMAN_annotated_05659	True
InChI=1S/C25H24ClN3O4S/c1-15-6-5-7-17(27-15)14-29-23(30)21-19(26)12-13-20(22(21)24(29)31)28-34(32,33)18-10-8-16(9-11-18)25(2,3)4/h5-13,28H,14H2,1-4H3_on_P51686_WT	High	ChEMBL31	ChEMBL31.compound.299334	Cc1cccc(CN2C(=O)c3c(C2=O)c(NS(=O)(=O)c2ccc(C(C)(C)C)cc2)ccc3Cl)n1	WIKNSWJHSVLYSO-UHFFFAOYSA-N	InChI=1S/C25H24ClN3O4S/c1-15-6-5-7-17(27-15)14-29-23(30)21-19(26)12-13-20(22(21)24(29)31)28-34(32,33)18-10-8-16(9-11-18)25(2,3)4/h5-13,28H,14H2,1-4H3	"""AuxInfo=1/0/N:1,25,26,27,4,3,5,22,28,21,29,31,30,7,2,23,6,20,32,15,11,12,9,13,24,33,34,16,8,10,14,18,19,17/E:(2,3,4)(8,9)(10,11)(32,33)/CRV:34.6/rA:34CCCCCCCNCOCCCOCNSOOCCCCCCCCCCCCCClN/rB:s1;d2;s3;d4;s5;s6;s7;s8;d9;s9;d11;s8s12;d13;s12;s15;s16;d17;d17;s17;d20;s21;d22;s23;s24;s24;s24;s23;s20d28;d15;s30;s11d31;s32;s2d6;/rC:;;;;;;;;;;;;;;;;;;;;;;;;;;;;;;;;;;"""	P51686_WT	ChEMBL:CHEMBL5815	P51686	WT	CHEMBL3801235	PMID:26987013	2016.0	PMID:26987013	2016	0	0	0	1	0		=	  7.240	7.24	0.0	0.0	1.0	7.24	0.0	CCRs_HUMAN_annotated_05660	True
InChI=1S/C25H24ClN3O4S/c1-15-11-12-27-13-16(15)14-29-23(30)21-19(26)9-10-20(22(21)24(29)31)28-34(32,33)18-7-5-17(6-8-18)25(2,3)4/h5-13,28H,14H2,1-4H3_on_P51686_WT	High	ChEMBL31	ChEMBL31.compound.299330	Cc1ccncc1CN1C(=O)c2c(C1=O)c(NS(=O)(=O)c1ccc(C(C)(C)C)cc1)ccc2Cl	OXENQXHEODIXPR-UHFFFAOYSA-N	InChI=1S/C25H24ClN3O4S/c1-15-11-12-27-13-16(15)14-29-23(30)21-19(26)9-10-20(22(21)24(29)31)28-34(32,33)18-7-5-17(6-8-18)25(2,3)4/h5-13,28H,14H2,1-4H3	"""AuxInfo=1/0/N:1,26,27,28,23,29,22,30,32,31,3,4,6,8,2,7,24,21,33,16,12,13,10,14,25,34,5,17,9,11,15,19,20,18/E:(2,3,4)(5,6)(7,8)(32,33)/CRV:34.6/rA:34CCCCNCCCNCOCCCOCNSOOCCCCCCCCCCCCCCl/rB:s1;d2;s3;d4;s5;s2d6;s7;s8;s9;d10;s10;d12;s9s13;d14;s13;s16;s17;d18;d18;s18;d21;s22;d23;s24;s25;s25;s25;s24;s21d29;d16;s31;s12d32;s33;/rC:;;;;;;;;;;;;;;;;;;;;;;;;;;;;;;;;;;"""	P51686_WT	ChEMBL:CHEMBL5815	P51686	WT	CHEMBL3801235	PMID:26987013	2016.0	PMID:26987013	2016	0	0	0	1	0		=	  7.620	7.62	0.0	0.0	1.0	7.62	0.0	CCRs_HUMAN_annotated_05661	True
InChI=1S/C25H24ClN3O4S/c1-15-11-16(13-27-12-15)14-29-23(30)21-19(26)9-10-20(22(21)24(29)31)28-34(32,33)18-7-5-17(6-8-18)25(2,3)4/h5-13,28H,14H2,1-4H3_on_P51686_WT	High	ChEMBL31	ChEMBL31.compound.299332	Cc1cc(CN2C(=O)c3c(C2=O)c(NS(=O)(=O)c2ccc(C(C)(C)C)cc2)ccc3Cl)cnc1	KQUZAUOHTOPDHD-UHFFFAOYSA-N	InChI=1S/C25H24ClN3O4S/c1-15-11-16(13-27-12-15)14-29-23(30)21-19(26)9-10-20(22(21)24(29)31)28-34(32,33)18-7-5-17(6-8-18)25(2,3)4/h5-13,28H,14H2,1-4H3	"""AuxInfo=1/0/N:1,23,24,25,20,26,19,27,29,28,3,34,32,5,2,4,21,18,30,13,9,10,7,11,22,31,33,14,6,8,12,16,17,15/E:(2,3,4)(5,6)(7,8)(32,33)/CRV:34.6/rA:34CCCCCNCOCCCOCNSOOCCCCCCCCCCCCCClCNC/rB:s1;d2;s3;s4;s5;s6;d7;s7;d9;s6s10;d11;s10;s13;s14;d15;d15;s15;d18;s19;d20;s21;s22;s22;s22;s21;s18d26;d13;s28;s9d29;s30;d4;s32;s2d33;/rC:;;;;;;;;;;;;;;;;;;;;;;;;;;;;;;;;;;"""	P51686_WT	ChEMBL:CHEMBL5815	P51686	WT	CHEMBL3801235	PMID:26987013	2016.0	PMID:26987013	2016	0	0	0	1	0		=	  7.640	7.64	0.0	0.0	1.0	7.64	0.0	CCRs_HUMAN_annotated_05662	True
InChI=1S/C25H24ClN3O4S/c1-25(2,3)17-6-8-18(9-7-17)34(32,33)28-20-11-10-19(26)21-22(20)24(31)29(23(21)30)14-12-16-5-4-13-27-15-16/h4-11,13,15,28H,12,14H2,1-3H3_on_P51686_WT	High	ChEMBL31	ChEMBL31.compound.299369	CC(C)(C)c1ccc(S(=O)(=O)Nc2ccc(Cl)c3c2C(=O)N(CCc2cnccc2)C3=O)cc1	GFSNBOJIVAEWJJ-UHFFFAOYSA-N	InChI=1S/C25H24ClN3O4S/c1-25(2,3)17-6-8-18(9-7-17)34(32,33)28-20-11-10-19(26)21-22(20)24(31)29(23(21)30)14-12-16-5-4-13-27-15-16/h4-11,13,15,28H,12,14H2,1-3H3	"""AuxInfo=1/0/N:1,3,4,29,30,6,34,7,33,15,14,24,28,23,26,25,5,8,16,13,18,19,31,20,2,17,27,12,22,32,21,10,11,9/E:(1,2,3)(6,7)(8,9)(32,33)/CRV:34.6/rA:34CCCCCCCCSOONCCCCClCCCONCCCCNCCCCOCC/rB:s1;s2;s2;s2;d5;s6;d7;s8;d9;d9;s9;s12;d13;s14;d15;s16;s16;s13d18;s19;d20;s20;s22;s23;s24;d25;s26;d27;s28;s25d29;s18s22;d31;s8;s5d33;/rC:;;;;;;;;;;;;;;;;;;;;;;;;;;;;;;;;;;"""	P51686_WT	ChEMBL:CHEMBL5815	P51686	WT	CHEMBL3801235	PMID:26987013	2016.0	PMID:26987013	2016	0	0	0	1	0		=	  7.000	7.0	0.0	0.0	1.0	7.0	0.0	CCRs_HUMAN_annotated_05663	True
InChI=1S/C25H24ClN3O5S/c1-5-34-17-12-16(13-27-14-17)29-23(30)21-19(26)10-11-20(22(21)24(29)31)28-35(32,33)18-8-6-15(7-9-18)25(2,3)4/h6-14,28H,5H2,1-4H3_on_P51686_WT	High	ChEMBL31	ChEMBL31.compound.299364	CCOc1cc(N2C(=O)c3c(C2=O)c(NS(=O)(=O)c2ccc(C(C)(C)C)cc2)ccc3Cl)cnc1	NBAUJRSKYNXFHS-UHFFFAOYSA-N	InChI=1S/C25H24ClN3O5S/c1-5-34-17-12-16(13-27-14-17)29-23(30)21-19(26)10-11-20(22(21)24(29)31)28-35(32,33)18-8-6-15(7-9-18)25(2,3)4/h6-14,28H,5H2,1-4H3	"""AuxInfo=1/0/N:1,24,25,26,2,21,27,20,28,30,29,5,33,35,22,6,4,19,31,14,10,11,8,12,23,32,34,15,7,9,13,17,18,3,16/E:(2,3,4)(6,7)(8,9)(32,33)/CRV:35.6/rA:35CCOCCCNCOCCCOCNSOOCCCCCCCCCCCCCClCNC/rB:s1;s2;s3;d4;s5;s6;s7;d8;s8;d10;s7s11;d12;s11;s14;s15;d16;d16;s16;d19;s20;d21;s22;s23;s23;s23;s22;s19d27;d14;s29;s10d30;s31;d6;s33;s4d34;/rC:;;;;;;;;;;;;;;;;;;;;;;;;;;;;;;;;;;;"""	P51686_WT	ChEMBL:CHEMBL5815	P51686	WT	CHEMBL3801235	PMID:26987013	2016.0	PMID:26987013	2016	0	0	0	1	0		=	  6.890	6.89	0.0	0.0	1.0	6.89	0.0	CCRs_HUMAN_annotated_05664	True
InChI=1S/C25H24ClN3O5S/c1-5-34-20-12-13-27-14-19(20)29-23(30)21-17(26)10-11-18(22(21)24(29)31)28-35(32,33)16-8-6-15(7-9-16)25(2,3)4/h6-14,28H,5H2,1-4H3_on_P51686_WT	High	ChEMBL31	ChEMBL31.compound.299357	CCOc1ccncc1N1C(=O)c2c(C1=O)c(NS(=O)(=O)c1ccc(C(C)(C)C)cc1)ccc2Cl	KLBAXORWYSHYTO-UHFFFAOYSA-N	InChI=1S/C25H24ClN3O5S/c1-5-34-20-12-13-27-14-19(20)29-23(30)21-17(26)10-11-18(22(21)24(29)31)28-35(32,33)16-8-6-15(7-9-16)25(2,3)4/h6-14,28H,5H2,1-4H3	"""AuxInfo=1/0/N:1,27,28,29,2,24,30,23,31,33,32,5,6,8,25,22,34,17,9,4,13,14,11,15,26,35,7,18,10,12,16,20,21,3,19/E:(2,3,4)(6,7)(8,9)(32,33)/CRV:35.6/rA:35CCOCCCNCCNCOCCCOCNSOOCCCCCCCCCCCCCCl/rB:s1;s2;s3;d4;s5;d6;s7;s4d8;s9;s10;d11;s11;d13;s10s14;d15;s14;s17;s18;d19;d19;s19;d22;s23;d24;s25;s26;s26;s26;s25;s22d30;d17;s32;s13d33;s34;/rC:;;;;;;;;;;;;;;;;;;;;;;;;;;;;;;;;;;;"""	P51686_WT	ChEMBL:CHEMBL5815	P51686	WT	CHEMBL3801235	PMID:26987013	2016.0	PMID:26987013	2016	0	0	0	1	0		=	  8.050	8.05	0.0	0.0	1.0	8.05	0.0	CCRs_HUMAN_annotated_05665	True
InChI=1S/C25H24ClN3O5S/c1-14-12-13-27-22(34-5)21(14)29-23(30)19-17(26)10-11-18(20(19)24(29)31)28-35(32,33)16-8-6-15(7-9-16)25(2,3)4/h6-13,28H,1-5H3_on_P51686_WT	High	ChEMBL31	ChEMBL31.compound.299351	COc1c(N2C(=O)c3c(C2=O)c(NS(=O)(=O)c2ccc(C(C)(C)C)cc2)ccc3Cl)c(C)ccn1	LNHMRFVTRPXWHP-UHFFFAOYSA-N	InChI=1S/C25H24ClN3O5S/c1-14-12-13-27-22(34-5)21(14)29-23(30)19-17(26)10-11-18(20(19)24(29)31)28-35(32,33)16-8-6-15(7-9-16)25(2,3)4/h6-13,28H,1-5H3	"""AuxInfo=1/0/N:32,22,23,24,1,19,25,18,26,28,27,33,34,31,20,17,29,12,8,9,4,3,6,10,21,30,35,13,5,7,11,15,16,2,14/E:(2,3,4)(6,7)(8,9)(32,33)/CRV:35.6/rA:35COCCNCOCCCOCNSOOCCCCCCCCCCCCCClCCCCN/rB:s1;s2;d3;s4;s5;d6;s6;d8;s5s9;d10;s9;s12;s13;d14;d14;s14;d17;s18;d19;s20;s21;s21;s21;s20;s17d25;d12;s27;s8d28;s29;s4;s31;d31;s33;s3d34;/rC:;;;;;;;;;;;;;;;;;;;;;;;;;;;;;;;;;;;"""	P51686_WT	ChEMBL:CHEMBL5815	P51686	WT	CHEMBL3801235	PMID:26987013	2016.0	PMID:26987013	2016	0	0	0	1	0		=	  7.550	7.55	0.0	0.0	1.0	7.55	0.0	CCRs_HUMAN_annotated_05666	True
InChI=1S/C25H24ClN3O5S/c1-14-12-19(22(34-5)27-13-14)29-23(30)20-17(26)10-11-18(21(20)24(29)31)28-35(32,33)16-8-6-15(7-9-16)25(2,3)4/h6-13,28H,1-5H3_on_P51686_WT	High	ChEMBL31	ChEMBL31.compound.299354	COc1c(N2C(=O)c3c(C2=O)c(NS(=O)(=O)c2ccc(C(C)(C)C)cc2)ccc3Cl)cc(C)cn1	PZMQLIASRUDGIO-UHFFFAOYSA-N	InChI=1S/C25H24ClN3O5S/c1-14-12-19(22(34-5)27-13-14)29-23(30)20-17(26)10-11-18(21(20)24(29)31)28-35(32,33)16-8-6-15(7-9-16)25(2,3)4/h6-13,28H,1-5H3	"""AuxInfo=1/0/N:33,22,23,24,1,19,25,18,26,28,27,31,34,32,20,17,29,12,4,8,9,3,6,10,21,30,35,13,5,7,11,15,16,2,14/E:(2,3,4)(6,7)(8,9)(32,33)/CRV:35.6/rA:35COCCNCOCCCOCNSOOCCCCCCCCCCCCCClCCCCN/rB:s1;s2;d3;s4;s5;d6;s6;d8;s5s9;d10;s9;s12;s13;d14;d14;s14;d17;s18;d19;s20;s21;s21;s21;s20;s17d25;d12;s27;s8d28;s29;s4;d31;s32;s32;s3d34;/rC:;;;;;;;;;;;;;;;;;;;;;;;;;;;;;;;;;;;"""	P51686_WT	ChEMBL:CHEMBL5815	P51686	WT	CHEMBL3801235	PMID:26987013	2016.0	PMID:26987013	2016	0	0	0	1	0		=	  7.800	7.8	0.0	0.0	1.0	7.8	0.0	CCRs_HUMAN_annotated_05667	True
InChI=1S/C25H24ClN3O5S/c1-14-19(12-13-20(27-14)34-5)29-23(30)21-17(26)10-11-18(22(21)24(29)31)28-35(32,33)16-8-6-15(7-9-16)25(2,3)4/h6-13,28H,1-5H3_on_P51686_WT	High	ChEMBL31	ChEMBL31.compound.299353	COc1nc(C)c(N2C(=O)c3c(C2=O)c(NS(=O)(=O)c2ccc(C(C)(C)C)cc2)ccc3Cl)cc1	HJFREMUHBHKZEU-UHFFFAOYSA-N	InChI=1S/C25H24ClN3O5S/c1-14-19(12-13-20(27-14)34-5)29-23(30)21-17(26)10-11-18(22(21)24(29)31)28-35(32,33)16-8-6-15(7-9-16)25(2,3)4/h6-13,28H,1-5H3	"""AuxInfo=1/0/N:6,25,26,27,1,22,28,21,29,31,30,34,35,5,23,20,32,15,7,3,11,12,9,13,24,33,4,16,8,10,14,18,19,2,17/E:(2,3,4)(6,7)(8,9)(32,33)/CRV:35.6/rA:35COCNCCCNCOCCCOCNSOOCCCCCCCCCCCCCClCC/rB:s1;s2;d3;s4;s5;d5;s7;s8;d9;s9;d11;s8s12;d13;s12;s15;s16;d17;d17;s17;d20;s21;d22;s23;s24;s24;s24;s23;s20d28;d15;s30;s11d31;s32;s7;s3d34;/rC:;;;;;;;;;;;;;;;;;;;;;;;;;;;;;;;;;;;"""	P51686_WT	ChEMBL:CHEMBL5815	P51686	WT	CHEMBL3801235	PMID:26987013	2016.0	PMID:26987013	2016	0	0	0	1	0		=	  7.850	7.85	0.0	0.0	1.0	7.85	0.0	CCRs_HUMAN_annotated_05668	True
InChI=1S/C25H24ClN3O5S/c1-14-19(12-27-13-20(14)34-5)29-23(30)21-17(26)10-11-18(22(21)24(29)31)28-35(32,33)16-8-6-15(7-9-16)25(2,3)4/h6-13,28H,1-5H3_on_P51686_WT	High	ChEMBL31	ChEMBL31.compound.299350	COc1c(C)c(N2C(=O)c3c(C2=O)c(NS(=O)(=O)c2ccc(C(C)(C)C)cc2)ccc3Cl)cnc1	ZRFCKDYIVCWAAV-UHFFFAOYSA-N	InChI=1S/C25H24ClN3O5S/c1-14-19(12-27-13-20(14)34-5)29-23(30)21-17(26)10-11-18(22(21)24(29)31)28-35(32,33)16-8-6-15(7-9-16)25(2,3)4/h6-13,28H,1-5H3	"""AuxInfo=1/0/N:5,24,25,26,1,21,27,20,28,30,29,33,35,4,22,19,31,14,6,3,10,11,8,12,23,32,34,15,7,9,13,17,18,2,16/E:(2,3,4)(6,7)(8,9)(32,33)/CRV:35.6/rA:35COCCCCNCOCCCOCNSOOCCCCCCCCCCCCCClCNC/rB:s1;s2;d3;s4;s4;s6;s7;d8;s8;d10;s7s11;d12;s11;s14;s15;d16;d16;s16;d19;s20;d21;s22;s23;s23;s23;s22;s19d27;d14;s29;s10d30;s31;d6;s33;s3d34;/rC:;;;;;;;;;;;;;;;;;;;;;;;;;;;;;;;;;;;"""	P51686_WT	ChEMBL:CHEMBL5815	P51686	WT	CHEMBL3801235	PMID:26987013	2016.0	PMID:26987013	2016	0	0	0	1	0		=	  7.750	7.75	0.0	0.0	1.0	7.75	0.0	CCRs_HUMAN_annotated_05669	True
InChI=1S/C25H24ClN3O5S/c1-14-19(34-5)12-13-20(27-14)29-23(30)21-17(26)10-11-18(22(21)24(29)31)28-35(32,33)16-8-6-15(7-9-16)25(2,3)4/h6-13,28H,1-5H3_on_P51686_WT	High	ChEMBL31	ChEMBL31.compound.299341	COc1c(C)nc(N2C(=O)c3c(C2=O)c(NS(=O)(=O)c2ccc(C(C)(C)C)cc2)ccc3Cl)cc1	KXNDNDGRYDSXCS-UHFFFAOYSA-N	InChI=1S/C25H24ClN3O5S/c1-14-19(34-5)12-13-20(27-14)29-23(30)21-17(26)10-11-18(22(21)24(29)31)28-35(32,33)16-8-6-15(7-9-16)25(2,3)4/h6-13,28H,1-5H3	"""AuxInfo=1/0/N:5,25,26,27,1,22,28,21,29,31,30,35,34,4,23,20,32,15,3,7,11,12,9,13,24,33,6,16,8,10,14,18,19,2,17/E:(2,3,4)(6,7)(8,9)(32,33)/CRV:35.6/rA:35COCCCNCNCOCCCOCNSOOCCCCCCCCCCCCCClCC/rB:s1;s2;d3;s4;s4;d6;s7;s8;d9;s9;d11;s8s12;d13;s12;s15;s16;d17;d17;s17;d20;s21;d22;s23;s24;s24;s24;s23;s20d28;d15;s30;s11d31;s32;s7;s3d34;/rC:;;;;;;;;;;;;;;;;;;;;;;;;;;;;;;;;;;;"""	P51686_WT	ChEMBL:CHEMBL5815	P51686	WT	CHEMBL3801235	PMID:26987013	2016.0	PMID:26987013	2016	0	0	0	1	0		=	  7.800	7.8	0.0	0.0	1.0	7.8	0.0	CCRs_HUMAN_annotated_05670	True
InChI=1S/C25H24ClN3O5S/c1-15-5-8-17(29(32)13-15)14-28-23(30)21-19(26)11-12-20(22(21)24(28)31)27-35(33,34)18-9-6-16(7-10-18)25(2,3)4/h5-13,27H,14H2,1-4H3_on_P51686_WT	High	ChEMBL31	ChEMBL31.compound.299336	Cc1c[n+]([O-])c(CN2C(=O)c3c(C2=O)c(NS(=O)(=O)c2ccc(C(C)(C)C)cc2)ccc3Cl)cc1	ASPFFBZLAUUDQN-UHFFFAOYSA-N	InChI=1S/C25H24ClN3O5S/c1-15-5-8-17(29(32)13-15)14-28-23(30)21-19(26)11-12-20(22(21)24(28)31)27-35(33,34)18-9-6-16(7-10-18)25(2,3)4/h5-13,27H,14H2,1-4H3	"""AuxInfo=1/0/N:1,25,26,27,35,22,28,34,21,29,31,30,3,7,2,23,6,20,32,15,11,12,9,13,24,33,16,8,4,10,14,5,18,19,17/E:(2,3,4)(6,7)(9,10)(33,34)/CRV:29.5,35.6/rA:35CCCN+O-CCNCOCCCOCNSOOCCCCCCCCCCCCCClCC/rB:s1;d2;s3;s4;d4;s6;s7;s8;d9;s9;d11;s8s12;d13;s12;s15;s16;d17;d17;s17;d20;s21;d22;s23;s24;s24;s24;s23;s20d28;d15;s30;s11d31;s32;s6;s2d34;/rC:;;;;;;;;;;;;;;;;;;;;;;;;;;;;;;;;;;;"""	P51686_WT	ChEMBL:CHEMBL5815	P51686	WT	CHEMBL3801235	PMID:26987013	2016.0	PMID:26987013	2016	0	0	0	1	0		=	  7.890	7.89	0.0	0.0	1.0	7.89	0.0	CCRs_HUMAN_annotated_05671	True
InChI=1S/C25H24ClN3O5S/c1-15-11-12-28(32)13-16(15)14-29-23(30)21-19(26)9-10-20(22(21)24(29)31)27-35(33,34)18-7-5-17(6-8-18)25(2,3)4/h5-13,27H,14H2,1-4H3_on_P51686_WT	High	ChEMBL31	ChEMBL31.compound.299329	Cc1cc[n+]([O-])cc1CN1C(=O)c2c(C1=O)c(NS(=O)(=O)c1ccc(C(C)(C)C)cc1)ccc2Cl	LXGJGXSTEQGOSZ-UHFFFAOYSA-N	InChI=1S/C25H24ClN3O5S/c1-15-11-12-28(32)13-16(15)14-29-23(30)21-19(26)9-10-20(22(21)24(29)31)27-35(33,34)18-7-5-17(6-8-18)25(2,3)4/h5-13,27H,14H2,1-4H3	"""AuxInfo=1/0/N:1,27,28,29,24,30,23,31,33,32,3,4,7,9,2,8,25,22,34,17,13,14,11,15,26,35,18,5,10,12,16,6,20,21,19/E:(2,3,4)(5,6)(7,8)(33,34)/CRV:28.5,35.6/rA:35CCCCN+O-CCCNCOCCCOCNSOOCCCCCCCCCCCCCCl/rB:s1;d2;s3;d4;s5;s5;s2d7;s8;s9;s10;d11;s11;d13;s10s14;d15;s14;s17;s18;d19;d19;s19;d22;s23;d24;s25;s26;s26;s26;s25;s22d30;d17;s32;s13d33;s34;/rC:;;;;;;;;;;;;;;;;;;;;;;;;;;;;;;;;;;;"""	P51686_WT	ChEMBL:CHEMBL5815	P51686	WT	CHEMBL3801235	PMID:26987013	2016.0	PMID:26987013	2016	0	0	0	1	0		=	  7.920	7.92	0.0	0.0	1.0	7.92	0.0	CCRs_HUMAN_annotated_05672	True
InChI=1S/C25H24ClN3O5S/c1-25(2,3)16-5-7-17(8-6-16)35(32,33)28-19-10-9-18(26)21-22(19)24(31)29(23(21)30)14-15-11-12-27-20(13-15)34-4/h5-13,28H,14H2,1-4H3_on_P51686_WT	High	ChEMBL31	ChEMBL31.compound.299324	COc1nccc(CN2C(=O)c3c(C2=O)c(NS(=O)(=O)c2ccc(C(C)(C)C)cc2)ccc3Cl)c1	KLUADTZIWNDFBB-UHFFFAOYSA-N	InChI=1S/C25H24ClN3O5S/c1-25(2,3)16-5-7-17(8-6-16)35(32,33)28-19-10-9-18(26)21-22(19)24(31)29(23(21)30)14-15-11-12-27-20(13-15)34-4/h5-13,28H,14H2,1-4H3	"""AuxInfo=1/0/N:26,27,28,1,23,29,22,30,32,31,6,5,35,8,7,24,21,33,16,3,12,13,10,14,25,34,4,17,9,11,15,19,20,2,18/E:(1,2,3)(5,6)(7,8)(32,33)/CRV:35.6/rA:35COCNCCCCNCOCCCOCNSOOCCCCCCCCCCCCCClC/rB:s1;s2;d3;s4;d5;s6;s7;s8;s9;d10;s10;d12;s9s13;d14;s13;s16;s17;d18;d18;s18;d21;s22;d23;s24;s25;s25;s25;s24;s21d29;d16;s31;s12d32;s33;s3d7;/rC:;;;;;;;;;;;;;;;;;;;;;;;;;;;;;;;;;;;"""	P51686_WT	ChEMBL:CHEMBL5815	P51686	WT	CHEMBL3801235	PMID:26987013	2016.0	PMID:26987013	2016	0	0	0	1	0		=	  6.970	6.97	0.0	0.0	1.0	6.97	0.0	CCRs_HUMAN_annotated_05673	True
InChI=1S/C25H24ClN3O5S/c1-25(2,3)16-5-7-18(8-6-16)35(32,33)28-20-10-9-19(26)21-22(20)24(31)29(23(21)30)14-15-11-17(34-4)13-27-12-15/h5-13,28H,14H2,1-4H3_on_P51686_WT	High	ChEMBL31	ChEMBL31.compound.299331	COc1cc(CN2C(=O)c3c(C2=O)c(NS(=O)(=O)c2ccc(C(C)(C)C)cc2)ccc3Cl)cnc1	NZWYHWUKVZCLEO-UHFFFAOYSA-N	InChI=1S/C25H24ClN3O5S/c1-25(2,3)16-5-7-18(8-6-16)35(32,33)28-20-10-9-19(26)21-22(20)24(31)29(23(21)30)14-15-11-17(34-4)13-27-12-15/h5-13,28H,14H2,1-4H3	"""AuxInfo=1/0/N:24,25,26,1,21,27,20,28,30,29,4,33,35,6,5,22,3,19,31,14,10,11,8,12,23,32,34,15,7,9,13,17,18,2,16/E:(1,2,3)(5,6)(7,8)(32,33)/CRV:35.6/rA:35COCCCCNCOCCCOCNSOOCCCCCCCCCCCCCClCNC/rB:s1;s2;d3;s4;s5;s6;s7;d8;s8;d10;s7s11;d12;s11;s14;s15;d16;d16;s16;d19;s20;d21;s22;s23;s23;s23;s22;s19d27;d14;s29;s10d30;s31;d5;s33;s3d34;/rC:;;;;;;;;;;;;;;;;;;;;;;;;;;;;;;;;;;;"""	P51686_WT	ChEMBL:CHEMBL5815	P51686	WT	CHEMBL3801235	PMID:26987013	2016.0	PMID:26987013	2016	0	0	0	1	0		=	  7.230	7.23	0.0	0.0	1.0	7.23	0.0	CCRs_HUMAN_annotated_05674	True
InChI=1S/C25H24ClN3O5S/c1-25(2,3)16-6-8-17(9-7-16)35(32,33)28-19-11-10-18(26)21-22(19)24(31)29(23(21)30)14-15-5-12-20(34-4)27-13-15/h5-13,28H,14H2,1-4H3_on_P51686_WT	High	ChEMBL31	ChEMBL31.compound.299327	COc1ncc(CN2C(=O)c3c(C2=O)c(NS(=O)(=O)c2ccc(C(C)(C)C)cc2)ccc3Cl)cc1	GKQJTBZGTTXLHJ-UHFFFAOYSA-N	InChI=1S/C25H24ClN3O5S/c1-25(2,3)16-6-8-17(9-7-16)35(32,33)28-19-11-10-18(26)21-22(19)24(31)29(23(21)30)14-15-5-12-20(34-4)27-13-15/h5-13,28H,14H2,1-4H3	"""AuxInfo=1/0/N:25,26,27,1,34,22,28,21,29,31,30,35,5,7,6,23,20,32,15,3,11,12,9,13,24,33,4,16,8,10,14,18,19,2,17/E:(1,2,3)(6,7)(8,9)(32,33)/CRV:35.6/rA:35COCNCCCNCOCCCOCNSOOCCCCCCCCCCCCCClCC/rB:s1;s2;d3;s4;d5;s6;s7;s8;d9;s9;d11;s8s12;d13;s12;s15;s16;d17;d17;s17;d20;s21;d22;s23;s24;s24;s24;s23;s20d28;d15;s30;s11d31;s32;s6;s3d34;/rC:;;;;;;;;;;;;;;;;;;;;;;;;;;;;;;;;;;;"""	P51686_WT	ChEMBL:CHEMBL5815	P51686	WT	CHEMBL3801235	PMID:26987013	2016.0	PMID:26987013	2016	0	0	0	1	0		=	  6.910	6.91	0.0	0.0	1.0	6.91	0.0	CCRs_HUMAN_annotated_05675	True
InChI=1S/C25H24ClN3O5S/c1-25(2,3)16-7-9-17(10-8-16)35(32,33)28-19-12-11-18(26)20-21(19)24(31)29(23(20)30)14-15-6-5-13-27-22(15)34-4/h5-13,28H,14H2,1-4H3_on_P51686_WT	High	ChEMBL31	ChEMBL31.compound.299326	COc1c(CN2C(=O)c3c(C2=O)c(NS(=O)(=O)c2ccc(C(C)(C)C)cc2)ccc3Cl)cccn1	CEDZGYPMDYRFHD-UHFFFAOYSA-N	InChI=1S/C25H24ClN3O5S/c1-25(2,3)16-7-9-17(10-8-16)35(32,33)28-19-12-11-18(26)20-21(19)24(31)29(23(20)30)14-15-6-5-13-27-22(15)34-4/h5-13,28H,14H2,1-4H3	"""AuxInfo=1/0/N:23,24,25,1,33,32,20,26,19,27,29,28,34,5,4,21,18,30,13,9,10,3,7,11,22,31,35,14,6,8,12,16,17,2,15/E:(1,2,3)(7,8)(9,10)(32,33)/CRV:35.6/rA:35COCCCNCOCCCOCNSOOCCCCCCCCCCCCCClCCCN/rB:s1;s2;d3;s4;s5;s6;d7;s7;d9;s6s10;d11;s10;s13;s14;d15;d15;s15;d18;s19;d20;s21;s22;s22;s22;s21;s18d26;d13;s28;s9d29;s30;s4;d32;s33;s3d34;/rC:;;;;;;;;;;;;;;;;;;;;;;;;;;;;;;;;;;;"""	P51686_WT	ChEMBL:CHEMBL5815	P51686	WT	CHEMBL3801235	PMID:26987013	2016.0	PMID:26987013	2016	0	0	0	1	0		=	  7.110	7.11	0.0	0.0	1.0	7.11	0.0	CCRs_HUMAN_annotated_05676	True
InChI=1S/C25H24ClN3O6S/c1-25(2,3)14-6-8-15(9-7-14)36(32,33)28-17-11-10-16(26)20-21(17)24(31)29(23(20)30)18-12-13-19(34-4)27-22(18)35-5/h6-13,28H,1-5H3_on_P51686_WT	High	ChEMBL31	ChEMBL31.compound.299352	COc1nc(OC)c(N2C(=O)c3c(C2=O)c(NS(=O)(=O)c2ccc(C(C)(C)C)cc2)ccc3Cl)cc1	WGNYGNLZQDEGNT-UHFFFAOYSA-N	InChI=1S/C25H24ClN3O6S/c1-25(2,3)14-6-8-15(9-7-14)36(32,33)28-17-11-10-16(26)20-21(17)24(31)29(23(20)30)18-12-13-19(34-4)27-22(18)35-5/h6-13,28H,1-5H3	"""AuxInfo=1/0/N:26,27,28,1,7,23,29,22,30,32,31,35,36,24,21,33,16,8,3,12,13,5,10,14,25,34,4,17,9,11,15,19,20,2,6,18/E:(1,2,3)(6,7)(8,9)(32,33)/CRV:36.6/rA:36COCNCOCCNCOCCCOCNSOOCCCCCCCCCCCCCClCC/rB:s1;s2;d3;s4;s5;s6;d5;s8;s9;d10;s10;d12;s9s13;d14;s13;s16;s17;d18;d18;s18;d21;s22;d23;s24;s25;s25;s25;s24;s21d29;d16;s31;s12d32;s33;s8;s3d35;/rC:;;;;;;;;;;;;;;;;;;;;;;;;;;;;;;;;;;;;"""	P51686_WT	ChEMBL:CHEMBL5815	P51686	WT	CHEMBL3801235	PMID:26987013	2016.0	PMID:26987013	2016	0	0	0	1	0		=	  8.100	8.1	0.0	0.0	1.0	8.1	0.0	CCRs_HUMAN_annotated_05677	True
InChI=1S/C25H25Cl3N4O4S/c26-17-14-22(31-37(34,35)18-8-9-20(27)21(28)15-18)25(30-16-17)36-23-7-3-2-6-19(23)24(33)29-10-13-32-11-4-1-5-12-32/h2-3,6-9,14-16,31H,1,4-5,10-13H2,(H,29,33)_on_P41597_WT	High	ExCAPE-DB;ChEMBL31;ChEMBL31	57396690;ChEMBL31.compound.170731;ChEMBL31.compound.170731	O=C(NCCN1CCCCC1)c1ccccc1Oc1ncc(Cl)cc1NS(=O)(=O)c1ccc(Cl)c(Cl)c1	VNZBSMSVQFYVMF-UHFFFAOYSA-N	InChI=1S/C25H25Cl3N4O4S/c26-17-14-22(31-37(34,35)18-8-9-20(27)21(28)15-18)25(30-16-17)36-23-7-3-2-6-19(23)24(33)29-10-13-32-11-4-1-5-12-32/h2-3,6-9,14-16,31H,1,4-5,10-13H2,(H,29,33)	"""AuxInfo=1/1/N:9,14,15,8,10,13,16,31,32,4,7,11,5,24,37,21,22,30,12,33,35,25,17,2,19,23,34,36,3,20,26,6,1,28,29,18,27/E:(4,5)(11,12)(34,35)/CRV:37.6/rA:37OCNCCNCCCCCCCCCCCOCNCCClCCNSOOCCCCClCClC/rB:d1;s2;s3;s4;s5;s6;s7;s8;s9;s6s10;s2;d12;s13;d14;s15;s12d16;s17;s18;d19;s20;d21;s22;s22;s19d24;s25;s26;d27;d27;s27;d30;s31;d32;s33;s33;s35;s30d35;/rC:;;;;;;;;;;;;;;;;;;;;;;;;;;;;;;;;;;;;;"""	P41597_WT	EntrezID:729230;ChEMBL:CHEMBL4015;ChEMBL:CHEMBL4015	P41597	WT	PubChemAID:633586;CHEMBL1925745;CHEMBL1925695	PMID:22047688	2011.0	PubChemAID:633586;PMID:22047688;PMID:22047688	2012;2011;2011	0	0	0	0;1;1	1;0;0		=	  6.100;  5.800;  6.100	6.0	0.141	0.1	3.0	6.1	0.0	CCRs_HUMAN_annotated_05706	True
InChI=1S/C25H25Cl3N4O4S/c26-18-14-23(31-37(34,35)20-7-8-21(27)22(28)15-20)25(30-16-18)36-19-6-4-5-17(13-19)24(33)29-9-12-32-10-2-1-3-11-32/h4-8,13-16,31H,1-3,9-12H2,(H,29,33)_on_P41597_WT	High	ExCAPE-DB;ChEMBL31;ChEMBL31	57393218;ChEMBL31.compound.170728;ChEMBL31.compound.170728	O=C(NCCN1CCCCC1)c1cc(Oc2ncc(Cl)cc2NS(=O)(=O)c2cc(Cl)c(Cl)cc2)ccc1	ANRVKRAATRXECV-UHFFFAOYSA-N	InChI=1S/C25H25Cl3N4O4S/c26-18-14-23(31-37(34,35)20-7-8-21(27)22(28)15-20)25(30-16-18)36-19-6-4-5-17(13-19)24(33)29-9-12-32-10-2-1-3-11-32/h4-8,13-16,31H,1-3,9-12H2,(H,29,33)	"""AuxInfo=1/1/N:9,8,10,36,37,35,34,33,4,7,11,5,13,21,28,18,12,19,14,27,31,29,22,2,16,20,32,30,3,17,23,6,1,25,26,15,24/E:(2,3)(10,11)(34,35)/CRV:37.6/rA:37OCNCCNCCCCCCCCOCNCCClCCNSOOCCCClCClCCCCC/rB:d1;s2;s3;s4;s5;s6;s7;s8;s9;s6s10;s2;d12;s13;s14;s15;d16;s17;d18;s19;s19;s16d21;s22;s23;d24;d24;s24;d27;s28;s29;d29;s31;s31;s27d33;d14;s35;s12d36;/rC:;;;;;;;;;;;;;;;;;;;;;;;;;;;;;;;;;;;;;"""	P41597_WT	EntrezID:729230;ChEMBL:CHEMBL4015;ChEMBL:CHEMBL4015	P41597	WT	PubChemAID:633586;CHEMBL1925695;CHEMBL1925745	PMID:22047688	2011.0	PubChemAID:633586;PMID:22047688;PMID:22047688	2012;2011;2011	0	0	0	0;1;1	1;0;0		=	  7.102;  7.100;  5.900	6.701	0.566	0.4	3.0	7.1	0.002	CCRs_HUMAN_annotated_05707	True
InChI=1S/C25H25Cl3N4O4S/c26-18-14-23(31-37(34,35)20-8-9-21(27)22(28)15-20)25(30-16-18)36-19-6-4-17(5-7-19)24(33)29-10-13-32-11-2-1-3-12-32/h4-9,14-16,31H,1-3,10-13H2,(H,29,33)_on_P41597_WT	High	ChEMBL31	ChEMBL31.compound.170725	O=C(NCCN1CCCCC1)c1ccc(Oc2ncc(Cl)cc2NS(=O)(=O)c2ccc(Cl)c(Cl)c2)cc1	SYRWJQRNHYCSFQ-UHFFFAOYSA-N	InChI=1S/C25H25Cl3N4O4S/c26-18-14-23(31-37(34,35)20-8-9-21(27)22(28)15-20)25(30-16-18)36-19-6-4-17(5-7-19)24(33)29-10-13-32-11-2-1-3-12-32/h4-9,14-16,31H,1-3,10-13H2,(H,29,33)	"""AuxInfo=1/1/N:9,8,10,13,37,14,36,29,30,4,7,11,5,22,35,19,12,20,15,28,31,33,23,2,17,21,32,34,3,18,24,6,1,26,27,16,25/E:(2,3)(4,5)(6,7)(11,12)(34,35)/CRV:37.6/rA:37OCNCCNCCCCCCCCCOCNCCClCCNSOOCCCCClCClCCC/rB:d1;s2;s3;s4;s5;s6;s7;s8;s9;s6s10;s2;d12;s13;d14;s15;s16;d17;s18;d19;s20;s20;s17d22;s23;s24;d25;d25;s25;d28;s29;d30;s31;s31;s33;s28d33;s15;s12d36;/rC:;;;;;;;;;;;;;;;;;;;;;;;;;;;;;;;;;;;;;"""	P41597_WT	ChEMBL:CHEMBL4015;ChEMBL:CHEMBL4015;ChEMBL:CHEMBL4015	P41597	WT	CHEMBL1925747;CHEMBL1925745;CHEMBL1925695	PMID:22047688	2011.0	PMID:22047688	2011	0	0	1;0;0	0;1;1	0		=	  5.800;  7.700;  7.890	7.13	0.944	0.667	3.0	7.7	0.19	CCRs_HUMAN_annotated_05708	True
InChI=1S/C25H25ClFN3O4S/c1-15-4-5-18(12-28-15)25(31)21-10-19(26)6-8-23(21)29-35(32,33)20-7-9-24(22(27)11-20)30-13-16(2)34-17(3)14-30/h4-12,16-17,29H,13-14H2,1-3H3/t16-,17+_on_P51686_WT	Low	ChEMBL31	ChEMBL31.compound.1070673	Cc1ncc(C(=O)c2cc(Cl)ccc2NS(=O)(=O)c2cc(F)c(N3C[C@H](C)O[C@H](C)C3)cc2)cc1	VOCNRPSKUVPJCF-CALCHBBNSA-N	InChI=1S/C25H25ClFN3O4S/c1-15-4-5-18(12-28-15)25(31)21-10-19(26)6-8-23(21)29-35(32,33)20-7-9-24(22(27)11-20)30-13-16(2)34-17(3)14-30/h4-12,16-17,29H,13-14H2,1-3H3/t16-,17+	"""AuxInfo=1/0/N:1,27,30,35,34,12,33,13,32,9,20,4,25,31,2,26,29,5,10,19,8,21,14,23,6,11,22,3,15,24,7,17,18,28,16/E:(2,3)(13,14)(16,17)(32,33)/CRV:35.6/rA:35CCNCCCOCCCClCCCNSOOCCCFCNCC.eCOC.eCCCCCC/rB:s1;d2;s3;d4;s5;d6;s6;d8;s9;s10;d10;s12;s8d13;s14;s15;d16;d16;s16;d19;s20;s21;d21;s23;s24;s25;s26;s26;s28;s29;s24s29;s23;s19d32;s5;s2d34;/rC:;;;;;;;;;;;;;;;;;;;;;;;;;;;;;;;;;;;"""	P51686_WT	ChEMBL:CHEMBL5815;ChEMBL:CHEMBL5815	P51686	WT	CHEMBL3721192;CHEMBL3721193	PATENT:US7420055B2	2008.0	PATENT:US7420055B2	2008	1	0	0	0	0		>	  6.000;  6.000	6.0	0.0	0.0	2.0	6.0	0.0	CCRs_HUMAN_annotated_05711	True
InChI=1S/C25H25ClN2O4S/c1-17-3-4-18(16-27-17)24(29)22-15-20(26)7-10-23(22)28-33(30,31)21-8-5-19(6-9-21)25(2)11-13-32-14-12-25/h3-10,15-16,28H,11-14H2,1-2H3_on_P51686_WT	Low	ChEMBL31	ChEMBL31.compound.1070658	Cc1ncc(C(=O)c2cc(Cl)ccc2NS(=O)(=O)c2ccc(C3(C)CCOCC3)cc2)cc1	JDQACCWHYLNTAT-UHFFFAOYSA-N	InChI=1S/C25H25ClN2O4S/c1-17-3-4-18(16-27-17)24(29)22-15-20(26)7-10-23(22)28-33(30,31)21-8-5-19(6-9-21)25(2)11-13-32-14-12-25/h3-10,15-16,28H,11-14H2,1-2H3	"""AuxInfo=1/0/N:1,24,33,32,21,30,12,20,31,13,25,29,26,28,9,4,2,5,22,10,19,8,14,6,23,11,3,15,7,17,18,27,16/E:(5,6)(8,9)(11,12)(13,14)(30,31)/CRV:33.6/rA:33CCNCCCOCCCClCCCNSOOCCCCCCCCOCCCCCC/rB:s1;d2;s3;d4;s5;d6;s6;d8;s9;s10;d10;s12;s8d13;s14;s15;d16;d16;s16;d19;s20;d21;s22;s23;s23;s25;s26;s27;s23s28;s22;s19d30;s5;s2d32;/rC:;;;;;;;;;;;;;;;;;;;;;;;;;;;;;;;;;"""	P51686_WT	ChEMBL:CHEMBL5815;ChEMBL:CHEMBL5815	P51686	WT	CHEMBL3721193;CHEMBL3721192	PATENT:US7420055B2	2008.0	PATENT:US7420055B2	2008	1	0	0	0	0		>	  6.000;  6.000	6.0	0.0	0.0	2.0	6.0	0.0	CCRs_HUMAN_annotated_05713	True
InChI=1S/C25H25ClN2O4S/c1-17-4-3-5-23(27-17)24(29)21-16-19(26)8-11-22(21)28-33(30,31)20-9-6-18(7-10-20)25(2)12-14-32-15-13-25/h3-11,16,28H,12-15H2,1-2H3_on_P51686_WT	Low	ChEMBL31	ChEMBL31.compound.1070664	Cc1cccc(C(=O)c2cc(Cl)ccc2NS(=O)(=O)c2ccc(C3(C)CCOCC3)cc2)n1	DEJQEPBWGLUZJS-UHFFFAOYSA-N	InChI=1S/C25H25ClN2O4S/c1-17-4-3-5-23(27-17)24(29)21-16-19(26)8-11-22(21)28-33(30,31)20-9-6-18(7-10-20)25(2)12-14-32-15-13-25/h3-11,16,28H,12-15H2,1-2H3	"""AuxInfo=1/0/N:1,25,4,3,5,22,31,13,21,32,14,26,30,27,29,10,2,23,11,20,9,15,6,7,24,12,33,16,8,18,19,28,17/E:(6,7)(9,10)(12,13)(14,15)(30,31)/CRV:33.6/rA:33CCCCCCCOCCCClCCCNSOOCCCCCCCCOCCCCN/rB:s1;d2;s3;d4;s5;s6;d7;s7;d9;s10;s11;d11;s13;s9d14;s15;s16;d17;d17;s17;d20;s21;d22;s23;s24;s24;s26;s27;s28;s24s29;s23;s20d31;s2d6;/rC:;;;;;;;;;;;;;;;;;;;;;;;;;;;;;;;;;"""	P51686_WT	ChEMBL:CHEMBL5815;ChEMBL:CHEMBL5815	P51686	WT	CHEMBL3721193;CHEMBL3721192	PATENT:US7420055B2	2008.0	PATENT:US7420055B2	2008	1	0	0	0	0		>	  6.000;  6.000	6.0	0.0	0.0	2.0	6.0	0.0	CCRs_HUMAN_annotated_05714	True
InChI=1S/C25H25ClN2O4S/c1-17-4-9-19(10-5-17)25(30)22-16-20(26)11-14-23(22)27-33(31,32)21-12-6-18(7-13-21)8-15-24(29)28(2)3/h4-7,9-14,16,27H,8,15H2,1-3H3_on_P51686_WT	High	ChEMBL31	ChEMBL31.compound.285462	Cc1ccc(C(=O)c2cc(Cl)ccc2NS(=O)(=O)c2ccc(CCC(=O)N(C)C)cc2)cc1	DYFXWLLGWLRQCF-UHFFFAOYSA-N	InChI=1S/C25H25ClN2O4S/c1-17-4-9-19(10-5-17)25(30)22-16-20(26)11-14-23(22)27-33(31,32)21-12-6-18(7-13-21)8-15-24(29)28(2)3/h4-7,9-14,16,27H,8,15H2,1-3H3	"""AuxInfo=1/0/N:1,28,29,3,33,21,30,23,4,32,12,20,31,13,24,9,2,22,5,10,19,8,14,25,6,11,15,27,26,7,17,18,16/E:(2,3)(4,5)(6,7)(9,10)(12,13)(31,32)/CRV:33.6/rA:33CCCCCCOCCCClCCCNSOOCCCCCCCONCCCCCC/rB:s1;d2;s3;d4;s5;d6;s6;d8;s9;s10;d10;s12;s8d13;s14;s15;d16;d16;s16;d19;s20;d21;s22;s23;s24;d25;s25;s27;s27;s22;s19d30;s5;s2d32;/rC:;;;;;;;;;;;;;;;;;;;;;;;;;;;;;;;;;"""	P51686_WT	ChEMBL:CHEMBL5815;ChEMBL:CHEMBL5815	P51686	WT	CHEMBL3721196;CHEMBL3721199	PATENT:US7582661B2	2009.0	PATENT:US7582661B2	2009	1	0	0	0	0		=	  6.000;  6.000	6.0	0.0	0.0	2.0	6.0	0.0	CCRs_HUMAN_annotated_05715	True
InChI=1S/C25H25ClN2O4S/c1-17-15-18(9-12-27-17)24(29)22-16-20(26)5-8-23(22)28-33(30,31)21-6-3-19(4-7-21)25(2)10-13-32-14-11-25/h3-9,12,15-16,28H,10-11,13-14H2,1-2H3_on_P51686_WT	Low	ChEMBL31	ChEMBL31.compound.1070678	Cc1cc(C(=O)c2cc(Cl)ccc2NS(=O)(=O)c2ccc(C3(C)CCOCC3)cc2)ccn1	QPGMNGYTRCAEGV-UHFFFAOYSA-N	InChI=1S/C25H25ClN2O4S/c1-17-15-18(9-12-27-17)24(29)22-16-20(26)5-8-23(22)28-33(30,31)21-6-3-19(4-7-21)25(2)10-13-32-14-11-25/h3-9,12,15-16,28H,10-11,13-14H2,1-2H3	"""AuxInfo=1/0/N:1,23,20,29,11,19,30,12,31,24,28,32,25,27,3,8,2,4,21,9,18,7,13,5,22,10,33,14,6,16,17,26,15/E:(3,4)(6,7)(10,11)(13,14)(30,31)/CRV:33.6/rA:33CCCCCOCCCClCCCNSOOCCCCCCCCOCCCCCCN/rB:s1;d2;s3;s4;d5;s5;d7;s8;s9;d9;s11;s7d12;s13;s14;d15;d15;s15;d18;s19;d20;s21;s22;s22;s24;s25;s26;s22s27;s21;s18d29;d4;s31;s2d32;/rC:;;;;;;;;;;;;;;;;;;;;;;;;;;;;;;;;;"""	P51686_WT	ChEMBL:CHEMBL5815;ChEMBL:CHEMBL5815	P51686	WT	CHEMBL3721193;CHEMBL3721192	PATENT:US7420055B2	2008.0	PATENT:US7420055B2	2008	1	0	0	0	0		>	  6.000;  6.000	6.0	0.0	0.0	2.0	6.0	0.0	CCRs_HUMAN_annotated_05716	True
InChI=1S/C25H25ClN2O4S/c1-17-21(4-3-13-27-17)24(29)22-16-19(26)7-10-23(22)28-33(30,31)20-8-5-18(6-9-20)25(2)11-14-32-15-12-25/h3-10,13,16,28H,11-12,14-15H2,1-2H3_on_P51686_WT	Low	ChEMBL31	ChEMBL31.compound.1070676	Cc1c(C(=O)c2cc(Cl)ccc2NS(=O)(=O)c2ccc(C3(C)CCOCC3)cc2)cccn1	GWJRFVGBHBERQB-UHFFFAOYSA-N	InChI=1S/C25H25ClN2O4S/c1-17-21(4-3-13-27-17)24(29)22-16-19(26)7-10-23(22)28-33(30,31)20-8-5-18(6-9-20)25(2)11-14-32-15-12-25/h3-10,13,16,28H,11-12,14-15H2,1-2H3	"""AuxInfo=1/0/N:1,22,31,30,19,28,10,18,29,11,23,27,32,24,26,7,2,20,8,17,3,6,12,4,21,9,33,13,5,15,16,25,14/E:(5,6)(8,9)(11,12)(14,15)(30,31)/CRV:33.6/rA:33CCCCOCCCClCCCNSOOCCCCCCCCOCCCCCCCN/rB:s1;d2;s3;d4;s4;d6;s7;s8;d8;s10;s6d11;s12;s13;d14;d14;s14;d17;s18;d19;s20;s21;s21;s23;s24;s25;s21s26;s20;s17d28;s3;d30;s31;s2d32;/rC:;;;;;;;;;;;;;;;;;;;;;;;;;;;;;;;;;"""	P51686_WT	ChEMBL:CHEMBL5815;ChEMBL:CHEMBL5815	P51686	WT	CHEMBL3721192;CHEMBL3721193	PATENT:US7420055B2	2008.0	PATENT:US7420055B2	2008	1	0	0	0	0		>	  6.000;  6.000	6.0	0.0	0.0	2.0	6.0	0.0	CCRs_HUMAN_annotated_05717	True
InChI=1S/C25H25ClN2O5S/c1-17-3-4-18(16-28(17)30)24(29)22-15-20(26)7-10-23(22)27-34(31,32)21-8-5-19(6-9-21)25(2)11-13-33-14-12-25/h3-10,15-16,27H,11-14H2,1-2H3_on_P51686_WT	Low	ChEMBL31	ChEMBL31.compound.1070665	Cc1[n+]([O-])cc(C(=O)c2cc(Cl)ccc2NS(=O)(=O)c2ccc(C3(C)CCOCC3)cc2)cc1	ITIVVPSRJXMQDB-UHFFFAOYSA-N	InChI=1S/C25H25ClN2O5S/c1-17-3-4-18(16-28(17)30)24(29)22-15-20(26)7-10-23(22)27-34(31,32)21-8-5-19(6-9-21)25(2)11-13-33-14-12-25/h3-10,15-16,27H,11-14H2,1-2H3	"""AuxInfo=1/0/N:1,25,34,33,22,31,13,21,32,14,26,30,27,29,10,5,2,6,23,11,20,9,15,7,24,12,16,3,8,4,18,19,28,17/E:(5,6)(8,9)(11,12)(13,14)(31,32)/CRV:28.5,34.6/rA:34CCN+O-CCCOCCCClCCCNSOOCCCCCCCCOCCCCCC/rB:s1;d2;s3;s3;d5;s6;d7;s7;d9;s10;s11;d11;s13;s9d14;s15;s16;d17;d17;s17;d20;s21;d22;s23;s24;s24;s26;s27;s28;s24s29;s23;s20d31;s6;s2d33;/rC:;;;;;;;;;;;;;;;;;;;;;;;;;;;;;;;;;;"""	P51686_WT	ChEMBL:CHEMBL5815;ChEMBL:CHEMBL5815	P51686	WT	CHEMBL3721192;CHEMBL3721193	PATENT:US7420055B2	2008.0	PATENT:US7420055B2	2008	1	0	0	0	0		>	  6.000;  6.000	6.0	0.0	0.0	2.0	6.0	0.0	CCRs_HUMAN_annotated_05718	True
InChI=1S/C25H25ClN2O5S/c1-17-15-18(9-12-28(17)30)24(29)22-16-20(26)5-8-23(22)27-34(31,32)21-6-3-19(4-7-21)25(2)10-13-33-14-11-25/h3-9,12,15-16,27H,10-11,13-14H2,1-2H3_on_P51686_WT	Low	ChEMBL31	ChEMBL31.compound.1070679	Cc1cc(C(=O)c2cc(Cl)ccc2NS(=O)(=O)c2ccc(C3(C)CCOCC3)cc2)cc[n+]1[O-]	SQCDQVFKGKHNKU-UHFFFAOYSA-N	InChI=1S/C25H25ClN2O5S/c1-17-15-18(9-12-28(17)30)24(29)22-16-20(26)5-8-23(22)27-34(31,32)21-6-3-19(4-7-21)25(2)10-13-33-14-11-25/h3-9,12,15-16,27H,10-11,13-14H2,1-2H3	"""AuxInfo=1/0/N:1,23,20,29,11,19,30,12,31,24,28,32,25,27,3,8,2,4,21,9,18,7,13,5,22,10,14,33,6,34,16,17,26,15/E:(3,4)(6,7)(10,11)(13,14)(31,32)/CRV:28.5,34.6/rA:34CCCCCOCCCClCCCNSOOCCCCCCCCOCCCCCCN+O-/rB:s1;d2;s3;s4;d5;s5;d7;s8;s9;d9;s11;s7d12;s13;s14;d15;d15;s15;d18;s19;d20;s21;s22;s22;s24;s25;s26;s22s27;s21;s18d29;d4;s31;s2d32;s33;/rC:;;;;;;;;;;;;;;;;;;;;;;;;;;;;;;;;;;"""	P51686_WT	ChEMBL:CHEMBL5815;ChEMBL:CHEMBL5815	P51686	WT	CHEMBL3721193;CHEMBL3721192	PATENT:US7420055B2	2008.0	PATENT:US7420055B2	2008	1	0	0	0	0		>	  6.000;  6.000	6.0	0.0	0.0	2.0	6.0	0.0	CCRs_HUMAN_annotated_05719	True
InChI=1S/C25H25ClN4O5S2/c1-34-19-8-3-7-18-23(19)24(29-37(32,33)22-11-10-21(26)36-22)28-30(18)15-17-6-2-5-16(13-17)14-27-25(31)20-9-4-12-35-20/h2-3,5-8,10-11,13,20H,4,9,12,14-15H2,1H3,(H,27,31)(H,28,29)_on_P51679_WT	High	ExCAPE-DB;ChEMBL31;ChEMBL31	59456111;ChEMBL31.compound.203155;ChEMBL31.compound.203155	COc1c2c(NS(=O)(=O)c3ccc(Cl)s3)nn(Cc3cccc(CNC(=O)C4CCCO4)c3)c2ccc1	WHBKLJUDRBLALA-UHFFFAOYSA-N	InChI=1S/C25H25ClN4O5S2/c1-34-19-8-3-7-18-23(19)24(29-37(32,33)22-11-10-21(26)36-22)28-30(18)15-17-6-2-5-16(13-17)14-27-25(31)20-9-4-12-35-20/h2-3,5-8,10-11,13,20H,4,9,12,14-15H2,1H3,(H,27,31)(H,28,29)	"""AuxInfo=1/1/N:1,21,36,30,22,20,35,37,29,12,11,31,33,24,18,23,19,34,3,28,13,10,4,5,26,14,25,16,6,17,27,8,9,2,32,15,7/E:(32,33)/CRV:37.6/rA:37COCCCNSOOCCCCClSNNCCCCCCCNCOCCCCOCCCCC/rB:s1;s2;d3;s4;s5;s6;d7;d7;s7;d10;s11;d12;s13;s10s13;d5;s16;s17;s18;d19;s20;d21;s22;s23;s24;s25;d26;s26;s28;s29;s30;s28s31;s19d23;s4s17;d34;s35;s3d36;/rC:;;;;;;;;;;;;;;;;;;;;;;;;;;;;;;;;;;;;;"""	P51679_WT	EntrezID:1233;ChEMBL:CHEMBL2414;ChEMBL:CHEMBL2414	P51679	WT	PubChemAID:728788;CHEMBL2330053;CHEMBL2330056	PMID:23409871	2013.0	PubChemAID:728788;PMID:23409871;PMID:23409871	2013	0;0;1	0	0;1;0	0	1;0;0		=	  7.400;  6.100;  7.400	6.967	0.613	0.433	3.0	7.4	0.0	CCRs_HUMAN_annotated_05721	True
InChI=1S/C25H25N3O4S/c1-16-7-12-20(27-33(31,32)19-10-8-18(9-11-19)25(2,3)4)22-21(16)23(29)28(24(22)30)15-17-6-5-13-26-14-17/h5-14,27H,15H2,1-4H3_on_P51686_WT	High	ChEMBL31	ChEMBL31.compound.299366	Cc1c2C(=O)N(Cc3cnccc3)C(=O)c2c(NS(=O)(=O)c2ccc(C(C)(C)C)cc2)cc1	RMJCEGLNPZWTPU-UHFFFAOYSA-N	InChI=1S/C25H25N3O4S/c1-16-7-12-20(27-33(31,32)19-10-8-18(9-11-19)25(2,3)4)22-21(16)23(29)28(24(22)30)15-17-6-5-13-26-14-17/h5-14,27H,15H2,1-4H3	"""AuxInfo=1/0/N:1,27,28,29,12,13,33,24,30,23,31,32,11,9,7,2,8,25,22,17,3,16,4,14,26,10,18,6,5,15,20,21,19/E:(2,3,4)(8,9)(10,11)(31,32)/CRV:33.6/rA:33CCCCONCCCNCCCCOCCNSOOCCCCCCCCCCCC/rB:s1;d2;s3;d4;s4;s6;s7;d8;s9;d10;s11;s8d12;s6;d14;s3s14;d16;s17;s18;d19;d19;s19;d22;s23;d24;s25;s26;s26;s26;s25;s22d30;s17;s2d32;/rC:;;;;;;;;;;;;;;;;;;;;;;;;;;;;;;;;;"""	P51686_WT	ChEMBL:CHEMBL5815	P51686	WT	CHEMBL3801235	PMID:26987013	2016.0	PMID:26987013	2016	0	0	0	1	0		=	  6.340	6.34	0.0	0.0	1.0	6.34	0.0	CCRs_HUMAN_annotated_05740	True
InChI=1S/C25H25NO4S/c1-15(27)23-16(2)30-24-20-9-7-6-8-19(20)22(14-21(23)24)26-31(28,29)18-12-10-17(11-13-18)25(3,4)5/h6-14,26H,1-5H3_on_P25025_WT	High	ChEMBL31	ChEMBL31.compound.403298	CC(=O)c1c(C)oc2c1cc(NS(=O)(=O)c1ccc(C(C)(C)C)cc1)c1c2cccc1	DSFQNOSQYVRWMF-UHFFFAOYSA-N	InChI=1S/C25H25NO4S/c1-15(27)23-16(2)30-24-20-9-7-6-8-19(20)22(14-21(23)24)26-31(28,29)18-12-10-17(11-13-18)25(3,4)5/h6-14,26H,1-5H3	"""AuxInfo=1/0/N:1,6,21,22,23,30,29,31,28,18,24,17,25,10,2,5,19,16,26,27,9,11,4,8,20,12,3,14,15,7,13/E:(3,4,5)(10,11)(12,13)(28,29)/CRV:31.6/rA:31CCOCCCOCCCCNSOOCCCCCCCCCCCCCCCC/rB:s1;d2;s2;d4;s5;s5;s7;s4d8;s9;d10;s11;s12;d13;d13;s13;d16;s17;d18;s19;s20;s20;s20;s19;s16d24;s11;s8d26;s27;d28;s29;s26d30;/rC:;;;;;;;;;;;;;;;;;;;;;;;;;;;;;;;"""	P25025_WT	ChEMBL:CHEMBL2434	P25025	WT	CHEMBL4324682	PMID:31732253	2020.0	PMID:31732253	2020	1	0	0	0	0		=	  5.120	5.12	0.0	0.0	1.0	5.12	0.0	CCRs_HUMAN_annotated_05761	True
InChI=1S/C25H26ClN3O4S/c1-16-4-5-19(13-27-16)25(30)23-12-20(26)6-11-24(23)28-34(31,32)22-9-7-21(8-10-22)29-14-17(2)33-18(3)15-29/h4-13,17-18,28H,14-15H2,1-3H3/t17-,18+_on_P51686_WT	Low	ChEMBL31	ChEMBL31.compound.1070741	Cc1ncc(C(=O)c2cc(Cl)ccc2NS(=O)(=O)c2ccc(N3C[C@H](C)O[C@H](C)C3)cc2)cc1	DNRBQWDCDFWGSW-HDICACEKSA-N	InChI=1S/C25H26ClN3O4S/c1-16-4-5-19(13-27-16)25(30)23-12-20(26)6-11-24(23)28-34(31,32)22-9-7-21(8-10-22)29-14-17(2)33-18(3)15-29/h4-13,17-18,28H,14-15H2,1-3H3/t17-,18+	"""AuxInfo=1/0/N:1,26,29,34,33,12,21,31,20,32,13,9,4,24,30,2,25,28,5,10,22,19,8,14,6,11,3,15,23,7,17,18,27,16/E:(2,3)(7,8)(9,10)(14,15)(17,18)(31,32)/CRV:34.6/rA:34CCNCCCOCCCClCCCNSOOCCCCNCC.eCOC.eCCCCCC/rB:s1;d2;s3;d4;s5;d6;s6;d8;s9;s10;d10;s12;s8d13;s14;s15;d16;d16;s16;d19;s20;d21;s22;s23;s24;s25;s25;s27;s28;s23s28;s22;s19d31;s5;s2d33;/rC:;;;;;;;;;;;;;;;;;;;;;;;;;;;;;;;;;;"""	P51686_WT	ChEMBL:CHEMBL5815;ChEMBL:CHEMBL5815	P51686	WT	CHEMBL3721193;CHEMBL3721192	PATENT:US7420055B2	2008.0	PATENT:US7420055B2	2008	1	0	0	0	0		>	  6.000;  6.000	6.0	0.0	0.0	2.0	6.0	0.0	CCRs_HUMAN_annotated_05782	True
InChI=1S/C25H26ClN3O5S/c1-16-4-5-19(15-29(16)31)25(30)23-12-20(26)6-11-24(23)27-35(32,33)22-9-7-21(8-10-22)28-13-17(2)34-18(3)14-28/h4-12,15,17-18,27H,13-14H2,1-3H3/t17-,18+_on_P51686_WT	Low	ChEMBL31	ChEMBL31.compound.1070674	Cc1[n+]([O-])cc(C(=O)c2cc(Cl)ccc2NS(=O)(=O)c2ccc(N3C[C@H](C)O[C@H](C)C3)cc2)cc1	VFMJIJSFZSUUSI-HDICACEKSA-N	InChI=1S/C25H26ClN3O5S/c1-16-4-5-19(15-29(16)31)25(30)23-12-20(26)6-11-24(23)27-35(32,33)22-9-7-21(8-10-22)28-13-17(2)34-18(3)14-28/h4-12,15,17-18,27H,13-14H2,1-3H3/t17-,18+	"""AuxInfo=1/0/N:1,27,30,35,34,13,22,32,21,33,14,10,25,31,5,2,26,29,6,11,23,20,9,15,7,12,16,24,3,8,4,18,19,28,17/E:(2,3)(7,8)(9,10)(13,14)(17,18)(32,33)/CRV:29.5,35.6/rA:35CCN+O-CCCOCCCClCCCNSOOCCCCNCC.eCOC.eCCCCCC/rB:s1;d2;s3;s3;d5;s6;d7;s7;d9;s10;s11;d11;s13;s9d14;s15;s16;d17;d17;s17;d20;s21;d22;s23;s24;s25;s26;s26;s28;s29;s24s29;s23;s20d32;s6;s2d34;/rC:;;;;;;;;;;;;;;;;;;;;;;;;;;;;;;;;;;;"""	P51686_WT	ChEMBL:CHEMBL5815;ChEMBL:CHEMBL5815	P51686	WT	CHEMBL3721192;CHEMBL3721193	PATENT:US7420055B2	2008.0	PATENT:US7420055B2	2008	1	0	0	0	0		>	  6.000;  6.000	6.0	0.0	0.0	2.0	6.0	0.0	CCRs_HUMAN_annotated_05783	True
InChI=1S/C25H26ClN5O5S2/c1-35-20-7-3-6-19-23(20)24(30-38(33,34)22-9-8-21(26)37-22)29-31(19)14-17-5-2-4-16(12-17)13-28-25(32)18-15-36-11-10-27-18/h2-9,12,18,27H,10-11,13-15H2,1H3,(H,28,32)(H,29,30)/t18-/m0/s1_on_P51679_WT	High	ChEMBL31	ChEMBL31.compound.203149	COc1c2c(NS(=O)(=O)c3ccc(Cl)s3)nn(Cc3cccc(CNC(=O)[C@@H]4COCCN4)c3)c2ccc1	BRKCAVQLAJCUTK-SFHVURJKSA-N	InChI=1S/C25H26ClN5O5S2/c1-35-20-7-3-6-19-23(20)24(30-38(33,34)22-9-8-21(26)37-22)29-31(19)14-17-5-2-4-16(12-17)13-28-25(32)18-15-36-11-10-27-18/h2-9,12,18,27H,10-11,13-15H2,1H3,(H,28,32)(H,29,30)/t18-/m0/s1	"""AuxInfo=1/1/N:1,21,37,22,20,36,38,12,11,32,31,34,24,18,29,23,19,28,35,3,13,10,4,5,26,14,33,25,16,6,17,27,8,9,2,30,15,7/E:(33,34)/it:im/CRV:38.6/rA:38COCCCNSOOCCCCClSNNCCCCCCCNCOC.eCOCCNCCCCC/rB:s1;s2;d3;s4;s5;s6;d7;d7;s7;d10;s11;d12;s13;s10s13;d5;s16;s17;s18;d19;s20;d21;s22;s23;s24;s25;d26;s26;s28;s29;s30;s31;s28s32;s19d23;s4s17;d35;s36;s3d37;/rC:;;;;;;;;;;;;;;;;;;;;;;;;;;;;;;;;;;;;;;"""	P51679_WT	ChEMBL:CHEMBL2414;ChEMBL:CHEMBL2414	P51679	WT	CHEMBL2330053;CHEMBL2330056	PMID:23409871	2013.0	PMID:23409871	2013	0;1	0	1;0	0	0		=	  7.100;  7.800	7.45	0.35	0.35	2.0	7.45	0.35	CCRs_HUMAN_annotated_05784	True
InChI=1S/C25H26ClN5O5S2/c1-35-20-7-3-6-19-23(20)24(30-38(33,34)22-9-8-21(26)37-22)29-31(19)14-17-5-2-4-16(12-17)13-28-25(32)18-15-36-11-10-27-18/h2-9,12,18,27H,10-11,13-15H2,1H3,(H,28,32)(H,29,30)/t18-/m1/s1_on_P51679_WT	High	ChEMBL31	ChEMBL31.compound.203150	COc1c2c(NS(=O)(=O)c3ccc(Cl)s3)nn(Cc3cccc(CNC(=O)[C@H]4COCCN4)c3)c2ccc1	BRKCAVQLAJCUTK-GOSISDBHSA-N	InChI=1S/C25H26ClN5O5S2/c1-35-20-7-3-6-19-23(20)24(30-38(33,34)22-9-8-21(26)37-22)29-31(19)14-17-5-2-4-16(12-17)13-28-25(32)18-15-36-11-10-27-18/h2-9,12,18,27H,10-11,13-15H2,1H3,(H,28,32)(H,29,30)/t18-/m1/s1	"""AuxInfo=1/1/N:1,21,37,22,20,36,38,12,11,32,31,34,24,18,29,23,19,28,35,3,13,10,4,5,26,14,33,25,16,6,17,27,8,9,2,30,15,7/E:(33,34)/it:im/CRV:38.6/rA:38COCCCNSOOCCCCClSNNCCCCCCCNCOC.oCOCCNCCCCC/rB:s1;s2;d3;s4;s5;s6;d7;d7;s7;d10;s11;d12;s13;s10s13;d5;s16;s17;s18;d19;s20;d21;s22;s23;s24;s25;d26;s26;s28;s29;s30;s31;s28s32;s19d23;s4s17;d35;s36;s3d37;/rC:;;;;;;;;;;;;;;;;;;;;;;;;;;;;;;;;;;;;;;"""	P51679_WT	ChEMBL:CHEMBL2414;ChEMBL:CHEMBL2414	P51679	WT	CHEMBL2330056;CHEMBL2330053	PMID:23409871	2013.0	PMID:23409871	2013	1;0	0	0;1	0	0		=	  7.600;  6.250	6.925	0.675	0.675	2.0	6.925	0.675	CCRs_HUMAN_annotated_05785	True
InChI=1S/C25H26N2O6S/c1-2-32-25(29)27-16-14-19(15-17-27)26-34(30,31)23-13-12-22(20-10-6-7-11-21(20)23)33-24(28)18-8-4-3-5-9-18/h3-13,19,26H,2,14-17H2,1H3_on_P51685_WT	High	ChEMBL31	ChEMBL31.compound.68486	CCOC(=O)N1CCC(NS(=O)(=O)c2ccc(OC(=O)c3ccccc3)c3c2cccc3)CC1	CZNQUIPMFXMQEZ-UHFFFAOYSA-N	InChI=1S/C25H26N2O6S/c1-2-32-25(29)27-16-14-19(15-17-27)26-34(30,31)23-13-12-22(20-10-6-7-11-21(20)23)33-24(28)18-8-4-3-5-9-18/h3-13,19,26H,2,14-17H2,1H3	"""AuxInfo=1/0/N:1,2,24,23,25,31,30,22,26,32,29,16,15,8,33,7,34,21,9,27,28,17,14,19,4,10,6,20,5,12,13,3,18,11/E:(4,5)(8,9)(14,15)(16,17)(30,31)/CRV:34.6/rA:34CCOCONCCCNSOOCCCCOCOCCCCCCCCCCCCCC/rB:s1;s2;s3;d4;s4;s6;s7;s8;s9;s10;d11;d11;s11;d14;s15;d16;s17;s18;d19;s19;d21;s22;d23;s24;s21d25;s17;s14d27;s28;d29;s30;s27d31;s9;s6s33;/rC:;;;;;;;;;;;;;;;;;;;;;;;;;;;;;;;;;;"""	P51685_WT	ChEMBL:CHEMBL4596	P51685	WT	CHEMBL855762	PMID:17266208	2007.0	PMID:17266208	2007	0	0	0	1	0		=	  7.790	7.79	0.0	0.0	1.0	7.79	0.0	CCRs_HUMAN_annotated_05795	True
InChI=1S/C25H27N3O4S/c1-3-8-24(29)28-15-18(16-28)27-33(31,32)23-14-13-22(20-11-6-7-12-21(20)23)26-25(30)19-10-5-4-9-17(19)2/h4-7,9-14,18,27H,3,8,15-16H2,1-2H3,(H,26,30)_on_P51685_WT	High	ExCAPE-DB;ChEMBL31	16105844;ChEMBL31.compound.68498	CCCC(=O)N1CC(NS(=O)(=O)c2ccc(NC(=O)c3ccccc3C)c3ccccc23)C1	GTSAXRXSYRUOES-UHFFFAOYSA-N	InChI=1S/C25H27N3O4S/c1-3-8-24(29)28-15-18(16-28)27-33(31,32)23-14-13-22(20-11-6-7-12-21(20)23)26-25(30)19-10-5-4-9-17(19)2/h4-7,9-14,18,27H,3,8,15-16H2,1-2H3,(H,26,30)	"""AuxInfo=1/1/N:1,26,2,23,22,29,30,3,24,21,28,31,15,14,7,33,25,8,20,27,32,16,13,4,18,17,9,6,5,19,11,12,10/E:(15,16)(31,32)/CRV:33.6/rA:33CCCCONCCNSOOCCCCNCOCCCCCCCCCCCCCC/rB:s1;s2;s3;d4;s4;s6;s7;s8;s9;d10;d10;s10;d13;s14;d15;s16;s17;d18;s18;d20;s21;d22;s23;s20d24;s25;s16;d27;s28;d29;s30;s13s27d31;s6s8;/rC:;;;;;;;;;;;;;;;;;;;;;;;;;;;;;;;;;"""	P51685_WT	EntrezID:1237;ChEMBL:CHEMBL4596	P51685	WT	PubChemAID:277746;CHEMBL855762	PMID:17266208	2007.0	PubChemAID:277746;PMID:17266208	2010;2007	0	0	0	0;1	1;0		=	  7.293;  7.290	7.292	0.002	0.002	2.0	7.292	0.002	CCRs_HUMAN_annotated_05857	True
InChI=1S/C25H27N3O4S/c1-17-7-3-4-8-20(17)25(30)26-23-11-12-24(22-10-6-5-9-21(22)23)33(31,32)27-19-13-15-28(16-14-19)18(2)29/h3-12,19,27H,13-16H2,1-2H3,(H,26,30)_on_P51685_WT	High	ChEMBL31;ExCAPE-DB	ChEMBL31.compound.68514;16105803	CC(=O)N1CCC(NS(=O)(=O)c2ccc(NC(=O)c3c(C)cccc3)c3c2cccc3)CC1	NRPIUJMCMZZSCD-UHFFFAOYSA-N	InChI=1S/C25H27N3O4S/c1-17-7-3-4-8-20(17)25(30)26-23-11-12-24(22-10-6-5-9-21(22)23)33(31,32)27-19-13-15-28(16-14-19)18(2)29/h3-12,19,27H,13-16H2,1-2H3,(H,26,30)	"""AuxInfo=1/1/N:21,1,23,24,30,29,22,25,31,28,14,13,6,32,5,33,20,2,7,19,26,27,15,12,17,16,8,4,3,18,10,11,9/E:(13,14)(15,16)(31,32)/CRV:33.6/rA:33CCONCCCNSOOCCCCNCOCCCCCCCCCCCCCCC/rB:s1;d2;s2;s4;s5;s6;s7;s8;d9;d9;s9;d12;s13;d14;s15;s16;d17;s17;d19;s20;s20;d22;s23;s19d24;s15;s12d26;s27;d28;s29;s26d30;s7;s4s32;/rC:;;;;;;;;;;;;;;;;;;;;;;;;;;;;;;;;;"""	P51685_WT	ChEMBL:CHEMBL4596;EntrezID:1237	P51685	WT	CHEMBL855762;PubChemAID:277746	PMID:17266208	2007.0	PMID:17266208;PubChemAID:277746	2007;2010	0	0	0	1;0	0;1		=	  8.170;  8.174	8.172	0.002	0.002	2.0	8.172	0.002	CCRs_HUMAN_annotated_05858	True
InChI=1S/C25H27N3O5S/c1-2-33-25(30)28-15-13-20(14-16-28)27-34(31,32)21-12-11-18-9-6-10-23(22(18)17-21)26-24(29)19-7-4-3-5-8-19/h3-12,17,20,27H,2,13-16H2,1H3,(H,26,29)_on_P51685_WT	High	ExCAPE-DB;ChEMBL31	16105895;ChEMBL31.compound.68529	CCOC(=O)N1CCC(NS(=O)(=O)c2ccc3cccc(NC(=O)c4ccccc4)c3c2)CC1	RVSORAYPURWCNM-UHFFFAOYSA-N	InChI=1S/C25H27N3O5S/c1-2-33-25(30)28-15-13-20(14-16-28)27-34(31,32)21-12-11-18-9-6-10-23(22(18)17-21)26-24(29)19-7-4-3-5-8-19/h3-12,17,20,27H,2,13-16H2,1H3,(H,26,29)	"""AuxInfo=1/1/N:1,2,28,27,29,19,26,30,18,20,16,15,8,33,7,34,32,17,25,9,14,31,21,23,4,22,10,6,24,5,12,13,3,11/E:(4,5)(7,8)(13,14)(15,16)(31,32)/CRV:34.6/rA:34CCOCONCCCNSOOCCCCCCCCNCOCCCCCCCCCC/rB:s1;s2;s3;d4;s4;s6;s7;s8;s9;s10;d11;d11;s11;d14;s15;d16;s17;d18;s19;d20;s21;s22;d23;s23;d25;s26;d27;s28;s25d29;s17s21;s14d31;s9;s6s33;/rC:;;;;;;;;;;;;;;;;;;;;;;;;;;;;;;;;;;"""	P51685_WT	EntrezID:1237;ChEMBL:CHEMBL4596	P51685	WT	PubChemAID:277746;CHEMBL855762	PMID:17266208	2007.0	PubChemAID:277746;PMID:17266208	2010;2007	0	0	0	0;1	1;0		=	  5.692;  5.690	5.691	0.001	0.001	2.0	5.691	0.001	CCRs_HUMAN_annotated_05861	True
InChI=1S/C25H27N3O5S/c1-2-33-25(30)28-16-14-19(15-17-28)27-34(31,32)23-13-7-10-20-21(23)11-6-12-22(20)26-24(29)18-8-4-3-5-9-18/h3-13,19,27H,2,14-17H2,1H3,(H,26,29)_on_P51685_WT	High	ChEMBL31	ChEMBL31.compound.68530	CCOC(=O)N1CCC(NS(=O)(=O)c2cccc3c2cccc3NC(=O)c2ccccc2)CC1	JFSHHWXYMOFROK-UHFFFAOYSA-N	InChI=1S/C25H27N3O5S/c1-2-33-25(30)28-16-14-19(15-17-28)27-34(31,32)23-13-7-10-20-21(23)11-6-12-22(20)26-24(29)18-8-4-3-5-9-18/h3-13,19,27H,2,14-17H2,1H3,(H,26,29)	"""AuxInfo=1/1/N:1,2,30,29,31,21,16,28,32,17,20,22,15,8,33,7,34,27,9,18,19,23,14,25,4,24,10,6,26,5,12,13,3,11/E:(4,5)(8,9)(14,15)(16,17)(31,32)/CRV:34.6/rA:34CCOCONCCCNSOOCCCCCCCCCCNCOCCCCCCCC/rB:s1;s2;s3;d4;s4;s6;s7;s8;s9;s10;d11;d11;s11;d14;s15;d16;s17;s14d18;s19;d20;s21;s18d22;s23;s24;d25;s25;d27;s28;d29;s30;s27d31;s9;s6s33;/rC:;;;;;;;;;;;;;;;;;;;;;;;;;;;;;;;;;;"""	P51685_WT	ChEMBL:CHEMBL4596	P51685	WT	CHEMBL855762	PMID:17266208	2007.0	PMID:17266208	2007	0	0	0	1	0		=	  8.640	8.64	0.0	0.0	1.0	8.64	0.0	CCRs_HUMAN_annotated_05862	True
InChI=1S/C25H27N3O5S/c1-2-33-25(30)28-16-14-19(15-17-28)27-34(31,32)23-13-12-22(20-10-6-7-11-21(20)23)26-24(29)18-8-4-3-5-9-18/h3-13,19,27H,2,14-17H2,1H3,(H,26,29)_on_P51685_WT	High	ChEMBL31	ChEMBL31.compound.68491	CCOC(=O)N1CCC(NS(=O)(=O)c2ccc(NC(=O)c3ccccc3)c3c2cccc3)CC1	VPSUMVGLQZVOCZ-UHFFFAOYSA-N	InChI=1S/C25H27N3O5S/c1-2-33-25(30)28-16-14-19(15-17-28)27-34(31,32)23-13-12-22(20-10-6-7-11-21(20)23)26-24(29)18-8-4-3-5-9-18/h3-13,19,27H,2,14-17H2,1H3,(H,26,29)	"""AuxInfo=1/1/N:1,2,24,23,25,31,30,22,26,32,29,16,15,8,33,7,34,21,9,27,28,17,14,19,4,18,10,6,20,5,12,13,3,11/E:(4,5)(8,9)(14,15)(16,17)(31,32)/CRV:34.6/rA:34CCOCONCCCNSOOCCCCNCOCCCCCCCCCCCCCC/rB:s1;s2;s3;d4;s4;s6;s7;s8;s9;s10;d11;d11;s11;d14;s15;d16;s17;s18;d19;s19;d21;s22;d23;s24;s21d25;s17;s14d27;s28;d29;s30;s27d31;s9;s6s33;/rC:;;;;;;;;;;;;;;;;;;;;;;;;;;;;;;;;;;"""	P51685_WT	ChEMBL:CHEMBL4596	P51685	WT	CHEMBL855762	PMID:17266208	2007.0	PMID:17266208	2007	0	0	0	1	0		=	  9.770	9.77	0.0	0.0	1.0	9.77	0.0	CCRs_HUMAN_annotated_05863	True
InChI=1S/C25H27N3O5S/c1-17-6-2-3-7-19(17)25(31)26-22-10-11-23(21-9-5-4-8-20(21)22)34(32,33)27-18-12-14-28(15-13-18)24(30)16-29/h2-11,18,27,29H,12-16H2,1H3,(H,26,31)_on_P51685_WT	High	ChEMBL31	ChEMBL31.compound.68511	Cc1c(C(=O)Nc2ccc(S(=O)(=O)NC3CCN(C(=O)CO)CC3)c3c2cccc3)cccc1	DOACUNOCKVLWFV-UHFFFAOYSA-N	InChI=1S/C25H27N3O5S/c1-17-6-2-3-7-19(17)25(31)26-22-10-11-23(21-9-5-4-8-20(21)22)34(32,33)27-18-12-14-28(15-13-18)24(30)16-29/h2-11,18,27,29H,12-16H2,1H3,(H,26,31)	"""AuxInfo=1/1/N:1,33,32,28,29,34,31,27,30,8,9,16,24,17,23,21,2,15,3,26,25,7,10,19,4,6,14,18,22,20,5,12,13,11/E:(12,13)(14,15)(32,33)/CRV:34.6/rA:34CCCCONCCCCSOONCCCNCOCOCCCCCCCCCCCC/rB:s1;d2;s3;d4;s4;s6;d7;s8;d9;s10;d11;d11;s11;s14;s15;s16;s17;s18;d19;s19;s21;s18;s15s23;s10;s7d25;s26;d27;s28;s25d29;s3;d31;s32;s2d33;/rC:;;;;;;;;;;;;;;;;;;;;;;;;;;;;;;;;;;"""	P51685_WT	ChEMBL:CHEMBL4596	P51685	WT	CHEMBL855762	PMID:17266208	2007.0	PMID:17266208	2007	0	0	0	1	0		=	  8.270	8.27	0.0	0.0	1.0	8.27	0.0	CCRs_HUMAN_annotated_05864	True
InChI=1S/C25H28Cl2N4O6S/c1-28-38(35,36)18-3-4-19-20(11-18)24(33)30-13-21(19)25(34)29-12-15(32)14-31-8-6-16(7-9-31)37-17-2-5-22(26)23(27)10-17/h2-5,10-11,13,15-16,28,32H,6-9,12,14H2,1H3,(H,29,34)(H,30,33)/t15-/m1/s1_on_P51677_WT	High	ExCAPE-DB;ChEMBL31	59296048;ChEMBL31.compound.196169	CNS(=O)(=O)c1cc2c(cc1)c(C(=O)NC[C@@H](O)CN1CCC(Oc3cc(Cl)c(Cl)cc3)CC1)cnc2O	AMEQLQYPRVOFMB-OAHLLOKOSA-N	InChI=1S/C25H28Cl2N4O6S/c1-28-38(35,36)18-3-4-19-20(11-18)24(33)30-13-21(19)25(34)29-12-15(32)14-31-8-6-16(7-9-31)37-17-2-5-22(26)23(27)10-17/h2-5,10-11,13,15-16,28,32H,6-9,12,14H2,1H3,(H,29,34)(H,30,33)/t15-/m1/s1	"""AuxInfo=1/1/N:1,32,11,10,31,22,33,21,34,26,7,16,35,19,17,23,25,6,9,8,12,29,27,37,13,30,28,2,15,36,20,18,38,14,4,5,24,3/E:(6,7)(8,9)(35,36)/it:im/CRV:38.6/rA:38CNSOOCCCCCCCCONCC.oOCNCCCOCCCClCClCCCCCNCO/rB:s1;s2;d3;d3;s3;d6;s7;d8;s9;s6d10;s9;s12;d13;s13;s15;s16;s17;s17;s19;s20;s21;s22;s23;s24;d25;s26;s27;d27;s29;s29;s25d31;s23;s20s33;d12;s35;s8d36;s37;/rC:;;;;;;;;;;;;;;;;;;;;;;;;;;;;;;;;;;;;;;"""	P51677_WT	EntrezID:1232;ChEMBL:CHEMBL3473	P51677	WT	PubChemAID:716956;CHEMBL2215147	PMID:23116889	2012.0	PubChemAID:716956;PMID:23116889	2013;2012	0	0	0	0;1	1;0		=	  8.400;  8.400	8.4	0.0	0.0	2.0	8.4	0.0	CCRs_HUMAN_annotated_05906	True
InChI=1S/C25H28N2O5S/c1-2-31-25(28)27-16-14-20(15-17-27)26-33(29,30)24-13-12-23(21-10-6-7-11-22(21)24)32-18-19-8-4-3-5-9-19/h3-13,20,26H,2,14-18H2,1H3_on_P51685_WT	High	ChEMBL31;ExCAPE-DB	ChEMBL31.compound.68487;16105840	CCOC(=O)N1CCC(NS(=O)(=O)c2ccc(OCc3ccccc3)c3c2cccc3)CC1	LWQBKOSBMCBUHQ-UHFFFAOYSA-N	InChI=1S/C25H28N2O5S/c1-2-31-25(28)27-16-14-20(15-17-27)26-33(29,30)24-13-12-23(21-10-6-7-11-22(21)24)32-18-19-8-4-3-5-9-19/h3-13,20,26H,2,14-18H2,1H3	"""AuxInfo=1/0/N:1,2,23,22,24,30,29,21,25,31,28,16,15,8,32,7,33,19,20,9,26,27,17,14,4,10,6,5,12,13,3,18,11/E:(4,5)(8,9)(14,15)(16,17)(29,30)/CRV:33.6/rA:33CCOCONCCCNSOOCCCCOCCCCCCCCCCCCCCC/rB:s1;s2;s3;d4;s4;s6;s7;s8;s9;s10;d11;d11;s11;d14;s15;d16;s17;s18;s19;d20;s21;d22;s23;s20d24;s17;s14d26;s27;d28;s29;s26d30;s9;s6s32;/rC:;;;;;;;;;;;;;;;;;;;;;;;;;;;;;;;;;"""	P51685_WT	ChEMBL:CHEMBL4596;EntrezID:1237	P51685	WT	CHEMBL855762;PubChemAID:277746	PMID:17266208	2007.0	PMID:17266208;PubChemAID:277746	2007;2010	0	0	0	1;0	0;1		=	  7.420;  7.421	7.421	0.0	0.0	2.0	7.421	0.001	CCRs_HUMAN_annotated_05949	True
InChI=1S/C25H28N4O4S/c1-2-6-24(30)29-15-12-19(13-16-29)28-34(32,33)23-11-10-22(20-8-3-4-9-21(20)23)27-25(31)18-7-5-14-26-17-18/h3-5,7-11,14,17,19,28H,2,6,12-13,15-16H2,1H3,(H,27,31)_on_P51685_WT	High	ChEMBL31;ExCAPE-DB	ChEMBL31.compound.68541;16105866	CCCC(=O)N1CCC(NS(=O)(=O)c2ccc(NC(=O)c3cnccc3)c3c2cccc3)CC1	GZQRNMNMUFHNJZ-UHFFFAOYSA-N	InChI=1S/C25H28N4O4S/c1-2-6-24(30)29-15-12-19(13-16-29)28-34(32,33)23-11-10-22(20-8-3-4-9-21(20)23)27-25(31)18-7-5-14-26-17-18/h3-5,7-11,14,17,19,28H,2,6,12-13,15-16H2,1H3,(H,27,31)	"""AuxInfo=1/1/N:1,2,31,30,25,3,26,32,29,16,15,8,33,24,7,34,22,21,9,27,28,17,14,4,19,23,18,10,6,5,20,12,13,11/E:(12,13)(15,16)(32,33)/CRV:34.6/rA:34CCCCONCCCNSOOCCCCNCOCCNCCCCCCCCCCC/rB:s1;s2;s3;d4;s4;s6;s7;s8;s9;s10;d11;d11;s11;d14;s15;d16;s17;s18;d19;s19;d21;s22;d23;s24;s21d25;s17;s14d27;s28;d29;s30;s27d31;s9;s6s33;/rC:;;;;;;;;;;;;;;;;;;;;;;;;;;;;;;;;;;"""	P51685_WT	ChEMBL:CHEMBL4596;EntrezID:1237	P51685	WT	CHEMBL855766;PubChemAID:277748	PMID:17266208	2007.0	PMID:17266208;PubChemAID:277748	2007;2010	1;0	0	0	0	0;1		=	  6.050;  6.053	6.051	0.002	0.002	2.0	6.051	0.002	CCRs_HUMAN_annotated_05953	True
InChI=1S/C25H28N4O4S/c1-2-7-24(30)29-16-13-18(14-17-29)28-34(32,33)23-12-11-21(19-8-3-4-9-20(19)23)27-25(31)22-10-5-6-15-26-22/h3-6,8-12,15,18,28H,2,7,13-14,16-17H2,1H3,(H,27,31)_on_P51685_WT	High	ChEMBL31	ChEMBL31.compound.68542	CCCC(=O)N1CCC(NS(=O)(=O)c2ccc(NC(=O)c3ncccc3)c3c2cccc3)CC1	QRBRZQLDYOKWNP-UHFFFAOYSA-N	InChI=1S/C25H28N4O4S/c1-2-7-24(30)29-16-13-18(14-17-29)28-34(32,33)23-12-11-21(19-8-3-4-9-20(19)23)27-25(31)22-10-5-6-15-26-22/h3-6,8-12,15,18,28H,2,7,13-14,16-17H2,1H3,(H,27,31)	"""AuxInfo=1/1/N:1,2,31,30,25,24,3,32,29,26,16,15,8,33,23,7,34,9,27,28,17,21,14,4,19,22,18,10,6,5,20,12,13,11/E:(13,14)(16,17)(32,33)/CRV:34.6/rA:34CCCCONCCCNSOOCCCCNCOCNCCCCCCCCCCCC/rB:s1;s2;s3;d4;s4;s6;s7;s8;s9;s10;d11;d11;s11;d14;s15;d16;s17;s18;d19;s19;d21;s22;d23;s24;s21d25;s17;s14d27;s28;d29;s30;s27d31;s9;s6s33;/rC:;;;;;;;;;;;;;;;;;;;;;;;;;;;;;;;;;;"""	P51685_WT	ChEMBL:CHEMBL4596	P51685	WT	CHEMBL855766	PMID:17266208	2007.0	PMID:17266208	2007	1	0	0	0	0		=	  7.380	7.38	0.0	0.0	1.0	7.38	0.0	CCRs_HUMAN_annotated_05954	True
InChI=1S/C25H28N4O4S/c1-17-6-2-3-7-19(17)25(31)27-22-10-11-23(21-9-5-4-8-20(21)22)34(32,33)28-18-12-14-29(15-13-18)24(30)16-26/h2-11,18,28H,12-16,26H2,1H3,(H,27,31)_on_P51685_WT	High	ChEMBL31	ChEMBL31.compound.68509	Cc1c(C(=O)Nc2ccc(S(=O)(=O)NC3CCN(C(=O)CN)CC3)c3c2cccc3)cccc1	UJTIDXNZRJUKLM-UHFFFAOYSA-N	InChI=1S/C25H28N4O4S/c1-17-6-2-3-7-19(17)25(31)27-22-10-11-23(21-9-5-4-8-20(21)22)34(32,33)28-18-12-14-29(15-13-18)24(30)16-26/h2-11,18,28H,12-16,26H2,1H3,(H,27,31)	"""AuxInfo=1/1/N:1,33,32,28,29,34,31,27,30,8,9,16,24,17,23,21,2,15,3,26,25,7,10,19,4,22,6,14,18,20,5,12,13,11/E:(12,13)(14,15)(32,33)/CRV:34.6/rA:34CCCCONCCCCSOONCCCNCOCNCCCCCCCCCCCC/rB:s1;d2;s3;d4;s4;s6;d7;s8;d9;s10;d11;d11;s11;s14;s15;s16;s17;s18;d19;s19;s21;s18;s15s23;s10;s7d25;s26;d27;s28;s25d29;s3;d31;s32;s2d33;/rC:;;;;;;;;;;;;;;;;;;;;;;;;;;;;;;;;;;"""	P51685_WT	ChEMBL:CHEMBL4596	P51685	WT	CHEMBL855762	PMID:17266208	2007.0	PMID:17266208	2007	0	0	0	1	0		=	  8.390	8.39	0.0	0.0	1.0	8.39	0.0	CCRs_HUMAN_annotated_05955	True
InChI=1S/C25H28N4O4S/c1-17-7-3-4-8-19(17)24(30)27-22-11-12-23(21-10-6-5-9-20(21)22)34(32,33)28-18-13-15-29(16-14-18)25(31)26-2/h3-12,18,28H,13-16H2,1-2H3,(H,26,31)(H,27,30)_on_P51685_WT	High	ExCAPE-DB;ChEMBL31	11754900;ChEMBL31.compound.68527	CNC(=O)N1CCC(NS(=O)(=O)c2ccc(NC(=O)c3ccccc3C)c3ccccc23)CC1	SYWOHCXHUUSVLW-UHFFFAOYSA-N	InChI=1S/C25H28N4O4S/c1-17-7-3-4-8-19(17)24(30)27-22-11-12-23(21-10-6-5-9-20(21)22)34(32,33)28-18-13-15-29(16-14-18)25(31)26-2/h3-12,18,28H,13-16H2,1-2H3,(H,26,31)(H,27,30)	"""AuxInfo=1/1/N:26,1,23,22,29,30,24,21,28,31,15,14,7,33,6,34,25,8,20,27,32,16,13,18,3,2,17,9,5,19,4,11,12,10/E:(13,14)(15,16)(32,33)/CRV:34.6/rA:34CNCONCCCNSOOCCCCNCOCCCCCCCCCCCCCCC/rB:s1;s2;d3;s3;s5;s6;s7;s8;s9;d10;d10;s10;d13;s14;d15;s16;s17;d18;s18;d20;s21;d22;s23;s20d24;s25;s16;d27;s28;d29;s30;s13s27d31;s8;s5s33;/rC:;;;;;;;;;;;;;;;;;;;;;;;;;;;;;;;;;;"""	P51685_WT	EntrezID:1237;ChEMBL:CHEMBL4596	P51685	WT	PubChemAID:277746;CHEMBL855762	PMID:17266208	2007.0	PubChemAID:277746;PMID:17266208	2010;2007	0	0	0	0;1	1;0		=	  9.155;  9.150	9.152	0.002	0.002	2.0	9.152	0.002	CCRs_HUMAN_annotated_05956	True
InChI=1S/C25H29N3O4S/c1-2-32-25(29)28-16-14-20(15-17-28)27-33(30,31)24-13-12-23(21-10-6-7-11-22(21)24)26-18-19-8-4-3-5-9-19/h3-13,20,26-27H,2,14-18H2,1H3_on_P51685_WT	High	ExCAPE-DB;ChEMBL31	44419031;ChEMBL31.compound.68485	CCOC(=O)N1CCC(NS(=O)(=O)c2ccc(NCc3ccccc3)c3ccccc23)CC1	UMUZDXSYISWZQG-UHFFFAOYSA-N	InChI=1S/C25H29N3O4S/c1-2-32-25(29)28-16-14-20(15-17-28)27-33(30,31)24-13-12-23(21-10-6-7-11-22(21)24)26-18-19-8-4-3-5-9-19/h3-13,20,26-27H,2,14-18H2,1H3	"""AuxInfo=1/0/N:1,2,23,22,24,28,29,21,25,27,30,16,15,8,32,7,33,19,20,9,26,31,17,14,4,18,10,6,5,12,13,3,11/E:(4,5)(8,9)(14,15)(16,17)(30,31)/CRV:33.6/rA:33CCOCONCCCNSOOCCCCNCCCCCCCCCCCCCCC/rB:s1;s2;s3;d4;s4;s6;s7;s8;s9;s10;d11;d11;s11;d14;s15;d16;s17;s18;s19;d20;s21;d22;s23;s20d24;s17;d26;s27;d28;s29;s14s26d30;s9;s6s32;/rC:;;;;;;;;;;;;;;;;;;;;;;;;;;;;;;;;;"""	P51685_WT	EntrezID:1237;ChEMBL:CHEMBL4596	P51685	WT	PubChemAID:277746;CHEMBL855762	PMID:17266208	2007.0	PubChemAID:277746;PMID:17266208	2010;2007	0	0	0	0;1	1;0		=	  7.341;  7.340	7.341	0.001	0.001	2.0	7.341	0.001	CCRs_HUMAN_annotated_06057	True
InChI=1S/C25H31Cl2N3O4S/c1-17-3-5-21(6-4-17)35(32,33)28-25(31)30-13-9-19(10-14-30)29-15-11-20(12-16-29)34-23-8-7-22(26)18(2)24(23)27/h3-8,19-20H,9-16H2,1-2H3,(H,28,31)_on_P51677_WT	High	ChEMBL31	ChEMBL31.compound.191505	Cc1ccc(S(=O)(=O)NC(=O)N2CCC(N3CCC(Oc4ccc(Cl)c(C)c4Cl)CC3)CC2)cc1	HFWLILWGBZWYRI-UHFFFAOYSA-N	InChI=1S/C25H31Cl2N3O4S/c1-17-3-5-21(6-4-17)35(32,33)28-25(31)30-13-9-19(10-14-30)29-15-11-20(12-16-29)34-23-8-7-22(26)18(2)24(23)27/h3-8,19-20H,9-16H2,1-2H3,(H,28,31)	"""AuxInfo=1/1/N:1,27,3,35,4,34,23,22,14,32,18,30,13,33,17,31,2,26,15,19,5,24,21,28,10,25,29,9,16,12,11,7,8,20,6/E:(3,4)(5,6)(9,10)(11,12)(13,14)(15,16)(32,33)/CRV:35.6/rA:35CCCCCSOONCONCCCNCCCOCCCCClCCCClCCCCCC/rB:s1;d2;s3;d4;s5;d6;d6;s6;s9;d10;s10;s12;s13;s14;s15;s16;s17;s18;s19;s20;d21;s22;d23;s24;s24;s26;s21d26;s28;s19;s16s30;s15;s12s32;s5;s2d34;/rC:;;;;;;;;;;;;;;;;;;;;;;;;;;;;;;;;;;;"""	P51677_WT	ChEMBL:CHEMBL3473	P51677	WT	CHEMBL2173970	PMID:23031591	2012.0	PMID:23031591	2012	0	0	0	1	0		=	  9.200	9.2	0.0	0.0	1.0	9.2	0.0	CCRs_HUMAN_annotated_06194	True
InChI=1S/C25H32BrClN6O4S/c1-5-25(6-2,33-13-16(3)37-17(4)14-33)32-38(35,36)23-19(27)11-12-21(22(23)34)31-24(29-15-28)30-20-10-8-7-9-18(20)26/h7-12,16-17,32,34H,5-6,13-14H2,1-4H3,(H2,29,30,31)/t16-,17+_on_P25024_WT	High	ChEMBL31	ChEMBL31.compound.67199	CCC(CC)(NS(=O)(=O)c1c(Cl)ccc(N=C(NC#N)Nc2c(Br)cccc2)c1O)N1C[C@H](C)O[C@H](C)C1	DNQSYCVLRVJIIH-CALCHBBNSA-N	InChI=1S/C25H32BrClN6O4S/c1-5-25(6-2,33-13-16(3)37-17(4)14-33)32-38(35,36)23-19(27)11-12-21(22(23)34)31-24(29-15-28)30-20-10-8-7-9-18(20)26/h7-12,16-17,32,34H,5-6,13-14H2,1-4H3,(H2,29,30,31)/t16-,17+	"""AuxInfo=1/1/N:1,5,34,37,2,4,26,27,25,28,13,14,32,38,19,33,36,23,11,22,15,29,10,17,3,24,12,20,18,21,16,6,31,30,8,9,35,7/E:(1,2)(3,4)(5,6)(13,14)(16,17)(35,36)/CRV:38.6/rA:38CCCCCNSOOCCClCCCNCNCNNCCBrCCCCCONCC.eCOC.eCC/rB:s1;s2;s3;s4;s3;s6;d7;d7;s7;d10;s11;s11;d13;s14;s15;w?16;s17;s18;t19;s17;s21;d22;s23;s23;d25;s26;s22d27;s10d15;s29;s3;s31;s32;s33;s33;s35;s36;s31s36;/rC:;;;;;;;;;;;;;;;;;;;;;;;;;;;;;;;;;;;;;;"""	P25024_WT	ChEMBL:CHEMBL4029	P25024	WT	CHEMBL908414	PMID:16934456	2006.0	PMID:16934456	2006	1	0	0	0	0		=	  6.670	6.67	0.0	0.0	1.0	6.67	0.0	CCRs_HUMAN_annotated_06327	True
InChI=1S/C25H32BrClN6O4S/c1-5-25(6-2,33-13-16(3)37-17(4)14-33)32-38(35,36)23-19(27)11-12-21(22(23)34)31-24(29-15-28)30-20-10-8-7-9-18(20)26/h7-12,16-17,32,34H,5-6,13-14H2,1-4H3,(H2,29,30,31)/t16-,17+_on_P25025_WT	High	ChEMBL31	ChEMBL31.compound.67199	CCC(CC)(NS(=O)(=O)c1c(Cl)ccc(N=C(NC#N)Nc2c(Br)cccc2)c1O)N1C[C@H](C)O[C@H](C)C1	DNQSYCVLRVJIIH-CALCHBBNSA-N	InChI=1S/C25H32BrClN6O4S/c1-5-25(6-2,33-13-16(3)37-17(4)14-33)32-38(35,36)23-19(27)11-12-21(22(23)34)31-24(29-15-28)30-20-10-8-7-9-18(20)26/h7-12,16-17,32,34H,5-6,13-14H2,1-4H3,(H2,29,30,31)/t16-,17+	"""AuxInfo=1/1/N:1,5,34,37,2,4,26,27,25,28,13,14,32,38,19,33,36,23,11,22,15,29,10,17,3,24,12,20,18,21,16,6,31,30,8,9,35,7/E:(1,2)(3,4)(5,6)(13,14)(16,17)(35,36)/CRV:38.6/rA:38CCCCCNSOOCCClCCCNCNCNNCCBrCCCCCONCC.eCOC.eCC/rB:s1;s2;s3;s4;s3;s6;d7;d7;s7;d10;s11;s11;d13;s14;s15;w?16;s17;s18;t19;s17;s21;d22;s23;s23;d25;s26;s22d27;s10d15;s29;s3;s31;s32;s33;s33;s35;s36;s31s36;/rC:;;;;;;;;;;;;;;;;;;;;;;;;;;;;;;;;;;;;;;"""	P25025_WT	ChEMBL:CHEMBL2434	P25025	WT	CHEMBL908413	PMID:16934456	2006.0	PMID:16934456	2006	1	0	0	0	0		=	  8.050	8.05	0.0	0.0	1.0	8.05	0.0	CCRs_HUMAN_annotated_06328	True
InChI=1S/C25H32Cl2N4O4S/c1-29(2)18-3-6-22(7-4-18)36(33,34)28-25(32)31-13-9-19(10-14-31)30-15-11-20(12-16-30)35-21-5-8-23(26)24(27)17-21/h3-8,17,19-20H,9-16H2,1-2H3,(H,28,32)_on_P51677_WT	High	ChEMBL31	ChEMBL31.compound.191515	CN(C)c1ccc(S(=O)(=O)NC(=O)N2CCC(N3CCC(Oc4ccc(Cl)c(Cl)c4)CC3)CC2)cc1	GDRRHBZSXZXDLL-UHFFFAOYSA-N	InChI=1S/C25H32Cl2N4O4S/c1-29(2)18-3-6-22(7-4-18)36(33,34)28-25(32)31-13-9-19(10-14-31)30-15-11-20(12-16-30)35-21-5-8-23(26)24(27)17-21/h3-8,17,19-20H,9-16H2,1-2H3,(H,28,32)	"""AuxInfo=1/1/N:1,3,5,36,24,6,35,25,16,33,20,31,15,34,19,32,30,4,17,21,23,7,26,28,12,27,29,11,2,18,14,13,9,10,22,8/E:(1,2)(3,4)(6,7)(9,10)(11,12)(13,14)(15,16)(33,34)/CRV:36.6/rA:36CNCCCCCSOONCONCCCNCCCOCCCCClCClCCCCCCC/rB:s1;s2;s2;d4;s5;d6;s7;d8;d8;s8;s11;d12;s12;s14;s15;s16;s17;s18;s19;s20;s21;s22;d23;s24;d25;s26;s26;s28;s23d28;s21;s18s31;s17;s14s33;s7;s4d35;/rC:;;;;;;;;;;;;;;;;;;;;;;;;;;;;;;;;;;;;"""	P51677_WT	ChEMBL:CHEMBL3473	P51677	WT	CHEMBL2173970	PMID:23031591	2012.0	PMID:23031591	2012	0	0	0	1	0		=	  7.300	7.3	0.0	0.0	1.0	7.3	0.0	CCRs_HUMAN_annotated_06335	True
InChI=1S/C25H32Cl2N4O4S/c1-29(2)23-5-3-4-6-24(23)36(33,34)28-25(32)31-13-9-18(10-14-31)30-15-11-19(12-16-30)35-20-7-8-21(26)22(27)17-20/h3-8,17-19H,9-16H2,1-2H3,(H,28,32)_on_P51677_WT	High	ChEMBL31;ExCAPE-DB	ChEMBL31.compound.191511;71453505	CN(C)c1c(S(=O)(=O)NC(=O)N2CCC(N3CCC(Oc4ccc(Cl)c(Cl)c4)CC3)CC2)cccc1	GSQPHXFZLYFUQD-UHFFFAOYSA-N	InChI=1S/C25H32Cl2N4O4S/c1-29(2)23-5-3-4-6-24(23)36(33,34)28-25(32)31-13-9-18(10-14-31)30-15-11-19(12-16-30)35-20-7-8-21(26)22(27)17-20/h3-8,17-19H,9-16H2,1-2H3,(H,28,32)	"""AuxInfo=1/1/N:1,3,35,34,36,33,22,23,14,31,18,29,13,32,17,30,28,15,19,21,24,26,4,5,10,25,27,9,2,16,12,11,7,8,20,6/E:(1,2)(9,10)(11,12)(13,14)(15,16)(33,34)/CRV:36.6/rA:36CNCCCSOONCONCCCNCCCOCCCCClCClCCCCCCCCC/rB:s1;s2;s2;d4;s5;d6;d6;s6;s9;d10;s10;s12;s13;s14;s15;s16;s17;s18;s19;s20;d21;s22;d23;s24;s24;s26;s21d26;s19;s16s29;s15;s12s31;s5;d33;s34;s4d35;/rC:;;;;;;;;;;;;;;;;;;;;;;;;;;;;;;;;;;;;"""	P51677_WT	ChEMBL:CHEMBL3473;EntrezID:1232	P51677	WT	CHEMBL2173970;PubChemAID:701276	PMID:23031591	2012.0	PMID:23031591;PubChemAID:701276	2012;2013	0	0	0	1;0	0;1		=	  7.500;  7.500	7.5	0.0	0.0	2.0	7.5	0.0	CCRs_HUMAN_annotated_06336	True
InChI=1S/C25H32ClN3O4S/c1-18-3-6-23(7-4-18)34(31,32)27-25(30)29-13-9-21(10-14-29)28-15-11-22(12-16-28)33-24-8-5-20(26)17-19(24)2/h3-8,17,21-22H,9-16H2,1-2H3,(H,27,30)_on_P51677_WT	High	ExCAPE-DB;ChEMBL31	17963226;ChEMBL31.compound.191504	Cc1ccc(S(=O)(=O)NC(=O)N2CCC(N3CCC(Oc4ccc(Cl)cc4C)CC3)CC2)cc1	IGXXJZSHANKJAD-UHFFFAOYSA-N	InChI=1S/C25H32ClN3O4S/c1-18-3-6-23(7-4-18)34(31,32)27-25(30)29-13-9-21(10-14-29)28-15-11-22(12-16-28)33-24-8-5-20(26)17-19(24)2/h3-8,17,21-22H,9-16H2,1-2H3,(H,27,30)	"""AuxInfo=1/1/N:1,28,3,34,23,4,33,22,14,31,18,29,13,32,17,30,26,2,27,24,15,19,5,21,10,25,9,16,12,11,7,8,20,6/E:(3,4)(6,7)(9,10)(11,12)(13,14)(15,16)(31,32)/CRV:34.6/rA:34CCCCCSOONCONCCCNCCCOCCCCClCCCCCCCCC/rB:s1;d2;s3;d4;s5;d6;d6;s6;s9;d10;s10;s12;s13;s14;s15;s16;s17;s18;s19;s20;d21;s22;d23;s24;s24;s21d26;s27;s19;s16s29;s15;s12s31;s5;s2d33;/rC:;;;;;;;;;;;;;;;;;;;;;;;;;;;;;;;;;;"""	P51677_WT	EntrezID:1232;ChEMBL:CHEMBL3473	P51677	WT	PubChemAID:701276;CHEMBL2173970	PMID:23031591	2012.0	PubChemAID:701276;PMID:23031591	2013;2012	0	0	0	0;1	1;0		=	  8.100;  8.100	8.1	0.0	0.0	2.0	8.1	0.0	CCRs_HUMAN_annotated_06363	True
InChI=1S/C25H33N3O4S/c1-2-7-24(29)28-16-14-19(15-17-28)27-33(31,32)23-13-12-22(20-10-5-6-11-21(20)23)26-25(30)18-8-3-4-9-18/h5-6,10-13,18-19,27H,2-4,7-9,14-17H2,1H3,(H,26,30)_on_P51685_WT	High	ChEMBL31	ChEMBL31.compound.68537	CCCC(=O)N1CCC(NS(=O)(=O)c2ccc(NC(=O)C3CCCC3)c3c2cccc3)CC1	UEPSIVUUIZKFBU-UHFFFAOYSA-N	InChI=1S/C25H33N3O4S/c1-2-7-24(29)28-16-14-19(15-17-28)27-33(31,32)23-13-12-22(20-10-5-6-11-21(20)23)26-25(30)18-8-3-4-9-18/h5-6,10-13,18-19,27H,2-4,7-9,14-17H2,1H3,(H,26,30)	"""AuxInfo=1/1/N:1,2,23,24,30,29,3,22,25,31,28,16,15,8,32,7,33,21,9,26,27,17,14,4,19,18,10,6,5,20,12,13,11/E:(3,4)(8,9)(14,15)(16,17)(31,32)/CRV:33.6/rA:33CCCCONCCCNSOOCCCCNCOCCCCCCCCCCCCC/rB:s1;s2;s3;d4;s4;s6;s7;s8;s9;s10;d11;d11;s11;d14;s15;d16;s17;s18;d19;s19;s21;s22;s23;s21s24;s17;s14d26;s27;d28;s29;s26d30;s9;s6s32;/rC:;;;;;;;;;;;;;;;;;;;;;;;;;;;;;;;;;"""	P51685_WT	ChEMBL:CHEMBL4596	P51685	WT	CHEMBL855766	PMID:17266208	2007.0	PMID:17266208	2007	1	0	0	0	0		=	  6.440	6.44	0.0	0.0	1.0	6.44	0.0	CCRs_HUMAN_annotated_06508	True
InChI=1S/C25H33N3O5S/c1-2-5-24(29)28-14-10-19(11-15-28)27-34(31,32)23-9-8-22(20-6-3-4-7-21(20)23)26-25(30)18-12-16-33-17-13-18/h3-4,6-9,18-19,27H,2,5,10-17H2,1H3,(H,26,30)_on_P51685_WT	High	ChEMBL31	ChEMBL31.compound.68534	CCCC(=O)N1CCC(NS(=O)(=O)c2ccc(NC(=O)C3CCOCC3)c3c2cccc3)CC1	UOMKWROAWZKZLC-UHFFFAOYSA-N	InChI=1S/C25H33N3O5S/c1-2-5-24(29)28-14-10-19(11-15-28)27-34(31,32)23-9-8-22(20-6-3-4-7-21(20)23)26-25(30)18-12-16-33-17-13-18/h3-4,6-9,18-19,27H,2,5,10-17H2,1H3,(H,26,30)	"""AuxInfo=1/1/N:1,2,31,30,3,32,29,16,15,8,33,22,26,7,34,23,25,21,9,27,28,17,14,4,19,18,10,6,5,20,12,13,24,11/E:(10,11)(12,13)(14,15)(16,17)(31,32)/CRV:34.6/rA:34CCCCONCCCNSOOCCCCNCOCCCOCCCCCCCCCC/rB:s1;s2;s3;d4;s4;s6;s7;s8;s9;s10;d11;d11;s11;d14;s15;d16;s17;s18;d19;s19;s21;s22;s23;s24;s21s25;s17;s14d27;s28;d29;s30;s27d31;s9;s6s33;/rC:;;;;;;;;;;;;;;;;;;;;;;;;;;;;;;;;;;"""	P51685_WT	ChEMBL:CHEMBL4596	P51685	WT	CHEMBL855766	PMID:17266208	2007.0	PMID:17266208	2007	1	0	0	0	0		=	  6.690	6.69	0.0	0.0	1.0	6.69	0.0	CCRs_HUMAN_annotated_06512	True
InChI=1S/C25H33N3O5S/c1-2-33-25(30)28-16-14-19(15-17-28)27-34(31,32)23-13-12-22(20-10-6-7-11-21(20)23)24(29)26-18-8-4-3-5-9-18/h6-7,10-13,18-19,27H,2-5,8-9,14-17H2,1H3,(H,26,29)_on_P51685_WT	High	ExCAPE-DB;ChEMBL31	11329260;ChEMBL31.compound.68489	CCOC(=O)N1CCC(NS(=O)(=O)c2ccc(C(=O)NC3CCCCC3)c3ccccc23)CC1	WNAQDGAJYADFFI-UHFFFAOYSA-N	InChI=1S/C25H33N3O5S/c1-2-33-25(30)28-16-14-19(15-17-28)27-34(31,32)23-13-12-22(20-10-6-7-11-21(20)23)24(29)26-18-8-4-3-5-9-18/h6-7,10-13,18-19,27H,2-5,8-9,14-17H2,1H3,(H,26,29)	"""AuxInfo=1/1/N:1,2,24,23,25,29,30,22,26,28,31,16,15,8,33,7,34,21,9,27,32,17,14,18,4,20,10,6,19,5,12,13,3,11/E:(4,5)(8,9)(14,15)(16,17)(31,32)/CRV:34.6/rA:34CCOCONCCCNSOOCCCCCONCCCCCCCCCCCCCC/rB:s1;s2;s3;d4;s4;s6;s7;s8;s9;s10;d11;d11;s11;d14;s15;d16;s17;d18;s18;s20;s21;s22;s23;s24;s21s25;s17;d27;s28;d29;s30;s14s27d31;s9;s6s33;/rC:;;;;;;;;;;;;;;;;;;;;;;;;;;;;;;;;;;"""	P51685_WT	EntrezID:1237;ChEMBL:CHEMBL4596	P51685	WT	PubChemAID:277746;CHEMBL855762	PMID:17266208	2007.0	PubChemAID:277746;PMID:17266208	2010;2007	0	0	0	0;1	1;0		=	  8.022;  8.020	8.021	0.001	0.001	2.0	8.021	0.001	CCRs_HUMAN_annotated_06513	True
InChI=1S/C25H35N3O4S/c1-4-9-24(29)28-16-14-19(15-17-28)27-33(31,32)23-13-12-22(20-10-7-8-11-21(20)23)26-25(30)18(5-2)6-3/h7-8,10-13,18-19,27H,4-6,9,14-17H2,1-3H3,(H,26,30)_on_P51685_WT	High	ExCAPE-DB	16105786	CCCC(=O)N1CCC(NS(=O)(=O)c2ccc(NC(=O)C(CC)CC)c3c2cccc3)CC1	FQDIUMUUJRYNSD-UHFFFAOYSA-N	InChI=1S/C25H35N3O4S/c1-4-9-24(29)28-16-14-19(15-17-28)27-33(31,32)23-13-12-22(20-10-7-8-11-21(20)23)26-25(30)18(5-2)6-3/h7-8,10-13,18-19,27H,4-6,9,14-17H2,1-3H3,(H,26,30)	"""AuxInfo=1/1/N:1,23,25,2,22,24,30,29,3,31,28,16,15,8,32,7,33,21,9,26,27,17,14,4,19,18,10,6,5,20,12,13,11/E:(2,3)(5,6)(14,15)(16,17)(31,32)/CRV:33.6/rA:33CCCCONCCCNSOOCCCCNCOCCCCCCCCCCCCC/rB:s1;s2;s3;d4;s4;s6;s7;s8;s9;s10;d11;d11;s11;d14;s15;d16;s17;s18;d19;s19;s21;s22;s21;s24;s17;s14d26;s27;d28;s29;s26d30;s9;s6s32;/rC:;;;;;;;;;;;;;;;;;;;;;;;;;;;;;;;;;"""	P51685_WT	EntrezID:1237	P51685	WT	PubChemAID:277748	PubChemAID:277748	2010.0	PubChemAID:277748	2010	0	0	0	0	1		=	  6.195	6.195	0.0	0.0	1.0	6.195	0.0	CCRs_HUMAN_annotated_06619	True
InChI=1S/C25H35N3O4S/c1-5-8-24(30)28-15-13-18(14-16-28)27-33(31,32)22-12-11-21(19-9-6-7-10-20(19)22)26-23(29)17-25(2,3)4/h6-7,9-12,18,27H,5,8,13-17H2,1-4H3,(H,26,29)_on_P51685_WT	High	ExCAPE-DB	16105787	CCCC(=O)N1CCC(NS(=O)(=O)c2ccc(NC(=O)CC(C)(C)C)c3c2cccc3)CC1	UYKCFWHTXFILEK-UHFFFAOYSA-N	InChI=1S/C25H35N3O4S/c1-5-8-24(30)28-15-13-18(14-16-28)27-33(31,32)22-12-11-21(19-9-6-7-10-20(19)22)26-23(29)17-25(2,3)4/h6-7,9-12,18,27H,5,8,13-17H2,1-4H3,(H,26,29)	"""AuxInfo=1/1/N:1,23,24,25,2,30,29,3,31,28,16,15,8,32,7,33,21,9,26,27,17,14,19,4,22,18,10,6,20,5,12,13,11/E:(2,3,4)(13,14)(15,16)(31,32)/CRV:33.6/rA:33CCCCONCCCNSOOCCCCNCOCCCCCCCCCCCCC/rB:s1;s2;s3;d4;s4;s6;s7;s8;s9;s10;d11;d11;s11;d14;s15;d16;s17;s18;d19;s19;s21;s22;s22;s22;s17;s14d26;s27;d28;s29;s26d30;s9;s6s32;/rC:;;;;;;;;;;;;;;;;;;;;;;;;;;;;;;;;;"""	P51685_WT	EntrezID:1237	P51685	WT	PubChemAID:277748	PubChemAID:277748	2010.0	PubChemAID:277748	2010	0	0	0	0	1		=	  6.213	6.213	0.0	0.0	1.0	6.213	0.0	CCRs_HUMAN_annotated_06620	True
InChI=1S/C26H22Cl2F5N3O4S/c27-17-3-8-23(22(13-17)35-41(38,39)19-6-7-21(28)20(14-19)26(31,32)33)40-18-4-1-16(2-5-18)24(37)34-10-12-36-11-9-25(29,30)15-36/h1-8,13-14,35H,9-12,15H2,(H,34,37)_on_P41597_WT	High	ChEMBL31;ChEMBL31;ExCAPE-DB	ChEMBL31.compound.170741;ChEMBL31.compound.170741;57393495	O=C(NCCN1CCC(F)(F)C1)c1ccc(Oc2ccc(Cl)cc2NS(=O)(=O)c2ccc(Cl)c(C(F)(F)F)c2)cc1	YYVCSHFGHNSUDA-UHFFFAOYSA-N	InChI=1S/C26H22Cl2F5N3O4S/c27-17-3-8-23(22(13-17)35-41(38,39)19-6-7-21(28)20(14-19)26(31,32)33)40-18-4-1-16(2-5-18)24(37)34-10-12-36-11-9-25(29,30)15-36/h1-8,13-14,35H,9-12,15H2,(H,34,37)	"""AuxInfo=1/1/N:14,41,20,15,40,30,31,19,8,4,7,5,23,39,12,13,21,16,29,34,32,24,18,2,9,35,22,33,10,11,36,37,38,3,25,6,1,27,28,17,26/E:(1,2)(4,5)(29,30)(31,32,33)(38,39)/CRV:41.6/rA:41OCNCCNCCCFFCCCCCOCCCCClCCNSOOCCCCClCCFFFCCC/rB:d1;s2;s3;s4;s5;s6;s7;s8;s9;s9;s6s9;s2;d13;s14;d15;s16;s17;d18;s19;d20;s21;s21;s18d23;s24;s25;d26;d26;s26;d29;s30;d31;s32;s32;s34;s35;s35;s35;s29d34;s16;s13d40;/rC:;;;;;;;;;;;;;;;;;;;;;;;;;;;;;;;;;;;;;;;;;"""	P41597_WT	ChEMBL:CHEMBL4015;ChEMBL:CHEMBL4015;EntrezID:729230	P41597	WT	CHEMBL1925695;CHEMBL1925747;PubChemAID:633586	PMID:22047688	2011.0	PMID:22047688;PMID:22047688;PubChemAID:633586	2011;2011;2012	0	0	0;1;0	1;0;0	0;0;1		=	  7.200;  5.400;  7.201	6.6	0.849	0.6	3.0	7.2	0.001	CCRs_HUMAN_annotated_06722	True
InChI=1S/C26H22N4OS/c1-18-10-12-20(13-11-18)21-8-5-9-23(15-21)32-17-22-16-25(31)30-26(27-22)28-24(29-30)14-19-6-3-2-4-7-19/h2-13,15-16,31H,14,17H2,1H3_on_P25025_WT	High	ChEMBL31	ChEMBL31.compound.227174	Cc1ccc(-c2cc(SCc3nc4nc(Cc5ccccc5)nn4c(O)c3)ccc2)cc1	ACWOZNUKAIVELF-UHFFFAOYSA-N	InChI=1S/C26H22N4OS/c1-18-10-12-20(13-11-18)21-8-5-9-23(15-21)32-17-22-16-25(31)30-26(27-22)28-24(29-30)14-19-6-3-2-4-7-19/h2-13,15-16,31H,14,17H2,1H3	"""AuxInfo=1/0/N:1,20,19,21,29,18,22,30,28,3,32,4,31,16,7,27,10,2,17,5,6,11,8,15,25,13,12,14,23,24,26,9/E:(3,4)(6,7)(10,11)(12,13)/rA:32CCCCCCCCSCCNCNCCCCCCCCNNCOCCCCCC/rB:s1;d2;s3;d4;s5;d6;s7;s8;s9;s10;d11;s12;d13;s14;s15;s16;d17;s18;d19;s20;s17d21;d15;s13s23;s24;s25;s11d25;d8;s28;s6d29;s5;s2d31;/rC:;;;;;;;;;;;;;;;;;;;;;;;;;;;;;;;;"""	P25025_WT	ChEMBL:CHEMBL2434	P25025	WT	CHEMBL3107238	PMID:24332493	2014.0	PMID:24332493	2014	1	0	0	0	0		=	  5.390	5.39	0.0	0.0	1.0	5.39	0.0	CCRs_HUMAN_annotated_06727	True
InChI=1S/C26H24Cl2F3N3O4S/c27-18-5-10-24(23(15-18)33-39(36,37)20-8-9-22(28)21(16-20)26(29,30)31)38-19-6-3-17(4-7-19)25(35)32-11-14-34-12-1-2-13-34/h3-10,15-16,33H,1-2,11-14H2,(H,32,35)_on_P41597_WT	High	ChEMBL31	ChEMBL31.compound.170738	O=C(NCCN1CCCC1)c1ccc(Oc2ccc(Cl)cc2NS(=O)(=O)c2ccc(Cl)c(C(F)(F)F)c2)cc1	NXOAOIZUIUYABU-UHFFFAOYSA-N	InChI=1S/C26H24Cl2F3N3O4S/c27-18-5-10-24(23(15-18)33-39(36,37)20-8-9-22(28)21(16-20)26(29,30)31)38-19-6-3-17(4-7-19)25(35)32-11-14-34-12-1-2-13-34/h3-10,15-16,33H,1-2,11-14H2,(H,32,35)	"""AuxInfo=1/1/N:8,9,12,39,18,13,38,28,29,17,4,7,10,5,21,37,11,19,14,27,32,30,22,16,2,33,20,31,34,35,36,3,23,6,1,25,26,15,24/E:(1,2)(3,4)(6,7)(12,13)(29,30,31)(36,37)/CRV:39.6/rA:39OCNCCNCCCCCCCCOCCCCClCCNSOOCCCCClCCFFFCCC/rB:d1;s2;s3;s4;s5;s6;s7;s8;s6s9;s2;d11;s12;d13;s14;s15;d16;s17;d18;s19;s19;s16d21;s22;s23;d24;d24;s24;d27;s28;d29;s30;s30;s32;s33;s33;s33;s27d32;s14;s11d38;/rC:;;;;;;;;;;;;;;;;;;;;;;;;;;;;;;;;;;;;;;;"""	P41597_WT	ChEMBL:CHEMBL4015;ChEMBL:CHEMBL4015	P41597	WT	CHEMBL1925695;CHEMBL1925747	PMID:22047688	2011.0	PMID:22047688	2011	0	0	0;1	1;0	0		=	  8.700;  6.300	7.5	1.2	1.2	2.0	7.5	1.2	CCRs_HUMAN_annotated_06738	True
InChI=1S/C26H25Cl2F3N4O4S/c27-18-14-23(34-40(37,38)20-8-9-22(28)21(15-20)26(29,30)31)25(33-16-18)39-19-6-4-17(5-7-19)24(36)32-10-13-35-11-2-1-3-12-35/h4-9,14-16,34H,1-3,10-13H2,(H,32,36)_on_P32246_WT	Low	ChEMBL31	ChEMBL31.compound.170735	O=C(NCCN1CCCCC1)c1ccc(Oc2ncc(Cl)cc2NS(=O)(=O)c2ccc(Cl)c(C(F)(F)F)c2)cc1	SSUPLUNANJLTQW-UHFFFAOYSA-N	InChI=1S/C26H25Cl2F3N4O4S/c27-18-14-23(34-40(37,38)20-8-9-22(28)21(15-20)26(29,30)31)25(33-16-18)39-19-6-4-17(5-7-19)24(36)32-10-13-35-11-2-1-3-12-35/h4-9,14-16,34H,1-3,10-13H2,(H,32,36)	"""AuxInfo=1/1/N:9,8,10,13,40,14,39,29,30,4,7,11,5,22,38,19,12,20,15,28,33,31,23,2,17,34,21,32,35,36,37,3,18,24,6,1,26,27,16,25/E:(2,3)(4,5)(6,7)(11,12)(29,30,31)(37,38)/CRV:40.6/rA:40OCNCCNCCCCCCCCCOCNCCClCCNSOOCCCCClCCFFFCCC/rB:d1;s2;s3;s4;s5;s6;s7;s8;s9;s6s10;s2;d12;s13;d14;s15;s16;d17;s18;d19;s20;s20;s17d22;s23;s24;d25;d25;s25;d28;s29;d30;s31;s31;s33;s34;s34;s34;s28d33;s15;s12d39;/rC:;;;;;;;;;;;;;;;;;;;;;;;;;;;;;;;;;;;;;;;;"""	P32246_WT	ChEMBL:CHEMBL2413	P32246	WT	CHEMBL1925761	PMID:22047688	2011.0	PMID:22047688	2011	1	0	0	0	0		<	  4.600	4.6	0.0	0.0	1.0	4.6	0.0	CCRs_HUMAN_annotated_06751	True
InChI=1S/C26H25Cl2F3N4O4S/c27-18-14-23(34-40(37,38)20-8-9-22(28)21(15-20)26(29,30)31)25(33-16-18)39-19-6-4-17(5-7-19)24(36)32-10-13-35-11-2-1-3-12-35/h4-9,14-16,34H,1-3,10-13H2,(H,32,36)_on_P41597_WT	High	ChEMBL31;ChEMBL31;ExCAPE-DB	ChEMBL31.compound.170735;ChEMBL31.compound.170735;57400127	O=C(NCCN1CCCCC1)c1ccc(Oc2ncc(Cl)cc2NS(=O)(=O)c2ccc(Cl)c(C(F)(F)F)c2)cc1	SSUPLUNANJLTQW-UHFFFAOYSA-N	InChI=1S/C26H25Cl2F3N4O4S/c27-18-14-23(34-40(37,38)20-8-9-22(28)21(15-20)26(29,30)31)25(33-16-18)39-19-6-4-17(5-7-19)24(36)32-10-13-35-11-2-1-3-12-35/h4-9,14-16,34H,1-3,10-13H2,(H,32,36)	"""AuxInfo=1/1/N:9,8,10,13,40,14,39,29,30,4,7,11,5,22,38,19,12,20,15,28,33,31,23,2,17,34,21,32,35,36,37,3,18,24,6,1,26,27,16,25/E:(2,3)(4,5)(6,7)(11,12)(29,30,31)(37,38)/CRV:40.6/rA:40OCNCCNCCCCCCCCCOCNCCClCCNSOOCCCCClCCFFFCCC/rB:d1;s2;s3;s4;s5;s6;s7;s8;s9;s6s10;s2;d12;s13;d14;s15;s16;d17;s18;d19;s20;s20;s17d22;s23;s24;d25;d25;s25;d28;s29;d30;s31;s31;s33;s34;s34;s34;s28d33;s15;s12d39;/rC:;;;;;;;;;;;;;;;;;;;;;;;;;;;;;;;;;;;;;;;;"""	P41597_WT	ChEMBL:CHEMBL4015;ChEMBL:CHEMBL4015;EntrezID:729230	P41597	WT	CHEMBL1925747;CHEMBL1925695;PubChemAID:633586	PMID:22047688	2011.0	PMID:22047688;PMID:22047688;PubChemAID:633586	2011;2011;2012	0	0	1;0;0	0;1;0	0;0;1		=	  6.400;  8.520;  8.523	7.814	1.0	0.707	3.0	8.52	0.003	CCRs_HUMAN_annotated_06752	True
InChI=1S/C26H25Cl2F3N4O4S/c27-18-14-23(34-40(37,38)20-8-9-22(28)21(15-20)26(29,30)31)25(33-16-18)39-19-6-4-17(5-7-19)24(36)32-10-13-35-11-2-1-3-12-35/h4-9,14-16,34H,1-3,10-13H2,(H,32,36)_on_P51679_WT	Low	ChEMBL31	ChEMBL31.compound.170735	O=C(NCCN1CCCCC1)c1ccc(Oc2ncc(Cl)cc2NS(=O)(=O)c2ccc(Cl)c(C(F)(F)F)c2)cc1	SSUPLUNANJLTQW-UHFFFAOYSA-N	InChI=1S/C26H25Cl2F3N4O4S/c27-18-14-23(34-40(37,38)20-8-9-22(28)21(15-20)26(29,30)31)25(33-16-18)39-19-6-4-17(5-7-19)24(36)32-10-13-35-11-2-1-3-12-35/h4-9,14-16,34H,1-3,10-13H2,(H,32,36)	"""AuxInfo=1/1/N:9,8,10,13,40,14,39,29,30,4,7,11,5,22,38,19,12,20,15,28,33,31,23,2,17,34,21,32,35,36,37,3,18,24,6,1,26,27,16,25/E:(2,3)(4,5)(6,7)(11,12)(29,30,31)(37,38)/CRV:40.6/rA:40OCNCCNCCCCCCCCCOCNCCClCCNSOOCCCCClCCFFFCCC/rB:d1;s2;s3;s4;s5;s6;s7;s8;s9;s6s10;s2;d12;s13;d14;s15;s16;d17;s18;d19;s20;s20;s17d22;s23;s24;d25;d25;s25;d28;s29;d30;s31;s31;s33;s34;s34;s34;s28d33;s15;s12d39;/rC:;;;;;;;;;;;;;;;;;;;;;;;;;;;;;;;;;;;;;;;;"""	P51679_WT	ChEMBL:CHEMBL2414	P51679	WT	CHEMBL1925762	PMID:22047688	2011.0	PMID:22047688	2011	1	0	0	0	0		<	  5.000	5.0	0.0	0.0	1.0	5.0	0.0	CCRs_HUMAN_annotated_06753	True
InChI=1S/C26H26Cl2N4O5S/c1-26(2,34)25(33)29-14-16-6-4-7-17(12-16)15-32-21-8-5-9-22(37-3)23(21)24(30-32)31-38(35,36)18-10-11-19(27)20(28)13-18/h4-13,34H,14-15H2,1-3H3,(H,29,33)(H,30,31)_on_P51679_WT	High	ChEMBL31	ChEMBL31.compound.203165	COc1c2c(NS(=O)(=O)c3cc(Cl)c(Cl)cc3)nn(Cc3cccc(CNC(=O)C(C)(C)O)c3)c2ccc1	OMTFCKWAQKHVHB-UHFFFAOYSA-N	InChI=1S/C26H26Cl2N4O5S/c1-26(2,34)25(33)29-14-16-6-4-7-17(12-16)15-32-21-8-5-9-22(37-3)23(21)24(30-32)31-38(35,36)18-10-11-19(27)20(28)13-18/h4-13,34H,14-15H2,1-3H3,(H,29,33)(H,30,31)	"""AuxInfo=1/1/N:31,32,1,23,37,24,22,36,38,17,16,34,11,26,20,25,21,10,14,12,35,3,4,5,28,30,15,13,27,18,6,19,29,33,8,9,2,7/E:(1,2)(35,36)/CRV:38.6/rA:38COCCCNSOOCCCClCClCCNNCCCCCCCNCOCCCOCCCCC/rB:s1;s2;d3;s4;s5;s6;d7;d7;s7;d10;s11;s12;d12;s14;s14;s10d16;d5;s18;s19;s20;d21;s22;d23;s24;s25;s26;s27;d28;s28;s30;s30;s30;s21d25;s4s19;d35;s36;s3d37;/rC:;;;;;;;;;;;;;;;;;;;;;;;;;;;;;;;;;;;;;;"""	P51679_WT	ChEMBL:CHEMBL2414	P51679	WT	CHEMBL2330056	PMID:23409871	2013.0	PMID:23409871	2013	1	0	0	0	0		=	  6.400	6.4	0.0	0.0	1.0	6.4	0.0	CCRs_HUMAN_annotated_06781	True
InChI=1S/C26H26Cl2N4O5S/c1-26(2,34)25(33)29-14-16-7-4-8-17(13-16)15-32-19-10-6-11-20(37-3)22(19)24(30-32)31-38(35,36)21-12-5-9-18(27)23(21)28/h4-13,34H,14-15H2,1-3H3,(H,29,33)(H,30,31)_on_P51679_WT	High	ChEMBL31	ChEMBL31.compound.203163	COc1c2c(NS(=O)(=O)c3cccc(Cl)c3Cl)nn(Cc3cccc(CNC(=O)C(C)(C)O)c3)c2ccc1	WFJJVVGJDCQSNA-UHFFFAOYSA-N	InChI=1S/C26H26Cl2N4O5S/c1-26(2,34)25(33)29-14-16-7-4-8-17(13-16)15-32-19-10-6-11-20(37-3)22(19)24(30-32)31-38(35,36)21-12-5-9-18(27)23(21)28/h4-13,34H,14-15H2,1-3H3,(H,29,33)(H,30,31)	"""AuxInfo=1/1/N:31,32,1,23,12,37,24,22,13,36,38,11,34,26,20,25,21,14,35,3,10,4,16,5,28,30,15,17,27,18,6,19,29,33,8,9,2,7/E:(1,2)(35,36)/CRV:38.6/rA:38COCCCNSOOCCCCCClCClNNCCCCCCCNCOCCCOCCCCC/rB:s1;s2;d3;s4;s5;s6;d7;d7;s7;d10;s11;d12;s13;s14;s10d14;s16;d5;s18;s19;s20;d21;s22;d23;s24;s25;s26;s27;d28;s28;s30;s30;s30;s21d25;s4s19;d35;s36;s3d37;/rC:;;;;;;;;;;;;;;;;;;;;;;;;;;;;;;;;;;;;;;"""	P51679_WT	ChEMBL:CHEMBL2414	P51679	WT	CHEMBL2330056	PMID:23409871	2013.0	PMID:23409871	2013	1	0	0	0	0		=	  6.400	6.4	0.0	0.0	1.0	6.4	0.0	CCRs_HUMAN_annotated_06782	True
InChI=1S/C26H26Cl3N3O4S/c27-19-6-11-25(24(16-19)31-37(34,35)21-9-10-22(28)23(29)17-21)36-20-7-4-18(5-8-20)26(33)30-12-15-32-13-2-1-3-14-32/h4-11,16-17,31H,1-3,12-15H2,(H,30,33)_on_P41597_WT	High	ChEMBL31;ChEMBL31;ExCAPE-DB	ChEMBL31.compound.170733;ChEMBL31.compound.170733;57393219	O=C(NCCN1CCCCC1)c1ccc(Oc2ccc(Cl)cc2NS(=O)(=O)c2ccc(Cl)c(Cl)c2)cc1	MOOYUABRDQDAPY-UHFFFAOYSA-N	InChI=1S/C26H26Cl3N3O4S/c27-19-6-11-25(24(16-19)31-37(34,35)21-9-10-22(28)23(29)17-21)36-20-7-4-18(5-8-20)26(33)30-12-15-32-13-2-1-3-14-32/h4-11,16-17,31H,1-3,12-15H2,(H,30,33)	"""AuxInfo=1/1/N:9,8,10,13,37,19,14,36,29,30,18,4,7,11,5,22,35,12,20,15,28,31,33,23,17,2,21,32,34,3,24,6,1,26,27,16,25/E:(2,3)(4,5)(7,8)(13,14)(34,35)/CRV:37.6/rA:37OCNCCNCCCCCCCCCOCCCCClCCNSOOCCCCClCClCCC/rB:d1;s2;s3;s4;s5;s6;s7;s8;s9;s6s10;s2;d12;s13;d14;s15;s16;d17;s18;d19;s20;s20;s17d22;s23;s24;d25;d25;s25;d28;s29;d30;s31;s31;s33;s28d33;s15;s12d36;/rC:;;;;;;;;;;;;;;;;;;;;;;;;;;;;;;;;;;;;;"""	P41597_WT	ChEMBL:CHEMBL4015;ChEMBL:CHEMBL4015;EntrezID:729230	P41597	WT	CHEMBL1925747;CHEMBL1925695;PubChemAID:633586	PMID:22047688	2011.0	PMID:22047688;PMID:22047688;PubChemAID:633586	2011;2011;2012	0	0	1;0;0	0;1;0	0;0;1		=	  5.500;  7.200;  7.201	6.634	0.802	0.567	3.0	7.2	0.001	CCRs_HUMAN_annotated_06783	True
InChI=1S/C26H26ClN3O4S/c1-26(2,30-16-4-3-5-24(30)31)19-6-9-21(10-7-19)35(33,34)29-23-11-8-20(27)17-22(23)25(32)18-12-14-28-15-13-18/h6-15,17,29H,3-5,16H2,1-2H3_on_P51686_WT	Low	ChEMBL31	ChEMBL31.compound.1070766	CC(C)(c1ccc(S(=O)(=O)Nc2ccc(Cl)cc2C(=O)c2ccncc2)cc1)N1CCCCC1=O	RMFYEFGOFVDQTO-UHFFFAOYSA-N	InChI=1S/C26H26ClN3O4S/c1-26(2,30-16-4-3-5-24(30)31)19-6-9-21(10-7-19)35(33,34)29-23-11-8-20(27)17-22(23)25(32)18-12-14-28-15-13-18/h6-15,17,29H,3-5,16H2,1-2H3	"""AuxInfo=1/0/N:1,3,32,31,33,5,28,14,6,27,13,22,26,23,25,30,17,21,4,15,7,18,12,34,19,2,16,24,11,29,35,20,9,10,8/E:(1,2)(6,7)(9,10)(12,13)(14,15)(33,34)/CRV:35.6/rA:35CCCCCCCSOONCCCCClCCCOCCCNCCCCNCCCCCO/rB:s1;s2;s2;d4;s5;d6;s7;d8;d8;s8;s11;d12;s13;d14;s15;s15;s12d17;s18;d19;s19;d21;s22;d23;s24;s21d25;s7;s4d27;s2;s29;s30;s31;s32;s29s33;d34;/rC:;;;;;;;;;;;;;;;;;;;;;;;;;;;;;;;;;;;"""	P51686_WT	ChEMBL:CHEMBL5815;ChEMBL:CHEMBL5815	P51686	WT	CHEMBL3721193;CHEMBL3721192	PATENT:US7420055B2	2008.0	PATENT:US7420055B2	2008	1	0	0	0	0		>	  6.000;  6.000	6.0	0.0	0.0	2.0	6.0	0.0	CCRs_HUMAN_annotated_06785	True
InChI=1S/C26H26ClN3O5S/c1-6-17-20(13-28-14-21(17)35-5)30-24(31)22-18(27)11-12-19(23(22)25(30)32)29-36(33,34)16-9-7-15(8-10-16)26(2,3)4/h7-14,29H,6H2,1-5H3_on_P51686_WT	High	ChEMBL31	ChEMBL31.compound.299349	CCc1c(OC)cncc1N1C(=O)c2c(C1=O)c(NS(=O)(=O)c1ccc(C(C)(C)C)cc1)ccc2Cl	BIZCMRZLYLYWDA-UHFFFAOYSA-N	InChI=1S/C26H26ClN3O5S/c1-6-17-20(13-28-14-21(17)35-5)30-24(31)22-18(27)11-12-19(23(22)25(30)32)29-36(33,34)16-9-7-15(8-10-16)26(2,3)4/h7-14,29H,6H2,1-5H3	"""AuxInfo=1/0/N:1,28,29,30,6,2,25,31,24,32,34,33,9,7,26,23,3,35,18,10,4,14,15,12,16,27,36,8,19,11,13,17,21,22,5,20/E:(2,3,4)(7,8)(9,10)(33,34)/CRV:36.6/rA:36CCCCOCCNCCNCOCCCOCNSOOCCCCCCCCCCCCCCl/rB:s1;s2;d3;s4;s5;s4;d7;s8;s3d9;s10;s11;d12;s12;d14;s11s15;d16;s15;s18;s19;d20;d20;s20;d23;s24;d25;s26;s27;s27;s27;s26;s23d31;d18;s33;s14d34;s35;/rC:;;;;;;;;;;;;;;;;;;;;;;;;;;;;;;;;;;;;"""	P51686_WT	ChEMBL:CHEMBL5815	P51686	WT	CHEMBL3801235	PMID:26987013	2016.0	PMID:26987013	2016	0	0	0	1	0		=	  7.600	7.6	0.0	0.0	1.0	7.6	0.0	CCRs_HUMAN_annotated_06786	True
InChI=1S/C26H27ClN4O5S/c1-26(2,33)25(32)28-15-17-7-4-8-18(13-17)16-31-21-11-6-12-22(36-3)23(21)24(29-31)30-37(34,35)20-10-5-9-19(27)14-20/h4-14,33H,15-16H2,1-3H3,(H,28,32)(H,29,30)_on_P51679_WT	High	ChEMBL31	ChEMBL31.compound.203164	COc1c2c(NS(=O)(=O)c3cccc(Cl)c3)nn(Cc3cccc(CNC(=O)C(C)(C)O)c3)c2ccc1	YCZOPYLLVPGEAR-UHFFFAOYSA-N	InChI=1S/C26H27ClN4O5S/c1-26(2,33)25(32)28-15-17-7-4-8-18(13-17)16-31-21-11-6-12-22(36-3)23(21)24(29-31)30-37(34,35)20-10-5-9-19(27)14-20/h4-14,33H,15-16H2,1-3H3,(H,28,32)(H,29,30)	"""AuxInfo=1/1/N:30,31,1,22,12,36,23,21,13,11,35,37,33,16,25,19,24,20,14,10,34,3,4,5,27,29,15,26,17,6,18,28,32,8,9,2,7/E:(1,2)(34,35)/CRV:37.6/rA:37COCCCNSOOCCCCCClCNNCCCCCCCNCOCCCOCCCCC/rB:s1;s2;d3;s4;s5;s6;d7;d7;s7;d10;s11;d12;s13;s14;s10d14;d5;s17;s18;s19;d20;s21;d22;s23;s24;s25;s26;d27;s27;s29;s29;s29;s20d24;s4s18;d34;s35;s3d36;/rC:;;;;;;;;;;;;;;;;;;;;;;;;;;;;;;;;;;;;;"""	P51679_WT	ChEMBL:CHEMBL2414	P51679	WT	CHEMBL2330056	PMID:23409871	2013.0	PMID:23409871	2013	1	0	0	0	0		=	  7.300	7.3	0.0	0.0	1.0	7.3	0.0	CCRs_HUMAN_annotated_06833	True
InChI=1S/C26H27ClN4O5S2/c1-35-21-7-3-6-20-24(21)25(30-38(33,34)23-9-8-22(27)37-23)29-31(20)16-18-5-2-4-17(14-18)15-28-26(32)19-10-12-36-13-11-19/h2-9,14,19H,10-13,15-16H2,1H3,(H,28,32)(H,29,30)_on_P51679_WT	High	ChEMBL31;ChEMBL31;ExCAPE-DB	ChEMBL31.compound.203154;ChEMBL31.compound.203154;59456010	COc1c2c(NS(=O)(=O)c3ccc(Cl)s3)nn(Cc3cccc(CNC(=O)C4CCOCC4)c3)c2ccc1	SPGINZOZRRSDPN-UHFFFAOYSA-N	InChI=1S/C26H27ClN4O5S2/c1-35-21-7-3-6-20-24(21)25(30-38(33,34)23-9-8-22(27)37-23)29-31(20)16-18-5-2-4-17(14-18)15-28-26(32)19-10-12-36-13-11-19/h2-9,14,19H,10-13,15-16H2,1H3,(H,28,32)(H,29,30)	"""AuxInfo=1/1/N:1,21,37,22,20,36,38,12,11,29,33,30,32,34,24,18,23,19,28,35,3,13,10,4,5,26,14,25,16,6,17,27,8,9,2,31,15,7/E:(10,11)(12,13)(33,34)/CRV:38.6/rA:38COCCCNSOOCCCCClSNNCCCCCCCNCOCCCOCCCCCCC/rB:s1;s2;d3;s4;s5;s6;d7;d7;s7;d10;s11;d12;s13;s10s13;d5;s16;s17;s18;d19;s20;d21;s22;s23;s24;s25;d26;s26;s28;s29;s30;s31;s28s32;s19d23;s4s17;d35;s36;s3d37;/rC:;;;;;;;;;;;;;;;;;;;;;;;;;;;;;;;;;;;;;;"""	P51679_WT	ChEMBL:CHEMBL2414;ChEMBL:CHEMBL2414;EntrezID:1233	P51679	WT	CHEMBL2330053;CHEMBL2330056;PubChemAID:728788	PMID:23409871	2013.0	PMID:23409871;PMID:23409871;PubChemAID:728788	2013	0;1;0	0	1;0;0	0	0;0;1		=	  6.300;  7.500;  7.500	7.1	0.566	0.4	3.0	7.5	0.0	CCRs_HUMAN_annotated_06834	True
InChI=1S/C26H28ClN3O4S/c1-26(2,3)19-5-8-21(9-6-19)35(32,33)29-23-10-7-20(27)16-22(23)25(31)18-4-11-24(28-17-18)30-12-14-34-15-13-30/h4-11,16-17,29H,12-15H2,1-3H3_on_P51686_WT	High	ChEMBL31	ChEMBL31.compound.285477	CC(C)(C)c1ccc(S(=O)(=O)Nc2ccc(Cl)cc2C(=O)c2cnc(N3CCOCC3)cc2)cc1	WFRZATMZFQSDFI-UHFFFAOYSA-N	InChI=1S/C26H28ClN3O4S/c1-26(2,3)19-5-8-21(9-6-19)35(32,33)29-23-10-7-20(27)16-22(23)25(31)18-4-11-24(28-17-18)30-12-14-34-15-13-30/h4-11,16-17,29H,12-15H2,1-3H3	"""AuxInfo=1/0/N:1,3,4,33,6,35,15,7,34,14,32,27,31,28,30,18,23,22,5,16,8,19,13,25,20,2,17,24,12,26,21,10,11,29,9/E:(1,2,3)(5,6)(8,9)(12,13)(14,15)(32,33)/CRV:35.6/rA:35CCCCCCCCSOONCCCCClCCCOCCNCNCCOCCCCCC/rB:s1;s2;s2;s2;d5;s6;d7;s8;d9;d9;s9;s12;d13;s14;d15;s16;s16;s13d18;s19;d20;s20;d22;s23;d24;s25;s26;s27;s28;s29;s26s30;s25;s22d32;s8;s5d34;/rC:;;;;;;;;;;;;;;;;;;;;;;;;;;;;;;;;;;;"""	P51686_WT	ChEMBL:CHEMBL5815;ChEMBL:CHEMBL5815	P51686	WT	CHEMBL3721196;CHEMBL3721199	PATENT:US7420055B2	2008.0	PATENT:US7582661B2	2009	1	0	0	0	0		=	  6.000;  6.000	6.0	0.0	0.0	2.0	6.0	0.0	CCRs_HUMAN_annotated_06871	True
InChI=1S/C26H28ClN5O4S2/c1-36-21-10-5-9-20-24(21)25(31-38(34,35)23-12-11-22(27)37-23)30-32(20)16-18-7-4-6-17(14-18)15-29-26(33)19-8-2-3-13-28-19/h4-7,9-12,14,19,28H,2-3,8,13,15-16H2,1H3,(H,29,33)(H,30,31)/t19-/m0/s1_on_P51679_WT	High	ChEMBL31	ChEMBL31.compound.203151	COc1c2c(NS(=O)(=O)c3ccc(Cl)s3)nn(Cc3cccc(CNC(=O)[C@@H]4CCCCN4)c3)c2ccc1	BKWSVOITUDUHBY-IBGZPJMESA-N	InChI=1S/C26H28ClN5O4S2/c1-36-21-10-5-9-20-24(21)25(31-38(34,35)23-12-11-22(27)37-23)30-32(20)16-18-7-4-6-17(14-18)15-29-26(33)19-8-2-3-13-28-19/h4-7,9-12,14,19,28H,2-3,8,13,15-16H2,1H3,(H,29,33)(H,30,31)/t19-/m0/s1	"""AuxInfo=1/1/N:1,30,31,21,37,22,20,29,36,38,12,11,32,34,24,18,23,19,28,35,3,13,10,4,5,26,14,33,25,16,6,17,27,8,9,2,15,7/E:(34,35)/it:im/CRV:38.6/rA:38COCCCNSOOCCCCClSNNCCCCCCCNCOC.eCCCCNCCCCC/rB:s1;s2;d3;s4;s5;s6;d7;d7;s7;d10;s11;d12;s13;s10s13;d5;s16;s17;s18;d19;s20;d21;s22;s23;s24;s25;d26;s26;s28;s29;s30;s31;s28s32;s19d23;s4s17;d35;s36;s3d37;/rC:;;;;;;;;;;;;;;;;;;;;;;;;;;;;;;;;;;;;;;"""	P51679_WT	ChEMBL:CHEMBL2414;ChEMBL:CHEMBL2414	P51679	WT	CHEMBL2330053;CHEMBL2330056	PMID:23409871	2013.0	PMID:23409871	2013	0;1	0	1;0	0	0		=	  6.900;  7.800	7.35	0.45	0.45	2.0	7.35	0.45	CCRs_HUMAN_annotated_06872	True
InChI=1S/C26H28ClN5O5S2/c1-31-11-12-37-16-20(31)26(33)28-14-17-5-3-6-18(13-17)15-32-19-7-4-8-21(36-2)24(19)25(29-32)30-39(34,35)23-10-9-22(27)38-23/h3-10,13,20H,11-12,14-16H2,1-2H3,(H,28,33)(H,29,30)_on_P51679_WT	High	ChEMBL31	ChEMBL31.compound.203148	COc1c2c(NS(=O)(=O)c3ccc(Cl)s3)nn(Cc3cccc(CNC(=O)C4COCCN4C)c3)c2ccc1	XFROBWVHVSYXPV-UHFFFAOYSA-N	InChI=1S/C26H28ClN5O5S2/c1-31-11-12-37-16-20(31)26(33)28-14-17-5-3-6-18(13-17)15-32-19-7-4-8-21(36-2)24(19)25(29-32)30-39(34,35)23-10-9-22(27)38-23/h3-10,13,20H,11-12,14-16H2,1-2H3,(H,28,33)(H,29,30)	"""AuxInfo=1/1/N:34,1,21,38,22,20,37,39,12,11,32,31,35,24,18,29,23,19,36,28,3,13,10,4,5,26,14,25,16,6,33,17,27,8,9,2,30,15,7/E:(34,35)/CRV:39.6/rA:39COCCCNSOOCCCCClSNNCCCCCCCNCOCCOCCNCCCCCC/rB:s1;s2;d3;s4;s5;s6;d7;d7;s7;d10;s11;d12;s13;s10s13;d5;s16;s17;s18;d19;s20;d21;s22;s23;s24;s25;d26;s26;s28;s29;s30;s31;s28s32;s33;s19d23;s4s17;d36;s37;s3d38;/rC:;;;;;;;;;;;;;;;;;;;;;;;;;;;;;;;;;;;;;;;"""	P51679_WT	ChEMBL:CHEMBL2414;ChEMBL:CHEMBL2414;ChEMBL:CHEMBL2414;ChEMBL:CHEMBL2414	P51679	WT	CHEMBL2330053;CHEMBL2330056;CHEMBL2330056;CHEMBL2330053	PMID:23409871	2013.0	PMID:23409871	2013	0;1;1;0	0	1;0;0;1	0	0		=	  6.600;  8.200;  8.200;  6.600	7.4	0.8	0.462	4.0	7.4	0.8	CCRs_HUMAN_annotated_06873	True
InChI=1S/C26H28F3N3O5S/c1-3-6-23(33)32-13-11-17(12-14-32)31-38(35,36)22-10-9-21(18-7-4-5-8-19(18)22)30-25(34)20-15-16(2)37-24(20)26(27,28)29/h4-5,7-10,15,17,31H,3,6,11-14H2,1-2H3,(H,30,34)_on_P51685_WT	High	ChEMBL31	ChEMBL31.compound.68547	CCCC(=O)N1CCC(NS(=O)(=O)c2ccc(NC(=O)c3c(C(F)(F)F)oc(C)c3)c3c2cccc3)CC1	OTFMNYKFCVGZCQ-UHFFFAOYSA-N	InChI=1S/C26H28F3N3O5S/c1-3-6-23(33)32-13-11-17(12-14-32)31-38(35,36)22-10-9-21(18-7-4-5-8-19(18)22)30-25(34)20-15-16(2)37-24(20)26(27,28)29/h4-5,7-10,15,17,31H,3,6,11-14H2,1-2H3,(H,30,34)	"""AuxInfo=1/1/N:1,29,2,35,34,3,36,33,16,15,8,37,7,38,30,28,9,31,32,21,17,14,4,22,19,23,24,25,26,18,10,6,5,20,12,13,27,11/E:(11,12)(13,14)(27,28,29)(35,36)/CRV:38.6/rA:38CCCCONCCCNSOOCCCCNCOCCCFFFOCCCCCCCCCCC/rB:s1;s2;s3;d4;s4;s6;s7;s8;s9;s10;d11;d11;s11;d14;s15;d16;s17;s18;d19;s19;d21;s22;s23;s23;s23;s22;s27;s28;s21d28;s17;s14d31;s32;d33;s34;s31d35;s9;s6s37;/rC:;;;;;;;;;;;;;;;;;;;;;;;;;;;;;;;;;;;;;;"""	P51685_WT	ChEMBL:CHEMBL4596	P51685	WT	CHEMBL855766	PMID:17266208	2007.0	PMID:17266208	2007	1	0	0	0	0		=	  7.330	7.33	0.0	0.0	1.0	7.33	0.0	CCRs_HUMAN_annotated_06887	True
InChI=1S/C26H28FN3O4S/c1-2-5-25(31)30-16-14-20(15-17-30)29-35(33,34)24-13-12-23(21-6-3-4-7-22(21)24)28-26(32)18-8-10-19(27)11-9-18/h3-4,6-13,20,29H,2,5,14-17H2,1H3,(H,28,32)_on_P51685_WT	High	ChEMBL31	ChEMBL31.compound.68556	CCCC(=O)N1CCC(NS(=O)(=O)c2ccc(NC(=O)c3ccc(F)cc3)c3c2cccc3)CC1	LLEHETDEZNVDGI-UHFFFAOYSA-N	InChI=1S/C26H28FN3O4S/c1-2-5-25(31)30-16-14-20(15-17-30)29-35(33,34)24-13-12-23(21-6-3-4-7-22(21)24)28-26(32)18-8-10-19(27)11-9-18/h3-4,6-13,20,29H,2,5,14-17H2,1H3,(H,28,32)	"""AuxInfo=1/1/N:1,2,32,31,3,33,30,22,27,23,26,16,15,8,34,7,35,21,24,9,28,29,17,14,4,19,25,18,10,6,5,20,12,13,11/E:(8,9)(10,11)(14,15)(16,17)(33,34)/CRV:35.6/rA:35CCCCONCCCNSOOCCCCNCOCCCCFCCCCCCCCCC/rB:s1;s2;s3;d4;s4;s6;s7;s8;s9;s10;d11;d11;s11;d14;s15;d16;s17;s18;d19;s19;d21;s22;d23;s24;s24;s21d26;s17;s14d28;s29;d30;s31;s28d32;s9;s6s34;/rC:;;;;;;;;;;;;;;;;;;;;;;;;;;;;;;;;;;;"""	P51685_WT	ChEMBL:CHEMBL4596	P51685	WT	CHEMBL855766	PMID:17266208	2007.0	PMID:17266208	2007	1	0	0	0	0		=	  7.220	7.22	0.0	0.0	1.0	7.22	0.0	CCRs_HUMAN_annotated_06910	True
InChI=1S/C26H28FN3O4S/c1-2-6-25(31)30-15-13-20(14-16-30)29-35(33,34)24-12-11-23(21-9-3-4-10-22(21)24)28-26(32)18-7-5-8-19(27)17-18/h3-5,7-12,17,20,29H,2,6,13-16H2,1H3,(H,28,32)_on_P51685_WT	High	ChEMBL31	ChEMBL31.compound.68557	CCCC(=O)N1CCC(NS(=O)(=O)c2ccc(NC(=O)c3cc(F)ccc3)c3c2cccc3)CC1	IWDRXZJZYMGZJF-UHFFFAOYSA-N	InChI=1S/C26H28FN3O4S/c1-2-6-25(31)30-15-13-20(14-16-30)29-35(33,34)24-12-11-23(21-9-3-4-10-22(21)24)28-26(32)18-7-5-8-19(27)17-18/h3-5,7-12,17,20,29H,2,6,13-16H2,1H3,(H,28,32)	"""AuxInfo=1/1/N:1,2,32,31,26,3,27,25,33,30,16,15,8,34,7,35,22,21,23,9,28,29,17,14,4,19,24,18,10,6,5,20,12,13,11/E:(13,14)(15,16)(33,34)/CRV:35.6/rA:35CCCCONCCCNSOOCCCCNCOCCCFCCCCCCCCCCC/rB:s1;s2;s3;d4;s4;s6;s7;s8;s9;s10;d11;d11;s11;d14;s15;d16;s17;s18;d19;s19;d21;s22;s23;d23;s25;s21d26;s17;s14d28;s29;d30;s31;s28d32;s9;s6s34;/rC:;;;;;;;;;;;;;;;;;;;;;;;;;;;;;;;;;;;"""	P51685_WT	ChEMBL:CHEMBL4596	P51685	WT	CHEMBL855766	PMID:17266208	2007.0	PMID:17266208	2007	1	0	0	0	0		=	  7.700	7.7	0.0	0.0	1.0	7.7	0.0	CCRs_HUMAN_annotated_06911	True
InChI=1S/C26H28FN3O4S/c1-2-7-25(31)30-16-14-18(15-17-30)29-35(33,34)24-13-12-23(19-8-3-4-9-20(19)24)28-26(32)21-10-5-6-11-22(21)27/h3-6,8-13,18,29H,2,7,14-17H2,1H3,(H,28,32)_on_P51685_WT	High	ChEMBL31	ChEMBL31.compound.68558	CCCC(=O)N1CCC(NS(=O)(=O)c2ccc(NC(=O)c3c(F)cccc3)c3c2cccc3)CC1	OFYIKZOBJLDBHO-UHFFFAOYSA-N	InChI=1S/C26H28FN3O4S/c1-2-7-25(31)30-16-14-18(15-17-30)29-35(33,34)24-13-12-23(19-8-3-4-9-20(19)24)28-26(32)21-10-5-6-11-22(21)27/h3-6,8-13,18,29H,2,7,14-17H2,1H3,(H,28,32)	"""AuxInfo=1/1/N:1,2,32,31,26,25,3,33,30,27,24,16,15,8,34,7,35,9,28,29,21,22,17,14,4,19,23,18,10,6,5,20,12,13,11/E:(14,15)(16,17)(33,34)/CRV:35.6/rA:35CCCCONCCCNSOOCCCCNCOCCFCCCCCCCCCCCC/rB:s1;s2;s3;d4;s4;s6;s7;s8;s9;s10;d11;d11;s11;d14;s15;d16;s17;s18;d19;s19;d21;s22;s22;d24;s25;s21d26;s17;s14d28;s29;d30;s31;s28d32;s9;s6s34;/rC:;;;;;;;;;;;;;;;;;;;;;;;;;;;;;;;;;;;"""	P51685_WT	ChEMBL:CHEMBL4596	P51685	WT	CHEMBL855766	PMID:17266208	2007.0	PMID:17266208	2007	1	0	0	0	0		=	  7.720	7.72	0.0	0.0	1.0	7.72	0.0	CCRs_HUMAN_annotated_06912	True
InChI=1S/C26H29ClN2O3S/c27-23-13-11-22(12-14-23)26(30)15-19-29(20-16-26)18-6-17-28-33(31,32)25-10-5-4-9-24(25)21-7-2-1-3-8-21/h1-5,7-14,28,30H,6,15-20H2_on_P32246_WT	High	ChEMBL31	ChEMBL31.compound.92302	O=S(=O)(NCCCN1CCC(O)(c2ccc(Cl)cc2)CC1)c1ccccc1-c1ccccc1	URMQTQIRNDXWJK-UHFFFAOYSA-N	InChI=1S/C26H29ClN2O3S/c27-23-13-11-22(12-14-23)26(30)15-19-29(20-16-26)18-6-17-28-33(31,32)25-10-5-4-9-24(25)21-7-2-1-3-8-21/h1-5,7-14,28,30H,6,15-20H2	"""AuxInfo=1/0/N:31,30,32,25,24,6,29,33,26,23,14,19,15,18,10,20,5,7,9,21,28,13,16,27,22,11,17,4,8,12,1,3,2/E:(2,3)(7,8)(11,12)(13,14)(15,16)(19,20)(31,32)/CRV:33.6/rA:33OSONCCCNCCCOCCCCClCCCCCCCCCCCCCCCC/rB:d1;d2;s2;s4;s5;s6;s7;s8;s9;s10;s11;s11;d13;s14;d15;s16;s16;s13d18;s11;s8s20;s2;d22;s23;d24;s25;s22d26;s27;d28;s29;d30;s31;s28d32;/rC:;;;;;;;;;;;;;;;;;;;;;;;;;;;;;;;;;"""	P32246_WT	ChEMBL:CHEMBL2413;ChEMBL:CHEMBL2413	P32246	WT	CHEMBL933432;CHEMBL933431	PMID:18329267	2008.0	PMID:18329267	2008	1	0	0	0	0		=	  7.080;  6.220	6.65	0.43	0.43	2.0	6.65	0.43	CCRs_HUMAN_annotated_06944	True
InChI=1S/C26H29ClN4O4S/c1-3-6-25(32)31-13-11-19(12-14-31)30-36(34,35)23-10-9-22(20-7-4-5-8-21(20)23)29-26(33)18-15-17(2)28-24(27)16-18/h4-5,7-10,15-16,19,30H,3,6,11-14H2,1-2H3,(H,29,33)_on_P51685_WT	High	ChEMBL31	ChEMBL31.compound.68545	CCCC(=O)N1CCC(NS(=O)(=O)c2ccc(NC(=O)c3cc(Cl)nc(C)c3)c3c2cccc3)CC1	RWDVQSILOAYKQI-UHFFFAOYSA-N	InChI=1S/C26H29ClN4O4S/c1-3-6-25(32)31-13-11-19(12-14-31)30-36(34,35)23-10-9-22(20-7-4-5-8-21(20)23)29-26(33)18-15-17(2)28-24(27)16-18/h4-5,7-10,15-16,19,30H,3,6,11-14H2,1-2H3,(H,29,33)	"""AuxInfo=1/1/N:1,27,2,33,32,3,34,31,16,15,8,35,7,36,28,22,26,21,9,29,30,17,14,23,4,19,24,25,18,10,6,5,20,12,13,11/E:(11,12)(13,14)(34,35)/CRV:36.6/rA:36CCCCONCCCNSOOCCCCNCOCCCClNCCCCCCCCCCC/rB:s1;s2;s3;d4;s4;s6;s7;s8;s9;s10;d11;d11;s11;d14;s15;d16;s17;s18;d19;s19;d21;s22;s23;d23;s25;s26;s21d26;s17;s14d29;s30;d31;s32;s29d33;s9;s6s35;/rC:;;;;;;;;;;;;;;;;;;;;;;;;;;;;;;;;;;;;"""	P51685_WT	ChEMBL:CHEMBL4596	P51685	WT	CHEMBL855766	PMID:17266208	2007.0	PMID:17266208	2007	1	0	0	0	0		=	  7.360	7.36	0.0	0.0	1.0	7.36	0.0	CCRs_HUMAN_annotated_06945	True
InChI=1S/C26H29N3O4S/c1-2-8-25(30)29-17-15-20(16-18-29)28-34(32,33)24-14-13-23(21-11-6-7-12-22(21)24)27-26(31)19-9-4-3-5-10-19/h3-7,9-14,20,28H,2,8,15-18H2,1H3,(H,27,31)_on_P51685_WT	High	ChEMBL31;ExCAPE-DB	ChEMBL31.compound.68561;16105857	CCCC(=O)N1CCC(NS(=O)(=O)c2ccc(NC(=O)c3ccccc3)c3c2cccc3)CC1	LJGJTODNHSXQOA-UHFFFAOYSA-N	InChI=1S/C26H29N3O4S/c1-2-8-25(30)29-17-15-20(16-18-29)28-34(32,33)24-14-13-23(21-11-6-7-12-22(21)24)27-26(31)19-9-4-3-5-10-19/h3-7,9-14,20,28H,2,8,15-18H2,1H3,(H,27,31)	"""AuxInfo=1/1/N:1,2,24,23,25,31,30,3,22,26,32,29,16,15,8,33,7,34,21,9,27,28,17,14,4,19,18,10,6,5,20,12,13,11/E:(4,5)(9,10)(15,16)(17,18)(32,33)/CRV:34.6/rA:34CCCCONCCCNSOOCCCCNCOCCCCCCCCCCCCCC/rB:s1;s2;s3;d4;s4;s6;s7;s8;s9;s10;d11;d11;s11;d14;s15;d16;s17;s18;d19;s19;d21;s22;d23;s24;s21d25;s17;s14d27;s28;d29;s30;s27d31;s9;s6s33;/rC:;;;;;;;;;;;;;;;;;;;;;;;;;;;;;;;;;;"""	P51685_WT	ChEMBL:CHEMBL4596;EntrezID:1237	P51685	WT	CHEMBL855766;PubChemAID:277748	PMID:17266208	2007.0	PMID:17266208;PubChemAID:277748	2007;2010	1;0	0	0	0	0;1		=	  7.900;  7.903	7.902	0.001	0.001	2.0	7.902	0.001	CCRs_HUMAN_annotated_06969	True
InChI=1S/C26H29N3O4S/c1-3-8-25(30)29-16-15-19(17-29)28-34(32,33)24-14-13-23(21-11-6-7-12-22(21)24)27-26(31)20-10-5-4-9-18(20)2/h4-7,9-14,19,28H,3,8,15-17H2,1-2H3,(H,27,31)_on_P51685_WT	High	ChEMBL31;ExCAPE-DB	ChEMBL31.compound.68499;16105832	CCCC(=O)N1CCC(NS(=O)(=O)c2ccc(NC(=O)c3c(C)cccc3)c3c2cccc3)C1	LSBLBSMFNCZRSR-UHFFFAOYSA-N	InChI=1S/C26H29N3O4S/c1-3-8-25(30)29-16-15-19(17-29)28-34(32,33)24-14-13-23(21-11-6-7-12-22(21)24)27-26(31)20-10-5-4-9-18(20)2/h4-7,9-14,19,28H,3,8,15-17H2,1-2H3,(H,27,31)	"""AuxInfo=1/1/N:1,23,2,25,26,32,31,3,24,27,33,30,16,15,8,7,34,22,9,21,28,29,17,14,4,19,18,10,6,5,20,12,13,11/E:(32,33)/CRV:34.6/rA:34CCCCONCCCNSOOCCCCNCOCCCCCCCCCCCCCC/rB:s1;s2;s3;d4;s4;s6;s7;s8;s9;s10;d11;d11;s11;d14;s15;d16;s17;s18;d19;s19;d21;s22;s22;d24;s25;s21d26;s17;s14d28;s29;d30;s31;s28d32;s6s9;/rC:;;;;;;;;;;;;;;;;;;;;;;;;;;;;;;;;;;"""	P51685_WT	ChEMBL:CHEMBL4596;EntrezID:1237	P51685	WT	CHEMBL855762;PubChemAID:277746	PMID:17266208	2007.0	PMID:17266208;PubChemAID:277746	2007;2010	0	0	0	1;0	0;1		=	  7.460;  7.465	7.463	0.002	0.002	2.0	7.463	0.002	CCRs_HUMAN_annotated_06970	True
InChI=1S/C26H29N3O4S/c1-3-25(30)29-16-14-19(15-17-29)28-34(32,33)24-13-12-23(21-10-6-7-11-22(21)24)27-26(31)20-9-5-4-8-18(20)2/h4-13,19,28H,3,14-17H2,1-2H3,(H,27,31)_on_P51685_WT	High	ChEMBL31;ExCAPE-DB	ChEMBL31.compound.68515;16105802	CCC(=O)N1CCC(NS(=O)(=O)c2ccc(NC(=O)c3c(C)cccc3)c3c2cccc3)CC1	NDVJSFPFTHADQY-UHFFFAOYSA-N	InChI=1S/C26H29N3O4S/c1-3-25(30)29-16-14-19(15-17-29)28-34(32,33)24-13-12-23(21-10-6-7-11-22(21)24)27-26(31)20-9-5-4-8-18(20)2/h4-13,19,28H,3,14-17H2,1-2H3,(H,27,31)	"""AuxInfo=1/1/N:1,22,2,24,25,31,30,23,26,32,29,15,14,7,33,6,34,21,8,20,27,28,16,13,3,18,17,9,5,4,19,11,12,10/E:(14,15)(16,17)(32,33)/CRV:34.6/rA:34CCCONCCCNSOOCCCCNCOCCCCCCCCCCCCCCC/rB:s1;s2;d3;s3;s5;s6;s7;s8;s9;d10;d10;s10;d13;s14;d15;s16;s17;d18;s18;d20;s21;s21;d23;s24;s20d25;s16;s13d27;s28;d29;s30;s27d31;s8;s5s33;/rC:;;;;;;;;;;;;;;;;;;;;;;;;;;;;;;;;;;"""	P51685_WT	ChEMBL:CHEMBL4596;EntrezID:1237	P51685	WT	CHEMBL855762;PubChemAID:277746	PMID:17266208	2007.0	PMID:17266208;PubChemAID:277746	2007;2010	0	0	0	1;0	0;1		=	  8.600;  8.602	8.601	0.001	0.001	2.0	8.601	0.001	CCRs_HUMAN_annotated_06971	True
InChI=1S/C26H29N3O5S/c1-3-34-26(31)29-14-12-21(13-15-29)28-35(32,33)23-11-9-19-16-22(10-8-20(19)17-23)27-25(30)24-7-5-4-6-18(24)2/h4-11,16-17,21,28H,3,12-15H2,1-2H3,(H,27,30)_on_P51685_WT	Low	ChEMBL31	ChEMBL31.compound.1043935	CCOC(=O)N1CCC(NS(=O)(=O)c2ccc3cc(NC(=O)c4c(C)cccc4)ccc3c2)CC1	LGFZGHXHUBICGF-UHFFFAOYSA-N	InChI=1S/C26H29N3O5S/c1-3-34-26(31)29-14-12-21(13-15-29)28-35(32,33)23-11-9-19-16-22(10-8-20(19)17-23)27-25(30)24-7-5-4-6-18(24)2/h4-11,16-17,21,28H,3,12-15H2,1-2H3,(H,27,30)	"""AuxInfo=1/1/N:1,25,2,27,28,26,29,31,16,30,15,8,34,7,35,18,33,24,17,32,9,19,14,23,21,4,20,10,6,22,5,12,13,3,11/E:(12,13)(14,15)(32,33)/CRV:35.6/rA:35CCOCONCCCNSOOCCCCCCNCOCCCCCCCCCCCCC/rB:s1;s2;s3;d4;s4;s6;s7;s8;s9;s10;d11;d11;s11;d14;s15;d16;s17;d18;s19;s20;d21;s21;d23;s24;s24;d26;s27;s23d28;s19;d30;s17s31;s14d32;s9;s6s34;/rC:;;;;;;;;;;;;;;;;;;;;;;;;;;;;;;;;;;;"""	P51685_WT	ChEMBL:CHEMBL4596	P51685	WT	CHEMBL855762	PMID:17266208	2007.0	PMID:17266208	2007	0	0	0	1	0		<	  4.357	4.357	0.0	0.0	1.0	4.357	0.0	CCRs_HUMAN_annotated_06972	True
InChI=1S/C26H29N3O5S/c1-3-34-26(31)29-16-14-19(15-17-29)28-35(32,33)24-13-12-22(20-9-5-6-10-21(20)24)25(30)27-23-11-7-4-8-18(23)2/h4-13,19,28H,3,14-17H2,1-2H3,(H,27,30)_on_P51685_WT	High	ExCAPE-DB;ChEMBL31	10391077;ChEMBL31.compound.68488	CCOC(=O)N1CCC(NS(=O)(=O)c2ccc(C(=O)Nc3ccccc3C)c3ccccc23)CC1	LITJWFBBLZHRQM-UHFFFAOYSA-N	InChI=1S/C26H29N3O5S/c1-3-34-26(31)29-16-14-19(15-17-29)28-35(32,33)24-13-12-22(20-9-5-6-10-21(20)24)25(30)27-23-11-7-4-8-18(23)2/h4-13,19,28H,3,14-17H2,1-2H3,(H,27,30)	"""AuxInfo=1/1/N:1,27,2,24,30,31,23,25,29,32,22,16,15,8,34,7,35,26,9,28,33,17,21,14,18,4,20,10,6,19,5,12,13,3,11/E:(14,15)(16,17)(32,33)/CRV:35.6/rA:35CCOCONCCCNSOOCCCCCONCCCCCCCCCCCCCCC/rB:s1;s2;s3;d4;s4;s6;s7;s8;s9;s10;d11;d11;s11;d14;s15;d16;s17;d18;s18;s20;d21;s22;d23;s24;s21d25;s26;s17;d28;s29;d30;s31;s14s28d32;s9;s6s34;/rC:;;;;;;;;;;;;;;;;;;;;;;;;;;;;;;;;;;;"""	P51685_WT	EntrezID:1237;ChEMBL:CHEMBL4596	P51685	WT	PubChemAID:277746;CHEMBL855762	PMID:17266208	2007.0	PubChemAID:277746;PMID:17266208	2010;2007	0	0	0	0;1	1;0		=	  8.283;  8.280	8.281	0.002	0.002	2.0	8.281	0.002	CCRs_HUMAN_annotated_06973	True
InChI=1S/C26H29N3O5S/c1-3-34-26(31)29-16-14-19(15-17-29)28-35(32,33)24-13-12-23(21-10-6-7-11-22(21)24)27-25(30)20-9-5-4-8-18(20)2/h4-13,19,28H,3,14-17H2,1-2H3,(H,27,30)_on_P51685_WT	High	ChEMBL31	ChEMBL31.compound.68490	CCOC(=O)N1CCC(NS(=O)(=O)c2ccc(NC(=O)c3ccccc3C)c3c2cccc3)CC1	LGJRRERRFSZFTJ-UHFFFAOYSA-N	InChI=1S/C26H29N3O5S/c1-3-34-26(31)29-16-14-19(15-17-29)28-35(32,33)24-13-12-23(21-10-6-7-11-22(21)24)27-25(30)20-9-5-4-8-18(20)2/h4-13,19,28H,3,14-17H2,1-2H3,(H,27,30)	"""AuxInfo=1/1/N:1,27,2,24,23,32,31,25,22,33,30,16,15,8,34,7,35,26,9,21,28,29,17,14,19,4,18,10,6,20,5,12,13,3,11/E:(14,15)(16,17)(32,33)/CRV:35.6/rA:35CCOCONCCCNSOOCCCCNCOCCCCCCCCCCCCCCC/rB:s1;s2;s3;d4;s4;s6;s7;s8;s9;s10;d11;d11;s11;d14;s15;d16;s17;s18;d19;s19;d21;s22;d23;s24;s21d25;s26;s17;s14d28;s29;d30;s31;s28d32;s9;s6s34;/rC:;;;;;;;;;;;;;;;;;;;;;;;;;;;;;;;;;;;"""	P51685_WT	ChEMBL:CHEMBL4596	P51685	WT	CHEMBL855762	PMID:17266208	2007.0	PMID:17266208	2007	0	0	0	1	0		=	  8.800	8.8	0.0	0.0	1.0	8.8	0.0	CCRs_HUMAN_annotated_06974	True
InChI=1S/C26H29N3O5S/c1-18-7-3-4-8-20(18)26(31)27-23-11-12-24(22-10-6-5-9-21(22)23)35(32,33)28-19-13-15-29(16-14-19)25(30)17-34-2/h3-12,19,28H,13-17H2,1-2H3,(H,27,31)_on_P51685_WT	High	ExCAPE-DB;ChEMBL31	16105805;ChEMBL31.compound.68510	COCC(=O)N1CCC(NS(=O)(=O)c2ccc(NC(=O)c3ccccc3C)c3ccccc23)CC1	JTGCWCQODLRAMB-UHFFFAOYSA-N	InChI=1S/C26H29N3O5S/c1-18-7-3-4-8-20(18)26(31)27-23-11-12-24(22-10-6-5-9-21(22)23)35(32,33)28-19-13-15-29(16-14-19)25(30)17-34-2/h3-12,19,28H,13-17H2,1-2H3,(H,27,31)	"""AuxInfo=1/1/N:27,1,24,23,30,31,25,22,29,32,16,15,8,34,7,35,3,26,9,21,28,33,17,14,4,19,18,10,6,5,20,12,13,2,11/E:(13,14)(15,16)(32,33)/CRV:35.6/rA:35COCCONCCCNSOOCCCCNCOCCCCCCCCCCCCCCC/rB:s1;s2;s3;d4;s4;s6;s7;s8;s9;s10;d11;d11;s11;d14;s15;d16;s17;s18;d19;s19;d21;s22;d23;s24;s21d25;s26;s17;d28;s29;d30;s31;s14s28d32;s9;s6s34;/rC:;;;;;;;;;;;;;;;;;;;;;;;;;;;;;;;;;;;"""	P51685_WT	EntrezID:1237;ChEMBL:CHEMBL4596	P51685	WT	PubChemAID:277746;CHEMBL855762	PMID:17266208	2007.0	PubChemAID:277746;PMID:17266208	2010;2007	0	0	0	0;1	1;0		=	  7.801;  7.800	7.8	0.0	0.0	2.0	7.8	0.001	CCRs_HUMAN_annotated_06975	True
InChI=1S/C26H29N3O5S2/c1-26(2,3)20-6-8-21(9-7-20)35(31,32)28-24-11-10-22(36(33,34)29-16-4-5-17-29)18-23(24)25(30)19-12-14-27-15-13-19/h6-15,18,28H,4-5,16-17H2,1-3H3_on_P51686_WT	High	ChEMBL31	ChEMBL31.compound.285472	CC(C)(C)c1ccc(S(=O)(=O)Nc2ccc(S(=O)(=O)N3CCCC3)cc2C(=O)c2ccncc2)cc1	YIWBFVJIIDYUAN-UHFFFAOYSA-N	InChI=1S/C26H29N3O5S2/c1-26(2,3)20-6-8-21(9-7-20)35(31,32)28-24-11-10-22(36(33,34)29-16-4-5-17-29)18-23(24)25(30)19-12-14-27-15-13-19/h6-15,18,28H,4-5,16-17H2,1-3H3	"""AuxInfo=1/0/N:1,3,4,22,23,6,36,7,35,15,14,30,34,31,33,21,24,25,29,5,8,16,26,13,27,2,32,12,20,28,10,11,18,19,9,17/E:(1,2,3)(4,5)(6,7)(8,9)(12,13)(14,15)(16,17)(31,32)(33,34)/CRV:35.6,36.6/rA:36CCCCCCCCSOONCCCCSOONCCCCCCCOCCCNCCCC/rB:s1;s2;s2;s2;d5;s6;d7;s8;d9;d9;s9;s12;d13;s14;d15;s16;d17;d17;s17;s20;s21;s22;s20s23;s16;s13d25;s26;d27;s27;d29;s30;d31;s32;s29d33;s8;s5d35;/rC:;;;;;;;;;;;;;;;;;;;;;;;;;;;;;;;;;;;;"""	P51686_WT	ChEMBL:CHEMBL5815;ChEMBL:CHEMBL5815	P51686	WT	CHEMBL3721199;CHEMBL3721196	PATENT:US7420055B2	2008.0	PATENT:US7582661B2	2009	1	0	0	0	0		=	  6.000;  6.000	6.0	0.0	0.0	2.0	6.0	0.0	CCRs_HUMAN_annotated_06976	True
InChI=1S/C26H29N3O6S2/c1-26(2,3)20-6-8-21(9-7-20)36(32,33)27-24-11-10-22(37(34,35)29-14-4-5-15-29)18-23(24)25(30)19-12-16-28(31)17-13-19/h6-13,16-18,27H,4-5,14-15H2,1-3H3_on_P51686_WT	High	ChEMBL31	ChEMBL31.compound.285464	CC(C)(C)c1ccc(S(=O)(=O)Nc2ccc(S(=O)(=O)N3CCCC3)cc2C(=O)c2cc[n+]([O-])cc2)cc1	PVKHEMVPVVXABS-UHFFFAOYSA-N	InChI=1S/C26H29N3O6S2/c1-26(2,3)20-6-8-21(9-7-20)36(32,33)27-24-11-10-22(37(34,35)29-14-4-5-15-29)18-23(24)25(30)19-12-16-28(31)17-13-19/h6-13,16-18,27H,4-5,14-15H2,1-3H3	"""AuxInfo=1/0/N:1,3,4,22,23,6,37,7,36,15,14,30,35,21,24,31,34,25,29,5,8,16,26,13,27,2,12,32,20,28,33,10,11,18,19,9,17/E:(1,2,3)(4,5)(6,7)(8,9)(12,13)(14,15)(16,17)(32,33)(34,35)/CRV:28.5,36.6,37.6/rA:37CCCCCCCCSOONCCCCSOONCCCCCCCOCCCN+O-CCCC/rB:s1;s2;s2;s2;d5;s6;d7;s8;d9;d9;s9;s12;d13;s14;d15;s16;d17;d17;s17;s20;s21;s22;s20s23;s16;s13d25;s26;d27;s27;d29;s30;d31;s32;s32;s29d34;s8;s5d36;/rC:;;;;;;;;;;;;;;;;;;;;;;;;;;;;;;;;;;;;;"""	P51686_WT	ChEMBL:CHEMBL5815;ChEMBL:CHEMBL5815	P51686	WT	CHEMBL3721199;CHEMBL3721196	PATENT:US7420055B2	2008.0	PATENT:US7582661B2	2009	1	0	0	0	0		=	  6.000;  6.000	6.0	0.0	0.0	2.0	6.0	0.0	CCRs_HUMAN_annotated_06977	True
InChI=1S/C26H30Cl2N4O7S/c27-23-4-1-18(11-24(23)28)39-17-5-8-32(9-6-17)15-16(34)13-29-26(36)22-14-30-25(35)21-12-19(2-3-20(21)22)40(37,38)31-7-10-33/h1-4,11-12,14,16-17,31,33-34H,5-10,13,15H2,(H,29,36)(H,30,35)/t16-/m1/s1_on_P51677_WT	High	ChEMBL31	ChEMBL31.compound.196170	O=C(NC[C@@H](O)CN1CCC(Oc2cc(Cl)c(Cl)cc2)CC1)c1cnc(O)c2cc(S(=O)(=O)NCCO)ccc12	YEGSREZTMOWGTG-MRXNPFEDSA-N	InChI=1S/C26H30Cl2N4O7S/c27-23-4-1-18(11-24(23)28)39-17-5-8-32(9-6-17)15-16(34)13-29-26(36)22-14-30-25(35)21-12-19(2-3-20(21)22)40(37,38)31-7-10-33/h1-4,11-12,14,16-17,31,33-34H,5-10,13,15H2,(H,29,36)(H,30,35)/t16-/m1/s1	"""AuxInfo=1/1/N:20,38,39,19,10,21,35,9,22,36,14,29,4,24,7,5,11,13,30,40,28,23,17,15,26,2,18,16,3,25,34,8,37,6,27,1,32,33,12,31/E:(5,6)(8,9)(37,38)/it:im/CRV:40.6/rA:40OCNCC.oOCNCCCOCCCClCClCCCCCCNCOCCCSOONCCOCCC/rB:d1;s2;s3;s4;s5;s5;s7;s8;s9;s10;s11;s12;d13;s14;s15;d15;s17;s17;s13d19;s11;s8s21;s2;d23;s24;d25;s26;s26;d28;s29;s30;d31;d31;s31;s34;s35;s36;d30;s38;s23s28d39;/rC:;;;;;;;;;;;;;;;;;;;;;;;;;;;;;;;;;;;;;;;;"""	P51677_WT	ChEMBL:CHEMBL3473	P51677	WT	CHEMBL2215147	PMID:23116889	2012.0	PMID:23116889	2012	0	0	0	1	0		=	  8.000	8.0	0.0	0.0	1.0	8.0	0.0	CCRs_HUMAN_annotated_07003	True
InChI=1S/C26H30N4O4S/c1-3-7-25(31)30-16-13-19(14-17-30)29-35(33,34)24-12-11-23(21-8-4-5-9-22(21)24)28-26(32)20-10-6-15-27-18(20)2/h4-6,8-12,15,19,29H,3,7,13-14,16-17H2,1-2H3,(H,28,32)_on_P51685_WT	High	ExCAPE-DB;ChEMBL31	16105865;ChEMBL31.compound.68544	CCCC(=O)N1CCC(NS(=O)(=O)c2ccc(NC(=O)c3cccnc3C)c3ccccc23)CC1	WXEBVBGVMONLKG-UHFFFAOYSA-N	InChI=1S/C26H30N4O4S/c1-3-7-25(31)30-16-13-19(14-17-30)29-35(33,34)24-12-11-23(21-8-4-5-9-22(21)24)28-26(32)20-10-6-15-27-18(20)2/h4-6,8-12,15,19,29H,3,7,13-14,16-17H2,1-2H3,(H,28,32)	"""AuxInfo=1/1/N:1,27,2,30,31,23,3,29,32,22,16,15,8,34,24,7,35,26,9,21,28,33,17,14,4,19,25,18,10,6,5,20,12,13,11/E:(13,14)(16,17)(33,34)/CRV:35.6/rA:35CCCCONCCCNSOOCCCCNCOCCCCNCCCCCCCCCC/rB:s1;s2;s3;d4;s4;s6;s7;s8;s9;s10;d11;d11;s11;d14;s15;d16;s17;s18;d19;s19;d21;s22;d23;s24;s21d25;s26;s17;d28;s29;d30;s31;s14s28d32;s9;s6s34;/rC:;;;;;;;;;;;;;;;;;;;;;;;;;;;;;;;;;;;"""	P51685_WT	EntrezID:1237;ChEMBL:CHEMBL4596	P51685	WT	PubChemAID:277748;CHEMBL855766	PMID:17266208	2007.0	PubChemAID:277748;PMID:17266208	2010;2007	0;1	0	0	0	1;0		=	  6.553;  6.550	6.551	0.002	0.002	2.0	6.551	0.002	CCRs_HUMAN_annotated_07070	True
InChI=1S/C26H30N4O4S/c1-3-27-26(32)30-16-14-19(15-17-30)29-35(33,34)24-13-12-23(21-10-6-7-11-22(21)24)28-25(31)20-9-5-4-8-18(20)2/h4-13,19,29H,3,14-17H2,1-2H3,(H,27,32)(H,28,31)_on_P51685_WT	High	ChEMBL31	ChEMBL31.compound.68500	CCNC(=O)N1CCC(NS(=O)(=O)c2ccc(NC(=O)c3c(C)cccc3)c3c2cccc3)CC1	RXVHXNRLCGBOHY-UHFFFAOYSA-N	InChI=1S/C26H30N4O4S/c1-3-27-26(32)30-16-14-19(15-17-30)29-35(33,34)24-13-12-23(21-10-6-7-11-22(21)24)28-25(31)20-9-5-4-8-18(20)2/h4-13,19,29H,3,14-17H2,1-2H3,(H,27,32)(H,28,31)	"""AuxInfo=1/1/N:1,23,2,25,26,32,31,24,27,33,30,16,15,8,34,7,35,22,9,21,28,29,17,14,19,4,3,18,10,6,20,5,12,13,11/E:(14,15)(16,17)(33,34)/CRV:35.6/rA:35CCNCONCCCNSOOCCCCNCOCCCCCCCCCCCCCCC/rB:s1;s2;s3;d4;s4;s6;s7;s8;s9;s10;d11;d11;s11;d14;s15;d16;s17;s18;d19;s19;d21;s22;s22;d24;s25;s21d26;s17;s14d28;s29;d30;s31;s28d32;s9;s6s34;/rC:;;;;;;;;;;;;;;;;;;;;;;;;;;;;;;;;;;;"""	P51685_WT	ChEMBL:CHEMBL4596	P51685	WT	CHEMBL855762	PMID:17266208	2007.0	PMID:17266208	2007	0	0	0	1	0		=	  8.660	8.66	0.0	0.0	1.0	8.66	0.0	CCRs_HUMAN_annotated_07071	True
InChI=1S/C26H30N4O4S/c1-18-6-2-3-7-20(18)26(32)28-23-10-11-24(22-9-5-4-8-21(22)23)35(33,34)29-19-13-16-30(17-14-19)25(31)12-15-27/h2-11,19,29H,12-17,27H2,1H3,(H,28,32)_on_P51685_WT	High	ChEMBL31	ChEMBL31.compound.68508	Cc1c(C(=O)Nc2ccc(S(=O)(=O)NC3CCN(C(=O)CCN)CC3)c3c2cccc3)cccc1	IMVIBXUOEUWVME-UHFFFAOYSA-N	InChI=1S/C26H30N4O4S/c1-18-6-2-3-7-20(18)26(32)28-23-10-11-24(22-9-5-4-8-21(22)23)35(33,34)29-19-13-16-30(17-14-19)25(31)12-15-27/h2-11,19,29H,12-17,27H2,1H3,(H,28,32)	"""AuxInfo=1/1/N:1,34,33,29,30,35,32,28,31,8,9,21,16,25,22,17,24,2,15,3,27,26,7,10,19,4,23,6,14,18,20,5,12,13,11/E:(13,14)(16,17)(33,34)/CRV:35.6/rA:35CCCCONCCCCSOONCCCNCOCCNCCCCCCCCCCCC/rB:s1;d2;s3;d4;s4;s6;d7;s8;d9;s10;d11;d11;s11;s14;s15;s16;s17;s18;d19;s19;s21;s22;s18;s15s24;s10;s7d26;s27;d28;s29;s26d30;s3;d32;s33;s2d34;/rC:;;;;;;;;;;;;;;;;;;;;;;;;;;;;;;;;;;;"""	P51685_WT	ChEMBL:CHEMBL4596	P51685	WT	CHEMBL855762	PMID:17266208	2007.0	PMID:17266208	2007	0	0	0	1	0		=	  7.950	7.95	0.0	0.0	1.0	7.95	0.0	CCRs_HUMAN_annotated_07072	True
InChI=1S/C26H30N4O4S/c1-18-8-4-5-9-20(18)25(31)27-23-12-13-24(22-11-7-6-10-21(22)23)35(33,34)28-19-14-16-30(17-15-19)26(32)29(2)3/h4-13,19,28H,14-17H2,1-3H3,(H,27,31)_on_P51685_WT	High	ChEMBL31	ChEMBL31.compound.68523	Cc1c(C(=O)Nc2ccc(S(=O)(=O)NC3CCN(C(=O)N(C)C)CC3)c3c2cccc3)cccc1	FUHOZCXIEPHKEL-UHFFFAOYSA-N	InChI=1S/C26H30N4O4S/c1-18-8-4-5-9-20(18)25(31)27-23-12-13-24(22-11-7-6-10-21(22)23)35(33,34)28-19-14-16-30(17-15-19)26(32)29(2)3/h4-13,19,28H,14-17H2,1-3H3,(H,27,31)	"""AuxInfo=1/1/N:1,22,23,34,33,29,30,35,32,28,31,8,9,16,25,17,24,2,15,3,27,26,7,10,4,19,6,14,21,18,5,20,12,13,11/E:(2,3)(14,15)(16,17)(33,34)/CRV:35.6/rA:35CCCCONCCCCSOONCCCNCONCCCCCCCCCCCCCC/rB:s1;d2;s3;d4;s4;s6;d7;s8;d9;s10;d11;d11;s11;s14;s15;s16;s17;s18;d19;s19;s21;s21;s18;s15s24;s10;s7d26;s27;d28;s29;s26d30;s3;d32;s33;s2d34;/rC:;;;;;;;;;;;;;;;;;;;;;;;;;;;;;;;;;;;"""	P51685_WT	ChEMBL:CHEMBL4596	P51685	WT	CHEMBL855762	PMID:17266208	2007.0	PMID:17266208	2007	0	0	0	1	0		=	  8.800	8.8	0.0	0.0	1.0	8.8	0.0	CCRs_HUMAN_annotated_07073	True
InChI=1S/C26H31N3O4S/c1-2-33-26(30)29-18-15-21(16-19-29)28-34(31,32)25-13-12-24(22-10-6-7-11-23(22)25)27-17-14-20-8-4-3-5-9-20/h3-13,21,27-28H,2,14-19H2,1H3_on_P51685_WT	High	ChEMBL31	ChEMBL31.compound.68484	CCOC(=O)N1CCC(NS(=O)(=O)c2ccc(NCCc3ccccc3)c3c2cccc3)CC1	OZXMILCMXGZYIW-UHFFFAOYSA-N	InChI=1S/C26H31N3O4S/c1-2-33-26(30)29-18-15-21(16-19-29)28-34(31,32)25-13-12-24(22-10-6-7-11-23(22)25)27-17-14-20-8-4-3-5-9-20/h3-13,21,27-28H,2,14-19H2,1H3	"""AuxInfo=1/0/N:1,2,24,23,25,31,30,22,26,32,29,16,15,20,8,33,19,7,34,21,9,27,28,17,14,4,18,10,6,5,12,13,3,11/E:(4,5)(8,9)(15,16)(18,19)(31,32)/CRV:34.6/rA:34CCOCONCCCNSOOCCCCNCCCCCCCCCCCCCCCC/rB:s1;s2;s3;d4;s4;s6;s7;s8;s9;s10;d11;d11;s11;d14;s15;d16;s17;s18;s19;s20;d21;s22;d23;s24;s21d25;s17;s14d27;s28;d29;s30;s27d31;s9;s6s33;/rC:;;;;;;;;;;;;;;;;;;;;;;;;;;;;;;;;;;"""	P51685_WT	ChEMBL:CHEMBL4596	P51685	WT	CHEMBL855762	PMID:17266208	2007.0	PMID:17266208	2007	0	0	0	1	0		=	  7.450	7.45	0.0	0.0	1.0	7.45	0.0	CCRs_HUMAN_annotated_07198	True
InChI=1S/C26H34Cl2N4O4S/c1-18-23(27)8-9-24(25(18)28)36-21-12-16-31(17-13-21)20-10-14-32(15-11-20)26(33)29-37(34,35)22-6-4-19(5-7-22)30(2)3/h4-9,20-21H,10-17H2,1-3H3,(H,29,33)_on_P51677_WT	High	ChEMBL31;ExCAPE-DB	ChEMBL31.compound.191500;71458868	Cc1c(Cl)c(OC2CCN(C3CCN(C(=O)NS(=O)(=O)c4ccc(N(C)C)cc4)CC3)CC2)ccc1Cl	CYAXTHULEFHIMG-UHFFFAOYSA-N	InChI=1S/C26H34Cl2N4O4S/c1-18-23(27)8-9-24(25(18)28)36-21-12-16-31(17-13-21)20-10-14-32(15-11-20)26(33)29-37(34,35)22-6-4-19(5-7-22)30(2)3/h4-9,20-21H,10-17H2,1-3H3,(H,29,33)	"""AuxInfo=1/1/N:1,26,27,23,28,22,29,35,34,12,31,8,33,13,30,9,32,2,24,11,7,21,36,5,3,15,37,4,17,25,10,14,16,19,20,6,18/E:(2,3)(4,5)(6,7)(10,11)(12,13)(14,15)(16,17)(34,35)/CRV:37.6/rA:37CCCClCOCCCNCCCNCONSOOCCCCNCCCCCCCCCCCCl/rB:s1;d2;s3;s3;s5;s6;s7;s8;s9;s10;s11;s12;s13;s14;d15;s15;s17;d18;d18;s18;d21;s22;d23;s24;s25;s25;s24;s21d28;s14;s11s30;s10;s7s32;d5;s34;s2d35;s36;/rC:;;;;;;;;;;;;;;;;;;;;;;;;;;;;;;;;;;;;;"""	P51677_WT	ChEMBL:CHEMBL3473;EntrezID:1232	P51677	WT	CHEMBL2173970;PubChemAID:701276	PMID:23031591	2012.0	PMID:23031591;PubChemAID:701276	2012;2013	0	0	0	1;0	0;1		=	  8.500;  8.500	8.5	0.0	0.0	2.0	8.5	0.0	CCRs_HUMAN_annotated_07440	True
InChI=1S/C26H35ClN6O4S/c1-6-26(7-2,33-14-18(4)37-19(5)15-33)32-38(35,36)24-20(27)12-13-22(23(24)34)31-25(29-16-28)30-21-11-9-8-10-17(21)3/h8-13,18-19,32,34H,6-7,14-15H2,1-5H3,(H2,29,30,31)/t18-,19+_on_P25024_WT	High	ChEMBL31	ChEMBL31.compound.67198	CCC(CC)(NS(=O)(=O)c1c(Cl)ccc(N=C(NC#N)Nc2c(C)cccc2)c1O)N1C[C@H](C)O[C@H](C)C1	SQASBIAYFZQOMN-KDURUIRLSA-N	InChI=1S/C26H35ClN6O4S/c1-6-26(7-2,33-14-18(4)37-19(5)15-33)32-38(35,36)24-20(27)12-13-22(23(24)34)31-25(29-16-28)30-21-11-9-8-10-17(21)3/h8-13,18-19,32,34H,6-7,14-15H2,1-5H3,(H2,29,30,31)/t18-,19+	"""AuxInfo=1/1/N:1,5,24,34,37,2,4,26,27,25,28,13,14,32,38,19,23,33,36,11,22,15,29,10,17,3,12,20,18,21,16,6,31,30,8,9,35,7/E:(1,2)(4,5)(6,7)(14,15)(18,19)(35,36)/CRV:38.6/rA:38CCCCCNSOOCCClCCCNCNCNNCCCCCCCCONCC.eCOC.eCC/rB:s1;s2;s3;s4;s3;s6;d7;d7;s7;d10;s11;s11;d13;s14;s15;w?16;s17;s18;t19;s17;s21;d22;s23;s23;d25;s26;s22d27;s10d15;s29;s3;s31;s32;s33;s33;s35;s36;s31s36;/rC:;;;;;;;;;;;;;;;;;;;;;;;;;;;;;;;;;;;;;;"""	P25024_WT	ChEMBL:CHEMBL4029	P25024	WT	CHEMBL908414	PMID:16934456	2006.0	PMID:16934456	2006	1	0	0	0	0		=	  5.970	5.97	0.0	0.0	1.0	5.97	0.0	CCRs_HUMAN_annotated_07554	True
InChI=1S/C26H35ClN6O4S/c1-6-26(7-2,33-14-18(4)37-19(5)15-33)32-38(35,36)24-20(27)12-13-22(23(24)34)31-25(29-16-28)30-21-11-9-8-10-17(21)3/h8-13,18-19,32,34H,6-7,14-15H2,1-5H3,(H2,29,30,31)/t18-,19+_on_P25025_WT	High	ChEMBL31	ChEMBL31.compound.67198	CCC(CC)(NS(=O)(=O)c1c(Cl)ccc(N=C(NC#N)Nc2c(C)cccc2)c1O)N1C[C@H](C)O[C@H](C)C1	SQASBIAYFZQOMN-KDURUIRLSA-N	InChI=1S/C26H35ClN6O4S/c1-6-26(7-2,33-14-18(4)37-19(5)15-33)32-38(35,36)24-20(27)12-13-22(23(24)34)31-25(29-16-28)30-21-11-9-8-10-17(21)3/h8-13,18-19,32,34H,6-7,14-15H2,1-5H3,(H2,29,30,31)/t18-,19+	"""AuxInfo=1/1/N:1,5,24,34,37,2,4,26,27,25,28,13,14,32,38,19,23,33,36,11,22,15,29,10,17,3,12,20,18,21,16,6,31,30,8,9,35,7/E:(1,2)(4,5)(6,7)(14,15)(18,19)(35,36)/CRV:38.6/rA:38CCCCCNSOOCCClCCCNCNCNNCCCCCCCCONCC.eCOC.eCC/rB:s1;s2;s3;s4;s3;s6;d7;d7;s7;d10;s11;s11;d13;s14;s15;w?16;s17;s18;t19;s17;s21;d22;s23;s23;d25;s26;s22d27;s10d15;s29;s3;s31;s32;s33;s33;s35;s36;s31s36;/rC:;;;;;;;;;;;;;;;;;;;;;;;;;;;;;;;;;;;;;;"""	P25025_WT	ChEMBL:CHEMBL2434	P25025	WT	CHEMBL908413	PMID:16934456	2006.0	PMID:16934456	2006	1	0	0	0	0		=	  7.770	7.77	0.0	0.0	1.0	7.77	0.0	CCRs_HUMAN_annotated_07555	True
InChI=1S/C26H35N3O4S/c1-2-7-26(31)29-16-14-20(15-17-29)28-34(32,33)24-13-12-23(21-10-5-6-11-22(21)24)27-25(30)18-19-8-3-4-9-19/h5-6,10-13,19-20,28H,2-4,7-9,14-18H2,1H3,(H,27,30)_on_P51685_WT	High	ExCAPE-DB;ChEMBL31	16105854;ChEMBL31.compound.68536	CCCC(=O)N1CCC(NS(=O)(=O)c2ccc(NC(=O)CC3CCCC3)c3ccccc23)CC1	LMALLKDAYQZLAW-UHFFFAOYSA-N	InChI=1S/C26H35N3O4S/c1-2-7-26(31)29-16-14-20(15-17-29)28-34(32,33)24-13-12-23(21-10-5-6-11-22(21)24)27-25(30)18-19-8-3-4-9-19/h5-6,10-13,19-20,28H,2-4,7-9,14-18H2,1H3,(H,27,30)	"""AuxInfo=1/1/N:1,2,24,25,29,30,3,23,26,28,31,16,15,8,33,7,34,21,22,9,27,32,17,14,19,4,18,10,6,20,5,12,13,11/E:(3,4)(8,9)(14,15)(16,17)(32,33)/CRV:34.6/rA:34CCCCONCCCNSOOCCCCNCOCCCCCCCCCCCCCC/rB:s1;s2;s3;d4;s4;s6;s7;s8;s9;s10;d11;d11;s11;d14;s15;d16;s17;s18;d19;s19;s21;s22;s23;s24;s22s25;s17;d27;s28;d29;s30;s14s27d31;s9;s6s33;/rC:;;;;;;;;;;;;;;;;;;;;;;;;;;;;;;;;;;"""	P51685_WT	EntrezID:1237;ChEMBL:CHEMBL4596	P51685	WT	PubChemAID:277748;CHEMBL855766	PMID:17266208	2007.0	PubChemAID:277748;PMID:17266208	2010;2007	0;1	0	0	0	1;0		=	  6.840;  6.840	6.84	0.0	0.0	2.0	6.84	0.0	CCRs_HUMAN_annotated_07600	True
InChI=1S/C26H35N3O4S/c1-2-8-25(30)29-17-15-20(16-18-29)28-34(32,33)24-14-13-23(21-11-6-7-12-22(21)24)27-26(31)19-9-4-3-5-10-19/h6-7,11-14,19-20,28H,2-5,8-10,15-18H2,1H3,(H,27,31)_on_P51685_WT	High	ExCAPE-DB;ChEMBL31	16105784;ChEMBL31.compound.68535	CCCC(=O)N1CCC(NS(=O)(=O)c2ccc(NC(=O)C3CCCCC3)c3ccccc23)CC1	NIAGNOINZWTBJX-UHFFFAOYSA-N	InChI=1S/C26H35N3O4S/c1-2-8-25(30)29-17-15-20(16-18-29)28-34(32,33)24-14-13-23(21-11-6-7-12-22(21)24)27-26(31)19-9-4-3-5-10-19/h6-7,11-14,19-20,28H,2-5,8-10,15-18H2,1H3,(H,27,31)	"""AuxInfo=1/1/N:1,2,24,23,25,29,30,3,22,26,28,31,16,15,8,33,7,34,21,9,27,32,17,14,4,19,18,10,6,5,20,12,13,11/E:(4,5)(9,10)(15,16)(17,18)(32,33)/CRV:34.6/rA:34CCCCONCCCNSOOCCCCNCOCCCCCCCCCCCCCC/rB:s1;s2;s3;d4;s4;s6;s7;s8;s9;s10;d11;d11;s11;d14;s15;d16;s17;s18;d19;s19;s21;s22;s23;s24;s21s25;s17;d27;s28;d29;s30;s14s27d31;s9;s6s33;/rC:;;;;;;;;;;;;;;;;;;;;;;;;;;;;;;;;;;"""	P51685_WT	EntrezID:1237;ChEMBL:CHEMBL4596	P51685	WT	PubChemAID:277748;CHEMBL855766	PMID:17266208	2007.0	PubChemAID:277748;PMID:17266208	2010;2007	0;1	0	0	0	1;0		=	  8.215;  8.210	8.213	0.002	0.002	2.0	8.213	0.002	CCRs_HUMAN_annotated_07601	True
InChI=1S/C26H36N4O4S/c1-3-6-25(31)30-17-13-20(14-18-30)28-35(33,34)24-10-9-23(21-7-4-5-8-22(21)24)27-26(32)19-11-15-29(2)16-12-19/h4-5,7-10,19-20,28H,3,6,11-18H2,1-2H3,(H,27,32)_on_P51685_WT	Low	ChEMBL31	ChEMBL31.compound.1043938	CCCC(=O)N1CCC(NS(=O)(=O)c2ccc(NC(=O)C3CCN(C)CC3)c3c2cccc3)CC1	PDIBBCTZVFJGTC-UHFFFAOYSA-N	InChI=1S/C26H36N4O4S/c1-3-6-25(31)30-17-13-20(14-18-30)28-35(33,34)24-10-9-23(21-7-4-5-8-22(21)24)27-26(32)19-11-15-29(2)16-12-19/h4-5,7-10,19-20,28H,3,6,11-18H2,1-2H3,(H,27,32)	"""AuxInfo=1/1/N:1,25,2,32,31,3,33,30,16,15,22,27,8,34,23,26,7,35,21,9,28,29,17,14,4,19,18,10,24,6,5,20,12,13,11/E:(11,12)(13,14)(15,16)(17,18)(33,34)/CRV:35.6/rA:35CCCCONCCCNSOOCCCCNCOCCCNCCCCCCCCCCC/rB:s1;s2;s3;d4;s4;s6;s7;s8;s9;s10;d11;d11;s11;d14;s15;d16;s17;s18;d19;s19;s21;s22;s23;s24;s24;s21s26;s17;s14d28;s29;d30;s31;s28d32;s9;s6s34;/rC:;;;;;;;;;;;;;;;;;;;;;;;;;;;;;;;;;;;"""	P51685_WT	ChEMBL:CHEMBL4596	P51685	WT	CHEMBL855766	PMID:17266208	2007.0	PMID:17266208	2007	1	0	0	0	0		<	  5.721	5.721	0.0	0.0	1.0	5.721	0.0	CCRs_HUMAN_annotated_07653	True
InChI=1S/C26H37N3O4S/c1-18(2)13-21(26(31)27-3)16-25(30)24(14-19-9-5-4-6-10-19)29-34(32,33)22-15-20-11-7-8-12-23(20)28-17-22/h7-8,11-12,15,17,19,21,24-25,29-30H,1,4-6,9-10,13-14,16H2,2-3H3,(H,27,31)/t21-,24+,25+/m1/s1_on_P32246_WT	Low	ChEMBL31	ChEMBL31.compound.1034288	C=C(C)C[C@H](C[C@H](O)[C@H](CC1CCCCC1)NS(=O)(=O)c1cc2c(cccc2)nc1)C(=O)NC	OFANUSGQFXDCIS-ZODMCCGTSA-N	InChI=1S/C26H37N3O4S/c1-18(2)13-21(26(31)27-3)16-25(30)24(14-19-9-5-4-6-10-19)29-34(32,33)22-15-20-11-7-8-12-23(20)28-17-22/h7-8,11-12,15,17,19,21,24-25,29-30H,1,4-6,9-10,13-14,16H2,2-3H3,(H,27,31)/t21-,24+,25+/m1/s1	"""AuxInfo=1/1/N:1,3,34,14,13,15,27,26,12,16,28,25,4,10,22,6,30,2,11,23,5,21,24,9,7,31,33,29,17,8,32,19,20,18/E:(5,6)(9,10)(32,33)/it:im/CRV:34.6/rA:34CCCCC.eCC.eOC.eCCCCCCCNSOOCCCCCCCCNCCONC/rB:d1;s2;s2;s4;s5;s6;s7;s7;s9;s10;s11;s12;s13;s14;s11s15;s9;s17;d18;d18;s18;d21;s22;d23;s24;d25;s26;s23d27;s24;s21d29;s5;d31;s31;s33;/rC:;;;;;;;;;;;;;;;;;;;;;;;;;;;;;;;;;;"""	P32246_WT	ChEMBL:CHEMBL2413	P32246	WT	CHEMBL652583	PMID:15081001	2004.0	PMID:15081001	2004	1	0	0	0	0		>	  4.301	4.301	0.0	0.0	1.0	4.301	0.0	CCRs_HUMAN_annotated_07678	True
InChI=1S/C27H26Cl2F3N3O4S/c1-17-14-18(26(36)33-10-13-35-11-2-3-12-35)4-8-24(17)39-25-9-5-19(28)15-23(25)34-40(37,38)20-6-7-22(29)21(16-20)27(30,31)32/h4-9,14-16,34H,2-3,10-13H2,1H3,(H,33,36)_on_P41597_WT	High	ChEMBL31	ChEMBL31.compound.170744	Cc1c(Oc2ccc(Cl)cc2NS(=O)(=O)c2ccc(Cl)c(C(F)(F)F)c2)ccc(C(=O)NCCN2CCCC2)c1	OSCPGWPTNVWTPZ-UHFFFAOYSA-N	InChI=1S/C27H26Cl2F3N3O4S/c1-17-14-18(26(36)33-10-13-35-11-2-3-12-35)4-8-24(17)39-25-9-5-19(28)15-23(25)34-40(37,38)20-6-7-22(29)21(16-20)27(30,31)32/h4-9,14-16,34H,2-3,10-13H2,1H3,(H,33,36)	"""AuxInfo=1/1/N:1,37,38,28,7,17,18,27,6,33,36,39,34,40,10,26,2,29,8,16,21,19,11,3,5,30,22,9,20,23,24,25,32,12,35,31,14,15,4,13/E:(2,3)(11,12)(30,31,32)(37,38)/CRV:40.6/rA:40CCCOCCCCClCCNSOOCCCCClCCFFFCCCCCONCCNCCCCC/rB:s1;d2;s3;s4;d5;s6;d7;s8;s8;s5d10;s11;s12;d13;d13;s13;d16;s17;d18;s19;s19;s21;s22;s22;s22;s16d21;s3;d27;s28;s29;d30;s30;s32;s33;s34;s35;s36;s37;s35s38;s2d29;/rC:;;;;;;;;;;;;;;;;;;;;;;;;;;;;;;;;;;;;;;;;"""	P41597_WT	ChEMBL:CHEMBL4015;ChEMBL:CHEMBL4015	P41597	WT	CHEMBL1925695;CHEMBL1925747	PMID:22047688	2011.0	PMID:22047688	2011	0	0	0;1	1;0	0		=	  8.100;  6.300	7.2	0.9	0.9	2.0	7.2	0.9	CCRs_HUMAN_annotated_07786	True
InChI=1S/C27H26Cl2F3N3O4S/c1-17-14-25(39-19-6-4-18(5-7-19)26(36)33-10-13-35-11-2-3-12-35)24(16-23(17)29)34-40(37,38)20-8-9-22(28)21(15-20)27(30,31)32/h4-9,14-16,34H,2-3,10-13H2,1H3,(H,33,36)_on_P41597_WT	High	ChEMBL31	ChEMBL31.compound.170739	Cc1cc(Oc2ccc(C(=O)NCCN3CCCC3)cc2)c(NS(=O)(=O)c2ccc(Cl)c(C(F)(F)F)c2)cc1Cl	MCUUHFLEFBJLQG-UHFFFAOYSA-N	InChI=1S/C27H26Cl2F3N3O4S/c1-17-14-25(39-19-6-4-18(5-7-19)26(36)33-10-13-35-11-2-3-12-35)24(16-23(17)29)34-40(37,38)20-8-9-22(28)21(15-20)27(30,31)32/h4-9,14-16,34H,2-3,10-13H2,1H3,(H,33,36)	"""AuxInfo=1/1/N:1,17,18,8,20,7,21,28,29,13,16,19,14,3,37,38,2,9,6,27,32,30,39,22,4,10,33,31,40,34,35,36,12,23,15,11,25,26,5,24/E:(2,3)(4,5)(6,7)(11,12)(30,31,32)(37,38)/CRV:40.6/rA:40CCCCOCCCCCONCCNCCCCCCCNSOOCCCCClCCFFFCCCCl/rB:s1;d2;s3;s4;s5;d6;s7;d8;s9;d10;s10;s12;s13;s14;s15;s16;s17;s15s18;s9;s6d20;d4;s22;s23;d24;d24;s24;d27;s28;d29;s30;s30;s32;s33;s33;s33;s27d32;s22;s2d38;s39;/rC:;;;;;;;;;;;;;;;;;;;;;;;;;;;;;;;;;;;;;;;;"""	P41597_WT	ChEMBL:CHEMBL4015;ChEMBL:CHEMBL4015	P41597	WT	CHEMBL1925695;CHEMBL1925747	PMID:22047688	2011.0	PMID:22047688	2011	0	0	0;1	1;0	0		=	  8.100;  6.400	7.25	0.85	0.85	2.0	7.25	0.85	CCRs_HUMAN_annotated_07787	True
InChI=1S/C27H26Cl2F3N3O4S/c28-19-6-11-25(24(16-19)34-40(37,38)21-9-10-23(29)22(17-21)27(30,31)32)39-20-7-4-18(5-8-20)26(36)33-12-15-35-13-2-1-3-14-35/h4-11,16-17,34H,1-3,12-15H2,(H,33,36)_on_P41597_WT	High	ChEMBL31	ChEMBL31.compound.170734	O=C(NCCN1CCCCC1)c1ccc(Oc2ccc(Cl)cc2NS(=O)(=O)c2ccc(Cl)c(C(F)(F)F)c2)cc1	ZQLCCGNZHPPGNP-UHFFFAOYSA-N	InChI=1S/C27H26Cl2F3N3O4S/c28-19-6-11-25(24(16-19)34-40(37,38)21-9-10-23(29)22(17-21)27(30,31)32)39-20-7-4-18(5-8-20)26(36)33-12-15-35-13-2-1-3-14-35/h4-11,16-17,34H,1-3,12-15H2,(H,33,36)	"""AuxInfo=1/1/N:9,8,10,13,40,19,14,39,29,30,18,4,7,11,5,22,38,12,20,15,28,33,31,23,17,2,34,21,32,35,36,37,3,24,6,1,26,27,16,25/E:(2,3)(4,5)(7,8)(13,14)(30,31,32)(37,38)/CRV:40.6/rA:40OCNCCNCCCCCCCCCOCCCCClCCNSOOCCCCClCCFFFCCC/rB:d1;s2;s3;s4;s5;s6;s7;s8;s9;s6s10;s2;d12;s13;d14;s15;s16;d17;s18;d19;s20;s20;s17d22;s23;s24;d25;d25;s25;d28;s29;d30;s31;s31;s33;s34;s34;s34;s28d33;s15;s12d39;/rC:;;;;;;;;;;;;;;;;;;;;;;;;;;;;;;;;;;;;;;;;"""	P41597_WT	ChEMBL:CHEMBL4015;ChEMBL:CHEMBL4015	P41597	WT	CHEMBL1925695;CHEMBL1925747	PMID:22047688	2011.0	PMID:22047688	2011	0	0	0;1	1;0	0		=	  8.000;  6.200	7.1	0.9	0.9	2.0	7.1	0.9	CCRs_HUMAN_annotated_07788	True
InChI=1S/C27H26Cl2F3N3O5S/c1-39-24-16-25(40-18-6-4-17(5-7-18)26(36)33-10-13-35-11-2-3-12-35)23(15-22(24)29)34-41(37,38)19-8-9-21(28)20(14-19)27(30,31)32/h4-9,14-16,34H,2-3,10-13H2,1H3,(H,33,36)_on_P41597_WT	High	ChEMBL31	ChEMBL31.compound.170740	COc1cc(Oc2ccc(C(=O)NCCN3CCCC3)cc2)c(NS(=O)(=O)c2ccc(Cl)c(C(F)(F)F)c2)cc1Cl	JGGXGLYMIBMQAT-UHFFFAOYSA-N	InChI=1S/C27H26Cl2F3N3O5S/c1-39-24-16-25(40-18-6-4-17(5-7-18)26(36)33-10-13-35-11-2-3-12-35)23(15-22(24)29)34-41(37,38)19-8-9-21(28)20(14-19)27(30,31)32/h4-9,14-16,34H,2-3,10-13H2,1H3,(H,33,36)	"""AuxInfo=1/1/N:1,18,19,9,21,8,22,29,30,14,17,20,15,38,39,4,10,7,28,33,31,40,23,3,5,11,34,32,41,35,36,37,13,24,16,12,26,27,2,6,25/E:(2,3)(4,5)(6,7)(11,12)(30,31,32)(37,38)/CRV:41.6/rA:41COCCCOCCCCCONCCNCCCCCCCNSOOCCCCClCCFFFCCCCl/rB:s1;s2;d3;s4;s5;s6;d7;s8;d9;s10;d11;s11;s13;s14;s15;s16;s17;s18;s16s19;s10;s7d21;d5;s23;s24;d25;d25;s25;d28;s29;d30;s31;s31;s33;s34;s34;s34;s28d33;s23;s3d39;s40;/rC:;;;;;;;;;;;;;;;;;;;;;;;;;;;;;;;;;;;;;;;;;"""	P41597_WT	ChEMBL:CHEMBL4015;ChEMBL:CHEMBL4015	P41597	WT	CHEMBL1925695;CHEMBL1925747	PMID:22047688	2011.0	PMID:22047688	2011	0	0	0;1	1;0	0		=	  8.400;  6.400	7.4	1.0	1.0	2.0	7.4	1.0	CCRs_HUMAN_annotated_07789	True
InChI=1S/C27H26Cl2F3N3O5S/c1-39-25-14-17(26(36)33-10-13-35-11-2-3-12-35)4-8-24(25)40-23-9-5-18(28)15-22(23)34-41(37,38)19-6-7-21(29)20(16-19)27(30,31)32/h4-9,14-16,34H,2-3,10-13H2,1H3,(H,33,36)_on_P32246_WT	Low	ChEMBL31	ChEMBL31.compound.170745	COc1c(Oc2ccc(Cl)cc2NS(=O)(=O)c2ccc(Cl)c(C(F)(F)F)c2)ccc(C(=O)NCCN2CCCC2)c1	PPEXQGGZFWGXPY-UHFFFAOYSA-N	InChI=1S/C27H26Cl2F3N3O5S/c1-39-25-14-17(26(36)33-10-13-35-11-2-3-12-35)4-8-24(25)40-23-9-5-18(28)15-22(23)34-41(37,38)19-6-7-21(29)20(16-19)27(30,31)32/h4-9,14-16,34H,2-3,10-13H2,1H3,(H,33,36)	"""AuxInfo=1/1/N:1,38,39,29,8,18,19,28,7,34,37,40,35,41,11,27,30,9,17,22,20,12,6,4,3,31,23,10,21,24,25,26,33,13,36,32,15,16,2,5,14/E:(2,3)(11,12)(30,31,32)(37,38)/CRV:41.6/rA:41COCCOCCCCClCCNSOOCCCCClCCFFFCCCCCONCCNCCCCC/rB:s1;s2;d3;s4;s5;d6;s7;d8;s9;s9;s6d11;s12;s13;d14;d14;s14;d17;s18;d19;s20;s20;s22;s23;s23;s23;s17d22;s4;d28;s29;s30;d31;s31;s33;s34;s35;s36;s37;s38;s36s39;s3d30;/rC:;;;;;;;;;;;;;;;;;;;;;;;;;;;;;;;;;;;;;;;;;"""	P32246_WT	ChEMBL:CHEMBL2413	P32246	WT	CHEMBL1925761	PMID:22047688	2011.0	PMID:22047688	2011	1	0	0	0	0		<	  4.600	4.6	0.0	0.0	1.0	4.6	0.0	CCRs_HUMAN_annotated_07790	True
InChI=1S/C27H26Cl2F3N3O5S/c1-39-25-14-17(26(36)33-10-13-35-11-2-3-12-35)4-8-24(25)40-23-9-5-18(28)15-22(23)34-41(37,38)19-6-7-21(29)20(16-19)27(30,31)32/h4-9,14-16,34H,2-3,10-13H2,1H3,(H,33,36)_on_P41597_WT	High	ExCAPE-DB;ChEMBL31;ChEMBL31	44180522;ChEMBL31.compound.170745;ChEMBL31.compound.170745	COc1cc(C(=O)NCCN2CCCC2)ccc1Oc1ccc(Cl)cc1NS(=O)(=O)c1ccc(Cl)c(C(F)(F)F)c1	PPEXQGGZFWGXPY-UHFFFAOYSA-N	InChI=1S/C27H26Cl2F3N3O5S/c1-39-25-14-17(26(36)33-10-13-35-11-2-3-12-35)4-8-24(25)40-23-9-5-18(28)15-22(23)34-41(37,38)19-6-7-21(29)20(16-19)27(30,31)32/h4-9,14-16,34H,2-3,10-13H2,1H3,(H,33,36)	"""AuxInfo=1/1/N:1,13,14,16,22,32,33,17,21,9,12,15,10,4,25,41,5,23,31,36,34,26,20,18,3,6,37,24,35,38,39,40,8,27,11,7,29,30,2,19,28/E:(2,3)(11,12)(30,31,32)(37,38)/CRV:41.6/rA:41COCCCCONCCNCCCCCCCOCCCCClCCNSOOCCCCClCCFFFC/rB:s1;s2;d3;s4;s5;d6;s6;s8;s9;s10;s11;s12;s13;s11s14;d5;s16;s3d17;s18;s19;d20;s21;d22;s23;s23;s20d25;s26;s27;d28;d28;s28;d31;s32;d33;s34;s34;s36;s37;s37;s37;s31d36;/rC:;;;;;;;;;;;;;;;;;;;;;;;;;;;;;;;;;;;;;;;;;"""	P41597_WT	EntrezID:729230;ChEMBL:CHEMBL4015;ChEMBL:CHEMBL4015	P41597	WT	PubChemAID:633586;CHEMBL1925747;CHEMBL1925695	PMID:22047688	2011.0	PubChemAID:633586;PMID:22047688;PMID:22047688	2012;2011;2011	0	0	0;1;0	0;0;1	1;0;0		=	  8.222;  6.600;  8.220	7.681	0.764	0.54	3.0	8.22	0.002	CCRs_HUMAN_annotated_07791	True
InChI=1S/C27H26Cl2F3N3O5S/c1-39-25-14-17(26(36)33-10-13-35-11-2-3-12-35)4-8-24(25)40-23-9-5-18(28)15-22(23)34-41(37,38)19-6-7-21(29)20(16-19)27(30,31)32/h4-9,14-16,34H,2-3,10-13H2,1H3,(H,33,36)_on_P51679_WT	Low	ChEMBL31	ChEMBL31.compound.170745	COc1c(Oc2ccc(Cl)cc2NS(=O)(=O)c2ccc(Cl)c(C(F)(F)F)c2)ccc(C(=O)NCCN2CCCC2)c1	PPEXQGGZFWGXPY-UHFFFAOYSA-N	InChI=1S/C27H26Cl2F3N3O5S/c1-39-25-14-17(26(36)33-10-13-35-11-2-3-12-35)4-8-24(25)40-23-9-5-18(28)15-22(23)34-41(37,38)19-6-7-21(29)20(16-19)27(30,31)32/h4-9,14-16,34H,2-3,10-13H2,1H3,(H,33,36)	"""AuxInfo=1/1/N:1,38,39,29,8,18,19,28,7,34,37,40,35,41,11,27,30,9,17,22,20,12,6,4,3,31,23,10,21,24,25,26,33,13,36,32,15,16,2,5,14/E:(2,3)(11,12)(30,31,32)(37,38)/CRV:41.6/rA:41COCCOCCCCClCCNSOOCCCCClCCFFFCCCCCONCCNCCCCC/rB:s1;s2;d3;s4;s5;d6;s7;d8;s9;s9;s6d11;s12;s13;d14;d14;s14;d17;s18;d19;s20;s20;s22;s23;s23;s23;s17d22;s4;d28;s29;s30;d31;s31;s33;s34;s35;s36;s37;s38;s36s39;s3d30;/rC:;;;;;;;;;;;;;;;;;;;;;;;;;;;;;;;;;;;;;;;;;"""	P51679_WT	ChEMBL:CHEMBL2414	P51679	WT	CHEMBL1925762	PMID:22047688	2011.0	PMID:22047688	2011	1	0	0	0	0		<	  5.000	5.0	0.0	0.0	1.0	5.0	0.0	CCRs_HUMAN_annotated_07792	True
InChI=1S/C27H29FN4O5S/c1-17-11-12-20(14-21(17)28)38(35,36)31-25-24-22(9-6-10-23(24)37-4)32(30-25)16-19-8-5-7-18(13-19)15-29-26(33)27(2,3)34/h5-14,34H,15-16H2,1-4H3,(H,29,33)(H,30,31)_on_P51679_WT	High	ChEMBL31	ChEMBL31.compound.203143	COc1c2c(NS(=O)(=O)c3ccc(C)c(F)c3)nn(Cc3cccc(CNC(=O)C(C)(C)O)c3)c2ccc1	ZHUACRFGHOXTJG-UHFFFAOYSA-N	InChI=1S/C27H29FN4O5S/c1-17-11-12-20(14-21(17)28)38(35,36)31-25-24-22(9-6-10-23(24)37-4)32(30-25)16-19-8-5-7-18(13-19)15-29-26(33)27(2,3)34/h5-14,34H,15-16H2,1-4H3,(H,29,33)(H,30,31)	"""AuxInfo=1/1/N:14,31,32,1,23,37,24,22,36,38,12,11,34,17,26,20,13,25,21,10,15,35,3,4,5,28,30,16,27,18,6,19,29,33,8,9,2,7/E:(2,3)(35,36)/CRV:38.6/rA:38COCCCNSOOCCCCCCFCNNCCCCCCCNCOCCCOCCCCC/rB:s1;s2;d3;s4;s5;s6;d7;d7;s7;d10;s11;d12;s13;s13;s15;s10d15;d5;s18;s19;s20;d21;s22;d23;s24;s25;s26;s27;d28;s28;s30;s30;s30;s21d25;s4s19;d35;s36;s3d37;/rC:;;;;;;;;;;;;;;;;;;;;;;;;;;;;;;;;;;;;;;"""	P51679_WT	ChEMBL:CHEMBL2414;ChEMBL:CHEMBL2414	P51679	WT	CHEMBL2330056;CHEMBL2330053	PMID:23409871	2013.0	PMID:23409871	2013	1;0	0	0;1	0	0		=	  7.800;  5.900	6.85	0.95	0.95	2.0	6.85	0.95	CCRs_HUMAN_annotated_07908	True
InChI=1S/C27H29N3O4S/c1-18-6-2-3-7-21(18)26(31)28-24-12-13-25(23-9-5-4-8-22(23)24)35(33,34)29-20-14-16-30(17-15-20)27(32)19-10-11-19/h2-9,12-13,19-20,29H,10-11,14-17H2,1H3,(H,28,31)_on_P51685_WT	High	ChEMBL31;ExCAPE-DB	ChEMBL31.compound.68513;16105876	Cc1c(C(=O)Nc2ccc(S(=O)(=O)NC3CCN(C(=O)C4CC4)CC3)c3c2cccc3)cccc1	IXUDWCMFQZXPGK-UHFFFAOYSA-N	InChI=1S/C27H29N3O4S/c1-18-6-2-3-7-21(18)26(31)28-24-12-13-25(23-9-5-4-8-22(23)24)35(33,34)29-20-14-16-30(17-15-20)27(32)19-10-11-19/h2-9,12-13,19-20,29H,10-11,14-17H2,1H3,(H,28,31)	"""AuxInfo=1/1/N:1,34,33,29,30,35,32,28,31,22,23,8,9,16,25,17,24,2,21,15,3,27,26,7,10,4,19,6,14,18,5,20,12,13,11/E:(10,11)(14,15)(16,17)(33,34)/CRV:35.6/rA:35CCCCONCCCCSOONCCCNCOCCCCCCCCCCCCCCC/rB:s1;d2;s3;d4;s4;s6;d7;s8;d9;s10;d11;d11;s11;s14;s15;s16;s17;s18;d19;s19;s21;s21s22;s18;s15s24;s10;s7d26;s27;d28;s29;s26d30;s3;d32;s33;s2d34;/rC:;;;;;;;;;;;;;;;;;;;;;;;;;;;;;;;;;;;"""	P51685_WT	ChEMBL:CHEMBL4596;EntrezID:1237	P51685	WT	CHEMBL855762;PubChemAID:277746	PMID:17266208	2007.0	PMID:17266208;PubChemAID:277746	2007;2010	0	0	0	1;0	0;1		=	  8.140;  8.143	8.142	0.002	0.002	2.0	8.142	0.002	CCRs_HUMAN_annotated_07912	True
InChI=1S/C27H30Cl2N4O6S/c28-24-6-3-19(11-25(24)29)39-18-7-9-33(10-8-18)15-17(34)13-30-27(36)23-14-31-26(35)22-12-20(4-5-21(22)23)40(37,38)32-16-1-2-16/h3-6,11-12,14,16-18,32,34H,1-2,7-10,13,15H2,(H,30,36)(H,31,35)/t17-/m1/s1_on_P51677_WT	High	ChEMBL31	ChEMBL31.compound.196168	O=C(NC[C@@H](O)CN1CCC(Oc2cc(Cl)c(Cl)cc2)CC1)c1cnc(O)c2cc(S(=O)(=O)NC3CC3)ccc12	DTYDZUZTWZDAGL-QGZVFWFLSA-N	InChI=1S/C27H30Cl2N4O6S/c28-24-6-3-19(11-25(24)29)39-18-7-9-33(10-8-18)15-17(34)13-30-27(36)23-14-31-26(35)22-12-20(4-5-21(22)23)40(37,38)32-16-1-2-16/h3-6,11-12,14,16-18,32,34H,1-2,7-10,13,15H2,(H,30,36)(H,31,35)/t17-/m1/s1	"""AuxInfo=1/1/N:36,37,20,38,39,19,10,21,9,22,14,29,4,24,7,35,5,11,13,30,40,28,23,17,15,26,2,18,16,3,25,34,8,6,27,1,32,33,12,31/E:(1,2)(7,8)(9,10)(37,38)/it:im/CRV:40.6/rA:40OCNCC.oOCNCCCOCCCClCClCCCCCCNCOCCCSOONCCCCCC/rB:d1;s2;s3;s4;s5;s5;s7;s8;s9;s10;s11;s12;d13;s14;s15;d15;s17;s17;s13d19;s11;s8s21;s2;d23;s24;d25;s26;s26;d28;s29;s30;d31;d31;s31;s34;s35;s35s36;d30;s38;s23s28d39;/rC:;;;;;;;;;;;;;;;;;;;;;;;;;;;;;;;;;;;;;;;;"""	P51677_WT	ChEMBL:CHEMBL3473;ChEMBL:CHEMBL3473	P51677	WT	CHEMBL2215147	PMID:23116889	2012.0	PMID:23116889	2012	0	0	0	1	0		=	  8.400;  8.400	8.4	0.0	0.0	2.0	8.4	0.0	CCRs_HUMAN_annotated_07958	True
InChI=1S/C27H30N4O4S/c1-18-6-2-3-7-21(18)26(32)29-24-10-11-25(23-9-5-4-8-22(23)24)36(34,35)30-20-12-14-31(15-13-20)27(33)19-16-28-17-19/h2-11,19-20,28,30H,12-17H2,1H3,(H,29,32)_on_P51685_WT	High	ExCAPE-DB;ChEMBL31	16105811;ChEMBL31.compound.68505	Cc1ccccc1C(=O)Nc1ccc(S(=O)(=O)NC2CCN(C(=O)C3CNC3)CC2)c2ccccc12	LQLWJFXSTXSXHY-UHFFFAOYSA-N	InChI=1S/C27H30N4O4S/c1-18-6-2-3-7-21(18)26(32)29-24-10-11-25(23-9-5-4-8-22(23)24)36(34,35)30-20-12-14-31(15-13-20)27(33)19-16-28-17-19/h2-11,19-20,28,30H,12-17H2,1H3,(H,29,32)	"""AuxInfo=1/1/N:1,4,5,34,33,3,6,35,32,12,13,20,30,21,29,26,28,2,25,19,7,36,31,11,14,8,23,27,10,18,22,9,24,16,17,15/E:(12,13)(14,15)(16,17)(34,35)/CRV:36.6/rA:36CCCCCCCCONCCCCSOONCCCNCOCCNCCCCCCCCC/rB:s1;d2;s3;d4;s5;s2d6;s7;d8;s8;s10;d11;s12;d13;s14;d15;d15;s15;s18;s19;s20;s21;s22;d23;s23;s25;s26;s25s27;s22;s19s29;s14;d31;s32;d33;s34;s11s31d35;/rC:;;;;;;;;;;;;;;;;;;;;;;;;;;;;;;;;;;;;"""	P51685_WT	EntrezID:1237;ChEMBL:CHEMBL4596	P51685	WT	PubChemAID:277746;CHEMBL855762	PMID:17266208	2007.0	PubChemAID:277746;PMID:17266208	2010;2007	0	0	0	0;1	1;0		=	  8.824;  8.820	8.822	0.002	0.002	2.0	8.822	0.002	CCRs_HUMAN_annotated_08019	True
InChI=1S/C27H30N4O4S/c1-19-7-2-3-8-21(19)26(32)28-24-11-12-25(23-10-5-4-9-22(23)24)36(34,35)29-20-13-17-31(18-14-20)27(33)30-15-6-16-30/h2-5,7-12,20,29H,6,13-18H2,1H3,(H,28,32)_on_P51685_WT	High	ChEMBL31	ChEMBL31.compound.68522	Cc1c(C(=O)Nc2ccc(S(=O)(=O)NC3CCN(C(=O)N4CCC4)CC3)c3c2cccc3)cccc1	BSLPBMWANSWIEK-UHFFFAOYSA-N	InChI=1S/C27H30N4O4S/c1-19-7-2-3-8-21(19)26(32)28-24-11-12-25(23-10-5-4-9-22(23)24)36(34,35)29-20-13-17-31(18-14-20)27(33)30-15-6-16-30/h2-5,7-12,20,29H,6,13-18H2,1H3,(H,28,32)	"""AuxInfo=1/1/N:1,35,34,30,31,23,36,33,29,32,8,9,16,26,22,24,17,25,2,15,3,28,27,7,10,4,19,6,14,21,18,5,20,12,13,11/E:(13,14)(15,16)(17,18)(34,35)/CRV:36.6/rA:36CCCCONCCCCSOONCCCNCONCCCCCCCCCCCCCCC/rB:s1;d2;s3;d4;s4;s6;d7;s8;d9;s10;d11;d11;s11;s14;s15;s16;s17;s18;d19;s19;s21;s22;s21s23;s18;s15s25;s10;s7d27;s28;d29;s30;s27d31;s3;d33;s34;s2d35;/rC:;;;;;;;;;;;;;;;;;;;;;;;;;;;;;;;;;;;;"""	P51685_WT	ChEMBL:CHEMBL4596	P51685	WT	CHEMBL855762	PMID:17266208	2007.0	PMID:17266208	2007	0	0	0	1	0		=	  8.460	8.46	0.0	0.0	1.0	8.46	0.0	CCRs_HUMAN_annotated_08020	True
InChI=1S/C27H31N3O4S/c1-3-6-26(31)30-17-15-21(16-18-30)29-35(33,34)25-14-13-24(22-7-4-5-8-23(22)25)28-27(32)20-11-9-19(2)10-12-20/h4-5,7-14,21,29H,3,6,15-18H2,1-2H3,(H,28,32)_on_P51685_WT	High	ChEMBL31;ExCAPE-DB	ChEMBL31.compound.68559;16105771	CCCC(=O)N1CCC(NS(=O)(=O)c2ccc(NC(=O)c3ccc(C)cc3)c3c2cccc3)CC1	AIXNEOOSDYSRAM-UHFFFAOYSA-N	InChI=1S/C27H31N3O4S/c1-3-6-26(31)30-17-15-21(16-18-30)29-35(33,34)25-14-13-24(22-7-4-5-8-23(22)25)28-27(32)20-11-9-19(2)10-12-20/h4-5,7-14,21,29H,3,6,15-18H2,1-2H3,(H,28,32)	"""AuxInfo=1/1/N:1,25,2,32,31,3,33,30,23,26,22,27,16,15,8,34,7,35,24,21,9,28,29,17,14,4,19,18,10,6,5,20,12,13,11/E:(9,10)(11,12)(15,16)(17,18)(33,34)/CRV:35.6/rA:35CCCCONCCCNSOOCCCCNCOCCCCCCCCCCCCCCC/rB:s1;s2;s3;d4;s4;s6;s7;s8;s9;s10;d11;d11;s11;d14;s15;d16;s17;s18;d19;s19;d21;s22;d23;s24;s24;s21d26;s17;s14d28;s29;d30;s31;s28d32;s9;s6s34;/rC:;;;;;;;;;;;;;;;;;;;;;;;;;;;;;;;;;;;"""	P51685_WT	ChEMBL:CHEMBL4596;EntrezID:1237	P51685	WT	CHEMBL855766;PubChemAID:277748	PMID:17266208	2007.0	PMID:17266208;PubChemAID:277748	2007;2010	1;0	0	0	0	0;1		=	  8.020;  8.022	8.021	0.001	0.001	2.0	8.021	0.001	CCRs_HUMAN_annotated_08085	True
InChI=1S/C27H31N3O4S/c1-3-7-26(31)30-16-14-21(15-17-30)29-35(33,34)25-13-12-24(22-10-4-5-11-23(22)25)28-27(32)20-9-6-8-19(2)18-20/h4-6,8-13,18,21,29H,3,7,14-17H2,1-2H3,(H,28,32)_on_P51685_WT	High	ExCAPE-DB;ChEMBL31	16105858;ChEMBL31.compound.68560	CCCC(=O)N1CCC(NS(=O)(=O)c2ccc(NC(=O)c3cccc(C)c3)c3ccccc23)CC1	QSNIDHPXWJGJKF-UHFFFAOYSA-N	InChI=1S/C27H31N3O4S/c1-3-7-26(31)30-16-14-21(15-17-30)29-35(33,34)25-13-12-24(22-10-4-5-11-23(22)25)28-27(32)20-9-6-8-19(2)18-20/h4-6,8-13,18,21,29H,3,7,14-17H2,1-2H3,(H,28,32)	"""AuxInfo=1/1/N:1,26,2,30,31,23,3,24,22,29,32,16,15,8,34,7,35,27,25,21,9,28,33,17,14,4,19,18,10,6,5,20,12,13,11/E:(14,15)(16,17)(33,34)/CRV:35.6/rA:35CCCCONCCCNSOOCCCCNCOCCCCCCCCCCCCCCC/rB:s1;s2;s3;d4;s4;s6;s7;s8;s9;s10;d11;d11;s11;d14;s15;d16;s17;s18;d19;s19;d21;s22;d23;s24;s25;s21d25;s17;d28;s29;d30;s31;s14s28d32;s9;s6s34;/rC:;;;;;;;;;;;;;;;;;;;;;;;;;;;;;;;;;;;"""	P51685_WT	EntrezID:1237;ChEMBL:CHEMBL4596	P51685	WT	PubChemAID:277748;CHEMBL855766	PMID:17266208	2007.0	PubChemAID:277748;PMID:17266208	2010;2007	0;1	0	0	0	1;0		=	  8.292;  8.290	8.291	0.001	0.001	2.0	8.291	0.001	CCRs_HUMAN_annotated_08086	True
InChI=1S/C27H31N3O4S/c1-3-8-26(31)30-17-15-20(16-18-30)29-35(33,34)25-14-13-24(22-11-6-7-12-23(22)25)28-27(32)21-10-5-4-9-19(21)2/h4-7,9-14,20,29H,3,8,15-18H2,1-2H3,(H,28,32)_on_P51685_WT	High	ExCAPE-DB;ChEMBL31;ChEMBL31	10391001;ChEMBL31.compound.68501;ChEMBL31.compound.68501	CCCC(=O)N1CCC(NS(=O)(=O)c2ccc(NC(=O)c3ccccc3C)c3ccccc23)CC1	LOBUISIPHBRTPI-UHFFFAOYSA-N	InChI=1S/C27H31N3O4S/c1-3-8-26(31)30-17-15-20(16-18-30)29-35(33,34)25-14-13-24(22-11-6-7-12-23(22)25)28-27(32)21-10-5-4-9-19(21)2/h4-7,9-14,20,29H,3,8,15-18H2,1-2H3,(H,28,32)	"""AuxInfo=1/1/N:1,27,2,24,23,30,31,3,25,22,29,32,16,15,8,34,7,35,26,9,21,28,33,17,14,4,19,18,10,6,5,20,12,13,11/E:(15,16)(17,18)(33,34)/CRV:35.6/rA:35CCCCONCCCNSOOCCCCNCOCCCCCCCCCCCCCCC/rB:s1;s2;s3;d4;s4;s6;s7;s8;s9;s10;d11;d11;s11;d14;s15;d16;s17;s18;d19;s19;d21;s22;d23;s24;s21d25;s26;s17;d28;s29;d30;s31;s14s28d32;s9;s6s34;/rC:;;;;;;;;;;;;;;;;;;;;;;;;;;;;;;;;;;;"""	P51685_WT	EntrezID:1237;ChEMBL:CHEMBL4596;ChEMBL:CHEMBL4596	P51685	WT	PubChemAID:277748;CHEMBL855766;CHEMBL855762	PMID:17266208	2007.0	PubChemAID:277748;PMID:17266208;PMID:17266208	2010;2007;2007	0;1;0	0	0	0;0;1	1;0;0		=	  9.523;  9.520;  9.520	9.521	0.001	0.001	3.0	9.52	0.0	CCRs_HUMAN_annotated_08087	True
InChI=1S/C27H31N3O5S/c1-27(2,3)35-26(32)30-17-15-20(16-18-30)29-36(33,34)24-14-13-23(21-11-7-8-12-22(21)24)28-25(31)19-9-5-4-6-10-19/h4-14,20,29H,15-18H2,1-3H3,(H,28,31)_on_P51685_WT	High	ChEMBL31	ChEMBL31.compound.68492	CC(C)(C)OC(=O)N1CCC(NS(=O)(=O)c2ccc(NC(=O)c3ccccc3)c3c2cccc3)CC1	OEOQILOGGZQWPK-UHFFFAOYSA-N	InChI=1S/C27H31N3O5S/c1-27(2,3)35-26(32)30-17-15-20(16-18-30)29-36(33,34)24-14-13-23(21-11-7-8-12-22(21)24)28-25(31)19-9-5-4-6-10-19/h4-14,20,29H,15-18H2,1-3H3,(H,28,31)	"""AuxInfo=1/1/N:1,3,4,26,25,27,33,32,24,28,34,31,18,17,10,35,9,36,23,11,29,30,19,16,21,6,2,20,12,8,22,7,14,15,5,13/E:(1,2,3)(5,6)(9,10)(15,16)(17,18)(33,34)/CRV:36.6/rA:36CCCCOCONCCCNSOOCCCCNCOCCCCCCCCCCCCCC/rB:s1;s2;s2;s2;s5;d6;s6;s8;s9;s10;s11;s12;d13;d13;s13;d16;s17;d18;s19;s20;d21;s21;d23;s24;d25;s26;s23d27;s19;s16d29;s30;d31;s32;s29d33;s11;s8s35;/rC:;;;;;;;;;;;;;;;;;;;;;;;;;;;;;;;;;;;;"""	P51685_WT	ChEMBL:CHEMBL4596	P51685	WT	CHEMBL855762	PMID:17266208	2007.0	PMID:17266208	2007	0	0	0	1	0		=	  7.820	7.82	0.0	0.0	1.0	7.82	0.0	CCRs_HUMAN_annotated_08088	True
InChI=1S/C27H32N4O4S/c1-3-16-28-27(33)31-17-14-20(15-18-31)30-36(34,35)25-13-12-24(22-10-6-7-11-23(22)25)29-26(32)21-9-5-4-8-19(21)2/h4-13,20,30H,3,14-18H2,1-2H3,(H,28,33)(H,29,32)_on_P51685_WT	High	ExCAPE-DB;ChEMBL31	16105820;ChEMBL31.compound.68526	CCCNC(=O)N1CCC(NS(=O)(=O)c2ccc(NC(=O)c3ccccc3C)c3ccccc23)CC1	GWEPMKCQULHTKT-UHFFFAOYSA-N	InChI=1S/C27H32N4O4S/c1-3-16-28-27(33)31-17-14-20(15-18-31)30-36(34,35)25-13-12-24(22-10-6-7-11-23(22)25)29-26(32)21-9-5-4-8-19(21)2/h4-13,20,30H,3,14-18H2,1-2H3,(H,28,33)(H,29,32)	"""AuxInfo=1/1/N:1,28,2,25,24,31,32,26,23,30,33,17,16,9,35,3,8,36,27,10,22,29,34,18,15,20,5,4,19,11,7,21,6,13,14,12/E:(14,15)(17,18)(34,35)/CRV:36.6/rA:36CCCNCONCCCNSOOCCCCNCOCCCCCCCCCCCCCCC/rB:s1;s2;s3;s4;d5;s5;s7;s8;s9;s10;s11;d12;d12;s12;d15;s16;d17;s18;s19;d20;s20;d22;s23;d24;s25;s22d26;s27;s18;d29;s30;d31;s32;s15s29d33;s10;s7s35;/rC:;;;;;;;;;;;;;;;;;;;;;;;;;;;;;;;;;;;;"""	P51685_WT	EntrezID:1237;ChEMBL:CHEMBL4596	P51685	WT	PubChemAID:277746;CHEMBL855762	PMID:17266208	2007.0	PubChemAID:277746;PMID:17266208	2010;2007	0	0	0	0;1	1;0		=	  7.111;  7.110	7.111	0.0	0.0	2.0	7.111	0.0	CCRs_HUMAN_annotated_08208	True
InChI=1S/C27H32N4O4S/c1-18(2)28-27(33)31-16-14-20(15-17-31)30-36(34,35)25-13-12-24(22-10-6-7-11-23(22)25)29-26(32)21-9-5-4-8-19(21)3/h4-13,18,20,30H,14-17H2,1-3H3,(H,28,33)(H,29,32)_on_P51685_WT	High	ChEMBL31	ChEMBL31.compound.68525	Cc1c(C(=O)Nc2ccc(S(=O)(=O)NC3CCN(C(=O)NC(C)C)CC3)c3c2cccc3)cccc1	BCPVJZZVPJKYEL-UHFFFAOYSA-N	InChI=1S/C27H32N4O4S/c1-18(2)28-27(33)31-16-14-20(15-17-31)30-36(34,35)25-13-12-24(22-10-6-7-11-23(22)25)29-26(32)21-9-5-4-8-19(21)3/h4-13,18,20,30H,14-17H2,1-3H3,(H,28,33)(H,29,32)	"""AuxInfo=1/1/N:23,24,1,35,34,30,31,36,33,29,32,8,9,16,26,17,25,22,2,15,3,28,27,7,10,4,19,21,6,14,18,5,20,12,13,11/E:(1,2)(14,15)(16,17)(34,35)/CRV:36.6/rA:36CCCCONCCCCSOONCCCNCONCCCCCCCCCCCCCCC/rB:s1;d2;s3;d4;s4;s6;d7;s8;d9;s10;d11;d11;s11;s14;s15;s16;s17;s18;d19;s19;s21;s22;s22;s18;s15s25;s10;s7d27;s28;d29;s30;s27d31;s3;d33;s34;s2d35;/rC:;;;;;;;;;;;;;;;;;;;;;;;;;;;;;;;;;;;;"""	P51685_WT	ChEMBL:CHEMBL4596	P51685	WT	CHEMBL855762	PMID:17266208	2007.0	PMID:17266208	2007	0	0	0	1	0		=	  7.110	7.11	0.0	0.0	1.0	7.11	0.0	CCRs_HUMAN_annotated_08209	True
InChI=1S/C27H32N4O4S/c1-19-7-2-3-8-21(19)27(33)29-24-12-13-25(23-10-5-4-9-22(23)24)36(34,35)30-20-14-17-31(18-15-20)26(32)11-6-16-28/h2-5,7-10,12-13,20,30H,6,11,14-18,28H2,1H3,(H,29,33)_on_P51685_WT	High	ChEMBL31	ChEMBL31.compound.68507	Cc1c(C(=O)Nc2ccc(S(=O)(=O)NC3CCN(C(=O)CCCN)CC3)c3c2cccc3)cccc1	BIHPECKMBHQEHU-UHFFFAOYSA-N	InChI=1S/C27H32N4O4S/c1-19-7-2-3-8-21(19)27(33)29-24-12-13-25(23-10-5-4-9-22(23)24)36(34,35)30-20-14-17-31(18-15-20)26(32)11-6-16-28/h2-5,7-10,12-13,20,30H,6,11,14-18,28H2,1H3,(H,29,33)	"""AuxInfo=1/1/N:1,35,34,30,31,22,36,33,29,32,21,8,9,16,26,23,17,25,2,15,3,28,27,7,10,19,4,24,6,14,18,20,5,12,13,11/E:(14,15)(17,18)(34,35)/CRV:36.6/rA:36CCCCONCCCCSOONCCCNCOCCCNCCCCCCCCCCCC/rB:s1;d2;s3;d4;s4;s6;d7;s8;d9;s10;d11;d11;s11;s14;s15;s16;s17;s18;d19;s19;s21;s22;s23;s18;s15s25;s10;s7d27;s28;d29;s30;s27d31;s3;d33;s34;s2d35;/rC:;;;;;;;;;;;;;;;;;;;;;;;;;;;;;;;;;;;;"""	P51685_WT	ChEMBL:CHEMBL4596	P51685	WT	CHEMBL855762	PMID:17266208	2007.0	PMID:17266208	2007	0	0	0	1	0		=	  8.800	8.8	0.0	0.0	1.0	8.8	0.0	CCRs_HUMAN_annotated_08210	True
InChI=1S/C27H33N3O4S/c1-2-34-27(31)30-19-16-22(17-20-30)29-35(32,33)26-15-14-25(23-12-6-7-13-24(23)26)28-18-8-11-21-9-4-3-5-10-21/h3-7,9-10,12-15,22,28-29H,2,8,11,16-20H2,1H3_on_P51685_WT	High	ChEMBL31;ExCAPE-DB	ChEMBL31.compound.68483;44419035	CCOC(=O)N1CCC(NS(=O)(=O)c2ccc(NCCCc3ccccc3)c3c2cccc3)CC1	ZVACMLUWMNXCQQ-UHFFFAOYSA-N	InChI=1S/C27H33N3O4S/c1-2-34-27(31)30-19-16-22(17-20-30)29-35(32,33)26-15-14-25(23-12-6-7-13-24(23)26)28-18-8-11-21-9-4-3-5-10-21/h3-7,9-10,12-15,22,28-29H,2,8,11,16-20H2,1H3	"""AuxInfo=1/0/N:1,2,25,24,26,32,31,20,23,27,21,33,30,16,15,8,34,19,7,35,22,9,28,29,17,14,4,18,10,6,5,12,13,3,11/E:(4,5)(9,10)(16,17)(19,20)(32,33)/CRV:35.6/rA:35CCOCONCCCNSOOCCCCNCCCCCCCCCCCCCCCCC/rB:s1;s2;s3;d4;s4;s6;s7;s8;s9;s10;d11;d11;s11;d14;s15;d16;s17;s18;s19;s20;s21;d22;s23;d24;s25;s22d26;s17;s14d28;s29;d30;s31;s28d32;s9;s6s34;/rC:;;;;;;;;;;;;;;;;;;;;;;;;;;;;;;;;;;;"""	P51685_WT	ChEMBL:CHEMBL4596;EntrezID:1237	P51685	WT	CHEMBL855762;PubChemAID:277746	PMID:17266208	2007.0	PMID:17266208;PubChemAID:277746	2007;2010	0	0	0	1;0	0;1		=	  7.490;  7.493	7.492	0.002	0.002	2.0	7.492	0.002	CCRs_HUMAN_annotated_08282	True
InChI=1S/C27H35Cl2FN4O5S2/c1-40(36,37)33-17-9-20(10-18-33)27(35)34(23-5-8-25(28)26(29)19-23)14-2-13-32-15-11-22(12-16-32)31-41(38,39)24-6-3-21(30)4-7-24/h3-8,19-20,22,31H,2,9-18H2,1H3_on_P51681_WT	High	ChEMBL31	ChEMBL31.compound.56769	CS(=O)(=O)N1CCC(C(=O)N(CCCN2CCC(NS(=O)(=O)c3ccc(F)cc3)CC2)c2ccc(Cl)c(Cl)c2)CC1	ZROHYZUVGTZBOE-UHFFFAOYSA-N	InChI=1S/C27H35Cl2FN4O5S2/c1-40(36,37)33-17-9-20(10-18-33)27(35)34(23-5-8-25(28)26(29)19-23)14-2-13-32-15-11-22(12-16-32)31-41(38,39)24-6-3-21(30)4-7-24/h3-8,19-20,22,31H,2,9-18H2,1H3	"""AuxInfo=1/0/N:1,13,25,28,33,24,29,34,7,40,17,30,14,12,16,31,6,41,39,8,26,18,32,23,35,37,9,36,38,27,19,15,5,11,10,3,4,21,22,2,20/E:(3,4)(6,7)(9,10)(11,12)(15,16)(17,18)(36,37)(38,39)/CRV:40.6,41.6/rA:41CSOONCCCCONCCCNCCCNSOOCCCCFCCCCCCCCClCClCCC/rB:s1;d2;d2;s2;s5;s6;s7;s8;d9;s9;s11;s12;s13;s14;s15;s16;s17;s18;s19;d20;d20;s20;d23;s24;d25;s26;s26;s23d28;s18;s15s30;s11;d32;s33;d34;s35;s35;s37;s32d37;s8;s5s40;/rC:;;;;;;;;;;;;;;;;;;;;;;;;;;;;;;;;;;;;;;;;;"""	P51681_WT	ChEMBL:CHEMBL274;ChEMBL:CHEMBL274	P51681	WT	CHEMBL870788;CHEMBL870789	PMID:16640339	2006.0	PMID:16640339	2006	1	0	0	0	0		=	  8.340;  8.390	8.365	0.025	0.025	2.0	8.365	0.025	CCRs_HUMAN_annotated_08403	True
InChI=1S/C28H28Cl2F3N3O4S/c1-18-15-19(27(37)34-11-14-36-12-3-2-4-13-36)5-9-25(18)40-26-10-6-20(29)16-24(26)35-41(38,39)21-7-8-23(30)22(17-21)28(31,32)33/h5-10,15-17,35H,2-4,11-14H2,1H3,(H,34,37)_on_P41597_WT	High	ChEMBL31;ChEMBL31;ExCAPE-DB	ChEMBL31.compound.170742;ChEMBL31.compound.170742;57393496	Cc1c(Oc2ccc(Cl)cc2NS(=O)(=O)c2ccc(Cl)c(C(F)(F)F)c2)ccc(C(=O)NCCN2CCCCC2)c1	QFGIJXOCXFOLFD-UHFFFAOYSA-N	InChI=1S/C28H28Cl2F3N3O4S/c1-18-15-19(27(37)34-11-14-36-12-3-2-4-13-36)5-9-25(18)40-26-10-6-20(29)16-24(26)35-41(38,39)21-7-8-23(30)22(17-21)28(31,32)33/h5-10,15-17,35H,2-4,11-14H2,1H3,(H,34,37)	"""AuxInfo=1/1/N:1,38,37,39,28,7,17,18,27,6,33,36,40,34,41,10,26,2,29,8,16,21,19,11,3,5,30,22,9,20,23,24,25,32,12,35,31,14,15,4,13/E:(3,4)(12,13)(31,32,33)(38,39)/CRV:41.6/rA:41CCCOCCCCClCCNSOOCCCCClCCFFFCCCCCONCCNCCCCCC/rB:s1;d2;s3;s4;d5;s6;d7;s8;s8;s5d10;s11;s12;d13;d13;s13;d16;s17;d18;s19;s19;s21;s22;s22;s22;s16d21;s3;d27;s28;s29;d30;s30;s32;s33;s34;s35;s36;s37;s38;s35s39;s2d29;/rC:;;;;;;;;;;;;;;;;;;;;;;;;;;;;;;;;;;;;;;;;;"""	P41597_WT	ChEMBL:CHEMBL4015;ChEMBL:CHEMBL4015;EntrezID:729230	P41597	WT	CHEMBL1925747;CHEMBL1925695;PubChemAID:633586	PMID:22047688	2011.0	PMID:22047688;PMID:22047688;PubChemAID:633586	2011;2011;2012	0	0	1;0;0	0;1;0	0;0;1		=	  5.600;  7.600;  7.602	6.934	0.943	0.667	3.0	7.6	0.002	CCRs_HUMAN_annotated_08761	True
InChI=1S/C28H28Cl2F3N3O4S/c1-18-15-26(40-20-7-5-19(6-8-20)27(37)34-11-14-36-12-3-2-4-13-36)25(17-24(18)30)35-41(38,39)21-9-10-23(29)22(16-21)28(31,32)33/h5-10,15-17,35H,2-4,11-14H2,1H3,(H,34,37)_on_P41597_WT	High	ChEMBL31	ChEMBL31.compound.170736	Cc1cc(Oc2ccc(C(=O)NCCN3CCCCC3)cc2)c(NS(=O)(=O)c2ccc(Cl)c(C(F)(F)F)c2)cc1Cl	HPYVPUBFNFTSRZ-UHFFFAOYSA-N	InChI=1S/C28H28Cl2F3N3O4S/c1-18-15-26(40-20-7-5-19(6-8-20)27(37)34-11-14-36-12-3-2-4-13-36)25(17-24(18)30)35-41(38,39)21-9-10-23(29)22(16-21)28(31,32)33/h5-10,15-17,35H,2-4,11-14H2,1H3,(H,34,37)	"""AuxInfo=1/1/N:1,18,17,19,8,21,7,22,29,30,13,16,20,14,3,38,39,2,9,6,28,33,31,40,23,4,10,34,32,41,35,36,37,12,24,15,11,26,27,5,25/E:(3,4)(5,6)(7,8)(12,13)(31,32,33)(38,39)/CRV:41.6/rA:41CCCCOCCCCCONCCNCCCCCCCCNSOOCCCCClCCFFFCCCCl/rB:s1;d2;s3;s4;s5;d6;s7;d8;s9;d10;s10;s12;s13;s14;s15;s16;s17;s18;s15s19;s9;s6d21;d4;s23;s24;d25;d25;s25;d28;s29;d30;s31;s31;s33;s34;s34;s34;s28d33;s23;s2d39;s40;/rC:;;;;;;;;;;;;;;;;;;;;;;;;;;;;;;;;;;;;;;;;;"""	P41597_WT	ChEMBL:CHEMBL4015;ChEMBL:CHEMBL4015	P41597	WT	CHEMBL1925695;CHEMBL1925747	PMID:22047688	2011.0	PMID:22047688	2011	0	0	0;1	1;0	0		=	  7.800;  5.900	6.85	0.95	0.95	2.0	6.85	0.95	CCRs_HUMAN_annotated_08762	True
InChI=1S/C28H28Cl2F3N3O5S/c1-40-25-17-26(41-19-7-5-18(6-8-19)27(37)34-11-14-36-12-3-2-4-13-36)24(16-23(25)30)35-42(38,39)20-9-10-22(29)21(15-20)28(31,32)33/h5-10,15-17,35H,2-4,11-14H2,1H3,(H,34,37)_on_P41597_WT	High	ChEMBL31	ChEMBL31.compound.170737	COc1cc(Oc2ccc(C(=O)NCCN3CCCCC3)cc2)c(NS(=O)(=O)c2cc(C(F)(F)F)c(Cl)cc2)cc1Cl	FMMGEWPMVFMHDR-UHFFFAOYSA-N	InChI=1S/C28H28Cl2F3N3O5S/c1-40-25-17-26(41-19-7-5-18(6-8-19)27(37)34-11-14-36-12-3-2-4-13-36)24(16-23(25)30)35-42(38,39)20-9-10-22(29)21(15-20)28(31,32)33/h5-10,15-17,35H,2-4,11-14H2,1H3,(H,34,37)	"""AuxInfo=1/1/N:1,19,18,20,9,22,8,23,39,38,14,17,21,15,30,40,4,10,7,29,31,36,41,24,3,5,11,32,37,42,33,34,35,13,25,16,12,27,28,2,6,26/E:(3,4)(5,6)(7,8)(12,13)(31,32,33)(38,39)/CRV:42.6/rA:42COCCCOCCCCCONCCNCCCCCCCCNSOOCCCCFFFCClCCCCCl/rB:s1;s2;d3;s4;s5;s6;d7;s8;d9;s10;d11;s11;s13;s14;s15;s16;s17;s18;s19;s16s20;s10;s7d22;d5;s24;s25;d26;d26;s26;d29;s30;s31;s32;s32;s32;d31;s36;s36;s29d38;s24;s3d40;s41;/rC:;;;;;;;;;;;;;;;;;;;;;;;;;;;;;;;;;;;;;;;;;;"""	P41597_WT	ChEMBL:CHEMBL4015;ChEMBL:CHEMBL4015	P41597	WT	CHEMBL1925747;CHEMBL1925695	PMID:22047688	2011.0	PMID:22047688	2011	0	0	1;0	0;1	0		=	  6.400;  8.000	7.2	0.8	0.8	2.0	7.2	0.8	CCRs_HUMAN_annotated_08763	True
InChI=1S/C28H28Cl2F3N3O5S/c1-40-26-15-18(27(37)34-11-14-36-12-3-2-4-13-36)5-9-25(26)41-24-10-6-19(29)16-23(24)35-42(38,39)20-7-8-22(30)21(17-20)28(31,32)33/h5-10,15-17,35H,2-4,11-14H2,1H3,(H,34,37)_on_P41597_WT	High	ExCAPE-DB;ChEMBL31;ChEMBL31	57393497;ChEMBL31.compound.170743;ChEMBL31.compound.170743	COc1cc(C(=O)NCCN2CCCCC2)ccc1Oc1ccc(Cl)cc1NS(=O)(=O)c1ccc(Cl)c(C(F)(F)F)c1	NJXAMPZWYFRQTL-UHFFFAOYSA-N	InChI=1S/C28H28Cl2F3N3O5S/c1-40-26-15-18(27(37)34-11-14-36-12-3-2-4-13-36)5-9-25(26)41-24-10-6-19(29)16-23(24)35-42(38,39)20-7-8-22(30)21(17-20)28(31,32)33/h5-10,15-17,35H,2-4,11-14H2,1H3,(H,34,37)	"""AuxInfo=1/1/N:1,14,13,15,17,23,33,34,18,22,9,12,16,10,4,26,42,5,24,32,37,35,27,21,19,3,6,38,25,36,39,40,41,8,28,11,7,30,31,2,20,29/E:(3,4)(12,13)(31,32,33)(38,39)/CRV:42.6/rA:42COCCCCONCCNCCCCCCCCOCCCCClCCNSOOCCCCClCCFFFC/rB:s1;s2;d3;s4;s5;d6;s6;s8;s9;s10;s11;s12;s13;s14;s11s15;d5;s17;s3d18;s19;s20;d21;s22;d23;s24;s24;s21d26;s27;s28;d29;d29;s29;d32;s33;d34;s35;s35;s37;s38;s38;s38;s32d37;/rC:;;;;;;;;;;;;;;;;;;;;;;;;;;;;;;;;;;;;;;;;;;"""	P41597_WT	EntrezID:729230;ChEMBL:CHEMBL4015;ChEMBL:CHEMBL4015	P41597	WT	PubChemAID:633586;CHEMBL1925747;CHEMBL1925695	PMID:22047688	2011.0	PubChemAID:633586;PMID:22047688;PMID:22047688	2012;2011;2011	0	0	0;1;0	0;0;1	1;0;0		=	  7.602;  6.000;  7.600	7.067	0.755	0.534	3.0	7.6	0.002	CCRs_HUMAN_annotated_08764	True
InChI=1S/C28H29N3O4S2/c1-2-7-27(32)31-16-14-20(15-17-31)30-37(34,35)26-13-12-23(21-9-4-5-10-22(21)26)29-28(33)25-18-19-8-3-6-11-24(19)36-25/h3-6,8-13,18,20,30H,2,7,14-17H2,1H3,(H,29,33)_on_P51685_WT	High	ChEMBL31	ChEMBL31.compound.68549	CCCC(=O)N1CCC(NS(=O)(=O)c2ccc(NC(=O)c3cc4c(cccc4)s3)c3ccccc23)CC1	UHFNHULJUGPBJO-UHFFFAOYSA-N	InChI=1S/C28H29N3O4S2/c1-2-7-27(32)31-16-14-20(15-17-31)30-37(34,35)26-13-12-23(21-9-4-5-10-22(21)26)29-28(33)25-18-19-8-3-6-11-24(19)36-25/h3-6,8-13,18,20,30H,2,7,14-17H2,1H3,(H,29,33)	"""AuxInfo=1/1/N:1,2,27,32,33,26,3,28,31,34,25,16,15,8,36,7,37,22,23,9,30,35,17,24,21,14,4,19,18,10,6,5,20,12,13,29,11/E:(14,15)(16,17)(34,35)/CRV:37.6/rA:37CCCCONCCCNSOOCCCCNCOCCCCCCCCSCCCCCCCC/rB:s1;s2;s3;d4;s4;s6;s7;s8;s9;s10;d11;d11;s11;d14;s15;d16;s17;s18;d19;s19;d21;s22;d23;s24;d25;s26;s23d27;s21s24;s17;d30;s31;d32;s33;s14s30d34;s9;s6s36;/rC:;;;;;;;;;;;;;;;;;;;;;;;;;;;;;;;;;;;;;"""	P51685_WT	ChEMBL:CHEMBL4596	P51685	WT	CHEMBL855766	PMID:17266208	2007.0	PMID:17266208	2007	1	0	0	0	0		=	  7.630	7.63	0.0	0.0	1.0	7.63	0.0	CCRs_HUMAN_annotated_08805	True
InChI=1S/C28H30Cl2N2O2S2/c29-25-11-10-21(18-26(25)30)22(19-31-36(33,34)23-6-2-1-3-7-23)12-15-32-16-13-28(14-17-32)20-35-27-9-5-4-8-24(27)28/h1-11,18,22,31H,12-17,19-20H2/t22-/m1/s1_on_P51681_WT	Medium	ChEMBL31	ChEMBL31.compound.672975	O=S(=O)(NC[C@@H](CCN1CCC2(CC1)CSc1ccccc12)c1cc(Cl)c(Cl)cc1)c1ccccc1	SOMRQTQRGWZJIT-JOCHJYFZSA-N	InChI=1S/C28H30Cl2N2O2S2/c29-25-11-10-21(18-26(25)30)22(19-31-36(33,34)23-6-2-1-3-7-23)12-15-32-16-13-28(14-17-32)20-35-27-9-5-4-8-24(27)28/h1-11,18,22,31H,12-17,19-20H2/t22-/m1/s1	"""AuxInfo=1/0/N:34,33,35,20,19,32,36,21,18,30,29,7,11,13,8,10,14,24,5,15,23,6,31,22,27,25,17,12,28,26,4,9,1,3,16,2/E:(2,3)(6,7)(13,14)(16,17)(33,34)/it:im/CRV:36.6/rA:36OSONCC.oCCNCCCCCCSCCCCCCCCCClCClCCCCCCCC/rB:d1;d2;s2;s4;s5;s6;s7;s8;s9;s10;s11;s12;s9s13;s12;s15;s16;d17;s18;d19;s20;s12s17d21;s6;d23;s24;s25;d25;s27;s27;s23d29;s2;d31;s32;d33;s34;s31d35;/rC:;;;;;;;;;;;;;;;;;;;;;;;;;;;;;;;;;;;;"""	P51681_WT	ChEMBL:CHEMBL274	P51681	WT	CHEMBL693289	PMID:11206473	2001.0	PMID:11206473	2001	1	0	0	0	0		=	  5.800	5.8	0.0	0.0	1.0	5.8	0.0	CCRs_HUMAN_annotated_08816	True
InChI=1S/C28H30Cl2N2O3S2/c29-25-11-10-21(18-26(25)30)22(19-31-37(34,35)23-6-2-1-3-7-23)12-15-32-16-13-28(14-17-32)20-36(33)27-9-5-4-8-24(27)28/h1-11,18,22,31H,12-17,19-20H2/t22-,36?/m1/s1_on_P51681_WT	Medium	ChEMBL31	ChEMBL31.compound.672133	O=S(=O)(NC[C@@H](CCN1CCC2(CC1)C[S+]([O-])c1c2cccc1)c1cc(Cl)c(Cl)cc1)c1ccccc1	HIMMHTUVMHCSMF-FKZKSYQESA-N	InChI=1S/C28H30Cl2N2O3S2/c29-25-11-10-21(18-26(25)30)22(19-31-37(34,35)23-6-2-1-3-7-23)12-15-32-16-13-28(14-17-32)20-36(33)27-9-5-4-8-24(27)28/h1-11,18,22,31H,12-17,19-20H2/t22-,36?/m1/s1	"""AuxInfo=1/0/N:35,34,36,21,22,33,37,20,23,31,30,7,11,13,8,10,14,25,5,15,24,6,32,19,28,26,18,12,29,27,4,9,17,1,3,16,2/E:(2,3)(6,7)(13,14)(16,17)(34,35)/it:im/CRV:37.6/rA:37OSONCC.oCCNCCCCCCS+O-CCCCCCCCCClCClCCCCCCCC/rB:d1;d2;s2;s4;s5;s6;s7;s8;s9;s10;s11;s12;s9s13;s12;s15;s16;s16;s12d18;s19;d20;s21;s18d22;s6;d24;s25;s26;d26;s28;s28;s24d30;s2;d32;s33;d34;s35;s32d36;/rC:;;;;;;;;;;;;;;;;;;;;;;;;;;;;;;;;;;;;;"""	P51681_WT	ChEMBL:CHEMBL274	P51681	WT	CHEMBL693289	PMID:11206473	2001.0	PMID:11206473	2001	1	0	0	0	0		=	  6.640	6.64	0.0	0.0	1.0	6.64	0.0	CCRs_HUMAN_annotated_08817	True
InChI=1S/C28H32N4O4S/c1-19-7-2-3-8-21(19)27(33)30-24-12-13-26(23-10-5-4-9-22(23)24)37(35,36)31-20-14-17-32(18-15-20)28(34)25-11-6-16-29-25/h2-5,7-10,12-13,20,25,29,31H,6,11,14-18H2,1H3,(H,30,33)/t25-/m0/s1_on_P51685_WT	High	ChEMBL31;ChEMBL31;ExCAPE-DB	ChEMBL31.compound.68504;ChEMBL31.compound.68504;10006907	Cc1c(C(=O)Nc2ccc(S(=O)(=O)NC3CCN(C(=O)[C@@H]4CCCN4)CC3)c3c2cccc3)cccc1	GKEJTJFRAKDFAV-VWLOTQADSA-N	InChI=1S/C28H32N4O4S/c1-19-7-2-3-8-21(19)27(33)30-24-12-13-26(23-10-5-4-9-22(23)24)37(35,36)31-20-14-17-32(18-15-20)28(34)25-11-6-16-29-25/h2-5,7-10,12-13,20,25,29,31H,6,11,14-18H2,1H3,(H,30,33)/t25-/m0/s1	"""AuxInfo=1/1/N:1,36,35,31,32,23,37,34,30,33,22,8,9,16,27,24,17,26,2,15,3,29,28,7,21,10,4,19,25,6,14,18,5,20,12,13,11/E:(14,15)(17,18)(35,36)/it:im/CRV:37.6/rA:37CCCCONCCCCSOONCCCNCOC.eCCCNCCCCCCCCCCCC/rB:s1;d2;s3;d4;s4;s6;d7;s8;d9;s10;d11;d11;s11;s14;s15;s16;s17;s18;d19;s19;s21;s22;s23;s21s24;s18;s15s26;s10;s7d28;s29;d30;s31;s28d32;s3;d34;s35;s2d36;/rC:;;;;;;;;;;;;;;;;;;;;;;;;;;;;;;;;;;;;;"""	P51685_WT	ChEMBL:CHEMBL4596;ChEMBL:CHEMBL4596;EntrezID:1237	P51685	WT	CHEMBL855762;CHEMBL855762;PubChemAID:277746	PMID:17266208	2007.0	PMID:17266208;PMID:17266208;PubChemAID:277746	2007;2007;2010	0	0	0	1;1;0	0;0;1		=	  9.000;  9.150;  9.155	9.102	0.072	0.051	3.0	9.15	0.005	CCRs_HUMAN_annotated_09009	True
InChI=1S/C28H32N4O4S/c1-20-8-2-3-9-22(20)27(33)29-25-12-13-26(24-11-5-4-10-23(24)25)37(35,36)30-21-14-18-32(19-15-21)28(34)31-16-6-7-17-31/h2-5,8-13,21,30H,6-7,14-19H2,1H3,(H,29,33)_on_P51685_WT	High	ChEMBL31	ChEMBL31.compound.68521	Cc1c(C(=O)Nc2ccc(S(=O)(=O)NC3CCN(C(=O)N4CCCC4)CC3)c3c2cccc3)cccc1	XVLLKCMFVWAZFA-UHFFFAOYSA-N	InChI=1S/C28H32N4O4S/c1-20-8-2-3-9-22(20)27(33)29-25-12-13-26(24-11-5-4-10-23(24)25)37(35,36)30-21-14-18-32(19-15-21)28(34)31-16-6-7-17-31/h2-5,8-13,21,30H,6-7,14-19H2,1H3,(H,29,33)	"""AuxInfo=1/1/N:1,36,35,31,32,23,24,37,34,30,33,8,9,16,27,22,25,17,26,2,15,3,29,28,7,10,4,19,6,14,21,18,5,20,12,13,11/E:(6,7)(14,15)(16,17)(18,19)(35,36)/CRV:37.6/rA:37CCCCONCCCCSOONCCCNCONCCCCCCCCCCCCCCCC/rB:s1;d2;s3;d4;s4;s6;d7;s8;d9;s10;d11;d11;s11;s14;s15;s16;s17;s18;d19;s19;s21;s22;s23;s21s24;s18;s15s26;s10;s7d28;s29;d30;s31;s28d32;s3;d34;s35;s2d36;/rC:;;;;;;;;;;;;;;;;;;;;;;;;;;;;;;;;;;;;;"""	P51685_WT	ChEMBL:CHEMBL4596	P51685	WT	CHEMBL855762	PMID:17266208	2007.0	PMID:17266208	2007	0	0	0	1	0		=	  8.960	8.96	0.0	0.0	1.0	8.96	0.0	CCRs_HUMAN_annotated_09010	True
InChI=1S/C28H32N4O5S/c1-20-6-2-3-7-22(20)27(33)29-25-10-11-26(24-9-5-4-8-23(24)25)38(35,36)30-21-12-14-31(15-13-21)28(34)32-16-18-37-19-17-32/h2-11,21,30H,12-19H2,1H3,(H,29,33)_on_P51685_WT	High	ChEMBL31;ExCAPE-DB	ChEMBL31.compound.68518;16105893	Cc1c(C(=O)Nc2ccc(S(=O)(=O)NC3CCN(C(=O)N4CCOCC4)CC3)c3c2cccc3)cccc1	ATGATFNTNVKEJF-UHFFFAOYSA-N	InChI=1S/C28H32N4O5S/c1-20-6-2-3-7-22(20)27(33)29-25-10-11-26(24-9-5-4-8-23(24)25)38(35,36)30-21-12-14-31(15-13-21)28(34)32-16-18-37-19-17-32/h2-11,21,30H,12-19H2,1H3,(H,29,33)	"""AuxInfo=1/1/N:1,37,36,32,33,38,35,31,34,8,9,16,28,17,27,22,26,23,25,2,15,3,30,29,7,10,4,19,6,14,18,21,5,20,12,13,24,11/E:(12,13)(14,15)(16,17)(18,19)(35,36)/CRV:38.6/rA:38CCCCONCCCCSOONCCCNCONCCOCCCCCCCCCCCCCC/rB:s1;d2;s3;d4;s4;s6;d7;s8;d9;s10;d11;d11;s11;s14;s15;s16;s17;s18;d19;s19;s21;s22;s23;s24;s21s25;s18;s15s27;s10;s7d29;s30;d31;s32;s29d33;s3;d35;s36;s2d37;/rC:;;;;;;;;;;;;;;;;;;;;;;;;;;;;;;;;;;;;;;"""	P51685_WT	ChEMBL:CHEMBL4596;EntrezID:1237	P51685	WT	CHEMBL855762;PubChemAID:277746	PMID:17266208	2007.0	PMID:17266208;PubChemAID:277746	2007;2010	0	0	0	1;0	0;1		=	  8.200;  8.201	8.2	0.001	0.001	2.0	8.2	0.001	CCRs_HUMAN_annotated_09011	True
InChI=1S/C28H33N3O4S/c1-3-7-27(32)31-18-16-22(17-19-31)30-36(34,35)26-15-14-25(23-8-5-6-9-24(23)26)29-28(33)21-12-10-20(4-2)11-13-21/h5-6,8-15,22,30H,3-4,7,16-19H2,1-2H3,(H,29,33)_on_P51685_WT	High	ChEMBL31	ChEMBL31.compound.68555	CCCC(=O)N1CCC(NS(=O)(=O)c2ccc(NC(=O)c3ccc(CC)cc3)c3c2cccc3)CC1	CWZVZOMPFAPIDY-UHFFFAOYSA-N	InChI=1S/C28H33N3O4S/c1-3-7-27(32)31-18-16-22(17-19-31)30-36(34,35)26-15-14-25(23-8-5-6-9-24(23)26)29-28(33)21-12-10-20(4-2)11-13-21/h5-6,8-15,22,30H,3-4,7,16-19H2,1-2H3,(H,29,33)	"""AuxInfo=1/1/N:1,26,2,25,33,32,3,34,31,23,27,22,28,16,15,8,35,7,36,24,21,9,29,30,17,14,4,19,18,10,6,5,20,12,13,11/E:(10,11)(12,13)(16,17)(18,19)(34,35)/CRV:36.6/rA:36CCCCONCCCNSOOCCCCNCOCCCCCCCCCCCCCCCC/rB:s1;s2;s3;d4;s4;s6;s7;s8;s9;s10;d11;d11;s11;d14;s15;d16;s17;s18;d19;s19;d21;s22;d23;s24;s25;s24;s21d27;s17;s14d29;s30;d31;s32;s29d33;s9;s6s35;/rC:;;;;;;;;;;;;;;;;;;;;;;;;;;;;;;;;;;;;"""	P51685_WT	ChEMBL:CHEMBL4596	P51685	WT	CHEMBL855766	PMID:17266208	2007.0	PMID:17266208	2007	1	0	0	0	0		=	  7.970	7.97	0.0	0.0	1.0	7.97	0.0	CCRs_HUMAN_annotated_09077	True
InChI=1S/C28H34N4O4S/c1-20-8-2-3-9-22(20)28(34)30-25-13-14-26(24-11-5-4-10-23(24)25)37(35,36)31-21-15-18-32(19-16-21)27(33)12-6-7-17-29/h2-5,8-11,13-14,21,31H,6-7,12,15-19,29H2,1H3,(H,30,34)_on_P51685_WT	High	ExCAPE-DB;ChEMBL31	16105809;ChEMBL31.compound.68506	Cc1ccccc1C(=O)Nc1ccc(S(=O)(=O)NC2CCN(C(=O)CCCCN)CC2)c2ccccc12	SAAGNUZHTSXRHL-UHFFFAOYSA-N	InChI=1S/C28H34N4O4S/c1-20-8-2-3-9-22(20)28(34)30-25-13-14-26(24-11-5-4-10-23(24)25)37(35,36)31-21-15-18-32(19-16-21)27(33)12-6-7-17-29/h2-5,8-11,13-14,21,31H,6-7,12,15-19,29H2,1H3,(H,30,34)	"""AuxInfo=1/1/N:1,4,5,35,34,26,27,3,6,36,33,25,12,13,20,31,28,21,30,2,19,7,37,32,11,14,23,8,29,10,18,22,24,9,16,17,15/E:(15,16)(18,19)(35,36)/CRV:37.6/rA:37CCCCCCCCONCCCCSOONCCCNCOCCCCNCCCCCCCC/rB:s1;d2;s3;d4;s5;s2d6;s7;d8;s8;s10;d11;s12;d13;s14;d15;d15;s15;s18;s19;s20;s21;s22;d23;s23;s25;s26;s27;s28;s22;s19s30;s14;d32;s33;d34;s35;s11s32d36;/rC:;;;;;;;;;;;;;;;;;;;;;;;;;;;;;;;;;;;;;"""	P51685_WT	EntrezID:1237;ChEMBL:CHEMBL4596	P51685	WT	PubChemAID:277746;CHEMBL855762	PMID:17266208	2007.0	PubChemAID:277746;PMID:17266208	2010;2007	0	0	0	0;1	1;0		=	  6.701;  6.700	6.7	0.0	0.0	2.0	6.7	0.0	CCRs_HUMAN_annotated_09148	True
InChI=1S/C28H37N5O4S/c1-6-9-26(34)33-16-14-19(15-17-33)31-38(36,37)24-13-12-22(20-10-7-8-11-21(20)24)29-27(35)23-18-25(28(2,3)4)30-32(23)5/h7-8,10-13,18-19,31H,6,9,14-17H2,1-5H3,(H,29,35)_on_P51685_WT	High	ChEMBL31;ExCAPE-DB	ChEMBL31.compound.68548;16105863	CCCC(=O)N1CCC(NS(=O)(=O)c2ccc(NC(=O)c3cc(C(C)(C)C)nn3C)c3c2cccc3)CC1	PIKFRYPVXAWEDT-UHFFFAOYSA-N	InChI=1S/C28H37N5O4S/c1-6-9-26(34)33-16-14-19(15-17-33)31-38(36,37)24-13-12-22(20-10-7-8-11-21(20)24)29-27(35)23-18-25(28(2,3)4)30-32(23)5/h7-8,10-13,18-19,31H,6,9,14-17H2,1-5H3,(H,29,35)	"""AuxInfo=1/1/N:1,25,26,27,30,2,35,34,3,36,33,16,15,8,37,7,38,22,9,31,32,17,21,14,23,4,19,24,18,28,10,29,6,5,20,12,13,11/E:(2,3,4)(14,15)(16,17)(36,37)/CRV:38.6/rA:38CCCCONCCCNSOOCCCCNCOCCCCCCCNNCCCCCCCCC/rB:s1;s2;s3;d4;s4;s6;s7;s8;s9;s10;d11;d11;s11;d14;s15;d16;s17;s18;d19;s19;d21;s22;s23;s24;s24;s24;d23;s21s28;s29;s17;s14d31;s32;d33;s34;s31d35;s9;s6s37;/rC:;;;;;;;;;;;;;;;;;;;;;;;;;;;;;;;;;;;;;;"""	P51685_WT	ChEMBL:CHEMBL4596;EntrezID:1237	P51685	WT	CHEMBL855766;PubChemAID:277748	PMID:17266208	2007.0	PMID:17266208;PubChemAID:277748	2007;2010	1;0	0	0	0	0;1		=	  7.430;  7.432	7.431	0.001	0.001	2.0	7.431	0.001	CCRs_HUMAN_annotated_09360	True
InChI=1S/C29H21Cl2F4N3O7S2/c30-19-5-12-26(25(15-19)38-47(43,44)22-10-11-24(31)23(16-22)29(32,33)34)45-20-6-1-17(2-7-20)27(39)36-13-14-37-28(40)18-3-8-21(9-4-18)46(35,41)42/h1-12,15-16,38H,13-14H2,(H,36,39)(H,37,40)_on_P41597_WT	High	ChEMBL31	ChEMBL31.compound.462942	O=C(NCCNC(=O)c1ccc(S(=O)(=O)F)cc1)c1ccc(Oc2ccc(Cl)cc2NS(=O)(=O)c2ccc(Cl)c(C(F)(F)F)c2)cc1	SXCHQPVYJWXHSE-UHFFFAOYSA-N	InChI=1S/C29H21Cl2F4N3O7S2/c30-19-5-12-26(25(15-19)38-47(43,44)22-10-11-24(31)23(16-22)29(32,33)34)45-20-6-1-17(2-7-20)27(39)36-13-14-37-28(40)18-3-8-21(9-4-18)46(35,41)42/h1-12,15-16,38H,13-14H2,(H,36,39)(H,37,40)	"""AuxInfo=1/1/N:20,47,10,18,26,21,46,11,17,36,37,25,4,5,29,45,19,9,27,22,12,35,40,38,30,24,2,7,41,28,39,42,43,44,16,3,6,31,1,8,14,15,33,34,23,13,32/E:(1,2)(3,4)(6,7)(8,9)(32,33,34)(41,42)(43,44)/CRV:46.6,47.6/rA:47OCNCCNCOCCCCSOOFCCCCCCOCCCCClCCNSOOCCCCClCCFFFCCC/rB:d1;s2;s3;s4;s5;s6;d7;s7;d9;s10;d11;s12;d13;d13;s13;s12;s9d17;s2;d19;s20;d21;s22;s23;d24;s25;d26;s27;s27;s24d29;s30;s31;d32;d32;s32;d35;s36;d37;s38;s38;s40;s41;s41;s41;s35d40;s22;s19d46;/rC:;;;;;;;;;;;;;;;;;;;;;;;;;;;;;;;;;;;;;;;;;;;;;;;"""	P41597_WT	ChEMBL:CHEMBL4015;ChEMBL:CHEMBL4015	P41597	WT	CHEMBL4738275	PMID:33600174	2021.0	PMID:33600174	2021	0	0	0	1	0		=	  7.050;  7.200	7.125	0.075	0.075	2.0	7.125	0.075	CCRs_HUMAN_annotated_09511	True
InChI=1S/C29H33N3O4S/c1-20-8-2-5-11-23(20)28(33)30-26-14-15-27(25-13-7-6-12-24(25)26)37(35,36)31-22-16-18-32(19-17-22)29(34)21-9-3-4-10-21/h2,5-8,11-15,21-22,31H,3-4,9-10,16-19H2,1H3,(H,30,33)_on_P51685_WT	High	ChEMBL31;ExCAPE-DB	ChEMBL31.compound.68512;16105804	Cc1c(C(=O)Nc2ccc(S(=O)(=O)NC3CCN(C(=O)C4CCCC4)CC3)c3c2cccc3)cccc1	HZDJKINTDOPCKB-UHFFFAOYSA-N	InChI=1S/C29H33N3O4S/c1-20-8-2-5-11-23(20)28(33)30-26-14-15-27(25-13-7-6-12-24(25)26)37(35,36)31-22-16-18-32(19-17-22)29(34)21-9-3-4-10-21/h2,5-8,11-15,21-22,31H,3-4,9-10,16-19H2,1H3,(H,30,33)	"""AuxInfo=1/1/N:1,36,23,24,35,31,32,37,22,25,34,30,33,8,9,16,27,17,26,2,21,15,3,29,28,7,10,4,19,6,14,18,5,20,12,13,11/E:(3,4)(9,10)(16,17)(18,19)(35,36)/CRV:37.6/rA:37CCCCONCCCCSOONCCCNCOCCCCCCCCCCCCCCCCC/rB:s1;d2;s3;d4;s4;s6;d7;s8;d9;s10;d11;d11;s11;s14;s15;s16;s17;s18;d19;s19;s21;s22;s23;s21s24;s18;s15s26;s10;s7d28;s29;d30;s31;s28d32;s3;d34;s35;s2d36;/rC:;;;;;;;;;;;;;;;;;;;;;;;;;;;;;;;;;;;;;"""	P51685_WT	ChEMBL:CHEMBL4596;EntrezID:1237	P51685	WT	CHEMBL855762;PubChemAID:277746	PMID:17266208	2007.0	PMID:17266208;PubChemAID:277746	2007;2010	0	0	0	1;0	0;1		=	  8.040;  8.041	8.04	0.001	0.001	2.0	8.04	0.001	CCRs_HUMAN_annotated_09863	True
InChI=1S/C29H34N4O4S/c1-21-9-3-4-10-23(21)28(34)30-26-13-14-27(25-12-6-5-11-24(25)26)38(36,37)31-22-15-19-33(20-16-22)29(35)32-17-7-2-8-18-32/h3-6,9-14,22,31H,2,7-8,15-20H2,1H3,(H,30,34)_on_P51685_WT	High	ChEMBL31	ChEMBL31.compound.68520	Cc1c(C(=O)Nc2ccc(S(=O)(=O)NC3CCN(C(=O)N4CCCCC4)CC3)c3c2cccc3)cccc1	XBNXUTMILCXSPR-UHFFFAOYSA-N	InChI=1S/C29H34N4O4S/c1-21-9-3-4-10-23(21)28(34)30-26-13-14-27(25-12-6-5-11-24(25)26)38(36,37)31-22-15-19-33(20-16-22)29(35)32-17-7-2-8-18-32/h3-6,9-14,22,31H,2,7-8,15-20H2,1H3,(H,30,34)	"""AuxInfo=1/1/N:1,24,37,36,32,33,23,25,38,35,31,34,8,9,16,28,22,26,17,27,2,15,3,30,29,7,10,4,19,6,14,21,18,5,20,12,13,11/E:(7,8)(15,16)(17,18)(19,20)(36,37)/CRV:38.6/rA:38CCCCONCCCCSOONCCCNCONCCCCCCCCCCCCCCCCC/rB:s1;d2;s3;d4;s4;s6;d7;s8;d9;s10;d11;d11;s11;s14;s15;s16;s17;s18;d19;s19;s21;s22;s23;s24;s21s25;s18;s15s27;s10;s7d29;s30;d31;s32;s29d33;s3;d35;s36;s2d37;/rC:;;;;;;;;;;;;;;;;;;;;;;;;;;;;;;;;;;;;;;"""	P51685_WT	ChEMBL:CHEMBL4596	P51685	WT	CHEMBL855762	PMID:17266208	2007.0	PMID:17266208	2007	0	0	0	1	0		=	  8.380	8.38	0.0	0.0	1.0	8.38	0.0	CCRs_HUMAN_annotated_09932	True
InChI=1S/C29H35N3O4S/c1-3-10-28(33)32-19-17-22(18-20-32)31-37(35,36)27-16-15-26(24-13-8-9-14-25(24)27)30-29(34)23(4-2)21-11-6-5-7-12-21/h5-9,11-16,22-23,31H,3-4,10,17-20H2,1-2H3,(H,30,34)_on_P51685_WT	High	ChEMBL31	ChEMBL31.compound.68531	CCCC(=O)N1CCC(NS(=O)(=O)c2ccc(NC(=O)C(CC)c3ccccc3)c3c2cccc3)CC1	QAELIZCZGHKYIN-UHFFFAOYSA-N	InChI=1S/C29H35N3O4S/c1-3-10-28(33)32-19-17-22(18-20-32)31-37(35,36)27-16-15-26(24-13-8-9-14-25(24)27)30-29(34)23(4-2)21-11-6-5-7-12-21/h5-9,11-16,22-23,31H,3-4,10,17-20H2,1-2H3,(H,30,34)	"""AuxInfo=1/1/N:1,23,2,22,27,26,28,34,33,3,25,29,35,32,16,15,8,36,7,37,24,9,21,30,31,17,14,4,19,18,10,6,5,20,12,13,11/E:(6,7)(11,12)(17,18)(19,20)(35,36)/CRV:37.6/rA:37CCCCONCCCNSOOCCCCNCOCCCCCCCCCCCCCCCCC/rB:s1;s2;s3;d4;s4;s6;s7;s8;s9;s10;d11;d11;s11;d14;s15;d16;s17;s18;d19;s19;s21;s22;s21;d24;s25;d26;s27;s24d28;s17;s14d30;s31;d32;s33;s30d34;s9;s6s36;/rC:;;;;;;;;;;;;;;;;;;;;;;;;;;;;;;;;;;;;;"""	P51685_WT	ChEMBL:CHEMBL4596	P51685	WT	CHEMBL855766	PMID:17266208	2007.0	PMID:17266208	2007	1	0	0	0	0		=	  8.120	8.12	0.0	0.0	1.0	8.12	0.0	CCRs_HUMAN_annotated_09993	True
InChI=1S/C29H35N5O4S/c1-21-7-3-4-8-23(21)28(35)30-26-11-12-27(25-10-6-5-9-24(25)26)39(37,38)31-22-13-15-33(16-14-22)29(36)34-19-17-32(2)18-20-34/h3-12,22,31H,13-20H2,1-2H3,(H,30,35)_on_P51685_WT	High	ChEMBL31	ChEMBL31.compound.68519	Cc1c(C(=O)Nc2ccc(S(=O)(=O)NC3CCN(C(=O)N4CCN(C)CC4)CC3)c3c2cccc3)cccc1	OHPIAISBTHGTMM-UHFFFAOYSA-N	InChI=1S/C29H35N5O4S/c1-21-7-3-4-8-23(21)28(35)30-26-11-12-27(25-10-6-5-9-24(25)26)39(37,38)31-22-13-15-33(16-14-22)29(36)34-19-17-32(2)18-20-34/h3-12,22,31H,13-20H2,1-2H3,(H,30,35)	"""AuxInfo=1/1/N:1,25,38,37,33,34,39,36,32,35,8,9,16,29,17,28,23,26,22,27,2,15,3,31,30,7,10,4,19,6,14,24,18,21,5,20,12,13,11/E:(13,14)(15,16)(17,18)(19,20)(37,38)/CRV:39.6/rA:39CCCCONCCCCSOONCCCNCONCCNCCCCCCCCCCCCCCC/rB:s1;d2;s3;d4;s4;s6;d7;s8;d9;s10;d11;d11;s11;s14;s15;s16;s17;s18;d19;s19;s21;s22;s23;s24;s24;s21s26;s18;s15s28;s10;s7d30;s31;d32;s33;s30d34;s3;d36;s37;s2d38;/rC:;;;;;;;;;;;;;;;;;;;;;;;;;;;;;;;;;;;;;;;"""	P51685_WT	ChEMBL:CHEMBL4596	P51685	WT	CHEMBL855762	PMID:17266208	2007.0	PMID:17266208	2007	0	0	0	1	0		=	  8.380	8.38	0.0	0.0	1.0	8.38	0.0	CCRs_HUMAN_annotated_10006	True
InChI=1S/C29H36N4O5S/c1-21-9-4-5-10-23(21)28(34)30-26-13-14-27(25-12-7-6-11-24(25)26)39(36,37)31-22-15-18-33(19-16-22)29(35)38-20-8-17-32(2)3/h4-7,9-14,22,31H,8,15-20H2,1-3H3,(H,30,34)_on_P51685_WT	High	ChEMBL31	ChEMBL31.compound.68566	Cc1c(C(=O)Nc2ccc(S(=O)(=O)NC3CCN(C(=O)OCCCN(C)C)CC3)c3c2cccc3)cccc1	NNTFZCYXELBMNG-UHFFFAOYSA-N	InChI=1S/C29H36N4O5S/c1-21-9-4-5-10-23(21)28(34)30-26-13-14-27(25-12-7-6-11-24(25)26)39(36,37)31-22-15-18-33(19-16-22)29(35)38-20-8-17-32(2)3/h4-7,9-14,22,31H,8,15-20H2,1-3H3,(H,30,34)	"""AuxInfo=1/1/N:1,26,27,38,37,33,34,23,39,36,32,35,8,9,16,29,24,17,28,22,2,15,3,31,30,7,10,4,19,6,14,25,18,5,20,12,13,21,11/E:(2,3)(15,16)(18,19)(36,37)/CRV:39.6/rA:39CCCCONCCCCSOONCCCNCOOCCCNCCCCCCCCCCCCCC/rB:s1;d2;s3;d4;s4;s6;d7;s8;d9;s10;d11;d11;s11;s14;s15;s16;s17;s18;d19;s19;s21;s22;s23;s24;s25;s25;s18;s15s28;s10;s7d30;s31;d32;s33;s30d34;s3;d36;s37;s2d38;/rC:;;;;;;;;;;;;;;;;;;;;;;;;;;;;;;;;;;;;;;;"""	P51685_WT	ChEMBL:CHEMBL4596	P51685	WT	CHEMBL855766	PMID:17266208	2007.0	PMID:17266208	2007	1	0	0	0	0		=	  8.010	8.01	0.0	0.0	1.0	8.01	0.0	CCRs_HUMAN_annotated_10073	True
InChI=1S/C30H29N3O4S/c1-21-9-5-6-12-24(21)29(34)31-27-15-16-28(26-14-8-7-13-25(26)27)38(36,37)32-23-17-19-33(20-18-23)30(35)22-10-3-2-4-11-22/h2-16,23,32H,17-20H2,1H3,(H,31,34)_on_P51685_WT	High	ChEMBL31;ExCAPE-DB	ChEMBL31.compound.68503;16105882	Cc1c(C(=O)Nc2ccc(S(=O)(=O)NC3CCN(C(=O)c4ccccc4)CC3)c3c2cccc3)cccc1	BGAJBPXTYAWRIL-UHFFFAOYSA-N	InChI=1S/C30H29N3O4S/c1-21-9-5-6-12-24(21)29(34)31-27-15-16-28(26-14-8-7-13-25(26)27)38(36,37)32-23-17-19-33(20-18-23)30(35)22-10-3-2-4-11-22/h2-16,23,32H,17-20H2,1H3,(H,31,34)	"""AuxInfo=1/1/N:1,24,23,25,37,36,32,33,38,22,26,35,31,34,8,9,16,28,17,27,2,21,15,3,30,29,7,10,4,19,6,14,18,5,20,12,13,11/E:(3,4)(10,11)(17,18)(19,20)(36,37)/CRV:38.6/rA:38CCCCONCCCCSOONCCCNCOCCCCCCCCCCCCCCCCCC/rB:s1;d2;s3;d4;s4;s6;d7;s8;d9;s10;d11;d11;s11;s14;s15;s16;s17;s18;d19;s19;d21;s22;d23;s24;s21d25;s18;s15s27;s10;s7d29;s30;d31;s32;s29d33;s3;d35;s36;s2d37;/rC:;;;;;;;;;;;;;;;;;;;;;;;;;;;;;;;;;;;;;;"""	P51685_WT	ChEMBL:CHEMBL4596;EntrezID:1237	P51685	WT	CHEMBL855762;PubChemAID:277746	PMID:17266208	2007.0	PMID:17266208;PubChemAID:277746	2007;2010	0	0	0	1;0	0;1		=	  7.090;  7.091	7.091	0.0	0.0	2.0	7.091	0.001	CCRs_HUMAN_annotated_10361	True
InChI=1S/C30H30N4O4S/c1-21-9-5-6-12-24(21)29(35)32-27-15-16-28(26-14-8-7-13-25(26)27)39(37,38)33-23-17-19-34(20-18-23)30(36)31-22-10-3-2-4-11-22/h2-16,23,33H,17-20H2,1H3,(H,31,36)(H,32,35)_on_P51685_WT	High	ChEMBL31	ChEMBL31.compound.68524	Cc1c(C(=O)Nc2ccc(S(=O)(=O)NC3CCN(C(=O)Nc4ccccc4)CC3)c3c2cccc3)cccc1	KHXFJRHIHZXAEQ-UHFFFAOYSA-N	InChI=1S/C30H30N4O4S/c1-21-9-5-6-12-24(21)29(35)32-27-15-16-28(26-14-8-7-13-25(26)27)39(37,38)33-23-17-19-34(20-18-23)30(36)31-22-10-3-2-4-11-22/h2-16,23,33H,17-20H2,1H3,(H,31,36)(H,32,35)	"""AuxInfo=1/1/N:1,25,24,26,38,37,33,34,39,23,27,36,32,35,8,9,16,29,17,28,2,22,15,3,31,30,7,10,4,19,21,6,14,18,5,20,12,13,11/E:(3,4)(10,11)(17,18)(19,20)(37,38)/CRV:39.6/rA:39CCCCONCCCCSOONCCCNCONCCCCCCCCCCCCCCCCCC/rB:s1;d2;s3;d4;s4;s6;d7;s8;d9;s10;d11;d11;s11;s14;s15;s16;s17;s18;d19;s19;s21;d22;s23;d24;s25;s22d26;s18;s15s28;s10;s7d30;s31;d32;s33;s30d34;s3;d36;s37;s2d38;/rC:;;;;;;;;;;;;;;;;;;;;;;;;;;;;;;;;;;;;;;;"""	P51685_WT	ChEMBL:CHEMBL4596	P51685	WT	CHEMBL855762	PMID:17266208	2007.0	PMID:17266208	2007	0	0	0	1	0		=	  6.970	6.97	0.0	0.0	1.0	6.97	0.0	CCRs_HUMAN_annotated_10379	True
InChI=1S/C30H37N3O4S/c1-3-5-9-22-12-14-23(15-13-22)30(35)31-27-16-17-28(26-11-7-6-10-25(26)27)38(36,37)32-24-18-20-33(21-19-24)29(34)8-4-2/h6-7,10-17,24,32H,3-5,8-9,18-21H2,1-2H3,(H,31,35)_on_P51685_WT	High	ChEMBL31	ChEMBL31.compound.68554	CCCCc1ccc(C(=O)Nc2ccc(S(=O)(=O)NC3CCN(C(=O)CCC)CC3)c3c2cccc3)cc1	NVAASLCBIDYYCA-UHFFFAOYSA-N	InChI=1S/C30H37N3O4S/c1-3-5-9-22-12-14-23(15-13-22)30(35)31-27-16-17-28(26-11-7-6-10-25(26)27)38(36,37)32-24-18-20-33(21-19-24)29(34)8-4-2/h6-7,10-17,24,32H,3-5,8-9,18-21H2,1-2H3,(H,31,35)	"""AuxInfo=1/1/N:1,28,2,27,3,34,35,26,4,33,36,6,38,7,37,13,14,21,30,22,29,5,8,20,32,31,12,15,24,9,11,19,23,25,10,17,18,16/E:(12,13)(14,15)(18,19)(20,21)(36,37)/CRV:38.6/rA:38CCCCCCCCCONCCCCSOONCCCNCOCCCCCCCCCCCCC/rB:s1;s2;s3;s4;d5;s6;d7;s8;d9;s9;s11;d12;s13;d14;s15;d16;d16;s16;s19;s20;s21;s22;s23;d24;s24;s26;s27;s23;s20s29;s15;s12d31;s32;d33;s34;s31d35;s8;s5d37;/rC:;;;;;;;;;;;;;;;;;;;;;;;;;;;;;;;;;;;;;;"""	P51685_WT	ChEMBL:CHEMBL4596	P51685	WT	CHEMBL855766	PMID:17266208	2007.0	PMID:17266208	2007	1	0	0	0	0		=	  7.820	7.82	0.0	0.0	1.0	7.82	0.0	CCRs_HUMAN_annotated_10725	True
InChI=1S/C30H37N3O4S/c1-5-8-28(34)33-19-17-23(18-20-33)32-38(36,37)27-16-15-26(24-9-6-7-10-25(24)27)31-29(35)21-11-13-22(14-12-21)30(2,3)4/h6-7,9-16,23,32H,5,8,17-20H2,1-4H3,(H,31,35)_on_P51685_WT	High	ChEMBL31;ExCAPE-DB	ChEMBL31.compound.68553;16105861	CCCC(=O)N1CCC(NS(=O)(=O)c2ccc(NC(=O)c3ccc(C(C)(C)C)cc3)c3c2cccc3)CC1	NFULGCSRYNEYAI-UHFFFAOYSA-N	InChI=1S/C30H37N3O4S/c1-5-8-28(34)33-19-17-23(18-20-33)32-38(36,37)27-16-15-26(24-9-6-7-10-25(24)27)31-29(35)21-11-13-22(14-12-21)30(2,3)4/h6-7,9-16,23,32H,5,8,17-20H2,1-4H3,(H,31,35)	"""AuxInfo=1/1/N:1,26,27,28,2,35,34,3,36,33,22,30,23,29,16,15,8,37,7,38,21,24,9,31,32,17,14,4,19,25,18,10,6,5,20,12,13,11/E:(2,3,4)(11,12)(13,14)(17,18)(19,20)(36,37)/CRV:38.6/rA:38CCCCONCCCNSOOCCCCNCOCCCCCCCCCCCCCCCCCC/rB:s1;s2;s3;d4;s4;s6;s7;s8;s9;s10;d11;d11;s11;d14;s15;d16;s17;s18;d19;s19;d21;s22;d23;s24;s25;s25;s25;s24;s21d29;s17;s14d31;s32;d33;s34;s31d35;s9;s6s37;/rC:;;;;;;;;;;;;;;;;;;;;;;;;;;;;;;;;;;;;;;"""	P51685_WT	ChEMBL:CHEMBL4596;EntrezID:1237	P51685	WT	CHEMBL855766;PubChemAID:277748	PMID:17266208	2007.0	PMID:17266208;PubChemAID:277748	2007;2010	1;0	0	0	0	0;1		=	  8.160;  8.161	8.16	0.001	0.001	2.0	8.16	0.0	CCRs_HUMAN_annotated_10726	True
InChI=1S/C30H37N3O5S2/c1-30(2,3)33-40(37,38)25-14-13-23(21-11-7-8-12-22(21)25)26-24(15-18-9-5-4-6-10-18)32-28(39-26)27(34)31-20-16-19(17-20)29(35)36/h7-8,11-14,18-20,33H,4-6,9-10,15-17H2,1-3H3,(H,31,34)(H,35,36)/t19-,20-_on_P25025_WT	High	ChEMBL31	ChEMBL31.compound.374385	CC(C)(C)NS(=O)(=O)c1ccc(-c2c(CC3CCCCC3)nc(C(=O)N[C@H]3C[C@H](C(=O)O)C3)s2)c2c1cccc2	KYIGOCCCBXRHNJ-MXVIHJGJSA-N	InChI=1S/C30H37N3O5S2/c1-30(2,3)33-40(37,38)25-14-13-23(21-11-7-8-12-22(21)25)26-24(15-18-9-5-4-6-10-18)32-28(39-26)27(34)31-20-16-19(17-20)29(35)36/h7-8,11-14,18-20,33H,4-6,9-10,15-17H2,1-3H3,(H,31,34)(H,35,36)/t19-,20-	"""AuxInfo=1/1/N:1,3,4,19,18,20,39,38,17,21,40,37,11,10,15,28,33,16,29,27,35,36,12,14,9,13,24,23,30,2,26,22,5,25,31,32,7,8,34,6/E:(1,2,3)(5,6)(9,10)(16,17)(35,36)(37,38)/CRV:40.6/rA:40CCCCNSOOCCCCCCCCCCCCCNCCONC.oCC.eCOOCSCCCCCC/rB:s1;s2;s2;s2;s5;d6;d6;s6;d9;s10;d11;s12;d13;s14;s15;s16;s17;s18;s19;s16s20;s14;d22;s23;d24;s24;s26;s27;s28;s29;d30;s30;s27s29;s13s23;s12;s9d35;s36;d37;s38;s35d39;/rC:;;;;;;;;;;;;;;;;;;;;;;;;;;;;;;;;;;;;;;;;"""	P25025_WT	ChEMBL:CHEMBL2434	P25025	WT	CHEMBL4121480	PMID:29631962	2018.0	PMID:29631962	2018	1	0	0	0	0		=	  9.620	9.62	0.0	0.0	1.0	9.62	0.0	CCRs_HUMAN_annotated_10727	True
InChI=1S/C30H37N3O5S2/c1-30(2,3)33-40(37,38)25-14-13-23(21-11-7-8-12-22(21)25)26-24(15-18-9-5-4-6-10-18)32-28(39-26)27(34)31-20-16-19(17-20)29(35)36/h7-8,11-14,18-20,33H,4-6,9-10,15-17H2,1-3H3,(H,31,34)(H,35,36)/t19-,20-_on_P32246_WT	High	ChEMBL31	ChEMBL31.compound.374385	CC(C)(C)NS(=O)(=O)c1ccc(-c2c(CC3CCCCC3)nc(C(=O)N[C@H]3C[C@H](C(=O)O)C3)s2)c2c1cccc2	KYIGOCCCBXRHNJ-MXVIHJGJSA-N	InChI=1S/C30H37N3O5S2/c1-30(2,3)33-40(37,38)25-14-13-23(21-11-7-8-12-22(21)25)26-24(15-18-9-5-4-6-10-18)32-28(39-26)27(34)31-20-16-19(17-20)29(35)36/h7-8,11-14,18-20,33H,4-6,9-10,15-17H2,1-3H3,(H,31,34)(H,35,36)/t19-,20-	"""AuxInfo=1/1/N:1,3,4,19,18,20,39,38,17,21,40,37,11,10,15,28,33,16,29,27,35,36,12,14,9,13,24,23,30,2,26,22,5,25,31,32,7,8,34,6/E:(1,2,3)(5,6)(9,10)(16,17)(35,36)(37,38)/CRV:40.6/rA:40CCCCNSOOCCCCCCCCCCCCCNCCONC.oCC.eCOOCSCCCCCC/rB:s1;s2;s2;s2;s5;d6;d6;s6;d9;s10;d11;s12;d13;s14;s15;s16;s17;s18;s19;s16s20;s14;d22;s23;d24;s24;s26;s27;s28;s29;d30;s30;s27s29;s13s23;s12;s9d35;s36;d37;s38;s35d39;/rC:;;;;;;;;;;;;;;;;;;;;;;;;;;;;;;;;;;;;;;;;"""	P32246_WT	ChEMBL:CHEMBL2413	P32246	WT	CHEMBL4121481	PMID:29631962	2018.0	PMID:29631962	2018	1	0	0	0	0		=	 10.090	10.09	0.0	0.0	1.0	10.09	0.0	CCRs_HUMAN_annotated_10728	True
InChI=1S/C31H38N4O5S/c1-23-7-2-3-8-25(23)31(37)32-28-12-13-29(27-10-5-4-9-26(27)28)41(38,39)33-24-14-17-35(18-15-24)30(36)11-6-16-34-19-21-40-22-20-34/h2-5,7-10,12-13,24,33H,6,11,14-22H2,1H3,(H,32,37)_on_P51685_WT	High	ChEMBL31	ChEMBL31.compound.68517	Cc1c(C(=O)Nc2ccc(S(=O)(=O)NC3CCN(C(=O)CCCN4CCOCC4)CC3)c3c2cccc3)cccc1	PEXVJRSYTQCVFU-UHFFFAOYSA-N	InChI=1S/C31H38N4O5S/c1-23-7-2-3-8-25(23)31(37)32-28-12-13-29(27-10-5-4-9-26(27)28)41(38,39)33-24-14-17-35(18-15-24)30(36)11-6-16-34-19-21-40-22-20-34/h2-5,7-10,12-13,24,33H,6,11,14-22H2,1H3,(H,32,37)	"""AuxInfo=1/1/N:1,40,39,35,36,22,41,38,34,37,21,8,9,16,31,23,17,30,25,29,26,28,2,15,3,33,32,7,10,19,4,6,14,24,18,20,5,12,13,27,11/E:(14,15)(17,18)(19,20)(21,22)(38,39)/CRV:41.6/rA:41CCCCONCCCCSOONCCCNCOCCCNCCOCCCCCCCCCCCCCC/rB:s1;d2;s3;d4;s4;s6;d7;s8;d9;s10;d11;d11;s11;s14;s15;s16;s17;s18;d19;s19;s21;s22;s23;s24;s25;s26;s27;s24s28;s18;s15s30;s10;s7d32;s33;d34;s35;s32d36;s3;d38;s39;s2d40;/rC:;;;;;;;;;;;;;;;;;;;;;;;;;;;;;;;;;;;;;;;;;"""	P51685_WT	ChEMBL:CHEMBL4596	P51685	WT	CHEMBL855762	PMID:17266208	2007.0	PMID:17266208	2007	0	0	0	1	0		=	  7.150	7.15	0.0	0.0	1.0	7.15	0.0	CCRs_HUMAN_annotated_11267	True
InChI=1S/C31H38N4O5S/c1-23-9-2-3-10-25(23)30(36)32-28-13-14-29(27-12-5-4-11-26(27)28)41(38,39)33-24-15-20-35(21-16-24)31(37)40-22-8-19-34-17-6-7-18-34/h2-5,9-14,24,33H,6-8,15-22H2,1H3,(H,32,36)_on_P51685_WT	High	ChEMBL31	ChEMBL31.compound.68564	Cc1c(C(=O)Nc2ccc(S(=O)(=O)NC3CCN(C(=O)OCCCN4CCCC4)CC3)c3c2cccc3)cccc1	BRFSLLFZOHATFX-UHFFFAOYSA-N	InChI=1S/C31H38N4O5S/c1-23-9-2-3-10-25(23)30(36)32-28-13-14-29(27-12-5-4-11-26(27)28)41(38,39)33-24-15-20-35(21-16-24)31(37)40-22-8-19-34-17-6-7-18-34/h2-5,9-14,24,33H,6-8,15-22H2,1H3,(H,32,36)	"""AuxInfo=1/1/N:1,40,39,35,36,27,28,23,41,38,34,37,8,9,16,31,26,29,24,17,30,22,2,15,3,33,32,7,10,4,19,6,14,25,18,5,20,12,13,21,11/E:(6,7)(15,16)(17,18)(20,21)(38,39)/CRV:41.6/rA:41CCCCONCCCCSOONCCCNCOOCCCNCCCCCCCCCCCCCCCC/rB:s1;d2;s3;d4;s4;s6;d7;s8;d9;s10;d11;d11;s11;s14;s15;s16;s17;s18;d19;s19;s21;s22;s23;s24;s25;s26;s27;s25s28;s18;s15s30;s10;s7d32;s33;d34;s35;s32d36;s3;d38;s39;s2d40;/rC:;;;;;;;;;;;;;;;;;;;;;;;;;;;;;;;;;;;;;;;;;"""	P51685_WT	ChEMBL:CHEMBL4596	P51685	WT	CHEMBL855766	PMID:17266208	2007.0	PMID:17266208	2007	1	0	0	0	0		=	  8.380	8.38	0.0	0.0	1.0	8.38	0.0	CCRs_HUMAN_annotated_11268	True
InChI=1S/C31H39N3O4S/c1-3-5-6-10-23-13-15-24(16-14-23)31(36)32-28-17-18-29(27-12-8-7-11-26(27)28)39(37,38)33-25-19-21-34(22-20-25)30(35)9-4-2/h7-8,11-18,25,33H,3-6,9-10,19-22H2,1-2H3,(H,32,36)_on_P51685_WT	High	ExCAPE-DB;ChEMBL31	16105775;ChEMBL31.compound.68552	CCCCCc1ccc(C(=O)Nc2ccc(S(=O)(=O)NC3CCN(C(=O)CCC)CC3)c3ccccc23)cc1	ZGKUKXPHLCLKQW-UHFFFAOYSA-N	InChI=1S/C31H39N3O4S/c1-3-5-6-10-23-13-15-24(16-14-23)31(36)32-28-17-18-29(27-12-8-7-11-26(27)28)39(37,38)33-25-19-21-34(22-20-25)30(35)9-4-2/h7-8,11-18,25,33H,3-6,9-10,19-22H2,1-2H3,(H,32,36)	"""AuxInfo=1/1/N:1,29,2,28,3,4,35,34,27,5,36,33,7,39,8,38,14,15,22,31,23,30,6,9,21,37,32,13,16,25,10,12,20,24,26,11,18,19,17/E:(13,14)(15,16)(19,20)(21,22)(37,38)/CRV:39.6/rA:39CCCCCCCCCCONCCCCSOONCCCNCOCCCCCCCCCCCCC/rB:s1;s2;s3;s4;s5;d6;s7;d8;s9;d10;s10;s12;d13;s14;d15;s16;d17;d17;s17;s20;s21;s22;s23;s24;d25;s25;s27;s28;s24;s21s30;s16;d32;s33;d34;s35;s13s32d36;s9;s6d38;/rC:;;;;;;;;;;;;;;;;;;;;;;;;;;;;;;;;;;;;;;;"""	P51685_WT	EntrezID:1237;ChEMBL:CHEMBL4596	P51685	WT	PubChemAID:277748;CHEMBL855766	PMID:17266208	2007.0	PubChemAID:277748;PMID:17266208	2010;2007	0;1	0	0	0	1;0		=	  7.442;  7.440	7.441	0.001	0.001	2.0	7.441	0.001	CCRs_HUMAN_annotated_11302	True
InChI=1S/C31H40N4O4S/c1-4-34(5-2)20-10-15-30(36)35-21-18-24(19-22-35)33-40(38,39)29-17-16-28(26-13-8-9-14-27(26)29)32-31(37)25-12-7-6-11-23(25)3/h6-9,11-14,16-17,24,33H,4-5,10,15,18-22H2,1-3H3,(H,32,37)_on_P51685_WT	High	ChEMBL31	ChEMBL31.compound.68516	CCN(CC)CCCC(=O)N1CCC(NS(=O)(=O)c2ccc(NC(=O)c3c(C)cccc3)c3c2cccc3)CC1	XFRHBBPDPCGXOJ-UHFFFAOYSA-N	InChI=1S/C31H40N4O4S/c1-4-34(5-2)20-10-15-30(36)35-21-18-24(19-22-35)33-40(38,39)29-17-16-28(26-13-8-9-14-27(26)29)32-31(37)25-12-7-6-11-23(25)3/h6-9,11-14,16-17,24,33H,4-5,10,15,18-22H2,1-3H3,(H,32,37)	"""AuxInfo=1/1/N:1,5,28,2,4,30,31,37,36,7,29,32,38,35,8,21,20,13,39,6,12,40,27,14,26,33,34,22,19,9,24,23,15,3,11,10,25,17,18,16/E:(1,2)(4,5)(18,19)(21,22)(38,39)/CRV:40.6/rA:40CCNCCCCCCONCCCNSOOCCCCNCOCCCCCCCCCCCCCCC/rB:s1;s2;s3;s4;s3;s6;s7;s8;d9;s9;s11;s12;s13;s14;s15;d16;d16;s16;d19;s20;d21;s22;s23;d24;s24;d26;s27;s27;d29;s30;s26d31;s22;s19d33;s34;d35;s36;s33d37;s14;s11s39;/rC:;;;;;;;;;;;;;;;;;;;;;;;;;;;;;;;;;;;;;;;;"""	P51685_WT	ChEMBL:CHEMBL4596	P51685	WT	CHEMBL855762	PMID:17266208	2007.0	PMID:17266208	2007	0	0	0	1	0		=	  6.250	6.25	0.0	0.0	1.0	6.25	0.0	CCRs_HUMAN_annotated_11351	True
InChI=1S/C31H40N4O5S/c1-4-34(5-2)19-10-22-40-31(37)35-20-17-24(18-21-35)33-41(38,39)29-16-15-28(26-13-8-9-14-27(26)29)32-30(36)25-12-7-6-11-23(25)3/h6-9,11-16,24,33H,4-5,10,17-22H2,1-3H3,(H,32,36)_on_P51685_WT	High	ChEMBL31	ChEMBL31.compound.68565	CCN(CC)CCCOC(=O)N1CCC(NS(=O)(=O)c2ccc(NC(=O)c3c(C)cccc3)c3c2cccc3)CC1	OUUXOBPMSJBDDF-UHFFFAOYSA-N	InChI=1S/C31H40N4O5S/c1-4-34(5-2)19-10-22-40-31(37)35-20-17-24(18-21-35)33-41(38,39)29-16-15-28(26-13-8-9-14-27(26)29)32-30(36)25-12-7-6-11-23(25)3/h6-9,11-16,24,33H,4-5,10,17-22H2,1-3H3,(H,32,36)	"""AuxInfo=1/1/N:1,5,29,2,4,31,32,38,37,7,30,33,39,36,22,21,14,40,6,13,41,8,28,15,27,34,35,23,20,25,10,24,16,3,12,26,11,18,19,9,17/E:(1,2)(4,5)(17,18)(20,21)(38,39)/CRV:41.6/rA:41CCNCCCCCOCONCCCNSOOCCCCNCOCCCCCCCCCCCCCCC/rB:s1;s2;s3;s4;s3;s6;s7;s8;s9;d10;s10;s12;s13;s14;s15;s16;d17;d17;s17;d20;s21;d22;s23;s24;d25;s25;d27;s28;s28;d30;s31;s27d32;s23;s20d34;s35;d36;s37;s34d38;s15;s12s40;/rC:;;;;;;;;;;;;;;;;;;;;;;;;;;;;;;;;;;;;;;;;;"""	P51685_WT	ChEMBL:CHEMBL4596	P51685	WT	CHEMBL855766	PMID:17266208	2007.0	PMID:17266208	2007	1	0	0	0	0		=	  7.840	7.84	0.0	0.0	1.0	7.84	0.0	CCRs_HUMAN_annotated_11353	True
InChI=1S/C32H34N4O4S/c1-22-8-4-5-9-26(22)31(37)33-29-16-17-30(28-11-7-6-10-27(28)29)41(39,40)34-24-18-20-36(21-19-24)32(38)23-12-14-25(15-13-23)35(2)3/h4-17,24,34H,18-21H2,1-3H3,(H,33,37)_on_P51685_WT	High	ChEMBL31;ExCAPE-DB	ChEMBL31.compound.68502;16105813	Cc1c(C(=O)Nc2ccc(S(=O)(=O)NC3CCN(C(=O)c4ccc(N(C)C)cc4)CC3)c3c2cccc3)cccc1	BHZXLKKDUQLDFB-UHFFFAOYSA-N	InChI=1S/C32H34N4O4S/c1-22-8-4-5-9-26(22)31(37)33-29-16-17-30(28-11-7-6-10-27(28)29)41(39,40)34-24-18-20-36(21-19-24)32(38)23-12-14-25(15-13-23)35(2)3/h4-17,24,34H,18-21H2,1-3H3,(H,33,37)	"""AuxInfo=1/1/N:1,26,27,40,39,35,36,41,38,34,37,22,29,23,28,8,9,16,31,17,30,2,21,15,24,3,33,32,7,10,4,19,6,14,25,18,5,20,12,13,11/E:(2,3)(12,13)(14,15)(18,19)(20,21)(39,40)/CRV:41.6/rA:41CCCCONCCCCSOONCCCNCOCCCCNCCCCCCCCCCCCCCCC/rB:s1;d2;s3;d4;s4;s6;d7;s8;d9;s10;d11;d11;s11;s14;s15;s16;s17;s18;d19;s19;d21;s22;d23;s24;s25;s25;s24;s21d28;s18;s15s30;s10;s7d32;s33;d34;s35;s32d36;s3;d38;s39;s2d40;/rC:;;;;;;;;;;;;;;;;;;;;;;;;;;;;;;;;;;;;;;;;;"""	P51685_WT	ChEMBL:CHEMBL4596;EntrezID:1237	P51685	WT	CHEMBL855762;PubChemAID:277746	PMID:17266208	2007.0	PMID:17266208;PubChemAID:277746	2007;2010	0	0	0	1;0	0;1		=	  6.940;  6.943	6.941	0.001	0.001	2.0	6.941	0.001	CCRs_HUMAN_annotated_11568	True
InChI=1S/C33H35N3O5S/c1-2-8-32(37)36-21-19-26(20-22-36)35-42(39,40)31-18-17-30(28-11-6-7-12-29(28)31)34-33(38)25-13-15-27(16-14-25)41-23-24-9-4-3-5-10-24/h3-7,9-18,26,35H,2,8,19-23H2,1H3,(H,34,38)_on_P51685_WT	High	ChEMBL31	ChEMBL31.compound.68551	CCCC(=O)N1CCC(NS(=O)(=O)c2ccc(NC(=O)c3ccc(OCc4ccccc4)cc3)c3c2cccc3)CC1	YDOYYIGKVCDFOT-UHFFFAOYSA-N	InChI=1S/C33H35N3O5S/c1-2-8-32(37)36-21-19-26(20-22-36)35-42(39,40)31-18-17-30(28-11-6-7-12-29(28)31)34-33(38)25-13-15-27(16-14-25)41-23-24-9-4-3-5-10-24/h3-7,9-18,26,35H,2,8,19-23H2,1H3,(H,34,38)	"""AuxInfo=1/1/N:1,2,30,29,31,39,38,3,28,32,40,37,22,34,23,33,16,15,8,41,7,42,26,27,21,9,24,35,36,17,14,4,19,18,10,6,5,20,12,13,25,11/E:(4,5)(9,10)(13,14)(15,16)(19,20)(21,22)(39,40)/CRV:42.6/rA:42CCCCONCCCNSOOCCCCNCOCCCCOCCCCCCCCCCCCCCCCC/rB:s1;s2;s3;d4;s4;s6;s7;s8;s9;s10;d11;d11;s11;d14;s15;d16;s17;s18;d19;s19;d21;s22;d23;s24;s25;s26;d27;s28;d29;s30;s27d31;s24;s21d33;s17;s14d35;s36;d37;s38;s35d39;s9;s6s41;/rC:;;;;;;;;;;;;;;;;;;;;;;;;;;;;;;;;;;;;;;;;;;"""	P51685_WT	ChEMBL:CHEMBL4596	P51685	WT	CHEMBL855766	PMID:17266208	2007.0	PMID:17266208	2007	1	0	0	0	0		=	  7.610	7.61	0.0	0.0	1.0	7.61	0.0	CCRs_HUMAN_annotated_11927	True
InChI=1S/C33H40N4O4S/c1-3-21-37(32(38)41-25-26-12-6-4-7-13-26)28-18-22-36(23-19-28)24-20-33(2,27-14-8-5-9-15-27)31-34-29-16-10-11-17-30(29)42(39,40)35-31/h3-17,28,31,34-35H,1,18-25H2,2H3_on_P51681_WT	Medium	ChEMBL31	ChEMBL31.compound.635048	C=CCN(C(=O)OCc1ccccc1)C1CCN(CCC(C)(c2ccccc2)C2Nc3c(cccc3)S(=O)(=O)N2)CC1	MJDPZVNLAHDUND-UHFFFAOYSA-N	InChI=1S/C33H40N4O4S/c1-3-21-37(32(38)41-25-26-12-6-4-7-13-26)28-18-22-36(23-19-28)24-20-33(2,27-14-8-5-9-15-27)31-34-29-16-10-11-17-30(29)42(39,40)35-31/h3-17,28,31,34-35H,1,18-25H2,2H3	"""AuxInfo=1/0/N:1,22,2,12,26,11,13,25,27,35,34,10,14,24,28,36,33,16,42,20,3,17,41,19,8,9,23,15,31,32,29,5,21,30,40,18,4,6,38,39,7,37/E:(6,7)(8,9)(12,13)(14,15)(18,19)(22,23)(39,40)/CRV:42.6/rA:42CCCNCOOCCCCCCCCCCNCCCCCCCCCCCNCCCCCCSOONCC/rB:d1;s2;s3;s4;d5;s5;s7;s8;d9;s10;d11;s12;s9d13;s4;s15;s16;s17;s18;s19;s20;s21;s21;d23;s24;d25;s26;s23d27;s21;s29;s30;d31;s32;d33;s34;s31d35;s32;d37;d37;s29s37;s18;s15s41;/rC:;;;;;;;;;;;;;;;;;;;;;;;;;;;;;;;;;;;;;;;;;;"""	P51681_WT	ChEMBL:CHEMBL274;ChEMBL:CHEMBL274	P51681	WT	CHEMBL654653	PMID:11720852	2001.0	PMID:11720852	2001	1	0	0	0	0		=	  7.750;  7.260	7.505	0.245	0.245	2.0	7.505	0.245	CCRs_HUMAN_annotated_12049	True
InChI=1S/C33H42N4O6S/c1-23-9-4-5-10-27(23)32(38)34-30-13-14-31(29-12-7-6-11-28(29)30)44(40,41)35-26-15-18-37(19-16-26)33(39)42-20-8-17-36-21-24(2)43-25(3)22-36/h4-7,9-14,24-26,35H,8,15-22H2,1-3H3,(H,34,38)_on_P51685_WT	High	ChEMBL31	ChEMBL31.compound.68563	Cc1c(C(=O)Nc2ccc(S(=O)(=O)NC3CCN(C(=O)OCCCN4CC(C)OC(C)C4)CC3)c3c2cccc3)cccc1	RCSMPRZXADOTLA-UHFFFAOYSA-N	InChI=1S/C33H42N4O6S/c1-23-9-4-5-10-27(23)32(38)34-30-13-14-31(29-12-7-6-11-28(29)30)44(40,41)35-26-15-18-37(19-16-26)33(39)42-20-8-17-36-21-24(2)43-25(3)22-36/h4-7,9-14,24-26,35H,8,15-22H2,1-3H3,(H,34,38)	"""AuxInfo=1/1/N:1,28,31,43,42,38,39,23,44,41,37,40,8,9,16,34,24,17,33,22,26,32,2,27,30,15,3,36,35,7,10,4,19,6,14,25,18,5,20,12,13,21,29,11/E:(2,3)(15,16)(18,19)(21,22)(24,25)(40,41)/CRV:44.6/rA:44CCCCONCCCCSOONCCCNCOOCCCNCCCOCCCCCCCCCCCCCCC/rB:s1;d2;s3;d4;s4;s6;d7;s8;d9;s10;d11;d11;s11;s14;s15;s16;s17;s18;d19;s19;s21;s22;s23;s24;s25;s26;s27;s27;s29;s30;s25s30;s18;s15s33;s10;s7d35;s36;d37;s38;s35d39;s3;d41;s42;s2d43;/rC:;;;;;;;;;;;;;;;;;;;;;;;;;;;;;;;;;;;;;;;;;;;;"""	P51685_WT	ChEMBL:CHEMBL4596	P51685	WT	CHEMBL855766	PMID:17266208	2007.0	PMID:17266208	2007	1	0	0	0	0		=	  7.710	7.71	0.0	0.0	1.0	7.71	0.0	CCRs_HUMAN_annotated_12149	True
InChI=1S/C34H45FN4O5S/c1-3-17-39(32(40)20-25-11-13-31(14-12-25)45(43,44)36-2)30-15-18-37(19-16-30)22-28-23-38(33(41)26-7-4-5-8-26)24-34(28,42)27-9-6-10-29(35)21-27/h3,6,9-14,21,26,28,30,36,42H,1,4-5,7-8,15-20,22-24H2,2H3/t28-,34-/m0/s1_on_P51681_WT	High	ChEMBL31	ChEMBL31.compound.145229	C=CCN(C(=O)Cc1ccc(S(=O)(=O)NC)cc1)C1CCN(C[C@H]2CN(C(=O)C3CCCC3)C[C@]2(O)c2cc(F)ccc2)CC1	RZMGRJBVDVCQMQ-GVYVVWIYSA-N	InChI=1S/C34H45FN4O5S/c1-3-17-39(32(40)20-25-11-13-31(14-12-25)45(43,44)36-2)30-15-18-37(19-16-30)22-28-23-38(33(41)26-7-4-5-8-26)24-34(28,42)27-9-6-10-29(35)21-27/h3,6,9-14,21,26,28,30,36,42H,1,4-5,7-8,15-20,22-24H2,2H3/t28-,34-/m0/s1	"""AuxInfo=1/0/N:1,16,2,31,32,42,30,33,43,41,9,18,10,17,20,45,3,21,44,7,38,23,25,34,8,29,37,24,39,19,11,5,27,35,40,15,22,26,4,6,28,36,13,14,12/E:(4,5)(7,8)(11,12)(13,14)(15,16)(18,19)(43,44)/it:im/CRV:45.6/rA:45CCCNCOCCCCCSOONCCCCCCNCC.oCNCOCCCCCCC.eOCCCFCCCCC/rB:d1;s2;s3;s4;d5;s5;s7;d8;s9;d10;s11;d12;d12;s12;s15;s11;s8d17;s4;s19;s20;s21;s22;s23;s24;s25;s26;d27;s27;s29;s30;s31;s29s32;s26;s24s34;s35;s35;d37;s38;s39;d39;s41;s37d42;s22;s19s44;/rC:;;;;;;;;;;;;;;;;;;;;;;;;;;;;;;;;;;;;;;;;;;;;;"""	P51681_WT	ChEMBL:CHEMBL274	P51681	WT	CHEMBL1227659	PMID:20674358	2010.0	PMID:20674358	2010	1	0	0	0	0		=	  8.530	8.53	0.0	0.0	1.0	8.53	0.0	CCRs_HUMAN_annotated_12448	True
InChI=1S/C34H45FN4O5S/c1-3-18-39(32(40)21-25-8-14-31(15-9-25)45(43,44)36-2)30-16-19-37(20-17-30)22-28-23-38(33(41)26-6-4-5-7-26)24-34(28,42)27-10-12-29(35)13-11-27/h3,8-15,26,28,30,36,42H,1,4-7,16-24H2,2H3/t28-,34-/m0/s1_on_P51681_WT	High	ChEMBL31;ExCAPE-DB	ChEMBL31.compound.145228;49864972	C=CCN(C(=O)Cc1ccc(S(=O)(=O)NC)cc1)C1CCN(C[C@H]2CN(C(=O)C3CCCC3)C[C@]2(O)c2ccc(F)cc2)CC1	VWFZQEZALJUOAZ-GVYVVWIYSA-N	InChI=1S/C34H45FN4O5S/c1-3-18-39(32(40)21-25-8-14-31(15-9-25)45(43,44)36-2)30-16-19-37(20-17-30)22-28-23-38(33(41)26-6-4-5-7-26)24-34(28,42)27-10-12-29(35)13-11-27/h3,8-15,26,28,30,36,42H,1,4-7,16-24H2,2H3/t28-,34-/m0/s1	"""AuxInfo=1/0/N:1,16,2,31,32,30,33,9,18,38,43,39,42,10,17,20,45,3,21,44,7,23,25,34,8,29,37,24,40,19,11,5,27,35,41,15,22,26,4,6,28,36,13,14,12/E:(4,5)(6,7)(8,9)(10,11)(12,13)(14,15)(16,17)(19,20)(43,44)/it:im/CRV:45.6/rA:45CCCNCOCCCCCSOONCCCCCCNCC.oCNCOCCCCCCC.eOCCCCFCCCC/rB:d1;s2;s3;s4;d5;s5;s7;d8;s9;d10;s11;d12;d12;s12;s15;s11;s8d17;s4;s19;s20;s21;s22;s23;s24;s25;s26;d27;s27;s29;s30;s31;s29s32;s26;s24s34;s35;s35;d37;s38;d39;s40;s40;s37d42;s22;s19s44;/rC:;;;;;;;;;;;;;;;;;;;;;;;;;;;;;;;;;;;;;;;;;;;;;"""	P51681_WT	ChEMBL:CHEMBL274;EntrezID:1234	P51681	WT	CHEMBL1227659;PubChemAID:501946	PMID:20674358	2010.0	PMID:20674358;PubChemAID:501946	2010;2011	1;0	0	0	0	0;1		=	  7.950;  7.952	7.951	0.001	0.001	2.0	7.951	0.001	CCRs_HUMAN_annotated_12449	True
InChI=1S/C34H46N4O5S/c1-3-19-38(32(39)22-26-13-15-31(16-14-26)44(42,43)35-2)30-17-20-36(21-18-30)23-29-24-37(33(40)27-9-7-8-10-27)25-34(29,41)28-11-5-4-6-12-28/h3-6,11-16,27,29-30,35,41H,1,7-10,17-25H2,2H3/t29-,34-/m0/s1_on_P51681_WT	Medium	ChEMBL31	ChEMBL31.compound.729594	C=CCN(C(=O)Cc1ccc(S(=O)(=O)NC)cc1)C1CCN(C[C@H]2CN(C(=O)C3CCCC3)C[C@]2(O)c2ccccc2)CC1	XPFKJEFRGMJTEE-DODOAAEWSA-N	InChI=1S/C34H46N4O5S/c1-3-19-38(32(39)22-26-13-15-31(16-14-26)44(42,43)35-2)30-17-20-36(21-18-30)23-29-24-37(33(40)27-9-7-8-10-27)25-34(29,41)28-11-5-4-6-12-28/h3-6,11-16,27,29-30,35,41H,1,7-10,17-25H2,2H3/t29-,34-/m0/s1	"""AuxInfo=1/0/N:1,16,2,40,39,41,31,32,30,33,38,42,9,18,10,17,20,44,3,21,43,7,23,25,34,8,29,37,24,19,11,5,27,35,15,22,26,4,6,28,36,13,14,12/E:(5,6)(7,8)(9,10)(11,12)(13,14)(15,16)(17,18)(20,21)(42,43)/it:im/CRV:44.6/rA:44CCCNCOCCCCCSOONCCCCCCNCC.oCNCOCCCCCCC.eOCCCCCCCC/rB:d1;s2;s3;s4;d5;s5;s7;d8;s9;d10;s11;d12;d12;s12;s15;s11;s8d17;s4;s19;s20;s21;s22;s23;s24;s25;s26;d27;s27;s29;s30;s31;s29s32;s26;s24s34;s35;s35;d37;s38;d39;s40;s37d41;s22;s19s43;/rC:;;;;;;;;;;;;;;;;;;;;;;;;;;;;;;;;;;;;;;;;;;;;"""	P51681_WT	ChEMBL:CHEMBL274	P51681	WT	CHEMBL1174016	PMID:20561788	2010.0	PMID:20561788	2010	1	0	0	0	0		=	  8.810	8.81	0.0	0.0	1.0	8.81	0.0	CCRs_HUMAN_annotated_12480	True
InChI=1S/C34H47N5O5S/c1-3-19-39(33(41)36-22-26-13-15-31(16-14-26)45(43,44)35-2)30-17-20-37(21-18-30)23-29-24-38(32(40)27-9-7-8-10-27)25-34(29,42)28-11-5-4-6-12-28/h3-6,11-16,27,29-30,35,42H,1,7-10,17-25H2,2H3,(H,36,41)/t29-,34-/m0/s1_on_P51681_WT	Medium	ChEMBL31	ChEMBL31.compound.729583	C=CCN(C(=O)NCc1ccc(S(=O)(=O)NC)cc1)C1CCN(C[C@H]2CN(C(=O)C3CCCC3)C[C@]2(O)c2ccccc2)CC1	ZQKWOOVRQATPOI-DODOAAEWSA-N	InChI=1S/C34H47N5O5S/c1-3-19-39(33(41)36-22-26-13-15-31(16-14-26)45(43,44)35-2)30-17-20-37(21-18-30)23-29-24-38(32(40)27-9-7-8-10-27)25-34(29,42)28-11-5-4-6-12-28/h3-6,11-16,27,29-30,35,42H,1,7-10,17-25H2,2H3,(H,36,41)/t29-,34-/m0/s1	"""AuxInfo=1/1/N:1,17,2,41,40,42,32,33,31,34,39,43,10,19,11,18,21,45,3,22,44,8,24,26,35,9,30,38,25,20,12,28,5,36,16,7,23,27,4,29,6,37,14,15,13/E:(5,6)(7,8)(9,10)(11,12)(13,14)(15,16)(17,18)(20,21)(43,44)/it:im/CRV:45.6/rA:45CCCNCONCCCCCSOONCCCCCCNCC.oCNCOCCCCCCC.eOCCCCCCCC/rB:d1;s2;s3;s4;d5;s5;s7;s8;d9;s10;d11;s12;d13;d13;s13;s16;s12;s9d18;s4;s20;s21;s22;s23;s24;s25;s26;s27;d28;s28;s30;s31;s32;s30s33;s27;s25s35;s36;s36;d38;s39;d40;s41;s38d42;s23;s20s44;/rC:;;;;;;;;;;;;;;;;;;;;;;;;;;;;;;;;;;;;;;;;;;;;;"""	P51681_WT	ChEMBL:CHEMBL274	P51681	WT	CHEMBL1174016	PMID:20561788	2010.0	PMID:20561788	2010	1	0	0	0	0		=	  8.530	8.53	0.0	0.0	1.0	8.53	0.0	CCRs_HUMAN_annotated_12486	True
InChI=1S/C36H40N4O5S/c1-26-9-2-5-12-30(26)35(41)37-33-15-16-34(32-14-7-6-13-31(32)33)46(43,44)38-29-18-22-40(23-19-29)36(42)45-24-8-20-39-21-17-27-10-3-4-11-28(27)25-39/h2-7,9-16,29,38H,8,17-25H2,1H3,(H,37,41)_on_P51685_WT	High	ChEMBL31;ExCAPE-DB	ChEMBL31.compound.68562;16105887	Cc1c(C(=O)Nc2ccc(S(=O)(=O)NC3CCN(C(=O)OCCCN4CCc5c(cccc5)C4)CC3)c3ccccc23)cccc1	NBPJPRSOJNEFIA-UHFFFAOYSA-N	InChI=1S/C36H40N4O5S/c1-26-9-2-5-12-30(26)35(41)37-33-15-16-34(32-14-7-6-13-31(32)33)46(43,44)38-29-18-22-40(23-19-29)36(42)45-24-8-20-39-21-17-27-10-3-4-11-28(27)25-39/h2-7,9-16,29,38H,8,17-25H2,1H3,(H,37,41)	"""AuxInfo=1/1/N:1,45,32,31,44,40,39,23,46,33,30,43,41,38,8,9,27,16,36,24,26,17,35,22,34,2,28,29,15,3,42,37,7,10,4,19,6,14,25,18,5,20,12,13,21,11/E:(18,19)(22,23)(43,44)/CRV:46.6/rA:46CCCCONCCCCSOONCCCNCOOCCCNCCCCCCCCCCCCCCCCCCCCC/rB:s1;d2;s3;d4;s4;s6;d7;s8;d9;s10;d11;d11;s11;s14;s15;s16;s17;s18;d19;s19;s21;s22;s23;s24;s25;s26;s27;d28;s29;d30;s31;s28d32;s25s29;s18;s15s35;s10;d37;s38;d39;s40;s7s37d41;s3;d43;s44;s2d45;/rC:;;;;;;;;;;;;;;;;;;;;;;;;;;;;;;;;;;;;;;;;;;;;;;"""	P51685_WT	ChEMBL:CHEMBL4596;EntrezID:1237	P51685	WT	CHEMBL855766;PubChemAID:277748	PMID:17266208	2007.0	PMID:17266208;PubChemAID:277748	2007;2010	1;0	0	0	0	0;1		=	  7.540;  7.544	7.542	0.002	0.002	2.0	7.542	0.002	CCRs_HUMAN_annotated_12695	True
InChI=1S/C36H48FN5O5S/c1-3-17-41(35(44)39-21-25-11-15-33(16-12-25)48(46,47)38-2)32-19-30-13-14-31(20-32)42(30)23-28-22-40(34(43)26-7-4-5-8-26)24-36(28,45)27-9-6-10-29(37)18-27/h3,6,9-12,15-16,18,26,28,30-32,38,45H,1,4-5,7-8,13-14,17,19-24H2,2H3,(H,39,44)/t28-,30-,31+,32+,36+/m1/s1_on_P51681_WT	High	ChEMBL31	ChEMBL31.compound.145233	C=CCN(C(=O)NCc1ccc(S(=O)(=O)NC)cc1)[C@@H]1C[C@@H]2CC[C@H](C1)N2C[C@H]1CN(C(=O)C2CCCC2)C[C@]1(O)c1cc(F)ccc1	COYZVTCMRMFIAD-QNTQIPSWSA-N	InChI=1S/C36H48FN5O5S/c1-3-17-41(35(44)39-21-25-11-15-33(16-12-25)48(46,47)38-2)32-19-30-13-14-31(20-32)42(30)23-28-22-40(34(43)26-7-4-5-8-26)24-36(28,45)27-9-6-10-29(37)18-27/h3,6,9-12,15-16,18,26,28,30-32,38,45H,1,4-5,7-8,13-14,17,19-24H2,2H3,(H,39,44)/t28-,30-,31+,32+,36+/m1/s1	"""AuxInfo=1/1/N:1,17,2,36,37,47,35,38,48,46,10,19,24,23,11,18,3,43,26,21,8,30,28,39,9,34,42,29,44,25,22,20,12,32,5,40,45,16,7,31,4,27,33,6,41,14,15,13/E:(4,5)(7,8)(11,12)(13,14)(15,16)(19,20)(30,31)(46,47)/it:28+,30-,31+,32+,36-/iN:1,17,2,36,37,47,35,38,48,46,10,19,23,24,11,18,3,43,21,26,8,30,28,39,9,34,42,29,44,22,25,20,12,32,5,40,45,16,7,31,4,27,33,6,41,14,15,13/CRV:48.6/rA:48CCCNCONCCCCCSOONCCCC.eCC.eCCC.eCNCC.oCNCOCCCCCCC.eOCCCFCCC/rB:d1;s2;s3;s4;d5;s5;s7;s8;d9;s10;d11;s12;d13;d13;s13;s16;s12;s9d18;s4;s20;s21;s22;s23;s24;s20s25;s22s25;s27;s28;s29;s30;s31;d32;s32;s34;s35;s36;s34s37;s31;s29s39;s40;s40;d42;s43;s44;d44;s46;s42d47;/rC:;;;;;;;;;;;;;;;;;;;;;;;;;;;;;;;;;;;;;;;;;;;;;;;;"""	P51681_WT	ChEMBL:CHEMBL274	P51681	WT	CHEMBL1227659	PMID:20674358	2010.0	PMID:20674358	2010	1	0	0	0	0		=	  8.400	8.4	0.0	0.0	1.0	8.4	0.0	CCRs_HUMAN_annotated_12767	True
InChI=1S/C36H48FN5O5S/c1-3-17-41(35(44)39-21-25-11-15-33(16-12-25)48(46,47)38-2)32-19-30-13-14-31(20-32)42(30)23-28-22-40(34(43)26-7-4-5-8-26)24-36(28,45)27-9-6-10-29(37)18-27/h3,6,9-12,15-16,18,26,28,30-32,38,45H,1,4-5,7-8,13-14,17,19-24H2,2H3,(H,39,44)/t28-,30-,31+,32-,36+/m1/s1_on_P51681_WT	High	ChEMBL31	ChEMBL31.compound.145235	C=CCN(C(=O)NCc1ccc(S(=O)(=O)NC)cc1)[C@H]1C[C@@H]2CC[C@H](C1)N2C[C@H]1CN(C(=O)C2CCCC2)C[C@]1(O)c1cc(F)ccc1	COYZVTCMRMFIAD-AXYILJFYSA-N	InChI=1S/C36H48FN5O5S/c1-3-17-41(35(44)39-21-25-11-15-33(16-12-25)48(46,47)38-2)32-19-30-13-14-31(20-32)42(30)23-28-22-40(34(43)26-7-4-5-8-26)24-36(28,45)27-9-6-10-29(37)18-27/h3,6,9-12,15-16,18,26,28,30-32,38,45H,1,4-5,7-8,13-14,17,19-24H2,2H3,(H,39,44)/t28-,30-,31+,32-,36+/m1/s1	"""AuxInfo=1/1/N:1,17,2,36,37,47,35,38,48,46,10,19,24,23,11,18,3,43,26,21,8,30,28,39,9,34,42,29,44,25,22,20,12,32,5,40,45,16,7,31,4,27,33,6,41,14,15,13/E:(4,5)(7,8)(11,12)(13,14)(15,16)(19,20)(30,31)(46,47)/it:28+,30-,31+,32-,36-/iN:1,17,2,36,37,47,35,38,48,46,10,19,23,24,11,18,3,43,21,26,8,30,28,39,9,34,42,29,44,22,25,20,12,32,5,40,45,16,7,31,4,27,33,6,41,14,15,13/CRV:48.6/rA:48CCCNCONCCCCCSOONCCCC.oCC.eCCC.eCNCC.oCNCOCCCCCCC.eOCCCFCCC/rB:d1;s2;s3;s4;d5;s5;s7;s8;d9;s10;d11;s12;d13;d13;s13;s16;s12;s9d18;s4;s20;s21;s22;s23;s24;s20s25;s22s25;s27;s28;s29;s30;s31;d32;s32;s34;s35;s36;s34s37;s31;s29s39;s40;s40;d42;s43;s44;d44;s46;s42d47;/rC:;;;;;;;;;;;;;;;;;;;;;;;;;;;;;;;;;;;;;;;;;;;;;;;;"""	P51681_WT	ChEMBL:CHEMBL274	P51681	WT	CHEMBL1227659	PMID:20674358	2010.0	PMID:20674358	2010	1	0	0	0	0		=	  7.570	7.57	0.0	0.0	1.0	7.57	0.0	CCRs_HUMAN_annotated_12768	True
InChI=1S/C36H48FN5O5S/c1-3-17-41(35(44)39-21-25-11-15-33(16-12-25)48(46,47)38-2)32-19-30-13-14-31(20-32)42(30)23-28-22-40(34(43)26-7-4-5-8-26)24-36(28,45)27-9-6-10-29(37)18-27/h3,6,9-12,15-16,18,26,28,30-32,38,45H,1,4-5,7-8,13-14,17,19-24H2,2H3,(H,39,44)/t28-,30-,31+,32?,36+/m1/s1_on_P51681_WT	High	ExCAPE-DB	49864977	C=CCN(C(=O)NCc1ccc(S(=O)(=O)NC)cc1)C1C[C@@H]2CC[C@H](C1)N2C[C@H]1CN(C(=O)C2CCCC2)C[C@]1(O)c1cccc(F)c1	COYZVTCMRMFIAD-SJNQAQJDSA-N	InChI=1S/C36H48FN5O5S/c1-3-17-41(35(44)39-21-25-11-15-33(16-12-25)48(46,47)38-2)32-19-30-13-14-31(20-32)42(30)23-28-22-40(34(43)26-7-4-5-8-26)24-36(28,45)27-9-6-10-29(37)18-27/h3,6,9-12,15-16,18,26,28,30-32,38,45H,1,4-5,7-8,13-14,17,19-24H2,2H3,(H,39,44)/t28-,30-,31+,32?,36+/m1/s1	"""AuxInfo=1/1/N:1,17,2,36,37,44,35,38,43,45,10,19,24,23,11,18,3,48,26,21,8,30,28,39,9,34,42,29,46,25,22,20,12,32,5,40,47,16,7,31,4,27,33,6,41,14,15,13/E:(4,5)(7,8)(11,12)(13,14)(15,16)(19,20)(30,31)(46,47)/it:28+,30-,31+,32?,36-/iN:1,17,2,36,37,44,35,38,43,45,10,19,23,24,11,18,3,48,21,26,8,30,28,39,9,34,42,29,46,22,25,20,12,32,5,40,47,16,7,31,4,27,33,6,41,14,15,13/CRV:48.6/rA:48CCCNCONCCCCCSOONCCCCCC.eCCC.eCNCC.oCNCOCCCCCCC.eOCCCCCFC/rB:d1;s2;s3;s4;d5;s5;s7;s8;d9;s10;d11;s12;d13;d13;s13;s16;s12;s9d18;s4;s20;s21;s22;s23;s24;s20s25;s22s25;s27;s28;s29;s30;s31;d32;s32;s34;s35;s36;s34s37;s31;s29s39;s40;s40;d42;s43;d44;s45;s46;s42d46;/rC:;;;;;;;;;;;;;;;;;;;;;;;;;;;;;;;;;;;;;;;;;;;;;;;;"""	P51681_WT	EntrezID:1234	P51681	WT	PubChemAID:501946	PubChemAID:501946	2011.0	PubChemAID:501946	2011	0	0	0	0	1		=	  8.400	8.4	0.0	0.0	1.0	8.4	0.0	CCRs_HUMAN_annotated_12769	True
InChI=1S/C37H43N3O5S2/c1-3-40(37(41)28-29-14-20-34(21-15-29)46(2,42)43)33-22-25-39(26-23-33)27-24-36(30-10-6-4-7-11-30)31-16-18-32(19-17-31)38-47(44,45)35-12-8-5-9-13-35/h4-21,33,36,38H,3,22-28H2,1-2H3_on_P51681_WT	High	ChEMBL31;ExCAPE-DB	ChEMBL31.compound.48841;44404645	CCN(C(=O)Cc1ccc(S(C)(=O)=O)cc1)C1CCN(CCC(c2ccccc2)c2ccc(NS(=O)(=O)c3ccccc3)cc2)CC1	RMBIIDOEEPBEST-UHFFFAOYSA-N	InChI=1S/C37H43N3O5S2/c1-3-40(37(41)28-29-14-20-34(21-15-29)46(2,42)43)33-22-25-39(26-23-33)27-24-36(30-10-6-4-7-11-30)31-16-18-32(19-17-31)38-47(44,45)35-12-8-5-9-13-35/h4-21,33,36,38H,3,22-28H2,1-2H3	"""AuxInfo=1/0/N:1,12,2,27,41,26,28,40,42,25,29,39,43,8,16,31,45,32,44,9,15,18,47,22,19,46,21,6,7,24,30,33,17,10,38,23,4,34,20,3,5,13,14,36,37,11,35/E:(6,7)(8,9)(10,11)(12,13)(14,15)(16,17)(18,19)(20,21)(22,23)(25,26)(42,43)(44,45)/CRV:46.6,47.6/rA:47CCNCOCCCCCSCOOCCCCCNCCCCCCCCCCCCCNSOOCCCCCCCCCC/rB:s1;s2;s3;d4;s4;s6;d7;s8;d9;s10;s11;d11;d11;s10;s7d15;s3;s17;s18;s19;s20;s21;s22;s23;d24;s25;d26;s27;s24d28;s23;d30;s31;d32;s33;s34;d35;d35;s35;d38;s39;d40;s41;s38d42;s33;s30d44;s20;s17s46;/rC:;;;;;;;;;;;;;;;;;;;;;;;;;;;;;;;;;;;;;;;;;;;;;;;"""	P51681_WT	ChEMBL:CHEMBL274;EntrezID:1234	P51681	WT	CHEMBL880594;PubChemAID:255058	PMID:16154744	2005.0	PMID:16154744;PubChemAID:255058	2005;2010	1;0	0	0	0	0;1		=	  6.130;  6.131	6.13	0.001	0.001	2.0	6.13	0.001	CCRs_HUMAN_annotated_12825	True
InChI=1S/C39H44ClF2N5O4S/c1-3-18-47(37(48)12-11-28-7-9-29(27-43)10-8-28)32-13-19-45(20-14-32)21-15-39(30-5-4-6-31(41)24-30)16-22-46(23-17-39)38(49)33-25-36(52(50,51)44-2)35(42)26-34(33)40/h3-10,24-26,32,44H,1,11-23H2,2H3_on_P51681_WT	High	ExCAPE-DB;ChEMBL31	52943426;ChEMBL31.compound.149240	C=CCN(C(=O)CCc1ccc(C#N)cc1)C1CCN(CCC2(c3cccc(F)c3)CCN(C(=O)c3cc(S(=O)(=O)NC)c(F)cc3Cl)CC2)CC1	GEYMTAUFQWFXBC-UHFFFAOYSA-N	InChI=1S/C39H44ClF2N5O4S/c1-3-18-47(37(48)12-11-28-7-9-29(27-43)10-8-28)32-13-19-45(20-14-32)21-15-39(30-5-4-6-31(41)24-30)16-22-46(23-17-39)38(49)33-25-36(52(50,51)44-2)35(42)26-34(33)40/h3-10,24-26,32,44H,1,11-23H2,2H3	"""AuxInfo=1/0/N:1,43,2,26,25,27,10,16,11,15,8,7,18,52,22,31,50,3,19,51,21,32,49,30,37,46,13,9,12,24,28,17,36,47,44,38,5,34,23,48,29,45,14,42,20,33,4,6,35,40,41,39/E:(7,8)(9,10)(13,14)(16,17)(19,20)(22,23)(50,51)/CRV:52.6/rA:52CCCNCOCCCCCCCNCCCCCNCCCCCCCCFCCCNCOCCCSOONCCFCCClCCCC/rB:d1;s2;s3;s4;d5;s5;s7;s8;d9;s10;d11;s12;t13;s12;s9d15;s4;s17;s18;s19;s20;s21;s22;s23;d24;s25;d26;s27;s28;s24d28;s23;s31;s32;s33;d34;s34;d36;s37;s38;d39;d39;s39;s42;d38;s44;s44;s36d46;s47;s33;s23s49;s20;s17s51;/rC:;;;;;;;;;;;;;;;;;;;;;;;;;;;;;;;;;;;;;;;;;;;;;;;;;;;;"""	P51681_WT	EntrezID:1234;ChEMBL:CHEMBL274	P51681	WT	PubChemAID:539736;CHEMBL1290946	PMID:21035337	2010.0	PubChemAID:539736;PMID:21035337	2011;2010	0;1	0	0	0	1;0		=	  6.824;  6.820	6.822	0.002	0.002	2.0	6.822	0.002	CCRs_HUMAN_annotated_12983	True
InChI=1S/C39H47ClF3N5O4S/c1-5-18-48(37(50)44-30-11-9-28(41)10-12-30)31-13-19-46(20-14-31)21-15-39(27-7-6-8-29(42)24-27)16-22-47(23-17-39)36(49)32-25-35(34(43)26-33(32)40)53(51,52)45-38(2,3)4/h5-12,24-26,31,45H,1,13-23H2,2-4H3,(H,44,50)_on_P51681_WT	High	ChEMBL31	ChEMBL31.compound.149226	C=CCN(C(=O)Nc1ccc(F)cc1)C1CCN(CCC2(c3cccc(F)c3)CCN(C(=O)c3cc(S(=O)(=O)NC(C)(C)C)c(F)cc3Cl)CC2)CC1	VCKUDWLBUQZBDQ-UHFFFAOYSA-N	InChI=1S/C39H47ClF3N5O4S/c1-5-18-48(37(50)44-30-11-9-28(41)10-12-30)31-13-19-46(20-14-31)21-15-39(27-7-6-8-29(42)24-27)16-22-47(23-17-39)36(49)32-25-35(34(43)26-33(32)40)53(51,52)45-38(2,3)4/h5-12,24-26,31,45H,1,13-23H2,2-4H3,(H,44,50)	"""AuxInfo=1/1/N:1,42,43,44,2,24,23,25,10,13,9,14,16,53,20,29,51,3,17,52,19,30,50,28,35,47,22,11,26,8,15,34,48,45,36,32,5,41,21,49,12,27,46,7,40,18,31,4,33,6,38,39,37/E:(2,3,4)(9,10)(11,12)(13,14)(16,17)(19,20)(22,23)(51,52)/CRV:53.6/rA:53CCCNCONCCCCFCCCCCNCCCCCCCCFCCCNCOCCCSOONCCCCCFCCClCCCC/rB:d1;s2;s3;s4;d5;s5;s7;d8;s9;d10;s11;s11;s8d13;s4;s15;s16;s17;s18;s19;s20;s21;d22;s23;d24;s25;s26;s22d26;s21;s29;s30;s31;d32;s32;d34;s35;s36;d37;d37;s37;s40;s41;s41;s41;d36;s45;s45;s34d47;s48;s31;s21s50;s18;s15s52;/rC:;;;;;;;;;;;;;;;;;;;;;;;;;;;;;;;;;;;;;;;;;;;;;;;;;;;;;"""	P51681_WT	ChEMBL:CHEMBL274	P51681	WT	CHEMBL1290946	PMID:21035337	2010.0	PMID:21035337	2010	1	0	0	0	0		=	  7.470	7.47	0.0	0.0	1.0	7.47	0.0	CCRs_HUMAN_annotated_12999	True
InChI=1S/C40H47ClF2N6O4S/c1-5-18-49(38(51)45-31-11-9-28(27-44)10-12-31)32-13-19-47(20-14-32)21-15-40(29-7-6-8-30(42)24-29)16-22-48(23-17-40)37(50)33-25-36(35(43)26-34(33)41)54(52,53)46-39(2,3)4/h5-12,24-26,32,46H,1,13-23H2,2-4H3,(H,45,51)_on_P51681_WT	High	ChEMBL31	ChEMBL31.compound.149228	C=CCN(C(=O)Nc1ccc(C#N)cc1)C1CCN(CCC2(c3cccc(F)c3)CCN(C(=O)c3cc(S(=O)(=O)NC(C)(C)C)c(F)cc3Cl)CC2)CC1	XYEPVVHWYTWZCA-UHFFFAOYSA-N	InChI=1S/C40H47ClF2N6O4S/c1-5-18-49(38(51)45-31-11-9-28(27-44)10-12-31)32-13-19-47(20-14-32)21-15-40(29-7-6-8-30(42)24-29)16-22-48(23-17-40)37(50)33-25-36(35(43)26-34(33)41)54(52,53)46-39(2,3)4/h5-12,24-26,32,46H,1,13-23H2,2-4H3,(H,45,51)	"""AuxInfo=1/1/N:1,43,44,45,2,25,24,26,10,14,9,15,17,54,21,30,52,3,18,53,20,31,51,29,36,48,12,11,23,27,8,16,35,49,46,37,33,5,42,22,50,28,47,13,7,41,19,32,4,34,6,39,40,38/E:(2,3,4)(9,10)(11,12)(13,14)(16,17)(19,20)(22,23)(52,53)/CRV:54.6/rA:54CCCNCONCCCCCNCCCCCNCCCCCCCCFCCCNCOCCCSOONCCCCCFCCClCCCC/rB:d1;s2;s3;s4;d5;s5;s7;d8;s9;d10;s11;t12;s11;s8d14;s4;s16;s17;s18;s19;s20;s21;s22;d23;s24;d25;s26;s27;s23d27;s22;s30;s31;s32;d33;s33;d35;s36;s37;d38;d38;s38;s41;s42;s42;s42;d37;s46;s46;s35d48;s49;s32;s22s51;s19;s16s53;/rC:;;;;;;;;;;;;;;;;;;;;;;;;;;;;;;;;;;;;;;;;;;;;;;;;;;;;;;"""	P51681_WT	ChEMBL:CHEMBL274;ChEMBL:CHEMBL274	P51681	WT	CHEMBL1290946;CHEMBL1290947	PMID:21035337	2010.0	PMID:21035337	2010	1	0	0	0	0		=	  7.690;  7.600	7.645	0.045	0.045	2.0	7.645	0.045	CCRs_HUMAN_annotated_13056	True
InChI=1S/C40H48ClF3N4O4S/c1-5-18-48(37(49)24-28-9-11-30(42)12-10-28)32-13-19-46(20-14-32)21-15-40(29-7-6-8-31(43)25-29)16-22-47(23-17-40)38(50)33-26-36(35(44)27-34(33)41)53(51,52)45-39(2,3)4/h5-12,25-27,32,45H,1,13-24H2,2-4H3_on_P51681_WT	High	ExCAPE-DB;ChEMBL31	52941008;ChEMBL31.compound.149235	C=CCN(C(=O)Cc1ccc(F)cc1)C1CCN(CCC2(c3cccc(F)c3)CCN(C(=O)c3cc(S(=O)(=O)NC(C)(C)C)c(F)cc3Cl)CC2)CC1	HOLOGRXWKROPFQ-UHFFFAOYSA-N	InChI=1S/C40H48ClF3N4O4S/c1-5-18-48(37(49)24-28-9-11-30(42)12-10-28)32-13-19-46(20-14-32)21-15-40(29-7-6-8-31(43)25-29)16-22-47(23-17-40)38(50)33-26-36(35(44)27-34(33)41)53(51,52)45-39(2,3)4/h5-12,25-27,32,45H,1,13-24H2,2-4H3	"""AuxInfo=1/0/N:1,42,43,44,2,24,23,25,9,14,10,13,16,53,20,29,51,3,17,52,19,30,50,7,28,35,47,8,22,11,26,15,34,48,45,36,5,32,41,21,49,12,27,46,40,18,31,4,6,33,38,39,37/E:(2,3,4)(9,10)(11,12)(13,14)(16,17)(19,20)(22,23)(51,52)/CRV:53.6/rA:53CCCNCOCCCCCFCCCCCNCCCCCCCCFCCCNCOCCCSOONCCCCCFCCClCCCC/rB:d1;s2;s3;s4;d5;s5;s7;d8;s9;d10;s11;s11;s8d13;s4;s15;s16;s17;s18;s19;s20;s21;d22;s23;d24;s25;s26;s22d26;s21;s29;s30;s31;d32;s32;d34;s35;s36;d37;d37;s37;s40;s41;s41;s41;d36;s45;s45;s34d47;s48;s31;s21s50;s18;s15s52;/rC:;;;;;;;;;;;;;;;;;;;;;;;;;;;;;;;;;;;;;;;;;;;;;;;;;;;;;"""	P51681_WT	EntrezID:1234;ChEMBL:CHEMBL274	P51681	WT	PubChemAID:539736;CHEMBL1290946	PMID:21035337	2010.0	PubChemAID:539736;PMID:21035337	2011;2010	0;1	0	0	0	1;0		=	  7.284;  7.280	7.282	0.002	0.002	2.0	7.282	0.002	CCRs_HUMAN_annotated_13058	True
InChI=1S/C40H48ClF3N4O5S/c1-5-18-48(38(50)53-27-28-9-11-30(42)12-10-28)32-13-19-46(20-14-32)21-15-40(29-7-6-8-31(43)24-29)16-22-47(23-17-40)37(49)33-25-36(35(44)26-34(33)41)54(51,52)45-39(2,3)4/h5-12,24-26,32,45H,1,13-23,27H2,2-4H3_on_P51681_WT	High	ChEMBL31	ChEMBL31.compound.149219	C=CCN(C(=O)OCc1ccc(F)cc1)C1CCN(CCC2(c3cccc(F)c3)CCN(C(=O)c3cc(S(=O)(=O)NC(C)(C)C)c(F)cc3Cl)CC2)CC1	ZCMLFWNNIBNHTF-UHFFFAOYSA-N	InChI=1S/C40H48ClF3N4O5S/c1-5-18-48(38(50)53-27-28-9-11-30(42)12-10-28)32-13-19-46(20-14-32)21-15-40(29-7-6-8-31(43)24-29)16-22-47(23-17-40)37(49)33-25-36(35(44)26-34(33)41)54(51,52)45-39(2,3)4/h5-12,24-26,32,45H,1,13-23,27H2,2-4H3	"""AuxInfo=1/0/N:1,43,44,45,2,25,24,26,10,15,11,14,17,54,21,30,52,3,18,53,20,31,51,29,36,48,8,9,23,12,27,16,35,49,46,37,33,5,42,22,50,13,28,47,41,19,32,4,34,6,39,40,7,38/E:(2,3,4)(9,10)(11,12)(13,14)(16,17)(19,20)(22,23)(51,52)/CRV:54.6/rA:54CCCNCOOCCCCCFCCCCCNCCCCCCCCFCCCNCOCCCSOONCCCCCFCCClCCCC/rB:d1;s2;s3;s4;d5;s5;s7;s8;d9;s10;d11;s12;s12;s9d14;s4;s16;s17;s18;s19;s20;s21;s22;d23;s24;d25;s26;s27;s23d27;s22;s30;s31;s32;d33;s33;d35;s36;s37;d38;d38;s38;s41;s42;s42;s42;d37;s46;s46;s35d48;s49;s32;s22s51;s19;s16s53;/rC:;;;;;;;;;;;;;;;;;;;;;;;;;;;;;;;;;;;;;;;;;;;;;;;;;;;;;;"""	P51681_WT	ChEMBL:CHEMBL274	P51681	WT	CHEMBL1290946	PMID:21035337	2010.0	PMID:21035337	2010	1	0	0	0	0		=	  7.660	7.66	0.0	0.0	1.0	7.66	0.0	CCRs_HUMAN_annotated_13059	True
InChI=1S/C40H49ClF3N5O4S/c1-5-18-49(38(51)45-27-28-9-11-30(42)12-10-28)32-13-19-47(20-14-32)21-15-40(29-7-6-8-31(43)24-29)16-22-48(23-17-40)37(50)33-25-36(35(44)26-34(33)41)54(52,53)46-39(2,3)4/h5-12,24-26,32,46H,1,13-23,27H2,2-4H3,(H,45,51)_on_P51681_WT	High	ChEMBL31	ChEMBL31.compound.149227	C=CCN(C(=O)NCc1ccc(F)cc1)C1CCN(CCC2(c3cccc(F)c3)CCN(C(=O)c3cc(S(=O)(=O)NC(C)(C)C)c(F)cc3Cl)CC2)CC1	LFHKWTOUOBLZRV-UHFFFAOYSA-N	InChI=1S/C40H49ClF3N5O4S/c1-5-18-49(38(51)45-27-28-9-11-30(42)12-10-28)32-13-19-47(20-14-32)21-15-40(29-7-6-8-31(43)24-29)16-22-48(23-17-40)37(50)33-25-36(35(44)26-34(33)41)54(52,53)46-39(2,3)4/h5-12,24-26,32,46H,1,13-23,27H2,2-4H3,(H,45,51)	"""AuxInfo=1/1/N:1,43,44,45,2,25,24,26,10,15,11,14,17,54,21,30,52,3,18,53,20,31,51,29,36,48,8,9,23,12,27,16,35,49,46,37,33,5,42,22,50,13,28,47,7,41,19,32,4,34,6,39,40,38/E:(2,3,4)(9,10)(11,12)(13,14)(16,17)(19,20)(22,23)(52,53)/CRV:54.6/rA:54CCCNCONCCCCCFCCCCCNCCCCCCCCFCCCNCOCCCSOONCCCCCFCCClCCCC/rB:d1;s2;s3;s4;d5;s5;s7;s8;d9;s10;d11;s12;s12;s9d14;s4;s16;s17;s18;s19;s20;s21;s22;d23;s24;d25;s26;s27;s23d27;s22;s30;s31;s32;d33;s33;d35;s36;s37;d38;d38;s38;s41;s42;s42;s42;d37;s46;s46;s35d48;s49;s32;s22s51;s19;s16s53;/rC:;;;;;;;;;;;;;;;;;;;;;;;;;;;;;;;;;;;;;;;;;;;;;;;;;;;;;;"""	P51681_WT	ChEMBL:CHEMBL274	P51681	WT	CHEMBL1290946	PMID:21035337	2010.0	PMID:21035337	2010	1	0	0	0	0		=	  7.340	7.34	0.0	0.0	1.0	7.34	0.0	CCRs_HUMAN_annotated_13062	True
InChI=1S/C41H48ClF2N5O5S/c1-5-18-49(39(51)54-28-30-11-9-29(27-45)10-12-30)33-13-19-47(20-14-33)21-15-41(31-7-6-8-32(43)24-31)16-22-48(23-17-41)38(50)34-25-37(36(44)26-35(34)42)55(52,53)46-40(2,3)4/h5-12,24-26,33,46H,1,13-23,28H2,2-4H3_on_P51681_WT	High	ChEMBL31	ChEMBL31.compound.149222	C=CCN(C(=O)OCc1ccc(C#N)cc1)C1CCN(CCC2(c3cccc(F)c3)CCN(C(=O)c3cc(S(=O)(=O)NC(C)(C)C)c(F)cc3Cl)CC2)CC1	AZQCDWRVDDHOEL-UHFFFAOYSA-N	InChI=1S/C41H48ClF2N5O5S/c1-5-18-49(39(51)54-28-30-11-9-29(27-45)10-12-30)33-13-19-47(20-14-33)21-15-41(31-7-6-8-32(43)24-31)16-22-48(23-17-41)38(50)34-25-37(36(44)26-35(34)42)55(52,53)46-40(2,3)4/h5-12,24-26,33,46H,1,13-23,28H2,2-4H3	"""AuxInfo=1/0/N:1,44,45,46,2,26,25,27,11,15,10,16,18,55,22,31,53,3,19,54,21,32,52,30,37,49,13,8,12,9,24,28,17,36,50,47,38,34,5,43,23,51,29,48,14,42,20,33,4,35,6,40,41,7,39/E:(2,3,4)(9,10)(11,12)(13,14)(16,17)(19,20)(22,23)(52,53)/CRV:55.6/rA:55CCCNCOOCCCCCCNCCCCCNCCCCCCCCFCCCNCOCCCSOONCCCCCFCCClCCCC/rB:d1;s2;s3;s4;d5;s5;s7;s8;d9;s10;d11;s12;t13;s12;s9d15;s4;s17;s18;s19;s20;s21;s22;s23;d24;s25;d26;s27;s28;s24d28;s23;s31;s32;s33;d34;s34;d36;s37;s38;d39;d39;s39;s42;s43;s43;s43;d38;s47;s47;s36d49;s50;s33;s23s52;s20;s17s54;/rC:;;;;;;;;;;;;;;;;;;;;;;;;;;;;;;;;;;;;;;;;;;;;;;;;;;;;;;;"""	P51681_WT	ChEMBL:CHEMBL274	P51681	WT	CHEMBL1290946	PMID:21035337	2010.0	PMID:21035337	2010	1	0	0	0	0		=	  8.350	8.35	0.0	0.0	1.0	8.35	0.0	CCRs_HUMAN_annotated_13125	True
InChI=1S/C41H49ClF2N6O4S/c1-5-18-50(39(52)46-28-30-11-9-29(27-45)10-12-30)33-13-19-48(20-14-33)21-15-41(31-7-6-8-32(43)24-31)16-22-49(23-17-41)38(51)34-25-37(36(44)26-35(34)42)55(53,54)47-40(2,3)4/h5-12,24-26,33,47H,1,13-23,28H2,2-4H3,(H,46,52)_on_P51681_WT	High	ExCAPE-DB;ChEMBL31;ChEMBL31	52947091;ChEMBL31.compound.149229;ChEMBL31.compound.149229	C=CCN(C(=O)NCc1ccc(C#N)cc1)C1CCN(CCC2(c3cccc(F)c3)CCN(C(=O)c3cc(S(=O)(=O)NC(C)(C)C)c(F)cc3Cl)CC2)CC1	IFRMMJPUCQKGBK-UHFFFAOYSA-N	InChI=1S/C41H49ClF2N6O4S/c1-5-18-50(39(52)46-28-30-11-9-29(27-45)10-12-30)33-13-19-48(20-14-33)21-15-41(31-7-6-8-32(43)24-31)16-22-49(23-17-41)38(51)34-25-37(36(44)26-35(34)42)55(53,54)47-40(2,3)4/h5-12,24-26,33,47H,1,13-23,28H2,2-4H3,(H,46,52)	"""AuxInfo=1/1/N:1,44,45,46,2,26,25,27,11,15,10,16,18,55,22,31,53,3,19,54,21,32,52,30,37,49,13,8,12,9,24,28,17,36,50,47,38,34,5,43,23,51,29,48,14,7,42,20,33,4,35,6,40,41,39/E:(2,3,4)(9,10)(11,12)(13,14)(16,17)(19,20)(22,23)(53,54)/CRV:55.6/rA:55CCCNCONCCCCCCNCCCCCNCCCCCCCCFCCCNCOCCCSOONCCCCCFCCClCCCC/rB:d1;s2;s3;s4;d5;s5;s7;s8;d9;s10;d11;s12;t13;s12;s9d15;s4;s17;s18;s19;s20;s21;s22;s23;d24;s25;d26;s27;s28;s24d28;s23;s31;s32;s33;d34;s34;d36;s37;s38;d39;d39;s39;s42;s43;s43;s43;d38;s47;s47;s36d49;s50;s33;s23s52;s20;s17s54;/rC:;;;;;;;;;;;;;;;;;;;;;;;;;;;;;;;;;;;;;;;;;;;;;;;;;;;;;;;"""	P51681_WT	EntrezID:1234;ChEMBL:CHEMBL274;ChEMBL:CHEMBL274	P51681	WT	PubChemAID:539737;CHEMBL1290947;CHEMBL1290946	PMID:21035337	2010.0	PubChemAID:539737;PMID:21035337;PMID:21035337	2011;2010;2010	0;1;1	0	0	0	1;0;0		=	  8.432;  8.430;  8.410	8.424	0.01	0.007	3.0	8.43	0.002	CCRs_HUMAN_annotated_13126	True
InChI=1S/C41H50ClF2N5O5S/c1-5-18-49(37(50)24-28-9-11-29(12-10-28)38(45)51)32-13-19-47(20-14-32)21-15-41(30-7-6-8-31(43)25-30)16-22-48(23-17-41)39(52)33-26-36(35(44)27-34(33)42)55(53,54)46-40(2,3)4/h5-12,25-27,32,46H,1,13-24H2,2-4H3,(H2,45,51)_on_P51681_WT	High	ChEMBL31	ChEMBL31.compound.149238	C=CCN(C(=O)Cc1ccc(C(N)=O)cc1)C1CCN(CCC2(c3cccc(F)c3)CCN(C(=O)c3cc(S(=O)(=O)NC(C)(C)C)c(F)cc3Cl)CC2)CC1	SYLAELUHIQTVAM-UHFFFAOYSA-N	InChI=1S/C41H50ClF2N5O5S/c1-5-18-49(37(50)24-28-9-11-29(12-10-28)38(45)51)32-13-19-47(20-14-32)21-15-41(30-7-6-8-31(43)25-30)16-22-48(23-17-41)39(52)33-26-36(35(44)27-34(33)42)55(53,54)46-40(2,3)4/h5-12,25-27,32,46H,1,13-24H2,2-4H3,(H2,45,51)	"""AuxInfo=1/1/N:1,44,45,46,2,26,25,27,9,16,10,15,18,55,22,31,53,3,19,54,21,32,52,7,30,37,49,8,11,24,28,17,36,50,47,38,5,12,34,43,23,51,29,48,13,42,20,33,4,6,14,35,40,41,39/E:(2,3,4)(9,10)(11,12)(13,14)(16,17)(19,20)(22,23)(53,54)/CRV:55.6/rA:55CCCNCOCCCCCCNOCCCCCNCCCCCCCCFCCCNCOCCCSOONCCCCCFCCClCCCC/rB:d1;s2;s3;s4;d5;s5;s7;d8;s9;d10;s11;s12;d12;s11;s8d15;s4;s17;s18;s19;s20;s21;s22;s23;d24;s25;d26;s27;s28;s24d28;s23;s31;s32;s33;d34;s34;d36;s37;s38;d39;d39;s39;s42;s43;s43;s43;d38;s47;s47;s36d49;s50;s33;s23s52;s20;s17s54;/rC:;;;;;;;;;;;;;;;;;;;;;;;;;;;;;;;;;;;;;;;;;;;;;;;;;;;;;;;"""	P51681_WT	ChEMBL:CHEMBL274	P51681	WT	CHEMBL1290946	PMID:21035337	2010.0	PMID:21035337	2010	1	0	0	0	0		=	  6.680	6.68	0.0	0.0	1.0	6.68	0.0	CCRs_HUMAN_annotated_13129	True
