Epoch	SMILES	Valid	Desired	RDKit_Aggregate_TanimotoCombo	SA
1	COc1ccc(S(=O)(=O)Nc2ccc(Cl)cc2C(=O)c2ccncc2)cc1	1.0	1	0.908	0.983
1	Oc1cc(CSc2ccc(Cl)cc2Cl)nc2nc(O)cn12	1.0	1	0.987	0.886
1	COc1ccc2c(c1NS(=O)(=O)c1c(Cl)c(Cl)ccc1)cnn2C	1.0	1	0.921	0.96
1	Cc1ncc(C(=O)c2cc(Cl)ccc2NS(=O)(=O)c2ccc(C(C)(C)c3c[nH]c(Cl)c3)cc2)cc1	1.0	1	0.785	0.916
1	COc1cccc2c1c(NS(=O)(=O)c1ccc(Cl)s1)nn2Cc1ccccc1	1.0	1	0.829	0.965
1	CCOc1ccc(N2C(=O)C(Oc3ccc(C(C)(C)C)cc3)C2=O)cc1	1.0	1	0.894	0.968
1	O=C(c1ccncc1)c1cc(Cl)ccc1NS(=O)(=O)c1ccc(N2CCCC2)cc1	1.0	1	0.846	0.977
1	COc1nc(Cl)cnc1NS(=O)(=O)c1cccc(Cl)c1	1.0	1	0.891	0.967
1	CCCCn1cc(C(=O)c2cc(Cl)ccc2NS(=O)(=O)c2ccc(C(C)(C)C)cc2)ccc1	0.0	0	0.0	0.0
1	CNC(=O)c1c(C)cnc1NS(=O)(=O)c1cccc(Cl)c1Cl	0.0	0	0.0	0.0
1	Nc1nn2c(O)c(Cc3ccc(Cl)cc3)c(C3CC3)nc2n1	1.0	1	1.0	0.93
1	COc1nc(Cl)cnc1NS(=O)(=O)c1c(Cl)csc1Cl	1.0	1	0.861	0.862
1	COC(=O)CCc1ccc(S(=O)(=O)Nc2ccc(Cl)cc2C(=O)c2ccnc(C)c2)cc1	1.0	1	0.835	0.97
1	COc1ccc(Cn2nc(NS(=O)(=O)c3ccc(Cl)s3)c3c2cccc3OC)cc1OC	1.0	1	0.781	0.955
1	CC(=O)NCc1cc(Cn2nc(NS(=O)(=O)c3ccc(Cl)s3)c3ccccc32)ccc1	1.0	1	0.787	0.958
1	COc1ccc(Cn2nc(NS(=O)(=O)c3ccc(Cl)s3)c3c2cccc3C)cc1	1.0	1	0.82	0.96
1	COc1cc2c(cc1NS(=O)(=O)c1c(Cl)c(Cl)ccc1)nc(O)n2C(C)C	1.0	1	0.967	0.937
1	Cc1ccc(-n2nc(NS(=O)(=O)c3ccc(Cl)cc3)c3c2cccc3)cc1	1.0	1	0.879	0.98
1	CC(C)(C)c1ccc(S(=O)(=O)Nc2cccc3c2C(=O)N(c2cnccc2)C3=O)cc1	1.0	1	0.682	0.965
1	CCc1nc2nc(N)nn2c(O)c1Cc1cccc(Cl)c1	1.0	1	1.0	0.935
1	COc1ccc(S(=O)(=O)Nc2ccc(Br)cc2C(=O)c2ccncc2)cc1	1.0	1	0.911	0.981
1	O=C(c1ccncc1)c1cc(Cl)ccc1NS(=O)(=O)c1cc2c(cc1)CCNC2	1.0	1	0.849	0.961
1	O=C(O)c1c(Oc2ncccc2NS(=O)(=O)c2ccc(Cl)c(Cl)c2)cccc1	1.0	1	0.91	0.976
1	Cc1cc(N2C(=O)c3c(C2=O)c(NS(=O)(=O)c2ccc(C(C)(C)C)cc2)ccc3Cl)c(O)cc1	1.0	1	0.705	0.947
1	CCCC(=O)N1CCC(NS(=O)(=O)c2ccc(NC(=O)c3cc4c(cccc4)s3)c3ccccc23)CC1	1.0	0	0.005	0.955
1	O=S(=O)(Nc1ncc(Cl)nc1OCc1ccccc1C(=O)O)c1ccccc1	1.0	1	0.851	0.967
1	O=C(O)c1ccccc1Oc1ccc(Cl)cc1NS(=O)(=O)c1ccc(Cl)cc1	1.0	1	0.972	0.984
1	O=C(O)c1ccccc1Oc1ccc(Cl)cc1NS(=O)(=O)c1ccc(Cl)cc1	1.0	1	0.972	0.984
1	N#Cc1cccn1CCCNC(=O)c1ccccc1CC	1.0	1	0.886	0.969
1	COc1nn(CC(=O)c2ccc(Cl)cc2Cl)c2ccccc12	1.0	1	0.915	0.975
1	COc1ccc(S(=O)(=O)Nc2cc(Cl)ccc2Cn2ccnc2)cc1	1.0	1	0.938	0.977
1	O=S(=O)(Nc1cc(Cl)c(Cl)cc1Cn1ccnn1)c1ccccc1	1.0	1	0.91	0.963
1	COc1ccc(S(=O)(=O)Nc2ccc(Cl)cc2C(=O)Nc2ccccc2)cc1	1.0	1	0.816	0.989
1	O=C(c1ccncc1)c1cc(Cl)ccc1NS(=O)(=O)c1ccc(N2CCCC2)cc1	1.0	1	0.846	0.977
1	CC(=O)C1=C(O)C(=O)N(c2ccc(C)cc2)C1C1CCCCCCC1	1.0	1	0.994	0.928
1	O=C1c2c(C(=O)N1c1cnccc1)c(NS(=O)(=O)c1cc(C(F)(F)F)c(Cl)cc1)ccc2	1.0	1	0.766	0.954
1	COc1c2c(NS(=O)(=O)c3ccc(Cl)s3)nn(Cc3cccc(CNC(C)=O)c3)c2ccc1F	1.0	1	0.792	0.928
1	O=C(O)c1cc(Oc2ncc(Cl)cc2NS(=O)(=O)c2ccc(Cl)c(Cl)c2)cnc1	1.0	1	0.893	0.958
1	O=C(O)c1ccc(Oc2ccc(Cl)cc2NS(=O)(=O)c2ccc(Cl)c(Cl)c2)cc1	1.0	1	0.954	0.982
1	CCc1ccccc1S(=O)(=O)NC(=O)NCc1ccc(C#N)cc1	1.0	1	0.678	0.979
1	CNc1nc(Br)cnc1NS(=O)(=O)c1ccc(Cl)s1	1.0	1	0.922	0.911
1	CC(=O)OCC(C)(C)c1ccc(S(=O)(=O)Nc2ccc(Cl)cc2C(=O)c2ccncc2)cc1	1.0	1	0.798	0.957
1	Oc1cc(CSc2ccc(Cl)cc2Cl)nc2nc(Cc3ccccc3)nn12	1.0	1	0.929	0.945
1	Oc1cc(CSc2cccc(Cl)c2Cl)nc2nc(Cc3cccc(Cl)c3)nn12	1.0	1	0.951	0.925
1	CC(C)Oc1ccc(S(=O)(=O)Nc2ccc(F)cc2C(=O)c2ccncc2)cc1	1.0	1	0.885	0.977
1	COc1cccc2c1c(NS(=O)(=O)c1ccc(Cl)s1)nn2Cc1cccc(CO)c1	1.0	1	0.882	0.95
1	Cc1nc(C(=O)c2cc(Cl)ccc2NS(=O)(=O)c2ccc(C(C)(C)C)cc2)ccc1	1.0	1	0.854	0.972
1	COc1ncc(S(=O)(=O)N(C)c2cc(Cl)ccc2N2CCCC2)cc1	1.0	1	0.888	0.964
1	O=C(c1cnccc1)c1cc(F)c(F)cc1NS(=O)(=O)c1ccc(F)cc1	1.0	1	0.93	0.976
1	CC(C)(C)c1ccc(S(=O)(=O)Nc2ccc(Cl)cc2C(=O)c2cnc(S(C)(=O)=O)cc2)cc1	1.0	1	0.856	0.961
1	CC(C)(C)c1ccc(S(=O)(=O)Nc2ccc(Cl)c3c2C(=O)N(c2cnc(F)cc2)C3=O)cc1	1.0	1	0.685	0.938
1	N#CC1(c2ccc(Cl)cc2)CCN(CCCNS(=O)(=O)c2ccccc2C[n+]2ccccc2)CC1	1.0	1	0.45	0.911
1	COc1c(N2C(=O)c3c(C2=O)c(NS(=O)(=O)c2ccc(C(C)(C)C)cc2)ccc3Cl)cncc1	1.0	1	0.65	0.94
1	O=C(O)c1ccccc1Oc1ncc(Cl)cc1NS(=O)(=O)c1ccc(Cl)c(Cl)c1	1.0	1	0.905	0.971
1	CNCCN=C1N2C(=O)C(=C1c1ccccc1)SCc1ccccc12=	0.0	0	0.0	0.0
1	Cc1c(N2C(=O)c3c(C2=O)c(NS(=O)(=O)c2ccc(C(C)(C)C)cc2)ccc3Cl)ccc[n+]1[O-]	1.0	1	0.658	0.903
1	CN(C)c1ccc(S(=O)(=O)NC(=O)N2CCC(N3CCC(Oc4ccc(Cl)c(Cl)c4)CC3)CC2)cc1	1.0	0	0.005	0.945
1	CC(C)(c1ccc(S(=O)(=O)Nc2ccc(Cl)cc2C(=O)c2ccncc2)cc1)c1cocn1	1.0	1	0.71	0.924
1	Cc1cccc(C(=O)c2cc(Cl)ccc2NS(=O)(=O)c2ccc(C(C)(C)C)cc2)c1	1.0	1	0.905	0.98
1	COc1cc2c(cc1NS(=O)(=O)c1c(Cl)c(Cl)ccc1)n(C)c(O)n2	1.0	1	0.98	0.948
1	Cc1ncc(C(=O)c2cc(Cl)ccc2NS(=O)(=O)c2ccc(OC(C)C)cc2)cn1	1.0	1	0.881	0.967
1	CC(C)c1nc2nc(N)nn2c(O)c1Cc1cc(Cl)cc(Cl)c1	1.0	1	1.0	0.908
1	COc1nccc(C(=O)c2cc(Cl)ccc2NS(=O)(=O)c2ccc(C(C)(C)C)cc2)c1	1.0	1	0.863	0.969
1	CCCC(=O)N1CCC(NS(=O)(=O)c2ccc(NC(=O)c3ccc(C)cc3)c3c2cccc3)CC1	1.0	1	0.554	0.971
1	CC(=O)C1=C(O)C(=O)N(c2ccc(C)cc2)C1c1ccc(Cl)cc1	1.0	1	0.999	0.958
1	Oc1nc2c(O)cccc2n1-c1ccc(Br)cc1	1.0	1	0.854	0.964
1	CCCC(=O)N1CCC(NS(=O)(=O)c2ccc(NC(=O)c3ccc(C)cc3)c3c2cccc3)CC1	1.0	1	0.554	0.971
1	c1ccc(-c2nc3cc(Nc4nccc(NCc5ccccc5)n4)ccc3[nH]2)nc1	1.0	1	0.578	0.965
1	CC1CCN(C(=O)C(CCn2ccnc2Cl)NS(=O)(=O)c2cc(Cl)c(N)c(Cl)c2)CC1	1.0	1	0.753	0.816
1	CCOC(=O)Nc1ncnc(Nc2ccc(C(=O)c3cccc(N[SH](C)(=O)=O)c3)cc2)c1	0.0	0	0.0	0.0
1	CC(=O)c1ccc(S(=O)(=O)Nc2ccc(Cl)cc2C(=O)c2c[n+]([O-])c(C)cc2)cc1	1.0	1	0.9	0.954
1	CC(=O)C1=C(O)C(=O)N(c2ccc(C)cc2)C1c1ccc(Cl)cc1	1.0	1	0.999	0.958
1	CNS(=O)(=O)c1ccc(CNC(=O)c2ccccc2)cc1	1.0	1	0.787	0.992
1	O=C(c1cccnc1)c1cc(Cl)ccc1NS(=O)(=O)c1ccc(-c2cnco2)cc1	1.0	1	0.84	0.964
1	COc1cccc2c1c(NS(=O)(=O)c1ccc(Cl)s1)nn2Cc1cccc(Cl)c1	1.0	1	0.806	0.957
1	COc1ccc(S(=O)(=O)Nc2ccc(Cl)cc2C(=O)c2nccn2C)cc1	1.0	1	0.916	0.973
1	CC(=O)C1=C(O)C(=O)N(c2ccc(C(F)(F)F)cc2)C1C1CCCCC1	1.0	1	0.991	0.907
1	CC(=O)C1=C(O)C(=O)N(c2ccc(Cl)cc2F)C1C1CCCCC1	1.0	1	0.989	0.9
1	Nc1nn2c(O)c(Cc3ccc(Cl)cc3)c(C3CC3)nc2n1	1.0	1	1.0	0.93
1	CCOc1ccc(C(=O)c2c(O)c(NS(=O)(=O)c3ccccc3)c3ccccc3OC2C)cc1	0.0	0	0.0	0.0
1	COc1ccc(Cn2nc(NS(=O)(=O)c3ccc(Cl)s3)c3c2cccc3OC)cc1	1.0	1	0.778	0.961
1	COc1nc(Cl)cnc1NS(=O)(=O)c1cccc(Cl)c1Cl	1.0	1	0.893	0.955
1	O=S(=O)(Nc1cc(Cl)ccc1Cn1ccnn1)c1cccc(F)c1	1.0	1	0.896	0.965
1	CN(C)c1cc(N2C(=O)c3c(C2=O)c(NS(=O)(=O)c2ccc(C(C)(C)C)cc2)ccc3Cl)ncn1	1.0	1	0.703	0.916
1	Cc1ccccc1Cc1c(O)n2nc(N)nc2nc1CCBr	1.0	1	1.0	0.906
1	O=C(NCCN1CCCCC1)c1cc(Oc2ncc(Cl)cc2NS(=O)(=O)c2cc(Cl)c(Cl)cc2)ccc1	1.0	0	0.005	0.957
1	CCCC(=O)N1CCC(NS(=O)(=O)c2ccc(NC(=O)CC(C)(C)C)c3c2cccc3)CC1	1.0	1	0.674	0.96
1	CN(C)C(=O)C(CCn1cccc1C#N)NS(=O)(=O)c1cccc2c1cc[nH]2	1.0	1	0.867	0.809
1	O=C(c1ccncc1)c1cc(Cl)ccc1NS(=O)(=O)c1ccc(N2CCCC2)cc1	1.0	1	0.846	0.977
1	COc1ccc(Sc2ccc(C(=O)Nc3sc(C)nc3C)cc2)cc1	1.0	1	0.632	0.977
1	CS(=O)(=O)c1cc(NS(=O)(=O)c2ccc(Cl)cc2)c(Oc2ccccc2C(=O)O)cc1	1.0	1	0.932	0.978
1	COc1cc2c(cc1NS(=O)(=O)c1c(Cl)c(Cl)ccc1)nc(O)n2C(C)O	1.0	1	0.955	0.834
1	CC(=O)C1=C(O)C(=O)N(c2ccc(C)cc2)C1c1cc(Br)ccc1	1.0	1	0.999	0.948
1	Oc1cc(CSc2nc(-c3ccccc3)nc(N3CCCCC3)n2)ccc1	1.0	1	0.848	0.973
1	Cc1cnc(CN2C(=O)c3c(C2=O)c(NS(=O)(=O)c2ccc(C(C)(C)C)cc2)ccc3Cl)cc1	1.0	1	0.603	0.945
1	O=S(=O)(NCCCN1CCC(O)(c2ccc(Cl)cc2)CC1)c1ccc(F)cc1	1.0	1	0.597	0.973
1	CC(=O)C1=C(O)C(=O)N(c2ccc(C)cc2)C1c1cc(Cl)ccc1	1.0	1	0.999	0.953
1	CCCC(=O)N1CCC(NS(=O)(=O)c2ccc(NC(=O)c3ccc(C)cc3)c3c2cccc3)CC1	1.0	1	0.554	0.971
1	O=C(O)c1c(Oc2c(Cl)cccc2NS(=O)(=O)c2ccc(Cl)cc2)cccc1	1.0	1	0.963	0.98
1	Cc1cc(NS(=O)(=O)c2ccc(Cl)cc2)ccn1	1.0	1	0.896	0.987
2	CC(C)(C)c1ccc(S(=O)(=O)Nc2ccc(Cl)cc2-c2ccccn2)cc1	1.0	1	0.876	0.979
2	Cc1cc[n+]([O-])cc1CN(C(=O)OC(C)(C)C)C1CCN(Cc2ccccc2)CC1)	0.0	0	0.0	0.0
2	CC(=O)OCC(C)(C)c1ccc(S(=O)(=O)Nc2ccc(Cl)cc2C(=O)c2ccncc2)cc1	1.0	1	0.798	0.957
2	CC(=O)C1=C(O)C(=O)N(c2ccc(C)cc2)C1C1CCCCCCC1	1.0	1	0.994	0.928
2	COc1c2c(NS(=O)(=O)c3ccc(Cl)s3)nn(Cc3cccc(CNC(=O)C(C)(C)N)c3)c2ccc1	1.0	0	0.005	0.923
2	Nc1nn2c(O)c(Cc3cccc(Cl)c3)c(C3CC3)nc2n1	1.0	1	1.0	0.922
2	CCCCc1ccc(C(=O)Nc2cc(Nc3ccc(NC(=O)CCN(C)C)cc3)ccc2Cl)cc1	1.0	1	0.356	0.978
2	COc1cc2c(cc1NS(=O)(=O)c1c(Cl)c(Cl)ccc1)n(C)c(=O)n2C	1.0	1	0.969	0.963
2	Cc1c(C(=O)c2cc(Cl)ccc2NS(=O)(=O)c2ccc(-c3cnco3)cc2)cccn1	1.0	1	0.862	0.958
2	COc1ccccc1Cn1nc(NS(=O)(=O)c2ccc(Cl)s2)c2ccccc21	1.0	1	0.868	0.966
2	COCCOc1nn(C)c2c1c(NS(=O)(=O)c1cccc(Cl)c1Cl)nc(N)n2	1.0	1	0.915	0.924
2	Cc1ccccc1S(=O)(=O)NC(=O)N1CCC(N2CCC(Oc3cc(Cl)c(Cl)cc3)CC2)CC1	1.0	1	0.371	0.952
2	Nc1nn2c(O)c(Cc3cccc(I)c3)c(C3CC3)nc2n1	1.0	1	1.0	0.891
2	Oc1cc(CSc2ccc(Cl)cc2Cl)nc2nc(Cc3ccccc3)nn12	1.0	1	0.929	0.945
2	O=S(=O)(NCCCN1CCC(O)(c2ccc(Cl)cc2)CC1)c1ccccc1	1.0	1	0.676	0.976
2	Cc1ccc(S(=O)(=O)NC(=O)N2CCC(N3CCC(Oc4ccc(Cl)c(Cl)c4)CC3)CC2)cc1	1.0	1	0.45	0.956
2	COc1c(F)c(C(=O)c2cc(Cl)ccc2NS(=O)(=O)c2ccc(C(C)(C)C)cc2)ccc1	1.0	1	0.886	0.971
2	COc1ccc(SCc2nc(C)n(C)n2)cc1	1.0	1	0.86	0.965
2	Cc1ncc(C(=O)c2cc(Cl)ccc2NS(=O)(=O)c2ccc(C(C)(C)c3ncco3)cc2)cc1	1.0	1	0.804	0.928
2	COc1nc(Br)cnc1NS(=O)(=O)c1ccc(Cl)cc1Cl	1.0	1	0.898	0.956
2	CC(C)(C)c1ccc(S(=O)(=O)Nc2ccc(Cl)cc2C(=O)c2cnc(S(C)(=O)=O)cc2)cc1	1.0	1	0.856	0.961
2	CCCNC(=O)c1ccccn1Cc1ccccc1C(=O)O	0.0	0	0.0	0.0
2	Cc1ccc(C(=O)c2cc(Cl)ccc2NS(=O)(=O)c2ccc(-c3cnco3)cc2)cc1	1.0	1	0.863	0.971
2	O=C(O)c1ccccc1Oc1ccc(Cl)cc1NS(=O)(=O)c1ccc(Cl)c(Cl)c1	1.0	1	0.967	0.98
2	COc1ccc(C(=O)N(C)C(COCc2ccc(Cl)cc2)C(Cl)(Cl)Cl)cc1	1.0	1	0.811	0.906
2	O=C(NS(=O)(=O)c1ccccc1C(F)(F)F)NS(=O)(=O)c1ccccc1	1.0	1	0.616	0.973
2	COc1c(S(=O)(=O)NCc2ccc(C(F)(F)F)cc2)cccc1C	1.0	1	0.838	0.978
2	CS(=O)(=O)c1ccc(S(=O)(=O)Nc2ccc(Cl)cc2C(=O)c2nccs2)cc1	1.0	1	0.734	0.964
2	Cc1ncc(C(=O)c2cc(Cl)ccc2NS(=O)(=O)c2ccc(C(C)(C)c3cnco3)cc2)cc1	1.0	1	0.807	0.921
2	Cc1noc(C)c1NS(=O)(=O)c1ccc(Cl)cc1Cl	1.0	1	0.869	0.971
2	Nc1nn2c(O)c(Cc3cccc(I)c3)c(C3CC3)nc2n1	1.0	1	1.0	0.891
2	CC(C)c1nc2nc(N)nn2c(O)c1Cc1cc(Br)cc(Cl)c1	1.0	1	1.0	0.89
2	Cc1ccc(S(=O)(=O)Nc2ccc(Cl)cc2C(=O)c2ccncc2)cc1	1.0	1	0.93	0.983
2	O=S(=O)(Nc1cc(Cl)ccc1Cn1ccnn1)c1ccc(Cl)s1	1.0	1	0.887	0.947
2	O=S(=O)(NCCCN1CCC(O)(c2ccc(Cl)cc2)CC1)c1cccs1	1.0	1	0.626	0.963
2	COc1ccc2c(c1NS(=O)(=O)c1c(Cl)c(Cl)ccc1)cnn2C	1.0	1	0.921	0.96
2	CC(=O)C1=C(O)C(=O)N(c2ccc(C)cc2)C1c1cc(Br)ccc1	1.0	1	0.999	0.948
2	O=C(c1ccncc1)c1cc(Cl)ccc1NS(=O)(=O)c1ccc(N2CCC2)cc1	1.0	1	0.853	0.978
2	Cc1c2C(=O)N(Cc3cnccc3)C(=O)c2c(NS(=O)(=O)c2ccc(C(C)(C)C)cc2)cc1	1.0	1	0.626	0.953
2	COc1cc2c(cc1NS(=O)(=O)c1c(Cl)c(Cl)ccc1)nc(O)n2C(C)CO	1.0	1	0.956	0.838
2	CC(=O)C1=C(O)C(=O)N(c2ccc(C)cc2)C1C1CCCCC1	1.0	1	0.997	0.929
2	O=C(c1ccncc1)c1cc(Cl)ccc1NS(=O)(=O)c1ccc(OC(F)(F)F)cc1	1.0	1	0.886	0.973
2	O=C(NCCO)c1c(O)c(O)cc(N2CCOCC2)c1	1.0	1	0.783	0.969
2	CNS(=O)(=O)c1ccc(CNC(=O)c2cccc3c2cnn3-c2ccc(F)cc2)cc1	1.0	1	0.635	0.975
2	Cc1c2c(=O)c(NS(=O)(=O)c3ccc(F)cc3)c([nH]2)c(Cl)cc1	0.0	0	0.0	0.0
2	COc1nc2c(nc(O)n2Cc2ccc(Cl)cc2)c(C)c1	1.0	1	0.89	0.962
2	CC(=O)C1=C(O)C(=O)N(c2cc(C)ccc2)C1C1CCCCC1	1.0	1	0.933	0.922
2	COc1nc(C)c(N2C(=O)c3c(C2=O)c(NS(=O)(=O)c2ccc(C(C)(C)C)cc2)ccc3Cl)cc1	1.0	1	0.653	0.93
2	CCCC(=O)N1CCC(NS(=O)(=O)c2ccc(NC(=O)c3cc(Cl)cc(Cl)c3)c3ccccc23)CC1	1.0	0	0.005	0.96
2	CCCC(=O)N1CCC(NS(=O)(=O)c2ccc(NC(=O)C3CCCCC3)c3ccccc23)CC1	1.0	1	0.631	0.965
2	Nc1nn2c(O)c(Cc3cccc(Cl)c3)c(C3CC3)nc2n1	1.0	1	1.0	0.922
2	CC(C)c1nc2nc(N)nn2c(O)c1Cc1cc(Cl)cc(Cl)c1	1.0	1	1.0	0.908
2	O=C(COC(=O)c1ccc(F)cc1)c1ccccc1OC(F)F	1.0	1	0.846	0.986
2	COc1ccc(S(=O)(=O)Nc2ccc(Cl)cc2C(=O)Nc2ccccc2)cc1	1.0	1	0.816	0.989
2	CC(=O)C1=C(O)C(=O)N(c2ccc(C(F)(F)F)cc2)C1C1CCCCC1	1.0	1	0.991	0.907
2	Cc1cc(Cc2c(O)n[nH]c2N)n(-c2ccc(CCl)cc2)n1O	0.0	0	0.0	0.0
2	CC(C)(C)c1ccc(S(=O)(=O)Nc2ccc(Cl)cc2C(=O)c2cccnc2)cc1	1.0	1	0.888	0.977
2	CC(C)(C)c1ccc(S(=O)(=O)Nc2ccc(Cl)cc2C(=O)c2nccnc2)cc1	1.0	1	0.846	0.969
2	O=S(=O)(Nc1cc(Cl)ccc1Cn1ccnn1)c1cccc(Cc2ccccc2)c1	1.0	1	0.768	0.966
2	O=C(c1ccncc1)c1cc(Cl)ccc1NS(=O)(=O)c1cc2c(cc1)CCNC2	1.0	1	0.849	0.961
2	CC(=O)C1=C(O)C(=O)N(c2ccc(C)cc2)C1C1CCCCC1	1.0	1	0.997	0.929
2	Cc1ncccc1C(=O)c1cc(Cl)ccc1NS(=O)(=O)c1ccc(-c2cnco2)cc1	1.0	1	0.862	0.958
2	CCCCCCc1nc2nc(N)nn2c(O)c1Cc1cc(Cl)cc(Cl)c1	1.0	1	0.999	0.919
2	Cc1c(C(=O)Nc2ccc(S(=O)(=O)NC3CCN(C(=O)N4CCC4)CC3)c3c2cccc3)cccc1	1.0	0	0.005	0.964
2	O=S(=O)(Nc1cc(Cl)ccc1Cn1c(O)cc(Cl)c1I)	1.0	1	0.927	0.685
2	Cc1nnc(-c2ccco2)c(NS(=O)(=O)c2ccc(C(C)(C)C)cc2)c1	1.0	1	0.935	0.96
2	COc1ccc(S(=O)(=O)Nc2ccc(Cl)cc2C(=O)Nc2ccccc2)cc1	1.0	1	0.816	0.989
2	CC1CCN(C(=O)C(CCn2ccnc2Cl)NS(=O)(=O)c2cc(Cl)c(N)c(Cl)c2)CC1	1.0	1	0.753	0.816
2	COc1cc2c(cc1NS(=O)(=O)c1c(Cl)c(Cl)ccc1)n(C)c(=O)n2C2	0.0	0	0.0	0.0
2	COc1nc(Br)cnc1NS(=O)(=O)c1ccccc1	1.0	1	0.904	0.971
2	COc1cc2c(cc1NS(=O)(=O)c1c(Cl)c(Cl)ccc1)nc(O)n2C(C)C	1.0	1	0.967	0.937
2	CN(C)C(=O)CCc1ccc(S(=O)(=O)Nc2ccc(Cl)cc2C(=O)c2ccncc2)cc1	1.0	1	0.837	0.971
2	CC(=O)c1ccc(S(=O)(=O)N(Cc2ccccc2)Cc2ccccc2)cc1	1.0	1	0.885	0.989
2	COc1ccc(N2C(=O)C(O)=C(C(C)=O)C2C2CCCCC2)cc1	1.0	1	0.995	0.931
2	Cc1c(C(=O)c2cc(Cl)ccc2NS(=O)(=O)c2ccc(-c3cnco3)cc2)cccn1	1.0	1	0.862	0.958
2	O=S(=O)(Nc1ncnc2n[nH]c(O)c12)c1c(Cl)c(Cl)ccc1	1.0	1	0.872	0.909
2	Cc1ccc(S(=O)(=O)NC(=O)N2CCC(N3CCC(Oc4ccc(Cl)cc4Cl)CC3)CC2)cc1	1.0	1	0.405	0.957
2	CC(C)NS(=O)(=O)c1cccc(CNC(=O)c2cccc3c(C(N)=O)cccc23)cc1	0.0	0	0.0	0.0
2	CC(C)n1cc(NS(=O)(=O)c2ccc(Cl)cc2)c2cccccc12OCF	1.0	1	0.833	0.507
2	CC(C)(C)c1ccc(S(=O)(=O)Nc2ccc(Cl)c3c2C(=O)N(c2ccncc2)C3=O)cc1	1.0	1	0.7	0.952
2	Cc1cccc2c1c(NS(=O)(=O)c1ccc(Cl)s1)nn2Cc1cccc(CO)c1	1.0	1	0.837	0.948
2	CCCC(=O)N1CCC(NS(=O)(=O)c2ccc(NC(=O)c3ccccc3C)c3ccccc23)CC1	1.0	1	0.52	0.969
2	CC(=O)C1=C(O)C(=O)N(c2cc(C)ccc2)C1C1CCCCC1	1.0	1	0.933	0.922
2	CCC(=O)C1=C(O)C(=O)N(c2ccc(C)cc2)C1C1CCCCC1	1.0	1	0.994	0.913
2	CC1CCN(C(=O)C(CCn2cccc2C#N)NS(=O)(=O)c2cc(Cl)c(N)c(Cl)c2)CC1	1.0	1	0.776	0.801
2	O=S(=O)(NCCCN1CCC(O)(c2ccc(Cl)cc2)CC1)c1c(Cl)c(Cl)ccc1	1.0	1	0.549	0.962
2	O=C(Nc1ccc(Oc2ccnc3nc(O)n(CCO)c23)c(F)cc1	0.0	0	0.0	0.0
2	Oc1cc(CSc2cccc(F)c2F)nc2nc(C3CCCCC3)nn12	1.0	1	0.96	0.909
2	O=C(O)c1ccccc1Oc1ccc(Cl)cc1NS(=O)(=O)c1ccc(Cl)cc1	1.0	1	0.972	0.984
2	Oc1cc(CSc2ccc(Cl)cc2Cl)nc2nc(Cc3ccccc3)nn12	1.0	1	0.929	0.945
2	O=C(O)c1ccc(Oc2ncc(Cl)cc2NS(=O)(=O)c2ccc(Cl)c(Cl)c2)cc1	1.0	1	0.875	0.974
2	O=C(O)c1c(Oc2ccc(Cl)cc2NS(=O)(=O)c2ccc(Cl)cc2)cccc1	1.0	1	0.972	0.984
2	Oc1cc(CSc2nc(-c3ccccc3)cs2)nc2nc(Cc3ccccc3)nn12	1.0	1	0.915	0.945
2	CC(=O)Nc1nc2nc(NC(=O)c3ccc(F)cc3)ncc2s1	1.0	1	0.804	0.965
2	CCCCCCOc1ccc(C(=O)CCNCCCC)cc1	1.0	1	0.717	0.986
2	CCOc1cc(Oc2ccc(C(C)=N)cc2)ccc1OCc1cc(O)ccc1S	1.0	1	0.662	0.951
2	Cc1nnnn1Cc1ccc(Cl)cc1NS(=O)(=O)c1ccc(Cl)c(Cl)c1	1.0	1	0.98	0.962
2	COc1c(NS(=O)(=O)c2ccc(Cl)s2)nc(Cl)c(Cl)nc1	0.0	0	0.0	0.0
2	O=C(c1ccncc1)c1cc(Cl)ccc1NS(=O)(=O)c1ccc(C(F)(F)F)cc1	1.0	1	0.903	0.976
2	CC(C)(C)c1ccc(S(=O)(=O)Nc2ccc(Br)cc2C(=O)c2cccnc2)cc1	1.0	1	0.889	0.975
3	O=C(O)c1c(Oc2ncccc2NS(=O)(=O)c2ccc(Cl)c(Cl)c2)cccc1	1.0	1	0.91	0.976
3	O=C(C1=C(O)C(=O)N(c2ccc(Br)cc2F)C1C1CCCCC1)c1ccccc1	1.0	1	0.987	0.904
3	Cc1cccc(C(=O)c2cc(Cl)ccc2NS(=O)(=O)c2ccc(C(C)(C)c3ncco3)cc2)n1	1.0	1	0.767	0.924
3	Cc1ncc(S(=O)(=O)c2ccc(Cl)cc2)nc1Cc1	0.0	0	0.0	0.0
3	Cc1cc(C(=O)c2cc(Cl)ccc2NS(=O)(=O)c2ccc(-c3cnco3)cc2)ccn1	1.0	1	0.835	0.956
3	COc1cc(N2C(=O)c3c(C2=O)c(NS(=O)(=O)c2ccc(C(C)(C)C)cc2)ccc3Cl)cnc1	1.0	1	0.646	0.939
3	COc1cc2c(cc1NS(=O)(=O)c1c(Cl)c(Cl)ccc1)n(C)c(=O)n2C	1.0	1	0.969	0.963
3	COc1ccc(S(=O)(=O)Nc2ccc(Cl)cc2C(=O)NCCc2ccccc2)cc1	1.0	1	0.913	0.986
3	COc1nn(C)c2c1c(NS(=O)(=O)c1cccc(Cl)c1Cl)nc(N)n2	1.0	1	0.869	0.933
3	CC(=O)NCc1cc(Cn2nc(NS(=O)(=O)c3ccc(Cl)s3)c3ccccc32)ccc1	1.0	1	0.787	0.958
3	CCCc1nc2nc(N)nn2c(O)c1Cc1cc(Cl)cc(Cl)c1	1.0	1	0.999	0.914
3	CC(C)(c1ccc(S(=O)(=O)Nc2ccc(Cl)cc2C(=O)c2ncccc2)cc1)c1cocn1	1.0	1	0.739	0.922
3	O=C(c1ccncc1)c1cc(Cl)ccc1NS(=O)(=O)c1ccc(OC(F)(F)F)cc1	1.0	1	0.886	0.973
3	CC(C)(c1ncco1)c1ccccc1S(=O)(=O)Nc1ccc(Cl)cc1C(=O)c1ccncc1	1.0	1	0.766	0.921
3	Oc1cc(CSc2nc(-c3ccccc3)cs2)nc2nc(Cc3ccccc3)nn12	1.0	1	0.915	0.945
3	COCCOc1nc(Nc2ccc(S(=O)(=O)NC(C)(C)CC)cc2)ncc1C	1.0	1	0.654	0.948
3	Cc1c(C(=O)c2cc(Cl)ccc2NS(=O)(=O)c2ccc(-c3cnco3)cc2)cccn1	1.0	1	0.862	0.958
3	O=C(Nc1ccc(S(=O)(=O)NCc2ccccc2)c[n+]1[O-])c1ccccc1	1.0	1	0.56	0.961
3	CSc1ccc(S(=O)(=O)Nc2ccc(Cl)cc2C(=O)c2cnccc2)cc1	1.0	1	0.9	0.976
3	Nc1nn2c(O)c(Cc3ccccc3)c(CC3CC3)nc2n1	1.0	1	1.0	0.933
3	O=C(O)c1c(-c2c(Cl)cccc2NC(=O)c2ccccc2)cccc1	1.0	1	0.719	0.988
3	Cc1c(N2C(=O)c3c(C2=O)c(NS(=O)(=O)c2ccc(C(C)(C)C)cc2)ccc3Cl)cccn1	1.0	1	0.65	0.943
3	Oc1cc(CSc2ccc(Cl)cc2Cl)ncn1N	0.0	0	0.0	0.0
3	CC(=O)C1=C(O)C(=O)N(c2ccc(C)cc2)C1c1ccc(Cl)cc1	1.0	1	0.999	0.958
3	Cc1nnnn1Cc1ccc(Cl)cc1Cl	1.0	1	0.882	0.974
3	Cc1cc(Cl)ccc1Oc1ccc(S(=O)(=O)Nc2ccc(Cl)cc2C(=O)c2ccncc2)cc1	1.0	1	0.755	0.972
3	CN(C)C(=O)C(CCn1cccc1C#N)NS(=O)(=O)c1cc(Cl)c(N)c(Cl)c1	1.0	1	0.896	0.792
3	Cc1cccc(CNc2cc(Cl)ccc2NS(=O)(=O)c2ccc(C(C)(C)C)cc2)c1	1.0	1	0.719	0.979
3	O=S(=O)(Nc1ncnc2n[nH]c(O)c12)c1c(Cl)cccc1	1.0	1	0.853	0.929
3	CCOC(=O)c1c(O)c(N)c(C(=O)C)c2c1cccc2=	0.0	0	0.0	0.0
3	O=S(=O)(Nc1ncc(Cl)nc1OCc1ccc(Cl)cc1Cl)c1ccccc1	1.0	1	0.932	0.966
3	Cc1ncc(C(=O)c2cc(Cl)ccc2NS(=O)(=O)c2ccc(OC(C)C)cc2)cc1	1.0	1	0.897	0.974
3	CC(C)(C)c1ccc(S(=O)(=O)Nc2ccc(Cl)cc2-c2c(O)cnc(N)n2)cc1	1.0	1	0.855	0.953
3	CCc1ccc(OS(=O)(=O)c2ccc(NC(C)=O)cc2)cc1	1.0	1	0.815	0.988
3	CC(C)(C)c1ccc(S(=O)(=O)Nc2ccc(Cl)cc2-c2c(O)cccn2)cc1	1.0	1	0.848	0.97
3	O=C(Nc1ccc(F)cc1)c1c(O)ncnc1NS(=O)(=O)c1ccc(Cl)cc1	1.0	1	0.763	0.967
3	c1cc(C2=Nc3c(Cn4cncc4)OCCC3)ncc2C2=C(OC3CCCC3)c3ccccc312	0.0	0	0.0	0.0
3	O=C(c1ccncc1)c1cc(Cl)ccc1NS(=O)(=O)c1cc(F)c(N2CCOCC2)cc1	1.0	1	0.76	0.966
3	CCC(=O)NCc1ccc(OC)c(NC(=O)c2ccc(Cl)cc2)c1	1.0	1	0.673	0.989
3	Cc1nc(C)c(N2C(=O)c3c(C2=O)c(NS(=O)(=O)c2ccc(C(C)(C)C)cc2)ccc3Cl)cc1	1.0	1	0.666	0.937
3	O=C(O)c1ccccc1Oc1ccc(Cl)cc1NS(=O)(=O)c1ccc(Cl)cc1	1.0	1	0.972	0.984
3	Cc1cccc(Cl)c1NC(=O)Nc1ccc(C(C)C)cc1	1.0	1	0.78	0.989
3	CCC(=O)C1=C(O)C(=O)N(c2ccc(C)cc2)C1c1ccc(C)cc1	1.0	1	0.998	0.948
3	Cc1ccc(-c2csc(N3C(=O)c4c(c(F)ccc2N5CCCCC4)O3)c2ccccc2)c1	0.0	0	0.0	0.0
3	CCCC(=O)N1CCC(NS(=O)(=O)c2ccc(NC(=O)c3nccnc3)c3c2cccc3)CC1	1.0	1	0.533	0.957
3	Cc1ncc(C(=O)c2cc(Cl)ccc2NS(=O)(=O)c2ccc(OC(C)C)cc2)cc1	1.0	1	0.897	0.974
3	CC(C)c1nc2nc(N)nn2c(O)c1Cc1ccc(Cl)c(Br)c1	1.0	1	1.0	0.899
3	CCOC(=O)N1CCC(NS(=O)(=O)c2ccc(NC(=O)c3ccccc3C)c3c2cccc3)CC1	1.0	1	0.549	0.97
3	COc1cc(C(=O)NCCN2CCCCC2)ccc1Oc1ccc(Cl)cc1C(N)=O	1.0	1	0.684	0.978
3	COc1nc(Br)cnc1NS(=O)(=O)c1c(-c2ccccc2)ccs1	1.0	1	0.924	0.941
3	COc1nn(C)c2c1c(NS(=O)(=O)c1cccc(Cl)c1Cl)nc(N)n21	0.0	0	0.0	0.0
3	CC(C)c1nc2nc(N)nn2c(O)c1Cc1ccc(Cl)c(Br)c1	1.0	1	1.0	0.899
3	O=C(O)c1ccnc(CN2C(=O)c3c(C2=O)c(NS(=O)(=O)c2ccc(C(C)(C)C)cc2)ccc3Cl)c1	1.0	0	0.005	0.936
3	O=C(c1ccncc1)c1cc(Cl)ccc1NS(=O)(=O)c1ccc([N+](=O)[O-])cc1	1.0	1	0.862	0.977
3	CCCCc1nc2nc(N)nn2c(O)c1Cc1cccc(Cl)c1	1.0	1	0.999	0.935
3	O=C(O)c1ccccc1Oc1ccc(Cl)cc1NS(=O)(=O)c1ccc(Cl)c(Cl)c1	1.0	1	0.967	0.98
3	Cc1ncc(C(=O)c2cc(Cl)ccc2NS(=O)(=O)c2ccc(OC(F)(F)F)cc2)cc1	1.0	1	0.892	0.969
3	Cc1ncccc1Oc1ncc(Cl)cc1NS(=O)(=O)c1c(Cl)c(Cl)ccc1	1.0	1	0.973	0.958
3	CCOC(=O)N1CCC(NS(=O)(=O)c2ccc(NCCCc3ccccc3)c3c2cccc3)CC1	1.0	1	0.628	0.967
3	O=C(Nc1ccc(OC(F)(F)Cl)cc1)c1ccc(Oc2ccc(Cl)cc2NS(=O)(=O)c2ccc(Cl)cc2)cc1	1.0	0	0.005	0.965
3	COc1cccc2c1c(NS(=O)(=O)c1ccc(Cl)s1)nn2Cc1ccccc1CO	1.0	1	0.813	0.947
3	COc1cc2c(cc1NS(=O)(=O)c1c(Cl)c(Cl)ccc1)n(C)c(=O)n2C	1.0	1	0.969	0.963
3	O=C(O)c1c(NS(=O)(=O)c2ccc(Cl)cc2)cccc1	1.0	1	0.893	0.992
3	CC(=O)C1=C(O)C(=O)N(c2ccc(C)cc2)C1c1cc(Cl)ccc1	1.0	1	0.999	0.953
3	COc1cc(C(=O)Nc2ccc(Cl)cc2C(=O)c2ccncc2)ccc1	1.0	1	0.854	0.986
3	CCCCCCCc1nc2nc(N)nn2c(O)c1Cc1cccc(Cl)c1	1.0	1	0.999	0.937
3	Cc1ncc(C(=O)c2cc(Cl)ccc2NS(=O)(=O)c2ccc(S(C)(=O)=O)cc2)cc1	1.0	1	0.888	0.974
3	N#Cc1cccn1CCC(NS(=O)(=O)c1cccc2c1cc[nH]2)C(=O)N1CCCCC1	1.0	1	0.836	0.833
3	COc1nc(OC)c(N2C(=O)c3c(C2=O)c(NS(=O)(=O)c2ccc(C(C)(C)C)cc2)ccc3Cl)cc1	1.0	0	0.005	0.925
3	CC(C)(C)c1ccc(S(=O)(=O)Nc2c(Cl)cccc2C(=O)c2ccncc2)cc1	1.0	1	0.883	0.973
3	Cc1cc(C(=O)c2cc(Cl)ccc2NS(=O)(=O)c2ccc(C(C)(C)C)cc2)ccn1	1.0	1	0.897	0.972
3	CC(=O)C1=C(O)C(=O)N(c2cc(Cl)c(C)cc2Cl)C1C1CCCCC1	1.0	1	0.86	0.873
3	CCOc1ccc(C=NNC(=O)C(N)=O)cc1C	1.0	1	0.768	0.977
3	CCNc1nc(NS(=O)(=O)c2cccc(Cl)c2Cl)c2c(C#N)c3ncccc3cc2n11C	0.0	0	0.0	0.0
3	COc1nc(Cl)cnc1NS(=O)(=O)c1cccc(Cl)c1Cl	1.0	1	0.893	0.955
3	COCCNS(=O)(=O)c1c(C)cccc1-c1ccc(Cl)cc1C(O)(C)C	1.0	1	0.807	0.952
3	CC(=O)C1=C(O)C(=O)N(c2ccc(Br)cc2F)C1c1cc(Br)ccc1	1.0	1	0.999	0.918
3	O=S(=O)(NCc1ccc(F)cc1)c1ccc(OC(F)(F)F)cc1	1.0	1	0.75	0.986
3	CC(C)(C)c1ccc(S(=O)(=O)Nc2ccc(Cl)cc2-c2cccnn2)cc1	1.0	1	0.865	0.971
3	Cc1ncc(C(=O)c2cc(Cl)ccc2NS(=O)(=O)c2ccc(OC(C)C)cc2)cc1	1.0	1	0.897	0.974
3	CCOC(=O)c1cc(S(=O)(=O)Nc2cc(C)ccc2C)c(C)cc1	1.0	1	0.894	0.986
3	CCCC(=O)N1CCC(NS(=O)(=O)c2ccc(NC(=O)c3c(C)cccc3)c3c2cccc3)CC1	1.0	1	0.52	0.969
3	CCOC(=O)N1CCC(NS(=O)(=O)c2ccc(NC(=O)c3ccccc3)c3c2cccc3)CC1	1.0	1	0.616	0.974
3	Cc1[n+]([O-])cc(C(=O)c2cc(Cl)ccc2NS(=O)(=O)c2ccc(N(C)C)cc2)cc1	1.0	1	0.894	0.948
3	Cc1c(Cl)c(OCC(=O)O)cc(Cl)c1	1.0	1	0.593	0.979
3	CS(=O)(=O)c1ccc(S(=O)(=O)Nc2ccc(Cl)cc2C(=O)c2ccncc2)cc1	1.0	1	0.86	0.977
3	O=S(=O)(Nc1cc(Cl)ccc1Cn1ccnn1)c1cccc(Cl)c1	1.0	1	0.904	0.966
3	Cc1c(C(=O)c2cc(Cl)ccc2NS(=O)(=O)c2ccc(OC(C)C)cc2)ccc[n+]1[O-]	1.0	1	0.897	0.949
3	COC(=O)CCc1ccc(S(=O)(=O)Nc2ccc(Cl)cc2C(=O)c2c[n+]([O-])c(C)nc2)cc1	1.0	1	0.689	0.929
3	Cc1cccc(NS(=O)(=O)c2ccc(Cl)cc2)c1CC	1.0	1	0.845	0.986
3	CCCc1nnn(-c2c(Cl)c(Cl)ccc2S(=O)(=O)CC)c1C=N[SH](C)(=O)O	1.0	1	0.833	0.543
3	O=C(c1ccncc1)c1cc(Cl)ccc1NS(=O)(=O)c1ccc(F)cc1C	1.0	1	0.941	0.976
3	COc1cc(C(=O)Nc2ccc(Cl)cc2C(=O)c2ccncc2)ccc1	1.0	1	0.854	0.986
3	CC(C)(C)c1ccc(S(=O)(=O)Nc2ccc(Cl)cc2-c2ncc(CO)cc2)cc1	1.0	1	0.857	0.971
3	O=S(=O)(NCCCN1CCC(O)(c2ccc(Cl)cc2)CC1)c1cc2c(cccc2)cc1	1.0	1	0.545	0.969
3	O=S(=O)(Nc1ncnc2n[nH]c(O)c12)c1ccc(Cl)cc1	1.0	1	0.869	0.939
3	CC(C)(C)c1ccc(S(=O)(=O)Nc2ccc(Br)cc2C(=O)c2ccncc2)cc1	1.0	1	0.892	0.975
3	Cc1cc[n+]([O-])cc1CN(C(=O)c1ccc(Cl)c(Cl)c1)c1ccc(S(C)(=O)=O)cc1	1.0	1	0.893	0.939
3	O=S(=O)(Nc1ncc(Cl)nc1OCc1ccc(Cl)cc1Cl)c1cc(Cl)ccc1N	1.0	1	0.773	0.945
3	CC(C)(C)c1ccc(S(=O)(=O)Nc2ccc(Cl)cc2-c2c(CN)cccn2)cc1	1.0	1	0.932	0.967
4	CC(C)c1nc2nc(N)nn2c(O)c1Cc1ccc(Cl)c(Br)c1b	0.0	0	0.0	0.0
4	COc1nc(Br)cnc1NS(=O)(=O)c1cccc(Cl)c1Cl	1.0	1	0.892	0.95
4	N#Cc1cccn1CCC(NS(=O)(=O)c1cc(Cl)c(N)c(Cl)c1)C(=O)N1CCC(C(F)(F)F)CC1	1.0	1	0.828	0.737
4	O=C(O)c1c(Oc2ccc(F)cc2NS(=O)(=O)c2ccc(Cl)cc2)cccc1	1.0	1	0.971	0.983
4	O=C(O)c1c(Oc2nccnc2NS(=O)(=O)c2ccc(Cl)c(Cl)c2)cccc1	1.0	1	0.935	0.968
4	Cc1nn(Cc2ccc(C(F)(F)F)cc2)cc1C1CC(=O)NS1(=O)=O	1.0	1	0.91	0.816
4	CC(=O)C1=C(O)C(=O)N(c2cc(C)c(Cl)cc2)C1C1CCCCC1	1.0	1	0.945	0.907
4	CCNc1cnccc1C(=O)c1cc(Cl)ccc1NS(=O)(=O)c1ccc(C(C)(C)C)cc1	1.0	1	0.81	0.96
4	CC(C)(C)c1ccc(S(=O)(=O)Nc2ccc(Cl)cc2-c2ccccn2)cc1	1.0	1	0.876	0.979
4	CC(=O)C1=C(O)C(=O)N(c2cc(C)c(C)cc2)C1c1ccc(C(F)(F)F)cc1	1.0	1	0.999	0.931
4	CCC(=O)C1=C(O)C(=O)N(c2ccc(C)cc2)C1c1ccc(Cl)cc1	1.0	1	0.998	0.946
4	Cc1ccc(Oc2cc(NC(=O)NCCCN3CCCCCC3)ccc2)cc1	1.0	1	0.62	0.985
4	COc1ccccc1Cn1nc(NS(=O)(=O)c2ccc(Cl)s2)c2ccccc21	1.0	1	0.868	0.966
4	O=C(c1ccncc1)c1cc(Cl)ccc1NS(=O)(=O)c1ccc(N2CCOCC2)cc1	1.0	1	0.728	0.973
4	O=C(O)c1cc(Oc2ccc(Cl)cc2NS(=O)(=O)c2ccc(Cl)cc2)ccc1	1.0	1	0.97	0.984
4	Cc1ccc(S(=O)(=O)Nc2ccc(Cl)cc2C(=O)c2ccncc2)cc1	1.0	1	0.93	0.983
4	Cc1c(F)c(N)ccc1C(=O)C(O)C(O)C(O)CO	1.0	1	0.846	0.659
4	COc1cccc2c1c(NS(=O)(=O)c1ccc(Cl)s1)nn2Cc1cccc(N)c1	1.0	1	0.797	0.95
4	O=C(O)c1cccc2c1ccc1ccccc12	1.0	1	0.676	0.992
4	Nc1nn2c(O)c(Cc3ccccc3Cl)c(C3CC3)nc2n1	1.0	1	0.999	0.921
4	CC1CCN(C(=O)C(CCn2cncc2C#N)NS(=O)(=O)c2cc(Cl)c(N)c(Cl)c2)CC1	1.0	1	0.94	0.759
4	Cc1c(C(=O)Nc2ccc(S(=O)(=O)NC3CCN(C(=O)OCCCN(C)C)CC3)cc2)cccc1	1.0	1	0.441	0.969
4	Cc1ncccc1Oc1ncc(Cl)cc1NS(=O)(=O)c1ccc(Cl)c(Cl)c1	1.0	1	0.964	0.964
4	O=C(O)c1c(Oc2nccnc2NS(=O)(=O)c2ccc(Cl)cc2)cccc1	1.0	1	0.911	0.974
4	Nc1nn2c(O)c(Cc3ccc(Cl)cc3)c(C3CC3)nc2n1	1.0	1	1.0	0.93
4	O=C(c1cnccc1)c1cc(Cl)ccc1NS(=O)(=O)c1ccc(-c2cocc2)cc1	1.0	1	0.832	0.968
4	Cc1cccc(C(=O)c2cc(Cl)ccc2NS(=O)(=O)c2ccc(-c3cnco3)cc2)c1	1.0	1	0.853	0.968
4	CCCCCCc1nc2nc(N)nn2c(O)c1Cc1cccc(Cl)c1	1.0	1	0.999	0.937
4	COc1ccccc1Oc1nc(Cl)cs1	1.0	1	0.82	0.969
4	CC(C)c1ccc(S(=O)(=O)c2ccc(Cl)cc2)cc1	1.0	1	0.836	0.991
4	CC(C)(c1ccc(S(=O)(=O)Nc2cc(F)c(F)cc2C(=O)c2ncccc2)C2CCCO2)cc1	0.0	0	0.0	0.0
4	COc1ccc(Cn2nc(NS(=O)(=O)c3ccc(Cl)s3)c3c2cccc3OC)cc1	1.0	1	0.778	0.961
4	COc1ccc(Sc2ccc(Cc3cnc(N)nc3N)cc2)cc1	1.0	1	0.813	0.974
4	CCCC(=O)N1CCC(NS(=O)(=O)c2ccc(NC(=O)c3ccc(OCc4ccccc4)cc3)c3c2cccc3)CC1	1.0	0	0.005	0.962
4	Cc1ncc(C(=O)c2cc(Cl)ccc2NS(=O)(=O)c2ccc(S(C)(=O)=O)cc2)cc1	1.0	1	0.888	0.974
4	CCCC(=O)N1CCC(NS(=O)(=O)c2ccc(NC(=O)c3ncccc3)c3c2cccc3)CC1	1.0	1	0.601	0.965
4	O=C(O)c1ccncc1Oc1ccc(Cl)cc1NS(=O)(=O)c1ccc(Cl)c(Cl)c1	1.0	1	0.977	0.967
4	CC(C)(C)c1ccc(S(=O)(=O)Nc2ccc(Cl)cc2-c2ccnnc2)cc1	1.0	1	0.945	0.967
4	Cn1nnnc1Cc1ccccc1S(=O)(=O)N1CCCC1c1ccccc1	1.0	1	0.918	0.912
4	Cc1cc(Cc2ccc(Cl)cc2)n(-c2ccc(C(=O)O)cc2)n1	1.0	1	0.783	0.982
4	O=C(O)c1c(Oc2ccc(Cl)cc2NS(=O)(=O)c2ccc(F)cc2)cccc1	1.0	1	0.97	0.984
4	CN(C)C(=O)CCc1ccc(S(=O)(=O)Nc2ccc(Cl)cc2C(=O)c2ccncc2)cc1	1.0	1	0.837	0.971
4	CCOC(=O)N1CCC(NS(=O)(=O)c2ccc(C(=O)NCc3ccccc3CC)c3c2cccc3)CC1	1.0	0	0.005	0.961
4	O=C(NCCO)NS(=O)(=O)c1ccccc1	1.0	1	0.721	0.987
4	CC(C)c1nc2nc(N)nn2c(O)c1Cc1cccc(Br)c1	1.0	1	1.0	0.921
4	CC(C)Oc1c(Cl)cc(Cl)cc1S(=O)(=O)Nc1ccc(C(=O)Nc2ccccc2)cc1	1.0	1	0.627	0.978
4	CCCCCc1c(C)c2c(cc1O)CCCN2C	1.0	1	0.922	0.947
4	O=C(O)c1ccccc1Oc1ccc(Cl)cc1NS(=O)(=O)c1cccc(Cl)c1	1.0	1	0.969	0.982
4	CC(c1nc2nc(N)nc(N)c2cc1N)Nc1c(N(C)C)ncn1	0.0	0	0.0	0.0
4	Cc1ncccc1C(=O)c1cc(Cl)ccc1NS(=O)(=O)c1ccc(C(F)(F)F)cc1	1.0	1	0.915	0.971
4	CCC(=O)c1ccc(OC(=O)c2ccccc2)cc1	1.0	1	0.688	0.993
4	O=S(=O)(NNC(=O)COc1ccc(Cl)cc1)c1ccccc1CF	1.0	1	0.803	0.974
4	N#Cc1ccc(Oc2c(Cl)cc(Cl)cc2NS(=O)(=O)c2ccc(C(C)(C)C)cc2)cc1	1.0	1	0.923	0.969
4	O=S(=O)(Nc1cc(Cl)ccc1Cn1ccnn1)c1cccc2nc[nH]c12	1.0	1	0.957	0.921
4	Cc1cc(NS(=O)(=O)c2cc(C(F)(F)F)c(Cl)cc2N2=CCNCC2)cc[n+]1	0.0	0	0.0	0.0
4	O=C(c1ccncc1)c1cc(Cl)ccc1NS(=O)(=O)c1ccc(O)c(I)c1	1.0	1	0.9	0.966
4	CCCCCc1cc(C(=O)c2ccccc2)ccc1	1.0	1	0.825	0.993
4	COc1nc2ccc(Cl)nc2c2ccccc12	1.0	1	0.772	0.975
4	O=S(=O)(NCCCN1CCC(O)(c2ccc(Cl)cc2)CC1)c1ccccc1Oc1ccc(Cl)cc1	1.0	1	0.466	0.961
4	COc1nc(CO)c(C)nc1NS(=O)(=O)c1cccc(Cl)c1Cl	1.0	1	0.901	0.942
4	O=C(O)c1c(Oc2ccc(Cl)cc2NS(=O)(=O)c2ccc(Cl)cc2)cccc1	1.0	1	0.972	0.984
4	COc1nc(CO)c(Cl)nc1NS(=O)(=O)c1cccc(Cl)c1Cl	1.0	1	0.902	0.935
4	CCCC(=O)N1CCC(NS(=O)(=O)c2ccc(NC(=O)C3CCCCC3)c3c2cccc3)CC1	1.0	1	0.631	0.965
4	Cc1cccc(C(=O)c2cc(Cl)ccc2NS(=O)(=O)c2ccc(C(C)(C)C)cc2)c1	1.0	1	0.905	0.98
4	O=C(O)c1c(Oc2cccc(F)c2NS(=O)(=O)c2ccc(Cl)cc2)cccc1	1.0	1	0.982	0.979
4	CCCC(=O)N1CCC(NS(=O)(=O)c2ccc(NC(=O)C3CCN(C)CC3)c3c2cccc3)CC1	1.0	1	0.597	0.96
4	Oc1cc(CSc2ccc(F)cc2F)nc2nc(Cc3ccccc3)nn12	1.0	1	0.937	0.945
4	CC(C)(C)c1ccc(S(=O)(=O)Nc2ccc(Cl)cc2-c2c(NCCO)ncc(Cl)n2)cc1	1.0	1	0.864	0.941
4	CNC(=O)c1ccc(C(Cc2ccc(F)cc2)c2ccc(Cl)cc2)cc1	1.0	1	0.915	0.969
4	COc1ccc(C=NNc2c([N+](=O)[O-])cc(S(=O)(=O)Nc3c(Cl)cccc3C)cc2)cc1	1.0	1	0.571	0.966
4	C(=O)CCc1cc(Cl)c(Cl)cc1NS(=O)(=O)c1ccc(Cl)cc1	1.0	1	0.912	0.969
4	CC(=O)N(Cc1ccccc1C(F)(F)F)C1CCNCC1	1.0	1	0.809	0.964
4	CC(C)c1nc2nc(N)nn2c(O)c1Cc1cccc(Cl)c1	1.0	1	1.0	0.929
4	Cc1nc(=O)c2ccccc2n1OC(=O)c1ccc(Cl)c(Cl)c1	1.0	1	0.844	0.963
4	Nc1nn2c(O)c(Cc3cccc(F)c3)c(C3CCCC3)nc2n1	1.0	1	1.0	0.924
4	CC(C)Sc1ccc(C(=O)C2CC3(C)C(C(C)=O)CCCC23C)cc1	1.0	1	0.889	0.515
4	Cc1ncc(C(=O)c2cc(Cl)ccc2NS(=O)(=O)c2ccc(C(C)(C)c3cnco3)cc2)cc1	1.0	1	0.807	0.921
4	O=C(O)c1c(Oc2ccc(Cl)cc2NS(=O)(=O)c2ccc(Cl)cc2)cccc1	1.0	1	0.972	0.984
4	O=C(O)c1c(F)cccc1S(=O)(=O)c1ccc(OC(F)(F)F)cc1	1.0	1	0.896	0.973
4	CC(C)(C)c1ccc(S(=O)(=O)Nc2ccc(F)cc2C(=O)c2ccncc2)cc1	1.0	1	0.889	0.976
4	CCCCc1nc2nc(N)nn2c(O)c1Cc1cccc(Cl)c1	1.0	1	0.999	0.935
4	O=S(=O)(Nc1ncc(Cl)nc1OCc1ccccc1COc1ccccc1)c1cc(Cl)cc(Cl)c1	1.0	1	0.848	0.949
4	CC(C)(C)c1ccc(S(=O)(=O)Nc2ccc(F)c(F)c2C(=O)c2cccnc2)cc1	1.0	1	0.88	0.965
4	Cc1ccc(S(=O)(=O)Nc2ccc(Cl)cc2C(=O)c2cnccc2)cc1	1.0	1	0.931	0.983
4	CC(C)(C)c1ccc(S(=O)(=O)Nc2ccc(Cl)cc2-c2cccnn2)cc1	1.0	1	0.865	0.971
4	O=C(O)c1ccccc1Oc1ccc(Cl)cc1NS(=O)(=O)c1ccc(Cl)c(Cl)c1	1.0	1	0.967	0.98
4	CCCC(=O)N1CCC(NS(=O)(=O)c2ccc(NC(=O)C3CC3)c3c2cccc3)CC1	1.0	1	0.757	0.97
4	COc1ccc(S(=O)(=O)Nc2ccc(Cl)cc2C(=O)NCc2ccccc2)cc1	1.0	1	0.829	0.988
4	COc1ccccc1Cn1nc(NS(=O)(=O)c2ccc(Cl)s2)c2ccccc21	1.0	1	0.868	0.966
4	N#Cc1cccn1CCC(NS(=O)(=O)c1cc(Cl)c(N)c(Cl)c1)C(=O)N1CCCCCC1	1.0	1	0.826	0.821
4	CC(=O)OCC(=O)c1ccc(Oc2ccc(Cl)cc2NS(=O)(=O)c2ccc(C(C)(C)C)cc2)cc1	1.0	1	0.905	0.971
4	Cc1cc(Oc2ccc(Cl)cc2NS(=O)(=O)c2ccc(-c3ccccc3)cc2C(=O)c2ccncc2)ccc1	1.0	0	0.005	0.961
4	CC(=O)Nc1nnn(Cc2ccccc2Cl)c1Br	1.0	1	0.904	0.954
4	CNS(=O)(=O)c1ccc(CNC(=O)c2ccccc2)cc1	1.0	1	0.787	0.992
4	CC(=O)C1=C(O)C(=O)N(c2ccc(F)cc2F)C1C1CCCCC1	1.0	1	0.999	0.902
4	CCCCCc1c(C)n(C)c(N)n1	1.0	1	0.863	0.943
4	O=S(=O)(Nc1cc(Cl)ccc1Cn1ccnn1)c1cccc(C(F)(F)F)c1[b-]	0.0	0	0.0	0.0
4	O=C(O)c1ccccc1Oc1ccc(Cl)cc1NC(=O)c1c(Cl)cc(N)cc1	1.0	1	0.802	0.982
4	Cc1ccc(S(=O)(=O)Nc2ccc(Cl)cc2C(=O)c2ccncc2)cc1	1.0	1	0.93	0.983
4	O=C(O)c1c(Oc2ncccc2NS(=O)(=O)c2ccc(Cl)cc2)cccc1	1.0	1	0.905	0.981
5	Oc1cc(CSc2ccccc2)nc2nc(Cc3ccccc3)nn12	1.0	1	0.951	0.961
5	O=C(c1cccnc1)c1cc(Cl)ccc1NS(=O)(=O)c1ccc(-c2cnco2)cc1	1.0	1	0.84	0.964
5	Nc1ncc(C2=CCCCC2)nc1SC1CCC(C(F)(F)F)CC1	1.0	1	0.822	0.848
5	O=C(O)c1ccccc1Oc1cc(Cl)ccc1NS(=O)(=O)c1ccc(Cl)c(Cl)c1	1.0	1	0.956	0.978
5	O=C(O)c1ccccc1Oc1ccc(Cl)cc1NS(=O)(=O)c1cccc(Cl)c1	1.0	1	0.969	0.982
5	CC(=O)C1=C(O)C(=O)N(c2ccc(Cl)cc2F)C1c1cc(Br)ccc1S	1.0	1	0.998	0.85
5	O=C(O)c1c(Oc2nccnc2NS(=O)(=O)c2ccc(Cl)cc2)cccc1	1.0	1	0.911	0.974
5	N#Cc1cccc(S(=O)(=O)NC(=O)N2CCC(N3CCC(Oc4ccc(Cl)c(Cl)c4)CC3)CC2)c1	1.0	1	0.403	0.94
5	Cn1nncc1C(Cc1ccccc1)NS(=O)(=O)c1ccc(Cl)cc1	1.0	1	0.932	0.914
5	N#Cc1cccc(S(=O)(=O)NC(=O)N2CCC(N3CCC(Oc4ccc(Cl)c(Cl)c4)CC3)CC2)c1)	0.0	0	0.0	0.0
5	CC(=O)c1ccc(S(=O)(=O)Nc2ccc(Br)cc2C(=O)c2ccncc2)cc1	1.0	1	0.898	0.978
5	CC(C)NS(=O)(=O)c1cccc(C(=O)c2cc(Cl)ccc2NS(=O)(=O)c2ccc(C3(C)CCOC3)cc2)c1	1.0	0	0.005	0.845
5	COc1cc2c(cc1NS(=O)(=O)c1c(Cl)c(Cl)ccc1)nc(O)n2C(CO)CO	1.0	1	0.934	0.906
5	O=C(c1ccncc1)c1cc(Cl)ccc1NS(=O)(=O)c1ccc(N2CCC2)cc1	1.0	1	0.853	0.978
5	O=S(=O)(Nc1cc(Cl)c(Cl)cc1Cn1ccnn1)c1cccc2c1ccc3c1cccc3c2O1	0.0	0	0.0	0.0
5	Cn1nnnc1Cc1cccc(Cl)c1NS(=O)(=O)c1ccc(Cl)c(Cl)c1	1.0	1	0.921	0.952
5	CC(=O)N1CCC(NS(=O)(=O)c2ccc(NC(=O)c3c(C)cccc3)c3c2cccc3)CC1	1.0	1	0.571	0.973
5	O=C(Nc1ccc(S(=O)(=O)Nc2ccccc2)c2ccccc12)c1ccccc1	1.0	1	0.673	0.988
5	O=C(O)c1ccccc1C(=O)c1ccccc1O	1.0	1	0.823	0.991
5	COc1ccccc1Cn1nc(NS(=O)(=O)c2ccc(Cl)s2)c2c1cccc2	1.0	1	0.868	0.966
5	CCCSc1cc(NS(=O)(=O)c2ccc(NC(=O)C(C)(C)C)cc2)ccc1	1.0	1	0.641	0.977
5	N#CSCCNC(=O)c1ccccc1	1.0	1	0.857	0.978
5	Cc1ccc(S(=O)(=O)Nc2ccc(Cl)cc2C(=O)c2ccncc2)cc1	1.0	1	0.93	0.983
5	CNc1ncc(Cl)cc1NS(=O)(=O)c1cccc(Cl)c1Cl	1.0	1	0.879	0.96
5	CN(C)C(=O)C(C)(C)c1ccc(S(=O)(=O)Nc2ccc(Cl)cc2C(=O)c2ccncc2)cc1	1.0	1	0.808	0.954
5	O=S(=O)(Nc1cc(Cl)ccc1Cn1ccnn1)c1cccc(F)c1c	0.0	0	0.0	0.0
5	CC(=O)C1=C(O)C(=O)N(c2ccc(C)cc2)C1c1cc(Br)ccc1	1.0	1	0.999	0.948
5	COc1cccnc1N1C(=O)c2c(C1=O)c(NS(=O)(=O)c1ccc(C(C)(C)C)cc1)ccc2Cl	1.0	1	0.652	0.939
5	CC(=O)c1ccc(S(=O)(=O)Nc2ccc(Br)cc2C(=O)c2ccncc2)cc1	1.0	1	0.898	0.978
5	COc1nn(C)c2c1c(NS(=O)(=O)c1cccc(Cl)c1Cl)nc(N)n2	1.0	1	0.869	0.933
5	CNCC=Cc1ccc(Sc2ccc(Cl)cc2NS(=O)(=O)c2ccc(C(C)(C)C)cc2)cc1	1.0	1	0.863	0.948
5	Cc1ccc(Oc2ccc(C(=O)NCCc3ccncc3)cc2)cc1	1.0	1	0.677	0.99
5	CCOC(=O)N1CCC(NS(=O)(=O)c2ccc(NC=C(C)c3ccc(C)o3)cc2)CC1	1.0	1	0.632	0.94
5	CC(=O)C1=C(O)C(=O)N(c2ccc(C)cc2F)C1c1cn(C)nc1	1.0	1	0.984	0.88
5	CC(=O)C1=C(O)C(=O)N(c2ccc(C)cc2F)C1C1CCN(Cc2ccccc2)CC1	1.0	1	0.982	0.909
5	CS(=O)(=O)c1ccc(S(=O)(=O)Nc2ccc(Cl)cc2C(=O)c2cnccc2)cc1	1.0	1	0.882	0.977
5	CC(=O)C1=C(O)C(=O)N(c2cc(C)ccc2)CC1c1ccc(Cl)cc1	1.0	1	0.936	0.913
5	C=CCOc1c(Cl)cc(Cl)cc1S(=O)(=O)O	1.0	1	0.737	0.96
5	COc1nc(Br)cnc1NS(=O)(=O)c1cc(Cl)c(Cl)s1	1.0	1	0.945	0.898
5	O=C(O)c1c(F)cccc1Oc1ccc(Cl)cc1NS(=O)(=O)c1cccc(Cl)c1	1.0	1	0.975	0.975
5	CC(C)(C)c1ccc(S(=O)(=O)Nc2ccc(Cl)cc2-c2c(O)c(CO)ccn2)cc1	1.0	1	0.847	0.952
5	Nc1nn2c(O)c(Cc3cccc(Cl)c3)c(C3CCCCC3)nc2n1	1.0	1	0.895	0.926
5	CS(=O)(=O)c1ccc(S(=O)(=O)Nc2ccc(Br)cc2C(=O)c2ccncc2)cc1	1.0	1	0.879	0.975
5	CCN(C(=O)c1ccccc1)c1ccc(C)cc1	1.0	1	0.97	0.992
5	O=C(O)c1ccccc1Oc1ncc(Cl)cc1NS(=O)(=O)c1ccc(Cl)c(Cl)c1	1.0	1	0.905	0.971
5	CCCCc1nc(Cl)c(CC)n1NOc1ccc(Cl)cc1C=C(C#N)c1nc2cc(C)ccc2N1C#N	1.0	0	0.005	0.692
5	O=C(O)c1ccccc1Oc1ncc(Cl)cc1NS(=O)(=O)c1ccc(Cl)c(Cl)c1	1.0	1	0.905	0.971
5	Cc1cc(N2C(=O)c3c(C2=O)c(NS(=O)(=O)c2ccc(C(C)(C)C)cc2)ccc3Cl)cnc1	1.0	1	0.699	0.939
5	O=S(=O)(Nc1ncc(Cl)nc1OCc1ccc(Br)cc1)c1cccc(Cl)c1	1.0	1	0.953	0.965
5	CC(C)(c1ncco1)c1ccccc1S(=O)(=O)Nc1ccc(Cl)cc1C(=O)c1ccncc1	1.0	1	0.766	0.921
5	CC(=O)C1=C(O)C(=O)N(c2ccc(C)cc2)C1c1ccc(Cl)cc1	1.0	1	0.999	0.958
5	CC(=O)c1ccc(S(=O)(=O)Nc2ccc(Br)cc2C(=O)c2ccncc2)cc1	1.0	1	0.898	0.978
5	Cn1ncc2c1c(Oc1ccc(NC(=O)C3CCCNC3)cc1)cn2C1CCC(=O)OC1	1.0	1	0.767	0.66
5	Cc1c(S(=O)(=O)NCCCN2CCC(Nc3ncccc3N3CCN(C)CC3)CC2)cccc1Cl	1.0	1	0.479	0.941
5	COC(=O)CCc1ccc(S(=O)(=O)Nc2ccc(Cl)cc2C(=O)c2c(C(C)C)cccc2)cc1	1.0	1	0.828	0.971
5	Cc1c(C(=O)Nc2ccc(S(=O)(=O)NC3CCN(C(=O)N(C)C)CC3)cc2)cccc1	1.0	1	0.535	0.976
5	CCOC(=O)N1CCC(NS(=O)(=O)c2ccc(NC(=O)c3ccccc3)c3c2cccc3)CC1	1.0	1	0.616	0.974
5	CNc1c(Br)c(NCCN2CCOCC2)c2ccccc2c1	1.0	1	0.895	0.955
5	COc1cc2c(cc1NS(=O)(=O)c1c(Cl)c(Cl)ccc1)nc(O)n2C(CCCN)C2	0.0	0	0.0	0.0
5	COc1ccc(S(=O)(=O)Nc2ccc(Cl)cc2C(=O)NCCc2ccccc2)cc1	1.0	1	0.913	0.986
5	O=S(=O)(Nc1cc(Cl)ccc1Cn1ccnn1)c1cccc(F)c1	1.0	1	0.896	0.965
5	O=C(NCCO)c1cc(Oc2ccc(Cl)cc2NS(=O)(=O)c2ccc(Cl)c(C(F)(F)F)c2)c(C2CCCNC2)cc1	1.0	0	0.005	0.833
5	Cc1cc(Oc2ccc(C(=O)NCCN3CCCCC3)cc2)c(N)cc1	1.0	1	0.563	0.984
5	O=C(O)c1c(Oc2ccc(Cl)cc2NS(=O)(=O)c2ccc(Cl)cc2)cccc1	1.0	1	0.972	0.984
5	Nc1nn2c(O)c(Cc3ccc(Cl)cc3)c(C3CC3)nc2n1	1.0	1	1.0	0.93
5	CCCCCC(=O)Nc1ccc(C(F)(F)F)cc1C(=O)c1ccccc1	1.0	1	0.843	0.985
5	CC(=O)C1=C(O)C(=O)N(c2ccc(C)cc2)C1c1ccc(Cl)cc1	1.0	1	0.999	0.958
5	O=C(O)NS(=O)(=O)c1ccc(Br)cc1CS	1.0	1	0.712	0.929
5	O=C(O)c1ccc(Oc2ccc(Cl)cc2NS(=O)(=O)c2ccc(Cl)c(Cl)c2)cc1	1.0	1	0.954	0.982
5	CC(C)(C)c1ccc(S(=O)(=O)Nc2ccc(F)c(F)c2C(=O)c2[nH]cc3ccccc23)cc1	1.0	1	0.818	0.935
5	CCCCCCCc1nc2nc(N)nn2c(O)c1Cc1cccc(Cl)c1	1.0	1	0.999	0.937
5	O=C(O)c1c(Oc2ccc(F)cc2NS(=O)(=O)c2ccc(Cl)s2)cccc1	1.0	1	0.958	0.974
5	O=C(O)c1cc(NS(=O)(=O)c2ccc(Cl)cc2)ccc1	1.0	1	0.797	0.992
5	C=CCN(C(=O)NCc1ccc(C#N)cc1)C1CCN(CCC2(c3cccc(F)c3)CC)c3ccccc32)CC1	0.0	0	0.0	0.0
5	O=S(=O)(Nc1cc(Cl)ccc1Cn1ccnn1)c1cccc(Cl)c1	1.0	1	0.904	0.966
5	N#Cc1cc(NS(=O)(=O)c2ccc(Cl)cc2)c(NS(=O)(=O)c2ccccc2C#N)cc1	1.0	1	0.814	0.966
5	Cc1nc(C)c(-c2ccc(S(=O)(=O)Nc3ccc(Cl)cc3C(=O)c3ccncc3)cc2)o1	1.0	1	0.778	0.956
5	O=C(O)c1ccc(Oc2ccc(Cl)cc2NS(=O)(=O)c2ccc(Cl)cc2)cc1	1.0	1	0.934	0.986
5	Cc1c(N2C(=O)c3c(C2=O)c(NS(=O)(=O)c2ccc(C(C)(C)C)cc2)ccc3Cl)cccn1	1.0	1	0.65	0.943
5	O=C(O)c1c(Oc2nccnc2NS(=O)(=O)c2ccc(Cl)cc2)cccc1	1.0	1	0.911	0.974
5	CCCOc1ccc(C(=O)Nc2ccc(NC(=O)c3ccccc3)cc2)cc1	1.0	1	0.382	0.992
5	COC(=O)CCc1ccc(S(=O)(=O)Nc2ccc(Cl)cc2C(=O)c2c(C)nccc2)cc1	1.0	1	0.859	0.971
5	COc1nc(Br)cnc1NS(=O)(=O)c1ccc(Cl)cc1Cl	1.0	1	0.898	0.956
5	O=C(NS(=O)(=O)c1ccc(Cl)cc1)N1CCC(N2CCCC2)C1=O	1.0	1	0.739	0.907
5	COc1ccc(C(=O)c2c(Cl)cccc2Cl)cc1	1.0	1	0.856	0.991
5	COc1cc2c(cc1NS(=O)(=O)c1c(Cl)c(Cl)ccc1)nc(O)n2C(CO)CO	1.0	1	0.934	0.906
5	Oc1cc(CSc2cccc(OC(F)(F)F)c2)nc2nc(C3CCCCC3)nn12	1.0	1	0.947	0.907
5	CCOC(=O)N1CCC(NS(=O)(=O)c2ccc(NCc3ccccc3)c3ccccc23)CC1	1.0	1	0.565	0.972
5	Nc1nn2c(O)c(Cc3cccc(F)c3)c(C3CCCCC3)nc2n1	1.0	1	0.983	0.925
5	CNC(=O)Cn1nc(OC)c2c1nc(NS(=O)(=O)c1ccc(Cl)cc2)nc1O	1.0	0	0.781	0.074
5	CCCC(=O)N1CCC(NS(=O)(=O)c2ccc(NC(=O)c3nccnc3)c3c2cccc3)CC1	1.0	1	0.533	0.957
5	O=C(O)c1ccccc1Oc1ccc(C(F)(F)F)cc1NS(=O)(=O)c1ccc(Cl)cc1	1.0	1	0.966	0.977
5	O=C(c1ccnc(F)c1)N1CCC(NS(=O)(=O)c2ccc(OC#Cc3ccccc3)cc2)CC1	1.0	1	0.46	0.937
5	CC(=O)C1=C(O)C(=O)N(c2ccc(C)cc2)C1c1cc(Cl)ccc1	1.0	1	0.999	0.953
5	O=C(NCCNS(=O)(=O)c1cc(Cl)c(Cl)cc1)NS(=O)(=O)c1cccc(Cl)c1	1.0	1	0.547	0.972
5	O=C(Nc1ccc(S(=O)(=O)Nc2ccccc2)c2ccccc12)c1ccccc1	1.0	1	0.673	0.988
5	O=C(NCCN1CCNCC1)c1cc(Oc2ncc(Cl)cc2NS(=O)(=O)c2ccc(Cl)cc2)ccc1	1.0	0	0.005	0.955
5	CC(=O)C1=C(O)C(=O)N(c2ccc(F)cc2F)C1C1CCCCC1	1.0	1	0.999	0.902
5	C=CCOc1c(Cl)cc(C(=O)c2c(OC)cccc2N(C)C)c1	0.0	0	0.0	0.0
5	CCC(=O)C1=C(O)C(=O)N(c2ccc(C)cc2)C1C1CCCCC1	1.0	1	0.994	0.913
6	N#CC1(c2ccc(Cl)cc2)CCN(CCNS(=O)(=O)c2ccc(Cl)cc2)CC1	1.0	1	0.659	0.963
6	O=C(c1ccncc1)c1cc(Br)ccc1NS(=O)(=O)c1ccc(N2CCCCC2)cc1	1.0	1	0.819	0.974
6	COc1ccc(CN2C(=O)Cc3ccccc3C2=O)c1Cl	0.0	0	0.0	0.0
6	O=C1c2c(C(=O)N1CCCC1)c1ccccc21Sc1ccccc1	0.0	0	0.0	0.0
6	O=C(O)c1c(F)cccc1Oc1ccc(CN(C)C)cc1Br	1.0	1	0.825	0.976
6	CC(C)(C)c1ccc(S(=O)(=O)Nc2ccc(Br)cc2C(=O)c2ccnccc2)cc1	0.0	0	0.0	0.0
6	O=S(=O)(Nc1cc(Cl)ccc1Cn1ccnn1)c1cc(Cl)c(Cl)cc1	1.0	1	0.932	0.963
6	Cc1cc(Oc2ccc(C(=O)c3ccc(C(F)(F)F)cc3)cc2)ccn1	1.0	1	0.71	0.981
6	CC(C)(C)c1ccc(S(=O)(=O)Nc2ccc(Cl)cc2C(=O)c2ccnc(Cl)c2)cc1	1.0	1	0.884	0.971
6	COc1ccccc1N1C(=O)c2c(C1=O)c(NS(=O)(=O)c1ccc(C(C)(C)C)cc1)cccc2	0.0	0	0.0	0.0
6	Oc1cc(CSc2ccc(F)cc2F)nc2nc(C3CCOCC3)nn12	1.0	1	0.941	0.897
6	Cc1ncc(C(=O)c2cc(Cl)ccc2NS(=O)(=O)c2ccc(-c3cnco3)cc2)cc1	1.0	1	0.858	0.96
6	CC(=O)C1=C(O)C(=O)N(c2ccc(C)cc2)C1C1CCCCCC1	1.0	1	0.997	0.929
6	CCOC(=O)N1CCC(NS(=O)(=O)c2ccc(NC(=O)c3ccccc3C)c3c2cccc3)CC1	1.0	1	0.549	0.97
6	CC(=O)C1=C(O)C(=O)N(c2cc(Cl)ccc2)C1C1CCCCC1	1.0	1	0.998	0.92
6	COc1ccc(S(=O)(=O)Nc2ccc(Cl)cc2C(=O)NCCc2ccccc2)cc1	1.0	1	0.913	0.986
6	O=C(c1nc(N)nc2nc(NC(=O)C3CC3)ccc12)n1cccn1	1.0	1	0.782	0.916
6	O=C(c1cc(Cl)ccc1NS(=O)(=O)c1ccc(Cl)c(Cl)cc1)N	0.0	0	0.0	0.0
6	O=S(=O)(Nc1cc(Cl)ccc1Cn1cccn1)nc1ccc(F)cc1	0.0	0	0.0	0.0
6	CC(C)(c1ncc(Cl)cc1NS(=O)(=O)c1ccc(Cl)cc1)N	1.0	1	0.906	0.96
6	CCNc1nc(NS(=O)(=O)c2cccc(Cl)c2Cl)c(O)nc1	1.0	1	0.94	0.932
6	CN(C)CC(=O)N1CCCN(Cc2ccc(Cl)cc2)CC12CCCCC2=O	1.0	1	0.912	0.731
6	Cc1nn(Cc2ccc(C(F)(F)F)cc2NS(=O)(=O)c2ccc(Cl)cc2)cc1	1.0	1	0.919	0.967
6	CNc1nc(C)c(Cc2ccc(Cl)cc2)cc1	1.0	1	0.945	0.982
6	CCOC(=O)N1CCC(NS(=O)(=O)c2ccc(Cl)nc2)c2ccccc21	1.0	1	0.866	0.903
6	O=C(O)c1cc(Oc2ncc(Cl)cc2NS(=O)(=O)c2ccc(Cl)cc2)ccc1	1.0	1	0.899	0.977
6	CC(=O)C1=C(O)C(=O)N(c2ccc(C)cc2)C1C1CCCCC1	1.0	1	0.997	0.929
6	CCc1nc2nc(N)nn2c(O)c1Cc1cc(Cl)ccc1	1.0	1	1.0	0.935
6	CCOC(=O)N1CCC(NS(=O)(=O)c2ccc(N)c3ccccc23)C1	1.0	1	0.79	0.935
6	O=S(=O)(NCCCN1CCC(O)(c2ccc(Cl)cc2)CC1)c1cccc2ccccc12	1.0	1	0.489	0.968
6	CC(=O)C1=C(O)C(=O)N(c2cccc(C)c2)C1C1CCCCCCC1	1.0	1	0.992	0.921
6	CCCCCc1cc(NS(=O)(=O)c2cccc(C)c2)n2nccc12	0.0	0	0.0	0.0
6	O=C(O)c1c(Oc2ccc(F)cc2NS(=O)(=O)c2ccc(Cl)cc2)cccc1	1.0	1	0.971	0.983
6	Cc1cnc(Cl)c(NC(=O)CC(C)(C)C)c1	1.0	1	0.858	0.97
6	Cc1ccccc1Cn1c(C(=O)c2c(Cl)cccc2)cccc1C(=N)c1ccccc1[BH-]	0.0	0	0.0	0.0
6	COCCNS(=O)(=O)c1ccc(CNC(=O)c2cccc3c2cnn3-c2ccc(F)cc2)cc1	1.0	1	0.545	0.969
6	Cc1c(Cl)c(OC2CCN(C3CCN(C(=O)N4CCCC4)CC3)CC2)ccc1	1.0	1	0.707	0.957
6	Cn1ncc2c1ncnc2NS(=O)(=O)c1c(Cl)c(Cl)ccc1	1.0	1	0.899	0.962
6	CC(C)CC(=O)Nc1c2c(nc3ccccc13)C(=O)C(=O)c1ccccc12C	0.0	0	0.0	0.0
6	COc1c2c(NS(=O)(=O)c3ccc(Cl)s3)nn(Cc3cccc(CNC(C)=O)c3)c2ccc1F	1.0	1	0.792	0.928
6	CCOC(=O)C1=C(O)C(=O)N(c2ccc(Cl)cc2)C1Cc1ccccc1	1.0	1	0.985	0.941
6	CCCCCc1ccc(C(=O)Nc2ccc(S(=O)(=O)NC)cc2)cc1	1.0	1	0.514	0.989
6	CSc1cc(C(=O)c2cc(Cl)ccc2NS(=O)(=O)c2ccc(C(C)(C)C)cc2)ccn1	1.0	1	0.858	0.962
6	Cc1cc(SCc2nc3nc(Cc4ccccc4)nn3c(O)c2)c(C)o1	1.0	1	0.928	0.903
6	CC(=O)C1=C(O)C(=O)N(c2ccc(Cl)cc2F)C1c1cc(Cl)ccc1	1.0	1	0.998	0.931
6	CC(C)(C)c1ccc(S(=O)(=O)Nc2ccc(Cl)cc2-c2c(O)c(CO)ccc2)cc1	1.0	1	0.926	0.967
6	CC(C)(C)OC(=O)N1CCC(NS(=O)(=O)c2ccc(NC(=O)C3CCCC3)c3c2cccc3)CC1	1.0	1	0.643	0.962
6	Nc1nn2c(O)c(Cc3ccc(Cl)c(Cl)c3)c(C3CC3)nc2n1	1.0	1	1.0	0.915
6	Nc1nn2c(O)c(Cc3ccccc3F)c(C3CC3)nc2n1	1.0	1	0.999	0.92
6	O=C(NC1CCCc2ccccc21)c1cc(Cc2nnc(O)c3ccccc23)ccc1	1.0	1	0.638	0.913
6	CC(=O)C1=C(O)C(=O)N(c2cc(Br)cc(C)c2)C1c1cc(Cl)ccc1	1.0	1	0.999	0.918
6	CCc1ccc(-c2nc(CSCC(=O)Nc3cnc(C)cc3)c(Cl)cc2)cc1	1.0	1	0.593	0.97
6	CC(C)(C)c1ccc(S(=O)(=O)Nc2ccc(Cl)cc2-c2c(O)cnc(NCCN)n2)cc1	1.0	1	0.84	0.938
6	Cc1nn2c(O)cc(CSc3cccc(F)c3F)nc2n1	1.0	1	0.99	0.917
6	COc1cccc2c1c(NS(=O)(=O)c1ccc(Cl)s1)nn2Cc1ccccc1	1.0	1	0.829	0.965
6	CC(=O)C1=C(O)C(=O)N(c2cc(F)c(C)cc2F)C1C1CCCCC1	1.0	1	0.983	0.868
6	CC(=O)C1=C(O)C(=O)N(c2ccc(C)cc2)C1c1ccccc1OCC[N+]1(C)CCCCC1	1.0	1	0.984	0.841
6	Cc1ccc(-c2nc3cc(C(=O)Nc4ccc(C(C)(C)C)cc4)ccc3o2)cc1	1.0	1	0.504	0.983
6	CCc1nc2nc(N)nn2c(O)c1Cc1cc(Cl)ccc1	1.0	1	1.0	0.935
6	N#Cc1cccc(S(=O)(=O)NC(=O)N2CCC(N3CCC(Oc4ccc(Cl)c(Cl)c4)CC3)CC2)c1	1.0	1	0.403	0.94
6	COc1ccc(NS(=O)(=O)c2ccc(NC(=O)c3ccncc3)cc2)cc1	1.0	1	0.577	0.988
6	COc1cc(Cl)ccc1C(=O)C1=C(O)C(=O)N(C)C1=O	1.0	1	0.86	0.952
6	O=C(NS(=O)(=O)c1ccc(Cl)cc1)N1CCC(N2CCCCC2=O)CC1	1.0	1	0.614	0.97
6	O=C(NCCN=C1SCS2)ccc1COc1ccccc1N=	0.0	0	0.0	0.0
6	O=S1(=O)NC(Nc2ccccc2Cc2ccccc2)=Nc2c1cc(Cl)cc2O	1.0	1	0.81	0.91
6	CCOc1cnc(NS(=O)(=O)c2cc(Cl)c(Cl)cc2)cc1	1.0	1	0.822	0.982
6	CNC(=O)Cn1nc(OC)c2c1ncnc2NS(=O)(=O)c1cccc(Cl)c1Cl	1.0	1	0.874	0.927
6	O=C(c1cnccc1)c1c(O)c(N(Cc2ccccc2)c2ccccc2)c([N+]#N)cc1	1.0	1	0.803	0.939
6	Oc1cc(CSc2ccc(Cl)cc2Cl)nc2nc(Cc3ccccc3)nn12	1.0	1	0.929	0.945
6	Cc1nnnn1Cc1c(Cl)cccc1Cl	1.0	1	0.706	0.97
6	Nc1nn2c(O)c(Cc3ccc(Cl)c(Cl)c3)ccc2n1	1.0	1	0.998	0.944
6	Nc1ncc(Br)cc1NS(=O)(=O)c1cccc(Cl)c1	1.0	1	0.748	0.974
6	CC(=O)C1=C(O)C(=O)N(c2cc(C)c(C)cc2)C1c1cc(Cl)ccc1	1.0	1	0.996	0.943
6	Cn1c(=O)c(C#N)c(N)nc(OCCO)c1=O	1.0	1	0.767	0.917
6	CC(C)(C)c1ccc(S(=O)(=O)Nc2cccc3c2C(=O)N(Cc2ccncc2)C3=O)cc1	1.0	1	0.596	0.967
6	O=C(c1ccc(OCc2c(Cl)cccc2)cc1)c1ncc[nH]1	1.0	1	0.726	0.979
6	Nc1nn2c(O)c(Cc3cccc(Cl)c3Cl)c(C3CC3)nc2n1	1.0	1	1.0	0.9
6	CC(C)(C)c1ccc(S(=O)(=O)Nc2ccc(Cl)cc2C(=O)c2ccc(Cl)nc2)cc1	1.0	1	0.903	0.972
6	Nc1nn2c(O)c(Cc3ccc(Cl)c(Cl)c3)c(C3CC3)nc2n1	1.0	1	1.0	0.915
6	COc1ccc(C2C(C(=O)c3c(C)cccc3)=C(O)C(=O)N2C)cc1	1.0	1	0.974	0.947
6	COc1ccc(SCc2nc3nc(Cc4ccccc4)nn3c(O)c2)cc1	1.0	1	0.955	0.958
6	OCC(=Cc1ccc(O)c(Cl)c1)C(=O)O	1.0	1	0.709	0.953
6	COc1c2c(NS(=O)(=O)c3ccc(C)c(Cl)c3)ncnc2cc1	0.0	0	0.0	0.0
6	CC(C)NS(=O)(=O)c1cccc(CNC(=O)c2cccc3ncccc23)c1	1.0	1	0.69	0.982
6	CSc1nc(Br)cnc1NS(=O)(=O)c1ccc(Cl)s1	1.0	1	0.932	0.892
6	Cc1nn2c(O)cc(CSc3cccc(C(F)(F)F)c3)nc2n1	1.0	1	0.988	0.929
6	O=C(c1ccncc1)c1cc(Cl)ccc1NS(=O)(=O)c1ccc(Cl)cc1	1.0	1	0.927	0.983
6	Nc1nn2c(O)c(Cc3ccc(Cl)c(F)c3)c(C3CC3)nc2n1	1.0	1	1.0	0.905
6	CC(=O)c1ccc(S(=O)(=O)Nc2ccc(Cl)cc2C(=O)c2cnc(S(C)(=O)=O)cc2)cc1	1.0	1	0.868	0.965
6	C=CCNC(=O)C(=O)c1cc(O)c(Br)cc1	1.0	1	0.667	0.955
6	CCOc1cnc(NS(=O)(=O)c2ccc(Cl)c(C(Cl)Cl)c2)cc1	1.0	1	0.812	0.957
6	O=C(c1ccncc1)c1cc(Cl)ccc1NS(=O)(=O)c1ccc(-c2cc(Cl)ccc2)cc1	1.0	1	0.818	0.977
6	Cc1nnc2n1-c1ccc(Br)cc1S2	1.0	1	0.627	0.951
6	Oc1cc(CSc2ccc(Cl)cc2Cl)nc2nc(Cc3ccccc3)nn12	1.0	1	0.929	0.945
6	CCCCCc1ccc(C(=O)Nc2ccc(C(=O)OC)cc2)cc1	1.0	1	0.535	0.992
6	COc1ccc(CSc2nc(Br)cnc2NS(=O)(=O)c2ccc(C)cc2)cc1	1.0	1	0.83	0.96
6	CSc1cc(C(=O)c2cc(Cl)ccc2NS(=O)(=O)c2ccc(C(C)(C)C)cc2)ccn1	1.0	1	0.858	0.962
6	O=C(O)c1c(F)cccc1Oc1ccc(C(F)(F)F)cc1NS(=O)(=O)c1ccc(Cl)cc11	0.0	0	0.0	0.0
6	CC(=O)NCc1cc(Cn2nc(NS(=O)(=O)c3ccc(Cl)s3)c3c(F)cccc32)ccc1	1.0	1	0.779	0.943
6	CCc1nc(Br)cnc1NS(=O)(=O)c1ccc(Cl)s1	1.0	1	0.895	0.925
7	CCNS(=O)(=O)c1cccc(CNC(=O)c2cccc3c2cnn3-c2ccc(O)cc2)c1	1.0	1	0.595	0.967
7	O=S(=O)(NCCCN1CCC(O)(c2ccc(Cl)cc2)CC1)c1cc(Cl)ccc1	1.0	1	0.561	0.97
7	Oc1cc(CSc2ccc(F)c(F)c2)nc2nc(Cc3ccccc3)nn12	1.0	1	0.962	0.945
7	O=C(NCCN1CCCC1)c1ccccc1Oc1ncc(Cl)cc1NS(=O)(=O)c1ccc(Cl)c(Cl)c1	1.0	0	0.005	0.958
7	Nc1nn2c(O)c(Cc3ccc(Cl)c(Cl)c3Cl)c(C(F)(F)F)cc2n1	1.0	1	1.0	0.878
7	Cc1cc(NS(=O)(=O)c2cc(C(F)(F)F)c(Cl)cc2)c(C(=O)c2ccncc2)cc1	1.0	1	0.912	0.968
7	Cc1c(C(=O)c2cc(Cl)ccc2NS(=O)(=O)c2ccc(C(C)(C)C)cc2)ccc[n+]1[O-]	1.0	1	0.899	0.948
7	CCCCCCc1nc2nc(N)nn2c(O)c1Cc1cc(F)ccc1	1.0	1	0.999	0.936
7	COc1nc(Cl)cnc1NS(=O)(=O)c1cccc(Cl)c1F	1.0	1	0.942	0.952
7	CCCCCc1nc2nc(N)nn2c(O)c1Cc1cc(Cl)ccc1	1.0	1	1.0	0.937
7	COc1nc(Cl)cnc1NS(=O)(=O)c1cccc(Cl)c1F	1.0	1	0.942	0.952
7	COc1nc(Cl)cnc1NS(=O)(=O)c1ccnc(Cl)c1Cl	1.0	1	0.926	0.913
7	CC(C)(C)c1ccc(S(=O)(=O)Nc2ccc(Cl)cc2C(=O)c2ccncc2)cc1	1.0	1	0.895	0.977
7	O=C(O)c1ccc(Oc2ccc(Cl)cc2NS(=O)(=O)c2ccc(Cl)c(Cl)c2)cc1	1.0	1	0.954	0.982
7	CC(C)(C)c1ccc(S(=O)(=O)Nc2ccc(Cl)cc2C(=O)c2cc[n+]([O-])cc2)cc1	1.0	1	0.89	0.958
7	COc1ccccc1Cn1nc(NS(=O)(=O)c2ccc(Cl)s2)c2c1OC2	1.0	1	0.799	0.92
7	CC(=O)CCN1C(=O)c2c(Cc3ccccc3)cccc21	1.0	1	0.929	0.978
7	Cc1cnc(CN2C(=O)c3c(C2=O)c(NS(=O)(=O)c2ccc(C(C)(C)C)cc2)ccc3Cl)cc1	1.0	1	0.603	0.945
7	CC(=O)C1=C(O)C(=O)N(c2cc(F)ccc2F)C1c1ccccc1	1.0	1	0.999	0.941
7	CC(C)(C)c1ccc(S(=O)(=O)Nc2ccc(Cl)c(C(=O)c3ccncc3)c2)cc1	1.0	1	0.871	0.977
7	Cc1cc(C(=O)c2cc(Cl)ccc2NS(=O)(=O)c2ccc(-c3ccc(C(C)(C)C)cc3)cc2)ccc1	1.0	0	0.005	0.975
7	COc1cc(C(=S)N2CCOCC2)ccc1	1.0	1	0.914	0.983
7	CCc1nc2nc(N)nn2c(O)c1Cc1cccc(Cl)c1	1.0	1	1.0	0.935
7	COc1cc2nc(NS(=O)(=O)c3ccc(Cl)s3)n3nc(O)nc3c2cc1O	1.0	1	0.951	0.87
7	CC(=O)C1=C(O)C(=O)N(c2ccc(C)cc2)C1c1ccccc1	1.0	1	0.998	0.963
7	CC1CCN(C2CN(C(=O)c3cnccc3)c3ccccc32)CC1	1.0	1	0.965	0.92
7	Nc1nn2c(O)c(Cc3ccc(Cl)c(Cl)c3)c(C3CC3)nc2n1	1.0	1	1.0	0.915
7	Cc1ccc2c(c1)n(C)c(=O)n2C	1.0	1	0.502	0.984
7	CC(=O)C1=C(O)C(=O)N(c2cc(C)c(C)cc2)C1c1cc(Cl)ccc1	1.0	1	0.996	0.943
7	Nc1nn2c(O)c(Cc3ccc(Cl)c(Cl)c3)ccc2nc1	0.0	0	0.0	0.0
7	Cc1cccc(Cl)c1	1.0	0	0.273	0.995
7	O=S(=O)(NCCCN1CCC(O)(c2ccc(Cl)cc2)CC1)c1cc(Cl)ccc1	1.0	1	0.561	0.97
7	Oc1cc(CSc2cccc(F)c2F)nc2nc(-c3ccccc3)nn12	1.0	1	0.948	0.945
7	Cc1noc2ncc(C3=CC(O)CCN3)nc12)N1CCC(NS(=O)(=O)c2ccc(Cl)cc2)CC1	0.0	0	0.0	0.0
7	CS(=O)(=O)c1cc(NS(=O)(=O)c2ccc(Cl)cc2)c2ccccc1	0.0	0	0.0	0.0
7	CC(C)c1nc2nc(N)nn2c(O)c1Cc1cc(Cl)ccc1	1.0	1	1.0	0.929
7	CCCNC(=O)N1CCC(NS(=O)(=O)c2ccc(Cl)cc2)CC1	1.0	1	0.817	0.982
7	Nc1nn2c(O)c(Cc3cccc(Cl)c3)c(C3CC3)nc2n1	1.0	1	1.0	0.922
7	O=C(NCCCN1CCCC1)c1ccc(Oc2ccc(Cl)cc2NS(=O)(=O)c2ccc(Cl)c(Cl)c2)cc1	1.0	0	0.005	0.97
7	CC(C)(C)c1ccc(S(=O)(=O)Nc2ccc(Cl)cc2C(=O)c2cc[n+]([O-])cc2)cc1	1.0	1	0.89	0.958
7	CC(C)c1nc2nc(N)nn2c(O)c1Cc1cc(Cl)ccc1	1.0	1	1.0	0.929
7	O=C(O)c1c(Oc2ncccc2NS(=O)(=O)c2ccc(Cl)cc2)cccc1	1.0	1	0.905	0.981
7	CNC(=O)C(Cc1ccc(O)cc1)NS(=O)(=O)c1ccc(C)cc1	1.0	1	0.836	0.963
7	Cc1cc(O)c2[nH]cnc2c1=O	0.0	0	0.0	0.0
7	O=C(c1cnccc1)c1cc(Cl)ccc1NS(=O)(=O)c1ccc(Cl)cc1	1.0	1	0.921	0.983
7	CC(C)CCNS(=O)(=O)c1cc(Cl)ccc1NS(=O)(=O)c1ccc(Cl)cc1	1.0	1	0.865	0.977
7	CCOC(=O)N1CCC(NS(=O)(=O)c2ccc(C)cc2)c2ccccc21	1.0	1	0.897	0.939
7	Nc1nn2c(O)c(Cc3ccc(Cl)c(Cl)c3)c(C3CC3)nc2n1	1.0	1	1.0	0.915
7	Cc1cccc(S(=O)(=O)Nc2ccc(Cl)cc2C(=O)Nc2ccccc2)c1	1.0	1	0.857	0.988
7	CC(C)(C)c1ccc(S(=O)(=O)Nc2ccc(Cl)c3c2C(=O)N(c2cnc(F)cc2)C3=O)cc1	1.0	1	0.685	0.938
7	COC(=O)CCc1nc2nc(N)nn2c(O)c1Cc1ccccc1	1.0	1	0.999	0.943
7	COc1ccc(S(=O)(=O)Nc2ccc(Cl)cc2C(=O)Nc2ccccc2)cc1	1.0	1	0.816	0.989
7	CCCCCC(=O)C1=C(O)C(=O)N(c2ccc(Cl)cc2)C1C1CCCCC1	1.0	1	0.997	0.91
7	CCOC(=O)N1CCC(NS(=O)(=O)c2ccc(OCC)c3c2cccc3)CC1	1.0	1	0.8	0.975
7	CCOC(=O)N1CCC(NS(=O)(=O)c2ccc(NC=CC(=O)c3ccccc3)cc2)CC1	1.0	1	0.584	0.965
7	COc1c2c(NS(=O)(=O)c3ccc(Cl)s3)nn(C)c2ccc1	1.0	1	0.859	0.955
7	CCCC(=O)N1CCC(NS(=O)(=O)c2ccc(NC(=O)C3CC3)c3c2cccc3)CC1	1.0	1	0.757	0.97
7	CC(C)c1ccc(S(=O)(=O)Nc2ccc(Cl)cc2-c2c(N)c(N3CCOCC3)cc(S(=O)(=O)O)c2)cc1	1.0	0	0.005	0.932
7	CC(C)NS(=O)(=O)c1ccc(CNC(=O)c2ccccc2)cc1	1.0	1	0.684	0.991
7	CC(C)(C)c1ccc(S(=O)(=O)Nc2ccc(Cl)cc2C(=O)c2ccnc(Cl)c2)cc1	1.0	1	0.884	0.971
7	CN(C)Cc1ccc(CNC(=O)c2ccc(SC)cc2)cc1	1.0	1	0.757	0.988
7	O=C(NCCN1CC(Cc2ccccc2)N(Cc2ccccc2)C1=O)Oc1ccccc1	1.0	1	0.663	0.927
7	CCn1c(=O)c(C(=O)C(Cl)Cl)ccc1Cl	1.0	1	0.704	0.906
7	Cc1[n+]([O-])cc(C(=O)c2cc(Cl)ccc2NS(=O)(=O)c2ccc(Cl)cc2)cc1	1.0	1	0.929	0.958
7	CC(C)Sc1ccc(S(=O)(=O)Nc2ccc(Cl)cc2C(=O)c2ccncc2)cc1	1.0	1	0.88	0.97
7	O=C(O)c1c(Oc2ncccc2NS(=O)(=O)c2ccc(Cl)cc2)cccc1	1.0	1	0.905	0.981
7	CS(=O)(=O)c1ccc(S(=O)(=O)Nc2ccc(Cl)cc2-c2ccccn2)cc1	1.0	1	0.875	0.979
7	CCNS(=O)(=O)c1ccccc1C(=O)c1c(O)c(O)ccc1B(C)[O-]	1.0	1	0.836	0.876
7	COc1nc(Br)cnc1NS(=O)(=O)c1ccc(Cl)c(Cl)c1	1.0	1	0.894	0.96
7	CC(=O)C1=C(O)C(=O)N(c2ccc(Cl)cc2)C1C1CCCCC1	1.0	1	0.978	0.927
7	CC(C)c1nc2nc(N)nn2c(O)c1Cc1cc(Cl)ccc1	1.0	1	1.0	0.929
7	CC(C)c1nc2nc(N)nn2c(O)c1Cc1cc(ClBr)ccc1	0.0	0	0.0	0.0
7	Cn1nnc(Cc2ccccc2NS(=O)(=O)c2ccc(Cl)cc2)n1	1.0	1	0.905	0.97
7	CC(=O)C1=C(O)C(=O)N(c2cc(C)c(C)cc2)C1c1ccccc1	1.0	1	0.996	0.955
7	Nc1nn2c(O)c(Cl)c(Cl)cc2n1	1.0	1	0.99	0.873
7	CSc1cc(COc2ccc(C(=O)c3ccccc3)cc2)ccn1	1.0	1	0.663	0.983
7	Cc1c(F)c(C(=O)Nc2ccc(F)c(Cl)c2)ccc1C	1.0	1	0.664	0.985
7	CC(C)(C)c1ccc(S(=O)(=O)Nc2ccc(Cl)cc2C(=O)c2cc[n+]([O-])cc2)cc1	1.0	1	0.89	0.958
7	c1cc(CCCCCCCNCCCNC2CCN(Cc3ccccc3)CC2)ccc1	1.0	0	0.283	0.98
7	Cc1nn2c(O)cc(CSCc3cccc(C(F)(F)F)c3)nc2n1Br	0.0	0	0.0	0.0
7	COc1ccc(S(=O)(=O)Nc2ccc(Cl)cc2C(=O)c2cnccc2)cc1	1.0	1	0.912	0.983
7	O=C(O)c1c(Oc2nccnc2NS(=O)(=O)c2ccc(Cl)c(Cl)c2)cccc1	1.0	1	0.935	0.968
7	CC(C)c1nc2nc(N)nn2c(O)c1Cl	1.0	1	0.876	0.859
7	Cc1ncccc1Oc1ncc(Br)cc1NS(=O)(=O)c1ccc(Cl)cc1	1.0	1	0.939	0.969
7	Cn1nnnc1Cc1ccc(Cl)cc1NS(=O)(=O)c1ccc(Cl)c(Cl)c1	1.0	1	0.951	0.96
7	CCCC(=O)N1CCC(NS(=O)(=O)c2ccc(Cl)s2)C1	1.0	1	0.841	0.922
7	CCNc1nc(NS(=O)(=O)c2cccc(Cl)c2Cl)c2c(OC)nccn12	1.0	1	0.873	0.903
7	CCCC(=O)N1CCC(NS(=O)(=O)c2ccc(Cl)cc2)C(C)C1	1.0	1	0.853	0.907
7	CCCCCSc1nc(N)cn(C2=C(CO)CS(=O)(=O)C2)c1	0.0	0	0.0	0.0
7	Cc1cnc(CN2C(=O)c3c(C2=O)c(NS(=O)(=O)c2ccc(C(C)(C)C)cc2)ccc3Cl)nc1	1.0	1	0.584	0.93
7	Cc1cc2c(N)c(C)c(N)nc2c1C(	0.0	0	0.0	0.0
7	COc1cc2c(cc1NS(=O)(=O)c1c(Cl)c(Cl)ccc1)nc(O)n2C1CN(C(C)=O)C1	1.0	1	0.92	0.914
7	O=S(=O)(NCCCN1CCC(O)(c2ccc(Cl)cc2)CC1)c1c(Cl)cccc1	1.0	1	0.575	0.97
7	CN(C)c1ccc(S(=O)(=O)NCc2ccc(C(=O)Nc3ccccc3C)cc2)cc1	1.0	1	0.521	0.986
7	Nc1nn2c(O)c(Cc3cccc(Cl)c3)c(C3CC3)nc2n1	1.0	1	1.0	0.922
7	CC(=O)NCc1cc(Cn2nc(NS(=O)(=O)c3ccc(Cl)s3)c3ccccc32)ccc1	1.0	1	0.787	0.958
7	Cc1c(Cl)cc(C(=O)c2c(Cl)cccc2Cl)cc1	1.0	1	0.873	0.988
7	Oc1cc(CSc2cc(F)c(F)cc2F)ncc1	1.0	1	0.868	0.948
7	O=C(Nc1ccc(Oc2ccccc2)cc1)NS(=O)(=O)c1ccc(Cl)cc1	1.0	1	0.598	0.988
7	CCc1cc2c(cc1)-c1cccc(c1)C(NCC(C)C)(CO)C2	1.0	0	0.005	0.573
8	CC(C)c1nc2nc(N)nn2c(O)c1Cc1cc(Cl)c(Cl)s1	1.0	1	1.0	0.79
8	Cc1ccc(-c2cc(S(=O)(=O)Nc3ccc(Cl)cc3)c3ccccc3n2)cc1	1.0	1	0.918	0.983
8	NCc1ccc(C(=O)Nc2cc(Cl)ccc2C(=O)c2cc[n+]([O-])cc2)cc1	1.0	1	0.715	0.967
8	Cc1ccncc1C(NS(=O)(=O)c1ccc(Cl)cc1)C(Cl)(Cl)c1ccccc1	1.0	1	0.931	0.883
8	CNc1nc(-c2cc(Cl)ccc2NS(=O)(=O)c2ccc(C(F)(F)F)cc2)cccc1	0.0	0	0.0	0.0
8	COc1ccc(CCN2C(=O)c3c(C2=O)c(NS(=O)(=O)c2ccc(C(C)(C)C)cc2)ccc3Cl)cc1	1.0	0	0.005	0.958
8	CCCS(=O)(=O)N1CCCC(NS(=O)(=O)c2ccc(Cl)cc2)C1	1.0	1	0.812	0.942
8	Cc1c(C(=O)Nc2ccc(S(=O)(=O)NC3CCN(C(=O)NCc4ccccc4)CC3)c3c2cccc3)cccc1	1.0	0	0.005	0.965
8	Nc1nn2c(O)c(Cc3ccc(Cl)c(Cl)c3)c(CCCCn3ncc4cc(C)ccc34)cn2n1	0.0	0	0.0	0.0
8	Nc1nn2c(O)c(Cc3ccc(Cl)c(Cl)c3)c(C3CCCCC3)nc2n1	1.0	1	0.952	0.919
8	O=S(=O)(Nc1cc(Cl)c(Cl)cc1Cn1cccn1)c1ccc(Cl)cc1	1.0	1	0.925	0.971
8	Nc1nn2c(O)c(Cc3ccc(Cl)c(Cl)c3)c3c[nH]cc3c2n1	1.0	1	0.993	0.87
8	O=C(c1ccncc1)c1cc(Cl)ccc1NS(=O)(=O)c1ccc(Br)cc1	1.0	1	0.925	0.981
8	CCCn1cc(C(=O)c2cc(Cl)ccc2NS(=O)(=O)c2ccc(C(C)(C)C)cc2)cc1	1.0	1	0.885	0.958
8	CC(C)(C)c1ccc(S(=O)(=O)Nc2ccc(Cl)cc2C(=O)c2cc[n+]([O-])cc2)cc1	1.0	1	0.89	0.958
8	Nc1nn2c(O)c(Cc3cccc(Cl)c3)c(CCCc3ccccc3)cn2n1	0.0	0	0.0	0.0
8	Nc1ccc(Oc2ccc(Cl)cc2NS(=O)(=O)c2ccc(Cl)cc2)cc1	1.0	1	0.956	0.985
8	CCCc1nc(C)n(Cc2cccc(C)c2)c(=O)c1Cl	1.0	1	0.953	0.971
8	CCCC(=O)N1CCC(NS(=O)(=O)c2cccc(Cl)c2)CC1	1.0	1	0.835	0.981
8	COc1nc(Br)cnc1NS(=O)(=O)c1cccc(Cl)c1	1.0	1	0.892	0.963
8	CC(=O)NCc1cc(Cn2ncnn2)ccc1C	1.0	1	0.839	0.953
8	CC(=O)Nc1ccc(-c2ccc(O)cc2)nc1	1.0	1	0.734	0.989
8	Cc1nn2c(O)c(Cc3ccc(Cl)c(Cl)c3)c(C3CC3)nc2n1	1.0	1	1.0	0.923
8	CCN(CC)CCCn1c(-c2ccccc2)nc2c1cccc2NS(=O)(=O)c1ccc(Cl)cc1	1.0	1	0.583	0.965
8	CCCc1ccc(C(=O)Nc2cc(Cl)ccc2NS(=O)(=O)c2ccc(Cl)cc2)cc1	1.0	1	0.821	0.984
8	COc1ccc(-c2cc(C(F)(F)F)cc3c2nc2n3CCCC2)c(O)c1	1.0	1	0.837	0.945
8	CCCCC1=NC(=O)c2c1ccccc2N1C(=O)c2cccc3cccc(c23)C1=O	0.0	0	0.0	0.0
8	COc1ccc(NS(=O)(=O)c2ccc(N(C)C(=O)c3ccccc3)c3c2cccc3)cc1	1.0	1	0.689	0.979
8	CC(=O)c1ccc(S(=O)(=O)Nc2ccc(Cl)cc2C(=O)c2c[n+]([O-])c(Cl)cc2)cc1	1.0	1	0.899	0.944
8	Cc1cc(NS(=O)(=O)c2cc(C(F)(F)F)c(Cl)cc2)c(C)cc1	1.0	1	0.834	0.982
8	NS(=O)(=O)c1ccc(NS(=O)(=O)c2ccc(Cl)cc2)cc1	1.0	1	0.867	0.99
8	CCNS(=O)(=O)c1ccc(CNC(=O)c2ccccc2)cc1	1.0	1	0.743	0.991
8	CCCCCc1ccc(C(=O)Nc2ccc(S(=O)(=O)NCC)cc2)cc1	1.0	1	0.608	0.988
8	O=S(=O)(NCCCN1CCC(O)(c2ccc(Cl)cc2)CC1)c1c(F)cccc1	1.0	1	0.574	0.969
8	COc1ncc(F)cc1NS(=O)(=O)c1ccc(Cl)cc1Cl	1.0	1	0.855	0.973
8	Cc1cc(NS(=O)(=O)c2c(Cl)c(Cl)ccc2NS(=O)(=O)c2ccc(C(C)(C)C)cc2)cc[n+]1	1.0	1	0.802	0.764
8	CC(C)C(=O)N1CCC(NS(=O)(=O)c2ccc(Cl)cc2)CC1	1.0	1	0.838	0.983
8	Cc1[n+]([O-])cc(C(=O)c2cc(Cl)ccc2NS(=O)(=O)c2ccc(C(C)(C)C)cc2)cc1	1.0	1	0.896	0.948
8	Cc1nn2c(O)c(N)c(Cc3ccccc3)nc2n1	1.0	1	0.975	0.941
8	Cc1ccc(N2C(=O)C(O)=C(C(=O)c3ccccc3)C2C2CCCCC2)cc1	1.0	1	0.991	0.933
8	COc1nc(Br)cnc1NS(=O)(=O)c1ccc(Cl)cc1	1.0	1	0.887	0.968
8	Cc1ccc(Cl)cc1C1=NC(NS(=O)(=O)c2cc(Cl)ccc2)NC1=	0.0	0	0.0	0.0
8	COc1c(S(=O)(=O)NCc2ccc(C(=O)c3ccccc3)cc2)cccc1	1.0	1	0.632	0.988
8	CCNC(=O)c1cc2c(c(-c3ccc(Cl)cc3)n3c1ncc3ccccc12)OC	0.0	0	0.0	0.0
8	O=C(c1cc[n+]([O-])cc1)c1cc(Cl)ccc1NS(=O)(=O)c1ccc(C(F)(F)F)cc1	1.0	1	0.897	0.956
8	CC(C)c1nc(Cl)nc(Nc2ccc(Cl)cc2Cl)n1	1.0	1	0.84	0.969
8	CC(=O)C1=C(O)C(=O)N(c2cc(Cl)ccc2)C1c1ccc(Cl)cc1	1.0	1	0.999	0.952
8	COc1nc(Cl)cnc1NS(=O)(=O)c1cccc(Cl)c1C#N	1.0	1	0.869	0.935
8	NCC1CCC(NS(=O)(=O)c2ccc(Cl)cc2)CC1	1.0	1	0.866	0.982
8	O=C(O)c1c(Oc2c(Cl)cc(Cl)cc2S(=O)(=O)O)cccc1	1.0	1	0.901	0.974
8	Cc1cc(N2C(=O)c3c(C2=O)c(NS(=O)(=O)c2ccc(C(C)(C)C)cc2)ccc3Cl)c(C)cc1	1.0	1	0.691	0.954
8	CCc1ccccc1C(=O)c1cc(Cl)ccc1NS(=O)(=O)c1cccc(C)c1C	1.0	1	0.92	0.976
8	CCn1cnc(S(=O)(=O)NCCc2ccc(Cl)cc2)c1	1.0	1	0.785	0.969
8	CC(C)(C)c1ccc(S(=O)(=O)Nc2ccc(Cl)cc2-c2ncccn2)cc1	1.0	1	0.943	0.975
8	Nc1nn2c(O)c(Cc3cccc(Cl)c3Cl)c(C3CCCCC3)nc2n1	1.0	1	0.998	0.908
8	COc1ccc(C2CC(c3ccc(Cl)cc3)=NN2C(C)=O)cc1	1.0	1	0.938	0.959
8	CC(C)(C)c1ccc(S(=O)(=O)Nc2ccc(Cl)c3c2C(=O)N(c2ccncc2)C3=O)cc1	1.0	1	0.7	0.952
8	CC(C)(C)c1ccc(S(=O)(=O)Nc2ccc(Cl)cc2C(=O)c2cc[n+]([O-])cc2)cc1	1.0	1	0.89	0.958
8	O=C(O)c1c(Oc2c(Cl)cccc2NS(=O)(=O)c2ccc(Cl)cc2)cccc1	1.0	1	0.963	0.98
8	COc1ccc2c(c1NS(=O)(=O)c1c(Cl)c(Cl)ccc1)cnc2O	0.0	0	0.0	0.0
8	CC(C)c1nc2nc(N)nn2c(O)c1Cc1cc(Cl)c(Cl)cc1	1.0	1	1.0	0.923
8	O=S(=O)(NCCCN1CCC(O)(c2ccc(Cl)cc2)CC1)c1cc(Cl)ccc1	1.0	1	0.561	0.97
8	Cc1c(N)cccc1Nc1c(Cl)cccc1NS(=O)(=O)c1ccc(Cl)cc1	1.0	1	0.961	0.974
8	CC(C)NS(=O)(=O)c1cccc(CNC(C)=O)c1Cl	1.0	1	0.825	0.975
8	O=C(NCCSCc1ccc(Cl)cc1)N1CCC(N2Cc3ccccc3NC2=O)CC1	1.0	1	0.489	0.956
8	O=C(O)c1ccccc1Oc1c(F)cc(C(F)(F)F)cc1NS(=O)(=O)c1ccc(Cl)cc1	1.0	1	0.961	0.965
8	O=S(=O)(NCCCN1CCC(O)(c2ccc(Cl)cc2)CC1)c1cc(Cl)ccc1	1.0	1	0.561	0.97
8	COc1nc2c(cc1NS(=O)(=O)c1ccc(Cl)cc1Cl)c(O)n2CCN)c1	0.0	0	0.0	0.0
8	O=C(NCCc1c(-c2ccc(F)cc2)[nH]c2cc(Cl)ccc12)NO	1.0	1	0.753	0.967
8	CC(=O)c1ccc(S(=O)(=O)Nc2ccc(Cl)cc2C(=O)c2c[n+]([O-])c(C)cc2)cc1	1.0	1	0.9	0.954
8	O=C(O)c1c(Oc2cnccc2NS(=O)(=O)c2ccc(Cl)cc2)cccc1	1.0	1	0.966	0.978
8	Nc1nn2c(O)c(Cc3ccc(Cl)c(Cl)c3)c(C3CCCC3)nc2n1	1.0	1	0.98	0.917
8	Cc1cc(NS(=O)(=O)c2cc(C(F)(F)F)c(Cl)cc2)c(S(=O)(=O)NCCN2CCCCC2)c(F)c1	1.0	1	0.811	0.939
8	O=C(c1ccccc1)c1cc(Cl)ccc1NS(=O)(=O)c1ccc(N2CCOCC2)cc1	1.0	1	0.829	0.98
8	Cc1cc(NS(=O)(=O)c2cc(C(F)(F)F)c(Cl)cc2)c(C)nc1	1.0	1	0.724	0.969
8	Cc1nc(Cl)nn1C1CN2CCC1CC2	1.0	1	0.807	0.403
8	Cn1ncc2c1cccc2NS(=O)(=O)c1c(C)cccc1	1.0	1	0.881	0.98
8	O=S(=O)(NCCCN1CCC(O)(c2ccc(Cl)cc2)CC1)c1cc(Cl)c(Cl)cc1	1.0	1	0.53	0.967
8	COc1nc(Cl)ncc1NS(=O)(=O)c1cccc(Cl)c1F	1.0	1	0.893	0.952
8	CC1CN(c2nc(Cl)c(C)c(Cl)c2)C(=O)O1	1.0	1	0.787	0.77
8	O=C(O)c1c(Oc2cnccc2NS(=O)(=O)c2ccc(Cl)c(Cl)c2)cccc1	1.0	1	0.939	0.972
8	O=S(=O)(NCCCN1CCC(O)(c2ccc(Cl)cc2)CC1)c1ccccc1	1.0	1	0.676	0.976
8	O=C(NCCN(C1=NS(=O)(=O)c2ccccc21)c1ccccc1)N1CCCC1	1.0	1	0.777	0.95
8	CC(C)c1nc2nc(N)nn2c(O)c1Cc1cc(Cl)ccc1	1.0	1	1.0	0.929
8	COc1cc(C(=O)NCCN2CCCCC2)ccc1Nc1ccccc1C(C)C	1.0	1	0.589	0.98
8	COc1nc(CO)c(Cl)nc1NC(=O)c1ccccc1	1.0	1	0.837	0.968
8	O=S(=O)(NCCCN1CCC(O)(c2ccc(Cl)cc2)CC1)c1cc(Cl)ccc1	1.0	1	0.561	0.97
8	O=C(O)c1c(Oc2ccc(Cl)cc2NS(=O)(=O)c2ccc(Cl)cc2)cccc1	1.0	1	0.972	0.984
8	Nc1nn2c(O)c(Cc3cccc(Cl)c3)c(C3CCCCC3)nc2n1	1.0	1	0.895	0.926
8	O=C(O)c1c(Oc2cnccc2NS(=O)(=O)c2ccc(Cl)s2)cccc1	1.0	1	0.917	0.964
8	CNC(=O)c1cc(Cn2nc(NS(=O)(=O)c3ccc(Cl)cc3)c3ccccc23)ccc1	1.0	1	0.842	0.974
8	CC(C)c1nc2nc(N)nn2c(O)c1Cc1ccc(Cl)c(Cl)c1	1.0	1	1.0	0.923
8	O=C(NS(=O)(=O)c1ccc(Cl)cc1)N1CCC(N2CCC(Oc3ccc(Cl)c(Cl)c3)CC2)CC1)	0.0	0	0.0	0.0
8	O=S(=O)(Nc1ncc(Cl)nc1OCc1cc(Br)ccc1)c1ccccc1	1.0	1	0.935	0.969
8	N#Cc1cc(Cl)c(NS(=O)(=O)c2ccc(Cl)cc2)cc1	1.0	1	0.839	0.986
8	CC(C)NS(=O)(=O)c1cccc(NS(=O)(=O)c2ccc(Cl)s2)c1	1.0	1	0.742	0.974
8	COc1cc(C(=N)N)ccn1Cl	0.0	0	0.0	0.0
8	CC(C)(C)c1ccc(S(=O)(=O)Nc2ccc(Cl)cc2C(=O)c2ccncn2)cc1	1.0	1	0.806	0.967
8	CNC(=O)N1CCC(NS(=O)(=O)c2ccc(Cl)cc2)CC1	1.0	1	0.848	0.981
8	CC(=O)Nc1ccc(S(=O)(=O)NCCCN2CCC(NS(=O)(=O)c3ccc(Cl)cc3)CC2)cc1	1.0	0	0.348	0.972
9	N#Cc1cc(S(=O)(=O)Nc2ccc(Cl)cc2C(=O)c2ccccc2)ccc1	1.0	1	0.921	0.982
9	CC(C)(C)c1ccc(S(=O)(=O)Nc2ccc(F)c(F)c2)cc1	1.0	1	0.877	0.987
9	COc1c2c(NS(=O)(=O)c3ccc(Cl)s3)nn(Cc3cccc(NC(=O)CO)c3)c2ccc1	1.0	1	0.79	0.942
9	CC(C)c1nc2nc(N)nn2c(O)c1Br	1.0	1	0.997	0.859
9	COc1cc(N2C(=O)c3c(C2=O)c(NS(=O)(=O)c2ccc(C(C)(C)C)cc2)ccc3Cl)cnc1	1.0	1	0.646	0.939
9	COc1ccc(SCc2nc3nc(Cc4ccccc4)nn3c(O)c2)cc1Cl	1.0	1	0.951	0.948
9	CC(C)(C)c1ccc(S(=O)(=O)Nc2ccc(Cl)cc2C(=O)c2cc[n+]([O-])cc2)cc1	1.0	1	0.89	0.958
9	NCC1CCC(NS(=O)(=O)c2ccc(Cl)cc2)CC1	1.0	1	0.866	0.982
9	O=S1(=O)NC(NCc2ccccc2)=Nc2c1cc(Cl)cc2O	1.0	1	0.863	0.899
9	O=C(c1ccccc1)c1cc(Cl)ccc1NS(=O)(=O)c1ccc(-c2cccc(Cl)c2)cc1	1.0	1	0.825	0.983
9	O=[N+]([O-])c1ccccc1Oc1ccc(Cl)cc1NS(=O)(=O)c1ccc(Cl)c(Cl)c1	1.0	1	0.968	0.977
9	CS(=O)(=O)NS(=O)(=O)c1cc(F)c(Cl)cc1	1.0	1	0.636	0.969
9	Cc1cc(C(=O)Nc2ccc(C(F)(F)F)cc2CO)ccc1N	1.0	1	0.739	0.979
9	O=C(C1c2ccccc2CN1)c1ccccc1Oc1ccccc1	1.0	1	0.92	0.944
9	CCCC(=O)N1CCC(NS(=O)(=O)c2ccc(Cl)s2)CC1	1.0	1	0.833	0.97
9	O=C(C1=C(O)C(=O)N(c2ccc(Br)cc2F)C1C1CCCCC1)c1ccccc1	1.0	1	0.987	0.904
9	CC(=O)C1=C(O)C(=O)N(c2ccc(C)cc2)C1c1cc(Br)ccc11	0.0	0	0.0	0.0
9	Cc1cc(NS(=O)(=O)c2cc(C(F)(F)F)c(Cl)cc2)c(C)cc1	1.0	1	0.834	0.982
9	Cc1c(C(=O)c2cc(Cl)ccc2NS(=O)(=O)c2ccc(S(=O)(=O)Nc3cccc(Cl)c3Cl)cc2)cccn1	1.0	0	0.005	0.956
9	O=S(=O)(Nc1cc(Cl)c(Cl)nc1)c1ccccc1	1.0	1	0.911	0.986
9	COC(=O)CCc1nc2nc(N)nn2c(O)c1Cc1cccc(Cl)c1	1.0	1	0.999	0.929
9	COc1cc(Oc2ncc(Cl)cc2NS(=O)(=O)c2ccc(Cl)cc2)ccc1	1.0	1	0.872	0.979
9	CC(C)c1nc2nc(N)nn2c(O)c1Cc1cccc(Cl)c1	1.0	1	1.0	0.929
9	COc1ccc(C(C)Nc2nc(NCC(=O)N3CCCC3)nc3ccccc23C)cnc1	0.0	0	0.0	0.0
9	Nc1nn2c(O)c(Cc3ccccc3)c(Br)cc2n1	1.0	1	0.999	0.944
9	CC(=O)C1=C(O)C(=O)N(c2cc(C(F)(F)F)cc(C(=O)O)c2)C1CO	1.0	1	0.91	0.857
9	O=C(O)c1c(Oc2cc(Cl)ccc2NS(=O)(=O)c2ccc(Cl)cc2)cccc1	1.0	1	0.956	0.983
9	COc1cc(C(=O)NCCNC(=O)c2cccc[n+]2[O-])ccc1NC(C)=O	1.0	1	0.516	0.962
9	O=C(O)c1ccccc1Oc1c(F)cccc1NS(=O)(=O)c1ccc(Cl)c(Cl)c1	1.0	1	0.956	0.973
9	COc1ccc(-c2cc(SCc3nc(-c4ccc(Cl)cc4)no3)ccc2O)cc1	1.0	1	0.697	0.974
9	Nc1nn2c(O)c(Cc3cccc(F)c3)c(CCCCN3CCCCC3)nc2n1	1.0	1	0.995	0.93
9	COc1cc2ncnc(Oc3ccc(NC(=O)Nc4ccc(N(C)C)cc4)cc3)c2cc1C	1.0	1	0.453	0.97
9	CC(=O)C1=C(O)C(=O)N(c2cc(Cl)c(Cl)c(Cl)c2)C1c1cc(Br)ccc1	1.0	1	0.998	0.9
9	CC(C)(C)c1ccc(S(=O)(=O)Nc2ccc(Cl)cc2C(=O)c2ccc(S(C)(=O)=O)cc2)cc1	1.0	1	0.864	0.975
9	O=C(NS(=O)(=O)c1ccc(Cl)cc1)c1ccccc1N1CCCC1	1.0	1	0.877	0.986
9	CN1C(C(=O)c2ccccc2)=C(O)C(=O)c2c1cccc2C[O-]	1.0	1	0.841	0.924
9	CC(=O)C1=C(O)C(=O)N(c2ccc(Cl)cc2)C1c1ccc(Cl)cc1	1.0	1	0.999	0.956
9	CCCOc1c(Cl)cc(C(=O)Nc2ccc(S(=O)(=O)Nc3cccc(C(=O)OC)c3)cc2)cc1	1.0	1	0.446	0.98
9	CC(C)(C)c1ccc(S(=O)(=O)Nc2ccc(F)c(F)c2)cc1	1.0	1	0.877	0.987
9	COc1nc(Cl)cnc1NS(=O)(=O)c1c	0.0	0	0.0	0.0
9	COc1c(C)nc(N2CCC(N)C2)c2ccccc12	1.0	1	0.916	0.926
9	Cc1nnc(-c2cccc(C(=O)c3ccccc3)c2)c2ccoc12	1.0	1	0.897	0.969
9	CC(C)c1nc2nc(N)nn2c(O)c1Cc1cccc(Cl)c1	1.0	1	1.0	0.929
9	O=C(O)c1c(Oc2ncccc2NS(=O)(=O)c2ccc(Cl)c(Cl)c2)cncc1	1.0	1	0.904	0.961
9	CC(C)n1nc(NS(=O)(=O)c2cccc(Cl)c2Cl)c2ccccc21	1.0	1	0.892	0.964
9	CCCC(=O)N1CCC(NS(=O)(=O)c2ccc(Cl)cc2)CC1	1.0	1	0.846	0.984
9	CC(C)c1nc2nc(N)nn2c(O)c1Cc1cc(Br)cc(C(F)(F)F)c1	1.0	1	0.999	0.883
9	O=S(=O)(Nc1ncc(Cl)nc1OCc1cc(Br)ccc1)c1ccc(Cl)c(Cl)c1	1.0	1	0.925	0.958
9	CC(C)(C)c1ccc(S(=O)(=O)Nc2ccc(Cl)cc2-c2c(O)cccn2)cc1	1.0	1	0.848	0.97
9	Nc1nn2c(O)c(Cc3cccc(Br)c3)c(C3CCC3)nc2n1	1.0	1	1.0	0.914
9	CC(=O)C1=C(O)C(=O)N(c2cc(C(F)(F)F)cc(C(F)(F)F)c2)C1C1CCCCO1	1.0	1	0.992	0.726
9	O=C(NCCN1CC1)Nc1ccc(Oc2ccc(Cl)cc2)cc1	1.0	1	0.672	0.99
9	CC(C)c1nc2nc(N)nn2c(O)c1Cc1ccc(Cl)c(Cl)c1	1.0	1	1.0	0.923
9	CC(C)COc1nc(Cl)ccc1NS(=O)(=O)c1ccc(Cl)c(Cl)c1	1.0	1	0.948	0.966
9	O=C(O)c1c(Oc2ccccc2NS(=O)(=O)c2ccc(Cl)cc2)cccc1	1.0	1	0.947	0.986
9	O=C(NCCN1CCN(Cc2ccccc2Cl)CC1)c1ccccc1Oc1ccc(Cl)cc1	1.0	1	0.66	0.981
9	O=C(O)c1c(Cl)c(Cl)c(Cl)c(Cl)c1	1.0	1	0.478	0.974
9	CC(=O)C1=C(O)C(=O)N(c2ccc(C)cc2)C1c1cc(F)ccc1	1.0	1	0.999	0.952
9	Cc1cc(Oc2ccc(C(=O)c3ccccc3)cc2NC(C)=O)ccc1C	1.0	1	0.856	0.987
9	CCc1cccn1CC#CC(=O)c1ccncc1)c1ccc(Oc2ccccc2)cc1	0.0	0	0.0	0.0
9	COc1nc(Cl)cnc1NS(=O)(=O)c1cccc(Cl)c1C	1.0	1	0.878	0.958
9	COc1ccc(Cl)cc1C(=O)Nc1cccnc1N1CCCC1=O	1.0	1	0.839	0.977
9	COc1nc(Br)cnc1NS(=O)(=O)c1ccc(Cl)cc1	1.0	1	0.887	0.968
9	Cc1[n+]([O-])cc(C(=O)c2cc(Cl)ccc2NS(=O)(=O)c2ccc(S(C)(=O)=O)cc2)cc1	1.0	1	0.88	0.947
9	COc1ccc(C2(O)C(=O)Cc3c(cccc3)C(C3CC3)N2)cc1	1.0	1	0.884	0.774
9	Nc1nn2c(O)c(Cc3ccccc3)c(CCc3ccccc3)nc2n1	1.0	1	0.998	0.959
9	CC(C)c1nc2nc(N)nn2c(O)c1Cc1cc(Br)c(Br)cc1	1.0	1	1.0	0.891
9	CNc1nc(-c2cc(NS(=O)(=O)c3ccc(Cl)cc3)ccc2)cccc1C()	0.0	0	0.0	0.0
9	Nc1nn2c(O)c(Cc3ccccc3)c(C3CC3)nc2n1	1.0	1	1.0	0.937
9	c1ccc(CN2CCN(c3ccc(C(F)(F)F)cc3)C2)cc1	1.0	1	0.838	0.984
9	CC(C)(C)c1ccc(S(=O)(=O)Nc2ccc(Cl)cc2-c2ncc(Cl)cc2)cc1	1.0	1	0.889	0.975
9	Cc1c(Cl)cc(Oc2ccc(Cl)cc2NS(=O)(=O)c2ccc(C(C)(C)C)cc2)cc1	1.0	1	0.975	0.978
9	Cc1cccc(Cl)c1Sc1c(O)c(Cl)cc2c1N(Cc1c(O)c(O)c3ccccc3n1)CC2	1.0	1	0.742	0.851
9	CC(=O)NCc1cc(Cn2nc(NS(=O)(=O)c3ccc(Cl)s3)c3c(C(F)(F)F)cccc32)ccc1	1.0	1	0.79	0.926
9	COc1cc(Cl)ccc1C(=O)Nc1ccc(Cl)cc1S(=O)(=O)O	1.0	1	0.72	0.984
9	O=C(c1ccncc1)c1cc(Cl)ccc1NS(=O)(=O)c1ccc(C(C)(C)C)cc1	1.0	1	0.895	0.977
9	COc1nc(Br)nn1CNC(=O)c1ccccc1	1.0	1	0.848	0.944
9	CC(=O)C1=C(O)C(=O)N(c2ccc(C)cc2)C1c1ccc(Br)cc1	1.0	1	0.999	0.953
9	CC(C)c1nc2nc(N)nn2c(O)c1Cc1ccc(Cl)c(Clc2ccccc2)c1	0.0	0	0.0	0.0
9	COc1cc2c(cc1NS(=O)(=O)c1c(Cl)c(Cl)ccc1)nc(O)n2C(C)C	1.0	1	0.967	0.937
9	COc1c(Oc2ccc(Cl)cc2NC(=O)c2ccccc2)ccc(C)c1	1.0	1	0.816	0.99
9	CC[N+]12CCC(CC1=O)c1ccccc12	1.0	1	0.461	0.154
9	CC(=O)C1=C(O)C(=O)N(c2ccc(Cl)cc2F)C1c1ccc(C(F)(F)F)cc1	1.0	1	0.998	0.917
9	CCN(CC)C(=O)c1cc(C(=O)c2cc(Cl)ccc2NS(=O)(=O)c2ccc(Cl)cc2)ccc1	1.0	1	0.764	0.975
9	O=S(=O)(Nc1cc(Cl)c(Cl)cc1Cn1cccn1)c1cccc(C(=O)c2ccccc2)c1	1.0	1	0.817	0.965
9	Nc1nn2c(O)c(Cc3ccccc3)c(C3CC3)nc2n1	1.0	1	1.0	0.937
9	O=C(O)c1ccccc1Oc1c(F)cc(C(F)(F)F)cc1NS(=O)(=O)c1ccc(Cl)cc1	1.0	1	0.961	0.965
9	COc1c(Cl)ccc(NS(=O)(=O)c2ccc(C(=O)NC(C)C)cc2)c1N	1.0	1	0.689	0.972
9	CC(=O)C1=C(O)C(=O)N(c2ccc(Cl)cc2)C1C1CCCCC1	1.0	1	0.978	0.927
9	CNc1nc(Br)cnc1NS(=O)(=O)c1ccc(Cl)c(Br)c1	1.0	1	0.867	0.927
9	COc1cc(OC)c(C=NNc2ccc(S(=O)(=O)Nc3sccc3C(=O)c3ccccc3)cc2)cc1	1.0	0	0.005	0.952
9	CCc1nc2c(c(C)nn2)c(C)n1	0.0	0	0.0	0.0
9	NC(=O)c1cc(S(N)(=O)=O)c(Cl)cc1N1CCCCC1=NS(=O)(=O)c1ccc(Cl)cc1	1.0	1	0.848	0.922
9	COc1c2c(NS(=O)(=O)c3ccc(Cl)s3)nn(C)c2ccc1	1.0	1	0.859	0.955
9	COc1ccc(S(=O)(=O)Nc2c(F)c(F)c(F)cc2F)cc1	1.0	1	0.897	0.978
9	O=C(O)c1c(Oc2c(Cl)cccc2NS(=O)(=O)c2ccc(Cl)s2)cccc1	1.0	1	0.976	0.968
9	CCOC(=O)N1CCC(NS(=O)(=O)c2ccc(Cl)cc2)CC1	1.0	1	0.834	0.984
9	CN(C)C(=O)c1ccc(C(=O)c2ccc(Cl)cc2)cc1	1.0	1	0.874	0.992
9	COc1c(NS(=O)(=O)c2ccc(Cl)s2)nc(Cl)c(CCl)c1	1.0	1	0.87	0.936
9	COc1nc(CO)c(Cl)nc1N	1.0	1	0.534	0.887
10	COc1c2c(NS(=O)(=O)c3ccc(Cl)s3)nn(Cc3cccc(NC(=O)C4CCCO4)c3)c2ccc1	1.0	0	0.005	0.851
10	Nc1nn2c(O)c(Cc3ccc(Cl)c(Cl)c3)c(C3CCC3)nc2n1	1.0	1	1.0	0.915
10	CNc1nnc(-c2ccccc2)c2c1cc(OS(=O)(=O)C(F)(F)F)cc2	1.0	1	0.767	0.956
10	NS(=O)(=O)c1ccc(C(=O)Nc2ccc(Cl)cc2C(=O)c2ccncc2)cc1	1.0	1	0.688	0.981
10	COCc1ccc(C(=O)Nc2ccc(Cl)cc2C(=O)c2ccncc2)cc1	1.0	1	0.725	0.984
10	NC(=O)C(Cc1ccc(Cl)cc1)NS(=O)(=O)c1ccccc1	1.0	1	0.885	0.972
10	CCN(CC)C(=O)n1nc(C)c(OC)c1F	1.0	1	0.687	0.908
10	CC(C)(C)c1ccc(S(=O)(=O)Nc2ccc(Cl)cc2C(=O)c2ccncc2)cc1	1.0	1	0.895	0.977
10	Cc1c(C(=O)Nc2ccc(S(=O)(=O)NCCN3CCCC3)cc2)cccc1O	1.0	1	0.535	0.981
10	CN(C)C(=O)C1(C)CCN1C(=O)c1ccccc1OC1CCN(C(C)(C)C)CC1	1.0	1	0.855	0.82
10	CNS(=O)(=O)c1cccc(C(=O)Nc2ccccc2OC(F)(F)F)c1	1.0	1	0.677	0.982
10	COc1n(C)c(C(=O)Nc2ccc(C(=O)NC3CCCc4ccccc43)cc2)ccc1C	0.0	0	0.0	0.0
10	Nc1nn2c(O)c(Cc3cccc(F)c3)c(CCCc3ccccc3)nc2n1	1.0	1	0.996	0.947
10	CC(=O)NCc1cc(Cn2nc(NS(=O)(=O)c3ccc(Cl)s3)c3c(F)cccc3n2)ccc1	0.0	0	0.0	0.0
10	CCCC(=O)N1CCC(NS(=O)(=O)c2ccc(NC(=O)c3ccccc3)c3c2cccc3)CC1	1.0	1	0.617	0.974
10	COc1ccc(CNC(=O)C2CCN(c3c(C)nccc3C)CC2)cc1	1.0	1	0.695	0.976
10	O=S1(=O)NC(NCc2ccccc2)=Nc2c1cccc2O	1.0	1	0.844	0.92
10	Cc1nnnn1Cc1cc(Br)ccc1NS(=O)(=O)c1ccc([N+](=O)[O-])cc1	1.0	1	0.897	0.958
10	COc1nc(OC)c(NS(=O)(=O)c2ccc(C(C)(C)C)cc2)cc1	1.0	1	0.795	0.976
10	CN(C)C(=O)C(C)(C)c1ccc(S(=O)(=O)Nc2ccc(Cl)cc2C(=O)c2cnccc2)cc1	1.0	1	0.823	0.955
10	CC(=O)C1=C(O)C(=O)N(c2ccc(C(F)(F)F)cc2)C1C1CCCCC1	1.0	1	0.991	0.907
10	CC(=O)C1=C(O)C(=O)N(c2ccc(C(C)(C)C)cc2)C1c1cc(Br)ccc1	1.0	1	0.998	0.933
10	CN(C)CCn1c(O)c(Cc2ccccc2)c2ccc(C(=O)O)cc21)	0.0	0	0.0	0.0
10	CCc1ccc(Oc2c(C(=O)Nc3cnc(C(C)NC(C)=O)cn3)cccc2)cc1	1.0	1	0.815	0.931
10	CC(=O)c1ccc(S(=O)(=O)Nc2ccc(Cl)cc2C(=O)c2cnc(C)cc2)cc1	1.0	1	0.91	0.977
10	Nc1nn2c(O)c(Cc3cccc(I)c3)c(CCc3ccccc3)nc2n1	1.0	1	0.986	0.934
10	CC(C)Sc1ccc(C(=O)Nc2ccc(S(=O)(=O)NC3CCN(C(=O)C4CC4)CC3)c3c2cccc13)	1.0	0	0.005	0.413
10	O=C(NCCN1CCNCC1)c1cc(Oc2ccc(Cl)cc2NC(=O)c2ccccc2)ccc1	1.0	1	0.569	0.976
10	CC(=O)C1=C(O)C(=O)N(c2ccc(Cl)cc2F)C1C1CCCCC1	1.0	1	0.989	0.9
10	CC(C)(c1ncco1)c1ccccc1OC(F)(F)F	1.0	1	0.872	0.92
10	N#Cc1ccc(Oc2ccc(Cl)cc2NS(=O)(=O)c2ccc(Cl)cc2)cc1	1.0	1	0.968	0.983
10	CC(=O)CC(=O)c1cc(Cl)c(N)cc1Cl	1.0	1	0.762	0.966
10	Cc1cc(C(=O)c2cc(Cl)ccc2NS(=O)(=O)c2ccc(S(C)(=O)=O)cc2)cnn1	1.0	1	0.838	0.959
10	Cc1nnnn1Cc1ccc(Cl)cc1NS(=O)(=O)c1ccc(Cl)c(Cl)c1	1.0	1	0.98	0.962
10	CCCC(=O)N1CCC(NS(=O)(=O)c2ccc(NC(=O)c3ccccc3C)c3ccccc23)CC1	1.0	1	0.52	0.969
10	O=C(O)c1ccccc1Oc1c(F)cccc1	1.0	1	0.908	0.992
10	Oc1cc(CSc2cccc(Br)c2F)nc2nc(C3CCCCC3)nn12	1.0	1	0.939	0.889
10	CC(=O)c1c(N(C)C)cccc1NS(=O)(=O)c1ccc(Cl)c(Cl)c1Cl	1.0	1	0.913	0.957
10	CS(=O)(=O)c1ccc(S(=O)(=O)Nc2ccc(Cl)cc2C(=O)c2ccncc2)cc1	1.0	1	0.86	0.977
10	CC(=O)C1=C(O)C(=O)N(c2cc(C)c(C)cc2)C1c1cc(Br)ccc1	1.0	1	0.999	0.938
10	CC(=O)C1=C(O)C(=O)N(c2ccc(F)cc2F)C1C1CCCCC1	1.0	1	0.999	0.902
10	CCNC(=O)Nc1cc(Oc2ccc(Cl)cc2NC(=O)c2ccccc2)ccc1O	1.0	1	0.652	0.981
10	CS(=O)(=O)Nc1ccc(C(=O)NCCN2CCCCC2)cc1Cl	1.0	1	0.736	0.983
10	COc1c(Cl)ccc(NS(=O)(=O)c2ccc(C(C)(C)C)cc2)c(Oc2cncc(Cl)c2)c1	0.0	0	0.0	0.0
10	Cc1cc(NS(=O)(=O)c2ccc(C(=O)OCC(C)(C)C)cc2)ccc[n+]1	0.0	0	0.0	0.0
10	COc1c(NS(=O)(=O)c2ccc(Cl)s2)nccc1C(Br)	1.0	1	0.857	0.939
10	Nc1nn2c(O)c(Cc3ccccc3Cl)c(C3CC3)nc2n1	1.0	1	0.999	0.921
10	COc1ccc2c(c1NS(=O)(=O)c1c(Cl)c(Cl)ccc1)nc(N)n2n1	0.0	0	0.0	0.0
10	Nn1c(Cc2ccccc2)nc2cc(C(=O)c3ccccc3)ccc21	1.0	1	0.731	0.98
10	N#Cc1cc(S(=O)(=O)Nc2cc(Cl)c(Cl)cc2N2CCOCC2)ccc1	1.0	1	0.96	0.968
10	Cc1nnnn1Cc1cccc(Cl)c1Cl	1.0	1	0.836	0.968
10	COc1nc(F)c(F)nc1NS(=O)(=O)c1cccc(Cl)c1Cl	1.0	1	0.921	0.93
10	Nc1nn2c(NS(=O)(=O)c3c(Cl)cc(Cl)cc3)cccc2n1	1.0	1	0.974	0.949
10	C=CCOc1c(Cl)cc(C(=O)NCCNc2ccc(C(C)(C)C)cc2)cc1	1.0	1	0.637	0.977
10	Cc1nc(NCCO)c(C(=O)Nc2ccccc2)n1	0.0	0	0.0	0.0
10	O=S(=O)(Nc1ncccn1)c1cc(Cl)c(Cl)cc1	1.0	1	0.796	0.983
10	O=C(O)c1c(Oc2cccc(F)c2NS(=O)(=O)c2ccc(Cl)c(Cl)c2)cccc1	1.0	1	0.984	0.974
10	Nc1nnc(S)nn1	1.0	1	0.364	0.588
10	CC(=O)C1=C(O)C(=O)N(c2ccc(C)cc2)C1c1ccc(Cl)cc1	1.0	1	0.999	0.958
10	COc1c(S(=O)(=O)NCCN2CCOCC2)cccc1CCc1ccc(OC)cc1	1.0	1	0.622	0.97
10	O=S(=O)(NCCCN1CCC(O)(c2ccc(Cl)cc2)CC1)c1ccc(Cl)cc1	1.0	1	0.634	0.973
10	O=S(=O)(Nc1cc(Cl)ccc1Cn1cnc2ccccc21)c1ccc(Cl)c(Cl)c1	1.0	1	0.978	0.972
10	CC(C)(C)c1ccc(S(=O)(=O)Nc2ccc(Cl)cc2C(=O)c2cnc(S(C)(=O)=O)cc2)cc1	1.0	1	0.856	0.961
10	O=C(O)Nc1ccc(C(=O)c2cccc(C(=O)c3ccccc3)c2)cc1	1.0	1	0.724	0.988
10	CCc1nn2c(C)cc(C)nc2c1C	1.0	1	0.684	0.955
10	CC(=O)C1=C(O)C(=O)N(c2ccc(C)cc2C)C1C1CCCCC1	1.0	1	0.998	0.91
10	CC(=O)C1=C(O)C(=O)N(c2ccc(C)cc2)C1c1ccc(Br)cc1	1.0	1	0.999	0.953
10	COc1ccccc1Cc1c(O)n2nc(N)nc2cc1C(CC)(C)Cl	1.0	1	0.999	0.758
10	Nc1nn2c(O)c(Cc3ccccc3)c(C3CC3)nc2n1	1.0	1	1.0	0.937
10	COc1ccc(CNCc2cc(OC)c(OC)cc2)cc1OC	1.0	1	0.776	0.99
10	CC(C)(C)c1ncc(C(=O)NOCc2cccc(C(=O)Nc3ccc(C(F)(F)F)cc3)c2)cc1	1.0	1	0.426	0.962
10	Cc1[n+]([O-])cc(C(=O)c2cc(Cl)ccc2NS(=O)(=O)c2ccc(-c3cnco3)cc2)cc1	1.0	1	0.846	0.924
10	CCCCCc1nc2nc(N)nn2c(O)c1Cc1cccc(C)c1	1.0	1	0.999	0.938
10	CC(C)c1nc2nc(N)nn2c(O)c1Cc1cccc(Cl)c1	1.0	1	1.0	0.929
10	CCSc1nc(O)c(C)c(C(=O)NO)n1	1.0	1	0.717	0.9
10	CN(C)C(=O)C(C)(C)S(=O)(=O)c1ccc(Cl)s1	1.0	1	0.796	0.915
10	O=C(c1cnccc1)Oc1ccc(Cl)cc1OC(F)F	1.0	1	0.776	0.981
10	CC(C)NS(=O)(=O)c1ccc(C(=O)NCCN2CCCCC2)cc1	1.0	1	0.652	0.985
10	O=C(c1cnccc1)c1cc(Cl)ccc1NS(=O)(=O)c1ccc(C(F)(F)F)cc1	1.0	1	0.905	0.976
10	Cc1ccc(N2C(=O)C(O)=C(C(=O)C(C)(C)C)C2C2CCCCC2)cc1	1.0	1	0.998	0.901
10	COc1ccc(NS(=O)(=O)c2ccc(N(C)C)cc2)cc1O	1.0	1	0.796	0.985
10	CC(=O)NCc1cc(Cn2nc(C3CC3)ccc2Nc2cc(Cl)ccc2C(=O)c2cc[n+]([O-])cc2)ccc1	0.0	0	0.0	0.0
10	Cc1nnnn1Cc1ccccc1OC	1.0	1	0.835	0.981
10	COc1ccc(S(=O)(=O)Nc2ccc(Cl)cc2C(=O)c2ccncc2)cc1	1.0	1	0.908	0.983
10	CC(C)(C)c1ccc(S(=O)(=O)Nc2ccc(Cl)cc2C(=O)c2cc[nH]c2)cc1	1.0	1	0.877	0.963
10	CC(=O)NCc1cc(Cn2nc(NS(=O)(=O)c3cccc(Cl)c3)c3c2cccc3S(=O)(=O)F)ccc1	1.0	0	0.005	0.932
10	CC(=O)C1=C(O)C(=O)N(c2ccc(C)cc2)C1c1ccc(Br)cc1	1.0	1	0.999	0.953
10	Nc1nn2c(O)c(Cc3ccccc3)c(Cc3ccccc3)nc2n1O	0.0	0	0.0	0.0
10	Nc1nn2c(O)c(Cc3ccccc3)c(CCc3ccccc3)nc2n1C	0.0	0	0.0	0.0
10	Cc1nnnn1Cc1cc(Cl)ccc1Cl	1.0	1	0.831	0.972
10	COc1ncc(Cl)cc1NS(=O)(=O)c1cccc(Cl)c1Cl	1.0	1	0.897	0.972
10	COc1nn(C)c2c1c(NS(=O)(=O)c1cccc(Cl)c1Cl)nc(C)n2	1.0	1	0.9	0.936
10	Cc1c(Cl)cccc1OS(C)(=O)=O	1.0	1	0.555	0.98
10	O=C(Nc1ccc(-c2ccccc2)cc1)OCCC1(O)CCN(C(=O)N2CCCCC2)C1CO	1.0	1	0.464	0.774
10	CS(=O)(=O)Nc1ccc(F)cc1CC1CC1N	1.0	1	0.844	0.84
10	Cc1ncccc1CC(=O)c1ccccc1Oc1ccc(Cl)cc1C	1.0	1	0.89	0.978
10	O=C(O)c1ccccc1Oc1ccc(C(F)(F)F)cc1NS(=O)(=O)c1ccc(Cl)c(Cl)c1	1.0	1	0.965	0.972
10	Cc1c(C(=O)c2cc(Cl)ccc2NS(=O)(=O)c2ccc(Cl)cc2)cccn1	1.0	1	0.938	0.979
10	O=C(NCCN1CCCCC1)c1ccc(Oc2ncc(Cl)cc2NS(=O)(=O)c2cc(Cl)c(Cl)cc2)cc1	1.0	0	0.005	0.959
10	Cc1nnnn1Cc1ccc(C(F)(F)F)nc1N=C(c1ccc(C(C)(C)C)cc1)c1ccc(Cl)cc1	1.0	0	0.005	0.889
11	Nc1nn2c(O)c(Cc3cccc(Cl)c3)c(CCC(=O)O)nc2n1	1.0	1	0.998	0.931
11	Cc1cccc(Cl)c1	1.0	0	0.273	0.995
11	O=C(O)c1cc(Oc2ncc(Cl)cc2NS(=O)(=O)c2ccc(Cl)c(Cl)c2)cnc1	1.0	1	0.893	0.958
11	COc1ccc(NS(=O)(=O)c2ccc(Cl)cc2)cc1	1.0	1	0.8	0.994
11	Cc1ncc(C(=O)c2cc(Cl)ccc2NS(=O)(=O)c2ccc(OC(C)C)cc2)cc1	1.0	1	0.897	0.974
11	COc1nc2nc(N)nn2c(O)c1C	1.0	1	0.992	0.874
11	CS(=O)(=O)Nc1ccc(C(=O)NCCN2CCCCC2)ccc1Cl	0.0	0	0.0	0.0
11	O=C(c1ccncc1)c1cc(Cl)ccc1NS(=O)(=O)c1ccc([N+](=O)[O-])cc1	1.0	1	0.862	0.977
11	COc1ncc(-c2cc(Cl)ccc2NS(=O)(=O)c2ccc(C(C)C)cc2)cc1	1.0	1	0.938	0.977
11	CCc1ccc(S(=O)(=O)NC(=O)N2CCC(N3CCC(Cc4ccc(F)cc4)CC3)CC2)cc1	1.0	1	0.427	0.963
11	CNc1nccc(Oc2ccc(NS(=O)(=O)c3ccc(Cl)cc3)cc2)c1[S+](1[O-]	0.0	0	0.0	0.0
11	O=S1(=O)NC(Nc2ccc(Br)cc2)=Nc2c1cc(Cl)cc2O	1.0	1	0.762	0.876
11	CCOc1cc(C(=S)N2CCCC2)ccc1)OC	0.0	0	0.0	0.0
11	O=C(O)c1ccccc1Oc1c(F)cc(C(F)(F)F)cc1Br	1.0	1	0.894	0.973
11	CC(=O)OCC(C)(C)c1ccc(C(=O)Nc2ccc(Cl)cc2C(=O)Nc2ccccn2)cc1	1.0	1	0.503	0.968
11	COC(=O)CCc1ccc(S(=O)(=O)Nc2ccc(Cl)cc2C(=O)c2ccnc(C)c2)cc1	1.0	1	0.835	0.97
11	CC(=O)NCc1cc(C(=O)NCCN2CCCCC2)cccc1Cl	0.0	0	0.0	0.0
11	Nc1nn2c(O)c(Cc3cccc(Cl)c3)c(CCC(=O)O)nc2n1	1.0	1	0.998	0.931
11	CC(=O)c1ccc(S(=O)(=O)Nc2ccc(Br)cc2C(=O)c2c[n+]([O-])ccc2)cc1	1.0	1	0.888	0.958
11	CCOC(=O)N1CCC(NS(=O)(=O)c2ccc(C)cc2)CC1	1.0	1	0.86	0.985
11	O=C(O)c1ccccc1Oc1c(F)cc(C(F)(F)F)cc1NS(=O)(=O)c1c(Br)c(Cl)cnc1Cl	1.0	1	0.973	0.898
11	O=C(NCCN1CCCCC1)c1ccc(Oc2ccc(Cl)cc2NS(=O)(=O)c2ccc(Cl)c(C(F)(F)F)c2)cc1	1.0	0	0.005	0.957
11	COc1cc(C(=O)NCCN2CCCCC2)c(O)cc1OC	1.0	1	0.81	0.985
11	CCCCCCc1nc2nc(N)nn2c(O)c1Cc1cccc(Cl)c1	1.0	1	0.999	0.937
11	C=CCOc1c(OC)cc(C(=O)c2c(C)cccc2)c(Oc2ccccc2)c1O	1.0	1	0.876	0.965
11	Nc1nn2c(O)c(Cc3cccc(OC(F)(F)F)c3)c(CC3CCCC3)nc2n1	1.0	1	0.998	0.899
11	CC(=O)OCC(C)(C)C(C)(C)C(O)C(=O)N1CCCCC1C1CCN(C(=O)OC(C)(C)C)CC1	1.0	1	0.739	0.649
11	COc1nc(CO)c(C)nc1NS(=O)(=O)c1cccc(Cl)c1F	1.0	1	0.933	0.939
11	O=C(NC1CCN(Cc2ccccc2)CC1)c1ccccc1N1CCCNC1	1.0	1	0.687	0.973
11	Cc1nnnn1Cc1cc(Cl)ccc1Cl	1.0	1	0.831	0.972
11	CC(=O)C1=C(O)C(=O)N(c2ccc(C)cc2)C1c1ccccc1	1.0	1	0.998	0.963
11	Cc1ccc(N2C(=O)C(O)=C(C(=O)c3ccccc3)C2C2CCCCC2)cc1	1.0	1	0.991	0.933
11	COc1ccc(N2C(=O)C(O)=C(C(=O)c3ccccc3)C2C2CCCCC2)cc1	1.0	1	0.987	0.933
11	Nc1nn2c(O)c(Cc3ccc(Cl)cc3Cl)c(CCC(=O)O)cn2n1	0.0	0	0.0	0.0
11	Nc1nn2c(O)c(Cc3cccc(Cl)c3)c(CCCCN3CCCCC3)nc2n1	1.0	1	0.995	0.931
11	CC(C)(C)c1ccc(S(=O)(=O)Nc2ccc(Cl)cc2C(=O)c2ccncc2)cc1	1.0	1	0.895	0.977
11	Cc1c(C(=O)c2cc(Cl)ccc2NS(=O)(=O)c2ccc(S(=O)(=O)Nc3ccccc3)cc2)cccn1	1.0	0	0.005	0.969
11	O=C(NCCN1CCN(Cc2ccccc2)CC1)c1ccccc1Oc1ccccc1O=	0.0	0	0.0	0.0
11	Cc1cc(C(=O)c2cc(Cl)ccc2NS(=O)(=O)c2ccc(Cl)cc2)ccc1	1.0	1	0.943	0.985
11	COC(=O)CCc1cc(O)c(O)cc1F	1.0	1	0.851	0.975
11	COc1nc(Br)cnc1NS(=O)(=O)c1cc(Cl)c(Cl)s1	1.0	1	0.945	0.898
11	CC(=O)C1=C(O)C(=O)N(c2ccc(C)cc2C)C1c1ccccc1	1.0	1	0.998	0.95
11	Cc1c(C(=O)c2cc(Cl)ccc2NS(=O)(=O)c2ccc(Cl)c(Cl)c2)cccn1	1.0	1	0.93	0.974
11	CC(=O)C1=C(O)C(=O)N(c2ccc(C)cc2F)C1c1cccc(C(F)(F)F)c1	1.0	1	0.999	0.914
11	COc1c(-c2ccc(C(NC(C)=O)c3ccccc3)cc2)ccc(C(=O)CCN)c1	1.0	1	0.736	0.946
11	Nc1nn2c(O)c(Cc3ccccc3)c(Cc3ccccc3)nc2n1	1.0	1	0.996	0.959
11	Cc1nnnn1Cc1ccccc1NS(=O)(=O)c1ccc(Cl)c(N)c1	1.0	1	0.956	0.964
11	CC(=O)C1=C(O)C(=O)N(c2ccc(C)cc2)C1c1ccc(C(F)(F)F)cc1	1.0	1	0.999	0.942
11	CSc1nc(C)c(CCN2CCN(Cc3ccc(C(F)(F)F)cc3)CC2)cc1Cl	1.0	1	0.661	0.956
11	CC(=O)C1=C(O)C(=O)N(c2ccccc2F)C1c1ccc(Cl)cc1	1.0	1	0.999	0.948
11	COc1cccc2c1c(NS(=O)(=O)c1ccc(Cl)s1)nn2Cc1ccccc1	1.0	1	0.829	0.965
11	COc1c(S(=O)(=O)NCc2ccc(-c3ccccc3Cl)cc2)cccc1Cl	1.0	1	0.625	0.98
11	O=C(Nc1ccc(S(=O)(=O)Nc2ccccc2)c2ccccc12)c1cccc(C6)c1	0.0	0	0.0	0.0
11	O=C(O)c1ccccc1Oc1c(F)cc(S(=O)(=O)Nc2c(Cl)cccc2NCCN)cc1	1.0	1	0.607	0.96
11	O=C(Nc1c(F)cc(F)cc1)c1ccccc1O	1.0	1	0.729	0.992
11	COc1cc(Oc2c(OC)cccc2NS(=O)(=O)c2ccc(C(C)(C)C)cc2)ccc1	1.0	1	0.885	0.977
11	COc1nn(C)c2c1c(NS(=O)(=O)c1ccnn(C)c1)cc(C)c(O)cn12	0.0	0	0.0	0.0
11	CC(C)c1nc2nc(N)nn2c(O)c1Cc1cccc(Cl)c1	1.0	1	1.0	0.929
11	Cc1cc(Oc2ccc(Cl)cc2NS(=O)(=O)c2ccc(Cl)cc2)ccc1	1.0	1	0.986	0.986
11	Cc1ccc(S(=O)(=O)c2cccc(C(=O)NCCn3cccc3)c2)c(C)c1	1.0	1	0.669	0.971
11	CS(=O)(=O)Nc1cc(C(=O)N2CCN(C)CC2)ccc1Cl	1.0	1	0.794	0.984
11	Cc1c(C(=O)NC2CC3CCC(C2)N3C)c3ccccc1OCC(N)=O	0.0	0	0.0	0.0
11	Nc1nn2c(O)c(Cc3ccc(Cl)cc3)n(C3CC3)c(=O)n2n1	0.0	0	0.0	0.0
11	CCc1nn2c(O)cc(C)nc2n1Cc1ccc(Cl)cc1Cl	0.0	0	0.0	0.0
11	CCCCCc1nc2nc(N)nn2c(O)c1Cc1cccc(Cl)c1C	1.0	1	0.992	0.917
11	O=S(=O)(NCCCN1CCCC1)c1ccccc1Cl	1.0	1	0.798	0.987
11	CS(=O)(=O)c1ccc(Cl)cc1C1(S(=O)(=O)c2ccc(Cl)cc2)CC1	1.0	1	0.968	0.959
11	COc1nc(Br)cnc1NS(=O)(=O)c1cc(Cl)c(Cl)s1	1.0	1	0.945	0.898
11	CC(=O)Nc1cc(C(=O)NCCN2CCCCC2)cccc1Cl	0.0	0	0.0	0.0
11	O=[N+]([O-])c1cc(Cl)c(Cl)c(Cl)c1Cl	1.0	1	0.46	0.961
11	COc1cc(C(=O)N2CCC(N3CCC(C(=O)N4CCCC4)CC3)CC2)ccc1Cl	1.0	1	0.714	0.974
11	CCCCc1nc2nc(N)nn2c(O)c1Cc1cccc(Cl)c1	1.0	1	0.999	0.935
11	CCN(CC)c1ncnc(Nc2cc(Cl)ccc2NS(=O)(=O)c2ccc(C(C)(C)C)cc2)c1=O	0.0	0	0.0	0.0
11	CCCC(=O)N1CCC(NS(=O)(=O)c2ccc(NC(=O)c3ccc(C)cc3)c3c2cccc3)CC1	1.0	1	0.554	0.971
11	CC(=O)C1=C(O)C(=O)N(c2ccc(C)cc2)C1c1cc(Br)ccc1	1.0	1	0.999	0.948
11	COc1cc(C(=O)NCCN2CCCCC2)ccc1Oc1ccc(C)cc1C	1.0	1	0.704	0.984
11	O=C(Cc1cccc(Cl)c1)NS(=O)(=O)c1ccc(F)c(F)c1	1.0	1	0.839	0.983
11	Cc1nc(Cl)nn1C(=N)N	1.0	1	0.421	0.728
11	Cc1ccc(N2C(=O)C(O)=C(C(=O)C(C)(C)C)C2C2CCCCC2)cc1	1.0	1	0.998	0.901
11	COc1ccc(S(=O)(=O)NCCCN2CCC(c3ccccc3)CC2)cc1	1.0	1	0.628	0.985
11	Cc1ncc(C(=O)Nc2ccc(F)c(C)c2)c2c1CCN2C	1.0	1	0.842	0.958
11	CS(=O)(=O)Nc1cc(C(=O)NCCCN2CCCCC2)ncc1Cl	1.0	1	0.697	0.969
11	CC(=O)C1=C(O)C(=O)N(c2ccc(C)cc2)C1c1ccc(F)cc1	1.0	1	0.999	0.957
11	CCOc1ccc(C(=O)Nc2ccc(NC(=O)c3ccccc3)cc2)cc1	1.0	1	0.392	0.993
11	CC1CCN(C(=O)C(CCn2ccnn2)NS(=O)(=O)c2cc(Cl)c(N)c(Cl)c2)CC1	1.0	1	0.866	0.826
11	Cc1c(C(=O)Nc2ccc(S(=O)(=O)NC3CCN(C(=O)N4CCC4)CC3)c3c2cccc3)cccc1	1.0	0	0.005	0.964
11	N#CC1(c2nc(C3CCCN3)cc(C(F)(F)F)c2)CC1	1.0	1	0.878	0.673
11	O=S(=O)(Nc1cc(Cl)ccc1Cn1nnnc1C1CC1)c1ccc(Cl)cc1	1.0	1	0.939	0.963
11	CCOC(=O)N1CCC(NS(=O)(=O)c2ccc(OCC)c(Cl)c2)CC1	1.0	1	0.827	0.978
11	COc1ccc(S(=O)(=O)Nc2ccc(Cl)cc2C(=O)NCCc2ccccc2)cc1	1.0	1	0.913	0.986
11	CC(C)S(=O)(=O)NCCN(Cc1ccc(Cl)cc1)C(=O)c1ccc(Cl)cc1	1.0	1	0.924	0.977
11	O=C(O)c1ccccc1Oc1c(F)cc(C(F)(F)F)cc1NS(=O)(=O)c1ccc(Cl)cc1	1.0	1	0.961	0.965
11	O=C(NCCN1CCN(C(=O)Nc2ccccc2)CC1)c1cc(C(F)(F)F)ccc1F	1.0	1	0.493	0.978
11	CC(=O)C1=C(O)C(=O)N(c2ccc(C)cc2)C1c1ccccc1	1.0	1	0.998	0.963
11	Cc1ccccc1C(=O)Nc1ccc(S(=O)(=O)NC2CCN(C(=O)CCCN)CC2)cc1Cl	1.0	1	0.459	0.969
11	O=S(=O)(Nc1cc(Cl)ccc1Cn1cncn1)c1cc(Cl)ccc1	1.0	1	0.916	0.972
11	CC(=O)C1=C(O)C(=O)N(c2cc(C)ccc2)C1C1CCCCC1	1.0	1	0.933	0.922
11	CS(=O)(=O)Nc1cccc(C(=O)Nc2ccccc2)c1Cl	1.0	1	0.778	0.988
11	O=C(NCCNC(=O)c1ccccc1)c1ccccc1	1.0	1	0.642	0.995
11	CC1CCN(C(=O)c2cccc(CO)c2NC(=O)c2ccccc2)CC1	1.0	1	0.829	0.982
12	Cc1ccc(N2C(=O)C(O)=C(C(=O)C(C)(C)C)C2C2CCCCC2)cc1	1.0	1	0.998	0.901
12	CSc1cc(C(=O)NC)c(NC(=O)Nc2ccc(Cl)cc2)cc1	1.0	1	0.822	0.984
12	NS(=O)(=O)c1ccc(Cl)c(C(F)F	0.0	0	0.0	0.0
12	COc1ccc(NS(=O)(=O)c2ccc(Cl)cc2)cc1	1.0	1	0.8	0.994
12	Nc1ccc(S(=O)(=O)NC(=O)Nc2ccc(F)cc2F)cc1	1.0	1	0.806	0.983
12	COc1ccc(S(=O)(=O)Nc2cc(Cl)ccc2C(=O)Nc2ccccc2)cc1	1.0	1	0.83	0.989
12	Cc1c(C(=O)c2cc(Cl)ccc2NS(=O)(=O)c2ccc(Cl)cc2)cccn1	1.0	1	0.938	0.979
12	CSc1cc(-c2ccc(F)cc2)c(-c2ccccc2)cc1Nn1cc(=O)c2c(C)cccc2N(C)C1=O	0.0	0	0.0	0.0
12	CCCCCc1ccc(C(=O)Nc2ccc(S(=O)(=O)NC)cc2)cc1	1.0	1	0.514	0.989
12	O=C(O)c1c(F)cccc1Oc1ncc(Cl)cc1NS(=O)(=O)c1ccc(Cl)c(Cl)c1	1.0	1	0.947	0.96
12	CNc1c(Cl)ccc(S(=O)(=O)Nc2ccc(Cl)cc2C(=O)c2ncccn2)c1	1.0	1	0.867	0.958
12	CCOC(=O)N1CCC(NS(=O)(=O)c2ccc(OC(=O)c3ccccc3)c3c2cccc3)CC1	1.0	1	0.632	0.971
12	Cc1cc(C)c(S(=O)(=O)Nc2ccc(Cl)cc2C(=O)c2ccncc2)cc1	1.0	1	0.944	0.978
12	CC(=O)C1=C(O)C(=O)N(c2cccc(C)c2)C1c1ccc(Br)cc1	1.0	1	0.998	0.948
12	CS(=O)(=O)c1ccc(C(=O)NCCN2CCCCC2)cc1Cl	1.0	1	0.736	0.983
12	COc1ncc(C(=O)OC(C)(C)C)cc1	1.0	1	0.567	0.984
12	CCCC(=O)N1CCC(NS(=O)(=O)c2ccc(NC(=O)c3ccccc3C)c3ccccc23)CC1	1.0	1	0.52	0.969
12	COc1ccccc1Cc1c(O)n2nc(N)nc2nc1C1CCCCC1O	1.0	1	0.999	0.699
12	O=C(NCCN1CCCCC1)c1cccc(Oc2ccccc2)c1	1.0	1	0.676	0.99
12	N#CSc1nc2nc(N)nc(Cl)c2[nH]1([BH-]	0.0	0	0.0	0.0
12	COc1ccc(SCc2nc3nc(Cc4ccccc4)nn3c(O)c2)c(OC)c1	1.0	1	0.908	0.946
12	O=C(c1cnccc1)c1ccc(F)cc1CCC1C2CC(O)=C3CCCC3(C)C(=O)CC21(CCc1ccc(O)cc1)C(C(=O)O)N1CCCC1	0.0	0	0.0	0.0
12	O=S(=O)(Nc1nc(Cl)c(Cl)s1)c1cccc(Cl)c1	1.0	1	0.837	0.963
12	CC(=O)NCCc1c(Cl)cccc1Cl	1.0	1	0.74	0.987
12	CS(=O)(=O)c1ccc(S(=O)(=O)Nc2ccc(Cl)cc2C(=O)c2ccncc2)cc1	1.0	1	0.86	0.977
12	Nc1nn2c(O)c(Cc3ccc(Br)cc3)c(C3CC3)nc2n1	1.0	1	1.0	0.922
12	CS(=O)(=O)Nc1cc(-c2cccc(C(F)(F)F)c2)ccc1C1CC1	1.0	1	0.788	0.975
12	CCCC(=O)N1CCC(NS(=O)(=O)c2ccc(NC(=O)N3CCCCC3)c3c2cccc3)CC1	1.0	1	0.627	0.963
12	CC(C)C(=O)N1CCN(Cc2ccc(C(F)(F)F)cc2)CC1	1.0	1	0.831	0.985
12	CCCCc1nc2nc(N)nn2c(O)c1Cc1cccc(C)c1	1.0	1	0.998	0.937
12	CC(=O)C1=C(O)C(=O)N(c2cccc(C)c2)C1C1CCCCC1	1.0	1	0.933	0.922
12	COc1cccc2c1c(NS(=O)(=O)c1ccc(Cl)s1)nn2Cc1ccc(O)c(CF)c1	1.0	1	0.819	0.921
12	O=S(=O)(Nc1cc(Cl)ccc1Cn1cnc2ccccc21)c1ccc(Cl)c(Cl)c1	1.0	1	0.978	0.972
12	COc1nc(Cl)cnc1NS(=O)(=O)c1cccc(Cl)c1C	1.0	1	0.878	0.958
12	Cc1ccc(C(=O)c2cc(Cl)ccc2NS(=O)(=O)c2ccc(OC(C)C)cc2)cc1	1.0	1	0.909	0.982
12	CC(=O)NCc1ccc(C(=O)NS(=O)(=O)c2ccc(Cl)cc2)cc1	1.0	1	0.708	0.988
12	O=S(=O)(Nc1cc(C(F)(F)F)ccc1)C1CCCCNS(=O)(=O)c2ccc(C(=O)NCCN3CCCCC3)cc21	1.0	0	0.005	0.566
12	Nc1nn2c(O)c(Cc3ccc(Cl)cc3)c(Cc3nc4ccccc4s3)nc2n1	1.0	1	0.994	0.924
12	O=C(NC(c1ccccc1)c1ccccc1)C(O)c1ccccc1	1.0	1	0.889	0.973
12	O=C(C1=C(O)C(=O)N(c2cnc(Cl)cc2)C1c1ccccc1)C1	0.0	0	0.0	0.0
12	Cc1c(C(=O)c2cc(Cl)ccc2NS(=O)(=O)c2ccc(F)cc2)cccc1C	1.0	1	0.952	0.982
12	CCCNC(=O)N1CCC(NS(=O)(=O)c2ccc(OC)cc2)CC1	1.0	1	0.781	0.983
12	CCCn1cc(C(=O)NCCN2CCCCC2)c2ccccc21	1.0	1	0.737	0.982
12	COc1cc(C(=O)NCc2ccc(F)cc2NS(=O)(=O)c2ccc(C(C)(C)C)cc2)cc(C(C)(C)C)c1	1.0	0	0.005	0.96
12	O=S(=O)(Nc1cc(Cl)ccc1Cn1cncn1)c1cccc(Cl)c1Cl	1.0	1	0.891	0.963
12	CC(=O)C1=C(O)C(=O)N(c2ccc(OC(F)(F)F)cc2)C1C1CCCCC1	1.0	1	0.99	0.898
12	O=S(=O)(Nc1ncc(Cl)nc1OCc1cc(Br)ccc1)c1cccc(F)c1	1.0	1	0.94	0.961
12	CNC(=O)N1CCC(NS(=O)(=O)c2ccc(NC(=O)c3c(C)cccc3)c3c2cccc3)C1	1.0	1	0.594	0.924
12	Cc1c(C(=O)Nc2ccc(S(=O)(=O)NC3CCN(C(=O)N4CCCC4)CC3)c3c2cccc3)cccc1	1.0	0	0.005	0.962
12	CS(=O)(=O)Nc1ccc([Si](C)(C)C)cc1	1.0	1	0.581	0.972
12	CC(=O)C1=C(O)C(=O)N(c2ccc(Br)cc2F)C1C1CCCCCCC1	1.0	1	0.994	0.894
12	Cn1ncc2c(Nc3ccc(OC(F)(F)F)cc3)nc(N)nc21	1.0	1	0.949	0.964
12	Nc1nn2c(O)c(Cc3cccc(F)c3)c(Cc3ccccc3)nc2n1	1.0	1	0.996	0.949
12	Cc1ccc(N2C(=O)C(O)=C(C(=O)C3CC3)C2C2CCCCC2)cc1	1.0	1	0.996	0.914
12	Cc1c(Oc2ccc(Cl)cc2NS(=O)(=O)c2ccc(Cl)c(Cl)c2)cccc1	1.0	1	0.988	0.983
12	Cc1c(Cl)c(C(=O)Nc2ccc(F)cc2)cn1Cc1cccc(C(F)(F)F)c1	1.0	1	0.757	0.968
12	COc1cc(Oc2c(Cl)cc(Cl)cc2NS(=O)(=O)c2c(F)c(F)c(F)cc2)cnc1	1.0	1	0.958	0.945
12	Cc1c(C(=O)c2cc(Cl)ccc2NS(=O)(=O)c2ccc(Cl)c(Cl)c2)cccn1	1.0	1	0.93	0.974
12	C(=O)c1ccc(S(=O)(=O)Nc2ccc(Cl)cc2C(=O)c2ccncc2)cc1	1.0	1	0.901	0.976
12	O=S(=O)(Nc1ncc(Cl)nc1OCc1cc(Br)ccc1)c1cccc(Cl)c1Cl	1.0	1	0.952	0.951
12	CC(=O)C1=C(O)C(=O)N(c2ccc(C)cc2C(=O)NCCCNCc2ccc(Cl)cc2)C1c1ccc(Br)cc1	1.0	0	0.005	0.883
12	O=S(=O)(Nc1cc(Cl)cnc1Nc1ncc(Cl)cc1)(Cc1ccccc1)C(C)O	0.0	0	0.0	0.0
12	Cc1c(C(=O)c2cccc(Cl)c2Cl)cccc1OS(C)(=O)=O	1.0	1	0.86	0.972
12	N#Cc1ccc(Sc2cccc(C(=O)c3ccccc3)cc2)cc1	0.0	0	0.0	0.0
12	CCOC(=O)N1CCC(NS(=O)(=O)c2ccc(OC)cc2)CC1	1.0	1	0.839	0.985
12	COc1c(NS(=O)(=O)c2ccc(Cl)s2)nc(Cl)c(N2CCCCC2)c1	1.0	1	0.891	0.942
12	CC(=O)Nc1ccc(Oc2ccc(C(=O)NCCN3CCCC3)cc2)c(Cl)c1	1.0	1	0.658	0.984
12	Cc1cc(C(=O)c2cc(Cl)ccc2NS(=O)(=O)c2ccc(-c3cnco3)cc2)ccc1	1.0	1	0.853	0.968
12	Nc1nn2c(O)c(Cc3cccc(C(F)(F)F)c3)c(S(=O)(=O)O)c(C3CC3)nc2n1	0.0	0	0.0	0.0
12	Cc1nnc(NC(=O)c2cccc(C(F)(F)F)c2)s1	1.0	1	0.781	0.983
12	Oc1c(Cl)cccc1Nc1ccc(Cl)cc1N=C(N)NCc1ccccc1I	1.0	1	0.838	0.926
12	COc1ccc(S(=O)(=O)Nc2ccc(Cl)cc2C(=O)c2ccncc2)cc1	1.0	1	0.908	0.983
12	CC(=O)c1ccc(S(=O)(=O)Nc2ccc(Cl)cc2C(=O)c2ccnc(C)c2)cc1	1.0	1	0.9	0.975
12	Cc1c(CC(=O)OC(C)(C)C)cc(C(=O)O)cc1Cn1ccnc1	1.0	1	0.842	0.947
12	Cc1ccc(C(=O)c2cc(Cl)ccc2NS(=O)(=O)c2ccc(C(C)(C)C)cc2)cc1	1.0	1	0.904	0.982
12	Nc1nn2c(Cc3ccc(F)cc3)c(S(=O)(=O)Nc3cccc(C(C)(C)C)c3)nc2n1	0.0	0	0.0	0.0
12	CCC(CC)c1ccc(S(=O)(=O)Nc2ccc(Cl)cc2C(=O)c2ccnc(C)c2)cc1	1.0	1	0.873	0.963
12	CC(=O)c1ccc(N2C(=O)c3c(C2=O)c(NS(=O)(=O)c2ccc(C(C)(C)C)cc2)ccc3Cl)cc1	1.0	1	0.622	0.956
12	CCc1nc2nc(N)nn2c(O)c1Cc1cccc(Cl)c1	1.0	1	1.0	0.935
12	CC(C)c1nc2nc(N)nn2c(O)c1Cc1ccc(Cl)cc1	1.0	1	1.0	0.937
12	CNc1nc(Br)cnc1NS(=O)(=O)c1cc(Cl)c(Cl)cc1	1.0	1	0.928	0.947
12	Nc1nn2c(O)c(Cc3cccc(C(F)(F)F)c3)c(CCCCCc3ccccc3)nc2n1	1.0	1	0.995	0.934
12	CC(=O)C1=C(O)C(=O)N(c2cc(C)ccc2)C1C1CCCCC1	1.0	1	0.933	0.922
12	CN(C)C(=O)CSc1nnc(-c2ccc(Cl)cc2)n2c1cccc2	0.0	0	0.0	0.0
12	Oc1c(Cc2ccc(Cl)cc2)ccc[n+]1[O-]	1.0	1	0.908	0.955
12	Cc1ccc(N2C(=O)C(O)=C(C(=O)C34CC3)CCCN2C(=O)c2ccccc2)cc1	0.0	0	0.0	0.0
12	CN(C)C(=O)N1CCCN(S(=O)(=O)c2ccc(Cl)cc2)CC1	1.0	1	0.87	0.983
12	CC(=O)C1=C(O)C(=O)N(c2cc(F)c(C)cc2)C1=O	1.0	1	0.97	0.956
12	COc1cc(C(=O)NCc2ccc(Cl)cc2)cn2ccnc12	1.0	1	0.898	0.976
12	Cc1nnc(-c2cc(N3CC(=O)N(Cc4ccc(F)cc4)C3=O)c(C)n2)cc1	0.0	0	0.0	0.0
12	O=S(=O)(Nc1cc(Cl)ccc1Cn1ccnn1)c1ccc(Cl)c(Cl)c1	1.0	1	0.932	0.963
12	Nc1nn2c(O)c(Cc3cccc(C(F)(F)F)c3)c(CCC(=O)O)nc2c1Cl	1.0	1	0.996	0.898
12	Cc1nnnn1Cc1ccc(Cl)cc1NS(=O)(=O)c1ccc(Cl)c(Cl)c1	1.0	1	0.98	0.962
12	Nc1nn2c(O)c(Cc3ccccc3)c(SCc3ccc(F)c(F)c3F)nc2n1	1.0	1	0.996	0.91
12	Cc1cc(C(=O)c2cc(Cl)ccc2NS(=O)(=O)c2ccc(Cl)cc2)ccc1	1.0	1	0.943	0.985
12	Cc1c(Oc2ccc(Cl)cc2NS(=O)(=O)c2ccc(Cl)c(C(F)(F)F)c2)ccc1	0.0	0	0.0	0.0
12	CCCCCc1ccc(C(=O)NCCN(C)C)cc1	1.0	1	0.64	0.991
12	CS(=O)(=O)NCC1CCC(NS(=O)(=O)c2ccc(NC(=O)c3ccccc3)cc2)CC1	1.0	1	0.528	0.977
12	Cc1cc(COc2ccc(S(=O)(=O)NC3(CCN(C)CCCCCCCCN4C)CC3)cc2)ccc1	0.0	0	0.0	0.0
12	Nc1nn2c(O)c(Cc3cccc(Cl)c3)c(C3CC3)nc2n1	1.0	1	1.0	0.922
13	Cc1ccc(Oc2ccc(C(=O)NCCN3CCCCC3)cc2)cc1	1.0	1	0.655	0.99
13	CCOC(=O)N1CCC(NS(=O)(=O)c2ccc(NCCc3ccccc3)c3c2cccc3)CC1	1.0	1	0.576	0.97
13	CNc1nc(Br)cnc1NS(=O)(=O)c1ccc(Cl)c(Cl)c1	1.0	1	0.928	0.947
13	O=C(c1ccncc1)c1cc(Cl)ccc1NS(=O)(=O)c1ccc(-c2cnco2)cc1	1.0	1	0.756	0.964
13	Nc1nn2c(O)c(Cc3ccccc3F)c(C3CC3)nc2n1	1.0	1	0.999	0.92
13	CC(C)(C)c1ccc(S(=O)(=O)Nc2ccc(Cl)cc2C(=O)c2ccccn2)cc1	1.0	1	0.871	0.976
13	O=C(c1cccnc1)c1cc(Cl)ccc1NS(=O)(=O)c1ccc(Cl)cc1	1.0	1	0.921	0.983
13	O=S(=O)(Nc1cc(Br)ccc1Cn1ccnn1)c1cccc(F)c1	1.0	1	0.899	0.961
13	Cc1ccc(C(=O)c2cc(Cl)ccc2NS(=O)(=O)c2ccc(C(C)(C)C)cc2)nc1	1.0	1	0.873	0.972
13	Cc1cc(C(=O)c2cc(Cl)ccc2NS(=O)(=O)c2ccc(Cl)cc2)ccn1	1.0	1	0.934	0.978
13	COCCOc1nc(F)c(Cl)nc1NS(=O)(=O)c1ccc(Cl)c(Cl)c1	1.0	1	0.886	0.939
13	CC(=O)C1=C(O)C(=O)N(c2cc(C)ccc2)C1c1ccc(Cl)cc1	1.0	1	0.998	0.953
13	CNC(=O)Nc1ccc(Nc2cc(Cl)c(Cl)cc2NS(=O)(=O)c2ccc(C(C)(C)C)cc2)cc1	1.0	1	0.928	0.966
13	COc1c2c(NS(=O)(=O)c3ccc(Cl)s3)nn(Cc3cccc(C(=O)O)c3)c2ccc1	1.0	1	0.839	0.953
13	CC(=O)C1=C(O)C(=O)N(c2ccc(S(=O)(=O)NC3CCCCC3)cc2)c2ccccc21	1.0	1	0.763	0.961
13	Cc1c(C(=O)c2cc(Cl)ccc2NS(=O)(=O)c2ccc(Cl)cc2)cccc1	1.0	1	0.946	0.985
13	Cc1cc(CC(=O)Nc2ccc(S(=O)(=O)NC3CCN(C(=O)CCCN)CC3)cc2)ccc1	1.0	1	0.427	0.972
13	COc1ccncc1-c1ccc(Oc2ncc(NC(=O)c3ccccc3)c3nccn23)cc1	1.0	1	0.621	0.949
13	O=C(c1cnccc1)c1cc(Cl)ccc1NS(=O)(=O)c1cc2c(cccn2)nc1Cl	1.0	1	0.85	0.958
13	Cc1ccc(CCN2CCCC(NC3CCCC3)C2)cc1Cl	1.0	1	0.882	0.948
13	Cc1ncc(Nc2ncc(Cl)cc2C(=O)Nc2cccc(C(F)(F)F)c2)c(C(F)(F)F)c1	1.0	1	0.736	0.946
13	Cc1ccc(C(=O)c2cc(Cl)ccc2NS(=O)(=O)c2ccc(N)cc2)cc1	1.0	1	0.929	0.984
13	COc1ccc(SS(=O)(=O)NC(=O)c2cccc3c2N(C)C(=O)C3)cc1	1.0	1	0.878	0.917
13	Oc1cc(CSc2cccc(C(F)(F)F)c2)nc2nc(Cc3ccccc3)nn12	1.0	1	0.962	0.941
13	COc1ccc(S(=O)(=O)Nc2ccc(Cl)cc2C(=O)c2ccncc2)cc1	1.0	1	0.908	0.983
13	Cc1c(C(=O)c2cc(Cl)ccc2NS(=O)(=O)c2ccc(Cl)cc2)cccc1	1.0	1	0.946	0.985
13	Cn1ncc2c1ccc[n+]2C(=O)c1ccc(Cl)cc1	1.0	1	0.817	0.916
13	COc1ccccc1NS(=O)(=O)c1ccc(NC(C)=O)cc1	1.0	1	0.721	0.991
13	Cc1cc(C(=O)c2cc(Cl)ccc2NS(=O)(=O)c2ccc(C(C)(C)C)cc2)ccn1	1.0	1	0.897	0.972
13	Cc1cc(C(=O)c2cc(Cl)ccc2NS(=O)(=O)c2ccc(Cl)cc2)ccc1	1.0	1	0.943	0.985
13	CC(C)(C)c1ccc(S(=O)(=O)Nc2ccc(Cl)cc2C(=O)c2cccnc2)cc1	1.0	1	0.888	0.977
13	Cc1c(C(=O)c2cc(Cl)ccc2NS(=O)(=O)c2ccc(Cl)cc2)cccn1	1.0	1	0.938	0.979
13	Cc1ncc(C(=O)c2cc(Cl)ccc2NS(=O)(=O)c2ccc(Cl)cc2)cc1	1.0	1	0.935	0.98
13	CCc1c(OC)cccc1NS(=O)(=O)c1ccc(-c2ccccc2)cc1	1.0	1	0.804	0.986
13	CC(=O)C1=C(O)C(=O)N(c2ccc(Cl)cc2)C1c1ccccc1	1.0	1	0.999	0.962
13	CS(=O)(=O)c1ccc(S(=O)(=O)Nc2ccc(Cl)cc2C(=O)c2cccnc2)cc1	1.0	1	0.882	0.977
13	CCc1ccc(S(=O)(=O)Nc2ccc(Br)cc2C(=O)c2ccncc2)cc1	1.0	1	0.917	0.98
13	COc1ccc(NS(=O)(=O)c2ccc(Cl)cc2)cc1	1.0	1	0.8	0.994
13	CCOc1ccc(Cc2c(OC)oc(N(C)C)c2O)cc1Cl	1.0	1	0.968	0.922
13	CC(C)(CO)c1ccc(S(=O)(=O)Nc2ccc(Cl)cc2C(=O)c2ccncn2)cc1	1.0	1	0.814	0.952
13	Cc1cc(Cl)ccc1NC(=O)C(c1ccccc1)c1ccccc1)c1ccccc1	0.0	0	0.0	0.0
13	COc1ccc(S(=O)(=O)Nc2ccc(Br)cc2C(=O)c2ccncc2)cc1	1.0	1	0.911	0.981
13	Cc1ccc(CCNS(=O)(=O)c2ccc(Cl)c(Cl)c2)cc1	1.0	1	0.783	0.989
13	CCCc1ccc(S(=O)(=O)Nc2ccc(Cl)cc2C(=O)c2nccn2C)cc1	1.0	1	0.919	0.969
13	CC(=O)C1=C(O)C(=O)N(c2ccc(Cl)cc2)C1C1CCCCC1	1.0	1	0.978	0.927
13	COc1nc(-c2cc(Cl)ccc2SC2CC(CC(=O)NO)C(=O)N2)ccc1	1.0	1	0.874	0.591
13	COc1cccc2c1c(NS(=O)(=O)c1ccc(Cl)s1)nn2Cc1ccc(CO)cc1	1.0	1	0.811	0.955
13	O=S(=O)(Nc1cc(Cl)ncc1Cn1ccnn1)c1cccc(C(F)(F)F)c1	1.0	1	0.941	0.932
13	Cc1ccc(S(=O)(=O)Nc2cc(Cl)ccc2Cn2ccnn2)cc1	1.0	1	0.881	0.971
13	COc1ccc(N2C(=O)C(O)=C(C(C)=O)=C2Nc2cc(Br)ccc2N1C	0.0	0	0.0	0.0
13	Nc1nn2c(O)c(Cc3ccccc3)c(C3CC3)nc2n1	1.0	1	1.0	0.937
13	O=[N+]([O-])c1c(Nc2ccccc2)cccc1N1=CCCCC1c1ccc(Cl)c(Cl)c1	0.0	0	0.0	0.0
13	CN(C)Cc1ccccc1Oc1c(F)cc(C(F)(F)F)cc1N=[SH](O)(O)C(O)C(N)CO	1.0	1	0.906	0.354
13	Cc1nnnn1Cc1ccc(C(F)(F)F)cc1NS(=O)(=O)c1ccc(Cl)cc1	1.0	1	0.97	0.96
13	c1ccc(C(=Cc2cccc3ccccc23)c2ccccc2)cc1	1.0	1	0.928	0.989
13	O=C(c1cnccc1)c1cc(F)c(Cl)cc1NS(=O)(=O)c1ccc(-c2ccco2)cc1	1.0	1	0.857	0.964
13	Cc1c(C(=O)c2cc(Cl)ccc2NS(=O)(=O)c2ccc(S(=O)(=O)O)cc2)cccn1	1.0	1	0.874	0.97
13	O=S(=O)(NCCCN1CCCCCC1)c1ccccc1Cl	1.0	1	0.802	0.986
13	COc1ccc(S(=O)(=O)Nc2ccc(Br)cc2C(=O)c2ccncc2)cc1	1.0	1	0.911	0.981
13	COn1c(O)c(Cc2ccccc2F)c2ccccc21	1.0	1	0.952	0.96
13	COc1nc(Cl)cnc1NS(=O)(=O)c1cccc(Cl)c1Cl	1.0	1	0.893	0.955
13	CC(=O)OCC(C)(C)c1ccc(C#N)c(Cl)c1C	1.0	1	0.812	0.927
13	CC(C)(C)c1ccc(S(=O)(=O)Nc2ccc(Cl)cc2C(=O)c2ccc(Cl)nc2)cc1	1.0	1	0.903	0.972
13	O=C(c1cnccc1)c1cc(Cl)ccc1NS(=O)(=O)c1cc(F)ccc1	1.0	1	0.935	0.98
13	Cc1nc(C(=O)c2cc(Cl)ccc2NS(=O)(=O)c2ccc(C(C)(C)C)cc2)ccc1	1.0	1	0.854	0.972
13	Cc1ccc(N2C(=O)C(O)=C(C(C)=O)C2C2CCCCC2)cc1	1.0	1	0.997	0.929
13	CCCCCCc1nc2nc(N)nn2c(O)c1Cc1cccc(Cl)c1	1.0	1	0.999	0.937
13	O=C(NCCN1CCN(C(=O)c2cccc(F)c2)CC1)c1ccccc1Cl	1.0	1	0.57	0.987
13	Cc1ccc(S(=O)(=O)Nc2cc(Cl)ccc2Cn2ccnn2)cc1	1.0	1	0.881	0.971
13	COc1nc(Cl)cnc1NS(=O)(=O)c1cccc(Cl)c1F	1.0	1	0.942	0.952
13	O=C(CCCN1CCCCC1)c1ccc(F)cc1	1.0	1	0.865	0.99
13	CCCc1ccc(S(=O)(=O)Nc2ccc(Br)cc2C(=O)c2ccncc2)cc1	1.0	1	0.904	0.978
13	COc1nc(Br)cnc1NS(=O)(=O)c1cccc(Cl)c1	1.0	1	0.892	0.963
13	CC(=O)c1ccc(S(=O)(=O)Nc2ccc(Cl)cc2C(=O)c2nccn2-c2ccccc2)cc1	1.0	1	0.748	0.964
13	CCCC(=O)N1CCC(NS(=O)(=O)c2ccc(N(CC)C3CCOCC3)c3c2cccc3)CC1	1.0	1	0.721	0.938
13	O=C(O)c1ccccc1Oc1ccc(Cl)cc1NS(=O)(=O)c1ccc(Cl)c(C(F)(F)F)c1	1.0	1	0.951	0.971
13	CC1CCN(C(=O)C(C)n2cc(C)c3c2ccccc3=C(C)C)CC1	1.0	1	0.949	0.696
13	Cc1ccc(C2Nc3c(Cl)cccc3C(=O)N2CC2CCCCCC2)cc1	1.0	1	0.921	0.906
13	CC(=O)Nc1ccc(S(=O)(=O)NCCc2ccc(C(=O)NCCCN3CCCCC3)cc2)cc1	1.0	1	0.449	0.978
13	CCCC(=O)N1CCC(NS(=O)(=O)c2ccc(NC(=O)C3CC3)c3c2cccc3)CC1	1.0	1	0.757	0.97
13	Cc1c(C(=O)c2cc(Cl)ccc2NS(=O)(=O)c2ccc(Cl)c(Cl)c2)cccn1	1.0	1	0.93	0.974
13	CC(C)Sc1c(Cl)cc(C(=O)NO)cc1	1.0	1	0.926	0.97
13	CC(C)(C)c1ccc(S(=O)(=O)Nc2ccc(Br)cc2C(=O)c2ccncc2)cc1	1.0	1	0.892	0.975
13	CCOC(=O)N1CCC(NS(=O)(=O)c2ccc(OC)cc2)CC1	1.0	1	0.839	0.985
13	CC(=O)C1=C(O)C(=O)N(c2cc(F)ccc2F)C1C1CCCCCCC1	1.0	1	0.996	0.896
13	Cc1ncc(NS(=O)(=O)c2ccc(Cl)cc2)cc1	1.0	1	0.923	0.989
13	Cc1nnnn1Cc1cccc(C(F)(F)F)c1	1.0	1	0.851	0.974
13	COC(C)Cc1c(C(=O)Nc2ccc(Cl)cc2)nc2cc(Cl)ccc2c1C	1.0	1	0.824	0.917
13	Cc1ncccc1C(O)(c1ccccc1)c1ccccc1F	1.0	1	0.981	0.94
13	Cc1ncc(C(=O)Nc2ccc(Cl)cc2C(=O)c2ccncc2)cc1	1.0	1	0.785	0.981
13	Cc1nc(Oc2ccc(F)cc2)c2cc(OC)c(OCCO)cc2n1	1.0	1	0.785	0.973
13	O=C(c1ccncc1)c1cc(Cl)ccc1NS(=O)(=O)c1cc(F)ccc1	1.0	1	0.935	0.98
13	O=C(CCN1C(=O)c2ccccc2C1=O)c1ccc(F)cc1	1.0	1	0.914	0.989
13	Cc1cc(C(=O)c2cc(Cl)ccc2NS(=O)(=O)c2ccc(-c3cnco3)cc2)ccn1	1.0	1	0.835	0.956
13	Cc1ccc(S(=O)(=O)NCc2cccc(C(F)(F)F)c2)cc1	1.0	1	0.783	0.988
13	COc1ccc(S(=O)(=O)Nc2ccc(Cl)cc2C(=O)c2ccncc2)cc1	1.0	1	0.908	0.983
13	CC(C)(C)COc1nc(Cl)cnc1NS(=O)(=O)c1cccc(Cl)c1Cl	1.0	1	0.858	0.934
13	COc1nc(Br)cnc1NS(=O)(=O)c1cc(N)c(N)cc1Cl	1.0	1	0.9	0.92
13	CS(=O)(=O)c1cc(S(=O)(=O)NC2CCN(Cc3cccc(C(F)(F)F)c3)CC2)ccc1	1.0	1	0.6	0.97
13	CCc1ccc(S(=O)(=O)Nc2ccc(Cl)cc2C(=O)c2ccncc2)cc1	1.0	1	0.918	0.981
14	COc1nc(CO)c(C)c(NS(=O)(=O)c2ccc(Cl)cc2)c1	1.0	1	0.806	0.965
14	Cc1ccc(S(=O)(=O)NC(=O)NCC(=O)NCCNC(=O)c2ccccc2)cc1	1.0	1	0.407	0.982
14	CCCC(=O)Nc1ccc(C(=O)NCC2CCCO2)cc1	1.0	1	0.667	0.972
14	Cc1ccccc1C(=O)O	1.0	0	0.331	0.996
14	COc1c(C)nc(N2C(=O)c3c(C2=O)c(NS(=O)(=O)c2ccc(C(C)(C)C)cc2)ccc3Cl)cc1	1.0	1	0.659	0.933
14	Cc1ncccc1C(=O)c1ccc(Oc2ccccc2)cc1	1.0	1	0.808	0.989
14	CC(C)(C)c1ccc(S(=O)(=O)Nc2ccc(Cl)cc2-c2nnco2)cc1	1.0	1	0.956	0.963
14	O=C(c1cccnc1)c1cc(Cl)ccc1NS(=O)(=O)c1ccc(Cl)cc1	1.0	1	0.921	0.983
14	Cc1cc(Nc2nc(Cl)cc(Nc3ccc(S(=O)(=O)C(C)(C)C)cc3)n2)ccc1	1.0	1	0.648	0.959
14	O=C(O)c1c(Oc2ncccc2N)ccc1C	0.0	0	0.0	0.0
14	CC(=O)C1=C(O)C(=O)N(c2cc(Br)ccc2)C1c1ccccc1	1.0	1	0.999	0.952
14	COc1ccc(S(=O)(=O)Nc2ccc(Cl)cc2C(=O)c2ccncc2)cc1	1.0	1	0.908	0.983
14	CNc1nc2c(-c3cc(Cl)ccc3)c(NC(=O)N3CCCC3)ccc2n1	0.0	0	0.0	0.0
14	CC(=O)c1ccc(S(=O)(=O)Nc2ccc(Br)cc2C(=O)c2ccncc2)cc1	1.0	1	0.898	0.978
14	Cc1cccc(N2C(=O)c3ccccc3C3(C2)C(=O)N(c2ccccc2)C3=O)c1	1.0	1	0.866	0.9
14	CCc1ccc(N=S(=O)(O)c2ccc(C(=O)O)cc2)cc1	1.0	1	0.872	0.921
14	CC1CCN(C(=O)C(CCn2ccnc2)NS(=O)(=O)c2cc(Cl)c(N)c(Cl)c2)CC1	1.0	1	0.906	0.854
14	CCC(=O)N1CCC(NS(=O)(=O)c2ccc(NC(=O)c3ccccc3C)c3ccccc23)CC1	1.0	1	0.521	0.97
14	COc1nccnc1N1CC2CN(C(=O)C3CCCC3)CC2C1	1.0	1	0.852	0.813
14	COc1nn(C)c2c1c(NS(=O)(=O)c1cccc(Cl)c1)ncn2	1.0	1	0.904	0.955
14	c1ccc(COC2CCN(CC3CC3CCN3CCOCC2)C2)cc2cc1	0.0	0	0.0	0.0
14	O=C(O)c1c(-c2ccccc2)c2ncccc2c1	0.0	0	0.0	0.0
14	Cc1ccc(N2C(=O)SC(=Cc3ccccn3)C2=O)cc1	1.0	1	0.894	0.975
14	CC(=O)c1c2c(nccc1Nc1ccc(N3CCOCC3)cc1)CCC(O)=C2C(=O)OC	0.0	0	0.0	0.0
14	CC(=O)C1=C(O)C(=O)N(c2cc(Br)c(C)cc2)C1C1CCCCC1	1.0	1	0.997	0.891
14	CS(=O)(=O)c1cc(N2CCC3C(C2)c2ccccc23)c(=O)ccc1[nH]c2ccccc21	0.0	0	0.0	0.0
14	CC(=O)C1=C(O)C(=O)N(c2ccc(Br)cc2F)C1c1cc(Br)ccc1	1.0	1	0.999	0.918
14	O=C(NCCN1CCCCC1)c1ccc(Oc2ncc(Cl)cc2NS(=O)(=O)c2cc(Cl)c(Cl)cc2)cc1	1.0	0	0.005	0.959
14	CC(=O)C1=C(O)C(=O)N(c2cc(Cl)cc(Cl)c2)C1C1CCCCC1	1.0	1	0.915	0.894
14	N#Cc1cccn1Cc1cnc(-c2c(C#N)cccc2)nc1	1.0	1	0.824	0.942
14	CCNC(=O)N1CCC(NS(=O)(=O)c2ccc(NC(=O)c3ccccc3C)c3ccccc23)CC1	1.0	1	0.534	0.967
14	CC1CCN(C(=O)C(CCn2nccc2Cl)NS(=O)(=O)c2cc(Cl)c(N)c(Cl)c2)CC1	1.0	1	0.858	0.806
14	COc1nc2ccccc2c1Oc1ccc(F)cc1F	0.0	0	0.0	0.0
14	Cc1ncc(C(=O)c2cc(Cl)ccc2NS(=O)(=O)c2ccc(OC(C)C)cc2)cc1	1.0	1	0.897	0.974
14	COc1ncc(Cl)nc1NS(=O)(=O)c1cccc(Cl)c1Cl	1.0	1	0.91	0.955
14	O=C(O)c1ccccc1Oc1ccc(F)cc1NS(=O)(=O)c1cccc(Br)c1	1.0	1	0.971	0.98
14	CC(C)(C)c1ccc(S(=O)(=O)Nc2ccc(Cl)cc2C(=O)c2cc[n+]([O-])cc2)cc1	1.0	1	0.89	0.958
14	COc1nn(C)c2c1c(NS(=O)(=O)c1cccc(Cl)c1Cl)nc(NC(C)(C)B)n2	1.0	1	0.899	0.844
14	CC(=O)c1ccc(S(=O)(=O)N(C)N2C(=O)c3ccccc3C2=O)cc1	1.0	1	0.933	0.963
14	CCc1ccc(S(=O)(=O)Nc2ccc(Br)cc2C(=O)c2ccncc2)cc1	1.0	1	0.917	0.98
14	Cc1ccc(C(=O)c2cc(Cl)ccc2NS(=O)(=O)c2ccc(C(C)(C)C)cc2)cc1	1.0	1	0.904	0.982
14	COc1nc(Br)cnc1NS(=O)(=O)c1ccc(Cl)s1	1.0	1	0.937	0.934
14	COc1cccc2c1c(NS(=O)(=O)c1cccc(Cl)c1)nn2Cc1cccc(Oc2ccccc2)c1	1.0	0	0.005	0.964
14	COc1ccc(NS(=O)(=O)c2ccc(Cl)cc2)cc1	1.0	1	0.8	0.994
14	CC(=O)C1=C(O)C(=O)N(c2ccc(Br)cc2F)C1c1cc(Br)ccc1	1.0	1	0.999	0.918
14	Cc1c(C(=O)c2cc(Cl)ccc2NS(=O)(=O)c2ccc(OC(C)(C)C)cc2)ccc[n+]1	1.0	1	0.799	0.831
14	Cc1ccc(N2C(=O)C(O)=C(C(=O)CC(C)C)C2c2ccc(C(C)(C)C)cc2)cc1	1.0	1	0.996	0.923
14	O=C(O)c1c(Oc2cccc(F)c2NS(=O)(=O)c2ccc(Cl)c(C(F)(F)F)c2)ccc(c1	0.0	0	0.0	0.0
14	Cc1c(C(=O)Nc2ccc(S(=O)(=O)NC3CCN(C(=O)N4CCCC4)CC3)c3c2cccc3)cccc1	1.0	0	0.005	0.962
14	Cn1nc(C(=O)Nc2ccc(S(=O)(=O)NC3CCCCC3)cc2)cc1Cl	1.0	1	0.61	0.967
14	COC(=O)CCc1ccc(S(=O)(=O)Nc2ccc(Cl)cc2C(=O)c2ccncc2)cc1	1.0	1	0.83	0.975
14	CCC(CC)Cc1ccc(S(=O)(=O)Nc2ccc(-c3ccccc3OC)cc2)cc1	1.0	1	0.747	0.982
14	CC(=O)C1=C(O)C(=O)N(Cc2ccccc2)C1C1CCCCC1	1.0	1	0.983	0.934
14	CC(C)Oc1ccc(S(=O)(=O)Nc2ccc(Cl)cc2C(=O)c2cccnc2)cc1	1.0	1	0.881	0.977
14	O=C(O)c1ccccc1Oc1ccc(Cl)cc1NS(=O)(=O)c1ccc(Cl)cc1	1.0	1	0.972	0.984
14	N#Cc1c(CS(=N)(=O)c2ccccc2)n(CC[N+](C)(C)C)ccc1	0.0	0	0.0	0.0
14	COc1nn(C)c2c1cc(C(=O)NC1CCN(CCF)CC1)n2Cc1cc(F)ccc1	1.0	1	0.843	0.914
14	CCCCc1nc2nc(N)nn2c(O)c1Cc1cccc(Cl)c1	1.0	1	0.999	0.935
14	O=S1(=O)NC(Nc2ccccc2-c2ccccc2)Cc2c1cccc2-c1ccc(OC(F)(F)F)cc1	1.0	0	0.005	0.817
14	Cc1nnnn1Cc1ccc(Cl)cc1NS(=O)(=O)c1c(Cl)c(Cl)ccc1	1.0	1	0.888	0.955
14	CCOC(=O)N1CCC(NS(=O)(=O)c2c(C)ccc3c2cnn3Cc2ccccc2)CC1	1.0	1	0.766	0.956
14	CCCCC(=O)NCCC1CCC(NS(=O)(=O)c2ccc(Cl)cc2)CC1	1.0	1	0.728	0.978
14	COc1c(NS(=O)(=O)c2c(Cl)c(C)ccc2Cl)cccc1	1.0	1	0.844	0.982
14	CC(=O)C1=C(O)C(=O)N(c2ccc(F)cc2C)C1c1ccccc1	1.0	1	0.995	0.946
14	CNc1nc(-c2cc(Cl)c(NS(=O)(=O)c3ccc(C)cc3)cc2)ccc1Cl	1.0	1	0.806	0.974
14	Cc1ncc(C(=O)c2cc(Cl)ccc2NS(=O)(=O)c2ccc(C(C)(C)c3cnco3)cc2)cc1	1.0	1	0.807	0.921
14	CCCCCc1ccc(C(=O)Nc2ccc(S(=O)(=O)NC3CCN(C(=O)CCC)CC3)cc2)cc1	1.0	1	0.43	0.975
14	CC(=O)C1=C(O)C(=O)N(c2cc(Br)ccc2)C1c1ccc(CF)cc1	1.0	1	0.999	0.92
14	Cc1ncnc(C(Cc2ccc(Cl)cc2)c2ccccc2)c1	1.0	1	0.969	0.949
14	NS(=O)(=O)c1ccc(C(=O)c2c(Cl)ccc(NC(=O)Nc3c(C(C)(C)C)noc3C3=CCOCC3)c2)cc1	1.0	0	0.005	0.87
14	COc1cc(Oc2c(Cl)cc(Cl)cc2NS(=O)(=O)c2ccc(CO)cc2)ccc1	1.0	1	0.927	0.976
14	CCn1nc2ncnc(NS(=O)(=O)c3ccc(Cl)cc3)c2c1F	1.0	1	0.894	0.933
14	CCOC(=O)N1CCC(NS(=O)(=O)C(C)C)CC1	1.0	1	0.829	0.973
14	CCC(=O)C1=C(O)C(=O)N(c2ccc(C)cc2)C1c1ccc(Cl)cc1	1.0	1	0.998	0.946
14	O=S(=O)(Nc1ncnc2n[nH]c(O)c12)c1c(Cl)c(Cl)ccc1[nH]1	0.0	0	0.0	0.0
14	N#Cc1ccc(CN2C(=O)c3c(C(=O)NCc4ccccc4)n(CCn4ccnc4)c(=O)c3[nH]2)cc1	0.0	0	0.0	0.0
14	CC(=O)C1=C(O)C(=O)N(c2cc(F)ccc2)C1C1CCCCCCC1	1.0	1	0.993	0.917
14	CCCCCCCc1nc2nc(N)nn2c(O)c1Cc1cccc(Cl)c1	1.0	1	0.999	0.937
14	CC(=O)c1ccc(S(=O)(=O)Nc2ccc(Br)cc2C(=O)c2ccncc2)cc1	1.0	1	0.898	0.978
14	COc1nc(Oc2ccc(OC(C)(C)C)cc2)ccc1Cl	1.0	1	0.898	0.975
14	CS(=O)(=O)Nc1cc(C2CCN(C(=O)CCCN3CCCCC3)CC2)ccc1Cl	1.0	1	0.529	0.967
14	Cc1cccc2c1c(NS(=O)(=O)c1ccc(Cl)cc1)nn2Cc1cccc(C(F)F)c1	1.0	1	0.878	0.955
14	CC1CCN(C(=O)C(CCn2nccc2Cl)NS(=O)(=O)c2cc(Cl)c(N)c(Cl)c2)CC1	1.0	1	0.858	0.806
14	O=C(c1ccncc1)c1cc(Cl)ccc1NS(=O)(=O)c1ccc(OC(F)(F)F)cc1	1.0	1	0.886	0.973
14	O=C(c1ccncc1)c1cc(Cl)ccc1NS(=O)(=O)c1ccc(-c2ncco2)cc1	1.0	1	0.848	0.964
14	Cc1ccc(C(=O)c2cc(Cl)ccc2NS(=O)(=O)c2ccc(C(C)(C)C)cc2)cc1	1.0	1	0.904	0.982
14	COc1nc(Br)cnc1NS(=O)(=O)c1cc(Cl)ccc1Cl	1.0	1	0.88	0.957
14	CCN(CC)Cc1ccc(C(=O)c2ccccc2)cc1	1.0	1	0.883	0.992
14	O=S(=O)(Nc1cc(Cl)ccc1Cn1cncn1)c1csc2c1cccc2	1.0	1	0.889	0.953
14	CCc1ccc(C(=O)Nc2cc(Cl)ccc2C(=O)c2ccncc2)cc1	1.0	1	0.758	0.986
14	CS(=O)(=O)c1cc(S(=O)(=O)NCCN2CCCCC2)ccc1C(=O)c1ccccc1	1.0	1	0.704	0.972
14	O=S(=O)(Nc1cc(Cl)ccc1Cn1ccnn1)c1cccc(C(F)(F)F)c1	1.0	1	0.923	0.958
14	O=C(c1ccncc1)c1cc(Cl)ccc1NS(=O)(=O)c1cc(F)ccc1	1.0	1	0.935	0.98
14	Cc1ccc(-n2c(O)cc(Cc3ccccc3)c2O)cc1	1.0	1	0.911	0.977
14	COc1nc(Br)cnc1NS(=O)(=O)c1cc(Cl)ccc1Cl	1.0	1	0.88	0.957
14	Cc1ccc(N2C(=O)C(O)=C(C(=O)C3CC3)C2C2CCCCC2)cc1	1.0	1	0.996	0.914
14	CC(=O)C1=C(O)C(=O)N(c2ccc(C)cc2)C1c1ccccc1	1.0	1	0.998	0.963
14	CC(C)C(=O)N1CCC(NS(=O)(=O)c2ccc(Cl)cc2)CC1	1.0	1	0.838	0.983
14	O=C(c1cnccc1)c1cc(Cl)ccc1NS(=O)(=O)c1ccc(N2CCOCC2)cc1	1.0	1	0.818	0.973
14	N#Cc1cc(F)c(N2C(=O)N(c3cccc(C(F)(F)F)c3)C3CC23)cc1	1.0	1	0.845	0.792
15	Cc1ccc(N2C(=O)C(O)=C(C(=O)C(C)(C)C)C2C2CCCCC2)cc1	1.0	1	0.998	0.901
15	O=C(c1ccncc1)c1cc(Cl)ccc1NS(=O)(=O)c1ccc(-c2cnco2)cc1	1.0	1	0.756	0.964
15	Cc1nc2nc(N)nn2c(O)c1Cc1cc(Br)c(N(C)C)cc1	1.0	1	0.999	0.915
15	CNS(=O)(=O)c1ccc(CNC(=O)c2ccccc2)cc1	1.0	1	0.787	0.992
15	COc1nc(Cl)ncc1NS(=O)(=O)c1cc(Cl)c(Cl)cc1	1.0	1	0.803	0.964
15	CC(=O)C1=C(O)C(=O)N(c2cc(OC)ccc2)C1C1CCCCC1	1.0	1	0.93	0.923
15	CC1(c2ccc(S(=O)(=O)Nc3ccc(Cl)nc3)cc2)CCC(NS(=O)(=O)c2ccc(Cl)cc2)C1	1.0	1	0.543	0.796
15	Cc1cc(C(=O)c2c(C)c(NCC(=O)O)ncc2)ccc1Cl	1.0	1	0.935	0.968
15	O=S(=O)(Nc1ncc(Cl)nc1OCc1cc(Br)ccc1)c1ccccc1Cl	1.0	1	0.9	0.961
15	O=C(O)c1cc(Oc2ncc(Cl)cc2NS(=O)(=O)c2ccc(Cl)c(Cl)c2)cnc1	1.0	1	0.893	0.958
15	CC(=O)Nc1cc(C(=O)NCc2ccc(Cl)cc2)ccc1Cl	1.0	1	0.739	0.991
15	COc1nc(CO)c(F)nc1NS(=O)(=O)c1cccc(Cl)c1Cl	1.0	1	0.907	0.931
15	CS(=O)(=O)c1cc(NS(=O)(=O)c2ccc(Cl)cc2)c(C(=O)Nc2ccc(Cl)cc2)cc1	1.0	1	0.787	0.982
15	CC(=O)C1=C(O)C(=O)N(c2cc(F)cc(F)c2)C1C1CCCCC1	1.0	1	0.997	0.889
15	Cc1ccc(OS(=O)(=O)c2ccc(NCCC(=O)O)cc2)cc1	1.0	1	0.797	0.985
15	COCCOc1nc(Br)cnc1NS(=O)(=O)c1cc(Cl)c(Cl)s1	1.0	1	0.898	0.896
15	CC(=O)C1=C(O)C(=O)N(c2cc(F)ccc2F)C1C1CCCCC1	1.0	1	0.997	0.895
15	O=C(O)c1cccc(C(=O)c2c(Cl)cc(Cl)cc2S(=O)(=O)c2cccc(C(F)(F)F)c2)c1	1.0	1	0.862	0.957
15	Cc1c[n+]([O-])cc(C(=O)c2cc(Cl)ccc2NS(=O)(=O)c2ccc(C(C)(C)C)cc2)c1	1.0	1	0.876	0.945
15	CNc1ncc(C(=O)Nc2cc(Cl)ccc2CNS(=O)(=O)c2ccc(C(C)(C)C)cc2)cc1	1.0	1	0.797	0.965
15	Cc1ccc(S(=O)(=O)NC(=O)N2CCC(N3CCCCC3)CC2)cc1	1.0	1	0.64	0.977
15	O=S1(=O)NC(Nc2ccccc2-c2ccccc2)=Nc2c1cc(Cl)cc21	0.0	0	0.0	0.0
15	CC(=O)C1=C(O)C(=O)N(c2ccc(Cl)cc2)C1C1CCCCC1	1.0	1	0.978	0.927
15	Cc1c(C(=O)c2cc(Cl)ccc2NS(=O)(=O)c2ccc(OC(C)C)cc2)ccc[n+]1[O-]	1.0	1	0.897	0.949
15	Cc1nn2c(O)c(Cc3cccc(Cl)c3)c(C3CC3)nc2n1	1.0	1	0.999	0.93
15	CC(=O)C1=C(O)C(=O)N(c2cc(Cl)ccc2)C1C1CCCCC1	1.0	1	0.998	0.92
15	CCCCc1nc2nc(N)nn2c(O)c1Cc1cccc(C)c1	1.0	1	0.998	0.937
15	O=[N+]([O-])c1ccc(NS(=O)(=O)c2ccc(Cl)cc2)cc1	1.0	1	0.836	0.991
15	CC(C)(C)c1ccc(S(=O)(=O)Nc2ccc(Cl)cc2-c2ccc[n+]([O-])c2)cc1	1.0	1	0.935	0.957
15	CCOC(=O)N1CCC(NS(=O)(=O)c2cccc3c2cccc3NC(=O)CC)CC1	1.0	1	0.79	0.971
15	COc1c(Oc2cc(Cl)c(NS(=O)(=O)c3ccc(Cl)cc3)cc2)ccc(C(=O)NN)c1	1.0	1	0.634	0.976
15	Cc1c(C(=O)c2cc(Cl)ccc2NS(=O)(=O)c2ccc(Cl)cc2)cccc1	1.0	1	0.946	0.985
15	CC(C)(C)c1ccc(S(=O)(=O)Nc2ccc(Cl)c3c2C(=O)N(Cc2cnccc2)C3=O)cc1	1.0	1	0.619	0.954
15	CCCC(=O)C1=C(O)C(=O)N(c2cc(C)ccc2)C1C1CCCCC1	1.0	1	0.998	0.901
15	N#CC1(c2ccc(Cl)cc2)CCN(CCCNS(=O)(=O)c2ccc(Cl)s2)CC1	1.0	1	0.639	0.941
15	CS(=O)(=O)c1ccc(C(=O)NCc2cnccc2)cc1	1.0	1	0.779	0.99
15	Cc1ccc(S(=O)(=O)Nc2ccc(F)cc2C(=O)c2ccncc2)cc1	1.0	1	0.925	0.983
15	Cc1c(C(=O)c2cc(Cl)ccc2NS(=O)(=O)c2ccc(S(C)(=O)=O)cc2)cccn1	1.0	1	0.891	0.972
15	CNS(=O)(=O)c1ccc(CNC(=O)c2cccc3c2cnn3-c2ccc(F)cc2)cc1	1.0	1	0.635	0.975
15	CCCOc1ccc(C(=O)Nc2ccc(S(=O)(=O)NC3CCN(C(=O)CCC)CC3)cc2)cc1	1.0	1	0.457	0.976
15	Cc1c(S(=O)(=O)NC(=O)c2ccccc2NS(=O)(=O)c2ccc(Cl)cc2)cccc1	1.0	1	0.825	0.982
15	O=S(=O)(Nc1ncc(Cl)nc1OCc1ccc(Cl)cc1)c1cc(Cl)ccc1	1.0	1	0.862	0.968
15	Cc1c(C(=O)c2cc(Cl)ccc2NS(=O)(=O)c2ccc(OC(C)C)cc2)ccc[n+]1[O-]c	0.0	0	0.0	0.0
15	O=C(c1cccnc1)c1cc(Cl)ccc1NS(=O)(=O)c1ccc(Cl)cc1	1.0	1	0.921	0.983
15	CC(C)c1nc2nc(N)nn2c(O)c1Cc1cc(Cl)cc(Cl)c1	1.0	1	1.0	0.908
15	C1OC(C)(CS(=O)(=O)c2ccc(Cl)c(Cl)c2)C1	1.0	1	0.914	0.89
15	COc1cc(C(=O)NCCN2CCCCC2)ccc1Cl	1.0	1	0.842	0.989
15	CS(=O)(=O)c1cc(NS(=O)(=O)c2cccc(Cl)c2)c(N)cc1	1.0	1	0.775	0.981
15	Cc1cccc(C(=O)c2cc(Cl)ccc2NS(=O)(=O)c2ccc(OC(C)C)cc2)c1	1.0	1	0.9	0.98
15	O=S(=O)(Nc1cc(Cl)ccc1NS(=O)(=O)c1ccc(Cl)cc1)c1cc(Cl)c(Cl)cc1	1.0	1	0.788	0.979
15	CNS(=O)(=O)c1ccc(CNC(=O)c2cccc(C(=O)c3ccccc3)c2)cc1	1.0	1	0.626	0.986
15	COSC(=O)NCCCNC(=O)Nc1ccccc1OC	1.0	1	0.653	0.962
15	O=C(NS(=O)(=O)c1cccc(C(F)(F)F)c1)c1ccccc1	1.0	1	0.703	0.988
15	CC(C)(C)c1ccc(S(=O)(=O)Nc2ccc(Cl)cc2C(=O)c2ccnc(Cl)c2)cc1	1.0	1	0.884	0.971
15	COc1nn(C)c2c1c(NS(=O)(=O)c1ccc(Cl)c(C)c1)ccn2	1.0	1	0.817	0.957
15	CS(=O)(=O)Nc1cc(C(=O)NCCN2CCCCC2)ccc1Cl)c1ccccc1	0.0	0	0.0	0.0
15	CCNS(=O)(=O)c1ccc(CNC(=O)c2ccccc2)cc1	1.0	1	0.743	0.991
15	CC(=O)C1=C(O)C(=O)N(c2cc(F)ccc2F)C1c1ccc(C)cc1	1.0	1	0.999	0.935
15	O=S(=O)(Nc1ncc(Cl)nc1OCc1cc(Br)ccc1)c1ccc(Cl)c(Cl)c1	1.0	1	0.925	0.958
15	Cc1cc(Cl)ccc1NS(=O)(=O)c1ccc(Cl)c(Cl)c1	1.0	1	0.86	0.988
15	O=C(O)c1ccccc1Oc1ccc(Cl)cc1NS(=O)(=O)c1ccc(Cl)c(C(F)(F)F)c1	1.0	1	0.951	0.971
15	Cc1ccc(C(=O)c2cc(Cl)ccc2NS(=O)(=O)c2ccc(C3(C)CCOCC3)cc2)cc1	1.0	1	0.835	0.959
15	CC(=O)C1=C(O)C(=O)N(c2cccc(C)c2)C1C1CCCCC1	1.0	1	0.933	0.922
15	N#Cc1cc(C(=O)Nc2cc(Cl)ccc2NS(=O)(=O)c2ccc(NC(=O)c3ccccc3)cc2)ccc1	1.0	0	0.005	0.976
15	CC(=O)C1=C(O)C(=O)N(c2cc(F)ccc2)C1C1CCCCC1	1.0	1	0.998	0.917
15	CC(=O)C1=C(O)C(=O)N(c2cc(F)ccc2)C1c1ccc(Cl)cc1	1.0	1	0.998	0.95
15	O=[N+]([O-])CC(=O)N1CCC(NS(=O)(=O)c2ccc(Cl)cc2)CC1	1.0	1	0.778	0.965
15	O=C(c1cnccc1)c1cc(Cl)ccc1NS(=O)(=O)c1ccc(S(=O)(=O)NCCCN2CCCCC2)cc1	1.0	0	0.005	0.958
15	CC(=O)C1=C(O)C(=O)N(c2cc(F)ccc2N2CCCC2)C1c1ccc(Cl)cc1	1.0	1	0.993	0.915
15	CNC(=O)c1cc(Cn2nc(NS(=O)(=O)c3ccc(Cl)s3)c3c2cccc3)ccc1	1.0	1	0.835	0.96
15	O=S(=O)(Nc1ncc(Cl)nc1OCc1cc(Br)ccc1)c1cccc(Cl)c1Cl	1.0	1	0.952	0.951
15	O=C(NC1CCN(Cc2cccc(Cl)c2)CC1)c1ccc(Cl)cc1N	1.0	1	0.573	0.983
15	N#CC1(c2ccc(Cl)cc2)CCN(Cc2ccccc2)CC1	1.0	1	0.964	0.979
15	CC(C)Sc1ccc(C(=O)Nc2ccc(Cl)c(C(F)(F)F)c2)cc1	1.0	1	0.653	0.981
15	CC(C)(C)c1ccc(S(=O)(=O)Nc2ccc(S(=O)(=O)N3CCCC3)cc2)cc1	1.0	1	0.628	0.983
15	Cc1ccc(S(=O)(=O)NC(CCn2cccc2C)C(=O)c2ccccc2)c2ccccc12	1.0	1	0.854	0.903
15	O=S(=O)(Nc1cc(Cl)ccc1Cn1ccnn1)c1ccc(Cl)c(Cl)c1	1.0	1	0.932	0.963
15	O=C(O)c1ccc(Oc2ccc(Cl)cc2NS(=O)(=O)c2ccc(C(C)(Cl)Cl)cc2)cc1	1.0	1	0.953	0.966
15	CS(=O)(=O)Nc1cc(C(=O)NCCN2CCCCC2)ccc1Cl	1.0	1	0.677	0.983
15	CC(=O)C1=C(O)C(=O)N(c2cc(F)ccc2F)C1c1ccc(Cl)cc1	1.0	1	0.999	0.933
15	O=C(NCCN1CCNCC1)c1cc(Oc2ccc(NC(=O)C3CC3)cc2)ccc1	1.0	1	0.551	0.979
15	CC(=O)C1=C(O)C(=O)N(c2cc(F)ccc2)C1C1CCCCC1	1.0	1	0.998	0.917
15	CC(=O)C1=C(O)C(=O)N(c2cnc(C)cc2)C1C1CCCCC1	1.0	1	0.914	0.889
15	COc1c(C(=O)NCCN2CCCCC2)nc2ccc(Br)cc2c1Cl	1.0	1	0.83	0.965
15	O=[N+]([O-])c1cc(C(=O)NC2CCCCNC2)ccc1Cl	1.0	1	0.814	0.948
15	COc1cc2c(ccc1=O)OC(=O)N2Cc1cc(Br)ccn1	1.0	1	0.898	0.941
15	CC(=O)c1ccc(S(=O)(=O)Nc2ccc(Cl)cc2C(=O)c2ccncc2)cc1	1.0	1	0.883	0.98
15	CC(=O)C1=C(O)C(=O)N(c2cc(F)ccc2F)C1c1ccc(Cl)cc1	1.0	1	0.999	0.933
15	COc1nc2c(cc1OCc1ccccc1)CCN(C(=O)c1ccccc1)C2=O	1.0	1	0.717	0.968
15	CCCCNS(=O)(=O)c1cc(C(=O)NCCNc2ccc(Cl)cc2C(=O)N2CCOCC2)ccc1Cl	1.0	0	0.005	0.959
15	CC(=O)Nc1ccc(S(=O)(=O)Nc2ccc(Cl)cc2C(=O)c2c[n+]([O-])c(C)cc2)cc1	1.0	1	0.871	0.954
15	CC(=O)C1=C(O)C(=O)N(c2ccc(C)cc2)C1c1ccccc1	1.0	1	0.998	0.963
15	Cc1ccc(C(=O)Nc2cc(C)ccc2C(=O)c2ccncc2)cc1	1.0	1	0.766	0.987
15	COc1c(S(=O)(=O)NCc2cccc(C(F)(F)F)c2)cccc1	1.0	1	0.807	0.986
15	Cc1ccc(S(=O)(=O)Nc2ccc(Cl)cc2C(=O)c2ccncc2)cc1	1.0	1	0.93	0.983
15	CC(C)(C)c1ccc(S(=O)(=O)Nc2ccc(Cl)cc2-c2c(O)cccn2)cc1	1.0	1	0.848	0.97
15	Cc1cc(Oc2cccc(CNC(=O)c3ccccc3)c2)ccc1Cl	1.0	1	0.748	0.99
15	COc1c2c(NS(=O)(=O)c3ccc(Cl)s3)ncc(C(=O)c3ccccc3)c2ccc1	1.0	1	0.854	0.958
15	O=C(NCCN1CCCCCC1)c1cccc(Oc2ncc(Cl)cc2NS(=O)(=O)c2ccc(Cl)c(Cl)c2)c1	1.0	0	0.005	0.955
15	COc1cc2c(cc1NS(=O)(=O)c1c(Cl)c(Cl)ccc1)cn(CC(=O)O)c2	1.0	1	0.864	0.94
16	CC(=O)C1=C(O)C(=O)N(c2cc(F)c(C)cc2)C1C1CCCCC1	1.0	1	0.997	0.908
16	N#CC1(c2ccc(Cl)cc2)CCN(CCCN)CC1	1.0	1	0.92	0.962
16	CC(=O)C1=C(O)C(=O)N(c2cc(C)c(C)cc2)C1C1CCCCCCC1	1.0	1	0.993	0.915
16	CC(=O)Nc1cc(C(=O)NCCN2CCCCC2C)ccc1Cl	1.0	1	0.721	0.959
16	O=C(O)c1ccc(Oc2ccc(Cl)cc2NS(=O)(=O)c2cc(C(F)(F)F)ccc2)cc1	1.0	1	0.946	0.978
16	O=S(=O)(Nc1cc(Cl)ccc1Cn1ccnn1)c1ccccc1	1.0	1	0.874	0.973
16	N#Cc1c(C(=O)NC2CCN(Cc3ccccc3)CC2)cccc1C(=O)c1ccccc1	1.0	1	0.564	0.975
16	CCOc1ccc(C(=O)NCCc2[nH]c(-c3cccc(OC)c3)nc2C)cc1	1.0	1	0.639	0.973
16	Nc1nn2c(O)c(Cc3cccc(F)c3)c(C3CCCC3)nc2n1	1.0	1	1.0	0.924
16	O=S1(=O)NC(Nc2ccc(N3CCOCC3)cc2)=Nc2c1cc(Cl)cc2	1.0	1	0.53	0.925
16	CCCCCCCc1nc2nc(N)nn2c(O)c1Cc1ccccc1	1.0	1	0.999	0.949
16	Cc1ncccc1Oc1ncc(Cl)cc1NS(=O)(=O)c1ccc(Cl)s1	1.0	1	0.91	0.951
16	Nc1nn2c(O)c(Cc3ccc(Cl)c(F)c3)c(C3CC3)nc2n1	1.0	1	1.0	0.905
16	CCc1nc2nc(N)nn2c(O)c1Cc1cccc(Cl)c1	1.0	1	1.0	0.935
16	O=C(O)c1cc(Oc2ncc(Cl)cc2NS(=O)(=O)c2ccc(Cl)c(Cl)c2)cnc1	1.0	1	0.893	0.958
16	O=S(=O)(Nc1ncc(Cl)nc1Oc1cc(Cl)ccc1)c1ccccc1	1.0	1	0.957	0.97
16	CC(=O)C1=C(O)C(=O)N(c2c(C)c(C)n(C)c2C)C1C1CCCCC1	1.0	1	0.985	0.79
16	Nc1nn2c(O)c(Cc3cc(F)c(F)cc3F)c(N3CCOCC3)nc2n1	1.0	1	0.991	0.897
16	CC(C)c1nc(NS(=O)(=O)c2ccccc2)ccc1	1.0	1	0.812	0.984
16	C=CCOCc1ccc(Cl)cc1Oc1ccc(Cl)cc1NS(=O)(=O)c1ccc(Cl)c(CF)c1	1.0	1	0.958	0.939
16	COc1ccc(NC(=O)N2CCC(NS(=O)(=O)c3ccc(C)cc3)C3)cc2c1	0.0	0	0.0	0.0
16	CC(C)Cc1ccc(S(=O)(=O)Nc2ccc(Br)cc2C(=O)c2cccc(Cl)c2)cc1	1.0	1	0.899	0.978
16	CC(=O)C1=C(O)C(=O)N(c2ccc(Br)cc2F)C1C1CCCCC1	1.0	1	0.999	0.892
16	CCCC(=O)Nc1ccc(-c2cccc3c2c(N=O)c2ccccc23)cc1	0.0	0	0.0	0.0
16	CCCCCCCc1nc2nc(N)nn2c(O)c1Cc1cccc(Cl)c1	1.0	1	0.999	0.937
16	CC(=O)C1=C(O)C(=O)N(c2ccc(Br)cc2F)C1c1ccc(Br)cc1	1.0	1	0.998	0.925
16	CC(=O)C1=C(O)C(=O)N(c2ccc(Br)cc2F)C1c1ccc(Cl)cc1	1.0	1	0.999	0.932
16	CCCc1nc2nc(N)nn2c(O)c1Cc1cccc(C(=C)C#N)c1	1.0	1	0.999	0.859
16	COc1ccc(Nc2cc(Oc3ccc(C(=O)NCC(C)C)cc3)ccc2)cc1	1.0	1	0.616	0.987
16	O=C(c1ccncc1)c1cc(Cl)ccc1NS(=O)(=O)c1ccc(F)cc1	1.0	1	0.934	0.982
16	O=C(O)c1c(F)cc(C(=O)c2cc(Cl)c(Cl)cc2NS(=O)(=O)c2ccc(Cl)cc2)cc1	1.0	1	0.911	0.972
16	CCN(C(=O)CCc1ccccc1)C1CCN(CC2CN(C(C)(C)C)C(=O)N2C)C1	1.0	1	0.684	0.733
16	CC(=O)C1=C(O)C(=O)N(c2cnc(Cl)s2)C1C1CCCCC1	1.0	1	0.996	0.751
16	COC(=O)c1cccc(C(=O)c2ccccc2)c1C2	0.0	0	0.0	0.0
16	CC1CCN(C(=O)C(CCn2nccc2C#N)Cc2ccccc2)CC1	1.0	1	0.912	0.871
16	O=C(O)c1c(Oc2c(Cl)cc(Br)cc2)cccc1	1.0	1	0.892	0.989
16	Cc1ncc(C(=O)c2cc(Cl)ccc2NS(=O)(=O)c2ccc(OC(C)C)cc2)cc1	1.0	1	0.897	0.974
16	Cc1ncc(CO)c(NS(=O)(=O)c2ccc(Cl)cc2)c1	1.0	1	0.863	0.977
16	CC(=O)c1ccc(N2C(=O)c3c(C2=O)c(NS(=O)(=O)c2ccc(C(C)(C)C)cc2)ccc3Cl)cc1	1.0	1	0.622	0.956
16	CCc1c(OC)nc(NS(=O)(=O)c2ccc(Cl)cc2)cc1	1.0	1	0.829	0.979
16	CC(=O)C1=C(O)C(=O)N(c2cc(C)c(C)cc2)C1C1CCCCC1	1.0	1	0.998	0.916
16	O=[N+]([O-])c1c(Br)c(Cl)ccc1N=C(N1CCN(Cc2ccccc2)CC1)NS1(=O)=O	0.0	0	0.0	0.0
16	CCc1ccc(NS(=O)(=O)c2ccc(N3C(=O)c4ccccc4C3=O)c3ccccc23)cc1	1.0	1	0.723	0.976
16	CC(=O)N1CCC(NS(=O)(=O)c2ccc(NC(=O)c3ccc(Cl)s3)c3c2cccc3)CC1	1.0	1	0.688	0.962
16	CC1CCCCN1C(=O)C(CCn1cccc1C#N)NS(=O)(=O)c1ccc(Cl)c(Cl)c1	1.0	1	0.833	0.773
16	O=C(c1ccncc1)c1cc(Cl)ccc1NS(=O)(=O)c1ccc(Cl)cc1	1.0	1	0.927	0.983
16	Cc1c(C(=O)Nc2ccc(S(=O)(=O)NC3CCN(C(=O)CCCN)CC3)c3c2cccc3)cccc1	1.0	0	0.005	0.964
16	CC(=O)C1=C(O)C(=O)N(c2ccc(Cl)cc2)C1C1CCCCC1	1.0	1	0.978	0.927
16	O=C(c1ccncc1)c1cc(Cl)ccc1NS(=O)(=O)c1ccc(Cl)cc1	1.0	1	0.927	0.983
16	O=C(O)c1cc(Oc2ncc(Cl)cc2NS(=O)(=O)c2ccc(Cl)c(Cl)c2)ccc1	1.0	1	0.911	0.971
16	O=S1(=O)NC(Nc2ccccc2Cc2ccccc2)Cc2c1ccc(O)c2	1.0	1	0.848	0.84
16	COc1nc(Br)cnc1NS(=O)(=O)c1c(Cl)c(Cl)ccc1	1.0	1	0.892	0.95
16	CC(=O)c1ccc(S(=O)(=O)Nc2ccc(Br)cc2C(=O)c2ccncc2)cc1	1.0	1	0.898	0.978
16	CCCC(=O)Nc1ccc(C(=O)Nc2cccc(C)c2)cc1	1.0	1	0.598	0.993
16	N#Cc1cc(NS(=O)(=O)c2ccc(Cl)c(C(=O)c3ccncc3)c2)ccc1	1.0	1	0.779	0.975
16	Cc1cc(Oc2ccc(Cl)cc2NS(=O)(=O)c2ccc(Cl)c(C(F)(F)F)c2)ccc1	1.0	1	0.974	0.975
16	N#CC1(c2ccc(Cl)cc2)CC1(N)=NS(=O)(=O)c1ccccc1	0.0	0	0.0	0.0
16	O=S(=O)(Nc1cc(Cl)ccc1Cn1ccnn1)c1ccc(Cl)s1	1.0	1	0.887	0.947
16	CC(=O)C1=C(O)C(=O)N(c2ccc(C)cc2)C1C1CCCCC1	1.0	1	0.997	0.929
16	N#CSc1cc(Oc2cc(Cl)ccc2NS(=O)(=O)c2ccc(Cl)c(Cl)c2)ccc1	1.0	1	0.942	0.959
16	O=C(c1cnc(Cl)cc1)N1CCC(NS(=O)(=O)c2ccc(Cl)cc2)CC1	1.0	1	0.656	0.978
16	CC(C)(C)c1ccc(S(=O)(=O)Nc2ccc(Cl)cc2C(=O)c2cnc(S(C)(=O)=O)cc2)cc1	1.0	1	0.856	0.961
16	O=S(=O)(NC1CCN(Cc2ccccc2)CC1)c1ccccc1	1.0	1	0.724	0.99
16	COc1ccc(NS(=O)(=O)c2ccc(NC(=O)N3CCC(C)CC3)cc2)cc1	1.0	1	0.628	0.985
16	O=C(C1COc2ccccc2O1)N1CCCCC1	1.0	1	0.909	0.961
16	CCCCC(=O)c1cc(S(=O)(=O)Nc2c(C)cccc2)ccc1	1.0	1	0.803	0.988
16	COc1cc2c(cc1NS(=O)(=O)c1c(Cl)c(Cl)ccc1)nc(O)n2C1COC1	1.0	1	0.946	0.913
16	CCC(C)c1ccc(S(=O)(=O)Nc2ccc(Cl)cc2C(=O)c2c[n+]([O-])c(C)cc2)cc1	1.0	1	0.9	0.881
16	COc1cc(Oc2ccc(Cl)cc2NS(=O)(=O)c2ccc(Cl)c(C(F)(F)F)c2)c(C(C)(C)O)s1	1.0	1	0.963	0.885
16	N#Cc1ccc(Oc2ccc(Cl)cc2NS(=O)(=O)c2ccc(Cl)c(C(F)(F)F)c2)cc1	1.0	1	0.962	0.969
16	Cc1nc2nc(N)nn2c(O)c1Cc1cccc(Br)c1	1.0	1	0.999	0.943
16	CS(=O)(=O)Nc1ccc(C(=O)NCC(C)(C)C)cc1	1.0	1	0.708	0.985
16	COc1ccc(Cn2nc(NS(=O)(=O)c3ccc(Cl)s3)c3c2cccc3)cc1	1.0	1	0.846	0.97
16	CC(C)(C)c1ccc(S(=O)(=O)Nc2ccc(Cl)cc2-c2c(O)cccc2)cc1	1.0	1	0.939	0.979
16	O=S(=O)(NCCCN1CCC(O)(c2ccc(Cl)cc2)CC1)c1ccccc1	1.0	1	0.676	0.976
16	O=S(=O)(NCCCN1CCCCC1)c1ccc(Cl)cc1F	1.0	1	0.858	0.982
16	O=S(=O)(NCCCN1CCCC1)c1ccc(Cl)cc1Cl	1.0	1	0.803	0.983
16	c1ccc(COc2ccc(Cc3ncc(CCc4ccccc4)cc3)cc2)cc1	1.0	1	0.687	0.986
16	N#Cc1c(-c2ccc(Cl)cc2)c(Oc2ccc(Cl)cc2NS(=O)(=O)c2ccc(C(C)(C)C)cc2)cc1	0.0	0	0.0	0.0
16	O=S(=O)(Nc1cc(Cl)ccc1Cn1ccnn1)c1csc2c1cccc2	1.0	1	0.963	0.944
16	CC(C)c1nc2nc(N)nn2c(O)c1Cc1cc(Br)cc(C(C)C)c1	1.0	1	1.0	0.889
16	CCOc1ccc(N2C(=O)C(O)=C(C(C)=O)C2C2CCCCC2)cc1	1.0	1	0.998	0.926
16	N#Cc1cc(-c2cc(Cl)ccc2NS(=O)(=O)c2ccc(Cl)c(Cl)c2)ccc1	1.0	1	0.933	0.977
16	COc1c(NS(=O)(=O)c2ccc(Cl)s2)c(C)ccc1	1.0	1	0.84	0.977
16	CCCC(=O)Nc1ccc(C(=O)c2cc(Cl)ccc2)cc1	1.0	1	0.845	0.991
16	Nc1ccc(S(=O)(=O)NCc2ccccc2)cc1	1.0	1	0.873	0.992
16	CC(=O)C1=C(O)C(=O)N(c2ccc(Br)cc2F)C1c1ccc(C(F)(F)F)cc1	1.0	1	0.999	0.911
16	COc1nc(Br)cnc1NS(=O)(=O)c1cc(Cl)cc(Cl)c1	1.0	1	0.865	0.948
16	N#Cc1cc(S(=O)(=O)Nc2cc(Cl)ccc2Cn2ccnn2)ccc1	1.0	1	0.948	0.957
16	COC(=O)CCc1ccc(S(=O)(=O)Nc2ccc(Cl)cc2C(=O)c2ccncc2)cc1	1.0	1	0.83	0.975
16	COCCn1ncc2c1ccc(O)c2NCc1cc(Cl)ccc1	1.0	1	0.907	0.964
16	Cc1c(Cl)c(C(=O)Nc2cccc(O)c2)c2ccccc2n1	1.0	1	0.779	0.98
16	CC(=O)NCc1ccc(C(=O)NC(C)(C)COc2c(C)cccc2)cc1	1.0	1	0.782	0.98
16	CC(=O)Nc1ccc(S(=O)(=O)NCCc2ccc(Cl)cc2)cc1	1.0	1	0.741	0.99
16	Cc1cc(Oc2ccc(Cl)cc2NS(=O)(=O)c2ccc(C(C)(C)C)cc2)ccc1	1.0	1	0.974	0.982
16	Cc1nc2nc(N)nn2c(O)c1Cc1cccc(Cl)c1	1.0	1	0.999	0.95
16	COc1cccc2c1c(NS(=O)(=O)c1ccc(Cl)s1)nn2Cc1cccc(C(N)=O)c1	1.0	1	0.835	0.951
16	CCCC(=O)Nc1ccc(C(=O)Nc2cccc(C(C)C)c2)cc1	1.0	1	0.557	0.991
16	CCC(CC)Cc1ccc(S(=O)(=O)Nc2ccc(Cl)cc2C(=O)c2ccnc(C)c2)cc1	1.0	1	0.857	0.962
16	O=C(O)c1c(Oc2ccc(Cl)cc2NS(=O)(=O)c2ccc(Cl)cc2)cccc1	1.0	1	0.972	0.984
17	O=S(=O)(Nc1cc(C(F)(F)F)ccc1)C1CCC1	1.0	1	0.809	0.978
17	N#CCC1SC(=S)N(C(=O)c2ccccc2)C1=O	1.0	1	0.96	0.812
17	CS(=O)(=O)c1ccc(C(=O)Nc2cc(Cl)ccc2C(=O)c2ccccc2)cc1	1.0	1	0.696	0.987
17	O=C(O)c1cc(Oc2ncc(Cl)cc2NS(=O)(=O)c2ccc(Cl)c(Cl)c2)ccc1	1.0	1	0.911	0.971
17	NCC1CCC(NS(=O)(=O)c2ccc(Cl)cc2Cl)C1	1.0	1	0.922	0.892
17	COc1nc(CO)c(C)nc1NS(=O)(=O)c1cccc(Cl)c1	1.0	1	0.89	0.956
17	COc1cccc(N2C(=O)C(O)=C(C(C)=O)C2C2CCCCC2)c1	1.0	1	0.93	0.923
17	O=C(NCCN=Cc1ccccc1F)c1ccccc1	1.0	1	0.802	0.983
17	COc1c(-c2cc(Cl)ccc2NS(=O)(=O)c2ccc(NC(C)=O)cc2)cccc1	1.0	1	0.895	0.983
17	Cc1c(OCCCN(C)C)ccc(C(N)=O)c1	1.0	1	0.848	0.988
17	CC(C)(C)c1ccc(S(=O)(=O)Nc2ccc(Cl)cc2C(=O)c2cnc(Cl)cc2)cc1	1.0	1	0.903	0.972
17	C=CCN(S(=O)(=O)c1ccc(CN)cc1)C1CCN(C(=O)NC(C)c2ccccc2)CC1	1.0	1	0.663	0.906
17	O=C(c1ccncc1)c1cc(Cl)ccc1NS(=O)(=O)c1ccc(OC(F)(F)F)cc1	1.0	1	0.886	0.973
17	Cc1nccn1Cc1nc(-c2cc(Cl)ccc2)cs1	1.0	1	0.888	0.971
17	Cc1c(C(=O)c2cc(Cl)ccc2NS(=O)(=O)c2ccc(Cl)cc2)cccn1	1.0	1	0.938	0.979
17	Cc1nc(NCCNS(=O)(=O)c2ccc(Cl)cc2)c(C)cc1	1.0	1	0.823	0.98
17	CC(C)(C)c1ccc(S(=O)(=O)Nc2ccc(Br)cc2C(=O)c2ccccn2)cc1	1.0	1	0.868	0.974
17	COc1ncc(C(=O)O)c(Nc2ccc(Cl)cc2)c1N	1.0	1	0.965	0.969
17	Cc1[n+]([O-])cc(C(=O)c2cc(Cl)ccc2NS(=O)(=O)c2ccc(Cl)cc2)cc1	1.0	1	0.929	0.958
17	C#CCOC(=O)c1c(C)nc(C)c(C#N)c1NS(=O)(=O)c1ccc([N+](=O)[O-])cc1	1.0	1	0.895	0.915
17	Cc1ccccc1C(=O)c1cc(Cl)cc2c1NS(=O)(=O)c1ccccc1O2	1.0	1	0.795	0.936
17	CC(=O)C1=C(O)C(=O)N(c2ccc(C)cc2)C1c1ccc(Cl)cc1	1.0	1	0.999	0.958
17	CNc1nc(Br)cnc1NS(=O)(=O)c1ccc(Cl)s1	1.0	1	0.922	0.911
17	CCCc1nc2nc(N)nn2c(O)c1Cc1cccc(C)c1	1.0	1	1.0	0.936
17	O=C(O)c1ccccc1NS(=O)(=O)c1cccc(Cl)c1Cl	1.0	1	0.842	0.986
17	COc1c(N2C(=O)c3c(C2=O)c(NS(=O)(=O)c2ccc(C(C)(C)C)cc2)ccc3Cl)cccc1	1.0	1	0.639	0.959
17	CC(C)c1nc2nc(N)nn2c(O)c1Cc1cccc(Cl)c1	1.0	1	1.0	0.929
17	O=S(=O)(Nc1cc(Cl)c(Cl)cc1Cn1ccnn1)c1ccccc1	1.0	1	0.91	0.963
17	CC1CCN(C(=O)C(CCn2ccnc2)NS(=O)(=O)c2cc(Cl)c(N)c(Cl)c2)CC1	1.0	1	0.906	0.854
17	CC(C)c1nc2nc(N)nn2c(O)c1Cc1ccc(F)cc1	1.0	1	1.0	0.936
17	Cc1ncncc1CN(c1cc(C(=O)c2ccccc2)ccc1)C1CCC(NS(=O)(=O)c2ccc(C(C)(C)C)cc2)cc1	1.0	0	0.005	0.594
17	CS(=O)(=O)Nc1cc(C(=O)NCc2cccnc2)ccc1Cl	1.0	1	0.708	0.985
17	COc1c2c(NS(=O)(=O)c3ccc(Cl)s3)nn(Cc3cccc(CNC4CCC4)c3)c2ccc1	1.0	1	0.736	0.941
17	O=C(NCCN1CCCC1)c1ccccc1Oc1ccc(Cl)cc1NS(=O)(=O)c1ccc(Cl)c(Cl)c1	1.0	0	0.005	0.968
17	COC1COC(=O)C(C)C(=O)C(C)CSCC(NS(=O)(=O)c2ccc(C)cc2)C1O	1.0	1	0.857	0.212
17	O=S(=O)(NCCCN1CCCC1)c1ccccc1NS(=O)(=O)c1ccc(Cl)cc1	1.0	1	0.842	0.978
17	CC(=O)NC1CCN(Cc2ccc3ccccc3c2)CC1	1.0	1	0.916	0.988
17	O=C(O)c1c(Oc2ncccc2NC(=O)c2cccc3ccccc23)cccc1	1.0	1	0.904	0.982
17	O=S(=O)(Nc1cc(Cl)ccc1Cn1cncc1)c1ccccc1	1.0	1	0.95	0.978
17	CCN(Cc1ccccc1C(=O)O)C(=O)C(C)(C)N=C1C(=O)N(c2ccc(C)cc2)N1Cc1ccc(C)cc1	1.0	0	0.005	0.875
17	CC(C)c1nc2nc(N)nn2c(O)c1Cc1ccccc1	1.0	1	1.0	0.943
17	CC(=O)C1=C(O)C(=O)N(c2ccc(Br)cc2F)C1c1ccc(Cl)cc1	1.0	1	0.999	0.932
17	CC(=N)C(=O)c1ccccc1NS(=O)(=O)c1cc(Cl)c(Cl)cc1	1.0	1	0.888	0.97
17	CC(CCC(=O)NCCO)C1CC1	1.0	1	0.716	0.941
17	CC(=O)C1=C(O)C(=O)N(c2ccc(C)cc2)C1CO1	0.0	0	0.0	0.0
17	O=C(Nc1cc(Cl)cc(Cl)c1)c1cc(Br)ccc1NS(=O)(=O)c1ccc(Cl)cc1	1.0	1	0.748	0.98
17	COc1nc(Br)cnc1NS(=O)(=O)c1ccc(Cl)s1	1.0	1	0.937	0.934
17	CCCC(=O)Nc1ccc(C(=O)Nc2cccc(NC)c2)cc1	1.0	1	0.771	0.99
17	Cc1c(C(=O)c2cc(Cl)ccc2NS(=O)(=O)c2ccc(Cl)cc2)cccn1	1.0	1	0.938	0.979
17	O=C(O)c1c(Oc2cc(Cl)cc(Cl)c2NS(=O)(=O)c2ccc(Cl)cc2)cccc1	1.0	1	0.98	0.973
17	CC(=O)C1=C(O)C(=O)N(c2cccc3ccccc23)C1c1ccc(Cl)cc1	1.0	1	0.992	0.946
17	Cc1ccc(C(=O)c2cc(Cl)ccc2NS(=O)(=O)c2ccc(C3(C)CCOC(C)(C)C3)cc2)cc1	1.0	1	0.808	0.871
17	COc1ncc(F)nc1NS(=O)(=O)c1cccc(Cl)c1	1.0	1	0.91	0.959
17	CC(C)(C)c1ccc(S(=O)(=O)Nc2ccc(Cl)cc2C(=O)c2cnc(S(C)(=O)=O)cc2)cc1	1.0	1	0.856	0.961
17	Nc1nn2c(O)c(Cc3ccccc3)c(C3CCc4ccccc43)nc2n1	1.0	1	0.999	0.839
17	Cc1ccc(S(=O)(=O)Nc2cc(Cl)ccc2C(=O)c2ccncc2)cc1	1.0	1	0.861	0.982
17	CC(=O)CCOc1nc(Cl)cnc1NS(=O)(=O)c1cccc(Cl)c1	1.0	1	0.908	0.953
17	COc1nc(CO)c(NS(=O)(=O)c2ccc(Cl)cc2)cc1	1.0	1	0.854	0.974
17	Cc1nc(C)c(-c2cc(Cl)ccc2NS(=O)(=O)c2ccc(C(C)(C)C)cc2)cc1	1.0	1	0.929	0.971
17	CCCCCCCc1nc2nc(N)nn2c(O)c1Cc1cccc(Br)c1	1.0	1	0.999	0.931
17	CC(=O)C1=C(O)C(=O)N(c2ccc(Br)cc2F)C1c1ccccc1	1.0	1	0.996	0.939
17	COc1c(C)cccc1NS(=O)(=O)c1cc(Cl)ccc1	1.0	1	0.866	0.985
17	O=C(O)c1c(Oc2c(Cl)cccc2NS(=O)(=O)c2ccc(Cl)s2)cccc1	1.0	1	0.976	0.968
17	O=C(NCCN=C=S)c1ccc(Oc2ccccc2)cc1	1.0	1	0.764	0.978
17	Cc1ncc(C(=O)c2cc(Cl)ccc2NS(=O)(=O)c2ccc(C(C)(C)C)cc2)cc1	1.0	1	0.906	0.974
17	Cc1c(C(=O)c2cc(Cl)ccc2NS(=O)(=O)c2ccc(Cl)cc2)cccn1	1.0	1	0.938	0.979
17	COc1ccc(NS(=O)(=O)c2ccc(NC(=O)N3CCCCC3)cc2)cc1	1.0	1	0.651	0.987
17	COc1ccc(S(=O)(=O)Nc2ccc(Cl)cc2C(=O)c2ccncc2)cc1	1.0	1	0.908	0.983
17	O=C(O)c1c(F)cccc1Oc1ncc(Cl)cc1NS(=O)(=O)c1ccc(Cl)c(Cl)c1	1.0	1	0.947	0.96
17	O=C(NS(=O)(=O)c1ccccc1)N1CCC(N2CCC(Oc3ccc(Cl)cc3)CC2)CC1	1.0	1	0.473	0.966
17	CCCCCSCc1cc(OC)c(NC(=O)NC(=O)c2ccccc2)cc1	1.0	1	0.581	0.981
17	Cc1cc(C(=O)c2cc(Cl)ccc2NS(=O)(=O)c2ccc(Cl)cc2)ccn1	1.0	1	0.934	0.978
17	O=C(NCCc1c2c(cc3c1CCN3Cc1ccccc1)CCO2)NCCc1ccc(F)cc1	1.0	1	0.587	0.944
17	CC(C)NS(=O)(=O)c1cccc(CNC(=O)c2cccc3c2cnn3-c2ccc(F)cc2)c1	1.0	1	0.6	0.969
17	COc1c(Nc2ncc(Cl)c(O)c2=NCCO)ccc(F)c1	0.0	0	0.0	0.0
17	CC(=O)C1=C(O)C(=O)N(c2cc(Cl)ccc2)C1c1ccc(Cl)cc1	1.0	1	0.999	0.952
17	O=S(=O)(Nc1cc(Cl)c(C(F)(F)F)cc1)C1CCN(Cc2nnnn2Cc2ccccc2)C1	1.0	1	0.647	0.856
17	CCc1nc2nc(N)nn2c(O)c1Cc1ccccc1	1.0	1	0.945	0.949
17	O=S(=O)(Nc1c(Cl)cccc1)(c1ccccc1)	1.0	1	0.862	0.994
17	COc1c(S(=O)(=O)Nc2ccc(Cl)cc2C(=O)c2ccccc2)cncc1	1.0	1	0.895	0.978
17	O=C(c1c(O)cccc1O)c1ccccc1	1.0	1	0.777	0.989
17	O=C(NCCNC(=O)c1ccc(Oc2ccc(Cl)cc2NS(=O)(=O)c2ccc(Cl)c(Cl)c2)cc1	0.0	0	0.0	0.0
17	COc1cc2c(cc1NS(=O)(=O)c1c(Cl)c(Cl)ccc1)ccn2	0.0	0	0.0	0.0
17	Cc1c(C(=O)Nc2ccc(S(=O)(=O)NC3CCN(C(=O)CN)CC3)c3c2cccc3)cccc1	1.0	1	0.511	0.967
17	COc1c(NS(=O)(=O)c2ccc(Cl)s2)nccc1SCC	1.0	1	0.875	0.937
17	Cc1cc(NS(=O)(=O)c2ccc(Cl)s2)ccc1	1.0	1	0.9	0.985
17	CC(C)c1c[n+]2ccccc2c2ccccc12	1.0	1	0.801	0.948
17	Nc1cnc(C(=O)c2ccccc2)c(N)c1	1.0	1	0.773	0.977
17	CCCc1nc2nc(N)nn2c(O)c1Cc1cccc(C)c1	1.0	1	1.0	0.936
17	O=C(O)c1ccccc1Oc1ccc(Cl)cc1NS(=O)(=O)c1ccc(-c2cocn2)cc1	1.0	1	0.916	0.959
17	Cc1c(C(=O)c2cc(Cl)ccc2NS(=O)(=O)c2ccc(Cl)cc2C(F)(F)F)cccc1	1.0	1	0.894	0.971
17	Cc1ccc(C(=O)c2cc(Cl)ccc2NS(=O)(=O)c2ccc(C(C)(C)C)cc2)cc1	1.0	1	0.904	0.982
17	CC(=O)C1=C(O)C(=O)N(c2ccc(C)cc2)C1c1ccc(Cl)cc1	1.0	1	0.999	0.958
17	O=C(OCc1ccccc1)C1=C(O)C(=O)N(c2cc(Cl)ccc2)C1c1ccccc1	1.0	1	0.989	0.953
17	CCCC(=O)Nc1ccc(C(=O)Nc2cccc(C)c2C(=O)c2ccccc2)cc1	1.0	1	0.632	0.985
17	O=C(c1ccncc1)c1cc(Cl)ccc1NS(=O)(=O)c1ccc(Br)cc1	1.0	1	0.925	0.981
17	Cc1ccc(C(=O)c2cc(Cl)ccc2NS(=O)(=O)c2ccc(-c3cnco3)cc2)cc1	1.0	1	0.863	0.971
17	Cc1nnc(SCc2ccc(C(=O)c3ccccc3)cc2)n1Cc1ccc(Br)cc1	1.0	1	0.738	0.98
17	CC(C)c1nc2nc(N)nn2c(O)c1Cc1cccc(F)c1[BH-]	1.0	1	1.0	0.765
17	COc1nc(Br)cnc1NS(=O)(=O)c1ccc(Cl)s1	1.0	1	0.937	0.934
18	CS(=O)(=O)c1ccc(C(=O)Nc2ccccc2)cc1	1.0	1	0.656	0.994
18	O=C(O)c1ccc(CN2C(=O)c3ccccc3C23Cc3ccccc2)cc1	0.0	0	0.0	0.0
18	CC(C)c1nc2nc(N)nn2c(O)c1Cc1ccccc1Cl	1.0	1	1.0	0.928
18	O=C(O)c1c(Oc2cccc(F)c2NS(=O)(=O)c2ccc(Cl)s2)cccc1	1.0	1	0.986	0.966
18	N#Cc1ccc(Oc2ncc(Cl)cc2NS(=O)(=O)c2ccc(Cl)cc2)cc1	1.0	1	0.897	0.975
18	CC(=O)C1=C(O)C(=O)N(c2ccc(Br)cc2)C1c1ccc(C(F)(F)F)cc1	1.0	1	0.999	0.935
18	O=C(O)c1c(Oc2ccccc2NS(=O)(=O)c2cc(Cl)ccc2)cccc1	1.0	1	0.941	0.985
18	CC1CCN(C(=O)C(CCn2ccnc2)NS(=O)(=O)c2ccc(Cl)c(Cl)c2)CC1	1.0	1	0.911	0.899
18	CC(=O)C1=C(O)C(=O)N(c2ccc(C)cc2)C1c1OC(=O)c2ccccc2n1	1.0	1	0.991	0.9
18	O=S(=O)(Nc1c(Cl)cccc1)C1CCC1	1.0	1	0.824	0.984
18	COC(=O)CCc1ccc(S(=O)(=O)Nc2ccc(Cl)cc2C(=O)c2ccncc2)cc1	1.0	1	0.83	0.975
18	Cc1cc(NS(=O)(=O)c2ccc(NC(=O)c3ccccc3)cc2)ccc1	1.0	1	0.596	0.991
18	COc1ccc(S(=O)(=O)Nc2ccc(Cl)cc2C(=O)c2ccncc2)cc1	1.0	1	0.908	0.983
18	CC(=O)C1=C(O)C(=O)N(c2ccc(C(=O)c3ccccc3)cc2)C1CCO	1.0	1	0.949	0.922
18	O=S(=O)(NCCCN1CCC(O)(c2ccc(Cl)cc2)CC1)c1ccccc1Cl	1.0	1	0.575	0.97
18	O=S1(=O)NC(Nc2c(Cl)c(Cl)ccc2)=Nc2c1cc(Cl)cc2O	1.0	1	0.782	0.85
18	CC(=O)C1=C(O)C(=O)N(c2cc(Cl)ccc2)C1C1CCCCC1	1.0	1	0.998	0.92
18	O=C(O)N1CCC(NS(=O)(=O)c2ccc(Cl)cc2)CC1	1.0	1	0.85	0.984
18	O=S(=O)(NCCCN1CCCC1)c1ccc(Cl)cc1N	1.0	1	0.803	0.98
18	CC(C)Oc1ccc(S(=O)(=O)Nc2ccc(Cl)cc2C(=O)c2ccncc2)cc1	1.0	1	0.884	0.977
18	N#Cc1nc2c(C#N)cccc2c2c1cccc21	0.0	0	0.0	0.0
18	O=[N+]([O-])c1c(NCO)nc2nc(Cc3ccccc3)cnn12	1.0	1	0.921	0.894
18	Cc1cc(Oc2cccc(CNC(=O)c3ccccc3)c2)ccn1	1.0	1	0.718	0.987
18	CCOC(=O)N1CCC(NS(=O)(=O)c2ccc(C(=O)Nc3ccccc3C)c3ccccc23)CC1	1.0	1	0.532	0.97
18	CC(C)(c1ccc(S(=O)(=O)Nc2ccc(Cl)cc2C(=O)c2ccncc2)cc1)c1cocn1	1.0	1	0.71	0.924
18	C=CCOc1cc2ncc(CC=O)c3cc(C)cc2c3c2ccccc12	1.0	0	0.005	0.342
18	COc1ccc(N2C(=O)C(O)=C(C(C)=O)C2C2CCCCC2)cc1	1.0	1	0.995	0.931
18	Cc1cc(Oc2cc(Cl)ccc2NS(=O)(=O)c2ccc(Cl)cc2)co1	1.0	1	0.966	0.965
18	O=C(c1cccnc1)c1cc(Cl)ccc1NS(=O)(=O)c1ccc(C(F)(F)F)cc1	1.0	1	0.905	0.976
18	O=C(c1cnccc1)c1cc(Cl)ccc1NS(=O)(=O)c1cc(F)ccc1	1.0	1	0.935	0.98
18	N#Cc1cc(S(=O)(=O)Nc2cc(Cl)ccc2Cn2ccc3ccncc32)ccc1	1.0	1	0.96	0.955
18	N#Cc1c(SCc2nc3nc(Cc4ccccc4)nn3c(O)c2)nccc1	1.0	1	0.881	0.928
18	Cc1c(C(=O)c2cc(Cl)ccc2NS(=O)(=O)c2ccc(Cl)cc2)cccn1	1.0	1	0.938	0.979
18	O=C(c1ccncc1)c1cc(Cl)ccc1NS(=O)(=O)c1ccc(I)cc1	1.0	1	0.929	0.977
18	O=C(O)c1c(Oc2cnccc2NS(=O)(=O)c2ccc(Cl)cc2)cccc1	1.0	1	0.966	0.978
18	CCCCCc1nc2nc(N)nn2c(O)c1Cc1cccc(C)c1	1.0	1	0.999	0.938
18	CSc1nccn1Cc1ccc(Cl)cc1NS	1.0	1	0.805	0.918
18	COc1ccc(C(=O)Nc2cc(C)ccc2NS(=O)(=O)c2ccc(S(C)(=O)=O)cc2)cc1	1.0	1	0.802	0.982
18	CC(=O)Nc1ccc(S(=O)(=O)NCCCN2CCCCC2)cc1	1.0	1	0.812	0.986
18	O=C(O)c1ccc(Oc2ccc(Cl)cc2NS(=O)(=O)c2cc(C(F)(F)F)ccc2)cc1	1.0	1	0.946	0.978
18	CC(=O)C1=C(O)C(=O)N(c2ccc(C)cc2)C1c1ccc(C)cc1	1.0	1	0.998	0.959
18	CC(=O)C1=C(O)C(=O)N(c2ccc(C)cc2)C1c1ccc(C)cc1	1.0	1	0.998	0.959
18	CC(=O)C1=C(O)C(=O)N(c2ccc(C)cc2)C1C1CCCCC1	1.0	1	0.997	0.929
18	CN(C)c1ccc(C(=O)Nc2cccnc2)cc1	1.0	1	0.698	0.991
18	CC(C)(C)c1ccc(S(=O)(=O)Nc2ccc(Cl)cc2-c2c(O)cccc2)cc1	1.0	1	0.939	0.979
18	Cc1c(C(=O)c2cc(Cl)ccc2NS(=O)(=O)c2ccc(Cl)cc2)cccn1	1.0	1	0.938	0.979
18	Cc1ncccc1Oc1ncc(C#N)cc1NS(=O)(=O)c1ccc(Cl)c(Cl)c1	1.0	1	0.941	0.953
18	CN(C)S(=O)(=O)c1ccc(Oc2ccc(F)cc2NS(=O)(=O)c2ccc(Cl)cc2)cc1	1.0	1	0.924	0.979
18	COc1ccc(S(=O)(=O)Nc2ccc(Cl)cc2C(=O)NCCc2ccccc2)cc1	1.0	1	0.913	0.986
18	Cc1ccc(C(=O)c2cc(Cl)ccc2NS(=O)(=O)c2ccc(C3CCCCC3)cc2)cc1	1.0	1	0.879	0.979
18	O=C(N1CCN(Cc2ccccc2)CC1)c1ccccc1O	1.0	1	0.782	0.992
18	CC(=O)C1=C(O)C(=O)N(c2ccc(C)cc2)C1c1cc(Br)ccc1	1.0	1	0.999	0.948
18	O=C(O)c1c(Oc2cnccc2NS(=O)(=O)c2ccc(Cl)cc2)cccc1	1.0	1	0.966	0.978
18	COc1c2c(NS(=O)(=O)c3ccc(OC(C)C)c(Cl)c3)ncnc2n1	1.0	1	0.884	0.884
18	C=CCc1cc(OC)nc(N2CCC(NC(=O)c3ccccc3C)CC2)c1	1.0	1	0.629	0.964
18	CCCC(=O)Nc1ccc(C(=O)c2ccncc2)cc1	1.0	1	0.789	0.99
18	O=C(NS(=O)(=O)c1ccc(Cl)cc1)N1CCOCC1	1.0	1	0.819	0.983
18	CCCCCSc1nc(N)nc(NS(=O)(=O)c2ccc(C(F)(F)F)cc2)c1	1.0	1	0.785	0.954
18	O=C(O)c1c(Oc2ncccc2NC(=O)c2ccccc2)cccc1	1.0	1	0.765	0.987
18	COc1cc(N2C(=O)c3c(C2=O)c(NS(=O)(=O)c2ccc(C(C)(C)C)cc2)ccc3Cl)cnc1	1.0	1	0.646	0.939
18	Cc1ncccc1CNC(=O)Nc1cc(Cl)ccc1Oc1ccc(Cl)cc1	1.0	1	0.749	0.981
18	Cc1ccc(NS(=O)(=O)c2ccc(N3C(=O)c4c(C)ccc(C)c4F)ncc3c2)cc1	1.0	0	0.005	0.52
18	COc1c(NS(=O)(=O)c2c(Cl)c(Cl)ccc2)nccn1	1.0	1	0.882	0.968
18	CC1CCN(C(=O)C(CCn2cccn2)NS(=O)(=O)c2cc(Cl)c(N)c(Cl)c2)CC1	1.0	1	0.906	0.858
18	O=C(NCCN1CCCC1)c1nn(Cc2ccc(Cl)cc2)c2c1cc(Cl)cc2	1.0	1	0.787	0.976
18	O=C(C1=C(O)C(=O)N(c2cc(Cl)ccc2)C1c1ccc(Cl)cc1)c1ccccc1	1.0	1	0.987	0.952
18	CCCCc1ccc(C(=O)N(N)S(=O)(=O)c2ccc(Cl)s2)cc1	1.0	1	0.938	0.96
18	O=S1(=O)NC(Nc2ccccc2-c2ccc(F)cc2)Cc2c1cccc2N1CCCCC1	1.0	1	0.828	0.824
18	CC(C)CC1nc2cc(Cl)ccc2n1Cc1ccccc1[IH2]	0.0	0	0.0	0.0
18	CCCc1nc2nc(Cl)cc(C(=O)c3cc(C)ccc3)c2cc1OC	1.0	1	0.902	0.951
18	Cc1c(Cl)cccc1NS(=O)(=O)c1ccc(-c2cocc2)cc1	1.0	1	0.912	0.979
18	CNS(=O)(=O)c1ccc(CNC(=O)c2cccc(C)c2)cc1	1.0	1	0.784	0.99
18	CCC(=O)C1=C(O)C(=O)N(c2cc(OC)ccc2)C1C1CCCCC1	1.0	1	0.996	0.906
18	O=S(=O)(NCCCN1CCCC1)c1ccc(Cl)cc1	1.0	1	0.879	0.989
18	CC(C)(C)n1nccn1	1.0	0	0.186	0.844
18	CC(=O)C1=C(O)C(=O)N(c2ccc(Br)cc2F)C1c1ccc(Br)cc1	1.0	1	0.998	0.925
18	CC(=O)C1=C(O)C(=O)N(c2cc(F)ccc2)C1C1CCCCC1	1.0	1	0.998	0.917
18	N#Cc1cccnc1C(=O)c1ccc(Oc2ccccc2)cc1	1.0	1	0.746	0.983
18	O=S(=O)(Nc1cc(Cl)ccc1Cn1ccnn1)c1cccc(C(F)(F)F)c1	1.0	1	0.923	0.958
18	COc1nc(CO)cnc1NS(=O)(=O)c1cccc(Cl)c1Cl	1.0	1	0.916	0.952
18	COc1ccc(C(=O)NCCN2CCCCC2)cc1Cl	1.0	1	0.83	0.99
18	CCOC(=O)N1CCC(NS(=O)(=O)c2ccc(OCc3c(C)cccc3)c3c2cccc3)CC1	1.0	1	0.594	0.969
18	O=S(=O)(NCCCN1CCCC1)c1ccc(Cl)cc1Cl	1.0	1	0.803	0.983
18	CC(=O)C1=C(O)C(=O)N(c2ccc(Br)cc2)C1C1CCCCC1	1.0	1	0.905	0.919
18	O=C(NCCN1CCCC1)c1ccc(Oc2ccc(Cl)cc2NS(=O)(=O)c2ccc(Cl)c(Cl)c2)cc1	1.0	0	0.005	0.971
18	CCCn1cc(C(=O)c2cc(Cl)ccc2NS(=O)(=O)c2ccc(C(C)(C)C)cc2)cc1	1.0	1	0.885	0.958
18	CC(=O)NCc1ccc(C(=O)c2ccccc2)cc1	1.0	1	0.824	0.993
18	CC(=O)C1=C(O)C(=O)N(c2ccc(Cl)cc2F)C1c1ccc(C#N)cc1	1.0	1	0.998	0.918
18	COc1c(N2C(=O)c3c(C2=O)c(NS(=O)(=O)c2ccc(C(C)(C)C)cc2)ccc3Cl)cccc1	1.0	1	0.639	0.959
18	CCCc1nc2nc(N)nn2c(O)c1Cc1cccc(OC)c1	1.0	1	1.0	0.94
18	Cc1cc(C(=O)c2cc(Cl)ccc2NS(=O)(=O)c2ccc(C(C)(C)C)cc2)ccn1	1.0	1	0.897	0.972
18	CC(=O)C1=C(O)C(=O)N(c2ccc(C(F)(F)F)cc2)C1C1CCCCC1	1.0	1	0.991	0.907
18	Cc1nc(C(=O)c2c(F)cccc2)c(=O)oc1	1.0	1	0.814	0.957
18	O=C(Nc1ccc(S(=O)(=O)Nc2ccccn2)cc1)c1ccccc1	1.0	1	0.614	0.99
18	COc1c2c(O)cccc2cc1Cc1ccc(OC)cc1	0.0	0	0.0	0.0
18	CC(=O)C1=C(O)C(=O)N(c2ccc(C)cc2)C1c1ccc(C)cc1	1.0	1	0.998	0.959
18	O=C(O)c1c(Oc2ccccc2NS(=O)(=O)c2ccc(Cl)s2)cccc1	1.0	1	0.942	0.978
18	Cc1ccc(S(=O)(=O)NCc2ccc(C(=O)NC3CCCCC3)cc2)cc1	1.0	1	0.547	0.987
18	O=C(O)c1c(Oc2ccc(Cl)cc2NS(=O)(=O)c2ccc(Cl)cc2)cccc1	1.0	1	0.972	0.984
18	O=C(O)c1c(Oc2ncccc2NS(=O)(=O)c2ccc(Cl)c(C(F)(F)F)c2)cccc1	1.0	1	0.921	0.966
19	CC(C)c1ccc(S(=O)(=O)Nc2ccc(Cl)cc2C(=O)c2ccncc2)cc1	1.0	1	0.83	0.979
19	Nc1nn2c(O)c(Cc3ccc(F)c(F)c3)c(C3CCCC3)nc2n1	1.0	1	0.997	0.914
19	CC1CCN(C(=O)c2ccccc2)C(=O)C1	1.0	1	0.898	0.965
19	Oc1cc(CSc2ccccc2)nc2nc(Cc3ccccc3)nn12	1.0	1	0.951	0.961
19	Cc1cccc(NS(=O)(=O)c2ccc(Cl)cc2)c1O	1.0	1	0.683	0.988
19	Oc1c(Cc2cccc(Cl)c2)cccc1N1CCC(NS(=O)(=O)c2ccc(Cl)cc2)CC1	1.0	1	0.581	0.968
19	CCCCCc1nc2nc(N)nn2c(O)c1Cc1cccc(Cl)c1	1.0	1	1.0	0.937
19	Oc1cc(CSc2cccc(C(F)(F)F)c2)nc2nc(Cc3ccccc3)nn12	1.0	1	0.962	0.941
19	COc1ncc(Cl)nc1NS(=O)(=O)c1cccc(Cl)c1Cl	1.0	1	0.91	0.955
19	O=C(O)c1ccccc1Oc1ccc(Cl)cc1NS(=O)(=O)c1ccc(Cl)c(C(=O)O)c1	1.0	1	0.962	0.977
19	Cc1c(Oc2ccc(Cl)cc2NS(=O)(=O)c2ccc(Cl)s2)cccc1	1.0	1	0.965	0.978
19	CN(C)C(=O)CCc1ccc(S(=O)(=O)Nc2ccc(Cl)cc2C(=O)c2ccncc2)cc1	1.0	1	0.837	0.971
19	Cc1ccc(N2C(=O)C(O)=C(C(=O)C3CC3)C2C2CCCCC2)cc1	1.0	1	0.996	0.914
19	CC(=O)C1=C(O)C(=O)N(c2ccc(Cl)cc2F)C1c1cc(Cl)ccc1	1.0	1	0.998	0.931
19	Cc1ccc(C(=O)c2cc(Cl)ccc2NS(=O)(=O)c2ccc(-c3cncc(C)c3)cc2)cc1	1.0	1	0.838	0.975
19	O=C(NCC=C1OC(C(=O)O)CC1)c1cc(I)ccc1	1.0	1	0.848	0.784
19	COc1cc(Oc2c(Cl)cc(Cl)cc2NS(=O)(=O)c2ccc(C(C)(C)C)cc2)ccn1	1.0	1	0.964	0.959
19	COc1nc(OC)c(NS(=O)(=O)c2ccc(Cl)cc2)cc1	1.0	1	0.83	0.981
19	COc1cccc(COc2ccc(-n3c(C)ccc3C)cc2)c1	1.0	1	0.846	0.987
19	COCc1c(-c2ncc(C)nc2NS(=O)(=O)c2ccc(C3(C)CCCOC3)cc2)cccc1	1.0	1	0.843	0.803
19	CC(=O)c1ccc(S(=O)(=O)Nc2ccc(Br)cc2C(=O)c2ccncc2)cc1	1.0	1	0.898	0.978
19	CCCCCc1ccc(COc2ccc(C)cc2CNS(=O)(=O)c2ccc(C)cc2)cc1	1.0	1	0.811	0.981
19	CNc1ncc(Br)cc1S(=O)(=O)c1ccc(Cl)cc1	1.0	1	0.878	0.973
19	O=S(=O)(NCCCN1CCC(O)(c2ccc(Cl)cc2)CC1)c1ccc(F)cc1	1.0	1	0.597	0.973
19	COc1ccncc1Oc1ccc(C(F)(F)F)cc1NS(=O)(=O)c1c(C)cccc1	1.0	1	0.984	0.967
19	COC(=O)CCc1ccc(S(=O)(=O)Nc2ccc(Cl)cc2C(=O)c2cnccc2)cc1	1.0	1	0.844	0.975
19	Cc1nc(C)nn1C(=O)c1ccc(Cl)cc1NS(=O)(=O)c1ccc(Cl)cc1	1.0	1	0.916	0.959
19	Cc1c(C(=O)Nc2ccc(S(=O)(=O)NCCN(C)C)cc2)cccc1O	1.0	1	0.673	0.981
19	Nc1nn2c(O)c(Cc3cccc(C(F)(F)F)c3)c(C3CC3)nc2n1	1.0	1	1.0	0.912
19	CC(=O)C1=C(O)C(=O)N(c2ccc(C)cc2)C1c1ccc(Br)cc1	1.0	1	0.999	0.953
19	Cc1ncc(C(=O)c2cc(Cl)ccc2NS(=O)(=O)c2ccc(C(C)(C)O)cc2)cc1	1.0	1	0.882	0.968
19	COc1nc(F)c(F)nc1NS(=O)(=O)c1ccc(Cl)c(Cl)c1	1.0	1	0.912	0.943
19	Cc1ccc(S(=O)(=O)Nc2cc(Cl)ccc2Cn2cc(C)cn2)cc1	1.0	1	0.932	0.976
19	COc1ccc(Cn2nc(NS(=O)(=O)c3ccc(Cl)s3)c3c(O)cccc32)cc1	1.0	1	0.794	0.955
19	O=[N+]([O-])c1c(Oc2ccc(F)cc2NS(=O)(=O)c2ccc(Cl)cc2)c(Nc2ccccc2)ccc1	1.0	1	0.686	0.966
19	Clc1cc(N2CC3CNCC32)cc(Br)c1	1.0	1	0.778	0.736
19	O=C(c1ccncc1)c1cc(Cl)ccc1NS(=O)(=O)c1ccc(Cl)cc1	1.0	1	0.927	0.983
19	O=C(O)c1ccccc1Oc1ccc(Cl)cc1NS(=O)(=O)c1ccc(Cl)cc1	1.0	1	0.972	0.984
19	O=S(=O)(NCCCN1CCCCC1)c1ccc(Cl)cc1	1.0	1	0.843	0.988
19	COc1ccc(C(=O)C(C)(C)c2cccc(C(=O)c3ccccc3)c2)cc1	1.0	1	0.895	0.983
19	O=C(O)c1c(S(=O)(=O)c2cccc3ccccc23)cccc1	1.0	1	0.801	0.986
19	CSc1ncc(C(=O)c2cc(Cl)ccc2NS(=O)(=O)c2ccc(S(C)(=O)=O)cc2)cc1	1.0	1	0.871	0.963
19	O=S(=O)(Nc1cc(Cl)c(Cl)cc1Cn1ccnn1)c1ccc(Cl)c(Cl)c1	1.0	1	0.92	0.951
19	Cc1c(F)c(Oc2ccc(C(=O)NCCN3CCCC3)cc2)ccc1	1.0	1	0.711	0.984
19	CC(=O)C1=C(O)C(=O)N(Cc2ccccn2)c2ccc(F)cc21	1.0	1	0.931	0.965
19	Cc1cc(CN2C(=O)c3c(C2=O)c(NS(=O)(=O)c2ccc(C(C)(C)C)cc2)ccc3Cl)ccc1	1.0	1	0.607	0.959
19	O=S(=O)(Nc1cc(Cl)c(Cl)cc1Cn1ccnn1)c1ccccc1	1.0	1	0.91	0.963
19	O=C(O)c1c(Oc2ccc(Cl)cc2NS(=O)(=O)c2ccc(Cl)cc2)cccc1	1.0	1	0.972	0.984
19	CCCn1c(S(=O)(=O)N2CCC(Nc3ccc(C)cc3)CC2)cccc1	0.0	0	0.0	0.0
19	O=C(O)c1c(Oc2cnccc2NS(=O)(=O)c2cc(Cl)ccc2)cccc1	1.0	1	0.95	0.975
19	Cc1ccccc1C(=O)Nc1ccc(S(=O)(=O)Nc2ccccc2)cc1	1.0	1	0.541	0.991
19	CC(=O)c1ccc(S(=O)(=O)Nc2ccc(Br)cc2C(=O)c2cnccc2)cc1	1.0	1	0.902	0.978
19	O=C(O)c1c(Oc2cnccc2NS(=O)(=O)c2ccc(Cl)c(Cl)c2)cccc1	1.0	1	0.939	0.972
19	CC(=O)Nc1ccc(S(=O)(=O)Nc2ccc(Cl)cc2C(=O)c2ccccn2)cc1	1.0	1	0.751	0.979
19	COc1c(N2C(=O)c3c(C2=O)c(NS(=O)(=O)c2ccc(C(C)(C)C)cc2)ccc3Cl)c(C)ccn1	1.0	1	0.625	0.923
19	O=C(NS(=O)(=O)c1ccccc1Cl)c1cc(C(F)(F)F)ccc1F	1.0	1	0.766	0.979
19	Cc1ccc(S(=O)(=O)Nc2cc(Cl)ccc2Cn2cccn2)cc1	1.0	1	0.899	0.979
19	O=C(c1cnccc1)c1cc(Cl)ccc1NS(=O)(=O)c1ccc(C#N)cc1	1.0	1	0.914	0.977
19	COc1cc2c(cc1NS(=O)(=O)c1c(Cl)c(Cl)ccc1)nc(O)[nH]2Cl	0.0	0	0.0	0.0
19	CC(=O)c1ccc(S(=O)(=O)Nc2ccc(F)cc2C(=O)c2ccncc2)cc1	1.0	1	0.895	0.979
19	O=S(=O)(NCCS)c1ccccc1NS(=O)(=O)c1ccc(Cl)cc1	1.0	1	0.847	0.974
19	COc1nc(O)cc(C)n1	1.0	1	0.503	0.946
19	Oc1cc(CSc2ccccn2)nc2nc(Cc3ccccc3)nn12	1.0	1	0.941	0.946
19	O=S(=O)(NC1CCN(Cc2ccc3cc(F)ccc3n2)CC1)c1ccccn1	1.0	1	0.739	0.963
19	O=S(=O)(Nc1cc(C(F)(F)F)ccc1)C1CCC1	1.0	1	0.809	0.978
19	Cc1cccc(N2C(=O)c3c(C)c(C)ccc3C2=O)c1	1.0	1	0.856	0.982
19	CC(=O)C1=C(O)C(=O)N(c2ccc(C)cc2)C1c1ccc(C#N)cc1	1.0	1	0.998	0.943
19	CNc1nc(Cc2ccc(F)cc2)nc(NS(=O)(=O)c2ccc(C(C)(C)C)cc2)c1	1.0	1	0.813	0.963
19	CN(C)c1ccc(Nc2ncc3cc(Br)ccc3n2)cc1	1.0	1	0.903	0.98
19	CCCCCc1ccc(C(=O)NCc2ccccc2)cc1	1.0	1	0.753	0.994
19	Oc1cc(CSc2cccc(C(F)(F)F)c2)nc2nc(Cc3ccccc3)nn12	1.0	1	0.962	0.941
19	O=S(=O)(Nc1cc(C(F)(F)F)ccc1)C1CCNCC1	1.0	1	0.882	0.965
19	O=C(c1cn(Cc2ccc(Cl)cc2)cc1)c1cnccn1	1.0	1	0.918	0.966
19	O=C(O)c1c(Oc2c(Cl)cc(F)cc2NS(=O)(=O)c2cc(C(C)(C)C)ccc2)cccc1	1.0	1	0.93	0.966
19	Cn1cc(C(=O)c2cc(Cl)ccc2NS(=O)(=O)c2ccc(Cl)cc2)cc1	1.0	1	0.901	0.972
19	COc1nn(CC(=O)O)c2ccccc12	1.0	1	0.636	0.977
19	O=C(NS(=O)(=O)c1ccc(C(F)(F)F)cc1)N1CCOCC1	1.0	1	0.822	0.977
19	O=S(=O)(Nc1cc(Cl)ccc1Cn1ccnn1)c1cccc(Cl)c1	1.0	1	0.904	0.966
19	O=C(NCCN1CCCCCC1)c1nc(Cl)ccc1Oc1cc(Cl)ccc1Cl	1.0	1	0.763	0.968
19	O=C(O)c1c(Oc2ncncc2NS(=O)(=O)c2ccc(Cl)cc2)cccc1	1.0	1	0.923	0.972
19	COc1cccc2c1c(NS(=O)(=O)c1cc(Cl)ccc1)nn2Cc1cccc(CO)c1	1.0	1	0.788	0.963
19	CC1(c2ccc(S(=O)(=O)c3ccccc3CC(F)(F)F)cc2)OCCO1	1.0	1	0.882	0.936
19	O=C(O)c1c(Oc2ccc(F)cc2NS(=O)(=O)c2ccc(Cl)cc2)cccc1	1.0	1	0.971	0.983
19	COc1cc(Oc2ccc(C(=O)NCCN3CCCCC3)cc2)ccc1	1.0	1	0.661	0.988
19	Cc1nc(Nc2ncc(C(=O)NO)cn2)ccc1Cl	1.0	1	0.948	0.949
19	Oc1c(C(c2ccccc2)C2CCCCC2)cccc1	1.0	1	0.96	0.96
19	Cc1cc(Oc2c(Br)cc(CC(=O)O)cc2)c(C(=O)c2ccncc2)cc1	1.0	1	0.882	0.973
19	CC1CCN(C(=O)C(CCn2cccc2C#N)CC2CC2)CC1	1.0	1	0.881	0.834
19	Cc1cc(C(=O)c2cc(Cl)ccc2NS(=O)(=O)c2ccc(OC(C)C)cc2)ccc1	1.0	1	0.9	0.98
19	Cc1c(C(=O)Nc2ccc(S(=O)(=O)NC3CCN(C(=O)C4CC4)CC3)c3c2cccc3)cccc1	1.0	1	0.552	0.97
19	CC(=O)C1=C(O)C(=O)N(c2ccc(C)cc2)C1C1CCCCC1	1.0	1	0.997	0.929
19	O=C(c1cccnc1)c1cc(Cl)ccc1NS(=O)(=O)c1ccc(N2CCCCC2)cc1	1.0	1	0.828	0.976
19	COc1ccc(-c2cc(Nc3c(C)cccc3C)c(N)[nH]2)cc1	1.0	1	0.755	0.969
19	Cc1ccc(C(=O)Cn2nc(C)cc2C)cc1	1.0	1	0.862	0.987
19	O=S(=O)(Nc1cc(Cl)ccc1Cn1ccnn1)c1ccccc1	1.0	1	0.874	0.973
19	O=C(O)c1c(Oc2c(Cl)cccc2NS(=O)(=O)c2ccc(Cl)cc2)cccc1	1.0	1	0.963	0.98
19	Cc1nn(Cc2ccc(Cl)cc2NS(=O)(=O)c2ccc(C(C)(C)C)cc2)c(C)c1	1.0	1	0.96	0.97
19	O=C(O)c1cc(Oc2ncc(Cl)cc2NS(=O)(=O)c2ccc(C(C)(C)C)cc2)ccc1	1.0	1	0.923	0.97
19	CC(=O)c1ccc(S(=O)(=O)Nc2ccc(Br)cc2C(=O)c2ccncc2)cc1	1.0	1	0.898	0.978
19	CS(=O)(=O)c1ccc(S(=O)(=O)Nc2ccc(Cl)cc2C(=O)c2c[n+]([O-])c(C)cn2)cc1	1.0	1	0.784	0.927
20	CC(=O)C(=O)NS(=O)(=O)c1ccc(Cl)cc1O	1.0	1	0.82	0.957
20	CC(=O)Nc1ccc(S(=O)(=O)Nc2ccc(Br)cc2C(=O)c2ccncc2)cc1	1.0	1	0.872	0.978
20	COc1cc(C(=O)Nc2ccc(C)cc2)c(OC)cc1	1.0	1	0.737	0.994
20	O=C(O)c1cc2cc(Cl)ccc2n1Cc1cc(Cl)ccc1	1.0	1	0.9	0.983
20	CC(C)c1nc2nc(N)nn2c(O)c1Cc1cc(Br)cc(Br)c1	1.0	1	1.0	0.884
20	O=[N+]([O-])c1ccc(CNS(=O)(=O)c2ccc(Cl)cc2)cc1	1.0	1	0.76	0.989
20	O=C(NCCO)c1ccccc1Oc1ncc(Cl)cc1NS(=O)(=O)c1ccc(Cl)c(Cl)c1	1.0	1	0.835	0.964
20	Cc1c(N2C(=O)c3c(C2=O)c(NS(=O)(=O)c2ccc(C(C)(C)C)cc2)ccc3Cl)cccc1	1.0	1	0.683	0.96
20	O=C(O)c1cc(Oc2ncc(Cl)cc2NS(=O)(=O)c2cc(F)ccc2)c(O)cc1	1.0	1	0.842	0.966
20	O=C(NCCc1c(-c3ccccc3)noc2c1)c1ccccc1O	0.0	0	0.0	0.0
20	Oc1cc(CSc2ccc(F)cc2)nc2nc(Cc3ccccc3)nn12	1.0	1	0.944	0.956
20	O=S(=O)(Nc1cc(Cl)ccc1Cn1cncn1)c1cccc(Cl)c1	1.0	1	0.916	0.972
20	COc1ccc(S(=O)(=O)Nc2ccc(Br)cc2C(=O)c2ccncc2)cc1	1.0	1	0.911	0.981
20	Cc1c(N2C(=O)c3c(C2=O)c(NS(=O)(=O)c2ccc(C(C)(C)C)cc2)ccc3Cl)cccc1	1.0	1	0.683	0.96
20	O=S(=O)(Nc1cc(Cl)ccc1Cn1cccn1)c1cccc(Cl)c1	1.0	1	0.937	0.975
20	COc1cc2c(cc1NS(=O)(=O)c1c(Cl)c(Cl)ccc1)n(C)c(O)n2	1.0	1	0.98	0.948
20	CC(C)(C)c1ccc(S(=O)(=O)Nc2ccc(Cl)cc2-c2nnccn2)cc1	1.0	1	0.945	0.962
20	O=S(=O)(Nc1cc(Cl)ccc1Cn1ccnn1)c1ccc(Cl)c(Cl)c1	1.0	1	0.932	0.963
20	Cc1ccc(N2C(=O)C(O)=C(C(=O)C(C)(C)C)C2=O)cc1	1.0	1	0.747	0.955
20	Cc1c(C(=O)c2cc(Cl)ccc2NS(=O)(=O)c2ccc(Cl)cc2)cccn1	1.0	1	0.938	0.979
20	Cc1ccc(S(=O)(=O)N2CCN(Cc3ccco3)CC2)cc1	1.0	1	0.916	0.986
20	COc1nc(OC)c(N2C(=O)c3c(C(=O)O)cccc3C2=O)cc1	1.0	1	0.819	0.961
20	O=C(NS(=O)(=O)c1ccc(Cl)cc1)N1CCOCC1	1.0	1	0.819	0.983
20	Nc1nn2c(O)c(Cc3cccc(Cl)c3)c(CCc3ccccc3)nc2n1	1.0	1	0.99	0.95
20	COc1cc(N2Cc3c(C)cccc3C(=O)N2)ccc1	1.0	1	0.727	0.956
20	COc1nc(Br)cnc1NS(=O)(=O)c1cccc(C(F)(F)F)c1F	1.0	1	0.828	0.927
20	O=S1(=O)NC(Nc2ccccc2-c2ccccc2)=Nc2c1cc(Cl)cc2O	1.0	1	0.618	0.914
20	CC(=O)Nc1ccc(S(=O)(=O)NCCCc2ccccc2)cc1	1.0	1	0.833	0.99
20	NS(=O)(=O)c1ccc(C(=O)c2c(Cl)cccc2)cc1	1.0	1	0.847	0.991
20	Cc1ccc(S(=O)(=O)Nc2ccc(Cl)cc2C(=O)c2ccncc2)cc1	1.0	1	0.93	0.983
20	COc1ccc(Cc2c(O)n3nc(N)nc3nc2C2CC2)cc1	1.0	1	1.0	0.936
20	O=C(NCCN1CCC(F)(F)C1)c1ccc(Oc2ccccc2)cc1	1.0	1	0.65	0.979
20	Cc1ccc(S(=O)(=O)N2CCCCCC2)cc1)N1CCOCC1B([O-])c1ccccc1	0.0	0	0.0	0.0
20	CC(C)Sc1ccc(S(=O)(=O)Nc2ccc(C(=O)O)cc2)cc1	1.0	1	0.786	0.985
20	CN(C)C(=O)c1cc(Cl)c(N2N=C(c3ccco3)CC2c2ccccc2)cc1	1.0	1	0.898	0.918
20	Cc1ccc(C(=O)Nc2cc(C)cc(C)c2)cc1	1.0	1	0.709	0.994
20	CCc1ccc(S(=O)(=O)Nc2cc(C)cnc2NS(=O)(=O)c2ccc(C(C)(C)C)cc2)cc1	1.0	1	0.936	0.964
20	COc1c(Cl)cncc1NS(=O)(=O)c1cc(Cl)c(Cl)s1	1.0	1	0.842	0.926
20	O=C1c2c(C(=NN)C3CCNCC3)c(Oc3cccc(OC(F)(F)F)c3)ccc2CCO1	1.0	1	0.715	0.854
20	COc1c2c(NS(=O)(=O)c3ccc(Cl)s3)nn(Cc3cccc(CNC(=O)C4COC4)c3)c2ccc1	1.0	0	0.005	0.926
20	O=S(=O)(NC=C(Br)c1ccccc1)c1ccc(Cl)cc1	1.0	1	0.942	0.963
20	CN(C)c1ccc(C(=O)Nc2ccccc2C(=O)c2ccccc2)cc1	1.0	1	0.729	0.99
20	CNC(=O)c1ccc(C(=O)N(C)C)cc1N1C(=O)n2ncc(C#N)c3cccc1c32	0.0	0	0.0	0.0
20	Cc1ccc(S(=O)(=O)Nc2cc(Cl)ccc2Cn2nc(C)cc2C)cc1	1.0	1	0.966	0.977
20	CS(=O)(=O)c1cc(S(=O)(=O)Nc2ccc(Cl)cc2C(=O)c2ccncc2)ccc1	1.0	1	0.873	0.973
20	O=C(NCCN1CCCC1)c1cnn(-c2cccc(C(F)(F)F)c2)c1NS(=O)(=O)c1ccc(Cl)cc1	1.0	0	0.005	0.952
20	Cc1c(Cl)cncc1C(=O)Nc1ccc(Cl)c(Cl)c1Cl	1.0	1	0.821	0.968
20	CC(=O)C1=C(O)C(=O)N(c2ccc(C)cc2)C1c1ccc(CC(=O)O)cc1	1.0	1	0.993	0.947
20	O=C(O)c1ccccc1Oc1c(F)cc(C(F)(F)F)cc1Br	1.0	1	0.894	0.973
20	Cc1ncccc1Oc1ncc(-c2ccc(Oc3ccccc3)cc2)c(N)n1	1.0	1	0.73	0.97
20	O=S(=O)(Nc1cc(Cl)ccc1Cn1ccnn1)c1ccc(Cl)c(Cl)c1	1.0	1	0.932	0.963
20	Cc1ccc(S(=O)(=O)NC(=O)N2CCC(N3CCC(Oc4ccc(Cl)c(Cl)c4)CC3)CC2)cc1	1.0	1	0.45	0.956
20	CC(C)c1nc2nc(N)nn2c(O)c1Cc1cc(Br)c(Cl)cc1	1.0	1	1.0	0.899
20	CC(C)c1nc2nc(N)nn2c(O)c1Cc1cc(-c2cc(Cl)ccc2)ccc1	1.0	1	0.998	0.938
20	COc1cccc2c1c(NS(=O)(=O)c1ccc(Cl)s1)nn2Cc1ccccc1CO	1.0	1	0.813	0.947
20	O=C(c1cnccc1)c1cnccc1Oc1ccc(Cl)cc1C(F)(F)F	1.0	1	0.881	0.963
20	CC(C)(C)c1ccc(S(=O)(=O)Nc2cc3c(ccc(NS(=O)(=O)c4ccccc4)c3)c3c2cccc3)cc1	1.0	0	0.005	0.967
20	COc1cc2c(cc1NS(=O)(=O)c1c(Cl)c(Cl)ccc1)nc(O)n2C(CO)CO	1.0	1	0.934	0.906
20	CCNc1c(-c2cc(Cl)ccc2)cccc1Cn1cncn1	1.0	1	0.934	0.963
20	Cc1nccn1CC)c1ccccc1NS(=O)(=O)c1ccc(Cl)c(N)c1	0.0	0	0.0	0.0
20	Cc1c(C(=O)c2cc(Cl)ccc2NS(=O)(=O)c2ccc(Cl)cc2)cccn1	1.0	1	0.938	0.979
20	CC(C)c1nc2nc(N)nn2c(O)c1Cc1ccc(Cl)c(Cl)c1	1.0	1	1.0	0.923
20	CCc1ccccc1C(=O)c1csc(Nc2ccc(S(N)(=O)=O)cc2)n1	1.0	1	0.76	0.972
20	CC(C)(C)c1ccc(S(=O)(=O)Nc2ccc(Cl)cc2C(=O)c2cc(S(C)(=O)=O)n[nH]2)cc1[NH-]	1.0	1	0.74	0.817
20	O=S(=O)(Nc1cc(Cl)ccc1Cn1nccn1)c1cccc(F)c1	1.0	1	0.914	0.96
20	COc1nc(Br)cnc1NS(=O)(=O)c1c(Cl)cc(Cl)cc1	1.0	1	0.898	0.956
20	CC(C)(C)c1ccc(S(=O)(=O)Nc2ccc(Cl)cc2C(=O)c2ccncc2)cc1	1.0	1	0.895	0.977
20	COc1nc(CO)cnc1NS(=O)(=O)c1cccc(Cl)c1Cl	1.0	1	0.916	0.952
20	Cc1c(C(=O)c2cc(Cl)ccc2NS(=O)(=O)c2ccc(Cl)c(C(F)(F)F)c2)cccc1	1.0	1	0.921	0.973
20	O=S(=O)(NCCCN1CCCC1)c1ccc(Cl)cc1	1.0	1	0.879	0.989
20	CCOC(=O)N1CCC(NS(=O)(=O)c2cccc3c2cccc3NC(=O)c2cccnc2)CC1	1.0	1	0.574	0.966
20	COc1nc(C)cnc1NS(=O)(=O)c1cccc(Cl)c1Cl	1.0	1	0.927	0.964
20	Cc1cccc(C(=O)Nc2ccc(C)cc2C(=O)c2cccnc2)c1	1.0	1	0.823	0.986
20	Cc1c(C(=O)c2cc(Cl)ccc2NS(=O)(=O)c2cc(C(C)(C)C)ccc2)cccn1	1.0	1	0.922	0.97
20	COc1cc2c3c(NCc4cc(Cl)ccc4)ncnc3n(CC)c2cc1OCCC	1.0	1	0.805	0.957
20	CC(=O)C1=C(O)C(=O)N(c2ccc(C)cc2)C1C1CCCCCCC1	1.0	1	0.994	0.928
20	CCCS(=O)(=O)Nc1ccc(C(=O)c2ccc(OC)cc2)cc1	1.0	1	0.778	0.988
20	COc1cc2c(cc1NS(=O)(=O)c1c(Cl)c(Cl)ccc1)nc(O)n2C(CO)CO	1.0	1	0.934	0.906
20	COc1cc2c[n+]([O-])c(C(F)(F)F)c3cccc2c3cc1NS	1.0	0	0.005	0.097
20	CC(C)(C)c1ccc(S(=O)(=O)Nc2ccc(Cl)cc2-c2c(N)nc(N)nc2N)cc1	1.0	1	0.818	0.953
20	O=OCC1CCN(Cc2ccccc2)CC1c1ccccc1	0.0	0	0.0	0.0
20	CC(=O)C1=C(O)C(=O)N(c2ccc(C)cc2)C1c1cc(Br)c(C)cc1	1.0	1	0.998	0.939
20	COc1c(-c2nc(C)c(C)nc2NS(=O)(=O)c2cc(C(F)(F)F)ccc2)cccc1	1.0	1	0.869	0.961
20	N#Cc1cc(S(=O)(=O)Nc2cc(Cl)ccc2Cn2ccnc2)ccc1	1.0	1	0.904	0.965
20	COc1nc(CO)cnc1NS(=O)(=O)c1ccc(Cl)c(Cl)c1	1.0	1	0.888	0.961
20	Cc1ccccc1C(=O)Nc1ccc(S(=O)(=O)Nc2ccccc2C(=O)c2ccncc2)cc1	1.0	1	0.583	0.979
20	Nc1nn2c(O)c(Cc3cccc(Cl)c3)c(CO)nc2n1	1.0	1	0.999	0.921
20	Cc1cccnc1C(=O)c1cc(Cl)ccc1NS(=O)(=O)c1ccc(C(C)(C)C)cc1	1.0	1	0.872	0.971
20	CC(=O)C1=C(O)C(=O)N(c2ccc(C)cc2C(=O)NCc2ccccc2)C1C1CCCCC1	1.0	1	0.972	0.904
20	O=S1(=O)NC(NC2CCCCC2)=Nc2ccccc21	1.0	1	0.866	0.919
20	CC(=O)C1=C(O)C(=O)N(c2cc(C)c(C)cc2)C1C1CCCCC1	1.0	1	0.998	0.916
20	O=C(O)c1ccccc1Sc1cc(Cl)cc(Cl)c1	1.0	1	0.863	0.982
20	COc1nn(CCN(C)C)c2c1c(NS(=O)(=O)c1cccc(Cl)c1Cl)ncn2	1.0	1	0.843	0.924
20	CNc1c(Occccc1)c1cc(C(=O)NCCNc2ccccc2)ccc1	0.0	0	0.0	0.0
20	O=C(NCCO)c1ccccc1Oc1ncc(Cl)cc1NS(=O)(=O)c1ccc(Cl)c(Cl)c1	1.0	1	0.835	0.964
20	CC(=O)C1=C(O)C(=O)N(c2ccc(Cl)cc2)C1C1CCCCC1	1.0	1	0.978	0.927
20	O=S(=O)(Nc1cc(Cl)ccc1Cn1ccnn1)c1ccc(Cl)c(Cl)c1	1.0	1	0.932	0.963
20	Cc1nn(Cc2ccc(C(F)(F)F)cc2NS(=O)(=O)c2ccc(Cl)cc2)c(O)c1	1.0	1	0.893	0.949
20	COc1cc(C(=O)NC(C)(C)C)ccc1NC(=O)c1ccccc1C(=O)n1c	0.0	0	0.0	0.0
20	CC(=O)C1=C(O)C(=O)N(c2cc(C)c(C)cc2)C1c1cc(Br)ccc1	1.0	1	0.999	0.938
21	CC(C)c1nc2nc(N)nn2c(O)c1Cc1cc(Cl)ccc1	1.0	1	1.0	0.929
21	CCOC(=O)N1CCC(NS(=O)(=O)c2ccc(NCc3ccccc3)c3ccccc23)CC1	1.0	1	0.565	0.972
21	Cc1ccc(S(=O)(=O)Nc2cc(Cl)ccc2Cn2ccnn2)cc1C	1.0	1	0.95	0.965
21	O=S(=O)(Nc1cc(Cl)ccc1Cn1cncn1)c1ccc(Cl)c(Cl)c1	1.0	1	0.927	0.969
21	Cc1c(Cl)cccc1NS(=O)(=O)c1ccc(N2C(=O)c3ccccc3C2=O)cc1	1.0	1	0.626	0.982
21	O=C(c1cnccc1)c1cc(Cl)ccc1NS(=O)(=O)c1ccc(Cl)cc1	1.0	1	0.921	0.983
21	Cc1cccc(C23c4c(N)cccc4C(OC2C(O)C2CCCCC2)N(C)C3)c1	1.0	1	0.857	0.139
21	CCCc1ccc(S(=O)(=O)Nc2ccc(-c3ccccc3)nc2C(=O)c2ccncc2)cc1	1.0	1	0.799	0.968
21	Cc1ccc(-c2nnc(Nc3ccc(OCc4ccccc4)cc3)c3ccccc23)cc1	1.0	1	0.739	0.983
21	CCC(CC)Cc1nc2nc(N)nn2c(O)c1Cc1cccc(F)c1	1.0	1	0.998	0.904
21	O=S(=O)(Nc1cc(Cl)c(Cl)cc1Cn1ccnn1)c1cccc(Cl)c1	1.0	1	0.909	0.955
21	CC(=O)C1=C(O)C(=O)N(c2ccc(Cl)cc2F)C1c1ccc(Cl)cc1	1.0	1	0.998	0.937
21	Cc1cccc(C(=O)c2cc(Cl)ccc2NS(=O)(=O)c2ccc(Cl)cc2)c1	1.0	1	0.943	0.985
21	CC(=O)C1=C(O)C(=O)N(c2ccc(C)cc2)C1c1ccc(Br)cc1	1.0	1	0.999	0.953
21	Cc1ccccc1Oc1c(F)cc(Cc2ccc(CCO)cc2)cc1	1.0	1	0.796	0.985
21	CC(C)(C)c1ccc(S(=O)(=O)Nc2ccc(Cl)cc2C(=O)c2ccnc(Cl)c2)cc1	1.0	1	0.884	0.971
21	CC(C)c1nc2nc(N)nn2c(O)c1Cc1cc(Cl)c(Cl)cc1	1.0	1	1.0	0.923
21	Cc1nc(Br)cnc1NS(=O)(=O)c1c(Cl)c(Cl)ccc1	1.0	1	0.878	0.947
21	COc1cc(NS(=O)(=O)c2ccc(N3CC(C)CC(C)C3)cc2)ccc1	1.0	1	0.81	0.929
21	O=S(=O)(NC(CC1CC1)c1ccc(Cl)cc1NS(=O)(=O)c1ccc(Cl)cc1)c1cccc(Cl)c1	1.0	1	0.809	0.899
21	CC(=O)C1=C(O)C(=O)N(c2cc(F)ccc2F)C1C1CCCCC1	1.0	1	0.997	0.895
21	O=S(=O)(NCCCN1CCC(O)(c2ccc(Cl)cc2)(c2ccc(Cl)cc2)CC1)c1ccccc1	0.0	0	0.0	0.0
21	O=C(c1cnccc1)c1cc(F)ccc1NS(=O)(=O)c1ccc(N2CCOCC2)cc1	1.0	1	0.727	0.972
21	Cc1c(C(=O)c2cc(Cl)ccc2NS(=O)(=O)c2ccc(OC(C)C)cc2)ccc[n+]1[O-]	1.0	1	0.897	0.949
21	COc1ccc2c(c1NC(=O)Cc1ccc(OC)c(OC)c1)CCN2C	1.0	1	0.829	0.971
21	CC(C)Oc1c(Cl)cc(Cl)cc1S(=N(=O)(O)NS(=O)(=O)c1cccc(Cl)c1)	0.0	0	0.0	0.0
21	COc1ccc(S(=O)(=O)NCCCN2CCC(NS(=O)(=O)c3ccc(C)cc3)CC2)cc1	1.0	1	0.518	0.977
21	Cc1ccccc1CSc1nc2nc(N)nn2c(O)c1Cc1cccc(Cl)c1	1.0	1	0.997	0.929
21	CC(=O)Nc1ccc(S(=O)(=O)NCCc2ccc(Cl)cc2)cc1	1.0	1	0.741	0.99
21	CCOc1ccc(C=Cc2cc(C(F)(F)F)cc(C(F)(F)F)c2)nc1	1.0	1	0.881	0.956
21	Cc1ccc(C(=O)c2cc(Cl)ccc2NS(=O)(=O)c2ccc(-c3cncc(C)c3)cc2)cc1	1.0	1	0.838	0.975
21	Cc1ncccc1Oc1ncc(Cl)cc1NS(=O)(=O)c1ccc(Cl)c(Cl)c1	1.0	1	0.964	0.964
21	CCOc1ccncc1NS(=O)(=O)c1ccc(-c2cnccc2)cc1	1.0	1	0.842	0.98
21	O=S(=O)(Nc1cc(Cl)ccc1Cn1cncn1)c1ccc(Cl)c(Cl)c1	1.0	1	0.927	0.969
21	O=C(NS(=O)(=O)c1cccc(C(F)(F)F)c1)c1cc(Cl)ccc1Cl	1.0	1	0.825	0.981
21	CC(=O)C1=C(O)C(=O)N(c2ccc(C)cc2)C1c1ccc(C(F)(F)F)cc1	1.0	1	0.999	0.942
21	CC(=O)C1=C(O)C(=O)N(c2cc(C)ccc2)C1C1CCCCC1	1.0	1	0.933	0.922
21	CC(C)(C)c1ccc(S(=O)(=O)Nc2ccc(Cl)cc2C(=O)c2cncc(F)c2)cc1	1.0	1	0.895	0.969
21	CCCCCc1ccc(C(C)N(C)C(=O)c2ccccc2)cc1	1.0	1	0.911	0.974
21	Cc1c(C(=O)c2cc(Cl)ccc2NS(=O)(=O)c2ccc(OC(F)(F)F)c(Cl)c2)cccn1	1.0	1	0.891	0.958
21	COc1nc(F)cnc1NS(=O)(=O)c1cccc(Cl)c1Cl	1.0	1	0.875	0.948
21	Cc1ccc(C(=O)c2cc(Cl)ccc2NS(=O)(=O)c2ccc(OC)cc2)cc1	1.0	1	0.935	0.987
21	COc1c(Oc2ccc(Cl)cc2NS(=O)(=O)c2ccc(Cl)s2)cccc1	1.0	1	0.928	0.978
21	O=C(O)c1c(Oc2ccc(Cl)cc2NS(=O)(=O)c2ccc(Cl)s2)cccc1	1.0	1	0.949	0.974
21	CC(=O)C1=C(O)C(=O)N(c2cc(-ccccc2)c2c(OC)c(Br)ccc2N(C)C)C1	1.0	0	0.005	0.696
21	CCOC(=O)N1CCC(NS(=O)(=O)c2ccc(C(C)(C)C)cc2)CC1	1.0	1	0.843	0.979
21	O=S(=O)(Nc1cc(Cl)ccc1Cn1cncn1)c1ccc(Cl)c(Cl)c1	1.0	1	0.927	0.969
21	COc1nc(CO)cnc1NS(=O)(=O)c1ccc(Cl)c(Cl)c1	1.0	1	0.888	0.961
21	O=C(NS(=O)(=O)c1cccc(Cl)c1)c1ccc(F)cc1	1.0	1	0.813	0.99
21	CC(C)c1nc2nc(N)nn2c(O)c1Cc1cccc(Cl)c1	1.0	1	1.0	0.929
21	COC(=O)CCc1sc(NS(=O)(=O)c2ccc(Cl)cc2)cc1	1.0	1	0.781	0.971
21	O=S(=O)(Nc1cc(Cl)ccc1Cn1ccnn1)c1ccc(Cl)c(Cl)c1	1.0	1	0.932	0.963
21	CCOC(=O)N1CCC(NS(=O)(=O)c2ccc(OCc3ccccc3)c(NS(=O)(=O)c3ccccc3)c2)CC1	1.0	0	0.005	0.965
21	CC(=O)c1ccc(S(=O)(=O)Nc2ccc(C)cc2C(=O)Nc2ccccc2)cc1	1.0	1	0.828	0.987
21	O=S(=O)(NCCCN1CCCC1)c1ccc(Cl)cc1O	1.0	1	0.77	0.977
21	Cc1ccc(C(=O)Nc2ccc(S(=O)(=O)NC3CCN(C(=O)C4CC4)CC3)c3c2cccc3)cc1	1.0	1	0.539	0.971
21	COc1nc(Br)cnc1NS(=O)(=O)c1cscc1	1.0	1	0.894	0.916
21	Cc1c(C(=O)Nc2ccc(S(=O)(=O)NC3CCN(C(=O)N4CCC4)CC3)cc2)cccc1	1.0	1	0.47	0.976
21	CS(=O)(=O)c1cc(NS(=O)(=O)c2ccc(Cl)cc2)ccc1	1.0	1	0.828	0.989
21	COc1cc(Oc2ccc(OC(C)(C)C(=O)O)cc2)ccc1	1.0	1	0.823	0.987
21	O=C(O)c1c(F)cccc1Oc1cccc(C(F)(F)F)c1	1.0	1	0.838	0.982
21	O=S(=O)(Nc1cc(Cl)ccc1Oc1cc(F)cc(Cl)c1)C1CCNC1	1.0	1	0.926	0.89
21	O=C(NCCO)c1ccccc1Oc1ncccc1Nc1ccccc1	1.0	1	0.843	0.982
21	N#Cc1c(SSc2c(Cl)c(Cl)ccc2N2CCOCC2)nc(N)nc1	1.0	1	0.855	0.85
21	COc1c(S(=O)(=O)NCc2ccc(C(C)(C)C)cc2)cccc1	1.0	1	0.794	0.987
21	O=S(=O)(NCCCN1CCCC1)c1ccc(Cl)cc1Cn1ccnc1	1.0	1	0.806	0.962
21	O=C(O)c1ccccc1Oc1ccc(C(F)(F)F)cc1NS(=O)(=O)c1ccc(Cl)c(Cl)c1	1.0	1	0.965	0.972
21	CN1C(=O)C(Cc2ccc(Cl)cc2)C(=O)N1C1CCCCC1	1.0	1	0.953	0.879
21	CNS(=O)(=O)c1cccc(-c2ccc(Cc3cc(Cl)ccc3)cc2)c1	1.0	1	0.795	0.986
21	Cc1cc(C(=O)c2cc(Cl)ccc2NS(=O)(=O)c2ccc(Cl)cc2)cnc1	1.0	1	0.929	0.977
21	N#CC1(C#N)CCCCC1n1cc(C(F)(F)F)ccc1=S	1.0	1	0.759	0.552
21	CCCC(=O)N1CCC(NS(=O)(=O)c2ccc(CCN(C)C)cc2)CC1	1.0	1	0.726	0.977
21	CCCC(=O)C1=C(O)C(=O)N(c2ccc(Cl)cc2C)C1C1CCCCC1	1.0	1	0.999	0.883
21	O=S(=O)(NCCCN1CCC(O)(c2ccc(Cl)cc2)CC1)c1c(F)cccc1	1.0	1	0.574	0.969
21	CC(C)c1nc2nc(N)nn2c(O)c1Cc1cc(C(F)(F)F)ccc1F	1.0	1	0.999	0.898
21	COc1ccc(S(=O)(=O)Nc2ccc(Cl)cc2C(=O)c2cnccc2)cc1	1.0	1	0.912	0.983
21	CC(C)(C)c1ccc(S(=O)(=O)Nc2ccc(Cl)cc2C(=O)c2cnccc2)cc1	1.0	1	0.888	0.977
21	CC(=O)C1=C(O)C(=O)N(c2cc(F)c(F)cc2F)C1C1CCCCC1	1.0	1	0.91	0.873
21	COc1cc(Oc2ccc(C(=O)NCC(N)=O)cc2)ccc1O	1.0	1	0.84	0.987
21	CC(C)(C)c1ccc(S(=O)(=O)Nc2ccc(Cl)cc2-c2c(O)cccc2)cc1	1.0	1	0.939	0.979
21	CCC(CO)(c1ccccc1)c1cccc(OCC(=O)O)c1Cl	1.0	1	0.873	0.913
21	COc1ccc(Cn2nc(NS(=O)(=O)c3ccc(Cl)s3)nc2)cc1	1.0	1	0.8	0.968
21	O=C(O)c1c(Oc2cnccc2NS(=O)(=O)c2ccc(Cl)cc2)cccc1	1.0	1	0.966	0.978
21	COc1cccc2c1c(NS(=O)(=O)c1ccc(Cl)s1)nn2Cc1cccc(CN)c1	1.0	1	0.845	0.949
21	Cc1c(C(=O)Nc2ccc(S(=O)(=O)NC3CCN(C(=O)N4CCC4)CC3)cc2)cccc1	1.0	1	0.47	0.976
21	O=C(Nc1ccc(S(=O)(=O)Nc2ccccc2C(=O)c2ccccc2)cc1)c1ccccn1	1.0	1	0.733	0.982
21	COc1ccccc1C(=O)Nc1cc(C(=O)NCCN2CCCCC2)ccc1Cl	1.0	1	0.559	0.985
21	O=C(c1ncccn1)c1cc(Cl)ccc1NS(=O)(=O)c1ccc(OC#CC(F)(F)C(F)(F)F)cc1	1.0	1	0.745	0.859
21	O=S(=O)(CCOCCO)c1ccc(Cl)cc1	1.0	1	0.838	0.983
21	COc1ccc(Cc2c(OC3OC(CO)C(O)C(O)C3C)nn(Cc3cccc(F)c3)c2)cc1	1.0	1	0.737	0.583
21	CCCCCCc1nc2nc(N)nn2c(O)c1Cc1cccc(Cl)c1	1.0	1	0.999	0.937
21	CCCC(=O)N1CCC(NS(=O)(=O)c2ccc(NC(=O)C(C)(C)C)c3c2cccc3)CC1	1.0	1	0.692	0.963
21	CC(=O)C1=C(O)C(=O)N(c2cc(Cl)ccc2)C1c1ccccc1	1.0	1	0.999	0.958
21	CCCCCc1ccc(C(=O)NCc2ccccc2C(=O)c2ccccc2)cc1	1.0	1	0.697	0.988
21	Cc1c(C(=O)c2cc(Cl)ccc2NS(=O)(=O)c2ccc(Cl)c(C(C)(C)C)c2)cccn1	1.0	1	0.934	0.963
21	CC1CCN(C(=O)c2ccccc2NS(=O)(=O)c2ccc(Cl)c(Cl)c2)CC1	1.0	1	0.916	0.982
21	COc1ccc(Sc2nc(N(C)c3ccccc3)ncc2C(F)(F)F)cc1	1.0	1	0.92	0.955
21	CC(C)(C)c1ccc(S(=O)(=O)Nc2ccc(Cl)cc2C(=O)c2cc(S(C)(=O)=O)ncc2)cc1	1.0	1	0.805	0.957
21	CC1CCN(C(=O)C(CCn2cccc2C#N)NS(=O)(=O)c2cc(Cl)c(N)c(Cl)c2)CC1	1.0	1	0.776	0.801
21	Cc1cccc(N2C(=O)c3c(C)cccc3C2(O)C(=O)N(C)c2ccc(Cl)cc2)c1	1.0	1	0.857	0.867
22	CS(=O)(=O)CCc1ccc(OS(=O)(=O)c2ccc(Cl)cc2)cc1	1.0	1	0.725	0.982
22	O=S(=O)(Nc1ncc(Cl)nc1OCc1cc(Br)ccc1)c1cccc(Cl)c1Cl	1.0	1	0.952	0.951
22	O=S(=O)(Nc1cc(Cl)ccc1Cn1ccnn1)c1cccc(F)c1	1.0	1	0.896	0.965
22	Cc1nnnn1Cc1ccc(Cl)cc1NS(=O)(=O)c1ccc(Cl)c(Cl)c1	1.0	1	0.98	0.962
22	COc1c(Cl)cccc1NS(=O)(=O)c1ccc(Cl)c(Cl)c1	1.0	1	0.867	0.983
22	Cc1cc(NS(=O)(=O)c2cc(C(F)(F)F)c(Cl)cc2)c(C#N)cn1	1.0	1	0.885	0.954
22	COc1c(F)c(F)c(C(=O)NC2CC3CCCN2C3c2ccc(F)cc2)cc1	1.0	1	0.525	0.316
22	CC(C)(C)c1ccc(S(=O)(=O)Nc2ccc(S(=O)(=O)N3CCC3C(N)=O)cc2)cc1	1.0	1	0.671	0.934
22	O=C(NC(=O)NO)c1ccc(Cl)cc1Cl	1.0	1	0.784	0.978
22	Cc1ccc(C(=O)c2cc(Cl)ccc2NS(=O)(=O)c2ccc(C(C)(C)C)cc2)cn1C	0.0	0	0.0	0.0
22	O=C(O)c1ccc(Oc2ccc(Cl)cc2NS(=O)(=O)c2ccc(Cl)c(Cl)c2)cc1	1.0	1	0.954	0.982
22	COc1cccc(NS(=O)(=O)c2ccc(Cl)c(Cl)c2)c1C	1.0	1	0.816	0.986
22	O=C(O)c1cc(Oc2c(C(=O)c3ccc(Cl)cc3)cc(Cl)cc2)cc(F)c1	1.0	1	0.929	0.981
22	Cc1c(Cl)c(S(=O)(=O)NCc2ccccc2)cccc1	0.0	0	0.0	0.0
22	Cc1cc(C(=O)c2cc(Cl)ccc2NS(=O)(=O)c2ccc(C(C)(C)c3ncccn3)cc2)ccn1	1.0	1	0.688	0.939
22	COc1c(-c2cc(Cl)ccc2NS(=O)(=O)c2ccc(C(C)(C)C)cc2)nccc1	1.0	1	0.841	0.973
22	O=C(O)c1c(Oc2cccc(F)c2NS(=O)(=O)c2ccc(Cl)c(Cl)c2)cccc1	1.0	1	0.984	0.974
22	N#Cc1cc(S(=O)(=O)Nc2cc(Cl)c(Cl)cc2Cn2ccnn2)ccc1	1.0	1	0.911	0.944
22	CCC(C)NS(=O)(=O)c1cccc(C(=O)Nc2ccc(C)cc2O)c1	1.0	1	0.704	0.958
22	O=C(O)c1c(Oc2cccc(F)c2NS(=O)(=O)c2ccc(Cl)cc2)cccc1	1.0	1	0.982	0.979
22	CNC(=O)N1CCC(NS(=O)(=O)c2ccc(NC(=O)c3ccc(Cl)cc3)c3c2cccc3)CC1	1.0	1	0.572	0.969
22	O=C(c1ccncc1)c1cc(Cl)ccc1NS(=O)(=O)c1ccc(I)cc1	1.0	1	0.929	0.977
22	Cc1nc(C)c(-c2ccc(S(=O)(=O)Nc3ccc(Cl)cc3C(=O)c3ccncc3)cc2)cn1	1.0	1	0.768	0.961
22	CNS(=O)(=O)c1ccc(CNC(=O)c2cncc3ccccc23)cc1	1.0	1	0.723	0.982
22	CCCCC(=O)C1=C(O)C(=O)N(c2ccc(C)cc2)C1c1ccc2ccccc2c1	1.0	1	0.994	0.934
22	Nc1nn2c(O)c(Cc3cccc(Cl)c3)c(C3CC3)nc2n1	1.0	1	1.0	0.922
22	O=C(O)c1c(Oc2cnccc2NS(=O)(=O)c2ccc(Cl)c(Cl)c2)cccc1	1.0	1	0.939	0.972
22	Cc1cc(OC(=O)c2ccccc2)nc(C(=O)N2CCCCC2)n1	1.0	1	0.788	0.973
22	CCNS(=O)(=O)c1ccc(CNC(=O)c2ccccc2)cc1	1.0	1	0.743	0.991
22	Cc1c(N=S(O)(=O)c2ccc(Cl)c(Cl)c2)c(N)ccc1	1.0	1	0.792	0.85
22	CC(C)(C)c1ccc(S(=O)(=O)Nc2ccc(Cl)cc2C(=O)c2cnc(S(C)(=O)=O)cc2)cc1	1.0	1	0.856	0.961
22	COc1ccc(S(=O)(=O)Nc2ccc(Cl)c3c2C(=O)N(c2ccncc2)C3=O)cc1	1.0	1	0.744	0.963
22	COc1cc2c(cc1NS(=O)(=O)c1c(Cl)c(Cl)ccc1)n(C)c(=O)n2Cc1cccc(C(=O)c2ccccc2)c1	1.0	0	0.005	0.947
22	CC(C)(C)c1ccc(S(=O)(=O)Nc2ccc(Br)cc2C(=O)c2ccncc2)cc1	1.0	1	0.892	0.975
22	CS(=O)(=O)c1ccc(S(=O)(=O)Nc2ccc(F)c(F)c2C(=O)c2ccncc2)cc1	1.0	1	0.863	0.964
22	CCc1ccc(-c2nc3nc(N)nn3c(O)c2Cc2cc(Cl)ccc2)cc1	1.0	1	0.999	0.951
22	CC1(c2ccc(S(=O)(=O)c3ccccc3)cc2)OCCO1	1.0	1	0.92	0.972
22	CCOc1ccc(NS(=O)(=O)c2ccc(N3C(=O)c4c(C)cccc4C3)cc2)cc1	1.0	1	0.625	0.976
22	Cc1ncc(C(=O)c2cc(Cl)ccc2NS(=O)(=O)c2ccc(OS(=O)(=O)c3ccccc3)cc2)cc1	1.0	0	0.005	0.965
22	CS(=O)(=O)c1ccc(S(=O)(=O)Nc2ccc(Cl)cc2C(=O)c2cnc(C)cc2)cc1	1.0	1	0.888	0.974
22	CC(C)(C)c1ccc(S(=O)(=O)Nc2ccc(Br)cc2C(=O)c2cc(S(C)(=O)=O)ncc2)cc1	1.0	1	0.853	0.953
22	O=S(=O)(Nc1cc(Cl)ccc1Cn1ccnn1)c1cccc2ccccc12	1.0	1	0.85	0.966
22	COc1nc(Br)cnc1NS(=O)(=O)c1cccc(Cl)c1Cl	1.0	1	0.892	0.95
22	CC(C)(C)c1ccc(S(=O)(=O)Nc2ccc(F)c(F)c2C(=O)c2ccncc2)cc1	1.0	1	0.867	0.965
22	O=S(=O)(NCCCN1CCCC1)c1ccc(Cl)cc1Cl	1.0	1	0.803	0.983
22	CCCCCc1nc2nc(N)nn2c(O)c1Cc1ccc(Cl)c(Cl)c1	1.0	1	0.999	0.93
22	CCCC(=O)N1CCC(NS(=O)(=O)c2ccc(OC)cc2)CC1	1.0	1	0.824	0.984
22	CC(C)(C)c1ccc(S(=O)(=O)Nc2ccc(F)c(F)c2S(=O)(=O)c2ccccc2)cc1	1.0	1	0.958	0.967
22	CC(=O)c1ccc(S(=O)(=O)Nc2ccc(Br)cc2C(=O)c2cc(C(C)(C)C)ccc2)cc1	1.0	1	0.893	0.974
22	COc1cc(Br)c(S(=O)(=O)Nc2ccc(NC(=O)c3ccncc3)cc2)cc1	1.0	1	0.657	0.981
22	Oc1cc(CSc2cccc(F)c2)nc2nc(-c3ccccc3)nn12	1.0	1	0.953	0.957
22	Cc1nnc(-c2cc(Cl)ccc2NS(=O)(=O)c2ccc(C(C)(C)C)cc2)n1	0.0	0	0.0	0.0
22	COc1cc(Oc2cc(Cl)ccc2NS(=O)(=O)c2ccc(C(C)(C)C)cc2)cnc1	1.0	1	0.936	0.969
22	COc1c(C)c(NS(=O)(=O)c2ccc(C(C)(C)C)cc2)ccc1	1.0	1	0.755	0.985
22	CC(C)(C)c1ccc(S(=O)(=O)Nc2ccc(Br)cc2C(=O)c2ccncc2)cc1	1.0	1	0.892	0.975
22	CC(C)(C)c1ccc(S(=O)(=O)Nc2ccc(Cl)cc2-c2c(N)nccn2)cc1	1.0	1	0.817	0.966
22	Cn1c(O)c(NS(=O)(=O)c2ccc(Cl)cc2)cc1	1.0	1	0.708	0.967
22	Cc1ccc(S(=O)(=O)NC(=O)N2CCC(N3CCC(Oc4cccc(C)c4)CC3)CC2)cc1	1.0	1	0.438	0.962
22	CC(=O)C1CCC2C3CCC4CC(NS(C)(=O)=C(C)C)c4ccc31	0.0	0	0.0	0.0
22	Cc1ccc(-c2nnc(Nc3ccc(OC(C)C)cc3)c3c2cccc3)cn1	1.0	1	0.905	0.973
22	CC(=O)c1ccc(S(=O)(=O)Nc2ccc(Br)cc2C(=O)c2ccncc2)cc1	1.0	1	0.898	0.978
22	CC(=O)CCc1cc(C(=O)c2ccccc2)ccc1	1.0	1	0.824	0.991
22	COc1nc(Br)cnc1NS(=O)(=O)c1c(C)cc(Cl)c(C(C)(C)O)c1	1.0	1	0.893	0.906
22	CC(C)(C)c1ccc(S(=O)(=O)Nc2ccc(Cl)cc2C(=O)c2cncc(F)c2)cc1	1.0	1	0.895	0.969
22	Cc1cccc(NS(=O)(=O)c2ccc(Cl)cc2)c1Oc1ccccc1	1.0	1	0.961	0.986
22	CC(C)(c1ccc(S(=O)(=O)Nc2ccc(Cl)cc2C(=O)c2cnccc2)cc1)c1sccn1	1.0	1	0.789	0.945
22	NC(=O)c1ccncc1Nc1ncc(Cl)cc1Cn1cc(F)c(N)c(N)n1	0.0	0	0.0	0.0
22	CS(=O)(=O)Nc1cc(CSc2cccc(F)c2)ccc1C1CCCN(C)C1	1.0	1	0.854	0.902
22	CCCCC(=O)C1=C(O)C(=O)N(c2ccc(C)cc2)C1C1CCCCCC1	1.0	1	0.997	0.91
22	CC(C)(C)c1ccc(S(=O)(=O)Nc2ccc(F)c(F)c2C(=O)c2ccncc2)cc1	1.0	1	0.867	0.965
22	O=C(NCCN=C1SCCN1S(=O)(=O)c1ccccc1)c1ccc(C(F)(F)F)cc1Cl	1.0	1	0.613	0.93
22	O=C(c1ccncc1)c1cc(Cl)ccc1NS(=O)(=O)c1ccc(Cl)cc1	1.0	1	0.927	0.983
22	CC(C)c1nc2nc(N)nn2c(O)c1Cc1cc(Cl)ccc1Cl	1.0	1	1.0	0.916
22	Cc1nn2c(O)cc(CSc3cccc(F)c3F)nc2n1	1.0	1	0.99	0.917
22	Cc1ccc(S(=O)(=O)NCc2ccc(C(=O)NC3CCCCC3)cc2)cc1	1.0	1	0.547	0.987
22	Cc1ncccc1Oc1ncc(Cl)cc1CCOc1ccc(F)cc1C1CC1C(NC#N)N(C)C#N	1.0	0	0.005	0.337
22	COCc1c(-c2ccc(Cl)cc2)cncc1NS(=O)(=O)c1ccc(Cl)c(C(F)F)c1	1.0	1	0.894	0.94
22	O=C(c1ccncc1)c1cc(Cl)ccc1NS(=O)(=O)c1ccc(N2CCOCC2)cc1	1.0	1	0.728	0.973
22	CC(=O)NCc1ccc(C(=O)c2cc(Cl)ccc2NS(=O)(=O)c2ccc(Cl)c(Cl)c2)cc1	1.0	1	0.878	0.976
22	Cc1ccncc1CCN(C(=O)c1ccccc1)c1ccccn1CCO	0.0	0	0.0	0.0
22	CNS(=O)(=O)c1cc(C(N)=O)c(N2CC(N)C2)cc1	1.0	1	0.913	0.968
22	CCCC(=O)Nc1ccc(C(=O)Nc2ccc(S(=O)(=O)NC3CCN(C(C)=O)CC3)cc2)cc1	1.0	1	0.411	0.977
22	O=S(=O)(Nc1cc(Cl)ccc1Cn1ccnn1)c1cccc(Cl)c1	1.0	1	0.904	0.966
22	Cc1ccc(C(=O)c2cc(Cl)ccc2NS(=O)(=O)c2ccc(-c3ccccc3C(F)(F)F)cc2)cc1	1.0	0	0.005	0.973
22	COc1nccc(Oc2ccc(N3C(Cl)(Cl)CC3C)c(C)n2)c1	1.0	1	0.82	0.706
22	CN(C)c1ccc(S(=O)(=O)NC(=O)c2ccccc2)cc1	1.0	1	0.804	0.99
22	Cc1cc(F)c(NS(=O)(=O)c2cc(C(F)(F)F)ccc2)cc1	1.0	1	0.834	0.985
22	O=S(=O)(NCC1(c2ccncc2)CCCO1)c1cc(Cl)ccc1Cl	1.0	1	0.905	0.852
22	O=C(O)c1ccccc1Oc1ccc(C(F)(F)F)cc1NS(=O)(=O)c1ccc(Cl)c(Cl)c1	1.0	1	0.965	0.972
22	CC(C)c1ccc(S(=O)(=O)Nc2ccc(Cl)cc2C(=O)c2ccc(Cl)cc2)cc1	1.0	1	0.925	0.983
22	O=S(=O)(Nc1cc(Cl)c(Cl)nc1C(=O)c1ccccc1)c1ccc(Cl)cc1	1.0	1	0.915	0.976
22	CC(C)(C)c1ccc(S(=O)(=O)Nc2ccc(Br)cc2C(=O)c2ccncc2)cc1	1.0	1	0.892	0.975
22	O=C(O)c1ccccc1Oc1c(F)cc(C(F)(F)F)cc1NS(=O)(=O)c1ccc(Cl)c(Cl)c1	1.0	1	0.883	0.958
22	CCCCc1cncnc1Oc1ccccc1CO	1.0	1	0.865	0.969
22	O=C(O)c1ccccc1Oc1ncc(Cl)cc1NS(=O)(=O)c1ccc(Cl)c(Cl)c1	1.0	1	0.905	0.971
22	CC(=O)C1=C(O)C(=O)N(c2ccc(C)cc2)C1c1ccc(Br)cc1	1.0	1	0.999	0.953
22	CC(C)(C)c1ccc(S(=O)(=O)Nc2ccc(Cl)c3c2C(=O)N(Cc2cnccc2)C3=O)cc1	1.0	1	0.619	0.954
22	CC(C)(C)c1ccc(S(=O)(=O)Nc2cccc(F)c2)cc1	1.0	1	0.849	0.989
22	CCOC(=O)N1CCC(NS(=O)(=O)c2ccc(NCCn3c(C(C)O)ccc3)c3c2cccc3)c2ccccc21	1.0	0	0.005	0.679
22	COc1nc(OC(=O)c2cc(Cl)ccc2NS(=O)(=O)c2ccc(C(C)(C)C)cc2)ncc1	1.0	1	0.848	0.954
23	Cc1ccc(S(=O)(=O)Nc2ccc(Cl)cc2C(=O)c2ccncc2)cc1	1.0	1	0.93	0.983
23	Cc1c(C(=O)Nc2ccc(S(=O)(=O)NCCN(C)C)cc2)cccc1	1.0	1	0.617	0.987
23	Cc1nnnn1Cc1ccccc1OC(F)(F)F	1.0	1	0.855	0.966
23	Cc1c(N2OC(=O)c3c(cc(N)cc32)C(C)C)c(=O)n(C)c1O	0.0	0	0.0	0.0
23	CCCC(=O)N1CCC(NS(=O)(=O)c2ccc(NC(=O)c3ncccc3)c3c2cccc3)CC1	1.0	1	0.601	0.965
23	Cc1c2C(=O)N(c3cncc(F)c3)N=C3N(Cc4ccccc4)C(=O)N23)ccc1	0.0	0	0.0	0.0
23	COc1cnc(C(=O)c2ccc(Cl)cc2NS(=O)(=O)c2ccc(Cl)c(Cl)c2)cc1	1.0	1	0.872	0.97
23	Oc1cc(CSc2cccc(F)c2)nc2nc(Cc3ccccc3)nn12	1.0	1	0.96	0.951
23	COc1ccc(S(=O)(=O)NC(=O)N2CCC(N3CCC(Oc4ccc(Cl)c(Cl)c4)CC3)CC2)cc1	1.0	1	0.4	0.955
23	CC(C)c1nc2nc(N)nn2c(O)c1Cc1cc(F)cc(Cl)c1	1.0	1	1.0	0.902
23	COc1c(S(=O)(=O)Nc2ccc(Br)cc2)nc2ccccc2c1	1.0	1	0.877	0.976
23	COc1ccc(Sc2ccc(C(=O)Nc3ccc(Cl)cc3-c3ccccc3)cc2)cc1	1.0	1	0.632	0.984
23	O=S(=O)(Nc1cc(Cl)ccc1Cn1ccnn1)c1ccc(Cl)c(Cl)c1	1.0	1	0.932	0.963
23	CCCCCCc1nc2nc(N)nn2c(O)c1Cc1cccc(Cl)c1	1.0	1	0.999	0.937
23	COc1c(Oc2ccc(Cl)cc2NS(=O)(=O)c2ccc(Cl)cc2)cccc1	1.0	1	0.974	0.986
23	Nc1nn2c(O)c(Cc3cccc(Cl)c3)c(C3CC3)nc2n1	1.0	1	1.0	0.922
23	COc1c2c(NS(=O)(=O)c3ccc(Cl)s3)nn(Cc3cccc(S(=O)(=O)NC4CC4)c3)c2ccc1	1.0	1	0.701	0.933
23	COc1nc(C)cnc1NS(=O)(=O)c1cccc(Cl)c1Cl	1.0	1	0.927	0.964
23	COc1ccc(NS(=O)(=O)c2ccc(N(C)C(=O)c3ccccc3)c3c2cccc3)cc1	1.0	1	0.689	0.979
23	CS(=O)(=O)NCCCCNc1c2ccccc2nc2nc3nc(CO)cn3n12C	0.0	0	0.0	0.0
23	Cc1nn2c(O)cc(CSc3ccc(Cl)cc3)nc2n1	1.0	1	0.989	0.946
23	O=C(O)c1ccc(Oc2ccc(Cl)cc2NS(=O)(=O)c2ccc(Cl)c(Cl)c2)cc1	1.0	1	0.954	0.982
23	CCC(=O)C1=C(O)C(=O)N(c2ccc(C)cc2)C1C1CCCCC1	1.0	1	0.994	0.913
23	CNS(=O)(=O)c1ccc(CNC(=O)c2cccc3c2cnn3-c2ccc(F)cc2)cc1	1.0	1	0.635	0.975
23	COc1cc2c(cc1NS(=O)(=O)c1c(Cl)c(Cl)ccc1)nc(O)[nH]2	1.0	1	0.972	0.947
23	O=S(=O)(NCCCN1CCC(O)(c2ccc(Cl)cc2)CC1)c1ccc(F)cc1	1.0	1	0.597	0.973
23	O=C(NCCNS(=O)(=O)c1ccc(Cl)cc1)NS(=O)(=O)c1ccccc1	1.0	1	0.443	0.982
23	COc1ccc(S(=O)(=O)Nc2ccc(Cl)c(C(=O)N3CCN(C)CC3)c2)cc1	1.0	1	0.663	0.984
23	Nc1nn2c(O)c(Cc3cccc(F)c3)c(C3CC3)nc2n1	1.0	1	1.0	0.921
23	CC(=O)C1=C(O)C(=O)N(c2cc(Cl)ccc2)C1c1ccccc1	1.0	1	0.999	0.958
23	CC(C)c1nc2nc(N)nn2c(O)c1Cc1cc(Cl)ccc1	1.0	1	1.0	0.929
23	CC(C)c1nc2nc(N)nn2c(O)c1Cc1cc(F)cc(Cl)c1	1.0	1	1.0	0.902
23	COc1ccc(NS(=O)(=O)c2ccc(Cl)cc2)cc1	1.0	1	0.8	0.994
23	CCOCCCNC(=O)c1ccc(Cn2nc(NS(=O)(=O)c3ccc(Cl)s3)c3c2cccc3)cc1	1.0	1	0.655	0.953
23	CCCc1nc2nc(N)nn2c(O)c1Cc1ccc(Cl)cc1	1.0	1	1.0	0.941
23	COc1c2c(NS(=O)(=O)c3ccc(Cl)s3)nn(Cc3cccc(C#N)c3)c2ccc1	1.0	1	0.834	0.946
23	O=C(O)c1ccccc1Oc1ncc(Cl)cc1CNS(=O)(=O)c1ccc(Cl)c(Cl)c1	1.0	1	0.721	0.966
23	O=S(=O)(Nc1cc(Cl)ccc1Cn1ccnn1)c1cc(Cl)ccc1	1.0	1	0.904	0.966
23	Cc1cccc(NC(=O)Nc2ccc(C)cc2CCN2CCCC2)c1	1.0	1	0.685	0.984
23	CC(=O)C1=C(O)C(=O)N(c2ccc(Cl)cc2)C1C1CCCCC1	1.0	1	0.978	0.927
23	CCOc1cnc(NS(=O)(=O)c2ccc(Cl)c(Cl)c2)cc1	1.0	1	0.822	0.982
23	CCCC(=O)N1CCC(NS(=O)(=O)c2ccc(NC(=O)C3CCCC3)c3ccccc23)CC1	1.0	1	0.625	0.967
23	CCc1nc2nc(N)nn2c(O)c1Cc1cc(Cl)cs1	1.0	1	1.0	0.821
23	CC(=O)C1=C(O)C(=O)N(c2ccc(Cl)cc2)C1Cc1ccccc1	1.0	1	0.989	0.943
23	CS(=O)(=O)c1cccc(C(=O)Nc2ccc(Cl)cc2C(=O)c2cnccc2)c1	1.0	1	0.767	0.981
23	CC(C)(C)c1ccc(S(=O)(=O)Nc2ccc(F)cc2C(=O)c2cnc(S(C)(=O)=O)cc2)cc1	1.0	1	0.864	0.96
23	CC(=O)c1ccc(S(=O)(=O)Nc2ccc(I)cc2C(=O)c2cnccc2)cc1	1.0	1	0.895	0.974
23	COc1nc(Br)cnc1NS(=O)(=O)c1cc(Cl)c(Cl)s1	1.0	1	0.945	0.898
23	CC(=O)NCc1ccc(C(=O)c2cc(Cl)ccc2NS(=O)(=O)c2ccc(C(C)(C)C)cc2)cc1	1.0	1	0.842	0.975
23	Cc1nnc(-n2c(-c3ccccc3)c3cc(Cl)ccc3c3ccccc32)cc1	0.0	0	0.0	0.0
23	CC(=O)C1=C(O)C(=O)N(c2ccc(C)cc2)C1C1CCCCC1	1.0	1	0.997	0.929
23	O=C(O)c1ccccc1Oc1ccc(Cl)cc1NS(=O)(=O)c1ccc(Cl)c(Cl)c1	1.0	1	0.967	0.98
23	CC(C)(C)c1ccc(S(=O)(=O)Nc2ccc(Cl)cc2C(=O)c2ccnc(Cl)c2)cc1	1.0	1	0.884	0.971
23	CCc1ccc(Oc2cc(Cl)ccc2NS(=O)(=O)c2ccc(Cl)c(Cl)c2)cc1	1.0	1	0.949	0.982
23	CCCCC(=O)C1=C(O)C(=O)N(c2ccc(C)cc2)C1C1CCCCC1	1.0	1	0.999	0.911
23	COc1cccc2c1c(NS(=O)(=O)c1ccc(Cl)s1)nn2Cc1cccc(CN)c1	1.0	1	0.845	0.949
23	COc1ccc(CCNC(=O)C(=O)c2c[nH]c3ccccc23)cc1	1.0	1	0.808	0.984
23	CC(=O)C1=C(O)C(=O)N(c2ccc(C(F)(F)F)cc2)C1C1CCCCC1	1.0	1	0.991	0.907
23	CC(=O)OC1(C)C(=O)c2ccccc2C1=O)c1cc(C(=O)c2ccccc2)c(O)cc1	0.0	0	0.0	0.0
23	COc1ccc(Cn2cnc3c2CC(=O)N(CC(=O)O)c2ccccc23)cc1	1.0	1	0.775	0.959
23	Cc1cc(C)nc(O)c1Cc1cc(I)c(Cl)cc1CC	1.0	1	0.915	0.905
23	CC(=O)C1=C(O)C(=O)N(c2ccc(Br)cc2F)C1c1cc(Br)ccc1	1.0	1	0.999	0.918
23	O=C(c1ccncc1)c1cc(Cl)ccc1NS(=O)(=O)c1ccc(Cl)cc1	1.0	1	0.927	0.983
23	CC(C)(C)c1ccc(S(=O)(=O)Nc2ccc(Cl)cc2C(=O)c2ccnc(Cl)c2)cc1	1.0	1	0.884	0.971
23	COc1cc2c(cc1NS(=O)(=O)c1c(Cl)c(Cl)ccc1)nc(O)n2C	1.0	1	0.981	0.948
23	COc1nccnc1NS(=O)(=O)c1cccc(Cl)c1Cl	1.0	1	0.882	0.968
23	Cc1c(C(=O)c2cc(Cl)ccc2NS(=O)(=O)c2ccc(O)c(F)c2)cccn1	1.0	1	0.919	0.969
23	Cc1ccccc1C(=O)c1cc(Cl)ccc1NS(=O)(=O)c1ccc(Cl)c(C(F)F)c1	1.0	1	0.93	0.968
23	CC(C)(c1ccc(S(=O)(=O)Nc2ccc(Cl)cc2C(=O)c2ccncc2)cc1)c1cocn1	1.0	1	0.71	0.924
23	CC(=O)c1ccc(S(=O)(=O)Nc2ccc(Br)cc2C(=O)c2ccncc2)cc1	1.0	1	0.898	0.978
23	CC(C)(C)c1ccc(S(=O)(=O)Nc2ccc(Br)cc2C(=O)c2cc(S(C)(=O)=O)ccc2)cc1	1.0	1	0.871	0.971
23	COc1c(Cl)cccc1Oc1ccc(Cl)cc1NS(=O)(=O)c1ccc(Cl)c(Cl)c1	1.0	1	0.982	0.976
23	COc1ccc(S(=O)(=O)Nc2ccc(Cl)c(C(=O)N3CCN(C)C3=O)c2)cc1	1.0	1	0.74	0.971
23	CC(C)(c1ccc(S(=O)(=O)Nc2ccc(Cl)cc2C(=O)c2cc[n+]([O-])cc2)cc1)c1cnnc(NS(=O)(=O)c2ccc(C(C)(C)C)cc2)c1	1.0	0	0.005	0.824
23	CN(O)C(=O)Nc1c(C(=O)N(C)c2ccc(Cl)cc2)cccc1	1.0	1	0.903	0.976
23	Cc1ccc(S(=O)(=O)NC(CCn2cccc2C#N)C(C)C)cc1	1.0	1	0.921	0.871
23	O=[N+]([O-])c1ccccc1NS(=O)(=O)c1ccc(Cl)c(Cl)c1	1.0	1	0.892	0.985
23	CC(=O)C1=C(O)C(=O)N(c2ccc(F)cc2F)C1C1CCCCC1	1.0	1	0.999	0.902
23	CS(=O)(=O)c1ccc(C(=O)Nc2c(F)cccc2F)cc1	1.0	1	0.665	0.989
23	COc1ccc(S(=O)(=O)Nc2ccc(Br)cc2C(=O)c2cnccc2)cc1	1.0	1	0.914	0.981
23	CC(C)(C)c1ccc(S(=O)(=O)Nc2ccc(Br)cc2C(=O)c2ccncc2)cc1	1.0	1	0.892	0.975
23	COc1ccccc1Cn1nc(NS(=O)(=O)c2ccc(Cl)cc2)c2ccccc21	1.0	1	0.89	0.978
23	O=S(=O)(Nc1cc(Cl)ccc1Cn1ccnn1)c1csc2c1cccc2	1.0	1	0.963	0.944
23	CCCC(=O)N1CCC(NS(=O)(=O)c2ccc(NC(=O)c3c(C)cccc3)c3c2cccc3)CC1	1.0	1	0.52	0.969
23	COc1c(NS(=O)(=O)c2ccc(Cl)cc2)cccc1	1.0	1	0.746	0.993
23	CC(=O)C1=C(O)C(=O)N(c2ccc(Br)cc2)C1c1ccccc1	1.0	1	0.999	0.957
23	Cc1ccc(OCc2nc(N)nc(NS(=O)(=O)c3ccc(C(C)(C)C)cc3)c2)cc1	1.0	1	0.763	0.97
23	CCCc1c(OS(=O)(=O)Nc2ccc(S(=O)(=O)Oc3ccccc3)cc2)cccc1	1.0	1	0.654	0.967
23	CC(C)Nc1nc2nc(N)n3nc(Cc4ccccc4)cc3c2n13	0.0	0	0.0	0.0
23	Cn1cc(C(=O)c2cc(Cl)ccc2NS(=O)(=O)c2ccc(Cl)c(Cl)c2)cc1	1.0	1	0.921	0.966
23	CC(C)c1nc(Cl)cnc1NS(=O)(=O)c1cccc(Cl)c1Cl	1.0	1	0.885	0.939
23	COc1ccc(NS(=O)(=O)c2ccc(NS(=O)(=O)c3ccc(C)cc3)cc2)cc1	1.0	1	0.609	0.988
23	CC(C)(C)c1ccc(S(=O)(=O)Nc2ccc(Br)cc2C(=O)c2cccnc2)cc1	1.0	1	0.889	0.975
23	CC(C)c1nc2nc(N)nn2c(O)c1Cc1cc(F)cc(Cl)c1	1.0	1	1.0	0.902
23	Cc1nn2c(O)cc(CSc3ncc(C)cc3)nc2n1	1.0	1	0.986	0.917
23	CC(C)(C)c1ccc(S(=O)(=O)Nc2ccc(C(=O)c3ccccc3)cc2)cc1	1.0	1	0.651	0.988
23	CCc1ccc(N2C(=O)C(O)=C(C(C)=O)C2C2CCCCC2)cc1	1.0	1	0.882	0.925
23	CCOc1c(OC)cc(C=NNc2c([N+](=O)[O-])cccc2)cc1	1.0	1	0.846	0.982
23	Cc1ccc(S(=O)(=O)Nc2ccc(C(=O)O)cc2)cc1	1.0	1	0.874	0.993
23	COC(=O)CCc1ccc(S(=O)(=O)Nc2ccc(Cl)cc2C(=O)c2cnc(OC)cc2)cc1	1.0	1	0.847	0.969
24	CC(C)(C)c1ccc(S(=O)(=O)Nc2ccc(Br)cc2C(=O)c2ccncc2)cc1	1.0	1	0.892	0.975
24	CC(C)(C)c1ccc(S(=O)(=O)Nc2ccc(Cl)cc2-c2c(O)cncc2)cc1	1.0	1	0.895	0.967
24	Cc1nn2c(O)c(Cc3cccc(F)c3)c(C3CC3)nc2n1	1.0	1	0.999	0.929
24	CC(=O)C1=C(O)C(=O)N(c2cc(F)c(C)cc2F)C1c1ccc(Cl)cc1	1.0	1	0.998	0.915
24	CN(C)c1ncnc(-c2ccc(Cl)cc2NS(=O)(=O)c2ccc(Cl)c(C(F)(F)F)c2)c1	1.0	1	0.925	0.945
24	COc1ccccc1OCc1ccc(C(F)(F)F)cc1NS(=O)(=O)c1ccc(Cl)c(C(F)F)c1	1.0	1	0.893	0.956
24	N#Cc1cccn1CCC(NS(=O)(=O)c1ccccc1)c1ccccc1	1.0	1	0.9	0.925
24	CCn1ccnc1SCc1nc2nc(Cc3ccccc3)nn2c(O)c1Cc1cccc(Cl)c1	1.0	1	0.94	0.904
24	Cc1nn2nc(O)c(Cc3ccc(F)cc3)c(O)c2n1	1.0	1	0.995	0.901
24	O=C(O)c1ccccc1Oc1ccc(C(F)(F)F)cc1NS(=O)(=O)c1ccc(Cl)c(Cl)c1	1.0	1	0.965	0.972
24	O=C(O)c1ccccc1Oc1ccc(C#N)cc1NS(=O)(=O)c1ccc(Cl)c(Cl)c1	1.0	1	0.973	0.973
24	CCOC(=O)N1CCC(NS(=O)(=O)c2ccc(NC(=O)c3ccccc3)c3c2cccc3)CC1	1.0	1	0.616	0.974
24	O=C(c1cnccc1)c1cc(F)ccc1NS(=O)(=O)c1ccc(Cl)c(Cl)c1	1.0	1	0.923	0.978
24	CCCCC(=O)Nc1ccc(C(=O)c2cccc(C)c2)c2ccccc12	1.0	1	0.81	0.986
24	O=C(c1ccncc1)c1cc(Cl)ccc1NS(=O)(=O)c1ccc(N2CCOCC2)cc1	1.0	1	0.728	0.973
24	COc1cccc(Cn2c(=O)c(CC(=O)NCc3ccc(F)cc3)c(Oc3ccc(Cl)c(C)c3)nc2Cl)c1	1.0	0	0.005	0.943
24	COc1ccc2nc(NS(=O)(=O)c3ccc(C(C)(C)C)cc3)n(N)c2c1NS1	0.0	0	0.0	0.0
24	CCCCCCc1nc2nc(N)nn2c(O)c1Cc1cccc(Cl)c1	1.0	1	0.999	0.937
24	O=C(O)CCc1ccc(S(=O)(=O)Nc2ccc(Cl)cc2C(=O)CS(=)(O)=O)cc1	0.0	0	0.0	0.0
24	COc1cc(S(=O)(=O)NCc2ccc(OC(F)(F)F)cc2)ccc1	1.0	1	0.736	0.985
24	Cn1c(O)c(NS(=O)(=O)c2ccccc2)c2c1ccc(O)c2NC	1.0	1	0.776	0.94
24	COc1ccc(S(=O)(=O)Nc2ccc(Cl)cc2C(=O)c2nc(C)c[nH]2)cc1	1.0	1	0.836	0.948
24	CNS(=O)(=O)c1ccc(CNC(=O)c2ccccc2)cc1	1.0	1	0.787	0.992
24	Cc1[n+]([O-])cc(C(=O)c2cc(Cl)ccc2NS(=O)(=O)c2ccc(C(C)(C)C)cc2)cc1	1.0	1	0.896	0.948
24	Nc1nn2c(O)c(Cc3ccc(F)cc3)c(C3CC3)nc2n1	1.0	1	1.0	0.929
24	CC(C)c1nc2nc(N)nn2c(O)c1Cc1cc(Cl)ccc1	1.0	1	1.0	0.929
24	COc1ccc(S(=O)(=O)Nc2cccc(C(=O)Nc3ccccc3)c2)cc1	1.0	1	0.729	0.991
24	CC1CCN(C(=O)C(CCn2nccc2C#N)NS(=O)(=O)c2cc(Cl)c(N)c(Cl)c2)CC1	1.0	1	0.747	0.768
24	CC(C)(c1ncco1)c1ccccc1S(=O)(=O)Nc1ccc(Cl)cc1	1.0	1	0.892	0.951
24	CCSc1cccc2c1ccn2Cc1ccc(OC(C)(C)C(=O)O)cc1	1.0	1	0.815	0.965
24	O=c1c(CCc2ccccc2)cccn1	0.0	0	0.0	0.0
24	Oc1c(Cc2cccc(Cl)c2)c(C2CC2)nc2[nH]cnc12	1.0	1	0.986	0.922
24	O=S(=O)(NCCCN1CCC(O)(c2ccc(Cl)cc2)CC1)c1cccs1	1.0	1	0.626	0.963
24	Cc1c(C(=O)c2cc(Cl)ccc2NS(=O)(=O)c2ccc(-c3ccc(Cl)cc3)cc2)cccn1	1.0	1	0.829	0.975
24	COc1nc(Br)cnc1NS(=O)(=O)c1c(Br)cc(Cl)s1	1.0	1	0.899	0.866
24	CCOC(=O)N1CCC(NS(=O)(=O)c2cccc3c2ccc(NC(C)=O)c13)C(C)C	1.0	0	0.005	0.138
24	CC(C)c1nc2nc(N)nn2c(O)c1Cc1cc(Br)c(Cl)cc1	1.0	1	1.0	0.899
24	CCCC(=O)C1=C(O)C(=O)N(c2ccccc2)C1C1CCCCC1	1.0	1	0.998	0.917
24	CC(=O)NC1CCN(c2ccc(C)cc2)C1=O	1.0	1	0.875	0.961
24	Oc1cc(CSc2cccc(F)c2F)nc2nc(Cc3ccccc3)nn12	1.0	1	0.953	0.937
24	O=S(=O)(Nc1cc(Cl)c(Cl)cc1Cn1ccnn1)c1cccc(Cl)c1	1.0	1	0.909	0.955
24	Cc1ccc(S(=O)(=O)NCCCC(=O)Nc2ccc(S(N)(=O)=O)cc2)cc1	1.0	1	0.472	0.985
24	O=S(=O)(Nc1cc(Cl)ccc1Cn1nnnc1C1CC1)c1ccc(Cl)c(Cl)c1	1.0	1	0.96	0.955
24	Nc1nn2c(O)c(Cc3cccc(F)c3)c(C3CC3)nc2n1	1.0	1	1.0	0.921
24	CS(=O)(O)=Nc1ccc(C(=O)c2ccccc2)c2ccccc12	1.0	1	0.901	0.922
24	CCCC(=O)N1CCC(NS(=O)(=O)c2ccc(NC(=O)c3nccnc3)c3c2cccc3)CC1	1.0	1	0.533	0.957
24	O=S(=O)(NCCCN1CCCCC1)c1cc(Cl)ccc1NS(=O)(=O)c1ccc(Cl)c(Cl)c1	1.0	1	0.742	0.967
24	O=S(=O)(Nc1cc(Cl)ccc1Cn1nnnc1C1CC1)c1ccc(Cl)cc1	1.0	1	0.939	0.963
24	CCc1nn2c(Cc3ccc(F)cc3)cnc2n1Cc1ccc(Cc2ccccc2)cc1	1.0	1	0.789	0.954
24	CC(=O)C1=C(O)C(=O)N(c2cc(C)ccc2)CC1c1cc(Br)ccc1	1.0	1	0.984	0.895
24	CC(=O)C1=C(O)C(=O)N(c2cc(C)ccc2)CC1c1ccccc1	1.0	1	0.956	0.921
24	CNS(=O)(=O)c1ccc(CNC(=O)c2ccccc2)cc1	1.0	1	0.787	0.992
24	CC(C)c1nc2nc(N)nn2c(O)c1Cc1cc(F)ccc1	1.0	1	1.0	0.928
24	O=C(O)c1c(Oc2ccccc2NS(=O)(=O)c2ccc(Cl)cc2)cccc1	1.0	1	0.947	0.986
24	CC(=O)C1=C(O)C(=O)N(c2ccc(Br)cc2F)C1C1CCCCC1	1.0	1	0.999	0.892
24	CCOc1cnc(NS(=O)(=O)c2ccc(Cl)cc2)cc1	1.0	1	0.847	0.986
24	CC(C)(C)c1ccc(S(=O)(=O)Nc2ccc(O)cc2C#N)cc1	1.0	1	0.792	0.976
24	Cc1ccccc1C(=O)Nc1ccc(N2CCN(Cc3ccccc3)CC2)c(C)c1N	1.0	1	0.522	0.979
24	CCC(C(=O)Nc1ccc(C(=O)NC)cc1)c1ccccc1	1.0	1	0.778	0.977
24	CCc1ccc(C(C)NC(=O)c2cccnc2)cc1	1.0	1	0.923	0.977
24	Cc1ccccc1CN1C(=O)c2c(C(=O)c3ccccc3)c(C)nc2OC1C(C)C	0.0	0	0.0	0.0
24	CCC(=O)C1=C(O)C(=O)N(c2ccc(C)cc2)C1C1CCCCC1	1.0	1	0.994	0.913
24	CC(=O)C1=C(O)C(=O)N(c2ccc(Br)cc2)C1C1CCCCC1	1.0	1	0.905	0.919
24	COc1ccc(Nc2nc(N3CC(N)CC3)c3cc[nH]c3n2)cc1	1.0	1	0.809	0.911
24	CC(=O)NCCc1ccc(S(=O)(=O)Nc2ccc(Cl)cc2C(=O)c2ccncc2)cc1	1.0	1	0.842	0.975
24	CCCC1(C)Cc2ccccc2C2=C1C=Nc1ccccc21	1.0	1	0.923	0.907
24	COc1nc2c(cc1NS(=O)(=O)c1c(Cl)c(Cl)ccc1)nc(O)[nH]2C	0.0	0	0.0	0.0
24	COc1ccc(S(=O)(=O)Nc2ccc(Cl)cc2C(=O)Nc2ccccc2)cc1	1.0	1	0.816	0.989
24	CC(=O)Nc1ccc(Oc2ccc(Cl)cc2NS(=O)(=O)c2ccc(Cl)c(Cl)c2)cc1	1.0	1	0.962	0.981
24	Cc1nn2c(O)cc(CSc3ccc(Cl)cc3)nc2n1	1.0	1	0.989	0.946
24	O=C(NCCN(C1CCCCC1)C1CC1)N1CCC(N2C(=O)c3ccccc3C2=O)CC1)	0.0	0	0.0	0.0
24	O=C(c1ccncc1)c1cc(Cl)ccc1NS(=O)(=O)c1ccc(OC(F)(F)F)cc1	1.0	1	0.886	0.973
24	O=C(Nc1ccccc1)Nc1ccccn1	1.0	1	0.749	0.993
24	CCCC(=O)N1CCC(NS(=O)(=O)c2ccc(NC(=O)c3ccccc3)c3c2cccc3)CC1	1.0	1	0.617	0.974
24	CC(C)Oc1ccc(S(=O)(=O)Nc2ccc(Cl)cc2C(=O)c2ccncc2)cc1	1.0	1	0.884	0.977
24	N#Cc1cc(NS(=O)(=O)c2ccccc2)c(C(=O)O)c1C	0.0	0	0.0	0.0
24	CCOC(=O)c1nc2cc(C)c(C)cc2oc1=O	1.0	1	0.784	0.968
24	COc1cccc2c1c(NS(=O)(=O)c1ccc(Cl)s1)nn2Cc1cccc(C)c1	1.0	1	0.826	0.958
24	CC(=O)C1=C(O)C(=O)N(c2ccc(F)cc2F)C1C1CCCCC1	1.0	1	0.999	0.902
24	CS(=O)(=O)c1cc(NS(=O)(=O)c2ccc(Cl)cc2)c(Oc2ccccc2)cc1	1.0	1	0.894	0.984
24	COc1ccc(S(=O)(=O)Nc2ccc(Br)cc2C(=O)c2ccncc2)cc1	1.0	1	0.911	0.981
24	CN(C)C(=O)C(C)(C)c1ccc(S(=O)(=O)Nc2ccc(C(C)(C)C)cc2)cc1	1.0	1	0.734	0.97
24	O=C(O)c1c(Oc2ccccc2NS(=O)(=O)c2ccc(Cl)c(C(F)(F)F)c2)cccc1	1.0	1	0.963	0.975
24	CC(C)(C)c1ccc(S(=O)(=O)Nc2ccc(Cl)cc2-c2c(CN)cccn2)cc1	1.0	1	0.932	0.967
24	N#Cc1cc(S(=O)(=O)Nc2cc(Cl)ncc2C(N)=O)ccc1	1.0	1	0.742	0.967
24	Cc1ccc(F)cc1NS(=O)(=O)c1ccccc1	1.0	1	0.803	0.992
24	COc1c(Oc2ccc(Cl)cc2NS(=O)(=O)c2ccc(Cl)cc2)cccc1	1.0	1	0.974	0.986
24	CC(C)c1nc(NS(=O)(=O)c2cccc(Cl)c2)nc2c1ccccc2	0.0	0	0.0	0.0
24	O=C(NCCc1ccc(F)cc1)c1cc(C(F)(F)F)ccc1NC1CC1	1.0	1	0.751	0.981
24	O=C(O)c1cc(Oc2ccccc2NS(=O)(=O)c2ccc(Cl)c(Cl)c2)ccc1	1.0	1	0.946	0.983
24	Cc1cccc(CN2C(=O)c3c(C2=O)c(NS(=O)(=O)c2ccc(C(C)(C)(C)C)cc2)ccc3Cl)c1	0.0	0	0.0	0.0
24	CC1CCN(C(=O)C(CCn2ccnn2)NS(=O)(=O)c2cc(Cl)c(N)c(Cl)c2)CC1	1.0	1	0.866	0.826
24	O=C(O)c1c(Oc2ccccc2NS(=O)(=O)c2ccc(Cl)cc2)cccc1	1.0	1	0.947	0.986
24	CC(c1cc(Cl)ccc1NS(=O)(=O)c1cc(Cl)ccc1)(	0.0	0	0.0	0.0
24	COc1cc2c(cc1NS(=O)(=O)c1c(Cl)c(Cl)ccc1)nc(O)n2C1CCOCC1	1.0	1	0.939	0.923
24	CN(C)c1ccncc1N1C(=O)c2ccccc2C1=O	1.0	1	0.801	0.973
24	C(=O)Nc1ccc(C(=O)c2c3c(cccc3)CC2C(=O)c2ccc(Cl)cc2)cc1	0.0	0	0.0	0.0
24	COc1c(Oc2ccc(Cl)c(S(C)(=O)=O)c2)ccc(C(=O)NCC(=O)O)c1	1.0	1	0.837	0.979
24	CCN(CC)CC1C(=O)c2ccccc2C1C(=O)Nc1ccc(C)cc1	1.0	1	0.854	0.873
24	COC(=O)C1=C(O)C(=O)N(c2ccc(S(N)(=O)=O)cc2)C1C1CCCCC1	1.0	1	0.959	0.905
25	COc1ccc(Cc2c(OC3C4COC(C3)C3C4)ccc3[n+]2[O-])ccc1	0.0	0	0.0	0.0
25	CS(=O)(=O)c1cc(NS(=O)(=O)c2ccc(Cl)cc2)c(C(F)(F)F)[nH]c1	0.0	0	0.0	0.0
25	O=[N+]([O-])c1c(Oc2ccc(Cl)cc2NS(=O)(=O)c2ccc(Cl)c(Cl)c2)cccc1	1.0	1	0.968	0.977
25	O=C(O)c1cc(Oc2ccccc2NS(=O)(=O)c2ccc(Cl)c(Cl)c2)ccc1	1.0	1	0.946	0.983
25	O=C(O)c1ccccc1Oc1ncc(Cl)cc1NS(=O)(=O)c1ccc(Cl)c(Cl)c1	1.0	1	0.905	0.971
25	COc1ccc(S(=O)(=O)Nc2ccc(Br)cc2C(=O)c2ccncc2)cc1	1.0	1	0.911	0.981
25	O=C(O)c1c(Oc2c(Cl)cccc2NS(=O)(=O)c2ccc(Cl)cc2)cccc1	1.0	1	0.963	0.98
25	Cc1cc(C)nc(N2C(=O)c3c(C2=O)c(NS(=O)(=O)c2ccc(C(C)(C)C)cc2)ccc3Cl)cc1	0.0	0	0.0	0.0
25	Cc1nn(Cc2cc(Cl)ccc2NS(=O)(=O)c2ccc(Cl)cc2)cc1	1.0	1	0.901	0.975
25	Cc1c(C(=O)Nc2ccc(S(=O)(=O)N3CCCC3)cc2)cccc1	1.0	1	0.599	0.99
25	Cc1ccccc1Oc1ccc(NS(=O)(=O)c2ccc(Cl)c(C(F)(F)F)c2)cc1	1.0	1	0.751	0.981
25	O=S(=O)(NCCCN1CCC(O)(c2ccc(Cl)cc2)CC1)c1ccc(F)cc1	1.0	1	0.597	0.973
25	CCCCCCCc1nc2nc(N)nn2c(O)c1Cc1cccc(Cl)c1	1.0	1	0.999	0.937
25	O=C(O)c1ccccc1Oc1ccc(Cl)cc1NS(=O)(=O)c1ccc(Cl)cc1	1.0	1	0.972	0.984
25	COc1cc(NS(=O)(=O)c2ccc(N3C(=O)c4c(cccc4)C3=O)cc2)ccc1	1.0	1	0.683	0.984
25	Cc1nn2c(O)cc(CSc3ccc(F)cc3F)nc2n1	1.0	1	0.957	0.929
25	CC(=O)C1=C(O)C(=O)N(c2ccc(C)cc2)C1c1cc(Br)ccc1	1.0	1	0.999	0.948
25	N#Cc1ccc(OC(=O)c2cc(NS(=O)(=O)c3ccc(C(C)(C)C)cc3)ccc2)cc1	1.0	1	0.68	0.978
25	Cn1nnnc1Cc1nccn1S	1.0	1	0.758	0.75
25	Oc1cc(C(O)c2ccccc2)ccc1	1.0	1	0.922	0.978
25	CC1CCN(C(=O)C(=O)Nc2ccc(Cl)cc2)CC1	1.0	1	0.835	0.987
25	O=C(O)c1ccccc1Oc1ccc(Cl)cc1NS(=O)(=O)c1ccc(Cl)cc1	1.0	1	0.972	0.984
25	CC(=O)C1=C(O)C(=O)N(c2cc(Cl)ccc2)C1C1CCCCC1	1.0	1	0.998	0.92
25	O=C(c1ccncc1)c1cc(Cl)ccc1NS(=O)(=O)c1ccc(OC(F)(F)F)cc1	1.0	1	0.886	0.973
25	CC(C)(C)c1ccc(S(=O)(=O)Nc2ccc(Cl)cc2-c2ccccn2)cc1	1.0	1	0.876	0.979
25	Cc1ncccc1Oc1ncc(Cl)cc1NS(=O)(=O)c1ccc(Cl)c(Cl)c1	1.0	1	0.964	0.964
25	Cn1ncnc1Cc1ccc(Cl)cc1NS(=O)(=O)c1cccc(Cl)c1Cl	1.0	1	0.932	0.953
25	Cc1c2P(=O)(O)ccc2c2ccc(Cl)cc12	0.0	0	0.0	0.0
25	CS(=O)(=O)c1ccc(S(=O)(=O)Nc2ccc(Cl)cc2-c2c(O)cccc2)cc1	1.0	1	0.915	0.978
25	O=S(=O)(NCCCN1CCC(O)(c2ccc(Cl)cc2)CC1)c1ccc(F)cc1	1.0	1	0.597	0.973
25	CCOc1c(OC)cc(C=NNc2c([N+](=O)[O-])cc(S(=O)(=O)N(CC)CC)cc2)cc1	1.0	1	0.72	0.963
25	O=[N+]([O-])c1ccccc1Oc1ccc(C(F)(F)F)cc1	1.0	1	0.855	0.988
25	CC(=O)NCc1ccc(CNC(=O)c2cc(Cl)ccc2)cc1	1.0	1	0.755	0.991
25	COc1nc(CO)c(C)nc1NS(=O)(=O)c1cccc(Cl)c1Cl	1.0	1	0.901	0.942
25	Cc1c(C(=O)Nc2ccc(S(=O)(=O)NC3CCN(C(=O)C4CC4)CC3)c3c2cccc3)cccc1	1.0	1	0.552	0.97
25	COc1ccc(S(=O)(=O)NC(=O)NCCCCN2CCN(Cc3ccccc3)CC2)cc1	1.0	0	0.333	0.98
25	COc1cc(Br)cc2nc(C)cc(O)c12	1.0	1	0.706	0.96
25	CNS(=O)(=O)c1ccc(CNC(=O)c2ccccc2)cc1	1.0	1	0.787	0.992
25	CCCC(=O)OCC(=O)Nc1ccc(S(=O)(=O)Nc2cccc(C)c2C(F)(F)F)cc1	1.0	1	0.63	0.967
25	CCCC=S(=O)(=O)Nc1ccc(-c2c(O)cccc2)cc1	0.0	0	0.0	0.0
25	O=C(O)c1c(F)cccc1Oc1cc(Cl)c(Cl)cc1NS(=O)(=O)c1ccc(Cl)cc1	1.0	1	0.934	0.971
25	CCOc1cnc(NS(=O)(=O)c2ccc(Cl)cc2)cc1	1.0	1	0.847	0.986
25	CCc1ccc(-c2nc3cc(Cl)ccc3c(=O)o2)cc1	1.0	1	0.787	0.985
25	O=[N+]([O-])c1c(OC(F)(F)F)cccc1On1cnnc1	1.0	1	0.914	0.83
25	CCCCOc1nc(Br)cnc1NS(=O)(=O)c1cccc(Cl)c1Cl	1.0	1	0.841	0.949
25	Cc1c(C(=O)Nc2ccc(S(=O)(=O)N3CCCC3)cc2)cccc1	1.0	1	0.599	0.99
25	O=[N+]([O-])c1ccc(F)cc1Oc1ccc(Cl)cc1NS(=O)(=O)c1ccc(Cl)cc1	1.0	1	0.953	0.976
25	CNS(=O)(=O)c1ccc(Cl)cc1C(=O)c1ccc(O)c(C(F)(F)F)c1	1.0	1	0.833	0.962
25	CN(C)c1ccc(S(=O)(=O)NC(C)(C)C)cc1Cl	1.0	1	0.733	0.973
25	O=C(O)c1ccccc1Oc1ncc(Cl)cc1NS(=O)(=O)c1ccc(Cl)cc1	1.0	1	0.943	0.976
25	COc1ccc(S(=O)(=O)Nc2ccc(Cl)cc2C(=O)c2nccn2C)cc1	1.0	1	0.916	0.973
25	N#Cc1cc(N2CCC(N)(C(=O)N3CCc4c(cccc4)C3)CC2)ccc1	1.0	1	0.777	0.952
25	O=C(O)c1cc(Oc2ncccc2O)ccc1	1.0	1	0.745	0.981
25	Cn1ncc2c1cccc2NS(=O)(=O)c1c(Cl)c(Cl)cs1	1.0	1	0.862	0.921
25	CCCC(=O)C1=C(O)C(=O)N(c2ccc(C)cc2)C(c2cccc(C)c2)C1CCc1cc(C)cc1	0.0	0	0.0	0.0
25	CCCCCc1nc2nc(N)nn2c(O)c1Cc1ccccc1	1.0	1	1.0	0.949
25	Cc1cc(C(=O)c2cc(Cl)ccc2NS(=O)(=O)c2ccc(C(C)(C)C)cc2)ncc1	1.0	1	0.844	0.97
25	O=C(O)c1c(Oc2ccccc2NS(=O)(=O)c2ccc(Cl)cc2)cccc1	1.0	1	0.947	0.986
25	CCc1cccc(NS(=O)(=O)c2ccc(Cl)cc2)c1Oc1c(C)cccc1	1.0	1	0.981	0.98
25	CC(C)(C)c1ccc(S(=O)(=O)Nc2ccc(Cl)cc2-c2c(N)nccn2)cc1	1.0	1	0.817	0.966
25	Cc1nn2c(O)c(Cc3ccc(Cl)cc3)ncc2n1	1.0	1	0.994	0.937
25	O=S(=O)(Nc1cc(Cl)ccc1Cn1cncn1)c1ccc(Cl)c(Cl)c1	1.0	1	0.927	0.969
25	O=[N+]([O-])c1ccccc1OC(N)c1cccc(C(F)(F)F)c1	1.0	1	0.834	0.921
25	CC(=O)NC1c2ccccc2OCC1c1ccccc1	1.0	1	0.902	0.914
25	O=C(NS(=O)(=O)c1cccc(C(F)(F)F)c1)c1ccc(OC(=O)c2ccccc2)cc1	1.0	1	0.461	0.981
25	COc1cc2c(cc1NS(=O)(=O)c1c(Cl)cccc1)OC2	1.0	1	0.937	0.977
25	CS(=O)(=O)c1ccc(S(=O)(=O)Nc2cc(Cl)ccc2C(=O)c2ccncc2)cc1	1.0	1	0.849	0.976
25	CC(C)(C)c1ccc(S(=O)(=O)Nc2ccc(Cl)cc2-c2c(O)cccc2)cc1	1.0	1	0.939	0.979
25	CCCC(=O)N1CCC(NS(=O)(=O)c2ccccc2)CC1	1.0	1	0.866	0.986
25	O=S(=O)(Nc1cc(Cl)ccc1Cn1ccnn1)c1cccc(Cl)c1	1.0	1	0.904	0.966
25	COc1ccc2c3c(cccc3c1)NS(=O)(=O)c1ccsc12	0.0	0	0.0	0.0
25	O=C(O)c1c(Oc2c(Cl)cccc2NS(=O)(=O)c2ccc(Cl)cc2)cccc1	1.0	1	0.963	0.98
25	Cc1c(C(=O)Nc2ccc(S(=O)(=O)Nc3ccc(S(N)(=O)=O)cc3)cc2)cccc1	1.0	1	0.513	0.986
25	O=C(c1ccncc1)c1cc(Cl)ccc1NS(=O)(=O)c1ccc(Cl)nc1	1.0	1	0.921	0.972
25	CCOc1ccccc1OC(=S)N1CCN(Cc2ccc(Cl)cc2)CC1	1.0	1	0.763	0.979
25	COc1ccc(S(=O)(=O)Nc2ccc(C)cc2NS(=O)(=O)c2ccc(Cl)c(Cl)c2)cc1	1.0	1	0.72	0.979
25	CC(=O)C1=C(O)C(=O)N(c2cccc(Br)c2)C1C1CCCCC1	1.0	1	0.998	0.91
25	O=[N+]([O-])c1cc(F)ccc1Oc1ccc(Cl)cc1NS(=O)(=O)c1ccc(Cl)c(Cl)c1	1.0	1	0.958	0.972
25	O=C(NS(=O)(=O)c1ccccc1)N1CCOCC1	1.0	1	0.819	0.985
25	CC(=O)NC(C)c1ccc(C(=O)Nc2cccc(CCNCc3ccccc3)c2)cc1	1.0	1	0.483	0.965
25	CCOC(=O)N1CCC(NS(=O)(=O)c2ccc(C(C)(C)C)cc2)CC1	1.0	1	0.843	0.979
25	O=C(c1cccnc1)c1cc(Cl)ccc1NS(=O)(=O)c1ccc(-c2cnco2)cc1	1.0	1	0.84	0.964
25	COc1ncc(NS(=O)(=O)c2ccc(Cl)cc2)ccc1	0.0	0	0.0	0.0
25	CCOC(=O)Cc1c(C(=O)OC)c(N2CCN(C)CC2)nc2ccccn12	0.0	0	0.0	0.0
25	O=C(O)c1ccccc1Oc1ccc(Cl)cc1NS(=O)(=O)c1ccc(Cl)c(Cl)c1	1.0	1	0.967	0.98
25	COc1c2c(NS(=O)(=O)c3cccc(Cl)c3)nn(Cc3ccccc3)c2ccc1	1.0	1	0.801	0.975
25	Nc1nn2c(O)c(Cc3cccc(F)c3)c(N3CCOCC3)nc2n1	1.0	1	0.999	0.931
25	CC(C)Oc1c(Cl)cc(S(=O)(=O)Nc2ccccc2C(=O)c2ccncc2)cc1	1.0	1	0.86	0.976
25	CNC(=O)c1cccnc1Oc1ccc(Cl)cc1NS(=O)(=O)c1ccc(Cl)c(Cl)c1	1.0	1	0.942	0.97
25	Cc1cccc(N2C(=O)C(O)=C(C(=O)Nc3ccc(C(C)(C)C)cc3)C2c2ccc(Cl)cc2)c1	1.0	1	0.972	0.931
25	CCCCc1ccc(C(=O)Nc2ccc(S(=O)(=O)N3CCCC3)cc2)cc1	1.0	1	0.495	0.989
25	O=C(O)c1ccccc1Oc1ccc(Cl)cc1NS(=O)(=O)c1cc(Cl)c(Cl)s1	1.0	1	0.967	0.963
25	O=S(=O)(Nc1cc(Cl)ccc1Cn1cnnn1)c1ccc(Cl)c(Cl)c1	1.0	1	0.911	0.963
25	Cc1cc(C(=O)c2cc(Cl)ccc2NS(=O)(=O)c2ccc(OC(C)C)cc2)ccn1	1.0	1	0.846	0.972
25	CS(=O)(=O)Nc1cc(Cl)ccc1OCCC(O)(c1ccc(Cl)cc1)c1ccc(Cl)cc1	1.0	1	0.82	0.963
25	N#Cc1cccn1CCC(NS(=O)(=O)c1cccc2c1cc[nH]2)C(=O)N1CCC(OC2=NCC(C)CC2)CC1	1.0	0	0.005	0.465
25	COc1nc(Br)cnc1NS(=O)(=O)c1ccc(C#N)cc1	1.0	1	0.843	0.957
25	CC(=O)NCc1ccc(C(=O)c2cc(Cl)ccc2NS(=O)(=O)c2ccc(Cl)c(Cl)c2)cc1	1.0	1	0.878	0.976
25	CC(C)c1nc2nc(N)nn2c(O)c1Cc1cc(Cl)ccc1	1.0	1	1.0	0.929
25	COc1c(S(=O)(=O)NC(=O)Oc2ccccc2)cccc1O	1.0	1	0.798	0.976
26	CCN(CC)CCCC(=O)Nc1ccc(C#N)c(C(F)(F)F)c1	1.0	1	0.695	0.973
26	O=C(O)c1c(Oc2ccccc2NS(=O)(=O)c2ccc(Cl)c(Cl)c2)cccc1	1.0	1	0.947	0.983
26	O=S1(=O)NC(NCc2ccccc2)CCc2ccccc21	1.0	1	0.946	0.883
26	O=[N+]([O-])c1cnc(NS(=O)(=O)c2ccc(Cl)cc2)cc1	1.0	1	0.809	0.983
26	CC1CCN(C(=O)C(CCn2cccc2C#N)NS(=O)(=O)c2ccc3[nH]ccc3c2)C(=O)C(=O)O1	1.0	1	0.788	0.537
26	COc1cc(NS(=O)(=O)c2ccc(Cl)s2)c(C)cc1	1.0	1	0.798	0.983
26	O=[N+]([O-])c1c(Nc2ccc(Cl)c(Cl)c2)cccc1	1.0	1	0.824	0.989
26	Cc1ncccc1Oc1ncc(C#N)cc1NS(=O)(=O)c1ccc(Cl)c(Cl)c1	1.0	1	0.941	0.953
26	N#Cc1cc(S(=O)(=O)Nc2cc(Cl)ccc2Cn2nccn2Cc2ccccc2)cc1	0.0	0	0.0	0.0
26	COc1ccc(S(=O)(=O)Nc2ccc(Cl)cc2C(=O)NCCc2ccccc2)cc1	1.0	1	0.913	0.986
26	O=S(=O)(Nc1ncc(Br)nn1CCc1cc(Cl)ccc1)c1ccc(Cl)cc1	0.0	0	0.0	0.0
26	Cc1c(C(=O)c2cc(Cl)ccc2NS(=O)(=O)c2ccc(OC(F)(F)F)cc2)ccc[n+]1[O-]	1.0	1	0.894	0.94
26	CC(C)(C)c1ccc(S(=O)(=O)Nc2ccc(Cl)cc2C(=O)c2cccc(C(=O)O)c2)cc1	1.0	1	0.859	0.977
26	O=C(O)c1c(Oc2ccc(Cl)cc2NS(=O)(=O)c2ccc(Cl)cc2)cccc1	1.0	1	0.972	0.984
26	COc1nc(Oc2c(Cl)cc(Cl)cc2-c2ccccc2)ccc1	1.0	1	0.884	0.976
26	Cc1c(C(=O)c2cc(Cl)ccc2NS(=O)(=O)c2ccc(Cl)c(C(F)(F)F)c2)cccc1	1.0	1	0.921	0.973
26	Cc1ccc(OS(=O)(=O)c2cc(C(F)(F)F)ccc2)cc1	1.0	1	0.764	0.985
26	C=CCOC(=O)N1CCN(C(=O)C(CCc2ccccc2)c2ccccc2)CC1	1.0	1	0.841	0.942
26	Cc1c(S(=O)(=O)Nc2ccc(S(=O)(=O)NCC3CCN(Cc4ccccc4)CC3)cc2)cccc1	1.0	1	0.381	0.976
26	Cc1nc(N)cnc1NS(=O)(=O)c1cc(Cl)ccc1	1.0	1	0.935	0.964
26	O=S(=O)(Nc1cc(Cl)c(Cl)cc1Cn1ccnn1)c1ccc(Cl)c(Cl)c1	1.0	1	0.92	0.951
26	CC(=O)C1=C(O)C(=O)N(c2cc(C)ccc2)C1c1ccccc1	1.0	1	0.999	0.959
26	CC(=O)C1=C(O)C(=O)N(c2ccc(Cl)cc2)C1C(C)C)c1ccccc1	0.0	0	0.0	0.0
26	Cc1cc(Oc2c(C(=O)O)cccc2)c(C)cc1	1.0	1	0.889	0.991
26	CC(=O)C1=C(O)C(=O)N(c2cc(Cl)cc(Cl)c2)C1C1CCCCC1	1.0	1	0.915	0.894
26	O=S(=O)(NCCCN1CCCCCC1)C1CCC(F)(F)CC1	1.0	1	0.809	0.942
26	O=C(O)c1ccccc1Oc1ccc(Cl)cc1NS(=O)(=O)c1ccc(Cl)c(Cl)c1	1.0	1	0.967	0.98
26	O=C(O)c1ccc(Oc2ccc(Cl)cc2NS(=O)(=O)c2ccc(Cl)c(Cl)c2)cc1	1.0	1	0.954	0.982
26	O=[N+]([O-])c1ccc(F)cc1=O	0.0	0	0.0	0.0
26	CC(=O)C1=C(O)C(=O)N(c2cc(C)c(C)cc2)C1c1cc(Cl)ccc1	1.0	1	0.996	0.943
26	CC1CCCCN1C(=O)CNS(=O)(=O)c1ccccc1C(=O)c1ccccc1	1.0	1	0.838	0.946
26	COc1nc(CO)cnc1NS(=O)(=O)c1cc(Cl)c(Cl)s1	1.0	1	0.959	0.906
26	Cc1ccc(C(=O)c2cc(Cl)ccc2NS(=O)(=O)c2ccc(C(C)(C)C)cc2)cc1	1.0	1	0.904	0.982
26	O=C(O)c1c(Oc2ccc(Cl)cc2NS(=O)(=O)c2ccc(Cl)cc2)cccc1	1.0	1	0.972	0.984
26	COc1ccc(N2C(=O)C(O)=C(C(C)=O)C2=O)cc1	1.0	1	0.858	0.97
26	CS(=O)(=O)c1ccc(-c2cc(Cl)ccc2NS(=O)(=O)c2ccc(C(C)(C)C)cc2)cc1	1.0	1	0.904	0.977
26	CC(C)(C)c1ccc(S(=O)(=O)Nc2ccc(Br)cc2C(=O)c2ccncc2)cc1	1.0	1	0.892	0.975
26	Cc1cc(C(=O)c2cc(Cl)ccc2NS(=O)(=O)c2ccc(-c3cnccc3)cc2)ccn1	1.0	1	0.816	0.97
26	COc1cc2c(cc1NS(=O)(=O)c1c(Cl)c(Cl)ccc1)nc(O)n2CC(	0.0	0	0.0	0.0
26	Oc1cc(CSc2ccccc2)nc2nc(Cc3ccccc3)nn12	1.0	1	0.951	0.961
26	CC(=O)C1=C(O)C(=O)N(c2ccc(C)cc2)C1C1CCCCC1	1.0	1	0.997	0.929
26	Oc1cc(CSc2cccc(OC(F)(F)F)c2)nc2cc(Cl)ccc12	1.0	1	0.888	0.955
26	Cc1[n+]([O-])cc(C(=O)c2cc(Cl)ccc2NS(=O)(=O)c2ccc(OC(C)C)cc2)cc1	1.0	1	0.818	0.949
26	COc1cnc(Br)cc1	1.0	1	0.429	0.979
26	O=C(c1c[n+]([O-])ccc1)c1cc(Cl)cc(Cl)c1O	1.0	1	0.715	0.943
26	O=C(Nc1ccc(S(=O)(=O)Nc2ccccc2)c2ccccc12)c1cc(Cl)ccc1	1.0	1	0.66	0.985
26	Cc1c(C)c(C(=O)c2ccccc2)c(NS(=O)(=O)c2ccc(Cl)cc2)cc1	1.0	1	0.937	0.983
26	Cc1c(C(=O)Nc2ccc(S(=O)(=O)N3CCCC3)cc2)cccc1	1.0	1	0.599	0.99
26	CC(=O)Nc1ccc(S(=O)(=O)NCCc2csc(-c3ccccc3)n2)cc1	1.0	1	0.584	0.981
26	CC(=O)C1=C(O)C(=O)N(c2ccc(C)cc2)C1C1CCCCC1	1.0	1	0.997	0.929
26	O=S(=O)(NCCCN1CCCC1)c1ccc(Cl)cc1	1.0	1	0.879	0.989
26	O=S(=O)(NCCCN1CCC(O)(c2ccc(Cl)cc2)CC1)c1ccc(F)cc1	1.0	1	0.597	0.973
26	O=C(O)c1cc(Oc2cccc(NS(=O)(=O)c3ccc(Cl)cc3)c2)ccc1	1.0	1	0.641	0.987
26	COc1c2c(NS(=O)(=O)c3ccc(Cl)s3)nn(C)c2ccc1	1.0	1	0.859	0.955
26	Cc1cc(Cn2c(NC(=O)c3cc(Cl)ncc3)nc3ccccc32)ccc1	1.0	1	0.778	0.978
26	O=C(c1cnccc1)c1cc(Cl)ccc1NS(=O)(=O)c1ccc(Cl)cc1	1.0	1	0.921	0.983
26	Cc1c(C(=O)c2cc(Cl)ccc2NS(=O)(=O)c2ccc(Cl)cc2)cccc1	1.0	1	0.946	0.985
26	COc1ncc(Cl)nc1NS(=O)(=O)c1cccc(Cl)c1F	1.0	1	0.915	0.952
26	O=S(=O)(NCCCN1CCCCC1)c1ccc(Cl)cc1c1	0.0	0	0.0	0.0
26	O=C(O)c1c(Oc2ccccc2NS(=O)(=O)c2ccc(Cl)c(Cl)c2)cccc1	1.0	1	0.947	0.983
26	CC(=O)OCC(C)(C)c1cccc(C(N)=O)c1Oc1ccccc1O	1.0	1	0.93	0.956
26	Cc1cc(NS(=O)(=O)c2ccc(Cl)cc2)ncn1	1.0	1	0.798	0.982
26	Cc1ncc(COc2c(Cl)cc(-c3ccc(C)nn3)cc2)cn1	1.0	1	0.889	0.966
26	O=C(O)c1c(Oc2ncccc2NC(=O)c2ccccc2)cccc1	1.0	1	0.765	0.987
26	Oc1c(-c2cccnc2)cccc1	1.0	1	0.816	0.991
26	O=C(O)c1c(Oc2ccc(Cl)cc2NS(=O)(=O)c2ccc(Cl)cc2)cccc1	1.0	1	0.972	0.984
26	Oc1cc(CSc2cccc(OC(F)(F)F)c2)nc2nc(Cc3ccccc3)nn12	1.0	1	0.948	0.933
26	O=C(O)c1ccccc1Oc1ccccc1[N+](=O)[O-]	1.0	1	0.877	0.989
26	COc1nc(Oc2ccc(OC(C)(C)C)cc2)ccc1	1.0	1	0.851	0.98
26	O=C(O)c1c(Oc2ncccc2NS(=O)(=O)c2ccc(Cl)cc2)cccc1	1.0	1	0.905	0.981
26	C=CCN(C(=O)OCC)c1ccc(Cl)cc1C=	0.0	0	0.0	0.0
26	COc1c(Oc2ccc(Cl)cc2NS(=O)(=O)c2ccc(Cl)cc2)ccc(C(C)(C)C)c1	1.0	1	0.969	0.977
26	Cc1ccncc1Nc1c(-c2ccc(Cl)cc2)cccc1O	1.0	1	0.94	0.977
26	CCOC(=O)N1CCC(NS(=O)(=O)c2ccc(OCc3c(C)cccc3)c3c2cccc3)CC1	1.0	1	0.594	0.969
26	O=S(=O)(Nc1cc(Cl)ncc1Cn1ccnn1)c1ccc(Cl)s1	1.0	1	0.968	0.91
26	C=CCNS(=O)(=O)c1ccc(CNC(=O)Nc2ccccc2)cc1	1.0	1	0.705	0.985
26	O=C(Nc1cc(Nc2ccccc2)ccc1)OC#CNO	1.0	1	0.65	0.934
26	Cc1ccc(C(=O)c2cc(Cl)ccc2NS(=O)(=O)c2ccc(C)c(C)c2)cc1	1.0	1	0.941	0.984
26	COc1ccc(Sc2nc(C)nc(NS(=O)(=O)c3ccc(Cl)cc3)n2)cc1	1.0	1	0.87	0.969
26	CC(C)(c1nccn1Cc1ccc(Cl)cc1)S(=O)(=O)O	1.0	1	0.922	0.951
26	CC(=O)C1=C(O)C(=O)N(c2cc(Cl)ccc2)C1c1ccc(Cl)cc1	1.0	1	0.999	0.952
26	Cc1c(C(=O)Nc2ccc(S(=O)(=O)NC3CCN(C(=O)OCCN(C)C)CC3)c3c2cccc3)cccc1	1.0	0	0.005	0.957
26	Cn1nnnc1C=C1c2ccccc2C(=O)c2c1cccc2=O2	0.0	0	0.0	0.0
26	CC(=O)C1=C(O)C(=O)N(c2ccc(C)cc2)C1c1ccc(Cl)cc1	1.0	1	0.999	0.958
26	O=S(=O)(Nc1ncc(Cl)nc1OCc1cc(Br)ccc1)c1cccc(Cl)c1	1.0	1	0.963	0.962
26	COc1nc(Cl)cnc1NS(=O)(=O)c1cccc(-c2ccccc2)c1Cl	1.0	1	0.865	0.961
26	Cc1ncc(C(=O)c2cc(Cl)ccc2NS(=O)(=O)c2ccc(OCC(C)(C)C)cc2)cc1	1.0	1	0.868	0.966
26	COc1c(C)ccc(C(=O)c2ccccc2)c1Oc1ccccc1C(=O)Nc1ccccc1	1.0	1	0.898	0.98
26	COC(=O)CCc1nc2nc(N)nn2c(O)c1Cc1cccc(Cl)c1	1.0	1	0.999	0.929
26	CS(=O)(=O)c1ccc(-c2cc(Cl)ccc2NS(=O)(=O)c2ccc(C(C)(C)C)cc2)cc1	1.0	1	0.904	0.977
26	c1ccc(CCCN2CCCCC2)cc1	1.0	1	0.855	0.994
26	O=C(O)c1c(Oc2cccc(F)c2)cccc1F	1.0	1	0.852	0.987
26	O=S(=O)(NCCCN1CCCCC1)c1ccc(Cl)cc1	1.0	1	0.843	0.988
26	COc1c(NS(=O)(=O)c2ccc(Cl)s2)nc(Br)c(Cc2cccc(C)c2)c1	1.0	1	0.852	0.938
26	O=C(O)c1c(O)nc2c(Cc3ccccc3)c(O)c(O)cc21	0.0	0	0.0	0.0
26	O=C(O)c1c(Oc2cnccc2NS(=O)(=O)c2cc(Cl)c(N)c(Cl)c2)cccc1	1.0	1	0.941	0.957
26	COc1c(F)c(F)c(F)c(C(=O)Nc2cccc(O)c2)c1	1.0	1	0.637	0.979
26	Nc1nn2c(O)c(Cc3cccc(Cl)c3)c(Cc3ccccc3)nc2n1	1.0	1	0.998	0.95
26	CC(=O)C1=C(O)C(=O)N(c2cc(C)ccc2)C1c1cccc(Cl)c1	1.0	1	0.999	0.948
26	CCc1ccc(S(=O)(=O)Nc2ccc(Br)cc2C(=O)c2ccncc2)cc1	1.0	1	0.917	0.98
27	CC(=O)C1=C(O)C(=O)N(c2cc(Cl)c(C)cc2)C1C1CCCCC1	1.0	1	0.997	0.909
27	O=C(O)c1c(Oc2ccc(Cl)cc2)cccc1	1.0	1	0.883	0.994
27	CCCC(=O)Nc1ccc(S(=O)(=O)Nc2ccc(C(=O)O)cc2)cc1	1.0	1	0.718	0.989
27	Cc1ccc(N2C(=O)C(O)=C(C(=O)CC(C)C)C2C2CCCCC2)cc1	1.0	1	0.998	0.905
27	CCCCCc1nc2nc(N)nn2c(O)c1Cc1ccccc1	1.0	1	1.0	0.949
27	Oc1c(Cl)cccc1NS(=O)(=O)c1ccc(Cl)cc1[CH-]	1.0	1	0.859	0.915
27	O=C(O)c1c(Oc2ccccc2NS(=O)(=O)c2cnc(Cl)cc2)cccc1	1.0	1	0.962	0.979
27	CC(=O)NC1CCN(Cc2ccc(Cl)cc2)CC1	1.0	1	0.932	0.99
27	CCCCc1nc2nc(N)nn2c(O)c1Cc1cccc(Cl)c1	1.0	1	0.999	0.935
27	O=C(O)c1cccnc1Nc1c(Cl)cccc1Cl	1.0	1	0.815	0.983
27	CCOC(=O)C1=C(O)C(=O)N(c2ccc(C)cc2)C1C1CCCCC1	1.0	1	0.998	0.929
27	O=S(=O)(Nc1ncccn1)c1ccc(Cl)cc1	1.0	1	0.797	0.987
27	O=S(=O)(Nc1cc(Cl)ccc1Cn1ccnn1)c1cccc(F)c1	1.0	1	0.896	0.965
27	c1ccc(C2CCONC2)cc1	1.0	1	0.745	0.871
27	COc1cc(Oc2ccc(C(=O)NCCNCC(C)(C)C)cc2)ccc1	1.0	1	0.684	0.983
27	CC(=O)C1=C(O)C(=O)N(c2ccc(Cl)cc2F)C1C1CCCCC1	1.0	1	0.989	0.9
27	N#Cc1ccccc1Oc1cc(Cl)ccc1NS(=O)(=O)c1ccc(Cl)c(Cl)c1	1.0	1	0.975	0.975
27	O=C(NS(=O)(=O)c1ccc(Cl)cc1)N1CCOCC1	1.0	1	0.819	0.983
27	CC(=O)OCc1c(C2CCCO2)oc2ccc(Cl)cc2c1	0.0	0	0.0	0.0
27	N#Cc1cc(S(=O)(=O)Nc2cc(Cl)ccc2Cn2ccnn2)ccc1	1.0	1	0.948	0.957
27	Nc1nn2c(O)c(Cc3ccccc3)c(C3CC3)nc2n1	1.0	1	1.0	0.937
27	Cc1cc(Oc2ccc(C(=O)Nc3ccccc3C(=O)c3ccccc3)cc2)ccc1	1.0	1	0.593	0.988
27	O=S(=O)(Nc1cc(Cl)ccc1Cn1ccnn1)c1cccc(F)c1	1.0	1	0.896	0.965
27	O=S(=O)(NCCCN1CCCC1)c1ccc(Cl)s1	1.0	1	0.818	0.977
27	Cc1nnnn1Cc1ccc(Cl)c(Cl)c1	1.0	1	0.787	0.976
27	Cc1ccn2c(NS(=O)(=O)c3ccc(Cl)s3)c(CC(=O)O)cc2c1	1.0	1	0.875	0.904
27	O=[N+]([O-])c1ccc(O)cc1O	1.0	1	0.415	0.979
27	Cc1c(Cc2ccc(C(=O)Nc3ccccc3C(=O)O)cc2)ccc[n+]1[O-]	1.0	1	0.606	0.97
27	CC(c1cc(C(=O)c2cc(Cl)ccc2)ccc1)C(N)C(=O)NS(=O)(=O)c1ccc(Cl)cc1	1.0	1	0.695	0.867
27	CC(C)c1nc2nc(N)nn2c(O)c1Cc1cccc(Cl)c1	1.0	1	1.0	0.929
27	O=S(=O)(NCCCN1CCCC1)c1ccccc1COc1cc(Cl)cc(Cl)c1	1.0	1	0.776	0.972
27	CC(=O)C1=C(O)C(=O)N(c2ccc(C)cc2C(=O)c2ccccc2)C1	1.0	1	0.966	0.959
27	Nc1nn2c(O)c(Cc3cccc(Cl)c3)c(CCc3ccccc3)nc2n1	1.0	1	0.99	0.95
27	CC(=O)C1=C(O)C(=O)N(c2ccc(C(=O)c3ccccc3)cc2)C1CCO	1.0	1	0.949	0.922
27	CC(C)(C)c1ccc(S(=O)(=O)Nc2cccc(C(=O)N3CCCC3)c2)cc1	1.0	1	0.708	0.985
27	CC(=O)C1=C(O)C(=O)N(c2ccc(C)cc2)C1c1ccc(C)cc1	1.0	1	0.998	0.959
27	Oc1cc(CSc2cc(F)ccc2)nc2nc(Cc3ccccc3)nn12	1.0	1	0.96	0.951
27	Cc1ncc(C(=O)c2cc(Cl)ccc2NS(=O)(=O)c2c(F)c(F)cc(F)c2)cc1	1.0	1	0.909	0.962
27	Cc1ccc(N2C(=O)C(O)=C(C(=O)C(C)C)C2C2C(=O)N(C)c3c2cccc3)cc1	1.0	1	0.979	0.787
27	COc1cc2c(cc1NS(=O)(=O)c1c(Cl)c(F)ccc1)nc(O)n2C	1.0	1	0.983	0.938
27	CN(C)c1ccc(C(F)(F)F)cc1NS(=O)(=O)c1ccc(C(C)(C)C)cc1	1.0	1	0.938	0.973
27	O=C(O)c1ccccc1Oc1ccc(Cl)cc1NS(=O)(=O)c1ccc(Cl)c(N)c1	1.0	1	0.948	0.976
27	Cc1nn(Cc2ccc(Cl)cc2)c(C)c1NC(=O)c1ccc(Cl)cc1Br	1.0	1	0.71	0.98
27	Cc1nnnn1Cc1ccc(Cl)cc1NS(=O)(=O)c1ccc(Cl)c(Cl)c1	1.0	1	0.98	0.962
27	CCc1nc(Br)cnc1NS(=O)(=O)c1cc(Cl)c(Cl)s1	1.0	1	0.912	0.885
27	Cc1nc(C)c(N2C(=O)c3c(C2=O)c(NS(=O)(=O)c2ccc(C(C)(C)C)cc2)ccc3Cl)ccc1	0.0	0	0.0	0.0
27	CCN(CC)c1ncnc(Oc2cccc(Cl)c2)c1[N+](=O)[O-]	1.0	1	0.883	0.961
27	Cc1cc(O)c(C)c(Oc2ccc(C(F)(F)F)cc2)c1O	1.0	1	0.901	0.967
27	CCON=C(C)c1ccc(S(=O)(=O)Nc2ccc(Cl)cc2C(=O)c2ccncc2)cc1	1.0	1	0.824	0.962
27	O=C(O)c1ccccc1Oc1ccc(Cl)cc1NS(=O)(=O)c1ccc(Cl)cc1	1.0	1	0.972	0.984
27	CCCc1nc2nc(N)nn2c(O)c1Cc1ccccc1	1.0	1	1.0	0.947
27	Cc1c(Oc2ccc(Cl)cc2NS(=O)(=O)c2cc(Cl)c(Cl)cn2)cccc1	1.0	1	0.957	0.964
27	Cc1c(S(=O)(=O)Nc2ccc(Cl)cc2C(=O)c2ccc(Cl)cc2)cccc1	1.0	1	0.942	0.985
27	CCOc1cc(C(=O)OC)cc(OC)c1Oc1cc(Cl)ccc1NC	1.0	1	0.916	0.974
27	Nc1nn2c(O)c(Cc3cccc(F)c3)c(CCc3ccccc3)nc2n1	1.0	1	0.998	0.949
27	O=C(Nc1c(O)cc(Cl)cc1)NS(=O)(=O)c1ccc(Cl)c(Cl)c1	1.0	1	0.712	0.979
27	Cc1ccc(S(=O)(=O)Nc2cc(Cl)ccc2Cn2cc(C)cn2)cc1	1.0	1	0.932	0.976
27	CC(C)(C)c1ccc(S(=O)(=O)Nc2ccc(Cl)cc2C(=O)c2nccs2)cc1	1.0	1	0.839	0.964
27	O=C(O)c1cc(Oc2ccc(Cl)cc2NS(=O)(=O)c2ccc(Cl)c(Cl)c2)ccc1	1.0	1	0.948	0.98
27	Cc1c(C(=O)c2cc(Cl)ccc2NS(=O)(=O)c2ccc(Cl)cc2)cccn1	1.0	1	0.938	0.979
27	O=C(O)c1c(Oc2ccccc2NS(=O)(=O)c2ccc(Cl)cc2)cccc1	1.0	1	0.947	0.986
27	CCCCc1nc2nc(N)nn2c(O)c1Cc1cccc(Cl)c1	1.0	1	0.999	0.935
27	COC(=O)CCc1cc(OC)c(OC)cc1nc1snc2ccccc12	0.0	0	0.0	0.0
27	O=C(O)c1c(Oc2ncccc2=O)cccc1OCc1ccc(F)cc1	0.0	0	0.0	0.0
27	CCc1nc(Br)cnc1Cc1ccc(Cl)cc1Cl	1.0	1	0.959	0.948
27	O=[N+]([O-])c1ccc(C(F)(F)F)cc1F	1.0	1	0.421	0.981
27	CCCC(=O)Nc1ccc(S(=O)(=O)Nc2cccc(C(=O)O)c2)cc1	1.0	1	0.719	0.988
27	CCc1ccc(S(=O)(=O)Nc2ccc(Cl)cc2C(=O)c2ccncc2)cc1	1.0	1	0.918	0.981
27	Cc1c(C(=O)Nc2ccc(S(=O)(=O)NCCO)cc2)cccc1	1.0	1	0.718	0.989
27	O=S(=O)(Nc1cc(Cl)ccc1Cn1ccnn1)c1ccc(Cl)s1	1.0	1	0.887	0.947
27	Cc1c(C(=O)c2cc(Cl)ccc2NS(=O)(=O)c2ccc(Cl)cc2)cccn1	1.0	1	0.938	0.979
27	O=[N+]([O-])c1cccc(C(F)(F)P(=O)(O)O)cc1	0.0	0	0.0	0.0
27	CC(C)Oc1ccc(S(=O)(=O)Nc2ccc(Cl)cc2C(=O)c2ncccc2)cc1	1.0	1	0.812	0.976
27	CC(=O)C1=C(O)C(=O)N(c2ccc(C)cc2)C1c1cc(Cl)ccc1	1.0	1	0.999	0.953
27	CCOC(=O)C(=O)Nc1cc(C)c(C)cc1Cl	1.0	1	0.931	0.983
27	Nc1nn2c(O)c(Cc3ccccc3)c(C3CCCCC3)nc2n1	1.0	1	0.904	0.939
27	COc1nc(Br)cnc1NS(=O)(=O)c1cccc(Cl)c1Cl	1.0	1	0.892	0.95
27	O=[N+]([O-])c1ccc(Cl)cc1Cn1ccnc1	1.0	1	0.855	0.972
27	N#Cc1cccn1Cc1cccc(Cl)c1NS(N)(=O)=O	1.0	1	0.951	0.912
27	Cc1nn2nc(NCCc3ccc(Cl)cc3)sc2n1CCN(C)c1cccc(OC(Br)C(Cl)F)c1	0.0	0	0.0	0.0
27	Cc1cc(C)cc(N2C(=O)c3c(C(=O)O)cccc3C2=O)c1O	1.0	1	0.742	0.969
27	Cc1ccc(-c2cc(SCC(=O)Nc3ccc(S(=O)(=O)NC4CCN(C)CC4)cc3)c(C)cc2)cc1	1.0	0	0.005	0.967
27	O=[N+]([O-])c1c(Br)ccc2ccc(N3CCCN(CCCNc4ccc[n+]([O-])c4)CC3)cc12	1.0	1	0.608	0.906
27	COc1ccc2cc(S(=O)(=O)Nc3ccc(C(=O)c4ccccc4)cc3)ccc2c1	1.0	1	0.65	0.986
27	N#Cc1cc(F)ccc1NS(=O)(=O)c1ccc(Cl)c(Cl)c1	1.0	1	0.892	0.98
27	CC(=O)C1=C(O)C(=O)N(c2ccc(Cl)cc2)C1C1CCCCC1	1.0	1	0.978	0.927
27	Cc1ncc(C(=O)c2cc(Cl)ccc2NS(=O)(=O)c2ccc(C(C)(C)C)cc2)cc1	1.0	1	0.906	0.974
27	CCCC(=O)NC(=O)c1cccc2c1ccccc2	0.0	0	0.0	0.0
27	CC(=O)C1=C(O)C(=O)N(c2ccc(C(F)(F)F)cc2)C1C1CCCCC1	1.0	1	0.991	0.907
27	O=C(O)c1cccnc1Oc1ccc(Cl)cn1	1.0	1	0.822	0.978
27	O=c1c2c(Cl)cccc2nc(C2CCCNC2)n1Cc1cc2ccccc2n1C=	0.0	0	0.0	0.0
27	O=C(O)c1c(Oc2cccc(F)c2NS(=O)(=O)c2ccc(Cl)cc2)cccc1	1.0	1	0.982	0.979
27	CCCCCCc1ccc(C(=O)NCc2ccccc2)cc1	1.0	1	0.655	0.994
27	CC1CCN(C(=O)c2ccc(Oc3ccc(Cl)cc3)cc2)CC1	1.0	1	0.796	0.99
27	CC(C)c1nc2nc(N)nn2c(O)c1Cc1cc(Br)ccc1	1.0	1	1.0	0.921
27	Cc1cc(Oc2ccc(C(=O)NCCN3CCCCC3)cc2)ccc1	1.0	1	0.672	0.988
27	Cc1c(C(=O)c2cc(Cl)ccc2NS(=O)(=O)c2ccc(C(C)(C)C)cc2)ccc[n+]1[O-]	1.0	1	0.899	0.948
27	CCOC1(=O)C(c2ccccc2)Oc2ccccc2C1C	0.0	0	0.0	0.0
27	Cc1cc(C(=O)c2cc(Cl)ccc2NS(=O)(=O)c2ccc(C(C)(C)C)cc2)ccn1	1.0	1	0.897	0.972
27	O=S(=O)(Nc1cc(Cl)ccc1Cn1ccnn1)c1cccs1	1.0	1	0.944	0.954
28	Cc1cc(C(=O)c2cc(Cl)ccc2NS(=O)(=O)c2ccc(OS(C)(=O)=O)cc2)ccc1	1.0	1	0.875	0.974
28	O=C(NCc1cc(Cl)ccc1Cc1ccccc1)NS(=O)(=O)c1cccc(Cl)c1	1.0	1	0.755	0.977
28	Cc1ccc(C2=Nc3c(C(=O)Nc4ccccc4)c(NS(C)(=O)=O)ccc32)cc1	1.0	1	0.577	0.964
28	Cc1ccc(N2C(=O)C(O)=C(C(=O)C(C)C)C2C2C(=O)N(CCCc3ccccc3)C2=O)cc1	1.0	1	0.944	0.859
28	O=C(O)c1c(Oc2cc(F)ccc2NS(=O)(=O)c2ccc(Cl)s2)cccc1	1.0	1	0.917	0.972
28	CC(=O)C1=C(O)C(=O)N(c2cc(Cl)ccc2)C1c1ccc(Cl)cc1	1.0	1	0.999	0.952
28	O=C(O)c1c(Oc2ccc(Cl)cc2NS(=O)(=O)c2ccc(Cl)cc2)cccc1	1.0	1	0.972	0.984
28	O=C(O)c1c(Oc2cnccc2NS(=O)(=O)c2cc(Cl)c(Cl)cc2)cccc1	1.0	1	0.939	0.972
28	CCc1ccc(-c2ccc(S(=O)(=O)Nc3ccc(C(=O)O)cc3)cc2)cc1	1.0	1	0.734	0.989
28	Cc1ccc(N2C(=O)C(O)=C(C(=O)c3cccnc3)C2C2CCCCC2)cc1	1.0	1	0.988	0.908
28	NCC1CCC(NS(=O)(=O)c2ccc(Cl)cc2)CC1	1.0	1	0.866	0.982
28	CN(C)c1ccc(C(=O)Nc2ccc(OC(F)(F)F)cc2)cc1	1.0	1	0.601	0.988
28	Cc1cc(Oc2c(C(=O)O)cccc2)c(C(=O)c2ccncc2)cc1	1.0	1	0.961	0.982
28	COc1cc(NS(=O)(=O)c2ccc(Cl)cc2)ccc1	1.0	1	0.883	0.993
28	CC(=O)C1=C(O)C(=O)N(c2ccc(C)cc2)C1c1ccccc1	1.0	1	0.998	0.963
28	CS(=O)(=O)c1c(Cl)cccc1NS(=O)(=O)c1ccc(Cl)cc1	1.0	1	0.905	0.98
28	O=C(O)c1c(Oc2nccnc2NS(=O)(=O)c2ccc(Cl)cc2)cccc1	1.0	1	0.911	0.974
28	CCOCCc1cc(C)c(NS(=O)(=O)c2ccc(Cl)cc2)cc1	1.0	1	0.837	0.985
28	Nc1nn2c(CO)cc(Cl)cc2c1	1.0	1	0.629	0.791
28	O=S(=O)(NC1CCN(Cc2ccc3cc(F)ccc3c2)CC1)c1ccccc1	1.0	1	0.695	0.982
28	COc1c(Oc2ccc(Cl)cc2NS(=O)(=O)c2ccc(-c3cncnc3)c(O)c2)cccc1	1.0	1	0.937	0.961
28	COc1ccc(CN(c2cccc(C(F)(F)F)c2)C2CCN3CCCC32)cc1	1.0	1	0.922	0.854
28	O=C(O)c1c(Oc2ccc(Cl)c(Cl)c2NS(=O)(=O)c2ccc(Cl)cc2)cccc1	1.0	1	0.986	0.974
28	O=[N+]([O-])c1ccccc1OCc1ccccc1NS(=O)(=O)c1ccc(Cl)cc1	1.0	1	0.923	0.983
28	CC(C)c1nc2nc(N)nn2c(O)c1Cc1cc(F)cc(F)c1	1.0	1	0.999	0.907
28	CC(C)(C)c1ccc(S(=O)(=O)Nc2ccc(Cl)c(C(=O)NCC3CC3)c2)cc1	1.0	1	0.668	0.98
28	CC(C)(C)c1ccc(S(=O)(=O)Nc2ccc(Cl)cc2-c2c(O)cccc2)cc1	1.0	1	0.939	0.979
28	CCC(=O)C1=C(O)C(=O)N(c2ccc(C)cc2)C1c1ccccc1	1.0	1	0.999	0.953
28	Nc1nn2c(O)c(Cc3ccc(F)cc3)c(C3CC3)nc2n1	1.0	1	1.0	0.929
28	Cc1cc(NS(=O)(=O)c2cc(C(F)(F)F)c(Cl)cc2)ccc1	1.0	1	0.904	0.984
28	O=C(O)c1ccccc1Oc1ccccc1C(=O)c1cnccc1	1.0	1	0.954	0.985
28	O=C(O)c1c(Oc2c(Cl)cccc2NS(=O)(=O)c2ccc(Cl)cc2)cccn1	1.0	1	0.97	0.971
28	CCCCCc1ccc(CN)cc1NC(=O)N1CCN(C(=O)c2ccccc2)CC1	1.0	1	0.518	0.977
28	CC(=O)C1=C(O)C(=O)N(c2cc(C(=O)O)ccc2)C1c1ccccc1)c1ccccc1	0.0	0	0.0	0.0
28	Cc1ccc(S(=O)(=O)N(C)C)cc1NS(=O)(=O)c1ccc(Cl)cc1	1.0	1	0.849	0.985
28	Cc1cc(O)c2c(c1)C1Oc3c(NS(C)(=O)=O)ccc3C12	0.0	0	0.0	0.0
28	CC(C)(C)c1ccc(S(=O)(=O)Nc2ccc(Cl)cc2-c2c(-c3ccc(Cl)cc3)cccc2)cc1	1.0	1	0.81	0.977
28	Cc1ccc(Oc2ccc(Cl)c(Cl)c2)c[n+]1[O-]	1.0	1	0.889	0.956
28	Cc1c(C(=O)c2cc(Cl)ccc2NS(=O)(=O)c2ccc(Cl)cc2C(C)C)cccc1	1.0	1	0.903	0.972
28	CC(=O)NC1=C(N2CCCCC2)C(=O)c2ccccc21Oc1ccc(Cl)cc1	0.0	0	0.0	0.0
28	CC(=O)Nc1ccc(S(=O)(=O)NCc2ccc(S(N)(=O)=O)cc2)cc1	1.0	1	0.711	0.986
28	Nc1nn2c(O)c(Cc3c(F)cc(F)cc3)c(C3CC3)nc2n1	1.0	1	1.0	0.905
28	O=C(O)c1cc(Oc2ccc(Cl)cc2NS(=O)(=O)c2ccc(Cl)c(Cl)c2)ccc1	1.0	1	0.948	0.98
28	O=S(=O)(Nc1cc(Cl)c(Cl)cc1Cn1ccnn1)c1ccccc1	1.0	1	0.91	0.963
28	CCCCc1c(C(=O)O)cncc1C#N	1.0	1	0.762	0.957
28	CCOC(=O)N1CCC(NS(=O)(=O)c2ccc(OC)cc2)CC1	1.0	1	0.839	0.985
28	O=S(=O)(NCCCN1CCCC1)c1ccc(Cl)cc1Cl	1.0	1	0.803	0.983
28	Cc1ccc(C(=O)CSc2ccc(Br)cc2N)cc1	1.0	1	0.834	0.984
28	Cc1c(C(=O)c2cc(Cl)ccc2NS(=O)(=O)c2ccc(-c3cnco3)cc2)cccn1	1.0	1	0.862	0.958
28	CCC(=O)C1=C(O)C(=O)N(c2cc(C)ccc2)C1c1ccc(Br)cc1	1.0	1	0.997	0.935
28	Cc1c(C(=O)Nc2ccc(S(=O)(=O)NCCN(C)C)cc2)cccc1	1.0	1	0.617	0.987
28	COc1c2c(NS(=O)(=O)c3ccc(Cl)s3)nn(C)c2ccc1	1.0	1	0.859	0.955
28	O=C(O)c1cc(Oc2cccc(C(F)(F)F)c2)ccc1	1.0	1	0.862	0.989
28	O=[N+]([O-])c1ccc(F)cc1=O	0.0	0	0.0	0.0
28	Cc1cc(NS(=O)(=O)c2ccc(Cl)cc2)ccn1	1.0	1	0.896	0.987
28	C=CCOc1c(C(=O)c2ccccc2)cccc1oc1cc(Cl)ccc1	0.0	0	0.0	0.0
28	CC(=O)C(=CNc1ccccc1OC)c1ccc2ccccc2c1	1.0	1	0.931	0.977
28	CC(C)(C)c1ccc(S(=O)(=O)Nc2ccc(Cl)cc2-c2c(O)cccc2)cc1	1.0	1	0.939	0.979
28	O=[N+]([O-])c1cccc(O)c(CCNC(=O)c2c(Cl)cccc2Cl)c1	0.0	0	0.0	0.0
28	O=C(O)c1c(Oc2ccc(F)cc2NS(=O)(=O)c2ccc(Cl)cc2)cccc1	1.0	1	0.971	0.983
28	Cc1ccc(N2C(=O)C(O)=C(C(=O)C(C)C)C2C2CCCCC2)cc1	1.0	1	0.998	0.909
28	CCOc1nn(CC)c2c1c(NS(=O)(=O)c1ccc(Cl)cc1)cccc2	0.0	0	0.0	0.0
28	CC(=O)C1=C(O)C(=O)N(c2ccc(Br)cc2)C1C1CCCCC1	1.0	1	0.905	0.919
28	O=C(O)c1ccccc1Oc1ccccc1OC(O)C(F)(F)F	1.0	1	0.798	0.931
28	CC(C)(C)c1ccc(S(=O)(=O)Nc2ccc(Cl)cc2-c2c(C(=O)O)[nH]nc2)cc1	1.0	1	0.84	0.955
28	CC(C)(C)c1ccc(S(=O)(=O)Nc2ccc(Cl)cc2-c2c(-c3ccc(Cl)cc3)cccc2)cc1	1.0	1	0.81	0.977
28	Cc1cc(C(=O)c2cc(Cl)ccc2NS(=O)(=O)c2ccc(OC(F)(F)F)cc2)ccc1	1.0	1	0.893	0.976
28	Cc1c[n+]([O-])c(CNc2ccc(S(=O)(=O)N3CCCC3)cc2)cc1	1.0	1	0.689	0.95
28	O=C(O)c1c(Oc2cccnc2NS(=O)(=O)c2ccc(Cl)s2)cccc1	1.0	1	0.891	0.965
28	CC(=O)C1=C(O)C(=O)N(c2ccc(C)cc2N)C1c1ccccc1	1.0	1	0.983	0.936
28	C1COC(CC(=O)NCCN)C1=O	1.0	1	0.703	0.845
28	COc1c(C)c(NS(=O)(=O)c2ccc(C(C)(C)C)cc2)ccc1	1.0	1	0.755	0.985
28	Cc1ccncc1N(CC(=O)N1CCOCC1)S(=O)(=O)c1ccc(Cl)cc1	1.0	1	0.811	0.966
28	Nc1nn2c(O)c(Cc3cccc(F)c3)c(CC(F)Cc3ccccc3)nc2n1	1.0	1	0.997	0.814
28	Nc1nn2c(O)c(Cc3cccc(Cl)c3)c(C3CC3)nc2n1	1.0	1	1.0	0.922
28	CC(=O)C1=C(O)C(=O)N(c2ccc(C(F)(F)F)cc2)C1C1CCCCC1O	1.0	1	0.993	0.73
28	Cc1cc(NS(=O)(=O)c2cc(Cl)ccc2)ccc1	1.0	1	0.884	0.992
28	CC(=O)C1=C(O)C(=O)N(c2cccc(C)c2)C1C1CCCC1	1.0	1	0.998	0.921
28	Cc1ccc(N2C(=O)C(O)=C(C(=O)CN3CCCCC3)C2C2CCCCC2)cc1	1.0	1	0.985	0.9
28	CCOC(=O)N1CCC(NC(=O)NCc2ccc(C)cc2)CC1	1.0	1	0.656	0.986
28	CC1CCN(C(=O)C(CCn2ccnc2)c2ccc(Cl)cc2)CC1	1.0	1	0.939	0.923
28	Cc1cccc(C(=O)c2cc(Cl)ccc2NS(=O)(=O)c2ccc(C)cc2)c1	1.0	1	0.94	0.986
28	CCCc1nc2nc(N)nn2c(O)c1Cc1cccc(Cl)c1	1.0	1	1.0	0.934
28	COc1ccc(N2C(=O)C(O)=C(C(=O)CC(C)C)C2C2CCCCC2)cc1	1.0	1	0.995	0.907
28	CC(=O)C1=C(O)C(=O)N(c2cc(C)ccc2)C1c1ccccc1	1.0	1	0.999	0.959
28	COc1cc(Oc2ccc(C(=O)NCCN3CCCCCC3)cc2)ccc1	1.0	1	0.681	0.987
28	CCCC(=O)NC(=O)Cc1ccc(S(=O)(=O)Nc2ccc(C)cc2C(=O)O)cc1	1.0	1	0.708	0.977
28	Cc1ncccc1Oc1ncc(Cl)cc1NS(=O)(=O)c1ccc(Cl)cc1	1.0	1	0.93	0.971
28	CN(C)c1ccc(S(=O)(=O)Nc2ccc(Cl)cc2C(=O)c2ccncc2)cc1	1.0	1	0.9	0.977
28	CCc1ccncc1	1.0	0	0.33	0.992
28	Oc1c(Cc2cccc(Cl)c2)c(C2CCCNC2)ccc1	1.0	1	0.912	0.927
28	COc1cc2c(cc1Oc1ccc(NC(=O)CCc3ccccc3)cc1)CCCNC2	1.0	1	0.705	0.976
28	Cc1ccc(S(=O)(=O)NCCCN2CCCCC2)cc1	1.0	1	0.848	0.989
28	Cc1c(C(=O)c2cc(Cl)ccc2NS(=O)(=O)c2ccc(Cl)s2)cccc1	1.0	1	0.955	0.976
28	O=C(Nc1ccc(S(=O)(=O)NCCN2CCOCC2)cc1)c1ccccn1	1.0	1	0.671	0.98
28	Cc1ccc(C(=O)c2c(C)c(C)ccc2NS(=O)(=O)c2ccc(C)cc2)cc1	1.0	1	0.89	0.982
28	COc1ccccc1Cn1nc(NS(=O)(=O)c2ccc(Cl)cc2)cc1	1.0	1	0.797	0.981
28	Cc1ccc(C(=O)c2cc(Cl)ccc2NS(=O)(=O)c2ccc(C)cc2)cc1	1.0	1	0.945	0.987
28	CCCCc1ccc(C(C)(C)C)cc1Oc1nc(Br)ccc1	1.0	1	0.834	0.966
28	CS(=O)(=O)c1ccccc1Cn1cc2cc(C(=O)NC3CCCCC3)ccc2c1	1.0	1	0.633	0.957
29	Cc1cc(C(=O)c2cc(Cl)ccc2NS(=O)(=O)c2ccc(Cl)cc2)ccn1	1.0	1	0.934	0.978
29	CC(=O)C1=C(O)C(=O)N(c2ccc(C)cc2N)C1c1ccc(C)cc1	1.0	1	0.996	0.93
29	CN(C)c1ccc(C(=O)Nc2ccc(Cc3nnc(O)c4c3CCCC4)cc2)cc1	1.0	1	0.571	0.955
29	CC(=O)C1=C(O)C(=O)N(c2ccc(C)cc2)C1c1ccccc1	1.0	1	0.998	0.963
29	CCc1nc2nc(N)nn2c(O)c1Cc1cccc(Cl)c1	1.0	1	1.0	0.935
29	Cc1ccc(Nc2ccc(S(=O)(=O)N3CCCCC3)cc2[N+](=O)[O-])cc1	1.0	1	0.802	0.982
29	Cc1ccc(C(=O)c2cc(Cl)ccc2NS(=O)(=O)c2ccc(-c3cnccn3)cc2)cc1	1.0	1	0.827	0.975
29	Oc1cc(CSc2cccc(F)c2)nc2ccccc12	1.0	1	0.95	0.976
29	CC(C)c1nc2nc(N)nn2c(O)c1Cc1ccccc1Cl	1.0	1	1.0	0.928
29	O=C(O)c1c(Oc2nccnc2NS(=O)(=O)c2ccc(Cl)c(Cl)c2)cccc1	1.0	1	0.935	0.968
29	CC(=O)C1=C(O)C(=O)N(c2c(C)cccc2C)C1C1CCCCC1	1.0	1	0.912	0.897
29	CCC(=O)C1=C(O)C(=O)N(c2ccc(C)cc2)C1C1CCCCC1	1.0	1	0.994	0.913
29	CC(C)C(=O)Nc1ccc(N2CC(C)(C)CC2)cc1	1.0	1	0.813	0.98
29	Cc1cc(Oc2ccc(F)cc2NS(=O)(=O)c2ccc(C(C)(C)C)cc2)ccc1	1.0	1	0.966	0.981
29	COc1cc(C(=O)NCCN2CCCCC2)ccc1-c1cccc(C(F)(F)F)c1	1.0	1	0.692	0.98
29	Cc1ccccc1C(=O)c1cc(Cl)ccc1NS(=O)(=O)c1ccc(C)cc1	1.0	1	0.948	0.986
29	CC(=O)C1=C(O)C(=O)N(c2cc(F)ccc2F)C1c1ccccc1	1.0	1	0.999	0.941
29	Cc1ncccc1Oc1ncc(C#N)cc1NS(=O)(=O)c1ccc(S(C)(=O)=O)cc1	1.0	1	0.876	0.952
29	Cc1nc(C(=O)c2cc(Cl)ccc2NS(=O)(=O)c2ccc(Cl)cc2)ccn1	1.0	1	0.837	0.972
29	CCOCCOc1nc(Br)cnc1NS(=O)(=O)c1ccccc1Cl	1.0	1	0.896	0.952
29	O=C(O)c1c(Oc2nccnc2NS(=O)(=O)c2ccc(Cl)cc2)ccccc1	0.0	0	0.0	0.0
29	O=C(O)c1c(Oc2nccnc2NS(=O)(=O)c2ccc(Cl)cc2)cccc1	1.0	1	0.911	0.974
29	N#Cc1cccn1CCC(NS(=O)(=O)c1cccc2cc(O)ccc12)C(=O)O	1.0	1	0.843	0.863
29	CC(=O)C1=C(O)C(=O)N(c2ccc(C)cc2N)C1c1ccc(Br)cc1	1.0	1	0.994	0.92
29	CCCCCCc1nc2nc(N)nn2c(O)c1Cc1cc(Br)ccc1	1.0	1	0.999	0.931
29	O=C(O)c1ccccc1Oc1ccc(Cl)cc1NS(=O)(=O)c1ccc(Cl)cc1	1.0	1	0.972	0.984
29	Cc1ncc(C(=O)c2cc(Cl)ccc2NS(=O)(=O)c2ccc(-c3cnccc3)cc2)cc1	1.0	1	0.84	0.972
29	Cc1ccc(C(=O)c2cc(Cl)ccc2NS(=O)(=O)c2ccc(-c3cnccc3)cc2)cc1	1.0	1	0.853	0.98
29	O=C(O)c1ccccc1Oc1ccccc1S(=O)(=O)Nc1ccc(Cl)cc1	1.0	1	0.951	0.985
29	CCCCCCCc1nc2nc(N)nn2c(O)c1Cc1cccc(C)c1	1.0	1	0.999	0.939
29	Nc1nn2c(O)c(Cc3cccc(F)c3)c(C3CC3)nc2n1	1.0	1	1.0	0.921
29	Cc1nc(C)nc(NS(=O)(=O)c2ccc(Cl)cc2)c1	1.0	1	0.881	0.983
29	Nc1nn2c(O)c(Cc3cccc(Oc4ccc(Cl)cc4)c3)c(C3CC3)nc2n1	1.0	1	0.998	0.935
29	O=S(=O)(Nc1ncc(Cl)nc1OCc1ccc(Cl)cc1)c1cc(Cl)ccc1	1.0	1	0.862	0.968
29	Cc1ccc(S(=O)(=O)Nc2cc(C)ccc2C)cc1	1.0	1	0.845	0.992
29	CCCCc1nc2nc(N)nn2c(O)c1Cc1cccc(C)c1	1.0	1	0.998	0.937
29	O=C(NS(=O)(=O)c1ccccc1)c1cc(C(F)(F)F)ccc1C(=O)N1CCC(N2CCCCC2)CC1	1.0	0	0.005	0.958
29	Cc1nn(Cc2ccc(C(F)(F)F)cc2NS(=O)(=O)c2ccc(Cl)cc2)c(C)c1	1.0	1	0.96	0.969
29	Cc1cc(Oc2c(C(=O)O)cccc2)c(C(C)C)cc1	1.0	1	0.903	0.987
29	Cc1cc(S(=O)(=O)Nc2cc(Cl)ccc2C(=O)c2ccncc2)ccc1	1.0	1	0.918	0.98
29	O=C(NS(=O)(=O)c1ccc(Cl)cc1)c1ccccc1	1.0	1	0.83	0.993
29	O=C(NS(=O)(=O)c1cccc(C(F)(F)F)c1)c1cccc(C(F)c2ccccc2)c1	1.0	1	0.598	0.926
29	CC(C)(C)c1ccc(S(=O)(=O)Nc2ccc(Cl)cc2-c2c(O)cccc2)cc1	1.0	1	0.939	0.979
29	CC(=O)c1ccc(-c2ccsn2)cc1	1.0	1	0.624	0.969
29	COc1c(Nc2nccn2-c2c(Cl)cccc2)cccc1	1.0	1	0.877	0.979
29	Cc1ccc(Cl)cc1C(=O)c1ccc(NS(=O)(=O)c2ccc(C)cc2)cc1	1.0	1	0.732	0.987
29	N#Cc1ccc2c(c1)N(S(=O)(=O)c1ccc(Cl)cc1)C(=O)C2(C)C	1.0	1	0.822	0.959
29	Cc1nccnc1Cc1ccc(C(F)(F)F)cc1NS(=O)(=O)c1ccc(Cl)cc1	1.0	1	0.933	0.958
29	Cc1c(C(=O)c2cc(Cl)ccc2NS(=O)(=O)c2ccc(C(C)(C)C)cc2)cccn1	1.0	1	0.906	0.973
29	O=C(O)c1cc(Oc2ccc(Cl)cc2NS(=O)(=O)c2ccc(Cl)c(Cl)c2)ccc1	1.0	1	0.948	0.98
29	Cc1ccc(NC(=O)CCc2ccc(S(=O)(=O)NC3CCN(C(=O)c4ccccc4)CC3)cc2)cc1	1.0	0	0.005	0.979
29	CNc1nc(Br)cnc1NS(=O)(=O)c1cccc(Cl)c1Cl	1.0	1	0.906	0.934
29	[O-]c1cc(Oc2ccc(Cl)cc2NS(=O)(=O)c2ccc(Cl)c(Cl)c2)ccc1	1.0	1	0.962	0.953
29	Cc1nn2c(O)c(C)nc2n1-c1cc(Cl)c(Cl)cc1	1.0	1	0.883	0.905
29	Cc1cccc(CNS(=O)(=O)c2ccc(Cl)cc2)c1O	1.0	1	0.808	0.986
29	COc1ccc(S(=O)(=O)Nc2cccc(C(=O)O)n2)cc1	1.0	1	0.751	0.985
29	CC(=O)C1=C(O)C(=O)N(c2ccc(C)cc2)C1c1cc(Br)ccc1	1.0	1	0.999	0.948
29	O=C(NS(=O)(=O)c1ccc(Cl)cc1)c1ccc(Cl)cc1	1.0	1	0.813	0.992
29	COc1c(NS(=O)(=O)c2c(Cl)c(Cl)ccc2)nccc2ncccc12	0.0	0	0.0	0.0
29	Cc1c[n+]([O-])c(CNS(=O)(=O)c2ccc(C(C)(C)C)cc2)cc1	1.0	1	0.748	0.942
29	Cc1ccc(N2C(=O)C(O)=C(C(=O)C(C)C)C2C2CCCCC2)cc1	1.0	1	0.998	0.909
29	CCn1c2ccc(Cl)cc2c2nc(C3CC(Cc4ccccc4)NC3=O)ccc21	1.0	1	0.833	0.777
29	Cc1ncc(C(=O)c2cc(Cl)ccc2NS(=O)(=O)c2ccc(Cl)cc2)cc1	1.0	1	0.935	0.98
29	Cc1ncccc1C(=O)c1cc(Cl)ccc1NS(=O)(=O)c1ccc(C(C)(C)C)cc1	1.0	1	0.906	0.973
29	O=C(NCCN=Cc1cccc(C(=O)O)c1)c1ccc(Oc2ccccc2)cc1	1.0	1	0.436	0.978
29	COc1c(C)c(NS(=O)(=O)c2ccc(C(C)(C)C)cc2)c(O)cc1	1.0	1	0.811	0.975
29	CC1CCN(C(=O)C(CCn2cccc2C#N)c2ccc(Cl)cc2)CC1	1.0	1	0.925	0.886
29	O=S(=O)(NN=Cc1ccccc1)c1ccc(F)cc1	1.0	1	0.941	0.987
29	Oc1cc(CSc2cccc(F)c2F)nc2nc(-c3ccccc3)nn12	1.0	1	0.948	0.945
29	COc1c(NS(=O)(=O)c2ccc(Cl)s2)ncc(Br)cc1	0.0	0	0.0	0.0
29	CS(=O)(=O)Nc1c(C(=O)c2ccccc2)c2cc(Cl)ccc2c1	0.0	0	0.0	0.0
29	CCCCCCCc1ccc(C(=O)NCC(=O)Nc2ccccc2N)cc1	1.0	1	0.578	0.987
29	CC(=O)NCc1cc(C(=O)c2ccccc2)ccc1Cl	1.0	1	0.781	0.989
29	Cn1nnc(Cc2cccc(C(F)(F)F)c2)c1Oc1ccc(Cl)cc1O	1.0	1	0.913	0.937
29	O=C(O)c1c(Oc2ncccc2NS(=O)(=O)c2ccc(Cl)s2)cccn1	1.0	1	0.881	0.955
29	COc1cc(S(=O)(=O)c2ccc(C)c(C)c2)ccc1	1.0	1	0.888	0.989
29	O=C(O)c1cc(Oc2cccc(Cl)c2)ccc1	1.0	1	0.889	0.992
29	Cc1nnnn1Cc1ccc(Cl)cc1Cl	1.0	1	0.882	0.974
29	Cc1ccccc1NS(=O)(=O)c1ccc(Cl)cc1Cl	1.0	1	0.897	0.99
29	Cc1ccc(N2C(=O)C(O)=C(C(=O)c3ccccc3)C2C2CCCCC2)cc1	1.0	1	0.991	0.933
29	O=C(O)c1ccc(Oc2ccc(Cl)cc2NS(=O)(=O)c2ccc(Cl)c(Cl)c2)cc1	1.0	1	0.954	0.982
29	O=C(O)c1ccccc1Oc1ccc(Cl)cc1NS(=O)(=O)c1ccc(Cl)cc1	1.0	1	0.972	0.984
29	O=C(C1=C(O)C(=O)N(c2ccc(Br)cc2F)C1c1ccccc1)c1ccc(Cl)c(Cl)c1	1.0	1	0.99	0.922
29	O=C(O)c1c(Oc2ccc(F)cc2NS(=O)(=O)c2ccc(Cl)s2)cccn1	1.0	1	0.957	0.962
29	CCCC(=O)Nc1ccc(C(=O)c2cccc(C)c2)cc1	1.0	1	0.848	0.992
29	CCCCCCc1nc2nc(N)nn2c(O)c1Cc1cccc(Cl)c1	1.0	1	0.999	0.937
29	CC(=O)C1=C(O)C(=O)N(c2cc(Cl)ccc2)C1c1ccc(Cl)cc1	1.0	1	0.999	0.952
29	COc1ccc(N2C(=O)C(O)=C(C(=O)C(C)C)C2C2CCCCC2)cc1	1.0	1	0.998	0.911
29	CC(=O)C1=C(O)C(=O)N(c2ccc(Br)cc2F)C1c1cc(Cl)ccc1	1.0	1	0.999	0.925
29	CC(C)(C)c1ccc(S(=O)(=O)Nc2ccc(Cl)c3cccnc23)cc1	1.0	1	0.839	0.98
29	O=[N+]([O-])c1ccc(-c2nc3ccc(Cl)cc3c(=O)n2Cc2ccccc2)cc1	1.0	1	0.963	0.982
29	O=C(c1cccnc1)c1cc(Cl)ccc1NS(=O)(=O)c1cc(Cl)c(N2CCOCC2)cc1	1.0	1	0.794	0.966
29	Cc1cccc(NS(=O)(=O)c2ccc(C(C)(C)C)cc2)c1	1.0	1	0.848	0.99
29	CCOC(=O)N1CCC(NS(=O)(=O)c2cccc3c2cccc3)CC1	1.0	1	0.89	0.981
29	CCCCCCc1nc2nc(N)nn2c(O)c1Cc1cccc(Cl)c1	1.0	1	0.999	0.937
29	CC(C)(C)c1ccc(S(=O)(=O)Nc2ccc(O)cc2)cc1	1.0	1	0.837	0.989
29	O=C(NCCO)c1ccccc1Oc1ccc(Cl)cc1NS(=O)(=O)c1ccc(Cl)cc1	1.0	1	0.91	0.979
29	O=S(=O)(Nc1ncccn1)c1ccc(Cl)cc1	1.0	1	0.797	0.987
29	CCCC(=O)Nc1cccc(C(=O)Nc2ccc(SC)cc2)c1O	1.0	1	0.581	0.983
29	CC(=O)N1CCC(NS(=O)(=O)c2cc(C)c(Cl)cc2)CC1	1.0	1	0.86	0.981
30	Cc1nc2nc(NCc3cccc(F)c3)nn2c(=O)c1Cc1cc(Br)cc(C(F)(F)F)c1	0.0	0	0.0	0.0
30	CC1(c2ccc(Cl)cc2)NC(=O)N(CC(=O)Nc2ccc([N+](=O)[O-])cc2)C1=O	1.0	1	0.769	0.95
30	Cc1nn2c(O)c(Cc3nc(-c4ccccc4)c(C)s3)ncc2n1	1.0	1	0.951	0.903
30	CS(=O)(=O)c1ccc(Oc2cc(Cl)ccc2NS(=O)(=O)c2ccc(Cl)c(C(F)(F)F)c2)cc1	1.0	1	0.939	0.967
30	O=C(NS(=O)(=O)c1ccccc1)c1ccc(F)cc1	1.0	1	0.788	0.993
30	Cc1ccc(S(=O)(=O)NCCCN2CCCCC2)cc1	1.0	1	0.848	0.989
30	CNS(=O)(=O)c1cccc(C(=O)Nc2cccc(C)c2)c1Cl	1.0	1	0.752	0.984
30	O=C(c1ccncc1)c1cc(Cl)ccc1NS(=O)(=O)c1ccc(-c2cnco2)cc1	1.0	1	0.756	0.964
30	COc1cc2c(cc1NS(=O)(=O)c1c(Cl)c(Cl)ccc1)nc(O)[nH]2C	0.0	0	0.0	0.0
30	CS(=O)(=O)Nc1cc(C(=O)Nc2ccc(C(=O)O)cc2)ccc1Cl	1.0	1	0.54	0.988
30	CCCCCc1cc(NS(=O)(=O)c2c(C)c(C)ccc2C)ncc1	1.0	1	0.823	0.973
30	COc1nc(C)cnc1NS(=O)(=O)c1ccc(Cl)s1	1.0	1	0.936	0.953
30	Cc1nnnn1Cc1ccccc1C(F)F	1.0	1	0.799	0.949
30	COc1c(Oc2ccc(Cl)cc2NS(=O)(=O)c2cc(C(C)(C)C)ccc2)cccn1	1.0	1	0.973	0.968
30	N#Cc1cc(NS(=O)(=O)c2ccc(Cl)cc2)c(Oc2ccccc2-c2ccccc2)cc1	1.0	1	0.92	0.979
30	CC(=O)C1=C(O)C(=O)N(c2ccc(C)cc2)C1C1CCc2ccccc2C1	1.0	1	0.996	0.863
30	COc1ccccc1Cc1c(O)n2nc(N)nc2nc1C1CC1	1.0	1	1.0	0.927
30	COc1c(C)c(NS(=O)(=O)c2ccc(C(C)(C)C)cc2)c(O)nc1	1.0	1	0.796	0.955
30	O=C(NS(=O)(=O)c1ccccc1)c1ccc(Br)c(Cl)c1	1.0	1	0.837	0.987
30	O=S(=O)(NCCCN1CCCCC1)c1ccc(Cl)cc1	1.0	1	0.843	0.988
30	O=C(O)c1ccccc1Oc1ccc(C(F)(F)F)cc1NS(=O)(=O)c1ccc(Cl)cc1	1.0	1	0.966	0.977
30	CC(=O)C1=C(O)C(=O)N(c2ccc(C)cc2)C1c1ccc(C)c(O)c1	1.0	1	0.997	0.938
30	O=C(O)c1c(Oc2cnccc2NS(=O)(=O)c2cc(C(F)(F)F)ccc2)nccc1	1.0	1	0.941	0.957
30	Cc1cc(Oc2ncc(Cl)cc2NS(=O)(=O)c2ccc(Cl)cc2)ccc1	1.0	1	0.934	0.979
30	O=C(O)c1cccc(C(=O)c2ccccc2)c1CC1	0.0	0	0.0	0.0
30	O=S(=O)(Nc1cc(Cl)ncc1Cn1cncn1)c1ccc(Cl)cc1	1.0	1	0.934	0.958
30	CC(C)c1nc2nc(Cc3ccccc3)nn2c(=O)[nH]c1C	0.0	0	0.0	0.0
30	COc1ccc2c(c1NS(=O)(=O)c1cccc(Cl)c1)CCCCCNS2(=O)=O	1.0	1	0.818	0.844
30	Cc1ncc(C(=O)Nc2ccc(C)c(C)c2C)cc1	1.0	1	0.778	0.987
30	COc1ccc(Nc2ncnc(Nc3ccc(F)c(C)c3)c2)cc1	1.0	1	0.783	0.98
30	CCCCCCCc1nc2nc(N)nn2c(O)c1Cc1cccc(C)c1	1.0	1	0.999	0.939
30	O=C(c1ccncc1)c1cc(Cl)ccc1NS(=O)(=O)c1ccc(Cl)cc1	1.0	1	0.927	0.983
30	Cc1cc(NS(=O)(=O)c2ccc(Cl)cc2)cs1	1.0	1	0.858	0.977
30	COc1nc(OC)c(S(=O)(=O)NCCCN2CCCCC2)cc1C(=O)c1ccc(Cl)cc1	1.0	1	0.652	0.954
30	Cc1ccc(N2C(=O)C(O)=C(C(=O)C(C)C)c2ccccc1C(=O)c1ccncc1	0.0	0	0.0	0.0
30	O=C(Nc1ncc(S(=O)(=O)c2ccccc2)cn1)c1cccc(F)c1	1.0	1	0.592	0.979
30	CC(=O)C1=C(O)C(=O)N(c2ccc(Br)cc2F)C1C1CCCCC1	1.0	1	0.999	0.892
30	CC(=O)C1=C(O)C(=O)N(c2ccc(Br)cc2F)C1C1CCCCC1	1.0	1	0.999	0.892
30	CC(=O)c1cccc(C(=O)c2cc(Cl)ccc2NS(=O)(=O)c2cccc(Cl)c2)c1	1.0	1	0.921	0.98
30	COc1cc(Oc2ccc(Cl)cc2NS(=O)(=O)c2ccc(C)cc2)ccc1	1.0	1	0.967	0.986
30	O=C(O)c1ccccc1Oc1ccc(Cl)cc1NS(=O)(=O)c1ccc(Cl)cc1	1.0	1	0.972	0.984
30	O=C(c1ccncn1)c1cc(Cl)ccc1NS(=O)(=O)c1ccc(NC(C)(C)C)cc1	1.0	1	0.808	0.956
30	O=S(=O)(Nc1cc(Cl)nc2ncnn12)c1ccccc1C	1.0	1	0.975	0.947
30	CCOc1ccc(Cc2nn(C)cc2)cc1Cl	1.0	1	0.845	0.977
30	CC(=O)c1ccc(OC(=O)N2CCOCC2)cc1	1.0	1	0.774	0.987
30	CS(=O)(=O)Nc1cc(C(=O)NCc2ccc(Cl)c(Cl)c2)ncc1	1.0	1	0.827	0.98
30	COc1nc(NS(=O)(=O)c2cccc(C(C)(C)C)c2)cnc1	1.0	1	0.75	0.967
30	CS(=O)(=O)c1ccc(C(=O)Nc2cc(Cl)ccc2C(=O)c2ccncc2)cc1	1.0	1	0.677	0.982
30	Cc1c(C(=O)c2cc(Cl)ccc2NS(=O)(=O)c2ccc(Cl)cc2)cccc1	1.0	1	0.946	0.985
30	Oc1c(Cc2ccccc2)cccc1	1.0	1	0.897	0.994
30	O=C(O)c1c(Oc2ccccc2NS(=O)(=O)c2ccc(Cl)cc2)cccc1	1.0	1	0.947	0.986
30	Nc1nn2c(O)c(Cc3ncccc3Cl)c(CCc3ccccc3)nc2n1	1.0	1	0.998	0.926
30	O=C(Nc1cc(NS(=O)(=O)c2cc(C(F)(F)F)ccc2)ccc1)c1ccccc1	1.0	1	0.685	0.986
30	Nc1nn2c(O)c(Cc3ccc(Br)cc3)c(C3CC3)nc2n1	1.0	1	1.0	0.922
30	Nc1nn2c(O)c(Cc3cncc(Cl)c3)c(C3CC3)nc2n1	1.0	1	1.0	0.875
30	O=C(O)c1c(Oc2ncccc2Nc2ccccc2)cccc1	1.0	1	0.876	0.986
30	CC(=O)C1=C(O)C(=O)N(c2cc(F)c(C)cc2)C1C1CCCCC1	1.0	1	0.997	0.908
30	O=C(O)c1c(Oc2ncccc2NS(=O)(=O)c2cc(Cl)ccc2)cccn1	1.0	1	0.941	0.969
30	COc1nc(Cl)cnc1NS(=O)(=O)c1c(Cl)cccc1Cl	1.0	1	0.83	0.954
30	CCCCc1ccc(C(=O)Nc2ccc(OC)cc2)cc1	1.0	1	0.618	0.994
30	Cc1ncccc1Oc1ncc(C#N)cc1NS(=O)(=O)c1cc(Cl)c(Cl)cc1	1.0	1	0.941	0.953
30	c1ccc(C(=Cn2nnnc2c2ccccc2)cc1	0.0	0	0.0	0.0
30	CCCC(=O)Nc1ccc(C(=O)NCCC)cc1Cl	1.0	1	0.838	0.99
30	Cc1c(C(=O)Nc2ccc(Cl)cc2)cccc1	1.0	1	0.811	0.995
30	COc1cc2cnccc2cc1NS(=O)(=O)c1ccc(Cl)cc1	1.0	1	0.857	0.981
30	Cc1nnnn1C(=O)C(=O)c1ccc(Cl)nc1	1.0	1	0.773	0.922
30	O=C(O)c1c(Oc2nc[nH]n2)cccc1	1.0	1	0.748	0.927
30	O=C(CNc1ccc(Cl)cc1O)NO	1.0	1	0.668	0.972
30	Cn1nnnc1Cc1ncnc2ncccc12	1.0	1	0.871	0.92
30	CC(C)c1nc2nc(N)nn2c(O)c1Cc1cc(Cl)cc(Cl)c1	1.0	1	1.0	0.908
30	O=C(NS(=O)(=O)c1cccc(C(F)(F)F)c1)c1ccccc1	1.0	1	0.703	0.988
30	O=C(NS(=O)(=O)c1ccccc1)c1cc2ccccc2[nH]1	1.0	1	0.795	0.984
30	COc1cc(Oc2ccc(C(=O)NCCN3CCCC3)cc2)ccc1	1.0	1	0.698	0.989
30	CC(=O)C1=C(O)C(=O)N(c2cc(C)ccc2)C1c1cc(C)ccc1	1.0	1	0.999	0.949
30	O=S(=O)(Nc1cc(Cl)c(Cl)cc1Cn1cnc2ccccc21)c1ccccc1	1.0	1	0.916	0.973
30	O=C(O)c1c(Oc2ccc(Cl)cc2NS(=O)(=O)c2ccc(Cl)c(Cl)c2)cccc1	1.0	1	0.967	0.98
30	Cc1nc(C)n(C(=O)c2ccc(C)cc2)c1Oc1c(Cl)cccc1	1.0	1	0.897	0.969
30	CC(=O)C1=C(O)C(=O)N(Cc2ccccc2)C1C1Cc2ccccc2C1	1.0	1	0.986	0.917
30	O=S(=O)(NCCCN1CCC(c2ccc(Cl)cc2)CC1)c1ccccc1	1.0	1	0.715	0.984
30	CC(=O)c1ccc(OS(=O)(=O)NC(=O)c2ccccc2)cc1	1.0	1	0.8	0.984
30	O=C(Nc1nc(-c2ccc(F)cc2)cs1)c1ccc(Cl)cc1	1.0	1	0.726	0.99
30	N=C(N)c1ccc(S(=O)(=O)Nc2ccc(Cl)cc2C(=O)c2ccncc2)cc1	1.0	1	0.804	0.975
30	CCc1ccc(C(=O)c2cc(Cl)ccc2NS(=O)(=O)c2ccc(OC)cc2)cc1	1.0	1	0.926	0.985
30	Cc1ccc(N2C(=O)C(O)=C(C(=O)C(C)C)C2C2CCCCC2)cc1	1.0	1	0.998	0.909
30	Cc1cc(Oc2c(C(=O)O)cccc2)c(C(C)C)cc1	1.0	1	0.903	0.987
30	O=C(Nc1ccc(S(=O)(=O)NCc2ccncc2)cc1)c1ccccc1	1.0	1	0.549	0.989
30	CCc1nc2nc(N)nn2c(O)c1Cc1cccc(C)c1	1.0	1	1.0	0.937
30	COc1ccc(S(=O)(=O)Nc2ccc(C)cc2C#N)cc1	1.0	1	0.82	0.986
30	Nc1nn2c(O)c(Cc3ccccc3)c(C3CC3)nc2n1	1.0	1	1.0	0.937
30	Cc1ncccc1Oc1ncc(Cl)cc1NS(=O)(=O)c1ccc(Cl)cc1	1.0	1	0.93	0.971
30	O=S(=O)(Nc1ncccn1)c1ccc(Cl)cc1	1.0	1	0.797	0.987
30	O=S(=O)(NCCCN1CCCC1)c1ccccc1C(F)(F)F	1.0	1	0.811	0.98
30	O=C(NS(=O)(=O)c1cc(Cl)ccc1)N1CCOCC1	1.0	1	0.807	0.98
30	O=S(=O)(c1ccc(Cl)cc1)c1cc2c(ccc3ccccc32)cc1	1.0	1	0.797	0.987
30	O=C(NCCNC(=O)c1ccccc1)c1ccccc1Cl	1.0	1	0.772	0.993
30	Cc1ccc(Oc2ccc(S(=O)(=O)Nc3ccc(Br)cc3)cc2)cc1	1.0	1	0.734	0.99
30	Cc1c(C)c(NS(=O)(=O)c2ccc(Cl)cc2)c(C)cc1C	1.0	1	0.899	0.983
30	O=S(=O)(Nc1ncnc2n[nH]c(O)c12)c1ccc(Cl)cc1	1.0	1	0.869	0.939
30	COc1ccc(Cc2c(O)n3nc(Cc4ccccc4)c(C)n3c2O)cc1	0.0	0	0.0	0.0
30	Cc1ncccc1C(=O)c1cc(Cl)ccc1NS(=O)(=O)c1ccc(C(C)(C)C)cc1	1.0	1	0.906	0.973
