Name	ShapeQuery	Rank	TanimotoCombo	ShapeTanimoto	ColorTanimoto	FitTverskyCombo	FitTversky	FitColorTversky	RefTverskyCombo	RefTversky	RefColorTversky	ColorScore	Overlap	Unnamed: 14	Active
ZINC03815825_136	1C5T.pdb_1GJ6.pdb_1QBO.pdb	1	0.686	0.37	0.316	1.77	1.191	0.578	0.76	0.349	0.411	-8.303	2148.244		1
ZINC04617942_141	1C5T.pdb_1GJ6.pdb_1QBO.pdb	3	0.685	0.399	0.286	1.96	1.425	0.536	0.738	0.357	0.381	-7.689	2191.419		1
ZINC04617942_141	1C5T.pdb_1GJ6.pdb_1QBO.pdb	2	0.685	0.399	0.286	1.96	1.425	0.536	0.738	0.357	0.381	-7.689	2191.419		1
ZINC04617941_149	1C5T.pdb_1GJ6.pdb_1QBO.pdb	5	0.678	0.379	0.299	2.041	1.488	0.553	0.731	0.337	0.393	-7.946	2068.335		1
ZINC04617941_149	1C5T.pdb_1GJ6.pdb_1QBO.pdb	4	0.678	0.379	0.299	2.041	1.488	0.553	0.731	0.337	0.393	-7.946	2068.335		1
ZINC03960308_161	1C5T.pdb_1GJ6.pdb_1QBO.pdb	6	0.65	0.373	0.277	1.677	1.109	0.567	0.711	0.36	0.351	-7.057	2218.842		0
ZINC00597948_33	1C5T.pdb_1GJ6.pdb_1QBO.pdb	7	0.638	0.376	0.261	1.65	1.169	0.481	0.721	0.357	0.364	-7.361	2199.305		0
ZINC03815825_107	1C5T.pdb_1GJ6.pdb_1QBO.pdb	8	0.635	0.369	0.266	1.695	1.189	0.506	0.708	0.348	0.36	-7.262	2143.076		1
ZINC03987406_46	1C5T.pdb_1GJ6.pdb_1QBO.pdb	9	0.633	0.349	0.284	1.786	1.232	0.554	0.696	0.327	0.369	-7.425	2011.326		0
ZINC04633604_89	1C5T.pdb_1GJ6.pdb_1QBO.pdb	10	0.627	0.395	0.232	1.831	1.377	0.453	0.679	0.357	0.322	-6.505	2192.361		0
ZINC03785211_119	1C5T.pdb_1GJ6.pdb_1QBO.pdb	11	0.626	0.432	0.194	1.748	1.356	0.391	0.666	0.388	0.278	-5.62	2385.697		0
ZINC03785220_140	1C5T.pdb_1GJ6.pdb_1QBO.pdb	12	0.626	0.438	0.188	1.689	1.322	0.367	0.673	0.396	0.278	-5.62	2436.752		0
ZINC03987397_56	1C5T.pdb_1GJ6.pdb_1QBO.pdb	13	0.618	0.378	0.24	1.815	1.329	0.485	0.668	0.346	0.323	-6.501	2123.245		0
ZINC03815826_136	1C5T.pdb_1GJ6.pdb_1QBO.pdb	14	0.612	0.376	0.236	1.859	1.454	0.405	0.698	0.336	0.361	-7.373	2063.269		1
ZINC03790011_31	1C5T.pdb_1GJ6.pdb_1QBO.pdb	15	0.609	0.43	0.179	1.68	1.327	0.353	0.655	0.389	0.267	-5.401	2392.93		0
ZINC02975662_198	1C5T.pdb_1GJ6.pdb_1QBO.pdb	17	0.608	0.454	0.154	1.552	1.253	0.299	0.656	0.416	0.24	-4.87	2566.293		0
ZINC04393950_180	1C5T.pdb_1GJ6.pdb_1QBO.pdb	16	0.608	0.439	0.169	1.613	1.298	0.315	0.665	0.399	0.266	-5.412	2457.088		0
ZINC03790022_16	1C5T.pdb_1GJ6.pdb_1QBO.pdb	18	0.608	0.428	0.18	1.71	1.356	0.354	0.653	0.385	0.268	-5.428	2366.226		0
ZINC04150044_97	1C5T.pdb_1GJ6.pdb_1QBO.pdb	19	0.605	0.443	0.163	1.587	1.272	0.315	0.656	0.404	0.252	-5.114	2492.098		0
ZINC03834125_184	1C5T.pdb_1GJ6.pdb_1QBO.pdb	20	0.603	0.365	0.238	1.541	1.078	0.462	0.684	0.356	0.328	-6.63	2194.44		1
ZINC02242841_175	1C5T.pdb_1GJ6.pdb_1QBO.pdb	21	0.602	0.401	0.201	1.639	1.27	0.369	0.676	0.37	0.306	-6.225	2274.543		0
ZINC03785241_175	1C5T.pdb_1GJ6.pdb_1QBO.pdb	22	0.596	0.444	0.152	1.609	1.302	0.307	0.634	0.402	0.232	-4.699	2478.19		0
ZINC01535955_119	1C5T.pdb_1GJ6.pdb_1QBO.pdb	23	0.596	0.417	0.179	1.696	1.332	0.364	0.637	0.378	0.259	-5.235	2325.368		0
ZINC02654818_90	1C5T.pdb_1GJ6.pdb_1QBO.pdb	25	0.595	0.418	0.176	1.643	1.282	0.361	0.64	0.383	0.257	-5.182	2359.094		0
ZINC03938552_29	1C5T.pdb_1GJ6.pdb_1QBO.pdb	26	0.595	0.349	0.246	1.65	1.133	0.517	0.655	0.335	0.32	-6.431	2064.677		0
ZINC01902817_63	1C5T.pdb_1GJ6.pdb_1QBO.pdb	24	0.595	0.363	0.232	1.7	1.246	0.454	0.661	0.339	0.322	-6.509	2083.874		0
ZINC03959453_171	1C5T.pdb_1GJ6.pdb_1QBO.pdb	27	0.59	0.388	0.202	1.711	1.29	0.421	0.637	0.357	0.28	-5.644	2193.979		0
ZINC01548106_189	1C5T.pdb_1GJ6.pdb_1QBO.pdb	28	0.589	0.384	0.205	2.0	1.477	0.523	0.593	0.342	0.251	-5.016	2098.041		0
ZINC03987402_65	1C5T.pdb_1GJ6.pdb_1QBO.pdb	30	0.588	0.347	0.241	1.691	1.204	0.487	0.651	0.327	0.323	-6.515	2013.6		0
ZINC02952670_12	1C5T.pdb_1GJ6.pdb_1QBO.pdb	29	0.588	0.368	0.22	1.63	1.178	0.452	0.649	0.349	0.301	-6.059	2147.072		0
ZINC03981735_184	1C5T.pdb_1GJ6.pdb_1QBO.pdb	31	0.588	0.362	0.227	1.656	1.193	0.463	0.649	0.342	0.308	-6.198	2102.428		0
ZINC03938554_60	1C5T.pdb_1GJ6.pdb_1QBO.pdb	32	0.586	0.349	0.237	1.611	1.13	0.48	0.655	0.335	0.319	-6.431	2064.677		0
ZINC03820532_135	1C5T.pdb_1GJ6.pdb_1QBO.pdb	33	0.585	0.388	0.197	1.722	1.292	0.431	0.623	0.356	0.266	-5.354	2191.497		0
ZINC03815826_100	1C5T.pdb_1GJ6.pdb_1QBO.pdb	34	0.585	0.36	0.225	1.798	1.409	0.389	0.673	0.326	0.347	-7.08	2000.291		1
ZINC03815826_100	1C5T.pdb_1GJ6.pdb_1QBO.pdb	35	0.585	0.36	0.225	1.798	1.409	0.389	0.673	0.326	0.347	-7.08	2000.291		1
ZINC03841660_11	1C5T.pdb_1GJ6.pdb_1QBO.pdb	36	0.584	0.43	0.154	1.636	1.326	0.31	0.623	0.389	0.235	-4.748	2393.87		0
ZINC03841640_94	1C5T.pdb_1GJ6.pdb_1QBO.pdb	37	0.582	0.43	0.152	1.611	1.28	0.331	0.613	0.393	0.22	-4.435	2419.747		0
ZINC03941269_1	1C5T.pdb_1GJ6.pdb_1QBO.pdb	38	0.579	0.379	0.199	1.506	1.165	0.341	0.685	0.36	0.325	-6.65	2216.428		0
ZINC03987403_49	1C5T.pdb_1GJ6.pdb_1QBO.pdb	39	0.579	0.346	0.233	1.546	1.091	0.455	0.659	0.336	0.323	-6.523	2070.01		0
ZINC01550309_48	1C5T.pdb_1GJ6.pdb_1QBO.pdb	40	0.578	0.35	0.228	1.698	1.233	0.465	0.638	0.328	0.309	-6.227	2019.324		0
ZINC03832370_145	1C5T.pdb_1GJ6.pdb_1QBO.pdb	41	0.577	0.348	0.229	1.541	1.075	0.466	0.65	0.34	0.311	-6.262	2092.996		1
ZINC03816706_145	1C5T.pdb_1GJ6.pdb_1QBO.pdb	42	0.576	0.34	0.235	1.562	1.133	0.428	0.671	0.327	0.343	-6.969	2013.765		0
ZINC03987407_2	1C5T.pdb_1GJ6.pdb_1QBO.pdb	43	0.576	0.325	0.251	1.654	1.13	0.525	0.638	0.313	0.325	-6.527	1927.295		0
ZINC01541278_76	1C5T.pdb_1GJ6.pdb_1QBO.pdb	45	0.575	0.345	0.231	1.841	1.327	0.514	0.612	0.318	0.295	-5.909	1949.643		0
ZINC03933732_107	1C5T.pdb_1GJ6.pdb_1QBO.pdb	46	0.575	0.377	0.197	1.787	1.357	0.43	0.61	0.343	0.267	-5.366	2108.851		0
ZINC03950795_75	1C5T.pdb_1GJ6.pdb_1QBO.pdb	44	0.575	0.36	0.215	1.662	1.236	0.426	0.639	0.337	0.303	-6.113	2070.74		0
ZINC03834156_74	1C5T.pdb_1GJ6.pdb_1QBO.pdb	48	0.574	0.343	0.231	1.771	1.256	0.514	0.616	0.321	0.295	-5.911	1971.915		1
ZINC03842084_35	1C5T.pdb_1GJ6.pdb_1QBO.pdb	47	0.574	0.385	0.189	1.604	1.221	0.383	0.631	0.36	0.272	-5.492	2213.386		0
ZINC01631479_49	1C5T.pdb_1GJ6.pdb_1QBO.pdb	49	0.572	0.389	0.183	1.553	1.209	0.344	0.645	0.365	0.28	-5.694	2246.495		0
ZINC01549765_114	1C5T.pdb_1GJ6.pdb_1QBO.pdb	50	0.571	0.367	0.203	1.675	1.233	0.442	0.617	0.343	0.274	-5.501	2111.706		0
ZINC03185845_60	1C5T.pdb_1GJ6.pdb_1QBO.pdb	51	0.571	0.365	0.206	1.701	1.28	0.422	0.625	0.338	0.287	-5.776	2079.292		0
ZINC03985882_123	1C5T.pdb_1GJ6.pdb_1QBO.pdb	52	0.571	0.372	0.199	1.611	1.195	0.415	0.627	0.351	0.276	-5.558	2158.665		0
ZINC03817194_99	1C5T.pdb_1GJ6.pdb_1QBO.pdb	53	0.569	0.409	0.16	1.614	1.324	0.29	0.634	0.372	0.263	-5.365	2285.92		0
ZINC03952614_163	1C5T.pdb_1GJ6.pdb_1QBO.pdb	55	0.568	0.367	0.201	1.598	1.16	0.438	0.62	0.349	0.271	-5.449	2150.332		0
ZINC03807302_86	1C5T.pdb_1GJ6.pdb_1QBO.pdb	54	0.568	0.39	0.178	1.547	1.196	0.351	0.632	0.367	0.265	-5.367	2260.285		0
ZINC03818898_119	1C5T.pdb_1GJ6.pdb_1QBO.pdb	60	0.567	0.376	0.191	1.75	1.332	0.418	0.603	0.344	0.259	-5.207	2115.119		0
ZINC03818898_119	1C5T.pdb_1GJ6.pdb_1QBO.pdb	59	0.567	0.376	0.191	1.75	1.332	0.418	0.603	0.344	0.259	-5.207	2115.119		0
ZINC03819390_3	1C5T.pdb_1GJ6.pdb_1QBO.pdb	61	0.567	0.388	0.179	1.636	1.239	0.398	0.607	0.361	0.246	-4.949	2221.928		0
ZINC03959484_163	1C5T.pdb_1GJ6.pdb_1QBO.pdb	58	0.567	0.357	0.209	1.828	1.326	0.502	0.593	0.328	0.265	-5.289	2016.05		0
ZINC03817194_98	1C5T.pdb_1GJ6.pdb_1QBO.pdb	56	0.567	0.408	0.159	1.613	1.324	0.289	0.633	0.371	0.262	-5.344	2282.426		0
ZINC03627213_4	1C5T.pdb_1GJ6.pdb_1QBO.pdb	57	0.567	0.438	0.128	1.571	1.298	0.274	0.593	0.398	0.195	-3.936	2453.975		0
ZINC02860446_145	1C5T.pdb_1GJ6.pdb_1QBO.pdb	63	0.566	0.381	0.184	1.508	1.134	0.374	0.632	0.365	0.267	-5.384	2250.431		0
ZINC03959458_127	1C5T.pdb_1GJ6.pdb_1QBO.pdb	62	0.566	0.378	0.189	1.754	1.294	0.46	0.59	0.348	0.242	-4.847	2138.721		0
ZINC03841071_39	1C5T.pdb_1GJ6.pdb_1QBO.pdb	64	0.564	0.378	0.186	1.664	1.287	0.377	0.617	0.349	0.268	-5.412	2145.298		0
ZINC03852887_79	1C5T.pdb_1GJ6.pdb_1QBO.pdb	65	0.562	0.359	0.202	1.593	1.172	0.422	0.621	0.341	0.28	-5.641	2100.94		0
ZINC02654819_66	1C5T.pdb_1GJ6.pdb_1QBO.pdb	66	0.562	0.396	0.166	1.576	1.233	0.343	0.612	0.368	0.244	-4.923	2268.66		0
ZINC04356859_47	1C5T.pdb_1GJ6.pdb_1QBO.pdb	67	0.562	0.385	0.177	1.751	1.314	0.437	0.582	0.352	0.23	-4.6	2166.072		0
ZINC03980301_2	1C5T.pdb_1GJ6.pdb_1QBO.pdb	68	0.561	0.411	0.15	1.608	1.283	0.326	0.594	0.377	0.217	-4.368	2319.683		0
ZINC02138945_117	1C5T.pdb_1GJ6.pdb_1QBO.pdb	69	0.561	0.41	0.151	1.586	1.272	0.314	0.602	0.377	0.224	-4.534	2323.443		0
ZINC00978047_46	1C5T.pdb_1GJ6.pdb_1QBO.pdb	70	0.559	0.344	0.215	1.618	1.192	0.426	0.629	0.326	0.303	-6.115	2005.714		0
ZINC03874810_176	1C5T.pdb_1GJ6.pdb_1QBO.pdb	74	0.558	0.379	0.178	1.539	1.218	0.321	0.641	0.355	0.286	-5.834	2187.454		0
ZINC03670360_144	1C5T.pdb_1GJ6.pdb_1QBO.pdb	73	0.558	0.434	0.124	1.596	1.318	0.277	0.577	0.393	0.184	-3.711	2418.448		0
ZINC03960678_120	1C5T.pdb_1GJ6.pdb_1QBO.pdb	72	0.558	0.399	0.159	1.581	1.272	0.309	0.615	0.368	0.248	-5.023	2263.271		0
ZINC03816706_55	1C5T.pdb_1GJ6.pdb_1QBO.pdb	71	0.558	0.407	0.152	1.588	1.292	0.296	0.61	0.372	0.237	-4.819	2291.517		0
ZINC04004628_113	1C5T.pdb_1GJ6.pdb_1QBO.pdb	78	0.557	0.418	0.14	1.531	1.266	0.265	0.612	0.384	0.228	-4.646	2365.167		0
ZINC03834135_195	1C5T.pdb_1GJ6.pdb_1QBO.pdb	77	0.557	0.356	0.201	1.663	1.204	0.459	0.599	0.335	0.263	-5.281	2062.904		1
ZINC03841097_173	1C5T.pdb_1GJ6.pdb_1QBO.pdb	76	0.557	0.376	0.181	1.586	1.217	0.368	0.614	0.352	0.262	-5.285	2169.199		0
ZINC03867942_157	1C5T.pdb_1GJ6.pdb_1QBO.pdb	75	0.557	0.361	0.196	1.767	1.338	0.429	0.597	0.331	0.266	-5.336	2033.299		0
ZINC03545191_97	1C5T.pdb_1GJ6.pdb_1QBO.pdb	79	0.556	0.357	0.199	1.631	1.236	0.394	0.62	0.334	0.286	-5.775	2056.381		0
ZINC03820532_145	1C5T.pdb_1GJ6.pdb_1QBO.pdb	81	0.555	0.381	0.174	1.663	1.275	0.388	0.592	0.352	0.24	-4.825	2163.03		0
ZINC02129136_123	1C5T.pdb_1GJ6.pdb_1QBO.pdb	82	0.555	0.404	0.151	1.594	1.28	0.314	0.596	0.371	0.224	-4.534	2285.672		0
ZINC03500143_123	1C5T.pdb_1GJ6.pdb_1QBO.pdb	80	0.555	0.391	0.164	1.859	1.433	0.426	0.56	0.35	0.21	-4.196	2146.445		0
ZINC04222430_160	1C5T.pdb_1GJ6.pdb_1QBO.pdb	83	0.554	0.419	0.135	1.54	1.272	0.268	0.599	0.385	0.214	-4.351	2370.339		0
ZINC03971723_81	1C5T.pdb_1GJ6.pdb_1QBO.pdb	84	0.554	0.396	0.158	1.734	1.358	0.375	0.574	0.359	0.215	-4.307	2204.935		0
ZINC03640529_172	1C5T.pdb_1GJ6.pdb_1QBO.pdb	85	0.554	0.406	0.148	1.534	1.247	0.286	0.61	0.376	0.234	-4.744	2315.308		0
ZINC03819377_65	1C5T.pdb_1GJ6.pdb_1QBO.pdb	89	0.553	0.357	0.196	1.628	1.198	0.43	0.603	0.337	0.266	-5.341	2073.913		0
ZINC01903301_25	1C5T.pdb_1GJ6.pdb_1QBO.pdb	87	0.553	0.32	0.233	1.366	0.954	0.412	0.674	0.325	0.349	-7.104	2004.264		0
ZINC03859051_171	1C5T.pdb_1GJ6.pdb_1QBO.pdb	88	0.553	0.395	0.158	1.719	1.363	0.357	0.579	0.358	0.221	-4.443	2198.453		0
ZINC01631658_130	1C5T.pdb_1GJ6.pdb_1QBO.pdb	86	0.553	0.375	0.179	1.454	1.132	0.322	0.646	0.359	0.287	-5.844	2213.516		0
ZINC03447479_140	1C5T.pdb_1GJ6.pdb_1QBO.pdb	93	0.552	0.367	0.185	1.689	1.245	0.444	0.582	0.342	0.24	-4.802	2106.416		0
ZINC03834155_161	1C5T.pdb_1GJ6.pdb_1QBO.pdb	92	0.552	0.36	0.192	1.676	1.234	0.443	0.59	0.337	0.254	-5.087	2070.075		1
ZINC03816706_112	1C5T.pdb_1GJ6.pdb_1QBO.pdb	91	0.552	0.407	0.146	1.575	1.289	0.286	0.602	0.373	0.229	-4.652	2293.445		0
ZINC03870904_135	1C5T.pdb_1GJ6.pdb_1QBO.pdb	94	0.552	0.368	0.184	1.603	1.176	0.426	0.593	0.349	0.244	-4.898	2148.69		0
ZINC02866540_153	1C5T.pdb_1GJ6.pdb_1QBO.pdb	90	0.552	0.369	0.182	1.688	1.285	0.403	0.591	0.341	0.249	-5.011	2099.233		0
ZINC03948981_35	1C5T.pdb_1GJ6.pdb_1QBO.pdb	97	0.551	0.339	0.212	1.654	1.197	0.457	0.604	0.321	0.283	-5.685	1973.574		0
ZINC01909195_102	1C5T.pdb_1GJ6.pdb_1QBO.pdb	95	0.551	0.316	0.235	1.47	1.042	0.428	0.655	0.312	0.343	-6.957	1922.327		0
ZINC02860445_67	1C5T.pdb_1GJ6.pdb_1QBO.pdb	99	0.551	0.389	0.163	1.486	1.149	0.337	0.61	0.37	0.24	-4.84	2280.949		0
ZINC03928466_117	1C5T.pdb_1GJ6.pdb_1QBO.pdb	96	0.551	0.357	0.194	1.613	1.167	0.446	0.595	0.34	0.255	-5.12	2091.033		0
ZINC04237001_147	1C5T.pdb_1GJ6.pdb_1QBO.pdb	98	0.551	0.37	0.182	1.551	1.18	0.37	0.613	0.35	0.263	-5.312	2153.875		0
ZINC03791571_54	1C5T.pdb_1GJ6.pdb_1QBO.pdb	102	0.55	0.334	0.216	1.716	1.227	0.488	0.594	0.314	0.28	-5.61	1931.824		0
ZINC02130616_38	1C5T.pdb_1GJ6.pdb_1QBO.pdb	100	0.55	0.373	0.176	1.531	1.184	0.347	0.617	0.353	0.264	-5.345	2172.016		0
ZINC03867942_5	1C5T.pdb_1GJ6.pdb_1QBO.pdb	101	0.55	0.365	0.184	1.756	1.349	0.406	0.586	0.334	0.252	-5.064	2049.832		0
ZINC03775827_12	1C5T.pdb_1GJ6.pdb_1QBO.pdb	108	0.549	0.368	0.181	1.663	1.294	0.369	0.602	0.34	0.262	-5.29	2088.596		0
ZINC03997172_76	1C5T.pdb_1GJ6.pdb_1QBO.pdb	105	0.549	0.37	0.179	1.6	1.219	0.381	0.6	0.347	0.253	-5.102	2133.221		0
ZINC01372730_76	1C5T.pdb_1GJ6.pdb_1QBO.pdb	106	0.549	0.393	0.156	1.585	1.238	0.347	0.586	0.365	0.22	-4.432	2248.588		0
ZINC03997172_54	1C5T.pdb_1GJ6.pdb_1QBO.pdb	103	0.549	0.37	0.179	1.6	1.22	0.381	0.6	0.347	0.253	-5.099	2133.078		0
ZINC04103307_65	1C5T.pdb_1GJ6.pdb_1QBO.pdb	104	0.549	0.362	0.187	1.46	1.132	0.328	0.65	0.348	0.302	-6.169	2141.463		0
ZINC03775827_12	1C5T.pdb_1GJ6.pdb_1QBO.pdb	107	0.549	0.368	0.18	1.661	1.293	0.368	0.601	0.34	0.261	-5.275	2088.729		0
ZINC00581841_15	1C5T.pdb_1GJ6.pdb_1QBO.pdb	110	0.548	0.396	0.152	1.539	1.233	0.306	0.6	0.369	0.231	-4.679	2271.493		0
ZINC03818898_104	1C5T.pdb_1GJ6.pdb_1QBO.pdb	109	0.548	0.379	0.169	1.717	1.339	0.378	0.58	0.346	0.234	-4.698	2127.484		0
ZINC03528794_115	1C5T.pdb_1GJ6.pdb_1QBO.pdb	112	0.547	0.39	0.158	1.735	1.347	0.388	0.564	0.354	0.21	-4.197	2176.387		0
ZINC03819224_187	1C5T.pdb_1GJ6.pdb_1QBO.pdb	111	0.547	0.364	0.183	1.58	1.208	0.372	0.607	0.342	0.264	-5.336	2107.389		0
ZINC03839227_29	1C5T.pdb_1GJ6.pdb_1QBO.pdb	114	0.546	0.381	0.164	1.614	1.244	0.369	0.583	0.355	0.229	-4.593	2183.508		0
ZINC04260555_24	1C5T.pdb_1GJ6.pdb_1QBO.pdb	115	0.546	0.378	0.169	1.459	1.134	0.325	0.622	0.362	0.26	-5.285	2228.579		0
ZINC02952070_196	1C5T.pdb_1GJ6.pdb_1QBO.pdb	113	0.546	0.387	0.16	1.578	1.234	0.344	0.59	0.36	0.229	-4.619	2217.361		0
ZINC04221337_151	1C5T.pdb_1GJ6.pdb_1QBO.pdb	120	0.545	0.371	0.174	1.82	1.391	0.43	0.562	0.336	0.226	-4.528	2060.625		0
ZINC04355704_17	1C5T.pdb_1GJ6.pdb_1QBO.pdb	117	0.545	0.386	0.16	1.694	1.27	0.424	0.56	0.357	0.204	-4.062	2193.761		0
ZINC03834131_126	1C5T.pdb_1GJ6.pdb_1QBO.pdb	118	0.545	0.373	0.172	1.6	1.198	0.402	0.582	0.351	0.231	-4.623	2162.359		1
ZINC01535967_98	1C5T.pdb_1GJ6.pdb_1QBO.pdb	116	0.545	0.341	0.204	1.871	1.38	0.492	0.571	0.312	0.259	-5.18	1912.258		0
ZINC02222760_127	1C5T.pdb_1GJ6.pdb_1QBO.pdb	119	0.545	0.363	0.182	1.512	1.109	0.402	0.6	0.351	0.249	-5.01	2162.537		0
ZINC03977105_99	1C5T.pdb_1GJ6.pdb_1QBO.pdb	122	0.544	0.399	0.145	1.606	1.259	0.347	0.567	0.369	0.199	-3.985	2269.649		0
ZINC02712629_128	1C5T.pdb_1GJ6.pdb_1QBO.pdb	121	0.544	0.378	0.166	1.469	1.167	0.302	0.628	0.358	0.269	-5.493	2207.535		0
ZINC00852447_60	1C5T.pdb_1GJ6.pdb_1QBO.pdb	123	0.543	0.378	0.165	1.695	1.284	0.411	0.565	0.349	0.216	-4.323	2145.667		0
ZINC01909079_145	1C5T.pdb_1GJ6.pdb_1QBO.pdb	124	0.543	0.392	0.151	1.613	1.327	0.286	0.599	0.357	0.242	-4.919	2197.287		0
ZINC01549839_37	1C5T.pdb_1GJ6.pdb_1QBO.pdb	127	0.543	0.347	0.195	1.553	1.144	0.409	0.605	0.333	0.272	-5.476	2048.514		0
ZINC04248899_80	1C5T.pdb_1GJ6.pdb_1QBO.pdb	126	0.543	0.386	0.157	1.71	1.383	0.327	0.581	0.349	0.232	-4.689	2142.729		0
ZINC01909869_49	1C5T.pdb_1GJ6.pdb_1QBO.pdb	125	0.543	0.371	0.172	1.602	1.218	0.384	0.586	0.348	0.238	-4.779	2141.183		0
ZINC04260539_1	1C5T.pdb_1GJ6.pdb_1QBO.pdb	130	0.543	0.377	0.166	1.608	1.265	0.343	0.593	0.349	0.244	-4.923	2146.499		0
ZINC03819987_181	1C5T.pdb_1GJ6.pdb_1QBO.pdb	128	0.543	0.388	0.155	1.52	1.184	0.336	0.589	0.366	0.224	-4.506	2253.228		0
ZINC02126774_177	1C5T.pdb_1GJ6.pdb_1QBO.pdb	129	0.543	0.393	0.151	1.537	1.234	0.303	0.596	0.365	0.23	-4.661	2249.873		0
ZINC01536002_168	1C5T.pdb_1GJ6.pdb_1QBO.pdb	135	0.542	0.423	0.119	1.552	1.32	0.232	0.58	0.384	0.196	-3.997	2362.016		0
ZINC03919155_14	1C5T.pdb_1GJ6.pdb_1QBO.pdb	134	0.542	0.365	0.177	1.588	1.195	0.394	0.588	0.344	0.244	-4.896	2119.925		0
ZINC01545941_22	1C5T.pdb_1GJ6.pdb_1QBO.pdb	131	0.542	0.33	0.212	1.465	1.084	0.381	0.645	0.322	0.323	-6.563	1982.492		0
ZINC03828686_82	1C5T.pdb_1GJ6.pdb_1QBO.pdb	136	0.542	0.37	0.172	1.56	1.193	0.367	0.593	0.349	0.244	-4.915	2149.096		0
ZINC03393907_185	1C5T.pdb_1GJ6.pdb_1QBO.pdb	133	0.542	0.383	0.159	1.722	1.332	0.39	0.561	0.35	0.211	-4.221	2148.721		0
ZINC03405782_86	1C5T.pdb_1GJ6.pdb_1QBO.pdb	132	0.542	0.38	0.162	1.697	1.314	0.383	0.567	0.348	0.219	-4.396	2140.142		0
ZINC02401823_63	1C5T.pdb_1GJ6.pdb_1QBO.pdb	137	0.542	0.369	0.172	1.601	1.217	0.384	0.585	0.346	0.238	-4.784	2132.109		0
ZINC02131330_3	1C5T.pdb_1GJ6.pdb_1QBO.pdb	138	0.541	0.389	0.153	1.472	1.165	0.307	0.601	0.368	0.233	-4.716	2271.368		0
ZINC03977123_30	1C5T.pdb_1GJ6.pdb_1QBO.pdb	139	0.541	0.406	0.135	1.544	1.233	0.311	0.57	0.377	0.193	-3.87	2323.027		0
ZINC03387210_162	1C5T.pdb_1GJ6.pdb_1QBO.pdb	140	0.54	0.414	0.126	1.736	1.443	0.293	0.548	0.367	0.181	-3.645	2254.379		0
ZINC03834119_146	1C5T.pdb_1GJ6.pdb_1QBO.pdb	141	0.54	0.344	0.195	1.604	1.156	0.449	0.586	0.329	0.257	-5.157	2024.624		1
ZINC04222193_119	1C5T.pdb_1GJ6.pdb_1QBO.pdb	142	0.54	0.37	0.17	1.672	1.273	0.399	0.572	0.343	0.229	-4.584	2108.625		0
ZINC03928467_70	1C5T.pdb_1GJ6.pdb_1QBO.pdb	148	0.539	0.379	0.159	1.554	1.194	0.359	0.58	0.357	0.222	-4.469	2200.563		0
ZINC03834123_113	1C5T.pdb_1GJ6.pdb_1QBO.pdb	143	0.539	0.349	0.189	1.409	1.039	0.37	0.624	0.345	0.28	-5.663	2125.97		1
ZINC03841837_45	1C5T.pdb_1GJ6.pdb_1QBO.pdb	147	0.539	0.364	0.175	1.511	1.164	0.347	0.608	0.346	0.262	-5.306	2130.961		0
ZINC03852886_161	1C5T.pdb_1GJ6.pdb_1QBO.pdb	149	0.539	0.349	0.191	1.549	1.148	0.401	0.6	0.334	0.267	-5.373	2053.708		0
ZINC03974221_97	1C5T.pdb_1GJ6.pdb_1QBO.pdb	146	0.539	0.386	0.153	1.646	1.3	0.346	0.569	0.354	0.214	-4.309	2179.75		0
ZINC03406204_139	1C5T.pdb_1GJ6.pdb_1QBO.pdb	144	0.539	0.381	0.158	1.764	1.376	0.388	0.555	0.345	0.21	-4.196	2121.566		0
ZINC01549763_79	1C5T.pdb_1GJ6.pdb_1QBO.pdb	145	0.539	0.333	0.207	1.569	1.157	0.412	0.611	0.318	0.293	-5.912	1957.218		0
ZINC03977049_197	1C5T.pdb_1GJ6.pdb_1QBO.pdb	151	0.538	0.405	0.133	1.577	1.255	0.322	0.559	0.374	0.185	-3.703	2302.201		0
ZINC03834126_95	1C5T.pdb_1GJ6.pdb_1QBO.pdb	152	0.538	0.351	0.187	1.713	1.257	0.456	0.568	0.328	0.24	-4.803	2012.715		1
ZINC03834129_104	1C5T.pdb_1GJ6.pdb_1QBO.pdb	153	0.538	0.337	0.201	1.504	1.066	0.438	0.601	0.33	0.271	-5.454	2032.607		1
ZINC04248899_20	1C5T.pdb_1GJ6.pdb_1QBO.pdb	154	0.538	0.381	0.157	1.698	1.37	0.327	0.578	0.345	0.233	-4.697	2119.534		0
ZINC01489009_144	1C5T.pdb_1GJ6.pdb_1QBO.pdb	150	0.538	0.379	0.159	1.638	1.262	0.376	0.567	0.351	0.215	-4.314	2161.9		0
ZINC03933542_86	1C5T.pdb_1GJ6.pdb_1QBO.pdb	155	0.538	0.352	0.186	1.506	1.113	0.393	0.601	0.34	0.261	-5.261	2092.581		0
ZINC03572380_35	1C5T.pdb_1GJ6.pdb_1QBO.pdb	157	0.537	0.388	0.15	1.719	1.367	0.352	0.558	0.351	0.207	-4.146	2156.845		0
ZINC02663356_125	1C5T.pdb_1GJ6.pdb_1QBO.pdb	156	0.537	0.325	0.213	1.552	1.135	0.417	0.615	0.313	0.302	-6.109	1923.536		0
ZINC00587714_140	1C5T.pdb_1GJ6.pdb_1QBO.pdb	164	0.536	0.361	0.175	1.689	1.265	0.424	0.565	0.336	0.229	-4.58	2063.66		0
ZINC03819381_12	1C5T.pdb_1GJ6.pdb_1QBO.pdb	159	0.536	0.363	0.174	1.661	1.255	0.407	0.571	0.338	0.233	-4.67	2076.42		0
ZINC01549764_94	1C5T.pdb_1GJ6.pdb_1QBO.pdb	160	0.536	0.329	0.207	1.533	1.12	0.412	0.611	0.318	0.293	-5.912	1957.368		0
ZINC03852886_191	1C5T.pdb_1GJ6.pdb_1QBO.pdb	161	0.536	0.36	0.177	1.55	1.174	0.376	0.591	0.341	0.25	-5.032	2101.251		0
ZINC03330151_8	1C5T.pdb_1GJ6.pdb_1QBO.pdb	165	0.536	0.386	0.15	1.585	1.231	0.354	0.567	0.36	0.207	-4.161	2214.915		0
ZINC03977147_35	1C5T.pdb_1GJ6.pdb_1QBO.pdb	162	0.536	0.385	0.151	1.651	1.292	0.36	0.56	0.354	0.206	-4.13	2179.494		0
ZINC02656478_109	1C5T.pdb_1GJ6.pdb_1QBO.pdb	163	0.536	0.398	0.138	1.709	1.381	0.328	0.551	0.359	0.192	-3.853	2205.548		0
ZINC03819987_182	1C5T.pdb_1GJ6.pdb_1QBO.pdb	158	0.536	0.377	0.16	1.505	1.16	0.345	0.587	0.358	0.229	-4.616	2206.121		0
ZINC01548695_62	1C5T.pdb_1GJ6.pdb_1QBO.pdb	172	0.535	0.367	0.167	1.554	1.208	0.345	0.591	0.345	0.245	-4.953	2125.166		0
ZINC03297449_84	1C5T.pdb_1GJ6.pdb_1QBO.pdb	168	0.535	0.382	0.153	1.618	1.259	0.359	0.565	0.354	0.21	-4.22	2180.066		0
ZINC03874450_152	1C5T.pdb_1GJ6.pdb_1QBO.pdb	169	0.535	0.397	0.137	1.65	1.379	0.272	0.576	0.358	0.218	-4.418	2200.771		0
ZINC03819377_101	1C5T.pdb_1GJ6.pdb_1QBO.pdb	166	0.535	0.366	0.169	1.599	1.222	0.377	0.577	0.343	0.234	-4.696	2112.164		0
ZINC02974135_37	1C5T.pdb_1GJ6.pdb_1QBO.pdb	167	0.535	0.397	0.138	1.482	1.201	0.281	0.585	0.373	0.213	-4.303	2296.352		0
ZINC01551643_52	1C5T.pdb_1GJ6.pdb_1QBO.pdb	170	0.535	0.383	0.151	1.62	1.276	0.344	0.567	0.354	0.213	-4.277	2177.957		0
ZINC02128808_44	1C5T.pdb_1GJ6.pdb_1QBO.pdb	171	0.535	0.346	0.188	1.463	1.071	0.392	0.605	0.339	0.266	-5.363	2087.791		0
ZINC03791580_172	1C5T.pdb_1GJ6.pdb_1QBO.pdb	173	0.534	0.343	0.191	1.566	1.164	0.402	0.594	0.327	0.268	-5.391	2010.183		0
ZINC00978047_84	1C5T.pdb_1GJ6.pdb_1QBO.pdb	176	0.533	0.341	0.192	1.572	1.184	0.387	0.599	0.324	0.276	-5.565	1991.798		0
ZINC01491246_154	1C5T.pdb_1GJ6.pdb_1QBO.pdb	175	0.533	0.39	0.143	1.544	1.243	0.301	0.576	0.362	0.214	-4.323	2229.273		0
ZINC03841013_74	1C5T.pdb_1GJ6.pdb_1QBO.pdb	174	0.533	0.385	0.148	1.534	1.223	0.311	0.581	0.36	0.221	-4.458	2215.759		0
ZINC03852887_61	1C5T.pdb_1GJ6.pdb_1QBO.pdb	177	0.532	0.333	0.199	1.525	1.109	0.416	0.599	0.322	0.276	-5.569	1984.195		0
ZINC02138942_6	1C5T.pdb_1GJ6.pdb_1QBO.pdb	179	0.532	0.378	0.154	1.521	1.2	0.321	0.585	0.356	0.229	-4.626	2189.114		0
ZINC03819919_98	1C5T.pdb_1GJ6.pdb_1QBO.pdb	181	0.532	0.384	0.148	1.644	1.29	0.354	0.557	0.353	0.203	-4.073	2173.358		0
ZINC03946130_172	1C5T.pdb_1GJ6.pdb_1QBO.pdb	180	0.532	0.366	0.165	1.572	1.2	0.371	0.575	0.345	0.23	-4.619	2123.404		0
ZINC03791681_117	1C5T.pdb_1GJ6.pdb_1QBO.pdb	178	0.532	0.342	0.19	1.821	1.359	0.463	0.558	0.314	0.244	-4.873	1926.903		0
ZINC03842083_148	1C5T.pdb_1GJ6.pdb_1QBO.pdb	182	0.532	0.358	0.174	1.645	1.289	0.356	0.585	0.332	0.253	-5.109	2037.468		0
ZINC03817650_153	1C5T.pdb_1GJ6.pdb_1QBO.pdb	185	0.532	0.365	0.167	1.505	1.147	0.358	0.587	0.349	0.238	-4.789	2148.932		0
ZINC03867649_24	1C5T.pdb_1GJ6.pdb_1QBO.pdb	184	0.532	0.364	0.168	1.781	1.364	0.417	0.551	0.332	0.22	-4.397	2035.472		0
ZINC02130840_100	1C5T.pdb_1GJ6.pdb_1QBO.pdb	183	0.532	0.374	0.157	1.559	1.233	0.326	0.583	0.35	0.233	-4.707	2150.826		0
ZINC04628541_159	1C5T.pdb_1GJ6.pdb_1QBO.pdb	186	0.531	0.364	0.167	1.503	1.145	0.358	0.586	0.348	0.238	-4.791	2144.183		0
ZINC03765981_72	1C5T.pdb_1GJ6.pdb_1QBO.pdb	187	0.531	0.384	0.147	1.453	1.132	0.32	0.581	0.367	0.213	-4.296	2264.993		0
ZINC04222240_146	1C5T.pdb_1GJ6.pdb_1QBO.pdb	188	0.531	0.401	0.13	1.613	1.325	0.288	0.556	0.365	0.191	-3.847	2245.882		0
ZINC04222194_192	1C5T.pdb_1GJ6.pdb_1QBO.pdb	189	0.531	0.361	0.17	1.715	1.316	0.399	0.561	0.332	0.229	-4.584	2041.84		0
ZINC01631479_11	1C5T.pdb_1GJ6.pdb_1QBO.pdb	190	0.531	0.388	0.143	1.495	1.207	0.288	0.585	0.363	0.221	-4.487	2238.457		0
ZINC03832369_183	1C5T.pdb_1GJ6.pdb_1QBO.pdb	191	0.531	0.356	0.175	1.626	1.28	0.345	0.591	0.33	0.261	-5.286	2029.494		1
ZINC03819919_46	1C5T.pdb_1GJ6.pdb_1QBO.pdb	195	0.53	0.38	0.15	1.638	1.28	0.358	0.556	0.35	0.206	-4.124	2155.402		0
ZINC03838231_150	1C5T.pdb_1GJ6.pdb_1QBO.pdb	192	0.53	0.333	0.197	1.506	1.11	0.396	0.604	0.322	0.281	-5.683	1983.335		0
ZINC03914911_40	1C5T.pdb_1GJ6.pdb_1QBO.pdb	198	0.53	0.416	0.114	1.447	1.24	0.207	0.587	0.385	0.202	-4.145	2373.715		0
ZINC03828592_128	1C5T.pdb_1GJ6.pdb_1QBO.pdb	197	0.53	0.348	0.182	1.637	1.234	0.404	0.576	0.326	0.25	-5.019	2006.932		0
ZINC00837459_195	1C5T.pdb_1GJ6.pdb_1QBO.pdb	196	0.53	0.405	0.125	1.692	1.401	0.291	0.543	0.363	0.18	-3.624	2227.76		0
ZINC02127290_127	1C5T.pdb_1GJ6.pdb_1QBO.pdb	193	0.53	0.386	0.144	1.586	1.272	0.314	0.567	0.357	0.21	-4.234	2195.168		0
ZINC03842252_57	1C5T.pdb_1GJ6.pdb_1QBO.pdb	194	0.53	0.331	0.199	1.643	1.227	0.416	0.588	0.312	0.277	-5.57	1914.564		0
ZINC03840482_35	1C5T.pdb_1GJ6.pdb_1QBO.pdb	203	0.529	0.365	0.164	1.622	1.253	0.369	0.568	0.34	0.228	-4.583	2089.095		0
ZINC03927446_137	1C5T.pdb_1GJ6.pdb_1QBO.pdb	199	0.529	0.324	0.205	1.527	1.102	0.425	0.598	0.315	0.283	-5.698	1937.914		0
ZINC00599269_165	1C5T.pdb_1GJ6.pdb_1QBO.pdb	201	0.529	0.324	0.205	1.594	1.127	0.468	0.581	0.312	0.268	-5.377	1921.271		0
ZINC03841624_150	1C5T.pdb_1GJ6.pdb_1QBO.pdb	202	0.529	0.365	0.163	1.589	1.238	0.352	0.575	0.341	0.234	-4.713	2099.207		0
ZINC03841646_61	1C5T.pdb_1GJ6.pdb_1QBO.pdb	205	0.529	0.379	0.149	1.509	1.208	0.301	0.584	0.356	0.228	-4.613	2192.887		0
ZINC03841649_157	1C5T.pdb_1GJ6.pdb_1QBO.pdb	204	0.529	0.381	0.148	1.585	1.274	0.31	0.573	0.352	0.221	-4.456	2166.324		0
ZINC03980052_6	1C5T.pdb_1GJ6.pdb_1QBO.pdb	200	0.529	0.394	0.135	1.587	1.301	0.286	0.565	0.361	0.203	-4.1	2223.455		0
ZINC02138804_17	1C5T.pdb_1GJ6.pdb_1QBO.pdb	208	0.528	0.374	0.154	1.495	1.174	0.321	0.584	0.355	0.229	-4.626	2183.561		0
ZINC03977132_81	1C5T.pdb_1GJ6.pdb_1QBO.pdb	207	0.528	0.38	0.148	1.572	1.236	0.336	0.563	0.355	0.208	-4.182	2182.153		0
ZINC03890067_32	1C5T.pdb_1GJ6.pdb_1QBO.pdb	206	0.528	0.366	0.162	1.574	1.239	0.335	0.58	0.342	0.238	-4.811	2103.061		0
ZINC03936845_22	1C5T.pdb_1GJ6.pdb_1QBO.pdb	209	0.528	0.344	0.184	1.591	1.184	0.407	0.578	0.326	0.252	-5.066	2006.546		0
ZINC02130842_100	1C5T.pdb_1GJ6.pdb_1QBO.pdb	210	0.528	0.39	0.138	1.561	1.271	0.29	0.567	0.36	0.207	-4.185	2216.66		0
ZINC02131327_168	1C5T.pdb_1GJ6.pdb_1QBO.pdb	217	0.527	0.374	0.154	1.444	1.135	0.309	0.592	0.358	0.234	-4.74	2205.036		0
ZINC04147300_82	1C5T.pdb_1GJ6.pdb_1QBO.pdb	212	0.527	0.378	0.148	1.462	1.151	0.311	0.582	0.361	0.221	-4.466	2222.1		0
ZINC03974842_186	1C5T.pdb_1GJ6.pdb_1QBO.pdb	211	0.527	0.347	0.18	1.49	1.091	0.399	0.584	0.337	0.247	-4.968	2075.224		0
ZINC03827742_160	1C5T.pdb_1GJ6.pdb_1QBO.pdb	214	0.527	0.328	0.199	1.617	1.136	0.481	0.569	0.316	0.253	-5.066	1942.695		0
ZINC03852887_159	1C5T.pdb_1GJ6.pdb_1QBO.pdb	213	0.527	0.32	0.207	1.506	1.076	0.429	0.598	0.313	0.285	-5.743	1926.449		0
ZINC02138251_123	1C5T.pdb_1GJ6.pdb_1QBO.pdb	216	0.527	0.381	0.146	1.513	1.207	0.306	0.576	0.357	0.218	-4.405	2200.944		0
ZINC02203105_193	1C5T.pdb_1GJ6.pdb_1QBO.pdb	215	0.527	0.37	0.157	1.576	1.204	0.372	0.561	0.348	0.213	-4.269	2144.38		0
ZINC03992943_191	1C5T.pdb_1GJ6.pdb_1QBO.pdb	221	0.526	0.378	0.148	1.598	1.262	0.337	0.559	0.351	0.209	-4.192	2156.438		0
ZINC03963792_64	1C5T.pdb_1GJ6.pdb_1QBO.pdb	218	0.526	0.391	0.134	1.467	1.201	0.266	0.58	0.367	0.213	-4.32	2263.042		0
ZINC01248556_120	1C5T.pdb_1GJ6.pdb_1QBO.pdb	220	0.526	0.361	0.166	1.633	1.243	0.39	0.56	0.337	0.223	-4.477	2072.413		0
ZINC03344389_70	1C5T.pdb_1GJ6.pdb_1QBO.pdb	219	0.526	0.391	0.135	1.632	1.326	0.306	0.551	0.357	0.194	-3.897	2194.535		0
ZINC03851685_153	1C5T.pdb_1GJ6.pdb_1QBO.pdb	225	0.525	0.36	0.165	1.65	1.281	0.369	0.562	0.334	0.229	-4.6	2050.077		0
ZINC03928139_31	1C5T.pdb_1GJ6.pdb_1QBO.pdb	222	0.525	0.338	0.188	1.677	1.281	0.395	0.578	0.314	0.263	-5.304	1929.988		0
ZINC03987229_192	1C5T.pdb_1GJ6.pdb_1QBO.pdb	223	0.525	0.341	0.184	1.577	1.17	0.407	0.577	0.325	0.252	-5.068	1996.943		0
ZINC01548257_111	1C5T.pdb_1GJ6.pdb_1QBO.pdb	227	0.525	0.354	0.171	1.636	1.27	0.366	0.572	0.329	0.243	-4.905	2020.672		0
ZINC01092149_155	1C5T.pdb_1GJ6.pdb_1QBO.pdb	230	0.525	0.364	0.162	1.643	1.261	0.382	0.557	0.338	0.219	-4.385	2080.282		0
ZINC02129134_6	1C5T.pdb_1GJ6.pdb_1QBO.pdb	229	0.525	0.371	0.154	1.524	1.203	0.321	0.578	0.349	0.229	-4.626	2146.849		0
ZINC03819921_108	1C5T.pdb_1GJ6.pdb_1QBO.pdb	228	0.525	0.384	0.141	1.56	1.252	0.308	0.562	0.356	0.205	-4.134	2193.443		0
ZINC04222514_139	1C5T.pdb_1GJ6.pdb_1QBO.pdb	224	0.525	0.369	0.157	1.585	1.246	0.339	0.569	0.344	0.226	-4.548	2113.559		0
ZINC03974221_86	1C5T.pdb_1GJ6.pdb_1QBO.pdb	226	0.525	0.377	0.148	1.613	1.276	0.337	0.558	0.349	0.209	-4.197	2145.457		0
ZINC04248899_18	1C5T.pdb_1GJ6.pdb_1QBO.pdb	239	0.524	0.361	0.162	1.669	1.319	0.35	0.565	0.332	0.233	-4.684	2041.778		0
ZINC04185377_164	1C5T.pdb_1GJ6.pdb_1QBO.pdb	232	0.524	0.358	0.166	1.686	1.313	0.372	0.561	0.33	0.23	-4.628	2028.288		0
ZINC02712483_52	1C5T.pdb_1GJ6.pdb_1QBO.pdb	231	0.524	0.369	0.155	1.579	1.242	0.336	0.568	0.344	0.224	-4.503	2117.049		0
ZINC03959072_65	1C5T.pdb_1GJ6.pdb_1QBO.pdb	238	0.524	0.36	0.164	1.531	1.179	0.352	0.575	0.341	0.234	-4.717	2100.212		0
ZINC03980052_58	1C5T.pdb_1GJ6.pdb_1QBO.pdb	237	0.524	0.382	0.141	1.573	1.275	0.298	0.565	0.353	0.212	-4.278	2173.369		0
ZINC03842255_69	1C5T.pdb_1GJ6.pdb_1QBO.pdb	236	0.524	0.359	0.165	1.558	1.229	0.329	0.585	0.336	0.249	-5.035	2068.647		0
ZINC04222694_63	1C5T.pdb_1GJ6.pdb_1QBO.pdb	235	0.524	0.366	0.158	1.601	1.244	0.358	0.563	0.341	0.221	-4.446	2099.053		0
ZINC02043468_139	1C5T.pdb_1GJ6.pdb_1QBO.pdb	234	0.524	0.343	0.181	1.556	1.171	0.384	0.582	0.327	0.255	-5.146	2009.88		1
ZINC03838228_62	1C5T.pdb_1GJ6.pdb_1QBO.pdb	233	0.524	0.339	0.185	1.52	1.144	0.376	0.592	0.325	0.267	-5.402	1997.932		0
ZINC03890173_151	1C5T.pdb_1GJ6.pdb_1QBO.pdb	240	0.524	0.363	0.161	1.613	1.279	0.334	0.574	0.336	0.238	-4.8	2066.483		0
ZINC01902820_186	1C5T.pdb_1GJ6.pdb_1QBO.pdb	242	0.523	0.35	0.173	1.617	1.212	0.404	0.562	0.33	0.232	-4.648	2028.559		0
ZINC02637101_79	1C5T.pdb_1GJ6.pdb_1QBO.pdb	249	0.523	0.387	0.136	1.551	1.223	0.328	0.55	0.362	0.188	-3.764	2228.251		0
ZINC03841625_74	1C5T.pdb_1GJ6.pdb_1QBO.pdb	241	0.523	0.36	0.163	1.596	1.244	0.352	0.57	0.336	0.234	-4.713	2065.078		0
ZINC03841617_29	1C5T.pdb_1GJ6.pdb_1QBO.pdb	246	0.523	0.409	0.114	1.46	1.23	0.231	0.564	0.38	0.185	-3.747	2340.072		0
ZINC03858746_89	1C5T.pdb_1GJ6.pdb_1QBO.pdb	243	0.523	0.355	0.168	1.557	1.196	0.361	0.575	0.335	0.24	-4.83	2062.669		0
ZINC03992804_196	1C5T.pdb_1GJ6.pdb_1QBO.pdb	244	0.523	0.368	0.155	1.59	1.239	0.352	0.561	0.343	0.218	-4.377	2111.156		0
ZINC02135333_194	1C5T.pdb_1GJ6.pdb_1QBO.pdb	245	0.523	0.371	0.151	1.501	1.186	0.316	0.576	0.351	0.225	-4.553	2160.847		0
ZINC03325422_112	1C5T.pdb_1GJ6.pdb_1QBO.pdb	248	0.523	0.375	0.148	1.644	1.295	0.348	0.55	0.346	0.204	-4.097	2125.891		0
ZINC03227706_163	1C5T.pdb_1GJ6.pdb_1QBO.pdb	247	0.523	0.395	0.128	1.537	1.265	0.273	0.558	0.365	0.194	-3.908	2244.853		0
ZINC01821865_61	1C5T.pdb_1GJ6.pdb_1QBO.pdb	259	0.522	0.373	0.149	1.471	1.18	0.291	0.586	0.353	0.233	-4.732	2175.627		0
ZINC03819921_93	1C5T.pdb_1GJ6.pdb_1QBO.pdb	260	0.522	0.38	0.142	1.554	1.243	0.311	0.561	0.354	0.207	-4.167	2179.148		0
ZINC03368428_113	1C5T.pdb_1GJ6.pdb_1QBO.pdb	250	0.522	0.379	0.143	1.747	1.39	0.356	0.535	0.342	0.193	-3.853	2101.956		0
ZINC03531210_166	1C5T.pdb_1GJ6.pdb_1QBO.pdb	252	0.522	0.375	0.147	1.649	1.303	0.347	0.548	0.345	0.203	-4.079	2117.748		0
ZINC02712629_195	1C5T.pdb_1GJ6.pdb_1QBO.pdb	251	0.522	0.361	0.161	1.425	1.123	0.301	0.604	0.347	0.256	-5.218	2140.673		0
ZINC01491246_109	1C5T.pdb_1GJ6.pdb_1QBO.pdb	255	0.522	0.418	0.104	1.532	1.305	0.227	0.542	0.38	0.161	-3.259	2341.774		0
ZINC03987224_47	1C5T.pdb_1GJ6.pdb_1QBO.pdb	254	0.522	0.367	0.155	1.59	1.239	0.351	0.56	0.343	0.217	-4.366	2110.425		0
ZINC02126772_13	1C5T.pdb_1GJ6.pdb_1QBO.pdb	256	0.522	0.373	0.149	1.49	1.189	0.301	0.58	0.352	0.228	-4.626	2165.964		0
ZINC03533360_82	1C5T.pdb_1GJ6.pdb_1QBO.pdb	253	0.522	0.376	0.147	1.603	1.252	0.351	0.551	0.349	0.201	-4.036	2148.559		0
ZINC03841650_93	1C5T.pdb_1GJ6.pdb_1QBO.pdb	258	0.522	0.354	0.168	1.565	1.204	0.361	0.574	0.334	0.24	-4.836	2052.844		0
ZINC03841653_124	1C5T.pdb_1GJ6.pdb_1QBO.pdb	257	0.522	0.36	0.163	1.535	1.198	0.337	0.579	0.34	0.239	-4.835	2089.078		0
ZINC02129008_69	1C5T.pdb_1GJ6.pdb_1QBO.pdb	261	0.521	0.376	0.145	1.618	1.293	0.326	0.553	0.347	0.206	-4.148	2132.297		0
ZINC03938550_151	1C5T.pdb_1GJ6.pdb_1QBO.pdb	262	0.521	0.384	0.137	1.523	1.251	0.272	0.574	0.356	0.217	-4.412	2192.694		0
ZINC03533361_46	1C5T.pdb_1GJ6.pdb_1QBO.pdb	269	0.521	0.374	0.147	1.599	1.249	0.351	0.55	0.348	0.201	-4.036	2141.866		0
ZINC02408724_82	1C5T.pdb_1GJ6.pdb_1QBO.pdb	266	0.521	0.364	0.156	1.541	1.17	0.371	0.559	0.346	0.213	-4.263	2129.787		0
ZINC02517180_66	1C5T.pdb_1GJ6.pdb_1QBO.pdb	267	0.521	0.375	0.146	1.747	1.378	0.37	0.534	0.34	0.195	-3.892	2086.926		0
ZINC03933545_62	1C5T.pdb_1GJ6.pdb_1QBO.pdb	268	0.521	0.332	0.189	1.572	1.175	0.398	0.581	0.316	0.265	-5.33	1943.96		0
ZINC03980155_7	1C5T.pdb_1GJ6.pdb_1QBO.pdb	264	0.521	0.382	0.139	1.672	1.366	0.306	0.55	0.347	0.204	-4.102	2129.369		0
ZINC03980155_122	1C5T.pdb_1GJ6.pdb_1QBO.pdb	265	0.521	0.375	0.146	1.668	1.35	0.319	0.554	0.342	0.212	-4.271	2101.573		0
ZINC02138807_194	1C5T.pdb_1GJ6.pdb_1QBO.pdb	263	0.521	0.369	0.151	1.477	1.162	0.316	0.577	0.351	0.225	-4.553	2163.205		0
ZINC02135326_66	1C5T.pdb_1GJ6.pdb_1QBO.pdb	274	0.52	0.366	0.154	1.495	1.174	0.321	0.576	0.347	0.229	-4.625	2136.551		0
ZINC03938551_162	1C5T.pdb_1GJ6.pdb_1QBO.pdb	281	0.52	0.383	0.136	1.523	1.253	0.27	0.572	0.356	0.216	-4.381	2188.763		0
ZINC02959464_101	1C5T.pdb_1GJ6.pdb_1QBO.pdb	271	0.52	0.348	0.173	1.799	1.396	0.402	0.548	0.316	0.232	-4.649	1940.886		0
ZINC04176349_92	1C5T.pdb_1GJ6.pdb_1QBO.pdb	270	0.52	0.386	0.134	1.505	1.209	0.296	0.559	0.362	0.197	-3.968	2228.271		0
ZINC03342986_67	1C5T.pdb_1GJ6.pdb_1QBO.pdb	272	0.52	0.349	0.171	1.465	1.136	0.329	0.597	0.335	0.263	-5.336	2059.793		0
ZINC03858809_198	1C5T.pdb_1GJ6.pdb_1QBO.pdb	273	0.52	0.373	0.148	1.612	1.239	0.373	0.544	0.348	0.196	-3.928	2138.804		0
ZINC02222762_57	1C5T.pdb_1GJ6.pdb_1QBO.pdb	278	0.52	0.346	0.174	1.459	1.071	0.388	0.579	0.338	0.24	-4.831	2084.698		0
ZINC00781033_181	1C5T.pdb_1GJ6.pdb_1QBO.pdb	275	0.52	0.379	0.141	1.517	1.224	0.294	0.567	0.355	0.213	-4.3	2182.82		0
ZINC00781033_181	1C5T.pdb_1GJ6.pdb_1QBO.pdb	276	0.52	0.379	0.141	1.517	1.224	0.294	0.567	0.355	0.213	-4.3	2182.82		0
ZINC03834132_91	1C5T.pdb_1GJ6.pdb_1QBO.pdb	277	0.52	0.312	0.208	1.539	1.089	0.45	0.583	0.304	0.279	-5.598	1872.972		1
ZINC01882073_132	1C5T.pdb_1GJ6.pdb_1QBO.pdb	280	0.52	0.352	0.168	1.637	1.227	0.41	0.552	0.331	0.221	-4.43	2032.109		0
ZINC04001668_175	1C5T.pdb_1GJ6.pdb_1QBO.pdb	279	0.52	0.369	0.15	1.517	1.19	0.327	0.566	0.349	0.217	-4.38	2147.959		0
ZINC04004468_120	1C5T.pdb_1GJ6.pdb_1QBO.pdb	282	0.519	0.348	0.17	1.712	1.332	0.38	0.556	0.321	0.235	-4.732	1968.016		0
ZINC02136682_159	1C5T.pdb_1GJ6.pdb_1QBO.pdb	287	0.519	0.37	0.149	1.466	1.165	0.301	0.58	0.351	0.228	-4.626	2164.5		0
ZINC03959464_49	1C5T.pdb_1GJ6.pdb_1QBO.pdb	286	0.519	0.417	0.103	1.604	1.36	0.244	0.526	0.375	0.151	-3.031	2308.123		0
ZINC04222242_84	1C5T.pdb_1GJ6.pdb_1QBO.pdb	284	0.519	0.355	0.164	1.538	1.17	0.369	0.566	0.337	0.228	-4.583	2076.803		0
ZINC03670346_124	1C5T.pdb_1GJ6.pdb_1QBO.pdb	283	0.519	0.373	0.147	1.595	1.275	0.32	0.558	0.345	0.213	-4.288	2121.839		0
ZINC03368257_58	1C5T.pdb_1GJ6.pdb_1QBO.pdb	288	0.519	0.381	0.138	1.662	1.334	0.328	0.54	0.348	0.192	-3.854	2137.634		0
ZINC03808675_165	1C5T.pdb_1GJ6.pdb_1QBO.pdb	285	0.519	0.379	0.14	1.618	1.297	0.321	0.547	0.349	0.198	-3.985	2143.224		0
ZINC00842694_49	1C5T.pdb_1GJ6.pdb_1QBO.pdb	292	0.518	0.353	0.165	1.653	1.242	0.411	0.546	0.33	0.216	-4.323	2029.507		0
ZINC04619282_11	1C5T.pdb_1GJ6.pdb_1QBO.pdb	291	0.518	0.363	0.155	1.603	1.215	0.388	0.546	0.341	0.204	-4.087	2099.841		0
ZINC04103307_28	1C5T.pdb_1GJ6.pdb_1QBO.pdb	294	0.518	0.375	0.143	1.431	1.163	0.268	0.591	0.356	0.235	-4.783	2195.521		0
ZINC04360805_130	1C5T.pdb_1GJ6.pdb_1QBO.pdb	293	0.518	0.346	0.172	1.619	1.216	0.403	0.557	0.326	0.231	-4.627	2005.627		0
ZINC04248905_93	1C5T.pdb_1GJ6.pdb_1QBO.pdb	289	0.518	0.361	0.157	1.634	1.307	0.326	0.565	0.333	0.232	-4.685	2043.5		0
ZINC03841659_102	1C5T.pdb_1GJ6.pdb_1QBO.pdb	290	0.518	0.356	0.163	1.524	1.187	0.337	0.576	0.337	0.239	-4.835	2072.328		0
ZINC03917353_113	1C5T.pdb_1GJ6.pdb_1QBO.pdb	296	0.517	0.341	0.176	1.564	1.173	0.392	0.567	0.324	0.243	-4.874	1995.824		0
ZINC03973552_35	1C5T.pdb_1GJ6.pdb_1QBO.pdb	295	0.517	0.388	0.129	1.433	1.167	0.266	0.568	0.367	0.201	-4.064	2263.409		0
ZINC03867259_108	1C5T.pdb_1GJ6.pdb_1QBO.pdb	298	0.517	0.313	0.203	1.668	1.226	0.442	0.57	0.296	0.274	-5.499	1818.709		0
ZINC03428233_146	1C5T.pdb_1GJ6.pdb_1QBO.pdb	297	0.517	0.309	0.208	1.662	1.142	0.52	0.554	0.298	0.257	-5.126	1829.233		0
ZINC02401824_199	1C5T.pdb_1GJ6.pdb_1QBO.pdb	303	0.516	0.319	0.196	1.521	1.092	0.429	0.577	0.311	0.266	-5.339	1914.044		0
ZINC01541498_106	1C5T.pdb_1GJ6.pdb_1QBO.pdb	304	0.516	0.334	0.181	1.55	1.165	0.385	0.575	0.319	0.256	-5.149	1962.283		0
ZINC03552652_106	1C5T.pdb_1GJ6.pdb_1QBO.pdb	300	0.516	0.356	0.161	1.591	1.233	0.358	0.559	0.333	0.226	-4.545	2048.319		0
ZINC04222439_12	1C5T.pdb_1GJ6.pdb_1QBO.pdb	299	0.516	0.394	0.122	1.5	1.256	0.244	0.56	0.364	0.196	-3.971	2243.389		0
ZINC03672559_111	1C5T.pdb_1GJ6.pdb_1QBO.pdb	302	0.516	0.378	0.139	1.537	1.232	0.305	0.556	0.353	0.203	-4.092	2169.347		0
ZINC03980301_29	1C5T.pdb_1GJ6.pdb_1QBO.pdb	301	0.516	0.382	0.135	1.511	1.214	0.297	0.555	0.358	0.198	-3.98	2201.279		0
ZINC03867367_128	1C5T.pdb_1GJ6.pdb_1QBO.pdb	307	0.516	0.357	0.159	1.559	1.23	0.33	0.569	0.335	0.235	-4.738	2058.306		0
ZINC03834121_188	1C5T.pdb_1GJ6.pdb_1QBO.pdb	308	0.516	0.323	0.193	1.437	1.086	0.351	0.616	0.315	0.302	-6.14	1937.446		1
ZINC02161467_90	1C5T.pdb_1GJ6.pdb_1QBO.pdb	306	0.516	0.376	0.14	1.575	1.272	0.303	0.554	0.348	0.206	-4.147	2142.659		0
ZINC02128933_120	1C5T.pdb_1GJ6.pdb_1QBO.pdb	305	0.516	0.367	0.149	1.508	1.198	0.31	0.568	0.346	0.222	-4.478	2132.173		0
ZINC02130563_159	1C5T.pdb_1GJ6.pdb_1QBO.pdb	313	0.515	0.367	0.149	1.469	1.158	0.311	0.571	0.349	0.222	-4.48	2151.094		0
ZINC00596915_23	1C5T.pdb_1GJ6.pdb_1QBO.pdb	314	0.515	0.382	0.133	1.541	1.285	0.256	0.569	0.352	0.217	-4.405	2165.179		0
ZINC02192461_60	1C5T.pdb_1GJ6.pdb_1QBO.pdb	320	0.515	0.365	0.15	1.481	1.178	0.303	0.575	0.346	0.229	-4.64	2129.848		0
ZINC03438219_12	1C5T.pdb_1GJ6.pdb_1QBO.pdb	319	0.515	0.349	0.166	1.737	1.325	0.412	0.539	0.321	0.217	-4.341	1973.681		0
ZINC02131328_140	1C5T.pdb_1GJ6.pdb_1QBO.pdb	318	0.515	0.375	0.14	1.419	1.135	0.284	0.574	0.359	0.216	-4.364	2211.706		0
ZINC00576565_105	1C5T.pdb_1GJ6.pdb_1QBO.pdb	317	0.515	0.381	0.134	1.547	1.25	0.297	0.551	0.354	0.197	-3.973	2177.729		0
ZINC03890017_129	1C5T.pdb_1GJ6.pdb_1QBO.pdb	309	0.515	0.351	0.164	1.412	1.095	0.316	0.595	0.341	0.254	-5.154	2099.637		0
ZINC03345168_83	1C5T.pdb_1GJ6.pdb_1QBO.pdb	310	0.515	0.341	0.174	1.425	1.081	0.344	0.592	0.333	0.26	-5.254	2048.978		0
ZINC03840473_74	1C5T.pdb_1GJ6.pdb_1QBO.pdb	315	0.515	0.356	0.158	1.504	1.161	0.343	0.567	0.34	0.228	-4.584	2090.11		0
ZINC01882070_152	1C5T.pdb_1GJ6.pdb_1QBO.pdb	316	0.515	0.348	0.166	1.598	1.192	0.407	0.55	0.33	0.22	-4.399	2029.325		0
ZINC02700310_25	1C5T.pdb_1GJ6.pdb_1QBO.pdb	311	0.515	0.389	0.126	1.533	1.253	0.28	0.547	0.36	0.186	-3.753	2218.687		0
ZINC03944034_168	1C5T.pdb_1GJ6.pdb_1QBO.pdb	312	0.515	0.34	0.175	1.625	1.194	0.431	0.55	0.322	0.227	-4.547	1981.735		0
ZINC03841658_191	1C5T.pdb_1GJ6.pdb_1QBO.pdb	329	0.514	0.368	0.147	1.516	1.219	0.297	0.569	0.345	0.225	-4.548	2121.421		0
ZINC03962674_143	1C5T.pdb_1GJ6.pdb_1QBO.pdb	330	0.514	0.354	0.16	1.562	1.221	0.342	0.565	0.332	0.232	-4.678	2044.467		0
ZINC02193238_34	1C5T.pdb_1GJ6.pdb_1QBO.pdb	324	0.514	0.368	0.146	1.557	1.207	0.35	0.547	0.346	0.201	-4.02	2129.966		0
ZINC01654872_48	1C5T.pdb_1GJ6.pdb_1QBO.pdb	323	0.514	0.351	0.163	1.536	1.185	0.352	0.566	0.332	0.234	-4.71	2044.855		0
ZINC03842250_193	1C5T.pdb_1GJ6.pdb_1QBO.pdb	331	0.514	0.287	0.227	1.526	1.043	0.483	0.583	0.284	0.3	-6.019	1745.095		0
ZINC03959444_92	1C5T.pdb_1GJ6.pdb_1QBO.pdb	332	0.514	0.331	0.183	1.51	1.105	0.405	0.571	0.321	0.251	-5.039	1973.728		0
ZINC03325415_141	1C5T.pdb_1GJ6.pdb_1QBO.pdb	325	0.514	0.325	0.189	1.593	1.163	0.43	0.563	0.311	0.252	-5.059	1909.52		0
ZINC02450633_73	1C5T.pdb_1GJ6.pdb_1QBO.pdb	326	0.514	0.377	0.137	1.443	1.182	0.261	0.581	0.356	0.224	-4.57	2194.4		0
ZINC04636388_79	1C5T.pdb_1GJ6.pdb_1QBO.pdb	327	0.514	0.366	0.149	1.62	1.282	0.339	0.548	0.339	0.209	-4.209	2081.103		0
ZINC03841655_97	1C5T.pdb_1GJ6.pdb_1QBO.pdb	328	0.514	0.351	0.162	1.53	1.194	0.336	0.571	0.332	0.239	-4.826	2043.435		0
ZINC02712629_115	1C5T.pdb_1GJ6.pdb_1QBO.pdb	322	0.514	0.39	0.124	1.423	1.191	0.233	0.576	0.367	0.209	-4.261	2262.988		0
ZINC03925788_142	1C5T.pdb_1GJ6.pdb_1QBO.pdb	321	0.514	0.332	0.182	1.346	0.989	0.358	0.603	0.333	0.27	-5.475	2054.552		0
ZINC03819918_39	1C5T.pdb_1GJ6.pdb_1QBO.pdb	345	0.513	0.359	0.154	1.602	1.253	0.35	0.551	0.335	0.217	-4.352	2057.949		0
ZINC01821866_63	1C5T.pdb_1GJ6.pdb_1QBO.pdb	338	0.513	0.368	0.145	1.452	1.167	0.286	0.578	0.349	0.229	-4.643	2152.273		0
ZINC03841662_164	1C5T.pdb_1GJ6.pdb_1QBO.pdb	336	0.513	0.36	0.153	1.528	1.22	0.308	0.571	0.338	0.233	-4.712	2079.216		0
ZINC03933860_173	1C5T.pdb_1GJ6.pdb_1QBO.pdb	335	0.513	0.401	0.111	1.58	1.339	0.241	0.536	0.364	0.172	-3.466	2238.947		0
ZINC03670321_9	1C5T.pdb_1GJ6.pdb_1QBO.pdb	334	0.513	0.386	0.127	1.495	1.213	0.282	0.549	0.361	0.187	-3.774	2225.914		0
ZINC03325417_170	1C5T.pdb_1GJ6.pdb_1QBO.pdb	333	0.513	0.403	0.11	1.632	1.364	0.268	0.521	0.364	0.157	-3.155	2236.865		0
ZINC02128934_193	1C5T.pdb_1GJ6.pdb_1QBO.pdb	337	0.513	0.374	0.139	1.507	1.214	0.293	0.56	0.351	0.209	-4.231	2159.385		0
ZINC03398646_1	1C5T.pdb_1GJ6.pdb_1QBO.pdb	342	0.513	0.347	0.167	1.709	1.296	0.414	0.539	0.322	0.218	-4.358	1974.544		0
ZINC03670345_197	1C5T.pdb_1GJ6.pdb_1QBO.pdb	339	0.513	0.384	0.129	1.566	1.279	0.287	0.544	0.354	0.19	-3.836	2176.742		0
ZINC01821865_68	1C5T.pdb_1GJ6.pdb_1QBO.pdb	340	0.513	0.368	0.145	1.451	1.166	0.285	0.578	0.349	0.228	-4.634	2151.203		0
ZINC04176343_113	1C5T.pdb_1GJ6.pdb_1QBO.pdb	341	0.513	0.354	0.159	1.622	1.225	0.397	0.542	0.332	0.209	-4.182	2044.043		0
ZINC02138806_182	1C5T.pdb_1GJ6.pdb_1QBO.pdb	344	0.513	0.351	0.163	1.457	1.121	0.336	0.578	0.338	0.24	-4.839	2082.624		0
ZINC00921352_110	1C5T.pdb_1GJ6.pdb_1QBO.pdb	343	0.513	0.387	0.125	1.474	1.195	0.279	0.55	0.364	0.186	-3.737	2243.115		0
ZINC03345168_21	1C5T.pdb_1GJ6.pdb_1QBO.pdb	355	0.512	0.378	0.134	1.431	1.165	0.266	0.571	0.359	0.213	-4.316	2208.916		0
ZINC02315723_184	1C5T.pdb_1GJ6.pdb_1QBO.pdb	356	0.512	0.405	0.106	1.534	1.305	0.229	0.536	0.37	0.166	-3.348	2278.402		0
ZINC01631935_134	1C5T.pdb_1GJ6.pdb_1QBO.pdb	346	0.512	0.375	0.137	1.536	1.25	0.286	0.556	0.349	0.207	-4.189	2147.554		0
ZINC03649937_24	1C5T.pdb_1GJ6.pdb_1QBO.pdb	348	0.512	0.297	0.215	1.531	1.105	0.426	0.592	0.289	0.303	-6.122	1774.134		0
ZINC03428216_135	1C5T.pdb_1GJ6.pdb_1QBO.pdb	347	0.512	0.308	0.204	1.6	1.118	0.483	0.559	0.298	0.261	-5.219	1834.556		0
ZINC03367641_32	1C5T.pdb_1GJ6.pdb_1QBO.pdb	351	0.512	0.313	0.199	1.623	1.15	0.473	0.556	0.301	0.256	-5.117	1848.105		0
ZINC03323428_162	1C5T.pdb_1GJ6.pdb_1QBO.pdb	350	0.512	0.402	0.11	1.627	1.368	0.259	0.523	0.363	0.16	-3.222	2230.671		0
ZINC02130850_122	1C5T.pdb_1GJ6.pdb_1QBO.pdb	352	0.512	0.373	0.139	1.488	1.196	0.292	0.56	0.352	0.209	-4.214	2164.711		0
ZINC03955054_63	1C5T.pdb_1GJ6.pdb_1QBO.pdb	349	0.512	0.323	0.189	1.419	1.067	0.352	0.606	0.316	0.289	-5.881	1947.417		0
ZINC03928465_112	1C5T.pdb_1GJ6.pdb_1QBO.pdb	354	0.512	0.364	0.148	1.556	1.182	0.374	0.542	0.345	0.197	-3.939	2122.426		0
ZINC03842080_4	1C5T.pdb_1GJ6.pdb_1QBO.pdb	353	0.512	0.378	0.134	1.572	1.287	0.285	0.551	0.348	0.203	-4.091	2141.512		0
ZINC03852886_170	1C5T.pdb_1GJ6.pdb_1QBO.pdb	357	0.511	0.348	0.163	1.496	1.145	0.351	0.567	0.334	0.233	-4.699	2053.422		0
ZINC04222433_46	1C5T.pdb_1GJ6.pdb_1QBO.pdb	358	0.511	0.382	0.13	1.521	1.245	0.277	0.552	0.355	0.197	-3.971	2184.473		0
ZINC03867317_111	1C5T.pdb_1GJ6.pdb_1QBO.pdb	365	0.511	0.392	0.119	1.526	1.248	0.278	0.535	0.363	0.172	-3.456	2237.046		0
ZINC03406198_195	1C5T.pdb_1GJ6.pdb_1QBO.pdb	366	0.511	0.38	0.131	1.729	1.378	0.351	0.518	0.344	0.174	-3.463	2113.916		0
ZINC02005805_182	1C5T.pdb_1GJ6.pdb_1QBO.pdb	363	0.511	0.332	0.179	1.625	1.209	0.417	0.553	0.314	0.239	-4.789	1928.825		0
ZINC00593049_32	1C5T.pdb_1GJ6.pdb_1QBO.pdb	364	0.511	0.403	0.108	1.506	1.299	0.207	0.553	0.369	0.184	-3.758	2267.557		0
ZINC04001668_117	1C5T.pdb_1GJ6.pdb_1QBO.pdb	359	0.511	0.376	0.134	1.488	1.203	0.285	0.556	0.354	0.202	-4.087	2178.628		0
ZINC02663357_33	1C5T.pdb_1GJ6.pdb_1QBO.pdb	360	0.511	0.321	0.19	1.506	1.125	0.381	0.586	0.31	0.276	-5.572	1906.979		0
ZINC04621232_177	1C5T.pdb_1GJ6.pdb_1QBO.pdb	361	0.511	0.323	0.189	1.442	1.073	0.369	0.595	0.316	0.279	-5.643	1944.086		0
ZINC03819918_165	1C5T.pdb_1GJ6.pdb_1QBO.pdb	362	0.511	0.352	0.159	1.595	1.235	0.359	0.553	0.33	0.223	-4.472	2028.945		0
ZINC03304750_139	1C5T.pdb_1GJ6.pdb_1QBO.pdb	369	0.51	0.368	0.141	1.64	1.258	0.382	0.526	0.343	0.183	-3.656	2106.57		0
ZINC02128936_1	1C5T.pdb_1GJ6.pdb_1QBO.pdb	371	0.51	0.361	0.149	1.494	1.183	0.311	0.564	0.342	0.222	-4.48	2103.484		0
ZINC03933548_1	1C5T.pdb_1GJ6.pdb_1QBO.pdb	367	0.51	0.375	0.135	1.56	1.262	0.297	0.546	0.348	0.198	-3.981	2140.234		0
ZINC00842700_62	1C5T.pdb_1GJ6.pdb_1QBO.pdb	368	0.51	0.351	0.159	1.592	1.215	0.377	0.546	0.33	0.216	-4.331	2029.96		0
ZINC03841643_127	1C5T.pdb_1GJ6.pdb_1QBO.pdb	370	0.51	0.357	0.153	1.504	1.196	0.308	0.57	0.337	0.233	-4.718	2074.45		0
ZINC03917353_97	1C5T.pdb_1GJ6.pdb_1QBO.pdb	378	0.509	0.341	0.167	1.549	1.174	0.375	0.557	0.325	0.232	-4.666	1997.609		0
ZINC01911466_118	1C5T.pdb_1GJ6.pdb_1QBO.pdb	377	0.509	0.31	0.199	1.663	1.207	0.456	0.556	0.294	0.261	-5.238	1806.324		0
ZINC01549768_41	1C5T.pdb_1GJ6.pdb_1QBO.pdb	384	0.509	0.354	0.155	1.517	1.193	0.324	0.565	0.335	0.23	-4.641	2059.666		0
ZINC02128935_16	1C5T.pdb_1GJ6.pdb_1QBO.pdb	380	0.509	0.361	0.148	1.493	1.183	0.31	0.563	0.342	0.221	-4.462	2106.071		0
ZINC04627706_9	1C5T.pdb_1GJ6.pdb_1QBO.pdb	383	0.509	0.338	0.171	1.467	1.139	0.328	0.588	0.325	0.263	-5.34	1998.344		0
ZINC02712537_174	1C5T.pdb_1GJ6.pdb_1QBO.pdb	382	0.509	0.331	0.178	1.493	1.154	0.339	0.589	0.317	0.272	-5.523	1950.798		0
ZINC02630564_164	1C5T.pdb_1GJ6.pdb_1QBO.pdb	381	0.509	0.403	0.107	1.706	1.427	0.28	0.507	0.359	0.147	-2.949	2207.116		0
ZINC03342986_93	1C5T.pdb_1GJ6.pdb_1QBO.pdb	373	0.509	0.343	0.166	1.433	1.122	0.311	0.593	0.331	0.262	-5.34	2035.508		0
ZINC03942063_164	1C5T.pdb_1GJ6.pdb_1QBO.pdb	374	0.509	0.351	0.157	1.42	1.094	0.327	0.573	0.341	0.232	-4.692	2102.025		0
ZINC02130564_138	1C5T.pdb_1GJ6.pdb_1QBO.pdb	379	0.509	0.383	0.127	1.464	1.194	0.27	0.553	0.36	0.193	-3.889	2219.682		0
ZINC04222445_24	1C5T.pdb_1GJ6.pdb_1QBO.pdb	376	0.509	0.35	0.159	1.509	1.19	0.319	0.572	0.331	0.241	-4.875	2038.692		0
ZINC03263404_93	1C5T.pdb_1GJ6.pdb_1QBO.pdb	375	0.509	0.374	0.135	1.633	1.327	0.306	0.536	0.342	0.194	-3.898	2104.123		0
ZINC04222428_31	1C5T.pdb_1GJ6.pdb_1QBO.pdb	372	0.509	0.351	0.159	1.501	1.171	0.329	0.568	0.334	0.234	-4.729	2052.812		0
ZINC02136688_15	1C5T.pdb_1GJ6.pdb_1QBO.pdb	393	0.508	0.367	0.142	1.444	1.157	0.287	0.567	0.349	0.218	-4.417	2150.919		0
ZINC03834153_133	1C5T.pdb_1GJ6.pdb_1QBO.pdb	386	0.508	0.316	0.193	1.535	1.066	0.468	0.556	0.309	0.247	-4.936	1904.849		1
ZINC04248905_195	1C5T.pdb_1GJ6.pdb_1QBO.pdb	385	0.508	0.352	0.156	1.622	1.285	0.337	0.551	0.327	0.224	-4.514	2006.946		0
ZINC03942063_125	1C5T.pdb_1GJ6.pdb_1QBO.pdb	390	0.508	0.35	0.157	1.419	1.092	0.327	0.573	0.34	0.233	-4.701	2097.255		0
ZINC04383610_159	1C5T.pdb_1GJ6.pdb_1QBO.pdb	387	0.508	0.36	0.148	1.586	1.232	0.354	0.54	0.337	0.203	-4.063	2075.528		0
ZINC00974236_14	1C5T.pdb_1GJ6.pdb_1QBO.pdb	388	0.508	0.328	0.18	1.479	1.112	0.367	0.578	0.318	0.261	-5.269	1953.99		0
ZINC03914448_177	1C5T.pdb_1GJ6.pdb_1QBO.pdb	389	0.508	0.334	0.174	1.55	1.206	0.344	0.576	0.316	0.26	-5.274	1939.775		0
ZINC02623435_130	1C5T.pdb_1GJ6.pdb_1QBO.pdb	392	0.508	0.363	0.145	1.571	1.254	0.317	0.549	0.338	0.211	-4.249	2081.327		0
ZINC01553076_142	1C5T.pdb_1GJ6.pdb_1QBO.pdb	391	0.508	0.363	0.144	1.568	1.275	0.293	0.558	0.337	0.221	-4.483	2071.481		0
ZINC02132098_169	1C5T.pdb_1GJ6.pdb_1QBO.pdb	403	0.507	0.347	0.16	1.446	1.115	0.331	0.571	0.335	0.236	-4.774	2064.025		0
ZINC02572664_46	1C5T.pdb_1GJ6.pdb_1QBO.pdb	404	0.507	0.387	0.12	1.515	1.281	0.234	0.554	0.357	0.198	-4.021	2193.834		0
ZINC03944241_177	1C5T.pdb_1GJ6.pdb_1QBO.pdb	394	0.507	0.378	0.129	1.462	1.163	0.299	0.544	0.359	0.185	-3.718	2210.89		0
ZINC02130567_95	1C5T.pdb_1GJ6.pdb_1QBO.pdb	396	0.507	0.375	0.131	1.455	1.177	0.278	0.554	0.355	0.199	-4.015	2189.333		0
ZINC00599303_16	1C5T.pdb_1GJ6.pdb_1QBO.pdb	395	0.507	0.398	0.109	1.659	1.402	0.257	0.516	0.357	0.159	-3.204	2192.856		0
ZINC03987853_55	1C5T.pdb_1GJ6.pdb_1QBO.pdb	399	0.507	0.365	0.142	1.53	1.189	0.341	0.54	0.345	0.195	-3.915	2124.527		0
ZINC03867259_118	1C5T.pdb_1GJ6.pdb_1QBO.pdb	398	0.507	0.311	0.196	1.649	1.22	0.429	0.56	0.294	0.266	-5.343	1807.954		0
ZINC02656851_155	1C5T.pdb_1GJ6.pdb_1QBO.pdb	400	0.507	0.324	0.183	1.643	1.219	0.424	0.55	0.307	0.243	-4.877	1883.57		0
ZINC00814142_142	1C5T.pdb_1GJ6.pdb_1QBO.pdb	397	0.507	0.364	0.143	1.508	1.195	0.313	0.552	0.344	0.208	-4.194	2114.771		0
ZINC02393796_191	1C5T.pdb_1GJ6.pdb_1QBO.pdb	405	0.507	0.396	0.111	1.604	1.347	0.257	0.522	0.36	0.162	-3.267	2210.774		0
ZINC03987021_114	1C5T.pdb_1GJ6.pdb_1QBO.pdb	401	0.507	0.381	0.126	1.571	1.292	0.28	0.537	0.351	0.186	-3.743	2156.584		0
ZINC01546188_193	1C5T.pdb_1GJ6.pdb_1QBO.pdb	402	0.507	0.339	0.168	1.544	1.149	0.394	0.551	0.325	0.226	-4.538	1997.591		0
ZINC04237007_137	1C5T.pdb_1GJ6.pdb_1QBO.pdb	406	0.506	0.368	0.139	1.476	1.193	0.283	0.561	0.347	0.214	-4.326	2136.601		0
ZINC02712630_0	1C5T.pdb_1GJ6.pdb_1QBO.pdb	412	0.506	0.378	0.128	1.495	1.223	0.272	0.548	0.354	0.194	-3.927	2176.177		0
ZINC03577116_152	1C5T.pdb_1GJ6.pdb_1QBO.pdb	413	0.506	0.362	0.144	1.689	1.33	0.359	0.526	0.332	0.194	-3.882	2041.017		0
ZINC00921662_68	1C5T.pdb_1GJ6.pdb_1QBO.pdb	411	0.506	0.386	0.12	1.511	1.217	0.294	0.53	0.361	0.168	-3.377	2224.405		0
ZINC03368314_101	1C5T.pdb_1GJ6.pdb_1QBO.pdb	414	0.506	0.379	0.127	1.532	1.264	0.268	0.545	0.351	0.194	-3.919	2160.837		0
ZINC03325420_118	1C5T.pdb_1GJ6.pdb_1QBO.pdb	408	0.506	0.357	0.148	1.599	1.25	0.35	0.539	0.334	0.205	-4.114	2050.424		0
ZINC01551979_116	1C5T.pdb_1GJ6.pdb_1QBO.pdb	407	0.506	0.327	0.179	1.583	1.166	0.417	0.552	0.313	0.239	-4.791	1922.67		0
ZINC03841657_81	1C5T.pdb_1GJ6.pdb_1QBO.pdb	409	0.506	0.349	0.157	1.511	1.195	0.316	0.569	0.33	0.239	-4.831	2032.11		0
ZINC02160757_61	1C5T.pdb_1GJ6.pdb_1QBO.pdb	410	0.506	0.356	0.15	1.48	1.144	0.336	0.554	0.341	0.213	-4.284	2100.9		0
ZINC01549910_129	1C5T.pdb_1GJ6.pdb_1QBO.pdb	420	0.505	0.352	0.153	1.438	1.13	0.308	0.572	0.338	0.234	-4.729	2083.276		0
ZINC00588652_106	1C5T.pdb_1GJ6.pdb_1QBO.pdb	417	0.505	0.384	0.121	1.529	1.27	0.259	0.539	0.355	0.184	-3.726	2183.102		0
ZINC03625422_77	1C5T.pdb_1GJ6.pdb_1QBO.pdb	415	0.505	0.334	0.171	1.527	1.198	0.329	0.579	0.316	0.263	-5.331	1943.838		0
ZINC03834176_130	1C5T.pdb_1GJ6.pdb_1QBO.pdb	416	0.505	0.363	0.141	1.415	1.106	0.31	0.557	0.351	0.206	-4.146	2165.405		1
ZINC00974236_42	1C5T.pdb_1GJ6.pdb_1QBO.pdb	418	0.505	0.332	0.172	1.477	1.124	0.353	0.572	0.321	0.251	-5.077	1973.386		0
ZINC03819383_198	1C5T.pdb_1GJ6.pdb_1QBO.pdb	419	0.505	0.304	0.201	1.397	0.977	0.419	0.585	0.307	0.279	-5.611	1889.577		0
ZINC02932876_57	1C5T.pdb_1GJ6.pdb_1QBO.pdb	421	0.505	0.323	0.182	1.571	1.176	0.395	0.561	0.308	0.252	-5.075	1894.479		0
ZINC03927446_141	1C5T.pdb_1GJ6.pdb_1QBO.pdb	433	0.504	0.325	0.18	1.484	1.102	0.381	0.569	0.315	0.254	-5.114	1938.9		0
ZINC03890266_24	1C5T.pdb_1GJ6.pdb_1QBO.pdb	432	0.504	0.339	0.165	1.531	1.189	0.342	0.564	0.321	0.243	-4.906	1975.109		0
ZINC04627709_144	1C5T.pdb_1GJ6.pdb_1QBO.pdb	431	0.504	0.34	0.164	1.43	1.09	0.339	0.572	0.331	0.241	-4.877	2035.996		0
ZINC03436650_14	1C5T.pdb_1GJ6.pdb_1QBO.pdb	430	0.504	0.379	0.125	1.721	1.415	0.306	0.516	0.341	0.175	-3.513	2093.806		0
ZINC02368624_107	1C5T.pdb_1GJ6.pdb_1QBO.pdb	429	0.504	0.352	0.152	1.619	1.261	0.358	0.538	0.328	0.21	-4.21	2015.818		0
ZINC01778862_26	1C5T.pdb_1GJ6.pdb_1QBO.pdb	425	0.504	0.359	0.145	1.648	1.305	0.342	0.533	0.332	0.201	-4.034	2036.567		0
ZINC03670389_193	1C5T.pdb_1GJ6.pdb_1QBO.pdb	426	0.504	0.362	0.142	1.522	1.223	0.299	0.552	0.339	0.213	-4.292	2086.803		0
ZINC02130364_112	1C5T.pdb_1GJ6.pdb_1QBO.pdb	427	0.504	0.358	0.146	1.466	1.161	0.306	0.56	0.342	0.218	-4.404	2102.582		0
ZINC03834136_46	1C5T.pdb_1GJ6.pdb_1QBO.pdb	428	0.504	0.325	0.179	1.512	1.095	0.418	0.555	0.316	0.239	-4.797	1942.938		1
ZINC03367652_82	1C5T.pdb_1GJ6.pdb_1QBO.pdb	422	0.504	0.309	0.195	1.654	1.161	0.493	0.54	0.296	0.244	-4.863	1819.926		0
ZINC02693697_181	1C5T.pdb_1GJ6.pdb_1QBO.pdb	423	0.504	0.362	0.142	1.561	1.253	0.308	0.547	0.337	0.21	-4.227	2072.412		0
ZINC02129855_198	1C5T.pdb_1GJ6.pdb_1QBO.pdb	424	0.504	0.364	0.14	1.385	1.094	0.291	0.564	0.353	0.211	-4.269	2176.707		0
ZINC03341362_143	1C5T.pdb_1GJ6.pdb_1QBO.pdb	434	0.504	0.313	0.191	1.579	1.145	0.434	0.556	0.301	0.255	-5.107	1850.339		0
ZINC00906587_36	1C5T.pdb_1GJ6.pdb_1QBO.pdb	441	0.503	0.376	0.128	1.554	1.257	0.296	0.532	0.349	0.183	-3.681	2145.999		0
ZINC02131329_53	1C5T.pdb_1GJ6.pdb_1QBO.pdb	440	0.503	0.377	0.127	1.399	1.139	0.26	0.558	0.36	0.198	-4.006	2219.42		0
ZINC02336300_195	1C5T.pdb_1GJ6.pdb_1QBO.pdb	445	0.503	0.308	0.196	1.513	1.128	0.385	0.582	0.297	0.285	-5.755	1827.257		0
ZINC00602703_15	1C5T.pdb_1GJ6.pdb_1QBO.pdb	444	0.503	0.351	0.152	1.537	1.193	0.344	0.546	0.332	0.213	-4.287	2045.052		0
ZINC04003613_114	1C5T.pdb_1GJ6.pdb_1QBO.pdb	446	0.503	0.347	0.156	1.512	1.198	0.313	0.564	0.328	0.237	-4.788	2016.598		0
ZINC03834118_104	1C5T.pdb_1GJ6.pdb_1QBO.pdb	438	0.503	0.324	0.179	1.537	1.12	0.418	0.552	0.313	0.239	-4.797	1925.919		1
ZINC03851685_134	1C5T.pdb_1GJ6.pdb_1QBO.pdb	443	0.503	0.307	0.195	1.563	1.136	0.427	0.561	0.296	0.264	-5.313	1822.077		0
ZINC04627375_156	1C5T.pdb_1GJ6.pdb_1QBO.pdb	437	0.503	0.307	0.196	1.786	1.336	0.449	0.543	0.285	0.258	-5.165	1746.495		0
ZINC04185341_98	1C5T.pdb_1GJ6.pdb_1QBO.pdb	435	0.503	0.366	0.138	1.671	1.338	0.333	0.525	0.335	0.19	-3.817	2055.88		0
ZINC03834124_131	1C5T.pdb_1GJ6.pdb_1QBO.pdb	436	0.503	0.318	0.185	1.519	1.089	0.429	0.556	0.31	0.246	-4.933	1905.668		1
ZINC03963793_194	1C5T.pdb_1GJ6.pdb_1QBO.pdb	439	0.503	0.375	0.128	1.404	1.149	0.255	0.562	0.358	0.204	-4.143	2205.603		0
ZINC03834122_127	1C5T.pdb_1GJ6.pdb_1QBO.pdb	442	0.503	0.343	0.16	1.529	1.151	0.378	0.545	0.328	0.217	-4.347	2019.793		1
ZINC01549974_75	1C5T.pdb_1GJ6.pdb_1QBO.pdb	462	0.502	0.314	0.189	1.577	1.18	0.398	0.564	0.299	0.264	-5.327	1838.438		0
ZINC03428219_124	1C5T.pdb_1GJ6.pdb_1QBO.pdb	458	0.502	0.302	0.201	1.576	1.1	0.476	0.551	0.294	0.257	-5.149	1805.525		0
ZINC03990227_26	1C5T.pdb_1GJ6.pdb_1QBO.pdb	457	0.502	0.363	0.139	1.58	1.26	0.32	0.536	0.338	0.198	-3.981	2076.109		0
ZINC03811853_66	1C5T.pdb_1GJ6.pdb_1QBO.pdb	448	0.502	0.367	0.135	1.46	1.193	0.267	0.56	0.347	0.214	-4.337	2134.324		0
ZINC02952188_192	1C5T.pdb_1GJ6.pdb_1QBO.pdb	449	0.502	0.322	0.18	1.609	1.19	0.419	0.546	0.306	0.24	-4.808	1880.308		0
ZINC03977101_34	1C5T.pdb_1GJ6.pdb_1QBO.pdb	450	0.502	0.345	0.157	1.513	1.139	0.373	0.545	0.331	0.214	-4.29	2036.074		0
ZINC03311922_196	1C5T.pdb_1GJ6.pdb_1QBO.pdb	452	0.502	0.365	0.137	1.688	1.318	0.371	0.514	0.336	0.178	-3.551	2063.332		0
ZINC00770153_182	1C5T.pdb_1GJ6.pdb_1QBO.pdb	455	0.502	0.374	0.128	1.406	1.122	0.284	0.548	0.359	0.189	-3.799	2216.232		0
ZINC03405873_168	1C5T.pdb_1GJ6.pdb_1QBO.pdb	454	0.502	0.372	0.129	1.625	1.316	0.31	0.523	0.342	0.182	-3.644	2100.199		0
ZINC04019803_19	1C5T.pdb_1GJ6.pdb_1QBO.pdb	453	0.502	0.363	0.139	1.39	1.097	0.293	0.56	0.352	0.208	-4.204	2168.355		0
ZINC01821866_64	1C5T.pdb_1GJ6.pdb_1QBO.pdb	451	0.502	0.361	0.141	1.429	1.152	0.278	0.567	0.345	0.222	-4.512	2124.741		0
ZINC03232400_156	1C5T.pdb_1GJ6.pdb_1QBO.pdb	456	0.502	0.348	0.154	1.533	1.183	0.35	0.547	0.33	0.217	-4.351	2031.462		0
ZINC04001514_101	1C5T.pdb_1GJ6.pdb_1QBO.pdb	460	0.502	0.324	0.178	1.474	1.105	0.37	0.571	0.314	0.256	-5.174	1933.534		0
ZINC03524553_141	1C5T.pdb_1GJ6.pdb_1QBO.pdb	447	0.502	0.387	0.115	1.489	1.243	0.245	0.537	0.36	0.178	-3.589	2215.04		0
ZINC04627373_15	1C5T.pdb_1GJ6.pdb_1QBO.pdb	461	0.502	0.355	0.146	1.586	1.252	0.334	0.538	0.332	0.207	-4.152	2038.878		0
ZINC03439248_81	1C5T.pdb_1GJ6.pdb_1QBO.pdb	459	0.502	0.36	0.142	1.562	1.225	0.337	0.535	0.337	0.198	-3.965	2074.47		0
ZINC03937550_96	1C5T.pdb_1GJ6.pdb_1QBO.pdb	467	0.501	0.355	0.146	1.445	1.149	0.296	0.563	0.34	0.224	-4.534	2090.501		0
ZINC03270076_87	1C5T.pdb_1GJ6.pdb_1QBO.pdb	474	0.501	0.353	0.147	1.695	1.329	0.366	0.523	0.325	0.198	-3.956	1995.625		0
ZINC03972102_170	1C5T.pdb_1GJ6.pdb_1QBO.pdb	466	0.501	0.381	0.12	1.436	1.187	0.249	0.548	0.36	0.188	-3.806	2216.272		0
ZINC03870745_192	1C5T.pdb_1GJ6.pdb_1QBO.pdb	473	0.501	0.371	0.13	1.404	1.103	0.301	0.545	0.358	0.186	-3.742	2209.804		0
ZINC02160725_156	1C5T.pdb_1GJ6.pdb_1QBO.pdb	464	0.501	0.373	0.128	1.418	1.154	0.264	0.555	0.355	0.2	-4.049	2186.612		0
ZINC02193601_179	1C5T.pdb_1GJ6.pdb_1QBO.pdb	463	0.501	0.387	0.114	1.632	1.354	0.278	0.514	0.351	0.163	-3.267	2159.649		0
ZINC00580494_15	1C5T.pdb_1GJ6.pdb_1QBO.pdb	465	0.501	0.351	0.15	1.645	1.242	0.403	0.522	0.328	0.194	-3.859	2018.796		0
ZINC03779518_33	1C5T.pdb_1GJ6.pdb_1QBO.pdb	471	0.501	0.329	0.171	1.341	1.045	0.296	0.614	0.325	0.289	-5.931	2000.168		0
ZINC03867408_97	1C5T.pdb_1GJ6.pdb_1QBO.pdb	470	0.501	0.358	0.143	1.602	1.274	0.328	0.535	0.332	0.203	-4.082	2041.007		0
ZINC01548103_134	1C5T.pdb_1GJ6.pdb_1QBO.pdb	472	0.501	0.351	0.151	1.753	1.374	0.379	0.52	0.32	0.2	-3.994	1964.276		0
ZINC03959472_40	1C5T.pdb_1GJ6.pdb_1QBO.pdb	468	0.501	0.326	0.175	1.512	1.104	0.408	0.551	0.317	0.234	-4.691	1947.923		0
ZINC02726431_192	1C5T.pdb_1GJ6.pdb_1QBO.pdb	469	0.501	0.367	0.134	1.683	1.34	0.343	0.516	0.336	0.181	-3.61	2061.453		0
ZINC03993398_105	1C5T.pdb_1GJ6.pdb_1QBO.pdb	476	0.5	0.33	0.17	1.475	1.111	0.364	0.561	0.319	0.242	-4.876	1964.673		0
ZINC03962673_181	1C5T.pdb_1GJ6.pdb_1QBO.pdb	482	0.5	0.353	0.147	1.578	1.243	0.334	0.537	0.33	0.207	-4.163	2029.827		0
ZINC04392549_175	1C5T.pdb_1GJ6.pdb_1QBO.pdb	489	0.5	0.403	0.098	1.601	1.357	0.244	0.504	0.364	0.14	-2.803	2239.801		0
ZINC03446998_67	1C5T.pdb_1GJ6.pdb_1QBO.pdb	488	0.5	0.33	0.17	1.733	1.286	0.447	0.522	0.307	0.215	-4.283	1886.878		0
ZINC04392031_85	1C5T.pdb_1GJ6.pdb_1QBO.pdb	490	0.5	0.334	0.166	1.512	1.099	0.413	0.541	0.324	0.218	-4.349	1994.127		0
ZINC03954689_169	1C5T.pdb_1GJ6.pdb_1QBO.pdb	480	0.5	0.343	0.157	1.473	1.133	0.34	0.556	0.33	0.226	-4.551	2031.326		0
ZINC02192462_141	1C5T.pdb_1GJ6.pdb_1QBO.pdb	477	0.5	0.347	0.153	1.443	1.134	0.309	0.567	0.333	0.234	-4.729	2050.357		0
ZINC03839024_197	1C5T.pdb_1GJ6.pdb_1QBO.pdb	478	0.5	0.326	0.174	1.494	1.107	0.387	0.556	0.316	0.24	-4.819	1947.311		0
ZINC02639675_197	1C5T.pdb_1GJ6.pdb_1QBO.pdb	475	0.5	0.365	0.135	1.493	1.199	0.294	0.544	0.344	0.2	-4.027	2115.431		0
ZINC03948081_130	1C5T.pdb_1GJ6.pdb_1QBO.pdb	479	0.5	0.351	0.149	1.643	1.309	0.334	0.536	0.324	0.212	-4.257	1989.703		0
ZINC01834069_165	1C5T.pdb_1GJ6.pdb_1QBO.pdb	481	0.5	0.353	0.147	1.539	1.167	0.372	0.532	0.336	0.196	-3.924	2068.723		0
ZINC03867367_105	1C5T.pdb_1GJ6.pdb_1QBO.pdb	483	0.5	0.303	0.197	1.482	1.086	0.396	0.578	0.296	0.282	-5.694	1818.396		0
ZINC02650544_114	1C5T.pdb_1GJ6.pdb_1QBO.pdb	487	0.5	0.374	0.127	1.696	1.387	0.309	0.515	0.338	0.177	-3.543	2077.333		0
ZINC02129135_81	1C5T.pdb_1GJ6.pdb_1QBO.pdb	491	0.5	0.343	0.158	1.462	1.135	0.327	0.563	0.329	0.234	-4.717	2026.068		0
ZINC03599114_181	1C5T.pdb_1GJ6.pdb_1QBO.pdb	485	0.5	0.36	0.14	1.612	1.309	0.303	0.538	0.332	0.206	-4.154	2040.245		0
ZINC04176624_124	1C5T.pdb_1GJ6.pdb_1QBO.pdb	486	0.5	0.302	0.198	1.551	1.118	0.433	0.56	0.292	0.268	-5.384	1797.461		0
ZINC01538457_164	1C5T.pdb_1GJ6.pdb_1QBO.pdb	484	0.5	0.317	0.183	1.685	1.209	0.476	0.529	0.301	0.229	-4.558	1847.759		0
ZINC02700304_34	1C5T.pdb_1GJ6.pdb_1QBO.pdb	498	0.499	0.328	0.171	1.49	1.125	0.365	0.559	0.316	0.243	-4.893	1946.214		0
ZINC03831725_147	1C5T.pdb_1GJ6.pdb_1QBO.pdb	496	0.499	0.335	0.163	1.498	1.113	0.386	0.545	0.324	0.221	-4.43	1994.936		0
ZINC02192462_12	1C5T.pdb_1GJ6.pdb_1QBO.pdb	497	0.499	0.333	0.166	1.432	1.101	0.331	0.574	0.323	0.25	-5.071	1990.173		0
ZINC03889997_5	1C5T.pdb_1GJ6.pdb_1QBO.pdb	501	0.499	0.342	0.157	1.487	1.115	0.373	0.544	0.331	0.214	-4.281	2036.159		0
ZINC03968466_198	1C5T.pdb_1GJ6.pdb_1QBO.pdb	500	0.499	0.39	0.109	1.416	1.197	0.219	0.545	0.366	0.179	-3.635	2257.608		0
ZINC03352883_193	1C5T.pdb_1GJ6.pdb_1QBO.pdb	503	0.499	0.374	0.124	1.535	1.259	0.276	0.532	0.348	0.184	-3.71	2138.205		0
ZINC03936343_131	1C5T.pdb_1GJ6.pdb_1QBO.pdb	493	0.499	0.326	0.174	1.461	1.091	0.37	0.563	0.317	0.246	-4.96	1951.014		0
ZINC02135324_167	1C5T.pdb_1GJ6.pdb_1QBO.pdb	505	0.499	0.336	0.164	1.44	1.102	0.338	0.567	0.326	0.241	-4.867	2004.971		0
ZINC04222272_10	1C5T.pdb_1GJ6.pdb_1QBO.pdb	492	0.499	0.382	0.118	1.449	1.205	0.245	0.543	0.359	0.185	-3.742	2207.861		0
ZINC03840215_124	1C5T.pdb_1GJ6.pdb_1QBO.pdb	502	0.499	0.326	0.173	1.513	1.169	0.344	0.571	0.311	0.259	-5.251	1913.318		0
ZINC00902607_36	1C5T.pdb_1GJ6.pdb_1QBO.pdb	504	0.499	0.384	0.115	1.388	1.142	0.245	0.544	0.366	0.178	-3.602	2257.131		0
ZINC04004468_123	1C5T.pdb_1GJ6.pdb_1QBO.pdb	499	0.499	0.35	0.149	1.675	1.336	0.339	0.531	0.322	0.21	-4.214	1974.281		0
ZINC01552869_78	1C5T.pdb_1GJ6.pdb_1QBO.pdb	494	0.499	0.367	0.132	1.483	1.221	0.262	0.554	0.344	0.21	-4.255	2117.562		0
ZINC00902681_38	1C5T.pdb_1GJ6.pdb_1QBO.pdb	495	0.499	0.384	0.115	1.387	1.141	0.245	0.545	0.367	0.178	-3.601	2262.038		0
ZINC02224425_76	1C5T.pdb_1GJ6.pdb_1QBO.pdb	515	0.498	0.305	0.193	1.436	1.042	0.394	0.575	0.301	0.274	-5.524	1854.436		0
ZINC03367645_25	1C5T.pdb_1GJ6.pdb_1QBO.pdb	506	0.498	0.297	0.201	1.581	1.103	0.477	0.547	0.289	0.258	-5.16	1773.887		0
ZINC03834141_190	1C5T.pdb_1GJ6.pdb_1QBO.pdb	514	0.498	0.332	0.167	1.482	1.091	0.392	0.547	0.323	0.225	-4.501	1987.737		1
ZINC01536785_138	1C5T.pdb_1GJ6.pdb_1QBO.pdb	511	0.498	0.36	0.138	1.57	1.267	0.303	0.536	0.335	0.201	-4.054	2058.549		0
ZINC03841656_102	1C5T.pdb_1GJ6.pdb_1QBO.pdb	507	0.498	0.353	0.145	1.411	1.126	0.285	0.567	0.339	0.228	-4.626	2089.408		0
ZINC01909188_162	1C5T.pdb_1GJ6.pdb_1QBO.pdb	508	0.498	0.29	0.208	1.29	0.925	0.365	0.623	0.297	0.325	-6.634	1833.498		0
ZINC01549835_66	1C5T.pdb_1GJ6.pdb_1QBO.pdb	509	0.498	0.338	0.16	1.444	1.099	0.346	0.558	0.328	0.23	-4.626	2022.747		0
ZINC03850343_27	1C5T.pdb_1GJ6.pdb_1QBO.pdb	513	0.498	0.341	0.157	1.55	1.224	0.326	0.553	0.321	0.232	-4.678	1973.078		0
ZINC04110642_24	1C5T.pdb_1GJ6.pdb_1QBO.pdb	510	0.498	0.351	0.146	1.524	1.204	0.319	0.544	0.332	0.212	-4.274	2039.808		0
ZINC03977126_132	1C5T.pdb_1GJ6.pdb_1QBO.pdb	512	0.498	0.373	0.125	1.506	1.201	0.305	0.525	0.351	0.175	-3.501	2159.62		0
ZINC03800681_166	1C5T.pdb_1GJ6.pdb_1QBO.pdb	519	0.497	0.307	0.19	1.432	1.015	0.417	0.564	0.306	0.258	-5.185	1881.937		0
ZINC03941621_177	1C5T.pdb_1GJ6.pdb_1QBO.pdb	517	0.497	0.37	0.127	1.49	1.208	0.282	0.535	0.348	0.187	-3.774	2140.82		0
ZINC04410159_71	1C5T.pdb_1GJ6.pdb_1QBO.pdb	529	0.497	0.359	0.138	1.585	1.28	0.305	0.535	0.333	0.202	-4.077	2044.569		0
ZINC03992806_125	1C5T.pdb_1GJ6.pdb_1QBO.pdb	522	0.497	0.35	0.147	1.529	1.195	0.335	0.539	0.331	0.207	-4.167	2037.895		0
ZINC04217907_1	1C5T.pdb_1GJ6.pdb_1QBO.pdb	526	0.497	0.36	0.137	1.595	1.279	0.316	0.529	0.334	0.195	-3.927	2051.823		0
ZINC02973482_198	1C5T.pdb_1GJ6.pdb_1QBO.pdb	525	0.497	0.334	0.163	1.467	1.116	0.352	0.556	0.322	0.234	-4.706	1984.517		0
ZINC02245596_168	1C5T.pdb_1GJ6.pdb_1QBO.pdb	524	0.497	0.349	0.147	1.559	1.228	0.331	0.538	0.328	0.209	-4.21	2017.476		0
ZINC04001531_50	1C5T.pdb_1GJ6.pdb_1QBO.pdb	523	0.497	0.358	0.139	1.504	1.207	0.298	0.544	0.337	0.207	-4.168	2075.921		0
ZINC03416473_164	1C5T.pdb_1GJ6.pdb_1QBO.pdb	528	0.497	0.326	0.171	1.62	1.238	0.382	0.544	0.307	0.236	-4.752	1885.626		0
ZINC02952022_130	1C5T.pdb_1GJ6.pdb_1QBO.pdb	520	0.497	0.336	0.162	1.55	1.186	0.364	0.544	0.319	0.225	-4.526	1960.019		0
ZINC03825961_112	1C5T.pdb_1GJ6.pdb_1QBO.pdb	518	0.497	0.325	0.172	1.5	1.116	0.384	0.552	0.314	0.238	-4.782	1933.091		0
ZINC01095751_162	1C5T.pdb_1GJ6.pdb_1QBO.pdb	516	0.497	0.351	0.146	1.602	1.252	0.35	0.528	0.328	0.2	-4.014	2013.358		0
ZINC03446996_192	1C5T.pdb_1GJ6.pdb_1QBO.pdb	527	0.497	0.367	0.13	1.75	1.394	0.356	0.503	0.333	0.171	-3.406	2041.424		0
ZINC03421130_9	1C5T.pdb_1GJ6.pdb_1QBO.pdb	521	0.497	0.353	0.145	1.461	1.145	0.316	0.548	0.338	0.21	-4.233	2079.693		0
ZINC02973482_80	1C5T.pdb_1GJ6.pdb_1QBO.pdb	537	0.496	0.333	0.163	1.465	1.114	0.352	0.555	0.322	0.234	-4.706	1981.119		0
ZINC01539449_163	1C5T.pdb_1GJ6.pdb_1QBO.pdb	541	0.496	0.316	0.18	1.615	1.173	0.442	0.535	0.302	0.233	-4.664	1854.055		0
ZINC03989511_18	1C5T.pdb_1GJ6.pdb_1QBO.pdb	530	0.496	0.36	0.136	1.613	1.314	0.3	0.531	0.332	0.199	-4.01	2037.11		0
ZINC04222191_100	1C5T.pdb_1GJ6.pdb_1QBO.pdb	536	0.496	0.347	0.149	1.544	1.204	0.34	0.538	0.328	0.21	-4.229	2014.744		0
ZINC02135249_155	1C5T.pdb_1GJ6.pdb_1QBO.pdb	535	0.496	0.358	0.139	1.415	1.142	0.273	0.562	0.342	0.22	-4.464	2108.663		0
ZINC03969854_189	1C5T.pdb_1GJ6.pdb_1QBO.pdb	538	0.496	0.347	0.15	1.596	1.255	0.34	0.534	0.324	0.211	-4.231	1990.363		0
ZINC02192461_66	1C5T.pdb_1GJ6.pdb_1QBO.pdb	539	0.496	0.351	0.146	1.439	1.143	0.296	0.559	0.336	0.223	-4.522	2067.683		0
ZINC03891143_36	1C5T.pdb_1GJ6.pdb_1QBO.pdb	542	0.496	0.406	0.09	1.383	1.193	0.19	0.527	0.381	0.147	-2.974	2347.154		0
ZINC01549838_49	1C5T.pdb_1GJ6.pdb_1QBO.pdb	540	0.496	0.323	0.172	1.477	1.092	0.385	0.553	0.315	0.238	-4.783	1937.475		0
ZINC04001504_195	1C5T.pdb_1GJ6.pdb_1QBO.pdb	531	0.496	0.359	0.137	1.555	1.249	0.306	0.534	0.335	0.198	-3.993	2061.633		0
ZINC03834143_113	1C5T.pdb_1GJ6.pdb_1QBO.pdb	532	0.496	0.34	0.156	1.534	1.164	0.37	0.537	0.325	0.212	-4.257	1997.213		1
ZINC03670390_179	1C5T.pdb_1GJ6.pdb_1QBO.pdb	533	0.496	0.373	0.123	1.514	1.25	0.263	0.534	0.347	0.187	-3.776	2134.165		0
ZINC02604747_52	1C5T.pdb_1GJ6.pdb_1QBO.pdb	534	0.496	0.351	0.145	1.463	1.168	0.295	0.557	0.334	0.223	-4.512	2054.429		0
ZINC03361773_198	1C5T.pdb_1GJ6.pdb_1QBO.pdb	547	0.495	0.341	0.153	1.6	1.24	0.36	0.531	0.32	0.211	-4.229	1967.522		0
ZINC03889849_170	1C5T.pdb_1GJ6.pdb_1QBO.pdb	549	0.495	0.346	0.149	1.584	1.208	0.376	0.525	0.327	0.198	-3.954	2009.335		0
ZINC03309011_22	1C5T.pdb_1GJ6.pdb_1QBO.pdb	546	0.495	0.367	0.129	1.642	1.357	0.286	0.524	0.334	0.19	-3.823	2052.969		0
ZINC02006923_110	1C5T.pdb_1GJ6.pdb_1QBO.pdb	545	0.495	0.33	0.165	1.546	1.191	0.355	0.549	0.313	0.236	-4.756	1924.441		0
ZINC01109894_73	1C5T.pdb_1GJ6.pdb_1QBO.pdb	544	0.495	0.391	0.104	1.578	1.32	0.258	0.505	0.357	0.148	-2.962	2196.409		0
ZINC01537299_15	1C5T.pdb_1GJ6.pdb_1QBO.pdb	543	0.495	0.35	0.145	1.454	1.185	0.269	0.572	0.332	0.24	-4.896	2041.72		0
ZINC02656850_91	1C5T.pdb_1GJ6.pdb_1QBO.pdb	552	0.495	0.339	0.156	1.63	1.259	0.371	0.53	0.317	0.213	-4.266	1946.216		0
ZINC04383601_46	1C5T.pdb_1GJ6.pdb_1QBO.pdb	548	0.495	0.352	0.143	1.469	1.142	0.327	0.539	0.337	0.202	-4.062	2075.332		0
ZINC03022164_91	1C5T.pdb_1GJ6.pdb_1QBO.pdb	556	0.495	0.395	0.1	1.65	1.386	0.264	0.495	0.356	0.139	-2.775	2186.281		0
ZINC03834152_188	1C5T.pdb_1GJ6.pdb_1QBO.pdb	557	0.495	0.338	0.157	1.568	1.195	0.373	0.534	0.321	0.214	-4.282	1970.859		1
ZINC04185339_153	1C5T.pdb_1GJ6.pdb_1QBO.pdb	554	0.495	0.342	0.153	1.665	1.301	0.364	0.525	0.317	0.208	-4.176	1946.203		0
ZINC03517673_189	1C5T.pdb_1GJ6.pdb_1QBO.pdb	550	0.495	0.344	0.151	1.503	1.143	0.36	0.537	0.33	0.206	-4.137	2032.516		0
ZINC03352882_163	1C5T.pdb_1GJ6.pdb_1QBO.pdb	551	0.495	0.367	0.129	1.529	1.244	0.285	0.532	0.342	0.19	-3.829	2104.013		0
ZINC01553940_145	1C5T.pdb_1GJ6.pdb_1QBO.pdb	555	0.495	0.32	0.175	1.381	1.022	0.359	0.573	0.317	0.255	-5.157	1955.911		0
ZINC04004468_84	1C5T.pdb_1GJ6.pdb_1QBO.pdb	553	0.495	0.322	0.173	1.642	1.256	0.387	0.541	0.302	0.239	-4.805	1854.536		0
ZINC03344415_159	1C5T.pdb_1GJ6.pdb_1QBO.pdb	569	0.494	0.37	0.124	1.687	1.353	0.334	0.502	0.337	0.165	-3.29	2071.681		0
ZINC00902674_53	1C5T.pdb_1GJ6.pdb_1QBO.pdb	561	0.494	0.363	0.132	1.371	1.095	0.277	0.552	0.351	0.201	-4.058	2167.138		0
ZINC02389477_124	1C5T.pdb_1GJ6.pdb_1QBO.pdb	562	0.494	0.387	0.107	1.535	1.296	0.239	0.518	0.356	0.162	-3.268	2187.361		0
ZINC03506067_6	1C5T.pdb_1GJ6.pdb_1QBO.pdb	558	0.494	0.358	0.137	1.732	1.344	0.388	0.502	0.328	0.174	-3.466	2011.839		0
ZINC03818733_130	1C5T.pdb_1GJ6.pdb_1QBO.pdb	571	0.494	0.342	0.152	1.655	1.31	0.345	0.53	0.317	0.214	-4.296	1943.592		0
ZINC03552654_114	1C5T.pdb_1GJ6.pdb_1QBO.pdb	560	0.494	0.347	0.147	1.542	1.211	0.331	0.536	0.327	0.209	-4.206	2011.166		0
ZINC03558930_157	1C5T.pdb_1GJ6.pdb_1QBO.pdb	559	0.494	0.369	0.125	1.577	1.272	0.305	0.517	0.342	0.175	-3.503	2105.059		0
ZINC03818733_130	1C5T.pdb_1GJ6.pdb_1QBO.pdb	564	0.494	0.342	0.152	1.655	1.31	0.345	0.53	0.317	0.214	-4.296	1943.592		0
ZINC02712627_44	1C5T.pdb_1GJ6.pdb_1QBO.pdb	567	0.494	0.379	0.115	1.496	1.248	0.248	0.529	0.353	0.176	-3.564	2169.364		0
ZINC03766053_92	1C5T.pdb_1GJ6.pdb_1QBO.pdb	568	0.494	0.393	0.101	1.379	1.15	0.229	0.526	0.374	0.152	-3.072	2303.925		0
ZINC02970984_141	1C5T.pdb_1GJ6.pdb_1QBO.pdb	565	0.494	0.326	0.168	1.369	1.024	0.345	0.569	0.324	0.246	-4.96	1995.079		0
ZINC02700308_15	1C5T.pdb_1GJ6.pdb_1QBO.pdb	566	0.494	0.371	0.123	1.507	1.233	0.274	0.529	0.347	0.182	-3.675	2132.968		0
ZINC03959476_151	1C5T.pdb_1GJ6.pdb_1QBO.pdb	570	0.494	0.331	0.163	1.48	1.113	0.367	0.547	0.32	0.227	-4.559	1970.146		0
ZINC03329295_29	1C5T.pdb_1GJ6.pdb_1QBO.pdb	563	0.494	0.33	0.164	1.467	1.098	0.368	0.548	0.32	0.228	-4.588	1970.411		0
ZINC00842631_57	1C5T.pdb_1GJ6.pdb_1QBO.pdb	585	0.493	0.399	0.094	1.592	1.355	0.237	0.497	0.361	0.135	-2.716	2219.53		0
ZINC02948645_14	1C5T.pdb_1GJ6.pdb_1QBO.pdb	587	0.493	0.34	0.153	1.553	1.205	0.348	0.537	0.321	0.215	-4.329	1974.662		0
ZINC02025209_113	1C5T.pdb_1GJ6.pdb_1QBO.pdb	588	0.493	0.334	0.159	1.407	1.064	0.343	0.555	0.327	0.228	-4.59	2017.379		0
ZINC00588653_51	1C5T.pdb_1GJ6.pdb_1QBO.pdb	575	0.493	0.359	0.134	1.508	1.212	0.296	0.535	0.337	0.197	-3.971	2075.983		0
ZINC03818733_155	1C5T.pdb_1GJ6.pdb_1QBO.pdb	576	0.493	0.341	0.152	1.65	1.306	0.344	0.529	0.316	0.213	-4.289	1938.638		0
ZINC00588653_51	1C5T.pdb_1GJ6.pdb_1QBO.pdb	573	0.493	0.359	0.134	1.508	1.212	0.296	0.535	0.337	0.197	-3.971	2075.983		0
ZINC03817868_50	1C5T.pdb_1GJ6.pdb_1QBO.pdb	574	0.493	0.377	0.116	1.562	1.29	0.272	0.516	0.347	0.168	-3.384	2135.626		0
ZINC01534671_160	1C5T.pdb_1GJ6.pdb_1QBO.pdb	572	0.493	0.36	0.133	1.547	1.265	0.282	0.535	0.335	0.2	-4.043	2059.056		0
ZINC02378743_148	1C5T.pdb_1GJ6.pdb_1QBO.pdb	577	0.493	0.36	0.133	1.605	1.287	0.318	0.52	0.333	0.186	-3.739	2049.133		0
ZINC02965443_163	1C5T.pdb_1GJ6.pdb_1QBO.pdb	578	0.493	0.361	0.132	1.513	1.194	0.319	0.524	0.341	0.183	-3.668	2098.684		0
ZINC03919661_118	1C5T.pdb_1GJ6.pdb_1QBO.pdb	582	0.493	0.352	0.141	1.596	1.273	0.323	0.527	0.328	0.2	-4.01	2013.621		0
ZINC03804651_56	1C5T.pdb_1GJ6.pdb_1QBO.pdb	584	0.493	0.379	0.114	1.459	1.192	0.267	0.523	0.357	0.165	-3.319	2200.781		0
ZINC01548416_43	1C5T.pdb_1GJ6.pdb_1QBO.pdb	586	0.493	0.355	0.137	1.494	1.23	0.264	0.556	0.333	0.223	-4.539	2048.753		0
ZINC02656913_5	1C5T.pdb_1GJ6.pdb_1QBO.pdb	580	0.493	0.338	0.155	1.549	1.214	0.336	0.542	0.319	0.223	-4.495	1961.638		0
ZINC03367635_151	1C5T.pdb_1GJ6.pdb_1QBO.pdb	581	0.493	0.307	0.187	1.511	1.085	0.425	0.549	0.299	0.25	-5.007	1841.457		0
ZINC03838230_20	1C5T.pdb_1GJ6.pdb_1QBO.pdb	579	0.493	0.332	0.16	1.389	1.069	0.32	0.568	0.326	0.242	-4.907	2005.112		0
ZINC03422554_150	1C5T.pdb_1GJ6.pdb_1QBO.pdb	583	0.493	0.298	0.194	1.53	1.104	0.426	0.554	0.29	0.263	-5.291	1783.917		0
ZINC02128211_148	1C5T.pdb_1GJ6.pdb_1QBO.pdb	590	0.492	0.354	0.138	1.529	1.216	0.313	0.532	0.333	0.198	-3.991	2049.109		0
ZINC01882072_189	1C5T.pdb_1GJ6.pdb_1QBO.pdb	589	0.492	0.314	0.178	1.558	1.127	0.431	0.536	0.304	0.233	-4.656	1866.58		0
ZINC02929230_34	1C5T.pdb_1GJ6.pdb_1QBO.pdb	592	0.492	0.333	0.159	1.584	1.186	0.398	0.527	0.316	0.21	-4.202	1945.451		0
ZINC03924300_151	1C5T.pdb_1GJ6.pdb_1QBO.pdb	591	0.492	0.304	0.188	1.508	1.094	0.414	0.552	0.296	0.256	-5.153	1819.328		0
ZINC00771641_175	1C5T.pdb_1GJ6.pdb_1QBO.pdb	593	0.492	0.361	0.131	1.353	1.085	0.268	0.554	0.352	0.203	-4.109	2167.6		0
ZINC03944065_175	1C5T.pdb_1GJ6.pdb_1QBO.pdb	604	0.492	0.379	0.114	1.519	1.282	0.237	0.529	0.349	0.18	-3.636	2149.106		0
ZINC03851510_91	1C5T.pdb_1GJ6.pdb_1QBO.pdb	603	0.492	0.338	0.154	1.474	1.088	0.387	0.533	0.329	0.204	-4.073	2025.358		0
ZINC04185326_46	1C5T.pdb_1GJ6.pdb_1QBO.pdb	602	0.492	0.353	0.139	1.641	1.306	0.336	0.518	0.326	0.192	-3.852	2001.63		0
ZINC03889560_93	1C5T.pdb_1GJ6.pdb_1QBO.pdb	594	0.492	0.364	0.128	1.601	1.273	0.329	0.51	0.337	0.173	-3.459	2074.287		0
ZINC01760987_114	1C5T.pdb_1GJ6.pdb_1QBO.pdb	595	0.492	0.327	0.165	1.348	1.056	0.292	0.596	0.322	0.275	-5.617	1981.372		0
ZINC02135330_186	1C5T.pdb_1GJ6.pdb_1QBO.pdb	597	0.492	0.328	0.163	1.42	1.083	0.337	0.561	0.32	0.241	-4.86	1972.342		0
ZINC03817609_128	1C5T.pdb_1GJ6.pdb_1QBO.pdb	596	0.492	0.37	0.121	1.46	1.162	0.297	0.522	0.352	0.17	-3.416	2168.61		0
ZINC04185360_61	1C5T.pdb_1GJ6.pdb_1QBO.pdb	600	0.492	0.354	0.139	1.664	1.33	0.334	0.517	0.325	0.191	-3.835	1997.221		0
ZINC00902617_35	1C5T.pdb_1GJ6.pdb_1QBO.pdb	599	0.492	0.384	0.108	1.359	1.141	0.217	0.544	0.367	0.177	-3.602	2261.663		0
ZINC03834144_52	1C5T.pdb_1GJ6.pdb_1QBO.pdb	601	0.492	0.309	0.183	1.393	1.021	0.372	0.572	0.307	0.265	-5.344	1890.215		1
ZINC02129327_44	1C5T.pdb_1GJ6.pdb_1QBO.pdb	598	0.492	0.378	0.115	1.426	1.179	0.247	0.534	0.357	0.176	-3.561	2201.174		0
ZINC02130566_109	1C5T.pdb_1GJ6.pdb_1QBO.pdb	607	0.491	0.328	0.163	1.402	1.065	0.337	0.562	0.322	0.241	-4.86	1980.579		0
ZINC01322331_140	1C5T.pdb_1GJ6.pdb_1QBO.pdb	610	0.491	0.368	0.123	1.462	1.215	0.247	0.543	0.345	0.198	-4.013	2124.547		0
ZINC01494539_114	1C5T.pdb_1GJ6.pdb_1QBO.pdb	608	0.491	0.382	0.109	1.528	1.272	0.256	0.512	0.353	0.159	-3.189	2173.921		0
ZINC03819383_85	1C5T.pdb_1GJ6.pdb_1QBO.pdb	609	0.491	0.323	0.168	1.384	1.023	0.361	0.56	0.321	0.24	-4.832	1975.73		0
ZINC04248905_86	1C5T.pdb_1GJ6.pdb_1QBO.pdb	605	0.491	0.335	0.156	1.558	1.234	0.324	0.546	0.315	0.231	-4.661	1936.554		0
ZINC00841069_129	1C5T.pdb_1GJ6.pdb_1QBO.pdb	606	0.491	0.349	0.142	1.461	1.136	0.325	0.536	0.335	0.201	-4.049	2062.563		0
ZINC02134297_82	1C5T.pdb_1GJ6.pdb_1QBO.pdb	618	0.491	0.354	0.137	1.352	1.072	0.279	0.557	0.346	0.211	-4.274	2132.094		0
ZINC03857535_145	1C5T.pdb_1GJ6.pdb_1QBO.pdb	614	0.491	0.343	0.148	1.491	1.136	0.355	0.533	0.329	0.203	-4.075	2027.986		0
ZINC01893284_90	1C5T.pdb_1GJ6.pdb_1QBO.pdb	616	0.491	0.351	0.14	1.43	1.145	0.285	0.552	0.336	0.216	-4.364	2070.724		0
ZINC03889240_118	1C5T.pdb_1GJ6.pdb_1QBO.pdb	611	0.491	0.345	0.146	1.396	1.103	0.293	0.56	0.334	0.226	-4.577	2059.311		0
ZINC03820286_124	1C5T.pdb_1GJ6.pdb_1QBO.pdb	613	0.491	0.349	0.142	1.512	1.222	0.289	0.546	0.328	0.218	-4.421	2015.45		0
ZINC01548784_127	1C5T.pdb_1GJ6.pdb_1QBO.pdb	612	0.491	0.382	0.109	1.548	1.277	0.271	0.508	0.353	0.155	-3.111	2169.261		0
ZINC00787133_155	1C5T.pdb_1GJ6.pdb_1QBO.pdb	617	0.491	0.367	0.125	1.453	1.179	0.274	0.534	0.347	0.186	-3.755	2137.813		0
ZINC04013834_1	1C5T.pdb_1GJ6.pdb_1QBO.pdb	615	0.491	0.35	0.141	1.6	1.241	0.359	0.516	0.327	0.189	-3.778	2013.044		0
ZINC00588956_9	1C5T.pdb_1GJ6.pdb_1QBO.pdb	621	0.49	0.299	0.191	1.543	1.079	0.464	0.537	0.293	0.245	-4.89	1799.88		0
ZINC02388022_139	1C5T.pdb_1GJ6.pdb_1QBO.pdb	631	0.49	0.364	0.126	1.428	1.181	0.247	0.55	0.345	0.205	-4.16	2124.072		0
ZINC03820514_199	1C5T.pdb_1GJ6.pdb_1QBO.pdb	630	0.49	0.374	0.115	1.492	1.222	0.27	0.518	0.351	0.167	-3.355	2158.08		0
ZINC00902583_177	1C5T.pdb_1GJ6.pdb_1QBO.pdb	624	0.49	0.336	0.154	1.322	1.015	0.307	0.571	0.334	0.236	-4.791	2062.142		0
ZINC03345168_168	1C5T.pdb_1GJ6.pdb_1QBO.pdb	623	0.49	0.351	0.139	1.377	1.103	0.274	0.559	0.34	0.219	-4.448	2096.549		0
ZINC02133048_42	1C5T.pdb_1GJ6.pdb_1QBO.pdb	622	0.49	0.343	0.147	1.601	1.255	0.347	0.524	0.32	0.204	-4.087	1968.163		0
ZINC03820719_87	1C5T.pdb_1GJ6.pdb_1QBO.pdb	619	0.49	0.392	0.099	1.548	1.302	0.246	0.5	0.359	0.141	-2.831	2209.404		0
ZINC03807319_74	1C5T.pdb_1GJ6.pdb_1QBO.pdb	620	0.49	0.337	0.153	1.422	1.103	0.32	0.554	0.327	0.227	-4.589	2010.716		0
ZINC03322733_26	1C5T.pdb_1GJ6.pdb_1QBO.pdb	626	0.49	0.371	0.119	1.638	1.334	0.304	0.503	0.339	0.164	-3.284	2083.489		0
ZINC04619258_170	1C5T.pdb_1GJ6.pdb_1QBO.pdb	625	0.49	0.342	0.147	1.422	1.101	0.321	0.546	0.332	0.214	-4.302	2044.579		0
ZINC02939218_190	1C5T.pdb_1GJ6.pdb_1QBO.pdb	629	0.49	0.304	0.186	1.555	1.145	0.411	0.547	0.293	0.254	-5.108	1799.748		0
ZINC03444529_48	1C5T.pdb_1GJ6.pdb_1QBO.pdb	628	0.49	0.401	0.089	1.668	1.422	0.246	0.48	0.358	0.122	-2.428	2200.795		0
ZINC03841635_2	1C5T.pdb_1GJ6.pdb_1QBO.pdb	627	0.49	0.364	0.127	1.502	1.232	0.27	0.533	0.34	0.192	-3.882	2093.282		0
ZINC00647538_159	1C5T.pdb_1GJ6.pdb_1QBO.pdb	642	0.489	0.336	0.153	1.615	1.251	0.365	0.523	0.314	0.209	-4.188	1931.205		0
ZINC01551243_23	1C5T.pdb_1GJ6.pdb_1QBO.pdb	638	0.489	0.311	0.178	1.661	1.224	0.437	0.525	0.295	0.231	-4.612	1809.055		0
ZINC02616762_70	1C5T.pdb_1GJ6.pdb_1QBO.pdb	632	0.489	0.344	0.145	1.484	1.153	0.331	0.534	0.329	0.205	-4.115	2024.826		0
ZINC02402354_18	1C5T.pdb_1GJ6.pdb_1QBO.pdb	633	0.489	0.368	0.121	1.413	1.16	0.253	0.538	0.351	0.188	-3.794	2159.186		0
ZINC03840219_168	1C5T.pdb_1GJ6.pdb_1QBO.pdb	646	0.489	0.374	0.114	1.572	1.325	0.247	0.518	0.343	0.175	-3.543	2106.43		0
ZINC02160908_119	1C5T.pdb_1GJ6.pdb_1QBO.pdb	643	0.489	0.37	0.119	1.57	1.283	0.287	0.511	0.342	0.169	-3.386	2103.444		0
ZINC03891132_122	1C5T.pdb_1GJ6.pdb_1QBO.pdb	635	0.489	0.334	0.155	1.43	1.131	0.298	0.565	0.321	0.243	-4.945	1977.72		0
ZINC04289438_134	1C5T.pdb_1GJ6.pdb_1QBO.pdb	636	0.489	0.295	0.194	1.645	1.174	0.471	0.531	0.282	0.249	-4.972	1732.995		0
ZINC04383607_116	1C5T.pdb_1GJ6.pdb_1QBO.pdb	637	0.489	0.351	0.138	1.44	1.137	0.303	0.539	0.337	0.202	-4.062	2075.1		0
ZINC03271207_14	1C5T.pdb_1GJ6.pdb_1QBO.pdb	641	0.489	0.302	0.187	1.57	1.12	0.45	0.536	0.292	0.243	-4.863	1797.307		0
ZINC03336530_162	1C5T.pdb_1GJ6.pdb_1QBO.pdb	640	0.489	0.35	0.139	1.747	1.394	0.353	0.505	0.319	0.186	-3.717	1956.528		0
ZINC01124510_94	1C5T.pdb_1GJ6.pdb_1QBO.pdb	639	0.489	0.341	0.148	1.541	1.191	0.349	0.528	0.323	0.205	-4.105	1987.329		0
ZINC04147305_126	1C5T.pdb_1GJ6.pdb_1QBO.pdb	634	0.489	0.405	0.084	1.322	1.158	0.164	0.53	0.384	0.146	-2.98	2368.638		0
ZINC03842254_93	1C5T.pdb_1GJ6.pdb_1QBO.pdb	645	0.489	0.277	0.212	1.33	0.909	0.421	0.584	0.285	0.299	-6.047	1754.806		0
ZINC04619145_132	1C5T.pdb_1GJ6.pdb_1QBO.pdb	644	0.489	0.347	0.142	1.572	1.212	0.361	0.517	0.327	0.19	-3.804	2009.162		0
ZINC03820960_73	1C5T.pdb_1GJ6.pdb_1QBO.pdb	647	0.488	0.369	0.119	1.427	1.161	0.267	0.528	0.351	0.177	-3.574	2160.433		0
ZINC03822342_139	1C5T.pdb_1GJ6.pdb_1QBO.pdb	654	0.488	0.322	0.166	1.466	1.135	0.33	0.56	0.31	0.25	-5.056	1909.38		0
ZINC03368360_36	1C5T.pdb_1GJ6.pdb_1QBO.pdb	653	0.488	0.378	0.11	1.648	1.366	0.282	0.496	0.343	0.152	-3.047	2108.922		0
ZINC00762710_77	1C5T.pdb_1GJ6.pdb_1QBO.pdb	652	0.488	0.341	0.147	1.565	1.193	0.372	0.519	0.323	0.196	-3.921	1984.626		0
ZINC03820286_148	1C5T.pdb_1GJ6.pdb_1QBO.pdb	651	0.488	0.346	0.142	1.503	1.214	0.289	0.544	0.326	0.218	-4.415	2003.685		0
ZINC02970965_6	1C5T.pdb_1GJ6.pdb_1QBO.pdb	650	0.488	0.334	0.155	1.477	1.127	0.35	0.538	0.322	0.217	-4.358	1978.926		0
ZINC01893284_104	1C5T.pdb_1GJ6.pdb_1QBO.pdb	648	0.488	0.334	0.153	1.412	1.103	0.309	0.557	0.324	0.233	-4.725	1995.185		0
ZINC02195813_97	1C5T.pdb_1GJ6.pdb_1QBO.pdb	649	0.488	0.364	0.125	1.425	1.151	0.274	0.533	0.347	0.186	-3.755	2137.893		0
ZINC02640284_98	1C5T.pdb_1GJ6.pdb_1QBO.pdb	673	0.487	0.347	0.14	1.482	1.16	0.322	0.53	0.331	0.199	-4.006	2036.462		0
ZINC03571166_37	1C5T.pdb_1GJ6.pdb_1QBO.pdb	657	0.487	0.374	0.113	1.594	1.301	0.293	0.499	0.344	0.154	-3.089	2117.279		0
ZINC03819389_116	1C5T.pdb_1GJ6.pdb_1QBO.pdb	658	0.487	0.353	0.134	1.525	1.182	0.344	0.516	0.335	0.181	-3.617	2060.024		0
ZINC02656321_29	1C5T.pdb_1GJ6.pdb_1QBO.pdb	655	0.487	0.372	0.115	1.588	1.309	0.279	0.506	0.342	0.164	-3.283	2103.0		0
ZINC01882071_167	1C5T.pdb_1GJ6.pdb_1QBO.pdb	656	0.487	0.362	0.125	1.542	1.226	0.316	0.51	0.339	0.171	-3.416	2087.751		0
ZINC03517672_33	1C5T.pdb_1GJ6.pdb_1QBO.pdb	666	0.487	0.382	0.104	1.493	1.234	0.259	0.505	0.357	0.149	-2.977	2194.53		0
ZINC02315723_87	1C5T.pdb_1GJ6.pdb_1QBO.pdb	682	0.487	0.381	0.107	1.49	1.249	0.241	0.514	0.354	0.16	-3.228	2177.067		0
ZINC03991702_146	1C5T.pdb_1GJ6.pdb_1QBO.pdb	683	0.487	0.342	0.145	1.617	1.269	0.347	0.518	0.319	0.199	-3.999	1957.156		0
ZINC03294945_63	1C5T.pdb_1GJ6.pdb_1QBO.pdb	663	0.487	0.371	0.116	1.64	1.326	0.314	0.495	0.34	0.155	-3.098	2089.156		0
ZINC04620315_3	1C5T.pdb_1GJ6.pdb_1QBO.pdb	664	0.487	0.366	0.121	1.426	1.17	0.257	0.533	0.348	0.186	-3.752	2140.528		0
ZINC03240845_196	1C5T.pdb_1GJ6.pdb_1QBO.pdb	662	0.487	0.344	0.143	1.525	1.186	0.339	0.525	0.326	0.199	-3.986	2006.032		0
ZINC02352409_10	1C5T.pdb_1GJ6.pdb_1QBO.pdb	661	0.487	0.361	0.126	1.441	1.194	0.247	0.546	0.341	0.205	-4.16	2098.952		0
ZINC03818900_150	1C5T.pdb_1GJ6.pdb_1QBO.pdb	660	0.487	0.318	0.169	1.522	1.159	0.362	0.545	0.305	0.24	-4.843	1874.527		0
ZINC03796166_74	1C5T.pdb_1GJ6.pdb_1QBO.pdb	659	0.487	0.362	0.125	1.435	1.144	0.292	0.527	0.346	0.18	-3.625	2132.815		0
ZINC00921242_127	1C5T.pdb_1GJ6.pdb_1QBO.pdb	665	0.487	0.345	0.142	1.314	1.028	0.286	0.562	0.341	0.221	-4.47	2105.97		0
ZINC03989555_33	1C5T.pdb_1GJ6.pdb_1QBO.pdb	672	0.487	0.356	0.131	1.47	1.18	0.29	0.531	0.338	0.193	-3.887	2080.214		0
ZINC03800699_22	1C5T.pdb_1GJ6.pdb_1QBO.pdb	671	0.487	0.292	0.195	1.589	1.116	0.472	0.532	0.283	0.249	-4.981	1739.213		0
ZINC03971724_190	1C5T.pdb_1GJ6.pdb_1QBO.pdb	670	0.487	0.35	0.137	1.572	1.241	0.332	0.518	0.328	0.19	-3.806	2014.717		0
ZINC02138809_144	1C5T.pdb_1GJ6.pdb_1QBO.pdb	669	0.487	0.321	0.166	1.389	1.048	0.341	0.56	0.316	0.244	-4.927	1949.125		0
ZINC02604748_193	1C5T.pdb_1GJ6.pdb_1QBO.pdb	668	0.487	0.332	0.155	1.433	1.122	0.311	0.556	0.321	0.235	-4.76	1973.571		0
ZINC03832371_74	1C5T.pdb_1GJ6.pdb_1QBO.pdb	667	0.487	0.343	0.145	1.342	1.038	0.304	0.555	0.339	0.216	-4.365	2088.128		1
ZINC02686580_17	1C5T.pdb_1GJ6.pdb_1QBO.pdb	674	0.487	0.357	0.13	1.46	1.159	0.301	0.526	0.34	0.186	-3.739	2093.01		0
ZINC00602703_14	1C5T.pdb_1GJ6.pdb_1QBO.pdb	680	0.487	0.353	0.134	1.506	1.197	0.308	0.525	0.334	0.191	-3.84	2053.118		0
ZINC03344411_155	1C5T.pdb_1GJ6.pdb_1QBO.pdb	675	0.487	0.355	0.132	1.611	1.279	0.332	0.509	0.33	0.179	-3.59	2026.38		0
ZINC03867337_104	1C5T.pdb_1GJ6.pdb_1QBO.pdb	677	0.487	0.375	0.112	1.435	1.182	0.253	0.523	0.354	0.168	-3.392	2182.074		0
ZINC02234225_75	1C5T.pdb_1GJ6.pdb_1QBO.pdb	676	0.487	0.348	0.139	1.519	1.204	0.315	0.528	0.329	0.199	-4.009	2022.451		0
ZINC02242819_76	1C5T.pdb_1GJ6.pdb_1QBO.pdb	681	0.487	0.353	0.133	1.508	1.241	0.267	0.541	0.331	0.21	-4.256	2033.078		0
ZINC02375333_127	1C5T.pdb_1GJ6.pdb_1QBO.pdb	679	0.487	0.367	0.12	1.596	1.307	0.289	0.508	0.338	0.169	-3.399	2077.651		0
ZINC03990238_88	1C5T.pdb_1GJ6.pdb_1QBO.pdb	678	0.487	0.359	0.129	1.394	1.119	0.275	0.541	0.346	0.195	-3.938	2128.989		0
ZINC03841621_27	1C5T.pdb_1GJ6.pdb_1QBO.pdb	690	0.486	0.344	0.143	1.379	1.098	0.28	0.558	0.334	0.225	-4.559	2054.761		0
ZINC00579071_26	1C5T.pdb_1GJ6.pdb_1QBO.pdb	699	0.486	0.35	0.136	1.509	1.181	0.328	0.521	0.332	0.188	-3.775	2044.154		0
ZINC02199684_130	1C5T.pdb_1GJ6.pdb_1QBO.pdb	687	0.486	0.338	0.148	1.456	1.102	0.354	0.531	0.328	0.203	-4.063	2020.567		0
ZINC02965440_137	1C5T.pdb_1GJ6.pdb_1QBO.pdb	684	0.486	0.369	0.117	1.5	1.213	0.287	0.511	0.346	0.165	-3.304	2131.456		0
ZINC02689023_109	1C5T.pdb_1GJ6.pdb_1QBO.pdb	685	0.486	0.376	0.11	1.519	1.261	0.259	0.51	0.349	0.161	-3.235	2146.567		0
ZINC03987062_55	1C5T.pdb_1GJ6.pdb_1QBO.pdb	686	0.486	0.37	0.116	1.337	1.112	0.225	0.55	0.356	0.194	-3.943	2197.927		0
ZINC02373588_198	1C5T.pdb_1GJ6.pdb_1QBO.pdb	689	0.486	0.372	0.114	1.618	1.34	0.278	0.503	0.34	0.163	-3.267	2086.636		0
ZINC04464507_23	1C5T.pdb_1GJ6.pdb_1QBO.pdb	688	0.486	0.352	0.134	1.441	1.157	0.284	0.538	0.336	0.202	-4.071	2069.713		0
ZINC03854116_174	1C5T.pdb_1GJ6.pdb_1QBO.pdb	698	0.486	0.341	0.146	1.529	1.161	0.368	0.52	0.325	0.194	-3.88	2002.479		0
ZINC03406200_184	1C5T.pdb_1GJ6.pdb_1QBO.pdb	696	0.486	0.363	0.123	1.666	1.333	0.332	0.497	0.333	0.164	-3.277	2042.825		0
ZINC03840224_134	1C5T.pdb_1GJ6.pdb_1QBO.pdb	691	0.486	0.32	0.166	1.514	1.157	0.357	0.544	0.307	0.238	-4.786	1884.918		0
ZINC03966147_40	1C5T.pdb_1GJ6.pdb_1QBO.pdb	693	0.486	0.297	0.189	1.519	1.058	0.461	0.535	0.292	0.243	-4.856	1797.001		0
ZINC04464474_150	1C5T.pdb_1GJ6.pdb_1QBO.pdb	692	0.486	0.326	0.16	1.45	1.089	0.361	0.541	0.317	0.224	-4.494	1951.935		0
ZINC01076216_118	1C5T.pdb_1GJ6.pdb_1QBO.pdb	697	0.486	0.314	0.172	1.543	1.146	0.396	0.535	0.302	0.232	-4.659	1857.881		0
ZINC03857579_150	1C5T.pdb_1GJ6.pdb_1QBO.pdb	695	0.486	0.326	0.16	1.45	1.089	0.361	0.541	0.317	0.224	-4.494	1951.935		0
ZINC00602703_14	1C5T.pdb_1GJ6.pdb_1QBO.pdb	694	0.486	0.359	0.126	1.506	1.212	0.293	0.52	0.338	0.182	-3.654	2078.635		0
ZINC00975901_194	1C5T.pdb_1GJ6.pdb_1QBO.pdb	706	0.485	0.315	0.17	1.501	1.138	0.364	0.546	0.303	0.242	-4.879	1865.36		0
ZINC03333552_117	1C5T.pdb_1GJ6.pdb_1QBO.pdb	707	0.485	0.348	0.137	1.495	1.183	0.312	0.527	0.33	0.197	-3.963	2030.485		0
ZINC02370635_43	1C5T.pdb_1GJ6.pdb_1QBO.pdb	703	0.485	0.321	0.164	1.586	1.204	0.381	0.528	0.305	0.223	-4.482	1871.444		0
ZINC03834177_130	1C5T.pdb_1GJ6.pdb_1QBO.pdb	700	0.485	0.321	0.164	1.442	1.073	0.368	0.542	0.314	0.228	-4.584	1931.179		1
ZINC03351334_132	1C5T.pdb_1GJ6.pdb_1QBO.pdb	701	0.485	0.357	0.129	1.617	1.286	0.33	0.505	0.331	0.174	-3.478	2031.524		0
ZINC03819552_57	1C5T.pdb_1GJ6.pdb_1QBO.pdb	702	0.485	0.318	0.167	1.506	1.173	0.333	0.555	0.304	0.251	-5.088	1866.559		0
ZINC03802013_97	1C5T.pdb_1GJ6.pdb_1QBO.pdb	705	0.485	0.289	0.196	1.589	1.113	0.476	0.531	0.281	0.251	-5.014	1724.213		0
ZINC03838510_80	1C5T.pdb_1GJ6.pdb_1QBO.pdb	704	0.485	0.319	0.166	1.574	1.217	0.356	0.538	0.302	0.237	-4.767	1853.316		0
ZINC04355779_189	1C5T.pdb_1GJ6.pdb_1QBO.pdb	710	0.485	0.374	0.111	1.458	1.216	0.241	0.522	0.351	0.171	-3.459	2157.528		0
ZINC03928140_98	1C5T.pdb_1GJ6.pdb_1QBO.pdb	709	0.485	0.339	0.146	1.591	1.258	0.333	0.524	0.317	0.207	-4.154	1947.001		0
ZINC03304729_128	1C5T.pdb_1GJ6.pdb_1QBO.pdb	708	0.485	0.318	0.167	1.508	1.139	0.369	0.54	0.306	0.233	-4.695	1884.286		0
ZINC00902581_61	1C5T.pdb_1GJ6.pdb_1QBO.pdb	722	0.484	0.336	0.148	1.312	1.016	0.296	0.563	0.334	0.228	-4.628	2062.472		0
ZINC03955215_170	1C5T.pdb_1GJ6.pdb_1QBO.pdb	717	0.484	0.358	0.127	1.507	1.225	0.282	0.523	0.336	0.187	-3.77	2063.561		0
ZINC03857957_126	1C5T.pdb_1GJ6.pdb_1QBO.pdb	711	0.484	0.325	0.16	1.433	1.072	0.361	0.541	0.318	0.223	-4.484	1955.537		0
ZINC03919972_126	1C5T.pdb_1GJ6.pdb_1QBO.pdb	713	0.484	0.347	0.137	1.43	1.114	0.316	0.53	0.335	0.195	-3.928	2062.069		0
ZINC01893381_56	1C5T.pdb_1GJ6.pdb_1QBO.pdb	712	0.484	0.356	0.128	1.557	1.261	0.296	0.515	0.331	0.183	-3.687	2037.439		0
ZINC03990227_196	1C5T.pdb_1GJ6.pdb_1QBO.pdb	723	0.484	0.359	0.124	1.528	1.251	0.277	0.519	0.335	0.184	-3.71	2059.914		0
ZINC01485988_29	1C5T.pdb_1GJ6.pdb_1QBO.pdb	721	0.484	0.349	0.135	1.51	1.199	0.312	0.523	0.33	0.193	-3.875	2027.916		0
ZINC02964504_183	1C5T.pdb_1GJ6.pdb_1QBO.pdb	715	0.484	0.367	0.117	1.479	1.192	0.287	0.511	0.347	0.165	-3.304	2133.406		0
ZINC03890764_22	1C5T.pdb_1GJ6.pdb_1QBO.pdb	716	0.484	0.303	0.181	1.535	1.114	0.422	0.535	0.294	0.241	-4.84	1804.289		0
ZINC04469620_126	1C5T.pdb_1GJ6.pdb_1QBO.pdb	718	0.484	0.325	0.16	1.433	1.072	0.361	0.541	0.318	0.223	-4.484	1955.537		0
ZINC03840213_105	1C5T.pdb_1GJ6.pdb_1QBO.pdb	719	0.484	0.346	0.138	1.503	1.21	0.293	0.534	0.326	0.208	-4.198	2006.857		0
ZINC03857491_44	1C5T.pdb_1GJ6.pdb_1QBO.pdb	720	0.484	0.336	0.148	1.418	1.063	0.355	0.532	0.329	0.203	-4.073	2027.995		0
ZINC02700318_49	1C5T.pdb_1GJ6.pdb_1QBO.pdb	714	0.484	0.348	0.136	1.42	1.132	0.288	0.539	0.334	0.205	-4.136	2057.436		0
ZINC03834178_196	1C5T.pdb_1GJ6.pdb_1QBO.pdb	729	0.483	0.326	0.157	1.39	1.064	0.326	0.551	0.32	0.232	-4.677	1969.531		1
ZINC03838808_112	1C5T.pdb_1GJ6.pdb_1QBO.pdb	738	0.483	0.342	0.141	1.595	1.285	0.31	0.524	0.318	0.206	-4.15	1952.603		0
ZINC04079213_193	1C5T.pdb_1GJ6.pdb_1QBO.pdb	745	0.483	0.328	0.154	1.534	1.167	0.367	0.524	0.314	0.21	-4.213	1928.325		0
ZINC04200773_32	1C5T.pdb_1GJ6.pdb_1QBO.pdb	740	0.483	0.362	0.121	1.429	1.146	0.283	0.521	0.346	0.175	-3.518	2130.27		0
ZINC03807318_160	1C5T.pdb_1GJ6.pdb_1QBO.pdb	739	0.483	0.322	0.161	1.424	1.076	0.347	0.546	0.315	0.231	-4.653	1937.867		0
ZINC00842699_177	1C5T.pdb_1GJ6.pdb_1QBO.pdb	743	0.483	0.379	0.103	1.544	1.288	0.256	0.497	0.35	0.147	-2.944	2151.267		0
ZINC03350269_97	1C5T.pdb_1GJ6.pdb_1QBO.pdb	742	0.483	0.336	0.147	1.425	1.103	0.322	0.539	0.326	0.214	-4.305	2004.312		0
ZINC03981634_129	1C5T.pdb_1GJ6.pdb_1QBO.pdb	744	0.483	0.317	0.166	1.32	1.0	0.32	0.573	0.317	0.256	-5.195	1954.55		0
ZINC00902542_35	1C5T.pdb_1GJ6.pdb_1QBO.pdb	741	0.483	0.366	0.117	1.452	1.193	0.259	0.521	0.345	0.176	-3.541	2125.512		0
ZINC01107129_111	1C5T.pdb_1GJ6.pdb_1QBO.pdb	737	0.483	0.36	0.124	1.453	1.189	0.265	0.529	0.34	0.188	-3.8	2094.792		0
ZINC04340537_87	1C5T.pdb_1GJ6.pdb_1QBO.pdb	736	0.483	0.363	0.12	1.513	1.256	0.258	0.521	0.338	0.183	-3.699	2078.234		0
ZINC03596757_10	1C5T.pdb_1GJ6.pdb_1QBO.pdb	735	0.483	0.347	0.135	1.402	1.126	0.277	0.543	0.334	0.209	-4.231	2059.152		0
ZINC03890763_180	1C5T.pdb_1GJ6.pdb_1QBO.pdb	734	0.483	0.355	0.128	1.567	1.257	0.311	0.509	0.331	0.178	-3.567	2035.4		0
ZINC03575230_94	1C5T.pdb_1GJ6.pdb_1QBO.pdb	733	0.483	0.327	0.156	1.685	1.3	0.384	0.511	0.304	0.207	-4.146	1866.637		0
ZINC03857086_103	1C5T.pdb_1GJ6.pdb_1QBO.pdb	732	0.483	0.334	0.148	1.448	1.093	0.355	0.528	0.325	0.203	-4.073	2001.874		0
ZINC01425983_199	1C5T.pdb_1GJ6.pdb_1QBO.pdb	731	0.483	0.358	0.125	1.566	1.243	0.323	0.505	0.334	0.17	-3.402	2055.828		0
ZINC02964624_190	1C5T.pdb_1GJ6.pdb_1QBO.pdb	730	0.483	0.37	0.113	1.46	1.195	0.265	0.513	0.349	0.164	-3.304	2145.745		0
ZINC02656475_44	1C5T.pdb_1GJ6.pdb_1QBO.pdb	724	0.483	0.358	0.126	1.573	1.271	0.302	0.51	0.332	0.177	-3.553	2042.631		0
ZINC04236675_138	1C5T.pdb_1GJ6.pdb_1QBO.pdb	726	0.483	0.334	0.148	1.47	1.132	0.338	0.531	0.322	0.209	-4.203	1980.402		0
ZINC03919845_124	1C5T.pdb_1GJ6.pdb_1QBO.pdb	727	0.483	0.361	0.123	1.496	1.242	0.254	0.529	0.337	0.192	-3.887	2072.303		0
ZINC01534350_129	1C5T.pdb_1GJ6.pdb_1QBO.pdb	725	0.483	0.348	0.135	1.457	1.15	0.306	0.527	0.333	0.194	-3.9	2050.802		0
ZINC03834149_149	1C5T.pdb_1GJ6.pdb_1QBO.pdb	728	0.483	0.334	0.149	1.397	1.085	0.312	0.548	0.326	0.222	-4.484	2005.639		1
ZINC03311920_178	1C5T.pdb_1GJ6.pdb_1QBO.pdb	756	0.482	0.318	0.164	1.622	1.188	0.434	0.511	0.303	0.208	-4.153	1859.494		0
ZINC03226787_179	1C5T.pdb_1GJ6.pdb_1QBO.pdb	746	0.482	0.354	0.128	1.536	1.229	0.306	0.512	0.332	0.18	-3.607	2042.339		0
ZINC02964623_126	1C5T.pdb_1GJ6.pdb_1QBO.pdb	747	0.482	0.369	0.113	1.46	1.194	0.265	0.513	0.348	0.164	-3.304	2145.265		0
ZINC03319105_41	1C5T.pdb_1GJ6.pdb_1QBO.pdb	753	0.482	0.344	0.137	1.565	1.25	0.315	0.518	0.322	0.195	-3.923	1980.557		0
ZINC01840067_156	1C5T.pdb_1GJ6.pdb_1QBO.pdb	752	0.482	0.353	0.13	1.434	1.147	0.287	0.528	0.337	0.191	-3.849	2076.61		0
ZINC03800681_159	1C5T.pdb_1GJ6.pdb_1QBO.pdb	751	0.482	0.316	0.166	1.411	1.038	0.373	0.543	0.312	0.231	-4.633	1924.255		0
ZINC04240331_191	1C5T.pdb_1GJ6.pdb_1QBO.pdb	750	0.482	0.36	0.122	1.594	1.309	0.285	0.508	0.331	0.176	-3.54	2035.81		0
ZINC02846329_156	1C5T.pdb_1GJ6.pdb_1QBO.pdb	749	0.482	0.331	0.151	1.609	1.213	0.396	0.509	0.313	0.195	-3.901	1923.886		0
ZINC04222192_169	1C5T.pdb_1GJ6.pdb_1QBO.pdb	748	0.482	0.338	0.144	1.442	1.126	0.316	0.536	0.326	0.21	-4.229	2005.323		0
ZINC00902604_147	1C5T.pdb_1GJ6.pdb_1QBO.pdb	754	0.482	0.33	0.152	1.351	1.037	0.314	0.554	0.326	0.228	-4.604	2009.342		0
ZINC03820048_40	1C5T.pdb_1GJ6.pdb_1QBO.pdb	755	0.482	0.394	0.088	1.617	1.396	0.222	0.482	0.355	0.127	-2.546	2178.115		0
ZINC02689021_199	1C5T.pdb_1GJ6.pdb_1QBO.pdb	766	0.481	0.369	0.112	1.507	1.244	0.263	0.507	0.344	0.163	-3.28	2116.939		0
ZINC01081705_156	1C5T.pdb_1GJ6.pdb_1QBO.pdb	765	0.481	0.318	0.163	1.545	1.161	0.384	0.525	0.305	0.22	-4.412	1872.289		0
ZINC03538146_186	1C5T.pdb_1GJ6.pdb_1QBO.pdb	764	0.481	0.327	0.154	1.628	1.247	0.38	0.513	0.307	0.206	-4.112	1887.242		0
ZINC03928143_132	1C5T.pdb_1GJ6.pdb_1QBO.pdb	763	0.481	0.359	0.123	1.53	1.257	0.273	0.516	0.334	0.182	-3.667	2054.306		0
ZINC03780338_13	1C5T.pdb_1GJ6.pdb_1QBO.pdb	762	0.481	0.339	0.142	1.339	1.088	0.251	0.576	0.33	0.246	-5.04	2031.999		0
ZINC03891128_153	1C5T.pdb_1GJ6.pdb_1QBO.pdb	768	0.481	0.358	0.123	1.415	1.185	0.23	0.548	0.339	0.208	-4.254	2088.91		0
ZINC03972824_136	1C5T.pdb_1GJ6.pdb_1QBO.pdb	767	0.481	0.315	0.166	1.427	1.084	0.343	0.551	0.308	0.244	-4.92	1893.264		0
ZINC03406080_141	1C5T.pdb_1GJ6.pdb_1QBO.pdb	769	0.481	0.379	0.102	1.485	1.266	0.22	0.51	0.351	0.159	-3.214	2161.783		0
ZINC03834181_16	1C5T.pdb_1GJ6.pdb_1QBO.pdb	761	0.481	0.321	0.161	1.465	1.118	0.347	0.541	0.31	0.231	-4.644	1907.274		1
ZINC03325703_177	1C5T.pdb_1GJ6.pdb_1QBO.pdb	757	0.481	0.346	0.135	1.746	1.38	0.367	0.492	0.316	0.176	-3.512	1940.141		0
ZINC03368208_98	1C5T.pdb_1GJ6.pdb_1QBO.pdb	759	0.481	0.356	0.125	1.573	1.273	0.301	0.507	0.331	0.176	-3.538	2033.265		0
ZINC03834180_167	1C5T.pdb_1GJ6.pdb_1QBO.pdb	760	0.481	0.356	0.125	1.354	1.086	0.268	0.536	0.346	0.19	-3.843	2133.856		1
ZINC01854025_128	1C5T.pdb_1GJ6.pdb_1QBO.pdb	770	0.481	0.33	0.151	1.422	1.139	0.283	0.561	0.317	0.244	-4.963	1950.173		0
ZINC03969853_21	1C5T.pdb_1GJ6.pdb_1QBO.pdb	758	0.481	0.348	0.133	1.582	1.261	0.322	0.509	0.325	0.184	-3.694	1996.151		0
ZINC04411389_145	1C5T.pdb_1GJ6.pdb_1QBO.pdb	785	0.48	0.349	0.131	1.41	1.131	0.279	0.533	0.335	0.198	-3.996	2064.283		0
ZINC02221828_173	1C5T.pdb_1GJ6.pdb_1QBO.pdb	788	0.48	0.362	0.117	1.421	1.169	0.252	0.524	0.344	0.18	-3.632	2120.191		0
ZINC03421500_70	1C5T.pdb_1GJ6.pdb_1QBO.pdb	791	0.48	0.292	0.189	1.484	1.055	0.429	0.539	0.287	0.252	-5.05	1766.556		0
ZINC03344380_149	1C5T.pdb_1GJ6.pdb_1QBO.pdb	787	0.48	0.327	0.154	1.58	1.2	0.38	0.515	0.31	0.205	-4.104	1902.975		0
ZINC01070385_0	1C5T.pdb_1GJ6.pdb_1QBO.pdb	774	0.48	0.354	0.126	1.435	1.172	0.263	0.531	0.336	0.195	-3.937	2069.605		0
ZINC00902610_195	1C5T.pdb_1GJ6.pdb_1QBO.pdb	786	0.48	0.328	0.152	1.33	1.016	0.314	0.554	0.326	0.228	-4.604	2009.48		0
ZINC03840233_157	1C5T.pdb_1GJ6.pdb_1QBO.pdb	784	0.48	0.351	0.128	1.449	1.184	0.264	0.533	0.333	0.2	-4.042	2050.177		0
ZINC00818706_49	1C5T.pdb_1GJ6.pdb_1QBO.pdb	777	0.48	0.326	0.154	1.425	1.104	0.321	0.545	0.316	0.228	-4.609	1947.029		0
ZINC02586497_67	1C5T.pdb_1GJ6.pdb_1QBO.pdb	778	0.48	0.352	0.128	1.568	1.271	0.296	0.511	0.327	0.183	-3.687	2010.536		0
ZINC04003611_188	1C5T.pdb_1GJ6.pdb_1QBO.pdb	776	0.48	0.398	0.083	1.539	1.355	0.184	0.491	0.36	0.13	-2.635	2214.203		0
ZINC02952339_150	1C5T.pdb_1GJ6.pdb_1QBO.pdb	779	0.48	0.307	0.173	1.531	1.127	0.404	0.529	0.297	0.232	-4.642	1825.534		0
ZINC02596318_153	1C5T.pdb_1GJ6.pdb_1QBO.pdb	780	0.48	0.329	0.151	1.421	1.138	0.283	0.56	0.316	0.244	-4.963	1946.715		0
ZINC00769609_182	1C5T.pdb_1GJ6.pdb_1QBO.pdb	781	0.48	0.312	0.168	1.306	0.96	0.347	0.563	0.316	0.247	-4.984	1947.827		0
ZINC01728479_5	1C5T.pdb_1GJ6.pdb_1QBO.pdb	782	0.48	0.397	0.084	1.515	1.313	0.202	0.487	0.362	0.125	-2.515	2228.308		0
ZINC02968910_131	1C5T.pdb_1GJ6.pdb_1QBO.pdb	783	0.48	0.362	0.118	1.539	1.262	0.276	0.508	0.336	0.172	-3.447	2068.105		0
ZINC03867781_195	1C5T.pdb_1GJ6.pdb_1QBO.pdb	771	0.48	0.344	0.136	1.52	1.231	0.288	0.528	0.323	0.205	-4.142	1983.781		0
ZINC03840254_136	1C5T.pdb_1GJ6.pdb_1QBO.pdb	794	0.48	0.328	0.151	1.488	1.182	0.306	0.544	0.313	0.231	-4.675	1921.81		0
ZINC03977167_38	1C5T.pdb_1GJ6.pdb_1QBO.pdb	773	0.48	0.31	0.17	1.411	1.091	0.32	0.568	0.302	0.265	-5.392	1860.524		0
ZINC03840253_136	1C5T.pdb_1GJ6.pdb_1QBO.pdb	772	0.48	0.328	0.152	1.49	1.184	0.306	0.543	0.312	0.231	-4.674	1920.701		0
ZINC03857608_111	1C5T.pdb_1GJ6.pdb_1QBO.pdb	795	0.48	0.332	0.148	1.425	1.07	0.355	0.528	0.325	0.203	-4.073	2001.253		0
ZINC03670334_170	1C5T.pdb_1GJ6.pdb_1QBO.pdb	789	0.48	0.349	0.131	1.414	1.135	0.279	0.533	0.335	0.198	-4.001	2064.589		0
ZINC03915830_111	1C5T.pdb_1GJ6.pdb_1QBO.pdb	790	0.48	0.337	0.142	1.334	1.034	0.3	0.546	0.334	0.213	-4.297	2057.739		0
ZINC02136680_164	1C5T.pdb_1GJ6.pdb_1QBO.pdb	775	0.48	0.322	0.157	1.368	1.053	0.315	0.556	0.317	0.239	-4.837	1953.846		0
ZINC03323121_161	1C5T.pdb_1GJ6.pdb_1QBO.pdb	793	0.48	0.376	0.104	1.541	1.272	0.269	0.493	0.348	0.145	-2.905	2141.907		0
ZINC03351758_110	1C5T.pdb_1GJ6.pdb_1QBO.pdb	792	0.48	0.336	0.144	1.592	1.227	0.364	0.509	0.317	0.192	-3.837	1945.543		0
ZINC03857636_163	1C5T.pdb_1GJ6.pdb_1QBO.pdb	801	0.479	0.34	0.139	1.426	1.107	0.319	0.527	0.329	0.197	-3.968	2026.18		0
ZINC03993149_186	1C5T.pdb_1GJ6.pdb_1QBO.pdb	799	0.479	0.325	0.155	1.439	1.119	0.319	0.545	0.314	0.231	-4.669	1929.793		0
ZINC03990230_75	1C5T.pdb_1GJ6.pdb_1QBO.pdb	796	0.479	0.333	0.146	1.514	1.181	0.333	0.523	0.317	0.206	-4.139	1946.877		0
ZINC03838485_167	1C5T.pdb_1GJ6.pdb_1QBO.pdb	800	0.479	0.335	0.144	1.548	1.233	0.315	0.525	0.315	0.209	-4.22	1937.92		0
ZINC00770809_84	1C5T.pdb_1GJ6.pdb_1QBO.pdb	802	0.479	0.345	0.133	1.31	1.037	0.273	0.548	0.341	0.207	-4.185	2105.062		0
ZINC03840253_107	1C5T.pdb_1GJ6.pdb_1QBO.pdb	797	0.479	0.363	0.116	1.518	1.276	0.242	0.519	0.336	0.183	-3.705	2067.392		0
ZINC03973000_149	1C5T.pdb_1GJ6.pdb_1QBO.pdb	807	0.479	0.358	0.12	1.553	1.295	0.258	0.515	0.331	0.183	-3.704	2036.173		0
ZINC03821284_78	1C5T.pdb_1GJ6.pdb_1QBO.pdb	806	0.479	0.335	0.144	1.529	1.201	0.329	0.521	0.317	0.204	-4.09	1948.465		0
ZINC04464501_163	1C5T.pdb_1GJ6.pdb_1QBO.pdb	805	0.479	0.34	0.139	1.426	1.107	0.319	0.527	0.329	0.197	-3.968	2026.18		0
ZINC03815827_84	1C5T.pdb_1GJ6.pdb_1QBO.pdb	803	0.479	0.331	0.147	1.321	1.012	0.309	0.549	0.33	0.219	-4.429	2036.187		1
ZINC02652344_108	1C5T.pdb_1GJ6.pdb_1QBO.pdb	804	0.479	0.315	0.163	1.592	1.186	0.406	0.515	0.301	0.214	-4.285	1846.589		0
ZINC03867408_73	1C5T.pdb_1GJ6.pdb_1QBO.pdb	808	0.479	0.279	0.2	1.491	1.055	0.436	0.545	0.275	0.27	-5.433	1690.405		0
ZINC03914355_37	1C5T.pdb_1GJ6.pdb_1QBO.pdb	809	0.479	0.363	0.116	1.284	1.078	0.206	0.564	0.353	0.21	-4.318	2180.195		0
ZINC04236709_32	1C5T.pdb_1GJ6.pdb_1QBO.pdb	798	0.479	0.305	0.174	1.387	1.017	0.371	0.55	0.304	0.246	-4.959	1870.887		0
ZINC02652264_9	1C5T.pdb_1GJ6.pdb_1QBO.pdb	820	0.478	0.32	0.158	1.475	1.133	0.342	0.536	0.308	0.228	-4.584	1893.92		0
ZINC03968719_103	1C5T.pdb_1GJ6.pdb_1QBO.pdb	821	0.478	0.319	0.159	1.627	1.23	0.397	0.511	0.301	0.209	-4.187	1848.995		0
ZINC04464188_113	1C5T.pdb_1GJ6.pdb_1QBO.pdb	822	0.478	0.339	0.138	1.392	1.088	0.304	0.532	0.33	0.202	-4.075	2033.808		0
ZINC03825315_154	1C5T.pdb_1GJ6.pdb_1QBO.pdb	823	0.478	0.349	0.13	1.495	1.229	0.267	0.529	0.327	0.201	-4.075	2013.256		0
ZINC00767720_89	1C5T.pdb_1GJ6.pdb_1QBO.pdb	819	0.478	0.355	0.122	1.408	1.135	0.273	0.523	0.341	0.182	-3.659	2100.525		0
ZINC03355253_171	1C5T.pdb_1GJ6.pdb_1QBO.pdb	815	0.478	0.372	0.106	1.605	1.345	0.26	0.492	0.339	0.153	-3.061	2085.073		0
ZINC04354140_156	1C5T.pdb_1GJ6.pdb_1QBO.pdb	813	0.478	0.35	0.129	1.399	1.128	0.271	0.533	0.337	0.197	-3.974	2072.268		0
ZINC03969854_169	1C5T.pdb_1GJ6.pdb_1QBO.pdb	814	0.478	0.309	0.169	1.549	1.153	0.396	0.524	0.297	0.227	-4.551	1825.965		0
ZINC04465649_93	1C5T.pdb_1GJ6.pdb_1QBO.pdb	817	0.478	0.337	0.141	1.426	1.102	0.324	0.527	0.327	0.2	-4.023	2010.945		0
ZINC00921218_153	1C5T.pdb_1GJ6.pdb_1QBO.pdb	832	0.478	0.32	0.157	1.319	0.984	0.335	0.55	0.322	0.228	-4.603	1986.483		0
ZINC03415536_42	1C5T.pdb_1GJ6.pdb_1QBO.pdb	834	0.478	0.281	0.198	1.492	1.021	0.47	0.533	0.279	0.254	-5.087	1715.003		0
ZINC03857181_113	1C5T.pdb_1GJ6.pdb_1QBO.pdb	827	0.478	0.339	0.138	1.392	1.088	0.304	0.532	0.33	0.202	-4.075	2033.808		0
ZINC00902675_149	1C5T.pdb_1GJ6.pdb_1QBO.pdb	828	0.478	0.326	0.152	1.325	1.012	0.314	0.553	0.325	0.228	-4.603	2003.757		0
ZINC03867594_93	1C5T.pdb_1GJ6.pdb_1QBO.pdb	829	0.478	0.337	0.141	1.426	1.102	0.324	0.527	0.327	0.2	-4.023	2010.945		0
ZINC04013834_3	1C5T.pdb_1GJ6.pdb_1QBO.pdb	830	0.478	0.351	0.127	1.569	1.243	0.326	0.5	0.328	0.172	-3.43	2018.888		0
ZINC04619174_165	1C5T.pdb_1GJ6.pdb_1QBO.pdb	831	0.478	0.348	0.13	1.475	1.174	0.301	0.518	0.331	0.187	-3.749	2036.808		0
ZINC00902602_167	1C5T.pdb_1GJ6.pdb_1QBO.pdb	825	0.478	0.334	0.144	1.346	1.047	0.299	0.546	0.329	0.217	-4.389	2027.112		0
ZINC03612068_94	1C5T.pdb_1GJ6.pdb_1QBO.pdb	826	0.478	0.346	0.132	1.437	1.144	0.293	0.526	0.331	0.195	-3.926	2038.27		0
ZINC02388049_177	1C5T.pdb_1GJ6.pdb_1QBO.pdb	824	0.478	0.295	0.183	1.375	1.034	0.341	0.575	0.292	0.283	-5.755	1795.341		0
ZINC00906589_55	1C5T.pdb_1GJ6.pdb_1QBO.pdb	812	0.478	0.35	0.128	1.461	1.165	0.296	0.517	0.334	0.183	-3.678	2054.98		0
ZINC03426727_108	1C5T.pdb_1GJ6.pdb_1QBO.pdb	811	0.478	0.316	0.162	1.577	1.194	0.383	0.52	0.301	0.219	-4.399	1846.72		0
ZINC00576566_88	1C5T.pdb_1GJ6.pdb_1QBO.pdb	818	0.478	0.319	0.16	1.384	1.052	0.332	0.549	0.314	0.235	-4.752	1930.813		0
ZINC04469531_128	1C5T.pdb_1GJ6.pdb_1QBO.pdb	816	0.478	0.351	0.127	1.444	1.185	0.259	0.533	0.333	0.2	-4.045	2048.638		0
ZINC03346129_53	1C5T.pdb_1GJ6.pdb_1QBO.pdb	810	0.478	0.372	0.106	1.607	1.347	0.26	0.492	0.339	0.152	-3.055	2084.85		0
ZINC00921220_176	1C5T.pdb_1GJ6.pdb_1QBO.pdb	833	0.478	0.321	0.157	1.321	0.986	0.335	0.551	0.323	0.228	-4.603	1989.858		0
ZINC03974519_128	1C5T.pdb_1GJ6.pdb_1QBO.pdb	835	0.478	0.351	0.127	1.444	1.185	0.259	0.533	0.333	0.2	-4.045	2048.638		0
ZINC04522097_91	1C5T.pdb_1GJ6.pdb_1QBO.pdb	849	0.477	0.373	0.104	1.59	1.344	0.246	0.493	0.34	0.152	-3.056	2091.322		0
ZINC04001527_3	1C5T.pdb_1GJ6.pdb_1QBO.pdb	837	0.477	0.332	0.146	1.474	1.163	0.311	0.532	0.317	0.216	-4.35	1948.795		0
ZINC03010371_11	1C5T.pdb_1GJ6.pdb_1QBO.pdb	839	0.477	0.318	0.159	1.413	1.095	0.318	0.55	0.309	0.241	-4.877	1902.207		0
ZINC02618783_196	1C5T.pdb_1GJ6.pdb_1QBO.pdb	836	0.477	0.338	0.14	1.507	1.171	0.336	0.515	0.322	0.193	-3.86	1980.098		0
ZINC03327169_187	1C5T.pdb_1GJ6.pdb_1QBO.pdb	838	0.477	0.374	0.103	1.464	1.239	0.225	0.509	0.349	0.16	-3.231	2147.195		0
ZINC03821014_51	1C5T.pdb_1GJ6.pdb_1QBO.pdb	853	0.477	0.352	0.125	1.423	1.165	0.258	0.53	0.335	0.195	-3.946	2064.581		0
ZINC02700313_71	1C5T.pdb_1GJ6.pdb_1QBO.pdb	855	0.477	0.336	0.141	1.435	1.126	0.31	0.53	0.324	0.206	-4.153	1993.401		0
ZINC04356047_180	1C5T.pdb_1GJ6.pdb_1QBO.pdb	851	0.477	0.35	0.127	1.474	1.202	0.272	0.524	0.331	0.193	-3.901	2033.049		0
ZINC03972100_154	1C5T.pdb_1GJ6.pdb_1QBO.pdb	845	0.477	0.334	0.143	1.378	1.086	0.291	0.546	0.325	0.22	-4.456	2004.247		0
ZINC03391415_134	1C5T.pdb_1GJ6.pdb_1QBO.pdb	844	0.477	0.335	0.142	1.469	1.133	0.336	0.52	0.322	0.197	-3.957	1983.84		0
ZINC03377880_96	1C5T.pdb_1GJ6.pdb_1QBO.pdb	843	0.477	0.344	0.133	1.408	1.117	0.291	0.529	0.332	0.197	-3.976	2044.838		0
ZINC02964626_149	1C5T.pdb_1GJ6.pdb_1QBO.pdb	850	0.477	0.336	0.141	1.438	1.116	0.323	0.525	0.325	0.2	-4.018	2000.855		0
ZINC00598345_72	1C5T.pdb_1GJ6.pdb_1QBO.pdb	848	0.477	0.332	0.145	1.622	1.291	0.331	0.514	0.309	0.205	-4.121	1893.918		0
ZINC04287479_85	1C5T.pdb_1GJ6.pdb_1QBO.pdb	852	0.477	0.302	0.175	1.58	1.177	0.403	0.525	0.289	0.236	-4.742	1773.529		0
ZINC03918550_25	1C5T.pdb_1GJ6.pdb_1QBO.pdb	847	0.477	0.315	0.162	1.483	1.119	0.364	0.531	0.305	0.225	-4.528	1877.417		0
ZINC03977175_192	1C5T.pdb_1GJ6.pdb_1QBO.pdb	846	0.477	0.323	0.154	1.475	1.109	0.366	0.523	0.313	0.209	-4.198	1928.114		0
ZINC03820640_169	1C5T.pdb_1GJ6.pdb_1QBO.pdb	841	0.477	0.332	0.145	1.611	1.244	0.367	0.505	0.312	0.193	-3.865	1915.479		0
ZINC04287505_151	1C5T.pdb_1GJ6.pdb_1QBO.pdb	840	0.477	0.291	0.185	1.588	1.115	0.473	0.517	0.283	0.234	-4.665	1737.664		0
ZINC03271184_63	1C5T.pdb_1GJ6.pdb_1QBO.pdb	842	0.477	0.303	0.174	1.524	1.101	0.423	0.524	0.295	0.229	-4.579	1811.773		0
ZINC01554097_32	1C5T.pdb_1GJ6.pdb_1QBO.pdb	854	0.477	0.378	0.099	1.541	1.316	0.225	0.497	0.347	0.15	-3.018	2131.341		0
ZINC00921243_74	1C5T.pdb_1GJ6.pdb_1QBO.pdb	860	0.476	0.31	0.166	1.276	0.95	0.326	0.567	0.315	0.252	-5.1	1945.659		0
ZINC02131954_4	1C5T.pdb_1GJ6.pdb_1QBO.pdb	859	0.476	0.348	0.128	1.399	1.127	0.272	0.529	0.335	0.194	-3.926	2060.209		0
ZINC01532360_188	1C5T.pdb_1GJ6.pdb_1QBO.pdb	865	0.476	0.337	0.14	1.651	1.33	0.32	0.509	0.311	0.198	-3.982	1905.757		0
ZINC03857266_193	1C5T.pdb_1GJ6.pdb_1QBO.pdb	864	0.476	0.337	0.138	1.371	1.067	0.304	0.533	0.33	0.202	-4.076	2034.878		0
ZINC00595558_135	1C5T.pdb_1GJ6.pdb_1QBO.pdb	866	0.476	0.344	0.131	1.531	1.195	0.336	0.503	0.326	0.177	-3.546	2004.121		0
ZINC01107131_178	1C5T.pdb_1GJ6.pdb_1QBO.pdb	869	0.476	0.361	0.114	1.473	1.217	0.257	0.51	0.34	0.171	-3.441	2089.307		0
ZINC03990241_75	1C5T.pdb_1GJ6.pdb_1QBO.pdb	867	0.476	0.322	0.153	1.354	1.033	0.321	0.546	0.319	0.227	-4.593	1965.429		0
ZINC04464262_193	1C5T.pdb_1GJ6.pdb_1QBO.pdb	868	0.476	0.337	0.138	1.371	1.067	0.304	0.533	0.33	0.202	-4.076	2034.878		0
ZINC03890510_66	1C5T.pdb_1GJ6.pdb_1QBO.pdb	870	0.476	0.356	0.12	1.364	1.111	0.252	0.53	0.344	0.186	-3.772	2119.471		0
ZINC03976862_48	1C5T.pdb_1GJ6.pdb_1QBO.pdb	871	0.476	0.297	0.18	1.409	1.073	0.336	0.569	0.291	0.279	-5.665	1787.905		0
ZINC03449603_112	1C5T.pdb_1GJ6.pdb_1QBO.pdb	875	0.476	0.277	0.198	1.485	1.013	0.471	0.531	0.276	0.255	-5.097	1699.393		0
ZINC03293582_136	1C5T.pdb_1GJ6.pdb_1QBO.pdb	880	0.476	0.351	0.125	1.548	1.231	0.317	0.5	0.329	0.171	-3.43	2022.587		0
ZINC04400050_142	1C5T.pdb_1GJ6.pdb_1QBO.pdb	877	0.476	0.323	0.153	1.457	1.126	0.331	0.533	0.312	0.221	-4.446	1918.453		0
ZINC03511243_154	1C5T.pdb_1GJ6.pdb_1QBO.pdb	876	0.476	0.355	0.12	1.585	1.29	0.295	0.498	0.329	0.169	-3.388	2022.013		0
ZINC04034371_16	1C5T.pdb_1GJ6.pdb_1QBO.pdb	881	0.476	0.361	0.114	1.45	1.193	0.256	0.512	0.341	0.171	-3.44	2100.627		0
ZINC03633154_49	1C5T.pdb_1GJ6.pdb_1QBO.pdb	872	0.476	0.35	0.126	1.441	1.194	0.247	0.536	0.331	0.205	-4.163	2037.229		0
ZINC03933859_115	1C5T.pdb_1GJ6.pdb_1QBO.pdb	874	0.476	0.332	0.144	1.449	1.146	0.303	0.534	0.318	0.215	-4.346	1958.11		0
ZINC00902658_21	1C5T.pdb_1GJ6.pdb_1QBO.pdb	873	0.476	0.364	0.111	1.312	1.081	0.23	0.532	0.355	0.178	-3.6	2186.832		0
ZINC00882604_136	1C5T.pdb_1GJ6.pdb_1QBO.pdb	879	0.476	0.356	0.12	1.6	1.295	0.306	0.494	0.329	0.165	-3.306	2020.796		0
ZINC04236932_112	1C5T.pdb_1GJ6.pdb_1QBO.pdb	878	0.476	0.34	0.136	1.46	1.16	0.3	0.524	0.325	0.199	-4.018	1998.583		0
ZINC02415381_152	1C5T.pdb_1GJ6.pdb_1QBO.pdb	861	0.476	0.34	0.136	1.439	1.14	0.299	0.526	0.327	0.2	-4.022	2009.689		0
ZINC02382511_149	1C5T.pdb_1GJ6.pdb_1QBO.pdb	862	0.476	0.338	0.138	1.539	1.188	0.351	0.506	0.321	0.185	-3.698	1973.355		0
ZINC02967871_17	1C5T.pdb_1GJ6.pdb_1QBO.pdb	863	0.476	0.303	0.172	1.368	1.0	0.368	0.548	0.303	0.245	-4.936	1866.822		0
ZINC02664902_141	1C5T.pdb_1GJ6.pdb_1QBO.pdb	856	0.476	0.357	0.119	1.458	1.184	0.274	0.512	0.339	0.173	-3.483	2083.357		0
ZINC00962262_86	1C5T.pdb_1GJ6.pdb_1QBO.pdb	858	0.476	0.343	0.133	1.452	1.129	0.323	0.515	0.33	0.185	-3.707	2032.322		0
ZINC03840228_148	1C5T.pdb_1GJ6.pdb_1QBO.pdb	857	0.476	0.319	0.157	1.452	1.125	0.327	0.54	0.308	0.232	-4.685	1895.84		0
ZINC03834175_29	1C5T.pdb_1GJ6.pdb_1QBO.pdb	884	0.475	0.314	0.161	1.272	0.95	0.322	0.562	0.319	0.243	-4.923	1969.23		1
ZINC00761819_47	1C5T.pdb_1GJ6.pdb_1QBO.pdb	885	0.475	0.334	0.141	1.537	1.179	0.358	0.507	0.318	0.189	-3.774	1956.692		0
ZINC04217908_47	1C5T.pdb_1GJ6.pdb_1QBO.pdb	886	0.475	0.337	0.138	1.578	1.245	0.333	0.507	0.316	0.191	-3.827	1940.905		0
ZINC03351333_164	1C5T.pdb_1GJ6.pdb_1QBO.pdb	883	0.475	0.362	0.113	1.594	1.3	0.294	0.489	0.334	0.155	-3.098	2051.646		0
ZINC02349120_91	1C5T.pdb_1GJ6.pdb_1QBO.pdb	887	0.475	0.38	0.095	1.451	1.253	0.198	0.508	0.353	0.155	-3.152	2170.063		0
ZINC00594557_12	1C5T.pdb_1GJ6.pdb_1QBO.pdb	889	0.475	0.331	0.144	1.543	1.178	0.365	0.508	0.315	0.192	-3.843	1939.408		0
ZINC02618849_107	1C5T.pdb_1GJ6.pdb_1QBO.pdb	888	0.475	0.349	0.127	1.483	1.204	0.278	0.518	0.329	0.189	-3.802	2024.158		0
ZINC04619455_176	1C5T.pdb_1GJ6.pdb_1QBO.pdb	895	0.475	0.341	0.134	1.284	1.0	0.284	0.542	0.34	0.202	-4.078	2097.098		0
ZINC00852448_70	1C5T.pdb_1GJ6.pdb_1QBO.pdb	893	0.475	0.368	0.107	1.54	1.26	0.28	0.49	0.342	0.147	-2.948	2104.582		0
ZINC02618850_195	1C5T.pdb_1GJ6.pdb_1QBO.pdb	894	0.475	0.349	0.127	1.483	1.205	0.278	0.518	0.329	0.189	-3.802	2024.477		0
ZINC04383614_110	1C5T.pdb_1GJ6.pdb_1QBO.pdb	897	0.475	0.328	0.147	1.366	1.045	0.321	0.537	0.323	0.213	-4.301	1991.931		0
ZINC03438914_198	1C5T.pdb_1GJ6.pdb_1QBO.pdb	890	0.475	0.359	0.116	1.556	1.27	0.287	0.498	0.334	0.164	-3.289	2050.028		0
ZINC02665348_197	1C5T.pdb_1GJ6.pdb_1QBO.pdb	891	0.475	0.329	0.146	1.39	1.087	0.303	0.54	0.321	0.219	-4.435	1974.895		0
ZINC03990241_182	1C5T.pdb_1GJ6.pdb_1QBO.pdb	892	0.475	0.334	0.141	1.36	1.062	0.298	0.539	0.328	0.212	-4.272	2019.947		0
ZINC03891134_145	1C5T.pdb_1GJ6.pdb_1QBO.pdb	896	0.475	0.32	0.155	1.395	1.097	0.298	0.555	0.312	0.243	-4.945	1917.317		0
ZINC03977400_193	1C5T.pdb_1GJ6.pdb_1QBO.pdb	882	0.475	0.334	0.141	1.489	1.149	0.34	0.514	0.32	0.194	-3.898	1967.768		0
ZINC03633199_47	1C5T.pdb_1GJ6.pdb_1QBO.pdb	898	0.474	0.319	0.155	1.409	1.111	0.298	0.553	0.309	0.243	-4.945	1903.413		0
ZINC04619155_99	1C5T.pdb_1GJ6.pdb_1QBO.pdb	908	0.474	0.342	0.132	1.462	1.157	0.305	0.515	0.327	0.189	-3.792	2009.135		0
ZINC04222431_68	1C5T.pdb_1GJ6.pdb_1QBO.pdb	909	0.474	0.328	0.147	1.432	1.135	0.297	0.54	0.315	0.225	-4.55	1939.829		0
ZINC03969853_13	1C5T.pdb_1GJ6.pdb_1QBO.pdb	910	0.474	0.349	0.125	1.555	1.264	0.292	0.506	0.325	0.18	-3.624	1998.722		0
ZINC02204440_157	1C5T.pdb_1GJ6.pdb_1QBO.pdb	911	0.474	0.32	0.154	1.44	1.075	0.366	0.523	0.313	0.209	-4.198	1929.692		0
ZINC03426730_150	1C5T.pdb_1GJ6.pdb_1QBO.pdb	912	0.474	0.312	0.162	1.565	1.182	0.383	0.517	0.297	0.219	-4.398	1827.457		0
ZINC04382511_138	1C5T.pdb_1GJ6.pdb_1QBO.pdb	913	0.474	0.355	0.119	1.545	1.252	0.292	0.499	0.331	0.167	-3.356	2035.01		0
ZINC00962264_133	1C5T.pdb_1GJ6.pdb_1QBO.pdb	914	0.474	0.341	0.133	1.446	1.124	0.322	0.513	0.329	0.185	-3.7	2024.021		0
ZINC00606340_69	1C5T.pdb_1GJ6.pdb_1QBO.pdb	899	0.474	0.335	0.14	1.668	1.263	0.405	0.489	0.313	0.176	-3.492	1922.473		0
ZINC03840227_156	1C5T.pdb_1GJ6.pdb_1QBO.pdb	900	0.474	0.327	0.147	1.52	1.185	0.335	0.518	0.311	0.207	-4.165	1912.828		0
ZINC02693579_19	1C5T.pdb_1GJ6.pdb_1QBO.pdb	901	0.474	0.279	0.195	1.426	1.0	0.426	0.543	0.278	0.265	-5.32	1711.111		0
ZINC02129117_0	1C5T.pdb_1GJ6.pdb_1QBO.pdb	902	0.474	0.36	0.115	1.401	1.154	0.247	0.519	0.343	0.176	-3.561	2112.674		0
ZINC02242879_136	1C5T.pdb_1GJ6.pdb_1QBO.pdb	903	0.474	0.317	0.157	1.427	1.128	0.299	0.554	0.306	0.248	-5.047	1879.309		0
ZINC03325755_7	1C5T.pdb_1GJ6.pdb_1QBO.pdb	904	0.474	0.337	0.137	1.443	1.128	0.315	0.52	0.325	0.195	-3.923	1999.453		0
ZINC02964505_44	1C5T.pdb_1GJ6.pdb_1QBO.pdb	905	0.474	0.358	0.116	1.455	1.17	0.285	0.504	0.34	0.164	-3.284	2093.681		0
ZINC03289557_17	1C5T.pdb_1GJ6.pdb_1QBO.pdb	906	0.474	0.341	0.133	1.449	1.156	0.293	0.521	0.326	0.195	-3.923	2007.843		0
ZINC03987019_116	1C5T.pdb_1GJ6.pdb_1QBO.pdb	907	0.474	0.353	0.122	1.484	1.212	0.272	0.513	0.332	0.181	-3.643	2042.141		0
ZINC03274648_120	1C5T.pdb_1GJ6.pdb_1QBO.pdb	915	0.474	0.278	0.196	1.498	1.031	0.467	0.528	0.276	0.252	-5.048	1694.855		0
ZINC03993045_76	1C5T.pdb_1GJ6.pdb_1QBO.pdb	916	0.474	0.356	0.119	1.525	1.273	0.252	0.513	0.331	0.183	-3.69	2031.787		0
ZINC02959435_173	1C5T.pdb_1GJ6.pdb_1QBO.pdb	928	0.473	0.341	0.132	1.596	1.277	0.32	0.501	0.317	0.184	-3.692	1947.692		0
ZINC02491745_75	1C5T.pdb_1GJ6.pdb_1QBO.pdb	929	0.473	0.343	0.13	1.417	1.13	0.287	0.521	0.33	0.191	-3.845	2033.054		0
ZINC00902677_177	1C5T.pdb_1GJ6.pdb_1QBO.pdb	930	0.473	0.364	0.109	1.29	1.064	0.226	0.53	0.356	0.174	-3.529	2197.246		0
ZINC03659281_151	1C5T.pdb_1GJ6.pdb_1QBO.pdb	925	0.473	0.296	0.178	1.447	1.052	0.395	0.536	0.291	0.244	-4.907	1792.846		0
ZINC01911463_124	1C5T.pdb_1GJ6.pdb_1QBO.pdb	926	0.473	0.32	0.153	1.626	1.262	0.365	0.509	0.3	0.209	-4.192	1841.224		0
ZINC03857694_113	1C5T.pdb_1GJ6.pdb_1QBO.pdb	918	0.473	0.335	0.138	1.402	1.098	0.305	0.528	0.325	0.202	-4.076	2002.451		0
ZINC00767140_170	1C5T.pdb_1GJ6.pdb_1QBO.pdb	917	0.473	0.354	0.119	1.367	1.1	0.267	0.52	0.343	0.177	-3.574	2114.241		0
ZINC02700316_43	1C5T.pdb_1GJ6.pdb_1QBO.pdb	920	0.473	0.354	0.119	1.404	1.148	0.256	0.521	0.339	0.182	-3.679	2085.102		0
ZINC03818549_84	1C5T.pdb_1GJ6.pdb_1QBO.pdb	919	0.473	0.316	0.156	1.423	1.097	0.326	0.539	0.308	0.231	-4.667	1893.478		0
ZINC04213700_140	1C5T.pdb_1GJ6.pdb_1QBO.pdb	921	0.473	0.346	0.127	1.569	1.286	0.283	0.509	0.321	0.188	-3.788	1970.743		0
ZINC03810149_43	1C5T.pdb_1GJ6.pdb_1QBO.pdb	922	0.473	0.303	0.17	1.295	0.986	0.309	0.579	0.305	0.275	-5.605	1876.448		0
ZINC03889306_107	1C5T.pdb_1GJ6.pdb_1QBO.pdb	924	0.473	0.341	0.132	1.314	1.061	0.253	0.552	0.334	0.218	-4.43	2059.774		0
ZINC00818706_62	1C5T.pdb_1GJ6.pdb_1QBO.pdb	923	0.473	0.319	0.153	1.406	1.086	0.32	0.539	0.311	0.228	-4.596	1915.421		0
ZINC04001506_121	1C5T.pdb_1GJ6.pdb_1QBO.pdb	927	0.473	0.321	0.152	1.443	1.121	0.322	0.534	0.31	0.223	-4.504	1909.192		0
ZINC02203296_30	1C5T.pdb_1GJ6.pdb_1QBO.pdb	937	0.473	0.32	0.154	1.436	1.07	0.366	0.523	0.313	0.21	-4.201	1927.53		0
ZINC00588296_159	1C5T.pdb_1GJ6.pdb_1QBO.pdb	935	0.473	0.311	0.162	1.436	1.071	0.365	0.53	0.304	0.226	-4.533	1872.584		0
ZINC00588652_171	1C5T.pdb_1GJ6.pdb_1QBO.pdb	936	0.473	0.347	0.126	1.448	1.179	0.269	0.521	0.33	0.191	-3.861	2028.209		0
ZINC04619443_168	1C5T.pdb_1GJ6.pdb_1QBO.pdb	932	0.473	0.338	0.135	1.546	1.202	0.344	0.501	0.32	0.181	-3.628	1967.368		0
ZINC01838798_64	1C5T.pdb_1GJ6.pdb_1QBO.pdb	933	0.473	0.337	0.135	1.483	1.171	0.312	0.514	0.321	0.193	-3.881	1975.987		0
ZINC03932357_85	1C5T.pdb_1GJ6.pdb_1QBO.pdb	931	0.473	0.306	0.167	1.409	1.05	0.359	0.54	0.302	0.239	-4.807	1856.83		0
ZINC04464527_113	1C5T.pdb_1GJ6.pdb_1QBO.pdb	934	0.473	0.335	0.138	1.402	1.098	0.305	0.528	0.325	0.202	-4.076	2002.451		0
ZINC00902638_163	1C5T.pdb_1GJ6.pdb_1QBO.pdb	955	0.472	0.351	0.12	1.259	1.027	0.232	0.548	0.348	0.2	-4.076	2149.42		0
ZINC03812795_40	1C5T.pdb_1GJ6.pdb_1QBO.pdb	948	0.472	0.346	0.126	1.313	1.076	0.237	0.549	0.338	0.211	-4.296	2084.282		0
ZINC04222810_106	1C5T.pdb_1GJ6.pdb_1QBO.pdb	949	0.472	0.308	0.164	1.468	1.102	0.366	0.528	0.299	0.229	-4.596	1840.375		0
ZINC00921665_101	1C5T.pdb_1GJ6.pdb_1QBO.pdb	950	0.472	0.354	0.118	1.432	1.143	0.29	0.505	0.339	0.166	-3.323	2088.618		0
ZINC02646254_139	1C5T.pdb_1GJ6.pdb_1QBO.pdb	951	0.472	0.362	0.11	1.629	1.341	0.288	0.483	0.332	0.151	-3.028	2037.183		0
ZINC03529023_171	1C5T.pdb_1GJ6.pdb_1QBO.pdb	952	0.472	0.31	0.162	1.577	1.18	0.397	0.511	0.296	0.214	-4.291	1820.956		0
ZINC03449087_29	1C5T.pdb_1GJ6.pdb_1QBO.pdb	953	0.472	0.348	0.124	1.576	1.256	0.32	0.494	0.325	0.169	-3.372	1998.203		0
ZINC03838486_172	1C5T.pdb_1GJ6.pdb_1QBO.pdb	946	0.472	0.336	0.135	1.537	1.239	0.298	0.514	0.316	0.198	-3.99	1941.063		0
ZINC00596374_132	1C5T.pdb_1GJ6.pdb_1QBO.pdb	939	0.472	0.342	0.13	1.519	1.19	0.328	0.502	0.324	0.177	-3.551	1994.086		0
ZINC03784889_154	1C5T.pdb_1GJ6.pdb_1QBO.pdb	940	0.472	0.336	0.135	1.416	1.139	0.277	0.532	0.323	0.209	-4.231	1988.462		0
ZINC03818476_166	1C5T.pdb_1GJ6.pdb_1QBO.pdb	941	0.472	0.351	0.121	1.491	1.195	0.296	0.502	0.332	0.17	-3.402	2040.814		0
ZINC03874136_152	1C5T.pdb_1GJ6.pdb_1QBO.pdb	942	0.472	0.343	0.129	1.509	1.205	0.304	0.507	0.324	0.183	-3.676	1991.913		0
ZINC03924186_95	1C5T.pdb_1GJ6.pdb_1QBO.pdb	943	0.472	0.349	0.123	1.428	1.128	0.3	0.508	0.336	0.172	-3.446	2068.237		0
ZINC03838695_155	1C5T.pdb_1GJ6.pdb_1QBO.pdb	944	0.472	0.323	0.149	1.418	1.106	0.312	0.535	0.313	0.222	-4.476	1925.708		0
ZINC03582941_11	1C5T.pdb_1GJ6.pdb_1QBO.pdb	945	0.472	0.369	0.103	1.627	1.357	0.27	0.478	0.336	0.142	-2.843	2065.17		0
ZINC04619225_29	1C5T.pdb_1GJ6.pdb_1QBO.pdb	938	0.472	0.362	0.11	1.476	1.227	0.249	0.505	0.339	0.166	-3.334	2086.207		0
ZINC03992834_190	1C5T.pdb_1GJ6.pdb_1QBO.pdb	947	0.472	0.36	0.113	1.48	1.242	0.238	0.512	0.336	0.176	-3.563	2067.317		0
ZINC04161144_3	1C5T.pdb_1GJ6.pdb_1QBO.pdb	954	0.472	0.357	0.115	1.591	1.32	0.271	0.495	0.328	0.167	-3.361	2015.278		0
ZINC01911616_197	1C5T.pdb_1GJ6.pdb_1QBO.pdb	973	0.471	0.313	0.158	1.47	1.129	0.342	0.529	0.302	0.227	-4.579	1857.068		0
ZINC03814069_22	1C5T.pdb_1GJ6.pdb_1QBO.pdb	972	0.471	0.324	0.147	1.506	1.17	0.335	0.517	0.309	0.208	-4.174	1901.752		0
ZINC03356245_10	1C5T.pdb_1GJ6.pdb_1QBO.pdb	967	0.471	0.362	0.109	1.61	1.326	0.284	0.482	0.333	0.15	-2.991	2042.648		0
ZINC03864336_159	1C5T.pdb_1GJ6.pdb_1QBO.pdb	968	0.471	0.333	0.138	1.382	1.065	0.317	0.523	0.326	0.196	-3.945	2010.626		0
ZINC03993078_131	1C5T.pdb_1GJ6.pdb_1QBO.pdb	969	0.471	0.335	0.137	1.492	1.178	0.315	0.513	0.318	0.195	-3.915	1958.184		0
ZINC02693577_85	1C5T.pdb_1GJ6.pdb_1QBO.pdb	974	0.471	0.357	0.114	1.485	1.217	0.267	0.502	0.336	0.166	-3.329	2066.183		0
ZINC03820285_65	1C5T.pdb_1GJ6.pdb_1QBO.pdb	971	0.471	0.333	0.137	1.413	1.141	0.272	0.538	0.32	0.218	-4.414	1969.793		0
ZINC03981618_173	1C5T.pdb_1GJ6.pdb_1QBO.pdb	956	0.471	0.373	0.098	1.478	1.255	0.223	0.495	0.347	0.148	-2.982	2133.777		0
ZINC02126770_163	1C5T.pdb_1GJ6.pdb_1QBO.pdb	958	0.471	0.338	0.132	1.379	1.108	0.271	0.533	0.327	0.206	-4.166	2016.253		0
ZINC03320483_80	1C5T.pdb_1GJ6.pdb_1QBO.pdb	957	0.471	0.357	0.114	1.531	1.255	0.276	0.495	0.333	0.162	-3.248	2046.292		0
ZINC00902660_163	1C5T.pdb_1GJ6.pdb_1QBO.pdb	961	0.471	0.324	0.147	1.295	1.0	0.295	0.552	0.325	0.227	-4.604	2004.805		0
ZINC01996908_7	1C5T.pdb_1GJ6.pdb_1QBO.pdb	960	0.471	0.352	0.119	1.469	1.191	0.278	0.506	0.333	0.172	-3.465	2050.559		0
ZINC03867781_130	1C5T.pdb_1GJ6.pdb_1QBO.pdb	962	0.471	0.34	0.13	1.499	1.222	0.278	0.518	0.32	0.197	-3.985	1969.324		0
ZINC04001743_54	1C5T.pdb_1GJ6.pdb_1QBO.pdb	959	0.471	0.338	0.133	1.448	1.155	0.293	0.518	0.324	0.195	-3.923	1990.5		0
ZINC03892228_6	1C5T.pdb_1GJ6.pdb_1QBO.pdb	966	0.471	0.33	0.141	1.462	1.153	0.31	0.522	0.316	0.206	-4.149	1942.113		0
ZINC03439320_30	1C5T.pdb_1GJ6.pdb_1QBO.pdb	965	0.471	0.348	0.123	1.465	1.165	0.301	0.504	0.331	0.172	-3.455	2038.918		0
ZINC03558424_98	1C5T.pdb_1GJ6.pdb_1QBO.pdb	964	0.471	0.358	0.113	1.514	1.251	0.262	0.5	0.334	0.166	-3.336	2052.511		0
ZINC03600291_115	1C5T.pdb_1GJ6.pdb_1QBO.pdb	963	0.471	0.367	0.104	1.626	1.358	0.268	0.479	0.335	0.145	-2.895	2055.859		0
ZINC04161152_14	1C5T.pdb_1GJ6.pdb_1QBO.pdb	970	0.471	0.331	0.14	1.569	1.248	0.321	0.509	0.31	0.199	-3.992	1907.021		0
ZINC03840223_89	1C5T.pdb_1GJ6.pdb_1QBO.pdb	1000	0.47	0.316	0.154	1.528	1.179	0.349	0.518	0.302	0.216	-4.341	1852.772		0
ZINC03857293_43	1C5T.pdb_1GJ6.pdb_1QBO.pdb	1001	0.47	0.331	0.138	1.354	1.05	0.304	0.528	0.326	0.202	-4.075	2009.122		0
ZINC03840236_149	1C5T.pdb_1GJ6.pdb_1QBO.pdb	999	0.47	0.35	0.12	1.406	1.172	0.234	0.531	0.333	0.198	-4.022	2050.264		0
ZINC00770143_52	1C5T.pdb_1GJ6.pdb_1QBO.pdb	998	0.47	0.377	0.093	1.325	1.12	0.204	0.508	0.362	0.145	-2.937	2233.934		0
ZINC03891130_124	1C5T.pdb_1GJ6.pdb_1QBO.pdb	995	0.47	0.31	0.16	1.406	1.09	0.316	0.546	0.302	0.244	-4.937	1860.561		0
ZINC02967871_22	1C5T.pdb_1GJ6.pdb_1QBO.pdb	997	0.47	0.335	0.136	1.378	1.079	0.299	0.525	0.327	0.199	-4.006	2011.496		0
ZINC03270022_168	1C5T.pdb_1GJ6.pdb_1QBO.pdb	996	0.47	0.348	0.122	1.444	1.162	0.281	0.51	0.332	0.178	-3.578	2042.074		0
ZINC03358513_159	1C5T.pdb_1GJ6.pdb_1QBO.pdb	978	0.47	0.353	0.118	1.424	1.161	0.263	0.512	0.336	0.175	-3.53	2070.294		0
ZINC01821508_122	1C5T.pdb_1GJ6.pdb_1QBO.pdb	977	0.47	0.351	0.119	1.435	1.156	0.279	0.507	0.335	0.172	-3.465	2059.78		0
ZINC04464286_43	1C5T.pdb_1GJ6.pdb_1QBO.pdb	976	0.47	0.331	0.138	1.354	1.05	0.304	0.528	0.326	0.202	-4.075	2009.122		0
ZINC01840042_116	1C5T.pdb_1GJ6.pdb_1QBO.pdb	975	0.47	0.347	0.123	1.465	1.179	0.286	0.507	0.329	0.177	-3.563	2026.829		0
ZINC00902614_145	1C5T.pdb_1GJ6.pdb_1QBO.pdb	994	0.47	0.323	0.147	1.284	0.989	0.295	0.552	0.324	0.227	-4.604	2000.619		0
ZINC02971927_160	1C5T.pdb_1GJ6.pdb_1QBO.pdb	993	0.47	0.294	0.176	1.43	1.037	0.392	0.533	0.291	0.243	-4.875	1788.584		0
ZINC03976355_164	1C5T.pdb_1GJ6.pdb_1QBO.pdb	992	0.47	0.342	0.129	1.52	1.207	0.313	0.502	0.323	0.179	-3.592	1983.889		0
ZINC02221824_69	1C5T.pdb_1GJ6.pdb_1QBO.pdb	991	0.47	0.36	0.11	1.4	1.162	0.238	0.512	0.342	0.17	-3.431	2108.697		0
ZINC03637109_91	1C5T.pdb_1GJ6.pdb_1QBO.pdb	990	0.47	0.325	0.145	1.446	1.114	0.331	0.52	0.314	0.206	-4.131	1932.352		0
ZINC02520769_141	1C5T.pdb_1GJ6.pdb_1QBO.pdb	989	0.47	0.312	0.159	1.365	1.06	0.305	0.555	0.306	0.248	-5.047	1884.982		0
ZINC02450445_59	1C5T.pdb_1GJ6.pdb_1QBO.pdb	988	0.47	0.311	0.158	1.428	1.113	0.314	0.544	0.302	0.242	-4.905	1856.425		0
ZINC03388500_31	1C5T.pdb_1GJ6.pdb_1QBO.pdb	987	0.47	0.346	0.124	1.624	1.304	0.32	0.489	0.32	0.169	-3.375	1964.985		0
ZINC02205779_68	1C5T.pdb_1GJ6.pdb_1QBO.pdb	986	0.47	0.354	0.116	1.503	1.218	0.285	0.497	0.333	0.164	-3.277	2048.854		0
ZINC03841661_146	1C5T.pdb_1GJ6.pdb_1QBO.pdb	985	0.47	0.328	0.142	1.33	1.05	0.28	0.547	0.323	0.224	-4.549	1988.31		0
ZINC01840065_133	1C5T.pdb_1GJ6.pdb_1QBO.pdb	984	0.47	0.352	0.118	1.411	1.147	0.265	0.513	0.337	0.176	-3.543	2072.426		0
ZINC00902612_140	1C5T.pdb_1GJ6.pdb_1QBO.pdb	983	0.47	0.369	0.101	1.303	1.092	0.211	0.521	0.358	0.163	-3.299	2207.222		0
ZINC03812787_89	1C5T.pdb_1GJ6.pdb_1QBO.pdb	982	0.47	0.314	0.156	1.27	0.983	0.287	0.57	0.316	0.255	-5.198	1945.309		0
ZINC00902597_22	1C5T.pdb_1GJ6.pdb_1QBO.pdb	981	0.47	0.337	0.133	1.329	1.05	0.279	0.534	0.332	0.202	-4.088	2046.615		0
ZINC02250704_66	1C5T.pdb_1GJ6.pdb_1QBO.pdb	980	0.47	0.331	0.14	1.524	1.204	0.321	0.512	0.313	0.198	-3.988	1924.305		0
ZINC01483726_111	1C5T.pdb_1GJ6.pdb_1QBO.pdb	979	0.47	0.325	0.146	1.39	1.071	0.319	0.53	0.318	0.212	-4.267	1956.783		0
ZINC01446412_146	1C5T.pdb_1GJ6.pdb_1QBO.pdb	1012	0.469	0.313	0.156	1.44	1.111	0.328	0.532	0.304	0.228	-4.601	1868.403		0
ZINC03457576_119	1C5T.pdb_1GJ6.pdb_1QBO.pdb	1027	0.469	0.336	0.133	1.54	1.217	0.323	0.502	0.317	0.185	-3.707	1946.126		0
ZINC00814141_53	1C5T.pdb_1GJ6.pdb_1QBO.pdb	1014	0.469	0.36	0.11	1.432	1.184	0.248	0.505	0.341	0.165	-3.316	2095.898		0
ZINC00906167_155	1C5T.pdb_1GJ6.pdb_1QBO.pdb	1028	0.469	0.317	0.151	1.308	0.984	0.324	0.54	0.319	0.221	-4.452	1966.671		0
ZINC03530553_164	1C5T.pdb_1GJ6.pdb_1QBO.pdb	1015	0.469	0.297	0.172	1.481	1.085	0.396	0.523	0.291	0.232	-4.66	1786.629		0
ZINC04215208_9	1C5T.pdb_1GJ6.pdb_1QBO.pdb	1013	0.469	0.326	0.143	1.27	1.023	0.247	0.576	0.324	0.252	-5.187	1996.018		0
ZINC04217906_102	1C5T.pdb_1GJ6.pdb_1QBO.pdb	1011	0.469	0.352	0.117	1.601	1.314	0.287	0.489	0.325	0.164	-3.294	1996.19		0
ZINC04257378_118	1C5T.pdb_1GJ6.pdb_1QBO.pdb	1010	0.469	0.362	0.107	1.614	1.348	0.266	0.483	0.331	0.152	-3.054	2032.722		0
ZINC01033522_83	1C5T.pdb_1GJ6.pdb_1QBO.pdb	1003	0.469	0.321	0.148	1.4	1.078	0.322	0.528	0.314	0.214	-4.316	1930.375		0
ZINC04619469_119	1C5T.pdb_1GJ6.pdb_1QBO.pdb	1004	0.469	0.32	0.149	1.528	1.172	0.356	0.51	0.305	0.204	-4.096	1876.917		0
ZINC02579074_119	1C5T.pdb_1GJ6.pdb_1QBO.pdb	1005	0.469	0.392	0.076	1.502	1.316	0.185	0.473	0.358	0.115	-2.306	2204.234		0
ZINC02964627_63	1C5T.pdb_1GJ6.pdb_1QBO.pdb	1006	0.469	0.37	0.099	1.432	1.197	0.235	0.495	0.349	0.145	-2.923	2149.182		0
ZINC02660602_78	1C5T.pdb_1GJ6.pdb_1QBO.pdb	1007	0.469	0.362	0.107	1.39	1.158	0.233	0.51	0.345	0.165	-3.332	2123.313		0
ZINC03815881_94	1C5T.pdb_1GJ6.pdb_1QBO.pdb	1008	0.469	0.328	0.141	1.401	1.092	0.309	0.525	0.319	0.205	-4.138	1965.021		0
ZINC01548696_87	1C5T.pdb_1GJ6.pdb_1QBO.pdb	1009	0.469	0.294	0.175	1.373	1.0	0.373	0.542	0.294	0.248	-4.998	1808.416		0
ZINC02384342_51	1C5T.pdb_1GJ6.pdb_1QBO.pdb	1002	0.469	0.312	0.157	1.503	1.153	0.35	0.521	0.3	0.221	-4.447	1840.661		0
ZINC04619211_113	1C5T.pdb_1GJ6.pdb_1QBO.pdb	1026	0.469	0.341	0.128	1.458	1.174	0.283	0.513	0.325	0.188	-3.797	1996.574		0
ZINC02291655_94	1C5T.pdb_1GJ6.pdb_1QBO.pdb	1025	0.469	0.332	0.137	1.525	1.236	0.289	0.518	0.313	0.206	-4.151	1919.822		0
ZINC04222855_147	1C5T.pdb_1GJ6.pdb_1QBO.pdb	1024	0.469	0.34	0.128	1.427	1.144	0.283	0.516	0.326	0.19	-3.831	2007.159		0
ZINC03808436_129	1C5T.pdb_1GJ6.pdb_1QBO.pdb	1023	0.469	0.336	0.134	1.492	1.183	0.309	0.51	0.319	0.191	-3.838	1961.639		0
ZINC02218504_63	1C5T.pdb_1GJ6.pdb_1QBO.pdb	1022	0.469	0.335	0.134	1.43	1.122	0.308	0.514	0.323	0.191	-3.834	1989.387		0
ZINC03269986_118	1C5T.pdb_1GJ6.pdb_1QBO.pdb	1021	0.469	0.359	0.11	1.576	1.289	0.287	0.483	0.332	0.151	-3.023	2041.068		0
ZINC01539779_180	1C5T.pdb_1GJ6.pdb_1QBO.pdb	1020	0.469	0.316	0.152	1.335	1.017	0.318	0.541	0.315	0.226	-4.572	1939.12		0
ZINC03062661_128	1C5T.pdb_1GJ6.pdb_1QBO.pdb	1019	0.469	0.296	0.173	1.544	1.144	0.4	0.52	0.285	0.234	-4.701	1752.262		0
ZINC03858746_43	1C5T.pdb_1GJ6.pdb_1QBO.pdb	1018	0.469	0.305	0.163	1.405	1.067	0.338	0.539	0.3	0.24	-4.843	1843.288		0
ZINC03977400_123	1C5T.pdb_1GJ6.pdb_1QBO.pdb	1017	0.469	0.363	0.106	1.484	1.221	0.263	0.491	0.341	0.15	-3.015	2095.146		0
ZINC03867341_29	1C5T.pdb_1GJ6.pdb_1QBO.pdb	1016	0.469	0.392	0.077	1.399	1.22	0.179	0.485	0.366	0.119	-2.396	2253.053		0
ZINC01865097_146	1C5T.pdb_1GJ6.pdb_1QBO.pdb	1035	0.468	0.327	0.141	1.47	1.146	0.324	0.514	0.314	0.2	-4.026	1929.708		0
ZINC02975581_131	1C5T.pdb_1GJ6.pdb_1QBO.pdb	1038	0.468	0.373	0.095	1.257	1.073	0.184	0.528	0.364	0.164	-3.347	2247.084		0
ZINC01539778_170	1C5T.pdb_1GJ6.pdb_1QBO.pdb	1037	0.468	0.342	0.126	1.389	1.096	0.292	0.514	0.332	0.181	-3.642	2047.115		0
ZINC03828761_103	1C5T.pdb_1GJ6.pdb_1QBO.pdb	1034	0.468	0.322	0.145	1.355	1.063	0.292	0.541	0.316	0.225	-4.551	1947.456		0
ZINC03820048_135	1C5T.pdb_1GJ6.pdb_1QBO.pdb	1048	0.468	0.381	0.087	1.583	1.363	0.22	0.472	0.346	0.126	-2.534	2123.634		0
ZINC03584472_53	1C5T.pdb_1GJ6.pdb_1QBO.pdb	1032	0.468	0.376	0.092	1.643	1.398	0.245	0.468	0.339	0.129	-2.576	2083.065		0
ZINC02928669_113	1C5T.pdb_1GJ6.pdb_1QBO.pdb	1039	0.468	0.321	0.147	1.391	1.069	0.322	0.528	0.314	0.214	-4.309	1933.795		0
ZINC04392565_100	1C5T.pdb_1GJ6.pdb_1QBO.pdb	1040	0.468	0.311	0.157	1.477	1.105	0.372	0.516	0.302	0.213	-4.271	1860.246		0
ZINC00842632_17	1C5T.pdb_1GJ6.pdb_1QBO.pdb	1041	0.468	0.342	0.126	1.52	1.213	0.306	0.498	0.323	0.175	-3.517	1985.537		0
ZINC01826420_184	1C5T.pdb_1GJ6.pdb_1QBO.pdb	1029	0.468	0.35	0.118	1.413	1.137	0.276	0.507	0.336	0.171	-3.437	2068.281		0
ZINC03361445_78	1C5T.pdb_1GJ6.pdb_1QBO.pdb	1030	0.468	0.347	0.121	1.485	1.194	0.292	0.5	0.329	0.171	-3.43	2021.15		0
ZINC03820285_79	1C5T.pdb_1GJ6.pdb_1QBO.pdb	1042	0.468	0.331	0.137	1.406	1.135	0.271	0.536	0.319	0.217	-4.406	1959.895		0
ZINC02136685_161	1C5T.pdb_1GJ6.pdb_1QBO.pdb	1031	0.468	0.335	0.133	1.354	1.082	0.271	0.533	0.326	0.206	-4.176	2010.593		0
ZINC03525889_198	1C5T.pdb_1GJ6.pdb_1QBO.pdb	1033	0.468	0.329	0.14	1.495	1.16	0.336	0.507	0.314	0.193	-3.862	1933.384		0
ZINC03343938_84	1C5T.pdb_1GJ6.pdb_1QBO.pdb	1049	0.468	0.368	0.101	1.379	1.141	0.239	0.5	0.352	0.148	-2.976	2166.181		0
ZINC03105220_177	1C5T.pdb_1GJ6.pdb_1QBO.pdb	1036	0.468	0.367	0.101	1.55	1.31	0.24	0.486	0.337	0.148	-2.981	2073.322		0
ZINC00962263_71	1C5T.pdb_1GJ6.pdb_1QBO.pdb	1047	0.468	0.347	0.121	1.435	1.138	0.297	0.503	0.333	0.17	-3.41	2049.496		0
ZINC04619253_66	1C5T.pdb_1GJ6.pdb_1QBO.pdb	1046	0.468	0.336	0.132	1.376	1.084	0.292	0.521	0.327	0.194	-3.914	2014.029		0
ZINC02002121_198	1C5T.pdb_1GJ6.pdb_1QBO.pdb	1045	0.468	0.32	0.148	1.376	1.109	0.267	0.56	0.31	0.25	-5.112	1908.623		0
ZINC00902651_185	1C5T.pdb_1GJ6.pdb_1QBO.pdb	1044	0.468	0.321	0.147	1.263	0.969	0.295	0.551	0.324	0.227	-4.604	2000.537		0
ZINC00902591_59	1C5T.pdb_1GJ6.pdb_1QBO.pdb	1043	0.468	0.359	0.108	1.27	1.053	0.217	0.53	0.353	0.177	-3.603	2178.093		0
ZINC00921219_60	1C5T.pdb_1GJ6.pdb_1QBO.pdb	1050	0.467	0.359	0.108	1.311	1.071	0.24	0.514	0.35	0.164	-3.3	2160.78		0
ZINC00902679_157	1C5T.pdb_1GJ6.pdb_1QBO.pdb	1051	0.467	0.355	0.113	1.277	1.044	0.233	0.529	0.349	0.179	-3.636	2156.083		0
ZINC00902619_171	1C5T.pdb_1GJ6.pdb_1QBO.pdb	1052	0.467	0.364	0.103	1.304	1.096	0.208	0.522	0.352	0.17	-3.446	2172.368		0
ZINC04529203_106	1C5T.pdb_1GJ6.pdb_1QBO.pdb	1053	0.467	0.343	0.124	1.526	1.254	0.273	0.506	0.321	0.185	-3.729	1970.412		0
ZINC03449894_65	1C5T.pdb_1GJ6.pdb_1QBO.pdb	1054	0.467	0.297	0.17	1.514	1.092	0.422	0.512	0.29	0.222	-4.444	1781.225		0
ZINC03974622_6	1C5T.pdb_1GJ6.pdb_1QBO.pdb	1055	0.467	0.364	0.103	1.318	1.094	0.224	0.513	0.353	0.16	-3.229	2178.84		0
ZINC03834111_143	1C5T.pdb_1GJ6.pdb_1QBO.pdb	1056	0.467	0.33	0.137	1.356	1.066	0.29	0.529	0.323	0.206	-4.16	1991.891		1
ZINC01109283_126	1C5T.pdb_1GJ6.pdb_1QBO.pdb	1058	0.467	0.323	0.144	1.502	1.137	0.365	0.504	0.311	0.193	-3.853	1912.281		0
ZINC03429542_38	1C5T.pdb_1GJ6.pdb_1QBO.pdb	1057	0.467	0.316	0.151	1.396	1.067	0.329	0.529	0.31	0.218	-4.397	1909.634		0
ZINC03807321_139	1C5T.pdb_1GJ6.pdb_1QBO.pdb	1065	0.467	0.333	0.134	1.532	1.222	0.309	0.505	0.314	0.191	-3.848	1926.825		0
ZINC04383173_138	1C5T.pdb_1GJ6.pdb_1QBO.pdb	1063	0.467	0.303	0.164	1.358	1.02	0.339	0.542	0.301	0.241	-4.86	1855.375		0
ZINC01814861_172	1C5T.pdb_1GJ6.pdb_1QBO.pdb	1064	0.467	0.35	0.117	1.447	1.16	0.287	0.499	0.334	0.165	-3.298	2057.217		0
ZINC04355175_53	1C5T.pdb_1GJ6.pdb_1QBO.pdb	1062	0.467	0.324	0.142	1.462	1.15	0.312	0.519	0.311	0.207	-4.179	1913.438		0
ZINC02372106_185	1C5T.pdb_1GJ6.pdb_1QBO.pdb	1061	0.467	0.344	0.123	1.476	1.193	0.283	0.504	0.326	0.179	-3.592	2001.788		0
ZINC02960156_162	1C5T.pdb_1GJ6.pdb_1QBO.pdb	1060	0.467	0.334	0.134	1.489	1.193	0.295	0.513	0.317	0.196	-3.955	1946.423		0
ZINC03964139_83	1C5T.pdb_1GJ6.pdb_1QBO.pdb	1059	0.467	0.348	0.119	1.455	1.176	0.279	0.503	0.331	0.173	-3.468	2035.375		0
ZINC04235607_107	1C5T.pdb_1GJ6.pdb_1QBO.pdb	1072	0.466	0.308	0.158	1.422	1.082	0.34	0.529	0.301	0.228	-4.596	1853.203		0
ZINC00588653_50	1C5T.pdb_1GJ6.pdb_1QBO.pdb	1078	0.466	0.354	0.111	1.451	1.201	0.251	0.501	0.335	0.167	-3.357	2058.005		0
ZINC03405586_184	1C5T.pdb_1GJ6.pdb_1QBO.pdb	1077	0.466	0.325	0.142	1.571	1.211	0.36	0.497	0.307	0.19	-3.79	1887.589		0
ZINC00761797_191	1C5T.pdb_1GJ6.pdb_1QBO.pdb	1076	0.466	0.345	0.121	1.48	1.167	0.314	0.494	0.329	0.165	-3.307	2021.859		0
ZINC02967870_27	1C5T.pdb_1GJ6.pdb_1QBO.pdb	1075	0.466	0.328	0.138	1.366	1.062	0.304	0.524	0.322	0.202	-4.079	1982.033		0
ZINC03304882_86	1C5T.pdb_1GJ6.pdb_1QBO.pdb	1074	0.466	0.329	0.137	1.491	1.18	0.311	0.51	0.313	0.196	-3.949	1925.196		0
ZINC03244776_78	1C5T.pdb_1GJ6.pdb_1QBO.pdb	1073	0.466	0.365	0.101	1.588	1.311	0.277	0.473	0.336	0.137	-2.732	2062.52		0
ZINC03987016_192	1C5T.pdb_1GJ6.pdb_1QBO.pdb	1086	0.466	0.352	0.114	1.491	1.234	0.257	0.501	0.33	0.171	-3.436	2028.907		0
ZINC03338441_43	1C5T.pdb_1GJ6.pdb_1QBO.pdb	1087	0.466	0.36	0.106	1.719	1.441	0.278	0.47	0.324	0.146	-2.927	1987.871		0
ZINC02065596_105	1C5T.pdb_1GJ6.pdb_1QBO.pdb	1083	0.466	0.317	0.149	1.661	1.285	0.376	0.494	0.296	0.198	-3.961	1816.831		0
ZINC03871842_198	1C5T.pdb_1GJ6.pdb_1QBO.pdb	1082	0.466	0.296	0.17	1.615	1.135	0.48	0.494	0.286	0.208	-4.142	1756.599		0
ZINC01534345_181	1C5T.pdb_1GJ6.pdb_1QBO.pdb	1085	0.466	0.326	0.14	1.417	1.101	0.316	0.517	0.317	0.2	-4.024	1948.11		0
ZINC03834116_99	1C5T.pdb_1GJ6.pdb_1QBO.pdb	1068	0.466	0.292	0.174	1.295	0.924	0.371	0.546	0.299	0.247	-4.975	1844.01		1
ZINC03944257_83	1C5T.pdb_1GJ6.pdb_1QBO.pdb	1079	0.466	0.338	0.128	1.397	1.101	0.297	0.511	0.328	0.184	-3.689	2018.831		0
ZINC03820048_71	1C5T.pdb_1GJ6.pdb_1QBO.pdb	1080	0.466	0.296	0.169	1.528	1.13	0.398	0.514	0.286	0.228	-4.564	1759.804		0
ZINC00587715_187	1C5T.pdb_1GJ6.pdb_1QBO.pdb	1081	0.466	0.348	0.119	1.595	1.287	0.307	0.484	0.323	0.162	-3.236	1981.632		0
ZINC02946022_188	1C5T.pdb_1GJ6.pdb_1QBO.pdb	1071	0.466	0.362	0.104	1.295	1.097	0.198	0.53	0.351	0.179	-3.649	2163.286		0
ZINC04188447_80	1C5T.pdb_1GJ6.pdb_1QBO.pdb	1067	0.466	0.343	0.123	1.608	1.307	0.301	0.489	0.317	0.172	-3.455	1946.603		0
ZINC03988711_61	1C5T.pdb_1GJ6.pdb_1QBO.pdb	1066	0.466	0.344	0.121	1.29	1.054	0.236	0.538	0.338	0.2	-4.066	2086.048		0
ZINC03840215_129	1C5T.pdb_1GJ6.pdb_1QBO.pdb	1070	0.466	0.328	0.138	1.456	1.174	0.282	0.526	0.313	0.213	-4.309	1922.847		0
ZINC03405968_179	1C5T.pdb_1GJ6.pdb_1QBO.pdb	1084	0.466	0.324	0.141	1.549	1.215	0.334	0.503	0.307	0.196	-3.936	1885.241		0
ZINC03815879_8	1C5T.pdb_1GJ6.pdb_1QBO.pdb	1069	0.466	0.329	0.136	1.449	1.134	0.314	0.511	0.317	0.194	-3.906	1950.553		0
ZINC03889343_196	1C5T.pdb_1GJ6.pdb_1QBO.pdb	1094	0.465	0.327	0.137	1.445	1.129	0.316	0.511	0.316	0.196	-3.929	1941.632		0
ZINC02252933_190	1C5T.pdb_1GJ6.pdb_1QBO.pdb	1102	0.465	0.337	0.127	1.319	1.075	0.244	0.54	0.33	0.21	-4.274	2030.83		0
ZINC03980156_186	1C5T.pdb_1GJ6.pdb_1QBO.pdb	1103	0.465	0.32	0.145	1.515	1.198	0.317	0.515	0.304	0.211	-4.247	1866.869		0
ZINC03446683_31	1C5T.pdb_1GJ6.pdb_1QBO.pdb	1099	0.465	0.322	0.143	1.501	1.163	0.338	0.507	0.308	0.198	-3.981	1896.357		0
ZINC04356242_198	1C5T.pdb_1GJ6.pdb_1QBO.pdb	1098	0.465	0.363	0.101	1.417	1.195	0.222	0.5	0.343	0.157	-3.176	2110.875		0
ZINC03930465_127	1C5T.pdb_1GJ6.pdb_1QBO.pdb	1100	0.465	0.253	0.212	1.383	0.925	0.457	0.541	0.258	0.283	-5.689	1586.591		0
ZINC04188516_3	1C5T.pdb_1GJ6.pdb_1QBO.pdb	1090	0.465	0.351	0.114	1.569	1.302	0.267	0.49	0.325	0.165	-3.323	1994.109		0
ZINC03867359_157	1C5T.pdb_1GJ6.pdb_1QBO.pdb	1095	0.465	0.308	0.157	1.397	1.082	0.315	0.54	0.301	0.239	-4.835	1851.651		0
ZINC02975581_122	1C5T.pdb_1GJ6.pdb_1QBO.pdb	1089	0.465	0.351	0.115	1.243	1.025	0.219	0.543	0.348	0.195	-3.976	2145.187		0
ZINC03980048_178	1C5T.pdb_1GJ6.pdb_1QBO.pdb	1097	0.465	0.318	0.147	1.42	1.111	0.309	0.528	0.309	0.219	-4.431	1897.905		0
ZINC03342986_50	1C5T.pdb_1GJ6.pdb_1QBO.pdb	1101	0.465	0.376	0.089	1.378	1.199	0.178	0.505	0.354	0.151	-3.068	2180.247		0
ZINC03829686_36	1C5T.pdb_1GJ6.pdb_1QBO.pdb	1093	0.465	0.322	0.143	1.395	1.093	0.302	0.528	0.313	0.215	-4.333	1929.346		0
ZINC03500184_14	1C5T.pdb_1GJ6.pdb_1QBO.pdb	1092	0.465	0.341	0.124	1.555	1.241	0.314	0.49	0.32	0.17	-3.392	1966.507		0
ZINC03135950_102	1C5T.pdb_1GJ6.pdb_1QBO.pdb	1091	0.465	0.307	0.157	1.486	1.131	0.355	0.517	0.297	0.22	-4.423	1824.036		0
ZINC03652389_8	1C5T.pdb_1GJ6.pdb_1QBO.pdb	1088	0.465	0.298	0.167	1.579	1.165	0.414	0.504	0.286	0.218	-4.364	1756.432		0
ZINC03315248_144	1C5T.pdb_1GJ6.pdb_1QBO.pdb	1096	0.465	0.358	0.107	1.554	1.258	0.297	0.476	0.334	0.143	-2.842	2051.207		0
ZINC02488182_97	1C5T.pdb_1GJ6.pdb_1QBO.pdb	1108	0.464	0.332	0.132	1.43	1.139	0.291	0.513	0.319	0.194	-3.9	1964.403		0
ZINC04400044_194	1C5T.pdb_1GJ6.pdb_1QBO.pdb	1131	0.464	0.316	0.148	1.474	1.126	0.348	0.509	0.305	0.204	-4.096	1876.622		0
ZINC02645276_173	1C5T.pdb_1GJ6.pdb_1QBO.pdb	1130	0.464	0.333	0.131	1.65	1.314	0.336	0.486	0.309	0.177	-3.536	1895.296		0
ZINC00718798_187	1C5T.pdb_1GJ6.pdb_1QBO.pdb	1125	0.464	0.338	0.126	1.388	1.114	0.273	0.516	0.326	0.19	-3.828	2008.208		0
ZINC01889282_99	1C5T.pdb_1GJ6.pdb_1QBO.pdb	1124	0.464	0.351	0.113	1.408	1.143	0.265	0.501	0.336	0.164	-3.298	2071.517		0
ZINC03891131_92	1C5T.pdb_1GJ6.pdb_1QBO.pdb	1123	0.464	0.306	0.158	1.393	1.079	0.314	0.541	0.299	0.242	-4.902	1841.571		0
ZINC02432904_50	1C5T.pdb_1GJ6.pdb_1QBO.pdb	1122	0.464	0.366	0.098	1.422	1.189	0.233	0.49	0.346	0.144	-2.903	2128.901		0
ZINC03416471_133	1C5T.pdb_1GJ6.pdb_1QBO.pdb	1120	0.464	0.333	0.131	1.56	1.258	0.302	0.499	0.312	0.187	-3.765	1914.943		0
ZINC03801225_115	1C5T.pdb_1GJ6.pdb_1QBO.pdb	1109	0.464	0.337	0.127	1.418	1.123	0.294	0.507	0.325	0.182	-3.659	2000.93		0
ZINC03841305_2	1C5T.pdb_1GJ6.pdb_1QBO.pdb	1113	0.464	0.322	0.142	1.439	1.098	0.342	0.509	0.313	0.196	-3.925	1924.153		0
ZINC03816461_164	1C5T.pdb_1GJ6.pdb_1QBO.pdb	1112	0.464	0.306	0.158	1.493	1.151	0.342	0.521	0.294	0.227	-4.573	1806.873		0
ZINC01534672_42	1C5T.pdb_1GJ6.pdb_1QBO.pdb	1106	0.464	0.323	0.14	1.475	1.178	0.296	0.519	0.308	0.211	-4.253	1893.389		0
ZINC01541499_134	1C5T.pdb_1GJ6.pdb_1QBO.pdb	1107	0.464	0.382	0.082	1.477	1.287	0.19	0.478	0.352	0.126	-2.539	2167.464		0
ZINC04235822_127	1C5T.pdb_1GJ6.pdb_1QBO.pdb	1111	0.464	0.322	0.143	1.408	1.096	0.311	0.522	0.313	0.209	-4.209	1924.175		0
ZINC03022380_163	1C5T.pdb_1GJ6.pdb_1QBO.pdb	1110	0.464	0.329	0.135	1.529	1.184	0.344	0.494	0.313	0.181	-3.626	1923.122		0
ZINC03800681_90	1C5T.pdb_1GJ6.pdb_1QBO.pdb	1104	0.464	0.299	0.165	1.372	1.0	0.372	0.529	0.299	0.23	-4.617	1841.919		0
ZINC00779494_18	1C5T.pdb_1GJ6.pdb_1QBO.pdb	1105	0.464	0.321	0.144	1.51	1.165	0.345	0.504	0.307	0.198	-3.959	1884.769		0
ZINC03665811_50	1C5T.pdb_1GJ6.pdb_1QBO.pdb	1127	0.464	0.343	0.121	1.633	1.321	0.312	0.481	0.316	0.165	-3.291	1942.364		0
ZINC03891133_198	1C5T.pdb_1GJ6.pdb_1QBO.pdb	1126	0.464	0.309	0.155	1.366	1.068	0.298	0.546	0.303	0.243	-4.937	1864.274		0
ZINC03804979_119	1C5T.pdb_1GJ6.pdb_1QBO.pdb	1115	0.464	0.281	0.183	1.633	1.156	0.478	0.5	0.271	0.229	-4.573	1662.674		0
ZINC04142153_118	1C5T.pdb_1GJ6.pdb_1QBO.pdb	1114	0.464	0.349	0.115	1.589	1.271	0.317	0.478	0.325	0.152	-3.04	1998.185		0
ZINC00603072_112	1C5T.pdb_1GJ6.pdb_1QBO.pdb	1118	0.464	0.357	0.107	1.459	1.253	0.206	0.516	0.333	0.183	-3.739	2046.962		0
ZINC03408915_42	1C5T.pdb_1GJ6.pdb_1QBO.pdb	1119	0.464	0.348	0.116	1.523	1.222	0.301	0.486	0.327	0.159	-3.176	2013.253		0
ZINC03868275_163	1C5T.pdb_1GJ6.pdb_1QBO.pdb	1128	0.464	0.303	0.162	1.538	1.163	0.376	0.511	0.29	0.221	-4.429	1784.129		0
ZINC03530555_173	1C5T.pdb_1GJ6.pdb_1QBO.pdb	1121	0.464	0.348	0.116	1.504	1.223	0.282	0.492	0.327	0.165	-3.312	2012.155		0
ZINC02422125_43	1C5T.pdb_1GJ6.pdb_1QBO.pdb	1129	0.464	0.307	0.156	1.531	1.165	0.366	0.509	0.294	0.215	-4.307	1808.277		0
ZINC03840225_110	1C5T.pdb_1GJ6.pdb_1QBO.pdb	1132	0.464	0.33	0.134	1.449	1.174	0.275	0.522	0.314	0.208	-4.206	1932.957		0
ZINC03891138_127	1C5T.pdb_1GJ6.pdb_1QBO.pdb	1117	0.464	0.309	0.155	1.396	1.098	0.298	0.544	0.301	0.243	-4.936	1849.558		0
ZINC04619462_196	1C5T.pdb_1GJ6.pdb_1QBO.pdb	1116	0.464	0.336	0.128	1.435	1.14	0.295	0.508	0.323	0.185	-3.719	1985.942		0
ZINC03933550_32	1C5T.pdb_1GJ6.pdb_1QBO.pdb	1135	0.463	0.321	0.141	1.315	1.017	0.298	0.531	0.32	0.212	-4.277	1969.497		0
ZINC01483635_23	1C5T.pdb_1GJ6.pdb_1QBO.pdb	1134	0.463	0.33	0.133	1.442	1.12	0.322	0.503	0.319	0.185	-3.699	1961.452		0
ZINC02221826_145	1C5T.pdb_1GJ6.pdb_1QBO.pdb	1138	0.463	0.355	0.108	1.384	1.15	0.234	0.506	0.339	0.167	-3.368	2088.346		0
ZINC00902641_161	1C5T.pdb_1GJ6.pdb_1QBO.pdb	1144	0.463	0.308	0.155	1.22	0.929	0.291	0.566	0.315	0.25	-5.1	1945.756		0
ZINC03293475_4	1C5T.pdb_1GJ6.pdb_1QBO.pdb	1145	0.463	0.326	0.137	1.566	1.265	0.302	0.506	0.305	0.201	-4.048	1874.789		0
ZINC03993077_193	1C5T.pdb_1GJ6.pdb_1QBO.pdb	1143	0.463	0.346	0.117	1.481	1.208	0.274	0.496	0.326	0.169	-3.404	2006.262		0
ZINC03867358_120	1C5T.pdb_1GJ6.pdb_1QBO.pdb	1141	0.463	0.284	0.179	1.369	1.017	0.352	0.549	0.283	0.266	-5.395	1738.154		0
ZINC04529429_3	1C5T.pdb_1GJ6.pdb_1QBO.pdb	1140	0.463	0.355	0.108	1.551	1.284	0.267	0.482	0.329	0.153	-3.064	2023.371		0
ZINC02516126_59	1C5T.pdb_1GJ6.pdb_1QBO.pdb	1139	0.463	0.309	0.154	1.503	1.169	0.334	0.518	0.295	0.222	-4.474	1814.788		0
ZINC02212825_65	1C5T.pdb_1GJ6.pdb_1QBO.pdb	1142	0.463	0.349	0.114	1.41	1.142	0.269	0.5	0.334	0.166	-3.342	2056.887		0
ZINC01062173_66	1C5T.pdb_1GJ6.pdb_1QBO.pdb	1136	0.463	0.301	0.162	1.488	1.123	0.365	0.517	0.291	0.226	-4.533	1788.19		0
ZINC03401801_193	1C5T.pdb_1GJ6.pdb_1QBO.pdb	1133	0.463	0.346	0.117	1.432	1.162	0.27	0.501	0.33	0.171	-3.434	2031.186		0
ZINC03530599_149	1C5T.pdb_1GJ6.pdb_1QBO.pdb	1137	0.463	0.296	0.167	1.542	1.134	0.408	0.507	0.286	0.22	-4.41	1759.324		0
ZINC03834186_99	1C5T.pdb_1GJ6.pdb_1QBO.pdb	1149	0.462	0.335	0.128	1.553	1.242	0.311	0.492	0.314	0.178	-3.567	1929.317		1
ZINC03963063_68	1C5T.pdb_1GJ6.pdb_1QBO.pdb	1146	0.462	0.333	0.13	1.518	1.231	0.287	0.504	0.313	0.191	-3.847	1923.575		0
ZINC04191683_88	1C5T.pdb_1GJ6.pdb_1QBO.pdb	1150	0.462	0.345	0.117	1.552	1.278	0.274	0.49	0.321	0.169	-3.402	1972.534		0
ZINC03529019_83	1C5T.pdb_1GJ6.pdb_1QBO.pdb	1147	0.462	0.3	0.162	1.498	1.121	0.377	0.512	0.291	0.221	-4.435	1786.87		0
ZINC03815878_8	1C5T.pdb_1GJ6.pdb_1QBO.pdb	1154	0.462	0.325	0.137	1.388	1.086	0.302	0.518	0.317	0.2	-4.037	1953.306		0
ZINC02847030_10	1C5T.pdb_1GJ6.pdb_1QBO.pdb	1151	0.462	0.322	0.14	1.477	1.182	0.295	0.517	0.307	0.21	-4.239	1884.203		0
ZINC02586498_166	1C5T.pdb_1GJ6.pdb_1QBO.pdb	1152	0.462	0.344	0.119	1.527	1.25	0.277	0.493	0.322	0.172	-3.449	1975.921		0
ZINC03820342_36	1C5T.pdb_1GJ6.pdb_1QBO.pdb	1159	0.462	0.336	0.126	1.573	1.204	0.369	0.478	0.318	0.16	-3.185	1954.668		0
ZINC01539714_101	1C5T.pdb_1GJ6.pdb_1QBO.pdb	1158	0.462	0.359	0.104	1.395	1.168	0.227	0.502	0.341	0.161	-3.252	2098.819		0
ZINC04424329_141	1C5T.pdb_1GJ6.pdb_1QBO.pdb	1157	0.462	0.358	0.105	1.557	1.309	0.248	0.483	0.33	0.153	-3.077	2027.72		0
ZINC03990238_83	1C5T.pdb_1GJ6.pdb_1QBO.pdb	1156	0.462	0.339	0.123	1.326	1.071	0.255	0.524	0.331	0.193	-3.897	2040.721		0
ZINC00587735_165	1C5T.pdb_1GJ6.pdb_1QBO.pdb	1155	0.462	0.354	0.109	1.566	1.282	0.284	0.478	0.328	0.15	-2.991	2016.936		0
ZINC00962261_91	1C5T.pdb_1GJ6.pdb_1QBO.pdb	1148	0.462	0.341	0.12	1.419	1.125	0.295	0.498	0.329	0.169	-3.386	2024.349		0
ZINC02622073_102	1C5T.pdb_1GJ6.pdb_1QBO.pdb	1160	0.462	0.33	0.133	1.469	1.167	0.302	0.506	0.315	0.191	-3.844	1936.364		0
ZINC03818071_103	1C5T.pdb_1GJ6.pdb_1QBO.pdb	1153	0.462	0.351	0.11	1.378	1.138	0.24	0.507	0.337	0.17	-3.432	2074.932		0
ZINC04252070_143	1C5T.pdb_1GJ6.pdb_1QBO.pdb	1162	0.461	0.326	0.135	1.611	1.243	0.368	0.483	0.306	0.177	-3.522	1879.441		0
ZINC01541286_146	1C5T.pdb_1GJ6.pdb_1QBO.pdb	1165	0.461	0.29	0.171	1.499	1.117	0.382	0.518	0.281	0.236	-4.75	1728.783		0
ZINC01911614_198	1C5T.pdb_1GJ6.pdb_1QBO.pdb	1167	0.461	0.316	0.145	1.489	1.172	0.317	0.513	0.302	0.211	-4.248	1853.304		0
ZINC03840217_164	1C5T.pdb_1GJ6.pdb_1QBO.pdb	1166	0.461	0.35	0.111	1.462	1.231	0.232	0.504	0.329	0.175	-3.544	2020.839		0
ZINC00977950_50	1C5T.pdb_1GJ6.pdb_1QBO.pdb	1163	0.461	0.349	0.112	1.415	1.177	0.239	0.505	0.332	0.173	-3.497	2040.425		0
ZINC01886806_181	1C5T.pdb_1GJ6.pdb_1QBO.pdb	1170	0.461	0.338	0.123	1.442	1.17	0.271	0.506	0.322	0.184	-3.71	1979.493		0
ZINC04522026_24	1C5T.pdb_1GJ6.pdb_1QBO.pdb	1168	0.461	0.332	0.129	1.451	1.179	0.272	0.513	0.316	0.197	-3.974	1943.07		0
ZINC03840234_80	1C5T.pdb_1GJ6.pdb_1QBO.pdb	1161	0.461	0.345	0.116	1.47	1.22	0.25	0.502	0.325	0.178	-3.585	1997.448		0
ZINC02970930_92	1C5T.pdb_1GJ6.pdb_1QBO.pdb	1175	0.461	0.373	0.088	1.456	1.235	0.221	0.475	0.348	0.127	-2.543	2142.815		0
ZINC03990230_121	1C5T.pdb_1GJ6.pdb_1QBO.pdb	1174	0.461	0.324	0.137	1.461	1.16	0.301	0.511	0.31	0.2	-4.032	1908.81		0
ZINC00921217_171	1C5T.pdb_1GJ6.pdb_1QBO.pdb	1173	0.461	0.339	0.122	1.295	1.027	0.268	0.519	0.336	0.183	-3.682	2073.259		0
ZINC03874559_171	1C5T.pdb_1GJ6.pdb_1QBO.pdb	1172	0.461	0.328	0.133	1.394	1.123	0.27	0.524	0.316	0.208	-4.208	1945.873		0
ZINC00764212_165	1C5T.pdb_1GJ6.pdb_1QBO.pdb	1171	0.461	0.331	0.13	1.441	1.14	0.301	0.505	0.318	0.187	-3.749	1956.645		0
ZINC02124510_80	1C5T.pdb_1GJ6.pdb_1QBO.pdb	1164	0.461	0.342	0.119	1.482	1.19	0.292	0.491	0.324	0.167	-3.35	1993.996		0
ZINC02352011_125	1C5T.pdb_1GJ6.pdb_1QBO.pdb	1176	0.461	0.359	0.102	1.451	1.241	0.21	0.501	0.336	0.165	-3.338	2065.329		0
ZINC03519423_94	1C5T.pdb_1GJ6.pdb_1QBO.pdb	1169	0.461	0.36	0.101	1.535	1.274	0.261	0.475	0.334	0.141	-2.824	2052.221		0
ZINC01840043_183	1C5T.pdb_1GJ6.pdb_1QBO.pdb	1199	0.46	0.36	0.1	1.446	1.208	0.238	0.486	0.339	0.147	-2.961	2082.789		0
ZINC04382511_172	1C5T.pdb_1GJ6.pdb_1QBO.pdb	1198	0.46	0.319	0.142	1.479	1.155	0.324	0.506	0.305	0.201	-4.035	1877.58		0
ZINC02416419_188	1C5T.pdb_1GJ6.pdb_1QBO.pdb	1197	0.46	0.313	0.147	1.485	1.113	0.372	0.499	0.304	0.196	-3.911	1866.745		0
ZINC03977131_182	1C5T.pdb_1GJ6.pdb_1QBO.pdb	1196	0.46	0.329	0.131	1.416	1.113	0.302	0.506	0.319	0.187	-3.76	1961.504		0
ZINC01553112_104	1C5T.pdb_1GJ6.pdb_1QBO.pdb	1194	0.46	0.353	0.107	1.483	1.259	0.224	0.498	0.329	0.169	-3.429	2022.277		0
ZINC03801311_115	1C5T.pdb_1GJ6.pdb_1QBO.pdb	1195	0.46	0.318	0.143	1.447	1.146	0.301	0.519	0.305	0.214	-4.313	1876.1		0
ZINC03814069_22	1C5T.pdb_1GJ6.pdb_1QBO.pdb	1180	0.46	0.322	0.137	1.482	1.165	0.316	0.504	0.308	0.196	-3.931	1893.946		0
ZINC04030420_151	1C5T.pdb_1GJ6.pdb_1QBO.pdb	1178	0.46	0.358	0.102	1.353	1.114	0.24	0.497	0.345	0.152	-3.05	2127.245		0
ZINC03356249_169	1C5T.pdb_1GJ6.pdb_1QBO.pdb	1179	0.46	0.322	0.138	1.607	1.274	0.333	0.492	0.301	0.191	-3.824	1846.299		0
ZINC03891147_69	1C5T.pdb_1GJ6.pdb_1QBO.pdb	1183	0.46	0.351	0.109	1.485	1.252	0.232	0.499	0.328	0.172	-3.472	2013.107		0
ZINC04056952_190	1C5T.pdb_1GJ6.pdb_1QBO.pdb	1181	0.46	0.33	0.13	1.457	1.172	0.285	0.508	0.315	0.193	-3.893	1937.439		0
ZINC01831170_168	1C5T.pdb_1GJ6.pdb_1QBO.pdb	1182	0.46	0.356	0.104	1.39	1.155	0.235	0.497	0.34	0.156	-3.152	2093.588		0
ZINC02370986_44	1C5T.pdb_1GJ6.pdb_1QBO.pdb	1200	0.46	0.339	0.121	1.364	1.097	0.267	0.51	0.329	0.181	-3.651	2025.806		0
ZINC00588651_194	1C5T.pdb_1GJ6.pdb_1QBO.pdb	1177	0.46	0.35	0.109	1.448	1.19	0.258	0.491	0.332	0.16	-3.211	2039.916		0
ZINC03891139_189	1C5T.pdb_1GJ6.pdb_1QBO.pdb	1184	0.46	0.306	0.155	1.387	1.089	0.298	0.541	0.298	0.243	-4.936	1834.361		0
ZINC03980272_97	1C5T.pdb_1GJ6.pdb_1QBO.pdb	1185	0.46	0.298	0.162	1.373	1.039	0.334	0.534	0.295	0.239	-4.823	1815.461		0
ZINC03974958_106	1C5T.pdb_1GJ6.pdb_1QBO.pdb	1191	0.46	0.34	0.12	1.504	1.246	0.258	0.502	0.319	0.183	-3.701	1958.763		0
ZINC00902649_155	1C5T.pdb_1GJ6.pdb_1QBO.pdb	1190	0.46	0.306	0.154	1.241	0.934	0.307	0.549	0.312	0.237	-4.801	1927.738		0
ZINC03795710_59	1C5T.pdb_1GJ6.pdb_1QBO.pdb	1189	0.46	0.359	0.101	1.37	1.169	0.201	0.511	0.341	0.17	-3.454	2098.629		0
ZINC03671448_158	1C5T.pdb_1GJ6.pdb_1QBO.pdb	1188	0.46	0.327	0.133	1.454	1.148	0.307	0.504	0.314	0.19	-3.821	1930.654		0
ZINC03633212_161	1C5T.pdb_1GJ6.pdb_1QBO.pdb	1187	0.46	0.305	0.155	1.355	1.057	0.298	0.544	0.301	0.243	-4.937	1849.449		0
ZINC03990241_98	1C5T.pdb_1GJ6.pdb_1QBO.pdb	1186	0.46	0.329	0.132	1.318	1.048	0.271	0.528	0.324	0.204	-4.133	1995.4		0
ZINC03972587_22	1C5T.pdb_1GJ6.pdb_1QBO.pdb	1192	0.46	0.353	0.106	1.255	1.032	0.223	0.519	0.349	0.169	-3.425	2156.635		0
ZINC00761963_130	1C5T.pdb_1GJ6.pdb_1QBO.pdb	1193	0.46	0.361	0.099	1.474	1.227	0.247	0.48	0.339	0.142	-2.837	2083.456		0
ZINC03522031_125	1C5T.pdb_1GJ6.pdb_1QBO.pdb	1203	0.459	0.297	0.163	1.505	1.121	0.384	0.507	0.287	0.22	-4.411	1765.318		0
ZINC03796181_40	1C5T.pdb_1GJ6.pdb_1QBO.pdb	1205	0.459	0.354	0.104	1.441	1.182	0.26	0.485	0.336	0.149	-2.982	2066.324		0
ZINC04188463_14	1C5T.pdb_1GJ6.pdb_1QBO.pdb	1210	0.459	0.336	0.123	1.625	1.324	0.301	0.482	0.31	0.172	-3.454	1903.071		0
ZINC03834187_88	1C5T.pdb_1GJ6.pdb_1QBO.pdb	1213	0.459	0.327	0.132	1.49	1.21	0.28	0.509	0.31	0.199	-4.02	1902.749		1
ZINC00720208_71	1C5T.pdb_1GJ6.pdb_1QBO.pdb	1212	0.459	0.341	0.118	1.389	1.126	0.263	0.504	0.329	0.175	-3.53	2024.349		0
ZINC02651721_93	1C5T.pdb_1GJ6.pdb_1QBO.pdb	1211	0.459	0.356	0.102	1.431	1.208	0.223	0.494	0.336	0.158	-3.2	2065.87		0
ZINC03990227_179	1C5T.pdb_1GJ6.pdb_1QBO.pdb	1201	0.459	0.323	0.136	1.468	1.154	0.314	0.504	0.31	0.194	-3.897	1904.533		0
ZINC04388344_30	1C5T.pdb_1GJ6.pdb_1QBO.pdb	1202	0.459	0.344	0.116	1.41	1.151	0.26	0.501	0.329	0.172	-3.474	2024.676		0
ZINC02654203_21	1C5T.pdb_1GJ6.pdb_1QBO.pdb	1207	0.459	0.349	0.11	1.402	1.164	0.238	0.502	0.333	0.169	-3.42	2047.286		0
ZINC03818583_110	1C5T.pdb_1GJ6.pdb_1QBO.pdb	1208	0.459	0.299	0.16	1.361	1.0	0.361	0.521	0.298	0.223	-4.488	1835.541		0
ZINC03406335_199	1C5T.pdb_1GJ6.pdb_1QBO.pdb	1204	0.459	0.379	0.08	1.511	1.311	0.2	0.465	0.347	0.117	-2.353	2135.885		0
ZINC03972800_179	1C5T.pdb_1GJ6.pdb_1QBO.pdb	1206	0.459	0.329	0.13	1.429	1.152	0.277	0.513	0.316	0.197	-3.978	1940.899		0
ZINC04001541_73	1C5T.pdb_1GJ6.pdb_1QBO.pdb	1209	0.459	0.344	0.115	1.395	1.143	0.252	0.505	0.33	0.175	-3.527	2031.364		0
ZINC03838775_177	1C5T.pdb_1GJ6.pdb_1QBO.pdb	1223	0.458	0.321	0.137	1.382	1.092	0.29	0.519	0.313	0.206	-4.156	1924.405		0
ZINC01764494_121	1C5T.pdb_1GJ6.pdb_1QBO.pdb	1224	0.458	0.349	0.109	1.363	1.116	0.246	0.501	0.337	0.164	-3.299	2074.694		0
ZINC01541284_172	1C5T.pdb_1GJ6.pdb_1QBO.pdb	1225	0.458	0.287	0.171	1.464	1.083	0.382	0.517	0.281	0.236	-4.751	1726.766		0
ZINC03944210_119	1C5T.pdb_1GJ6.pdb_1QBO.pdb	1216	0.458	0.334	0.124	1.45	1.173	0.277	0.502	0.318	0.184	-3.712	1954.848		0
ZINC03933860_98	1C5T.pdb_1GJ6.pdb_1QBO.pdb	1215	0.458	0.314	0.145	1.42	1.116	0.304	0.52	0.304	0.216	-4.364	1867.821		0
ZINC02712542_191	1C5T.pdb_1GJ6.pdb_1QBO.pdb	1214	0.458	0.353	0.105	1.41	1.189	0.221	0.501	0.334	0.167	-3.375	2055.625		0
ZINC03415531_114	1C5T.pdb_1GJ6.pdb_1QBO.pdb	1226	0.458	0.271	0.187	1.448	1.0	0.448	0.514	0.272	0.242	-4.846	1671.363		0
ZINC03427467_7	1C5T.pdb_1GJ6.pdb_1QBO.pdb	1228	0.458	0.359	0.099	1.57	1.292	0.278	0.466	0.332	0.133	-2.662	2041.226		0
ZINC03914448_162	1C5T.pdb_1GJ6.pdb_1QBO.pdb	1227	0.458	0.269	0.189	1.392	1.023	0.368	0.547	0.268	0.279	-5.644	1645.602		0
ZINC03821014_130	1C5T.pdb_1GJ6.pdb_1QBO.pdb	1217	0.458	0.363	0.094	1.393	1.193	0.2	0.494	0.343	0.151	-3.062	2111.331		0
ZINC04202240_184	1C5T.pdb_1GJ6.pdb_1QBO.pdb	1222	0.458	0.298	0.16	1.497	1.136	0.361	0.511	0.288	0.223	-4.491	1766.787		0
ZINC01911605_157	1C5T.pdb_1GJ6.pdb_1QBO.pdb	1220	0.458	0.34	0.118	1.443	1.178	0.265	0.499	0.323	0.176	-3.546	1988.38		0
ZINC03962394_53	1C5T.pdb_1GJ6.pdb_1QBO.pdb	1219	0.458	0.32	0.138	1.489	1.172	0.317	0.502	0.306	0.196	-3.942	1878.609		0
ZINC03780350_90	1C5T.pdb_1GJ6.pdb_1QBO.pdb	1218	0.458	0.326	0.132	1.282	1.034	0.248	0.543	0.322	0.221	-4.499	1985.181		0
ZINC04619441_131	1C5T.pdb_1GJ6.pdb_1QBO.pdb	1221	0.458	0.318	0.14	1.412	1.077	0.334	0.506	0.311	0.195	-3.902	1914.669		0
ZINC00787856_69	1C5T.pdb_1GJ6.pdb_1QBO.pdb	1240	0.457	0.318	0.139	1.333	1.038	0.295	0.523	0.314	0.209	-4.222	1934.846		0
ZINC03980070_177	1C5T.pdb_1GJ6.pdb_1QBO.pdb	1239	0.457	0.352	0.105	1.26	1.054	0.205	0.522	0.346	0.176	-3.59	2133.11		0
ZINC03867359_173	1C5T.pdb_1GJ6.pdb_1QBO.pdb	1241	0.457	0.285	0.172	1.361	1.021	0.34	0.541	0.284	0.257	-5.212	1745.877		0
ZINC01490116_132	1C5T.pdb_1GJ6.pdb_1QBO.pdb	1242	0.457	0.38	0.078	1.48	1.27	0.21	0.462	0.351	0.11	-2.206	2159.912		0
ZINC03304761_165	1C5T.pdb_1GJ6.pdb_1QBO.pdb	1243	0.457	0.289	0.169	1.384	1.011	0.373	0.523	0.288	0.236	-4.738	1770.224		0
ZINC01910168_59	1C5T.pdb_1GJ6.pdb_1QBO.pdb	1236	0.457	0.347	0.111	1.419	1.179	0.24	0.5	0.329	0.17	-3.442	2025.966		0
ZINC04375035_23	1C5T.pdb_1GJ6.pdb_1QBO.pdb	1233	0.457	0.312	0.145	1.401	1.084	0.316	0.515	0.305	0.21	-4.233	1876.771		0
ZINC01069658_87	1C5T.pdb_1GJ6.pdb_1QBO.pdb	1230	0.457	0.307	0.151	1.373	1.053	0.32	0.524	0.302	0.222	-4.476	1858.348		0
ZINC03923780_18	1C5T.pdb_1GJ6.pdb_1QBO.pdb	1231	0.457	0.358	0.099	1.383	1.147	0.236	0.489	0.343	0.146	-2.935	2109.797		0
ZINC03962399_172	1C5T.pdb_1GJ6.pdb_1QBO.pdb	1232	0.457	0.348	0.11	1.524	1.266	0.258	0.484	0.324	0.16	-3.212	1989.943		0
ZINC03840084_172	1C5T.pdb_1GJ6.pdb_1QBO.pdb	1238	0.457	0.31	0.146	1.456	1.149	0.308	0.517	0.298	0.218	-4.407	1834.348		0
ZINC00601247_105	1C5T.pdb_1GJ6.pdb_1QBO.pdb	1234	0.457	0.285	0.172	1.558	1.106	0.452	0.495	0.277	0.217	-4.335	1704.494		0
ZINC03889313_192	1C5T.pdb_1GJ6.pdb_1QBO.pdb	1235	0.457	0.331	0.126	1.337	1.064	0.273	0.514	0.324	0.19	-3.829	1998.006		0
ZINC04101600_43	1C5T.pdb_1GJ6.pdb_1QBO.pdb	1229	0.457	0.356	0.101	1.479	1.257	0.221	0.489	0.332	0.157	-3.175	2040.887		0
ZINC02221823_12	1C5T.pdb_1GJ6.pdb_1QBO.pdb	1237	0.457	0.342	0.115	1.367	1.12	0.247	0.507	0.33	0.176	-3.564	2032.948		0
ZINC01740673_161	1C5T.pdb_1GJ6.pdb_1QBO.pdb	1253	0.456	0.343	0.113	1.397	1.12	0.278	0.49	0.331	0.159	-3.19	2038.369		0
ZINC01865099_109	1C5T.pdb_1GJ6.pdb_1QBO.pdb	1252	0.456	0.333	0.123	1.451	1.165	0.287	0.496	0.318	0.178	-3.567	1956.128		0
ZINC04161215_65	1C5T.pdb_1GJ6.pdb_1QBO.pdb	1255	0.456	0.349	0.107	1.542	1.289	0.253	0.48	0.324	0.157	-3.146	1987.991		0
ZINC04522011_105	1C5T.pdb_1GJ6.pdb_1QBO.pdb	1257	0.456	0.34	0.116	1.501	1.229	0.272	0.488	0.32	0.168	-3.383	1963.801		0
ZINC04619495_119	1C5T.pdb_1GJ6.pdb_1QBO.pdb	1250	0.456	0.331	0.125	1.259	1.0	0.259	0.527	0.331	0.196	-3.962	2042.542		0
ZINC03941637_138	1C5T.pdb_1GJ6.pdb_1QBO.pdb	1251	0.456	0.356	0.1	1.405	1.186	0.219	0.493	0.337	0.156	-3.148	2073.295		0
ZINC03336657_139	1C5T.pdb_1GJ6.pdb_1QBO.pdb	1249	0.456	0.336	0.12	1.324	1.065	0.259	0.513	0.329	0.184	-3.71	2026.631		0
ZINC03975101_181	1C5T.pdb_1GJ6.pdb_1QBO.pdb	1248	0.456	0.342	0.113	1.302	1.065	0.237	0.514	0.335	0.179	-3.621	2065.946		0
ZINC03987620_160	1C5T.pdb_1GJ6.pdb_1QBO.pdb	1246	0.456	0.314	0.143	1.281	1.0	0.281	0.54	0.315	0.225	-4.565	1939.401		0
ZINC03783527_38	1C5T.pdb_1GJ6.pdb_1QBO.pdb	1247	0.456	0.319	0.138	1.264	1.0	0.264	0.542	0.319	0.223	-4.537	1967.451		0
ZINC02296450_147	1C5T.pdb_1GJ6.pdb_1QBO.pdb	1244	0.456	0.339	0.117	1.341	1.092	0.249	0.51	0.329	0.181	-3.651	2028.84		0
ZINC04030431_133	1C5T.pdb_1GJ6.pdb_1QBO.pdb	1254	0.456	0.357	0.099	1.332	1.109	0.223	0.496	0.345	0.151	-3.05	2125.305		0
ZINC03977164_29	1C5T.pdb_1GJ6.pdb_1QBO.pdb	1245	0.456	0.349	0.108	1.301	1.085	0.216	0.516	0.339	0.176	-3.583	2091.252		0
ZINC04464516_191	1C5T.pdb_1GJ6.pdb_1QBO.pdb	1264	0.456	0.327	0.13	1.267	1.0	0.267	0.527	0.326	0.201	-4.076	2009.534		0
ZINC01552512_26	1C5T.pdb_1GJ6.pdb_1QBO.pdb	1263	0.456	0.323	0.133	1.424	1.145	0.279	0.513	0.311	0.202	-4.084	1910.38		0
ZINC04354832_91	1C5T.pdb_1GJ6.pdb_1QBO.pdb	1262	0.456	0.306	0.15	1.397	1.083	0.314	0.522	0.299	0.223	-4.512	1837.9		0
ZINC01565800_197	1C5T.pdb_1GJ6.pdb_1QBO.pdb	1261	0.456	0.297	0.158	1.41	1.068	0.343	0.52	0.292	0.228	-4.588	1794.066		0
ZINC03292185_71	1C5T.pdb_1GJ6.pdb_1QBO.pdb	1260	0.456	0.349	0.107	1.391	1.138	0.253	0.492	0.335	0.157	-3.147	2063.388		0
ZINC03992818_191	1C5T.pdb_1GJ6.pdb_1QBO.pdb	1259	0.456	0.327	0.13	1.267	1.0	0.267	0.527	0.326	0.201	-4.076	2009.534		0
ZINC00771629_195	1C5T.pdb_1GJ6.pdb_1QBO.pdb	1256	0.456	0.333	0.123	1.291	1.037	0.254	0.522	0.329	0.192	-3.893	2030.222		0
ZINC03944562_58	1C5T.pdb_1GJ6.pdb_1QBO.pdb	1258	0.456	0.356	0.1	1.289	1.101	0.188	0.52	0.345	0.176	-3.59	2123.449		0
ZINC02939761_149	1C5T.pdb_1GJ6.pdb_1QBO.pdb	1265	0.456	0.306	0.15	1.473	1.131	0.342	0.507	0.295	0.212	-4.254	1813.907		0
ZINC04147161_84	1C5T.pdb_1GJ6.pdb_1QBO.pdb	1266	0.456	0.325	0.131	1.275	1.015	0.26	0.532	0.323	0.208	-4.226	1992.962		0
ZINC00970330_82	1C5T.pdb_1GJ6.pdb_1QBO.pdb	1269	0.455	0.354	0.101	1.451	1.221	0.23	0.486	0.333	0.153	-3.084	2047.527		0
ZINC00974317_91	1C5T.pdb_1GJ6.pdb_1QBO.pdb	1272	0.455	0.347	0.108	1.423	1.18	0.243	0.491	0.33	0.162	-3.261	2027.525		0
ZINC04633452_143	1C5T.pdb_1GJ6.pdb_1QBO.pdb	1271	0.455	0.349	0.106	1.461	1.197	0.264	0.481	0.33	0.151	-3.03	2029.816		0
ZINC00839637_106	1C5T.pdb_1GJ6.pdb_1QBO.pdb	1273	0.455	0.325	0.131	1.56	1.204	0.356	0.479	0.308	0.171	-3.41	1890.822		0
ZINC03506034_71	1C5T.pdb_1GJ6.pdb_1QBO.pdb	1275	0.455	0.325	0.13	1.383	1.086	0.297	0.505	0.317	0.188	-3.778	1951.519		0
ZINC01782993_166	1C5T.pdb_1GJ6.pdb_1QBO.pdb	1274	0.455	0.346	0.109	1.336	1.09	0.246	0.5	0.336	0.164	-3.299	2073.07		0
ZINC03980048_199	1C5T.pdb_1GJ6.pdb_1QBO.pdb	1267	0.455	0.323	0.132	1.407	1.125	0.282	0.512	0.312	0.2	-4.041	1917.907		0
ZINC03983754_164	1C5T.pdb_1GJ6.pdb_1QBO.pdb	1270	0.455	0.334	0.121	1.521	1.239	0.282	0.488	0.313	0.175	-3.511	1925.77		0
ZINC03960397_64	1C5T.pdb_1GJ6.pdb_1QBO.pdb	1268	0.455	0.345	0.11	1.551	1.293	0.259	0.48	0.32	0.16	-3.217	1966.559		0
ZINC03355027_37	1C5T.pdb_1GJ6.pdb_1QBO.pdb	1280	0.454	0.341	0.114	1.495	1.214	0.281	0.482	0.321	0.161	-3.223	1975.109		0
ZINC03969854_194	1C5T.pdb_1GJ6.pdb_1QBO.pdb	1281	0.454	0.321	0.133	1.508	1.186	0.322	0.49	0.305	0.185	-3.698	1877.006		0
ZINC02612839_137	1C5T.pdb_1GJ6.pdb_1QBO.pdb	1279	0.454	0.364	0.09	1.393	1.155	0.239	0.473	0.347	0.126	-2.514	2137.762		0
ZINC02604896_62	1C5T.pdb_1GJ6.pdb_1QBO.pdb	1277	0.454	0.336	0.118	1.383	1.155	0.228	0.517	0.321	0.196	-3.99	1976.351		0
ZINC03428022_190	1C5T.pdb_1GJ6.pdb_1QBO.pdb	1278	0.454	0.328	0.126	1.376	1.083	0.293	0.501	0.32	0.181	-3.64	1970.169		0
ZINC04528694_58	1C5T.pdb_1GJ6.pdb_1QBO.pdb	1276	0.454	0.307	0.148	1.338	1.016	0.322	0.519	0.305	0.214	-4.311	1879.899		0
ZINC02688635_99	1C5T.pdb_1GJ6.pdb_1QBO.pdb	1292	0.453	0.342	0.111	1.516	1.267	0.249	0.486	0.319	0.167	-3.355	1961.062		0
ZINC03563354_43	1C5T.pdb_1GJ6.pdb_1QBO.pdb	1299	0.453	0.327	0.126	1.644	1.3	0.344	0.469	0.304	0.165	-3.296	1867.079		0
ZINC02345449_57	1C5T.pdb_1GJ6.pdb_1QBO.pdb	1294	0.453	0.289	0.164	1.313	0.986	0.327	0.537	0.29	0.247	-5.005	1784.925		0
ZINC03987625_143	1C5T.pdb_1GJ6.pdb_1QBO.pdb	1295	0.453	0.32	0.133	1.239	0.989	0.249	0.543	0.321	0.222	-4.529	1978.928		0
ZINC04092008_183	1C5T.pdb_1GJ6.pdb_1QBO.pdb	1296	0.453	0.358	0.095	1.387	1.161	0.226	0.481	0.341	0.14	-2.812	2102.082		0
ZINC03812104_157	1C5T.pdb_1GJ6.pdb_1QBO.pdb	1298	0.453	0.287	0.166	1.367	1.025	0.343	0.528	0.285	0.243	-4.91	1751.613		0
ZINC03874141_128	1C5T.pdb_1GJ6.pdb_1QBO.pdb	1282	0.453	0.339	0.114	1.41	1.15	0.261	0.494	0.325	0.169	-3.402	1997.521		0
ZINC03938928_17	1C5T.pdb_1GJ6.pdb_1QBO.pdb	1283	0.453	0.318	0.135	1.215	0.962	0.253	0.546	0.322	0.225	-4.586	1983.874		0
ZINC03867358_102	1C5T.pdb_1GJ6.pdb_1QBO.pdb	1284	0.453	0.302	0.151	1.372	1.067	0.305	0.527	0.296	0.231	-4.67	1823.797		0
ZINC02953918_37	1C5T.pdb_1GJ6.pdb_1QBO.pdb	1285	0.453	0.293	0.16	1.437	1.037	0.4	0.501	0.29	0.21	-4.208	1785.218		0
ZINC04112515_64	1C5T.pdb_1GJ6.pdb_1QBO.pdb	1286	0.453	0.365	0.087	1.509	1.308	0.201	0.47	0.336	0.134	-2.695	2066.613		0
ZINC02144108_9	1C5T.pdb_1GJ6.pdb_1QBO.pdb	1287	0.453	0.293	0.16	1.436	1.036	0.4	0.501	0.29	0.21	-4.208	1785.477		0
ZINC02379382_164	1C5T.pdb_1GJ6.pdb_1QBO.pdb	1288	0.453	0.332	0.121	1.465	1.187	0.278	0.491	0.316	0.176	-3.531	1940.624		0
ZINC03422557_162	1C5T.pdb_1GJ6.pdb_1QBO.pdb	1293	0.453	0.284	0.17	1.441	1.062	0.38	0.514	0.279	0.235	-4.717	1715.779		0
ZINC04382511_24	1C5T.pdb_1GJ6.pdb_1QBO.pdb	1291	0.453	0.289	0.164	1.44	1.072	0.368	0.511	0.283	0.228	-4.582	1741.337		0
ZINC03814028_192	1C5T.pdb_1GJ6.pdb_1QBO.pdb	1290	0.453	0.325	0.129	1.444	1.145	0.298	0.497	0.312	0.185	-3.712	1917.266		0
ZINC02297848_193	1C5T.pdb_1GJ6.pdb_1QBO.pdb	1297	0.453	0.336	0.117	1.316	1.066	0.249	0.51	0.329	0.181	-3.651	2029.363		0
ZINC03840243_176	1C5T.pdb_1GJ6.pdb_1QBO.pdb	1289	0.453	0.281	0.172	1.314	0.96	0.354	0.536	0.285	0.251	-5.073	1752.555		0
ZINC02416080_197	1C5T.pdb_1GJ6.pdb_1QBO.pdb	1312	0.452	0.34	0.112	1.322	1.091	0.231	0.508	0.331	0.178	-3.603	2036.096		0
ZINC03918518_77	1C5T.pdb_1GJ6.pdb_1QBO.pdb	1313	0.452	0.284	0.168	1.445	1.05	0.395	0.507	0.28	0.227	-4.542	1723.971		0
ZINC03293653_191	1C5T.pdb_1GJ6.pdb_1QBO.pdb	1303	0.452	0.338	0.114	1.597	1.301	0.296	0.469	0.314	0.156	-3.117	1925.096		0
ZINC03859006_75	1C5T.pdb_1GJ6.pdb_1QBO.pdb	1316	0.452	0.353	0.099	1.549	1.307	0.242	0.469	0.326	0.142	-2.855	2004.69		0
ZINC00762664_196	1C5T.pdb_1GJ6.pdb_1QBO.pdb	1314	0.452	0.316	0.137	1.47	1.141	0.33	0.493	0.304	0.189	-3.789	1869.549		0
ZINC03348385_153	1C5T.pdb_1GJ6.pdb_1QBO.pdb	1315	0.452	0.31	0.142	1.367	1.055	0.312	0.512	0.305	0.207	-4.168	1880.118		0
ZINC00904734_60	1C5T.pdb_1GJ6.pdb_1QBO.pdb	1301	0.452	0.296	0.155	1.458	1.075	0.383	0.497	0.29	0.207	-4.141	1784.698		0
ZINC01483810_185	1C5T.pdb_1GJ6.pdb_1QBO.pdb	1300	0.452	0.313	0.138	1.412	1.108	0.304	0.506	0.304	0.202	-4.074	1869.89		0
ZINC03980070_151	1C5T.pdb_1GJ6.pdb_1QBO.pdb	1304	0.452	0.341	0.111	1.255	1.03	0.225	0.518	0.338	0.18	-3.649	2083.3		0
ZINC03816728_145	1C5T.pdb_1GJ6.pdb_1QBO.pdb	1305	0.452	0.352	0.1	1.338	1.127	0.211	0.498	0.339	0.159	-3.221	2086.877		0
ZINC03868275_152	1C5T.pdb_1GJ6.pdb_1QBO.pdb	1302	0.452	0.278	0.174	1.488	1.088	0.401	0.507	0.272	0.235	-4.722	1668.461		0
ZINC01909903_192	1C5T.pdb_1GJ6.pdb_1QBO.pdb	1317	0.452	0.315	0.137	1.38	1.092	0.288	0.515	0.307	0.208	-4.201	1887.217		0
ZINC04468426_75	1C5T.pdb_1GJ6.pdb_1QBO.pdb	1306	0.452	0.353	0.099	1.549	1.307	0.242	0.469	0.326	0.142	-2.855	2004.69		0
ZINC03510040_163	1C5T.pdb_1GJ6.pdb_1QBO.pdb	1310	0.452	0.334	0.118	1.531	1.24	0.291	0.48	0.314	0.167	-3.34	1926.507		0
ZINC03987619_156	1C5T.pdb_1GJ6.pdb_1QBO.pdb	1311	0.452	0.32	0.131	1.307	1.046	0.261	0.525	0.316	0.209	-4.247	1945.286		0
ZINC04354189_65	1C5T.pdb_1GJ6.pdb_1QBO.pdb	1308	0.452	0.314	0.138	1.416	1.112	0.304	0.506	0.304	0.202	-4.062	1872.083		0
ZINC03283735_151	1C5T.pdb_1GJ6.pdb_1QBO.pdb	1309	0.452	0.355	0.097	1.552	1.321	0.231	0.47	0.327	0.143	-2.865	2009.269		0
ZINC04359876_141	1C5T.pdb_1GJ6.pdb_1QBO.pdb	1307	0.452	0.336	0.115	1.588	1.288	0.3	0.471	0.313	0.158	-3.158	1921.309		0
ZINC00720212_141	1C5T.pdb_1GJ6.pdb_1QBO.pdb	1321	0.451	0.345	0.106	1.319	1.093	0.226	0.502	0.335	0.167	-3.377	2065.491		0
ZINC00587752_126	1C5T.pdb_1GJ6.pdb_1QBO.pdb	1335	0.451	0.347	0.104	1.475	1.215	0.26	0.475	0.327	0.149	-2.982	2007.942		0
ZINC03840241_171	1C5T.pdb_1GJ6.pdb_1QBO.pdb	1334	0.451	0.351	0.1	1.357	1.146	0.211	0.495	0.336	0.16	-3.231	2067.747		0
ZINC03980156_101	1C5T.pdb_1GJ6.pdb_1QBO.pdb	1320	0.451	0.311	0.14	1.482	1.174	0.308	0.502	0.297	0.205	-4.129	1824.682		0
ZINC03990230_184	1C5T.pdb_1GJ6.pdb_1QBO.pdb	1330	0.451	0.315	0.137	1.446	1.131	0.315	0.498	0.304	0.195	-3.91	1866.553		0
ZINC03506600_191	1C5T.pdb_1GJ6.pdb_1QBO.pdb	1332	0.451	0.319	0.132	1.643	1.285	0.358	0.47	0.298	0.172	-3.433	1829.78		0
ZINC01062174_169	1C5T.pdb_1GJ6.pdb_1QBO.pdb	1329	0.451	0.293	0.158	1.458	1.101	0.357	0.506	0.285	0.221	-4.436	1752.709		0
ZINC02372645_81	1C5T.pdb_1GJ6.pdb_1QBO.pdb	1331	0.451	0.353	0.098	1.328	1.122	0.206	0.498	0.34	0.158	-3.21	2093.879		0
ZINC04001519_188	1C5T.pdb_1GJ6.pdb_1QBO.pdb	1333	0.451	0.329	0.122	1.355	1.099	0.256	0.509	0.319	0.189	-3.828	1965.571		0
ZINC04188469_189	1C5T.pdb_1GJ6.pdb_1QBO.pdb	1328	0.451	0.33	0.121	1.574	1.278	0.296	0.477	0.308	0.169	-3.394	1889.579		0
ZINC03478187_190	1C5T.pdb_1GJ6.pdb_1QBO.pdb	1323	0.451	0.328	0.123	1.517	1.216	0.301	0.483	0.31	0.172	-3.455	1905.909		0
ZINC03834179_65	1C5T.pdb_1GJ6.pdb_1QBO.pdb	1322	0.451	0.34	0.111	1.25	1.0	0.25	0.506	0.34	0.166	-3.35	2096.16		1
ZINC04161186_58	1C5T.pdb_1GJ6.pdb_1QBO.pdb	1327	0.451	0.307	0.144	1.498	1.183	0.315	0.502	0.293	0.209	-4.214	1800.107		0
ZINC03818181_70	1C5T.pdb_1GJ6.pdb_1QBO.pdb	1326	0.451	0.353	0.097	1.395	1.138	0.257	0.474	0.339	0.135	-2.709	2086.749		0
ZINC03831757_171	1C5T.pdb_1GJ6.pdb_1QBO.pdb	1325	0.451	0.312	0.139	1.57	1.194	0.376	0.478	0.297	0.181	-3.601	1824.158		0
ZINC00770994_60	1C5T.pdb_1GJ6.pdb_1QBO.pdb	1324	0.451	0.355	0.096	1.34	1.137	0.203	0.494	0.34	0.154	-3.111	2096.259		0
ZINC04388330_29	1C5T.pdb_1GJ6.pdb_1QBO.pdb	1318	0.451	0.322	0.13	1.373	1.106	0.267	0.514	0.312	0.202	-4.082	1919.255		0
ZINC03864337_180	1C5T.pdb_1GJ6.pdb_1QBO.pdb	1319	0.451	0.32	0.131	1.338	1.036	0.302	0.504	0.317	0.187	-3.754	1951.162		0
ZINC00973902_193	1C5T.pdb_1GJ6.pdb_1QBO.pdb	1347	0.45	0.302	0.148	1.391	1.087	0.304	0.519	0.294	0.225	-4.549	1810.388		0
ZINC03969935_119	1C5T.pdb_1GJ6.pdb_1QBO.pdb	1346	0.45	0.278	0.172	1.466	1.082	0.384	0.51	0.272	0.238	-4.776	1671.563		0
ZINC04251713_110	1C5T.pdb_1GJ6.pdb_1QBO.pdb	1342	0.45	0.283	0.167	1.514	1.073	0.441	0.489	0.277	0.212	-4.222	1705.16		0
ZINC04528719_53	1C5T.pdb_1GJ6.pdb_1QBO.pdb	1336	0.45	0.337	0.112	1.524	1.26	0.264	0.479	0.315	0.164	-3.288	1936.799		0
ZINC03987013_194	1C5T.pdb_1GJ6.pdb_1QBO.pdb	1348	0.45	0.353	0.097	1.445	1.214	0.231	0.475	0.332	0.143	-2.872	2043.683		0
ZINC03800681_82	1C5T.pdb_1GJ6.pdb_1QBO.pdb	1337	0.45	0.313	0.137	1.345	1.029	0.315	0.506	0.311	0.195	-3.919	1912.987		0
ZINC03577404_51	1C5T.pdb_1GJ6.pdb_1QBO.pdb	1344	0.45	0.303	0.147	1.576	1.211	0.365	0.485	0.288	0.197	-3.952	1766.0		0
ZINC03962388_130	1C5T.pdb_1GJ6.pdb_1QBO.pdb	1345	0.45	0.344	0.106	1.515	1.251	0.264	0.473	0.321	0.151	-3.029	1974.692		0
ZINC03951910_57	1C5T.pdb_1GJ6.pdb_1QBO.pdb	1340	0.45	0.273	0.176	1.371	1.034	0.337	0.541	0.271	0.27	-5.479	1665.143		0
ZINC03351756_31	1C5T.pdb_1GJ6.pdb_1QBO.pdb	1341	0.45	0.324	0.126	1.517	1.193	0.324	0.478	0.308	0.171	-3.414	1890.41		0
ZINC02638491_173	1C5T.pdb_1GJ6.pdb_1QBO.pdb	1338	0.45	0.305	0.145	1.439	1.108	0.332	0.502	0.297	0.205	-4.119	1822.988		0
ZINC02345449_85	1C5T.pdb_1GJ6.pdb_1QBO.pdb	1343	0.45	0.295	0.154	1.311	1.0	0.311	0.53	0.295	0.235	-4.753	1817.054		0
ZINC00787127_188	1C5T.pdb_1GJ6.pdb_1QBO.pdb	1339	0.45	0.349	0.101	1.433	1.196	0.236	0.48	0.33	0.15	-3.009	2032.213		0
ZINC03992805_146	1C5T.pdb_1GJ6.pdb_1QBO.pdb	1353	0.449	0.324	0.125	1.421	1.13	0.291	0.493	0.313	0.18	-3.618	1922.349		0
ZINC03506031_119	1C5T.pdb_1GJ6.pdb_1QBO.pdb	1355	0.449	0.31	0.14	1.463	1.132	0.332	0.494	0.299	0.195	-3.906	1836.608		0
ZINC03832224_151	1C5T.pdb_1GJ6.pdb_1QBO.pdb	1354	0.449	0.334	0.115	1.444	1.175	0.269	0.485	0.318	0.167	-3.347	1955.481		0
ZINC01910166_152	1C5T.pdb_1GJ6.pdb_1QBO.pdb	1351	0.449	0.298	0.15	1.375	1.072	0.304	0.522	0.292	0.23	-4.649	1798.098		0
ZINC01778859_135	1C5T.pdb_1GJ6.pdb_1QBO.pdb	1350	0.449	0.316	0.133	1.503	1.185	0.318	0.488	0.301	0.187	-3.75	1847.942		0
ZINC03867662_178	1C5T.pdb_1GJ6.pdb_1QBO.pdb	1352	0.449	0.313	0.136	1.47	1.156	0.314	0.494	0.3	0.194	-3.906	1843.929		0
ZINC03813422_17	1C5T.pdb_1GJ6.pdb_1QBO.pdb	1356	0.449	0.314	0.135	1.222	0.969	0.253	0.542	0.317	0.225	-4.585	1955.822		0
ZINC02578005_36	1C5T.pdb_1GJ6.pdb_1QBO.pdb	1349	0.449	0.336	0.113	1.442	1.176	0.266	0.484	0.32	0.165	-3.306	1965.991		0
ZINC03643930_41	1C5T.pdb_1GJ6.pdb_1QBO.pdb	1359	0.449	0.309	0.14	1.442	1.106	0.336	0.493	0.3	0.193	-3.874	1846.142		0
ZINC03804943_111	1C5T.pdb_1GJ6.pdb_1QBO.pdb	1358	0.449	0.279	0.17	1.539	1.117	0.421	0.493	0.271	0.222	-4.435	1664.455		0
ZINC03944062_126	1C5T.pdb_1GJ6.pdb_1QBO.pdb	1357	0.449	0.338	0.111	1.454	1.203	0.25	0.486	0.32	0.167	-3.356	1964.882		0
ZINC03980797_58	1C5T.pdb_1GJ6.pdb_1QBO.pdb	1369	0.448	0.305	0.143	1.368	1.058	0.31	0.51	0.3	0.21	-4.235	1846.294		0
ZINC03584153_61	1C5T.pdb_1GJ6.pdb_1QBO.pdb	1368	0.448	0.322	0.126	1.623	1.299	0.324	0.471	0.3	0.171	-3.415	1840.122		0
ZINC03426733_109	1C5T.pdb_1GJ6.pdb_1QBO.pdb	1367	0.448	0.295	0.153	1.497	1.133	0.364	0.494	0.286	0.209	-4.183	1753.837		0
ZINC03818515_124	1C5T.pdb_1GJ6.pdb_1QBO.pdb	1366	0.448	0.325	0.123	1.434	1.116	0.318	0.481	0.314	0.167	-3.346	1932.343		0
ZINC01081704_147	1C5T.pdb_1GJ6.pdb_1QBO.pdb	1365	0.448	0.347	0.102	1.489	1.236	0.253	0.47	0.325	0.145	-2.907	1998.307		0
ZINC00787129_157	1C5T.pdb_1GJ6.pdb_1QBO.pdb	1364	0.448	0.366	0.082	1.413	1.218	0.195	0.467	0.344	0.123	-2.479	2114.852		0
ZINC03982648_104	1C5T.pdb_1GJ6.pdb_1QBO.pdb	1363	0.448	0.257	0.192	1.377	0.911	0.466	0.509	0.263	0.245	-4.908	1621.298		0
ZINC03438910_67	1C5T.pdb_1GJ6.pdb_1QBO.pdb	1362	0.448	0.354	0.094	1.493	1.257	0.236	0.465	0.33	0.135	-2.708	2029.043		0
ZINC02297135_62	1C5T.pdb_1GJ6.pdb_1QBO.pdb	1361	0.448	0.351	0.097	1.363	1.125	0.238	0.478	0.338	0.14	-2.808	2083.183		0
ZINC00719055_25	1C5T.pdb_1GJ6.pdb_1QBO.pdb	1360	0.448	0.336	0.112	1.389	1.132	0.256	0.49	0.323	0.166	-3.348	1989.943		0
ZINC03368272_126	1C5T.pdb_1GJ6.pdb_1QBO.pdb	1375	0.448	0.337	0.111	1.517	1.247	0.269	0.474	0.316	0.158	-3.172	1940.541		0
ZINC01911468_71	1C5T.pdb_1GJ6.pdb_1QBO.pdb	1373	0.448	0.299	0.148	1.526	1.172	0.355	0.49	0.287	0.203	-4.076	1760.64		0
ZINC03990238_199	1C5T.pdb_1GJ6.pdb_1QBO.pdb	1370	0.448	0.317	0.131	1.299	1.021	0.279	0.513	0.315	0.198	-3.991	1942.206		0
ZINC03818495_42	1C5T.pdb_1GJ6.pdb_1QBO.pdb	1371	0.448	0.321	0.127	1.419	1.109	0.31	0.489	0.311	0.178	-3.564	1913.435		0
ZINC03855457_140	1C5T.pdb_1GJ6.pdb_1QBO.pdb	1372	0.448	0.331	0.117	1.446	1.184	0.262	0.489	0.315	0.174	-3.512	1936.853		0
ZINC00602904_87	1C5T.pdb_1GJ6.pdb_1QBO.pdb	1376	0.448	0.339	0.11	1.384	1.148	0.236	0.495	0.324	0.17	-3.445	1995.696		0
ZINC01811506_96	1C5T.pdb_1GJ6.pdb_1QBO.pdb	1374	0.448	0.37	0.077	1.345	1.149	0.197	0.466	0.354	0.113	-2.258	2178.11		0
ZINC04161158_78	1C5T.pdb_1GJ6.pdb_1QBO.pdb	1387	0.447	0.328	0.119	1.542	1.264	0.278	0.479	0.307	0.172	-3.46	1884.874		0
ZINC02495809_86	1C5T.pdb_1GJ6.pdb_1QBO.pdb	1385	0.447	0.356	0.091	1.405	1.211	0.194	0.482	0.335	0.147	-2.971	2060.844		0
ZINC03228417_133	1C5T.pdb_1GJ6.pdb_1QBO.pdb	1386	0.447	0.352	0.095	1.619	1.35	0.269	0.451	0.322	0.129	-2.572	1979.415		0
ZINC03801571_113	1C5T.pdb_1GJ6.pdb_1QBO.pdb	1381	0.447	0.325	0.122	1.483	1.23	0.253	0.497	0.307	0.191	-3.861	1882.755		0
ZINC02967870_130	1C5T.pdb_1GJ6.pdb_1QBO.pdb	1383	0.447	0.321	0.126	1.324	1.044	0.28	0.503	0.317	0.186	-3.753	1949.591		0
ZINC03307407_89	1C5T.pdb_1GJ6.pdb_1QBO.pdb	1377	0.447	0.29	0.157	1.372	1.031	0.34	0.514	0.287	0.226	-4.562	1765.873		0
ZINC03976197_57	1C5T.pdb_1GJ6.pdb_1QBO.pdb	1378	0.447	0.28	0.167	1.537	1.096	0.441	0.485	0.274	0.212	-4.221	1680.014		0
ZINC01532447_137	1C5T.pdb_1GJ6.pdb_1QBO.pdb	1379	0.447	0.34	0.107	1.495	1.215	0.281	0.468	0.32	0.148	-2.955	1969.141		0
ZINC03637651_78	1C5T.pdb_1GJ6.pdb_1QBO.pdb	1382	0.447	0.33	0.117	1.466	1.23	0.236	0.5	0.31	0.189	-3.838	1907.061		0
ZINC04522150_117	1C5T.pdb_1GJ6.pdb_1QBO.pdb	1384	0.447	0.311	0.137	1.475	1.173	0.301	0.497	0.297	0.2	-4.036	1824.205		0
ZINC03933416_137	1C5T.pdb_1GJ6.pdb_1QBO.pdb	1380	0.447	0.245	0.201	1.357	0.938	0.42	0.528	0.249	0.279	-5.616	1533.44		0
ZINC04034423_119	1C5T.pdb_1GJ6.pdb_1QBO.pdb	1392	0.446	0.339	0.107	1.395	1.163	0.233	0.489	0.324	0.165	-3.336	1992.305		0
ZINC02029227_18	1C5T.pdb_1GJ6.pdb_1QBO.pdb	1393	0.446	0.314	0.132	1.318	1.075	0.242	0.533	0.307	0.226	-4.624	1888.093		0
ZINC03948480_104	1C5T.pdb_1GJ6.pdb_1QBO.pdb	1388	0.446	0.346	0.1	1.351	1.14	0.211	0.491	0.332	0.159	-3.225	2044.105		0
ZINC03939269_54	1C5T.pdb_1GJ6.pdb_1QBO.pdb	1389	0.446	0.364	0.083	1.444	1.244	0.2	0.463	0.339	0.124	-2.486	2087.733		0
ZINC03955338_113	1C5T.pdb_1GJ6.pdb_1QBO.pdb	1390	0.446	0.313	0.133	1.386	1.113	0.274	0.51	0.303	0.207	-4.183	1863.706		0
ZINC01838799_168	1C5T.pdb_1GJ6.pdb_1QBO.pdb	1391	0.446	0.276	0.17	1.38	1.0	0.38	0.511	0.276	0.235	-4.73	1694.537		0
ZINC02939779_193	1C5T.pdb_1GJ6.pdb_1QBO.pdb	1394	0.446	0.314	0.132	1.436	1.145	0.291	0.496	0.302	0.193	-3.896	1858.485		0
ZINC04004342_107	1C5T.pdb_1GJ6.pdb_1QBO.pdb	1395	0.446	0.338	0.108	1.359	1.142	0.218	0.502	0.324	0.178	-3.605	1995.059		0
ZINC03409168_152	1C5T.pdb_1GJ6.pdb_1QBO.pdb	1400	0.445	0.329	0.116	1.525	1.224	0.301	0.469	0.311	0.158	-3.167	1908.115		0
ZINC01125455_105	1C5T.pdb_1GJ6.pdb_1QBO.pdb	1398	0.445	0.309	0.137	1.377	1.08	0.298	0.503	0.302	0.202	-4.067	1855.692		0
ZINC03992722_165	1C5T.pdb_1GJ6.pdb_1QBO.pdb	1403	0.445	0.343	0.103	1.406	1.173	0.233	0.481	0.326	0.155	-3.12	2006.587		0
ZINC04388837_88	1C5T.pdb_1GJ6.pdb_1QBO.pdb	1402	0.445	0.316	0.129	1.405	1.118	0.286	0.496	0.306	0.19	-3.829	1882.339		0
ZINC01856560_103	1C5T.pdb_1GJ6.pdb_1QBO.pdb	1401	0.445	0.342	0.103	1.494	1.253	0.242	0.472	0.32	0.153	-3.073	1963.069		0
ZINC00959305_182	1C5T.pdb_1GJ6.pdb_1QBO.pdb	1399	0.445	0.322	0.123	1.324	1.091	0.233	0.521	0.314	0.207	-4.222	1931.051		0
ZINC03891140_10	1C5T.pdb_1GJ6.pdb_1QBO.pdb	1396	0.445	0.349	0.096	1.371	1.181	0.19	0.494	0.331	0.163	-3.321	2035.267		0
ZINC03376333_104	1C5T.pdb_1GJ6.pdb_1QBO.pdb	1404	0.445	0.346	0.099	1.343	1.108	0.235	0.481	0.335	0.146	-2.927	2062.706		0
ZINC02002151_110	1C5T.pdb_1GJ6.pdb_1QBO.pdb	1397	0.445	0.329	0.116	1.406	1.121	0.286	0.481	0.317	0.164	-3.284	1953.489		0
ZINC03936136_26	1C5T.pdb_1GJ6.pdb_1QBO.pdb	1414	0.444	0.322	0.123	1.445	1.171	0.274	0.489	0.307	0.182	-3.662	1887.589		0
ZINC03427469_196	1C5T.pdb_1GJ6.pdb_1QBO.pdb	1409	0.444	0.324	0.12	1.526	1.196	0.33	0.466	0.308	0.158	-3.159	1889.838		0
ZINC01341242_150	1C5T.pdb_1GJ6.pdb_1QBO.pdb	1410	0.444	0.242	0.202	1.44	0.962	0.479	0.503	0.244	0.259	-5.174	1501.419		0
ZINC02658228_122	1C5T.pdb_1GJ6.pdb_1QBO.pdb	1411	0.444	0.328	0.116	1.368	1.108	0.261	0.491	0.318	0.173	-3.488	1957.392		0
ZINC03801144_99	1C5T.pdb_1GJ6.pdb_1QBO.pdb	1405	0.444	0.305	0.14	1.461	1.106	0.355	0.483	0.296	0.187	-3.737	1819.444		0
ZINC00587755_82	1C5T.pdb_1GJ6.pdb_1QBO.pdb	1408	0.444	0.324	0.12	1.512	1.201	0.311	0.471	0.308	0.164	-3.27	1890.718		0
ZINC03524549_58	1C5T.pdb_1GJ6.pdb_1QBO.pdb	1407	0.444	0.335	0.109	1.474	1.221	0.253	0.476	0.316	0.16	-3.222	1939.7		0
ZINC00783922_31	1C5T.pdb_1GJ6.pdb_1QBO.pdb	1412	0.444	0.311	0.132	1.577	1.216	0.36	0.468	0.295	0.173	-3.45	1811.448		0
ZINC03408831_191	1C5T.pdb_1GJ6.pdb_1QBO.pdb	1413	0.444	0.336	0.109	1.555	1.252	0.302	0.46	0.314	0.145	-2.898	1930.618		0
ZINC03974520_121	1C5T.pdb_1GJ6.pdb_1QBO.pdb	1406	0.444	0.329	0.114	1.367	1.131	0.236	0.499	0.317	0.182	-3.681	1952.329		0
ZINC02022408_196	1C5T.pdb_1GJ6.pdb_1QBO.pdb	1422	0.443	0.343	0.1	1.461	1.224	0.237	0.469	0.323	0.147	-2.95	1982.745		0
ZINC00787131_113	1C5T.pdb_1GJ6.pdb_1QBO.pdb	1423	0.443	0.349	0.094	1.378	1.157	0.221	0.473	0.333	0.14	-2.816	2052.256		0
ZINC02661789_30	1C5T.pdb_1GJ6.pdb_1QBO.pdb	1415	0.443	0.308	0.135	1.397	1.085	0.311	0.493	0.3	0.193	-3.874	1847.569		0
ZINC03532106_118	1C5T.pdb_1GJ6.pdb_1QBO.pdb	1424	0.443	0.285	0.158	1.406	1.054	0.352	0.504	0.281	0.223	-4.479	1726.781		0
ZINC03840121_99	1C5T.pdb_1GJ6.pdb_1QBO.pdb	1418	0.443	0.334	0.109	1.395	1.167	0.229	0.492	0.319	0.173	-3.496	1962.143		0
ZINC03401316_96	1C5T.pdb_1GJ6.pdb_1QBO.pdb	1421	0.443	0.331	0.111	1.445	1.155	0.29	0.47	0.317	0.153	-3.053	1951.986		0
ZINC03923950_77	1C5T.pdb_1GJ6.pdb_1QBO.pdb	1420	0.443	0.325	0.118	1.379	1.116	0.263	0.49	0.315	0.176	-3.538	1936.825		0
ZINC01124508_78	1C5T.pdb_1GJ6.pdb_1QBO.pdb	1419	0.443	0.331	0.112	1.438	1.166	0.272	0.476	0.316	0.16	-3.204	1942.457		0
ZINC03969679_191	1C5T.pdb_1GJ6.pdb_1QBO.pdb	1416	0.443	0.356	0.087	1.539	1.319	0.219	0.454	0.328	0.126	-2.521	2015.075		0
ZINC03799456_107	1C5T.pdb_1GJ6.pdb_1QBO.pdb	1417	0.443	0.234	0.209	1.42	0.919	0.501	0.503	0.239	0.264	-5.277	1469.459		0
ZINC03840123_185	1C5T.pdb_1GJ6.pdb_1QBO.pdb	1436	0.442	0.31	0.133	1.354	1.081	0.273	0.508	0.302	0.206	-4.166	1860.903		0
ZINC03817648_58	1C5T.pdb_1GJ6.pdb_1QBO.pdb	1428	0.442	0.316	0.126	1.225	0.973	0.252	0.52	0.319	0.201	-4.085	1964.808		0
ZINC03821396_190	1C5T.pdb_1GJ6.pdb_1QBO.pdb	1427	0.442	0.332	0.11	1.41	1.138	0.272	0.474	0.319	0.156	-3.122	1961.017		0
ZINC03368307_117	1C5T.pdb_1GJ6.pdb_1QBO.pdb	1434	0.442	0.335	0.107	1.514	1.265	0.249	0.47	0.313	0.157	-3.166	1922.185		0
ZINC03933859_109	1C5T.pdb_1GJ6.pdb_1QBO.pdb	1437	0.442	0.325	0.117	1.379	1.127	0.252	0.492	0.314	0.179	-3.611	1928.611		0
ZINC03426735_176	1C5T.pdb_1GJ6.pdb_1QBO.pdb	1433	0.442	0.289	0.153	1.479	1.115	0.364	0.489	0.28	0.209	-4.183	1722.516		0
ZINC01547519_91	1C5T.pdb_1GJ6.pdb_1QBO.pdb	1432	0.442	0.3	0.142	1.43	1.13	0.3	0.502	0.29	0.213	-4.3	1778.815		0
ZINC03358510_176	1C5T.pdb_1GJ6.pdb_1QBO.pdb	1431	0.442	0.335	0.107	1.358	1.117	0.241	0.484	0.324	0.16	-3.231	1991.826		0
ZINC02445827_91	1C5T.pdb_1GJ6.pdb_1QBO.pdb	1435	0.442	0.261	0.181	1.261	0.919	0.342	0.546	0.267	0.279	-5.659	1645.453		0
ZINC04151689_140	1C5T.pdb_1GJ6.pdb_1QBO.pdb	1426	0.442	0.305	0.137	1.407	1.116	0.29	0.502	0.296	0.206	-4.16	1817.977		0
ZINC04191513_129	1C5T.pdb_1GJ6.pdb_1QBO.pdb	1425	0.442	0.329	0.113	1.494	1.229	0.266	0.474	0.31	0.164	-3.303	1902.317		0
ZINC00902546_195	1C5T.pdb_1GJ6.pdb_1QBO.pdb	1429	0.442	0.348	0.093	1.352	1.131	0.22	0.474	0.335	0.14	-2.808	2060.277		0
ZINC03810496_142	1C5T.pdb_1GJ6.pdb_1QBO.pdb	1430	0.442	0.282	0.161	1.467	1.105	0.362	0.499	0.274	0.224	-4.508	1683.952		0
ZINC02877076_85	1C5T.pdb_1GJ6.pdb_1QBO.pdb	1454	0.441	0.268	0.173	1.465	1.079	0.386	0.502	0.262	0.239	-4.804	1611.488		0
ZINC02940728_4	1C5T.pdb_1GJ6.pdb_1QBO.pdb	1453	0.441	0.343	0.098	1.601	1.342	0.258	0.452	0.316	0.136	-2.72	1937.576		0
ZINC03817914_142	1C5T.pdb_1GJ6.pdb_1QBO.pdb	1448	0.441	0.305	0.135	1.491	1.125	0.367	0.472	0.295	0.176	-3.515	1815.962		0
ZINC03874144_21	1C5T.pdb_1GJ6.pdb_1QBO.pdb	1447	0.441	0.301	0.14	1.401	1.074	0.327	0.492	0.295	0.197	-3.961	1814.021		0
ZINC03769809_38	1C5T.pdb_1GJ6.pdb_1QBO.pdb	1443	0.441	0.315	0.126	1.484	1.139	0.345	0.469	0.303	0.166	-3.305	1863.486		0
ZINC04083459_195	1C5T.pdb_1GJ6.pdb_1QBO.pdb	1446	0.441	0.263	0.178	1.325	0.911	0.415	0.508	0.27	0.238	-4.761	1663.848		0
ZINC04415803_49	1C5T.pdb_1GJ6.pdb_1QBO.pdb	1452	0.441	0.335	0.105	1.547	1.27	0.277	0.459	0.313	0.146	-2.912	1922.466		0
ZINC03558425_166	1C5T.pdb_1GJ6.pdb_1QBO.pdb	1451	0.441	0.329	0.113	1.436	1.174	0.262	0.479	0.313	0.166	-3.33	1925.906		0
ZINC03937878_76	1C5T.pdb_1GJ6.pdb_1QBO.pdb	1449	0.441	0.328	0.114	1.471	1.234	0.237	0.488	0.309	0.179	-3.623	1895.748		0
ZINC00970331_0	1C5T.pdb_1GJ6.pdb_1QBO.pdb	1450	0.441	0.311	0.13	1.365	1.083	0.282	0.499	0.303	0.195	-3.944	1866.028		0
ZINC02229083_39	1C5T.pdb_1GJ6.pdb_1QBO.pdb	1438	0.441	0.317	0.123	1.364	1.076	0.287	0.488	0.31	0.178	-3.575	1909.525		0
ZINC00718797_75	1C5T.pdb_1GJ6.pdb_1QBO.pdb	1439	0.441	0.294	0.146	1.366	1.042	0.324	0.501	0.291	0.21	-4.229	1790.144		0
ZINC03816533_32	1C5T.pdb_1GJ6.pdb_1QBO.pdb	1441	0.441	0.331	0.11	1.407	1.121	0.287	0.471	0.32	0.151	-3.016	1967.441		0
ZINC03606133_61	1C5T.pdb_1GJ6.pdb_1QBO.pdb	1442	0.441	0.304	0.137	1.298	1.037	0.261	0.524	0.3	0.224	-4.561	1848.479		0
ZINC03594497_97	1C5T.pdb_1GJ6.pdb_1QBO.pdb	1445	0.441	0.334	0.107	1.374	1.108	0.266	0.476	0.323	0.152	-3.05	1991.409		0
ZINC02877076_85	1C5T.pdb_1GJ6.pdb_1QBO.pdb	1444	0.441	0.268	0.173	1.465	1.079	0.386	0.502	0.262	0.239	-4.804	1611.488		0
ZINC03961330_134	1C5T.pdb_1GJ6.pdb_1QBO.pdb	1440	0.441	0.35	0.091	1.412	1.219	0.194	0.476	0.329	0.146	-2.96	2025.901		0
ZINC02297647_194	1C5T.pdb_1GJ6.pdb_1QBO.pdb	1462	0.44	0.33	0.11	1.29	1.054	0.236	0.496	0.325	0.171	-3.457	1999.555		0
ZINC03970380_181	1C5T.pdb_1GJ6.pdb_1QBO.pdb	1464	0.44	0.281	0.159	1.382	1.028	0.354	0.503	0.279	0.224	-4.503	1713.763		0
ZINC02646948_76	1C5T.pdb_1GJ6.pdb_1QBO.pdb	1463	0.44	0.327	0.114	1.596	1.3	0.296	0.459	0.304	0.156	-3.112	1863.815		0
ZINC02618307_159	1C5T.pdb_1GJ6.pdb_1QBO.pdb	1455	0.44	0.351	0.089	1.5	1.263	0.238	0.452	0.327	0.125	-2.503	2009.314		0
ZINC00697677_82	1C5T.pdb_1GJ6.pdb_1QBO.pdb	1458	0.44	0.312	0.128	1.409	1.112	0.297	0.486	0.302	0.184	-3.689	1858.457		0
ZINC02132535_153	1C5T.pdb_1GJ6.pdb_1QBO.pdb	1461	0.44	0.302	0.138	1.502	1.173	0.33	0.482	0.289	0.193	-3.862	1774.352		0
ZINC02618782_20	1C5T.pdb_1GJ6.pdb_1QBO.pdb	1460	0.44	0.347	0.093	1.43	1.196	0.234	0.462	0.328	0.134	-2.686	2019.102		0
ZINC02203888_56	1C5T.pdb_1GJ6.pdb_1QBO.pdb	1459	0.44	0.328	0.112	1.319	1.055	0.263	0.485	0.323	0.163	-3.274	1986.966		0
ZINC02065595_159	1C5T.pdb_1GJ6.pdb_1QBO.pdb	1456	0.44	0.323	0.117	1.603	1.3	0.303	0.46	0.3	0.16	-3.196	1842.621		0
ZINC03987230_171	1C5T.pdb_1GJ6.pdb_1QBO.pdb	1457	0.44	0.312	0.128	1.393	1.096	0.296	0.487	0.303	0.184	-3.688	1866.444		0
ZINC03418288_16	1C5T.pdb_1GJ6.pdb_1QBO.pdb	1466	0.439	0.296	0.143	1.498	1.135	0.363	0.477	0.286	0.191	-3.827	1756.984		0
ZINC03969853_33	1C5T.pdb_1GJ6.pdb_1QBO.pdb	1465	0.439	0.321	0.118	1.476	1.186	0.289	0.471	0.306	0.166	-3.323	1878.157		0
ZINC02616929_149	1C5T.pdb_1GJ6.pdb_1QBO.pdb	1467	0.439	0.328	0.111	1.452	1.166	0.286	0.468	0.313	0.154	-3.088	1925.904		0
ZINC04093076_183	1C5T.pdb_1GJ6.pdb_1QBO.pdb	1469	0.439	0.322	0.118	1.337	1.083	0.254	0.494	0.314	0.18	-3.637	1931.652		0
ZINC02366906_32	1C5T.pdb_1GJ6.pdb_1QBO.pdb	1468	0.439	0.325	0.113	1.321	1.079	0.242	0.493	0.318	0.175	-3.545	1956.154		0
ZINC03801144_47	1C5T.pdb_1GJ6.pdb_1QBO.pdb	1470	0.439	0.303	0.136	1.45	1.102	0.347	0.478	0.295	0.183	-3.654	1812.498		0
ZINC04355470_61	1C5T.pdb_1GJ6.pdb_1QBO.pdb	1471	0.439	0.296	0.143	1.504	1.143	0.362	0.476	0.286	0.191	-3.81	1754.79		0
ZINC04334201_155	1C5T.pdb_1GJ6.pdb_1QBO.pdb	1480	0.438	0.326	0.112	1.465	1.19	0.275	0.468	0.31	0.158	-3.164	1907.027		0
ZINC03796512_7	1C5T.pdb_1GJ6.pdb_1QBO.pdb	1482	0.438	0.352	0.086	1.437	1.207	0.229	0.452	0.332	0.121	-2.413	2040.184		0
ZINC04521980_48	1C5T.pdb_1GJ6.pdb_1QBO.pdb	1474	0.438	0.32	0.118	1.438	1.148	0.29	0.473	0.307	0.166	-3.335	1887.404		0
ZINC00883537_86	1C5T.pdb_1GJ6.pdb_1QBO.pdb	1472	0.438	0.321	0.117	1.394	1.107	0.287	0.476	0.312	0.165	-3.297	1917.695		0
ZINC03966572_53	1C5T.pdb_1GJ6.pdb_1QBO.pdb	1481	0.438	0.36	0.078	1.269	1.088	0.18	0.47	0.35	0.12	-2.412	2156.894		0
ZINC04634152_122	1C5T.pdb_1GJ6.pdb_1QBO.pdb	1476	0.438	0.287	0.151	1.551	1.19	0.361	0.481	0.274	0.207	-4.143	1681.542		0
ZINC03818607_157	1C5T.pdb_1GJ6.pdb_1QBO.pdb	1475	0.438	0.281	0.157	1.383	1.01	0.373	0.494	0.28	0.214	-4.281	1725.208		0
ZINC02349468_58	1C5T.pdb_1GJ6.pdb_1QBO.pdb	1479	0.438	0.326	0.112	1.341	1.116	0.224	0.498	0.315	0.183	-3.719	1940.133		0
ZINC03820584_105	1C5T.pdb_1GJ6.pdb_1QBO.pdb	1477	0.438	0.303	0.135	1.546	1.181	0.366	0.466	0.29	0.176	-3.505	1779.463		0
ZINC00902544_170	1C5T.pdb_1GJ6.pdb_1QBO.pdb	1478	0.438	0.357	0.08	1.337	1.153	0.184	0.466	0.341	0.125	-2.518	2099.363		0
ZINC03346847_163	1C5T.pdb_1GJ6.pdb_1QBO.pdb	1473	0.438	0.331	0.107	1.391	1.129	0.262	0.473	0.319	0.154	-3.087	1960.933		0
ZINC02285344_13	1C5T.pdb_1GJ6.pdb_1QBO.pdb	1489	0.437	0.339	0.098	1.336	1.116	0.22	0.477	0.328	0.149	-3.005	2017.986		0
ZINC03408530_53	1C5T.pdb_1GJ6.pdb_1QBO.pdb	1488	0.437	0.293	0.144	1.392	1.046	0.346	0.487	0.289	0.198	-3.977	1777.102		0
ZINC02006373_168	1C5T.pdb_1GJ6.pdb_1QBO.pdb	1491	0.437	0.336	0.101	1.34	1.12	0.22	0.481	0.325	0.156	-3.16	1998.353		0
ZINC02309725_162	1C5T.pdb_1GJ6.pdb_1QBO.pdb	1492	0.437	0.292	0.145	1.38	1.033	0.348	0.489	0.29	0.199	-3.991	1782.16		0
ZINC02929148_89	1C5T.pdb_1GJ6.pdb_1QBO.pdb	1493	0.437	0.338	0.099	1.321	1.097	0.225	0.478	0.328	0.149	-3.011	2022.899		0
ZINC03954872_144	1C5T.pdb_1GJ6.pdb_1QBO.pdb	1494	0.437	0.306	0.131	1.255	0.975	0.279	0.507	0.309	0.198	-4.007	1902.438		0
ZINC02928668_125	1C5T.pdb_1GJ6.pdb_1QBO.pdb	1495	0.437	0.338	0.099	1.339	1.113	0.225	0.477	0.327	0.15	-3.022	2013.526		0
ZINC03429432_178	1C5T.pdb_1GJ6.pdb_1QBO.pdb	1496	0.437	0.318	0.119	1.502	1.211	0.291	0.468	0.301	0.167	-3.346	1851.558		0
ZINC03992723_91	1C5T.pdb_1GJ6.pdb_1QBO.pdb	1497	0.437	0.322	0.115	1.376	1.118	0.258	0.483	0.311	0.172	-3.462	1914.089		0
ZINC03365898_26	1C5T.pdb_1GJ6.pdb_1QBO.pdb	1490	0.437	0.326	0.112	1.379	1.128	0.251	0.481	0.314	0.167	-3.365	1931.498		0
ZINC02325490_63	1C5T.pdb_1GJ6.pdb_1QBO.pdb	1483	0.437	0.316	0.121	1.24	1.0	0.24	0.511	0.316	0.196	-3.972	1945.576		0
ZINC02295206_48	1C5T.pdb_1GJ6.pdb_1QBO.pdb	1487	0.437	0.36	0.078	1.376	1.197	0.178	0.461	0.339	0.121	-2.442	2088.373		0
ZINC03480987_133	1C5T.pdb_1GJ6.pdb_1QBO.pdb	1485	0.437	0.311	0.126	1.415	1.09	0.324	0.474	0.303	0.171	-3.416	1864.1		0
ZINC03820967_193	1C5T.pdb_1GJ6.pdb_1QBO.pdb	1486	0.437	0.315	0.122	1.33	1.046	0.284	0.487	0.311	0.176	-3.533	1913.565		0
ZINC03588045_52	1C5T.pdb_1GJ6.pdb_1QBO.pdb	1484	0.437	0.338	0.099	1.625	1.364	0.26	0.447	0.31	0.137	-2.739	1903.759		0
ZINC03633118_80	1C5T.pdb_1GJ6.pdb_1QBO.pdb	1507	0.436	0.32	0.116	1.309	1.089	0.219	0.51	0.311	0.199	-4.055	1916.285		0
ZINC04128141_152	1C5T.pdb_1GJ6.pdb_1QBO.pdb	1508	0.436	0.29	0.146	1.492	1.158	0.334	0.485	0.279	0.207	-4.15	1711.344		0
ZINC01750301_92	1C5T.pdb_1GJ6.pdb_1QBO.pdb	1506	0.436	0.3	0.136	1.45	1.121	0.329	0.479	0.29	0.189	-3.782	1783.547		0
ZINC01909876_98	1C5T.pdb_1GJ6.pdb_1QBO.pdb	1502	0.436	0.306	0.13	1.445	1.16	0.285	0.487	0.294	0.193	-3.896	1803.313		0
ZINC03493448_125	1C5T.pdb_1GJ6.pdb_1QBO.pdb	1501	0.436	0.307	0.129	1.372	1.058	0.314	0.482	0.302	0.18	-3.609	1856.532		0
ZINC04375303_126	1C5T.pdb_1GJ6.pdb_1QBO.pdb	1500	0.436	0.291	0.145	1.315	1.01	0.305	0.507	0.291	0.216	-4.369	1788.341		0
ZINC02987967_46	1C5T.pdb_1GJ6.pdb_1QBO.pdb	1499	0.436	0.309	0.126	1.492	1.146	0.346	0.463	0.297	0.166	-3.311	1828.08		0
ZINC03802915_184	1C5T.pdb_1GJ6.pdb_1QBO.pdb	1498	0.436	0.247	0.189	1.277	0.861	0.416	0.515	0.257	0.258	-5.175	1584.856		0
ZINC03790144_192	1C5T.pdb_1GJ6.pdb_1QBO.pdb	1503	0.436	0.339	0.097	1.329	1.123	0.205	0.482	0.327	0.155	-3.138	2010.287		0
ZINC03975545_156	1C5T.pdb_1GJ6.pdb_1QBO.pdb	1505	0.436	0.271	0.166	1.348	1.029	0.32	0.524	0.269	0.256	-5.189	1650.445		0
ZINC03303314_35	1C5T.pdb_1GJ6.pdb_1QBO.pdb	1504	0.436	0.292	0.145	1.561	1.195	0.366	0.471	0.278	0.193	-3.856	1707.889		0
ZINC03838487_155	1C5T.pdb_1GJ6.pdb_1QBO.pdb	1509	0.435	0.333	0.103	1.402	1.178	0.224	0.476	0.317	0.159	-3.216	1947.215		0
ZINC03457574_86	1C5T.pdb_1GJ6.pdb_1QBO.pdb	1510	0.435	0.337	0.098	1.466	1.221	0.246	0.458	0.317	0.141	-2.823	1950.954		0
ZINC02299908_53	1C5T.pdb_1GJ6.pdb_1QBO.pdb	1512	0.435	0.342	0.093	1.303	1.082	0.221	0.473	0.333	0.14	-2.808	2052.524		0
ZINC03951910_42	1C5T.pdb_1GJ6.pdb_1QBO.pdb	1511	0.435	0.297	0.138	1.375	1.104	0.272	0.507	0.289	0.218	-4.418	1777.235		0
ZINC04236637_178	1C5T.pdb_1GJ6.pdb_1QBO.pdb	1513	0.435	0.292	0.143	1.267	0.965	0.302	0.51	0.295	0.214	-4.331	1817.922		0
ZINC03930259_22	1C5T.pdb_1GJ6.pdb_1QBO.pdb	1518	0.435	0.287	0.149	1.342	1.031	0.311	0.505	0.284	0.221	-4.468	1747.135		0
ZINC03820759_91	1C5T.pdb_1GJ6.pdb_1QBO.pdb	1519	0.435	0.327	0.108	1.325	1.106	0.219	0.493	0.317	0.175	-3.559	1952.895		0
ZINC03867080_88	1C5T.pdb_1GJ6.pdb_1QBO.pdb	1514	0.435	0.338	0.097	1.455	1.212	0.243	0.458	0.319	0.139	-2.784	1960.106		0
ZINC04016693_18	1C5T.pdb_1GJ6.pdb_1QBO.pdb	1515	0.435	0.331	0.104	1.199	0.988	0.211	0.501	0.332	0.169	-3.432	2050.527		0
ZINC03820759_91	1C5T.pdb_1GJ6.pdb_1QBO.pdb	1516	0.435	0.327	0.108	1.325	1.106	0.219	0.493	0.317	0.175	-3.559	1952.895		0
ZINC03987226_171	1C5T.pdb_1GJ6.pdb_1QBO.pdb	1517	0.435	0.319	0.116	1.389	1.117	0.272	0.477	0.309	0.168	-3.386	1899.959		0
ZINC03055699_153	1C5T.pdb_1GJ6.pdb_1QBO.pdb	1520	0.434	0.339	0.095	1.446	1.208	0.238	0.456	0.32	0.136	-2.732	1967.24		0
ZINC04257394_118	1C5T.pdb_1GJ6.pdb_1QBO.pdb	1521	0.434	0.303	0.131	1.499	1.181	0.318	0.472	0.29	0.182	-3.652	1779.872		0
ZINC00624134_102	1C5T.pdb_1GJ6.pdb_1QBO.pdb	1523	0.434	0.322	0.112	1.456	1.18	0.276	0.465	0.307	0.158	-3.173	1887.032		0
ZINC03480981_112	1C5T.pdb_1GJ6.pdb_1QBO.pdb	1524	0.434	0.329	0.105	1.343	1.094	0.249	0.474	0.32	0.154	-3.101	1967.437		0
ZINC02660391_106	1C5T.pdb_1GJ6.pdb_1QBO.pdb	1522	0.434	0.329	0.106	1.41	1.161	0.25	0.469	0.315	0.155	-3.109	1934.109		0
ZINC00902540_50	1C5T.pdb_1GJ6.pdb_1QBO.pdb	1537	0.433	0.355	0.078	1.346	1.167	0.178	0.459	0.338	0.121	-2.442	2080.824		0
ZINC04627362_16	1C5T.pdb_1GJ6.pdb_1QBO.pdb	1533	0.433	0.292	0.141	1.322	1.035	0.287	0.506	0.289	0.217	-4.386	1780.087		0
ZINC03867339_22	1C5T.pdb_1GJ6.pdb_1QBO.pdb	1536	0.433	0.335	0.099	1.323	1.098	0.225	0.475	0.325	0.15	-3.017	2000.931		0
ZINC03834117_124	1C5T.pdb_1GJ6.pdb_1QBO.pdb	1535	0.433	0.325	0.108	1.313	1.07	0.244	0.481	0.319	0.162	-3.264	1961.878		1
ZINC03924333_39	1C5T.pdb_1GJ6.pdb_1QBO.pdb	1534	0.433	0.323	0.11	1.303	1.064	0.239	0.487	0.317	0.17	-3.431	1952.147		0
ZINC03522035_194	1C5T.pdb_1GJ6.pdb_1QBO.pdb	1529	0.433	0.284	0.149	1.44	1.065	0.375	0.477	0.279	0.198	-3.955	1714.98		0
ZINC02654240_157	1C5T.pdb_1GJ6.pdb_1QBO.pdb	1528	0.433	0.289	0.144	1.377	1.013	0.365	0.48	0.288	0.192	-3.838	1770.716		0
ZINC03820402_35	1C5T.pdb_1GJ6.pdb_1QBO.pdb	1527	0.433	0.347	0.085	1.5	1.272	0.228	0.443	0.323	0.12	-2.397	1986.706		0
ZINC01894248_112	1C5T.pdb_1GJ6.pdb_1QBO.pdb	1526	0.433	0.322	0.11	1.497	1.258	0.239	0.472	0.302	0.17	-3.427	1856.052		0
ZINC01909882_23	1C5T.pdb_1GJ6.pdb_1QBO.pdb	1525	0.433	0.304	0.13	1.436	1.152	0.284	0.485	0.292	0.193	-3.89	1793.026		0
ZINC02300758_56	1C5T.pdb_1GJ6.pdb_1QBO.pdb	1532	0.433	0.332	0.101	1.229	1.024	0.205	0.496	0.329	0.167	-3.395	2030.364		0
ZINC00973903_63	1C5T.pdb_1GJ6.pdb_1QBO.pdb	1531	0.433	0.371	0.061	1.407	1.272	0.136	0.445	0.344	0.1	-2.031	2115.669		0
ZINC03405581_65	1C5T.pdb_1GJ6.pdb_1QBO.pdb	1530	0.433	0.339	0.094	1.5	1.251	0.249	0.448	0.317	0.131	-2.621	1949.233		0
ZINC01885948_193	1C5T.pdb_1GJ6.pdb_1QBO.pdb	1545	0.432	0.285	0.147	1.383	1.078	0.305	0.5	0.28	0.221	-4.458	1718.37		0
ZINC03973004_150	1C5T.pdb_1GJ6.pdb_1QBO.pdb	1544	0.432	0.281	0.151	1.395	1.079	0.316	0.5	0.276	0.224	-4.532	1692.67		0
ZINC02561004_50	1C5T.pdb_1GJ6.pdb_1QBO.pdb	1543	0.432	0.279	0.153	1.523	1.177	0.346	0.482	0.268	0.214	-4.309	1642.614		0
ZINC04034843_185	1C5T.pdb_1GJ6.pdb_1QBO.pdb	1542	0.432	0.353	0.079	1.375	1.184	0.191	0.453	0.335	0.119	-2.382	2059.249		0
ZINC02292197_55	1C5T.pdb_1GJ6.pdb_1QBO.pdb	1541	0.432	0.322	0.11	1.277	1.05	0.227	0.492	0.317	0.175	-3.546	1951.73		0
ZINC03820586_152	1C5T.pdb_1GJ6.pdb_1QBO.pdb	1540	0.432	0.319	0.113	1.58	1.266	0.314	0.449	0.299	0.151	-3.009	1832.372		0
ZINC03493446_12	1C5T.pdb_1GJ6.pdb_1QBO.pdb	1539	0.432	0.331	0.102	1.373	1.12	0.253	0.464	0.32	0.145	-2.906	1966.132		0
ZINC01076218_84	1C5T.pdb_1GJ6.pdb_1QBO.pdb	1546	0.432	0.26	0.172	1.385	0.989	0.396	0.494	0.261	0.232	-4.662	1605.324		0
ZINC03457571_34	1C5T.pdb_1GJ6.pdb_1QBO.pdb	1538	0.432	0.34	0.092	1.488	1.256	0.232	0.451	0.318	0.133	-2.667	1953.251		0
ZINC03987020_161	1C5T.pdb_1GJ6.pdb_1QBO.pdb	1549	0.431	0.356	0.076	1.372	1.195	0.176	0.453	0.336	0.117	-2.361	2067.058		0
ZINC03977487_11	1C5T.pdb_1GJ6.pdb_1QBO.pdb	1551	0.431	0.282	0.15	1.41	1.084	0.326	0.492	0.276	0.217	-4.362	1694.831		0
ZINC03480984_179	1C5T.pdb_1GJ6.pdb_1QBO.pdb	1548	0.431	0.321	0.111	1.405	1.116	0.289	0.462	0.31	0.152	-3.043	1908.268		0
ZINC02829269_188	1C5T.pdb_1GJ6.pdb_1QBO.pdb	1547	0.431	0.287	0.144	1.441	1.096	0.345	0.478	0.28	0.198	-3.963	1720.767		0
ZINC03796506_6	1C5T.pdb_1GJ6.pdb_1QBO.pdb	1550	0.431	0.349	0.083	1.399	1.188	0.21	0.451	0.33	0.12	-2.415	2031.59		0
ZINC04383678_89	1C5T.pdb_1GJ6.pdb_1QBO.pdb	1553	0.43	0.297	0.133	1.334	1.051	0.283	0.493	0.292	0.201	-4.055	1799.28		0
ZINC02651203_140	1C5T.pdb_1GJ6.pdb_1QBO.pdb	1552	0.43	0.291	0.139	1.487	1.152	0.335	0.472	0.28	0.192	-3.853	1719.017		0
ZINC02345452_66	1C5T.pdb_1GJ6.pdb_1QBO.pdb	1561	0.43	0.274	0.156	1.261	0.947	0.313	0.515	0.279	0.237	-4.793	1716.145		0
ZINC03923917_53	1C5T.pdb_1GJ6.pdb_1QBO.pdb	1560	0.43	0.347	0.082	1.318	1.109	0.208	0.455	0.336	0.119	-2.393	2069.516		0
ZINC00662544_91	1C5T.pdb_1GJ6.pdb_1QBO.pdb	1559	0.43	0.334	0.096	1.498	1.278	0.219	0.457	0.312	0.146	-2.933	1914.292		0
ZINC02007110_179	1C5T.pdb_1GJ6.pdb_1QBO.pdb	1558	0.43	0.319	0.111	1.374	1.133	0.241	0.478	0.308	0.171	-3.451	1891.358		0
ZINC03818609_74	1C5T.pdb_1GJ6.pdb_1QBO.pdb	1557	0.43	0.297	0.133	1.361	1.038	0.323	0.479	0.294	0.185	-3.708	1808.525		0
ZINC04161213_162	1C5T.pdb_1GJ6.pdb_1QBO.pdb	1556	0.43	0.315	0.115	1.45	1.191	0.258	0.471	0.3	0.172	-3.458	1839.971		0
ZINC03818002_56	1C5T.pdb_1GJ6.pdb_1QBO.pdb	1555	0.43	0.302	0.129	1.343	1.045	0.298	0.482	0.298	0.185	-3.708	1832.84		0
ZINC02345452_38	1C5T.pdb_1GJ6.pdb_1QBO.pdb	1562	0.43	0.266	0.164	1.252	0.924	0.327	0.519	0.272	0.248	-5.012	1674.12		0
ZINC03840237_188	1C5T.pdb_1GJ6.pdb_1QBO.pdb	1554	0.43	0.317	0.113	1.35	1.113	0.236	0.485	0.307	0.178	-3.612	1888.312		0
ZINC01117954_94	1C5T.pdb_1GJ6.pdb_1QBO.pdb	1565	0.429	0.279	0.15	1.399	1.041	0.358	0.481	0.276	0.205	-4.113	1698.167		0
ZINC04080451_96	1C5T.pdb_1GJ6.pdb_1QBO.pdb	1567	0.429	0.305	0.124	1.295	1.038	0.257	0.496	0.301	0.194	-3.934	1854.037		0
ZINC03408854_158	1C5T.pdb_1GJ6.pdb_1QBO.pdb	1568	0.429	0.319	0.11	1.48	1.193	0.287	0.455	0.304	0.151	-3.026	1864.62		0
ZINC02238941_48	1C5T.pdb_1GJ6.pdb_1QBO.pdb	1563	0.429	0.312	0.118	1.318	1.033	0.284	0.476	0.309	0.167	-3.351	1901.419		0
ZINC01549329_69	1C5T.pdb_1GJ6.pdb_1QBO.pdb	1564	0.429	0.309	0.12	1.256	1.0	0.256	0.494	0.309	0.185	-3.739	1900.689		0
ZINC02560933_15	1C5T.pdb_1GJ6.pdb_1QBO.pdb	1566	0.429	0.278	0.151	1.49	1.147	0.342	0.481	0.268	0.212	-4.263	1647.448		0
ZINC03992746_63	1C5T.pdb_1GJ6.pdb_1QBO.pdb	1569	0.428	0.317	0.111	1.306	1.064	0.241	0.482	0.311	0.171	-3.462	1913.596		0
ZINC03235139_198	1C5T.pdb_1GJ6.pdb_1QBO.pdb	1571	0.428	0.292	0.136	1.405	1.077	0.329	0.474	0.286	0.188	-3.771	1756.722		0
ZINC02003637_186	1C5T.pdb_1GJ6.pdb_1QBO.pdb	1572	0.428	0.327	0.102	1.431	1.19	0.241	0.46	0.31	0.149	-3.0	1907.404		0
ZINC03577109_155	1C5T.pdb_1GJ6.pdb_1QBO.pdb	1570	0.428	0.322	0.106	1.49	1.218	0.273	0.452	0.304	0.147	-2.948	1868.986		0
ZINC03406067_136	1C5T.pdb_1GJ6.pdb_1QBO.pdb	1577	0.427	0.337	0.09	1.486	1.272	0.214	0.449	0.314	0.135	-2.716	1927.886		0
ZINC03855207_83	1C5T.pdb_1GJ6.pdb_1QBO.pdb	1581	0.427	0.272	0.155	1.458	1.121	0.337	0.488	0.264	0.224	-4.508	1619.581		0
ZINC02645279_187	1C5T.pdb_1GJ6.pdb_1QBO.pdb	1576	0.427	0.325	0.102	1.529	1.262	0.267	0.445	0.304	0.141	-2.813	1869.138		0
ZINC02877078_96	1C5T.pdb_1GJ6.pdb_1QBO.pdb	1583	0.427	0.262	0.165	1.432	1.062	0.371	0.487	0.258	0.23	-4.612	1583.314		0
ZINC03817495_87	1C5T.pdb_1GJ6.pdb_1QBO.pdb	1582	0.427	0.322	0.104	1.407	1.134	0.274	0.455	0.31	0.144	-2.883	1909.101		0
ZINC00794277_133	1C5T.pdb_1GJ6.pdb_1QBO.pdb	1573	0.427	0.316	0.111	1.474	1.184	0.29	0.454	0.301	0.153	-3.057	1850.158		0
ZINC02928057_167	1C5T.pdb_1GJ6.pdb_1QBO.pdb	1580	0.427	0.353	0.075	1.346	1.172	0.173	0.451	0.335	0.116	-2.328	2064.636		0
ZINC03822958_193	1C5T.pdb_1GJ6.pdb_1QBO.pdb	1575	0.427	0.31	0.117	1.453	1.192	0.262	0.469	0.295	0.174	-3.502	1814.532		0
ZINC03801144_161	1C5T.pdb_1GJ6.pdb_1QBO.pdb	1574	0.427	0.293	0.134	1.416	1.074	0.342	0.467	0.287	0.18	-3.6	1765.174		0
ZINC02877078_96	1C5T.pdb_1GJ6.pdb_1QBO.pdb	1579	0.427	0.262	0.165	1.432	1.062	0.371	0.487	0.258	0.23	-4.612	1583.314		0
ZINC00624132_157	1C5T.pdb_1GJ6.pdb_1QBO.pdb	1578	0.427	0.303	0.124	1.457	1.154	0.303	0.465	0.291	0.174	-3.478	1789.866		0
ZINC02650458_121	1C5T.pdb_1GJ6.pdb_1QBO.pdb	1585	0.426	0.31	0.116	1.295	1.045	0.25	0.483	0.306	0.177	-3.578	1883.087		0
ZINC03891142_141	1C5T.pdb_1GJ6.pdb_1QBO.pdb	1584	0.426	0.329	0.097	1.323	1.132	0.191	0.481	0.317	0.164	-3.346	1951.12		0
ZINC03513868_162	1C5T.pdb_1GJ6.pdb_1QBO.pdb	1586	0.426	0.326	0.101	1.345	1.106	0.24	0.464	0.316	0.148	-2.98	1942.785		0
ZINC03281839_2	1C5T.pdb_1GJ6.pdb_1QBO.pdb	1587	0.426	0.297	0.129	1.471	1.14	0.331	0.46	0.286	0.174	-3.481	1758.842		0
ZINC03823293_94	1C5T.pdb_1GJ6.pdb_1QBO.pdb	1588	0.426	0.293	0.133	1.483	1.122	0.361	0.458	0.284	0.173	-3.455	1746.583		0
ZINC03781183_25	1C5T.pdb_1GJ6.pdb_1QBO.pdb	1589	0.426	0.323	0.103	1.28	1.055	0.225	0.477	0.317	0.16	-3.225	1955.069		0
ZINC03633177_4	1C5T.pdb_1GJ6.pdb_1QBO.pdb	1590	0.426	0.326	0.1	1.315	1.113	0.202	0.481	0.316	0.165	-3.346	1942.93		0
ZINC03640563_141	1C5T.pdb_1GJ6.pdb_1QBO.pdb	1591	0.426	0.329	0.097	1.323	1.132	0.191	0.481	0.317	0.164	-3.346	1951.12		0
ZINC04161179_128	1C5T.pdb_1GJ6.pdb_1QBO.pdb	1592	0.426	0.31	0.116	1.518	1.245	0.273	0.461	0.292	0.169	-3.391	1791.753		0
ZINC03522036_32	1C5T.pdb_1GJ6.pdb_1QBO.pdb	1593	0.425	0.331	0.094	1.447	1.197	0.249	0.445	0.314	0.131	-2.629	1928.689		0
ZINC03992745_151	1C5T.pdb_1GJ6.pdb_1QBO.pdb	1594	0.425	0.306	0.119	1.293	1.037	0.256	0.485	0.303	0.182	-3.676	1862.351		0
ZINC02205131_118	1C5T.pdb_1GJ6.pdb_1QBO.pdb	1595	0.425	0.281	0.144	1.527	1.139	0.388	0.459	0.272	0.186	-3.719	1669.976		0
ZINC03923763_153	1C5T.pdb_1GJ6.pdb_1QBO.pdb	1596	0.425	0.282	0.143	1.422	1.109	0.313	0.483	0.275	0.208	-4.192	1688.018		0
ZINC01756091_132	1C5T.pdb_1GJ6.pdb_1QBO.pdb	1597	0.425	0.295	0.129	1.445	1.131	0.314	0.466	0.286	0.18	-3.612	1753.97		0
ZINC03923719_120	1C5T.pdb_1GJ6.pdb_1QBO.pdb	1598	0.425	0.321	0.104	1.42	1.161	0.259	0.456	0.308	0.148	-2.974	1890.587		0
ZINC03459114_100	1C5T.pdb_1GJ6.pdb_1QBO.pdb	1599	0.424	0.326	0.099	1.341	1.106	0.235	0.461	0.316	0.146	-2.928	1942.831		0
ZINC03972799_167	1C5T.pdb_1GJ6.pdb_1QBO.pdb	1600	0.424	0.32	0.104	1.416	1.18	0.236	0.462	0.305	0.157	-3.159	1874.318		0
ZINC03361581_176	1C5T.pdb_1GJ6.pdb_1QBO.pdb	1601	0.424	0.311	0.113	1.236	1.0	0.236	0.49	0.311	0.179	-3.619	1919.122		0
ZINC03481005_168	1C5T.pdb_1GJ6.pdb_1QBO.pdb	1602	0.423	0.33	0.093	1.41	1.162	0.248	0.446	0.315	0.13	-2.609	1939.456		0
ZINC03529582_194	1C5T.pdb_1GJ6.pdb_1QBO.pdb	1603	0.423	0.316	0.107	1.58	1.283	0.297	0.438	0.295	0.143	-2.847	1812.909		0
ZINC00595562_180	1C5T.pdb_1GJ6.pdb_1QBO.pdb	1604	0.423	0.338	0.085	1.403	1.179	0.224	0.443	0.321	0.121	-2.43	1975.3		0
ZINC04373695_7	1C5T.pdb_1GJ6.pdb_1QBO.pdb	1605	0.423	0.34	0.083	1.476	1.265	0.211	0.438	0.318	0.121	-2.421	1950.34		0
ZINC03307341_71	1C5T.pdb_1GJ6.pdb_1QBO.pdb	1606	0.423	0.317	0.106	1.437	1.185	0.252	0.458	0.302	0.156	-3.13	1855.792		0
ZINC03007300_76	1C5T.pdb_1GJ6.pdb_1QBO.pdb	1607	0.423	0.318	0.106	1.353	1.103	0.25	0.463	0.309	0.155	-3.107	1897.877		0
ZINC03867081_199	1C5T.pdb_1GJ6.pdb_1QBO.pdb	1608	0.422	0.282	0.139	1.395	1.059	0.336	0.47	0.278	0.192	-3.857	1707.05		0
ZINC03817490_136	1C5T.pdb_1GJ6.pdb_1QBO.pdb	1609	0.422	0.315	0.106	1.39	1.126	0.264	0.456	0.305	0.151	-3.03	1872.921		0
ZINC03823295_69	1C5T.pdb_1GJ6.pdb_1QBO.pdb	1610	0.422	0.28	0.142	1.449	1.065	0.384	0.46	0.275	0.184	-3.679	1690.49		0
ZINC03789716_152	1C5T.pdb_1GJ6.pdb_1QBO.pdb	1611	0.422	0.287	0.135	1.326	1.049	0.277	0.492	0.283	0.209	-4.234	1740.839		0
ZINC03951910_38	1C5T.pdb_1GJ6.pdb_1QBO.pdb	1612	0.421	0.31	0.111	1.366	1.142	0.224	0.479	0.299	0.18	-3.648	1837.374		0
ZINC00904732_67	1C5T.pdb_1GJ6.pdb_1QBO.pdb	1613	0.421	0.326	0.095	1.422	1.176	0.246	0.444	0.311	0.133	-2.663	1911.125		0
ZINC04195105_53	1C5T.pdb_1GJ6.pdb_1QBO.pdb	1614	0.421	0.332	0.089	1.443	1.206	0.236	0.439	0.315	0.124	-2.488	1933.196		0
ZINC02877078_56	1C5T.pdb_1GJ6.pdb_1QBO.pdb	1615	0.421	0.254	0.166	1.428	1.037	0.391	0.476	0.252	0.224	-4.493	1547.748		0
ZINC04317310_80	1C5T.pdb_1GJ6.pdb_1QBO.pdb	1616	0.421	0.281	0.14	1.494	1.116	0.378	0.455	0.273	0.182	-3.625	1677.497		0
ZINC03801425_104	1C5T.pdb_1GJ6.pdb_1QBO.pdb	1617	0.421	0.229	0.192	1.212	0.791	0.421	0.504	0.244	0.261	-5.236	1501.355		0
ZINC03460177_33	1C5T.pdb_1GJ6.pdb_1QBO.pdb	1618	0.42	0.338	0.082	1.426	1.218	0.208	0.437	0.319	0.119	-2.385	1957.479		0
ZINC03625437_22	1C5T.pdb_1GJ6.pdb_1QBO.pdb	1619	0.42	0.313	0.107	1.269	1.052	0.218	0.482	0.308	0.174	-3.537	1896.343		0
ZINC02877076_24	1C5T.pdb_1GJ6.pdb_1QBO.pdb	1620	0.42	0.249	0.171	1.42	1.018	0.402	0.478	0.248	0.23	-4.615	1521.083		0
ZINC01092152_84	1C5T.pdb_1GJ6.pdb_1QBO.pdb	1621	0.42	0.303	0.117	1.389	1.101	0.288	0.46	0.295	0.165	-3.305	1814.089		0
ZINC04210217_154	1C5T.pdb_1GJ6.pdb_1QBO.pdb	1622	0.42	0.241	0.179	1.378	0.988	0.391	0.49	0.242	0.248	-4.984	1486.771		0
ZINC03817584_148	1C5T.pdb_1GJ6.pdb_1QBO.pdb	1623	0.419	0.27	0.148	1.296	0.973	0.324	0.488	0.273	0.215	-4.331	1676.474		0
ZINC03521772_48	1C5T.pdb_1GJ6.pdb_1QBO.pdb	1624	0.419	0.282	0.137	1.398	1.067	0.331	0.467	0.277	0.19	-3.801	1702.366		0
ZINC03007296_123	1C5T.pdb_1GJ6.pdb_1QBO.pdb	1625	0.419	0.313	0.106	1.306	1.056	0.25	0.463	0.308	0.155	-3.11	1894.212		0
ZINC02653224_76	1C5T.pdb_1GJ6.pdb_1QBO.pdb	1626	0.418	0.335	0.082	1.35	1.151	0.199	0.444	0.321	0.123	-2.474	1976.996		0
ZINC02968057_69	1C5T.pdb_1GJ6.pdb_1QBO.pdb	1627	0.418	0.294	0.124	1.443	1.102	0.341	0.45	0.286	0.164	-3.267	1756.762		0
ZINC03983385_195	1C5T.pdb_1GJ6.pdb_1QBO.pdb	1628	0.418	0.323	0.095	1.445	1.159	0.287	0.434	0.31	0.124	-2.472	1903.489		0
ZINC03440357_164	1C5T.pdb_1GJ6.pdb_1QBO.pdb	1629	0.418	0.315	0.102	1.55	1.281	0.269	0.437	0.295	0.142	-2.833	1810.092		0
ZINC02879212_85	1C5T.pdb_1GJ6.pdb_1QBO.pdb	1630	0.418	0.298	0.12	1.567	1.237	0.33	0.44	0.282	0.159	-3.162	1729.075		0
ZINC04490377_11	1C5T.pdb_1GJ6.pdb_1QBO.pdb	1631	0.418	0.309	0.108	1.456	1.188	0.268	0.449	0.295	0.154	-3.079	1811.526		0
ZINC01893383_187	1C5T.pdb_1GJ6.pdb_1QBO.pdb	1632	0.418	0.304	0.114	1.387	1.119	0.268	0.46	0.294	0.166	-3.328	1808.901		0
ZINC03818622_114	1C5T.pdb_1GJ6.pdb_1QBO.pdb	1633	0.417	0.299	0.118	1.291	1.015	0.277	0.469	0.298	0.171	-3.443	1831.642		0
ZINC03944075_195	1C5T.pdb_1GJ6.pdb_1QBO.pdb	1634	0.416	0.306	0.11	1.285	1.012	0.273	0.461	0.305	0.156	-3.132	1876.562		0
ZINC03870517_55	1C5T.pdb_1GJ6.pdb_1QBO.pdb	1635	0.416	0.312	0.104	1.447	1.178	0.269	0.443	0.298	0.145	-2.908	1828.189		0
ZINC04221592_107	1C5T.pdb_1GJ6.pdb_1QBO.pdb	1636	0.416	0.259	0.157	1.36	1.019	0.341	0.484	0.258	0.226	-4.561	1583.096		0
ZINC03963059_152	1C5T.pdb_1GJ6.pdb_1QBO.pdb	1637	0.416	0.303	0.113	1.409	1.165	0.244	0.464	0.29	0.173	-3.503	1782.644		0
ZINC03339139_17	1C5T.pdb_1GJ6.pdb_1QBO.pdb	1638	0.416	0.325	0.091	1.605	1.349	0.256	0.423	0.3	0.123	-2.456	1839.475		0
ZINC03921685_37	1C5T.pdb_1GJ6.pdb_1QBO.pdb	1639	0.416	0.289	0.127	1.298	0.989	0.309	0.467	0.29	0.177	-3.549	1784.583		0
ZINC03974617_20	1C5T.pdb_1GJ6.pdb_1QBO.pdb	1640	0.416	0.325	0.091	1.212	1.012	0.201	0.467	0.324	0.143	-2.885	1996.884		0
ZINC03924330_33	1C5T.pdb_1GJ6.pdb_1QBO.pdb	1641	0.415	0.319	0.095	1.271	1.053	0.218	0.459	0.314	0.145	-2.915	1935.722		0
ZINC02754468_85	1C5T.pdb_1GJ6.pdb_1QBO.pdb	1642	0.415	0.308	0.107	1.41	1.145	0.265	0.448	0.296	0.152	-3.044	1820.528		0
ZINC03429435_62	1C5T.pdb_1GJ6.pdb_1QBO.pdb	1643	0.414	0.298	0.116	1.437	1.15	0.286	0.451	0.287	0.164	-3.288	1761.232		0
ZINC03966737_179	1C5T.pdb_1GJ6.pdb_1QBO.pdb	1644	0.414	0.313	0.101	1.281	1.073	0.208	0.47	0.307	0.163	-3.312	1888.788		0
ZINC02877075_98	1C5T.pdb_1GJ6.pdb_1QBO.pdb	1645	0.413	0.281	0.132	1.445	1.125	0.32	0.456	0.273	0.183	-3.674	1675.577		0
ZINC04112533_168	1C5T.pdb_1GJ6.pdb_1QBO.pdb	1646	0.413	0.307	0.106	1.349	1.11	0.239	0.457	0.298	0.159	-3.202	1834.074		0
ZINC03571172_106	1C5T.pdb_1GJ6.pdb_1QBO.pdb	1647	0.413	0.318	0.095	1.404	1.136	0.268	0.435	0.306	0.129	-2.565	1880.873		0
ZINC00794278_48	1C5T.pdb_1GJ6.pdb_1QBO.pdb	1648	0.413	0.304	0.109	1.434	1.149	0.286	0.443	0.292	0.151	-3.009	1795.224		0
ZINC04111841_162	1C5T.pdb_1GJ6.pdb_1QBO.pdb	1649	0.412	0.31	0.102	1.337	1.114	0.223	0.459	0.301	0.158	-3.201	1848.466		0
ZINC02858524_14	1C5T.pdb_1GJ6.pdb_1QBO.pdb	1651	0.412	0.305	0.107	1.38	1.114	0.266	0.448	0.295	0.152	-3.053	1815.511		0
ZINC03918633_181	1C5T.pdb_1GJ6.pdb_1QBO.pdb	1650	0.412	0.28	0.132	1.295	1.04	0.255	0.492	0.277	0.216	-4.386	1701.367		0
ZINC03982916_125	1C5T.pdb_1GJ6.pdb_1QBO.pdb	1652	0.412	0.268	0.144	1.342	1.04	0.303	0.48	0.266	0.215	-4.338	1631.225		0
ZINC02877075_60	1C5T.pdb_1GJ6.pdb_1QBO.pdb	1653	0.411	0.259	0.152	1.399	1.054	0.345	0.469	0.256	0.214	-4.291	1569.971		0
ZINC03963062_177	1C5T.pdb_1GJ6.pdb_1QBO.pdb	1655	0.411	0.33	0.081	1.458	1.27	0.188	0.433	0.308	0.125	-2.519	1892.781		0
ZINC01092150_1	1C5T.pdb_1GJ6.pdb_1QBO.pdb	1654	0.411	0.297	0.114	1.364	1.082	0.281	0.451	0.29	0.161	-3.232	1782.778		0
ZINC03814030_112	1C5T.pdb_1GJ6.pdb_1QBO.pdb	1657	0.411	0.313	0.098	1.37	1.136	0.234	0.447	0.302	0.145	-2.913	1854.068		0
ZINC02877075_60	1C5T.pdb_1GJ6.pdb_1QBO.pdb	1656	0.411	0.259	0.152	1.399	1.054	0.345	0.469	0.256	0.214	-4.291	1569.971		0
ZINC03801144_150	1C5T.pdb_1GJ6.pdb_1QBO.pdb	1658	0.41	0.283	0.126	1.372	1.047	0.325	0.451	0.28	0.171	-3.421	1720.083		0
ZINC03460183_23	1C5T.pdb_1GJ6.pdb_1QBO.pdb	1661	0.41	0.328	0.082	1.4	1.191	0.209	0.431	0.311	0.12	-2.401	1913.306		0
ZINC03640553_68	1C5T.pdb_1GJ6.pdb_1QBO.pdb	1659	0.41	0.311	0.099	1.306	1.105	0.2	0.466	0.302	0.163	-3.317	1859.225		0
ZINC03521771_156	1C5T.pdb_1GJ6.pdb_1QBO.pdb	1662	0.41	0.307	0.103	1.397	1.14	0.257	0.443	0.296	0.147	-2.956	1817.346		0
ZINC01070035_121	1C5T.pdb_1GJ6.pdb_1QBO.pdb	1660	0.41	0.266	0.144	1.46	1.095	0.365	0.452	0.26	0.192	-3.839	1593.846		0
ZINC04112540_111	1C5T.pdb_1GJ6.pdb_1QBO.pdb	1665	0.409	0.275	0.134	1.332	1.036	0.296	0.469	0.273	0.197	-3.966	1675.25		0
ZINC01749949_149	1C5T.pdb_1GJ6.pdb_1QBO.pdb	1664	0.409	0.297	0.112	1.269	1.026	0.243	0.467	0.295	0.172	-3.479	1814.99		0
ZINC02652842_55	1C5T.pdb_1GJ6.pdb_1QBO.pdb	1666	0.409	0.308	0.101	1.356	1.105	0.251	0.443	0.299	0.144	-2.882	1839.734		0
ZINC04406084_65	1C5T.pdb_1GJ6.pdb_1QBO.pdb	1663	0.409	0.292	0.117	1.476	1.172	0.305	0.44	0.28	0.16	-3.207	1718.601		0
ZINC01551213_167	1C5T.pdb_1GJ6.pdb_1QBO.pdb	1667	0.408	0.32	0.087	1.223	1.042	0.18	0.461	0.316	0.144	-2.927	1948.154		0
ZINC03834157_8	1C5T.pdb_1GJ6.pdb_1QBO.pdb	1671	0.407	0.324	0.083	1.164	0.985	0.178	0.46	0.325	0.135	-2.725	2005.691		1
ZINC04522148_107	1C5T.pdb_1GJ6.pdb_1QBO.pdb	1668	0.407	0.323	0.085	1.403	1.217	0.186	0.44	0.305	0.134	-2.715	1874.902		0
ZINC04633537_194	1C5T.pdb_1GJ6.pdb_1QBO.pdb	1670	0.407	0.323	0.084	1.396	1.195	0.201	0.434	0.307	0.127	-2.548	1885.536		0
ZINC03810255_105	1C5T.pdb_1GJ6.pdb_1QBO.pdb	1669	0.407	0.31	0.097	1.315	1.084	0.231	0.446	0.303	0.143	-2.871	1862.759		0
ZINC03968597_84	1C5T.pdb_1GJ6.pdb_1QBO.pdb	1674	0.406	0.305	0.101	1.386	1.135	0.251	0.438	0.294	0.144	-2.886	1807.74		0
ZINC03820792_3	1C5T.pdb_1GJ6.pdb_1QBO.pdb	1672	0.406	0.312	0.093	1.399	1.165	0.234	0.433	0.299	0.134	-2.688	1838.142		0
ZINC03972980_80	1C5T.pdb_1GJ6.pdb_1QBO.pdb	1673	0.406	0.288	0.118	1.407	1.117	0.29	0.446	0.28	0.166	-3.333	1716.776		0
ZINC01920516_59	1C5T.pdb_1GJ6.pdb_1QBO.pdb	1676	0.405	0.313	0.092	1.261	1.073	0.188	0.46	0.306	0.153	-3.114	1885.249		0
ZINC03805072_72	1C5T.pdb_1GJ6.pdb_1QBO.pdb	1675	0.405	0.259	0.146	1.435	1.086	0.349	0.454	0.254	0.2	-4.008	1560.388		0
ZINC03924335_5	1C5T.pdb_1GJ6.pdb_1QBO.pdb	1677	0.404	0.299	0.105	1.216	0.987	0.229	0.463	0.3	0.163	-3.283	1848.881		0
ZINC03633165_72	1C5T.pdb_1GJ6.pdb_1QBO.pdb	1679	0.403	0.306	0.097	1.283	1.08	0.203	0.456	0.299	0.157	-3.172	1840.993		0
ZINC03933659_55	1C5T.pdb_1GJ6.pdb_1QBO.pdb	1678	0.403	0.307	0.097	1.342	1.1	0.242	0.437	0.298	0.139	-2.781	1834.46		0
ZINC03448264_114	1C5T.pdb_1GJ6.pdb_1QBO.pdb	1680	0.401	0.311	0.09	1.437	1.198	0.239	0.422	0.296	0.126	-2.512	1817.588		0
ZINC02117747_7	1C5T.pdb_1GJ6.pdb_1QBO.pdb	1682	0.401	0.289	0.112	1.4	1.124	0.276	0.438	0.28	0.158	-3.174	1720.262		0
ZINC03923324_94	1C5T.pdb_1GJ6.pdb_1QBO.pdb	1681	0.401	0.323	0.079	1.399	1.208	0.191	0.424	0.306	0.118	-2.379	1877.391		0
ZINC03342650_162	1C5T.pdb_1GJ6.pdb_1QBO.pdb	1684	0.4	0.294	0.105	1.468	1.192	0.276	0.426	0.281	0.145	-2.906	1725.433		0
ZINC01875803_113	1C5T.pdb_1GJ6.pdb_1QBO.pdb	1683	0.4	0.257	0.144	1.167	0.903	0.264	0.503	0.264	0.239	-4.883	1624.878		0
ZINC03295881_169	1C5T.pdb_1GJ6.pdb_1QBO.pdb	1685	0.4	0.293	0.108	1.571	1.272	0.3	0.419	0.275	0.144	-2.873	1688.373		0
ZINC03923948_127	1C5T.pdb_1GJ6.pdb_1QBO.pdb	1686	0.399	0.282	0.117	1.338	1.065	0.273	0.447	0.277	0.17	-3.41	1703.138		0
ZINC03803272_96	1C5T.pdb_1GJ6.pdb_1QBO.pdb	1688	0.399	0.306	0.093	1.292	1.07	0.222	0.437	0.3	0.137	-2.759	1845.693		0
ZINC03923324_176	1C5T.pdb_1GJ6.pdb_1QBO.pdb	1687	0.399	0.32	0.079	1.391	1.2	0.191	0.422	0.304	0.118	-2.381	1866.765		0
ZINC03921673_165	1C5T.pdb_1GJ6.pdb_1QBO.pdb	1690	0.398	0.288	0.109	1.238	0.984	0.254	0.451	0.29	0.161	-3.236	1784.255		0
ZINC03363345_178	1C5T.pdb_1GJ6.pdb_1QBO.pdb	1689	0.398	0.284	0.114	1.248	0.981	0.267	0.451	0.285	0.165	-3.325	1755.703		0
ZINC01542989_9	1C5T.pdb_1GJ6.pdb_1QBO.pdb	1691	0.397	0.276	0.121	1.313	1.03	0.283	0.449	0.274	0.175	-3.521	1682.026		0
ZINC03889655_8	1C5T.pdb_1GJ6.pdb_1QBO.pdb	1692	0.396	0.294	0.103	1.352	1.096	0.256	0.433	0.286	0.146	-2.935	1759.585		0
ZINC01874619_188	1C5T.pdb_1GJ6.pdb_1QBO.pdb	1693	0.395	0.281	0.114	1.279	1.011	0.267	0.446	0.28	0.165	-3.324	1724.711		0
ZINC03868253_144	1C5T.pdb_1GJ6.pdb_1QBO.pdb	1694	0.394	0.26	0.134	1.308	1.0	0.308	0.452	0.261	0.191	-3.839	1601.485		0
ZINC03362084_81	1C5T.pdb_1GJ6.pdb_1QBO.pdb	1695	0.393	0.29	0.103	1.162	0.937	0.225	0.455	0.295	0.16	-3.232	1820.695		0
ZINC04465016_119	1C5T.pdb_1GJ6.pdb_1QBO.pdb	1696	0.391	0.321	0.07	1.239	1.098	0.142	0.434	0.312	0.122	-2.48	1922.522		0
ZINC03890485_119	1C5T.pdb_1GJ6.pdb_1QBO.pdb	1697	0.391	0.321	0.07	1.239	1.098	0.142	0.434	0.312	0.122	-2.48	1922.522		0
ZINC03810719_81	1C5T.pdb_1GJ6.pdb_1QBO.pdb	1698	0.389	0.27	0.119	1.381	1.102	0.279	0.436	0.263	0.173	-3.467	1616.746		0
ZINC03088497_60	1C5T.pdb_1GJ6.pdb_1QBO.pdb	1699	0.387	0.266	0.121	1.308	1.038	0.27	0.443	0.264	0.179	-3.609	1618.978		0
ZINC03416105_74	1C5T.pdb_1GJ6.pdb_1QBO.pdb	1700	0.384	0.307	0.077	1.255	1.075	0.179	0.42	0.301	0.119	-2.399	1848.631		0
ZINC02652895_94	1C5T.pdb_1GJ6.pdb_1QBO.pdb	1701	0.384	0.284	0.1	1.227	1.0	0.227	0.435	0.283	0.151	-3.05	1742.701		0
ZINC03444046_195	1C5T.pdb_1GJ6.pdb_1QBO.pdb	1702	0.383	0.277	0.106	1.306	1.055	0.251	0.429	0.274	0.155	-3.114	1680.819		0
ZINC03923949_43	1C5T.pdb_1GJ6.pdb_1QBO.pdb	1703	0.381	0.316	0.065	1.319	1.16	0.159	0.401	0.303	0.099	-1.983	1860.846		0
ZINC02318268_49	1C5T.pdb_1GJ6.pdb_1QBO.pdb	1704	0.381	0.273	0.109	1.294	1.038	0.257	0.429	0.27	0.159	-3.194	1658.263		0
ZINC03279124_162	1C5T.pdb_1GJ6.pdb_1QBO.pdb	1705	0.38	0.295	0.084	1.321	1.096	0.226	0.407	0.288	0.119	-2.377	1769.827		0
ZINC03820344_59	1C5T.pdb_1GJ6.pdb_1QBO.pdb	1706	0.376	0.301	0.076	1.274	1.091	0.183	0.407	0.293	0.114	-2.29	1802.584		0
ZINC03820345_172	1C5T.pdb_1GJ6.pdb_1QBO.pdb	1707	0.372	0.314	0.059	1.345	1.194	0.151	0.386	0.299	0.087	-1.746	1834.116		0
ZINC03459523_166	1C5T.pdb_1GJ6.pdb_1QBO.pdb	1708	0.366	0.241	0.125	1.166	0.876	0.29	0.43	0.25	0.18	-3.611	1538.262		0
ZINC03818662_162	1C5T.pdb_1GJ6.pdb_1QBO.pdb	1709	0.364	0.297	0.067	1.242	1.078	0.164	0.392	0.291	0.101	-2.035	1787.387		0
ZINC03291266_95	1C5T.pdb_1GJ6.pdb_1QBO.pdb	1710	0.355	0.269	0.086	1.16	0.952	0.208	0.401	0.273	0.129	-2.587	1678.276		0
ZINC01834216_193	1C5T.pdb_1GJ6.pdb_1QBO.pdb	1711	0.335	0.275	0.06	1.146	1.013	0.133	0.372	0.274	0.098	-1.989	1685.233		0
ZINC02220856_9	1C5T.pdb_1GJ6.pdb_1QBO.pdb	1712	0.324	0.247	0.077	1.069	0.904	0.164	0.38	0.254	0.127	-2.564	1562.101		0
ZINC03834185_1	1C5T.pdb_1GJ6.pdb_1QBO.pdb	1713	0.233	0.13	0.102	1.562	1.152	0.41	0.248	0.128	0.12	-2.373	781.289		1
