Name	ShapeQuery	Rank	TanimotoCombo	ShapeTanimoto	ColorTanimoto	FitTverskyCombo	FitTversky	FitColorTversky	RefTverskyCombo	RefTversky	RefColorTversky	ColorScore	Overlap	Unnamed: 14	Active
ZINC04617942_187	1GJ6.pdb_1H4W.pdb_1QBN.pdb	1	0.685	0.415	0.27	1.929	1.352	0.578	0.711	0.375	0.336	-8.444	2027.276		1
ZINC04617942_187	1GJ6.pdb_1H4W.pdb_1QBN.pdb	2	0.685	0.415	0.27	1.929	1.352	0.578	0.711	0.375	0.336	-8.444	2027.276		1
ZINC03981735_183	1GJ6.pdb_1H4W.pdb_1QBN.pdb	3	0.676	0.39	0.287	1.794	1.162	0.632	0.714	0.37	0.344	-8.623	2003.625		0
ZINC04617941_184	1GJ6.pdb_1H4W.pdb_1QBN.pdb	5	0.667	0.414	0.253	2.012	1.463	0.549	0.686	0.366	0.32	-8.03	1977.751		1
ZINC04617941_184	1GJ6.pdb_1H4W.pdb_1QBN.pdb	4	0.667	0.414	0.253	2.012	1.463	0.549	0.686	0.366	0.32	-8.03	1977.751		1
ZINC01545941_81	1GJ6.pdb_1H4W.pdb_1QBN.pdb	6	0.656	0.347	0.309	1.615	1.038	0.577	0.742	0.343	0.399	-10.082	1859.075		0
ZINC03815826_171	1GJ6.pdb_1H4W.pdb_1QBN.pdb	7	0.649	0.377	0.272	1.852	1.344	0.507	0.713	0.344	0.37	-9.36	1856.54		1
ZINC01903301_167	1GJ6.pdb_1H4W.pdb_1QBN.pdb	8	0.649	0.341	0.308	1.5	0.925	0.575	0.749	0.35	0.399	-10.072	1905.89		0
ZINC03815826_171	1GJ6.pdb_1H4W.pdb_1QBN.pdb	9	0.649	0.377	0.272	1.852	1.344	0.507	0.713	0.344	0.37	-9.36	1856.54		1
ZINC03938554_16	1GJ6.pdb_1H4W.pdb_1QBN.pdb	10	0.618	0.384	0.234	1.657	1.12	0.537	0.662	0.369	0.293	-7.332	2002.887		0
ZINC03834187_120	1GJ6.pdb_1H4W.pdb_1QBN.pdb	11	0.616	0.375	0.241	1.762	1.234	0.528	0.657	0.35	0.307	-7.713	1893.051		1
ZINC04633604_68	1GJ6.pdb_1H4W.pdb_1QBN.pdb	12	0.613	0.394	0.219	1.756	1.267	0.489	0.648	0.364	0.284	-7.138	1968.232		0
ZINC01550309_111	1GJ6.pdb_1H4W.pdb_1QBN.pdb	13	0.612	0.38	0.232	1.742	1.208	0.534	0.648	0.357	0.291	-7.291	1931.357		0
ZINC03870904_56	1GJ6.pdb_1H4W.pdb_1QBN.pdb	14	0.603	0.404	0.199	1.68	1.161	0.519	0.627	0.383	0.244	-6.091	2076.458		0
ZINC03987406_99	1GJ6.pdb_1H4W.pdb_1QBN.pdb	15	0.6	0.401	0.199	1.728	1.258	0.47	0.627	0.37	0.256	-6.42	2005.992		0
ZINC03977105_82	1GJ6.pdb_1H4W.pdb_1QBN.pdb	17	0.599	0.434	0.166	1.677	1.233	0.444	0.61	0.401	0.209	-5.212	2173.807		0
ZINC03815826_179	1GJ6.pdb_1H4W.pdb_1QBN.pdb	18	0.599	0.369	0.23	1.768	1.326	0.443	0.661	0.339	0.323	-8.172	1829.926		1
ZINC03790011_41	1GJ6.pdb_1H4W.pdb_1QBN.pdb	16	0.599	0.448	0.151	1.603	1.261	0.342	0.622	0.41	0.212	-5.331	2224.833		0
ZINC04222272_186	1GJ6.pdb_1H4W.pdb_1QBN.pdb	19	0.597	0.458	0.139	1.583	1.264	0.319	0.615	0.418	0.197	-4.961	2268.164		0
ZINC04222193_157	1GJ6.pdb_1H4W.pdb_1QBN.pdb	20	0.594	0.403	0.191	1.751	1.248	0.502	0.609	0.373	0.236	-5.898	2020.394		0
ZINC03960308_6	1GJ6.pdb_1H4W.pdb_1QBN.pdb	22	0.592	0.396	0.196	1.556	1.069	0.488	0.633	0.386	0.248	-6.192	2096.407		0
ZINC03938552_7	1GJ6.pdb_1H4W.pdb_1QBN.pdb	21	0.592	0.385	0.207	1.632	1.122	0.51	0.628	0.369	0.259	-6.47	2002.305		0
ZINC03834121_133	1GJ6.pdb_1H4W.pdb_1QBN.pdb	23	0.591	0.393	0.198	1.559	1.159	0.4	0.654	0.373	0.281	-7.107	2023.549		1
ZINC03790022_16	1GJ6.pdb_1H4W.pdb_1QBN.pdb	24	0.59	0.437	0.153	1.618	1.27	0.347	0.615	0.4	0.215	-5.411	2168.072		0
ZINC03811853_52	1GJ6.pdb_1H4W.pdb_1QBN.pdb	25	0.59	0.43	0.16	1.581	1.232	0.349	0.626	0.398	0.228	-5.759	2156.744		0
ZINC03977123_65	1GJ6.pdb_1H4W.pdb_1QBN.pdb	26	0.587	0.417	0.169	1.591	1.161	0.43	0.613	0.395	0.218	-5.454	2142.288		0
ZINC03959444_8	1GJ6.pdb_1H4W.pdb_1QBN.pdb	27	0.584	0.377	0.207	1.633	1.124	0.51	0.621	0.362	0.259	-6.471	1964.123		0
ZINC03980301_22	1GJ6.pdb_1H4W.pdb_1QBN.pdb	29	0.584	0.433	0.151	1.599	1.228	0.371	0.603	0.401	0.202	-5.074	2173.146		0
ZINC03950795_165	1GJ6.pdb_1H4W.pdb_1QBN.pdb	28	0.584	0.36	0.224	1.639	1.141	0.498	0.634	0.345	0.289	-7.264	1868.117		0
ZINC04222433_30	1GJ6.pdb_1H4W.pdb_1QBN.pdb	30	0.582	0.459	0.123	1.607	1.309	0.298	0.588	0.414	0.173	-4.356	2246.532		0
ZINC02663356_26	1GJ6.pdb_1H4W.pdb_1QBN.pdb	31	0.582	0.408	0.174	1.635	1.236	0.399	0.615	0.378	0.236	-5.943	2048.436		0
ZINC03834119_146	1GJ6.pdb_1H4W.pdb_1QBN.pdb	33	0.578	0.399	0.179	1.662	1.187	0.474	0.599	0.375	0.223	-5.576	2034.284		1
ZINC04222194_150	1GJ6.pdb_1H4W.pdb_1QBN.pdb	34	0.578	0.385	0.193	1.777	1.272	0.505	0.593	0.356	0.237	-5.928	1924.337		0
ZINC01631479_172	1GJ6.pdb_1H4W.pdb_1QBN.pdb	32	0.578	0.42	0.158	1.532	1.18	0.353	0.617	0.395	0.222	-5.593	2141.5		0
ZINC03333552_186	1GJ6.pdb_1H4W.pdb_1QBN.pdb	35	0.577	0.373	0.204	1.647	1.15	0.497	0.613	0.356	0.258	-6.451	1927.867		0
ZINC03914911_52	1GJ6.pdb_1H4W.pdb_1QBN.pdb	36	0.576	0.403	0.173	1.451	1.118	0.333	0.652	0.386	0.266	-6.759	2096.822		0
ZINC03840473_98	1GJ6.pdb_1H4W.pdb_1QBN.pdb	37	0.575	0.386	0.189	1.587	1.136	0.451	0.614	0.369	0.245	-6.149	2001.46		0
ZINC04222191_188	1GJ6.pdb_1H4W.pdb_1QBN.pdb	38	0.575	0.388	0.187	1.674	1.206	0.467	0.601	0.364	0.237	-5.928	1973.044		0
ZINC04147300_83	1GJ6.pdb_1H4W.pdb_1QBN.pdb	39	0.575	0.457	0.118	1.501	1.214	0.287	0.59	0.423	0.167	-4.196	2297.31		0
ZINC04222428_34	1GJ6.pdb_1H4W.pdb_1QBN.pdb	40	0.573	0.435	0.137	1.591	1.262	0.328	0.59	0.399	0.191	-4.798	2163.679		0
ZINC03987407_42	1GJ6.pdb_1H4W.pdb_1QBN.pdb	43	0.572	0.366	0.206	1.646	1.138	0.508	0.608	0.35	0.258	-6.446	1897.647		0
ZINC03987403_181	1GJ6.pdb_1H4W.pdb_1QBN.pdb	42	0.572	0.379	0.194	1.518	1.077	0.441	0.625	0.369	0.257	-6.442	2001.808		0
ZINC03987402_88	1GJ6.pdb_1H4W.pdb_1QBN.pdb	44	0.572	0.364	0.208	1.64	1.151	0.489	0.613	0.347	0.266	-6.674	1880.951		0
ZINC03834135_131	1GJ6.pdb_1H4W.pdb_1QBN.pdb	45	0.572	0.393	0.179	1.67	1.195	0.474	0.593	0.369	0.223	-5.576	2002.186		1
ZINC03841655_140	1GJ6.pdb_1H4W.pdb_1QBN.pdb	41	0.572	0.455	0.118	1.611	1.325	0.286	0.576	0.409	0.166	-4.181	2216.584		0
ZINC03791580_172	1GJ6.pdb_1H4W.pdb_1QBN.pdb	46	0.571	0.388	0.184	1.616	1.176	0.44	0.606	0.366	0.24	-6.011	1985.247		0
ZINC03841640_88	1GJ6.pdb_1H4W.pdb_1QBN.pdb	47	0.571	0.449	0.122	1.526	1.219	0.307	0.583	0.416	0.168	-4.199	2257.179		0
ZINC03840213_57	1GJ6.pdb_1H4W.pdb_1QBN.pdb	48	0.571	0.384	0.187	1.633	1.204	0.429	0.609	0.36	0.249	-6.254	1950.872		0
ZINC04222430_145	1GJ6.pdb_1H4W.pdb_1QBN.pdb	49	0.57	0.435	0.135	1.504	1.204	0.3	0.602	0.405	0.197	-4.96	2197.225		0
ZINC03928466_106	1GJ6.pdb_1H4W.pdb_1QBN.pdb	51	0.57	0.382	0.188	1.626	1.132	0.494	0.598	0.366	0.233	-5.806	1984.145		0
ZINC04356047_162	1GJ6.pdb_1H4W.pdb_1QBN.pdb	52	0.57	0.436	0.135	1.621	1.298	0.323	0.584	0.396	0.188	-4.72	2145.448		0
ZINC01549839_73	1GJ6.pdb_1H4W.pdb_1QBN.pdb	50	0.57	0.394	0.176	1.582	1.158	0.424	0.605	0.374	0.231	-5.783	2028.702		0
ZINC03987397_68	1GJ6.pdb_1H4W.pdb_1QBN.pdb	54	0.569	0.369	0.199	1.678	1.207	0.471	0.604	0.347	0.257	-6.437	1880.748		0
ZINC04222439_10	1GJ6.pdb_1H4W.pdb_1QBN.pdb	53	0.569	0.457	0.112	1.541	1.286	0.254	0.581	0.414	0.167	-4.203	2247.603		0
ZINC04222431_35	1GJ6.pdb_1H4W.pdb_1QBN.pdb	56	0.568	0.452	0.116	1.593	1.321	0.272	0.576	0.407	0.168	-4.233	2207.797		0
ZINC03959464_42	1GJ6.pdb_1H4W.pdb_1QBN.pdb	55	0.568	0.397	0.171	1.645	1.212	0.433	0.591	0.371	0.22	-5.506	2010.022		0
ZINC03775827_14	1GJ6.pdb_1H4W.pdb_1QBN.pdb	57	0.567	0.386	0.181	1.652	1.236	0.417	0.602	0.36	0.242	-6.081	1946.884		0
ZINC03985882_63	1GJ6.pdb_1H4W.pdb_1QBN.pdb	59	0.566	0.383	0.183	1.566	1.127	0.439	0.606	0.367	0.239	-5.991	1992.261		0
ZINC02138942_173	1GJ6.pdb_1H4W.pdb_1QBN.pdb	58	0.566	0.395	0.171	1.54	1.143	0.396	0.608	0.376	0.231	-5.815	2042.105		0
ZINC03948981_78	1GJ6.pdb_1H4W.pdb_1QBN.pdb	60	0.565	0.382	0.184	1.666	1.205	0.461	0.592	0.358	0.234	-5.852	1940.576		0
ZINC03841625_126	1GJ6.pdb_1H4W.pdb_1QBN.pdb	61	0.564	0.442	0.121	1.638	1.332	0.306	0.565	0.399	0.167	-4.181	2158.753		0
ZINC03791681_75	1GJ6.pdb_1H4W.pdb_1QBN.pdb	62	0.563	0.344	0.219	1.853	1.258	0.595	0.579	0.321	0.258	-6.424	1734.859		0
ZINC03841659_194	1GJ6.pdb_1H4W.pdb_1QBN.pdb	63	0.562	0.445	0.117	1.571	1.286	0.285	0.571	0.405	0.166	-4.159	2194.96		0
ZINC03832370_152	1GJ6.pdb_1H4W.pdb_1QBN.pdb	65	0.561	0.428	0.134	1.486	1.152	0.334	0.587	0.405	0.182	-4.57	2198.876		1
ZINC00767720_26	1GJ6.pdb_1H4W.pdb_1QBN.pdb	67	0.561	0.367	0.194	1.533	1.072	0.461	0.609	0.358	0.251	-6.296	1943.014		0
ZINC01548103_89	1GJ6.pdb_1H4W.pdb_1QBN.pdb	66	0.561	0.384	0.176	1.851	1.356	0.496	0.564	0.349	0.215	-5.353	1886.374		0
ZINC03841617_156	1GJ6.pdb_1H4W.pdb_1QBN.pdb	64	0.561	0.415	0.146	1.468	1.147	0.322	0.605	0.394	0.211	-5.315	2137.501		0
ZINC03977049_101	1GJ6.pdb_1H4W.pdb_1QBN.pdb	69	0.56	0.396	0.165	1.582	1.14	0.442	0.585	0.377	0.208	-5.195	2046.899		0
ZINC03834155_64	1GJ6.pdb_1H4W.pdb_1QBN.pdb	70	0.56	0.385	0.175	1.661	1.196	0.465	0.581	0.362	0.219	-5.469	1960.528		1
ZINC02043468_139	1GJ6.pdb_1H4W.pdb_1QBN.pdb	73	0.56	0.393	0.167	1.599	1.193	0.406	0.59	0.369	0.221	-5.54	2001.542		1
ZINC01535967_89	1GJ6.pdb_1H4W.pdb_1QBN.pdb	72	0.56	0.351	0.208	1.873	1.302	0.57	0.572	0.325	0.247	-6.154	1754.799		0
ZINC03785241_29	1GJ6.pdb_1H4W.pdb_1QBN.pdb	71	0.56	0.429	0.131	1.477	1.174	0.303	0.591	0.403	0.188	-4.721	2189.507		0
ZINC00771629_53	1GJ6.pdb_1H4W.pdb_1QBN.pdb	68	0.56	0.372	0.188	1.452	1.038	0.414	0.623	0.367	0.256	-6.446	1992.659		0
ZINC03775827_12	1GJ6.pdb_1H4W.pdb_1QBN.pdb	74	0.559	0.384	0.175	1.635	1.231	0.405	0.594	0.359	0.235	-5.902	1941.158		0
ZINC03807319_103	1GJ6.pdb_1H4W.pdb_1QBN.pdb	75	0.559	0.386	0.173	1.527	1.126	0.401	0.604	0.37	0.233	-5.86	2009.395		0
ZINC03959453_192	1GJ6.pdb_1H4W.pdb_1QBN.pdb	77	0.558	0.371	0.187	1.599	1.153	0.446	0.597	0.354	0.243	-6.098	1916.473		0
ZINC00770153_99	1GJ6.pdb_1H4W.pdb_1QBN.pdb	76	0.558	0.364	0.194	1.476	1.015	0.461	0.613	0.362	0.251	-6.296	1965.214		0
ZINC03819918_132	1GJ6.pdb_1H4W.pdb_1QBN.pdb	78	0.558	0.408	0.15	1.655	1.268	0.387	0.572	0.376	0.196	-4.914	2033.481		0
ZINC03834129_145	1GJ6.pdb_1H4W.pdb_1QBN.pdb	79	0.557	0.388	0.168	1.52	1.092	0.427	0.593	0.376	0.217	-5.432	2041.585		1
ZINC02222760_97	1GJ6.pdb_1H4W.pdb_1QBN.pdb	81	0.556	0.448	0.108	1.478	1.188	0.29	0.566	0.418	0.147	-3.689	2270.466		0
ZINC03841650_156	1GJ6.pdb_1H4W.pdb_1QBN.pdb	80	0.556	0.436	0.12	1.595	1.29	0.304	0.563	0.397	0.166	-4.158	2150.844		0
ZINC03841621_177	1GJ6.pdb_1H4W.pdb_1QBN.pdb	83	0.555	0.446	0.109	1.47	1.222	0.249	0.575	0.412	0.163	-4.105	2238.741		0
ZINC03377880_193	1GJ6.pdb_1H4W.pdb_1QBN.pdb	82	0.555	0.358	0.197	1.524	1.063	0.461	0.607	0.351	0.256	-6.42	1903.573		0
ZINC01553076_134	1GJ6.pdb_1H4W.pdb_1QBN.pdb	84	0.554	0.39	0.164	1.607	1.239	0.368	0.591	0.363	0.228	-5.733	1964.625		0
ZINC00581841_16	1GJ6.pdb_1H4W.pdb_1QBN.pdb	86	0.554	0.406	0.147	1.495	1.158	0.336	0.593	0.385	0.208	-5.231	2089.425		0
ZINC01909195_191	1GJ6.pdb_1H4W.pdb_1QBN.pdb	85	0.554	0.402	0.152	1.481	1.148	0.333	0.601	0.382	0.219	-5.511	2072.771		0
ZINC04150044_91	1GJ6.pdb_1H4W.pdb_1QBN.pdb	90	0.553	0.424	0.129	1.428	1.14	0.289	0.592	0.403	0.189	-4.766	2188.443		0
ZINC03977126_173	1GJ6.pdb_1H4W.pdb_1QBN.pdb	88	0.553	0.402	0.15	1.58	1.171	0.409	0.572	0.38	0.192	-4.801	2060.625		0
ZINC03832369_183	1GJ6.pdb_1H4W.pdb_1QBN.pdb	89	0.553	0.371	0.182	1.621	1.217	0.403	0.597	0.348	0.249	-6.277	1882.765		1
ZINC03859051_53	1GJ6.pdb_1H4W.pdb_1QBN.pdb	87	0.553	0.402	0.151	1.663	1.273	0.389	0.568	0.37	0.198	-4.952	2005.198		0
ZINC03977147_196	1GJ6.pdb_1H4W.pdb_1QBN.pdb	91	0.552	0.392	0.16	1.638	1.208	0.431	0.57	0.367	0.203	-5.057	1990.965		0
ZINC02401823_190	1GJ6.pdb_1H4W.pdb_1QBN.pdb	95	0.551	0.442	0.109	1.568	1.277	0.292	0.552	0.404	0.148	-3.705	2187.524		0
ZINC03834132_48	1GJ6.pdb_1H4W.pdb_1QBN.pdb	93	0.551	0.386	0.165	1.597	1.176	0.421	0.579	0.365	0.214	-5.348	1978.13		1
ZINC03820532_47	1GJ6.pdb_1H4W.pdb_1QBN.pdb	92	0.551	0.417	0.133	1.606	1.256	0.35	0.562	0.384	0.178	-4.441	2082.884		0
ZINC03819390_125	1GJ6.pdb_1H4W.pdb_1QBN.pdb	94	0.551	0.399	0.152	1.557	1.166	0.392	0.576	0.377	0.199	-4.973	2046.445		0
ZINC02712630_175	1GJ6.pdb_1H4W.pdb_1QBN.pdb	96	0.55	0.368	0.182	1.525	1.108	0.417	0.6	0.356	0.244	-6.13	1928.675		0
ZINC04222514_103	1GJ6.pdb_1H4W.pdb_1QBN.pdb	97	0.55	0.427	0.123	1.588	1.277	0.311	0.56	0.391	0.17	-4.251	2116.741		0
ZINC03955054_142	1GJ6.pdb_1H4W.pdb_1QBN.pdb	99	0.549	0.383	0.165	1.472	1.119	0.353	0.606	0.368	0.237	-5.988	1998.491		0
ZINC01882070_131	1GJ6.pdb_1H4W.pdb_1QBN.pdb	98	0.549	0.428	0.121	1.626	1.274	0.351	0.547	0.391	0.156	-3.887	2121.285		0
ZINC01548106_189	1GJ6.pdb_1H4W.pdb_1QBN.pdb	100	0.548	0.381	0.167	1.858	1.355	0.503	0.546	0.346	0.199	-4.957	1872.264		0
ZINC03867649_142	1GJ6.pdb_1H4W.pdb_1QBN.pdb	103	0.547	0.361	0.186	1.77	1.251	0.519	0.562	0.336	0.225	-5.611	1818.751		0
ZINC02712629_143	1GJ6.pdb_1H4W.pdb_1QBN.pdb	104	0.547	0.389	0.158	1.427	1.094	0.332	0.608	0.376	0.231	-5.846	2042.849		0
ZINC02654818_52	1GJ6.pdb_1H4W.pdb_1QBN.pdb	105	0.547	0.403	0.145	1.496	1.152	0.344	0.582	0.382	0.2	-5.028	2074.219		0
ZINC03834118_125	1GJ6.pdb_1H4W.pdb_1QBN.pdb	101	0.547	0.397	0.15	1.609	1.201	0.407	0.564	0.373	0.192	-4.785	2019.672		1
ZINC03987021_74	1GJ6.pdb_1H4W.pdb_1QBN.pdb	102	0.547	0.4	0.147	1.599	1.235	0.364	0.57	0.372	0.198	-4.968	2013.303		0
ZINC03807302_176	1GJ6.pdb_1H4W.pdb_1QBN.pdb	110	0.546	0.393	0.153	1.456	1.109	0.348	0.593	0.378	0.215	-5.405	2052.84		0
ZINC03959472_111	1GJ6.pdb_1H4W.pdb_1QBN.pdb	111	0.546	0.379	0.167	1.585	1.137	0.448	0.573	0.362	0.211	-5.257	1962.894		0
ZINC03819919_48	1GJ6.pdb_1H4W.pdb_1QBN.pdb	108	0.546	0.418	0.128	1.619	1.266	0.353	0.551	0.385	0.166	-4.153	2083.707		0
ZINC02866540_96	1GJ6.pdb_1H4W.pdb_1QBN.pdb	107	0.546	0.437	0.109	1.628	1.337	0.292	0.542	0.394	0.148	-3.705	2131.527		0
ZINC00603072_178	1GJ6.pdb_1H4W.pdb_1QBN.pdb	112	0.546	0.388	0.159	1.553	1.227	0.325	0.598	0.362	0.236	-5.981	1958.283		0
ZINC03785211_119	1GJ6.pdb_1H4W.pdb_1QBN.pdb	106	0.546	0.396	0.151	1.533	1.177	0.356	0.581	0.373	0.207	-5.201	2024.937		0
ZINC04340537_135	1GJ6.pdb_1H4W.pdb_1QBN.pdb	109	0.546	0.406	0.14	1.59	1.256	0.334	0.569	0.375	0.194	-4.879	2030.429		0
ZINC02242841_125	1GJ6.pdb_1H4W.pdb_1QBN.pdb	114	0.544	0.402	0.142	1.482	1.175	0.307	0.588	0.379	0.209	-5.267	2057.853		0
ZINC00587714_83	1GJ6.pdb_1H4W.pdb_1QBN.pdb	113	0.544	0.389	0.155	1.668	1.231	0.437	0.556	0.362	0.194	-4.834	1961.098		0
ZINC04222240_146	1GJ6.pdb_1H4W.pdb_1QBN.pdb	116	0.543	0.422	0.121	1.574	1.267	0.307	0.554	0.387	0.167	-4.183	2098.199		0
ZINC03819921_145	1GJ6.pdb_1H4W.pdb_1QBN.pdb	115	0.543	0.424	0.119	1.54	1.239	0.302	0.556	0.392	0.165	-4.124	2122.733		0
ZINC02712629_91	1GJ6.pdb_1H4W.pdb_1QBN.pdb	117	0.542	0.392	0.15	1.41	1.102	0.308	0.604	0.378	0.226	-5.714	2052.69		0
ZINC03670360_144	1GJ6.pdb_1H4W.pdb_1QBN.pdb	118	0.542	0.41	0.131	1.499	1.17	0.33	0.567	0.387	0.179	-4.495	2100.535		0
ZINC03834122_111	1GJ6.pdb_1H4W.pdb_1QBN.pdb	119	0.542	0.39	0.151	1.578	1.167	0.411	0.563	0.369	0.193	-4.83	2002.819		1
ZINC03977132_23	1GJ6.pdb_1H4W.pdb_1QBN.pdb	121	0.541	0.393	0.147	1.55	1.169	0.382	0.566	0.372	0.194	-4.843	2018.203		0
ZINC03842080_130	1GJ6.pdb_1H4W.pdb_1QBN.pdb	120	0.541	0.386	0.155	1.572	1.207	0.365	0.575	0.362	0.213	-5.338	1962.104		0
ZINC03791571_80	1GJ6.pdb_1H4W.pdb_1QBN.pdb	124	0.54	0.337	0.203	1.669	1.141	0.528	0.572	0.324	0.248	-6.2	1751.708		0
ZINC02224425_78	1GJ6.pdb_1H4W.pdb_1QBN.pdb	122	0.54	0.415	0.125	1.514	1.207	0.307	0.562	0.388	0.175	-4.382	2101.661		0
ZINC03980155_180	1GJ6.pdb_1H4W.pdb_1QBN.pdb	123	0.54	0.401	0.139	1.653	1.306	0.347	0.555	0.367	0.189	-4.732	1983.356		0
ZINC01902817_145	1GJ6.pdb_1H4W.pdb_1QBN.pdb	125	0.54	0.33	0.209	1.542	1.071	0.471	0.597	0.323	0.274	-6.877	1750.252		0
ZINC03834124_159	1GJ6.pdb_1H4W.pdb_1QBN.pdb	128	0.539	0.375	0.164	1.576	1.137	0.439	0.566	0.359	0.207	-5.16	1945.868		1
ZINC04222445_39	1GJ6.pdb_1H4W.pdb_1QBN.pdb	126	0.539	0.405	0.134	1.53	1.221	0.308	0.568	0.377	0.191	-4.799	2045.054		0
ZINC03987620_128	1GJ6.pdb_1H4W.pdb_1QBN.pdb	127	0.539	0.436	0.102	1.399	1.164	0.235	0.565	0.411	0.154	-3.879	2231.818		0
ZINC03766053_92	1GJ6.pdb_1H4W.pdb_1QBN.pdb	130	0.539	0.444	0.095	1.404	1.159	0.245	0.553	0.419	0.134	-3.351	2276.119		0
ZINC02663357_93	1GJ6.pdb_1H4W.pdb_1QBN.pdb	129	0.539	0.378	0.161	1.545	1.172	0.373	0.579	0.358	0.221	-5.561	1940.694		0
ZINC02712629_98	1GJ6.pdb_1H4W.pdb_1QBN.pdb	133	0.538	0.381	0.157	1.406	1.084	0.321	0.605	0.37	0.235	-5.939	2009.524		0
ZINC03785220_140	1GJ6.pdb_1H4W.pdb_1QBN.pdb	132	0.538	0.392	0.146	1.462	1.128	0.334	0.582	0.375	0.207	-5.201	2035.893		0
ZINC01631479_75	1GJ6.pdb_1H4W.pdb_1QBN.pdb	131	0.538	0.406	0.131	1.441	1.151	0.29	0.579	0.386	0.194	-4.884	2094.146		0
ZINC04392031_173	1GJ6.pdb_1H4W.pdb_1QBN.pdb	134	0.537	0.359	0.179	1.571	1.07	0.502	0.568	0.35	0.217	-5.414	1900.318		0
ZINC04215208_17	1GJ6.pdb_1H4W.pdb_1QBN.pdb	135	0.537	0.368	0.169	1.35	1.033	0.317	0.629	0.364	0.265	-6.744	1975.471		0
ZINC04147161_51	1GJ6.pdb_1H4W.pdb_1QBN.pdb	136	0.537	0.36	0.177	1.391	1.012	0.379	0.607	0.359	0.248	-6.26	1948.714		0
ZINC04383610_152	1GJ6.pdb_1H4W.pdb_1QBN.pdb	137	0.537	0.383	0.154	1.605	1.189	0.417	0.557	0.361	0.196	-4.893	1956.331		0
ZINC02336300_25	1GJ6.pdb_1H4W.pdb_1QBN.pdb	138	0.536	0.39	0.146	1.58	1.241	0.339	0.567	0.362	0.205	-5.151	1962.075		0
ZINC03834143_92	1GJ6.pdb_1H4W.pdb_1QBN.pdb	139	0.536	0.385	0.151	1.586	1.175	0.411	0.557	0.364	0.193	-4.825	1971.335		1
ZINC03841071_65	1GJ6.pdb_1H4W.pdb_1QBN.pdb	140	0.536	0.427	0.109	1.561	1.294	0.268	0.545	0.389	0.156	-3.912	2106.964		0
ZINC03834126_78	1GJ6.pdb_1H4W.pdb_1QBN.pdb	142	0.535	0.38	0.155	1.672	1.229	0.443	0.547	0.355	0.192	-4.783	1920.754		1
ZINC03780338_15	1GJ6.pdb_1H4W.pdb_1QBN.pdb	145	0.535	0.37	0.165	1.391	1.072	0.319	0.616	0.361	0.255	-6.486	1960.491		0
ZINC00770143_164	1GJ6.pdb_1H4W.pdb_1QBN.pdb	143	0.535	0.448	0.087	1.386	1.17	0.216	0.547	0.421	0.126	-3.166	2287.939		0
ZINC02138945_85	1GJ6.pdb_1H4W.pdb_1QBN.pdb	144	0.535	0.367	0.168	1.472	1.084	0.389	0.584	0.357	0.227	-5.712	1937.252		0
ZINC03633212_153	1GJ6.pdb_1H4W.pdb_1QBN.pdb	141	0.535	0.408	0.128	1.49	1.207	0.283	0.57	0.381	0.189	-4.758	2066.49		0
ZINC02654819_115	1GJ6.pdb_1H4W.pdb_1QBN.pdb	146	0.534	0.393	0.141	1.468	1.133	0.335	0.571	0.376	0.195	-4.9	2040.776		0
ZINC02160908_61	1GJ6.pdb_1H4W.pdb_1QBN.pdb	147	0.534	0.409	0.125	1.613	1.273	0.341	0.541	0.376	0.164	-4.107	2038.085		0
ZINC03933542_180	1GJ6.pdb_1H4W.pdb_1QBN.pdb	148	0.534	0.414	0.119	1.459	1.156	0.303	0.557	0.392	0.165	-4.133	2128.578		0
ZINC03820532_57	1GJ6.pdb_1H4W.pdb_1QBN.pdb	149	0.534	0.383	0.152	1.572	1.181	0.391	0.56	0.361	0.198	-4.964	1958.33		0
ZINC02130567_148	1GJ6.pdb_1H4W.pdb_1QBN.pdb	150	0.533	0.366	0.167	1.455	1.066	0.389	0.585	0.358	0.227	-5.708	1942.586		0
ZINC03980301_40	1GJ6.pdb_1H4W.pdb_1QBN.pdb	151	0.533	0.393	0.14	1.493	1.145	0.348	0.564	0.374	0.19	-4.756	2031.155		0
ZINC02138807_191	1GJ6.pdb_1H4W.pdb_1QBN.pdb	152	0.532	0.364	0.168	1.451	1.062	0.389	0.584	0.357	0.227	-5.712	1936.079		0
ZINC03834116_53	1GJ6.pdb_1H4W.pdb_1QBN.pdb	153	0.531	0.349	0.181	1.413	0.978	0.435	0.589	0.352	0.237	-5.943	1913.608		1
ZINC03841653_24	1GJ6.pdb_1H4W.pdb_1QBN.pdb	156	0.531	0.432	0.099	1.507	1.262	0.245	0.539	0.397	0.143	-3.581	2150.457		0
ZINC03959458_42	1GJ6.pdb_1H4W.pdb_1QBN.pdb	155	0.531	0.385	0.146	1.632	1.21	0.422	0.544	0.361	0.183	-4.552	1953.99		0
ZINC04185339_12	1GJ6.pdb_1H4W.pdb_1QBN.pdb	154	0.531	0.394	0.137	1.707	1.33	0.377	0.536	0.359	0.177	-4.422	1939.056		0
ZINC03946130_107	1GJ6.pdb_1H4W.pdb_1QBN.pdb	157	0.531	0.375	0.157	1.529	1.127	0.402	0.564	0.36	0.204	-5.106	1949.597		0
ZINC03852887_131	1GJ6.pdb_1H4W.pdb_1QBN.pdb	162	0.53	0.418	0.112	1.494	1.208	0.286	0.546	0.39	0.156	-3.901	2115.82		0
ZINC03933859_65	1GJ6.pdb_1H4W.pdb_1QBN.pdb	159	0.53	0.427	0.103	1.524	1.27	0.253	0.539	0.391	0.147	-3.701	2121.308		0
ZINC04185341_12	1GJ6.pdb_1H4W.pdb_1QBN.pdb	158	0.53	0.393	0.137	1.679	1.302	0.377	0.538	0.361	0.177	-4.421	1950.259		0
ZINC02352409_54	1GJ6.pdb_1H4W.pdb_1QBN.pdb	164	0.53	0.388	0.143	1.469	1.16	0.309	0.578	0.368	0.21	-5.296	1994.762		0
ZINC03838510_6	1GJ6.pdb_1H4W.pdb_1QBN.pdb	161	0.53	0.344	0.187	1.634	1.188	0.446	0.569	0.326	0.243	-6.086	1762.545		0
ZINC02974135_181	1GJ6.pdb_1H4W.pdb_1QBN.pdb	163	0.53	0.443	0.087	1.406	1.196	0.21	0.543	0.413	0.13	-3.273	2240.237		0
ZINC03841660_15	1GJ6.pdb_1H4W.pdb_1QBN.pdb	160	0.53	0.41	0.12	1.465	1.183	0.281	0.559	0.386	0.174	-4.377	2091.037		0
ZINC03640529_42	1GJ6.pdb_1H4W.pdb_1QBN.pdb	168	0.529	0.422	0.107	1.424	1.182	0.242	0.557	0.396	0.162	-4.076	2148.55		0
ZINC03938551_106	1GJ6.pdb_1H4W.pdb_1QBN.pdb	170	0.529	0.377	0.151	1.476	1.143	0.333	0.578	0.36	0.218	-5.487	1953.143		0
ZINC01902820_196	1GJ6.pdb_1H4W.pdb_1QBN.pdb	171	0.529	0.374	0.155	1.593	1.174	0.419	0.552	0.354	0.197	-4.928	1919.128		0
ZINC03959476_86	1GJ6.pdb_1H4W.pdb_1QBN.pdb	167	0.529	0.36	0.169	1.522	1.093	0.429	0.567	0.349	0.218	-5.444	1892.856		0
ZINC03941269_8	1GJ6.pdb_1H4W.pdb_1QBN.pdb	166	0.529	0.346	0.183	1.354	1.0	0.354	0.621	0.345	0.276	-6.994	1875.597		0
ZINC04392549_56	1GJ6.pdb_1H4W.pdb_1QBN.pdb	165	0.529	0.367	0.162	1.607	1.17	0.436	0.554	0.348	0.205	-5.122	1886.931		0
ZINC03874144_190	1GJ6.pdb_1H4W.pdb_1QBN.pdb	169	0.529	0.341	0.187	1.566	1.09	0.477	0.568	0.332	0.236	-5.891	1798.661		0
ZINC03928143_100	1GJ6.pdb_1H4W.pdb_1QBN.pdb	173	0.528	0.379	0.149	1.574	1.207	0.367	0.556	0.356	0.2	-5.012	1926.806		0
ZINC03842084_22	1GJ6.pdb_1H4W.pdb_1QBN.pdb	176	0.528	0.394	0.134	1.469	1.147	0.322	0.563	0.375	0.187	-4.707	2034.729		0
ZINC02352011_129	1GJ6.pdb_1H4W.pdb_1QBN.pdb	178	0.528	0.386	0.142	1.525	1.206	0.319	0.566	0.362	0.204	-5.151	1960.701		0
ZINC04222242_177	1GJ6.pdb_1H4W.pdb_1QBN.pdb	172	0.528	0.403	0.125	1.513	1.184	0.33	0.546	0.379	0.167	-4.182	2056.072		0
ZINC03311922_196	1GJ6.pdb_1H4W.pdb_1QBN.pdb	177	0.528	0.357	0.171	1.71	1.195	0.515	0.541	0.337	0.204	-5.063	1825.073		0
ZINC03933416_136	1GJ6.pdb_1H4W.pdb_1QBN.pdb	174	0.528	0.388	0.14	1.575	1.227	0.348	0.551	0.362	0.19	-4.753	1958.548		0
ZINC03819377_117	1GJ6.pdb_1H4W.pdb_1QBN.pdb	175	0.528	0.41	0.118	1.536	1.222	0.315	0.541	0.382	0.16	-3.992	2067.913		0
ZINC03841624_0	1GJ6.pdb_1H4W.pdb_1QBN.pdb	179	0.528	0.397	0.131	1.54	1.213	0.327	0.55	0.371	0.178	-4.472	2010.643		0
ZINC02860445_194	1GJ6.pdb_1H4W.pdb_1QBN.pdb	180	0.527	0.424	0.102	1.382	1.13	0.252	0.552	0.405	0.147	-3.691	2198.382		0
ZINC03834156_100	1GJ6.pdb_1H4W.pdb_1QBN.pdb	183	0.527	0.386	0.141	1.649	1.262	0.387	0.539	0.357	0.182	-4.551	1931.889		1
ZINC02572664_171	1GJ6.pdb_1H4W.pdb_1QBN.pdb	182	0.527	0.385	0.141	1.482	1.179	0.303	0.574	0.364	0.21	-5.297	1972.84		0
ZINC03842083_25	1GJ6.pdb_1H4W.pdb_1QBN.pdb	181	0.527	0.376	0.151	1.59	1.233	0.357	0.559	0.351	0.208	-5.223	1900.608		0
ZINC03834144_179	1GJ6.pdb_1H4W.pdb_1QBN.pdb	184	0.527	0.386	0.141	1.449	1.112	0.337	0.567	0.371	0.196	-4.919	2015.391		1
ZINC03959072_66	1GJ6.pdb_1H4W.pdb_1QBN.pdb	185	0.527	0.395	0.131	1.494	1.164	0.33	0.554	0.374	0.179	-4.497	2029.326		0
ZINC02128808_74	1GJ6.pdb_1H4W.pdb_1QBN.pdb	191	0.526	0.368	0.157	1.415	1.034	0.381	0.576	0.364	0.212	-5.307	1976.621		0
ZINC03874136_51	1GJ6.pdb_1H4W.pdb_1QBN.pdb	190	0.526	0.345	0.181	1.58	1.116	0.464	0.562	0.333	0.229	-5.736	1801.979		0
ZINC02130616_182	1GJ6.pdb_1H4W.pdb_1QBN.pdb	189	0.526	0.371	0.156	1.439	1.088	0.351	0.578	0.36	0.218	-5.499	1953.02		0
ZINC03819987_124	1GJ6.pdb_1H4W.pdb_1QBN.pdb	186	0.526	0.39	0.136	1.438	1.099	0.339	0.562	0.377	0.185	-4.63	2047.558		0
ZINC04410159_71	1GJ6.pdb_1H4W.pdb_1QBN.pdb	187	0.526	0.394	0.131	1.594	1.265	0.33	0.543	0.364	0.179	-4.494	1971.24		0
ZINC03980052_153	1GJ6.pdb_1H4W.pdb_1QBN.pdb	188	0.526	0.39	0.136	1.518	1.193	0.325	0.556	0.367	0.189	-4.746	1987.494		0
ZINC03974221_97	1GJ6.pdb_1H4W.pdb_1QBN.pdb	192	0.526	0.399	0.128	1.564	1.228	0.336	0.542	0.371	0.171	-4.266	2012.054		0
ZINC01882073_119	1GJ6.pdb_1H4W.pdb_1QBN.pdb	194	0.525	0.396	0.13	1.606	1.233	0.374	0.534	0.368	0.166	-4.136	1993.718		0
ZINC03343938_61	1GJ6.pdb_1H4W.pdb_1QBN.pdb	195	0.525	0.396	0.129	1.45	1.112	0.338	0.553	0.381	0.172	-4.298	2068.858		0
ZINC02252933_88	1GJ6.pdb_1H4W.pdb_1QBN.pdb	193	0.525	0.402	0.124	1.393	1.127	0.266	0.572	0.384	0.187	-4.739	2085.583		0
ZINC03819377_163	1GJ6.pdb_1H4W.pdb_1QBN.pdb	196	0.525	0.405	0.119	1.53	1.214	0.316	0.539	0.378	0.16	-4.014	2051.006		0
ZINC04260539_114	1GJ6.pdb_1H4W.pdb_1QBN.pdb	197	0.525	0.397	0.128	1.522	1.214	0.308	0.551	0.371	0.179	-4.508	2012.356		0
ZINC03841658_105	1GJ6.pdb_1H4W.pdb_1QBN.pdb	202	0.524	0.402	0.122	1.485	1.2	0.285	0.553	0.377	0.176	-4.435	2042.147		0
ZINC04356859_139	1GJ6.pdb_1H4W.pdb_1QBN.pdb	204	0.524	0.412	0.112	1.607	1.274	0.332	0.523	0.379	0.144	-3.587	2050.644		0
ZINC03841013_185	1GJ6.pdb_1H4W.pdb_1QBN.pdb	205	0.524	0.399	0.124	1.46	1.159	0.301	0.554	0.379	0.175	-4.396	2054.345		0
ZINC00814141_132	1GJ6.pdb_1H4W.pdb_1QBN.pdb	199	0.524	0.416	0.108	1.49	1.214	0.276	0.538	0.388	0.15	-3.766	2101.493		0
ZINC03977101_30	1GJ6.pdb_1H4W.pdb_1QBN.pdb	198	0.524	0.395	0.128	1.518	1.162	0.355	0.542	0.375	0.167	-4.171	2032.208		0
ZINC03919155_73	1GJ6.pdb_1H4W.pdb_1QBN.pdb	203	0.524	0.348	0.176	1.509	1.064	0.445	0.566	0.341	0.226	-5.649	1847.077		0
ZINC03841649_119	1GJ6.pdb_1H4W.pdb_1QBN.pdb	200	0.524	0.413	0.111	1.516	1.245	0.271	0.54	0.382	0.158	-3.961	2068.872		0
ZINC03839227_56	1GJ6.pdb_1H4W.pdb_1QBN.pdb	201	0.524	0.372	0.152	1.519	1.127	0.392	0.556	0.357	0.199	-4.971	1934.522		0
ZINC03834152_162	1GJ6.pdb_1H4W.pdb_1QBN.pdb	209	0.523	0.368	0.156	1.594	1.173	0.421	0.547	0.349	0.198	-4.947	1889.115		1
ZINC02131954_68	1GJ6.pdb_1H4W.pdb_1QBN.pdb	208	0.523	0.379	0.144	1.45	1.107	0.342	0.565	0.365	0.2	-5.024	1982.517		0
ZINC03816461_133	1GJ6.pdb_1H4W.pdb_1QBN.pdb	207	0.523	0.36	0.163	1.598	1.201	0.397	0.556	0.34	0.216	-5.417	1838.489		0
ZINC01536002_80	1GJ6.pdb_1H4W.pdb_1QBN.pdb	206	0.523	0.376	0.148	1.434	1.119	0.315	0.579	0.361	0.218	-5.504	1958.941		0
ZINC03831725_139	1GJ6.pdb_1H4W.pdb_1QBN.pdb	214	0.522	0.379	0.144	1.516	1.124	0.392	0.548	0.364	0.185	-4.607	1971.448		0
ZINC01549835_107	1GJ6.pdb_1H4W.pdb_1QBN.pdb	215	0.522	0.378	0.144	1.457	1.1	0.357	0.56	0.365	0.194	-4.866	1983.011		0
ZINC03981634_165	1GJ6.pdb_1H4W.pdb_1QBN.pdb	212	0.522	0.387	0.135	1.369	1.068	0.301	0.575	0.378	0.197	-4.96	2052.701		0
ZINC01552869_182	1GJ6.pdb_1H4W.pdb_1QBN.pdb	213	0.522	0.388	0.134	1.471	1.172	0.299	0.562	0.367	0.196	-4.933	1987.811		0
ZINC02700310_109	1GJ6.pdb_1H4W.pdb_1QBN.pdb	216	0.522	0.411	0.112	1.487	1.202	0.285	0.539	0.384	0.155	-3.894	2082.496		0
ZINC03987853_29	1GJ6.pdb_1H4W.pdb_1QBN.pdb	217	0.522	0.394	0.128	1.514	1.16	0.355	0.541	0.374	0.167	-4.165	2027.017		0
ZINC03834111_166	1GJ6.pdb_1H4W.pdb_1QBN.pdb	210	0.522	0.313	0.209	1.416	0.946	0.471	0.592	0.319	0.274	-6.871	1730.548		1
ZINC03834123_85	1GJ6.pdb_1H4W.pdb_1QBN.pdb	211	0.522	0.372	0.151	1.343	1.0	0.343	0.583	0.371	0.212	-5.335	2017.202		1
ZINC03818476_185	1GJ6.pdb_1H4W.pdb_1QBN.pdb	225	0.521	0.415	0.106	1.545	1.247	0.298	0.524	0.384	0.14	-3.505	2080.404		0
ZINC03819918_94	1GJ6.pdb_1H4W.pdb_1QBN.pdb	222	0.521	0.392	0.129	1.571	1.232	0.339	0.537	0.365	0.172	-4.303	1977.096		0
ZINC02388022_196	1GJ6.pdb_1H4W.pdb_1QBN.pdb	221	0.521	0.377	0.144	1.429	1.118	0.311	0.574	0.363	0.211	-5.323	1968.27		0
ZINC01760987_81	1GJ6.pdb_1H4W.pdb_1QBN.pdb	218	0.521	0.39	0.131	1.376	1.109	0.267	0.581	0.375	0.205	-5.205	2038.06		0
ZINC02402354_112	1GJ6.pdb_1H4W.pdb_1QBN.pdb	219	0.521	0.375	0.146	1.422	1.084	0.338	0.569	0.364	0.205	-5.143	1977.497		0
ZINC03834125_152	1GJ6.pdb_1H4W.pdb_1QBN.pdb	220	0.521	0.417	0.104	1.353	1.095	0.257	0.552	0.402	0.15	-3.756	2187.028		1
ZINC03323428_68	1GJ6.pdb_1H4W.pdb_1QBN.pdb	223	0.521	0.377	0.144	1.579	1.204	0.375	0.544	0.354	0.19	-4.759	1916.997		0
ZINC03633199_149	1GJ6.pdb_1H4W.pdb_1QBN.pdb	224	0.521	0.393	0.128	1.478	1.195	0.283	0.558	0.369	0.189	-4.757	2002.11		0
ZINC04237007_106	1GJ6.pdb_1H4W.pdb_1QBN.pdb	226	0.52	0.374	0.146	1.449	1.116	0.333	0.567	0.36	0.206	-5.187	1954.949		0
ZINC03841657_146	1GJ6.pdb_1H4W.pdb_1QBN.pdb	227	0.52	0.374	0.145	1.492	1.16	0.332	0.561	0.356	0.205	-5.168	1928.118		0
ZINC03890017_106	1GJ6.pdb_1H4W.pdb_1QBN.pdb	228	0.52	0.374	0.147	1.381	1.058	0.323	0.578	0.366	0.212	-5.341	1987.946		0
ZINC01548257_180	1GJ6.pdb_1H4W.pdb_1QBN.pdb	229	0.52	0.369	0.151	1.58	1.208	0.372	0.549	0.347	0.203	-5.082	1876.084		0
ZINC03834141_135	1GJ6.pdb_1H4W.pdb_1QBN.pdb	230	0.519	0.363	0.155	1.497	1.077	0.42	0.552	0.354	0.198	-4.936	1920.682		1
ZINC03840228_48	1GJ6.pdb_1H4W.pdb_1QBN.pdb	231	0.519	0.324	0.194	1.493	1.05	0.443	0.576	0.319	0.257	-6.463	1729.019		0
ZINC03928465_144	1GJ6.pdb_1H4W.pdb_1QBN.pdb	236	0.519	0.381	0.138	1.529	1.128	0.401	0.539	0.365	0.174	-4.328	1980.645		0
ZINC03933860_175	1GJ6.pdb_1H4W.pdb_1QBN.pdb	235	0.519	0.417	0.103	1.523	1.269	0.254	0.53	0.383	0.148	-3.707	2073.321		0
ZINC03840253_80	1GJ6.pdb_1H4W.pdb_1QBN.pdb	234	0.519	0.364	0.155	1.532	1.18	0.352	0.562	0.345	0.217	-5.468	1866.375		0
ZINC04636388_21	1GJ6.pdb_1H4W.pdb_1QBN.pdb	233	0.519	0.374	0.145	1.579	1.202	0.377	0.543	0.352	0.191	-4.783	1904.963		0
ZINC03820719_191	1GJ6.pdb_1H4W.pdb_1QBN.pdb	232	0.519	0.385	0.134	1.554	1.186	0.369	0.536	0.363	0.173	-4.331	1966.889		0
ZINC02450633_88	1GJ6.pdb_1H4W.pdb_1QBN.pdb	237	0.519	0.404	0.115	1.396	1.146	0.25	0.56	0.384	0.176	-4.444	2083.833		0
ZINC00852447_190	1GJ6.pdb_1H4W.pdb_1QBN.pdb	238	0.519	0.377	0.142	1.594	1.182	0.412	0.534	0.356	0.178	-4.439	1929.843		0
ZINC03633177_113	1GJ6.pdb_1H4W.pdb_1QBN.pdb	239	0.519	0.4	0.118	1.458	1.194	0.265	0.552	0.376	0.177	-4.455	2037.376		0
ZINC02416080_54	1GJ6.pdb_1H4W.pdb_1QBN.pdb	240	0.518	0.386	0.132	1.407	1.106	0.301	0.562	0.372	0.19	-4.781	2020.715		0
ZINC03841643_189	1GJ6.pdb_1H4W.pdb_1QBN.pdb	246	0.518	0.377	0.141	1.473	1.149	0.324	0.56	0.359	0.2	-5.042	1948.488		0
ZINC03834176_142	1GJ6.pdb_1H4W.pdb_1QBN.pdb	245	0.518	0.374	0.144	1.4	1.042	0.357	0.563	0.368	0.195	-4.88	2000.932		1
ZINC03930465_18	1GJ6.pdb_1H4W.pdb_1QBN.pdb	244	0.518	0.333	0.185	1.521	1.056	0.464	0.562	0.327	0.236	-5.895	1770.556		0
ZINC03942063_74	1GJ6.pdb_1H4W.pdb_1QBN.pdb	243	0.518	0.315	0.203	1.39	0.931	0.459	0.59	0.323	0.267	-6.706	1753.458		0
ZINC03633118_135	1GJ6.pdb_1H4W.pdb_1QBN.pdb	242	0.518	0.395	0.123	1.433	1.176	0.257	0.563	0.373	0.19	-4.811	2023.433		0
ZINC01548696_178	1GJ6.pdb_1H4W.pdb_1QBN.pdb	241	0.518	0.339	0.18	1.465	1.033	0.432	0.57	0.335	0.235	-5.893	1817.163		0
ZINC04383601_141	1GJ6.pdb_1H4W.pdb_1QBN.pdb	247	0.518	0.385	0.133	1.475	1.127	0.348	0.546	0.369	0.177	-4.423	2003.651		0
ZINC03990238_139	1GJ6.pdb_1H4W.pdb_1QBN.pdb	248	0.518	0.441	0.077	1.391	1.197	0.194	0.524	0.411	0.113	-2.836	2231.646		0
ZINC00593049_53	1GJ6.pdb_1H4W.pdb_1QBN.pdb	249	0.517	0.376	0.141	1.434	1.141	0.293	0.572	0.359	0.213	-5.392	1948.354		0
ZINC00770994_111	1GJ6.pdb_1H4W.pdb_1QBN.pdb	250	0.517	0.375	0.142	1.417	1.091	0.325	0.565	0.363	0.201	-5.068	1970.702		0
ZINC02222762_152	1GJ6.pdb_1H4W.pdb_1QBN.pdb	253	0.517	0.387	0.13	1.414	1.073	0.341	0.55	0.377	0.173	-4.34	2045.851		0
ZINC04222694_2	1GJ6.pdb_1H4W.pdb_1QBN.pdb	254	0.517	0.396	0.121	1.536	1.217	0.32	0.533	0.37	0.162	-4.059	2006.351		0
ZINC03959484_121	1GJ6.pdb_1H4W.pdb_1QBN.pdb	251	0.517	0.354	0.163	1.68	1.216	0.463	0.534	0.333	0.201	-5.003	1801.841		0
ZINC01882072_112	1GJ6.pdb_1H4W.pdb_1QBN.pdb	252	0.517	0.392	0.125	1.585	1.224	0.361	0.526	0.365	0.16	-3.999	1979.564		0
ZINC04001506_144	1GJ6.pdb_1H4W.pdb_1QBN.pdb	255	0.517	0.385	0.132	1.505	1.182	0.323	0.547	0.363	0.183	-4.604	1967.455		0
ZINC03841662_117	1GJ6.pdb_1H4W.pdb_1QBN.pdb	256	0.517	0.376	0.141	1.486	1.162	0.324	0.557	0.357	0.2	-5.04	1934.596		0
ZINC04001541_103	1GJ6.pdb_1H4W.pdb_1QBN.pdb	265	0.516	0.385	0.131	1.464	1.144	0.32	0.549	0.367	0.182	-4.56	1989.557		0
ZINC03948081_103	1GJ6.pdb_1H4W.pdb_1QBN.pdb	258	0.516	0.392	0.123	1.632	1.31	0.322	0.526	0.359	0.167	-4.179	1940.727		0
ZINC01549838_52	1GJ6.pdb_1H4W.pdb_1QBN.pdb	261	0.516	0.363	0.154	1.493	1.098	0.395	0.552	0.351	0.201	-5.02	1904.73		0
ZINC02640284_107	1GJ6.pdb_1H4W.pdb_1QBN.pdb	262	0.516	0.414	0.102	1.492	1.216	0.276	0.525	0.385	0.14	-3.499	2088.551		0
ZINC03891132_154	1GJ6.pdb_1H4W.pdb_1QBN.pdb	259	0.516	0.399	0.117	1.452	1.19	0.261	0.55	0.375	0.174	-4.398	2035.067		0
ZINC04355470_187	1GJ6.pdb_1H4W.pdb_1QBN.pdb	260	0.516	0.372	0.143	1.667	1.252	0.415	0.526	0.346	0.18	-4.481	1873.821		0
ZINC03815825_149	1GJ6.pdb_1H4W.pdb_1QBN.pdb	257	0.516	0.365	0.152	1.447	1.09	0.358	0.562	0.354	0.208	-5.229	1921.628		1
ZINC03840237_133	1GJ6.pdb_1H4W.pdb_1QBN.pdb	264	0.516	0.376	0.14	1.488	1.167	0.321	0.555	0.357	0.198	-4.988	1934.704		0
ZINC01549764_189	1GJ6.pdb_1H4W.pdb_1QBN.pdb	263	0.516	0.393	0.123	1.476	1.178	0.298	0.544	0.371	0.173	-4.342	2013.168		0
ZINC03819224_183	1GJ6.pdb_1H4W.pdb_1QBN.pdb	266	0.515	0.354	0.161	1.469	1.092	0.376	0.563	0.344	0.219	-5.499	1863.302		0
ZINC03891134_177	1GJ6.pdb_1H4W.pdb_1QBN.pdb	271	0.515	0.39	0.124	1.447	1.171	0.276	0.553	0.369	0.184	-4.646	2002.153		0
ZINC03818733_103	1GJ6.pdb_1H4W.pdb_1QBN.pdb	270	0.515	0.425	0.09	1.658	1.414	0.244	0.502	0.378	0.124	-3.101	2044.028		0
ZINC02135330_138	1GJ6.pdb_1H4W.pdb_1QBN.pdb	268	0.515	0.385	0.13	1.435	1.123	0.312	0.552	0.369	0.183	-4.585	2001.564		0
ZINC02975581_106	1GJ6.pdb_1H4W.pdb_1QBN.pdb	267	0.515	0.399	0.116	1.287	1.04	0.247	0.573	0.393	0.18	-4.559	2137.847		0
ZINC03818733_103	1GJ6.pdb_1H4W.pdb_1QBN.pdb	273	0.515	0.425	0.09	1.658	1.414	0.244	0.502	0.378	0.124	-3.101	2044.028		0
ZINC04393950_195	1GJ6.pdb_1H4W.pdb_1QBN.pdb	269	0.515	0.39	0.125	1.373	1.102	0.271	0.564	0.376	0.187	-4.733	2043.018		0
ZINC04185377_30	1GJ6.pdb_1H4W.pdb_1QBN.pdb	272	0.515	0.385	0.13	1.619	1.276	0.343	0.529	0.355	0.174	-4.351	1921.0		0
ZINC03840253_74	1GJ6.pdb_1H4W.pdb_1QBN.pdb	281	0.514	0.366	0.148	1.521	1.183	0.337	0.554	0.346	0.208	-5.244	1873.637		0
ZINC02129136_90	1GJ6.pdb_1H4W.pdb_1QBN.pdb	279	0.514	0.346	0.168	1.444	1.055	0.389	0.567	0.34	0.227	-5.712	1844.208		0
ZINC00576566_84	1GJ6.pdb_1H4W.pdb_1QBN.pdb	278	0.514	0.365	0.149	1.428	1.076	0.352	0.561	0.356	0.205	-5.142	1932.095		0
ZINC03670334_130	1GJ6.pdb_1H4W.pdb_1QBN.pdb	276	0.514	0.349	0.165	1.432	1.047	0.386	0.568	0.344	0.224	-5.627	1864.488		0
ZINC03852887_117	1GJ6.pdb_1H4W.pdb_1QBN.pdb	275	0.514	0.397	0.116	1.46	1.165	0.295	0.537	0.376	0.161	-4.028	2040.078		0
ZINC02382511_147	1GJ6.pdb_1H4W.pdb_1QBN.pdb	274	0.514	0.415	0.099	1.569	1.272	0.297	0.51	0.381	0.129	-3.207	2064.511		0
ZINC03840223_4	1GJ6.pdb_1H4W.pdb_1QBN.pdb	277	0.514	0.324	0.19	1.583	1.11	0.474	0.555	0.314	0.24	-6.01	1700.916		0
ZINC03827742_160	1GJ6.pdb_1H4W.pdb_1QBN.pdb	280	0.514	0.349	0.165	1.566	1.097	0.468	0.541	0.338	0.203	-5.055	1833.721		0
ZINC02860446_147	1GJ6.pdb_1H4W.pdb_1QBN.pdb	282	0.513	0.387	0.126	1.363	1.058	0.305	0.557	0.379	0.178	-4.459	2059.368		0
ZINC03987625_88	1GJ6.pdb_1H4W.pdb_1QBN.pdb	287	0.513	0.422	0.091	1.317	1.119	0.198	0.548	0.404	0.144	-3.654	2195.117		0
ZINC00962262_149	1GJ6.pdb_1H4W.pdb_1QBN.pdb	286	0.513	0.376	0.137	1.491	1.115	0.376	0.539	0.362	0.177	-4.419	1962.513		0
ZINC03819987_83	1GJ6.pdb_1H4W.pdb_1QBN.pdb	284	0.513	0.391	0.122	1.409	1.1	0.308	0.546	0.378	0.168	-4.211	2051.912		0
ZINC03840225_51	1GJ6.pdb_1H4W.pdb_1QBN.pdb	283	0.513	0.33	0.183	1.489	1.084	0.405	0.572	0.322	0.25	-6.298	1743.934		0
ZINC03815825_124	1GJ6.pdb_1H4W.pdb_1QBN.pdb	288	0.513	0.34	0.173	1.435	1.034	0.401	0.57	0.336	0.233	-5.858	1824.212		1
ZINC02203296_116	1GJ6.pdb_1H4W.pdb_1QBN.pdb	285	0.513	0.404	0.108	1.48	1.174	0.306	0.525	0.382	0.144	-3.592	2069.473		0
ZINC04382511_104	1GJ6.pdb_1H4W.pdb_1QBN.pdb	298	0.512	0.427	0.085	1.553	1.32	0.233	0.505	0.387	0.118	-2.959	2094.381		0
ZINC03977400_101	1GJ6.pdb_1H4W.pdb_1QBN.pdb	297	0.512	0.387	0.125	1.529	1.181	0.348	0.529	0.366	0.164	-4.083	1980.787		0
ZINC03841646_102	1GJ6.pdb_1H4W.pdb_1QBN.pdb	293	0.512	0.393	0.119	1.422	1.144	0.279	0.547	0.375	0.172	-4.335	2032.316		0
ZINC00962264_75	1GJ6.pdb_1H4W.pdb_1QBN.pdb	294	0.512	0.375	0.137	1.489	1.113	0.376	0.539	0.362	0.177	-4.419	1961.549		0
ZINC03828592_81	1GJ6.pdb_1H4W.pdb_1QBN.pdb	291	0.512	0.348	0.164	1.556	1.137	0.419	0.546	0.334	0.213	-5.316	1806.097		0
ZINC03841635_74	1GJ6.pdb_1H4W.pdb_1QBN.pdb	292	0.512	0.39	0.122	1.493	1.196	0.296	0.539	0.367	0.172	-4.327	1987.006		0
ZINC02192462_13	1GJ6.pdb_1H4W.pdb_1QBN.pdb	290	0.512	0.384	0.127	1.425	1.129	0.296	0.551	0.368	0.183	-4.606	1997.53		0
ZINC03834136_177	1GJ6.pdb_1H4W.pdb_1QBN.pdb	289	0.512	0.354	0.159	1.505	1.077	0.428	0.546	0.345	0.201	-5.026	1870.78		1
ZINC03990230_88	1GJ6.pdb_1H4W.pdb_1QBN.pdb	295	0.512	0.374	0.138	1.548	1.188	0.36	0.536	0.353	0.183	-4.567	1912.214		0
ZINC03891131_117	1GJ6.pdb_1H4W.pdb_1QBN.pdb	296	0.512	0.392	0.12	1.473	1.196	0.277	0.543	0.368	0.175	-4.4	1994.798		0
ZINC03821014_25	1GJ6.pdb_1H4W.pdb_1QBN.pdb	303	0.511	0.403	0.108	1.442	1.187	0.255	0.537	0.379	0.158	-3.964	2055.206		0
ZINC03810149_2	1GJ6.pdb_1H4W.pdb_1QBN.pdb	304	0.511	0.346	0.164	1.335	1.0	0.335	0.59	0.346	0.244	-6.175	1876.581		0
ZINC03974221_145	1GJ6.pdb_1H4W.pdb_1QBN.pdb	300	0.511	0.405	0.106	1.524	1.239	0.285	0.52	0.376	0.145	-3.619	2035.95		0
ZINC03890173_23	1GJ6.pdb_1H4W.pdb_1QBN.pdb	299	0.511	0.365	0.146	1.531	1.184	0.347	0.547	0.345	0.202	-5.065	1868.148		0
ZINC03010371_19	1GJ6.pdb_1H4W.pdb_1QBN.pdb	302	0.511	0.394	0.117	1.458	1.185	0.273	0.54	0.371	0.169	-4.253	2012.749		0
ZINC04001519_166	1GJ6.pdb_1H4W.pdb_1QBN.pdb	301	0.511	0.32	0.19	1.424	1.0	0.424	0.578	0.321	0.257	-6.455	1740.821		0
ZINC02375333_120	1GJ6.pdb_1H4W.pdb_1QBN.pdb	310	0.511	0.385	0.126	1.593	1.247	0.345	0.524	0.357	0.166	-4.151	1934.596		0
ZINC03874141_84	1GJ6.pdb_1H4W.pdb_1QBN.pdb	309	0.511	0.34	0.171	1.484	1.064	0.42	0.557	0.334	0.223	-5.59	1807.795		0
ZINC03841837_114	1GJ6.pdb_1H4W.pdb_1QBN.pdb	308	0.511	0.395	0.117	1.413	1.14	0.273	0.545	0.376	0.169	-4.256	2041.927		0
ZINC03962674_181	1GJ6.pdb_1H4W.pdb_1QBN.pdb	307	0.511	0.37	0.141	1.51	1.164	0.346	0.544	0.352	0.192	-4.821	1904.497		0
ZINC02378743_55	1GJ6.pdb_1H4W.pdb_1QBN.pdb	313	0.511	0.398	0.113	1.59	1.277	0.313	0.517	0.366	0.151	-3.761	1983.132		0
ZINC04360805_120	1GJ6.pdb_1H4W.pdb_1QBN.pdb	314	0.511	0.395	0.115	1.559	1.236	0.323	0.519	0.368	0.152	-3.789	1991.068		0
ZINC03670346_136	1GJ6.pdb_1H4W.pdb_1QBN.pdb	306	0.511	0.404	0.107	1.52	1.246	0.274	0.523	0.374	0.149	-3.732	2026.069		0
ZINC03834177_98	1GJ6.pdb_1H4W.pdb_1QBN.pdb	305	0.511	0.353	0.158	1.469	1.065	0.404	0.551	0.346	0.205	-5.135	1875.384		1
ZINC03842252_195	1GJ6.pdb_1H4W.pdb_1QBN.pdb	311	0.511	0.343	0.168	1.572	1.164	0.408	0.55	0.327	0.222	-5.575	1770.511		0
ZINC01893284_132	1GJ6.pdb_1H4W.pdb_1QBN.pdb	312	0.511	0.34	0.171	1.413	1.031	0.382	0.573	0.337	0.236	-5.938	1825.489		0
ZINC03840233_90	1GJ6.pdb_1H4W.pdb_1QBN.pdb	326	0.51	0.368	0.142	1.457	1.131	0.326	0.555	0.353	0.201	-5.067	1914.155		0
ZINC01548784_53	1GJ6.pdb_1H4W.pdb_1QBN.pdb	325	0.51	0.363	0.147	1.536	1.135	0.401	0.537	0.348	0.189	-4.717	1884.309		0
ZINC01551979_93	1GJ6.pdb_1H4W.pdb_1QBN.pdb	321	0.51	0.331	0.179	1.56	1.086	0.474	0.546	0.323	0.223	-5.577	1748.321		0
ZINC03841656_131	1GJ6.pdb_1H4W.pdb_1QBN.pdb	322	0.51	0.394	0.115	1.389	1.127	0.262	0.549	0.377	0.171	-4.32	2047.938		0
ZINC00842694_135	1GJ6.pdb_1H4W.pdb_1QBN.pdb	324	0.51	0.412	0.098	1.578	1.283	0.295	0.506	0.378	0.128	-3.186	2046.135		0
ZINC03867339_61	1GJ6.pdb_1H4W.pdb_1QBN.pdb	323	0.51	0.397	0.114	1.437	1.148	0.289	0.535	0.377	0.158	-3.952	2047.79		0
ZINC02192462_12	1GJ6.pdb_1H4W.pdb_1QBN.pdb	316	0.51	0.388	0.122	1.42	1.135	0.285	0.547	0.37	0.176	-4.435	2009.275		0
ZINC02135333_185	1GJ6.pdb_1H4W.pdb_1QBN.pdb	315	0.51	0.343	0.168	1.421	1.032	0.389	0.567	0.339	0.227	-5.712	1840.067		0
ZINC01372730_11	1GJ6.pdb_1H4W.pdb_1QBN.pdb	319	0.51	0.377	0.134	1.453	1.108	0.344	0.543	0.363	0.179	-4.486	1970.951		0
ZINC03816706_108	1GJ6.pdb_1H4W.pdb_1QBN.pdb	320	0.51	0.344	0.167	1.413	1.052	0.361	0.574	0.338	0.237	-5.965	1831.899		0
ZINC03226787_158	1GJ6.pdb_1H4W.pdb_1QBN.pdb	318	0.51	0.372	0.138	1.55	1.176	0.374	0.533	0.352	0.18	-4.498	1909.186		0
ZINC03840482_38	1GJ6.pdb_1H4W.pdb_1QBN.pdb	317	0.51	0.386	0.125	1.534	1.204	0.33	0.529	0.362	0.167	-4.185	1960.226		0
ZINC02952070_148	1GJ6.pdb_1H4W.pdb_1QBN.pdb	337	0.509	0.362	0.147	1.449	1.086	0.363	0.55	0.352	0.198	-4.963	1909.1		0
ZINC03552652_94	1GJ6.pdb_1H4W.pdb_1QBN.pdb	339	0.509	0.38	0.129	1.528	1.194	0.334	0.531	0.358	0.173	-4.337	1937.267		0
ZINC02370635_68	1GJ6.pdb_1H4W.pdb_1QBN.pdb	338	0.509	0.377	0.132	1.61	1.252	0.358	0.523	0.351	0.172	-4.303	1897.406		0
ZINC02700308_198	1GJ6.pdb_1H4W.pdb_1QBN.pdb	332	0.509	0.388	0.121	1.481	1.174	0.307	0.534	0.366	0.167	-4.191	1986.309		0
ZINC03817194_136	1GJ6.pdb_1H4W.pdb_1QBN.pdb	333	0.509	0.402	0.107	1.435	1.208	0.227	0.544	0.376	0.168	-4.252	2038.754		0
ZINC04619282_14	1GJ6.pdb_1H4W.pdb_1QBN.pdb	334	0.509	0.401	0.108	1.526	1.203	0.322	0.515	0.375	0.14	-3.48	2033.353		0
ZINC02126774_155	1GJ6.pdb_1H4W.pdb_1QBN.pdb	336	0.509	0.346	0.163	1.404	1.039	0.365	0.569	0.342	0.227	-5.712	1853.766		0
ZINC02130566_82	1GJ6.pdb_1H4W.pdb_1QBN.pdb	335	0.509	0.369	0.141	1.406	1.072	0.334	0.555	0.36	0.195	-4.906	1952.376		0
ZINC01893284_94	1GJ6.pdb_1H4W.pdb_1QBN.pdb	329	0.509	0.382	0.127	1.419	1.124	0.295	0.549	0.367	0.182	-4.585	1989.635		0
ZINC03633154_116	1GJ6.pdb_1H4W.pdb_1QBN.pdb	330	0.509	0.384	0.125	1.454	1.179	0.275	0.549	0.363	0.186	-4.708	1966.745		0
ZINC03840224_11	1GJ6.pdb_1H4W.pdb_1QBN.pdb	331	0.509	0.338	0.171	1.526	1.112	0.414	0.552	0.327	0.226	-5.657	1768.634		0
ZINC03933860_175	1GJ6.pdb_1H4W.pdb_1QBN.pdb	327	0.509	0.427	0.082	1.496	1.29	0.206	0.509	0.389	0.12	-3.012	2109.472		0
ZINC01549765_114	1GJ6.pdb_1H4W.pdb_1QBN.pdb	328	0.509	0.337	0.172	1.503	1.067	0.436	0.551	0.33	0.221	-5.537	1787.188		0
ZINC04161144_62	1GJ6.pdb_1H4W.pdb_1QBN.pdb	343	0.508	0.389	0.119	1.614	1.299	0.316	0.517	0.357	0.16	-4.004	1932.21		0
ZINC03852886_19	1GJ6.pdb_1H4W.pdb_1QBN.pdb	344	0.508	0.397	0.111	1.447	1.165	0.283	0.53	0.376	0.154	-3.856	2039.501		0
ZINC01909079_76	1GJ6.pdb_1H4W.pdb_1QBN.pdb	345	0.508	0.393	0.115	1.48	1.228	0.252	0.541	0.367	0.174	-4.399	1985.788		0
ZINC04176343_2	1GJ6.pdb_1H4W.pdb_1QBN.pdb	340	0.508	0.377	0.131	1.566	1.183	0.383	0.522	0.356	0.166	-4.135	1927.685		0
ZINC03820286_147	1GJ6.pdb_1H4W.pdb_1QBN.pdb	341	0.508	0.366	0.142	1.496	1.17	0.326	0.549	0.348	0.201	-5.068	1883.439		0
ZINC03867259_88	1GJ6.pdb_1H4W.pdb_1QBN.pdb	342	0.508	0.404	0.104	1.645	1.364	0.281	0.507	0.364	0.143	-3.565	1970.801		0
ZINC03890266_23	1GJ6.pdb_1H4W.pdb_1QBN.pdb	354	0.507	0.361	0.146	1.496	1.15	0.347	0.546	0.344	0.202	-5.065	1865.618		0
ZINC01840067_135	1GJ6.pdb_1H4W.pdb_1QBN.pdb	357	0.507	0.396	0.112	1.435	1.151	0.285	0.531	0.376	0.155	-3.885	2039.618		0
ZINC03840219_75	1GJ6.pdb_1H4W.pdb_1QBN.pdb	358	0.507	0.334	0.174	1.526	1.124	0.402	0.556	0.322	0.234	-5.873	1743.359		0
ZINC03820286_148	1GJ6.pdb_1H4W.pdb_1QBN.pdb	355	0.507	0.364	0.142	1.491	1.164	0.326	0.548	0.347	0.202	-5.072	1876.701		0
ZINC03840227_8	1GJ6.pdb_1H4W.pdb_1QBN.pdb	356	0.507	0.318	0.19	1.543	1.07	0.474	0.552	0.311	0.24	-6.01	1685.293		0
ZINC02964505_18	1GJ6.pdb_1H4W.pdb_1QBN.pdb	361	0.507	0.407	0.1	1.469	1.186	0.283	0.516	0.383	0.133	-3.331	2076.042		0
ZINC03987016_191	1GJ6.pdb_1H4W.pdb_1QBN.pdb	346	0.507	0.375	0.133	1.524	1.192	0.332	0.534	0.353	0.181	-4.529	1913.557		0
ZINC03311920_100	1GJ6.pdb_1H4W.pdb_1QBN.pdb	348	0.507	0.361	0.146	1.654	1.205	0.449	0.518	0.34	0.178	-4.418	1838.932		0
ZINC03670321_168	1GJ6.pdb_1H4W.pdb_1QBN.pdb	347	0.507	0.337	0.169	1.425	1.014	0.411	0.559	0.336	0.224	-5.607	1820.734		0
ZINC02637101_139	1GJ6.pdb_1H4W.pdb_1QBN.pdb	351	0.507	0.391	0.116	1.46	1.136	0.324	0.526	0.374	0.152	-3.805	2026.248		0
ZINC03850343_53	1GJ6.pdb_1H4W.pdb_1QBN.pdb	350	0.507	0.352	0.154	1.52	1.157	0.363	0.548	0.336	0.211	-5.31	1820.545		0
ZINC03834149_132	1GJ6.pdb_1H4W.pdb_1QBN.pdb	352	0.507	0.381	0.126	1.406	1.103	0.303	0.544	0.368	0.176	-4.432	1996.667		1
ZINC03840254_165	1GJ6.pdb_1H4W.pdb_1QBN.pdb	349	0.507	0.32	0.187	1.483	1.069	0.413	0.569	0.313	0.255	-6.427	1697.378		0
ZINC03840234_39	1GJ6.pdb_1H4W.pdb_1QBN.pdb	353	0.507	0.363	0.144	1.511	1.169	0.342	0.544	0.345	0.199	-4.987	1868.551		0
ZINC03840217_131	1GJ6.pdb_1H4W.pdb_1QBN.pdb	360	0.507	0.32	0.187	1.474	1.061	0.412	0.569	0.314	0.255	-6.41	1701.733		0
ZINC02129327_152	1GJ6.pdb_1H4W.pdb_1QBN.pdb	359	0.507	0.36	0.148	1.399	1.05	0.349	0.558	0.354	0.204	-5.121	1919.736		0
ZINC01821866_23	1GJ6.pdb_1H4W.pdb_1QBN.pdb	371	0.506	0.382	0.124	1.386	1.107	0.279	0.551	0.369	0.183	-4.606	1999.651		0
ZINC03933545_129	1GJ6.pdb_1H4W.pdb_1QBN.pdb	374	0.506	0.402	0.104	1.515	1.247	0.268	0.518	0.372	0.146	-3.655	2016.198		0
ZINC03924300_120	1GJ6.pdb_1H4W.pdb_1QBN.pdb	373	0.506	0.339	0.167	1.522	1.097	0.424	0.545	0.329	0.215	-5.387	1782.872		0
ZINC01549768_42	1GJ6.pdb_1H4W.pdb_1QBN.pdb	369	0.506	0.352	0.154	1.461	1.097	0.363	0.553	0.342	0.211	-5.302	1851.373		0
ZINC03988711_89	1GJ6.pdb_1H4W.pdb_1QBN.pdb	370	0.506	0.378	0.128	1.319	1.042	0.277	0.564	0.372	0.192	-4.84	2022.292		0
ZINC04628541_47	1GJ6.pdb_1H4W.pdb_1QBN.pdb	372	0.506	0.371	0.135	1.41	1.072	0.338	0.546	0.362	0.184	-4.61	1965.928		0
ZINC03928467_110	1GJ6.pdb_1H4W.pdb_1QBN.pdb	362	0.506	0.364	0.142	1.439	1.069	0.369	0.543	0.356	0.187	-4.689	1929.194		0
ZINC04147305_51	1GJ6.pdb_1H4W.pdb_1QBN.pdb	364	0.506	0.403	0.103	1.287	1.066	0.221	0.555	0.394	0.161	-4.08	2139.603		0
ZINC03599114_181	1GJ6.pdb_1H4W.pdb_1QBN.pdb	363	0.506	0.374	0.132	1.566	1.241	0.325	0.53	0.349	0.181	-4.549	1886.22		0
ZINC01882071_102	1GJ6.pdb_1H4W.pdb_1QBN.pdb	367	0.506	0.379	0.126	1.535	1.17	0.365	0.521	0.359	0.162	-4.04	1947.078		0
ZINC03816706_198	1GJ6.pdb_1H4W.pdb_1QBN.pdb	366	0.506	0.335	0.172	1.403	1.033	0.37	0.574	0.331	0.243	-6.12	1795.268		0
ZINC03840236_78	1GJ6.pdb_1H4W.pdb_1QBN.pdb	368	0.506	0.37	0.136	1.418	1.126	0.292	0.557	0.355	0.202	-5.102	1926.1		0
ZINC03816706_180	1GJ6.pdb_1H4W.pdb_1QBN.pdb	365	0.506	0.333	0.172	1.402	1.031	0.371	0.573	0.33	0.243	-6.137	1789.407		0
ZINC03933859_65	1GJ6.pdb_1H4W.pdb_1QBN.pdb	385	0.505	0.429	0.076	1.464	1.272	0.192	0.504	0.393	0.112	-2.804	2127.595		0
ZINC03807318_160	1GJ6.pdb_1H4W.pdb_1QBN.pdb	387	0.505	0.351	0.154	1.438	1.06	0.378	0.55	0.344	0.206	-5.156	1868.204		0
ZINC03889240_120	1GJ6.pdb_1H4W.pdb_1QBN.pdb	386	0.505	0.395	0.11	1.379	1.124	0.256	0.54	0.379	0.161	-4.057	2055.23		0
ZINC04465649_150	1GJ6.pdb_1H4W.pdb_1QBN.pdb	380	0.505	0.367	0.138	1.445	1.084	0.361	0.54	0.357	0.183	-4.579	1936.215		0
ZINC03867594_150	1GJ6.pdb_1H4W.pdb_1QBN.pdb	381	0.505	0.367	0.138	1.445	1.084	0.361	0.54	0.357	0.183	-4.579	1936.215		0
ZINC03552654_114	1GJ6.pdb_1H4W.pdb_1QBN.pdb	382	0.505	0.377	0.129	1.521	1.187	0.334	0.529	0.356	0.173	-4.337	1925.606		0
ZINC04248899_85	1GJ6.pdb_1H4W.pdb_1QBN.pdb	384	0.505	0.347	0.158	1.569	1.181	0.388	0.54	0.329	0.211	-5.291	1782.087		0
ZINC02388049_41	1GJ6.pdb_1H4W.pdb_1QBN.pdb	383	0.505	0.358	0.146	1.422	1.106	0.316	0.561	0.346	0.214	-5.413	1877.527		0
ZINC02604748_80	1GJ6.pdb_1H4W.pdb_1QBN.pdb	377	0.505	0.334	0.171	1.421	1.039	0.382	0.566	0.33	0.236	-5.941	1788.367		0
ZINC02975662_36	1GJ6.pdb_1H4W.pdb_1QBN.pdb	378	0.505	0.415	0.09	1.296	1.087	0.209	0.539	0.402	0.137	-3.463	2183.146		0
ZINC03951910_34	1GJ6.pdb_1H4W.pdb_1QBN.pdb	379	0.505	0.307	0.198	1.462	1.044	0.418	0.577	0.303	0.274	-6.914	1640.547		0
ZINC02517180_185	1GJ6.pdb_1H4W.pdb_1QBN.pdb	375	0.505	0.381	0.124	1.652	1.286	0.366	0.509	0.351	0.159	-3.949	1898.184		0
ZINC03842250_61	1GJ6.pdb_1H4W.pdb_1QBN.pdb	376	0.505	0.326	0.179	1.512	1.061	0.45	0.549	0.32	0.229	-5.725	1735.718		0
ZINC03819381_133	1GJ6.pdb_1H4W.pdb_1QBN.pdb	393	0.504	0.376	0.128	1.542	1.188	0.354	0.521	0.355	0.166	-4.155	1921.261		0
ZINC03232400_137	1GJ6.pdb_1H4W.pdb_1QBN.pdb	392	0.504	0.383	0.121	1.49	1.17	0.32	0.525	0.362	0.163	-4.069	1964.169		0
ZINC03670389_55	1GJ6.pdb_1H4W.pdb_1QBN.pdb	394	0.504	0.388	0.116	1.471	1.188	0.283	0.53	0.366	0.165	-4.132	1981.612		0
ZINC01821866_9	1GJ6.pdb_1H4W.pdb_1QBN.pdb	391	0.504	0.385	0.119	1.381	1.112	0.269	0.546	0.37	0.176	-4.435	2009.26		0
ZINC02130840_90	1GJ6.pdb_1H4W.pdb_1QBN.pdb	388	0.504	0.4	0.104	1.449	1.194	0.255	0.525	0.376	0.149	-3.747	2035.904		0
ZINC04248905_137	1GJ6.pdb_1H4W.pdb_1QBN.pdb	390	0.504	0.341	0.163	1.555	1.158	0.397	0.542	0.326	0.216	-5.42	1763.558		0
ZINC04237001_18	1GJ6.pdb_1H4W.pdb_1QBN.pdb	389	0.504	0.399	0.105	1.411	1.152	0.259	0.53	0.379	0.151	-3.788	2056.798		0
ZINC03821014_26	1GJ6.pdb_1H4W.pdb_1QBN.pdb	405	0.503	0.389	0.115	1.425	1.155	0.269	0.536	0.369	0.167	-4.19	2002.978		0
ZINC02660602_78	1GJ6.pdb_1H4W.pdb_1QBN.pdb	400	0.503	0.387	0.116	1.405	1.122	0.283	0.536	0.371	0.165	-4.132	2013.601		0
ZINC04355704_52	1GJ6.pdb_1H4W.pdb_1QBN.pdb	402	0.503	0.38	0.123	1.547	1.16	0.387	0.515	0.361	0.153	-3.811	1957.946		0
ZINC02968910_77	1GJ6.pdb_1H4W.pdb_1QBN.pdb	401	0.503	0.385	0.118	1.532	1.22	0.313	0.519	0.36	0.159	-3.978	1951.2		0
ZINC03670345_196	1GJ6.pdb_1H4W.pdb_1QBN.pdb	404	0.503	0.373	0.13	1.483	1.157	0.325	0.532	0.355	0.177	-4.438	1924.527		0
ZINC03980155_195	1GJ6.pdb_1H4W.pdb_1QBN.pdb	403	0.503	0.368	0.135	1.565	1.227	0.337	0.529	0.345	0.184	-4.605	1865.958		0
ZINC03992806_115	1GJ6.pdb_1H4W.pdb_1QBN.pdb	396	0.503	0.361	0.142	1.497	1.127	0.37	0.535	0.347	0.188	-4.7	1879.355		0
ZINC03765981_82	1GJ6.pdb_1H4W.pdb_1QBN.pdb	395	0.503	0.404	0.099	1.341	1.085	0.256	0.531	0.392	0.14	-3.502	2127.561		0
ZINC03834153_79	1GJ6.pdb_1H4W.pdb_1QBN.pdb	399	0.503	0.356	0.147	1.5	1.076	0.424	0.531	0.347	0.184	-4.576	1881.381		1
ZINC03307407_167	1GJ6.pdb_1H4W.pdb_1QBN.pdb	397	0.503	0.399	0.104	1.475	1.208	0.267	0.519	0.373	0.146	-3.651	2021.435		0
ZINC02129117_74	1GJ6.pdb_1H4W.pdb_1QBN.pdb	398	0.503	0.359	0.144	1.404	1.064	0.34	0.551	0.352	0.199	-4.998	1907.436		0
ZINC02520769_82	1GJ6.pdb_1H4W.pdb_1QBN.pdb	417	0.502	0.354	0.148	1.4	1.078	0.322	0.561	0.346	0.215	-5.422	1874.283		0
ZINC02138804_29	1GJ6.pdb_1H4W.pdb_1QBN.pdb	409	0.502	0.362	0.14	1.39	1.058	0.332	0.549	0.355	0.194	-4.871	1927.688		0
ZINC02700318_163	1GJ6.pdb_1H4W.pdb_1QBN.pdb	410	0.502	0.384	0.118	1.41	1.124	0.286	0.535	0.369	0.167	-4.182	1999.089		0
ZINC04191683_20	1GJ6.pdb_1H4W.pdb_1QBN.pdb	411	0.502	0.383	0.119	1.588	1.272	0.315	0.514	0.354	0.16	-4.002	1913.979		0
ZINC04001527_160	1GJ6.pdb_1H4W.pdb_1QBN.pdb	412	0.502	0.334	0.168	1.475	1.078	0.397	0.551	0.326	0.226	-5.664	1764.97		0
ZINC03816728_127	1GJ6.pdb_1H4W.pdb_1QBN.pdb	413	0.502	0.341	0.16	1.378	1.016	0.362	0.563	0.34	0.224	-5.625	1842.689		0
ZINC03841097_179	1GJ6.pdb_1H4W.pdb_1QBN.pdb	416	0.502	0.387	0.115	1.428	1.147	0.281	0.532	0.369	0.163	-4.101	2000.271		0
ZINC01553940_109	1GJ6.pdb_1H4W.pdb_1QBN.pdb	414	0.502	0.34	0.162	1.368	0.989	0.379	0.562	0.342	0.22	-5.536	1854.785		0
ZINC02133048_104	1GJ6.pdb_1H4W.pdb_1QBN.pdb	415	0.502	0.355	0.147	1.583	1.189	0.394	0.526	0.336	0.19	-4.753	1818.728		0
ZINC03670390_138	1GJ6.pdb_1H4W.pdb_1QBN.pdb	408	0.502	0.382	0.12	1.467	1.175	0.292	0.531	0.362	0.17	-4.263	1959.528		0
ZINC03352882_47	1GJ6.pdb_1H4W.pdb_1QBN.pdb	406	0.502	0.346	0.156	1.482	1.1	0.382	0.544	0.336	0.208	-5.225	1818.381		0
ZINC03874450_165	1GJ6.pdb_1H4W.pdb_1QBN.pdb	407	0.502	0.382	0.119	1.507	1.238	0.269	0.533	0.356	0.176	-4.446	1928.262		0
ZINC04001531_162	1GJ6.pdb_1H4W.pdb_1QBN.pdb	421	0.501	0.333	0.168	1.453	1.056	0.397	0.553	0.328	0.226	-5.664	1774.992		0
ZINC03841661_182	1GJ6.pdb_1H4W.pdb_1QBN.pdb	418	0.501	0.391	0.11	1.354	1.103	0.251	0.541	0.377	0.164	-4.146	2045.698		0
ZINC04248905_29	1GJ6.pdb_1H4W.pdb_1QBN.pdb	422	0.501	0.335	0.166	1.525	1.137	0.388	0.547	0.322	0.226	-5.673	1740.269		0
ZINC00597948_33	1GJ6.pdb_1H4W.pdb_1QBN.pdb	423	0.501	0.338	0.163	1.367	1.0	0.367	0.565	0.338	0.227	-5.708	1837.002		0
ZINC04392565_119	1GJ6.pdb_1H4W.pdb_1QBN.pdb	419	0.501	0.406	0.095	1.512	1.239	0.273	0.504	0.376	0.128	-3.199	2037.76		0
ZINC04004342_66	1GJ6.pdb_1H4W.pdb_1QBN.pdb	424	0.501	0.383	0.118	1.419	1.155	0.264	0.54	0.364	0.176	-4.441	1973.581		0
ZINC02665348_117	1GJ6.pdb_1H4W.pdb_1QBN.pdb	420	0.501	0.363	0.138	1.405	1.079	0.326	0.547	0.354	0.193	-4.853	1920.204		0
ZINC03840215_193	1GJ6.pdb_1H4W.pdb_1QBN.pdb	427	0.5	0.327	0.173	1.467	1.081	0.386	0.557	0.319	0.238	-6.001	1727.339		0
ZINC02416419_144	1GJ6.pdb_1H4W.pdb_1QBN.pdb	426	0.5	0.378	0.122	1.541	1.181	0.36	0.513	0.357	0.156	-3.879	1935.846		0
ZINC03840215_0	1GJ6.pdb_1H4W.pdb_1QBN.pdb	425	0.5	0.327	0.173	1.468	1.081	0.386	0.558	0.319	0.238	-5.999	1729.773		0
ZINC03185845_16	1GJ6.pdb_1H4W.pdb_1QBN.pdb	435	0.499	0.354	0.144	1.507	1.154	0.353	0.535	0.338	0.196	-4.925	1831.155		0
ZINC03889997_26	1GJ6.pdb_1H4W.pdb_1QBN.pdb	434	0.499	0.36	0.139	1.448	1.068	0.38	0.531	0.352	0.179	-4.466	1909.612		0
ZINC03367635_142	1GJ6.pdb_1H4W.pdb_1QBN.pdb	433	0.499	0.382	0.117	1.501	1.179	0.323	0.516	0.361	0.155	-3.88	1954.558		0
ZINC01551243_190	1GJ6.pdb_1H4W.pdb_1QBN.pdb	428	0.499	0.346	0.154	1.662	1.222	0.44	0.516	0.325	0.191	-4.755	1759.625		0
ZINC03779518_9	1GJ6.pdb_1H4W.pdb_1QBN.pdb	431	0.499	0.401	0.098	1.315	1.115	0.2	0.545	0.385	0.16	-4.071	2090.28		0
ZINC00842700_125	1GJ6.pdb_1H4W.pdb_1QBN.pdb	430	0.499	0.389	0.111	1.521	1.209	0.312	0.511	0.364	0.147	-3.658	1973.214		0
ZINC04619455_102	1GJ6.pdb_1H4W.pdb_1QBN.pdb	429	0.499	0.411	0.087	1.286	1.068	0.218	0.528	0.401	0.127	-3.194	2180.373		0
ZINC03980052_190	1GJ6.pdb_1H4W.pdb_1QBN.pdb	432	0.499	0.379	0.12	1.457	1.165	0.292	0.529	0.359	0.17	-4.266	1946.558		0
ZINC04382511_119	1GJ6.pdb_1H4W.pdb_1QBN.pdb	436	0.499	0.364	0.135	1.549	1.178	0.371	0.52	0.345	0.175	-4.358	1868.589		0
ZINC03819919_194	1GJ6.pdb_1H4W.pdb_1QBN.pdb	437	0.499	0.379	0.12	1.514	1.178	0.335	0.516	0.358	0.158	-3.944	1939.997		0
ZINC00974236_176	1GJ6.pdb_1H4W.pdb_1QBN.pdb	438	0.499	0.313	0.185	1.425	1.0	0.425	0.562	0.314	0.248	-6.217	1702.769		0
ZINC03859006_122	1GJ6.pdb_1H4W.pdb_1QBN.pdb	442	0.498	0.363	0.135	1.595	1.229	0.366	0.516	0.34	0.176	-4.407	1838.174		0
ZINC02368624_154	1GJ6.pdb_1H4W.pdb_1QBN.pdb	441	0.498	0.382	0.115	1.554	1.236	0.318	0.509	0.356	0.153	-3.827	1928.066		0
ZINC04248899_35	1GJ6.pdb_1H4W.pdb_1QBN.pdb	439	0.498	0.35	0.148	1.538	1.187	0.351	0.536	0.332	0.204	-5.129	1793.617		0
ZINC04185360_91	1GJ6.pdb_1H4W.pdb_1QBN.pdb	440	0.498	0.393	0.105	1.622	1.325	0.297	0.498	0.358	0.14	-3.488	1938.355		0
ZINC02242819_175	1GJ6.pdb_1H4W.pdb_1QBN.pdb	445	0.498	0.349	0.149	1.467	1.135	0.332	0.548	0.335	0.213	-5.367	1816.669		0
ZINC04627373_145	1GJ6.pdb_1H4W.pdb_1QBN.pdb	446	0.498	0.344	0.154	1.525	1.128	0.397	0.533	0.331	0.201	-5.036	1793.136		0
ZINC04468426_122	1GJ6.pdb_1H4W.pdb_1QBN.pdb	443	0.498	0.363	0.135	1.595	1.229	0.366	0.516	0.34	0.176	-4.407	1838.174		0
ZINC02970930_167	1GJ6.pdb_1H4W.pdb_1QBN.pdb	444	0.498	0.412	0.086	1.471	1.224	0.247	0.499	0.383	0.116	-2.898	2077.068		0
ZINC01062174_39	1GJ6.pdb_1H4W.pdb_1QBN.pdb	454	0.497	0.38	0.116	1.545	1.235	0.31	0.512	0.355	0.157	-3.933	1919.128		0
ZINC02928669_109	1GJ6.pdb_1H4W.pdb_1QBN.pdb	456	0.497	0.345	0.151	1.416	1.043	0.373	0.544	0.34	0.203	-5.094	1845.639		0
ZINC02349120_15	1GJ6.pdb_1H4W.pdb_1QBN.pdb	459	0.497	0.377	0.12	1.425	1.151	0.274	0.536	0.36	0.176	-4.438	1948.809		0
ZINC01535955_155	1GJ6.pdb_1H4W.pdb_1QBN.pdb	458	0.497	0.373	0.125	1.434	1.133	0.301	0.532	0.357	0.175	-4.404	1935.139		0
ZINC04248899_20	1GJ6.pdb_1H4W.pdb_1QBN.pdb	455	0.497	0.344	0.154	1.535	1.173	0.362	0.538	0.327	0.211	-5.288	1769.568		0
ZINC03325703_59	1GJ6.pdb_1H4W.pdb_1QBN.pdb	457	0.497	0.375	0.122	1.735	1.35	0.385	0.494	0.342	0.152	-3.785	1846.204		0
ZINC02401824_81	1GJ6.pdb_1H4W.pdb_1QBN.pdb	450	0.497	0.412	0.085	1.447	1.215	0.231	0.502	0.384	0.118	-2.94	2082.285		0
ZINC03867367_196	1GJ6.pdb_1H4W.pdb_1QBN.pdb	451	0.497	0.388	0.109	1.472	1.206	0.266	0.519	0.364	0.155	-3.898	1972.457		0
ZINC03891130_125	1GJ6.pdb_1H4W.pdb_1QBN.pdb	452	0.497	0.378	0.119	1.441	1.165	0.276	0.532	0.359	0.174	-4.377	1943.116		0
ZINC02604747_156	1GJ6.pdb_1H4W.pdb_1QBN.pdb	453	0.497	0.387	0.11	1.418	1.157	0.26	0.528	0.367	0.161	-4.051	1991.847		0
ZINC02964504_149	1GJ6.pdb_1H4W.pdb_1QBN.pdb	447	0.497	0.391	0.105	1.45	1.153	0.297	0.512	0.372	0.14	-3.496	2017.896		0
ZINC00962263_173	1GJ6.pdb_1H4W.pdb_1QBN.pdb	449	0.497	0.356	0.141	1.457	1.071	0.386	0.53	0.348	0.182	-4.537	1887.102		0
ZINC03969854_184	1GJ6.pdb_1H4W.pdb_1QBN.pdb	448	0.497	0.374	0.122	1.549	1.225	0.324	0.514	0.35	0.164	-4.109	1895.443		0
ZINC03818898_186	1GJ6.pdb_1H4W.pdb_1QBN.pdb	476	0.496	0.362	0.135	1.546	1.193	0.353	0.521	0.342	0.179	-4.482	1849.015		0
ZINC03962673_73	1GJ6.pdb_1H4W.pdb_1QBN.pdb	473	0.496	0.36	0.136	1.52	1.164	0.356	0.524	0.343	0.181	-4.527	1855.743		0
ZINC01548416_147	1GJ6.pdb_1H4W.pdb_1QBN.pdb	463	0.496	0.384	0.112	1.448	1.202	0.245	0.531	0.361	0.17	-4.289	1955.751		0
ZINC03818898_186	1GJ6.pdb_1H4W.pdb_1QBN.pdb	461	0.496	0.362	0.135	1.546	1.193	0.353	0.521	0.342	0.179	-4.482	1849.015		0
ZINC03974520_155	1GJ6.pdb_1H4W.pdb_1QBN.pdb	460	0.496	0.387	0.11	1.43	1.175	0.256	0.527	0.366	0.161	-4.059	1982.217		0
ZINC03834131_199	1GJ6.pdb_1H4W.pdb_1QBN.pdb	474	0.496	0.34	0.156	1.455	1.034	0.421	0.535	0.337	0.198	-4.947	1825.783		1
ZINC00902675_156	1GJ6.pdb_1H4W.pdb_1QBN.pdb	462	0.496	0.379	0.117	1.325	1.044	0.281	0.54	0.373	0.167	-4.202	2026.991		0
ZINC02128935_12	1GJ6.pdb_1H4W.pdb_1QBN.pdb	469	0.496	0.385	0.111	1.415	1.144	0.271	0.526	0.367	0.158	-3.979	1992.307		0
ZINC04188516_148	1GJ6.pdb_1H4W.pdb_1QBN.pdb	467	0.496	0.367	0.129	1.581	1.241	0.34	0.515	0.342	0.173	-4.316	1852.638		0
ZINC03952614_137	1GJ6.pdb_1H4W.pdb_1QBN.pdb	466	0.496	0.345	0.15	1.412	1.024	0.388	0.539	0.343	0.197	-4.925	1859.017		0
ZINC03928139_169	1GJ6.pdb_1H4W.pdb_1QBN.pdb	465	0.496	0.334	0.163	1.568	1.172	0.396	0.534	0.318	0.216	-5.416	1720.383		0
ZINC02130842_13	1GJ6.pdb_1H4W.pdb_1QBN.pdb	468	0.496	0.385	0.111	1.432	1.161	0.271	0.524	0.365	0.159	-3.981	1980.005		0
ZINC03819921_57	1GJ6.pdb_1H4W.pdb_1QBN.pdb	472	0.496	0.407	0.089	1.436	1.204	0.232	0.507	0.381	0.127	-3.172	2063.373		0
ZINC02309725_175	1GJ6.pdb_1H4W.pdb_1QBN.pdb	464	0.496	0.416	0.08	1.469	1.237	0.232	0.494	0.385	0.109	-2.728	2087.231		0
ZINC01548695_134	1GJ6.pdb_1H4W.pdb_1QBN.pdb	470	0.496	0.354	0.142	1.424	1.085	0.339	0.541	0.344	0.197	-4.951	1866.195		0
ZINC04260555_49	1GJ6.pdb_1H4W.pdb_1QBN.pdb	471	0.496	0.401	0.095	1.312	1.093	0.22	0.532	0.388	0.144	-3.633	2105.641		0
ZINC01322331_164	1GJ6.pdb_1H4W.pdb_1QBN.pdb	475	0.496	0.327	0.169	1.394	1.028	0.366	0.564	0.324	0.239	-6.036	1757.647		0
ZINC01996908_77	1GJ6.pdb_1H4W.pdb_1QBN.pdb	486	0.495	0.37	0.124	1.468	1.14	0.328	0.521	0.354	0.167	-4.166	1920.096		0
ZINC00921662_78	1GJ6.pdb_1H4W.pdb_1QBN.pdb	478	0.495	0.361	0.135	1.44	1.069	0.372	0.527	0.352	0.175	-4.36	1911.629		0
ZINC02445827_104	1GJ6.pdb_1H4W.pdb_1QBN.pdb	485	0.495	0.375	0.12	1.385	1.118	0.268	0.54	0.361	0.178	-4.502	1958.168		0
ZINC02218504_95	1GJ6.pdb_1H4W.pdb_1QBN.pdb	481	0.495	0.344	0.152	1.447	1.055	0.391	0.536	0.338	0.199	-4.968	1830.823		0
ZINC01631658_63	1GJ6.pdb_1H4W.pdb_1QBN.pdb	479	0.495	0.37	0.125	1.3	1.035	0.265	0.558	0.365	0.193	-4.877	1984.368		0
ZINC03517673_175	1GJ6.pdb_1H4W.pdb_1QBN.pdb	484	0.495	0.405	0.091	1.446	1.186	0.259	0.503	0.381	0.122	-3.049	2064.247		0
ZINC03976862_48	1GJ6.pdb_1H4W.pdb_1QBN.pdb	482	0.495	0.346	0.149	1.433	1.113	0.32	0.552	0.334	0.217	-5.484	1811.505		0
ZINC02138806_171	1GJ6.pdb_1H4W.pdb_1QBN.pdb	487	0.495	0.372	0.123	1.378	1.08	0.298	0.536	0.362	0.174	-4.368	1965.456		0
ZINC03834117_134	1GJ6.pdb_1H4W.pdb_1QBN.pdb	483	0.495	0.34	0.155	1.401	1.02	0.381	0.545	0.338	0.207	-5.196	1832.183		1
ZINC02136682_105	1GJ6.pdb_1H4W.pdb_1QBN.pdb	477	0.495	0.384	0.112	1.367	1.104	0.263	0.533	0.37	0.163	-4.103	2008.619		0
ZINC03817194_162	1GJ6.pdb_1H4W.pdb_1QBN.pdb	480	0.495	0.395	0.101	1.407	1.193	0.215	0.53	0.371	0.159	-4.024	2010.772		0
ZINC01538457_164	1GJ6.pdb_1H4W.pdb_1QBN.pdb	489	0.494	0.326	0.168	1.646	1.138	0.508	0.515	0.313	0.201	-5.004	1694.979		0
ZINC03633165_80	1GJ6.pdb_1H4W.pdb_1QBN.pdb	488	0.494	0.374	0.12	1.435	1.157	0.278	0.531	0.356	0.175	-4.415	1927.694		0
ZINC00587755_54	1GJ6.pdb_1H4W.pdb_1QBN.pdb	494	0.494	0.341	0.153	1.589	1.15	0.439	0.516	0.326	0.19	-4.736	1765.383		0
ZINC03891133_118	1GJ6.pdb_1H4W.pdb_1QBN.pdb	492	0.494	0.379	0.114	1.405	1.148	0.257	0.533	0.361	0.171	-4.317	1959.56		0
ZINC00902681_38	1GJ6.pdb_1H4W.pdb_1QBN.pdb	491	0.494	0.381	0.112	1.318	1.048	0.27	0.536	0.375	0.161	-4.038	2037.156		0
ZINC03834178_157	1GJ6.pdb_1H4W.pdb_1QBN.pdb	490	0.494	0.352	0.142	1.378	1.04	0.338	0.544	0.347	0.196	-4.933	1884.609		1
ZINC00962261_118	1GJ6.pdb_1H4W.pdb_1QBN.pdb	496	0.494	0.36	0.134	1.448	1.08	0.368	0.524	0.351	0.173	-4.33	1901.644		0
ZINC02205779_185	1GJ6.pdb_1H4W.pdb_1QBN.pdb	493	0.494	0.359	0.135	1.507	1.135	0.372	0.52	0.344	0.175	-4.373	1865.458		0
ZINC03858746_37	1GJ6.pdb_1H4W.pdb_1QBN.pdb	495	0.494	0.427	0.067	1.44	1.262	0.178	0.489	0.393	0.097	-2.426	2127.482		0
ZINC03780350_6	1GJ6.pdb_1H4W.pdb_1QBN.pdb	503	0.493	0.376	0.117	1.311	1.063	0.248	0.549	0.368	0.18	-4.564	1999.423		0
ZINC02135326_164	1GJ6.pdb_1H4W.pdb_1QBN.pdb	502	0.493	0.371	0.122	1.389	1.094	0.295	0.532	0.36	0.172	-4.323	1950.297		0
ZINC00902602_36	1GJ6.pdb_1H4W.pdb_1QBN.pdb	501	0.493	0.381	0.112	1.336	1.066	0.27	0.533	0.372	0.161	-4.038	2022.472		0
ZINC02712627_19	1GJ6.pdb_1H4W.pdb_1QBN.pdb	505	0.493	0.345	0.148	1.425	1.075	0.349	0.541	0.337	0.203	-5.108	1828.48		0
ZINC03936845_96	1GJ6.pdb_1H4W.pdb_1QBN.pdb	504	0.493	0.353	0.139	1.478	1.115	0.363	0.525	0.341	0.184	-4.611	1847.478		0
ZINC03925788_55	1GJ6.pdb_1H4W.pdb_1QBN.pdb	498	0.493	0.353	0.14	1.277	0.956	0.321	0.557	0.359	0.198	-4.995	1950.754		0
ZINC00978047_6	1GJ6.pdb_1H4W.pdb_1QBN.pdb	499	0.493	0.32	0.173	1.442	1.041	0.401	0.549	0.316	0.234	-5.867	1710.178		0
ZINC02975581_144	1GJ6.pdb_1H4W.pdb_1QBN.pdb	500	0.493	0.396	0.097	1.244	1.034	0.21	0.544	0.391	0.153	-3.869	2125.28		0
ZINC03820285_79	1GJ6.pdb_1H4W.pdb_1QBN.pdb	497	0.493	0.355	0.137	1.409	1.103	0.305	0.543	0.344	0.2	-5.037	1862.974		0
ZINC03977175_149	1GJ6.pdb_1H4W.pdb_1QBN.pdb	512	0.492	0.358	0.135	1.474	1.103	0.371	0.521	0.346	0.175	-4.357	1875.265		0
ZINC04383173_190	1GJ6.pdb_1H4W.pdb_1QBN.pdb	510	0.492	0.342	0.15	1.386	1.032	0.354	0.544	0.339	0.206	-5.167	1837.59		0
ZINC03804651_49	1GJ6.pdb_1H4W.pdb_1QBN.pdb	511	0.492	0.391	0.101	1.398	1.125	0.273	0.513	0.375	0.138	-3.463	2032.61		0
ZINC02650544_132	1GJ6.pdb_1H4W.pdb_1QBN.pdb	513	0.492	0.361	0.131	1.611	1.25	0.361	0.507	0.337	0.17	-4.238	1822.679		0
ZINC03007300_157	1GJ6.pdb_1H4W.pdb_1QBN.pdb	509	0.492	0.391	0.101	1.458	1.187	0.271	0.506	0.368	0.138	-3.448	1995.782		0
ZINC00906167_138	1GJ6.pdb_1H4W.pdb_1QBN.pdb	514	0.492	0.374	0.118	1.322	1.026	0.295	0.535	0.37	0.165	-4.129	2011.636		0
ZINC02973482_38	1GJ6.pdb_1H4W.pdb_1QBN.pdb	517	0.492	0.403	0.089	1.414	1.182	0.232	0.506	0.379	0.126	-3.166	2057.432		0
ZINC02596318_83	1GJ6.pdb_1H4W.pdb_1QBN.pdb	515	0.492	0.375	0.117	1.411	1.157	0.254	0.536	0.357	0.179	-4.514	1935.319		0
ZINC00977950_27	1GJ6.pdb_1H4W.pdb_1QBN.pdb	518	0.492	0.389	0.103	1.427	1.176	0.25	0.516	0.368	0.149	-3.732	1994.15		0
ZINC02586497_121	1GJ6.pdb_1H4W.pdb_1QBN.pdb	506	0.492	0.384	0.107	1.539	1.251	0.288	0.503	0.357	0.146	-3.659	1930.482		0
ZINC04213700_74	1GJ6.pdb_1H4W.pdb_1QBN.pdb	507	0.492	0.375	0.117	1.558	1.26	0.298	0.51	0.348	0.162	-4.064	1881.269		0
ZINC01875803_121	1GJ6.pdb_1H4W.pdb_1QBN.pdb	508	0.492	0.389	0.103	1.362	1.143	0.219	0.533	0.371	0.162	-4.099	2012.84		0
ZINC03817650_23	1GJ6.pdb_1H4W.pdb_1QBN.pdb	516	0.492	0.361	0.131	1.378	1.05	0.328	0.533	0.355	0.178	-4.471	1925.89		0
ZINC02393796_107	1GJ6.pdb_1H4W.pdb_1QBN.pdb	525	0.491	0.381	0.11	1.499	1.209	0.29	0.508	0.358	0.15	-3.76	1936.726		0
ZINC03944034_161	1GJ6.pdb_1H4W.pdb_1QBN.pdb	519	0.491	0.33	0.161	1.536	1.076	0.459	0.521	0.322	0.199	-4.961	1745.068		0
ZINC02192461_34	1GJ6.pdb_1H4W.pdb_1QBN.pdb	520	0.491	0.37	0.121	1.379	1.097	0.282	0.533	0.358	0.175	-4.397	1941.399		0
ZINC02192461_122	1GJ6.pdb_1H4W.pdb_1QBN.pdb	526	0.491	0.387	0.104	1.381	1.134	0.247	0.523	0.37	0.153	-3.849	2007.157		0
ZINC00842699_88	1GJ6.pdb_1H4W.pdb_1QBN.pdb	522	0.491	0.371	0.12	1.504	1.168	0.336	0.51	0.352	0.158	-3.944	1906.286		0
ZINC02131329_1	1GJ6.pdb_1H4W.pdb_1QBN.pdb	523	0.491	0.355	0.136	1.313	1.0	0.313	0.548	0.354	0.195	-4.897	1922.262		0
ZINC04001514_188	1GJ6.pdb_1H4W.pdb_1QBN.pdb	524	0.491	0.32	0.171	1.413	1.01	0.403	0.548	0.319	0.229	-5.75	1728.812		0
ZINC03545191_194	1GJ6.pdb_1H4W.pdb_1QBN.pdb	521	0.491	0.35	0.14	1.455	1.124	0.331	0.533	0.337	0.196	-4.926	1827.074		0
ZINC02754468_54	1GJ6.pdb_1H4W.pdb_1QBN.pdb	530	0.49	0.35	0.14	1.547	1.164	0.383	0.514	0.334	0.18	-4.498	1805.899		0
ZINC03938550_121	1GJ6.pdb_1H4W.pdb_1QBN.pdb	534	0.49	0.334	0.156	1.383	1.042	0.341	0.552	0.329	0.223	-5.622	1785.914		0
ZINC03819389_182	1GJ6.pdb_1H4W.pdb_1QBN.pdb	527	0.49	0.385	0.104	1.475	1.163	0.313	0.501	0.366	0.135	-3.372	1981.65		0
ZINC00902607_36	1GJ6.pdb_1H4W.pdb_1QBN.pdb	529	0.49	0.378	0.112	1.315	1.044	0.27	0.533	0.372	0.161	-4.038	2022.888		0
ZINC03942063_158	1GJ6.pdb_1H4W.pdb_1QBN.pdb	538	0.49	0.379	0.11	1.338	1.068	0.27	0.527	0.371	0.157	-3.94	2011.903		0
ZINC03889313_17	1GJ6.pdb_1H4W.pdb_1QBN.pdb	531	0.49	0.397	0.093	1.358	1.122	0.236	0.514	0.38	0.134	-3.365	2064.77		0
ZINC03834180_195	1GJ6.pdb_1H4W.pdb_1QBN.pdb	533	0.49	0.352	0.138	1.329	1.0	0.329	0.544	0.353	0.191	-4.803	1916.542		1
ZINC03852886_169	1GJ6.pdb_1H4W.pdb_1QBN.pdb	532	0.49	0.378	0.111	1.409	1.124	0.284	0.518	0.363	0.155	-3.878	1968.857		0
ZINC02285344_130	1GJ6.pdb_1H4W.pdb_1QBN.pdb	528	0.49	0.423	0.067	1.385	1.208	0.177	0.492	0.394	0.098	-2.464	2138.346		0
ZINC03819383_27	1GJ6.pdb_1H4W.pdb_1QBN.pdb	535	0.49	0.376	0.115	1.349	1.057	0.291	0.527	0.368	0.159	-3.978	2000.639		0
ZINC02973482_43	1GJ6.pdb_1H4W.pdb_1QBN.pdb	536	0.49	0.403	0.087	1.409	1.182	0.227	0.503	0.379	0.124	-3.096	2057.617		0
ZINC04217906_80	1GJ6.pdb_1H4W.pdb_1QBN.pdb	537	0.49	0.388	0.102	1.591	1.301	0.29	0.492	0.356	0.136	-3.399	1926.217		0
ZINC03820285_65	1GJ6.pdb_1H4W.pdb_1QBN.pdb	544	0.489	0.35	0.138	1.4	1.093	0.307	0.541	0.34	0.201	-5.063	1843.875		0
ZINC02700316_179	1GJ6.pdb_1H4W.pdb_1QBN.pdb	547	0.489	0.382	0.107	1.382	1.119	0.263	0.52	0.367	0.153	-3.843	1989.04		0
ZINC00906587_124	1GJ6.pdb_1H4W.pdb_1QBN.pdb	549	0.489	0.349	0.14	1.465	1.099	0.366	0.524	0.338	0.186	-4.641	1833.884		0
ZINC03969854_146	1GJ6.pdb_1H4W.pdb_1QBN.pdb	550	0.489	0.342	0.147	1.549	1.148	0.4	0.516	0.328	0.188	-4.698	1774.542		0
ZINC04188447_193	1GJ6.pdb_1H4W.pdb_1QBN.pdb	548	0.489	0.367	0.122	1.61	1.27	0.34	0.501	0.341	0.16	-3.991	1842.927		0
ZINC03351758_122	1GJ6.pdb_1H4W.pdb_1QBN.pdb	545	0.489	0.348	0.141	1.57	1.162	0.408	0.509	0.332	0.177	-4.404	1796.892		0
ZINC04176349_27	1GJ6.pdb_1H4W.pdb_1QBN.pdb	543	0.489	0.382	0.107	1.381	1.107	0.274	0.517	0.368	0.149	-3.738	1997.986		0
ZINC02422125_170	1GJ6.pdb_1H4W.pdb_1QBN.pdb	542	0.489	0.349	0.14	1.561	1.183	0.377	0.513	0.331	0.182	-4.538	1791.055		0
ZINC04400050_171	1GJ6.pdb_1H4W.pdb_1QBN.pdb	546	0.489	0.381	0.108	1.45	1.173	0.277	0.512	0.361	0.151	-3.782	1954.79		0
ZINC00902658_61	1GJ6.pdb_1H4W.pdb_1QBN.pdb	541	0.489	0.371	0.118	1.285	1.012	0.273	0.541	0.369	0.172	-4.332	2008.048		0
ZINC02204440_198	1GJ6.pdb_1H4W.pdb_1QBN.pdb	540	0.489	0.354	0.135	1.441	1.068	0.372	0.521	0.346	0.175	-4.373	1877.446		0
ZINC00588296_139	1GJ6.pdb_1H4W.pdb_1QBN.pdb	539	0.489	0.385	0.104	1.439	1.159	0.28	0.508	0.366	0.142	-3.547	1982.457		0
ZINC04185326_158	1GJ6.pdb_1H4W.pdb_1QBN.pdb	551	0.489	0.386	0.102	1.578	1.287	0.291	0.492	0.356	0.137	-3.41	1924.097		0
ZINC03007296_63	1GJ6.pdb_1H4W.pdb_1QBN.pdb	553	0.489	0.389	0.1	1.415	1.145	0.27	0.508	0.371	0.137	-3.43	2010.047		0
ZINC04222810_54	1GJ6.pdb_1H4W.pdb_1QBN.pdb	552	0.489	0.355	0.134	1.481	1.131	0.35	0.52	0.341	0.179	-4.485	1845.902		0
ZINC02639675_35	1GJ6.pdb_1H4W.pdb_1QBN.pdb	564	0.488	0.399	0.09	1.411	1.181	0.23	0.504	0.376	0.128	-3.212	2037.206		0
ZINC04240331_143	1GJ6.pdb_1H4W.pdb_1QBN.pdb	566	0.488	0.397	0.09	1.545	1.299	0.246	0.489	0.364	0.125	-3.116	1970.247		0
ZINC03790144_39	1GJ6.pdb_1H4W.pdb_1QBN.pdb	559	0.488	0.391	0.097	1.383	1.153	0.231	0.515	0.372	0.142	-3.585	2018.154		0
ZINC02193601_131	1GJ6.pdb_1H4W.pdb_1QBN.pdb	561	0.488	0.374	0.113	1.533	1.22	0.313	0.501	0.351	0.151	-3.761	1898.323		0
ZINC02373588_152	1GJ6.pdb_1H4W.pdb_1QBN.pdb	557	0.488	0.357	0.132	1.558	1.2	0.358	0.509	0.337	0.172	-4.303	1821.3		0
ZINC03840241_3	1GJ6.pdb_1H4W.pdb_1QBN.pdb	558	0.488	0.315	0.173	1.362	0.976	0.386	0.557	0.318	0.239	-6.01	1723.674		0
ZINC04019803_97	1GJ6.pdb_1H4W.pdb_1QBN.pdb	562	0.488	0.361	0.127	1.315	1.009	0.306	0.538	0.36	0.178	-4.466	1956.009		0
ZINC03421130_194	1GJ6.pdb_1H4W.pdb_1QBN.pdb	563	0.488	0.366	0.122	1.395	1.086	0.309	0.524	0.356	0.168	-4.211	1930.245		0
ZINC03439248_98	1GJ6.pdb_1H4W.pdb_1QBN.pdb	565	0.488	0.355	0.133	1.481	1.12	0.361	0.516	0.342	0.174	-4.343	1853.437		0
ZINC02408724_24	1GJ6.pdb_1H4W.pdb_1QBN.pdb	560	0.488	0.361	0.127	1.424	1.073	0.351	0.518	0.352	0.165	-4.124	1911.538		0
ZINC02131327_29	1GJ6.pdb_1H4W.pdb_1QBN.pdb	556	0.488	0.354	0.134	1.309	1.0	0.309	0.545	0.353	0.192	-4.83	1917.08		0
ZINC02712537_37	1GJ6.pdb_1H4W.pdb_1QBN.pdb	555	0.488	0.314	0.174	1.396	1.022	0.375	0.557	0.312	0.246	-6.2	1687.82		0
ZINC03928140_30	1GJ6.pdb_1H4W.pdb_1QBN.pdb	554	0.488	0.37	0.118	1.55	1.237	0.313	0.505	0.345	0.159	-3.987	1867.236		0
ZINC04188469_8	1GJ6.pdb_1H4W.pdb_1QBN.pdb	570	0.487	0.364	0.122	1.61	1.269	0.341	0.498	0.338	0.16	-4.002	1827.695		0
ZINC01821865_154	1GJ6.pdb_1H4W.pdb_1QBN.pdb	571	0.487	0.374	0.113	1.347	1.09	0.258	0.531	0.363	0.169	-4.254	1967.466		0
ZINC00902674_127	1GJ6.pdb_1H4W.pdb_1QBN.pdb	568	0.487	0.382	0.105	1.305	1.05	0.256	0.527	0.375	0.152	-3.817	2036.839		0
ZINC02726431_46	1GJ6.pdb_1H4W.pdb_1QBN.pdb	567	0.487	0.366	0.121	1.591	1.234	0.357	0.497	0.342	0.155	-3.851	1850.364		0
ZINC04001504_182	1GJ6.pdb_1H4W.pdb_1QBN.pdb	573	0.487	0.386	0.1	1.478	1.215	0.263	0.501	0.362	0.14	-3.498	1959.195		0
ZINC00902617_35	1GJ6.pdb_1H4W.pdb_1QBN.pdb	572	0.487	0.372	0.115	1.286	1.029	0.257	0.54	0.368	0.172	-4.332	1999.339		0
ZINC03955215_93	1GJ6.pdb_1H4W.pdb_1QBN.pdb	574	0.487	0.414	0.073	1.45	1.257	0.193	0.487	0.382	0.105	-2.628	2069.17		0
ZINC03933548_104	1GJ6.pdb_1H4W.pdb_1QBN.pdb	575	0.487	0.311	0.176	1.437	1.012	0.425	0.541	0.31	0.232	-5.805	1677.233		0
ZINC02005805_135	1GJ6.pdb_1H4W.pdb_1QBN.pdb	579	0.487	0.323	0.163	1.532	1.094	0.438	0.521	0.315	0.206	-5.152	1703.112		0
ZINC02129855_85	1GJ6.pdb_1H4W.pdb_1QBN.pdb	577	0.487	0.368	0.119	1.303	1.018	0.285	0.535	0.366	0.169	-4.246	1986.431		0
ZINC03890764_40	1GJ6.pdb_1H4W.pdb_1QBN.pdb	578	0.487	0.35	0.136	1.523	1.148	0.375	0.512	0.335	0.177	-4.407	1814.746		0
ZINC04217908_86	1GJ6.pdb_1H4W.pdb_1QBN.pdb	569	0.487	0.385	0.102	1.555	1.267	0.288	0.492	0.356	0.136	-3.383	1927.129		0
ZINC02964623_93	1GJ6.pdb_1H4W.pdb_1QBN.pdb	576	0.487	0.389	0.098	1.408	1.144	0.264	0.505	0.371	0.134	-3.359	2011.012		0
ZINC02965440_105	1GJ6.pdb_1H4W.pdb_1QBN.pdb	592	0.486	0.385	0.101	1.44	1.154	0.286	0.501	0.366	0.135	-3.358	1984.31		0
ZINC00921665_61	1GJ6.pdb_1H4W.pdb_1QBN.pdb	581	0.486	0.377	0.109	1.411	1.104	0.307	0.509	0.364	0.144	-3.606	1975.653		0
ZINC02136680_111	1GJ6.pdb_1H4W.pdb_1QBN.pdb	582	0.486	0.354	0.132	1.347	1.043	0.304	0.538	0.349	0.189	-4.749	1894.85		0
ZINC03891143_189	1GJ6.pdb_1H4W.pdb_1QBN.pdb	594	0.486	0.381	0.105	1.299	1.053	0.245	0.529	0.374	0.155	-3.894	2032.509		0
ZINC03867259_167	1GJ6.pdb_1H4W.pdb_1QBN.pdb	580	0.486	0.35	0.136	1.584	1.229	0.355	0.509	0.328	0.18	-4.513	1775.032		0
ZINC02372645_27	1GJ6.pdb_1H4W.pdb_1QBN.pdb	584	0.486	0.39	0.096	1.341	1.114	0.227	0.518	0.375	0.143	-3.607	2034.905		0
ZINC04248905_72	1GJ6.pdb_1H4W.pdb_1QBN.pdb	585	0.486	0.337	0.149	1.499	1.147	0.352	0.528	0.323	0.205	-5.141	1748.175		0
ZINC03572380_59	1GJ6.pdb_1H4W.pdb_1QBN.pdb	593	0.486	0.358	0.129	1.541	1.19	0.35	0.507	0.338	0.169	-4.22	1831.773		0
ZINC00852448_38	1GJ6.pdb_1H4W.pdb_1QBN.pdb	591	0.486	0.386	0.1	1.503	1.203	0.3	0.492	0.362	0.13	-3.238	1962.887		0
ZINC02315723_18	1GJ6.pdb_1H4W.pdb_1QBN.pdb	583	0.486	0.387	0.1	1.408	1.164	0.243	0.511	0.367	0.144	-3.628	1987.513		0
ZINC03345168_83	1GJ6.pdb_1H4W.pdb_1QBN.pdb	590	0.486	0.373	0.114	1.333	1.065	0.268	0.53	0.364	0.165	-4.158	1977.912		0
ZINC03987062_4	1GJ6.pdb_1H4W.pdb_1QBN.pdb	589	0.486	0.372	0.114	1.278	1.03	0.248	0.542	0.368	0.174	-4.409	1996.663		0
ZINC04411389_183	1GJ6.pdb_1H4W.pdb_1QBN.pdb	588	0.486	0.365	0.121	1.372	1.079	0.293	0.526	0.355	0.17	-4.279	1928.141		0
ZINC01537299_160	1GJ6.pdb_1H4W.pdb_1QBN.pdb	587	0.486	0.379	0.108	1.389	1.159	0.23	0.528	0.36	0.168	-4.246	1951.871		0
ZINC00902614_61	1GJ6.pdb_1H4W.pdb_1QBN.pdb	586	0.486	0.38	0.107	1.278	1.029	0.249	0.533	0.376	0.157	-3.955	2042.352		0
ZINC00902612_44	1GJ6.pdb_1H4W.pdb_1QBN.pdb	606	0.485	0.376	0.109	1.276	1.022	0.254	0.533	0.373	0.16	-4.038	2025.244		0
ZINC03612068_154	1GJ6.pdb_1H4W.pdb_1QBN.pdb	605	0.485	0.405	0.081	1.396	1.184	0.211	0.496	0.381	0.115	-2.892	2064.47		0
ZINC02129134_150	1GJ6.pdb_1H4W.pdb_1QBN.pdb	598	0.485	0.363	0.122	1.388	1.093	0.295	0.524	0.352	0.172	-4.329	1908.106		0
ZINC02203105_23	1GJ6.pdb_1H4W.pdb_1QBN.pdb	597	0.485	0.359	0.127	1.437	1.086	0.351	0.514	0.349	0.165	-4.124	1891.339		0
ZINC03802013_150	1GJ6.pdb_1H4W.pdb_1QBN.pdb	596	0.485	0.311	0.174	1.577	1.087	0.489	0.516	0.304	0.212	-5.282	1642.856		0
ZINC00978047_58	1GJ6.pdb_1H4W.pdb_1QBN.pdb	595	0.485	0.321	0.164	1.428	1.044	0.383	0.54	0.317	0.223	-5.605	1716.557		0
ZINC03361445_191	1GJ6.pdb_1H4W.pdb_1QBN.pdb	601	0.485	0.36	0.125	1.474	1.132	0.342	0.51	0.346	0.165	-4.112	1872.537		0
ZINC01062173_141	1GJ6.pdb_1H4W.pdb_1QBN.pdb	602	0.485	0.322	0.163	1.51	1.093	0.417	0.525	0.314	0.211	-5.29	1697.952		0
ZINC03810496_34	1GJ6.pdb_1H4W.pdb_1QBN.pdb	603	0.485	0.345	0.14	1.555	1.19	0.365	0.512	0.327	0.186	-4.64	1768.141		0
ZINC00762710_31	1GJ6.pdb_1H4W.pdb_1QBN.pdb	604	0.485	0.386	0.099	1.505	1.208	0.297	0.491	0.362	0.129	-3.212	1962.242		0
ZINC03981618_101	1GJ6.pdb_1H4W.pdb_1QBN.pdb	600	0.485	0.331	0.155	1.438	1.059	0.38	0.532	0.325	0.207	-5.187	1759.155		0
ZINC03933732_163	1GJ6.pdb_1H4W.pdb_1QBN.pdb	599	0.485	0.328	0.157	1.531	1.128	0.403	0.521	0.316	0.205	-5.125	1710.216		0
ZINC02126772_53	1GJ6.pdb_1H4W.pdb_1QBN.pdb	608	0.485	0.364	0.121	1.361	1.079	0.281	0.529	0.355	0.175	-4.394	1924.955		0
ZINC02199684_109	1GJ6.pdb_1H4W.pdb_1QBN.pdb	607	0.485	0.361	0.124	1.412	1.067	0.345	0.515	0.353	0.162	-4.049	1915.367		0
ZINC04383614_197	1GJ6.pdb_1H4W.pdb_1QBN.pdb	614	0.484	0.321	0.162	1.346	0.95	0.396	0.543	0.327	0.216	-5.411	1774.108		0
ZINC04257378_29	1GJ6.pdb_1H4W.pdb_1QBN.pdb	613	0.484	0.36	0.124	1.583	1.238	0.345	0.499	0.336	0.162	-4.054	1819.2		0
ZINC03891139_84	1GJ6.pdb_1H4W.pdb_1QBN.pdb	625	0.484	0.371	0.113	1.414	1.161	0.253	0.522	0.353	0.169	-4.258	1911.436		0
ZINC02138251_152	1GJ6.pdb_1H4W.pdb_1QBN.pdb	612	0.484	0.331	0.153	1.359	1.0	0.359	0.54	0.33	0.21	-5.273	1792.935		0
ZINC04004628_148	1GJ6.pdb_1H4W.pdb_1QBN.pdb	611	0.484	0.344	0.139	1.312	1.016	0.296	0.551	0.343	0.209	-5.271	1859.413		0
ZINC04621232_96	1GJ6.pdb_1H4W.pdb_1QBN.pdb	610	0.484	0.36	0.124	1.364	1.074	0.289	0.53	0.351	0.179	-4.498	1905.132		0
ZINC03817914_124	1GJ6.pdb_1H4W.pdb_1QBN.pdb	609	0.484	0.374	0.11	1.557	1.207	0.35	0.49	0.351	0.138	-3.443	1902.062		0
ZINC01821865_15	1GJ6.pdb_1H4W.pdb_1QBN.pdb	615	0.484	0.371	0.114	1.341	1.083	0.258	0.529	0.361	0.169	-4.26	1956.175		0
ZINC01834069_167	1GJ6.pdb_1H4W.pdb_1QBN.pdb	617	0.484	0.331	0.153	1.465	1.027	0.439	0.519	0.328	0.19	-4.738	1780.946		0
ZINC03951910_26	1GJ6.pdb_1H4W.pdb_1QBN.pdb	618	0.484	0.307	0.177	1.425	1.044	0.381	0.552	0.303	0.249	-6.285	1641.425		0
ZINC00921352_134	1GJ6.pdb_1H4W.pdb_1QBN.pdb	619	0.484	0.37	0.115	1.359	1.067	0.292	0.52	0.361	0.159	-3.985	1961.156		0
ZINC02618850_140	1GJ6.pdb_1H4W.pdb_1QBN.pdb	620	0.484	0.33	0.154	1.441	1.068	0.374	0.531	0.324	0.207	-5.199	1753.038		0
ZINC02135324_36	1GJ6.pdb_1H4W.pdb_1QBN.pdb	621	0.484	0.349	0.136	1.37	1.046	0.324	0.532	0.343	0.189	-4.749	1862.463		0
ZINC03870745_39	1GJ6.pdb_1H4W.pdb_1QBN.pdb	622	0.484	0.358	0.126	1.332	1.0	0.332	0.528	0.359	0.169	-4.215	1951.106		0
ZINC02928057_49	1GJ6.pdb_1H4W.pdb_1QBN.pdb	624	0.484	0.321	0.163	1.397	1.0	0.397	0.537	0.32	0.216	-5.426	1736.059		0
ZINC03525889_100	1GJ6.pdb_1H4W.pdb_1QBN.pdb	623	0.484	0.39	0.094	1.482	1.214	0.268	0.491	0.365	0.126	-3.156	1976.783		0
ZINC04354189_136	1GJ6.pdb_1H4W.pdb_1QBN.pdb	616	0.484	0.359	0.125	1.45	1.134	0.316	0.516	0.344	0.172	-4.303	1864.854		0
ZINC00902660_48	1GJ6.pdb_1H4W.pdb_1QBN.pdb	628	0.483	0.37	0.113	1.273	1.009	0.263	0.534	0.368	0.166	-4.182	2002.293		0
ZINC03890763_32	1GJ6.pdb_1H4W.pdb_1QBN.pdb	627	0.483	0.343	0.141	1.515	1.129	0.385	0.511	0.33	0.181	-4.524	1785.6		0
ZINC01840043_64	1GJ6.pdb_1H4W.pdb_1QBN.pdb	629	0.483	0.378	0.104	1.438	1.157	0.28	0.502	0.36	0.142	-3.559	1950.514		0
ZINC02131328_41	1GJ6.pdb_1H4W.pdb_1QBN.pdb	646	0.483	0.34	0.142	1.301	0.976	0.325	0.545	0.343	0.202	-5.083	1863.721		0
ZINC03960678_12	1GJ6.pdb_1H4W.pdb_1QBN.pdb	645	0.483	0.352	0.131	1.364	1.071	0.293	0.536	0.344	0.192	-4.836	1864.409		0
ZINC00902638_106	1GJ6.pdb_1H4W.pdb_1QBN.pdb	626	0.483	0.388	0.095	1.23	1.019	0.211	0.533	0.385	0.149	-3.755	2093.764		0
ZINC03342986_160	1GJ6.pdb_1H4W.pdb_1QBN.pdb	630	0.483	0.38	0.103	1.345	1.116	0.229	0.523	0.365	0.158	-3.998	1980.682		0
ZINC03795710_15	1GJ6.pdb_1H4W.pdb_1QBN.pdb	631	0.483	0.394	0.089	1.356	1.155	0.201	0.513	0.374	0.139	-3.506	2028.956		0
ZINC04619253_186	1GJ6.pdb_1H4W.pdb_1QBN.pdb	632	0.483	0.375	0.108	1.362	1.086	0.276	0.514	0.364	0.15	-3.77	1975.664		0
ZINC03625437_58	1GJ6.pdb_1H4W.pdb_1QBN.pdb	638	0.483	0.376	0.107	1.358	1.113	0.245	0.522	0.362	0.16	-4.039	1964.617		0
ZINC04382511_60	1GJ6.pdb_1H4W.pdb_1QBN.pdb	637	0.483	0.316	0.167	1.484	1.059	0.425	0.526	0.31	0.216	-5.397	1679.721		0
ZINC03671448_131	1GJ6.pdb_1H4W.pdb_1QBN.pdb	636	0.483	0.414	0.069	1.449	1.257	0.192	0.479	0.381	0.097	-2.436	2066.156		0
ZINC04003613_15	1GJ6.pdb_1H4W.pdb_1QBN.pdb	635	0.483	0.379	0.104	1.428	1.18	0.248	0.511	0.358	0.153	-3.848	1940.834		0
ZINC00902679_58	1GJ6.pdb_1H4W.pdb_1QBN.pdb	634	0.483	0.369	0.114	1.266	1.0	0.266	0.537	0.37	0.167	-4.218	2009.88		0
ZINC01552512_70	1GJ6.pdb_1H4W.pdb_1QBN.pdb	633	0.483	0.358	0.126	1.44	1.139	0.3	0.521	0.343	0.178	-4.47	1856.554		0
ZINC03801571_136	1GJ6.pdb_1H4W.pdb_1QBN.pdb	639	0.483	0.385	0.097	1.519	1.286	0.233	0.498	0.355	0.144	-3.614	1919.029		0
ZINC04375035_22	1GJ6.pdb_1H4W.pdb_1QBN.pdb	640	0.483	0.358	0.125	1.424	1.108	0.316	0.518	0.346	0.172	-4.308	1875.039		0
ZINC03993045_103	1GJ6.pdb_1H4W.pdb_1QBN.pdb	643	0.483	0.342	0.141	1.473	1.14	0.333	0.525	0.328	0.197	-4.951	1776.084		0
ZINC02025209_160	1GJ6.pdb_1H4W.pdb_1QBN.pdb	644	0.483	0.379	0.104	1.345	1.078	0.267	0.514	0.369	0.145	-3.646	2002.623		0
ZINC02939761_149	1GJ6.pdb_1H4W.pdb_1QBN.pdb	642	0.483	0.352	0.131	1.505	1.16	0.345	0.511	0.336	0.175	-4.377	1816.333		0
ZINC02135249_156	1GJ6.pdb_1H4W.pdb_1QBN.pdb	641	0.483	0.37	0.113	1.336	1.08	0.255	0.528	0.36	0.168	-4.24	1953.688		0
ZINC03864336_111	1GJ6.pdb_1H4W.pdb_1QBN.pdb	667	0.482	0.329	0.154	1.369	0.973	0.396	0.532	0.332	0.201	-5.022	1800.189		0
ZINC02136688_155	1GJ6.pdb_1H4W.pdb_1QBN.pdb	668	0.482	0.366	0.116	1.338	1.067	0.272	0.527	0.358	0.169	-4.25	1942.108		0
ZINC02128934_24	1GJ6.pdb_1H4W.pdb_1QBN.pdb	647	0.482	0.352	0.13	1.382	1.071	0.311	0.526	0.344	0.182	-4.574	1864.132		0
ZINC03989511_176	1GJ6.pdb_1H4W.pdb_1QBN.pdb	648	0.482	0.361	0.12	1.52	1.215	0.305	0.505	0.34	0.166	-4.155	1837.592		0
ZINC02349468_4	1GJ6.pdb_1H4W.pdb_1QBN.pdb	654	0.482	0.376	0.107	1.385	1.144	0.241	0.52	0.359	0.161	-4.061	1944.019		0
ZINC01546188_111	1GJ6.pdb_1H4W.pdb_1QBN.pdb	653	0.482	0.267	0.215	1.434	0.883	0.551	0.537	0.277	0.26	-6.488	1500.956		0
ZINC01549763_29	1GJ6.pdb_1H4W.pdb_1QBN.pdb	652	0.482	0.342	0.141	1.425	1.089	0.335	0.527	0.332	0.195	-4.896	1801.269		0
ZINC03977131_131	1GJ6.pdb_1H4W.pdb_1QBN.pdb	651	0.482	0.35	0.131	1.42	1.076	0.345	0.517	0.342	0.175	-4.373	1853.887		0
ZINC00902677_23	1GJ6.pdb_1H4W.pdb_1QBN.pdb	650	0.482	0.38	0.101	1.253	1.015	0.238	0.528	0.378	0.15	-3.782	2055.963		0
ZINC03974519_6	1GJ6.pdb_1H4W.pdb_1QBN.pdb	649	0.482	0.366	0.116	1.395	1.127	0.268	0.521	0.351	0.169	-4.259	1904.608		0
ZINC03818733_96	1GJ6.pdb_1H4W.pdb_1QBN.pdb	655	0.482	0.336	0.146	1.571	1.192	0.379	0.511	0.319	0.193	-4.821	1723.278		0
ZINC03558930_21	1GJ6.pdb_1H4W.pdb_1QBN.pdb	656	0.482	0.368	0.114	1.49	1.169	0.321	0.5	0.349	0.151	-3.772	1890.426		0
ZINC00902619_98	1GJ6.pdb_1H4W.pdb_1QBN.pdb	661	0.482	0.378	0.104	1.277	1.042	0.235	0.529	0.373	0.157	-3.955	2024.851		0
ZINC03309011_135	1GJ6.pdb_1H4W.pdb_1QBN.pdb	662	0.482	0.372	0.109	1.546	1.267	0.28	0.498	0.345	0.152	-3.814	1867.957		0
ZINC03962394_73	1GJ6.pdb_1H4W.pdb_1QBN.pdb	658	0.482	0.37	0.112	1.504	1.205	0.299	0.5	0.348	0.152	-3.794	1885.245		0
ZINC00902641_44	1GJ6.pdb_1H4W.pdb_1QBN.pdb	657	0.482	0.374	0.108	1.236	1.0	0.236	0.541	0.375	0.167	-4.21	2038.701		0
ZINC03842255_170	1GJ6.pdb_1H4W.pdb_1QBN.pdb	659	0.482	0.325	0.157	1.409	1.055	0.355	0.539	0.32	0.219	-5.519	1733.881		0
ZINC03851685_157	1GJ6.pdb_1H4W.pdb_1QBN.pdb	660	0.482	0.329	0.152	1.499	1.107	0.392	0.519	0.319	0.199	-4.983	1728.605		0
ZINC02022408_87	1GJ6.pdb_1H4W.pdb_1QBN.pdb	666	0.482	0.363	0.119	1.493	1.177	0.316	0.504	0.344	0.16	-4.011	1861.665		0
ZINC02006923_93	1GJ6.pdb_1H4W.pdb_1QBN.pdb	665	0.482	0.349	0.132	1.479	1.147	0.332	0.515	0.334	0.181	-4.53	1809.609		0
ZINC04619145_173	1GJ6.pdb_1H4W.pdb_1QBN.pdb	664	0.482	0.39	0.092	1.498	1.219	0.279	0.486	0.365	0.121	-3.015	1974.362		0
ZINC00902610_46	1GJ6.pdb_1H4W.pdb_1QBN.pdb	663	0.482	0.373	0.11	1.297	1.032	0.265	0.526	0.368	0.157	-3.955	2001.453		0
ZINC04469531_6	1GJ6.pdb_1H4W.pdb_1QBN.pdb	669	0.482	0.366	0.116	1.395	1.127	0.268	0.521	0.351	0.169	-4.259	1904.608		0
ZINC03449894_65	1GJ6.pdb_1H4W.pdb_1QBN.pdb	670	0.482	0.325	0.157	1.528	1.079	0.449	0.512	0.317	0.195	-4.846	1718.37		0
ZINC00781033_113	1GJ6.pdb_1H4W.pdb_1QBN.pdb	682	0.481	0.373	0.108	1.377	1.116	0.261	0.514	0.359	0.155	-3.897	1946.925		0
ZINC03891147_50	1GJ6.pdb_1H4W.pdb_1QBN.pdb	681	0.481	0.375	0.106	1.468	1.213	0.255	0.506	0.352	0.154	-3.874	1902.926		0
ZINC00770809_150	1GJ6.pdb_1H4W.pdb_1QBN.pdb	690	0.481	0.367	0.114	1.267	1.0	0.267	0.532	0.367	0.165	-4.16	1994.767		0
ZINC00902649_39	1GJ6.pdb_1H4W.pdb_1QBN.pdb	689	0.481	0.372	0.109	1.254	1.0	0.254	0.533	0.372	0.16	-4.038	2023.653		0
ZINC01541498_87	1GJ6.pdb_1H4W.pdb_1QBN.pdb	671	0.481	0.321	0.16	1.434	1.042	0.392	0.53	0.317	0.213	-5.345	1714.846		0
ZINC03990241_144	1GJ6.pdb_1H4W.pdb_1QBN.pdb	672	0.481	0.361	0.12	1.317	1.037	0.281	0.53	0.356	0.173	-4.36	1934.747		0
ZINC03944562_144	1GJ6.pdb_1H4W.pdb_1QBN.pdb	684	0.481	0.372	0.109	1.276	1.049	0.227	0.539	0.365	0.173	-4.396	1983.812		0
ZINC03342986_180	1GJ6.pdb_1H4W.pdb_1QBN.pdb	683	0.481	0.385	0.096	1.339	1.126	0.214	0.517	0.369	0.148	-3.727	2002.726		0
ZINC04001668_66	1GJ6.pdb_1H4W.pdb_1QBN.pdb	673	0.481	0.352	0.13	1.385	1.059	0.326	0.522	0.345	0.177	-4.447	1870.672		0
ZINC03987019_120	1GJ6.pdb_1H4W.pdb_1QBN.pdb	674	0.481	0.338	0.143	1.439	1.085	0.354	0.522	0.33	0.193	-4.833	1785.717		0
ZINC03923950_64	1GJ6.pdb_1H4W.pdb_1QBN.pdb	687	0.481	0.372	0.109	1.414	1.136	0.278	0.508	0.356	0.152	-3.813	1928.366		0
ZINC03982648_88	1GJ6.pdb_1H4W.pdb_1QBN.pdb	688	0.481	0.319	0.162	1.46	1.0	0.46	0.519	0.319	0.2	-4.973	1731.839		0
ZINC03818900_92	1GJ6.pdb_1H4W.pdb_1QBN.pdb	676	0.481	0.302	0.178	1.458	1.029	0.429	0.533	0.3	0.234	-5.854	1623.226		0
ZINC03838228_140	1GJ6.pdb_1H4W.pdb_1QBN.pdb	675	0.481	0.343	0.138	1.395	1.066	0.329	0.527	0.336	0.192	-4.811	1820.947		0
ZINC01553112_85	1GJ6.pdb_1H4W.pdb_1QBN.pdb	678	0.481	0.368	0.112	1.463	1.199	0.264	0.51	0.347	0.163	-4.108	1879.249		0
ZINC01485988_178	1GJ6.pdb_1H4W.pdb_1QBN.pdb	677	0.481	0.384	0.097	1.45	1.187	0.263	0.496	0.362	0.134	-3.344	1961.957		0
ZINC00781033_113	1GJ6.pdb_1H4W.pdb_1QBN.pdb	680	0.481	0.373	0.108	1.377	1.116	0.261	0.514	0.359	0.155	-3.897	1946.925		0
ZINC02971927_136	1GJ6.pdb_1H4W.pdb_1QBN.pdb	679	0.481	0.344	0.137	1.437	1.078	0.359	0.517	0.335	0.182	-4.552	1817.714		0
ZINC02128933_125	1GJ6.pdb_1H4W.pdb_1QBN.pdb	685	0.481	0.339	0.143	1.379	1.041	0.338	0.532	0.334	0.198	-4.966	1812.249		0
ZINC01107129_192	1GJ6.pdb_1H4W.pdb_1QBN.pdb	686	0.481	0.375	0.106	1.391	1.13	0.26	0.511	0.359	0.151	-3.805	1948.368		0
ZINC02136685_8	1GJ6.pdb_1H4W.pdb_1QBN.pdb	709	0.48	0.356	0.124	1.335	1.047	0.288	0.53	0.351	0.179	-4.505	1903.846		0
ZINC02203888_92	1GJ6.pdb_1H4W.pdb_1QBN.pdb	710	0.48	0.394	0.085	1.349	1.116	0.234	0.498	0.379	0.119	-2.967	2057.13		0
ZINC03874810_103	1GJ6.pdb_1H4W.pdb_1QBN.pdb	692	0.48	0.385	0.094	1.341	1.136	0.204	0.517	0.368	0.149	-3.765	1997.639		0
ZINC03974617_153	1GJ6.pdb_1H4W.pdb_1QBN.pdb	691	0.48	0.345	0.134	1.299	0.977	0.321	0.536	0.348	0.187	-4.706	1891.286		0
ZINC03351756_22	1GJ6.pdb_1H4W.pdb_1QBN.pdb	694	0.48	0.345	0.135	1.548	1.155	0.393	0.5	0.33	0.17	-4.239	1786.181		0
ZINC03368314_50	1GJ6.pdb_1H4W.pdb_1QBN.pdb	693	0.48	0.346	0.134	1.408	1.091	0.317	0.524	0.337	0.188	-4.719	1823.626		0
ZINC02130563_169	1GJ6.pdb_1H4W.pdb_1QBN.pdb	695	0.48	0.337	0.142	1.338	1.0	0.338	0.534	0.337	0.197	-4.96	1827.168		0
ZINC01541499_119	1GJ6.pdb_1H4W.pdb_1QBN.pdb	696	0.48	0.398	0.082	1.437	1.221	0.216	0.489	0.371	0.118	-2.947	2009.681		0
ZINC03960397_6	1GJ6.pdb_1H4W.pdb_1QBN.pdb	702	0.48	0.296	0.184	1.522	1.061	0.462	0.525	0.291	0.234	-5.86	1572.881		0
ZINC03868275_160	1GJ6.pdb_1H4W.pdb_1QBN.pdb	701	0.48	0.327	0.153	1.547	1.138	0.409	0.512	0.315	0.197	-4.926	1701.555		0
ZINC02700304_92	1GJ6.pdb_1H4W.pdb_1QBN.pdb	700	0.48	0.372	0.107	1.415	1.141	0.275	0.506	0.356	0.15	-3.757	1928.608		0
ZINC03408854_164	1GJ6.pdb_1H4W.pdb_1QBN.pdb	699	0.48	0.371	0.109	1.556	1.232	0.324	0.487	0.347	0.14	-3.497	1878.349		0
ZINC03055699_119	1GJ6.pdb_1H4W.pdb_1QBN.pdb	698	0.48	0.388	0.092	1.495	1.231	0.264	0.486	0.362	0.124	-3.096	1958.07		0
ZINC03841305_143	1GJ6.pdb_1H4W.pdb_1QBN.pdb	697	0.48	0.355	0.125	1.438	1.089	0.348	0.508	0.345	0.164	-4.09	1868.017		0
ZINC02964624_141	1GJ6.pdb_1H4W.pdb_1QBN.pdb	703	0.48	0.382	0.098	1.394	1.129	0.264	0.5	0.366	0.134	-3.358	1984.634		0
ZINC02579074_128	1GJ6.pdb_1H4W.pdb_1QBN.pdb	704	0.48	0.397	0.083	1.454	1.226	0.228	0.486	0.37	0.116	-2.9	2004.868		0
ZINC01541284_146	1GJ6.pdb_1H4W.pdb_1QBN.pdb	707	0.48	0.316	0.163	1.493	1.076	0.417	0.521	0.309	0.212	-5.296	1675.028		0
ZINC04222855_25	1GJ6.pdb_1H4W.pdb_1QBN.pdb	708	0.48	0.349	0.131	1.402	1.076	0.325	0.52	0.341	0.179	-4.485	1847.48		0
ZINC01554097_134	1GJ6.pdb_1H4W.pdb_1QBN.pdb	706	0.48	0.355	0.126	1.475	1.158	0.317	0.511	0.338	0.173	-4.327	1831.521		0
ZINC02384342_181	1GJ6.pdb_1H4W.pdb_1QBN.pdb	705	0.48	0.352	0.128	1.498	1.166	0.332	0.508	0.336	0.172	-4.303	1816.412		0
ZINC00974236_164	1GJ6.pdb_1H4W.pdb_1QBN.pdb	727	0.479	0.315	0.164	1.383	1.0	0.383	0.539	0.316	0.223	-5.605	1710.689		0
ZINC00902591_77	1GJ6.pdb_1H4W.pdb_1QBN.pdb	726	0.479	0.364	0.115	1.24	0.981	0.258	0.539	0.366	0.172	-4.35	1992.494		0
ZINC00904734_99	1GJ6.pdb_1H4W.pdb_1QBN.pdb	711	0.479	0.392	0.087	1.483	1.223	0.26	0.481	0.366	0.115	-2.874	1983.456		0
ZINC04627375_97	1GJ6.pdb_1H4W.pdb_1QBN.pdb	712	0.479	0.333	0.146	1.712	1.314	0.398	0.496	0.309	0.187	-4.673	1667.06		0
ZINC03345168_62	1GJ6.pdb_1H4W.pdb_1QBN.pdb	718	0.479	0.387	0.092	1.306	1.093	0.213	0.514	0.375	0.139	-3.509	2035.191		0
ZINC03874559_88	1GJ6.pdb_1H4W.pdb_1QBN.pdb	717	0.479	0.35	0.128	1.384	1.089	0.295	0.526	0.34	0.185	-4.667	1844.685		0
ZINC02959464_6	1GJ6.pdb_1H4W.pdb_1QBN.pdb	716	0.479	0.345	0.134	1.651	1.283	0.368	0.495	0.321	0.174	-4.341	1733.696		0
ZINC02128936_112	1GJ6.pdb_1H4W.pdb_1QBN.pdb	715	0.479	0.339	0.14	1.376	1.043	0.334	0.529	0.334	0.195	-4.896	1813.129		0
ZINC02132098_104	1GJ6.pdb_1H4W.pdb_1QBN.pdb	714	0.479	0.349	0.13	1.344	1.032	0.312	0.527	0.345	0.182	-4.581	1871.165		0
ZINC00587735_108	1GJ6.pdb_1H4W.pdb_1QBN.pdb	713	0.479	0.333	0.147	1.553	1.13	0.423	0.504	0.32	0.183	-4.567	1734.219		0
ZINC03800681_132	1GJ6.pdb_1H4W.pdb_1QBN.pdb	719	0.479	0.333	0.146	1.38	1.0	0.38	0.526	0.333	0.193	-4.816	1807.845		0
ZINC04235822_21	1GJ6.pdb_1H4W.pdb_1QBN.pdb	720	0.479	0.348	0.131	1.4	1.075	0.325	0.519	0.34	0.179	-4.485	1844.483		0
ZINC00624134_186	1GJ6.pdb_1H4W.pdb_1QBN.pdb	725	0.479	0.325	0.153	1.512	1.097	0.415	0.512	0.316	0.195	-4.878	1712.686		0
ZINC04093076_153	1GJ6.pdb_1H4W.pdb_1QBN.pdb	724	0.479	0.359	0.119	1.376	1.086	0.29	0.518	0.349	0.169	-4.235	1894.052		0
ZINC04355779_64	1GJ6.pdb_1H4W.pdb_1QBN.pdb	722	0.479	0.386	0.093	1.38	1.15	0.231	0.502	0.368	0.134	-3.366	1994.69		0
ZINC01125455_170	1GJ6.pdb_1H4W.pdb_1QBN.pdb	721	0.479	0.339	0.14	1.413	1.07	0.343	0.522	0.332	0.191	-4.779	1797.668		0
ZINC00720208_172	1GJ6.pdb_1H4W.pdb_1QBN.pdb	723	0.479	0.366	0.113	1.381	1.093	0.288	0.511	0.355	0.157	-3.929	1923.782		0
ZINC00970330_78	1GJ6.pdb_1H4W.pdb_1QBN.pdb	736	0.478	0.369	0.109	1.439	1.161	0.278	0.503	0.351	0.151	-3.796	1902.28		0
ZINC01539778_133	1GJ6.pdb_1H4W.pdb_1QBN.pdb	735	0.478	0.359	0.119	1.364	1.047	0.317	0.514	0.353	0.161	-4.026	1914.964		0
ZINC03993078_131	1GJ6.pdb_1H4W.pdb_1QBN.pdb	728	0.478	0.344	0.134	1.459	1.109	0.351	0.511	0.332	0.178	-4.454	1800.811		0
ZINC03820048_13	1GJ6.pdb_1H4W.pdb_1QBN.pdb	734	0.478	0.36	0.117	1.535	1.207	0.328	0.494	0.339	0.154	-3.85	1836.85		0
ZINC03966147_15	1GJ6.pdb_1H4W.pdb_1QBN.pdb	733	0.478	0.35	0.128	1.482	1.106	0.376	0.502	0.339	0.163	-4.055	1835.596		0
ZINC03914448_29	1GJ6.pdb_1H4W.pdb_1QBN.pdb	732	0.478	0.39	0.088	1.461	1.248	0.212	0.493	0.362	0.131	-3.302	1960.517		0
ZINC03325420_18	1GJ6.pdb_1H4W.pdb_1QBN.pdb	731	0.478	0.34	0.138	1.483	1.111	0.373	0.508	0.329	0.179	-4.482	1779.532		0
ZINC03801311_48	1GJ6.pdb_1H4W.pdb_1QBN.pdb	730	0.478	0.327	0.151	1.439	1.082	0.357	0.527	0.319	0.207	-5.209	1729.509		0
ZINC03834175_119	1GJ6.pdb_1H4W.pdb_1QBN.pdb	729	0.478	0.331	0.146	1.248	0.914	0.334	0.548	0.342	0.207	-5.196	1859.317		1
ZINC02130364_170	1GJ6.pdb_1H4W.pdb_1QBN.pdb	739	0.478	0.344	0.134	1.359	1.039	0.32	0.526	0.34	0.187	-4.69	1842.278		0
ZINC03022380_178	1GJ6.pdb_1H4W.pdb_1QBN.pdb	737	0.478	0.34	0.137	1.521	1.121	0.4	0.501	0.328	0.173	-4.314	1777.25		0
ZINC03429542_109	1GJ6.pdb_1H4W.pdb_1QBN.pdb	740	0.478	0.381	0.097	1.382	1.131	0.25	0.501	0.365	0.136	-3.416	1980.552		0
ZINC04151689_52	1GJ6.pdb_1H4W.pdb_1QBN.pdb	738	0.478	0.327	0.151	1.443	1.085	0.358	0.526	0.319	0.208	-5.216	1725.347		0
ZINC02128211_132	1GJ6.pdb_1H4W.pdb_1QBN.pdb	741	0.478	0.333	0.145	1.442	1.072	0.37	0.518	0.326	0.192	-4.804	1765.966		0
ZINC04222192_196	1GJ6.pdb_1H4W.pdb_1QBN.pdb	743	0.477	0.356	0.121	1.386	1.08	0.307	0.514	0.347	0.167	-4.183	1881.704		0
ZINC02315723_178	1GJ6.pdb_1H4W.pdb_1QBN.pdb	760	0.477	0.336	0.14	1.401	1.052	0.349	0.521	0.331	0.19	-4.758	1793.33		0
ZINC01107131_78	1GJ6.pdb_1H4W.pdb_1QBN.pdb	744	0.477	0.368	0.109	1.416	1.138	0.278	0.504	0.353	0.151	-3.795	1911.27		0
ZINC03868275_167	1GJ6.pdb_1H4W.pdb_1QBN.pdb	748	0.477	0.325	0.153	1.538	1.131	0.407	0.509	0.313	0.196	-4.905	1692.34		0
ZINC03889306_148	1GJ6.pdb_1H4W.pdb_1QBN.pdb	747	0.477	0.357	0.121	1.274	1.013	0.261	0.538	0.355	0.183	-4.631	1928.644		0
ZINC02952188_161	1GJ6.pdb_1H4W.pdb_1QBN.pdb	751	0.477	0.324	0.153	1.518	1.104	0.414	0.509	0.314	0.195	-4.864	1701.582		0
ZINC02127290_121	1GJ6.pdb_1H4W.pdb_1QBN.pdb	752	0.477	0.364	0.113	1.41	1.124	0.286	0.507	0.35	0.157	-3.925	1897.166		0
ZINC01838798_102	1GJ6.pdb_1H4W.pdb_1QBN.pdb	749	0.477	0.325	0.151	1.442	1.052	0.39	0.518	0.32	0.198	-4.961	1734.302		0
ZINC04079213_14	1GJ6.pdb_1H4W.pdb_1QBN.pdb	750	0.477	0.341	0.136	1.482	1.108	0.375	0.506	0.33	0.176	-4.398	1787.76		0
ZINC03997172_160	1GJ6.pdb_1H4W.pdb_1QBN.pdb	745	0.477	0.37	0.107	1.401	1.126	0.275	0.505	0.355	0.15	-3.75	1926.932		0
ZINC00921243_45	1GJ6.pdb_1H4W.pdb_1QBN.pdb	746	0.477	0.364	0.112	1.25	0.989	0.261	0.531	0.366	0.165	-4.155	1987.922		0
ZINC03969679_187	1GJ6.pdb_1H4W.pdb_1QBN.pdb	742	0.477	0.368	0.109	1.555	1.247	0.307	0.488	0.343	0.145	-3.61	1856.717		0
ZINC00902581_101	1GJ6.pdb_1H4W.pdb_1QBN.pdb	758	0.477	0.363	0.114	1.264	1.0	0.264	0.53	0.364	0.166	-4.189	1978.782		0
ZINC02560933_23	1GJ6.pdb_1H4W.pdb_1QBN.pdb	757	0.477	0.4	0.077	1.603	1.39	0.213	0.467	0.359	0.108	-2.703	1942.431		0
ZINC03974842_50	1GJ6.pdb_1H4W.pdb_1QBN.pdb	756	0.477	0.331	0.146	1.351	0.973	0.378	0.526	0.334	0.192	-4.809	1813.273		0
ZINC03834181_80	1GJ6.pdb_1H4W.pdb_1QBN.pdb	754	0.477	0.331	0.146	1.419	1.057	0.362	0.522	0.325	0.197	-4.936	1761.955		1
ZINC03416473_9	1GJ6.pdb_1H4W.pdb_1QBN.pdb	753	0.477	0.341	0.136	1.536	1.18	0.356	0.505	0.324	0.181	-4.529	1751.089		0
ZINC02389477_29	1GJ6.pdb_1H4W.pdb_1QBN.pdb	755	0.477	0.361	0.116	1.428	1.137	0.291	0.508	0.346	0.161	-4.048	1876.384		0
ZINC01070385_194	1GJ6.pdb_1H4W.pdb_1QBN.pdb	759	0.477	0.331	0.146	1.367	1.029	0.339	0.533	0.328	0.205	-5.156	1776.956		0
ZINC04400044_111	1GJ6.pdb_1H4W.pdb_1QBN.pdb	770	0.476	0.392	0.084	1.458	1.219	0.239	0.481	0.366	0.115	-2.874	1984.154		0
ZINC03345168_88	1GJ6.pdb_1H4W.pdb_1QBN.pdb	769	0.476	0.32	0.156	1.293	0.952	0.341	0.549	0.326	0.223	-5.633	1767.791		0
ZINC02193238_34	1GJ6.pdb_1H4W.pdb_1QBN.pdb	768	0.476	0.38	0.096	1.413	1.14	0.273	0.491	0.363	0.128	-3.205	1968.189		0
ZINC01782993_49	1GJ6.pdb_1H4W.pdb_1QBN.pdb	767	0.476	0.383	0.092	1.324	1.084	0.24	0.503	0.372	0.131	-3.277	2019.84		0
ZINC03828761_35	1GJ6.pdb_1H4W.pdb_1QBN.pdb	766	0.476	0.365	0.111	1.336	1.077	0.259	0.519	0.356	0.163	-4.1	1932.021		0
ZINC04620315_144	1GJ6.pdb_1H4W.pdb_1QBN.pdb	765	0.476	0.388	0.088	1.343	1.126	0.217	0.5	0.372	0.128	-3.225	2017.489		0
ZINC03987229_59	1GJ6.pdb_1H4W.pdb_1QBN.pdb	774	0.476	0.346	0.13	1.434	1.093	0.342	0.51	0.336	0.174	-4.342	1823.237		0
ZINC01854025_102	1GJ6.pdb_1H4W.pdb_1QBN.pdb	773	0.476	0.391	0.085	1.381	1.191	0.19	0.502	0.368	0.134	-3.378	1993.713		0
ZINC03800699_167	1GJ6.pdb_1H4W.pdb_1QBN.pdb	772	0.476	0.307	0.168	1.548	1.072	0.476	0.508	0.301	0.207	-5.146	1628.535		0
ZINC03517672_194	1GJ6.pdb_1H4W.pdb_1QBN.pdb	771	0.476	0.411	0.065	1.39	1.199	0.191	0.474	0.385	0.09	-2.243	2084.993		0
ZINC03627213_162	1GJ6.pdb_1H4W.pdb_1QBN.pdb	761	0.476	0.356	0.121	1.323	1.031	0.292	0.522	0.352	0.17	-4.281	1909.6		0
ZINC03800681_57	1GJ6.pdb_1H4W.pdb_1QBN.pdb	762	0.476	0.333	0.143	1.372	1.0	0.372	0.522	0.334	0.189	-4.723	1810.298		0
ZINC03600291_68	1GJ6.pdb_1H4W.pdb_1QBN.pdb	763	0.476	0.331	0.145	1.573	1.161	0.412	0.5	0.317	0.183	-4.565	1712.442		0
ZINC03867408_82	1GJ6.pdb_1H4W.pdb_1QBN.pdb	764	0.476	0.401	0.076	1.485	1.276	0.209	0.475	0.369	0.106	-2.654	1995.612		0
ZINC02160757_158	1GJ6.pdb_1H4W.pdb_1QBN.pdb	775	0.476	0.369	0.106	1.365	1.084	0.281	0.505	0.359	0.146	-3.657	1948.243		0
ZINC02138809_188	1GJ6.pdb_1H4W.pdb_1QBN.pdb	776	0.476	0.348	0.128	1.335	1.028	0.307	0.524	0.345	0.179	-4.502	1872.755		0
ZINC03933550_14	1GJ6.pdb_1H4W.pdb_1QBN.pdb	777	0.476	0.346	0.13	1.313	1.0	0.313	0.529	0.347	0.182	-4.569	1885.476		0
ZINC03834186_64	1GJ6.pdb_1H4W.pdb_1QBN.pdb	778	0.476	0.356	0.12	1.535	1.202	0.334	0.493	0.336	0.157	-3.919	1819.685		1
ZINC00921218_60	1GJ6.pdb_1H4W.pdb_1QBN.pdb	786	0.475	0.357	0.119	1.281	0.985	0.297	0.524	0.359	0.165	-4.146	1949.569		0
ZINC03973552_35	1GJ6.pdb_1H4W.pdb_1QBN.pdb	785	0.475	0.362	0.113	1.291	1.025	0.266	0.523	0.359	0.164	-4.137	1947.881		0
ZINC02616929_1	1GJ6.pdb_1H4W.pdb_1QBN.pdb	784	0.475	0.318	0.157	1.492	1.052	0.44	0.509	0.313	0.196	-4.875	1696.576		0
ZINC04627709_75	1GJ6.pdb_1H4W.pdb_1QBN.pdb	783	0.475	0.354	0.12	1.33	1.038	0.292	0.52	0.35	0.17	-4.273	1898.381		0
ZINC00974317_69	1GJ6.pdb_1H4W.pdb_1QBN.pdb	787	0.475	0.367	0.109	1.412	1.134	0.278	0.503	0.352	0.151	-3.795	1905.187		0
ZINC03637651_192	1GJ6.pdb_1H4W.pdb_1QBN.pdb	788	0.475	0.38	0.095	1.48	1.26	0.22	0.496	0.352	0.144	-3.621	1905.762		0
ZINC04236709_132	1GJ6.pdb_1H4W.pdb_1QBN.pdb	792	0.475	0.356	0.118	1.354	1.053	0.301	0.513	0.35	0.164	-4.099	1898.047		0
ZINC02130850_154	1GJ6.pdb_1H4W.pdb_1QBN.pdb	791	0.475	0.38	0.095	1.354	1.119	0.235	0.503	0.366	0.137	-3.445	1983.292		0
ZINC02847030_173	1GJ6.pdb_1H4W.pdb_1QBN.pdb	779	0.475	0.32	0.155	1.452	1.087	0.365	0.525	0.312	0.212	-5.333	1690.896		0
ZINC01909188_154	1GJ6.pdb_1H4W.pdb_1QBN.pdb	780	0.475	0.315	0.16	1.236	0.909	0.327	0.563	0.325	0.238	-6.019	1766.925		0
ZINC00902651_140	1GJ6.pdb_1H4W.pdb_1QBN.pdb	781	0.475	0.368	0.107	1.249	1.0	0.249	0.527	0.369	0.157	-3.958	2008.44		0
ZINC03890510_46	1GJ6.pdb_1H4W.pdb_1QBN.pdb	782	0.475	0.369	0.106	1.307	1.053	0.254	0.516	0.362	0.154	-3.866	1966.993		0
ZINC03446996_192	1GJ6.pdb_1H4W.pdb_1QBN.pdb	789	0.475	0.338	0.137	1.636	1.211	0.425	0.488	0.319	0.168	-4.184	1726.732		0
ZINC03914355_34	1GJ6.pdb_1H4W.pdb_1QBN.pdb	790	0.475	0.344	0.131	1.211	0.957	0.254	0.561	0.349	0.212	-5.397	1898.606		0
ZINC03867341_26	1GJ6.pdb_1H4W.pdb_1QBN.pdb	796	0.474	0.373	0.101	1.347	1.087	0.26	0.504	0.362	0.142	-3.555	1965.253		0
ZINC00576565_188	1GJ6.pdb_1H4W.pdb_1QBN.pdb	795	0.474	0.377	0.097	1.395	1.144	0.251	0.496	0.36	0.136	-3.416	1949.641		0
ZINC03987619_191	1GJ6.pdb_1H4W.pdb_1QBN.pdb	799	0.474	0.382	0.092	1.313	1.099	0.214	0.509	0.369	0.14	-3.532	2001.882		0
ZINC03968466_153	1GJ6.pdb_1H4W.pdb_1QBN.pdb	800	0.474	0.36	0.113	1.297	1.043	0.254	0.525	0.355	0.17	-4.279	1927.75		0
ZINC04627706_5	1GJ6.pdb_1H4W.pdb_1QBN.pdb	815	0.474	0.387	0.087	1.362	1.16	0.202	0.5	0.367	0.133	-3.349	1990.102		0
ZINC03838231_91	1GJ6.pdb_1H4W.pdb_1QBN.pdb	797	0.474	0.33	0.144	1.36	1.018	0.341	0.527	0.328	0.199	-4.99	1780.386		0
ZINC02130564_160	1GJ6.pdb_1H4W.pdb_1QBN.pdb	794	0.474	0.359	0.115	1.332	1.052	0.28	0.516	0.353	0.164	-4.108	1914.814		0
ZINC03406080_30	1GJ6.pdb_1H4W.pdb_1QBN.pdb	793	0.474	0.358	0.116	1.399	1.119	0.28	0.51	0.345	0.166	-4.165	1868.045		0
ZINC01865097_59	1GJ6.pdb_1H4W.pdb_1QBN.pdb	805	0.474	0.369	0.104	1.438	1.158	0.28	0.494	0.352	0.142	-3.558	1905.364		0
ZINC01893381_105	1GJ6.pdb_1H4W.pdb_1QBN.pdb	806	0.474	0.344	0.13	1.477	1.135	0.342	0.504	0.331	0.173	-4.339	1790.395		0
ZINC02161467_184	1GJ6.pdb_1H4W.pdb_1QBN.pdb	807	0.474	0.334	0.14	1.419	1.075	0.344	0.518	0.327	0.191	-4.799	1769.292		0
ZINC03852887_41	1GJ6.pdb_1H4W.pdb_1QBN.pdb	808	0.474	0.326	0.148	1.367	1.0	0.367	0.525	0.325	0.2	-5.003	1764.118		0
ZINC03422557_77	1GJ6.pdb_1H4W.pdb_1QBN.pdb	809	0.474	0.344	0.13	1.476	1.133	0.343	0.504	0.33	0.174	-4.348	1787.659		0
ZINC03533360_141	1GJ6.pdb_1H4W.pdb_1QBN.pdb	810	0.474	0.364	0.11	1.439	1.13	0.309	0.495	0.35	0.146	-3.643	1894.249		0
ZINC04236675_92	1GJ6.pdb_1H4W.pdb_1QBN.pdb	811	0.474	0.345	0.129	1.408	1.069	0.339	0.509	0.337	0.172	-4.3	1829.304		0
ZINC03350269_120	1GJ6.pdb_1H4W.pdb_1QBN.pdb	812	0.474	0.35	0.124	1.364	1.05	0.314	0.515	0.344	0.171	-4.282	1867.31		0
ZINC03352883_18	1GJ6.pdb_1H4W.pdb_1QBN.pdb	813	0.474	0.361	0.113	1.419	1.132	0.288	0.504	0.347	0.157	-3.932	1878.511		0
ZINC03851685_19	1GJ6.pdb_1H4W.pdb_1QBN.pdb	814	0.474	0.374	0.1	1.484	1.213	0.271	0.488	0.351	0.137	-3.439	1899.134		0
ZINC04619495_82	1GJ6.pdb_1H4W.pdb_1QBN.pdb	798	0.474	0.38	0.094	1.246	1.021	0.225	0.516	0.377	0.139	-3.506	2047.81		0
ZINC02693579_107	1GJ6.pdb_1H4W.pdb_1QBN.pdb	801	0.474	0.332	0.141	1.43	1.063	0.367	0.513	0.326	0.187	-4.68	1764.881		0
ZINC00973903_107	1GJ6.pdb_1H4W.pdb_1QBN.pdb	804	0.474	0.365	0.109	1.419	1.158	0.261	0.506	0.348	0.158	-3.974	1882.453		0
ZINC00771641_111	1GJ6.pdb_1H4W.pdb_1QBN.pdb	803	0.474	0.354	0.12	1.266	0.986	0.28	0.529	0.355	0.173	-4.366	1931.738		0
ZINC03977167_14	1GJ6.pdb_1H4W.pdb_1QBN.pdb	802	0.474	0.333	0.141	1.369	1.063	0.306	0.534	0.327	0.207	-5.234	1771.73		0
ZINC03606133_180	1GJ6.pdb_1H4W.pdb_1QBN.pdb	825	0.473	0.312	0.161	1.314	0.978	0.336	0.55	0.314	0.236	-5.96	1705.193		0
ZINC02221828_150	1GJ6.pdb_1H4W.pdb_1QBN.pdb	824	0.473	0.347	0.126	1.349	1.044	0.305	0.52	0.342	0.178	-4.467	1853.592		0
ZINC02129135_2	1GJ6.pdb_1H4W.pdb_1QBN.pdb	827	0.473	0.348	0.126	1.362	1.059	0.303	0.518	0.341	0.177	-4.451	1848.891		0
ZINC03325422_157	1GJ6.pdb_1H4W.pdb_1QBN.pdb	826	0.473	0.313	0.16	1.468	1.044	0.424	0.513	0.309	0.204	-5.103	1672.915		0
ZINC03891128_25	1GJ6.pdb_1H4W.pdb_1QBN.pdb	817	0.473	0.366	0.107	1.338	1.111	0.227	0.521	0.353	0.168	-4.254	1915.608		0
ZINC03814028_192	1GJ6.pdb_1H4W.pdb_1QBN.pdb	816	0.473	0.353	0.12	1.444	1.125	0.318	0.501	0.34	0.162	-4.043	1840.221		0
ZINC03992834_69	1GJ6.pdb_1H4W.pdb_1QBN.pdb	819	0.473	0.368	0.106	1.418	1.164	0.254	0.503	0.35	0.154	-3.861	1893.273		0
ZINC01910166_159	1GJ6.pdb_1H4W.pdb_1QBN.pdb	823	0.473	0.354	0.119	1.403	1.125	0.277	0.512	0.341	0.172	-4.321	1844.703		0
ZINC03528794_25	1GJ6.pdb_1H4W.pdb_1QBN.pdb	822	0.473	0.36	0.113	1.504	1.173	0.331	0.489	0.342	0.147	-3.662	1851.193		0
ZINC03625422_36	1GJ6.pdb_1H4W.pdb_1QBN.pdb	820	0.473	0.341	0.132	1.419	1.123	0.296	0.522	0.328	0.193	-4.877	1778.116		0
ZINC04003611_40	1GJ6.pdb_1H4W.pdb_1QBN.pdb	821	0.473	0.298	0.175	1.415	1.009	0.405	0.533	0.297	0.235	-5.91	1610.25		0
ZINC02693577_118	1GJ6.pdb_1H4W.pdb_1QBN.pdb	818	0.473	0.332	0.142	1.431	1.063	0.368	0.512	0.325	0.187	-4.678	1762.596		0
ZINC03444529_134	1GJ6.pdb_1H4W.pdb_1QBN.pdb	832	0.472	0.337	0.135	1.567	1.156	0.411	0.489	0.322	0.167	-4.154	1744.676		0
ZINC04080451_97	1GJ6.pdb_1H4W.pdb_1QBN.pdb	833	0.472	0.33	0.142	1.343	1.018	0.325	0.53	0.328	0.201	-5.07	1779.313		0
ZINC03820048_110	1GJ6.pdb_1H4W.pdb_1QBN.pdb	834	0.472	0.358	0.113	1.521	1.203	0.318	0.488	0.338	0.15	-3.733	1828.742		0
ZINC03852886_13	1GJ6.pdb_1H4W.pdb_1QBN.pdb	831	0.472	0.345	0.127	1.369	1.05	0.319	0.513	0.34	0.174	-4.35	1842.669		0
ZINC03447479_194	1GJ6.pdb_1H4W.pdb_1QBN.pdb	830	0.472	0.347	0.125	1.463	1.101	0.362	0.497	0.336	0.161	-4.003	1820.845		0
ZINC03269986_78	1GJ6.pdb_1H4W.pdb_1QBN.pdb	828	0.472	0.333	0.14	1.53	1.124	0.406	0.497	0.321	0.176	-4.384	1736.214		0
ZINC02952670_47	1GJ6.pdb_1H4W.pdb_1QBN.pdb	829	0.472	0.321	0.151	1.354	0.982	0.372	0.526	0.323	0.203	-5.08	1752.164		0
ZINC03422554_104	1GJ6.pdb_1H4W.pdb_1QBN.pdb	841	0.472	0.35	0.122	1.473	1.149	0.324	0.499	0.335	0.164	-4.106	1812.909		0
ZINC04191513_97	1GJ6.pdb_1H4W.pdb_1QBN.pdb	839	0.472	0.374	0.098	1.512	1.247	0.265	0.483	0.348	0.135	-3.366	1882.725		0
ZINC04217907_139	1GJ6.pdb_1H4W.pdb_1QBN.pdb	840	0.472	0.354	0.117	1.478	1.166	0.312	0.495	0.337	0.158	-3.956	1825.681		0
ZINC03818898_187	1GJ6.pdb_1H4W.pdb_1QBN.pdb	837	0.472	0.341	0.131	1.487	1.143	0.344	0.502	0.327	0.174	-4.362	1771.956		0
ZINC03530555_126	1GJ6.pdb_1H4W.pdb_1QBN.pdb	835	0.472	0.364	0.107	1.466	1.167	0.299	0.49	0.346	0.144	-3.591	1875.646		0
ZINC04383607_183	1GJ6.pdb_1H4W.pdb_1QBN.pdb	838	0.472	0.336	0.136	1.355	1.015	0.341	0.52	0.334	0.185	-4.648	1812.354		0
ZINC01095751_86	1GJ6.pdb_1H4W.pdb_1QBN.pdb	836	0.472	0.35	0.121	1.493	1.155	0.338	0.494	0.335	0.159	-3.975	1811.459		0
ZINC01814861_188	1GJ6.pdb_1H4W.pdb_1QBN.pdb	843	0.471	0.361	0.11	1.403	1.093	0.31	0.496	0.35	0.146	-3.636	1897.085		0
ZINC01494539_73	1GJ6.pdb_1H4W.pdb_1QBN.pdb	847	0.471	0.364	0.107	1.419	1.133	0.286	0.495	0.349	0.145	-3.632	1893.16		0
ZINC03325415_141	1GJ6.pdb_1H4W.pdb_1QBN.pdb	848	0.471	0.339	0.131	1.466	1.109	0.357	0.5	0.328	0.172	-4.29	1778.361		0
ZINC03990230_177	1GJ6.pdb_1H4W.pdb_1QBN.pdb	849	0.471	0.353	0.117	1.438	1.14	0.298	0.501	0.339	0.162	-4.064	1833.497		0
ZINC00904732_76	1GJ6.pdb_1H4W.pdb_1QBN.pdb	846	0.471	0.377	0.094	1.488	1.209	0.279	0.478	0.354	0.124	-3.092	1918.405		0
ZINC03807321_145	1GJ6.pdb_1H4W.pdb_1QBN.pdb	842	0.471	0.311	0.16	1.481	1.072	0.409	0.512	0.305	0.208	-5.193	1649.006		0
ZINC03406204_175	1GJ6.pdb_1H4W.pdb_1QBN.pdb	845	0.471	0.365	0.106	1.54	1.229	0.311	0.48	0.342	0.138	-3.447	1847.797		0
ZINC03867781_61	1GJ6.pdb_1H4W.pdb_1QBN.pdb	844	0.471	0.342	0.129	1.443	1.132	0.311	0.51	0.329	0.181	-4.544	1780.67		0
ZINC02002151_85	1GJ6.pdb_1H4W.pdb_1QBN.pdb	854	0.471	0.332	0.139	1.423	1.041	0.382	0.507	0.327	0.18	-4.486	1774.645		0
ZINC04354832_169	1GJ6.pdb_1H4W.pdb_1QBN.pdb	855	0.471	0.331	0.14	1.395	1.062	0.334	0.519	0.325	0.194	-4.875	1760.579		0
ZINC00883537_35	1GJ6.pdb_1H4W.pdb_1QBN.pdb	853	0.471	0.366	0.104	1.422	1.126	0.296	0.491	0.352	0.139	-3.471	1908.027		0
ZINC02656913_22	1GJ6.pdb_1H4W.pdb_1QBN.pdb	852	0.471	0.333	0.138	1.452	1.108	0.344	0.51	0.323	0.187	-4.689	1748.372		0
ZINC03977164_132	1GJ6.pdb_1H4W.pdb_1QBN.pdb	851	0.471	0.358	0.113	1.274	1.02	0.254	0.525	0.355	0.17	-4.278	1927.813		0
ZINC01489009_156	1GJ6.pdb_1H4W.pdb_1QBN.pdb	850	0.471	0.356	0.115	1.435	1.112	0.323	0.495	0.344	0.152	-3.79	1862.2		0
ZINC02712542_34	1GJ6.pdb_1H4W.pdb_1QBN.pdb	860	0.47	0.309	0.161	1.364	1.0	0.364	0.534	0.31	0.225	-5.654	1678.036		0
ZINC00902604_7	1GJ6.pdb_1H4W.pdb_1QBN.pdb	862	0.47	0.354	0.116	1.288	1.01	0.278	0.519	0.353	0.165	-4.157	1918.296		0
ZINC03937550_43	1GJ6.pdb_1H4W.pdb_1QBN.pdb	865	0.47	0.341	0.129	1.327	1.029	0.298	0.522	0.338	0.184	-4.642	1832.479		0
ZINC01092149_196	1GJ6.pdb_1H4W.pdb_1QBN.pdb	856	0.47	0.339	0.131	1.467	1.105	0.362	0.499	0.329	0.17	-4.251	1780.931		0
ZINC03506067_169	1GJ6.pdb_1H4W.pdb_1QBN.pdb	857	0.47	0.34	0.13	1.621	1.194	0.427	0.48	0.322	0.158	-3.926	1741.228		0
ZINC02658228_142	1GJ6.pdb_1H4W.pdb_1QBN.pdb	859	0.47	0.34	0.13	1.376	1.049	0.327	0.512	0.334	0.178	-4.461	1813.462		0
ZINC02372106_24	1GJ6.pdb_1H4W.pdb_1QBN.pdb	858	0.47	0.376	0.094	1.427	1.175	0.252	0.486	0.356	0.131	-3.272	1926.677		0
ZINC04627362_51	1GJ6.pdb_1H4W.pdb_1QBN.pdb	861	0.47	0.332	0.139	1.371	1.052	0.319	0.524	0.326	0.197	-4.968	1767.842		0
ZINC02450445_35	1GJ6.pdb_1H4W.pdb_1QBN.pdb	864	0.47	0.347	0.124	1.398	1.114	0.284	0.514	0.335	0.179	-4.514	1814.449		0
ZINC03346847_2	1GJ6.pdb_1H4W.pdb_1QBN.pdb	863	0.47	0.317	0.153	1.417	1.009	0.408	0.512	0.316	0.196	-4.9	1714.436		0
ZINC02221824_99	1GJ6.pdb_1H4W.pdb_1QBN.pdb	867	0.469	0.356	0.113	1.339	1.064	0.276	0.509	0.348	0.161	-4.047	1888.944		0
ZINC02616762_70	1GJ6.pdb_1H4W.pdb_1QBN.pdb	882	0.469	0.346	0.123	1.395	1.069	0.326	0.504	0.339	0.165	-4.136	1835.81		0
ZINC03398646_198	1GJ6.pdb_1H4W.pdb_1QBN.pdb	881	0.469	0.382	0.086	1.546	1.283	0.263	0.466	0.352	0.114	-2.84	1906.18		0
ZINC03800681_1	1GJ6.pdb_1H4W.pdb_1QBN.pdb	880	0.469	0.333	0.136	1.355	1.0	0.355	0.513	0.334	0.18	-4.5	1810.079		0
ZINC01631935_166	1GJ6.pdb_1H4W.pdb_1QBN.pdb	883	0.469	0.37	0.099	1.383	1.141	0.242	0.497	0.353	0.144	-3.614	1915.633		0
ZINC01865099_189	1GJ6.pdb_1H4W.pdb_1QBN.pdb	870	0.469	0.358	0.111	1.431	1.134	0.298	0.495	0.344	0.151	-3.78	1860.996		0
ZINC02929230_33	1GJ6.pdb_1H4W.pdb_1QBN.pdb	868	0.469	0.339	0.13	1.489	1.108	0.381	0.493	0.328	0.165	-4.114	1774.603		0
ZINC04528694_63	1GJ6.pdb_1H4W.pdb_1QBN.pdb	869	0.469	0.329	0.14	1.338	0.989	0.349	0.52	0.33	0.19	-4.766	1791.91		0
ZINC02686580_185	1GJ6.pdb_1H4W.pdb_1QBN.pdb	866	0.469	0.342	0.128	1.373	1.036	0.337	0.508	0.338	0.171	-4.272	1830.957		0
ZINC04103307_38	1GJ6.pdb_1H4W.pdb_1QBN.pdb	871	0.469	0.376	0.093	1.279	1.075	0.204	0.512	0.366	0.146	-3.689	1987.604		0
ZINC00764212_10	1GJ6.pdb_1H4W.pdb_1QBN.pdb	872	0.469	0.389	0.08	1.405	1.184	0.221	0.479	0.367	0.112	-2.808	1987.072		0
ZINC03838485_59	1GJ6.pdb_1H4W.pdb_1QBN.pdb	873	0.469	0.305	0.163	1.458	1.06	0.398	0.517	0.3	0.217	-5.432	1624.943		0
ZINC01532447_112	1GJ6.pdb_1H4W.pdb_1QBN.pdb	874	0.469	0.371	0.099	1.493	1.195	0.298	0.478	0.349	0.129	-3.211	1891.615		0
ZINC02959435_119	1GJ6.pdb_1H4W.pdb_1QBN.pdb	878	0.469	0.335	0.134	1.531	1.164	0.368	0.494	0.32	0.174	-4.34	1730.066		0
ZINC00921220_94	1GJ6.pdb_1H4W.pdb_1QBN.pdb	877	0.469	0.351	0.118	1.269	0.974	0.295	0.519	0.355	0.164	-4.124	1927.926		0
ZINC03867942_185	1GJ6.pdb_1H4W.pdb_1QBN.pdb	876	0.469	0.316	0.154	1.512	1.116	0.395	0.506	0.306	0.201	-5.024	1652.928		0
ZINC03319105_44	1GJ6.pdb_1H4W.pdb_1QBN.pdb	875	0.469	0.382	0.087	1.481	1.243	0.238	0.476	0.355	0.121	-3.019	1922.65		0
ZINC01541286_121	1GJ6.pdb_1H4W.pdb_1QBN.pdb	879	0.469	0.363	0.106	1.506	1.222	0.285	0.485	0.341	0.145	-3.615	1843.723		0
ZINC03968597_55	1GJ6.pdb_1H4W.pdb_1QBN.pdb	894	0.468	0.332	0.137	1.492	1.116	0.376	0.497	0.321	0.177	-4.418	1734.895		0
ZINC02129008_80	1GJ6.pdb_1H4W.pdb_1QBN.pdb	891	0.468	0.324	0.144	1.437	1.069	0.368	0.509	0.318	0.191	-4.788	1721.161		0
ZINC03814069_103	1GJ6.pdb_1H4W.pdb_1QBN.pdb	892	0.468	0.327	0.141	1.455	1.087	0.368	0.505	0.319	0.187	-4.674	1725.131		0
ZINC03649937_13	1GJ6.pdb_1H4W.pdb_1QBN.pdb	890	0.468	0.35	0.118	1.442	1.156	0.286	0.501	0.335	0.166	-4.181	1811.194		0
ZINC03951910_23	1GJ6.pdb_1H4W.pdb_1QBN.pdb	889	0.468	0.3	0.168	1.389	1.025	0.364	0.536	0.297	0.239	-6.014	1610.158		0
ZINC03840243_163	1GJ6.pdb_1H4W.pdb_1QBN.pdb	887	0.468	0.309	0.159	1.326	0.953	0.373	0.531	0.314	0.217	-5.45	1702.717		0
ZINC04356242_195	1GJ6.pdb_1H4W.pdb_1QBN.pdb	888	0.468	0.359	0.109	1.36	1.093	0.267	0.503	0.348	0.155	-3.9	1887.367		0
ZINC03832371_114	1GJ6.pdb_1H4W.pdb_1QBN.pdb	893	0.468	0.332	0.137	1.261	0.935	0.327	0.53	0.339	0.19	-4.778	1844.73		1
ZINC03387210_162	1GJ6.pdb_1H4W.pdb_1QBN.pdb	896	0.468	0.386	0.083	1.494	1.267	0.227	0.472	0.357	0.115	-2.876	1930.964		0
ZINC04236637_159	1GJ6.pdb_1H4W.pdb_1QBN.pdb	897	0.468	0.366	0.102	1.309	1.056	0.253	0.506	0.359	0.147	-3.689	1948.05		0
ZINC03652389_120	1GJ6.pdb_1H4W.pdb_1QBN.pdb	898	0.468	0.322	0.146	1.561	1.14	0.42	0.492	0.31	0.182	-4.544	1674.579		0
ZINC00761819_23	1GJ6.pdb_1H4W.pdb_1QBN.pdb	895	0.468	0.375	0.093	1.465	1.185	0.281	0.476	0.354	0.122	-3.034	1919.408		0
ZINC04529203_29	1GJ6.pdb_1H4W.pdb_1QBN.pdb	886	0.468	0.304	0.164	1.451	1.056	0.395	0.518	0.299	0.219	-5.499	1618.827		0
ZINC03815827_105	1GJ6.pdb_1H4W.pdb_1QBN.pdb	884	0.468	0.364	0.104	1.256	1.0	0.256	0.513	0.364	0.149	-3.738	1978.16		1
ZINC03818515_37	1GJ6.pdb_1H4W.pdb_1QBN.pdb	885	0.468	0.36	0.108	1.435	1.112	0.323	0.487	0.347	0.14	-3.484	1881.73		0
ZINC03972587_4	1GJ6.pdb_1H4W.pdb_1QBN.pdb	899	0.467	0.355	0.113	1.22	0.956	0.264	0.524	0.36	0.164	-4.123	1960.73		0
ZINC04200773_139	1GJ6.pdb_1H4W.pdb_1QBN.pdb	900	0.467	0.37	0.097	1.337	1.074	0.263	0.494	0.36	0.133	-3.337	1956.034		0
ZINC03987224_26	1GJ6.pdb_1H4W.pdb_1QBN.pdb	901	0.467	0.353	0.114	1.414	1.111	0.303	0.495	0.341	0.154	-3.852	1849.824		0
ZINC02967871_197	1GJ6.pdb_1H4W.pdb_1QBN.pdb	902	0.467	0.362	0.105	1.325	1.055	0.27	0.502	0.355	0.147	-3.683	1925.969		0
ZINC04161152_165	1GJ6.pdb_1H4W.pdb_1QBN.pdb	905	0.467	0.377	0.09	1.513	1.268	0.245	0.473	0.349	0.124	-3.108	1889.133		0
ZINC00842632_5	1GJ6.pdb_1H4W.pdb_1QBN.pdb	906	0.467	0.403	0.064	1.448	1.261	0.187	0.46	0.372	0.088	-2.199	2014.678		0
ZINC03449603_158	1GJ6.pdb_1H4W.pdb_1QBN.pdb	910	0.467	0.377	0.09	1.447	1.178	0.269	0.476	0.356	0.119	-2.977	1929.93		0
ZINC02345452_68	1GJ6.pdb_1H4W.pdb_1QBN.pdb	909	0.467	0.342	0.125	1.326	1.035	0.291	0.519	0.338	0.18	-4.537	1834.489		0
ZINC04202240_191	1GJ6.pdb_1H4W.pdb_1QBN.pdb	908	0.467	0.319	0.148	1.487	1.103	0.384	0.504	0.309	0.195	-4.871	1673.773		0
ZINC03990227_71	1GJ6.pdb_1H4W.pdb_1QBN.pdb	907	0.467	0.34	0.127	1.442	1.108	0.335	0.499	0.329	0.17	-4.246	1783.255		0
ZINC03823293_162	1GJ6.pdb_1H4W.pdb_1QBN.pdb	914	0.467	0.357	0.11	1.551	1.2	0.351	0.475	0.337	0.139	-3.45	1822.074		0
ZINC02964627_62	1GJ6.pdb_1H4W.pdb_1QBN.pdb	913	0.467	0.37	0.097	1.367	1.104	0.263	0.491	0.358	0.133	-3.338	1940.267		0
ZINC04188463_84	1GJ6.pdb_1H4W.pdb_1QBN.pdb	912	0.467	0.362	0.105	1.591	1.294	0.297	0.474	0.335	0.14	-3.484	1809.765		0
ZINC04103307_62	1GJ6.pdb_1H4W.pdb_1QBN.pdb	911	0.467	0.387	0.08	1.269	1.096	0.173	0.504	0.374	0.13	-3.301	2031.696		0
ZINC03342986_102	1GJ6.pdb_1H4W.pdb_1QBN.pdb	903	0.467	0.383	0.083	1.319	1.124	0.194	0.495	0.368	0.127	-3.206	1995.246		0
ZINC03818583_89	1GJ6.pdb_1H4W.pdb_1QBN.pdb	904	0.467	0.343	0.124	1.359	1.032	0.327	0.506	0.34	0.166	-4.153	1842.056		0
ZINC02415381_124	1GJ6.pdb_1H4W.pdb_1QBN.pdb	921	0.466	0.361	0.104	1.367	1.1	0.267	0.496	0.35	0.146	-3.657	1897.493		0
ZINC03582941_58	1GJ6.pdb_1H4W.pdb_1QBN.pdb	920	0.466	0.369	0.097	1.545	1.254	0.292	0.47	0.344	0.126	-3.145	1859.232		0
ZINC01840042_33	1GJ6.pdb_1H4W.pdb_1QBN.pdb	915	0.466	0.394	0.071	1.392	1.194	0.198	0.471	0.37	0.101	-2.517	2007.161		0
ZINC02604896_33	1GJ6.pdb_1H4W.pdb_1QBN.pdb	919	0.466	0.349	0.117	1.352	1.098	0.254	0.517	0.339	0.179	-4.513	1836.277		0
ZINC00841069_169	1GJ6.pdb_1H4W.pdb_1QBN.pdb	925	0.466	0.333	0.133	1.362	1.012	0.349	0.509	0.332	0.178	-4.44	1799.262		0
ZINC02967870_66	1GJ6.pdb_1H4W.pdb_1QBN.pdb	922	0.466	0.35	0.115	1.322	1.029	0.293	0.507	0.347	0.16	-4.007	1881.741		0
ZINC04252070_105	1GJ6.pdb_1H4W.pdb_1QBN.pdb	926	0.466	0.356	0.11	1.576	1.226	0.35	0.472	0.334	0.138	-3.44	1806.388		0
ZINC03890067_196	1GJ6.pdb_1H4W.pdb_1QBN.pdb	927	0.466	0.327	0.138	1.382	1.052	0.33	0.514	0.322	0.192	-4.825	1745.178		0
ZINC03819552_35	1GJ6.pdb_1H4W.pdb_1QBN.pdb	929	0.466	0.326	0.14	1.424	1.103	0.321	0.515	0.316	0.198	-4.99	1712.937		0
ZINC03427469_108	1GJ6.pdb_1H4W.pdb_1QBN.pdb	928	0.466	0.365	0.101	1.53	1.207	0.323	0.471	0.344	0.128	-3.18	1859.677		0
ZINC03944241_67	1GJ6.pdb_1H4W.pdb_1QBN.pdb	930	0.466	0.373	0.092	1.315	1.064	0.251	0.492	0.365	0.127	-3.186	1982.18		0
ZINC03917353_182	1GJ6.pdb_1H4W.pdb_1QBN.pdb	931	0.466	0.335	0.132	1.413	1.068	0.345	0.503	0.328	0.175	-4.385	1775.07		0
ZINC00596915_61	1GJ6.pdb_1H4W.pdb_1QBN.pdb	932	0.466	0.374	0.092	1.373	1.167	0.206	0.497	0.355	0.143	-3.602	1921.193		0
ZINC02970965_58	1GJ6.pdb_1H4W.pdb_1QBN.pdb	933	0.466	0.359	0.107	1.385	1.098	0.286	0.493	0.348	0.145	-3.634	1886.863		0
ZINC03867367_89	1GJ6.pdb_1H4W.pdb_1QBN.pdb	923	0.466	0.326	0.14	1.394	1.061	0.334	0.515	0.32	0.194	-4.885	1734.497		0
ZINC03533361_60	1GJ6.pdb_1H4W.pdb_1QBN.pdb	916	0.466	0.365	0.101	1.418	1.131	0.286	0.485	0.35	0.135	-3.371	1897.134		0
ZINC04355175_13	1GJ6.pdb_1H4W.pdb_1QBN.pdb	917	0.466	0.347	0.119	1.417	1.115	0.302	0.499	0.335	0.164	-4.122	1812.213		0
ZINC00975901_71	1GJ6.pdb_1H4W.pdb_1QBN.pdb	918	0.466	0.314	0.152	1.42	1.047	0.374	0.513	0.309	0.204	-5.113	1675.765		0
ZINC01551643_139	1GJ6.pdb_1H4W.pdb_1QBN.pdb	924	0.466	0.359	0.106	1.408	1.123	0.285	0.49	0.346	0.145	-3.619	1873.584		0
ZINC03393907_113	1GJ6.pdb_1H4W.pdb_1QBN.pdb	934	0.465	0.334	0.131	1.488	1.11	0.377	0.491	0.323	0.168	-4.177	1748.766		0
ZINC00906589_137	1GJ6.pdb_1H4W.pdb_1QBN.pdb	941	0.465	0.36	0.104	1.378	1.097	0.281	0.492	0.349	0.143	-3.564	1893.759		0
ZINC02234225_169	1GJ6.pdb_1H4W.pdb_1QBN.pdb	938	0.465	0.356	0.109	1.417	1.13	0.287	0.491	0.342	0.149	-3.721	1854.871		0
ZINC01889282_111	1GJ6.pdb_1H4W.pdb_1QBN.pdb	942	0.465	0.358	0.107	1.356	1.069	0.286	0.495	0.35	0.145	-3.636	1897.564		0
ZINC01124510_140	1GJ6.pdb_1H4W.pdb_1QBN.pdb	943	0.465	0.36	0.105	1.438	1.145	0.293	0.486	0.345	0.141	-3.521	1866.353		0
ZINC03867337_145	1GJ6.pdb_1H4W.pdb_1QBN.pdb	945	0.465	0.352	0.113	1.329	1.042	0.287	0.504	0.347	0.156	-3.922	1884.095		0
ZINC03295881_63	1GJ6.pdb_1H4W.pdb_1QBN.pdb	944	0.465	0.348	0.116	1.708	1.34	0.367	0.465	0.32	0.145	-3.615	1728.07		0
ZINC03344415_99	1GJ6.pdb_1H4W.pdb_1QBN.pdb	946	0.465	0.349	0.116	1.555	1.197	0.359	0.476	0.33	0.146	-3.627	1786.588		0
ZINC03355027_50	1GJ6.pdb_1H4W.pdb_1QBN.pdb	947	0.465	0.362	0.103	1.465	1.173	0.292	0.481	0.344	0.137	-3.426	1862.58		0
ZINC03914448_167	1GJ6.pdb_1H4W.pdb_1QBN.pdb	948	0.465	0.377	0.088	1.43	1.218	0.212	0.485	0.353	0.131	-3.307	1911.455		0
ZINC03969853_35	1GJ6.pdb_1H4W.pdb_1QBN.pdb	949	0.465	0.336	0.129	1.49	1.134	0.356	0.491	0.324	0.167	-4.18	1751.351		0
ZINC03963793_77	1GJ6.pdb_1H4W.pdb_1QBN.pdb	936	0.465	0.343	0.121	1.274	1.0	0.274	0.523	0.344	0.179	-4.51	1868.857		0
ZINC01911605_130	1GJ6.pdb_1H4W.pdb_1QBN.pdb	937	0.465	0.361	0.104	1.405	1.137	0.268	0.492	0.346	0.146	-3.656	1875.208		0
ZINC02618783_5	1GJ6.pdb_1H4W.pdb_1QBN.pdb	940	0.465	0.303	0.162	1.437	1.0	0.437	0.509	0.303	0.205	-5.127	1642.463		0
ZINC02131330_25	1GJ6.pdb_1H4W.pdb_1QBN.pdb	939	0.465	0.355	0.109	1.257	1.0	0.257	0.514	0.354	0.16	-4.027	1924.714		0
ZINC03819383_176	1GJ6.pdb_1H4W.pdb_1QBN.pdb	935	0.465	0.368	0.096	1.29	1.041	0.25	0.499	0.363	0.136	-3.405	1971.686		0
ZINC01539779_170	1GJ6.pdb_1H4W.pdb_1QBN.pdb	968	0.464	0.327	0.137	1.291	0.963	0.328	0.522	0.331	0.191	-4.793	1799.446		0
ZINC02345452_56	1GJ6.pdb_1H4W.pdb_1QBN.pdb	975	0.464	0.342	0.121	1.319	1.035	0.283	0.514	0.338	0.175	-4.409	1835.6		0
ZINC03665811_172	1GJ6.pdb_1H4W.pdb_1QBN.pdb	974	0.464	0.325	0.139	1.574	1.17	0.403	0.485	0.31	0.175	-4.353	1676.313		0
ZINC01549910_36	1GJ6.pdb_1H4W.pdb_1QBN.pdb	967	0.464	0.399	0.064	1.301	1.144	0.158	0.478	0.38	0.098	-2.461	2064.069		0
ZINC03821284_46	1GJ6.pdb_1H4W.pdb_1QBN.pdb	957	0.464	0.34	0.124	1.448	1.121	0.327	0.494	0.328	0.166	-4.152	1776.036		0
ZINC03972824_1	1GJ6.pdb_1H4W.pdb_1QBN.pdb	969	0.464	0.336	0.129	1.359	1.049	0.31	0.511	0.33	0.18	-4.526	1791.558		0
ZINC03889849_192	1GJ6.pdb_1H4W.pdb_1QBN.pdb	970	0.464	0.362	0.102	1.458	1.152	0.306	0.478	0.346	0.133	-3.302	1871.722		0
ZINC03344380_49	1GJ6.pdb_1H4W.pdb_1QBN.pdb	971	0.464	0.363	0.101	1.496	1.198	0.298	0.475	0.342	0.132	-3.295	1853.535		0
ZINC03438219_3	1GJ6.pdb_1H4W.pdb_1QBN.pdb	972	0.464	0.351	0.113	1.564	1.229	0.335	0.475	0.33	0.145	-3.619	1783.183		0
ZINC04619258_134	1GJ6.pdb_1H4W.pdb_1QBN.pdb	973	0.464	0.385	0.08	1.315	1.107	0.209	0.485	0.371	0.114	-2.852	2012.196		0
ZINC04161179_147	1GJ6.pdb_1H4W.pdb_1QBN.pdb	950	0.464	0.348	0.116	1.563	1.253	0.309	0.482	0.325	0.157	-3.924	1755.083		0
ZINC00588956_25	1GJ6.pdb_1H4W.pdb_1QBN.pdb	966	0.464	0.388	0.076	1.442	1.208	0.233	0.465	0.364	0.101	-2.523	1969.161		0
ZINC00787856_166	1GJ6.pdb_1H4W.pdb_1QBN.pdb	965	0.464	0.35	0.114	1.308	1.029	0.279	0.508	0.346	0.162	-4.07	1878.752		0
ZINC04161215_163	1GJ6.pdb_1H4W.pdb_1QBN.pdb	964	0.464	0.36	0.104	1.497	1.216	0.281	0.48	0.338	0.142	-3.564	1828.627		0
ZINC03293582_25	1GJ6.pdb_1H4W.pdb_1QBN.pdb	963	0.464	0.352	0.113	1.468	1.139	0.329	0.484	0.337	0.146	-3.64	1827.55		0
ZINC03815878_13	1GJ6.pdb_1H4W.pdb_1QBN.pdb	962	0.464	0.363	0.102	1.348	1.086	0.262	0.495	0.352	0.142	-3.571	1911.591		0
ZINC04110642_5	1GJ6.pdb_1H4W.pdb_1QBN.pdb	961	0.464	0.372	0.092	1.398	1.158	0.24	0.484	0.354	0.131	-3.273	1917.187		0
ZINC04056952_165	1GJ6.pdb_1H4W.pdb_1QBN.pdb	960	0.464	0.368	0.096	1.417	1.171	0.246	0.486	0.349	0.136	-3.423	1891.216		0
ZINC03325417_161	1GJ6.pdb_1H4W.pdb_1QBN.pdb	959	0.464	0.356	0.107	1.449	1.15	0.299	0.484	0.34	0.144	-3.592	1842.763		0
ZINC02561004_65	1GJ6.pdb_1H4W.pdb_1QBN.pdb	958	0.464	0.386	0.077	1.601	1.388	0.213	0.457	0.349	0.108	-2.702	1884.274		0
ZINC03524553_160	1GJ6.pdb_1H4W.pdb_1QBN.pdb	953	0.464	0.364	0.1	1.342	1.096	0.245	0.498	0.352	0.145	-3.653	1910.937		0
ZINC03405782_147	1GJ6.pdb_1H4W.pdb_1QBN.pdb	956	0.464	0.355	0.109	1.461	1.154	0.307	0.483	0.339	0.144	-3.602	1834.479		0
ZINC03405581_8	1GJ6.pdb_1H4W.pdb_1QBN.pdb	955	0.464	0.345	0.119	1.521	1.169	0.351	0.481	0.328	0.152	-3.79	1777.212		0
ZINC03941621_58	1GJ6.pdb_1H4W.pdb_1QBN.pdb	954	0.464	0.326	0.137	1.358	1.015	0.343	0.511	0.324	0.187	-4.678	1759.318		0
ZINC04375303_71	1GJ6.pdb_1H4W.pdb_1QBN.pdb	951	0.464	0.353	0.111	1.349	1.077	0.272	0.502	0.344	0.158	-3.962	1865.718		0
ZINC03838230_141	1GJ6.pdb_1H4W.pdb_1QBN.pdb	952	0.464	0.332	0.132	1.291	0.985	0.305	0.522	0.334	0.189	-4.753	1810.825		0
ZINC02516126_98	1GJ6.pdb_1H4W.pdb_1QBN.pdb	976	0.463	0.375	0.088	1.476	1.247	0.229	0.474	0.349	0.125	-3.129	1887.613		0
ZINC03927446_36	1GJ6.pdb_1H4W.pdb_1QBN.pdb	995	0.463	0.384	0.079	1.36	1.152	0.208	0.479	0.365	0.114	-2.849	1981.182		0
ZINC02160725_162	1GJ6.pdb_1H4W.pdb_1QBN.pdb	996	0.463	0.343	0.12	1.279	1.0	0.279	0.516	0.343	0.173	-4.36	1862.101		0
ZINC00973902_104	1GJ6.pdb_1H4W.pdb_1QBN.pdb	993	0.463	0.338	0.125	1.389	1.093	0.296	0.507	0.328	0.179	-4.497	1778.177		0
ZINC03927446_40	1GJ6.pdb_1H4W.pdb_1QBN.pdb	994	0.463	0.333	0.13	1.363	1.038	0.326	0.507	0.329	0.177	-4.448	1785.527		0
ZINC02221826_136	1GJ6.pdb_1H4W.pdb_1QBN.pdb	992	0.463	0.34	0.123	1.326	1.029	0.297	0.51	0.337	0.173	-4.355	1827.653		0
ZINC03990227_185	1GJ6.pdb_1H4W.pdb_1QBN.pdb	991	0.463	0.35	0.113	1.42	1.131	0.289	0.493	0.336	0.157	-3.943	1819.001		0
ZINC02618782_85	1GJ6.pdb_1H4W.pdb_1QBN.pdb	989	0.463	0.366	0.098	1.425	1.147	0.278	0.48	0.349	0.131	-3.264	1892.374		0
ZINC03500143_69	1GJ6.pdb_1H4W.pdb_1QBN.pdb	990	0.463	0.354	0.109	1.571	1.23	0.341	0.47	0.332	0.139	-3.447	1794.212		0
ZINC03817609_173	1GJ6.pdb_1H4W.pdb_1QBN.pdb	986	0.463	0.321	0.141	1.352	0.965	0.387	0.507	0.325	0.182	-4.547	1763.381		0
ZINC04004468_86	1GJ6.pdb_1H4W.pdb_1QBN.pdb	985	0.463	0.334	0.129	1.53	1.191	0.339	0.489	0.317	0.172	-4.296	1714.286		0
ZINC03969854_182	1GJ6.pdb_1H4W.pdb_1QBN.pdb	978	0.463	0.35	0.112	1.484	1.168	0.316	0.482	0.333	0.149	-3.708	1804.448		0
ZINC03428022_83	1GJ6.pdb_1H4W.pdb_1QBN.pdb	977	0.463	0.385	0.077	1.339	1.126	0.213	0.478	0.37	0.108	-2.701	2004.587		0
ZINC03426727_150	1GJ6.pdb_1H4W.pdb_1QBN.pdb	981	0.463	0.339	0.124	1.506	1.162	0.345	0.486	0.324	0.162	-4.05	1752.225		0
ZINC03304882_140	1GJ6.pdb_1H4W.pdb_1QBN.pdb	980	0.463	0.36	0.103	1.438	1.164	0.274	0.484	0.343	0.142	-3.549	1854.92		0
ZINC03344389_161	1GJ6.pdb_1H4W.pdb_1QBN.pdb	982	0.463	0.352	0.111	1.426	1.133	0.293	0.49	0.338	0.152	-3.807	1831.362		0
ZINC00761797_81	1GJ6.pdb_1H4W.pdb_1QBN.pdb	979	0.463	0.356	0.106	1.421	1.103	0.318	0.483	0.345	0.138	-3.437	1869.24		0
ZINC04034843_195	1GJ6.pdb_1H4W.pdb_1QBN.pdb	984	0.463	0.302	0.162	1.383	0.97	0.413	0.515	0.304	0.21	-5.258	1649.879		0
ZINC04161158_131	1GJ6.pdb_1H4W.pdb_1QBN.pdb	983	0.463	0.345	0.118	1.525	1.211	0.315	0.485	0.325	0.16	-3.993	1759.088		0
ZINC04388330_42	1GJ6.pdb_1H4W.pdb_1QBN.pdb	988	0.463	0.376	0.087	1.356	1.145	0.211	0.489	0.359	0.13	-3.274	1943.264		0
ZINC04633452_195	1GJ6.pdb_1H4W.pdb_1QBN.pdb	987	0.463	0.327	0.137	1.427	1.051	0.376	0.498	0.322	0.177	-4.413	1742.565		0
ZINC02126770_85	1GJ6.pdb_1H4W.pdb_1QBN.pdb	1011	0.462	0.351	0.111	1.312	1.051	0.262	0.507	0.345	0.162	-4.085	1872.333		0
ZINC02939218_187	1GJ6.pdb_1H4W.pdb_1QBN.pdb	1008	0.462	0.345	0.118	1.474	1.16	0.313	0.488	0.329	0.159	-3.976	1780.024		0
ZINC03962388_142	1GJ6.pdb_1H4W.pdb_1QBN.pdb	1005	0.462	0.356	0.107	1.486	1.184	0.301	0.479	0.337	0.142	-3.54	1823.303		0
ZINC02932876_24	1GJ6.pdb_1H4W.pdb_1QBN.pdb	1006	0.462	0.331	0.131	1.441	1.104	0.337	0.497	0.321	0.176	-4.411	1736.498		0
ZINC03304750_30	1GJ6.pdb_1H4W.pdb_1QBN.pdb	1002	0.462	0.326	0.137	1.483	1.059	0.424	0.487	0.32	0.168	-4.168	1732.523		0
ZINC03818495_43	1GJ6.pdb_1H4W.pdb_1QBN.pdb	1001	0.462	0.341	0.121	1.409	1.071	0.338	0.492	0.333	0.159	-3.972	1806.295		0
ZINC03825961_139	1GJ6.pdb_1H4W.pdb_1QBN.pdb	1009	0.462	0.316	0.146	1.378	1.0	0.378	0.507	0.315	0.192	-4.809	1707.1		0
ZINC02939779_193	1GJ6.pdb_1H4W.pdb_1QBN.pdb	1010	0.462	0.346	0.117	1.431	1.134	0.297	0.494	0.332	0.162	-4.049	1797.813		0
ZINC04388837_96	1GJ6.pdb_1H4W.pdb_1QBN.pdb	1007	0.462	0.328	0.134	1.396	1.061	0.336	0.505	0.322	0.183	-4.579	1744.363		0
ZINC01911463_11	1GJ6.pdb_1H4W.pdb_1QBN.pdb	1004	0.462	0.301	0.161	1.544	1.111	0.433	0.496	0.292	0.204	-5.091	1577.772		0
ZINC03919845_70	1GJ6.pdb_1H4W.pdb_1QBN.pdb	997	0.462	0.368	0.093	1.387	1.164	0.223	0.488	0.35	0.138	-3.474	1896.819		0
ZINC02586498_169	1GJ6.pdb_1H4W.pdb_1QBN.pdb	998	0.462	0.329	0.133	1.464	1.116	0.348	0.495	0.318	0.177	-4.419	1721.379		0
ZINC03815879_12	1GJ6.pdb_1H4W.pdb_1QBN.pdb	999	0.462	0.357	0.105	1.393	1.111	0.282	0.488	0.345	0.143	-3.577	1867.176		0
ZINC02656851_64	1GJ6.pdb_1H4W.pdb_1QBN.pdb	1003	0.462	0.318	0.144	1.501	1.107	0.394	0.494	0.308	0.185	-4.626	1668.059		0
ZINC00769609_80	1GJ6.pdb_1H4W.pdb_1QBN.pdb	1000	0.462	0.341	0.121	1.241	0.948	0.293	0.518	0.347	0.171	-4.294	1887.218		0
ZINC03992804_177	1GJ6.pdb_1H4W.pdb_1QBN.pdb	1017	0.461	0.348	0.113	1.4	1.098	0.302	0.491	0.338	0.153	-3.833	1828.898		0
ZINC00842631_126	1GJ6.pdb_1H4W.pdb_1QBN.pdb	1018	0.461	0.361	0.1	1.448	1.164	0.284	0.477	0.344	0.134	-3.334	1861.704		0
ZINC03993398_138	1GJ6.pdb_1H4W.pdb_1QBN.pdb	1022	0.461	0.36	0.101	1.355	1.095	0.26	0.491	0.349	0.141	-3.545	1894.707		0
ZINC03815881_36	1GJ6.pdb_1H4W.pdb_1QBN.pdb	1019	0.461	0.359	0.102	1.34	1.078	0.262	0.493	0.35	0.142	-3.571	1899.783		0
ZINC03105220_139	1GJ6.pdb_1H4W.pdb_1QBN.pdb	1020	0.461	0.348	0.113	1.464	1.163	0.301	0.485	0.332	0.153	-3.82	1796.108		0
ZINC03822342_106	1GJ6.pdb_1H4W.pdb_1QBN.pdb	1015	0.461	0.313	0.148	1.362	1.025	0.337	0.52	0.311	0.209	-5.249	1684.615		0
ZINC03924186_164	1GJ6.pdb_1H4W.pdb_1QBN.pdb	1016	0.461	0.355	0.106	1.354	1.054	0.3	0.49	0.349	0.141	-3.526	1891.426		0
ZINC03838486_28	1GJ6.pdb_1H4W.pdb_1QBN.pdb	1032	0.461	0.298	0.163	1.441	1.043	0.398	0.511	0.295	0.217	-5.432	1594.223		0
ZINC02432904_163	1GJ6.pdb_1H4W.pdb_1QBN.pdb	1031	0.461	0.355	0.106	1.358	1.073	0.284	0.491	0.347	0.145	-3.616	1881.337		0
ZINC04112515_17	1GJ6.pdb_1H4W.pdb_1QBN.pdb	1021	0.461	0.336	0.125	1.449	1.133	0.315	0.495	0.323	0.172	-4.304	1747.302		0
ZINC02652264_78	1GJ6.pdb_1H4W.pdb_1QBN.pdb	1013	0.461	0.352	0.109	1.403	1.125	0.278	0.491	0.339	0.152	-3.8	1837.503		0
ZINC03992722_188	1GJ6.pdb_1H4W.pdb_1QBN.pdb	1012	0.461	0.345	0.116	1.383	1.089	0.295	0.496	0.336	0.16	-4.022	1820.13		0
ZINC00787129_189	1GJ6.pdb_1H4W.pdb_1QBN.pdb	1014	0.461	0.325	0.136	1.379	1.029	0.35	0.504	0.322	0.182	-4.549	1747.074		0
ZINC01539714_64	1GJ6.pdb_1H4W.pdb_1QBN.pdb	1030	0.461	0.314	0.146	1.324	0.977	0.347	0.519	0.317	0.202	-5.076	1717.987		0
ZINC03838695_167	1GJ6.pdb_1H4W.pdb_1QBN.pdb	1029	0.461	0.387	0.075	1.355	1.166	0.189	0.476	0.366	0.11	-2.759	1985.669		0
ZINC04619441_199	1GJ6.pdb_1H4W.pdb_1QBN.pdb	1028	0.461	0.367	0.094	1.372	1.105	0.267	0.482	0.354	0.128	-3.187	1921.228		0
ZINC03989555_195	1GJ6.pdb_1H4W.pdb_1QBN.pdb	1027	0.461	0.352	0.109	1.357	1.078	0.279	0.495	0.343	0.152	-3.817	1859.625		0
ZINC03980070_140	1GJ6.pdb_1H4W.pdb_1QBN.pdb	1026	0.461	0.344	0.117	1.212	0.958	0.254	0.528	0.35	0.178	-4.511	1900.075		0
ZINC03855207_118	1GJ6.pdb_1H4W.pdb_1QBN.pdb	1025	0.461	0.351	0.11	1.539	1.259	0.28	0.48	0.328	0.153	-3.826	1770.38		0
ZINC02638491_191	1GJ6.pdb_1H4W.pdb_1QBN.pdb	1024	0.461	0.348	0.113	1.43	1.129	0.301	0.488	0.335	0.153	-3.82	1813.567		0
ZINC03941637_121	1GJ6.pdb_1H4W.pdb_1QBN.pdb	1023	0.461	0.348	0.113	1.353	1.076	0.277	0.5	0.339	0.161	-4.046	1839.748		0
ZINC03818071_15	1GJ6.pdb_1H4W.pdb_1QBN.pdb	1033	0.46	0.36	0.1	1.316	1.069	0.247	0.495	0.352	0.143	-3.601	1907.316		0
ZINC02250704_4	1GJ6.pdb_1H4W.pdb_1QBN.pdb	1034	0.46	0.328	0.133	1.451	1.103	0.349	0.495	0.318	0.177	-4.422	1720.411		0
ZINC04210217_18	1GJ6.pdb_1H4W.pdb_1QBN.pdb	1046	0.46	0.26	0.2	1.454	0.966	0.488	0.516	0.262	0.254	-6.355	1417.437		0
ZINC03800681_16	1GJ6.pdb_1H4W.pdb_1QBN.pdb	1045	0.46	0.317	0.143	1.332	0.96	0.372	0.51	0.321	0.188	-4.714	1743.999		0
ZINC03867358_126	1GJ6.pdb_1H4W.pdb_1QBN.pdb	1044	0.46	0.357	0.103	1.361	1.117	0.244	0.496	0.344	0.151	-3.811	1866.032		0
ZINC04101600_106	1GJ6.pdb_1H4W.pdb_1QBN.pdb	1043	0.46	0.342	0.118	1.413	1.125	0.288	0.496	0.329	0.167	-4.199	1782.805		0
ZINC03997172_142	1GJ6.pdb_1H4W.pdb_1QBN.pdb	1042	0.46	0.338	0.123	1.362	1.053	0.309	0.501	0.332	0.169	-4.227	1800.542		0
ZINC03980797_38	1GJ6.pdb_1H4W.pdb_1QBN.pdb	1041	0.46	0.347	0.113	1.36	1.076	0.284	0.496	0.339	0.158	-3.952	1836.625		0
ZINC02003637_17	1GJ6.pdb_1H4W.pdb_1QBN.pdb	1053	0.46	0.341	0.119	1.45	1.134	0.316	0.488	0.328	0.161	-4.017	1773.209		0
ZINC00761963_45	1GJ6.pdb_1H4W.pdb_1QBN.pdb	1052	0.46	0.364	0.096	1.411	1.137	0.274	0.477	0.348	0.129	-3.217	1886.76		0
ZINC03838808_185	1GJ6.pdb_1H4W.pdb_1QBN.pdb	1036	0.46	0.317	0.144	1.475	1.119	0.357	0.5	0.306	0.194	-4.864	1656.643		0
ZINC03858809_167	1GJ6.pdb_1H4W.pdb_1QBN.pdb	1035	0.46	0.386	0.073	1.399	1.173	0.227	0.463	0.365	0.098	-2.444	1979.822		0
ZINC02700313_154	1GJ6.pdb_1H4W.pdb_1QBN.pdb	1040	0.46	0.351	0.11	1.352	1.072	0.28	0.495	0.343	0.153	-3.825	1857.625		0
ZINC04619225_44	1GJ6.pdb_1H4W.pdb_1QBN.pdb	1039	0.46	0.347	0.113	1.385	1.098	0.287	0.493	0.337	0.156	-3.919	1824.398		0
ZINC03990227_77	1GJ6.pdb_1H4W.pdb_1QBN.pdb	1038	0.46	0.344	0.117	1.426	1.115	0.311	0.489	0.332	0.158	-3.945	1796.832		0
ZINC04619174_87	1GJ6.pdb_1H4W.pdb_1QBN.pdb	1037	0.46	0.347	0.113	1.381	1.08	0.301	0.491	0.338	0.153	-3.82	1833.653		0
ZINC03368360_37	1GJ6.pdb_1H4W.pdb_1QBN.pdb	1048	0.46	0.354	0.106	1.513	1.202	0.311	0.473	0.334	0.138	-3.447	1809.202		0
ZINC01483810_198	1GJ6.pdb_1H4W.pdb_1QBN.pdb	1049	0.46	0.339	0.121	1.39	1.085	0.305	0.497	0.33	0.166	-4.168	1790.133		0
ZINC03801225_155	1GJ6.pdb_1H4W.pdb_1QBN.pdb	1051	0.46	0.364	0.096	1.358	1.097	0.261	0.485	0.352	0.133	-3.316	1910.615		0
ZINC03964139_176	1GJ6.pdb_1H4W.pdb_1QBN.pdb	1050	0.46	0.347	0.114	1.386	1.082	0.304	0.492	0.338	0.154	-3.853	1830.297		0
ZINC04235607_85	1GJ6.pdb_1H4W.pdb_1QBN.pdb	1047	0.46	0.328	0.132	1.374	1.046	0.328	0.504	0.323	0.181	-4.526	1751.077		0
ZINC02134297_18	1GJ6.pdb_1H4W.pdb_1QBN.pdb	1058	0.459	0.337	0.121	1.239	0.955	0.283	0.518	0.343	0.175	-4.404	1862.897		0
ZINC03426733_128	1GJ6.pdb_1H4W.pdb_1QBN.pdb	1057	0.459	0.33	0.129	1.495	1.138	0.358	0.486	0.317	0.168	-4.204	1717.201		0
ZINC03367641_173	1GJ6.pdb_1H4W.pdb_1QBN.pdb	1066	0.459	0.333	0.126	1.475	1.112	0.364	0.484	0.322	0.161	-4.024	1743.87		0
ZINC04112533_163	1GJ6.pdb_1H4W.pdb_1QBN.pdb	1072	0.459	0.333	0.126	1.404	1.087	0.317	0.497	0.324	0.173	-4.329	1754.73		0
ZINC02964626_158	1GJ6.pdb_1H4W.pdb_1QBN.pdb	1071	0.459	0.356	0.102	1.35	1.075	0.275	0.488	0.348	0.14	-3.497	1886.302		0
ZINC03842254_122	1GJ6.pdb_1H4W.pdb_1QBN.pdb	1059	0.459	0.366	0.093	1.268	1.037	0.231	0.496	0.361	0.134	-3.371	1962.793		0
ZINC02291655_117	1GJ6.pdb_1H4W.pdb_1QBN.pdb	1060	0.459	0.369	0.09	1.456	1.232	0.224	0.475	0.345	0.13	-3.275	1866.527		0
ZINC03892228_150	1GJ6.pdb_1H4W.pdb_1QBN.pdb	1061	0.459	0.362	0.097	1.391	1.141	0.251	0.483	0.347	0.137	-3.423	1878.077		0
ZINC03438910_131	1GJ6.pdb_1H4W.pdb_1QBN.pdb	1062	0.459	0.3	0.159	1.452	1.023	0.428	0.499	0.298	0.201	-5.028	1612.632		0
ZINC01750301_129	1GJ6.pdb_1H4W.pdb_1QBN.pdb	1056	0.459	0.331	0.128	1.47	1.116	0.355	0.487	0.32	0.167	-4.169	1732.62		0
ZINC01821508_193	1GJ6.pdb_1H4W.pdb_1QBN.pdb	1055	0.459	0.333	0.126	1.36	1.028	0.332	0.499	0.33	0.168	-4.213	1791.491		0
ZINC04111841_2	1GJ6.pdb_1H4W.pdb_1QBN.pdb	1067	0.459	0.342	0.117	1.391	1.105	0.286	0.497	0.331	0.166	-4.17	1791.874		0
ZINC01654872_56	1GJ6.pdb_1H4W.pdb_1QBN.pdb	1068	0.459	0.34	0.119	1.371	1.07	0.301	0.497	0.333	0.164	-4.113	1804.899		0
ZINC03867358_112	1GJ6.pdb_1H4W.pdb_1QBN.pdb	1069	0.459	0.376	0.084	1.361	1.159	0.202	0.482	0.357	0.125	-3.148	1936.394		0
ZINC03814069_54	1GJ6.pdb_1H4W.pdb_1QBN.pdb	1070	0.459	0.346	0.114	1.437	1.134	0.303	0.486	0.332	0.154	-3.85	1798.769		0
ZINC03891142_97	1GJ6.pdb_1H4W.pdb_1QBN.pdb	1063	0.459	0.371	0.088	1.337	1.141	0.196	0.492	0.355	0.138	-3.477	1922.957		0
ZINC02693697_112	1GJ6.pdb_1H4W.pdb_1QBN.pdb	1064	0.459	0.321	0.138	1.397	1.058	0.338	0.504	0.316	0.189	-4.736	1708.976		0
ZINC03294945_58	1GJ6.pdb_1H4W.pdb_1QBN.pdb	1065	0.459	0.326	0.133	1.516	1.111	0.406	0.481	0.315	0.165	-4.108	1707.264		0
ZINC03640563_97	1GJ6.pdb_1H4W.pdb_1QBN.pdb	1054	0.459	0.371	0.088	1.337	1.141	0.196	0.492	0.355	0.138	-3.477	1922.957		0
ZINC02965443_66	1GJ6.pdb_1H4W.pdb_1QBN.pdb	1074	0.458	0.358	0.1	1.378	1.095	0.284	0.481	0.347	0.134	-3.338	1881.25		0
ZINC03571166_27	1GJ6.pdb_1H4W.pdb_1QBN.pdb	1075	0.458	0.349	0.109	1.466	1.14	0.326	0.476	0.334	0.141	-3.522	1811.051		0
ZINC04001743_69	1GJ6.pdb_1H4W.pdb_1QBN.pdb	1076	0.458	0.373	0.085	1.367	1.146	0.221	0.477	0.356	0.12	-3.02	1929.921		0
ZINC03062661_119	1GJ6.pdb_1H4W.pdb_1QBN.pdb	1077	0.458	0.315	0.143	1.492	1.108	0.384	0.491	0.306	0.185	-4.621	1654.289		0
ZINC04619462_42	1GJ6.pdb_1H4W.pdb_1QBN.pdb	1079	0.458	0.375	0.083	1.366	1.141	0.225	0.474	0.359	0.116	-2.896	1944.111		0
ZINC03867359_77	1GJ6.pdb_1H4W.pdb_1QBN.pdb	1078	0.458	0.343	0.115	1.354	1.085	0.269	0.501	0.334	0.167	-4.197	1812.629		0
ZINC01490116_4	1GJ6.pdb_1H4W.pdb_1QBN.pdb	1080	0.458	0.322	0.136	1.433	1.037	0.396	0.49	0.318	0.172	-4.275	1722.989		0
ZINC01893383_145	1GJ6.pdb_1H4W.pdb_1QBN.pdb	1081	0.458	0.339	0.12	1.439	1.121	0.318	0.488	0.327	0.161	-4.031	1768.937		0
ZINC04359876_173	1GJ6.pdb_1H4W.pdb_1QBN.pdb	1085	0.458	0.308	0.15	1.542	1.112	0.43	0.485	0.299	0.187	-4.647	1615.781		0
ZINC02651721_47	1GJ6.pdb_1H4W.pdb_1QBN.pdb	1082	0.458	0.375	0.082	1.364	1.158	0.207	0.477	0.357	0.12	-3.02	1935.464		0
ZINC03966572_175	1GJ6.pdb_1H4W.pdb_1QBN.pdb	1083	0.458	0.366	0.092	1.256	1.017	0.24	0.494	0.364	0.13	-3.27	1975.375		0
ZINC03891138_20	1GJ6.pdb_1H4W.pdb_1QBN.pdb	1084	0.458	0.346	0.113	1.356	1.103	0.253	0.504	0.335	0.169	-4.255	1814.384		0
ZINC04373695_51	1GJ6.pdb_1H4W.pdb_1QBN.pdb	1087	0.458	0.348	0.11	1.496	1.188	0.309	0.475	0.33	0.145	-3.625	1784.963		0
ZINC03440357_92	1GJ6.pdb_1H4W.pdb_1QBN.pdb	1086	0.458	0.345	0.113	1.6	1.265	0.335	0.467	0.322	0.145	-3.616	1738.642		0
ZINC03426730_135	1GJ6.pdb_1H4W.pdb_1QBN.pdb	1088	0.458	0.323	0.135	1.492	1.121	0.371	0.487	0.312	0.175	-4.363	1689.995		0
ZINC02132535_168	1GJ6.pdb_1H4W.pdb_1QBN.pdb	1073	0.458	0.276	0.182	1.484	1.01	0.475	0.503	0.275	0.228	-5.685	1488.749		0
ZINC03530599_171	1GJ6.pdb_1H4W.pdb_1QBN.pdb	1089	0.458	0.359	0.099	1.501	1.209	0.292	0.468	0.338	0.13	-3.23	1828.624		0
ZINC03961330_103	1GJ6.pdb_1H4W.pdb_1QBN.pdb	1096	0.457	0.324	0.132	1.368	1.062	0.306	0.507	0.318	0.189	-4.754	1724.138		0
ZINC03932357_123	1GJ6.pdb_1H4W.pdb_1QBN.pdb	1091	0.457	0.336	0.121	1.346	1.039	0.307	0.499	0.332	0.167	-4.189	1798.105		0
ZINC02345449_88	1GJ6.pdb_1H4W.pdb_1QBN.pdb	1094	0.457	0.312	0.145	1.296	0.966	0.331	0.52	0.316	0.205	-5.148	1711.539		0
ZINC03987020_187	1GJ6.pdb_1H4W.pdb_1QBN.pdb	1090	0.457	0.358	0.098	1.364	1.11	0.254	0.484	0.346	0.138	-3.465	1876.241		0
ZINC03426735_189	1GJ6.pdb_1H4W.pdb_1QBN.pdb	1092	0.457	0.324	0.133	1.49	1.123	0.367	0.486	0.313	0.173	-4.315	1692.394		0
ZINC00794278_158	1GJ6.pdb_1H4W.pdb_1QBN.pdb	1095	0.457	0.367	0.09	1.494	1.222	0.272	0.462	0.344	0.118	-2.935	1863.282		0
ZINC03840084_58	1GJ6.pdb_1H4W.pdb_1QBN.pdb	1097	0.457	0.336	0.12	1.418	1.126	0.292	0.494	0.324	0.17	-4.263	1755.016		0
ZINC03828686_108	1GJ6.pdb_1H4W.pdb_1QBN.pdb	1104	0.457	0.297	0.161	1.325	0.932	0.393	0.517	0.303	0.214	-5.363	1643.84		0
ZINC02618849_43	1GJ6.pdb_1H4W.pdb_1QBN.pdb	1106	0.457	0.337	0.119	1.384	1.085	0.299	0.495	0.329	0.166	-4.162	1781.036		0
ZINC03990230_46	1GJ6.pdb_1H4W.pdb_1QBN.pdb	1108	0.457	0.348	0.109	1.418	1.126	0.293	0.483	0.335	0.149	-3.716	1813.692		0
ZINC03854116_113	1GJ6.pdb_1H4W.pdb_1QBN.pdb	1107	0.457	0.372	0.085	1.403	1.143	0.26	0.468	0.356	0.112	-2.8	1928.183		0
ZINC03329295_196	1GJ6.pdb_1H4W.pdb_1QBN.pdb	1110	0.457	0.348	0.108	1.347	1.056	0.29	0.489	0.342	0.148	-3.692	1854.165		0
ZINC03783527_107	1GJ6.pdb_1H4W.pdb_1QBN.pdb	1111	0.457	0.321	0.137	1.219	0.925	0.295	0.533	0.329	0.203	-5.139	1788.583		0
ZINC03990241_83	1GJ6.pdb_1H4W.pdb_1QBN.pdb	1112	0.457	0.345	0.111	1.273	1.0	0.273	0.503	0.345	0.159	-3.982	1872.596		0
ZINC03990238_135	1GJ6.pdb_1H4W.pdb_1QBN.pdb	1109	0.457	0.343	0.115	1.27	1.0	0.27	0.51	0.343	0.167	-4.194	1861.677		0
ZINC02205131_64	1GJ6.pdb_1H4W.pdb_1QBN.pdb	1113	0.457	0.34	0.117	1.584	1.215	0.369	0.467	0.321	0.146	-3.631	1734.768		0
ZINC03289557_127	1GJ6.pdb_1H4W.pdb_1QBN.pdb	1098	0.457	0.372	0.085	1.358	1.137	0.221	0.477	0.356	0.12	-3.019	1931.214		0
ZINC03870517_158	1GJ6.pdb_1H4W.pdb_1QBN.pdb	1100	0.457	0.295	0.162	1.496	1.041	0.454	0.493	0.291	0.202	-5.026	1576.315		0
ZINC03283735_86	1GJ6.pdb_1H4W.pdb_1QBN.pdb	1099	0.457	0.366	0.091	1.495	1.246	0.249	0.468	0.341	0.126	-3.155	1846.963		0
ZINC03993149_3	1GJ6.pdb_1H4W.pdb_1QBN.pdb	1101	0.457	0.326	0.131	1.347	1.036	0.311	0.506	0.322	0.184	-4.631	1745.855		0
ZINC02952339_166	1GJ6.pdb_1H4W.pdb_1QBN.pdb	1102	0.457	0.363	0.095	1.448	1.178	0.27	0.471	0.344	0.127	-3.173	1862.248		0
ZINC04465016_54	1GJ6.pdb_1H4W.pdb_1QBN.pdb	1103	0.457	0.358	0.099	1.317	1.099	0.218	0.501	0.347	0.154	-3.884	1881.769		0
ZINC03890485_54	1GJ6.pdb_1H4W.pdb_1QBN.pdb	1093	0.457	0.358	0.099	1.317	1.099	0.218	0.501	0.347	0.154	-3.884	1881.769		0
ZINC00837459_177	1GJ6.pdb_1H4W.pdb_1QBN.pdb	1105	0.457	0.341	0.116	1.45	1.142	0.308	0.484	0.327	0.157	-3.919	1771.345		0
ZINC00602703_28	1GJ6.pdb_1H4W.pdb_1QBN.pdb	1114	0.457	0.322	0.135	1.384	1.032	0.352	0.498	0.319	0.179	-4.476	1729.33		0
ZINC03851510_185	1GJ6.pdb_1H4W.pdb_1QBN.pdb	1120	0.456	0.299	0.157	1.364	0.915	0.448	0.502	0.308	0.194	-4.84	1668.918		0
ZINC03954689_169	1GJ6.pdb_1H4W.pdb_1QBN.pdb	1123	0.456	0.338	0.118	1.332	1.033	0.3	0.497	0.334	0.163	-4.093	1811.41		0
ZINC03804979_38	1GJ6.pdb_1H4W.pdb_1QBN.pdb	1126	0.456	0.306	0.151	1.6	1.137	0.462	0.478	0.295	0.183	-4.547	1592.812		0
ZINC03987013_185	1GJ6.pdb_1H4W.pdb_1QBN.pdb	1127	0.456	0.343	0.112	1.397	1.097	0.3	0.485	0.333	0.152	-3.803	1805.274		0
ZINC03944062_68	1GJ6.pdb_1H4W.pdb_1QBN.pdb	1128	0.456	0.351	0.104	1.411	1.143	0.268	0.483	0.336	0.146	-3.663	1821.763		0
ZINC02967871_107	1GJ6.pdb_1H4W.pdb_1QBN.pdb	1125	0.456	0.338	0.118	1.3	1.0	0.3	0.501	0.337	0.163	-4.097	1830.236		0
ZINC04034371_114	1GJ6.pdb_1H4W.pdb_1QBN.pdb	1129	0.456	0.327	0.129	1.345	1.022	0.323	0.501	0.325	0.176	-4.419	1760.253		0
ZINC03919661_9	1GJ6.pdb_1H4W.pdb_1QBN.pdb	1122	0.456	0.334	0.122	1.451	1.13	0.322	0.485	0.322	0.163	-4.085	1742.982		0
ZINC03918518_158	1GJ6.pdb_1H4W.pdb_1QBN.pdb	1124	0.456	0.319	0.136	1.435	1.06	0.375	0.49	0.314	0.177	-4.407	1699.347		0
ZINC01534350_35	1GJ6.pdb_1H4W.pdb_1QBN.pdb	1116	0.456	0.334	0.122	1.347	1.03	0.318	0.496	0.331	0.165	-4.123	1796.294		0
ZINC03401801_117	1GJ6.pdb_1H4W.pdb_1QBN.pdb	1117	0.456	0.356	0.1	1.361	1.095	0.265	0.483	0.345	0.137	-3.44	1872.926		0
ZINC01728479_30	1GJ6.pdb_1H4W.pdb_1QBN.pdb	1118	0.456	0.365	0.091	1.389	1.141	0.248	0.475	0.349	0.126	-3.155	1892.686		0
ZINC03823295_28	1GJ6.pdb_1H4W.pdb_1QBN.pdb	1119	0.456	0.311	0.145	1.512	1.067	0.446	0.482	0.305	0.176	-4.382	1652.728		0
ZINC00599303_54	1GJ6.pdb_1H4W.pdb_1QBN.pdb	1115	0.456	0.337	0.119	1.462	1.146	0.316	0.484	0.323	0.161	-4.022	1747.448		0
ZINC03506034_118	1GJ6.pdb_1H4W.pdb_1QBN.pdb	1121	0.456	0.311	0.145	1.34	0.969	0.371	0.507	0.314	0.193	-4.821	1703.708		0
ZINC03304761_10	1GJ6.pdb_1H4W.pdb_1QBN.pdb	1130	0.456	0.357	0.099	1.361	1.097	0.264	0.483	0.346	0.137	-3.424	1877.684		0
ZINC03808675_177	1GJ6.pdb_1H4W.pdb_1QBN.pdb	1137	0.455	0.331	0.124	1.411	1.083	0.328	0.489	0.323	0.166	-4.159	1747.476		0
ZINC03891140_134	1GJ6.pdb_1H4W.pdb_1QBN.pdb	1139	0.455	0.356	0.099	1.326	1.107	0.219	0.498	0.344	0.154	-3.885	1865.469		0
ZINC03812795_42	1GJ6.pdb_1H4W.pdb_1QBN.pdb	1142	0.455	0.351	0.104	1.224	1.0	0.224	0.513	0.351	0.163	-4.122	1904.074		0
ZINC00814142_157	1GJ6.pdb_1H4W.pdb_1QBN.pdb	1143	0.455	0.339	0.116	1.341	1.047	0.294	0.494	0.334	0.16	-4.016	1812.354		0
ZINC03969853_187	1GJ6.pdb_1H4W.pdb_1QBN.pdb	1144	0.455	0.301	0.153	1.459	1.043	0.416	0.493	0.298	0.195	-4.879	1611.251		0
ZINC00902544_155	1GJ6.pdb_1H4W.pdb_1QBN.pdb	1141	0.455	0.351	0.104	1.314	1.051	0.263	0.491	0.345	0.146	-3.664	1873.24		0
ZINC01909869_48	1GJ6.pdb_1H4W.pdb_1QBN.pdb	1145	0.455	0.284	0.171	1.353	0.919	0.433	0.512	0.292	0.22	-5.501	1581.581		0
ZINC03416471_140	1GJ6.pdb_1H4W.pdb_1QBN.pdb	1153	0.455	0.282	0.173	1.46	1.023	0.437	0.503	0.281	0.222	-5.555	1517.588		0
ZINC03955338_90	1GJ6.pdb_1H4W.pdb_1QBN.pdb	1140	0.455	0.344	0.111	1.366	1.103	0.262	0.495	0.333	0.162	-4.075	1805.686		0
ZINC02646948_25	1GJ6.pdb_1H4W.pdb_1QBN.pdb	1132	0.455	0.343	0.111	1.578	1.246	0.331	0.465	0.322	0.144	-3.575	1738.366		0
ZINC03270076_133	1GJ6.pdb_1H4W.pdb_1QBN.pdb	1133	0.455	0.332	0.123	1.526	1.17	0.356	0.475	0.316	0.158	-3.946	1711.281		0
ZINC03325755_64	1GJ6.pdb_1H4W.pdb_1QBN.pdb	1134	0.455	0.368	0.087	1.349	1.111	0.238	0.476	0.355	0.121	-3.02	1926.282		0
ZINC04522011_115	1GJ6.pdb_1H4W.pdb_1QBN.pdb	1135	0.455	0.319	0.137	1.437	1.08	0.357	0.492	0.311	0.181	-4.531	1684.553		0
ZINC03817868_99	1GJ6.pdb_1H4W.pdb_1QBN.pdb	1131	0.455	0.361	0.093	1.408	1.154	0.254	0.473	0.345	0.129	-3.219	1866.03		0
ZINC01831170_168	1GJ6.pdb_1H4W.pdb_1QBN.pdb	1136	0.455	0.33	0.125	1.316	1.0	0.316	0.501	0.329	0.172	-4.31	1786.053		0
ZINC03577116_32	1GJ6.pdb_1H4W.pdb_1QBN.pdb	1138	0.455	0.342	0.113	1.506	1.177	0.329	0.472	0.325	0.146	-3.648	1760.563		0
ZINC03446683_179	1GJ6.pdb_1H4W.pdb_1QBN.pdb	1148	0.455	0.326	0.129	1.433	1.082	0.351	0.487	0.318	0.169	-4.216	1722.862		0
ZINC03867942_4	1GJ6.pdb_1H4W.pdb_1QBN.pdb	1147	0.455	0.337	0.119	1.487	1.173	0.314	0.481	0.321	0.16	-4.0	1735.976		0
ZINC00599269_67	1GJ6.pdb_1H4W.pdb_1QBN.pdb	1149	0.455	0.337	0.119	1.402	1.071	0.331	0.485	0.329	0.156	-3.891	1785.41		0
ZINC00921219_188	1GJ6.pdb_1H4W.pdb_1QBN.pdb	1150	0.455	0.379	0.076	1.226	1.029	0.197	0.485	0.375	0.11	-2.753	2037.857		0
ZINC03948480_105	1GJ6.pdb_1H4W.pdb_1QBN.pdb	1151	0.455	0.317	0.138	1.303	0.986	0.317	0.515	0.319	0.196	-4.93	1729.659		0
ZINC04334201_29	1GJ6.pdb_1H4W.pdb_1QBN.pdb	1152	0.455	0.345	0.11	1.454	1.145	0.31	0.477	0.331	0.146	-3.638	1791.039		0
ZINC01886806_94	1GJ6.pdb_1H4W.pdb_1QBN.pdb	1146	0.455	0.361	0.094	1.374	1.134	0.241	0.48	0.346	0.134	-3.354	1874.043		0
ZINC04522026_112	1GJ6.pdb_1H4W.pdb_1QBN.pdb	1161	0.454	0.295	0.16	1.37	1.0	0.37	0.514	0.295	0.219	-5.505	1598.92		0
ZINC03867408_73	1GJ6.pdb_1H4W.pdb_1QBN.pdb	1156	0.454	0.32	0.134	1.433	1.083	0.351	0.491	0.313	0.178	-4.456	1692.664		0
ZINC02928668_166	1GJ6.pdb_1H4W.pdb_1QBN.pdb	1154	0.454	0.378	0.076	1.314	1.115	0.2	0.473	0.364	0.109	-2.727	1973.281		0
ZINC01911468_192	1GJ6.pdb_1H4W.pdb_1QBN.pdb	1158	0.454	0.35	0.104	1.512	1.217	0.295	0.468	0.329	0.139	-3.472	1781.257		0
ZINC02221823_110	1GJ6.pdb_1H4W.pdb_1QBN.pdb	1159	0.454	0.348	0.106	1.305	1.046	0.259	0.494	0.343	0.152	-3.812	1858.713		0
ZINC01446412_142	1GJ6.pdb_1H4W.pdb_1QBN.pdb	1160	0.454	0.309	0.146	1.365	1.014	0.351	0.507	0.307	0.199	-5.001	1665.661		0
ZINC00579071_56	1GJ6.pdb_1H4W.pdb_1QBN.pdb	1155	0.454	0.338	0.117	1.387	1.061	0.326	0.485	0.331	0.154	-3.834	1796.356		0
ZINC03867080_183	1GJ6.pdb_1H4W.pdb_1QBN.pdb	1168	0.454	0.296	0.158	1.437	1.011	0.426	0.495	0.295	0.201	-5.006	1595.592		0
ZINC01534345_86	1GJ6.pdb_1H4W.pdb_1QBN.pdb	1170	0.454	0.345	0.109	1.349	1.06	0.289	0.488	0.338	0.15	-3.749	1834.946		0
ZINC03838775_26	1GJ6.pdb_1H4W.pdb_1QBN.pdb	1172	0.454	0.314	0.14	1.326	0.991	0.335	0.509	0.315	0.194	-4.883	1707.429		0
ZINC02002121_157	1GJ6.pdb_1H4W.pdb_1QBN.pdb	1171	0.454	0.325	0.129	1.3	1.035	0.265	0.524	0.321	0.202	-5.127	1742.306		0
ZINC03405586_122	1GJ6.pdb_1H4W.pdb_1QBN.pdb	1174	0.454	0.321	0.133	1.495	1.108	0.388	0.479	0.311	0.168	-4.184	1684.076		0
ZINC03968719_18	1GJ6.pdb_1H4W.pdb_1QBN.pdb	1175	0.454	0.325	0.129	1.529	1.151	0.378	0.476	0.312	0.164	-4.085	1685.234		0
ZINC03839024_151	1GJ6.pdb_1H4W.pdb_1QBN.pdb	1176	0.454	0.304	0.15	1.356	0.968	0.388	0.504	0.307	0.197	-4.933	1664.368		0
ZINC03408915_197	1GJ6.pdb_1H4W.pdb_1QBN.pdb	1173	0.454	0.314	0.141	1.45	1.042	0.408	0.486	0.31	0.177	-4.402	1676.869		0
ZINC03838487_63	1GJ6.pdb_1H4W.pdb_1QBN.pdb	1169	0.454	0.296	0.158	1.372	1.0	0.372	0.512	0.296	0.216	-5.432	1603.835		0
ZINC02656475_152	1GJ6.pdb_1H4W.pdb_1QBN.pdb	1162	0.454	0.351	0.103	1.443	1.156	0.287	0.473	0.335	0.138	-3.447	1813.686		0
ZINC01838799_17	1GJ6.pdb_1H4W.pdb_1QBN.pdb	1164	0.454	0.336	0.119	1.394	1.079	0.315	0.487	0.328	0.16	-3.996	1775.499		0
ZINC03336530_162	1GJ6.pdb_1H4W.pdb_1QBN.pdb	1163	0.454	0.326	0.128	1.595	1.218	0.376	0.471	0.308	0.163	-4.062	1663.372		0
ZINC03577404_19	1GJ6.pdb_1H4W.pdb_1QBN.pdb	1165	0.454	0.304	0.15	1.544	1.119	0.425	0.483	0.294	0.189	-4.702	1589.538		0
ZINC02654203_22	1GJ6.pdb_1H4W.pdb_1QBN.pdb	1166	0.454	0.372	0.082	1.332	1.125	0.207	0.477	0.357	0.12	-3.02	1935.465		0
ZINC00720212_85	1GJ6.pdb_1H4W.pdb_1QBN.pdb	1167	0.454	0.358	0.097	1.27	1.036	0.234	0.495	0.353	0.142	-3.564	1917.703		0
ZINC02295206_139	1GJ6.pdb_1H4W.pdb_1QBN.pdb	1157	0.454	0.35	0.104	1.347	1.083	0.264	0.488	0.341	0.147	-3.685	1847.029		0
ZINC03972100_118	1GJ6.pdb_1H4W.pdb_1QBN.pdb	1184	0.453	0.317	0.136	1.277	0.964	0.312	0.514	0.321	0.193	-4.859	1741.568		0
ZINC00902540_175	1GJ6.pdb_1H4W.pdb_1QBN.pdb	1186	0.453	0.348	0.104	1.326	1.062	0.265	0.489	0.341	0.147	-3.689	1851.445		0
ZINC00718798_137	1GJ6.pdb_1H4W.pdb_1QBN.pdb	1188	0.453	0.333	0.12	1.313	1.017	0.296	0.499	0.331	0.168	-4.223	1794.386		0
ZINC02645279_146	1GJ6.pdb_1H4W.pdb_1QBN.pdb	1187	0.453	0.342	0.111	1.541	1.21	0.332	0.466	0.323	0.144	-3.579	1745.087		0
ZINC03918550_72	1GJ6.pdb_1H4W.pdb_1QBN.pdb	1185	0.453	0.338	0.115	1.394	1.088	0.306	0.485	0.329	0.155	-3.887	1784.257		0
ZINC02967870_41	1GJ6.pdb_1H4W.pdb_1QBN.pdb	1182	0.453	0.321	0.131	1.294	0.965	0.329	0.505	0.325	0.179	-4.499	1765.009		0
ZINC04034423_7	1GJ6.pdb_1H4W.pdb_1QBN.pdb	1183	0.453	0.302	0.15	1.339	0.983	0.356	0.511	0.304	0.207	-5.194	1647.18		0
ZINC03857086_173	1GJ6.pdb_1H4W.pdb_1QBN.pdb	1179	0.453	0.295	0.158	1.345	0.917	0.427	0.504	0.303	0.201	-5.017	1644.891		0
ZINC00839637_106	1GJ6.pdb_1H4W.pdb_1QBN.pdb	1181	0.453	0.33	0.122	1.51	1.126	0.384	0.471	0.319	0.152	-3.781	1724.857		0
ZINC03820640_28	1GJ6.pdb_1H4W.pdb_1QBN.pdb	1177	0.453	0.328	0.125	1.505	1.138	0.367	0.475	0.316	0.159	-3.965	1707.378		0
ZINC03330151_100	1GJ6.pdb_1H4W.pdb_1QBN.pdb	1180	0.453	0.364	0.09	1.342	1.088	0.254	0.475	0.353	0.122	-3.05	1915.255		0
ZINC04161186_73	1GJ6.pdb_1H4W.pdb_1QBN.pdb	1178	0.453	0.354	0.099	1.47	1.215	0.255	0.472	0.333	0.139	-3.482	1801.918		0
ZINC03348385_95	1GJ6.pdb_1H4W.pdb_1QBN.pdb	1201	0.452	0.359	0.093	1.327	1.086	0.241	0.48	0.349	0.131	-3.29	1893.49		0
ZINC01109894_129	1GJ6.pdb_1H4W.pdb_1QBN.pdb	1190	0.452	0.346	0.106	1.413	1.113	0.3	0.475	0.334	0.141	-3.523	1809.584		0
ZINC02646254_71	1GJ6.pdb_1H4W.pdb_1QBN.pdb	1192	0.452	0.321	0.131	1.515	1.132	0.383	0.476	0.31	0.166	-4.133	1675.62		0
ZINC01911466_118	1GJ6.pdb_1H4W.pdb_1QBN.pdb	1191	0.452	0.295	0.156	1.496	1.073	0.423	0.488	0.289	0.199	-4.969	1564.146		0
ZINC00902583_141	1GJ6.pdb_1H4W.pdb_1QBN.pdb	1200	0.452	0.351	0.1	1.205	0.969	0.236	0.504	0.355	0.149	-3.748	1930.745		0
ZINC04142153_78	1GJ6.pdb_1H4W.pdb_1QBN.pdb	1202	0.452	0.334	0.118	1.507	1.135	0.372	0.469	0.321	0.147	-3.663	1739.55		0
ZINC03428233_12	1GJ6.pdb_1H4W.pdb_1QBN.pdb	1204	0.452	0.345	0.107	1.479	1.145	0.335	0.467	0.331	0.136	-3.388	1789.348		0
ZINC00767140_146	1GJ6.pdb_1H4W.pdb_1QBN.pdb	1203	0.452	0.343	0.109	1.279	1.0	0.279	0.496	0.344	0.152	-3.806	1867.606		0
ZINC04016693_34	1GJ6.pdb_1H4W.pdb_1QBN.pdb	1206	0.452	0.376	0.077	1.18	1.0	0.18	0.493	0.376	0.118	-2.967	2042.319		0
ZINC03857608_48	1GJ6.pdb_1H4W.pdb_1QBN.pdb	1205	0.452	0.331	0.121	1.324	0.986	0.338	0.492	0.333	0.159	-3.968	1805.617		0
ZINC03292185_42	1GJ6.pdb_1H4W.pdb_1QBN.pdb	1199	0.452	0.365	0.087	1.323	1.085	0.238	0.476	0.355	0.121	-3.019	1925.267		0
ZINC03857535_105	1GJ6.pdb_1H4W.pdb_1QBN.pdb	1189	0.452	0.326	0.126	1.349	1.0	0.349	0.489	0.325	0.164	-4.103	1761.679		0
ZINC04236932_14	1GJ6.pdb_1H4W.pdb_1QBN.pdb	1193	0.452	0.36	0.091	1.355	1.117	0.238	0.477	0.347	0.129	-3.244	1881.541		0
ZINC02006373_199	1GJ6.pdb_1H4W.pdb_1QBN.pdb	1194	0.452	0.335	0.117	1.315	1.03	0.285	0.497	0.331	0.166	-4.168	1797.184		0
ZINC03409168_102	1GJ6.pdb_1H4W.pdb_1QBN.pdb	1196	0.452	0.334	0.118	1.49	1.142	0.348	0.472	0.321	0.151	-3.76	1735.909		0
ZINC03915830_125	1GJ6.pdb_1H4W.pdb_1QBN.pdb	1195	0.452	0.344	0.107	1.233	0.969	0.264	0.501	0.348	0.153	-3.854	1890.478		0
ZINC03406335_175	1GJ6.pdb_1H4W.pdb_1QBN.pdb	1197	0.452	0.377	0.075	1.421	1.205	0.216	0.458	0.354	0.104	-2.591	1916.606		0
ZINC03969935_194	1GJ6.pdb_1H4W.pdb_1QBN.pdb	1198	0.452	0.319	0.133	1.46	1.111	0.349	0.487	0.31	0.177	-4.426	1674.789		0
ZINC03571172_67	1GJ6.pdb_1H4W.pdb_1QBN.pdb	1218	0.451	0.321	0.13	1.462	1.056	0.406	0.476	0.315	0.161	-3.999	1707.507		0
ZINC03992745_130	1GJ6.pdb_1H4W.pdb_1QBN.pdb	1217	0.451	0.338	0.113	1.308	1.032	0.275	0.495	0.335	0.16	-4.023	1814.219		0
ZINC03530553_66	1GJ6.pdb_1H4W.pdb_1QBN.pdb	1224	0.451	0.347	0.105	1.415	1.124	0.292	0.474	0.334	0.14	-3.507	1807.694		0
ZINC03637109_60	1GJ6.pdb_1H4W.pdb_1QBN.pdb	1223	0.451	0.365	0.087	1.357	1.121	0.236	0.471	0.351	0.12	-3.007	1901.058		0
ZINC03323121_25	1GJ6.pdb_1H4W.pdb_1QBN.pdb	1222	0.451	0.334	0.117	1.415	1.075	0.341	0.478	0.326	0.151	-3.77	1768.594		0
ZINC03822958_145	1GJ6.pdb_1H4W.pdb_1QBN.pdb	1221	0.451	0.332	0.119	1.46	1.157	0.303	0.482	0.317	0.165	-4.132	1717.292		0
ZINC03428219_5	1GJ6.pdb_1H4W.pdb_1QBN.pdb	1219	0.451	0.327	0.124	1.438	1.08	0.358	0.479	0.319	0.159	-3.964	1730.124		0
ZINC02366906_33	1GJ6.pdb_1H4W.pdb_1QBN.pdb	1220	0.451	0.365	0.086	1.298	1.085	0.213	0.481	0.355	0.126	-3.178	1925.834		0
ZINC03801144_138	1GJ6.pdb_1H4W.pdb_1QBN.pdb	1208	0.451	0.341	0.11	1.44	1.112	0.328	0.472	0.33	0.142	-3.534	1786.971		0
ZINC03327169_53	1GJ6.pdb_1H4W.pdb_1QBN.pdb	1207	0.451	0.325	0.126	1.333	1.029	0.304	0.499	0.322	0.177	-4.455	1743.484		0
ZINC03784889_100	1GJ6.pdb_1H4W.pdb_1QBN.pdb	1209	0.451	0.362	0.089	1.323	1.11	0.213	0.481	0.35	0.132	-3.313	1894.657		0
ZINC03438914_47	1GJ6.pdb_1H4W.pdb_1QBN.pdb	1210	0.451	0.354	0.098	1.437	1.159	0.278	0.468	0.337	0.131	-3.268	1826.562		0
ZINC03993077_161	1GJ6.pdb_1H4W.pdb_1QBN.pdb	1212	0.451	0.341	0.11	1.397	1.103	0.294	0.48	0.33	0.149	-3.737	1789.065		0
ZINC03418288_20	1GJ6.pdb_1H4W.pdb_1QBN.pdb	1211	0.451	0.341	0.11	1.492	1.165	0.327	0.467	0.325	0.142	-3.533	1758.963		0
ZINC00787131_122	1GJ6.pdb_1H4W.pdb_1QBN.pdb	1213	0.451	0.344	0.107	1.339	1.056	0.283	0.485	0.338	0.147	-3.678	1833.121		0
ZINC01778862_16	1GJ6.pdb_1H4W.pdb_1QBN.pdb	1214	0.451	0.303	0.148	1.456	1.059	0.397	0.489	0.298	0.191	-4.783	1610.806		0
ZINC00598345_68	1GJ6.pdb_1H4W.pdb_1QBN.pdb	1215	0.451	0.333	0.118	1.508	1.195	0.313	0.475	0.316	0.159	-3.978	1706.378		0
ZINC03980272_116	1GJ6.pdb_1H4W.pdb_1QBN.pdb	1216	0.451	0.327	0.124	1.327	1.027	0.3	0.499	0.324	0.175	-4.402	1755.044		0
ZINC03439320_78	1GJ6.pdb_1H4W.pdb_1QBN.pdb	1240	0.45	0.348	0.101	1.364	1.077	0.287	0.475	0.34	0.135	-3.374	1842.984		0
ZINC03817490_121	1GJ6.pdb_1H4W.pdb_1QBN.pdb	1231	0.45	0.347	0.103	1.408	1.116	0.292	0.472	0.335	0.137	-3.424	1813.137		0
ZINC03980156_54	1GJ6.pdb_1H4W.pdb_1QBN.pdb	1230	0.45	0.313	0.138	1.432	1.088	0.343	0.492	0.305	0.187	-4.69	1649.391		0
ZINC01124508_98	1GJ6.pdb_1H4W.pdb_1QBN.pdb	1229	0.45	0.312	0.138	1.402	1.03	0.372	0.489	0.31	0.179	-4.473	1676.639		0
ZINC02370986_196	1GJ6.pdb_1H4W.pdb_1QBN.pdb	1228	0.45	0.361	0.089	1.289	1.061	0.228	0.48	0.353	0.127	-3.178	1918.105		0
ZINC01541278_91	1GJ6.pdb_1H4W.pdb_1QBN.pdb	1227	0.45	0.347	0.103	1.523	1.232	0.291	0.463	0.326	0.137	-3.425	1762.5		0
ZINC04522150_101	1GJ6.pdb_1H4W.pdb_1QBN.pdb	1226	0.45	0.354	0.096	1.444	1.194	0.249	0.47	0.335	0.136	-3.403	1810.52		0
ZINC03415531_24	1GJ6.pdb_1H4W.pdb_1QBN.pdb	1225	0.45	0.359	0.091	1.408	1.136	0.272	0.465	0.344	0.121	-3.016	1863.38		0
ZINC03817648_68	1GJ6.pdb_1H4W.pdb_1QBN.pdb	1233	0.45	0.334	0.115	1.2	0.939	0.261	0.513	0.342	0.171	-4.312	1858.51		0
ZINC03980156_141	1GJ6.pdb_1H4W.pdb_1QBN.pdb	1241	0.45	0.309	0.141	1.427	1.077	0.35	0.493	0.303	0.191	-4.775	1638.081		0
ZINC03867359_29	1GJ6.pdb_1H4W.pdb_1QBN.pdb	1234	0.45	0.322	0.129	1.33	1.032	0.298	0.503	0.319	0.185	-4.65	1726.128		0
ZINC03939269_79	1GJ6.pdb_1H4W.pdb_1QBN.pdb	1235	0.45	0.319	0.131	1.385	1.042	0.343	0.49	0.315	0.174	-4.357	1708.554		0
ZINC03991702_46	1GJ6.pdb_1H4W.pdb_1QBN.pdb	1236	0.45	0.336	0.114	1.477	1.156	0.32	0.472	0.321	0.151	-3.769	1738.542		0
ZINC01826420_4	1GJ6.pdb_1H4W.pdb_1QBN.pdb	1237	0.45	0.354	0.095	1.317	1.059	0.258	0.479	0.348	0.131	-3.276	1885.602		0
ZINC03500184_95	1GJ6.pdb_1H4W.pdb_1QBN.pdb	1238	0.45	0.373	0.078	1.457	1.223	0.234	0.453	0.349	0.104	-2.591	1889.644		0
ZINC01764494_147	1GJ6.pdb_1H4W.pdb_1QBN.pdb	1239	0.45	0.334	0.116	1.295	1.0	0.295	0.494	0.334	0.16	-4.02	1813.088		0
ZINC03522036_51	1GJ6.pdb_1H4W.pdb_1QBN.pdb	1232	0.45	0.353	0.097	1.45	1.159	0.292	0.463	0.337	0.126	-3.15	1822.176		0
ZINC03840123_56	1GJ6.pdb_1H4W.pdb_1QBN.pdb	1245	0.449	0.306	0.143	1.318	0.99	0.328	0.51	0.307	0.202	-5.094	1665.272		0
ZINC03971723_176	1GJ6.pdb_1H4W.pdb_1QBN.pdb	1248	0.449	0.324	0.125	1.428	1.08	0.348	0.48	0.316	0.164	-4.088	1710.963		0
ZINC01248556_162	1GJ6.pdb_1H4W.pdb_1QBN.pdb	1246	0.449	0.353	0.096	1.403	1.128	0.275	0.469	0.339	0.129	-3.23	1837.651		0
ZINC03796166_141	1GJ6.pdb_1H4W.pdb_1QBN.pdb	1247	0.449	0.339	0.11	1.294	1.0	0.294	0.487	0.338	0.149	-3.735	1834.754		0
ZINC00624132_112	1GJ6.pdb_1H4W.pdb_1QBN.pdb	1243	0.449	0.338	0.111	1.468	1.156	0.312	0.47	0.323	0.147	-3.665	1748.089		0
ZINC00787133_197	1GJ6.pdb_1H4W.pdb_1QBN.pdb	1244	0.449	0.345	0.104	1.305	1.041	0.264	0.487	0.341	0.147	-3.678	1847.556		0
ZINC03405873_122	1GJ6.pdb_1H4W.pdb_1QBN.pdb	1242	0.449	0.321	0.129	1.437	1.086	0.351	0.481	0.313	0.169	-4.217	1692.119		0
ZINC03918633_147	1GJ6.pdb_1H4W.pdb_1QBN.pdb	1251	0.449	0.314	0.135	1.34	1.049	0.291	0.51	0.31	0.201	-5.074	1676.68		0
ZINC03436650_69	1GJ6.pdb_1H4W.pdb_1QBN.pdb	1249	0.449	0.357	0.091	1.514	1.252	0.262	0.457	0.334	0.123	-3.076	1803.356		0
ZINC03341362_72	1GJ6.pdb_1H4W.pdb_1QBN.pdb	1250	0.449	0.33	0.119	1.428	1.1	0.328	0.478	0.32	0.158	-3.946	1735.107		0
ZINC03818549_13	1GJ6.pdb_1H4W.pdb_1QBN.pdb	1268	0.448	0.328	0.119	1.332	1.042	0.29	0.493	0.324	0.169	-4.234	1757.142		0
ZINC03840121_32	1GJ6.pdb_1H4W.pdb_1QBN.pdb	1266	0.448	0.366	0.082	1.35	1.15	0.199	0.472	0.349	0.123	-3.097	1890.714		0
ZINC04619469_43	1GJ6.pdb_1H4W.pdb_1QBN.pdb	1270	0.448	0.345	0.103	1.437	1.145	0.292	0.468	0.331	0.137	-3.431	1790.023		0
ZINC03820514_96	1GJ6.pdb_1H4W.pdb_1QBN.pdb	1269	0.448	0.37	0.078	1.333	1.117	0.216	0.465	0.356	0.11	-2.743	1929.295		0
ZINC02656850_26	1GJ6.pdb_1H4W.pdb_1QBN.pdb	1271	0.448	0.341	0.107	1.468	1.167	0.301	0.467	0.325	0.142	-3.542	1759.591		0
ZINC01910168_11	1GJ6.pdb_1H4W.pdb_1QBN.pdb	1252	0.448	0.37	0.079	1.339	1.141	0.198	0.469	0.354	0.115	-2.897	1916.349		0
ZINC03963792_138	1GJ6.pdb_1H4W.pdb_1QBN.pdb	1257	0.448	0.338	0.11	1.25	1.0	0.25	0.502	0.339	0.163	-4.118	1837.861		0
ZINC03857491_111	1GJ6.pdb_1H4W.pdb_1QBN.pdb	1265	0.448	0.327	0.121	1.299	0.962	0.338	0.49	0.331	0.159	-3.969	1797.25		0
ZINC01539449_42	1GJ6.pdb_1H4W.pdb_1QBN.pdb	1267	0.448	0.3	0.149	1.467	1.04	0.428	0.482	0.296	0.185	-4.619	1603.391		0
ZINC03558424_43	1GJ6.pdb_1H4W.pdb_1QBN.pdb	1256	0.448	0.346	0.102	1.396	1.125	0.271	0.473	0.333	0.14	-3.516	1802.53		0
ZINC02296450_32	1GJ6.pdb_1H4W.pdb_1QBN.pdb	1253	0.448	0.362	0.086	1.271	1.058	0.213	0.481	0.355	0.126	-3.177	1925.479		0
ZINC03361773_138	1GJ6.pdb_1H4W.pdb_1QBN.pdb	1254	0.448	0.349	0.099	1.441	1.163	0.278	0.466	0.333	0.134	-3.342	1800.456		0
ZINC03511243_76	1GJ6.pdb_1H4W.pdb_1QBN.pdb	1255	0.448	0.354	0.094	1.456	1.187	0.269	0.462	0.335	0.127	-3.162	1814.787		0
ZINC03406200_141	1GJ6.pdb_1H4W.pdb_1QBN.pdb	1260	0.448	0.361	0.086	1.501	1.226	0.275	0.45	0.339	0.112	-2.784	1831.466		0
ZINC03244776_100	1GJ6.pdb_1H4W.pdb_1QBN.pdb	1264	0.448	0.337	0.111	1.486	1.14	0.346	0.464	0.323	0.141	-3.507	1749.023		0
ZINC03596757_8	1GJ6.pdb_1H4W.pdb_1QBN.pdb	1258	0.448	0.339	0.109	1.278	1.02	0.258	0.496	0.337	0.16	-4.017	1826.463		0
ZINC03531210_135	1GJ6.pdb_1H4W.pdb_1QBN.pdb	1259	0.448	0.35	0.098	1.418	1.144	0.275	0.467	0.335	0.132	-3.303	1814.835		0
ZINC03563354_194	1GJ6.pdb_1H4W.pdb_1QBN.pdb	1261	0.448	0.334	0.114	1.58	1.218	0.361	0.458	0.315	0.143	-3.554	1702.739		0
ZINC04004468_66	1GJ6.pdb_1H4W.pdb_1QBN.pdb	1263	0.448	0.314	0.134	1.488	1.138	0.35	0.481	0.303	0.178	-4.453	1636.543		0
ZINC03812787_90	1GJ6.pdb_1H4W.pdb_1QBN.pdb	1262	0.448	0.313	0.135	1.189	0.907	0.283	0.529	0.324	0.205	-5.198	1759.798		0
ZINC03022164_66	1GJ6.pdb_1H4W.pdb_1QBN.pdb	1273	0.447	0.348	0.099	1.464	1.167	0.297	0.461	0.332	0.129	-3.209	1795.629		0
ZINC00787127_162	1GJ6.pdb_1H4W.pdb_1QBN.pdb	1272	0.447	0.341	0.106	1.365	1.084	0.281	0.478	0.332	0.146	-3.651	1800.521		0
ZINC00818706_70	1GJ6.pdb_1H4W.pdb_1QBN.pdb	1282	0.447	0.339	0.108	1.314	1.048	0.266	0.488	0.333	0.155	-3.881	1808.079		0
ZINC03814030_76	1GJ6.pdb_1H4W.pdb_1QBN.pdb	1274	0.447	0.328	0.119	1.401	1.086	0.316	0.48	0.32	0.16	-4.006	1730.086		0
ZINC04013834_25	1GJ6.pdb_1H4W.pdb_1QBN.pdb	1275	0.447	0.345	0.102	1.438	1.133	0.306	0.464	0.332	0.132	-3.296	1795.277		0
ZINC04464507_26	1GJ6.pdb_1H4W.pdb_1QBN.pdb	1276	0.447	0.322	0.125	1.302	1.0	0.302	0.498	0.323	0.175	-4.405	1749.205		0
ZINC04469620_173	1GJ6.pdb_1H4W.pdb_1QBN.pdb	1277	0.447	0.314	0.132	1.313	0.966	0.347	0.494	0.318	0.176	-4.405	1724.813		0
ZINC03493448_89	1GJ6.pdb_1H4W.pdb_1QBN.pdb	1278	0.447	0.363	0.084	1.351	1.108	0.243	0.465	0.351	0.114	-2.856	1900.551		0
ZINC01547519_32	1GJ6.pdb_1H4W.pdb_1QBN.pdb	1279	0.447	0.342	0.105	1.411	1.152	0.259	0.478	0.327	0.151	-3.787	1768.7		0
ZINC00762664_79	1GJ6.pdb_1H4W.pdb_1QBN.pdb	1280	0.447	0.344	0.104	1.415	1.121	0.294	0.47	0.331	0.138	-3.453	1794.305		0
ZINC03857957_173	1GJ6.pdb_1H4W.pdb_1QBN.pdb	1281	0.447	0.314	0.132	1.313	0.966	0.347	0.494	0.318	0.176	-4.405	1724.813		0
ZINC03356245_33	1GJ6.pdb_1H4W.pdb_1QBN.pdb	1287	0.447	0.333	0.114	1.487	1.15	0.338	0.466	0.319	0.146	-3.643	1727.294		0
ZINC00818706_71	1GJ6.pdb_1H4W.pdb_1QBN.pdb	1285	0.447	0.339	0.108	1.313	1.048	0.265	0.488	0.334	0.154	-3.878	1808.266		0
ZINC03820048_108	1GJ6.pdb_1H4W.pdb_1QBN.pdb	1286	0.447	0.353	0.094	1.459	1.191	0.269	0.46	0.334	0.126	-3.156	1807.438		0
ZINC03640553_108	1GJ6.pdb_1H4W.pdb_1QBN.pdb	1284	0.447	0.356	0.091	1.336	1.128	0.209	0.481	0.342	0.139	-3.51	1852.948		0
ZINC03506031_28	1GJ6.pdb_1H4W.pdb_1QBN.pdb	1283	0.447	0.292	0.154	1.411	1.0	0.411	0.491	0.292	0.198	-4.948	1583.539		0
ZINC00959305_176	1GJ6.pdb_1H4W.pdb_1QBN.pdb	1300	0.446	0.371	0.075	1.283	1.117	0.166	0.477	0.357	0.121	-3.054	1934.369		0
ZINC02948645_134	1GJ6.pdb_1H4W.pdb_1QBN.pdb	1288	0.446	0.351	0.095	1.397	1.14	0.258	0.468	0.337	0.131	-3.276	1823.971		0
ZINC03857579_42	1GJ6.pdb_1H4W.pdb_1QBN.pdb	1289	0.446	0.335	0.111	1.323	1.026	0.297	0.483	0.332	0.151	-3.766	1800.43		0
ZINC03990238_181	1GJ6.pdb_1H4W.pdb_1QBN.pdb	1299	0.446	0.323	0.123	1.253	0.955	0.298	0.501	0.328	0.173	-4.35	1779.333		0
ZINC04619443_109	1GJ6.pdb_1H4W.pdb_1QBN.pdb	1297	0.446	0.358	0.088	1.425	1.158	0.267	0.458	0.342	0.116	-2.885	1850.734		0
ZINC00921242_55	1GJ6.pdb_1H4W.pdb_1QBN.pdb	1298	0.446	0.365	0.08	1.192	1.0	0.192	0.488	0.366	0.121	-3.058	1992.136		0
ZINC01534672_84	1GJ6.pdb_1H4W.pdb_1QBN.pdb	1302	0.446	0.321	0.125	1.384	1.082	0.302	0.489	0.313	0.175	-4.406	1697.083		0
ZINC00602904_1	1GJ6.pdb_1H4W.pdb_1QBN.pdb	1301	0.446	0.352	0.094	1.322	1.091	0.23	0.478	0.342	0.136	-3.425	1854.817		0
ZINC02653224_142	1GJ6.pdb_1H4W.pdb_1QBN.pdb	1295	0.446	0.34	0.105	1.357	1.073	0.284	0.476	0.333	0.144	-3.598	1802.289		0
ZINC04289438_185	1GJ6.pdb_1H4W.pdb_1QBN.pdb	1296	0.446	0.352	0.094	1.522	1.239	0.283	0.452	0.329	0.123	-3.061	1781.463		0
ZINC02229083_33	1GJ6.pdb_1H4W.pdb_1QBN.pdb	1293	0.446	0.348	0.097	1.329	1.065	0.264	0.475	0.341	0.134	-3.348	1848.937		0
ZINC02195813_49	1GJ6.pdb_1H4W.pdb_1QBN.pdb	1290	0.446	0.358	0.088	1.276	1.049	0.227	0.478	0.352	0.126	-3.17	1908.427		0
ZINC04464474_42	1GJ6.pdb_1H4W.pdb_1QBN.pdb	1291	0.446	0.335	0.111	1.323	1.026	0.297	0.483	0.332	0.151	-3.766	1800.43		0
ZINC04522148_171	1GJ6.pdb_1H4W.pdb_1QBN.pdb	1292	0.446	0.323	0.123	1.417	1.123	0.295	0.486	0.312	0.175	-4.389	1686.278		0
ZINC03428216_153	1GJ6.pdb_1H4W.pdb_1QBN.pdb	1294	0.446	0.346	0.1	1.42	1.126	0.294	0.464	0.333	0.131	-3.259	1804.434		0
ZINC01033522_156	1GJ6.pdb_1H4W.pdb_1QBN.pdb	1308	0.445	0.351	0.094	1.306	1.064	0.243	0.476	0.344	0.132	-3.316	1863.753		0
ZINC02651203_156	1GJ6.pdb_1H4W.pdb_1QBN.pdb	1309	0.445	0.31	0.135	1.49	1.117	0.372	0.476	0.3	0.175	-4.378	1624.106		0
ZINC02689023_46	1GJ6.pdb_1H4W.pdb_1QBN.pdb	1306	0.445	0.329	0.116	1.361	1.054	0.308	0.48	0.324	0.157	-3.925	1753.416		0
ZINC00587752_22	1GJ6.pdb_1H4W.pdb_1QBN.pdb	1303	0.445	0.348	0.097	1.401	1.124	0.278	0.465	0.335	0.131	-3.259	1814.075		0
ZINC01909903_177	1GJ6.pdb_1H4W.pdb_1QBN.pdb	1307	0.445	0.321	0.124	1.319	1.023	0.296	0.494	0.319	0.175	-4.401	1727.48		0
ZINC00902597_20	1GJ6.pdb_1H4W.pdb_1QBN.pdb	1304	0.445	0.324	0.121	1.23	0.942	0.289	0.503	0.331	0.172	-4.31	1798.676		0
ZINC03858746_160	1GJ6.pdb_1H4W.pdb_1QBN.pdb	1305	0.445	0.331	0.114	1.325	1.047	0.278	0.488	0.326	0.161	-4.055	1767.335		0
ZINC03917353_57	1GJ6.pdb_1H4W.pdb_1QBN.pdb	1325	0.444	0.366	0.078	1.355	1.141	0.214	0.459	0.35	0.109	-2.724	1897.552		0
ZINC02124510_68	1GJ6.pdb_1H4W.pdb_1QBN.pdb	1318	0.444	0.334	0.111	1.39	1.078	0.312	0.473	0.326	0.147	-3.666	1764.298		0
ZINC03944065_12	1GJ6.pdb_1H4W.pdb_1QBN.pdb	1319	0.444	0.359	0.085	1.342	1.137	0.205	0.471	0.344	0.127	-3.189	1863.146		0
ZINC01911614_188	1GJ6.pdb_1H4W.pdb_1QBN.pdb	1320	0.444	0.306	0.138	1.4	1.055	0.344	0.488	0.301	0.188	-4.702	1627.663		0
ZINC01076218_90	1GJ6.pdb_1H4W.pdb_1QBN.pdb	1316	0.444	0.303	0.141	1.408	1.026	0.381	0.484	0.3	0.183	-4.583	1626.631		0
ZINC03368208_136	1GJ6.pdb_1H4W.pdb_1QBN.pdb	1315	0.444	0.36	0.083	1.421	1.184	0.237	0.455	0.341	0.114	-2.846	1846.919		0
ZINC03802915_174	1GJ6.pdb_1H4W.pdb_1QBN.pdb	1314	0.444	0.318	0.126	1.3	0.967	0.333	0.49	0.321	0.169	-4.222	1743.288		0
ZINC03355253_76	1GJ6.pdb_1H4W.pdb_1QBN.pdb	1317	0.444	0.336	0.108	1.452	1.151	0.3	0.466	0.322	0.145	-3.612	1740.039		0
ZINC04112540_57	1GJ6.pdb_1H4W.pdb_1QBN.pdb	1313	0.444	0.313	0.131	1.384	1.055	0.329	0.487	0.308	0.179	-4.49	1665.589		0
ZINC02065595_109	1GJ6.pdb_1H4W.pdb_1QBN.pdb	1311	0.444	0.334	0.11	1.56	1.231	0.329	0.457	0.314	0.142	-3.55	1697.237		0
ZINC04619211_122	1GJ6.pdb_1H4W.pdb_1QBN.pdb	1310	0.444	0.355	0.088	1.347	1.117	0.23	0.468	0.343	0.125	-3.144	1856.299		0
ZINC01536785_53	1GJ6.pdb_1H4W.pdb_1QBN.pdb	1312	0.444	0.373	0.071	1.387	1.199	0.188	0.454	0.351	0.103	-2.57	1901.911		0
ZINC03970380_83	1GJ6.pdb_1H4W.pdb_1QBN.pdb	1321	0.444	0.356	0.089	1.374	1.135	0.238	0.465	0.341	0.123	-3.091	1849.291		0
ZINC03415536_23	1GJ6.pdb_1H4W.pdb_1QBN.pdb	1322	0.444	0.346	0.097	1.395	1.106	0.289	0.463	0.335	0.128	-3.197	1814.759		0
ZINC03820342_38	1GJ6.pdb_1H4W.pdb_1QBN.pdb	1323	0.444	0.302	0.142	1.496	1.024	0.471	0.469	0.3	0.169	-4.19	1623.371		0
ZINC03889343_61	1GJ6.pdb_1H4W.pdb_1QBN.pdb	1324	0.444	0.324	0.12	1.352	1.035	0.318	0.482	0.321	0.161	-4.033	1739.343		0
ZINC03867081_191	1GJ6.pdb_1H4W.pdb_1QBN.pdb	1341	0.443	0.289	0.155	1.419	1.0	0.419	0.486	0.289	0.197	-4.913	1564.566		0
ZINC02297647_15	1GJ6.pdb_1H4W.pdb_1QBN.pdb	1337	0.443	0.338	0.105	1.255	1.0	0.255	0.491	0.339	0.151	-3.799	1842.841		0
ZINC02656478_27	1GJ6.pdb_1H4W.pdb_1QBN.pdb	1335	0.443	0.279	0.163	1.409	0.977	0.432	0.489	0.281	0.208	-5.196	1522.059		0
ZINC02877078_120	1GJ6.pdb_1H4W.pdb_1QBN.pdb	1336	0.443	0.331	0.112	1.488	1.173	0.315	0.464	0.315	0.148	-3.697	1705.841		0
ZINC02379382_86	1GJ6.pdb_1H4W.pdb_1QBN.pdb	1332	0.443	0.339	0.104	1.389	1.112	0.276	0.471	0.328	0.143	-3.585	1775.837		0
ZINC00662544_135	1GJ6.pdb_1H4W.pdb_1QBN.pdb	1331	0.443	0.344	0.099	1.46	1.206	0.255	0.464	0.325	0.139	-3.472	1759.024		0
ZINC03421500_162	1GJ6.pdb_1H4W.pdb_1QBN.pdb	1334	0.443	0.328	0.115	1.382	1.066	0.317	0.474	0.322	0.152	-3.809	1743.057		0
ZINC03510040_71	1GJ6.pdb_1H4W.pdb_1QBN.pdb	1333	0.443	0.332	0.111	1.452	1.139	0.313	0.466	0.319	0.147	-3.681	1725.786		0
ZINC04287479_58	1GJ6.pdb_1H4W.pdb_1QBN.pdb	1330	0.443	0.334	0.109	1.476	1.173	0.303	0.464	0.319	0.146	-3.642	1722.83		0
ZINC04128141_40	1GJ6.pdb_1H4W.pdb_1QBN.pdb	1327	0.443	0.358	0.084	1.485	1.255	0.231	0.451	0.334	0.117	-2.924	1806.463		0
ZINC03367645_64	1GJ6.pdb_1H4W.pdb_1QBN.pdb	1326	0.443	0.317	0.126	1.435	1.071	0.364	0.472	0.31	0.162	-4.035	1680.449		0
ZINC03594497_151	1GJ6.pdb_1H4W.pdb_1QBN.pdb	1328	0.443	0.36	0.083	1.321	1.081	0.239	0.463	0.351	0.112	-2.808	1901.13		0
ZINC04522097_127	1GJ6.pdb_1H4W.pdb_1QBN.pdb	1329	0.443	0.347	0.096	1.437	1.177	0.261	0.462	0.33	0.132	-3.31	1784.978		0
ZINC03972102_196	1GJ6.pdb_1H4W.pdb_1QBN.pdb	1342	0.443	0.322	0.121	1.249	0.967	0.282	0.5	0.326	0.174	-4.388	1767.945		0
ZINC04424329_110	1GJ6.pdb_1H4W.pdb_1QBN.pdb	1339	0.443	0.344	0.098	1.439	1.173	0.266	0.462	0.328	0.135	-3.376	1772.003		0
ZINC00921217_63	1GJ6.pdb_1H4W.pdb_1QBN.pdb	1340	0.443	0.349	0.094	1.21	0.969	0.241	0.487	0.353	0.134	-3.369	1918.108		0
ZINC03980070_137	1GJ6.pdb_1H4W.pdb_1QBN.pdb	1338	0.443	0.36	0.083	1.184	0.989	0.195	0.489	0.361	0.127	-3.214	1963.132		0
ZINC04001668_176	1GJ6.pdb_1H4W.pdb_1QBN.pdb	1357	0.442	0.363	0.079	1.28	1.082	0.199	0.469	0.353	0.115	-2.897	1917.389		0
ZINC03522035_76	1GJ6.pdb_1H4W.pdb_1QBN.pdb	1354	0.442	0.371	0.071	1.422	1.202	0.219	0.444	0.349	0.095	-2.369	1890.677		0
ZINC03919972_116	1GJ6.pdb_1H4W.pdb_1QBN.pdb	1353	0.442	0.384	0.058	1.271	1.108	0.164	0.453	0.37	0.083	-2.078	2007.308		0
ZINC02952022_12	1GJ6.pdb_1H4W.pdb_1QBN.pdb	1347	0.442	0.336	0.107	1.38	1.094	0.286	0.471	0.326	0.145	-3.63	1766.335		0
ZINC03297449_79	1GJ6.pdb_1H4W.pdb_1QBN.pdb	1349	0.442	0.324	0.118	1.352	1.028	0.324	0.477	0.321	0.156	-3.896	1740.68		0
ZINC03987230_194	1GJ6.pdb_1H4W.pdb_1QBN.pdb	1350	0.442	0.325	0.117	1.356	1.045	0.312	0.479	0.321	0.158	-3.959	1738.004		0
ZINC03344411_145	1GJ6.pdb_1H4W.pdb_1QBN.pdb	1355	0.442	0.342	0.1	1.442	1.147	0.295	0.458	0.327	0.131	-3.263	1772.533		0
ZINC02650458_112	1GJ6.pdb_1H4W.pdb_1QBN.pdb	1356	0.442	0.332	0.11	1.285	1.015	0.27	0.487	0.33	0.157	-3.943	1789.87		0
ZINC00588653_198	1GJ6.pdb_1H4W.pdb_1QBN.pdb	1348	0.442	0.311	0.131	1.329	1.0	0.329	0.49	0.31	0.18	-4.5	1681.271		0
ZINC00588652_130	1GJ6.pdb_1H4W.pdb_1QBN.pdb	1346	0.442	0.313	0.129	1.31	1.0	0.31	0.493	0.312	0.181	-4.538	1691.523		0
ZINC03923917_22	1GJ6.pdb_1H4W.pdb_1QBN.pdb	1351	0.442	0.358	0.084	1.29	1.047	0.243	0.467	0.352	0.114	-2.854	1912.808		0
ZINC00588653_198	1GJ6.pdb_1H4W.pdb_1QBN.pdb	1343	0.442	0.311	0.131	1.329	1.0	0.329	0.49	0.31	0.18	-4.5	1681.271		0
ZINC03867662_173	1GJ6.pdb_1H4W.pdb_1QBN.pdb	1344	0.442	0.343	0.099	1.411	1.143	0.268	0.465	0.329	0.136	-3.397	1779.387		0
ZINC04161213_157	1GJ6.pdb_1H4W.pdb_1QBN.pdb	1345	0.442	0.341	0.101	1.428	1.168	0.26	0.467	0.325	0.142	-3.552	1758.889		0
ZINC02656321_71	1GJ6.pdb_1H4W.pdb_1QBN.pdb	1352	0.442	0.326	0.116	1.415	1.095	0.32	0.471	0.317	0.154	-3.844	1717.317		0
ZINC02712483_1	1GJ6.pdb_1H4W.pdb_1QBN.pdb	1359	0.441	0.32	0.121	1.337	1.031	0.306	0.484	0.317	0.167	-4.177	1717.583		0
ZINC03659281_89	1GJ6.pdb_1H4W.pdb_1QBN.pdb	1360	0.441	0.319	0.122	1.352	1.03	0.322	0.48	0.316	0.163	-4.089	1714.936		0
ZINC02612839_49	1GJ6.pdb_1H4W.pdb_1QBN.pdb	1358	0.441	0.369	0.072	1.299	1.077	0.221	0.456	0.36	0.096	-2.391	1952.289		0
ZINC01341242_40	1GJ6.pdb_1H4W.pdb_1QBN.pdb	1369	0.441	0.324	0.117	1.454	1.114	0.34	0.464	0.314	0.151	-3.761	1696.971		0
ZINC03408530_104	1GJ6.pdb_1H4W.pdb_1QBN.pdb	1377	0.441	0.339	0.103	1.37	1.079	0.291	0.468	0.331	0.137	-3.42	1791.205		0
ZINC03367652_82	1GJ6.pdb_1H4W.pdb_1QBN.pdb	1376	0.441	0.318	0.123	1.473	1.094	0.379	0.463	0.309	0.154	-3.841	1672.803		0
ZINC02929148_43	1GJ6.pdb_1H4W.pdb_1QBN.pdb	1375	0.441	0.313	0.128	1.276	0.955	0.322	0.493	0.318	0.175	-4.392	1724.523		0
ZINC01483726_42	1GJ6.pdb_1H4W.pdb_1QBN.pdb	1367	0.441	0.309	0.132	1.283	0.953	0.33	0.494	0.314	0.18	-4.501	1704.968		0
ZINC03976197_179	1GJ6.pdb_1H4W.pdb_1QBN.pdb	1365	0.441	0.283	0.158	1.501	1.02	0.481	0.472	0.282	0.19	-4.729	1524.275		0
ZINC03271184_57	1GJ6.pdb_1H4W.pdb_1QBN.pdb	1364	0.441	0.334	0.107	1.408	1.093	0.315	0.464	0.325	0.14	-3.486	1757.592		0
ZINC00779494_4	1GJ6.pdb_1H4W.pdb_1QBN.pdb	1363	0.441	0.316	0.125	1.41	1.063	0.347	0.473	0.31	0.163	-4.074	1679.133		0
ZINC03427467_23	1GJ6.pdb_1H4W.pdb_1QBN.pdb	1362	0.441	0.352	0.088	1.462	1.176	0.286	0.448	0.335	0.113	-2.81	1811.976		0
ZINC03825315_118	1GJ6.pdb_1H4W.pdb_1QBN.pdb	1368	0.441	0.309	0.132	1.34	1.035	0.305	0.494	0.306	0.189	-4.743	1655.637		0
ZINC03831757_153	1GJ6.pdb_1H4W.pdb_1QBN.pdb	1366	0.441	0.323	0.117	1.503	1.132	0.371	0.458	0.312	0.147	-3.648	1685.29		0
ZINC02946022_171	1GJ6.pdb_1H4W.pdb_1QBN.pdb	1374	0.441	0.36	0.081	1.176	1.0	0.176	0.489	0.359	0.13	-3.283	1950.859		0
ZINC02689021_141	1GJ6.pdb_1H4W.pdb_1QBN.pdb	1373	0.441	0.337	0.104	1.353	1.073	0.28	0.472	0.33	0.142	-3.557	1785.461		0
ZINC02578005_186	1GJ6.pdb_1H4W.pdb_1QBN.pdb	1372	0.441	0.353	0.088	1.366	1.125	0.241	0.461	0.339	0.122	-3.054	1837.548		0
ZINC04287505_114	1GJ6.pdb_1H4W.pdb_1QBN.pdb	1371	0.441	0.33	0.111	1.477	1.132	0.346	0.459	0.318	0.141	-3.502	1720.216		0
ZINC02245596_33	1GJ6.pdb_1H4W.pdb_1QBN.pdb	1370	0.441	0.347	0.094	1.378	1.126	0.252	0.464	0.334	0.131	-3.272	1806.392		0
ZINC02212825_56	1GJ6.pdb_1H4W.pdb_1QBN.pdb	1361	0.441	0.331	0.11	1.308	1.013	0.295	0.479	0.329	0.15	-3.748	1786.226		0
ZINC03342650_133	1GJ6.pdb_1H4W.pdb_1QBN.pdb	1384	0.44	0.325	0.115	1.526	1.185	0.341	0.457	0.309	0.148	-3.681	1670.605		0
ZINC00719055_73	1GJ6.pdb_1H4W.pdb_1QBN.pdb	1385	0.44	0.336	0.105	1.317	1.044	0.273	0.476	0.331	0.145	-3.635	1794.22		0
ZINC03969853_169	1GJ6.pdb_1H4W.pdb_1QBN.pdb	1386	0.44	0.334	0.105	1.413	1.129	0.284	0.466	0.322	0.144	-3.598	1742.935		0
ZINC03228417_132	1GJ6.pdb_1H4W.pdb_1QBN.pdb	1388	0.44	0.359	0.081	1.53	1.265	0.265	0.439	0.334	0.105	-2.603	1805.835		0
ZINC04619155_95	1GJ6.pdb_1H4W.pdb_1QBN.pdb	1383	0.44	0.363	0.078	1.33	1.116	0.214	0.458	0.349	0.109	-2.717	1893.71		0
ZINC01109283_174	1GJ6.pdb_1H4W.pdb_1QBN.pdb	1382	0.44	0.34	0.1	1.389	1.089	0.3	0.461	0.33	0.13	-3.244	1790.359		0
ZINC03977400_86	1GJ6.pdb_1H4W.pdb_1QBN.pdb	1381	0.44	0.342	0.098	1.359	1.08	0.279	0.465	0.334	0.131	-3.278	1807.746		0
ZINC03971724_181	1GJ6.pdb_1H4W.pdb_1QBN.pdb	1378	0.44	0.353	0.087	1.403	1.152	0.25	0.455	0.337	0.118	-2.94	1826.369		0
ZINC03864337_10	1GJ6.pdb_1H4W.pdb_1QBN.pdb	1380	0.44	0.313	0.127	1.274	0.94	0.335	0.489	0.319	0.17	-4.246	1732.941		0
ZINC03304729_63	1GJ6.pdb_1H4W.pdb_1QBN.pdb	1379	0.44	0.337	0.104	1.37	1.096	0.275	0.469	0.327	0.142	-3.565	1770.742		0
ZINC00794277_178	1GJ6.pdb_1H4W.pdb_1QBN.pdb	1387	0.44	0.34	0.1	1.455	1.154	0.301	0.455	0.325	0.13	-3.245	1759.513		0
ZINC04092008_149	1GJ6.pdb_1H4W.pdb_1QBN.pdb	1400	0.439	0.333	0.106	1.299	1.015	0.284	0.476	0.332	0.144	-3.605	1799.169		0
ZINC01840065_32	1GJ6.pdb_1H4W.pdb_1QBN.pdb	1401	0.439	0.344	0.095	1.288	1.041	0.246	0.474	0.34	0.134	-3.365	1841.792		0
ZINC03480987_57	1GJ6.pdb_1H4W.pdb_1QBN.pdb	1390	0.439	0.341	0.098	1.375	1.079	0.296	0.461	0.333	0.128	-3.194	1803.849		0
ZINC03429432_39	1GJ6.pdb_1H4W.pdb_1QBN.pdb	1389	0.439	0.315	0.124	1.452	1.108	0.344	0.467	0.305	0.162	-4.045	1651.8		0
ZINC03937878_68	1GJ6.pdb_1H4W.pdb_1QBN.pdb	1391	0.439	0.31	0.129	1.392	1.092	0.299	0.487	0.302	0.185	-4.651	1635.533		0
ZINC02297135_167	1GJ6.pdb_1H4W.pdb_1QBN.pdb	1392	0.439	0.354	0.085	1.286	1.044	0.242	0.465	0.349	0.117	-2.914	1892.269		0
ZINC00601247_159	1GJ6.pdb_1H4W.pdb_1QBN.pdb	1393	0.439	0.304	0.136	1.493	1.071	0.421	0.465	0.298	0.167	-4.152	1609.878		0
ZINC03990241_114	1GJ6.pdb_1H4W.pdb_1QBN.pdb	1402	0.439	0.332	0.107	1.239	0.975	0.264	0.488	0.335	0.153	-3.852	1817.766		0
ZINC03405968_143	1GJ6.pdb_1H4W.pdb_1QBN.pdb	1403	0.439	0.334	0.105	1.439	1.145	0.293	0.462	0.32	0.141	-3.527	1733.604		0
ZINC00718797_7	1GJ6.pdb_1H4W.pdb_1QBN.pdb	1399	0.439	0.307	0.132	1.337	1.0	0.337	0.486	0.307	0.179	-4.482	1666.319		0
ZINC03936343_37	1GJ6.pdb_1H4W.pdb_1QBN.pdb	1398	0.439	0.321	0.118	1.299	1.0	0.299	0.484	0.322	0.163	-4.078	1744.398		0
ZINC03816533_103	1GJ6.pdb_1H4W.pdb_1QBN.pdb	1397	0.439	0.347	0.092	1.35	1.072	0.278	0.46	0.34	0.12	-2.998	1840.743		0
ZINC02645276_90	1GJ6.pdb_1H4W.pdb_1QBN.pdb	1396	0.439	0.317	0.122	1.526	1.166	0.36	0.459	0.303	0.156	-3.884	1636.899		0
ZINC03271207_136	1GJ6.pdb_1H4W.pdb_1QBN.pdb	1394	0.439	0.352	0.087	1.42	1.16	0.26	0.451	0.336	0.116	-2.882	1816.4		0
ZINC03867781_131	1GJ6.pdb_1H4W.pdb_1QBN.pdb	1395	0.439	0.339	0.1	1.373	1.126	0.247	0.471	0.327	0.144	-3.613	1770.272		0
ZINC03857636_87	1GJ6.pdb_1H4W.pdb_1QBN.pdb	1417	0.438	0.285	0.152	1.287	0.894	0.393	0.495	0.295	0.199	-4.989	1602.85		0
ZINC02877078_194	1GJ6.pdb_1H4W.pdb_1QBN.pdb	1416	0.438	0.318	0.119	1.457	1.14	0.316	0.467	0.306	0.161	-4.021	1656.45		0
ZINC04221337_97	1GJ6.pdb_1H4W.pdb_1QBN.pdb	1406	0.438	0.318	0.12	1.498	1.145	0.353	0.459	0.306	0.153	-3.814	1652.709		0
ZINC04464527_189	1GJ6.pdb_1H4W.pdb_1QBN.pdb	1407	0.438	0.29	0.148	1.274	0.908	0.366	0.498	0.299	0.199	-4.989	1621.331		0
ZINC03672559_111	1GJ6.pdb_1H4W.pdb_1QBN.pdb	1404	0.438	0.329	0.109	1.306	1.026	0.279	0.478	0.326	0.152	-3.817	1767.551		0
ZINC04464501_87	1GJ6.pdb_1H4W.pdb_1QBN.pdb	1405	0.438	0.285	0.152	1.287	0.894	0.393	0.495	0.295	0.199	-4.989	1602.85		0
ZINC03522031_169	1GJ6.pdb_1H4W.pdb_1QBN.pdb	1409	0.438	0.32	0.118	1.428	1.097	0.33	0.467	0.311	0.155	-3.882	1685.386		0
ZINC02877078_194	1GJ6.pdb_1H4W.pdb_1QBN.pdb	1408	0.438	0.318	0.119	1.457	1.14	0.316	0.467	0.306	0.161	-4.021	1656.45		0
ZINC02300758_13	1GJ6.pdb_1H4W.pdb_1QBN.pdb	1413	0.438	0.339	0.099	1.186	0.959	0.226	0.494	0.343	0.151	-3.799	1866.036		0
ZINC04354140_88	1GJ6.pdb_1H4W.pdb_1QBN.pdb	1412	0.438	0.345	0.092	1.258	1.031	0.226	0.476	0.342	0.135	-3.381	1854.873		0
ZINC02970984_42	1GJ6.pdb_1H4W.pdb_1QBN.pdb	1415	0.438	0.361	0.076	1.213	1.02	0.193	0.471	0.359	0.112	-2.818	1948.325		0
ZINC03270022_14	1GJ6.pdb_1H4W.pdb_1QBN.pdb	1414	0.438	0.325	0.113	1.317	1.019	0.298	0.478	0.323	0.155	-3.867	1751.172		0
ZINC03857694_189	1GJ6.pdb_1H4W.pdb_1QBN.pdb	1411	0.438	0.29	0.148	1.274	0.908	0.366	0.498	0.299	0.199	-4.989	1621.331		0
ZINC03346129_173	1GJ6.pdb_1H4W.pdb_1QBN.pdb	1410	0.438	0.363	0.076	1.436	1.22	0.216	0.444	0.34	0.104	-2.599	1841.506		0
ZINC04004468_94	1GJ6.pdb_1H4W.pdb_1QBN.pdb	1433	0.437	0.33	0.107	1.468	1.181	0.287	0.46	0.314	0.146	-3.645	1698.933		0
ZINC03444046_116	1GJ6.pdb_1H4W.pdb_1QBN.pdb	1432	0.437	0.326	0.111	1.398	1.102	0.296	0.467	0.317	0.15	-3.753	1713.389		0
ZINC03944210_94	1GJ6.pdb_1H4W.pdb_1QBN.pdb	1425	0.437	0.334	0.103	1.348	1.084	0.264	0.469	0.326	0.144	-3.605	1763.974		0
ZINC03521772_74	1GJ6.pdb_1H4W.pdb_1QBN.pdb	1424	0.437	0.336	0.1	1.412	1.127	0.285	0.458	0.324	0.134	-3.343	1754.105		0
ZINC03821396_188	1GJ6.pdb_1H4W.pdb_1QBN.pdb	1423	0.437	0.352	0.085	1.344	1.098	0.246	0.457	0.341	0.116	-2.887	1848.637		0
ZINC04464188_169	1GJ6.pdb_1H4W.pdb_1QBN.pdb	1422	0.437	0.329	0.108	1.258	0.982	0.276	0.482	0.331	0.15	-3.766	1797.8		0
ZINC03857181_169	1GJ6.pdb_1H4W.pdb_1QBN.pdb	1421	0.437	0.329	0.108	1.258	0.982	0.276	0.482	0.331	0.15	-3.766	1797.8		0
ZINC03338441_152	1GJ6.pdb_1H4W.pdb_1QBN.pdb	1426	0.437	0.326	0.111	1.566	1.235	0.331	0.45	0.307	0.143	-3.567	1656.36		0
ZINC03818622_70	1GJ6.pdb_1H4W.pdb_1QBN.pdb	1428	0.437	0.296	0.141	1.297	0.929	0.368	0.489	0.303	0.187	-4.673	1641.159		0
ZINC00902542_159	1GJ6.pdb_1H4W.pdb_1QBN.pdb	1427	0.437	0.334	0.103	1.291	1.03	0.261	0.476	0.331	0.145	-3.641	1796.1		0
ZINC01549329_65	1GJ6.pdb_1H4W.pdb_1QBN.pdb	1434	0.437	0.337	0.1	1.244	1.0	0.244	0.483	0.338	0.145	-3.634	1836.779		0
ZINC03936136_15	1GJ6.pdb_1H4W.pdb_1QBN.pdb	1436	0.437	0.32	0.117	1.374	1.077	0.297	0.474	0.313	0.162	-4.048	1694.068		0
ZINC02688635_153	1GJ6.pdb_1H4W.pdb_1QBN.pdb	1431	0.437	0.319	0.118	1.407	1.108	0.299	0.473	0.309	0.163	-4.097	1672.733		0
ZINC03966737_172	1GJ6.pdb_1H4W.pdb_1QBN.pdb	1430	0.437	0.341	0.096	1.279	1.056	0.224	0.479	0.335	0.144	-3.619	1817.323		0
ZINC01534671_160	1GJ6.pdb_1H4W.pdb_1QBN.pdb	1429	0.437	0.33	0.107	1.357	1.094	0.263	0.474	0.321	0.153	-3.842	1738.963		0
ZINC03274648_106	1GJ6.pdb_1H4W.pdb_1QBN.pdb	1420	0.437	0.305	0.133	1.403	1.022	0.381	0.472	0.303	0.169	-4.217	1639.619		0
ZINC03521771_111	1GJ6.pdb_1H4W.pdb_1QBN.pdb	1419	0.437	0.337	0.1	1.413	1.129	0.285	0.458	0.325	0.134	-3.343	1756.927		0
ZINC04221592_130	1GJ6.pdb_1H4W.pdb_1QBN.pdb	1418	0.437	0.268	0.169	1.375	0.965	0.41	0.493	0.27	0.223	-5.596	1462.123		0
ZINC03992723_148	1GJ6.pdb_1H4W.pdb_1QBN.pdb	1435	0.437	0.345	0.092	1.325	1.087	0.238	0.465	0.336	0.13	-3.248	1820.089		0
ZINC03930259_28	1GJ6.pdb_1H4W.pdb_1QBN.pdb	1439	0.436	0.314	0.122	1.316	1.021	0.295	0.484	0.312	0.172	-4.309	1691.076		0
ZINC03449087_13	1GJ6.pdb_1H4W.pdb_1QBN.pdb	1442	0.436	0.289	0.147	1.423	1.0	0.423	0.472	0.289	0.184	-4.575	1562.314		0
ZINC03992818_50	1GJ6.pdb_1H4W.pdb_1QBN.pdb	1438	0.436	0.335	0.1	1.187	0.948	0.239	0.489	0.341	0.148	-3.717	1854.508		0
ZINC04388344_104	1GJ6.pdb_1H4W.pdb_1QBN.pdb	1437	0.436	0.351	0.085	1.302	1.079	0.223	0.464	0.342	0.121	-3.04	1856.611		0
ZINC01909882_159	1GJ6.pdb_1H4W.pdb_1QBN.pdb	1441	0.436	0.343	0.093	1.403	1.165	0.239	0.459	0.327	0.133	-3.327	1768.005		0
ZINC04464516_50	1GJ6.pdb_1H4W.pdb_1QBN.pdb	1440	0.436	0.335	0.1	1.187	0.948	0.239	0.489	0.341	0.148	-3.717	1854.508		0
ZINC03834179_1	1GJ6.pdb_1H4W.pdb_1QBN.pdb	1457	0.435	0.316	0.118	1.175	0.875	0.3	0.495	0.331	0.164	-4.101	1800.596		1
ZINC03575230_122	1GJ6.pdb_1H4W.pdb_1QBN.pdb	1450	0.435	0.301	0.134	1.511	1.126	0.384	0.462	0.291	0.17	-4.245	1573.898		0
ZINC03322733_57	1GJ6.pdb_1H4W.pdb_1QBN.pdb	1449	0.435	0.316	0.12	1.44	1.092	0.347	0.462	0.307	0.154	-3.844	1663.877		0
ZINC00783922_117	1GJ6.pdb_1H4W.pdb_1QBN.pdb	1455	0.435	0.305	0.13	1.51	1.105	0.405	0.457	0.296	0.16	-3.988	1602.668		0
ZINC04030420_48	1GJ6.pdb_1H4W.pdb_1QBN.pdb	1456	0.435	0.352	0.083	1.241	1.016	0.224	0.467	0.35	0.116	-2.914	1901.686		0
ZINC03820759_103	1GJ6.pdb_1H4W.pdb_1QBN.pdb	1453	0.435	0.339	0.096	1.269	1.048	0.221	0.478	0.334	0.145	-3.644	1809.826		0
ZINC04257394_131	1GJ6.pdb_1H4W.pdb_1QBN.pdb	1452	0.435	0.319	0.116	1.457	1.133	0.324	0.46	0.308	0.153	-3.809	1664.451		0
ZINC03820759_103	1GJ6.pdb_1H4W.pdb_1QBN.pdb	1451	0.435	0.339	0.096	1.269	1.048	0.221	0.478	0.334	0.145	-3.644	1809.826		0
ZINC04529429_73	1GJ6.pdb_1H4W.pdb_1QBN.pdb	1454	0.435	0.318	0.117	1.418	1.091	0.327	0.464	0.31	0.154	-3.845	1676.885		0
ZINC02238941_188	1GJ6.pdb_1H4W.pdb_1QBN.pdb	1446	0.435	0.338	0.097	1.284	1.014	0.271	0.467	0.337	0.13	-3.26	1826.063		0
ZINC01740673_171	1GJ6.pdb_1H4W.pdb_1QBN.pdb	1445	0.435	0.283	0.152	1.305	0.893	0.412	0.487	0.293	0.194	-4.84	1590.441		0
ZINC03315248_11	1GJ6.pdb_1H4W.pdb_1QBN.pdb	1447	0.435	0.326	0.108	1.427	1.083	0.345	0.455	0.318	0.136	-3.389	1723.796		0
ZINC03801144_172	1GJ6.pdb_1H4W.pdb_1QBN.pdb	1448	0.435	0.33	0.105	1.401	1.086	0.315	0.458	0.322	0.137	-3.401	1742.294		0
ZINC01894248_25	1GJ6.pdb_1H4W.pdb_1QBN.pdb	1444	0.435	0.345	0.091	1.447	1.221	0.226	0.456	0.325	0.131	-3.299	1754.504		0
ZINC03529023_67	1GJ6.pdb_1H4W.pdb_1QBN.pdb	1443	0.435	0.354	0.08	1.444	1.202	0.242	0.442	0.334	0.108	-2.682	1808.932		0
ZINC03808436_121	1GJ6.pdb_1H4W.pdb_1QBN.pdb	1466	0.434	0.299	0.135	1.354	1.0	0.354	0.478	0.299	0.18	-4.496	1618.046		0
ZINC00588652_118	1GJ6.pdb_1H4W.pdb_1QBN.pdb	1459	0.434	0.354	0.08	1.306	1.103	0.202	0.46	0.342	0.118	-2.958	1855.425		0
ZINC02623435_2	1GJ6.pdb_1H4W.pdb_1QBN.pdb	1458	0.434	0.326	0.108	1.344	1.068	0.276	0.47	0.32	0.151	-3.778	1730.74		0
ZINC04013834_85	1GJ6.pdb_1H4W.pdb_1QBN.pdb	1463	0.434	0.292	0.142	1.412	1.0	0.412	0.47	0.292	0.179	-4.447	1580.403		0
ZINC03493446_26	1GJ6.pdb_1H4W.pdb_1QBN.pdb	1460	0.434	0.368	0.066	1.313	1.119	0.194	0.446	0.354	0.091	-2.276	1921.383		0
ZINC01117954_66	1GJ6.pdb_1H4W.pdb_1QBN.pdb	1461	0.434	0.341	0.093	1.385	1.118	0.267	0.454	0.329	0.125	-3.131	1781.668		0
ZINC01076216_101	1GJ6.pdb_1H4W.pdb_1QBN.pdb	1462	0.434	0.322	0.112	1.388	1.078	0.31	0.464	0.315	0.149	-3.726	1704.696		0
ZINC04176624_116	1GJ6.pdb_1H4W.pdb_1QBN.pdb	1465	0.434	0.302	0.132	1.378	1.031	0.347	0.475	0.299	0.176	-4.397	1618.821		0
ZINC03391415_109	1GJ6.pdb_1H4W.pdb_1QBN.pdb	1464	0.434	0.356	0.078	1.317	1.093	0.224	0.453	0.345	0.108	-2.69	1871.539		0
ZINC03524549_196	1GJ6.pdb_1H4W.pdb_1QBN.pdb	1467	0.433	0.346	0.086	1.388	1.155	0.233	0.452	0.331	0.121	-3.024	1790.805		0
ZINC03810255_5	1GJ6.pdb_1H4W.pdb_1QBN.pdb	1482	0.433	0.312	0.121	1.321	1.0	0.321	0.475	0.312	0.163	-4.08	1688.156		0
ZINC01909876_140	1GJ6.pdb_1H4W.pdb_1QBN.pdb	1484	0.433	0.34	0.094	1.399	1.159	0.239	0.458	0.325	0.133	-3.337	1757.345		0
ZINC03351334_82	1GJ6.pdb_1H4W.pdb_1QBN.pdb	1483	0.433	0.307	0.126	1.429	1.06	0.37	0.462	0.302	0.16	-3.99	1632.36		0
ZINC03820584_199	1GJ6.pdb_1H4W.pdb_1QBN.pdb	1478	0.433	0.319	0.113	1.492	1.133	0.359	0.45	0.308	0.142	-3.53	1664.851		0
ZINC01811506_98	1GJ6.pdb_1H4W.pdb_1QBN.pdb	1477	0.433	0.282	0.152	1.274	0.862	0.412	0.489	0.295	0.194	-4.841	1601.067		0
ZINC02299908_128	1GJ6.pdb_1H4W.pdb_1QBN.pdb	1474	0.433	0.35	0.083	1.242	1.018	0.224	0.465	0.348	0.116	-2.914	1891.182		0
ZINC00588651_113	1GJ6.pdb_1H4W.pdb_1QBN.pdb	1476	0.433	0.344	0.09	1.328	1.084	0.244	0.459	0.335	0.124	-3.1	1815.354		0
ZINC03974622_20	1GJ6.pdb_1H4W.pdb_1QBN.pdb	1475	0.433	0.343	0.09	1.189	0.965	0.224	0.478	0.347	0.13	-3.276	1886.279		0
ZINC03975101_191	1GJ6.pdb_1H4W.pdb_1QBN.pdb	1473	0.433	0.321	0.112	1.2	0.936	0.264	0.491	0.328	0.163	-4.11	1779.856		0
ZINC02292197_173	1GJ6.pdb_1H4W.pdb_1QBN.pdb	1471	0.433	0.334	0.098	1.232	1.0	0.232	0.481	0.335	0.146	-3.678	1816.204		0
ZINC03558425_118	1GJ6.pdb_1H4W.pdb_1QBN.pdb	1469	0.433	0.341	0.092	1.362	1.115	0.247	0.458	0.33	0.128	-3.209	1785.342		0
ZINC00588653_186	1GJ6.pdb_1H4W.pdb_1QBN.pdb	1468	0.433	0.323	0.11	1.315	1.034	0.281	0.473	0.32	0.153	-3.832	1732.824		0
ZINC03481005_73	1GJ6.pdb_1H4W.pdb_1QBN.pdb	1472	0.433	0.335	0.098	1.38	1.085	0.296	0.455	0.327	0.128	-3.188	1768.827		0
ZINC03933659_195	1GJ6.pdb_1H4W.pdb_1QBN.pdb	1481	0.433	0.329	0.105	1.366	1.07	0.296	0.461	0.322	0.139	-3.477	1742.667		0
ZINC02491745_101	1GJ6.pdb_1H4W.pdb_1QBN.pdb	1479	0.433	0.338	0.095	1.277	1.03	0.247	0.469	0.334	0.134	-3.37	1812.896		0
ZINC03388500_30	1GJ6.pdb_1H4W.pdb_1QBN.pdb	1480	0.433	0.334	0.099	1.472	1.173	0.299	0.448	0.318	0.129	-3.225	1722.461		0
ZINC00902546_26	1GJ6.pdb_1H4W.pdb_1QBN.pdb	1470	0.433	0.327	0.106	1.281	1.0	0.281	0.473	0.327	0.146	-3.657	1775.856		0
ZINC00882604_103	1GJ6.pdb_1H4W.pdb_1QBN.pdb	1487	0.432	0.352	0.08	1.426	1.185	0.241	0.441	0.333	0.107	-2.671	1804.199		0
ZINC04030431_57	1GJ6.pdb_1H4W.pdb_1QBN.pdb	1489	0.432	0.352	0.081	1.221	1.012	0.209	0.466	0.35	0.116	-2.914	1901.006		0
ZINC03406198_183	1GJ6.pdb_1H4W.pdb_1QBN.pdb	1485	0.432	0.337	0.095	1.463	1.164	0.299	0.444	0.322	0.122	-3.026	1741.638		0
ZINC03975545_49	1GJ6.pdb_1H4W.pdb_1QBN.pdb	1488	0.432	0.298	0.134	1.323	1.024	0.299	0.492	0.296	0.196	-4.93	1603.828		0
ZINC01491246_97	1GJ6.pdb_1H4W.pdb_1QBN.pdb	1486	0.432	0.3	0.133	1.262	0.943	0.318	0.491	0.305	0.185	-4.657	1655.348		0
ZINC03796512_54	1GJ6.pdb_1H4W.pdb_1QBN.pdb	1506	0.431	0.345	0.086	1.36	1.098	0.262	0.448	0.335	0.113	-2.826	1813.797		0
ZINC03980048_96	1GJ6.pdb_1H4W.pdb_1QBN.pdb	1507	0.431	0.307	0.123	1.298	1.0	0.298	0.481	0.308	0.174	-4.36	1666.797		0
ZINC01491246_121	1GJ6.pdb_1H4W.pdb_1QBN.pdb	1490	0.431	0.298	0.133	1.258	0.939	0.319	0.49	0.304	0.186	-4.664	1648.265		0
ZINC04464286_189	1GJ6.pdb_1H4W.pdb_1QBN.pdb	1491	0.431	0.288	0.143	1.226	0.871	0.355	0.494	0.301	0.193	-4.838	1633.452		0
ZINC03944075_1	1GJ6.pdb_1H4W.pdb_1QBN.pdb	1492	0.431	0.32	0.111	1.278	0.966	0.312	0.47	0.323	0.147	-3.666	1754.537		0
ZINC01069658_75	1GJ6.pdb_1H4W.pdb_1QBN.pdb	1493	0.431	0.312	0.119	1.279	0.985	0.294	0.481	0.314	0.167	-4.189	1700.262		0
ZINC02297848_199	1GJ6.pdb_1H4W.pdb_1QBN.pdb	1494	0.431	0.33	0.101	1.218	0.971	0.247	0.48	0.334	0.146	-3.678	1810.873		0
ZINC03480984_138	1GJ6.pdb_1H4W.pdb_1QBN.pdb	1495	0.431	0.333	0.098	1.355	1.06	0.295	0.455	0.327	0.128	-3.185	1771.271		0
ZINC03857293_189	1GJ6.pdb_1H4W.pdb_1QBN.pdb	1496	0.431	0.288	0.143	1.226	0.871	0.355	0.494	0.301	0.193	-4.838	1633.452		0
ZINC03368257_116	1GJ6.pdb_1H4W.pdb_1QBN.pdb	1497	0.431	0.31	0.121	1.388	1.056	0.333	0.465	0.305	0.16	-3.998	1651.133		0
ZINC03356249_70	1GJ6.pdb_1H4W.pdb_1QBN.pdb	1498	0.431	0.313	0.117	1.481	1.153	0.328	0.455	0.301	0.154	-3.856	1626.358		0
ZINC03320483_100	1GJ6.pdb_1H4W.pdb_1QBN.pdb	1499	0.431	0.339	0.091	1.373	1.115	0.258	0.452	0.328	0.124	-3.098	1775.14		0
ZINC03368307_95	1GJ6.pdb_1H4W.pdb_1QBN.pdb	1500	0.431	0.314	0.118	1.418	1.11	0.308	0.464	0.304	0.16	-3.998	1644.74		0
ZINC04083459_44	1GJ6.pdb_1H4W.pdb_1QBN.pdb	1501	0.431	0.342	0.089	1.284	1.028	0.256	0.459	0.339	0.121	-3.009	1838.76		0
ZINC03781183_48	1GJ6.pdb_1H4W.pdb_1QBN.pdb	1502	0.431	0.312	0.119	1.237	0.949	0.289	0.485	0.317	0.168	-4.214	1722.169		0
ZINC03799456_24	1GJ6.pdb_1H4W.pdb_1QBN.pdb	1503	0.431	0.31	0.121	1.415	1.057	0.358	0.46	0.305	0.155	-3.864	1649.536		0
ZINC02242879_37	1GJ6.pdb_1H4W.pdb_1QBN.pdb	1504	0.431	0.302	0.128	1.282	1.0	0.282	0.493	0.302	0.191	-4.822	1635.743		0
ZINC02325490_47	1GJ6.pdb_1H4W.pdb_1QBN.pdb	1505	0.431	0.35	0.082	1.189	1.0	0.189	0.476	0.35	0.126	-3.168	1901.212		0
ZINC04383678_164	1GJ6.pdb_1H4W.pdb_1QBN.pdb	1513	0.43	0.302	0.128	1.291	0.982	0.309	0.483	0.303	0.18	-4.516	1642.994		0
ZINC00602703_5	1GJ6.pdb_1H4W.pdb_1QBN.pdb	1512	0.43	0.33	0.1	1.32	1.051	0.269	0.462	0.325	0.137	-3.418	1761.271		0
ZINC02654240_162	1GJ6.pdb_1H4W.pdb_1QBN.pdb	1510	0.43	0.305	0.125	1.342	0.974	0.368	0.466	0.307	0.159	-3.969	1664.923		0
ZINC01778859_121	1GJ6.pdb_1H4W.pdb_1QBN.pdb	1511	0.43	0.341	0.089	1.411	1.16	0.251	0.447	0.326	0.121	-3.023	1764.574		0
ZINC02960156_118	1GJ6.pdb_1H4W.pdb_1QBN.pdb	1514	0.43	0.343	0.087	1.351	1.123	0.228	0.454	0.33	0.124	-3.11	1788.974		0
ZINC03857266_81	1GJ6.pdb_1H4W.pdb_1QBN.pdb	1515	0.43	0.349	0.081	1.223	1.011	0.213	0.464	0.348	0.116	-2.9	1889.105		0
ZINC04464262_81	1GJ6.pdb_1H4W.pdb_1QBN.pdb	1508	0.43	0.349	0.081	1.223	1.011	0.213	0.464	0.348	0.116	-2.9	1889.105		0
ZINC04490377_184	1GJ6.pdb_1H4W.pdb_1QBN.pdb	1509	0.43	0.323	0.107	1.436	1.133	0.303	0.454	0.311	0.142	-3.555	1684.235		0
ZINC03829686_87	1GJ6.pdb_1H4W.pdb_1QBN.pdb	1517	0.43	0.321	0.109	1.266	1.0	0.266	0.475	0.32	0.155	-3.888	1737.302		0
ZINC01081704_129	1GJ6.pdb_1H4W.pdb_1QBN.pdb	1516	0.43	0.33	0.1	1.383	1.099	0.284	0.454	0.32	0.133	-3.33	1735.025		0
ZINC03818609_69	1GJ6.pdb_1H4W.pdb_1QBN.pdb	1519	0.429	0.346	0.082	1.313	1.075	0.238	0.45	0.338	0.112	-2.791	1832.314		0
ZINC00587715_62	1GJ6.pdb_1H4W.pdb_1QBN.pdb	1518	0.429	0.311	0.117	1.44	1.094	0.347	0.454	0.303	0.15	-3.743	1641.331		0
ZINC03529582_116	1GJ6.pdb_1H4W.pdb_1QBN.pdb	1521	0.429	0.315	0.113	1.542	1.182	0.359	0.443	0.301	0.142	-3.537	1625.159		0
ZINC03584472_107	1GJ6.pdb_1H4W.pdb_1QBN.pdb	1520	0.429	0.322	0.107	1.472	1.151	0.321	0.448	0.309	0.139	-3.463	1670.536		0
ZINC02345449_54	1GJ6.pdb_1H4W.pdb_1QBN.pdb	1522	0.429	0.34	0.089	1.243	1.03	0.214	0.469	0.337	0.132	-3.325	1825.927		0
ZINC00595558_155	1GJ6.pdb_1H4W.pdb_1QBN.pdb	1529	0.428	0.366	0.061	1.345	1.155	0.191	0.432	0.349	0.083	-2.058	1891.983		0
ZINC01911616_130	1GJ6.pdb_1H4W.pdb_1QBN.pdb	1527	0.428	0.317	0.111	1.334	1.052	0.283	0.466	0.312	0.154	-3.86	1690.028		0
ZINC01092152_145	1GJ6.pdb_1H4W.pdb_1QBN.pdb	1528	0.428	0.343	0.085	1.361	1.116	0.245	0.447	0.331	0.115	-2.878	1795.01		0
ZINC02846329_136	1GJ6.pdb_1H4W.pdb_1QBN.pdb	1533	0.428	0.32	0.108	1.426	1.09	0.336	0.448	0.312	0.137	-3.4	1687.199		0
ZINC03923780_12	1GJ6.pdb_1H4W.pdb_1QBN.pdb	1532	0.428	0.3	0.128	1.263	0.925	0.338	0.479	0.307	0.171	-4.289	1665.936		0
ZINC03804943_57	1GJ6.pdb_1H4W.pdb_1QBN.pdb	1531	0.428	0.269	0.159	1.453	1.0	0.453	0.465	0.269	0.196	-4.889	1455.748		0
ZINC03351333_64	1GJ6.pdb_1H4W.pdb_1QBN.pdb	1526	0.428	0.345	0.083	1.411	1.159	0.252	0.439	0.33	0.109	-2.722	1785.175		0
ZINC03889560_37	1GJ6.pdb_1H4W.pdb_1QBN.pdb	1525	0.428	0.349	0.079	1.382	1.139	0.242	0.44	0.335	0.105	-2.614	1813.179		0
ZINC03446998_18	1GJ6.pdb_1H4W.pdb_1QBN.pdb	1524	0.428	0.314	0.114	1.505	1.144	0.361	0.445	0.302	0.143	-3.548	1635.067		0
ZINC03973000_177	1GJ6.pdb_1H4W.pdb_1QBN.pdb	1523	0.428	0.294	0.134	1.351	1.029	0.322	0.479	0.292	0.187	-4.694	1578.365		0
ZINC03972980_114	1GJ6.pdb_1H4W.pdb_1QBN.pdb	1530	0.428	0.33	0.098	1.424	1.146	0.278	0.448	0.317	0.131	-3.273	1715.74		0
ZINC03368428_76	1GJ6.pdb_1H4W.pdb_1QBN.pdb	1537	0.427	0.305	0.122	1.444	1.092	0.353	0.454	0.297	0.157	-3.902	1608.267		0
ZINC01532360_72	1GJ6.pdb_1H4W.pdb_1QBN.pdb	1536	0.427	0.324	0.104	1.471	1.193	0.279	0.449	0.308	0.141	-3.536	1662.32		0
ZINC00647538_133	1GJ6.pdb_1H4W.pdb_1QBN.pdb	1535	0.427	0.345	0.082	1.416	1.178	0.238	0.44	0.328	0.112	-2.797	1772.745		0
ZINC02495809_194	1GJ6.pdb_1H4W.pdb_1QBN.pdb	1534	0.427	0.332	0.095	1.289	1.062	0.227	0.466	0.326	0.14	-3.533	1765.835		0
ZINC03789716_148	1GJ6.pdb_1H4W.pdb_1QBN.pdb	1539	0.427	0.358	0.069	1.314	1.145	0.169	0.447	0.343	0.105	-2.634	1855.174		0
ZINC03976355_14	1GJ6.pdb_1H4W.pdb_1QBN.pdb	1540	0.427	0.302	0.125	1.362	1.015	0.346	0.464	0.301	0.163	-4.066	1629.366		0
ZINC00697677_26	1GJ6.pdb_1H4W.pdb_1QBN.pdb	1538	0.427	0.326	0.101	1.335	1.061	0.274	0.459	0.32	0.139	-3.472	1732.608		0
ZINC02630564_131	1GJ6.pdb_1H4W.pdb_1QBN.pdb	1545	0.426	0.304	0.122	1.43	1.071	0.359	0.454	0.298	0.156	-3.884	1614.772		0
ZINC03459523_118	1GJ6.pdb_1H4W.pdb_1QBN.pdb	1541	0.426	0.336	0.09	1.29	1.044	0.246	0.456	0.331	0.125	-3.12	1793.828		0
ZINC03820402_137	1GJ6.pdb_1H4W.pdb_1QBN.pdb	1544	0.426	0.32	0.107	1.422	1.102	0.319	0.449	0.31	0.138	-3.446	1679.258		0
ZINC03480981_156	1GJ6.pdb_1H4W.pdb_1QBN.pdb	1543	0.426	0.353	0.073	1.267	1.064	0.203	0.448	0.345	0.103	-2.572	1873.009		0
ZINC04634152_17	1GJ6.pdb_1H4W.pdb_1QBN.pdb	1542	0.426	0.338	0.088	1.499	1.246	0.252	0.436	0.317	0.119	-2.963	1712.859		0
ZINC03832224_114	1GJ6.pdb_1H4W.pdb_1QBN.pdb	1547	0.426	0.335	0.091	1.335	1.087	0.248	0.452	0.326	0.126	-3.149	1766.482		0
ZINC02618307_164	1GJ6.pdb_1H4W.pdb_1QBN.pdb	1548	0.426	0.357	0.07	1.395	1.179	0.216	0.432	0.338	0.093	-2.327	1830.894		0
ZINC03963062_144	1GJ6.pdb_1H4W.pdb_1QBN.pdb	1546	0.426	0.294	0.131	1.404	1.075	0.329	0.468	0.289	0.18	-4.499	1560.149		0
ZINC03983385_170	1GJ6.pdb_1H4W.pdb_1QBN.pdb	1549	0.425	0.35	0.074	1.398	1.136	0.262	0.43	0.336	0.094	-2.33	1821.759		0
ZINC01856560_150	1GJ6.pdb_1H4W.pdb_1QBN.pdb	1551	0.425	0.29	0.136	1.37	1.02	0.35	0.47	0.288	0.181	-4.541	1559.245		0
ZINC03834157_50	1GJ6.pdb_1H4W.pdb_1QBN.pdb	1552	0.425	0.323	0.101	1.151	0.91	0.241	0.483	0.334	0.149	-3.749	1816.369		1
ZINC03235139_125	1GJ6.pdb_1H4W.pdb_1QBN.pdb	1550	0.425	0.325	0.1	1.363	1.08	0.283	0.451	0.318	0.133	-3.325	1720.203		0
ZINC02661789_30	1GJ6.pdb_1H4W.pdb_1QBN.pdb	1553	0.424	0.317	0.107	1.312	1.024	0.288	0.46	0.314	0.146	-3.652	1703.396		0
ZINC04195105_142	1GJ6.pdb_1H4W.pdb_1QBN.pdb	1561	0.424	0.327	0.098	1.393	1.099	0.294	0.445	0.317	0.127	-3.175	1718.515		0
ZINC03538146_80	1GJ6.pdb_1H4W.pdb_1QBN.pdb	1560	0.424	0.307	0.117	1.436	1.096	0.34	0.45	0.299	0.151	-3.76	1616.914		0
ZINC03519423_196	1GJ6.pdb_1H4W.pdb_1QBN.pdb	1559	0.424	0.327	0.098	1.383	1.094	0.29	0.446	0.318	0.129	-3.206	1719.797		0
ZINC03358513_119	1GJ6.pdb_1H4W.pdb_1QBN.pdb	1558	0.424	0.33	0.093	1.263	1.02	0.242	0.46	0.328	0.132	-3.31	1779.918		0
ZINC03992746_161	1GJ6.pdb_1H4W.pdb_1QBN.pdb	1557	0.424	0.315	0.109	1.246	0.979	0.267	0.473	0.318	0.155	-3.895	1722.243		0
ZINC02488182_170	1GJ6.pdb_1H4W.pdb_1QBN.pdb	1556	0.424	0.301	0.123	1.285	0.975	0.31	0.472	0.303	0.169	-4.234	1644.136		0
ZINC00970331_0	1GJ6.pdb_1H4W.pdb_1QBN.pdb	1563	0.424	0.358	0.066	1.282	1.112	0.17	0.442	0.346	0.097	-2.425	1873.055		0
ZINC02877076_96	1GJ6.pdb_1H4W.pdb_1QBN.pdb	1562	0.424	0.278	0.146	1.424	1.025	0.399	0.463	0.276	0.188	-4.683	1491.836		0
ZINC03406067_147	1GJ6.pdb_1H4W.pdb_1QBN.pdb	1555	0.424	0.329	0.095	1.408	1.155	0.254	0.447	0.315	0.132	-3.292	1704.897		0
ZINC01081705_141	1GJ6.pdb_1H4W.pdb_1QBN.pdb	1554	0.424	0.33	0.094	1.37	1.101	0.268	0.446	0.32	0.126	-3.149	1734.058		0
ZINC03962399_144	1GJ6.pdb_1H4W.pdb_1QBN.pdb	1569	0.423	0.339	0.084	1.378	1.147	0.231	0.442	0.325	0.117	-2.933	1757.892		0
ZINC03263404_153	1GJ6.pdb_1H4W.pdb_1QBN.pdb	1568	0.423	0.289	0.134	1.345	1.0	0.345	0.467	0.288	0.179	-4.482	1559.939		0
ZINC03867317_126	1GJ6.pdb_1H4W.pdb_1QBN.pdb	1565	0.423	0.308	0.114	1.27	0.965	0.305	0.467	0.312	0.155	-3.873	1691.682		0
ZINC03980048_97	1GJ6.pdb_1H4W.pdb_1QBN.pdb	1564	0.423	0.327	0.096	1.285	1.048	0.238	0.46	0.322	0.138	-3.471	1745.618		0
ZINC02987967_186	1GJ6.pdb_1H4W.pdb_1QBN.pdb	1567	0.423	0.328	0.094	1.412	1.107	0.304	0.439	0.318	0.12	-2.993	1723.237		0
ZINC03974958_163	1GJ6.pdb_1H4W.pdb_1QBN.pdb	1566	0.423	0.292	0.131	1.34	1.025	0.315	0.473	0.29	0.183	-4.593	1571.096		0
ZINC03972799_68	1GJ6.pdb_1H4W.pdb_1QBN.pdb	1571	0.423	0.332	0.091	1.356	1.119	0.237	0.45	0.32	0.129	-3.241	1733.821		0
ZINC03820344_69	1GJ6.pdb_1H4W.pdb_1QBN.pdb	1570	0.423	0.322	0.101	1.334	1.062	0.272	0.455	0.316	0.139	-3.467	1713.832		0
ZINC04415803_195	1GJ6.pdb_1H4W.pdb_1QBN.pdb	1573	0.422	0.327	0.095	1.438	1.149	0.288	0.438	0.313	0.125	-3.111	1695.159		0
ZINC03796506_30	1GJ6.pdb_1H4W.pdb_1QBN.pdb	1572	0.422	0.308	0.113	1.318	1.0	0.318	0.458	0.308	0.149	-3.728	1671.383		0
ZINC03938928_169	1GJ6.pdb_1H4W.pdb_1QBN.pdb	1577	0.421	0.319	0.102	1.112	0.891	0.22	0.492	0.332	0.16	-4.056	1804.057		0
ZINC03416105_73	1GJ6.pdb_1H4W.pdb_1QBN.pdb	1576	0.421	0.336	0.086	1.286	1.061	0.224	0.451	0.329	0.122	-3.062	1783.76		0
ZINC03923763_131	1GJ6.pdb_1H4W.pdb_1QBN.pdb	1575	0.421	0.325	0.096	1.388	1.14	0.248	0.448	0.313	0.135	-3.387	1690.813		0
ZINC00580494_187	1GJ6.pdb_1H4W.pdb_1QBN.pdb	1582	0.421	0.364	0.057	1.368	1.178	0.19	0.421	0.345	0.075	-1.868	1870.26		0
ZINC03963059_168	1GJ6.pdb_1H4W.pdb_1QBN.pdb	1581	0.421	0.335	0.086	1.376	1.162	0.215	0.445	0.32	0.125	-3.134	1733.515		0
ZINC02858524_107	1GJ6.pdb_1H4W.pdb_1QBN.pdb	1580	0.421	0.322	0.099	1.354	1.072	0.282	0.448	0.315	0.133	-3.309	1706.215		0
ZINC03307341_169	1GJ6.pdb_1H4W.pdb_1QBN.pdb	1579	0.421	0.306	0.116	1.372	1.064	0.308	0.456	0.3	0.156	-3.906	1625.324		0
ZINC04317310_157	1GJ6.pdb_1H4W.pdb_1QBN.pdb	1574	0.421	0.297	0.124	1.464	1.075	0.389	0.445	0.291	0.154	-3.829	1574.834		0
ZINC03293475_21	1GJ6.pdb_1H4W.pdb_1QBN.pdb	1578	0.421	0.344	0.076	1.416	1.216	0.201	0.434	0.325	0.109	-2.744	1755.338		0
ZINC03963063_183	1GJ6.pdb_1H4W.pdb_1QBN.pdb	1585	0.42	0.331	0.089	1.363	1.132	0.232	0.445	0.319	0.126	-3.164	1725.314		0
ZINC03240845_127	1GJ6.pdb_1H4W.pdb_1QBN.pdb	1583	0.42	0.335	0.085	1.314	1.074	0.24	0.443	0.328	0.115	-2.883	1774.88		0
ZINC03429435_30	1GJ6.pdb_1H4W.pdb_1QBN.pdb	1584	0.42	0.292	0.128	1.399	1.045	0.355	0.455	0.288	0.167	-4.166	1558.974		0
ZINC03584153_22	1GJ6.pdb_1H4W.pdb_1QBN.pdb	1586	0.42	0.328	0.092	1.495	1.217	0.278	0.431	0.31	0.12	-2.997	1676.791		0
ZINC03813422_168	1GJ6.pdb_1H4W.pdb_1QBN.pdb	1587	0.42	0.318	0.102	1.124	0.904	0.22	0.489	0.329	0.16	-4.056	1788.814		0
ZINC00606340_190	1GJ6.pdb_1H4W.pdb_1QBN.pdb	1588	0.42	0.324	0.096	1.47	1.138	0.332	0.431	0.312	0.119	-2.952	1688.436		0
ZINC03820586_41	1GJ6.pdb_1H4W.pdb_1QBN.pdb	1589	0.419	0.319	0.1	1.491	1.17	0.321	0.432	0.305	0.127	-3.159	1647.882		0
ZINC03227706_76	1GJ6.pdb_1H4W.pdb_1QBN.pdb	1590	0.419	0.341	0.077	1.245	1.049	0.195	0.45	0.336	0.113	-2.85	1822.273		0
ZINC03987226_4	1GJ6.pdb_1H4W.pdb_1QBN.pdb	1591	0.419	0.312	0.108	1.3	1.012	0.288	0.457	0.31	0.146	-3.664	1681.752		0
ZINC03358510_95	1GJ6.pdb_1H4W.pdb_1QBN.pdb	1592	0.419	0.344	0.076	1.25	1.051	0.199	0.447	0.338	0.109	-2.725	1833.427		0
ZINC03408831_129	1GJ6.pdb_1H4W.pdb_1QBN.pdb	1593	0.419	0.325	0.094	1.432	1.127	0.304	0.434	0.313	0.12	-2.994	1694.392		0
ZINC04251713_141	1GJ6.pdb_1H4W.pdb_1QBN.pdb	1594	0.418	0.3	0.118	1.41	1.036	0.373	0.445	0.297	0.148	-3.673	1606.812		0
ZINC03973004_14	1GJ6.pdb_1H4W.pdb_1QBN.pdb	1595	0.418	0.306	0.112	1.336	1.062	0.274	0.459	0.3	0.159	-3.997	1624.734		0
ZINC02664902_51	1GJ6.pdb_1H4W.pdb_1QBN.pdb	1596	0.418	0.296	0.122	1.267	0.949	0.318	0.466	0.301	0.165	-4.126	1633.125		0
ZINC04633537_7	1GJ6.pdb_1H4W.pdb_1QBN.pdb	1597	0.418	0.284	0.133	1.345	1.0	0.345	0.463	0.284	0.178	-4.462	1539.036		0
ZINC03954872_116	1GJ6.pdb_1H4W.pdb_1QBN.pdb	1598	0.418	0.31	0.108	1.175	0.909	0.265	0.474	0.32	0.154	-3.873	1738.884		0
ZINC03992943_17	1GJ6.pdb_1H4W.pdb_1QBN.pdb	1599	0.418	0.321	0.097	1.293	1.031	0.262	0.451	0.318	0.133	-3.324	1723.044		0
ZINC03812104_156	1GJ6.pdb_1H4W.pdb_1QBN.pdb	1600	0.418	0.305	0.113	1.276	1.0	0.276	0.466	0.306	0.16	-4.026	1658.57		0
ZINC01549974_36	1GJ6.pdb_1H4W.pdb_1QBN.pdb	1601	0.418	0.268	0.149	1.333	0.965	0.368	0.472	0.271	0.201	-5.027	1466.299		0
ZINC03923324_6	1GJ6.pdb_1H4W.pdb_1QBN.pdb	1602	0.418	0.311	0.108	1.371	1.083	0.289	0.45	0.303	0.147	-3.669	1641.285		0
ZINC01565800_101	1GJ6.pdb_1H4W.pdb_1QBN.pdb	1603	0.417	0.323	0.094	1.295	1.051	0.244	0.451	0.318	0.133	-3.329	1724.852		0
ZINC03448264_57	1GJ6.pdb_1H4W.pdb_1QBN.pdb	1604	0.417	0.323	0.094	1.421	1.137	0.284	0.434	0.311	0.123	-3.067	1680.411		0
ZINC02877075_157	1GJ6.pdb_1H4W.pdb_1QBN.pdb	1605	0.417	0.295	0.122	1.401	1.077	0.323	0.453	0.289	0.164	-4.11	1562.747		0
ZINC03801144_196	1GJ6.pdb_1H4W.pdb_1QBN.pdb	1606	0.417	0.299	0.118	1.349	1.0	0.349	0.45	0.299	0.151	-3.761	1617.031		0
ZINC00596374_99	1GJ6.pdb_1H4W.pdb_1QBN.pdb	1607	0.417	0.353	0.064	1.319	1.124	0.195	0.426	0.34	0.087	-2.159	1839.757		0
ZINC02877075_157	1GJ6.pdb_1H4W.pdb_1QBN.pdb	1608	0.417	0.295	0.122	1.401	1.077	0.323	0.453	0.289	0.164	-4.11	1562.747		0
ZINC02652344_3	1GJ6.pdb_1H4W.pdb_1QBN.pdb	1609	0.417	0.312	0.105	1.398	1.085	0.313	0.44	0.305	0.136	-3.383	1648.127		0
ZINC03643930_133	1GJ6.pdb_1H4W.pdb_1QBN.pdb	1610	0.417	0.34	0.077	1.32	1.097	0.224	0.436	0.33	0.106	-2.637	1787.979		0
ZINC02029227_67	1GJ6.pdb_1H4W.pdb_1QBN.pdb	1611	0.417	0.327	0.09	1.216	1.025	0.19	0.47	0.325	0.145	-3.684	1760.825		0
ZINC03478187_25	1GJ6.pdb_1H4W.pdb_1QBN.pdb	1612	0.416	0.335	0.081	1.373	1.138	0.235	0.432	0.322	0.111	-2.761	1739.963		0
ZINC04528719_186	1GJ6.pdb_1H4W.pdb_1QBN.pdb	1613	0.416	0.33	0.086	1.378	1.143	0.236	0.436	0.317	0.12	-2.992	1712.601		0
ZINC03871842_144	1GJ6.pdb_1H4W.pdb_1QBN.pdb	1614	0.416	0.273	0.142	1.456	0.985	0.472	0.444	0.275	0.169	-4.195	1485.732		0
ZINC02879212_193	1GJ6.pdb_1H4W.pdb_1QBN.pdb	1615	0.416	0.316	0.101	1.516	1.194	0.322	0.428	0.3	0.128	-3.17	1622.667		0
ZINC03088497_60	1GJ6.pdb_1H4W.pdb_1QBN.pdb	1616	0.415	0.343	0.072	1.354	1.164	0.19	0.431	0.327	0.104	-2.598	1770.108		0
ZINC02877076_78	1GJ6.pdb_1H4W.pdb_1QBN.pdb	1617	0.415	0.29	0.124	1.39	1.062	0.328	0.452	0.286	0.167	-4.171	1543.91		0
ZINC02877076_78	1GJ6.pdb_1H4W.pdb_1QBN.pdb	1618	0.415	0.29	0.124	1.39	1.062	0.328	0.452	0.286	0.167	-4.171	1543.91		0
ZINC02065596_85	1GJ6.pdb_1H4W.pdb_1QBN.pdb	1619	0.415	0.287	0.128	1.474	1.1	0.374	0.442	0.28	0.162	-4.039	1513.094		0
ZINC01425983_173	1GJ6.pdb_1H4W.pdb_1QBN.pdb	1620	0.415	0.353	0.063	1.33	1.135	0.195	0.423	0.339	0.084	-2.104	1833.335		0
ZINC00595562_36	1GJ6.pdb_1H4W.pdb_1QBN.pdb	1621	0.414	0.322	0.092	1.323	1.05	0.273	0.439	0.317	0.122	-3.035	1717.723		0
ZINC00602703_17	1GJ6.pdb_1H4W.pdb_1QBN.pdb	1622	0.414	0.331	0.083	1.281	1.052	0.229	0.442	0.325	0.116	-2.906	1763.247		0
ZINC02940728_72	1GJ6.pdb_1H4W.pdb_1QBN.pdb	1623	0.414	0.306	0.108	1.457	1.135	0.322	0.435	0.295	0.14	-3.48	1594.318		0
ZINC03868253_45	1GJ6.pdb_1H4W.pdb_1QBN.pdb	1624	0.414	0.329	0.085	1.332	1.1	0.233	0.438	0.32	0.118	-2.958	1729.785		0
ZINC01551213_134	1GJ6.pdb_1H4W.pdb_1QBN.pdb	1625	0.414	0.279	0.136	1.166	0.864	0.302	0.489	0.291	0.198	-4.984	1582.062		0
ZINC03818607_102	1GJ6.pdb_1H4W.pdb_1QBN.pdb	1626	0.414	0.339	0.075	1.294	1.075	0.219	0.434	0.331	0.103	-2.574	1794.487		0
ZINC00594557_77	1GJ6.pdb_1H4W.pdb_1QBN.pdb	1627	0.414	0.287	0.127	1.347	0.973	0.374	0.451	0.289	0.162	-4.034	1564.521		0
ZINC03401316_122	1GJ6.pdb_1H4W.pdb_1QBN.pdb	1628	0.414	0.281	0.133	1.328	0.939	0.39	0.455	0.286	0.169	-4.205	1550.072		0
ZINC03801425_159	1GJ6.pdb_1H4W.pdb_1QBN.pdb	1629	0.413	0.297	0.115	1.205	0.898	0.307	0.463	0.308	0.156	-3.9	1669.625		0
ZINC02877075_179	1GJ6.pdb_1H4W.pdb_1QBN.pdb	1630	0.413	0.274	0.138	1.397	1.017	0.38	0.452	0.273	0.179	-4.462	1476.372		0
ZINC03532106_93	1GJ6.pdb_1H4W.pdb_1QBN.pdb	1631	0.413	0.311	0.102	1.312	1.04	0.272	0.448	0.307	0.141	-3.527	1663.602		0
ZINC03921685_62	1GJ6.pdb_1H4W.pdb_1QBN.pdb	1632	0.413	0.322	0.091	1.26	1.0	0.26	0.446	0.323	0.122	-3.057	1753.049		0
ZINC03817495_134	1GJ6.pdb_1H4W.pdb_1QBN.pdb	1633	0.413	0.35	0.063	1.309	1.112	0.197	0.423	0.338	0.085	-2.126	1829.263		0
ZINC02007110_157	1GJ6.pdb_1H4W.pdb_1QBN.pdb	1634	0.413	0.332	0.081	1.281	1.078	0.203	0.442	0.325	0.118	-2.959	1758.076		0
ZINC03982916_132	1GJ6.pdb_1H4W.pdb_1QBN.pdb	1635	0.412	0.325	0.087	1.331	1.112	0.219	0.442	0.315	0.127	-3.19	1702.22		0
ZINC03588045_139	1GJ6.pdb_1H4W.pdb_1QBN.pdb	1636	0.412	0.291	0.122	1.481	1.122	0.359	0.437	0.282	0.155	-3.871	1521.847		0
ZINC03577109_190	1GJ6.pdb_1H4W.pdb_1QBN.pdb	1637	0.411	0.266	0.146	1.382	0.969	0.413	0.451	0.268	0.184	-4.576	1449.212		0
ZINC02622073_56	1GJ6.pdb_1H4W.pdb_1QBN.pdb	1638	0.411	0.306	0.105	1.295	1.018	0.277	0.448	0.304	0.144	-3.604	1648.995		0
ZINC02652895_175	1GJ6.pdb_1H4W.pdb_1QBN.pdb	1639	0.411	0.296	0.115	1.25	0.957	0.293	0.459	0.3	0.16	-3.999	1625.349		0
ZINC03368272_95	1GJ6.pdb_1H4W.pdb_1QBN.pdb	1640	0.411	0.305	0.105	1.361	1.068	0.293	0.441	0.3	0.141	-3.526	1620.619		0
ZINC04406084_84	1GJ6.pdb_1H4W.pdb_1QBN.pdb	1641	0.411	0.319	0.092	1.436	1.157	0.279	0.426	0.306	0.121	-3.009	1651.961		0
ZINC03506600_161	1GJ6.pdb_1H4W.pdb_1QBN.pdb	1642	0.411	0.331	0.08	1.479	1.218	0.261	0.416	0.312	0.103	-2.565	1687.995		0
ZINC03796181_62	1GJ6.pdb_1H4W.pdb_1QBN.pdb	1643	0.411	0.321	0.09	1.272	1.013	0.259	0.441	0.319	0.122	-3.044	1731.952		0
ZINC03983754_18	1GJ6.pdb_1H4W.pdb_1QBN.pdb	1644	0.411	0.299	0.113	1.351	1.05	0.3	0.447	0.294	0.153	-3.816	1592.619		0
ZINC02968057_120	1GJ6.pdb_1H4W.pdb_1QBN.pdb	1645	0.411	0.318	0.092	1.379	1.082	0.297	0.429	0.311	0.118	-2.926	1683.284		0
ZINC01483635_47	1GJ6.pdb_1H4W.pdb_1QBN.pdb	1650	0.41	0.332	0.078	1.264	1.038	0.226	0.434	0.328	0.106	-2.652	1777.604		0
ZINC03820960_61	1GJ6.pdb_1H4W.pdb_1QBN.pdb	1651	0.41	0.294	0.116	1.199	0.905	0.294	0.464	0.304	0.16	-4.014	1649.269		0
ZINC02829269_46	1GJ6.pdb_1H4W.pdb_1QBN.pdb	1652	0.41	0.31	0.099	1.356	1.073	0.283	0.437	0.304	0.133	-3.32	1643.82		0
ZINC02318268_53	1GJ6.pdb_1H4W.pdb_1QBN.pdb	1653	0.41	0.322	0.088	1.328	1.089	0.239	0.435	0.314	0.121	-3.039	1698.297		0
ZINC03303314_126	1GJ6.pdb_1H4W.pdb_1QBN.pdb	1646	0.41	0.329	0.081	1.458	1.211	0.247	0.418	0.312	0.107	-2.661	1683.609		0
ZINC03339139_132	1GJ6.pdb_1H4W.pdb_1QBN.pdb	1647	0.41	0.33	0.079	1.519	1.26	0.259	0.412	0.309	0.102	-2.547	1669.922		0
ZINC03363345_136	1GJ6.pdb_1H4W.pdb_1QBN.pdb	1648	0.41	0.321	0.088	1.241	1.0	0.241	0.444	0.322	0.122	-3.063	1744.864		0
ZINC03818002_104	1GJ6.pdb_1H4W.pdb_1QBN.pdb	1649	0.41	0.294	0.116	1.255	0.945	0.309	0.456	0.299	0.157	-3.927	1621.245		0
ZINC03924335_56	1GJ6.pdb_1H4W.pdb_1QBN.pdb	1655	0.409	0.345	0.064	1.178	1.015	0.163	0.438	0.343	0.095	-2.384	1862.154		0
ZINC01756091_179	1GJ6.pdb_1H4W.pdb_1QBN.pdb	1654	0.409	0.355	0.054	1.359	1.198	0.161	0.411	0.335	0.076	-1.891	1812.896		0
ZINC03293653_104	1GJ6.pdb_1H4W.pdb_1QBN.pdb	1656	0.409	0.309	0.1	1.423	1.121	0.302	0.43	0.299	0.131	-3.255	1615.737		0
ZINC02652842_91	1GJ6.pdb_1H4W.pdb_1QBN.pdb	1657	0.409	0.321	0.087	1.304	1.053	0.251	0.434	0.316	0.118	-2.95	1712.195		0
ZINC03810719_110	1GJ6.pdb_1H4W.pdb_1QBN.pdb	1661	0.408	0.263	0.145	1.376	1.0	0.376	0.454	0.263	0.191	-4.767	1423.767		0
ZINC03803272_196	1GJ6.pdb_1H4W.pdb_1QBN.pdb	1660	0.408	0.326	0.083	1.262	1.035	0.227	0.437	0.322	0.115	-2.882	1745.61		0
ZINC03817584_11	1GJ6.pdb_1H4W.pdb_1QBN.pdb	1659	0.408	0.314	0.094	1.244	1.0	0.244	0.446	0.313	0.133	-3.325	1696.04		0
ZINC03376333_39	1GJ6.pdb_1H4W.pdb_1QBN.pdb	1658	0.408	0.34	0.068	1.188	1.0	0.188	0.435	0.339	0.096	-2.392	1839.518		0
ZINC03972800_157	1GJ6.pdb_1H4W.pdb_1QBN.pdb	1663	0.407	0.301	0.106	1.261	1.0	0.261	0.453	0.301	0.152	-3.812	1633.203		0
ZINC03135950_189	1GJ6.pdb_1H4W.pdb_1QBN.pdb	1662	0.407	0.281	0.126	1.305	0.973	0.332	0.451	0.283	0.168	-4.211	1532.553		0
ZINC03944257_48	1GJ6.pdb_1H4W.pdb_1QBN.pdb	1666	0.406	0.279	0.127	1.212	0.877	0.335	0.46	0.29	0.17	-4.252	1574.422		0
ZINC03805072_151	1GJ6.pdb_1H4W.pdb_1QBN.pdb	1665	0.406	0.294	0.112	1.42	1.104	0.315	0.434	0.286	0.148	-3.7	1544.444		0
ZINC02660391_4	1GJ6.pdb_1H4W.pdb_1QBN.pdb	1667	0.406	0.292	0.115	1.282	0.977	0.305	0.449	0.294	0.155	-3.879	1590.805		0
ZINC03855457_193	1GJ6.pdb_1H4W.pdb_1QBN.pdb	1664	0.406	0.285	0.12	1.28	0.975	0.305	0.454	0.288	0.166	-4.161	1556.972		0
ZINC03281839_3	1GJ6.pdb_1H4W.pdb_1QBN.pdb	1668	0.406	0.34	0.065	1.37	1.167	0.203	0.412	0.324	0.088	-2.189	1755.41		0
ZINC01749949_179	1GJ6.pdb_1H4W.pdb_1QBN.pdb	1669	0.405	0.335	0.07	1.215	1.038	0.177	0.434	0.331	0.103	-2.586	1795.477		0
ZINC03992805_114	1GJ6.pdb_1H4W.pdb_1QBN.pdb	1671	0.405	0.303	0.103	1.266	0.989	0.277	0.444	0.304	0.141	-3.518	1644.825		0
ZINC03801144_160	1GJ6.pdb_1H4W.pdb_1QBN.pdb	1670	0.405	0.307	0.098	1.324	1.028	0.296	0.433	0.305	0.128	-3.193	1649.706		0
ZINC03279124_119	1GJ6.pdb_1H4W.pdb_1QBN.pdb	1672	0.405	0.301	0.103	1.336	1.027	0.31	0.433	0.299	0.134	-3.341	1619.125		0
ZINC03336657_37	1GJ6.pdb_1H4W.pdb_1QBN.pdb	1673	0.405	0.306	0.098	1.161	0.917	0.244	0.457	0.315	0.142	-3.557	1710.079		0
ZINC03923324_139	1GJ6.pdb_1H4W.pdb_1QBN.pdb	1675	0.404	0.303	0.101	1.333	1.061	0.272	0.436	0.297	0.138	-3.463	1608.959		0
ZINC01920516_83	1GJ6.pdb_1H4W.pdb_1QBN.pdb	1674	0.404	0.285	0.119	1.187	0.922	0.265	0.469	0.292	0.177	-4.456	1583.816		0
ZINC03457576_168	1GJ6.pdb_1H4W.pdb_1QBN.pdb	1679	0.404	0.302	0.103	1.327	1.036	0.291	0.436	0.298	0.137	-3.424	1615.715		0
ZINC03820792_77	1GJ6.pdb_1H4W.pdb_1QBN.pdb	1678	0.404	0.313	0.091	1.338	1.076	0.262	0.429	0.306	0.123	-3.071	1657.579		0
ZINC03923719_111	1GJ6.pdb_1H4W.pdb_1QBN.pdb	1676	0.404	0.302	0.102	1.313	1.023	0.289	0.436	0.3	0.136	-3.396	1626.603		0
ZINC03921673_179	1GJ6.pdb_1H4W.pdb_1QBN.pdb	1677	0.404	0.315	0.089	1.211	0.973	0.239	0.442	0.318	0.124	-3.102	1725.959		0
ZINC01874619_109	1GJ6.pdb_1H4W.pdb_1QBN.pdb	1681	0.403	0.328	0.075	1.257	1.049	0.208	0.428	0.323	0.106	-2.641	1748.826		0
ZINC03457574_74	1GJ6.pdb_1H4W.pdb_1QBN.pdb	1680	0.403	0.32	0.083	1.322	1.083	0.239	0.425	0.312	0.112	-2.804	1689.805		0
ZINC03769809_196	1GJ6.pdb_1H4W.pdb_1QBN.pdb	1683	0.403	0.315	0.087	1.336	1.052	0.284	0.423	0.31	0.112	-2.791	1680.89		0
ZINC01542989_195	1GJ6.pdb_1H4W.pdb_1QBN.pdb	1682	0.403	0.323	0.08	1.294	1.074	0.22	0.428	0.316	0.111	-2.788	1713.078		0
ZINC03924333_64	1GJ6.pdb_1H4W.pdb_1QBN.pdb	1685	0.401	0.332	0.069	1.175	1.0	0.175	0.434	0.332	0.102	-2.558	1799.44		0
ZINC02117747_173	1GJ6.pdb_1H4W.pdb_1QBN.pdb	1686	0.401	0.293	0.108	1.352	1.048	0.304	0.432	0.289	0.143	-3.575	1563.766		0
ZINC01885948_174	1GJ6.pdb_1H4W.pdb_1QBN.pdb	1684	0.401	0.28	0.121	1.27	0.98	0.289	0.453	0.282	0.171	-4.305	1524.542		0
ZINC03977487_51	1GJ6.pdb_1H4W.pdb_1QBN.pdb	1687	0.4	0.28	0.12	1.305	1.0	0.305	0.446	0.28	0.166	-4.161	1515.269		0
ZINC03361581_12	1GJ6.pdb_1H4W.pdb_1QBN.pdb	1689	0.399	0.319	0.08	1.13	0.937	0.193	0.445	0.326	0.119	-3.003	1770.827		0
ZINC03818181_59	1GJ6.pdb_1H4W.pdb_1QBN.pdb	1690	0.399	0.31	0.088	1.222	0.953	0.269	0.432	0.315	0.116	-2.902	1710.55		0
ZINC03460183_109	1GJ6.pdb_1H4W.pdb_1QBN.pdb	1688	0.399	0.29	0.109	1.308	1.0	0.308	0.435	0.29	0.145	-3.615	1570.311		0
ZINC02144108_189	1GJ6.pdb_1H4W.pdb_1QBN.pdb	1691	0.399	0.315	0.085	1.259	1.0	0.259	0.426	0.314	0.112	-2.792	1700.024		0
ZINC02220856_14	1GJ6.pdb_1H4W.pdb_1QBN.pdb	1692	0.398	0.284	0.114	1.195	0.931	0.264	0.456	0.29	0.166	-4.188	1572.817		0
ZINC03459114_17	1GJ6.pdb_1H4W.pdb_1QBN.pdb	1694	0.396	0.332	0.064	1.214	1.036	0.178	0.419	0.328	0.09	-2.255	1780.472		0
ZINC02953918_99	1GJ6.pdb_1H4W.pdb_1QBN.pdb	1693	0.396	0.311	0.085	1.259	1.0	0.259	0.423	0.311	0.112	-2.792	1683.821		0
ZINC03457571_135	1GJ6.pdb_1H4W.pdb_1QBN.pdb	1695	0.396	0.32	0.076	1.329	1.108	0.22	0.414	0.311	0.104	-2.588	1680.808		0
ZINC03924330_40	1GJ6.pdb_1H4W.pdb_1QBN.pdb	1697	0.395	0.318	0.078	1.172	0.968	0.205	0.433	0.321	0.112	-2.796	1741.794		0
ZINC03923949_163	1GJ6.pdb_1H4W.pdb_1QBN.pdb	1696	0.395	0.271	0.123	1.276	0.951	0.325	0.441	0.275	0.166	-4.147	1488.781		0
ZINC03923948_96	1GJ6.pdb_1H4W.pdb_1QBN.pdb	1698	0.394	0.321	0.072	1.287	1.087	0.2	0.415	0.313	0.102	-2.551	1695.899		0
ZINC04521980_197	1GJ6.pdb_1H4W.pdb_1QBN.pdb	1699	0.391	0.31	0.081	1.268	1.035	0.233	0.417	0.307	0.11	-2.743	1661.729		0
ZINC03889655_100	1GJ6.pdb_1H4W.pdb_1QBN.pdb	1700	0.391	0.315	0.077	1.289	1.066	0.222	0.413	0.309	0.105	-2.612	1670.243		0
ZINC03365898_145	1GJ6.pdb_1H4W.pdb_1QBN.pdb	1701	0.39	0.284	0.106	1.208	0.937	0.272	0.437	0.289	0.148	-3.709	1568.115		0
ZINC03820967_181	1GJ6.pdb_1H4W.pdb_1QBN.pdb	1703	0.389	0.32	0.069	1.168	0.977	0.191	0.419	0.322	0.097	-2.428	1748.939		0
ZINC03529019_147	1GJ6.pdb_1H4W.pdb_1QBN.pdb	1702	0.389	0.264	0.125	1.279	0.935	0.343	0.434	0.269	0.165	-4.125	1454.877		0
ZINC03818662_195	1GJ6.pdb_1H4W.pdb_1QBN.pdb	1704	0.388	0.329	0.059	1.242	1.076	0.166	0.406	0.322	0.084	-2.101	1741.637		0
ZINC03460177_156	1GJ6.pdb_1H4W.pdb_1QBN.pdb	1705	0.387	0.318	0.069	1.277	1.074	0.203	0.407	0.311	0.095	-2.381	1684.58		0
ZINC01070035_165	1GJ6.pdb_1H4W.pdb_1QBN.pdb	1706	0.387	0.31	0.077	1.377	1.14	0.237	0.401	0.299	0.103	-2.557	1615.185		0
ZINC03362084_4	1GJ6.pdb_1H4W.pdb_1QBN.pdb	1707	0.386	0.291	0.095	1.103	0.867	0.236	0.441	0.304	0.137	-3.445	1652.266		0
ZINC01092150_188	1GJ6.pdb_1H4W.pdb_1QBN.pdb	1708	0.384	0.276	0.109	1.25	0.944	0.306	0.424	0.28	0.144	-3.594	1518.866		0
ZINC03513868_152	1GJ6.pdb_1H4W.pdb_1QBN.pdb	1709	0.383	0.288	0.095	1.188	0.929	0.259	0.426	0.294	0.131	-3.286	1596.133		0
ZINC03820345_89	1GJ6.pdb_1H4W.pdb_1QBN.pdb	1710	0.382	0.312	0.069	1.299	1.097	0.202	0.4	0.304	0.096	-2.39	1643.704		0
ZINC01834216_126	1GJ6.pdb_1H4W.pdb_1QBN.pdb	1711	0.369	0.302	0.068	1.168	1.0	0.168	0.403	0.301	0.102	-2.553	1631.239		0
ZINC03291266_183	1GJ6.pdb_1H4W.pdb_1QBN.pdb	1712	0.341	0.292	0.05	1.076	0.936	0.141	0.369	0.298	0.071	-1.787	1614.018		0
ZINC03834185_1	1GJ6.pdb_1H4W.pdb_1QBN.pdb	1713	0.272	0.203	0.069	1.913	1.584	0.329	0.269	0.189	0.081	-1.99	1012.762		1
