Name	ShapeQuery	Rank	TanimotoCombo	ShapeTanimoto	ColorTanimoto	FitTverskyCombo	FitTversky	FitColorTversky	RefTverskyCombo	RefTversky	RefColorTversky	ColorScore	Overlap	Unnamed: 14	Active
ZINC04617942_123	1G3E.pdb_1GHZ.pdb_1QB6.pdb	1	0.695	0.382	0.313	2.007	1.319	0.688	0.715	0.35	0.365	-10.152	1999.792		1
ZINC04617942_123	1G3E.pdb_1GHZ.pdb_1QB6.pdb	2	0.695	0.382	0.313	2.007	1.319	0.688	0.715	0.35	0.365	-10.152	1999.792		1
ZINC04617941_172	1G3E.pdb_1GHZ.pdb_1QB6.pdb	3	0.682	0.386	0.296	2.099	1.441	0.658	0.695	0.345	0.349	-9.716	1971.166		1
ZINC04617941_172	1G3E.pdb_1GHZ.pdb_1QB6.pdb	4	0.682	0.386	0.296	2.099	1.441	0.658	0.695	0.345	0.349	-9.716	1971.166		1
ZINC03834187_120	1G3E.pdb_1GHZ.pdb_1QB6.pdb	5	0.653	0.388	0.265	1.915	1.312	0.603	0.676	0.356	0.32	-8.908	2033.213		1
ZINC01903301_196	1G3E.pdb_1GHZ.pdb_1QB6.pdb	6	0.651	0.404	0.247	1.595	1.083	0.512	0.715	0.392	0.323	-9.025	2250.892		0
ZINC01545941_52	1G3E.pdb_1GHZ.pdb_1QB6.pdb	7	0.64	0.36	0.28	1.67	1.104	0.566	0.705	0.348	0.357	-9.978	1995.306		0
ZINC03959444_58	1G3E.pdb_1GHZ.pdb_1QB6.pdb	8	0.625	0.407	0.218	1.794	1.229	0.566	0.64	0.378	0.262	-7.263	2167.24		0
ZINC02043468_139	1G3E.pdb_1GHZ.pdb_1QB6.pdb	9	0.625	0.434	0.191	1.81	1.326	0.484	0.633	0.392	0.24	-6.672	2245.735		1
ZINC03959464_43	1G3E.pdb_1GHZ.pdb_1QB6.pdb	10	0.619	0.416	0.203	1.831	1.299	0.532	0.627	0.38	0.247	-6.838	2175.314		0
ZINC04222194_98	1G3E.pdb_1GHZ.pdb_1QB6.pdb	11	0.619	0.448	0.171	1.953	1.467	0.486	0.601	0.392	0.209	-5.772	2243.035		0
ZINC03959453_192	1G3E.pdb_1GHZ.pdb_1QB6.pdb	12	0.618	0.41	0.208	1.802	1.284	0.518	0.634	0.376	0.258	-7.158	2154.104		0
ZINC04222191_153	1G3E.pdb_1GHZ.pdb_1QB6.pdb	13	0.618	0.452	0.166	1.841	1.391	0.45	0.61	0.401	0.208	-5.772	2297.197		0
ZINC03815826_123	1G3E.pdb_1GHZ.pdb_1QB6.pdb	14	0.615	0.372	0.243	1.868	1.378	0.49	0.663	0.337	0.325	-9.111	1925.645		1
ZINC01553076_147	1G3E.pdb_1GHZ.pdb_1QB6.pdb	16	0.615	0.436	0.178	1.808	1.389	0.42	0.625	0.389	0.237	-6.59	2224.707		0
ZINC03815826_123	1G3E.pdb_1GHZ.pdb_1QB6.pdb	15	0.615	0.372	0.243	1.868	1.378	0.49	0.663	0.337	0.325	-9.111	1925.645		1
ZINC03834132_48	1G3E.pdb_1GHZ.pdb_1QB6.pdb	17	0.613	0.433	0.179	1.802	1.321	0.48	0.614	0.392	0.223	-6.169	2243.561		1
ZINC03870904_106	1G3E.pdb_1GHZ.pdb_1QB6.pdb	18	0.61	0.425	0.185	1.765	1.246	0.519	0.615	0.392	0.223	-6.166	2248.108		0
ZINC03820719_191	1G3E.pdb_1GHZ.pdb_1QB6.pdb	19	0.602	0.467	0.134	1.801	1.407	0.394	0.581	0.412	0.169	-4.681	2357.452		0
ZINC03834119_146	1G3E.pdb_1GHZ.pdb_1QB6.pdb	20	0.601	0.426	0.175	1.783	1.288	0.495	0.602	0.389	0.213	-5.886	2227.696		1
ZINC03834135_131	1G3E.pdb_1GHZ.pdb_1QB6.pdb	21	0.599	0.424	0.175	1.8	1.305	0.495	0.598	0.385	0.213	-5.892	2206.664		1
ZINC03818733_107	1G3E.pdb_1GHZ.pdb_1QB6.pdb	22	0.598	0.462	0.136	1.928	1.551	0.378	0.572	0.397	0.175	-4.859	2266.537		0
ZINC02712629_115	1G3E.pdb_1GHZ.pdb_1QB6.pdb	23	0.598	0.438	0.16	1.58	1.235	0.345	0.635	0.404	0.23	-6.452	2319.999		0
ZINC04222193_88	1G3E.pdb_1GHZ.pdb_1QB6.pdb	24	0.598	0.441	0.157	1.83	1.378	0.452	0.588	0.394	0.194	-5.367	2252.615		0
ZINC03785241_100	1G3E.pdb_1GHZ.pdb_1QB6.pdb	25	0.596	0.482	0.114	1.601	1.317	0.284	0.592	0.432	0.16	-4.47	2476.282		0
ZINC03819383_84	1G3E.pdb_1GHZ.pdb_1QB6.pdb	26	0.594	0.377	0.216	1.633	1.097	0.536	0.631	0.365	0.266	-7.387	2095.809		0
ZINC03815826_71	1G3E.pdb_1GHZ.pdb_1QB6.pdb	27	0.594	0.371	0.222	1.834	1.378	0.455	0.64	0.337	0.303	-8.472	1924.854		1
ZINC03820048_40	1G3E.pdb_1GHZ.pdb_1QB6.pdb	28	0.593	0.378	0.215	1.882	1.293	0.589	0.601	0.348	0.253	-6.995	1988.683		0
ZINC02712629_112	1G3E.pdb_1GHZ.pdb_1QB6.pdb	29	0.592	0.427	0.165	1.572	1.217	0.355	0.632	0.397	0.236	-6.604	2274.413		0
ZINC03981735_81	1G3E.pdb_1GHZ.pdb_1QB6.pdb	31	0.591	0.393	0.197	1.708	1.211	0.497	0.615	0.368	0.247	-6.849	2107.633		0
ZINC02654818_184	1G3E.pdb_1GHZ.pdb_1QB6.pdb	30	0.591	0.412	0.179	1.649	1.212	0.437	0.616	0.384	0.232	-6.455	2202.294		0
ZINC02663356_26	1G3E.pdb_1GHZ.pdb_1QB6.pdb	32	0.59	0.411	0.179	1.72	1.287	0.433	0.61	0.376	0.234	-6.508	2153.228		0
ZINC03959484_74	1G3E.pdb_1GHZ.pdb_1QB6.pdb	34	0.587	0.369	0.218	1.929	1.299	0.63	0.59	0.34	0.25	-6.895	1945.469		0
ZINC03960308_83	1G3E.pdb_1GHZ.pdb_1QB6.pdb	33	0.587	0.391	0.196	1.615	1.097	0.518	0.618	0.378	0.24	-6.652	2170.077		0
ZINC01549835_107	1G3E.pdb_1GHZ.pdb_1QB6.pdb	35	0.585	0.412	0.172	1.656	1.213	0.443	0.605	0.385	0.22	-6.11	2205.17		0
ZINC03974221_97	1G3E.pdb_1GHZ.pdb_1QB6.pdb	36	0.583	0.428	0.155	1.761	1.338	0.423	0.583	0.387	0.196	-5.44	2213.359		0
ZINC03980301_187	1G3E.pdb_1GHZ.pdb_1QB6.pdb	37	0.582	0.389	0.193	1.664	1.176	0.487	0.61	0.367	0.243	-6.736	2105.74		0
ZINC03867367_187	1G3E.pdb_1GHZ.pdb_1QB6.pdb	38	0.582	0.425	0.157	1.722	1.331	0.39	0.592	0.384	0.207	-5.767	2199.428		0
ZINC03840473_66	1G3E.pdb_1GHZ.pdb_1QB6.pdb	39	0.58	0.429	0.151	1.664	1.269	0.395	0.59	0.394	0.196	-5.44	2255.553		0
ZINC03820532_18	1G3E.pdb_1GHZ.pdb_1QB6.pdb	41	0.579	0.395	0.184	1.742	1.251	0.492	0.593	0.366	0.228	-6.31	2093.291		0
ZINC02712630_7	1G3E.pdb_1GHZ.pdb_1QB6.pdb	40	0.579	0.395	0.184	1.654	1.207	0.447	0.609	0.37	0.239	-6.642	2119.024		0
ZINC03820532_142	1G3E.pdb_1GHZ.pdb_1QB6.pdb	42	0.579	0.395	0.183	1.742	1.253	0.489	0.593	0.366	0.227	-6.278	2097.052		0
ZINC03834155_90	1G3E.pdb_1GHZ.pdb_1QB6.pdb	43	0.578	0.414	0.164	1.773	1.305	0.467	0.579	0.378	0.201	-5.56	2161.607		1
ZINC03928466_41	1G3E.pdb_1GHZ.pdb_1QB6.pdb	45	0.577	0.345	0.232	1.714	1.088	0.626	0.605	0.336	0.269	-7.446	1925.093		0
ZINC01548784_36	1G3E.pdb_1GHZ.pdb_1QB6.pdb	47	0.577	0.426	0.151	1.754	1.318	0.436	0.574	0.386	0.188	-5.186	2210.113		0
ZINC03818733_103	1G3E.pdb_1GHZ.pdb_1QB6.pdb	46	0.577	0.459	0.118	1.878	1.544	0.334	0.55	0.395	0.155	-4.294	2256.067		0
ZINC03818733_103	1G3E.pdb_1GHZ.pdb_1QB6.pdb	44	0.577	0.459	0.118	1.878	1.544	0.334	0.55	0.395	0.155	-4.294	2256.067		0
ZINC03959458_42	1G3E.pdb_1GHZ.pdb_1QB6.pdb	48	0.575	0.377	0.198	1.818	1.235	0.583	0.583	0.352	0.231	-6.376	2013.851		0
ZINC03815825_198	1G3E.pdb_1GHZ.pdb_1QB6.pdb	50	0.573	0.378	0.195	1.628	1.157	0.471	0.609	0.359	0.25	-6.957	2058.549		1
ZINC03834123_85	1G3E.pdb_1GHZ.pdb_1QB6.pdb	51	0.573	0.4	0.173	1.506	1.098	0.408	0.617	0.387	0.23	-6.413	2221.134		1
ZINC03839227_65	1G3E.pdb_1GHZ.pdb_1QB6.pdb	49	0.573	0.404	0.169	1.696	1.239	0.457	0.587	0.375	0.212	-5.865	2146.737		0
ZINC03980301_169	1G3E.pdb_1GHZ.pdb_1QB6.pdb	52	0.572	0.391	0.181	1.643	1.183	0.46	0.598	0.369	0.229	-6.359	2112.975		0
ZINC03790022_16	1G3E.pdb_1GHZ.pdb_1QB6.pdb	53	0.572	0.438	0.134	1.644	1.318	0.327	0.581	0.396	0.184	-5.131	2270.298		0
ZINC01882072_41	1G3E.pdb_1GHZ.pdb_1QB6.pdb	56	0.571	0.405	0.165	1.791	1.299	0.491	0.57	0.371	0.199	-5.506	2122.263		0
ZINC03948081_161	1G3E.pdb_1GHZ.pdb_1QB6.pdb	55	0.571	0.351	0.22	1.813	1.252	0.561	0.594	0.328	0.266	-7.36	1875.588		0
ZINC04393950_144	1G3E.pdb_1GHZ.pdb_1QB6.pdb	57	0.571	0.426	0.145	1.543	1.215	0.328	0.602	0.396	0.206	-5.762	2273.184		0
ZINC02130840_124	1G3E.pdb_1GHZ.pdb_1QB6.pdb	54	0.571	0.409	0.162	1.656	1.255	0.401	0.591	0.377	0.214	-5.946	2160.563		0
ZINC03977049_84	1G3E.pdb_1GHZ.pdb_1QB6.pdb	59	0.57	0.443	0.127	1.654	1.278	0.376	0.566	0.404	0.162	-4.467	2316.215		0
ZINC03834124_159	1G3E.pdb_1GHZ.pdb_1QB6.pdb	58	0.57	0.411	0.159	1.714	1.257	0.457	0.576	0.379	0.197	-5.44	2170.271		1
ZINC03834152_162	1G3E.pdb_1GHZ.pdb_1QB6.pdb	60	0.569	0.419	0.15	1.768	1.335	0.434	0.566	0.379	0.186	-5.156	2170.891		1
ZINC03867259_158	1G3E.pdb_1GHZ.pdb_1QB6.pdb	62	0.568	0.396	0.173	1.857	1.392	0.465	0.571	0.356	0.216	-5.97	2033.523		0
ZINC03842250_74	1G3E.pdb_1GHZ.pdb_1QB6.pdb	61	0.568	0.382	0.186	1.729	1.233	0.496	0.586	0.356	0.23	-6.373	2036.894		0
ZINC03834122_8	1G3E.pdb_1GHZ.pdb_1QB6.pdb	64	0.567	0.434	0.133	1.694	1.304	0.39	0.562	0.394	0.168	-4.642	2258.282		1
ZINC04222240_147	1G3E.pdb_1GHZ.pdb_1QB6.pdb	63	0.567	0.453	0.114	1.687	1.378	0.308	0.556	0.403	0.153	-4.249	2304.741		0
ZINC03815825_52	1G3E.pdb_1GHZ.pdb_1QB6.pdb	66	0.566	0.37	0.196	1.612	1.139	0.473	0.605	0.354	0.251	-6.985	2028.434		1
ZINC03819377_163	1G3E.pdb_1GHZ.pdb_1QB6.pdb	65	0.566	0.446	0.12	1.681	1.343	0.338	0.557	0.4	0.157	-4.34	2291.558		0
ZINC03819377_117	1G3E.pdb_1GHZ.pdb_1QB6.pdb	69	0.565	0.445	0.12	1.679	1.34	0.339	0.557	0.4	0.157	-4.348	2290.652		0
ZINC02654819_115	1G3E.pdb_1GHZ.pdb_1QB6.pdb	67	0.565	0.405	0.161	1.596	1.197	0.399	0.591	0.379	0.212	-5.887	2175.42		0
ZINC03974221_197	1G3E.pdb_1GHZ.pdb_1QB6.pdb	68	0.565	0.387	0.178	1.719	1.242	0.477	0.581	0.36	0.221	-6.126	2060.484		0
ZINC03914911_23	1G3E.pdb_1GHZ.pdb_1QB6.pdb	70	0.564	0.389	0.175	1.483	1.129	0.354	0.63	0.372	0.258	-7.25	2135.673		0
ZINC04222242_155	1G3E.pdb_1GHZ.pdb_1QB6.pdb	71	0.564	0.447	0.117	1.65	1.319	0.331	0.557	0.403	0.153	-4.251	2311.829		0
ZINC03819987_5	1G3E.pdb_1GHZ.pdb_1QB6.pdb	72	0.563	0.381	0.182	1.582	1.117	0.465	0.597	0.366	0.231	-6.41	2101.341		0
ZINC03980155_105	1G3E.pdb_1GHZ.pdb_1QB6.pdb	73	0.562	0.375	0.187	1.763	1.288	0.475	0.582	0.346	0.236	-6.554	1977.11		0
ZINC02974135_167	1G3E.pdb_1GHZ.pdb_1QB6.pdb	75	0.561	0.44	0.121	1.533	1.233	0.3	0.575	0.406	0.169	-4.714	2329.446		0
ZINC03840482_23	1G3E.pdb_1GHZ.pdb_1QB6.pdb	76	0.561	0.444	0.117	1.709	1.377	0.331	0.549	0.396	0.154	-4.253	2264.726		0
ZINC03834181_94	1G3E.pdb_1GHZ.pdb_1QB6.pdb	74	0.561	0.392	0.169	1.675	1.24	0.435	0.581	0.365	0.216	-5.995	2087.162		1
ZINC00842694_120	1G3E.pdb_1GHZ.pdb_1QB6.pdb	79	0.56	0.42	0.141	1.78	1.345	0.435	0.551	0.379	0.172	-4.756	2167.239		0
ZINC03790011_142	1G3E.pdb_1GHZ.pdb_1QB6.pdb	78	0.56	0.435	0.125	1.586	1.279	0.307	0.571	0.397	0.173	-4.831	2277.435		0
ZINC03791571_0	1G3E.pdb_1GHZ.pdb_1QB6.pdb	77	0.56	0.39	0.17	1.799	1.316	0.483	0.565	0.357	0.208	-5.745	2041.7		0
ZINC00842700_86	1G3E.pdb_1GHZ.pdb_1QB6.pdb	80	0.56	0.424	0.137	1.731	1.331	0.4	0.555	0.383	0.172	-4.754	2194.313		0
ZINC02866540_147	1G3E.pdb_1GHZ.pdb_1QB6.pdb	81	0.56	0.443	0.117	1.727	1.397	0.33	0.546	0.393	0.153	-4.24	2250.419		0
ZINC02712629_182	1G3E.pdb_1GHZ.pdb_1QB6.pdb	85	0.559	0.397	0.162	1.51	1.15	0.36	0.606	0.377	0.228	-6.382	2164.782		0
ZINC03368314_115	1G3E.pdb_1GHZ.pdb_1QB6.pdb	82	0.559	0.426	0.133	1.647	1.312	0.336	0.568	0.387	0.181	-5.042	2213.643		0
ZINC03670346_161	1G3E.pdb_1GHZ.pdb_1QB6.pdb	83	0.559	0.457	0.102	1.687	1.408	0.279	0.542	0.404	0.138	-3.843	2311.672		0
ZINC03816461_133	1G3E.pdb_1GHZ.pdb_1QB6.pdb	84	0.559	0.378	0.181	1.75	1.288	0.462	0.578	0.349	0.23	-6.37	1993.072		0
ZINC02860445_108	1G3E.pdb_1GHZ.pdb_1QB6.pdb	86	0.559	0.47	0.089	1.491	1.255	0.236	0.555	0.429	0.125	-3.487	2463.388		0
ZINC00603072_178	1G3E.pdb_1GHZ.pdb_1QB6.pdb	87	0.558	0.414	0.144	1.648	1.333	0.315	0.584	0.375	0.209	-5.844	2148.51		0
ZINC03834156_25	1G3E.pdb_1GHZ.pdb_1QB6.pdb	88	0.558	0.407	0.151	1.795	1.359	0.436	0.555	0.368	0.188	-5.186	2102.222		1
ZINC00852447_196	1G3E.pdb_1GHZ.pdb_1QB6.pdb	91	0.557	0.416	0.141	1.75	1.315	0.435	0.551	0.379	0.172	-4.756	2167.05		0
ZINC03834129_139	1G3E.pdb_1GHZ.pdb_1QB6.pdb	92	0.557	0.359	0.198	1.589	1.068	0.521	0.593	0.351	0.242	-6.694	2012.787		1
ZINC03368208_136	1G3E.pdb_1GHZ.pdb_1QB6.pdb	89	0.557	0.413	0.144	1.766	1.353	0.413	0.554	0.373	0.182	-5.027	2130.839		0
ZINC03959472_185	1G3E.pdb_1GHZ.pdb_1QB6.pdb	90	0.557	0.382	0.176	1.681	1.184	0.497	0.574	0.36	0.214	-5.905	2063.398		0
ZINC03530555_131	1G3E.pdb_1GHZ.pdb_1QB6.pdb	94	0.556	0.405	0.151	1.733	1.305	0.429	0.558	0.37	0.188	-5.212	2117.564		0
ZINC03959476_179	1G3E.pdb_1GHZ.pdb_1QB6.pdb	93	0.556	0.388	0.168	1.651	1.196	0.455	0.576	0.365	0.211	-5.839	2089.679		0
ZINC03834131_199	1G3E.pdb_1GHZ.pdb_1QB6.pdb	97	0.554	0.404	0.15	1.647	1.214	0.434	0.564	0.377	0.186	-5.156	2163.395		1
ZINC01535967_89	1G3E.pdb_1GHZ.pdb_1QB6.pdb	95	0.554	0.373	0.18	1.948	1.41	0.538	0.55	0.337	0.213	-5.881	1922.827		0
ZINC02130842_54	1G3E.pdb_1GHZ.pdb_1QB6.pdb	96	0.554	0.386	0.168	1.619	1.206	0.414	0.583	0.362	0.221	-6.132	2075.77		0
ZINC01631658_159	1G3E.pdb_1GHZ.pdb_1QB6.pdb	99	0.553	0.401	0.152	1.468	1.137	0.33	0.602	0.383	0.219	-6.138	2197.688		0
ZINC03819381_165	1G3E.pdb_1GHZ.pdb_1QB6.pdb	100	0.553	0.399	0.154	1.728	1.285	0.443	0.557	0.367	0.19	-5.265	2098.109		0
ZINC03766053_92	1G3E.pdb_1GHZ.pdb_1QB6.pdb	98	0.553	0.458	0.095	1.485	1.224	0.26	0.552	0.422	0.13	-3.597	2425.0		0
ZINC03981634_165	1G3E.pdb_1GHZ.pdb_1QB6.pdb	107	0.552	0.39	0.162	1.485	1.112	0.374	0.598	0.375	0.223	-6.214	2153.868		0
ZINC01551643_56	1G3E.pdb_1GHZ.pdb_1QB6.pdb	106	0.552	0.388	0.164	1.675	1.229	0.446	0.568	0.362	0.207	-5.725	2070.948		0
ZINC04383610_152	1G3E.pdb_1GHZ.pdb_1QB6.pdb	105	0.552	0.418	0.135	1.704	1.309	0.395	0.55	0.38	0.17	-4.697	2175.708		0
ZINC03834176_31	1G3E.pdb_1GHZ.pdb_1QB6.pdb	104	0.552	0.392	0.159	1.531	1.117	0.414	0.583	0.377	0.206	-5.713	2161.996		1
ZINC02131328_25	1G3E.pdb_1GHZ.pdb_1QB6.pdb	103	0.552	0.428	0.124	1.498	1.192	0.306	0.573	0.4	0.173	-4.822	2295.856		0
ZINC04185339_17	1G3E.pdb_1GHZ.pdb_1QB6.pdb	101	0.552	0.417	0.135	1.832	1.435	0.397	0.541	0.37	0.171	-4.715	2114.42		0
ZINC03819987_90	1G3E.pdb_1GHZ.pdb_1QB6.pdb	102	0.552	0.397	0.155	1.555	1.151	0.404	0.578	0.377	0.201	-5.574	2163.588		0
ZINC03819224_46	1G3E.pdb_1GHZ.pdb_1QB6.pdb	109	0.551	0.384	0.167	1.613	1.2	0.413	0.58	0.361	0.219	-6.091	2066.224		0
ZINC03834144_125	1G3E.pdb_1GHZ.pdb_1QB6.pdb	111	0.551	0.415	0.137	1.559	1.212	0.347	0.571	0.387	0.184	-5.112	2217.368		1
ZINC04185341_16	1G3E.pdb_1GHZ.pdb_1QB6.pdb	110	0.551	0.416	0.135	1.8	1.403	0.397	0.542	0.371	0.171	-4.715	2123.394		0
ZINC00596915_158	1G3E.pdb_1GHZ.pdb_1QB6.pdb	108	0.551	0.398	0.153	1.609	1.265	0.343	0.584	0.367	0.216	-6.046	2103.503		0
ZINC03820048_183	1G3E.pdb_1GHZ.pdb_1QB6.pdb	113	0.55	0.396	0.154	1.783	1.339	0.443	0.55	0.36	0.191	-5.271	2056.944		0
ZINC01909079_145	1G3E.pdb_1GHZ.pdb_1QB6.pdb	112	0.55	0.402	0.147	1.624	1.292	0.332	0.578	0.369	0.209	-5.852	2110.0		0
ZINC03811853_123	1G3E.pdb_1GHZ.pdb_1QB6.pdb	114	0.55	0.404	0.146	1.561	1.22	0.341	0.58	0.376	0.203	-5.674	2155.669		0
ZINC03765981_42	1G3E.pdb_1GHZ.pdb_1QB6.pdb	115	0.549	0.456	0.093	1.477	1.222	0.256	0.548	0.421	0.127	-3.532	2416.271		0
ZINC03980052_167	1G3E.pdb_1GHZ.pdb_1QB6.pdb	117	0.549	0.367	0.182	1.627	1.183	0.444	0.583	0.348	0.236	-6.551	1989.751		0
ZINC03977123_116	1G3E.pdb_1GHZ.pdb_1QB6.pdb	116	0.549	0.46	0.089	1.544	1.286	0.257	0.537	0.418	0.119	-3.303	2395.002		0
ZINC03941269_5	1G3E.pdb_1GHZ.pdb_1QB6.pdb	122	0.548	0.4	0.148	1.469	1.158	0.311	0.6	0.379	0.221	-6.193	2176.719		0
ZINC03670334_130	1G3E.pdb_1GHZ.pdb_1QB6.pdb	121	0.548	0.358	0.191	1.566	1.103	0.462	0.591	0.346	0.245	-6.811	1983.429		0
ZINC03670390_177	1G3E.pdb_1GHZ.pdb_1QB6.pdb	120	0.548	0.436	0.112	1.626	1.335	0.291	0.547	0.393	0.154	-4.282	2249.095		0
ZINC02127290_154	1G3E.pdb_1GHZ.pdb_1QB6.pdb	119	0.548	0.436	0.112	1.627	1.325	0.302	0.545	0.394	0.151	-4.196	2256.608		0
ZINC03834121_26	1G3E.pdb_1GHZ.pdb_1QB6.pdb	118	0.548	0.39	0.157	1.542	1.194	0.348	0.59	0.367	0.223	-6.232	2103.163		1
ZINC03834143_92	1G3E.pdb_1GHZ.pdb_1QB6.pdb	124	0.548	0.377	0.171	1.685	1.2	0.485	0.564	0.355	0.209	-5.771	2032.795		1
ZINC02138945_109	1G3E.pdb_1GHZ.pdb_1QB6.pdb	123	0.548	0.426	0.122	1.561	1.248	0.313	0.56	0.393	0.167	-4.642	2252.024		0
ZINC03834126_121	1G3E.pdb_1GHZ.pdb_1QB6.pdb	126	0.547	0.371	0.176	1.777	1.25	0.528	0.554	0.345	0.209	-5.77	1973.675		1
ZINC03987397_56	1G3E.pdb_1GHZ.pdb_1QB6.pdb	125	0.547	0.391	0.156	1.708	1.301	0.407	0.56	0.358	0.202	-5.612	2049.094		0
ZINC03977132_184	1G3E.pdb_1GHZ.pdb_1QB6.pdb	130	0.547	0.468	0.079	1.597	1.367	0.23	0.523	0.416	0.107	-2.952	2383.444		0
ZINC02130564_138	1G3E.pdb_1GHZ.pdb_1QB6.pdb	129	0.547	0.432	0.115	1.54	1.243	0.297	0.556	0.398	0.158	-4.392	2283.325		0
ZINC03406080_53	1G3E.pdb_1GHZ.pdb_1QB6.pdb	128	0.547	0.414	0.133	1.622	1.286	0.336	0.56	0.379	0.181	-5.042	2168.591		0
ZINC02129136_114	1G3E.pdb_1GHZ.pdb_1QB6.pdb	127	0.547	0.425	0.122	1.58	1.267	0.313	0.557	0.39	0.167	-4.642	2235.26		0
ZINC03405873_29	1G3E.pdb_1GHZ.pdb_1QB6.pdb	132	0.546	0.402	0.144	1.742	1.329	0.413	0.547	0.366	0.182	-5.027	2090.674		0
ZINC01631479_122	1G3E.pdb_1GHZ.pdb_1QB6.pdb	134	0.546	0.409	0.137	1.517	1.198	0.319	0.577	0.383	0.194	-5.409	2198.663		0
ZINC03874144_190	1G3E.pdb_1GHZ.pdb_1QB6.pdb	131	0.546	0.366	0.18	1.678	1.189	0.489	0.567	0.346	0.221	-6.115	1981.252		0
ZINC03942063_184	1G3E.pdb_1GHZ.pdb_1QB6.pdb	133	0.546	0.36	0.185	1.516	1.065	0.451	0.592	0.353	0.239	-6.655	2022.487		0
ZINC03977147_193	1G3E.pdb_1GHZ.pdb_1QB6.pdb	135	0.545	0.473	0.071	1.648	1.426	0.222	0.51	0.415	0.095	-2.636	2374.256		0
ZINC03987406_139	1G3E.pdb_1GHZ.pdb_1QB6.pdb	136	0.545	0.342	0.203	1.668	1.16	0.508	0.579	0.327	0.252	-7.003	1868.698		0
ZINC03819383_189	1G3E.pdb_1GHZ.pdb_1QB6.pdb	139	0.545	0.381	0.164	1.531	1.106	0.425	0.579	0.368	0.211	-5.864	2109.708		0
ZINC01372730_11	1G3E.pdb_1GHZ.pdb_1QB6.pdb	138	0.545	0.377	0.168	1.594	1.148	0.446	0.571	0.359	0.212	-5.877	2059.689		0
ZINC04004628_161	1G3E.pdb_1GHZ.pdb_1QB6.pdb	137	0.545	0.428	0.118	1.499	1.23	0.269	0.568	0.396	0.173	-4.825	2270.618		0
ZINC03670345_106	1G3E.pdb_1GHZ.pdb_1QB6.pdb	140	0.545	0.436	0.109	1.635	1.34	0.295	0.54	0.393	0.147	-4.071	2249.256		0
ZINC02126774_181	1G3E.pdb_1GHZ.pdb_1QB6.pdb	146	0.544	0.411	0.133	1.542	1.218	0.324	0.566	0.383	0.184	-5.121	2193.206		0
ZINC02712537_190	1G3E.pdb_1GHZ.pdb_1QB6.pdb	145	0.544	0.352	0.193	1.584	1.153	0.432	0.594	0.336	0.258	-7.204	1923.02		0
ZINC03977126_162	1G3E.pdb_1GHZ.pdb_1QB6.pdb	141	0.544	0.466	0.078	1.584	1.344	0.239	0.52	0.417	0.103	-2.845	2387.657		0
ZINC03791681_181	1G3E.pdb_1GHZ.pdb_1QB6.pdb	144	0.544	0.358	0.186	1.894	1.341	0.553	0.547	0.328	0.219	-6.045	1872.292		0
ZINC03864337_186	1G3E.pdb_1GHZ.pdb_1QB6.pdb	143	0.544	0.395	0.149	1.567	1.156	0.411	0.565	0.375	0.19	-5.267	2150.913		0
ZINC03834125_42	1G3E.pdb_1GHZ.pdb_1QB6.pdb	142	0.544	0.369	0.175	1.469	1.039	0.43	0.592	0.364	0.228	-6.342	2090.591		1
ZINC01549768_128	1G3E.pdb_1GHZ.pdb_1QB6.pdb	150	0.543	0.366	0.177	1.603	1.168	0.435	0.578	0.347	0.23	-6.408	1988.992		0
ZINC03948981_11	1G3E.pdb_1GHZ.pdb_1QB6.pdb	147	0.543	0.382	0.16	1.686	1.25	0.436	0.557	0.355	0.202	-5.597	2033.212		0
ZINC03226787_158	1G3E.pdb_1GHZ.pdb_1QB6.pdb	151	0.543	0.421	0.123	1.688	1.331	0.357	0.538	0.381	0.157	-4.349	2181.114		0
ZINC01549763_177	1G3E.pdb_1GHZ.pdb_1QB6.pdb	149	0.543	0.366	0.177	1.622	1.187	0.435	0.577	0.346	0.23	-6.403	1982.447		0
ZINC01549765_7	1G3E.pdb_1GHZ.pdb_1QB6.pdb	152	0.543	0.349	0.194	1.649	1.136	0.513	0.573	0.335	0.238	-6.585	1920.726		0
ZINC03890017_136	1G3E.pdb_1GHZ.pdb_1QB6.pdb	154	0.543	0.427	0.116	1.483	1.206	0.277	0.564	0.398	0.166	-4.622	2285.193		0
ZINC03329295_78	1G3E.pdb_1GHZ.pdb_1QB6.pdb	148	0.543	0.437	0.106	1.591	1.287	0.303	0.539	0.398	0.141	-3.897	2281.166		0
ZINC03852887_41	1G3E.pdb_1GHZ.pdb_1QB6.pdb	153	0.543	0.374	0.169	1.588	1.153	0.435	0.572	0.356	0.216	-5.996	2041.118		0
ZINC03977105_72	1G3E.pdb_1GHZ.pdb_1QB6.pdb	161	0.542	0.419	0.124	1.612	1.245	0.367	0.544	0.387	0.158	-4.358	2216.143		0
ZINC02700308_194	1G3E.pdb_1GHZ.pdb_1QB6.pdb	162	0.542	0.41	0.133	1.617	1.265	0.352	0.553	0.377	0.175	-4.865	2160.865		0
ZINC03987021_74	1G3E.pdb_1GHZ.pdb_1QB6.pdb	160	0.542	0.41	0.132	1.652	1.301	0.351	0.549	0.374	0.175	-4.844	2142.942		0
ZINC03524553_34	1G3E.pdb_1GHZ.pdb_1QB6.pdb	156	0.542	0.409	0.133	1.57	1.235	0.336	0.56	0.379	0.181	-5.042	2172.325		0
ZINC01537299_45	1G3E.pdb_1GHZ.pdb_1QB6.pdb	157	0.542	0.392	0.149	1.556	1.231	0.325	0.581	0.366	0.216	-6.042	2093.295		0
ZINC00771629_174	1G3E.pdb_1GHZ.pdb_1QB6.pdb	158	0.542	0.431	0.111	1.471	1.194	0.277	0.559	0.403	0.156	-4.351	2311.073		0
ZINC04392031_125	1G3E.pdb_1GHZ.pdb_1QB6.pdb	155	0.542	0.424	0.118	1.622	1.25	0.371	0.538	0.391	0.147	-4.061	2241.027		0
ZINC02663357_93	1G3E.pdb_1GHZ.pdb_1QB6.pdb	159	0.542	0.382	0.16	1.617	1.223	0.394	0.57	0.357	0.213	-5.918	2045.625		0
ZINC03928465_92	1G3E.pdb_1GHZ.pdb_1QB6.pdb	164	0.541	0.342	0.199	1.663	1.079	0.584	0.565	0.334	0.231	-6.384	1913.271		0
ZINC02160725_162	1G3E.pdb_1GHZ.pdb_1QB6.pdb	163	0.541	0.403	0.138	1.502	1.166	0.336	0.571	0.381	0.19	-5.294	2183.659		0
ZINC03791580_2	1G3E.pdb_1GHZ.pdb_1QB6.pdb	167	0.54	0.38	0.16	1.616	1.2	0.415	0.564	0.357	0.207	-5.739	2045.435		0
ZINC04210217_21	1G3E.pdb_1GHZ.pdb_1QB6.pdb	165	0.54	0.354	0.186	1.756	1.268	0.488	0.561	0.329	0.232	-6.423	1880.629		0
ZINC00593049_92	1G3E.pdb_1GHZ.pdb_1QB6.pdb	168	0.54	0.428	0.112	1.549	1.297	0.253	0.557	0.39	0.167	-4.684	2234.27		0
ZINC00921662_70	1G3E.pdb_1GHZ.pdb_1QB6.pdb	166	0.54	0.386	0.154	1.607	1.163	0.444	0.557	0.366	0.191	-5.279	2099.225		0
ZINC03834118_185	1G3E.pdb_1GHZ.pdb_1QB6.pdb	174	0.539	0.368	0.171	1.661	1.176	0.485	0.557	0.349	0.209	-5.77	1996.221		1
ZINC01902820_56	1G3E.pdb_1GHZ.pdb_1QB6.pdb	170	0.539	0.405	0.134	1.681	1.288	0.393	0.54	0.371	0.169	-4.674	2125.874		0
ZINC03867408_102	1G3E.pdb_1GHZ.pdb_1QB6.pdb	169	0.539	0.402	0.137	1.704	1.325	0.38	0.542	0.366	0.176	-4.881	2093.224		0
ZINC02138251_144	1G3E.pdb_1GHZ.pdb_1QB6.pdb	173	0.539	0.42	0.119	1.543	1.237	0.307	0.552	0.389	0.163	-4.543	2227.18		0
ZINC03831725_91	1G3E.pdb_1GHZ.pdb_1QB6.pdb	171	0.539	0.342	0.197	1.627	1.08	0.547	0.569	0.334	0.235	-6.506	1911.921		0
ZINC02128933_165	1G3E.pdb_1GHZ.pdb_1QB6.pdb	172	0.539	0.397	0.142	1.567	1.211	0.356	0.561	0.371	0.19	-5.286	2127.882		0
ZINC03819918_169	1G3E.pdb_1GHZ.pdb_1QB6.pdb	179	0.538	0.38	0.158	1.679	1.248	0.431	0.553	0.353	0.2	-5.544	2021.642		0
ZINC04392549_80	1G3E.pdb_1GHZ.pdb_1QB6.pdb	178	0.538	0.433	0.105	1.679	1.364	0.315	0.524	0.388	0.135	-3.744	2221.594		0
ZINC03933545_69	1G3E.pdb_1GHZ.pdb_1QB6.pdb	181	0.538	0.376	0.162	1.651	1.231	0.42	0.56	0.351	0.209	-5.797	2010.152		0
ZINC04185377_30	1G3E.pdb_1GHZ.pdb_1QB6.pdb	180	0.538	0.408	0.13	1.742	1.379	0.363	0.535	0.367	0.168	-4.654	2099.461		0
ZINC04356047_127	1G3E.pdb_1GHZ.pdb_1QB6.pdb	176	0.538	0.41	0.128	1.617	1.289	0.328	0.55	0.376	0.174	-4.834	2150.606		0
ZINC03406200_124	1G3E.pdb_1GHZ.pdb_1QB6.pdb	175	0.538	0.396	0.142	1.816	1.358	0.458	0.529	0.359	0.17	-4.699	2051.019		0
ZINC02401823_58	1G3E.pdb_1GHZ.pdb_1QB6.pdb	177	0.538	0.451	0.087	1.592	1.339	0.253	0.522	0.404	0.117	-3.252	2316.327		0
ZINC02639675_76	1G3E.pdb_1GHZ.pdb_1QB6.pdb	182	0.537	0.37	0.167	1.584	1.158	0.425	0.568	0.352	0.216	-5.991	2017.649		0
ZINC03851685_19	1G3E.pdb_1GHZ.pdb_1QB6.pdb	185	0.537	0.371	0.166	1.699	1.25	0.449	0.554	0.346	0.208	-5.764	1976.814		0
ZINC00597948_72	1G3E.pdb_1GHZ.pdb_1QB6.pdb	184	0.537	0.416	0.121	1.499	1.201	0.298	0.557	0.389	0.168	-4.685	2232.314		0
ZINC03977101_38	1G3E.pdb_1GHZ.pdb_1QB6.pdb	183	0.537	0.41	0.128	1.611	1.234	0.377	0.542	0.38	0.162	-4.476	2177.843		0
ZINC02416080_39	1G3E.pdb_1GHZ.pdb_1QB6.pdb	186	0.537	0.415	0.122	1.504	1.205	0.298	0.559	0.387	0.172	-4.781	2221.479		0
ZINC04185360_91	1G3E.pdb_1GHZ.pdb_1QB6.pdb	194	0.536	0.432	0.103	1.779	1.468	0.311	0.514	0.38	0.134	-3.699	2171.86		0
ZINC02128935_60	1G3E.pdb_1GHZ.pdb_1QB6.pdb	187	0.536	0.387	0.149	1.562	1.19	0.372	0.563	0.365	0.198	-5.511	2090.973		0
ZINC04633604_22	1G3E.pdb_1GHZ.pdb_1QB6.pdb	193	0.536	0.371	0.165	1.665	1.256	0.408	0.561	0.345	0.217	-6.023	1971.751		0
ZINC03987853_37	1G3E.pdb_1GHZ.pdb_1QB6.pdb	195	0.536	0.408	0.128	1.609	1.232	0.377	0.541	0.379	0.162	-4.479	2173.51		0
ZINC01631479_171	1G3E.pdb_1GHZ.pdb_1QB6.pdb	192	0.536	0.383	0.153	1.507	1.144	0.363	0.574	0.365	0.208	-5.807	2095.281		0
ZINC03819390_105	1G3E.pdb_1GHZ.pdb_1QB6.pdb	191	0.536	0.392	0.144	1.591	1.193	0.398	0.553	0.369	0.185	-5.113	2112.833		0
ZINC03439248_119	1G3E.pdb_1GHZ.pdb_1QB6.pdb	188	0.536	0.381	0.155	1.659	1.22	0.439	0.549	0.356	0.193	-5.344	2039.758		0
ZINC04340537_137	1G3E.pdb_1GHZ.pdb_1QB6.pdb	189	0.536	0.422	0.114	1.633	1.338	0.295	0.538	0.382	0.156	-4.35	2184.129		0
ZINC03842252_113	1G3E.pdb_1GHZ.pdb_1QB6.pdb	190	0.536	0.364	0.172	1.7	1.258	0.442	0.558	0.338	0.22	-6.102	1934.39		0
ZINC03933548_97	1G3E.pdb_1GHZ.pdb_1QB6.pdb	198	0.535	0.373	0.162	1.621	1.201	0.42	0.56	0.351	0.209	-5.797	2008.562		0
ZINC04240331_153	1G3E.pdb_1GHZ.pdb_1QB6.pdb	199	0.535	0.395	0.14	1.726	1.339	0.388	0.538	0.359	0.18	-4.975	2051.917		0
ZINC02700310_109	1G3E.pdb_1GHZ.pdb_1QB6.pdb	196	0.535	0.427	0.108	1.572	1.279	0.293	0.536	0.39	0.146	-4.053	2235.765		0
ZINC03606133_187	1G3E.pdb_1GHZ.pdb_1QB6.pdb	197	0.535	0.378	0.157	1.515	1.167	0.348	0.581	0.358	0.222	-6.221	2052.615		0
ZINC03874810_38	1G3E.pdb_1GHZ.pdb_1QB6.pdb	204	0.534	0.383	0.151	1.501	1.171	0.329	0.581	0.363	0.218	-6.109	2078.17		0
ZINC03571166_20	1G3E.pdb_1GHZ.pdb_1QB6.pdb	203	0.534	0.409	0.126	1.718	1.324	0.393	0.527	0.371	0.156	-4.3	2125.26		0
ZINC00781033_24	1G3E.pdb_1GHZ.pdb_1QB6.pdb	206	0.534	0.421	0.113	1.549	1.261	0.288	0.543	0.387	0.156	-4.336	2220.244		0
ZINC00781033_24	1G3E.pdb_1GHZ.pdb_1QB6.pdb	205	0.534	0.421	0.113	1.549	1.261	0.288	0.543	0.387	0.156	-4.336	2220.244		0
ZINC04260555_59	1G3E.pdb_1GHZ.pdb_1QB6.pdb	200	0.534	0.41	0.124	1.444	1.149	0.295	0.565	0.389	0.176	-4.921	2232.802		0
ZINC03800681_111	1G3E.pdb_1GHZ.pdb_1QB6.pdb	201	0.534	0.375	0.159	1.557	1.124	0.433	0.56	0.36	0.2	-5.549	2064.441		0
ZINC03933542_130	1G3E.pdb_1GHZ.pdb_1QB6.pdb	202	0.534	0.366	0.168	1.528	1.095	0.433	0.57	0.355	0.215	-5.971	2033.323		0
ZINC03263404_119	1G3E.pdb_1GHZ.pdb_1QB6.pdb	209	0.533	0.404	0.129	1.697	1.341	0.356	0.535	0.366	0.169	-4.677	2096.101		0
ZINC03891143_167	1G3E.pdb_1GHZ.pdb_1QB6.pdb	215	0.533	0.392	0.141	1.452	1.113	0.339	0.572	0.377	0.195	-5.425	2165.821		0
ZINC03852887_152	1G3E.pdb_1GHZ.pdb_1QB6.pdb	213	0.533	0.455	0.079	1.546	1.326	0.219	0.518	0.409	0.109	-3.025	2344.123		0
ZINC03980155_161	1G3E.pdb_1GHZ.pdb_1QB6.pdb	212	0.533	0.387	0.146	1.701	1.317	0.385	0.545	0.354	0.191	-5.306	2022.844		0
ZINC03832370_39	1G3E.pdb_1GHZ.pdb_1QB6.pdb	207	0.533	0.342	0.191	1.496	1.014	0.482	0.58	0.34	0.24	-6.666	1952.155		1
ZINC03834153_197	1G3E.pdb_1GHZ.pdb_1QB6.pdb	214	0.533	0.384	0.149	1.636	1.179	0.457	0.544	0.363	0.181	-5.003	2080.102		1
ZINC03997172_35	1G3E.pdb_1GHZ.pdb_1QB6.pdb	208	0.533	0.4	0.133	1.586	1.233	0.353	0.547	0.372	0.176	-4.872	2129.997		0
ZINC04355470_125	1G3E.pdb_1GHZ.pdb_1QB6.pdb	210	0.533	0.41	0.124	1.776	1.388	0.388	0.521	0.368	0.154	-4.245	2100.946		0
ZINC04001541_115	1G3E.pdb_1GHZ.pdb_1QB6.pdb	211	0.533	0.403	0.129	1.561	1.226	0.336	0.549	0.375	0.174	-4.833	2150.53		0
ZINC02221826_158	1G3E.pdb_1GHZ.pdb_1QB6.pdb	219	0.532	0.396	0.136	1.534	1.19	0.344	0.556	0.372	0.183	-5.094	2133.897		0
ZINC03834175_184	1G3E.pdb_1GHZ.pdb_1QB6.pdb	217	0.532	0.393	0.139	1.412	1.072	0.34	0.574	0.383	0.191	-5.331	2198.652		1
ZINC00770153_81	1G3E.pdb_1GHZ.pdb_1QB6.pdb	218	0.532	0.418	0.114	1.469	1.161	0.308	0.548	0.395	0.153	-4.249	2266.421		0
ZINC02712627_19	1G3E.pdb_1GHZ.pdb_1QB6.pdb	222	0.532	0.374	0.158	1.575	1.182	0.393	0.563	0.354	0.209	-5.802	2028.117		0
ZINC03834136_73	1G3E.pdb_1GHZ.pdb_1QB6.pdb	216	0.532	0.34	0.191	1.618	1.084	0.534	0.561	0.332	0.23	-6.35	1900.145		1
ZINC03990230_176	1G3E.pdb_1GHZ.pdb_1QB6.pdb	220	0.532	0.406	0.126	1.658	1.305	0.352	0.534	0.371	0.163	-4.52	2122.37		0
ZINC02138804_52	1G3E.pdb_1GHZ.pdb_1QB6.pdb	221	0.532	0.422	0.11	1.508	1.223	0.284	0.544	0.392	0.151	-4.212	2248.676		0
ZINC04222694_55	1G3E.pdb_1GHZ.pdb_1QB6.pdb	226	0.531	0.414	0.117	1.631	1.3	0.331	0.531	0.378	0.153	-4.246	2165.149		0
ZINC03670389_30	1G3E.pdb_1GHZ.pdb_1QB6.pdb	223	0.531	0.425	0.106	1.589	1.312	0.276	0.532	0.386	0.146	-4.071	2210.508		0
ZINC03928467_178	1G3E.pdb_1GHZ.pdb_1QB6.pdb	227	0.531	0.387	0.144	1.555	1.158	0.397	0.552	0.368	0.184	-5.104	2107.108		0
ZINC03936845_143	1G3E.pdb_1GHZ.pdb_1QB6.pdb	225	0.531	0.349	0.182	1.631	1.145	0.486	0.56	0.335	0.225	-6.237	1915.954		0
ZINC01548103_69	1G3E.pdb_1GHZ.pdb_1QB6.pdb	224	0.531	0.356	0.174	1.852	1.329	0.523	0.535	0.328	0.207	-5.723	1870.781		0
ZINC03874141_73	1G3E.pdb_1GHZ.pdb_1QB6.pdb	243	0.53	0.35	0.181	1.593	1.124	0.468	0.564	0.337	0.227	-6.298	1928.642		0
ZINC04248905_112	1G3E.pdb_1GHZ.pdb_1QB6.pdb	242	0.53	0.328	0.201	1.644	1.161	0.483	0.571	0.314	0.257	-7.138	1795.964		0
ZINC03530599_171	1G3E.pdb_1GHZ.pdb_1QB6.pdb	241	0.53	0.396	0.134	1.755	1.345	0.41	0.526	0.36	0.166	-4.594	2056.399		0
ZINC03980052_99	1G3E.pdb_1GHZ.pdb_1QB6.pdb	244	0.53	0.369	0.161	1.586	1.185	0.401	0.562	0.349	0.213	-5.914	1998.052		0
ZINC02222760_112	1G3E.pdb_1GHZ.pdb_1QB6.pdb	238	0.53	0.407	0.123	1.497	1.152	0.345	0.547	0.387	0.16	-4.436	2219.239		0
ZINC03429542_151	1G3E.pdb_1GHZ.pdb_1QB6.pdb	239	0.53	0.408	0.123	1.558	1.229	0.33	0.542	0.379	0.164	-4.541	2170.64		0
ZINC03987403_90	1G3E.pdb_1GHZ.pdb_1QB6.pdb	234	0.53	0.339	0.191	1.491	1.028	0.463	0.582	0.336	0.246	-6.831	1926.948		0
ZINC02126772_118	1G3E.pdb_1GHZ.pdb_1QB6.pdb	233	0.53	0.404	0.125	1.513	1.205	0.308	0.553	0.378	0.174	-4.859	2168.999		0
ZINC03966147_64	1G3E.pdb_1GHZ.pdb_1QB6.pdb	232	0.53	0.372	0.158	1.678	1.198	0.48	0.541	0.351	0.19	-5.256	2007.303		0
ZINC02192462_16	1G3E.pdb_1GHZ.pdb_1QB6.pdb	231	0.53	0.444	0.086	1.514	1.295	0.219	0.527	0.404	0.123	-3.436	2312.898		0
ZINC02129134_172	1G3E.pdb_1GHZ.pdb_1QB6.pdb	230	0.53	0.385	0.145	1.546	1.182	0.364	0.557	0.364	0.194	-5.392	2083.172		0
ZINC03852886_144	1G3E.pdb_1GHZ.pdb_1QB6.pdb	237	0.53	0.429	0.101	1.549	1.273	0.276	0.53	0.393	0.137	-3.801	2250.081		0
ZINC04382511_119	1G3E.pdb_1GHZ.pdb_1QB6.pdb	236	0.53	0.371	0.159	1.693	1.237	0.456	0.542	0.347	0.196	-5.417	1982.771		0
ZINC03344389_89	1G3E.pdb_1GHZ.pdb_1QB6.pdb	235	0.53	0.401	0.129	1.645	1.29	0.355	0.536	0.368	0.168	-4.661	2106.001		0
ZINC02252933_42	1G3E.pdb_1GHZ.pdb_1QB6.pdb	228	0.53	0.397	0.134	1.459	1.157	0.302	0.57	0.377	0.193	-5.409	2159.456		0
ZINC03891134_168	1G3E.pdb_1GHZ.pdb_1QB6.pdb	240	0.53	0.384	0.145	1.535	1.2	0.335	0.565	0.361	0.204	-5.686	2069.815		0
ZINC04185326_45	1G3E.pdb_1GHZ.pdb_1QB6.pdb	229	0.53	0.377	0.153	1.751	1.309	0.441	0.536	0.346	0.19	-5.242	1978.254		0
ZINC02192462_77	1G3E.pdb_1GHZ.pdb_1QB6.pdb	245	0.529	0.445	0.084	1.511	1.297	0.214	0.525	0.404	0.121	-3.359	2316.205		0
ZINC02221828_132	1G3E.pdb_1GHZ.pdb_1QB6.pdb	249	0.529	0.4	0.128	1.528	1.201	0.327	0.55	0.375	0.174	-4.85	2150.541		0
ZINC03819919_14	1G3E.pdb_1GHZ.pdb_1QB6.pdb	250	0.529	0.366	0.162	1.656	1.192	0.464	0.546	0.346	0.2	-5.526	1980.526		0
ZINC02130850_156	1G3E.pdb_1GHZ.pdb_1QB6.pdb	246	0.529	0.407	0.121	1.528	1.218	0.311	0.545	0.38	0.166	-4.606	2176.661		0
ZINC02138942_168	1G3E.pdb_1GHZ.pdb_1QB6.pdb	248	0.529	0.384	0.145	1.524	1.16	0.364	0.559	0.365	0.194	-5.392	2090.357		0
ZINC01548416_92	1G3E.pdb_1GHZ.pdb_1QB6.pdb	247	0.529	0.372	0.157	1.566	1.215	0.351	0.57	0.349	0.221	-6.177	1996.5		0
ZINC00921352_58	1G3E.pdb_1GHZ.pdb_1QB6.pdb	253	0.528	0.382	0.146	1.515	1.132	0.383	0.556	0.366	0.19	-5.279	2099.254		0
ZINC01107131_79	1G3E.pdb_1GHZ.pdb_1QB6.pdb	262	0.528	0.41	0.118	1.591	1.273	0.319	0.535	0.377	0.158	-4.398	2157.111		0
ZINC00587714_146	1G3E.pdb_1GHZ.pdb_1QB6.pdb	261	0.528	0.338	0.19	1.703	1.151	0.552	0.548	0.324	0.224	-6.191	1852.069		0
ZINC03870745_17	1G3E.pdb_1GHZ.pdb_1QB6.pdb	252	0.528	0.393	0.135	1.475	1.1	0.374	0.553	0.38	0.174	-4.811	2179.365		0
ZINC03834116_66	1G3E.pdb_1GHZ.pdb_1QB6.pdb	251	0.528	0.369	0.158	1.466	1.055	0.411	0.567	0.363	0.205	-5.675	2081.374		1
ZINC00770809_65	1G3E.pdb_1GHZ.pdb_1QB6.pdb	258	0.528	0.411	0.117	1.415	1.125	0.29	0.557	0.393	0.164	-4.56	2259.161		0
ZINC03828686_79	1G3E.pdb_1GHZ.pdb_1QB6.pdb	257	0.528	0.376	0.152	1.55	1.152	0.398	0.556	0.358	0.198	-5.488	2050.91		0
ZINC03444529_166	1G3E.pdb_1GHZ.pdb_1QB6.pdb	259	0.528	0.384	0.144	1.782	1.318	0.464	0.524	0.352	0.173	-4.764	2010.04		0
ZINC02130364_170	1G3E.pdb_1GHZ.pdb_1QB6.pdb	254	0.528	0.39	0.138	1.527	1.179	0.348	0.554	0.368	0.185	-5.154	2109.941		0
ZINC01541499_146	1G3E.pdb_1GHZ.pdb_1QB6.pdb	256	0.528	0.412	0.116	1.609	1.296	0.313	0.532	0.376	0.156	-4.319	2153.642		0
ZINC03368272_97	1G3E.pdb_1GHZ.pdb_1QB6.pdb	255	0.528	0.389	0.138	1.723	1.326	0.398	0.53	0.355	0.175	-4.839	2032.631		0
ZINC01548106_181	1G3E.pdb_1GHZ.pdb_1QB6.pdb	260	0.528	0.348	0.18	1.885	1.312	0.573	0.529	0.321	0.208	-5.722	1834.408		0
ZINC04188447_193	1G3E.pdb_1GHZ.pdb_1QB6.pdb	267	0.527	0.411	0.116	1.772	1.426	0.346	0.515	0.366	0.149	-4.113	2091.283		0
ZINC01882071_176	1G3E.pdb_1GHZ.pdb_1QB6.pdb	265	0.527	0.397	0.13	1.65	1.252	0.399	0.529	0.367	0.162	-4.47	2103.608		0
ZINC02572664_40	1G3E.pdb_1GHZ.pdb_1QB6.pdb	266	0.527	0.405	0.122	1.546	1.265	0.281	0.55	0.373	0.177	-4.947	2137.927		0
ZINC03962674_167	1G3E.pdb_1GHZ.pdb_1QB6.pdb	272	0.527	0.388	0.139	1.61	1.247	0.363	0.544	0.36	0.184	-5.111	2061.361		0
ZINC03812787_23	1G3E.pdb_1GHZ.pdb_1QB6.pdb	268	0.527	0.426	0.101	1.406	1.175	0.231	0.553	0.401	0.153	-4.274	2299.199		0
ZINC03842254_93	1G3E.pdb_1GHZ.pdb_1QB6.pdb	269	0.527	0.37	0.157	1.473	1.081	0.392	0.568	0.36	0.208	-5.787	2063.1		0
ZINC03633199_118	1G3E.pdb_1GHZ.pdb_1QB6.pdb	270	0.527	0.416	0.111	1.553	1.288	0.265	0.542	0.38	0.161	-4.503	2177.848		0
ZINC03672559_112	1G3E.pdb_1GHZ.pdb_1QB6.pdb	264	0.527	0.394	0.133	1.566	1.213	0.353	0.544	0.368	0.176	-4.877	2108.756		0
ZINC03325420_95	1G3E.pdb_1GHZ.pdb_1QB6.pdb	263	0.527	0.383	0.143	1.667	1.257	0.41	0.536	0.356	0.18	-4.989	2034.784		0
ZINC03864336_123	1G3E.pdb_1GHZ.pdb_1QB6.pdb	273	0.527	0.427	0.101	1.508	1.219	0.289	0.53	0.396	0.134	-3.702	2273.85		0
ZINC03325422_84	1G3E.pdb_1GHZ.pdb_1QB6.pdb	271	0.527	0.4	0.128	1.666	1.295	0.371	0.529	0.366	0.163	-4.51	2096.693		0
ZINC04215208_21	1G3E.pdb_1GHZ.pdb_1QB6.pdb	278	0.526	0.374	0.152	1.388	1.081	0.306	0.596	0.363	0.233	-6.553	2085.431		0
ZINC01996908_0	1G3E.pdb_1GHZ.pdb_1QB6.pdb	276	0.526	0.365	0.161	1.605	1.168	0.437	0.549	0.347	0.202	-5.609	1985.738		0
ZINC04356859_48	1G3E.pdb_1GHZ.pdb_1QB6.pdb	277	0.526	0.426	0.1	1.67	1.35	0.319	0.51	0.384	0.126	-3.491	2195.055		0
ZINC02349120_6	1G3E.pdb_1GHZ.pdb_1QB6.pdb	275	0.526	0.383	0.143	1.543	1.205	0.339	0.558	0.36	0.198	-5.527	2059.278		0
ZINC03800681_111	1G3E.pdb_1GHZ.pdb_1QB6.pdb	274	0.526	0.382	0.144	1.539	1.142	0.397	0.548	0.365	0.184	-5.089	2090.833		0
ZINC04150044_135	1G3E.pdb_1GHZ.pdb_1QB6.pdb	283	0.525	0.388	0.137	1.431	1.109	0.322	0.566	0.374	0.192	-5.37	2146.527		0
ZINC01821866_164	1G3E.pdb_1GHZ.pdb_1QB6.pdb	289	0.525	0.441	0.084	1.477	1.268	0.208	0.527	0.403	0.124	-3.47	2311.1		0
ZINC03842255_172	1G3E.pdb_1GHZ.pdb_1QB6.pdb	282	0.525	0.356	0.169	1.568	1.167	0.401	0.564	0.338	0.226	-6.296	1937.014		0
ZINC00718798_74	1G3E.pdb_1GHZ.pdb_1QB6.pdb	288	0.525	0.374	0.15	1.532	1.15	0.383	0.556	0.357	0.199	-5.515	2046.122		0
ZINC00974317_66	1G3E.pdb_1GHZ.pdb_1QB6.pdb	284	0.525	0.407	0.118	1.584	1.266	0.318	0.533	0.375	0.158	-4.395	2147.7		0
ZINC03816706_108	1G3E.pdb_1GHZ.pdb_1QB6.pdb	281	0.525	0.355	0.17	1.505	1.116	0.389	0.575	0.342	0.233	-6.49	1961.397		0
ZINC00767720_37	1G3E.pdb_1GHZ.pdb_1QB6.pdb	286	0.525	0.432	0.093	1.504	1.247	0.257	0.526	0.398	0.128	-3.549	2279.975		0
ZINC04257378_170	1G3E.pdb_1GHZ.pdb_1QB6.pdb	280	0.525	0.408	0.118	1.754	1.404	0.35	0.516	0.365	0.151	-4.164	2085.781		0
ZINC02192461_110	1G3E.pdb_1GHZ.pdb_1QB6.pdb	279	0.525	0.411	0.114	1.51	1.226	0.285	0.542	0.382	0.161	-4.472	2188.641		0
ZINC03500143_101	1G3E.pdb_1GHZ.pdb_1QB6.pdb	285	0.525	0.368	0.157	1.81	1.31	0.5	0.524	0.338	0.186	-5.13	1932.612		0
ZINC02970965_192	1G3E.pdb_1GHZ.pdb_1QB6.pdb	287	0.525	0.385	0.139	1.583	1.197	0.386	0.541	0.362	0.179	-4.952	2076.141		0
ZINC01548695_134	1G3E.pdb_1GHZ.pdb_1QB6.pdb	292	0.524	0.383	0.141	1.548	1.191	0.357	0.55	0.361	0.189	-5.258	2068.901		0
ZINC02135326_52	1G3E.pdb_1GHZ.pdb_1QB6.pdb	290	0.524	0.414	0.11	1.51	1.226	0.284	0.536	0.385	0.151	-4.211	2204.424		0
ZINC03368307_117	1G3E.pdb_1GHZ.pdb_1QB6.pdb	295	0.524	0.377	0.147	1.718	1.319	0.399	0.535	0.346	0.189	-5.239	1974.99		0
ZINC04103307_70	1G3E.pdb_1GHZ.pdb_1QB6.pdb	294	0.524	0.369	0.155	1.438	1.098	0.34	0.578	0.357	0.221	-6.193	2048.318		0
ZINC00921242_70	1G3E.pdb_1GHZ.pdb_1QB6.pdb	296	0.524	0.413	0.111	1.395	1.121	0.274	0.553	0.395	0.158	-4.403	2270.529		0
ZINC01549838_20	1G3E.pdb_1GHZ.pdb_1QB6.pdb	293	0.524	0.39	0.134	1.572	1.199	0.373	0.539	0.366	0.173	-4.79	2099.549		0
ZINC04103307_73	1G3E.pdb_1GHZ.pdb_1QB6.pdb	291	0.524	0.362	0.162	1.425	1.082	0.343	0.588	0.353	0.235	-6.585	2022.564		0
ZINC03838510_159	1G3E.pdb_1GHZ.pdb_1QB6.pdb	297	0.523	0.365	0.158	1.696	1.286	0.41	0.541	0.337	0.204	-5.655	1929.119		0
ZINC02221823_103	1G3E.pdb_1GHZ.pdb_1QB6.pdb	299	0.523	0.376	0.147	1.516	1.147	0.368	0.555	0.359	0.196	-5.46	2057.814		0
ZINC03368428_184	1G3E.pdb_1GHZ.pdb_1QB6.pdb	298	0.523	0.399	0.124	1.763	1.379	0.383	0.515	0.359	0.155	-4.293	2054.608		0
ZINC03819921_115	1G3E.pdb_1GHZ.pdb_1QB6.pdb	301	0.523	0.37	0.153	1.565	1.164	0.401	0.551	0.352	0.199	-5.526	2014.322		0
ZINC02218504_145	1G3E.pdb_1GHZ.pdb_1QB6.pdb	302	0.523	0.351	0.171	1.572	1.111	0.461	0.553	0.34	0.214	-5.927	1945.317		0
ZINC02975581_27	1G3E.pdb_1GHZ.pdb_1QB6.pdb	303	0.523	0.394	0.129	1.354	1.067	0.287	0.575	0.385	0.19	-5.333	2210.421		0
ZINC03819921_73	1G3E.pdb_1GHZ.pdb_1QB6.pdb	304	0.523	0.355	0.168	1.563	1.13	0.433	0.557	0.341	0.216	-5.981	1954.192		0
ZINC04217906_126	1G3E.pdb_1GHZ.pdb_1QB6.pdb	300	0.523	0.411	0.113	1.74	1.403	0.337	0.512	0.367	0.145	-4.003	2099.431		0
ZINC04411389_30	1G3E.pdb_1GHZ.pdb_1QB6.pdb	305	0.523	0.367	0.155	1.511	1.123	0.388	0.559	0.353	0.206	-5.718	2024.62		0
ZINC03891131_136	1G3E.pdb_1GHZ.pdb_1QB6.pdb	308	0.522	0.422	0.1	1.555	1.305	0.25	0.527	0.384	0.143	-3.999	2198.739		0
ZINC03779518_21	1G3E.pdb_1GHZ.pdb_1QB6.pdb	307	0.522	0.389	0.132	1.408	1.131	0.277	0.575	0.373	0.202	-5.674	2137.826		0
ZINC03343938_190	1G3E.pdb_1GHZ.pdb_1QB6.pdb	316	0.522	0.396	0.126	1.504	1.15	0.354	0.54	0.376	0.164	-4.548	2158.189		0
ZINC00970330_79	1G3E.pdb_1GHZ.pdb_1QB6.pdb	312	0.522	0.404	0.118	1.601	1.283	0.319	0.529	0.371	0.158	-4.399	2122.578		0
ZINC00770143_152	1G3E.pdb_1GHZ.pdb_1QB6.pdb	310	0.522	0.378	0.143	1.435	1.074	0.361	0.561	0.369	0.192	-5.333	2117.337		0
ZINC01322331_33	1G3E.pdb_1GHZ.pdb_1QB6.pdb	311	0.522	0.385	0.137	1.524	1.202	0.322	0.554	0.362	0.192	-5.359	2074.003		0
ZINC03867259_195	1G3E.pdb_1GHZ.pdb_1QB6.pdb	314	0.522	0.404	0.118	1.747	1.415	0.333	0.516	0.362	0.154	-4.273	2065.847		0
ZINC03552652_166	1G3E.pdb_1GHZ.pdb_1QB6.pdb	315	0.522	0.386	0.135	1.623	1.252	0.371	0.534	0.359	0.175	-4.858	2052.183		0
ZINC01893284_148	1G3E.pdb_1GHZ.pdb_1QB6.pdb	313	0.522	0.423	0.099	1.501	1.251	0.25	0.531	0.39	0.141	-3.934	2233.719		0
ZINC04248899_180	1G3E.pdb_1GHZ.pdb_1QB6.pdb	309	0.522	0.366	0.155	1.662	1.274	0.388	0.545	0.34	0.206	-5.722	1941.898		0
ZINC04001506_143	1G3E.pdb_1GHZ.pdb_1QB6.pdb	306	0.522	0.397	0.126	1.578	1.251	0.327	0.537	0.367	0.169	-4.709	2102.916		0
ZINC02160908_61	1G3E.pdb_1GHZ.pdb_1QB6.pdb	324	0.521	0.394	0.127	1.652	1.283	0.369	0.525	0.363	0.162	-4.494	2075.832		0
ZINC04001527_160	1G3E.pdb_1GHZ.pdb_1QB6.pdb	323	0.521	0.345	0.175	1.583	1.146	0.437	0.557	0.331	0.227	-6.293	1893.857		0
ZINC03818476_197	1G3E.pdb_1GHZ.pdb_1QB6.pdb	321	0.521	0.4	0.121	1.614	1.257	0.358	0.524	0.37	0.154	-4.254	2117.32		0
ZINC03438914_77	1G3E.pdb_1GHZ.pdb_1QB6.pdb	326	0.521	0.355	0.165	1.676	1.204	0.472	0.538	0.335	0.203	-5.61	1916.568		0
ZINC01550309_178	1G3E.pdb_1GHZ.pdb_1QB6.pdb	325	0.521	0.375	0.147	1.623	1.238	0.386	0.541	0.349	0.192	-5.322	1999.296		0
ZINC03814069_50	1G3E.pdb_1GHZ.pdb_1QB6.pdb	327	0.521	0.392	0.129	1.648	1.287	0.361	0.528	0.36	0.167	-4.631	2062.481		0
ZINC03323428_73	1G3E.pdb_1GHZ.pdb_1QB6.pdb	317	0.521	0.365	0.156	1.646	1.219	0.427	0.54	0.343	0.198	-5.471	1960.636		0
ZINC01882070_125	1G3E.pdb_1GHZ.pdb_1QB6.pdb	320	0.521	0.399	0.122	1.634	1.257	0.377	0.522	0.369	0.153	-4.226	2113.457		0
ZINC02975581_25	1G3E.pdb_1GHZ.pdb_1QB6.pdb	319	0.521	0.391	0.13	1.349	1.061	0.288	0.574	0.382	0.191	-5.357	2196.371		0
ZINC03269986_93	1G3E.pdb_1GHZ.pdb_1QB6.pdb	318	0.521	0.382	0.139	1.719	1.29	0.429	0.522	0.352	0.17	-4.692	2014.045		0
ZINC02129135_93	1G3E.pdb_1GHZ.pdb_1QB6.pdb	322	0.521	0.378	0.143	1.526	1.167	0.359	0.55	0.359	0.191	-5.324	2056.707		0
ZINC02656913_61	1G3E.pdb_1GHZ.pdb_1QB6.pdb	332	0.52	0.369	0.151	1.631	1.237	0.394	0.541	0.345	0.196	-5.437	1971.466		0
ZINC03973552_174	1G3E.pdb_1GHZ.pdb_1QB6.pdb	329	0.52	0.383	0.138	1.441	1.105	0.336	0.558	0.369	0.189	-5.268	2118.553		0
ZINC04260539_165	1G3E.pdb_1GHZ.pdb_1QB6.pdb	331	0.52	0.367	0.153	1.57	1.188	0.383	0.55	0.347	0.203	-5.647	1988.44		0
ZINC04287505_5	1G3E.pdb_1GHZ.pdb_1QB6.pdb	335	0.52	0.387	0.133	1.751	1.318	0.433	0.515	0.354	0.161	-4.442	2025.44		0
ZINC02370635_138	1G3E.pdb_1GHZ.pdb_1QB6.pdb	334	0.52	0.383	0.137	1.705	1.311	0.394	0.524	0.351	0.173	-4.788	2008.268		0
ZINC02136680_150	1G3E.pdb_1GHZ.pdb_1QB6.pdb	333	0.52	0.413	0.107	1.474	1.207	0.268	0.537	0.386	0.151	-4.217	2212.893		0
ZINC01546188_75	1G3E.pdb_1GHZ.pdb_1QB6.pdb	328	0.52	0.388	0.132	1.599	1.213	0.387	0.53	0.363	0.167	-4.604	2080.943		0
ZINC00906587_124	1G3E.pdb_1GHZ.pdb_1QB6.pdb	330	0.52	0.367	0.152	1.599	1.182	0.417	0.541	0.348	0.193	-5.351	1991.44		0
ZINC03842084_78	1G3E.pdb_1GHZ.pdb_1QB6.pdb	349	0.519	0.388	0.131	1.508	1.175	0.333	0.544	0.367	0.177	-4.917	2104.096		0
ZINC02700318_193	1G3E.pdb_1GHZ.pdb_1QB6.pdb	350	0.519	0.415	0.104	1.502	1.23	0.272	0.529	0.385	0.144	-4.012	2207.104		0
ZINC03368257_197	1G3E.pdb_1GHZ.pdb_1QB6.pdb	347	0.519	0.399	0.121	1.67	1.316	0.353	0.519	0.364	0.155	-4.293	2080.363		0
ZINC00978047_165	1G3E.pdb_1GHZ.pdb_1QB6.pdb	344	0.519	0.34	0.18	1.567	1.128	0.439	0.56	0.327	0.233	-6.486	1872.051		0
ZINC03780350_49	1G3E.pdb_1GHZ.pdb_1QB6.pdb	340	0.519	0.399	0.12	1.417	1.148	0.268	0.558	0.38	0.178	-4.977	2178.748		0
ZINC02712542_34	1G3E.pdb_1GHZ.pdb_1QB6.pdb	339	0.519	0.348	0.171	1.53	1.124	0.406	0.563	0.335	0.229	-6.366	1917.53		0
ZINC02136682_79	1G3E.pdb_1GHZ.pdb_1QB6.pdb	342	0.519	0.412	0.107	1.471	1.204	0.267	0.537	0.385	0.151	-4.21	2209.649		0
ZINC03325415_141	1G3E.pdb_1GHZ.pdb_1QB6.pdb	348	0.519	0.329	0.19	1.646	1.123	0.524	0.548	0.318	0.23	-6.372	1817.695		0
ZINC02128934_193	1G3E.pdb_1GHZ.pdb_1QB6.pdb	346	0.519	0.404	0.115	1.522	1.226	0.296	0.534	0.376	0.158	-4.394	2153.701		0
ZINC02128936_113	1G3E.pdb_1GHZ.pdb_1QB6.pdb	345	0.519	0.38	0.139	1.526	1.174	0.352	0.547	0.36	0.187	-5.212	2060.974		0
ZINC01552869_191	1G3E.pdb_1GHZ.pdb_1QB6.pdb	343	0.519	0.373	0.146	1.521	1.18	0.341	0.556	0.353	0.203	-5.676	2020.619		0
ZINC03406198_65	1G3E.pdb_1GHZ.pdb_1QB6.pdb	336	0.519	0.366	0.154	1.771	1.28	0.491	0.521	0.339	0.183	-5.036	1935.908		0
ZINC01893284_35	1G3E.pdb_1GHZ.pdb_1QB6.pdb	338	0.519	0.414	0.105	1.496	1.233	0.263	0.532	0.384	0.148	-4.122	2202.316		0
ZINC03406204_184	1G3E.pdb_1GHZ.pdb_1QB6.pdb	337	0.519	0.367	0.152	1.736	1.278	0.458	0.526	0.34	0.186	-5.13	1942.371		0
ZINC03671448_145	1G3E.pdb_1GHZ.pdb_1QB6.pdb	341	0.519	0.415	0.105	1.603	1.304	0.299	0.517	0.378	0.139	-3.843	2164.167		0
ZINC03625437_153	1G3E.pdb_1GHZ.pdb_1QB6.pdb	355	0.518	0.374	0.145	1.486	1.147	0.339	0.559	0.356	0.202	-5.639	2042.739		0
ZINC03780338_19	1G3E.pdb_1GHZ.pdb_1QB6.pdb	353	0.518	0.34	0.179	1.401	1.041	0.36	0.597	0.335	0.262	-7.356	1921.28		0
ZINC03405968_68	1G3E.pdb_1GHZ.pdb_1QB6.pdb	354	0.518	0.365	0.153	1.702	1.268	0.434	0.53	0.339	0.191	-5.28	1939.534		0
ZINC00973903_121	1G3E.pdb_1GHZ.pdb_1QB6.pdb	359	0.518	0.374	0.145	1.576	1.221	0.355	0.546	0.35	0.196	-5.455	2003.536		0
ZINC03985882_150	1G3E.pdb_1GHZ.pdb_1QB6.pdb	360	0.518	0.354	0.163	1.525	1.102	0.423	0.553	0.343	0.21	-5.834	1965.263		0
ZINC02242841_191	1G3E.pdb_1GHZ.pdb_1QB6.pdb	357	0.518	0.404	0.114	1.488	1.221	0.267	0.542	0.377	0.165	-4.621	2158.61		0
ZINC03640529_63	1G3E.pdb_1GHZ.pdb_1QB6.pdb	358	0.518	0.407	0.111	1.459	1.195	0.264	0.543	0.382	0.16	-4.481	2190.599		0
ZINC03990227_149	1G3E.pdb_1GHZ.pdb_1QB6.pdb	351	0.518	0.44	0.078	1.609	1.382	0.227	0.498	0.393	0.105	-2.917	2246.772		0
ZINC03840213_46	1G3E.pdb_1GHZ.pdb_1QB6.pdb	356	0.518	0.38	0.138	1.589	1.238	0.351	0.54	0.354	0.186	-5.168	2025.512		0
ZINC04001504_81	1G3E.pdb_1GHZ.pdb_1QB6.pdb	352	0.518	0.388	0.129	1.613	1.263	0.351	0.529	0.359	0.17	-4.715	2056.634		0
ZINC03812795_43	1G3E.pdb_1GHZ.pdb_1QB6.pdb	361	0.517	0.404	0.113	1.406	1.15	0.255	0.553	0.384	0.169	-4.733	2202.151		0
ZINC03969854_184	1G3E.pdb_1GHZ.pdb_1QB6.pdb	363	0.517	0.42	0.097	1.658	1.379	0.279	0.506	0.377	0.129	-3.583	2155.283		0
ZINC03834178_184	1G3E.pdb_1GHZ.pdb_1QB6.pdb	362	0.517	0.365	0.151	1.486	1.107	0.379	0.554	0.353	0.201	-5.595	2023.437		1
ZINC03821014_48	1G3E.pdb_1GHZ.pdb_1QB6.pdb	372	0.517	0.402	0.115	1.513	1.227	0.286	0.535	0.374	0.161	-4.491	2143.188		0
ZINC01821866_27	1G3E.pdb_1GHZ.pdb_1QB6.pdb	371	0.517	0.416	0.101	1.464	1.219	0.245	0.534	0.387	0.146	-4.08	2221.29		0
ZINC03889997_2	1G3E.pdb_1GHZ.pdb_1QB6.pdb	370	0.517	0.393	0.124	1.545	1.179	0.366	0.528	0.371	0.157	-4.349	2126.737		0
ZINC04213700_63	1G3E.pdb_1GHZ.pdb_1QB6.pdb	369	0.517	0.407	0.11	1.683	1.385	0.299	0.514	0.366	0.148	-4.115	2090.825		0
ZINC01902817_108	1G3E.pdb_1GHZ.pdb_1QB6.pdb	365	0.517	0.353	0.164	1.573	1.166	0.406	0.552	0.336	0.215	-5.991	1924.035		0
ZINC03530553_133	1G3E.pdb_1GHZ.pdb_1QB6.pdb	366	0.517	0.387	0.13	1.637	1.261	0.377	0.524	0.358	0.166	-4.58	2048.615		0
ZINC02375333_21	1G3E.pdb_1GHZ.pdb_1QB6.pdb	367	0.517	0.38	0.137	1.675	1.281	0.394	0.524	0.351	0.173	-4.789	2007.896		0
ZINC03406067_112	1G3E.pdb_1GHZ.pdb_1QB6.pdb	368	0.517	0.372	0.146	1.704	1.308	0.396	0.529	0.342	0.187	-5.19	1953.39		0
ZINC03814069_49	1G3E.pdb_1GHZ.pdb_1QB6.pdb	364	0.517	0.381	0.136	1.639	1.261	0.378	0.528	0.353	0.175	-4.855	2020.431		0
ZINC03930465_18	1G3E.pdb_1GHZ.pdb_1QB6.pdb	375	0.516	0.341	0.175	1.586	1.115	0.471	0.548	0.329	0.218	-6.046	1886.403		0
ZINC03528794_106	1G3E.pdb_1GHZ.pdb_1QB6.pdb	376	0.516	0.363	0.153	1.681	1.222	0.459	0.527	0.34	0.186	-5.14	1948.003		0
ZINC00902638_134	1G3E.pdb_1GHZ.pdb_1QB6.pdb	374	0.516	0.41	0.106	1.342	1.096	0.245	0.553	0.395	0.157	-4.403	2271.388		0
ZINC03840253_195	1G3E.pdb_1GHZ.pdb_1QB6.pdb	378	0.516	0.415	0.101	1.596	1.341	0.255	0.518	0.375	0.143	-3.995	2145.451		0
ZINC03834149_162	1G3E.pdb_1GHZ.pdb_1QB6.pdb	377	0.516	0.397	0.119	1.484	1.177	0.307	0.538	0.375	0.163	-4.525	2149.391		1
ZINC03841071_165	1G3E.pdb_1GHZ.pdb_1QB6.pdb	379	0.516	0.387	0.129	1.579	1.251	0.329	0.534	0.359	0.174	-4.848	2057.251		0
ZINC03531210_41	1G3E.pdb_1GHZ.pdb_1QB6.pdb	373	0.516	0.363	0.153	1.65	1.216	0.434	0.532	0.341	0.191	-5.28	1949.997		0
ZINC03966737_185	1G3E.pdb_1GHZ.pdb_1QB6.pdb	385	0.515	0.38	0.135	1.505	1.184	0.321	0.547	0.359	0.188	-5.24	2056.977		0
ZINC03344380_172	1G3E.pdb_1GHZ.pdb_1QB6.pdb	387	0.515	0.378	0.137	1.695	1.277	0.417	0.519	0.349	0.169	-4.679	1996.501		0
ZINC04188463_39	1G3E.pdb_1GHZ.pdb_1QB6.pdb	386	0.515	0.399	0.116	1.783	1.436	0.346	0.505	0.356	0.149	-4.115	2031.985		0
ZINC02604748_155	1G3E.pdb_1GHZ.pdb_1QB6.pdb	380	0.515	0.409	0.107	1.514	1.247	0.267	0.529	0.378	0.151	-4.197	2165.463		0
ZINC04248905_37	1G3E.pdb_1GHZ.pdb_1QB6.pdb	384	0.515	0.359	0.156	1.652	1.245	0.407	0.537	0.335	0.202	-5.613	1916.832		0
ZINC03891133_127	1G3E.pdb_1GHZ.pdb_1QB6.pdb	383	0.515	0.405	0.11	1.508	1.247	0.261	0.534	0.375	0.159	-4.436	2147.536		0
ZINC03345168_88	1G3E.pdb_1GHZ.pdb_1QB6.pdb	382	0.515	0.359	0.156	1.434	1.073	0.361	0.566	0.351	0.215	-6.009	2010.458		0
ZINC04248899_114	1G3E.pdb_1GHZ.pdb_1QB6.pdb	381	0.515	0.333	0.182	1.629	1.184	0.445	0.552	0.316	0.236	-6.567	1807.834		0
ZINC03545191_186	1G3E.pdb_1GHZ.pdb_1QB6.pdb	393	0.514	0.412	0.102	1.572	1.309	0.264	0.518	0.375	0.143	-3.965	2147.578		0
ZINC03421130_74	1G3E.pdb_1GHZ.pdb_1QB6.pdb	394	0.514	0.371	0.143	1.511	1.134	0.377	0.542	0.355	0.187	-5.194	2034.742		0
ZINC03185845_42	1G3E.pdb_1GHZ.pdb_1QB6.pdb	395	0.514	0.41	0.105	1.609	1.328	0.281	0.515	0.372	0.143	-3.965	2127.98		0
ZINC04355779_12	1G3E.pdb_1GHZ.pdb_1QB6.pdb	400	0.514	0.423	0.092	1.511	1.269	0.242	0.516	0.388	0.128	-3.568	2222.259		0
ZINC03952614_161	1G3E.pdb_1GHZ.pdb_1QB6.pdb	396	0.514	0.363	0.151	1.514	1.1	0.414	0.543	0.351	0.192	-5.317	2013.687		0
ZINC03938554_196	1G3E.pdb_1GHZ.pdb_1QB6.pdb	399	0.514	0.367	0.146	1.507	1.122	0.385	0.544	0.353	0.191	-5.303	2024.635		0
ZINC03517673_154	1G3E.pdb_1GHZ.pdb_1QB6.pdb	398	0.514	0.366	0.148	1.57	1.142	0.428	0.534	0.35	0.184	-5.088	2005.857		0
ZINC02130567_154	1G3E.pdb_1GHZ.pdb_1QB6.pdb	397	0.514	0.384	0.13	1.473	1.143	0.33	0.543	0.367	0.176	-4.894	2102.005		0
ZINC03834186_99	1G3E.pdb_1GHZ.pdb_1QB6.pdb	401	0.514	0.405	0.109	1.692	1.366	0.327	0.506	0.366	0.14	-3.882	2090.205		1
ZINC03821014_24	1G3E.pdb_1GHZ.pdb_1QB6.pdb	390	0.514	0.401	0.114	1.506	1.223	0.283	0.533	0.373	0.16	-4.447	2139.236		0
ZINC02665348_95	1G3E.pdb_1GHZ.pdb_1QB6.pdb	391	0.514	0.388	0.126	1.491	1.172	0.319	0.539	0.367	0.172	-4.79	2103.85		0
ZINC03524549_67	1G3E.pdb_1GHZ.pdb_1QB6.pdb	392	0.514	0.369	0.146	1.649	1.253	0.396	0.53	0.343	0.187	-5.19	1963.033		0
ZINC03819918_119	1G3E.pdb_1GHZ.pdb_1QB6.pdb	389	0.514	0.388	0.126	1.62	1.266	0.354	0.523	0.358	0.164	-4.55	2051.248		0
ZINC03987019_132	1G3E.pdb_1GHZ.pdb_1QB6.pdb	388	0.514	0.397	0.117	1.579	1.263	0.316	0.524	0.367	0.157	-4.363	2098.639		0
ZINC03832371_139	1G3E.pdb_1GHZ.pdb_1QB6.pdb	404	0.513	0.384	0.13	1.409	1.077	0.331	0.549	0.373	0.176	-4.888	2144.141		1
ZINC04383601_46	1G3E.pdb_1GHZ.pdb_1QB6.pdb	410	0.513	0.369	0.144	1.529	1.131	0.397	0.538	0.354	0.184	-5.099	2030.254		0
ZINC02130616_25	1G3E.pdb_1GHZ.pdb_1QB6.pdb	403	0.513	0.403	0.11	1.471	1.197	0.274	0.534	0.378	0.155	-4.326	2168.795		0
ZINC03599114_59	1G3E.pdb_1GHZ.pdb_1QB6.pdb	402	0.513	0.344	0.169	1.636	1.208	0.429	0.543	0.325	0.218	-6.055	1855.632		0
ZINC04001514_101	1G3E.pdb_1GHZ.pdb_1QB6.pdb	408	0.513	0.394	0.119	1.531	1.219	0.312	0.53	0.368	0.162	-4.495	2106.785		0
ZINC04410159_70	1G3E.pdb_1GHZ.pdb_1QB6.pdb	409	0.513	0.391	0.122	1.63	1.302	0.328	0.521	0.358	0.163	-4.522	2049.959		0
ZINC00719055_39	1G3E.pdb_1GHZ.pdb_1QB6.pdb	407	0.513	0.358	0.155	1.544	1.134	0.41	0.542	0.344	0.199	-5.515	1967.957		0
ZINC03969853_93	1G3E.pdb_1GHZ.pdb_1QB6.pdb	406	0.513	0.432	0.081	1.656	1.406	0.25	0.491	0.384	0.107	-2.964	2194.881		0
ZINC03807302_75	1G3E.pdb_1GHZ.pdb_1QB6.pdb	405	0.513	0.351	0.161	1.444	1.058	0.385	0.562	0.345	0.217	-6.044	1976.708		0
ZINC02402354_12	1G3E.pdb_1GHZ.pdb_1QB6.pdb	418	0.512	0.365	0.147	1.461	1.102	0.36	0.552	0.354	0.199	-5.526	2026.981		0
ZINC00962263_150	1G3E.pdb_1GHZ.pdb_1QB6.pdb	422	0.512	0.409	0.103	1.537	1.225	0.311	0.514	0.38	0.134	-3.705	2178.095		0
ZINC03323121_122	1G3E.pdb_1GHZ.pdb_1QB6.pdb	420	0.512	0.397	0.115	1.62	1.263	0.357	0.512	0.367	0.145	-4.004	2098.88		0
ZINC00962264_174	1G3E.pdb_1GHZ.pdb_1QB6.pdb	412	0.512	0.411	0.101	1.534	1.231	0.304	0.512	0.382	0.131	-3.612	2188.418		0
ZINC02389477_183	1G3E.pdb_1GHZ.pdb_1QB6.pdb	411	0.512	0.383	0.129	1.569	1.229	0.341	0.53	0.358	0.172	-4.788	2047.23		0
ZINC03834141_193	1G3E.pdb_1GHZ.pdb_1QB6.pdb	415	0.512	0.366	0.145	1.544	1.122	0.422	0.534	0.352	0.182	-5.019	2019.607		1
ZINC01109283_36	1G3E.pdb_1GHZ.pdb_1QB6.pdb	416	0.512	0.364	0.148	1.641	1.188	0.453	0.524	0.345	0.18	-4.963	1972.513		0
ZINC04161158_39	1G3E.pdb_1GHZ.pdb_1QB6.pdb	417	0.512	0.35	0.162	1.709	1.268	0.441	0.53	0.326	0.204	-5.652	1863.342		0
ZINC03867662_123	1G3E.pdb_1GHZ.pdb_1QB6.pdb	419	0.512	0.364	0.149	1.645	1.236	0.409	0.529	0.34	0.189	-5.242	1944.818		0
ZINC00902681_38	1G3E.pdb_1GHZ.pdb_1QB6.pdb	421	0.512	0.42	0.092	1.401	1.162	0.239	0.526	0.397	0.129	-3.6	2278.014		0
ZINC03815827_105	1G3E.pdb_1GHZ.pdb_1QB6.pdb	413	0.512	0.395	0.117	1.403	1.101	0.301	0.541	0.381	0.16	-4.448	2190.249		1
ZINC03800681_155	1G3E.pdb_1GHZ.pdb_1QB6.pdb	414	0.512	0.35	0.161	1.51	1.071	0.439	0.546	0.342	0.203	-5.632	1962.223		0
ZINC03832369_183	1G3E.pdb_1GHZ.pdb_1QB6.pdb	436	0.511	0.381	0.13	1.605	1.286	0.319	0.531	0.352	0.18	-5.007	2010.397		1
ZINC00974236_29	1G3E.pdb_1GHZ.pdb_1QB6.pdb	435	0.511	0.311	0.201	1.502	1.02	0.482	0.565	0.309	0.256	-7.114	1769.086		0
ZINC02222762_155	1G3E.pdb_1GHZ.pdb_1QB6.pdb	434	0.511	0.409	0.103	1.45	1.156	0.294	0.524	0.387	0.136	-3.776	2223.37		0
ZINC02128211_5	1G3E.pdb_1GHZ.pdb_1QB6.pdb	433	0.511	0.388	0.123	1.582	1.241	0.341	0.522	0.361	0.162	-4.482	2064.008		0
ZINC03633212_124	1G3E.pdb_1GHZ.pdb_1QB6.pdb	437	0.511	0.401	0.11	1.497	1.235	0.261	0.532	0.373	0.159	-4.436	2134.909		0
ZINC02616762_57	1G3E.pdb_1GHZ.pdb_1QB6.pdb	438	0.511	0.428	0.083	1.532	1.289	0.243	0.503	0.39	0.113	-3.117	2235.642		0
ZINC02373588_126	1G3E.pdb_1GHZ.pdb_1QB6.pdb	432	0.511	0.375	0.137	1.682	1.288	0.394	0.519	0.346	0.173	-4.789	1977.037		0
ZINC02128808_166	1G3E.pdb_1GHZ.pdb_1QB6.pdb	430	0.511	0.386	0.125	1.439	1.109	0.33	0.54	0.372	0.167	-4.641	2136.794		0
ZINC03817194_165	1G3E.pdb_1GHZ.pdb_1QB6.pdb	431	0.511	0.37	0.142	1.485	1.177	0.308	0.558	0.35	0.208	-5.819	2005.136		0
ZINC00771641_175	1G3E.pdb_1GHZ.pdb_1QB6.pdb	428	0.511	0.391	0.12	1.394	1.097	0.297	0.545	0.378	0.168	-4.674	2167.758		0
ZINC03637651_34	1G3E.pdb_1GHZ.pdb_1QB6.pdb	427	0.511	0.376	0.135	1.613	1.295	0.318	0.536	0.346	0.19	-5.294	1979.371		0
ZINC02193238_152	1G3E.pdb_1GHZ.pdb_1QB6.pdb	426	0.511	0.389	0.122	1.563	1.201	0.362	0.521	0.365	0.156	-4.305	2091.915		0
ZINC03841640_173	1G3E.pdb_1GHZ.pdb_1QB6.pdb	429	0.511	0.389	0.123	1.468	1.139	0.329	0.535	0.371	0.164	-4.538	2127.987		0
ZINC03405586_151	1G3E.pdb_1GHZ.pdb_1QB6.pdb	425	0.511	0.364	0.147	1.713	1.26	0.453	0.518	0.339	0.179	-4.948	1936.286		0
ZINC01865099_130	1G3E.pdb_1GHZ.pdb_1QB6.pdb	424	0.511	0.414	0.097	1.583	1.304	0.279	0.507	0.377	0.129	-3.584	2160.448		0
ZINC03552654_116	1G3E.pdb_1GHZ.pdb_1QB6.pdb	423	0.511	0.397	0.114	1.595	1.276	0.319	0.516	0.365	0.151	-4.177	2091.407		0
ZINC03819919_188	1G3E.pdb_1GHZ.pdb_1QB6.pdb	439	0.511	0.371	0.139	1.61	1.203	0.406	0.524	0.349	0.175	-4.831	2000.764		0
ZINC03840253_108	1G3E.pdb_1GHZ.pdb_1QB6.pdb	440	0.511	0.416	0.095	1.586	1.345	0.241	0.512	0.376	0.136	-3.784	2149.366		0
ZINC03840234_26	1G3E.pdb_1GHZ.pdb_1QB6.pdb	441	0.511	0.353	0.158	1.581	1.187	0.394	0.544	0.335	0.209	-5.805	1915.923		0
ZINC02408724_186	1G3E.pdb_1GHZ.pdb_1QB6.pdb	442	0.511	0.383	0.128	1.538	1.16	0.377	0.526	0.364	0.162	-4.486	2086.452		0
ZINC03946130_90	1G3E.pdb_1GHZ.pdb_1QB6.pdb	443	0.511	0.359	0.152	1.546	1.13	0.416	0.537	0.345	0.193	-5.343	1974.169		0
ZINC02131330_129	1G3E.pdb_1GHZ.pdb_1QB6.pdb	451	0.51	0.385	0.125	1.412	1.105	0.307	0.545	0.371	0.174	-4.848	2128.851		0
ZINC03992806_76	1G3E.pdb_1GHZ.pdb_1QB6.pdb	452	0.51	0.407	0.103	1.567	1.274	0.294	0.511	0.375	0.136	-3.772	2144.591		0
ZINC03333552_49	1G3E.pdb_1GHZ.pdb_1QB6.pdb	453	0.51	0.35	0.16	1.566	1.136	0.43	0.539	0.336	0.203	-5.637	1923.121		0
ZINC03924186_85	1G3E.pdb_1GHZ.pdb_1QB6.pdb	449	0.51	0.382	0.128	1.529	1.152	0.377	0.526	0.364	0.162	-4.483	2087.016		0
ZINC02315723_73	1G3E.pdb_1GHZ.pdb_1QB6.pdb	448	0.51	0.411	0.1	1.516	1.259	0.258	0.518	0.379	0.139	-3.879	2168.587		0
ZINC00767140_13	1G3E.pdb_1GHZ.pdb_1QB6.pdb	444	0.51	0.378	0.132	1.453	1.103	0.351	0.539	0.365	0.174	-4.837	2094.775		0
ZINC02860446_84	1G3E.pdb_1GHZ.pdb_1QB6.pdb	445	0.51	0.406	0.104	1.405	1.134	0.271	0.532	0.388	0.144	-4.001	2225.142		0
ZINC03852886_74	1G3E.pdb_1GHZ.pdb_1QB6.pdb	450	0.51	0.392	0.119	1.512	1.192	0.319	0.527	0.368	0.159	-4.401	2111.402		0
ZINC03449894_137	1G3E.pdb_1GHZ.pdb_1QB6.pdb	447	0.51	0.334	0.176	1.669	1.141	0.528	0.53	0.321	0.209	-5.775	1834.675		0
ZINC03955054_123	1G3E.pdb_1GHZ.pdb_1QB6.pdb	446	0.51	0.366	0.143	1.451	1.121	0.33	0.554	0.352	0.202	-5.642	2020.068		0
ZINC02971927_113	1G3E.pdb_1GHZ.pdb_1QB6.pdb	461	0.509	0.368	0.141	1.564	1.173	0.391	0.53	0.349	0.181	-5.02	1996.485		0
ZINC03927446_82	1G3E.pdb_1GHZ.pdb_1QB6.pdb	454	0.509	0.391	0.119	1.527	1.208	0.319	0.525	0.366	0.159	-4.406	2097.809		0
ZINC03841617_161	1G3E.pdb_1GHZ.pdb_1QB6.pdb	465	0.509	0.394	0.116	1.422	1.144	0.277	0.541	0.375	0.165	-4.617	2152.205		0
ZINC03022380_55	1G3E.pdb_1GHZ.pdb_1QB6.pdb	460	0.509	0.368	0.141	1.666	1.23	0.436	0.517	0.344	0.172	-4.761	1970.368		0
ZINC03852886_19	1G3E.pdb_1GHZ.pdb_1QB6.pdb	468	0.509	0.412	0.097	1.504	1.238	0.266	0.514	0.382	0.132	-3.67	2187.13		0
ZINC03942063_108	1G3E.pdb_1GHZ.pdb_1QB6.pdb	463	0.509	0.363	0.145	1.437	1.072	0.366	0.549	0.355	0.194	-5.397	2035.038		0
ZINC02161467_25	1G3E.pdb_1GHZ.pdb_1QB6.pdb	459	0.509	0.389	0.12	1.563	1.245	0.318	0.523	0.361	0.161	-4.481	2068.669		0
ZINC00762664_14	1G3E.pdb_1GHZ.pdb_1QB6.pdb	458	0.509	0.356	0.153	1.632	1.191	0.442	0.526	0.336	0.19	-5.252	1925.012		0
ZINC04619441_14	1G3E.pdb_1GHZ.pdb_1QB6.pdb	457	0.509	0.369	0.14	1.554	1.151	0.403	0.528	0.352	0.176	-4.87	2019.224		0
ZINC01548257_124	1G3E.pdb_1GHZ.pdb_1QB6.pdb	456	0.509	0.378	0.131	1.622	1.274	0.348	0.523	0.349	0.173	-4.807	1998.546		0
ZINC01834069_150	1G3E.pdb_1GHZ.pdb_1QB6.pdb	455	0.509	0.351	0.158	1.591	1.109	0.482	0.53	0.339	0.191	-5.27	1942.169		0
ZINC03927446_83	1G3E.pdb_1GHZ.pdb_1QB6.pdb	464	0.509	0.39	0.119	1.527	1.206	0.32	0.525	0.366	0.159	-4.425	2094.311		0
ZINC04360805_78	1G3E.pdb_1GHZ.pdb_1QB6.pdb	462	0.509	0.389	0.12	1.622	1.265	0.357	0.513	0.36	0.153	-4.236	2058.091		0
ZINC04080451_118	1G3E.pdb_1GHZ.pdb_1QB6.pdb	466	0.509	0.397	0.112	1.487	1.208	0.279	0.529	0.372	0.158	-4.39	2130.787		0
ZINC03867781_188	1G3E.pdb_1GHZ.pdb_1QB6.pdb	467	0.509	0.355	0.154	1.59	1.204	0.386	0.539	0.335	0.205	-5.695	1914.075		0
ZINC03010371_12	1G3E.pdb_1GHZ.pdb_1QB6.pdb	481	0.508	0.368	0.14	1.509	1.168	0.34	0.542	0.35	0.192	-5.354	2003.476		0
ZINC00770994_135	1G3E.pdb_1GHZ.pdb_1QB6.pdb	478	0.508	0.381	0.127	1.457	1.144	0.312	0.54	0.364	0.176	-4.911	2084.561		0
ZINC00902617_35	1G3E.pdb_1GHZ.pdb_1QB6.pdb	479	0.508	0.421	0.087	1.375	1.163	0.212	0.526	0.397	0.129	-3.6	2279.486		0
ZINC03891130_113	1G3E.pdb_1GHZ.pdb_1QB6.pdb	482	0.508	0.368	0.14	1.52	1.183	0.337	0.542	0.348	0.194	-5.396	1992.019		0
ZINC03971723_159	1G3E.pdb_1GHZ.pdb_1QB6.pdb	483	0.508	0.327	0.181	1.636	1.126	0.51	0.534	0.315	0.219	-6.054	1803.332		0
ZINC03633177_37	1G3E.pdb_1GHZ.pdb_1QB6.pdb	484	0.508	0.398	0.11	1.493	1.232	0.261	0.529	0.371	0.159	-4.436	2122.317		0
ZINC02345449_27	1G3E.pdb_1GHZ.pdb_1QB6.pdb	477	0.508	0.376	0.132	1.472	1.149	0.324	0.541	0.358	0.183	-5.087	2054.553		0
ZINC02345449_36	1G3E.pdb_1GHZ.pdb_1QB6.pdb	476	0.508	0.382	0.126	1.472	1.161	0.311	0.538	0.362	0.175	-4.888	2077.349		0
ZINC00962261_79	1G3E.pdb_1GHZ.pdb_1QB6.pdb	471	0.508	0.405	0.103	1.528	1.217	0.311	0.511	0.378	0.134	-3.696	2164.044		0
ZINC03325703_91	1G3E.pdb_1GHZ.pdb_1QB6.pdb	470	0.508	0.326	0.182	1.839	1.259	0.58	0.515	0.305	0.21	-5.789	1742.807		0
ZINC02135330_78	1G3E.pdb_1GHZ.pdb_1QB6.pdb	473	0.508	0.383	0.125	1.48	1.16	0.32	0.535	0.364	0.171	-4.745	2086.341		0
ZINC01489009_86	1G3E.pdb_1GHZ.pdb_1QB6.pdb	480	0.508	0.39	0.117	1.581	1.232	0.35	0.514	0.364	0.15	-4.154	2082.61		0
ZINC02345452_63	1G3E.pdb_1GHZ.pdb_1QB6.pdb	475	0.508	0.372	0.136	1.471	1.14	0.332	0.543	0.356	0.187	-5.204	2039.48		0
ZINC03966572_99	1G3E.pdb_1GHZ.pdb_1QB6.pdb	474	0.508	0.391	0.117	1.42	1.105	0.315	0.534	0.377	0.157	-4.344	2165.459		0
ZINC01760987_72	1G3E.pdb_1GHZ.pdb_1QB6.pdb	469	0.508	0.335	0.173	1.386	1.027	0.359	0.583	0.332	0.251	-7.052	1903.338		0
ZINC03356245_10	1G3E.pdb_1GHZ.pdb_1QB6.pdb	472	0.508	0.384	0.124	1.712	1.323	0.389	0.505	0.351	0.154	-4.253	2008.825		0
ZINC03867942_185	1G3E.pdb_1GHZ.pdb_1QB6.pdb	487	0.507	0.31	0.196	1.659	1.142	0.517	0.539	0.299	0.24	-6.648	1708.852		0
ZINC00902658_61	1G3E.pdb_1GHZ.pdb_1QB6.pdb	485	0.507	0.418	0.089	1.365	1.14	0.225	0.526	0.397	0.129	-3.6	2280.533		0
ZINC03840233_65	1G3E.pdb_1GHZ.pdb_1QB6.pdb	495	0.507	0.353	0.154	1.506	1.135	0.371	0.547	0.339	0.209	-5.815	1939.819		0
ZINC03801144_80	1G3E.pdb_1GHZ.pdb_1QB6.pdb	498	0.507	0.364	0.143	1.65	1.209	0.441	0.518	0.343	0.175	-4.822	1961.854		0
ZINC03974519_183	1G3E.pdb_1GHZ.pdb_1QB6.pdb	499	0.507	0.367	0.14	1.506	1.17	0.336	0.542	0.349	0.193	-5.383	1996.2		0
ZINC00902607_36	1G3E.pdb_1GHZ.pdb_1QB6.pdb	500	0.507	0.415	0.092	1.395	1.156	0.239	0.523	0.393	0.129	-3.6	2258.031		0
ZINC03825961_91	1G3E.pdb_1GHZ.pdb_1QB6.pdb	494	0.507	0.384	0.123	1.552	1.206	0.346	0.521	0.36	0.161	-4.45	2061.673		0
ZINC04056952_121	1G3E.pdb_1GHZ.pdb_1QB6.pdb	486	0.507	0.342	0.166	1.571	1.148	0.422	0.541	0.327	0.214	-5.941	1872.845		0
ZINC04151689_176	1G3E.pdb_1GHZ.pdb_1QB6.pdb	489	0.507	0.35	0.158	1.575	1.182	0.393	0.54	0.332	0.208	-5.789	1899.005		0
ZINC04627373_98	1G3E.pdb_1GHZ.pdb_1QB6.pdb	488	0.507	0.346	0.16	1.61	1.173	0.437	0.532	0.329	0.202	-5.606	1884.372		0
ZINC03387210_37	1G3E.pdb_1GHZ.pdb_1QB6.pdb	496	0.507	0.375	0.131	1.652	1.286	0.367	0.516	0.346	0.17	-4.708	1980.323		0
ZINC04469531_183	1G3E.pdb_1GHZ.pdb_1QB6.pdb	490	0.507	0.367	0.14	1.506	1.17	0.336	0.542	0.349	0.193	-5.383	1996.2		0
ZINC03874136_178	1G3E.pdb_1GHZ.pdb_1QB6.pdb	491	0.507	0.34	0.167	1.604	1.144	0.461	0.534	0.326	0.208	-5.757	1864.691		0
ZINC03987407_4	1G3E.pdb_1GHZ.pdb_1QB6.pdb	497	0.507	0.35	0.157	1.569	1.14	0.428	0.534	0.335	0.199	-5.5	1919.887		0
ZINC03274648_106	1G3E.pdb_1GHZ.pdb_1QB6.pdb	493	0.507	0.392	0.115	1.632	1.275	0.357	0.506	0.361	0.145	-4.004	2066.583		0
ZINC03342986_72	1G3E.pdb_1GHZ.pdb_1QB6.pdb	492	0.507	0.433	0.074	1.445	1.266	0.179	0.509	0.397	0.113	-3.155	2272.886		0
ZINC03840237_91	1G3E.pdb_1GHZ.pdb_1QB6.pdb	509	0.506	0.352	0.154	1.522	1.152	0.37	0.545	0.337	0.208	-5.804	1928.24		0
ZINC03938550_174	1G3E.pdb_1GHZ.pdb_1QB6.pdb	501	0.506	0.36	0.145	1.481	1.142	0.34	0.547	0.345	0.202	-5.647	1975.614		0
ZINC03816706_137	1G3E.pdb_1GHZ.pdb_1QB6.pdb	505	0.506	0.402	0.104	1.476	1.225	0.251	0.525	0.374	0.15	-4.19	2144.862		0
ZINC03801225_140	1G3E.pdb_1GHZ.pdb_1QB6.pdb	502	0.506	0.375	0.131	1.527	1.161	0.365	0.526	0.356	0.169	-4.693	2042.571		0
ZINC03821284_91	1G3E.pdb_1GHZ.pdb_1QB6.pdb	503	0.506	0.397	0.109	1.61	1.3	0.309	0.507	0.364	0.143	-3.971	2081.618		0
ZINC01840042_134	1G3E.pdb_1GHZ.pdb_1QB6.pdb	514	0.506	0.409	0.097	1.549	1.269	0.279	0.506	0.376	0.129	-3.586	2154.569		0
ZINC03352882_122	1G3E.pdb_1GHZ.pdb_1QB6.pdb	508	0.506	0.355	0.151	1.556	1.161	0.395	0.535	0.339	0.197	-5.459	1938.101		0
ZINC03841097_179	1G3E.pdb_1GHZ.pdb_1QB6.pdb	510	0.506	0.398	0.108	1.493	1.212	0.281	0.522	0.372	0.149	-4.151	2132.554		0
ZINC03351758_111	1G3E.pdb_1GHZ.pdb_1QB6.pdb	511	0.506	0.387	0.119	1.675	1.3	0.375	0.504	0.355	0.149	-4.103	2031.73		0
ZINC02138809_59	1G3E.pdb_1GHZ.pdb_1QB6.pdb	504	0.506	0.381	0.125	1.456	1.136	0.32	0.535	0.364	0.171	-4.745	2087.415		0
ZINC01838798_5	1G3E.pdb_1GHZ.pdb_1QB6.pdb	512	0.506	0.382	0.124	1.575	1.227	0.348	0.518	0.357	0.161	-4.469	2043.703		0
ZINC02352011_124	1G3E.pdb_1GHZ.pdb_1QB6.pdb	507	0.506	0.364	0.143	1.535	1.196	0.338	0.541	0.343	0.198	-5.517	1964.073		0
ZINC03867649_182	1G3E.pdb_1GHZ.pdb_1QB6.pdb	506	0.506	0.335	0.171	1.741	1.226	0.515	0.519	0.315	0.204	-5.633	1802.433		0
ZINC01821865_21	1G3E.pdb_1GHZ.pdb_1QB6.pdb	513	0.506	0.39	0.116	1.442	1.163	0.279	0.536	0.37	0.167	-4.649	2119.558		0
ZINC03852887_102	1G3E.pdb_1GHZ.pdb_1QB6.pdb	528	0.505	0.392	0.113	1.501	1.195	0.305	0.52	0.369	0.152	-4.209	2112.566		0
ZINC00902674_17	1G3E.pdb_1GHZ.pdb_1QB6.pdb	522	0.505	0.413	0.091	1.389	1.15	0.239	0.521	0.392	0.129	-3.595	2251.303		0
ZINC04222430_187	1G3E.pdb_1GHZ.pdb_1QB6.pdb	523	0.505	0.386	0.119	1.431	1.145	0.285	0.538	0.368	0.17	-4.752	2108.739		0
ZINC04627362_171	1G3E.pdb_1GHZ.pdb_1QB6.pdb	520	0.505	0.345	0.16	1.504	1.121	0.383	0.548	0.332	0.216	-6.006	1902.485		0
ZINC03342986_121	1G3E.pdb_1GHZ.pdb_1QB6.pdb	517	0.505	0.298	0.206	1.408	0.965	0.443	0.58	0.302	0.279	-7.791	1729.194		0
ZINC02129008_115	1G3E.pdb_1GHZ.pdb_1QB6.pdb	519	0.505	0.381	0.123	1.588	1.247	0.341	0.516	0.355	0.162	-4.482	2028.986		0
ZINC03840228_132	1G3E.pdb_1GHZ.pdb_1QB6.pdb	521	0.505	0.391	0.114	1.544	1.249	0.295	0.519	0.363	0.157	-4.352	2076.435		0
ZINC02138806_26	1G3E.pdb_1GHZ.pdb_1QB6.pdb	515	0.505	0.395	0.11	1.453	1.168	0.285	0.526	0.374	0.152	-4.217	2144.287		0
ZINC03867942_133	1G3E.pdb_1GHZ.pdb_1QB6.pdb	526	0.505	0.357	0.149	1.675	1.267	0.408	0.521	0.332	0.189	-5.246	1895.97		0
ZINC04191513_97	1G3E.pdb_1GHZ.pdb_1QB6.pdb	525	0.505	0.404	0.101	1.656	1.365	0.29	0.499	0.364	0.134	-3.725	2083.112		0
ZINC02224425_59	1G3E.pdb_1GHZ.pdb_1QB6.pdb	527	0.505	0.398	0.107	1.495	1.213	0.282	0.519	0.372	0.146	-4.066	2132.671		0
ZINC00814141_120	1G3E.pdb_1GHZ.pdb_1QB6.pdb	524	0.505	0.411	0.094	1.505	1.247	0.258	0.509	0.38	0.128	-3.561	2179.643		0
ZINC03850343_163	1G3E.pdb_1GHZ.pdb_1QB6.pdb	516	0.505	0.382	0.123	1.587	1.271	0.316	0.521	0.353	0.168	-4.662	2021.081		0
ZINC03841661_131	1G3E.pdb_1GHZ.pdb_1QB6.pdb	518	0.505	0.385	0.119	1.417	1.131	0.285	0.539	0.369	0.17	-4.752	2116.159		0
ZINC03625422_140	1G3E.pdb_1GHZ.pdb_1QB6.pdb	538	0.504	0.358	0.146	1.547	1.206	0.341	0.54	0.337	0.203	-5.67	1929.502		0
ZINC04217908_151	1G3E.pdb_1GHZ.pdb_1QB6.pdb	536	0.504	0.405	0.099	1.661	1.36	0.301	0.495	0.366	0.129	-3.574	2090.556		0
ZINC00720208_1	1G3E.pdb_1GHZ.pdb_1QB6.pdb	543	0.504	0.393	0.111	1.494	1.192	0.301	0.52	0.37	0.15	-4.162	2117.597		0
ZINC03938552_54	1G3E.pdb_1GHZ.pdb_1QB6.pdb	540	0.504	0.351	0.153	1.506	1.088	0.418	0.535	0.342	0.194	-5.368	1958.669		0
ZINC00761797_164	1G3E.pdb_1GHZ.pdb_1QB6.pdb	542	0.504	0.404	0.1	1.572	1.251	0.321	0.501	0.374	0.127	-3.509	2140.501		0
ZINC03304750_123	1G3E.pdb_1GHZ.pdb_1QB6.pdb	541	0.504	0.376	0.128	1.646	1.221	0.426	0.506	0.352	0.154	-4.247	2016.03		0
ZINC03987016_192	1G3E.pdb_1GHZ.pdb_1QB6.pdb	537	0.504	0.411	0.094	1.576	1.318	0.258	0.502	0.374	0.128	-3.56	2138.194		0
ZINC04468426_99	1G3E.pdb_1GHZ.pdb_1QB6.pdb	534	0.504	0.41	0.094	1.671	1.391	0.28	0.491	0.368	0.123	-3.415	2102.212		0
ZINC01865097_11	1G3E.pdb_1GHZ.pdb_1QB6.pdb	535	0.504	0.379	0.125	1.573	1.222	0.351	0.517	0.355	0.163	-4.509	2030.553		0
ZINC02132098_150	1G3E.pdb_1GHZ.pdb_1QB6.pdb	533	0.504	0.4	0.104	1.453	1.182	0.271	0.522	0.377	0.145	-4.02	2161.43		0
ZINC04083459_170	1G3E.pdb_1GHZ.pdb_1QB6.pdb	545	0.504	0.4	0.104	1.507	1.193	0.314	0.511	0.376	0.135	-3.733	2152.472		0
ZINC04222433_110	1G3E.pdb_1GHZ.pdb_1QB6.pdb	529	0.504	0.381	0.124	1.505	1.188	0.317	0.528	0.359	0.168	-4.681	2057.475		0
ZINC03633165_88	1G3E.pdb_1GHZ.pdb_1QB6.pdb	539	0.504	0.391	0.113	1.516	1.238	0.278	0.524	0.364	0.16	-4.454	2082.421		0
ZINC03842083_7	1G3E.pdb_1GHZ.pdb_1QB6.pdb	544	0.504	0.365	0.139	1.6	1.249	0.351	0.527	0.34	0.186	-5.183	1946.12		0
ZINC03841621_195	1G3E.pdb_1GHZ.pdb_1QB6.pdb	531	0.504	0.373	0.131	1.424	1.114	0.309	0.544	0.359	0.185	-5.152	2060.055		0
ZINC04289438_7	1G3E.pdb_1GHZ.pdb_1QB6.pdb	530	0.504	0.304	0.2	1.737	1.15	0.587	0.526	0.293	0.233	-6.432	1671.962		0
ZINC00852448_57	1G3E.pdb_1GHZ.pdb_1QB6.pdb	549	0.504	0.383	0.121	1.618	1.238	0.38	0.507	0.356	0.15	-4.151	2040.464		0
ZINC01107129_1	1G3E.pdb_1GHZ.pdb_1QB6.pdb	532	0.504	0.396	0.108	1.499	1.217	0.282	0.519	0.37	0.15	-4.162	2117.943		0
ZINC03800681_85	1G3E.pdb_1GHZ.pdb_1QB6.pdb	547	0.504	0.379	0.125	1.487	1.136	0.352	0.525	0.362	0.163	-4.509	2077.584		0
ZINC04001519_27	1G3E.pdb_1GHZ.pdb_1QB6.pdb	546	0.504	0.321	0.183	1.467	1.031	0.436	0.558	0.318	0.241	-6.695	1820.995		0
ZINC03859006_99	1G3E.pdb_1GHZ.pdb_1QB6.pdb	548	0.504	0.41	0.094	1.671	1.391	0.28	0.491	0.368	0.123	-3.415	2102.212		0
ZINC02345452_67	1G3E.pdb_1GHZ.pdb_1QB6.pdb	556	0.503	0.366	0.137	1.461	1.127	0.334	0.54	0.352	0.188	-5.243	2016.74		0
ZINC03325417_75	1G3E.pdb_1GHZ.pdb_1QB6.pdb	559	0.503	0.375	0.128	1.609	1.238	0.371	0.513	0.35	0.163	-4.509	2003.829		0
ZINC00902619_23	1G3E.pdb_1GHZ.pdb_1QB6.pdb	558	0.503	0.372	0.131	1.372	1.066	0.306	0.55	0.364	0.186	-5.198	2088.975		0
ZINC03783527_166	1G3E.pdb_1GHZ.pdb_1QB6.pdb	557	0.503	0.349	0.154	1.365	1.02	0.345	0.564	0.347	0.217	-6.06	1990.397		0
ZINC03304761_92	1G3E.pdb_1GHZ.pdb_1QB6.pdb	562	0.503	0.361	0.142	1.532	1.144	0.388	0.529	0.345	0.183	-5.084	1977.064		0
ZINC03924300_171	1G3E.pdb_1GHZ.pdb_1QB6.pdb	550	0.503	0.363	0.14	1.583	1.196	0.387	0.522	0.343	0.179	-4.966	1961.938		0
ZINC03840219_54	1G3E.pdb_1GHZ.pdb_1QB6.pdb	551	0.503	0.376	0.127	1.596	1.27	0.326	0.521	0.348	0.173	-4.805	1991.097		0
ZINC03652389_184	1G3E.pdb_1GHZ.pdb_1QB6.pdb	552	0.503	0.315	0.188	1.717	1.161	0.556	0.522	0.302	0.221	-6.092	1724.09		0
ZINC04222514_34	1G3E.pdb_1GHZ.pdb_1QB6.pdb	553	0.503	0.374	0.129	1.546	1.202	0.344	0.523	0.352	0.171	-4.742	2013.257		0
ZINC04248899_105	1G3E.pdb_1GHZ.pdb_1QB6.pdb	555	0.503	0.35	0.153	1.631	1.231	0.4	0.527	0.328	0.199	-5.518	1877.412		0
ZINC03987402_36	1G3E.pdb_1GHZ.pdb_1QB6.pdb	554	0.503	0.358	0.145	1.56	1.177	0.382	0.529	0.339	0.19	-5.273	1942.382		0
ZINC03649937_89	1G3E.pdb_1GHZ.pdb_1QB6.pdb	561	0.503	0.383	0.12	1.588	1.278	0.31	0.518	0.354	0.165	-4.576	2022.668		0
ZINC02382511_147	1G3E.pdb_1GHZ.pdb_1QB6.pdb	560	0.503	0.422	0.081	1.596	1.334	0.263	0.486	0.382	0.104	-2.871	2186.095		0
ZINC03322733_186	1G3E.pdb_1GHZ.pdb_1QB6.pdb	572	0.502	0.351	0.151	1.679	1.225	0.453	0.514	0.33	0.184	-5.079	1886.441		0
ZINC00902604_198	1G3E.pdb_1GHZ.pdb_1QB6.pdb	564	0.502	0.381	0.121	1.409	1.101	0.307	0.534	0.368	0.167	-4.634	2109.961		0
ZINC03982648_108	1G3E.pdb_1GHZ.pdb_1QB6.pdb	565	0.502	0.363	0.139	1.565	1.136	0.43	0.519	0.348	0.17	-4.701	1995.457		0
ZINC03834180_198	1G3E.pdb_1GHZ.pdb_1QB6.pdb	566	0.502	0.348	0.154	1.406	1.021	0.385	0.55	0.345	0.204	-5.681	1982.404		1
ZINC03393907_49	1G3E.pdb_1GHZ.pdb_1QB6.pdb	569	0.502	0.383	0.119	1.641	1.273	0.369	0.504	0.354	0.15	-4.131	2024.976		0
ZINC02964504_149	1G3E.pdb_1GHZ.pdb_1QB6.pdb	573	0.502	0.398	0.104	1.521	1.208	0.313	0.507	0.373	0.135	-3.728	2134.533		0
ZINC04382511_105	1G3E.pdb_1GHZ.pdb_1QB6.pdb	563	0.502	0.358	0.143	1.601	1.206	0.395	0.521	0.338	0.183	-5.081	1932.417		0
ZINC03889849_108	1G3E.pdb_1GHZ.pdb_1QB6.pdb	571	0.502	0.378	0.125	1.622	1.23	0.391	0.508	0.353	0.155	-4.277	2018.384		0
ZINC02368624_162	1G3E.pdb_1GHZ.pdb_1QB6.pdb	568	0.502	0.382	0.12	1.63	1.28	0.35	0.507	0.353	0.154	-4.252	2018.575		0
ZINC03405581_12	1G3E.pdb_1GHZ.pdb_1QB6.pdb	567	0.502	0.345	0.157	1.689	1.211	0.477	0.514	0.325	0.189	-5.219	1860.506		0
ZINC03962673_61	1G3E.pdb_1GHZ.pdb_1QB6.pdb	570	0.502	0.379	0.122	1.596	1.252	0.344	0.512	0.352	0.16	-4.42	2016.296		0
ZINC03988711_27	1G3E.pdb_1GHZ.pdb_1QB6.pdb	581	0.501	0.389	0.112	1.363	1.102	0.261	0.54	0.376	0.164	-4.594	2157.299		0
ZINC00902612_44	1G3E.pdb_1GHZ.pdb_1QB6.pdb	586	0.501	0.412	0.089	1.355	1.13	0.225	0.523	0.393	0.129	-3.6	2259.06		0
ZINC01549910_36	1G3E.pdb_1GHZ.pdb_1QB6.pdb	585	0.501	0.397	0.104	1.44	1.179	0.261	0.522	0.375	0.147	-4.102	2147.36		0
ZINC01840043_10	1G3E.pdb_1GHZ.pdb_1QB6.pdb	578	0.501	0.376	0.125	1.545	1.194	0.351	0.517	0.355	0.163	-4.509	2031.182		0
ZINC02928668_92	1G3E.pdb_1GHZ.pdb_1QB6.pdb	576	0.501	0.399	0.101	1.478	1.201	0.277	0.512	0.374	0.138	-3.826	2144.487		0
ZINC00978047_84	1G3E.pdb_1GHZ.pdb_1QB6.pdb	580	0.501	0.396	0.104	1.535	1.263	0.272	0.511	0.366	0.145	-4.021	2096.094		0
ZINC02242819_94	1G3E.pdb_1GHZ.pdb_1QB6.pdb	579	0.501	0.368	0.132	1.539	1.222	0.317	0.531	0.345	0.185	-5.167	1975.876		0
ZINC01909869_10	1G3E.pdb_1GHZ.pdb_1QB6.pdb	575	0.501	0.339	0.162	1.529	1.088	0.44	0.534	0.33	0.204	-5.653	1889.602		0
ZINC04355704_122	1G3E.pdb_1GHZ.pdb_1QB6.pdb	574	0.501	0.382	0.12	1.606	1.204	0.402	0.504	0.358	0.146	-4.015	2052.829		0
ZINC03838231_30	1G3E.pdb_1GHZ.pdb_1QB6.pdb	584	0.501	0.384	0.117	1.48	1.178	0.302	0.523	0.363	0.16	-4.458	2078.281		0
ZINC00921665_119	1G3E.pdb_1GHZ.pdb_1QB6.pdb	582	0.501	0.379	0.121	1.508	1.148	0.36	0.516	0.362	0.155	-4.275	2073.317		0
ZINC03959072_2	1G3E.pdb_1GHZ.pdb_1QB6.pdb	583	0.501	0.365	0.136	1.499	1.139	0.361	0.529	0.35	0.179	-4.969	2002.83		0
ZINC04093076_56	1G3E.pdb_1GHZ.pdb_1QB6.pdb	577	0.501	0.365	0.136	1.482	1.137	0.345	0.532	0.349	0.183	-5.081	2002.298		0
ZINC03293582_167	1G3E.pdb_1GHZ.pdb_1QB6.pdb	604	0.5	0.388	0.111	1.614	1.267	0.347	0.5	0.359	0.141	-3.891	2053.466		0
ZINC02315723_50	1G3E.pdb_1GHZ.pdb_1QB6.pdb	605	0.5	0.413	0.087	1.507	1.265	0.241	0.5	0.38	0.12	-3.329	2176.92		0
ZINC04188469_156	1G3E.pdb_1GHZ.pdb_1QB6.pdb	599	0.5	0.389	0.111	1.711	1.38	0.332	0.494	0.352	0.142	-3.938	2008.679		0
ZINC02432904_82	1G3E.pdb_1GHZ.pdb_1QB6.pdb	598	0.5	0.362	0.138	1.509	1.127	0.382	0.525	0.348	0.177	-4.908	1993.39		0
ZINC02135333_197	1G3E.pdb_1GHZ.pdb_1QB6.pdb	608	0.5	0.389	0.112	1.46	1.171	0.289	0.522	0.368	0.154	-4.281	2108.273		0
ZINC04112533_163	1G3E.pdb_1GHZ.pdb_1QB6.pdb	593	0.5	0.352	0.148	1.563	1.175	0.388	0.527	0.335	0.193	-5.346	1915.423		0
ZINC03841625_46	1G3E.pdb_1GHZ.pdb_1QB6.pdb	592	0.5	0.371	0.129	1.56	1.216	0.344	0.519	0.348	0.171	-4.742	1991.154		0
ZINC03889240_164	1G3E.pdb_1GHZ.pdb_1QB6.pdb	587	0.5	0.342	0.158	1.421	1.047	0.374	0.552	0.337	0.215	-5.986	1931.808		0
ZINC03446683_125	1G3E.pdb_1GHZ.pdb_1QB6.pdb	607	0.5	0.378	0.123	1.607	1.249	0.358	0.508	0.351	0.157	-4.352	2009.326		0
ZINC03840084_26	1G3E.pdb_1GHZ.pdb_1QB6.pdb	597	0.5	0.37	0.13	1.584	1.251	0.333	0.521	0.344	0.176	-4.905	1970.064		0
ZINC02135249_163	1G3E.pdb_1GHZ.pdb_1QB6.pdb	594	0.5	0.37	0.129	1.425	1.12	0.306	0.54	0.356	0.183	-5.116	2042.906		0
ZINC03840254_175	1G3E.pdb_1GHZ.pdb_1QB6.pdb	591	0.5	0.419	0.081	1.556	1.348	0.207	0.495	0.378	0.117	-3.25	2162.659		0
ZINC02136685_130	1G3E.pdb_1GHZ.pdb_1QB6.pdb	601	0.5	0.378	0.122	1.433	1.132	0.301	0.533	0.362	0.17	-4.745	2077.647		0
ZINC04237001_175	1G3E.pdb_1GHZ.pdb_1QB6.pdb	602	0.5	0.392	0.108	1.458	1.177	0.281	0.519	0.37	0.149	-4.145	2121.633		0
ZINC03874559_2	1G3E.pdb_1GHZ.pdb_1QB6.pdb	603	0.5	0.362	0.138	1.489	1.157	0.332	0.536	0.345	0.19	-5.304	1978.073		0
ZINC03841646_199	1G3E.pdb_1GHZ.pdb_1QB6.pdb	600	0.5	0.376	0.124	1.453	1.146	0.307	0.532	0.359	0.173	-4.817	2055.188		0
ZINC03840224_180	1G3E.pdb_1GHZ.pdb_1QB6.pdb	596	0.5	0.383	0.117	1.579	1.264	0.315	0.512	0.355	0.157	-4.352	2030.982		0
ZINC03807321_167	1G3E.pdb_1GHZ.pdb_1QB6.pdb	595	0.5	0.344	0.155	1.623	1.199	0.424	0.522	0.326	0.197	-5.446	1863.331		0
ZINC03859051_53	1G3E.pdb_1GHZ.pdb_1QB6.pdb	588	0.5	0.364	0.136	1.604	1.228	0.377	0.516	0.341	0.175	-4.845	1952.896		0
ZINC01882073_182	1G3E.pdb_1GHZ.pdb_1QB6.pdb	606	0.5	0.402	0.098	1.601	1.292	0.31	0.494	0.369	0.126	-3.47	2109.721		0
ZINC03914355_88	1G3E.pdb_1GHZ.pdb_1QB6.pdb	589	0.5	0.385	0.116	1.316	1.075	0.24	0.557	0.375	0.183	-5.146	2150.569		0
ZINC01536002_70	1G3E.pdb_1GHZ.pdb_1QB6.pdb	590	0.5	0.376	0.124	1.445	1.16	0.285	0.538	0.358	0.18	-5.033	2049.701		0
ZINC03834177_98	1G3E.pdb_1GHZ.pdb_1QB6.pdb	609	0.499	0.34	0.158	1.505	1.073	0.432	0.533	0.333	0.2	-5.546	1906.698		1
ZINC02637101_192	1G3E.pdb_1GHZ.pdb_1QB6.pdb	619	0.499	0.412	0.087	1.487	1.221	0.265	0.497	0.383	0.114	-3.152	2197.458		0
ZINC04627375_63	1G3E.pdb_1GHZ.pdb_1QB6.pdb	622	0.499	0.349	0.149	1.841	1.409	0.432	0.503	0.317	0.186	-5.136	1809.859		0
ZINC00839637_106	1G3E.pdb_1GHZ.pdb_1QB6.pdb	621	0.499	0.351	0.148	1.703	1.219	0.485	0.506	0.33	0.176	-4.837	1886.936		0
ZINC03350269_84	1G3E.pdb_1GHZ.pdb_1QB6.pdb	620	0.499	0.355	0.144	1.478	1.099	0.38	0.533	0.344	0.189	-5.235	1971.502		0
ZINC03941621_133	1G3E.pdb_1GHZ.pdb_1QB6.pdb	612	0.499	0.37	0.129	1.5	1.155	0.345	0.524	0.353	0.172	-4.76	2019.588		0
ZINC03600291_127	1G3E.pdb_1GHZ.pdb_1QB6.pdb	617	0.499	0.362	0.138	1.703	1.284	0.419	0.505	0.335	0.17	-4.697	1914.827		0
ZINC04001531_161	1G3E.pdb_1GHZ.pdb_1QB6.pdb	618	0.499	0.335	0.164	1.511	1.098	0.413	0.54	0.325	0.214	-5.954	1863.475		0
ZINC03842080_5	1G3E.pdb_1GHZ.pdb_1QB6.pdb	615	0.499	0.361	0.139	1.541	1.189	0.351	0.528	0.341	0.186	-5.182	1952.32		0
ZINC03816706_129	1G3E.pdb_1GHZ.pdb_1QB6.pdb	616	0.499	0.355	0.144	1.454	1.116	0.337	0.543	0.342	0.202	-5.626	1958.827		0
ZINC03436650_173	1G3E.pdb_1GHZ.pdb_1QB6.pdb	614	0.499	0.348	0.151	1.708	1.272	0.436	0.512	0.324	0.187	-5.178	1852.961		0
ZINC03840236_38	1G3E.pdb_1GHZ.pdb_1QB6.pdb	613	0.499	0.366	0.133	1.46	1.155	0.304	0.54	0.348	0.192	-5.359	1995.615		0
ZINC02126770_173	1G3E.pdb_1GHZ.pdb_1QB6.pdb	610	0.499	0.386	0.113	1.447	1.166	0.28	0.525	0.366	0.159	-4.42	2097.224		0
ZINC04222192_187	1G3E.pdb_1GHZ.pdb_1QB6.pdb	611	0.499	0.408	0.091	1.484	1.234	0.25	0.503	0.379	0.124	-3.449	2170.615		0
ZINC00883537_181	1G3E.pdb_1GHZ.pdb_1QB6.pdb	637	0.498	0.4	0.098	1.541	1.243	0.298	0.499	0.371	0.128	-3.538	2125.51		0
ZINC01535955_109	1G3E.pdb_1GHZ.pdb_1QB6.pdb	638	0.498	0.341	0.157	1.491	1.1	0.391	0.539	0.331	0.208	-5.775	1896.838		0
ZINC02130566_176	1G3E.pdb_1GHZ.pdb_1QB6.pdb	636	0.498	0.394	0.104	1.436	1.165	0.271	0.518	0.373	0.145	-4.02	2140.663		0
ZINC03538146_51	1G3E.pdb_1GHZ.pdb_1QB6.pdb	639	0.498	0.371	0.127	1.698	1.309	0.389	0.499	0.341	0.158	-4.362	1951.217		0
ZINC03818898_47	1G3E.pdb_1GHZ.pdb_1QB6.pdb	629	0.498	0.383	0.115	1.613	1.288	0.325	0.503	0.353	0.151	-4.174	2017.082		0
ZINC02604747_54	1G3E.pdb_1GHZ.pdb_1QB6.pdb	630	0.498	0.406	0.092	1.475	1.241	0.234	0.508	0.376	0.132	-3.678	2155.084		0
ZINC03961330_195	1G3E.pdb_1GHZ.pdb_1QB6.pdb	631	0.498	0.379	0.119	1.529	1.235	0.294	0.519	0.354	0.166	-4.613	2025.072		0
ZINC01532360_157	1G3E.pdb_1GHZ.pdb_1QB6.pdb	632	0.498	0.323	0.175	1.703	1.232	0.471	0.522	0.304	0.218	-6.039	1737.797		0
ZINC04161179_117	1G3E.pdb_1GHZ.pdb_1QB6.pdb	633	0.498	0.387	0.111	1.721	1.405	0.316	0.495	0.348	0.146	-4.049	1990.366		0
ZINC00902677_51	1G3E.pdb_1GHZ.pdb_1QB6.pdb	634	0.498	0.408	0.089	1.33	1.105	0.225	0.522	0.393	0.129	-3.6	2257.024		0
ZINC01553940_33	1G3E.pdb_1GHZ.pdb_1QB6.pdb	635	0.498	0.312	0.186	1.411	0.958	0.453	0.556	0.316	0.241	-6.687	1812.356		0
ZINC04161152_165	1G3E.pdb_1GHZ.pdb_1QB6.pdb	640	0.498	0.391	0.107	1.653	1.348	0.305	0.496	0.355	0.141	-3.913	2030.134		0
ZINC03670360_158	1G3E.pdb_1GHZ.pdb_1QB6.pdb	641	0.498	0.382	0.116	1.463	1.15	0.313	0.519	0.364	0.155	-4.31	2084.44		0
ZINC02336300_8	1G3E.pdb_1GHZ.pdb_1QB6.pdb	625	0.498	0.352	0.146	1.55	1.192	0.358	0.53	0.333	0.198	-5.501	1903.842		0
ZINC03818898_47	1G3E.pdb_1GHZ.pdb_1QB6.pdb	624	0.498	0.383	0.115	1.613	1.288	0.325	0.503	0.353	0.151	-4.174	2017.082		0
ZINC03834117_133	1G3E.pdb_1GHZ.pdb_1QB6.pdb	623	0.498	0.327	0.171	1.465	1.025	0.44	0.543	0.324	0.219	-6.072	1857.558		1
ZINC00902649_39	1G3E.pdb_1GHZ.pdb_1QB6.pdb	642	0.498	0.409	0.089	1.331	1.106	0.225	0.522	0.393	0.129	-3.6	2258.499		0
ZINC03633154_199	1G3E.pdb_1GHZ.pdb_1QB6.pdb	626	0.498	0.359	0.139	1.481	1.161	0.32	0.539	0.342	0.197	-5.516	1955.446		0
ZINC03890764_43	1G3E.pdb_1GHZ.pdb_1QB6.pdb	627	0.498	0.381	0.117	1.612	1.263	0.349	0.503	0.353	0.15	-4.147	2017.45		0
ZINC00902597_116	1G3E.pdb_1GHZ.pdb_1QB6.pdb	628	0.498	0.354	0.144	1.398	1.039	0.358	0.543	0.349	0.194	-5.399	2002.399		0
ZINC03867358_130	1G3E.pdb_1GHZ.pdb_1QB6.pdb	643	0.497	0.333	0.164	1.488	1.098	0.391	0.544	0.323	0.221	-6.143	1851.482		0
ZINC03840225_191	1G3E.pdb_1GHZ.pdb_1QB6.pdb	645	0.497	0.386	0.111	1.536	1.258	0.277	0.514	0.357	0.156	-4.356	2044.249		0
ZINC03841624_156	1G3E.pdb_1GHZ.pdb_1QB6.pdb	644	0.497	0.355	0.142	1.533	1.158	0.375	0.525	0.338	0.187	-5.18	1937.386		0
ZINC03820514_199	1G3E.pdb_1GHZ.pdb_1QB6.pdb	656	0.497	0.374	0.123	1.512	1.165	0.347	0.515	0.355	0.161	-4.453	2032.177		0
ZINC02138807_195	1G3E.pdb_1GHZ.pdb_1QB6.pdb	651	0.497	0.386	0.112	1.435	1.146	0.289	0.522	0.368	0.154	-4.281	2108.342		0
ZINC04383173_117	1G3E.pdb_1GHZ.pdb_1QB6.pdb	653	0.497	0.351	0.146	1.457	1.088	0.369	0.537	0.341	0.196	-5.436	1955.697		0
ZINC02131327_13	1G3E.pdb_1GHZ.pdb_1QB6.pdb	650	0.497	0.351	0.146	1.39	1.037	0.353	0.547	0.347	0.2	-5.565	1990.521		0
ZINC02136688_52	1G3E.pdb_1GHZ.pdb_1QB6.pdb	649	0.497	0.386	0.111	1.424	1.147	0.277	0.524	0.367	0.157	-4.375	2106.626		0
ZINC00902610_82	1G3E.pdb_1GHZ.pdb_1QB6.pdb	648	0.497	0.379	0.117	1.381	1.082	0.299	0.531	0.369	0.162	-4.507	2117.007		0
ZINC00902660_5	1G3E.pdb_1GHZ.pdb_1QB6.pdb	647	0.497	0.381	0.116	1.353	1.068	0.285	0.536	0.372	0.164	-4.571	2135.881		0
ZINC01821865_104	1G3E.pdb_1GHZ.pdb_1QB6.pdb	646	0.497	0.403	0.094	1.421	1.19	0.231	0.516	0.378	0.138	-3.844	2169.742		0
ZINC04382511_178	1G3E.pdb_1GHZ.pdb_1QB6.pdb	654	0.497	0.348	0.149	1.589	1.18	0.41	0.52	0.33	0.19	-5.261	1890.262		0
ZINC00842632_153	1G3E.pdb_1GHZ.pdb_1QB6.pdb	655	0.497	0.399	0.098	1.593	1.296	0.297	0.493	0.366	0.128	-3.527	2091.51		0
ZINC03840223_127	1G3E.pdb_1GHZ.pdb_1QB6.pdb	652	0.497	0.377	0.12	1.623	1.285	0.339	0.505	0.348	0.157	-4.345	1989.736		0
ZINC02650544_83	1G3E.pdb_1GHZ.pdb_1QB6.pdb	668	0.496	0.358	0.138	1.69	1.286	0.404	0.505	0.332	0.173	-4.794	1896.697		0
ZINC04111841_159	1G3E.pdb_1GHZ.pdb_1QB6.pdb	669	0.496	0.352	0.144	1.534	1.171	0.363	0.527	0.335	0.192	-5.345	1917.722		0
ZINC03867367_126	1G3E.pdb_1GHZ.pdb_1QB6.pdb	671	0.496	0.377	0.119	1.53	1.223	0.307	0.516	0.353	0.163	-4.536	2019.325		0
ZINC03834111_166	1G3E.pdb_1GHZ.pdb_1QB6.pdb	657	0.496	0.328	0.168	1.429	1.014	0.415	0.546	0.327	0.22	-6.112	1873.014		1
ZINC04147305_137	1G3E.pdb_1GHZ.pdb_1QB6.pdb	662	0.496	0.401	0.095	1.316	1.099	0.217	0.531	0.387	0.144	-4.031	2222.679		0
ZINC01248556_135	1G3E.pdb_1GHZ.pdb_1QB6.pdb	666	0.496	0.375	0.121	1.58	1.222	0.358	0.505	0.351	0.154	-4.254	2010.834		0
ZINC03933732_6	1G3E.pdb_1GHZ.pdb_1QB6.pdb	667	0.496	0.373	0.123	1.63	1.286	0.344	0.504	0.344	0.16	-4.432	1969.48		0
ZINC03890763_32	1G3E.pdb_1GHZ.pdb_1QB6.pdb	672	0.496	0.361	0.135	1.612	1.216	0.396	0.51	0.34	0.17	-4.698	1943.139		0
ZINC02964505_146	1G3E.pdb_1GHZ.pdb_1QB6.pdb	673	0.496	0.411	0.085	1.495	1.235	0.26	0.493	0.381	0.112	-3.1	2182.673		0
ZINC01070385_52	1G3E.pdb_1GHZ.pdb_1QB6.pdb	674	0.496	0.416	0.08	1.467	1.258	0.209	0.498	0.383	0.115	-3.209	2193.956		0
ZINC03271207_27	1G3E.pdb_1GHZ.pdb_1QB6.pdb	663	0.496	0.385	0.111	1.629	1.283	0.346	0.495	0.355	0.141	-3.883	2029.462		0
ZINC03987229_140	1G3E.pdb_1GHZ.pdb_1QB6.pdb	664	0.496	0.323	0.173	1.54	1.073	0.467	0.532	0.316	0.216	-5.994	1808.406		0
ZINC03818071_57	1G3E.pdb_1GHZ.pdb_1QB6.pdb	665	0.496	0.411	0.085	1.445	1.218	0.227	0.503	0.383	0.12	-3.337	2193.268		0
ZINC04619462_88	1G3E.pdb_1GHZ.pdb_1QB6.pdb	676	0.496	0.36	0.136	1.52	1.147	0.373	0.52	0.344	0.175	-4.863	1972.6		0
ZINC02133048_28	1G3E.pdb_1GHZ.pdb_1QB6.pdb	675	0.496	0.37	0.127	1.636	1.269	0.368	0.505	0.343	0.162	-4.482	1961.227		0
ZINC03807319_107	1G3E.pdb_1GHZ.pdb_1QB6.pdb	677	0.496	0.381	0.114	1.45	1.154	0.296	0.52	0.363	0.157	-4.371	2078.477		0
ZINC02656478_98	1G3E.pdb_1GHZ.pdb_1QB6.pdb	670	0.496	0.374	0.122	1.617	1.261	0.356	0.504	0.347	0.157	-4.331	1985.33		0
ZINC03841650_74	1G3E.pdb_1GHZ.pdb_1QB6.pdb	661	0.496	0.367	0.129	1.526	1.183	0.344	0.519	0.348	0.171	-4.742	1990.853		0
ZINC02005805_160	1G3E.pdb_1GHZ.pdb_1QB6.pdb	660	0.496	0.352	0.144	1.625	1.208	0.418	0.512	0.332	0.18	-4.969	1900.046		0
ZINC02638491_173	1G3E.pdb_1GHZ.pdb_1QB6.pdb	659	0.496	0.351	0.145	1.575	1.175	0.4	0.518	0.333	0.185	-5.134	1906.52		0
ZINC02970984_53	1G3E.pdb_1GHZ.pdb_1QB6.pdb	658	0.496	0.41	0.087	1.386	1.157	0.23	0.51	0.388	0.122	-3.392	2227.407		0
ZINC02401824_169	1G3E.pdb_1GHZ.pdb_1QB6.pdb	682	0.495	0.405	0.09	1.502	1.242	0.26	0.496	0.375	0.121	-3.344	2148.818		0
ZINC03969854_56	1G3E.pdb_1GHZ.pdb_1QB6.pdb	680	0.495	0.363	0.132	1.63	1.242	0.388	0.506	0.339	0.166	-4.604	1939.755		0
ZINC04236932_112	1G3E.pdb_1GHZ.pdb_1QB6.pdb	678	0.495	0.392	0.103	1.511	1.23	0.28	0.505	0.365	0.139	-3.866	2092.701		0
ZINC03232400_78	1G3E.pdb_1GHZ.pdb_1QB6.pdb	690	0.495	0.381	0.113	1.53	1.208	0.322	0.507	0.358	0.149	-4.132	2047.692		0
ZINC00906589_71	1G3E.pdb_1GHZ.pdb_1QB6.pdb	681	0.495	0.345	0.15	1.511	1.1	0.411	0.525	0.334	0.19	-5.277	1915.801		0
ZINC02973482_2	1G3E.pdb_1GHZ.pdb_1QB6.pdb	683	0.495	0.359	0.136	1.487	1.126	0.362	0.525	0.345	0.18	-4.986	1977.699		0
ZINC02352409_8	1G3E.pdb_1GHZ.pdb_1QB6.pdb	688	0.495	0.356	0.139	1.449	1.129	0.32	0.54	0.342	0.198	-5.518	1960.32		0
ZINC02378743_169	1G3E.pdb_1GHZ.pdb_1QB6.pdb	689	0.495	0.36	0.136	1.62	1.229	0.391	0.509	0.337	0.172	-4.753	1928.86		0
ZINC03987224_58	1G3E.pdb_1GHZ.pdb_1QB6.pdb	686	0.495	0.378	0.117	1.54	1.209	0.331	0.508	0.355	0.153	-4.251	2032.605		0
ZINC04354140_164	1G3E.pdb_1GHZ.pdb_1QB6.pdb	687	0.495	0.431	0.064	1.423	1.252	0.171	0.489	0.396	0.093	-2.584	2272.359		0
ZINC00921217_31	1G3E.pdb_1GHZ.pdb_1QB6.pdb	685	0.495	0.401	0.094	1.365	1.109	0.256	0.516	0.386	0.13	-3.616	2214.437		0
ZINC01485988_32	1G3E.pdb_1GHZ.pdb_1QB6.pdb	679	0.495	0.401	0.094	1.538	1.268	0.27	0.495	0.37	0.125	-3.468	2116.549		0
ZINC03813422_160	1G3E.pdb_1GHZ.pdb_1QB6.pdb	684	0.495	0.345	0.15	1.328	1.0	0.328	0.562	0.345	0.217	-6.071	1982.591		0
ZINC03271184_67	1G3E.pdb_1GHZ.pdb_1QB6.pdb	698	0.494	0.383	0.111	1.598	1.252	0.346	0.496	0.355	0.141	-3.883	2032.885		0
ZINC03415531_24	1G3E.pdb_1GHZ.pdb_1QB6.pdb	704	0.494	0.395	0.1	1.574	1.261	0.314	0.492	0.365	0.127	-3.516	2088.678		0
ZINC03838228_144	1G3E.pdb_1GHZ.pdb_1QB6.pdb	699	0.494	0.328	0.167	1.479	1.067	0.412	0.54	0.321	0.219	-6.084	1839.35		0
ZINC03981618_94	1G3E.pdb_1GHZ.pdb_1QB6.pdb	700	0.494	0.322	0.171	1.516	1.075	0.44	0.534	0.315	0.219	-6.078	1804.212		0
ZINC02932876_69	1G3E.pdb_1GHZ.pdb_1QB6.pdb	701	0.494	0.374	0.121	1.584	1.251	0.333	0.507	0.348	0.159	-4.407	1988.135		0
ZINC04627706_4	1G3E.pdb_1GHZ.pdb_1QB6.pdb	703	0.494	0.373	0.121	1.459	1.171	0.289	0.526	0.354	0.173	-4.815	2027.208		0
ZINC04334201_150	1G3E.pdb_1GHZ.pdb_1QB6.pdb	705	0.494	0.379	0.115	1.613	1.271	0.343	0.498	0.351	0.147	-4.074	2008.517		0
ZINC02964627_160	1G3E.pdb_1GHZ.pdb_1QB6.pdb	694	0.494	0.411	0.083	1.475	1.234	0.241	0.494	0.382	0.112	-3.1	2187.543		0
ZINC03627213_125	1G3E.pdb_1GHZ.pdb_1QB6.pdb	696	0.494	0.403	0.091	1.41	1.17	0.24	0.509	0.381	0.128	-3.548	2186.113		0
ZINC02973482_107	1G3E.pdb_1GHZ.pdb_1QB6.pdb	695	0.494	0.368	0.125	1.483	1.147	0.336	0.518	0.352	0.167	-4.626	2014.607		0
ZINC02968910_66	1G3E.pdb_1GHZ.pdb_1QB6.pdb	692	0.494	0.366	0.128	1.574	1.216	0.358	0.51	0.343	0.166	-4.609	1965.238		0
ZINC00902591_77	1G3E.pdb_1GHZ.pdb_1QB6.pdb	697	0.494	0.407	0.087	1.314	1.102	0.212	0.521	0.393	0.129	-3.595	2255.582		0
ZINC01840065_67	1G3E.pdb_1GHZ.pdb_1QB6.pdb	693	0.494	0.389	0.105	1.466	1.18	0.286	0.51	0.368	0.142	-3.942	2106.419		0
ZINC02130563_34	1G3E.pdb_1GHZ.pdb_1QB6.pdb	691	0.494	0.36	0.134	1.431	1.091	0.34	0.53	0.349	0.181	-5.034	2002.562		0
ZINC03933550_142	1G3E.pdb_1GHZ.pdb_1QB6.pdb	702	0.494	0.342	0.152	1.398	1.018	0.38	0.541	0.34	0.202	-5.613	1948.611		0
ZINC01654872_38	1G3E.pdb_1GHZ.pdb_1QB6.pdb	718	0.493	0.401	0.092	1.503	1.249	0.254	0.498	0.372	0.126	-3.5	2128.169		0
ZINC04147300_35	1G3E.pdb_1GHZ.pdb_1QB6.pdb	719	0.493	0.389	0.104	1.393	1.122	0.271	0.517	0.373	0.144	-3.996	2141.619		0
ZINC02131329_101	1G3E.pdb_1GHZ.pdb_1QB6.pdb	717	0.493	0.355	0.138	1.379	1.043	0.335	0.54	0.35	0.19	-5.291	2009.849		0
ZINC03840243_156	1G3E.pdb_1GHZ.pdb_1QB6.pdb	706	0.493	0.359	0.135	1.446	1.103	0.342	0.529	0.347	0.182	-5.048	1988.835		0
ZINC04161215_163	1G3E.pdb_1GHZ.pdb_1QB6.pdb	714	0.493	0.414	0.078	1.624	1.395	0.23	0.477	0.371	0.106	-2.946	2119.818		0
ZINC02952188_49	1G3E.pdb_1GHZ.pdb_1QB6.pdb	715	0.493	0.393	0.1	1.62	1.317	0.304	0.489	0.359	0.13	-3.608	2051.13		0
ZINC01124508_41	1G3E.pdb_1GHZ.pdb_1QB6.pdb	720	0.493	0.35	0.143	1.571	1.161	0.41	0.513	0.333	0.18	-4.981	1908.57		0
ZINC03345168_23	1G3E.pdb_1GHZ.pdb_1QB6.pdb	716	0.493	0.398	0.095	1.386	1.154	0.233	0.517	0.378	0.139	-3.872	2166.865		0
ZINC03851685_120	1G3E.pdb_1GHZ.pdb_1QB6.pdb	713	0.493	0.327	0.166	1.59	1.141	0.45	0.523	0.315	0.209	-5.777	1800.003		0
ZINC03344415_167	1G3E.pdb_1GHZ.pdb_1QB6.pdb	709	0.493	0.351	0.142	1.704	1.244	0.459	0.499	0.328	0.171	-4.713	1877.329		0
ZINC03867781_169	1G3E.pdb_1GHZ.pdb_1QB6.pdb	707	0.493	0.35	0.142	1.553	1.194	0.359	0.522	0.332	0.191	-5.302	1897.008		0
ZINC03938928_132	1G3E.pdb_1GHZ.pdb_1QB6.pdb	708	0.493	0.343	0.15	1.302	0.974	0.328	0.563	0.346	0.217	-6.075	1987.319		0
ZINC03889313_120	1G3E.pdb_1GHZ.pdb_1QB6.pdb	710	0.493	0.36	0.132	1.426	1.083	0.342	0.528	0.351	0.178	-4.937	2010.116		0
ZINC02656321_176	1G3E.pdb_1GHZ.pdb_1QB6.pdb	712	0.493	0.347	0.146	1.604	1.186	0.417	0.512	0.329	0.183	-5.076	1880.01		0
ZINC03361445_191	1G3E.pdb_1GHZ.pdb_1QB6.pdb	711	0.493	0.381	0.112	1.551	1.221	0.329	0.501	0.356	0.145	-4.005	2040.242		0
ZINC04383607_48	1G3E.pdb_1GHZ.pdb_1QB6.pdb	721	0.493	0.358	0.135	1.461	1.102	0.359	0.525	0.347	0.178	-4.948	1986.477		0
ZINC03919155_86	1G3E.pdb_1GHZ.pdb_1QB6.pdb	732	0.492	0.369	0.123	1.498	1.152	0.346	0.513	0.352	0.16	-4.441	2017.954		0
ZINC01446412_162	1G3E.pdb_1GHZ.pdb_1QB6.pdb	735	0.492	0.347	0.145	1.518	1.147	0.371	0.525	0.332	0.193	-5.351	1902.404		0
ZINC03919661_130	1G3E.pdb_1GHZ.pdb_1QB6.pdb	739	0.492	0.4	0.092	1.599	1.333	0.267	0.487	0.363	0.124	-3.423	2077.977		0
ZINC03938551_96	1G3E.pdb_1GHZ.pdb_1QB6.pdb	733	0.492	0.385	0.108	1.461	1.201	0.26	0.517	0.362	0.155	-4.326	2071.152		0
ZINC03297449_29	1G3E.pdb_1GHZ.pdb_1QB6.pdb	734	0.492	0.377	0.116	1.53	1.19	0.34	0.505	0.355	0.149	-4.132	2034.596		0
ZINC01631935_107	1G3E.pdb_1GHZ.pdb_1QB6.pdb	731	0.492	0.349	0.143	1.488	1.132	0.357	0.528	0.335	0.193	-5.369	1918.559		0
ZINC02656850_85	1G3E.pdb_1GHZ.pdb_1QB6.pdb	736	0.492	0.348	0.144	1.644	1.227	0.417	0.507	0.327	0.179	-4.963	1869.921		0
ZINC03987619_197	1G3E.pdb_1GHZ.pdb_1QB6.pdb	738	0.492	0.39	0.101	1.403	1.157	0.246	0.518	0.371	0.147	-4.106	2126.058		0
ZINC03867358_126	1G3E.pdb_1GHZ.pdb_1QB6.pdb	725	0.492	0.379	0.113	1.49	1.208	0.281	0.515	0.356	0.159	-4.428	2038.2		0
ZINC01541498_47	1G3E.pdb_1GHZ.pdb_1QB6.pdb	724	0.492	0.375	0.117	1.528	1.211	0.317	0.509	0.352	0.157	-4.363	2012.828		0
ZINC01341242_14	1G3E.pdb_1GHZ.pdb_1QB6.pdb	723	0.492	0.33	0.162	1.654	1.17	0.483	0.511	0.315	0.196	-5.418	1801.288		0
ZINC03572380_151	1G3E.pdb_1GHZ.pdb_1QB6.pdb	722	0.492	0.378	0.114	1.618	1.282	0.335	0.496	0.349	0.148	-4.089	1994.201		0
ZINC03670321_75	1G3E.pdb_1GHZ.pdb_1QB6.pdb	730	0.492	0.344	0.149	1.455	1.065	0.39	0.53	0.337	0.194	-5.375	1930.064		0
ZINC00902675_8	1G3E.pdb_1GHZ.pdb_1QB6.pdb	728	0.492	0.382	0.109	1.368	1.087	0.281	0.523	0.371	0.152	-4.228	2129.437		0
ZINC00606340_190	1G3E.pdb_1GHZ.pdb_1QB6.pdb	726	0.492	0.382	0.11	1.73	1.33	0.399	0.48	0.349	0.131	-3.607	1994.867		0
ZINC02135324_36	1G3E.pdb_1GHZ.pdb_1QB6.pdb	737	0.492	0.358	0.134	1.445	1.105	0.34	0.527	0.346	0.181	-5.041	1984.286		0
ZINC01909903_137	1G3E.pdb_1GHZ.pdb_1QB6.pdb	729	0.492	0.345	0.147	1.483	1.118	0.365	0.53	0.333	0.197	-5.471	1906.603		0
ZINC00921218_66	1G3E.pdb_1GHZ.pdb_1QB6.pdb	727	0.492	0.372	0.12	1.369	1.05	0.319	0.527	0.365	0.162	-4.505	2096.61		0
ZINC02450633_11	1G3E.pdb_1GHZ.pdb_1QB6.pdb	750	0.491	0.399	0.092	1.393	1.177	0.216	0.515	0.376	0.138	-3.867	2158.747		0
ZINC02192461_153	1G3E.pdb_1GHZ.pdb_1QB6.pdb	746	0.491	0.402	0.089	1.433	1.206	0.228	0.504	0.376	0.128	-3.576	2153.951		0
ZINC03785211_198	1G3E.pdb_1GHZ.pdb_1QB6.pdb	745	0.491	0.368	0.123	1.472	1.157	0.316	0.518	0.351	0.168	-4.662	2008.564		0
ZINC03391415_109	1G3E.pdb_1GHZ.pdb_1QB6.pdb	747	0.491	0.368	0.123	1.519	1.161	0.358	0.508	0.35	0.157	-4.352	2007.61		0
ZINC03517672_156	1G3E.pdb_1GHZ.pdb_1QB6.pdb	752	0.491	0.351	0.14	1.515	1.107	0.408	0.515	0.339	0.175	-4.851	1944.18		0
ZINC04356242_130	1G3E.pdb_1GHZ.pdb_1QB6.pdb	749	0.491	0.376	0.115	1.468	1.171	0.298	0.514	0.356	0.158	-4.382	2041.099		0
ZINC03890510_34	1G3E.pdb_1GHZ.pdb_1QB6.pdb	748	0.491	0.363	0.128	1.396	1.076	0.32	0.53	0.354	0.176	-4.907	2028.651		0
ZINC00921220_118	1G3E.pdb_1GHZ.pdb_1QB6.pdb	751	0.491	0.371	0.121	1.368	1.049	0.319	0.527	0.365	0.162	-4.507	2093.632		0
ZINC00902614_114	1G3E.pdb_1GHZ.pdb_1QB6.pdb	741	0.491	0.376	0.114	1.339	1.058	0.281	0.53	0.369	0.162	-4.507	2116.595		0
ZINC02964624_178	1G3E.pdb_1GHZ.pdb_1QB6.pdb	740	0.491	0.399	0.091	1.472	1.208	0.264	0.496	0.374	0.123	-3.394	2141.593		0
ZINC03989555_195	1G3E.pdb_1GHZ.pdb_1QB6.pdb	742	0.491	0.382	0.109	1.482	1.187	0.295	0.507	0.361	0.147	-4.07	2066.146		0
ZINC04217907_158	1G3E.pdb_1GHZ.pdb_1QB6.pdb	744	0.491	0.396	0.095	1.585	1.311	0.274	0.489	0.362	0.127	-3.514	2072.941		0
ZINC02618307_104	1G3E.pdb_1GHZ.pdb_1QB6.pdb	743	0.491	0.369	0.122	1.634	1.251	0.383	0.495	0.343	0.152	-4.189	1963.31		0
ZINC03807318_163	1G3E.pdb_1GHZ.pdb_1QB6.pdb	753	0.491	0.32	0.17	1.463	1.025	0.438	0.536	0.318	0.218	-6.047	1822.215		0
ZINC03955215_159	1G3E.pdb_1GHZ.pdb_1QB6.pdb	772	0.49	0.386	0.104	1.522	1.238	0.284	0.501	0.36	0.141	-3.911	2058.462		0
ZINC02517180_180	1G3E.pdb_1GHZ.pdb_1QB6.pdb	771	0.49	0.371	0.119	1.682	1.306	0.376	0.49	0.341	0.149	-4.113	1949.189		0
ZINC02393796_110	1G3E.pdb_1GHZ.pdb_1QB6.pdb	770	0.49	0.392	0.098	1.555	1.277	0.279	0.493	0.361	0.132	-3.653	2066.295		0
ZINC03954872_116	1G3E.pdb_1GHZ.pdb_1QB6.pdb	773	0.49	0.377	0.113	1.382	1.088	0.293	0.521	0.366	0.156	-4.325	2098.195		0
ZINC03841653_108	1G3E.pdb_1GHZ.pdb_1QB6.pdb	757	0.49	0.365	0.125	1.479	1.157	0.321	0.518	0.348	0.171	-4.742	1991.329		0
ZINC03937878_65	1G3E.pdb_1GHZ.pdb_1QB6.pdb	756	0.49	0.353	0.137	1.581	1.247	0.334	0.518	0.33	0.188	-5.238	1887.857		0
ZINC02415381_114	1G3E.pdb_1GHZ.pdb_1QB6.pdb	755	0.49	0.351	0.139	1.48	1.114	0.366	0.521	0.339	0.183	-5.066	1940.305		0
ZINC02205131_87	1G3E.pdb_1GHZ.pdb_1QB6.pdb	754	0.49	0.33	0.16	1.749	1.229	0.519	0.499	0.311	0.188	-5.189	1775.525		0
ZINC03377880_115	1G3E.pdb_1GHZ.pdb_1QB6.pdb	761	0.49	0.333	0.157	1.446	1.043	0.403	0.533	0.329	0.204	-5.662	1885.634		0
ZINC03345168_84	1G3E.pdb_1GHZ.pdb_1QB6.pdb	760	0.49	0.312	0.178	1.386	0.965	0.42	0.552	0.315	0.237	-6.593	1808.176		0
ZINC03401801_191	1G3E.pdb_1GHZ.pdb_1QB6.pdb	758	0.49	0.384	0.105	1.495	1.199	0.297	0.502	0.361	0.14	-3.89	2068.997		0
ZINC00602703_15	1G3E.pdb_1GHZ.pdb_1QB6.pdb	759	0.49	0.38	0.11	1.519	1.207	0.312	0.502	0.357	0.145	-4.012	2042.856		0
ZINC03801144_159	1G3E.pdb_1GHZ.pdb_1QB6.pdb	762	0.49	0.374	0.116	1.6	1.234	0.366	0.494	0.349	0.145	-3.999	1999.997		0
ZINC04465649_44	1G3E.pdb_1GHZ.pdb_1QB6.pdb	763	0.49	0.402	0.089	1.456	1.198	0.258	0.496	0.377	0.119	-3.304	2158.64		0
ZINC02660602_95	1G3E.pdb_1GHZ.pdb_1QB6.pdb	768	0.49	0.397	0.093	1.429	1.182	0.247	0.504	0.374	0.131	-3.634	2142.002		0
ZINC03838695_61	1G3E.pdb_1GHZ.pdb_1QB6.pdb	769	0.49	0.413	0.077	1.473	1.266	0.207	0.49	0.38	0.11	-3.053	2175.786		0
ZINC03867594_44	1G3E.pdb_1GHZ.pdb_1QB6.pdb	767	0.49	0.402	0.089	1.456	1.198	0.258	0.496	0.377	0.119	-3.304	2158.64		0
ZINC01756091_28	1G3E.pdb_1GHZ.pdb_1QB6.pdb	766	0.49	0.301	0.188	1.625	1.097	0.527	0.52	0.293	0.227	-6.269	1677.781		0
ZINC03854116_114	1G3E.pdb_1GHZ.pdb_1QB6.pdb	765	0.49	0.382	0.108	1.549	1.206	0.343	0.494	0.358	0.136	-3.753	2052.865		0
ZINC03810149_47	1G3E.pdb_1GHZ.pdb_1QB6.pdb	764	0.49	0.359	0.132	1.361	1.07	0.292	0.544	0.351	0.193	-5.412	2011.496		0
ZINC03817194_142	1G3E.pdb_1GHZ.pdb_1QB6.pdb	775	0.489	0.346	0.143	1.434	1.123	0.311	0.543	0.334	0.209	-5.862	1911.631		0
ZINC00588296_162	1G3E.pdb_1GHZ.pdb_1QB6.pdb	774	0.489	0.418	0.071	1.483	1.273	0.21	0.481	0.384	0.097	-2.697	2197.033		0
ZINC00962262_182	1G3E.pdb_1GHZ.pdb_1QB6.pdb	776	0.489	0.386	0.102	1.486	1.178	0.308	0.498	0.365	0.133	-3.666	2092.836		0
ZINC04222445_22	1G3E.pdb_1GHZ.pdb_1QB6.pdb	778	0.489	0.378	0.112	1.481	1.203	0.278	0.512	0.355	0.157	-4.371	2033.844		0
ZINC01552512_184	1G3E.pdb_1GHZ.pdb_1QB6.pdb	777	0.489	0.365	0.124	1.511	1.197	0.315	0.514	0.344	0.17	-4.725	1969.626		0
ZINC00902651_157	1G3E.pdb_1GHZ.pdb_1QB6.pdb	780	0.488	0.373	0.114	1.318	1.036	0.281	0.53	0.368	0.162	-4.507	2116.719		0
ZINC02384342_161	1G3E.pdb_1GHZ.pdb_1QB6.pdb	784	0.488	0.376	0.112	1.579	1.266	0.313	0.496	0.348	0.148	-4.102	1992.975		0
ZINC01909195_82	1G3E.pdb_1GHZ.pdb_1QB6.pdb	786	0.488	0.422	0.066	1.395	1.23	0.165	0.49	0.391	0.099	-2.754	2241.424		0
ZINC03406335_175	1G3E.pdb_1GHZ.pdb_1QB6.pdb	792	0.488	0.386	0.102	1.573	1.27	0.303	0.49	0.357	0.133	-3.687	2039.987		0
ZINC03841837_194	1G3E.pdb_1GHZ.pdb_1QB6.pdb	791	0.488	0.392	0.097	1.419	1.174	0.245	0.508	0.37	0.138	-3.85	2121.419		0
ZINC01125455_99	1G3E.pdb_1GHZ.pdb_1QB6.pdb	790	0.488	0.373	0.116	1.496	1.188	0.308	0.508	0.352	0.156	-4.337	2014.816		0
ZINC04627709_137	1G3E.pdb_1GHZ.pdb_1QB6.pdb	795	0.488	0.359	0.129	1.415	1.086	0.329	0.524	0.349	0.175	-4.867	2003.161		0
ZINC04013834_50	1G3E.pdb_1GHZ.pdb_1QB6.pdb	781	0.488	0.336	0.152	1.615	1.15	0.465	0.506	0.322	0.184	-5.084	1841.498		0
ZINC02520769_153	1G3E.pdb_1GHZ.pdb_1QB6.pdb	782	0.488	0.357	0.13	1.427	1.122	0.305	0.529	0.344	0.186	-5.18	1970.005		0
ZINC03240845_64	1G3E.pdb_1GHZ.pdb_1QB6.pdb	783	0.488	0.38	0.108	1.539	1.219	0.319	0.496	0.355	0.14	-3.883	2034.685		0
ZINC03891139_125	1G3E.pdb_1GHZ.pdb_1QB6.pdb	785	0.488	0.345	0.143	1.472	1.14	0.332	0.533	0.331	0.202	-5.632	1894.466		0
ZINC00842699_88	1G3E.pdb_1GHZ.pdb_1QB6.pdb	779	0.488	0.371	0.118	1.56	1.209	0.35	0.499	0.348	0.151	-4.164	1993.221		0
ZINC02970930_197	1G3E.pdb_1GHZ.pdb_1QB6.pdb	793	0.488	0.409	0.079	1.504	1.261	0.243	0.482	0.377	0.104	-2.887	2160.036		0
ZINC02700304_171	1G3E.pdb_1GHZ.pdb_1QB6.pdb	794	0.488	0.357	0.131	1.495	1.146	0.349	0.515	0.342	0.173	-4.814	1956.228		0
ZINC03992804_196	1G3E.pdb_1GHZ.pdb_1QB6.pdb	796	0.488	0.363	0.125	1.525	1.174	0.351	0.508	0.345	0.163	-4.507	1974.574		0
ZINC02596318_122	1G3E.pdb_1GHZ.pdb_1QB6.pdb	797	0.488	0.403	0.085	1.461	1.261	0.2	0.5	0.372	0.128	-3.58	2129.473		0
ZINC04188516_130	1G3E.pdb_1GHZ.pdb_1QB6.pdb	798	0.488	0.354	0.134	1.626	1.252	0.373	0.504	0.331	0.173	-4.789	1890.304		0
ZINC02203105_175	1G3E.pdb_1GHZ.pdb_1QB6.pdb	799	0.488	0.418	0.069	1.472	1.256	0.216	0.478	0.385	0.093	-2.565	2208.609		0
ZINC04248905_10	1G3E.pdb_1GHZ.pdb_1QB6.pdb	801	0.488	0.331	0.156	1.563	1.173	0.39	0.523	0.316	0.207	-5.753	1806.977		0
ZINC03990238_109	1G3E.pdb_1GHZ.pdb_1QB6.pdb	803	0.488	0.403	0.085	1.39	1.164	0.227	0.502	0.381	0.12	-3.342	2188.02		0
ZINC02129117_71	1G3E.pdb_1GHZ.pdb_1QB6.pdb	800	0.488	0.369	0.118	1.429	1.124	0.304	0.517	0.355	0.162	-4.514	2033.573		0
ZINC04161144_161	1G3E.pdb_1GHZ.pdb_1QB6.pdb	802	0.488	0.371	0.117	1.63	1.3	0.33	0.495	0.342	0.153	-4.23	1954.609		0
ZINC03827742_45	1G3E.pdb_1GHZ.pdb_1QB6.pdb	788	0.488	0.329	0.159	1.572	1.089	0.483	0.512	0.321	0.192	-5.286	1836.656		0
ZINC00769609_104	1G3E.pdb_1GHZ.pdb_1QB6.pdb	789	0.488	0.346	0.142	1.358	1.0	0.358	0.537	0.347	0.19	-5.289	1993.584		0
ZINC01092149_83	1G3E.pdb_1GHZ.pdb_1QB6.pdb	787	0.488	0.359	0.129	1.572	1.193	0.38	0.502	0.339	0.163	-4.513	1940.698		0
ZINC00902602_125	1G3E.pdb_1GHZ.pdb_1QB6.pdb	813	0.487	0.398	0.09	1.372	1.137	0.234	0.506	0.379	0.127	-3.534	2176.456		0
ZINC04355175_29	1G3E.pdb_1GHZ.pdb_1QB6.pdb	816	0.487	0.377	0.109	1.526	1.229	0.297	0.5	0.352	0.148	-4.093	2017.29		0
ZINC03840217_0	1G3E.pdb_1GHZ.pdb_1QB6.pdb	812	0.487	0.336	0.15	1.504	1.141	0.363	0.527	0.323	0.204	-5.69	1847.856		0
ZINC03828592_57	1G3E.pdb_1GHZ.pdb_1QB6.pdb	806	0.487	0.335	0.153	1.563	1.145	0.418	0.515	0.321	0.194	-5.365	1836.758		0
ZINC01095751_167	1G3E.pdb_1GHZ.pdb_1QB6.pdb	810	0.487	0.361	0.126	1.594	1.223	0.372	0.499	0.339	0.16	-4.418	1938.267		0
ZINC00581841_3	1G3E.pdb_1GHZ.pdb_1QB6.pdb	807	0.487	0.381	0.106	1.412	1.145	0.266	0.514	0.364	0.15	-4.179	2084.391		0
ZINC02006923_49	1G3E.pdb_1GHZ.pdb_1QB6.pdb	808	0.487	0.358	0.128	1.554	1.211	0.343	0.508	0.337	0.17	-4.728	1929.811		0
ZINC03993077_71	1G3E.pdb_1GHZ.pdb_1QB6.pdb	809	0.487	0.375	0.113	1.544	1.224	0.319	0.499	0.351	0.148	-4.101	2006.179		0
ZINC03438910_144	1G3E.pdb_1GHZ.pdb_1QB6.pdb	814	0.487	0.338	0.148	1.591	1.161	0.429	0.508	0.323	0.184	-5.1	1849.159		0
ZINC04375303_180	1G3E.pdb_1GHZ.pdb_1QB6.pdb	817	0.487	0.362	0.125	1.457	1.136	0.321	0.517	0.347	0.17	-4.724	1985.802		0
ZINC04636388_2	1G3E.pdb_1GHZ.pdb_1QB6.pdb	805	0.487	0.366	0.121	1.566	1.225	0.341	0.501	0.343	0.158	-4.376	1960.777		0
ZINC03891128_71	1G3E.pdb_1GHZ.pdb_1QB6.pdb	804	0.487	0.385	0.102	1.424	1.193	0.231	0.518	0.362	0.156	-4.357	2076.449		0
ZINC01491246_115	1G3E.pdb_1GHZ.pdb_1QB6.pdb	811	0.487	0.373	0.114	1.446	1.151	0.295	0.512	0.356	0.157	-4.352	2039.673		0
ZINC03840215_0	1G3E.pdb_1GHZ.pdb_1QB6.pdb	815	0.487	0.336	0.15	1.506	1.143	0.363	0.527	0.323	0.204	-5.689	1847.283		0
ZINC01490116_142	1G3E.pdb_1GHZ.pdb_1QB6.pdb	827	0.486	0.376	0.11	1.555	1.207	0.349	0.492	0.354	0.138	-3.812	2024.368		0
ZINC04236709_147	1G3E.pdb_1GHZ.pdb_1QB6.pdb	822	0.486	0.38	0.106	1.432	1.143	0.288	0.506	0.363	0.143	-3.975	2078.589		0
ZINC00902641_44	1G3E.pdb_1GHZ.pdb_1QB6.pdb	818	0.486	0.381	0.105	1.283	1.04	0.243	0.531	0.375	0.156	-4.363	2155.939		0
ZINC04200773_88	1G3E.pdb_1GHZ.pdb_1QB6.pdb	823	0.486	0.38	0.105	1.436	1.136	0.301	0.503	0.364	0.139	-3.861	2086.01		0
ZINC03874450_29	1G3E.pdb_1GHZ.pdb_1QB6.pdb	826	0.486	0.369	0.117	1.53	1.25	0.281	0.511	0.344	0.168	-4.677	1966.84		0
ZINC03840215_1	1G3E.pdb_1GHZ.pdb_1QB6.pdb	825	0.486	0.336	0.15	1.506	1.143	0.363	0.527	0.322	0.204	-5.69	1845.188		0
ZINC03993398_178	1G3E.pdb_1GHZ.pdb_1QB6.pdb	824	0.486	0.321	0.165	1.466	1.04	0.426	0.529	0.317	0.212	-5.878	1815.605		0
ZINC04400050_93	1G3E.pdb_1GHZ.pdb_1QB6.pdb	828	0.486	0.334	0.152	1.5	1.104	0.396	0.521	0.324	0.197	-5.472	1856.815		0
ZINC03838230_172	1G3E.pdb_1GHZ.pdb_1QB6.pdb	829	0.486	0.373	0.113	1.393	1.111	0.282	0.518	0.359	0.159	-4.433	2059.684		0
ZINC02205779_183	1G3E.pdb_1GHZ.pdb_1QB6.pdb	830	0.486	0.414	0.072	1.526	1.302	0.224	0.474	0.378	0.096	-2.666	2161.691		0
ZINC00779494_52	1G3E.pdb_1GHZ.pdb_1QB6.pdb	837	0.486	0.322	0.164	1.585	1.117	0.468	0.513	0.311	0.201	-5.566	1781.914		0
ZINC03840227_195	1G3E.pdb_1GHZ.pdb_1QB6.pdb	835	0.486	0.365	0.12	1.568	1.229	0.339	0.499	0.342	0.157	-4.346	1957.146		0
ZINC02388049_158	1G3E.pdb_1GHZ.pdb_1QB6.pdb	836	0.486	0.4	0.086	1.448	1.24	0.208	0.5	0.371	0.129	-3.598	2124.441		0
ZINC03405782_108	1G3E.pdb_1GHZ.pdb_1QB6.pdb	832	0.486	0.38	0.107	1.576	1.255	0.32	0.49	0.352	0.138	-3.807	2016.38		0
ZINC03421500_117	1G3E.pdb_1GHZ.pdb_1QB6.pdb	834	0.486	0.342	0.143	1.55	1.139	0.411	0.509	0.329	0.181	-4.995	1881.435		0
ZINC03344411_164	1G3E.pdb_1GHZ.pdb_1QB6.pdb	833	0.486	0.36	0.126	1.622	1.235	0.387	0.494	0.337	0.157	-4.339	1929.204		0
ZINC03840241_154	1G3E.pdb_1GHZ.pdb_1QB6.pdb	821	0.486	0.362	0.124	1.426	1.121	0.305	0.521	0.349	0.172	-4.795	1997.882		0
ZINC00902679_37	1G3E.pdb_1GHZ.pdb_1QB6.pdb	820	0.486	0.378	0.108	1.313	1.045	0.267	0.525	0.372	0.154	-4.283	2134.416		0
ZINC02212825_184	1G3E.pdb_1GHZ.pdb_1QB6.pdb	831	0.486	0.377	0.11	1.467	1.155	0.312	0.503	0.358	0.145	-4.007	2054.273		0
ZINC00902583_68	1G3E.pdb_1GHZ.pdb_1QB6.pdb	819	0.486	0.387	0.099	1.323	1.078	0.246	0.518	0.377	0.141	-3.938	2164.911		0
ZINC02952339_22	1G3E.pdb_1GHZ.pdb_1QB6.pdb	850	0.485	0.375	0.11	1.579	1.249	0.33	0.491	0.349	0.142	-3.922	1996.119		0
ZINC03415536_23	1G3E.pdb_1GHZ.pdb_1QB6.pdb	845	0.485	0.386	0.099	1.553	1.24	0.313	0.486	0.359	0.127	-3.513	2054.0		0
ZINC03841013_185	1G3E.pdb_1GHZ.pdb_1QB6.pdb	848	0.485	0.379	0.106	1.431	1.155	0.276	0.507	0.361	0.147	-4.073	2066.401		0
ZINC02245596_171	1G3E.pdb_1GHZ.pdb_1QB6.pdb	853	0.485	0.328	0.157	1.541	1.119	0.422	0.517	0.317	0.2	-5.535	1812.954		0
ZINC02960156_53	1G3E.pdb_1GHZ.pdb_1QB6.pdb	851	0.485	0.342	0.144	1.539	1.161	0.378	0.514	0.326	0.188	-5.215	1867.701		0
ZINC02131954_8	1G3E.pdb_1GHZ.pdb_1QB6.pdb	841	0.485	0.372	0.113	1.423	1.132	0.292	0.512	0.357	0.156	-4.325	2043.988		0
ZINC03346847_95	1G3E.pdb_1GHZ.pdb_1QB6.pdb	844	0.485	0.369	0.115	1.509	1.17	0.338	0.499	0.35	0.149	-4.117	2007.071		0
ZINC02221824_93	1G3E.pdb_1GHZ.pdb_1QB6.pdb	847	0.485	0.372	0.113	1.43	1.139	0.292	0.512	0.356	0.156	-4.325	2040.682		0
ZINC01831170_168	1G3E.pdb_1GHZ.pdb_1QB6.pdb	846	0.485	0.364	0.121	1.446	1.121	0.325	0.512	0.35	0.161	-4.477	2007.263		0
ZINC01491246_26	1G3E.pdb_1GHZ.pdb_1QB6.pdb	852	0.485	0.374	0.11	1.44	1.154	0.286	0.508	0.357	0.152	-4.22	2043.717		0
ZINC04222428_97	1G3E.pdb_1GHZ.pdb_1QB6.pdb	843	0.485	0.354	0.131	1.461	1.126	0.334	0.518	0.34	0.177	-4.932	1948.949		0
ZINC04619145_173	1G3E.pdb_1GHZ.pdb_1QB6.pdb	839	0.485	0.391	0.094	1.567	1.264	0.302	0.481	0.361	0.12	-3.309	2068.01		0
ZINC02700316_186	1G3E.pdb_1GHZ.pdb_1QB6.pdb	840	0.485	0.375	0.111	1.431	1.143	0.288	0.511	0.358	0.153	-4.248	2050.836		0
ZINC02372106_155	1G3E.pdb_1GHZ.pdb_1QB6.pdb	854	0.485	0.367	0.119	1.526	1.196	0.33	0.502	0.346	0.156	-4.326	1979.87		0
ZINC03368360_135	1G3E.pdb_1GHZ.pdb_1QB6.pdb	838	0.485	0.35	0.135	1.645	1.233	0.412	0.496	0.328	0.167	-4.624	1875.95		0
ZINC03839024_3	1G3E.pdb_1GHZ.pdb_1QB6.pdb	842	0.485	0.36	0.125	1.488	1.138	0.35	0.507	0.345	0.163	-4.501	1976.204		0
ZINC03840121_82	1G3E.pdb_1GHZ.pdb_1QB6.pdb	849	0.485	0.363	0.122	1.488	1.185	0.303	0.514	0.344	0.17	-4.747	1966.488		0
ZINC00818706_157	1G3E.pdb_1GHZ.pdb_1QB6.pdb	855	0.485	0.36	0.125	1.455	1.135	0.32	0.515	0.345	0.17	-4.727	1975.729		0
ZINC00842631_174	1G3E.pdb_1GHZ.pdb_1QB6.pdb	868	0.484	0.361	0.123	1.57	1.205	0.365	0.497	0.34	0.157	-4.341	1946.487		0
ZINC01814861_72	1G3E.pdb_1GHZ.pdb_1QB6.pdb	866	0.484	0.378	0.106	1.492	1.173	0.319	0.495	0.358	0.137	-3.789	2053.731		0
ZINC02618850_70	1G3E.pdb_1GHZ.pdb_1QB6.pdb	859	0.484	0.327	0.157	1.5	1.097	0.403	0.522	0.318	0.204	-5.664	1818.83		0
ZINC01840067_192	1G3E.pdb_1GHZ.pdb_1QB6.pdb	862	0.484	0.379	0.104	1.441	1.156	0.285	0.502	0.361	0.141	-3.925	2067.833		0
ZINC02229083_4	1G3E.pdb_1GHZ.pdb_1QB6.pdb	864	0.484	0.415	0.069	1.456	1.252	0.204	0.477	0.383	0.095	-2.626	2192.473		0
ZINC01553112_91	1G3E.pdb_1GHZ.pdb_1QB6.pdb	861	0.484	0.346	0.138	1.522	1.186	0.336	0.518	0.328	0.189	-5.271	1877.998		0
ZINC03418288_157	1G3E.pdb_1GHZ.pdb_1QB6.pdb	860	0.484	0.359	0.125	1.647	1.255	0.392	0.49	0.335	0.155	-4.284	1914.899		0
ZINC01538457_164	1G3E.pdb_1GHZ.pdb_1QB6.pdb	857	0.484	0.35	0.134	1.687	1.244	0.443	0.488	0.328	0.161	-4.424	1872.604		0
ZINC03342986_175	1G3E.pdb_1GHZ.pdb_1QB6.pdb	867	0.484	0.303	0.181	1.388	0.978	0.41	0.55	0.306	0.244	-6.817	1751.005		0
ZINC04621232_81	1G3E.pdb_1GHZ.pdb_1QB6.pdb	865	0.484	0.354	0.131	1.418	1.098	0.32	0.523	0.343	0.181	-5.029	1964.49		0
ZINC03311922_0	1G3E.pdb_1GHZ.pdb_1QB6.pdb	856	0.484	0.381	0.103	1.651	1.298	0.352	0.478	0.35	0.128	-3.514	2004.089		0
ZINC03820048_92	1G3E.pdb_1GHZ.pdb_1QB6.pdb	858	0.484	0.312	0.172	1.613	1.124	0.489	0.512	0.302	0.21	-5.804	1724.44		0
ZINC01069658_5	1G3E.pdb_1GHZ.pdb_1QB6.pdb	863	0.484	0.345	0.139	1.457	1.101	0.356	0.52	0.335	0.185	-5.134	1918.121		0
ZINC04004468_154	1G3E.pdb_1GHZ.pdb_1QB6.pdb	879	0.483	0.357	0.126	1.649	1.296	0.352	0.493	0.33	0.163	-4.52	1886.568		0
ZINC04619455_198	1G3E.pdb_1GHZ.pdb_1QB6.pdb	872	0.483	0.406	0.077	1.3	1.095	0.205	0.501	0.392	0.109	-3.027	2253.969		0
ZINC01076218_119	1G3E.pdb_1GHZ.pdb_1QB6.pdb	873	0.483	0.348	0.135	1.57	1.181	0.389	0.501	0.331	0.171	-4.729	1891.263		0
ZINC04112540_188	1G3E.pdb_1GHZ.pdb_1QB6.pdb	871	0.483	0.333	0.15	1.538	1.146	0.392	0.514	0.319	0.195	-5.41	1827.354		0
ZINC00921243_64	1G3E.pdb_1GHZ.pdb_1QB6.pdb	875	0.483	0.369	0.114	1.314	1.033	0.281	0.526	0.364	0.162	-4.507	2093.519		0
ZINC03977400_140	1G3E.pdb_1GHZ.pdb_1QB6.pdb	876	0.483	0.368	0.114	1.523	1.181	0.342	0.495	0.349	0.147	-4.06	1996.406		0
ZINC04004468_156	1G3E.pdb_1GHZ.pdb_1QB6.pdb	878	0.483	0.356	0.126	1.649	1.295	0.354	0.494	0.33	0.164	-4.55	1883.346		0
ZINC03338441_44	1G3E.pdb_1GHZ.pdb_1QB6.pdb	870	0.483	0.34	0.143	1.762	1.321	0.442	0.489	0.314	0.175	-4.827	1792.525		0
ZINC01838799_81	1G3E.pdb_1GHZ.pdb_1QB6.pdb	877	0.483	0.386	0.097	1.516	1.237	0.279	0.489	0.359	0.13	-3.587	2055.165		0
ZINC03426727_108	1G3E.pdb_1GHZ.pdb_1QB6.pdb	869	0.483	0.349	0.134	1.622	1.228	0.394	0.497	0.327	0.17	-4.687	1871.611		0
ZINC03990227_176	1G3E.pdb_1GHZ.pdb_1QB6.pdb	874	0.483	0.354	0.129	1.527	1.183	0.344	0.506	0.336	0.171	-4.742	1920.576		0
ZINC02388022_12	1G3E.pdb_1GHZ.pdb_1QB6.pdb	884	0.482	0.343	0.139	1.4	1.08	0.32	0.532	0.335	0.197	-5.517	1918.878		0
ZINC03993078_88	1G3E.pdb_1GHZ.pdb_1QB6.pdb	882	0.482	0.343	0.139	1.533	1.147	0.385	0.507	0.329	0.179	-4.949	1881.924		0
ZINC02025209_70	1G3E.pdb_1GHZ.pdb_1QB6.pdb	883	0.482	0.38	0.102	1.396	1.119	0.278	0.503	0.365	0.138	-3.833	2095.753		0
ZINC02646948_166	1G3E.pdb_1GHZ.pdb_1QB6.pdb	891	0.482	0.336	0.146	1.719	1.27	0.449	0.491	0.314	0.178	-4.906	1791.7		0
ZINC03838485_164	1G3E.pdb_1GHZ.pdb_1QB6.pdb	888	0.482	0.329	0.153	1.56	1.161	0.399	0.513	0.315	0.198	-5.5	1799.037		0
ZINC00974236_78	1G3E.pdb_1GHZ.pdb_1QB6.pdb	887	0.482	0.286	0.196	1.429	0.957	0.472	0.54	0.29	0.251	-6.966	1660.071		0
ZINC03558425_47	1G3E.pdb_1GHZ.pdb_1QB6.pdb	890	0.482	0.355	0.127	1.541	1.189	0.351	0.503	0.336	0.166	-4.609	1924.131		0
ZINC02616929_123	1G3E.pdb_1GHZ.pdb_1QB6.pdb	889	0.482	0.359	0.123	1.572	1.193	0.378	0.493	0.34	0.154	-4.244	1943.313		0
ZINC03977400_127	1G3E.pdb_1GHZ.pdb_1QB6.pdb	886	0.482	0.367	0.115	1.52	1.177	0.343	0.495	0.348	0.147	-4.072	1992.592		0
ZINC04287479_104	1G3E.pdb_1GHZ.pdb_1QB6.pdb	885	0.482	0.334	0.148	1.637	1.214	0.423	0.501	0.315	0.186	-5.146	1802.562		0
ZINC02193601_145	1G3E.pdb_1GHZ.pdb_1QB6.pdb	880	0.482	0.381	0.101	1.58	1.28	0.3	0.484	0.352	0.132	-3.645	2013.269		0
ZINC03808675_49	1G3E.pdb_1GHZ.pdb_1QB6.pdb	881	0.482	0.368	0.115	1.538	1.213	0.325	0.496	0.345	0.151	-4.17	1976.726		0
ZINC03800699_197	1G3E.pdb_1GHZ.pdb_1QB6.pdb	892	0.481	0.313	0.167	1.632	1.126	0.505	0.503	0.302	0.2	-5.53	1729.313		0
ZINC03352883_131	1G3E.pdb_1GHZ.pdb_1QB6.pdb	894	0.481	0.366	0.115	1.493	1.183	0.309	0.5	0.346	0.154	-4.276	1982.959		0
ZINC03355253_31	1G3E.pdb_1GHZ.pdb_1QB6.pdb	893	0.481	0.333	0.148	1.606	1.184	0.423	0.502	0.316	0.186	-5.146	1807.904		0
ZINC03867359_191	1G3E.pdb_1GHZ.pdb_1QB6.pdb	896	0.481	0.347	0.134	1.458	1.13	0.328	0.518	0.333	0.185	-5.154	1908.584		0
ZINC02002121_159	1G3E.pdb_1GHZ.pdb_1QB6.pdb	899	0.481	0.336	0.145	1.407	1.098	0.309	0.541	0.326	0.215	-6.029	1865.659		0
ZINC04354832_141	1G3E.pdb_1GHZ.pdb_1QB6.pdb	900	0.481	0.352	0.128	1.48	1.152	0.328	0.511	0.337	0.174	-4.84	1928.555		0
ZINC00718797_47	1G3E.pdb_1GHZ.pdb_1QB6.pdb	898	0.481	0.343	0.138	1.49	1.118	0.372	0.512	0.331	0.181	-5.009	1895.237		0
ZINC00921219_30	1G3E.pdb_1GHZ.pdb_1QB6.pdb	897	0.481	0.387	0.095	1.338	1.081	0.256	0.506	0.376	0.13	-3.622	2158.506		0
ZINC01062173_145	1G3E.pdb_1GHZ.pdb_1QB6.pdb	895	0.481	0.364	0.118	1.571	1.238	0.333	0.494	0.34	0.154	-4.27	1944.215		0
ZINC00602703_14	1G3E.pdb_1GHZ.pdb_1QB6.pdb	901	0.481	0.384	0.097	1.496	1.216	0.279	0.489	0.36	0.129	-3.587	2058.619		0
ZINC03987620_46	1G3E.pdb_1GHZ.pdb_1QB6.pdb	903	0.481	0.378	0.104	1.339	1.087	0.251	0.517	0.366	0.15	-4.188	2102.71		0
ZINC02693697_116	1G3E.pdb_1GHZ.pdb_1QB6.pdb	902	0.481	0.348	0.133	1.511	1.163	0.349	0.509	0.331	0.177	-4.927	1896.825		0
ZINC03969853_167	1G3E.pdb_1GHZ.pdb_1QB6.pdb	904	0.481	0.392	0.089	1.572	1.315	0.257	0.477	0.358	0.119	-3.296	2050.315		0
ZINC02726431_138	1G3E.pdb_1GHZ.pdb_1QB6.pdb	906	0.48	0.337	0.143	1.644	1.202	0.442	0.494	0.319	0.175	-4.83	1822.19		0
ZINC00814142_118	1G3E.pdb_1GHZ.pdb_1QB6.pdb	907	0.48	0.365	0.115	1.454	1.144	0.31	0.503	0.349	0.154	-4.273	1998.975		0
ZINC03990230_196	1G3E.pdb_1GHZ.pdb_1QB6.pdb	905	0.48	0.369	0.111	1.52	1.218	0.302	0.496	0.346	0.15	-4.159	1978.229		0
ZINC02700313_140	1G3E.pdb_1GHZ.pdb_1QB6.pdb	919	0.48	0.382	0.098	1.451	1.181	0.269	0.495	0.36	0.134	-3.721	2064.951		0
ZINC03992722_151	1G3E.pdb_1GHZ.pdb_1QB6.pdb	918	0.48	0.375	0.105	1.484	1.197	0.287	0.496	0.353	0.143	-3.962	2020.882		0
ZINC03987013_41	1G3E.pdb_1GHZ.pdb_1QB6.pdb	921	0.48	0.389	0.091	1.509	1.246	0.263	0.483	0.362	0.122	-3.372	2069.989		0
ZINC03838775_113	1G3E.pdb_1GHZ.pdb_1QB6.pdb	920	0.48	0.345	0.135	1.445	1.102	0.343	0.516	0.335	0.182	-5.055	1916.597		0
ZINC04142153_78	1G3E.pdb_1GHZ.pdb_1QB6.pdb	915	0.48	0.372	0.107	1.638	1.273	0.365	0.477	0.345	0.132	-3.638	1972.511		0
ZINC01889282_101	1G3E.pdb_1GHZ.pdb_1QB6.pdb	914	0.48	0.379	0.102	1.446	1.154	0.292	0.496	0.361	0.135	-3.743	2066.285		0
ZINC03643930_193	1G3E.pdb_1GHZ.pdb_1QB6.pdb	908	0.48	0.355	0.125	1.542	1.173	0.369	0.496	0.337	0.159	-4.398	1931.058		0
ZINC04383614_11	1G3E.pdb_1GHZ.pdb_1QB6.pdb	909	0.48	0.304	0.176	1.393	0.943	0.45	0.533	0.31	0.224	-6.211	1775.863		0
ZINC03972102_132	1G3E.pdb_1GHZ.pdb_1QB6.pdb	912	0.48	0.317	0.163	1.378	0.989	0.389	0.538	0.318	0.219	-6.111	1824.866		0
ZINC03963793_97	1G3E.pdb_1GHZ.pdb_1QB6.pdb	913	0.48	0.355	0.125	1.352	1.053	0.299	0.526	0.348	0.178	-4.964	1998.393		0
ZINC04619211_31	1G3E.pdb_1GHZ.pdb_1QB6.pdb	910	0.48	0.385	0.095	1.487	1.226	0.261	0.489	0.359	0.13	-3.599	2057.681		0
ZINC03838486_98	1G3E.pdb_1GHZ.pdb_1QB6.pdb	911	0.48	0.35	0.13	1.566	1.22	0.347	0.502	0.329	0.172	-4.777	1883.557		0
ZINC03990241_172	1G3E.pdb_1GHZ.pdb_1QB6.pdb	916	0.48	0.391	0.089	1.374	1.138	0.236	0.498	0.373	0.125	-3.474	2139.776		0
ZINC03294945_192	1G3E.pdb_1GHZ.pdb_1QB6.pdb	917	0.48	0.352	0.129	1.638	1.218	0.42	0.487	0.331	0.157	-4.315	1891.655		0
ZINC03446998_26	1G3E.pdb_1GHZ.pdb_1QB6.pdb	923	0.479	0.369	0.11	1.707	1.335	0.372	0.472	0.338	0.135	-3.708	1930.086		0
ZINC03990230_137	1G3E.pdb_1GHZ.pdb_1QB6.pdb	922	0.479	0.392	0.087	1.524	1.272	0.252	0.478	0.362	0.117	-3.234	2069.569		0
ZINC03841305_84	1G3E.pdb_1GHZ.pdb_1QB6.pdb	935	0.479	0.337	0.142	1.5	1.086	0.415	0.506	0.328	0.178	-4.929	1878.826		0
ZINC01854025_79	1G3E.pdb_1GHZ.pdb_1QB6.pdb	934	0.479	0.328	0.151	1.42	1.084	0.335	0.535	0.32	0.215	-6.006	1833.033		0
ZINC03980070_119	1G3E.pdb_1GHZ.pdb_1QB6.pdb	937	0.479	0.397	0.082	1.302	1.099	0.203	0.504	0.383	0.121	-3.382	2198.836		0
ZINC02964623_25	1G3E.pdb_1GHZ.pdb_1QB6.pdb	936	0.479	0.388	0.091	1.447	1.183	0.264	0.489	0.366	0.123	-3.394	2098.073		0
ZINC03342650_167	1G3E.pdb_1GHZ.pdb_1QB6.pdb	931	0.479	0.335	0.144	1.701	1.256	0.445	0.49	0.313	0.176	-4.864	1790.532		0
ZINC03867408_182	1G3E.pdb_1GHZ.pdb_1QB6.pdb	930	0.479	0.351	0.128	1.558	1.2	0.359	0.498	0.331	0.166	-4.608	1895.142		0
ZINC02578005_186	1G3E.pdb_1GHZ.pdb_1QB6.pdb	924	0.479	0.355	0.124	1.519	1.171	0.348	0.499	0.337	0.161	-4.469	1931.35		0
ZINC04176349_141	1G3E.pdb_1GHZ.pdb_1QB6.pdb	925	0.479	0.386	0.094	1.412	1.154	0.258	0.495	0.367	0.128	-3.559	2101.909		0
ZINC02445827_38	1G3E.pdb_1GHZ.pdb_1QB6.pdb	928	0.479	0.368	0.111	1.406	1.142	0.264	0.513	0.352	0.16	-4.479	2018.132		0
ZINC04191683_180	1G3E.pdb_1GHZ.pdb_1QB6.pdb	929	0.479	0.345	0.134	1.595	1.222	0.372	0.497	0.325	0.172	-4.776	1858.371		0
ZINC01483810_140	1G3E.pdb_1GHZ.pdb_1QB6.pdb	926	0.479	0.371	0.107	1.493	1.201	0.292	0.495	0.35	0.145	-4.03	2001.149		0
ZINC00818706_198	1G3E.pdb_1GHZ.pdb_1QB6.pdb	927	0.479	0.367	0.112	1.441	1.151	0.291	0.504	0.35	0.154	-4.285	2004.02		0
ZINC03858746_33	1G3E.pdb_1GHZ.pdb_1QB6.pdb	932	0.479	0.406	0.073	1.465	1.259	0.205	0.476	0.374	0.102	-2.829	2143.618		0
ZINC03969679_60	1G3E.pdb_1GHZ.pdb_1QB6.pdb	933	0.479	0.363	0.116	1.623	1.277	0.346	0.485	0.336	0.149	-4.11	1922.112		0
ZINC03891132_112	1G3E.pdb_1GHZ.pdb_1QB6.pdb	939	0.478	0.381	0.096	1.425	1.193	0.232	0.5	0.359	0.141	-3.939	2058.353		0
ZINC02495809_156	1G3E.pdb_1GHZ.pdb_1QB6.pdb	938	0.478	0.35	0.129	1.458	1.143	0.316	0.513	0.335	0.178	-4.965	1918.417		0
ZINC03987020_85	1G3E.pdb_1GHZ.pdb_1QB6.pdb	951	0.478	0.395	0.083	1.465	1.234	0.231	0.482	0.368	0.115	-3.186	2105.415		0
ZINC02846329_145	1G3E.pdb_1GHZ.pdb_1QB6.pdb	952	0.478	0.369	0.109	1.618	1.255	0.363	0.478	0.343	0.135	-3.72	1962.802		0
ZINC02712483_41	1G3E.pdb_1GHZ.pdb_1QB6.pdb	953	0.478	0.318	0.16	1.478	1.062	0.415	0.518	0.312	0.206	-5.726	1787.126		0
ZINC03857694_13	1G3E.pdb_1GHZ.pdb_1QB6.pdb	954	0.478	0.376	0.102	1.422	1.143	0.28	0.498	0.359	0.139	-3.857	2058.865		0
ZINC02516126_86	1G3E.pdb_1GHZ.pdb_1QB6.pdb	943	0.478	0.329	0.149	1.564	1.173	0.391	0.508	0.314	0.194	-5.384	1794.938		0
ZINC03962388_135	1G3E.pdb_1GHZ.pdb_1QB6.pdb	946	0.478	0.355	0.124	1.591	1.224	0.367	0.491	0.333	0.158	-4.36	1904.042		0
ZINC04464507_53	1G3E.pdb_1GHZ.pdb_1QB6.pdb	945	0.478	0.382	0.096	1.426	1.172	0.254	0.496	0.361	0.135	-3.743	2070.813		0
ZINC01549839_0	1G3E.pdb_1GHZ.pdb_1QB6.pdb	944	0.478	0.349	0.129	1.442	1.097	0.345	0.51	0.339	0.171	-4.755	1940.402		0
ZINC03808436_5	1G3E.pdb_1GHZ.pdb_1QB6.pdb	949	0.478	0.304	0.175	1.518	1.048	0.469	0.517	0.3	0.218	-6.026	1714.664		0
ZINC03810496_2	1G3E.pdb_1GHZ.pdb_1QB6.pdb	950	0.478	0.378	0.1	1.606	1.318	0.288	0.48	0.346	0.134	-3.703	1979.039		0
ZINC03841656_24	1G3E.pdb_1GHZ.pdb_1QB6.pdb	948	0.478	0.376	0.102	1.376	1.129	0.248	0.509	0.361	0.148	-4.129	2068.722		0
ZINC04464527_13	1G3E.pdb_1GHZ.pdb_1QB6.pdb	947	0.478	0.376	0.102	1.422	1.143	0.28	0.498	0.359	0.139	-3.857	2058.865		0
ZINC03928139_126	1G3E.pdb_1GHZ.pdb_1QB6.pdb	941	0.478	0.369	0.109	1.603	1.306	0.296	0.487	0.339	0.148	-4.094	1938.65		0
ZINC03818898_36	1G3E.pdb_1GHZ.pdb_1QB6.pdb	942	0.478	0.382	0.096	1.563	1.285	0.278	0.481	0.352	0.129	-3.563	2013.112		0
ZINC04161213_148	1G3E.pdb_1GHZ.pdb_1QB6.pdb	940	0.478	0.382	0.096	1.579	1.315	0.263	0.481	0.35	0.131	-3.627	2002.384		0
ZINC03937550_136	1G3E.pdb_1GHZ.pdb_1QB6.pdb	967	0.477	0.375	0.101	1.398	1.143	0.255	0.502	0.359	0.144	-4.001	2055.444		0
ZINC04016693_3	1G3E.pdb_1GHZ.pdb_1QB6.pdb	964	0.477	0.38	0.098	1.284	1.045	0.239	0.516	0.374	0.142	-3.966	2146.081		0
ZINC03270022_56	1G3E.pdb_1GHZ.pdb_1QB6.pdb	965	0.477	0.334	0.142	1.466	1.078	0.388	0.51	0.326	0.183	-5.085	1869.959		0
ZINC03665811_77	1G3E.pdb_1GHZ.pdb_1QB6.pdb	966	0.477	0.34	0.137	1.679	1.254	0.425	0.486	0.318	0.168	-4.644	1816.673		0
ZINC03533360_125	1G3E.pdb_1GHZ.pdb_1QB6.pdb	955	0.477	0.353	0.123	1.509	1.144	0.365	0.495	0.338	0.157	-4.343	1937.458		0
ZINC03796166_114	1G3E.pdb_1GHZ.pdb_1QB6.pdb	959	0.477	0.369	0.108	1.416	1.108	0.309	0.499	0.356	0.143	-3.961	2040.837		0
ZINC04004342_182	1G3E.pdb_1GHZ.pdb_1QB6.pdb	958	0.477	0.367	0.111	1.423	1.159	0.264	0.509	0.349	0.16	-4.479	1999.372		0
ZINC03228417_95	1G3E.pdb_1GHZ.pdb_1QB6.pdb	957	0.477	0.393	0.084	1.69	1.4	0.291	0.459	0.354	0.105	-2.9	2020.364		0
ZINC03533361_46	1G3E.pdb_1GHZ.pdb_1QB6.pdb	956	0.477	0.353	0.123	1.508	1.144	0.365	0.495	0.338	0.157	-4.346	1936.351		0
ZINC04161186_138	1G3E.pdb_1GHZ.pdb_1QB6.pdb	960	0.477	0.361	0.115	1.589	1.277	0.312	0.49	0.335	0.155	-4.299	1915.07		0
ZINC03500184_98	1G3E.pdb_1GHZ.pdb_1QB6.pdb	961	0.477	0.372	0.105	1.593	1.264	0.329	0.479	0.345	0.134	-3.687	1974.702		0
ZINC03519423_105	1G3E.pdb_1GHZ.pdb_1QB6.pdb	962	0.477	0.317	0.16	1.585	1.106	0.479	0.502	0.307	0.194	-5.368	1757.411		0
ZINC03977175_43	1G3E.pdb_1GHZ.pdb_1QB6.pdb	963	0.477	0.394	0.084	1.482	1.225	0.257	0.478	0.367	0.11	-3.051	2103.222		0
ZINC04222431_34	1G3E.pdb_1GHZ.pdb_1QB6.pdb	981	0.476	0.366	0.111	1.453	1.176	0.276	0.502	0.347	0.156	-4.342	1984.39		0
ZINC02656475_160	1G3E.pdb_1GHZ.pdb_1QB6.pdb	980	0.476	0.363	0.113	1.56	1.227	0.334	0.487	0.34	0.147	-4.059	1944.145		0
ZINC03558424_61	1G3E.pdb_1GHZ.pdb_1QB6.pdb	974	0.476	0.37	0.106	1.523	1.224	0.299	0.488	0.346	0.141	-3.921	1980.426		0
ZINC02939218_187	1G3E.pdb_1GHZ.pdb_1QB6.pdb	975	0.476	0.368	0.108	1.569	1.261	0.308	0.484	0.342	0.143	-3.95	1954.332		0
ZINC03977131_121	1G3E.pdb_1GHZ.pdb_1QB6.pdb	971	0.476	0.386	0.089	1.455	1.196	0.259	0.483	0.363	0.12	-3.33	2080.275		0
ZINC02022408_24	1G3E.pdb_1GHZ.pdb_1QB6.pdb	970	0.476	0.352	0.124	1.54	1.193	0.348	0.494	0.333	0.161	-4.461	1905.207		0
ZINC02964626_170	1G3E.pdb_1GHZ.pdb_1QB6.pdb	969	0.476	0.393	0.083	1.437	1.196	0.241	0.481	0.369	0.112	-3.1	2117.059		0
ZINC03775827_14	1G3E.pdb_1GHZ.pdb_1QB6.pdb	968	0.476	0.372	0.105	1.518	1.245	0.274	0.491	0.346	0.145	-4.033	1981.241		0
ZINC02651203_172	1G3E.pdb_1GHZ.pdb_1QB6.pdb	973	0.476	0.337	0.139	1.638	1.231	0.407	0.492	0.317	0.175	-4.842	1809.677		0
ZINC03870517_6	1G3E.pdb_1GHZ.pdb_1QB6.pdb	972	0.476	0.326	0.15	1.615	1.164	0.451	0.495	0.311	0.183	-5.055	1780.941		0
ZINC03933860_175	1G3E.pdb_1GHZ.pdb_1QB6.pdb	978	0.476	0.358	0.118	1.484	1.179	0.305	0.502	0.34	0.162	-4.499	1944.572		0
ZINC03944210_154	1G3E.pdb_1GHZ.pdb_1QB6.pdb	979	0.476	0.315	0.161	1.492	1.074	0.417	0.516	0.309	0.207	-5.753	1766.145		0
ZINC01541278_66	1G3E.pdb_1GHZ.pdb_1QB6.pdb	976	0.476	0.311	0.165	1.644	1.173	0.472	0.5	0.297	0.203	-5.609	1697.559		0
ZINC03980156_133	1G3E.pdb_1GHZ.pdb_1QB6.pdb	977	0.476	0.331	0.145	1.556	1.175	0.381	0.505	0.316	0.19	-5.261	1805.392		0
ZINC01549764_6	1G3E.pdb_1GHZ.pdb_1QB6.pdb	990	0.475	0.341	0.134	1.439	1.099	0.341	0.511	0.331	0.181	-5.018	1894.884		0
ZINC03577404_34	1G3E.pdb_1GHZ.pdb_1QB6.pdb	991	0.475	0.35	0.125	1.676	1.291	0.385	0.481	0.324	0.157	-4.322	1853.783		0
ZINC03817868_14	1G3E.pdb_1GHZ.pdb_1QB6.pdb	996	0.475	0.388	0.087	1.512	1.26	0.252	0.476	0.359	0.117	-3.237	2057.217		0
ZINC03351333_139	1G3E.pdb_1GHZ.pdb_1QB6.pdb	989	0.475	0.362	0.113	1.601	1.243	0.358	0.48	0.338	0.142	-3.912	1934.719		0
ZINC03818515_137	1G3E.pdb_1GHZ.pdb_1QB6.pdb	983	0.475	0.349	0.125	1.52	1.127	0.393	0.492	0.336	0.156	-4.292	1925.641		0
ZINC03980156_106	1G3E.pdb_1GHZ.pdb_1QB6.pdb	982	0.475	0.321	0.154	1.553	1.151	0.402	0.508	0.308	0.2	-5.547	1763.011		0
ZINC02002151_198	1G3E.pdb_1GHZ.pdb_1QB6.pdb	986	0.475	0.327	0.148	1.496	1.067	0.429	0.505	0.321	0.185	-5.102	1836.518		0
ZINC02967870_176	1G3E.pdb_1GHZ.pdb_1QB6.pdb	987	0.475	0.356	0.119	1.399	1.079	0.32	0.506	0.347	0.159	-4.41	1991.909		0
ZINC00588956_26	1G3E.pdb_1GHZ.pdb_1QB6.pdb	985	0.475	0.39	0.085	1.533	1.257	0.277	0.471	0.361	0.11	-3.027	2068.058		0
ZINC04619225_165	1G3E.pdb_1GHZ.pdb_1QB6.pdb	984	0.475	0.361	0.114	1.478	1.169	0.309	0.496	0.343	0.153	-4.259	1962.009		0
ZINC00720212_151	1G3E.pdb_1GHZ.pdb_1QB6.pdb	988	0.475	0.366	0.109	1.367	1.09	0.277	0.508	0.355	0.153	-4.25	2035.989		0
ZINC01551243_190	1G3E.pdb_1GHZ.pdb_1QB6.pdb	993	0.475	0.358	0.118	1.667	1.297	0.37	0.477	0.331	0.147	-4.053	1888.692		0
ZINC02129855_85	1G3E.pdb_1GHZ.pdb_1QB6.pdb	994	0.475	0.349	0.126	1.333	1.014	0.319	0.52	0.347	0.173	-4.807	1994.033		0
ZINC03960678_59	1G3E.pdb_1GHZ.pdb_1QB6.pdb	995	0.475	0.373	0.102	1.405	1.157	0.247	0.503	0.355	0.148	-4.119	2034.01		0
ZINC04619174_182	1G3E.pdb_1GHZ.pdb_1QB6.pdb	992	0.475	0.349	0.126	1.477	1.123	0.354	0.5	0.336	0.164	-4.552	1923.996		0
ZINC03944034_198	1G3E.pdb_1GHZ.pdb_1QB6.pdb	1005	0.474	0.392	0.082	1.534	1.266	0.267	0.468	0.362	0.106	-2.924	2073.922		0
ZINC04222439_38	1G3E.pdb_1GHZ.pdb_1QB6.pdb	1006	0.474	0.366	0.109	1.4	1.138	0.263	0.507	0.35	0.157	-4.372	2006.351		0
ZINC04147161_181	1G3E.pdb_1GHZ.pdb_1QB6.pdb	1007	0.474	0.354	0.121	1.321	1.033	0.288	0.522	0.35	0.172	-4.795	2006.779		0
ZINC03990241_119	1G3E.pdb_1GHZ.pdb_1QB6.pdb	1012	0.474	0.387	0.086	1.35	1.13	0.22	0.495	0.371	0.124	-3.454	2127.346		0
ZINC01551979_55	1G3E.pdb_1GHZ.pdb_1QB6.pdb	997	0.474	0.315	0.159	1.538	1.081	0.457	0.504	0.307	0.197	-5.433	1758.44		0
ZINC03785220_140	1G3E.pdb_1GHZ.pdb_1QB6.pdb	999	0.474	0.37	0.104	1.38	1.12	0.261	0.503	0.356	0.147	-4.095	2039.395		0
ZINC03923950_64	1G3E.pdb_1GHZ.pdb_1QB6.pdb	998	0.474	0.396	0.079	1.451	1.231	0.22	0.478	0.368	0.11	-3.043	2109.082		0
ZINC03962394_36	1G3E.pdb_1GHZ.pdb_1QB6.pdb	1002	0.474	0.361	0.113	1.546	1.226	0.32	0.487	0.339	0.148	-4.112	1936.984		0
ZINC04392565_57	1G3E.pdb_1GHZ.pdb_1QB6.pdb	1001	0.474	0.406	0.067	1.495	1.285	0.21	0.463	0.373	0.09	-2.492	2133.922		0
ZINC03923780_7	1G3E.pdb_1GHZ.pdb_1QB6.pdb	1003	0.474	0.356	0.117	1.423	1.092	0.332	0.5	0.346	0.154	-4.258	1984.096		0
ZINC03972100_88	1G3E.pdb_1GHZ.pdb_1QB6.pdb	1000	0.474	0.311	0.163	1.373	0.984	0.389	0.532	0.313	0.219	-6.111	1793.263		0
ZINC00602703_14	1G3E.pdb_1GHZ.pdb_1QB6.pdb	1004	0.474	0.39	0.084	1.475	1.23	0.245	0.477	0.364	0.114	-3.147	2081.94		0
ZINC02645276_194	1G3E.pdb_1GHZ.pdb_1QB6.pdb	1009	0.474	0.304	0.17	1.683	1.172	0.511	0.494	0.291	0.203	-5.589	1664.059		0
ZINC02117747_126	1G3E.pdb_1GHZ.pdb_1QB6.pdb	1010	0.474	0.349	0.125	1.608	1.239	0.369	0.486	0.327	0.159	-4.391	1868.368		0
ZINC03963792_82	1G3E.pdb_1GHZ.pdb_1QB6.pdb	1011	0.474	0.406	0.069	1.349	1.177	0.172	0.485	0.382	0.102	-2.86	2192.742		0
ZINC03438219_10	1G3E.pdb_1GHZ.pdb_1QB6.pdb	1008	0.474	0.347	0.127	1.656	1.26	0.396	0.481	0.324	0.157	-4.336	1849.21		0
ZINC01539714_82	1G3E.pdb_1GHZ.pdb_1QB6.pdb	1025	0.473	0.358	0.116	1.413	1.114	0.299	0.504	0.345	0.158	-4.406	1977.541		0
ZINC01909188_137	1G3E.pdb_1GHZ.pdb_1QB6.pdb	1024	0.473	0.39	0.084	1.296	1.102	0.193	0.504	0.376	0.128	-3.591	2159.277		0
ZINC03925788_52	1G3E.pdb_1GHZ.pdb_1QB6.pdb	1026	0.473	0.374	0.099	1.283	1.033	0.25	0.51	0.37	0.141	-3.922	2123.605		0
ZINC00906167_163	1G3E.pdb_1GHZ.pdb_1QB6.pdb	1027	0.473	0.385	0.089	1.327	1.085	0.242	0.496	0.373	0.123	-3.417	2143.619		0
ZINC03987625_87	1G3E.pdb_1GHZ.pdb_1QB6.pdb	1013	0.473	0.374	0.099	1.288	1.062	0.226	0.515	0.366	0.15	-4.189	2100.268		0
ZINC02965440_28	1G3E.pdb_1GHZ.pdb_1QB6.pdb	1015	0.473	0.379	0.094	1.468	1.183	0.285	0.481	0.358	0.123	-3.394	2051.883		0
ZINC01728479_35	1G3E.pdb_1GHZ.pdb_1QB6.pdb	1014	0.473	0.385	0.088	1.483	1.227	0.256	0.478	0.359	0.119	-3.288	2055.931		0
ZINC03427469_119	1G3E.pdb_1GHZ.pdb_1QB6.pdb	1018	0.473	0.323	0.15	1.633	1.141	0.492	0.489	0.311	0.178	-4.904	1776.805		0
ZINC03944062_32	1G3E.pdb_1GHZ.pdb_1QB6.pdb	1017	0.473	0.388	0.085	1.508	1.273	0.235	0.475	0.358	0.117	-3.246	2049.592		0
ZINC03823293_77	1G3E.pdb_1GHZ.pdb_1QB6.pdb	1019	0.473	0.342	0.132	1.641	1.203	0.437	0.481	0.323	0.158	-4.363	1846.673		0
ZINC03356249_80	1G3E.pdb_1GHZ.pdb_1QB6.pdb	1016	0.473	0.33	0.143	1.657	1.241	0.417	0.489	0.31	0.179	-4.951	1770.223		0
ZINC01109894_126	1G3E.pdb_1GHZ.pdb_1QB6.pdb	1023	0.473	0.387	0.086	1.516	1.253	0.263	0.472	0.359	0.113	-3.122	2056.635		0
ZINC02234225_188	1G3E.pdb_1GHZ.pdb_1QB6.pdb	1021	0.473	0.344	0.129	1.495	1.14	0.355	0.498	0.33	0.168	-4.657	1888.729		0
ZINC03829686_131	1G3E.pdb_1GHZ.pdb_1QB6.pdb	1020	0.473	0.362	0.111	1.427	1.14	0.288	0.499	0.347	0.153	-4.243	1986.586		0
ZINC02349468_0	1G3E.pdb_1GHZ.pdb_1QB6.pdb	1022	0.473	0.362	0.111	1.417	1.154	0.264	0.506	0.346	0.16	-4.474	1979.38		0
ZINC03928140_28	1G3E.pdb_1GHZ.pdb_1QB6.pdb	1035	0.472	0.358	0.114	1.575	1.252	0.324	0.484	0.334	0.15	-4.162	1909.616		0
ZINC02203296_197	1G3E.pdb_1GHZ.pdb_1QB6.pdb	1034	0.472	0.392	0.08	1.437	1.19	0.247	0.475	0.369	0.106	-2.93	2116.276		0
ZINC03868275_62	1G3E.pdb_1GHZ.pdb_1QB6.pdb	1033	0.472	0.32	0.152	1.59	1.159	0.431	0.496	0.307	0.19	-5.25	1752.407		0
ZINC00602904_128	1G3E.pdb_1GHZ.pdb_1QB6.pdb	1032	0.472	0.344	0.128	1.435	1.111	0.324	0.508	0.333	0.175	-4.86	1907.024		0
ZINC00970331_12	1G3E.pdb_1GHZ.pdb_1QB6.pdb	1036	0.472	0.314	0.158	1.443	1.043	0.4	0.517	0.31	0.207	-5.762	1773.666		0
ZINC02242879_34	1G3E.pdb_1GHZ.pdb_1QB6.pdb	1037	0.472	0.347	0.125	1.446	1.155	0.29	0.511	0.332	0.179	-5.01	1898.93		0
ZINC01534350_7	1G3E.pdb_1GHZ.pdb_1QB6.pdb	1038	0.472	0.345	0.127	1.443	1.091	0.352	0.502	0.335	0.167	-4.616	1920.584		0
ZINC02623435_73	1G3E.pdb_1GHZ.pdb_1QB6.pdb	1039	0.472	0.353	0.118	1.492	1.174	0.318	0.494	0.336	0.158	-4.392	1921.977		0
ZINC03525889_106	1G3E.pdb_1GHZ.pdb_1QB6.pdb	1031	0.472	0.363	0.109	1.521	1.194	0.327	0.484	0.343	0.141	-3.897	1963.077		0
ZINC02134297_84	1G3E.pdb_1GHZ.pdb_1QB6.pdb	1030	0.472	0.344	0.127	1.313	1.0	0.313	0.52	0.344	0.176	-4.915	1973.982		0
ZINC02285344_9	1G3E.pdb_1GHZ.pdb_1QB6.pdb	1028	0.472	0.377	0.095	1.411	1.153	0.259	0.49	0.359	0.131	-3.639	2058.818		0
ZINC02618782_39	1G3E.pdb_1GHZ.pdb_1QB6.pdb	1029	0.472	0.341	0.131	1.514	1.128	0.386	0.494	0.328	0.166	-4.582	1879.722		0
ZINC02132535_179	1G3E.pdb_1GHZ.pdb_1QB6.pdb	1050	0.471	0.315	0.156	1.601	1.157	0.444	0.496	0.302	0.195	-5.382	1724.492		0
ZINC02829269_128	1G3E.pdb_1GHZ.pdb_1QB6.pdb	1051	0.471	0.347	0.125	1.577	1.208	0.369	0.486	0.327	0.159	-4.391	1870.257		0
ZINC03817609_98	1G3E.pdb_1GHZ.pdb_1QB6.pdb	1048	0.471	0.366	0.104	1.416	1.102	0.314	0.489	0.354	0.135	-3.734	2031.242		0
ZINC02689021_141	1G3E.pdb_1GHZ.pdb_1QB6.pdb	1047	0.471	0.364	0.108	1.483	1.175	0.307	0.487	0.345	0.143	-3.95	1974.214		0
ZINC03841657_128	1G3E.pdb_1GHZ.pdb_1QB6.pdb	1046	0.471	0.37	0.101	1.446	1.191	0.254	0.493	0.349	0.143	-3.996	1998.959		0
ZINC03814030_153	1G3E.pdb_1GHZ.pdb_1QB6.pdb	1049	0.471	0.355	0.115	1.52	1.194	0.326	0.487	0.336	0.151	-4.185	1922.436		0
ZINC03890266_155	1G3E.pdb_1GHZ.pdb_1QB6.pdb	1045	0.471	0.371	0.1	1.477	1.215	0.262	0.487	0.348	0.139	-3.862	1991.231		0
ZINC03416471_112	1G3E.pdb_1GHZ.pdb_1QB6.pdb	1044	0.471	0.336	0.135	1.587	1.21	0.376	0.492	0.318	0.175	-4.834	1815.234		0
ZINC01909882_197	1G3E.pdb_1GHZ.pdb_1QB6.pdb	1043	0.471	0.349	0.121	1.546	1.224	0.322	0.492	0.328	0.163	-4.532	1878.061		0
ZINC03858809_118	1G3E.pdb_1GHZ.pdb_1QB6.pdb	1042	0.471	0.366	0.105	1.504	1.168	0.336	0.481	0.348	0.133	-3.674	1990.729		0
ZINC03804651_49	1G3E.pdb_1GHZ.pdb_1QB6.pdb	1041	0.471	0.386	0.085	1.402	1.154	0.248	0.482	0.367	0.115	-3.185	2104.666		0
ZINC03304882_128	1G3E.pdb_1GHZ.pdb_1QB6.pdb	1040	0.471	0.369	0.102	1.515	1.228	0.288	0.481	0.345	0.136	-3.772	1975.585		0
ZINC03987062_27	1G3E.pdb_1GHZ.pdb_1QB6.pdb	1069	0.47	0.37	0.1	1.295	1.063	0.232	0.511	0.362	0.149	-4.166	2077.618		0
ZINC03917353_182	1G3E.pdb_1GHZ.pdb_1QB6.pdb	1070	0.47	0.34	0.13	1.482	1.119	0.363	0.497	0.328	0.168	-4.663	1879.018		0
ZINC04252070_91	1G3E.pdb_1GHZ.pdb_1QB6.pdb	1071	0.47	0.343	0.127	1.66	1.235	0.424	0.476	0.322	0.154	-4.231	1840.67		0
ZINC03992805_30	1G3E.pdb_1GHZ.pdb_1QB6.pdb	1068	0.47	0.348	0.122	1.482	1.138	0.343	0.493	0.334	0.159	-4.41	1911.438		0
ZINC03510040_149	1G3E.pdb_1GHZ.pdb_1QB6.pdb	1056	0.47	0.348	0.123	1.585	1.222	0.363	0.483	0.327	0.156	-4.32	1870.484		0
ZINC02693577_66	1G3E.pdb_1GHZ.pdb_1QB6.pdb	1057	0.47	0.358	0.112	1.482	1.165	0.317	0.488	0.341	0.147	-4.082	1950.995		0
ZINC00973902_178	1G3E.pdb_1GHZ.pdb_1QB6.pdb	1058	0.47	0.359	0.111	1.466	1.185	0.281	0.495	0.34	0.155	-4.308	1947.418		0
ZINC03969854_149	1G3E.pdb_1GHZ.pdb_1QB6.pdb	1059	0.47	0.396	0.074	1.552	1.324	0.228	0.459	0.361	0.098	-2.71	2065.753		0
ZINC04529429_158	1G3E.pdb_1GHZ.pdb_1QB6.pdb	1065	0.47	0.376	0.094	1.566	1.28	0.286	0.471	0.348	0.123	-3.397	1988.43		0
ZINC02003637_36	1G3E.pdb_1GHZ.pdb_1QB6.pdb	1066	0.47	0.373	0.098	1.535	1.254	0.281	0.477	0.346	0.131	-3.615	1981.67		0
ZINC04354189_135	1G3E.pdb_1GHZ.pdb_1QB6.pdb	1067	0.47	0.371	0.099	1.475	1.204	0.272	0.484	0.349	0.135	-3.742	1998.592		0
ZINC03834157_25	1G3E.pdb_1GHZ.pdb_1QB6.pdb	1060	0.47	0.299	0.171	1.293	0.887	0.406	0.54	0.311	0.229	-6.373	1784.717		1
ZINC04237007_122	1G3E.pdb_1GHZ.pdb_1QB6.pdb	1061	0.47	0.362	0.108	1.397	1.126	0.27	0.5	0.348	0.152	-4.244	1991.919		0
ZINC02650458_163	1G3E.pdb_1GHZ.pdb_1QB6.pdb	1062	0.47	0.344	0.127	1.404	1.079	0.325	0.507	0.335	0.172	-4.781	1921.021		0
ZINC03821396_161	1G3E.pdb_1GHZ.pdb_1QB6.pdb	1063	0.47	0.397	0.073	1.468	1.241	0.227	0.466	0.368	0.097	-2.696	2109.832		0
ZINC03928143_109	1G3E.pdb_1GHZ.pdb_1QB6.pdb	1064	0.47	0.359	0.111	1.502	1.201	0.301	0.488	0.338	0.15	-4.162	1935.926		0
ZINC03311920_199	1G3E.pdb_1GHZ.pdb_1QB6.pdb	1055	0.47	0.338	0.132	1.628	1.189	0.439	0.48	0.321	0.159	-4.382	1833.409		0
ZINC04222810_12	1G3E.pdb_1GHZ.pdb_1QB6.pdb	1054	0.47	0.31	0.16	1.491	1.058	0.432	0.507	0.305	0.202	-5.606	1743.719		0
ZINC02379382_182	1G3E.pdb_1GHZ.pdb_1QB6.pdb	1053	0.47	0.371	0.098	1.51	1.232	0.279	0.479	0.347	0.132	-3.653	1986.116		0
ZINC04101600_126	1G3E.pdb_1GHZ.pdb_1QB6.pdb	1052	0.47	0.304	0.166	1.477	1.067	0.41	0.516	0.298	0.217	-6.045	1707.673		0
ZINC03980048_55	1G3E.pdb_1GHZ.pdb_1QB6.pdb	1083	0.469	0.361	0.108	1.45	1.169	0.281	0.492	0.343	0.149	-4.148	1965.648		0
ZINC01033522_190	1G3E.pdb_1GHZ.pdb_1QB6.pdb	1082	0.469	0.353	0.116	1.419	1.107	0.312	0.497	0.342	0.155	-4.307	1957.354		0
ZINC01534345_118	1G3E.pdb_1GHZ.pdb_1QB6.pdb	1081	0.469	0.358	0.111	1.439	1.129	0.31	0.491	0.344	0.147	-4.065	1971.767		0
ZINC04522026_76	1G3E.pdb_1GHZ.pdb_1QB6.pdb	1080	0.469	0.346	0.123	1.473	1.161	0.312	0.498	0.33	0.169	-4.691	1887.517		0
ZINC02204440_147	1G3E.pdb_1GHZ.pdb_1QB6.pdb	1079	0.469	0.38	0.089	1.436	1.165	0.272	0.477	0.36	0.117	-3.231	2064.96		0
ZINC01782993_176	1G3E.pdb_1GHZ.pdb_1QB6.pdb	1078	0.469	0.341	0.128	1.371	1.029	0.342	0.507	0.337	0.17	-4.713	1934.856		0
ZINC04619258_37	1G3E.pdb_1GHZ.pdb_1QB6.pdb	1084	0.469	0.372	0.097	1.385	1.119	0.267	0.49	0.358	0.132	-3.676	2052.097		0
ZINC02618849_44	1G3E.pdb_1GHZ.pdb_1QB6.pdb	1085	0.469	0.373	0.096	1.47	1.21	0.26	0.482	0.35	0.132	-3.655	2006.259		0
ZINC03348385_93	1G3E.pdb_1GHZ.pdb_1QB6.pdb	1087	0.469	0.34	0.129	1.424	1.079	0.345	0.503	0.331	0.171	-4.758	1898.578		0
ZINC03974842_157	1G3E.pdb_1GHZ.pdb_1QB6.pdb	1086	0.469	0.337	0.132	1.388	1.021	0.367	0.505	0.335	0.17	-4.715	1920.51		0
ZINC03584153_31	1G3E.pdb_1GHZ.pdb_1QB6.pdb	1076	0.469	0.371	0.098	1.694	1.38	0.314	0.461	0.337	0.124	-3.431	1923.69		0
ZINC01547519_5	1G3E.pdb_1GHZ.pdb_1QB6.pdb	1077	0.469	0.372	0.097	1.525	1.271	0.254	0.48	0.345	0.135	-3.751	1971.538		0
ZINC04388837_31	1G3E.pdb_1GHZ.pdb_1QB6.pdb	1075	0.469	0.349	0.12	1.473	1.15	0.322	0.494	0.334	0.16	-4.442	1910.202		0
ZINC04176343_134	1G3E.pdb_1GHZ.pdb_1QB6.pdb	1074	0.469	0.378	0.091	1.522	1.228	0.295	0.47	0.353	0.117	-3.22	2020.897		0
ZINC03840123_59	1G3E.pdb_1GHZ.pdb_1QB6.pdb	1088	0.469	0.354	0.115	1.428	1.142	0.286	0.5	0.339	0.161	-4.484	1940.331		0
ZINC03950795_152	1G3E.pdb_1GHZ.pdb_1QB6.pdb	1090	0.469	0.309	0.159	1.451	1.055	0.397	0.515	0.305	0.21	-5.848	1743.063		0
ZINC02560933_105	1G3E.pdb_1GHZ.pdb_1QB6.pdb	1073	0.469	0.338	0.131	1.64	1.274	0.366	0.485	0.315	0.17	-4.706	1800.334		0
ZINC03790144_55	1G3E.pdb_1GHZ.pdb_1QB6.pdb	1072	0.469	0.379	0.09	1.394	1.166	0.229	0.488	0.36	0.129	-3.584	2060.053		0
ZINC02967870_191	1G3E.pdb_1GHZ.pdb_1QB6.pdb	1089	0.469	0.37	0.098	1.38	1.11	0.269	0.491	0.357	0.134	-3.721	2048.028		0
ZINC03868275_185	1G3E.pdb_1GHZ.pdb_1QB6.pdb	1098	0.468	0.272	0.197	1.559	1.022	0.537	0.507	0.27	0.237	-6.545	1544.276		0
ZINC03832224_153	1G3E.pdb_1GHZ.pdb_1QB6.pdb	1101	0.468	0.358	0.11	1.496	1.184	0.313	0.484	0.34	0.145	-4.011	1943.687		0
ZINC03522036_115	1G3E.pdb_1GHZ.pdb_1QB6.pdb	1099	0.468	0.344	0.124	1.566	1.178	0.387	0.481	0.327	0.154	-4.239	1871.74		0
ZINC04222272_172	1G3E.pdb_1GHZ.pdb_1QB6.pdb	1095	0.468	0.349	0.119	1.372	1.078	0.294	0.506	0.34	0.166	-4.62	1951.879		0
ZINC01778859_23	1G3E.pdb_1GHZ.pdb_1QB6.pdb	1094	0.468	0.352	0.116	1.569	1.229	0.339	0.48	0.33	0.149	-4.135	1889.433		0
ZINC00599303_16	1G3E.pdb_1GHZ.pdb_1QB6.pdb	1100	0.468	0.371	0.098	1.554	1.273	0.281	0.474	0.343	0.13	-3.614	1962.698		0
ZINC03244776_99	1G3E.pdb_1GHZ.pdb_1QB6.pdb	1097	0.468	0.335	0.133	1.609	1.176	0.434	0.48	0.319	0.161	-4.449	1823.783		0
ZINC03522035_71	1G3E.pdb_1GHZ.pdb_1QB6.pdb	1110	0.468	0.394	0.075	1.544	1.299	0.244	0.458	0.361	0.097	-2.673	2064.118		0
ZINC01494539_38	1G3E.pdb_1GHZ.pdb_1QB6.pdb	1096	0.468	0.357	0.111	1.471	1.156	0.315	0.487	0.341	0.146	-4.049	1950.168		0
ZINC04001668_139	1G3E.pdb_1GHZ.pdb_1QB6.pdb	1102	0.468	0.359	0.109	1.394	1.111	0.283	0.497	0.347	0.15	-4.171	1987.356		0
ZINC03980272_121	1G3E.pdb_1GHZ.pdb_1QB6.pdb	1103	0.468	0.325	0.143	1.42	1.061	0.359	0.511	0.319	0.191	-5.323	1829.967		0
ZINC00787129_157	1G3E.pdb_1GHZ.pdb_1QB6.pdb	1093	0.468	0.346	0.122	1.453	1.116	0.337	0.494	0.334	0.16	-4.429	1912.879		0
ZINC02975662_182	1G3E.pdb_1GHZ.pdb_1QB6.pdb	1111	0.468	0.399	0.069	1.266	1.094	0.172	0.489	0.386	0.103	-2.866	2215.942		0
ZINC00787131_197	1G3E.pdb_1GHZ.pdb_1QB6.pdb	1112	0.468	0.346	0.122	1.435	1.098	0.337	0.495	0.336	0.16	-4.429	1923.069		0
ZINC03954689_21	1G3E.pdb_1GHZ.pdb_1QB6.pdb	1092	0.468	0.325	0.143	1.416	1.04	0.376	0.508	0.321	0.187	-5.189	1841.376		0
ZINC03563354_25	1G3E.pdb_1GHZ.pdb_1QB6.pdb	1091	0.468	0.346	0.122	1.704	1.296	0.408	0.469	0.321	0.148	-4.073	1831.808		0
ZINC03633118_93	1G3E.pdb_1GHZ.pdb_1QB6.pdb	1109	0.468	0.386	0.082	1.384	1.196	0.188	0.49	0.363	0.127	-3.554	2077.613		0
ZINC00576566_26	1G3E.pdb_1GHZ.pdb_1QB6.pdb	1107	0.468	0.342	0.126	1.384	1.06	0.324	0.507	0.335	0.172	-4.773	1921.071		0
ZINC03930259_74	1G3E.pdb_1GHZ.pdb_1QB6.pdb	1106	0.468	0.327	0.14	1.446	1.091	0.355	0.507	0.319	0.189	-5.242	1823.725		0
ZINC02129327_141	1G3E.pdb_1GHZ.pdb_1QB6.pdb	1108	0.468	0.34	0.128	1.369	1.042	0.327	0.509	0.335	0.174	-4.845	1922.405		0
ZINC01076216_117	1G3E.pdb_1GHZ.pdb_1QB6.pdb	1104	0.468	0.297	0.171	1.526	1.049	0.477	0.503	0.293	0.21	-5.804	1676.074		0
ZINC00837459_173	1G3E.pdb_1GHZ.pdb_1QB6.pdb	1105	0.468	0.347	0.121	1.538	1.196	0.341	0.486	0.328	0.158	-4.391	1875.612		0
ZINC00783922_51	1G3E.pdb_1GHZ.pdb_1QB6.pdb	1116	0.467	0.33	0.136	1.667	1.215	0.451	0.475	0.312	0.163	-4.503	1782.762		0
ZINC02124510_6	1G3E.pdb_1GHZ.pdb_1QB6.pdb	1113	0.467	0.35	0.117	1.506	1.158	0.348	0.484	0.334	0.149	-4.13	1914.446		0
ZINC00764212_80	1G3E.pdb_1GHZ.pdb_1QB6.pdb	1117	0.467	0.348	0.12	1.467	1.13	0.337	0.491	0.334	0.156	-4.329	1914.613		0
ZINC03841649_172	1G3E.pdb_1GHZ.pdb_1QB6.pdb	1115	0.467	0.318	0.149	1.439	1.066	0.373	0.51	0.312	0.198	-5.503	1788.13		0
ZINC02318268_158	1G3E.pdb_1GHZ.pdb_1QB6.pdb	1114	0.467	0.346	0.121	1.531	1.191	0.34	0.486	0.328	0.158	-4.366	1876.734		0
ZINC02959464_140	1G3E.pdb_1GHZ.pdb_1QB6.pdb	1118	0.467	0.361	0.106	1.691	1.373	0.318	0.466	0.329	0.138	-3.804	1876.974		0
ZINC03857535_120	1G3E.pdb_1GHZ.pdb_1QB6.pdb	1120	0.467	0.347	0.12	1.452	1.096	0.357	0.49	0.337	0.153	-4.238	1930.708		0
ZINC03341362_106	1G3E.pdb_1GHZ.pdb_1QB6.pdb	1119	0.467	0.378	0.088	1.526	1.26	0.266	0.468	0.351	0.117	-3.233	2008.341		0
ZINC04001668_89	1G3E.pdb_1GHZ.pdb_1QB6.pdb	1127	0.466	0.346	0.12	1.406	1.084	0.322	0.497	0.337	0.16	-4.438	1932.474		0
ZINC04375035_22	1G3E.pdb_1GHZ.pdb_1QB6.pdb	1130	0.466	0.371	0.095	1.439	1.178	0.261	0.481	0.352	0.13	-3.599	2013.338		0
ZINC04388344_73	1G3E.pdb_1GHZ.pdb_1QB6.pdb	1131	0.466	0.333	0.133	1.427	1.074	0.353	0.501	0.326	0.175	-4.869	1865.388		0
ZINC02195813_63	1G3E.pdb_1GHZ.pdb_1QB6.pdb	1132	0.466	0.348	0.118	1.379	1.064	0.314	0.5	0.341	0.16	-4.429	1953.262		0
ZINC02561004_82	1G3E.pdb_1GHZ.pdb_1QB6.pdb	1133	0.466	0.308	0.158	1.646	1.216	0.431	0.492	0.292	0.2	-5.533	1669.838		0
ZINC04469620_23	1G3E.pdb_1GHZ.pdb_1QB6.pdb	1126	0.466	0.349	0.117	1.412	1.082	0.33	0.493	0.34	0.153	-4.238	1949.615		0
ZINC03968719_36	1G3E.pdb_1GHZ.pdb_1QB6.pdb	1134	0.466	0.365	0.102	1.623	1.298	0.325	0.465	0.336	0.129	-3.554	1922.515		0
ZINC00787133_121	1G3E.pdb_1GHZ.pdb_1QB6.pdb	1128	0.466	0.348	0.118	1.399	1.084	0.314	0.498	0.339	0.16	-4.429	1942.072		0
ZINC03857957_23	1G3E.pdb_1GHZ.pdb_1QB6.pdb	1129	0.466	0.349	0.117	1.412	1.082	0.33	0.493	0.34	0.153	-4.238	1949.615		0
ZINC02693579_87	1G3E.pdb_1GHZ.pdb_1QB6.pdb	1123	0.466	0.355	0.111	1.471	1.157	0.314	0.485	0.339	0.146	-4.058	1938.527		0
ZINC04092008_183	1G3E.pdb_1GHZ.pdb_1QB6.pdb	1125	0.466	0.363	0.103	1.415	1.12	0.295	0.486	0.35	0.137	-3.783	2003.72		0
ZINC02488182_177	1G3E.pdb_1GHZ.pdb_1QB6.pdb	1122	0.466	0.288	0.179	1.431	0.975	0.457	0.517	0.29	0.227	-6.293	1659.227		0
ZINC03577116_45	1G3E.pdb_1GHZ.pdb_1QB6.pdb	1121	0.466	0.37	0.096	1.593	1.29	0.304	0.464	0.341	0.123	-3.405	1950.568		0
ZINC02199684_47	1G3E.pdb_1GHZ.pdb_1QB6.pdb	1124	0.466	0.388	0.079	1.406	1.163	0.242	0.472	0.368	0.104	-2.88	2107.363		0
ZINC03355027_50	1G3E.pdb_1GHZ.pdb_1QB6.pdb	1144	0.465	0.367	0.098	1.522	1.226	0.296	0.471	0.344	0.127	-3.519	1966.409		0
ZINC01554097_101	1G3E.pdb_1GHZ.pdb_1QB6.pdb	1146	0.465	0.346	0.119	1.498	1.177	0.321	0.488	0.329	0.16	-4.426	1880.823		0
ZINC03594497_116	1G3E.pdb_1GHZ.pdb_1QB6.pdb	1136	0.465	0.373	0.092	1.429	1.149	0.279	0.476	0.356	0.12	-3.316	2039.234		0
ZINC03890485_120	1G3E.pdb_1GHZ.pdb_1QB6.pdb	1137	0.465	0.378	0.087	1.388	1.183	0.205	0.488	0.357	0.131	-3.672	2044.955		0
ZINC01549329_88	1G3E.pdb_1GHZ.pdb_1QB6.pdb	1135	0.465	0.378	0.087	1.344	1.116	0.228	0.487	0.364	0.123	-3.423	2086.44		0
ZINC04465016_120	1G3E.pdb_1GHZ.pdb_1QB6.pdb	1142	0.465	0.378	0.087	1.388	1.183	0.205	0.488	0.357	0.131	-3.672	2044.955		0
ZINC03976862_129	1G3E.pdb_1GHZ.pdb_1QB6.pdb	1143	0.465	0.307	0.158	1.411	1.054	0.357	0.523	0.303	0.221	-6.168	1732.415		0
ZINC03975545_47	1G3E.pdb_1GHZ.pdb_1QB6.pdb	1145	0.465	0.344	0.121	1.47	1.181	0.289	0.499	0.327	0.172	-4.8	1868.246		0
ZINC03972587_13	1G3E.pdb_1GHZ.pdb_1QB6.pdb	1141	0.465	0.39	0.074	1.253	1.061	0.192	0.49	0.382	0.109	-3.022	2193.547		0
ZINC03818900_97	1G3E.pdb_1GHZ.pdb_1QB6.pdb	1139	0.465	0.389	0.076	1.497	1.285	0.212	0.463	0.358	0.105	-2.922	2048.052		0
ZINC03944065_34	1G3E.pdb_1GHZ.pdb_1QB6.pdb	1138	0.465	0.385	0.081	1.446	1.239	0.207	0.475	0.358	0.117	-3.246	2049.9		0
ZINC02372645_13	1G3E.pdb_1GHZ.pdb_1QB6.pdb	1140	0.465	0.351	0.114	1.348	1.068	0.279	0.504	0.343	0.161	-4.476	1969.695		0
ZINC01909876_11	1G3E.pdb_1GHZ.pdb_1QB6.pdb	1151	0.464	0.36	0.104	1.533	1.253	0.281	0.478	0.336	0.142	-3.956	1918.859		0
ZINC01910168_36	1G3E.pdb_1GHZ.pdb_1QB6.pdb	1148	0.464	0.382	0.083	1.429	1.209	0.22	0.475	0.358	0.117	-3.246	2050.085		0
ZINC03426730_110	1G3E.pdb_1GHZ.pdb_1QB6.pdb	1149	0.464	0.363	0.101	1.57	1.266	0.304	0.468	0.337	0.131	-3.617	1929.3		0
ZINC03841635_150	1G3E.pdb_1GHZ.pdb_1QB6.pdb	1172	0.464	0.35	0.114	1.44	1.144	0.296	0.492	0.335	0.157	-4.366	1917.82		0
ZINC03327169_53	1G3E.pdb_1GHZ.pdb_1QB6.pdb	1173	0.464	0.356	0.107	1.422	1.143	0.279	0.489	0.341	0.148	-4.119	1954.637		0
ZINC03801144_199	1G3E.pdb_1GHZ.pdb_1QB6.pdb	1171	0.464	0.338	0.125	1.537	1.145	0.392	0.48	0.325	0.155	-4.286	1857.206		0
ZINC04620315_3	1G3E.pdb_1GHZ.pdb_1QB6.pdb	1170	0.464	0.37	0.094	1.372	1.126	0.246	0.488	0.355	0.133	-3.697	2034.832		0
ZINC03429435_190	1G3E.pdb_1GHZ.pdb_1QB6.pdb	1147	0.464	0.296	0.168	1.572	1.093	0.479	0.494	0.288	0.206	-5.692	1648.305		0
ZINC03346129_184	1G3E.pdb_1GHZ.pdb_1QB6.pdb	1150	0.464	0.362	0.102	1.566	1.262	0.303	0.47	0.337	0.133	-3.689	1926.07		0
ZINC03522031_173	1G3E.pdb_1GHZ.pdb_1QB6.pdb	1158	0.464	0.376	0.088	1.549	1.279	0.27	0.463	0.347	0.116	-3.211	1985.661		0
ZINC02656851_93	1G3E.pdb_1GHZ.pdb_1QB6.pdb	1159	0.464	0.303	0.161	1.567	1.106	0.461	0.493	0.295	0.198	-5.478	1684.325		0
ZINC03367645_41	1G3E.pdb_1GHZ.pdb_1QB6.pdb	1165	0.464	0.315	0.149	1.552	1.104	0.448	0.488	0.306	0.182	-5.022	1750.596		0
ZINC01886806_132	1G3E.pdb_1GHZ.pdb_1QB6.pdb	1164	0.464	0.36	0.105	1.454	1.172	0.282	0.484	0.342	0.143	-3.964	1956.384		0
ZINC03997172_70	1G3E.pdb_1GHZ.pdb_1QB6.pdb	1163	0.464	0.332	0.131	1.427	1.077	0.35	0.499	0.325	0.174	-4.827	1859.783		0
ZINC03841655_133	1G3E.pdb_1GHZ.pdb_1QB6.pdb	1162	0.464	0.328	0.137	1.43	1.083	0.347	0.504	0.32	0.184	-5.118	1829.829		0
ZINC02250704_143	1G3E.pdb_1GHZ.pdb_1QB6.pdb	1161	0.464	0.329	0.134	1.521	1.147	0.374	0.489	0.316	0.173	-4.802	1808.186		0
ZINC03918633_153	1G3E.pdb_1GHZ.pdb_1QB6.pdb	1160	0.464	0.327	0.137	1.432	1.119	0.312	0.512	0.316	0.197	-5.493	1806.163		0
ZINC03812104_142	1G3E.pdb_1GHZ.pdb_1QB6.pdb	1168	0.464	0.355	0.109	1.436	1.152	0.284	0.49	0.339	0.15	-4.178	1943.004		0
ZINC01539778_165	1G3E.pdb_1GHZ.pdb_1QB6.pdb	1169	0.464	0.355	0.109	1.387	1.077	0.31	0.49	0.347	0.144	-3.986	1987.046		0
ZINC03309011_124	1G3E.pdb_1GHZ.pdb_1QB6.pdb	1154	0.464	0.357	0.107	1.564	1.273	0.291	0.477	0.332	0.145	-4.017	1897.052		0
ZINC03923948_15	1G3E.pdb_1GHZ.pdb_1QB6.pdb	1155	0.464	0.335	0.129	1.522	1.161	0.361	0.488	0.32	0.168	-4.652	1830.538		0
ZINC02658228_86	1G3E.pdb_1GHZ.pdb_1QB6.pdb	1157	0.464	0.34	0.124	1.42	1.087	0.333	0.497	0.331	0.165	-4.592	1897.029		0
ZINC04633452_159	1G3E.pdb_1GHZ.pdb_1QB6.pdb	1156	0.464	0.38	0.083	1.474	1.218	0.256	0.466	0.356	0.11	-3.039	2038.409		0
ZINC03820342_19	1G3E.pdb_1GHZ.pdb_1QB6.pdb	1152	0.464	0.391	0.073	1.56	1.286	0.275	0.45	0.36	0.09	-2.481	2058.113		0
ZINC03923324_179	1G3E.pdb_1GHZ.pdb_1QB6.pdb	1153	0.464	0.327	0.137	1.547	1.166	0.381	0.489	0.312	0.177	-4.9	1785.974		0
ZINC00761819_94	1G3E.pdb_1GHZ.pdb_1QB6.pdb	1166	0.464	0.365	0.099	1.519	1.202	0.317	0.469	0.344	0.126	-3.467	1967.555		0
ZINC03480981_147	1G3E.pdb_1GHZ.pdb_1QB6.pdb	1167	0.464	0.373	0.092	1.412	1.147	0.265	0.479	0.356	0.123	-3.404	2038.078		0
ZINC03933859_149	1G3E.pdb_1GHZ.pdb_1QB6.pdb	1181	0.463	0.367	0.096	1.432	1.18	0.252	0.481	0.348	0.134	-3.715	1990.858		0
ZINC03977164_66	1G3E.pdb_1GHZ.pdb_1QB6.pdb	1180	0.463	0.322	0.14	1.303	0.978	0.325	0.522	0.325	0.198	-5.519	1863.571		0
ZINC03890173_151	1G3E.pdb_1GHZ.pdb_1QB6.pdb	1179	0.463	0.351	0.112	1.482	1.192	0.29	0.486	0.332	0.154	-4.282	1900.074		0
ZINC03923324_139	1G3E.pdb_1GHZ.pdb_1QB6.pdb	1178	0.463	0.33	0.134	1.545	1.173	0.372	0.487	0.315	0.173	-4.781	1798.398		0
ZINC03446996_192	1G3E.pdb_1GHZ.pdb_1QB6.pdb	1177	0.463	0.341	0.123	1.672	1.261	0.41	0.467	0.318	0.149	-4.096	1818.792		0
ZINC02491745_12	1G3E.pdb_1GHZ.pdb_1QB6.pdb	1184	0.463	0.316	0.148	1.401	1.013	0.387	0.507	0.314	0.192	-5.339	1800.623		0
ZINC03823295_71	1G3E.pdb_1GHZ.pdb_1QB6.pdb	1174	0.463	0.334	0.129	1.596	1.166	0.429	0.475	0.319	0.155	-4.283	1825.698		0
ZINC00904732_106	1G3E.pdb_1GHZ.pdb_1QB6.pdb	1175	0.463	0.376	0.087	1.527	1.249	0.277	0.463	0.35	0.113	-3.111	2002.742		0
ZINC03814028_192	1G3E.pdb_1GHZ.pdb_1QB6.pdb	1182	0.463	0.339	0.124	1.478	1.131	0.347	0.487	0.326	0.161	-4.457	1867.529		0
ZINC03529582_114	1G3E.pdb_1GHZ.pdb_1QB6.pdb	1176	0.463	0.339	0.124	1.706	1.293	0.413	0.465	0.315	0.15	-4.126	1798.499		0
ZINC02967871_199	1G3E.pdb_1GHZ.pdb_1QB6.pdb	1183	0.463	0.36	0.103	1.37	1.089	0.281	0.489	0.35	0.14	-3.875	2005.661		0
ZINC02065595_125	1G3E.pdb_1GHZ.pdb_1QB6.pdb	1195	0.462	0.349	0.113	1.676	1.318	0.358	0.464	0.322	0.142	-3.915	1838.298		0
ZINC03831757_129	1G3E.pdb_1GHZ.pdb_1QB6.pdb	1189	0.462	0.349	0.113	1.624	1.241	0.383	0.466	0.327	0.139	-3.823	1867.707		0
ZINC04634152_145	1G3E.pdb_1GHZ.pdb_1QB6.pdb	1194	0.462	0.355	0.107	1.659	1.337	0.321	0.464	0.326	0.138	-3.817	1859.654		0
ZINC03933416_165	1G3E.pdb_1GHZ.pdb_1QB6.pdb	1193	0.462	0.313	0.149	1.475	1.083	0.392	0.5	0.305	0.195	-5.398	1747.36		0
ZINC04424329_105	1G3E.pdb_1GHZ.pdb_1QB6.pdb	1186	0.462	0.313	0.149	1.54	1.13	0.41	0.491	0.302	0.19	-5.253	1725.276		0
ZINC03637109_189	1G3E.pdb_1GHZ.pdb_1QB6.pdb	1191	0.462	0.345	0.118	1.446	1.114	0.332	0.487	0.333	0.154	-4.27	1906.364		0
ZINC02422125_57	1G3E.pdb_1GHZ.pdb_1QB6.pdb	1190	0.462	0.296	0.166	1.547	1.081	0.466	0.494	0.289	0.205	-5.67	1653.542		0
ZINC02929148_14	1G3E.pdb_1GHZ.pdb_1QB6.pdb	1196	0.462	0.367	0.095	1.374	1.112	0.262	0.484	0.354	0.13	-3.613	2027.274		0
ZINC03818495_7	1G3E.pdb_1GHZ.pdb_1QB6.pdb	1192	0.462	0.382	0.079	1.452	1.207	0.245	0.464	0.359	0.105	-2.911	2054.827		0
ZINC04257394_131	1G3E.pdb_1GHZ.pdb_1QB6.pdb	1197	0.462	0.388	0.074	1.583	1.355	0.228	0.45	0.352	0.098	-2.717	2011.828		0
ZINC03841643_51	1G3E.pdb_1GHZ.pdb_1QB6.pdb	1187	0.462	0.345	0.117	1.404	1.115	0.29	0.497	0.333	0.163	-4.552	1908.856		0
ZINC03977167_86	1G3E.pdb_1GHZ.pdb_1QB6.pdb	1188	0.462	0.341	0.122	1.403	1.119	0.284	0.504	0.329	0.176	-4.908	1882.603		0
ZINC02160757_165	1G3E.pdb_1GHZ.pdb_1QB6.pdb	1185	0.462	0.338	0.124	1.395	1.051	0.343	0.495	0.333	0.163	-4.514	1906.34		0
ZINC03841659_72	1G3E.pdb_1GHZ.pdb_1QB6.pdb	1198	0.461	0.346	0.114	1.408	1.112	0.296	0.492	0.335	0.157	-4.371	1916.413		0
ZINC03891140_26	1G3E.pdb_1GHZ.pdb_1QB6.pdb	1199	0.461	0.319	0.142	1.374	1.057	0.317	0.517	0.314	0.203	-5.689	1797.74		0
ZINC03307407_21	1G3E.pdb_1GHZ.pdb_1QB6.pdb	1208	0.461	0.339	0.122	1.438	1.11	0.328	0.491	0.328	0.163	-4.532	1875.936		0
ZINC00576565_25	1G3E.pdb_1GHZ.pdb_1QB6.pdb	1209	0.461	0.332	0.13	1.425	1.079	0.346	0.496	0.324	0.172	-4.763	1855.854		0
ZINC03428233_106	1G3E.pdb_1GHZ.pdb_1QB6.pdb	1211	0.461	0.36	0.101	1.563	1.224	0.339	0.464	0.338	0.126	-3.475	1933.408		0
ZINC03992723_33	1G3E.pdb_1GHZ.pdb_1QB6.pdb	1210	0.461	0.33	0.131	1.437	1.088	0.35	0.495	0.321	0.174	-4.823	1838.144		0
ZINC03991702_26	1G3E.pdb_1GHZ.pdb_1QB6.pdb	1213	0.461	0.322	0.139	1.565	1.16	0.405	0.483	0.308	0.174	-4.823	1763.379		0
ZINC03990241_114	1G3E.pdb_1GHZ.pdb_1QB6.pdb	1212	0.461	0.361	0.1	1.338	1.075	0.263	0.492	0.352	0.139	-3.878	2020.614		0
ZINC04388330_29	1G3E.pdb_1GHZ.pdb_1QB6.pdb	1207	0.461	0.315	0.146	1.393	1.04	0.353	0.51	0.311	0.199	-5.535	1781.851		0
ZINC02686580_78	1G3E.pdb_1GHZ.pdb_1QB6.pdb	1206	0.461	0.313	0.148	1.406	1.0	0.406	0.501	0.313	0.188	-5.211	1793.152		0
ZINC03892228_161	1G3E.pdb_1GHZ.pdb_1QB6.pdb	1200	0.461	0.306	0.155	1.445	1.04	0.405	0.503	0.302	0.201	-5.587	1729.224		0
ZINC03918550_112	1G3E.pdb_1GHZ.pdb_1QB6.pdb	1201	0.461	0.317	0.144	1.47	1.074	0.397	0.494	0.311	0.184	-5.093	1778.129		0
ZINC03361773_144	1G3E.pdb_1GHZ.pdb_1QB6.pdb	1204	0.461	0.385	0.076	1.525	1.294	0.231	0.455	0.354	0.102	-2.813	2023.481		0
ZINC03825315_7	1G3E.pdb_1GHZ.pdb_1QB6.pdb	1205	0.461	0.309	0.152	1.437	1.071	0.366	0.509	0.302	0.206	-5.743	1730.91		0
ZINC01536785_195	1G3E.pdb_1GHZ.pdb_1QB6.pdb	1202	0.461	0.351	0.109	1.485	1.188	0.297	0.48	0.333	0.147	-4.093	1904.428		0
ZINC03891138_47	1G3E.pdb_1GHZ.pdb_1QB6.pdb	1203	0.461	0.316	0.145	1.404	1.068	0.335	0.514	0.31	0.204	-5.689	1774.88		0
ZINC04464188_147	1G3E.pdb_1GHZ.pdb_1QB6.pdb	1215	0.46	0.347	0.114	1.364	1.057	0.307	0.493	0.34	0.153	-4.238	1952.015		0
ZINC02967871_126	1G3E.pdb_1GHZ.pdb_1QB6.pdb	1216	0.46	0.315	0.145	1.367	0.986	0.381	0.506	0.317	0.19	-5.265	1815.141		0
ZINC03990238_139	1G3E.pdb_1GHZ.pdb_1QB6.pdb	1226	0.46	0.378	0.083	1.331	1.11	0.221	0.481	0.364	0.117	-3.254	2087.604		0
ZINC04222855_11	1G3E.pdb_1GHZ.pdb_1QB6.pdb	1225	0.46	0.305	0.155	1.403	1.0	0.403	0.506	0.304	0.202	-5.606	1743.691		0
ZINC04221337_97	1G3E.pdb_1GHZ.pdb_1QB6.pdb	1227	0.46	0.341	0.119	1.624	1.249	0.376	0.468	0.319	0.149	-4.109	1822.292		0
ZINC03857181_147	1G3E.pdb_1GHZ.pdb_1QB6.pdb	1228	0.46	0.347	0.114	1.364	1.057	0.307	0.493	0.34	0.153	-4.238	1952.015		0
ZINC03398646_4	1G3E.pdb_1GHZ.pdb_1QB6.pdb	1229	0.46	0.332	0.129	1.599	1.197	0.402	0.474	0.314	0.159	-4.394	1797.328		0
ZINC02948645_68	1G3E.pdb_1GHZ.pdb_1QB6.pdb	1230	0.46	0.32	0.14	1.489	1.1	0.389	0.491	0.311	0.18	-4.993	1778.875		0
ZINC02416419_186	1G3E.pdb_1GHZ.pdb_1QB6.pdb	1223	0.46	0.336	0.124	1.511	1.121	0.39	0.478	0.324	0.154	-4.262	1854.998		0
ZINC03022164_8	1G3E.pdb_1GHZ.pdb_1QB6.pdb	1214	0.46	0.346	0.114	1.564	1.203	0.361	0.47	0.327	0.143	-3.943	1870.499		0
ZINC04235822_15	1G3E.pdb_1GHZ.pdb_1QB6.pdb	1218	0.46	0.305	0.155	1.403	1.0	0.403	0.506	0.304	0.202	-5.606	1743.418		0
ZINC02640284_169	1G3E.pdb_1GHZ.pdb_1QB6.pdb	1217	0.46	0.326	0.134	1.432	1.058	0.373	0.493	0.32	0.173	-4.789	1834.722		0
ZINC03506600_114	1G3E.pdb_1GHZ.pdb_1QB6.pdb	1220	0.46	0.33	0.13	1.692	1.26	0.431	0.466	0.309	0.156	-4.304	1766.769		0
ZINC03971724_138	1G3E.pdb_1GHZ.pdb_1QB6.pdb	1221	0.46	0.352	0.108	1.515	1.19	0.325	0.473	0.333	0.14	-3.862	1906.169		0
ZINC02959435_88	1G3E.pdb_1GHZ.pdb_1QB6.pdb	1222	0.46	0.354	0.106	1.575	1.257	0.318	0.468	0.331	0.137	-3.797	1889.27		0
ZINC02929230_111	1G3E.pdb_1GHZ.pdb_1QB6.pdb	1219	0.46	0.344	0.116	1.528	1.161	0.367	0.474	0.328	0.145	-4.016	1878.122		0
ZINC04522097_55	1G3E.pdb_1GHZ.pdb_1QB6.pdb	1224	0.46	0.378	0.081	1.536	1.299	0.237	0.458	0.348	0.11	-3.044	1990.844		0
ZINC03914448_60	1G3E.pdb_1GHZ.pdb_1QB6.pdb	1231	0.459	0.323	0.136	1.457	1.125	0.331	0.499	0.312	0.187	-5.21	1784.303		0
ZINC03867359_194	1G3E.pdb_1GHZ.pdb_1QB6.pdb	1242	0.459	0.306	0.154	1.398	1.029	0.369	0.512	0.303	0.208	-5.806	1735.905		0
ZINC03918518_42	1G3E.pdb_1GHZ.pdb_1QB6.pdb	1243	0.459	0.345	0.114	1.503	1.164	0.34	0.476	0.329	0.146	-4.048	1883.779		0
ZINC04529203_68	1G3E.pdb_1GHZ.pdb_1QB6.pdb	1244	0.459	0.335	0.125	1.506	1.177	0.329	0.486	0.319	0.167	-4.636	1822.673		0
ZINC03890067_133	1G3E.pdb_1GHZ.pdb_1QB6.pdb	1245	0.459	0.346	0.113	1.428	1.136	0.292	0.487	0.332	0.155	-4.308	1902.587		0
ZINC01875803_134	1G3E.pdb_1GHZ.pdb_1QB6.pdb	1246	0.459	0.353	0.106	1.341	1.103	0.238	0.503	0.342	0.161	-4.498	1959.718		0
ZINC03336530_66	1G3E.pdb_1GHZ.pdb_1QB6.pdb	1247	0.459	0.305	0.154	1.671	1.201	0.47	0.477	0.291	0.186	-5.137	1659.248		0
ZINC03227706_135	1G3E.pdb_1GHZ.pdb_1QB6.pdb	1248	0.459	0.355	0.105	1.391	1.117	0.274	0.487	0.342	0.145	-4.038	1958.503		0
ZINC03062661_132	1G3E.pdb_1GHZ.pdb_1QB6.pdb	1250	0.459	0.34	0.119	1.564	1.216	0.348	0.474	0.321	0.153	-4.232	1834.82		0
ZINC03801311_24	1G3E.pdb_1GHZ.pdb_1QB6.pdb	1249	0.459	0.325	0.135	1.456	1.114	0.343	0.496	0.314	0.181	-5.045	1798.216		0
ZINC00975901_5	1G3E.pdb_1GHZ.pdb_1QB6.pdb	1236	0.459	0.349	0.11	1.472	1.175	0.297	0.48	0.332	0.148	-4.104	1900.177		0
ZINC03841662_183	1G3E.pdb_1GHZ.pdb_1QB6.pdb	1235	0.459	0.347	0.111	1.414	1.136	0.278	0.49	0.334	0.157	-4.369	1909.547		0
ZINC01062174_166	1G3E.pdb_1GHZ.pdb_1QB6.pdb	1234	0.459	0.372	0.087	1.513	1.26	0.253	0.463	0.346	0.117	-3.246	1977.925		0
ZINC00761963_42	1G3E.pdb_1GHZ.pdb_1QB6.pdb	1241	0.459	0.364	0.094	1.467	1.18	0.287	0.469	0.345	0.123	-3.414	1976.038		0
ZINC03439320_22	1G3E.pdb_1GHZ.pdb_1QB6.pdb	1240	0.459	0.36	0.098	1.44	1.143	0.298	0.473	0.345	0.128	-3.541	1974.448		0
ZINC03577109_125	1G3E.pdb_1GHZ.pdb_1QB6.pdb	1239	0.459	0.345	0.113	1.579	1.227	0.353	0.468	0.324	0.143	-3.955	1854.979		0
ZINC00959305_152	1G3E.pdb_1GHZ.pdb_1QB6.pdb	1238	0.459	0.343	0.116	1.354	1.093	0.261	0.506	0.333	0.173	-4.837	1910.083		0
ZINC03428219_162	1G3E.pdb_1GHZ.pdb_1QB6.pdb	1237	0.459	0.359	0.1	1.513	1.198	0.316	0.467	0.339	0.128	-3.539	1939.091		0
ZINC03320483_135	1G3E.pdb_1GHZ.pdb_1QB6.pdb	1232	0.459	0.344	0.115	1.505	1.166	0.339	0.477	0.328	0.149	-4.122	1875.367		0
ZINC01532447_113	1G3E.pdb_1GHZ.pdb_1QB6.pdb	1233	0.459	0.317	0.142	1.54	1.101	0.439	0.482	0.308	0.174	-4.8	1760.148		0
ZINC03841660_16	1G3E.pdb_1GHZ.pdb_1QB6.pdb	1262	0.458	0.37	0.088	1.362	1.139	0.223	0.48	0.354	0.126	-3.507	2030.039		0
ZINC03478187_38	1G3E.pdb_1GHZ.pdb_1QB6.pdb	1268	0.458	0.338	0.12	1.543	1.187	0.357	0.474	0.32	0.153	-4.243	1832.739		0
ZINC00902546_118	1G3E.pdb_1GHZ.pdb_1QB6.pdb	1264	0.458	0.327	0.132	1.393	1.031	0.362	0.495	0.323	0.172	-4.756	1853.579		0
ZINC02586497_134	1G3E.pdb_1GHZ.pdb_1QB6.pdb	1267	0.458	0.314	0.145	1.514	1.115	0.399	0.489	0.304	0.185	-5.124	1738.218		0
ZINC00902542_71	1G3E.pdb_1GHZ.pdb_1QB6.pdb	1266	0.458	0.339	0.118	1.393	1.079	0.314	0.491	0.331	0.16	-4.429	1897.687		0
ZINC03449603_154	1G3E.pdb_1GHZ.pdb_1QB6.pdb	1265	0.458	0.341	0.117	1.498	1.135	0.363	0.475	0.328	0.147	-4.07	1877.548		0
ZINC02952070_82	1G3E.pdb_1GHZ.pdb_1QB6.pdb	1263	0.458	0.371	0.087	1.384	1.144	0.24	0.474	0.354	0.119	-3.313	2030.67		0
ZINC03975101_160	1G3E.pdb_1GHZ.pdb_1QB6.pdb	1259	0.458	0.303	0.155	1.3	0.928	0.372	0.52	0.31	0.21	-5.837	1779.367		0
ZINC02630564_128	1G3E.pdb_1GHZ.pdb_1QB6.pdb	1253	0.458	0.341	0.117	1.577	1.209	0.368	0.468	0.322	0.146	-4.029	1843.004		0
ZINC03367641_31	1G3E.pdb_1GHZ.pdb_1QB6.pdb	1261	0.458	0.389	0.069	1.515	1.291	0.224	0.449	0.358	0.091	-2.511	2046.798		0
ZINC04251713_149	1G3E.pdb_1GHZ.pdb_1QB6.pdb	1260	0.458	0.34	0.118	1.577	1.181	0.396	0.467	0.324	0.143	-3.949	1850.675		0
ZINC04490377_100	1G3E.pdb_1GHZ.pdb_1QB6.pdb	1256	0.458	0.347	0.111	1.569	1.238	0.331	0.468	0.325	0.142	-3.937	1860.369		0
ZINC03303314_192	1G3E.pdb_1GHZ.pdb_1QB6.pdb	1257	0.458	0.323	0.136	1.655	1.235	0.421	0.471	0.304	0.167	-4.599	1736.444		0
ZINC03939269_70	1G3E.pdb_1GHZ.pdb_1QB6.pdb	1258	0.458	0.386	0.072	1.453	1.241	0.212	0.457	0.359	0.098	-2.721	2055.544		0
ZINC00599269_120	1G3E.pdb_1GHZ.pdb_1QB6.pdb	1255	0.458	0.344	0.114	1.466	1.126	0.34	0.477	0.331	0.146	-4.051	1894.677		0
ZINC01764494_149	1G3E.pdb_1GHZ.pdb_1QB6.pdb	1252	0.458	0.333	0.125	1.365	1.03	0.335	0.496	0.33	0.166	-4.619	1890.089		0
ZINC04235607_45	1G3E.pdb_1GHZ.pdb_1QB6.pdb	1251	0.458	0.314	0.144	1.426	1.048	0.378	0.499	0.31	0.189	-5.255	1772.502		0
ZINC03612068_190	1G3E.pdb_1GHZ.pdb_1QB6.pdb	1254	0.458	0.379	0.079	1.39	1.171	0.22	0.469	0.36	0.109	-3.034	2059.979		0
ZINC02370986_88	1G3E.pdb_1GHZ.pdb_1QB6.pdb	1279	0.457	0.339	0.118	1.363	1.048	0.314	0.493	0.333	0.16	-4.429	1911.155		0
ZINC02297848_156	1G3E.pdb_1GHZ.pdb_1QB6.pdb	1289	0.457	0.341	0.115	1.325	1.031	0.295	0.497	0.338	0.159	-4.429	1938.213		0
ZINC03932357_10	1G3E.pdb_1GHZ.pdb_1QB6.pdb	1288	0.457	0.327	0.129	1.4	1.055	0.345	0.493	0.322	0.172	-4.761	1842.483		0
ZINC02296450_182	1G3E.pdb_1GHZ.pdb_1QB6.pdb	1290	0.457	0.341	0.115	1.344	1.049	0.295	0.495	0.336	0.159	-4.43	1926.285		0
ZINC03919972_119	1G3E.pdb_1GHZ.pdb_1QB6.pdb	1283	0.457	0.38	0.076	1.363	1.14	0.223	0.467	0.363	0.104	-2.868	2083.89		0
ZINC02325490_71	1G3E.pdb_1GHZ.pdb_1QB6.pdb	1284	0.457	0.347	0.11	1.288	1.027	0.262	0.503	0.344	0.159	-4.434	1973.883		0
ZINC04034843_75	1G3E.pdb_1GHZ.pdb_1QB6.pdb	1285	0.457	0.309	0.149	1.43	1.022	0.408	0.496	0.306	0.189	-5.247	1755.494		0
ZINC04128141_175	1G3E.pdb_1GHZ.pdb_1QB6.pdb	1277	0.457	0.345	0.112	1.582	1.264	0.319	0.469	0.322	0.147	-4.086	1839.627		0
ZINC03914448_20	1G3E.pdb_1GHZ.pdb_1QB6.pdb	1278	0.457	0.377	0.081	1.468	1.261	0.207	0.466	0.35	0.117	-3.246	2000.485		0
ZINC03858746_69	1G3E.pdb_1GHZ.pdb_1QB6.pdb	1272	0.457	0.384	0.073	1.406	1.209	0.197	0.464	0.36	0.105	-2.908	2060.205		0
ZINC03857266_42	1G3E.pdb_1GHZ.pdb_1QB6.pdb	1273	0.457	0.344	0.114	1.342	1.034	0.307	0.493	0.34	0.153	-4.238	1949.827		0
ZINC04464262_42	1G3E.pdb_1GHZ.pdb_1QB6.pdb	1274	0.457	0.344	0.114	1.342	1.034	0.307	0.493	0.34	0.153	-4.238	1949.827		0
ZINC04019803_81	1G3E.pdb_1GHZ.pdb_1QB6.pdb	1275	0.457	0.36	0.098	1.298	1.042	0.257	0.491	0.355	0.136	-3.784	2035.243		0
ZINC03351756_74	1G3E.pdb_1GHZ.pdb_1QB6.pdb	1276	0.457	0.338	0.119	1.552	1.179	0.373	0.47	0.322	0.148	-4.082	1840.984		0
ZINC03529023_150	1G3E.pdb_1GHZ.pdb_1QB6.pdb	1269	0.457	0.344	0.113	1.569	1.218	0.352	0.467	0.324	0.143	-3.942	1852.389		0
ZINC03980070_75	1G3E.pdb_1GHZ.pdb_1QB6.pdb	1271	0.457	0.362	0.095	1.251	1.03	0.222	0.501	0.359	0.142	-3.967	2059.839		0
ZINC04034371_122	1G3E.pdb_1GHZ.pdb_1QB6.pdb	1270	0.457	0.358	0.099	1.403	1.132	0.271	0.478	0.343	0.135	-3.746	1966.94		0
ZINC03818583_28	1G3E.pdb_1GHZ.pdb_1QB6.pdb	1281	0.457	0.344	0.113	1.392	1.07	0.321	0.485	0.336	0.149	-4.125	1927.862		0
ZINC02612839_54	1G3E.pdb_1GHZ.pdb_1QB6.pdb	1282	0.457	0.352	0.105	1.412	1.076	0.336	0.476	0.343	0.133	-3.674	1967.948		0
ZINC03584472_193	1G3E.pdb_1GHZ.pdb_1QB6.pdb	1280	0.457	0.322	0.136	1.612	1.191	0.421	0.473	0.306	0.167	-4.604	1747.458		0
ZINC02309725_100	1G3E.pdb_1GHZ.pdb_1QB6.pdb	1287	0.457	0.377	0.08	1.442	1.195	0.247	0.461	0.355	0.106	-2.93	2035.817		0
ZINC03293475_45	1G3E.pdb_1GHZ.pdb_1QB6.pdb	1286	0.457	0.38	0.077	1.568	1.354	0.214	0.453	0.346	0.106	-2.955	1977.164		0
ZINC03941637_71	1G3E.pdb_1GHZ.pdb_1QB6.pdb	1301	0.456	0.345	0.111	1.396	1.108	0.288	0.487	0.334	0.153	-4.248	1912.766		0
ZINC03493446_30	1G3E.pdb_1GHZ.pdb_1QB6.pdb	1300	0.456	0.371	0.084	1.425	1.166	0.259	0.464	0.353	0.111	-3.079	2020.059		0
ZINC02366906_86	1G3E.pdb_1GHZ.pdb_1QB6.pdb	1299	0.456	0.341	0.115	1.362	1.068	0.295	0.493	0.334	0.159	-4.43	1912.487		0
ZINC03857579_160	1G3E.pdb_1GHZ.pdb_1QB6.pdb	1305	0.456	0.339	0.117	1.404	1.074	0.33	0.485	0.332	0.153	-4.238	1900.398		0
ZINC04522011_188	1G3E.pdb_1GHZ.pdb_1QB6.pdb	1304	0.456	0.351	0.104	1.502	1.204	0.298	0.47	0.332	0.138	-3.831	1896.406		0
ZINC01425983_106	1G3E.pdb_1GHZ.pdb_1QB6.pdb	1298	0.456	0.372	0.084	1.494	1.222	0.272	0.456	0.348	0.108	-2.978	1993.185		0
ZINC03820402_189	1G3E.pdb_1GHZ.pdb_1QB6.pdb	1291	0.456	0.35	0.107	1.561	1.222	0.339	0.463	0.329	0.134	-3.71	1881.036		0
ZINC04176624_128	1G3E.pdb_1GHZ.pdb_1QB6.pdb	1295	0.456	0.318	0.137	1.494	1.113	0.382	0.485	0.308	0.177	-4.897	1764.764		0
ZINC02297135_164	1G3E.pdb_1GHZ.pdb_1QB6.pdb	1294	0.456	0.353	0.103	1.385	1.078	0.307	0.479	0.344	0.135	-3.735	1971.966		0
ZINC04464474_160	1G3E.pdb_1GHZ.pdb_1QB6.pdb	1293	0.456	0.339	0.117	1.404	1.074	0.33	0.485	0.332	0.153	-4.238	1900.398		0
ZINC03816728_160	1G3E.pdb_1GHZ.pdb_1QB6.pdb	1292	0.456	0.29	0.166	1.325	0.93	0.395	0.519	0.297	0.223	-6.199	1701.264		0
ZINC02664902_143	1G3E.pdb_1GHZ.pdb_1QB6.pdb	1297	0.456	0.334	0.122	1.415	1.076	0.339	0.487	0.326	0.16	-4.445	1868.472		0
ZINC02654240_197	1G3E.pdb_1GHZ.pdb_1QB6.pdb	1296	0.456	0.34	0.116	1.463	1.096	0.367	0.476	0.33	0.145	-4.013	1891.973		0
ZINC04004468_46	1G3E.pdb_1GHZ.pdb_1QB6.pdb	1302	0.456	0.329	0.127	1.577	1.22	0.357	0.476	0.311	0.165	-4.579	1774.19		0
ZINC04034423_55	1G3E.pdb_1GHZ.pdb_1QB6.pdb	1303	0.456	0.33	0.125	1.411	1.089	0.322	0.492	0.322	0.171	-4.742	1841.53		0
ZINC03891147_181	1G3E.pdb_1GHZ.pdb_1QB6.pdb	1312	0.455	0.309	0.146	1.445	1.087	0.358	0.499	0.301	0.198	-5.502	1722.691		0
ZINC04202240_184	1G3E.pdb_1GHZ.pdb_1QB6.pdb	1313	0.455	0.326	0.129	1.523	1.161	0.362	0.479	0.311	0.167	-4.639	1780.701		0
ZINC01539779_120	1G3E.pdb_1GHZ.pdb_1QB6.pdb	1314	0.455	0.355	0.1	1.321	1.06	0.262	0.487	0.348	0.139	-3.866	1997.16		0
ZINC01548696_89	1G3E.pdb_1GHZ.pdb_1QB6.pdb	1315	0.455	0.337	0.118	1.384	1.065	0.319	0.488	0.33	0.158	-4.394	1890.827		0
ZINC02877076_112	1G3E.pdb_1GHZ.pdb_1QB6.pdb	1316	0.455	0.327	0.129	1.582	1.202	0.38	0.473	0.31	0.163	-4.512	1769.357		0
ZINC03582941_33	1G3E.pdb_1GHZ.pdb_1QB6.pdb	1317	0.455	0.356	0.099	1.58	1.263	0.317	0.457	0.331	0.126	-3.465	1893.889		0
ZINC00787856_72	1G3E.pdb_1GHZ.pdb_1QB6.pdb	1307	0.455	0.311	0.144	1.339	0.976	0.362	0.506	0.314	0.192	-5.339	1797.965		0
ZINC04317310_1	1G3E.pdb_1GHZ.pdb_1QB6.pdb	1306	0.455	0.29	0.165	1.625	1.094	0.532	0.476	0.283	0.193	-5.305	1619.76		0
ZINC04619155_113	1G3E.pdb_1GHZ.pdb_1QB6.pdb	1310	0.455	0.371	0.084	1.421	1.175	0.246	0.465	0.352	0.114	-3.156	2013.207		0
ZINC03319105_100	1G3E.pdb_1GHZ.pdb_1QB6.pdb	1311	0.455	0.375	0.08	1.505	1.272	0.234	0.456	0.348	0.108	-2.998	1987.586		0
ZINC00902544_66	1G3E.pdb_1GHZ.pdb_1QB6.pdb	1309	0.455	0.337	0.118	1.37	1.055	0.314	0.491	0.331	0.16	-4.429	1897.548		0
ZINC01826420_184	1G3E.pdb_1GHZ.pdb_1QB6.pdb	1308	0.455	0.355	0.1	1.385	1.097	0.288	0.478	0.344	0.133	-3.697	1972.167		0
ZINC03944241_198	1G3E.pdb_1GHZ.pdb_1QB6.pdb	1324	0.455	0.329	0.126	1.354	1.0	0.354	0.493	0.329	0.164	-4.543	1885.92		0
ZINC00902581_84	1G3E.pdb_1GHZ.pdb_1QB6.pdb	1325	0.455	0.394	0.062	1.249	1.09	0.159	0.473	0.381	0.092	-2.55	2189.753		0
ZINC01893381_22	1G3E.pdb_1GHZ.pdb_1QB6.pdb	1322	0.455	0.35	0.104	1.489	1.191	0.298	0.47	0.332	0.138	-3.83	1898.334		0
ZINC03416473_104	1G3E.pdb_1GHZ.pdb_1QB6.pdb	1323	0.455	0.314	0.141	1.539	1.148	0.39	0.483	0.301	0.181	-5.018	1722.687		0
ZINC03457576_128	1G3E.pdb_1GHZ.pdb_1QB6.pdb	1321	0.455	0.335	0.12	1.518	1.161	0.357	0.473	0.32	0.153	-4.243	1830.114		0
ZINC00841069_148	1G3E.pdb_1GHZ.pdb_1QB6.pdb	1320	0.455	0.39	0.065	1.37	1.178	0.192	0.458	0.369	0.089	-2.463	2112.596		0
ZINC01821508_188	1G3E.pdb_1GHZ.pdb_1QB6.pdb	1318	0.455	0.339	0.117	1.407	1.077	0.33	0.484	0.331	0.153	-4.238	1894.423		0
ZINC00594557_70	1G3E.pdb_1GHZ.pdb_1QB6.pdb	1319	0.455	0.34	0.115	1.511	1.148	0.363	0.469	0.326	0.144	-3.966	1863.661		0
ZINC01856560_162	1G3E.pdb_1GHZ.pdb_1QB6.pdb	1334	0.454	0.352	0.102	1.513	1.225	0.288	0.467	0.331	0.136	-3.775	1892.46		0
ZINC03449087_89	1G3E.pdb_1GHZ.pdb_1QB6.pdb	1335	0.454	0.355	0.099	1.534	1.216	0.318	0.46	0.334	0.126	-3.484	1907.602		0
ZINC04110642_6	1G3E.pdb_1GHZ.pdb_1QB6.pdb	1341	0.454	0.314	0.14	1.426	1.057	0.37	0.492	0.309	0.184	-5.094	1766.315		0
ZINC03596757_10	1G3E.pdb_1GHZ.pdb_1QB6.pdb	1340	0.454	0.362	0.091	1.342	1.11	0.232	0.481	0.35	0.131	-3.645	2005.302		0
ZINC03951910_127	1G3E.pdb_1GHZ.pdb_1QB6.pdb	1337	0.454	0.312	0.142	1.427	1.094	0.333	0.503	0.304	0.199	-5.551	1737.512		0
ZINC02952670_24	1G3E.pdb_1GHZ.pdb_1QB6.pdb	1336	0.454	0.31	0.144	1.379	1.0	0.379	0.5	0.311	0.188	-5.23	1783.89		0
ZINC02928057_20	1G3E.pdb_1GHZ.pdb_1QB6.pdb	1339	0.454	0.333	0.121	1.397	1.072	0.324	0.487	0.325	0.162	-4.483	1864.157		0
ZINC00598345_112	1G3E.pdb_1GHZ.pdb_1QB6.pdb	1338	0.454	0.343	0.111	1.581	1.266	0.315	0.466	0.32	0.146	-4.046	1828.766		0
ZINC02579074_98	1G3E.pdb_1GHZ.pdb_1QB6.pdb	1326	0.454	0.352	0.102	1.454	1.162	0.292	0.471	0.335	0.135	-3.747	1920.291		0
ZINC02940728_62	1G3E.pdb_1GHZ.pdb_1QB6.pdb	1327	0.454	0.336	0.118	1.634	1.261	0.373	0.461	0.314	0.148	-4.075	1792.635		0
ZINC00787127_47	1G3E.pdb_1GHZ.pdb_1QB6.pdb	1333	0.454	0.322	0.132	1.437	1.075	0.362	0.486	0.315	0.172	-4.757	1802.247		0
ZINC03889343_99	1G3E.pdb_1GHZ.pdb_1QB6.pdb	1332	0.454	0.285	0.169	1.428	0.971	0.457	0.499	0.288	0.212	-5.862	1647.652		0
ZINC03980048_185	1G3E.pdb_1GHZ.pdb_1QB6.pdb	1331	0.454	0.338	0.116	1.411	1.11	0.301	0.486	0.327	0.16	-4.435	1871.147		0
ZINC02297647_64	1G3E.pdb_1GHZ.pdb_1QB6.pdb	1330	0.454	0.339	0.115	1.322	1.028	0.295	0.495	0.336	0.159	-4.429	1926.381		0
ZINC00580494_187	1G3E.pdb_1GHZ.pdb_1QB6.pdb	1329	0.454	0.359	0.094	1.532	1.207	0.324	0.456	0.338	0.117	-3.237	1935.976		0
ZINC03817914_37	1G3E.pdb_1GHZ.pdb_1QB6.pdb	1328	0.454	0.305	0.149	1.562	1.073	0.489	0.476	0.299	0.177	-4.879	1709.181		0
ZINC01124510_27	1G3E.pdb_1GHZ.pdb_1QB6.pdb	1353	0.453	0.325	0.128	1.47	1.098	0.372	0.479	0.316	0.164	-4.524	1807.134		0
ZINC01549974_94	1G3E.pdb_1GHZ.pdb_1QB6.pdb	1352	0.453	0.349	0.105	1.506	1.221	0.285	0.47	0.328	0.142	-3.936	1874.945		0
ZINC03838808_41	1G3E.pdb_1GHZ.pdb_1QB6.pdb	1343	0.453	0.314	0.138	1.518	1.152	0.367	0.484	0.302	0.182	-5.051	1724.115		0
ZINC02965443_63	1G3E.pdb_1GHZ.pdb_1QB6.pdb	1350	0.453	0.347	0.105	1.426	1.109	0.317	0.472	0.336	0.136	-3.769	1923.692		0
ZINC03936343_135	1G3E.pdb_1GHZ.pdb_1QB6.pdb	1342	0.453	0.339	0.114	1.383	1.075	0.308	0.484	0.331	0.153	-4.245	1898.804		0
ZINC03055699_71	1G3E.pdb_1GHZ.pdb_1QB6.pdb	1349	0.453	0.341	0.112	1.495	1.159	0.336	0.47	0.325	0.144	-3.987	1862.188		0
ZINC03493448_68	1G3E.pdb_1GHZ.pdb_1QB6.pdb	1354	0.453	0.378	0.075	1.415	1.182	0.233	0.458	0.357	0.1	-2.771	2046.678		0
ZINC02660391_79	1G3E.pdb_1GHZ.pdb_1QB6.pdb	1351	0.453	0.352	0.101	1.457	1.166	0.29	0.47	0.335	0.135	-3.733	1917.004		0
ZINC02291655_65	1G3E.pdb_1GHZ.pdb_1QB6.pdb	1348	0.453	0.328	0.124	1.49	1.171	0.319	0.483	0.313	0.169	-4.711	1792.219		0
ZINC03819552_35	1G3E.pdb_1GHZ.pdb_1QB6.pdb	1345	0.453	0.341	0.112	1.46	1.18	0.28	0.481	0.324	0.158	-4.391	1851.417		0
ZINC03422557_84	1G3E.pdb_1GHZ.pdb_1QB6.pdb	1346	0.453	0.33	0.123	1.485	1.138	0.347	0.478	0.317	0.161	-4.45	1813.463		0
ZINC03951910_134	1G3E.pdb_1GHZ.pdb_1QB6.pdb	1344	0.453	0.342	0.11	1.44	1.174	0.266	0.485	0.326	0.159	-4.433	1864.221		0
ZINC03968466_151	1G3E.pdb_1GHZ.pdb_1QB6.pdb	1347	0.453	0.313	0.14	1.298	0.973	0.325	0.514	0.316	0.197	-5.512	1813.577		0
ZINC00882604_198	1G3E.pdb_1GHZ.pdb_1QB6.pdb	1355	0.452	0.327	0.125	1.548	1.163	0.385	0.469	0.313	0.156	-4.314	1789.581		0
ZINC03867339_26	1G3E.pdb_1GHZ.pdb_1QB6.pdb	1357	0.452	0.321	0.131	1.366	1.016	0.35	0.493	0.319	0.174	-4.828	1829.234		0
ZINC03969853_98	1G3E.pdb_1GHZ.pdb_1QB6.pdb	1356	0.452	0.359	0.093	1.514	1.231	0.283	0.458	0.336	0.122	-3.367	1921.215		0
ZINC03964139_111	1G3E.pdb_1GHZ.pdb_1QB6.pdb	1365	0.452	0.349	0.103	1.422	1.126	0.296	0.473	0.336	0.137	-3.792	1923.629		0
ZINC02689023_96	1G3E.pdb_1GHZ.pdb_1QB6.pdb	1364	0.452	0.337	0.115	1.437	1.111	0.325	0.478	0.326	0.152	-4.197	1867.459		0
ZINC04236675_27	1G3E.pdb_1GHZ.pdb_1QB6.pdb	1363	0.452	0.349	0.103	1.411	1.117	0.294	0.473	0.337	0.136	-3.77	1929.532		0
ZINC02952022_12	1G3E.pdb_1GHZ.pdb_1QB6.pdb	1362	0.452	0.356	0.096	1.462	1.184	0.277	0.466	0.337	0.128	-3.559	1931.179		0
ZINC03820584_195	1G3E.pdb_1GHZ.pdb_1QB6.pdb	1361	0.452	0.329	0.123	1.611	1.199	0.412	0.461	0.312	0.149	-4.11	1780.678		0
ZINC04619495_129	1G3E.pdb_1GHZ.pdb_1QB6.pdb	1360	0.452	0.386	0.066	1.242	1.07	0.172	0.474	0.377	0.097	-2.701	2163.821		0
ZINC00595558_76	1G3E.pdb_1GHZ.pdb_1QB6.pdb	1359	0.452	0.32	0.132	1.492	1.082	0.41	0.475	0.313	0.162	-4.482	1790.659		0
ZINC03819389_96	1G3E.pdb_1GHZ.pdb_1QB6.pdb	1358	0.452	0.353	0.099	1.446	1.129	0.317	0.465	0.339	0.126	-3.466	1942.63		0
ZINC03917353_57	1G3E.pdb_1GHZ.pdb_1QB6.pdb	1367	0.451	0.386	0.065	1.421	1.227	0.194	0.45	0.36	0.09	-2.488	2060.996		0
ZINC00588652_37	1G3E.pdb_1GHZ.pdb_1QB6.pdb	1370	0.451	0.345	0.106	1.398	1.121	0.276	0.479	0.332	0.147	-4.078	1903.812		0
ZINC01750301_137	1G3E.pdb_1GHZ.pdb_1QB6.pdb	1366	0.451	0.344	0.107	1.51	1.19	0.321	0.464	0.326	0.138	-3.815	1866.557		0
ZINC03429432_181	1G3E.pdb_1GHZ.pdb_1QB6.pdb	1371	0.451	0.343	0.108	1.55	1.225	0.324	0.462	0.323	0.139	-3.853	1846.754		0
ZINC00588652_45	1G3E.pdb_1GHZ.pdb_1QB6.pdb	1372	0.451	0.346	0.105	1.399	1.125	0.274	0.479	0.333	0.145	-4.04	1909.151		0
ZINC03457571_103	1G3E.pdb_1GHZ.pdb_1QB6.pdb	1373	0.451	0.329	0.123	1.534	1.171	0.363	0.47	0.314	0.156	-4.32	1794.069		0
ZINC04030420_198	1G3E.pdb_1GHZ.pdb_1QB6.pdb	1377	0.451	0.322	0.129	1.339	0.984	0.355	0.492	0.324	0.168	-4.66	1856.733		0
ZINC03989511_153	1G3E.pdb_1GHZ.pdb_1QB6.pdb	1376	0.451	0.319	0.132	1.499	1.147	0.351	0.481	0.307	0.175	-4.845	1753.489		0
ZINC03784889_101	1G3E.pdb_1GHZ.pdb_1QB6.pdb	1375	0.451	0.374	0.077	1.376	1.177	0.199	0.466	0.354	0.112	-3.123	2028.881		0
ZINC03990238_125	1G3E.pdb_1GHZ.pdb_1QB6.pdb	1374	0.451	0.343	0.109	1.305	1.033	0.272	0.492	0.339	0.153	-4.265	1944.779		0
ZINC00596374_75	1G3E.pdb_1GHZ.pdb_1QB6.pdb	1378	0.451	0.321	0.13	1.483	1.085	0.397	0.475	0.313	0.161	-4.454	1793.686		0
ZINC03822958_163	1G3E.pdb_1GHZ.pdb_1QB6.pdb	1369	0.451	0.354	0.096	1.523	1.258	0.264	0.462	0.33	0.131	-3.644	1888.203		0
ZINC02450445_78	1G3E.pdb_1GHZ.pdb_1QB6.pdb	1368	0.451	0.359	0.092	1.415	1.184	0.231	0.473	0.34	0.133	-3.705	1946.902		0
ZINC03992745_12	1G3E.pdb_1GHZ.pdb_1QB6.pdb	1384	0.45	0.337	0.113	1.36	1.066	0.294	0.486	0.33	0.156	-4.33	1890.802		0
ZINC03481005_30	1G3E.pdb_1GHZ.pdb_1QB6.pdb	1389	0.45	0.37	0.08	1.469	1.208	0.261	0.451	0.348	0.103	-2.85	1990.116		0
ZINC02847030_93	1G3E.pdb_1GHZ.pdb_1QB6.pdb	1388	0.45	0.326	0.124	1.46	1.14	0.319	0.483	0.313	0.169	-4.711	1792.231		0
ZINC03817490_100	1G3E.pdb_1GHZ.pdb_1QB6.pdb	1387	0.45	0.347	0.102	1.466	1.157	0.309	0.464	0.332	0.133	-3.672	1898.298		0
ZINC00647538_162	1G3E.pdb_1GHZ.pdb_1QB6.pdb	1386	0.45	0.375	0.075	1.531	1.298	0.232	0.445	0.346	0.1	-2.761	1975.815		0
ZINC01911466_118	1G3E.pdb_1GHZ.pdb_1QB6.pdb	1385	0.45	0.324	0.126	1.566	1.194	0.372	0.468	0.308	0.16	-4.425	1759.409		0
ZINC02292197_115	1G3E.pdb_1GHZ.pdb_1QB6.pdb	1381	0.45	0.338	0.112	1.319	1.041	0.277	0.493	0.334	0.159	-4.43	1912.488		0
ZINC00977950_161	1G3E.pdb_1GHZ.pdb_1QB6.pdb	1380	0.45	0.334	0.116	1.385	1.088	0.297	0.486	0.325	0.161	-4.47	1862.011		0
ZINC04079213_125	1G3E.pdb_1GHZ.pdb_1QB6.pdb	1379	0.45	0.331	0.119	1.476	1.122	0.354	0.472	0.32	0.152	-4.213	1828.684		0
ZINC04112515_184	1G3E.pdb_1GHZ.pdb_1QB6.pdb	1390	0.45	0.325	0.125	1.482	1.147	0.335	0.479	0.312	0.166	-4.62	1786.295		0
ZINC03330151_189	1G3E.pdb_1GHZ.pdb_1QB6.pdb	1382	0.45	0.329	0.121	1.399	1.046	0.353	0.479	0.324	0.155	-4.288	1859.22		0
ZINC04619443_63	1G3E.pdb_1GHZ.pdb_1QB6.pdb	1383	0.45	0.335	0.114	1.502	1.141	0.361	0.465	0.322	0.143	-3.952	1842.159		0
ZINC02299908_130	1G3E.pdb_1GHZ.pdb_1QB6.pdb	1404	0.449	0.317	0.132	1.339	0.977	0.362	0.491	0.319	0.172	-4.756	1832.195		0
ZINC02586498_62	1G3E.pdb_1GHZ.pdb_1QB6.pdb	1401	0.449	0.318	0.13	1.491	1.128	0.364	0.476	0.307	0.169	-4.669	1757.892		0
ZINC01551213_149	1G3E.pdb_1GHZ.pdb_1QB6.pdb	1400	0.449	0.302	0.146	1.295	0.953	0.342	0.511	0.307	0.204	-5.689	1759.96		0
ZINC00624134_32	1G3E.pdb_1GHZ.pdb_1QB6.pdb	1403	0.449	0.317	0.132	1.502	1.114	0.388	0.474	0.307	0.167	-4.613	1757.061		0
ZINC01740673_113	1G3E.pdb_1GHZ.pdb_1QB6.pdb	1402	0.449	0.355	0.094	1.383	1.096	0.287	0.467	0.344	0.123	-3.41	1971.225		0
ZINC03105220_77	1G3E.pdb_1GHZ.pdb_1QB6.pdb	1405	0.449	0.342	0.107	1.494	1.188	0.307	0.466	0.324	0.142	-3.933	1853.519		0
ZINC04619253_113	1G3E.pdb_1GHZ.pdb_1QB6.pdb	1394	0.449	0.358	0.09	1.337	1.088	0.249	0.472	0.348	0.124	-3.438	1996.667		0
ZINC03972824_76	1G3E.pdb_1GHZ.pdb_1QB6.pdb	1395	0.449	0.271	0.178	1.358	0.922	0.436	0.509	0.278	0.231	-6.419	1590.49		0
ZINC02238941_67	1G3E.pdb_1GHZ.pdb_1QB6.pdb	1397	0.449	0.307	0.143	1.384	0.976	0.408	0.489	0.309	0.18	-4.971	1773.243		0
ZINC02646254_188	1G3E.pdb_1GHZ.pdb_1QB6.pdb	1392	0.449	0.363	0.085	1.561	1.284	0.278	0.446	0.336	0.11	-3.035	1920.951		0
ZINC02879212_176	1G3E.pdb_1GHZ.pdb_1QB6.pdb	1393	0.449	0.311	0.138	1.677	1.221	0.456	0.459	0.294	0.165	-4.555	1678.906		0
ZINC03588045_15	1G3E.pdb_1GHZ.pdb_1QB6.pdb	1391	0.449	0.353	0.097	1.656	1.345	0.311	0.447	0.323	0.123	-3.403	1846.048		0
ZINC03795710_84	1G3E.pdb_1GHZ.pdb_1QB6.pdb	1396	0.449	0.312	0.137	1.313	1.0	0.313	0.508	0.311	0.197	-5.496	1784.819		0
ZINC03428216_161	1G3E.pdb_1GHZ.pdb_1QB6.pdb	1406	0.449	0.377	0.072	1.475	1.241	0.233	0.446	0.351	0.095	-2.615	2009.988		0
ZINC03802013_61	1G3E.pdb_1GHZ.pdb_1QB6.pdb	1398	0.449	0.304	0.145	1.553	1.107	0.447	0.473	0.296	0.177	-4.888	1689.592		0
ZINC02645279_160	1G3E.pdb_1GHZ.pdb_1QB6.pdb	1399	0.449	0.298	0.15	1.59	1.13	0.46	0.471	0.288	0.182	-5.034	1647.835		0
ZINC02300758_93	1G3E.pdb_1GHZ.pdb_1QB6.pdb	1415	0.448	0.338	0.11	1.262	1.0	0.262	0.498	0.339	0.159	-4.434	1945.916		0
ZINC03992818_64	1G3E.pdb_1GHZ.pdb_1QB6.pdb	1417	0.448	0.337	0.111	1.262	0.986	0.276	0.494	0.339	0.156	-4.336	1943.745		0
ZINC03820640_156	1G3E.pdb_1GHZ.pdb_1QB6.pdb	1409	0.448	0.346	0.102	1.553	1.227	0.326	0.455	0.326	0.129	-3.565	1860.995		0
ZINC04464501_67	1G3E.pdb_1GHZ.pdb_1QB6.pdb	1416	0.448	0.336	0.112	1.368	1.048	0.319	0.479	0.331	0.148	-4.098	1895.861		0
ZINC03857636_67	1G3E.pdb_1GHZ.pdb_1QB6.pdb	1418	0.448	0.336	0.112	1.368	1.048	0.319	0.479	0.331	0.148	-4.098	1895.861		0
ZINC04464516_64	1G3E.pdb_1GHZ.pdb_1QB6.pdb	1414	0.448	0.337	0.111	1.262	0.986	0.276	0.494	0.339	0.156	-4.336	1943.745		0
ZINC02928669_186	1G3E.pdb_1GHZ.pdb_1QB6.pdb	1410	0.448	0.329	0.119	1.361	1.042	0.32	0.484	0.325	0.159	-4.411	1860.524		0
ZINC03270076_183	1G3E.pdb_1GHZ.pdb_1QB6.pdb	1411	0.448	0.31	0.138	1.571	1.151	0.42	0.469	0.298	0.171	-4.709	1702.908		0
ZINC00762710_69	1G3E.pdb_1GHZ.pdb_1QB6.pdb	1413	0.448	0.34	0.108	1.481	1.138	0.344	0.463	0.326	0.136	-3.764	1866.769		0
ZINC01778862_154	1G3E.pdb_1GHZ.pdb_1QB6.pdb	1408	0.448	0.343	0.105	1.516	1.205	0.311	0.461	0.324	0.137	-3.786	1853.001		0
ZINC03982916_47	1G3E.pdb_1GHZ.pdb_1QB6.pdb	1412	0.448	0.312	0.136	1.463	1.117	0.346	0.485	0.302	0.183	-5.096	1727.561		0
ZINC02295206_59	1G3E.pdb_1GHZ.pdb_1QB6.pdb	1407	0.448	0.32	0.128	1.387	1.049	0.338	0.487	0.315	0.171	-4.756	1806.11		0
ZINC03427467_91	1G3E.pdb_1GHZ.pdb_1QB6.pdb	1420	0.447	0.302	0.145	1.561	1.084	0.477	0.468	0.295	0.173	-4.759	1688.675		0
ZINC01539449_100	1G3E.pdb_1GHZ.pdb_1QB6.pdb	1430	0.447	0.329	0.117	1.527	1.157	0.37	0.462	0.315	0.147	-4.046	1802.979		0
ZINC02877076_121	1G3E.pdb_1GHZ.pdb_1QB6.pdb	1431	0.447	0.328	0.119	1.543	1.206	0.337	0.466	0.31	0.156	-4.327	1773.126		0
ZINC00601247_22	1G3E.pdb_1GHZ.pdb_1QB6.pdb	1429	0.447	0.326	0.121	1.577	1.172	0.405	0.458	0.311	0.147	-4.046	1780.115		0
ZINC03976197_95	1G3E.pdb_1GHZ.pdb_1QB6.pdb	1426	0.447	0.356	0.091	1.571	1.256	0.315	0.446	0.332	0.114	-3.14	1897.131		0
ZINC03511243_20	1G3E.pdb_1GHZ.pdb_1QB6.pdb	1425	0.447	0.325	0.123	1.516	1.152	0.363	0.467	0.311	0.156	-4.319	1780.125		0
ZINC03993149_126	1G3E.pdb_1GHZ.pdb_1QB6.pdb	1424	0.447	0.312	0.135	1.377	1.038	0.339	0.492	0.308	0.183	-5.092	1766.496		0
ZINC04522148_177	1G3E.pdb_1GHZ.pdb_1QB6.pdb	1419	0.447	0.33	0.117	1.481	1.182	0.299	0.475	0.314	0.161	-4.492	1794.207		0
ZINC04528694_87	1G3E.pdb_1GHZ.pdb_1QB6.pdb	1421	0.447	0.339	0.108	1.341	1.046	0.294	0.48	0.334	0.146	-4.059	1913.646		0
ZINC03447479_193	1G3E.pdb_1GHZ.pdb_1QB6.pdb	1428	0.447	0.339	0.108	1.458	1.121	0.337	0.464	0.327	0.137	-3.777	1872.607		0
ZINC00588651_196	1G3E.pdb_1GHZ.pdb_1QB6.pdb	1427	0.447	0.319	0.127	1.418	1.062	0.357	0.479	0.314	0.165	-4.582	1795.609		0
ZINC02877076_121	1G3E.pdb_1GHZ.pdb_1QB6.pdb	1423	0.447	0.328	0.119	1.543	1.206	0.337	0.466	0.31	0.156	-4.327	1773.126		0
ZINC03972980_139	1G3E.pdb_1GHZ.pdb_1QB6.pdb	1422	0.447	0.331	0.116	1.532	1.187	0.345	0.463	0.314	0.149	-4.109	1796.793		0
ZINC04406084_58	1G3E.pdb_1GHZ.pdb_1QB6.pdb	1439	0.446	0.298	0.149	1.593	1.136	0.457	0.468	0.287	0.181	-4.993	1641.199		0
ZINC02203888_40	1G3E.pdb_1GHZ.pdb_1QB6.pdb	1440	0.446	0.341	0.105	1.338	1.038	0.3	0.476	0.337	0.139	-3.852	1930.739		0
ZINC03640563_103	1G3E.pdb_1GHZ.pdb_1QB6.pdb	1444	0.446	0.31	0.136	1.34	1.033	0.307	0.504	0.307	0.197	-5.508	1757.466		0
ZINC03891142_103	1G3E.pdb_1GHZ.pdb_1QB6.pdb	1443	0.446	0.31	0.136	1.34	1.033	0.307	0.504	0.307	0.197	-5.508	1757.466		0
ZINC01565800_51	1G3E.pdb_1GHZ.pdb_1QB6.pdb	1434	0.446	0.354	0.092	1.419	1.165	0.254	0.464	0.337	0.126	-3.504	1930.983		0
ZINC02651721_179	1G3E.pdb_1GHZ.pdb_1QB6.pdb	1438	0.446	0.296	0.15	1.377	1.0	0.377	0.495	0.295	0.2	-5.555	1691.757		0
ZINC01483726_102	1G3E.pdb_1GHZ.pdb_1QB6.pdb	1437	0.446	0.313	0.134	1.355	1.0	0.355	0.49	0.313	0.176	-4.895	1795.295		0
ZINC03457574_44	1G3E.pdb_1GHZ.pdb_1QB6.pdb	1436	0.446	0.322	0.124	1.495	1.128	0.368	0.469	0.311	0.158	-4.37	1777.408		0
ZINC04030431_142	1G3E.pdb_1GHZ.pdb_1QB6.pdb	1432	0.446	0.321	0.125	1.309	0.978	0.331	0.491	0.323	0.168	-4.661	1852.531		0
ZINC03295881_142	1G3E.pdb_1GHZ.pdb_1QB6.pdb	1435	0.446	0.353	0.093	1.721	1.401	0.319	0.436	0.321	0.116	-3.188	1829.601		0
ZINC03799456_30	1G3E.pdb_1GHZ.pdb_1QB6.pdb	1442	0.446	0.317	0.129	1.517	1.114	0.403	0.467	0.307	0.16	-4.411	1756.408		0
ZINC03933859_99	1G3E.pdb_1GHZ.pdb_1QB6.pdb	1441	0.446	0.338	0.108	1.39	1.109	0.281	0.476	0.327	0.149	-4.137	1872.755		0
ZINC03867080_100	1G3E.pdb_1GHZ.pdb_1QB6.pdb	1433	0.446	0.308	0.138	1.483	1.081	0.402	0.474	0.301	0.173	-4.78	1722.85		0
ZINC00902540_72	1G3E.pdb_1GHZ.pdb_1QB6.pdb	1447	0.445	0.316	0.128	1.36	1.023	0.338	0.486	0.314	0.171	-4.758	1800.047		0
ZINC03801144_74	1G3E.pdb_1GHZ.pdb_1QB6.pdb	1454	0.445	0.303	0.142	1.493	1.054	0.438	0.472	0.299	0.174	-4.791	1709.152		0
ZINC03781183_48	1G3E.pdb_1GHZ.pdb_1QB6.pdb	1449	0.445	0.317	0.127	1.326	1.0	0.326	0.491	0.318	0.173	-4.804	1821.758		0
ZINC00579071_62	1G3E.pdb_1GHZ.pdb_1QB6.pdb	1450	0.445	0.314	0.131	1.426	1.04	0.386	0.476	0.31	0.166	-4.588	1777.632		0
ZINC03889306_199	1G3E.pdb_1GHZ.pdb_1QB6.pdb	1451	0.445	0.309	0.137	1.249	0.941	0.308	0.512	0.315	0.197	-5.512	1806.854		0
ZINC03923949_182	1G3E.pdb_1GHZ.pdb_1QB6.pdb	1448	0.445	0.322	0.123	1.469	1.124	0.345	0.471	0.311	0.161	-4.453	1777.162		0
ZINC03428022_55	1G3E.pdb_1GHZ.pdb_1QB6.pdb	1445	0.445	0.316	0.129	1.362	1.0	0.362	0.483	0.315	0.168	-4.646	1805.717		0
ZINC03855207_174	1G3E.pdb_1GHZ.pdb_1QB6.pdb	1446	0.445	0.292	0.153	1.533	1.134	0.399	0.481	0.282	0.198	-5.499	1613.488		0
ZINC03820759_2	1G3E.pdb_1GHZ.pdb_1QB6.pdb	1453	0.445	0.318	0.127	1.335	1.034	0.301	0.494	0.315	0.179	-5.004	1802.868		0
ZINC03820759_2	1G3E.pdb_1GHZ.pdb_1QB6.pdb	1452	0.445	0.318	0.127	1.335	1.034	0.301	0.494	0.315	0.179	-5.004	1802.868		0
ZINC03816533_156	1G3E.pdb_1GHZ.pdb_1QB6.pdb	1458	0.444	0.324	0.12	1.43	1.053	0.377	0.468	0.319	0.149	-4.12	1825.408		0
ZINC03388500_119	1G3E.pdb_1GHZ.pdb_1QB6.pdb	1460	0.444	0.316	0.128	1.566	1.165	0.4	0.461	0.303	0.159	-4.378	1729.475		0
ZINC02653224_56	1G3E.pdb_1GHZ.pdb_1QB6.pdb	1459	0.444	0.338	0.106	1.409	1.106	0.303	0.468	0.328	0.14	-3.887	1876.094		0
ZINC03963062_144	1G3E.pdb_1GHZ.pdb_1QB6.pdb	1457	0.444	0.3	0.145	1.508	1.128	0.38	0.479	0.29	0.189	-5.246	1655.893		0
ZINC03351334_114	1G3E.pdb_1GHZ.pdb_1QB6.pdb	1456	0.444	0.343	0.101	1.517	1.194	0.323	0.453	0.325	0.128	-3.532	1858.587		0
ZINC02604896_72	1G3E.pdb_1GHZ.pdb_1QB6.pdb	1461	0.444	0.356	0.088	1.359	1.153	0.207	0.472	0.34	0.132	-3.705	1946.763		0
ZINC00588653_189	1G3E.pdb_1GHZ.pdb_1QB6.pdb	1455	0.444	0.32	0.124	1.396	1.062	0.333	0.48	0.314	0.166	-4.597	1797.394		0
ZINC01534672_111	1G3E.pdb_1GHZ.pdb_1QB6.pdb	1463	0.444	0.361	0.083	1.444	1.224	0.22	0.456	0.339	0.117	-3.246	1938.495		0
ZINC03339139_164	1G3E.pdb_1GHZ.pdb_1QB6.pdb	1462	0.444	0.326	0.118	1.688	1.293	0.396	0.447	0.304	0.143	-3.948	1733.549		0
ZINC02006373_189	1G3E.pdb_1GHZ.pdb_1QB6.pdb	1471	0.443	0.322	0.121	1.346	1.035	0.311	0.483	0.318	0.165	-4.592	1823.433		0
ZINC02877078_171	1G3E.pdb_1GHZ.pdb_1QB6.pdb	1470	0.443	0.355	0.088	1.537	1.282	0.254	0.447	0.33	0.118	-3.265	1883.663		0
ZINC03834179_186	1G3E.pdb_1GHZ.pdb_1QB6.pdb	1465	0.443	0.372	0.071	1.222	1.022	0.2	0.469	0.369	0.1	-2.765	2120.48		1
ZINC03571172_67	1G3E.pdb_1GHZ.pdb_1QB6.pdb	1464	0.443	0.33	0.113	1.501	1.118	0.382	0.458	0.319	0.138	-3.815	1826.44		0
ZINC03838487_12	1G3E.pdb_1GHZ.pdb_1QB6.pdb	1469	0.443	0.311	0.132	1.406	1.07	0.336	0.483	0.305	0.178	-4.958	1745.282		0
ZINC03775827_145	1G3E.pdb_1GHZ.pdb_1QB6.pdb	1468	0.443	0.358	0.086	1.437	1.209	0.228	0.458	0.337	0.121	-3.359	1926.639		0
ZINC04001743_188	1G3E.pdb_1GHZ.pdb_1QB6.pdb	1473	0.443	0.365	0.078	1.386	1.169	0.217	0.455	0.347	0.108	-2.999	1987.973		0
ZINC04619282_177	1G3E.pdb_1GHZ.pdb_1QB6.pdb	1472	0.443	0.351	0.092	1.429	1.132	0.297	0.455	0.337	0.118	-3.252	1930.455		0
ZINC00587715_5	1G3E.pdb_1GHZ.pdb_1QB6.pdb	1467	0.443	0.3	0.143	1.541	1.1	0.441	0.467	0.292	0.175	-4.822	1668.415		0
ZINC02877078_171	1G3E.pdb_1GHZ.pdb_1QB6.pdb	1466	0.443	0.355	0.088	1.537	1.282	0.254	0.447	0.33	0.118	-3.265	1883.663		0
ZINC03933860_153	1G3E.pdb_1GHZ.pdb_1QB6.pdb	1478	0.442	0.393	0.049	1.394	1.259	0.135	0.435	0.363	0.071	-1.987	2079.58		0
ZINC03983754_180	1G3E.pdb_1GHZ.pdb_1QB6.pdb	1480	0.442	0.306	0.136	1.487	1.109	0.378	0.473	0.297	0.175	-4.854	1699.891		0
ZINC03919845_145	1G3E.pdb_1GHZ.pdb_1QB6.pdb	1474	0.442	0.35	0.093	1.395	1.16	0.235	0.466	0.334	0.133	-3.692	1910.058		0
ZINC03367635_107	1G3E.pdb_1GHZ.pdb_1QB6.pdb	1475	0.442	0.325	0.117	1.428	1.084	0.344	0.468	0.317	0.151	-4.185	1815.428		0
ZINC03325755_167	1G3E.pdb_1GHZ.pdb_1QB6.pdb	1476	0.442	0.362	0.08	1.369	1.135	0.234	0.455	0.347	0.108	-2.999	1987.026		0
ZINC01893383_150	1G3E.pdb_1GHZ.pdb_1QB6.pdb	1477	0.442	0.31	0.132	1.455	1.086	0.369	0.473	0.302	0.171	-4.737	1730.223		0
ZINC02618783_58	1G3E.pdb_1GHZ.pdb_1QB6.pdb	1479	0.442	0.299	0.143	1.435	1.019	0.416	0.476	0.297	0.179	-4.939	1700.741		0
ZINC03283735_32	1G3E.pdb_1GHZ.pdb_1QB6.pdb	1488	0.441	0.338	0.103	1.512	1.216	0.296	0.456	0.319	0.137	-3.798	1821.796		0
ZINC03820344_145	1G3E.pdb_1GHZ.pdb_1QB6.pdb	1486	0.441	0.338	0.103	1.433	1.139	0.294	0.461	0.324	0.137	-3.788	1856.63		0
ZINC03409168_121	1G3E.pdb_1GHZ.pdb_1QB6.pdb	1481	0.441	0.323	0.118	1.525	1.152	0.373	0.457	0.31	0.148	-4.074	1770.272		0
ZINC02652264_110	1G3E.pdb_1GHZ.pdb_1QB6.pdb	1485	0.441	0.348	0.092	1.41	1.155	0.255	0.46	0.333	0.127	-3.515	1905.275		0
ZINC03974520_142	1G3E.pdb_1GHZ.pdb_1QB6.pdb	1484	0.441	0.287	0.155	1.339	0.972	0.367	0.5	0.289	0.211	-5.877	1656.331		0
ZINC00904734_107	1G3E.pdb_1GHZ.pdb_1QB6.pdb	1483	0.441	0.383	0.058	1.436	1.245	0.191	0.434	0.356	0.077	-2.14	2038.619		0
ZINC04528719_148	1G3E.pdb_1GHZ.pdb_1QB6.pdb	1489	0.441	0.362	0.079	1.5	1.269	0.231	0.443	0.336	0.107	-2.968	1921.616		0
ZINC03992746_166	1G3E.pdb_1GHZ.pdb_1QB6.pdb	1487	0.441	0.291	0.15	1.329	0.952	0.377	0.495	0.295	0.2	-5.56	1690.727		0
ZINC02877078_13	1G3E.pdb_1GHZ.pdb_1QB6.pdb	1482	0.441	0.289	0.152	1.535	1.096	0.438	0.47	0.282	0.188	-5.208	1611.659		0
ZINC00588653_173	1G3E.pdb_1GHZ.pdb_1QB6.pdb	1498	0.44	0.317	0.123	1.385	1.055	0.329	0.475	0.312	0.164	-4.547	1783.905		0
ZINC03951910_121	1G3E.pdb_1GHZ.pdb_1QB6.pdb	1499	0.44	0.292	0.148	1.386	1.041	0.345	0.495	0.289	0.206	-5.744	1652.379		0
ZINC03867317_111	1G3E.pdb_1GHZ.pdb_1QB6.pdb	1494	0.44	0.367	0.073	1.354	1.138	0.216	0.451	0.351	0.1	-2.771	2013.486		0
ZINC03426733_173	1G3E.pdb_1GHZ.pdb_1QB6.pdb	1495	0.44	0.341	0.098	1.506	1.209	0.297	0.45	0.322	0.128	-3.534	1843.829		0
ZINC01911605_130	1G3E.pdb_1GHZ.pdb_1QB6.pdb	1496	0.44	0.349	0.091	1.4	1.149	0.251	0.459	0.334	0.125	-3.463	1913.285		0
ZINC00588653_173	1G3E.pdb_1GHZ.pdb_1QB6.pdb	1497	0.44	0.317	0.123	1.385	1.055	0.329	0.475	0.312	0.164	-4.547	1783.905		0
ZINC03315248_125	1G3E.pdb_1GHZ.pdb_1QB6.pdb	1490	0.44	0.321	0.119	1.506	1.106	0.4	0.456	0.311	0.145	-3.991	1779.669		0
ZINC03818549_115	1G3E.pdb_1GHZ.pdb_1QB6.pdb	1491	0.44	0.343	0.097	1.369	1.113	0.256	0.467	0.331	0.136	-3.771	1896.004		0
ZINC03822342_144	1G3E.pdb_1GHZ.pdb_1QB6.pdb	1492	0.44	0.326	0.114	1.377	1.094	0.283	0.477	0.317	0.16	-4.448	1814.698		0
ZINC03987230_161	1G3E.pdb_1GHZ.pdb_1QB6.pdb	1493	0.44	0.282	0.158	1.4	0.969	0.431	0.484	0.284	0.2	-5.536	1627.774		0
ZINC02877075_132	1G3E.pdb_1GHZ.pdb_1QB6.pdb	1511	0.439	0.288	0.152	1.532	1.093	0.438	0.469	0.281	0.188	-5.21	1604.562		0
ZINC01092152_147	1G3E.pdb_1GHZ.pdb_1QB6.pdb	1510	0.439	0.365	0.074	1.438	1.209	0.229	0.442	0.343	0.098	-2.721	1963.606		0
ZINC02652344_83	1G3E.pdb_1GHZ.pdb_1QB6.pdb	1509	0.439	0.315	0.124	1.521	1.132	0.389	0.458	0.304	0.154	-4.257	1736.811		0
ZINC02688635_11	1G3E.pdb_1GHZ.pdb_1QB6.pdb	1508	0.439	0.375	0.064	1.476	1.294	0.181	0.436	0.345	0.091	-2.514	1974.945		0
ZINC04400044_116	1G3E.pdb_1GHZ.pdb_1QB6.pdb	1507	0.439	0.382	0.057	1.415	1.24	0.176	0.433	0.356	0.077	-2.139	2038.191		0
ZINC02939761_180	1G3E.pdb_1GHZ.pdb_1QB6.pdb	1506	0.439	0.314	0.125	1.454	1.104	0.35	0.467	0.305	0.162	-4.492	1745.819		0
ZINC03936136_13	1G3E.pdb_1GHZ.pdb_1QB6.pdb	1513	0.439	0.271	0.168	1.415	0.982	0.433	0.488	0.273	0.215	-5.973	1560.698		0
ZINC03408915_62	1G3E.pdb_1GHZ.pdb_1QB6.pdb	1512	0.439	0.329	0.11	1.469	1.12	0.349	0.456	0.318	0.138	-3.814	1820.056		0
ZINC03408530_177	1G3E.pdb_1GHZ.pdb_1QB6.pdb	1502	0.439	0.32	0.119	1.425	1.071	0.354	0.466	0.314	0.152	-4.207	1795.465		0
ZINC03977487_76	1G3E.pdb_1GHZ.pdb_1QB6.pdb	1503	0.439	0.298	0.141	1.455	1.083	0.372	0.477	0.292	0.185	-5.132	1667.849		0
ZINC03796181_106	1G3E.pdb_1GHZ.pdb_1QB6.pdb	1500	0.439	0.326	0.113	1.4	1.061	0.338	0.465	0.32	0.145	-4.02	1832.359		0
ZINC04415803_40	1G3E.pdb_1GHZ.pdb_1QB6.pdb	1501	0.439	0.292	0.148	1.544	1.091	0.453	0.464	0.285	0.18	-4.954	1626.868		0
ZINC03289557_61	1G3E.pdb_1GHZ.pdb_1QB6.pdb	1505	0.439	0.365	0.074	1.368	1.159	0.208	0.451	0.347	0.104	-2.874	1988.454		0
ZINC03948480_112	1G3E.pdb_1GHZ.pdb_1QB6.pdb	1504	0.439	0.328	0.111	1.325	1.047	0.278	0.48	0.323	0.157	-4.36	1852.83		0
ZINC04013834_119	1G3E.pdb_1GHZ.pdb_1QB6.pdb	1515	0.438	0.318	0.12	1.482	1.105	0.377	0.458	0.309	0.149	-4.12	1767.041		0
ZINC03973000_144	1G3E.pdb_1GHZ.pdb_1QB6.pdb	1514	0.438	0.318	0.12	1.442	1.132	0.31	0.471	0.307	0.164	-4.562	1754.839		0
ZINC03976355_1	1G3E.pdb_1GHZ.pdb_1QB6.pdb	1518	0.438	0.289	0.148	1.446	1.017	0.43	0.473	0.288	0.185	-5.107	1647.904		0
ZINC03815878_36	1G3E.pdb_1GHZ.pdb_1QB6.pdb	1519	0.438	0.326	0.112	1.343	1.04	0.303	0.473	0.322	0.151	-4.181	1846.675		0
ZINC04003613_132	1G3E.pdb_1GHZ.pdb_1QB6.pdb	1520	0.438	0.302	0.136	1.363	1.032	0.332	0.486	0.299	0.187	-5.2	1713.183		0
ZINC01894248_187	1G3E.pdb_1GHZ.pdb_1QB6.pdb	1521	0.438	0.299	0.138	1.487	1.136	0.351	0.475	0.289	0.186	-5.169	1650.615		0
ZINC02654203_108	1G3E.pdb_1GHZ.pdb_1QB6.pdb	1516	0.438	0.365	0.074	1.347	1.149	0.198	0.453	0.348	0.105	-2.923	1994.461		0
ZINC03367652_33	1G3E.pdb_1GHZ.pdb_1QB6.pdb	1517	0.438	0.315	0.123	1.53	1.126	0.404	0.455	0.304	0.151	-4.15	1739.782		0
ZINC03820286_137	1G3E.pdb_1GHZ.pdb_1QB6.pdb	1523	0.438	0.328	0.11	1.391	1.116	0.275	0.472	0.317	0.155	-4.308	1814.792		0
ZINC03974958_163	1G3E.pdb_1GHZ.pdb_1QB6.pdb	1524	0.438	0.313	0.125	1.44	1.119	0.321	0.473	0.303	0.17	-4.725	1734.187		0
ZINC04619469_80	1G3E.pdb_1GHZ.pdb_1QB6.pdb	1522	0.438	0.343	0.095	1.469	1.18	0.289	0.45	0.326	0.124	-3.433	1863.958		0
ZINC04628541_146	1G3E.pdb_1GHZ.pdb_1QB6.pdb	1529	0.437	0.31	0.127	1.31	0.971	0.339	0.482	0.313	0.169	-4.68	1795.847		0
ZINC00587752_85	1G3E.pdb_1GHZ.pdb_1QB6.pdb	1525	0.437	0.319	0.119	1.443	1.09	0.353	0.462	0.311	0.152	-4.195	1777.115		0
ZINC03841658_151	1G3E.pdb_1GHZ.pdb_1QB6.pdb	1528	0.437	0.357	0.08	1.346	1.14	0.205	0.458	0.342	0.116	-3.224	1958.752		0
ZINC01910166_107	1G3E.pdb_1GHZ.pdb_1QB6.pdb	1527	0.437	0.381	0.056	1.378	1.23	0.148	0.439	0.356	0.083	-2.324	2036.386		0
ZINC03459114_130	1G3E.pdb_1GHZ.pdb_1QB6.pdb	1526	0.437	0.317	0.119	1.373	1.037	0.336	0.47	0.314	0.156	-4.318	1798.08		0
ZINC01534671_96	1G3E.pdb_1GHZ.pdb_1QB6.pdb	1537	0.436	0.331	0.105	1.409	1.135	0.274	0.464	0.318	0.146	-4.046	1821.998		0
ZINC03292185_133	1G3E.pdb_1GHZ.pdb_1QB6.pdb	1536	0.436	0.359	0.076	1.334	1.11	0.224	0.451	0.347	0.104	-2.874	1987.712		0
ZINC03962399_0	1G3E.pdb_1GHZ.pdb_1QB6.pdb	1535	0.436	0.329	0.107	1.467	1.161	0.306	0.456	0.315	0.142	-3.921	1799.079		0
ZINC00697677_101	1G3E.pdb_1GHZ.pdb_1QB6.pdb	1534	0.436	0.331	0.105	1.413	1.112	0.301	0.46	0.32	0.14	-3.866	1833.051		0
ZINC03889560_24	1G3E.pdb_1GHZ.pdb_1QB6.pdb	1533	0.436	0.358	0.078	1.458	1.203	0.255	0.439	0.338	0.101	-2.785	1933.689		0
ZINC03818181_166	1G3E.pdb_1GHZ.pdb_1QB6.pdb	1532	0.436	0.363	0.073	1.349	1.109	0.241	0.446	0.35	0.095	-2.633	2008.395		0
ZINC03990227_118	1G3E.pdb_1GHZ.pdb_1QB6.pdb	1531	0.436	0.379	0.058	1.413	1.241	0.172	0.433	0.353	0.08	-2.209	2019.11		0
ZINC03529019_180	1G3E.pdb_1GHZ.pdb_1QB6.pdb	1530	0.436	0.319	0.117	1.465	1.122	0.343	0.459	0.308	0.151	-4.169	1763.603		0
ZINC03135950_150	1G3E.pdb_1GHZ.pdb_1QB6.pdb	1545	0.435	0.338	0.097	1.441	1.16	0.28	0.453	0.323	0.13	-3.602	1845.674		0
ZINC04633537_114	1G3E.pdb_1GHZ.pdb_1QB6.pdb	1544	0.435	0.296	0.139	1.448	1.068	0.38	0.47	0.29	0.179	-4.972	1661.304		0
ZINC03992834_92	1G3E.pdb_1GHZ.pdb_1QB6.pdb	1543	0.435	0.35	0.085	1.382	1.162	0.22	0.455	0.334	0.121	-3.375	1909.405		0
ZINC03993045_70	1G3E.pdb_1GHZ.pdb_1QB6.pdb	1542	0.435	0.296	0.139	1.406	1.058	0.349	0.479	0.291	0.188	-5.237	1664.363		0
ZINC03376333_175	1G3E.pdb_1GHZ.pdb_1QB6.pdb	1541	0.435	0.318	0.117	1.33	1.0	0.33	0.472	0.319	0.153	-4.239	1827.342		0
ZINC03980797_134	1G3E.pdb_1GHZ.pdb_1QB6.pdb	1540	0.435	0.328	0.107	1.355	1.068	0.287	0.467	0.321	0.145	-4.034	1840.223		0
ZINC02029227_54	1G3E.pdb_1GHZ.pdb_1QB6.pdb	1539	0.435	0.362	0.073	1.309	1.145	0.165	0.461	0.346	0.115	-3.215	1983.882		0
ZINC03817648_96	1G3E.pdb_1GHZ.pdb_1QB6.pdb	1538	0.435	0.333	0.102	1.216	0.969	0.248	0.484	0.337	0.148	-4.12	1933.61		0
ZINC02622073_156	1G3E.pdb_1GHZ.pdb_1QB6.pdb	1549	0.434	0.363	0.071	1.404	1.198	0.206	0.44	0.343	0.098	-2.704	1961.002		0
ZINC02065596_129	1G3E.pdb_1GHZ.pdb_1QB6.pdb	1548	0.434	0.34	0.094	1.599	1.295	0.304	0.436	0.316	0.12	-3.32	1802.561		0
ZINC01911614_191	1G3E.pdb_1GHZ.pdb_1QB6.pdb	1547	0.434	0.34	0.094	1.443	1.183	0.26	0.452	0.323	0.129	-3.587	1844.68		0
ZINC03304729_64	1G3E.pdb_1GHZ.pdb_1QB6.pdb	1550	0.434	0.326	0.108	1.412	1.107	0.305	0.46	0.316	0.144	-3.996	1807.63		0
ZINC01092150_168	1G3E.pdb_1GHZ.pdb_1QB6.pdb	1546	0.434	0.314	0.12	1.438	1.081	0.357	0.46	0.307	0.154	-4.245	1755.763		0
ZINC03973004_139	1G3E.pdb_1GHZ.pdb_1QB6.pdb	1553	0.433	0.347	0.086	1.438	1.209	0.229	0.448	0.327	0.121	-3.374	1869.837		0
ZINC01911463_106	1G3E.pdb_1GHZ.pdb_1QB6.pdb	1551	0.433	0.341	0.092	1.545	1.265	0.28	0.439	0.318	0.121	-3.333	1818.02		0
ZINC03803272_100	1G3E.pdb_1GHZ.pdb_1QB6.pdb	1552	0.433	0.356	0.077	1.371	1.145	0.226	0.445	0.34	0.105	-2.897	1949.94		0
ZINC03960397_94	1G3E.pdb_1GHZ.pdb_1QB6.pdb	1554	0.433	0.347	0.086	1.489	1.239	0.25	0.441	0.325	0.116	-3.21	1857.367		0
ZINC03857293_114	1G3E.pdb_1GHZ.pdb_1QB6.pdb	1561	0.432	0.319	0.114	1.282	0.974	0.307	0.474	0.321	0.153	-4.238	1842.921		0
ZINC00587755_24	1G3E.pdb_1GHZ.pdb_1QB6.pdb	1559	0.432	0.33	0.102	1.489	1.164	0.325	0.445	0.316	0.129	-3.558	1805.866		0
ZINC03818622_49	1G3E.pdb_1GHZ.pdb_1QB6.pdb	1560	0.432	0.321	0.111	1.34	1.025	0.315	0.465	0.319	0.146	-4.038	1827.865		0
ZINC00587735_166	1G3E.pdb_1GHZ.pdb_1QB6.pdb	1565	0.432	0.372	0.06	1.471	1.272	0.199	0.424	0.345	0.079	-2.175	1973.082		0
ZINC01117954_78	1G3E.pdb_1GHZ.pdb_1QB6.pdb	1564	0.432	0.321	0.111	1.44	1.108	0.332	0.454	0.312	0.143	-3.948	1783.002		0
ZINC03815881_14	1G3E.pdb_1GHZ.pdb_1QB6.pdb	1563	0.432	0.346	0.086	1.324	1.086	0.238	0.455	0.337	0.118	-3.277	1930.89		0
ZINC04464286_114	1G3E.pdb_1GHZ.pdb_1QB6.pdb	1558	0.432	0.319	0.114	1.282	0.974	0.307	0.474	0.321	0.153	-4.238	1842.921		0
ZINC04522150_3	1G3E.pdb_1GHZ.pdb_1QB6.pdb	1557	0.432	0.342	0.09	1.455	1.207	0.248	0.447	0.323	0.123	-3.417	1849.271		0
ZINC02946022_58	1G3E.pdb_1GHZ.pdb_1QB6.pdb	1556	0.432	0.3	0.132	1.201	0.911	0.29	0.504	0.309	0.195	-5.458	1776.41		0
ZINC03820345_198	1G3E.pdb_1GHZ.pdb_1QB6.pdb	1555	0.432	0.319	0.113	1.491	1.155	0.337	0.451	0.306	0.146	-4.025	1748.336		0
ZINC04383678_132	1G3E.pdb_1GHZ.pdb_1QB6.pdb	1562	0.432	0.269	0.162	1.335	0.931	0.403	0.489	0.275	0.214	-5.945	1573.564		0
ZINC03923763_118	1G3E.pdb_1GHZ.pdb_1QB6.pdb	1569	0.431	0.326	0.105	1.469	1.184	0.285	0.452	0.311	0.142	-3.933	1775.07		0
ZINC03796506_5	1G3E.pdb_1GHZ.pdb_1QB6.pdb	1568	0.431	0.304	0.127	1.4	1.025	0.375	0.463	0.302	0.161	-4.458	1728.848		0
ZINC03820286_92	1G3E.pdb_1GHZ.pdb_1QB6.pdb	1567	0.431	0.311	0.12	1.368	1.071	0.297	0.472	0.305	0.167	-4.662	1743.746		0
ZINC03480987_54	1G3E.pdb_1GHZ.pdb_1QB6.pdb	1566	0.431	0.342	0.089	1.407	1.119	0.288	0.444	0.33	0.114	-3.146	1888.43		0
ZINC03944562_108	1G3E.pdb_1GHZ.pdb_1QB6.pdb	1571	0.431	0.331	0.1	1.222	1.0	0.222	0.486	0.331	0.154	-4.332	1901.554		0
ZINC04236637_68	1G3E.pdb_1GHZ.pdb_1QB6.pdb	1572	0.431	0.334	0.097	1.277	1.022	0.256	0.467	0.332	0.135	-3.765	1901.701		0
ZINC03796512_3	1G3E.pdb_1GHZ.pdb_1QB6.pdb	1570	0.431	0.302	0.129	1.431	1.027	0.404	0.459	0.299	0.16	-4.414	1712.759		0
ZINC04003611_30	1G3E.pdb_1GHZ.pdb_1QB6.pdb	1577	0.43	0.332	0.098	1.391	1.133	0.258	0.456	0.319	0.136	-3.795	1826.253		0
ZINC03426735_47	1G3E.pdb_1GHZ.pdb_1QB6.pdb	1573	0.43	0.319	0.111	1.483	1.15	0.333	0.449	0.306	0.143	-3.957	1751.6		0
ZINC02754468_10	1G3E.pdb_1GHZ.pdb_1QB6.pdb	1576	0.43	0.293	0.137	1.453	1.052	0.401	0.461	0.289	0.172	-4.763	1650.167		0
ZINC02987967_39	1G3E.pdb_1GHZ.pdb_1QB6.pdb	1575	0.43	0.312	0.117	1.499	1.103	0.395	0.447	0.303	0.143	-3.944	1735.11		0
ZINC03983385_108	1G3E.pdb_1GHZ.pdb_1QB6.pdb	1574	0.43	0.328	0.102	1.495	1.119	0.376	0.44	0.317	0.123	-3.394	1812.938		0
ZINC03532106_166	1G3E.pdb_1GHZ.pdb_1QB6.pdb	1581	0.429	0.315	0.114	1.406	1.088	0.318	0.458	0.307	0.151	-4.172	1757.234		0
ZINC04521980_31	1G3E.pdb_1GHZ.pdb_1QB6.pdb	1580	0.429	0.356	0.073	1.416	1.189	0.227	0.435	0.337	0.098	-2.697	1929.007		0
ZINC03506067_141	1G3E.pdb_1GHZ.pdb_1QB6.pdb	1579	0.429	0.34	0.088	1.559	1.238	0.321	0.428	0.319	0.109	-2.994	1825.836		0
ZINC02939779_66	1G3E.pdb_1GHZ.pdb_1QB6.pdb	1582	0.429	0.336	0.092	1.406	1.151	0.255	0.449	0.322	0.127	-3.513	1843.358		0
ZINC03820285_80	1G3E.pdb_1GHZ.pdb_1QB6.pdb	1578	0.429	0.329	0.1	1.324	1.08	0.244	0.467	0.321	0.145	-4.057	1838.923		0
ZINC03871842_170	1G3E.pdb_1GHZ.pdb_1QB6.pdb	1583	0.428	0.325	0.104	1.544	1.163	0.38	0.435	0.31	0.125	-3.438	1774.457		0
ZINC03970380_156	1G3E.pdb_1GHZ.pdb_1QB6.pdb	1584	0.428	0.323	0.105	1.388	1.093	0.296	0.454	0.314	0.14	-3.878	1797.417		0
ZINC03506031_142	1G3E.pdb_1GHZ.pdb_1QB6.pdb	1585	0.427	0.325	0.102	1.425	1.122	0.303	0.447	0.314	0.133	-3.691	1796.359		0
ZINC04195105_36	1G3E.pdb_1GHZ.pdb_1QB6.pdb	1586	0.427	0.293	0.134	1.465	1.047	0.418	0.455	0.289	0.165	-4.567	1653.921		0
ZINC03358513_90	1G3E.pdb_1GHZ.pdb_1QB6.pdb	1587	0.427	0.34	0.087	1.321	1.079	0.241	0.452	0.332	0.12	-3.332	1900.243		0
ZINC03558930_25	1G3E.pdb_1GHZ.pdb_1QB6.pdb	1588	0.427	0.343	0.084	1.408	1.149	0.258	0.439	0.328	0.111	-3.072	1876.87		0
ZINC01911468_82	1G3E.pdb_1GHZ.pdb_1QB6.pdb	1589	0.426	0.336	0.09	1.497	1.222	0.276	0.435	0.316	0.119	-3.28	1808.257		0
ZINC03401316_92	1G3E.pdb_1GHZ.pdb_1QB6.pdb	1590	0.426	0.3	0.125	1.416	1.024	0.392	0.454	0.298	0.155	-4.287	1707.575		0
ZINC03867341_24	1G3E.pdb_1GHZ.pdb_1QB6.pdb	1591	0.426	0.305	0.121	1.293	0.968	0.325	0.47	0.308	0.162	-4.494	1764.702		0
ZINC03867337_102	1G3E.pdb_1GHZ.pdb_1QB6.pdb	1592	0.426	0.305	0.121	1.293	0.967	0.325	0.47	0.308	0.162	-4.494	1764.402		0
ZINC03640553_132	1G3E.pdb_1GHZ.pdb_1QB6.pdb	1593	0.426	0.284	0.142	1.312	0.984	0.329	0.485	0.285	0.2	-5.577	1632.542		0
ZINC03480984_10	1G3E.pdb_1GHZ.pdb_1QB6.pdb	1594	0.426	0.347	0.078	1.388	1.132	0.256	0.435	0.334	0.101	-2.801	1910.972		0
ZINC01911616_32	1G3E.pdb_1GHZ.pdb_1QB6.pdb	1595	0.426	0.332	0.094	1.387	1.128	0.259	0.449	0.32	0.129	-3.569	1831.404		0
ZINC03818002_43	1G3E.pdb_1GHZ.pdb_1QB6.pdb	1596	0.425	0.308	0.116	1.345	1.016	0.329	0.46	0.307	0.153	-4.225	1758.644		0
ZINC03820285_22	1G3E.pdb_1GHZ.pdb_1QB6.pdb	1597	0.425	0.325	0.1	1.313	1.069	0.244	0.464	0.318	0.146	-4.061	1822.049		0
ZINC03307341_133	1G3E.pdb_1GHZ.pdb_1QB6.pdb	1598	0.425	0.293	0.132	1.434	1.067	0.367	0.458	0.288	0.17	-4.715	1647.113		0
ZINC04359876_189	1G3E.pdb_1GHZ.pdb_1QB6.pdb	1599	0.425	0.305	0.12	1.52	1.142	0.378	0.443	0.294	0.15	-4.133	1678.298		0
ZINC03968597_96	1G3E.pdb_1GHZ.pdb_1QB6.pdb	1600	0.425	0.31	0.115	1.441	1.097	0.344	0.449	0.301	0.148	-4.088	1723.269		0
ZINC03992943_185	1G3E.pdb_1GHZ.pdb_1QB6.pdb	1601	0.425	0.347	0.078	1.361	1.133	0.229	0.44	0.334	0.106	-2.94	1910.373		0
ZINC03987226_182	1G3E.pdb_1GHZ.pdb_1QB6.pdb	1602	0.425	0.306	0.119	1.37	1.034	0.336	0.459	0.303	0.156	-4.318	1735.862		0
ZINC03659281_111	1G3E.pdb_1GHZ.pdb_1QB6.pdb	1603	0.424	0.315	0.108	1.365	1.055	0.309	0.453	0.31	0.143	-3.966	1774.403		0
ZINC03769809_56	1G3E.pdb_1GHZ.pdb_1QB6.pdb	1604	0.424	0.302	0.121	1.462	1.055	0.407	0.445	0.297	0.148	-4.064	1701.764		0
ZINC02968057_48	1G3E.pdb_1GHZ.pdb_1QB6.pdb	1605	0.424	0.302	0.121	1.484	1.077	0.407	0.444	0.296	0.148	-4.064	1693.437		0
ZINC03506034_167	1G3E.pdb_1GHZ.pdb_1QB6.pdb	1606	0.424	0.321	0.103	1.318	1.029	0.29	0.456	0.319	0.137	-3.805	1825.298		0
ZINC04221592_39	1G3E.pdb_1GHZ.pdb_1QB6.pdb	1607	0.424	0.272	0.152	1.411	1.012	0.399	0.469	0.271	0.198	-5.493	1550.061		0
ZINC03867081_23	1G3E.pdb_1GHZ.pdb_1QB6.pdb	1608	0.424	0.281	0.143	1.416	1.0	0.416	0.459	0.28	0.179	-4.943	1603.561		0
ZINC03804979_81	1G3E.pdb_1GHZ.pdb_1QB6.pdb	1609	0.424	0.308	0.116	1.576	1.184	0.392	0.436	0.294	0.142	-3.912	1676.992		0
ZINC00595562_45	1G3E.pdb_1GHZ.pdb_1QB6.pdb	1610	0.424	0.3	0.124	1.411	1.029	0.382	0.453	0.297	0.156	-4.297	1700.614		0
ZINC01483635_37	1G3E.pdb_1GHZ.pdb_1QB6.pdb	1611	0.423	0.362	0.061	1.339	1.147	0.192	0.428	0.346	0.082	-2.276	1982.385		0
ZINC03855457_73	1G3E.pdb_1GHZ.pdb_1QB6.pdb	1612	0.423	0.338	0.085	1.385	1.148	0.237	0.441	0.324	0.118	-3.271	1851.536		0
ZINC02858524_162	1G3E.pdb_1GHZ.pdb_1QB6.pdb	1613	0.423	0.337	0.086	1.413	1.149	0.264	0.436	0.323	0.113	-3.137	1847.239		0
ZINC03575230_158	1G3E.pdb_1GHZ.pdb_1QB6.pdb	1614	0.423	0.268	0.155	1.532	1.066	0.466	0.452	0.264	0.189	-5.208	1506.589		0
ZINC02877075_2	1G3E.pdb_1GHZ.pdb_1QB6.pdb	1615	0.422	0.297	0.125	1.473	1.123	0.351	0.451	0.288	0.163	-4.506	1646.405		0
ZINC03460183_185	1G3E.pdb_1GHZ.pdb_1QB6.pdb	1616	0.422	0.344	0.077	1.419	1.181	0.239	0.43	0.327	0.103	-2.838	1870.544		0
ZINC03440357_82	1G3E.pdb_1GHZ.pdb_1QB6.pdb	1617	0.422	0.324	0.098	1.564	1.25	0.314	0.429	0.305	0.124	-3.434	1739.2		0
ZINC02877075_2	1G3E.pdb_1GHZ.pdb_1QB6.pdb	1618	0.422	0.297	0.125	1.473	1.123	0.351	0.451	0.288	0.163	-4.506	1646.405		0
ZINC02144108_36	1G3E.pdb_1GHZ.pdb_1QB6.pdb	1619	0.422	0.333	0.088	1.377	1.092	0.286	0.437	0.324	0.113	-3.123	1857.082		0
ZINC03818609_26	1G3E.pdb_1GHZ.pdb_1QB6.pdb	1620	0.422	0.315	0.107	1.358	1.036	0.322	0.45	0.311	0.138	-3.825	1783.218		0
ZINC03365898_91	1G3E.pdb_1GHZ.pdb_1QB6.pdb	1621	0.422	0.327	0.095	1.344	1.082	0.262	0.449	0.319	0.13	-3.61	1828.622		0
ZINC03851510_98	1G3E.pdb_1GHZ.pdb_1QB6.pdb	1622	0.421	0.344	0.077	1.306	1.053	0.253	0.438	0.338	0.1	-2.77	1937.028		0
ZINC03915830_17	1G3E.pdb_1GHZ.pdb_1QB6.pdb	1623	0.421	0.337	0.084	1.21	0.988	0.223	0.457	0.339	0.118	-3.279	1943.592		0
ZINC01542989_176	1G3E.pdb_1GHZ.pdb_1QB6.pdb	1624	0.421	0.314	0.106	1.392	1.089	0.303	0.447	0.307	0.14	-3.891	1754.059		0
ZINC00662544_120	1G3E.pdb_1GHZ.pdb_1QB6.pdb	1625	0.42	0.307	0.113	1.451	1.144	0.306	0.448	0.295	0.152	-4.223	1687.896		0
ZINC02661789_101	1G3E.pdb_1GHZ.pdb_1QB6.pdb	1626	0.419	0.361	0.057	1.341	1.17	0.171	0.423	0.343	0.079	-2.201	1964.933		0
ZINC04373695_198	1G3E.pdb_1GHZ.pdb_1QB6.pdb	1627	0.419	0.313	0.106	1.455	1.136	0.319	0.439	0.302	0.137	-3.792	1726.589		0
ZINC03804943_121	1G3E.pdb_1GHZ.pdb_1QB6.pdb	1628	0.418	0.328	0.091	1.5	1.208	0.293	0.426	0.31	0.116	-3.199	1771.807		0
ZINC03408831_190	1G3E.pdb_1GHZ.pdb_1QB6.pdb	1629	0.418	0.314	0.104	1.494	1.138	0.355	0.431	0.302	0.129	-3.55	1728.92		0
ZINC03801425_183	1G3E.pdb_1GHZ.pdb_1QB6.pdb	1630	0.418	0.331	0.087	1.262	1.009	0.252	0.447	0.33	0.117	-3.239	1892.571		0
ZINC01811506_43	1G3E.pdb_1GHZ.pdb_1QB6.pdb	1631	0.418	0.323	0.094	1.287	1.0	0.287	0.448	0.324	0.123	-3.413	1859.735		0
ZINC03820586_129	1G3E.pdb_1GHZ.pdb_1QB6.pdb	1632	0.418	0.279	0.139	1.552	1.094	0.458	0.439	0.273	0.166	-4.57	1558.562		0
ZINC03358510_95	1G3E.pdb_1GHZ.pdb_1QB6.pdb	1633	0.418	0.339	0.079	1.297	1.077	0.22	0.44	0.331	0.11	-3.043	1895.349		0
ZINC02953918_141	1G3E.pdb_1GHZ.pdb_1QB6.pdb	1634	0.418	0.329	0.089	1.37	1.082	0.288	0.435	0.321	0.114	-3.143	1839.22		0
ZINC00624132_155	1G3E.pdb_1GHZ.pdb_1QB6.pdb	1635	0.418	0.317	0.101	1.447	1.14	0.306	0.436	0.305	0.132	-3.639	1742.823		0
ZINC03802915_182	1G3E.pdb_1GHZ.pdb_1QB6.pdb	1636	0.417	0.293	0.124	1.288	0.94	0.348	0.459	0.298	0.161	-4.467	1709.65		0
ZINC03235139_181	1G3E.pdb_1GHZ.pdb_1QB6.pdb	1637	0.417	0.335	0.082	1.395	1.142	0.252	0.43	0.321	0.108	-2.999	1838.113		0
ZINC03007296_119	1G3E.pdb_1GHZ.pdb_1QB6.pdb	1642	0.416	0.313	0.102	1.303	1.011	0.293	0.448	0.312	0.136	-3.762	1790.248		0
ZINC03933659_111	1G3E.pdb_1GHZ.pdb_1QB6.pdb	1643	0.416	0.309	0.107	1.378	1.057	0.321	0.442	0.304	0.138	-3.814	1738.57		0
ZINC03279124_47	1G3E.pdb_1GHZ.pdb_1QB6.pdb	1641	0.416	0.318	0.098	1.423	1.109	0.314	0.433	0.309	0.125	-3.437	1766.114		0
ZINC01920516_73	1G3E.pdb_1GHZ.pdb_1QB6.pdb	1640	0.416	0.286	0.13	1.261	0.956	0.305	0.475	0.289	0.185	-5.175	1657.84		0
ZINC03293653_175	1G3E.pdb_1GHZ.pdb_1QB6.pdb	1639	0.416	0.318	0.098	1.502	1.188	0.314	0.427	0.303	0.124	-3.432	1730.481		0
ZINC03924330_113	1G3E.pdb_1GHZ.pdb_1QB6.pdb	1638	0.416	0.318	0.098	1.27	1.0	0.27	0.452	0.318	0.134	-3.721	1821.751		0
ZINC03408854_157	1G3E.pdb_1GHZ.pdb_1QB6.pdb	1645	0.414	0.292	0.122	1.449	1.065	0.384	0.439	0.287	0.152	-4.201	1640.979		0
ZINC03924333_153	1G3E.pdb_1GHZ.pdb_1QB6.pdb	1644	0.414	0.319	0.095	1.25	1.0	0.25	0.451	0.318	0.133	-3.687	1825.414		0
ZINC03817650_84	1G3E.pdb_1GHZ.pdb_1QB6.pdb	1647	0.413	0.283	0.13	1.251	0.905	0.346	0.464	0.292	0.172	-4.771	1674.866		0
ZINC02652842_162	1G3E.pdb_1GHZ.pdb_1QB6.pdb	1646	0.413	0.289	0.124	1.366	1.0	0.366	0.446	0.289	0.157	-4.35	1653.57		0
ZINC03817495_129	1G3E.pdb_1GHZ.pdb_1QB6.pdb	1649	0.413	0.286	0.127	1.386	0.989	0.397	0.444	0.287	0.157	-4.338	1644.162		0
ZINC03857608_42	1G3E.pdb_1GHZ.pdb_1QB6.pdb	1648	0.413	0.323	0.09	1.274	1.0	0.274	0.441	0.323	0.118	-3.261	1851.845		0
ZINC03422554_101	1G3E.pdb_1GHZ.pdb_1QB6.pdb	1650	0.413	0.309	0.105	1.381	1.082	0.299	0.44	0.302	0.139	-3.836	1724.943		0
ZINC03974622_6	1G3E.pdb_1GHZ.pdb_1QB6.pdb	1651	0.412	0.34	0.072	1.194	1.0	0.194	0.444	0.341	0.103	-2.869	1957.631		0
ZINC03810255_42	1G3E.pdb_1GHZ.pdb_1QB6.pdb	1653	0.412	0.317	0.095	1.328	1.055	0.273	0.439	0.312	0.127	-3.512	1787.907		0
ZINC01749949_186	1G3E.pdb_1GHZ.pdb_1QB6.pdb	1652	0.412	0.296	0.116	1.277	0.977	0.3	0.457	0.298	0.159	-4.419	1707.104		0
ZINC03362084_29	1G3E.pdb_1GHZ.pdb_1QB6.pdb	1654	0.412	0.301	0.111	1.21	0.923	0.288	0.462	0.309	0.153	-4.242	1773.019		0
ZINC03448264_3	1G3E.pdb_1GHZ.pdb_1QB6.pdb	1655	0.412	0.283	0.129	1.466	1.064	0.402	0.437	0.278	0.159	-4.391	1590.618		0
ZINC01081704_148	1G3E.pdb_1GHZ.pdb_1QB6.pdb	1656	0.411	0.316	0.096	1.391	1.101	0.29	0.431	0.307	0.125	-3.446	1755.241		0
ZINC03923719_179	1G3E.pdb_1GHZ.pdb_1QB6.pdb	1657	0.411	0.294	0.117	1.386	1.038	0.349	0.441	0.291	0.15	-4.14	1666.297		0
ZINC03857086_191	1G3E.pdb_1GHZ.pdb_1QB6.pdb	1658	0.411	0.323	0.088	1.285	1.017	0.268	0.436	0.321	0.115	-3.185	1840.763		0
ZINC03361581_26	1G3E.pdb_1GHZ.pdb_1QB6.pdb	1659	0.41	0.302	0.108	1.2	0.93	0.27	0.461	0.309	0.152	-4.243	1773.063		0
ZINC03921685_151	1G3E.pdb_1GHZ.pdb_1QB6.pdb	1660	0.409	0.323	0.086	1.291	1.029	0.262	0.433	0.32	0.113	-3.122	1833.368		0
ZINC03281839_5	1G3E.pdb_1GHZ.pdb_1QB6.pdb	1661	0.408	0.326	0.082	1.438	1.171	0.267	0.417	0.311	0.106	-2.915	1780.77		0
ZINC03810719_36	1G3E.pdb_1GHZ.pdb_1QB6.pdb	1662	0.408	0.271	0.137	1.437	1.055	0.381	0.443	0.267	0.177	-4.892	1524.664		0
ZINC03944257_69	1G3E.pdb_1GHZ.pdb_1QB6.pdb	1663	0.408	0.341	0.067	1.258	1.059	0.199	0.427	0.335	0.092	-2.56	1918.092		0
ZINC03955338_176	1G3E.pdb_1GHZ.pdb_1QB6.pdb	1667	0.407	0.311	0.095	1.302	1.06	0.242	0.442	0.306	0.136	-3.792	1751.844		0
ZINC03521772_48	1G3E.pdb_1GHZ.pdb_1QB6.pdb	1666	0.407	0.287	0.12	1.39	1.034	0.357	0.437	0.284	0.153	-4.239	1625.27		0
ZINC03963063_86	1G3E.pdb_1GHZ.pdb_1QB6.pdb	1665	0.407	0.303	0.104	1.378	1.094	0.284	0.436	0.295	0.141	-3.922	1685.913		0
ZINC03857491_115	1G3E.pdb_1GHZ.pdb_1QB6.pdb	1664	0.407	0.332	0.075	1.233	1.0	0.233	0.431	0.331	0.1	-2.77	1898.483		0
ZINC01885948_166	1G3E.pdb_1GHZ.pdb_1QB6.pdb	1668	0.406	0.252	0.154	1.314	0.933	0.38	0.462	0.256	0.205	-5.713	1466.479		0
ZINC03007300_119	1G3E.pdb_1GHZ.pdb_1QB6.pdb	1669	0.405	0.301	0.104	1.309	1.012	0.297	0.438	0.3	0.138	-3.818	1718.593		0
ZINC03801571_96	1G3E.pdb_1GHZ.pdb_1QB6.pdb	1670	0.405	0.323	0.082	1.379	1.169	0.21	0.427	0.308	0.118	-3.295	1762.376		0
ZINC03923917_87	1G3E.pdb_1GHZ.pdb_1QB6.pdb	1671	0.404	0.293	0.11	1.263	0.932	0.331	0.442	0.3	0.142	-3.934	1718.759		0
ZINC03459523_148	1G3E.pdb_1GHZ.pdb_1QB6.pdb	1672	0.402	0.324	0.078	1.282	1.053	0.23	0.425	0.319	0.106	-2.948	1825.786		0
ZINC03974617_191	1G3E.pdb_1GHZ.pdb_1QB6.pdb	1673	0.401	0.326	0.075	1.169	0.968	0.201	0.436	0.329	0.107	-2.966	1889.391		0
ZINC03820967_127	1G3E.pdb_1GHZ.pdb_1QB6.pdb	1674	0.4	0.329	0.071	1.243	1.034	0.209	0.423	0.326	0.097	-2.685	1868.237		0
ZINC01541286_79	1G3E.pdb_1GHZ.pdb_1QB6.pdb	1675	0.399	0.309	0.09	1.381	1.121	0.261	0.42	0.299	0.121	-3.348	1709.455		0
ZINC03963059_29	1G3E.pdb_1GHZ.pdb_1QB6.pdb	1676	0.399	0.297	0.102	1.364	1.098	0.266	0.431	0.29	0.141	-3.921	1656.356		0
ZINC03921673_69	1G3E.pdb_1GHZ.pdb_1QB6.pdb	1678	0.398	0.31	0.088	1.253	1.0	0.253	0.43	0.311	0.12	-3.316	1780.308		0
ZINC03828761_57	1G3E.pdb_1GHZ.pdb_1QB6.pdb	1679	0.398	0.32	0.078	1.208	1.011	0.197	0.432	0.319	0.113	-3.155	1829.036		0
ZINC03944075_183	1G3E.pdb_1GHZ.pdb_1QB6.pdb	1681	0.398	0.295	0.103	1.252	0.942	0.31	0.434	0.301	0.133	-3.689	1725.697		0
ZINC03818607_196	1G3E.pdb_1GHZ.pdb_1QB6.pdb	1682	0.398	0.306	0.092	1.309	1.029	0.28	0.423	0.303	0.12	-3.332	1734.73		0
ZINC02007110_72	1G3E.pdb_1GHZ.pdb_1QB6.pdb	1680	0.398	0.344	0.054	1.292	1.145	0.147	0.408	0.33	0.078	-2.17	1886.089		0
ZINC03972799_136	1G3E.pdb_1GHZ.pdb_1QB6.pdb	1677	0.398	0.304	0.094	1.345	1.085	0.26	0.426	0.297	0.129	-3.587	1698.433		0
ZINC01541284_100	1G3E.pdb_1GHZ.pdb_1QB6.pdb	1683	0.397	0.307	0.09	1.349	1.089	0.26	0.42	0.299	0.121	-3.344	1712.002		0
ZINC03416105_164	1G3E.pdb_1GHZ.pdb_1QB6.pdb	1685	0.396	0.262	0.134	1.265	0.91	0.355	0.446	0.27	0.176	-4.894	1543.324		0
ZINC03336657_173	1G3E.pdb_1GHZ.pdb_1QB6.pdb	1684	0.396	0.317	0.079	1.186	0.975	0.211	0.431	0.32	0.112	-3.108	1833.818		0
ZINC03972800_119	1G3E.pdb_1GHZ.pdb_1QB6.pdb	1687	0.395	0.329	0.066	1.279	1.1	0.179	0.415	0.319	0.095	-2.647	1828.323		0
ZINC03815879_21	1G3E.pdb_1GHZ.pdb_1QB6.pdb	1686	0.395	0.322	0.073	1.279	1.064	0.215	0.415	0.315	0.1	-2.759	1806.393		0
ZINC03513868_165	1G3E.pdb_1GHZ.pdb_1QB6.pdb	1688	0.395	0.274	0.121	1.266	0.925	0.342	0.438	0.28	0.158	-4.385	1603.701		0
ZINC03088497_46	1G3E.pdb_1GHZ.pdb_1QB6.pdb	1689	0.393	0.307	0.087	1.348	1.108	0.24	0.417	0.298	0.119	-3.308	1703.43		0
ZINC03805072_167	1G3E.pdb_1GHZ.pdb_1QB6.pdb	1690	0.393	0.308	0.085	1.447	1.185	0.262	0.406	0.294	0.113	-3.112	1677.039		0
ZINC03820960_112	1G3E.pdb_1GHZ.pdb_1QB6.pdb	1691	0.392	0.295	0.098	1.205	0.937	0.268	0.434	0.301	0.133	-3.695	1724.004		0
ZINC01081705_150	1G3E.pdb_1GHZ.pdb_1QB6.pdb	1694	0.391	0.3	0.091	1.337	1.061	0.277	0.414	0.295	0.119	-3.286	1687.382		0
ZINC03924335_43	1G3E.pdb_1GHZ.pdb_1QB6.pdb	1692	0.391	0.318	0.072	1.184	0.99	0.195	0.423	0.319	0.103	-2.868	1831.471		0
ZINC02652895_93	1G3E.pdb_1GHZ.pdb_1QB6.pdb	1693	0.391	0.313	0.078	1.253	1.036	0.218	0.418	0.31	0.108	-3.007	1775.085		0
ZINC03868253_166	1G3E.pdb_1GHZ.pdb_1QB6.pdb	1695	0.39	0.267	0.123	1.315	0.97	0.345	0.429	0.27	0.16	-4.43	1542.12		0
ZINC03460177_20	1G3E.pdb_1GHZ.pdb_1QB6.pdb	1696	0.389	0.276	0.113	1.336	1.0	0.336	0.421	0.276	0.145	-4.001	1581.538		0
ZINC03969935_149	1G3E.pdb_1GHZ.pdb_1QB6.pdb	1697	0.383	0.259	0.124	1.327	0.978	0.349	0.422	0.261	0.161	-4.471	1489.633		0
ZINC03820792_48	1G3E.pdb_1GHZ.pdb_1QB6.pdb	1698	0.383	0.272	0.111	1.332	1.0	0.332	0.415	0.272	0.143	-3.943	1556.045		0
ZINC00794278_134	1G3E.pdb_1GHZ.pdb_1QB6.pdb	1699	0.379	0.331	0.048	1.334	1.171	0.163	0.38	0.316	0.064	-1.779	1804.469		0
ZINC03521771_165	1G3E.pdb_1GHZ.pdb_1QB6.pdb	1700	0.379	0.297	0.081	1.313	1.063	0.25	0.4	0.292	0.108	-2.974	1671.405		0
ZINC03817584_121	1G3E.pdb_1GHZ.pdb_1QB6.pdb	1701	0.377	0.274	0.103	1.22	0.939	0.281	0.419	0.279	0.14	-3.876	1597.922		0
ZINC03444046_77	1G3E.pdb_1GHZ.pdb_1QB6.pdb	1702	0.374	0.284	0.09	1.289	1.028	0.261	0.403	0.282	0.121	-3.345	1614.24		0
ZINC03789716_39	1G3E.pdb_1GHZ.pdb_1QB6.pdb	1704	0.371	0.256	0.116	1.204	0.916	0.287	0.424	0.262	0.162	-4.51	1499.079		0
ZINC01070035_48	1G3E.pdb_1GHZ.pdb_1QB6.pdb	1703	0.371	0.298	0.074	1.386	1.145	0.242	0.383	0.287	0.096	-2.64	1639.614		0
ZINC00794277_146	1G3E.pdb_1GHZ.pdb_1QB6.pdb	1705	0.369	0.264	0.106	1.32	0.983	0.337	0.398	0.265	0.134	-3.686	1514.429		0
ZINC03889655_169	1G3E.pdb_1GHZ.pdb_1QB6.pdb	1706	0.363	0.242	0.121	1.259	0.9	0.359	0.403	0.249	0.154	-4.264	1424.603		0
ZINC03291266_198	1G3E.pdb_1GHZ.pdb_1QB6.pdb	1707	0.362	0.289	0.073	1.176	0.962	0.213	0.391	0.292	0.099	-2.744	1674.879		0
ZINC01874619_15	1G3E.pdb_1GHZ.pdb_1QB6.pdb	1708	0.36	0.271	0.088	1.195	0.94	0.256	0.395	0.276	0.119	-3.285	1581.319		0
ZINC02220856_0	1G3E.pdb_1GHZ.pdb_1QB6.pdb	1709	0.355	0.257	0.098	1.135	0.891	0.244	0.406	0.265	0.14	-3.912	1518.694		0
ZINC03363345_106	1G3E.pdb_1GHZ.pdb_1QB6.pdb	1710	0.355	0.266	0.088	1.149	0.893	0.256	0.394	0.275	0.119	-3.285	1577.597		0
ZINC03818662_154	1G3E.pdb_1GHZ.pdb_1QB6.pdb	1711	0.35	0.285	0.066	1.195	1.0	0.195	0.375	0.285	0.09	-2.495	1630.321		0
ZINC03834185_2	1G3E.pdb_1GHZ.pdb_1QB6.pdb	1712	0.326	0.21	0.115	2.238	1.677	0.561	0.321	0.194	0.127	-3.47	1099.408		1
ZINC01834216_92	1G3E.pdb_1GHZ.pdb_1QB6.pdb	1713	0.289	0.217	0.072	0.99	0.801	0.19	0.334	0.23	0.105	-2.911	1313.837		0
