Epoch	SMILES	Valid	Desired	CDPKit_ROCS_Supermol_TanimotoCombo	SA
1	CC(C)C(=O)N1CCC(NS(=O)(=O)c2ccc(NC(=O)c3c(C)cccc3)c3c2cccc3)CC1	1.0	0	0.128	0.968
1	O=S(=O)(Nc1cc(Cl)ccc1Cn1ccnn1)c1ccccc1	1.0	0	0.171	0.973
1	COc1ccc(Cn2nc(NS(=O)(=O)c3ccc(Cl)s3)c3c2cccc3OC)cc1	1.0	0	0.153	0.961
1	CCOC(=O)N1CCC(NS(=O)(=O)c2ccc(NCc3ccccc3)c3ccccc23)CC1	1.0	0	0.141	0.972
1	Cc1cc(N2C(=O)c3c(C2=O)c(NS(=O)(=O)c2ccc(C(C)(C)C)cc2)ccc3Cl)c(C)cc1	1.0	0	0.136	0.954
1	O=S(=O)(NC1CCN(Cc2ccc3cc(F)ccc3c2)CC1)c1ccccc1	1.0	0	0.065	0.982
1	O=C(O)c1c(Oc2cnccc2NS(=O)(=O)c2ccc(Cl)c(Cl)c2)cccc1	1.0	0	0.135	0.972
1	O=C(c1ccncc1)c1cc(Cl)ccc1NS(=O)(=O)c1ccc(N2CCCCC2)cc1	1.0	0	0.154	0.975
1	Nc1nn2c(O)c(Cc3ccc(Br)cc3)c(C3CCCC3)nc2n1	1.0	1	0.51	0.924
1	COc1nc(Br)cnc1NS(=O)(=O)c1c(Cl)cccc1Cl	1.0	1	0.231	0.949
1	Cc1cccc(C(=O)c2cc(Cl)ccc2NS(=O)(=O)c2ccc(C3(C)CCOCC3)cc2)n1	1.0	0	0.114	0.94
1	Cc1ccccc1C(=O)Nc1ccc(S(=O)(=O)Nc2ccccc2)cc1	1.0	0	0.075	0.991
1	O=S(=O)(Nc1cc(Cl)c(Cl)cc1Cn1ccnn1)c1cccc(Cl)c1	1.0	0	0.162	0.955
1	O=S(=O)(Nc1cc(Cl)c(Cl)cc1Cn1ccnn1)c1cccc(Cl)c1	1.0	0	0.162	0.955
1	CC(=O)C1=C(O)C(=O)N(c2ccc(Cl)cc2F)C1C1CCCCC1	1.0	1	0.395	0.9
1	CC(=O)C1=C(O)C(=O)N(c2cc(F)c(Cl)cc2)C1C1CCCCC1	1.0	1	0.39	0.901
1	Cc1c(C(=O)c2cc(Cl)ccc2NS(=O)(=O)c2ccc(S(C)(=O)=O)cc2)cccn1	1.0	0	0.105	0.972
1	COc1nc(F)c(F)nc1NS(=O)(=O)c1cccc(Cl)c1Cl	1.0	0	0.108	0.93
1	CC(C)(c1ccc(S(=O)(=O)Nc2cc(F)c(F)cc2C(=O)c2ncccc2)cc1)c1ncco1	1.0	0	0.133	0.915
1	CSc1ccc(N2C(=O)c3c(C2=O)c(NS(=O)(=O)c2ccc(C(C)(C)C)cc2)ccc3Cl)cc1	1.0	0	0.126	0.95
1	O=C(c1ccncc1)c1cc(Cl)ccc1NS(=O)(=O)c1ccc(Cl)cc1	1.0	0	0.158	0.983
1	CCOC(=O)N1CCC(NS(=O)(=O)c2ccc(NC(=O)c3ccccc3C)c3c2cccc3)CC1	1.0	0	0.136	0.97
1	COC(=O)C(CC(=O)c1ccccc1)Cc1ccc(Cl)cc1	1.0	0	0.115	0.97
1	CC(=O)C1=C(O)C(=O)N(c2ccc(F)cc2F)C1C1CCCCC1	1.0	1	0.291	0.902
1	CCCC(=O)N1CCC(NS(=O)(=O)c2ccc(NC(=O)c3nccnc3)c3c2cccc3)CC1	1.0	0	0.135	0.957
1	CCCCCSCc1nc2nc(Cc3ccccc3)nn2c(O)c1	1.0	0	0.081	0.945
1	CC(C)(C)c1ccc(S(=O)(=O)Nc2ccc(Cl)cc2-c2c(O)c(C(=O)O)cc(F)c2)cc1	1.0	0	0.156	0.963
1	O=C(O)COc1ccc(F)cc1Cl	1.0	0	0.046	0.991
1	O=C(c1ccncc1)c1cc(Cl)ccc1NS(=O)(=O)c1ccc(-c2ccccc2)cc1	1.0	0	0.145	0.981
1	COc1nc(Cl)cnc1NS(=O)(=O)c1ccnc(Cl)c1Cl	1.0	0	0.1	0.913
1	Cc1c(C(=O)Nc2ccc(S(=O)(=O)NC3CCN(C(=O)CCCN)CC3)c3c2cccc3)cccc1	1.0	0	0.005	0.964
1	O=S(=O)(Nc1cc(Cl)ccc1Cn1nccn1)c1cccc(C(F)(F)F)c1	1.0	0	0.167	0.952
1	Cc1ccc(S(=O)(=O)NC(C)CCc2ccc(C(=O)Nc3ccccc3N)cc2)cc1	1.0	0	0.05	0.958
1	COc1nc(Cl)cnc1NS(=O)(=O)c1ccnc(Cl)c1Cl	1.0	0	0.1	0.913
1	CCCCCc1nc2nc(N)nn2c(O)c1Cc1cc(Cl)cc(Cl)c1	1.0	1	0.496	0.918
1	COc1c(NS(=O)(=O)c2c(Cl)c(Cl)ccc2)nccc1C	1.0	0	0.128	0.969
1	CC(C)c1nc2nc(N)nn2c(O)c1Cc1cc(Cl)cc(Cl)c1	1.0	1	0.219	0.908
1	O=C(c1ccncc1)c1cc(Cl)ccc1NS(=O)(=O)c1ccc(N2CCOCC2)cc1	1.0	0	0.144	0.973
1	CNC(=O)Cn1nc(OC)c2c1ncnc2NS(=O)(=O)c1cccc(Cl)c1Cl	1.0	0	0.147	0.927
1	O=C(NCCN1CCCCC1)c1ccc(Oc2ncc(Cl)cc2NS(=O)(=O)c2ccc(Cl)c(C(F)(F)F)c2)cc1	1.0	0	0.005	0.944
1	COc1ccccc1Cc1c(O)n2nc(N)nc2nc1C1CC1	1.0	1	0.328	0.927
1	O=S(=O)(Nc1cc(Cl)c(Cl)cc1Cn1ccnn1)c1ccccc1	1.0	0	0.166	0.963
1	CCCC(=O)N1CCC(NS(=O)(=O)c2cc(C(N)=O)ccc2C)CC1	1.0	0	0.056	0.976
1	CCC(=O)C1=C(O)C(=O)N(c2ccc(C)cc2)C1C1CCCCC1	1.0	1	0.318	0.913
1	Cc1c(C(=O)Nc2ccc(S(=O)(=O)NC3CCN(C(=O)Nc4ccccc4)CC3)c3c2cccc3)cccc1	1.0	0	0.005	0.968
1	CC(=O)C1=C(O)C(=O)N(c2ccc(Cl)cc2F)C1C1CCCCC1	1.0	1	0.395	0.9
1	COc1ccc(N2C(=O)C(O)=C(C(C)=O)C2C2CCCCC2)cc1	1.0	1	0.289	0.931
1	O=C(O)c1c(Oc2ccc(Cl)cc2NS(=O)(=O)c2ccc(Cl)cc2)cccc1	1.0	0	0.138	0.984
1	O=C(O)c1c(Oc2ncccc2NS(=O)(=O)c2ccc(Cl)c(Cl)c2)cccc1	1.0	0	0.101	0.976
1	CC(=O)CCc1cc(CSc2nc(-c3ccc(F)cc3)c(-c3ccccc3)[nH]2)ccc1	1.0	0	0.068	0.971
1	CC(C)(C)c1ccc(S(=O)(=O)Nc2ccc(Cl)cc2C(=O)c2ccncc2)cc1	1.0	0	0.125	0.977
1	CC(=O)C1=C(O)C(=O)N(c2ccc(C)cc2)C1C1CCCCC1	1.0	1	0.305	0.929
1	COc1cccc2c1c(NS(=O)(=O)c1ccc(Cl)s1)nn2Cc1cccc(C#N)c1	1.0	0	0.151	0.946
1	O=C(NCCN1CCCC1)c1ccc(Oc2ncc(Cl)cc2NS(=O)(=O)c2ccc(Cl)c(S(=O)(=O)c3ccccc3)cc2)cc1	0.0	0	0.0	0.0
1	O=C(C1=C(O)C(=O)N(c2ccc(Br)cc2F)C1C1CCCCC1)c1ccccc1	1.0	1	0.422	0.904
1	COc1c(-c2cc(Cl)ccc2NS(=O)(=O)c2ccc(C(C)(C)C)cc2)nccc1	1.0	0	0.183	0.973
1	CC(=O)C1=C(O)C(=O)N(c2cc(Cl)c(Cl)cc2)C1C1CCCCC1	1.0	1	0.389	0.91
1	Cc1nn2c(O)cc(CSc3cccc(F)c3F)nc2n1	1.0	0	0.1	0.917
1	COc1nc2c(cc1Cl)SC(C)C(=O)N2CCCC(N)(C(=O)O)C(=O)O	1.0	0	0.091	0.651
1	CNS(=O)(=O)c1ccc(CNC(=O)c2cccc3c2[nH]ncc3c2ccccc2)cc1	0.0	0	0.0	0.0
1	COc1cc(Oc2ccc(C(=O)NCCN3CCCCC3)cc2)c(NS(=O)(=O)c2cc(C(F)(F)F)c(Cl)cc2)cc1Cl	1.0	0	0.005	0.945
1	CC(=O)C1=C(O)C(=O)N(c2cc(Cl)ccc2)C1C1CCCCC1	1.0	1	0.227	0.92
1	CCc1nc(Br)cnc1NS(=O)(=O)c1ccc(Cl)s1	1.0	0	0.147	0.925
1	CCCC(=O)N1CCC(NS(=O)(=O)c2ccc(NC(=O)C3CCN(C)CC3)c3c2cccc3)CC1	1.0	0	0.116	0.96
1	CC(=O)C1=C(O)C(=O)N(c2ccc(Br)cc2F)C1c1cc(Br)ccc1	1.0	1	0.441	0.918
1	CC(=O)C1=C(O)C(=O)N(c2ccc(F)cc2F)C1C1CCCCC1	1.0	1	0.291	0.902
1	Cc1nc(C)c(-c2ccc(S(=O)(=O)Nc3c(C(=O)O)cccc3)cc2)cc1	1.0	0	0.106	0.982
1	COc1nc(Br)cnc1NS(=O)(=O)c1ccc(Cl)cc1	1.0	0	0.19	0.968
1	Cc1cc(C(=O)c2cc(Cl)ccc2NS(=O)(=O)c2ccc(C(C)(C)C)cc2)ccn1	1.0	1	0.209	0.972
1	CC(C)CN1C(=O)SC(=O)C1=Cc1c(OS(=O)(=O)c2ccc(C(C)(C)C)cc2)ccc1	0.0	0	0.0	0.0
1	O=S(=O)(NCCCN1CCC(O)(c2ccc(Cl)cc2)CC1)c1ccccc1C(C)(C)C	1.0	0	0.113	0.958
1	O=S(=O)(Nc1cc(F)ccc1Cn1ccnn1)c1cccc(Br)c1	1.0	0	0.164	0.962
1	C=CCOc1c(Br)cc(C=NNc2cc(Cl)ccc2Cl)cc1	1.0	0	0.075	0.969
1	O=S(=O)(NCCCN1CCC(O)(c2ccc(Cl)cc2)CC1)c1ccccc1	1.0	0	0.141	0.976
1	COc1nc(Br)c(F)n1C	1.0	0	0.036	0.778
1	O=S(=O)(Nc1cc(Cl)ccc1Cn1ccnn1)c1ccc(Cl)cc1	1.0	1	0.271	0.97
1	CC1CCN(C(=O)C(CCn2cccn2)NS(=O)(=O)c2cc(Cl)c(N)c(Cl)c2)CC1	1.0	0	0.161	0.858
1	O=C(O)c1ccc(F)cc1C(=O)c1ccc(Cl)cc1NS(=O)(=O)c1ccc(Cl)c(Cl)c1	1.0	0	0.136	0.972
1	Cc1c(C(=O)Nc2ccc(S(=O)(=O)NC3CCN(C(=O)Nc4ccccc4)CC3)c3c2cccc3)cccc1	1.0	0	0.005	0.968
1	CCOC(=O)N1CCC(NS(=O)(=O)c2ccc(OC)cc2)CC1	1.0	0	0.057	0.985
1	CC(=O)C1=C(O)C(=O)N(c2cc(F)c(C)cc2)C1C1CCCCC1	1.0	1	0.306	0.908
1	O=C(O)c1c(Oc2ccc(Cl)cc2NS(=O)(=O)c2ccc(Cl)cc2)cccc1	1.0	0	0.138	0.984
1	N#Cc1cccn1CCC(NS(=O)(=O)c1cccc2c1cc[nH]2)C(=O)N1CCC(C(F)(F)F)CC1	1.0	0	0.134	0.752
1	C=CCN(C(=O)CCc1ccc(C#N)cc1)C1CCN(CCC2(c3cccc(F)c3)CCN(C(=O)c3cc(S(=O)(=O)NC)c(F)cc3Cl)CC2)CC1	1.0	0	0.005	0.8
1	COc1c(-c2cc(Cl)ccc2NS(=O)(=O)c2ccc(C(C)(C)C)cc2)nccc1	1.0	0	0.183	0.973
1	O=C(NC1CCN(Cc2c(F)cccc2F)CC1)c1ccccc1-c1ccsc1Cl	1.0	0	0.081	0.96
1	CC(=O)C1=C(O)C(=O)N(c2ccc(C)cc2)C1C1CCCCCC1	1.0	1	0.329	0.929
1	COc1nc(Cl)cnc1NS(=O)(=O)c1cccc(F)c1Cl	1.0	0	0.178	0.945
1	O=C(c1ccncc1)c1cc(Cl)ccc1NS(=O)(=O)c1ccc(OC(F)(F)F)cc1	1.0	0	0.118	0.973
1	C=CCOc1c(CO)cccc1CC=C(C)CCCNC(=O)c1ccccc1OB(C)	1.0	0	0.005	0.857
1	O=C(NCCN=Cc1ccccc1)c1ccc(Oc2ccc(F)cc2)cc1	1.0	0	0.068	0.982
1	CC(C)Oc1cc(F)c(NS(=O)(=O)c2ccc(Cl)cc2)c(O)c1	1.0	0	0.164	0.973
1	CCCCCc1ccc(C(=O)Nc2ccc(S(=O)(=O)NC3CCN(C(=O)CCC)CC3)cc2)cc1	1.0	0	0.052	0.975
1	COc1nc(Br)cnc1NS(=O)(=O)c1cccc(Cl)c1	1.0	0	0.135	0.963
1	O=C(Cc1ccc(F)cc1)c1cc(C(=O)c2cccc(Cl)c2)ccc1	1.0	0	0.08	0.987
1	Cn1nnnc1Cc1ncc(Cl)cc1NS(=O)(=O)c1ccc(Cl)c(Cl)c1	1.0	0	0.103	0.937
1	CC1CCN(C(=O)C(CCn2cccc2C#N)NS(=O)(=O)c2ccc3[nH]ccc3c2)CC1	1.0	0	0.126	0.817
1	CCCCCCCc1nc2nc(N)nn2c(O)c1Cc1cccc(Cl)c1	1.0	0	0.136	0.937
1	O=S(=O)(NCCCN1CCC(O)(c2ccc(Cl)cc2)CC1)c1ccc(C(F)(F)F)cc1	1.0	0	0.111	0.964
1	Cc1c(C(=O)Nc2ccc(S(=O)(=O)NC3CCN(C(=O)OCCCN(C)C)CC3)c3c2cccc3)cccc1	1.0	0	0.005	0.955
2	COCCOc1nn(C)c2c1c(NS(=O)(=O)c1c(Cl)c(Cl)ccc1)ncn2	1.0	0	0.162	0.933
2	O=C(O)c1ccccc1Oc1ccc(Cl)cc1NS(=O)(=O)c1ccc(Cl)c(Cl)c1	1.0	0	0.129	0.98
2	CCOC(=O)N1CCC(NS(=O)(=O)c2ccc(C(=O)Nc3ccccc3)cc2)CC1	1.0	0	0.074	0.983
2	CC(C)(C)c1ccc(S(=O)(=O)Nc2ccc(Cl)c3c2C(=O)N(Cc2ncccc2F)C3=O)cc1	1.0	0	0.124	0.939
2	CC(=O)C1=C(O)C(=O)N(c2ccc(Br)cc2F)C1c1cc(Cl)ccc1	1.0	1	0.439	0.925
2	Cc1ncccc1C(=O)c1cc(Cl)ccc1NS(=O)(=O)c1ccc(C(C)(C)C)cc1	1.0	0	0.113	0.973
2	O=C(c1ccncc1)c1cc(Cl)ccc1NS(=O)(=O)c1ccc(Cl)cc1c	0.0	0	0.0	0.0
2	CC(C)(C)COc1ncnc2c1c(NS(=O)(=O)c1cccc(Cl)c1)nn2Cc1cccc(CNC(=O)c2ccccc2)c1	1.0	0	0.005	0.919
2	Cc1cccc(Cl)c1S(=O)(=O)NC(=O)N1CCC(N2CC(CCOc3cc(Cl)cc(Cl)c3)CC2)CC1	1.0	0	0.005	0.84
2	CCC(=O)C1C(=O)N2C(=O)C(O)(C(=O)OC)CCC2C1=O	1.0	0	0.079	0.383
2	CNS(=O)(=O)c1ccc(Cl)cc1	1.0	0	0.054	0.992
2	CCOC(=O)C(CC)(CC)C(=O)c1ccc(Cl)cc1Cl	1.0	0	0.084	0.958
2	COc1ccc(Cn2nc(NS(=O)(=O)c3ccc(Cl)s3)c3c2cccc3OC)cc1	1.0	0	0.153	0.961
2	O=C(c1ccncc1)c1cc(Cl)ccc1NS(=O)(=O)c1ccc(N2CCC2)cc1	1.0	0	0.104	0.978
2	CC(=O)C1=C(O)C(=O)N(c2ccc(C)cc2)C1c1ccc(Br)cc1	1.0	1	0.338	0.953
2	CCCC(=O)C1=C(O)C(=O)N(c2ccc(C)cc2)C1C1CCCCCC1	1.0	1	0.337	0.909
2	O=C(O)c1c(Oc2ccc(F)cc2NS(=O)(=O)c2ccc(Cl)cc2)cccc1	1.0	0	0.138	0.983
2	O=C(c1ncccn1)c1cc(Cl)ccc1NS(=O)(=O)c1ccc(N2CCCCC2)cc1	1.0	0	0.152	0.966
2	NS(=O)(=O)c1ccc(C(=O)c2c(O)c(Cl)ccc2N2C=CC(CN3CCC(Cc4ccccc4)CC3)CC2=O)cc1	1.0	0	0.005	0.721
2	O=C(O)c1c(F)cccc1Oc1ncc(Br)cc1NS(=O)(=O)c1ccc(Cl)c(Cl)c1	1.0	0	0.15	0.957
2	O=C(NCCN1CCCCC1)c1ccc(Oc2ncc(Cl)cc2NS(=O)(=O)c2ccc(Cl)c(C(F)(F)F)c2)cc1	1.0	0	0.005	0.944
2	CCOC(=O)N1CCC(NS(=O)(=O)c2ccc(C(=O)Nc3ccccc3C)c3ccccc23)CC1	1.0	0	0.177	0.97
2	CC(C)(C)c1ccc(S(=O)(=O)Nc2ccc(Cl)c3c2C(=O)N(c2ncc(F)cc2)C3=O)cc1	1.0	0	0.137	0.943
2	COc1nn(CC(N)=O)c2c1c(NS(=O)(=O)c1cccc(Cl)c1Cl)ncn2C	0.0	0	0.0	0.0
2	Nc1nn2c(O)c(Cc3cccc(Cl)c3)c(C3CCCC3)nc2n1	1.0	1	0.267	0.924
2	O=C(c1cnccc1)c1cc(Cl)ccc1NS(=O)(=O)c1ccc(Cl)cc1C	1.0	0	0.082	0.977
2	CC(C)n1ncc2c1C(=O)N(CCN1CCCC1)CC2c1ccc(Br)cc1	1.0	1	0.215	0.847
2	CC(=O)C1=C(O)C(=O)N(c2ccc(C)cc2)C1c1ccc(C)cc1	1.0	1	0.345	0.959
2	CNC(=O)N1CCC(NS(=O)(=O)c2ccc(NC(=O)c3ccccc3C)c3ccccc23)CC1	1.0	0	0.139	0.967
2	CC(=O)NCc1cc(Cn2nc(NS(=O)(=O)c3ccc(Cl)s3)c3c(C(F)(F)F)cccc32)ccc1	1.0	0	0.113	0.926
2	O=C(c1ccncc1)c1cc(Cl)ccc1NS(=O)(=O)c1ccc(F)cc1	1.0	0	0.146	0.982
2	CC(=O)C1=C(O)C(=O)N(c2cc(C(F)(F)F)ccc2)C1C1CCCCC1	1.0	1	0.223	0.902
2	CC(=O)C1=C(O)C(=O)N(c2ccc(C)cc2)C1c1ccccc1	1.0	1	0.347	0.963
2	CNS(=O)(=O)c1ccc(CNC(=O)c2cccc3c2cnn3-c2ccc(F)cc2)cc1	1.0	0	0.092	0.975
2	O=C(c1ccncc1)c1cc(Cl)ccc1NS(=O)(=O)c1ccc(OC(F)(F)F)cc1	1.0	0	0.118	0.973
2	O=C(O)c1c(Oc2cccc(F)c2)cccc1C	1.0	0	0.124	0.987
2	Oc1cc(CSc2cccc(F)c2F)nc2nc(Cc3ccccc3)nn12	1.0	0	0.084	0.937
2	COC(=O)CCc1ccc(S(=O)(=O)Nc2ccc(Cl)cc2C(=O)c2ccncc2)cc1	1.0	0	0.116	0.975
2	COc1nc(F)c(F)nc1NS(=O)(=O)c1cccc(Cl)c1Cl	1.0	0	0.108	0.93
2	COc1cc(Cn2nc(NS(=O)(=O)c3ccc(Cl)s3)c3c(OC)cccc32)ccc1	1.0	0	0.146	0.958
2	COc1nc(Br)cnc1NS(=O)(=O)c1ccc(Cl)cc1	1.0	0	0.19	0.968
2	Cc1ccncc1CN1C(=O)c2c(C1=O)c(NS(=O)(=O)c1ccc(C(C)(C)C)cc1)ccc2Cl	1.0	0	0.089	0.942
2	COc1c(NS(=O)(=O)c2ccc(Cl)s2)ncc(Br)c1	1.0	0	0.143	0.957
2	COc1cc2c(cc1NS(=O)(=O)c1c(Cl)c(Cl)ccc1)nc(O)n2C1CNC1	1.0	0	0.172	0.911
2	COc1ccc(SCc2nc3nc(Cc4ccccc4)nn3c(O)c2)c(OC)c1	1.0	0	0.129	0.946
2	COc1c(C(=O)c2ccccc2)ncc2c1ccc(=O)n2CCCNS(=O)(=O)c1ccc(Cl)c(Cl)c1	1.0	0	0.005	0.942
2	CC(C)(C)c1ccc(S(=O)(=O)Nc2ccc(Cl)cc2-c2c(CO)cccc2)cc1	1.0	0	0.152	0.977
2	CCC(=O)C1=C(O)C(=O)N(c2ccc(C)cc2)C1C1CCCCC1	1.0	1	0.318	0.913
2	COc1ccc(S(=O)(=O)Nc2ccc(Br)cc2C(=O)c2ccncc2)cc1	1.0	0	0.106	0.981
2	O=C(c1ccncc1)c1cc(Cl)ccc1NS(=O)(=O)c1ccc(F)cc1	1.0	0	0.146	0.982
2	CC(C)(C)c1ccc(S(=O)(=O)Nc2ccc(Cl)c3c2C(=O)N(Cc2ncccc2F)C3=O)cc1	1.0	0	0.124	0.939
2	CC(=O)OCC(C)(C)c1ccc(S(=O)(=O)c2ccc(Cl)cc2)cc1	1.0	0	0.087	0.977
2	O=S(=O)(Nc1cc(Cl)cnc1Oc1ccc(Cl)cc1)C(F)(F)F	1.0	0	0.187	0.965
2	Cc1c(C(=O)Nc2ccc(S(=O)(=O)NC3CCN(C(=O)CN)CC3)c3c2cccc3)cccc1	1.0	0	0.122	0.967
2	CC(C)c1nc2nc(C)c(NS(=O)(=O)c3cccc(Cl)c3Cl)c(O)n2c2ccccc12	0.0	0	0.0	0.0
2	CC(=O)C1=C(O)C(=O)N(c2cc(C(F)(F)F)ccc2)C1C1CCCCC1	1.0	1	0.223	0.902
2	O=C(CN1CCCC1)c1ccc(Cl)cc1ClCCN1CCC(N2C(=O)NC(Cc3ccccc3)C2=O)CC1	0.0	0	0.0	0.0
2	CCCCCCCc1nc2nc(N)nn2c(O)c1Cc1cccc(Cl)c1	1.0	0	0.136	0.937
2	CC1(c2ccc(S(=O)(=O)Nc3ccc(Cl)cc3C(=O)c3ccncc3)cc2)OCCO1	1.0	0	0.128	0.949
2	Cc1ncc(CO)c(C)c1NS(=O)(=O)c1cccc(Cl)c1Cl	1.0	0	0.086	0.947
2	O=C(C1=C(O)C(=O)N(c2ccc(Br)cc2F)C1C1CCCCC1)c1ccccc1	1.0	1	0.422	0.904
2	O=C(c1ccncc1)c1cc(Cl)ccc1NS(=O)(=O)c1ccc(-c2ccccc2)cc1	1.0	0	0.145	0.981
2	CCCC(=O)N1CCC(NS(=O)(=O)c2ccc(NC(=O)C3CCCCC3)c3ccccc23)CC1	1.0	0	0.147	0.965
2	CC(C)c1nc2nc(N)nn2c(O)c1Cc1ccc(Cl)cc1	1.0	1	0.227	0.937
2	O=S(=O)(Nc1cc(Cl)ccc1Cn1ccnn1)c1ccccc1	1.0	0	0.171	0.973
2	CCCC(=O)N1CCC(NS(=O)(=O)c2ccc(NC(=O)c3ccc(C)cc3)c3c2cccc3)CC1	1.0	0	0.135	0.971
2	Cc1c(C(=O)Nc2ccc(S(=O)(=O)NC3CCN(C(=O)C4CC4)CC3)c3c2cccc3)cccc1	1.0	0	0.111	0.97
2	CCCC(=O)c1ccc(N2C(=O)c3c(C2=O)c(NS(==)(=O)c2cccc(C(C)(C)C)c2)cccc3)cc1	0.0	0	0.0	0.0
2	O=[N+]([O-])c1cc(O)c2N=C(Nc3c(Cl)cccc3)NS(=O)(=O)c2c1	1.0	0	0.097	0.865
2	CC(C)(C)c1ccc(S(=O)(=O)Nc2ccc(Cl)cc2-c2c(O)c(CO)ccn2)cc1	1.0	0	0.156	0.952
2	Cc1c(C(=O)Nc2ccc(S(=O)(=O)NC3CCCNCC3)cc2)cccc1	1.0	0	0.072	0.958
2	N#Cc1cccn1CCC(NS(=O)(=O)c1cc(Cl)c(N)c(Cl)c1)C(=O)N1CCCC1	1.0	0	0.164	0.821
2	COc1cc2c(cc1NS(=O)(=O)c1c(Cl)c(Cl)ccc1)OCCO2	1.0	0	0.161	0.973
2	COc1nc(Cl)cnc1NS(=O)(=O)c1cccc(F)c1Cl	1.0	0	0.178	0.945
2	O=C(O)c1cc(Oc2ncc(Cl)cc2NS(=O)(=O)c2cc(Cl)c(Cl)cc2)ccc1	1.0	0	0.106	0.971
2	O=C(c1ccncc1)c1cc(Cl)ccc1NS(=O)(=O)c1cccc(F)c1	1.0	0	0.123	0.98
2	O=C(O)c1c(Oc2cnccc2NS(=O)(=O)c2ccc(Cl)cc2)cccc1	1.0	0	0.145	0.978
2	Cc1c(C(=O)Nc2ccc(S(=O)(=O)NC3CCN(C(=O)C(C)C)CC3)c3c2cccc3)cccc1	1.0	0	0.128	0.968
2	O=C(c1ccncc1)c1cc(Cl)ccc1NS(=O)(=O)c1ccc(N2CCOCC2)cc1	1.0	0	0.144	0.973
2	Cc1cc(COc2c(Cl)cccc2-c2c(Cl)cccc2F)c(O)c2CCCN2CCCCCCCCC(=O)NCCC(=O)N1	0.0	0	0.0	0.0
2	COc1ccc(C(=O)c2cc(Cl)ccc2NS(=O)(=O)c2ccc(C3(C)CCOCC3)cc2)cc1	1.0	0	0.148	0.958
2	Cc1nc(C)c(C(=O)NC2(c3ccc(Cl)cc3)CCN(C(=O)C3CCCCC3)CC2)c1C()	0.0	0	0.0	0.0
2	CS(=O)(=O)Nc1cc(CCc2ccc(Cl)cc2)ccc1	1.0	0	0.073	0.99
2	COc1nc(Br)cnc1NS(=O)(=O)c1ccccc1Cl	1.0	0	0.189	0.963
2	O=C(O)c1c(Oc2cccc(F)c2NS(=O)(=O)c2ccc(Cl)cc2)cccc1	1.0	1	0.213	0.979
2	COc1nc(Cl)cnc1NS(=O)(=O)c1cccc(C(F)(F)F)c1Cl	1.0	0	0.168	0.934
2	CCCCC(=O)C1=C(O)C(=O)N(c2ccc(C)cc2C)C1C1CCCCC1	1.0	1	0.312	0.89
2	Cn1nncc1C(=O)c1cc(Cl)ccc1NS(=O)(=O)c1ccc(C(C)(C)C)cc1	1.0	0	0.107	0.953
2	CC(=O)C1=C(O)C(=O)N(c2ccc(C)cc2)C1C1CCCCC1	1.0	1	0.305	0.929
2	CC(=O)c1ccc(S(=O)(=O)Nc2cccc(C(=O)Nc3ccccc3C(=O)c3ccccc3)c2)cc1	1.0	0	0.005	0.981
2	CC(C)(C)c1ccc(S(=O)(=O)Nc2cccc3c2C(=O)N(Cc2cnccc2)C3=O)cc1	1.0	0	0.121	0.967
2	CC(C)(C)c1ccc(S(=O)(=O)Nc2ccc(Cl)cc2-c2c(O)ccc[n+]2[O-])cc1	1.0	0	0.145	0.938
2	CC(C)(C)c1ccc(S(=O)(=O)Nc2ccc(Cl)cc2-c2c(N)ccnn2)cc1	1.0	0	0.159	0.955
2	Cc1nc2nc(N)nn2c(O)c1Cc1cccc(Cl)c1C	1.0	1	0.495	0.931
2	COc1nc(Cl)cnc1NS(=O)(=O)c1cccc(Cl)c1Cl	1.0	0	0.177	0.955
2	Cc1ccc(S(=O)(=O)Nc2cc(Cl)ccc2C(=O)c2ccncc2)cc1	1.0	0	0.145	0.982
2	CC(C)(C)c1ccc(S(=O)(=O)Nc2ccc(Cl)cc2C(=O)c2ccnc(Cl)c2)cc1	1.0	0	0.138	0.971
2	COc1ccccc1NS(=O)(=O)c1ccc(Cl)cc1N[O]	1.0	0	0.005	0.97
2	Cc1c2C(=O)N(Cc3cnccc3)C(=O)c2c(N)ncc1	0.0	0	0.0	0.0
2	Nc1nn2c(O)c(Cc3cccc(Cl)c3)c(-c3ccccc3)nc2n1	1.0	1	0.596	0.957
3	COc1cc2c(cc1NS(=O)(=O)c1c(Cl)c(Cl)ccc1)nc(O)n2C1CNC1	1.0	0	0.172	0.911
3	Cc1cc(C(=O)c2cc(Cl)ccc2NS(=O)(=O)c2ccc(OC(C)C)cc2)ccn1	1.0	0	0.184	0.972
3	Cc1cc(N2C(=O)c3c(C2=O)c(NS(=O)(=O)c2ccc(C(C)(C)C)cc2)ccc3Cl)cnc1	1.0	0	0.139	0.939
3	CNc1c(-c2cc(Cl)ccc2NS(=O)(=O)c2ccc(C(C)(C)C)cc2)cccn1	1.0	0	0.158	0.967
3	Cc1c(C(=O)c2cc(Cl)ccc2NS(=O)(=O)c2ccc(S(C)(=O)=O)cc2)cccc1	1.0	0	0.105	0.98
3	O=C(c1ccncc1)c1cc(Cl)ccc1NS(=O)(=O)c1ccc([N+](=O)[O-])cc1	1.0	0	0.104	0.977
3	CC(=O)NCc1cc(Cn2nc(NS(=O)(=O)c3ccc(Cl)s3)c3ccccc32)ccc1	1.0	0	0.112	0.958
3	O=S(=O)(NCCCN1CCC(O)(c2ccc(Cl)cc2)CC1)c1ccc(F)cc1	1.0	0	0.159	0.973
3	Nc1nn2c(O)c(Cc3cccc(Cl)c3)c(CCc3ccccc3)nc2n1	1.0	1	0.514	0.95
3	CC(C)(C)c1ccc(S(=O)(=O)Nc2ccc(S(=O)(=O)Nc3ccc(C(=O)O)cc3)cc2)cc1	1.0	0	0.098	0.98
3	COc1ccc(CC(=O)Nc2cc(Cl)ccc2C(=O)c2ccncc2)cc1	1.0	0	0.127	0.984
3	Cc1cccc(OCC(=O)Nc2ccc(S(=O)(=O)Nc3ncccn3)cc2)c1	1.0	0	0.057	0.982
3	CCCC(=O)N1CCC(NS(=O)(=O)c2ccc(NC(=O)c3cccc(C)c3)c3ccccc23)CC1	1.0	0	0.126	0.969
3	CC(=O)C1=C(O)C(=O)N(c2cc(Cl)c(C)cc2)C1c1ccc(Br)cc1	1.0	1	0.335	0.939
3	CC(C)c1nc2nc(N)nn2c(O)c1Cc1ccc(Cl)c(Cl)c1	1.0	1	0.214	0.923
3	CC(C)(C)c1ccc(S(=O)(=O)Nc2ccc(Cl)cc2C(=O)c2ccnc(C#N)c2)cc1	1.0	0	0.171	0.962
3	COc1cc2c(cc1NS(=O)(=O)c1c(Cl)c(Cl)ccc1)nc(O)n2C1CNC1	1.0	0	0.172	0.911
3	COc1nc2c(cc1NS(=O)(=O)c1c(Cl)c(I)ccc1)sc2	0.0	0	0.0	0.0
3	O=C(CCS)NCCCCc1ccccc1	1.0	0	0.046	0.988
3	O=S(=O)(NCc1ccccc1)c1ccccc1N1	0.0	0	0.0	0.0
3	Oc1cc(CSc2cccc(OS(=O)(=O)c3ccccc3)c2)nc2cc(F)ccc12	1.0	0	0.112	0.956
3	CC(C)(C)c1ccc(S(=O)(=O)Nc2ccc(Cl)cc2-c2c(O)cncn2)cc1	1.0	0	0.162	0.958
3	COc1cc2c(cc1NS(=O)(=O)c1c(Cl)c(Cl)ccc1)nc(O)n2C(C)C	1.0	0	0.193	0.937
3	Cc1ccc(S(=O)(=O)NC(CCNC(=O)NC(C)c2ccccc2)C(=O)c2ccccc2)cc1	1.0	0	0.136	0.905
3	O=C(NCCN1CCNCC1)c1cc(Oc2ncc(Cl)cc2NS(=O)(=O)c2ccc(Cl)c(Cl)c2)ccc1	1.0	0	0.005	0.946
3	O=C(O)c1c(Oc2ccc(Cl)cc2NS(=O)(=O)c2ccc(Cl)cc2)cccc1	1.0	0	0.138	0.984
3	O=C(c1ccncc1)c1cccc(OC(F)(F)F)c1-c1ncccn1	1.0	0	0.118	0.954
3	Nc1nn2c(O)c(Cc3cccc(Cl)c3)c(C3CCCC3)nc2n1	1.0	1	0.267	0.924
3	CC(C)(C)c1ccc(S(=O)(=O)Nc2ccc(Cl)cc2-c2ncccn2)cc1	1.0	0	0.114	0.975
3	COc1nccc(N2C(=O)c3c(C2=O)c(NS(=O)(=O)c2ccc(C(C)(C)C)cc2)ccc3Cl)cc1	0.0	0	0.0	0.0
3	COc1nc(Br)cnc1NS(=O)(=O)c1cccc(Cl)c1C	1.0	0	0.184	0.953
3	CC(C)Oc1ccc(S(=O)(=O)Nc2ccc(Cl)cc2C(=O)c2ccncc2)cc1	1.0	0	0.104	0.977
3	COc1cc2c(cc1NS(=O)(=O)c1c(Cl)c(Cl)ccc1)nc(O)n2C(CO)CO	1.0	0	0.179	0.906
3	N#Cc1cc(S(=O)(=O)Nc2cc(Cl)ccc2Cn2ccnn2)ccc1	1.0	0	0.104	0.957
3	CC(=O)C1=C(O)C(=O)N(c2cc(C)c(C)cc2)C1C1CCCCCCC1	1.0	1	0.313	0.915
3	O=C(O)c1ccccc1Oc1ccc(C(F)(F)F)cc1COc1ccc(-c2ncccc2)cc1	1.0	0	0.106	0.973
3	COc1nc(CO)c(Cl)nc1NS(=O)(=O)c1cccc(Cl)c1Cl	1.0	0	0.112	0.935
3	COc1nc(F)c(F)nc1NS(=O)(=O)c1cccc(Cl)c1Cl	1.0	0	0.108	0.93
3	COc1nc(Br)cnc1NS(=O)(=O)c1cccc(Cl)c1C	1.0	0	0.184	0.953
3	O=C(O)c1cc(Oc2ncc(Cl)cc2NS(=O)(=O)c2ccc(Cl)cc2)cs1	1.0	0	0.109	0.955
3	Cc1c(C(=O)Nc2ccc(S(=O)(=O)NC3CCN(C(=O)N4CCC4)CC3)cc2)oc2ccccc12	1.0	0	0.065	0.961
3	Nc1nn2c(O)c(Cc3cccc(Cl)c3)c(CCc3ccccc3)nc2n1	1.0	1	0.514	0.95
3	O=C(O)c1ccc(NS(=O)(=O)c2cccc(F)c2)cc1	1.0	0	0.1	0.991
3	Cc1cccc(S(=O)(=O)NC(=O)N2CCC(N3CCC(Oc4ccc(Cl)cc4)CC3)CC2)c1	1.0	0	0.058	0.96
3	CCc1ccc(N2C(=O)C(O)=C(C(C)=O)C2C2CCCCC2)cc1	1.0	1	0.298	0.925
3	CC(=O)C1=C(O)C(=O)N(c2ccc(F)cc2F)C1C1CCCCC1	1.0	1	0.291	0.902
3	O=S1(=O)NC(Nc2c(Br)cccc2)=Nc2c1cc(Cl)cc2O	1.0	0	0.11	0.858
3	COc1c2c(NS(=O)(=O)c3ccc(Cl)s3)nn(Cc2ccc(C(F)(F)F)cc2)nc1	0.0	0	0.0	0.0
3	CC(=O)NCc1cc(Cn2nc(NS(=O)(=O)c3ccc(Cl)s3)c3c(CO)cccc32)ccc1	1.0	0	0.112	0.933
3	CC(C)(C)c1ccc(S(=O)(=O)Nc2ccc(Cl)cc2-c2c(N)c(N3CCOCC3)cnn2)cc1	1.0	0	0.148	0.929
3	O=C1c2c(C(=O)N1c1cnccc1)c(NS(=O)(=O)c1cc(C(F)(F)F)ccc1)ccc2	1.0	0	0.095	0.961
3	CC(=O)C1=C(O)C(=O)N(c2ccc(C)cc2)C1c1cc(Br)ccc1	1.0	1	0.336	0.948
3	CC(=O)OCc1c(C2CCCCC2)cccc1Oc1ccc(Cl)cc1C	1.0	0	0.099	0.97
3	CNC(C)Cc1cc(Cl)c(N)c(CN)c1C	1.0	0	0.049	0.8
3	CC(=O)C1=C(O)C(=O)N(c2ccc(C(F)(F)F)cc2F)C1C1CCCCC1	1.0	1	0.341	0.877
3	CC(C)(C)c1ccc(S(=O)(=O)Nc2ccc(Cl)cc2-c2c(O)cncn2)cc1	1.0	0	0.162	0.958
3	O=C(c1cnccc1)c1cc(Cl)ccc1NS(=O)(=O)c1ccc(Cl)cc1	1.0	0	0.163	0.983
3	Cc1[n+]([O-])cc(C(=O)c2cc(Cl)ccc2NS(=O)(=O)c2ccc(N3CCOCC3)cc2)cc1	1.0	0	0.135	0.943
3	Cc1cc(C(=O)c2cc(Cl)ccc2NS(=O)(=O)c2ccc(Cl)cc2)ccc1	1.0	0	0.125	0.985
3	COc1cccc2c1c(NS(=O)(=O)c1ccc(Cl)s1)nn2Cc1ccccc1CO	1.0	0	0.141	0.947
3	CC(=O)c1ccc(S(=O)(=O)Nc2ccc(Br)cc2C(=O)c2c(C)nccc2)cc1	1.0	0	0.113	0.974
3	CC(C)(C)c1ccc(S(=O)(=O)Nc2ccc(Cl)cc2-c2ccccn2)cc1	1.0	0	0.186	0.979
3	Oc1cc(CSc2cccc(F)c2F)nc2nc(Cc3ccccc3)nn12	1.0	0	0.084	0.937
3	CCOC(=O)N1CCC(NS(=O)(=O)c2ccc(NCCCc3ccccc3)c3c2cccc3)CC1	1.0	0	0.111	0.967
3	Cc1nnc(-c2cccc(S(=O)(=O)Nc3ccc(Br)cc3C(=O)c3ccncc3)c2)cc1	1.0	0	0.115	0.962
3	CC(=O)C1=C(O)C(=O)N(c2ccc(Cl)cc2)C1C1CCCCC1	1.0	1	0.393	0.927
3	Cc1cc(C(=O)c2cc(Cl)ccc2NS(=O)(=O)c2ccc(OC(C)C)cc2)ccn1	1.0	0	0.184	0.972
3	CC(C)(C)c1ccc(S(=O)(=O)Nc2ccc(Cl)cc2-c2c(CO)cccc2)cc1	1.0	0	0.152	0.977
3	COCCN(C(=O)c1ccccc1)c1ccc(S(=O)(=O)NCCN(C)C)cc1Cl	1.0	0	0.113	0.968
3	Cc1cc(C(=O)c2cc(Cl)ccc2NS(=O)(=O)c2ccc(OC(C)C)cc2)ccc1	1.0	0	0.112	0.98
3	COc1cccc2c1c(NS(=O)(=O)c1ccc(Cl)s1)nn2Cc1ccccc1CO	1.0	0	0.141	0.947
3	CCCC(=O)C1=C(O)C(=O)N(c2ccc(C)cc2)C1C1CCCCCCCCCCCCCCCC1	1.0	0	0.005	0.773
3	O=S(=O)(Nc1cc(F)ccc1Cn1ccnn1)c1ccc(Cl)cc1	1.0	1	0.268	0.969
3	CC(=NNC(=O)Cc1ccc(Cl)cc1)c1ccc(O)c(O)c1	1.0	0	0.068	0.98
3	CC(C)OC(=O)C1=C(O)C(=O)N(c2ccc(C(=O)O)cc2)C1C1CCCCCC1	1.0	1	0.292	0.905
3	Cc1ncc(C(=O)c2cc(Cl)ccc2NS(=O)(=O)c2ccc(C(C)(C)c3cnco3)cc2)cc1	1.0	0	0.13	0.921
3	O=C(NS(=O)(=O)c1ccccc1)N1CCC(N2CCC(Oc3ccc(Cl)c(Cl)c3)CC2)CC1	1.0	0	0.058	0.959
3	O=S(=O)(Nc1cc(Cl)ccc1Cn1ccnn1)c1cccc(C(F)(F)F)c1	1.0	0	0.158	0.958
3	Cc1ccc(N2C(=O)C(O)=C(C(=O)c3ccccc3)C2C2CCCCC2)cc1	1.0	1	0.322	0.933
3	COc1nc(Br)cnc1NS(=O)(=O)c1c(Cl)cccc1Cl	1.0	1	0.231	0.949
3	CCc1ncnc(-c2cc(Cl)ccc2NS(=O)(=O)c2ccc(C(C)(C)C)cc2)c1O	1.0	0	0.155	0.947
3	N#CC1(c2ccc(Cl)cc2)CCN(CCCNS(=O)(=O)c2ccccc2)CC1	1.0	0	0.119	0.966
3	COc1ccccc1Cc1c(O)n2nc(N)nc2nc1C1CC1	1.0	1	0.328	0.927
3	Cc1nc(C)c(N2C(=O)c3c(C2=O)c(NS(=O)(=O)c2ccc(C(C)(C)C)cc2)ccc3Cl)cc1	1.0	0	0.138	0.937
3	CC(=O)C1=C(O)C(=O)N(c2ccc(C)cc2)C1C1CCCCCCC1	1.0	1	0.309	0.928
3	O=S(=O)(Nc1cc(Cl)ccc1Cn1ccnn1)c1ccc(Cl)cc1	1.0	1	0.271	0.97
3	O=C(O)c1cc(Oc2ncc(Cl)cc2NS(=O)(=O)c2cc(Cl)c(Cl)cc2)ccc1	1.0	0	0.106	0.971
3	Nc1nn2c(O)c(Cc3cccc(Cl)c3)c(-c3ccccc3)nc2n1	1.0	1	0.596	0.957
3	O=C(c1ccncc1)c1ccc(C(F)(F)F)cc1Cl	1.0	0	0.121	0.983
3	CCOC(=O)C1=C(O)C(=O)N(c2ccc(C#N)cc2)C1C1CCCCC1	1.0	1	0.275	0.906
3	O=C(O)c1cc(Oc2ncc(Cl)cc2NS(=O)(=O)c2ccc(Cl)cc2)ccn1	1.0	0	0.156	0.966
3	Cc1ccc(S(=O)(=O)Nc2ccc(Cl)cc2C(=O)c2nccn2C)cc1	1.0	0	0.2	0.973
3	Cc1c(C(=O)c2cc(Cl)ccc2NS(=O)(=O)c2ccc(S(C)(=O)=O)cc2)cccc1	1.0	0	0.105	0.98
3	O=S(=O)(Nc1cc(Cl)ccc1Cn1ccnn1)c1ccc(Cl)c(Cl)c1	1.0	1	0.241	0.963
3	CC1CCN(C(=O)C(CCn2ccnc2)NS(=O)(=O)c2cc(Cl)c(N)c(Cl)c2)CC1	1.0	0	0.182	0.854
3	Nc1nn2c(O)c(Cc3ccccc3)c(C3CC3)nc2n1	1.0	0	0.137	0.937
3	CC(=O)C1=C(O)C(=O)N(c2cc(C)ccc2)C1C1CCCCCCCC1	1.0	1	0.224	0.834
3	C=CCOc1c(Cl)cc(Cl)cc1S(=O)(=O)NCCc1sc(C)nc1C	1.0	0	0.117	0.932
3	COc1cccc2c1c(NS(=O)(=O)c1ccc(Cl)s1)nn2Cc1cccc(CO)c1	1.0	0	0.151	0.95
3	COc1ccc(S(=O)(=O)Nc2ccc(Cl)cc2C(=O)c2ccnc(C)c2)cc1	1.0	0	0.152	0.978
4	COc1ccc(S(=O)(=O)NC2CC(C(=O)NO)N(C(=O)c3ccccc3)c3ccccc23)c1	0.0	0	0.0	0.0
4	O=S(=O)(Nc1cc(Cl)c(Cl)cc1Cn1ccnn1)c1ccccc1F	1.0	0	0.19	0.954
4	Cc1ccccc1NS(=O)(=O)c1cc(C(=O)Nc2cccc(C(F)(F)F)c2)ccc2c1NS(=O)(=O)CCN2CCCC(=O)O	0.0	0	0.0	0.0
4	CC(C)(C)c1ccc(S(=O)(=O)Nc2ccc(Cl)cc2C(=O)c2nccs2)cc1	1.0	0	0.091	0.964
4	Cc1nc(Cc2nc(Cc3ccc(F)c(F)c3)ccc2C(=O)c2ccc(Cl)cc2)ccc1	1.0	0	0.178	0.956
4	CCOC(=O)c1cc(On2)c(NC(=O)c3ccccc3)cc2[n+]1C)	0.0	0	0.0	0.0
4	Cc1cc(C(=O)c2cc(Cl)ccc2NS(=O)(=O)c2ccc(-c3c(C)cccc3)cc2)ccc1	1.0	0	0.166	0.98
4	O=C(O)c1cccc(OS(=O)(=O)c2ccc(Cl)cc2)c1	1.0	0	0.105	0.988
4	CCCC(=O)N1CCC(N(Cc2ccccc2)C(=O)Nc2ccc(Cl)c(Cl)c2)CC1	1.0	1	0.255	0.976
4	Nc1nn2c(O)c(Cc3cccc(Cl)c3)c(-c3ccccc3)nc2n1	1.0	1	0.596	0.957
4	O=S(=O)(Nc1cc(Cl)ccc1Cn1ccnn1)c1cccc2ncccc12	1.0	0	0.148	0.956
4	O=C(O)CCC(=O)N1CSCC1=O	1.0	0	0.052	0.908
4	O=C(c1ccncc1)c1cc(Cl)ccc1NS(=O)(=O)c1ccc(F)cc1	1.0	0	0.146	0.982
4	Cc1ncc(N2C(=O)c3c(C2=O)c(NS(=O)(=O)c2ccc(C(C)(C)C)cc2)ccc3Cl)cc1	1.0	0	0.128	0.946
4	CC(=O)N1CCC(NS(=O)(=O)c2ccc(NC(=O)c3ccc(C(F)(F)F)cc3)c3c2cccc3)CC1	1.0	0	0.005	0.965
4	CC(=O)C1=C(O)C(=O)N(c2ccc(C)cc2)C1c1ccc(Br)cc1	1.0	1	0.338	0.953
4	Cc1ccc(C(=O)c2cc(Cl)ccc2NS(=O)(=O)c2ccc(-c3cnco3)cc2[N+](=O)[O-])cc1	1.0	0	0.136	0.952
4	CC(C)(C)c1ccc(S(=O)(=O)Nc2ccc(Br)cc2C(=O)c2ccncc2)cc1	1.0	0	0.125	0.975
4	CSc1ncc(C(=O)c2cc(Cl)ccc2NS(=O)(=O)c2ccc(C(C)(C)C)cc2)cc1	1.0	1	0.242	0.964
4	Cc1cc(NS(=O)(=O)c2ccc(C(=O)NC3CCCCC3)cc2)c(CN)cn1	1.0	0	0.072	0.969
4	Cc1ccc2cc(C)c(NS(=O)(=O)c3cc(Cl)ccc3)cc2n1	1.0	0	0.125	0.98
4	CC(C)(C)c1ccc(S(=O)(=O)Nc2ccc(Cl)cc2C(=O)c2cnc(S(C)(=O)=O)cc2)cc1	1.0	0	0.153	0.961
4	Cn1ncc2c1ncnc2c1ccc(Cl)c1	0.0	0	0.0	0.0
4	Cc1ccncc1N1C(=O)c2c(C1=O)c(NS(=O)(=O)c1ccc(C(C)(C)C)cc1)ccc2Cl	1.0	0	0.132	0.94
4	CC(C)(C)c1ccc(S(=O)(=O)Nc2cc(F)ccc2C(=O)c2ccncc2)cc1	1.0	0	0.112	0.976
4	CC(=O)C1=C(O)C(=O)N(c2cc(Cl)c(C)cc2)C1C1CCCCC1	1.0	1	0.304	0.909
4	CCOC(=O)N1CCC(NS(=O)(=O)c2ccc(NC(=O)N3CCCCC3)c3ccccc23)CC1	1.0	0	0.111	0.964
4	Cc1[n+]([O-])cc(C(=O)c2cc(Cl)ccc2NS(=O)(=O)c2ccc(OC(C)C)cc2)cc1	1.0	0	0.134	0.949
4	Cc1noc(C)c1C(=O)N1CCC(NS(=O)(=O)c2cc(C(F)(F)F)ccc2)CC1	1.0	0	0.084	0.962
4	CC(=O)C1=C(O)C(=O)N(c2ccc(C)cc2)C1c1cc(Cl)ccc1	1.0	1	0.336	0.953
4	COc1nc(Br)cnc1NS(=O)(=O)c1cccs1	1.0	0	0.133	0.942
4	COc1ccc2c(c1NS(=O)(=O)c1c(Cl)cccc1)cccc2	1.0	0	0.11	0.985
4	CC(=O)c1ccc(N2C(=O)c3c(C2=O)c(NS(=O)(=O)c2ccc(C(C)(C)C)cc2)ccc3Cl)cc1	1.0	0	0.103	0.956
4	Cc1nc(CS(=O)(=O)c2ccc(Cl)cc2)ccc1S(=O)(=O)O	1.0	0	0.104	0.963
4	COc1c2c(NS(=O)(=O)c3ccc(Cl)s3)nn(Cc3cccc(CNC(=O)C4CCOCC4)c3)c2ccc1	1.0	0	0.005	0.926
4	CS(=O)(=O)c1ccc(C(=O)Nc2ccc(S(=O)(=O)NC3CCN(C(=O)Cc4ccccc4)CC3)cc2)cc1	1.0	0	0.005	0.973
4	CS(=O)(=O)c1ccc(CC(c2ccc(C(F)(F)F)cc2)n2ncc(Cl)c2C2=O)cc2	0.0	0	0.0	0.0
4	COc1ccccc1Cc1c(O)n2nc(N)nc2nc1C1CC1(Cl)Cl	1.0	1	0.392	0.727
4	O=C(c1ccncc1)c1cc(Cl)ccc1NS(=O)(=O)c1cc(F)c(N2CCOCC2)cc1	1.0	0	0.103	0.966
4	Cc1cccc(C(=O)c2cc(C(=O)c3ccccc3)ccc2)n1	1.0	0	0.103	0.986
4	CCCCc1nc(NC2CCN(C)CC2)c2ccccc2c1OCCnsc1=	0.0	0	0.0	0.0
4	O=C1c2c(C(=O)N1c1cnccc1)c(NS(=O)(=O)c1cc(C(F)(F)F)ccc1)ccc2	1.0	0	0.095	0.961
4	COc1cc(Oc2ccc(C(=O)Nc3ccccc3N)cc2)cc2ccccc12	1.0	0	0.078	0.985
4	Cc1ncc(C(=O)c2cc(Cl)ccc2NS(=O)(=O)c2ccc(C(C)(C)C)cc2)cc1	1.0	1	0.229	0.974
4	COc1nc(Cl)cnc1NS(=O)(=O)c1c(Cl)c(Cl)cs1	1.0	0	0.159	0.866
4	CC(=O)C1=C(O)C(=O)N(c2ccc(C)cc2)C1c1ccc(Br)cc1	1.0	1	0.338	0.953
4	CC(=O)NCc1cc(Cn2nc(NS(=O)(=O)c3ccccc3)c3ccccc32)ccc1	1.0	0	0.142	0.974
4	Cc1c(C(=O)Nc2ccc(S(=O)(=O)NC3CCN(C(=O)Nc4ccccc4)CC3)c3c2cccc3)cccc1	1.0	0	0.005	0.968
4	CC(C)Oc1ccc(S(=O)(=O)Nc2ccc(Cl)cc2C(=O)c2ccccc2)cc1	1.0	0	0.096	0.984
4	COc1cccc2c1c(NS(=O)(=O)c1ccc(Cl)s1)nn2Cc1cccc(CNC(=O)CO)c1	1.0	0	0.115	0.938
4	O=C(c1ccncc1)c1cc(Cl)ccc1NS(=O)(=O)c1cc(F)c(N2CCOCC2)cc1	1.0	0	0.103	0.966
4	Cc1c(C(=O)Nc2ccc(S(=O)(=O)NC3CCN(C(=O)CCCN)CC3)c3c2cccc3)cccc1	1.0	0	0.005	0.964
4	Cc1cccc(N2C(=O)C(O)=C(C(=O)c3ccccc3)C2C2CCCCC2)c1	1.0	0	0.184	0.927
4	Nc1nn2c(O)c(Cc3cccc(C(F)(F)F)c3)c(C3CC3)nc2n1	1.0	0	0.133	0.912
4	O=S(=O)(Nc1ncc(Cl)nc1OCc1cc(Br)ccc1)c1cccc(F)c1	1.0	0	0.123	0.961
4	CC(C)(C)c1ccc(S(=O)(=O)Nc2ccc(Cl)cc2-c2ccccn2)cc1	1.0	0	0.186	0.979
4	O=S(=O)(Nc1cc(Cl)ccc1Cn1ccnn1)c1cccc(C(F)(F)F)c1	1.0	0	0.158	0.958
4	CC(=O)C1=C(O)C(=O)N(c2ccc(Cl)cc2F)C1c1ccc(C(F)(F)F)cc1	1.0	1	0.205	0.917
4	O=C(O)c1c(Oc2ccc(Cl)cc2NS(=O)(=O)c2ccccc2)cccc1Cl	1.0	1	0.201	0.98
4	CSc1nc(Br)cnc1NS(=O)(=O)c1cccc(Cl)c1Cl	1.0	0	0.179	0.921
4	CC(=O)C1=C(O)C(=O)N(c2ccc(Cl)cc2)C1C1CCCCC1	1.0	1	0.393	0.927
4	COc1c(S(=O)(=O)NC(=O)N2CCC(N3CCC(Oc4ccc(Cl)c(Cl)c4)CC3)CC2)cccc1	1.0	0	0.114	0.95
4	COc1cc2c(cc1NS(=O)(=O)c1c(Cl)c(Cl)ccc1)nc(O)n2C(CO)CO	1.0	0	0.179	0.906
4	CCCC(=O)C1=C(O)C(=O)N(c2ccc(C)cc2)C1C1CCCCC1	1.0	1	0.314	0.91
4	CC(C)(C)c1ccc(S(=O)(=O)Nc2cc(Cl)ccc2C(=O)c2ccncc2)cc1	1.0	0	0.105	0.976
4	CC(=O)C1=C(O)C(=O)N(c2ccc(Br)cc2)C1c1cc(Br)ccc1	1.0	1	0.434	0.941
4	CC(C)(C)c1ccc(S(=O)(=O)Nc2ccc(Cl)cc2-c2ccncc2)cc1	1.0	0	0.18	0.979
4	CC(=O)N1CCC(NS(=O)(=O)c2ccc(NC(=O)c3ccccc3)c3c2cccc3)CC1	1.0	0	0.148	0.977
4	CS(=O)(=O)c1ccc(S(=O)(=O)Nc2ccc(Cl)cc2-c2c(O)cncc2)cc1	1.0	0	0.081	0.966
4	O=C(O)c1cc(Oc2ncc(Cl)cc2NS(=O)(=O)c2ccc(Cl)cc2)ccc1	1.0	0	0.121	0.977
4	CCOC(=O)N1CCC(NS(=O)(=O)c2ccc(NCc3ccccc3)c3ccccc23)CC1	1.0	0	0.141	0.972
4	O=S(=O)(Nc1cc(Cl)ccc1Cn1ccnn1)c1ccccc1	1.0	0	0.171	0.973
4	Cc1ccc(N2C(=O)C(O)=C(C(=O)c3ccccc3)C2C2CCCCC2)cc1	1.0	1	0.322	0.933
4	CCCC(=O)N1CCC(NS(=O)(=O)c2ccc(NC(=O)c3cc(Br)ccc3)c3c2cccc3)CC1	1.0	0	0.14	0.967
4	O=C(O)c1cc(Oc2ncc(Cl)cc2NS(=O)(=O)c2ccc(Cl)c(C(F)(F)F)c2)ncc1	1.0	0	0.114	0.941
4	O=C(Nc1ccc(S(=O)(=O)NC2CCNCC2)c2ccccc12)c1ncp(I)cc1N	0.0	0	0.0	0.0
4	CC(C)(C)c1ccc(S(=O)(=O)Nc2ccc(Cl)cc2C(=O)c2cccc[n+]2[O-])cc1	1.0	0	0.136	0.948
4	Cc1c(C(=O)Nc2ccc(S(=O)(=O)NC3CCCC3)cc2)cccc1C	1.0	0	0.088	0.986
4	O=C(c1ccncc1)c1cc(Cl)ccc1NS(=O)(=O)c1ccc(I)cc1	1.0	0	0.102	0.977
4	CNC(=O)Cn1nc(OC)c2c1oc1ccccc12	1.0	0	0.086	0.937
4	O=C(c1ccncc1)c1cc(Cl)ccc1NS(=O)(=O)c1ccccc1C	1.0	0	0.142	0.981
4	CC(C)(C)c1ccc(S(=O)(=O)Nc2ccc(Cl)c3c2C(=O)N(c2c(Cl)c(Cl)ccc2)C(=O)O3)cc1	1.0	0	0.145	0.929
4	Cc1ccc(CN(C(=O)Nc2ccc(Cl)cc2)c2ccc(Cl)cc2)cc1	1.0	0	0.192	0.988
4	Cc1ncc(C(=O)c2cc(Cl)ccc2NS(=O)(=O)c2ccc(Cl)cc2)cc1	1.0	1	0.229	0.98
4	COc1cc2c(cc1NS(=O)(=O)c1c(Cl)c(Cl)ccc1)nc(O)n2C(C)CO	1.0	0	0.18	0.838
4	O=S(=O)(Nc1cc(Cl)ccc1Cn1ccnn1)c1ccc(Cl)s1	1.0	0	0.192	0.947
4	O=S(=O)(Nc1cc(Cl)ccc1Cn1ccnn1)c1ccc(Cl)s1	1.0	0	0.192	0.947
4	CNc1nc(Br)cnc1NS(=O)(=O)c1ccc(Cl)s1	1.0	0	0.142	0.911
4	CC1CCN(C(=O)C(CCn2ccnc2)NS(=O)(=O)c2cc(Cl)c(N)c(Cl)c2)CC1	1.0	0	0.182	0.854
4	O=S1(=O)NC(Nc2cccc(Br)c2)=Nc2c1cc(Cl)cc2O	1.0	0	0.09	0.863
4	CC(C)(C)c1ccc(S(=O)(=O)Nc2cccc3c2C(=O)N(Cc2cnccc2)C3=O)cc1	1.0	0	0.121	0.967
4	CC(C)(c1ccc(S(=O)(=O)Nc2ccc(Cl)cc2C(=O)c2ccc[n+]([O-])c2)cc1)	1.0	0	0.129	0.96
4	COc1c2c(NS(=O)(=O)c3ccc(Cl)s3)nn(Cc3ccc(CN(C)CC(=O)O)cc3)c2ccc1	1.0	0	0.084	0.938
4	Cc1ncc(C(=O)c2cc(Cl)ccc2NS(=O)(=O)c2ccc(OC(F)(F)F)cc2)cc1	1.0	0	0.139	0.969
4	O=S(=O)(NCCCN1CCC(O)(c2ccc(Cl)cc2)CC1)c1ccccc1C	1.0	0	0.08	0.971
4	COc1cc2c(cc1NS(=O)(=O)c1c(C)c(Cl)ccc2o1)ON	1.0	0	0.07	0.061
4	Cc1nc(C(=O)c2cc(Cl)ccc2NS(=O)(=O)c2ccc(C(C)(C)C)cc2)ccc1	1.0	0	0.113	0.972
4	COc1nc2c(nc(O)[nH]2)nc1CN(C)C	1.0	0	0.082	0.798
4	Cc1ccc(N2C(=O)C(O)=C(C(=O)c3ccccc3)C2Cc2ccc(F)cc2)cc1	1.0	0	0.192	0.936
4	CC1(c2ccc(S(=O)(=O)Nc3ccc(Cl)cc3C(=O)c3ccncc3)cc2)CCOCC1	1.0	0	0.102	0.949
5	CCCC(=O)N1CCC(NS(=O)(=O)c2ccc(NC(=O)c3ncccc3)c3c2cccc3)CC1	1.0	0	0.143	0.965
5	Cc1c(C(=O)Nc2ccc(S(=O)(=O)NC3CCN(C(=O)Nc4ccccc4)CC3)c3c2cccc3)cccc1	1.0	0	0.005	0.968
5	Cc1c(N2C(=O)c3c(C2=O)c(NS(=O)(=O)c2ccc(C(C)(C)C)cc2)ccc3Cl)ccc[n+]1[O-]	1.0	0	0.128	0.903
5	O=S(=O)(Nc1cc(Cl)ccc1Cn1ccnn1)c1ccccc1	1.0	0	0.171	0.973
5	CCOC(=O)N1CCC(NS(=O)(=O)c2ccc(OCc3ccccc3)c3c2cccc3)CC1	1.0	0	0.144	0.974
5	COC(=O)Nc1ccc(NS(=O)(=O)c2cccc(NC(=O)c3ccccc3)c3cccc23)cc1	1.0	0	0.122	0.979
5	COc1ccccc1Cc1c(O)n2nc(N)nc2nc1C1CC1C	1.0	0	0.119	0.719
5	Cc1cc2ccc(Cl)cc2n1C(c1nc2ccccc2[nH]1)C1=O	0.0	0	0.0	0.0
5	COc1nc2c(nc(O)[nH]2)nc1NS(=O)(=O)c1c(Cl)c(Cl)ccc1	1.0	0	0.181	0.894
5	O=C(O)c1c(Oc2cnccc2NS(=O)(=O)c2ccc(Cl)c(Cl)c2)ccccc1	0.0	0	0.0	0.0
5	CC(=O)C1=C(O)C(=O)N(c2ccc(C)cc2)C1C1CCCCC1	1.0	1	0.305	0.929
5	CCOC(=O)N1CCC(NS(=O)(=O)c2ccc(NCc3ccccc3)c3ccccc23)CC1	1.0	0	0.141	0.972
5	COc1cccc2c1c(NS(=O)(=O)c1ccc(Cl)s1)nn2Cc1ccccc1	1.0	0	0.151	0.965
5	CC(C)c1nc(-c2cccnc2)c(NS(=O)(=O)c2ccc(Cl)cc2)cc1	1.0	0	0.159	0.971
5	CC(C)(C)c1ccc(S(=O)(=O)Nc2ccc(Cl)cc2C(=O)c2cnc(Cl)cc2)cc1	1.0	1	0.294	0.972
5	Cc1ccc(S(=O)(=O)Nc2cc(C)ccc2C(=O)c2ccncc2)cc1	1.0	0	0.131	0.983
5	O=C(C1=C(O)C(=O)N(c2ccc(Br)cc2F)C1C1CCCCC1)COC1	0.0	0	0.0	0.0
5	O=C(Nc1ccc(S(=O)(=O)Nc2ccccc2)c2ccccc12)c1ccc(F)cc1	1.0	0	0.114	0.986
5	COc1nn(C2CO2)c[n+]1[O-]	1.0	0	0.035	0.201
5	Cc1nc(S)nc(NS(=O)(=O)c2ccccc2)c1Cl	1.0	0	0.067	0.943
5	CC(=O)C1=C(O)C(=O)N(c2ccc(C)cc2)C1c1cc(Br)ccc1	1.0	1	0.336	0.948
5	O=C(O)c1ccccc1Oc1ccc(Cl)cc1NS(=O)(=O)c1cccc(Cl)c1	1.0	0	0.121	0.982
5	Cc1ccc(Sc2ccc(Cl)cc2CSC2(C(=O)O)CCCC2)c1Oc1ccccc1NC(=O)C1CCN(C)CC1	0.0	0	0.0	0.0
5	O=C(O)c1ccccc1Oc1c(F)cc(C(F)(F)F)cc1NS(=O)(=O)c1cccc(Cl)c1	1.0	0	0.134	0.962
5	O=C(NCCN1CCCC1=O)c1ccccc1-c1ccnc(Br)c1	1.0	0	0.083	0.969
5	COc1cccnc1N(C)Cc1ccc(CN(C(=O)C(CC#N)N)CS)cc1	1.0	0	0.065	0.793
5	CC(=O)C1=C(O)C(=O)N(c2cc(F)c(Cl)cc2F)C1C1CCCCC1	1.0	1	0.392	0.868
5	CN(C)C(=O)C(C)NC(=O)c1cc(C(=O)NS(=O)(=O)c2ccccc2)ccc1	1.0	0	0.063	0.955
5	CC(=O)C1=C(O)C(=O)N(c2ccc(C)cc2)C1c1cc(Br)ccc1	1.0	1	0.336	0.948
5	CCCC(=O)C1=C(O)C(=O)N(c2ccc(C)cc2)C1C1CCCCC1	1.0	1	0.314	0.91
5	CC(C)c1nc2cc(Cl)ccc2n1Cc1ccc(Cl)c(Cl)c1	1.0	0	0.141	0.981
5	CC(C)Sc1ccc(S(=O)(=O)Nc2ccc(Cl)cc2C(=O)c2ccncc2)cc1	1.0	0	0.119	0.97
5	O=C(NCCO)c1ccc(OCc2ccc(CNCCc3ccc(CN(C)C)cc3)cc2)cc1	1.0	0	0.048	0.979
5	COc1c(-c2cc(Cl)ccc2NS(=O)(=O)c2cc(C(C)(C)C)c(C3=C(C)C3(C)C)c(C(=O)NCCCN3CCOCC3)cc2)cccc1	0.0	0	0.0	0.0
5	Cc1noc(C)c1Sc1ccc(C(=O)Nc2ccc(Cl)cc2)cc1	1.0	0	0.067	0.978
5	O=S(=O)(NCCCN1CCC(O)(c2ccc(Cl)cc2)CC1)c1cccs1	1.0	0	0.059	0.963
5	CC(=O)Nc1ccc(S(=O)(=O)Nc2ccc(Cl)cc2C(=O)c2ccccn2)cc1	1.0	0	0.088	0.979
5	CCOc1ccccc1Cc1cc(N)nc(N)n1	1.0	0	0.068	0.971
5	Nc1nn2c(O)c(Cc3ccccc3Cl)c(-c3ccccc3)nc2n1	1.0	1	0.419	0.957
5	COc1nc(Br)cnc1NS(=O)(=O)c1c(Br)cc(Cl)s1	1.0	0	0.148	0.866
5	COC(=O)CCc1ccc(S(=O)(=O)Nc2ccc(Cl)cc2C(=O)c2ccncc2)cc1	1.0	0	0.116	0.975
5	CC(=O)C1=C(O)C(=O)N(c2cc(C(F)(F)F)ccc2)C1C1CCCCC1	1.0	1	0.223	0.902
5	Cc1ccccc1C(=O)Nc1ccc(S(=O)(=O)NC2CCN(C(=O)CCC(=O)c3ccccc3)CC2)cc1	1.0	0	0.005	0.973
5	COc1cc2c(cc1NS(=O)(=O)c1c(Cl)c(Cl)ccc1)nc(O)n2C1CN(C(C)=O)C1	1.0	0	0.14	0.914
5	c1cc(C2(CN3CCOCC3)=NNC2CO)ccn1	0.0	0	0.0	0.0
5	COc1ccccc1C(=O)Nc1ncccc1C(=O)c1ccccc1Cl	1.0	0	0.125	0.985
5	COc1cccc2c1ncc(CO)n2C	0.0	0	0.0	0.0
5	CCCC(=O)N1CCC(NS(=O)(=O)c2ccc(NC(=O)c3ccc(CC)cc3)c3c2cccc3)CC1	1.0	0	0.005	0.969
5	Cc1[n+]([O-])cc(C(=O)c2cc(Cl)ccc2NS(=O)(=O)c2ccc(OC(C)C)cc2)cc1	1.0	0	0.134	0.949
5	O=C(C1=C(O)C(=O)N(c2ccc(Br)cc2F)C1C1CCCCC1)c1ncccc1	1.0	1	0.407	0.861
5	COC(=O)CCc1ccc(S(=O)(=O)Nc2ccc(Cl)cc2C(=O)c2c(C)nccc2)cc1	1.0	0	0.116	0.971
5	CC(=O)C1=C(O)C(=O)N(c2ccc(Cl)cc2)C1c1cc(Br)ccc1	1.0	1	0.425	0.947
5	Cc1cc(O)c2N=C(Nc3c(Br)cccc3)Nc3ncccc3c2c1	1.0	0	0.165	0.907
5	CC(=O)c1ccc(S(=O)(=O)Nc2ccc(Cl)cc2C(=O)c2ccncc2)cc1	1.0	0	0.107	0.98
5	N#Cc1cc(S(=O)(=O)Nc2cc(Cl)ccc2N2CCOCC2)ccc1	1.0	0	0.101	0.976
5	CNc1c(C(=O)Nc2ccccc2)nn(-c2ccccc2)c1C(N)=O	1.0	0	0.078	0.972
5	Cc1nc(NC(=O)CSc2nnc(C)n2C)c(Cl)cc1Cl	1.0	0	0.16	0.958
5	Oc1c(Cc2cccc(Cl)c2)c(C2CC2)nc2ncnn12	1.0	1	0.226	0.93
5	O=C(O)c1ccc(Oc2ccc(Cl)cc2NS(=O)(=O)c2ccc(Cl)c(Cl)c2)cc1	1.0	0	0.143	0.982
5	CS(=O)(=O)c1cc(NS(=O)(=O)c2ccc(Cl)cc2)c(Oc2cccc(Cl)c2)cc1	1.0	0	0.116	0.98
5	Cc1cc(C(=O)c2cc(Cl)ccc2NS(=O)(=O)c2ccc(OC(C)C)cc2)ccn1	1.0	0	0.184	0.972
5	O=S(=O)(Nc1cc(Cl)ccc1Cn1cc(Cl)cc1Cl)c1ccccc1	1.0	0	0.171	0.961
5	Nc1nn2c(O)c(Cc3cccc(Br)c3)c(-c3cc4cc(Br)ccc4oc3)nc2n1	0.0	0	0.0	0.0
5	Cc1ccc(-c2nc3nc(N)nn3c(O)c2Cc2cccc(Cl)c2)cc1	1.0	1	0.6	0.954
5	CC(=O)C1=C(O)C(=O)N(c2ccc(C)cc2)C1c1ccc(Cl)cc1	1.0	1	0.339	0.958
5	CCc1nc2nc(N)nn2c(O)c1Cc1ccc(Cl)cc1	1.0	1	0.469	0.943
5	CC(=O)C1=C(O)C(=O)N(c2ccc(C)cc2)C1C1CCCCC1	1.0	1	0.305	0.929
5	COC(=O)CCc1ccc(S(=O)(=O)Nc2ccc(Cl)cc2C(=O)c2c(C)nccc2)cc1	1.0	0	0.116	0.971
5	CC1CCCN(C(=O)C(CCn2cccc2C#N)NS(=O)(=O)c2cccc3c2cc[nH]3)C1	1.0	0	0.139	0.715
5	Cc1cc(C(=O)c2cc(Cl)ccc2NS(=O)(=O)c2ccc(Cl)cc2)ccn1	1.0	1	0.208	0.978
5	CCCC(=O)N1CCC(NS(=O)(=O)c2ccc(NC(=O)c3ccccc3C)c3ccccc23)CC1	1.0	0	0.136	0.969
5	COC(=O)CCc1ccc(S(=O)(=O)Nc2ccc(Cl)cc2C(=O)c2ccc(Cl)cc2)cc1	1.0	0	0.074	0.979
5	CC(=O)c1ccc(S(=O)(=O)Nc2ccc(Br)cc2C(=O)c2ccncc2)cc1	1.0	0	0.106	0.978
5	COc1ccc(S(=O)(=O)Nc2ccc(Cl)cc2C(=O)NCCc2ccccc2)cc1	1.0	0	0.109	0.986
5	CC(=O)C1=C(O)C(=O)N(c2ccc(C)cc2)C1C1CCCCC1	1.0	1	0.305	0.929
5	O=C(O)c1c(F)cccc1Oc1ccc(Cl)cc1NC(=O)c1c(Cl)c(F)c(Cl)cc1	1.0	0	0.107	0.963
5	O=S(=O)(Nc1cc(Cl)ccc1Cn1ccnn1)c1ccccn1	1.0	0	0.18	0.952
5	COc1ccccc1C(=O)Nc1ccc(N2C(=O)c3ccccc3C2=O)cc1	1.0	0	0.106	0.988
5	COc1ccc(C(=O)Nc2ccc(S(=O)(=O)NC3CCN(C(=O)CCCN)CC3)cc2)cc1	1.0	0	0.049	0.977
5	COC(=O)CCc1ccc(NS(=O)(=O)c2c(C)c(C)ccc2F)cc1	1.0	0	0.127	0.979
5	Cc1nn2c(O)c(Cc3cccc(Cl)c3)c(C3CC3)nc2n1	1.0	0	0.147	0.93
5	Nc1nn2c(O)c(Cc3ccccc3)c(C3CC3)nc2n1	1.0	0	0.137	0.937
5	COc1c(C)cccc1NC(=O)N1CCCCN(Cc2cccc(Cl)c2)C1=O	1.0	0	0.112	0.966
5	Cc1c(C(=O)c2cc(Cl)ccc2NS(=O)(=O)c2ccc(C(C)(C)C)cc2)ccc2nc(N)ncn12)	0.0	0	0.0	0.0
5	COc1cc2c(cc1NS(=O)(=O)c1c(Cl)c(Cl)ccc1)nc(O)n2C(CO)CO	1.0	0	0.179	0.906
5	CC(C)Oc1c(Cl)cc(Cl)cc1S(=O)(=O)NC1CC(C)(C)NC1C(=O)O	1.0	0	0.114	0.63
5	Cc1nc(C(=O)c2cc(Cl)ccc2NS(=O)(=O)c2ccc(F)cc2)ccc1	1.0	0	0.12	0.979
5	COc1cc2c(cc1NS(=O)(=O)c1c(Cl)c(Cl)ccc1)n(C)c(O)n2	1.0	0	0.17	0.948
5	Cc1c(C(=O)c2cc(Cl)ccc2NS(=O)(=O)c2ccc(OC(C)C)cc2)ccc[n+]1[O-]	1.0	0	0.096	0.949
5	O=C(c1ccncc1)c1cc(Cl)ccc1NS(=O)(=O)c1ccc(N2CCOCC2)cc1	1.0	0	0.144	0.973
5	Cc1nc(Br)cnc1NS(=O)(=O)c1ccccc1	1.0	0	0.081	0.97
5	O=C(O)c1cccc(C(=O)c2ccncc2)c1Cl	1.0	0	0.097	0.982
5	CNc1c(-c2cc(Cl)ccc2NS(=O)(=O)c2ccc(C(C)(C)C)cc2)nccn1	1.0	0	0.148	0.96
5	N#Cc1cc(S(=O)(=O)Nc2cc(Cl)ncc2Oc2ccc(Cl)cc2)ccc1	1.0	0	0.161	0.967
5	CC(C)(C)c1ccc(S(=O)(=O)Nc2ccc(Cl)cc2C(=O)c2cc[n+]([O-])cc2)cc1	1.0	0	0.087	0.958
5	CCOc1cc(N2C(=O)c3c(C2=O)c(NS(=O)(=O)c2ccc(C(C)(C)C)cc2)ccc3Cl)cnc1	1.0	0	0.127	0.935
5	O=C(O)c1ccccc1Oc1ccc(Cl)cc1NS(=O)(=O)c1cccc(Cl)c1	1.0	0	0.121	0.982
5	O=C(O)c1cc(NC(=O)c2cc(Cl)ccc2NS(=O)(=O)c2ccc(Cl)s2)ccc1	1.0	0	0.107	0.976
5	O=C(c1cccnc1)c1cc(Cl)ccc1NS(=O)(=O)c1ccc(C(F)(F)F)cc1	1.0	0	0.104	0.976
5	COc1cccc(N2C(=O)C(O)=C(C(=O)c3ccccc3)C2c2ccc(OC)c(CS(C)(=O)=O)c2)c1	1.0	0	0.005	0.903
6	O=S(=O)(Nc1cc(Cl)ccc1Cn1ccnn1)c1cccc2nonc12	1.0	0	0.185	0.935
6	COc1nc(Cl)cnc1NS(=O)(=O)c1cccc(C(F)(F)F)c1Cl	1.0	0	0.168	0.934
6	COc1c(C)cc(C(O)c2nc(C)c(NC3(C)CCCC3)nc2N)cc1	1.0	0	0.17	0.774
6	COc1cccc2c1c(NS(=O)(=O)c1ccc(Cl)s1)nn2Cc1ccc(CO)cc1	1.0	0	0.152	0.955
6	COc1c(NS(=O)(=O)c2ccc(Cl)s2)ccc2c1CCN2C	1.0	0	0.077	0.947
6	CC(C)c1nc2nc(N)nn2c(O)c1Cc1cccc(Cl)c1	1.0	0	0.141	0.929
6	Cc1c(C(=O)Nc2ccc(S(=O)(=O)NC3CCN(C(=O)Nc4ccccc4)CC3)c3c2cccc3)cccc1	1.0	0	0.005	0.968
6	O=C(Cc1ccc(F)c(F)c1)Nc1ccc(S(=O)(=O)Nc2cccc(Cl)c2)cc1	1.0	0	0.087	0.984
6	C=CCSc1nc(N2CCOCC2)c(C#N)c(N)n1	1.0	0	0.104	0.92
6	CCOc1cc(C(=O)Nc2ccc(S(=O)(=O)NC3CCN(C(=O)CCC)CC3)c3ccccc23)ccc1	1.0	0	0.005	0.965
6	Cc1cn(CCCNC(=O)C(F)(F)F)c(=O)o1	1.0	0	0.092	0.918
6	CC(=O)c1c(C)n(Cc2cccc(F)c2)c2ccc(Cl)cc12	1.0	0	0.12	0.982
6	O=C(c1ccncc1)c1cnc(Cl)cc1OC1CCCN1Cc1ccc(Cl)c(O)c1	1.0	1	0.204	0.824
6	COc1nc(Cl)nc(NS(=O)(=O)c2ccc(C3(C)CO)cc23)c1	1.0	0	0.129	0.445
6	O=C(c1ccncc1)c1cc(Cl)ccc1NS(=O)(=O)c1ccc(-c2ncccn2)cc1	1.0	0	0.131	0.971
6	O=C(Nc1c(F)cc(F)cc1)c1c(O)c(Cl)cc(Cl)c1N1CCCNCC1	1.0	0	0.184	0.949
6	COc1cc2nccc(NC(=O)Nc3ccc(Cl)c(Cl)c3)c2cc1O	1.0	0	0.099	0.978
6	Cc1nn2c(O)c(Cc3cccc(Cl)c3)c(C3CC3)nc2n1	1.0	0	0.147	0.93
6	COc1cc2c(cc1NS(=O)(=O)c1c(Cl)c(Cl)ccc1)n(C)c(O)n2	1.0	0	0.17	0.948
6	Cc1ccc(-c2nc3cc(Cl)ccc3c3nncc23)cc1	0.0	0	0.0	0.0
6	O=C(Nc1ccc(S(=O)(=O)NC2CCNCC2)c2ccccc12)c1ncc(Cl)cc1	1.0	0	0.157	0.962
6	CC(C)c1nc2ccccc2n1Cc1cc(C(=O)c2cc(Cl)ccc2)ccc1	1.0	0	0.135	0.981
6	O=S(=O)(NCCCN1CCC(O)(c2ccc(Cl)cc2)CC1)c1ccccc1	1.0	0	0.141	0.976
6	N#Cc1cc2c(cc1)[nH]c(-c1ccc(F)cc1)c2CCCC(=O)NS(=O)(=O)c1ccccc1	1.0	0	0.143	0.961
6	O=C(O)c1cc(NS(=O)(=O)c2ccc(Cl)cc2)ccc1	1.0	0	0.157	0.992
6	CCCC(=O)N1CCC(NS(=O)(=O)c2ccc(NC(=O)C3CCCCC3)c3ccccc23)CC1	1.0	0	0.147	0.965
6	Cc1c(C(=O)Nc2ccc(S(=O)(=O)NC3CCN(C(=O)CO)CC3)c3c2cccc3)cccc1	1.0	0	0.134	0.968
6	CC1CCN(C(=O)C(CCn2cccc2)NS(=O)(=O)c2cc(Cl)c(N)c(Cl)c2)CC1	1.0	0	0.182	0.848
6	CC(C)c1nc2nc(N)nn2c(O)c1Cc1cccc(Cl)c1	1.0	0	0.141	0.929
6	CC(=O)NCc1cc(Cn2nc(NS(=O)(=O)c3ccccc3)c3ccccc32)ccc1	1.0	0	0.142	0.974
6	O=S(=O)(Nc1cc(Cl)ncc1Cc1ccccc1)c1ccc(Cl)s1	1.0	0	0.082	0.964
6	COc1nc(O)c2c(ncn2NS(=O)(=O)c2ccccc2OC)c1	1.0	0	0.161	0.907
6	COc1ccc(NS(=O)(=O)c2ccc(Cl)c(C(=N)N)c2)cc1	1.0	0	0.113	0.984
6	CCCC(=O)N1CCC(NS(=O)(=O)c2ccc(NC(=O)c3cc(C(C)(C)C)nc4c3cccc4c2)n2)CC1C()	0.0	0	0.0	0.0
6	CC(C)(C)c1ccc(S(=O)(=O)Nc2ccc(Cl)cc2C(=O)c2cnccn2)cc1	1.0	0	0.134	0.969
6	CC(C)(C)c1ccc(S(=O)(=O)Nc2ccc(Cl)c3c2c2ccc(Cl)cc2o3)cc1	1.0	0	0.163	0.963
6	CCc1nc2nc(N)nn2c(O)c1Cl	1.0	0	0.077	0.868
6	CC(=O)C1=C(O)C(=O)N(c2ccc(C)cc2F)C1C1CCCC1	1.0	1	0.296	0.902
6	COc1cc2c(cc1NS(=O)(=O)c1c(Cl)c(Cl)ccc1)nc(O)[nH]2	1.0	0	0.151	0.947
6	O=C(c1ccncc1)c1cc(Cl)ccc1NS(=O)(=O)c1ccc(-c2ccoc2)cc1	1.0	0	0.127	0.968
6	COc1cc2c(Nc3ccc(Cl)cc3)c(C(N)=O)cc(C(C)C)c2cc1	1.0	0	0.166	0.974
6	COc1ccccc1Cc1c(O)n2nc(N)nc2nc1C1CC1	1.0	1	0.328	0.927
6	O=S(=O)(Nc1cc(Cl)c(Cl)cc1Cn1ccnn1)c1cccc(C(F)(F)F)c1	1.0	0	0.154	0.945
6	CC(C)(C)c1ccc(S(=O)(=O)Nc2ccc(Cl)cc2C(=O)c2cnc(S(C)(=O)=O)cc2)cc1	1.0	0	0.153	0.961
6	COc1nc(Cl)cnc1NS(=O)(=O)c1c(Cl)cccc1F	1.0	1	0.226	0.947
6	CC(C)c1nc2nc(N)nn2c(O)c1Cc1ccc(Cl)c(Cl)c1	1.0	1	0.214	0.923
6	O=C(NCc1cccc(C(F)(F)F)c1)N1CCC(N2CCC(Oc3cc(Cl)c(Cl)cc3)CC2)CC1	1.0	0	0.112	0.955
6	CC(=O)NCc1ccc(C(=O)Nc2cccc(Cl)c2)cc1	1.0	0	0.075	0.992
6	C=CC(=O)NCCNc1cc(Cl)ccc1C#N	1.0	0	0.05	0.966
6	CCCC(=O)N1CC(NS(=O)(=O)c2ccc(NC(=O)c3cc(F)ccc3)c3c2cccc3)CC1	1.0	0	0.091	0.927
6	CNC(=O)c1ccc(C#Cc2ccc(Cl)c(C(C)C)c2)cc1	1.0	0	0.122	0.976
6	Cc1ncccc1Oc1ncc(NC(=O)c2cccc3ccccc23)cc1	1.0	0	0.085	0.98
6	CN(C)CCNc1c(-c2ccc(Cl)cc2)cccc1NS(=O)(=O)c1ccc(Cl)c(Cl)c1	1.0	0	0.191	0.968
6	COc1ccc(Cn2nc(NS(=O)(=O)c3ccc(Cl)cc3)cc2)cc1	1.0	0	0.126	0.984
6	CCOC(=O)N1CCC(NS(=O)(=O)c2ccc(F)cc2)CC1	1.0	0	0.059	0.984
6	CC(=O)C1=C(O)C(=O)N(c2ccc(C(F)(F)F)cc2)C1C1CCCCC1	1.0	1	0.338	0.907
6	COc1cccc2c1c(NS(=O)(=O)c1ccc(Cl)s1)nn2Cc1ccccc1[p+]	0.0	0	0.0	0.0
6	CCCC(=O)N1CCC(NS(=O)(=O)c2ccc(NC(=O)c3nccnc3)c3c2cccc3)CC1	1.0	0	0.135	0.957
6	COc1nc(Cl)cnc1NS(=O)(=O)c1c(Cl)c(Cl)ccc1	1.0	0	0.177	0.955
6	CCC(=O)C1=C(O)C(=O)N(c2ccc(C(C)C)cc2)C1C1CCCCC1	1.0	1	0.332	0.901
6	CCNc1ncnn2c(C)cc(C)n12=O	0.0	0	0.0	0.0
6	COc1cccc2c1c(NS(=O)(=O)c1scc(Cl)c1)nn2Cc1ccc(CO)cc1	1.0	0	0.144	0.94
6	O=C(O)c1ccccc1Oc1ccc(Cl)cc1NS(=O)(=O)c1cccc(Cl)c1	1.0	0	0.121	0.982
6	CCCC(=O)N1CCC(N(Cc2cc(Cl)ccc2C(F)(F)F)C(=O)Nc2ccc(Cl)c(Cl)c2)CC1	1.0	1	0.225	0.949
6	N#Cc1cccn1CCC(NS(=O)(=O)c1cc(Cl)c(N)c(Cl)c1)C(=O)N1	0.0	0	0.0	0.0
6	O=C(Nc1cccc(C(=O)N2CCCCC2)c1)c1ccccc1	1.0	0	0.085	0.993
6	Cc1[n+]([O-])cc(C(=O)c2cc(Cl)ccc2NS(=O)(=O)c2ccc(OC(C)C)cc2)cc1	1.0	0	0.134	0.949
6	CC(=O)C1=C(O)C(=O)N(c2ccc(C(F)(F)F)cc2)C1C1CCCCC1	1.0	1	0.338	0.907
6	CCc1ccc(S(=O)(=O)Nc2cccc(-c3ccc(C(C)C)cc3)c2)cc1	1.0	0	0.148	0.988
6	CNC(=O)CCC(=O)N1CCC(NS(=O)(=O)c2ccc(NC(=O)c3ccccc3C)c3ccccc23)CC1	1.0	0	0.005	0.96
6	COc1c2c(NS(=O)(=O)c3cc(Cl)c(Cl)s3)c(O)c(O)cc2ccc1	1.0	1	0.211	0.917
6	CSc1ccccc1NS(=O)(=O)c1ccc(N2C(=O)c3ccccc3C2=O)cc1	1.0	0	0.11	0.979
6	CC(C)(C)c1ccc(S(=O)(=O)Nc2ccc(Cl)cc2-c2c(O)c(CO)ccn2)cc1	1.0	0	0.156	0.952
6	CC(=O)C1=C(O)C(=O)N(c2ccc(C(F)(F)F)cc2)C1C1CCCCC1	1.0	1	0.338	0.907
6	COc1ccc(S(=O)(=O)Nc2ccc(Br)cc2C(=O)c2ccncc2)cc1	1.0	0	0.106	0.981
6	Nc1nnc(S)s1	1.0	0	0.02	0.663
6	N#Cc1ccc2c(c1)C(=O)N(S(=O)(=O)O)COC(N)=C2C5=	0.0	0	0.0	0.0
6	O=C(c1cc(Cl)ccc1NS(=O)(=O)c1cccc(Cl)c1)c1ccsc1	1.0	0	0.119	0.975
6	COC(=O)CCc1ccc(S(=O)(=O)Nc2ccc(Cl)cc2C(=O)c2ccncc2)cc1	1.0	0	0.116	0.975
6	O=S(=O)(NCC1CCN(Cc2ccc(Cl)cc2)CC1)c1ccccc1Cl	1.0	0	0.064	0.983
6	CC(C)(C)c1ccc(S(=O)(=O)Nc2ccc(Cl)c3c2C(=O)N(Cc2ccncc2)C3=O)cc1	1.0	0	0.122	0.954
6	CCOC(=O)N1CCC(NS(=O)(=O)c2ccc(NCc3ccccc3)c3ccccc23)CC1	1.0	0	0.141	0.972
6	Cc1ccc(S(=O)(=O)NC(C)C(=O)O)cc1Cc1cnc(N)nc1NS(=O)C=N	1.0	0	0.107	0.534
6	CCOC(=O)c1cc2c(=O)n(C)c(S(=O)(=O)F)c2cc1OSC(C)(=O)O	0.0	0	0.0	0.0
6	Cc1cc(C)c(S(=O)(=O)Nc2ccc(Cl)cc2C(=O)c2ccncc2)cc1	1.0	0	0.136	0.978
6	Cc1ncc(C(=O)c2cc(Cl)ccc2NS(=O)(=O)c2ccc(C(C)(C)C)cc2)cc1	1.0	1	0.229	0.974
6	CC(=O)C1=C(O)C(=O)N(c2ccc(C)cc2)C1C1CCCC1	1.0	1	0.289	0.929
6	COc1nc(Br)cnc1NS(=O)(=O)c1ccc(Cl)cc1Cl	1.0	0	0.192	0.956
6	O=C(c1ccnc2ccccc12)N1CC(Oc2ccc(Cl)cc2)C1	1.0	0	0.107	0.983
6	CC(C)(C)c1ccc(S(=O)(=O)Nc2ccc(Cl)c3c2C(=O)N(c2ccncc2)C3=O)cc1	1.0	0	0.129	0.952
6	COc1ccc(C2C(C(C)C)C(C)=NN2C(C)=O)cc1	1.0	0	0.122	0.814
6	N#Cc1cccn1CCC(NS(=O)(=O)c1cc(Cl)c(N)c(Cl)c1)(CC(=O)O)C(=O)F	1.0	0	0.152	0.617
6	COc1c2c(NS(=O)(=O)c3ccc(Cl)s3)nn(Cc3ccc(CN(C)C)cc3)c2ccc1	1.0	0	0.149	0.95
6	O=S(=O)(Nc1cc(Cl)ccc1Cn1nnc(Cl)c1Cl)Nc1cc(Cl)ccc1C(O)c1ccccc1Cl	1.0	0	0.005	0.755
6	COc1ccc(S(=O)(=O)Nc2ccc(Cl)cc2C(=O)c2nccn2C)cc1	1.0	0	0.197	0.973
6	COc1c2c(NS(=O)(=O)c3ccc(Cl)s3)nn(Cc3ccc(-c4ncccn4)cc3)c2ccc1	1.0	0	0.147	0.942
6	Cc1cc(C(=O)c2cc(Cl)ccc2NS(=O)(=O)c2ccc(C(C)(C)C)cc2)ccn1	1.0	1	0.209	0.972
6	CC(=O)c1ccc(S(=O)(=O)Nc2ccc(Cl)cc2C(=O)c2c(C)nccc2C[n+]2ccc(C)c(F)c2)cc1	1.0	0	0.005	0.894
6	COc1ccc(C2C(C(C)=O)=C(O)C(=O)N2c2ccc(C)cc2)cc1	1.0	1	0.335	0.959
6	CC(C)(C)c1ccc(S(=O)(=O)Nc2ccc(S(=O)(=O)c3ccccc3C(C)C)cc2)cc1	1.0	0	0.088	0.974
7	O=C(O)c1ccccc1Oc1ncc(Cl)cc1NS(=O)(=O)c1ccc(Cl)c(Cl)c1	1.0	0	0.098	0.971
7	CC(=O)C1=C(O)C(=O)N(c2ccc(C(F)(F)F)cc2)C1C1CCCCC1	1.0	1	0.338	0.907
7	O=C(O)c1c(Oc2ccc(Cl)c(C(=O)N3CCCC3)c2)cccc1	1.0	1	0.211	0.987
7	CC(C)(C)c1ccc(S(=O)(=O)Nc2ccc(Cl)cc2C(=O)c2ccccn2)cc1	1.0	0	0.137	0.976
7	Cc1ccc(S(=O)(=O)NC(=O)COc2cccc3c2ccn3C)cc1	1.0	0	0.07	0.977
7	CC(=O)C1=C(O)C(=O)N(c2ccc(C)cc2)C1C1CCCCC1	1.0	1	0.305	0.929
7	CC(C)(C)c1ccc(S(=O)(=O)Nc2ccc(Cl)cc2-c2c(O)cc(O)nc2)cc1	1.0	0	0.117	0.944
7	CCOC(=O)N1CCC(NS(=O)(=O)c2ccc(NC(=O)c3ccccc3C)c3ccccc23)CC1	1.0	0	0.136	0.97
7	O=C(NCCN1CCC(F)(F)C1)c1ccccc1	1.0	0	0.071	0.98
7	O=S(=O)(Nc1cc(Cl)c(Cl)cc1NS(=O)(=O)c1cccc(Cl)c1)	1.0	0	0.087	0.915
7	COc1nc(Br)cnc1NS(=O)(=O)c1cscc1	1.0	0	0.17	0.916
7	CCOC(=O)N1CCC(NS(=O)(=O)c2ccc(OCc3ccccc3)c3c2cccc3)CC1	1.0	0	0.144	0.974
7	COc1cc2c(cc1NS(=O)(=O)c1c(Cl)c(Cl)ccc1)nc(O)n2C1COC1	1.0	0	0.166	0.913
7	COc1ccc(C2C(C(C)=O)=C(O)C(=O)N2c2ccccc2)cc1	1.0	1	0.212	0.963
7	CC(=O)C1=C(O)C(=O)N(c2ccc(C)cc2)C1C1CCCCC1	1.0	1	0.305	0.929
7	O=S(=O)(Nc1cc(Cl)ccc1C(N)=O)c1cccc(F)c1	1.0	0	0.108	0.986
7	CC(=O)C1=C(O)C(=O)N(c2ccccc2Cl)C1C1CCCC1	1.0	1	0.214	0.916
7	O=C(O)c1c(Oc2c(Cl)cccc2NS(=O)(=O)c2ccc(Cl)cc2)cccc1	1.0	0	0.134	0.98
7	CS(=O)(=O)c1ccc(S(=O)(=O)Nc2ccc(Cl)cc2C(=O)c2cnccc2)cc1	1.0	0	0.105	0.977
7	O=S(=O)(Nc1cc(Cl)c(Cl)cc1NS(=O)(=O)c1ccc(Cl)c(Cl)c1	0.0	0	0.0	0.0
7	CNS(=O)(=O)c1ccc(CNC(=O)c2c(Cl)cccc2)cc1	1.0	0	0.059	0.99
7	O=S(=O)(O)c1ccc(Cl)cc1O=C1c2c(Cl)cccc2C(=O)N1	0.0	0	0.0	0.0
7	COc1cc2c(cc1NS(=O)(=O)c1c(Cl)c(Cl)ccc1)nc(O)n2C1CNC1	1.0	0	0.172	0.911
7	CCCCc1nc2nc(N)nn2c(S)n1Cc1ccc(Cl)cc1	0.0	0	0.0	0.0
7	O=C(c1cccnc1)c1cc(Cl)ccc1NS(=O)(=O)c1ccc(-c2ccccc2)cc1	1.0	0	0.143	0.981
7	CCOC(=O)N1CCC(NS(=O)(=O)c2ccc(OCc3ccccc3)c3c2cccc3)CC1	1.0	0	0.144	0.974
7	Cc1nc(NCCO)c(C(=O)Nc2ccc(Cl)cc2)c1O	0.0	0	0.0	0.0
7	O=C(O)c1ccc(C(=O)c2c(Cl)ccc(NS(C)(=O)=O)c2)cc1	1.0	0	0.109	0.986
7	COc1cc2c(cc1NS(=O)(=O)c1c(Cl)c(Cl)ccc1)n(CC(=O)O)c(=O)n2C	1.0	0	0.154	0.955
7	Cc1ccccc1Cn1c(O)nc2cc(C(=O)c3ccccc3)ccc21	1.0	0	0.122	0.977
7	CC(C)(C)c1ccc(S(=O)(=O)Nc2ccc(Cl)cc2C(=O)c2ncccn2)cc1	1.0	0	0.135	0.966
7	O=C(c1ccncc1)c1cc(Cl)ccc1NS(=O)(=O)c1ccc(-c2ccccc2)cc1	1.0	0	0.145	0.981
7	COc1ccc(S(=O)(=O)Nc2ccc(Br)cc2C(=O)c2ccncc2)cc1	1.0	0	0.106	0.981
7	COCCOc1nn(C)c2c1c(NS(=O)(=O)c1c(Cl)c(Cl)ccc1)ncn2	1.0	0	0.162	0.933
7	CCOC(=O)N1CCC(NS(=O)(=O)c2ccc(OCc3ccccc3)c3c2cccc3)CC1	1.0	0	0.144	0.974
7	Cc1nnnn1Cc1ccccc1OC1CCN(C(=O)c2cccc3c2cnn3C)CC1	1.0	0	0.081	0.941
7	Cc1cc(Oc2ccc(C(=O)NCCN3CCCCC3)cc2)c(NS(=O)(=O)c2ccc(C(C)(C)C)cc2)c2ncccc2c1	0.0	0	0.0	0.0
7	O=C(c1cnccc1)c1cc(F)c(F)cc1SSC1CCN(C)CC1	1.0	0	0.144	0.905
7	Cc1ccc(C(=O)c2cc(Cl)ccc2NS(=O)(=O)c2ccc(C(C)(C)C)cc2)cn1	1.0	1	0.229	0.974
7	CC(=O)c1c(Cc2ccc(F)cc2)cccc1Oc1ncccc1	1.0	0	0.178	0.977
7	CCCn1c(O)nc2c1cc(C(=O)Nc1cccc(Cl)c1)c2	0.0	0	0.0	0.0
7	O=C(O)c1c(Oc2cccc(F)c2NS(=O)(=O)c2ccc(Cl)cc2Cl)c(C)ccc1	1.0	0	0.16	0.963
7	COc1cc2c(cc1NS(=O)(=O)c1c(Cl)c(Cl)ccc1)nc(O)n2C1COC1	1.0	0	0.166	0.913
7	COc1ccc(C(=O)Nc2cc(C(F)(F))c3ccccc3n2)cc1	1.0	0	0.104	0.982
7	Cn1nncc1C(=O)c1cc(C(=O)c2cc(Cl)ccc2N2CCCCCC2)ccc1	1.0	0	0.14	0.953
7	COc1ccc(C(=O)NCCc2ccccc2)c(CN(C)C)cc1	0.0	0	0.0	0.0
7	N#Cc1ccc(OCC(=O)O)cc1C(=O)c1cc(Cl)ccc1	1.0	0	0.099	0.979
7	O=C(c1ccncc1)c1cc(Cl)ccc1NS(=O)(=O)c1cc(F)c(N)cc1	1.0	0	0.123	0.973
7	CN(C)C(=O)CCc1ccc(S(=O)(=O)Nc2ccc(Cl)cc2C(=O)c2ccncc2)cc1	1.0	0	0.107	0.971
7	Cc1ccc(C(=O)c2cc(Cl)ccc2NS(=O)(=O)c2ccc(C3(C)CCOCC3)cc2)cc1	1.0	0	0.145	0.959
7	Cc1c(N(Cc2ccc(S(C)(=O)c3ccccc3)cc2)S(C)(=O)=O)cccc1Cl	1.0	0	0.005	0.806
7	COc1nc(Br)cnc1NS(=O)(=O)c1ccccc1	1.0	0	0.187	0.971
7	O=C(NCCN1CCCC1)c1ccc(S(=O)(=O)Nc2ccc(Cl)cc2)cc1	1.0	0	0.084	0.987
7	Nc1nn2c(O)c(Cc3cccc(C(F)(F)F)c3)c(C3CC3)nc2n1	1.0	0	0.133	0.912
7	CC(C)(c1ccc(S(=O)(=O)Nc2ccc(Cl)c(Cl)c2)cc1)	1.0	0	0.18	0.989
7	O=C(c1ccncc1)c1cc(Cl)ccc1NS(=O)(=O)c1ccc(Cl)cc1	1.0	0	0.158	0.983
7	O=C(c1ccncc1)c1cc(Cl)ccc1NS(=O)(=O)c1ccc(N2CCOCC2)cc1	1.0	0	0.144	0.973
7	COc1nc(Br)cnc1NS(=O)(=O)c1cccc(Cl)c1	1.0	0	0.135	0.963
7	CC(C)(C)c1ccc(S(=O)(=O)Nc2ccc(Br)cc2C(=O)c2ccncc2)cc1	1.0	0	0.125	0.975
7	COc1ccc(NS(=O)(=O)c2ccc(N3C(=O)C(=O)c4ccccc4C3=O)cc2)cc1	1.0	0	0.087	0.981
7	Cc1ccccc1C(=O)Nc1ccc(S(=O)(=O)NC2CCN(C(=O)CCCCN)CC2)cc1	1.0	0	0.056	0.975
7	CC(=O)C1=C(O)C(=O)N(c2cc(C)cc(C)c2)C1C1CCCNC1[O-]	1.0	1	0.222	0.506
7	O=C(NS(=O)(=O)c1ccccc1)c1ccccc1OC1	0.0	0	0.0	0.0
7	CC(C)Oc1c(Cl)cc(Cl)cc1S(=O)(=O)Nc1ccc(C(=O)Nc2ccc(S(C)(=O)=O)cc2)c(C(C)C)c1	1.0	0	0.005	0.944
7	Cc1ccccc1C(=O)c1cc(Cl)ccc1NS(=O)(=O)c1ccc(C(C)(C)C)cc1	1.0	0	0.118	0.98
7	CCOc1ccc(C(=O)Nc2ccc(S(=O)(=O)NC3CCN(C(=O)c4ccccc4)CC3)c3c2cccc3)cc1	1.0	0	0.005	0.97
7	COc1c2c(NS(=O)(=O)c3cccc(Cl)c3)nn(Cc3cccc(CNC(=O)C(C)(C)O)c3)c2ccc1	1.0	0	0.005	0.938
7	c1cc(OCCCN2CCC(Cc3ccccc3)CC2)cc1	0.0	0	0.0	0.0
7	O=C(c1cnccc1)c1cc(Cl)ccc1NS(=O)(=O)c1ccc(C(C)C)cc1	1.0	0	0.132	0.979
7	CC(C)(C)c1ccc(S(=O)(=O)Nc2ccc(Cl)cc2-c2c(O)cncc2)cc1	1.0	0	0.119	0.967
7	O=C(Nc1cccc(C(=O)N2CCCCC2)c1)c1ccccc1	1.0	0	0.085	0.993
7	Cc1cc(C(=O)c2cc(Cl)ccc2NS(=O)(=O)c2ccc(OC(C)C)cc2)ccn1	1.0	0	0.184	0.972
7	CC(CC(=O)O)(S(=O)(=O)c1ccccc1F	0.0	0	0.0	0.0
7	Nc1nn2c(O)c(Cc3cccc(I)c3)c(C3CC3)nc2n1	1.0	0	0.138	0.891
7	O=S(=O)(Nc1cc(Cl)c(Cl)c2cccnc12)	1.0	0	0.053	0.829
7	CCOc1c(OCCN2C(=O)c3ccccc3C2=O)cccc1SS	1.0	0	0.105	0.955
7	CCOC(=O)N1CCC(NS(=O)(=O)c2ccc(OCc3ccccc3)c3c2cccc3)CC1	1.0	0	0.144	0.974
7	Cc1ncccc1C(=O)c1cc(Cl)ccc1NS(=O)(=O)c1ccc(C(C)=O)cc1	1.0	0	0.115	0.976
7	O=C(NCCO)c1c(-c2ncccc2)nccn1	1.0	0	0.09	0.971
7	Cc1ncc(C(=O)c2cc(Cl)ccc2NS(=O)(=O)c2ccc(C(C)(C)C)cc2)cc1	1.0	1	0.229	0.974
7	Cc1ccc(S(=O)(=O)Nc2cc(Cl)ccc2Cn2cccn2)cc1	1.0	0	0.19	0.979
7	COc1nc(Cl)cnc1NS(=O)(=O)c1cccc(NC(=O)c2ccccc2)c1	1.0	0	0.139	0.974
7	O=S(=O)(Nc1cc(Cl)c(Cl)c1)c1ccccc1Cl	0.0	0	0.0	0.0
7	C=CCN(C(=O)CCc1ccc(Cl)cc1)C1CCN(CCC2(c3cccc(F)c3)CCN(C(=O)c3cc(S(=O)(=O)CC)ccc3)CC2)CC1	1.0	0	0.005	0.867
7	O=S(=O)(NCCCN1CCC(O)(c2ccc(Cl)cc2)CC1)c1ccc(F)cc1	1.0	0	0.159	0.973
7	O=C(c1cc[n+]([O-])cc1)c1cc(Cl)ccc1NS(=O)(=O)c1ccc(-c2ccco2)cc1	1.0	0	0.14	0.952
7	O=C(c1cccnc1)c1cc(Cl)ccc1NS(=O)(=O)c1ccc(-c2ccccc2)cc1	1.0	0	0.143	0.981
7	COc1nc(Br)cnc1NS(=O)(=O)c1cscc1	1.0	0	0.17	0.916
7	O=C(Nc1cccc(C(=O)N2CCCCC2)c1)c1ccccc1	1.0	0	0.085	0.993
7	Cc1ncc(C(=O)c2cc(Cl)ccc2NS(=O)(=O)c2ccc(OC(C)C)cc2)cc1	1.0	1	0.202	0.974
7	COc1cc2c(cc1NS(=O)(=O)c1c(Cl)c(Cl)ccc1)nc(O)n2C1CN(C(C)=O)C1	1.0	0	0.14	0.914
7	Nc1nn2c(O)c(Cc3cccc(C(F)(F)F)c3)c(C3CC3)nc2n1	1.0	0	0.133	0.912
7	Cc1cc(C=Nc2ccc(S(N)(=O)=O)cc2)ccc1OC	1.0	0	0.086	0.978
7	CC(=O)NC1=NCC(Cc2ccc(Cl)cc2)N1C	1.0	0	0.086	0.878
7	Cc1ccc(C(=O)CSc2nc(-c3ccccc3)ccc2C#N)cc1	1.0	0	0.117	0.982
7	CCCCc1nc2nc(N)nn2c(O)c1Cc1cccc(Cl)c1	1.0	1	0.309	0.935
7	COc1nc(Cl)cnc1NS(=O)(=O)c1ccc(Cl)c(Cl)c1	1.0	0	0.125	0.964
7	Cc1ccc(C(=O)c2cc(Cl)ccc2NS(=O)(=O)c2ccc(C(C)(C)C)cc2)cn1	1.0	1	0.229	0.974
7	C(=CNc1ccc(C(=O)c2ccccc2)cc1)c1ccccc1	1.0	0	0.072	0.987
7	CC(C)(C)c1ccc(S(=O)(=O)Nc2ccc(C(=O)Nc3c(Cl)cccc3)cc2)cc1	1.0	0	0.062	0.986
8	O=C(Nc1ccc(S(=O)(=O)N2CCCCC2)cc1)B1OC2CCC(C2)C1C(=O)O	1.0	0	0.005	0.189
8	O=S(=O)(Nc1cc(Cl)ccc1Cn1cncn1)c1ccc(Cl)c(Cl)c1	1.0	1	0.227	0.969
8	COc1ccc(C2Nc3ccc(C(=O)c4ccccc4)cc3NC2=O)cc1	1.0	0	0.103	0.949
8	O=C(c1ccncc1)c1cc(Cl)ccc1NS(=O)(=O)c1ccc(C(C)(C)C)cc1	1.0	0	0.125	0.977
8	CCc1nc2ccccc2n1Cc1cc(Br)c(S(=O)(=O)c2ccccc2)cc1	1.0	0	0.07	0.976
8	Cc1ccc(C(=O)c2cc(Cl)ccc2NS(=O)(=O)c2ccc(-c3cnco3)cc2)cc1	1.0	0	0.14	0.971
8	Oc1cc(CSc2cccc(F)c2F)nc2nc(Cc3ccccc3)nn12	1.0	0	0.084	0.937
8	Cc1ccc(N2C(=O)C(O)=C(C(=O)C(C)(C)C)C2C2CCCCC2)cc1	1.0	1	0.342	0.901
8	O=S(=O)(Nc1cc(Cl)ccc1Cn1ccnn1)c1ccccc1	1.0	0	0.171	0.973
8	O=C(O)c1c(Oc2ccc(Cl)cc2NS(=O)(=O)c2ccc(Cl)s2)cccc1	1.0	0	0.126	0.974
8	O=C(O)c1c(Oc2ccc(Cl)cc2NS(=O)(=O)c2ccc(Cl)s2)cccc1	1.0	0	0.126	0.974
8	COc1ccc(C(=O)NCCc2cccc(C(=O)N3CCc4ccccc4C3)c2)cc1	1.0	0	0.094	0.984
8	CC(=O)C1=C(O)C(=O)N(c2ccc(C)cc2)C1c1cccc(Cl)c1	1.0	1	0.336	0.953
8	COC(=O)CCc1ccc(S(=O)(=O)Nc2ccc(Cl)cc2C(=O)c2ccnc(Cl)c2)cc1	1.0	0	0.106	0.969
8	CC(=O)C1=C(O)C(=O)N(c2cc(F)c(F)cc2)C1C1CCCCC1	1.0	1	0.288	0.906
8	COc1c2c(NS(=O)(=O)c3ccc(Cl)s3)nn(Cc3cccc(CNC(C)=O)c3)c2cc(O)c1	1.0	0	0.116	0.925
8	O=C(O)c1cccnc1F	1.0	0	0.031	0.98
8	O=C(O)c1c(Oc2ncc(Cl)cc2NS(=O)(=O)c2ccc(Cl)s2)CC(C)CC1	1.0	0	0.117	0.741
8	COc1nc(Cl)cnc1NS(=O)(=O)c1cc(Cl)c(Cl)cc1	1.0	0	0.125	0.964
8	Cc1ccc(S(=O)(=O)Nc2ccc(Cl)cc2C(=O)c2ccnc(C)c2)cc1	1.0	0	0.161	0.979
8	CC(=O)C1=C(O)C(=O)N(c2cnccc2)C1c1ccccc1F	1.0	1	0.237	0.934
8	COc1nccnc1NS(=O)(=O)c1cccc(Cl)c1Cl	1.0	0	0.093	0.968
8	Cc1c(C(=O)c2cc(Cl)ccc2NS(=O)(=O)c2ccc(C(C)(C)C)cc2)nccc1	1.0	0	0.115	0.971
8	CC(=O)c1ccc(N2CCN(C(=O)c3ccccc3)CC2)cc1	1.0	0	0.088	0.992
8	Cc1ccc(S(=O)(=O)Nc2cc(C)ccc2NS(=O)(=O)c2ccc(C(C)(C)C)cc2)cn1	1.0	0	0.095	0.969
8	COc1ccc(NS(=O)(=O)c2ccc(Cl)cc2)c(C(F)(F)F)c1	1.0	0	0.13	0.985
8	CC(=O)C1=C(O)C(=O)N(c2cc(F)c(F)cc2)C1C1CCCCC1	1.0	1	0.288	0.906
8	CCCC(=O)N1CCC(NS(=O)(=O)c2ccc(NC(=O)c3cccc(C)c3)c3ccccc23)CC1	1.0	0	0.126	0.969
8	CCCC(=O)N1C(C(=O)O)CSC1C1=C(O)C(O)C(O)C(O)C1O	1.0	0	0.073	0.263
8	O=C(Nc1ccc(S(=O)(=O)N2CCc3ccccc32)cc1)C1CC1	1.0	0	0.13	0.986
8	N#Cc1cccn1CCC(NS(=O)(=O)c1cccc2c1cc[nH]2)C(=O)N1CCCCC1	1.0	0	0.137	0.833
8	Cc1ccc(S(=O)(=O)NC(=O)COc2ccc(C(C)(C)C)cc2)cc1CC	1.0	0	0.087	0.977
8	N#Cc1cccn1CCC(NS(=O)(=O)c1cc(Cl)c(N)c(Cl)c1)C(=O)N1CCCC1	1.0	0	0.164	0.821
8	COc1nn(C(C)C(=O)NCc2ccccc2)c2ccccc12	1.0	0	0.083	0.953
8	CC(=O)Nc1ccc(S(=O)(=O)c2ccc(F)cc2)cc1	1.0	0	0.07	0.991
8	COc1ccc(C2C(C(=O)Nc3ccccc3)C3CCN2CC3)cc1	1.0	0	0.128	0.736
8	Cc1ccc(C(=O)Nc2ccc(S(=O)(=O)c3cccc(C(=O)O)c3)cc2)cc1	1.0	0	0.088	0.988
8	Cc1cc(NS(=O)(=O)c2ccc(N(C)C)cc2)ccc1	1.0	0	0.148	0.99
8	CC(C)(C)c1ccc(S(=O)(=O)Nc2ccc(Cl)cc2C(=O)c2ccc(Cl)nc2)cc1	1.0	1	0.294	0.972
8	CSc1nc2cc(Cl)cc(Cl)c2n1Cc1ccc(S(=O)(=O)c2ccccc2)cc1	1.0	0	0.084	0.968
8	O=C(O)c1c(Oc2ccc(Cl)cc2NS(=O)(=O)c2ccc(Cl)s2)cccc1	1.0	0	0.126	0.974
8	Cc1cc(C)c(S(=O)(=O)NC(=O)N2CCC(N3CCC(Oc4ccc(Cl)c(Cl)c4)CC3)CC2)cc1	1.0	0	0.123	0.946
8	O=C(NCCO)c1ccc(OCCN2CCCCC2)cc1Cl	1.0	0	0.095	0.984
8	CC(=O)C1=C(O)C(=O)N(c2ccc(C)cc2)C1c1cc(Cl)ccc1	1.0	1	0.336	0.953
8	O=S(=O)(Nc1cc(Cl)c(F)cc1Cn1ccnn1)c1ccc(Cl)c(Cl)c1	1.0	1	0.235	0.949
8	CC(=O)c1ccc(S(=O)(=O)Nc2ccc(Br)cc2C(=O)c2cnn(C)c2)cc1	1.0	0	0.133	0.97
8	COc1c2c(NS(=O)(=O)c3cc(Cl)c(Cl)cc3)nn(Cc3ccc(CNC(C)=O)cc3)c2ccc1	1.0	0	0.154	0.959
8	O=C(O)c1c(Oc2ccc(Cl)cc2NS(=O)(=O)c2ccc(Cl)s2)cccc1	1.0	0	0.126	0.974
8	O=S(=O)(Nc1cc(Cl)c(Cl)cc1Cn1ccnc1)c1ccc(Cl)c(Cl)c1	1.0	0	0.181	0.96
8	Cc1noc(C)c1S(=O)(=O)NCCCN1CCC(O)(c2ccc(Cl)cc2)CC1	1.0	0	0.06	0.952
8	O=C(c1ccncc1)c1cc(Cl)ccc1NS(=O)(=O)c1ccc(N2CCOCC2)cc1	1.0	0	0.144	0.973
8	Cc1cc(C(=O)c2cc(Cl)ccc2NS(=O)(=O)c2ccc(-c3cnc(C)o3)cc2)ccc1	1.0	0	0.155	0.968
8	CC1CCN(C(=O)C(CCn2cccc2C#N)NS(=O)(=O)c2cc(Cl)c(N)c(Cl)c2)CC1	1.0	0	0.178	0.801
8	COC(=O)CCCCc1ccc(C(=O)c2cc(Cl)ccc2NS(=O)(=O)c2ccc(C(C)(C)C)cc2)nc1	1.0	0	0.005	0.956
8	O=C(O)c1c(Oc2nccs2)ccc(S(=O)(=O)Nc2ccc(Cl)cc2C(=O)c3ccccc2)c1	0.0	0	0.0	0.0
8	O=C(c1cccs1)c1c(O)ccc(C(=O)c2ccccc2)c1	1.0	0	0.085	0.984
8	O=C(O)c1c(Oc2ccc(Cl)cc2NS(=O)(=O)c2ccc(Cl)s2)cccc1	1.0	0	0.126	0.974
8	O=C(O)c1c(Oc2ccc(Cl)cc2NS(=O)(=O)c2ccc(Cl)s2)cccc1	1.0	0	0.126	0.974
8	COc1ccccc1Cn1nc(NS(=O)(=O)c2ccc(Cl)s2)c2c1cccc2	1.0	0	0.149	0.966
8	CCCC(=O)N1CCC(NS(=O)(=O)c2ccc(NC(=O)c3cccs3)c3c2cccc3)CC1	1.0	0	0.105	0.964
8	Cc1cc(C(=O)c2cc(Cl)ccc2NS(=O)(=O)c2ccc(C3(C)CCOCC3)cc2)ccn1	1.0	0	0.147	0.939
8	CCCC(=O)N1CCC(NS(=O)(=O)c2ccc(NC(=O)c3c(F)c(F)ccc3)c3c2cccc3)CC1	1.0	0	0.005	0.96
8	O=C(C1=C(O)C(=O)N(c2ccc(F)cc2)C1C1CCCCC1)c1ncccc1	1.0	1	0.238	0.897
8	CCn1nc2ncnc(NS(=O)(=O)c3ccc(Cl)c(Cl)c3)c2c1OC	1.0	0	0.158	0.924
8	O=C(O)c1c(Oc2nccnc2NS(=O)(=O)c2ccc(OC(F)(F)F)cc2)cccc1	1.0	0	0.106	0.961
8	COc1ccc(Cl)cc1S(=O)(=O)Nc1ccc(C(=O)NS(=O)(=O)c2ccc(Cl)c(C(F)(F)F)c2)cc1	1.0	0	0.005	0.964
8	O=S1(=O)NC(Nc2c(Cl)cccc2)=Nc2c1c(F)ccc2O	1.0	0	0.148	0.88
8	COCCOc1nn(C)c2c1c(NS(=O)(=O)c1c(Cl)c(Cl)ccc1)ncn2	1.0	0	0.162	0.933
8	O=S(=O)(Nc1cc(Cl)c(Cl)cc1Cn1ccnc1Cl)c1ccc(Cl)cc1	1.0	0	0.099	0.955
8	CCOc1c(O)cc(CN2CCOC(COc3c(F)cc(Cl)cc3)C2)cc1	1.0	0	0.064	0.932
8	CC(=O)C1=C(O)C(=O)N(c2cc(C)ccc2)C1c1ccc(Cl)cc1	1.0	1	0.246	0.953
8	COc1nc(Br)cnc1NS(=O)(=O)c1ccsc1Cl	1.0	0	0.172	0.892
8	O=C(O)c1ccc(Oc2ccc(Cl)cc2NS(=O)(=O)c2ccc(F)cc2)cc1	1.0	0	0.096	0.985
8	CC(=O)C1=C(O)C(=O)N(c2ccc(C)cc2)C1c1ccc(Cl)cc1	1.0	1	0.339	0.958
8	CC(=O)C1=C(O)C(=O)N(c2ccc(C)cc2)C1c1cc(Cl)ccc1	1.0	1	0.336	0.953
8	Cc1ncc(C(=O)c2cc(Cl)ccc2NS(=O)(=O)c2ccc(F)cc2)cc1	1.0	1	0.211	0.98
8	CNc1ccc(C(=O)Nc2ccc(S(=O)(=O)N3CCCC3)cc2)cc1	1.0	0	0.078	0.988
8	Cc1cc(C(=O)c2cc(Cl)ccc2NS(=O)(=O)c2ccc(C(C)(C)C)cc2)ccn1	1.0	1	0.209	0.972
8	CC(C)(C)c1ccc(S(=O)(=O)Nc2ccc(Cl)cc2C(=O)c2c(Cl)c[nH]c2)cc1	1.0	0	0.088	0.951
8	CC(C)(CO)c1ccc(S(=O)(=O)c2ccc(NS(=O)(=O)c3ccc(Cl)s3)cc2)cc1	1.0	0	0.076	0.96
8	O=C(NC1CCN(Cc2ccc3cc(F)ccc3c2)CC1)cn1cccn1	0.0	0	0.0	0.0
8	COc1c2c(NS(=O)(=O)c3cc(Cl)c(Cl)cc3)nn(Cc3cccc(CNC(=O)C(C)(C)C)c3)c2ccc1	1.0	0	0.005	0.942
8	COC(=O)CCc1ccc(S(=O)(=O)Nc2ccc(Cl)cc2C(=O)c2cnccc2)cc1	1.0	0	0.112	0.975
8	O=C(NCc1ccc(Cl)cc1)c1ccccc1NS(=O)(=O)c1ccc(C(F)F)cc1	1.0	0	0.145	0.981
8	Cc1ccncc1CN(C)C(=O)CCc1ccc(S(=O)(=O)NC2CCCCC2)cc1	1.0	0	0.058	0.967
8	Cc1ncc(C(=O)c2cc(Cl)ccc2NS(=O)(=O)c2ccc(C3(C)CCOCC3)cc2)cc1	1.0	0	0.145	0.944
8	CCOc1ccnc2c1c(NS(=O)(=O)c1ccc(Cl)s1)nn2CCNC(=O)C=CCN(C)C	1.0	0	0.086	0.877
8	COc1ccc(OS(=O)(=O)c2cc(C)c(Cl)cc2)cc1	1.0	0	0.109	0.987
8	O=C(c1ccncc1)c1cc(Cl)ccc1NS(=O)(=O)c1ccc(F)cc1	1.0	0	0.146	0.982
8	CC(=O)c1ccc(S(=O)(=O)Nc2ccc(Cl)cc2C(=O)c2cc(S(C)(=O)=O)ncc2)cc1	1.0	0	0.113	0.962
8	O=S(=O)(Nc1cc(Cl)c(Cl)cc1Cn1ccnn1)c1cc(Cl)c(Cl)cc1	1.0	1	0.233	0.951
8	CC(=O)c1ccc(S(=O)(=O)Nc2ccc(Br)cc2C(=O)c2ccncc2)cc1	1.0	0	0.106	0.978
8	CC(=O)C1=C(O)C(=O)N(c2ccc(C)cc2)C1c1ccccc1	1.0	1	0.347	0.963
8	O=C(c1ccncc1)c1cc(Cl)ccc1NS(=O)(=O)c1ccc(C(C)(C)C)cc1	1.0	0	0.125	0.977
8	Cc1nc(O)c(NS(=O)(=O)c2ccc(Cl)c(Cl)c2)cc1	1.0	0	0.102	0.969
8	CC(=O)C1=C(O)C(=O)N(c2ccc(C)cc2)C1c1cc(Cl)ccc1	1.0	1	0.336	0.953
8	COc1c(N2C(=O)c3c(C2=O)c(NS(=O)(=O)c2ccc(C(C)(C)C)cc2)ccc3Cl)c(C)cn1	0.0	0	0.0	0.0
8	Nc1nn2c(O)c(Cc3cccc(Cl)c3)c(C3CC3)nc2n1	1.0	0	0.136	0.922
8	O=C(c1cccnc1)c1cc(Cl)ccc1NS(=O)(=O)c1ccc([N+](=O)[O-])cc1	1.0	0	0.103	0.977
8	O=C(Nc1ccc(S(=O)(=O)N2CCCCC2)cc1)c1ccccc1C(F)(F)F	1.0	0	0.093	0.984
9	Cc1ccc(C(=O)c2cc(Cl)ccc2NS(=O)(=O)c2ccc(C(C)(C)C)cc2)cc1	1.0	1	0.228	0.982
9	CC(=O)C1=C(O)C(=O)N(c2ccc(C)c(C)c2)C1c1cc(Cl)ccc1	1.0	1	0.342	0.943
9	CC(C)(C)c1ccc(S(=O)(=O)Nc2ccc(Cl)cc2-c2c(O)c(Cl)ccc2)cc1	1.0	0	0.131	0.972
9	CC(=O)C1=C(O)C(=O)N(c2ccc(Cl)cc2)C1C1CCCCCCCC1	1.0	1	0.377	0.843
9	CC(C)(C)c1ccc(S(=O)(=O)Nc2ccc(Cl)cc2C(=O)c2ncccn2)cc1	1.0	0	0.135	0.966
9	C=CCOc1c(Cl)cc(Cl)cc1Cn1cc(Br)cn1	1.0	0	0.117	0.95
9	COc1nc(Cl)cnc1NS(=O)(=O)c1c(Cl)cccc1Cl	1.0	1	0.223	0.954
9	CC(=O)C1=C(O)C(=O)N(c2ccc(C)cc2)C1C1CCCCC1	1.0	1	0.305	0.929
9	Cc1c(N(Cc2ccc(C(C)(C)C)cc2)c2cccc(C3=C(C)C(NC(=O)c4ccccc4)C4)c(cc3)c2)c2ccccc2n1	0.0	0	0.0	0.0
9	CC(=O)C1=C(O)C(=O)N(c2ccc(C)cc2)C1c1ccc(Cl)cc1	1.0	1	0.339	0.958
9	CS(=O)(=O)c1ccc(S(=O)(=O)Nc2ccc(Cl)cc2C(=O)c2ccncn2)cc1	1.0	0	0.104	0.966
9	CC(C)(C)c1ccc(S(=O)(=O)Nc2ccc(Br)cc2C(=O)c2c[nH]cn2)cc1	1.0	0	0.133	0.946
9	Cc1c(N2C(=O)c3c(C2=O)c(NS(=O)(=O)c2ccc(C(C)(C)C)cc2)ccc3Cl)c(C)ccn1	1.0	0	0.134	0.925
9	CCCC(=O)N1CCC(NS(=O)(=O)c2ccc(NC(=O)c3ccc(C)cc3)c3c2cccc3)CC1	1.0	0	0.135	0.971
9	CCCC(=O)N1CCC(NS(=O)(=O)c2ccc(NC(=O)C3CCOCC3)c3c2cccc3)CC1	1.0	0	0.108	0.958
9	CCC(=O)C1=C(O)C(=O)N(c2ccc(C)cc2)C1c1ccc(Cl)cc1	1.0	1	0.352	0.946
9	N#Cc1ccc(OCCS(=O)(=O)Nc2c(Cl)cccc2C(=O)c2ccccc2)cc1	1.0	0	0.121	0.971
9	Cn1ncc2c1cccc2NS(=O)(=O)c1c(Cl)c(Cl)ccc1	1.0	0	0.127	0.972
9	O=S(=O)(c1ccc(Cl)cc1)c1ccccc1Clc1ccc(Cl)cc1	0.0	0	0.0	0.0
9	CS(=O)(=O)c1cc(Cl)ccc1NS(=O)(=O)c1ccc(Cl)c(Cl)c1	1.0	0	0.098	0.98
9	COc1ccc(NS(=O)(=O)c2ccc(F)cc2)cc1	1.0	0	0.087	0.994
9	Cc1c(N(Cc2ccc(C(C)C)cc2)c2ccc(C(=O)c3ccccc3)cc2)cccc1F	1.0	0	0.164	0.972
9	CC(=O)C1=C(O)C(=O)N(c2ccc(F)cc2)C1c1ccc(Cl)cc1	1.0	1	0.32	0.956
9	O=S(=O)(Nc1cc(Cl)c(Cl)cc1Cn1ccnn1)c1ccccc1	1.0	0	0.166	0.963
9	Nc1nn2c(O)c(Cc3ccc(Cl)c(Cl)c3)c(-c3ccccc3)nc2n1	1.0	1	0.738	0.953
9	O=C(O)c1cc(F)c(Cl)cc1	1.0	0	0.044	0.992
9	CC(=O)C1=C(O)C(=O)N(c2ccc(C)cc2)C1c1ccc(Cl)cc1	1.0	1	0.339	0.958
9	COc1c2c(NS(=O)(=O)c3cc(Cl)c(Cl)cc3)nn(Cc3cccc(CNC(=O)C(C)(C)O)c3)c2ccc1	1.0	0	0.005	0.933
9	CC(=O)Nc1ccc(S(=O)(=O)Nc2ccc(Cl)cc2C(=O)c2cnc(Cl)s2)cc1	1.0	1	0.2	0.962
9	O=S(=O)(Nc1cc(Cl)ccc1Cn1ccnn1)c1ccc(Cl)cc1	1.0	1	0.271	0.97
9	CCOC(=O)N1CCC(NS(=O)(=O)c2ccc(C(=O)NC(C)c3ccccc3)c3ccccc23)CC1	1.0	0	0.005	0.926
9	O=C(C1=C(O)C(=O)N(Cc2cccc3ccccc23)C1c1ccc(O)c(O)c1)c1cc(Cl)c(Cl)cc1	1.0	0	0.005	0.901
9	COc1ccc(C(=O)c2cc(Cl)ccc2NS(=O)(=O)c2ccc(C3(C)CCOCC3)cc2)cc1	1.0	0	0.148	0.958
9	CC(=O)C1=C(O)C(=O)c2ccccc21	1.0	0	0.065	0.966
9	O=C(O)c1c(Oc2ncccc2NS(=O)(=O)c2ccc(Cl)c(C(F)(F)F)c2)cccc1	1.0	0	0.138	0.966
9	O=S(=O)(Nc1cc(Cl)c(Cl)cc1Cn1ccnn1)c1ccc(Cl)c(Cl)c1	1.0	1	0.233	0.951
9	O=C(c1cnc(Cl)cc1)c1cc(Cl)ccc1S(=O)(=O)c1cc(Cl)c(Cl)cc1	1.0	1	0.221	0.967
9	COc1ccc2c(c1)c(C(=NN=Cc1ccccc1)c1ccccc1)c(O)n2CC	1.0	0	0.173	0.952
9	Cc1ccc(NC2CCN(C(=O)CCc3cccnc3)CC2)cc1	1.0	0	0.066	0.983
9	O=C(O)c1cc(NS(=O)(=O)c2ccc(Cl)cc2)ccc1	1.0	0	0.157	0.992
9	COC(=O)CCc1ccc(S(=O)(=O)Nc2ccc(Br)cc2C(=O)c2ccncc2)cc1	1.0	0	0.115	0.973
9	CC(=O)C1=C(O)C(=O)N(c2ccc(C)cc2)C1c1ccc(C(F)(F)F)cc1	1.0	1	0.207	0.942
9	COc1ccc(OCCn2ncnc2C(=O)c2ccccc2)cc1	1.0	0	0.112	0.979
9	Cc1ccc(S(=O)(=O)Nc2ccc(Cl)cc2C(=O)c2ccncc2)cc1	1.0	0	0.155	0.983
9	CC(C)c1nc2nc(N)nn2c(O)c1Br	1.0	0	0.071	0.859
9	O=C(c1cccnc1)c1cc(Cl)ccc1NS(=O)(=O)c1cc(F)c(N2CCNCC2)c(F)c1	1.0	0	0.099	0.947
9	O=C(NCCc1c(-c2ccc(F)cc2)[nH]c2ccc(Cl)cc12)	1.0	0	0.142	0.967
9	Cc1ccc(C(=O)c2cc(Cl)ccc2NS(=O)(=O)c2ccc(-c3cnccn3)cc2)cc1	1.0	0	0.133	0.975
9	O=C(O)c1ccccc1Oc1ncc(Cl)cc1NS(=O)(=O)c1ccc(Cl)c(Cl)c1	1.0	0	0.098	0.971
9	CC(C)(C)c1ccc(S(=O)(=O)Nc2ccc(Cl)cc2-c2c(O)c(CO)ccc2F)cc1	1.0	0	0.112	0.957
9	Nc1nn2c(O)c(Cc3ccc(Cl)c(Cl)c3)c(CCc3ccccc3)nc2n1	1.0	1	0.635	0.944
9	O=C(Nc1ccc(S(=O)(=O)NC(=O)Nc2ccc(C(=O)O)cc2)cc1)N	1.0	0	0.08	0.984
9	O=S(=O)(c1ccccc1)c1ccccc1Cl	1.0	0	0.081	0.992
9	O=C(c1ccncc1)c1cc(Cl)ccc1NS(=O)(=O)c1ccc(N2CCSCC2)cc1	1.0	0	0.126	0.963
9	O=C(O)c1ccc(Oc2ccc(Cl)cc2NS(=O)(=O)c2ccc(Cl)c(C(F)(F)F)c2)cc1	1.0	0	0.142	0.974
9	O=C(c1cnncc1)c1cc2ccccc2cc1COC1	0.0	0	0.0	0.0
9	O=S(=O)(Nc2cc(Cl)c(Cl)cc2C(=O)c2ccccc2)c2ccccc21	0.0	0	0.0	0.0
9	O=S1(=O)NC(Nc2ccc(Br)cc2)=Nc2c1c(F)ccc2O	1.0	0	0.161	0.878
9	Cc1ccc(C(=O)c2cc(Cl)ccc2NS(=O)(=O)c2ccc(C3(C)CCOCC3)cc2)cc1	1.0	0	0.145	0.959
9	Cc1ccc(S(=O)(=O)Nc2ccc(Cl)cc2C(=O)c2cncc[n+]2[O-])cc1	1.0	0	0.184	0.938
9	COc1cc2c(cc1NS(=O)(=O)c1cc(Cl)c(Cl)cc1)occ2	1.0	0	0.133	0.973
9	CCc1c(Sc2ccc(Cl)cc2)c(=O)oc2cc(OC)c(OC)cc2c1	0.0	0	0.0	0.0
9	CC(=O)C1=C(O)C(=O)N(c2ccc(C)cc2)C1c1cc(Cl)ccc1	1.0	1	0.336	0.953
9	CCC(=O)N1CCC(NS(=O)(=O)c2ccc(NC(=O)c3ccccc3)c3c2cccc3)CC1	1.0	0	0.146	0.975
9	CC1CCN(C(=O)C(CCn2ccnn2)NS(=O)(=O)c2cc(Cl)c(Cl)cc2)CC1	1.0	0	0.1	0.878
9	COc1nc(Cl)cnc1NS(=O)(=O)c1cccc(Cl)c1Cl	1.0	0	0.177	0.955
9	CC(C)(C)c1ccc(S(=O)(=O)Nc2ccc(Cl)cc2C(=O)c2ccncc2)cc1	1.0	0	0.125	0.977
9	O=S(=O)(Nc1cc(Cl)ccc1Cn1cccn1)	1.0	0	0.061	0.869
9	CC(=O)C1=C(O)C(=O)N(c2ccc(Cl)cc2F)C1C1CCCCCCC1	1.0	1	0.404	0.901
9	Cc1c(C(=O)Nc2cc(Cl)c(Cl)cc2)nc2cc(Cl)ccc2c1	1.0	1	0.21	0.981
9	N#Cc1cccnc1Cn1c(=O)c(=O)n(Cc2ccccc2)c2ccccc21	1.0	0	0.143	0.968
9	CC(=O)C1=C(O)C(=O)N(c2ccc(C)cc2)C1C1CCCCCC1	1.0	1	0.329	0.929
9	Cc1c(C(=O)Nc2ccc(S(=O)(=O)NC3CCN(C(=O)N(C)C)CC3)c3c2cccc3)cccc1	1.0	0	0.089	0.965
9	COc1nc(Cl)cnc1NS(=O)(=O)c1c(Cl)cccc1Cl	1.0	1	0.223	0.954
9	COC(=O)CCc1ccc(S(=O)(=O)Nc2ccc(Cl)cc2C(=O)c2cnc(C)cc2)cc1	1.0	0	0.109	0.972
9	CCCC(=O)C1=C(O)C(=O)N(c2ccc(C)cc2)C1C1CCCCCC1	1.0	1	0.337	0.909
9	O=C(c1cnccc1)c1cc(Cl)ccc1NS(=O)(=O)c1ccc(Cl)cc1	1.0	0	0.163	0.983
9	CC(=O)C1=C(O)C(=O)N(c2ccc(C)cc2)C1c1ccc(Cl)cc1	1.0	1	0.339	0.958
9	CC(=O)C1=C(O)C(=O)N(c2cc(Cl)c(Cl)cc2)C1C1CCCCCC1	1.0	1	0.413	0.91
9	Cc1ccc(S(=O)(=O)Nc2cc(Cl)ccc2CS(=O)(=O)c2ccc(Cl)c(Cl)c2)cc1	1.0	0	0.154	0.973
9	CC(=O)C1=C(O)C(=O)N(c2ccc(C)cc2)C1c1ccccc1	1.0	1	0.347	0.963
9	O=C(c1ccc[n+]([O-])c1)N1CCC(NS(=O)(=O)c2cc(Cl)c(Cl)cc2)CC1	1.0	0	0.077	0.954
9	CCCC(=O)c1ccc(Oc2cc(F)cc(NC(=O)c3ccncc3)c2)cc1	1.0	0	0.098	0.98
9	O=S(=O)(Nc1cc(Cl)c(Cl)cc1Cn1ccnn1)c1ccccc1	1.0	0	0.166	0.963
9	CC(=O)C1=C(O)C(=O)N(c2ccc(C)cc2)C1C1=O	0.0	0	0.0	0.0
9	CC(=O)C1=C(O)C(=O)N(c2ccc(C)cc2)C1c1ccc(F)cc1	1.0	1	0.34	0.957
9	O=C(c1nccn1Cc1ccccc1)c1ccccn1	1.0	0	0.098	0.978
9	CNc1nc(-c2cc(Cl)ccc2NS(=O)(=O)c2ccc(C(C)(C)C)cc2)ccc1	1.0	0	0.153	0.969
9	CCC(=O)C1=C(O)C(=O)N(c2cccc(C)c2)C1c1ccccc1Cl	1.0	1	0.287	0.935
9	CCCC(=O)N1CCC(NS(=O)(=O)c2ccc(NC(=O)c3cc(Cl)ns3)c3c2cccc3)CC1	1.0	0	0.132	0.925
9	O=C(c1ccncc1)c1cc(Cl)ccc1NS(=O)(=O)c1ccc(I)cc1	1.0	0	0.102	0.977
9	COc1cc2c(cc1NS(=O)(=O)c1c(Cl)c(Cl)ccc1)c(C(=O)O)ccc2	1.0	1	0.275	0.973
9	CC(=O)C1=C(O)C(=O)N(c2cc(Cl)c(Cl)cc2)C1C1CCCCCCC1	1.0	1	0.389	0.91
9	CC(=O)c1ccc(S(=O)(=O)Nc2ccc(Br)cc2C(=O)c2cnccc2)cc1	1.0	0	0.105	0.978
9	CC(=O)C1=C(O)C(=O)N(c2ccc(C)cc2)C1C1CCCCC1	1.0	1	0.305	0.929
9	O=C(Nc1ccc(S(=O)(=O)Nc2ccccc2)c2ccccc12)c1ccc(C(F)(F)cc(Cc2ncccc2[nH]1	0.0	0	0.0	0.0
9	Cn1ncc2c1cccc2NS(=O)(=O)c1ccc(Cl)cc1	1.0	0	0.109	0.982
9	O=C(NCCN1CCC(F)(F)C1)c1cc(Br)ccc1NS(=O)(=O)c1ccc(Cl)c(Cl)c1	1.0	0	0.163	0.951
9	CCCCc1nc2nc(N)nn2c(O)c1Cc1ccccc1Cl	1.0	1	0.233	0.934
9	O=S(=O)(c1cncc(Cl)c1)N1CCCC1	1.0	0	0.073	0.98
10	CC(=O)C1=C(O)C(=O)N(c2cc(F)c(F)cc2F)C1C1CCOCC1	1.0	1	0.271	0.833
10	CC(C)(C)c1ccc(S(=O)(=O)Nc2ccc(Cl)cc2-c2c(O)c(CN2CCCC2)ccc2)cc1	1.0	0	0.155	0.497
10	Nc1nn2c(O)c(Cc3ccc(F)cc3)c(-c3ccccc3)nc2n1	1.0	1	0.497	0.961
10	COc1ccc(Cn2nc(NS(=O)(=O)c3ccc(Cl)cc3)c3c2cccc3O)cc1	1.0	0	0.168	0.971
10	O=C(C1=C(O)C(=O)N(c2ccc(Cl)cc2)C1C)c1ccccc1	1.0	0	0.096	0.945
10	CCCCCCc1nn2c(N3CCNCC3)cc(C)nc2n1	1.0	0	0.081	0.941
10	CC(=O)C1=C(O)C(=O)N(c2cc(F)c(C(F)(F)F)cc2)C1C1CCCCC1	1.0	1	0.254	0.871
10	CCCC(=O)N1CCC(NS(=O)(=O)c2ccc(NC(=O)c3cccnc3)c3c2cccc3)CC1	1.0	0	0.139	0.966
10	COc1nc(Br)cnc1NS(=O)(=O)c1cc(Cl)ccc1Cl	1.0	0	0.186	0.957
10	Cc1cccnc1C(=O)c1cc(Cl)ccc1NS(=O)(=O)c1ccc(C(C)(C)C)cc1	1.0	0	0.115	0.971
10	O=S(=O)(Nc1cc(Cl)ccc1Cn1ccnn1)c1ccccc1	1.0	0	0.171	0.973
10	CC(=O)C1=C(O)C(=O)N(c2ccc(C)cc2)C1C1CCCCCCC1	1.0	1	0.309	0.928
10	Cc1c(S(=O)(=O)Nc2ccc(Cl)cc2)c(=O)n(Cc2ccncc2)c2ccccc12	1.0	1	0.22	0.967
10	O=C(NCCN1CCCC1)c1ccc(OS(=O)(=O)c2ccc(Cl)cc2)cc1	1.0	0	0.072	0.984
10	CC(=O)C1=C(O)C(=O)N(c2cc(C)c(Cl)cc2)C1C1CCCC1	1.0	1	0.379	0.906
10	O=S(=O)(NCCCNCCCN1CCOCC1)c1ccccn1	1.0	0	0.063	0.967
10	COc1nc(C)c(N2C(=O)c3c(C2=O)c(NS(=O)(=O)c2ccc(C(C)(C)C)cc2)ccc3Cl)cc1	1.0	0	0.136	0.93
10	CC(C)(C)c1ccc(S(=O)(=O)Nc2ccc(Cl)cc2-c2c(CO)cccc2)cc1	1.0	0	0.152	0.977
10	O=S(=O)(Nc1cc(Cl)ccc1-c1ccncn1)c1ccccn1	1.0	0	0.144	0.965
10	O=S(=O)(Nc1cc(Cl)ccc1NS(=O)(=O)c1ccc(Cl)cc1)	1.0	0	0.085	0.94
10	O=S(=O)(Nc1cc(Cl)ccc1Cn1ccnn1)c1ccccc1	1.0	0	0.171	0.973
10	O=S(=O)(Nc1cc(Cl)ccc1Cn1ccnn1)c1ccc(Cl)cc1	1.0	1	0.271	0.97
10	CC(C)(C)c1ccc(S(=O)(=O)Nc2ccc(F)cc2C(=O)c2ccnc(Cl)c2)cc1	1.0	0	0.138	0.97
10	O=C(NC(=O)c1c(OC(=O)c2cccc3ccccc3c2)cccc1)CCn1ccccc1	0.0	0	0.0	0.0
10	O=C(O)c1cc(Cl)c(Cl)cc1Oc1cc(Cl)ccc1Cl	1.0	0	0.163	0.982
10	Nc1nnc(SCc2cccnc2)c2c1c([N+](=O)[O-])cc(Cl)c2	1.0	0	0.159	0.923
10	CC(=O)C1=C(O)C(=O)N(c2cc(F)c(F)cc2F)C1C1CCCCC1	1.0	1	0.292	0.873
10	Cc1ccc(S(=O)(=O)Nc2ccc(Cl)cc2C(=O)c2ccncc2)cc1	1.0	0	0.155	0.983
10	CC(C)CN1C(=O)C(Cc2ccccc2)(Cc2ccccc2)C=CC12CCN(C(=O)Nc1ccccc1)CC2=F	0.0	0	0.0	0.0
10	CCc1cccnc1NS(=O)(=O)c1cc(Cl)c(Cl)cc1C(=O)c1ccc()ccc1	0.0	0	0.0	0.0
10	C=CCN(C(=O)Nc1ccc(CC)cc1)C1CCN(CCC2(c3cccc(F)c3)CCN(C(=O)C(C)(C)C)CC2)CC1	1.0	0	0.005	0.894
10	COc1ncc(N2C(=O)c3c(C2=O)c(NS(=O)(=O)c2cc(Cl)c(Cl)cc2)cccc3=O)nc1	1.0	0	0.132	0.912
10	COc1nc(Cl)cnc1NS(=O)(=O)c1cc(Cl)ccc1Cl	1.0	0	0.181	0.961
10	N#Cc1cc(S(=O)(=O)Nc2cc(Cl)ccc2)ccc1	1.0	0	0.065	0.987
10	O=C(c1ccncc1)c1cc(Cl)ccc1NS(=O)(=O)c1ccc(N2CCCCC2)cc1	1.0	0	0.154	0.975
10	Cc1cc(Oc2c(C(=O)O)cccc2)c(C)c(C)c1	1.0	0	0.164	0.988
10	CC(C)c1ccc(S(=O)(=O)Nc2ccc(Cl)cc2NS(=O)(=O)c2ccc(Cl)c(Cl)c2)cc1	1.0	0	0.103	0.975
10	Cc1ccccc1C(=O)c1cc(Cl)ccc1Nc1ccc(Cl)cc1	1.0	0	0.147	0.988
10	Cc1cc(Oc2c(C)cccc2F)c(NS(C)(=O)=O)c2ccccc12	1.0	0	0.117	0.964
10	CC(=O)C1=C(O)C(=O)N(c2cc(F)c(F)cc2F)C1C1CCCN(C)CC1	1.0	1	0.296	0.777
10	Cc1ccc(N2C(=O)C(O)=C(C(=O)C3CCCCC3)C2C2CCCCC2)cc1	1.0	1	0.335	0.91
10	CCCC(=O)N1CCC(NS(=O)(=O)c2ccc(NC(=O)C3CCC(C)CC3)c3c2cccc3)CC1	1.0	0	0.111	0.959
10	COc1c(NC(=O)c2ccc(Cl)cc2)c(NS(=O)(=O)c2ccc(Cl)cc2)ccc1	1.0	0	0.171	0.983
10	COc1c(-c2cc(Cl)ccc2NS(=O)(=O)c2ccc(C(C)(C)C)cc2[O-])cccc1	1.0	0	0.152	0.944
10	Cc1nc(C(=O)c2cc(Cl)ccc2NS(=O)(=O)c2ccc(Cl)cc2)ccc1	1.0	0	0.149	0.979
10	CCCC(=O)N1CCC(NS(=O)(=O)c2ccc(NC(C)=O)cc2)C(Cc2ccccc2)C1	1.0	0	0.087	0.885
10	CC(C)(C)c1ccc(S(=O)(=O)Nc2ccc(Cl)cc2-c2c(O)c(CN)ccn2)cc1	1.0	0	0.173	0.949
10	CC(=O)C1=C(O)C(=O)N(c2cc(F)c(F)cc2F)C1C1CCCCC1	1.0	1	0.292	0.873
10	CC(C)(c1ncc(-c2ccncc2)cc1)C(F)(F)F	1.0	0	0.088	0.959
10	CC(C)N(C(=O)N1CCC(NS(=O)(=O)c2ccc(S(C)(=O)=O)cc2)CC1)c1ccccc1	1.0	0	0.068	0.962
10	O=C(O)c1c(Oc2ccc(F)cc2)cccc1[O-]	1.0	0	0.179	0.963
10	CS(=O)(=O)c1ccc(S(=O)(=O)Nc2ccc(Cl)cc2C(=O)c2cnccc2)cc1	1.0	0	0.105	0.977
10	C=CCNC(=O)c1ccccc1OC	1.0	0	0.051	0.99
10	Cc1ccncc1C(=O)c1cc(Cl)ccc1NS(=O)(=O)c1ccc(C(C)(C)C)cc1	1.0	0	0.09	0.971
10	CC(=O)C1=C(O)C(=O)N(c2ccc(C)cc2)C1C1CCCCC1	1.0	1	0.305	0.929
10	CNC(=O)c1ccc(F)c(CNC(=O)c2cnc(Cl)c(NS(=O)(=O)c3ccc(Cl)cc3)c2)c1	1.0	0	0.146	0.967
10	O=C(c1cncs1)c1cc(Cl)ccc1NS(=O)(=O)c1ccc(Cl)cc1	1.0	0	0.127	0.967
10	CC(=O)NCc1cc(Cn2nc(C)c(NS(=O)(=O)c3ccc(Cl)s3)c3ccccc32)ccc1	0.0	0	0.0	0.0
10	O=C(c1ccccc1)c1cc(Cl)ccc1NS(=O)(=O)c1ccc(C(N)=O)cc1	1.0	0	0.101	0.985
10	COc1ccc(COc2nc(N)nc(Nc3ccccc3)c2)cc1	1.0	0	0.091	0.983
10	CCCCCCN1C(=O)c2c(cccc2NC(=O)c2cccc(C)c2)C1C(=O)O	1.0	0	0.1	0.924
10	Cc1c(C(=O)c2cc(Cl)ccc2NS(=O)(=O)c2ccc(Cl)c(Cl)c2)cccc1	1.0	0	0.109	0.982
10	O=C(Nc1ccc(S(=O)(=O)Nc2ccccc2)c2ccccc12)c1ccc(O)cc1	1.0	0	0.113	0.985
10	CC1CCN(C(=O)C(CCn2ccnn2)NS(=O)(=O)c2cc(Cl)c(N)c(Cl)c2)CC1	1.0	0	0.147	0.826
10	CC1CCN(C(=O)C(CCn2ccnn2)NS(=O)(=O)c2cc(Cl)c(N)c(Cl)c2)CC1	1.0	0	0.147	0.826
10	COc1ccc(S(=O)(=O)Nc2ccc(Cl)cc2C(=O)c2cncc[n+]2[O-])cc1	1.0	0	0.181	0.94
10	O=C(O)c1ccc(Oc2ccc(Cl)cc2NS(=O)(=O)c2ccc(Cl)cc2)cc1	1.0	0	0.101	0.986
10	COc1c(Cl)cccc1Cl	1.0	0	0.028	0.992
10	CNc1c(C#N)c(NC(=O)NC(C)(C)C)[nH]c1C	1.0	0	0.054	0.878
10	CC(=O)C1=C(O)C(=O)N(c2ccc(C)cc2)C1c1ccc(Br)cc1	1.0	1	0.338	0.953
10	Cc1cccc(N2C(=O)c3ccccc3C2=O)c1	1.0	0	0.107	0.991
10	O=C(Nc1cccc(C(=O)N2CCCCCC2)c1)c1ccccc1	1.0	0	0.106	0.992
10	CC(=O)C1=C(O)C(=O)N(c2ccc(Br)cc2)C1C1CCCCC1	1.0	1	0.407	0.919
10	CS(=O)(=O)c1ccc(S(=O)(=O)Nc2ccc(Cl)cc2C(=O)c2ccncc2)cc1	1.0	0	0.106	0.977
10	Cc1ccccc1C(=O)c1cc(Cl)ccc1NS(=O)(=O)c1ccc(C(C)(C)C)cc1	1.0	0	0.118	0.98
10	Cc1cc(C(=O)c2cc(Cl)ccc2NS(=O)(=O)c2ccc(C(C)(C)C)cc2)ccc1	1.0	0	0.139	0.98
10	COc1nn(C)c(=O)cc1Cl	1.0	0	0.034	0.95
10	Cc1ccc(Cl)cc1NS(=O)(=O)c1ccc(NS(=O)(=O)c2ccccc2)cc1	1.0	0	0.123	0.986
10	O=S(=O)(NCCCN1CCC(O)(c2ccc(Cl)cc2)CC1)c1c(F)cccc1	1.0	0	0.08	0.969
10	CCCC(=O)C1=C(O)C(=O)N(c2cc(F)c(F)cc2F)C1C1CCCCC1	1.0	1	0.3	0.848
10	CC(=O)C1=C(O)C(=O)N(c2cc(Cl)c(Cl)cc2)C1C1CCC(C)O1	1.0	1	0.35	0.669
10	Cc1cc(N2C(=O)c3c(C2=O)c(NS(=O)(=O)c2cccc(C(C)(C)C)c2)ccc3Cl)ncn1	1.0	0	0.122	0.927
10	CC(=O)OCC(C)(C)c1ccc(S(=O)(=O)Nc2ccc(Cl)cc2C(=O)c2ccncc2)cc1	1.0	0	0.144	0.957
10	COc1c(-c2cc(Cl)ccc2NS(=O)(=O)c2ccc(C(C)(C)C)cc2)cccc1	1.0	0	0.161	0.981
10	Cc1cc(C(=O)c2cc(Cl)ccc2NS(=O)(=O)c2ccc(C(C)(C)C)cc2)ccn1	1.0	1	0.209	0.972
10	Cc1c(C(=O)c2cc(Cl)ccc2NS(=O)(=O)c2ccc(S(C)(=O)=O)cc2)cccn12	0.0	0	0.0	0.0
10	O=C(NCCN1CCC(F)(F)C1)c1ccccc1Oc1ccc(Cl)cc1	1.0	0	0.077	0.974
10	CC1CCN(C(=O)C(CCn2ccnn2)NS(=O)(=O)c2cc(Cl)c(N)c(Cl)c2)CC1	1.0	0	0.147	0.826
10	O=C(c1ccncn1)c1cc(Cl)ccc1NS(=O)(=O)c1ccc(N2CCCCC2)cc1	1.0	0	0.151	0.966
10	O=C(c1cc[n+]([O-])cc1)c1cc(Cl)ccc1NS(=O)S(=O)(=O)c1ccc(Cl)cc1	1.0	0	0.098	0.752
10	O=S(=O)(Nc1cc(Cl)ccc1Cn1ccnn1)c1ccccc1	1.0	0	0.171	0.973
10	COc1nc(Cl)cnc1NS(=O)(=O)c1cc(Cl)cc(Cl)c1	1.0	0	0.143	0.953
10	O=S(=O)(Nc1cc(Br)ccc1Cn1ccnn1)c1ccccc1	1.0	0	0.17	0.969
10	Oc1cc(CSc2ccc(Cl)cc2)nc(Nc2ccc(C(F)(F)F)cc2)c1Cl	1.0	0	0.166	0.954
10	O=S(=O)(Nc1cc(Cl)ccc1Cn1ccnn1)c1ccc(Cl)c(Cl)c1	1.0	1	0.241	0.963
10	COc1nc(Br)cnc1NS(=O)(=O)c1cc(Cl)ccc1Cl	1.0	0	0.186	0.957
10	O=C(c1ccncn1)c1cc(Cl)ccc1NS(=O)(=O)c1ccc(N2CCCCC2)cc1	1.0	0	0.151	0.966
10	CCCC(=O)N1CCC(NS(=O)(=O)c2ccc(NC(=O)c3ccccc3)c3c2cccc3)CC1	1.0	0	0.128	0.974
10	CC(C)Oc1c(Cl)cc(Cl)cc1S(=O)(=O)Nc1cc(Cl)ccc1N1CCNCC1	1.0	0	0.142	0.952
10	CCCC(=O)N1CCC(NS(=O)(=O)c2ccc(NC(=O)c3ccccc3)c3c2cccc3)CC1	1.0	0	0.128	0.974
11	O=S(=O)(Nc1c(O)c(Cl)c(Cl)c1Cl)CCn1cc(Cl)c(Cl)c(Cl)c1	0.0	0	0.0	0.0
11	O=C(c1cc[n+]([O-])cc1)c1cc(Cl)ccc1NS(=O)(=O)c1ccc(OC(F)(F)F)cc1	1.0	0	0.112	0.951
11	CC(C)(c1ccc(S(=O)(=O)Nc2ccc(Cl)cc2C(F)(F)F)cc1)	1.0	0	0.198	0.982
11	CCCCc1nc2nc(N)nn2c(O)c1Cc1cccc(Cl)c1	1.0	1	0.309	0.935
11	COc1c2c(cccc2Cl)nc(O)c(NS(=O)(=O)c2ccc(Cl)cc2)c1	0.0	0	0.0	0.0
11	Nc1nn2c(O)c(Cc3ccc(Cl)c(Cl)c3)c(C3CCCC3)nc2n1	1.0	1	0.409	0.917
11	Cc1cc(O)c(C(=O)c2ccccc2)c(C(=O)Nc2ccc(Cl)cc2)c1	1.0	0	0.188	0.985
11	CC(C)(c1ccc(S(=O)(=O)Nc2cc(Cl)c(Cl)cc2C(=O)c2ccncc2)cc1	0.0	0	0.0	0.0
11	COc1nc(C)c(N2C(=O)c3c(C2=O)c(NS(=O)(=O)c2ccc(C(C)(C)C)cc2)ccc3Cl)cc1	1.0	0	0.136	0.93
11	CCCCc1nc2nc(N)nn2c(O)c1Cc1cccc(Cl)c1	1.0	1	0.309	0.935
11	Cc1cc(O)c(NS(=O)(=O)c2ccc(Cl)cc2)c(Cl)c1	1.0	0	0.13	0.98
11	CC(=O)C1=C(O)C(=O)N(c2cc(F)c(F)cc2F)C1C1CCCCC1	1.0	1	0.292	0.873
11	CC(=O)C1=C(O)C(=O)N(c2ccc(C)cc2F)C1CCC(=F)O	0.0	0	0.0	0.0
11	CC(=O)C1=C(O)C(=O)N(c2ccc(C(C)(C)C)cc2)C1C1CCCCC1	1.0	1	0.354	0.911
11	CC(=O)C1=C(O)C(=O)N(c2c(Cl)cccc2)C1C1CCCCC1	1.0	1	0.226	0.917
11	CCCC(=O)N1CCC(NS(=O)(=O)c2ccc(NC(=O)c3ccccc3)c3c2cccc3)CC1	1.0	0	0.128	0.974
11	CCOC(=O)N1CCC(NS(=O)(=O)c2ccc(OCc3ccccc3)c3c2cccc3)CC1	1.0	0	0.144	0.974
11	Cc1cc(C(=O)c2cc(Cl)ccc2NS(=O)(=O)c2ccc(C(C)(C)C)cc2)ccn1	1.0	1	0.209	0.972
11	O=C(C1=C(O)C(=O)N(c2ccc(Br)cc2F)C1C1CC1)C1(C)CC1OC[b-]N	0.0	0	0.0	0.0
11	O=C(Nc1ccc(S(=O)(=O)NCc2ccccc2)cc1)c1ccccc1	1.0	0	0.071	0.992
11	Cc1cccnc1C(=O)Nc1ccc(S(=O)(=O)NC2CCCCC2)cc1	1.0	0	0.07	0.981
11	Nc1nn2c(O)c(Cc3cccc(Cl)c3)c(-c3ccccc3)nc2n1	1.0	1	0.596	0.957
11	Cc1cc(C(=O)c2cc(Cl)ccc2NS(=O)(=O)c2ccc(-c3ccc(S(C)(=O)=O)cc3)cc2)ccc1	1.0	0	0.005	0.974
11	CC(C)c1nc2nc(N)nn2c(O)c1-c1ncco1	1.0	0	0.094	0.81
11	CC(=O)C1=C(O)C(=O)N(c2cc(Cl)ccc2)C1C1CCCCC1	1.0	1	0.227	0.92
11	CC(C)(C)COc1nc(Cl)cnc1NS(=O)(=O)c1cccc(Cl)c1	1.0	0	0.108	0.949
11	CC(C)(C)c1ccc(S(=O)(=O)Nc2ccc(Cl)cc2C(=O)c2cnc(C(F)(F)F)cc2)cc1	1.0	1	0.238	0.963
11	COCc1c(C(=O)NN=CC(C)C)nc(N2CCOCC2)cc1cccc1	0.0	0	0.0	0.0
11	Cc1nc(C)c(NS(=O)(=O)c2cc(C)c(NC(=O)c3ccccc3)cc2)cc1	1.0	0	0.088	0.982
11	CCCCc1nc2nc(N)nn2c(O)c1Cc1ccccc1	1.0	0	0.176	0.948
11	O=S(=O)(Nc1cc(Cl)ccc1Cn1ccnn1)c1cccc(F)c1	1.0	0	0.167	0.965
11	Nc1nc(Cl)ccc1Oc1cc(Cl)cc(Nc2ncc(Cl)cc2Cl)n1	1.0	0	0.166	0.921
11	CC(C)Sc1ccc(S(=O)(=O)Nc2cc(C(F)(F)F)ccc2)cc1	1.0	0	0.124	0.979
11	CC(C)(C)c1ccc(S(=O)(=O)Nc2ccc(Cl)cc2C(=O)c2nnccc2)cc1	1.0	0	0.139	0.965
11	CCCC(=O)N1CCC(NS(=O)(=O)c2ccc(NC(=O)C3CCN(C)CC3)c3ccccc23)CC1	1.0	0	0.116	0.96
11	COc1c(C(=O)c2ccc(Cl)c(Cl)c2)cccc1Cl	1.0	1	0.201	0.987
11	COc1nn(C)c2c1c(NS(=O)(=O)c1ccc(Cl)s1)c(Cl)c(Cl)c2	1.0	1	0.241	0.904
11	CC(C)(C)c1ccc(S(=O)(=O)Nc2ccc(Cl)cc2C(=O)c2ccncc2)cc1	1.0	0	0.125	0.977
11	CC(C)(c1ccc(S(=O)(=O)NC2CCN(Cc3ccc(Cl)cc3)CC2)cc1)C()	0.0	0	0.0	0.0
11	Cc1ncc(C(=O)c2cc(Cl)ccc2NS(=O)(=O)c2ccc(OC(C)C)cc2)c(C)c1	1.0	0	0.178	0.969
11	Cc1ccc(C(=O)NC(=Cc2ccc(C)cc2)c2ccccc2)cc1	1.0	0	0.172	0.985
11	Cc1ccc(N2C(=O)C(O)=C(C(=O)Cc3ccc(C)cc3)C2C2CCCCC2)cc1	1.0	1	0.268	0.917
11	Cc1cn(Cc2ccc(C(=O)Nc3cc(Cl)cc(Cl)c3)cc2)cn1C	0.0	0	0.0	0.0
11	CNS(=O)(=O)c1ccc(CNC(=O)c2cc(Cl)c(Cl)cc2NS(=O)(=O)c2ccc(Cl)cc2)cc1	1.0	1	0.34	0.971
11	O=C(O)c1ccccn1	1.0	0	0.028	0.991
11	O=C(O)CC(=O)c1ccccc1CON	1.0	0	0.076	0.967
11	CC(C)(C)c1ccc(S(=O)(=O)Nc2cc(Cl)ccc2C(=O)c2ccnc(C(=O)NS(=O)(=O)c3cc(Cl)c(C#N)cc3)c2)cc1	1.0	0	0.005	0.915
11	CC(=O)C1=C(O)C(=O)N(c2cc(Cl)ccc2C)C1C1CCCCC1	1.0	1	0.234	0.905
11	Cc1c2C(=O)N(c3cnc(Cl)cc3)CC(=O)N2C1CCCN	1.0	0	0.148	0.706
11	CCc1ccc(N=CC2C(=O)c3ccccc3C2=O)cc1	1.0	0	0.111	0.955
11	CCCC(=O)N1CCC(NS(=O)(=O)c2ccc(NC(=O)C3CCCCC3)c3ccccc23)CC1	1.0	0	0.147	0.965
11	Cc1cc(C(=O)c2cc(Cl)ccc2NS(=O)(=O)c2ccc(OC(C)C)cc2)ccn1	1.0	0	0.184	0.972
11	Cc1cc(N2C(=O)c3c(C2=O)c(NS(=O)(=O)c2ccc(C(C)(C)C)cc2)ccc3Cl)c(C)nc1	1.0	0	0.132	0.933
11	CC(C)Oc1ccc(S(=O)(=O)Nc2cc(Cl)ccc2C(=O)c2ccncc2)cc1	1.0	0	0.116	0.976
11	Cc1cc(CN2C(=O)c3c(C2=O)c(NS(=O)(=O)c2ccc(C(C)(C)C)cc2)ccc3Cl)cn1	0.0	0	0.0	0.0
11	CCCC(=O)N1CCC(NS(=O)(=O)c2ccc(NC(=O)C3CCCCC3)c3ccccc23)CC1	1.0	0	0.147	0.965
11	Cc1cc(C(=O)c2cc(Cl)ccc2NS(=O)(=O)c2ccc(C(C)(C)C)cc2)ccn1	1.0	1	0.209	0.972
11	CC(C)=CCn1cc(CC(=O)NCCc2ccccc2)c2ccccc21	1.0	0	0.094	0.976
11	COc1ccc(S(=O)(=O)Nc2cc(Cl)ccc2NS(=O)(=O)c2ccc(C(C)(C)C)cc2)cc1	1.0	0	0.097	0.977
11	CNC(=O)c1ccc2nc(CSc3nnc(N)s3)ccc2c1	1.0	0	0.1	0.962
11	O=S(=O)(NCS(=O)(=O)c1ccc(F)cc1)c1ccc(Cl)c(Cl)c1	1.0	0	0.065	0.978
11	O=C(Nc1ccc(S(=O)(=O)NC2CCNCC2)c2ccccc12)c1ccccc1	1.0	0	0.158	0.977
11	O=C(O)CC(=O)c1ccc(O)cc1	1.0	0	0.077	0.988
11	O=C(O)c1ccc(Oc2ccc(Cl)cc2NS(=O)(=O)c2ccc(Cl)c(Cl)c2)cc1	1.0	0	0.143	0.982
11	CCC(=O)CCc1ccc(OCc2ccc(Cl)c(C)c2)cc1	1.0	0	0.147	0.986
11	Cc1c(N(Cc2ccc(C(C)(C)C)cc2)c2ccccc2)c2ccccc2ccc1	0.0	0	0.0	0.0
11	COc1nccc(C(=O)c2cc(Cl)ccc2NS(=O)(=O)c2ccc(Cl)cc2)c1	1.0	0	0.192	0.976
11	Nc1nn2c(O)c(Cc3cccc(Cl)c3)c(-c3ccccc3)nc2n1	1.0	1	0.596	0.957
11	Cc1cc(C(=O)c2cc(Cl)ccc2NS(=O)(=O)c2cc(Cl)c(Cl)cc2)cc(C)c1	1.0	0	0.191	0.977
11	CCNC(=O)Nc1cc(N2C(=O)N(c3ccc(C(C)(C)C)cc3)C3CC3CC2C)ccc1[O-]	1.0	0	0.136	0.515
11	O=C(O)c1ccccc1Oc1ncc(Cl)cc1NS(=O)(=O)c1ccc(Cl)c(Cl)c1	1.0	0	0.098	0.971
11	COc1cc(OC)c(NS(=O)(=O)c2ccc(Cl)cc2)c(C)c1	1.0	1	0.2	0.985
11	O=C(c1c[n+]([O-])ccc1)c1cc(Cl)cc(Cl)c1	1.0	0	0.067	0.957
11	CCCC(=O)N1CCC(NS(=O)(=O)c2ccc(NC(=O)C3CCCCC3)c3ccccc23)CC1	1.0	0	0.147	0.965
11	Cc1ncc(C(=O)c2cc(Cl)ccc2NS(=O)(=O)c2ccc(C(C)(C)C)cc2)cc1	1.0	1	0.229	0.974
11	COc1c2c(NS(=O)(=O)c3ccc(Cl)cc3)c(OC)c(OC)cc2cc2ccccc12	1.0	1	0.269	0.963
11	CC(=O)C1=C(O)C(=O)N(c2ccc(Cl)cc2)C1C1CCCCC1	1.0	1	0.393	0.927
11	O=C(O)c1c(F)cccc1Oc1cc(C(F)(F)F)c(Cl)cc1NS(=O)(=O)c1ccc(Cl)cc1	1.0	0	0.142	0.957
11	CC(C)NC(=O)N1CCC(c2ccccc2)C(O)C1	1.0	0	0.073	0.922
11	Cc1ccc(-c2nn(CCC(=O)Nc3c(C(=O)NCC(C)(C)C)cccc3)ccc2)cc1	0.0	0	0.0	0.0
11	COc1cc2c(cc1NS(=O)(=O)c1c(Cl)c(Cl)ccc1)ncc2N	0.0	0	0.0	0.0
11	O=C(c1ccncc1)c1cc(Cl)ccc1NS(=O)(=O)c1cc(F)c(N)c(Cl)c1	1.0	0	0.089	0.961
11	Cc1c(N(CCCC(=O)O)c2ccccc2)c(C(=O)O)cnc1F	1.0	0	0.118	0.943
11	COc1c(-c2cc(Cl)ccc2NS(=O)(=O)c2ccc(Cl)cc2)cccc1	1.0	0	0.15	0.986
11	CCCC(=O)N1CCC(NS(=O)(=O)c2ccc(NC(=O)C3CCCC3)c3c2cccc3)CC1	1.0	0	0.116	0.967
11	O=C(c1cccnc1)c1cc(Cl)ccc1NS(=O)(=O)c1ccc(-c2cnco2)cc1	1.0	0	0.113	0.964
11	CC(=O)Nc1ccc(S(=O)(=O)NCCCN2CCC(OC(=O)c3cccnc3)CC2)cc1	1.0	0	0.06	0.969
11	Cc1c(C(=O)c2cc(Cl)ccc2NS(=O)(=O)c2ccc(OC(F)(F)F)cc2)ccc(nc2cnccc2)c1	0.0	0	0.0	0.0
11	Cc1cc(C(=O)c2cc(Cl)ccc2NS(=O)(=O)c2ccc(OC(F)(F)F)cc2)ccc1	1.0	0	0.113	0.976
11	CCc1ccc(C(=O)c2cc(Cl)ccc2NS(=O)(=O)c2ccc(CC(C)(C)C)cc2)cc1	1.0	0	0.189	0.975
11	Cc1cnc(C(=O)c2cc(Cl)ccc2NS(=O)(=O)c2ccc(Cl)cc2)cc1	1.0	0	0.191	0.978
11	O=C(c1ccccc1)c1cc(Cl)ccc1NS(=O)(=O)c1ccc(-c2ccoc2)cc1	1.0	0	0.139	0.976
11	Nc1nc(Cl)cnc1NS(=O)(=O)c1ccc(Cl)cc1	1.0	0	0.125	0.967
11	C=CCOc1c(Cl)cc(Cl)cc1S(=O)(=O)c1ccc(Cl)cc1	1.0	1	0.22	0.971
11	COc1nc2nc(N)nn2c(O)c1	1.0	0	0.042	0.876
11	COc1cc2c(cc1NS(=O)(=O)c1c(Cl)c(Cl)ccc1)nc(C)nc2	1.0	0	0.179	0.963
11	COc1ccc(N2C(=O)C(O)=C(C(C)=O)C2C2CCCC2)cc1	1.0	1	0.251	0.931
11	Cc1ccc(S(=O)(=O)NC(=O)CNC(=O)c2ccc(F)cc2)cc1	1.0	0	0.066	0.988
11	CC(=O)C1=C(O)C(=O)N(c2ccc(C)cc2)C1C1CCCCC1	1.0	1	0.305	0.929
11	COc1nc(Cl)cnc1NS(=O)(=O)c1ccc(F)cc1C	1.0	0	0.107	0.96
12	Nc1nn2c(O)c(Cc3cccc(Cl)c3)c(-c3ccccc3)nc2n1	1.0	1	0.596	0.957
12	O=S(=O)(NCCCN1CCC(O)(c2ccc(Cl)cc2)CC1)c1ccccc1C()	0.0	0	0.0	0.0
12	COc1cc(-c2cc(NCCCl)cnc2NS(=O)(=O)c2ccc(Cl)cc2)ccn1	1.0	0	0.171	0.946
12	CN(C)CCCNC(=O)C(c1ccccc1)c1ccccc1	1.0	0	0.095	0.988
12	Cc1nc(C)c(N2C(=O)c3c(C2=O)c(NS(=O)(=O)c2ccc(C(C)(C)C)cc2)ccc3Cl)cc1	1.0	0	0.138	0.937
12	COc1cnc(C(=O)Nc2c(C)cccc2)cc1	1.0	0	0.071	0.991
12	O=C(O)c1ccc(OCCn2cnc(Cl)c2Cc2ccc(Cl)cc2)cc1	1.0	0	0.094	0.972
12	CC1(c2ccc(F)cc2)c2ccccc2COC1(CO)CO	1.0	0	0.1	0.798
12	CCc1ccc(N2C(=O)C(O)=C(C(C)=O)C2C2CCCCC2)cc1	1.0	1	0.298	0.925
12	Cc1c(N2C(=O)c3c(C2=O)c(NS(=O)(=O)c2ccc(C(C)(C)C)cc2)ccc3Cl)cccn1	1.0	0	0.135	0.943
12	O=C(O)c1c(Oc2ccc(F)cc2NS(=O)(=O)c2ccc(F)cc2)cccc1	1.0	0	0.13	0.983
12	Cc1cccc(C(=O)c2cc(Cl)ccc2NS(=O)(=O)c2ccc(C(C)(C)c3cncnc3)nc2)c1	1.0	0	0.135	0.931
12	O=C(c1ccncc1)c1cc(Cl)ccc1NS(=O)(=O)c1ccc(F)cc1	1.0	0	0.146	0.982
12	COc1nn(CC(N)=O)c2c1c(NS(=O)(=O)c1cccc(Cl)c1Cl)nc(N)n2C	0.0	0	0.0	0.0
12	Cc1ccc2c(c1)c(CCNS(=O)(=O)c1ccc(Cl)cc1)c(O)n2CCC(=O)(c1ccccc1)c1ccccc1	0.0	0	0.0	0.0
12	CC(C)(c1ccc(S(=O)(=O)Nc2cc(Cl)c(Cl)cc2C(=O)c2ccccc2)cc1)	1.0	0	0.114	0.981
12	Cc1cc(C(=O)c2cc(Cl)ccc2NS(=O)(=O)c2ccc(S(C)(=O)=O)cc2)ccn1	1.0	0	0.16	0.971
12	O=C(O)c1c(Oc2ccccc2NS(=O)(=O)c2ccc(Cl)cc2)cccc1	1.0	0	0.142	0.986
12	CC(C)(c1ccc(S(=O)(=O)Nc2ccc(Cl)cc2C(F)(F)F)cc1)	1.0	0	0.198	0.982
12	Cc1cc(O)cc(C)c1NS(=O)(=O)c1ccc(Cl)cc1	1.0	0	0.121	0.984
12	O=S1(=O)NC(Nc2cc(Br)ccc2)=Nc2c1cc(Cl)cc2O	1.0	0	0.09	0.863
12	Cc1cc(Sc2ccc(Cl)cc2NS(=O)(=O)c2ccc(S(C)(=O)=O)cc2)ccc1	1.0	0	0.117	0.973
12	CC(=O)C1=C(O)C(=O)N(c2ccc(C)cc2)C1c1cc(Cl)ccc1	1.0	1	0.336	0.953
12	CC(C)(C)c1ccccc1NS(=O)(=O)c1ccc(Cl)c(Cl)c1	1.0	0	0.167	0.985
12	CN(C)c1ccc(S(=O)(=O)NCCc2ccc(C(=O)Nc3ccccc3N)cc2)cc1	1.0	0	0.062	0.981
12	Nc1nn2c(O)c(Cc3cccc(Cl)c3)c(C3CC3)nc2n11	0.0	0	0.0	0.0
12	CCc1ccc(SCc2cc(C)ccc2NS(=O)(=O)c2ccc(C(C)(C)C)cc2)nc1	1.0	0	0.194	0.964
12	O=C(c1cccnc1)N1CCC(NS(=O)(=O)c2ccc(Cl)cc2)CC1	1.0	0	0.076	0.982
12	COc1c2c(NS(=O)(=O)c3ccc(Cl)s3)ncnc2cn1	0.0	0	0.0	0.0
12	CCCC(=O)N1CCC(NS(=O)(=O)c2ccc(NC(=O)c3ccccc3)c3c2cccc3)CC1	1.0	0	0.128	0.974
12	O=S1(=O)NC(Nc2ccccc2Br)=Nc2c1cc(Cl)cc2O	1.0	0	0.11	0.858
12	Cc1c2C(=O)N(Cc3ccc(F)cc3)C(=O)c2c(-c2ccccc2)cc1Cl	1.0	0	0.172	0.975
12	Cc1cccc(Oc2ncc(Cl)cc2NS(=O)(=O)c2ccc(Cl)c(Cl)c2)cc1	0.0	0	0.0	0.0
12	Cc1cc(C(=O)c2cc(Cl)ccc2NS(=O)(=O)c2ccc(OC(C)C)cc2CN)c(S)cc1	1.0	0	0.114	0.936
12	COc1c(-c2cc(Cl)ccc2NS(=O)(=O)c2ccc(OC(C)C)cc2)cccc1	1.0	0	0.137	0.981
12	CCOC(=O)N1C(=O)C(C)(C)c2ccc(F)cc21[O-]	0.0	0	0.0	0.0
12	O=S(=O)(NCCCN1CCC(O)(c2ccc(Cl)cc2)CC1)c1ccc(C(F)(F)F)cc1	1.0	0	0.111	0.964
12	CNC(=O)N1CCC(NS(=O)(=O)c2ccc(NC(=O)c3ccccc3)c3c2cccc3)CC1	1.0	0	0.142	0.972
12	Nc1nn2c(O)c(Cc3cccc(Cl)c3)c(-c3cccs3)nc2n1	1.0	0	0.17	0.931
12	Cc1ccc(N2C(=O)C(O)=C(C(=O)c3ccccc3)C2C2CCCCC2)cc1	1.0	1	0.322	0.933
12	O=C(c1ccncc1)c1cc(Cl)ccc1NS(=O)(=O)c1ccc(-c2occc2CN1CCCC1N	0.0	0	0.0	0.0
12	CC(=O)C1=C(O)C(=O)N(c2ccc(C(F)(F)F)cc2)C1C1CCCCCC1	1.0	1	0.361	0.906
12	COc1cnc(CS(=O)(=O)c2cccc(C(C)(C)O)c2)cc1	1.0	0	0.085	0.965
12	Cc1c(Cl)c(Oc2ccc(Cl)cc2NS(=O)(=O)c2ccc(Cl)cc2)ccc1	1.0	0	0.174	0.98
12	Cc1c(C(=O)N(C)c2ccccc2)nc(-c2ccccc2)nc1	1.0	0	0.124	0.98
12	CCOC(=O)N1CCC(NS(=O)(=O)c2ccc(C(=O)NCCc3ccccc3)c3c2cccc3)CC1	1.0	0	0.005	0.969
12	N#Cc1cc2c(cn1)-c1ccccc1C2=O	1.0	0	0.052	0.971
12	O=C(C1=C(O)C(=O)N(c2cc(C)ccc2)C1CC1(C)CCC1)c1ccccc1	1.0	0	0.148	0.876
12	CCCC(=O)N1CCC(NS(=O)(=O)c2ccc(NC(=O)c3ccccc3)c3c2cccc3)CC1	1.0	0	0.128	0.974
12	COc1c2c(NS(=O)(=O)c3ccc(Cl)s3)nn(Cc3ccncc3)c2ccc1	1.0	0	0.148	0.951
12	CCCC(=O)N1CC(=O)N2C(CO)C(c3ccc(C#CC(C)(C)O)cc3)C2C1	1.0	0	0.121	0.63
12	CSc1ccc(S(=O)(=O)Nc2ccc(Cl)cc2C(=O)c2cc(Cl)c(O)cc2)cc1	1.0	0	0.126	0.973
12	O=C(Nc1cccc(OCc2ccncc2)c1)N1CCC(n2c(O)nc3ncccc32)CC1	1.0	0	0.079	0.941
12	Cc1[n+]([O-])cc(C(=O)c2cc(Cl)ccc2NS(=O)(=O)c2ccc(NC(C)(C)C)cc2)cc1	1.0	0	0.114	0.933
12	Cc1nn2c(O)c(Cc3cccc(Cl)c3)c(C3CC3)nc2n1	1.0	0	0.147	0.93
12	CC(C)c1ccc(S(=O)(=O)Nc2ccc(Cl)cc2C(=O)c2cnc(CC(C)(C)C)cc2)cc1	1.0	0	0.197	0.961
12	Cc1ccc(SCc2nc3nc(Cc4ccccc4)nn3c(O)c2)c(C)c1	1.0	0	0.081	0.949
12	Cc1ccc(-c2cc(SOn3c(O)c(-c4nc(-c5ccccc5)cs4)cc(O)c3)ccc2O)cc1	0.0	0	0.0	0.0
12	CC(=O)C1=C(O)C(=O)N(c2ccc(C)c(C)c2)C1C1CCCCC1	1.0	1	0.311	0.916
12	COc1nc(Cl)cnc1NS(=O)(=O)c1sc(Cl)nc1Cl	1.0	0	0.142	0.868
12	CSc1ccc(S(=O)(=O)Nc2ccc(Cl)cc2C(=O)c2ccccn2)cc1	1.0	0	0.12	0.975
12	CCCCCc1cc(O)n2ncc(N)c2c1C(=O)N1CCCCC1	1.0	0	0.109	0.922
12	O=S(=O)(c1ccc(Cl)cc1)c1ccccc1Cl	1.0	0	0.122	0.991
12	COc1ccc2c(c1)nc(C(=O)c1ccc(Cl)cc2)c(C)n1	1.0	0	0.005	0.734
12	COc1cc2c(c(CCO)ccc2)c(=O)o1	1.0	0	0.064	0.939
12	COC(=O)Nc1nc2cc(C(=O)c3ccc(Cl)cc3)ccc2[nH]1	1.0	0	0.15	0.978
12	CC1CCN(C(=O)C(CCn2cccc2C#N)NS(=O)(=O)c2cccc3s2)CC3	0.0	0	0.0	0.0
12	O=S(=O)(NCCCN1CCC(O)(c2ccc(Cl)cc2)CC1)c1c(Cl)c(Cl)ccc1	1.0	0	0.072	0.962
12	O=C(c1ccncc1)c1cc(Cl)ccc1NS(=O)(=O)c1ccc(F)cc1	1.0	0	0.146	0.982
12	CCc1ccc(N2C(=O)C(O)=C(C(C)=O)C2C2CCCC2)cc1	1.0	1	0.279	0.925
12	COc1cc2c(cc1NS(=O)(=O)c1c(Cl)cc(Cl)cc12)NCC(=O)O	1.0	0	0.106	0.639
12	CC(C)(c1ncco1)c1ccccc1Oc1ccc(Cl)cc1NS(=O)(=O)c1ccc(Cl)cc1	1.0	0	0.109	0.94
12	Cc1cc(C=NNc2ccc(Br)cc2)c2ccccc2c1	1.0	0	0.088	0.981
12	CC(=O)C1=C(O)C(=O)N(c2ccc(C)cc2)C1c1ccccc1	1.0	1	0.347	0.963
12	COc1nc(C)c(N2C(=O)c3c(C2=O)c(NS(=O)(=O)c2ccc(C(C)(C)C)cc2)ccc3Cl)c1	0.0	0	0.0	0.0
12	Cc1c(N(Cc2ccc(C(C)(C)C)cc2)c2ccc(C(=O)c3ccc(C(F)(F)F)cc3)cc2)cccc1	1.0	0	0.005	0.965
12	CC(C)(C)c1ccc(S(=O)(=O)Nc2ccc(Cl)cc2C(=O)c2cc(Cl)ccn2)cc1	1.0	0	0.135	0.97
12	Cc1cccc(S(=O)(=O)Nc2ccc(C(=O)NCCCN3CCCC3)cc2)c1	1.0	0	0.09	0.985
12	COc1cc2c(cc1NS(=O)(=O)c1c(Cl)c(Cl)ccc1)n(CC(O)C1CC1C(=O)O)OCCC2	1.0	0	0.19	0.494
12	O=C(O)c1c(Cl)c(Cl)cc1S(=O)(=O)c1ccc(Cl)cc1	0.0	0	0.0	0.0
12	Cc1ccc(NS(=O)(=O)c2ccc(NS(=O)(=O)c3cccc(C(C)(C)C)c3)cc2)cc1	1.0	0	0.112	0.982
12	COc1cc2c(cc1NS(=O)(=O)c1c(Cl)c(Cl)ccc1)nc(O)n2C	1.0	0	0.18	0.948
12	O=C(O)c1ccccc1Oc1ccc(F)cc1NS(=O)(=O)c1ccc(Cl)cc1	1.0	0	0.138	0.983
12	O=S(=O)(Nc1cc(Cl)ccc1Cn1ccnn1)c1ncccc1	1.0	0	0.18	0.952
12	O=C(Nc1ccc(Oc2ccccc2)cc1)N[N+](=O)[O-]	1.0	0	0.054	0.984
12	Nc1nn2c(O)c(Cc3ccc(F)cc3)c(C3CCCCC3)nc2n1	1.0	1	0.441	0.932
12	Cc1cc(O)c(NS(=O)(=O)c2ccc(Cl)cc2)cc1	1.0	0	0.107	0.989
12	COc1ccc2c(c1OC)CNC(=O)c1ccccc12)Nn1cnc(C)n1S(=O)(=O)c1ccc(Cl)c(Cl)c1	0.0	0	0.0	0.0
12	O=[N+]([O-])c1cc(Cl)ccc1Oc1ccc(Cl)cc1NS(=O)(=O)c1ccc(F)cc1	1.0	0	0.173	0.978
12	Nc1nn2c(O)c(Cc3ccc(F)cc3)c(C3CC3)nc2n1	1.0	0	0.177	0.929
12	COc1ccc(NS(=O)(=O)c2ccc(N(C)C(=O)c3ccccc3)c3c2cccc3)cc1	1.0	0	0.125	0.979
12	COc1c(Cl)ccc(C(=O)Nc2ccc(Cl)cc2)c1N	1.0	0	0.134	0.985
12	Oc1cc(CSc2cccc(F)c2)nc2nc(CCc3ccccc3)nn12	1.0	0	0.079	0.949
12	CCCCc1ccn(Cc2cc(Cl)c(NS(=O)(=O)c3ccc(Cl)s3)c(Cl)c2)cc1	0.0	0	0.0	0.0
12	CC(C)Cc1ccc(S(=O)(=O)Nc2ccc(Cl)cc2C(=O)c2cnc(Cl)cc2)cc1	1.0	1	0.277	0.973
12	COc1nc(Br)cnc1NS(=O)(=O)c1c(Cl)cccc1Cl	1.0	1	0.231	0.949
12	COc1nc(Cl)cnc1NS(=O)(=O)c1cccc(Cl)c1Cl	1.0	0	0.177	0.955
12	CC(C)(C)c1ccc(S(=O)(=O)Nc2ccc(Cl)cc2-c2c(NCCO)nccn2)cc1	1.0	0	0.189	0.954
12	Cc1c(Cl)cccc1NS(=O)(=O)c1ccc(Cl)c(Cl)c1	1.0	0	0.123	0.987
12	COc1c(Cl)cccc1Cc1ccc(Cl)cc1NS(=O)(=O)c1cccc(Cl)c1	1.0	0	0.141	0.973
13	CC(C)(C)c1ccc(S(=O)(=O)Nc2ccc(Cl)c3c2C(=O)N(Cc2cncc(F)c2)C3=O)cc1	1.0	0	0.127	0.94
13	COc1cc2c(cc1NS(=O)(=O)c1c(Cl)c(Cl)ccc12)n1nc(C[n+]2ccc(Cl)c(Cl)c2)ccc1	0.0	0	0.0	0.0
13	N#Cc1ccccc1C(=O)NC1CCN(Cc2ccc3c(c2)NC(=O)C3)CC1	1.0	0	0.072	0.964
13	NS(=O)(=O)c1ccc(C(=O)c2ccc(Cc3ccccc3)cc2)cc1	1.0	0	0.064	0.99
13	CC(C)(C)c1ccc(S(=O)(=O)Nc2ccc(Cl)cc2C(=O)c2ccncc2)cc1	1.0	0	0.125	0.977
13	CC(C)(N)c1cc(Cl)ccc1NS(=O)(=O)c2ccccc2C(O)N1CC(Cl)(Br)Cl	0.0	0	0.0	0.0
13	O=C(O)c1ccnc(Oc2ccc(Cl)cc2NS(=O)(=O)c2ccc(Cl)c(Cl)c2)c1	1.0	0	0.123	0.971
13	O=C(NS(=O)(=O)c1ccccc1)c1ccc2c(c1)CNCC(F)=2	0.0	0	0.0	0.0
13	Cc1n[nH]c(C(=O)N2CC(C(=O)N(C)C)n2C2CC2)c1I	1.0	0	0.089	0.519
13	CC(=O)c1ccc(S(=O)(=O)Nc2ccc(Cl)cc2C(=O)c2c[n+]([O-])c(Cl)cc2)cc1	1.0	0	0.157	0.944
13	CCOC(=O)N1CCC(NS(=O)(=O)c2ccc(OCc3ccccc3)c3c2cccc3)CC1	1.0	0	0.144	0.974
13	O=S(=O)(Nc1cc(Cl)ccc1Cn1ccnn1)c1cccc(Cl)c1	1.0	0	0.166	0.966
13	CC(C)(C)c1ccc(S(=O)(=O)Nc2ccc(Cl)c3c2C(=O)N(c2ncccc2)C3=O)cc1	1.0	0	0.123	0.952
13	Cc1c(OC2CC3OCCC3C2)cccc1C(=O)c1cc(Cl)c(N)cc1O	1.0	0	0.136	0.648
13	CCc1c(OC)cccc1NS(=O)(=O)c1ccc(OC(C)C)cc1	1.0	0	0.119	0.982
13	CCCCCNC(=O)N1CCC(NS(=O)(=O)c2ccc(NC(=O)c3ccccc3)c3c2cccc3)CC1	1.0	0	0.005	0.968
13	CCNc1c(-c2cc(Cl)ccc2NS(=O)(=O)c2ccc(C(C)(C)C)cc2)nccc1	1.0	0	0.141	0.963
13	Nc1nn2c(O)c(Cc3ccccc3F)c(C3CC3)nc2n1	1.0	1	0.333	0.92
13	CNC(=O)Cn1cc(C)c(NS(=O)(=O)c2cc(C(=O)O)ccc2)cc1	0.0	0	0.0	0.0
13	CC(C)(c1ncc(C(F)(F)F)cc1)c1cc(O)c(O)c(Cl)c1	1.0	0	0.099	0.943
13	O=C(NCCO)c1ccc(Oc2ccccc2NS(=O)(=O)c2ccc(Cl)c(Cl)c2)cc1	1.0	0	0.099	0.98
13	COc1nc(Br)cnc1NS(=O)(=O)c1c(Cl)cccc1Cl	1.0	1	0.231	0.949
13	CN(C)c1c(Cl)cccc1NS(=O)(=O)c1ccc(Cl)cc1	1.0	0	0.111	0.983
13	Cc1c(C(=O)Oc2ccc(Cl)cc2)c2ccccc2n1Cc1ccc(OC(F)(F)F)cc1	1.0	0	0.192	0.974
13	Cc1ccc(N2C(=O)C(O)=C(C(=O)CCc3ccccc3)C2C2CCCCC2)cc1	1.0	1	0.282	0.922
13	CCc1ccc(S(=O)(=O)Nc2ccc(S(=O)(=O)N3CCCCC3)cc2)cc1	1.0	0	0.076	0.986
13	COc1ccc(C2C(C(C)=O)=C(O)C(=O)N2c2ccc(C)cc2)cc1	1.0	1	0.335	0.959
13	CC(C)(C)c1ccc(S(=O)(=O)Nc2ccc(Cl)cc2C(=O)c2ccccn2)cc1	1.0	0	0.137	0.976
13	Nc1nn2c(O)c(Cl)c(Cl)cc2n1	1.0	0	0.098	0.873
13	COc1ccccc1Cc1c(O)n2nc(N)nc2nc1Cc1ccc(Cl)cc1F	1.0	1	0.207	0.927
13	O=S(=O)(NCCCN1CCC(O)(c2ccc(Cl)cc2)CC1)c1c(OC(=O)NCC(C)(C)NS(=O)(=O)c2ccc(Cl)c(Cl)c2)ccc1	0.0	0	0.0	0.0
13	Cc1c(C(=O)c2cc(Cl)ccc2NS(=O)(=O)c2ccc(OC(F)(F)F)cc2)cccn1	1.0	0	0.122	0.968
13	CNS(=O)(=O)c1ccc(CNC(=O)c2ccc(F)cc2)cc1Cl	1.0	0	0.057	0.986
13	CNC(=O)c1cc(N2C(=O)N(Cc3ccccc3)C(C)C2)ccc1I	1.0	0	0.113	0.908
13	Cc1nn2c(O)c(Cc3cccc(Cl)c3)c(C3CC3)nc2n1	1.0	0	0.147	0.93
13	Cc1ccc(S(=O)(=O)NC(=O)c2ccccc2)cc1Cl	1.0	0	0.081	0.99
13	CC(C)(C)OC(=O)N1CCC(NS(=O)(=O)c2ccc(NC(=O)c3ccccc3)c3c2cccc3)CC1	1.0	0	0.005	0.97
13	CCc1ccc(N2C(=O)C(O)=C(C(C)=O)C2C2CCCCC2)cc1	1.0	1	0.298	0.925
13	O=C(c1c2n(c3ccccc13)CCCCC21CCCCO1)N1CCC1	1.0	0	0.098	0.689
13	O=C(O)c1ccccc1Oc1ccc(Cl)cc1NS(=O)(=O)c1cccc(Cl)c1	1.0	0	0.121	0.982
13	Cc1cccc(NS(=O)(=O)c2ccc(Cl)c(Cl)c2)c1Oc1c(C(=O)O)cccc1	1.0	0	0.127	0.975
13	CSc1nc(Cl)cnc1NS(=O)(=O)c1ccc(Cl)s1Cl	0.0	0	0.0	0.0
13	Cc1ncnc(N2CCC(CC(=O)O)CC2)c1Cl	1.0	0	0.078	0.956
13	O=C(Nc1ccc(N(C(=O)c2ccccc2)c2ccccc2)cc1)c1ccccc1	1.0	0	0.1	0.988
13	COc1c(Cl)cc(Cl)cc1-c1ccc(Cl)cc1Cn1ccnc1	1.0	0	0.133	0.965
13	CC(=O)NCc1ccc(C(=O)Nc2ccccc2C(=O)Nc2ccccc2)cc1	1.0	0	0.093	0.99
13	O=C(O)c1c(F)cccc1Oc1ccc(Cl)cc1NS(=O)(=O)c1ccc(Cl)cc1	1.0	0	0.161	0.977
13	O=S(=O)(NCCCN1CCC(O)(c2ccc(Cl)cc2)CC1)c1ccc(C(F)(F)F)cc1	1.0	0	0.111	0.964
13	O=C(C1=C(O)C(=O)N(c2cccc(C(F)(F)F)c2)C1C)C1CCCO1	1.0	0	0.12	0.762
13	O=C(c1ccncc1)c1cc(Cl)ccc1NS(=O)(=O)c1ccc(-c2cocc2)cc1	1.0	0	0.127	0.968
13	Cc1ccc(NC(=O)c2ccc(Cl)cc2)cn1	1.0	0	0.15	0.993
13	O=C(c1ccccc1)c1c(O)cccc1OCCCn1cccn1	1.0	0	0.127	0.976
13	CCCC(=O)C1=C(O)C(=O)N(c2ccc(C)cc2)C1C1CCCCC1	1.0	1	0.314	0.91
13	Oc1c2c(O)cccc2c2c1cnnc2C1CCCCC1NCc1ccc(Cl)cc1	0.0	0	0.0	0.0
13	CCCC(=O)N1CCC(NS(=O)(=O)c2ccc(NC(=O)C3CC3c3ccccc3)c3c2cccc3)CC1	1.0	0	0.005	0.851
13	O=S(=O)(NCCCN1CCC(O)(c2ccc(Cl)cc2)CC1)c1ccc(OC(F)(F)F)cc1Cl	1.0	0	0.072	0.946
13	COc1c2c(NS(=O)(=O)c3ccc(Cl)o3)nn(Cc3cc(Br)ccc3Cl)c2ccc1	1.0	0	0.142	0.922
13	O=S(=O)(NCCCN1CCC(O)(c2ccc(Cl)cc2)CC1)c1cccc2c1cccc2	1.0	0	0.075	0.968
13	O=C(O)c1ccccc1Oc1ccc(Cl)cc1O	1.0	0	0.168	0.988
13	CCCCCCc1nc2nc(N)nn2c(O)c1Cc1ccc(Cl)cc1	1.0	0	0.191	0.943
13	Cc1c(C(=O)Nc2ccc(S(=O)(=O)NC3CCN(C(=O)C4CCCC4)CC3)c3c2cccc3)cccc1	1.0	0	0.005	0.966
13	CC(=O)C1=C(O)C(=O)N(c2ccc(C)cc2)C1c1cc(Br)ccc1	1.0	1	0.336	0.948
13	Cc1c(C(=O)Nc2ccc(S(=O)(=O)NC3CCN(C(=O)N(C)C)CC3)c3c2cccc3)cccc1	1.0	0	0.089	0.965
13	Cc1ccc(S(=O)(=O)NC(=O)N2CCC(N3CCC(Oc4ccc(Cl)c(Cl)c4)CC3)CC2)cc1	1.0	0	0.125	0.956
13	Cn1ncc2c1cccc2OCCCN1CCC(c2ccccc2)CC1	1.0	0	0.057	0.976
13	CCOc1c(OC)c(C(=O)Nc2ccc(S(N)(=O)=O)cc2)cc(OC)c1OC	1.0	0	0.103	0.977
13	CC(=O)C1=C(O)C(=O)N(c2ccc(C)cc2)C1C1CCCCCC1	1.0	1	0.329	0.929
13	COCC(=O)N1CCC(NS(=O)(=O)c2ccc(NC(=O)c3c(C)cccc3)c3c2cccc3)CC1	1.0	0	0.136	0.968
13	Cc1ccc(C(=O)NC(=Cc2ccc(C(=O)NCCN)cc2)c2ccc(Cl)cc2)cc1	1.0	0	0.133	0.974
13	COC(=O)CCc1ccc(S(=O)(=O)NN=Cc2ccccc2)cc1	1.0	0	0.075	0.982
13	COc1nccnc1NS(=O)(=O)c1cccc2c1cccc2O	1.0	0	0.094	0.969
13	COc1nc(Cl)cnc1NS(=O)(=O)c1c(Cl)c(Cl)ccc1	1.0	0	0.177	0.955
13	O=S(=O)(Nc1cc(Cl)ccc1Cn1ccnn1)c1cccc2nonc12	1.0	0	0.185	0.935
13	COc1ncc(=O)n(Cc2cccc(F)c2)c1NS(=O)(=O)c1ccc(Cl)cc1Cl	1.0	0	0.175	0.948
13	O=C(c1ccncc1)c1cc(Cl)ccc1NS(=O)(=O)c1ccc(-c2cnco2)cc1	1.0	0	0.141	0.964
13	CCCC(=O)N1CCC(NS(=O)(=O)c2ccc(NC(=O)c3ccco3)c3c2cccc3)CC1	1.0	0	0.141	0.964
13	CC1CCN(C(=O)C(CCn2cccc2C#N)NS(=O)(=O)c2ccc3ccccc3c2)CC1	1.0	0	0.132	0.871
13	O=C(O)c1ccccc1Oc1ccc(C(F)(F)F)cc1NS(=O)(=O)c1ccc(Cl)cc1	1.0	0	0.155	0.977
13	CC(=O)N1CC(CS(=O)(=O)c2ccc(Cl)cc2)c2c1cccc21	0.0	0	0.0	0.0
13	COc1cc2c(cc1NS(=O)(=O)c1c(Cl)c(Cl)ccc12)[nH]1	0.0	0	0.0	0.0
13	CC1CSCC(=O)N1Cc1cc(C(F)(F)F)ccc1NS(=O)(=O)c1ccc(Cl)cc1CN1CCCOC1=O	1.0	0	0.005	0.722
13	Cc1ncc(C(=O)c2cc(Cl)ccc2NS(=O)(=O)c2ccc(NCC(C)(F)F)cc2)cc1	1.0	0	0.136	0.954
13	O=C(c1cccnc1)c1cc(Cl)ccc1NS(=O)(=O)c1ccncc1	1.0	0	0.172	0.976
13	O=C(c1ccncc1)c1cc(Cl)ccc1NS(=O)(=O)c1ccc(F)cc1	1.0	0	0.146	0.982
13	O=S(=O)(NCCCN1CCC(O)(c2ccc(Cl)cc2)CC1)c1ccc(C(F)(F)F)cc1	1.0	0	0.111	0.964
13	O=S(=O)(Nc1cc(Cl)ccc1Cn1ccnn1)c1cccc2nonc12	1.0	0	0.185	0.935
13	O=S1(=O)NC(Nc2ccc(Cl)cc2)=Nc2c1cc(Cl)cc2O	1.0	0	0.159	0.889
13	Cc1ccccc1C(=O)Nc1nccs1	1.0	0	0.063	0.99
13	Cc1ncc(C)c(NS(=O)(=O)c2ccc(C(C)(C)C)cc2)c1	1.0	0	0.116	0.98
13	O=S(=O)(Nc1cc(Cl)ccc1Cn1ccnn1)c1cccc(F)c1	1.0	0	0.167	0.965
13	O=S1(=O)NC(Nc2ccc(Br)cc2)=Nc2c1cc(Cl)cc2O	1.0	0	0.157	0.876
13	CCCC(=O)C1=C(O)C(=O)N(c2cc(C)ccc2)C1CCCC(F)(F)F	1.0	0	0.176	0.843
13	CC(=O)C1=C(O)C(=O)N(c2ccc(C)cc2)C1c1ccc(Cl)cc1	1.0	1	0.339	0.958
13	CC(C)Sc1nc2c(c(Nc3ccc(C(F)(F)F)cc3)n1)CCC2	1.0	0	0.177	0.956
13	O=S(=O)(Nc1ccc(Cl)cc1Cnccn1)c1ccc(Cl)c(Cl)c1	0.0	0	0.0	0.0
13	COc1ccc2c(c1NS(=O)(=O)c1c(Cl)c(Cl)ccc1)ncn2C	1.0	0	0.171	0.956
13	CC(=O)C1=C(O)C(=O)N(c2ccc(C)cc2)C1c1ccc(Br)cc1	1.0	1	0.338	0.953
13	COc1ccc2c(c1)[N+](=O)C1(O2)C(=O)C(c2ccccc2)C1C1CCCCC1c1	0.0	0	0.0	0.0
13	Cc1cc(-c2nc(-c3cc(Cl)c(NS(=O)(=O)c4ccc(Cl)cc4Br)cc3)ccc2Cl)ccn1	1.0	0	0.082	0.95
13	O=[N+]([O-])c1cc(Cl)ccc1OCc1ccccc1Cc1ccccc1	1.0	0	0.139	0.986
14	CCCC(=O)N1CCC(NS(=O)(=O)c2ccc(NC(=O)C3CCCC3)c3c2cccc3)CC1	1.0	0	0.116	0.967
14	O=C(c1ccncc1)c1cc(Cl)ccc1NS(=O)(=O)c1ccc(-c2cocc2)cc1	1.0	0	0.127	0.968
14	COc1c(Cl)ccc(NS(=O)(=O)c2ccc(C(C)(C)C)cc2)c1C(=O)c1ccncc1	1.0	0	0.108	0.964
14	COc1nc(Cl)cnc1NS(=O)(=O)c1ccccc12	0.0	0	0.0	0.0
14	CCC(=O)C1=C(O)C(=O)NCc2ccccc21=O	0.0	0	0.0	0.0
14	CC(C)(C)c1ccc(S(=O)(=O)Nc2ccc(Cl)cc2-c2c(O)cncn2)cc1	1.0	0	0.162	0.958
14	O=C(c1cncnc1)c1cc(Cl)ccc1NS(=O)(=O)c1ccc(-c2cocc2)cc1	1.0	0	0.134	0.957
14	Cc1nc(OCC(=O)Nc2ccc(O)cc2)c2c(O)c(-c3ccccc3)ccc2n1	1.0	0	0.09	0.966
14	O=S(=O)(Nc1cc(Cl)c(Cl)cc1Cn1ccnn1)c1ccc(Cl)c(Cl)c1	1.0	1	0.233	0.951
14	CC(=O)NCc1ccc(C(=O)Nc2sccc2NS(=O)(=O)c2ccc(C(C)(C)C)cc2)co1	0.0	0	0.0	0.0
14	CCc1ccc(N2C(=O)C(O)=C(C(C)=O)C2C2CCCCC2)cc1	1.0	1	0.298	0.925
14	Cc1ccc(NS(=O)(=O)c2ccc(C(=O)NCCN3CCCCC3)cc2)cc1	1.0	0	0.069	0.986
14	COc1nc(CO)c(Cl)nc1NS(=O)(=O)c1cccc(Cl)c1F	1.0	0	0.102	0.931
14	O=C(O)C(Cc1ccc(Cl)c(Cl)c1)NC(=O)OCC1(c2ccccc2)c2ccccc2C1C1CCc2ccccc21	1.0	0	0.005	0.592
14	N=C(N)NC(=O)c1ccccc1N	1.0	0	0.045	0.972
14	COC(=O)CCc1ccc(S(=O)(=O)Nc2ccc(Br)cc2C(=O)c2ccncc2)cc1	1.0	0	0.115	0.973
14	O=C(NCCN1CCCCC1)c1ccc(Oc2sccc2Br)cc1	1.0	0	0.071	0.969
14	c1ccc(CSc2ccncc2)cc1	1.0	0	0.062	0.99
14	COc1ncc(CN2C(=O)c3c(cccc3C(=O)Nc3nccs3)C2C2CCCCC2)cc1	1.0	0	0.123	0.849
14	CC1CCN(C(=O)C(CCn2cccc2C#N)NS(=O)(=O)c2cc(Cl)c(N)c(Cl)c2)CC1	1.0	0	0.178	0.801
14	CC(C)(C)c1ccc(S(=O)(=O)Nc2ccc(Cl)cc2C(=O)c2ccc(F)cc2)cc1	1.0	0	0.129	0.981
14	CC12CCC(O)(C1)C1C(CO)CCC21OC	1.0	0	0.044	0.045
14	CCCCc1ccn(S(=O)(=O)c2c(C)cc(C)cc2)n1C	0.0	0	0.0	0.0
14	Cc1cc(Oc2ccc(C(=O)NCCN3CCCC3)cc2)c(C)cc1	1.0	0	0.07	0.987
14	O=C(c1ccncc1)c1cc(Cl)ccc1NS(=O)(=O)c1ccc(-c2cocc2)cc1	1.0	0	0.127	0.968
14	NS(=O)(=O)c1cc(F)ccc1[O-][Ag-3]1CCCN(CCO)C1	1.0	0	0.005	0.436
14	CCCC(=O)N1CCC(NS(=O)(=O)c2ccc(NC(=O)c3cccnc3)c3c2cccc3)CC1	1.0	0	0.139	0.966
14	Cc1ccccc1C(=O)Nc1ccc(S(=O)(=O)N(C)c2ccccc2)cc1	1.0	0	0.091	0.988
14	CCCC(=O)N1CCC(NS(=O)(=O)c2ccc(NC(=O)c3ccccc3C)c3ccccc23)CC1	1.0	0	0.136	0.969
14	O=S(=O)(NCCCN1CCC(O)(c2ccc(Cl)cc2)CC1)c1ccc(C(F)(F)F)cc1	1.0	0	0.111	0.964
14	O=S(=O)(Nc1cc(Cl)ccc1Cn1ccnn1)c1cccc(C(F)(F)F)c1	1.0	0	0.158	0.958
14	Nc1nn2c(O)c(Cc3ccc(Cl)cc3)c(CCc3ccccc3)nc2n1	1.0	1	0.492	0.954
14	Cc1c(C(=O)NS(=O)(=O)c2ccc(Cl)cc2)cccc1	1.0	0	0.144	0.991
14	COc1nc(Br)cnc1NS(=O)(=O)c1c(Cl)cc(Cl)cc1	1.0	0	0.192	0.956
14	Cc1ccccc1C(=O)Nc1ccc(C(=O)N2Cc3ccccc3NS2(=O)=O)cc1	1.0	0	0.078	0.953
14	COC(=O)Cc1ccc(S(=O)(=O)Nc2ccc(Cl)cc2C(=O)c2ccncc2)cc1	1.0	0	0.099	0.976
14	O=C(O)c1cccc(O)c1Oc1ccc(Cl)cc1Cn1c(Cl)ccc1CCC1CCN(C(=O)CBr)CC1	1.0	0	0.005	0.883
14	Cc1cccc(C(=O)c2cc(Cl)ccc2NS(=O)(=O)c2ccc(CC(C)(C)C)cc2)c1	1.0	0	0.169	0.975
14	O=S(=O)(Nc1cc(Cl)ccc1Cn1ccnn1)c1ccc(Cl)s1	1.0	0	0.192	0.947
14	COc1ccc(CNc2nc(NCCO)nc(NS(=O)(=O)c3ccc(Cl)cc3)c2)cc1	1.0	0	0.117	0.967
14	Cc1cc(C(=O)c2cc(Cl)ccc2NS(=O)(=O)c2ccc(OC(C)C)cc2)ccn1	1.0	0	0.184	0.972
14	COc1c(Cl)cccc1NS(=O)(=O)c1ccc(N2CCCC2=O)cc1	1.0	0	0.065	0.978
14	Cc1cc(C(=O)c2cc(Cl)ccc2NS(=O)(=O)c2ccc(C(C)(C)C)cc2)ccn1	1.0	1	0.209	0.972
14	O=C(O)c1cc(Cl)cc(Cl)c1Oc1[nH]c2ccc(Cl)cc2c1Cc1ccc(Cl)cc1	1.0	1	0.214	0.946
14	COc1ccc(S(=O)(=O)Nc2ccc(Cl)cc2C(=O)c2ccncc2)cc1C	1.0	0	0.123	0.978
14	O=C1c2c(cccc2NC(=O)c2cccnc2)Nc2ccc(Cl)cc21	1.0	0	0.123	0.976
14	Cc1nc(C(=O)c2cc(Cl)ccc2NS(=O)(=O)c2ccc(C(C)(C)C)cc2)ccc1	1.0	0	0.113	0.972
14	O=S1(=O)NC(Nc2ccccc2C(=O)c2ccccc2)=Nc2c1cc(Cl)cc2F	1.0	0	0.109	0.913
14	CN(C)CCN(C)C(=O)C(C)(C)c1ccc(Cl)cc1NC(=O)Nc1ccccc1OB(	0.0	0	0.0	0.0
14	CC(C)(C)c1ccc(S(=O)(=O)Nc2ccc(Br)cc2C(=O)c2ccccn2)cc1	1.0	0	0.137	0.974
14	CN(C)C(=O)c1ccc(Oc2ccc(Cl)cc2NS(=O)(=O)c2cc(Cl)c(Cl)cc2)cc1	1.0	0	0.143	0.978
14	C=CCN(CC)Cc1c(-c2cc(Cl)c(Cl)cc2)nc(NS(=O)(=O)c2ccc(Cl)cc2)cc1	1.0	0	0.174	0.949
14	COc1ccc(C(=O)CSc2nnc(CNC(=O)c3ccccc3)o2)cc1	1.0	0	0.136	0.981
14	Nc1nn2c(O)c(Cc3ccc(Cl)cc3)c(CCc3ccccc3)nc2n1	1.0	1	0.492	0.954
14	CCCC(=O)N1CCC(NS(=O)(=O)c2ccc(NC(=O)C3CCCCC3)c3ccccc23)CC1	1.0	0	0.147	0.965
14	Cc1c(N2C(=O)c3c(C2=O)c(NS(=O)(=O)c2ccc(C(C)(C)C)cc2)ccc3Cl)ccnc1	1.0	0	0.132	0.943
14	COCc1c(OC)cc(OC)c(CC=C(C)C)c1CCN1C(=O)c2ccccc2C1=O	1.0	0	0.153	0.937
14	Cc1ccccc1C(=O)Nc1cc(Cl)ccc1C(=O)c1cccc(C(N)=O)c1	1.0	0	0.168	0.985
14	Cc1cc(O)c(NS(=O)(=O)c2ccc(CCC(N)C(=O)O)cc2)cc1	1.0	0	0.087	0.95
14	O=S(=O)(NCCCN1CCC(O)(c2ccc(Cl)cc2)CC1)c1ccc(Cl)cc1	1.0	0	0.141	0.973
14	COc1cccc2c1c(NS(=O)(=O)c1ccc(Cl)s1)nn2Cc1ccc(CO)cc1	1.0	0	0.152	0.955
14	CC(C)(C)c1ccc(S(=O)(=O)Nc2ccc(Cl)cc2C(=O)c2cnc(Cl)cc2)cc1	1.0	1	0.294	0.972
14	O=C(C1=C(O)C(=O)N(c2ccc(C(=O)O)cc2)C1C1CCCCCCC1)C1=CCCC1	1.0	1	0.285	0.843
14	CC(C)c1nc2nc(N)nn2c(O)c1Cc1ccc(Cl)c(Cl)c1	1.0	1	0.214	0.923
14	O=C(NCCN1CCCO1)c1ccc(Oc2ccc(Cl)cc2NS(=O)(=O)c2ccc(Cl)c(Cl)c2)cc1	1.0	0	0.005	0.947
14	CN(C)c1ccc(S(=O)(=O)Nc2ccc(Cl)cc2C(=O)c2c[n+]([O-])c(Cl)nc2)cc1	1.0	0	0.195	0.918
14	COCCOc1nc(Br)c(NS(=O)(=O)c2ccc(C(C)(C)C)cc2)cc1	1.0	0	0.115	0.959
14	CSc1ncnc2c1c(=O)n(O)c(=O)n2CCN1CCN(Cc2ccccc2)CC1	1.0	0	0.137	0.943
14	CC(C)(C)c1ccc(S(=O)(=O)Nc2ccc(Cl)cc2-c2c(NCCO)nccn2)cc1	1.0	0	0.189	0.954
14	CCCC(=O)C1=C(O)C(=O)N(c2ccc(C)cc2)C1C1CCCCC1	1.0	1	0.314	0.91
14	CC(=O)C1CCN(C(=O)CCC(CC(C)(C)C)c2cccc3ccccc23)C1F	1.0	0	0.091	0.629
14	COc1ccccc1C(=O)Nc1ccc(S(=O)(=O)C(F)(F)F)cc1	1.0	0	0.123	0.986
14	COc1cc2c(cc1NS(=O)(=O)c1c(Cl)c(Cl)ccc1)nc(O)n2C	1.0	0	0.18	0.948
14	CC(=O)C1=C(O)C(=O)N(c2cc(F)c(F)cc2)C1C1CCCCC1	1.0	1	0.288	0.906
14	CC(=O)C1=C(O)C(=O)N(c2cc(C)ccc2F)C1C1CCCCC1	1.0	1	0.236	0.901
14	Cc1ccc(N(C(=O)c2ccco2)C(C(=O)N=C2C(=O)N(c3ccccc3)N(C)C2C)c2ccccc2)cc1	1.0	0	0.005	0.643
14	CCc1c(OC)c(NS(=O)(=O)c2cccc([N+](=O)[O-])c2)ccc1	1.0	0	0.081	0.978
14	NS(=O)(=O)c1ccccc1-c1ccc(Oc2ccccc2)cc1	1.0	0	0.095	0.99
14	CC(C)Oc1c(Cl)cc(Cl)cc1S(=O)(=O)Nc1cc(Cl)ccc1-n1cccc1	1.0	0	0.146	0.952
14	CCCC(=O)N1CCC(NS(=O)(=O)c2ccc(NC(=O)c3c(F)cccc3)cc2)CC1	1.0	0	0.087	0.979
14	CCNS(=O)(=O)c1ccc(CCCNS(=O)(=O)c2ccc(Cl)cc2)cc1	1.0	0	0.059	0.983
14	CC1CCCCN1C(=O)C(CCn1cccc1C#N)NS(=O)(=O)c1cccc2c1ccccc2Cl	0.0	0	0.0	0.0
14	CS(=O)(=O)Nc1ccc(Oc2cccc(Cl)c2CN(CC#N)c2ccc(Cl)cc2)cc1	1.0	0	0.084	0.957
14	CC(=O)n1cc(C(=O)c2ccncc2)c2ccccc21	1.0	0	0.095	0.977
14	CCCC(=O)N1CCC(NS(=O)(=O)c2ccc(NC(=O)c3ccccc3C)c3ccccc23)CC1	1.0	0	0.136	0.969
14	O=S(=O)(Nc1cc(Cl)ccc1Cn1ccnn1)c1ccc(Cl)c(Cl)c1	1.0	1	0.241	0.963
14	Cc1cc(C(=O)c2cc(Cl)ccc2NS(=O)(=O)c2ccc(-c3cnco3)cc2)cc(C)c1	1.0	0	0.137	0.962
14	CCCCCCc1nc2nc(N)nn2c(O)c1Cc1ccc(Cl)c(Cl)c1	1.0	0	0.086	0.931
14	CCOC(=O)N1CCC(NS(=O)(=O)c2ccc(NCC(C)C)cc2)CC1	1.0	0	0.052	0.976
14	N#Cc1ccc(OCC(=O)NN=CC(=O)c2ccc(O)c(CO)c2)cc1	1.0	0	0.078	0.959
14	CCOC(=O)N1CCC(NS(=O)(=O)c2ccc(NC(=O)c3ccccc3C)c3c2cccc3)CC1	1.0	0	0.136	0.97
14	Cc1nc(S(=O)(=O)Nc2ccccc2)c(C=O)c1F	0.0	0	0.0	0.0
14	CC(=O)C1=C(O)C(=O)N(c2c(Cl)cccc2F)C1C1CCCCC1	1.0	1	0.287	0.877
14	COc1nc(Cl)cnc1NS(=O)(=O)c1ccccc1C#N	1.0	0	0.192	0.954
14	CCOC(=O)N1CCC(NS(=O)(=O)c2ccc(NC(=O)c3ccccc3)c3c2cccc3)CC1	1.0	0	0.143	0.974
14	CCCC(=O)N1CCC(NS(=O)(=O)c2ccc(NC(=O)c3nccnc3)c3c2cccc3)CC1	1.0	0	0.135	0.957
14	CC(C)(C)c1ccc(S(=O)(=O)Nc2c(Cl)cccc2-c2ccccc2)cc1	1.0	1	0.213	0.983
14	O=C(O)c1cc(Cl)cc(OS(=O)(=O)c2ccc(Cl)cc2)c1O	1.0	0	0.117	0.976
14	CCCCCCc1nc2nc(N)nn2c(O)c1Cc1ccc(OC(F)(F)F)cc1	1.0	1	0.309	0.924
14	O=C(CSc1nc(N)cc(N2CCOCC2)n1)c1ccccc1	1.0	0	0.112	0.973
15	CNS(=O)(=O)c1ccc(CCNS(=O)(=O)c2ccc(Cl)cc2)cc1	1.0	0	0.092	0.986
15	Cc1ncc(-c2cc(Cl)ccc2NS(=O)(=O)c2ccc(C(C)(C)C)cc2)nc1	1.0	0	0.177	0.969
15	CCOc1ccc(CNc2cc(C)ccc2C(=O)c2ccncc2)cc1	1.0	0	0.084	0.983
15	CC(C)(C)c1ccc(S(=O)(=O)Nc2ccc(Cl)cc2-c2c(NCc3ccccc3)cccn2)cc1	1.0	0	0.081	0.965
15	Cc1cccc(C(=O)c2cc(Cl)ccc2NS(=O)(=O)c2ccc(C(C)(C)C)cc2)c1	1.0	0	0.139	0.98
15	CC1CCN(C(=O)C(CCn2cccc2C#N)NS(=O)(=O)c2cc(Cl)c(N)c(Cl)c2)CC1	1.0	0	0.178	0.801
15	Cc1c(C(=O)NCCO)c(O)nc(NS(=O)(=O)c2ccc(Cl)cc2)c1	1.0	0	0.137	0.959
15	COc1ccc(CNC(=O)CC=NNS(=O)(=O)c2ccc(Cl)s2)cc1	1.0	0	0.094	0.95
15	COc1nc(Cl)cnc1NS(=O)(=O)c1cccc(Cl)c1Cl	1.0	0	0.177	0.955
15	O=S(=O)(Nc1cc(Cl)cc1Cn1cncn1)c1ccc(Cl)c(Cl)c1	0.0	0	0.0	0.0
15	CCc1nc(Br)cnc1NS(=O)(=O)c1ccc(C(C)(C)C)cc1	1.0	0	0.198	0.957
15	O=C(c1ccncc1)c1ccc(Oc2ccccc2)cc1	1.0	0	0.069	0.991
15	CC(=O)C1=C(O)C(=O)N(c2ccc(C)cc2)C1c1cc(C(C)C)ccc1	1.0	1	0.337	0.943
15	COc1cc2c(cc1NS(=O)(=O)c1c(Cl)c(Cl)ccc1)cc(Cl)cc2	1.0	0	0.129	0.977
15	COc1ccc(NS(=O)(=O)c2ccc3c(c2)NC(=O)CS3)cc1	1.0	0	0.114	0.976
15	COc1ccccc1Cn1nc(C(=O)c2cc(NC(=O)c3ccccc3)ccc2)cc1	1.0	0	0.1	0.98
15	Cc1ccc(S(=O)(=O)Nc2ccc(Br)cc2C(=O)c2ccncc2)cc1	1.0	0	0.153	0.981
15	O=C(c1ccncc1)c1cc(Cl)ccc1NS(=O)(=O)c1ccc(Cl)cc1	1.0	0	0.158	0.983
15	c1ccc(-c2cnc3cc(NCc4ccccc4)ccc3n2)cc1	1.0	0	0.075	0.988
15	CN(C)CC(=O)N1CCC(NS(=O)(=O)c2ccc(NC(=O)c3ccccc3)c3c2cccc3)CC1	1.0	0	0.134	0.969
15	CCCc1nn(CC(=O)O)c(C)c1C(=O)c1ccccc1-c1ccc(Cl)cc1	1.0	1	0.2	0.968
15	COc1ccccc1C(=O)c1cc(Cl)ccc1NS(=O)(=O)c1ccc(C(C)(C)C)cc1	1.0	0	0.14	0.979
15	CN(C)C(=O)CCc1ccc(CC(=O)c2ccccc2)cc1	1.0	0	0.069	0.989
15	COc1cc2c(cc1NS(=O)(=O)c1c(Cl)c(Cl)ccc1)nn(Cc2	0.0	0	0.0	0.0
15	COc1nc2c(cc1NS(=O)(=O)c1c(Cl)c(Cl)ccc1)nc(O)n2C	1.0	0	0.186	0.925
15	O=S(=O)(Nc1cc(Cl)ccc1Cn1cnnc1)c1ccc(Cl)c(Cl)c1	1.0	1	0.202	0.956
15	CCCC(=O)N1CCC(NS(=O)(=O)c2ccc(NC(=O)c3ccc(Nc4ccccc4)cc3)c3ccccc23)CC1	1.0	0	0.005	0.962
15	COc1nc(Br)cnc1NS(=O)(=O)c1ccc(Cl)cc1	1.0	0	0.19	0.968
15	COc1cc(NS(=O)(=O)c2ccc(N(C)C)cc2)ccc1	1.0	0	0.122	0.99
15	CC(C)Oc1c(Cl)cc(Cl)cc1S(=O)(=O)Nc1ccc(Cl)cc1C(=O)c1ccc(Cl)cc1	1.0	0	0.19	0.965
15	O=[N+]([O-])c1ccc(CSc2nc(NCc3ccccc3)c3ccccc3c2)cc1	1.0	0	0.084	0.974
15	Cc1ccccc1C(=O)Nc1cc(Cl)c(Cl)cc1N1CCC1	1.0	0	0.081	0.986
15	Cc1ncc(C(=O)c2cc(Cl)ccc2NS(=O)(=O)c2ccc(Cl)cc2)cc1	1.0	1	0.229	0.98
15	O=C(O)c1c(Oc2ccc(F)cc2NS(=O)(=O)c2ccc(Cl)cc2)cccc1	1.0	0	0.138	0.983
15	COCc1nccn1CCc1ccc(Cl)cc1NS(=O)(=O)c1ccc(Cl)c(Cl)c1	1.0	0	0.137	0.956
15	N#Cc1cc(-c2cc(Cl)ccc2NS(=O)(=O)c2ccc(F)c(C(F)(F)F)c2)ccc1	1.0	0	0.164	0.966
15	COc1nc(S(C)(=O)=O)cnc1NS(=O)(=O)c1cccc(Cl)c1Cl	1.0	0	0.1	0.935
15	CS(=O)(=O)c1cc(Cl)c(Cl)cc1C(=O)c1ccc(Cl)cc1N	1.0	1	0.221	0.968
15	Cc1nc2nc(N)nn2c(O)c1Cc1cc(Cl)c(Br)cc1	1.0	1	0.453	0.927
15	COc1c(F)cccc1Cc1ccc(Cl)cc1NS(=O)(=O)c1ccc(C(C)(C)C)cc1	1.0	1	0.223	0.968
15	COc1c2c(NS(=O)(=O)c3ccccc3)nn(Cc3cccc(NC(=O)CBr)c3)c2ccc1	1.0	0	0.156	0.961
15	Cc1ccc(S(=O)(=O)NCCCN2CCC(O)(c3ccc(Cl)cc3)CC2)cc1	1.0	0	0.156	0.974
15	Cc1cccc(N2C(=O)c3c(C2=O)c(NS(=O)(=O)c2ccc(C(C)(C)C)cc2)ccc3Cl)c1	1.0	0	0.133	0.959
15	COc1nc(OC)c(NS(=O)(=O)c2ccccc2)cc1	1.0	0	0.115	0.983
15	O=S(=O)(Nc1cc(Cl)ccc1Cn1cnnc1)c1ccc(Cl)s1	1.0	0	0.182	0.937
15	CC(C)c1nc2nc(N)nn2c(O)c1Cc1ccc(Cl)c(Cl)c1	1.0	1	0.214	0.923
15	O=S(=O)(Nc1cc(Cl)ccc1Cn1ccnn1)c1ccc(Cl)c(Cl)c1	1.0	1	0.241	0.963
15	CC(=O)C1=C(O)C(=O)N(c2ccc(Br)cc2F)C1c1ccc(Br)cc1	1.0	1	0.441	0.925
15	O=S(=O)(Nc1cc(Cl)ccc1Cn1cnnc1)c1ccc(Cl)c(Cl)c1C	1.0	0	0.161	0.934
15	COc1nc(Cl)cnc1NS(=O)(=O)c1cccc(Cl)c1Cl	1.0	0	0.177	0.955
15	Cn1nnnc1Cc1ccc(Cl)cc1NS(=O)(=O)c1ccccc1	1.0	0	0.077	0.97
15	Cc1nc(-c2ccncc2)ccc1NS(=O)(=O)c1ccc(Cl)cc1Cl	1.0	0	0.135	0.973
15	NS(=O)(=O)c1ccc(C(=O)N2C(=O)c3c(cc(Cl)c(Cl)c3)C2C2CCCCC2)cc1	1.0	0	0.16	0.879
15	CCCC(=O)N1CCC(NS(=O)(=O)c2ccc(NS(=O)(=O)c3cc(Cl)c(Cl)cc3)c3ccccc23)CC1	1.0	0	0.005	0.956
15	COc1ccc(NS(=O)(=O)c2ccc(N3C(=O)c4c(cccc4)C3=O)c3c2cccc3)cc1	1.0	0	0.157	0.978
15	O=S(=O)(Nc1cc(Cl)c(Cl)cc1Cn1ccnn1)c1ccc(Cl)c(Cl)c1	1.0	1	0.233	0.951
15	COc1nc(Br)cnc1NS(=O)(=O)c1cc(Cl)sc1Cl	1.0	0	0.175	0.911
15	Cc1c(Cl)cc(C(=O)n2c(O)c(Cl)cc2N2CCCC2)c1Cl	0.0	0	0.0	0.0
15	CCCCc1ccc(S(=O)(=O)Nc2ccc(Br)cc2C(=O)c2ccncc2)cc1	1.0	0	0.116	0.978
15	O=C(O)c1ccccc1Oc1ccc(Cl)cc1NC(=O)c1ccccc1	1.0	0	0.085	0.99
15	CC(C)(C)c1ccc(S(=O)(=O)Nc2ccc(Cl)cc2C(=O)c2ccc(Cl)nc2)cc1	1.0	1	0.294	0.972
15	CC(=O)C1=C(O)C(=O)N(c2cc(C)c(C)cc2)C1C1CCCCC1Cl	1.0	1	0.315	0.708
15	Cc1ccc(NS(=O)(=O)c2ccc(N(C)Cc3ccccc3)c3ccccc23)cc1	1.0	0	0.14	0.982
15	CC(C)(C)c1ccc(S(=O)(=O)Nc2cc(Cl)ccc2C(=O)c2ccncc2)cc1	1.0	0	0.105	0.976
15	COc1nc(NS(=O)(=O)c2ccc(-c3cnco3)cc2)ccc1Cl	1.0	0	0.182	0.958
15	CC(=O)c1ccc(S(=O)(=O)Nc2ccc(Br)cc2C(=O)c2ccncc2)cc1	1.0	0	0.106	0.978
15	COc1nc(Br)cnc1NS(=O)(=O)c1cccc(Cl)c1	1.0	0	0.135	0.963
15	COc1ccc(S(=O)(=O)Nc2ccc(S(=O)(=O)N(C)C)cc2)cc1O	1.0	0	0.078	0.982
15	O=S(=O)(Nc1cc(Cl)ccc1Cn1ccnn1)c1ccc(Cl)cc1#	0.0	0	0.0	0.0
15	N#Cc1cc2c(=O)n(N)c(-c3cccc(O)c3)cc2c1	0.0	0	0.0	0.0
15	CN(C)CCCN=CC1C(=O)N(C)C(=O)c2ccccc21)c1cccc(F)c1	0.0	0	0.0	0.0
15	Cc1nc2nc(N)nn2c(O)c1Cc1ccc(Cl)c(Cl)c1	1.0	1	0.454	0.944
15	COc1c(-c2cc(Cl)ccc2NS(=O)(=O)c2ccc(C(C)(C)C)cc2)nccc1	1.0	0	0.183	0.973
15	O=S(=O)(Nc1cc(Cl)ccc1Cn1ccnn1)c1cccc(Cl)c1	1.0	0	0.166	0.966
15	Cc1ccccc1NS(=O)(=O)c1ccc(N2C(=O)c2ccccc2CN2CCC(Cc3ccccc3)CC2)cc1	0.0	0	0.0	0.0
15	Cn1ncc2cc(S(=O)(=O)NC(Cc3ccccc3)C(=O)NC3CCCCC3)ccc21	1.0	0	0.117	0.927
15	O=S(=O)(Nc1cc(Cl)ccc1C(=O)c1ccc(Cl)cc1)c1cccc(O)c1	1.0	1	0.23	0.981
15	C=CCN(C)C(=O)CCc1cccc2c1ccc(C)c2	1.0	0	0.098	0.976
15	O=C(O)CC(=O)c1ccc(CNC(=O)c2ccccc2)cc1	1.0	0	0.065	0.991
15	O=C(O)c1c(F)cccc1NS(=O)(=O)c1ccc(Cl)cc1	1.0	0	0.098	0.987
15	CC(C)NS(=O)(=O)c1ccc(CNC(=O)c2cc3ccccc3n2Cc2cccc(Cl)c2)cc1	1.0	0	0.104	0.972
15	CC(=O)C1=C(O)C(=O)N(c2cc(C)ccc2F)C1C1CCCCC1	1.0	1	0.236	0.901
15	Cc1ncccc1Oc1ccc(S(=O)(=O)Nc2ccc(C(=O)N3CCCCC3)cc2)cc1	1.0	0	0.09	0.978
15	CC(C)(C)c1ccc(S(=O)(=O)Nc2ccc(Cl)cc2C(=O)c2ccc(Cl)nc2)cc1	1.0	1	0.294	0.972
15	Nc1nn2c(O)c(Cc3cccc(Cl)c3)c(C3CC3)nc2n1	1.0	0	0.136	0.922
15	CC(C)(C)c1ccc(S(=O)(=O)Nc2cccc(C(F)(F)F)c2)cc1	1.0	0	0.138	0.985
15	CCCC(=O)N1CC(COCc2ccccc2)c2ccccc21F	0.0	0	0.0	0.0
15	COc1cccc2c1c(NS(=O)(=O)c1ccc(Cl)s1)nn2Cc1ccccc1	1.0	0	0.151	0.965
15	COc1ccc(NS(=O)(=O)c2ccc(N(C)C(=O)c3ccccc3)c3c2cccc3)cc1C	1.0	0	0.113	0.975
15	CN(c1ccc(OCc2ccc(Br)nc2)nc1)c1ccccc1Cn1cc(F)cc(N)n1	0.0	0	0.0	0.0
15	COc1nc(Br)cnc1NS(=O)(=O)c1ccccc1	1.0	0	0.187	0.971
15	CCNC(=O)C1OC(n2cnc3c(NCCCCC(=O)O)ncnc32)CC1O	1.0	0	0.069	0.668
15	CSc1nc(Cl)c(Cl)n1Cc1cccc(Cl)c1	1.0	0	0.092	0.959
15	Nc1nn2c(O)c(Cc3cccc(Cl)c3)c(C3CCCCC3)nc2n1	1.0	1	0.243	0.926
15	O=C(CCOc1ccccc1)c1ccccc1	1.0	0	0.065	0.994
15	O=S(=O)(Nc1c(F)c(Cl)cnc1)C(F)(Cc1ccc(Cl)cc1)C(=O)Nc1ccc(Cl)cc1	1.0	0	0.125	0.831
15	O=S(=O)(Nc1cc(F)c(Cl)cc1NSc1cccc2c1cc(Cl)cc2)	1.0	0	0.198	0.804
15	O=C(O)C(c1cccc(Cl)c1)c1ccc(Cl)cc1	1.0	0	0.115	0.97
15	CNc1cc(Cc2c(O)nc(C)c(O)c2C#N)ccc1	1.0	0	0.084	0.921
15	CC(C)(C)c1ccc(S(=O)(=O)Nc2cc(F)ccc2NS(=O)(=O)c2ccc(Cl)c(Cl)c2)cc1	1.0	0	0.086	0.971
16	CSc1cc(C(=O)Nc2ccc(Cl)cc2C(=O)N(C)CC(=O)N2CCCCC2)ccc1	1.0	0	0.111	0.971
16	O=C(O)c1ccccc1Oc1ccc(Cl)cc1NS(=O)(=O)c1ccc(Cl)cc1	1.0	0	0.138	0.984
16	CCC(=O)c1ccc(S(=O)(=O)Nc2cc(Cl)ccc2C(=O)c2ccncc2)cc1	1.0	0	0.128	0.976
16	O=C(O)c1cc(Oc2nc(Cl)ccc2NS(=O)(=O)c2cc(Cl)c(Cl)cc2)ccc1	1.0	0	0.106	0.969
16	N#Cc1cccn1CCC(NS(=O)(=O)c1cccc2c1cccc12)C(=O)Nc1ccc(Cl)c(Cl)c1	0.0	0	0.0	0.0
16	O=C(O)CCc1ccc(OCc2ccc(COc3cccc(C(=O)O)c3)cc2)cc1	1.0	0	0.054	0.987
16	O=C(Cc1ccccc1)c1ccccc1)c1ccc(Cl)c(Cl)c1	0.0	0	0.0	0.0
16	COc1nc(Cl)cnc1NS(=O)(=O)c1cccc(Cl)c1C#N	1.0	0	0.183	0.935
16	O=C(c1ccncc1)c1cc(Cl)ccc1NS(=O)(=O)c1ccc(-c2ccccc2)cc1	1.0	0	0.145	0.981
16	N#Cc1cccn1CCC(NS(=O)(=O)c1cc(Cl)c(N)c(Cl)c1)C(=O)N1CCC(C(F)(F)F)CC1CC	1.0	0	0.005	0.449
16	CC(=O)N=C(C(=O)c1ccc(Br)cc1)c1ccccc1	1.0	0	0.166	0.975
16	CCN(C(=O)CN1CCCCC1)c1c(N)c(O)c(C)c1C(=O)c1ccc(Cl)cc1	0.0	0	0.0	0.0
16	Cc1cc(Nc2cc(Cl)ccc2C(=O)N2CCC(O)CC2)ccc1	1.0	0	0.094	0.982
16	CC(C)(C)c1ccc(S(=O)(=O)Nc2ccc(Cl)cc2C(=O)c2nnco2)cc1	1.0	1	0.227	0.949
16	Cc1ncccc1Oc1ccc(S(=O)(=O)Nc2ccc(Cl)cc2C(=O)c2nscc2)cc1	1.0	0	0.136	0.94
16	CNS(=O)(=O)c1cccc(Cl)c1Clnc(NS(=O)(=O)c1ccc(Cl)s1)NN	0.0	0	0.0	0.0
16	CC(=O)c1ccc(S(=O)(=O)Nc2ccc(Cl)cc2C(=O)c2c[n+]([O-])c(C)cc2)cc1	1.0	0	0.099	0.954
16	Cc1ccc(S(=O)(=O)Nc2ccc(Cl)cc2C(=O)c2c[n+]([O-])c(C)cc2)cc1	1.0	0	0.135	0.959
16	CCOC(=O)N1CCC(NS(=O)(=O)c2ccc(OCc3ccccc3)c3c2cccc3-c2ccccc2)CC1	1.0	0	0.005	0.962
16	CCCC(=O)N1CCC(NS(=O)(=O)c2ccc(NC(=O)c3c(C)cccc3)c3c2cccc3)CC1	1.0	0	0.136	0.969
16	CNS(=O)(=O)c1ccc(CNC(=O)c2cccc3c2OCCO3)cc1	1.0	0	0.095	0.978
16	O=S(=O)(Nc1c(F)cccc1F)c1ccccc1Cl	1.0	0	0.095	0.986
16	O=C(O)c1ccccc1Oc1c(F)cccc1F	1.0	0	0.092	0.987
16	Cc1c(C(=O)C(=O)NS(=O)(=O)c2ccc(Cl)cc2)cccc1F	1.0	0	0.152	0.975
16	Cc1c(C(=O)NN=Cc2ccccc2O)nc2ccccc2c1	1.0	0	0.097	0.974
16	CS(=O)(=O)c1ccc(S(=O)(=O)Nc2ccc(Br)cc2C(=O)c2ccncc2)cc1	1.0	0	0.106	0.975
16	CSc1ncc(Cl)cc1C(=O)Nc1cnc(Cl)cc1C#N	1.0	0	0.152	0.927
16	CC(=O)C1=C2C(=Nc3ccccc32)C(=O)c2ccccc21	1.0	0	0.085	0.948
16	O=C(O)c1c(Oc2ccc(F)cc2NS(=O)(=O)c2ccc(Cl)cc2)cccc1	1.0	0	0.138	0.983
16	CC(=O)NCc1ccc(C(=O)Nc2ccccc2C(=O)c2ccncc2)cc1	1.0	0	0.093	0.985
16	CCC(=O)C1=C(O)C(=O)N(c2ccc(C)cc2)C1C1CCCCCCC1	1.0	1	0.322	0.912
16	Cc1c(N(CCCC#N)C(=O)Cc2ccc(C(=O)c3ccccc3)cc2)ccc(C(F)(F)F)c1	1.0	0	0.101	0.96
16	CC(C)Sc1ccc(S(=O)(=O)Nc2ccc(Br)cc2)cc1C(	0.0	0	0.0	0.0
16	CC(O)(c1ncc(C#N)c(Cl)c1)c1ccccc1	1.0	0	0.069	0.908
16	O=S(=O)(Nc1cc(Cl)ccc1Cn1ccnn1)c1ccccc1	1.0	0	0.171	0.973
16	Cc1ccc(S(=O)(=O)Nc2ccc(Cl)cc2C(=O)c2ccncc2)cc1	1.0	0	0.155	0.983
16	C[n+]1cc(Cc2cnc(N)nc2N)ccc1	1.0	0	0.053	0.913
16	O=C(O)CCc1cc(C(=O)O)nc(Nc2ccc(Cl)c(Cl)c2)c1	1.0	1	0.218	0.974
16	CC(C)(C)c1ccc(S(=O)(=O)Nc2ccc(Cl)cc2-c2c(CN)ccnc2)cc1	1.0	0	0.139	0.963
16	CCCCc1ccc(S(=O)(=O)Nc2ccc(Br)cc2C(=O)c2ccncc2)cc1	1.0	0	0.116	0.978
16	COc1c2c(NS(=O)(=O)c3ccc(C)cc3)nc(N)nc2cc1	0.0	0	0.0	0.0
16	CC(C)(C)c1ccc(S(=O)(=O)Nc2ccc(Cl)cc2-c2ccc(C(=O)O)cc2)cc1	1.0	0	0.093	0.981
16	CC1CCCCN1C(=O)C(CCn1cccc1C#N)NS(=O)(=O)c1cc(F)c(Cl)cc1	1.0	0	0.158	0.757
16	CC(=O)C1=C(O)C(=O)N(c2ccc(C)cc2)C12CCCCCCCC2	1.0	1	0.267	0.758
16	CC(=O)C1=C(O)C(=O)N(c2cccc(C)c2)C1c1ccc(Cl)cc1	1.0	1	0.246	0.953
16	COc1c2c(NS(=O)(=O)c3ccc(Cl)s3)nn(Cc3cccc(NC(=O)CO)c3)c2ccc1	1.0	0	0.114	0.942
16	CC(C)(C)c1ccc(S(=O)(=O)Nc2ccc(Cl)cc2-c2c(CN)cc(C(F)(F)F)cc2)cc1	1.0	0	0.127	0.961
16	CS(=O)(=O)c1ccc(S(=O)(=O)Nc2ccc(Br)cc2C(=O)c2ccncc2)cc1	1.0	0	0.106	0.975
16	O=C(O)c1ccccc1Oc1ccc(Cl)cc1NS(=O)(=O)c1ccc(Cl)c(Cl)c1	1.0	0	0.129	0.98
16	O=S(=O)(Nc1cc(Cl)cnc1NS(=O)(=O)c1ccc(Cl)cc1)	1.0	0	0.124	0.907
16	N#Cc1c(SCc2nc3nc(Cc4ccccc4)nn3c(O)c2)nccc1	1.0	0	0.148	0.928
16	O=C(Nc1ccc(S(=O)(=O)c2ccccc2)c2c1cccc2)c1ccccc1	1.0	0	0.099	0.988
16	COc1cc2c(cc1NS(=O)(=O)c1c(Cl)c(Cl)ccc1)nc(O)n2C	1.0	0	0.18	0.948
16	O=S(=O)(Nc1cc(Cl)ccc1Cn1ccnn1)c1ccc(Cl)[se]n1	0.0	0	0.0	0.0
16	O=C(O)c1ccc(Cl)c(OS(=O)(=O)c2cc(Cl)c(Cl)cc2)c1O	1.0	0	0.158	0.966
16	COc1ccc(S(=O)(=O)Nc2ccc(Br)cc2C(=O)c2ccncc2)cc1C	1.0	0	0.123	0.976
16	CC(=O)C1=C(O)C(=O)N(c2ccc(C)cc2)C1c1ccc(Br)cc1	1.0	1	0.338	0.953
16	COc1ccc(C(=O)Nc2ccc(S(=O)(=O)NC3CCN(C(=O)CCC)CC3)c3ccccc23)cc1	1.0	0	0.005	0.97
16	CNS(=O)(=O)c1ccc(CNC(=O)c2cccc3[nH]cnc23)cc1	1.0	0	0.083	0.975
16	N#Cc1cc(NS(=O)(=O)c2ccc(Cl)cc2)ccc1	1.0	0	0.078	0.989
16	O=S(=O)(Nc1cc(Cl)ccc1Cn1ccnn1)c1cccc(Cl)c1	1.0	0	0.166	0.966
16	O=C(O)c1c(Oc2ccccc2NS(=O)(=O)c2ccc(Cl)c(Cl)c2)cccc1	1.0	0	0.125	0.983
16	O=S(=O)(Nc1cc(Cl)ccc1Cn1ccnn1)c1cccc(C(F)(F)F)c1Cl	1.0	0	0.08	0.935
16	Cc1ccc(S(=O)(=O)Nc2ccc(F)cc2C(=O)c2ccc(Cl)nc2)cc1	1.0	1	0.279	0.979
16	O=C(NCCNC(=O)c1ccc(Cl)cc1)c1cccs1	1.0	0	0.079	0.989
16	CC1CN(C(=O)Cc2ncccc2C(F)(F)F)c2ccccc21Sc1cccc(C(F)(F)F)c1	0.0	0	0.0	0.0
16	CN(C)C(=O)C(C)(C)c1ccc(Oc2ccc(Cl)cc2NS(=O)(=O)c2ccc(Cl)cc2)cc1	1.0	0	0.134	0.965
16	COc1cccc(CSc2c(F)c(F)ccc2)c1O	1.0	0	0.087	0.975
16	CC(=O)C1=C(O)C(=O)N(c2ccc(C)cc2)C1c1ccc(C)cc1	1.0	1	0.345	0.959
16	COc1c2c(NS(=O)(=O)c3ccc(Cl)cc3)nn(Cc3ccccc3)c2ccc1	1.0	0	0.184	0.977
16	N#Cc1ccccc1CC(=O)c1ccccc1FN	0.0	0	0.0	0.0
16	Cc1cnc(SCc2ccc(Cl)cc2)nc1O	1.0	1	0.202	0.97
16	COc1nc(Cl)cnc1NS(=O)(=O)c1cccc(Cl)c1C	1.0	0	0.178	0.958
16	CC(C)(C)c1ccc(S(=O)(=O)Nc2cc(Cl)ccc2C(=O)c2cc[n+]([O-])cc2)cc1	1.0	0	0.121	0.956
16	CC(=O)C1=C(O)C(=O)N(c2ccc(C)cc2)C1c1ccccc1NC(=O)CC(C)(C)C	1.0	0	0.14	0.913
16	Cc1ccc(S(=O)(=O)Nc2ccc(Br)cc2C(=O)c2ccncc2)cc1	1.0	0	0.153	0.981
16	N#Cc1cccn1CCC(=O)Nc1cc(Cl)ccc1N1CCCC1	1.0	0	0.118	0.965
16	COc1ccccc1C(=O)Nc1ccc2c(c1)CCN2C(=O)c1ccccc1)c1ccccc1	0.0	0	0.0	0.0
16	CC(=O)C1=C(O)C(=O)N(c2ccc(C)cc2)C1C1CCCCCCC1	1.0	1	0.309	0.928
16	COc1nc(Br)cnc1NS(=O)(=O)c1cccc(Cl)c1	1.0	0	0.135	0.963
16	CN1C(=O)c2c(C1=O)N(c1ccccc1)CC2=[O]	1.0	0	0.089	0.95
16	CC(C)(C)c1ccc(S(=O)(=O)Nc2ccc(Cl)cc2-c2c(NCCN)ncnc2N7	0.0	0	0.0	0.0
16	CC(C)(c1ccc(S(=O)(=O)Nc2ccc(Cl)cc2C(=O)c2ncccn2)cc1)c1ccccc1	1.0	0	0.137	0.959
16	CN(C)c1ccc(S(=O)(=O)NCCCN)cc1	1.0	0	0.08	0.984
16	COc1nn(C(C)C)ccc1N1C(=O)c2c(cccc2)CCOC1CCCC(=O)O	0.0	0	0.0	0.0
16	O=C(O)c1ccc(NS(=O)(=O)c2ccc(Cl)cc2)cc1	1.0	0	0.104	0.992
16	COc1c(Oc2ccc(C(=C)NC(C)(C)C)cc2)ccc(OC)c1O	1.0	0	0.094	0.961
16	O=C(C1=C(O)C(=O)N(c2ccc(C(=O)O)cc2)C1c1cc(Br)c(C(=O)O)cc1)CCC	1.0	1	0.266	0.898
16	CSCCN(C(=O)Cc1ccc2c(c1)OCO2)C1CCCCC1	1.0	0	0.092	0.962
16	CC(C)(C)c1ccc(S(=O)(=O)Nc2ccc(Cl)cc2-c2c(N)cccc2)cc1	1.0	0	0.126	0.978
16	CC(C)c1nc2nc(N)nn2c(O)c1Cc1ccc(Cl)c(Br)c1	1.0	1	0.212	0.899
16	Cc1c(N2C(=O)c3c(C2=O)c(NS(=O)(=O)c2ccc(C(C)(C)C)cc2)ccc3Cl)cccn1	1.0	0	0.135	0.943
16	CCCOc1c(OC)cc(Cc2c(C)c(NS(=O)(=O)c3ccc(C(C)(C)C)cc3)nnc2N)cc1	1.0	0	0.074	0.936
16	CCCC(=O)NC(c1ccc(Cl)cc1)c1ccccc1[PH]	1.0	0	0.005	0.896
16	O=C(c1ccncc1)c1cc(Cl)ccc1NS(=O)(=O)c1ccc(Cl)c(F)c1	1.0	0	0.121	0.976
16	O=S(=O)(Nc1cc(F)ccc1Cn1ccnn1)c1cc(Cl)c(Cl)cc1	1.0	1	0.237	0.962
16	O=C1c2c(C(=O)N1Cc3ccccc3C1)cn2Cc1ccccc1	0.0	0	0.0	0.0
16	O=c1c2ccccc2c(-c2ccc(Cl)c(Cl)c2)ncc1Cl	1.0	0	0.152	0.978
16	O=S(=O)(Nc1cc(Cl)ccc1Cn1cnnc1)c1cccc(Cl)c1	1.0	0	0.139	0.96
16	Cc1cc(NS(=O)(=O)c2ccc(Cl)cc2)ccc1	1.0	0	0.184	0.993
17	CC(=O)C1=C(O)C(=O)N(c2ccc(C)cc2)C1c1cc(C)ccc1	1.0	1	0.342	0.954
17	Cc1cc(NS(=O)(=O)c2cc(Cl)c(Cl)cc2)ccc1	1.0	0	0.15	0.99
17	Cc1ccc(-c2nn(CC(N)=O)c(O)c2-c2cccc(OCc3cc(Cl)ccc3)c2)cc1	1.0	0	0.103	0.96
17	COC(=O)CCc1ccc(S(=O)(=O)Nc2ccc(Cl)cc2C(=O)c2ccncc2)cc1	1.0	0	0.116	0.975
17	Cc1cnc(C(=O)Oc2c(C)c(Cl)ccc2F)cc1	1.0	0	0.152	0.969
17	O=C(O)c1c(Oc2c(Cl)cccc2NS(=O)(=O)c2ccc(Cl)cc2)cccc1	1.0	0	0.134	0.98
17	CCc1ccncc1	1.0	0	0.025	0.992
17	O=S(=O)(Nc1cc(Cl)ccc1Cn1ccnn1)c1ccccc1	1.0	0	0.171	0.973
17	Nc1nn2c(O)c(Cc3cccc(F)c3)c(C3CC3)nc2n1	1.0	0	0.137	0.921
17	O=S(=O)(NCc1ccccc1)c1ccc(Cl)cc1	1.0	0	0.126	0.994
17	CC(C)(C)c1ccc(S(=O)(=O)Nc2ccc(Cl)cc2-c2c(N)c(N)ncn2)cc1	1.0	0	0.162	0.955
17	COc1nc(Br)cnc1NS(=O)(=O)c1cc(Cl)ccc1Cl	1.0	0	0.186	0.957
17	CC(=O)C1=C(O)C(=O)N(c2ccc(Cl)cc2)C1c1cc(C)ccc12	0.0	0	0.0	0.0
17	O=S(=O)(Nc1cc(Cl)cnc1C(=O)N1CCCC1)c1ccccc1	1.0	0	0.11	0.978
17	COc1nc(Cl)cnc1NS(=O)(=O)c1nc(Cl)cs1	1.0	0	0.14	0.853
17	CC(=O)C1=C(O)C(=O)N(c2ccc(C)cc2)C1C1CCCCCC1	1.0	1	0.329	0.929
17	COCc1c(OC)c(NS(=O)(=O)c2ccc(Br)cc2)ccc1	1.0	0	0.109	0.981
17	Cc1ccc(S(=O)(=O)Nc2cc(Cl)ccc2Cn2ccc(C)c2)cc1	1.0	0	0.15	0.972
17	CC(=O)C1=C(O)C(=O)N(c2ccc(C)cc2)C1c1ccc(C)cc1	1.0	1	0.345	0.959
17	C(=O)c1c(Oc2c(Cl)cccc2NS(=O)(=O)c2ccc(Cl)cc2)ccc[n+]1[O-]	1.0	0	0.124	0.924
17	CC(C)(C)c1ccc(S(=O)(=O)Nc2ccc(F)cc2C(=O)c2ccncc2)cc1	1.0	0	0.144	0.976
17	COc1nc(F)cnc1NS(=O)(=O)c1cccc(Cl)c1	1.0	0	0.093	0.961
17	COc1ccc(CN2CCCCC2CCOc2ccc(C)cc2)cc1O	1.0	0	0.09	0.954
17	Cc1ncc(NS(=O)(=O)c2cccc(Cl)c2)cc1	1.0	0	0.123	0.987
17	CCS(=O)(=O)c1ccc(C(=O)c2ccccc2)cc1C	1.0	0	0.078	0.987
17	COc1ccccc1C(=O)Nc1ccc(S(=O)(=O)NC(C)C)cc1O	1.0	0	0.105	0.983
17	O=C(O)c1ccccn1	1.0	0	0.028	0.991
17	COc1ccc(NS(=O)(=O)c2ccc(C)c(CCC(N)=O)c2)cc1	1.0	0	0.097	0.984
17	CNS(=O)(=O)c1ccc(CNC(=O)c2c(N)n[nH]c2)cc1	1.0	0	0.061	0.951
17	O=C(NS(=O)(=O)c1ccccc1)c1cc2ccc(C3CCNCC3)cc2cc1	1.0	0	0.102	0.974
17	O=C(c1ccncc1)c1cc(Cl)ccc1NS(=O)(=O)c1ccc(Br)cc1	1.0	0	0.162	0.981
17	CC(=O)C1=C(O)C(=O)N(c2ccc(C(F)(F)F)cc2)C1C1CCCCCCC1	1.0	1	0.339	0.905
17	COC(=O)CCc1ccc(S(=O)(=O)Nc2ccc(Cl)cc2C(=O)c2c(Cl)cccc2)cc1	1.0	0	0.117	0.978
17	N#Cc1cc2c(cc1)[nH]c(-c1c(-c2ccc(F)cc2)nc2nnccc12	0.0	0	0.0	0.0
17	Cc1cccc(C(=O)c2cc(Cl)ccc2NS(=O)(=O)c2ccc(C(C)(C)C)cc2)c1F	1.0	0	0.17	0.972
17	O=S(=O)(=O)Nc1ccc(Cl)cc1N1CCCC1	0.0	0	0.0	0.0
17	CC(=O)C1=C(O)C(=O)N(c2ccc(Br)cc2F)C1C1CCCCCC1	1.0	1	0.434	0.893
17	CNS(=O)(=O)c1ccc(Cl)cc1Cc1coc2cc(OS(=O)(=O)C(C)(C)CO)ccc2c1	0.0	0	0.0	0.0
17	c1cc(COc2ccc(CCc3nnc(NC(=O)c4ccccc4)o3)cc2)ccc1	1.0	0	0.064	0.983
17	O=S(=O)(Nc1cc(Cl)ccc1Cn1ccnn1)c1cc(C(F)(F)[O-])ccc1	1.0	0	0.148	0.911
17	COc1nc(Br)cnc1NS(=O)(=O)c1ccc(Cl)c(Cl)c1	1.0	0	0.122	0.96
17	N#Cc1cc(S(=O)(=O)Nc2cc(Cl)ccc2CNC(=O)c2ccc(cc2)ccc2)cc1	0.0	0	0.0	0.0
17	Cc1ccc(C(=O)c2ccc(C(C)C)cc2)cc1C	1.0	0	0.1	0.992
17	CC(=O)C1=C(O)C(=O)N(c2ccc(C)cc2)C1c1cccc(C(F)(F)F)c1	1.0	1	0.29	0.938
17	O=S(=O)(Nc1cc(Cl)ccc1Cn1ccnn1)c1cccc(C(F)(F)F)c1	1.0	0	0.158	0.958
17	CS(=O)(=O)c1cc(C(=O)NS(=O)(=O)c2ccc(Cl)c(C(F)(F)F)c2)ccc1	1.0	0	0.1	0.974
17	CN(C)c1ccc(S(=O)(=O)NC(C)C)cc1	1.0	0	0.068	0.987
17	CS(=O)(=O)c1ccc(S(=O)(=O)Nc2ccc(Br)cc2C(=O)c2ccncc2)cc1	1.0	0	0.106	0.975
17	CC(C)(C)c1ccc(S(=O)(=O)Nc2ccc(Cl)c3c2C(=O)N(c2ncc(F)cc2)CC3)cc1	1.0	0	0.133	0.941
17	O=S(=O)(NCCCN1CCC(O)(c2ccc(Cl)cc2)CC1)c1ccc(Cl)cc1	1.0	0	0.141	0.973
17	O=C(c1cnc(Cl)cc1)c1cc(C(=O)c2cc(Cl)ccc2)c(C(F)(F)F)c(C2CCOCC2)c1	1.0	0	0.168	0.917
17	O=S(=O)(NCCCNC(=O)c1ccc(-c2ccccc2)cc1)c1ccccc1	1.0	0	0.071	0.989
17	CC(C)(C)c1ccc(S(=O)(=O)Nc2ccc(Cl)cc2-c2c(O)cc(O)cc2)cc1	1.0	0	0.117	0.972
17	COC(=O)CCc1ccc(S(=O)(=O)Nc2ccc(Cl)c3c2C(=O)N(Cc2ncccc2)C3=O)cc1	1.0	0	0.102	0.951
17	C1CCC23CCCN2CCCC312	0.0	0	0.0	0.0
17	CCC(CC)(NS(=O)(=O)c1cccc(-c2ccc(F)cc2)c1)C(	0.0	0	0.0	0.0
17	CC(=O)C1=C(O)C(=O)N(c2ccc(C)cc2)C1c1ccccc1NS(=O)(=O)c1ccc(C(C)(C)C)cc1	1.0	0	0.005	0.901
17	CC(=O)C1=C(O)C(=O)N(c2ccc(Cl)cc2)C1c1ccc(Cl)cc1	1.0	1	0.428	0.956
17	O=C(CNC(=O)c1ccccc1)c1ccc(Cl)cc1	1.0	0	0.116	0.993
17	O=C(OC(=Cc1ccc(O)c(Cl)c1)c1ccccc1)c1ccccc1	1.0	0	0.126	0.976
17	COc1c(C2O)c(OC)cc2CC(=O)c2cc(Cl)ccc2c1	1.0	0	0.14	0.165
17	CC(=O)C1=C(O)C(=O)N(c2ccc(C)cc2)C1c1ccccc1	1.0	1	0.347	0.963
17	CC(C)(CO)c1ccc(S(=O)(=O)Nc2ccc(Cl)cc2C(=O)c2ccnc(C#N)c2)cc1	1.0	0	0.164	0.946
17	CC(=O)C1=C(O)C(=O)N(c2ccc(C)cc2)C1C1CCCCCCC1	1.0	1	0.309	0.928
17	CCC(=O)c1ccc(N2C(=O)c3c(C2=O)c(NS(=O)(=O)c2ccc(C(C)(C)C)cc2)ccc3Cl)nc1	1.0	0	0.005	0.932
17	CCC(=O)C1=C(O)C(=O)N(c2ccc(C)cc2)C1c1ccc(CF()(F)cc1)CN	0.0	0	0.0	0.0
17	CC(=O)C1=C(O)C(=O)N(c2cc(F)c(F)cc2)C1C1CCCCC1	1.0	1	0.288	0.906
17	O=S(=O)(Nc1cc(F)ccc1Cn1ccnn1)c1ccc(Cl)nc1	1.0	1	0.237	0.949
17	Cc1cc(C(=O)NCc2ccc(C(=O)Nc3ccccc3C(=O)c3ccccc3)cc2)nc2ccccc12	1.0	0	0.005	0.977
17	CC(=O)C1=C(O)C(=O)N(c2ccc(Br)cc2)C1C1CCCCC1[NH-]	1.0	1	0.361	0.544
17	O=C(O)c1c(Oc2ncccc2NS(=O)(=O)c2ccc(Cl)c(Cl)c2)cccc1	1.0	0	0.101	0.976
17	O=C(O)c1c(Oc2c(Cl)cccc2NS(=O)(=O)c2ccc(Cl)cc2)cccc1	1.0	0	0.134	0.98
17	CC(C)(C)c1ccc(S(=O)(=O)Nc2cc(F)c[n+]([O-])c2)cc1	1.0	0	0.098	0.944
17	CNS(=O)(=O)c1ccc(CCCCNS(=O)(=O)c2ccc(C(F)(F)F)cc2)cc1	1.0	0	0.06	0.977
17	COc1ccc(C(=O)Nc2c(F)cncc2F)cc1	1.0	0	0.105	0.984
17	CS(=O)(=O)c1cc(OS(=O)(=O)c2ccc(Cl)c(Cl)c2)ccc1	1.0	0	0.132	0.979
17	O=C(O)c1c(Oc2nccnc2NS(=O)(=O)c2ccc(Cl)c(C(F)(F)F)c2)cccc1	1.0	0	0.153	0.956
17	N#Cc1cccn1CCC(NS(=O)(=O)c1cc(Cl)c(N)c(Cl)c1)Co1	0.0	0	0.0	0.0
17	Cc1ccccc1C(=O)c1cc(Cl)ccc1NS(=O)(=O)c1ccc(Oc2ccc(F)cc2)cc1C	1.0	0	0.129	0.973
17	CSc1cc(C(=O)Nc2ccc(F)cc2C(=O)NCC(=O)C2)ccc2ccc1	0.0	0	0.0	0.0
17	N#Cc1cc(NS(=O)(=O)c2ccc(F)c(C(F)(F)F)c2)ccc1	1.0	0	0.094	0.977
17	CCC(=O)C1=C(O)C(=O)N(c2ccc(F)cc2)C1C1CCCCC1	1.0	1	0.299	0.909
17	CC(C)(C)c1ccc(S(=O)(=O)Nc2ccc(Cl)c3c2C(=O)N(c2ncc(F)cc2)C(=O)O3)cc1	1.0	0	0.133	0.925
17	N#Cc1ccc(S(=O)(=O)NC2CCN(CC(O)COc3ccccc3)CC2)cc1	1.0	0	0.049	0.942
17	CCc1cc(Cl)ccc1NS(=O)(=O)c1ccc(Cl)cc1Cl	1.0	0	0.186	0.983
17	NS(=O)(=O)c1ccc(C(=O)c2c(O)C(=O)c3c(c(C(F)(F)[O-])cc(F)c32)Nc2cnccc2)cc1	1.0	0	0.163	0.816
17	COc1cccc2c1c(NS(=O)(=O)c1ccc(N(C)C)cc1)nn2Cc1ccc(OC)cc1	1.0	0	0.151	0.967
17	O=C(O)c1cccnc1Nc1cc(Cl)ccc1NS(=O)(=O)c1ccc(Cl)cc1	1.0	0	0.101	0.977
17	Cc1ccc(C(=O)c2cc(Cl)ccc2NS(=O)(=O)c2ccc(-c3ccccc3)cc2)cc1	1.0	0	0.143	0.985
17	O=C(Nc1cc(Cl)ccc1C(=O)Nc1cnccc1)c1ccc(C(=O)O)cc1	1.0	0	0.082	0.986
17	CC(C)(C)c1ccc(S(=O)(=O)Nc2ccc(Cl)c3c2C(=O)N(c2ccncc2)C3)cc1	1.0	0	0.124	0.95
17	Cc1cc(NS(=O)(=O)c2ccc(Cl)cc2)c(C(F)(F)F)cc1	1.0	0	0.127	0.984
17	Nc1nn2c(O)c(Cc3ccc(F)cc3Cl)cnc2n1	1.0	0	0.133	0.924
17	CC(=O)C1=C(O)C(=O)N(c2ccc(Cl)cc2)C1C1CCCCCC1	1.0	1	0.42	0.927
17	Cc1c(C(=O)Nc2ccc(S(=O)(=O)NC3CCN(C(=O)c4ccccc4)CC3)c3c2cccc3)cccc1	1.0	0	0.005	0.972
17	COc1cc2c(cc1NS(=O)(=O)c1c(Cl)c(Cl)ccc1)c(CC(=O)O)ncc2	1.0	1	0.233	0.957
17	COC(=O)CCc1ccc(S(=O)(=O)Nc2ccc(Br)cc2C(=O)c2ccncc2)cc1	1.0	0	0.115	0.973
17	O=C(O)c1cc(Cl)ccc1ONC1CC(CO)OC1n1cc(Cl)c(=O)[nH]c1=O	1.0	0	0.132	0.489
17	CCOc1ccc(C=NNc2c([N+](=O)[O-])cccc2F)cc1	1.0	0	0.089	0.975
17	O=C(c1ccncc1)c1cc(Cl)ccc1NS(=O)(=O)c1ccc(OC(F)(F)F)cc1	1.0	0	0.118	0.973
18	CC(=O)C1=C(O)C(=O)N(c2ccc(C)cc2)C1c1c(Cl)cccc1	1.0	1	0.338	0.953
18	CC(C)Oc1ccc(S(=O)(=O)Nc2ccc(Cl)cc2C(=O)c2ccncc2)cc1	1.0	0	0.104	0.977
18	CC(=O)C1=C(O)C(=O)N(c2ccc(C)cc2)C1c1ccc(C)cc1	1.0	1	0.345	0.959
18	CC(=O)C1=C(O)C(=O)N(c2cc(C)ccc2)C1c1ccccc1	1.0	1	0.261	0.959
18	O=C(c1cnc(Cl)cc1)c1cc(Cl)cnc1NS(=O)(=O)c1ccc(Cl)cc1	1.0	0	0.166	0.963
18	O=C(Nc1ccncc1)c1cc(Oc2ccc(Cl)cc2N)ccc1	1.0	0	0.192	0.985
18	Cc1cc(C(=O)c2cc(Cl)ccc2NS(=O)(=O)c2ccc(CC(C)(C)C)cc2)ccn1	1.0	0	0.117	0.965
18	Cc1cc(Oc2c(C(=O)O)cc(F)cc2)ccc1	1.0	0	0.144	0.99
18	CNc1nc(Br)cnc1NS(=O)(=O)c1ccc(Cl)c(Cl)c1	1.0	0	0.115	0.947
18	COc1nc(Cl)cnc1NS(=O)(=O)c1c(F)c(Cl)c(Cl)cc1	1.0	0	0.155	0.93
18	O=C(c1ccncc1)c1cc(Cl)ccc1NS(=O)(=O)c1cc(F)c(N2CCOCC2)cc1	1.0	0	0.103	0.966
18	CC(C)(C)c1ccc(S(=O)(=O)Nc2ccc(Cl)cc2C(=O)c2ccnc(C)c2)cc1	1.0	1	0.209	0.972
18	CC(C)(C)c1ccc(S(=O)(=O)Nc2ccc(Cl)c3sccc23)cc1	1.0	0	0.141	0.971
18	O=S(=O)(NCCCN1CCC(O)(c2ccc(Cl)cc2)CC1)c1ccc(F)cc1	1.0	0	0.159	0.973
18	CC(=O)C1=C(O)C(=O)N(c2c(F)cc(F)cc2F)C1C1CCCCC1	1.0	1	0.362	0.863
18	CCc1ccc(S(=O)(=O)Nc2ccc(Br)cc2C(=O)c2ccncc2)cc1	1.0	0	0.153	0.98
18	COc1c2c(NS(=O)(=O)c3ccc(Cl)cc3)nn(Cc3cccnc3)c2ccc1	1.0	1	0.214	0.969
18	CC(C)(C)c1ccc(S(=O)(=O)Nc2ccc(Cl)cc2C(=O)c2cnc(S(N)(=O)=O)cc2)cc1	1.0	0	0.161	0.958
18	CC(C)(C)c1ccc(S(=O)(=O)Nc2ccc(Cl)cc2C(=O)c2ccn(C)c2)cc1	1.0	0	0.11	0.965
18	N#Cc1cc(S(=O)(=O)Nc2ccc(Cl)cc2C(=O)c2ccncc2)ccc1	1.0	0	0.138	0.974
18	Nc1nn2c(O)c(Cc3cccc(C(F)(F)F)c3)c(C3CC3)nc2n1	1.0	0	0.133	0.912
18	CC(C)(C)c1ccc(S(=O)(=O)Nc2ccc(Cl)cc2-c2c(Cl)cncn2)cc1	1.0	0	0.161	0.965
18	Cc1ccc(C(=O)c2cc(Cl)ccc2NS(=O)(=O)c2ccc(-c3cnco3)cc2)cc1	1.0	0	0.14	0.971
18	O=S(=O)(Nc1cc(Cl)ccc1Cn1ccnn1)c1ccc(Cl)c(Cl)c1	1.0	1	0.241	0.963
18	NS(=O)(=O)c1ccc(-n2c(O)ccc2)cc1	1.0	0	0.067	0.964
18	CCNS(=O)(=O)c1cccc(C(=O)NCCNCC(N)C(=O)O)c1	1.0	0	0.058	0.936
18	CCc1ccc(N2C(=O)C(O)=C(C(C)=O)C2C2CCCCC2)cc1	1.0	1	0.298	0.925
18	O=C(O)c1c(Oc2ncccc2NS(=O)(=O)c2ccc(Cl)cc2)cccc1	1.0	0	0.112	0.981
18	Cc1nc(Cl)cnc1NS(=O)(=O)c1ccc(Cl)s1Cl	0.0	0	0.0	0.0
18	O=S(=O)(Nc1cc(Cl)ccc1Cn1cnnc1)c1cc(Cl)c(Cl)cc1	1.0	1	0.202	0.956
18	O=C(Nc1ncc(C(=O)O)cc1)c1ccccc1P(=O)(c1ccccc1)c1ccccc1	1.0	0	0.158	0.955
18	COc1ccc(S(=O)(=O)Nc2ccc(Br)cc2C(=O)c2ccncc2)cc1	1.0	0	0.106	0.981
18	O=C(Cn1c(O)c(NS(=O)(=O)c2ccc(F)cc2)c2ccccc21)NCc1cccc(Cl)c1	1.0	0	0.111	0.963
18	O=C(O)c1c(Oc2cccc(F)c2NS(=O)(=O)c2ccc(Cl)cc2)cccc1	1.0	1	0.213	0.979
18	O=C(CO)C(=O)c1ccccc1Oc1ccc(Cl)cc1O	1.0	0	0.181	0.969
18	CCNC(=O)N1CCC(NS(=O)(=O)c2ccc(NC(=O)c3ccccc3C)c3ccccc23)CC1	1.0	0	0.134	0.967
18	Cc1cccc(Nc2c(Cl)cncc2)c1N	1.0	0	0.073	0.974
18	Cc1cc(Oc2c(C(=O)O)cccc2C(=O)c2ccc(Cl)cc2)ccc1	1.0	0	0.183	0.984
18	CCC(=O)C1=C(O)C(=O)N(c2ccc(C)cc2)C1C1CCCCC1	1.0	1	0.318	0.913
18	Oc1cc(CSc2cccc(Br)c2)nc2nc(Cc3ccccc3)nn12	1.0	0	0.091	0.948
18	CC(C)(C)c1ccc(S(=O)(=O)Nc2ccc(F)cc2C(=O)c2ccncc2)cc1	1.0	0	0.144	0.976
18	Cc1c(C(=O)Nc2ccc(S(=O)(=O)NC3CCN(C(=O)CN)CC3)c3c2cccc3)cccc1	1.0	0	0.122	0.967
18	CNC(=O)N1CCC(NS(=O)(=O)c2ccc(NC(=O)c3nccnc3)c3c2cccc3)CC1	1.0	0	0.146	0.954
18	Cc1ccc(N2C(=O)C(O)=C(C(=O)C3CC3)C2C2CCCCC2)cc1	1.0	1	0.31	0.914
18	COc1ccc(C(=O)c2cc(Cl)ccc2NS(=O)(=O)c2cc(C(F)(F)F)c(Cl)cc2)cc1	1.0	0	0.114	0.975
18	O=C(O)c1c(F)cccc1CNS(=O)(=O)c1cccc(F)c1Cl	1.0	0	0.097	0.966
18	O=[N+]([O-])c1cc(O)c2N=NC(=Cc3ccccn3)c3ccccc3c2c1	1.0	0	0.135	0.881
18	O=C(c1cnccc1)c1cc(Cl)ccc1NS(=O)(=O)c1ccc(Cl)cc1	1.0	0	0.163	0.983
18	CCOC(=O)CCc1ccc(S(=O)(=O)Nc2ccc(Cl)cc2C(=O)c2ccncc2)cc1	1.0	0	0.105	0.974
18	Cc1c(C(=O)Nc2c(C)cc(C)cc2NS(=O)(=O)c2ccc(NC(C)=O)cc2)ccc[n+]1[O-]	1.0	0	0.084	0.938
18	CCc1cc(CN2CCN(c3c(C)cccc3)CC2)ccc1	1.0	0	0.084	0.99
18	Cc1cnc(C(=O)Oc2cc(Cl)c(Cl)cc2N2CCOCC2)cc1	1.0	0	0.148	0.966
18	CCOC(=O)N1CCC(NS(=O)(=O)c2ccc(NCCCc3ccccc3)c3ccccc23)CC1	1.0	0	0.111	0.967
18	CS(=O)(=O)c1cc(O)nn1S(=O)(=O)c1ccccc1	1.0	0	0.126	0.928
18	CC(=O)C1=C(O)C(=O)N(c2cc(C)c(C)cc2)C1C1CCCCC1	1.0	1	0.311	0.916
18	CC(C)(C)c1ccc(S(=O)(=O)Nc2ccc(Br)cc2C(=O)c2ccncc2)cc1	1.0	0	0.125	0.975
18	Nc1nn2c(O)c(Cc3cc(Cl)ccc3)c(C3CC3)nc2n1	1.0	0	0.136	0.922
18	O=C(c1cc(Cl)ccc1NS(=O)(=O)c1ccc(Cl)c(Cl)c1	0.0	0	0.0	0.0
18	O=S(=O)(Nc1cc(Cl)ccc1Cn1ccnn1)c1ccc(Cl)cc1	1.0	1	0.271	0.97
18	CC(C)(C)c1ccc(S(=O)(=O)Nc2ccc(Cl)cc2C(=O)c2ccncc2)cc1	1.0	0	0.125	0.977
18	CC(C)(C)c1ccc(S(=O)(=O)Nc2ccc(Cl)cc2C(=O)c2ncccn2)cc1	1.0	0	0.135	0.966
18	CC(C)(CO)c1ccc(S(=O)(=O)Nc2ccc(Cl)cc2C(=O)c2ccncc2)cc1	1.0	0	0.126	0.966
18	CCC(=O)C1=C(O)C(=O)N(c2ccc(C)cc2)C1c1ccc(C)cc1	1.0	1	0.358	0.948
18	CCC(=O)c1ccc(N2CCN(C(=O)c3ccccc3)C3CCCCC32)cc1	1.0	0	0.129	0.903
18	CC(=O)C1=C(O)C(=O)N(c2ccc(C)cc2)C1c1c(Br)cccc1	1.0	1	0.337	0.944
18	CCC(=O)C1C(=O)OC(C)(C)OC1c1ccc(Cl)c(Cl)c1C	1.0	0	0.194	0.609
18	N#Cc1ccc(CN2C(=O)c3c(C2=O)c(NS(=O)(=O)c2ccc(C(C)(C)C)cc2)ccc3Cl)cc1	1.0	0	0.101	0.951
18	CCCC(=O)N1CCC(NS(=O)(=O)c2ccc(NC(=O)c3c(F)cccc3)c3c2cccc3)CC1	1.0	0	0.149	0.968
18	O=C(NS(=O)(=O)c1cc(Cl)ccc1)c1ccc(C(F)(F)F)cc1	1.0	0	0.104	0.985
18	CC(C)(C)c1ccc(S(=O)(=O)Nc2ccc(Cl)cc2C(=O)c2ccnc(C)c2)cc1	1.0	1	0.209	0.972
18	CC(C)(C)c1ccc(S(=O)(=O)Nc2ccc(Cl)cc2-c2c(N)ccnc2)cc1	1.0	0	0.123	0.967
18	O=S1(=O)NC(Nc2c(Br)cccc2)=Nc2c1c(Cl)ccc2O	1.0	0	0.126	0.861
18	O=C(O)c1c(Oc2ccc(Cl)cc2NS(=O)(=O)c2ccc(Cl)s2)cccc1	1.0	0	0.126	0.974
18	CC1(c2ccc(S(=O)(=O)Nc3ccc(Cl)cc3C(=O)N3CCCCCC3)cc2)OCCOCC1	1.0	0	0.125	0.874
18	COc1nc(Cl)cnc1NS(=O)(=O)c1c(Cl)c(Cl)cs1	1.0	0	0.159	0.866
18	Cc1ccc(N2C(=O)C(O)=C(C(=O)C3CC3)C2C2CCCCC2)cc1	1.0	1	0.31	0.914
18	CC(C)CN(C(=O)Cc1ccc(S(=O)(=O)N2CCOCC2)cc1)C1CCCCC1	1.0	0	0.07	0.97
18	Cn1cc(S(=O)(=O)c2ccccc2)c2ccccc21	1.0	0	0.107	0.986
18	Cc1cc(C(=O)c2cc(Cl)ccc2NS(=O)(=O)c2ccc(C3(C)CCOCC3)cc2)ccn1	1.0	0	0.147	0.939
18	CNS(=O)(=O)c1ccc(CNC(=O)c2cnccc2)cc1	1.0	0	0.054	0.988
18	CC(=O)C1=C(O)C(=O)N(c2cc(C(F)(F)F)ccc2)C1C1CCCCC1	1.0	1	0.223	0.902
18	CC(C)(C)c1ccc(S(=O)(=O)Nc2cc(F)c(F)cc2C(=O)c2ccncc2)cc1	1.0	0	0.155	0.969
18	O=C(O)c1ccccc1Oc1ccc(Cl)cc1OCc1ccc(Cl)cc1	1.0	0	0.103	0.987
18	CCOCC(=O)Nc1ccc(S(=O)(=O)N2CCCCC2)cc1	1.0	0	0.063	0.987
18	CC1CCN(Cc2nc(Cc3ccccc3F)no2)CC1c1ccc(Cl)cc1	1.0	0	0.173	0.862
18	O=C(Nc1ccc(S(=O)(=O)NC2CCNCC2)c2c1cccc2)c1ccccc1	1.0	0	0.158	0.977
18	O=C(O)c1c(Oc2ncncc2NS(=O)(=O)c2ccc(Cl)c(Cl)c2)cccc1	1.0	0	0.115	0.966
18	O=C(O)c1ccncc1NS(=O)(=O)c1cccc(Cl)c1Cl	1.0	0	0.106	0.975
18	O=S(=O)(Nc1cc(F)c(F)cc1F)c1cccc(F)c1	1.0	0	0.088	0.983
18	CC(C)(C)c1ccc(S(=O)(=O)Nc2ccc(Cl)cc2C(=O)c2ccnc(C)c2)cc1	1.0	1	0.209	0.972
18	O=C(c1ccncc1)c1cc(Cl)ccc1NS(=O)(=O)c1ccc(Cl)cc1	1.0	0	0.158	0.983
18	CCc1c(OC)cc(C)n(Cc2cc(C)cc(C)c2)c1=O	1.0	0	0.144	0.972
18	CS(=O)(=O)c1ccc2c(c1)CNCC(C)(C(N)=O)O2	1.0	0	0.067	0.787
18	CCCC(=O)N1CCC(NS(=O)(=O)c2ccc(NC(=O)C3CCC(C)C3)c3ccccc23)CC1	1.0	0	0.118	0.852
18	COc1ccccc1OCC(=O)Nc1ccc(S(=O)(=O)Nc2ccc(S(C)(=O)=O)cc2)cc1	1.0	0	0.047	0.983
18	Nc1nn2c(O)c(Cc3ccc(Br)cc3)c(C3CC3)nc2n1	1.0	1	0.226	0.922
18	Cc1ccncc1C(=O)Nc1ccc(C(=O)Nc2ccc(S(C)(=O)=O)cc2)cc1	1.0	0	0.054	0.984
18	CC(C)(C)c1ccc(S(=O)(=O)Nc2ccc(F)cc2C(=O)c2ccncc2)cc1	1.0	0	0.144	0.976
18	Cc1cccc(NS(=O)(=O)c2ccc3ccccc3c2)c1OS(=O)(=O)c1ccc(N(C)C)cc1	1.0	0	0.137	0.964
18	CC(=O)C1=C(O)C(=O)N(c2ccc(Br)cc2F)C1c1cc(Cl)ccc1	1.0	1	0.439	0.925
19	Cc1ccc(Sc2nc3ccc(C)cc3o2)cc1	1.0	0	0.114	0.979
19	CCC(=O)C1=C(O)C(=O)N(c2ccc(C)cc2)C1C1CCCCCCC1	1.0	1	0.322	0.912
19	O=C(c1cnc(Cl)cc1)c1cc(Cl)ccc1NS(=O)(=O)c1ccc(Cl)cc1	1.0	1	0.286	0.979
19	CCOC(=O)NS(=O)(=O)c1ccc(Cl)c(Cl)c1	1.0	0	0.101	0.984
19	O=C(Nc1ccc(S(=O)(=O)Nc2ccc(Cl)cc2C(=O)c2ccncc2)cc1)c1ccccc1	1.0	0	0.155	0.979
19	Cn1ncc2cc(-c3cc(Cl)ccc3O)nc(N(C)C)c21	1.0	0	0.137	0.931
19	CSC(=O)C(C)(C)c1ccc(Cl)cc1NC(=O)c1cccnc1	1.0	0	0.094	0.952
19	CCCCCc1ccnc(NS(=O)(=O)c2ccc(Cl)cc2)c1	1.0	0	0.107	0.984
19	CCCC(=O)N1CCC(NS(=O)(=O)c2ccc(NC(=O)C3CCCCC3)c3ccccc23)CC1	1.0	0	0.147	0.965
19	Cc1ccc(N2C(=O)C(O)=C(C(=O)C3CC3)C2C2CCCCC2)cc1	1.0	1	0.31	0.914
19	O=C(NC1CC1)c1cc[n+]([O-])cc1Cl	1.0	0	0.064	0.941
19	CC(=O)c1cccc(S(=O)(=O)Nc2ccc(Cl)cc2C(=O)N(C)C)c1	1.0	0	0.08	0.982
19	COc1ccc(N2C(=O)C(O)=C(C(C)=O)C2C2CCCCC2)cc1	1.0	1	0.289	0.931
19	CCCC(=O)N1CCC(C(=O)Nc2ccc(C(F)(F)F)cc2)(C2CCCCC2)CC1	1.0	0	0.108	0.952
19	O=S(=O)(Nc1cc(Cl)c(Cl)cc1Cn1ccnn1)c1ccc(Cl)cc1	1.0	1	0.258	0.96
19	CCCC(=O)N1CCC(NS(=O)(=O)c2ccc(NC(=O)c3ccccc3)c3c2cccc3)CC1	1.0	0	0.128	0.974
19	CC(C)(C)c1ccc(S(=O)(=O)Nc2ccc(Cl)c(C(=O)Nc3ccccc3C(=O)c3ccccc3)c2)cc1	1.0	0	0.005	0.975
19	O=C(c1c(Oc2ccccc2)ncc1)c1ccccc1	0.0	0	0.0	0.0
19	O=C(c1cnc(Cl)cc1)c1cc(Cl)ccc1NS(=O)(=O)c1ccc(Cl)cc1	1.0	1	0.286	0.979
19	COc1nc(Br)cnc1NS(=O)c1c(C#N)c2cc(F)ccc2n1C	1.0	1	0.204	0.607
19	CCCc1nc2nc(N)nn2c(O)c1Cc1cccc(Br)c1	1.0	1	0.343	0.927
19	COc1nc2c(cc1NS(=O)(=O)c1c(Cl)c(Cl)ccc1)nc(O)[nH]2	1.0	0	0.149	0.912
19	O=C(O)c1ccc(Oc2ccc(Cl)cc2NS(=O)(=O)c2cc(Cl)c(Cl)cc2)cc1	1.0	0	0.143	0.982
19	CC1CCN(C(=O)C(CCn2ccnn2)NS(=O)(=O)c2cc(Cl)c(N)c(Cl)c2)CC1	1.0	0	0.147	0.826
19	CC(=O)C1=C(O)C(=O)N(c2cc(C)c(C)cc2)C1C1CCCCC1	1.0	1	0.311	0.916
19	CC1(c2ccc(S(=O)(=O)Nc3ccc(Cl)cc3C(=O)c3ccccc3)cc2)OCCO1	1.0	0	0.101	0.963
19	CC(C)(C)c1ccc(S(=O)(=O)Nc2ccc(Cl)cc2C(=O)c2ccnc(C)c2)cc1	1.0	1	0.209	0.972
19	O=C(O)c1ccc(OC2CNCC(NS(=O)(=O)c3ccc(F)cc3)C2)cc1	1.0	0	0.098	0.89
19	N#Cc1cccn1CCC(NS(=O)(=O)c1cc(Cl)c(NC(=O)c2ccccc2)cc1)C(=O)O	1.0	0	0.1	0.897
19	Cc1[n+]([O-])cc(C(=O)c2cc(NC(=O)c3cc4ccccc4o3)ccc2)cc1	1.0	0	0.101	0.958
19	CCc1ncc(CN2CC(O)C(O)C2C)cc1	1.0	0	0.071	0.708
19	CC(C)(C)c1ccc(S(=O)(=O)Nc2ccc(Cl)cc2C(=O)c2cccc(C#N)c2)cc1	1.0	0	0.121	0.974
19	COc1cccc2c1c(NS(=O)(=O)c1ccc(Cl)s1)nn2Cc1cccc(CO)c1	1.0	0	0.151	0.95
19	COc1cc(-c2cc(Cl)ccc2NS(=O)(=O)c2ccc(C(C)(C)C)cc2)ncc1	1.0	0	0.162	0.974
19	Cn1ncc2c1ncnc2NS(=O)(=O)c1c(Cl)c(Cl)ccc1	1.0	0	0.143	0.962
19	Cc1cccnc1N(C(=O)c1ccc(Cl)cc1)c1cccc(C(C)(F)F)c1	1.0	1	0.228	0.959
19	CCCCCC(=Cc1cc(C)c(C)cc1C(C)(C)NC(=O)c1cc(C(=O)c3cc(Cl)cc(Cl)c3)ccc2)ccc1	0.0	0	0.0	0.0
19	CN(C)C(=O)C(C)(C)c1ccc(S(=O)(=O)Nc2ccc(Cl)cc2C(=O)c2ncccc2)cc1	1.0	0	0.106	0.953
19	CC(=O)C1=C(O)C(=O)N(c2cc(F)c(C)cc2)C1C1CCCCC1	1.0	1	0.306	0.908
19	N#Cc1cccn1CCC(NS(=O)(=O)c1cc(-c2ccccc2)ccc1)C	1.0	0	0.08	0.916
19	CCC(=O)C1=C(O)C(=O)N(c2ccc(O)cc2)C1C1CCCCC1	1.0	1	0.251	0.898
19	CCOC(=O)N1CCC(NS(=O)(=O)c2ccc(NCCCc3ccccc3)c(C#N)c2)CC1	1.0	0	0.06	0.963
19	Cc1c(C(=O)c2cc(Cl)ccc2NS(=O)(=O)c2ccc(Cl)cc2)cccn1	1.0	0	0.141	0.979
19	COc1ccc(Cn2nc(NS(=O)(=O)c3ccc(Cl)s3)c3ccccc32)cc1	1.0	0	0.108	0.97
19	COc1nc(Br)cnc1NS(=O)(=O)c1ccc(Cl)cc1	1.0	0	0.19	0.968
19	CCc1nc2nc(N)nn2c(O)c1Cc1cccc(Cl)c1	1.0	1	0.308	0.935
19	Cc1nccc(CN2C(=O)c3c(C2=O)c(NS(=O)(=O)c2ccc(C(C)(C)C)cc2)ccc3Cl)c1	1.0	0	0.113	0.944
19	O=C(NCCc1ccccc1)c1cccc(NS(=O)(=O)c2cccc(C(F)(F)F)c2)c1	1.0	0	0.087	0.983
19	COc1c(C)nc(NS(=O)(=O)c2cccc(Cl)c2)cc1	1.0	0	0.063	0.98
19	O=C(c1ccncc1)c1cc(Cl)ccc1NS(=O)(=O)c1ccc(Cl)cc1	1.0	0	0.158	0.983
19	O=C(NCCCCNC(=O)c1cc(OCc2ccccc2)ccc1)c1ccccc1	1.0	0	0.065	0.989
19	CC(=O)c1ccc(NC(=O)C=Cc2ccc(S(=O)(=O)NCCN3CCCCC3)cc2)cc1	1.0	0	0.049	0.975
19	Cc1[n+]([O-])cc(C(=O)c2cc(Cl)ccc2NS(=O)(=O)c2ccc(C(C)(C)C)cc2)cc1	1.0	0	0.142	0.948
19	Cc1ncc(C(=O)c2cc(Cl)ccc2NS(=O)(=O)c2ccc(OC(C)C)c(C)c2)cc1	1.0	0	0.162	0.969
19	Cc1ccnc(SCC(=O)Nc2cc(C(F)(F)F)ccc2N2CCCC2)c1C	1.0	0	0.13	0.962
19	Nc1nn2c(O)c(Cc3ccc(Cl)cc3)c(C3CC3)nc2n1	1.0	1	0.227	0.93
19	O=C(CN(C(=O)c1ccccc1)c1ccccc1)Nc1ccccc1C(=O)c1ccc(Cl)cc1	1.0	0	0.132	0.982
19	CCCCCc1ccc(NS(=O)(=O)c2ccc(Cl)cc2)cc1	1.0	0	0.114	0.991
19	COc1nc(Br)cnc1NS(=O)(=O)c1ccccc1Cl	1.0	0	0.189	0.963
19	COc1nc(Br)cnc1NS(=O)(=O)c1c(Cl)cccc1Cl	1.0	1	0.231	0.949
19	Cc1ncc(C(=O)c2cc(Cl)ccc2NS(=O)(=O)c2cc(F)c(C(F)(F)F)cc2)c(O)c1	1.0	0	0.122	0.943
19	C=CCOc1c(Cl)cc(Cl)cc1C(=O)NO	1.0	0	0.06	0.961
19	COc1cc2c(cc1NS(=O)(=O)c1c(Cl)c(Cl)ccc2s1)NO	1.0	0	0.071	0.06
19	COc1c(C)nc(NS(=O)(=O)c2ccc(Cl)cc2)cc1C	1.0	0	0.19	0.977
19	CCC(=O)c1ccc(C(=O)c2ccncc2)cc1	1.0	0	0.077	0.988
19	CC(C)c1nc2nc(N)nn2c(O)c1Cc1cc(Br)ccc1	1.0	0	0.134	0.921
19	COc1ccc(NS(=O)(=O)c2ccc(Cl)cc2)cc1N	1.0	0	0.093	0.989
19	Cc1ncc(C(=O)c2cc(Cl)ccc2NS(=O)(=O)c2ccc(Cl)cc2)cc1	1.0	1	0.229	0.98
19	COc1nn(C)c2c1c(NS(=O)(=O)c1cccc(Cl)c1)nn2Cc1cccc(C(N)=O)c1	1.0	0	0.116	0.925
19	CC(C)(C)c1ccc(S(=O)(=O)Nc2ccc(Cl)cc2-c2c(N)ccc(N3CCOCC3)c2)cc1	1.0	0	0.142	0.959
19	O=C(NC1CCN(Cc2ccc3cc(F)ccc3c2)CC1)c1ccc(Cl)cc1N	1.0	0	0.077	0.977
19	COc1nc(Cl)cnc1NS(=O)(=O)c1csc2ccc(Cl)cc12	1.0	0	0.158	0.927
19	CC1CCN(Cc2nc(N)nc(Nc3ccc(Br)cc3)n2)CC1	1.0	0	0.103	0.972
19	O=C(O)c1c(Oc2cccc(F)c2NS(=O)(=O)c2ccc(Cl)cc2)cccc1	1.0	1	0.213	0.979
19	O=S(=O)(Nc1cc(F)c(F)cc1C1CC1)C1(CCc1ccccc1)c1ccccc1	0.0	0	0.0	0.0
19	CCCc1c(Oc2ccc(S(=O)(=O)Nc3ccc(Cl)cc3C(=O)c3ccccc3)cc2)cccc1	1.0	0	0.106	0.977
19	CC(=O)C1=C(O)C(=O)N(c2ccc(C)cc2)C1c1ccccc1Cl	1.0	1	0.338	0.953
19	N#Cc1cccc(C(=O)Nc2ccc(Br)cc2C(=O)c2ccc(CC(=O)N(C)C)cc2)c1	1.0	1	0.201	0.973
19	O=C(Nc1ccc(S(=O)(=O)Nc2ccc(Cl)cc2)cc1)c1cccnc1	1.0	0	0.082	0.989
19	CCCCc1nc2nc(N)nn2c(O)c1Cc1ccccc1Cl	1.0	1	0.233	0.934
19	CCOC(=O)N1CCC(NS(=O)(=O)c2ccc(NCc3ccccc3)c3ccccc23)CC1	1.0	0	0.141	0.972
19	CC(C)(C)c1ccc(S(=O)(=O)Nc2cc(F)c(F)cc2C(=O)c2ccncc2)cc1	1.0	0	0.155	0.969
19	O=C(O)c1c(Oc2ccc(Cl)cc2NS(=O)(=O)c2ccc(Cl)cc2)cccc1	1.0	0	0.138	0.984
19	CC(C)(C)c1ccc(S(=O)(=O)Nc2ccc(Cl)cc2C(=O)c2ccncc2)cc1	1.0	0	0.125	0.977
19	O=C(NCCN1CCCC1)c1ccc(S(=O)(=O)Nc2nncs2)cc1	1.0	0	0.081	0.973
19	O=C(c1ccncc1)c1cc(Cl)ccc1NS(=O)(=O)c1ccc(Cl)cc1	1.0	0	0.158	0.983
19	CC(C)(C)c1ccc(S(=O)(=O)Nc2ccc(Cl)cc2C(=O)c2ccncc2)cc1	1.0	0	0.125	0.977
19	CNS(=O)(=O)c1cc(F)c(N2C(=O)c3c(C2=O)c(NS(=O)(=O)c2cccc(C(C)(C)C)c2)c(Cl)cc3)ccc1	0.0	0	0.0	0.0
19	Cc1ccc(N2C(=O)C(O)=C(C(=O)C3CC3)C2C2CCCCC2)cc1	1.0	1	0.31	0.914
19	N#Cc1ccc(NS(=O)(=O)c2ccc(Br)cc2)nc1	1.0	0	0.121	0.98
19	Cn1cc(-c2cc(F)cc(N3CCN(C)CC3)c2)ccc1	0.0	0	0.0	0.0
19	Cc1ccc(N2C(=O)C(O)=C(C(=O)c3ccccc3)C2C2CCCCC2)cc1	1.0	1	0.322	0.933
19	CC(C)(C)c1ccc(S(=O)(=O)Nc2cc(Cl)c(F)cc2Cl)cc1	1.0	0	0.193	0.981
19	COc1ccc(NS(=O)(=O)c2cc(C(=O)Oc3ccc(C(C)(C)C)cc3)ccc2)cc1	1.0	1	0.227	0.983
19	CCC(=O)Nc1ccc(S(=O)(=O)Nc2ccc(Cl)c(C(=O)c3ccncc3)c2)cc1	1.0	0	0.098	0.978
19	CCCCCCCc1nc2nc(N)nn2c(O)c1Cc1ccccc1	1.0	0	0.108	0.949
19	CCCCCCc1nc2nc(N)nn2c(O)c1Cc1cccc(Cl)c1	1.0	0	0.178	0.937
19	CCCC(=O)C1=C(O)C(=O)N(c2ccc(OC)cc2)C1C1CCCCC1	1.0	1	0.303	0.912
19	O=C(NCC(=O)NCCCN(CCCN)CC(=O)N1CCCCC1)c1ccccc1	1.0	0	0.065	0.973
19	CCc1c[n+](Cc2ccc(C=CC(=O)CC(=O)c3ccccc3)c(C)cc2)ccc1	0.0	0	0.0	0.0
20	O=C(NCCN1CCNCC1)c1ccc(Oc2ncc(Cl)cc2NS(=O)(=O)c2ccc(Cl)c(Cl)c2)cc1	1.0	0	0.005	0.95
20	Cc1c(C(=O)OC(C)(C)C)c(-c2ccc(CO)cc2)cc1)c1csc(-c2ccccc2)c1	0.0	0	0.0	0.0
20	O=C(O)c1ccccc1Oc1ccc(Cl)cc1NS(=O)(=O)c1ccc(Cl)cc1	1.0	0	0.138	0.984
20	O=C(c1ccncc1)c1cc(Cl)ccc1NS(=O)(=O)c1ccc(OC(F)(F)F)cc1	1.0	0	0.118	0.973
20	O=C(Nc1ccc(S(=O)(=O)N(CCCN=C(N)N)CC(O)c2ccc(C(F)(F)F)cc2)cc1)c1ccccc1	1.0	0	0.005	0.887
20	Cc1ccccc1Sc1c(C(=O)Sc2ncccn2)ncc2ccc(Cl)cc12	1.0	0	0.191	0.919
20	CC1CCc2c(c(O)ncc2OC(=O)c2ccccc2)C1	1.0	0	0.125	0.902
20	CCC(=O)C1=C(O)C(=O)N(c2ccc(C)cc2)C1C1CCCCC1	1.0	1	0.318	0.913
20	CCc1nc(Br)cnc1NS(=O)(=O)c1ccc(Cl)cc1	1.0	0	0.121	0.964
20	CCCCC1C(=O)c2ccccc2N(C(=O)c2ccccc2)C1CCC	1.0	0	0.106	0.867
20	CC(C)(C)c1cc(O)c2nc(N3CCC(O)CC3)ncc2c1	1.0	0	0.113	0.944
20	O=C(Nc1ccc(S(=O)(=O)N2CCCCC2)cc1)N1CCc1ccccc1	0.0	0	0.0	0.0
20	CCC(CC)(Cc1ccc(C(=O)NO)cc1)c1ccc(Cl)c(OCC(C)(C)C)c1	1.0	0	0.081	0.936
20	CC(=O)C1=C(O)C(=O)N(c2ccc(Br)cc2F)C1C1CCCCC1	1.0	1	0.407	0.892
20	CCC(=O)N1CCC(NS(=O)(=O)c2ccc(NC(=O)c3cccnc3C)c3ccccc23)CC1	1.0	0	0.126	0.961
20	Cn1nnn1CC(=O)c1ccc(Cl)c(Cl)c1	1.0	1	0.231	0.906
20	Cc1cc(C(=O)c2cc(Cl)ccc2NS(=O)(=O)c2ccc(-c3ncco3)cc2)ccn1	1.0	0	0.108	0.957
20	Cc1ccc(NC(=O)Nc2ccc3ccccc3c2)cc1	1.0	0	0.089	0.993
20	Cc1cc(C(=O)c2cc(Cl)ccc2NS(=O)(=O)c2ccc(-c3ccc(F)cc3O)cc2)ccn1	1.0	0	0.152	0.962
20	CC(=O)C1=C(O)C(=O)N1c2c(c(C)nc[n+]2[O-])C1C1CCCC1	0.0	0	0.0	0.0
20	Cc1ncc(C(=O)c2cc(Cl)ccc2NS(=O)(=O)c2ccc(S(C)(=O)=O)cc2)cc1	1.0	0	0.176	0.974
20	CC(=O)C1=C(O)C(=O)N(c2ccc(C)cc2)C1c1ccc(C)cc1	1.0	1	0.345	0.959
20	CC(C)(c1ccc(S(=O)(=O)Nc2c(Cl)cccc2C(=O)c2ccccc2)cc1	0.0	0	0.0	0.0
20	CC(=O)C1=C(O)C(=O)N(c2ccc(F)cc2)C1C1CCCCC1	1.0	1	0.287	0.926
20	O=C(O)c1c(Oc2ccccc2NS(=O)(=O)c2ccc(Cl)c(Cl)c2)cccc1	1.0	0	0.125	0.983
20	Nc1nn2c(O)c(Cc3cccc(Cl)c3)c(CCc3ccccc3)nc2n1	1.0	1	0.514	0.95
20	CC(=O)c1ccc(S(=O)(=O)Nc2ccc(Cl)cc2C(=O)c2ccncc2)cc1	1.0	0	0.107	0.98
20	COc1nc(Cl)cnc1NS(=O)(=O)c1ccccc1	1.0	0	0.182	0.974
20	CC(=O)C1=C(O)C(=O)N(c2ccc(C(F)(F)F)cc2)C1C1CCCCCC1	1.0	1	0.361	0.906
20	CC1CCN(C(=O)C(c2ccccc2)c2ccccc2[N+](=O)[O-])CC1	1.0	0	0.124	0.944
20	COc1ccc(S(=O)(=O)Nc2ccc(Br)cc2C(=O)c2ccncc2)cc1	1.0	0	0.106	0.981
20	O=C(Nc1nccs1)c1cc(Cl)c(Cl)cc1NSc1cccc(Cl)c1	1.0	0	0.091	0.939
20	N#Cc1cc(Oc2ccc(Cl)cc2NS(=O)(=O)c2ccc(Cl)c(C(F)(F)F)c2)ccc1	1.0	0	0.118	0.967
20	O=C(c1cnccc1)c1cc(Cl)ccc1NS(=O)(=O)c1ccc(Br)cc1	1.0	0	0.157	0.981
20	Cc1cccc(Cn2nc(NS(=O)(=O)c3ccc(Cl)s3)nc2S)c1	1.0	0	0.089	0.926
20	CC(=O)C1=C(O)C(=O)N(c2ccc(Cl)cc2)C1c1ccc(Cl)cc1	1.0	1	0.428	0.956
20	O=C(NC(=S)Nc1ccc(S(=O)(=O)NC2CCNCC2)cc1)c1ccc(Cl)cc1	1.0	0	0.056	0.974
20	CC(=O)C1=C(O)C(=O)N(c2ccc(C)cc2)C1c1cc(Br)ccc1	1.0	1	0.336	0.948
20	CCC(=O)C1=C(O)C(=O)N(c2cc(C)c(C)cc2O)C1C1CCCCC1	1.0	1	0.254	0.843
20	CCC(CC)c1ccc(S(=O)(=O)Nc2ccc(Cl)cc2C(=O)c2ccncc2)cc1	1.0	0	0.079	0.969
20	COC1COC(=O)CC(O)C(OC2OC(C=O)CC(=O)C2=NC2CCCCC2)C1OC	1.0	0	0.128	0.126
20	O=C(C1CC1)c1ccccc1Oc1ccc(Cl)cc1OCc1ccc(Cl)cc1	1.0	0	0.102	0.982
20	COc1nc(Cl)cnc1NS(=O)(=O)c1ccccc11	0.0	0	0.0	0.0
20	O=C(c1ccncc1)c1cc(Cl)ccc1NS(=O)(=O)c1ccc(-c2ccccc2)cc1	1.0	0	0.145	0.981
20	CC(=O)c1ccc(S(=O)(=O)Nc2ccc(Cl)cc2C(=O)c2ccncc2)cc1	1.0	0	0.107	0.98
20	O=C(Nc1ccc(S(=O)(=O)NC(Cc2ccccc2)C(=O)O)cc1)c1ccc(F)cc1	1.0	0	0.159	0.969
20	CC(=O)C1=C(O)C(=O)N(c2cc(C)c(Cl)cc2)C1C1CCCCC1	1.0	1	0.397	0.907
20	N#Cc1cc(S(=O)(=O)Nc2ccc(Cl)cc2)ccc1	1.0	0	0.169	0.989
20	COc1ccccc1Cn1nc(NS(=O)(=O)c2ccc(Cl)cc2)cc1	1.0	0	0.195	0.981
20	CC1CCN(C(=O)C(CCn2ccnc2[N+](=O)[O-])NS(=O)(=O)c2cc(Cl)c(N)c(Cl)c2)CC1	1.0	0	0.169	0.794
20	O=C(c1cnc(Cl)cc1)c1cc(Cl)ccc1NS(=O)(=O)c1ccc(Cl)cc1	1.0	1	0.286	0.979
20	Cc1nn2c(O)c(Cc3ccccc3)c(C3CC3)nc2n1	1.0	0	0.142	0.943
20	O=S(=O)(Nc1cc(Cl)ccc1Cn1nnnc1Cc1ccc(Cl)cc1)c1ccccc1	1.0	0	0.134	0.969
20	CC(=O)c1ccc(S(=O)(=O)Nc2ccc(Cl)cc2C(=O)c2c[n+]([O-])c(=O)oc2)cc1	1.0	0	0.094	0.922
20	COc1ccccc1Cc1c(S(=O)(=O)n2cncn2)cccc1C(O)c1cccc(F)c1	1.0	0	0.101	0.841
20	CC(C)(C)c1ccc(S(=O)(=O)Nc2ccc(Cl)cc2-c2c(O)cncn2)cc1	1.0	0	0.162	0.958
20	CCC(=O)c1ccc(OCc2ccc(C(=O)Nc3ccc(S(N)(=O)=O)cc3)cc2)cc1	1.0	0	0.059	0.985
20	CC(=O)C1=C(O)C(=O)N(c2cc(C)ccc2)C1C1CCCCC1	1.0	1	0.232	0.922
20	CC(=O)C1=C(O)C(=O)N(c2cc(C)c(C)cc2)C1C1CCCCC1	1.0	1	0.311	0.916
20	Nc1nc2c(-c3ccccc3)nn(-c3ccc(Cl)cc3)c2[nH]1	1.0	0	0.125	0.966
20	CCNc1c(-c2ccc(Cl)cc2)c(N2CCOCC2)nc2c1ccc1ccccc12	1.0	1	0.22	0.96
20	Cn1nnnc1Cc1nccn1-c1ccc(Cl)cc1NS(=O)(=O)c1ccc(Cl)cc1	1.0	0	0.113	0.936
20	C=CCN(C(=O)Nc1ccc(F)cc1C)C1CCC(C(=O)O)(C(=O)O)CC1	1.0	0	0.122	0.925
20	COc1c(Cc2cc(C(=O)O)c(OC)c(OC)c2)ccc(C(=O)c2ccc(Cl)cc2)c1	1.0	0	0.112	0.975
20	Cc1cccc(CSc2nc(N)nc(N)n2)n1	1.0	0	0.1	0.958
20	O=S1(=O)NC(Nc2cc(Br)ccc2)Nc2ccccc21	1.0	0	0.076	0.835
20	COc1ccc(S(=O)(=O)Nc2ccc(Cl)cc2C(=O)c2ncccc2)cc1	1.0	0	0.149	0.982
20	O=S(=O)(Nc1cc(Cl)c(Cl)cc1Cn1ccnn1)O	1.0	0	0.075	0.922
20	COc1cccc2c1c(C(=O)O)nn2Cc1ccc(Cl)cc1	1.0	1	0.297	0.98
20	Cc1cc(C(=O)c2cc(Cl)ccc2NS(=O)(=O)c2ccc(OC(C)C)cc2)ccn1	1.0	0	0.184	0.972
20	O=S(=O)(Nc1cc(Cl)ccc1Cn1nnc1ccccc1)c1ccc(Cl)cc1	0.0	0	0.0	0.0
20	COc1cc(C(=O)NCCN2CCCCC2)cc(OC)c1OC(Br)(F)C1=O	0.0	0	0.0	0.0
20	CCCCCc1ccc(C(=O)N(Cc2cccc3c2ccccc3)c2ccccc2)cc1	0.0	0	0.0	0.0
20	O=C(CN1CCCC1)S(=O)(=O)c1ccccc1	1.0	0	0.079	0.975
20	CS(=O)(=O)c1ccc(S(=O)(=O)Nc2ccc(Cl)cc2-c2cccc(C(F)(F)F)c2)cc1	1.0	0	0.1	0.975
20	O=C(c1cnccc1)c1cc(Cl)ccc1NS(=O)(=O)c1ccc(Cl)cc1	1.0	0	0.163	0.983
20	CCCCOc1ccc(C(=O)Nc2ccc(N(C)C)cc2)cc1	1.0	0	0.072	0.991
20	CC(C)(C)c1ccc(S(=O)(=O)Nc2ccc(Cl)cc2-c2c(O)cncn2)cc1	1.0	0	0.162	0.958
20	CC(=O)C1=C(O)C(=O)N(c2cc(C)ccc2)C1C1CCCCC1	1.0	1	0.232	0.922
20	COc1ccc(Cc2c(O)n3nnncc3n2)cc1OC(	0.0	0	0.0	0.0
20	CC(=O)C1=C(O)C(=O)N(c2ccc(C(F)(F)F)cc2)C1C1CCCCCC1	1.0	1	0.361	0.906
20	O=[N+]([O-])c1cc(Oc2ccc(Cl)cc2NS(=O)(=O)c2ccc(Cl)s2)ccc1	1.0	0	0.126	0.97
20	CCCC(=O)N1CCC(NS(=O)(=O)c2ccc(NC(=O)c3cc[n+]([O-])cc3)c3ccccc23)CC1	1.0	0	0.11	0.942
20	CCCC(=O)N1CCC(NS(=O)(=O)c2ccc(NC(=O)c3ccccc3)c3c2cccc3)CC1	1.0	0	0.128	0.974
20	Cn1nncc1C(=O)Nc1ccc(Cl)cc1C(=O)c1ccccc1	1.0	0	0.172	0.972
20	O=C(Nc1ccc(S(=O)(=O)Nc2ccc(F)cc2)cc1)c1cccnc1	1.0	0	0.081	0.988
20	CC(C)(N)c1ccc(Cl)cc1Oc1ccc(Cl)cc1NS(=O)(=O)c1ccc(Cl)cc1	1.0	0	0.124	0.966
20	CCC(=O)C1=C(O)C(=O)N(c2ccc(C(F)(F)F)cc2)C1C1CCCCC1	1.0	1	0.35	0.888
20	COc1ncc(CN2C(=O)c3c(C2=O)c(NS(=O)(=O)c2ccc(C(C)(C)C)cc2)ccc3Cl)cc1	1.0	0	0.109	0.945
20	CS(=O)(=O)c1ccc(S(=O)(=O)Nc2ccc(Cl)cc2C(=O)c2ccncc2)cc1	1.0	0	0.106	0.977
20	CCOC(=O)N1CCC(NS(=O)(=O)c2ccc(OC(=O)c3ccc(C)cc3)c3c2cccc3)CC1	1.0	0	0.144	0.968
20	Nc1nn2c(O)c(Cc3cccc(Cl)c3)c(-c3ccccc3)nc2n1	1.0	1	0.596	0.957
20	Nc1nn2c(O)c(Cc3ccccc3Cl)c(C3CC3)nc2n1	1.0	1	0.332	0.921
20	Cc1ccccc1NS(=O)(=O)c1ccc(C(C)(C)C)cc1	1.0	0	0.099	0.99
20	CCCC(=O)N1CCC(NS(=O)(=O)c2ccc(NC(=O)C3COc4ccccc43)c3c2cccc3)CC1	1.0	0	0.005	0.88
20	CC(=O)c1ccc(N2CCN(c3ccc(S(=O)(=O)NC(C)(C)C)cc3)CC2)cc1	1.0	0	0.078	0.98
20	CC1(c2ccc(S(=O)(=O)Nc3ccc(Cl)cc3-c3ccccc3)cc2)[NH+]3ccccc2O1	0.0	0	0.0	0.0
20	Cn1ncc2c1ncnc2NS(=O)(=O)c1c(Cl)c(Cl)ccc1	1.0	0	0.143	0.962
20	O=C(c1cccnc1)c1cc(Cl)ccc1NS(=O)(=O)c1ccc(C(F)(F)F)cc1	1.0	0	0.104	0.976
20	Cc1c(-c2nc(Cc3ccccc3)nn2-c2ccc(C)cc2)cc(C)c1O	0.0	0	0.0	0.0
21	Cc1cc(C(=O)c2cc(Cl)ccc2NS(=O)(=O)c2ccc(OC(C)C)cc2)ccn1	1.0	0	0.184	0.972
21	CC(C)(C)c1ccc(S(=O)(=O)Nc2ccc(Cl)cc2C(=O)c2ccc(Cl)nc2)c(C(F)(F)F)c1	1.0	1	0.219	0.949
21	CSc1nc(NS(=O)(=O)c2ccc(OC(=O)N3CCCC3)cc2)c(C)n1	0.0	0	0.0	0.0
21	COc1cc(-c2cc(Cl)ccc2NS(=O)(=O)c2ccc(C(C)(C)C)cc2)ncc1	1.0	0	0.162	0.974
21	O=S1(=O)NC(Nc2cc(Br)ccc2)=Nc2c1cc(Cl)cc2O	1.0	0	0.09	0.863
21	Cc1ncc(C(=O)c2cc(Cl)ccc2NS(=O)(=O)c2ccc(S(C)(=O)=O)cc2)cc1	1.0	0	0.176	0.974
21	CC(C)(C)c1ccc(S(=O)(=O)Nc2ccc(Cl)cc2-c2c(O)cccn2)cc1	1.0	0	0.148	0.97
21	CC1CCC(NS(=O)(=O)c2ccc(NC(=O)c3ccc(C(F)(F)F)cc3)cc2)CC1	1.0	0	0.081	0.979
21	O=C(O)c1cc(Cl)ccc1NS(=O)(=O)c1ccc(C(F)(F)F)cc1	1.0	0	0.103	0.984
21	COc1c(Oc2ccc(Cl)cc2C(=O)c2ccc(C(F)(F)F)cc2)cccc1	1.0	0	0.182	0.984
21	COc1cc(Cc2c(-c3ccc(C(=O)O)cc3)cccc2)ccc1	1.0	0	0.132	0.99
21	CCOC(=O)N1CCC(NS(=O)(=O)c2ccc(OC(=O)N(C)C)cc2)CC1	1.0	0	0.069	0.972
21	Cn1nccc1C(=O)NC1CCN(Cc2ccccc2)CC1	1.0	0	0.083	0.983
21	N#Cc1ccc(COc2ccc(Cl)cc2C(=O)c2ccc(Cl)cc2)cc1	1.0	1	0.267	0.986
21	CNC(=O)c1c(SCc2ccc(Cl)cc2)n(CCCN)ccc1	0.0	0	0.0	0.0
21	COc1nc2nc(Cl)c(N)cc2ccc1Cl	0.0	0	0.0	0.0
21	COc1nc(Cl)cnc1NS(=O)(=O)c1ccccc1Cl	1.0	0	0.183	0.967
21	O=S(=O)(Nc1ccc(F)cc1F)c1cccc(Cl)c1Cl	1.0	0	0.121	0.984
21	O=C(Nc1cccnc1NS(=O)(=O)c1ccc(F)cc1)c1ccccc1	1.0	0	0.123	0.986
21	CC(=O)c1ccc(S(=O)(=O)Nc2ccc(Cl)cc2C(=O)c2ccncc2)cc1	1.0	0	0.107	0.98
21	O=C(NS(=O)(=O)c1ccccc1)c1ccccc1Oc1ccccc1Cn1ccnc1	1.0	0	0.112	0.973
21	CC(C)Oc1ccc(S(=O)(=O)Nc2ccc(Cl)cc2C(=O)c2ncccc2)cc1	1.0	0	0.106	0.976
21	O=C(c1ccc(S(=O)(=O)NCc2ccc(Cl)cc2)cc1)N1CCCC1	1.0	0	0.054	0.989
21	CCCCc1nc2nc(N)nn2c(C)c1OC((=O)c1ccc(NS(=O)(=O)c2cccc(Cl)c2)cc1	0.0	0	0.0	0.0
21	Cc1c(C(=O)Nc2ccc(S(=O)(=O)NC3CCN(C(=O)c4ccccc4)CC3)c3c2cccc3)cccc1	1.0	0	0.005	0.972
21	CC(C)(C)c1ccc(S(=O)(=O)Nc2cc(F)c(F)cc2C(=O)c2ccncc2)cc1	1.0	0	0.155	0.969
21	Cc1nnnn1Cc1ccc(C(=O)Nc2ccc(CC(=O)O)cc2)cc1	1.0	0	0.067	0.981
21	COc1nc(CO)cnc1NS(=O)(=O)c1ccc(Br)cc1	1.0	0	0.115	0.965
21	CC(C)(C)c1ccc(S(=O)(=O)Nc2ccc(Cl)cc2C(=O)c2ccncc2)cc1	1.0	0	0.125	0.977
21	CCc1ncnc(N2C(CO)C(O)C2(C)C)c1ONC(C)=O)c1ccc(Cl)c(Cl)c1N	0.0	0	0.0	0.0
21	O=C(NS(=O)(=O)c1cccc(C(F)(F)F)c1)c1cccc(C(F)(F)F)c1	1.0	0	0.104	0.979
21	COc1ncccc1C1c2c(C)nn(-c3ccccc3)c2OCCO1Cl	0.0	0	0.0	0.0
21	CN(C)c1ncc(C#N)nc1NS(=O)(=O)c1cccc(Cl)c1Cl	1.0	0	0.063	0.924
21	O=S(=O)(Nc1cc(Cl)c(Cl)cc1Cn1ccnn1)c1cccc2c1cccc2	1.0	0	0.176	0.956
21	COc1c(C)c(CN(C)C)ccc1Oc1ccc(S(=O)(=O)c2ccccc2)cc1	1.0	0	0.096	0.974
21	CC(=O)Nc1ccc(S(=O)(=O)NCCCNS(=O)(=O)c2ccc(C)cc2)cc1	1.0	0	0.077	0.983
21	Cc1c(C(=O)c2cc(Cl)ccc2NS(=O)(=O)c2ccc(C(C)(C)C)cc2)cc[n+]1[O-]	0.0	0	0.0	0.0
21	CC(C)(C)c1ccc(S(=O)(=O)Nc2cc(F)c(F)cc2C(=O)c2ccncc2)cc1	1.0	0	0.155	0.969
21	CNc1nc(-c2nc3ccc(Cl)cc3cc2NS(C)(=O)=O)coc1	0.0	0	0.0	0.0
21	Cc1cccc(NS(=O)(=O)c2ccc(Cl)cc2)n1Nc1cc(OC(C)C)cc(C(F)(F)F)c1	0.0	0	0.0	0.0
21	COc1c(C(=O)Nc2ccc(-c3c(O)c(Cl)ccc3)cc2)cccc1	1.0	0	0.08	0.988
21	CC(C)(CO)c1ccc(S(=O)(=O)Nc2ccc(Cl)cc2C(=O)c2ccncc2)cc1	1.0	0	0.126	0.966
21	CCc1c(OC)c(NS(=O)(=O)c2ccc(C(C)(C)C)cc2)ccc1	1.0	0	0.151	0.981
21	Cc1nc(C(=O)c2cc(Cl)ccc2NS(=O)(=O)c2ccc(-c3cnco3)cc2)ccc1	1.0	0	0.137	0.957
21	CC(=O)C1=C(O)C(=O)N(c2ccc(C)cc2)C1c1ccccc1C	1.0	1	0.344	0.954
21	CNS(=O)(=O)c1ccc(CNC(=O)c2ccc(Cc3ccccc3)cc2)cc1	1.0	0	0.067	0.988
21	Cc1c(N(Cc2ccc(C(C)(C)C)cc2)c2ccccc2)ccc(-c2cnc(C(=O)NCCO)cc2)c1	1.0	0	0.005	0.954
21	N#Cc1cc(NS(=O)(=O)c2ccc(Cl)cc2)ccc1	1.0	0	0.078	0.989
21	Cc1nc(C)c(N2C(=O)c3c(C2=O)c(NS(=O)(=O)c2ccc(C(C)(C)CO)cc2)ccc3Cl)cc1	1.0	0	0.137	0.913
21	CCOc1c(OC)cc(C=NNc2c([N+](=O)[O-])cc(S(=O)(=O)O)cc2)cc1	1.0	0	0.066	0.969
21	O=S(=O)(Nc1cc(Cl)ccc1Cn1ccnn1)c1ccccc1	1.0	0	0.171	0.973
21	O=S1(=O)NC(Nc2ccc(I)cc2)=Nc2c1cc(Cl)cc2O	1.0	0	0.154	0.847
21	Cc1ccccc1C(=O)c1cc(Cl)ccn1NS(=O)(=O)c1ccccc1	0.0	0	0.0	0.0
21	O=C(NCCN1CCCC1)c1cc(OCc2ccc(Cl)cc2)ccc1	1.0	0	0.104	0.989
21	Cc1cc(C(=O)c2cc(Cl)ccc2NS(=O)(=O)c2ccc(C(C)(C)C)cc2)ncc1	1.0	0	0.141	0.97
21	O=S(=O)(Nc1cc(Cl)c(Cl)cc1Cn1ccnn1)c1cccc2cn(Cc3ccccc3)c(O)c12	1.0	0	0.175	0.895
21	CC(C)(C)c1ccc(S(=O)(=O)Nc2ccc(Cl)cc2C(=O)c2ccnc(C)c2Cl)cc1	1.0	0	0.168	0.961
21	COc1nc(Br)cnc1NS(=O)(=O)c1ccc(Cl)cc1	1.0	0	0.19	0.968
21	CC(=O)C1=C(O)C(=O)N(c2cc(C)ccc2)C1c1ccc(CC)cc1	1.0	1	0.265	0.951
21	O=C(Nc1ccc(S(=O)(=O)NC2c3ccccc3CC2N2CCCC2)cc1)	1.0	0	0.122	0.839
21	CC(C)c1nc2nc(N)nn2c(O)c1Cc1cc(Br)c(Cl)cc1	1.0	1	0.212	0.899
21	CCc1c(Sc2ccc(C(=O)Nc3ccccc3C(=O)O)cc2)cccc1	1.0	0	0.103	0.985
21	COc1c2c(NS(=O)(=O)c3ccc(Cl)s3)nn(Cc3cc(OC)c(OC)cc3)c2ccc1	1.0	0	0.151	0.955
21	COc1nc(Cl)cnc1NS(=O)(=O)c1cc(Cl)c(Cl)cc1	1.0	0	0.125	0.964
21	CC(=O)C1=C(O)C(=O)N(c2ccc(Br)cc2)C1C1CCCCC1	1.0	1	0.407	0.919
21	CCCCN1CCC(NS(=O)(=O)c2ccc(OCc3ccccc3)cc2)CC1	1.0	0	0.067	0.985
21	CCCCc1nc2nc(N)nn2c(O)c1Cc1cccc(Cl)c1	1.0	1	0.309	0.935
21	CC(=O)C1=C(O)C(=O)N(c2cc(C)ccc2)C1C1CCCCC1	1.0	1	0.232	0.922
21	CCC(=O)C1=C(O)C(=O)N(c2ccc(C)cc2)C1c1ccc(CC)cc1	1.0	1	0.351	0.944
21	N#Cc1cccn1	0.0	0	0.0	0.0
21	CC(C)(C)c1ccc(S(=O)(=O)Nc2ccc(Br)cc2C(=O)c2ccncc2)cc1	1.0	0	0.125	0.975
21	CC(C)(C)c1ccc(S(=O)(=O)Nc2ccc(Cl)cc2-c2c(CN)cccn2)cc1	1.0	0	0.154	0.967
21	COc1c2c(NS(=O)(=O)c3ccc(Cl)s3)nn(Cc3cc(CC(C)(C)C)ccc3)c2ccc1	1.0	0	0.139	0.936
21	COc1ccc(C(=O)Nc2ccc(NS(=O)(=O)c3ccc(C#N)cc3)cc2)cc1	1.0	0	0.072	0.987
21	Cc1[n+]([O-])cc(C(=O)c2cc(Cl)ccc2NS(=O)(=O)c2ccc(OC(C)C)cc2)cc1	1.0	0	0.134	0.949
21	CC(C)(C)c1ccc(S(=O)(=O)Nc2ccc(Cl)cc2-c2c(O)c(CN)ccn2)cc1	1.0	0	0.173	0.949
21	O=C(Nc1ccc(OC(=O)c2cccc(Cl)c2)c(C(F)(F)F)c1)NN	1.0	0	0.105	0.974
21	Cc1cc(Nc2cc(Oc2ccc(Cl)cc2NS(=O)(=O)c2ccc(C(C)(C)c3ncco3)cc2)ccc2O)ccc1	1.0	0	0.005	0.291
21	CCC(=O)NCc1cccc(-c2cc(Cl)c(C)cc2)c1N	1.0	0	0.111	0.978
21	O=C(c1ccncc1)c1cc(Cl)ccc1NS(=O)(=O)c1ccc(I)cc1	1.0	0	0.102	0.977
21	CC(=O)C1=C(O)C(=O)N(c2ccc(C(F)(F)F)cc2)C1C1CCCCC1	1.0	1	0.338	0.907
21	CC(=O)C1=C(O)C(=O)N(c2cc(F)c(Cl)cc2)C1C1CCCCC1	1.0	1	0.39	0.901
21	Cc1c(CC(=O)O)cccc1Oc1ccc(Cl)cc1C1C(=O)c1cc(Cl)c(S(=O)(=O)Nc2ccc(Cl)cc2)cc1	0.0	0	0.0	0.0
21	CCc1ccc(S(=O)(=O)Nc2ccc(Cl)cc2-c2ccc(C)nc2)cc1	1.0	0	0.103	0.981
21	Cc1cc(C(=O)c2cc(Cl)ccc2NS(=O)(=O)c2ccc(C(C)(C)C)cc2)ccn1	1.0	1	0.209	0.972
21	CCc1nc(Br)cnc1NS(=O)(=O)c1ccc(Cl)c(Cl)c1	1.0	0	0.137	0.955
21	CC(C)(CO)C(=O)N1CCC(N2CC(CO)C(O)C(O)C2)CC1	1.0	0	0.07	0.618
21	COCC(=O)N1CCC(NS(=O)(=O)c2ccc(NC(=O)c3ccccc3)c3c2cccc3)CC1	1.0	0	0.144	0.973
21	CN(C)c1ccc(N2C(=O)c3c(C2=O)c(NS(=O)(=O)c2ccc(C(C)(C)C)cc2)ccc3#Cc2ccccc2)cc1	0.0	0	0.0	0.0
21	COc1nn(-c2ccc(C(=O)O)cc2)cc1Cn1c(O)cc(C)c1Nc1cc(CCCF)ccc1	1.0	0	0.181	0.885
21	CCC(CC)Cc1nc2nc(N)nn2c(O)c1Cc1cccc(Cl)c1	1.0	1	0.325	0.905
21	O=C(c1ccncc1)c1cc(Cl)ccc1NS(=O)(=O)c1ccc(N2C=OCC2)cc1	0.0	0	0.0	0.0
21	CCC(CC)Nc1ccc(S(=O)(=O)NC(C)(C)CO)cc1	1.0	0	0.071	0.966
21	COc1ccc(S(=O)(=O)Nc2ccc(Cl)cc2C(=O)Nc2cccnc2)cc1	1.0	0	0.084	0.984
21	Cc1c(C(=O)Nc2cc(Cl)ccc2NS(=O)(=O)c2ccc(Cl)cc2)cccc1	1.0	0	0.114	0.986
21	O=C(c1ccncc1)c1cc(Cl)ccc1NS(=O)(=O)c1ccc(OC(F)(F)F)cc1	1.0	0	0.118	0.973
21	COc1ncc(Cl)nc1NS(=O)(=O)c1cccc(Cl)c1Cl	1.0	0	0.099	0.955
21	COc1ccc(C2C(C(C)=O)=C(O)C(=O)NC2c2ccc(Cl)cc2)cc1	1.0	0	0.158	0.86
21	CC(C)(C)Oc1ccc(C(=O)Nc2ccc(S(=O)(=O)N3CCCCC3)cc2)cc1	1.0	0	0.076	0.984
21	N#Cc1c(SCc2sc(-c3ccc(CNC(=O)NCc4ccccc4)cc3)nc3c2cccc3)ccc1	0.0	0	0.0	0.0
22	CC(C)(C)c1ccc(S(=O)(=O)Nc2ccc(F)cc2C(=O)c2ccncc2)cc1	1.0	0	0.144	0.976
22	CCCC(=O)N1CCC(NS(=O)(=O)c2ccc(NC(=O)c3c(F)cccc3)c3c2cccc3)CC1	1.0	0	0.149	0.968
22	COc1ccc(S(=O)(=O)Nc2ccc(Cl)cc2C(=O)c2ccncc2)cc1	1.0	0	0.08	0.983
22	CC(=O)C1=C(O)C(=O)N(c2cc(F)c(C(F)(F)F)cc2)C1C1CCCCC1	1.0	1	0.254	0.871
22	CCCC(=O)N1CCC(NS(=O)(=O)c2ccc(NC(=O)c3ccccc3C)c3c2cccc3)CC1	1.0	0	0.136	0.969
22	CCC(=O)C1=C(O)C(=O)N(c2ccc(C)cc2)C1C1CCCCC1	1.0	1	0.318	0.913
22	CC(=O)NC(=O)COc1ccccc1NS(=O)(=O)c1ccc(Cl)cc1	1.0	0	0.091	0.985
22	COc1cc(-c2cc(Cl)ccc2NS(=O)(=O)c2ccc(CCC(=O)OC(C)C)cc2)ccc1	1.0	0	0.114	0.975
22	CCC(=O)c1ccc(N2CCCCS2(=O)c2cccc(Br)c2)cc1	1.0	0	0.005	0.734
22	CC(=O)C1=C(O)C(=O)N(c2cc(C)ccc2)C1c1ccccc1	1.0	1	0.261	0.959
22	O=C(c1cnccc1)c1cc(Cl)ccc1NS(=O)(=O)c1ccc(C(F)(F)F)cc1	1.0	0	0.104	0.976
22	Cc1ccc(-c2nn(-c3c(C)cccc3)c[n+]2C(=O)c2ccccc2)cc1	1.0	0	0.157	0.943
22	CC(C)(C)c1ccc(S(=O)(=O)Nc2ccc(Cl)cc2C(=O)c2cccnc2)cc1	1.0	0	0.122	0.977
22	O=C(O)c1c(Oc2cccc(Cl)c2NS(=O)(=O)c2ccc(Cl)c(Cl)c2)cccc1	1.0	0	0.079	0.974
22	Cc1cccc(C(=O)c2cc(Cl)ccc2NS(=O)(=O)c2ccc(CCC(=O)C(=O)O)cc2)c1	1.0	0	0.103	0.97
22	C=CCOc1c(OC)cc(C=NNc2c([N+](=O)[O-])cc(S(=O)(=O)O)cc2)cc1	1.0	0	0.057	0.957
22	O=C(c1cnccc1)c1cc(Cl)ccc1NS(=O)(=O)c1ccc(-c2ccccc2)cc1	1.0	0	0.143	0.981
22	O=C(O)c1ccc(Cl)cc1NCc1ccc(Cl)cc1	1.0	0	0.125	0.991
22	CC1CCN(C(=O)C(CCn2cccc2C#N)NS(=O)(=O)c2ccc3cc[nH]c3c2)CC1	1.0	0	0.129	0.81
22	O=C1c2c(C(=O)N1c1cnccc1)cnn2-c1ccc(Cl)cc1Cl	1.0	1	0.205	0.952
22	Cc1ccc(C)c(S(=O)(=O)Nc2ccc(Cl)cc2C(=O)c2ccncc2)c1	1.0	0	0.139	0.978
22	Cc1c(C(=O)Nc2ccc(S(=O)(=O)NC3CCNCC3)c3c2cccc3)cccc1	1.0	0	0.146	0.973
22	Cc1c(Cl)c(C(=O)c2cc(Cl)ccc2NS(=O)(=O)c2ccc(C(C)(C)C)cc2)ncc1	1.0	0	0.163	0.959
22	CCCC(=O)N1CCC(NS(=O)(=O)c2ccc(NC(=O)Cc3ccc(Cl)cc3)c3c2cccc3)CC1	1.0	0	0.005	0.967
22	COc1nc(-c2nc3n(n2)-c2cc(Cl)ccc2OCC3)ccc1	1.0	0	0.077	0.926
22	CC(C)(C)c1ccc(S(=O)(=O)Nc2ccc(Cl)cc2C(=O)c2cnc(S(C)(=O)=O)cc2)cc1	1.0	0	0.153	0.961
22	COc1nn(C(=O)c2c(F)c(F)cc(F)c2F)c2ccccc12	1.0	0	0.159	0.944
22	N#Cc1ccc(C(=O)c2cc(Cl)ccc2NS(=O)(=O)c2ccc(Cl)cc2)cc1	1.0	0	0.184	0.982
22	CN1C(=O)C(=O)c2c1ccc(OC(=O)c1ccc(C(F)(F)F)cc2)cc1	0.0	0	0.0	0.0
22	N#Cc1nc(NCc2cccc(Cl)c2)c(Cl)cc1N	1.0	0	0.117	0.957
22	Cc1ncc(C(=O)c2cc(Cl)ccc2NS(=O)(=O)c2ccc(C(C)(C)C)cc2)cc1	1.0	1	0.229	0.974
22	CCCCCOc1ccc(C(=O)Nc2ccc(F)cc2F)cc1	1.0	0	0.086	0.991
22	Cc1[n+]([O-])cc(C(=O)c2cc(Cl)ccc2NS(=O)(=O)c2ccc(OC(C)C)cc2)cc1	1.0	0	0.134	0.949
22	CS(=O)(=O)c1ccc(S(=O)(=O)Nc2ccc(Cl)cc2C(=O)c2c[n+]([O-])c(Br)[nH]c2)cc1	0.0	0	0.0	0.0
22	CCc1ccc(C(=O)Nc2ccc(N3C(=O)c4ccccc4C3=O)cc2)cc1	1.0	0	0.086	0.988
22	COc1c2c(NS(=O)(=O)c3ccc(Cl)s3)nn(Cc3ccc(F)c(C(F)(F)F)c3)c2ccc1	1.0	0	0.162	0.933
22	Cc1ccncc1C1NC(=O)c1cc(Cl)c(N)c(N(C)C)c1	0.0	0	0.0	0.0
22	Cc1cc(N2C(=O)c3c(C2=O)c(NS(=O)(=O)c2ccc(C(C)(C)C)cc2)ccc3Cl)cnc1	1.0	0	0.139	0.939
22	CC(C)c1nc2nc(N)nn2c(O)c1Cc1cc(Br)cc(N)c1	1.0	0	0.153	0.872
22	CC(C)(C)c1ccc(S(=O)(=O)Nc2ccc(F)cc2C(=O)c2ccncc2)cc1	1.0	0	0.144	0.976
22	Cc1ccc(-c2nc3nc(N)nn3c(O)c2Cc2ccc(Cl)cc2)cc1	1.0	1	0.595	0.958
22	COc1ccc(NS(=O)(=O)c2ccc(N3C(=O)c4c(cccc4)C3=O)c3c2cccc3)cc1	1.0	0	0.157	0.978
22	CC(=O)C1=C(O)C(=O)N(c2cc(C)ccc2)C1C1CCCCC1	1.0	1	0.232	0.922
22	COc1c2c(NS(=O)(=O)c3ccc(Cl)s3)nn(Cc3cc(F)cc(C(F)(F)F)c3)c2ccc1	1.0	0	0.112	0.93
22	COc1nc(Br)cnc1NS(=O)(=O)c1c(Cl)cccc1	1.0	0	0.189	0.963
22	Cc1c(C(=O)Nc2ccc(S(=O)(=O)NC3CCCNCC3)c3c2cccc3)cccc1	1.0	0	0.154	0.938
22	Cc1ccc(S(=O)(=O)Nc2ccc(Cl)cc2C(=O)c2ccncc2)cc1	1.0	0	0.155	0.983
22	O=C(C1=C(O)C(=O)N(c2ccc(Cl)cc2)C1)C1=CCCC1)c1ccccn1	0.0	0	0.0	0.0
22	COc1nc(Br)cnc1NS(=O)(=O)c1ccccc1Cl	1.0	0	0.189	0.963
22	CCC(=O)C1=C(O)C(=O)N(c2ccc(C)cc2)C1C1CCCCC1	1.0	1	0.318	0.913
22	CNS(=O)(=O)c1ccc(CNC(=O)c2cc(Cl)c(Cl)cc2NC(=O)c2ccccc2)cc1	1.0	0	0.099	0.98
22	O=S(=O)(Nc1cc(Cl)ccc1Cn1ccnn1)c1cccc(C(F)(F)F)c1	1.0	0	0.158	0.958
22	N#Cc1ccc(S(=O)(=O)Nc2ccc(Cl)cc2C(=O)c2cnccc2)cc1	1.0	0	0.122	0.977
22	O=C(NCCN1CCCC1)c1cc(Cl)ccc1NS(=O)(=O)c1ccc(-c2cnco2)cc1	1.0	0	0.183	0.964
22	COC(=O)C1(c2ccc(Cl)cc2Cl)CC1C(N)=O	1.0	0	0.111	0.78
22	N#Cc1ccc(Oc2ncc(Cl)cc2NS(=O)(=O)c2ccc(Cl)cc2)cc1	1.0	0	0.12	0.975
22	N#Cc1ccc(S(=O)(=O)Nc2ccc(Cl)cc2-c2ccccn2)cc1	1.0	0	0.099	0.979
22	CC(C)(C)c1ccc(S(=O)(=O)Nc2ccc(Cl)cc2C(=O)c2cccnc2)cc1	1.0	0	0.122	0.977
22	Cc1ccc(Nc2c(OS(=O)(=O)c3ccc(C)cc3)c(O)cc2C(=O)O)cc1	0.0	0	0.0	0.0
22	CC(=O)Nc1ccc(S(=O)(=O)Nc2ccc(Cl)cc2C(=O)c2c[n+]([O-])c(F)cc2)cc1	1.0	0	0.097	0.942
22	CC(=O)C1=C(O)C(=O)N(c2ccc(Br)cc2F)C1C1CCCCC1	1.0	1	0.407	0.892
22	COc1nn(CC(=O)c2ccccc2)cc1[N+](=O)[O-]	1.0	0	0.112	0.974
22	CC(C)(C)c1ccc(S(=O)(=O)Nc2ccc(Cl)cc2-c2ccccn2)cc1	1.0	0	0.186	0.979
22	O=C(c1ccncc1)c1cc(Cl)ccc1NS(=O)(=O)c1ccc(-c2ccccc2)cc1	1.0	0	0.145	0.981
22	CC(C)CN1CCC(NS(=O)(=O)c2ccc3cc(NCC(=O)c4ccccc4)ccc3c2)CC1	1.0	0	0.055	0.965
22	O=C(Nc1ccc(S(=O)(=O)Nc2ccccc2)cc1)c1ccccn1	1.0	0	0.09	0.99
22	CC(C)(C)c1ccc(S(=O)(=O)Nc2ccc(Cl)cc2-c2c(O)ccc[n+]2[O-])cc1	1.0	0	0.145	0.938
22	O=C(c1ccncc1)c1cc(Cl)ccc1NS(=O)(=O)c1ccc(Br)cc1	1.0	0	0.162	0.981
22	O=S1(=O)NC(Nc2ccc(Br)cc2)=Nc2c1cc(Cl)cc2O	1.0	0	0.157	0.876
22	Cc1cc(NS(=O)(=O)c2cc(C(=O)NC3CCOCC3)c3ccccc23)ccn1	0.0	0	0.0	0.0
22	Cc1c(C(=O)c2cc(Cl)ccc2NS(=O)(=O)c2ccc(C3(C)CCOCC3)cc2)cccn1	1.0	0	0.146	0.941
22	N#Cc1ccc(S(=O)(=O)Nc2ccc(Cl)cc2C(=O)c2ccncc2)cc1	1.0	0	0.124	0.977
22	c1ccc(N2C(=S)Nc3ccccc3C2c2ccccc2)cc1	1.0	0	0.127	0.952
22	COc1nc(Cl)cnc1NS(=O)(=O)c1cccc(Cl)c1Cl	1.0	0	0.177	0.955
22	COC(=O)CCc1ccc(S(=O)(=O)Nc2ccc(Cl)cc2C(=O)c2ccnc(C)c2)cc1	1.0	0	0.107	0.97
22	CC(C)(C)c1ccc(S(=O)(=O)Nc2ccc(F)cc2C(=O)c2ccnnc2)cc1	1.0	0	0.107	0.963
22	Cc1cc(Oc2ccc(C(=O)NCCN3CCCCC3)cc2)ncc1NC(=O)c1ccccc1	1.0	0	0.094	0.975
22	CC(=O)C1=C(O)C(=O)N(c2ccc(C(F)(F)F)cc2)C1C1CCCCCC1	1.0	1	0.361	0.906
22	CC(=O)C1=C(O)C(=O)N(c2cc(C)cc(C)c2)C1C1CCCCCCC1	1.0	1	0.255	0.903
22	NS(=O)(=O)c1ccc(S(=O)(=O)Nc2cc(Cl)c(Cl)cc2C(=O)c2ccncc2)cc1	1.0	0	0.113	0.969
22	O=C(O)c1c(Oc2ccccc2NS(=O)(=O)c2ccc(Cl)cc2)cccc1	1.0	0	0.142	0.986
22	CC(=O)C1=C(O)C(=O)N(c2cc(F)c(F)cc2F)C1C1CCCCC1	1.0	1	0.292	0.873
22	CCCCc1nc2nc(N)nn2c(O)c1Cc1cccc(Cl)c1	1.0	1	0.309	0.935
22	CC1(c2ccc(S(=O)(=O)Nc3ccc(Cl)cc3C(=O)c3ccncc3)c3c2cccc2)CCOCC	0.0	0	0.0	0.0
22	Cc1cccnc1N1C(=O)c2c(C1=O)c(NS(=O)(=O)c1ccc(C(C)(C)C)cc1)ccc2c1	0.0	0	0.0	0.0
22	COc1ccc(NS(=O)(=O)c2ccc(Cl)cc2)cc1NCc1ccc(Cl)c(Cl)c1	1.0	0	0.124	0.983
22	O=S1(=O)NC(Nc2c(Br)cccc2)=Nc2c1cc(Cl)cc2O	1.0	0	0.11	0.858
22	CCc1nc2nccnc2n1OS(=O)(=O)c1ccc(Cl)cc1N	1.0	0	0.199	0.873
22	CC(=O)C1=C(O)C(=O)N(c2cc(C)ccc2)C1c1ccccc1	1.0	1	0.261	0.959
22	O=C(O)c1c(Oc2ccccc2)cncc1Cl	1.0	0	0.109	0.981
22	CNc1ccc(C(=O)Nc2ccc(F)cc2F)cc1Cl	1.0	0	0.106	0.987
22	COc1ccc(Oc2ccc(NS(=O)(=O)c3ccccc3C)cc2)cc1	1.0	0	0.082	0.99
22	O=S(=O)(NCCCN1CCC(O)(c2ccc(Cl)cc2)CC1)c1ccccc1-c1cccc2c1sc1ccccc12	1.0	0	0.005	0.935
22	Cc1ccc(C(=O)c2cc(Cl)ccc2NS(=O)(=O)c2ccc(OC(C)C)cc2)cc1	1.0	0	0.194	0.982
22	CC(=O)C1=C(O)C(=O)N(c2ccc(C(F)(F)F)cc2)C1C1CCCCCC1	1.0	1	0.361	0.906
22	O=C(O)c1c(Oc2c(Cl)cccc2NS(=O)(=O)c2ccc(Cl)cc2)cccc1	1.0	0	0.134	0.98
22	O=S(=O)(Nc1ncc(Cl)nc1OCc1cc(Br)ccc1)c1ccccc1C(O)c1cccc(Cl)c1	1.0	0	0.093	0.852
22	COc1ccc(NS(=O)(=O)c2ccc(N3C(=O)c4c(cccc4)C3=O)c3c2cccc3)cc1	1.0	0	0.157	0.978
22	CCc1ccc(S(=O)(=O)Nc2ccc(Cl)cc2C(=O)c2ccncc2)cc1	1.0	0	0.156	0.981
22	CCC(=O)C1=C(O)C(=O)N(c2ccc(C)cc2)C1C1CCCCCC1	1.0	1	0.342	0.913
23	CCOC(=O)N1CCC(NS(=O)(=O)c2ccc(NCc3ccccc3)c3ccccc23)CC1	1.0	0	0.141	0.972
23	COc1ccccc1C(=O)Nc1ccc(S(=O)(=O)NC(C)(C)CO)cc1C	1.0	0	0.094	0.978
23	CCOC(=O)c1cc(S(=O)(=O)Nc2cc(Cl)ccc2C)ccc1	1.0	0	0.104	0.988
23	CC(C)(CO)c1ccc(S(=O)(=O)Nc2ccc(Cl)cc2C(=O)c2ccncc2)cc1	1.0	0	0.126	0.966
23	O=C(c1cccnc1)c1cc(Cl)ccc1NS(=O)(=O)c1ccc(C(F)(F)F)cc1	1.0	0	0.104	0.976
23	O=S(=O)(NCCCN1CCC(O)(c2ccc(Cl)cc2)CC1)c1cscc1	1.0	0	0.163	0.952
23	Oc1cc(CSc2nc(-c3ccccc3)cs2)ccc1	1.0	0	0.076	0.984
23	O=C(O)c1ccccc1Oc1ccc(Cl)cc1NS(=O)(=O)c1ccc(Cl)c(Cl)c1-	0.0	0	0.0	0.0
23	CC(=O)C1=C(O)C(=O)N(c2ccc(Br)cc2F)C1C1CCCCC1	1.0	1	0.407	0.892
23	Cc1ccncc1Oc1ccc(C(=O)c2ccccc2)cc1Cl	1.0	0	0.096	0.983
23	Oc1cc(CSc2cccc(Br)c2)nc2nc(Cc3ccccc3)nn12	1.0	0	0.091	0.948
23	O=S(=O)(Nc1cc(Cl)ccc1Cn1ccnn1)c1cccc(F)c1Cl	1.0	0	0.185	0.948
23	Cc1ccnc(NS(=O)(=O)c2ccc(-c3cc(Cl)ccc3)cc2)c1	1.0	0	0.159	0.985
23	Cc1ccc(N(C(=O)c2cccs2)C(=O)N2CCCCC2)cc1CC(C)(C)C	1.0	0	0.128	0.942
23	CC(C)(C)c1ccc(S(=O)(=O)Nc2ccc(Cl)cc2-c2c(CO)cccc2)cc1	1.0	0	0.152	0.977
23	CC(C)(C)c1ccc(S(=O)(=O)Nc2ccc(Cl)cc2C(=O)c2cnc(Cl)nc2)cc1	1.0	1	0.242	0.964
23	COCCn1nc(O)c2cc(C(=O)c3cc(C)ccc3)c(O)nc21	1.0	0	0.16	0.932
23	COc1c2c(NS(=O)(=O)c3ccc(Cl)s3)nn(Cc3ccccc3)c2ccc1	1.0	0	0.151	0.965
23	O=C(c1ccncc1)c1cc(Cl)ccc1NS(=O)(=O)c1ccc(Cl)cc1	1.0	0	0.158	0.983
23	O=S(=O)(NCCCN1CCC(O)(c2ccc(Cl)cc2)CC1)c1ccccc11	0.0	0	0.0	0.0
23	COc1nc(Br)cnc1NS(=O)(=O)c1c(Cl)cccc1Cl	1.0	1	0.231	0.949
23	COC(=O)CCc1ccc(C(=O)c2cc(Cl)ccc2NS(=O)(=O)c2ccc(C(C)(C)C)cc2)cn1	1.0	0	0.178	0.961
23	O=C(O)c1c(Oc2cccc(F)c2NS(=O)(=O)c2ccc(Cl)cc2)cccc1	1.0	1	0.213	0.979
23	O=C(NCCc1ccccc1)c1ccc(Oc2ccc(Cl)cc2[N+](=O)[O-])cc1	1.0	0	0.076	0.987
23	COc1c(C)nc(NS(=O)(=O)c2ccc(Cl)cc2)cc1	1.0	0	0.163	0.983
23	CC(=O)C1=C(O)C(=O)N(c2cc(Br)c(C)cc2)C1C1CCCCCC1	1.0	1	0.324	0.892
23	N#Cc1ccc(OCc2ccc(Cl)cc2)cc1C	1.0	0	0.1	0.989
23	CCOC(=O)N1CCC(NS(=O)(=O)c2ccc(C)cc2)CC1	1.0	0	0.06	0.985
23	CC(=O)C1=C(O)C(=O)N(c2ccc(Cl)cc2F)C1C1CCCCC1	1.0	1	0.395	0.9
23	Cc1nc(NCCSc2nc(C)cc(C)n2)ccc1Cl	1.0	0	0.134	0.954
23	CCOC(=O)N1CCC(NS(=O)(=O)c2ccc(C(=O)Nc3ccccc3C)c3ccccc23)CC1	1.0	0	0.177	0.97
23	CC(=O)C1=C(O)C(=O)N(c2cc(F)c(C(F)(F)F)cc2)C1C1CCCCCC1	1.0	1	0.298	0.872
23	CC(C)(C)c1ccc(S(=O)(=O)Nc2ccc(Cl)cc2C(=O)c2cnc(Cl)nc2)cc1	1.0	1	0.242	0.964
23	CN(C)C(=O)C(=O)NS(=O)(=O)c1ccc(C(=O)O)cc1	1.0	0	0.052	0.977
23	CC(C)(C)c1ccc(S(=O)(=O)Nc2ccc(Cl)cc2C(=O)c2ccc(Cl)nc2)cc1	1.0	1	0.294	0.972
23	O=C(O)c1c(Oc2ccc(Cl)cc2NS(=O)(=O)c2ccc(Cl)cc2)cccc1	1.0	0	0.138	0.984
23	CCCc1nc2ncnn2c(=O)c1Cc1ccc(Cl)c(Cl)c1	0.0	0	0.0	0.0
23	O=C(c1ccncc1)c1cc(Cl)ccc1NS(=O)(=O)c1cc(F)c(F)cc1	1.0	0	0.11	0.977
23	CC(C)(C)c1ccc(C(=O)c2cc(C(=O)O)c(CF)cc2)cc1	1.0	0	0.128	0.977
23	CNS(=O)(=O)c1ccc(C(=O)Nc2ccc(Cl)cc2C(=O)c2ccncc2)cc1	1.0	0	0.08	0.979
23	O=C(c1ccncc1)c1cc(Cl)ccc1NS(=O)(=O)c1ccc(C#N)cc1	1.0	0	0.124	0.977
23	CC(=O)C1=C(O)C(=O)N(c2ccc(C(F)(F)F)cc2)C1C1CCCCCC1	1.0	1	0.361	0.906
23	O=S(=O)(Nc1cc(Cl)ccc1Cn1cnnc1)c1ccc(Cl)c(Cl)c1	1.0	1	0.202	0.956
23	COc1cc(C)ccc1Oc1cc(F)c(CCN)cc1	1.0	0	0.107	0.985
23	CC(C)Sc1ccc(S(=O)(=O)Nc2ccc(Cl)cc2C(=O)c2cnccc2)cc1	1.0	0	0.117	0.97
23	CC(C)(C)c1ccc(S(=O)(=O)Nc2ccc(Cl)cc2C(=O)c2cccnc2)cc1	1.0	0	0.122	0.977
23	CC(=O)C1=C(O)C(=O)N(c2ccc(O)cc2)C1C1CCCCC1	1.0	1	0.242	0.916
23	CCc1ccc(S(=O)(=O)Nc2ccc(Cl)cc2C(=O)c2ccncc2)cc1	1.0	0	0.156	0.981
23	CC(C)(C)c1ccc(S(=O)(=O)Nc2ccc(Cl)cc2C(=O)c2ccnc(Cl)c2)cc1	1.0	0	0.138	0.971
23	Cc1c(C(=O)Nc2ccc(S(=O)(=O)NC3CCN(CCCNC(=O)c4cccc(F)c4)CC3)c3ccccc23)cccc1	1.0	0	0.005	0.956
23	CCCCCCCCc1ccc(C(=O)c2cc(C(=O)C(=O)O)ccc2)cc1	1.0	0	0.095	0.982
23	CCOC(=O)N1CCC(NS(=O)(=O)c2ccc(NCc3ccccc3)c3ccccc23)CC1	1.0	0	0.141	0.972
23	COc1c(-c2cc(Cl)ccc2NS(=O)(=O)c2ccc(C(C)(C)C)cc2)nccc1	1.0	0	0.183	0.973
23	CC1(c2ccc(S(=O)(=O)Nc3ccc(Cl)cc3C(=O)c3ccncc3)c(C(F)(F)F)c2)cccc1	1.0	0	0.099	0.882
23	CC(=O)C1=C(O)C(=O)N(c2ccc(C(F)(F)F)cc2)C1C1CCCCC1	1.0	1	0.338	0.907
23	CCc1ncnc(N2CCC(NS(=O)(=O)c3ccc(Cl)cc3)CC2)c1	1.0	0	0.078	0.97
23	CC(C)(c1ccc(S(=O)(=O)Nc2ccc(Cl)cc2C(=O)c2ccnc(Cl)c2)cc1)	1.0	0	0.146	0.974
23	Cc1c2c(=O)c(NS(=O)(=O)c3ccccc3)cccc2o1	0.0	0	0.0	0.0
23	Cc1c(Cl)c(OC2CCN(C3CCN(C(=O)N(C)C)CC3)CC2)cc(F)c1	1.0	0	0.086	0.943
23	O=C(O)c1c(F)cccc1Oc1ccccc1OCCFF)Nc1cccc2c1cc[n+]2[O-]	0.0	0	0.0	0.0
23	O=S1(=O)NC(Nc2ccc(Br)cc2F)=Nc2c1cc(Cl)cc2O	1.0	0	0.156	0.847
23	CCCC(=O)N1CCC(NS(=O)(=O)c2ccc(NC(=O)c3ccccc3)c3c2cccc3)CC1	1.0	0	0.128	0.974
23	Cc1c(C(=O)c2cc(Cl)ccc2NS(=O)(=O)c2cccc(C(F)(F)F)c2)cccc1	1.0	0	0.114	0.978
23	CC1CCN(C(=O)C(CCn2cncn2)NS(=O)(=O)c2cc(Cl)c(N)c(Cl)c2)CC1	1.0	0	0.147	0.845
23	CC(=O)c1ccc(S(=O)(=O)Nc2ccc(Cl)cc2C(=O)c2cnccc2)cc1	1.0	0	0.105	0.98
23	CC(C)(C)c1ccc(S(=O)(=O)Nc2ccc(Cl)cc2C(=O)c2ccncc2)cc1	1.0	0	0.125	0.977
23	CC(C)(C)OOc1ccc(C(=O)c2cc(Cl)ccc2NS(=O)(=O)c2ccc(-c3ccccc3)cc2)cc1	1.0	0	0.005	0.963
23	CC(=O)C1=C(O)C(=O)N(c2ccc(Cl)cc2F)C1C1CCCCC1#	0.0	0	0.0	0.0
23	CC(=O)C1=C(O)C(=O)N(c2cc(C)c(Cl)cc2)C1C1CCCCC1	1.0	1	0.397	0.907
23	COc1nc(Cl)cnc1NS(=O)(=O)c1ccsc1	1.0	0	0.164	0.926
23	O=C(O)c1ccccc1Oc1ccc(Cl)cc1NS(=O)(=O)c1ccc(Cl)c(Cl)c1	1.0	0	0.129	0.98
23	CCOC(=O)N1CCC(NS(=O)(=O)c2ccc(Cl)cc2)CC1	1.0	0	0.057	0.984
23	CCN(CC)S(=O)(=O)c1ccc(NC(=O)c2c(C)nc3ccccn23)cc1	1.0	0	0.093	0.973
23	O=C(O)c1ccccc1Oc1ccc(Cl)cc1NS(=O)(=O)c1ccc(Br)cc1	1.0	0	0.138	0.982
23	C#CCOc1nc(Cl)cnc1NS(=O)(=O)c1ccccc1	1.0	0	0.067	0.95
23	CNS(=O)(=O)c1ccc(CNC(=O)c2ccc(Cl)cc2)cc1	1.0	0	0.06	0.991
23	N#CSCCNC(=O)c1ccc(Oc2ccc(Cl)cc2NS(=O)(=O)c2ccc(Cl)cc2)cc1	1.0	0	0.127	0.962
23	CCCCC(=O)C1=C(O)C(O)(C(=O)O)C(=O)C1(O)C(=O)c1ccccc1F	1.0	1	0.224	0.599
23	COc1nccc(C(=O)c2cc(Cl)ccc2NS(=O)(=O)c2ccc(C(C)(C)C)cc2)c1	1.0	0	0.18	0.969
23	COc1ccc(Cl)cc1C(=O)Nc1cn(Cc2ccccc2)c(Oc2cc(C)ccc2)cc1	0.0	0	0.0	0.0
23	CC(C)(C)c1cnc(NS(=O)(=O)c2ccc(Cl)c(Cl)c2)cc1	1.0	0	0.11	0.978
23	O=C(O)c1ccccc1Oc1ccc(Cl)cc1NS(=O)(=O)c1ccc(-c2ccccc2)cc1	1.0	0	0.187	0.982
23	CC(=O)NCc1cc(Cl)c(Nc2nccc(C)n2)cc1	1.0	0	0.085	0.979
23	COc1c2c(NS(=O)(=O)c3c(Cl)c(Cl)cc(Cl)c3)nccc2ccc1	1.0	0	0.099	0.96
23	C=CCOc1c(OC)cc(-c2ccc(C)cc2)ccc1	0.0	0	0.0	0.0
23	CC(C)(C)c1ccc(S(=O)(=O)Nc2ccc(Cl)cc2C(=O)c2ccnnc2)cc1	1.0	0	0.133	0.964
23	O=C(O)Cc1ccncc1Nc1nnc(Cl)cc1N	1.0	0	0.17	0.924
23	COc1nc(Br)cnc1NS(=O)(=O)c1ccccc1Cl	1.0	0	0.189	0.963
23	O=C(c1cnccc1)c1cc(Cl)ccc1NS(=O)(=O)c1ccc(OC(F)(F)F)cc1	1.0	0	0.116	0.973
23	O=S(=O)(NCCCN1CCC(O)(c2ccc(Cl)cc2)CC1)c1cscc1	1.0	0	0.163	0.952
23	CC(=O)C1=C(O)C(=O)N(c2cc(Br)ccc2)C1C1CCCCCO1	1.0	1	0.238	0.816
23	COc1nc(Cl)cnc1NS(=O)(=O)c1cccc(Cl)c1Cl	1.0	0	0.177	0.955
23	O=C(O)C1=C(O)C(=O)N(c2ccc(Cl)cc2)C1C1CCCCC1	1.0	1	0.415	0.925
23	Cc1cccc(C(=O)c2cc(Cl)ccc2NS(=O)(=O)c2ccc(-c3cnco3)cc2)c1	1.0	0	0.14	0.968
23	CC(C)c1nc2nc(N)nn2c(O)c1Cc1ccc(Cl)c(Br)c1	1.0	1	0.212	0.899
23	CCC(=O)N1CCC(NS(=O)(=O)c2ccc(NC(=O)c3cc(C(F)(F)F)ccc3)c3c2cccc3)CC1	1.0	0	0.005	0.96
23	O=S(=O)(Nc1cc(Cl)ccc1Cn1ccnn1)c1ccc(Oc2ccccc2)cc1	1.0	0	0.174	0.97
23	CCc1ccc(S(=O)(=O)Nc2ccc(Cl)cc2C(=O)c2ccncc2)cc1	1.0	0	0.156	0.981
23	CNc1c(-c2cc(Cl)ccc2NS(=O)(=O)c2ccc(C(C)(C)C)cc2)nccn1	1.0	0	0.148	0.96
23	CC(=O)Nc1ccc(S(=O)(=O)Nc2ccc(Cl)cc2C(=O)c2ccncc2)cc1	1.0	0	0.086	0.979
24	Cc1c(Cl)cccc1NS(=O)(=O)c1ccc(N2CCCCC2)cc1	1.0	0	0.113	0.986
24	COc1nc(Br)ccc1NS(=O)(=O)c1ccc(Cl)cc1Cl	1.0	0	0.169	0.967
24	COc1c2c(NS(=O)(=O)c3ccc(Cl)s3)nn(Cc3cccc(OC)c3)c2ccc1	1.0	0	0.146	0.958
24	COc1nc(Br)cnc1NS(=O)(=O)c1cccc(Cl)c1	1.0	0	0.135	0.963
24	Cc1c(C(=O)c2cc(Cl)ccc2NS(=O)(=O)c2ccc(OC(F)(F)F)cc2)cccn1	1.0	0	0.122	0.968
24	CCOC(=O)N1CCC(NS(=O)(=O)c2ccc(NC(=O)c3ccccc3)c3c2cccc3)CC1	1.0	0	0.143	0.974
24	CC(=O)C1=C(O)C(=O)N(c2ccc(F)cc2F)C1C1CCCCC1	1.0	1	0.291	0.902
24	CC(C)=CCCC(C)=CCc1c(O)cc(O)cc1C=CCn1cc(CO)c(=O)[nH]c1	0.0	0	0.0	0.0
24	CCCCCCc1ccc(C(=O)Nc2ccc(COC(=O)OC)cc2)cc1	1.0	0	0.065	0.987
24	CC(=O)C1=C(O)C(=O)N(c2ccc(C)cc2)C1c1ccc(C)cc1	1.0	1	0.345	0.959
24	COc1cccc2c(=O)n(Cc3ccccc3)c(C3CCCC3)nc12	1.0	0	0.158	0.981
24	CC(C)(C)c1ccn(CCCN)c(=O)n1Cc1cc(Cl)ccc1	0.0	0	0.0	0.0
24	CC(C)(C)c1ccc(S(=O)(=O)Nc2ccc(Cl)cc2C(=O)c2cnc(C(=O)c3ccccc3)cc2)cc1	1.0	0	0.005	0.965
24	O=C(O)c1ccnc(S)n1	1.0	0	0.037	0.884
24	CC(C)(C)c1ccc(S(=O)(=O)Nc2ccc(Cl)cc2C(=O)c2cnc(Cl)cc2)cc1	1.0	1	0.294	0.972
24	O=C(O)c1c(F)cccc1Oc1ccc(C(F)(F)F)cc1NS(=O)(=O)c1ccc(Cl)cc1	1.0	0	0.165	0.969
24	CC(=O)C1=C(O)C(=O)N(c2ccc(C)cc2)C1C1CCCCCCC1	1.0	1	0.309	0.928
24	CC(C)(C)c1ccc(S(=O)(=O)Nc2ccc(Cl)cc2C(=O)c2ccc(Cl)nc2)c(C(F)(F)F)c1	1.0	1	0.219	0.949
24	CC(C)(C)c1ccc(S(=O)(=O)Nc2cc(Cl)c(O)cc2C(=O)c2ccncc2)cc1	1.0	0	0.151	0.965
24	O=C(O)c1ccc(C(F)(F)F)cc1NS(=O)(=O)c1ccccc1	1.0	0	0.102	0.986
24	O=C(O)c1c(Oc2cccc(F)c2NS(=O)(=O)c2ccc(Cl)cc2)cccc1	1.0	1	0.213	0.979
24	N#Cc1cccc(S(=O)(=O)Nc2ccncc2C(=O)c2ccccc2)c1	1.0	0	0.154	0.976
24	COc1nc(Cl)cnc1NS(=O)(=O)c1ccccc1	1.0	0	0.182	0.974
24	CC(=O)C1=C(O)C(=O)N(c2ccc(C)cc2)C1C1CCCCCCCC1	1.0	1	0.297	0.847
24	N#Cc1c(SCC(=O)Nc2cccc(Cl)c2)ncc2c1C1C=CC1N2Cc1ccccc1	1.0	0	0.108	0.735
24	N#Cc1cccc(S(=O)(=O)Nc2ccc(Cl)cc2C(=O)c2ccncc2)c1	1.0	0	0.138	0.974
24	Oc1cc(CSc2nc(-c3ccccc3)cs2)nc2nc(Cc3ccccc3)nn12	1.0	0	0.155	0.945
24	O=C(O)c1cc(Cl)ccc1On1c(Cl)c(Cl)cc1Clc1ccc(Cl)cc1	0.0	0	0.0	0.0
24	O=[N+]([O-])c1cc(O)c2NS(=O)(=O)c3ccccc321c1ccc(C(F)(F)F)cc1	0.0	0	0.0	0.0
24	COc1c(C)c(O)c(Cl)cc1C	1.0	0	0.052	0.974
24	COc1ncc(CN2CCN(Cc3ccccc3)CC2)cc1	1.0	0	0.07	0.989
24	CC(C)Oc1nc(-c2ccc(Cl)cc2Cl)ncc1Oc1ccc(Cl)cc1	1.0	0	0.146	0.968
24	Cc1ccnc(NS(=O)(=O)c2ccc(C(C)(C)C)cc2)c1	1.0	0	0.143	0.983
24	O=C(O)c1cc(Oc2ccc(Cl)cc2NS(=O)(=O)c2cccc(Cl)c2)ccc1	1.0	0	0.107	0.982
24	Cc1ccc(-c2cc(Cl)ccc2Oc2ccc(S(=O)(=O)Nc3ccccc3C(=O)c3ccccc3)cc2)cc1	1.0	0	0.005	0.975
24	O=C(NCCO)c1ccccc1Oc1ncc(Cl)cc1NS(=O)(=O)c1ccc(Cl)c(Cl)c1	1.0	0	0.177	0.964
24	CNS(=O)(=O)c1cccc(Nc2nccc(-c3ccccc3)c2C(=O)O)c1	1.0	0	0.088	0.974
24	N#Cc1cccn1CCC(NS(=O)(=O)c1cccc2c1cc[nH]2)C(=O)N1CCC(O)CC1	1.0	0	0.138	0.798
24	COc1cc2c(cc1NS(=O)(=O)c1c(Cl)c(Cl)ccc1)n(C)c(=O)n2C	1.0	0	0.148	0.963
24	Cc1ccc(S(=O)(=O)Nc2ccc(Cl)cc2C(=O)c2ccncc2)cc1	1.0	0	0.155	0.983
24	Cc1cc(N2C(=O)c3c(C2=O)c(NS(=O)(=O)c2ccc(C(C)(C)C)cc2)ccc3Cl)cnc1	1.0	0	0.139	0.939
24	Cc1ccccc1Cc1c(O)n2nc(N)nc2nc1C1CC1	1.0	0	0.141	0.922
24	Cn1ncc2c1ncnc2NS(=O)(=O)c1ccccc1	1.0	0	0.104	0.978
24	O=C(O)c1c(Oc2ccc(Cl)cc2NS(=O)(=O)c2ccc(Cl)cc2)cccc1	1.0	0	0.138	0.984
24	CCCCc1ccc(C(=O)Nc2ccc(S(=O)(=O)NC3CCN(C(=O)CCC)CC3)c3ccccc23)cc1	1.0	0	0.005	0.965
24	Cc1ccc(S(=O)(=O)NC(=O)Nc2cc(Cl)ccc2C(=O)c2ccncc2)cc1	1.0	0	0.088	0.976
24	Cc1cccc(C(=O)c2cc(Cl)ccc2NS(=O)(=O)c2ccc(C(C)(C)C)cc2)c1	1.0	0	0.139	0.98
24	CC(=O)C1=C(O)C(=O)N(c2ccc(C)cc2)C1C1CCCCCCC1	1.0	1	0.309	0.928
24	CC(C)(C)c1ccc(S(=O)(=O)Nc2ccc(Cl)cc2C(=O)c2cccc(C(F)(F)F)c2)cc1	1.0	0	0.12	0.972
24	C#Cc1ccc(S(=O)(=O)Nc2ccc(Cl)cc2C(=O)c2ccncc2)cc1	1.0	0	0.127	0.971
24	COc1c(-c2cc(Cl)ccc2)nc(-c2ccc(Cl)cc2)cc1	1.0	0	0.107	0.987
24	COc1cc(C(=O)NC(C)c2sc(-c3ccccc3)nc2)ccc1	1.0	0	0.075	0.96
24	CCNC(=O)NCCc1ccc(Oc2ccccc2)cc1	1.0	0	0.053	0.991
24	CC(=O)N1NC(C)C(=O)N1CC1CC(F)CC1	1.0	0	0.093	0.224
24	O=C(O)c1ccccc1Nc1cscc1	1.0	0	0.1	0.983
24	O=S(=O)(Nc1cc(Cl)c(Cl)cc1Cn1ccnn1)c1cccc(Cl)c1	1.0	0	0.162	0.955
24	Cc1ccc(N2C(=O)c3c(C2=O)c(NS(=O)(=O)c2ccc(C(C)(C)C)cc2)ccc3Cl)cc1	1.0	0	0.133	0.962
24	O=S1(=O)NC(Nc2ccc(Br)cc2)=Nc2c1cc(Cl)cc2O	1.0	0	0.157	0.876
24	Nc1nn2c(O)c(Cc3ccc(Br)cc3)c(C3CCNC3C3)nc2n1	0.0	0	0.0	0.0
24	CCOC(=O)C1=C(O)C(=O)N(c2cccc(Br)c2)C1N1CCCC1	1.0	0	0.177	0.892
24	O=S(=O)(Nc1cc(Cl)ccc1Cn1ccnn1)c1cccc2c1cccc2	1.0	0	0.153	0.966
24	O=C(O)c1ccccc1Oc1ccc(C(F)(F)F)cc1NS(=O)(=O)c1ccc(Cl)cc1	1.0	0	0.155	0.977
24	CCCc1ccc(Oc2ccc(Cl)cc2NS(=O)(=O)c2ccc(C(C)(C)C)cc2)cc1	1.0	0	0.115	0.98
24	COc1nc(F)cnc1NS(=O)(=O)c1c(Cl)cccc1Cl	1.0	0	0.159	0.947
24	CC(=O)NC1COC(CO)C(O)C(O)C1O	1.0	0	0.047	0.606
24	Cc1[n+]([O-])cc(C(=O)c2cc(Cl)ccc2NS(=O)(=O)c2ccc(-c3ccccc3)cc2)cc1	1.0	0	0.137	0.96
24	COc1cc(Cn2nc(NS(=O)(=O)c3ccc(Cl)s3)c3c(OC)cccc32)ccc1	1.0	0	0.146	0.958
24	CC(C)(C)c1ccc(S(=O)(=O)Nc2ccc(Cl)cc2C(=O)c2ccc(Cl)cc2)cc1	1.0	1	0.276	0.982
24	O=C(c1ccncc1)c1cc(Cl)ccc1NS(=O)(=O)c1ccc(N2CCOCC2)cc1	1.0	0	0.144	0.973
24	Cc1c(C(=O)Nc2ccc(S(=O)(=O)NC3CCN(C(=O)CO)CC3)c3c2cccc3)cccc1	1.0	0	0.134	0.968
24	CC(C)(c1ccc(S(=O)(=O)Nc2c(C(=O)O)cccn2)cc1)c1ccccc1	1.0	0	0.119	0.975
24	N#Cc1cccc(C(=O)c2ccncc2)c1Cl	1.0	0	0.085	0.976
24	Cc1ccc(-c2nc3nc(N)nn3c(O)c2Cc2cc(Cl)ccc2)cc1	1.0	1	0.6	0.954
24	CC(=O)c1ccc(S(=O)(=O)Nc2ccc(Cl)cc2C(=O)c2ccnc(C)c2)cc1	1.0	0	0.106	0.975
24	Cc1c(N(Cc2cccc(C(=O)Nc3ncc(Cl)cc3)c2)c2ccccc2)cccc1	1.0	0	0.112	0.976
24	CC(C)Oc1ccc(F)cc1-c1ccc(Cl)cc1C(=O)c1ccccc1S	1.0	0	0.171	0.964
24	Cc1nc(Nc2ccccc2)c(-c2cc(Cl)ccc2)c(C(=O)c2ccccc2)c1	1.0	0	0.186	0.978
24	CCc1ccc(C(=O)c2cc(Cl)ccc2NS(=O)(=O)c2ccc(OC(C)(C)C(=O)O)cc2)cc1	1.0	0	0.136	0.97
24	O=C(O)c1cc(Oc2ccc(C(F)(F)F)cc2)ccc1	1.0	0	0.077	0.99
24	Cc1ncc(C(=O)c2cc(Cl)ccc2NS(=O)(=O)c2cc(F)c(N3CCOCC3)cc2)cc1	1.0	0	0.148	0.962
24	COc1cc(Oc2ccc(S(=O)(=O)Nc3ccc(Cl)cc3C(=O)c3ccncc3)cc2)ccc1	1.0	0	0.123	0.974
24	O=C(NC1CCCCCC1)c1ccc(CO)cc1O	1.0	0	0.084	0.985
24	Cc1c(Oc2ccc(Cl)cc2NS(=O)(=O)c2ccc(Cl)c(C(F)(F)F)c2)cccc1	1.0	0	0.13	0.975
24	O=S(=O)(Nc1cc(F)ccc1Cn1ccnn1)c1ccccc1Cl	1.0	0	0.186	0.965
24	Cn1nnnc1Cc1nc(Cl)ccc1NS(=O)(=O)c1ccc(Cl)cc1	1.0	0	0.115	0.945
24	CCCC(=O)N1CCC(NS(=O)(=O)c2ccc(NC(C)=O)cc2)CC1	1.0	0	0.053	0.982
24	CC(C)(C)c1ccc(S(=O)(=O)Nc2ccc(Cl)cc2C(=O)c2cncc(S(C)(=O)=O)c2)cc1	1.0	0	0.142	0.962
24	N#Cc1cc(NS(=O)(=O)c2cc(Cl)c(NS(=O)(=O)c3ccc(-c4ccccc4)cc3)cc2)ccc1	1.0	0	0.092	0.975
24	N#Cc1cc(S(=O)(=O)Nc2cc(Cl)ccc2Cn2cccn2)ccc1	1.0	0	0.102	0.968
24	CCn1cc(C(=O)c2ccccc2)c2ccccc21	1.0	0	0.105	0.99
24	O=C(COc1ccccc1)NCCn1ccc2ccccc21	1.0	0	0.071	0.988
24	O=C(O)c1ccccc1Oc1ccc(C(F)(F)F)cc1NS(=O)(=O)c1ccc(Cl)c(Cl)c1	1.0	0	0.141	0.972
24	CCS(=O)(=O)Nc1ccc(F)cc1C(=O)c1ccccc1	1.0	0	0.177	0.986
24	Cc1ccc(-c2cc(CNC3CCCCC3)c(C)nc2)cc1	1.0	0	0.079	0.98
24	CC(=O)C1=C(O)C(=O)N(c2ccc(C)cc2)C1C1CCCCC1	1.0	1	0.305	0.929
24	COc1ncc(C(=O)c2cc(Cl)ccc2NS(=O)(=O)c2ccc(CC(=O)O)cc2)cc1	1.0	0	0.175	0.972
24	COc1nc(Cl)ccc1NS(=O)(=O)c1ccc(Cl)c(Cl)c1C	1.0	0	0.132	0.958
24	O=S(=O)(NCCCN1CCC(O)(c2ccc(Cl)cc2)CC1)c1cscc1	1.0	0	0.163	0.952
24	COc1nn(CC(N)=O)c2c1c(NS(=O)(=O)c1ccccc1Cl)ncn2	1.0	0	0.148	0.941
24	O=C(Nc1ccc(Oc2ccc(Cl)cc2Br)cc1)NNC(=O)c1ccc(Cl)cc1	1.0	0	0.055	0.982
25	CC(=O)C1=C(O)C(=O)N(c2ccc(Cl)cc2)C1c1ccc(Br)cc1	1.0	1	0.427	0.951
25	CC(=O)C1=C(O)C(=O)N(c2cc(C)ccc2C)C1C1CCCC1	1.0	1	0.227	0.907
25	COc1nc(Br)ccc1NS(=O)(=O)c1cc(Cl)ccc1Cl	1.0	0	0.157	0.968
25	O=C(c1ccncc1)c1cc(Cl)ccc1NS(=O)(=O)c1ccc(C(F)F)cc1	1.0	0	0.105	0.971
25	O=C(O)c1c(Oc2ccc(Cl)c(Cl)c2NS(=O)(=O)c2ccc(Cl)cc2)cccc1	1.0	0	0.108	0.974
25	CCCC(=O)N1CCC(NS(=O)(=O)c2ccc(NC(=O)c3c(F)cccc3)c3c2cccc3)CC1	1.0	0	0.149	0.968
25	O=C(Nc1cccc(C(=O)OC(CO)(CO)CO)c1)c1ccccc1O	1.0	0	0.082	0.96
25	Cc1ccc(N2C(=O)C(O)=C(C(=O)c3ccccc3)C2C2CCCCC2)cc1	1.0	1	0.322	0.933
25	Cc1cc(NS(=O)(=O)c2ccc(Cl)cc2)c(C(F)(F)F)cc1	1.0	0	0.127	0.984
25	O=C(O)c1c(Oc2ccc(Cl)cc2NS(=O)(=O)c2ccc(Cl)c(Cl)c2)cccc1	1.0	0	0.129	0.98
25	O=[N+]([O-])c1cc(O)c2N=C(Nc3ccccc3)NS(=O)(=O)c2cc1	0.0	0	0.0	0.0
25	COc1nc(Br)ccc1NS(=O)(=O)c1ccc(Cl)cc1Cl	1.0	0	0.169	0.967
25	Cc1nc(NC2CCCOC2)c2c(C)cccc2n1	1.0	0	0.087	0.905
25	Cc1c(C(=O)Nc2ccc(S(=O)(=O)NC(C)(C)C)cc2)cccc1Cl	1.0	0	0.067	0.983
25	CNS(=O)(=O)c1ccc(S(=O)(=O)Nc2ccc(Cl)cc2C(=O)c2ccncc2)cc1	1.0	0	0.083	0.973
25	Cc1ccc(-n2nc(-c3ccc(Cl)cc3Cl)c(CN3C(=O)c4ccccc4C3=O)cc2)cc1	0.0	0	0.0	0.0
25	COc1cc(OS(=O)(=O)Nc2ccc(Cl)cc2C(=O)c2ccncc2)ccc1	1.0	0	0.124	0.964
25	COc1nccc(C(=O)c2cc(Cl)ccc2NS(=O)(=O)c2ccc(C(C)(C)C)cc2)c1	1.0	0	0.18	0.969
25	CC(C)(C)c1ccc(S(=O)(=O)Nc2ccc(Cl)cc2C(=O)c2ccccn2)cc1	1.0	0	0.137	0.976
25	CC(=O)C1=C(O)C(=O)N(c2ccc(F)cc2F)C1C1CCCCC1	1.0	1	0.291	0.902
25	CC(=O)NCc1cc(Cn2nc(NS(=O)(=O)c3ccccc3)c3ccccc32)ccc1	1.0	0	0.142	0.974
25	Cc1cc(C(=O)c2cc(Cl)ccc2NS(=O)(=O)c2ccc(C(C)(C)C)cc2)ccn1	1.0	1	0.209	0.972
25	O=C(c1ccncc1)c1cc(Cl)ccc1NS(=O)(=O)c1ccc(C(F)(F)F)cc1	1.0	0	0.113	0.976
25	O=C(NCCN1CCNCC1)c1cc(Cl)ccc1NS(=O)(=O)c1cccc(Cl)c1	1.0	0	0.189	0.973
25	Cc1ccc(S(=O)(=O)NC(=O)N2CCC(N3CCC(Oc4ccc(Cl)c(Cl)c4)CC3)CC2)cc1	1.0	0	0.125	0.956
25	Cc1nc(Cn2nc(NS(=O)(=O)c3ccccc3)c3ccccc23)ccc1	1.0	0	0.154	0.973
25	CC(=O)C1=C(O)C(=O)N(c2ccc(Cl)cc2)C1C1CCCCC1	1.0	1	0.393	0.927
25	COc1c2c(NS(=O)(=O)c3ccc(Cl)s3)nn(Cc3ccccc3)c2ccc1	1.0	0	0.151	0.965
25	CC(C)(C)c1ccc(S(=O)(=O)Nc2ccc(Cl)cc2C(=O)c2ccc(Cl)cn2)cc1	1.0	1	0.253	0.972
25	COc1ccc(NS(=O)(=O)c2ccc(N3C(=O)c4c(cccc4)C3=O)c3ccccc23)cc1	1.0	0	0.157	0.978
25	O=S(=O)(Nc1cc(Cl)ccc1Cn1ccnn1)c1csc2c1cccc2	1.0	0	0.175	0.944
25	O=C(O)c1ccc(Oc2ccc(Cl)c3c2CN(Cc2ccccc2)C3=O)cc1	1.0	0	0.103	0.976
25	CCc1c(OC)ccc2c1oc(=O)n2CCN(CC)CC	1.0	0	0.069	0.948
25	CS(=O)(=O)Nc1cc(F)ccc1Oc1ccc(C#N)cc1C(=O)c1ccccc1	1.0	0	0.143	0.973
25	CC(=O)c1ccc(S(=O)(=O)Nc2cc(F)c(Cl)cc2C(=O)c2ccncc2)cc1	1.0	0	0.085	0.972
25	CC(=O)C1=C(O)C(=O)N(c2cccc(F)c2)C1C1CCCCCCC1	1.0	1	0.229	0.917
25	CC1CCN(C(=O)C(CCn2ccnc2[N+](=O)[O-])NS(=O)(=O)c2cc(Cl)c(N)c(Cl)c2)CC1	1.0	0	0.169	0.794
25	CNS(=O)(=O)c1ccc(F)c(N2C(=O)c3c(Cl)c(I)c(Cl)cc3C2=O)c1	1.0	0	0.183	0.916
25	N#Cc1cccn1CCC(NS(=O)(=O)c1cc(Cl)c(N)c(Cl)c1)C(=O)Nc1ccc(Cl)c(Cl)c1	1.0	0	0.178	0.827
25	COc1nc(Cl)cnc1NS(=O)(=O)c1c(Br)cccc1	1.0	0	0.092	0.961
25	N#Cc1cccn1CCC(N)C(=O)O	1.0	0	0.063	0.85
25	Cc1cnc(C(=O)c2cc(Cl)ccc2NS(=O)(=O)c2ccc(C(C)(C)C)cc2)cc1	1.0	0	0.135	0.972
25	CC(=O)Nc1ccc(S(=O)(=O)Nc2ccc(Cl)cc2C(=O)c2ccnc(C)c2)cc1	1.0	0	0.107	0.975
25	CC(C)(c1ccc(S(=O)(=O)Nc2ccc(Cl)cc2C(=O)c2ccncc2)cc1)c1cocn1	1.0	0	0.103	0.924
25	COc1cc(Cl)ccc1C(=O)Nc1ccc(Cl)cc1C(=O)c1ccccc1	1.0	0	0.141	0.987
25	CC(C)(C)c1ccc(S(=O)(=O)Nc2ccc(Cl)cc2-c2c(Cc3ccccc3)ccn2)cc1	0.0	0	0.0	0.0
25	COc1nc(F)ccc1NS(=O)(=O)c1ccc(OC(C)C)cc1	1.0	0	0.117	0.973
25	COc1ccc(C2C(C(C)=O)=C(O)C(=O)N2c2ccc(C)cc2)cc1	1.0	1	0.335	0.959
25	Cc1nc(NC(=O)c2ccc(Cl)cc2)ccc1N(Cc1ccc(OC(C)(C)C)cc1)Cc1cc(F)c(O)c(O)c1	1.0	0	0.005	0.921
25	CC(C)(C)c1ccc(S(=O)(=O)Nc2ccc(Cl)cc2-c2c(CO)cc(Cl)cc2)cc1	1.0	0	0.17	0.972
25	CCOC(=O)N1CCC(NS(=O)(=O)c2ccc(NC(=O)c3cccnc3C)c3ccccc23)CC1	1.0	0	0.123	0.961
25	COc1cc(NS(=O)(=O)c2ccc(C(C)(C)S)cc2)c(C)cc1	1.0	0	0.14	0.971
25	CCC(=O)C1=C(O)C(=O)N(c2ccc(C)cc2)C1C1CCCCC1	1.0	1	0.318	0.913
25	CNS(=O)(=O)c1ccc(C(=O)c2cccc(C(F)(F)F)c2)cc1	1.0	0	0.082	0.985
25	CC(=O)C1=C(O)C(=O)N(c2cc(F)c(C)nc2)C1C1CCCCC1	1.0	1	0.279	0.843
25	O=C(c1ccncc1)c1cc(Cl)ccc1NS(=O)(=O)c1ccc(C(F)(F)F)cc1	1.0	0	0.113	0.976
25	CC(C)(C)c1ccc(S(=O)(=O)Nc2ccc(Cl)cc2C(=O)c2ccc(Cl)cc2)cc1	1.0	1	0.276	0.982
25	Cc1ccc(N2C(=O)C(O)=C(C(=O)C(F)(F)F)C2C2CCCCC2)cc1	1.0	1	0.361	0.885
25	CC(C)(C)c1ccc(S(=O)(=O)Nc2ccc(Cl)cc2C(=O)c2ccc(Cl)cc2)cc1	1.0	1	0.276	0.982
25	Cc1ccc(-c2sc(NCc3cccnc3)c3ccccc23)cn1	1.0	0	0.116	0.959
25	O=S(=O)(Nc1cc(Cl)c(Cl)cc1Cn1ccnn1)c1csc2c1cccc2	1.0	0	0.1	0.929
25	COc1nc(Br)cnc1NS(=O)(=O)c1ccccc1Cl	1.0	0	0.189	0.963
25	Cc1ncc(C(=O)c2cc(Cl)ccc2NS(=O)(=O)c2ccc(S(C)(=O)=O)cc2)cc1	1.0	0	0.176	0.974
25	COc1c(C)c(Cl)c(=O)oc1Cl	1.0	0	0.039	0.892
25	CC(=O)C1=C(O)C(=O)N(c2ccc(Br)cc2F)C1C1=CC(=O)OC1	1.0	1	0.395	0.811
25	CCCC(=O)N1CCC(NS(=O)(=O)c2ccc(NC(=O)C3CCCCC3)c3ccccc23)CC1	1.0	0	0.147	0.965
25	CNC(=O)c1cnc(Oc2ccc(Cl)cc2C(=O)c2ccccc2)cn1	1.0	0	0.142	0.974
25	CC(=O)c1cc(C(=O)NC(=O)N(c2ccccc2)c2ccccc2)ccc1	1.0	0	0.104	0.982
25	COc1c2c(NS(=O)(=O)c3ccc(Cl)s3)nn(Cc3ccccc3O)c2ccc1	1.0	0	0.176	0.95
25	CC(C)(c1ncco1)c1ccccc1S(=O)(=O)Nc1ccc(Cl)cc1C(=O)c1ccc(Cl)cc1N	1.0	0	0.134	0.91
25	Cc1cc(Oc2c(C(=O)O)cccc2)c(NS(=O)(=O)c2ccc(Cl)cc2)cc1	1.0	0	0.13	0.983
25	Nc1nn2c(O)c(Cc3cc(F)c(F)cc3)c(C3CCC(=O)CC3)nc2n1	1.0	1	0.462	0.879
25	CC(C)(c1ccc(S(=O)(=O)Nc2ccc(Cl)cc2C(=O)c2ccncc2)cc1)c1ccccc1	1.0	0	0.087	0.97
25	CC(=O)C1=C(O)C(=O)N(c2cc(F)c(F)cc2)C1C1CCCCCC1	1.0	1	0.308	0.906
25	CC(C)(c1ccc(S(=O)(=O)Nc2ccc(Cl)cc2C(=O)c2ccnc(Cl)c2)cc1)c1cnccc1	1.0	0	0.165	0.949
25	O=C(O)C1=C(O)c2cc(CN(CCCO)CCCCc3ccccc3)ccc2C1CCCc1ccccc1	1.0	0	0.005	0.856
25	Nc1nn2c(O)c(Cc3cccc(Cl)c3)c(C3CCCC3)nc2n1	1.0	1	0.267	0.924
25	Cc1c(C(=O)Nc2cc(F)c(Cl)cc2C(=O)c2ccccc2)cccc1	1.0	0	0.193	0.987
25	Cc1cc(C(=O)c2cc(Cl)ccc2NS(=O)(=O)c2ccc(-c3cnco3)cc2)ccn1	1.0	0	0.139	0.956
25	COc1ccc(NS(=O)(=O)c2ccc(Cl)cc2)cc1O	1.0	0	0.09	0.989
25	CCOC(=O)N1CCC(NS(=O)(=O)c2ccc(C(=O)NC3CCN(C)CC3)cc2)CC1	1.0	0	0.058	0.971
25	O=C(c1ccncc1)c1cc(Cl)ccc1NS(=O)(=O)c1ccc(Cl)cc1	1.0	0	0.158	0.983
25	COC(=O)C(=O)N1CCC(NS(=O)(=O)c2ccc(NC(=O)c3c(F)cccc3)c3c2cccc3)CC1	1.0	0	0.005	0.959
25	CC(C)(c1ncco1)c1ccccc1S(=O)(=O)Nc1ccc(Cl)cc1C(=O)c1ccc(Cl)cc1	1.0	1	0.246	0.935
25	O=C(O)c1c(Oc2ccc(Cl)cc2NS(=O)(=O)c2ccc(Cl)cc2)cccc1	1.0	0	0.138	0.984
25	COc1nn(CC(=O)c2ccc(Cl)cc2)c2ccccc12	1.0	0	0.195	0.981
25	CC(C)(C)c1ccc(S(=O)(=O)Nc2ccc(Cl)cc2C(=O)c2cnc(C(F)(F)F)cn2)cc1	1.0	1	0.213	0.949
25	Cc1ccccc1C(=O)Nc1ccc(S(=O)(=O)NC2CCN(C(=O)c3ccccc3)CC2)cc1	1.0	0	0.049	0.982
25	N#Cc1cccc(S(=O)(=O)Nc2ccc(Cl)cc2C(=O)c2ccccc2)c1	1.0	0	0.128	0.982
25	CCC(=O)C1=C(O)C(=O)N(c2ccc(C)cc2)C1C1CCCCCCC1	1.0	1	0.322	0.912
25	COc1nc(Br)cnc1NS(=O)(=O)c1ccc(Cl)cc1Cl	1.0	0	0.192	0.956
25	O=S(=O)(Nc1ccc(Cl)cc1Cn1ccnn1)c1ccc(Cl)cc1	1.0	1	0.253	0.97
25	Cc1cc(Oc2ccc(C(=O)NCCN3CCCCC3)cc2)ccc1N	1.0	0	0.06	0.984
25	CCC(=O)N(Cc1ccccc1)c1ccc(Cl)cc1Cl	1.0	1	0.205	0.986
25	Cc1ccc(S(=O)(=O)Nc2cc(Cl)ccc2Cn2ccnn2)cc1C	1.0	1	0.202	0.965
25	COc1nc(F)ccc1NS(=O)(=O)c1cccc(Cl)c1Cl	1.0	0	0.109	0.965
25	Cc1cc(Oc2c(C(=O)O)cccc2)c(NS(=O)(=O)c2ccc(Cl)cc2)cc1	1.0	0	0.13	0.983
25	CC(C)(c1ncco1)c1ccccc1S(=O)(=O)Nc1ccc(C(=O)Nc2ccc(F)cc2)cc1	1.0	0	0.106	0.952
25	CC(=O)C1=C(O)C(=O)N(c2ccc(C)cc2)C1c1ccc(C)cc1	1.0	1	0.345	0.959
25	O=C(O)c1c(Oc2ncccc2NS(=O)(=O)c2ccc(Cl)c(Cl)c2)cccc1	1.0	0	0.101	0.976
26	Cc1c(N2C(=O)c3c(C2=O)c(NS(=O)(=O)c2ccc(C(C)(C)C)cc2)ccc3Cl)c(C)cn1	0.0	0	0.0	0.0
26	CC1Cc2c(Cn3cc(-c4nnc(CNS(=O)(=O)c5ccccc5)n4)c(CCO)c3)OCCCN2C1	0.0	0	0.0	0.0
26	COc1cc(OC)cc(C(=O)Nc2cc(C)ccc2NS(=O)(=O)c2ccc(C(C)(C)C)cc2)c1	1.0	0	0.098	0.974
26	CCCC(=O)N1CCC(NS(=O)(=O)c2ccc(NC(=O)c3c(F)cccc3)c3ccccc23)CC1	1.0	0	0.149	0.968
26	CC(=O)C1=C(O)C(=O)N(c2cc(Cl)ccc2)C1C1CCCCCCC1	1.0	1	0.228	0.919
26	CCNc1nc(NS(=O)(=O)c2cccc(Cl)c2)c(Cl)cc1Cl	1.0	0	0.082	0.968
26	COc1cc2c(cc1Nc1ncc(C)c(C)n1)[nH]c2	0.0	0	0.0	0.0
26	COc1nc(Cl)cnc1NS(=O)(=O)c1cccc(Cl)c1	1.0	0	0.09	0.967
26	CC(=O)C1=C(O)C(=O)N(c2cc(F)c(Cl)cc2)C1C1CCCCCC1	1.0	1	0.415	0.901
26	O=S(=O)(c1ccc(Cl)cc1)c1ccc(Cl)cc1C	1.0	0	0.144	0.989
26	CC(=O)Nc1ccc(Sc2ccccc2)cc1	1.0	0	0.066	0.992
26	Cc1nc(C(=O)c2cc(Cl)ccc2NS(=O)(=O)c2ccc(-c3cnn(S(C)(=O)=O)c3)cc2)ccc1	1.0	0	0.119	0.933
26	Cc1cc(SC(=Cc2ccc(Cl)cc2)c2ccc(C(=O)O)cc2)ccc1	1.0	0	0.182	0.971
26	CC(C)(C)c1ccc(S(=O)(=O)Nc2ccc(Cl)cc2-c2ccccc2)cc1	1.0	0	0.153	0.985
26	CNS(=O)(=O)c1ccc(CNC(=O)c2ccc(Cl)cc2)cc1	1.0	0	0.06	0.991
26	Cc1c(N2C(=O)c3c(C2=O)c(NS(=O)(=O)c2ccc(C(C)(C)C)cc2)ccc3Cl)c(C)ccn1	1.0	0	0.134	0.925
26	Nc1nn2c(O)c(Cc3cccc(Cl)c3)c(-c3ccccc3)nc2n1	1.0	1	0.596	0.957
26	CC(C)(C)c1ccc(S(=O)(=O)Nc2ccc(Cl)cc2-c2ccc(C(=O)O)cc2)cc1	1.0	0	0.093	0.981
26	CCCC(=O)N1CCC(NS(=O)(=O)c2ccc(NC(=O)c3nccnc3)c3c2cccc3)CC1	1.0	0	0.135	0.957
26	CS(=O)(=O)c1ccc(S(=O)(=O)Nc2ccc(Br)cc2C(=O)c2ccnc(C)c2)cc1	1.0	0	0.159	0.969
26	O=C(O)c1ccccc1Oc1ccc(Cl)cc1NS(=O)(=O)c1ccc(Cl)c(Cl)c1	1.0	0	0.129	0.98
26	CCc1ccc(N2C(=O)C(O)=C(C(=O)c3ccccc3)C2C2CCCCC2)cc1	1.0	1	0.317	0.928
26	Cc1ncc(C(=O)c2cc(Cl)ccc2NS(=O)(=O)c2ccc(OC(F)(F)F)cc2)cc1	1.0	0	0.139	0.969
26	CC(=O)c1ccc(S(=O)(=O)Nc2cccc(Cl)c2)cc1	1.0	0	0.068	0.991
26	COc1ccc(Cn2nnc(NS(=O)(=O)c3ccc(Cl)cc3)c2)cc1	1.0	0	0.065	0.977
26	CCCC(=O)N1CCC(NS(=O)(=O)c2ccc(NC(=O)c3ccccc3C)c3ccccc23)CC1	1.0	0	0.136	0.969
26	COc1ccc(C(=O)c2cc(Cl)ccc2NS(=O)(=O)c2ccc(C3(C)CCOCC3)cc2)cc1	1.0	0	0.148	0.958
26	O=S(=O)(c1cccc(Cl)c1)c1ccccc1	1.0	0	0.133	0.992
26	Cc1cc(C(=O)c2cc(Cl)ccc2NS(=O)(=O)c2ccc(Cl)cc2)ccc1	1.0	0	0.125	0.985
26	Nc1nn2c(O)c(Cc3ccc(Cl)cc3Cl)c(C3CC3)nc2n1	1.0	1	0.272	0.909
26	O=C(Nc1ccc(C(=O)NCCCN2CCCC2)cc1)NCCCl	1.0	0	0.046	0.984
26	CC(=O)C1=C(O)C(=O)N(c2cccc(C)c2)C1C1CCCCCC1	1.0	1	0.249	0.922
26	Cc1ccc(C(=O)c2cc(Cl)ccc2NS(=O)(=O)c2ccc(C(C)(C)C)cc2)cn1	1.0	1	0.229	0.974
26	CC(=O)C1=C(O)C(=O)N(c2ccc(Br)cc2)C1C1CCCCCCC1	1.0	1	0.405	0.918
26	Cc1c(C(=O)c2cc(Cl)ccc2NS(=O)(=O)c2ccc(C(C)(C)C)cc2)cccn1	1.0	0	0.113	0.973
26	O=S(=O)(Nc1cc(Cl)c(Cl)cc1Cn1ccnn1)c1ccc(Cl)c(Cl)c1	1.0	1	0.233	0.951
26	CC(=O)C1=C(O)C(=O)N(c2ccc(C)cc2)C1C1CCCCCCC1	1.0	1	0.309	0.928
26	Cc1ncc(C(=O)c2cc(Cl)ccc2NS(=O)(=O)c2ccc(C(C)(C)C)cc2)cc1	1.0	1	0.229	0.974
26	COCCOc1nnc(Cc2ccc(Cl)cc2)n2c1ccccc12	0.0	0	0.0	0.0
26	CC(=O)C1=C(O)C(=O)N(c2cc(Cl)c(Cl)cc2)C1C1CCCC1	1.0	1	0.37	0.909
26	O=C(NCCN1CCC(F)(F)C1)c1ccc(Cl)cc1NS(=O)(=O)c1ccc(Cl)cc1	1.0	1	0.228	0.962
26	Cc1c(N(Cc2ccc(C(C)(C)C)cc2)c2ccccc2)cccc2c1ccccc2	1.0	1	0.209	0.862
26	Cc1c(N2C(=O)c3c(C2=O)c(NS(=O)(=O)c2ccc(C(C)(C)C)cc2)ccc3Cl)c(C)ccn1	1.0	0	0.134	0.925
26	CC(C)(C)c1ccc(S(=O)(=O)Nc2ccc(Cl)cc2C(=O)c2cnc(Cl)cn2)cc1	1.0	1	0.257	0.959
26	COc1cc(C(=O)NCCN(C)C)ccc1Oc1c(C)cccc1Cl	1.0	0	0.072	0.982
26	Cc1ccc(S(=O)(=O)Nc2ccc(Cl)cc2C(=O)c2ccnc(C(C)(C)C)c2)cc1	1.0	0	0.161	0.971
26	CCOC(=O)C1=C(O)C(=O)N(c2ccc(Br)cc2)C1C1CCCCC1	1.0	1	0.421	0.919
26	CC(=O)NCc1cc(Cn2nc(NS(=O)(=O)c3ccc(Cl)s3)c3c(C)cccc32)ccc1	1.0	0	0.116	0.945
26	Cc1ccc(N2C(=O)C(O)=C(C(=O)c3ccccc3)C2C2CCCCC2)cc1	1.0	1	0.322	0.933
26	CC(C)(C)c1ccc(S(=O)(=O)Nc2ccc(Cl)cc2C(=O)c2ccccn2)cc1	1.0	0	0.137	0.976
26	CCNc1nc(NS(=O)(=O)c2ccc(C)cc2)c2nc(OC)ccc2c1)	0.0	0	0.0	0.0
26	O=S1(=O)NC(Nc2c(Br)cccc2)=Nc2c1c(F)c(F)cc2	1.0	0	0.138	0.865
26	Cc1c(N2C(=O)c3c(C2=O)c(NS(=O)(=O)c2ccc(C(C)(C)C)cc2)ccc3Cl)c(C)cn1	0.0	0	0.0	0.0
26	CCc1ccc(-c2nc3cc(N(S(=O)(=O)c4ccccc4)ccc3)c3ccccc23)cc1	1.0	0	0.165	0.681
26	O=S1(=O)NC(Nc2c(Br)cccc2)=Nc2c1cc(Cl)cc2O	1.0	0	0.11	0.858
26	COc1c(Cl)cccc1C(=O)Nc1ccc(N2CCN(Cc3ccccc3)CC2)cc1	1.0	0	0.06	0.985
26	Cc1cccc(Cl)c1S(=O)(=O)NC(=O)Nc1ccc(C(=O)O)cc1	1.0	0	0.1	0.982
26	Cn1ncc2c1ncc(NS(=O)(=O)c1c(Cl)c(Cl)cc1[c]ccc1n2	0.0	0	0.0	0.0
26	Cc1ncc(C(=O)c2cc(Cl)ccc2NS(=O)(=O)c2ccc(C3(C)CCOCC3)cc2)cc1	1.0	0	0.145	0.944
26	COc1nc(C)c(Nc2c(C)c(Cl)ccc2NS(=O)(=O)c2ccc(C(C)(C)C)cc2)cc1	1.0	0	0.18	0.951
26	CC(=O)C1=C(O)C(=O)N(c2cc(Cl)c(Cl)cc2)C1C1CCC(OC)CC1	1.0	1	0.378	0.875
26	CC(=O)C1=C(O)C(=O)N(c2cc(F)c(Cl)cc2)CC1C1CCCCC1	1.0	1	0.438	0.863
26	CCCC(=O)C1=C(O)C(=O)N(c2ccc(C)cc2)C1C1CCCCCCC1	1.0	1	0.317	0.909
26	O=C(Nc1cncc(Oc2ccccc2)n1)c1ccccc1C	1.0	0	0.11	0.983
26	Cc1nc(C)c(-c2ccc(Cl)cc2NS(=O)(=O)c2ccc(C(C)(C)C)cc2)cc1	1.0	0	0.17	0.971
26	CC(=O)C1=C(O)C(=O)N(c2ccc(Br)cc2)C1C1CCCCCCC1	1.0	1	0.405	0.918
26	CCCCCc1nc2nc(N)nn2c(O)c1Cc1cccc(Cl)c1	1.0	0	0.084	0.937
26	CC(=O)C1=C(O)C(=O)N(c2cccc(C)c2)C1C1CCCC1	1.0	0	0.171	0.921
26	O=C(O)c1c(Oc2c(Cl)cccc2N2C(=O)c3ccccc3C2=O)cccc1	1.0	0	0.149	0.975
26	Cn1ncc2c1c(NS(=O)(=O)c1c(Cl)c(Cl)ccc1)nn2Cc1ccccc1	1.0	0	0.126	0.944
26	COc1ccc(S(=O)(=O)Nc2ccc(Cl)cc2C(=O)c2ccncc2)cc1	1.0	0	0.08	0.983
26	Cc1[n+]([O-])cc(C(=O)c2cc(Cl)ccc2NS(=O)(=O)c2ccc(C(C)(C)C)cc2)cc1	1.0	0	0.142	0.948
26	CCc1c(C(=O)c2cc(Cl)ccc2NS(=O)(=O)c2ccc(C(C)(C)C)cc2)ncnc1O	1.0	0	0.141	0.939
26	CC(=O)NCc1cc(Cn2nc(NS(=O)(=O)c3ccc(Cl)s3)c3c(CO)cccc3C2)ccc1	1.0	0	0.111	0.878
26	Cc1c(F)c(S(=O)(=O)Nc2ccc(Cl)cc2C(=O)c2ccncc2)ccc1	1.0	0	0.169	0.972
26	O=S(=O)(c1cccnc1)c1ccccc1Cl	1.0	0	0.078	0.986
26	Oc1nc2cc(Cc3ccc(Cl)cc3)ccc2c2ccccc12	1.0	0	0.082	0.982
26	O=C(c1ccncc1)c1cc(Cl)ccc1NS(=O)(=O)c1ccc(Cl)cc1	1.0	0	0.158	0.983
26	CC(=O)C1=C(O)C(=O)N(c2ccc(C)cc2)C1c1ccccc1	1.0	1	0.347	0.963
26	Cc1ccc(S(=O)(=O)Nc2cc(Cl)ccc2Cn2ccnn2)cc1	1.0	1	0.222	0.971
26	COc1nc(Cl)cnc1NS(=O)(=O)c1ccc(Cl)cc1Cl	1.0	0	0.185	0.96
26	Cc1cc(C(=O)c2cc(Cl)ccc2NS(=O)(=O)c2ccc(C(C)(C)C)cc2)ccn1	1.0	1	0.209	0.972
26	CC(=O)C1=C(O)C(=O)N(c2ccc(Cl)cc2)C1C1CCCCCCCC1	1.0	1	0.377	0.843
26	COc1c(N2C(=O)c3c(C2=O)c(NS(=O)(=O)c2ccc(C(C)(C)C)cc2)ccc3Cl)c(C)ccn1	1.0	0	0.134	0.923
26	O=C(O)c1ccccc1Oc1c(F)cc(F)cc12	0.0	0	0.0	0.0
26	CCCc1nc2nc(N)nn2c(O)c1Cc1cccc(Cl)c1	1.0	1	0.342	0.934
26	N#Cc1cc(S(=O)(=O)Nc2cc(Cl)ccc2N2CCCCC2)ccc1	1.0	0	0.093	0.979
26	CC(=O)c1ccc(S(=O)(=O)Nc2ccc(Br)cc2C(=O)c2cnc(Cl)cc2)cc1	1.0	1	0.23	0.973
26	Cc1ccncc1CNC(=O)c1cc(C(F)(F)F)ccc1	1.0	0	0.127	0.982
26	CC(=O)C1=C(O)C(=O)N(c2ccc(Cl)cc2)C1C1CCCCCCC1	1.0	1	0.394	0.926
26	COc1ccccc1Cn1nc(NS(=O)(=O)c2ccc(Cl)s2)c2ccccc21	1.0	0	0.149	0.966
26	Cc1ccc(S(=O)(=O)Nc2cc(Cl)ccc2Cn2ccnn2)cc1	1.0	1	0.222	0.971
26	Cc1c(Cc2cccc(C(=O)Nc3cc(C(C)(C)C)ccc3)c2ccc(O)c2)cccc1	0.0	0	0.0	0.0
26	CNc1c(-c2cc(Cl)ccc2NS(=O)(=O)c2ccc(C(C)(C)C)cc2)nccn1	1.0	0	0.148	0.96
26	CC(=O)C1=C(O)C(=O)N(c2cc(Cl)c(Cl)cc2)C1C1CCCCN(CC(=O)O)C1	1.0	1	0.35	0.805
26	O=C(c1ccncc1)c1cc(Cl)ccc1NS(=O)(=O)c1ccc(Br)cc1	1.0	0	0.162	0.981
26	CC(=O)c1ccc(N2C(=O)c3c(C2=O)c(NS(=O)(=O)c2ccc(C(C)(C)C)cc2)ccc3Cl)cc1	1.0	0	0.103	0.956
26	O=C(c1cccnc1)c1coc2ccc(Cl)cc12	1.0	0	0.139	0.975
26	O=C(c1ccncc1)c1cc(Cl)ccc1NS(=O)(=O)c1cccc(Cl)c1	1.0	0	0.136	0.98
26	CCC(CC)(c1ccc(Cl)cc1NS(=O)(=O)c1ccc(Cl)cc1)C(=O)O	1.0	0	0.137	0.956
27	c1ccc(CSc2ccccn2)cc1	1.0	0	0.073	0.991
27	Cc1c(C(=O)c2cc(Cl)ccc2NS(=O)(=O)c2ccc(O)cc2)cccn1	1.0	0	0.12	0.976
27	CS(=O)(=O)c1cc(Cl)c(Cl)cc1Cl	1.0	0	0.045	0.983
27	Cc1ccccc1C(=O)c1cc(Cl)ccc1NS(=O)(=O)c1ccc(C(C)(C)C)cc11	0.0	0	0.0	0.0
27	CC(C)(C)c1ccc(S(=O)(=O)Nc2ccc(Cl)cc2C(=O)c2cnc(C(F)(F)F)cc2)cc1	1.0	1	0.238	0.963
27	O=C(Nc1ccc(S(=O)(=O)Nc2ccccc2)c2ccccc12)c1ccccc1	1.0	0	0.096	0.988
27	Cc1c(C(=O)Nc2ccc(S(=O)(=O)NCCN(C)C)cc2)cccc1	1.0	0	0.057	0.987
27	CC(C)c1nc2nc(N)nn2c(O)c1Cl	1.0	0	0.141	0.859
27	CCOC(=O)C1CCN(C(=O)C(=Cc2ccccc2)c2ccccc2)CC1	1.0	0	0.131	0.979
27	COc1ccc(S(=O)(=O)Nc2ccc(Br)cc2C(=O)c2ccncc2)cc1	1.0	0	0.106	0.981
27	CC(=O)C1=C(O)C(=O)N(c2cc(F)c(Cl)cc2)C1c1ccc(Cl)cc1	1.0	1	0.423	0.939
27	CC(=O)C1=C(O)C(=O)N(c2ccc(Cl)cc2)C1C1CCCCC1	1.0	1	0.393	0.927
27	COc1ccc(S(=O)(=O)Nc2ccc(Cl)cc2C(=O)c2cnc(Cl)cc2)cc1	1.0	1	0.262	0.979
27	O=S(=O)(c1ccccc1)n1c(Cl)ccc1=N	0.0	0	0.0	0.0
27	O=C(O)c1ccccc1Oc1ccccc1C(=O)N1CCC(N2CCC(Oc3ccc(Cl)cc3)CC2)CC1	1.0	0	0.005	0.962
27	CCc1nc(Br)cnc1NS(=O)(=O)c1ccc(Cl)cc1Cl	1.0	0	0.192	0.95
27	CC(=O)C1=C(O)C(=O)N(c2ccc(C)cc2)C1c1cc(Cl)ccc1	1.0	1	0.336	0.953
27	Cc1c(N(Cc2ccc(C(C)(C)C)cc2)c2ccccc2)cccc2c1ccc(Cl)c2	0.0	0	0.0	0.0
27	CC(=O)C1=C(O)C(=O)N(c2ccc(C)cc2)C1c1cccc(C(F)(F)F)c1	1.0	1	0.29	0.938
27	CC(=O)c1ccccc1Sc1c(O)nc(-c2ccccc2)cc1	1.0	0	0.103	0.971
27	CS(=O)(=O)c1ccc(S(=O)(=O)Nc2ccc(Br)cc2C(=O)c2c(F)cccc2)cc1	1.0	0	0.098	0.977
27	CC(=O)C1=C(O)C(=O)N(c2ccc(Cl)cc2)C1C1CCCC1	1.0	1	0.374	0.927
27	O=C(O)c1cccnc1Oc1cc(Cl)ccc1NS(=O)(=O)c1ccc(Cl)c(Cl)c1	1.0	0	0.132	0.971
27	CC(C)c1nc2nc(N)nn2c(O)c1Oc1ccc(Cl)cc1-n1cccc1	1.0	1	0.512	0.879
27	COc1c(NS(=O)(=O)c2ccc(Cl)s2)cccc1	1.0	0	0.088	0.986
27	CC(=O)C1=C(O)C(=O)N(c2ccc(Br)cc2F)C1C1CCCCC1	1.0	1	0.407	0.892
27	Cc1ccccc1C(=O)c1cc(Cl)ccc1NS(=O)(=O)c1ccc(C(C)(C)C)cc1	1.0	0	0.118	0.98
27	CC(=O)c1ccc(Oc2cc(Cl)ccc2NS(=O)(=O)c2ccc(Cl)cc2)cc1	1.0	0	0.119	0.984
27	Cc1cccnc1C(=O)Nc1ccc(N2C(=O)c3ccccc3C2=O)cc1	1.0	0	0.094	0.983
27	CC(=O)c1ccc(S(=O)(=O)Nc2ccc(Cl)cc2C(=O)c2c(Cl)cccc2)cc1	1.0	0	0.087	0.983
27	CC(=O)C1=C(O)C(=O)N(c2cc(Cl)ccc2)C1c1cccc(Cl)c1	1.0	1	0.245	0.947
27	O=C(NO)c1ccc(C(=O)NC(Cc2ccccc2)C(=O)Nc2ccc(C(=O)O)cc2)cc1	1.0	0	0.092	0.961
27	O=S(=O)(Nc1cc(Cl)c(Cl)cc1C(=O)c1ccccc1)c1ccccc1)	0.0	0	0.0	0.0
27	CC(=O)C1=C(O)C(=O)N(c2cc(Cl)c(Cl)cc2)C1C1CCCCC1	1.0	1	0.389	0.91
27	O=C(O)c1ccccc1Oc1ccc(Cl)cc1NS(=O)(=O)c1ccc(Cl)c(Cl)c1	1.0	0	0.129	0.98
27	O=C(O)c1c(F)cccc1Oc1ncc(Cl)cc1NS(=O)(=O)c1ccc(Cl)cc1	1.0	0	0.156	0.967
27	O=S(=O)(c1ccc(Cl)cc1)c1ccccn1	1.0	0	0.108	0.986
27	CC(=O)c1cccc(CCCN2CCC(Nc3ccc(C(=O)c4ccccc4)cc3)CC2)c1	1.0	0	0.066	0.979
27	O=C(O)c1c(OCc2ccccc2)cncc1	1.0	0	0.092	0.988
27	O=C(Nc1ccc(S(=O)(=O)NCc2ccccc2)cc1)c1ccccc1	1.0	0	0.071	0.992
27	O=S1(=O)NC(Nc2ccc(F)cc2Br)=Nc2c1c(F)ccc2O	1.0	0	0.153	0.843
27	O=C(O)c1ccc(Oc2ccc(Cl)cc2NS(=O)(=O)c2ccc(Cl)c(Cl)c2)cc1	1.0	0	0.143	0.982
27	O=C(O)c1ccccc1Oc1ccc(Cl)cc1NS(=O)(=O)c1ccc(Cl)cc1Cl	1.0	0	0.132	0.978
27	CC(=O)c1ccc(S(=O)(=O)Nc2ccc(Br)cc2C(=O)c2ccncn2)cc1	1.0	0	0.119	0.968
27	CC(C)(C)c1ccc(S(=O)(=O)Nc2ccc(F)cc2C(=O)c2ccnc(Cl)c2)cc1	1.0	0	0.138	0.97
27	O=C(NS(=O)(=O)c1ccccc1)c1ccccc1Cl	1.0	0	0.072	0.992
27	CC(C)(C)c1ccc(S(=O)(=O)Nc2ccc(F)c(F)c2C(=O)c2cnccc2)cc1	1.0	0	0.118	0.965
27	O=C(NS(=O)(=O)c1ccc(Cl)cc1)c1cc(Cl)c(Cl)s1	1.0	0	0.099	0.97
27	O=C(Nc1cc(Cl)ccc1Cn1ccnn1)c1ccc(Cl)cc1	1.0	0	0.182	0.978
27	CC(C)(C)c1ccc(S(=O)(=O)Nc2ccc(Cl)cc2-c2cc(Cl)cc(Cl)c2)cc1	1.0	0	0.101	0.976
27	Nc1nn2c(O)c(Cc3ccc(Cl)c(Cl)c3)c(-c3cc(Cl)ccc3)nc2n1	1.0	1	0.719	0.942
27	O=C(O)c1ccccc1Oc1c(Cl)cccc1NS(=O)(=O)c1cccc(Cl)c1	1.0	0	0.134	0.978
27	COc1cc(Oc2c(-c3ccc(C)cc3)cccc2)ccc1C	1.0	0	0.108	0.991
27	COc1cc2c(cc1NS(=O)(=O)c1ccc(Cl)cc1)occ2	1.0	0	0.152	0.979
27	CCOC(=O)N1CCC(NS(=O)(=O)c2ccc(OC(=O)c3ccccc3)c3c2cccc3)CC1	1.0	0	0.144	0.971
27	CCOC(=O)C1=C(O)C(=O)N(c2ccc(C)cc2)C1C1CCCC1	1.0	1	0.322	0.929
27	Nc1nn2c(O)c(Cc3ccccc3Cl)c(-c3ccccc3)nc2n1	1.0	1	0.419	0.957
27	O=C(c1ccncc1)c1cc(Cl)ccc1NS(=O)(=O)c1cccc(Cl)c1	1.0	0	0.136	0.98
27	COc1ncc(Cl)nc1NS(=O)(=O)c1cc(Cl)c(Cl)cc1C	1.0	0	0.134	0.951
27	O=C(C1c1ccc(Cl)cc1)c1ccccc1NS(=O)(=O)c1ccc(F)c(OCc2ccccc2)c1	0.0	0	0.0	0.0
27	CC(=O)C1=C(O)C(=O)N(c2ccccc2F)C1c1cc(Cl)ccc1	1.0	1	0.255	0.943
27	CCOc1ccncc1Nc1c(Cl)cccc1Cl	1.0	0	0.072	0.98
27	O=C(O)c1c(Oc2nccnc2NS(=O)(=O)c2ccc(Cl)c(C(F)(F)F)c2)cccc1	1.0	0	0.153	0.956
27	O=C1c2c(C(O)C(C)C)cc(C(F)(F)F)cc2C(Cc2cnccc2)C1C	1.0	0	0.155	0.585
27	O=C(NS(=O)(=O)c1ccccc1)c1ccccc1N	1.0	0	0.06	0.99
27	Cc1cc(C(=O)c2cc(Cl)ccc2NS(=O)(=O)c2ccc(OC(C)C)cc2)ccn1	1.0	0	0.184	0.972
27	CC(C)(C)c1ccc(S(=O)(=O)Nc2ccc(Br)cc2C(=O)c2ccnc(Cl)c2)cc1	1.0	0	0.164	0.969
27	Cc1cc(C(=O)c2cc(Cl)ccc2NS(=O)(=O)c2ccc(C(C)(C)C)cc2)ccn1	1.0	1	0.209	0.972
27	O=C(Nc1ccc(OC(F)(F)F)cc1)c1cc(Cl)ccc1N	1.0	0	0.107	0.986
27	Cc1ccncc1C(=O)c1cc(Cl)ccc1NS(=O)(=O)c1ccc(C(C)(C)C)cc1	1.0	0	0.09	0.971
27	Cc1c(N(Cc2ccc(C(C)(C)C)cc2)c2ccccc2)cccc2c1ccccc2	1.0	1	0.209	0.862
27	O=C(c1ccncc1)c1cc(Cl)ccc1NS(=O)(=O)c1ccc(-c2ccc(Cl)cc2)cc1	1.0	0	0.163	0.979
27	CC(=O)C(=O)N(C)c1ccc(Cl)cc1Sc1ccc(C(F)(F)F)cc1)c1ccncc1	0.0	0	0.0	0.0
27	O=S(=O)(c1cc(Cl)ccc1)N1CCCCC1C	1.0	0	0.111	0.967
27	COc1cc2c(cc1Oc1ccc(Cl)cc1)nc(N)n2C	1.0	1	0.335	0.977
27	CC(C)(c1nccs1)c1ccc(Cl)cc1C(=O)c1cc[nH]c1Cl	1.0	0	0.116	0.848
27	O=C(O)c1cc(Oc2ncc(Cl)cc2NS(=O)(=O)c2cc(Cl)c(Cl)cc2)ccc1	1.0	0	0.106	0.971
27	CC(=O)c1ccc(S(=O)(=O)Nc2ccc(Cl)cc2C(=O)c2ccncc2)cc1	1.0	0	0.107	0.98
27	O=C(C(=O)N1CCC(NS(=O)(=O)c2ccc(Cl)cc2)CC1)c1ccccc1	1.0	0	0.065	0.98
27	O=S(=O)(c1ccc(Cl)cc1)c1ccccc1-c1ccccc1	1.0	1	0.259	0.991
27	Cc1cc(Oc2c(C)cc(C)cc2)ccc1Oc1ccccc1Cn1cccn1	1.0	0	0.109	0.976
27	CCCC(=O)N1CCC(NS(=O)(=O)c2ccc(NC(=O)c3ccc(C)cc3)c3c2cccc3)CC1	1.0	0	0.135	0.971
27	Cc1c(N(Cc2ccc(C(C)(C)C)cc2)c2ccccc2)cccc2c1ccccc22	0.0	0	0.0	0.0
27	CC(=O)C1=C(O)C(O)=C(c2cc(Cl)ccc2)C1=O	1.0	0	0.17	0.941
27	COc1ccc(C(=O)c2cc(Cl)ccc2NS(=O)(=O)c2ccc(C(C)(C)C)cc2)cc1	1.0	0	0.178	0.981
27	O=C(O)c1cc(C(=O)NCc2ccc(Cl)cc2)ccc1	1.0	0	0.092	0.993
27	CC(=O)C1=C(O)C(=O)N(c2ccc(O)cc2)C1c1ccc(Cl)cc1	1.0	1	0.269	0.95
27	COC(=O)c1cccc(C(=O)c2cccc(F)c2)c1	1.0	0	0.078	0.991
27	COc1nc(Cl)cnc1NS(=O)(=O)c1c(Cl)cc(F)cc1Cl	1.0	1	0.234	0.94
27	O=C(O)c1c(Oc2cnccc2NS(=O)(=O)c2ccc(Cl)cc2)cccc1	1.0	0	0.145	0.978
27	O=C(c1ccncc1)c1cc(Cl)ccc1NS(=O)(=O)c1cc(F)ccc1	1.0	0	0.123	0.98
27	COc1cccc2c1c(NS(=O)(=O)c1ccc(Cl)cc1)cnc2	1.0	0	0.142	0.977
27	O=C(c1ccncc1)c1cc(Cl)ccc1NS(=O)(=O)c1ccc(-c2ccc(Cl)cc2)cc1	1.0	0	0.163	0.979
27	O=C(O)c1c(Oc2nccnc2NS(=O)(=O)c2ccc(Cl)c(C(F)(F)F)c2)cccc1	1.0	0	0.153	0.956
27	N#Cc1cc(S(=O)(=O)Nc2ccc(Cl)cc2C(=O)c2csc(Cl)c2)ccc1	1.0	0	0.118	0.953
27	CCNc1c(-c2cc(Cl)ccc2NS(=O)(=O)c2ccc(Cl)cc2)cccc1	1.0	0	0.137	0.98
27	CCCCCc1nc2nc(N)nn2c(O)n1	1.0	0	0.139	0.902
27	O=S(=O)(c1ccccc1)c1ccccc1Cl	1.0	0	0.081	0.992
27	O=C(c1ccccc1)c1cc(Cl)ccc1NS(=O)(=O)c1cc(Cl)c(Cl)cc1	1.0	0	0.069	0.985
27	CCc1ccc(S(=O)(=O)Nc2ncccc2NS(=O)(=O)c2ccc(C(C)(C)C)cc2)cc1	1.0	0	0.087	0.971
28	Cc1nn2c(O)c(Cc3ccc(Cl)cc3)c(Cl)nc2n1	1.0	1	0.37	0.949
28	Cc1ccccc1Cc1c(O)n2nc(N)nc2nc1Cc1ccc(Cl)cc1	1.0	0	0.116	0.944
28	CC(=O)C1=C(O)C(=O)N(c2ccc(Cl)cc2)C1C1CCCCCC1	1.0	1	0.42	0.927
28	CCOC(=O)N1CCC(NS(=O)(=O)c2ccc(OC(=O)c3ccc(F)cc3)c3c2cccc3)CC1	1.0	0	0.144	0.967
28	Cc1ccc(C(=O)c2cc(Cl)ccc2NS(=O)(=O)c2ccc(F)cc2)cc1	1.0	1	0.209	0.987
28	CC(=O)c1cccc(Oc2ccc(F)cc2NS(=O)(=O)c2ccc(OC(C)C)cc2)cc1	0.0	0	0.0	0.0
28	Oc1cc(CSc2ccc(F)cc2)nc2nc(Cc3ccccc3)nn12	1.0	0	0.089	0.956
28	Cc1ccc(NS(=O)(=O)c2ccc(Cl)cc2)cc1O	1.0	0	0.171	0.989
28	O=C(O)c1cccnc1Oc1ccccc1F	1.0	0	0.127	0.988
28	CC(=O)C1=C(O)C(=O)N(c2cc(Cl)c(Cl)cc2)C1C1CCCCCCC1	1.0	1	0.389	0.91
28	O=C(O)c1ccc(Cl)cc1O	1.0	0	0.049	0.991
28	Cc1ncc(NS(=O)(=O)c2ccc(Cl)cc2)c2ccccc1	0.0	0	0.0	0.0
28	COc1nc(Br)cnc1NS(=O)(=O)c1cccc(C)c1	1.0	0	0.09	0.964
28	CC(=O)C1=C(O)C(=O)N(c2cc(C)ccc2)C1C1CCCCC1	1.0	1	0.232	0.922
28	O=C(c1ccncc1)c1cc(Cl)ccc1NS(=O)(=O)c1ccc(-c2ccco2)cc1	1.0	0	0.116	0.973
28	O=C(c1cccc(C(=O)c2cc(Cl)ccc2)c1)C1CCCN(C(=O)Cc2ccc(Cl)cc2)C1	1.0	0	0.077	0.943
28	O=C(NS(=O)(=O)c1ccc2cccnc2c1)C(=O)CC[O]	1.0	0	0.005	0.929
28	CCCCc1nc2nc(N)nn2c(O)c1Cc1cccc(Cl)c1Cl	1.0	1	0.482	0.917
28	Cc1c(N2C(=O)c3c(C2=O)c(NS(=O)(=O)c2ccc(C(C)(C)C)cc2)ccc3Cl)cccn1	1.0	0	0.135	0.943
28	Cc1cc(C(=O)c2cc(Cl)ccc2NS(=O)(=O)c2ccc(C(C)(C)C)cc2)ccn1	1.0	1	0.209	0.972
28	CCC(=O)c1ccc(N2C(=O)c3c(C2=O)c(NS(=O)(=O)c2ccc(C(C)(C)C)cc2)ccc3Cl)nc1	1.0	0	0.005	0.932
28	O=C(O)c1c(Oc2ccccc2F)cc(Cl)cc1	1.0	0	0.166	0.989
28	Cc1ccc(C(=O)c2cc(Cl)ccc2NS(=O)(=O)c2ccc(C(C)(C)C)cc2)nc1	1.0	0	0.135	0.972
28	Cc1cc(C(=O)c2cc(Cl)ccc2NS(=O)(=O)c2ccc(-c3ccccc3)cc2)ccn1	1.0	0	0.142	0.977
28	CS(=O)(=O)Nc1cc(C(=O)NS(=O)(=O)c2ccc(Cl)cc2)ccc1	1.0	0	0.088	0.985
28	CC(=O)C1=C(O)C(=O)N(c2cc(Cl)c(Cl)cc2)C1C1CCCCCCCC1	1.0	1	0.373	0.813
28	Nc1nn2c(O)c(Cc3ccc(Cl)c(Cl)c3)c(C3CC3)nc2n1	1.0	1	0.212	0.915
28	O=C(c1ccncc1)c1cc(Cl)ccc1NS(=O)(=O)c1ccc(N2CCOCC2)cc1	1.0	0	0.144	0.973
28	CCC(=O)C1=C(O)C(=O)N(c2ccc(C)cc2F)C1c1cc(Cl)ccc1	1.0	1	0.356	0.917
28	CCc1ccc(N2C(=O)c3c(C2=O)c(NS(=O)(=O)c2ccc(C(C)(C)C)cc2)ccc3Cl)cc1	1.0	0	0.128	0.959
28	CCN(C(=O)c1ccc(Cl)cc1)c1ccccc1	1.0	1	0.203	0.992
28	Cc1cc(C(=O)c2cc(Cl)ccc2NC(=O)c2ccccc2)ccc1	1.0	0	0.173	0.99
28	Cc1ccc(N2C(=O)C(O)=C(C(=O)c3ccccc3)C2C2CCCCC2)cc1	1.0	1	0.322	0.933
28	O=C(Cc1ccc(Cl)cc1)Nc1ccc(S(=O)(=O)NC2CCN(C(=O)c3ccccc3)CC2)cc1	1.0	0	0.047	0.98
28	O=C(c1cccnc1)c1cc(Cl)ccc1NS(=O)(=O)c1cccc(Cl)c1	1.0	0	0.134	0.98
28	O=C(O)c1ccccc1Oc1ccccc1C(=O)N1CCCC1c1ccccc1Cl	1.0	0	0.098	0.952
28	Cc1cc(C(=O)c2cc(Cl)ccc2NS(=O)(=O)c2ccc(Oc3ccc(F)cc3)cc2)ccc1	1.0	0	0.181	0.979
28	CC(=O)C1=C(O)C(=O)N(c2cc(C)c(C)cc2)C1C1CCCCC1	1.0	1	0.311	0.916
28	CC(=O)c1ccc(S(=O)(=O)Nc2ccc(Br)cc2C(=O)c2cnn(C)c2)cc1	1.0	0	0.133	0.97
28	O=S(=O)(c1ccc(Cl)cc1)c1ccccc1C	1.0	0	0.109	0.992
28	Cc1ncc(C(=O)c2cc(Cl)ccc2NS(=O)(=O)c2cc(Cl)c(N)cc2)cc1	1.0	0	0.171	0.97
28	O=C(Nc1ccc(S(=O)(=O)NCc2ccccc2)cc1)c1ccc(Cl)cc1	1.0	0	0.067	0.991
28	CCC(=O)c1ccc(S(=O)(=O)Nc2ccc(Cl)cc2C(=O)c2cnc(C)cc2)cc1	1.0	0	0.121	0.974
28	CSc1nc(Br)cnc1NS(=O)(=O)c1cc(Cl)c(Cl)cc1C	1.0	0	0.15	0.915
28	O=S(=O)(Nc1cc(Cl)c(Cl)cc1Cn1ccnn1)c1cccc(Cl)c1	1.0	0	0.162	0.955
28	Cc1c(C(=O)Nc2ccc(F)cc2)nn(C)c1CC=C1CCNC1	1.0	0	0.093	0.903
28	COc1ccccc1Cn1nc(NS(=O)(=O)c2ccc(Cl)s2)c2ccccc21	1.0	0	0.149	0.966
28	COc1cc(-c2cccc(C)c2)ccc1CNS(=O)(=O)c1ccc(Cl)c(Cl)c1	1.0	0	0.097	0.982
28	CC(=O)C1=C(O)C(=O)N(c2cc(Cl)c(Cl)cc2)C1C1CCCCCCC1	1.0	1	0.389	0.91
28	CC(C)(C)c1ccc(S(=O)(=O)Nc2ccc(F)cc2C(=O)c2ccncc2)cc1	1.0	0	0.144	0.976
28	O=C(c1cnccc1)c1cc(Cl)ccc1NS(=O)(=O)c1ccc(Cl)cc1	1.0	0	0.163	0.983
28	CC(C)(C)c1ccc(S(=O)(=O)Nc2cccc3c2C(=O)N(Cc2ccncc2)C3=O)cc1	1.0	0	0.116	0.967
28	O=S(=O)(c1ccc(Cl)cc1)c1ccccc1SSCS	1.0	1	0.229	0.941
28	CC(=O)C1=C(O)C(=O)N(c2cc(Cl)c(Cl)cc2)C1C1CCCCC1	1.0	1	0.389	0.91
28	O=C(c1ccncc1)c1cc(Cl)ccc1NS(=O)(=O)c1ccc(-c2cocc2)cc1	1.0	0	0.127	0.968
28	O=C(c1ccncc1)c1cc(Cl)ccc1NS(=O)(=O)c1ccc(-c2ccncc2)cc1	1.0	0	0.126	0.975
28	Cc1c(Cl)c(O)c(C(=O)O)cc1F	1.0	0	0.077	0.968
28	O=S(=O)(c1ccc(Cl)cc1)c1ccccc1-c1ccccc1	1.0	1	0.259	0.991
28	CC(=O)c1ccc(S(=O)(=O)Nc2cccc(Oc3cc(Cl)ccc3)c2)cc1	1.0	0	0.082	0.986
28	COc1nc(Br)cnc1NS(=O)(=O)c1cccc(C(F)(F)F)c1Cl	1.0	0	0.171	0.928
28	N#Cc1ccc(Oc2ncc(Cl)cc2NS(=O)(=O)c2ccc(Cl)c(Cl)c2)cc1	1.0	0	0.121	0.969
28	Cc1ncc(C(=O)c2cc(Cl)ccc2NS(=O)(=O)c2cc(Cl)c(N)cc2)cc1	1.0	0	0.171	0.97
28	CC(=O)C1=C(O)C(=O)N(c2ccc(C)cc2)C1c1ccc(O)c(Cl)c1	1.0	1	0.327	0.937
28	CC(C)(c1ncco1)c1ccccc1S(=O)(=O)Nc1cc(Cl)c(Cl)cc1N	1.0	1	0.365	0.914
28	CCOC(=O)N1CCC(NS(=O)(=O)c2ccc(OC(=O)N3CCCCC3)c3ccccc23)CC1	1.0	0	0.117	0.959
28	CCCCC(C)(C)c1ccc(NC(=O)c2c(Cl)c(Cl)ccc2C(O)()c2ccccn2)cc1	0.0	0	0.0	0.0
28	O=C(NCCN1CCC(F)(F)C1)c1ccc(OCc2ccccc2)cc1	1.0	0	0.061	0.98
28	CCC(=O)N1CCC(NS(=O)(=O)c2ccc(NC(=O)c3cc(Cl)ccc3)c3c2cccc3)CC1	1.0	0	0.145	0.97
28	COc1nc(Cl)cnc1NS(=O)(=O)c1c(Cl)c(Cl)ccc1Cl	1.0	1	0.222	0.936
28	O=S(O)(c1ccccc1)c1cc(Cl)c(Cl)cc1	1.0	0	0.005	0.723
28	O=C(O)c1ccccc1C(=O)c1ccccc1N1CCCC1	1.0	0	0.148	0.988
28	COc1nc(Br)cnc1NS(=O)(=O)c1c(Cl)cc(Cl)s1	1.0	0	0.148	0.866
28	Cc1ccc(C(=O)c2cc(Cl)ccc2NS(=O)(=O)c2ccc(Br)cc2)cc1	1.0	1	0.232	0.985
28	Cc1cc(C(=O)c2cc(Cl)ccc2NS(=O)(=O)c2ccc(OC(C)C)cc2)ccn1	1.0	0	0.184	0.972
28	CC(=O)C1=C(O)C(=O)N(c2cccc(C)c2)C1c1ccccc1	1.0	1	0.261	0.959
28	O=C(c1ccncc1)c1cc(Cl)ccc1NS(=O)(=O)c1ccc(F)cc1	1.0	0	0.146	0.982
28	COc1ccc(OS(=O)(=O)c2ccc(Cl)cc2)cc1	1.0	0	0.09	0.991
28	CCCC(=O)C1=C(O)C(=O)N(c2ccc(C)cc2)C1C1CCCCCCC1	1.0	1	0.317	0.909
28	Cc1ccc(C(=O)c2cc(Cl)ccc2NS(=O)(=O)c2ccc(Cl)cc2)cc1	1.0	1	0.23	0.987
28	CC(C)c1ncc(CN2CCN(C(=O)c3ccccc3)CC2)cn1	1.0	0	0.084	0.981
28	CC(=O)C1=C(O)C(=O)N(c2ccc(C)cc2[O-])C1c1ccccc1	1.0	1	0.276	0.87
28	O=C(C1=C(O)C(=O)N(c2ccc(Br)cc2)C1C1CC1)c1ccccc1Cl)	0.0	0	0.0	0.0
28	Cc1ccc(S(=O)(=O)Nc2ccc(Cl)cc2C(=O)c2cnccc2)cc1	1.0	0	0.146	0.983
28	O=C(O)c1cc(Oc2ccccc2)ccc1Oc1ccccc1	1.0	0	0.104	0.991
28	CCCCCCc1nc2nc(N)nn2c(O)c1Cc1cc(Cl)ccc1	1.0	0	0.178	0.937
28	Cc1ccc(S(=O)(=O)NC(=O)CCc2ccc(C)cc2)cc1	1.0	0	0.067	0.99
28	CC(C)c1ccc(S(=O)(=O)Nc2ccc(Cl)cc2C(=O)c2ccnc(C)c2)cc1	1.0	0	0.172	0.974
28	O=C(O)c1ccc(Cl)c(NS(=O)(=O)c2cc(Cl)c(Cl)cc2)c1	1.0	0	0.133	0.986
28	CC(=O)c1cc(S(=O)(=O)Nc2ccc(Cl)cc2C(=O)c2cccnc2)ccc1	1.0	0	0.112	0.978
28	CC(=O)c1ccc(S(=O)(=O)Nc2ccc(Cl)cc2C(=O)c2cnccc2)cc1	1.0	0	0.105	0.98
28	Cc1cccc(Cl)c1S(=O)(=O)Nc1ccc(C(=O)N2CCC(Nc3ccc(F)cc3)CC2)cc1	1.0	0	0.095	0.972
28	CCCC(=O)C1=C(O)C(=O)N(c2ccc(OCc3ccc(F)cc3F)cc2)C1C1CCCCC1	1.0	1	0.234	0.878
28	Cc1ccc(N2C(=O)C(O)=C(C(=O)c3ccccc3)C2C2CCCCC2)cc1	1.0	1	0.322	0.933
28	COc1ccc(Cn2nc(NS(=O)(=O)c3ccc(Cl)s3)c3c2cccc3OC)cc1	1.0	0	0.153	0.961
28	Cc1ncc(C(=O)c2cc(Cl)ccc2NS(=O)(=O)c2cc(Cl)c(N)c(Cl)c2)cc1	1.0	0	0.171	0.962
28	O=C(O)c1ccccc1Oc1c(F)c(Cl)ccc1F	1.0	0	0.137	0.981
28	CC(=O)C1=C(O)C(=O)N(c2ccc(Br)cc2)C1c1ccc(Cl)cc1	1.0	1	0.437	0.951
28	Cc1ncccc1C(=O)Nc1ccc(S(=O)(=O)NC2CCNCC2)cc1	1.0	0	0.07	0.974
28	O=S(=O)(Nc1cc(F)c(F)c2ccccc12)c1ccccc1Cl	1.0	0	0.145	0.98
28	O=C(c1cccc(C(=O)c2ccc(F)cc2)c1)c1ccccc1	1.0	0	0.115	0.992
29	O=C(Nc1ccccc1C(=O)N1CCOCC1)c1ccccc1	1.0	0	0.094	0.991
29	O=C(c1c(-c2c(Cl)cccc2NS(=O)(=O)c2ccc(Cl)cc2)cccc1)Cc1ccccc1	1.0	0	0.1	0.976
29	COc1ccccc1Cc1c(O)n2nc(N)nc2nc1Cc1ccccc1	1.0	1	0.37	0.951
29	CC(=O)c1ccc(N2CCN(C)CC2)cc1	1.0	0	0.048	0.991
29	CCc1nc2nc(N)nn2c(O)c1Cc1ccc(Cl)c(F)c1	1.0	1	0.455	0.921
29	O=C(NS(=O)(=O)c1ccccc1)c1ccc(Cl)c(Cl)c1	1.0	0	0.139	0.99
29	CC(=O)C1=C(O)C(=O)N(c2ccc(Cl)cc2)C1c1ccccc1	1.0	1	0.441	0.962
29	Nc1nn2c(O)c(Cc3ccccc3)c(-c3ccccc3)nc2n1	1.0	1	0.421	0.966
29	CC(C)(C)c1ccc(S(=O)(=O)Nc2ccc(F)cc2)cc1	1.0	0	0.125	0.99
29	Cc1ccnc(NS(=O)(=O)c2ccc(Cl)cc2)c1	1.0	0	0.138	0.987
29	CC(=O)C1=C(O)C(=O)N(c2ccc(C)cc2)C1c1ccc(F)cc1	1.0	1	0.34	0.957
29	O=S(=O)(Nc1cc(Cl)ccc1Cn1ccnn1)c1ccccc1	1.0	0	0.171	0.973
29	O=C(c1ccc(Cc2ccccc2)cc1)c1ccc(O)cc1	1.0	0	0.076	0.992
29	N#Cc1cc2c(cc1)-c1ccccc1CC2	1.0	0	0.056	0.985
29	O=C(c1ccc(Oc2ccccc2)cc1)c1cccc(C(F)(F)F)c1	1.0	0	0.082	0.989
29	Cc1cc(NS(=O)(=O)c2cccc(F)c2)c(C)cc1	1.0	0	0.102	0.99
29	O=C(NCCN1CCC(F)(F)C1)c1cc(Cl)ccc1NS(=O)(=O)c1ccc(-c2cnc(C(O)c3ccccc3)cc2)cc1	1.0	0	0.005	0.826
29	COc1ccccc1Cc1c(O)n2nc(N)nc2nc1Cc1ccccc1C	1.0	1	0.371	0.94
29	O=C(c1cccnc1)c1cc(Cl)ccc1NS(=O)(=O)c1ccc(-c2ccco2)cc1	1.0	0	0.113	0.973
29	O=C(O)c1c(Oc2ccc(F)cc2)cccc1[O-]	1.0	0	0.179	0.963
29	CC(=O)C1=C(O)C(=O)N(c2ccc(Cl)cc2)C1c1ccc(F)c(F)c1)	0.0	0	0.0	0.0
29	CCc1nc2nc(N)nn2c(O)c1Cc1ccc(Cl)c(F)c1	1.0	1	0.455	0.921
29	O=S(=O)(Nc1cc(Cl)c(Cl)cc1Cn1ccnn1)c1ccc(Cl)cc1	1.0	1	0.258	0.96
29	CC(=O)C1=C(O)C(=O)N(c2ccc(C(C)(C)C)cc2)C1C1CCCCC1	1.0	1	0.354	0.911
29	O=C(O)c1cc(Cl)ccc1Sc1ccc(Cl)c(C(F)(F)F)c1	1.0	1	0.233	0.973
29	O=C(NCCO)c1ccccc1NS(=O)(=O)c1ccc(Cl)cc1	1.0	0	0.079	0.988
29	CC(=O)C1=C(O)C(=O)N(c2cc(F)ccc2)C1c1cc(Cl)ccc1	1.0	1	0.242	0.945
29	O=C(NCC(=O)N1CCCCO1)c1cc(Cl)ccc1N1CCCC1=O	1.0	0	0.095	0.945
29	CC(=O)c1ccc(S(=O)(=O)Nc2ccc(Cl)cc2C(=O)c2ccncn2)cc1	1.0	0	0.125	0.971
29	Cc1c(N2C(=O)c3c(C2=O)c(NS(=O)(=O)c2ccc(C(C)(C)C)cc2)ccc3Cl)cccc1	1.0	0	0.136	0.96
29	CC(=O)C1=C(O)C(=O)N(c2ccccc2)C1C1CCCCCC1	1.0	1	0.242	0.935
29	O=C(O)c1c(Oc2ccc(Cl)cc2C(=O)c2ccccc2)cccc1	1.0	0	0.14	0.988
29	CC(=O)C1=C(O)C(=O)N(c2ccc(C)cc2)C1c1cc(Cl)ccc1N	1.0	1	0.335	0.928
29	Cc1cc(C(=O)c2cc(Cl)ccc2NS(=O)(=O)c2ccc(-c3ccccc3)cc2)ccn1	1.0	0	0.142	0.977
29	Oc1cc(CSc2cccc(F)c2F)nc2nc(Cc3ccccc3)nn12	1.0	0	0.084	0.937
29	COc1nc(Cl)cnc1NS(=O)(=O)c1c(Cl)c(Cl)ccc1C()	0.0	0	0.0	0.0
29	Nc1nc2nc(NC(=O)C=CCCCN)ccc2cc1	1.0	0	0.068	0.937
29	CC(=O)C1=C(O)C(=O)N(c2ccc(C(C)(C)C)cc2)C1c1cc(Cl)ccc1	1.0	1	0.386	0.938
29	O=C(c1ccncc1)c1cc(Cl)ccc1NS(=O)(=O)c1c(Cl)c(Cl)ccc1	1.0	0	0.075	0.974
29	CC(=O)C1=C(O)C(=O)N(c2ccc(Cl)cc2)C1c1cc(Cl)ccc1	1.0	1	0.426	0.952
29	CC(=O)C1=C(O)C(=O)N(c2cccc(C)c2)C1c1ccc(C)cc1	1.0	1	0.26	0.954
29	CC(=O)C1=C(O)C(=O)N(c2cccc(Cl)c2)C1C1CCCCC1	1.0	1	0.227	0.92
29	CC(=O)C1=C(O)C(=O)N(c2cccc(C)c2)C1c1ccccc1	1.0	1	0.261	0.959
29	CC(=O)c1ccc(S(=O)(=O)Nc2ccc(Br)cc2C(=O)c2c(C)cccc2)cc1	1.0	0	0.08	0.981
29	Cc1cc(NC(=O)CCC(=O)N2CCc3ccccc3C2)ccc1	1.0	0	0.065	0.986
29	COc1nc(Br)cnc1NS(=O)(=O)c1cccc(C(C)(C)C)c1	1.0	0	0.181	0.957
29	COc1ccc(C(=O)c2ccc(C(=O)Nc3ccc(C#N)cc3)cc2)cc1	1.0	0	0.078	0.99
29	COc1cc(CC(=O)c2cc(Cl)ccc2)cc(OC)c1	1.0	0	0.119	0.988
29	Cc1ccc(C(=O)c2cc(Cl)ccc2NS(=O)(=O)c2ccc(C(C)(C)C)cc2)cc1	1.0	1	0.228	0.982
29	O=C(c1ccncc1)c1cc(Cl)ccc1NS(=O)(=O)c1ccc(N)cc1	1.0	0	0.142	0.979
29	Cc1c(C(=O)c2cc(Cl)ccc2NS(=O)(=O)c2ccc(C(C)(C)C)cc2)cccn1	1.0	0	0.113	0.973
29	CC(=O)C1=C(O)C(=O)N(c2cc(F)ccc2)C1c1cccc(C)c1	1.0	1	0.254	0.946
29	O=S(=O)(Nc1cc(Cl)c(Cl)cc1Cn1ccnc1)c1ccccc1	1.0	0	0.129	0.971
29	CC(C)(C)c1ccc(S(=O)(=O)Nc2ccc(Cl)cc2C(=O)c2cccc3ccccc23)cc1	1.0	0	0.173	0.977
29	O=C(NCCN1CCC(F)(F)C1)c1ccc(Cl)cc1NS(=O)(=O)c1ccc(Cl)cc1	1.0	1	0.228	0.962
29	COc1ccc(CN2C(=O)c3c(C2=O)c(NS(=O)(=O)c2ccc(C(C)(C)C)cc2)ccc3Br)cc1	1.0	0	0.12	0.956
29	O=C(c1ccncc1)c1cc(Cl)ccc1NS(=O)(=O)c1ccc(C(C)(C)C)cc1	1.0	0	0.125	0.977
29	O=C(Nc1ccc(Br)cc1)c1cc(Cl)ccc1Nc1ccccc1	1.0	0	0.12	0.99
29	CC(=O)C1=C(O)C(=O)N(c2ccc(Cl)cc2)C1c1ccc(Cl)cc1	1.0	1	0.428	0.956
29	CC(C)(C)c1ccc(S(=O)(=O)Nc2ccccc2)cc1	1.0	0	0.064	0.992
29	O=S(=O)(Nc1cc(Cl)ccc1Cn1ccnn1)c1ccccc1	1.0	0	0.171	0.973
29	COC(=O)CCc1ccc(S(=O)(=O)Nc2ccc(Cl)cc2C(=O)c2cnc(OC)cn2)cc1	1.0	0	0.177	0.958
29	CC(=O)c1ccc(N2CCC(NS(=O)(=O)c3ccc(Cl)c(C(F)(F)F)c3)CC2)cc1	1.0	0	0.089	0.971
29	CC(=O)C1=C(O)C(=O)N(c2cc(Cl)c(Cl)cc2)C1c1ccc(Cl)cc1	1.0	1	0.422	0.945
29	CC(C)(C)c1ccc(S(=O)(=O)Nc2ccc(Cl)cc2-c2cccnn2)cc1	1.0	0	0.134	0.971
29	CCCC(=O)N1CCC(NS(=O)(=O)c2ccc(OCc3ccccc3)cc2)CC1	1.0	0	0.053	0.983
29	COc1nc(Cl)cnc1NS(=O)(=O)c1cc(Cl)ccc1Cl	1.0	0	0.181	0.961
29	Nc1nn2c(O)c(Cc3ccccc3)c(-c3cc(Cl)ccc3)nc2n1	1.0	1	0.408	0.958
29	CC(=O)C1=C(O)C(=O)N(c2ccc(C)cc2)C1c1c(Cl)cccc1	1.0	1	0.338	0.953
29	CC(=O)C1=C(O)C(=O)N(c2ccc(F)cc2F)C1c1ccc(Cl)cc1	1.0	1	0.329	0.938
29	CC(=O)c1c(C)oc2c1cc(NS(=O)(=O)c1c(Cl)c(Cl)ccc1)c1ccc(Cl)cc21	1.0	1	0.294	0.948
29	O=S1(=O)NC(Nc2ccc(Br)cc2)=Nc2c1cc(Cl)cc2O	1.0	0	0.157	0.876
29	Cc1ccccc1CNC(=O)Cc1ccc(Cl)cc1	1.0	0	0.107	0.993
29	COc1nc(F)cnc2c1NS(=O)(=O)c1ccccc12	0.0	0	0.0	0.0
29	CC(=O)C1=C(O)C(=O)N(c2ccc(C)cc2)C1c1cccc(C(F)(F)F)c1	1.0	1	0.29	0.938
29	COc1ccc(NS(=O)(=O)c2ccc(C(C)C)cc2)cc1C	1.0	0	0.117	0.989
29	O=C(NCCO)c1ccccc1Oc1ncc(Cl)cc1NS(=O)(=O)c1ccc(Cl)cc1	1.0	0	0.19	0.97
29	CCC(=O)C1=C(O)C(=O)N(c2cccc(C)c2)C1c1cc(Cl)ccc1	1.0	1	0.262	0.935
29	C=CC(=O)Nc1ncc(C)nc1NS(=O)(=O)c1cccc(Cl)c1C	1.0	0	0.085	0.944
29	O=C(O)c1ccccc1Oc1ccc(C(F)(F)F)cc1NS(=O)(=O)c1cccc(Cl)c1	1.0	0	0.155	0.975
29	O=C(c1ccncc1)c1cc(Br)ccc1NS(=O)(=O)c1cc(F)c(Cl)cc1	1.0	0	0.12	0.974
29	O=C(O)c1ccc(Oc2ccc(Cl)cc2NS(=O)(=O)c2ccc(Cl)c(Cl)c2)cc1	1.0	0	0.143	0.982
29	CC(=O)C1C(=O)c2c(NC(=O)C3CCCCC3)cccc2Nc2ccc(cc2)C1NC(C)(C)C	1.0	0	0.132	0.171
29	Cc1c(Oc2ccc(Cl)cc2NS(=O)(=O)c2ccc(Cl)c(C(F)(F)F)c2)cccn1	1.0	0	0.126	0.966
29	Cc1cc(NS(=O)(=O)c2ccc(Cl)c(C(F)(F)F)c2)ccn1	1.0	0	0.095	0.974
29	CCCCCCCc1cn(C)nc1Nc1ccc(Cl)cc1	1.0	0	0.125	0.975
29	O=C(c1ccncc1)c1cccc(C(F)(F)F)c1Cl	1.0	0	0.108	0.978
29	N#Cc1cc(S(=O)(=O)Nc2ccc(C(=O)Nc3ccc(C(C)(C)C)cc3)cc2)ccc1	1.0	0	0.07	0.981
29	CC(=O)C(=O)NS(=O)(=O)c1ccc(Cl)cc1	1.0	0	0.067	0.982
29	Cc1ccccc1C(=O)c1cc(Cl)ccc1NS(=O)(=O)c1ccc(Cl)cc1	1.0	0	0.148	0.985
29	O=S(=O)(Nc1cc(Cl)ccc1Cn1ccnn1)c1cccc(Cl)c1	1.0	0	0.166	0.966
29	CC(=O)C1=C(O)C(=O)N(c2cc(C)c(Cl)cc2)C1C1CCCCC1	1.0	1	0.397	0.907
29	CC(=O)C1=C(O)C(=O)N(c2cc(F)ccc2)C1c1cc(Cl)ccc1	1.0	1	0.242	0.945
29	O=C(NS(=O)(=O)c1ccccc1)c1ccccc1F	1.0	0	0.09	0.991
29	O=C(O)c1c(Oc2ccc(F)cc2NS(=O)(=O)c2ccc(Cl)s2)cccc1	1.0	0	0.128	0.974
29	Cc1ccccc1Cc1c(Cl)c(Cl)ccc1-c1ccc(Br)cc1	1.0	0	0.184	0.981
29	CCC(=O)C1=C(O)C(=O)N(c2cccc(C)c2)C1c1cc(Cl)ccc1	1.0	1	0.262	0.935
29	CCn1nc(-c2ccncc2)ccc1=O	1.0	0	0.059	0.981
29	O=S(=O)(Nc1cc(Cl)ccc1Cn1ccnn1)c1cc(Cl)ccc1	1.0	0	0.166	0.966
29	O=C(c1ccncc1)c1cc(Cl)ccc1NS(=O)(=O)c1cc(Cl)c(Cl)cc1C	1.0	0	0.107	0.971
30	Cc1cc(O)cc(C)c1NS(=O)(=O)c1ccc(Cl)cc1ClC	0.0	0	0.0	0.0
30	COc1ncc(C(=O)Nc2cc(C)cc(C)c2)cc1C	1.0	0	0.086	0.982
30	O=C(c1cnccc1)c1cc(Cl)ccc1NS(=O)(=O)c1ccc(Cl)cc1	1.0	0	0.163	0.983
30	O=C(O)C1c2ccccc2Cc2ccccc21	1.0	0	0.111	0.978
30	CCc1ccc(N2C(=O)C(O)=C(C(=O)c3ccccc3)C2C2CCCCC2)cc1	1.0	1	0.317	0.928
30	Cc1cc(C)c(S(=O)(=O)Nc2ccc(Cl)cc2C(=O)c2ccccn2)cc1	1.0	0	0.154	0.977
30	CC(=O)C1=C(O)C(=O)N(c2cccc(F)c2)C1Cc1ccc(Cl)c(Cl)c1	1.0	0	0.125	0.91
30	Cc1nn2c(O)c(Cc3ccc(Cl)cc3)c(-c3ccc(OC(F)(F)F)cc3)nc2n1	1.0	1	0.29	0.944
30	N#Cc1ccncc1-c1cccc(Cl)c1C(N)=C(C(=O)O)c1ccccc1	1.0	0	0.199	0.939
30	CC1(c2ccccc2)NC(=O)NC1=O	1.0	0	0.041	0.95
30	Oc1cc(CSc2cccc(F)c2F)nc2nc(Cc3ccccc3)nn12	1.0	0	0.084	0.937
30	Cc1cc(C(=O)c2cc(Cl)ccc2NS(=O)(=O)c2ccc(-c3ccccc3)cc2)ccc1	1.0	0	0.143	0.983
30	Nc1nn2c(O)c(Cc3cc(Cl)c(Cl)cc3)c(-c3cc(Cl)ccc3)nc2n1	1.0	1	0.719	0.942
30	COc1nc(CO)c(C(=O)c2cc(Cl)ccc2NS(=O)(=O)c2ccc(Cl)cc2)cc1	1.0	0	0.187	0.963
30	O=C(O)c1c(C(=O)c2ccccc2)cccc1BrO	0.0	0	0.0	0.0
30	O=C(c1ccccc1)c1ccccc1C(=O)c1cc(Cl)c(Cl)cc1	1.0	0	0.2	0.99
30	CC(=O)C1=C(O)C(=O)N(c2ccc(F)cc2)C1c1ccc(Cl)cc1	1.0	1	0.32	0.956
30	CCCCc1nc2nc(N)nn2c(O)c1Cc1cccc(Cl)c1	1.0	1	0.309	0.935
30	O=C(O)c1c(Oc2ccc(Cl)cc2C(=O)c2ccccc2)cccc1	1.0	0	0.14	0.988
30	COc1cccnc1NS(=O)(=O)c1ccc(Cl)cc1C	1.0	0	0.164	0.98
30	O=C(O)c1c(Oc2ccc(Cl)cc2)cccc1[O-]	1.0	1	0.224	0.963
30	Cc1cc(NS(=O)(=O)c2cccc(Cl)c2)c(C)nc1	1.0	0	0.084	0.981
30	CCOCC(=O)Nc1ccc(S(=O)(=O)Nc2ccccc2)cc1	1.0	0	0.052	0.99
30	COc1nc(CSc2ccc(Cl)cc2)nc(Nc2ccc(Cl)cc2)c1C#N	1.0	1	0.228	0.962
30	COc1ccc(NS(=O)(=O)c2ccc(N(C)C(=O)c3ccc(C)cc3)cc2)cc1	1.0	0	0.12	0.986
30	COc1nc(Br)cnc1NS(=O)(=O)c1ccc(Cl)cc1	1.0	0	0.19	0.968
30	COc1nc(Cl)cnc1NS(=O)(=O)c1ccc(Cl)cc1C(	0.0	0	0.0	0.0
30	CC(=O)c1ccc(S(=O)(=O)Nc2ccc(Br)cc2C(=O)c2cnc(C)cc2)cc1	1.0	0	0.179	0.975
30	O=S(=O)(NCCCN1CCC(O)(c2ccc(Cl)cc2)CC1)c1ccc(F)cc1	1.0	0	0.159	0.973
30	O=S(=O)(NC1CCN(S(=O)(=O)c2ccc(OC(CN4CC(C(=O)O)(C)C(F)(F)F)CC4)c3)CC2)cc1	0.0	0	0.0	0.0
30	CC(C)(C)c1ccc(S(=O)(=O)Nc2cc(Cl)ccc2C(=O)c2ccncc2)cc1	1.0	0	0.105	0.976
30	Cc1cc(Oc2c(C(=O)O)cccc2)c(NS(=O)(=O)c2ccc(Cl)cc2)cc1	1.0	0	0.13	0.983
30	O=C(NCCN1CCN(c2ccccc2)CC1)c1cc(Cl)ccc1N	1.0	0	0.049	0.986
30	O=S(=O)(Nc1cc(Cl)ccc1Cn1ccnn1)c1cccc(OC(N)O)c1	1.0	0	0.08	0.846
30	O=C(NCCN=c1cc(O)nc(O)c1)c1ccccc1C	0.0	0	0.0	0.0
30	COc1nc(Br)cnc1NS(=O)(=O)c1cccc(C)c1	1.0	0	0.09	0.964
30	COc1ccc(NS(=O)(=O)c2cc(C)ccc2)cc1C1	0.0	0	0.0	0.0
30	O=C(O)c1c(Oc2ccccc2)cccc1NC(=O)c1ccccc1F	1.0	0	0.189	0.986
30	COc1cccc2c(NCc3ccccc3)nc(NS(=O)(=O)c3ccc(Cl)cc3)cc12	1.0	0	0.116	0.976
30	CCOC(=O)N1CCC(NS(=O)(=O)c2ccc(OC(=O)c3ccccc3)c3ccccc23)CC1	1.0	0	0.144	0.971
30	CC(=O)C1=C(O)C(=O)N(c2ccc(F)cc2)C1c1ccc(Cl)cc1	1.0	1	0.32	0.956
30	O=C(Nc1cncc(Cl)c1)c1ccc(C(F)(F)F)cc1	1.0	0	0.097	0.985
30	COc1cccc(Cn2nc(NS(=O)(=O)c3ccc(Cl)s3)c3c2cccc3OC)cc1	0.0	0	0.0	0.0
30	COc1cc(NS(=O)(=O)c2ccc(S(=O)(=O)Nc3ccc(C)cc3C)cc2)ccc1C	1.0	0	0.103	0.981
30	Cc1cc(Oc2c(C(=O)NS(=O)(=O)c3ccccc3)c(Cl)c(N3CCOCC3)c2)ccn1	0.0	0	0.0	0.0
30	COc1ccc(SCc2nc3nc(Cc4ccccc4)nn3c(O)c2)cc1C	1.0	0	0.12	0.949
30	O=C(c1ccncc1)c1cc(Cl)ccc1NS(=O)(=O)c1ccc(Cl)cc1	1.0	0	0.158	0.983
30	O=C(NS(=O)(=O)c1ccccc1)c1ccc(N)cc1	1.0	0	0.084	0.991
30	CC(C)(C)c1ccc(S(=O)(=O)Nc2ccc(Cl)cc2C(=O)c2cnc(S(C)(=O)=O)cc2)cc1	1.0	0	0.153	0.961
30	CC(C)(C)c1ccc(S(=O)(=O)Nc2ccc(Cl)cc2-c2c(O)c(O)ccc2)cc1	1.0	0	0.145	0.971
30	CC(=O)C(=O)Nc1ccc(F)cc1F	1.0	0	0.07	0.986
30	CCN(C(=O)Cc1ccc(S(C)(=O)=O)cc1)C1CCN(CCC(c2ccccc2)c2ccccc2)CC1	1.0	0	0.005	0.963
30	O=C(Nc1ccc(C(=O)N2CCCCC2)cc1)c1ccccc1	1.0	0	0.078	0.993
30	O=C(O)c1c(OCCc2nc(CSc3ccccc3)c(C(=O)c3ccccc3)ccc2)cccc1	0.0	0	0.0	0.0
30	COc1c(NS(=O)(=O)c2ccc(Cl)cc2)cccc1	1.0	0	0.105	0.993
30	O=C(c1ccncc1)c1cc(Cl)ccc1NS(=O)(=O)c1ccc(Cl)cc1	1.0	0	0.158	0.983
30	O=S(=O)(Nc1cc(Cl)ccc1Cn1ccnn1)c1cccc(F)c1	1.0	0	0.167	0.965
30	O=C(C1=C(O)C(=O)N(c2cccc(C(=O)c3ccccc3)c2)C1=O)c1cc(Cl)ccc1	1.0	0	0.133	0.963
30	CCCCNS(=O)(=O)c1c(Cl)cc(Cl)cc1Cl	1.0	0	0.076	0.979
30	COc1cc(Oc2cc(C)ccn2)ccc1NC(=O)Cc1ccccc1)c1ccccc1	0.0	0	0.0	0.0
30	O=C(O)c1c(Oc2nccnc2NS(=O)(=O)c2ccc(Cl)cc2)cccc1	1.0	0	0.098	0.974
30	CC(C)(C)c1ccc(S(=O)(=O)Nc2ccc(Cl)cc2-c2c(O)c(F)ccc2)cc1	1.0	0	0.145	0.972
30	O=C(Nc1ccc(S(=O)(=O)Nc2cccc(C(CCN)C(=O)O)c2)cc1)c1ccccc1	1.0	0	0.1	0.949
30	O=C(O)c1c(Oc2ccc(Cl)cc2Cl)cccc1	1.0	0	0.165	0.991
30	CC(C)c1nc2nc(N)nn2c(O)c1Cc1ccc(Cl)cc1	1.0	1	0.227	0.937
30	O=S(=O)(c1ccc(Cl)cc1)c1cc(Cl)ccc1Cl	1.0	0	0.193	0.989
30	COc1nc(F)c(F)nc1NS(=O)(=O)c1ccc(Cl)c(Cl)c1	1.0	0	0.129	0.943
30	O=C(Nc1ccc(N2CCCC2)cc1)c1ccccc1	1.0	0	0.084	0.994
30	CC(=O)NCc1cc(Cn2ncc3c(N)ncnc32)ccc1	1.0	0	0.115	0.971
30	O=C(O)c1c(Oc2ccc(Cl)cc2Cl)cccc1[O-]	1.0	0	0.165	0.953
30	CC(=O)Nc1ccc(C(=O)c2cc(Cl)ccc2NS(=O)(=O)c2ccc(C(C)(C)C)cc2)cc1	1.0	0	0.173	0.978
30	CC(=O)c1ccc(N2CCCC2)c(NS(=O)(=O)c2ccc(Cl)c(Cl)c2)c1	1.0	1	0.237	0.98
30	c1ccc(Cl)cc1Oc1ccccc1	1.0	0	0.059	0.995
30	O=C(Nc1ccc(Oc2ccc(Cl)cc2)c(Cl)c1)c1ccccc1	1.0	0	0.091	0.992
30	Nc1nn2c(O)c(Cc3cccc(F)c3)c(-c3ccccc3)nc2n1	1.0	1	0.489	0.957
30	O=C(c1ccc(Cl)nc1)c1ccc(Cl)s1	1.0	0	0.111	0.973
30	CCCC(=O)N1CCC(NS(=O)(=O)c2ccc(NC(=O)c3c(C)cccc3)c3c2cccc3)CC1	1.0	0	0.136	0.969
30	COc1nc(C)c(N2C(=O)c3c(C2=O)c(NS(=O)(=O)c2ccc(C(C)(C)C)cc2)ccc3Cl)cc1	1.0	0	0.136	0.93
30	O=C(Nc1ccc(S(=O)(=O)Nc2ccccc2)c2ccccc12)c1ccccc1	1.0	0	0.096	0.988
30	CCC(CC)Cc1nc2cc(CC)noc2n1Cc1cc(Cl)ccc1	0.0	0	0.0	0.0
30	Cn1nnc(Cl)c1C(=O)Nc1ccc(N(C(=O)C(=O)c2ccccc2)c2ccccc2)cc1	1.0	0	0.148	0.943
30	O=C(Nc1ccc(Oc2ccccc2)cc1)c1ccc(Cl)cc1	1.0	0	0.07	0.994
30	CS(=O)(=O)c1ccc(S(=O)(=O)Nc2ccc(Cl)cc2C(=O)c2cnccc2)cc1	1.0	0	0.105	0.977
30	O=C(Nc1cc(F)ccc1Cn1ccnn1)c1ccccc1C	1.0	0	0.111	0.975
30	O=S(=O)(Nc1cc(Cl)ccc1Cn1ccnn1)c1ccc(Cl)c(Cl)c1	1.0	1	0.241	0.963
30	CCc1ccc(C(=O)c2cc(Cl)ccc2NS(=O)(=O)c2ccc(C)cc2)cc1	1.0	0	0.182	0.986
30	O=S(=O)(Nc1cc(Cl)c(F)cc1)c1ccccc1	1.0	0	0.073	0.992
30	COc1nc(Br)cnc1NS(=O)(=O)c1ccc(Cl)cc1C	1.0	0	0.116	0.956
30	O=S(=O)(c1ccc(Cl)cc1)c1ccccc1-c1ccccc1F	1.0	1	0.263	0.988
30	Cc1ccc(N2C(=O)C(=O)c3ccccc32)cc1Cl	1.0	1	0.314	0.984
30	Cc1cc(C(=O)c2cc(Cl)ccc2NS(=O)(=O)c2ccc(-c3ccccc3)cc2)ccc1	1.0	0	0.143	0.983
30	O=C(O)c1ccccc1Oc1ccccc1F	1.0	0	0.116	0.992
30	Cc1cccc(N2C(=O)C(O)=C(C(=O)c3ccccc3)C2C2CCCCC2)c1	1.0	0	0.184	0.927
30	O=S(=O)(Nc1cc(Cl)ccc1Cn1ccnn1)c1ccccc1	1.0	0	0.171	0.973
30	NNC(=O)c1ccc(O)cc1O	1.0	0	0.037	0.98
30	CC(=O)c1c(C)nc(NS(=O)(=O)c2ccc(Cl)cc2)cc1	1.0	0	0.126	0.981
30	COc1ccc(CNc2nc(NC(=O)Cc3ccc(Cl)cc3)c3ccccc3n2)cc1	1.0	0	0.102	0.98
30	Fc1ccc(-c2ccc(Cl)cc2)cc1-c1ccc(O)cc1C	1.0	0	0.168	0.987
30	CC(=O)C1=C(O)C(=O)N(c2ccc(Cl)cc2)C1c1ccc(C)cc1	1.0	1	0.436	0.958
30	CCc1c(OC)cnc(NS(=O)(=O)c2ccc(Cl)cc2)c1	1.0	0	0.145	0.978
