Epoch	SMILES	Valid	Desired	CDPKit_ROCS_Aggregate_5refs_TanimotoCombo	SA
1	NS(=O)(=O)N1CCc2nc(C#Cc3ccccc3)sc2C1	1.0	0	0.757	0.908
1	O=C(CSc1nnnn1-c1ccc(Br)cc1)Nc1c(F)cccc1F	1.0	0	0.856	0.976
1	Oc1nc2ccccc2c(NC2CCCNC2)c1-c1nc2ccccc2[nH]1	1.0	0	0.751	0.878
1	O=C(Nc1cccc(Cl)c1)C1CCN(S(=O)(=O)c2ccc(N3CCOCC3)nc2)CC1	1.0	0	0.0	0.973
1	CCOc1cc(C(=O)N(C)C2CCCN(Cc3ccc(F)cc3)C2)cc(OC)c1Cl	1.0	0	0.761	0.928
1	Nc1cc(O)cc(-c2nc3ncccc3o2)c1	1.0	0	0.728	0.958
1	Cc1ccc(C(=O)OC(C)C(=O)NC(=O)c2ccccc2)cc1	1.0	1	0.937	0.979
1	Cc1csc(N2CCN(C(=O)CN3C(=O)COc4ccc(S(=O)(=O)Nc5ccc(N6CCOCC6)cc5)cc43)CC2)n1	1.0	0	0.0	0.921
1	NCCNc1nc(-c2cccnc2)nc2sc(C)c(C)c12	1.0	0	0.762	0.96
1	CC(C)(C)c1cc(NC(=O)N2CCCN(C(=O)Cn3ccc(C(F)(F)F)n3)CC2)no1	1.0	0	0.0	0.924
1	Clc1cccc2c1CC21C2CCN1CC2	1.0	0	0.704	0.225
1	O=[N+]([O-])c1ccccc1C=CC=CC=Cc1ccccc1	1.0	0	0.636	0.969
1	CCc1ccc(NC(=O)c2ccc3nc(C(C)C)oc3c2)nc1	1.0	0	0.767	0.971
1	CCCCCCc1ccc(CCc2cc(NC(=O)Cc3ccccc3)ccc2OCC)cc1	1.0	0	0.0	0.982
1	CCc1noc(C)c1C(=O)N1CCCC(c2ccc(F)cc2)=N1	1.0	0	0.895	0.944
1	Brc1ccc(CN2CCC(NCCCCc3c[nH]c4ccccc34)CC2)cc1	1.0	0	0.58	0.977
1	CC(=O)Nc1cccnc1NCC(=O)c1ncc(CC(F)(F)F)cc1Cl	1.0	0	0.794	0.922
1	CC(C)(C)OC(=O)N1CC2C(=O)N(c3cccc(CNS(C)(=O)=O)c3)CC21	1.0	0	0.794	0.766
1	Cc1ccccc1NC(=S)N(C)C(C)c1ccccc1	1.0	1	1.031	0.969
1	O=C(Nc1nnc(-c2ccncc2)o1)N1CCCNCC1	1.0	0	0.825	0.96
1	COc1ccccc1C(NC(=O)C1CCCCC1)c1[nH]c2ccccc2c1CCN1CCOCC1	1.0	0	0.0	0.883
1	O=C(NO)c1ccccc1SS	1.0	0	0.667	0.934
1	COc1ccc(C2CC(=O)C3C(=Nc4ccccc4CC3)C2)cc1	1.0	1	0.959	0.834
1	C=CCn1c(SCC(=O)NC2CCS(=O)(=O)C2)nnc1-c1ccco1	1.0	0	0.825	0.87
1	CC(C(=O)NCc1ccc(C(F)(F)F)cc1C#N)c1ccc(NS(C)(=O)=O)c(F)c1	1.0	0	0.689	0.887
1	CCNC(=O)Nc1ccc2c(c1)c(SS(=O)(=O)CCC)n2C	0.0	0	0.0	0.0
1	O=C(C=S(O)(O)=Cc1ccccc1)N1CCOCC1	1.0	0	0.742	0.888
1	[O-][n+]1onc2ccc(-c3nn[nH]n3)cc21	1.0	0	0.752	0.856
1	O=C(O)c1cc2nc(-c3ccccc3)n(-c3ccc(Cl)cc3)c2nc1O	1.0	0	0.814	0.967
1	CC(C)(O)COc1ccc(Cc2ccc3c(-c4ccc(F)cc4)cc(C(N)=O)nc3c2)cc1	1.0	0	0.0	0.96
1	CC12CN(c3ccc(F)cc3N)CCN1Cc1cc(Cl)ccc1N2	1.0	1	0.921	0.79
1	CC(C)(C)NS(=O)(=O)c1ccc(-c2ccc3cc(OC4CCN(C(=O)OCc5ccccc5)CC4)cn3c2)cc1	1.0	0	0.0	0.917
1	CNc1nc(C)c2ncn(C3OC(CO)C(O)C3O)c2n1	1.0	0	0.807	0.637
1	CCCCCOC(=O)C1C(C)=NC2=CCCC(=O)C2C12C(=O)N(C)c1ccccc12	1.0	0	0.899	0.277
1	COc1ccc(C(=O)NN=Cc2ccc(O)cc2Cl)cc1OC	1.0	0	0.727	0.982
1	Oc1ccccc1-c1cc(C(O)Nc2ccc3ccccc3c2)[nH]n1	1.0	1	0.911	0.896
1	CC(=O)N1CCC(=C2c3ccc(Cl)cc3CCc3cccnc32)CC1	1.0	1	0.917	0.953
1	Cc1ccc(Nc2n[nH]c(SCc3ccon3)n2)cc1	1.0	0	0.875	0.935
1	COc1cc(NC(=O)Nc2ccc(-c3nsc(O)n3)cc2)ccc1C(C)C	1.0	0	0.603	0.958
1	NC(=O)Nc1sc(-c2ccc(Cl)cc2)cc1C(=O)c1ccsc1	1.0	0	0.815	0.962
1	O=C(CN1C(=O)C(=Cc2cccnc2)SC1=S)Nc1ccccc1	1.0	0	0.846	0.979
1	CCCCc1cccc2c1S(=O)(=O)c1ccc(N3CCC(NC)C3C)cc1CC2	1.0	0	0.785	0.623
1	Cn1nccc1C(=O)N1CCC(O)(c2ccc(Cl)cc2)CC1	1.0	1	1.001	0.964
1	COc1ccccc1-n1nc2ccc(OCC(=O)N3CC4CC(C3)c3cccc(=O)n4C3)nc2c1C	1.0	0	0.0	0.13
1	S=C(c1ccc(O)c(O)c1)N1CCCCO1	1.0	0	0.759	0.912
1	CCc1cccc2c(CCNC(C)=O)c[nH]c12	1.0	0	0.808	0.978
1	Cn1c(=O)n(-c2ccc(Cl)c(Cl)c2)c(=O)c2cccnc21	1.0	1	0.998	0.978
1	CC(=NN=C(N)N)c1cc(NS(=O)(=O)c2ccccc2)cs1	1.0	0	0.849	0.935
1	O=S(=O)(Nc1cccc(Cl)c1)c1cnc(Cl)c(Br)c1	1.0	0	0.892	0.976
1	O=C(O)c1nc2c(O)nc3cc(I)ccc3n2n1	1.0	1	0.909	0.894
1	Cn1nc(-c2cccc(Br)c2)cc1C(=O)NC(C)c1ccccc1	1.0	0	0.789	0.958
1	O=C(CNC(=O)c1ccco1)N1CCN(S(=O)(=O)c2cccc(F)c2)CC1	1.0	0	0.716	0.977
1	Cc1nc2cc(-c3ccccc3)nn2c(C)c1CCC(=O)NCCCO	1.0	0	0.826	0.97
1	Cc1cc(C)cc(Cn2ccnc2SC(C)C(=O)OC(C)(C)C)c1	1.0	0	0.894	0.909
1	COc1cc2c(cc1O)C(c1cccc(OCCN(CCCCN)c3cccc(O)c3)c1)NC(=O)C2	1.0	0	0.0	0.818
1	NCCCNS(=O)(=O)c1ccc2cc(-c3ccccc3)sc2c1	1.0	0	0.739	0.977
1	COC(=O)c1ccccc1NC(O)c1cc(O)n(-c2ccc(Cl)c(C)c2)c1	1.0	0	0.811	0.849
1	CC(C)c1cc(Cl)c(C(=O)Nc2cc(C(F)(F)F)cc(C(F)(F)F)c2)cc1C	1.0	0	0.755	0.967
1	Cc1cccc(NC(=O)c2ccc(NC(C)(C)C)cc2)c1	1.0	0	0.721	0.989
1	Cc1cccc(S(=O)(=O)NC2CCC(CCn3cc(-c4ccc(C)cc4)nn3)CC2)c1	1.0	0	0.0	0.963
1	CC(=O)Nc1cc(Nc2cc(Oc3ccc(NC(=O)Nc4cc(C(C)(C)C)cc(CO)c4O)c4ccccc34)ccn2)ccc1Cl	1.0	0	0.0	0.903
1	C#CCN1Cc2c(sc3nc(-c4ccccc4)nnc23)CS1(=O)=O	1.0	0	0.853	0.789
1	O=C(NO)C1CN(c2ccc(C#Cc3cncnc3)cc2)C(=O)O1	1.0	0	0.638	0.824
1	O=c1cccccc1OCC(O)CN1CCCCC1	1.0	0	0.827	0.954
1	CCOC(=O)C(Cc1ccc(O)c(C(=O)OC)c1)N(C)CCCCCCC(=O)O	1.0	0	0.728	0.907
1	CCCC(CC)=NNC(=O)CCCSc1ccc(C(F)(F)F)cc1	1.0	0	0.749	0.95
1	COc1cccc(S(=O)(=O)N(Cc2ccc(F)cc2)CC2CCC2)c1	1.0	1	0.909	0.982
1	O=c1[nH]c(=O)n(C2OC(COP(=O)(O)OP(=O)(O)OC3OC(n4cnc(I)n4)C(O)C3O)C(O)C2O)cc1-c1cccc(O)c1	1.0	0	0.0	0.076
1	Cc1cc(N)nc(CCc2cccc(C(C)=NOCCCO)c2)c1	1.0	0	0.809	0.946
1	CCS(=O)(=O)c1ccc(O)c(NC(=O)COc2ccc(-c3ccccc3)cc2)c1	1.0	0	0.755	0.983
1	CC(C)Oc1ccc(NC(=C[N+](=O)[O-])N2CCCCC2)cc1Cl	1.0	0	0.846	0.949
1	Cc1nc(O)nc(SCc2cccc(Cl)c2)n1	1.0	1	1.121	0.955
1	O=C(NCCC1CCN(Cc2ccccc2)CC1)c1cn2cc(-c3cccc4[nH]ncc34)nc(N3CCOCC3)c2n1	1.0	0	0.0	0.897
1	CN(Cc1cnn(C)c1)c1cc(NC(=O)c2nc3ccccc3s2)ccc1NS(C)(=O)=O	1.0	0	0.0	0.936
1	CCC(C(=O)NNC(=S)NCc1ccco1)c1ccccc1	1.0	0	0.856	0.939
1	O=C(C=Cc1cnccc1-c1cccc(F)c1)Nc1ccc(F)cc1	1.0	0	0.787	0.978
1	COCC(=O)N1C(CO)C(c2ccccc2)C12CN(C(=O)CCN1CCOCC1)C2	1.0	0	0.755	0.576
1	COC(=O)C1C(=O)C(=Cc2ccc(C(=O)O)cc2)N=C1C	1.0	0	0.887	0.902
1	CN(c1ccc(OCC(=O)NCc2ccccc2)cc1)S(=O)(=O)c1ccccc1	1.0	0	0.689	0.987
1	O=C(Cn1ccnc1C(=O)OCc1cccc([N+](=O)[O-])c1)Nc1ccc(F)cc1F	1.0	0	0.884	0.961
1	CCCC(NN)c1ccc(Cl)cc1	1.0	1	0.973	0.951
1	Cc1ccccc1NC(=O)c1cnn2c(C(F)F)cc(C)nc12	1.0	0	0.865	0.97
1	COCCCNC(=O)c1ncoc1-c1ccccc1	1.0	0	0.882	0.979
1	CCCCN(CC)Cc1c(C(=O)N2CCN(C)CC2)nc2c(C)cccn12	1.0	0	0.823	0.953
1	COCC(=O)NC(Cc1ccc2cc(OCc3ccc(C)nc3)ccc2c1)c1ccccc1	1.0	0	0.0	0.935
1	Oc1ccccc1C(Cl)C12CCN(CCc3ccccc3)CC1CCO2	1.0	0	0.792	0.656
1	COc1ccc(C(=O)Nc2ccc(SC(F)F)cc2)cc1OC1CCN(C(=O)NC2CCCCC2)C1	1.0	0	0.0	0.898
1	CN(C(=O)c1ccccc1C(=O)O)C1CCC2C3CCC4N(C)C(=O)CC4(C)C3CCC12C	1.0	0	0.0	0.336
1	CCc1nocc1C(=O)Nc1nc(-c2ccc(Cl)s2)cs1	1.0	0	0.778	0.924
1	C=CC(=O)Nc1cccc(OC(=O)c2cc(Nc3cccc(C(F)(F)F)c3)c3c[nH]nc3c2)c1	1.0	0	0.0	0.923
1	CCn1ncc([N+](=O)[O-])c1C(=O)NC(C)C	1.0	0	0.854	0.96
1	CN(c1ccc(C(=O)NCCCN2CCCCC2)cc1)S(=O)(=O)c1ccccc1	1.0	0	0.666	0.982
1	O=S(=O)(NCCNc1ncccc1-c1ccccc1)C12CCNC1C2	1.0	0	0.728	0.649
1	Fc1cccc(Cl)c1Cn1nnc(-c2ccccc2)n1	1.0	1	0.925	0.981
1	O=C(c1ccccc1)c1csc(Cc2ccc(F)cc2)n1	1.0	1	1.025	0.985
1	CCCN(C(=O)c1ccc(F)cc1)c1ccccc1C	1.0	0	0.883	0.988
1	O=C(NC(=S)Nc1ccc2c(c1)Cc1ccccc1-2)c1ccccc1	1.0	0	0.893	0.985
1	Cc1ccc(S(=O)(=O)NC(=O)C2(C)CCN2C(=O)Cc2ccc(-c3cnccn3)cc2)cc1	1.0	0	0.0	0.881
1	CC1CCN(c2nc(C(F)(F)F)nc3c2CCN=C3)CC1	1.0	1	0.921	0.834
1	CCCN(CC1Cc2c(cccc2N2C(=O)NCC2C)C1=O)c1cc(Cl)c(C#N)c(Cl)c1	1.0	0	0.0	0.482
1	O=C(c1ccccc1)C(C(=O)c1ccccc1)n1nc(-c2ccccc2)c2cc(Cl)ccc21	1.0	0	0.0	0.968
1	COc1ccc(C(=CCCN(C)C)c2ccc(OCCN(C)C)cc2F)cc1	1.0	0	0.831	0.963
1	Cc1nn(-c2ccccc2)c(C)c1C1(C(=O)O)CCC1	1.0	1	0.911	0.964
1	CCOC(=O)c1c(C)c(C(=O)NCc2ccc(OC)c(Br)c2)c(C)[nH]1	1.0	0	0.81	0.976
1	CN(CCCOc1ccc2ccccc2c1)CCCNC(=O)c1cnccn1	1.0	0	0.683	0.974
1	O=C1Nc2ccccc2CN1CCN1CCC(Cc2c[nH]c3ccc(F)cc23)CC1	1.0	0	0.745	0.949
1	COc1ccc(NC(=O)COc2ccc(-c3ccc(C)cc3)cc2Cl)cc1	1.0	0	0.683	0.99
1	Cc1ccccc1-n1nc(C)c2c1NC(=O)C(C)S2	1.0	1	0.9	0.811
1	CN1Cc2ccnc(N)n2C1=O	0.0	0	0.0	0.0
1	O=C(CSc1nc(O)c2ccccc2n1)Nc1cccnc1	1.0	0	0.899	0.977
1	Cc1c(OCCCCN2CCC(Nc3nc4ccccc4n4nccc34)CC2)cccc1CS(=O)(=O)O	1.0	0	0.0	0.91
1	O=C(COC(=O)c1ccccc1C(F)(F)F)Nc1ccccc1	1.0	0	0.769	0.99
1	CCOc1ccc(NS(=O)(=O)c2ccc3c(c2)oc(=O)n3C)cc1	1.0	0	0.823	0.979
1	O=C(NCc1cnccn1)c1cc(NC(=O)c2cc(-c3ncccc3F)ccc2Cl)n(-c2cccc(C(=O)O)c2)n1	1.0	0	0.0	0.925
1	CC(CCC(=O)O)C1CCC2C3CC(O)C4CC(O)CCC4(C)C3CCC12C	1.0	0	0.731	0.332
1	O=C(C(Cl)Cl)N1CCc2ccccc21	1.0	0	0.683	0.975
1	CC1=C(C(=O)OCCOC(=O)C23CC4CC(CC(C4)C2)C3)CCCC1=O	1.0	0	0.753	0.538
1	COc1ccc(NC(=O)Nc2nc3cnn(Cc4ccc5c(c4)OCCO5)c3n2CCCN2CCN(c3cccc(Cl)c3)CC2)cc1	1.0	0	0.0	0.885
1	Cc1cc(C2CCN(CCO)CC2)cc2[nH]c(-c3c(NCC(O)c4cccc(Cl)c4)ccnc3O)nc12	1.0	0	0.0	0.754
1	Cc1ccc(CCNS(=O)(=O)c2ccc(C)c(F)c2)cc1	1.0	0	0.889	0.989
1	CC(=O)NC1C(Oc2ncc(-c3ccc(C#N)cc3)cn2)C2C(CO)OC(=O)C2O1	1.0	0	0.757	0.333
1	O=C(Cc1ccccc1)N1CCN(c2ccc(Cl)c(Cl)c2)CC1	1.0	1	0.976	0.989
1	CCCCOc1ncccc1C(=O)Nc1cccc(CN2CCC(C(=O)O)C2)c1	1.0	0	0.706	0.946
1	Cn1c(CC(=O)Nc2ccccc2F)cc2ccccc21	1.0	0	0.894	0.985
1	O=C(O)c1cc(Cl)ccc1NC(=O)c1cccc(O)c1	1.0	0	0.897	0.99
1	COC(=O)c1cc(CSc2ncnc3sc(C)c(C)c23)on1	1.0	0	0.872	0.94
1	CCc1ccc(OCC(=O)Nc2c3c(nn2-c2cccc(C)c2)SCC3)cc1	1.0	0	0.883	0.95
1	Oc1cccc(OCCNCc2ccccc2)c1	1.0	0	0.826	0.991
1	CCOC(=O)Nc1ccc(S(=O)(=O)Nc2cccc(CO)c2)cc1	1.0	0	0.807	0.986
1	CN(C)C(=O)Oc1ccc([N+](=O)[O-])cc1	1.0	0	0.799	0.986
1	COc1cccc(OCc2ccnc3c2CCCC3N(C)c2ccc(S(C)(=O)=O)cc2)c1	1.0	0	0.0	0.867
1	CCS(=O)(=O)c1ccc(CC(=O)Nc2ccc(C(C)(C)C(=O)Nc3cc(C(F)(F)F)ccc3Cl)cn2)cc1	1.0	0	0.0	0.941
1	CC1=NCCN1c1ccc(Cl)c(C(=O)Nc2ccc3c(c2)-c2nnn(C)c2CN3)c1	1.0	0	0.675	0.867
1	Cc1cc(C(=O)OCC(=O)N2CCc3ccccc32)ccc1[N+](=O)[O-]	1.0	0	0.734	0.98
1	CCOC(=O)c1cccc(C(C)(C)NC(=O)c2ccccc2Cl)c1	1.0	0	0.84	0.984
1	COCCOc1[nH]nc(-c2cc(C(=O)N3CC(C)N(C(=O)CO)CC3)c(S(C)(=O)=O)cc2Br)c1Br	1.0	0	0.0	0.641
1	Cc1nnc(SCC(=O)NN2C(=O)NC(C)(C)C2=O)n1C	1.0	1	0.915	0.93
1	CCCN1CCc2cc(C(=O)CCC3CCN(Cc4ccccc4)CC3)ccc21	1.0	0	0.663	0.974
1	CCOC(=O)C(CCCOc1c(C)cc(Cl)cc1Cl)C(=O)OCC	1.0	0	0.751	0.966
1	CCCCCC(NC(=O)c1ccc([N+](=O)[O-])cc1)C(=O)NC(C)(C)C	1.0	0	0.728	0.957
1	CCOc1ccc(C=NNC(=O)C(=O)Nc2ccccc2C(F)(F)F)cc1O	1.0	0	0.752	0.968
1	Cc1ccccc1COc1ccnc(-c2ccnc(Nc3ccc4[nH]c(C(=O)N5CCOCC5)cc4c3)n2)c1	1.0	0	0.0	0.934
1	O=C(c1cc(-c2ccccc2Cl)nc2ccccc12)N1CCOCC1	1.0	0	0.808	0.985
1	Cc1cc(Cl)ccc1NC(=O)c1sc2ncnc(N3CCN(c4ccc(F)cc4)CC3)c2c1F	1.0	0	0.0	0.952
1	COc1cc(NC(=S)NCCCn2cncc2C)ccc1OCCCCN	1.0	0	0.746	0.96
1	CN1CCN(c2cc(-c3ncccc3F)cc(NC(=O)c3ccccc3)c2)CC1	1.0	0	0.682	0.977
1	O=C(Nc1nnc(SCc2ccccc2)s1)c1cccs1	1.0	0	0.818	0.982
1	CS(=O)(=O)Nc1cc(C(=O)NCc2ccc(Cl)cc2)ccc1OC(F)(F)F	1.0	0	0.822	0.979
1	COc1ccccc1NS(=O)(=O)c1cc([N+](=O)[O-])ccc1Sc1ccccc1	1.0	0	0.845	0.976
1	CN1C(=O)Cc2cc(C=Cc3cc(Cl)cc(Cl)c3)ccc21	1.0	0	0.733	0.964
1	CCCOc1ccc(NS(=O)(=O)c2ccc(F)c(C(=O)Nc3cccc(C)c3C)c2)cc1	1.0	0	0.0	0.981
1	Cc1cc(C)n(C(=O)CSc2nc3c(c(=O)n2-c2ccccc2)SCC3)n1	1.0	0	0.838	0.93
1	Cc1c(C)n(C(C)c2ccccc2)c2nc(-c3ccccc3Cl)nc(-c3nn[nH]n3)c12	1.0	0	0.0	0.842
1	CCOc1nn(S(=O)(=O)c2ccc(C)cc2)c2ccccc12	1.0	1	1.015	0.976
1	Cc1ccc(Cl)cc1NC(=O)CNc1ccc(N2CCN(Cc3ccccc3)CC2)cc1	1.0	0	0.0	0.984
1	Nc1[nH]c(C(=O)c2ccccc2)c(-c2ccc(Cl)cc2)c1C(=O)c1cccc(Cl)c1	1.0	0	0.743	0.967
1	Fc1cccc(CN2CCCNCCCCC2)c1	1.0	0	0.855	0.969
1	CCC(=O)Nc1nc(C)c(OC)c(OC)n1	1.0	0	0.763	0.964
1	Cc1cccc(OCCCCN2CCN(C)CC2)c1	1.0	0	0.856	0.989
1	CCn1c(SCc2nc(O)c3ccccc3n2)nnc1-c1ccoc1	1.0	1	0.924	0.943
1	O=C(NC1CCCCC1)c1cccc2cc(Oc3ccccn3)cnc12	1.0	0	0.769	0.973
1	O=c1cccc2n1CC1CC(CCNCc3cccc(Cl)c3)=CC1O2	1.0	0	0.774	0.642
1	N#CCCC1(C(=O)OCc2cnccc2)Cc2ccccc2C1	1.0	0	0.877	0.941
1	Nc1ncc2cc(-c3ccc(NC(=O)C4CCCCC4)cc3)cnc2n1	1.0	0	0.738	0.973
1	CN1CCN(C(=O)Cc2cccc(NC(=O)Nc3ccc(Cl)cc3)c2)CC1	1.0	0	0.713	0.986
1	CNC(=O)c1c(-c2ccc(F)cc2)oc2cc(N3CCOCC3)c(F)cc12	1.0	0	0.774	0.965
1	Brc1cc2[nH]cnc2cc1-c1nnc(N2CCOCC2)o1	1.0	1	0.921	0.911
1	CCN(C(=O)c1ccc(Cl)c(Cl)c1)c1cnccn1	1.0	1	1.048	0.973
1	Nc1nn(-c2ccccc2)nc1C=Nc1ncccn1	1.0	0	0.819	0.886
1	Cc1c(-c2nc3cc(Cl)c(Cl)cc3n2C(C)C)nc(C2CC2)n1CCC1CC1	1.0	0	0.893	0.902
1	CC(C)C(NS(=O)(=O)c1ccc(-c2ccc(Cl)cc2)cc1)P(=O)(O)O	1.0	0	0.825	0.927
1	COc1ccc(N(C(=O)c2ccccc2)C(C(=O)NC2CCCCC2)c2cc(OC)c(OC)c(OC)c2)cc1	1.0	0	0.0	0.918
1	CN(C)c1ccc(C(=O)Nc2ccc(N(C)C)nc2)cc1	1.0	0	0.767	0.984
1	CCC(NC(=O)C1OC(=O)C1C(C)C)C(=O)OCC	1.0	0	0.784	0.709
1	COc1ccc(NC(=O)NC2CCCCC2)cc1	1.0	0	0.8	0.992
1	CCc1cccc(NC(=O)CN2CCCC2c2cc(Cl)ccc2OC)c1	1.0	0	0.788	0.959
1	Cc1nnc(O)c(N)c1CSCC(=O)O	1.0	0	0.875	0.872
1	OC(C(CN1CCC(O)C1)(c1ccccc1)c1ccccc1)OC1COC2C(O)CC3OC32O1	1.0	0	0.0	0.073
1	CCOc1ccccc1C(=O)Nc1ccc(S(=O)(=O)Nc2ncccn2)cc1	1.0	0	0.677	0.983
1	COc1ccc(-c2cc(C(F)(F)F)nc(S(=O)(=O)C(C)C)n2)cc1	1.0	0	0.875	0.961
1	CN(C)c1cc(NC(=O)Nc2ccc(F)cc2F)c2ccccc2n1	1.0	0	0.818	0.977
1	CCCCN(C(=O)c1ccccc1)C1CCC2C3CCC4N(C)C(=O)CCC4(C)C3CCC21C	1.0	0	0.0	0.42
1	O=S(=O)(c1ccccc1)N1CCN=C1SCc1ccccc1	1.0	1	0.927	0.976
1	Cc1ncc(CNS(=O)(=O)c2cccc(NC(=O)Nc3cccc(C(F)(F)F)n3)c2)cn1	1.0	0	0.0	0.949
1	COc1ccc(S(=O)(=O)N2CCCCc3ccccc32)cc1OC	1.0	1	0.916	0.985
1	COCC1CCN(S(=O)(=O)CCCn2ncc3cc(NCCN(C)C)ccc32)CC1	1.0	0	0.625	0.935
1	CN(C)c1cccc2c(S(=O)(=O)c3cccc(Cl)c3)cccc12	1.0	1	0.914	0.981
1	OCCN(Cc1ccccc1)Cc1ccccc1N1CCOCC1	1.0	0	0.807	0.983
1	Cc1ccc(C)c(OCC(=O)Nc2c(C(=O)c3ccccc3)oc3ccccc23)c1	1.0	0	0.85	0.979
1	Oc1nc(NCc2ccccn2)nc2c1nc(O)n2Cc1ccccc1	1.0	0	0.832	0.945
1	Oc1nc(SCc2ccccc2F)nc2c1oc1ccccc12	1.0	0	0.89	0.964
1	COc1cc(C(=O)Nc2ccc(F)c(C3(C(F)F)COCC(N)=N3)c2)nc(C)n1	1.0	0	0.729	0.729
1	[O-][n+]1ccc(CCN(c2ccc3ncccc3c2)c2ccc(Cl)cc2)cc1	1.0	0	0.838	0.948
1	CN(C(=O)Nc1ccccc1)N1CCCCC1	1.0	0	0.814	0.975
1	Cc1cccc(NC(=O)c2c(C)nn(-c3ccc(F)cc3)c2-n2cccc2)c1	1.0	0	0.831	0.972
1	Cc1ccc(-n2nccn2)c(C(=O)N2CCN(c3cnc4cc(C#N)cnc4n3)CC2)c1	1.0	0	0.0	0.906
1	Cc1ccc(NC(=O)Nc2cccc(Cl)c2Cl)cn1	1.0	0	0.801	0.985
1	COc1ncc(F)cc1C1CCCN1c1ccn2ncc(C(N)=O)c2n1	1.0	1	0.917	0.805
1	Cc1ccc(S(=O)(=O)N2CCCN(C(=O)CCc3ccncc3)CC2)cc1	1.0	0	0.774	0.982
1	CC(C)(O)c1ccc(-c2c(CCc3ccc4ccccc4n3)nc3c(N4CCOCC4)ccnn23)cn1	1.0	0	0.0	0.874
2	O=C(O)c1[nH]c(NC(=O)c2cccs2)nc1-c1ccc(O)cc1	1.0	0	0.758	0.957
2	O=C(NCc1nnnn1-c1ccc(F)c(F)c1)C1CN(C(=O)C2CC2)CC1C(F)(F)F	1.0	0	0.0	0.711
2	COCCN(C)c1cncc(-c2noc3cc(NS(C)(=O)=O)ccc32)c1	1.0	0	0.727	0.934
2	Oc1ccccc1[SH2]S(=O)(=O)n1cccn1	1.0	0	0.0	0.67
2	CCc1cc(NS(=O)(=O)c2ccc(N)cc2)no1	1.0	0	0.853	0.971
2	CCCn1c(O)nnc1SCC(=O)N1CCN(c2sccc2C(F)(F)F)CC1	1.0	0	0.864	0.893
2	O=C1C=CC(C=NNc2ncnc3cc(Br)ccc23)=CC1	1.0	0	0.805	0.868
2	O=S1(=O)CCCN1COP(=O)(O)O	1.0	0	0.672	0.779
2	COc1ccc(-c2ccc3ncc4c(c3n2)n(-c2ccc(C(C)(C)C#N)cc2)c(=O)n4C)cn1	1.0	0	0.0	0.905
2	O=C(c1ccc(Cl)cc1)c1c(-c2ccccc2)oc2cccc(OCCCN3CCCCC3)c12	1.0	0	0.0	0.965
2	CC(=O)C1=C(O)C(=O)N(C2OC(CO)C(O)C(O)C2O)S1	1.0	0	0.879	0.325
2	COc1cc2c(cc1OC)CN(C(=O)c1ccno1)CC2	1.0	1	0.98	0.967
2	Cc1ccc(S(=O)(=O)NCCCCNc2ncnc3ccc(S(=O)(=O)c4ccccc4)cc23)cc1	1.0	0	0.0	0.965
2	OCCCc1cncc(OCC2CCN2)c1	1.0	0	0.783	0.897
2	Cc1ccc(C)c(S(=O)(=O)N2CCN(C(=O)CN3CCCCC3)CC2)c1	1.0	0	0.733	0.981
2	Cc1ccc(Cl)c(C)c1OC(=O)COC(=O)C=Cc1ccc(F)cc1	1.0	0	0.69	0.972
2	O=C(NSc1ccccc1)c1noc2c1CCC(Cc1ccccc1)O2	1.0	0	0.748	0.775
2	O=C1c2ccccc2CCC1C1SC(=S)N1CCc1ccccc1	1.0	1	0.926	0.831
2	Oc1[nH]cnc1CCNc1nc(Cl)nc2[nH]cnc12	1.0	0	0.865	0.78
2	O=C(CCCCc1nnc(NC(=O)Cc2ccccc2)s1)NO	1.0	0	0.658	0.977
2	CCc1nnc(-c2ccc(-c3ccc(Cl)c(Cl)c3)cc2)n1-c1cccc(OC(C)C)c1	1.0	0	0.0	0.97
2	N=C(N)c1ccc2c(c1)c(CC(=O)O)c(O)n2CC(=O)Nc1cccc(Br)c1	1.0	0	0.788	0.954
2	CC(C)NC(=O)C1COc2ccccc2O1	1.0	0	0.75	0.956
2	O=C1Nc2ccccc2C2CC12	1.0	0	0.708	0.894
2	CCSc1nc2sc3c(c2c(=O)n1CCC(N)=O)CCCC3	1.0	0	0.798	0.956
2	Cc1nc(NC(=O)c2ccccc2)nc(-n2nc(C)cc2O)c1C	1.0	0	0.828	0.956
2	CCN(CC)c1nc(C)nc(NS(=O)(=O)c2ccc(Cl)cc2)c1	1.0	0	0.88	0.969
2	Cc1cc(O)ccc1C1=C(c2ccc(S(C)(=O)=O)cc2)C(C)(C)OC1=O	1.0	1	0.922	0.947
2	CCOC(=O)c1cnc(SC)nc1SCC(=O)Nc1cccc(NC(C)=O)c1	1.0	0	0.789	0.965
2	CCOC(=O)c1ccc(S(=O)(=O)N2CCCc3ccccc32)cc1	1.0	0	0.848	0.986
2	Cc1nnc(SCC(=O)N(C)C2C=S(O)(O)=CC2)o1	1.0	0	0.824	0.358
2	C#CCn1c(=NC(=O)c2ccc(S(=O)(=O)N3CCCCC3)cc2)sc2cc(Br)ccc21	1.0	0	0.0	0.947
2	CCCCCN(Cc1ccc(N(Cc2ccccc2)Cc2ccccc2)cc1)S(=O)(=O)c1ccc(O)cc1	1.0	0	0.0	0.969
2	CCS(=O)(=O)c1cc(NC(=O)NC2Cc3ccccc3C2)ccc1Cl	1.0	0	0.733	0.972
2	O=C(CSc1ncnc2sc3c(c12)CCC3)Nc1cccc2cc[nH]c12	1.0	0	0.807	0.945
2	CCOc1ccc(NC(=O)c2cccc(Cl)c2Cl)cn1	1.0	0	0.886	0.984
2	CC1CCN(C(=O)CCC(=O)O)c2ccccc21	1.0	0	0.803	0.945
2	Cn1c(SCc2nc(O)c3ccccc3n2)nnc1-c1ccncc1	1.0	0	0.884	0.96
2	CNc1cnc(Nc2ccc(C#N)cc2)nc1Oc1cccc(C(=O)O)c1	1.0	0	0.771	0.963
2	Cc1nc(N)nc(N2CCCC2c2nn3ccc(Cl)c3c(=O)n2-c2ccccc2)n1	1.0	0	0.793	0.759
2	N#Cc1cc(Cl)cc(Oc2cc(Br)cc(NCc3c[nH]cn3)c2)c1	1.0	0	0.853	0.92
2	CCCCCCCn1nc(C)c2cc(CN)c(N)nc21	1.0	0	0.877	0.958
2	O=C(O)c1ccccc1NC(=O)c1ccccc1F	1.0	1	0.918	0.993
2	O=C(C#Cc1ccc(F)cc1)N1CCN(Cc2ccccc2)CC1	1.0	0	0.714	0.98
2	Cn1nnc(-c2ccccc2NC(=O)CNS(=O)(=O)c2ccccc2)n1	1.0	1	0.969	0.974
2	CNc1ncncc1-c1nc2cc(-c3ccccc3)sc2n(C)c1=O	1.0	0	0.774	0.924
2	Cc1c(C(=O)Nc2ccc(N3CCN(C(=O)c4ccccc4F)CC3)cc2)oc2ccccc12	1.0	0	0.0	0.977
2	O=C1Nc2ccccc2C1O	1.0	0	0.633	0.944
2	CC(C)(C)c1ccc(CN2C(=O)NC3(CCCCC3)C2=O)cc1	1.0	1	0.968	0.944
2	CN(Cc1ccc(NC(=O)Cc2ccccc2)cc1)c1ccc(C#N)cc1	1.0	0	0.7	0.986
2	Cc1cc(O)nc(SCC(=O)Nc2cccc(S(=O)(=O)N(C)C3CCCCC3)c2)n1	1.0	0	0.705	0.956
2	CCOC(=O)c1c(N)sc(C(=O)Nc2ccc(C)c(C)c2)c1C	1.0	0	0.738	0.978
2	Oc1nc2ccc(Cl)cc2c2cc(-c3ccccc3)nn12	1.0	0	0.839	0.969
2	Oc1ccccc1C1SCC(O)=C1Cc1c(F)cccc1Cl	1.0	0	0.826	0.814
2	Cc1cccc(N2CCCC(CNC(=O)c3ccc(CNc4ccccc4)cc3)C2=O)c1	1.0	0	0.0	0.943
2	Fc1ccc(-c2ccc(Cn3ccnc3)cn2)cc1	1.0	1	0.908	0.982
2	CCCOC(=O)c1cccnc1OC(C)=O	1.0	0	0.82	0.978
2	CN1CC(O)CC1CCS	1.0	0	0.59	0.503
2	Oc1nc2ccccc2oc1=Nc1ccccc1	1.0	0	0.823	0.965
2	CC(=O)CCc1oc(C)nc1C=O	1.0	0	0.771	0.842
2	COc1ccc(C2=NOC(C(=O)Nc3cccc(Cl)c3)C2)cc1	1.0	0	0.763	0.957
2	Cc1ccc(S(=O)(=O)NCCOC(=O)c2cc(C3CC3)ccc2C)cn1	1.0	0	0.721	0.968
2	CCN(C(=O)Cc1ccc(C(F)(F)F)cc1)C(C)C	1.0	0	0.875	0.981
2	Fc1ccc(Cn2nc(Br)c3c(Nc4ccc(Br)cc4)ncnc32)cc1	1.0	1	0.906	0.967
2	COc1ncc(F)cc1C1CCCN1	1.0	0	0.802	0.876
2	Cc1cc(OCc2ccccc2)cc(C)[n+]1[O-]	1.0	0	0.845	0.968
2	COc1ccc2c(CC(=O)NCc3ccc(Cl)cc3)coc2c1	1.0	1	0.97	0.985
2	Cc1cc(SC(C)C(=O)Nc2ccc(Cl)cc2Cl)c2ccccc2n1	1.0	0	0.894	0.949
2	CCCCNC(C)(C)CNCCN	1.0	0	0.761	0.948
2	CCn1ccnc1SCC(=O)c1ccc(O)c(O)c1	1.0	0	0.899	0.968
2	O=C(O)CNS(=O)(=O)c1cccc2ccccc12	1.0	0	0.803	0.987
2	Cc1nn(C(=O)NCCc2ccc(F)cc2)c(C)c1Cl	1.0	1	0.907	0.973
2	c1cncc(-c2ccc(SCc3ccc(CN4CCCCC4)cc3)o2)c1	1.0	0	0.731	0.971
2	CC(C)NCCNC(=O)c1cc2ccccc2oc1=O	1.0	0	0.799	0.981
2	Cn1cc(-c2ccccc2)nc1CSc1nc2ccccc2o1	1.0	0	0.792	0.969
2	COCCn1cc(C(=O)CN)c2ccccc21	1.0	0	0.82	0.976
2	O=c1nc(OCCOc2ccccc2)ccn1C1OC(COP(=O)(O)OP(=O)(O)O)C1O	1.0	0	0.0	0.531
2	COC(=O)NC(C)CNc1nccc(-c2cn(C)nc2C)n1	1.0	0	0.834	0.873
2	Cc1nn(Cc2ccc(-c3nc4c(Cl)cccc4[nH]3)cc2)c(C)c1CC(=O)O	1.0	0	0.713	0.966
2	C=CCOC(=O)C1C(C)=NC(=O)NC1c1cccc([N+](=O)[O-])c1	1.0	0	0.816	0.726
2	N=C(N)c1cccc(OCC(=O)NC(C(=O)O)c2ccc(Cl)cc2)c1	1.0	0	0.81	0.953
2	COc1ccc(Cn2c(O)c(N=O)c3ccccc32)cc1	1.0	1	0.982	0.971
2	CCOC(=O)c1c(N2CCN(CCO)CC2)nc2ccc(Cl)cc2c1Br	1.0	0	0.828	0.96
2	COc1ccc(N2CCN(CCc3ccc4nccnc4c3)CC2)cc1	1.0	0	0.89	0.982
2	COc1ccc2[nH]nc(C(=O)NCCCN3CCN(c4ccccc4F)CC3)c2c1	1.0	0	0.663	0.973
2	CCC(=O)c1cccc(CCC)c1NC(C)=O	1.0	0	0.825	0.976
2	CCn1c(NC(=O)c2cccc(COc3ccnc(C#N)c3)c2)nc2ccccc21	1.0	0	0.709	0.965
2	COc1ccc(S(=O)(=O)Oc2cc([N+](=O)[O-])ccc2NS(C)(=O)=O)cc1	1.0	0	0.849	0.972
2	Cc1ccc(S(=O)(=O)CCC(=O)OCC(=O)c2ccccc2)cc1	1.0	0	0.786	0.987
2	COc1ccc(NC(=O)c2ccc(S(=O)(=O)N3CCN(C)CC3)cc2)cc1OC1CC1	1.0	0	0.0	0.978
2	O=S(=O)(NCCS(=O)(=O)N1CCC1)c1ccc(N=S(O)(O)=Cc2ccccc2)cc1	1.0	0	0.62	0.891
2	CCOc1cc(Cl)c(C)cc1NC(=O)COCc1cc(-c2ccco2)on1	1.0	0	0.834	0.955
2	COc1cccc(Oc2ncc(S(=O)(=O)CC(=O)N(C)c3cccc(Cl)c3)c3ccccc23)c1	1.0	0	0.0	0.949
2	Cc1cc(C(=O)Nc2cccc(F)c2)c(C)n1-c1cccnc1	1.0	0	0.766	0.983
2	CC(C)Cn1c(O)cc2c3cccnc3nc(O)c21	1.0	0	0.865	0.896
2	COC(=O)c1cnc(Oc2ccc(NC(C)C)cc2)cc1C	1.0	0	0.895	0.976
2	CN(C)S(=O)(=O)c1cccc(NS(=O)(=O)c2cccc(F)c2)c1	1.0	1	0.901	0.985
2	Oc1c2c(nn1-c1ccccc1)CCNCC2	1.0	0	0.863	0.957
2	O=c1cc(CCCn2cccn2)oc2ccccc12	1.0	1	0.901	0.97
2	O=C(Nc1nnc(COc2ccccc2)s1)C1CC1	1.0	1	0.927	0.985
2	O=C(O)CC(=O)SCCNN(c1ncccc1Cl)S(=O)(=O)c1ccc(F)cc1	1.0	0	0.814	0.892
2	CCCCc1ccccc1NCc1cc(C(O)(c2ccccc2)c2ccccc2)nn1-c1ccnc2ccccc12	1.0	0	0.0	0.927
2	COC(=O)CCC(=O)Nc1sc2c(c1C#N)CCCCC2	1.0	0	0.849	0.972
2	CC(=O)Nc1cccc(Nc2cc(NOC3CCC3)nc(C3CCOCC3)n2)c1	1.0	0	0.755	0.906
2	Cc1nc(CS(=O)(=O)c2cccc(Cl)c2)cs1	1.0	1	0.913	0.976
2	N#Cc1c(O)nc(SCc2ccccc2)nc1-c1ccccc1	1.0	0	0.889	0.977
2	CC1(OC(=O)c2ccccc2)C(=O)CC(=O)C1=O	1.0	1	0.93	0.878
2	Oc1nc2cc(Cl)ccc2n2cnnc12	1.0	0	0.82	0.933
2	CCOC(=O)c1c(Nc2ccc(I)cc2)c(=O)c2ccccc2n1-c1ccccc1	1.0	0	0.768	0.965
2	O=C(Nc1cccnc1)c1c(O)c2cccc3c2n(c1=O)CC3	1.0	0	0.821	0.964
2	CCOC(=O)CC1Sc2ccccc2N=C1S	1.0	0	0.82	0.814
2	Cc1ccc(S(=O)(=O)N2CCC(C(=O)Nc3ccc(F)cc3)CC2)cc1	1.0	0	0.766	0.989
2	Cc1cccc(OCCNC2=CC(=O)C(=O)c3ccccc32)c1	1.0	0	0.81	0.973
2	Cc1cnc(C(=O)NCc2cc(Cl)ccc2-c2cn[nH]c2)cn1	1.0	0	0.851	0.955
2	COc1ccccc1C1Nc2ccccc2-n2cccc21	1.0	1	0.926	0.935
2	Clc1ccc(Cn2ccc3ccc(Nc4ncccn4)cc32)cc1Cl	1.0	1	0.94	0.972
2	CCOc1ccc(Cc2cc(C3OC(CO)C(O)C(O)C3O)ccc2Cl)cc1	1.0	0	0.774	0.749
2	COCCn1c(SCC(=O)Nc2ccc(Cl)cn2)nc2ccccc21	1.0	0	0.879	0.977
2	O=C(O)c1cc(Oc2ccc(F)c(Cl)c2)ncn1	1.0	1	1.132	0.974
2	COc1ccc(NC(=O)CN(C)CC(=O)Nc2cccc(F)c2)cc1	1.0	0	0.703	0.989
2	[O-][s+]([O-])=Cc2cc(Cl)ccc21	0.0	0	0.0	0.0
2	CCN(C(=O)C1CC1)c1ccc(C2(C)C)ccc2S1	0.0	0	0.0	0.0
2	CCCc1nc(SC)c(C(=O)O)n1Cc1ccc(-c2ccccc2-c2nn[nH]n2)cc1	1.0	0	0.0	0.945
2	CC(C)(C)c1nc(O)c2cc(-c3ccccc3)c(N)ccc2n1	0.0	0	0.0	0.0
2	Cc1c(NC(=O)Cc2ccccc2[N+](=O)[O-])ccc2c(C#N)c3ccccc3n12	1.0	0	0.752	0.95
2	Cc1cccc(COc2ccc(N(C)C)cc2)c1	1.0	1	0.903	0.992
2	CC(C)(C)c1ccc(NC(=O)N2Cc3ccccc3OC(CN)C2)cc1	1.0	0	0.763	0.935
2	Cn1c(=O)nc(N2CCC(C(=O)N3CCCCC3)(c3ccccc3)CC2)c2cc(Cl)ccc21	1.0	0	0.0	0.941
2	O=C(NCC(F)(F)F)Nc1cccc(-c2cnc3cc(-c4ncccc4F)ccn23)c1	1.0	0	0.0	0.94
2	O=C(c1ccc(-c2ccccc2)s1)C1CC1	1.0	0	0.771	0.985
2	O=C(O)c1ccccc1S	1.0	0	0.615	0.983
2	C=CC(C)(C)c1cc(O)ccc1O	1.0	0	0.729	0.94
2	O=C(COc1ccc(Cl)cc1Cl)Nc1nncs1	1.0	1	0.922	0.979
2	CCCCN1C(=N)C(N(CC(C)C)C(=O)c2cccc(OC(C)C)c2)C(=O)NC1=O	1.0	0	0.79	0.803
2	CN1CCC(N(C)CC(O)c2ccc(O)cn2)C1	1.0	0	0.881	0.758
2	CCOC(=O)C1CCCN(CCC(=O)NC2CCCc3ccccc32)C1	1.0	0	0.674	0.908
2	Cc1cc(NC(=O)CCC(=O)N(C)Cc2ccc(F)cc2)no1	1.0	0	0.857	0.98
2	OC1(c2ccc(Cl)c(Cl)c2)CCN(Cc2c[nH]c3ccccc23)CC1	1.0	1	0.908	0.97
2	OC(c1ccc(Cl)cc1)(c1ccccc1)C1CCN(Cc2nc3ccccc3[nH]2)CC1	1.0	0	0.0	0.925
2	CC(C)(O)C#Cc1cc[n+]([O-])c(C(=O)NCC2CCOCC2)c1	1.0	0	0.731	0.845
2	COC(=O)c1sc(S(C)(=O)=O)c(N2CCCC2)c1	1.0	0	0.807	0.948
2	CN(C)c1ccc(CC2CC(c3cccc(Cl)c3)CC(=O)O2)cc1	1.0	0	0.882	0.866
2	CCCCNC(=O)c1ccc(OCc2c(-c3ccc(F)cc3)noc2C(F)(F)F)c(F)c(F)c1	0.0	0	0.0	0.0
2	O=c1cc(-c2ccccc2)oc2ccc(SCc3ccc(F)cc3)c(Br)c12	1.0	0	0.767	0.965
2	CCCn1c(-c2ccc(O)cc2)nc2nc(C)ccc21	1.0	0	0.865	0.971
2	O=C(NCc1ccc(N2CCCOCC2)nc1)c1c(F)cc(F)cc1Cl	1.0	0	0.813	0.968
2	O=C(CCl)N(Cc1ccccc1)S(=O)(=O)Cc1cccs1	1.0	1	0.911	0.946
2	CN(CC(=O)Nc1ccc(Cl)cc1)c1ccc(Cl)c(Cl)c1	1.0	1	0.949	0.987
2	Nc1ccccc1NC(=O)CCCCCNC(=O)c1ccc(Cl)cc1Cl	1.0	0	0.678	0.985
2	Cc1ccc(S(=O)(=O)NCC(=O)NN=Cc2ccco2)cc1	1.0	0	0.768	0.975
2	O=C(Nc1ccc(CC(NC(=O)C2CCCN2S(=O)(=O)c2cc(Cl)cc(Cl)c2)C(=O)O)cn1)c1ccc(Cl)c(C(F)(F)F)c1	1.0	0	0.0	0.743
2	COc1ccccc1CCN1CCCC(CN(C)Cc2ccsc2)C1	1.0	0	0.8	0.934
2	CC(C)c1nc2ccccc2n1-c1nc(N2CCOCC2)nc(N2CCOCC2)n1	1.0	0	0.716	0.947
2	Cc1ccc(S(=O)(=O)c2nc(S(C)(=O)=O)ns2)cc1	1.0	1	1.009	0.937
2	CCn1ncc2c1CCC(Nc1nc3c(-c4ccc(N)nc4C)cccn3n1)C2	1.0	0	0.741	0.716
2	c1ccc(CN2CCN(c3ncnc4c3cnn4-c3ccccc3)CC2)cc1	1.0	0	0.753	0.981
2	COc1cccc2c1c(Cc1ccc(CCC(=O)O)cc1)c(C)n2C	1.0	0	0.888	0.974
2	NS(=O)(=O)c1ccc(NC(=O)c2ccc(S(=O)(=O)N3CCCC3)cc2)cc1	1.0	0	0.635	0.987
2	CCCn1c(=O)c2nc(C(C)OC(C)=O)[nH]c2[nH]1	1.0	0	0.741	0.638
2	CCCCCCCC(=O)c1ccccc1C(=O)O	1.0	0	0.827	0.99
2	CC1CCCCC1NS(=O)(=O)c1cccc(S(=O)(=O)N2CCN(C)CC2)c1	1.0	0	0.743	0.895
2	O=C(Nc1ccccc1F)c1ccccc1F	1.0	0	0.752	0.995
2	CC(C)S(=O)(=O)n1nc(N2CCCC(C(=O)O)C2)c2ccccc21	1.0	0	0.843	0.869
2	Cc1ccn2nc(C(C)Nc3ncnc4[nH]cc(-c5cn[nH]c5)c34)n(-c3ccccc3)c(=O)c12	1.0	0	0.0	0.689
2	N=C(Nc1ccc(F)cc1)CSc1nnnn1-c1ccccc1	1.0	0	0.855	0.966
2	CN(C)S(=O)(=O)NC(=O)c1ccc2cc(Cl)ccc2n1	1.0	0	0.823	0.972
2	C=CCn1c(S)nnc1SCC(=O)c1ccc(S(C)(=O)=O)cc1	1.0	0	0.866	0.955
2	CC(=O)NC(CSc1nc2ccccc2s1)C(=O)O	1.0	0	0.83	0.945
2	Cn1c(SCc2ccc(C#N)cc2Cl)nnc1-c1ccncc1	1.0	0	0.883	0.967
2	Nc1ccccc1NC(=O)CCCCCc1ccccc1	1.0	0	0.734	0.992
2	CCOC(=O)C1=C(C)N(c2cccc(C(F)(F)F)c2)C(=O)N(C)C1c1ccccn1	1.0	0	0.813	0.876
2	COc1ccc(OC(=O)N(C)CC2OCCCCC(C)Oc3ccc(NS(C)(=O)=O)cc3C(=O)N(C(C)CO)CC2C)cc1	1.0	0	0.0	0.328
2	CC(C)COC(=O)NCCC1CC(c2ccc(Cl)cc2)=NO1	1.0	0	0.811	0.914
2	O=C(O)c1cnn(-c2cccc(Nc3nccs3)n2)c1	1.0	0	0.899	0.948
2	O=C(CSc1nc(N(C(=O)CCCl)N2CCOCC2)no1)c1ccccc1	1.0	0	0.801	0.87
2	CCCC(=O)OCCOCCOCC=CCC	1.0	0	0.774	0.955
2	COc1ccc(C(=O)Nc2cc(S(=O)(=O)N3CCCCC3)ccc2N2CCCCC2)cc1OC	1.0	0	0.0	0.976
2	COc1nn(-c2ccccc2)c2cc(NC(=O)C(C)N)ccc12	1.0	0	0.767	0.941
2	Cc1c[nH]c(C(=O)NCc2ccc(C(F)(F)F)[n+]n2)c1	1.0	0	0.87	0.46
2	N#CC(=Cc1ccc(-c2cccnc2)c(CO)c1)c1nc2ccccc2o1	1.0	0	0.81	0.948
2	CC1CCCN(c2nc3c(c(N4CCOCC4)n2)CCCC3)C1	1.0	0	0.856	0.907
2	COc1cc2cc(CN(C3CCCCC3)C(c3nnnn3Cc3ccccc3)C(C)C)cnc2cc1OC	1.0	0	0.0	0.844
2	Cc1nnc(NC(=O)CSCc2ccccc2C)s1	1.0	0	0.891	0.979
2	CN(C)CCN(C)c1nc(Nc2cc(O)cc(Cl)c2)ncc1F	1.0	0	0.812	0.939
2	Cc1n[nH]c(C)c1S(=O)(=O)NCc1ccc(Cl)cc1	1.0	1	0.945	0.978
2	CCOC(=O)Nc1ccc(S(=O)(=O)Nc2ccccc2C)cc1	1.0	0	0.771	0.989
2	O=c1cccc2n1CC1CCC2N2C3CCN(CC1)CC32	1.0	0	0.733	0.029
2	CC(=O)Nc1ccc(S(=O)(=O)N(C)CC(=O)Nc2ccc(Cl)cc2C)cc1	1.0	1	0.924	0.984
2	Cn1c(=O)c2c(nc(CN3CCN(C(=O)c4ccco4)CC3)n2CCCCl)n(C)c1=O	1.0	0	0.0	0.94
2	CCOc1ccc(S(=O)(=O)NC(=O)NC(=O)Oc2ccccc2C)cc1	1.0	0	0.753	0.978
2	O=C(Nc1cccc(CN2CCC(F)(F)CC2)c1)c1ccccc1C(F)(F)F	1.0	0	0.797	0.971
2	O=S(=O)(CCN1CCOCC1)c1cccnc1	1.0	0	0.809	0.975
2	Cc1ccc(-c2nc(N)c3nn(Cc4ccccc4F)cc3n2)o1	1.0	0	0.884	0.945
2	O=C(c1cccc(Cl)c1Cl)N1CCCC(c2nc(O)c3nnn(Cc4ccccc4Cl)c3n2)C1	1.0	0	0.0	0.848
2	COc1ccccc1CNC(=O)NC(C)c1ccccc1	1.0	0	0.797	0.98
2	COn1c(N2CCCC2)nc(O)c2[nH]c(=O)[nH]c21	0.0	0	0.0	0.0
2	CN(CCO)C1CCC(O)CC1	1.0	0	0.67	0.962
2	Nc1c(Br)sc(SC(=O)N2CCCC2)c1P(=O)(O)O	1.0	0	0.811	0.709
2	OCC1OC(n2cnc3c(O)ncnc32)CC1O	1.0	0	0.852	0.63
2	Cc1ccccc1Cc1ccc(C=NNC(=O)c2cccc(O)c2)cc1	1.0	0	0.665	0.983
3	O=C(CN1CCOCC1)Nc1ccc(C2CCOC2)c(C(F)(F)F)c1	1.0	0	0.758	0.921
3	O=C(c1cccc(Cc2ccc(F)cc2)c1)c1c[nH]cn1	1.0	1	1.029	0.967
3	Cc1cc(Cl)ccc1CCNC(=O)C1CC1	1.0	1	0.998	0.989
3	O=C(NCc1ccncc1)c1ccc(C=C2SC(=S)NC2=O)cc1	1.0	0	0.71	0.971
3	CN(C)C(=O)OCCC(c1cccc(C(F)(F)F)c1)c1ccccn1	1.0	0	0.806	0.907
3	CCCn1c(C)nnc1SCC(=O)Nc1c(C)cccc1C	1.0	0	0.839	0.979
3	COc1cccc2cc(C(=O)c3ccccc3)oc(=O)c12	1.0	0	0.899	0.982
3	Cc1ccc(C)c(Nc2cnc3ccc(-c4cncs4)nn23)c1	1.0	0	0.863	0.923
3	Cc1cccc(NC(=O)Cc2ccsc2)c1	1.0	0	0.832	0.989
3	CCCSc1nsnc1C1=CCCCN1Cc1ccc(N)cc1	1.0	0	0.893	0.881
3	Sc1nc(Cc2ccc(Cl)cc2)n[nH]1	1.0	1	1.035	0.941
3	Cc1ncc(Br)cc1C(=O)Cn1ccc(Oc2ccc(C(F)(F)F)cc2)cc1=O	1.0	0	0.72	0.952
3	Nc1nccn2c(C3CCCNC3)nc(Nc3cccc(C(F)(F)F)c3)nc12	0.0	0	0.0	0.0
3	CC(C(=O)CC(=O)N(C)CC1=CCCCC1)c1ccc(F)c(F)c1	1.0	1	1.036	0.838
3	CCn1c(SCC(=O)Nc2cccc(C(C)=O)c2)nc2c1c(=O)n(C)c(=O)n2C	1.0	0	0.777	0.966
3	COc1ccc(C(=O)c2csc(Nc3ccc(N)cc3)n2)cc1	1.0	0	0.826	0.982
3	O=S(=O)(c1cccs1)N1CCCCC1	1.0	0	0.725	0.985
3	CC(=O)c1ccccc1OCC(=O)O	1.0	0	0.731	0.992
3	Cc1c(S(=O)(=O)N2CCCCC2)coc1=O	0.0	0	0.0	0.0
3	CCC(C)C(=O)Nc1ccc(Cl)cc1C(=O)c1cccnc1	1.0	0	0.896	0.959
3	CN(C)C(=O)c1ccc(NC(=O)c2cc(Cl)ccc2Cl)cn1	1.0	0	0.853	0.983
3	CCCCc1nc(C)c2c(C)nc3cccnc3n12	1.0	0	0.858	0.952
3	Cc1ccc(S(=O)(=O)n2cc(C(c3ccccc3)N3CC(C)OC(C)C3)cn2)cc1	1.0	0	0.736	0.748
3	COC(=O)c1ccc(O)c2c(N)nccc12	1.0	0	0.69	0.971
3	CC(C)(C)OC(=O)N1CCC(c2ccccc2)C(CS)C1	1.0	1	0.924	0.871
3	O=C(O)c1ccc(NC(=O)c2cc(Cl)c(Cl)cc2NS(=O)(=O)c2ccc(Cl)cc2)cc1	1.0	0	0.0	0.981
3	O=C(Nc1cccc(C(=O)c2ccccc2)c1)C1CCNC1	1.0	0	0.803	0.968
3	O=S(=O)(Nc1ncnc2ccc(Br)cc12)c1ccc(Cl)cc1	1.0	0	0.85	0.982
3	O=C(c1ccc2ccccc2n1)N1CCC(NCc2cccs2)C1	1.0	0	0.73	0.942
3	C[N+]([O-])=Cc1ccccc1	1.0	0	0.574	0.966
3	OCC1C(c2ccccc2)C(c2ccc(Cl)cc2)=CN1C(C(=O)O)c1ccccc1	1.0	0	0.895	0.751
3	C=CCOc1ccc(C(=O)C2CCCN(C(=S)NCc3ccccc3)C2)cc1	1.0	0	0.725	0.941
3	CC(C)C(=O)NCCNC(=O)c1ccc(Cl)s1	1.0	0	0.895	0.979
3	O=C(O)CCC(=O)NC1=CCCN(CC2CCC(c3cc(F)cc(F)c3)CC2)C1	1.0	0	0.659	0.915
3	Cc1cc(C)c(S(=O)(=O)NCCc2ccc(S(N)(=O)=O)cc2)c(C)c1	1.0	0	0.809	0.979
3	CC(C)CN(CCCOc1ccc(-c2ccccc2)cc1)Cc1cnn(C)c1	1.0	0	0.765	0.977
3	CC(=O)c1cnc2cc(F)c(-c3ccccc3)cc2c1Nc1ccc(CC(=O)O)cc1	1.0	0	0.0	0.971
3	CC(=O)Oc1ccc(Nc2nc(C(F)(F)F)nc3c2cnn3C)cc1	1.0	1	0.919	0.958
3	O=C1CCC(CCO)C(CO)O1	1.0	0	0.679	0.699
3	Cc1nc(S(=O)(=O)c2ccc(Cl)cc2)s1	0.0	0	0.0	0.0
3	Cc1cc(OCCCCN2CCC(c3noc4cc(F)ccc34)CC2)ccc1C#N	1.0	0	0.664	0.951
3	Cc1ccc(S(=O)(=O)Nc2cc(Br)cc(Oc3ccccc3)c2)cc1	1.0	0	0.873	0.986
3	O=C(Nc1cccc(S(=O)(=O)NCc2cccs2)c1)c1ccccc1Br	1.0	0	0.741	0.982
3	CC(C)=CCOC(=O)C(NC(=O)Oc1ccccc1)(C(C)C)C(F)(F)F	1.0	0	0.78	0.812
3	OC(CON=C(Cl)c1nc2ccc(Cl)cc2o1)CN1CCC(O)(c2ccccc2)CC1	1.0	0	0.0	0.783
3	CN(C)C(=O)c1ccc(Oc2ccnn2-c2ccc(F)cc2)cc1	1.0	1	0.913	0.973
3	O=S(=O)(c1cnsn1)N(C1CCCCCC1)C1CCCCC1	1.0	1	0.977	0.896
3	Cc1cc(Cl)ccc1C(=O)C1CCCN(C(=O)c2cccc3cnccc23)C1	1.0	0	0.86	0.938
3	Cn1c(=O)oc2cccc(O)c21	1.0	0	0.6	0.956
3	Cn1cc(Cl)c(C(=O)NCc2ccccn2)n1	1.0	1	0.989	0.974
3	Oc1nc(O)cc(Cc2ccc(F)c(Cl)c2)n1	1.0	1	1.032	0.942
3	CCN(CC)c1ccc(NC(=O)c2ccco2)cc1	1.0	0	0.822	0.987
3	COc1ccc(S(=O)(=O)N2Cc3ccccc3C2C(=O)NO)cc1	1.0	1	0.924	0.93
3	COc1ccc(C(F)(F)F)cc1Oc1nccc(-c2ccc(NS(C)(=O)=O)cc2)n1	1.0	0	0.761	0.964
3	CCCN(C)CCCNC(=O)c1ccc(Oc2ccc(OC(C)C)cc2)cc1	1.0	0	0.706	0.982
3	Cc1ccc(S(=O)(=O)NC(C(=O)NO)C(=O)NCc2ccccc2)cc1	1.0	0	0.877	0.941
3	Oc1cc(Cl)cc2sc(N3CCN(Cc4ccc5c(c4)OCO5)CC3)nc12	1.0	0	0.726	0.958
3	O=S(=O)(c1ccccc1Cl)N1CCCC1	1.0	0	0.845	0.991
3	CC(C)(C)C(=O)Nc1ccc(S(=O)(=O)N2CCCCc3ccccc32)cc1	1.0	0	0.824	0.979
3	CNC(=S)N(CC)CC1OC(C)(C)C(OC)c2c1c(O)c1ccccc1c2=O	0.0	0	0.0	0.0
3	COc1cccc(S(=O)(=O)NCCCN2CCN(c3ccc(C(C)C)cc3)CC2)c1	1.0	0	0.643	0.979
3	CCCc1ccc(S(=O)(=O)c2ccc(OC)c3ccc(C(=O)O)c(SC)c2)cc1	0.0	0	0.0	0.0
3	Cc1cccc(S(=O)(=O)NCC(=O)NCc2cccnc2)c1	1.0	0	0.809	0.984
3	CCC(C)NS(=O)(=O)c1cnc(C(F)(F)F)cc1Oc1ccc(Cl)c(Cl)c1	1.0	1	0.989	0.88
3	CC(C)C(=O)Nc1cc(NS(=O)(=O)c2cccs2)cc(N)c1O	1.0	0	0.804	0.957
3	Cc1cc(C(=O)O)c2c(C)nc(N)nc2n1	1.0	0	0.722	0.955
3	O=C(c1cccnc1)N(Cc1ccccn1)c1ccc(O)cc1	1.0	1	0.996	0.98
3	CC(C)N1CCOC(COc2ccccc2O)C1	1.0	0	0.887	0.941
3	CCc1ccc(S(=O)(=O)c2cc(C)nc(Nc3ccc(OC)cc3)n2)cc1	1.0	0	0.819	0.971
3	Cc1nn(C)cc1C(C(=O)NN1C(=O)c2ccccc2S1)C1CCC1	1.0	0	0.804	0.715
3	CN(C)CCOc1cc(-c2cn[nH]c2)cc2c(N)c(C(=O)NN)[nH]c2c1	0.0	0	0.0	0.0
3	CN(Cc1c[nH]c2c(OCCF)cccc12)C1CC1	1.0	0	0.87	0.949
3	CCCCn1c(=O)c(NC(=O)c2cccc(Cl)c2)nc2ccccc21	1.0	0	0.771	0.982
3	O=S(=O)(Nc1cc(SS(=O)(=O)c2ccccc2)c2ccccn12)c1ccc(Cl)cc1	1.0	0	0.882	0.926
3	O=C(NCCCc1ccc(Cl)cc1)c1cccnc1SC(F)(F)F	1.0	0	0.85	0.975
3	Cn1cc(C=CC(=O)c2ccc(F)cc2)cc1[N+](=O)[O-]	1.0	1	0.942	0.943
3	NNc1cccc(S(N)(=O)=O)c1	1.0	0	0.636	0.983
3	COc1ccc(N2CCN(C(=O)CCn3cnc4ccccc4c3=O)CC2)cc1	1.0	0	0.724	0.981
3	Clc1ccc(CSc2nnc(NC3=NN=C(CCc4ccc(O)c([N+](=O)[O-])c4)S3)s2)c1	0.0	0	0.0	0.0
3	Cc1cccc(CCc2ccc(N(C)C)cc2C(=O)O)c1	1.0	0	0.84	0.983
3	Cn1nc(NC(=O)c2cnn(-c3ccccn3)c2)c2ccccc21	1.0	0	0.846	0.965
3	Cc1c(N(C(=O)c2cc(F)c(F)cc2Cl)C(C)(C)C)nc(C(F)(F)F)n1	0.0	0	0.0	0.0
3	FC(F)(F)c1nn2c(Cl)c(Cl)nn2c1CN1CCCCC1	0.0	0	0.0	0.0
3	NC(=O)c1ccc2[nH]c3c(C(=O)NCc4cccnc4)cccc3c2c1	1.0	0	0.744	0.976
3	C=S(O)c1c(C)noc1C	1.0	0	0.59	0.427
3	Cc1ccc(S(=O)(=O)N2CCC(C)CC2)cc1[N+](=O)[O-]	1.0	1	0.922	0.982
3	COc1cc2ncnc(Nc3ccc(F)c(Cl)c3)c2cc1OCCCN1CCCCC1	1.0	0	0.0	0.969
3	Oc1cc(CSc2ccccc2F)nc2nc(Cl)c(Cl)nc12	1.0	0	0.896	0.913
3	O=C(COc1ccccc1)Nc1ccncc1Cl	1.0	0	0.832	0.99
3	O=C(O)C(=O)N(Cc1ccc(Cl)cc1)C1CCC(Oc2ccccc2)CC1	1.0	0	0.897	0.973
3	O=C(O)CC(Cc1cc(CCCO)c(N)c(C(C)(C)C)c1)c1ccc(F)cc1	1.0	0	0.835	0.884
3	CC(C)(C)OOC(C)(C)C	1.0	0	0.544	0.961
3	NC(=O)NN=Cc1ccc(Cl)cc1F	1.0	1	0.952	0.975
3	CC(c1ccc(Br)cc1)n1nnnc1SCC(=O)N1CCOCC1	1.0	1	0.925	0.907
3	CCCCC(=O)c1cnc2ccc(C)cc2c1Nc1ccc(OCCCN(C)C)c(C(F)(F)F)c1	1.0	0	0.0	0.946
3	NC(=O)c1ccc(Oc2ccccc2)cn1	1.0	1	0.964	0.989
3	c1nc(CCc2cnccn2)c2cc(-c3ccc4c(c3)OCO4)ccc2n1	1.0	1	0.92	0.952
3	Cc1ccc(SCC(N)C(=O)O)cc1	1.0	1	0.918	0.963
3	CC(C)(C)c1ccc(SCc2nnc(O)c3c2CCCC3)cc1	1.0	0	0.865	0.934
3	Cc1nnc(SCC(=O)Nc2cccc(C#N)c2)n1C	1.0	1	0.913	0.979
3	Cc1ccc(CN(CCCN(C)C)Cc2ccncc2)s1	1.0	0	0.859	0.968
3	Cc1cc(-c2cccc(C(F)(F)F)c2)cc(C#Cc2c(N)ncnc2NCC(C)C)n1	1.0	0	0.0	0.906
3	CNc1ccc(S(=O)(=O)N(C)C)cc1NS(=O)(=O)c1cccc(Cl)c1	1.0	1	0.955	0.975
3	NS(=O)(=O)c1ccccc1NS(=O)(=O)COc1ccccc1	1.0	0	0.859	0.972
3	CC(Nc1nccc(Cl)n1)c1ccc(C(=O)NCc2ccc(F)c(F)c2)cc1	1.0	0	0.753	0.939
3	Cc1cc(SC(C)C(=O)NCCNc2ccc(Cl)cc2)c(C)cc1Br	1.0	0	0.69	0.932
3	CC(CF)n1cc(Cl)nc(N2CCCCCC2)n1	0.0	0	0.0	0.0
3	O=C(O)CC1=C(c2ccccc2)OC(OCc2ccccc2)CC1O	1.0	0	0.86	0.832
3	CC(=O)NC(Cc1ccc(NS(=O)(=O)O)cc1)c1ccc(Cl)cc1	1.0	0	0.799	0.955
3	OCC1(NCc2cccc(Oc3ccccc3)c2)CCOCC1	1.0	0	0.807	0.971
3	Cc1c(Cl)c(=O)oc2ccc(OC(=O)c3ccccc3)cc12	1.0	0	0.868	0.982
3	N=C(N)SCc1cccc(Cl)c1	1.0	0	0.825	0.976
3	O=C(c1cc(-c2ccc(Cl)cc2)n[nH]1)c1ccco1	1.0	0	0.828	0.974
3	CCOc1c2ccccc2nn1-c1c(Cl)cccc1Cl	1.0	1	0.908	0.967
3	O=c1cc(-c2cccnc2)coc1O	0.0	0	0.0	0.0
3	Oc1nc2ccccc2n1-c1nccs1	1.0	0	0.8	0.958
3	Cc1cccc(OCC(=O)Nc2nc3nc(N4CCN(C)CC4)ccc3[nH]2)c1	1.0	0	0.674	0.961
3	CSc1nn(Cc2ccccc2)c(N)c1SC	1.0	0	0.89	0.948
3	Cc1nc(S(=O)(=O)N(Cc2ccccc2)Cc2ccccc2)cs1	1.0	1	0.911	0.977
3	Cc1ccc2nc(O)c(-c3nc4ccccc4[nH]3)cn2c1	0.0	0	0.0	0.0
3	COc1cc(OC)c(NC(=O)CSc2ncnc3sc(C)cc23)cc1Cl	1.0	1	0.928	0.962
3	COc1ccc(C(C)(F)F)cc1NC(=O)c1cc(C)nn1C	1.0	0	0.812	0.97
3	CCc1cccc(C(CC(N)=O)c2c(C)cccc2C)c1	1.0	0	0.856	0.944
3	O=C(c1ccc(F)cc1)C1CCCN(Cc2cc(Cl)ccc2O)C1	1.0	0	0.845	0.958
3	CN1CCN(C(=O)CC2CCCNC2)c2ccccc21	1.0	0	0.84	0.915
3	O=S(=O)(NCCCN1CCc2ccccc2C1)c1ccccn1	1.0	0	0.776	0.974
3	CCc1nnc(NC(=O)CCc2ccccc2)s1	1.0	0	0.896	0.987
3	CC(=O)Nc1nc(C)c(S(=O)(=O)NC(=O)c2ccc(Br)cc2)cn1	1.0	0	0.822	0.962
3	Cc1cncc(NC(=O)Nc2cnc(Oc3ccc(NC(=O)Nc4ccccc4)cc3)nc2)cc1	0.0	0	0.0	0.0
3	COc1ccccc1CC(O)CN1CCC(O)(Cc2ccccc2)CC1	1.0	0	0.755	0.937
3	O=C(C(=O)c1cc(F)ccc1F)c1ccccc1N	1.0	0	0.882	0.979
3	N#Cc1c(Cl)nc2ccc(C(F)(F)F)cc2n1	1.0	0	0.853	0.947
3	C=CCNC(=O)c1ccc(OC)cc1	1.0	0	0.749	0.992
3	O=C(Nc1cccc(Cl)c1)c1cnc(Cl)c(Cl)c1	1.0	0	0.892	0.987
3	COc1ncc(Cl)cc1-c1nccnc1OC1CN(C(=O)c2cccnc2)C1	1.0	0	0.766	0.933
3	O=S(=O)(Nc1ccncc1Cl)c1cccc(Cl)c1	1.0	0	0.891	0.983
3	CN(O)c1[nH]c2cc(Cl)ccc2c1-c1c(-c2ccc(F)cc2)c2cccnc2n1Cc1ccc(Cl)cc1	1.0	0	0.0	0.91
3	Cc1cc(NC(=O)c2ccccc2[N+](=O)[O-])on1	1.0	0	0.825	0.977
3	N=C(N)c1ccc(C(=O)NC(Cc2ccc(Cl)cc2)C(=O)NC(Cc2ccccc2)C(N)=O)cc1	1.0	0	0.0	0.914
3	N#Cc1ccc(OCc2cn(Cc3nc4ccccc4s3)nn2)cc1	1.0	0	0.806	0.966
3	O=C(c1cnc2ccc(Cl)cn12)N(C1CCCCC1)C1CCCCC1	1.0	0	0.841	0.947
3	NC(=O)Cc1cnn(-c2ccc(C(F)(F)F)cc2)c1	1.0	0	0.889	0.975
3	O=C(CCc1ccccc1)Nc1ccc(S(=O)(=O)Nc2ncccn2)cc1	1.0	0	0.715	0.985
3	CCCCC(=C(c1ccc(O)cc1)c1ccc(O)cc1)c1ccc(O)c(OC)c1	1.0	0	0.829	0.968
3	CC1C(C(=O)c2cnncc2Nc2ccccc2)=CSC1=O	1.0	0	0.85	0.708
3	CN(C)C=NS(=O)(=O)c1ccccc1	1.0	0	0.791	0.971
3	Cc1cc(C)cc(C(=O)NC(=S)Nc2ccc(F)cc2OCc2ccccc2)c1	1.0	0	0.743	0.981
3	Cc1ccc(C(=O)Nc2cc(C(F)(F)F)ccc2O)cc1	1.0	0	0.75	0.989
3	CCn1c(=O)c2c(nc(N=C3C(=O)Nc4ccccc43)n2C)n(C)c1=O	1.0	0	0.802	0.894
3	NS(=O)(=O)c1ccc(CCNc2ncccc2C(F)(F)F)cc1	1.0	0	0.766	0.977
3	O=C(O)c1ccccc1OCc1ccc(Cl)c(Cl)c1	1.0	1	1.114	0.991
3	NS(=O)(=O)c1ccc(CCONC(=O)c2cc(Cl)ccc2O)cc1	1.0	0	0.776	0.973
3	N#Cc1ccc(S(=O)(=O)Nc2ccc(Nc3nc(Cl)nc4ccccc34)cc2)cc1	1.0	0	0.739	0.975
3	CCN1c2ncccc2C(=O)NC1c1ccncc1	1.0	0	0.846	0.876
3	Clc1ccc(CN2CCN(C3CN4CCCCC3c4ccc(Cl)cc3Cl)CC2)cc1	0.0	0	0.0	0.0
3	Cc1ccc(N(C)c2ccc(C(C)C)cc2)cc1F	1.0	0	0.881	0.984
3	CC(C)CC(NC(=O)CC(=O)C(CC(N)=O)Cc1ccccc1)c1ccccc1	1.0	0	0.691	0.877
3	COc1cccc(OC2C=CC(C(=O)NCc3ccc(Cl)cc3)OCC2OCc2ccccc2)c1	1.0	0	0.0	0.696
3	O=c1ccn(Cc2ccc(F)cc2)c2ccccc12	1.0	1	0.979	0.988
3	O=C(Cc1cn(Cc2ccccc2)c2ccccc12)Nc1ccc(Cl)cc1	1.0	0	0.8	0.988
3	NC(=O)Cc1nccnc1SC(C(=O)Nc1ccc(I)cc1)c1ccc(F)cc1	1.0	0	0.813	0.883
3	NC(=O)c1cnc(N)c2cc(Br)c(Br)cc12	1.0	0	0.699	0.94
3	CN(c1ccc(N2CCOCC2)cc1)S(=O)(=O)c1ccccc1	1.0	0	0.834	0.985
3	O=S(=O)(NCCc1ccc(Cl)cc1)c1cnc2ccc(Cl)cc2c1	1.0	0	0.832	0.982
3	Cc1noc(NS(=O)(=O)c2cccc(OC(c3ccccc3)c3cncs3)c2)c1I	1.0	0	0.765	0.769
3	Oc1nc(SCc2ccc(Cl)cc2Cl)nc2ccccc12	1.0	1	0.941	0.977
3	CCCCCC(=O)C(=O)CC	1.0	0	0.755	0.974
3	Oc1ccc(-c2nc3ccccc3s2)c2nc(CCc3ccc(NCc4ccccc4)cn3)cnc2c1	0.0	0	0.0	0.0
3	Cc1nnc(SCc2ccccc2)s1	1.0	0	0.868	0.987
3	Cc1ccc(C(=O)NCCCn2cccn2)cc1S(=O)(=O)N1CCNCC1	1.0	0	0.709	0.965
3	COc1cc2c(cc1Nc1nc(C)cc(Nc3cccc(C(=O)N(C)C)c3)nc1O)CCN2	0.0	0	0.0	0.0
3	COc1ccccc1C(=O)n1nc(-c2ccc(Cl)cc2)nc1N	1.0	0	0.756	0.978
3	CCN(CC(=O)Nc1ccccc1F)C(=O)COc1ccccc1[N+](=O)[O-]	1.0	0	0.892	0.981
3	Cn1c(=O)cc(SCC(=O)NC2CCCc3ccccc32)c2cc(Cl)ccc21	1.0	0	0.826	0.915
3	COc1ccc(CCCN(C)C)cc1Nc1ncc(Cl)c(Nc2cccc3c2OCCO3)n1	1.0	0	0.0	0.939
3	CCC(C(=O)NCC#N)c1cccc(Oc2cccc(CC(=O)O)c2)c1	1.0	0	0.796	0.928
3	COc1cc(OC)cc(C2COc3ccccc3C2=O)c1	1.0	1	0.913	0.943
3	O=C(NCCCn1ccnc1)Nc1ccc([N+](=O)[O-])cc1	1.0	0	0.816	0.98
3	CCCNC(=O)c1ccccc1N1C(=O)CCC1=O	1.0	0	0.779	0.983
3	Oc1cc(N2CCOCC2)c(O)n1Cc1ccccc1	1.0	1	0.953	0.964
3	Cc1ccc(S(=O)(=O)Nc2ccc(C(=O)NCC=Cc3ccc(Cl)cc3)cc2)cc1	1.0	0	0.564	0.981
3	Cc1nn(Cc2ccccc2)c(C)c1NC(=O)CC(C)C	1.0	0	0.878	0.985
3	COc1ccc(-c2ccc(C(N)=O)cc2)cc1C#N	1.0	0	0.794	0.988
3	O=C1N(C(CN2Cc3cnc4ccccc4c3)C2)c2cccc(F)c2N1	1.0	0	0.861	0.958
3	CCC(C)C(N)CN(C(=O)C1CC1c1ccccc1)c1ccc(NS(C)(=O)=O)c(F)c1	1.0	0	0.0	0.656
3	CCOc1ccc(C(=O)Nc2nc(C)c3ccccc3n2)cc1	1.0	0	0.781	0.988
3	CCN(CC)Cc1nc2ccccc2n1CCOc1ccc(Cl)cc1	1.0	1	0.916	0.982
3	Cc1nc2ccc(NC(=O)c3ccccc3)cc2n(C2CCCCC2)c1=O	1.0	0	0.77	0.98
3	Cc1ccc(S(=O)(=O)NCC(NC(=O)Oc2ccccc2)c2ccc(F)cc2)cc1	1.0	0	0.764	0.951
3	O=C1N=C(Nc2ccc(Cl)cc2Cl)S1	1.0	0	0.844	0.97
3	CN(CCOc1ccccc1)CCc1ccc(F)cc1	1.0	0	0.883	0.991
3	CCCCS(=O)(=O)N1CCCC(C)(C(=O)NSC(=O)Nc2cccc(Oc3ncccc3)c2)C1	1.0	0	0.0	0.74
3	CC(C)(C)c1ccc(C(=O)NCCCn2ccc3ccccc32)cc1	1.0	0	0.802	0.984
3	CNC(C)COc1cc(F)ccc1F	1.0	0	0.785	0.95
3	Cc1ccc(S(=O)(=O)Oc2ccc(C(=O)Nc3ccc(F)cc3)cc2)cc1	1.0	0	0.684	0.989
3	CCC(=O)Nc1cccc(OCC(=O)OCC)c1N	1.0	0	0.778	0.981
3	Cn1cc(Cl)c(C(=O)NCc2ccccc2F)n1	1.0	1	0.955	0.98
3	COC(=O)Nc1nc2cc(C(=O)c3cc(F)ccc3OCCN)ccc2[nH]1	1.0	0	0.824	0.959
3	COc1ccc(NC(=O)c2ccccc2C)cc1Sc1nc(N2CCCCCC2)no1	1.0	0	0.0	0.95
3	Cc1cc(C)nc(SCC(=O)Nc2ccc(NC(C)(C)C)cc2)n1	1.0	0	0.843	0.975
4	COc1cccc(NC(=O)NC2CCc3ccccc32)c1	1.0	0	0.821	0.972
4	O=C(Cc1ccccc1)NC(NC(CO)C(=O)CO)C(=O)O	1.0	0	0.818	0.828
4	O=C(CCc1ccc(Cl)cc1)c1ccc2nccc(O)c2c1	1.0	0	0.801	0.981
4	CCC(C)C(NC(=O)c1cccc([N+](=O)[O-])c1)C1CCCCC1=O	1.0	0	0.835	0.767
4	O=C(O)c1c(Br)c(Br)c(Br)c(Br)c1I	1.0	0	0.658	0.853
4	CC(=O)c1cccc(S(=O)(=O)NCCCNS(=O)(=O)c2ccc(Cl)cc2)c1	1.0	0	0.768	0.981
4	COc1ccc(NS(=O)(=O)c2ccc3c(c2)CCCN3C(=O)CN(C)C)cc1	1.0	0	0.74	0.975
4	Cc1cc(Nc2ncc(Br)c(Nc3cc(C4CC4)[nH]n3)n2)ccc1N1CCOCC1	1.0	0	0.718	0.93
4	Cn1ccc(S(=O)(=O)c2ccccc2)S1	0.0	0	0.0	0.0
4	O=S(=O)(Nc1cc(Cl)c(Cl)cc1Cl)c1ccc(F)cc1	1.0	1	0.923	0.987
4	COc1cccc(OC)c1OCCCn1ccnc1	1.0	0	0.835	0.982
4	COc1ccc2c(ccn2S(=O)(=O)c2ccc(F)cc2F)c1OC	1.0	0	0.879	0.969
4	O=C(CCc1ccc(Cl)cc1Cl)c1cccnc1	1.0	1	0.943	0.985
4	O=C(NCCCN1CCCC1)c1ccc2cc(Br)ccc2c1	1.0	0	0.79	0.987
4	O=C(CN1C(=O)CCC1=O)Nc1nc(-c2ccc(F)c(F)c2)cs1	1.0	1	0.96	0.973
4	Cn1nc(O)c(C(N)=O)n1	1.0	0	0.605	0.819
4	CC(=O)OCC(=O)C1CCC2C3CC=C4CC(=O)C=CC4(C)C3C(O)CC21C	1.0	0	0.775	0.246
4	COc1ccccc1N1CCN(c2ncnc3sc(C)c(C)c23)CC1	1.0	0	0.768	0.976
4	CC1CN(C(=O)c2ccc3ncc(Cl)cn3c2)CCC1n1cc(C(N)=O)nc1Cl	0.0	0	0.0	0.0
4	O=[N+]([O-])c1ccc(CCN2CCCC2)cc1	1.0	0	0.845	0.99
4	COc1cccc(S(=O)(=O)NCc2ccc(C(=O)Nc3ccccc3N)cc2)c1	1.0	0	0.618	0.985
4	Cc1cc(C(=O)COC(=O)c2ccc(C)s2)c(C)n1C	1.0	0	0.808	0.97
4	O=C(CCc1ccc(Cl)cc1)c1ccc(O)cc1	1.0	1	0.926	0.992
4	O=c1c(=O)n(Cc2ccc(F)cc2)ccn1Sc1ccccc1	1.0	1	0.974	0.954
4	CCOc1ccc(S(=O)(=O)Nc2ccc(Cl)c(S(=O)(=O)NC)c2)cc1	1.0	0	0.81	0.983
4	COc1cc(OC)cc(C(=O)Nc2nnc(SCc3c(Cl)cccc3Cl)s2)c1	1.0	0	0.685	0.971
4	O=C(COC(=O)c1ccc(O)cc1O)c1ccc(Cl)c(Cl)c1	1.0	1	0.927	0.983
4	CN(C(=O)c1cccc(Cl)c1)c1nnc(-c2cnccn2)s1	1.0	0	0.859	0.957
4	CCc1ccc(S(=O)(=O)c2c(C(=O)O)cccc2C(F)(F)F)cc1	1.0	0	0.894	0.975
4	O=C(Nc1ccc(C(F)(F)F)cc1)c1ccc(NC(=O)c2ccc(Br)cc2)cn1	1.0	0	0.535	0.983
4	CCOC(=O)c1ccc(NS(=O)(=O)c2ccc(C)cc2)cc1	1.0	0	0.827	0.992
4	O=[N+]([O-])c1cc(Cl)ccc1Oc1cccc(Br)c1	1.0	1	1.06	0.986
4	Cc1ccc(N(CC(=O)NCc2ccc(F)cc2)S(=O)(=O)c2ccccc2)cc1	1.0	0	0.818	0.985
4	COc1cnc(OCC2CCCN2c2ccnc(O)n2)cc1	1.0	1	0.929	0.842
4	CCOC(=O)N1CCN(C(=O)C(=O)Nc2ccc(Br)c(Cl)c2)CC1	1.0	0	0.867	0.975
4	COc1ccccc1N1CCN(CC(O)c2ccc(Oc3nnnn3Cc3ccc(F)cc3)cc2)CC1	1.0	0	0.0	0.893
4	CC1Oc2ccccc2S(=O)(=O)N1	1.0	0	0.625	0.736
4	Cc1nn(C)c(C)c1S(=O)(=O)NCCN1CCCC1	1.0	0	0.855	0.971
4	O=S(=O)(NCCO)c1ccc(Oc2ccccc2)nc1	1.0	0	0.836	0.982
4	NC1=NC(CCc2ccc(F)c(F)c2)CO1	1.0	1	0.999	0.89
4	CC(=O)Nc1ccc(S(=O)(=O)NCCc2ccc(S(C)(=O)=O)cc2)cc1	1.0	0	0.706	0.986
4	CCc1ncnc2cc(OCC(C)C)c(O)cc12	1.0	0	0.796	0.958
4	N#CCc1cc(Cl)nc2c1NC(C(=O)O)C1CCC21	1.0	0	0.876	0.37
4	Fc1ccc(Oc2ncnc3ccccc23)cc1	1.0	1	1.001	0.989
4	O=C(Nc1cccc2ccccc12)N1CCc2c(Cl)cccc21	1.0	0	0.767	0.981
4	COc1ccc(Cn2ccc3ccc(-c4ccc(OC)c(OC)c4)cc32)cc1	1.0	0	0.867	0.984
4	CCn1c(CSCc2ccc(Cl)cc2)nnc1S	1.0	1	1.081	0.959
4	O=C(Cn1nnc(-c2ccncc2)c1=O)NCc1ccccc1	0.0	0	0.0	0.0
4	CC(C)(C)OC(=O)NC(Cc1ccccc1)C(=O)Nc1ccc(-c2ccc(S(N)(=O)=O)cc2)s1	1.0	0	0.0	0.915
4	COc1ccc(S(=O)(=O)N(C)C)cc1NS(=O)(=O)c1ccc(F)cc1	1.0	0	0.898	0.984
4	CCCCn1c(S)nnc1-c1ccc(F)cc1	1.0	1	0.974	0.978
4	CC(Nc1ncnc2[nH]cnc12)c1cccc(F)c1	1.0	1	0.974	0.9
4	CNCc1cc(OC(C)(C)C(=O)O)cc(N2CCC2)c1	1.0	0	0.833	0.966
4	CCn1c(=O)cc(Nc2ccc(C)cc2)c2cccnc21	1.0	0	0.867	0.978
4	O=C(CNS(=O)(=O)c1cc(Cl)c(Cl)cc1Cl)NO	1.0	0	0.819	0.966
4	O=C(O)c1cccc(NC(=O)c2cccc(Cl)c2Cl)c1	1.0	0	0.863	0.991
4	CC(=O)Nc1ccc(S(=O)(=O)NC2=NCCN2)cc1	1.0	0	0.745	0.971
4	Cc1c(NS(=O)(=O)c2ccc(I)cc2)cccc1C(=O)CCC1=CC(=O)c2ccccc2C1=O	1.0	0	0.0	0.945
4	Cc1ccc(S(=O)(=O)N(C)C)cc1NC(=O)COc1ccc(Cl)cc1Cl	1.0	0	0.782	0.984
4	CCCC(=O)C1C(=O)C(C(C)(C)C)N(C)C(=O)C1CC	1.0	0	0.883	0.494
4	COc1ccc(C(C(=O)NC2CCCC2)N(Cc2ccccc2)C(=O)c2sccc2C)cc1	1.0	0	0.0	0.933
4	Cc1ccc(S(=O)(=O)Nc2cc([N+](=O)[O-])ccc2O)cc1Cl	1.0	1	0.99	0.98
4	Nc1nccc(-c2ccc(Cl)cc2)n1	1.0	0	0.86	0.988
4	Cc1ccc(S(=O)(=O)N2CCCC2C(=O)NC(C)C)c(C)c1Cl	1.0	0	0.89	0.924
4	O=C(c1ccc(Cl)c(Cl)c1)c1cccn1Cc1ccccn1	1.0	1	1.039	0.976
4	O=S(=O)(c1ccc(Oc2ccc(F)cc2)c(Cl)c1)c1cnn2ccc(Cl)nc12	1.0	0	0.761	0.943
4	O=S(=O)(Nc1ncnc2sccc12)c1cc(Cl)ccc1Cl	1.0	0	0.827	0.968
4	COc1ccc(Cl)c2sc(C(N)=O)nc12	1.0	0	0.667	0.963
4	Cc1nnc(CNC(=O)c2cccs2)cn1	1.0	1	0.907	0.956
4	O=S(=O)(c1ccccc1)c1sc2ncccc2c1-c1ccncc1	1.0	1	0.963	0.965
4	COc1ccc(S(=O)(=O)N2CCN(C(=O)c3cccc(Cl)c3C)CC2)cc1	1.0	0	0.778	0.985
4	O=C(c1cc(Cl)c2c(c1)C(=O)c1ccccc1C2=O)c1ccc(Cl)s1	1.0	0	0.743	0.966
4	CCCSc1nnc(Cc2ccccc2)n1C	1.0	1	0.933	0.983
4	CCN(C(=O)Nc1ccc(C(C)C)cc1)c1cc(Cl)ccc1NS(N)(=O)=O	1.0	0	0.803	0.959
4	CC(C)=CCc1c(O)cc(O)c2c1OC(c1ccccc1)CC2=O	1.0	0	0.865	0.861
4	Clc1ccc(C(c2ccc(Cl)cc2)c2nc(-c3ccc(Cl)cc3)no2)cc1	1.0	0	0.871	0.978
4	Cc1ccc(S(=O)(=O)N(C)C)cc1NC(=O)c1ccccc1	1.0	0	0.819	0.991
4	CC(C)(C)C(=O)Nc1ncnc2sccc12	1.0	0	0.816	0.962
4	CCN(CC)S(=O)(=O)c1ccc(O)c(C(=O)OCC(=O)c2ccc(Br)cc2)c1	1.0	0	0.715	0.976
4	Cc1nnc(NS(=O)(=O)c2ccc(N)cc2)s1	1.0	1	0.92	0.978
4	Cc1ccc(S(=O)(=O)NCC(=O)N2CCN(c3ccc(F)cc3)CC2)cc1	1.0	0	0.718	0.984
4	O=S(=O)(CC(F)(F)F)c1ccc(-c2cccc(Cl)c2Cl)cn1	1.0	0	0.882	0.95
4	Cn1nc(S(=O)(=O)NCCOc2ccccc2)ccc1=O	1.0	0	0.869	0.972
4	CN(C)C(=O)COc1ccc(S(=O)(=O)N2CC(C)OC(C)C2)cc1	1.0	0	0.819	0.91
4	CCOc1ccc(C(=O)N(c2ccccc2)c2ccccc2)cc1	1.0	1	0.92	0.989
4	Cc1cc(C(=O)c2cccnc2)c(C)n1-c1cccc2cc(S(N)(=O)=O)ccc12	1.0	0	0.83	0.964
4	O=C(Nc1ccc(F)cc1)c1cccc(F)c1	1.0	0	0.787	0.995
4	N#CC(c1ccc(Cl)nn1)c1cccc(C(F)(F)F)c1	1.0	1	0.992	0.874
4	CCCCOc1ccc(C(=O)Nc2cccc(OC(=O)c3cccs3)c2)cc1	1.0	0	0.651	0.984
4	Cc1cc(C)c(CNC(=O)c2cc(OCC(F)(F)F)c(Cl)cc2Cl)cn1	1.0	0	0.792	0.96
4	CCCCCn1cc(C(=O)c2ccccc2O)c2ccccc21	1.0	0	0.831	0.983
4	COc1ccc(-n2c(C)nc(I)c2C(=O)c2ccccc2)cc1	1.0	0	0.85	0.971
4	O=S(=O)(Cl)CC(O)CO	1.0	0	0.559	0.75
4	CCOc1ccc(CNS(=O)(=O)c2ccc(Br)cc2)cc1OCC	1.0	0	0.771	0.986
4	CC(=O)N1CCCn2c1nc1cccn12	1.0	0	0.774	0.818
4	COc1ccc(-c2ccc(CSc3nnc(-c4ccccc4)n3C)cn2)cc1	1.0	0	0.749	0.981
4	CCc1nn(C(C)C)c2c(N)nc(N(CC)CC)nc12	1.0	0	0.819	0.886
4	Cc1ccc(N2C(=O)Nc3c(C(=O)Nc4ccccc4)cc(C)nc32)cc1	1.0	0	0.681	0.975
4	CC(c1ccccc1)n1c(S)nnc1NC(=O)c1ccccc1	1.0	0	0.783	0.934
4	O=C(COc1ccccc1)N1CCCC1	1.0	0	0.826	0.994
4	CN(C(=O)c1ccccc1)c1cccc(NS(=O)(=O)c2cccc(Cl)c2)c1	1.0	0	0.877	0.984
4	CCOc1ccccc1N1CCN(C(=O)c2ccc(Cl)c(S(=O)(=O)N3CCCCCC3)c2)CC1	1.0	0	0.0	0.974
4	CCC(C)NS(=O)(=O)c1ccc(NC(C)=O)cc1	1.0	0	0.817	0.974
4	NC(=O)c1cc(Cl)ccc1N=Nc1ccc(O)cc1	1.0	0	0.886	0.966
4	CCc1c(C(=O)NC(C)(C)c2nnn(C)n2)oc2nc(F)c(F)cc12	1.0	1	1.068	0.774
4	NC(=S)NN=Cc1cccc(Oc2ccccc2)c1	1.0	1	0.969	0.984
4	OC(CNc1ccc(Cl)cc1)CN1CCOCC1	1.0	1	0.924	0.962
4	CC(Nc1ncnc2c(C(N)=O)cccc12)c1ccc(Cl)cc1	1.0	0	0.893	0.948
4	CC(C)n1nccc1NS(=O)(=O)c1cc(Cl)cc(Cl)c1O	1.0	0	0.823	0.95
4	CNCC(CC)NC(=O)c1ccc(Br)cc1	1.0	1	0.927	0.961
4	O=C(C=Cc1ccc(Cl)cc1)c1ccc(F)cc1	1.0	1	0.92	0.991
4	CCc1nc2ccc(N(C)C)cc2n1CCCn1cc(C)cn1	1.0	0	0.845	0.956
4	NS(=O)(=O)c1ccc(C(=O)NC(=O)NS(=O)(=O)c2ccccc2)cc1	1.0	0	0.799	0.983
4	Cc1nnsc1S(=O)(=O)Nc1ccc(C(F)(F)F)cc1	1.0	0	0.845	0.955
4	Cc1cccc(C)c1NC(=O)c1c(Cl)cnc(Cl)c1Cl	1.0	0	0.851	0.97
4	COc1ccc(C(=O)NC(C(=O)N2CCc3ccc(OC)cc32)C(C)C)cc1	1.0	0	0.8	0.954
4	CC(CCc1ccccc1)C(NC(=O)CCl)c1ccc([N+](=O)[O-])cc1	1.0	0	0.779	0.896
4	Cc1cc(N2CCCC2)ccc1Oc1ccc2c(c1)CCS2	1.0	1	0.913	0.969
4	CCCCN(C(=O)c1ccnc2ccccc12)C12CC3CC(CC(C3)C1)C2	1.0	0	0.9	0.623
4	O=C(Cc1ccccc1)Nc1ccc(S(=O)(=O)O)cc1	1.0	0	0.8	0.992
4	Cc1ccc(NC(=O)CSc2cc(Cl)ccc2Cl)c([N+](=O)[O-])c1	1.0	0	0.876	0.981
4	COc1ccc(CNC(=O)CCc2ccccc2)cc1	1.0	1	1.004	0.994
4	CC(=O)c1cccc(Oc2ncnc(O)c2NS(=O)(=O)c2ccc(C)cc2)c1	1.0	1	0.905	0.96
4	c1ccc(OCc2nn[nH]n2)cc1	1.0	1	0.917	0.983
4	CCCCCS(=O)(=O)O	1.0	0	0.658	0.984
4	COc1ccc(CC(=O)N2CCC(c3ccc(C#N)cc3)CC2)cc1OC	1.0	0	0.821	0.981
4	CSCC(NC(C)=O)C(=O)N(C)C	1.0	0	0.796	0.907
4	O=S(=O)(Nc1ncns1)c1ccc(Cl)cc1	1.0	1	0.978	0.97
4	Cn1c(=O)n(-c2cccc(F)c2)c2ccc(Cl)cc21	1.0	0	0.85	0.98
4	CCCN1C(=O)C(C(=O)Nc2ccc(Cl)cc2)C(=O)c2ccccc21	1.0	0	0.829	0.947
4	CC(C)Cn1c(=O)c(C(=O)Nc2ccccc2)c(O)c2cccnc21	1.0	0	0.845	0.977
4	O=C(CCSc1ccccc1NS(=O)(=O)c1ccc(Cl)cc1)NN1CCOCC1	1.0	1	0.902	0.962
4	O=C(c1ccc(Br)cc1)c1ccc(CN2CCN(c3cccnc3)CC2)cc1	1.0	0	0.641	0.984
4	CN1CCC(COc2ccc(C(=O)O)cc2)CC1	1.0	0	0.872	0.988
4	O=C(O)C1(S(=O)(=O)c2ccccc2)CCCCC1	1.0	1	0.976	0.975
4	Cc1sc(NC(=O)C(C)(C)C)nc1SCc1ccc(F)cc1	1.0	0	0.827	0.959
4	CCN(C(=O)c1c(C)noc1C)c1ccccc1	1.0	0	0.863	0.979
4	O=C(NCC(=O)NO)N1C(C(=O)O)CCC1C(=O)O	1.0	0	0.815	0.786
4	COC(=O)C=CC1=C(C(=O)OC)C(c2ccccc2)NC(=O)N1	1.0	0	0.88	0.871
4	CCCCN(CC)C(=O)CCc1c(C)nnn1-c1ccc(C(C)C)cc1	1.0	0	0.829	0.955
4	O=C(COc1ncnc2cc(Cl)ccc12)c1ccc(F)cc1	1.0	0	0.799	0.982
4	Clc1cncc(CNc2nc(-c3ccco3)nc3ccccc23)c1	1.0	1	0.965	0.968
4	O=C(Cn1c(C(F)(F)F)nc2ccccc21)NO	1.0	0	0.827	0.972
4	CC(=O)Nc1cc(-c2nnc(Nc3ccc(Cl)cc3)s2)ccc1Cl	1.0	0	0.801	0.98
4	Clc1ccc(Nc2ccccc2)cc1	1.0	0	0.866	0.996
4	CN(C)c1ncnc2c1ncn2CCCCCNc1ccccc1	1.0	0	0.748	0.967
4	c1cnc(Sc2ncnc3ccccc23)cn1	1.0	0	0.891	0.968
4	Nc1nc(N)nc(COc2ccccc2)n1	1.0	1	0.901	0.984
4	O=C(Nc1ccon1)c1cccc(Br)c1	1.0	1	0.901	0.981
4	OCCCc1nc(-c2ccc(Cl)cc2)no1	1.0	1	0.91	0.985
4	O=C(C=Nc1ccccc1)c1ccc(F)cc1F	1.0	0	0.895	0.973
4	O=C(CC1CCCO1)Nc1ccc(S(=O)(=O)Nc2nccs2)cc1	1.0	0	0.728	0.94
4	N#CCC(=O)NN=Cc1ccc([N+](=O)[O-])o1	1.0	0	0.74	0.93
4	CCOc1ccc(OCC)c(S(=O)(=O)n2cc(Br)cn2)c1	1.0	1	0.923	0.956
4	Cc1ccc(C(c2ccc(Cl)cc2Cl)c2ccc(Cl)s2)cc1	1.0	1	1.001	0.938
4	CCCC1(C(=O)OC)N=CNc2ccccc21	1.0	0	0.779	0.706
4	CC(C)COC(=O)COc1ccc(Cl)cc1Cl	1.0	0	0.894	0.988
4	CC(=O)Nc1nc2ccc(I)cc2s1	1.0	0	0.825	0.974
4	O=C(O)C1(S(=O)(=O)c2cccc(Br)c2)CCCCC1	1.0	1	0.929	0.962
4	CCc1ccc(OC(=O)NC)cc1	1.0	0	0.79	0.99
4	CN(C)CCOc1cccc(Br)c1	1.0	0	0.88	0.989
4	CC1CCN(c2ccc(NC(=O)c3ccc(Br)cc3)cc2)CC1	1.0	0	0.699	0.99
4	CC(C1=C(C)c2ccccc2C1)N(C)C	1.0	0	0.76	0.869
4	Clc1ccc(-c2ccc(Oc3cc(Cl)c4[nH]cnc4c(Cl)c3Cl)cc2F)cc1	0.0	0	0.0	0.0
4	O=S(=O)(c1ccccc1)c1nc(-c2ccccc2)oc1N1CCOCC1	1.0	0	0.889	0.974
4	O=C(CCc1cc(O)nc2cc(Cl)ccc12)NO	1.0	0	0.878	0.958
4	Cc1nnnn1C(=Cc1cc(Cl)ccc1O)C(=O)O	1.0	1	1.01	0.922
4	Oc1cc(C(F)(F)F)c2cccc(F)c2n1	1.0	0	0.727	0.953
4	CC(=O)c1cccc(NC(=O)CSc2nnc(-c3ccco3)o2)c1	1.0	0	0.829	0.975
4	O=C(CCCCCCC(=O)c1nccs1)NO	1.0	0	0.766	0.957
4	O=C(Cc1ccccc1)c1ccccc1	1.0	0	0.848	0.996
4	Nc1cc(Cl)ccc1N1CCc2cc(Cl)c(O)cc2C1	1.0	1	0.973	0.966
4	O=S(O)(=O)c1cccc(NC(=S)NCc2ccccc2)c1	1.0	0	0.791	0.988
4	Cc1noc(NS(=O)(=O)c2ccc([N+](=O)[O-])cc2)c1Br	1.0	0	0.847	0.965
4	COc1cc(NS(=O)(=O)c2cc(Cl)ccc2Cl)ccc1-c1cc2ccccc2oc1=O	1.0	0	0.0	0.971
4	CC(Oc1nc(Cl)cc(Nc2nc(Cl)nc3ccccc23)n1)c1ccc(F)cc1	1.0	0	0.781	0.884
4	O=C(CCc1ccc(Sc2cccc(Cl)c2)c(Cl)c1)NO	1.0	0	0.827	0.974
4	CCOC(=O)N1CCN(c2cc(C(C)(C)C)ccc2CN)CCC1=O	1.0	0	0.798	0.952
4	Cc1cc(C)c(S(=O)(=O)N(C)CC(=O)N2CCC2)c(C)c1Cl	1.0	0	0.893	0.962
4	Cc1cccc(C)c1NC(=O)C1(SC(N)=O)c2ccccc2C1	1.0	0	0.832	0.82
4	CNC(=O)c1ccc(OC)c(Nc2ncnc3ccccc23)c1	1.0	1	0.917	0.985
4	Cc1cc(S(=O)(=O)C2CCOCC2)cc(OC)c1F	1.0	0	0.81	0.95
4	O=C(Nc1ccc(Cl)cc1C(=O)O)c1ccccc1	1.0	1	0.912	0.994
4	Cc1nn(Cc2ccc(Cl)cc2)c(C)c1NC(=O)c1ccncn1	1.0	0	0.888	0.974
4	O=C(COC(=O)c1cc2ccccc2oc1=O)c1ccc(F)cc1	1.0	0	0.768	0.985
4	O=C(CN(Cc1ccc(F)cc1)S(=O)(=O)c1ccc(F)cc1)NN	1.0	1	0.913	0.981
4	O=S(=O)(Cc1ccccc1)Cc1cccc(NS(=O)(=O)c2ccc(Cl)cc2C(F)(F)F)c1	1.0	0	0.0	0.967
4	Cc1ccc(S(=O)(=O)N2CCCc3cc(Cl)c(Cl)cc32)cc1	1.0	1	0.982	0.98
4	CN(C)c1ccc(CNC(=O)CCn2c(C)nc3ccccc32)cc1	1.0	0	0.888	0.983
4	Nc1nc2ccc(NC(=O)c3ccccc3)cc2s1	1.0	0	0.822	0.989
4	CC1=C(C(=O)Nc2ccc(-c3ccc(Cl)cc3)cn2)C2CCSCC2C(=O)N1	1.0	0	0.709	0.759
4	O=C(C=Cc1ccccc1[N+](=O)[O-])Nc1cccnc1	1.0	0	0.815	0.981
4	c1ccc(COc2cccc(Nc3ncccc3-c3nc[nH]n3)c2)cc1	1.0	0	0.853	0.954
4	CC(C)CNS(=O)(=O)c1ccc(Br)cc1Oc1ccncc1	1.0	0	0.87	0.97
4	O=C(Cc1ccccn1)N1CCCN(C(=O)c2ccccc2)CC1	1.0	0	0.794	0.987
4	O=C(O)CC(c1ccc(Cl)cc1)C(c1ccc(F)cc1)c1ccc(F)cc1	1.0	1	0.926	0.946
4	COc1cc(OC)c(C(=O)Cc2cn(Cc3ccc(F)cc3)c3ccccc23)c2ccccc12	1.0	0	0.0	0.966
4	O=C(CSc1nnc(O)n1Cc1ccccc1F)Nc1ccc(O)cc1	1.0	0	0.871	0.97
4	Cc1ccc(S(=O)(=O)OC2C=CC(C(=O)O)C(=O)C2)cc1	1.0	1	0.919	0.698
4	NCCC(NC(=O)OCc1ccccc1)C(=O)NC(Cc1ccccc1)C(=O)N1CCCC1=O	1.0	0	0.0	0.875
5	Oc1ccc(C(c2ccc(Cl)cc2)c2cccc(C(F)(F)F)c2)cc1	1.0	1	0.909	0.957
5	O=C(COc1ccccc1F)NNC(=O)c1cccc(F)c1	1.0	0	0.849	0.989
5	NC1=NCC(CC(F)=Cc2ccccc2)S1	1.0	0	0.832	0.715
5	Cc1ccc(S(=O)(=O)SCC(=O)c2ccccc2)cc1	1.0	1	1.008	0.98
5	O=C(Nc1ccc(Oc2ccccc2)cc1)c1c2oc(c2)CCN1	1.0	0	0.75	0.814
5	Cc1cccc2nc(CNc3ncnc(N)c3C#N)cnc12	1.0	0	0.872	0.94
5	O=C(CCc1ccccc1)NCCc1ccccc1	1.0	0	0.804	0.995
5	Cc1ccc(C(=O)COC(=O)CN(C)C)cc1	1.0	1	0.905	0.988
5	O=C(COc1ccc(Br)cc1Cl)NCOC(=O)Nc1ccccc1	1.0	0	0.743	0.979
5	CCOc1ccc(CC(=O)O)cc1-c1ccc(F)c2c1CN(C(=O)OCc1ccccc1)CC2	1.0	0	0.0	0.959
5	O=S(=O)(c1ccc(Cl)cc1)c1cnc2ccccc2n1	1.0	1	0.97	0.98
5	O=S(=O)(NCCc1cnc(Cl)s1)c1ccc(Cl)cc1	1.0	1	0.989	0.973
5	O=S(=O)(O)Oc1cccc(C(=O)O)c1Cl	1.0	0	0.755	0.972
5	Fc1ccc(N(Cc2ccc(Cl)cc2)C2c3ccccc3CCC2O)c(F)c1	1.0	1	0.979	0.854
5	Cc1ccc(-n2nnc(C(=O)NCc3ccccc3)c2N)cc1C	1.0	0	0.785	0.981
5	Cn1c(C(=O)N(C)C(=O)c2ccccc2F)cn1S(=O)(=O)c1ccc(Br)cc1	1.0	0	0.8	0.912
5	COc1ccccc1C(NC(=O)c1ccccc1Cl)c1cn(C)c2cc(N3CCOCC3)ccc12	1.0	0	0.0	0.901
5	Cn1ccc(-c2ccccc2NCc2nccc3c2CCC3)n1	1.0	0	0.895	0.946
5	CCC(=O)Nc1nnc(S(=O)(=O)N2CCc3ccccc3C2)s1	1.0	0	0.867	0.961
5	CC(C)(C)n1nc(OS(=O)(=O)c2ccc(Cl)cc2)c2ccccc21	1.0	0	0.881	0.958
5	O=C(CSc1ncn(-c2ccccc2)n1)c1ccccc1	1.0	0	0.844	0.983
5	Cc1cccc(O)c1C(=O)c1cc(Cl)cc(Cl)c1O	1.0	0	0.875	0.973
5	CCc1cccc(NC(=O)Cn2c(Cl)nc3cc(Cl)ccc32)c1	1.0	0	0.882	0.979
5	O=C(NCc1ccc(Cl)cc1)c1ccccc1Cl	1.0	1	0.979	0.995
5	O=C(O)C(O)=C1CC1=NNC(=O)c1ccc(Cl)c(Cl)c1	1.0	0	0.874	0.917
5	Cc1ccc(NS(=O)(=O)c2cccnc2)cc1N	1.0	0	0.885	0.983
5	CC(C)Sc1nnc(COc2ccccc2)n1C	1.0	0	0.896	0.981
5	O=C(Nc1ccc(F)cc1)c1ccccc1OCc1ccc(F)cc1Cl	1.0	0	0.777	0.989
5	CCOC(=O)C1=C(C)OC(=N)C(C#N)C1c1ccccc1	1.0	1	0.917	0.755
5	O=C(c1cc(Cl)cc(Cl)c1)n1nc(-c2ccccc2)nc1NCc1ccco1	1.0	0	0.83	0.961
5	N#Cc1c(Nc2ccc(C(F)(F)F)cc2)ncn2ncnc12	1.0	1	1.074	0.937
5	CCc1cc2ccccc2n1Cc1cccc(Br)c1	1.0	1	0.955	0.983
5	COc1ccc(-n2nc(C(=O)O)c(C)c2N)cc1	1.0	0	0.882	0.979
5	O=C(Nc1ccc(S(=O)(=O)Nc2ccc(Cl)cc2)cc1)c1ccc(Cl)c(Cl)c1	1.0	0	0.665	0.988
5	Cc1ccncc1-n1cc(O)c2ccccc21	1.0	1	0.901	0.969
5	c1ccc(-c2cccc3c2oc2ccccc23)cc1	1.0	0	0.81	0.991
5	Cc1ccc(N(CC(=O)Nc2ccccc2)S(C)(=O)=O)c(C)c1	1.0	0	0.871	0.986
5	COc1ncc(F)cc1NC(=O)c1cccnc1	1.0	0	0.765	0.98
5	Cc1ccnc(SCc2cc([N+](=O)[O-])ccc2OC(F)F)n1	1.0	1	1.01	0.96
5	CCn1c(SCC(=O)c2cc(C)ccc2O)nnc1-c1cccnc1	1.0	0	0.834	0.972
5	O=S(=O)(c1ccccc1)N1CCN(C2=NS(=O)(=O)c3ccccc32)CC1	1.0	0	0.774	0.973
5	Cn1nc(S(=O)(=O)CC(C)C)nc1Sc1ccccc1	1.0	1	0.909	0.926
5	Cc1ccccc1S(=O)(=O)C(=O)C(C)C	1.0	0	0.833	0.96
5	O=C(c1ccccc1F)N1CCCC1c1ccccc1	1.0	1	1.204	0.977
5	O=C(Nc1ccc2c(c1)OCO2)c1cc2cc(Cl)sc2[nH]1	1.0	0	0.836	0.952
5	CC(C)C(=O)c1cnc2ccc(-c3ccc(O)c(Cl)c3)cc2c1NC(=O)O	1.0	0	0.808	0.952
5	Cc1cc2c(F)c(O)c(F)c(-c3ccc(Cl)cc3)c2o1	1.0	1	1.067	0.948
5	O=C(O)c1ccc(C(=O)c2ccc(F)cc2)cc1	1.0	1	0.922	0.994
5	O=C(O)CCc1ccc(-c2ccccc2)cc1	1.0	0	0.834	0.995
5	CN(C)C(=O)COC1COC2C(OS(=O)(=O)O)C(C(=O)O)OC21	1.0	0	0.836	0.354
5	O=C(NCCNc1ccc(Cl)cc1)c1cccnc1	1.0	0	0.88	0.989
5	CC(=O)c1ccc(S(=O)(=O)Nc2ccccc2N)cc1	1.0	0	0.792	0.989
5	CCc1nn(C)cc1NS(=O)(=O)c1ccc(C)cc1	1.0	0	0.876	0.972
5	O=C(CC(=O)c1ccccc1)C(Cl)Cl	1.0	0	0.73	0.977
5	Cc1ccnc(SCC(=O)N2CCc3ccccc3C2)n1	1.0	1	0.903	0.976
5	Clc1ccc(-c2ccccc2)cc1	1.0	0	0.871	0.997
5	O=Cc1ccccc1O	1.0	0	0.547	0.987
5	COc1cccc(C(=O)N(Cc2ccc(Cl)cc2)CC(=O)Nc2ccc(Cl)cc2)c1O	1.0	0	0.0	0.981
5	O=S(=O)(NC(=S)c1ccc(Cl)cc1)c1ccc(Cl)cc1Cl	1.0	0	0.891	0.973
5	COc1ccc(F)cc1S(=O)(=O)NC	1.0	0	0.734	0.988
5	CC(=O)Nc1ccc(S(=O)(=O)Nc2sccc2C(=O)NCc2ccco2)cc1	1.0	0	0.773	0.968
5	Cc1ccc(Nc2cc(C)ccc2C)c(O)n1	1.0	0	0.896	0.972
5	O=S(=O)(Nc1ccc(Cl)cc1)c1cccc(Cl)c1	1.0	1	1.005	0.992
5	O=S1(=O)C=Cc2cc(-c3cccc(Br)c3)ccc2O1	1.0	0	0.862	0.914
5	Cc1ccc(S(=O)(=O)Nc2ccc(F)c(C)c2)cc1NC(=O)c1ccc(F)cc1	1.0	0	0.79	0.985
5	CN(C(=O)CO)C1CC(C(=O)O)N(C(=O)Cc2ccccc2)C1	1.0	0	0.861	0.871
5	Cc1cn(CCCOc2cccc(Cl)c2OCc2ccccc2)c2ccccc12	1.0	0	0.796	0.98
5	NC(=O)c1cccc2[nH]c(-c3cccc(CCCO)c3)nc12	1.0	0	0.756	0.976
5	CC(C)(O)CNC(=O)c1ccc(Oc2cc(Nc3ccccc3Cl)ncn2)cc1	1.0	0	0.711	0.967
5	COc1ccc(Cn2nc(NS(=O)(=O)c3cccc(Cl)c3)sc2=S)cc1	1.0	1	0.941	0.967
5	O=C(CSc1nc2ccc(Cl)cc2s1)c1ccccc1	1.0	1	1.031	0.986
5	O=C(c1ccc(F)cc1)C1(O)CC1	1.0	0	0.746	0.98
5	O=C(O)CCc1ccc(Nc2c(N)cc(Cl)cc2O)cc1	1.0	0	0.859	0.975
5	CCc1nc(C)nn1-c1nc(-c2ccc(C)cc2)cs1	1.0	1	0.969	0.964
5	C=CCNC(=O)CN(c1ccc(F)c(Cl)c1)S(C)(=O)=O	1.0	1	0.957	0.967
5	CC(C)(C)c1ccccc1NC(=O)Oc1ccc2c(c1)C13CCCCC1C(C2)N3C	1.0	0	0.735	0.316
5	N=C(N)NN=Cc1ccc(Sc2cccc(Cl)c2F)cc1	1.0	0	0.843	0.939
5	O=C(CCCCc1ccccc1)CCn1ccnc1	1.0	0	0.841	0.981
5	O=S(=O)(Nc1ccc(Br)cc1)c1cccs1	1.0	1	0.981	0.987
5	Cc1ccc(C)c(S(=O)(=O)NC2(C)CC2)c1	1.0	0	0.792	0.973
5	COc1ccc(O)c(Cl)c1NS(=O)(=O)c1ccc(Br)cc1	1.0	0	0.9	0.976
5	CCOc1ccc(Oc2ccc(F)cc2C(=O)Nc2cc(Cl)ccc2OC)c2ccncc12	1.0	0	0.0	0.97
5	O=C(Nc1ccccc1)c1cccc(O)c1	1.0	0	0.751	0.995
5	Oc1ccccc1C=Nc1ccc(Br)cc1C(=O)c1ccccc1Cl	1.0	1	0.903	0.969
5	COC(=O)Cc1ccc(Nc2ccc(C)cc2)cc1	1.0	1	0.917	0.992
5	COC(=O)c1ncc(Oc2ccc(Cl)cc2O)c(N)n1	1.0	1	1.107	0.955
5	Cc1ncn(C2CC(O)C(COP(=O)(O)OP(=O)(O)O)C2C2C(=O)NC(=O)N2C)n1	1.0	0	0.792	0.114
5	Cc1ccc(F)c(Oc2nc(Cl)ncc2Cc2ccccc2)c1	1.0	0	0.9	0.972
5	O=C(O)CCCSC(SCC(=O)O)c1ccc(Cl)cc1	1.0	1	0.908	0.895
5	N#Cc1cc(NS(=O)(=O)c2ccc(Cl)cc2)ccn1	1.0	1	0.972	0.98
5	C=S(O)c1ccc(-c2nnc(-c3cc(OC)c(OC)cc3OC)n2-c2ccccc2Cl)cc1	1.0	0	0.0	0.852
5	CCc1cccc(C)c1NC(=O)Nc1ccc(Oc2ccccc2)cc1	1.0	0	0.692	0.989
5	CCOC(=O)c1ccccc1NS(=O)(=O)c1cccc(C(=O)O)c1	1.0	1	0.945	0.988
5	COC(=O)c1ccc(-c2ccc(Cl)cc2)c2cccc(OCc3ccc(OC)c(C)c3F)c12	1.0	0	0.0	0.964
5	CCc1ccc(NC(=O)CCc2c(C)nn(C)c2C)cn1	1.0	0	0.826	0.974
5	OCCOCCn1cc(-c2cccc(OC(F)(F)F)c2)c2ccnc-2c1O	1.0	0	0.827	0.919
5	O=C(O)c1cc(-c2cc(F)ccc2F)[nH]n1	1.0	0	0.877	0.969
5	Fc1ccc(-n2c(S)nnc2-c2ccccn2)cc1	1.0	1	0.981	0.973
5	COc1cc(C(=O)c2ccc(Br)cc2)ccc1O	1.0	1	0.904	0.99
5	CC1CN(c2cc(O)nc(Nc3ccccc3OC(F)(F)F)n2)CCO1	1.0	0	0.778	0.86
5	Cc1ccc(S(=O)(=O)NC(=O)Nc2ncc(Br)s2)cc1	1.0	0	0.891	0.973
5	NC(=O)c1cncc(Oc2ccc(Cl)c(Cl)c2)c1	1.0	1	1.095	0.981
5	COC(=O)NC(c1ccccc1)C(C)C(=O)C(F)(F)Br	1.0	0	0.848	0.815
5	CCOc1ccc(C(=O)NCC(=O)NCc2ccco2)cc1OCC	1.0	0	0.846	0.984
5	N#Cc1ccc(OCc2cc(Cl)c(Cl)cc2Cl)c(O)c1	1.0	0	0.875	0.972
5	Cc1ccc(C(CNC(=O)c2ccc(Cl)cc2)N2CCOCC2)cc1	1.0	0	0.885	0.967
5	COc1ccc(S(=O)(=O)NCc2ccc(Cl)cc2)cc1	1.0	0	0.867	0.993
5	Cc1ccc(C(=O)c2ccccc2C)c(N)n1	1.0	0	0.82	0.985
5	NS(=O)(=O)c1cc(Cl)cc(F)c1O	1.0	0	0.713	0.965
5	Cc1ccn(S(=O)(=O)c2ccc(N)cc2)nc1O	0.0	0	0.0	0.0
5	O=S(=O)(NCCS)c2ccc(Cl)cc2NC1=O	0.0	0	0.0	0.0
5	CC(C)(O)c1ccc(SC(=O)c2ccc(F)cc2)cc1	1.0	0	0.752	0.975
5	Cc1nc(SCC(=O)Nc2ccc(Cl)cc2)nc(C)c1C	1.0	1	0.954	0.984
5	Cc1cccc(C)c1NC(=O)c1ccc([N+](=O)[O-])cc1	1.0	0	0.778	0.991
5	Cc1ccc(S(=O)(=O)Nc2cc(Cl)ccc2C)c(-c2ccccc2F)c1	1.0	0	0.868	0.982
5	Cc1ccc(S(=O)(=O)c2c(N)n(C)c3ccccc23)cc1	1.0	1	0.965	0.975
5	COC(=O)c1cc(NC(=O)N(C)C)ccc1Cl	1.0	0	0.683	0.987
5	COc1cc(CN2CC(C)C(c3ccc(Cl)c(Cl)c3)N(C)C2=O)ccc1-n1cnnc1	1.0	0	0.0	0.702
5	N#Cc1c(Cl)c(Cl)c2nn[nH]c2c1S(=O)(=O)c1ccc(Cl)cc1	1.0	1	0.992	0.881
5	O=C(Nc1ccc(F)cn1)c1cc(Cl)ccc1Cl	1.0	0	0.879	0.987
5	CCCCCN(c1ncnc2cc(NS(=O)(=O)c3ccc(F)cc3)nn(C)c12)S(C)(C)=O	0.0	0	0.0	0.0
5	Cc1nn(C)cc1S(=O)(=O)N(C)Cc1ccc(Cl)cc1	1.0	1	0.934	0.976
5	Cc1ccc2c(c1)nnn2CC(=O)OCC(=O)c1ccccc1	1.0	0	0.82	0.982
5	Cc1ccc(C(=O)NN(C(=O)c2ccc(Br)cc2)C(C)(C)C)cc1	1.0	1	0.981	0.98
5	CCc1cccc(NC(=O)c2ccc(Cl)c(S(=O)(=O)NC(C)c3ccccc3)c2)c1	1.0	0	0.721	0.961
5	Cn1c(=O)c(C(C)(O)c2ccccc2)ncn1	1.0	1	0.909	0.886
5	O=C(NCCc1ccccc1)c1cc(Sc2cccc(Cl)c2)no1	1.0	0	0.886	0.969
5	CC(C)(C)C(=O)Nc1ccccc1N1CCCC1	1.0	1	0.918	0.987
5	CC(C)C(=O)NNC(=O)c1ccc(Cl)cc1	1.0	0	0.871	0.991
5	CC(C)(CNC(=O)c1cccc(Br)c1)CNCc1cc(Cl)cc(Cl)c1O	1.0	0	0.769	0.96
5	Cc1c(O)cccc1Oc1cccc2cccnc12	1.0	1	0.933	0.983
5	CC1=C(C(=O)Nc2ccc(C)cc2)C(c2ccccc2)NC(=O)N1	1.0	1	1.002	0.963
5	COc1cccc(Cn2cnc(N)c3nc(C(C)(C)COc4cccc(Cl)c4)nc2-3)c1	1.0	0	0.0	0.932
5	Oc1ccc(-c2cc(Cl)c(Cl)cc2Cl)cc1	1.0	1	0.951	0.988
5	OC(CCc1ccc2occc2c1)CN1CCC2CC12	1.0	0	0.892	0.728
5	COc1nc(Cl)nc(Sc2ccccc2)n1C	0.0	0	0.0	0.0
5	COc1ccccc1C(=O)OCC(=O)Nc1ccc(Cl)cc1F	1.0	1	0.993	0.99
5	O=C(NCc1ccccc1)c1ccccc1NS(=O)(=O)c1ccc(Br)cc1	1.0	0	0.86	0.989
5	c1ccc(Nc2ncccc2C(c2ccccc2)c2cccs2)cc1	1.0	1	0.937	0.941
5	CCCCc1nc(CCCC)n(SCC(=O)N(Cc2ccccc2)C(C)C)n1	1.0	0	0.726	0.915
5	COc1ccc2c(c1)OC(=O)C1CCCC=C21	1.0	0	0.79	0.859
5	COc1ccc(CCNC(=O)CC2C(=O)N(C)C(=O)N2Cc2ccccn2)cc1	1.0	0	0.751	0.924
5	CCC(NS(=O)(=O)c1ccc(Br)cc1)C1CNC(=O)C1	1.0	1	0.928	0.819
5	O=S(=O)(NCC1(c2ccccc2)CCCCC1)c1ccccc1Cl	1.0	0	0.858	0.977
5	Cc1ccc(NC(=O)CSc2ccc(Cl)cc2)cc1	1.0	0	0.864	0.993
5	COc1ccc(C(=O)NCCc2ccc(Cl)cc2Cl)cc1Cl	1.0	0	0.81	0.989
5	CCOc1cccc(C2C(C(=O)Nc3ccc(OC)cc3)C(C)=Nc3ncnn32)c1	1.0	0	0.846	0.835
5	CC(C)(C)OC(=O)NCC(=O)NCc1ccc(Cl)cc1	1.0	1	0.958	0.989
5	Cc1cccc(C)c1NC(=O)COc1ccccc1C	1.0	1	0.95	0.992
5	CC(C)CCSc1ncnc2c1oc1ncccc12	1.0	1	0.947	0.928
5	CCOC(=O)C(C)=CC(C)=Cc1ccccc1O	1.0	0	0.811	0.956
5	O=S(=O)(c1ccc(F)cc1)c1cccc(O)c1	1.0	1	0.904	0.989
5	Oc1ccc2ccccc2c1CN1CCNCC1	1.0	0	0.791	0.982
5	O=c1cc(CCl)nc2ccccn12	1.0	0	0.685	0.972
5	O=C(Nc1cc(Cl)ccc1N1CCCCC1)c1cc(I)ccc1Br	1.0	0	0.843	0.978
5	CC=CCOc1ccc(C(=O)Nc2c(F)cc(F)cc2F)cn1	1.0	0	0.785	0.96
5	COc1ccc(CC(=O)Nc2ccc(S(=O)(=O)Nc3ncccn3)cc2)cc1	1.0	0	0.669	0.984
5	CC(C)(C)OC(=O)Nc1ccc(O)cc1	1.0	0	0.714	0.991
5	Cc1c(C)n(C(C)C)c(C)c(S(=O)(=O)NCCc2ccccc2)c1=O	1.0	0	0.829	0.954
5	CCC(=O)NCCc1ccccc1	1.0	0	0.756	0.995
5	CCOC(=O)c1ccc2nncn2n1	1.0	0	0.748	0.961
5	CC(C)CC(=O)NC(=S)Nc1ccccn1	1.0	1	0.901	0.979
5	CCOC(=O)c1ccc(NC(=O)CN(Cc2ccc(Cl)cc2)C2=CCOc3ccccc32)c1	0.0	0	0.0	0.0
5	Cc1nnc(-c2ccc(Cl)cc2)s1	1.0	0	0.877	0.986
5	CCCC(=O)NC(C)c1ccc(S(C)(=O)=O)cc1	1.0	0	0.871	0.973
5	NC(=O)CC(NC(=O)c1ccc(Cl)c(Cl)c1)C(=O)O	1.0	1	1.039	0.97
5	Clc1ccc(CC(Cc2ccccc2)c2ccccc2)cc1	1.0	1	1.031	0.98
5	O=C(O)c1nc(O)ncc1Cl	1.0	0	0.618	0.924
5	Cc1cccc(C)c1CN1CCCC(C(=O)N2c3ccccc3C(=O)N2)C1	1.0	0	0.859	0.891
5	Cc1cc(Cl)cc(Cl)c1S(=O)(=O)Nc1ccccc1S(=O)(=O)C(C)(C)C	1.0	0	0.893	0.96
5	COc1ncnc(NCc2ccc(Cl)cc2)c1C#N	1.0	1	1.088	0.974
5	CCC(C)(c1ccccc1)c1c(OC)cc(OC)c2c1OC(C)(C)C2	1.0	0	0.895	0.84
5	CC(=O)c1ccc(OC(c2ccccc2)c2ccccc2)cc1	1.0	0	0.89	0.99
5	COc1nccc(NS(=O)(=O)c2ccc(Cl)c(Cl)c2)c1C	1.0	1	0.934	0.977
5	O=C1C(Cl)=CC(=NS(=O)(=O)c2ccccc2)C(=O)C1Cl	1.0	0	0.851	0.791
5	O=C(Nc1ccc(F)cc1)c1cccc(Br)c1O	1.0	0	0.754	0.99
5	CC(C)(C)c1cc(NC(=O)Nc2ccc(Nc3ncnc4sccc34)cc2)[nH]n1	1.0	0	0.692	0.927
5	Cn1c(-c2ccc(Br)cc2)nnc1Cl	1.0	0	0.822	0.974
5	O=C(NCC(=O)Nc1ccccc1N1CCCCC1)c1ccccc1	1.0	0	0.809	0.99
5	O=S(=O)(Nc1ccc(Cl)cn1)c1ccccc1Cl	1.0	1	0.974	0.985
5	CCC(C(=O)Nc1ccc(C)cc1C)n1cnc2c([nH]c3ccccc32)c1=O	1.0	0	0.871	0.915
5	Cc1ccc(NC(=O)CCc2ccc(S(=O)(=O)NC(=O)c3ccccc3)cc2)cc1	1.0	0	0.708	0.987
5	O=C(O)Cc1ccc(Oc2cccc(C(=N)N)c2)c2ccccc12	1.0	1	0.902	0.981
5	O=C(O)CCCc1ccc(Br)cn1	1.0	1	0.915	0.982
5	Oc1nc(CS(c2ccncc2)c2ccccc2)nc2ccccc12	1.0	0	0.0	0.642
5	Cc1ccccc1N1C(=O)c2cccnc2C1=O	1.0	1	1.038	0.984
5	COc1ccc(CC(=O)Nc2ncc(Br)s2)cc1	1.0	1	0.908	0.984
5	CNC(=S)N(Cc1ccco1)C(C)c1ccccn1	1.0	1	0.97	0.876
5	O=c1nc(NOCCO)c2ccccc2n1-c1ccncc1	1.0	1	0.9	0.94
5	Cn1c(=O)oc2ccccc21	1.0	0	0.607	0.985
5	O=[N+]([O-])c1cccc(S(=O)(=O)NCc2ccccc2)c1	1.0	0	0.834	0.99
5	Cn1ccnc1Sc1ccc(Cl)cc1N	1.0	1	0.905	0.967
5	Nc1cccc(S(=O)(=O)Nc2ccccc2[N+](=O)[O-])c1	1.0	0	0.895	0.984
5	O=C(CNC(=O)c1ccncc1O)NN=Cc1cccs1	1.0	0	0.722	0.958
5	O=C(c1ccc(Cl)cc1)c1c(NCc2cc(Br)cs2)sc2ccccc12	1.0	0	0.874	0.961
5	Cc1c(Cl)c(=O)n(C(C)c2ccc(Br)cc2)nc1N	1.0	1	0.991	0.872
5	COc1ccc(Br)cc1C(=O)Nc1ccccn1	1.0	0	0.82	0.989
5	O=S(=O)(NCCc1ccccc1)c1ccccc1Cl	1.0	1	0.907	0.992
5	CC(C)(F)CC(=O)N1CCCC(c2ccncc2)C1C	1.0	1	0.911	0.753
5	CC(C)(C)OC(=O)NC(C)Cc1ccccc1	1.0	0	0.847	0.977
6	CCc1cc(C(=O)c2ccc(C)cc2)ccc1OCCn1cccc1	1.0	0	0.766	0.976
6	CCc1nc(Cl)c(CC(=O)O)c(O)n1	1.0	0	0.798	0.936
6	O=C(CNC(=O)c1ccccc1C(F)(F)F)Nn1cccc1	1.0	0	0.826	0.956
6	CCOc1ccc(NS(=O)(=O)c2ccc(F)c(Cl)c2)cn1	1.0	0	0.859	0.98
6	COc1ccc(C(=O)n2c(Br)nc3ccc(Cl)cc32)cc1Cl	1.0	0	0.731	0.968
6	COc1cc(C(=O)COC(=O)c2cccnc2Cl)ccc1O	1.0	0	0.833	0.982
6	O=C(Nc1ccc(Cl)cc1)c1ccccc1C(=O)N1CCNCC1	1.0	0	0.856	0.987
6	Cc1noc(C)c1C(=O)N(C)CCc1ccccc1	1.0	0	0.856	0.982
6	CCNS(=O)(=O)c1ccc(CC(C)C)cc1	1.0	0	0.729	0.989
6	O=C(c1ccc(Cl)cc1)c1cc(Br)c(Br)o1	1.0	0	0.854	0.974
6	O=C(CNC(=O)c1ccccc1)c1ccccc1O	1.0	0	0.839	0.991
6	COc1ncccc1CCc1cccnc1	1.0	0	0.865	0.982
6	N#CCCn1nc(-c2ccc(Cl)cc2)c2ccccc2c1=O	1.0	1	1.099	0.98
6	O=C(O)c1c(C(=O)c2ccc(F)cc2)oc2ccc(Cl)cc12	1.0	0	0.871	0.977
6	CCOC(=O)c1cc(NC(=O)c2ccc(Cl)cc2)ccc1[N+](=O)[O-]	1.0	0	0.749	0.988
6	O=C(NCc1ccccc1Cl)C(c1ccccc1)c1ccccc1	1.0	0	0.851	0.99
6	Cc1ccc(C)c(OC(=O)C=Cc2ccccc2)c1	1.0	0	0.822	0.988
6	COc1ccc(S(=O)(=O)Oc2cccc(C(=O)c3ccccc3)c2)cc1	1.0	0	0.801	0.987
6	Cc1ccc(COc2ccc(CC3NC(=O)c4ccccc43)cc2)cc1	1.0	0	0.742	0.959
6	O=S(=O)(Nc1cccc(Br)c1)c1ccccc1	1.0	1	0.951	0.993
6	COc1ccc(C(NC(=O)c2ccc(Cl)cc2Cl)c2ccccc2)cc1	1.0	0	0.818	0.974
6	COc1ccc(CC(=O)N(C)C)cc1Nc1ncc(Cl)c(-c2cnn3ccccc23)n1	1.0	0	0.0	0.936
6	Cn1c(=O)c([N+](=O)[O-])cn1Cc1cccc([N+](=O)[O-])c1	1.0	1	0.944	0.924
6	COc1ccccc1N1CCC(=O)CS1	1.0	1	0.925	0.909
6	COc1ccc(C(C)=NNC(=O)Cc2ccccc2)cc1Cl	1.0	0	0.874	0.987
6	Nc1nccc(Oc2ccc(NC(=O)c3cccnc3)cc2)c1NC1CCOCC1	1.0	0	0.717	0.958
6	O=C(Nc1nc2ccccc2s1)c1ccc([N+](=O)[O-])cc1	1.0	0	0.751	0.989
6	COc1ccccc1N(CC(=O)O)S(=O)(=O)c1ccc([N+](=O)[O-])cc1	1.0	0	0.873	0.98
6	COc1ccccc1Nc1nc(Cl)nc(Cl)n1	1.0	0	0.817	0.981
6	O=[N+]([O-])c1ccc(NS(=O)(=O)c2cccc(Cl)c2)cc1	1.0	1	0.915	0.989
6	N#Cc1ccccc1CN(CC(=O)c1ccc(Cl)cc1)S(C)(=O)=O	1.0	1	1.063	0.973
6	CC(C)C(C)(NC1CCC(C(=O)O)CC1)c1ccc(Cl)cc1	1.0	0	0.884	0.901
6	CNS(=O)(=O)c1ccc(N(C)C)c2[nH]ncc12	1.0	0	0.798	0.921
6	Cc1nn(C)cc1NS(=O)(=O)c1cc(Cl)ccc1Cl	1.0	0	0.79	0.972
6	COc1ccc(C(=O)NCCCn2cncn2)cc1	1.0	1	0.909	0.986
6	O=c1ccn(C(Cl)=S)c(=O)n1Cc1ccc(Cl)cc1	1.0	1	1.095	0.948
6	Cc1ccc(S(=O)(=O)NCC(=O)O)cc1C(=O)NN	1.0	0	0.791	0.978
6	CCn1c(SCC(=O)c2cc(Cl)c(Cl)s2)nc2cc(Cl)ccc21	1.0	1	0.935	0.952
6	COc1ccc(C(=O)Nc2cccc(S(=O)(=O)O)c2)cc1	1.0	0	0.797	0.992
6	COc1c(Br)cc(C)cc1NC(=O)c1cc(Br)ccc1NS(C)(=O)=O	1.0	0	0.727	0.973
6	COc1ccccc1COc1ccc2sc(C)cc2c1	1.0	0	0.895	0.984
6	COc1ccccc1Cc1nc(O)nc(NC2CCCCCC2)n1	1.0	0	0.872	0.96
6	O=S(=O)(c1ccc(Cl)cc1)N(Cc1ccccc1)c1cc(Cl)ccc1Cl	1.0	1	0.955	0.985
6	Cc1ccc(CSc2nc(O)nc(O)c2C=O)cc1	1.0	1	0.991	0.925
6	Cc1ccc(S(=O)(=O)N(C)CC(=O)NNC(=O)CCl)cc1	1.0	0	0.875	0.977
6	CC(C)n1nc(C(=O)Nc2ccccc2)c2ccccc21	1.0	0	0.806	0.987
6	CCn1cc(C(C(=O)NCc2ccccc2)c2ccccc2OC)c(=O)[nH]c1=O	1.0	0	0.805	0.916
6	CCOc1ccc(C(=O)c2cc(OC)ccc2OC)cc1	1.0	0	0.889	0.991
6	O=[N+]([O-])c1ccc(CSc2ncnc3ccccc23)cc1	1.0	0	0.889	0.983
6	Cc1cc(CN(CC(C)C)c2ccc(Cl)c(O)c2)ccn1	1.0	1	1.033	0.962
6	Cc1ccc(S(=O)(=O)NCC(=O)NCCc2ccc(Cl)cc2)cc1	1.0	0	0.734	0.988
6	CSc1nnc(NS(=O)(=O)c2ccc(C)cc2)s1	1.0	1	0.909	0.978
6	COc1ccccc1NS(=O)(=O)c1ccc(Cl)s1	1.0	0	0.855	0.986
6	COc1cc2ccncc2cc1OC	1.0	0	0.712	0.988
6	CC(=N)C(C#N)C(=O)CCl	1.0	0	0.67	0.628
6	CC1CC(=O)N1Sc1ccc([N+](=O)[O-])cc1Sc1ccc(Cl)cc1	1.0	1	0.943	0.772
6	CC(Sc1ncccn1)C(=O)c1ccc(Cl)cc1Cl	1.0	1	1.016	0.941
6	Cc1ccc(C(=O)CCNc2ccc(Cl)cc2)cc1	1.0	0	0.869	0.991
6	O=S(=O)(NCCN1CCOCC1)c1ccc(Cl)cc1Cl	1.0	1	0.941	0.98
6	CCCCNc1nc(-c2sc(C)nc2C)nc(O)c1Cl	1.0	0	0.868	0.909
6	Cc1ccc(NS(=O)(=O)c2ccc(C(C)(O)C3CCCN3C)cc2)cc1	1.0	0	0.813	0.87
6	C#CC(=O)CCc1cccc2c(=O)cc(N3CCOCC3)oc12	1.0	0	0.796	0.903
6	NC(CNS(=O)(=O)c1ccccc1)OCc1ccncc1	1.0	0	0.828	0.927
6	COc1c(F)c(F)cc2c(=O)cc(N3CCOCC3)oc12	1.0	1	0.918	0.936
6	O=C(Nc1cccc(I)c1)c1ccccc1O	1.0	0	0.79	0.99
6	NS(=O)(=O)C(C(=O)O)c1ccccc1	1.0	0	0.819	0.935
6	O=C(NCc1ccc(Cl)cc1Cl)c1nnc(Cc2ccc(F)cc2)o1	1.0	0	0.894	0.974
6	NC(=O)n1cc(C(=O)c2ccncc2)c2ccccc21	1.0	0	0.785	0.973
6	O=C(CCOc1ccccc1)NO	1.0	0	0.808	0.991
6	CC(C)c1ccc(S(=O)(=O)N(C)CC(=O)NCCN(C)C)cc1	1.0	0	0.892	0.98
6	O=C(O)Cc1cccc(OCc2ccc(Cl)c(Cl)c2)c1	1.0	1	1.022	0.99
6	O=C(NCc1ccc(F)cc1Cl)c1ccccc1	1.0	0	0.898	0.993
6	O=C(COc1ccccc1Cl)NN=Cc1ccncc1	1.0	0	0.772	0.983
6	CCCOc1ccc(OCC)c(-c2ccc(O)cc2)c1	1.0	0	0.86	0.989
6	O=S(=O)(Cc1ccccc1)c1ccccc1O	1.0	0	0.886	0.989
6	CC(=O)c1cccc(OC2CCCCC2)c1F	1.0	1	0.91	0.979
6	CC(C)(C)c1cc(NC(=O)c2ccccc2)ccc1O	1.0	0	0.751	0.99
6	O=C(CCC(=O)c1ccc(F)cc1)NNCCc1ccc(Cl)c(Cl)c1	1.0	0	0.702	0.978
6	COc1ccc(OC)c(S(=O)(=O)N(C)CC(=O)Nc2cc(Cl)c(Cl)cc2F)c1	1.0	0	0.884	0.975
6	O=[N+]([O-])C1=CNC2CCC12	1.0	0	0.594	0.315
6	Cc1ccc(COc2ccc(S(=O)(=O)N3CCNCC3)cc2)cc1	1.0	0	0.692	0.986
6	COc1ccc(NC(=O)c2ccc(OC)c(Cl)c2)cc1	1.0	0	0.786	0.994
6	O=C(c1nc2ccccc2[nH]1)N1CCOc2ccc(Cl)cc21	1.0	0	0.782	0.969
6	O=C(O)CC(=O)c1cccc(Oc2ccccc2)c1	1.0	0	0.896	0.99
6	Cc1cc(C)nc(SCCc2ccccc2Cl)n1	1.0	0	0.86	0.98
6	Cc1nc(C(=O)Nc2cccc(Cl)c2)cs1	1.0	1	0.922	0.988
6	Cc1c(-c2cc(F)cc(F)c2)ncn1Cc1ccccc1OC(F)(F)F	1.0	0	0.881	0.957
6	O=c1ccn(Cc2ccccc2)c2ccc(Cl)cc12	1.0	1	0.906	0.987
6	Sc1nnc2c3ccccc3n(Cc3ccccc3)c2n1	1.0	1	0.962	0.967
6	Cc1nnc(SCc2ccccc2F)c2ccccc12	1.0	0	0.843	0.98
6	O=C(NNC=C(c1ccccc1)c1ccccc1)c1ccccc1	1.0	0	0.777	0.985
6	CCOc1cc(O)nc(N)n1	1.0	0	0.706	0.93
6	Cc1nnc(SCC(=O)NC(=O)c2cccc(Cl)c2)s1	1.0	0	0.895	0.979
6	CC(=NOC(=O)c1ccccc1)c1cccc(Cl)c1	1.0	0	0.823	0.986
6	O=c1c(S(=O)(=O)c2ccc(Br)cc2)cn(Cc2cccc(Cl)c2F)c2cccnc12	1.0	0	0.87	0.95
6	COCCN1CCC(C(=O)c2ccc(Cl)cc2)CC1	1.0	1	0.98	0.988
6	Cc1cc(C(=O)c2cc(Br)c(O)cc2O)ccc1O	1.0	1	0.983	0.97
6	O=C(NC1CCCCCC1)c1snnc1C(c1ccccc1Cl)OC(CO)c1ccccc1	1.0	0	0.0	0.741
6	OC(COCc1ccccc1)c1ccccc1-c1ncccn1	1.0	0	0.86	0.948
6	CCN(c1ccccc1)S(=O)(=O)c1ccc(NC(O)c2ccccc2)cc1	1.0	0	0.74	0.948
6	CC(=O)Nc1cccnc1OCc1ccc(N(C)C)cc1	1.0	1	0.925	0.983
6	O=C(c1ccncc1)N1CCC(NC(c2ccccn2)c2ccccc2)CC1	1.0	0	0.769	0.936
6	CN(C)C(=O)C(COCc1ccccc1)NCC(=O)OCc1ccccc1	1.0	0	0.742	0.946
6	Cc1ccc(OCSc2nc3ccccc3s2)c(C)c1	1.0	0	0.866	0.974
6	c1ccc(C(c2ccc(F)cc2)n2ccnc2)cc1	1.0	1	0.945	0.962
6	Cc1ccc(C)c(NC(=O)Cc2ccc([N+](=O)[O-])cc2)c1	1.0	0	0.842	0.99
6	O=S(=O)(NCCc1ccc(Cl)cc1Cl)c1ccccc1	1.0	0	0.856	0.989
6	CCCn1nc(Cc2ccnnc2)cc1NC(C)=O	1.0	0	0.881	0.925
6	O=S(=O)(NCCO)c1ccc(S(=O)(=O)F)cc1	1.0	0	0.788	0.975
6	COc1cc(C(=S)Nc2ccccc2)ccc1O	1.0	0	0.767	0.987
6	Cc1cc(C)n(Cc2ccc(NC(=O)c3ccccc3)cc2)n1	1.0	0	0.709	0.991
6	CCCn1c(=O)c2nc(-c3cc(Cl)ccc3)[nH]c2n(CC)c1=O	1.0	0	0.848	0.952
6	CC(C)(C)C(=O)Oc1ccc(C(=O)CC(=O)c2ccc(Cl)cc2)cc1	1.0	0	0.659	0.982
6	O=S(=O)(Nc1ccc(Cl)cn1)c1ccccc1F	1.0	1	0.98	0.985
6	CCC(=O)NCc1ccccc1	1.0	0	0.783	0.995
6	Clc1ccc(COc2cccc(Br)c2)c(N2CCOCC2)n1	1.0	1	0.91	0.972
6	O=S(=O)(NCCCO)c1ccc(Oc2ccc(Cl)cc2Cl)c(Cl)c1	1.0	0	0.886	0.979
6	COc1ccc(C(=O)NN=C(C)Cc2ccc(Cl)cc2)cc1	1.0	0	0.799	0.987
6	O=S(=O)(NCCc1nnc(S)n1-c1ccccc1Cl)c1ccncc1	1.0	0	0.829	0.953
6	O=C(O)c1cc(O)nc(S)n1	1.0	0	0.629	0.832
6	COc1ccccc1CNC(=O)C1CCCCC1	1.0	0	0.815	0.992
6	O=C(O)c1ccc(CC(=O)NCc2ccccc2)cc1	1.0	0	0.831	0.994
6	CCn1nc(-c2ccccc2)c2scnc2c1=O	1.0	1	0.917	0.964
6	COc1ccc2c(c1)c(C)cc[n+]2Cc1ccccc1	1.0	1	0.93	0.971
6	O=C(NN=Cc1ccc([N+](=O)[O-])cc1)c1ccccc1Sc1ccccc1[N+](=O)[O-]	1.0	0	0.779	0.967
6	O=C(NCCC1(O)CCCCC1)c1cc(Br)ccc1Cl	1.0	0	0.79	0.972
6	COc1ccc2c(c1)nc(O)n2Cc1ccncc1	1.0	1	1.002	0.973
6	COC(=O)C1C(=N)OC2=CCCC(=O)C2C1C	1.0	0	0.726	0.277
6	O=C(Cc1ccccc1)NNC(=O)N1CCOCC1	1.0	0	0.808	0.985
6	O=S(=O)(Nc1cccnc1Oc1ccccc1)c1ccccc1F	1.0	0	0.882	0.984
6	Cc1cccc(Oc2cc(Cl)cc(Cl)c2Cl)c1O	1.0	1	0.966	0.975
6	O=S(=O)(Nc1cc(S(=O(=O(F)(F)F)c2ccccc2)c2ccccc2n1)c1ccccc1	0.0	0	0.0	0.0
6	CCC(C)NC(=O)N1CCCCC1c1cc(=O)n(-c2ccc(Cl)cc2Cl)nc1O	1.0	0	0.809	0.763
6	O=C(O)Cc1cccc(Oc2ncc(Cl)cc2O)n1	1.0	1	0.941	0.941
6	O=C(c1ccccn1)N1N=C(c2ccccc2)CC1=O	1.0	0	0.859	0.958
6	O=C(NC(=O)c1ccccc1)Nc1ccccc1	1.0	0	0.721	0.995
6	CCN(CC)S(=O)(=O)c1ccc(C(=O)Nc2cc(Cl)ccc2O)cc1	1.0	0	0.691	0.984
6	CCCC(=O)NCC1CCCNC1=O	1.0	0	0.803	0.909
6	Nc1ccc(S(=O)(=O)Nc2ccccc2)c(S(=O)(=O)c2ccccc2)c1	1.0	0	0.822	0.982
6	COc1ccc(C(=O)NCCc2cccc(C(F)(F)F)c2)cc1OC	1.0	0	0.821	0.988
6	CCOC(=O)c1cc(NS(=O)(=O)c2ccccc2Cl)c2ncccc2c1	1.0	0	0.893	0.978
6	COc1nccnc1CN	1.0	0	0.596	0.952
6	COc1ccc(S(=O)(=O)c2ccc(Cl)cc2C)c(N)n1	1.0	1	1.058	0.963
6	O=C(c1ccc(Cl)cc1)c1cccc(OC(=O)N2CCOCC2)c1	1.0	0	0.855	0.984
6	N#Cc1ccc(C(=O)c2cc(Cl)ccc2O)s1	1.0	0	0.843	0.964
6	O=C(Nc1ccccc1O)c1ccc(Cl)cc1Cl	1.0	1	0.918	0.992
6	Cc1ccc(NC(=O)Cc2ccccc2)cc1Br	1.0	1	0.952	0.993
6	NC(=O)C(c1ccc(F)cc1)N(C(=O)c1ccc(Cl)cc1)c1ccccc1	1.0	1	0.924	0.96
6	CC(=O)c1nn(Cc2cccc(Cl)c2)c2ccc(Cl)cc12	1.0	0	0.882	0.979
6	O=S(=O)(Nc1ncns1)c1cc(Cl)c(Oc2ccc(Cl)cc2C2CN(C3COC3)CCO2)cc1F	1.0	0	0.0	0.69
6	COc1cc([N+](=O)[O-])ccc1N1C(=O)CCC1=O	1.0	0	0.755	0.977
6	N#Cc1ccc(S(=O)(=O)c2ccc(Cl)cc2)cc1	1.0	1	0.949	0.989
6	O=C(Nc1ccccc1)c1ccc(Br)cc1	1.0	0	0.807	0.996
6	CN1CCN(C(=O)CNC(=O)c2cc(Cl)ccc2F)CC1	1.0	0	0.847	0.985
6	Cc1ccc(S(=O)(=O)Nc2cc(Cl)cc(O)c2)cc1	1.0	1	0.91	0.986
6	O=C(O)CCCNC(=O)c1ncn(-c2cccc(Cl)c2)n1	1.0	0	0.792	0.97
6	COc1ccccc1C1CC(=O)N(C)CCn2c1nc1ccccc12	1.0	1	0.914	0.917
6	CCC(=O)Oc1ccc(O)c(C(CC(C)C)c2ccc(O)cc2)c1	1.0	0	0.849	0.923
6	CC(C)(O)c1ccc2ccc(C(=O)NCCc3ccccc3)cc2c1	1.0	0	0.709	0.985
6	Nn1c(CO)nc(Cc2ccccc2)c1Br	1.0	1	0.923	0.942
6	COc1ncccc1C(=O)n1nc(C)cc1C	1.0	0	0.759	0.969
6	O=C(NCC(=O)N(c1ccccc1)C1CCCCC1)c1ccccc1	1.0	0	0.797	0.985
6	CCc1ccc(OCCSc2nc[nH]n2)cc1OC	1.0	1	0.963	0.921
6	CCOc1ccccc1NC(=O)C(=Cc1ccccc1)c1ccccc1	1.0	0	0.836	0.987
6	O=C(O)CC(=Cc1cccc(Cl)c1)c1ccc(Cl)cc1[N+](=O)[O-]	1.0	1	0.939	0.96
6	Cc1nccnc1C(=O)Nc1ccc(Cl)cc1	1.0	1	0.996	0.986
6	Cc1nc2ccccc2n1CC(=O)Nc1ccccc1	1.0	1	0.901	0.991
6	CCOC(=O)c1ccccc1NC(=O)c1cc(OC)c2ccccc2n1	1.0	0	0.776	0.986
6	O=S(=O)(Nc1ncns1)c1ccc(Cl)cc1	1.0	1	0.978	0.97
6	O=C(C#Cc1ccccc1)c1ccccc1O	1.0	0	0.744	0.978
6	Cc1ccc(NNc2nnc(-c3ccccc3)cc2C#N)cc1	1.0	1	0.932	0.97
6	O=C(Cc1ccc(Cl)cc1Cl)NO	1.0	0	0.863	0.984
6	c1ccc(NCc2ccccc2C(F)(F)F)cc1	1.0	1	0.948	0.991
6	CCCCn1c(SCC(=O)NC(C)(C)C)nc2c1ccc(Cl)c2C	1.0	0	0.85	0.964
6	Cc1ccc(S(=O)(=O)Cc2cccc(Cl)c2Cl)cn1	1.0	1	0.945	0.972
6	Cc1cc(F)ccc1COc1ccc(S(=O)(=O)Nc2ccc(Cl)cc2C(=O)c2ccccc2)cc1	1.0	0	0.0	0.977
6	O=C(c1ccc(Cl)cc1)C(F)(F)F	1.0	0	0.764	0.988
6	Oc1cc(N2CCOCC2)cnc1O	1.0	0	0.754	0.945
6	C=CCNC(=O)OCCN(c1ccccc1)S(=O)(=O)c1ccc(C)cc1	1.0	1	0.988	0.973
6	O=C(c1ccc(Cl)cc1)n1c(=O)c(-c2ccc(Cl)cc2)nc2ccccc21	1.0	0	0.843	0.98
6	CCC(C)CN(CCCNC(=O)c1cc2ncnc(O)c2c1O)CNc1ccc(F)cc1	0.0	0	0.0	0.0
6	O=C(O)c1nn(Cc2ccc(Cl)cc2)c(=O)c2cccnc12	1.0	1	1.045	0.977
6	CCOC(=O)CCCn1cnc2cc(NS(=O)(=O)c3ccc(Cl)cc3)ccc21	1.0	0	0.746	0.975
6	COc1ccc(Cl)cc1Nc1ncc([N+](=O)[O-])c(N2CCOCC2)n1	1.0	0	0.896	0.963
6	O=C(CCCl)Oc1ccc(C(F)(F)F)cc1Br	1.0	1	0.902	0.97
6	COc1cc2c(NC3CCN(C)CC3)ccnc2cc1OCCCCl	1.0	0	0.761	0.963
6	O=C(NCCCN1CCC(c2cccc(Cl)c2)CC1)c1ccc(Cl)cc1	1.0	0	0.662	0.986
6	Cc1ccc2nc(C)cc(C(F)(F)F)c2c1	1.0	0	0.738	0.982
6	O=C(O)NC1OC(CO)OC(O)C1O	1.0	0	0.745	0.259
6	COc1ccc(OC)c(S(=O)(=O)c2cccc(C)c2C)c1	1.0	1	0.939	0.984
6	O=C(NCc1ccccc1)c1ccccc1NC(=O)C1CCOCC1	1.0	0	0.804	0.988
6	Cc1ncc(Cl)cc1N(Cc1ccc(Cl)cc1)Cc1ccc(Cl)cc1	1.0	1	0.924	0.976
6	CCCCCCCCCCCC(=O)OC(C)C	1.0	0	0.73	0.988
6	O=C(CN(N1CCCC1=O)c1ccccc1)Nc1ccnc(Cl)c1	1.0	1	0.939	0.935
6	NC(=O)c1ccccc1O	1.0	0	0.598	0.992
6	Cc1nn(S(=O)(=O)c2ccc(Cl)cc2)(NC(=O)c2ccccc2)c2ccccc12	0.0	0	0.0	0.0
6	Cc1ccc(NC(=O)c2cccc(OC(F)F)c2)c(C)n1	1.0	0	0.867	0.981
6	COc1cccc(C(=O)c2cc(Cl)cc(Cl)c2O)c1	1.0	1	0.93	0.985
6	COc1ccc(S(=O)(=O)N(C)c2cc(Cl)ccc2CNS(C)(=O)=O)cc1	1.0	0	0.858	0.972
6	COc1ccc(S(=O)(=O)N(Cc2ccccc2F)C(C)(C)C)cc1	1.0	1	0.935	0.978
7	CNC(=O)C1CCCN(S(=O)(=O)c2ccc(Cl)cc2)C1	1.0	1	0.985	0.966
7	O=S(=O)(Nc1cccn2c(=O)cc(Cl)cc12)c1ccncc1	1.0	0	0.786	0.952
7	Cc1ccc(Cl)cc1NC(=O)CNC(=O)c1cccc(Cl)c1	1.0	0	0.784	0.991
7	O=C(O)c1cccc(CNC(=O)c2cc(Br)ccc2Cl)c1	1.0	0	0.859	0.99
7	Cc1ccc(S(=O)(=O)Nc2cccc(Cl)c2Cl)cc1	1.0	1	0.917	0.99
7	O=C(COc1ccccc1-c1ccccc1)CC(=O)c1ccccn1	1.0	0	0.806	0.981
7	O=C(NCCCc1ccccc1)c1cc(Cl)ccc1O	1.0	0	0.835	0.991
7	COC(=O)Cn1c(=O)c(OCC)nn(-c2ccccc2)c1=O	1.0	1	0.927	0.973
7	CC(C)(C)c1ccc(OCC(=O)NN=Cc2cccnc2)cc1	1.0	0	0.84	0.98
7	Nc1nc(O)c2cc(NCc3ccccc3)cnc2n1	1.0	1	1.043	0.967
7	CC(C(=O)Nc1ccc(Cl)c(Cl)c1)c1ccc2ccccc2c1	1.0	0	0.831	0.971
7	O=S(=O)(Nc1ccc(Cl)cc1)c1ccc(Cl)cc1Cl	1.0	1	0.956	0.99
7	COc1ccc(S(=O)(=O)N(CC(=O)Nc2ccnc3ccccc23)c2ccc(Cl)cc2)cc1	1.0	0	0.0	0.978
7	O=C(CSc1ccccc1)Nc1ccc(F)cc1Cl	1.0	1	0.98	0.991
7	O=S(=O)(NC(Cc1ccccc1)c1ccccc1)c1cc(I)ccc1Cl	1.0	0	0.851	0.954
7	Cc1cccnc1C(=O)OCC(=O)Nc1ccc(Br)cc1C(F)(F)F	1.0	0	0.881	0.973
7	O=C(c1cccnc1)c1ccc(O)c(O)c1Cl	1.0	0	0.897	0.975
7	CCCS(=O)(=O)N1CCN=C2CCC(c3ccccc3)CC2C1	1.0	0	0.748	0.748
7	Cc1nn(C(=O)c2ccc(Cl)cc2)c(C)c1Cl	1.0	0	0.851	0.981
7	CCN(c1ccccc1)c1ccc([N+](=O)[O-])cc1C(C)=O	1.0	1	0.977	0.976
7	O=S(=O)(Nc1ccccc1Br)c1ccccc1	1.0	1	0.923	0.992
7	COC(=O)C1C(=N)OC(=N)C(C#N)C1c1ccccc1	1.0	0	0.859	0.504
7	O=C(CC(Cc1ccc(O)cc1)C(=O)Nc1ccccc1)NO	1.0	1	0.921	0.961
7	COc1cc(C(=O)Nc2ccc(Cl)c(Cl)c2)ccc1NC(=O)c1ccccc1	1.0	0	0.601	0.99
7	O=S(=O)(N1CCCC(Nc2nc(Br)c(Br)c(O)n2)C1)c1ccc(Cl)c(Cl)c1	1.0	1	0.932	0.828
7	Cc1nnc(O)n1Cc1ccc(Cl)cc1	1.0	1	1.067	0.972
7	COc1nnc(S)nc1O	1.0	0	0.649	0.708
7	Clc1ccc(C(c2ccccc2)c2ccccc2)cc1	1.0	1	1.074	0.994
7	O=C(CCCCC(=O)NN=Cc1cccc(Cl)c1Cl)NO	1.0	0	0.742	0.97
7	COc1cnc(NS(=O)(=O)c2ccc(Cl)cc2)cn1	1.0	1	0.913	0.979
7	O=C(c1ccc(Br)o1)N1CCCCC1c1cccnc1	1.0	1	0.983	0.936
7	CC(Sc1nnc(Cc2ccccc2)n1C)C(=O)O	1.0	1	0.933	0.955
7	CCOC(=O)COc1cccc(Oc2ccc(Cl)cc2Cl)n1	1.0	1	0.97	0.976
7	CNC(=O)c1nnc2cc(Cc3cccc(Cl)c3)ccn2c1=O	1.0	1	0.974	0.956
7	CNCc1ccnc(SC)n1	1.0	0	0.722	0.957
7	O=C(O)CC(=O)Nc1cccc(C(=O)c2ccc(Cl)cc2)c1	1.0	0	0.894	0.989
7	O=C(CCCCCC(=O)NN=Cc1cccnc1)NO	1.0	0	0.733	0.971
7	Nc1ccc(SSc2ccc(Cl)cc2)cn1	1.0	1	1.011	0.953
7	Cc1nc(C)nn1S(=O)(=O)c1ccc(Cl)cc1	1.0	1	1.021	0.964
7	CC(=NOC(=O)c1cc(Cl)ccc1O)c1cccn1N	1.0	0	0.74	0.916
7	O=C(C(=S)N1CCCCC1)c1ccccc1O	1.0	0	0.786	0.969
7	O=C(NC(=S)N(Cc1ccccn1)Cc1ccccn1)c1ccc(Cl)c(Cl)c1	1.0	1	0.932	0.967
7	Cc1nn(CSc2ccccc2)c(Br)c1C(=O)c1cccnc1	1.0	0	0.856	0.947
7	O=C(Cc1cccc(Cc2ccccc2)c1)c1ccc(Cl)c(Cl)c1	1.0	1	1.057	0.989
7	COc1ccc(NS(=O)(=O)c2ccc(Cl)cc2)cc1	1.0	1	0.973	0.994
7	CN(C)C(=O)c1c(C)nn(C)c1Cl	1.0	0	0.714	0.966
7	CCC(CO)NC(=O)c1ccc(Cl)cc1	1.0	0	0.888	0.977
7	O=C(NCCNS(=O)(=O)c1ccc(Cl)c(Cl)c1)c1ccc(Cl)nc1	1.0	0	0.841	0.978
7	O=C(CNc1cccc(Cl)c1)c1ccc(Br)cn1	1.0	1	1.01	0.978
7	COc1cc(Cl)cc(C=O)c1O	1.0	0	0.74	0.976
7	O=C(CCCl)Nc1csnn1	1.0	0	0.765	0.882
7	CCn1c(Sc2ccc(OC)cc2)nc2cc(C(=O)N(c3ccccc3)c3ccccc3)ccc21	1.0	0	0.0	0.966
7	O=C(c1cccc(Br)c1)N1CC(Cc2ccccc2)Oc2ccccc21	1.0	1	0.916	0.951
7	O=C(O)c1cccc(Oc2cc(F)c(Cl)cc2NS(=O)(=O)c2cccc(Cl)c2)c1	1.0	1	0.955	0.975
7	Cc1nn(Cc2ccccc2)c(C)c1NN=Cc1ccc(Cl)cc1	1.0	0	0.736	0.979
7	N#CCCCn1c(=O)c(=O)n(C)c2cccnc21	1.0	1	0.915	0.952
7	O=C(c1cccc(Cl)c1Cl)N1CCN(c2ccccc2)CC1	1.0	0	0.779	0.989
7	Cn1nc2c(c1-c1ccccc1)OCC2	1.0	0	0.81	0.954
7	COc1c(C)cccc1C(=O)NC(=O)c1nccs1	1.0	0	0.795	0.967
7	COc1ccc(NS(=S)(=O)c2cccc(Cl)c2)cc1Cl	1.0	0	0.0	0.928
7	O=C(c1cc2ccc(Cl)cc2[nH]1)c1cccnc1	1.0	1	0.954	0.978
7	COc1ccc(COC(=O)C(O)NS(=O)(=O)c2ccc(Cl)cc2)cc1	1.0	0	0.816	0.951
7	CCS(=O)(=O)n1nc(Cl)cc1C	1.0	0	0.697	0.861
7	COc1cc(Cl)ccc1CC(=O)Nc1ccc(Cl)cc1	1.0	1	0.934	0.991
7	CC(=O)N1CCCC1C(=O)N1CCC(c2ccccc2)(c2ccccc2)OC1	1.0	0	0.879	0.874
7	Clc1ccc(COc2ccc(S(=O)(=O)N3CCCCC3)cc2Cl)cc1	1.0	0	0.817	0.987
7	O=C(O)c1cc(C(=O)c2cccc(F)c2)c2ccccc2n1	1.0	0	0.878	0.984
7	COCCn1c(C)nnc1SCc1ccc(Cl)cc1	1.0	1	0.923	0.981
7	O=S(=O)(NCCc1ccccc1)c1ccccc1O	1.0	1	0.942	0.989
7	CC1OC(=O)N(c2ccc(Cl)c(Cl)c2)C1=O	1.0	1	0.967	0.914
7	O=C(O)CC(=O)Nc1ccc2c(c1)Cc1ccccc1-2	1.0	0	0.794	0.983
7	O=S(=O)(c1ccccc1F)N(Cc1ccccc1)c1ccccc1	1.0	1	1.069	0.988
7	O=S(=O)(NCCNCCO)c1ccccc1O	1.0	0	0.808	0.974
7	Cc1nc(C(=O)NC(CO)(C(C)(C)C)C(F)(F)F)ccc1NC(=O)c1ccccc1Cl	1.0	0	0.0	0.831
7	O=C(CCn1cccn1)NO	1.0	0	0.718	0.968
7	O=C(c1cccc(S(=O)(=O)Nc2ccccc2)c1)c1ccccc1F	1.0	1	0.917	0.989
7	FC(F)(F)Oc1cccc(COc2cccc(Cl)c2Cl)c1Cl	1.0	1	0.929	0.973
7	O=C(NS(=O)(=O)c1cccc(C(F)(F)F)c1)c1nc(-c2ccccc2)cs1	1.0	0	0.836	0.972
7	CCCCc1ccc(C(=O)c2sc(Nc3ccc(S(N)(=O)=O)cc3)nc2-c2ccc(C)cc2)cc1	1.0	0	0.0	0.968
7	CC(CC(=O)N1CCC(C)(C(=O)O)CC1)C(=O)O	1.0	0	0.808	0.907
7	Cc1ccccc1C(=O)Nc1ccc([N+](=O)[O-])cc1	1.0	0	0.789	0.993
7	COc1cc(Br)cc(C(=O)NN=Cc2ccc(OC(=O)c3ccc(Br)cc3)cc2)c1	1.0	0	0.543	0.976
7	O=C(c1cc(Cl)cc(Cl)c1)CCn1ncc2ccccc21	1.0	0	0.809	0.977
7	COc1ccccc1CNc1nc(Cl)nc2c1ncn2C1OC(COS(=O)(=O)NC(=O)c2ccccc2O)C(O)C1O	1.0	0	0.0	0.493
7	Cc1nnc(Cc2cccc(Cl)c2)s1	1.0	1	0.974	0.98
7	CN(C(=O)c1cnccc1C(=O)c1ccc(F)cc1)C1CCCCC1	1.0	0	0.895	0.974
7	O=C(NNC(=S)Nc1ccc(Cl)cc1)c1ccc(Cl)cc1	1.0	1	0.921	0.99
7	O=C(O)c1ccccc1Oc1ccc(Cl)cc1NS(=O)(=O)c1ccc(Cl)cc1	1.0	1	0.938	0.984
7	CN(C)Cc1c(C(=O)NN=Cc2ccc(-c3ccccc3)cc2)nnn1-c1ccc(Cl)cc1	1.0	0	0.0	0.965
7	COc1ccncc1N1CCN(C(=O)Nc2ccc(C(F)(F)F)cc2Cl)CC1	1.0	0	0.719	0.97
7	COc1ccc(SCC(=O)NN=Cc2ccc(O)cc2)cc1	1.0	0	0.765	0.984
7	CS(=O)(=O)N(CC1CCCCC1)c1ccc(OCc2ccccc2)cc1	1.0	0	0.715	0.981
7	CC(=O)C(=Cc1ccc(Cl)cc1)C(=O)c1ccccc1	1.0	1	0.942	0.984
7	O=C(COC(=O)CCS(=O)(=O)c1ccccc1)c1ccc(Cl)cc1	1.0	0	0.725	0.986
7	O=C(c1ccc(F)c(Cl)c1)c1ccc(Br)cc1	1.0	1	0.928	0.991
7	CC(C)c1cccc(C(=O)Nc2cccc(C(=O)NC3CCCCC3)c2)c1	1.0	0	0.713	0.987
7	O=C(Cc1ccccc1F)Nc1ccc(S(=O)(=O)Nc2ncccn2)cc1	1.0	0	0.742	0.982
7	Clc1cccc(COc2cccc(-c3ccccc3)c2)c1	1.0	1	0.98	0.993
7	Cc1cc(Br)ccc1NC(=O)CNC(=O)c1ccc(Cl)cc1Cl	1.0	0	0.828	0.988
7	CC(Nc1nccc(N2C(=O)OCC2C(C)O)n1)c1ncc(Cl)cc1Cl	1.0	0	0.835	0.534
7	CC(C)(C)c1ccc(S(=O)(=O)c2ccccc2)cc1	1.0	0	0.834	0.991
7	O=C(NC(=O)c1cccc(F)c1)c1cccnc1	1.0	1	0.916	0.989
7	Cn1c(=O)n(Cc2ccccc2)c2ccccc21	1.0	0	0.898	0.991
7	COc1cc(Cl)c(Cl)cc1C(=O)Nc1ccc(C)c(O)c1	1.0	0	0.849	0.985
7	O=C(NCCc1ccc(Cl)cc1)c1cncc(Br)c1	1.0	0	0.854	0.988
7	Nn1c(SCc2nc3ccccc3s2)nnc1=O	0.0	0	0.0	0.0
7	O=C(c1ccccn1)N(Cc1ccccc1)c1ccccn1	1.0	1	1.039	0.984
7	O=S(=O)(N=Cc1ccc(F)cc1)c1cccc(Cl)c1	1.0	1	0.909	0.978
7	COc1cccc(NC(=O)COC(=O)c2ccc(F)cc2)c1	1.0	0	0.826	0.993
7	COc1ccc(OC)c(NC(=O)CCn2cccn2)c1	1.0	0	0.826	0.985
7	CNC(=O)C(=O)c1nc(S)n(CCc2ccccc2)c1O	1.0	1	0.922	0.907
7	O=C(CSc1ccccc1)Nc1cccc(Cl)c1N1CCOCC1	1.0	0	0.815	0.982
7	CC(C)CN1CCNC(C(=O)NC2CCOCC2)C1	1.0	0	0.771	0.885
7	Cc1nnc(SCc2ccc(Cl)c(Cl)c2)s1	1.0	1	1.04	0.979
7	O=C1CCCCCc2ccncc21	1.0	0	0.714	0.976
7	Cc1ccc(C)n1NC(=O)c1ccc(F)cc1	1.0	0	0.79	0.981
7	N=C(N)c1ccc(COc2cccc(Cl)c2)cc1	1.0	0	0.863	0.99
7	O=C(NCCC(=O)N(c1ccccc1)c1ccccc1)c1ccccc1	1.0	1	0.915	0.988
7	O=S(=O)(NN(O)Cc1ccc(Cl)cc1)c1cc(Cl)cc(Cl)c1S	1.0	1	0.953	0.892
7	CC(C)Oc1ccc(C(=O)n2nc(C(=O)O)cc2C)cc1	1.0	0	0.745	0.974
7	COc1cc(N)c(Cl)cc1C(=O)NC1(CO)CCC1	1.0	0	0.804	0.96
7	O=C(C(=O)c1ccc(Cl)cc1)c1ccccc1O	1.0	1	1.075	0.988
7	COc1cc(Br)c(SSc2ccc(Cl)cc2Cl)c(OC)n1	1.0	0	0.87	0.898
7	CC(C)(C)n1nccc1N(C(=O)c1cccc(Cl)c1)c1cc(Cl)ccc1O	1.0	0	0.842	0.92
7	CC(C)Oc1cccc(OCC(=O)Nc2ccc(Cl)cc2Cl)c1	1.0	0	0.84	0.988
7	Nc1ccccc1Nc1=[N+](=O)c2ccccc2NC(=O)C1c1ccccc1	0.0	0	0.0	0.0
7	O=S(=O)(Nc1ccno1)c1ccc(Cl)cc1Cl	1.0	0	0.89	0.951
7	COC(=O)c1cccc(C(=O)Nc2ccccc2N2C(=O)c3ccccc3C2=O)c1	1.0	0	0.694	0.983
7	CCc1c2c(c(N)cc3ccoc13)C(=O)c1ccc(Br)cc1C(=O)C2	0.0	0	0.0	0.0
7	N#CC(=NNc1cccc(Cl)c1)C1CCNCC1	1.0	0	0.896	0.901
7	c1ccc(CCCNCCCNCCCNCCCCCN)cc1	1.0	0	0.45	0.978
7	COCC(=O)OCC(=O)C1C(Cl)=CCC1=O	1.0	0	0.776	0.686
7	O=C(Nc1ccc(Cl)cc1)c1ncccc1O	1.0	1	0.976	0.99
7	CCOC(=O)c1ccc(NC(=O)c2ccccc2CC)cc1	1.0	0	0.744	0.992
7	O=C(NO)c1ccc(Cl)c(OCc2ccccc2)c1	1.0	0	0.817	0.99
7	NC(=O)c1ccc(Oc2c(Cl)cc(Cl)cc2Cl)cc1	1.0	1	0.914	0.988
7	O=C(O)c1ccc(CSc2ncccn2)cc1	1.0	0	0.892	0.986
7	O=C(Cc1ccccc1F)Nc1cccc(S(=O)(=O)Nc2ccccc2)c1	1.0	0	0.779	0.988
7	O=c1cc(OCc2ccccc2)cnn1-c1ccccc1	1.0	0	0.861	0.988
7	O=C(NCCNS(=O)(=O)c1ccc(Cl)cc1)c1cccc(C(F)(F)F)c1	1.0	0	0.838	0.984
7	COc1cccc(Cc2cncnc2SSc2ccccc2N)c1N	1.0	0	0.891	0.909
7	CC(C)(C)c1ccc(S(=O)(=O)Nc2ccc(Cl)cc2)cc1	1.0	1	0.937	0.991
7	COC(=O)c1cc(C)nc(Sc2cccc(Cl)c2C)n1	1.0	1	0.918	0.961
7	O=C(O)c1cc(Cl)ccc1NS(=O)(=O)c1cccc(C(F)(F)F)c1	1.0	1	0.952	0.983
7	O=C(CCCN1C(=O)c2cccc(Cl)c2C1=O)c1ccc(Cl)cc1	1.0	0	0.86	0.981
7	CCOC(=O)c1sc(S(=O)(=O)NC)cc1I	1.0	0	0.773	0.917
7	CCOc1ccccc1NS(=O)(=O)c1ccc(Cl)cc1	1.0	1	0.942	0.992
7	C=CCOC(=O)c1ccc(F)cc1F	1.0	0	0.835	0.984
7	CCNC(=O)CCn1nc(F)c2ccc(Cl)cc21	1.0	0	0.809	0.954
7	COc1ncc(C)nc1OC(C)c1ccccc1	1.0	1	0.909	0.928
7	COc1cccc(CNC(=O)CCC(=O)c2cccc(C)c2)c1	1.0	0	0.754	0.99
7	Fc1ccc(SS(=O)(=O)c2ccc(Cl)cc2)c(Cl)c1	1.0	1	0.952	0.965
7	O=S(=O)(NCCc1ccc(F)cc1)c1ccc(F)cc1F	1.0	1	0.988	0.987
7	CCc1ncnc(-c2ccc(F)c(F)c2)c1C#Cc1ccc(NC(C)=O)nc1	1.0	0	0.738	0.938
7	O=S(=O)(Nc1cccc(C(F)(F)F)c1)c1ccc(Br)cc1	1.0	1	0.909	0.988
7	c1csc(CNCCOc2nnnn2C2CCCC2)c1	1.0	1	0.905	0.937
7	COc1cc(C(=O)NCCc2ccc(Cl)cc2)ccc1O	1.0	0	0.84	0.991
7	CC(=O)Nc1nnc(CSCc2ccccc2Cl)s1	1.0	1	0.916	0.971
7	CCOC(=O)c1cccc2c1ncn2-c1ccc(Br)cc1	1.0	0	0.892	0.979
7	CC(C)(C)C(=O)Nc1ccc(Cl)c(C(F)(F)Cl)c1	1.0	0	0.756	0.966
7	COC(=O)CCCCCCCOc1cccc(O)c1	1.0	0	0.733	0.987
7	COc1ccc(CCC(=O)c2ccc(C)cc2)cc1	1.0	0	0.849	0.994
7	CC(NS(=O)(=O)c1ccsc1Cl)c1ccccc1C#N	1.0	0	0.852	0.866
7	CC(C)CC(=O)Nc1cccc(Oc2ccc3nc(N)nc(C)c3c2)c1	1.0	0	0.863	0.976
7	O=C(O)c1ccsc1Sc1ccc(C(F)(F)F)cc1	1.0	1	0.945	0.962
7	CCc1ncnc(-c2ccc(C(=O)NC(C)(C)C)c(C)c2)c1NC(=O)CC#N	1.0	0	0.828	0.921
7	Oc1[nH]c2ccccc2c1NC(=S)NC(CCC(=O)O)C(=O)O	1.0	0	0.848	0.903
7	CCCCCn1c(O)nnc1Cc1ccccc1OC	1.0	0	0.856	0.967
7	O=C(CSc1ccccn1)c1cccs1	1.0	1	0.92	0.978
7	O=C(O)c1cncc(C(=O)c2ccc(Cl)cc2)c1	1.0	1	0.957	0.987
7	CCCCn1nnnc1SCC(=O)c1ccc(Cl)c(Cl)c1	1.0	1	1.096	0.975
7	O=C(O)Cc1cc(Br)cc(Br)c1N1C(=O)C=CC1=O	1.0	0	0.894	0.912
7	O=C(Sc1ncccn1)c1ccc(Cl)cc1	1.0	1	0.919	0.975
7	O=S(=O)(Nc1cc(Cl)c(Cl)cc1Cl)c1ccc(Cl)c2occc12	1.0	0	0.892	0.959
7	O=C(O)c1cc(NS(=O)(=O)c2cccc(Cl)c2Cl)ccc1Cl	1.0	1	1.006	0.983
7	COc1ccc(Br)cc1C(=O)Nc1ccccc1NS(N)(=O)=O	1.0	0	0.824	0.981
7	COc1cc(OC)c(NC(=O)Nc2cccnc2)cc1Cl	1.0	0	0.713	0.985
7	Cc1ccc(S(=O)(=O)NC(=O)Nc2ccc(Cl)cc2C)cc1	1.0	1	1.023	0.988
7	COc1cccc2sc(NS(=O)(=O)c3ccc(Cl)cc3)nc12	1.0	0	0.825	0.983
7	O=S(=O)(Nc1ccn(Cl)n1)c1cc(Cl)cc(Br)c1	1.0	0	0.845	0.909
7	Cc1ccccc1CNC(=O)c1ccc(C)cc1	1.0	0	0.841	0.995
7	OC(CON=C(Cl)c1ncnc2[nH]cnc12)c1cccc(Cl)c1	1.0	1	0.901	0.701
7	O=S(=O)(Nc1ccc(Cl)nc1)c1ccccn1	1.0	1	1.018	0.975
7	O=C(NCc1ccccc1)OCc1ccc(Cc2ccc(Cl)cc2)cc1	1.0	0	0.758	0.99
7	CC(C)(C)C(=O)Nc1ccc(C(=O)c2ccccc2)cc1	1.0	0	0.732	0.991
7	Cn1c(=O)c(Oc2ccc(F)cc2F)cnc1SCCCI	1.0	1	0.932	0.932
7	O=C(C=Cc1ccccc1)Nc1cccnc1Cl	1.0	1	0.913	0.987
7	O=C(CCn1c(=O)oc2ccccc21)Nc1ccc(Cl)cc1F	1.0	1	1.114	0.982
7	Cc1ccc(C)c(NS(=O)(=O)c2ccccc2)c1	1.0	1	0.934	0.993
7	COC(=O)c1ccc(S(=O)(=O)NCc2ccc(F)cc2)cc1	1.0	0	0.839	0.991
7	O=C(CNS(=O)(=O)c1ccccc1)NO	1.0	0	0.772	0.985
7	COc1nccnc1Cc1ccc(Cn2c(CO)nc3ccccc32)cc1	1.0	0	0.778	0.966
7	O=C(Cn1c(SCc2ccc(F)cc2)nc2ccccc21)Nc1ccccc1	1.0	0	0.78	0.986
7	CS(=O)(=O)Nc1cc(C(=O)O)c(Oc2ccc(Br)cc2)nc1	1.0	1	1.039	0.975
7	C=CC(=O)Nc1cccc(CC(=O)Nc2cnc3ccc(N4CCOCC4)nc23)c1	0.0	0	0.0	0.0
7	CCOc1cc(OC)c(SCc2ccc(Cl)cc2)nc1Cl	1.0	1	0.94	0.968
7	O=C(COCc1ccccc1)OCc1ccccc1	1.0	0	0.894	0.993
7	Cc1ccccc1CSc1nn(C)c(=O)c2ccccc12	1.0	0	0.881	0.979
7	COc1ccccc1C1C(C(=O)OCCCl)CC(=O)c2ccccc2N1C	1.0	1	0.935	0.839
7	Cc1ccc(C)c(CN2C(=O)c3ccccc3C(CC(=O)O)C2O)c1	1.0	0	0.833	0.836
8	CCc1nn(CC(=O)O)c(C)c1CSC(=O)NC)c1ccc(Cl)cc1Cl	0.0	0	0.0	0.0
8	O=S(=O)(NCCc1ccccc1)c1ccc(Cl)cc1	1.0	1	1.0	0.993
8	COc1ccc(S(=O)(=O)Nc2ccc(Oc3ccc(Cl)c(Cl)c3)cc2)c(OC)c1	1.0	0	0.774	0.982
8	Cc1occc1C(=O)Nc1ccc(Br)c(O)c1	1.0	1	0.907	0.976
8	COc1ccc(OC)c(Cn2ccnc2NC(C)=O)c1	1.0	1	0.968	0.973
8	CCCCOc1ccc(C(=O)N(C)c2ccc(F)cc2)cc1	1.0	0	0.84	0.989
8	CCOC(=O)C1(CCOc2ccccc2)CCN(C(=O)c2cccnc2)CC1	1.0	0	0.77	0.969
8	O=C(O)C(=O)Cc1cccnc1	1.0	0	0.86	0.981
8	O=C(NCC1CCC(F)(F)CC1)c1cccc(Cl)c1	1.0	1	0.919	0.975
8	Cc1nc(SCC(=O)Nc2ccc(S(N)(=O)=O)cc2)ncc1C(N)=O	1.0	0	0.74	0.973
8	O=S(=O)(Nc1ccncc1)c1ccccc1Cl	1.0	0	0.863	0.988
8	CCSc1nnc(CSc2ccccc2)n1Cc1ccccc1	1.0	1	0.984	0.981
8	COc1cc(Cl)ccc1CN(C)c1cccc(OC(F)(F)F)c1	1.0	1	0.971	0.976
8	CC1CCc2[nH]nc(C(=O)NCc3ccccc3)c2C1	1.0	0	0.866	0.944
8	O=C(NCCc1ccccc1)c1ccc([N+](=O)[O-])cc1	1.0	0	0.813	0.993
8	CN(C)C(=O)NC(=O)c1ccccc1	1.0	0	0.724	0.991
8	O=S(=O)(Nc1cccnc1Nc1cccc(C(F)(F)F)c1)C1CCC1	1.0	0	0.82	0.963
8	COc1ccc(S(=O)(=O)NN=Cc2cn(C)c3ccccc23)cc1	1.0	0	0.813	0.977
8	Cc1ncc(OC(C)C)cc1C(=O)Nc1ccc(Cl)c(C(F)(F)F)c1	1.0	0	0.857	0.971
8	CCC(=O)NC(=S)Nc1ccc(Br)cc1C(=O)O	1.0	1	0.912	0.98
8	O=C(c1cccc(Cl)c1)n1cnc2cccnc21	1.0	0	0.83	0.973
8	CON=Cc1ccc(Cl)cc1OC(C)C	1.0	0	0.804	0.966
8	O=C(O)c1ccnc(Oc2ccccc2)c1	1.0	1	0.97	0.99
8	CC(C)Oc1ccc(S(=O)(=O)Nc2ccc(Cl)c(Cl)c2)cc1	1.0	1	0.901	0.988
8	O=C(Nc1ccc(Oc2ncccc2F)cn1)c1ccno1	1.0	1	0.962	0.954
8	O=C(Nc1cccnc1)NC1CCCCC1	1.0	0	0.765	0.988
8	CCCCCCCC(=O)c1ccccc1C(=O)O	1.0	0	0.827	0.99
8	O=C(O)CSCC(=O)Nc1cc(Cl)ccc1[N+](=O)[O-]	1.0	0	0.836	0.979
8	COc1ccc(S(=O)(=O)N(C)C)cc1NS(=O)(=O)c1ccccc1	1.0	0	0.844	0.986
8	COc1cccc2cc(C(=O)C(=O)NCCCCC3CCCCC3)ccc12	1.0	0	0.727	0.975
8	O=C(O)c1ccccc1NS(=O)(=O)c1cccc(Cl)c1	1.0	1	0.976	0.99
8	COc1ccc(C(=O)Nc2cc(Cl)c(Cl)cc2F)cc1F	1.0	0	0.806	0.988
8	COc1c(Cl)cc(I)cc1C(=O)c1cccc(C(F)(F)F)c1	1.0	0	0.809	0.97
8	O=C(O)CC(=O)NNc1ccc(Cl)cc1	1.0	1	1.087	0.984
8	CSCCC(c1c(O)nc(S(C)(=O)=O)n1CCCO)S1	0.0	0	0.0	0.0
8	O=C(O)C(F)(F)F	1.0	0	0.369	0.982
8	CC(C)OC(=O)c1cnc(O)c(C(=O)c2ccccc2)n1	1.0	1	0.952	0.96
8	Oc1nc2c(Br)ccc(Cl)c2nc1Cl	1.0	0	0.668	0.897
8	O=S(=O)(NCCc1ccccc1)c1cccc(OCc2ccccc2)c1	1.0	0	0.812	0.99
8	O=C(c1cc(=O)c2ccccc2[nH]1)N1CCCC1	1.0	0	0.809	0.984
8	O=C(O)c1cccc(S(=O)(=O)NCCc2ccccc2)c1	1.0	0	0.822	0.991
8	CCC(=O)N1CCN(c2ccc(Cl)cc2NC(=O)c2ccc(F)cc2)CC1	1.0	0	0.838	0.985
8	NS(=O)(=O)c1ccc(C(=O)Nc2ccc(Cl)c(Cl)c2)cc1	1.0	1	0.907	0.991
8	O=C(O)c1cccc(S(=O)(=O)Nc2ccccc2)c1	1.0	0	0.88	0.993
8	CCNc1ncc(C(=O)c2ccc(Cl)cc2)s1	1.0	0	0.88	0.976
8	COc1cc(O)c(C(=O)CCl)c(C)c1O	1.0	0	0.834	0.944
8	COc1cccc(Sc2c(O)nc(C)nc2SC)c1	1.0	1	0.996	0.924
8	CC(=O)Oc1cc(OC(=O)OC(C)(C)C)ccc1OCC(=O)O	1.0	0	0.827	0.975
8	CC=CCOC(=O)c1ccc(F)cc1	1.0	0	0.818	0.985
8	O=S(=O)(Nc1ccc(Cl)cc1)c1ccccc1	1.0	1	1.071	0.994
8	O=S(=O)(NC1CCNCC1)c1ccccc1	1.0	0	0.799	0.984
8	COc1cnc(C(=O)Nc2ccc(Cl)c(Cl)c2)cn1	1.0	1	0.938	0.981
8	O=C(CCc1ccc(S(=O)(=O)N2CCCCC2)cc1)OCc1ccccc1	1.0	0	0.677	0.987
8	O=S(=O)(Nc1[nH]nc2ncc(Cl)nc12)SC1CCOC1	1.0	0	0.871	0.424
8	CCCCn1c(=O)c(Cl)cc2cnnc-2c1O	1.0	1	0.982	0.928
8	CNC(=S)Nc1ccc(Cl)c(F)c1	1.0	0	0.877	0.983
8	O=S(=O)(Cc1ccccc1)c1ccc(Cl)cc1F	1.0	1	1.039	0.988
8	O=S(=O)(Nc1cccc(OSc2ccccc2)c1)c1ccccc1	1.0	0	0.898	0.979
8	Cc1ccc(O)c(NS(=O)(=O)c2ccccc2)c1	1.0	1	0.929	0.991
8	CCOc1ccc(Oc2cccc(Cc3c(O)nc(C)c3C(C)=O)c2)cc1	0.0	0	0.0	0.0
8	O=C(CCn1ccc(C(F)(F)F)n1)Nc1ccccn1	1.0	0	0.853	0.97
8	O=C(CCc1ccccc1)n1c(=O)cccc1O	1.0	0	0.848	0.973
8	CCC(=O)Nc1ccc(S(=O)(=O)c2ccccc2)cc1	1.0	0	0.869	0.992
8	COc1ccc(COC(=O)CCNC(=O)c2cccc(C)c2)cc1	1.0	0	0.709	0.99
8	Cc1cccc(NS(=O)(=O)c2ccc(Cl)s2)c1	1.0	0	0.895	0.985
8	CC1CCOC(=O)CCC(=O)C(=O)CC(C)C(O)C(C)OC1=O	1.0	0	0.749	0.255
8	CC(C)Oc1ccccc1NS(=O)(=O)c1cc(Cl)cc(Cl)c1	1.0	0	0.861	0.982
8	O=C(O)CCc1ccc(COc2ccccc2)cc1	1.0	0	0.803	0.994
8	CCOc1cc(Cl)ccc1NC(=O)c1cnc(Cl)cn1	1.0	0	0.827	0.977
8	CNS(=O)(=O)c1ccc(C(=O)NC(Cc2ccccc2)c2ccccc2)cc1	1.0	0	0.755	0.97
8	O=S(=O)(NCCc1ccccc1)c1ccc(F)cc1O	1.0	1	0.966	0.985
8	Cc1ccc(OCc2nc(C)ccc2O)cc1	1.0	1	0.947	0.984
8	Cc1ccc(C)c(S(=O)(=O)NCC(=O)O)c1	1.0	0	0.831	0.985
8	Cc1cccc(Sc2ccccc2CCCCC(=O)O)n1	1.0	0	0.884	0.974
8	O=S(=O)(Nc1cccc(Br)c1)c1ccccc1	1.0	1	0.951	0.993
8	Cc1ccc(S(=O)(=O)NCc2ccc(Cl)cc2)cc1	1.0	0	0.892	0.993
8	O=C(O)CC(=O)Nc1ccc(Cl)cc1	1.0	1	0.928	0.993
8	O=S(=O)(N1CCN(Cc2ccccc2Cl)CC1)c1ccc(F)cc1F	1.0	0	0.812	0.984
8	O=S(=O)(NC1CCCCC1)c1ccc(Cl)cc1Cl	1.0	1	0.935	0.985
8	Cc1ccc(C(=O)c2cc(Cl)ccc2OC)cc1	1.0	1	0.924	0.993
8	O=S(=O)(NCCn1ccnc1)c1ccc(Cl)cc1O	1.0	1	1.025	0.961
8	O=C(NCc1cccs1)c1cc(C(=O)c2ccc(Cl)cc2)c[nH]1	1.0	1	0.975	0.975
8	COc1ccc(OC)c(NS(=O)(=O)c2ccc3c(c2)C(=O)c2ccccc2-3)c1	1.0	0	0.794	0.981
8	O=C(Nc1cccc(C(F)(F)F)c1)c1ccc(Br)o1	1.0	0	0.849	0.984
8	O=c1ccn(-c2ccccc2)c(=S)[nH]1	1.0	1	0.932	0.978
8	COc1ccc2cc(-c3ccc(OC)c4ccccc34)c(Cl)nc2c1	1.0	0	0.883	0.98
8	Nc1ncnc(Nc2ccc(Cl)c(Cl)c2)c1N=Cc1ccc(Cl)c(O)c1O	1.0	1	0.913	0.902
8	O=c1cc(O)oc1-c1ccc(Cl)cc1I	0.0	0	0.0	0.0
8	O=S(=O)(Nc1ccc(-c2nc(O)nc(NS(=O)(=O)c3ccc(F)cc3)c2O)cc1)c1ccc(Cl)c(F)c1	1.0	0	0.0	0.932
8	O=C(O)COc1cccc(O)c1SS	1.0	0	0.727	0.915
8	COc1cccc(COc2cccc(NC(=O)C3CCCCC3)c2)c1	1.0	0	0.712	0.989
8	CC(C)n1nc(N2CCC(CO)CC2)c2cnc(Nc3ccc(C(=O)NC4CCCC4)cc3)nc21	1.0	0	0.0	0.935
8	CCC(c1ccc(O)c(Cl)c1)N1C(=O)c2ccccc2C1=O	1.0	1	1.074	0.942
8	Nc1cccc(C(=O)OC(C(=O)c2ccccc2)c2ccccc2)c1	1.0	1	0.901	0.969
8	O=C(CNS(=O)(=O)c1ccc(Cl)cc1)NN=Cc1cccs1	1.0	0	0.827	0.974
8	COC(=O)N(C)C(C)Cc1ccc(Cl)cc1	1.0	1	0.997	0.956
8	COc1ncncc1S(=O)(=O)c1ccc(OC(=O)c2ccncc2)cc1	1.0	0	0.733	0.964
8	NC(=O)c1ccc(NC(=O)c2ccc(Br)cc2)cc1	1.0	0	0.743	0.994
8	C#CC(=O)Nc1ccc(CCCC(=O)c2ccc(Cl)cc2)cc1	1.0	0	0.759	0.979
8	O=S(=O)(NCC(=O)NO)c1ccccc1F	1.0	0	0.844	0.979
8	O=C(O)c1ccnc(Oc2cccc(Cl)c2)c1I	1.0	1	1.066	0.966
8	COc1cccc2sc(C#N)c(Br)c12	1.0	0	0.638	0.934
8	O=C(O)CC(=NNc1ncnc2ccccc12)C(=O)c1ccccc1	1.0	0	0.779	0.959
8	Cn1cnc2c(N)ccnc21	1.0	0	0.691	0.951
8	COc1cccc(S(=O)(=O)Nc2cccc(-c3ccc(OC)cc3)c2)c1	1.0	0	0.822	0.989
8	Cc1cc(C(=O)c2sc(Br)c(Br)c2Br)cs1	1.0	0	0.842	0.851
8	CCOc1ccc(S(=O)(=O)Nc2ccc(C)cc2)cc1	1.0	1	0.9	0.993
8	O=C(Cn1c(Cl)cnc(SCc2cccc(Cl)c2)c1=O)NO	1.0	1	0.914	0.945
8	Cc1cnc(C(=O)NCC2(O)CCCCCC2)cn1	1.0	1	0.948	0.962
8	CC(C)(NS(=O)(=O)c1ccc(Cl)s1)c1ccc(Cl)cc1	1.0	1	0.902	0.967
8	CC(=O)c1c(O)c(C)c(OC)c2c1OC1(C)=CCC=CC12	0.0	0	0.0	0.0
8	Cc1ccccc1CNC(=O)C(=O)c1cc(C)n(Cc2ccccc2)c1C	1.0	0	0.739	0.981
8	CC(=O)Nc1ncc(SCc2ccccc2)s1	1.0	0	0.888	0.979
8	COc1cc(C(=O)N(C)Cc2cccc(F)c2)ccc1OC(C)C	1.0	0	0.879	0.986
8	O=C(O)c1ccccc1C=NNS(=O)(=O)c1cc(Cl)cc(Cl)c1	1.0	0	0.851	0.97
8	COc1ccc(S(=O)(=O)NCc2ccc(Cl)cc2)cc1Cl	1.0	0	0.85	0.99
8	COc1ccc(C(=O)NC(=S)Nc2ccc(Cl)cc2)cc1F	1.0	0	0.875	0.989
8	CC(O)(CS(=O)(=O)c1ccc(C(N)=O)cc1)C(=O)Nc1ccc(Cl)cc1	1.0	0	0.779	0.942
8	N#CCCCn1cc(CNc2ccc(Cl)cc2)c2ccccc21	1.0	0	0.881	0.977
8	CSc1nc(Cl)c(Cl)c(C)n1	1.0	0	0.684	0.94
8	CC(=O)Nc1ccc(S(=O)(=O)NCc2cccc(Cl)c2)cc1	1.0	1	0.931	0.99
8	COc1cc(C(=O)NCc2ccc(Cl)cc2)ccc1N1C(=O)CC1=O	1.0	0	0.818	0.981
8	O=C(c1ccccc1)N(Cc1ccccc1)c1ccccc1	1.0	1	0.935	0.993
8	Nc1ncnn2c3ccccc3c12	0.0	0	0.0	0.0
8	COc1cccc(CCNC(=O)Nc2ccc(Cl)cc2)c1	1.0	0	0.846	0.992
8	O=S(=O)(NCCO)c1ccc(Cl)cc1Oc1ccc(Cl)cc1	1.0	1	1.012	0.981
8	O=C(c1ccccc1)N1c2ccccc2Sc2ccccc21	1.0	0	0.86	0.985
8	Cc1nc(Nc2ccc(I)cc2)nc(N)c1Cl	1.0	1	0.907	0.962
8	Cc1ccc(CS(=O)(=O)c2ccc(Cl)cc2)cc1	1.0	1	1.023	0.992
8	Oc1nc(CN2CCCCC2)nc2ccccc12	1.0	0	0.844	0.98
8	COc1cccc(Nc2nc(C(N)CC(=O)O)cc3ccccc23)c1	1.0	0	0.827	0.928
8	COc1cc(S(=O)(=O)N(C)C)ccc1NC(=O)c1ccc(Cl)cc1	1.0	0	0.747	0.988
8	Cc1ccc(OC(=O)Nc2cccc(Cl)c2)cc1F	1.0	0	0.819	0.989
8	O=C(c1cc(Cl)ccc1NS(=O)(=O)c1ccc(Cl)cc1)c1ccccc1	1.0	0	0.862	0.988
8	c1ccccc1Nc1ncnc2sccn12	0.0	0	0.0	0.0
8	Cc1ccccc1S(=O)(=O)Oc1ccc(Cl)cc1	1.0	1	1.012	0.989
8	O=P(O)(Cc1cccc(Cl)c1)c1ccccc1	1.0	1	0.934	0.936
8	Cc1ccc(S(=O)(=O)Nc2cccc(Cl)c2C)cn1	1.0	0	0.891	0.984
8	O=C(NCCCBr)c1cccc(-c2cccs2)c1	1.0	0	0.884	0.983
8	Cc1ccc(OCC(=O)Nc2c(C)cccc2C)cn1	1.0	1	0.942	0.987
8	Cc1ccccc1NS(=O)(=O)c1ccc(C(=O)O)cc1C(F)(F)F	1.0	1	0.944	0.982
8	O=C(O)c1ccccc1Oc1ccc(Cl)c(Cl)c1	1.0	1	1.232	0.991
8	Cc1ccccc1NS(=O)(=O)c1cccc(C#N)c1	1.0	1	0.913	0.988
8	Cc1ccccc1NS(=O)(=O)c1ccc(Cl)cc1	1.0	1	0.997	0.993
8	O=C(c1ccc(Cl)cc1)c1ccc(F)c(F)c1	1.0	1	0.984	0.992
8	CCOc1ccc(S(=O)(=O)Nc2ccccc2NS(C)(=O)=O)cc1	1.0	0	0.84	0.986
8	Cc1ccc(CN(C(=O)c2sccc2Cl)c2ccc(F)cc2)cc1	1.0	1	0.94	0.978
8	O=C(COc1ccccc1Cl)NO	1.0	0	0.725	0.989
8	COC(=O)NN=Cc1ccc(OS(=O)(=O)c2ccccc2)cc1	1.0	0	0.795	0.979
8	O=C(CCc1ccc(Cl)c(Cl)c1)NO	1.0	1	0.93	0.987
8	O=S(=O)(Nc1ccncc1)c1ccc(Cl)cc1Cl	1.0	1	0.964	0.985
8	O=S(=O)(Nc1cccc(Cl)c1)c1ccc(Br)cc1F	1.0	1	1.014	0.986
8	Fc1ccc(CN2CCC(c3cc(F)cc(F)c3)=N2)cc1	1.0	1	0.955	0.961
8	CCC(=O)Nc1ccc(S(=O)(=O)Nc2ccccc2)cc1	1.0	0	0.809	0.992
8	O=C(NCc1cccnc1)c1ccn(OCc2ccc(Cl)cc2)c1O	1.0	0	0.731	0.956
8	Cc1ccc(C(=O)CSC(=O)c2cccnc2)cc1	1.0	1	0.926	0.98
8	O=C(c1ccc(Cl)cc1)c1cccn1Cc1cccnc1	1.0	1	0.96	0.982
8	Cc1ccc(C)c(CNS(=O)(=O)c2ccc(Cl)cc2)c1	1.0	0	0.889	0.989
8	Cn1nnnc1SCC(=O)Nc1ccccn1	1.0	1	0.971	0.978
8	O=S(=O)(NCCSc1ccc(Cl)cc1)c1ccccc1	1.0	1	0.956	0.988
8	CC(NS(=O)(=O)c1cccnc1)c1cccc(Cl)c1	1.0	1	0.941	0.963
8	O=C(NCc1ccccc1)c1ccccc1Cc1ccc(Cl)cc1	1.0	1	0.927	0.992
8	CC(=O)Nc1nc(Cc2nnc(S)n2N)cs1	1.0	1	0.901	0.906
8	COc1cccc(C(=O)Nc2cccc(Cl)c2)c1	1.0	0	0.842	0.995
8	Cc1cc(NC(=O)c2ccc(Cl)cc2)ccc1OCc1ccc(Cl)cc1	1.0	0	0.755	0.991
8	Fc1ccc(Oc2nc(Cl)nc3cccnc23)cc1	1.0	1	0.98	0.975
8	Brc1ccc(OCCCn2ccnc2)cc1	1.0	1	1.025	0.985
8	O=C(Nc1ccc(Cl)cc1)c1ccc2cccnc2c1	1.0	0	0.786	0.992
8	COc1nc(O)nc(O)c1NS(=O)(=O)c1ccc(Cl)cc1	1.0	0	0.881	0.947
8	NC(=S)Oc1ccc2ccccc2c1	1.0	0	0.882	0.983
8	O=S(=O)(Nc1cccc(Cl)c1)c1ccc(Cl)cc1F	1.0	1	1.016	0.988
8	COc1ccccc1CCn1c(=O)c(CCCO)nc2ccccc21	1.0	0	0.788	0.978
8	COC(=O)c1noc(C)c1C(=O)OCC(=O)c1cccc(OC)c1O	1.0	0	0.828	0.964
8	COc1ccc(NC(=O)c2cnn(-c3ccccc3)c2C)cc1	1.0	0	0.778	0.99
8	Cc1c(NS(C)(=O)=O)cccc1C(=O)Oc1cccc(N2C(=O)c3ccccc3C2=O)c1	1.0	0	0.0	0.972
8	O=S(=O)(c1ccc(Br)cc1)c1ccc(Cl)cc1SSc1ccccn1	1.0	0	0.893	0.95
8	O=C(O)c1nc2ccccc2c(=O)o1	1.0	0	0.767	0.978
8	Cc1ccccc1NC(=S)Nc1ccc(Cl)cc1C	1.0	1	0.964	0.991
8	O=S(=O)(NCCS(=O)(=O)c1ccc(Cl)cc1)c1ccc(Cl)cc1	1.0	1	0.969	0.985
8	CNC(=O)Nc1ccc(S(=O)(=O)NCCc2ccccc2)cc1	1.0	0	0.774	0.989
8	O=C(O)c1cccc(Oc2cccc(Cl)c2)n1	1.0	1	1.041	0.985
8	Nc1nc(Cl)nc2c1ncn2-c1cccc(Cl)c1O	1.0	0	0.897	0.933
8	CC(=O)c1cccc(NC(=O)COc2ccccc2)c1	1.0	0	0.811	0.994
8	N#Cc1ccc(Nc2cccc(Cl)c2)c2cccnc12	1.0	1	1.049	0.979
8	CCCC(=O)N(c1ccccc1F)c1nnnn1-c1cccc(OC)c1	1.0	1	0.909	0.955
8	C=CCN1CCN(c2cccc(Cl)c2Cl)S1=O	1.0	1	0.929	0.549
8	Nc1nc(O)c2ncn(C(F)CCBr)c2n1	1.0	0	0.883	0.572
8	CN1CCCC1CNC(=O)c1ccc(Cl)c(Cl)c1	1.0	1	1.118	0.963
8	O=S(=O)(c1ccc(Cl)cc1)c1ccc(Cl)c(Cl)c1	1.0	1	0.994	0.99
8	CC(=O)N1c2ccc(Br)cc2CCc2ccccc21	1.0	1	1.029	0.979
8	COc1ccc(S(=O)(=O)Nc2ccc(Cl)cc2-c2ccccc2)cc1	1.0	0	0.861	0.989
8	O=S(=O)(NCCCCN1CCC(O)(c2ccc(Cl)cc2)CC1)c1ccc(Cl)cc1Cl	1.0	0	0.674	0.963
8	CCOC(=O)Oc1ccc(C(=O)c2ccc(OC(C)=O)cc2)cc1	1.0	0	0.793	0.985
8	CN(c1ccc(Cl)cn1)S(=O)(=O)c1cc(Cl)cc(Cl)c1	1.0	1	0.954	0.967
8	O=C(c1ccc(Cl)cc1)c1c(O)c(O)n(C)c1Br	1.0	1	1.126	0.946
8	CC(C)C(NS(=O)(=O)c1ccc(Cl)cc1)CN1CCN(Cc2ccccc2)CC1	1.0	0	0.755	0.952
8	O=S(=O)(c1ccccc1Cl)c1ccc(F)cc1F	1.0	1	1.041	0.985
8	CCOc1ccc(C(=O)Nc2ccccc2C)cc1	1.0	0	0.761	0.995
8	O=S(=O)(Nc1ccncc1Oc1ccccc1)c1cc(C(F)(F)F)ccc1Cl	1.0	1	0.996	0.971
8	O=C(NCc1ccc(S(=O)(=O)c2ccccc2)cc1)c1cncc(F)c1	1.0	0	0.733	0.983
9	O=S(=O)(N(CCO)c1ccccc1)c1cccc(F)c1	1.0	1	1.016	0.985
9	c1ccc(COc2ccccc2C=Nn2c(S)nnc2-c2ccccc2)cc1	1.0	0	0.775	0.973
9	O=S(=O)(Nc1cc(Cl)cc(Cl)c1)c1cccs1	1.0	1	0.91	0.98
9	O=S(=O)(Nc1ccc(Cl)cc1)c1ccccc1	1.0	1	1.071	0.994
9	O=S(=O)(NNC(=O)c1cc([N+]([O-])[O-])ccc1Cl)c1cc(Cl)c(Cl)cc1Cl	1.0	0	0.715	0.936
9	O=S(=O)(Nc1ccc(F)c(Cl)c1)c1ccc(Cl)c(Cl)c1	1.0	0	0.881	0.988
9	Nc1ccc(S(=O)(=O)NCCc2ccccc2)cc1	1.0	0	0.875	0.991
9	Cc1ccc(Sc2ccc(Cl)cc2N2C(=O)CC2Cl)c(C)c1	1.0	1	0.914	0.855
9	COc1ccc(S(=O)(=O)Nc2ccc(Cl)cc2)cc1Cl	1.0	0	0.875	0.991
9	CC(O)(C(=O)N1CCC(c2ccccc2)CC1)C(F)(F)F	1.0	0	0.789	0.932
9	O=S(=O)(NCCCN1CCCC1)c1ccc(Cl)cc1Cl	1.0	0	0.89	0.983
9	COc1ccc(S(=O)(=O)NC(=O)NCC(C)C)cc1Cl	1.0	0	0.877	0.982
9	O=C(Nc1ccc(C(=O)Nc2ccc(Cl)cc2Cl)cc1)Nc1ccccc1	1.0	0	0.651	0.991
9	COc1cccc(CC(=O)Nc2cccc(Cl)c2)c1	1.0	0	0.896	0.993
9	Clc1ccc(Nc2c3ccccc3nc3ccccc23)cc1	1.0	1	0.976	0.99
9	Cc1ccc(S(=O)(=O)Nc2ccc(C)c(C(=O)Nc3ccc(Cl)cc3)c2)cc1	1.0	0	0.85	0.988
9	COc1ccc(CCNC(=O)c2cc(C)ccc2C)cc1	1.0	0	0.82	0.992
9	O=C1c2ccccc2C(=O)c2c1cccc2-c1ccccc1	1.0	0	0.839	0.989
9	Clc1ccc(Sc2ccccc2)cc1	1.0	0	0.896	0.993
9	CC(=O)c1ccc(Cl)c(Oc2ccc(Cl)c(Cl)c2)c1Cl	1.0	1	1.047	0.976
9	CN(C)c1ccc(CN(Cc2ccccc2)S(=O)(=O)c2ccccc2)cc1	1.0	1	1.002	0.987
9	O=C(O)C1=CSCCc2ccccc21	1.0	0	0.763	0.938
9	O=S(=O)(NCCCN1CCCCCC1)c1ccc(Cl)cc1	1.0	1	0.929	0.988
9	C=CCNc1nc(NSc2ccc(Cl)cc2)nc(Nc2ccc(Cl)cc2)n1	1.0	0	0.745	0.934
9	CC(=O)c1cc(Cl)ccc1Oc1ncnc2c1cc(Br)cc2[N+](=O)[O-]	1.0	1	1.029	0.953
9	CCOC(=O)c1ccccc1	1.0	0	0.652	0.997
9	Cc1nn(C(C)c2ccccc2)c2ncccc12	1.0	1	0.916	0.952
9	O=S1(=O)NC(Cc2ccccc2)(c2ccccc2)c2ccccc21	1.0	1	0.913	0.909
9	CC(C)(O)c1ccc(N2CCN(S(=O)(=O)c3cccc(Cl)c3)CC2)cc1	1.0	0	0.712	0.98
9	CC(=O)c1ccc(OC(=O)c2ccc(Cl)c(Cl)c2)cc1	1.0	1	0.91	0.991
9	Nc1cc(Cl)ccc1Sc1ccc(Cl)cc1	1.0	1	0.929	0.985
9	CN(C)c1ccc(C(=C(C)c2ccccc2)c2ccccc2)cc1	1.0	1	1.014	0.985
9	Cc1ccc(NS(=O)(=O)c2ccc(Cl)cc2)cc1C	1.0	1	0.978	0.992
9	C=CC(=O)Nc1ccc(C(=O)c2ccc(OC)cc2)cc1	1.0	0	0.818	0.99
9	COc1cc(S(=O)(=O)c2ccccc2)cc2ncccc12	1.0	1	0.9	0.985
9	O=C(O)c1ccc(Sc2ccc(F)cc2)cc1S	1.0	1	0.974	0.968
9	Cn1c(SCC(=O)Nc2ccc(Cl)cc2)nnc1-c1ccccc1	1.0	0	0.851	0.988
9	COc1ccccc1C(=O)c1ccccc1	1.0	0	0.847	0.995
9	CC(=O)N1c2ccc(S(=O)(=O)NCC3CCCCC3)cc2C1=O	1.0	0	0.84	0.966
9	NC(=O)c1cc([N+](=O)[O-])cnc1N	1.0	0	0.666	0.968
9	O=S(=O)(Nc1ccc(F)c(Cl)c1)c1ccc(Br)cc1	1.0	1	0.934	0.989
9	O=C(O)c1cc(O)nn1Cc1ccccc1	1.0	1	0.917	0.971
9	O=C(NC1CCCC1)c1ccc2ccccc2c1	1.0	0	0.797	0.992
9	COc1ccc(C(=O)Nc2ccc(Br)c(C(=O)c3ccccc3)c2)cc1	1.0	0	0.731	0.99
9	c1ccc(Oc2cccc(-c3ccccc3)c2)cc1	1.0	0	0.856	0.995
9	CCC(=O)N1CCC(c2cc(C)n(C)n2)CC1	1.0	1	0.956	0.961
9	O=C(O)c1ccccc1Oc1cc(Cl)ccc1NS(=O)(=O)c1ccc(Cl)cc1	1.0	1	0.91	0.983
9	O=C(NC(Cc1ccccc1)c1ccccc1)c1ccc(Cl)cc1	1.0	1	0.914	0.982
9	Cc1ccc(S(=O)(=O)CC(=O)Nc2ccccc2Br)cc1	1.0	1	1.02	0.987
9	Cc1ccc(S(=O)(=O)NC(=O)Nc2ccc(F)cc2)cc1	1.0	0	0.852	0.991
9	COc1ccccc1N1C(=O)CC(N(C)C)c2ccccc21	1.0	0	0.834	0.944
9	O=C(O)c1ccc(S(=O)(=O)c2ccc(Cl)cc2)cc1	1.0	1	0.967	0.992
9	NC(=O)c1ccccc1NS(=O)(=O)c1cccc2ccccc12	1.0	0	0.794	0.988
9	CCCOC(=O)c1ccc(O)c(NS(=O)(=O)c2cccc(Cl)c2)c1	1.0	1	0.92	0.982
9	Cn1ccnc1P(=O)(CCCc1ccccc1)Oc1ccccc1	1.0	0	0.877	0.876
9	CCC(C)c1ccc(C(=O)O)c(C(=O)c2ccc(Cl)cc2)c1	1.0	1	1.078	0.964
9	O=S(=O)(NCCO)c1cccc(Cl)c1O	1.0	0	0.866	0.97
9	O=S(=O)(Nc1ccc(Cl)cc1)c1ccccc1F	1.0	1	1.013	0.992
9	O=C(NC1CCOC1=O)c1ccccc1F	1.0	0	0.81	0.96
9	Cc1ccc(C(=O)N(C)c2ccc(Cl)cc2)cc1	1.0	1	1.011	0.992
9	COc1cccc(Sc2cccc(C(=O)N3CCCCC3)c2)c1	1.0	0	0.821	0.984
9	COC(=O)c1cc(OC)c(OC)cc1Cl	1.0	0	0.763	0.991
9	Cc1ccc(CNCC2C(c3ccc(Cl)cc3)C(=O)OC2C)cc1	1.0	0	0.896	0.825
9	Cc1ccc(S(=O)(=O)NCCCc2ccccc2)cc1	1.0	1	0.91	0.992
9	COc1cc(C(=O)N2CCCCCCC2)ccc1O	1.0	0	0.851	0.99
9	CC(COc1ccc(F)cc1)OC(=O)C1COCCC1	1.0	0	0.875	0.902
9	O=S(=O)(Nc1ccccc1Oc1ccccc1)c1ccc(Cl)c(Cl)c1	1.0	1	0.991	0.988
9	O=C(O)c1cccc(C2CCCC2)c1	1.0	0	0.878	0.99
9	CCN1CCN(c2ccc(S(=O)(=O)N3CCCC3)cc2Cl)CC1	1.0	0	0.763	0.982
9	COc1ccc(NC(=O)Cc2ccc(Cl)cc2)cc1	1.0	1	0.96	0.995
9	COc1cc(OC)cc(Oc2ccc(Cl)cc2Cl)c1	1.0	1	1.063	0.989
9	O=S(=O)(Nc1ccccc1Br)c1ccc(O)c(Cl)c1	1.0	0	0.827	0.985
9	O=C(O)c1ccccc1OCc1cccc(Cl)c1	1.0	1	1.036	0.993
9	CCOc1ccc(C(=O)c2ccccc2F)c(Oc2ccccc2)c1S(=O)(=O)c1ccccc1	1.0	0	0.0	0.967
9	O=C(NCc1ccc(C(F)(F)F)cc1)c1ccc(Cl)cc1Cl	1.0	0	0.851	0.989
9	CCCCNc1ncc(C(=O)NC(C)C)cn1	1.0	0	0.783	0.979
9	O=S(=O)(NCCO)c1cccc(Oc2cccc(Cl)c2)n1	1.0	0	0.878	0.967
9	C=CC(O)(c1ccc(Cl)cc1)c1cc(Br)ccc1Cl	1.0	1	0.966	0.893
9	CC1CN(c2ccc(F)cc2NC(=O)c2cccc(F)c2)CC(C)O1	1.0	0	0.81	0.922
9	CC(=O)CCCc1ccc(Oc2ccc(Cl)cc2Cl)c(O)c1	1.0	1	0.913	0.98
9	CCOc1ccc(S(=O)(=O)Nc2ccc(Cl)cc2)cc1	1.0	1	0.947	0.993
9	O=C(O)C1=Cc2cc(Cl)ccc2OC1CCCc1ccccc1	1.0	0	0.858	0.918
9	NS(=O)(=O)c1ccc(S(=O)(=O)c2cccc(SC(F)(F)F)c2)cc1	1.0	0	0.866	0.967
9	O=C(NS(=O)(=O)c1cccc(C(F)(F)F)c1)c1ccccc1O	1.0	0	0.869	0.982
9	O=S(=O)(NCCCN1CCCCCC1)c1ccc(Cl)cc1	1.0	1	0.929	0.988
9	O=S(=O)(Nc1ccccc1I)c1ccc(F)cc1	1.0	0	0.89	0.988
9	O=C(COc1ccc(Cl)cc1)NNc1ccc(Cl)c(Cl)c1	1.0	1	1.027	0.987
9	CC(C)(C)c1ccc(S(=O)(=O)Nc2ccc(Cl)cc2C(=O)c2ccccc2)cc1	1.0	0	0.807	0.984
9	CS(=O)(=O)c1ccc(S(=O)(=O)N(CCCO)c2ccc(F)c(Cl)c2)cc1	1.0	1	0.909	0.972
9	O=S(=O)(Nc1ccc(Cl)cc1)c1ccc(Cl)cc1F	1.0	1	0.97	0.989
9	Cc1cc(S(=O)(=O)Cc2ccccc2)ccc1O	1.0	0	0.799	0.988
9	COc1cc(Cl)ccc1CN1C(=O)c2ccc(C(=O)O)cc2C1=O	1.0	1	1.009	0.982
9	Cc1ccc(S(=O)(=O)NOCC(=O)Nc2cccc(Cl)c2)cc1	1.0	0	0.823	0.982
9	Cc1ccc(S(=O)(=O)Nc2ccc(Cl)cn2)cc1Cl	1.0	1	0.945	0.984
9	Cc1ccc(S(=O)(=O)Nc2ccc(F)cc2F)cc1	1.0	0	0.892	0.991
9	O=C(Nc1cc(Cl)cc(Cl)c1)Nc1cccnc1N1CCCCC1	1.0	1	0.919	0.979
9	COc1ccc(NC(=O)c2ccc(Cl)c([N+](=O)[O-])c2)cc1	1.0	0	0.744	0.991
9	c1ccc(Oc2nccs2)nc1N1CCOCC1	1.0	1	0.91	0.948
9	COc1ccc(C(=O)Nc2cccc(OC)c2)cc1	1.0	0	0.825	0.995
9	O=C(NCc1cccnc1)c1cccnc1Oc1ccc(Cl)cc1	1.0	1	0.928	0.985
9	COc1cc(C(=O)NC(=S)Nc2cc(Cl)ccc2Oc2ccc(Cl)cc2)ccc1O	1.0	0	0.729	0.979
9	O=C(c1ccccn1)c1ccc(Cl)c(Cl)c1	1.0	1	0.923	0.988
9	O=C(OCCO)c1ccccc1O	1.0	0	0.788	0.989
9	O=C(NCCc1ccc(Cl)c(Cl)c1)c1ccccc1O	1.0	1	0.939	0.99
9	O=C(c1cnn2ccccc12)c1ccc(F)cc1	1.0	0	0.874	0.982
9	CCC(C)(C)C(=O)NC(=O)c1ccc(Br)cc1	1.0	1	1.019	0.981
9	CCCCOc1ccc(Br)cc1C(=O)C[N+](=O)[O-]	1.0	0	0.893	0.968
9	CCN(C(=O)Cc1cccc(Cl)c1)C1CCNCC1	1.0	1	0.992	0.976
9	CCOc1ccc(S(=O)(=O)Nc2ccc(C)cc2)cc1	1.0	1	0.9	0.993
9	CCn1c(SCc2ccc(Cl)c(Cl)c2)nnc1-c1cccnc1	1.0	1	0.946	0.977
9	COc1cc(C)nc(SCc2ccccc2Cl)n1	1.0	0	0.898	0.98
9	O=S(=O)(Nc1ccc(F)c(Cl)c1)c1ccc(Cl)cc1F	1.0	1	0.963	0.985
9	O=C(NCc1ccc(F)cc1)c1cc(O)cc(Oc2ccccc2)c1	1.0	0	0.791	0.988
9	Cc1ccc(C(=O)NC(=S)Nc2ccc(Cl)c(Cl)c2)cc1	1.0	1	0.927	0.99
9	CC(=O)NC(=O)C(C)CC(=O)Nc1ccc(C)c(Br)c1	1.0	1	0.945	0.928
9	CCCCC(=O)NC(=O)Nc1ccccc1C	1.0	0	0.82	0.991
9	Clc1cncc(Nc2ccc(Br)cc2)c1	1.0	0	0.89	0.985
9	O=C(O)c1ccccc1NS(=O)(=O)c1cccc(Cl)c1Cl	1.0	1	1.019	0.986
9	COc1ncc(C(=O)c2cccc(CN)c2)cn1	1.0	1	0.901	0.974
9	O=C(O)c1cccc(S(=O)(=O)NCc2ccccc2)c1	1.0	0	0.826	0.992
9	Fc1ccc(CCOCCc2cccc(C(F)(F)F)c2)cc1	1.0	0	0.838	0.986
9	COC(=O)c1ccc(C(=O)Nc2ccc(Cl)cc2)cc1	1.0	0	0.813	0.995
9	CC1(c2ccc(F)c(Cl)c2)NCc2ccccc2C12CCNCC2	1.0	1	0.959	0.559
9	Cn1nc(C(=O)Nc2ccc(Cl)c(Cl)c2)c2ccccc2c1=O	1.0	1	0.939	0.985
9	Nc1cnccc1O	1.0	0	0.458	0.949
9	COc1nc(NS(=O)(=O)c2ccccc2)cc2ncnn12	1.0	1	0.952	0.952
9	COc1cc(NS(=O)(=O)c2ccc(Br)cc2)ccc1F	1.0	1	0.908	0.989
9	Cc1ccccc1Cn1c(CO)nc2ccccc21	1.0	1	0.945	0.987
9	Nc1cc(O)nc(SCc2ccc(Cl)c(Cl)c2)n1	1.0	1	1.066	0.961
9	O=C(O)c1cccc(S(=O)(=O)NCc2ccc(Cl)c(Cl)c2)c1	1.0	1	0.944	0.987
9	Cc1ccc(SCC(=O)Nc2ccc(F)c(F)c2)cc1C	1.0	1	0.904	0.987
9	COc1ccccc1Sc1nc(C)cc(=O)n1Cc1ccccc1	1.0	0	0.824	0.979
9	O=S(=O)(c1ccccc1)c1ccc[nH]1	1.0	0	0.76	0.966
9	O=S(=O)(Nc1ccc(Cl)cc1)c1ccc(F)cc1	1.0	1	1.024	0.993
9	c1ccc(CN(CCCNc2ccccn2)S(=O)(=O)c2ccccc2)cc1	1.0	0	0.768	0.983
9	O=C(c1ccncc1)N1CCN(c2ccc(Cl)c(Cl)c2)CC1	1.0	1	0.921	0.986
9	Cc1cc(C(=O)c2cc(Cl)ccc2O)ccc1O	1.0	1	0.921	0.986
9	O=C(Nc1ccn(Cc2cccc(Cl)c2)n1)Nc1cccc(O)c1	1.0	0	0.764	0.979
9	Cc1cc(O)cc(C)c1NC(=O)c1ccc(C(=O)c2ccccc2)cc1	1.0	0	0.668	0.987
9	COc1ccc(C(=O)NC(=S)Nc2ccc(Cl)c(Cl)c2)cc1Cl	1.0	0	0.844	0.986
9	Cc1ccc(Cl)cc1NC(=O)NCCc1ccsc1	1.0	0	0.836	0.984
9	Cc1ccc(OCC(=O)Nc2ccc(OC)c(Cl)c2)cc1	1.0	0	0.819	0.993
9	COc1ccnc(NC(=O)c2ccc(Cl)c(Cl)c2)c1	1.0	1	0.94	0.988
9	Cc1cccc(N(C)S(=O)(=O)c2ccc(Cl)cc2)c1	1.0	1	1.037	0.989
9	CCn1ncc(C(=O)Nc2cc(C)cc(C)c2)c1C	1.0	1	0.918	0.982
9	O=C(Nc1cccc(Oc2cc(O)ncn2)c1)c1ccccn1	1.0	0	0.823	0.966
9	O=C(O)CCc1ccc(OCc2ccccc2)cc1	1.0	0	0.783	0.994
9	O=C(O)C1=C(C(=O)NCc2ccccc2)CCC1	1.0	1	0.922	0.98
9	Nc1c(Cl)cc(Cl)cc1NC(=O)c1cccnc1	1.0	0	0.846	0.981
9	CC(=O)Nc1nnc(Sc2ccccc2)s1	1.0	0	0.898	0.981
9	O=C(Cl)c1cccc(Oc2ccccc2)c1	1.0	1	0.922	0.991
9	COCc1cc(CCC(=O)O)ccc1N1C(=O)CCC1=O	1.0	0	0.804	0.969
9	CC(=O)c1ccc(OC(=O)c2ccc(Cl)c(Cl)c2)cc1	1.0	1	0.91	0.991
9	Cn1cnc(S(=O)(=O)NCc2ccc(Cl)c(Cl)c2)c1	1.0	1	1.037	0.968
9	Cc1ccc(S(=O)(=O)Nc2ccc(Cl)cc2)cc1	1.0	1	1.038	0.994
9	O=C(O)c1ccccc1C(=O)Nc1ccc(S(=O)(=O)Nc2ccccc2)cc1	1.0	0	0.734	0.989
9	Cc1ccc(S(=O)(=O)NCc2ccccc2)cc1	1.0	0	0.862	0.994
9	Cc1cccc(C2C(C(=O)c3ccccc3)=C(O)C(=O)N2CCCN(C)C)c1C	1.0	1	1.048	0.925
9	Cc1cccc(Nc2nccc(-c3cccc(NS(C)(=O)=O)c3)n2)c1	1.0	0	0.745	0.98
9	CCc1ccc(S(=O)(=O)NC(=O)c2cc(F)c(F)cc2Cl)cc1	1.0	0	0.892	0.982
9	COc1nccc(NS(=O)(=O)c2ccc(Cl)cc2)c1	1.0	1	0.955	0.985
9	O=C(CC(c1ccccc1)c1ccccc1)N1CCOCC1	1.0	0	0.898	0.988
9	O=C(SC(=S)Nc1ccccn1)c1ccccc1Cl	1.0	0	0.895	0.955
9	O=C(CCc1cccc(Cl)c1)NO	1.0	0	0.804	0.989
9	Cc1cc(F)c(S(=O)(=O)Nc2ccc(I)cc2)cc1B1OCCO1	1.0	0	0.0	0.882
9	COC(=O)c1cncc(OCc2ccccc2)c1	1.0	1	0.931	0.99
9	COc1ccc(Br)cc1S(=O)(=O)NC(=O)Nc1ccc(Cl)cc1	1.0	0	0.864	0.985
9	c1ccc(CCn2cccc2)cc1	1.0	0	0.811	0.988
9	O=S(=O)(c1ccc(F)cc1)n1nccc1C(O)c1ccccc1	1.0	1	1.03	0.928
9	O=C(NN=Cc1ccc(Cl)cc1)c1ccc(F)cc1F	1.0	0	0.72	0.987
9	CN(C)C(=O)CSc1ncnc2sccc12	1.0	0	0.817	0.959
9	Cc1ccc(C(=O)c2cc(Cl)ccc2O)cc1	1.0	1	0.914	0.992
9	CC(=O)OCC1(c2ccc(C)cc2)S(=O)(=O)CC1(C)C(=O)O	1.0	0	0.884	0.617
9	O=C(c1ccccc1)N(Cc1ccc(Cl)cc1)c1ccccc1	1.0	1	1.045	0.992
9	NC(=O)c1nnn(-c2ccc(Cl)cc2)c1N1CCCC1	1.0	1	1.123	0.965
9	Cc1ccccc1C(=O)Nc1ccc(C(=O)Nc2ccc(Cl)cc2C(=O)O)cc1	1.0	0	0.656	0.989
9	CCc1cccc(C(=O)c2sc(Nc3ccc(Cl)cc3)nc2N)c1	1.0	0	0.804	0.977
9	CC(=O)Nc1cccc(NC(=O)c2ccc(Cl)cc2)c1	1.0	0	0.743	0.994
9	CN(C)C(=O)c1ccc(NC(=O)Nc2cccc(Cl)c2)cc1	1.0	0	0.705	0.991
9	CCc1ccc(NS(=O)(=O)c2cccc(Cl)c2)cc1	1.0	1	0.909	0.992
9	COc1nc(C)c(-c2ccc(Cl)cc2)s1	1.0	1	0.955	0.973
9	O=C(NC(=O)c1ccc(F)cc1)c1ccc(Br)cc1	1.0	0	0.802	0.993
9	O=C(c1ccc(Cl)c(Cl)c1)N1CCN(Cc2ccccc2)CC1	1.0	1	0.967	0.991
9	Cc1c(N)ncn1	0.0	0	0.0	0.0
9	O=C(C1CCC(=O)N1Sc1ccc(Cl)cc1)c1ccc(F)cc1	1.0	1	1.052	0.884
9	CCc1cc(CNc2cccc(CC(=O)O)c2)ccc1C	1.0	0	0.85	0.986
9	COC(=O)CCC(=O)NC(=O)c1ccc(Cl)cc1	1.0	1	1.046	0.99
9	O=C(CC(=O)Nc1cccc(Cl)c1)c1ccc(Cl)c(Cl)c1	1.0	0	0.852	0.988
9	O=S(=O)(Nc1ccc(Cl)nc1)c1ccc(Cl)c(S(=O)(=O)N2CCCC2)c1	1.0	0	0.763	0.973
9	CC(=O)Nc1cccc(C(=O)Nc2ccncc2)c1Cl	1.0	0	0.878	0.985
9	CCC(C)(C)c1ncc(CO)c2sccc12	1.0	0	0.843	0.883
9	O=C(O)c1ccccc1Oc1ccccc1Cc1ccccc1	1.0	1	0.931	0.991
9	O=C(CCCNS(=O)(=O)c1cccnc1)c1ccccc1	1.0	0	0.771	0.986
9	O=C(CC1c2ccccc2CCN1S(=O)(=O)c1ccc(Cl)cn1)N1CCCCC1	1.0	1	0.984	0.9
9	CNCc1ccc(Cl)cc1Oc1ccc(Cl)cc1	1.0	1	1.03	0.988
9	Cc1cn(CCCCF)c2cccc(Br)c12	1.0	0	0.824	0.951
9	O=[N+]([O-])c1ccc(S(=O)(=O)NCc2cccnc2)cc1	1.0	1	0.935	0.986
9	O=C(O)Cc1ccc(NS(=O)(=O)c2ccc(Cl)cc2)cc1	1.0	1	0.91	0.991
9	O=C(O)CC(=O)Nc1ccc(Cl)cc1Sc1ccc(Br)cc1	1.0	1	1.004	0.977
9	CCc1ccc(S(=O)(=O)Nc2cc(Cl)ccc2Cl)cc1	1.0	0	0.84	0.99
10	O=C(O)c1ccccc1SSc1ccccc1[N+](=O)[O-]	1.0	1	0.901	0.971
10	O=C(O)CCc1ccc(OCc2ccccc2)cc1	1.0	0	0.783	0.994
10	O=C(NCCN1CCCCC1)c1cccc(O)c1O	1.0	0	0.837	0.985
10	CC(=O)Nc1ccc(Sc2ccccc2C(=O)O)cc1	1.0	0	0.866	0.988
10	O=C(O)c1ccc(NS(=O)(=O)c2ccc(Cl)cc2)cc1	1.0	0	0.892	0.992
10	O=C(O)c1ccccc1Oc1ccccc1CN1CCCCC1Cc1ccccc1	1.0	0	0.813	0.954
10	Cc1ccc(C(=O)NS(=O)(=O)c2ccc(Cl)cc2)cc1	1.0	1	0.929	0.992
10	O=C(c1cc(Cl)cc(Cl)c1)c1ccc(Cl)cc1O	1.0	1	1.077	0.983
10	COc1nn2cc(-c3cccc(F)c3)nc2s1	1.0	0	0.813	0.946
10	CCCCNC(=O)N(CC)CC1OCCCCC1	1.0	0	0.847	0.945
10	CCOc1ccc(F)c(O)c1	1.0	0	0.707	0.989
10	Cc1ccccc1S(=O)(=O)Cc1ccc(Cl)cc1	1.0	1	1.007	0.99
10	COc1ccc(CNC(=O)c2ccccc2F)cc1Cl	1.0	1	1.008	0.992
10	Cc1ccc(S(=O)(=O)c2ccc(Cl)cc2)cc1	1.0	1	0.911	0.993
10	CCCCCCOc1ccc(NS(=O)(=O)c2cccc(Cl)c2)cc1	1.0	0	0.75	0.989
10	c1ccc(Oc2ccc(Nc3ncccn3)cc2)cc1	1.0	0	0.837	0.99
10	O=C(O)c1ccccc1Oc1ccccc1Cc1ccc(Cl)cc1	1.0	1	1.043	0.989
10	c1ccc(Nc2ccc(N3CCCC3)cc2)cc1	1.0	0	0.771	0.993
10	C[n+]1c2c(ccc1O)c(-c1ccccc1)cn2CCc1ccccc1	1.0	0	0.707	0.943
10	Clc1cccc(Nc2nc(NCc3ccccc3)c3ccccc3n2)c1	1.0	0	0.773	0.986
10	COc1ccc(C(=O)N(CCc2ccccc2)Cc2ccccc2)cc1	1.0	1	0.941	0.991
10	O=C(O)c1ccc(CCCCCc2ccccc2)cc1	1.0	0	0.814	0.994
10	N#CCCn1nnc(-c2c[nH]cn2)n1	1.0	0	0.802	0.776
10	O=C(COC(=O)COc1ccccc1)NC(C(=O)c1ccccc1)c1ccccc1	1.0	0	0.725	0.962
10	c1ccc(Oc2ccc(O)c3c2Cc2ccccc2-3)cc1	1.0	0	0.9	0.981
10	COC(=O)Cc1nc(CSc2ccc(Cl)cc2)oc1C	1.0	1	0.952	0.967
10	O=C(c1ccc(F)cc1)c1ccc(F)c(Cl)c1O	1.0	1	0.993	0.982
10	Cc1ccc(NS(=O)(=O)c2cccc(Cl)c2)cc1	1.0	1	0.948	0.993
10	CCN(CC)C(=O)c1cccc(Cl)c1Cl	1.0	0	0.892	0.986
10	COc1ncccc1C(=O)Nc1cc(Cl)ccc1Oc1ccccc1	1.0	0	0.855	0.986
10	O=C(Nc1ccccc1F)c1ccc(C(=O)c2ccccc2)cc1	1.0	0	0.698	0.993
10	O=S(=O)(c1ccccc1)N1CCCC1	1.0	0	0.769	0.994
10	Cc1ccc(C(=O)Nc2ccc(Cl)c(C(F)(F)F)c2)cc1	1.0	0	0.865	0.991
10	Cc1cc(=O)n2nc(CCc3ccccc3)sc2n1	1.0	1	0.931	0.974
10	CCN1CCN(C(=O)c2ccc(Cl)c(Sc3ccccc3)c2)CC1	1.0	0	0.847	0.982
10	O=C(NCCNCc1ccccc1)c1ccccc1OCc1ccccc1	1.0	0	0.75	0.99
10	CCOC(=O)N1CCC(=NNC(=O)c2ccc(Cl)cc2)CC1	1.0	0	0.74	0.976
10	Cc1ccncc1C(=O)N1CCN(CCN2CCCCC2)CC1	1.0	0	0.779	0.98
10	Cc1nnc(Sc2ccc(C)cc2)s1	1.0	1	0.927	0.979
10	O=C(Cn1c(=O)n(Cc2ccc(Br)cc2)c2cccnc21)c1ccccc1	1.0	1	0.925	0.978
10	O=C(Cn1cccn1)c1ccc([N+](=O)[O-])cc1F	1.0	0	0.886	0.97
10	O=C(O)c1ccc(-c2ccc(F)cc2)cc1	1.0	0	0.823	0.995
10	COc1ncccc1C(=O)N(C)Cc1ccc(Cl)cc1	1.0	1	0.981	0.986
10	COc1ccccc1NS(=O)(=O)c1ccc(Br)cc1F	1.0	1	0.994	0.987
10	Oc1cc(CSc2ccccc2)nc(O)n1	1.0	1	0.934	0.955
10	O=c1ccccn1Cc1cccc(F)c1	1.0	0	0.898	0.989
10	COc1ccccc1S(=O)(=O)Nc1ccc(Cl)cc1N1CCCC1	1.0	0	0.89	0.983
10	COC(=O)c1ccccc1Cc1ccc(F)cc1C	1.0	1	1.122	0.988
10	Cc1cccc(-c2ccc(Cl)cc2C(=O)Nc2ccc(Cl)cn2)c1	1.0	0	0.896	0.984
10	Cc1nnc(-c2ccc(Cl)cc2)o1	1.0	0	0.81	0.988
10	CCCCc1c(O)noc1C1=CCCCC1	1.0	1	0.924	0.88
10	CCCCCC(CC)Oc1ccccc1NS(=O)(=O)c1cc(Cl)ccc1C	1.0	0	0.772	0.943
10	Cc1ccc(S(=O)(=O)Nc2ccccc2)cc1	1.0	1	0.96	0.995
10	O=S(=O)(Nc1ccc(Cl)cc1Cl)c1cc(Cl)ccc1Cl	1.0	1	0.956	0.987
10	COc1ccc(N(C)S(=O)(=O)c2ccccc2)cc1	1.0	1	0.938	0.992
10	COC(=O)c1ccccc1NC(=O)N(C)C	1.0	0	0.79	0.989
10	c1ccc(CCNc2cc(Cl)ccc2O)nn1	1.0	0	0.851	0.97
10	Cc1cc(Cl)ccc1NS(=O)(=O)c1ccc(Cl)cc1	1.0	1	0.953	0.991
10	Cc1ccc(S(=O)(=O)NCc2cccs2)cc1	1.0	0	0.874	0.988
10	Cc1ccc(S(=O)(=O)Nc2cccc(Cl)c2)cc1	1.0	1	0.936	0.993
10	COc1cc(C(=S)N2CCCCC2)ccc1O	1.0	0	0.726	0.981
10	CC(C)c1cc(Cl)ccc1Oc1nccn1	0.0	0	0.0	0.0
10	O=C(O)c1cccc(NC(=O)c2ccc(Cl)cc2)c1	1.0	0	0.791	0.994
10	O=C(Nc1ccc(F)cc1)c1ccc(C(F)(F)P(=O)(O)O)cc1	1.0	0	0.728	0.98
10	CC(C)(C)c1cc(NC(=O)c2ccccc2)c(C(F)(F)F)c(C(=O)O)n1	1.0	0	0.86	0.959
10	COC(=O)c1c(O)cc(O)c(Cl)c1Sc1ccc(Cl)cc1	1.0	1	0.997	0.952
10	CCc1ccc(S(=O)(=O)Nc2ccc(Cl)c3cccnc23)cc1	1.0	1	0.982	0.984
10	O=C(Nc1ccc(OCCCN2CCCCC2)c2ccccc12)c1ccc(Cl)cc1Cl	1.0	0	0.0	0.98
10	Fc1ccc(Nc2nccc(C3CNCCO3)c2Cl)cc1	1.0	1	0.927	0.885
10	COc1ccc(Cl)cc1C(=O)Nc1cc(Cl)c(Cl)cc1Cl	1.0	0	0.886	0.988
10	CN(C)c1ccc(S(=O)(=O)Nc2ccccc2Cl)cc1	1.0	0	0.9	0.99
10	O=S(=O)(Nn1cccn1)c1ccccc1Br	1.0	0	0.809	0.933
10	CCOc1ccc(S(=O)(=O)Nc2cccc(C)c2)cc1	1.0	0	0.869	0.992
10	O=C(Nc1ccc(F)cc1)c1ccc(NS(=O)(=O)c2cccc(Cl)c2)cc1	1.0	0	0.734	0.99
10	CCc1nnc(NC(=O)CSc2ccc(Cl)cc2Cl)s1	1.0	0	0.88	0.973
10	O=S(=O)(Nc1ccc(Br)cc1)c1ccc(Cl)c(Cl)c1	1.0	1	0.911	0.99
10	O=C(Nc1cc(Cl)cc(Cl)c1)c1ccccn1	1.0	0	0.804	0.988
10	O=S(=O)(NCc1ccc(Cl)cc1)c1ccccc1	1.0	1	0.914	0.993
10	Cc1ccc(S(=O)(=O)c2ccc(Cl)c(Cl)c2C)o1	1.0	1	0.944	0.946
10	O=C(O)c1cc(Br)ccc1O	1.0	0	0.689	0.99
10	Cc1ccc(Cl)cc1NC(=O)CC(=O)c1ccc(Cl)cc1	1.0	1	0.943	0.99
10	OCc1ccc(CNC(=S)c2ccc(Cl)cc2)cc1	1.0	0	0.868	0.986
10	Cc1ccc(NC(=S)c2cccc(Cl)c2)cc1	1.0	0	0.848	0.989
10	COc1ccc(S(=O)(=O)NCCc2ccccc2)cc1Cl	1.0	0	0.842	0.99
10	O=Nc1ccc(C(=O)c2ccccc2)cc12	0.0	0	0.0	0.0
10	Cc1ccc(S(=O)(=O)NC(=O)c2ccc(Cl)cc2)cc1	1.0	0	0.873	0.992
10	O=S(=O)(NCCCN1CCCCCC1)c1ccc(Cl)cc1N1CCCCCC1	1.0	0	0.72	0.973
10	O=C(O)c1cccc(Oc2cccc(Cl)c2)c1Cc1ccc2ccccc2c1	1.0	0	0.891	0.98
10	Cc1cc2ccnc(Oc3ccccc3OCC(F)(F)F)c2n1CCC(C)(F)F	1.0	0	0.811	0.91
10	O=C(c1ccc(Cl)c(Cl)c1)N1CCN(CCO)CC1	1.0	1	1.127	0.988
10	Fc1ccc(Nc2ncnc3[nH]ncc23)nc1	1.0	1	0.985	0.95
10	Cc1ccccc1Cc1ccc(F)cc1COc1ccc(CCCO)cc1	1.0	0	0.838	0.981
10	CN(Cc1ccccc1)c1ccc(S(=O)(=O)NCCO)cc1	1.0	0	0.785	0.985
10	Cc1nnc(SCc2ccc(Cl)c(Cl)c2)s1	1.0	1	1.04	0.979
10	COc1ccc(S(=O)(=O)Nc2ccccc2)cc1	1.0	1	0.912	0.995
10	O=C(NCc1ccccn1)C1CCCN1C(=O)Nc1ccccc1	1.0	0	0.825	0.966
10	O=S(=O)(NCCCN1CCCCCC1)c1ccc(Cl)cc1Cl	1.0	0	0.859	0.983
10	CC(C)(C)c1ccccc1Oc1ccccc1NN=Cc1ccc([N+](=O)[O-])cc1	1.0	0	0.746	0.972
10	Cc1ccc(NS(=O)(=O)c2ccc(Cl)c(Br)c2)cc1	1.0	1	0.906	0.988
10	CC(=O)C1=C(C)N(c2cccc(C)c2)C2=CCSC2C1C(=O)O	1.0	1	0.938	0.589
10	Cc1ccc(NS(=O)(=O)c2ccc(Cl)cc2)cc1	1.0	1	1.009	0.994
10	c1ccc(Cc2ccc(CCc3ccc(Cl)c(Cl)c3)o2)cc1	1.0	1	0.964	0.983
10	O=C(O)c1ccccc1Oc1ccccc1C(=O)Nc1ccccc1	1.0	0	0.81	0.991
10	CCOc1ccccc1NS(=O)(=O)c1cc(C)ccc1C	1.0	0	0.868	0.989
10	O=C(NCCc1ccc(Cl)cc1)c1cccnc1F	1.0	1	0.945	0.987
10	O=S(=O)(Nc1cccnc1Oc1ccccc1)c1ccccc1	1.0	0	0.887	0.988
10	O=C(Nc1ccccc1Cl)c1ccc(Cl)cc1NC(=O)c1cccc(Cl)c1Cl	1.0	0	0.783	0.985
10	CCc1ccc(S(=O)(=O)Nc2cccc(Cl)c2Cl)cc1	1.0	0	0.894	0.989
10	O=S(=O)(Nc1cc(Br)ccc1O)c1ccc(Cl)c(Cl)c1	1.0	0	0.895	0.983
10	O=C(O)c1ccccc1Cc1cc(Cl)cc(Cl)c1	1.0	1	1.085	0.988
10	O=C(O)c1ccccc1Oc1ccccc1Cc1ccc(Cl)cc1	1.0	1	1.043	0.989
10	c1ccc(CCNc2ccccn2)cc1	1.0	0	0.863	0.993
10	CCc1ccc(NC(=O)C(=O)c2cc(C)n(-c3ccc(Cl)cc3)n2)cc1	1.0	0	0.831	0.976
10	c1ccc(Nc2ccc(Oc3ncccc3)cc2)cc1	1.0	0	0.804	0.991
10	O=C(c1ccc(Cl)cc1)c1ccc(F)c(F)c1F	1.0	1	1.068	0.987
10	O=C(c1ccc(Oc2ccc(Cl)cc2)cc1)N1CCOCC1	1.0	1	0.916	0.991
10	CCN(CC(=O)Nc1ccc(F)cc1)S(=O)(=O)c1cccc(Cl)c1Cl	1.0	0	0.816	0.981
10	COC(=O)c1ccc(Sc2ccc(Cl)cc2N2C(=O)c3onc(C)c3C2=O)cn1	1.0	1	0.941	0.898
10	COc1ccc(C(=O)NCc2ccccc2)cc1C	1.0	0	0.885	0.994
10	COc1cc(Oc2cccc(C(=O)O)c2)c(Cl)cc1Cl	1.0	1	1.048	0.987
10	COc1ccc(S(=O)(=O)Nc2ccc(Br)cc2)cc1C(C)C	1.0	0	0.882	0.986
10	COc1ccc(S(=O)(=O)N2CCCCC2)cc1Cl	1.0	0	0.842	0.989
10	O=S(=O)(Nc1ccc(Br)cc1)c1ccc(Cl)cc1F	1.0	1	0.971	0.988
10	COc1ccc(Cn2ccc3ccc(C(=O)O)cc32)cc1Cl	1.0	1	0.966	0.983
10	CCOc1ccc(NC(=O)c2cc(F)cc(Cl)c2OC)cc1	1.0	0	0.75	0.988
10	CC(=O)NCc1ccccc1Cc1ccc(Cl)cc1O	1.0	1	1.02	0.982
10	Cc1ccc(OS(=O)(=O)c2cccc(F)c2)cc1	1.0	1	0.946	0.989
10	COc1ccc(S(=O)(=O)NC(=O)NCc2ccccc2)cc1	1.0	0	0.855	0.991
10	NS(=O)(=O)c1ccccc1NS(=O)(=O)c1ccc(Cl)cc1F	1.0	1	0.989	0.98
10	O=S(=O)(NCCCN1CCCCC1)c1cc(Cl)c(Cl)cc1Cl	1.0	0	0.868	0.978
10	Cc1ccc(CSCC(=O)NC(=O)c2cccn2C)cc1	1.0	0	0.8	0.976
10	O=C(O)CCc1nc(O)c2ccccc2n1	1.0	0	0.805	0.978
10	O=C(COC(=O)c1cc(Cl)ccc1NC(=O)c1ccccc1)c1ccc(Cl)c(Cl)c1	1.0	0	0.801	0.985
10	CC(=O)c1cccc(NC(=O)Cc2ccccc2)c1	1.0	0	0.825	0.994
10	Cc1ccc(Cl)c(NS(=O)(=O)c2ccc(Br)cc2)c1	1.0	1	0.946	0.99
10	CC(=O)Nc1ccc(SCC(=O)O)c(C)c1	1.0	0	0.801	0.985
10	COC(=O)c1ccccc1Oc1nccnc1C1C=CCCC1	1.0	1	0.907	0.868
10	O=C(Nc1ccccc1Oc1ccccc1)c1cc(Cl)ccc1Cl	1.0	0	0.844	0.991
10	O=C(O)c1cccc(Oc2ccc(Cl)cc2Cl)c1O	1.0	1	1.165	0.985
10	CCC(=O)Nc1ncc(Cc2cccc(OC)c2)s1	1.0	0	0.881	0.982
10	COc1ccccc1Cc1cccc(OC)c1OC(C)=O	1.0	1	0.905	0.985
10	CC(=O)Oc1ccc(C(=O)c2ccc(Cl)cc2Cl)cc1	1.0	1	0.907	0.989
10	Cc1ccc(S(=O)(=O)NC(=O)Nc2ccccc2)cc1	1.0	0	0.875	0.992
10	N#Cc1ccccc1Cc1ccc(F)cc1O	1.0	1	1.005	0.98
10	COc1ccc(C(=O)c2cc(C)ccc2C)cc1	1.0	0	0.878	0.993
10	Cc1ccccc1CN1Cc2ccccc2C1=O	1.0	1	0.904	0.988
10	Cc1ccc(C(=O)NCCCn2ccnc2)c(Br)c1	1.0	0	0.881	0.979
10	CN(C)c1ccc2c(c1)C1CCCCC1C(c1ccccc1)N2	1.0	1	0.908	0.842
10	O=C(O)c1cccc(Oc2ccc(Cl)cc2Cl)n1	1.0	1	1.103	0.983
10	Cc1ccccc1COc1cccc(Oc2ccccc2)c1	1.0	0	0.822	0.992
10	O=C(OCCN1C(=O)c2ccccc2C1=O)c1ccc(Cl)c(Cl)c1	1.0	1	0.942	0.985
10	COc1ncc(C(C)=O)cc1NS(=O)(=O)c1cccc(Cl)c1Cl	1.0	1	0.957	0.969
10	CN(C)c1cccc(C(=O)NCCc2ccccc2)c1	1.0	0	0.877	0.992
10	Oc1ccccc1Cn1nnc2cc(Cl)cc(Cl)c21	1.0	0	0.892	0.965
10	CCc1ccc(S(=O)(=O)Nc2c(C)cccc2C)cc1	1.0	0	0.886	0.99
10	COc1ncnc(Cn2cc(Cl)c3ccc(Cl)cc32)c1	1.0	0	0.867	0.955
10	O=S(=O)(NCCc1ccccc1)c1ccc(Br)cc1	1.0	1	1.001	0.992
10	Cc1ccc(S(=O)(=O)NC(=O)Nc2ccc(Cl)cc2)cc1	1.0	1	0.912	0.991
10	O=S(=O)(NCCc1cccs1)c1ccc(F)cc1F	1.0	1	1.028	0.98
10	Cc1ccc(C(=O)CSc2nc(O)c3cccnc3n2C)cc1	0.0	0	0.0	0.0
10	Cc1ccc(Cl)cc1NC(=O)CCC(=O)c1ccccc1	1.0	1	0.92	0.992
10	Cc1ccc(S(=O)(=O)Nc2ncc(C)cc2Cl)s1	1.0	0	0.817	0.963
10	O=C(Nc1ccc(F)cc1)c1cccc(O)c1	1.0	0	0.784	0.994
10	O=C(NC(c1ccc(Cl)cc1)c1ccc(Cl)cc1)c1ccccc1Oc1ccccc1F	1.0	0	0.0	0.982
10	O=C(NCCO)c1cccc(Nc2ccccc2)c1Cl	1.0	0	0.856	0.987
10	O=C(CNc1ccc(Cl)cc1)NO	1.0	0	0.892	0.987
10	Cc1ccc(Sc2ccccc2)c(O)n1	1.0	1	0.927	0.969
10	Cc1cc(C)n(CCNC(=O)c2cccc(Cl)c2)n1	1.0	1	0.948	0.986
10	CC(=NC(C)C)C1C(=O)C(=O)c2ccccc2C1=O	1.0	0	0.882	0.85
10	O=C(COc1ccc(Cl)cc1Cl)NO	1.0	0	0.852	0.987
10	CCc1ccc(NS(=O)(=O)c2cccc(I)c2)cc1	1.0	1	0.903	0.987
10	CCCc1ccccc1NC(=O)c1ccc(Cl)c(Cl)c1	1.0	1	0.954	0.991
10	Cc1ccc(OCCc2cccc(Cl)c2Cl)n1C	1.0	0	0.853	0.952
10	Cc1cc(C)n(Cc2cccc(Cl)c2Cl)n1	1.0	1	0.925	0.981
10	O=C(c1ccc(Cl)cc1)c1ccc(F)cc1O	1.0	1	1.066	0.99
10	O=S(=O)(c1ccc(Cl)cc1)c1nc(Cl)ccn1	1.0	1	0.931	0.966
10	Cc1ccccc1S(=O)(=O)NCc1ccc(Cl)c(Cl)c1	1.0	1	1.015	0.989
10	CC(C)Oc1ccc(Nc2nc(Cl)nc(Cl)n2)cc1	1.0	0	0.892	0.978
10	COc1cccc(CNC(=O)CSc2ccccc2)c1	1.0	0	0.848	0.992
10	O=C(O)c1cc(NS(=O)(=O)c2ccccc2Cl)ccc1O	1.0	1	0.982	0.986
10	CC(C)(C)c1ccc(Cn2ccccc2=O)cc1	1.0	0	0.896	0.987
10	Cc1ccc(NS(=O)(=O)c2cccc(Cl)c2)cn1	1.0	1	0.937	0.987
10	CC(=O)c1cc(O)cc(OCc2ccc(Br)cc2)c1	1.0	1	1.001	0.985
10	CN(C)c1ccc(C(=O)Nc2ccc(F)c([N+](=O)[O-])c2)cc1[N+](=O)[O-]	1.0	0	0.764	0.976
10	c1ccc(Nc2ncnc3cnc(Br)cc23)cc1	1.0	1	0.927	0.974
10	CCOc1nc(C)cc(-c2cccc(Cl)c2)c1N	1.0	1	0.917	0.974
10	O=C(c1ccc(Br)cc1)c1cccc(OC(F)F)c1	1.0	1	0.988	0.987
10	Cc1ccc(C(=O)Cc2ccccc2)c(Cl)c1Cl	1.0	1	0.914	0.985
10	O=S(=O)(NCCCN1CCC1)c1ccc(Cl)c(Cl)c1	1.0	1	0.977	0.985
10	CC(=CCc1c(O)cc(Cl)cc1Oc1cccc(C(F)(F)F)c1)c1ccc(S(C)(=O)=O)cc1	1.0	0	0.0	0.937
10	Fc1ccc(NC(=S)NNC(=S)Nc2ccccc2)cc1	1.0	0	0.873	0.987
10	CSc1ccc(Cc2ccc(Cl)cc2C(=O)N=C(N)N)cc1	1.0	1	1.024	0.969
10	CC(C)(C(=O)c1ccc(Cl)cc1)C(=O)c1cccc(Br)c1S(=O)(=O)O	1.0	0	0.818	0.943
10	COc1ccc(NS(=O)(=O)c2ccc(Cl)cc2)cc1	1.0	1	0.973	0.994
10	O=C(O)c1ccccc1Cc1ccc(Cl)cc1COc1ccn(-c2ccc(Cl)c(Cl)c2)n1	1.0	0	0.0	0.954
10	Cc1ccc(S(=O)(=O)NCCCCCCCCCc2ccc(O)cc2)cc1B1O	0.0	0	0.0	0.0
10	Cc1ccc(Oc2ccc(Cl)cc2N)c(O)n1	1.0	1	1.05	0.963
10	Fc1ccc(Cn2c(Cl)nc3ccccc32)cc1N1CCCC1	1.0	0	0.853	0.977
10	N#CC(O)(C(=O)N1CC1C(=O)N1CCC1)c1ccc(Cl)c(Cl)c1	1.0	1	1.01	0.715
10	COc1nc(NS(=O)(=O)c2cccc(Cl)c2)ncc1Cl	1.0	1	0.965	0.972
11	COc1c(Br)cnn(Cc2ccc(Cl)cc2Cl)c1=O	1.0	1	1.052	0.967
11	CC(N)(Cc1ccccc1)Cc1ccccc1	1.0	0	0.803	0.988
11	CC(=O)Nc1ccc(S(=O)(=O)Nc2cccc(Sc3ccccc3)c2)cc1	1.0	0	0.729	0.985
11	CC(=O)CCc1ccc(Cl)cc1NC(=O)c1ccccc1	1.0	0	0.844	0.989
11	Oc1cc(Sc2ccccc2F)c2ccccc2n1	1.0	1	0.921	0.971
11	CC(C)CC(C(=O)O)c1ccccc1	1.0	1	0.922	0.976
11	Clc1ccc(Oc2ccccc2)cc1	1.0	1	0.921	0.996
11	CC(=O)Nc1ccc(Oc2cccc(O)c2)cc1	1.0	0	0.87	0.991
11	CCCNc1nncc(N2CCC(C(=O)NC3CCCCC3)CC2)n1	1.0	0	0.667	0.957
11	CC(=O)NC(=O)c1cccc(Oc2ncccc2C#N)c1N	1.0	0	0.866	0.959
11	CC(C)N1CCC(Cc2ccccc2)CC1	1.0	0	0.834	0.99
11	Brc1ccc(OCc2ccccc2Cl)cc1	1.0	1	0.983	0.994
11	CC(=O)c1cccc(NC(=O)NCCCl)c1Cl	1.0	1	0.905	0.975
11	O=S(=O)(NCCCl)c1ccccc1Cl	1.0	0	0.832	0.982
11	CC(C)(C)CCSc1ncnc2[nH]cc(-c3cccc(Cl)c3)c12	1.0	1	0.939	0.938
11	COC(=O)c1ccccc1NC(=O)c1cccc(Cl)c1Cl	1.0	1	0.914	0.99
11	CC(=Cc1ccc(Cl)cc1)Sc1ccccc1	1.0	0	0.887	0.976
11	O=C(O)c1ccccc1Nc1ccc(Cl)cc1	1.0	1	1.03	0.994
11	CCNC(=O)c1cnc(Oc2ccc(Cl)cc2)cc1	1.0	1	1.065	0.988
11	O=C(O)c1ccc(NS(=O)(=O)c2ccc3ccccc3c2)cc1	1.0	0	0.847	0.991
11	C=CCNC(=O)c1ccc(Cl)c(Cl)c1CN1C(=O)c2ccccc2C1=O	1.0	0	0.807	0.965
11	CC(C)=CCc1ccccc1O	1.0	0	0.761	0.981
11	O=S(=O)(c1ccc2ccccc2c1)N1CCCCC1	1.0	0	0.855	0.991
11	O=C(O)c1ccccc1NS(=O)(=O)c1ccc(Cl)cc1Cl	1.0	1	0.966	0.988
11	O=C(O)c1ccccc1Sc1ccc(Cl)cc1	1.0	1	1.091	0.99
11	O=C(Nc1cccc(F)c1)c1ccccc1Oc1ccc(Cl)cc1Cl	1.0	1	0.919	0.989
11	COc1nc(SC)nc2c1ccn2C	1.0	0	0.769	0.932
11	CCOC(=O)c1cnc(SCc2cc(C)ccc2C)nc1N	1.0	1	0.909	0.972
11	COc1ccccc1N1CCN(C(=O)c2ccc(Br)cc2)CC1	1.0	0	0.859	0.99
11	O=C(O)CCC(C(=O)O)Oc1ccc(Cl)c(Cl)c1	1.0	1	1.158	0.955
11	Cc1cc(Cl)ccc1NS(=O)(=O)c1ccc(Br)cc1Cl	1.0	1	0.987	0.984
11	Cc1ccccc1NS(=O)(=O)c1ccc(Cl)cc1	1.0	1	0.997	0.993
11	O=S(=O)(Nc1cc(Cl)cc(Cl)c1)c1cccc(Cl)c1	1.0	1	0.918	0.987
11	NCCC(=O)NCCc1ccc(Cl)cc1	1.0	1	0.918	0.991
11	Sc1nnc(C(F)(F)F)cn1Nc1ccc(Cl)cc1	0.0	0	0.0	0.0
11	Nc1nnc(SCc2cccc(F)c2)s1	1.0	0	0.891	0.977
11	Nc1ccc(Cl)cc1C(=O)c1ccc(Cl)cc1	1.0	1	0.988	0.991
11	CC(=O)c1cc(OCc2ccc(Cl)c(Cl)c2)c(C)n1C	1.0	1	1.022	0.96
11	Cc1cncc(C(=O)Nc2cccc(Cl)c2)c1	1.0	0	0.84	0.989
11	Clc1ccc(CCCOc2ccccc2)o1	1.0	0	0.884	0.984
11	O=C(CCc1ccncc1)c1ccccc1Oc1ccc(Cl)cc1	1.0	1	0.93	0.986
11	Cc1cccc(NC(=O)c2ccc(Cl)c(S(=O)(=O)N3CCCCC3)c2)n1	1.0	0	0.771	0.98
11	O=C(c1ccc(S(=O)(=O)Nc2ccc(F)cc2F)cc1)N1CCOCC1	1.0	0	0.817	0.984
11	CC(=O)NCc1ccccc1Oc1ccc(Br)cc1	1.0	1	1.011	0.99
11	O=C(O)c1ccc(F)cc1O	1.0	0	0.649	0.99
11	O=C(COc1cccc(Cl)c1)NO	1.0	0	0.865	0.988
11	COc1nn(C)cc1NS(=O)(=O)c1ccccc1NC(C)=O	1.0	0	0.868	0.964
11	Cc1ccc(Sc2ccc(Cl)cc2N2CCCCC2)c([N+](=O)[O-])c1	1.0	1	0.985	0.97
11	c1ccc(Oc2ncnc3[nH]cc(CCc4ccccc4)c23)cc1	1.0	1	0.912	0.976
11	O=S(=O)(NCCc1ccc(Cl)cc1)c1ccccc1	1.0	1	0.978	0.993
11	O=S(=O)(Nc1ccc(Cl)cc1)c1ccc(F)cc1	1.0	1	1.024	0.993
11	O=C(c1cc(Cl)ccc1Cl)c1ccc(Cl)c(Cl)c1	1.0	1	1.038	0.989
11	Cc1ccc(S(=O)(=O)c2ccc(Cl)c(F)c2)cc1	1.0	0	0.897	0.989
11	COc1ccc(CCNCCNc2ccc(Cl)c(Cl)c2)cc1	1.0	1	0.916	0.987
11	CC(C)(C)c1cc(O)c(O)cc1Cl	1.0	0	0.703	0.969
11	COc1nc(C)c(S(C)(=O)=O)cc1S(=O)(=O)c1ccccc1	1.0	1	0.902	0.96
11	Cc1nnc(SCC(=O)Nc2ccccc2Br)s1	1.0	1	0.911	0.981
11	Cc1ccc(C)c(S(=O)(=O)Nc2ccc(S(=O)(=O)NCCc3ccccc3)cc2)c1	1.0	0	0.66	0.983
11	Cc1ccccc1CN(C)CC(=O)Nc1ccc(Cl)cc1F	1.0	1	0.956	0.987
11	O=C(CC(=O)c1ccccc1)Nc1cccc(SC(F)(F)F)c1	1.0	0	0.818	0.98
11	COc1ccc(C(=O)N(CCc2ccccc2)Cc2ccc3c(c2)OCO3)cc1	1.0	0	0.86	0.984
11	CCc1ccccc1NC(=O)c1cc(-c2ccc(Cl)cc2)ccc1O	1.0	0	0.811	0.988
11	O=C(c1cccc(Cl)c1Cl)N1CCCC(n2cncn2)C1	1.0	1	1.088	0.918
11	O=C(O)Cc1ccc(Sc2ccccc2NS(=O)(=O)c2ccc(Cl)cc2)cc1	1.0	1	0.927	0.981
11	CCOC(=O)c1ccc(NS(=O)(=O)c2cc(Cl)ccc2OC)cc1	1.0	0	0.867	0.988
11	O=C(NCc1ccccc1F)c1ccccc1Oc1ccc(F)cc1	1.0	1	0.902	0.99
11	COc1ncccc1NS(=O)(=O)c1ccc(F)cc1	1.0	0	0.896	0.987
11	Cc1ccc(S(=O)(=O)NCCc2cccc(C(=N)N)c2)cc1	1.0	0	0.81	0.985
11	O=C(NCc1ccc(S(=O)(=O)c2ccccc2)cc1)N1CCCC1	1.0	0	0.714	0.987
11	O=C(COc1ccccc1Cl)NN=CCCc1ccccc1	1.0	0	0.76	0.983
11	COc1ccc(C2(c3ccc(Cl)cc3)NC(=O)NC2=O)cc1	1.0	1	0.941	0.935
11	COc1ccccc1NS(=O)(=O)c1ccccc1	1.0	1	0.945	0.994
11	COc1ncc(C)nc1NS(=O)(=O)c1ccc(Cl)cc1Cl	1.0	0	0.9	0.967
11	Cc1ccc(OCCSc2nc(C)ccc2C)cc1	1.0	1	0.904	0.981
11	Fc1ccc(C(c2ccc(Cl)cc2)N2CCC(Oc3cccc(Cl)c3)CC2)cc1	1.0	0	0.778	0.952
11	CCc1ccc(S(=O)(=O)NCc2cccc(O)c2)cc1	1.0	0	0.833	0.989
11	Cc1ccc(S(=O)(=O)Nc2ccccc2)cc1	1.0	1	0.96	0.995
11	Clc1ccc(Nc2ncccc2Cl)n1-c1ccc(Cl)cc1	1.0	1	0.968	0.953
11	Cc1ccc(Oc2ccc(Cl)cc2C)c(O)n1	1.0	1	1.046	0.971
11	COc1ccc(CCN(Cc2ccc(OC)cc2)c2ccccc2)cc1	1.0	1	0.904	0.989
11	O=C(O)c1ccc(C(=O)Nc2ccc(Cl)cc2Cl)cc1F	1.0	0	0.884	0.989
11	CCOc1ccccc1NC(=O)c1ccc(Cl)cc1Oc1ccccc1	1.0	0	0.776	0.989
11	CCOc1ccc(C(O)c2ccc(Cl)cc2)cc1	1.0	1	1.023	0.979
11	O=S(=O)(Nc1ccc(Br)cc1)c1ccc(Cl)c(Cl)c1	1.0	1	0.911	0.99
11	O=C1c2ccccc2NC(=O)c2ccccc21	1.0	0	0.82	0.99
11	CCOC(=O)c1ccc(NS(=O)(=O)c2cc(F)ccc2F)cc1	1.0	0	0.834	0.987
11	Cc1nc(NC(=O)c2cccc(C(F)(F)F)c2)nc2ccsc12	1.0	0	0.791	0.964
11	CCc1cc(O)nc(SCC(=O)NCc2ccc(Cl)cc2)n1	1.0	0	0.833	0.974
11	CCOC(=O)c1ccc(NS(=O)(=O)c2ccc(Cl)cc2)cc1	1.0	0	0.868	0.992
11	O=C(CCCNC(=O)c1ccccc1)c1ccccc1	1.0	0	0.752	0.994
11	O=C(NO)c1ccc(SCc2ccccc2)cc1	1.0	0	0.797	0.99
11	Oc1ccc2ccccc2c1Cc1ccc(Oc2ccccc2)cc1	1.0	0	0.783	0.988
11	N#Cc1ccccc1OCc1ccc(I)cc1	1.0	1	1.017	0.987
11	O=C(NC(=O)c1cccc(Cl)c1Cl)c1ccc(F)cc1	1.0	0	0.847	0.989
11	O=C(NCC(O)CO)c1cc(Cl)ccn1	1.0	1	0.91	0.944
11	Fc1cc(Br)cc(O)c1F	1.0	0	0.617	0.966
11	CCCc1nc(C(=O)c2ccc(Cl)cc2)c2nccnn12	1.0	1	1.005	0.953
11	Cc1ccc(NS(=O)(=O)c2ccccc2)c(F)c1	1.0	1	1.102	0.992
11	O=C(CNC(=O)c1ccc(Cl)cc1)c1cccc([N+](=O)[O-])c1	1.0	0	0.813	0.988
11	O=C(c1ccncc1)c1ccc(Cl)c(Cl)c1O	1.0	1	0.987	0.977
11	O=C(O)c1ccccc1Oc1ccccc1Cl	1.0	1	0.963	0.993
11	COc1ccc(S(=O)(=O)Nc2ccccc2C)cc1	1.0	1	0.91	0.993
11	COCCN1C(=O)NC(=O)C(=Cc2ccc(Cl)cc2)C1=O	1.0	1	0.942	0.975
11	O=C(O)c1cccc(Cc2ccccc2)c1O	1.0	1	1.048	0.991
11	COc1ccc(S(=O)(=O)Nc2ccccc2C)cc1Cl	1.0	0	0.82	0.991
11	COc1ccccc1C(=O)Nc1ccc(Cl)cc1N	1.0	1	0.919	0.991
11	O=C(c1cccnc1)C1c2ccccc2CCc2ccccc21	1.0	1	0.981	0.976
11	CC(=O)c1ccc(S(=O)(=O)NCCc2ccc(Cl)cc2)cc1	1.0	0	0.818	0.99
11	CC(C)NC(=O)CC(=O)c1ccc(Cl)cc1	1.0	1	0.909	0.989
11	CCOc1ccccc1Nc1ncc(Cl)ccc1[N+](=O)[O-]	0.0	0	0.0	0.0
11	COc1ccc(OCCCOc2ccccc2)c2ccccc12	1.0	0	0.83	0.991
11	CC(C)(C)c1ccc(S(=O)(=O)Nc2ccc(Cl)cc2)c(I)c1	1.0	1	0.905	0.976
11	Cc1ccc(S(=O)(=O)Nc2ccc(Cl)cc2N)cc1	1.0	1	1.011	0.989
11	COc1ccc(CC(=O)Nc2ccc(Cl)cc2N)cc1	1.0	1	0.976	0.991
11	COc1cc(NS(=O)(=O)c2ccc(N)cc2)ccc1Cl	1.0	1	0.975	0.988
11	O=C(CN1C(=O)COc2ccc(Cl)cc21)N1CCCC1	1.0	0	0.802	0.979
11	N#Cc1cccnc1Sc1ccccc1C(=O)c1ccccc1	1.0	0	0.864	0.978
11	O=C(NC(=O)c1ccc(F)cc1)c1ccccc1O	1.0	0	0.81	0.991
11	O=S(=O)(Nc1cccc(Oc2ccccc2)c1Cl)c1ccc(Cl)c(Cl)c1	1.0	0	0.847	0.982
11	CC(C)CC(=O)c1cn(Cc2ccccc2)c2ccc(Cl)cc12	1.0	1	0.913	0.982
11	COc1nnc(-c2ccc(Cl)c(Cl)c2)c2ccccc12	1.0	1	0.996	0.981
11	COc1ccc(CCNc2ccc(C)cc2)cn1	1.0	0	0.869	0.988
11	O=C(O)c1cccc(OCc2ccccc2)c1Oc1ccccc1Cl	1.0	1	0.917	0.987
11	O=C(NCc1ccco1)c1ccc(Cl)cc1Cl	1.0	1	0.959	0.989
11	Cc1ccccc1CNC(=O)CN1C(=O)c2ccccc2C1=O	1.0	0	0.793	0.988
11	O=C(O)CSC(=O)N1CCOCC1	1.0	0	0.757	0.949
11	Nc1ccc(SCCc2ccccc2)cc1	1.0	0	0.843	0.99
11	CCC(=O)Nc1ccc(NS(=O)(=O)c2ccc(Cl)cc2C)cc1	1.0	0	0.85	0.987
11	O=C(O)c1cccc(Oc2ccc(Cl)cc2)c1	1.0	1	1.141	0.994
11	NC(=O)C1CCCN(c2ncnc3[nH]cc(C4CCCC4)c23)C1	1.0	1	0.939	0.869
11	CCOc1ccccc1NS(=O)(=O)c1ccc(Br)cc1	1.0	1	0.944	0.991
11	CCCCCn1cc(C(=O)Nc2cccc(Cl)c2C)c2cccnc21	1.0	0	0.828	0.977
11	COc1ccc(S(=O)(=O)N(C)c2ccccc2)cc1Cl	1.0	0	0.876	0.989
11	CC(=O)NCc1ccc(Cl)cc1NS(=O)(=O)c1ccccc1	1.0	0	0.842	0.986
11	Cc1cc(F)ccc1NS(=O)(=O)c1ccc(Cl)cc1	1.0	1	0.957	0.991
11	Cc1ccc(S(=O)(=O)Nc2ccc(C(=O)c3ccc(Cl)cc3)cc2)cc1	1.0	0	0.79	0.99
11	Cc1cc(C(=O)c2ccc(Cl)cc2)ccc1O	1.0	1	0.974	0.991
11	O=S(=O)(c1ccc(Cl)cc1)c1ccc(Cl)cc1Cl	1.0	1	0.985	0.989
11	O=C(O)c1cccc(Oc2cncc3ccccc23)c1	1.0	1	0.986	0.986
11	COc1ccc(Oc2nc(Cl)nc(NS(=O)(=O)c3ccc(Cl)cc3)n2)cc1	1.0	0	0.836	0.976
11	Cc1ccc(C(=O)Cc2ccccc2F)cc1C	1.0	1	1.016	0.991
11	Cc1ccc(OC(=O)c2ccccc2)cc1	1.0	0	0.836	0.996
11	CCC(=O)Nc1ccc(Cl)c(C(=O)c2ccc(Cl)cc2Cl)c1	1.0	1	0.972	0.986
11	CS(=O)(=O)c1ccc(CC(=O)Nc2ccc(Cl)cc2Cl)cc1	1.0	0	0.805	0.989
11	O=S(=O)(c1cccnc1)c1ccccc1	1.0	0	0.842	0.99
11	O=C(c1ccc(Cl)cc1)c1ccc(F)cc1F	1.0	1	1.024	0.992
11	O=C(Nc1ncc(F)cc1)c1cccc(I)c1	1.0	0	0.82	0.984
11	CC(=O)C1=C(C)N(c2ccc(Cl)cc2)C2=CCCCCC2C1=O	1.0	1	1.233	0.82
11	NC(=S)Nn1cnnc1S	1.0	0	0.631	0.551
11	O=C(O)C(Cc1ccccc1)NC(=O)c1ccc(Cl)cc1	1.0	1	0.951	0.984
11	CCC(=O)Nc1cc(Cl)ccc1NC(=O)c1ccc(Cl)cc1	1.0	0	0.876	0.99
11	Cc1ccc(C(=O)NCc2ccc(Cl)cc2)cc1	1.0	1	0.981	0.995
11	Cc1cc(C)nc(Oc2ccc(Cl)cc2Cl)n1	1.0	1	0.924	0.98
11	COc1ccccc1N1CCN(C(=O)c2ccccc2)CC1	1.0	0	0.819	0.993
11	O=C(CCCOc1ccc(Cl)cc1)NNc1ccc(Cl)c(Cl)c1	1.0	0	0.772	0.985
11	Cc1ccc(S(=O)(=O)C2CC3CCC(C2)N3C(=O)c2ccc(Br)cc2)cc1	1.0	1	0.921	0.644
11	COc1ncc(C)cc1NS(=O)(=O)c1ccc(Cl)cc1F	1.0	1	0.941	0.974
11	Cc1ccc(Cl)cc1NS(=O)(=O)c1ccc(Cl)cc1	1.0	1	0.945	0.991
11	O=C(O)c1ccccc1NS(=O)(=O)c1ccc(Cl)cc1	1.0	1	0.967	0.992
11	O=C(c1ccc(F)cc1)c1cccc(F)c1Cn1ccnc1Cc1ccccc1F	1.0	0	0.86	0.966
11	COc1nn(C)c2ncnc(Sc3ccc(F)cc3)c12	1.0	1	1.068	0.955
11	O=S(=O)(c1cccc(O)c1O)c1cc(Cl)c(Cl)cc1Cl	1.0	1	0.998	0.965
11	N#Cc1ccc(S(=O)(=O)Nc2ccc(F)c(F)c2)cc1	1.0	0	0.891	0.987
11	O=C(O)c1ccccc1NS(=O)(=O)c1cccc(Cl)c1Cl	1.0	1	1.019	0.986
11	COc1ccc(N2CCN(Cc3ccccc3)CC2)cc1	1.0	0	0.834	0.994
11	Cn1nnc(C(=O)Nc2ccccc2)c1O	1.0	1	0.973	0.977
11	O=C(CNC(=O)c1ccccc1)c1ccccc1	1.0	0	0.867	0.994
11	Cc1ccc(C(=O)C(=O)c2ccc(Cl)cc2)cc1	1.0	1	0.964	0.992
11	CC(C)(C)c1ccc(O)c(Cc2cccc(F)c2)c1C(=O)O	1.0	1	0.949	0.966
11	COc1ccc(SCC(=O)Nc2ccc(Cl)cc2Cl)cc1F	1.0	0	0.875	0.986
11	O=S(=O)(NCCN1CCCCC1)c1ccc(Cl)cc1Cl	1.0	1	0.969	0.983
11	COc1cc(Cl)ccc1S(=O)(=O)NCC(O)c1ccc(Cl)cc1Cl	1.0	1	0.923	0.939
11	COc1ccc(NS(=O)(=O)c2cccc(Cl)c2)cc1	1.0	1	0.934	0.992
11	CC1CCCN1CCc1ccc(Cl)cc1	1.0	1	0.951	0.975
11	Cc1ccc(CSc2nc(N)nc(Nc3ccccc3)n2)cc1	1.0	1	0.918	0.982
11	O=C(O)c1ccccc1-c1ccccc1	1.0	0	0.826	0.996
11	Cc1nnc(SCc2cc(Cl)ccc2Cl)s1	1.0	0	0.883	0.974
11	CCc1cc(NC(=O)c2ccc(Cl)cc2)c2ccccc2n1	1.0	0	0.804	0.989
11	COCCOc1ccc(NC(=O)Cc2ccc(Cl)cc2)cc1	1.0	0	0.884	0.992
11	O=C(NCCc1ccccc1)c1ccc(Cl)cc1Cl	1.0	1	1.007	0.993
11	O=C(O)c1cccn1Cc1ccccc1	1.0	1	0.942	0.989
11	O=C(O)CCC(=O)Nc1cccc(OS(=O)(=O)c2ccc(Cl)cc2)c1	1.0	0	0.797	0.984
11	COc1ccc(CNC(=O)c2ccccn2)cc1	1.0	1	0.969	0.993
11	Cc1nn(C)cc1NS(=O)(=O)c1ccc(Cl)cc1	1.0	1	0.9	0.981
11	c1ccc(Oc2ncnc3[nH]cc(CCc4cccc(Cl)c4)c23)cc1	1.0	0	0.894	0.969
11	COc1ccc(CCNC(=O)c2ccc(Cl)cc2)cc1	1.0	1	0.937	0.994
11	CCCc1ccc(S(=O)(=O)NC(=O)N(C)C)cc1	1.0	0	0.816	0.982
11	CC(=O)Nc1ccc(OCc2ccc(Cl)cc2Cl)cc1	1.0	1	0.928	0.991
11	O=C(O)c1c(F)cccc1Oc1ccc(Cl)cc1	1.0	1	1.129	0.989
11	O=C(Nc1ccc(F)cc1)c1cc(O)ccc1O	1.0	0	0.777	0.991
11	Cc1ncnn1CC(=O)c1ccc(Cl)cc1Cl	1.0	1	0.977	0.964
11	Cc1ccc(S(=O)(=O)c2ccc(Cl)cc2)cc1	1.0	1	0.911	0.993
11	CCCNC(=O)CNC(=O)c1ccccc1Cl	1.0	0	0.825	0.992
11	O=C(O)c1nn(Cc2ccccc2)c2ccccc12	1.0	1	0.977	0.989
11	CCCCSc1nc(N)nc(C)c1Cl	1.0	0	0.832	0.94
11	Cc1ccc(NS(=O)(=O)c2ccc(C(=O)O)cc2)cc1	1.0	0	0.819	0.993
11	O=C(NCCCNS(=O)(=O)c1ccc(Cl)c(Cl)c1)c1ccc(Cl)c(F)c1	1.0	1	0.938	0.981
11	O=C(O)c1ccnc(Cc2cccc(F)c2)c1	1.0	1	0.959	0.985
11	CCCCCc1ncc(CNC(=O)Nc2ccc(Cl)cc2C)n1Nc1ccccc1	1.0	0	0.772	0.953
11	O=C(Nc1ccc(Cl)c(Cl)c1O)c1ccc(F)cc1	1.0	1	0.913	0.988
12	Fc1ccccc1Cc1ccc(Cl)c(Cl)c1	1.0	1	1.073	0.992
12	O=C(Nc1cccc(F)c1)c1ccccc1Cl	1.0	0	0.851	0.995
12	COC(=O)C1(c2ccccc2)CCCN1C(=O)c1ccccc1	1.0	1	0.91	0.931
12	O=C(Nc1ccc(NC(=O)c2ccccc2O)cc1)c1ccccc1	1.0	0	0.62	0.993
12	COc1cccc(NS(=O)(=O)c2cccc(Cl)c2C)c1	1.0	1	0.922	0.988
12	O=C(NCc1ccccc1)c1ccc(O)cc1	1.0	0	0.898	0.995
12	O=[N+]([O-])c1ccc(S(=O)(=O)NCCCO)cc1F	1.0	0	0.876	0.975
12	O=C(COc1ccccc1)Nc1ccc(Cl)cc1C(=O)c1ccccc1	1.0	0	0.828	0.99
12	Cc1ccc(C(=O)NCCO)cc1C#N	1.0	0	0.784	0.983
12	Cc1cc(Cl)ccc1NS(=O)(=O)c1cccc(Cl)c1Cl	1.0	1	0.983	0.985
12	CC(C)c1cccc(C(=O)NC(=O)c2ccccc2)c1	1.0	0	0.829	0.992
12	c1cc(O)nc(SCc2cccc3ccccc23)n1	1.0	0	0.885	0.976
12	Cc1cccc(C(=O)NCCCc2ccccc2)c1OC	1.0	0	0.841	0.991
12	Nc1csc(CN(Cc2ccc(S(N)(=O)=O)cc2)CC(F)(F)F)c1	1.0	0	0.854	0.942
12	CN(C)c1ccc(CC(=O)NCc2ccccc2Cl)cc1	1.0	0	0.861	0.99
12	CCC(=O)c1ccccc1OS(=O)(=O)c1ccc(F)cc1C	1.0	1	0.909	0.977
12	Cc1ccc(C(=O)Nc2ccc(Cl)cc2Cl)cc1N	1.0	1	0.95	0.99
12	COc1ccc(Cl)cc1S(=O)(=O)c1ccc(Cl)cc1	1.0	1	1.004	0.989
12	Oc1ccc(NCc2cccc(C(F)(F)F)c2)cc1F	1.0	1	1.034	0.985
12	COc1ccccc1CNC(=O)CNC(=O)c1ccccc1F	1.0	0	0.842	0.99
12	CCc1ccccc1NC(=O)c1cc(Cl)ccc1Cl	1.0	0	0.87	0.992
12	c1ccc(Oc2ccccc2-c2ccccc2)cc1	1.0	1	0.952	0.995
12	CCCOc1ccc(OC(=O)c2ccc(Cl)cc2)cc1	1.0	0	0.739	0.993
12	CCC(NC(=O)c1ccc(Cl)cc1)([N+](=O)[O-])c1ccccc1O	1.0	0	0.893	0.882
12	Cc1ccc(C(=O)Oc2ccc(CCC(=O)c3ccccc3)cc2)cc1	1.0	0	0.635	0.991
12	O=C(Nc1ncc(Cl)nc1Cl)c1cccc(Cl)c1Cl	1.0	1	0.916	0.966
12	CCOC(=O)c1ccccc1Nc1ccc(N2C(=O)c3ccccc3C2=O)c(Cl)c1	1.0	0	0.703	0.98
12	Nc1ccccc1Oc1nccn1Cc1ccccc1	1.0	0	0.877	0.977
12	O=S(=O)(Nc1ccc(Cl)cc1Cl)c1cccc(F)c1F	1.0	1	0.982	0.984
12	O=S(=O)(NCCOCc1ccccc1)c1cc(Cl)ccc1Oc1ccccc1	1.0	0	0.79	0.983
12	O=S(=O)(c1ccc(Br)cc1)c1cc(Cl)ccc1Cl	1.0	1	0.955	0.987
12	Cc1ncc(C(C)(C)Nc2ccccc2)co1	0.0	0	0.0	0.0
12	Clc1ccc(Oc2ccc(Cl)cc2)cc1C1CCCC1	1.0	1	0.933	0.988
12	CCCc1cc(C(=O)c2ccc(Br)cc2)ccn1	1.0	1	0.977	0.984
12	COc1cccc(C(=O)c2ccc(Cl)cc2Cl)c1	1.0	1	1.01	0.992
12	O=S(=O)(c1ccc(Cl)cc1)c1ccc(Cl)c(Cl)c1	1.0	1	0.994	0.99
12	Cc1ccc(C)c(S(=O)(=O)N(C)CCCCCc2ccccc2)c1	1.0	0	0.808	0.985
12	CCc1ccc(S(=O)(=O)NCCc2cccc(Cl)c2)cc1	1.0	0	0.819	0.99
12	O=S(=O)(NCCc1ccccc1)c1ccc(F)cc1	1.0	1	0.911	0.993
12	Cc1ccc(C(=O)c2cccc(Oc3ccc(Cl)cc3F)c2F)c(N)n1	1.0	1	0.9	0.966
12	O=C(c1cccc(Cl)c1Cl)N1CCN(Cc2ccccc2Cl)CC1	1.0	0	0.809	0.986
12	O=S(=O)(c1ccc(Br)cc1)c1ccccc1	1.0	1	0.953	0.993
12	O=c1c(Cl)c(Oc2cccc(Cl)c2)oc1Cl	0.0	0	0.0	0.0
12	CC(=O)C1=C(C)N(c2ccccc2)C2=CCCCC2C1	1.0	1	1.009	0.83
12	COc1ccccc1Cc1ncccc1C	1.0	0	0.877	0.988
12	Clc1ccc(Oc2ccc(Br)cc2)c2ccccc12	1.0	1	0.992	0.991
12	Cc1ccc(S(=O)(=O)NC(=O)c2ccc(Cl)cc2)cc1	1.0	0	0.873	0.992
12	Nc1ccccc1Oc1ncc(Br)cc1NS(=O)(=O)c1ccc(Cl)cc1	1.0	1	1.025	0.974
12	Nc1ccccc1Oc1cncc(Cl)c1Cl	1.0	1	0.908	0.973
12	NC(=O)c1ccccc1Oc1ccc(Cl)cc1NS(=O)(=O)c1ccc(Cl)c(Cl)c1	1.0	1	0.987	0.979
12	O=C(O)c1ccccc1Cc1ccccc1C(=O)O	1.0	1	0.908	0.99
12	CN(C)c1ccc(C(=O)OCc2ccccc2)cc1	1.0	0	0.85	0.993
12	O=C(N1CCOCC1)c1cccc(Oc2cccc(Cl)c2)c1	1.0	1	0.937	0.988
12	COc1ccccc1C(=O)c1ccc(Cl)c(F)c1	1.0	1	0.979	0.991
12	O=C(CCCc1ccc(Cl)cc1)c1ccccc1O	1.0	1	0.903	0.99
12	O=C(O)c1ccccc1Oc1ccc(O)cc1	1.0	1	0.979	0.992
12	COCCOc1ccc(C(=O)N(Cc2ccccc2)c2ccc(C)cc2C)c1	0.0	0	0.0	0.0
12	c1ccc(OCc2ccccc2)cc1	1.0	0	0.841	0.997
12	C=CS(=O)(=O)c1ccc(C(=O)c2ccc(Cl)cc2)cc1	1.0	1	0.911	0.983
12	NCCCCCC(=O)NC(=O)c1ccc(Cl)cc1F	1.0	1	0.953	0.984
12	O=C(c1ccc(Br)cc1)c1ccccc1Oc1ccc(Cl)cc1	1.0	1	0.982	0.99
12	Cc1ccc(C(=O)Nc2ccc(C(=O)c3ccccc3)cc2)cc1	1.0	0	0.639	0.994
12	CCOC(=O)c1cc(C)cc(O)c1O	1.0	0	0.743	0.984
12	O=C(NC(=O)c1ccccc1)c1ccc(Cl)c(Cl)c1	1.0	1	0.97	0.993
12	Nc1ncc(C(=O)c2ccccc2)cn1	1.0	1	0.927	0.986
12	Cc1ccnc(SCc2ccc(Cl)cc2)n1	1.0	1	0.943	0.986
12	O=S(=O)(NC1CCCCC1Nc1ccc(Cl)cc1)c1ccc(F)cc1	1.0	1	0.96	0.926
12	Clc1ccc(CONCc2ccc(F)cc2)c(Cl)c1	1.0	0	0.845	0.981
12	COC(=O)c1ccc(Cl)cc1Cl	1.0	0	0.67	0.993
12	Cc1ccc(S(=O)(=O)c2ccc(Cl)cc2F)cc1	1.0	1	1.087	0.988
12	Cc1ccc(CNC(=O)c2ccccc2)cc1	1.0	1	0.937	0.996
12	O=C(O)c1ccc(C(=O)c2ccc(Cl)cc2Cl)cc1	1.0	1	0.911	0.992
12	Cc1cc(C(=O)c2ccc(Cl)cc2Cl)ccc1O	1.0	1	0.967	0.988
12	O=S(=O)(NCc1ccccc1Cl)c1ccc(Cl)cc1	1.0	0	0.877	0.991
12	Cc1cccc(NS(=O)(=O)c2ccc(Cl)cc2)n1	1.0	1	0.986	0.988
12	CCCCCC(=O)c1ccc(Cl)c(Nc2ccccc2)n1	1.0	0	0.807	0.981
12	O=C(O)c1cccc(Oc2ccc(Cl)cc2Cl)c1	1.0	1	1.114	0.991
12	NS(=O)(=O)c1ccccc1	1.0	0	0.58	0.995
12	O=C(O)CCC(=O)c1ccc(F)c(F)c1	1.0	0	0.822	0.989
12	NS(=O)(=O)c1ccc(O)cc1	1.0	0	0.626	0.991
12	c1ccc(Oc2ccc(CN3CCCC3)cc2)cc1	1.0	0	0.87	0.994
12	CCc1cccc(NS(=O)(=O)c2ccc(Br)cc2)c1	1.0	1	0.997	0.991
12	Clc1ccc(Oc2ccc(Br)cc2)c2cccnc12	1.0	1	1.017	0.987
12	COC(=O)c1ccc(O)cc1	1.0	0	0.592	0.995
12	Cc1ccc(C(=O)NC(=O)CSc2ccccc2)cc1	1.0	1	1.086	0.991
12	O=S(=O)(Nc1ccc(Cl)cc1)c1ccc(Cl)c(Cl)c1	1.0	1	0.903	0.991
12	O=C(NCCc1ccccn1)c1ccccc1	1.0	0	0.854	0.993
12	O=C(c1ccc(Cl)cc1)c1ccc(Cl)cc1O	1.0	1	1.004	0.991
12	CC(=O)OCCOCCn1cnc2cc(Cl)ccc21	1.0	1	0.9	0.973
12	COc1nn(CCc2ccc(Cl)cc2)c2ccc(F)cc12	1.0	0	0.88	0.978
12	O=S(=O)(NCCc1ccccc1)c1ccc(Cl)c(C(F)(F)F)c1	1.0	1	1.056	0.985
12	Cc1ccc(C(=O)N(C(=O)c2ccccc2)c2ccc(C)cc2)cc1	1.0	1	0.988	0.988
12	O=C(c1ccc(F)cc1)c1ccc(O)cc1	1.0	0	0.891	0.994
12	O=C(Cc1ccccc1)c1ccc(Cl)cc1Oc1ccc(Cl)cc1Cl	1.0	1	0.928	0.986
12	O=C(c1cccnc1)N(Cc1ccc(F)cc1)c1ccc(Cl)cc1NS(N)(=O)=O	1.0	0	0.83	0.962
12	O=S(=O)(c1ccccc1)c1ccccc1NO	1.0	0	0.855	0.984
12	COC(=O)c1ccc(NS(=O)(=O)c2ccc(C)cc2)cc1	1.0	0	0.866	0.992
12	O=S(=O)(NCCc1ccccc1)c1ccccc1Oc1ccc(Cl)cc1	1.0	1	0.92	0.988
12	Cc1ccc(NS(=O)(=O)c2cccc(Cl)c2)cc1O	1.0	1	0.923	0.987
12	O=C(Nc1ccc(Cl)cc1)c1ccc(Cl)c(Cl)c1Cl	1.0	1	0.911	0.989
12	O=C(c1ccccc1)c1cccc(F)c1O	1.0	1	0.952	0.99
12	CC(C)C(=O)c1ccc(OCc2cccc(F)c2)cc1	1.0	0	0.874	0.99
12	Cc1ccc(S(N)(=O)=O)cc1P(=O)(Cc1ccccc1)c1ccccc1F	1.0	0	0.86	0.877
12	Cc1cccc(C(=O)Nc2cccc(O)c2)c1	1.0	0	0.811	0.993
12	CC(C)(C)c1ccc(C(=O)Nc2ccc(Cl)cc2)cc1	1.0	0	0.794	0.994
12	O=C(c1ccc(Cl)cc1)c1ccccc1NS(=O)(=O)c1ccccn1	1.0	1	0.988	0.983
12	Cc1ccccc1NC(=O)c1ccccc1F	1.0	0	0.86	0.995
12	Cc1ccc(NS(=O)(=O)c2cccc(C)c2)cc1	1.0	1	0.969	0.993
12	COc1ccc(C(=O)c2ccc(Cl)cc2Cl)c2oc(O)nc12	1.0	1	0.973	0.946
12	COc1ccccc1Oc1ncccc1C(=O)Nc1ccc(Cl)c(Cl)c1Cl	1.0	1	0.949	0.978
12	O=C(Nc1ccccc1F)Nc1cc(Cl)c(Cl)cc1Cl	1.0	1	0.954	0.989
12	Cc1ccc(Cn2nc(C)n(Cc3ccccc3Cl)c2=O)cc1	1.0	0	0.836	0.981
12	Cc1cc(Cl)ccc1NC(=O)c1ccc(C)cc1	1.0	1	0.962	0.995
12	CCC(C)(C)c1ccc(OCc2ccccc2)cc1	1.0	0	0.807	0.992
12	O=C(CNS(=O)(=O)c1ccc(Cl)cc1)NO	1.0	0	0.855	0.983
12	O=C(O)c1ccccc1NS(=O)(=O)c1ccccc1	1.0	0	0.897	0.993
12	Nc1ccc(SSC(=O)CCl)cc1	1.0	0	0.81	0.888
12	O=C(O)c1ccc(CSc2ccc(Cl)cc2)cc1	1.0	1	0.913	0.992
12	COc1ccc(NC(=O)c2ccc(I)cc2)cc1Cl	1.0	0	0.848	0.991
12	CCN(c1ccccc1)c1ccc(Cl)c(Cl)c1	1.0	1	0.922	0.986
12	Cc1ccc(Cc2ccc(Cl)cc2C(=O)c2cccc(C)c2)cc1	1.0	0	0.888	0.987
12	Cc1ccc(NC(=O)c2ccccc2)cc1N	1.0	0	0.813	0.994
12	Cc1ccc(OCc2cc(Cl)ccc2Cl)c(OC(=O)c2ccccc2)c1	1.0	0	0.724	0.987
12	Cc1ccc(C(=O)OCc2ccccn2)cc1	1.0	1	0.943	0.992
12	Cc1cccc2c1nc(C(=O)c1ccccc1)n2Cc1ccccc1	1.0	0	0.894	0.983
12	O=C(O)c1ncccc1Oc1ccc(Cl)cc1	1.0	1	1.161	0.988
12	Cc1cccc(NS(=O)(=O)c2ccc(Cl)cc2)c1	1.0	1	1.008	0.993
12	O=C(Cc1ccc(Cl)cc1)c1ccc(F)c(F)c1	1.0	1	1.057	0.991
12	O=C(NC1CCCCCC1)c1cccnc1Oc1ccccc1	1.0	1	1.106	0.986
12	CCc1nnc(SCC(=O)Nc2ccc(Cl)cc2C)s1	1.0	1	0.961	0.979
12	Cc1ccccc1NS(=O)(=O)c1ccc(Cl)cc1	1.0	1	0.997	0.993
12	O=C(C1CCCCC1)N(c1ccccc1)c1ccccc1	1.0	1	0.937	0.987
12	Cc1ccc(C(=O)NCc2ccccc2)cc1	1.0	0	0.85	0.996
12	O=C(Nc1ccccc1)c1ccccc1Oc1ccc(F)cc1Oc1ccccc1	1.0	0	0.756	0.987
12	COC(=O)c1ccccc1NC(=O)COc1cc(C)ccc1OC	1.0	0	0.805	0.99
12	O=C(O)c1cccc(NS(=O)(=O)c2ccc(Cl)cc2)c1	1.0	1	0.932	0.992
12	O=C(COC(=O)c1ccc(Cl)c(Cl)c1)c1ccccc1	1.0	1	0.949	0.992
12	Cc1ccc(CN(C)CCCCc2ccc(Cl)cc2)cc1	1.0	0	0.889	0.991
12	O=S(=O)(NCCOc1ccccc1)c1ccc(Cl)c(Cl)c1	1.0	1	0.947	0.989
12	O=C(O)c1cccc(Oc2ccccc2)c1	1.0	1	0.992	0.995
12	Cc1ccccc1OCC(=O)NN=Cc1ccncc1	1.0	0	0.781	0.984
12	O=S(=O)(Nc1ccc(Br)cc1)c1ccc(F)cc1	1.0	1	1.028	0.992
12	Cc1cc(Cl)ccc1Nc1ncc(Br)cn1	1.0	1	0.928	0.98
12	COc1ccccc1N1C(=O)c2ccccc2C1=O	1.0	0	0.719	0.991
12	O=C(c1ccccc1)c1ccc(O)c(Cl)c1	1.0	0	0.818	0.992
12	CCC(=O)NC(=O)c1cccc(OC)c1	1.0	0	0.788	0.992
12	O=C(COC(=O)c1ccccc1)c1ccc(Cl)cc1	1.0	0	0.845	0.994
12	Cc1cc(C)cc(NC(=O)c2cccc(Cl)c2)c1	1.0	0	0.767	0.992
12	O=[N+]([O-])c1ccccc1S(=O)(=O)Nc1ccc(F)cc1F	1.0	1	1.015	0.984
12	O=C(C(=O)c1ccc(Cl)cc1)c1ccccc1F	1.0	1	0.972	0.99
12	CC(C)COc1ccc(C(=O)NCCc2ccccc2)cc1	1.0	0	0.765	0.992
12	O=C(CC(=O)c1ccccc1)NOC(=O)c1ccc(Cl)cc1Cl	1.0	1	0.942	0.976
12	NCCCC(=O)Nn1ccc(C(N)=O)c1	1.0	0	0.792	0.903
12	COc1cccc(C(=O)c2ccccc2C(=O)O)c1C	1.0	0	0.829	0.989
12	CCC1(C)OC(=O)c2ccccc2C1=O	1.0	0	0.8	0.912
12	OCC(CO)(O)c1ccc(Cl)cc1Cl	1.0	0	0.876	0.948
12	Cc1ccccc1C(=O)Nc1ccc(OCc2ccccc2)cc1	1.0	0	0.765	0.994
12	COc1ccc(S(=O)(=O)c2ccc(C)cc2)cc1	1.0	1	0.943	0.993
12	O=S(=O)(c1cccc(Cl)c1)c1cc(Cl)ccc1Cl	1.0	0	0.898	0.987
12	O=C(COC(=O)CCc1ccc(Br)cc1)c1ccccc1	1.0	0	0.832	0.991
12	Cc1cc(C(=O)c2ccc(Br)cc2)c(C)o1	1.0	1	0.912	0.984
12	Oc1ccc(Oc2ccc(Cl)cc2)cc1	1.0	1	1.012	0.994
12	Cc1ccccc1S(=O)(=O)Nc1ccc(Br)cc1	1.0	1	1.008	0.991
12	CC(C)(C)c1ccc(S(=O)(=O)Nc2ccc(Cl)cc2Cl)cc1	1.0	1	0.91	0.987
12	COc1nccc(NS(=O)(=O)c2ccc(Cl)cc2)c1C	1.0	1	0.932	0.982
12	COc1nnnn1Cc1ccccc1	1.0	1	0.905	0.977
12	Nn1c(SCc2ccc(Br)cc2)nnc1-c1ccncc1	1.0	1	0.926	0.976
12	Cn1c(Cc2ccccc2)nnc1SCc1ccc(Cl)cc1	1.0	0	0.874	0.986
12	O=S(=O)(NCCOc1ccc(Cl)cc1)c1ccccc1	1.0	1	1.036	0.992
12	Cc1cc(OC(=O)c2cccc(Br)c2)ccn1	1.0	0	0.867	0.984
12	Cc1nn(-c2ccc(Br)cc2)c2ccc(Cl)cc12	1.0	1	0.911	0.984
12	COc1cccc(CNC(=O)c2ccc(Cl)c(N)c2)c1	1.0	0	0.862	0.99
12	O=S(=O)(c1ccc(Cl)cc1)c1ccc(Cl)cc1Cl	1.0	1	0.985	0.989
12	Fc1ccc(Oc2ccc(Cl)cc2)c2ccccc12	1.0	1	1.054	0.992
12	O=[N+]([O-])c1cccc(OCc2ccccc2Br)c1Sc1ccccc1	1.0	1	0.901	0.971
12	Cc1ccc(C(=O)c2ccc(C)cc2)cc1	1.0	0	0.85	0.995
12	COc1ccc(CC(=O)Nc2ccccc2C(=O)NCCc2ccccc2)cc1	1.0	0	0.75	0.99
12	CCOc1cc(S(=O)(=O)c2ccccc2)ccc1F	1.0	0	0.835	0.989
12	CCc1ccccc1NS(=O)(=O)c1cccc(C(=O)O)c1F	1.0	0	0.866	0.983
12	O=C(NCCO)c1ccc(Oc2ccc([N+](=O)[O-])cc2)cc1	1.0	0	0.86	0.989
12	CC(C)c1nc(Cc2cccc(Cl)c2)c2ccccc2n1	1.0	1	1.053	0.979
12	O=S(=O)(c1ccccc1)c1ccccc1	1.0	0	0.773	0.995
12	CCN(C(C)=O)C1CCC(C(=O)N2CCC3(C)c4ccccc4CC23)CC1	1.0	0	0.746	0.777
12	Cc1nc(O)nc(O)c1S(=O)(=O)c1ccccc1	1.0	1	1.05	0.945
12	O=S(=O)(Nc1ccc(F)cc1)c1ccc(Cl)c(Cl)c1	1.0	0	0.899	0.991
12	CC(C)(C)c1ccc(S(=O)(=O)Nc2cccc(Cl)c2)cc1	1.0	0	0.897	0.989
12	O=C(O)c1ccc(CCNC(=O)c2ccc(Cl)cc2Cl)cc1	1.0	0	0.855	0.991
12	Cc1ccc(C(=O)NCC(=O)Nc2ccc(S(N)(=O)=O)cc2)cc1	1.0	0	0.697	0.99
12	Cc1ccc(C(=O)NC(=S)c2ccccc2)cc1	1.0	0	0.82	0.989
12	CN(C)c1cccc(NS(=O)(=O)c2ccc3ccccc3c2)c1	1.0	0	0.887	0.987
12	O=C(c1ccc(Cl)nc1)c1cccc(F)c1Cl	1.0	1	0.944	0.978
12	Cc1ccc(NS(=O)(=O)c2ccc(Br)cc2)cc1[S-]	1.0	1	0.9	0.95
12	O=C(O)CC(=O)c1ccc(Cl)c(Cl)c1	1.0	0	0.866	0.987
12	COc1ccc(S(=O)(=O)NCc2ccc(Cl)cc2)cc1	1.0	0	0.867	0.993
12	Nc1ccc(Cl)cc1S(=O)(=O)c1cccc(Cl)c1	1.0	1	0.906	0.982
12	COc1nn(Cc2ccc(Cl)cc2)c2ccccc12	1.0	1	1.076	0.986
12	CC(C)(C)c1ccc(S(=O)(=O)Nc2ccc(Cl)cc2Cl)cc11	0.0	0	0.0	0.0
12	O=C(CCCNS(=O)(=O)c1ccc(Cl)cc1)NC1CCCC1	1.0	0	0.784	0.986
12	COc1cc(NS(=O)(=O)c2cccc(Cl)c2)ccc1Cl	1.0	1	0.958	0.989
12	Nc1c(Cl)cc(Cl)cc1C(=O)O	1.0	0	0.743	0.983
13	CC(=O)c1ccc(S(=O)(=O)NCC(=O)O)cc1	1.0	0	0.769	0.988
13	Cc1ccc(C(=O)NC(=O)c2ccccc2F)cc1N	1.0	0	0.822	0.988
13	O=C(O)c1ccccc1Cc1cccc(Cl)c1	1.0	1	1.149	0.992
13	CC(=O)Nc1ccc(S(=O)(=O)N(Cc2ccc(F)cc2)c2ccccc2)cc1	1.0	0	0.88	0.986
13	COc1ccccc1NS(=O)(=O)c1ccccc1	1.0	1	0.945	0.994
13	Nc1ncnc(Sc2ccc(Cl)cc2)c1S(=O)(=O)O	1.0	1	1.049	0.948
13	Cc1ccc(Cl)cc1NS(=O)(=O)c1ccc(Cl)cc1Cl	1.0	1	0.904	0.987
13	O=S(=O)(Nc1cc(Cl)cc(Cl)c1)c1ccccc1-c1ccccc1	1.0	1	0.968	0.987
13	O=S(=O)(c1ccc(Cl)cc1)c1cc(Cl)ccc1Cl	1.0	1	0.957	0.989
13	O=C(C1=C(O)C(=O)NC(=O)c2ccccc21)c1ccc(Cl)c(Cl)c1	1.0	1	1.029	0.97
13	c1ccc(-c2ccc(Cl)cc2)c2ccccc12	1.0	1	1.04	0.995
13	O=C(O)c1cc(Br)ccc1Sc1cccc(Cl)c1	1.0	1	0.948	0.981
13	CCCCCCCCc1nnc(NS(=O)(=O)c2ccc(Cl)cc2)s1	1.0	0	0.746	0.978
13	Cc1ccc(C(=O)C=Cc2ccc(Cl)cc2)o1	1.0	1	1.038	0.982
13	O=C(Cc1ccccc1)c1ccc(Cl)nc1	1.0	1	0.949	0.989
13	O=C(O)CC1CNCCC1n1c(-c2ccc(F)cc2)ncc1-c1cccnc1	1.0	0	0.863	0.77
13	CCOc1nnc(Oc2ccc(OC)cc2)s1	1.0	1	1.004	0.969
13	CCc1ccccc1NC(=O)COC(=O)CCCOc1ccccc1	1.0	0	0.718	0.989
13	CC(C)(c1cccc(C(=O)O)c1)c1ccccc1	1.0	1	0.96	0.99
13	Oc1ccc(Oc2ccc(Cl)cc2)cc1Cc1cccnc1	1.0	0	0.892	0.985
13	CC(C)(C)c1ccccc1Sc1ccc(Cl)c(Cl)c1	1.0	1	0.966	0.979
13	O=S(=O)(c1ccc(Cl)cc1)c1cc(Cl)cc(Cl)c1[c]c1Cl	0.0	0	0.0	0.0
13	Fc1cccc(Oc2ccccc2)c1	1.0	0	0.854	0.995
13	Oc1ccc(Oc2cccc(Cl)c2)cc1	1.0	1	0.937	0.993
13	Cc1ccc(C2NC(=O)c3cccc(O)c3N2)cc1	1.0	0	0.889	0.92
13	O=C(NC1CNCCCN1S(=O)(=O)c1ccccc1)c1ccc(Cl)cc1Cl	1.0	1	0.961	0.914
13	O=S(=O)(Nc1ccn(O)n1)c1ccc(Cl)c(Cl)c1	1.0	1	0.978	0.953
13	O=S(=O)(NCCN1CCCC1)c1ccc(F)cc1Cl	1.0	1	0.912	0.983
13	Cc1ccc(S(=O)(=O)c2ccc(Cl)cc2C(=O)c2ccncc2)cc1	1.0	0	0.794	0.979
13	CCOc1ccc(S(=O)(=O)Nc2cc(Cl)ccc2N2CCCCC2)cc1	1.0	0	0.897	0.985
13	COc1ccc(C(=O)c2ccccc2NC(=O)c2ccc(Cl)cc2)cc1	1.0	0	0.784	0.992
13	O=S(=O)(c1ccccc1)c1ccccc1Oc1ccc(Cl)cc1	1.0	1	1.053	0.989
13	N=C(N)c1ccc(SCc2ccc(Cl)cc2)cc1	1.0	0	0.835	0.988
13	CCC(=O)N(Cc1ccc(Cl)cc1)c1ccccc1	1.0	1	1.024	0.99
13	Cc1ccc(Cl)c(NS(=O)(=O)c2ccccc2)c1	1.0	0	0.84	0.992
13	CC(C)c1nn2ccccc2c1S(=O)(=O)c1ccccc1	1.0	1	0.905	0.962
13	CCCCOc1ccc(C(=O)NCCc2ccccc2)cc1Cl	1.0	0	0.762	0.991
13	CC(C)C(=O)NCc1ccc(Cl)cc1NS(C)(=O)=O	1.0	0	0.825	0.979
13	Cc1ccc(S(=O)(=O)c2ccc(C)cc2)c(O)c1	1.0	1	0.936	0.987
13	O=C(O)CCc1ccc(CCc2ccc(Cl)c(Cl)c2)c2ccccc12	1.0	0	0.794	0.982
13	O=C(O)c1ccc(S(=O)(=O)NCCCc2ccccc2)cc1	1.0	0	0.787	0.991
13	CCc1cc(OCc2ccccc2)c2ccccc2n1	1.0	1	0.982	0.99
13	O=c1cc(N2CCCCCC2)c2ccccc2n1-c1ccccc1	1.0	0	0.857	0.983
13	Cc1ccc(CNC(=O)c2ccc(Cl)c(Cl)c2)cc1	1.0	1	1.013	0.993
13	Cc1ccc(OCC(=O)c2cccc(F)c2)c(Br)c1	1.0	0	0.884	0.989
13	O=C(NCCCCc1ccccc1)c1ccccc1O	1.0	0	0.809	0.993
13	O=C(C(=O)c1ccc(Cl)c(Cl)c1)c1ccc(Cl)c(Cl)c1	1.0	1	1.073	0.985
13	Cc1cccc(C(=O)c2ccc(Cl)cc2C(C)C)c1N	1.0	0	0.798	0.98
13	COc1ccccc1NS(=O)(=O)c1cccc(C(=O)O)c1	1.0	0	0.828	0.991
13	O=C(NCCN1CCCC1)c1ccccc1F	1.0	0	0.828	0.991
13	Cc1ccc(Cl)cc1NS(=O)(=O)c1cccc(C(=O)O)c1	1.0	0	0.875	0.989
13	O=C(NCCCC(=O)c1cccc(Cl)c1)c1ccc(Cl)cc1	1.0	0	0.738	0.99
13	CCc1ccccc1NC(=O)c1ccc(Cl)cc1Cl	1.0	1	1.035	0.992
13	O=C(c1ccc(Cl)c(Cl)c1Cl)c1ccc(F)cc1	1.0	1	0.905	0.987
13	Oc1cc(Oc2ccc(Cl)cc2)ccc1N1CCCCC1	1.0	1	0.962	0.987
13	COc1ccc(OCC(=O)C(=O)c2ccc(Cl)c(Cl)c2)cc1F	1.0	1	0.996	0.977
13	COc1ncc(Cl)nc1C(=O)Nc1ccc(Cl)c(Cl)c1	1.0	1	1.077	0.972
13	CCOc1ccc(C(=O)CC(=O)c2ccccc2)cc1	1.0	0	0.76	0.992
13	c1ccc(CNCc2ccc(CNCCc3ccccc3)cc2)cc1	1.0	0	0.591	0.993
13	C=CC(=O)Nc1cccc(NS(=O)(=O)c2ccc(Cl)cc2)c1	1.0	1	0.955	0.986
13	Cc1cccc(OCc2ccc(F)cc2)c1	1.0	0	0.88	0.995
13	COc1ccc(S(=O)(=O)c2ccc(C)cc2)cc1	1.0	1	0.943	0.993
13	Cc1ccc(NS(=O)(=O)c2ccc(Cl)cc2Cl)cc1F	1.0	1	0.929	0.987
13	O=C(O)c1ccc(OCCc2ccc(Cl)c(Cl)c2)cc1	1.0	1	0.996	0.991
13	Oc1ccc(CCNC(=S)Nc2ccccc2C(F)(F)F)cc11	0.0	0	0.0	0.0
13	COc1ccc(Cl)cc1NC(=O)c1ccccc1Oc1ccccc1	1.0	0	0.814	0.991
13	Cc1ccc2cc(C)ccc2n1	1.0	0	0.604	0.991
13	Cc1cc(Cl)ccc1Nc1ncc(F)c(Cl)n1	1.0	1	0.977	0.973
13	O=C(NCc1cccnc1)c1ccccc1Oc1ccccc1	1.0	1	0.943	0.991
13	CCCc1ccccc1S(=O)(=O)c1ccc(Cl)cc1OC	1.0	1	1.089	0.981
13	Cc1ccc(S(=O)(=O)NC(=O)N2CCCCC2)cc1	1.0	1	0.901	0.987
13	O=C(NC(=O)c1ccc(Cl)cc1)c1ccc(Cl)cc1N1CCOCC1	1.0	0	0.739	0.982
13	CCC(=O)NCCc1ccc(F)cc1	1.0	0	0.825	0.993
13	COc1ccccc1C(=O)Nc1cccc(Cl)c1P(=O)(O)c1ccc(Cl)c(F)c1	1.0	0	0.87	0.869
13	O=C(O)c1ccc(Sc2ccc(Cl)cc2)cc1	1.0	1	1.004	0.991
13	CC(=O)c1c(C)cc(C(=O)c2ccccc2)cc1NS(=O)(=O)c1ccc(Cl)cc1	1.0	0	0.889	0.977
13	Cc1ccc(C(=O)NCCNC(=O)c2ccccc2)cc1Cl	1.0	0	0.893	0.992
13	COc1ccc(Cl)cc1S(=O)(=O)Nc1ccc(Cl)cc1Cl	1.0	1	0.951	0.987
13	CC(NS(=O)(=O)c1ccccc1)c1cccnc1	1.0	1	0.943	0.973
13	O=S(=O)(c1ccc(Cl)cc1)c1cc(Cl)ccc1Cl	1.0	1	0.957	0.989
13	O=C(O)c1ccccc1OCc1ccc(Cl)cc1	1.0	1	1.092	0.994
13	O=C(C=Cc1ccccc1)Nc1ccc(Cl)c(Cl)c1	1.0	1	0.922	0.991
13	Cc1ccccc1NS(=O)(=O)c1ccc(Cl)cc1Cl	1.0	1	0.941	0.99
13	Clc1ccc(Oc2ccc(Br)cc2)c2cccnc12	1.0	1	1.017	0.987
13	Fc1ccc(Cn2cc(CCCc3ccccc3)nnc2-c2ccccc2)cc1	0.0	0	0.0	0.0
13	CC(C)(C)c1ccc(S(=O)(=O)Nc2ccc(Cl)cc2)cc1	1.0	1	0.937	0.991
13	c1ccc(OCCCCOc2ccc(Br)cc2)cc1	1.0	0	0.86	0.993
13	O=C(Nc1ccc(Cl)cc1)c1ccccc1Oc1ccccc1	1.0	1	1.147	0.993
13	CN(C)c1ccc(C=Cc2ccccc2C(=O)O)cc1	1.0	0	0.839	0.985
13	CC(C)(C)c1ccc(OCC(=O)Nc2ccc(S(=O)(=O)Nc3ccccc3)cc2)cc1	1.0	0	0.0	0.986
13	N#Cc1cccnc1Sc1cccc(Cl)c1	1.0	1	0.982	0.974
13	Cc1cc(OCC(=O)NCCCc2ccccc2)c2ccccc2n1	1.0	0	0.88	0.987
13	O=C(O)c1ccccc1OCc1ccc(Cl)c(Cl)c1	1.0	1	1.114	0.991
13	NC(=O)c1ccc(NS(=O)(=O)c2ccc(Cl)c(Cl)c2)cc1	1.0	0	0.86	0.989
13	O=C(O)c1ccccc1C(=O)c1ccc(Cl)cc1	1.0	1	0.986	0.993
13	CC(C)C(=O)Nc1cccc(NC(=O)c2ccccc2)c1	1.0	0	0.76	0.993
13	O=C(O)c1cccc(Oc2ccc(Cl)cc2NS(=O)(=O)c2cccc(Cl)c2Cl)c1	1.0	1	0.959	0.977
13	O=C(Cc1cccc(Cl)c1)NO	1.0	1	0.902	0.988
13	Cc1cc(Cl)ccc1NS(=O)(=O)c1ccc(Cl)cc1N	1.0	1	1.023	0.984
13	O=C(C=Cc1ccc(Cl)c(Cl)c1)NCc1ccccc1	1.0	0	0.898	0.989
13	N=C(N)NC(=O)c1cccc(Cl)c1	1.0	0	0.808	0.98
13	Cc1ccc(NS(=O)(=O)c2ccc(Cl)cc2)cc1	1.0	1	1.009	0.994
13	Cc1ccc(CS(=O)(=O)Nc2ccc(Cl)cc2C)cc1	1.0	1	0.915	0.988
13	O=S(=O)(c1ccc(Cl)cc1)Nc1cccc(F)c1Cl	1.0	1	0.925	0.987
13	CC(C(=O)N1CCCC1)c1cccc(Cl)c1F	1.0	1	0.911	0.947
13	O=C(NCCSSc1ccccc1)c1ccccc1	1.0	1	0.923	0.985
13	O=S(=O)(NCCOc1ccc(Cl)cc1)c1ccc(Cl)c(Cl)c1	1.0	1	0.93	0.988
13	O=S(=O)(NCCCN1CCCC1)c1ccc(Cl)cc1F	1.0	1	0.902	0.982
13	CCOc1ccccc1NS(=O)(=O)c1ccc(S(=O)(=O)NC)cc1	1.0	0	0.752	0.986
13	Cc1cccc(NS(=O)(=O)c2ccc(Cl)cc2)c1C	1.0	1	0.978	0.991
13	Cc1ccc(S(=O)(=O)Nc2ccc(Cl)cc2C)cc1Cl	1.0	1	0.971	0.988
13	O=c1cccccc1Oc1ccc(Cl)cc1	1.0	1	0.984	0.991
13	CN(C(=O)c1ccc(F)cc1)c1cccc(F)c1O	1.0	0	0.875	0.98
13	CC(C)(O)C(=O)COc1ccc(Cl)cc1	1.0	1	1.065	0.982
13	O=S(=O)(Nc1nccnc1-c1cccc(Cl)c1)c1ccc(Cl)c(Cl)c1	1.0	1	0.983	0.974
13	COc1nnc(-c2ccc(F)cc2)c2sc(C)cc12	1.0	1	0.924	0.955
13	Cc1ccc(S(=O)(=O)CCCN)cc1	1.0	0	0.88	0.987
13	Cc1cccc(NC(=O)CCCC(=O)c2cccc(C)c2)c1	1.0	0	0.806	0.99
13	CC(=O)c1ccc(S(=O)(=O)NCC(=O)O)cc1	1.0	0	0.769	0.988
13	CCCc1cccc(C(=O)Nc2ccc(Cl)cc2Cl)c1	1.0	1	0.956	0.992
13	O=C(COc1cc(Cl)c(Cl)cc1)NNc1ccccc1	1.0	1	0.937	0.988
13	Nc1ncc(Cl)cc1NS(=O)(=O)c1cccc(Cl)c1Cl	1.0	0	0.856	0.968
13	O=C(CCc1ccccc1)Nc1ccc(O)cc1-c1ccccc1C(F)(F)F	1.0	0	0.769	0.981
13	O=C1C(=O)N(Cc2ccc(Cl)cc2)c2ccccc21	1.0	1	1.108	0.99
13	CC(C)(C)c1ccc(NC(=O)c2cccc(Cl)c2)cc1	1.0	0	0.758	0.993
13	CCCCn1c(C)nc2c1ccc(=O)n2-c1cccc(C)c1	1.0	0	0.857	0.971
13	Cc1ccc(S(=O)(=O)Cc2ccccc2)cc1F	1.0	0	0.835	0.99
13	CC(C)(C)c1ccc2cc(Cl)ccc2n1	1.0	0	0.821	0.984
13	O=C(Nc1ccc(F)cc1)c1ccccc1F	1.0	0	0.81	0.995
13	O=S(=O)(NCCc1ccc(Cl)cc1)c1cc(Cl)cc(Cl)c1O	1.0	0	0.815	0.98
13	O=S(=O)(Nc1ccc(Cl)cc1)c1ccccc1	1.0	1	1.071	0.994
13	Brc1ccc(Oc2ccc(F)cc2F)c2cccnc12	1.0	1	0.978	0.981
13	Cc1ccc(-c2c(C)[n+]([O-])c3ccccc2[n+]3[O-])cc1	1.0	1	0.981	0.417
13	O=C(Nc1ccc(Cl)cc1[N+](=O)[O-])c1cccc(Cl)c1	1.0	0	0.883	0.99
13	Cc1ccc(CC(=O)Nc2sccc2-c2ccc(Cl)cc2)cc1	1.0	0	0.801	0.985
13	O=[N+]([O-])c1ccc(S(=O)(=O)Nc2cccc(Cl)c2)cc1	1.0	0	0.869	0.989
13	O=C(c1ccc(Cl)cc1)c1cc(Cl)ccc1OCc1ccc(F)cc1F	1.0	1	0.948	0.985
13	COc1ccccc1NS(=O)(=O)c1ccc(Cl)cc1Cl	1.0	1	0.91	0.989
13	COc1ccc(NC(=O)c2ccc(-c3ccc(Br)cc3)o2)cc1	1.0	0	0.758	0.989
13	CCOc1n[nH]c(O)n1	1.0	0	0.645	0.837
13	Cc1ccc(S(=O)(=O)Nc2ccc(Cl)cc2C)c(C)c1Cl	1.0	1	0.947	0.979
13	Cc1ccc(C2(O)SC(NC(C)=O)=NO2)cc1	1.0	1	0.98	0.729
13	O=C(Nc1ccc(Cl)cc1)c1cc(Cl)ccc1O	1.0	0	0.83	0.993
13	Cc1cccc(C(=O)Nc2ncc(Cl)c(Cl)n2)c1Cl	1.0	1	0.958	0.964
13	CCc1ccc(Oc2ccncc2NS(=O)(=O)c2ccc(Cl)cc2)cc1O	1.0	1	1.003	0.972
13	O=C(O)c1ccccc1SSc1ccccc1O	1.0	1	0.939	0.972
13	O=C(c1ccc(Cl)nc1F)c1cccc(F)c1F	1.0	1	1.008	0.967
13	OC(c1ccc(Cl)cc1)c1ccc(Cl)c(Cl)c1	1.0	1	1.051	0.974
13	O=S(=O)(Nc1ccc(Br)cc1)c1ccc(Cl)c(Cl)c1	1.0	1	0.911	0.99
13	COc1ccc(S(=O)(=O)Nc2ccc(Br)cc2)cc1	1.0	1	1.002	0.993
13	CC(=O)c1cccc(Oc2c(Cl)cccc2S(=O)(=O)c2ccc(Cl)cc2)c1	1.0	1	0.927	0.978
13	O=S1(=O)c2ccc(Br)cc2OC1Cc1ccccc1	1.0	0	0.835	0.864
13	CCCCc1nn(Nc2ccccc2C(=O)c2ccccc2)c2ccc(C)cc12	1.0	0	0.796	0.954
13	CCOC(=O)c1cccc2c1Nc1ccc(Cl)c(F)c1N(C)C2	1.0	0	0.849	0.935
13	Cc1ccc(Cc2ccc(Cl)cc2)cc1	1.0	0	0.899	0.995
13	COc1nc(NS(=O)(=O)c2ccccc2)nc2ccccc12	1.0	0	0.876	0.984
13	Cc1ccc(S(=O)(=O)NCCN(C)C)cc1-c1ccc(Cl)cc1	1.0	1	1.001	0.984
13	CCc1ccc(NS(=O)(=O)c2ccc(Cl)cc2)cc1	1.0	1	0.986	0.993
13	O=S(=O)(NCc1ccc(Cl)cc1)c1ccccc1O	1.0	1	0.933	0.988
13	Cc1ccc(Cc2ccc(Br)cc2)cc1	1.0	1	0.963	0.995
13	Oc1ccc(OCCOc2ccccc2)cc1O	1.0	0	0.876	0.991
13	O=C(c1ccc(Cl)nc1)c1cc(Cl)ccc1Oc1ccc(Cl)cc1	1.0	1	1.011	0.983
13	COC(=O)c1ccc(-c2ccc(Cl)c(Cl)c2)cc1	1.0	1	0.937	0.993
13	Fc1ccc(Cc2cccc(Br)c2)cc1	1.0	1	0.929	0.993
13	Cc1ncccc1NS(=O)(=O)c1ccccc1	1.0	0	0.875	0.989
13	CC1(c2cccc(Cl)c2)S(=O)(=O)c2ccc(Br)cc21	1.0	1	0.939	0.803
13	Cc1cc(Cl)ccc1NC(=O)c1ccc(Cl)cc1Cl	1.0	1	0.929	0.992
13	O=C(O)c1ccc(S(=O)(=O)Nc2ccc(F)cc2)cc1F	1.0	0	0.883	0.988
13	O=S(=O)(c1ccc(Cl)cc1)N(Cc1ccccc1O)c1ccccc1	1.0	1	1.008	0.985
13	COc1ccc(CNC(=O)c2ccc(Cl)cc2)cc1	1.0	0	0.89	0.995
13	Cc1cccc(S(=O)(=O)c2ccc(Cl)cc2Cl)c1	1.0	1	1.063	0.987
13	Nc1ccccc1NC(=O)c1ccc(Cl)cc1Cl	1.0	1	0.937	0.992
13	CCCCNS(=O)(=O)c1ccc(C)cc1	1.0	0	0.874	0.992
13	Cc1ccc(C(=O)NC(=O)Nc2ccc(Cl)cc2Cl)cc1	1.0	0	0.846	0.99
13	CCCCN(C(=O)c1ccccc1)c1ccc(N(C)C)cc1	1.0	1	0.933	0.987
13	N=C(N)c1ccc(Cl)cc1NC(=O)c1cccs1	1.0	0	0.792	0.979
13	Cc1nc2ccccc2n1Cc1ccc(Cl)cc1Cl	1.0	1	1.048	0.987
13	Cc1cc(SCC(=O)Nc2ccc(Cl)c(Cl)c2)no1	1.0	1	1.007	0.971
13	O=C(O)c1ccc(OCc2ccc(Cl)cc2)cc11	0.0	0	0.0	0.0
13	O=S(=O)(c1ccc(Cl)cc1)c1cccc(F)c1	1.0	1	0.948	0.991
13	CC(C)C(=O)Nc1ccc(NC(=O)c2ccccc2C(=O)O)cc1	1.0	0	0.746	0.991
13	Cc1ccc(C(=O)c2ccc(Cl)cc2)cc1	1.0	1	0.923	0.995
13	CCCC(=O)N1CCCC(c2ccc(Cl)c(Cl)c2)C1	1.0	1	0.992	0.96
13	CCc1ccccc1NC(=O)c1ccc(Cl)cc1Cl	1.0	1	1.035	0.992
13	Cc1ccc(Oc2ccc(C(=O)NO)cc2)cc1	1.0	1	0.964	0.992
13	CC(C)(C)c1ccc(OCc2ccc(Cl)cc2)cc1	1.0	1	0.936	0.993
13	CC(C)c1cccc(S(=O)(=O)NCc2ccc(Cl)cc2)c1	1.0	1	0.931	0.989
13	O=C(O)c1ccccc1C(=O)c1ccc(Cl)cc1S(=O)(=O)c1ccccc1	1.0	1	0.918	0.982
13	O=S(=O)(NCC1(c2ccc(Cl)cc2)CCCN1)c1ccc(Cl)c(Cl)c1	1.0	1	0.92	0.874
13	Cc1ccc(C)c(SCC(=O)Nc2ccc(Cl)cc2)c1	1.0	1	0.983	0.99
13	Cc1ccc(S(=O)(=O)Cc2ccc(Cl)cc2)cc1	1.0	1	1.012	0.992
13	Cc1cccc(C(=O)c2ccc(Cl)cc2)c1	1.0	1	1.032	0.994
13	Cc1ccc(Cl)cc1NC(=O)COc1ccccc1	1.0	0	0.84	0.994
13	O=C(Cc1ccccc1)Nc1ccc(Cc2ccccc2)cc1	1.0	0	0.725	0.994
13	Cc1ccccc1CNC(=O)C1NC(=O)NC1[O-]	1.0	0	0.869	0.719
13	O=C(CCCOc1ccccc1F)c1ccc(F)c(F)c1)(c1ccccc1)c1ccccc1	0.0	0	0.0	0.0
13	O=C(c1ccccc1)c1ccc(Cl)cc1Oc1ccc(Cl)cc1	1.0	1	1.011	0.99
13	Cc1ccc(S(=O)(=O)c2cccc(Cl)c2Cl)cc1	1.0	0	0.839	0.988
13	Cc1cc(NS(=O)(=O)c2ccc(F)cc2)ccc1Br	1.0	1	0.988	0.989
13	O=C(O)c1ccccc1-c1ccc(Cl)cc1-c1cccc(C(=O)O)c1	1.0	0	0.868	0.987
14	COc1cccc(CCNC(=O)c2cccc(Cc3ccccc3)c2)c1	1.0	0	0.754	0.991
14	Cc1ccccc1S(=O)(=O)Nc1ncc(Cl)cc1	1.0	1	0.99	0.986
14	c1ccc(N2CCN(c3cccc(F)n3)CC2)cc1Cl	1.0	0	0.863	0.983
14	Clc1ccc(OCCNCc2ccccc2)cc1	1.0	0	0.899	0.994
14	O=C(O)c1ccc(CN(Cc2ccc(F)cc2)c2ccc(F)cc2)cc1	1.0	1	0.905	0.987
14	O=S(=O)(NCCCN1CCCC1)c1ccc(Cl)cc1Cl	1.0	0	0.89	0.983
14	O=C(c1ccccc1)c1cccc(Oc2ccc(Cl)cc2)c1	1.0	1	0.935	0.993
14	CCc1ccc(NC(=O)c2ccc(Br)cc2)cc1	1.0	0	0.767	0.995
14	COc1ccc(NS(=O)(=O)c2ccc(Cl)cc2)cc12	0.0	0	0.0	0.0
14	Cc1ccc(C(=O)c2cc(Cl)ccc2NS(=O)(=O)c2ccc(Cl)cc2)cc1	1.0	0	0.899	0.987
14	O=C(O)c1ccc(Oc2ccc(Cl)cc2Cl)n2ncnc2n1	0.0	0	0.0	0.0
14	Cc1ccc(C(=O)Nc2ccc(C(=O)c3ccccc3)cc2)cc1	1.0	0	0.639	0.994
14	COc1cc(Cl)ccc1S(=O)(=O)NCc1cccnc1	1.0	1	0.916	0.984
14	COc1cc(Cl)ccc1Oc1ccc([N+](=O)[O-])cc1N	1.0	1	1.027	0.984
14	Cc1ccc(C)c(Oc2ccc(Cl)cc2NS(=O)(=O)c2ccc(Cl)cc2)c1Cl	1.0	1	0.944	0.975
14	Cc1ccc(S(=O)(=O)c2ccc(C)cc2)cc11	0.0	0	0.0	0.0
14	Cc1ccc(Cl)cc1C(=O)Nc1ccc(F)cc1	1.0	0	0.8	0.994
14	CC(=O)Nc1ccc(NS(=O)(=O)c2ccc3[nH]ccc3c2)cc1	1.0	0	0.845	0.983
14	Cc1ccc(Cn2ccc(C(=O)c3ccccc3)c2)cc1	1.0	0	0.872	0.986
14	Cc1ccc(O)cc1NS(=O)(=O)c1ccc(Cl)cc1	1.0	1	0.947	0.989
14	CCn1c(S)nnc1-c1cc(Cl)c(Cl)s1	1.0	0	0.9	0.889
14	COc1ccc(C(=O)Nc2cccc(Cl)c2)cc1	1.0	0	0.832	0.995
14	NC(=O)c1ccc(CSc2ccc(Cl)cc2)cn1	1.0	1	0.916	0.982
14	CCOc1ccc(S(=O)(=O)Nc2cc(Cl)ccc2Oc2cccc(C)c2)cc1	1.0	1	0.965	0.985
14	CN(C(=O)c1ccccc1)c1ccc(Cl)cc1	1.0	1	0.924	0.993
14	Cc1ccccc1CNC(=O)c1ccccn1	1.0	1	0.915	0.992
14	Cc1ccccc1NC(=O)c1ccccc1	1.0	0	0.843	0.997
14	CCOc1cc(C(=O)NCCC)ccc1O	1.0	0	0.87	0.991
14	c1ccc(N2CCNCC2)cc1	1.0	0	0.736	0.992
14	Cc1nnc(S)n1N=Cc1ccccc1	1.0	0	0.89	0.957
14	O=C(NCC(=O)c1ccc(Cl)cc1)c1ccccc1	1.0	0	0.814	0.993
14	COC(=O)NC(=O)C(C)Nc1ccc(C(=O)Nc2ccc(Cl)cc2)cn1	1.0	0	0.684	0.948
14	O=C(NCc1ccccc1)c1ccccc1O	1.0	1	0.94	0.995
14	O=S(=O)(c1ccccc1)c1ccc(Cl)c(Cl)c1	1.0	1	0.975	0.991
14	CC(=O)CCCCc1ccc(Cl)cc1	1.0	1	0.943	0.992
14	Nc1ccccc1OCc1ccc(F)c(Cl)c1	1.0	1	0.939	0.99
14	O=C(c1cccnc1)c1ccc(Cl)cc1Cl	1.0	1	0.97	0.989
14	Cc1ccc(S(=O)(=O)Nc2ccc(Br)cc2)cc1	1.0	1	1.04	0.993
14	Cc1ccc(S(=O)(=O)c2ccccc2)c(O)n1	1.0	1	0.958	0.974
14	Nc1ccc(Cl)cc1NS(=O)(=O)c1ccc(Cl)cc1	1.0	1	0.947	0.988
14	O=C(Nc1ccccc1F)c1ccccc1Oc1ccccc1	1.0	1	1.193	0.993
14	O=S(=O)(c1ccc(F)cn1)c1ccccc1Cl	1.0	0	0.9	0.976
14	O=C(NC1CCCCC1)c1ccc(Cl)cc1Cl	1.0	1	0.956	0.991
14	Cc1ccc(C(=O)c2cc(F)cc(C(=O)NCc3ccncc3)c2)cc1	1.0	0	0.75	0.984
14	O=C(NCCN1CCC1)c1ccc(Cl)cc1	1.0	1	0.962	0.993
14	O=C(CSCc1cccc(O)c1)c1ccccc1	1.0	0	0.869	0.988
14	O=C(Cc1ccc(Cl)cc1)c1ccc(Cl)cc1	1.0	1	1.015	0.994
14	Cc1cccc(C(=O)c2cccc(Cl)c2)c1	1.0	0	0.858	0.993
14	O=C(O)c1cccc(Oc2cccc(Cl)c2)c1	1.0	1	1.031	0.992
14	COc1nc(NS(=O)(=O)c2ccccc2)nc2ccccc12	1.0	0	0.876	0.984
14	c1ccc(Nc2cccc(Oc3ccc(Cl)cc3)c2)cc1	1.0	1	0.915	0.993
14	Cc1ccc(CNC(=O)c2cc(Cl)ccc2Cl)c(C)n1	1.0	0	0.883	0.984
14	O=C(O)c1ccccc1NS(=O)(=O)c1ccc(Cl)cc1	1.0	1	0.967	0.992
14	CC1CCCN(C(=O)Cc2ccc(Cl)cc2)C1	1.0	1	1.018	0.976
14	Fc1ccc(NCc2ccc(Cl)cc2)cn1	1.0	1	1.02	0.987
14	Oc1ccccc1CNCc1ccccc1	1.0	0	0.81	0.993
14	COc1ccc(S(=O)(=O)Nc2cccc(Cl)c2)cc1-c1ccc(Cl)cc1	1.0	1	1.03	0.987
14	Cc1ccc(S(=O)(=O)NCCSC(=N)N)cc1	1.0	0	0.854	0.972
14	Cc1ccccc1NC(=O)C(=O)c1cc(Cl)cc(Cl)c1O	1.0	1	0.927	0.98
14	Fc1ccccc1NCc1ccccc1C(F)(F)F	1.0	1	0.913	0.988
14	CC(=O)OC(C)(C)C(=O)Oc1ccc([N+](C)(C)C)cc1	1.0	0	0.766	0.924
14	Cc1ccccc1C(=O)c1ccc(Cl)c(Cl)c1	1.0	1	0.907	0.992
14	O=C(COc1ccccc1)c1ccc(Cl)c(Cl)c1	1.0	1	0.996	0.993
14	Clc1ccc(Oc2ccccc2)cc1	1.0	1	0.921	0.996
14	O=C(c1ccc(Cl)cc1)c1ccc(Cl)cc1Cl	1.0	1	0.975	0.993
14	c1ccc(Oc2ccc(Oc3ncccc3)cc2)cc1	1.0	0	0.844	0.991
14	Cc1ccc(NS(=O)(=O)c2ccc(Cl)cc2)cc1	1.0	1	1.009	0.994
14	CC(=O)c1ccc(S(=O)(=O)Nc2ccc(Cl)c3cccnc23)cc1[S-]nc2ccccc21	0.0	0	0.0	0.0
14	Clc1ccc(OCCCNS(=O)(=O)c2ccc(C(F)(F)F)cc2)cc1	1.0	1	0.93	0.986
14	CS(=O)(=O)c1ccc(Cl)c(Cl)c1	1.0	0	0.637	0.991
14	Cc1ccc(C(=O)c2cc(C(=O)NCCO)ccc2Cl)cc1	1.0	0	0.899	0.988
14	COc1ccc(S(=O)(=O)NCc2ccc(Cl)cc2)cc1	1.0	0	0.867	0.993
14	Cc1ccc(S(=O)(=O)Nc2ccc(Cl)cc2C)cc1O	1.0	1	0.976	0.985
14	CC(C)CC(NC(=O)C(Cc1ccc(Cl)cc1)NC(=O)OCc1ccccc1)c1ccccc1	1.0	0	0.0	0.924
14	Cc1ccc(OCCCCn2ccnc2)cc1	1.0	1	0.914	0.987
14	COc1cc(Cl)cnc1C(=O)Nc1ccc(Cl)cc1Oc1ccc(Cl)c(Cl)c1	1.0	0	0.896	0.972
14	O=C(O)c1ccccc1NC(=O)c1ccccc1OCc1ccccc1	1.0	0	0.801	0.992
14	CC(=O)Oc1cc(Cl)ccc1NC(=O)c1ccc(Cl)c(Cl)c1Cl	1.0	1	0.931	0.978
14	O=C(Cc1ccc(Cl)cc1)NCc1ccc(Cl)cc1	1.0	0	0.883	0.994
14	Cc1c(CC(=O)Nc2ccc(Cl)cc2)ccc2c1OC(C)(C)C2	1.0	0	0.818	0.972
14	COc1ccc(NC(=O)c2ccc(F)cc2)cc1	1.0	0	0.802	0.996
14	COc1ccc(C(=O)Nc2ccc(Cl)cc2)cc1	1.0	0	0.833	0.996
14	Cc1ccc(S(=O)(=O)c2ccc(Cl)cc2C)c(O)n1	1.0	1	1.052	0.956
14	CCCc1ccc(C(=O)NC(=O)c2ccccc2)cc1	1.0	0	0.826	0.993
14	O=C(Nc1ccc(Cl)cc1)c1ccncc1F	1.0	0	0.881	0.99
14	COc1cccc(NC(=O)COC(=O)c2ccc(Cl)cc2N)c1	1.0	0	0.88	0.988
14	O=S(=O)(Nc1ccc(Br)cc1)c1ccc(Cl)c(Cl)c1	1.0	1	0.911	0.99
14	CC(C)Nc1ncc(Cc2ccc(Cl)cc2)cn1	1.0	1	1.108	0.98
14	CC(=O)c1cc(NS(=O)(=O)c2ccc(Cl)cc2)ccc1Cl	1.0	1	0.946	0.988
14	O=C(O)c1ccccc1OCc1cccc(F)c1CN1C(=O)c2ccc(Cl)cc2C1=O	1.0	0	0.0	0.97
14	CCCCc1cccnc1N(C)C(=O)COc1ccccc1O	1.0	0	0.813	0.968
14	CCc1ncc(Cc2ccccc2C)c2occc12	1.0	1	0.918	0.958
14	O=C(NS(=O)(=O)c1ccccn1)c1ccccc1F	1.0	0	0.863	0.982
14	Cc1ccc(NS(=O)(=O)c2ccc(Cl)cc2)cc1	1.0	1	1.009	0.994
14	Oc1ccc2ccc(O)cc2c1	1.0	0	0.647	0.987
14	COc1ccc(C(=O)Nc2cccc(Cl)c2)cc1	1.0	0	0.832	0.995
14	CC(C)(C)NC(=O)c1ccc(Cl)c(Cl)c1	1.0	0	0.852	0.99
14	O=S1(=O)Cc2ccc(F)cc2N1Cc1ccc(Cl)c(Cl)c1	1.0	1	1.048	0.949
14	Oc1ccc(Oc2ccccc2)cc1	1.0	0	0.843	0.995
14	O=C(Nc1ccccc1F)c1cccc(O)c1	1.0	0	0.798	0.993
14	Fc1ccc(Nc2ccc(Br)cn2)cc1F	1.0	1	1.021	0.984
14	O=S(=O)(NCCOc1ccc(Cl)cc1)Oc1ccc(Cl)cc1	1.0	1	0.948	0.979
14	COc1cc(CSCc2cccc(Cl)c2)ccc1O	1.0	0	0.884	0.985
14	COc1nc(NS(=O)(=O)c2cccc(Cl)c2)n(-c2ccc(Br)cc2)n1	1.0	0	0.861	0.959
14	O=S(=O)(Nc1ccc(Cl)cc1)c1cccc(F)c1	1.0	1	1.027	0.992
14	Cc1ccc(C(=O)c2ccc(Cl)cc2C(=O)c2ccc(Cl)cc2)cc1	1.0	1	0.922	0.989
14	Cc1ccccc1Oc1cccc(C(=O)NC2CCCC2)c1	1.0	0	0.814	0.99
14	CC(C)NC(=O)Nc1ccc(Cl)c(Cl)c1	1.0	1	0.902	0.991
14	CS(=O)(=O)c1ccc(C(=O)Nc2ccccc2C(=O)c2ccccc2)cc1	1.0	0	0.748	0.99
14	COc1ccc(CNC(=O)c2ccc(Cl)cc2OC)cc1C	1.0	1	0.945	0.989
14	c1ccc(CNC(=S)Nc2ccc(Cl)cc2Cl)n1	0.0	0	0.0	0.0
14	CCOc1ccc(S(=O)(=O)NCc2ccc(Cl)cc2)cc1	1.0	0	0.846	0.992
14	O=C(c1ccccc1)c1ccc(Oc2ccc(Cl)cc2)cc1F	1.0	0	0.889	0.99
14	O=C(NCc1ccccc1)c1ccccc1Oc1ccccc1[N+](=O)[O-]	1.0	0	0.875	0.989
14	Cc1ccccc1C(=O)Nc1ccc(S(=O)(=O)O)cc1	1.0	0	0.776	0.992
14	O=C(CCCOc1ccccc1)Nc1ccc(F)cc1F	1.0	0	0.875	0.992
14	Nc1ccc(Br)cc1Oc1ccc(Cl)cc1NS(=O)(=O)c1ccc(Cl)cc1	1.0	1	0.964	0.978
14	O=C(c1cccnc1)c1ncccn1	1.0	0	0.775	0.974
14	Nc1ccc(Oc2ccc(Cl)cc2)cn1	1.0	1	1.022	0.989
14	CC(=O)Nc1ccc(C(=O)Nc2ccc(Cl)cc2)cc1	1.0	0	0.809	0.995
14	CCOc1ccc(NS(=O)(=O)c2ccc(Cl)cc2)cc1	1.0	1	0.95	0.993
14	OC(c1ccc(Cl)cc1)c1ccc(F)cc1	1.0	1	0.969	0.981
14	O=C(O)c1cccnc1Sc1ccc(Cl)c(Cl)c1	1.0	1	1.134	0.98
14	CC(=O)N(c1ccc(Cl)cc1)S(=O)(=O)c1ccc(C)cc1	1.0	1	1.112	0.984
14	Cc1ccc(C(=O)C2CCN(CC(=O)c3ccccc3)CC2)cc1	1.0	0	0.758	0.989
14	Cc1ccc(C(=O)c2ccc(Br)cc2)cc1	1.0	1	0.92	0.994
14	CC(C)c1ccc(C(=O)c2ccc(Cl)cc2Nc2ccc(Cl)cc2)n1	0.0	0	0.0	0.0
14	O=C(Nc1ccccc1)c1cc(Cl)ccc2ccccc12	0.0	0	0.0	0.0
14	Cc1ccc(Oc2cccc(C(=O)N3CCCCC3C)c2)cc1	1.0	0	0.819	0.972
14	Nc1ccccc1NC(=O)c1ccc(Cl)cc1	1.0	0	0.826	0.994
14	C=CCNC(=O)NC(=O)c1ccc(Cl)cc1	1.0	0	0.873	0.986
14	CCCS(=O)(=O)c1cc(Cl)ccc1Oc1cccc(Cl)c1Cl	1.0	1	0.934	0.974
14	N#Cc1ccccc1CNC(=O)c1ccc(Oc2ccccc2)cc1	1.0	0	0.762	0.989
14	Cc1ccc(S(=O)(=O)NC(=O)Nc2ccc(Cl)cc2)cc1Cl	1.0	1	0.922	0.987
14	CC(C)c1ccc(S(=O)(=O)Nc2ccccc2)cc1	1.0	1	0.96	0.993
14	CCc1ccc(S(=O)(=O)NCc2ccncc2)cc1	1.0	1	0.909	0.989
14	COc1ccc(Cl)cc1S(=O)(=O)NCCc1ccc(Cl)cc1	1.0	0	0.854	0.988
14	O=C(O)c1cccc(S(=O)(=O)Nc2cccnc2)c1	1.0	0	0.866	0.988
14	O=C(O)c1ccccc1Oc1c(Cl)cc(Cl)cc1S(=O)(=O)c1ccccc1	1.0	1	1.041	0.976
14	CCCC(=O)Nc1ccc(S(=O)(=O)Nc2ccc(Cl)cc2C)cc1	1.0	0	0.781	0.988
14	CC1C(N(C)C)CC2CC1C2(C)C	1.0	0	0.797	0.272
14	O=C(Cc1ccc(Cl)cc1)OCc1cc(Cl)ccc1Cl	1.0	0	0.89	0.988
14	N=C(N)CCC(=O)NC(=O)c1ccc(Cl)cc1	1.0	1	0.924	0.983
14	O=C(Nc1ccccc1)c1ccccc1C(F)(F)F	1.0	0	0.813	0.993
14	O=C(O)c1cccc(OCc2ccccc2)c1	1.0	1	0.92	0.995
14	C=CC(=O)NCc1cc(OC)cc(Nc2cc(Cl)cc(Cl)c2)c1	1.0	0	0.795	0.971
14	COc1cc(OC)ccc1OCC(=O)Nc1ccccn1	1.0	0	0.847	0.99
14	Cc1ccc(S(=O)(=O)Nc2ccc(Cl)c(Cl)c2O)cc1	1.0	1	1.003	0.983
14	CC(C)(C)c1ccc(S(=O)(=O)NCc2ccccc2)cc1	1.0	0	0.886	0.991
14	Oc1ccc([S+]([O-])c2ccc(Cl)c(Cl)c2)nc1Nc1cc(Cl)c(Cl)cc1Cl	1.0	0	0.835	0.63
14	c1ccc(COc2ccc(C3CNCC3C(F)(F)F)cc2)cc1	1.0	0	0.734	0.897
14	COc1ccc(C(=O)Cc2cccc(C(C)(C)C)c2)cc1	1.0	1	0.937	0.99
14	c1ccc(C2CNCC2Cc2ccccc2)cc1	1.0	0	0.897	0.941
14	Cc1ccc(C(=O)c2ccccc2C(=O)NC(C)(C)C)cc1	1.0	1	0.911	0.989
14	CCc1ncccc1Oc1ccc(Cl)cc1	1.0	1	1.04	0.986
14	O=C(O)c1ccc(SCC(=O)Nc2ccccc2Cl)cc1	1.0	0	0.878	0.991
14	Cc1cc(Cl)ccc1C(=O)Nc1ccc(Cl)c(Cl)c1	1.0	1	0.974	0.992
14	COc1ccc(S(=O)(=O)Nc2ccc(Br)cc2C)cc1	1.0	1	1.039	0.99
14	CC(C)(C)CCOc1ccc(Cl)cc1	1.0	0	0.889	0.991
14	Nc1nnc(SCC(=O)c2ccc(Cl)cc2)s1	1.0	1	1.064	0.98
14	Fc1ccc(Oc2ccccc2C(CO)c2ccccc2)cc1	1.0	1	0.97	0.97
14	Cc1cc(Cl)ccc1C(=O)Nc1ccc(Cl)c(C(=O)NCc2cccnc2)c1	1.0	0	0.687	0.984
14	Cn1cc(S(=O)(=O)c2ccc(Cl)cc2)c(SCc2ccccc2Cl)n1	1.0	1	0.939	0.963
14	Cc1ccc(S(=O)(=O)Nc2ccc(Br)cc2C)cn1	1.0	1	1.004	0.983
14	Cc1ccc(C(=O)C2CC2)cc1	1.0	0	0.721	0.994
14	CCCC(=O)Nc1ccc(S(=O)(=O)c2ccc(Cl)cc2)cc1	1.0	0	0.885	0.99
14	O=C(NCC(O)CO)c1ccc(Cl)cc1	1.0	1	0.961	0.977
14	O=C(CCC1CCCCC1)c1cccc(F)c1	1.0	0	0.847	0.988
14	Clc1ccc(Oc2ccc(Br)cc2)c2cccnc12	1.0	1	1.017	0.987
14	O=C(O)c1ccccc1SSc1ccc(Cl)cc1	1.0	1	1.043	0.979
14	CC(C)(C)c1ccc(S(=O)(=O)Nc2ccc(Cl)cc2)cc1	1.0	1	0.937	0.991
14	CCc1ccc(Nc2ccnc(N)n2)cc1	1.0	1	0.925	0.984
14	Fc1ccc(NCc2ccc(Cl)cc2)nc1SCCBr	1.0	0	0.882	0.959
14	O=S(=O)(NCC1CC1)c1ccccc1	1.0	0	0.775	0.991
14	COc1cccc2c1CCCC2(O)c1ccccc1	1.0	0	0.897	0.938
14	O=S(=O)(NCCc1ccccc1)c1cccc(O)c1	1.0	0	0.868	0.99
14	O=S(=O)(NCCOc1ccc(Cl)cc1)c1ccc(Cl)c(Cl)c1	1.0	1	0.93	0.988
14	O=S(=O)(c1ccc(Cl)cc1O)S(=O)(=O)c1ccc(Br)cc1	1.0	1	1.003	0.96
14	O=C(c1cccnc1)c1ccc(Cl)cc1Oc1ccc(Cl)cc1Cl	1.0	1	0.991	0.981
14	Cc1ccc(NS(=O)(=O)c2cccc(C)c2)c(C)c1	1.0	1	1.011	0.991
14	COc1ccc(CCNC(=O)c2cccc(OC)c2)cc1	1.0	0	0.817	0.994
14	O=C(c1ccc(Cl)cc1)c1cccn1Cc1cccc(Cl)c1Cl	1.0	1	0.981	0.979
14	O=C(NCc1ccc(Cl)cc1)c1cc(Cl)ccc1Oc1ccc(Cl)cc1	1.0	1	0.946	0.989
14	Cc1c(C(=O)c2cccc(Cl)c2Cl)c2ccccc2n1-c1ccc(Cl)cc1	1.0	1	0.936	0.978
14	Clc1ccc(CNCc2ccccc2)cc1	1.0	1	0.933	0.995
14	COc1ccc(Cn2nc(C(C)(C)C)cc2OC)cc1	1.0	1	0.901	0.975
14	OC(c1ccc(F)cc1)S(=O)(=O)c1ccc(Cl)cc1F	1.0	1	0.975	0.928
14	O=C(NCc1ccc(Cl)cc1)c1cccnc1Nc1ccc(Cl)cc1	1.0	0	0.83	0.988
14	Cc1ccc(S(=O)(=O)NCc2cccc3ccccc23)cc1	1.0	0	0.893	0.991
14	O=S(=O)(NCCc1ccc(F)cc1)c1ccccc1O	1.0	0	0.872	0.987
14	Nc1ccccc1OCc1ccc(Cl)c(Cl)c1	1.0	1	1.013	0.991
14	O=C(Nc1ccc(Cl)cc1)c1cc(Cl)cc(Cl)c1-c1ccc(Cl)cc1	1.0	0	0.828	0.986
14	Cc1ccc(S(=O)(=O)NCCc2ccc(Cl)cc2)cc1	1.0	1	0.951	0.992
14	Cc1cccc(C(=O)c2ccccc2)c1C1=NCCOCC1	1.0	0	0.845	0.954
14	O=C(NCc1ccccc1)c1cc(Cl)ccc1Oc1ccc(Cl)cc1	1.0	0	0.882	0.991
14	O=C(NCCc1ccccc1)c1ccccc1Cc1ccc(Cl)c(Cl)c1	1.0	0	0.853	0.988
14	CCCCC(=O)NC(=O)c1ccc2c(c1)OC1CCC(O)CC12Cc1ccccc1	1.0	0	0.733	0.702
14	CC(=O)Nc1ccc(-c2ccc(C(=O)NCc3ccccc3)cc2)cc1	1.0	0	0.633	0.993
14	CS(=O)(=O)Nc1ccc(S(=O)(=O)NCCCO)cc1	1.0	0	0.776	0.983
14	O=C(Nc1ncccc1O)c1cccc(OS(=O)(=O)c2ccc(Cl)c(Cl)c2)c1	1.0	0	0.842	0.972
15	Cc1ccc(OCc2ccc(Cl)cc2)cc1	1.0	1	0.997	0.996
15	Cc1ccc(C(=O)Nc2ccc(Oc3ccccc3)cc2)cc1	1.0	0	0.68	0.994
15	O=C(Nc1ccc(Cl)cc1)c1cccnc1Oc1ccccc1	1.0	1	1.199	0.99
15	Cc1cc(C)c2c(CN(C)C)cn(Cc3ccc(Cl)cc3)c2n1	1.0	1	0.946	0.967
15	O=C(O)c1c(Cc2ccccc2)c2ccccc2c(=O)n1	0.0	0	0.0	0.0
15	CNS(=O)(=O)Nc1cc(Cl)c(Cl)cc1Oc1ccc(Cl)c(Cl)c1	1.0	1	1.097	0.964
15	COc1ccc(Cl)cc1NC(=O)c1ccccc1	1.0	0	0.726	0.995
15	CC(=O)Nc1ccc(NS(=O)(=O)c2ccc(Cl)c(C)c2)cc1	1.0	0	0.864	0.989
15	Cc1ccc(C(=O)N(C)CC(=O)O)cc1Cl	1.0	1	0.966	0.987
15	Cc1ccc(C(=O)C2CCCCC2c2ccc(Cl)cc2)cc1	1.0	1	0.989	0.945
15	CCCCc1ccc(CC(NC(=O)c2cccc(Cl)c2)C(=O)O)c1	0.0	0	0.0	0.0
15	CC(Cl)(Cl)C(=O)Oc1ccc(Cl)cc1	1.0	0	0.877	0.976
15	COc1ncccc1CNc1ccc(Cl)cc1C(=O)O	1.0	1	0.931	0.983
15	COc1ccc(CC(=O)NCCc2ccc(Cl)cc2)cc1	1.0	0	0.845	0.993
15	O=C(Nc1ccc(Cl)cc1)c1cc(Cl)c(Cl)cn1	1.0	0	0.822	0.987
15	c1ccc(Nc2ccc(Cl)cc2)cc1	1.0	0	0.866	0.996
15	Cc1ccc(S(=O)(=O)Nc2ccccc2)cc1	1.0	1	0.96	0.995
15	Clc1ccc(Oc2cccc(Br)c2)cc1	1.0	1	0.932	0.993
15	O=Cc1ccc(Oc2cccc(Cl)c2)cc1	1.0	1	0.948	0.991
15	O=C(c1ccco1)c1ccccc1Oc1ccccc1	1.0	1	1.05	0.989
15	O=C(O)c1ccccc1Cc1ccc(Cl)nc1O	1.0	1	1.104	0.969
15	Fc1ccc(Cl)c(Oc2ccc(Cl)cc2Cl)c1	1.0	1	0.982	0.989
15	O=S(=O)(NCCSc1ccccc1)c1ccc(Cl)c(Cl)c1	1.0	0	0.857	0.984
15	Cc1ccccc1S(=O)(=O)NCc1cccnc1	1.0	0	0.862	0.988
15	O=C(OCc1ccc(Cl)c(Cl)c1)c1ccccc1O	1.0	1	1.125	0.99
15	O=C(CCc1cccc(F)c1)c1ccccc1	1.0	0	0.794	0.994
15	O=S(=O)(c1cc(Cl)ccc1Cl)c1sc2ccccc2c1O	1.0	0	0.832	0.961
15	COc1ccc(C(=O)Cc2cccc(Cl)c2)cc1	1.0	1	1.017	0.993
15	Cc1ccc(S(=O)(=O)NCc2ccccc2)cc1	1.0	0	0.862	0.994
15	Cc1ccc(C(=O)c2ccc(Cl)cc2)c(C#N)c1Cl	1.0	1	0.939	0.976
15	COc1ccncc1NS(=O)(=O)c1ccc(Cl)cc1	1.0	1	0.946	0.987
15	Nc1ccc(C(=O)c2ccc(Cl)cc2)cc1	1.0	1	0.916	0.993
15	Cc1ccc(S(=O)(=O)N2C(=O)C(=NS(=O)(=O)c3ccccc3)C3CCC23)cc1	1.0	0	0.897	0.792
15	CCc1cccc(C(=O)c2ccc(Cl)cc2)c1O	1.0	1	1.03	0.988
15	CC(C)N(C)c1ccc(NS(=O)(=O)c2ccccc2)cc1	1.0	1	0.915	0.986
15	O=C(Nc1ccccc1)c1ccccc1O	1.0	0	0.731	0.995
15	CCOC(=O)C(=O)c1ccc(Cl)cc1	1.0	0	0.893	0.99
15	Clc1ccc(Oc2ccc(Br)cc2)cc1	1.0	1	0.955	0.995
15	Cc1cccc(C(=O)NC(=O)Nc2cccc(Cl)c2)c1	1.0	0	0.76	0.991
15	Cc1cc(Cl)ccc1NC(=O)Nc1ccc(Cl)cc1	1.0	0	0.829	0.993
15	O=C(c1cccc(Cl)c1)c1cc(Cl)ccc1Oc1ccc(Cl)cc1	1.0	1	0.961	0.988
15	Clc1ccc(NNCCCCCc2ccccc2)cc1	1.0	0	0.742	0.987
15	Cc1ccccc1NS(=O)(=O)c1ccc(Cl)cc1Cl	1.0	1	0.941	0.99
15	O=C(Nc1ccccc1)c1ccccc1O	1.0	0	0.731	0.995
15	Cc1ccc(C(=O)C(=O)c2ccc(Cl)cc2Cl)cc1	1.0	1	0.983	0.988
15	COc1ccc(F)cc1S(=O)(=O)N=C1N(C)C(=O)N1Cc1ccc(Cl)cc1	1.0	0	0.854	0.941
15	Cc1cc(C(=O)c2ccc(Cl)cc2)ccc1O	1.0	1	0.974	0.991
15	C=CCc1cccc(C=NNC(=O)c2ccc(Cl)cc2)c1N[N+](=O)(=O	0.0	0	0.0	0.0
15	O=C(O)c1ccccc1NS(=O)(=O)c1ccc(CO)cc1	1.0	0	0.829	0.99
15	CC(=O)c1cccc(Oc2ccc(Cl)c(Cl)c2)c1O	1.0	1	1.17	0.984
15	Cc1ccc(NCc2ccc(Cl)cc2)cc1	1.0	1	0.94	0.995
15	O=S(=O)(Nc1ccncc1)c1ccc(Cl)c(Cl)c1	1.0	1	0.914	0.986
15	CCOc1cc(F)ccc1NS(=O)(=O)c1ccc(Cl)cc1Cl	1.0	0	0.873	0.984
15	CCCOc1ccnc2ccccc12	1.0	0	0.784	0.991
15	CCc1ccccc1NS(=O)(=O)c1ccc(C)cc1	1.0	1	0.905	0.992
15	Cc1cc(Oc2cccnc2)ccc1NC(=O)c1ccccc1	1.0	0	0.761	0.99
15	Fc1ccc(Oc2ccc(Cl)cc2)cn1	1.0	1	1.086	0.988
15	Cc1ccnc2c(Oc3ccc(Br)cc3)ccn12	1.0	1	1.068	0.97
15	Cc1ccc(S(=O)(=O)NCCc2ccc(Cl)cc2)cc1	1.0	1	0.951	0.992
15	Cc1ccc(S(=O)(=O)NCc2ccccc2)cc1	1.0	0	0.862	0.994
15	CSCCc1ccncc1C#N	1.0	0	0.79	0.932
15	O=C(NCCC(=O)c1ccc(Cl)c(Cl)c1)c1ccc(Cl)c(Cl)c1	1.0	0	0.867	0.987
15	O=C(NCc1ccccc1)c1ccccc1Cl	1.0	0	0.859	0.996
15	COc1ccccc1NS(=O)(=O)c1ccc(C(C)C)cc1	1.0	0	0.887	0.991
15	Fc1ccc(Oc2ccccc2C(=O)c2ccc(Cl)c(Cl)c2)cc1	1.0	1	0.977	0.989
15	Cc1ccnc(SCc2ccc(Cl)cc2)n1	1.0	1	0.943	0.986
15	O=C(NCc1ccccc1)c1ccc(Cl)cc1NC(=O)c1ccc(Cl)c([N+](=O)[O-])c1	1.0	0	0.701	0.984
15	Cc1ccc(S(=O)(=O)Cc2ccc(Cl)cc2)cc1	1.0	1	1.012	0.992
15	Cc1ccc(S(=O)(=O)NCCc2ccccc2)cc1	1.0	1	0.937	0.993
15	Cc1ccc(Cc2cccc(C(=O)Nc3ccc(Cl)cc3)c2)cc1	1.0	0	0.804	0.992
15	Nc1ncnc(Nc2ccc(Cl)cc2)c1C(=O)c1ccccc1Cl	1.0	1	1.112	0.976
15	Cc1cc(CC(=O)c2ccccc2)c2ccccc2n1	1.0	1	0.922	0.989
15	O=C(c1cnn(-c2ccc(Cl)cc2)c1)N1CCCCCCC1	1.0	1	0.918	0.984
15	O=S(=O)(Nc1ccc(Cl)cc1)c1ccccc1	1.0	1	1.071	0.994
15	CC(=O)NC(=O)c1cc(Cl)cc(Cl)c1N	1.0	0	0.704	0.974
15	O=S(=O)(NCCc1ccccc1)c1ccccc1Oc1ccccc1	1.0	0	0.864	0.989
15	Cc1cc2ccccc2nc1S(=O)(=O)c1ccc(Cl)cc1	1.0	1	0.992	0.981
15	Fc1ccccc1CC(Cl)(Cl)Cl	1.0	0	0.752	0.97
15	Cc1cc(Cl)ccc1NS(=O)(=O)c1ccc(Cl)c(Cl)c1	1.0	1	0.937	0.988
15	O=C(NC(=O)c1ccc(Cl)cc1)c1ccc(Cl)c(Cl)c1	1.0	1	0.93	0.991
15	Brc1ccccc1Sc1ccc(Cl)cc1N	1.0	1	0.95	0.979
15	CSCCc1ccccc1NS(=O)(=O)c1ccc(Cl)cc1N	1.0	1	0.924	0.973
15	Cc1ccc(C(=O)c2ccc(Cl)cc2)cc1	1.0	1	0.923	0.995
15	O=S(=O)(Nc1ccc(Br)cc1NS(=O)(=O)c1cccc(Cl)c1)c1ccccc1	1.0	0	0.889	0.981
15	COc1cccc2cc(C=NNS(=O)(=O)c3ccccc3)ccc2c1=N	1.0	0	0.711	0.957
15	COc1ccc(C(=O)Nc2ccc(Br)cc2C)cc1	1.0	1	0.923	0.994
15	O=S(=O)(Nc1ccc(Cl)cc1)c1ccc(F)cc1	1.0	1	1.024	0.993
15	Clc1ccc(N2CCCCC2)cc1	1.0	0	0.857	0.994
15	CC(=O)NC(=S)Nc1ccc(Cl)cc1	1.0	1	1.006	0.99
15	N#Cc1ccc(F)c(OCCCc2ccccc2)c1	1.0	0	0.786	0.988
15	CC(=O)NCc1ccccc1	1.0	0	0.755	0.996
15	COc1ccc(Br)cc1CC(=O)c1cccc(Cl)c1	1.0	1	1.026	0.988
15	COc1ccc(Oc2ncc3nc(Nc4ccc(Cl)cc4)nc3n2)cc1	0.0	0	0.0	0.0
15	CCc1ccc(S(=O)(=O)Nc2ccc(Cl)cc2C(N)=O)cc1	1.0	1	0.96	0.987
15	CC(=O)c1ccc(OC(=O)c2ccc(F)cc2)cc1	1.0	0	0.747	0.993
15	COc1cccc(CNS(=O)(=O)c2ccc(Cl)cc2)c1	1.0	0	0.88	0.992
15	COc1ccccc1Cc1ncccc1O	1.0	0	0.866	0.984
15	O=C(CCc1ccccc1)c1ccccc1O	1.0	0	0.801	0.993
15	Fc1cccc(Oc2ccc(I)cc2)c1	1.0	1	0.997	0.99
15	CCOC(=O)c1ccc(OC(=O)c2ccc(Oc3ccc(Cl)cc3)cc2)cc1	1.0	0	0.588	0.989
15	Cc1cc(C(=O)c2ccccc2)ccc1O	1.0	0	0.819	0.993
15	O=C(NC(=O)c1ccccc1)c1ccccc1	1.0	0	0.768	0.995
15	Cc1cc(Cl)ccc1NS(=O)(=O)c1ccc(Cl)c(Cl)c1	1.0	1	0.937	0.988
15	CC(=O)C(C)n1nc(C)c(C(=O)Nc2ccc(Cl)cc2)c1SC	1.0	1	0.901	0.893
15	O=C1CC(c2ccccc2)CC(=O)C1=O	1.0	1	0.931	0.976
15	CCCn1c(SCC(=O)c2ccccc2)nc2ccccc21	1.0	0	0.863	0.988
15	COc1ccccc1NS(=O)(=O)c1ccc(S(=O)(=O)c2ccccc2Cl)cc1	1.0	0	0.756	0.984
15	COc1ccc(S(=O)(=O)Nc2ccc(Cl)cc2)cc1	1.0	1	1.001	0.994
15	O=C(O)c1ccccc1SSc1ccccc1	1.0	1	0.958	0.981
15	O=S(=O)(c1ccc(Cl)cc1)c1cccs1	1.0	1	0.929	0.986
15	Cc1cc(Br)ccc1C(=O)c1ccc(C(C)(C)C)cc1	1.0	0	0.882	0.988
15	COc1ccc(CNCc2ccc(Cl)cc2Cl)c2cccnc12	1.0	0	0.812	0.981
15	Cc1ccc(C(=O)C(=O)c2ccccc2)cc1	1.0	1	0.942	0.993
15	O=C(C1CCCN(C2CCCC2)C1)N1CCCCC1	1.0	0	0.814	0.957
15	O=S(=O)(NCC1CCCNC1)c1ccc(Cl)c(Cl)c1O2	0.0	0	0.0	0.0
15	Cc1ccc(C(=O)Nc2ccc(S(=O)(=O)NCC3CCCCC3)cc2)cc1	1.0	0	0.725	0.987
15	Cc1ccc(CCNC(=O)c2ccc(Cl)c(Cl)c2)cc1O	1.0	1	0.962	0.987
15	CC(=O)NC(=O)c1cccc(F)c1[CH2-]2	0.0	0	0.0	0.0
15	O=C(Cc1cccc(C(=O)O)c1)Nc1ccc(Cl)cc1	1.0	0	0.843	0.993
15	CC(=O)Nc1ccc(S(=O)(=O)Nc2ccc(Cl)cc2C)cc1	1.0	1	0.925	0.989
15	COc1ccc(OCc2cc(Cl)ccc2OCc2ccccc2)cc1	1.0	1	0.965	0.991
15	O=C(NCC(O)c1ccccc1)c1ccc(Cl)cc1NC(=O)OCc1ccccc1	1.0	0	0.767	0.962
15	O=C(O)c1ccccc1OCc1ccccc1F	1.0	1	0.929	0.993
15	O=C(O)c1ccc(C(=O)c2ccc(Cl)cc2)cc1	1.0	0	0.884	0.994
15	O=Nc1ccc(Oc2ccc(Cl)cc2)cc1	1.0	1	1.017	0.987
15	COc1cccc(C(=O)NC(=O)Nc2cccc(C(C)C)c2)c1	1.0	0	0.722	0.989
15	CC(C)c1ccc(S(=O)(=O)c2ccc(Cl)cc2)cc1	1.0	1	0.936	0.991
15	CCc1nnc(NS(=O)(=O)c2cccc(Cl)c2)s1	1.0	0	0.89	0.977
15	O=C(c1ccccc1)c1ccccc1C(=O)c1ccc(Cl)cc1	1.0	1	0.923	0.992
15	COc1ccc2ccccc2c1CNS(=O)(=O)c1ccccc1C(=O)O	1.0	0	0.828	0.982
15	O=C(NS(=O)(=O)c1ccccc1)c1ccccc1	1.0	0	0.825	0.994
15	Cc1cccc(C(=O)c2ccc(Cl)cc2)c1I	1.0	1	0.919	0.986
15	CC(=O)c1ccc(-c2ccc(Cl)cc2)cc1	1.0	1	0.94	0.995
15	COc1ccc(C(=O)Nc2c(C)cccc2C)cc1	1.0	0	0.784	0.994
15	Cc1ccc(CCNC(=O)c2ccccc2)cc1	1.0	0	0.844	0.995
15	Oc1cc(Sc2ccccc2)ccc1O	1.0	0	0.896	0.985
15	Cc1cc(Oc2ccc(Br)cc2Oc2ccccc2)ccc1O	1.0	1	0.919	0.985
15	Cc1cc(Br)ccc1C(=O)Nc1ccc(Cl)cc1	1.0	1	0.914	0.993
15	c1ccc(CCc2ccccc2)cc1	1.0	0	0.851	0.997
15	O=C(CCc1cccs1)OCc1cc(Cl)ccc1Br	1.0	0	0.809	0.978
15	Cc1ccc(C(=O)Nc2ccccc2C(=O)NCC(=O)Nc2ccc(Cl)cc2)cc1	1.0	0	0.755	0.989
15	O=S(=O)(Nc1ccccn1)c1ccccc1O	1.0	0	0.876	0.983
15	Cc1ccccc1C(=O)NCc1ccc(Cl)cc1	1.0	1	0.965	0.995
15	O=C(Nc1ccccc1)c1cc(Br)ccc1O	1.0	0	0.769	0.993
15	Cc1ccc(S(=O)(=O)Nc2ccc(F)cc2C)cc1	1.0	0	0.892	0.991
15	Cc1ccc(Cl)cc1NC(=O)C(=O)c1ccccc1	1.0	0	0.879	0.991
15	CC(=O)c1ccccc1	1.0	0	0.517	0.997
15	CC(C)NS(=O)(=O)c1ccccc1	1.0	0	0.712	0.993
15	O=C(Nc1ccccc1)c1ccc(Cl)cc1NC(=O)c1ccccc1	1.0	0	0.67	0.993
15	CN(C)c1ccc(C(=O)Nc2ccc(Cl)cc2)cc1	1.0	0	0.824	0.994
15	Cc1ccc(-c2ccccc2N2CCCCC2)cc1	1.0	0	0.832	0.992
15	O=C(O)c1cccc(Oc2ccc(C(=O)Nc3ccc(Cl)cc3)cc2)c1	1.0	0	0.657	0.991
15	N#Cc1cccnc1SCNC(=O)c1ccccc1	1.0	0	0.823	0.971
15	CC(=O)c1ccccc1C(=O)Nc1ccccc1C(=O)O	1.0	0	0.8	0.991
15	Cc1ccc(S(=O)(=O)NCc2cccnc2)cc1	1.0	1	0.916	0.99
15	Cc1ccc(Cl)c(NS(=O)(=O)c2ccccc2)c1	1.0	0	0.84	0.992
15	O=C(c1ccc2ccccc2c1)C1CCCCC1c1ccccc1	1.0	1	0.999	0.941
15	O=C(Nc1cc(Cl)ccc1S(=O)(=O)Nc1ccncc1)c1cccnc1	1.0	0	0.848	0.977
15	Cc1ccc(S(=O)(=O)Nc2ccc(Cl)cc2C)cc1	1.0	1	1.063	0.992
15	Cc1ccc(C(=O)c2ccc(Cl)cc2)cc1	1.0	1	0.923	0.995
15	COCc1ccccc1S(=O)(=O)c1ccc(Cl)cc1C	1.0	1	1.178	0.979
15	Cc1ccc(Cl)cc1NC(=O)Cc1ccc(Cl)cc1	1.0	1	0.961	0.993
15	O=C(NCc1ccccc1)c1ccccc1	1.0	0	0.807	0.997
15	O=C(NCCN1CCOCC1)Nc1ccc(Cl)cc1	1.0	0	0.839	0.989
15	Cc1ccc(C(=O)Nc2ccc(F)cc2)cc1	1.0	0	0.797	0.996
15	Cc1nc(C(=O)N(C)C)nc(C(C)C)n1	1.0	0	0.838	0.919
15	O=S1(=O)c2ccc(Cl)cc2Cc2ccccc21	1.0	1	0.906	0.96
15	O=S(=O)(Nc1ncns1)c1ccc(Cl)c(Cl)c1	1.0	0	0.891	0.961
15	CC(C)(C)c1ccccc1Sc1ccc(Cl)cc1O	1.0	1	1.065	0.972
15	Cc1ccccc1NC(=O)COC(=O)Cc1ccccc1[N+](=O)[O-]	1.0	0	0.825	0.987
15	Cc1nc2c(oc3ccccc32)c2ccc(Br)cc12	1.0	0	0.791	0.975
15	COc1ccccc1C(=O)Nc1ccccc1NS(=O)(=O)c1ccc(Cl)cc1	1.0	0	0.794	0.988
15	O=C(NCCc1ccccc1)c1ccccc1	1.0	0	0.869	0.996
15	O=C(C=Cc1ccc(Cl)cc1)c1cccnc1	1.0	1	0.993	0.987
15	Cc1ccccc1C(=O)Nc1ccc(S(=O)(=O)Nc2cccnc2)cc1	1.0	0	0.708	0.988
15	CCCCc1nc(Oc2ccc(Cl)cc2)c(N)n1N(C)S(=O)(=O)c1ccc(Br)cc1	1.0	0	0.759	0.914
15	c1ccc(Oc2ccc(Cl)cc2)c2cccnc12	1.0	1	1.059	0.992
15	COc1ccc(S(=O)(=O)NCc2ccc(C)cc2)cc1Cl	1.0	0	0.895	0.99
15	COc1ccc(OCc2ccccc2)cc1CC(=O)c1ccc(Cl)cc1	1.0	0	0.829	0.989
15	Cc1cncc(-c2cccc(C(=O)N3CCC(c4ccccc4)C3)c2)c1	1.0	0	0.803	0.958
15	COc1cccc(CC2CCCCN2C(=O)c2ccccc2)c1	1.0	0	0.894	0.973
15	COCCOc1ccc(S(=O)(=O)NCCCn2ccnc2)cc1	1.0	0	0.783	0.977
15	Cc1ccccc1C(=O)C(Cc1ccccc1)N1C(=O)c2ccccc2C1=O	1.0	0	0.821	0.954
15	Cc1ccc(C(=O)Nc2cccc(F)c2)cc1	1.0	0	0.801	0.995
15	Cc1cc(COc2ccc(C(=O)NCC3(C)OC(=O)NC33CCCCC3)cc2)c2ccccc2c1O	1.0	0	0.0	0.587
15	O=C(NCc1ccccc1F)c1ccnc(O)n1	1.0	1	0.922	0.973
15	c1ccc(CCNc2ccccc2)cc1	1.0	0	0.782	0.996
15	Cc1cc(Cl)ccc1S(=O)(=O)Nc1cc(Cl)c(Cl)cc1N(C)C	1.0	1	0.916	0.97
15	Cc1ccccc1C(=O)NCCNC(=O)c1ccccc1	1.0	0	0.783	0.993
15	CC(=O)c1ccc(S(=O)(=O)c2ccc(Cl)cc2)cc1	1.0	1	0.982	0.992
15	NC(=O)c1cccc(Cc2ccc(Cl)cc2)cc11	0.0	0	0.0	0.0
15	Nc1ccc(Oc2ccc(Cl)cc2)cc1	1.0	1	0.949	0.994
15	COc1ccc(Oc2ccc(Cl)cc2NS(=O)(=O)c2ccc(Cl)cc2)cc1	1.0	0	0.898	0.987
15	Cc1ccc(C(=O)Nc2ccc(Cl)c(Cl)c2)cc1	1.0	1	0.947	0.995
15	O=C(Cc1ccccc1)CSc1nc(Nc2ccc(Cl)cc2)c2ccccc2n1	1.0	0	0.75	0.978
15	Cc1ccc(C(=O)CCCCOc2ccc(Cl)cc2)cc1	1.0	0	0.889	0.992
15	O=C(Nc1ccc(F)cc1)c1cc(Cl)ccc1Cl	1.0	0	0.82	0.994
15	O=Nc1c(O)n(Cc2ccc(Cl)cc2)c2ccccc12	1.0	1	1.101	0.969
15	Cc1ccc(C(=O)Nc2cccc(C(=O)NC3CC3)c2)cc1	1.0	0	0.71	0.993
15	O=C(c1ccc(F)cc1Cl)c1ccccn1	1.0	1	0.904	0.987
