Epoch	SMILES	Valid	Desired	ROCS_CCR2	SA
1	CCOc1cc(C(=O)Nc2c(C)ccc3cccnc23)cc(OC)c1OC	1.0	0	0.791	0.977
1	OC1=CCCc2cc(-n3ccnc3)c(Cl)cc21	1.0	1	0.908	0.9
1	COc1ccc(C2COc3cc(O)ccc3C2)cc1	1.0	1	1.038	0.951
1	CCn1c(SCC(=O)Nc2ccccc2)nnc1C(C)C	1.0	0	0.836	0.985
1	Oc1ccc2c(c1)OC(Cc1ccccc1)CC2	1.0	1	1.207	0.954
1	CCCc1cc(C(=O)NCCCOC(C)C)no1	1.0	0	0.813	0.968
1	O=C(Nc1nnc(C2CC2)s1)c1ccccc1O	1.0	0	0.897	0.981
1	COc1cccc(NC2=CC(c3ccccc3)N(c3ccc(Oc4ccccc4)cc3)C2=O)c1	1.0	0	0.0	0.929
1	N#CC(c1ccccn1)c1cc(Br)ccc1N	1.0	1	0.94	0.879
1	Cc1ccc(Sc2ccc(-c3ccn4c(-c5ccccc5)cnc4c3)cc2F)cn1	1.0	0	0.753	0.949
1	Cc1ccc(OCc2nnc(SCC(=O)c3ccccc3)n2N)cc1C	1.0	0	0.807	0.978
1	O=C(NC1CC1)c1cccc(OC2CCN(Cc3ccccc3)C2)c1	1.0	0	0.82	0.966
1	FC(F)(F)c1ncc(N2CCNCC2)c(NC(Cc2ccccc2)Cc2ccc(Cl)cc2)n1	1.0	0	0.0	0.866
1	CC(C)=c1cccc(NC(=O)NCc2ccccc2)c1	0.0	0	0.0	0.0
1	CC1Cn2c(nc3cccnc32)C(=O)O1	1.0	1	0.931	0.811
1	CC(C)n1cc(-c2ccc(Nc3ncc4cc(C(=O)N(C)C)n(CC(F)(F)F)c4c3)nc2)cn1	1.0	0	0.0	0.873
1	NCCN1C(=O)C(=Cc2cccc(O)c2)SC1=S	1.0	1	0.933	0.965
1	CN(c1cncnc1)c1cccc(C(=O)Nc2cccnc2)c1	1.0	0	0.812	0.969
1	Fc1ccc2[nH]cc(CCCN3CCCCC3)c2c1	1.0	1	0.905	0.983
1	Cc1cnc(Oc2ccc(-c3ccc(C4CCC(CC(=O)O)CC4)cc3)cc2)nc1	1.0	0	0.655	0.967
1	CCn1cccc1C(=O)Nc1ccn(Cc2ccc(F)cc2)n1	1.0	0	0.812	0.972
1	O=S(=O)(NC(=S)c1cc(C2CC2)nc2ccccc12)c1cccc(Br)c1	1.0	0	0.789	0.955
1	CCn1c(SCC(=O)Nc2cc(C3CC3)cc([N+](=O)[O-])c2)nc2ccccc21	1.0	0	0.826	0.971
1	NC(Cc1ccccc1)C(=O)O	1.0	0	0.768	0.986
1	CN(C)c1nc(N)nc(COC(=O)c2c(Cl)ccc3ccccc23)n1	1.0	1	1.078	0.961
1	O=C(c1ccc(F)cc1)c1ccn(Cc2ccccc2)n1	1.0	1	1.068	0.987
1	O=C(CCn1cc([N+](=O)[O-])cn1)NCc1ccccc1	1.0	1	1.003	0.983
1	Nc1cc(-c2ccccc2)nc2nn(-c3ccccc3)c(O)c12	1.0	0	0.79	0.969
1	COc1cc(C=C2C(=O)NC(=O)N(c3ccc(Br)c(C)c3)C2=O)cc(OC)c1O	1.0	0	0.783	0.959
1	COC(=O)c1cc2cnc(Nc3ccc(N4CCNCC4)cc3)nc2n(C2CCCC2)c1=O	1.0	0	0.0	0.944
1	Cc1ccc(OCC(=O)OCC(=O)C2C(=N)N(C)C(=O)N(C)C2=O)cc1C	1.0	0	0.739	0.824
1	CCOc1ccc2nc(-c3cccc(NS(C)(=O)=O)c3)cnc2c1	1.0	0	0.858	0.979
1	O=C(C[n+]1cccc2ccccc21)c1ccc([N+](=O)[O-])cc1	1.0	1	0.968	0.97
1	COc1ccc(C)cc1NC(=O)CN1C(=O)CSc2ccc(S(=O)(=O)N3CCCCCC3)cc21	1.0	0	0.0	0.961
1	Cc1ccc(C)c2oc(=S)c(C)c(=O)c2c1	0.0	0	0.0	0.0
1	COc1ccc(-c2nc(C)c(CCCOc3ccccc3Br)s2)c(OC)c1	1.0	0	0.786	0.971
1	C#CCCCOc1ccc(C(C)(N)C(=O)N2CCCC2C(=O)O)cc1	1.0	0	0.799	0.816
1	O=C(Nc1nc(-c2cc(F)ccc2F)cs1)c1ccc(Br)cc1	1.0	1	0.955	0.984
1	Nc1ncccc1Sc1ccc(OC(F)(F)F)cc1	1.0	1	0.928	0.97
1	S=C(Nc1ccc2ncnc(Nc3cccc(Cl)c3Cl)c2c1)N1CCOCC1	1.0	0	0.835	0.962
1	CCN(CC)c1ccc(CN2CCCCCC2)cc1	1.0	1	0.917	0.989
1	CC(C)c1ccc(C(=O)CC2(O)C(=O)N(Cc3ccccc3)c3ccc(Br)cc32)cc1	1.0	0	0.0	0.936
1	COc1ccc(NC(O)c2cc(-c3c(F)cccc3Cl)no2)cc1Cl	1.0	1	0.923	0.865
1	Cc1ccc(C(=O)NCCNc2ccc([N+](=O)[O-])cc2)cc1F	1.0	0	0.792	0.986
1	O=Cc1coc2ccccc2c1=O	1.0	0	0.885	0.972
1	O=C(NC1CCCc2ccccc21)c1cccc2c1CCN(Cc1cnc3ccccc3n1)C2	1.0	0	0.0	0.898
1	NC(=NC(=O)c1cccc(-n2cccn2)c1)c1ccccc1	1.0	0	0.889	0.975
1	CC(C)Cc1cc(C(=O)NC2C3CC4CC(C3)CC2C4)co1	1.0	1	0.952	0.572
1	COc1ccc(C2c3[nH]c4ccc(OC)cc4c3CCN2C(=O)c2ccccc2Br)cc1	1.0	0	0.0	0.929
1	COc1cc(C(=O)N2CCOCC2)ccc1Nc1ncc2cccc(NCc3ccccc3OC)c2n1	1.0	0	0.0	0.957
1	COC(COc1cccc(C=CC(=O)O)c1)Cc1ccc(C(F)(F)F)cc1	1.0	0	0.876	0.922
1	O=C(Cc1ccc(N2CCOCC2)c([N+](=O)[O-])c1)NCc1ccccn1	1.0	0	0.771	0.975
1	CC(=O)Nc1ccc(F)c(-c2cccc(C(=O)Nc3ccc(C#N)cc3)c2)c1	1.0	0	0.794	0.984
1	O=C(COc1ccccc1Cl)NCc1ccccn1	1.0	0	0.837	0.99
1	O=C(CSc1nnc(-c2ccccc2)n1Cc1ccccc1)Nc1ccccc1	1.0	0	0.879	0.988
1	CC(C)c1cc(C(=O)N2CCC(O)CC2)nc(-c2ccccc2)n1	1.0	0	0.9	0.972
1	COc1ccc(S(=O)(=O)N2CCCC2C(=O)Nc2ccc(Cl)cc2)cc1	1.0	1	0.903	0.97
1	CCn1cc(C(=O)NCC(O)C(O)C(O)C(O)C(O)CO)c(C)n1	1.0	0	0.787	0.536
1	CC(N)C(=O)NCCc1ccncc1	1.0	0	0.757	0.966
1	CCOc1ccc(CC(=O)NCCc2ccc(Cl)cc2)cc1	1.0	1	0.932	0.992
1	CCOc1ccccc1-c1ccc(OC)c(C(CC(=O)O)c2nnc(C)o2)c1	1.0	0	0.8	0.902
1	CCCn1c(=O)c2c(n(CCCC)c(=O)n2-c2ccccc2)n(C)c1=O	1.0	0	0.875	0.956
1	Cc1ccc(S(=O)(=O)Oc2ccc3c4c(cccc24)C2=NNCCN2C3)cc1	1.0	0	0.838	0.911
1	Cc1cccc2cc(C(c3nnnn3C3CCCC3)N3CCN(C4CCCCC4)CC3)c(O)nc12	1.0	0	0.0	0.795
1	COc1cc(Br)cc(Br)c1OC	1.0	0	0.762	0.986
1	C=S(O)(O)=CCNC(=O)c1ccccc1	1.0	0	0.856	0.942
1	CCOC(=O)c1c(C)nn(S(=O)(=O)c2ccccc2)c1C	1.0	1	0.928	0.977
1	c1ccc2c(c1)Oc1ccccc1Sc1ccccc1O2	1.0	1	1.038	0.952
1	COc1ccc(-c2ccc3ncnc(Nc4ccc(Br)cc4F)c3c2)cc1	1.0	0	0.792	0.98
1	Cc1ccc(CNC(=O)C2CCC(=O)N(c3ccc(OCc4ccccc4)c(OC)c3)C2)cc1	1.0	0	0.0	0.951
1	O=C(CCn1c2cc(Cl)ccc2cc2ccccc21)NCCCCNC(=O)c1cccc2cnnc2c1	0.0	0	0.0	0.0
1	CC(Nc1ncnc2[nH]c(I)c(-c3ccc(F)cc3)c12)c1ccccc1	1.0	1	0.964	0.883
1	CCCC(CCC)C(=O)ON=C(c1ccccc1)c1ccccc1OC	1.0	0	0.86	0.965
1	CCCNC(=O)c1ccc(CN2CCN(c3cccc(C(F)(F)F)c3)CC2)cc1	1.0	0	0.752	0.984
1	CCOc1ccc(NC(=O)c2sc(-n3nc(C)c(Cl)c3C)cc2N)cc1	1.0	0	0.799	0.951
1	N#Cc1ccc(-c2csc(N3CCCCC3)n2)cc1	1.0	0	0.896	0.981
1	OCc1cnc(O)nc1NCc1ccccc1	1.0	1	1.002	0.963
1	COC(=O)C(Sc1ncnc2sc(-c3ccccc3)cc12)c1ccccc1	1.0	1	0.964	0.924
1	COc1ccccc1NC(=O)Cc1nc(O)cc(N2CCOCC2)n1	1.0	1	0.918	0.962
1	COc1cccc(CCc2ccccc2N2CCNCC2)c1	1.0	1	1.001	0.984
1	Cc1oncc1C(=O)N1CCCC(Nc2ccc(F)c(F)c2)C1	1.0	1	0.975	0.916
1	CC(=NNC(=O)c1cccc(Br)c1)c1ccccc1F	1.0	1	0.909	0.985
1	CCOC(=O)CSc1nnc(-c2ccc(Br)cc2)o1	1.0	1	0.94	0.98
1	COC(=O)CSc1cc(O)n(-c2ccc(NC(Cc3ccccc3)C(=O)O)cc2)c1O	1.0	0	0.0	0.881
1	C1=Nc2ccccc2C1=CN=c1sc2ccccc2n1C	1.0	1	1.124	0.912
1	CC(C)c1ccc2cc(C#N)c(N)nc2c1	1.0	0	0.762	0.971
1	CC(C)Cc1ccc(S(=O)(=O)Nc2cccc([N+](=O)[O-])c2)o1	1.0	0	0.885	0.966
1	CN(C(=O)c1ccccc1Cl)C12CC3CC(CC(C3)C1)C2	1.0	1	0.921	0.697
1	O=C(NCCCN1CCCC1=O)c1nc(I)cnc1NS(=O)(=O)c1ccccc1	1.0	0	0.775	0.938
1	COc1ccc(NC(=O)CSc2nnc(-c3ccc4c(c3)OCO4)o2)cc1	1.0	0	0.887	0.978
1	COc1cc(C=CC(=O)Oc2ccc(C=NN=C(N)N)cc2)ccc1O	1.0	0	0.754	0.957
1	O=C(c1cccc(F)c1)N(Cc1ccco1)C1CCS(=O)(=O)C1	1.0	1	1.024	0.929
1	NCCN1CCC(Cc2nc3ccccc3c3ccccc23)CC1	1.0	1	0.959	0.976
1	CCC1Oc2ccc(Cl)cc2N(CC(=O)OCC(C)C)c2ccccc21	1.0	0	0.863	0.904
1	COc1ccccc1CNC(=O)Nc1cccc(SC)c1	1.0	0	0.863	0.988
1	O=C(C(=O)c1ccccc1)c1ccc(NS(C)(=O)=O)cc1	1.0	0	0.872	0.988
1	Clc1c(-c2cnn(-c3ccccc3)c2)c2ccccc2n1-c1cn[nH]c1	1.0	0	0.893	0.931
1	O=C(Cc1ccccc1)N(c1ccccc1)c1ccccc1	1.0	1	1.116	0.991
1	COc1ccc2cc(NC(=O)Cc3ccc(O)c(O)c3)c(O)cc2c1	1.0	0	0.813	0.977
1	O=C(CSc1nnc(COc2ccc(Cl)cc2Cl)o1)NCc1ccco1	1.0	0	0.819	0.968
1	Cc1cc(C(=O)NCCCNc2nc3c(C)cccc3s2)ccc1[N+](=O)[O-]	1.0	0	0.745	0.97
1	CC1(c2ccccc2F)CCC(C(=O)NC2CCCc3c2cccc3C2CCOC2)(C(=O)N2CCCC2)(c2ccc(F)cc2)C1	0.0	0	0.0	0.0
1	NC(=O)N(O)Cc1ccccc1	1.0	0	0.877	0.985
1	COC(=O)c1[nH]cnc1C(=O)Nc1ccccc1	1.0	1	0.968	0.982
1	Brc1ccc(-c2[nH]ncc2-c2cccc3nccnc23)cc1	1.0	1	0.992	0.965
1	O=C1C(=O)N(C2CCCCC2)C(=O)N1Cc1ccccc1	1.0	1	1.156	0.983
1	COc1ccccc1N1CCN(S(=O)(=O)c2ccc(NC(C)=O)cc2)CC1	1.0	0	0.803	0.987
1	Cc1cccc(C)c1N1C(=O)CC(=O)N(c2ccccc2)C1=O	1.0	1	0.976	0.972
1	CCCCCc1ccc(C(=O)N(CCN(CCCCN=[N+]=[N-])Cc2cccc([N+](=O)[O-])c2)C2CCCCC2)cc1	1.0	0	0.0	0.916
1	C#CCN(C(C=CC)c1cccs1)C1CCCc2cccnc21	1.0	1	0.961	0.508
1	CCC(C)c1ccc(S(=O)(=O)NCc2cccs2)cc1	1.0	1	0.942	0.96
1	CCN(CC)CCNc1nc(-c2ccc(N3CCN(C)CC3)c(S(C)(=O)=O)c2)nc2ccccc12	1.0	0	0.0	0.948
1	CN(C)c1cccc(-c2cc(O)n3ncc(-c4ccccn4)c3n2)c1	1.0	0	0.819	0.951
1	CCOc1ccc(NC(=S)NN(c2ccc(C)cc2)C(C)=O)cc1	1.0	1	1.077	0.973
1	COc1ccc(OC)c(NN=C(C)CC(=O)c2ccco2)c1	1.0	0	0.877	0.964
1	COC1(c2ccccc2)CCN(Cc2ccc(OC(C)C)cc2)CC1	1.0	0	0.894	0.975
1	COc1cccc(-c2nc(NCc3cccnc3)c3cccnc3n2)c1	1.0	0	0.836	0.974
1	CC(=O)c1cn(CC(=O)C2CCCCC2)c2ccccc12	1.0	1	0.929	0.976
1	COc1cc(OC)cc(C(=O)OCC(=O)N2CCN(S(=O)(=O)c3ccc(C)cc3C)CC2)c1	1.0	0	0.0	0.972
1	COc1ccc(CNC(=O)c2cnc(C)nc2C)c(OC)c1	1.0	1	1.017	0.981
1	O=C(Nc1ccccc1[N+](=O)[O-])Nc1ccc(Oc2ccccc2)cc1	1.0	0	0.752	0.989
1	CCC(=NNC(=O)c1cccc(S(=O)(=O)N(C)C)c1)c1cc(C)ccc1C	1.0	0	0.762	0.967
1	COc1ccc(-n2c(=O)c3cc4c(cc3n(CC(=O)Nc3cc(C)n(C)c3C)c2=O)OCO4)cc1	1.0	0	0.0	0.933
1	S=C(c1ccc(-c2ccc([N+](=O)[O-])cc2)o1)N1CCNCC1	1.0	1	0.968	0.959
1	Cn1cc(Cl)c(C(=O)NN=C2CCCC2)c1Cl	1.0	0	0.867	0.871
1	COc1cccc2cc(-c3nnc(SCC(=O)NCc4ccccc4)n3C)oc12	1.0	0	0.887	0.971
1	O=Cc1cc(Cl)c2nonc(Nc3cccc(Br)c3)c2c1	0.0	0	0.0	0.0
1	CCOc1ccc(NC(=O)C2CCC(C)(C)CC2C(=O)NO)cc1	1.0	0	0.876	0.877
1	CC1(C)Cc2c(sc3c2c(=NC(=O)c2c(F)cccc2Cl)nn3-c2ccc(F)cc2)CC1	0.0	0	0.0	0.0
1	O=C(NC1CCCNC1=O)c1ccc2ccccc2c1	1.0	1	0.969	0.964
1	Cc1ccc(S(=O)(=O)Nc2sc(C)cc2C(C)C)cc1	1.0	1	1.031	0.972
1	O=C(Nc1ccc2c(c1)oc1ccccc12)c1ccc2ccccc2c1	1.0	0	0.767	0.987
1	Cc1ccc(S(=O)(=O)Nc2nc(-c3ccccc3)cs2)cc1	1.0	1	0.904	0.988
1	COc1ccc(-n2nc(C)cc2-c2cc(OC)c(OC)c(OC)c2)cc1N	1.0	1	0.935	0.97
1	Cc1onc(-c2ccc(F)cc2)c1C(=O)N=C(N)N	1.0	1	1.014	0.964
1	COC(=O)C1=C2N(C)c3ccccc32)c2cccnc21	0.0	0	0.0	0.0
1	CCOc1nc2ccccc2n2cnnc12	1.0	0	0.878	0.965
1	Cc1cccc(NC(=O)COC(=O)CSc2nnc(-c3ccc(C)cc3)n2-c2ccccc2)c1	1.0	0	0.0	0.977
1	O=C1NC(=S)NC(=O)C1=CNc1ccc(C(=O)O)cc1	1.0	1	0.929	0.964
1	NCCN(C(=O)Cn1ccc(F)c(=O)n1	0.0	0	0.0	0.0
1	COc1cc2c(cc1Nc1ncc(Cl)c(Nc3ccccc3S(=O)(=O)C(C)C)n1)C(C)(C)NC2=O	1.0	0	0.0	0.888
1	CC(C)CCn1nnnc1CNC(=O)CN=CN(C)C	1.0	1	0.992	0.876
1	O=C(CN1CCN(c2nc3sccc3n3cccc23)CC1)NC1CCCC1	1.0	0	0.766	0.946
1	Oc1cccc(Nc2nc(Cl)nc(NCc3cccs3)n2)c1	1.0	0	0.855	0.965
1	CC(Nc1cc(NC(C)=O)nc(-n2cnc3ccc(Cl)cc32)n1)C1CC1	1.0	0	0.801	0.853
1	O=C(CCCc1ccccc1)Nc1cccc2cccnc12	1.0	0	0.814	0.99
1	Cn1c(COc2ccc(Cl)cc2)nnc1SCC(=O)Nc1ccccc1F	1.0	0	0.777	0.982
1	NS(=O)(=O)c1ccc(-c2cc(C(F)(F)F)cc3[nH]ncc23)cc1	1.0	0	0.862	0.967
1	Cc1noc(C)c1NC(=O)N(C)CC1Oc2ccc(NC(=O)C3CCCCC3)cc2CC(=O)N(C(C)CO)CC1C	1.0	0	0.0	0.39
1	COc1cccc(C2c3c(ncn(-c4ccccc4F)c3=N)Oc3ccc4ccccc4c32)c1	1.0	0	0.0	0.855
1	COc1cc2c(cc1OC)C1(CCCC1)C(NC(=O)OC(C)(C)C)OC2=O	1.0	0	0.849	0.633
1	O=C(Nc1ccccc1-c1ccc(C(=O)Nc2ccc([N+](=O)[O-])c(NC(=O)c3ccccc3)c2)cc1)c1ccccc1	1.0	0	0.0	0.976
1	NC(Cc1ccccc1)C(=O)N1CCCC1B(O)O	1.0	1	0.908	0.854
1	Cc1ccc(-n2nc(N3CCC4(CC3)OCCO4)c3c4cccc(C)c4[nH]c32)cn1	1.0	0	0.829	0.718
1	CCCNC(=O)c1ccc(NC(=O)Nc2ccc(Cl)cc2)cc1	1.0	0	0.684	0.992
1	CCCCNC(=O)C(OC(C)=O)c1ccncc1	1.0	0	0.888	0.947
1	CC(=O)N1CCN(c2ccc(C(=O)COC(=O)CCCN3C(=O)c4ccccc4C3=O)cc2)CC1	1.0	0	0.0	0.97
1	O=C(O)c1cc(-c2ccc(Cl)cc2Cl)nc(N2CCNCC2)c1	1.0	0	0.821	0.97
1	O=C1CN2C(=N1)N(C(=O)OCc1ccccc1)C(c1cccc(Br)c1)=NC2(CC[N+](C)(C)C)CCC(F)(F)F	1.0	0	0.0	0.469
1	O=S1(=O)c2c(cccc2N2CCN(Cc3ccccc3)CC2)OC2CCCCC12	1.0	0	0.826	0.788
1	O=C(NCC1CCN(Cc2ccccc2F)CC1)c1cnn(-c2ccccc2)c1C(F)(F)F	1.0	0	0.0	0.966
1	COc1ccc(C(=O)NCCSc2ccccc2C(F)(F)F)cc1	1.0	1	0.979	0.983
1	COc1ccc(F)cc1-c1ccc(C2C(C#N)N(S(C)(=O)=O)C2CO)cc1	1.0	0	0.895	0.752
1	CN(Cc1cnc2nc(N)nc(N)c2c1)c1cc(O)cc(O)c1	1.0	1	1.152	0.919
1	CCN(CC)c1ccc(C)c2nc(Nc3c(C)c(C)c(C)cc3C)c(C)cc12	1.0	0	0.893	0.937
1	Cc1c(C(N)Cc2ccccc2)oc(SC(C)(C)C)c1Br	1.0	0	0.887	0.773
1	COc1cccc(C2c3[nH]c4ccccc4c3CCN2C(=O)CCCN2CC3CCCCC3C2)c1	1.0	0	0.0	0.758
1	CCOC(=O)c1ccc(NC(=O)c2ccccc2F)cc1	1.0	0	0.825	0.993
1	CCOc1ccc(CC(=O)O)cc1Cc1c(-n2cccc2)oc2ccc(O)c(CN3CCCCC3)c2c1=O	1.0	0	0.0	0.889
1	O=C(O)c1cc(S(=O)(=O)NCc2ccccc2Cl)cn1Cc1cnccn1	1.0	0	0.817	0.954
1	Cc1ccc(NC(=O)c2nc(-c3ccccc3)c(-c3ccccc3)[nH]2)cc1	1.0	0	0.853	0.984
1	O=C(O)CC(CSCCCl)c1ccc(Cl)cc1	1.0	0	0.875	0.895
1	CC(NC(=O)c1cc(C(=O)NC(CO)c2ccccc2)cc(N(C)S(C)(=O)=O)c1)C(C)C	1.0	0	0.0	0.852
1	CCOC(=O)c1c(C)n(Cc2ccccc2)c2ccc(OCC(O)CNC(C)C)cc12	1.0	0	0.0	0.93
1	CCNC(=O)c1ccc(-n2cnc3c(Nc4ccc(F)c(F)c4)ccc(C)c32)cc1	1.0	0	0.815	0.962
1	Fc1ccc(Oc2nc(-c3cccnc3)nc3ccccc23)cc1	1.0	1	1.03	0.983
1	COc1ccc(F)cc1C(C)(C)CC(O)(Cc1cc2ncccc2[nH]1)C1CCCCC1	1.0	0	0.0	0.805
1	COc1ccc(-c2cnnn2-c2cc(OC)c(OC)c(OC)c2)cc1N	1.0	1	0.933	0.96
1	Clc1ccc(-c2nnc(-c3ccc(Cl)c(Cl)c3)o2)cc1	1.0	1	0.912	0.987
1	Cc1ccccc1S(=O)(=O)NCCCc1[nH]nc(-c2ccc(F)cc2)c1-c1ccncc1	1.0	0	0.0	0.957
1	COc1ccc(-c2ccnc3cc(-c4ccccc4)nn23)cn1	1.0	0	0.826	0.973
1	COc1cc2nc(CSc3nc4c(O)cc(F)cc4[nH]3)[nH]c2cc1OC	1.0	0	0.828	0.934
1	O=C1c2ccccc2SC(c2ccccc2F)N1Cc1cccs1	1.0	1	1.192	0.909
1	CC[N+](C)(CC)CCCNC(=O)CCO	1.0	0	0.807	0.926
1	COc1cccc(C(C)NCc2ccc(F)c(C(=O)Nc3nc(-c4cccc(F)c4)cs3)c2)c1	1.0	0	0.0	0.932
1	C=CCSc1nc2ccc(C)cc2c(=O)n1CCc1ccc(SC)cc1	1.0	1	1.0	0.965
1	N#Cc1cn(-c2cccc(C(=O)NCCc3c[nH]c4ccccc34)c2)c2ncccc12	1.0	0	0.0	0.959
1	CCNc1nc2cc(Cl)c(C#CCO)cc2nc1NC	1.0	0	0.83	0.909
1	CC(Cc1ccc(OCc2cccnc2)cc1)N(S)C	1.0	0	0.862	0.932
1	COc1ccccc1N1CCN(S(=O)(=O)c2ccc(Cl)cc2)CC1	1.0	1	0.908	0.989
1	CC#Cc1cncc(-c2ccc3c(c2)C2(N=C(N)N(C(C)CF)C3C)N(C(=O)CN3CCN(C)CC3)c3ccccc32)c1	1.0	0	0.0	0.137
1	CN(CC(O)COc1cccnc1C(F)(F)F)C1=NS(=O)(=O)c2ccccc2N1	1.0	0	0.846	0.734
1	NC(Cc1ccc(O)cc1)C(=O)O	1.0	0	0.777	0.976
1	COc1ccc(N2CCN(Cc3cc(=O)oc4cc(OC)c(OC)cc34)CC2)cn1	1.0	0	0.771	0.966
1	Cc1ccc(Cn2ncc3c(Nc4ccc(F)cc4)ncnc32)cc1	1.0	1	1.016	0.981
1	Cc1ccccc1S(=O)(=O)N1CCN(c2ccc(C(=O)NC3CCCCC3)cn2)CC1	1.0	0	0.0	0.975
1	COc1ccc(C(=O)Nc2sc(C(=O)Nc3cccc(Cl)c3)c(C)c2C#N)cc1OC	1.0	0	0.0	0.975
1	Cc1cc(C(=O)OCC(=O)Nc2sccc2C(N)=O)ccc1F	1.0	0	0.862	0.979
1	Cc1ccc2oc3c(c(=O)c2c1)C(CCCCCCCO)C(=O)O3	1.0	1	0.936	0.795
1	Cc1cc(SC2=C(O)OC(CCc3ncccc3C)(c3ccccc3)CC2=O)c(C(C)(C)C)cc1C(O)(CC(=O)O)C(=O)O	1.0	0	0.0	0.34
2	CCCN1C(=O)c2ccccc2Oc2ccccc2c1=O	1.0	1	1.005	0.984
2	CC(=C(c1ccc(N(C)C)cc1)c1c(C)c(O)c(O)oc1Br)c1oc2ccccc2c1=O	0.0	0	0.0	0.0
2	CC(C)OCCNc1nc(Cl)nc2c1ncn2CC1CC1(F)F	1.0	0	0.886	0.754
2	Clc1sccc1Cn1cnc2ccccc21	1.0	1	1.082	0.964
2	COc1ccc(C(=O)c2cocc2C=Cc2cc(OC)c(OC)c(OC)c2)cc1	1.0	0	0.85	0.955
2	COc1cc(OC)cc(C(=O)NCCCc2n[nH]c(-c3ccccc3)c2-c2ccncc2)c1	1.0	0	0.0	0.957
2	Oc1ccc(Cl)c(Nc2ccnc(O)c2Br)c1	1.0	1	0.966	0.944
2	COC(=O)Cc1ccc(NC(=O)NC23CC4CC(CC(C4)C2)C3)cc1	1.0	0	0.743	0.783
2	Brc1ccc(C2=NN3C(C2)c2cccc(OCCCc4ccccc4)c2S3)cc1	1.0	0	0.719	0.847
2	COc1ccc(S(=O)(=O)N(Cc2ccccc2)c2ccc(Oc3ccccc3)cc2)cc1	1.0	0	0.0	0.985
2	CCn1c(SCC(=O)Nc2ccccc2F)nc(C)c1C	1.0	0	0.884	0.98
2	O=C(CCc1ccc(Cl)cc1Cl)NCc1ccc(O)c(O)c1	1.0	0	0.844	0.984
2	O=C(O)CCC=C(c1ccccc1)C12CCCC1CC(c1ccc(F)cc1)C2	1.0	0	0.898	0.665
2	Cc1nn(-c2ccccc2)c(O)c1C(c1cccc(Cl)c1)C(C#N)C#N	1.0	1	1.124	0.844
2	Cc1nn(C)cc1C=O	1.0	0	0.832	0.94
2	COc1ccc(N2C(=O)NC(=O)C(=Cc3ccc(Cl)c([N+](=O)[O-])c3)C2=O)cc1Cl	1.0	0	0.826	0.963
2	CC(=O)c1c(S)nc(N2CCN(C)CC2)nc1Nc1ccc(Cl)cc1	1.0	1	0.91	0.95
2	Oc1nc2ccc(Br)cc2c(-c2cccs2)c1NC1OC(CO)C(O)C(O)C1O	1.0	1	0.936	0.448
2	Cc1noc([N+](=O)[O-])c1CN(C)c1ccccc1	1.0	1	0.998	0.945
2	NNC(=O)c1ccc(C(=O)NO)cc1	1.0	0	0.8	0.988
2	Cc1cc(N2CCCCO2)nc(SCc2ccccc2)n1	1.0	1	1.043	0.949
2	O=C(O)CC1c2ccccc2CCN1S(=O)(=O)c1ccc(Cl)cc1	1.0	1	0.986	0.951
2	Cc1ccc(S(=O)(=O)Nc2cc(C(=O)O)nn2-c2ccccc2)cc1	1.0	1	1.038	0.98
2	O=C(Nc1ccc(-c2nc(N3CC4CCC(C3)O4)c3cnn(CCF)c3n2)cc1)Nc1ccc(N2CCOCC2=O)cc1	1.0	0	0.0	0.293
2	CC(C)n1nc(-c2ccc3nc(Cl)ccc3c2)c(C#N)c1=O	0.0	0	0.0	0.0
2	Cc1ccc(S(=O)(=O)N(CCC#N)CCCN)cc1	1.0	1	0.969	0.975
2	O=C1NCCn2c(-c3ccccc3Cl)nc3cc(Cl)ccc3c21	0.0	0	0.0	0.0
2	O=C(c1ccc(F)cc1)C1CCCN(Cc2ccccc2)C1	1.0	1	1.113	0.977
2	COCCNC(=S)Nc1ccc2nccnc2c1	1.0	1	0.962	0.978
2	COc1ncc2ncnc(Oc3ccc(NC(=O)c4cc(C)no4)cc3)c2n1	1.0	0	0.784	0.942
2	O=C(CCNCC(O)COc1ccccc1)Oc1ccccc1	1.0	0	0.806	0.968
2	CC(=O)c1ccc(Oc2ccc(C(=O)c3cccc(Nc4ccccc4)c3)cc2)cc1	1.0	0	0.0	0.986
2	COc1ccc(CNC(=O)NC2CCCCC2C)cc1OC	1.0	0	0.839	0.946
2	Fc1cccc(C(Nc2ccccn2)c2cccnc2)c1	1.0	1	1.09	0.951
2	Clc1ccccc1C1CCCN(Cc2nnnn2CC2CCCCC2)C1	1.0	0	0.89	0.914
2	COc1ccc(S(=O)(=O)NCCc2ccccc2)cc1OC	1.0	1	0.911	0.991
2	CCONc1oc(-c2ccco2)nc1S(=O)(=O)c1ccc(F)cc1	1.0	1	1.001	0.93
2	Cc1ccc(NC(=O)c2cn(Cc3ccc(F)cc3)c(=S)[nH]c2=O)c([N+](=O)[O-])c1	1.0	0	0.816	0.963
2	O=S(=O)(c1ccccn1)c1ccc2c(c1)Cc1cc(O)ccc1O2	1.0	1	0.962	0.956
2	CN(c1ccccc1)c1cc(-c2ccc(N(C)C)cc2)cc(S(=O)(=O)N2CCc3ccccc3C2)c1	1.0	0	0.0	0.956
2	NS(=O)(=O)c1ccc(NC(=O)Nc2ccc(S(=O)(=O)O)c(SC3OC(CO)C(O)C(O)C3NC(=O)CCc3ccc(O)cc3)c2)cc1	1.0	0	0.0	0.395
2	Cc1ccc(S(=O)(=O)N2CCC(C(=O)OC(C)C)CC2)cc1	1.0	0	0.888	0.985
2	COc1cccc(N2CCN(S(=O)(=O)c3ccc(C)cc3)CC2)c1	1.0	0	0.865	0.989
2	O=C(Cn1nc(-c2ccccc2)nc1Cc1ccccc1)NCCC1=CCCCC1	1.0	1	0.943	0.963
2	O=C(CCCCCC(NC(=O)c1cccc[n+]1[O-])C(=O)Nc1ccc2ncsc2c1)NO	1.0	0	0.0	0.82
2	CSc1ccccc1NC(=O)c1cc(-c2cccc(C)c2)nc2ccccc12	1.0	0	0.77	0.983
2	CCCn1nc(C(=O)OCC(=O)N2CC(C)OC(C)C2)c2ccccc2c1=O	1.0	0	0.809	0.871
2	O=S(=O)(c1cccnc1Cl)c1cccc(Cl)c1	1.0	1	0.958	0.98
2	COc1cc(S(=O)(=O)NCCCN2CCOCC2)ccc1F	1.0	0	0.884	0.98
2	COc1ccc(S(=O)(=O)N(Cc2ccco2)Cc2cc3ccc(C)cc3nc2O)cc1	1.0	0	0.0	0.954
2	O=C(CN1C(=O)C(=Cc2ccccc2F)Sc2ccccc21)Nc1ccc(Cl)cc1	1.0	0	0.829	0.977
2	CN1CCC(CNc2ccc(F)cc2)CC1	1.0	1	0.915	0.987
2	Cn1c(C(O)c2cccc(O)c2)nc2ccccc21	1.0	1	1.037	0.949
2	COc1ccc(NS(=O)(=O)c2ccc(F)c(Cl)c2)cc1	1.0	1	1.005	0.991
2	CCOC(=O)N1CCc2c(sc3c2c(=O)n(C)c(=O)n3C)N1	1.0	1	1.014	0.813
2	CCNc1[nH]nc2cc(NC(=O)NC(C)c3ccccc3)nc(CO)c12	1.0	0	0.751	0.821
2	Cc1cccc(NC(=O)CCc2nc(O)c3ccccc3n2)c1	1.0	1	0.904	0.981
2	COC(=O)c1ccc(C(=O)OC)c(NC(=O)COc2ccccc2C)c1	1.0	0	0.684	0.987
2	Cc1ccc2c(C(=O)NCCCO)cc(-c3ccccc3OCc3ccccc3)nc2c1	1.0	0	0.0	0.979
2	O=S(=O)(c1ccccc1Cl)[n+]1ccccc1Cl	1.0	1	0.959	0.91
2	Cc1nn(C)c2nc(O)c(C3CCc4ccccc4C3)cc12	1.0	1	1.03	0.876
2	COc1cc(CN(C)Cc2ccc(F)cc2)cc(OC)c1O	1.0	1	0.92	0.985
2	Cc1cc(N)cc(C)c1Oc1ccc(S(C)(=O)=O)cc1	1.0	1	0.905	0.982
2	CCCCOC(=O)c1c(F)c(F)c(C)c(Cl)c1N	1.0	0	0.89	0.944
2	CC1c2ccccc2CCN1CC(=O)O	1.0	0	0.847	0.956
2	O=S(=O)(O)c1cccc(Nc2cc(N3CCOCC3)nc(N3CCOCC3)n2)c1	1.0	0	0.736	0.954
2	O=C(O)CCCn1c(S)nnc1Cc1ccccc1	1.0	1	0.962	0.973
2	COc1cc(OC)cc(N(Cc2ccsc2)c2ccc3ncc(-c4cnn(C)c4)nc3c2)c1	1.0	0	0.0	0.919
2	COc1ccc(N2CCN(C(=O)C(C)(C)C)CC2)cc1	1.0	1	1.006	0.988
2	O=C(O)CC(=O)Nc1ccc(-c2cnc(N3CCOCC3)cn2)cc1	1.0	0	0.708	0.973
2	O=C(CC1CCCCN1S(=O)(=O)c1cccc2ccccc12)NO	1.0	1	0.92	0.937
2	O=C(O)c1cccnc1Nc1ccc(F)cc1	1.0	1	0.94	0.99
2	CC(OC(=O)c1ccco1)C(=O)C1CC1	1.0	1	0.998	0.919
2	Cc1ccc(C(C)Nc2nccc(N(C)C(=O)C3CC3)n2)nc1	1.0	0	0.895	0.869
2	COc1cccc(OC)c1OCCCN1CCSCC1	1.0	0	0.891	0.979
2	NC(CNc1nccc(Cl)n1)c1cccc(Cl)c1	1.0	1	0.967	0.92
2	COc1ccc(-c2cn(S(=O)(=O)c3ccccc3)c3c2C2=CC(C)(C)CC2N3)cc1	1.0	1	0.912	0.767
2	COc1cc(C(O)P(=O)(OCCCO[N+](=O)[O-])COC)cc(OC)c1-c1ccccc1	1.0	0	0.0	0.649
2	O=C(C=Cc1cccc(O)c1)c1[nH]c2ccccc2c1O	1.0	1	0.951	0.965
2	COC(=O)C1=C(C)Oc2ccccc2C1C(=O)OC	1.0	1	1.071	0.907
2	Cn1c2ccccc2c2cc(CCCCN3CCC(Cc4ccccc4)CC3)ccc21	1.0	0	0.0	0.977
2	COc1ccc(C(=O)NC(C)CNc2ccc(C(F)(F)F)cc2)cc1	1.0	0	0.787	0.965
2	Cc1ccc(-n2nnc(-c3ccccc3NC(=O)c3ccncn3)n2)cc1	1.0	0	0.75	0.965
2	CC(C)CC(=O)Nc1ccc(NC(=O)Cc2ccccc2)cc1	1.0	0	0.798	0.992
2	COc1ccc(C(=O)Nc2ccc(S(=O)(=O)N3CCCC3)cc2)cc1	1.0	0	0.775	0.991
2	CC(C)COc1ccc(Nc2nc(=O)n(Cc3ccccc3)c(=O)n2Cc2ccc(F)cc2)cc1	1.0	0	0.0	0.969
2	COc1cc(C2C(=O)N(C3CCCCCCCC3)CC2c2ccco2)c(F)cc1O	1.0	1	1.076	0.567
2	COc1c2c(cc3c1C(c1cccc(OC)c1)C1CCCN31)C1=CC(C)(C)CC1=[N+]2C	1.0	0	0.0	0.399
2	CC(C)C(=O)Nc1cccc(OCCN2CCOCC2)c1	1.0	0	0.781	0.986
2	CCCCCN(CCCCC)C(=O)N1CCN(C(=O)c2ccc(Cl)cc2)CC1	1.0	0	0.781	0.978
2	O=[n+]1ccn(-c2cccc(-c3cccc(F)c3)c2)c2nc(Cl)c(Cl)cc21	1.0	0	0.84	0.903
2	Oc1nc2ccc(Cl)cc2c(Nc2ccccc2)c1[N+](=O)[O-]	1.0	1	1.029	0.971
2	O=Cc1c(O)ccc2ccc(CO)cc12	1.0	0	0.837	0.973
2	N#Cc1ncc2nc1OCOC2c1ccc(Br)cc1	1.0	1	0.972	0.381
2	COc1ccc(OC)c(NC(=O)CSc2nnc(C)n2Cc2ccccc2)c1	1.0	0	0.828	0.983
2	Cc1ccc(OCC(O)CN2CCN(Cc3ccccc3)CC2)cc1	1.0	0	0.813	0.973
2	COc1ccc(Cl)cc1C(=O)Nc1ccc(N2CCSCC2)cc1	1.0	0	0.9	0.983
2	CN(CCO)S(=O)(=O)NC(=O)OCC(C(F)(F)F)C(F)(F)F	1.0	0	0.843	0.839
2	c1ccc(CCN2CCC(Cc3ccccc3)CC2)cc1	1.0	0	0.884	0.992
2	O=C(O)c1ccc(Cl)c(O)c1	1.0	0	0.842	0.989
2	Cc1ccc(-c2nc3ccc(OC(C)C)cc3c(=O)o2)cc1	1.0	0	0.835	0.982
2	O=S(=O)(c1ccc(Cl)cc1)N(Cc1ccc(Cl)cc1)c1nc(Cl)cnc1	1.0	1	1.008	0.967
2	Cc1ccc2c(ccc(-c3ccccc3)c2Oc2ccccc2)n1	1.0	1	1.086	0.987
2	N#CSC(c1ccc(F)cc1)(c1cccc(Cl)c1)c1ccc(Cl)cc1	1.0	1	1.086	0.904
2	CCC(NC(=O)c1cc(C(=O)NC(C)c2ccccc2)c2ncccc12)C1C	0.0	0	0.0	0.0
2	CC(C)c1ccc(S(=O)(=O)c2nnn3c2nc(NCc4ccccc4)c4ccccc23)cc1	0.0	0	0.0	0.0
2	CC(C)(O)c1nc(-c2ccc(F)cc2F)c(C2CCNCC2)n1-c1ccc(F)cc1	1.0	1	0.911	0.916
2	COc1ccc(CC(=O)N2CCc3ncsc3C2c2cc(Cl)ccc2OCC(C)(C)C(N)=O)cn1	1.0	0	0.0	0.741
2	Nc1ncnc2c1nc(-c1ccncc1)n2C1OC(CO)C(O)C1O	1.0	1	0.946	0.649
2	CN(C)CCNC(=O)c1oc2ccc(S(=O)(=O)N3CCCCC3)cc2c1Cl	1.0	0	0.842	0.956
2	CC(=NC(=O)c1ccccc1Cl)C1C(=O)Oc2ccccc2C1=O	1.0	1	0.981	0.876
2	COCc1ccccc1C1Cc2c(C)cccc2C1=O	1.0	1	1.051	0.92
2	COc1ccc(CNC(=O)c2ccc(OC)c(OC)c2)cc1OC	1.0	0	0.854	0.992
2	CCC(=O)N1CC(=O)N2C(CO)C(c3ccc(-c4ccc(F)cc4)cc3)C2C1	1.0	0	0.859	0.809
2	CCc1nc2cccc(C(=O)O)c2nc1O	1.0	0	0.763	0.959
2	O=C(NCC1CCCCC1)c1cc(S(=O)(=O)N2CCCCC2)ccc1Cl	1.0	0	0.742	0.981
2	O=C(Nc1ccc(Cl)cc1Cl)c1cnn(-c2ccc(Cl)cc2Cl)c1-c1ccc(Cl)cc1	1.0	0	0.0	0.973
2	O=C(C1CCCN(Cc2ccccc2F)C1)N1CCCCC1	1.0	1	1.112	0.966
2	Clc1cccc(CNCc2ccccn2)c1	1.0	1	0.905	0.99
2	CCC(CCC(C)Sc1ccc(C(F)(F)F)cc1)n1cc(C(C)(C)C)nc1-c1ccc(F)cc1	1.0	0	0.0	0.695
2	O=C(NCC1CCN(C(=O)c2ccccc2)CC1)Nc1ccc(F)cc1F	1.0	0	0.767	0.984
2	Cc1ccc2[nH]c(SC3CCCCC3C)cc2c1	1.0	1	1.029	0.742
2	COc1ccc(-c2noc(C3CCCN(C(=O)c4ccccc4OC)C3)n2)cc1	1.0	0	0.796	0.952
2	O=C(c1cccc2ccccc12)c1nccc2ccccc12	1.0	1	0.979	0.987
2	O=S1(=O)OC2CC1C3(CCCC1SC4)CC4OC(=O)N4C1C23	0.0	0	0.0	0.0
2	CC(=O)c1ccccc1NC(=O)C(c1ccccc1)c1ccccc1	1.0	1	1.119	0.989
2	C#CCNc1cc(-c2ccc(F)cc2F)nc2c1cnn2CC(C)(C)Cl	1.0	0	0.886	0.874
2	CCc1cccc(C)c1NC(=O)c1ccc(Cl)c(N)c1	1.0	1	0.98	0.987
2	CC(=CC(=O)Nc1cccnc1Sc1ccc(C(C)C)cc1)c1ccccc1	1.0	1	0.937	0.967
2	CN(C)c1ccc(S(=O)(=O)NCC(=O)NCCc2ccccc2Cl)cc1[N+](=O)[O-]	1.0	0	0.746	0.968
2	O=C(c1ccc(Sc2ccccc2)c(Cl)c1)c1cnccn1	1.0	0	0.881	0.973
2	CCOc1ccc(NC(O)C(=O)c2ccccc2)cc1	1.0	1	0.904	0.968
2	CCCCOCCCCCCCNCCO	1.0	0	0.679	0.982
2	COC(=O)C(c1ccccc1)(c1ccc(OC)cc1)n1ccnc1	1.0	1	1.003	0.903
2	Cc1cc(C)nc(NS(=O)(=O)c2cccc(C(=O)Nc3ccccc3)c2)n1	1.0	0	0.779	0.984
2	N#Cc1ccnc(-c2cccc(C(=O)O)c2)n1	1.0	0	0.899	0.974
2	CCCCOC(=O)NS(=O)(=O)Oc1ccc(C)cc1-c1cccc(C(=O)O)c1	1.0	0	0.741	0.963
2	OCC1OC(OC2(CO)=CCCC2)C(O)C(O)C1O	0.0	0	0.0	0.0
2	COCCOC(=O)C1=C(C)N=C(C=C(O)c2ccccc2)C(C)=C1C#N	1.0	0	0.756	0.922
2	CCN(Cc1ccccc1)C(=O)C=Cc1cccc2ccccc12	1.0	1	1.01	0.985
2	COC(=O)N1CCc2cc(Br)cc(Br)c21	1.0	0	0.743	0.949
2	c1ccc(COc2cccc3[nH]c4ccccc4c23)cc1	1.0	1	0.955	0.99
2	COC(=O)c1cccc(-c2ccccc2C(=O)Nc2ccc3cc(CCN)ccc3c2)n1	1.0	0	0.0	0.973
2	Cc1cc(C)cc(NC(=O)CN(C)S(=O)(=O)c2ccc3c(c2)CCCO3)c1	1.0	0	0.765	0.971
2	Cc1cccc(CC(=O)Nc2sccc2C#N)c1	1.0	1	0.916	0.982
2	CC(C)(C)c1cc(NC(=O)C(=O)c2cccc3ccccc23)ccc1Br	1.0	0	0.785	0.977
2	COc1ccccc1OCCCCN1CCC(C)(c2cccc(F)c2)C(C)C1	1.0	0	0.777	0.898
2	COc1cc2c(cc1OC)C(C)N(C(=O)CNC(=O)c1ccc(F)cc1)CC2	1.0	0	0.793	0.947
2	Cc1ccccc1CNC(=O)Nc1cnc2ccccn12	1.0	0	0.867	0.973
2	O=c1cc(N2CCCCCC2)oc2c(-c3ccccc3Cl)c(O)cc(O)c12	1.0	1	0.906	0.947
2	O=S(=O)(c1cccc(S(=O)(=O)N2CCc3ccccc3C2)c1)N1CCOCC1	1.0	0	0.882	0.975
2	COC(=O)Nc1nc2ccc(Br)cc2s1	1.0	0	0.782	0.98
2	CCCCCCCCC(=S)Nc1ccccc1S(=O)(=O)c1ccc(Cl)cc1	1.0	0	0.878	0.971
2	COc1c(C(=O)SC(C)C)cc(=O)oc1O	1.0	1	0.905	0.832
2	COc1cccc(CNC(=O)CCC(=O)N2CCN(S(=O)(=O)c3ccc(C)cc3)CC2)c1	1.0	0	0.0	0.981
2	CC(NCc1ccc(O)cc1)C(Cc1ccc(O)cc1)C(=O)N(C)Cc1ccccc1	1.0	0	0.0	0.88
2	COC(=O)N1CC(C)N(c2nc3cc(-c4noc(O)n4)nc(-c4cncc(Cl)c4)c3n2)CC1	0.0	0	0.0	0.0
2	O=C(CNC1CCCCCC1)Nc1cccc2cccnc12	1.0	0	0.806	0.983
2	COc1cccc2c(NCc3ccc(OC)c(CNc4ccnc5ccc(Cl)cc45)n3)ncnc12	1.0	0	0.0	0.936
2	CNC(=O)Oc1ccc2cc(C(=O)Nc3ccc(-n4cncn4)cc3)c(Cl)cc2c1	1.0	0	0.7	0.964
2	C=CC(=O)N1CCCC(n2c(Nc3cc(C(F)(F)F)cc(C(F)(F)F)c3)nc3ccccc32)C1	1.0	0	0.0	0.833
2	Cc1ccc(C(=O)NCCCn2cc(C)c(=O)[nH]c2=O)cc1	1.0	0	0.889	0.983
2	COc1ccc([N+](=O)[O-])cc1CNCc1ccccc1O	1.0	0	0.851	0.984
2	CCOC(=O)c1ccc(N2CCN(CC(=O)Nc3ccc(F)cc3F)CC2)cc1	1.0	0	0.732	0.985
2	COC(=O)C1(Cc2ccc(F)cc2)C2c3cc(C(=O)N(C)C)nc(C)n3CCN2C1=O	0.0	0	0.0	0.0
2	S=C(c1ccc(Br)o1)N1CCN(Cc2ccccc2)CC1	1.0	1	0.925	0.977
2	CCc1ccccc1NS(=O)(=O)c1ccccc1Br	1.0	1	1.01	0.988
2	COC(=O)CCSc1nnc(-c2cc(OC)c(OC)c(OC)c2)o1	1.0	0	0.778	0.97
2	CCCCN=CCN1C(=O)NC(C)(CC2CCCCC2)C1=O	1.0	1	0.916	0.739
2	COC(=O)c1ccc(Cn2c(O)nc3ccccc32)cc1	1.0	1	1.094	0.983
2	Cc1cc(Nc2nccc(-c3cn(C)cn3)c2-c2ccc(C(F)(F)F)cc2)ccn1	1.0	1	1.005	0.928
2	COC1CCN(S(=O)(=O)NC2CCC(C(=O)NCCCN3CCCCC3)CC2)CC1	1.0	0	0.711	0.953
2	O=C(Nc1cccc(F)c1)C1CC1(C)C(Br)Br	1.0	0	0.777	0.775
2	COc1ccc(N)cc1	1.0	0	0.719	0.995
2	Cc1cccc(C(=O)NCc2cccc(-c3n[nH]c4c3Cc3cc(C(=O)O)ccc34)c2)c1	1.0	0	0.0	0.964
2	O=[N+]([O-])c1ccc(CNc2cc(Cl)c(Cl)cc2O)cc1	1.0	1	0.903	0.981
2	COC(=O)c1ccc(C(=O)OC)cc1NC(=O)CC(C)C	1.0	0	0.84	0.987
2	Cc1ccc(Oc2ccc(C(=O)Nc3ccc(C(C)C)cc3)cc2)cc1	1.0	0	0.676	0.992
2	COCCNC(=O)c1cnn2ccc(-c3ccc(F)cc3)cc12	1.0	1	0.914	0.973
2	N#CC1(NC(=O)COCC2CCCCC2)CCCC1	1.0	0	0.849	0.955
2	Cc1[nH]c(-c2cc(S(C)(=O)=O)ccc2Oc2ccc(F)cc2)cc1C(N)=O	1.0	1	0.944	0.961
2	Cc1c(Cl)cccc1NC(=O)CNCCc1ccc([N+](=O)[O-])cc1	1.0	0	0.817	0.984
2	COCC1CCN(c2nc(C)nc(NCC(=O)CC)c2C)C1	1.0	0	0.876	0.84
2	CN(C)c1ncc2nc(-c3ccc(F)cc3)c(=O)n(Cc3ccccc3)c2n1	1.0	1	0.961	0.969
2	CC(=O)C1=C(C)N=C(C)c2ccccc21	1.0	0	0.82	0.983
2	COc1ccc(C=CC(=O)c2cccc(-c3ccccc3)c2)cc1C	1.0	0	0.861	0.987
2	CCc1cccc(NC(=O)c2ccc(CN3CCN(Cc4ccccc4)C3=O)cc2)c1	1.0	0	0.0	0.982
2	CC[n+]1cc(C)nc(Nc2nc(C)c(C(F)(F)F)s2)n1	1.0	0	0.863	0.696
2	COc1ccc(C(=O)NCCc2ccc(S(N)(=O)=O)cc2)cc1OC	1.0	0	0.856	0.989
2	Cc1ccc(S(=O)(=O)Nc2cccc(-c3ccc(N4CCC(C)CC4)nn3)c2)s1	1.0	0	0.847	0.962
2	CCCCN1C(=O)CC(=O)NC1=O	1.0	1	0.917	0.968
2	CN(C)C1CCc2cccnc2C1	1.0	0	0.754	0.904
2	Cc1cc(C(=S)Nc2ccc(Cl)c(Cl)c2)n(-c2ccccc2)n1	1.0	1	1.051	0.974
2	O=S(=O)(NNc1ccc(Cl)cc1)c1ccc(Cl)cc1Cl	1.0	1	0.978	0.981
2	COc1ccc(C(=O)NC(=S)N2CCN(c3ccc([N+](=O)[O-])cc3)CC2)cc1	1.0	0	0.744	0.98
2	O=C(CC1CCCC1)N1CC=C(c2ccccc2)CC1	1.0	1	0.993	0.979
2	COc1cccc(CCc2ccccc2NCc2cccc(Cl)c2)c1	1.0	0	0.881	0.988
2	Oc1c(Cc2ccccc2)cc(Br)c2ccccc12	1.0	1	1.187	0.986
2	COc1ccc(S(=O)(=O)N(CC(=O)Nc2cccc(C)c2C)c2ccc(C)c(C)c2)cc1	1.0	0	0.0	0.979
2	OC(CC1CCN(Cc2ccccc2)CC1)c1ccc(Cl)c(Cl)c1	1.0	0	0.808	0.962
3	COc1ccc2nc(Nc3nc(C)cc(O)n3)nc(C)c2c1	1.0	1	0.959	0.959
3	COc1ccccc1NC(=O)COc1ccc(Br)cc1C	1.0	0	0.873	0.991
3	COC(C)c1cccn2c(NC3CCCCC3)c(-c3ccccc3Cl)nc12	1.0	1	1.069	0.873
3	CCCC1COC(=O)C(C)NC(=O)C=CCCCCCC(=O)OCC1	1.0	0	0.801	0.448
3	O=C(O)c1ccc2[nH]c(-c3ccccc3)nc2c1	1.0	0	0.837	0.989
3	N#Cc1c(O)nc(SCc2ccccc2Br)c(C#N)c1-c1cccs1	1.0	1	0.922	0.92
3	Cc1c(-c2ccc(Cl)cc2)nc(C)c(Cl)c1C#N	1.0	1	1.154	0.966
3	CCOc1ccc2c(c1)=CC(Cc1ccncc1)=C2C	0.0	0	0.0	0.0
3	CC(C)C(OC(=O)Nc1ccccc1)C(=O)Nc1ccc(S(N)(=O)=O)cc1	1.0	0	0.778	0.953
3	Cc1ccccc1N1C(=O)CC(=O)N1CCc1ccccc1	1.0	1	1.218	0.963
3	O=C(CCCC(=O)c1ccc(Cl)cc1)NCc1ccccn1	1.0	1	0.961	0.987
3	C=CCn1c(=O)c(C(=O)NCc2ccccc2Cl)c(O)c2ccccc21	1.0	1	0.922	0.974
3	COCCNc1ccc([N+](=O)[O-])c2cccnc12	1.0	0	0.899	0.975
3	Cc1cccc(C(O)c2cc(-c3cccc(C#N)c3)c3ccccc3n2)c1	1.0	0	0.883	0.935
3	COc1cc(NC(=O)Nc2ccc(Cl)cn2)ccc1C	1.0	0	0.767	0.987
3	O=C(Cc1ccc(F)cc1)Nc1ccc(S(=O)(=O)Nc2ncccn2)cc1	1.0	0	0.681	0.984
3	Cc1nc(-c2ccc(OCCF)c(NS(C)(=O)=O)c2F)c(C)c(C)c1O	1.0	1	0.903	0.895
3	O=C(CCSc1nc(O)cc(-c2ccccc2)n1)NN1CCCCC1	1.0	0	0.87	0.955
3	CCN(CC)c1ccc(C=C(C(=O)O)c2cc(OC)c(OC)c(OC)c2)cc1[N+](=O)[O-]	1.0	0	0.0	0.947
3	CCS(=O)(=O)N1CCC(C)(N2CCC(NC)CC2)CC1	1.0	0	0.882	0.918
3	Cn1ccc(C(=O)NC(Cc2ccc(Cl)cc2)C(=O)NC2CCCC(O)C2)n1	1.0	0	0.871	0.828
3	CCN(CC(=O)NCCc1ccc(F)cc1)Cc1cc(OC)c(O)c([N+](=O)[O-])c1[N+](=O)[O-]	1.0	0	0.0	0.939
3	CCn1c(SCC(=O)Nc2cccc(OC)c2)nnc1C(F)(F)F	1.0	0	0.827	0.975
3	O=C(Nc1ccc(F)cc1)c1ccccc1Cl	1.0	1	0.902	0.995
3	COc1cccc2c(O)nc(C)nc12	1.0	0	0.822	0.972
3	CC(C)(C)C(=O)Nc1cc(-c2cccnc2)nn1Cc1cccc(Cl)c1	1.0	1	0.905	0.968
3	COc1ccccc1CC(=O)Nc1ccc(S(=O)(=O)Nc2occc2C)c(OC)c1	1.0	0	0.715	0.959
3	COc1cccc(C=Cc2ccc(NC(=O)c3ccccc3)cc2)c1O	1.0	0	0.746	0.987
3	O=C(O)c1cccc(N=S(O)(O)=Cc2ccccc2)c1	1.0	0	0.772	0.922
3	O=C(Oc1ccc([N+](=O)[O-])cc1)c1c(Cl)c2ccccc2n1CC(O)CO	1.0	0	0.8	0.9
3	CCCCCOc1ccc(C(=O)NCCc2csc(-c3ccc(F)cc3)n2)cc1	1.0	0	0.803	0.982
3	Cc1ccc(C(=O)CC2(O)C(=O)N(C)C(=O)N2C)cc1	1.0	1	1.063	0.876
3	Cc1ccc(S(=O)(=O)Cn2c(O)c(Cc3ccccc3)c3cc(C)ccc23)cc1	1.0	1	0.913	0.964
3	COc1cc(CNC(=O)C2CCCN(C(=O)c3ccccc3Br)C2)cc(OC)c1OC	1.0	0	0.0	0.946
3	CC(C)(C)c1ccc(OCC(F)F)c(Br)c1	1.0	0	0.794	0.972
3	CCc1ccccc1NS(=O)(=O)c1ccc(NC(=S)NC(=O)c2ccc(Cl)cc2Cl)cc1	1.0	0	0.0	0.977
3	CSc1ccc(C=Nn2nnnc2S)c[n+]1[O-]	1.0	1	0.901	0.508
3	Nc1ccccc1C#CCCO	1.0	0	0.783	0.967
3	CN(C(=O)CSc1nc2ccc(Cl)cc2s1)C1CCCCC1	1.0	0	0.872	0.971
3	Fc1cc(-c2cc(F)c(F)cc2F)cc(-n2cnc3cc(N4CCNCC4)ccc32)c1	1.0	0	0.0	0.939
3	CC(=O)C=C1CCC(=C(c2ccccc2)c2ccc(F)cc2)CC1	1.0	1	0.987	0.954
3	Cc1cc(C)cc(-n2c(SCC(=O)O)nc3ccccc3[n+]2C)c1	0.0	0	0.0	0.0
3	Cc1cccc(C)c1SCC(=O)Nc1ccccc1NC(=O)c1ccccc1Cl	1.0	0	0.724	0.981
3	COc1ccccc1Nc1nc(N)nc(S)n1	1.0	0	0.877	0.957
3	COc1ccc(OC)c(S(=O)(=O)NC(C)C)c1Cl	1.0	0	0.899	0.971
3	O=C(NO)c1ccc(C(=O)NN=Cc2cc(Br)cc(Br)c2O)cc1	1.0	0	0.767	0.967
3	O=C(CSc1nnnn1Cc1ccccc1)NCc1cccs1	1.0	0	0.877	0.979
3	Cc1ccc(O)c(-c2cc(C(=O)O)c3ccccc3n2)c1	1.0	0	0.89	0.985
3	COc1ccc(S(=O)(=O)N2CCc3ccccc3C2)c(Cl)c1	1.0	1	0.974	0.983
3	Oc1cccc(C(O)O)c1-c1ccccc1	1.0	1	0.953	0.982
3	CC(C)=CN1CCc2nc3ccc(C)cc3c(=O)n2C1	1.0	1	1.036	0.89
3	CN(C)CCCN1C(=O)C(Cc2ccccc2)(c2ccccc2)CCC1=O	1.0	1	0.974	0.925
3	CCN(CC)S(=O)(=O)Nc1ccccc1C#N	1.0	0	0.886	0.97
3	Cn1nc(N2CCCC2)c2c1-c1nc(Cl)c(C(F)(F)F)cc1CC2	1.0	0	0.852	0.883
3	Clc1ccc2nc(-c3ccc(Br)cc3)c(N3CCOCC3)nc2c1	1.0	1	1.002	0.976
3	CC1(O)c2cnccc2C(=NO)C1c1ccccc1F	1.0	1	1.092	0.659
3	Cc1ccc(OCc2nnc(SCC(=O)Nc3ccc(F)cc3)n2Cc2ccco2)cc1	1.0	0	0.0	0.974
3	COC(=O)c1cc(NS(=O)(=O)c2ccc(NC3CCCCC3)c([N+](=O)[O-])c2)cc(C(=O)OC)c1	1.0	0	0.0	0.962
3	Clc1ccc(Cc2nnc(-c3ccccc3)o2)cc1	1.0	1	1.097	0.99
3	COc1cc2c(cc1OC)C(COc1cccc(C(F)(F)F)c1)N(C)CC2	1.0	0	0.886	0.924
3	COc1ccc(C(Nc2ccccn2)c2ccsc2)c(OC)c1OC	1.0	1	0.954	0.909
3	Cc1ccc(NC(=O)Cc2ccc([N+](=O)[O-])cc2)cc1	1.0	1	0.912	0.992
3	CONC(=O)c1ccc(NCc2ccccc2-c2ccc(Cl)cc2)cc1	1.0	1	0.932	0.985
3	O=C(COc1ccc(F)cc1)Nc1nccs1	1.0	1	0.971	0.989
3	Nc1ccc(C#Cc2ccccc2)cc1	1.0	0	0.808	0.988
3	CCOC(=O)C1=C(C)N=C(Nc2cccc(C)c2)NC1c1cc(Br)c(O)c(OC)c1OC	1.0	0	0.0	0.79
3	O=C(Nc1cccc(-c2nccc(-c3ccco3)n2)c1)c1cccc(Cl)c1	1.0	0	0.777	0.979
3	O=C(Nc1ccccc1C(=O)OCC(=O)c1ccccc1)c1ccco1	1.0	0	0.776	0.987
3	O=S1(=O)Nc2cccc(Br)c2C1(F)F	1.0	0	0.706	0.725
3	O=C(CN1c2ccccc2S(=O)(=O)c2ccccc21)Nc1ccc2c(c1)OCO2	1.0	0	0.9	0.965
3	CCN(C(=O)c1ccccc1Cl)C1CCCCC1	1.0	1	0.969	0.987
3	COc1ccc(-c2nc(NC(=O)c3ccccc3)cs2)cc1OC	1.0	0	0.749	0.985
3	COc1nc2c(N)nc(NC3CNC(=O)CC3)nc2n1C	1.0	1	1.053	0.782
3	O=C(C1=C(c2ccc(Cl)cc2)CCC1)N1CCCCC1	1.0	1	1.144	0.976
3	COCc1cc(C)nc(SCC(=O)Nc2ccc(F)c(F)c2)c1C#N	1.0	0	0.825	0.964
3	NC(=O)CSc1nc2ccccc2[nH]1	1.0	0	0.838	0.982
3	Nc1nc2nc(-c3ccccc3Cl)cc(-c3ccccc3)c2c2nc3ccccc3n12	1.0	0	0.0	0.958
3	O=C(O)CC(=N[SH](O)(O)=O)c1ccccc1[N+](=O)[O-]	1.0	0	0.0	0.695
3	O=S(=O)(c1ccc2oc(O)nc2c1)CNCC1CC1	1.0	1	1.079	0.924
3	Cc1ccc(OC(C)C(=O)CCN2CCCCC2)cc1C	1.0	1	0.959	0.952
3	CCC(=O)N1CCC(Oc2ncnc3ccc(-c4ccccc4OC)cc23)CC1	1.0	0	0.778	0.968
3	O=C1c2ccccc2CN1CC(=O)N1CCOCC1	1.0	1	1.038	0.98
3	COCCCNC(=O)Nc1ccc(S(=O)(=O)c2ccc(C(F)(F)F)cc2[N+](=O)[O-])cc1	1.0	0	0.0	0.966
3	O=[N+]([O-])c1cccc(C#CC[n+]2cccc(Cl)c2)c1	1.0	0	0.793	0.879
3	CC(=O)Nc1cc(C(C)C)c(O)c(C(C)C)c1	1.0	0	0.756	0.973
3	COc1nc(C)c(CC(=O)Nc2ccc(C(=O)OC)cc2)nc1O	1.0	1	1.005	0.961
3	O=C(c1ccc(Cl)cc1Cl)N1CCC(O)(c2ccc(Cl)cc2)CC1	1.0	1	0.941	0.979
3	N=C1SCC(=O)N1N=Cc1ccc(Br)cc1Cl	1.0	0	0.89	0.874
3	N=C(N)c1ccc(C(=O)Nc2ccccc2C(=O)C(=O)CCl)cc1	1.0	0	0.814	0.974
3	Nc1ccc(-c2cc(-c3ccc(C(F)(F)F)cc3)cc(-c3ccc(C(O)(C(F)(F)F)C(F)(F)F)cc3)n2)cn1	1.0	0	0.0	0.92
3	CC(C)(O)c1ccc(Cn2nc(-c3ccc(Cl)cc3Cl)c3c2C2CCC3CC2)cc1	1.0	0	0.89	0.8
3	N#Cc1ccc(Sc2ccccc2N2CCCCC2)cc1	1.0	1	1.173	0.98
3	O=C(CSc1ccc(Cl)cc1)Nc1ccc(Br)cc1Br	1.0	1	0.932	0.987
3	COc1ccc(NC2=NC(=O)c3ccccc3O2)cc1	1.0	1	0.944	0.983
3	CCC(=O)N1CCc2cc(Br)cc(S(=O)(=O)CCC(=O)NCc3ccccc3OC)c21	1.0	0	0.0	0.949
3	CC(C)C(=O)Nc1ccc(C(=O)Nc2cccnc2)cc1	1.0	0	0.814	0.991
3	O=S(=O)(Nc1ccc(CCNCC(O)c2cccnc2)cc1)c1ccc(F)cc1	1.0	0	0.665	0.95
3	COc1ccc(NC(=O)c2ccccc2NS(=O)(=O)c2ccc(C)cc2)cc1	1.0	1	1.046	0.99
3	Cn1c(=O)c2c(SCC(=O)NCCCCO)nc(C)nc2n(C)c1=O	1.0	0	0.827	0.954
3	COc1ccccc1CNC(=O)C1CCCN(S(=O)(=O)c2ccc(C)cc2)C1	1.0	1	0.968	0.964
3	COc1ccccc1N1C(=O)SC(=Cc2ccccc2)C1=O	1.0	1	0.954	0.984
3	CC(=O)c1cn(CCCO)c2cc(OC)c(OC)cc12	1.0	0	0.896	0.975
3	Oc1ccc(O)c2nc(-c3ccccc3)ncc12	1.0	1	0.916	0.978
3	COc1ccccc1C(=O)Nc1cccc(C(=O)Nc2ccccc2)c1	1.0	0	0.701	0.993
3	Cc1ccc(OCC(=O)N=C(C)c2cccnc2)cc1	1.0	1	0.945	0.971
3	c1ccc(OCc2nc(-c3ccco3)cs2)cc1	1.0	1	0.941	0.983
3	COc1ccc(C2c3c(nc(C)nc3C)-c3ccc4ccccc4c3O2)cc1O	1.0	0	0.865	0.857
3	O=c1nc(OCC2CCCO2)ccn1-c1ccc(F)cc1	1.0	1	0.962	0.914
3	Cc1cc2ccccc2n1CCNC(=O)C1COc2ccccc2O1	1.0	1	0.937	0.936
3	CCOc1ccc(NS(=O)(=O)c2cccc(-c3ccc(F)cc3C)c2)cc1	1.0	1	1.013	0.986
3	Oc1ccc(N(Cc2ccccc2)Cc2ccccc2)c(O)c1O	1.0	1	0.926	0.979
3	CCOC(=O)C1(C)CCN1C(=O)c1cccc(F)c1OC	1.0	1	0.985	0.895
3	O=S(=O)(c1ccc(Cl)cc1)N1CCc2ccccc2C1	1.0	1	1.028	0.989
3	O=C(O)c1ccc(C(=O)Nc2cc(OCc3ccccc3)cc3ccoc23)c(Cl)c1	1.0	0	0.682	0.973
3	COc1ccc(C)cc1NC(=O)c1ccccc1C(=O)c1ccccc1	1.0	1	0.955	0.99
3	CCOC(=O)c1c(-c2ccc(Cl)cc2Cl)csc1Nc1ccc(O)cc1	1.0	0	0.898	0.972
3	CC(C)(CCN)c1ccc(Nc2nccc(Nc3ccccc3Cl)n2)cc1	1.0	0	0.726	0.964
3	CCc1cccc(Cc2cn(C)c3cc(O)ccc23)c1	1.0	1	1.214	0.977
3	COc1cccc(N=Nc2ccc3cc4ccccc4cc3c2)c1O	1.0	0	0.841	0.963
3	CC(C)Nc1ccc(C#Cc2ccccn2)cn1	1.0	0	0.751	0.959
3	O=S(=O)(O)OCc1ccccc1Sc1ccccc1OCCc1ccccc1	1.0	0	0.826	0.968
3	CCc1ccc(CCNC(=O)c2ccc(Sc3ccc(Cl)cc3)cc2)cc1	1.0	0	0.744	0.986
3	O=C(CC1(c2ccc(F)cc2)COC(=O)N1)NCC1CC1	1.0	1	0.968	0.834
3	COc1ccccc1N1CC(C(=O)Nc2noc3ccccc23)CC1	1.0	0	0.836	0.946
3	O=C1c2c(Cl)cc(Cl)cc2CCC1(F)Br	1.0	0	0.789	0.745
3	CCOC(=O)C(C(C)CC)N(CC)c1ccc(Cl)cc1C#N	1.0	1	0.905	0.786
3	CCCn1c(=O)c2c(ncn2C)n(C)c1=O	1.0	0	0.874	0.967
3	Cc1cccc(NC(=O)Nc2cccc(Cl)c2)c1	1.0	0	0.743	0.993
3	CC(=O)C1=C(C)N(c2ccccc2C)C(=O)c2nccc(C)c21	1.0	1	1.001	0.961
3	CCC(Cc1ccc(OC)c(C(=O)NCc2ccc(C(F)(F)F)cc2O)c1)C(=O)O	1.0	0	0.786	0.922
3	COC1COCCC1NC1CCC(CC(=O)O)CO1	1.0	0	0.879	0.426
3	CCCC1C(=O)N(C)c2cnc(-c3ccc(Cl)cc3)nc2N1C1CCCC1	1.0	1	0.996	0.894
3	Cc1ccc(S(=O)(=O)NC(C(=O)O)c2ccccc2)cc1	1.0	1	1.149	0.973
3	COc1ccccc1NS(=O)(=O)c1ccc(C(=O)OCC(=O)Nc2ccccc2C)cc1	1.0	0	0.0	0.986
3	COc1cccc(CCOc2ccc(Cc3nc(C(=O)COc4cccc(OC)c4)no3)cc2)c1	1.0	0	0.0	0.959
3	Cc1c(CC(=O)Nc2cccc(Cl)c2)c(=O)oc2c(C)c3c(ccn3S(=O)(=O)c3c(Cl)cccc3Cl)cc12	1.0	0	0.0	0.906
3	O=S(=O)(c1cc(-c2nc3cc(F)ccc3[nH]2)ccc1Cl)N1CCC2(CCOC2)C1	1.0	0	0.789	0.687
3	Cc1cc(S(=O)(=O)c2ccc(Cl)cc2)cc2c3c(oc12)CCNC3	1.0	1	0.972	0.942
3	Cc1nc2c(cnn2-c2ccccc2)c(=O)n1-c1cccnc1	1.0	0	0.878	0.974
3	Clc1cccc(OC(c2ccccc2)C2CCNCC2)c1	1.0	1	0.997	0.945
3	CC(C)c1cccc(C(C)C)c1NC(=O)Nc1ccccc1Cl	1.0	0	0.772	0.985
3	COc1ccc(Cl)cc1NC(=O)Cc1ccc(Cl)cc1	1.0	1	0.975	0.993
3	O=C(Cc1cccc2ccccc12)Nc1scc(Br)c1-c1nc[nH]n1	1.0	0	0.784	0.905
3	CCN1CCN(Cc2ccc(Nc3nccc(-c4ccccc4)n3)cc2)CC1	1.0	0	0.749	0.983
3	COc1ccc2c(c1)C(=O)N(CC1(c3ccc(F)cc3)SCCN1)c1ccccc1-2	1.0	1	0.984	0.828
3	CCOc1ccc(S(=O)(=O)NCc2cccc(Cc3ccc(C(=O)O)cc3)c2)cc1	1.0	0	0.726	0.984
3	COc1ccc2cc(CN(Cc3cc[n+]([O-])cc3)C3CCN(Cc4cccc(F)c4)CC3)ccc2c1	1.0	0	0.0	0.944
3	CCCc1ccccc1Oc1ccc(C#N)c(Cl)c1O	1.0	1	0.937	0.968
3	Cc1ncoc1-c1nnc(SCC(=O)Nc2ccccc2Cl)n1C	1.0	0	0.841	0.962
3	COC(=O)C(CC(=O)O)c1nc2ccccc2s1	1.0	1	0.92	0.933
3	COc1ccc(S(=O)(=O)NCc2ccc(C(=O)O)cc2)cc1	1.0	0	0.864	0.991
3	O=C(c1ccco1)n1sc2ccccc21	1.0	1	1.004	0.94
3	COc1ccc(C(=O)COC(=O)CCNS(=O)(=O)c2ccccc2)cc1OC	1.0	0	0.748	0.984
3	CCOC(=O)c1c(C)csc1NC(=O)COc1ccccc1[N+](=O)[O-]	1.0	0	0.8	0.973
3	COc1cc(C(=O)CCc2ccc3c(ccc(=O)n3C)c2)ccc1O	1.0	0	0.826	0.976
3	Cc1cc(C)c(C=C(C#N)C(=O)NCCN2CCOCC2)c(C)c1Cl	1.0	0	0.826	0.943
3	O=S(=O)(c1cccc(Cl)c1Cl)n1nc(OCc2ccccc2)c2ncccc21	1.0	1	0.982	0.953
3	CCN(CC)C(=O)c1cnn(C)c1NC(=O)c1nc(C)c(C2CC2)nc1N	1.0	0	0.854	0.904
3	O=C(CC1(CC(=O)NC2NCCCCC2)CCN(C(=O)CC(F)(F)C(F)(F)F)C1)Nc1ccccc1	1.0	0	0.0	0.584
3	O=C(CC1C(=O)NCCN1C(=O)c1cccc(F)c1)NCc1ccco1	1.0	0	0.877	0.927
3	CCOC(=O)Cn1c(=O)c(-c2ccc(OC)cc2)nc2ccc(N(C)C)nc21	1.0	1	0.91	0.962
3	Clc1ccc(C(Cc2ccccc2)(c2ccccc2)c2ccccc2)cc1N1CCNCC1	1.0	0	0.0	0.963
3	O=C(O)c1ccc(C(=O)c2cc(Br)ccc2Br)cc1	1.0	0	0.896	0.988
3	COc1cc(CCN2C(=O)C(=O)c3ccccc3C2=O)cc(OC)c1OC	1.0	1	0.966	0.981
3	C=CCNC(=O)Nc1ccc(Cl)c(Cl)c1	1.0	0	0.821	0.986
3	CCN(CC)C(=O)C1CC(C(=O)O)Nc2ccc(Cl)cc21	1.0	1	0.913	0.815
3	O=C(CCc1ccc(Cl)cc1)NS(=O)(=O)c1ccc([N+](=O)[O-])cc1	1.0	0	0.874	0.985
3	CN1C(=O)c2ccccc2CC1Cc1ccccn1	1.0	1	1.07	0.929
3	CC(C)NCC(O)COc1ccc(-c2ccc(Oc3ccc(C(F)(F)F)cn3)cc2)c(C(N)=O)c1	1.0	0	0.0	0.891
3	Cc1ccc(CSCc2nc(C)nc3c2CCN3c2ccc(F)cc2)cc1	1.0	0	0.871	0.955
3	CC(C)(C)c1ccc(C(=O)Nc2ccc(CN3CCOCC3)cc2)cc1	1.0	0	0.686	0.988
3	O=C(CSc1nnc(-c2cccnc2)n1Cc1ccccc1)N1CCCCC1	1.0	1	0.924	0.979
3	O=C(NCCc1ccccc1)C1CCCN(c2ncnc3oc(-c4ccccc4)cc23)C1	1.0	0	0.0	0.916
3	Cc1ccc(-c2cc(C(=O)NC(C)c3cccc(Cl)c3)cc(C(F)(F)F)c2)cc1	1.0	0	0.787	0.957
3	Cc1ccn(-c2nnc(C)c(Nc3ccc(O)cc3)n2)n1	1.0	1	1.011	0.946
3	CCOc1ccc(S(=O)(=O)NC)cc1	1.0	0	0.788	0.992
3	COc1ncc(Cl)cc1-c1csc(C(N)Cc2ccccc2)c1	1.0	1	0.997	0.909
3	CCc1ccc(CN(C)CC(O)COc2ccccc2C)cc1	1.0	1	1.038	0.966
3	Cn1cccc1C(=O)N1CCCCCC1	1.0	1	0.967	0.984
3	C=CCc1ccnc(C(=O)O)c1	1.0	1	0.935	0.97
3	Cc1ccc2c(O)cc(C3CCCC3)nc2n1	1.0	1	1.004	0.951
3	Cc1cncc(N2CC3CNC3C2)c1	1.0	1	0.927	0.752
3	Cc1cc(OCC(=O)O)cc(F)c1Cl	1.0	0	0.773	0.978
3	O=S(=O)(O)c1cc(Cl)c(O)c2ncccc12	1.0	0	0.824	0.969
3	CCOc1ccc(C(=O)Nc2ccc(S(=O)(=O)N3CCCCC3)cc2)cc1	1.0	0	0.738	0.989
3	NC(=O)C1CCN(c2nc(-c3ccc(Cl)cc3)cs2)CC1	1.0	0	0.88	0.981
3	O=C(NCc1ccccc1Cl)c1cc(-c2ccc(F)cc2)[nH]n1	1.0	0	0.826	0.982
3	COc1ccc(-c2nc(C)nc(NCc3ccc(Cl)cc3)c2C#CCN)cc1	1.0	1	0.96	0.961
3	COc1ccc(-c2nc(S(=O)(=O)c3ccccc3)c(N3CCCCCC3)o2)cc1	1.0	0	0.899	0.974
3	O=C(CSc1c(Cl)cccc1Cl)c1ccccc1Cl	1.0	1	0.91	0.984
3	CC(c1ccc(Cl)cc1)N(Cc1nc(O)c2ccccc2n1)CCCN1CCOCC1	1.0	0	0.0	0.893
3	NS(=O)(=O)c1ccc(CCNS(=O)(=O)c2ccccc2)cc1	1.0	0	0.899	0.989
3	CC(C)(C)NC(=O)CCn1nc(-c2ccc(Cl)cc2)c(-c2ccncc2)n1	1.0	1	0.99	0.955
3	O=S(=O)(c1ccc(Cl)c(Cl)c1)N1CCCC1	1.0	1	0.938	0.99
3	Cc1cccc(C#CCCCN)c1	1.0	0	0.747	0.972
3	CCOc1ccccc1OCC1CCCN1	1.0	1	0.908	0.962
3	NS(=O)(=O)c1ccc(C(=O)NN=Cc2ccccc2)cc1	1.0	0	0.875	0.988
3	CCc1cccc2c(CCNC(=O)CCl)c(C)nc1-2	0.0	0	0.0	0.0
3	COc1ccc(C(=O)Nc2nc3ccccc3n2CCC(C)N)cc1	1.0	0	0.799	0.956
3	CN(CC(=O)Nc1ccccc1Cl)Cc1cccnc1	1.0	0	0.853	0.988
4	CCC[N+]1(CC2CCCCCCC2)CCC1	1.0	0	0.77	0.906
4	COc1ccccc1NC(=O)CSc1nc2cc(C(C)C)ccc2nc1N1CCCCC1	1.0	0	0.0	0.965
4	O=C(c1cccc(Cl)c1)c1ccc(N2CCCCCC2)cc1	1.0	1	0.938	0.99
4	N=C(N)c1ccc(CNC(=O)CCCCCC(=O)Nc2ccccc2)cc1	1.0	0	0.709	0.986
4	O=C(CNC(=O)C1CCCCC1)NCCc1ccc(Cl)cc1	1.0	0	0.811	0.989
4	O=S(=O)(c1ccc(F)c(F)c1)N1CCC(O)(c2cccnc2)CC1	1.0	1	0.973	0.965
4	COc1cccc2c1NC(N)=NC2C	1.0	0	0.696	0.828
4	O=S(=O)(Nc1ccc(Cl)c(Cl)c1)c1c(F)cccc1F	1.0	1	1.025	0.984
4	COc1ccccc1-c1cc2nc(C(=O)NCCCCO)cn2c(-c2ccccc2)n1	1.0	0	0.0	0.965
4	O=C(Nc1ccccc1N1CCOCC1)N1CCCCC1	1.0	1	0.953	0.986
4	CC1CC2(NC(=O)CCCCC(=O)O)C(c3ccccc3)CCC2C1	1.0	0	0.823	0.636
4	O=C(CCCN1C(=O)c2ccccc2C1=O)Nc1ccccn1	1.0	0	0.873	0.985
4	COc1ccc(S(=O)(=O)N2CCOCC2)cc1NC(C)C(=O)Nc1ccc(S(N)(=O)=O)cc1	1.0	0	0.0	0.93
4	CN1CC(=O)N(CC(=O)NCc2ccc(Cl)cc2)CC(=O)C1Cc1ccccc1	1.0	0	0.815	0.909
4	COc1cccc(CN2CC(C)C(c3nc(O)c4cnn(C5CCCC5)c4n3)C2)c1	1.0	0	0.835	0.753
4	Cc1cccc(C)c1NC(=O)CN1CCCCC1	1.0	0	0.878	0.991
4	C=C1CCCC2(C)C(=C)CCCC21Cc1cc(I)c(OC(C)=O)c(CC=C(C)C)c1	1.0	0	0.825	0.365
4	CS(=O)(=O)c1ccc2nc(NC(=O)c3ccc(F)cc3Cl)sc2c1	1.0	0	0.767	0.98
4	O=C(O)Cc1ccc(Cl)c2oc(O)c(Cc3ccccc3)c(=O)c12	1.0	1	1.061	0.946
4	CN(C)C(=O)CN1CCC(C(=O)c2ccccc2F)CC1	1.0	0	0.846	0.982
4	CCN(CC)c1cc(N2CCOCC2)nc(S)n1	1.0	1	0.916	0.913
4	COc1ccc(C(=O)C[n+]2cccc(NC(C)=O)c2)cc1	1.0	0	0.867	0.974
4	NCCc1ccc(-c2c(O)ccc3nc(O)ccc23)cc1	1.0	1	0.933	0.968
4	CCCCC(=O)NNc1c(O)cc(C)cc1Br	1.0	0	0.859	0.962
4	NC(=NOC(=O)c1cccc(Cl)c1)c1cccc(C(=O)c2ccncc2)c1	1.0	0	0.757	0.971
4	COc1nc(F)ccc1NC(=O)Nc1ccc(Cl)cc1	1.0	0	0.843	0.982
4	Nc1ncc(-c2nc(N3CCOCC3)c3ccc(Cl)nn3n2)cn1	0.0	0	0.0	0.0
4	CCOc1cc(CN2CCC(Nc3nc4ccccc4n3Cc3ccc(F)cc3)CC2)ccc1F	1.0	0	0.0	0.967
4	COc1ccc(OC)c(C2=CC(C)(C)OC2=O)c1	1.0	1	1.014	0.954
4	CC(=O)c1ccc(OCC(=O)N2CCN(C)CC2)cc1	1.0	1	0.951	0.989
4	COC(=O)Nc1nc2cc(C(=O)c3ccccc3)cnc2[nH]1	1.0	1	1.141	0.967
4	O=C(NC(=S)Nc1ccc(S(=O)(=O)N2CCCCC2)cc1)c1ccccc1	1.0	0	0.69	0.986
4	O=C(c1ccc(Cl)cc1)c1cc(Cc2cccnc2)[nH]n1	1.0	1	0.927	0.971
4	S=C1NCCN(Cc2ccccc2)C1	1.0	1	1.05	0.97
4	CC(C)CN1Cc2ccc(Oc3cccc([N+](=O)[O-])c3)cc2C1=O	1.0	0	0.884	0.97
4	COc1ccccc1CNc1nc2ccccc2nc1NS(C)(=O)=O	1.0	1	1.013	0.977
4	O=S(=O)(c1ccccc1F)c1ccccc1	1.0	1	0.909	0.992
4	Cc1ccccc1Oc1ccc(NC(=O)c2ccccc2)cc1	1.0	0	0.815	0.994
4	O=C(Nc1nc2ccc([N+](=O)[O-])cc2s1)c1ccccc1	1.0	0	0.749	0.988
4	O=C(O)CCCC(=O)Nc1ccc(N2CCCCC2)cc1Cl	1.0	0	0.779	0.986
4	O=S(=O)(c1ccccc1F)c1nn(-c2ccccc2)n(Cc2ccccc2)c1=O	1.0	1	0.906	0.949
4	Nc1nc(Cl)nc2c1ncn2C1CC(OP(=O)(O)OP(=O)(O)O)C(CO)N1	1.0	0	0.804	0.198
4	Cc1nc(N)nc(N2N=C(c3ccccc3)CC2=O)n1	1.0	1	1.047	0.944
4	O=c1cc([N+](=O)[O-])cc(Cl)n1Cc1ccc(C(F)(F)F)cc1	1.0	1	1.102	0.958
4	CCc1ccccc1NS(=O)(=O)c1ccc(OC)c2c(c1)C(=O)c1ccccc1-2	0.0	0	0.0	0.0
4	Nc1cnc(CSc2ncccn2)nc1Br	1.0	1	0.913	0.903
4	Cc1cccc(S(=O)(=O)Nc2ccc(Cl)cc2)c1	1.0	1	0.969	0.993
4	COc1nc(Cl)sc1NC(=O)Cc1ccc(Cl)cc1Cl	1.0	1	1.119	0.949
4	COC(=O)C(Cc1cccc(C#N)c1)NS(=O)(=O)c1ccc(C)cc1	1.0	1	1.003	0.956
4	CCCC(=NNC(=O)c1cccnc1)c1ccccc1	1.0	0	0.888	0.982
4	O=C(CSc1nnc(-c2ccccc2F)o1)Nc1ccc(Cl)cc1	1.0	1	1.044	0.984
4	CC(C)c1nnc(NS(=O)(=O)c2ccc(F)cc2)s1	1.0	1	0.959	0.978
4	Nc1cccc(N)c1N	1.0	0	0.7	0.974
4	COc1ccc2c(C)cc(O)nc2c1C	1.0	0	0.83	0.967
4	O=C1c2ccccc2CC1=NNc1c(Cl)c(Cl)c(Cl)cc1Cl	1.0	1	0.981	0.927
4	Cc1cc(C)cc(CC(=O)Nc2ccccc2)c1	1.0	1	0.947	0.993
4	Cc1ccc(S(=O)(=O)n2ncc(CO)c2C(=O)c2ccccc2)cc1	1.0	1	0.973	0.966
4	O=C(CC(F)(F)F)N1CC=C(c2ccccc2Cl)CC1	1.0	1	1.119	0.962
4	Cc1c(Cl)cccc1NC(=O)CSc1nc(-c2ccccc2)cc(C(F)(F)F)n1	1.0	1	0.981	0.974
4	CCNC(=O)C(NC(=O)c1ccc(F)cc1F)c1cccnc1	1.0	0	0.842	0.946
4	N#Cc1cccc(-c2ccc(=O)n(Cc3c(O)ccc4cc(C(=O)O)ccc34)c2)c1	1.0	0	0.783	0.961
4	c1cncc(Nc2ccc(N3CCOCC3)cc2)c1	1.0	1	0.954	0.987
4	Clc1ccc(CNc2nc(N3CCCCC3)nc3ccccc23)cc1	1.0	1	1.08	0.984
4	COc1cc(NC(=O)c2ccccc2F)c(OC)cc1Cl	1.0	1	0.906	0.99
4	COc1ccc(S(=O)(=O)N(C)CC(=O)NCc2ccccn2)cc1Cl	1.0	0	0.781	0.979
4	NC(CCc1ccc([N+](=O)[O-])cc1)=NO	1.0	0	0.862	0.978
4	COc1ccc(COc2ccc(C(=O)Nc3ccncc3)cc2)cc1	1.0	0	0.735	0.991
4	CCCCN(CC)C(=O)C(=O)c1cn(CC(=O)N2CCCC2)c2ccccc12	1.0	0	0.857	0.963
4	Cc1nc(N)c2sc(C)c(C)c2c1N	1.0	0	0.802	0.889
4	O=C(NCc1cc(Cl)ccc1Cl)N1CCOCC1	1.0	1	1.01	0.984
4	Cc1ccc(C)c(C(=O)Nc2nnc(C(F)(F)F)s2)c1	1.0	0	0.889	0.974
4	O=C(C1CC1)N1CCNCC1	1.0	0	0.744	0.981
4	CCSCCc1ccncc1C1(O)CCCCC1	1.0	0	0.878	0.917
4	COC(=O)C1(Cc2ccc(F)cc2)C2=NSCC2C(=O)N1C	1.0	1	1.113	0.483
4	O=C(CSc1nc2ccccc2c(=O)n1-c1ccccc1)N1CCCCC1	1.0	1	0.976	0.984
4	CC(C)(Sc1ccc(Cl)cc1)C(=O)NCC#N	1.0	0	0.869	0.95
4	COC(=O)C1(Cc2ccccc2)c2c(c(O)n(Cc3ccccc3)c2O)CN1C	1.0	1	0.925	0.815
4	COC(=O)Nc1ccc(S(=O)(=O)NCCc2cccc(C)c2)cc1	1.0	0	0.859	0.987
4	Cc1ccc(O)cc1Nc1c(C(=O)O)cnc2sc(-c3ccccc3)cc12	1.0	0	0.859	0.964
4	CC(C)Cn1cc(C(=O)Nc2cccc(C(F)(F)F)c2)c2ncccc21	1.0	0	0.826	0.968
4	Cc1ccc(CN2C(=O)c3ccccc3C2(O)c2ccc(C)cc2)cc1	1.0	1	1.098	0.945
4	CS(=O)(=O)c1ccc(Oc2c(Cl)cc(Cc3cccc(Cl)c3Cl)s2)cc1	1.0	0	0.784	0.941
4	NS(=O)(=O)c1ccc(CCN)cc1	1.0	0	0.751	0.99
4	COc1ccccc1NS(=O)(=O)c1ccc(C(=O)NCCCN2CCCC2=O)cc1	1.0	0	0.67	0.98
4	CCCCC(NC(=O)c1cccc(C)c1)c1cccnc1	1.0	0	0.886	0.966
4	CC(=O)N1CCC(CC(=O)NO)(S(=O)(=O)c2ccc(Oc3ccc(OC(C)C)cc3)cc2)CC1	1.0	0	0.0	0.92
4	O=C(O)CC1(c2ccc(F)cc2)C2CC3CC(C2)CC1C3	1.0	1	1.0	0.647
4	NS(=O)(=O)c1ccc(N2N=C(c3ccccc3)CC2c2ccccc2)cc1	1.0	1	1.017	0.955
4	O=C(O)CC(c1ccc(Cl)cc1)n1cccc(C(F)(F)F)c1CC(=O)O	0.0	0	0.0	0.0
4	COc1cc(O)cc(C(=O)CCc2cc[n+](CCCCCCCC(=O)CCCCCCC3=CCCC3)c(O)c2)c1	1.0	0	0.0	0.833
4	O=C(Nc1csc(Cl)c1Cl)C(Cl)(Cl)Cl	1.0	0	0.797	0.86
4	Cc1ccc(CC2CN(C)CC3c4ccccc4CCC23)cc1	1.0	1	0.952	0.833
4	COc1c(Cl)cc(Cl)cc1C(=O)NCC1CCCO1	1.0	1	0.947	0.952
4	CCOc1ccc(S(=O)(=O)Nc2cccc(-c3ccccc3)c2)cc1[N+](=O)[O-]	1.0	0	0.89	0.984
4	CC(C)Nc1cc(N2CCN(C)CC2)c2ccccc2n1	1.0	1	0.943	0.976
4	COc1cc(C(=O)c2cc(OC)c(OC)c(OC)c2O)cc(OC)c1C	1.0	1	1.041	0.969
4	Cc1cc(C)nn1CC(=O)OCC(=O)NC(c1ccccc1)c1ccccc1	1.0	0	0.788	0.979
4	CCCCOc1ccc(S(=O)(=O)C=CC(=O)OC)cc1	1.0	0	0.804	0.973
4	O=S(=O)(c1ccccc1F)c1ccncc1	1.0	0	0.872	0.985
4	C[N+](C)(C)CCCNP(=O)(c1ccccc1)c1ccccc1	1.0	1	0.95	0.923
4	Oc1ccc(N=Cc2c(O)ccc3occc23)cc1	1.0	1	0.925	0.948
4	OCC1CN(Cc2ccc(F)cc2)CC(O)(c2ccc(F)cc2)C1	1.0	1	0.984	0.878
4	O=C(Nc1ccc(C(=O)Nc2ccc(F)cc2)cc1)Nc1ccc(Cl)cc1Cl	1.0	0	0.633	0.989
4	O=C(CCNC(=O)c1ccccc1Cl)Nc1ccc2c(c1)OCO2	1.0	0	0.89	0.987
4	O=S(=O)(c1cccc(F)c1)c1cn(C2CCCNC2)c2ccccc12	1.0	1	0.979	0.908
4	COc1cccc(OC)c1C(=O)Nc1nc2c(s1)CC(C)CC2	1.0	1	0.911	0.936
4	Cc1cccnc1CN1CCN(C(=O)c2cccc(Cl)c2)CC1	1.0	1	0.919	0.985
4	COC(=O)CN1C(=O)C2(CCCNCC2)c2ccc(N3CCCCC3=O)cc21	1.0	0	0.883	0.702
4	O=C(O)c1c[nH]c2cc(Cl)ccc12	1.0	0	0.795	0.984
4	CC(C)(C)c1ccc2c(c1)C1OCCCCC1C(c1ccccc1Cl)N2	1.0	0	0.896	0.784
4	Cc1cc(C)n(C(=O)c2cccc(Br)n2)n1	1.0	1	0.907	0.952
4	CNC(=S)Nc1ccc(S(=O)(=O)Nc2ncccn2)cc1	1.0	1	0.901	0.977
4	Cc1ccccc1OCCCC(=O)NCCc1ccccc1	1.0	1	0.915	0.992
4	O=C(O)c1cc(S(=O)(=O)N2CCCCCC2)ccc1Cl	1.0	1	0.92	0.988
4	CCC(N)(C(=O)OC)c1[nH]nc(-c2ccc(F)cc2)c1-c1ccncc1	1.0	1	1.027	0.853
4	Oc1cc(CSc2cccc(Cl)c2)c2c(Cl)ccnc2n1	1.0	1	0.961	0.931
4	COc1ccc(C(=O)N(C)c2ccccc2)cc1OC1CCCC1	1.0	0	0.845	0.984
4	CC(NC(=O)c1ccnc(F)c1)c1ccc(OC2CCN(C)CC2)cc1	1.0	0	0.804	0.935
4	COc1ccc(-c2nn3c(C)nnc3s2)cc1C	1.0	0	0.898	0.969
4	COc1ccc(C(=O)COC(=O)C(NC(N)=O)C(C)C)cc1	1.0	0	0.85	0.963
4	Cc1c(C(=O)C(N)=O)c2cc(OCc3cccs3)ccc2n1Cc1ccccc1	1.0	0	0.759	0.967
4	O=C(CSc1ccc(-c2ccc(Cl)cc2)nn1)Nc1ccccc1F	1.0	0	0.849	0.983
4	COc1nc(I)ccc1NS(=O)(=O)c1ccc(C(C)C)c(Cl)c1	1.0	1	0.957	0.946
4	NC(=O)c1nc(-c2ccc(Cl)cc2)n(CCCN)n1	1.0	1	0.965	0.965
4	NC(=O)c1cccc(N=Cc2ccc(O)cc2)c1O	1.0	0	0.895	0.963
4	CC(C)n1nc(C(C)(C)C)cc1C(=O)NS(=O)(=O)c1cccc2ccccc12	1.0	0	0.749	0.957
4	O=S1(=O)N=C(NC2CCCCC2)c2ccccc21	1.0	1	0.935	0.967
4	O=C(Nc1cc(C(=O)O)cc(C(=O)O)c1)c1cccc(Cl)c1Cl	1.0	0	0.776	0.985
4	COC(=O)CC=Cc1ccc(O)c(O)c1O	1.0	1	1.008	0.937
4	CC(=O)Nc1ccc(S(=O)(=O)CC(=N)C2C(=O)CC(C)(C)CC2=O)cc1	1.0	0	0.797	0.918
4	O=C(O)C1CCC(OCc2ccc(F)cc2Cl)CC1	1.0	1	0.909	0.977
4	O=S1(=O)CC(N2CCCCCC2)CN1Cc1ccc(F)cc1	1.0	1	1.045	0.907
4	CCC(=O)NCC1Cc2cccc(-c3ccc(OC)c(OC)c3)c2O1	1.0	0	0.845	0.94
4	CCOC(=O)c1ccc(Cl)c(NS(=O)(=O)c2ccc(NC(C)=O)cc2)c1C	1.0	0	0.795	0.977
4	COc1ccc(S(=O)(=O)c2ccc(Oc3cc(O)ccc3O)c(N)c2)cc1	1.0	0	0.838	0.974
4	C#Cc1cn2c(-c3ccc(C#N)cn3)cnc2c(NC(C(=O)O)c2ccc(F)cc2)n1	1.0	0	0.0	0.733
4	O=C(Nc1ccc(Cl)cc1)c1cnn(-c2ccc(Cl)cc2Cl)c1C(O)c1ccccc1Cl	1.0	0	0.0	0.92
4	Cc1cccc(CNC(=O)c2ccc(NC(=O)c3ccccc3)cc2)c1	1.0	0	0.734	0.993
4	Cc1cc(Nc2ccc(Cl)c(Cl)c2)c2ccccc2n1	1.0	1	1.077	0.987
4	Cc1ncc([N+](=O)[O-])n1CC(C)OC(=O)Cc1ccc(Br)cc1	1.0	1	0.951	0.882
4	O=C(Nc1nnc(S(=O)(=O)N2CCCCC2)s1)c1ccccc1F	1.0	0	0.792	0.973
4	O=S(=O)(NCC1CCC(CNc2ccccc2F)CC1)c1ccccc1Cl	1.0	0	0.683	0.975
4	COc1c(O)cc(Br)c2cc(C)occ12	0.0	0	0.0	0.0
4	Oc1cc(CSc2ccccc2)nc(N2CC(Cc3ccccc3)C2)n1	1.0	0	0.793	0.964
4	Cc1cc(C)n(C(=O)c2ccc(S(C)(=O)=O)cc2)n1	1.0	1	0.923	0.98
4	O=S(=O)(c1ccc(Cl)cc1)N(Cc1ccco1)Cc1ccco1	1.0	1	0.953	0.977
4	Cc1cnc(C)n1-c1ccc(C(=O)N2CCCCCC2)cc1	1.0	1	1.054	0.979
4	O=C(CSc1nc2ccccc2c(=O)n1CC1CCCO1)NO	1.0	1	1.122	0.933
4	COc1ccc(S(=O)(=O)Nc2ccc(F)cc2)cc1	1.0	1	0.955	0.994
4	COc1cccc(C(=O)NCc2ccccc2)c1	1.0	1	0.96	0.995
4	Cc1ccc(Nc2ccc(Br)cn2)cc1	1.0	0	0.89	0.99
4	COc1ccc(C(=O)Nc2ccc(OC(C)C)cc2)c(O)c1	1.0	1	0.94	0.99
4	CC=C(C)C(=O)NCCN1CCOCC1	1.0	0	0.771	0.967
4	Cc1ccc(C)c(C=NNC(=O)CSc2ncccn2)c1	1.0	1	0.968	0.97
4	Cc1cc(C)nc(Sc2ncnc3[nH]cnc23)n1	1.0	1	1.068	0.908
4	COc1ccc(S(=O)(=O)NC(=O)COc2ccccc2C)cc1	1.0	0	0.879	0.988
4	COc1ccc(C=C(C(=O)Nc2cc(OC)c(C(C)=O)c(Cl)c2)C(C)C(=O)c2ccccc2)cc1	1.0	0	0.0	0.871
4	Clc1ccc(CSCC(c2ccc(Cl)cc2)C2SC(=O)NC2=O)cc1	1.0	1	0.94	0.795
4	O=C(CSSc1ccc2ccccc2n1)NO	1.0	1	0.921	0.944
4	CC(C)(C)c1cc(NC(=O)c2ccc(F)cc2)n(-c2cccc(Cl)c2)n1	1.0	0	0.899	0.981
4	CCc1oc(C(=O)NN)c(C)c1Sc1cccc(Cl)c1	1.0	1	1.07	0.917
4	NCC(=O)c1ccc(-c2ccc(Cl)cc2)s1	1.0	1	1.106	0.98
4	COc1ccc(NC(=O)CN(C)CC(=O)NC(C)c2ccc(Cl)cc2Cl)cc1	1.0	1	0.935	0.959
4	NC(=O)COc1cccc(N2C(=O)CCC2=O)c1	1.0	0	0.889	0.981
4	O=C(CCCc1ccccc1)c1cn(Cc2ccc(Cl)cc2)c2ncccc12	1.0	1	0.98	0.979
4	COc1cc(C(=O)NC2CCN(C)CC2)cc2ncccc12	1.0	1	0.945	0.981
4	CC1(C)OC(=O)C(=Cc2ccc(C(=O)NCCO)cc2)N2CC(C)OC(=O)C12	1.0	0	0.821	0.681
4	Cc1cc(Cl)ccc1COc1ccc(S(=O)(=O)N2CCC(C)(C)C=N2)cc1	1.0	0	0.737	0.918
4	CCOC(=O)NCc1ccc2[nH]c3c(c2c1)CCCC3NC(=O)c1cccc2oc(O)nc12	1.0	0	0.0	0.819
4	CCN(CC)S(=O)(=O)c1ccc(Nc2nccc(-c3sc(=O)n(C)n3)n2)cc1	1.0	0	0.749	0.935
4	O=C1C(c2ccc(O)cc2)sc2ccccc21	1.0	1	1.059	0.93
4	CN(C)S(=O)(=O)c1cccc(NC(=O)c2ccc(Cl)c([N+](=O)[O-])c2)c1	1.0	0	0.774	0.983
4	CCCC(=O)Nc1cncc(-c2cccc(Cl)c2)c1	1.0	0	0.894	0.986
4	Cc1ccnc(Oc2ccc(-c3ccnc(Cl)c3)cc2Cl)n1	1.0	1	0.947	0.966
4	Cc1ccc(C)c(C(=O)CC(=O)Nc2sc3c(c2C#N)CCCC3)c1	1.0	1	0.928	0.964
4	COCCOc1ccccc1N1C(=O)C(=O)C(C)C1=O	1.0	1	1.032	0.917
4	Cc1ccc(S(=O)(=O)N=C(Nc2cccc(C(=O)O)c2)c2ccccc2)cc1	1.0	0	0.835	0.979
4	O=C(CSc1nnc(Nc2ccccc2)s1)NN=Cc1cccnc1	1.0	0	0.804	0.97
4	CN(C)S(=O)(=O)NC(=O)c1ccc(CNC(=O)c2ccccc2)cc1	1.0	0	0.752	0.987
4	COc1cc(N2CCC(N3CCCCC3)CC2)ccc1Nc1nccc(-c2c(Cl)cccc2Cl)n1	1.0	0	0.0	0.951
4	Nc1nc(-c2ccc(F)cc2)cc(C(F)(F)F)n1	1.0	1	0.963	0.979
4	COc1ccc(C2=NN(C(=O)CCC(=O)O)C(c3ccccc3)C2)cc1	1.0	0	0.882	0.954
4	CN(C)C(=O)CC(c1ccccc1)c1ccccc1	1.0	1	1.207	0.99
4	COC(=O)c1ccc(C(=O)c2ccc(C(F)(F)F)cc2C(=O)c2cccc(OC)c2O)cc1	1.0	0	0.0	0.97
4	Cc1nc(N2CCN(C)CC2)c2c(CC(=O)O)cccc2n1	1.0	0	0.888	0.966
4	Cc1ccc(C)c(-c2nc(C)sc2CC(=O)O)c1	1.0	1	1.012	0.971
4	COc1ccc(C(=O)Nc2cccc(C(=O)C(C)=O)c2)cc1	1.0	0	0.825	0.99
4	COC(=O)C1CSCC1=Nc1cccc(Cl)c1O	1.0	1	0.933	0.691
4	COc1cc(Nc2nc(N)n(CC(=O)c3ccccc3)c2S)cc(OC)c1	1.0	0	0.835	0.948
4	Nc1ccc(S(=O)(=O)N2CCOCC2)cc1	1.0	1	0.936	0.988
4	O=C(Cc1ccccc1)NCC(Cc1ccccc1)C(F)(F)F	1.0	1	0.975	0.958
4	O=C(Nc1cccc(Cl)c1)c1ccc(NC(=O)c2ccco2)cc1	1.0	0	0.702	0.99
4	CC(=NNC(=O)c1ccccn1)c1cc(Cl)ccc1Cl	1.0	0	0.869	0.979
4	O=C(c1ccc(O)cc1O)c1ccccc1O	1.0	1	0.966	0.986
4	Cc1cc(C(=O)O)nc2ccccc12	1.0	0	0.806	0.989
4	CCCCC(=O)c1cnc2ccc(Cc3ccccc3)cc2c1O	1.0	0	0.878	0.975
4	Nc1cccc(-c2cncc(NS(=O)(=O)c3ccc(Cl)cc3)c2)c1	1.0	1	0.966	0.982
4	Cc1cccc(NC(=O)CN(C)CC(=O)N2CCN(S(=O)(=O)c3ccccc3)CC2)c1	1.0	0	0.0	0.98
4	CC=Cc1cc(O)c2c(c1)C(=O)CC(c1ccc(O)cc1O)O2	1.0	1	0.95	0.798
4	Cc1cccc(C)c1Oc1ncc(CN2CCC(OC(=O)N3CCCCC3)CC2)cc1Cl	1.0	0	0.0	0.953
5	Cc1cnn(C(=O)CN2CCCCC2)c1	1.0	1	0.996	0.961
5	Cc1ccc(C(=O)Nc2ccc(S(=O)(=O)N3CCCCC3)cc2)cc1	1.0	0	0.772	0.991
5	CCc1nnc(NS(=O)(=O)c2ccc(Br)cc2)s1	1.0	1	0.974	0.978
5	COc1ccc(OC(=O)N(C)CCN(C)C)c(Cl)c1	1.0	1	0.916	0.978
5	Nc1ccccc1NC(=O)c1ccc(C(F)(F)F)cc1	1.0	0	0.839	0.991
5	O=S(=O)(c1cccc(F)c1)c1ccc(O)cc1	1.0	0	0.859	0.989
5	NCCCNC(=NO)c1ccccc1	1.0	0	0.807	0.967
5	COc1ncccc1CNC(=O)Nc1cccc(Cl)c1	1.0	1	0.928	0.986
5	COC(=O)CSc1nnc(-c2ccc(C)cc2)n1CC	1.0	1	0.986	0.984
5	O=C1CCc2ccccc2N1Cc1ccccc1	1.0	1	1.139	0.991
5	Nc1[nH]c2cccc(Br)c2c1C(=O)c1ccc(Cl)cc1Cl	1.0	1	0.978	0.956
5	Cc1cccc(OS(=O)(=O)c2ccc(Cl)cc2)n1	1.0	1	1.005	0.979
5	O=S(=O)(Nc1nc2ccccc2nc1Nc1ccc(F)c(F)c1)c1ccc(F)cc1F	1.0	0	0.0	0.967
5	O=C(CC=S(O)(O)=Cc1ccccc1)N1CCOCC1	1.0	0	0.862	0.886
5	O=C(NC1CCCCC1)Oc1ccccc1C(=O)Nc1ccc(CN2CCCCC2)cc1	1.0	0	0.0	0.979
5	Cc1cccc(C)c1NC(=O)NCCc1ccc(Cl)cc1	1.0	0	0.859	0.99
5	O=C(O)Cc1ccc(NS(=O)(=O)c2ccccc2)cc1	1.0	0	0.864	0.992
5	O=[N+]([O-])c1cccc(COc2cccc(NS(=O)(=O)c3ccc(O)cc3)c2)c1	1.0	0	0.832	0.982
5	COc1ccc(S(=O)(=O)NCCc2ccccn2)cc1C	1.0	0	0.89	0.985
5	Cc1ccc(C)c(S(=O)(=O)N2CCCCCC2)cc1	0.0	0	0.0	0.0
5	O=C(O)c1ccc(Cl)cc1COS(=O)(=O)c1ccc(NC(=O)c2ccccc2)cc1	1.0	0	0.735	0.979
5	Cc1nc(-c2ccncc2)c(-c2ccccc2)n1C1CCCCC1	1.0	1	1.092	0.973
5	O=C(NC(=O)c1ccc(Cl)cc1)Nc1ccccc1C(=O)N1CCCCC1	1.0	0	0.812	0.987
5	Fc1cccc(NC(=S)NCc2ccccn2)c1	1.0	1	1.038	0.987
5	Cc1ccc(C)c(S(=O)(=O)N2CCCCC2)c1	1.0	1	0.916	0.989
5	Cc1cccc(N2CCN(C(=O)C3CCC(C)(c4ccccc4)CC3)CC2)c1C	1.0	0	0.844	0.967
5	Nc1nc(Cl)ccn1	1.0	0	0.714	0.963
5	CN(C)Cc1ccn(C2=CCCN(C(=O)c3ccccc3)C2)n1	1.0	1	0.929	0.934
5	Cc1c(Cl)c(C(=O)NC(C)c2cccc(F)c2)cn1C	1.0	1	0.931	0.92
5	CC(=O)NCCc1cc(OCCCN2CCCCC2)ccc1O	1.0	0	0.82	0.98
5	CN(C(=O)CCc1ccccn1)C1CCCN(C(=O)c2cccs2)C1	1.0	0	0.793	0.926
5	COc1ccc(CC(=O)Nc2ccc(F)c(F)c2)cc1	1.0	1	0.933	0.993
5	COc1ccccc1NC(=O)Nc1cccc(C)c1	1.0	0	0.85	0.994
5	CCc1nc(N)nc(N)c1C(=O)c1ccc(Cl)cc1	1.0	1	1.214	0.971
5	CCCC1CCc2nc(N)nc(O)c2C1	1.0	1	0.964	0.825
5	CC(C)C(=O)OCC1(CO)CCCC1=Cc1ccc(C(F)(F)F)c([N+](=O)[O-])c1	1.0	0	0.847	0.701
5	O=C1C(=CNc2cccc(F)c2)CCc2ccccc21	1.0	1	0.995	0.976
5	Cc1nc(O)c2cc(C(c3cccc(Cl)c3)c3ccc(Cl)c(F)c3)oc2c1C(=O)O	1.0	0	0.874	0.802
5	COc1cc(C(=O)NCCC(=O)NC(C)C)cc(OC)c1OC	1.0	0	0.845	0.986
5	CS(=O)(=O)c1ccc(-c2nc(Cl)nc3[nH]cnc23)cc1	1.0	0	0.882	0.944
5	COc1cc(C)ccc1Oc1ccc(Cl)cc1C1(C)NC(=O)NC1=O	1.0	1	1.04	0.916
5	O=C(O)CC(NC(=O)Cc1cnc(Cl)c(Cl)c1)c1ccc(Cl)cc1	1.0	1	0.995	0.942
5	COc1ccc(Cc2ccc(OC)cc2)cc1S(=O)(=O)NCC(C)O	1.0	0	0.83	0.956
5	Cc1cc(C(=O)Nc2cccc(C(F)(F)F)c2)c2ccccc2n1	1.0	0	0.852	0.987
5	O=C(O)Cc1nn(Cc2nc3cc(Cl)c(Cl)cc3s2)c2ccccc12	1.0	0	0.89	0.954
5	Cc1cc(C)c2nc(O)c(CN(C)C)c(CO)c2c1	1.0	1	0.947	0.926
5	O=S(=O)(C(O)CS(=O)(=O)c1ccc(C(F)(F)P(=O)(O)O)cc1F	0.0	0	0.0	0.0
5	CCC(C)(C)NC(=O)C(c1ccc(O)cc1)N1Cc2ccccc2C1=O	1.0	1	0.916	0.915
5	CC(=O)Oc1ccc(C2nc3ccccc3N(CC(=O)c3ccccc3)C2=O)cc1	0.0	0	0.0	0.0
5	COC(=O)CCCCCCC(=O)Nc1ccc(C(=O)Nc2cccc(C)c2)cc1	1.0	0	0.653	0.987
5	Nc1cccc(C(=O)Nc2cccc3ccccc23)c1	1.0	1	0.984	0.992
5	Cc1nn(CC(=O)NCCN2CCOCC2)c(C)c1[N+](=O)[O-]	1.0	0	0.822	0.968
5	Cc1ccc(-c2ccc(C(=O)N(C)C)cc2)cc1	1.0	1	1.159	0.994
5	O=C(O)CCC(=O)NNC(=O)c1ccccc1F	1.0	0	0.873	0.989
5	COc1cccc(C(=O)CC(=O)c2ccc(F)cc2)c1	1.0	1	1.031	0.99
5	COc1cc(C=C(C#N)C(=O)Nc2ccc(O)cc2)cc(O)c1O	1.0	0	0.841	0.969
5	CCc1nn(C(C)C)cc1C=C1C(=O)N(C)C(=O)N(C)C1=O	1.0	1	0.946	0.883
5	O=C1c2ccc(-c3ccc(Cl)cc3)cc2C(=O)N1c1ccccc1	1.0	1	0.92	0.989
5	CC(=O)Nc1ccc(S(=O)(=O)N(C)CCc2ccccc2)cc1	1.0	0	0.882	0.989
5	COc1ccc(C(=O)Cc2ccccc2-c2ccc(OC)c(Oc3ccccc3)c2)cc1	1.0	0	0.0	0.984
5	O=C(Nc1ccc2c(c1)OCCO2)c1ccc(S(=O)(=O)N2CCOCC2)cc1	1.0	0	0.669	0.981
5	COc1ncnn(-c2ccc(Cl)cc2)c1N	0.0	0	0.0	0.0
5	O=C(Nc1nnc(Nc2ccc(F)cc2)s1)c1ccc(F)cc1Cl	1.0	0	0.812	0.981
5	O=C(Nc1ccccc1C(=O)Nc1ccccc1)c1ccccc1	1.0	0	0.894	0.994
5	C[N+](C)(CCCNCC(=O)Nc1ccccc1F)Cc1nccs1	1.0	0	0.665	0.936
5	CC(=O)c1ccc(N2C(=O)c3ccccc3C2=O)cc1	1.0	1	1.037	0.991
5	Cc1ccc(S(=O)(=O)Nc2nnc(C)n2C)cc1	1.0	1	1.004	0.97
5	CC(=O)NC(=S)NCc1ccccc1	1.0	1	0.915	0.989
5	COc1ccc(NS(=O)(=O)c2cccc(C(=O)O)c2)cc1	1.0	0	0.851	0.992
5	CC(=O)c1ccccc1	1.0	0	0.764	0.997
5	O=S(=O)(Cc1ccc(Cl)cc1Cl)c1ccc(Br)nc1	1.0	1	0.931	0.969
5	Nc1nc(C(=O)NCc2cccc(F)c2)cc(-c2ccccc2)n1	1.0	0	0.799	0.984
5	Nc1nc(O)cc(-c2ccc(O)cc2)n1	1.0	0	0.835	0.972
5	CC(=O)NCC(N)Cc1ccc(F)cc1	1.0	0	0.893	0.965
5	CC(C)(C)c1cc(S(=O)(=O)Nc2ccccc2C(F)(F)F)cs1	1.0	1	0.986	0.953
5	CCC(c1ccc(OCC(=O)O)c2ccccc12)c1ccc(Br)cc1	1.0	1	1.033	0.949
5	Cc1cc(C)cc(N2CC3(CCC(N)c4ccccc43)OCC2C)c1	1.0	1	0.959	0.408
5	Cc1cc(=O)nc(N2CCN(C(=O)c3ccc(Cl)cc3)CC2)n1C	1.0	0	0.885	0.971
5	O=S(=O)(Nc1nc[nH]n1)c1ccc(Cl)c(Cl)c1	1.0	1	0.997	0.925
5	Cc1ccc(NC(=O)CN2CCc3ccccc3C2)c(C)c1	1.0	1	0.925	0.988
5	Cc1ccc(C)n1N1C(=O)c2ccccc2C1=O	1.0	1	1.11	0.963
5	O=C(CCCCNC(=O)c1ccccc1)CCc1ccccc1Cl	1.0	1	0.939	0.988
5	CCOc1ccc(C2NC(=O)CCC2[N+](=O)[O-])cc1OC	1.0	1	0.901	0.849
5	O=C(NCC(c1ccccc1)c1ccc(Br)cc1)c1ccccc1	1.0	0	0.892	0.977
5	Cc1ncnc(C)c1C(=O)N1CCC(C)(N2CCCCC2)CC1	1.0	0	0.897	0.94
5	Cc1ccccc1NC(=N)Nc1cc(Cl)cc(Cl)c1O	1.0	0	0.848	0.962
5	Cc1cc(C)nc(N2CC3CCN(C(=O)c4ccc5ccc(C)nc5n4)CC32)c1N	1.0	0	0.877	0.695
5	Cc1cccc(CCOc2cccnc2C(=O)c2ccccc2)c1	1.0	1	1.045	0.985
5	O=C(Cc1ccc(Cl)c(Cl)c1)N1CCOCC1	1.0	1	1.113	0.987
5	CC1=NC(C)=C(C(=O)O)C(C)C1	1.0	0	0.816	0.765
5	O=S(=O)(c1cccc(Cl)c1)c1ccccc1	1.0	0	0.87	0.992
5	COc1cc(C)ccc1Oc1ccc(NC(=O)c2ccc(Cl)cc2)cc1	1.0	0	0.801	0.991
5	CC(C)c1nnc(SCc2ccc(Cl)cc2Cl)n1N	1.0	1	0.967	0.965
5	COc1ccc(C(=O)N2CCCC2C(=O)N2CCCC2C(=O)c2ccccc2)cc1C(F)(F)F	1.0	0	0.0	0.867
5	CCCCCCCCCC(=O)C(O)c1ccc(O)cc1F	1.0	0	0.825	0.925
5	Nc1cnc(CN2CCCC(C(=O)c3ccc(F)cc3C(F)(F)F)C2)cn1	1.0	1	0.914	0.871
5	c1ccc(CN2CCN(CCCc3ccccc3)CC2)cc1	1.0	0	0.787	0.993
5	Cc1ccc(O)c(C(=O)C2CCN(C(=O)OCc3ccc(Cl)cc3)CC2)c1	1.0	0	0.784	0.979
5	O=C(NCc1ccccn1)c1ccc(CSc2nc3cccnc3n2Cc2ccccc2)cc1	1.0	0	0.0	0.973
5	CCOc1ccc(C(=O)Nc2ccccc2C(=O)O)cc1	1.0	0	0.787	0.994
5	O=S(=O)(Cc1cccc(Br)c1)CCc1cccc(C(F)(F)F)c1	1.0	0	0.808	0.976
5	CC(=O)Nc1cncc(-c2ccc(C(F)(F)F)cc2)n1	1.0	1	0.955	0.977
5	CC(C)c1ccccc1NS(=O)(=O)c1cccs1	1.0	1	1.041	0.984
5	Cc1cnnn1CC(=O)c1ccnc2ccccc12	1.0	1	0.975	0.961
5	Cc1cc(=O)oc2cc(NS(=O)(=O)c3ccccc3)ccc12	1.0	1	0.949	0.985
5	O=S(=O)(NCCCc1c[nH]cn1)c1ccc(Cl)cc1	1.0	1	0.976	0.966
5	Cc1ccc(C(=O)OC(Cc2c(Cl)c[n+]([O-])cc2Cl)c2ccc(Cl)cc2)cc1	1.0	1	0.98	0.881
5	CS(=O)(=O)CC(=O)NCc1ccccn1	1.0	0	0.83	0.98
5	CC(=O)N(C)c1cccc(SC2=C(O)Cc3ccccc3N2Cc2ccccc2)c1	1.0	0	0.85	0.931
5	COc1cc(C=C(C#N)C(=O)Nc2ccc(C(=O)O)cc2)ccc1O	1.0	0	0.823	0.98
5	COC(=O)C(c1ccc2c(c1)OCO2)c1cc(Br)c2c(c1)OC(C)(C)C(=O)C2=O	1.0	1	0.936	0.775
5	O=C(C(=S)N1CCOCC1)c1ccccc1	1.0	1	1.048	0.974
5	O=C(CCSCc1cccc(C(=O)O)c1)NO	1.0	0	0.764	0.979
5	Cc1cc(-c2cccnc2O)c2ccccc2n1	1.0	1	0.978	0.973
5	Cc1onc(C(=O)NCc2ccccc2)c1[N+](=O)[O-]	1.0	1	0.983	0.977
5	Cc1c(Oc2cccc(Cl)c2)cccc1C(=O)O	1.0	1	1.021	0.989
5	CNS(=O)(=O)c1ccc(C)cc1	1.0	0	0.757	0.993
5	CC(=O)NC1(C(=O)Nc2nc(C)cs2)CCCC1	1.0	0	0.895	0.954
5	Cc1ncc(C(=O)Nc2ccc(F)c(C3(C)N=C(N)NCC3)c2)cn1	1.0	0	0.824	0.79
5	COc1ccc(S(=O)(=O)Nc2ccc(S(N)(=O)=O)cc2)cc1	1.0	0	0.877	0.99
5	COC(=O)CN(C)C(=O)C(C)Oc1cc(Cl)ccc1Cl	1.0	1	0.909	0.946
5	CC(C)(C)c1ccc(C=C(C(=O)NCCc2ccc(C(=O)Nc3ccccc3C(=O)O)cc2)c2ccncc2)cc1	1.0	0	0.0	0.956
5	O=S(=O)(c1cccc(C(=S)N2CCCCCC2)c1)N1CCCC1	1.0	1	0.996	0.978
5	CCOCCCn1c(=S)[nH]c2cc(Cl)ccc2c1=O	1.0	1	0.981	0.973
5	COc1ccccc1NC(=O)CN(C)S(=O)(=O)c1ccc(F)cc1	1.0	0	0.811	0.988
5	Cc1ccc(C(=O)Nc2cccc(C(C)(C)C)c2)cc1NC(=O)c1ccc(OCc2ccccc2C)cn1	1.0	0	0.0	0.97
5	O=C(CNC(=O)c1ccccc1Br)NN=C(CO)c1ccccc1	1.0	0	0.809	0.973
5	CN(C(=O)C1CCCN1S(=O)(=O)c1ccc([N+](=O)[O-])cc1)Cc1ccccc1	1.0	0	0.873	0.95
5	Cc1ccc(CN2CCCC2CNC(=O)c2ccc(Cl)cc2)cc1	1.0	0	0.889	0.971
5	CCCN(C(=O)C1CCC1)c1c(C)nc2n(Cc3ccc(F)cc3)c(C)nc12	0.0	0	0.0	0.0
5	CC(c1cccc(C(F)(F)F)c1)c1cc(O)c(O)nc1[S+]([O-])CCCCC(=O)O	1.0	0	0.0	0.443
5	Cc1ccccc1C1C2C(=O)CC(C)(C)C2C(=O)C1=O	1.0	1	1.099	0.613
5	CCOc1nc(C(=O)CC(=O)O)c(C(=O)O)cc1CN	1.0	0	0.821	0.931
5	CCc1ccc(C2=C(C(=O)c3cnc(O)nc3)C(=O)c3ccccc3C2=O)cc1	1.0	1	0.995	0.933
5	Cn1ccnc1Cc1ccc(C(=O)c2ccc(F)cc2F)cc1	1.0	0	0.882	0.979
5	COc1ncc(Cl)nc1C(=O)Nc1nc(C)c(C(=O)NCc2cccc(N(C)C)c2)n1	0.0	0	0.0	0.0
5	Cc1ccc(C(=O)C(C)N)c(C)c1	1.0	0	0.842	0.962
5	Cc1ccccc1OCC(=O)Nc1nnc(SCc2ccccc2)s1	1.0	0	0.775	0.985
5	Nc1[nH]nc2ncc(Cl)cc12	1.0	0	0.713	0.928
5	OC1C(c2ccccc2)CC(C2CCCCC2)S1	1.0	1	1.162	0.711
5	Cc1ccc(C(=O)COC(=O)CCC(=O)NCCN2CCOCC2)cc1	1.0	0	0.753	0.981
5	O=S(=O)(c1ccc(Cl)cc1)N1CCCCCCC1	1.0	1	0.982	0.992
5	NS(=O)(=O)c1ccc(C(=O)NCCSCc2ccco2)cc1	1.0	0	0.787	0.978
5	Cc1ccc(S(=O)(=O)NCCCCN2CCCCC2)cc1	1.0	0	0.847	0.988
5	COc1ccc2c(c1)c(CC(=O)O)cn2S(C)(=O)=O	1.0	0	0.846	0.968
5	COc1cc(OCc2cccc(OC3OC(C)C(OC(C)C)C(O)C(OCCF)C3O)c2)c2ccccc2n1	1.0	0	0.0	0.391
5	CN1c2ccccc2C(=O)c2ccccn12	0.0	0	0.0	0.0
5	O=C(NC1CCCCN(Cc2ccc(Cl)cc2)C1=O)c1ccc(Cl)cc1	1.0	0	0.864	0.965
5	O=c1ccccn1CSc1nc2ccc(Cl)cc2c(=O)n1Cc1ccccc1	1.0	1	1.04	0.968
5	COc1ccc(C(=O)CC(=O)C(=O)c2ccccn2)cc1F	1.0	0	0.859	0.97
5	CC(C)(C)NS(=O)(=O)c1ccc(C(=O)OC(C)C(=O)c2ccc(Cl)cc2)cc1	1.0	0	0.756	0.955
5	CCC(=C(c1ccc(O)cc1)c1ccc(O)cc1)c1cc[nH]c1	1.0	1	0.955	0.953
5	CNC(=O)COC(=O)C(Cc1ccccc1)NC(C)=O	1.0	1	0.914	0.97
5	COc1cccc(COc2cccc(C(=O)NN=O)c2O)c1	1.0	0	0.833	0.974
5	CC(=O)Nc1ccc(Sc2ccc(Cl)nc2)c(C)c1	1.0	1	1.032	0.973
5	COc1ccccc1C(=O)Nc1ccc(-c2nc3c(c(N4CCOCC4)n2)CS(=O)(=O)CC3)cc1	1.0	0	0.0	0.944
5	c1ccc(Cc2nnnn2Cc2ccccc2)cc1	1.0	1	1.038	0.989
5	Oc1cccc(-c2nc(N3CCCC3)c3ncn(CCN)c3n2)c1	1.0	0	0.836	0.955
5	CCC(Nc1nc(N)nc(N)c1C#N)c1nc2c(Cl)ccc(Cl)c2c(=O)n1-c1ccccc1	1.0	0	0.0	0.814
5	Cc1cc([N+](=O)[O-])ccc1S(=O)(=O)N(C)N=Cc1cnn2ccc(Cl)nc12	1.0	0	0.884	0.862
5	Cc1cccc(Cc2cncc(-c3cccc(C#N)c3)c2)n1	1.0	1	0.968	0.973
5	O=c1ccn(CCCCNC(c2ccccc2)(c2ccccc2)c2ccccc2)n1	0.0	0	0.0	0.0
5	O=S(=O)(N=C(c1ccccc1)N1CCCCC1)c1ccccc1	1.0	1	0.932	0.98
5	Cc1ccccc1N=c1c(N(C)C)ccnc1O	0.0	0	0.0	0.0
5	C=c1c(=Cc2c(O)nc(O)nc2O)no[n+]1[O-]	0.0	0	0.0	0.0
5	O=S(=O)(c1ccccc1)N1CCC(O)(c2ccccc2)CC1	1.0	1	1.023	0.984
5	Clc1ccc2c(c1Cl)C(=O)N(CCSS(C)(=O)=O)S2	1.0	1	1.042	0.811
5	COc1ccc(S(=O)(=O)NC(=O)c2ccc(Cl)cc2)cc1	1.0	1	0.927	0.992
5	O=S(=O)(NC1CCCCCCC1)c1ccc(Cl)cc1	1.0	1	0.909	0.989
5	O=C(Nc1ccccc1)c1ccc(CN2CC(Cc3ccccc3)N(C(=O)OCc3ccc(F)cc3)C2=O)cc1	1.0	0	0.0	0.911
5	ON=Cc1ccc(O)cc1	1.0	0	0.735	0.979
5	Fc1ccc(CNC(=S)c2ccc(Cl)cc2)cc1	1.0	1	1.299	0.989
5	O=C(NC1CCCCC1)OCCCc1ccccc1Cl	1.0	1	0.943	0.985
5	Nc1nnc(S)nc1CO	1.0	0	0.813	0.645
5	O=S(=O)(NC1CCCCC1)C1CCC1	1.0	1	0.913	0.975
5	Cc1ccc(C)c(S(=O)(=O)NCC(=O)O)c1	1.0	0	0.847	0.985
5	COc1ccc(S(=O)(=O)NCC(=O)O)cc1	1.0	0	0.83	0.99
5	COc1cccc(CC2=NC(=O)c3cccnc3N2)c1	1.0	1	1.11	0.976
5	Cc1ccc(C)c(C(=O)c2cc(Cl)ccc2OC)c1	1.0	1	1.016	0.99
5	Cc1ccc(CSc2nc(O)c(C)c(C(C)C)n2)cc1	1.0	1	1.028	0.962
5	O=S(=O)(Nc1ccc(Cl)c(Cl)c1)c1cccc(Cl)c1Cl	1.0	1	0.981	0.985
5	O=C(Cc1cccc(Cl)c1)Nc1ccc(OC(F)(F)F)cc1	1.0	0	0.836	0.989
5	COc1ccc(NNC(=O)c2ccccc2C(=O)O)cc1	1.0	0	0.856	0.989
5	Cc1n[nH]c(C)c1S(=O)(=O)N1CCC(O)(c2ccccc2)CC1C	1.0	1	0.95	0.76
5	Cc1nn(C)cc1S(=O)(=O)N1C(C)CNCC1C	1.0	1	0.914	0.71
5	O=C(CSc1nnc(Cc2cccc(F)c2)n1Cc1ccccc1)NC1CCCCC1	1.0	0	0.0	0.975
5	CCOC(=O)c1ccc(O)cc1	1.0	0	0.813	0.994
5	O=c1c2cccnc2n(Cc2cccc(Cl)c2)n1Cc1ccccc1	1.0	1	1.109	0.972
5	CC(=N)CC(=O)NC(C(=O)N1CCCC1C(=O)Nc1ccccc1S)C1CCCCC1	1.0	0	0.0	0.748
5	CCc1cc2nc(-c3ccc(Cl)cc3)cc(N3CCOCC3)n2n1	1.0	0	0.889	0.959
5	CC(=O)c1cccc(C(=O)N(C)C)c1O	1.0	0	0.86	0.984
5	Oc1nnc(Cc2ccc(Cl)c(Cl)c2)c2cccnc12	1.0	1	1.122	0.956
5	CC(C)(C)c1ccc(CC2CCCN2C(=O)c2cccc(C(F)(F)F)c2)cc1	1.0	1	0.981	0.947
5	Cc1cccc(NS(=O)(=O)c2cccc(C(=O)Nc3cccc(C(=O)O)c3)c2)c1	1.0	0	0.762	0.987
5	NS(=O)(=O)c1cccc(S(=O)(=O)NC(CCCNC(=O)c2ccccc2)c2ccccc2)c1	1.0	0	0.0	0.944
5	CS(=O)(=O)N(Cc1ccc(F)cc1)c1ccccn1	1.0	1	1.071	0.98
5	C=CCC1(N2CCc3c(C(N)=O)c(-c4ccccc4)nn3C2)COC1	1.0	0	0.849	0.808
5	Cc1cccc(C)c1NC(=O)N1CCC(CCF)CC1	1.0	1	0.906	0.976
5	Cc1ccc(CO)cc1-n1nnnc1C(C)(C)C	1.0	0	0.892	0.959
5	CCCOc1ccccc1C1(NC(=O)c2cccnc2OC)CCCC1	1.0	1	0.916	0.962
6	COc1ccc(S(=O)(=O)Nc2ccc(C#N)cc2)cc1	1.0	1	0.905	0.99
6	Cc1nn(C)cc1CNC(=O)Nc1cccc(Cl)c1Cl	1.0	0	0.886	0.976
6	CCn1c(CC(=O)c2ccccc2)nnc1SCSc1nc2ccccc2s1	1.0	0	0.879	0.954
6	CC(=O)c1cccc(NC(=O)NCCc2ccc(Cl)cc2)c1	1.0	0	0.779	0.991
6	Cc1ccc(C(=O)c2ccc(C(F)(F)F)cc2C(=O)Nc2ccc(Cl)cn2)cc1	1.0	1	0.927	0.977
6	COc1cccc(C(=O)NCCN(C)C)c1	1.0	0	0.855	0.992
6	N#Cc1ccc(Oc2ccc3nc(C(=O)NCCN4CCCCCC4)cnc3c2)cc1	1.0	0	0.0	0.968
6	O=C(O)c1ccc(CSc2cc(Cl)ccc2Cl)o1	1.0	1	0.947	0.974
6	O=C(CCc1ccc(S(=O)(=O)O)cc1)c1ccccc1	1.0	0	0.822	0.99
6	CC1=NC(=O)CC(c2ccccc2)N1	1.0	1	0.903	0.879
6	FCCCc1cc(=O)oc2c(Br)c(F)ccc12	1.0	0	0.825	0.934
6	CC(C)(C)c1ccc(CC2(N)CCN(c3ccccc3)CC2)cc1	1.0	0	0.894	0.974
6	O=S(=O)(c1cccc(C(F)(F)F)c1)N1CCCc2ccccc21	1.0	1	0.986	0.981
6	CC1=NC(=O)NC(c2ccc(Cl)cc2)C1C(=O)OCC(F)(Cl)Cl	1.0	1	1.007	0.636
6	COc1ccccc1NC(=O)c1ccccc1Cn1ccc(Cl)n1	1.0	1	0.97	0.979
6	CC(=O)NC(C)c1ccc(OC2CCN(c3ncnc(OC(C)C)c3F)C2)cc1	1.0	0	0.817	0.799
6	COc1ccc(C(=O)c2ccccc2C(=O)O)cc1OC	1.0	1	0.913	0.991
6	CC(=O)N(c1ccccc1)c1ccccc1C	1.0	1	1.195	0.989
6	O=C(CC1CCCCC1)N1CCCC1=O	1.0	1	1.091	0.977
6	CCc1ccc(NC(=S)NCC)cc1	1.0	0	0.826	0.99
6	c1ccc(C(=C2CCCN(Cc3ccccc3)C2)cc1Cl	0.0	0	0.0	0.0
6	CC(C)(C)c1ccc(OS(N)(=O)=O)cc1	1.0	0	0.751	0.983
6	O=C(Nc1ccc(Br)cc1)c1ccccc1	1.0	0	0.851	0.996
6	Cc1cc(C)c(-c2cc(Cl)cc(Cl)c2)c(N)c1C#N	1.0	1	0.915	0.956
6	Cc1nc(C(=O)Nc2cccc(C(F)(F)F)c2)c(-c2ccccc2)n1-c1ccc(C(=O)O)cc1	1.0	0	0.0	0.967
6	O=S(=O)(Nc1cccc(I)c1)c1cccc(S(=O)(=O)c2ccccc2)c1	1.0	0	0.884	0.98
6	Cc1ccc(-c2ccc(C(=O)N3CCN(C)CC3)c(C(=O)c3ccccc3)c2)cn1	1.0	1	0.951	0.977
6	N#Cc1ccc(N2CCN(CC(=O)c3ccc(Cl)cc3)CC2)cc1	1.0	0	0.858	0.986
6	CC(=O)c1ccc(N(Cc2ccccn2)c2cccc(Cl)c2)cc1	1.0	1	1.042	0.979
6	CC(=O)c1c(C)[nH]c(C(=O)N(C)CCc2ccccn2)c1C	1.0	1	0.996	0.967
6	CC(CN)c1ccc(Cl)cc1	1.0	0	0.7	0.973
6	CC(=O)c1ccc(Oc2ccc([N+](=O)[O-])cc2)cc1	1.0	1	0.994	0.992
6	Cc1cc(C)cc(OCC(=O)Nc2ccc(S(=O)(=O)Nc3ncccn3)cc2)c1	1.0	0	0.654	0.978
6	COc1ccc(C(=O)Nc2cccc(C(=O)C(=O)c3ccc(Cl)cc3)c2)cc1	1.0	0	0.771	0.988
6	NC1=NNS(=O)(=O)c2ccccc21	1.0	0	0.79	0.841
6	CS(=O)(=O)NC1CCC(CCN2CCC(c3ccc(C(F)(F)F)cc3)CC2)CC1	1.0	0	0.683	0.961
6	O=C(CCCC(=O)c1ccc(O)c(O)c1)N1CCc2ccccc2C1	1.0	0	0.783	0.976
6	Cn1c(=O)c(Oc2ccc(F)cc2Cl)cc[n+]1[O-]	1.0	1	1.088	0.893
6	Cc1cc(C)nc(Sc2nc(N)nc(C)c2Br)n1	1.0	1	0.972	0.919
6	Cc1ccc(C(=O)O)cc1S(=O)(=O)Oc1cccc(Br)c1	1.0	1	0.97	0.982
6	Clc1ccc(Nc2nc(Cl)nc3[nH]cnc23)cc1	1.0	1	1.004	0.955
6	CC(=O)NC1CCN(C(=O)c2ccc(C)c(C)c2)C(N)=N1	1.0	1	0.959	0.824
6	Cc1ccc(S(=O)(=O)c2nc(Cl)c(C)s2)cc1	1.0	0	0.89	0.947
6	CC(C)(O)c1ccc(S(=O)(=O)c2ccc(Cl)c(Cl)c2O)cc1	1.0	1	0.905	0.961
6	Cc1ccccc1C(=O)c1cccc([N+](=O)[O-])c1C	1.0	1	1.072	0.987
6	O=C(O)CCC(=O)N1CCN(c2ccc(F)cc2)CC1	1.0	1	0.923	0.989
6	COc1ccc(C=C(C)C(C)=NNC(=O)c2ccc([N+](=O)[O-])cc2)cc1	1.0	1	0.911	0.968
6	O=S(=O)(Cc1ccccc1C(=O)c1ccncc1)c1ccccc1	1.0	1	1.13	0.983
6	Cc1nn(-c2cccc(C(=O)c3ccccc3)c2)c2ccccc12	1.0	1	0.909	0.986
6	CC(=O)NCCc1cccc(Br)c1	1.0	0	0.761	0.991
6	CCOc1ccc(NC(=O)Cc2ccc3c(c2)OCO3)c1	0.0	0	0.0	0.0
6	CC(C)(C(=O)NCc1ccc(F)cc1Cl)c1ccccc1	1.0	1	0.912	0.984
6	COc1cc(OC)c(NS(=O)(=O)c2ccc(C(C)C)cc2)c(C)c1C	1.0	1	0.907	0.975
6	O=C(c1ccc(Br)cc1Br)c1cccnc1	1.0	1	0.943	0.983
6	COc1ccc2c(ccn2S(=O)(=O)c2ccc(NS(C)(=O)=O)cc2)c1	1.0	1	0.999	0.976
6	CCC(=O)c1c(C2CCCCCC2)cc(-c2ccccc2)nc1N1CCOCC1	1.0	1	0.924	0.959
6	CN(Cc1ccccc1)S(=O)(=O)c1cccc(C(=O)NCc2ccccc2)c1	1.0	0	0.699	0.989
6	CNc1nc(C)nc(NCCCOC)n1	1.0	0	0.787	0.963
6	Cc1cc(C)nc(N(C)c2ccccc2)n1	1.0	1	0.917	0.98
6	COC(=O)C1C(c2ccc(F)cc2)CC2CCC1N2C	1.0	1	1.045	0.507
6	O=C(c1ccc(F)cc1)c1ccn(-c2cnncn2)c1	1.0	1	1.093	0.93
6	CC(=O)c1ccc(S(=O)(=O)NCCCc2ccccc2F)cc1	1.0	0	0.781	0.987
6	c1ccc(Nc2nccc(-c3ccc(Cl)o3)n2)cc1	1.0	0	0.891	0.976
6	CCc1cc(C)c(C)c(C(=O)NCC)c1Cc1ccc(Cl)cc1	1.0	1	0.986	0.971
6	CSc1ncc2cc(-c3ccccc3)c(C(=O)O)nc2n1	1.0	1	1.03	0.961
6	CCn1cc(C(=O)c2ccccc2C#N)cc1C	1.0	1	1.002	0.957
6	COc1cc2oc(=O)ccc2c(O)c1-c1ccc(O)c(O)c1	1.0	0	0.9	0.964
6	NC(=O)c1cc(S(=O)(=O)N2CCCCC2)ccc1N1CCCC1	1.0	1	1.031	0.982
6	OC(c1ccc(Cl)cc1)c1cccc(Cl)c1Cl	1.0	1	0.976	0.969
6	CCCCCCCC(=O)Nc1nc(C)c(C)n1Cc1ccccc1OC	1.0	0	0.802	0.973
6	Cc1ccc(C(=O)c2ccc3ccccc3n2)cc1	1.0	1	1.078	0.991
6	O=C1C2CCCCN2C(=O)N1Cc1ccccc1	1.0	1	1.157	0.964
6	O=C(c1ccccc1)c1ccc(O)c(Cl)c1O	1.0	1	1.058	0.984
6	Cc1ccccc1Cn1nc(C(=O)O)c(Cl)c(Cl)c1C#N	0.0	0	0.0	0.0
6	O=[N+]([O-])c1ccc(OCc2ccccn2)cc1	1.0	1	0.97	0.99
6	CC(C)n1c(S)nnc1-c1cc(S(=O)(=O)N2CCCCC2)ccc1N1CCCC1	1.0	0	0.892	0.94
6	Nc1nc(Cl)ncc1-c1ccc(Cl)cc1Cl	1.0	1	1.044	0.971
6	CC(=O)Nc1ccc(Oc2cccc(Cl)c2)cc1	1.0	1	0.977	0.993
6	Cc1cc(O)cc(C)c1CNC(=O)C(Cc1ccccc1)NC(=O)c1ccccc1O	1.0	0	0.0	0.943
6	O=S1(=O)Cc2ccccc2C2c3ccccc3COCC21	1.0	1	1.138	0.708
6	CC(C(=O)NCc1ccc(C(F)(F)F)nc1C1CC1)c1ccc(F)cc1	1.0	0	0.876	0.906
6	O=C(O)c1ccccc1NS(=O)(=O)c1ccccc1	1.0	1	1.006	0.993
6	O=C(c1ccc(-c2ncccn2)cc1)N1CCCCC1	1.0	1	0.992	0.988
6	COc1ccc(CN(C)CC(=O)Nc2cccc(S(N)(=O)=O)c2)cc1	1.0	0	0.822	0.986
6	Cc1cc(-c2ccc(Cl)c(Cl)c2)nc(C#N)n1	1.0	1	0.93	0.968
6	CC(=O)Nc1cc(-c2cccc(F)c2)cn2c(C)c(C)nc12	1.0	1	0.928	0.967
6	O=C(O)c1ccc(NC(=O)c2cccc(Cl)c2C(=O)c2ccc(Cl)cc2)cc1	1.0	1	0.92	0.985
6	Cc1cccc(C)c1NC(=O)N1CC(C)CC(C)C1	1.0	1	0.941	0.93
6	CCCCOc1ccc(C(=O)NCC(=O)NC2CCCCC2C)cc1	1.0	0	0.764	0.943
6	Cc1ccccc1C(=O)N(C)c1ccc(Cl)c(Cl)c1	1.0	1	0.985	0.987
6	CC(=O)NC(c1ccc(C(=O)O)cc1)c1ccccc1	1.0	1	0.985	0.978
6	Cc1ccc(C)c(-c2cc(CO)nc3ncnn23)c1	1.0	1	1.007	0.95
6	Cc1cc(C)n(C(=O)c2ccccc2Cl)n1	1.0	1	1.0	0.983
6	Cc1cccc(Sc2c(=O)n(C)n(C)c2N2CCOCC2)c1	1.0	1	1.293	0.926
6	Cc1nn(C)c(=O)n1-c1ccc(NC(=O)c2cccnc2)cc1F	1.0	0	0.799	0.966
6	Cc1ccc(C=C2NC(=O)N(CCC(C)C)C2=O)cc1	1.0	1	0.996	0.974
6	Cc1ccc(C(=O)NC(=Cc2cccs2)C(=O)NC(C)(C)C)cc1	1.0	0	0.859	0.97
6	Cc1ccc(S(=O)(=O)Nc2ccc(S(=O)(=O)Nc3ccncc3)cc2)cc1	1.0	0	0.829	0.984
6	O=C(Nc1nc2nc(-c3ccccc3)cc(O)n2n1)c1ccccc1	1.0	0	0.877	0.973
6	Cc1ccc(C(=O)c2cccc(O)c2C(=O)c2ccc(OC(C)C)c(O)c2)cc1	1.0	0	0.88	0.972
6	COc1ccncc1NS(=O)(=O)c1cccc(Cl)c1Cl	1.0	1	1.071	0.978
6	COc1ccc(NC(=O)Cc2ccc(Cl)cc2)cc1	1.0	1	0.997	0.995
6	Cc1cc(C(=O)CNC(=O)c2ccccc2)c2ccc(F)cc2n1	1.0	1	1.043	0.982
6	NC1=NC(=O)C(=Cc2ccccc2)S1	1.0	0	0.867	0.977
6	CC(=O)c1cc(F)ccc1NS(C)(=O)=O	1.0	0	0.88	0.985
6	COC(=O)C(=O)Nc1c(F)cccc1Cl	1.0	0	0.867	0.98
6	O=S(=O)(c1cccc(F)c1)N1CCCCC1CCO	1.0	1	1.028	0.953
6	COc1cc(Cl)cc(Cl)c1CNC1(c2ccc(F)cc2)CCC1	1.0	0	0.862	0.961
6	O=C(Nc1ccc(Cl)cc1)N1CCC(CN2C(=O)c3ccccc3C2=O)CC1	1.0	1	0.92	0.981
6	O=C(NC1CCN(C(=O)c2ccccc2)CC1)c1cccc(Oc2ccccc2)c1	1.0	0	0.775	0.987
6	Cc1cc(C(=O)NCCc2ccc(Cl)cc2)c2ccccc2n1	1.0	1	0.952	0.99
6	COc1ccc(CCO)c(C(=O)c2cccc(Cl)c2C)c1	1.0	1	1.09	0.979
6	COc1nccc(NCC(=O)Nc2ccc(Cl)cn2)n1	1.0	1	0.915	0.966
6	Cc1ccc(S(=O)(=O)N=S(C)(=O)O)cc1	1.0	0	0.872	0.91
6	CC(C)(O)c1ccc(CNC(=O)C(N)CCCN=C(N)N)cc1	1.0	0	0.761	0.925
6	CC(=O)Nc1ccc(NS(=O)(=O)c2cc(Cl)ccc2Cl)cc1	1.0	1	0.911	0.988
6	CC(C)c1ccc(Cl)cc1N(CC(=O)O)S(=O)(=O)c1ccc(C#N)cc1	1.0	1	1.037	0.965
6	Nc1ccnc(N2CCCCCC2)n1	1.0	1	0.918	0.978
6	O=C(CO)c1ccc(OCc2cccc(Cl)c2)cc1	1.0	0	0.863	0.99
6	O=C(NCc1cccnc1)C1CCCN(C(=O)c2ccc(Cl)cc2)C1	1.0	0	0.774	0.967
6	Cc1ccc(NC(=O)c2ccc(CN3CCCCC3)cc2)cc1	1.0	0	0.751	0.993
6	COCCNS(=O)(=O)c1ccc(CNC(=O)Cc2ccc(F)cc2)cc1	1.0	0	0.668	0.986
6	COC(=O)CCCCCCC(=O)Nc1c(C)n(C)n(-c2ccccc2)c1=O	1.0	0	0.713	0.976
6	O=C(CSc1nnc(-c2ccc(F)cc2)o1)Nc1ccccc1	1.0	1	1.064	0.987
6	Cc1ccc(CCn2c(C)cc(C)c(=O)c2Oc2ccc(F)cc2)cc1	0.0	0	0.0	0.0
6	Cc1ccc(-c2nnc(-c3cccnc3)o2)cc1	1.0	1	0.907	0.987
6	O=C(NCCOc1ccccc1)c1cccc(Cl)c1Cl	1.0	1	0.912	0.991
6	O=C(NCC1(c2ccccc2)CCCC1)N1CCCCC1	1.0	1	0.953	0.978
6	O=C(NC(=O)N1CCc2ccccc21)c1ccccc1	1.0	0	0.866	0.988
6	Cc1ccc(Cc2nc(C3OC(CO)C(O)C(O)C3O)sc2C)cc1	1.0	1	0.902	0.607
6	Nc1nc(N)c2c(ncc3c1ccc1c3ccc(I)n1S2)C2	0.0	0	0.0	0.0
6	CC(=O)NC(=C(C)c1ccccc1F)C(=O)NCc1ccc2c(c1)OCO2	1.0	0	0.862	0.952
6	Cc1ccc(NC(=O)Cc2ccccc2)cc1	1.0	1	0.954	0.996
6	CN(C)c1ccc2c(C)c(C#N)cnc2c1	1.0	1	0.962	0.963
6	CCC(=O)c1ccc(OS(=O)(=O)c2ccc(Cl)c(C(=O)O)c2)cc1	1.0	0	0.805	0.98
6	O=C(NCc1ccc(Cl)cc1)c1cc([N+](=O)[O-])ccc1N1CCN(C(=O)c2ccccc2)CC1	1.0	0	0.0	0.98
6	O=C(O)c1ccccc1NC(=O)c1cccc(C(=O)c2ccc(Br)cc2)c1	1.0	0	0.795	0.988
6	CC(C)(Cc1ccccc1)NC(=O)c1cccc(Cl)c1	1.0	1	0.954	0.988
6	Cc1ccc(C(=O)c2cccc(O)c2C(=O)c2ccc(O)c(F)c2)cc1	1.0	1	0.995	0.978
6	CCCC(=O)N1CCC(C)(C(=O)Nc2cccc(F)c2)C1	1.0	0	0.863	0.938
6	CC(C)Cc1nc(S)n(Cc2ccc(Cl)cc2)c1C	1.0	1	1.143	0.952
6	COc1cc(NS(=O)(=O)c2cccc(Cl)c2)cc(OC)c1	1.0	1	0.929	0.987
6	CCCCOC(=O)N1CCC(NS(=O)(=O)c2ccc(NC(C)=O)cc2)CC1	1.0	0	0.758	0.978
6	Cc1ccc(-c2cccc(C)n2)nc1	1.0	1	0.925	0.985
6	NC(=O)c1ccc(N(C(=O)c2ccccc2)c2ccccc2)cc1	1.0	1	1.035	0.988
6	NS(=O)(=O)c1ccc(Cc2cccc(Cl)c2)cc1	1.0	1	0.94	0.991
6	Nc1ccc(S(=O)(=O)NCCc2ccccc2)cc1	1.0	1	0.989	0.991
6	O=S1(=O)c2c(F)cc(Cl)cc2C(=O)N1Cc1ccc2occc2c1	1.0	1	1.103	0.915
6	COc1ccc(C(c2ccc(C(=O)NC(C)C)cc2)N2Cc3ccccc3C2)cc1	1.0	0	0.806	0.952
6	O=C1CCc2ccccc2N1Cc1ccc(F)cc1	1.0	1	1.119	0.99
6	O=C(Nc1cccc(CN2CCC(C)(CNC(=O)c3ccc(Cl)cc3)CC2)c1)c1cccc(F)c1	1.0	0	0.0	0.971
6	COc1ccc(-c2nc3cc(Cl)ccc3n3cccc23)cc1C	1.0	1	0.948	0.976
6	CCCc1c(C)nnc(N2CCN(c3ccccc3)CC2)c1C#N	1.0	0	0.896	0.964
6	Fc1c(F)c(F)c(Sc2cc(Cl)cc(Cl)c2)c(Br)c1Cl	1.0	1	0.998	0.902
6	COc1ccc(OC)c(NS(=O)(=O)c2ccc(F)cc2)c1	1.0	1	1.122	0.991
6	COc1ccc(C(=O)C2CCCN(C(=O)c3ccccc3C#N)C2)cc1F	1.0	1	0.907	0.943
6	COc1cc(Cl)ccc1OCc1cc(C(=O)N(C)Cc2ccccc2)no1	1.0	0	0.866	0.979
6	CC(Nc1nccc(N2C(=O)OCC2C(C)C)n1)c1ccc(F)cc1	1.0	1	0.922	0.808
6	COc1ccc(C(=O)Nc2cccc(NC(C)=O)c2)cc1	1.0	0	0.838	0.994
6	Cc1nn(Cc2cccs2)c(Cl)c1Cl	1.0	1	1.001	0.965
6	CC(C)(C)OC(=O)N1CCC(Nc2ncnc3c2nc2ncnc3n2Cc2ccc(F)cc2)CC1	1.0	0	0.0	0.552
6	O=S(=O)(c1cccc2ncccc12)c1ccccc1	1.0	1	1.007	0.988
6	CCc1ccc(C(=O)NC2CN3CCC2CC3)cc1	1.0	0	0.895	0.85
6	CC(=O)Nc1nc(C)c(C(=O)N(C)C)s1	1.0	0	0.892	0.976
6	O=C(C1CCN(c2cccc(Cl)n2)CC1)N1CCCC1	1.0	1	0.958	0.98
6	O=C(C1C(CO)C2Cn3c(ccc3OC3CCCCC3)C2N1Cc1ccccc1)c1ccccc1	1.0	0	0.0	0.558
6	CC(C)(Oc1ccc(CCCOc2ccccc2)cc1)C(=O)O	1.0	0	0.835	0.987
6	COc1ccc(C=C(NC(=O)c2ccccc2)C(=O)NNN)c1	0.0	0	0.0	0.0
6	Cc1ccccc1C1CN(CCCNC(=O)c2cccc(F)c2)CCO1	1.0	0	0.71	0.949
6	CC(NC(=O)c1ccccc1F)c1cccc([N+](=O)[O-])c1	1.0	0	0.891	0.973
6	O=C1CC=CC(=O)c2c([N+](=O)[O-])ccc(O)c21	1.0	0	0.809	0.914
6	COc1ccc(S(=O)(=O)NCc2ccc(Cl)cc2)cc1Cl	1.0	1	0.908	0.99
6	COc1ccc(NC(=O)COc2ccc(C(C)C)cc2)cc1	1.0	0	0.815	0.993
6	CC(C)(C)c1ccc(NC(=O)c2ccccc2)cc1	1.0	0	0.837	0.995
6	COc1ccccc1NS(=O)(=O)c1cccc(C(=O)N2CCCCCC2)c1	1.0	1	0.986	0.987
6	COc1ccc(C(=O)N(CCCN)C(C)C)cc1[N+](=O)[O-]	1.0	0	0.868	0.976
6	O=C1CCC2CN(CC3CC3)C(c3cccc(Cl)c3)CCC2N1	1.0	1	1.106	0.74
6	Nc1nccc([N+](=O)[O-])c1NCCc1ccccc1	1.0	1	0.993	0.975
6	O=C1c2cc(CCN3CCCCC3)ccc2C(=O)c2coc(N3CCCC3)c21	1.0	0	0.872	0.94
6	C=S(=O)(O)c1ccc(Nc2ncc(F)c(-c3ccc(F)cc3F)n2)cc1	1.0	0	0.834	0.885
6	O=C(NN=Cc1cccc(F)c1)c1ccccc1F	1.0	0	0.866	0.988
6	Nc1ccc(C(=O)N2CCCCCC2)cc1	1.0	1	1.0	0.992
6	CC(C)OS(=O)(=O)Cc1ccccc1C(=O)c1ccccc1	1.0	1	0.982	0.974
6	CC(=O)Nc1ccc(S(=O)(=O)OCC#CC#CCN2CCCCC2)cc1Cl	1.0	0	0.648	0.905
6	Cc1ccc(CNC(=O)COc2cccc(C(=O)c3ccccc3)c2)cc1	1.0	0	0.828	0.99
6	Cc1ccc(C(=O)c2ccccc2C(=O)O)cc1	1.0	1	0.98	0.994
6	COc1nc(Cl)cnc1NS(=O)(=O)c1ccc(Cl)c(Cl)c1Cl	1.0	1	1.037	0.942
6	O=C(CNC(=O)c1cc(F)ccc1Cl)NO	1.0	0	0.825	0.984
6	CC(C)N(Cc1ccc(Cl)cc1)c1cccc(OCCN(C)C)c1	1.0	0	0.886	0.978
6	CNC(=O)c1cnc(Oc2ccccc2OC)c2ccccc12	1.0	0	0.868	0.983
6	Cc1cc(C)nc(NS(=O)(=O)c2ccccc2)c1C	1.0	1	1.004	0.981
6	CC(=O)c1ccc2nn(-c3ccccc3)c(=O)n2c1	1.0	1	0.931	0.974
6	CCOC(=O)Cn1cc(C(=O)c2ccc(Cl)nc2)c2ccccc21	1.0	1	0.973	0.974
6	Nc1ccc[n+](CCCc2cccc(B(O)O)c2)c1	1.0	1	0.983	0.901
6	COc1ccc(OC)c(C(=O)OCC(=O)NCc2ccco2)c1	1.0	0	0.712	0.985
6	Cc1cc(N)nc(CC2CNCC2OCc2ccc3ccc(Cl)cc3c2)c1	1.0	0	0.829	0.756
6	O=C(O)c1ccccc1NS(=O)(=O)c1ccc(Br)s1	1.0	1	0.996	0.982
6	CCCCCCCOc1ccc(-c2nc(C)c3c(C)nn(C4CCCCC4)c3n2)cc1	1.0	0	0.0	0.961
6	O=S(=O)(c1ccccc1)n1ccc2c(N3CCCCCC3)cccc21	1.0	1	0.904	0.979
6	CC(C)c1nc(SCc2ccc(Cl)cc2)nc(C(F)(F)F)n1	1.0	1	0.94	0.957
7	O=S(=O)(Nc1ccc(Oc2ccc(Cl)cc2)c2ccccc12)c1ccc(F)cc1F	1.0	1	0.986	0.98
7	COc1ccc(Cl)cc1N(C(=O)c1ccccc1)S(=O)(=O)c1ccccc1	1.0	1	1.016	0.982
7	CCC(C(=O)OC)C(=O)Nc1ccc(Cl)c(Cl)c1	1.0	0	0.86	0.958
7	COc1ncc(C(=O)c2ccc(Cl)cc2)cn1	1.0	1	1.164	0.983
7	COc1nc(Cl)cnc1C#Cc1cncc(C#N)c1N1CCN(C)CC1	1.0	0	0.764	0.834
7	Cc1cccc(C(=O)NC(=S)NC2CCCCC2)c1	1.0	0	0.841	0.986
7	COc1ccc(O)cc1NS(=O)(=O)c1cccc2ccccc12	1.0	1	1.05	0.986
7	Cc1ccc(C)c(NC(=O)COC(=O)c2nc3nccc(C)n4n2)c1N	0.0	0	0.0	0.0
7	O=C1c2ccccc2CCC1C1CCc2ccccc2N1	1.0	1	1.061	0.883
7	COc1nc(Cl)cc(Oc2cccc(Cl)c2)n1C	0.0	0	0.0	0.0
7	O=C(O)c1ccccc1C(=O)c1ccccc1Sc1ccccc1	1.0	1	1.123	0.986
7	CCOc1ccccc1C1=CC(Br)C(=O)c2ncccc21	1.0	1	1.079	0.858
7	O=C(O)CCC(=O)N1CCCC(Cc2ccccc2)C1C(=O)O	1.0	0	0.861	0.904
7	CCOc1ccc(CC(=O)c2cc(OC)c(OC)c(OC)c2)cc1N	1.0	0	0.789	0.98
7	CCOc1ccccc1NC(=O)COc1ccc(C(C)C)cc1Cl	1.0	0	0.782	0.988
7	COc1ncc2ccc(C(=O)O)cn12	1.0	0	0.754	0.929
7	Cc1ccc(C2CC(=O)OC3CCCCC23)cc1	1.0	1	1.062	0.84
7	COc1ncncc1Oc1ccc(Cl)cc1C(=O)Nc1cccc(O)c1	1.0	0	0.847	0.969
7	COC(=O)c1ccc(NS(=O)(=O)c2cccc3cccnc23)cc1	1.0	0	0.896	0.986
7	CCOC(=O)c1[nH]c(C(=O)O)c(C2=CCCCC2)c1C(C)C	1.0	1	1.029	0.914
7	COc1cc(C(=O)NCC2CCCCC2)ccc1OC	1.0	0	0.886	0.99
7	CC(C)(C)c1ccccc1Oc1ccc(C#N)cc1Cl	1.0	1	0.91	0.982
7	C#CCNC(=O)C1C=C(C)C2CC1CCc1ccccc12	1.0	1	0.957	0.238
7	CCCC(=O)Nc1cccc(NC(=O)c2ccccc2C)c1	1.0	0	0.788	0.992
7	Cc1ccc(S(=O)(=O)N(C)CC2CCCCC2)cc1	1.0	1	1.081	0.987
7	Cc1cc(C)n2nc(CCc3ccc(Cl)cc3)nc2n1	1.0	1	1.129	0.974
7	CC(C)C1CN(CCO)C(=O)C1C	1.0	0	0.884	0.668
7	CSc1ccccc1C(=O)Nc1ccc(C#N)cc1	1.0	0	0.873	0.988
7	COc1ccc(CC(=O)NC(C)C)cc1	1.0	0	0.856	0.994
7	CC(C)(C)c1ccc(S(=O)(=O)NC(=O)c2ccccc2)cc1	1.0	0	0.879	0.99
7	Cc1cccc(C(=O)Nc2ccc(F)c(Cl)c2)n1	1.0	1	0.966	0.988
7	Cc1ccc(C(=O)c2c3ccccc3C(=O)c3ccc(Cl)cc32)cc1	0.0	0	0.0	0.0
7	Cc1cc(C(=O)c2cccc(Cl)c2)nn1Cc1cccc(Cl)c1	1.0	1	1.038	0.98
7	Cc1cc(Cl)ccc1NS(=O)(=O)c1cccc(Cl)c1	1.0	1	1.022	0.99
7	CC(Oc1ccc(C(=O)c2ccccc2)cc1)C(=O)O	1.0	1	0.992	0.981
7	NS(=O)(=O)c1ccc(S(=O)(=O)N2C=CC(=O)CC2=O)cc1	1.0	1	0.903	0.921
7	COC(=O)c1ccccc1NS(=O)(=O)c1cccc(C(=O)O)c1	1.0	1	0.989	0.989
7	CCOc1ccc2ncnc(Nc3ccc(F)cc3)c2c1	1.0	1	0.993	0.987
7	COc1cccc(Oc2nccc3ccc(C)nc23)c1	1.0	1	0.953	0.978
7	N=C(N)NCCCCC(=O)NC(c1ccccc1)c1cccc(Cl)c1	1.0	0	0.9	0.953
7	CCC(CC)N1CCC(C(O)(c2ccc(Cl)cc2)c2cccc(Cl)c2)CC1	1.0	0	0.821	0.907
7	O=c1ccccn1C1CCCCC1	1.0	1	1.21	0.981
7	O=C(c1cccnc1)c1cccc(O)c1	1.0	1	0.965	0.988
7	OC(COCc1cccc(Cl)c1)CN1CCc2ccccc2C1	1.0	1	0.936	0.954
7	O=S(=O)(Nc1ccc(Cl)cc1Cl)c1ccc(Cl)cc1	1.0	1	1.05	0.991
7	COc1ccc(C(=O)Nc2ccc(C)c(NS(=O)(=O)c3cccc(Cl)c3Cl)c2)cc1Cl	1.0	0	0.0	0.978
7	O=C(c1ccccn1)c1cn(Cc2cccc(Cl)c2)c2ccccc12	1.0	1	0.922	0.981
7	Clc1cccc(Cl)c1	1.0	0	0.623	0.996
7	CC(C)(C)c1ccc(C(=O)Nc2ccc(C(=O)O)cc2)cc1	1.0	0	0.78	0.992
7	Cc1ccc(C(=O)c2ccc(C(F)(F)F)cc2C(=O)c2ccc(Cl)cc2)cc1	1.0	1	1.133	0.983
7	FC1CCN(C(=S)S)C1c1ccccc1Br	1.0	1	0.967	0.664
7	NS(=O)(=O)c1ccccc1NS(=O)(=O)c1cccc(Cl)c1	1.0	1	0.978	0.985
7	CCCCC1CCCC(C)N1C(=O)c1ccc(Cl)cc1	1.0	1	1.123	0.926
7	CC(=O)C1=CCC=C(C)C1C(F)(F)F	1.0	1	0.986	0.548
7	Cc1ccc(C(=O)CCCN2CCCCC2)c(C)c1	1.0	1	1.032	0.987
7	CCOC(=O)C1C2CCCCC1CCc1ccccc12	1.0	1	1.099	0.612
7	Cc1nnc(Nc2ccc(Br)cc2)c2ccccc12	1.0	1	0.956	0.985
7	COC(=O)c1ccc(C(=O)O)c(-c2ccc(Cc3cc(C(=O)O)c4ccccc4n3C3=CCCC3)cc2)n1	0.0	0	0.0	0.0
7	CC(=O)N1CCC=C(c2nc(C)nc3oc4ccccc4c23)C1	1.0	1	0.986	0.91
7	Cc1ccccc1C(=O)c1cc(Cl)ccn1	1.0	1	0.964	0.986
7	COc1cccc(OC)c1C1CCCC(=O)N1c1ccccc1N1CCOCC1	1.0	1	0.989	0.914
7	COc1ccc(CNc2ncc(C)n2C)c(OC)c1	1.0	1	1.037	0.969
7	COc1nnc(O)cc1NS(=O)(=O)c1cccc(Cl)c1	1.0	1	0.975	0.952
7	Cc1cc(C)n(C(=O)CCc2ccccc2)n1	1.0	1	0.995	0.984
7	COC(=O)c1ccc(CSc2ccccn2)cc1	1.0	1	0.921	0.988
7	O=C(OCc1ccccc1)SC1=CS(=O)(=O)c2ccccc2N1	1.0	1	0.919	0.909
7	O=C(NCc1ccc(Cl)nc1)c1cccnc1	1.0	1	0.987	0.986
7	O=C(CCCCCCc1ccccn1)c1ncc(-c2ccccn2)o1	1.0	0	0.838	0.959
7	Cc1cccc(Cl)c1C(=O)N1C2CCCC1CC(NC(=O)CCCN1CCCCC1)C2	1.0	0	0.0	0.572
7	COc1ccc(C(C)NS(=O)(=O)c2cccc(Cl)c2)cc1	1.0	1	0.995	0.975
7	Oc1cc(Cl)ccc1N1CCN(S(=O)(=O)c2cccc(Cl)c2)CC1	1.0	0	0.843	0.982
7	COc1ccc(Cc2nc3ncccc3n2CCC(N)=O)cc1	1.0	1	1.01	0.973
7	CC(Oc1ccccc1)c1ccnn1-c1cccc(Cl)c1	1.0	1	1.159	0.947
7	O=C(c1ccccc1)c1cccn1CN1C(=O)CCC1=O	1.0	1	1.119	0.965
7	CCCCNC(=O)CSc1nnc(-c2cccc(Cl)c2)n1-c1cccc(O)c1	1.0	1	0.909	0.975
7	O=S(O)(O)=CC(=C1CCCCC1)Nc1ccccc1	1.0	1	1.008	0.901
7	O=C(CCCC(=O)c1ccc(Cl)cc1)NO	1.0	1	0.971	0.988
7	NC(=O)C1Cc2ccccc2CN1S(=O)(=O)c1ccccc1F	1.0	1	0.994	0.947
7	O=S(=O)(NC1CCCC1)c1ccc(Cl)cc1	1.0	1	0.982	0.99
7	O=C(CN1CCCC1)NCCC1=CCCCCC1	1.0	1	0.987	0.978
7	O=C1c2ccccc2C(=O)N1CCc1ccccn1	1.0	1	1.031	0.988
7	O=C(O)C1CCN(C(=O)c2ccccc2)CC1	1.0	1	1.022	0.993
7	CCCc1ccc(NC(=S)Nc2cccnc2Cl)cc1S(C)(=O)=O	1.0	0	0.822	0.968
7	O=C(CCc1ccccc1)N1CCn2cccc2C1	1.0	1	0.972	0.975
7	COc1ccccc1NS(=O)(=O)c1cccc(C(=O)NCc2ccc(Cl)cc2)c1	1.0	0	0.814	0.988
7	Cc1nn(Cc2ccc(Cl)cc2)c(Cl)c1CN1CCNC(=O)C1	1.0	1	0.902	0.966
7	Cc1ccc(S(=O)(=O)NC2CCCCC2)c(CN2CCCCC2)c1	1.0	1	0.968	0.977
7	CCCOc1ccccc1NS(=O)(=O)c1cccc2nonc12	1.0	0	0.893	0.974
7	Oc1ncc(I)c2nccn12	1.0	0	0.789	0.798
7	Cc1ccc(C(=O)NCc2cccc(C(F)(F)F)c2)cc1	1.0	1	0.926	0.992
7	CC1C(=O)c2cccnc2N(C2CCCCC2)C1=O	1.0	1	1.12	0.886
7	CC(=O)Nc1ccc(NC(=O)C=Cc2ccc(Cl)cc2)cc1	1.0	1	0.903	0.99
7	O=S(=O)(Nc1ccc(O)cc1)c1ccccc1	1.0	1	1.073	0.993
7	Cc1ccc(C(=O)Nc2ccc(C(C)C)cc2)c(C)c1C#N	1.0	0	0.839	0.982
7	Cc1cccc(C(=O)N2CCCCCC2)c1	1.0	1	0.984	0.993
7	CC(C)(C)c1ccc(C(=O)Nc2cccc(C(=O)c3ccc(C#N)cc3)c2)cc1	1.0	0	0.768	0.985
7	CSc1nsc(SCC(=O)N(C)C)n1	1.0	0	0.785	0.913
7	Clc1ccc(Cl)c(N2CCN(CCc3ccccc3)CC2)c1	1.0	1	0.969	0.989
7	CCn1cc(CN2CCCCC2Cc2cccnc2)c(C)c1=O	0.0	0	0.0	0.0
7	O=C(CCCCc1ccccc1)c1cc(O)ccc1O	1.0	0	0.849	0.987
7	Cc1ccc(COc2ncnc3cnc(Br)cc23)cc1	1.0	1	1.1	0.967
7	CCN(CC)CCCNC(=O)Cn1cccc2cc(-c3cccc(Cl)c3)ccc21	0.0	0	0.0	0.0
7	CC(C)(C)c1ccc(CSc2ccc(S(=O)(=O)N3CCOCC3)cc2)cc1	1.0	0	0.866	0.979
7	CN(CC(=O)Nc1ccc(Cl)cc1)S(=O)(=O)c1ccc(F)cc1	1.0	0	0.896	0.989
7	CCOc1ccccc1NC(=O)COC(=O)C1CCCCC1	1.0	0	0.8	0.988
7	O=S(=O)(c1ccccc1F)c1ccc(Cl)cc1	1.0	1	0.917	0.991
7	O=C(Cc1ccccc1)Oc1ccc(S(=O)(=O)N2CCOCC2)cc1	1.0	0	0.746	0.986
7	Cc1ccc(CC(NC(=O)C(C)C)C(=O)N2CCCC2C)cc1	1.0	1	0.915	0.933
7	Cc1ccc(Cl)cc1N1CCN(C(=O)CC(N)Cc2ccc(Cl)cc2)CC1	1.0	0	0.85	0.953
7	O=S(=O)(NCc1ccccn1)c1ccccn1	1.0	1	0.912	0.979
7	O=C(c1ccccc1Cl)C(c1cccnc1)c1ccccn1	1.0	1	1.075	0.938
7	Cn1cc(S(=O)(=O)NCc2ccc(Cl)cc2)cn1	1.0	1	0.965	0.982
7	CS(=O)(=O)N1CCC(n2ncc3c(N4CCCCC4)nc(Cl)cc32)CC1	1.0	0	0.883	0.931
7	O=c1c2cccnc2n(Cc2ccccc2)n1CCCc1ccccc1	1.0	1	1.103	0.973
7	Cc1ncc(Cl)cc1C(=O)Nc1ccc(C#N)cc1	1.0	1	0.937	0.984
7	Cc1cccc(NS(=O)(=O)c2cccc(C(=O)Nc3ccccc3)c2)c1	1.0	0	0.836	0.991
7	Cc1ccc(OC(=O)c2cccc(Cl)c2)cc1	1.0	1	0.956	0.994
7	COc1ncnn(C(=O)c2ccccc2)c1N(C)C	0.0	0	0.0	0.0
7	NCC1(c2ccccc2)CCCC1	1.0	0	0.879	0.981
7	Cc1ccccc1C(=O)Nc1ccc(C)cc1C(=O)Nc1cccc(F)c1	1.0	0	0.771	0.989
7	Oc1ccc(Cc2ncc(Cl)c(Nc3ccncc3Cl)n2)cc1	1.0	0	0.879	0.962
7	c1cc(OCCCc2c[nH]cn2)cc(-c2nccnc2Nc2ccc(Cl)cc2)c1	1.0	0	0.777	0.948
7	Cc1ccccc1N1C(=O)CC(=O)N1c1ccc(C#N)c(Cl)c1	1.0	1	1.267	0.93
7	COc1cccc(SC2CCN(S(=O)(=O)c3ccc(C)cc3)CC2)c1	1.0	0	0.811	0.977
7	Cc1ccc(NS(=O)(=O)c2ccc(C)c(C(=O)NCC(C)C)c2)cc1	1.0	0	0.864	0.986
7	Clc1ccc(C(=O)NCCOc2ccccc2Cl)cc1	1.0	1	1.029	0.993
7	COc1ccc(C2c3ccc(O)cc3OS(=O)3=C2C(=O)C(C#N)C3c2cccc(O)c2)cc1	1.0	0	0.0	0.334
7	Nc1ccc(S(=O)(=O)n2cc(Cl)ccc2=O)cc1	1.0	0	0.897	0.968
7	Cc1cccc(Cc2ccc(C)c(C(=O)O)c2)c1	1.0	1	0.969	0.99
7	CC(=O)Oc1nc(Cl)cnc1NS(=O)(=O)c1cccc(Cl)c1Cl	1.0	1	1.01	0.94
7	Cc1ccc(C)c(N2C(=O)CC(=O)NC2=O)c1	1.0	1	1.079	0.97
7	O=C(Cc1ccc(Cl)cc1)N1CCc2ccccc21	1.0	1	1.179	0.99
7	Cc1cc(C)c([N+](=O)[O-])c(C)c1Cn1c(C)c(C(=O)c2ccccc2)c2ccccc21	1.0	0	0.0	0.957
7	O=C(C1=C(c2ccc(Cl)cc2)c2ccccc2C1=O)c1c(Cl)cccc1Cl	1.0	1	1.058	0.969
7	COc1ccc(S(=O)(=O)c2cccc(C(=O)c3ccc(C)cc3)c2)cc1	1.0	0	0.887	0.988
7	Clc1cccc(Oc2ccc3ccc(CN4CCCCC4)cc3c2)c1	1.0	0	0.834	0.986
7	O=C1CCCN1c1ccc(Sc2ccc(Cl)cc2)nc1N	1.0	1	0.973	0.96
7	O=C(c1ccc(Cl)cc1)c1c(O)ccc2ccccc12	1.0	1	1.032	0.989
7	Cn1nc(NS(=O)(=O)Cc2ccccc2)s1	1.0	1	0.959	0.948
7	CC(C)(C)c1ccc(COc2ccc([N+](=O)[O-])cc2)cc1	1.0	0	0.849	0.99
7	COc1ncc(CNC(=O)Nc2ccc(Cl)cc2)cn1	1.0	1	0.957	0.983
7	COc1ccccc1CNC(=O)C(C)NS(=O)(=O)c1ccc(C)cc1	1.0	1	0.999	0.97
7	Cc1ccc(C(=O)CCC(=O)Nc2ccc(C)cc2)cc1	1.0	0	0.891	0.993
7	Cc1ccc(NS(=O)(=O)c2cc(C(C)(C)C)ccc2C)cc1	1.0	1	0.916	0.987
7	Cc1[nH]c2ccc([N+](=O)[O-])cc2c1C(=O)c1ccccc1	1.0	0	0.882	0.982
7	COc1ncccc1C1(C)CC(=O)c2ccc(C#N)cc2C1=O	1.0	1	0.971	0.827
7	CSc1ccc(S(=O)(=O)N2CCCCCC2)cc1	1.0	1	0.902	0.988
7	CC(NS(=O)(=O)c1cc(Cl)ccc1Cl)c1nccs1	1.0	1	1.086	0.932
7	Cc1cc(=O)n(Cc2ccccc2)nc1C	1.0	1	1.058	0.987
7	NC(=S)N1CCN(S(=O)(=O)c2cccc3ccccc23)CC1	1.0	1	0.926	0.978
7	CC(C)c1ccc(N(C)C(=O)CSc2ncc(C(=O)c3ccccc3)c3nc4ccccc4n23)cc1	1.0	0	0.0	0.948
7	O=C1SC(=Cc2ccc(Cl)cc2)N1Cc1ccc(F)cc1	1.0	1	1.223	0.975
7	CCOc1cc(CN2CCN(Cc3ccc(C)cc3)C(CC)C2=O)ccc1O	1.0	0	0.823	0.93
7	COc1ccc(NC(=O)C2CCN(S(C)(=O)=O)CC2)cc1	1.0	0	0.858	0.989
7	COc1nccnc1NS(=O)(=O)c1ccc(Cl)c(Cl)c1Cl	1.0	1	1.037	0.958
7	CCc1ccccc1NC(=O)C1c2ccccc2Oc2ccccc21	1.0	0	0.871	0.981
7	COc1cccc(-c2c3c(=O)c4ccccc4oc3c(O)n2CCCc2ccccc2)c1	1.0	0	0.0	0.954
7	COc1ccccc1NC(=O)C(C)NS(=O)(=O)c1ccc(F)cc1C	1.0	1	0.995	0.963
7	CCOC(=O)C1=C(C)N=C(C)C(C(=O)OCC)C1c1cccc[n+]1[O-]	1.0	1	1.043	0.719
7	COc1cccc(C=NNc2c(Cl)cncc2Cl)c1O	1.0	1	0.975	0.956
7	O=S(=O)(c1ccccc1)c1cccc(C(F)(F)F)c1	1.0	0	0.837	0.989
7	O=S(=O)(Nc1cccc(I)c1)c1ccc(Cl)cc1	1.0	1	0.96	0.989
7	CCc1cn2c(nc1F)C1=CCCCC1N(S(C)(=O)=O)C2	0.0	0	0.0	0.0
7	Clc1cccc(CSc2ncnc3sc4c(c23)CCCC4)c1	1.0	1	1.015	0.969
7	O=S(=O)(Nc1ccc(Oc2ccccc2)c2ccccc12)c1ccccc1	1.0	1	1.001	0.988
7	CC(C)Oc1ccc(S(=O)(=O)c2csc(Cl)c2)cc1	1.0	1	0.904	0.967
7	O=Cc1cnn2c1NCCC2Cc1ccc(F)cc1	1.0	1	0.958	0.782
7	CN(C)c1ccc(OCc2ccccc2)c2cccnc12	1.0	1	1.052	0.985
7	O=C(c1ccc(C(=O)C(F)(F)F)s1)c1ccccn1	1.0	0	0.889	0.957
7	Cc1ccc(O)c(C(=O)c2cccnc2)c1N	1.0	1	0.991	0.971
7	O=C(NC1CC1)c1cnn2ccc(S(=O)(=O)c3ccccc3)cc12	1.0	0	0.884	0.966
7	Cc1ncc(C)n2nc(CCc3ccc4c(c3)CCCC4)nc12	1.0	1	0.961	0.946
7	CC(=O)c1ccc(Oc2cc(C)cc3c2S(=O)(=O)N3)cc1F	1.0	1	0.903	0.925
7	COc1ccc(C(=O)C2CCCN(C(=O)c3cccc(F)c3)C2)cc1	1.0	1	1.037	0.97
7	Cc1ccccc1C(=O)Nc1cccc(NC(=O)c2ccccc2)c1F	1.0	0	0.689	0.99
7	COC(=O)c1ccc(C(=O)OC)c(O)c1	1.0	1	0.967	0.99
7	Nc1nc(N2CCCCC2)ccc1NS(=O)(=O)c1ccccc1C(F)(F)F	1.0	0	0.893	0.961
7	Cc1ccc(Cn2c(=O)n(Cc3ccc(C)cc3)c(=O)c3cccnc32)cc1	1.0	1	1.055	0.982
7	Cc1ccc(S(=O)(=O)Nc2cccc(N)c2)cc1	1.0	1	0.996	0.991
7	CCOC(=O)c1cccc(C(=O)c2ccc(Oc3ccccc3)cc2)c1	1.0	0	0.824	0.99
7	O=C(CC1NC(=O)c2ccccc2N1)NO	1.0	0	0.887	0.854
7	COc1ccc(NS(=O)(=O)c2cccc(C(=O)N3CCOCC3)c2)cc1	1.0	1	0.978	0.986
7	O=C(COC(=O)c1ccc(F)cc1)NCCCO	1.0	0	0.87	0.991
7	c1ccc(Oc2ccc(N3CCCCCC3)cc2)cc1	1.0	1	0.979	0.993
7	CC(C)(C)c1cnc(CSc2ccccc2)n1Cc1ccccc1	1.0	1	1.002	0.972
7	Cc1ccc(C(=O)CCC(=O)OCN(C)C)cc1	1.0	0	0.894	0.98
7	COc1ccc(OC)c(C=CC(=O)n2nc(C)c(S(N)(=O)=O)c2C)c1	1.0	0	0.87	0.947
7	Cc1ccc(C(=O)c2cn(CC(=O)NCc3ccco3)c3nc(C)ccc3c2=O)cc1	1.0	0	0.0	0.964
7	CC1=NC(=O)CC(c2ccc(Cl)cc2)N1	1.0	1	0.913	0.869
7	O=S(=O)(Nc1ccc(Cl)cc1)c1ccc(F)cc1	1.0	1	1.0	0.993
7	O=C(NC1CCCCC1)c1ccccc1	1.0	1	0.936	0.995
7	O=C(c1ccc(Cl)cc1)c1ccc(Cl)cc1Cl	1.0	1	1.014	0.993
7	COc1nsc(=O)n1Cc1ccc(Cl)cc1Cl	1.0	1	1.096	0.928
7	O=S(=O)(c1cccc(Cl)c1)c1ccc(Cl)cc1Cl	1.0	1	0.908	0.986
7	COc1ncnn(C)c1=O	1.0	0	0.774	0.941
7	O=C(O)c1ccc(NS(=O)(=O)c2ccc(Cl)cc2)cc1	1.0	1	0.903	0.992
7	COc1ccc(Cn2c(=O)[nH]c3cc(C)ccc3c2=S)cc1	1.0	1	1.125	0.975
7	O=c1cc(OS(=O)(=O)c2cccc(Cl)c2)c2ccc(O)cc2o1	1.0	1	1.016	0.966
7	O=C(NCc1ccc(Cl)cc1Cl)Nc1ccccn1	1.0	1	0.938	0.987
7	Cc1ccccc1NC(=N)N1CCCc2ccccc21	1.0	1	0.929	0.973
8	CCCc1c(C(=O)N2CCCC(C)CC2)c2ccccc2n1C	1.0	1	0.967	0.939
8	O=S(=O)(Nc1cc(Cl)ccc1Oc1ccc(Cl)cc1C(F)(F)F)c1ccccc1	1.0	1	1.049	0.978
8	Cc1cc(F)ccc1NC(=O)C(c1ccc2c(c1)OCO2)c1ccc(Br)cc1	1.0	1	0.949	0.943
8	COc1ccc(NC(=O)C(C)NC(=O)Cc2ccccc2)cc1	1.0	0	0.832	0.982
8	Cc1ccc(CN2C(=O)c3ccccc3C2C(=O)c2ccc(C(C)(C)C)cc2)cc1	1.0	1	1.07	0.939
8	CN(C)CCCc1cncc(C#Cc2ccccc2)c1	1.0	0	0.772	0.973
8	Cc1ccc(C)n1NS(=O)(=O)c1ccc2ccccc2c1	1.0	1	0.937	0.97
8	COc1ccc(OC)c(C(=O)COC(=O)c2cccnc2Nc2ccccc2)c1	1.0	0	0.842	0.981
8	COc1ccccc1N1CC(C(=O)NCCc2ccc(C)nc2)CC1	1.0	1	0.908	0.958
8	COc1cccc(N(C(=O)c2cnccn2)C(=O)c2ccncc2)c1	1.0	1	0.919	0.963
8	O=C(CC(=O)c1ccccc1Cl)c1ccccc1	1.0	1	1.079	0.991
8	O=S(=O)(c1cccc(F)c1)N1CCc2ccccc21	1.0	1	1.018	0.987
8	COc1ccc(C)cc1C(=O)NC(=O)NC1CCCCC1	1.0	0	0.849	0.986
8	CC(=O)CC(=O)N1CCCC1B(O)O	1.0	0	0.768	0.759
8	O=C(c1cccc(F)c1)c1ccc(O)cc1	1.0	1	1.005	0.992
8	O=C1CC(c2cccc(Cl)c2)=CC(c2ccc(Cl)cc2)C1=O	1.0	1	0.964	0.886
8	O=S(=O)(c1ccccc1)c1ccc(F)cc1	1.0	0	0.863	0.994
8	CCCCc1nc(C)n(Cc2ccc(S(=O)(=O)O)cc2)c1CO	1.0	1	0.987	0.954
8	Cc1nccn1Cc1ccc(Cl)cc1Cl	1.0	1	1.046	0.982
8	O=C(c1cccc(Cl)c1)N1CCC(=O)N(Cc2ccc(Cl)cc2)C1=O	1.0	1	1.089	0.977
8	COc1ccccc1C#Cc1ccc(C(C)(C)C)cc1	1.0	0	0.825	0.983
8	COc1cccc(OC)c1NC(=O)NCc1ccccn1	1.0	0	0.822	0.984
8	COc1ccccc1NS(=O)(=O)c1cccc(C(=O)NCc2ccccc2)c1	1.0	0	0.823	0.989
8	Nc1ccc(O)cc1	1.0	0	0.612	0.992
8	Cc1ccc(Cl)cc1NC(=O)c1ccc(Cl)cc1	1.0	0	0.884	0.995
8	O=C(O)c1ccc2cccc(P(=O)(O)O)c2n1	1.0	0	0.798	0.946
8	CCOc1ccc(CC(=O)O)cc1-c1ccc(F)c(C)c1	1.0	1	0.966	0.985
8	CC(C)c1ccccc1Sc1ccc(Br)cc1N	1.0	0	0.899	0.976
8	CCOC(=O)c1ccc(O)c(NC(=O)COc2ccccc2)c1	1.0	0	0.773	0.99
8	CC(=O)CC(=O)NC1CCCc2c1cc1ccccc21	0.0	0	0.0	0.0
8	c1ccc(C(=CCNS(=O)(=O)c2cccs2)c2ccccc2)cc1	1.0	1	0.956	0.975
8	Cc1ccc(C(=O)c2cccc3c(O)cccc23)cc1C	1.0	1	1.032	0.988
8	Cc1cccc(C(=O)NCCNC(=O)c2ccco2)c1	1.0	0	0.88	0.988
8	O=S(=O)(Nc1cc(Cl)ccc1Cn1ccnn1)c1ccccc1	1.0	1	1.183	0.973
8	O=C(Nc1cccc(F)c1)C(=Cc1ccc(F)cc1)c1ccccc1	1.0	1	0.969	0.986
8	CN(C)C(=O)N1CCCC1C(=O)N1CCCC1	1.0	1	0.96	0.947
8	O=C(CCc1ccc(Cl)cc1Cl)C(F)(F)F	1.0	1	0.927	0.976
8	COc1cc(Cl)ccc1N1CCOCC1	1.0	1	1.104	0.989
8	O=C(NC(=O)c1cnccn1)c1ccc(F)cc1	1.0	1	0.969	0.985
8	Fc1ccccc1Oc1cccc(Br)c1	1.0	1	0.907	0.992
8	CCc1nn(Cc2ccc(C)cc2)c2c1C(=O)c1ccccc1C2=O	1.0	1	1.035	0.97
8	O=C1c2cc(Br)ccc2C(=O)N1Cc1cccnc1	1.0	1	1.08	0.984
8	O=S(=O)(c1ccc2c(c1)OCO2)N1N=C(C(F)(F)F)CC1F	1.0	1	1.152	0.749
8	CC(Nc1ncnc2c(F)c(F)ccc12)c1ccccc1	1.0	1	1.073	0.947
8	CC(=O)NC(=O)C(=Cc1cccc(Cl)c1)C(C)=O	1.0	1	0.953	0.965
8	O=C(c1ccno1)c1ccccc1O	1.0	1	0.965	0.968
8	COc1cc(C(=O)Nc2ccc(F)cc2F)ccc1F	1.0	1	0.916	0.991
8	O=S(=O)(Nc1cccc(Cl)c1)c1cccc(Cl)c1	1.0	1	0.978	0.991
8	Cc1ccc(C)c(Sc2ccc(Cl)cc2N2CCOCC2)c1	1.0	1	1.183	0.972
8	Cc1cc(C(=O)O)ccc1SSc1ccccc1C(=O)O	1.0	0	0.9	0.971
8	Cc1cccc(NC(=O)C(CNS(=O)(=O)c2ccccc2)c2ccccc2)c1	1.0	0	0.866	0.964
8	CCNc1nc(N)nc(SCC(=O)Nc2ccc(CC)cc2)n1	1.0	0	0.805	0.975
8	COc1ccc(NC(=O)c2ccc(C)cc2)cc1	1.0	0	0.854	0.996
8	CC1CN(C(=O)Cn2c(=O)oc3ccccc32)CC(C)O1	1.0	1	1.025	0.889
8	COc1cccc2nccc(NC(=O)C3CCCCC3)c12	1.0	1	0.95	0.981
8	O=C(Cc1ccc(F)cc1)N1CCN(Cc2ccc(Cl)cc2)CC1	1.0	0	0.807	0.99
8	Cc1ccc(CNS(=O)(=O)c2ccc(Cl)s2)cc1	1.0	1	1.056	0.985
8	Cc1ccccc1NC(=O)CN1C(=O)CSc2ccccc21	1.0	1	0.919	0.985
8	N#CC(=Cc1ccc(O)cc1)C(=O)N1CCOCC1	1.0	1	1.008	0.971
8	O=C(CC1CCCCC1)ON=C1C=S(O)(O)=CC1	1.0	1	0.998	0.59
8	Cc1ccccc1CNC(=O)C(Cc1ccccc1)NC(=O)C1OC1C(=O)O	1.0	0	0.832	0.877
8	O=S(=O)(Nc1cc(Br)cc2cccnc12)c1ccccc1	1.0	1	1.045	0.983
8	Cc1cncc(CO)c1NC(=O)c1cccc(Cc2ccc(F)cc2)c1	1.0	0	0.899	0.977
8	Cc1cc(C(=O)c2ccc(Cl)cc2)c(S)nc1C	1.0	1	1.091	0.962
8	O=C1NC(=O)C(=Cc2ccc(F)cc2)S1	1.0	0	0.899	0.977
8	O=C(CNCCc1ccc(Cl)cc1)NO	1.0	0	0.8	0.985
8	CC1CN(C(=O)Cn2c(=O)oc3ccc(Cl)cc32)CC1NC(C)=O	1.0	1	0.959	0.817
8	O=C(Nc1cccc([N+](=O)[O-])c1)Oc1ccccn1	1.0	1	0.919	0.982
8	CCCCCCCCc1nc(Cl)n(-c2ccccc2)n1	1.0	0	0.869	0.974
8	CC(=O)c1ccc(S(=O)(=O)Nc2ccc(C)cc2C)cc1	1.0	0	0.9	0.99
8	CCOCCn1nc(C)c2ncn(CC)c(NS(=O)(=O)c3cccc(Cl)c3)c21	0.0	0	0.0	0.0
8	O=C(c1ccc(Cn2cncn2)cc1)N1CCCCC1	1.0	1	0.983	0.985
8	COc1ccc(NS(=O)(=O)c2ccc(C(C)C)cc2)c2ccccc12	1.0	0	0.887	0.987
8	CCC1CCCCN1C(=O)CC1CCCCC1	1.0	1	0.955	0.956
8	O=C(NCC(=O)N1C(C(=O)O)CCCC1Cc1ccccc1)c1ccccc1	1.0	0	0.843	0.92
8	CC(C)(C)C1C(=O)CC(=O)N1CCCCN1C(=O)CCC1CC(=O)O	1.0	0	0.777	0.65
8	COc1cccc(C(=O)c2cc(Cl)ccc2O)c1Cl	1.0	1	0.931	0.983
8	COc1cc(C(=O)c2ccccc2)ccc1C	1.0	1	1.0	0.994
8	N=C(N)c1ccc(C(=O)NC(CC(=O)Oc2ccc(Cl)cc2)c2ccc(SCc3ccsc3)cc2)cc1	1.0	0	0.0	0.894
8	CCCc1ccncc1C#CCN(C)C	1.0	0	0.852	0.931
8	Clc1ccccc1OCCCN1CCCCC1	1.0	0	0.859	0.991
8	O=C(CCc1c(SSc2ccc(Cl)cc2)[nH]c2ccccc12)c1ccccc1	1.0	0	0.828	0.957
8	CS(=O)(=O)c1ccc(-c2nccnc2Nc2cccc(OCc3cccnc3)c2)cc1	1.0	0	0.0	0.968
8	Cc1cc(C)cc(NS(=O)(=O)c2ccc(F)cc2)c1	1.0	1	1.004	0.99
8	O=S(=O)(Nc1ccc(Cl)cc1)c1ccc(Cl)cc1	1.0	1	0.999	0.994
8	COc1cccc(C(=O)c2cc(Cl)c(O)cc2OC)c1N	1.0	1	0.972	0.975
8	COc1ccc(C(=O)NCc2ccc(C(=O)Nc3ccccc3C(=O)O)cc2)cc1	1.0	0	0.626	0.99
8	Cn1nnc(NS(=O)(=O)c2ccccc2)n1	1.0	1	1.077	0.971
8	Cc1ccc(C(=O)Cn2cc(C(F)(F)F)ccc2=O)cc1	1.0	1	0.982	0.982
8	O=C1c2ccccc2NC(=O)C1C(c1ccc(Cl)cc1)C1CCCCC1=O	1.0	1	0.964	0.711
8	Cn1c(C(=O)Nc2ccccc2)cc2sccc21	1.0	0	0.889	0.984
8	COCCOc1ccccc1C1OCC2CCC(NS(C)(=O)=O)CCC12C	1.0	0	0.814	0.598
8	COc1ccc(C(=O)c2cc(C)c(C)cc2OC)cc1	1.0	1	1.007	0.991
8	CC(C)C(=O)Sc1ccccc1	1.0	0	0.774	0.977
8	O=S(=O)(Nc1cc(Cl)cnc1Cl)c1ccccn1	1.0	1	0.99	0.968
8	O=C(Cc1ccccn1)N1CCc2c([nH]c3ccccc23)C1	1.0	1	0.994	0.974
8	O=S(=O)(Nc1cnccn1)c1ccccc1	1.0	1	1.033	0.986
8	COc1nc2nc(N)nc(N)c2n1CCCCc1ccc(Cl)c(Cl)c1O	1.0	1	1.147	0.888
8	CN(C)Cc1ccc(Cl)c(Oc2cccc(Cl)c2)c1N(S(=O)(=O)c1ccc(F)cc1)S(C)(=O)=O	1.0	0	0.0	0.932
8	Cc1ccc(O)c(C(=O)Nc2ccc(C(C)C)cc2)c1	1.0	1	0.933	0.991
8	Cc1cc(Nc2ccc(C(C)C)cc2)c2ccncc2n1	1.0	1	1.051	0.978
8	CC1CN(C)CCN1C(=O)NC1CCCCC1=O	1.0	1	0.965	0.838
8	CCOc1cccc(Cc2cnc(N)nc2N)c1	1.0	1	1.092	0.979
8	COc1cccc(NC(=O)CN(C)C)c1	1.0	0	0.854	0.992
8	O=S(=O)(NCc1ccc(Cl)(Cl)c1)c1ccc(Cl)cc1	1.0	1	1.049	0.909
8	O=C(c1ccc(Cl)cc1)N1CCC(NCc2cccnc2)CC1	1.0	0	0.772	0.986
8	CC(=O)c1cc([N+](=O)[O-])c(C)c(Br)c1Cl	1.0	0	0.789	0.932
8	Cc1ccc(C(=O)NCc2ccccc2)cc1Cl	1.0	1	0.949	0.994
8	Cc1cc(S(=O)(=O)Nc2ccccc2)ccc1Cl	1.0	1	1.001	0.992
8	Cc1ccc(C(=O)NCC(=O)O)cc1	1.0	1	0.915	0.994
8	O=C(c1ccc(Cl)nc1)c1cccc(C(F)(F)F)c1	1.0	1	0.953	0.982
8	Cc1cccnc1CN1CCOCC1	1.0	1	0.921	0.984
8	CC(=O)CCCc1nc(-c2ccccc2)no1	1.0	1	0.931	0.986
8	O=C(C1CC1)N1CCCC1Cc1cc(Cl)ccc1Cl	1.0	1	1.074	0.951
8	O=S(=O)(c1ccccc1)c1ccc(Cl)cc1	1.0	0	0.844	0.994
8	Cc1ccccc1COc1ccccc1C(=O)OCc1cccc(Oc2ccccc2)c1	1.0	0	0.0	0.985
8	O=C(C=Cc1cccc([N+](=O)[O-])c1)c1ccccc1	1.0	1	0.917	0.988
8	O=S(=O)(Nc1cc(Cl)ccc1Oc1ncccc1NS(=O)(=O)c1ccccc1)c1ccccc1Cl	1.0	0	0.0	0.968
8	CC(C)(C)c1ccc(S(=O)(=O)N2C(CO)CCC2c2ccccc2)cc1	1.0	1	1.016	0.894
8	O=C(CSc1nc(Cc2ccccc2)nc2ccccc12)NCC1CCCO1	1.0	1	0.902	0.938
8	CCOC(=O)C(=O)c1ccc(OC(=O)c2ccc(F)cc2)cc1	1.0	0	0.793	0.987
8	NC(=O)c1ccccc1NS(=O)(=O)c1ccc(Cl)cc1C(F)(F)F	1.0	1	1.006	0.979
8	COc1ccc(C(=O)N2CCc3ccccc3C2)cc1NS(C)(=O)=O	1.0	0	0.86	0.982
8	O=S(=O)(Nc1cc(Cl)ccc1Cn1cnnn1)c1cccc(C(F)(F)F)c1F	1.0	1	1.25	0.935
8	O=C(CN1C(=O)CCC1)Nc1ccc(Cl)cc1	1.0	1	0.98	0.99
8	O=C1CC(c2ccc(Cl)cc2Cl)C(=O)N1	1.0	1	1.068	0.937
8	COc1cc2ccncc2cc1OCCOc1ccccc1	1.0	1	0.902	0.986
8	CC1=NN(C)C(=O)C1C#N	1.0	0	0.793	0.527
8	O=C(c1ccc(Cl)cc1)c1ccc(Cl)cc1O	1.0	1	1.004	0.991
8	O=C(c1ccc2c(c1)OCc1ccccc1-2)N1Cc2ccccc2C1=O	1.0	1	0.988	0.97
8	CC(c1ccc(F)cc1)n1nc(Cl)c2nc(C3CC3)cc(N#N)c21	0.0	0	0.0	0.0
8	COc1ccc(C(=O)N2CCCCCC2)cc1	1.0	1	1.015	0.994
8	Cc1ccc(C(=O)c2cccc(F)c2)cc1	1.0	1	1.008	0.994
8	O=C(O)c1ccccc1C(=O)c1ccc(F)cc1	1.0	1	0.98	0.993
8	CCOc1cc(NS(=O)(=O)c2cccc(Cl)c2)ccc1Cl	1.0	1	0.919	0.988
8	O=C(CCc1ccc2ccccc2c1)c1ccccc1	1.0	1	0.932	0.993
8	CC(=O)c1ccc(OCC(=O)O)cc1	1.0	0	0.808	0.994
8	Cc1c(C(=O)c2ccccc2)n(CCC2CCCCC2)c2cccc(C(=O)O)c12	1.0	0	0.826	0.962
8	O=S(=O)(NCc1ccccc1Cl)c1ccc2nsnc2c1	1.0	1	0.968	0.974
8	COc1ccc(NS(=O)(=O)c2ccc(Cl)cc2)cc1N1CC(C)OC(C)C1	1.0	1	1.052	0.912
8	COc1nnc(C)c1C(=O)c1cc(Cl)ccc1Cl	0.0	0	0.0	0.0
8	O=C(NC1CC(Cc2cccc(F)c2)CCN1Cc1ccc(-c2ccccc2)cc1)C1CC1	1.0	0	0.0	0.856
8	O=C(O)C1CSC(c2ccccc2)N1Cc1cccc(Cl)c1	1.0	1	1.128	0.9
8	O=c1ccc2cc(OCCCCCCN3CCCCC3)ccc2c2c1CCC2	1.0	0	0.732	0.965
8	CCN(CCCN1CCCc2ccccc21)Cc1ccc(OC)cc1	1.0	1	0.916	0.982
8	O=S(=O)(NC(=S)NCc1ccc(F)cc1)c1ccccc1	1.0	1	1.047	0.986
8	CSc1nnsc1NS(=O)(=O)c1ccc(Cl)c(C#N)c1Cl	1.0	1	0.93	0.849
8	O=S(=O)(Nc1ccc(Cl)cc1)c1cccc(B(O)O)c1	1.0	1	0.96	0.975
8	CCN(C(=O)Oc1ccc(F)cc1)C1CCN(Cc2ccccc2)CC1	1.0	0	0.765	0.982
8	CC(=O)NC(=O)CCN(C)c1ccccc1	1.0	1	0.931	0.984
8	O=C(c1ccc(Cl)cc1)c1cccc(O)c1O	1.0	1	1.08	0.989
8	COc1ccc(C(=O)Nc2ccccc2)cc1	1.0	0	0.87	0.997
8	CCc1nn2ccccc2c1Cc1ccc(C2(C)CCCCC2)cc1	1.0	1	1.067	0.941
8	COc1ccc(NS(=O)(=O)c2cccc(C(=O)Nc3ccccc3)c2)cc1	1.0	0	0.795	0.991
8	COc1nc(Cl)nc2c1ncn2C1CC(O)CC1O	1.0	1	0.958	0.609
8	CCc1ccc(NC(=O)c2ccc(C)cc2)cc1	1.0	0	0.854	0.995
8	CC(C)C(C(=O)N1CCCCC1)C1CCCC1	1.0	1	1.03	0.923
8	COc1nccnc1NS(=O)(=O)c1ccc(F)cc1	1.0	1	1.046	0.98
8	O=S(=O)(c1ccc(Cl)cc1)N(c1cc(Cl)ccn1)N1CCOCC1	1.0	1	1.09	0.93
8	N#Cc1ccccc1C(=O)c1cccc(Oc2cccc(Cl)c2)c1	1.0	1	0.968	0.984
8	Cc1ccc(S(=O)(=O)Nc2ccccc2C(F)(F)F)cc1	1.0	1	1.088	0.989
8	O=S(=O)(Nc1ncccn1)c1ccc(F)cc1	1.0	1	1.024	0.987
8	Cc1ccc(NC(=O)c2cccc([N+](=O)[O-])c2)cc1	1.0	0	0.866	0.993
8	CCOc1ccc(Nc2nc(Cl)nc(Cl)n2)cc1	1.0	1	0.944	0.982
8	Cc1ccc(C(=O)Nc2ccc(C#CC(=O)c3ccc(Cl)cc3)cc2)cc1	1.0	0	0.658	0.982
8	CCOc1ccc(NC(O)c2cccc(C)c2C)cc1O	1.0	1	0.908	0.929
8	Cc1nn(Cc2ccccc2)c(Cl)c1CN1CCN(c2nc3ccccc3s2)CC1	1.0	0	0.839	0.971
8	O=C(CCc1ccccc1)Oc1ccccc1	1.0	1	1.046	0.995
8	CCCCNC(=O)c1cccc(Oc2cccc(Cl)c2)c1	1.0	0	0.848	0.991
8	O=C1C(=O)N(Cc2cccc(F)c2)c2ccccc21	1.0	1	1.129	0.989
8	Cc1ccc(Cn2ncc(Cl)c(Cl)c2=O)cc1	1.0	1	1.012	0.984
8	CC(C)(C)c1ccc(C=Cc2noc(C)c2C#N)cc1	1.0	1	0.902	0.944
8	Cc1nc(C)c(S(=O)(=O)c2cccc(Cl)c2)c(N(C)Cc2ccccc2)n1	1.0	0	0.882	0.961
8	O=C(CCc1ccccc1)NCCc1ccccc1	1.0	1	0.946	0.995
8	Cn1nc(C(=O)OCc2cc3c(cc2Cl)OCO3)c2ccccc2c1=O	1.0	0	0.893	0.967
8	O=S(=O)(Nc1ccc(Br)cc1)c1cccc(Cl)c1	1.0	1	0.936	0.991
8	Cc1ccc(C(=O)c2ccccc2)c(C(C)C)c1	1.0	1	0.957	0.991
8	CCC(=O)N(C)C1(c2ccc(Cl)c(Cl)c2)CCCC1	1.0	1	0.981	0.943
8	NCC(=O)NCC(N)C(=O)O	1.0	0	0.648	0.927
8	COc1ccc(C(=O)NC(C)C)cc1C	1.0	0	0.824	0.993
8	O=S(=O)(NCc1ccc(Cl)cc1Cl)c1ccccc1	1.0	1	0.974	0.99
8	O=C(C1=C(O)C(=O)N(c2ccc(C(C)(C)C)cc2)C1c1ccccc1)c1ccccc1	1.0	0	0.0	0.949
8	O=C(Cc1ccccc1)Oc1ccccc1[N+](=O)[O-]	1.0	1	0.903	0.99
8	Cc1cc(C(=O)c2ccccc2)ccc1C(F)(F)F	1.0	1	0.972	0.988
8	O=S(=O)(Cc1ccccc1)NC1CCCCC1	1.0	1	0.907	0.988
8	COc1ccc(C(=O)Nc2cc(Cl)ccc2NS(=O)(=O)c2ccc(F)cc2)c(OC)c1	1.0	0	0.0	0.982
8	CCC(c1cccc(O)c1)c1cccc(O)c1O	1.0	1	0.953	0.933
8	CC(C)Oc1ccc(S(=O)(=O)N2CCC(Nc3ccc(F)cc3)CC2)cc1	1.0	0	0.74	0.982
8	COc1ccc(C(=O)Nc2ccc(C(=O)O)cc2)cc1Cl	1.0	0	0.846	0.993
8	CC1CCCCN1C(=O)c1cccnc1Oc1ccc(Cl)cc1	1.0	1	1.093	0.958
8	CSc1ccccc1NS(=O)(=O)c1ccc(NC(C)=O)cc1	1.0	0	0.88	0.987
8	O=C(CCCCNC(=O)c1ccccn1)Oc1ccc(Cl)cc1	1.0	0	0.713	0.986
8	O=S(=O)(Nc1ncccn1)c1ccc(F)cc1	1.0	1	1.024	0.987
8	c1ccc(-c2nc(NCCCN3CCOCC3)c3ccccc3n2)cc1	1.0	0	0.863	0.982
8	CCCN(C(=O)c1ccc(Cl)cc1)c1ccccn1	1.0	1	1.062	0.985
8	COc1cc(OC)cc(N2C(=O)CCC2C(=O)NCc2ccccc2)c1	1.0	0	0.883	0.947
8	COC(=O)Cc1ccc(NS(=O)(=O)c2ccc(C(C)(C)C)cc2)cc1	1.0	0	0.873	0.986
8	O=S(=O)(c1ccc(Cl)cc1)c1ccncc1C(F)(F)F	1.0	1	0.94	0.972
8	COc1ccc(N(CC(=O)Nc2ccccc2C(=O)OC)S(C)(=O)=O)cc1	1.0	0	0.835	0.984
8	Cc1ncc(CO)c(Cc2ccc(Cl)cc2)n1	1.0	1	1.034	0.971
9	Cc1cccc(N2C(=O)c3ccccc3C2Nc2cccnc2)c1	1.0	1	1.102	0.939
9	Oc1ccc(CC2CCN(Cc3ccccc3)CC2)cc1	1.0	0	0.842	0.99
9	O=C(O)c1ccccc1NS(=O)(=O)c1ccc(Cl)cc1F	1.0	1	1.025	0.987
9	COc1ccc(NS(=O)(=O)c2cc(C(C)=O)ccc2Cl)cc1	1.0	0	0.899	0.989
9	O=S(=O)(NCc1ccccc1)c1ccccc1	1.0	1	1.04	0.995
9	Cc1cccc(NC(=O)c2ccc(Cl)cc2Cl)c1	1.0	1	0.912	0.993
9	O=C(CCN1c2ccccc2CC1=O)NNS(=O)(=O)c1cccc(Cl)c1	1.0	0	0.844	0.969
9	CC(C)(C)c1ccc(S(=O)(=O)Nc2ccc(Cl)cc2)cc1	1.0	1	0.942	0.991
9	Cc1ccc(C(=O)c2cc(Cl)ccc2NS(=O)(=O)c2cccc(S(=O)(=O)c3ccccc3)c2)cc1	1.0	0	0.0	0.975
9	Cc1cc(C)cc(NC(=O)OC2CCOC2)c1	1.0	1	0.962	0.943
9	Cc1cc(O)nc(NS(=O)(=O)c2ccc(Cl)cc2)n1	1.0	1	1.031	0.976
9	CCSCCSc1nc2ccccc2s1	1.0	0	0.875	0.968
9	CCCCN1C(=O)C(CC)(C(=O)OC)C(C)C1=O	1.0	1	1.058	0.692
9	Cc1ccc(C(=O)c2cc(Cl)ccc2O)cn1	1.0	1	0.943	0.984
9	O=S(=O)(NCc1ccc(Cl)cc1Cl)c1ccc(Cl)cc1	1.0	1	1.026	0.989
9	Cc1cccc(C(=O)n2cc(Cl)c(C)cc2=O)c1	1.0	1	1.037	0.967
9	Cc1ccc(NS(=O)(=O)c2ccc(C(C)C)cc2)c2ccccc12	1.0	1	0.969	0.987
9	Fc1ccc(Oc2ccc(Cl)cc2)cc1	1.0	1	0.935	0.995
9	CC(=O)c1ccc(OCC(=O)c2ccc(C)cc2)cc1	1.0	1	0.994	0.993
9	Cc1cccc2cc(C(=O)Nc3cccc(Cl)c3)c(=O)n12	0.0	0	0.0	0.0
9	c1ccc(OCCCNCCCN2CCCC2)cc1	1.0	0	0.862	0.99
9	O=C1c2ccccc2C(=O)N1Cc1ccc(Cl)c(Cl)c1	1.0	1	1.207	0.99
9	O=S(=O)(NCCCN1CCC(Cc2ccccc2)CC1)c1ccccc1	1.0	0	0.768	0.986
9	Cc1ccccc1C(=O)Nc1ccnn1C1CCCCC1	1.0	1	0.985	0.982
9	Brc1nc(I)nn1C1CCCCC1	1.0	0	0.859	0.865
9	Cc1ccc(C(=O)N2CC(C)CC(C)C2)cc1NS(=O)(=O)c1ccc(O)cc1	1.0	1	0.93	0.913
9	CC1(c2ccccc2Cl)NC(=O)c2ccccc21	1.0	1	1.046	0.931
9	COc1ccc(S(=O)(=O)c2cccc(C(=O)O)c2)c(Cc2ccccc2F)c1	1.0	0	0.866	0.978
9	Cc1ccc(S(=O)(=O)NC(=O)c2ccc(Cl)cc2)cc1	1.0	1	0.922	0.992
9	Cc1ccccc1NS(=O)(=O)c1cccc(S(=O)(=O)O)c1Cl	1.0	0	0.857	0.977
9	Cc1ccc(C(=O)N2CCCCCC2)cc1	1.0	1	1.006	0.994
9	c1ccc(N2CCN(Cc3ccccc3)CC2)cc1	1.0	1	0.987	0.995
9	Cc1ccc(NC(=O)c2ccccc2C)cc1	1.0	1	0.903	0.996
9	O=S(=O)(NCCCN1CCC(c2cccc(Cl)c2)CC1)c1ccccc1-c1ccccc1Cl	1.0	0	0.0	0.971
9	O=C(c1ccccc1)c1ccc(Cl)cc1Cl	1.0	1	0.993	0.994
9	Clc1cccc(N2CCN(C(=O)CCC3CCCC3)CC2)c1Cl	1.0	1	1.0	0.98
9	O=C(CCC(=O)N1CCCCC1)NCc1ccc(F)cc1	1.0	1	0.93	0.99
9	O=C(Nc1cccc(O)c1)c1ccccc1	1.0	1	0.951	0.995
9	O=S(=O)(N=CC1=C(c2ccccn2)CCC1)c1ccccn1	1.0	0	0.878	0.887
9	Cc1ccccc1NC(=O)c1ccc(Cl)cc1Cl	1.0	1	0.932	0.994
9	Cc1cc(C)c(NS(=O)(=O)c2cccc(C)c2)c(C)c1C	1.0	1	1.01	0.98
9	Cc1ccccc1C(=O)Nc1cccc(N2C(=O)c3ccccc3C2=O)c1	1.0	0	0.817	0.988
9	c1ccc(Cc2nc(O)c(Cc3ccccc3)c(O)n2)cc1	1.0	1	1.029	0.976
9	Cc1c(=O)n(Cc2cccc(Cl)c2)c(=O)n2oc3ccccc3c12	1.0	1	1.189	0.941
9	Cc1ccc(C(=O)c2cc(C)c(NC(C)=O)cc2)cc1	1.0	1	0.967	0.992
9	CCOc1ccc(C(=O)Nc2c(C)cccc2C)cc1F	1.0	0	0.851	0.99
9	CCOC(=O)c1oc2ccc(NS(=O)(=O)c3ccc(Cl)cc3)cc2c1C	1.0	1	0.935	0.979
9	O=C(Cc1ccccc1)N1CCCCCC1	1.0	1	0.989	0.994
9	O=C(CCc1ccccc1)n1ccc2ccccc21	1.0	1	1.051	0.987
9	COc1nnc2ccc(C(=O)c3ccc(OC)c(OC)c3)cc2n1	1.0	1	1.098	0.969
9	COc1cc(C(=O)c2cccc(Cl)c2O)nc(N)c1O	1.0	1	0.924	0.952
9	CC(C)c1[nH]nc(Cl)c1-c1cccnc1	1.0	1	0.91	0.938
9	CC(=O)c1ccc(NS(=O)(=O)c2ccc3c(c2)oc(=O)n3C)cc1	1.0	1	0.916	0.977
9	O=C1c2cccnc2C(=O)N1Nc1cccc(Cl)c1	1.0	1	1.249	0.969
9	Cc1[nH]nc(O)c1N=Nc1ccc(Cl)cc1	1.0	1	0.912	0.917
9	CC(=O)c1ccnc(C(=O)c2ccccc2)c1	1.0	1	1.043	0.988
9	COc1ccccc1N1C(=O)C(=O)c2ccccc21	1.0	1	1.026	0.986
9	COc1ncccc1Oc1cc(N)ncc1N(C)C#N	1.0	1	0.958	0.878
9	O=C(c1ccncc1)c1ccccc1NS(=O)(=O)c1cccc2cccnc12	1.0	1	0.94	0.977
9	Cc1ccc(C(=O)c2ccc(O)cc2)cc1	1.0	1	0.976	0.994
9	Clc1ccc(CN2CCCC(Nc3ccccc3)C2)cc1	1.0	1	0.99	0.977
9	Cc1ccc(CC(=O)O)cc1	1.0	0	0.702	0.995
9	O=c1c2ccccc2nc(SCc2ccccc2Cl)n11	0.0	0	0.0	0.0
9	CC(=O)c1cccc(OC(=O)C2CCN(S(=O)(=O)c3ccccc3)CC2)c1	1.0	0	0.803	0.983
9	O=C(NCc1ccco1)c1cccnc1	1.0	1	1.039	0.988
9	CCOC(=O)C1=C(C)N(Cc2ccccc2)C(=O)c2ccccc21	1.0	1	1.096	0.987
9	COCCNC(=O)C(=O)NCCc1ccc(F)cc1Cl	1.0	0	0.872	0.981
9	O=C(C=C1CCN(C(=O)c2ccccc2)CC1)NO	1.0	1	0.945	0.97
9	O=C(C(=O)c1ccccc1)Cc1ccccc1	1.0	1	1.081	0.992
9	O=S(=O)(c1ccc(Cl)cc1)c1cc(Cl)c(Cl)cc1Cl	1.0	1	0.913	0.985
9	COc1ccc(C(=O)c2c(O)c(C)n(-c3ccccc3)c2-c2cccnc2)c(C)c1	1.0	1	0.951	0.957
9	O=S(=O)(NCC1CCCCC1)c1ccc(Cl)cc1	1.0	1	1.078	0.989
9	O=C(NCC1CCCO1)c1ccccc1Sc1ccccc1	1.0	1	0.999	0.962
9	CCC(=O)c1ccc(OC(=O)c2ccccc2Cl)cc1	1.0	0	0.846	0.99
9	Cc1cc(C)nc(NS(=O)(=O)c2ccccc2)n1	1.0	1	0.968	0.987
9	Cc1ccnc(Sc2nc3ccccc3nc2C(F)(F)F)c1	1.0	1	1.267	0.946
9	O=S(=O)(c1ccccc1)c1ccccc1	1.0	0	0.851	0.995
9	Cc1ccccc1Cc1cccn1-c1ccc(Br)cc1	1.0	1	1.178	0.981
9	CCC(=O)NC1c2ccc(F)cc2CC1C(C)C	1.0	0	0.855	0.829
9	Cc1cc(C(=O)c2ccc(Cl)cc2)ccn1	1.0	1	1.018	0.989
9	O=S(=O)(c1ccc(C(=O)N2N=C(c3ccccc3)CC2=O)cc1F)c1ccccc1F	1.0	0	0.0	0.942
9	COc1ccc(S(=O)(=O)c2ccc(C)cc2)cc1	1.0	1	0.948	0.993
9	Cc1ccccc1Oc1ccc(C(F)(F)F)cc1Oc1cccc(Cl)c1	1.0	1	0.992	0.982
9	O=S(=O)(Nc1nccs1)c1ccc(Cl)c(Cl)c1	1.0	1	0.995	0.98
9	O=C(O)c1ccc(Cl)c(Cl)c1[N+](=O)[O-]	1.0	0	0.751	0.974
9	COc1ccccc1N1C(=O)C(=O)C(C)C1=O	1.0	1	1.058	0.933
9	O=C(c1ccc(Br)cc1)N1CCC(c2nc3ccccc3s2)CC1	1.0	0	0.85	0.983
9	COc1cc(NC(=O)c2ccccc2)ccc1F	1.0	0	0.875	0.994
9	Cc1cc(C)nc(NS(=O)(=O)c2ccc(Cl)cc2C)n1	1.0	1	0.99	0.978
9	O=S(=O)(c1ccc2ccccc2c1)c1cc(Cl)ccc1Cl	1.0	1	0.989	0.987
9	CC(=O)C1c(C)noc1-c1ccccc1	0.0	0	0.0	0.0
9	Cc1ccc(C(=O)c2cc(C(=O)O)ccc2Cl)cc1	1.0	1	0.999	0.991
9	CCn1c(=O)ccc2cc(Cc3ccccc3)nc(O)c21	1.0	1	1.074	0.956
9	Fc1cccc(F)c1Nc1nc(NC2CCCCC2)c2sccc2n1	1.0	0	0.868	0.955
9	Cc1ccccc1C(=O)Nc1cccc(N)n1	1.0	1	0.969	0.988
9	O=S(=O)(Nc1ccc(F)cc1)c1cccc(Cl)c1Cl	1.0	1	0.982	0.989
9	COc1ccc(O)c(S(=O)(=O)CCc2ccccc2)c1	1.0	1	0.954	0.984
9	COc1cc([N+](=O)[O-])ccc1OCc1cccc(Cl)c1	1.0	1	1.02	0.99
9	O=S(=O)(c1ccc(Cl)cc1)c1cccc(Cl)c1Cl	1.0	1	0.911	0.987
9	Cc1ccc(C)n1N1C(=O)c2ccccc2C1=O	1.0	1	1.11	0.963
9	Cc1ccc(Oc2ncc(C(=O)O)cc2O)cc1	1.0	1	1.03	0.979
9	O=C(NC(=O)c1ccccc1-c1ccccc1)OCc1ccccc1	1.0	1	0.907	0.991
9	O=C(c1cccs1)N1Cc2ccccc2Oc2ccccc21	1.0	1	1.023	0.976
9	O=C(CCc1ccccc1)c1ccccc1OC(=O)N1CCCOC1	1.0	0	0.874	0.972
9	COc1cccc(C(=O)c2ccc(OC)c(OC)c2)c1N	1.0	1	0.996	0.987
9	O=C(COc1ccc(F)cc1)NCc1ccccn1	1.0	0	0.893	0.991
9	O=S(=O)(Nc1cc(Cl)c(Cl)cc1Cl)c1ccc(Cl)s1	1.0	1	1.052	0.974
9	Cc1cc(=O)n(C(=O)C(C)C)c(=O)n1C	1.0	0	0.894	0.933
9	O=S(=O)(c1ccc(Cl)cc1)c1cccc(I)c1	1.0	0	0.821	0.986
9	O=S(=O)(c1cccc(F)c1)c1cccc(Cl)c1Cl	1.0	0	0.892	0.984
9	O=C(c1cccc(Br)c1)c1ccncc1	1.0	1	0.943	0.989
9	O=C(c1ccccc1)N1CCN(Cc2ccccc2)CC1	1.0	0	0.888	0.994
9	O=C(C1CCC1)N1CCc2ccccc21	1.0	1	0.954	0.988
9	COCCCNC(=O)Nc1ccc(Br)cc1Cl	1.0	0	0.858	0.986
9	Cc1ccc(S(=O)(=O)NCCc2ccccn2)cc1	1.0	1	0.986	0.989
9	COc1cccc(C(=O)NCCCNC(=O)c2ccco2)c1	1.0	0	0.73	0.988
9	O=C(NCC(=O)c1ccc(Cl)cc1)c1ccc(O)nn1	1.0	1	0.978	0.975
9	Cc1nc(S)nc(O)c1[Si](C)(C)C	1.0	0	0.832	0.6
9	O=C1c2ccc(F)cc2C(=O)N1c1ccc(Br)cc1	1.0	1	1.04	0.987
9	Cc1ccc(Cl)cc1NC(=O)c1ccc2c(N)cccc2c1	1.0	0	0.875	0.988
9	Cc1ccc(C(=O)c2cc(Cl)ccc2NS(=O)(=O)c2cccc(Cl)c2)cc1	1.0	1	1.054	0.985
9	CC(C)C(=O)c1c(O)oc2ccccc2c1=O	1.0	1	1.041	0.966
9	O=S(=O)(Cc1ccccc1)NCCNc1ccccc1	1.0	0	0.787	0.989
9	CC(C)c1ccc(NC(=O)c2ccc(Cl)cc2)cc1	1.0	0	0.847	0.995
9	COc1ccc(C(=O)CCC(=O)c2ccccc2)cc1	1.0	1	0.915	0.993
9	Cc1ccccc1C(=O)c1ccc([N+](=O)[O-])cc1S(=O)(=O)Nc1ccccc1	1.0	0	0.88	0.98
9	COc1ccc(C(=O)c2ccc(C)cc2)cc1C	1.0	1	1.073	0.993
9	Cc1ccc(C)c(C(=O)Nc2ccc(S(=O)(=O)N3CCCCC3)cc2)c1	1.0	0	0.754	0.988
9	Nc1cc(Br)ccc1Sc1cccc(Cl)c1	1.0	1	0.999	0.979
9	Cc1nc(C)c(C(=O)NCC2CCCCCC2)c(C)c1Cl	1.0	1	0.932	0.968
9	Cn1c(Cn2c(=O)sc3ccccc32)cnc1CO	1.0	1	1.028	0.933
9	Cc1ccc(C(=O)c2cc(Cl)ccc2OS(=O)(=O)c2ccc(C(C)(C)C)cc2)cc1	1.0	1	0.966	0.978
9	O=C(c1ccccc1)c1ccc(C(=C2CCNCC2)c2ccccc2)cc1	1.0	0	0.827	0.977
9	O=C(N=C(N)N(C)Cc1ccccc1)c1cccnc1	1.0	1	1.003	0.973
9	COc1ccc(Cc2nc(C)n(C)c2N)cc1	1.0	1	0.986	0.975
9	CC(=O)c1ccc(Oc2ncnc(N)c2[N+](=O)[O-])cc1	1.0	1	1.049	0.973
9	O=C(Cc1ccccc1)N1CCc2ccccc2C1=O	1.0	1	1.096	0.987
9	O=C(c1ccc(F)cc1)C(c1ccncc1)N1CCCC1	1.0	1	1.102	0.952
9	COc1ccc(-c2cn(C)nc2C(C)(C)c2ccc(N)cc2)cc1	1.0	1	1.002	0.966
9	O=C(c1ccncc1)N1CCCCCC1c1ccccn1	1.0	1	1.143	0.951
9	O=C(O)c1c(O)cccc1O	1.0	0	0.703	0.983
9	Cc1ccc(NS(=O)(=O)N2CCCCC2)cc1	1.0	1	1.06	0.988
9	O=S(=O)(Cc1cc(Cl)ccc1Cl)c1ccccc1	1.0	1	1.035	0.988
9	Cc1cc(Cl)ccc1Oc1ccc(Cl)cc1C(=O)NCC(C)O	1.0	1	0.977	0.959
9	Cc1ccc(NS(=O)(=O)c2ccc(NC(=O)CC(C)C)cc2)cc1	1.0	0	0.806	0.989
9	Cc1ccccc1C(=O)NC(C)C(c1ccccc1)c1ccccc1Cl	1.0	1	0.958	0.933
9	O=C(NN=Cc1ccccc1Cl)c1cccnc1	1.0	1	0.938	0.985
9	COc1ccc(C(=O)c2ccccc2)cc1	1.0	1	1.029	0.996
9	COc1ccc(S(=O)(=O)NC(=O)c2cccc(C)c2)cc1	1.0	0	0.9	0.991
9	O=C(O)CCCNOS(=O)(=O)c1ccc(Oc2ccccc2)cc1	1.0	0	0.796	0.972
9	COc1ccc(C(=O)O)cc1NS(C)(=O)=O	1.0	0	0.811	0.989
9	Nc1ccccc1Oc1ccccc1	1.0	1	0.97	0.994
9	Cc1ncsc1-c1ccc(C(=O)N2C(C)COCC2CC(=O)O)cc1	1.0	1	0.935	0.761
9	O=C(c1ccc(Br)cc1)N(c1ccccc1)c1ccccc1	1.0	1	1.117	0.989
9	O=C(c1cnccc1Cl)N1CCC(c2ccc(F)cc2)CC1	1.0	1	0.93	0.981
9	c1ccc(Nc2nc3ccccc3n3cncc23)cc1	1.0	1	1.048	0.98
9	O=C(c1ccc(F)cc1Cl)N1Cc2ccccc2C1=O	1.0	1	0.976	0.98
9	C(=Cc1cccnc1)c1ccccn1	1.0	1	0.921	0.979
9	Cc1ccccc1Oc1cncc(C(=O)c2cccc(Cl)c2Cl)c1	1.0	1	0.969	0.979
9	O=C(Cc1ccc(Cl)cc1)c1ccc(Cl)cc1F	1.0	1	1.185	0.99
9	CCC(=O)NC(C)c1ccc(C)cc1	1.0	0	0.816	0.982
9	Nc1ncnc2c1nc(NCc1ccc(Cl)cc1)n2Cc1cccc(Cl)c1	1.0	1	0.956	0.969
9	Cc1ccc(C(=O)C=Cc2ccc[nH]2)cc1	1.0	1	1.008	0.973
9	CC(C)(C#CCN1C(C)(c2ccccc2)CCCc2ccccc21)C(=O)O	1.0	0	0.842	0.785
9	CC(=O)CCCc1ccc(S(=O)(=O)NCCc2ccc(Cl)cc2)cc1	1.0	0	0.867	0.985
9	Cc1ccc(C(=O)CC(=O)c2ccccc2)cc1	1.0	1	1.003	0.993
9	O=C(C1CCCCC1)N1CCN(S(=O)(=O)c2cccc(F)c2)CC1	1.0	0	0.806	0.984
9	Cc1cccc(NC(=O)c2ccccc2C(=O)c2ccccc2)c1N(C)C	1.0	1	0.912	0.983
9	COc1ccc(C2(C)CCCCC2NC(=O)c2ccccc2Br)cc1	1.0	1	0.906	0.889
9	Cc1nc2nc(Cl)c([N+](=O)[O-])cc2c(=O)n1Cc1ccccc1Cl	1.0	1	1.332	0.952
9	O=C(Cc1ccccc1)N1CCC(CO)(CCCc2ccccc2)CC1	1.0	0	0.808	0.978
9	Cc1ccc(C)c(NS(=O)(=O)c2cccc(C(=O)O)c2)c1	1.0	0	0.868	0.989
9	c1ccc(C(=Cn2cncn2)OC2CCCCCC2)cc1	1.0	1	1.026	0.928
9	COc1ccc(C(=O)NC(=O)Nc2cccc(C(C)=O)c2)cc1F	1.0	0	0.766	0.987
9	N#Cc1cc(S(=O)(=O)Nc2ccc(F)cc2)c(Cl)cc1Cl	1.0	1	0.948	0.978
9	Cc1cc(C)nc(Sc2cc(Cl)ccc2Cl)n1	1.0	1	0.95	0.974
9	CCC(=O)c1ccc(OCC(=O)O)cc1	1.0	0	0.769	0.991
9	O=S(=O)(c1ccc(Cl)cc1)N(Cc1ccccc1)c1cccc(F)c1	1.0	1	1.086	0.987
9	COc1ccc(C(=O)Nc2cccnc2)cc1	1.0	1	0.951	0.994
9	Cc1ccc(C(=O)c2ccccc2)c(Cl)n1	1.0	1	1.031	0.988
9	COc1ccc(C(=O)c2ccc(Cl)cc2)cc1=O	0.0	0	0.0	0.0
9	O=C(CCCN1C(=O)c2ccccc2C1=O)NC1CCCCC1	1.0	0	0.864	0.985
9	CC(=O)Nc1ccc(S(=O)(=O)Nc2ccc(C)c(C(=O)c3ccccc3)c2)cc1Cl	1.0	0	0.817	0.981
9	O=C(Cc1ccccc1)ON=C1CCCC1	1.0	1	1.021	0.973
9	CCOc1c(S(=O)(=O)O)cccc1NCCc1ccccc1N	1.0	0	0.841	0.97
9	COc1cc2nccc(N(C)C)c2cc1OC1CCCNC1	1.0	1	1.093	0.903
9	COc1ccc(C(=O)Nc2ccc(C)cc2C)cc1	1.0	1	0.916	0.995
9	O=C(C1CC(=O)N(c2ccccc2)C1)N1c2ccccc2CC1=O	1.0	1	0.963	0.934
9	CC1CCCCC1NC(=O)c1ccc(C(C)(C)C)cc1	1.0	0	0.867	0.953
9	O=C(Cn1cnc2c(NCc3ccccc3)ncnc21)NS(=O)(=O)c1ccc(Cl)cc1	1.0	0	0.0	0.965
9	O=C1c2ccc(F)cc2C(=O)N1c1ccc(Cl)cc1	1.0	1	1.094	0.989
9	O=C1c2ccccc2C(=O)c2ccccc21	1.0	0	0.871	0.995
9	O=C(CN1CCCCC1)c1ccc(Cl)cc1	1.0	1	0.99	0.992
9	Cc1ccc(SCCN2C(=O)C=CC2=O)cc1Cl	1.0	1	1.012	0.957
9	CC1=C(O)C(=O)C2C1=CC(C)(C)CC2=O	1.0	0	0.794	0.555
9	O=C1COC(=O)N1c1ccccc1Cl	1.0	1	1.129	0.972
9	Cc1ccc(C(=O)Nc2cccnc2)cc1C	1.0	1	1.001	0.992
9	O=C(Cc1cccc(C(=O)O)c1)N(Cc1ccc(Cl)cc1)c1ccccn1	1.0	0	0.811	0.98
9	O=C(c1ccco1)N1CCCCC1c1ccccn1	1.0	1	1.141	0.946
9	CN(C)C(=O)C(=O)c1cc2ccccc2n1C	1.0	0	0.862	0.966
10	CC1=NC(=O)NC(c2ccccc2)C1C(=O)OC(C)C	1.0	1	0.995	0.819
10	CCCC(=O)C1C(=O)C(CC)C(=O)N1c1ccc(C)cc1	1.0	1	1.098	0.783
10	CC(=O)Oc1ccc(OC(C)(C)C)cc1CSc1ccccn1	1.0	0	0.899	0.967
10	O=C(c1ccc(Cl)nc1)N1CCCC1c1ccco1	1.0	1	1.181	0.937
10	CC(=O)C1CCCN(C(=O)CCCl)C1	1.0	1	0.921	0.934
10	COc1ccc(C(=O)C(C)c2ccc(O)cc2)cc1	1.0	1	1.04	0.973
10	O=C(c1cccc(O)c1)c1ccccc1	1.0	1	0.948	0.994
10	Cc1ccccc1C(=O)Oc1ccc(F)c([N+](=O)[O-])c14	0.0	0	0.0	0.0
10	CC1(C)CC(=O)c2cc(F)ccc2C1=NC1CCCCC1	1.0	1	1.101	0.91
10	O=C(c1ccc(F)cc1)c1ccc(F)cc1NS(=O)(=O)c1ccc(Cl)cc1	1.0	1	1.092	0.985
10	CCc1ccc(O)cc1NS(=O)(=O)c1ccc(Cl)c(Cl)c1	1.0	1	0.997	0.98
10	CN1C(=O)c2ccccc2S1(=O)=O	1.0	0	0.779	0.971
10	CC(=O)c1ccc(C)c(Oc2ccccc2)c1	1.0	1	1.064	0.993
10	Cc1nc(N)nc(N)c1CNc1cnc(Cl)c(NS(=O)(=O)c2ccccc2)c1	1.0	0	0.894	0.949
10	Cc1c(C(=O)c2c(Cl)cccc2N2CCCCC2)cccc1Br	1.0	1	1.109	0.975
10	Cn1ccc(C(=O)O)nc1N	0.0	0	0.0	0.0
10	COc1ncc(Cl)nc1NS(=O)(=O)c1cc(Cl)cc(Cl)c1	1.0	1	1.037	0.953
10	COc1cc2c(cc1OC)C(C)N(C(=O)c1cccc(C)c1)CC2	1.0	1	1.016	0.956
10	CCOc1ccc(N2C(=O)c3ccc(C)cc3C2=O)cc1	1.0	1	1.023	0.989
10	COc1ccc(CC(=O)NCc2ccccc2)cc1	1.0	1	0.908	0.995
10	COc1ccc(C(=O)Nc2ccc(Nc3ccccc3)cc2)cc1	1.0	0	0.786	0.994
10	Oc1ccccc1C(=Nc1ccccc1)N1CCCC1	1.0	1	1.003	0.975
10	O=C(c1ccncc1)c1ccc(Cl)cc1	1.0	1	1.017	0.992
10	CC(=O)c1ccc(S(=O)(=O)NCc2ccccc2Cl)cc1	1.0	1	0.944	0.99
10	CC(=O)c1ccc(NS(=O)(=O)c2ccc(C)c(C)c2)cc1	1.0	1	0.975	0.99
10	c1ccc(CCN2CCCc3ccccc32)cc1	1.0	1	1.015	0.991
10	Cc1ccc(NS(=O)(=O)c2ccccc2)cc1	1.0	1	0.983	0.995
10	O=C(CC1CCCO1)N1CCN(C(=O)c2ccco2)CC1	1.0	0	0.839	0.944
10	NC(=O)N1CCC(C)(c2cccc(F)c2)CC1	1.0	1	1.058	0.961
10	CC(C)(C)c1ccc(S(=O)(=O)Nc2ccc(F)cc2)cc1	1.0	1	0.908	0.99
10	CCc1ccccc1N(C)C(=O)c1cc2ccccc2cc1C	1.0	1	1.0	0.982
10	O=C(Nc1cc(Cl)ccc1N1CCCCC1)c1ccccc1	1.0	1	0.97	0.991
10	O=C(O)c1ccccc1NS(=O)(=O)c1ccc(Cl)s1	1.0	1	1.027	0.984
10	O=C(c1ccc2ccccc2c1)c1ccccc1Cl	1.0	1	1.065	0.993
10	O=C(NCc1ccc(Cl)cc1)c1ccc(Cl)nc1N	1.0	1	1.037	0.985
10	O=S(=O)(Nc1ncccn1)c1ccc(F)c(F)c1	1.0	1	1.036	0.982
10	O=C1CSC(NC(=O)c2cccn2Cc2ccccc2)N1Cc1ccccn1	1.0	0	0.881	0.853
10	O=C(c1ccc(F)cc1)C(C(=O)c1ccccc1)N1CCCC1	1.0	1	1.009	0.958
10	CCC(=O)c1ccc(OCCCCOc2cccc(Cl)c2)cc1N	1.0	0	0.67	0.98
10	O=C(CC(=O)c1ccccc1)NC1CCCCCC1	1.0	0	0.88	0.989
10	CC(=O)CC(=O)NC1CCCCC1	1.0	0	0.855	0.984
10	Cc1cccc(NS(=O)(=O)c2ccccc2)c1	1.0	1	0.988	0.994
10	O=C(c1ccccc1)c1ncccc1Oc1ccccc1NS(=O)(=O)c1ccc(F)cc1	1.0	0	0.0	0.977
10	Nc1nc(N)nc(Cl)c1Cc1ccc(Cl)c(Cl)c1	1.0	1	1.224	0.964
10	CC(C)(C)c1ccc(NC(=O)c2cccc(F)c2)cc1	1.0	0	0.819	0.993
10	CC(=O)c1cccc(OCc2ccc(Cl)cc2)c1N	1.0	1	0.902	0.988
10	c1ccc(C(c2ccc(Cl)cc2)N2CCNCC2)cc1	1.0	1	1.013	0.969
10	CC(=O)c1ccc(S(=O)(=O)Nc2ccc(N(C)C)cc2)cc1	1.0	1	0.929	0.989
10	CCc1nn2c(C)c(C)nc(O)c2c1Cc1cccc(OC)c1	1.0	1	1.238	0.926
10	NS(=O)(=O)c1ccccc1NS(=O)(=O)c1ccccc1	1.0	1	0.99	0.988
10	CC(=O)c1ccc(OCc2ccccc2)cc1C(C)(C)C	1.0	1	0.984	0.987
10	COc1ccc(S(=O)(=O)Nc2cccc(C)c2C)cc1N1CCCCC1	1.0	1	1.092	0.982
10	COc1ncc(F)c(Nc2nc(Cl)cnc2OC)n1	1.0	1	0.98	0.911
10	Cc1ccccc1NC(=O)C(C)Oc1cc(Cl)ccc1Cl	1.0	1	0.949	0.976
10	O=C(NCCc1ccccc1)c1ccccc1C(=O)c1cccnc1	1.0	0	0.836	0.988
10	Cc1ccccc1C(=O)Nc1ccc(C(=O)c2ccccc2)cc1	1.0	0	0.788	0.993
10	COc1ccc(S(=O)(=O)Nc2ccc(C(F)(F)F)cc2)cc1Nc1ncnc2cnc(N(C)C)nc12	1.0	0	0.0	0.935
10	CC(C)c1ccc(S(=O)(=O)Nc2cccc(C(N)=O)c2)cc1	1.0	0	0.889	0.989
10	Cc1ccc(OCc2ccc(NC(=O)c3cccc(F)c3)cc2)cc1	1.0	0	0.7	0.992
10	O=C(c1coccc1C(=O)c1ccccc1)c1ccccc1	0.0	0	0.0	0.0
10	COc1ccc(C(=O)Nc2cccc(O)c2)cc1-c1ccccc1	1.0	0	0.832	0.991
10	CCC(C)(C)c1ccc(C2CCN(C)CC2CCO)cc1	1.0	1	0.918	0.845
10	CCCCCc1ccc(S(=O)(=O)Nc2ccccc2CC(C)C)cc1	1.0	0	0.886	0.985
10	Cc1ccccc1C(=O)NC(C)c1ccccc1	1.0	1	0.942	0.987
10	Cc1nn(C(C)C)c(C)c1NS(=O)(=O)c1ccc(F)c(F)c1Cl	1.0	1	0.934	0.942
10	O=C(Nc1cccc(C(=O)Nc2ccc(C(=O)O)cc2)c1)C(=O)c1ccccc1N1C(=O)CC1	1.0	0	0.0	0.972
10	O=C(c1ccncc1)c1ccc2nc(-c3ccccc3)c(-c3ccco3)nc2c1	1.0	0	0.797	0.971
10	Cc1ccccc1C(=O)Nc1ccc(S(=O)(=O)N(C)c2ccccc2)cc1[SiH]1CC1	1.0	0	0.705	0.925
10	COc1ccc(CC(=O)Nc2ccccn2)cc1	1.0	1	1.015	0.992
10	O=C(NC(=O)c1ccccc1)c1ccc(Br)cc1	1.0	0	0.818	0.994
10	COc1ncc(N(C(=O)c2cc(C(F)(F)F)cc(C(F)(F)F)c2)c2ccc(F)cc2)cn1	1.0	0	0.0	0.93
10	c1ccc(C(c2ccccc2)c2ccccc2)cc1	1.0	1	1.117	0.997
10	CCCCC(=O)Nc1ccc(C)c(C(=O)c2cccc(C)c2)c1	1.0	1	0.912	0.989
10	CC(=O)N(c1ccc(F)cc1)C1CCN(C)CC1	1.0	1	1.125	0.977
10	Cc1nc(NS(=O)(=O)c2ccccc2)nc(C)c1Cl	1.0	1	0.961	0.977
10	Cc1ccc(Cl)c(NC(=O)Nc2ccccc2)c1Cl	1.0	0	0.87	0.989
10	O=C(CC(=O)Nc1cccc(F)c1)NNc1ccc(F)cc1	1.0	0	0.754	0.985
10	CC(=O)C(C(=O)c1ccccc1)C(=O)c1ccc(Cl)cc1Cl	1.0	1	1.083	0.949
10	COc1ccc(C(=O)C(=O)c2cc(F)ccc2Cl)c(OC)c1	1.0	1	1.017	0.981
10	O=C(C1CCC(=O)N(Cc2ccccc2)C1)Nc1ccccc1	1.0	1	0.965	0.976
10	O=S(=O)(NCc1ccccn1)c1ccc(Cl)c(Cl)c1	1.0	1	0.994	0.986
10	COc1ccc(NC(=O)C(=O)c2cc(C)n(-c3cccc(C)c3)c2)cc1Cl	1.0	0	0.833	0.966
10	CCOc1ccc(S(=O)(=O)Nc2ccc(Cl)cc2N2CCCCC2)cc1	1.0	1	1.101	0.984
10	O=S(=O)(c1cccc(Cl)c1)N1CCC(Cc2ccccc2)CC1	1.0	0	0.809	0.987
10	Cc1ccc(C)n1NS(=O)(=O)c1ccccc1C	1.0	1	1.011	0.963
10	c1ccc(N2CCN(c3ccccc3)CC2)cc1	1.0	1	0.977	0.996
10	Cc1ccc(S(=O)(=O)NC(=O)NCCCN2CCCC2=O)cc1	1.0	0	0.75	0.978
10	O=C(O)c1cc(Cl)cc(Cl)c1Oc1ccc(Cl)cc1S	1.0	1	0.956	0.958
10	O=S(=O)(c1cc(Cl)ccc1Cl)n1ccc2ccccc21	1.0	1	1.082	0.98
10	CSc1nc2ccccc2c2c1c(=O)n(C)c2N	0.0	0	0.0	0.0
10	N#CCc1cccc(Oc2ccc(F)cc2)c1	1.0	1	1.005	0.988
10	Cc1nc(N)nc(N)c1C(=O)c1ccc(F)cc1	1.0	1	1.189	0.976
10	Cc1ccccc1C(=O)Nc1ccc(C(=O)c2cccc(C(F)(F)F)c2)cc1	1.0	0	0.763	0.987
10	COc1nccnc1NS(=O)(=O)c1cccc(Cl)c1	1.0	1	1.031	0.977
10	O=C(O)c1cccnc1Oc1ccccc1	1.0	1	0.933	0.991
10	Cc1cc(OC(=O)c2ccccc2)c(S(C)(=O)=O)cc1C	1.0	1	0.905	0.985
10	CCC(CC)(Cc1ccc(O)cc1)C(=O)c1ccccc1	1.0	1	0.936	0.972
10	CC(=O)c1ccc(N(C(=O)c2ccco2)S(C)(=O)=O)cc1	1.0	1	0.96	0.971
10	O=C(C1CCCCC1)N(c1ccccc1)c1ccccc1	1.0	1	1.133	0.987
10	O=C(c1ccc(Cl)cc1)c1ccc2ncccc2c1	1.0	1	1.165	0.991
10	O=C(c1ccnnc1)N1CCC(Cc2ccccc2)CC1	1.0	0	0.896	0.979
10	CCOC(=O)c1ccc(OC(=O)c2ccccc2)cc1	1.0	1	0.904	0.994
10	CC(=O)C=C1C(=O)CC(c2ccccc2)C1=O	1.0	1	1.127	0.877
10	O=C1CCCCCN1C(=O)c1ccccc1	1.0	1	0.956	0.99
10	Cc1ccccc1C(=O)Nc1ncc(SCc2cccc(Cl)c2)s1	1.0	0	0.772	0.978
10	CCOc1ccccc1NS(=O)(=O)c1ccc(Cl)cc1NS(C)(=O)=O	1.0	1	1.046	0.979
10	CC(=O)c1ccc(OCC(=O)N(C)C)cc1	1.0	0	0.883	0.991
10	CC(=O)NC(c1ccc(F)cc1)c1ccc(Cl)cc1	1.0	1	1.162	0.976
10	O=C(c1cc(Cl)ccc1Cl)c1ccc(F)cc1	1.0	1	0.998	0.992
10	O=C(CSCc1ccccc1)N1CCc2ccccc21	1.0	1	0.99	0.987
10	Cc1ccc(C(=O)c2ccc(F)cc2)cc1C	1.0	1	1.021	0.994
10	O=C(c1ccc(Cl)nc1)c1cccc(NC(=O)c2ccccc2)c1	1.0	0	0.855	0.988
10	Cc1nc2c(ccc3cccnc32)c(=O)n1Cc1ccco1	1.0	1	1.163	0.969
10	CC(C)CN(C(=O)c1ccc(Cl)cc1)c1ccc(Cl)cc1	1.0	1	1.116	0.987
10	CC(=O)c1ccc(OCC(=O)c2ccc(Cl)cc2)cc1	1.0	1	0.993	0.992
10	Cc1ccc(CC(=O)c2ccc(F)cc2)cc1	1.0	1	1.178	0.994
10	Cc1ccc(CN2C(=O)CC(=O)NC2=O)cc1	1.0	1	1.096	0.981
10	COc1ccc(C(=O)CCc2cccc(Cl)c2)cc1	1.0	1	1.034	0.993
10	O=C(NCc1ccccc1)c1c(Cl)cccc1Cl	1.0	1	0.932	0.993
10	Cc1ccc(C(=O)CCN)cc1	1.0	0	0.817	0.991
10	CC(=O)c1ccc(C(=O)Nc2ccccc2C(=O)c2ccccc2)cc1p	0.0	0	0.0	0.0
10	Cc1ccccc1NS(=O)(=O)c1cc(C)ccc1O	1.0	1	0.98	0.987
10	COc1nccnc1NS(=O)(=O)c1ccc(Cl)c(Cl)c1Cl	1.0	1	1.037	0.958
10	CC(=O)C(=O)N(c1ccccc1Cl)c1ccccc1	1.0	1	1.213	0.979
10	COCCCNCc1ccc(Cl)cc1Cl	1.0	0	0.853	0.988
10	Cc1cccc(Cn2cnc(Cl)c2-c2cc(Cl)ccc2NS(=O)(=O)c2cccc(NCC(C)C)c2)c1	1.0	0	0.0	0.94
10	CCOc1ccc(C(=O)c2ccccc2)cc1	1.0	1	1.054	0.995
10	Cc1ccc(C(=O)c2ccc(Cl)cc2)cc1F	1.0	1	1.019	0.993
10	Cc1cccc(Nc2nc(C)nn(C(C)C3CCCCC3)c2=O)c1	1.0	1	0.997	0.899
10	Oc1nc2ccccc2n1Cc1ccccc1Cl	1.0	1	1.142	0.982
10	Cc1cccc(S(=O)(=O)NCc2ccc(F)cc2)c1	1.0	1	0.987	0.991
10	CC(=O)c1ccccc1NS(=O)(=O)c1ccccc1C(F)(F)F	1.0	1	1.036	0.984
10	O=S(=O)(c1ccc(C(=O)c2ccccc2)cc1)c1ccccn1	1.0	0	0.811	0.986
10	O=C(c1ccccn1)c1c(Cl)cncc1Cl	1.0	1	0.934	0.969
10	O=C(C(=O)c1cccc(Cl)c1Cl)Nc1ccccc1Cl	1.0	0	0.883	0.986
10	Cc1cccc(NC(=O)CCc2ccc(OC)cc2)c1	1.0	1	0.915	0.994
10	COc1cccc(C2NC(=O)c3ccccc3O2)c1	1.0	1	0.945	0.949
10	COc1ccccc1Oc1ccc(N2C(=O)CCC2=O)cc1	1.0	1	0.912	0.987
10	Cc1ccc(C(=O)c2cccc(Cl)c2N)c(N)c1	1.0	1	0.97	0.98
10	O=C(O)c1ccc(F)cc1NS(=O)(=O)c1ccc(Cl)cc1C(F)(F)F	1.0	1	0.988	0.975
10	Cc1ccc(S(=O)(=O)Nc2ccc(Cl)c(Cl)c2)cc1	1.0	1	0.997	0.992
10	CC(=O)c1ccc(S(=O)(=O)Nc2ccc(F)cc2)cc1[CH2-]	1.0	0	0.0	0.969
10	O=C(c1cccnc1)c1ccccc1NS(=O)(=O)c1ccccc1C(F)(F)F	1.0	1	1.0	0.976
10	O=C(CCC(=O)N1CCCC1)Nc1ccc(Cl)cc1N1C(=O)c2ccccc2C1=O	1.0	0	0.841	0.976
10	CC(=O)Nc1ccc(S(=O)(=O)Nc2cccc(Cl)c2)cc1	1.0	0	0.873	0.991
10	O=C(NC(=O)c1ccccc1)c1ccccc1	1.0	0	0.874	0.995
10	CC(=O)c1ccc(NC(=O)c2ccc(C)cc2)cc1	1.0	0	0.854	0.995
10	COc1ccc(CC(=O)Nc2ccc(C)cc2)cc1	1.0	1	0.953	0.995
10	CN(C)C(=O)c1ccc(C(=O)c2ccc(Cl)cc2)cc1	1.0	1	0.964	0.992
10	COc1ncccc1NS(=O)(=O)c1cccc(Cl)c1C	1.0	1	1.012	0.98
10	C=CCOc1ccc(O)cc1-c1cccc(O)c1	1.0	1	0.907	0.979
10	CN1C(=O)c2cccnc2NC1=O	1.0	0	0.843	0.973
10	COc1ccc(OCc2cccnc2)cc1C#CC1(C(N)=O)CC1	1.0	0	0.739	0.936
10	O=S(=O)(Nc1ccccc1Cl)c1ccc(Cl)cc1NS(=O)(=O)c1ccc(F)cc1	1.0	1	1.049	0.98
10	O=C(c1ccc(Cl)nc1)N(c1ccc(Cl)cc1)S(=O)(=O)c1cccc(Cl)c1Cl	1.0	1	1.021	0.963
10	COc1ccc(CC(=O)c2ccc(N(C)C)cc2)cc1	1.0	1	1.071	0.991
10	CCc1ccc(C)n1NS(=O)(=O)c1ccc(Cl)cc1	1.0	1	1.0	0.96
10	O=C(O)c1cc(C(=O)c2ccccc2)ccc1Cl	1.0	1	0.93	0.992
10	CCCC(=O)N1CCc2cc(OC)c(OC)cc2C1Cc1ccc(O)cc1	1.0	1	0.915	0.935
10	COc1ncc(Cl)cc1NS(=O)(=O)c1ccc(C)c(Cl)c1	1.0	1	1.048	0.977
10	COc1ccc(S(=O)(=O)NCCc2ccccc2)cc1[Si](C)[O-]	1.0	0	0.0	0.944
10	CCOC(=O)c1ccc(Sc2ccc(Cl)cc2)cc1	1.0	1	0.986	0.99
10	CCC1(F)CC(=O)c2ccccc2C1=O	1.0	0	0.83	0.868
10	CC(=O)c1cccc(C(F)(F)F)c1	1.0	1	0.901	0.991
10	COc1ccc(C=NNC(=O)c2ccc(Cl)cc2)cc1	1.0	1	0.905	0.991
10	Cc1ccc(Cn2cc(C(=O)NCc3ccc(Cl)cc3)cn2)cc1	1.0	0	0.798	0.987
10	CNC(=O)c1ccc(F)c(Nc2ncc(Cl)c(NC)n2)c1	1.0	0	0.843	0.969
10	O=C(c1ccc(Cl)c(Cl)c1)N1CCC(Cc2ccccc2)CC1	1.0	0	0.873	0.989
10	CC(C)c1ccc(NC(=O)c2ccc(C)c(C)c2)cc1	1.0	0	0.84	0.993
10	Cc1ccc(S(=O)(=O)Nc2ccc(Cl)cc2Cl)cc1	1.0	1	1.05	0.991
10	Cc1nc(N)nc(N)c1CNc1ccc(C(C)C)cc1	1.0	1	1.154	0.972
10	O=C(c1ccc(Cl)c(Cl)c1)N1CCCC1CO	1.0	1	1.006	0.966
10	O=C(CNS(=O)(=O)c1ccc(Cl)cc1)NO	1.0	0	0.9	0.983
10	COc1ncc(Cl)cc1C(=O)N1CCCCC1c1ccccc1	1.0	1	1.17	0.951
10	Cc1cc(F)ccc1NC(=O)CC1NCCCCC1	1.0	1	0.93	0.955
10	COc1cc2c(Oc3ccc(NC(=O)c4ncccn4)cc3)ccnc2cc1O	1.0	0	0.896	0.965
10	O=C(CCCCCNc1ccccc1N)NO	1.0	0	0.781	0.982
10	Fc1ccc(COCCc2ccccc2)cc1	1.0	1	0.955	0.994
10	Cc1ccc(CSc2ccccc2)c2ncccc12	1.0	1	1.072	0.985
10	Cc1ccc(C(=O)c2cc(Cl)ccc2NS(=O)(=O)c2ccccc2)cc1	1.0	1	1.065	0.988
10	Cc1ccc(S(=O)(=O)NCCCc2cccs2)cc1	1.0	1	1.071	0.986
10	CC(C)(CN)COC(c1ccccc1)c1ccccc1Cl	1.0	1	0.923	0.924
10	c1ccc(Oc2cccc(Cl)c2)cc1	1.0	1	0.927	0.995
10	O=C(C(=S)N1CCCC1)c1ccc(Cl)cc1	1.0	1	0.999	0.976
10	Cc1nc(SC(C)(C)C)c(C#N)c(N)n1	1.0	0	0.817	0.905
10	COc1ccc(NC(=N)N)cc1Cl	1.0	0	0.796	0.983
10	O=C(c1ccc(Cl)cc1)c1ccccn1	1.0	1	0.962	0.992
10	O=C(O)c1cccnc1Nc1ccc(F)cc1	1.0	1	0.94	0.99
10	O=C(CSc1ncnc2ccccc12)Nc1ccccc1	1.0	1	0.929	0.989
10	O=S(=O)(Nc1cc(Cl)ccc1Cn1cnnn1)c1cccc(Cl)c1	1.0	1	1.232	0.966
10	Cc1ccc(S(=O)(=O)c2ccc(Br)cc2)cc1	1.0	0	0.806	0.992
10	CC(=O)c1ccc(NC(=O)COc2ccccc2)cc1	1.0	0	0.844	0.994
10	COc1ccccc1NS(=O)(=O)c1ccc(Cl)cc1	1.0	1	1.094	0.993
10	O=S(=O)(Nc1ccc(Br)cn1)c1ccc(Cl)cc1	1.0	1	0.966	0.986
10	COc1nc(SC)nc(N(C)C)n1	1.0	0	0.835	0.937
10	COc1ccccc1C(=O)N1CCN(C)CC1	1.0	1	0.97	0.992
10	CCC1OC(O)=C2C1=NC1=C(C(=O)C(O)C2N)C(=O)C1	1.0	0	0.791	0.153
10	CC(=O)c1cccc(NS(=O)(=O)c2c(C)[nH]c(C)c2C)c1	1.0	0	0.878	0.97
10	CN(C)C(=O)c1cccnc1NCC(=O)c1ccccc1	1.0	0	0.877	0.982
10	Cc1ccc(NC(=O)c2cccc(F)c2)cc1	1.0	0	0.859	0.995
11	CCC=C(C)c1cc(C)nc(C)c1Oc1ccc(Cl)cc1	1.0	1	1.006	0.961
11	O=C(c1ccc(Cl)cc1)N(c1ccccc1)c1ccccc1	1.0	1	1.175	0.99
11	O=S(=O)(Nc1ccc(F)cc1)c1cccc(Cl)c1Cl	1.0	1	0.982	0.989
11	O=C(c1ccc(Cl)cc1)N1CCN(Cc2ccccc2)CC1	1.0	0	0.893	0.993
11	Cc1ccc(S(=O)(=O)Nc2ccc(Cl)cc2)cc1Cl	1.0	1	0.968	0.991
11	Cc1cccc(Nc2c(F)cccc2Cl)c1	1.0	1	0.955	0.99
11	CCc1nc2onc(O)c2c2cccc12	0.0	0	0.0	0.0
11	Cc1ccc2c(ccc(=O)n2CC(=O)c2ccc(F)cc2)c1	1.0	1	1.042	0.985
11	Cc1ccc(S(=O)(=O)NCCCCCCCc2ccccc2)cc1	1.0	0	0.733	0.99
11	O=C(C1CCCCC1)N1CCC(NS(=O)(=O)c2cccc(F)c2)C1	1.0	0	0.897	0.948
11	Cc1ccc(F)c(NS(=O)(=O)c2ccc(Cl)cc2)c1C	1.0	1	1.05	0.985
11	CC(=O)c1ccc(S(=O)(=O)Nc2ccc(Cl)cc2N)cc1	1.0	1	0.906	0.987
11	CC(C)C(=O)c1c[nH]c(C(=O)NCc2ccccc2)c1N	1.0	1	0.903	0.964
11	COc1cccc(NC(=O)C(=O)c2ccncc2)c1	1.0	1	0.953	0.987
11	CCC(C)Oc1ccccc1N1CCN(C(=O)c2ccc(Cl)cc2)CC1	1.0	0	0.873	0.965
11	CC(=O)c1ccc(S(=O)(=O)NNc2ccccc2)cc1	1.0	1	0.943	0.987
11	Cc1cc(C)c(S(=O)(=O)NC(CCCNC(=O)Nc2ccccc2)c2ccccc2)cn1	1.0	0	0.0	0.926
11	Cc1ccc(C(=O)c2cc(Cl)ccc2NS(=O)(=O)c2ccccc2)cc1	1.0	1	1.065	0.988
11	NC(=O)c1cc(-c2ccccc2Cl)nc2ncccc12	1.0	1	0.911	0.979
11	c1ccc(OCc2nc(OCCC3CC3)nc(O)c2Cc2ccccc2)cc1	1.0	1	0.99	0.959
11	O=C(O)c1cccc(OCc2ccccc2)c1N	1.0	1	0.909	0.991
11	Cc1cccc(NS(=O)(=O)c2ccc(C(=O)c3ccccc3)cc2)c1	1.0	0	0.82	0.991
11	COc1ccc(NC(=O)C(c2ccccc2)c2ccccc2)cc1	1.0	1	0.989	0.992
11	COc1cccc(Sc2ccc(Cl)cc2)c1	1.0	1	1.073	0.99
11	O=C(O)CCn1ccc(Cn2c(Cl)ccc2Cl)c(N)n12	0.0	0	0.0	0.0
11	CC(=O)c1ccc(S(=O)(=O)NC2CCCCC2)cc1[SiH2]1	0.0	0	0.0	0.0
11	COC(=O)C1CCc2ccccc2N1Cc1ccccc1	1.0	1	1.111	0.965
11	COc1cccc(NS(=O)(=O)c2ccc(N)cc2)c1	1.0	1	0.981	0.991
11	Cc1ccc(S(=O)(=O)N(Cc2ccc(Cl)cc2)c2cccc(C)c2O)cc1	1.0	1	1.05	0.979
11	Cc1ccccc1C(=O)NCc1ccc(F)cc1	1.0	1	0.942	0.995
11	COc1ccc(OC)c(NS(=O)(=O)c2ccc(Cl)c(Cl)c2)c1	1.0	1	1.045	0.988
11	CS(=O)(=O)c1ccc(C(=O)c2ccccc2)cc1	1.0	1	0.967	0.993
11	CC(C)(C)c1ccc(C(=O)c2cc(Cl)ccc2NS(C)(=O)=O)cc1	1.0	1	0.959	0.983
11	COc1ccccc1S(=O)(=O)c1ccccc1	1.0	1	0.927	0.993
11	Cc1ccc(C(=O)NC2CCCCN(C)C(=O)c3ccc(C)n3C2)cc1	1.0	0	0.889	0.828
11	COc1ccc(S(=O)(=O)NC(=O)c2ccc(Cl)cc2Cl)cc1	1.0	1	0.918	0.988
11	COc1ccc(N(C(=O)c2cccc(Cl)c2)S(=O)(=O)c2ccccc2)cc1	1.0	1	0.966	0.984
11	Cc1ccc(S(=O)(=O)Nc2cccc(C)n2)cc1-c1ccc(Cl)cc1Cl	1.0	1	1.077	0.977
11	O=C(c1cccnc1)c1cc(F)ccc1Sc1ccc(F)cc1F	1.0	1	1.121	0.97
11	Cc1cc(=O)cc(C)n1-c1ccc(Cl)cc1	1.0	1	1.172	0.982
11	O=C(Nc1ccc(Oc2ccccc2)cc1)c1ccccc1	1.0	0	0.829	0.995
11	O=C(COc1ccccc1)N1CCCCC1c1ccc(Cl)cc1	1.0	1	0.993	0.974
11	O=C(c1ccc(Cl)cc1)C1(CC(F)(F)F)Oc2ccccc2C1=O	1.0	1	1.18	0.857
11	Cc1nnc(CNc2cc(OCC(Cl)(F)F)ccc2Cl)n1-c1ccc(Br)cc1	1.0	1	0.902	0.937
11	Cc1nc(N)nc(N)c1C#Cc1cccc(C(F)(F)F)c1	1.0	0	0.897	0.948
11	CC(=O)N1CCN(c2ccccc2NC(=O)c2ccccc2Cl)CC1	1.0	0	0.884	0.988
11	Cc1ccc(C(=O)c2cc(Cl)ccc2NS(=O)(=O)c2cccc(Cl)c2)cn1	1.0	1	0.969	0.978
11	O=S(=O)(Nc1ccc(Cl)c(Cl)c1)c1ccc(Cl)cc1	1.0	1	1.001	0.991
11	Cc1cc(C(=O)c2ccccc2)nn1C	1.0	1	0.924	0.985
11	Cc1ccc(Cl)cc1NC(=O)c1cccc2ccccc12	1.0	0	0.894	0.993
11	COC(=O)Nc1ccc(SC(=O)c2ccccc2)cc1	1.0	0	0.886	0.984
11	Cc1cccc(C(=O)NCc2cccc(C(F)(F)F)c2)c1	1.0	0	0.893	0.991
11	O=S(=O)(Nc1ccc2ccccc2c1)c1ccc(F)cc1	1.0	1	0.968	0.992
11	O=c1ccn(Cc2ccc(Cl)cc2)c(=O)n11	0.0	0	0.0	0.0
11	COc1ccc(C(C)(C)C)cc1Cc1nc(C)no1	1.0	1	0.97	0.972
11	CC(C)(C)c1ccc(C(=O)N(C)Cc2ccc(Cl)cc2)cc1	1.0	1	1.201	0.99
11	CCOC(=O)c1cc(C(=O)N2CCCC2)c2ccccc2n1	1.0	1	1.01	0.985
11	CCn1c(S)c2nnc(-c3ccc(F)cc3)n2c1=O	0.0	0	0.0	0.0
11	O=S(=O)(c1ccccc1)c1ccc(Cl)cc1Sc1ccccc1Cl	1.0	1	1.072	0.978
11	CCCC(c1nnnn1Cc1ccc(C)cc1)N1CCC(C)CC1	1.0	1	1.009	0.933
11	CC(=O)c1cccc(NS(=O)(=O)c2ccc(Cl)c(C)c2)c1	1.0	1	0.935	0.988
11	O=C(C1=CCCc2ccccc21)c1ccccn1	1.0	1	1.046	0.965
11	CC(C)(C)c1ccc(NC(=O)c2ccc(Cl)cc2Cl)cc1	1.0	0	0.863	0.991
11	Clc1ccc(N2CCN(Cc3ccccc3)CC2)cc1N1CCCC1	1.0	0	0.891	0.986
11	CC(=O)c1ccc(NC(=O)c2ccc(C)cc2)cc1	1.0	0	0.854	0.995
11	CCc1cccc(NS(=O)(=O)c2cccc(C(=O)Nc3ccccc3)c2)c1	1.0	0	0.798	0.989
11	CCCOc1ccc(S(=O)(=O)Nc2cc(F)ccc2C)cc1	1.0	0	0.879	0.989
11	COc1ccc(F)cc1C(=O)N1CCCCC1c1ccccc1	1.0	1	1.222	0.971
11	O=S(=O)(NCc1ccc(Cl)cc1)c1ccc(Cl)cc1	1.0	1	1.039	0.992
11	COCC(=O)OC(C)C1OC(n2ccc(C)c(=O)[nH]2)C(OC(C)=O)C1OC(C)C	0.0	0	0.0	0.0
11	Cc1c(Cl)cc(Cl)cc1NS(=O)(=O)c1ccc(Cl)cc1	1.0	1	1.065	0.986
11	CCCCOc1ccc(C(=O)NCCc2ccccc2)cc1	1.0	0	0.769	0.993
11	Nc1ncccn1	1.0	0	0.612	0.979
11	COc1ccc(C(=O)Nc2ccc(C)cc2)cc1	1.0	1	0.919	0.996
11	Cc1cccc(NS(=O)(=O)c2ccc(Cl)c(Cl)c2)c1	1.0	1	0.991	0.99
11	NS(=O)(=O)c1ccc(Cl)cc1	1.0	0	0.71	0.994
11	Cc1ccccc1C(=O)Nc1ccc(S(=O)(=O)Nc2ccccc2)cc1	1.0	0	0.697	0.991
11	Cc1ccccc1Oc1cccnc1N	1.0	1	0.976	0.987
11	CCc1nc(C)c(C(=O)O)n1Cc1ccc(-c2ccccc2-c2nc[nH]n2)cc1	1.0	0	0.788	0.925
11	COc1ccc(C(=O)c2cccc(F)c2)cc1OC	1.0	1	1.041	0.992
11	O=C(c1ccc(F)cc1)c1cc(Cl)ccc1Cl	1.0	1	0.998	0.992
11	CC1(C)CC(=O)N(c2ccc(Cl)cc2)C(=O)C1=O	1.0	1	1.046	0.969
11	O=S(=O)(Nc1ccc(C(F)(F)F)cc1)c1ccc(Cl)cc1	1.0	1	0.961	0.99
11	Cc1ccccc1C(=O)N1CCCCCC1	1.0	1	1.008	0.993
11	Cc1cccc(C(=O)Oc2ccccc2-c2ccccc2)c1Cl	1.0	1	1.183	0.988
11	O=C(O)Cc1ccccc1Oc1ccccc1	1.0	1	1.043	0.993
11	CC(C)(C)c1cc(C(=O)Nc2ccc(C(=O)N3CCCCC3)cc2)ccc1Cl	1.0	0	0.692	0.984
11	Cc1cncn1Cc1cccc(-c2ccccc2)c1	1.0	1	0.966	0.986
11	O=C(c1cccc(C(F)(F)F)c1)N1CCOCC1	1.0	1	0.951	0.988
11	CONC(=O)c1ccccc1Cc1ccccc1	1.0	1	1.128	0.989
11	O=C(Nc1ccc(NC(=O)c2ccc(C(F)(F)F)cc2)cc1)c1ccccc1	1.0	0	0.67	0.991
11	Cc1n[nH]c(C)c1NS(=O)(=O)c1ccc(F)cc1	1.0	1	0.955	0.979
11	O=C(c1cccnc1)c1cccc(OCc2ccccc2)c1	1.0	0	0.873	0.99
11	CC1CCC2C(=O)C3CCCCC3C(=O)CCCC2C1CC1(Cc2ccc(C(=O)O)cc2)OC1=O	1.0	0	0.0	0.137
11	O=C(c1cccnc1)c1cc(F)ccc1Oc1ccc(Cl)cc1F	1.0	1	1.006	0.98
11	O=C(CC(=O)c1cc(Cl)ccc1Cl)NOC(=O)c1ccccc1	1.0	0	0.786	0.975
11	Cc1nc(N)nc(C)c1Cc1c(Cl)cccc1Cl	1.0	1	1.01	0.97
11	CCCCCSc1nnc(-c2ccccc2Cl)n1Cc1ccc(F)cc1F	1.0	0	0.846	0.975
11	CCc1nc(C)nn1C(c1ccc(Cl)cc1)c1ccc(Cl)cc1C	1.0	1	1.111	0.91
11	Cc1ccc(C(=O)c2cc(Cl)ccc2NS(=O)(=O)c2ccccc2)cc1	1.0	1	1.065	0.988
11	Cc1cccc(C(=O)Nc2cccc(C(=O)c3ccccc3)c2)c1	1.0	0	0.845	0.992
11	Cc1cc(C)cc(S(=O)(=O)Nc2ccc(Cl)cc2)c1	1.0	1	0.952	0.989
11	O=Cc1ccc(O)cc1Cl	1.0	0	0.743	0.975
11	Cc1ncccc1C(=O)c1ccc(Cl)cc1Cl	1.0	1	1.054	0.985
11	CC(=O)C1=C(O)C(=O)NC1c1ccc(Sc2ccccc2)c(C(=O)O)c1	1.0	0	0.876	0.889
11	Cc1ccc(F)c(NC(=O)c2ccc(Cl)cc2)c1	1.0	1	0.908	0.994
11	O=S(=O)(Nc1ncc(F)c(-c2ccccc2)c1)(C(F)(F)F)C1CC1	0.0	0	0.0	0.0
11	CCCCCC(=O)c1ccc(O)cc1	1.0	1	0.917	0.992
11	O=C(Nc1ccc(Cl)cc1)c1ccccc1Cl	1.0	0	0.9	0.995
11	COc1cc(C(C)(C)C)ccc1C(=O)c1ccc(O)cc1	1.0	1	0.943	0.986
11	COc1ccc(S(=O)(=O)Nc2ccccc2C(=O)Nc2ccc(Cl)cn2)cc1[IH2]	1.0	0	0.0	0.946
11	COc1ncc(Cl)cc1NS(=O)(=O)c1ccccc1	1.0	1	1.107	0.984
11	CC(C)C1C(=O)Nc2ccccc2N1C(=O)c1ccccc1	1.0	1	0.986	0.952
11	CC(COc1ccccc1)OC(=O)c1ccc(Cl)cc1	1.0	1	0.915	0.978
11	NOc1ccccc1	1.0	0	0.641	0.986
11	CCc1ccc2nc(O)c(CSc3nc(C)nc(C)c3)c2cc1	1.0	1	0.997	0.94
11	Cc1ncc(Cl)cc1C(=O)c1ccc(Cl)cc1	1.0	1	1.058	0.986
11	O=C(c1ccccc1)c1ccc(F)cc1NS(=O)(=O)c1ccc(F)cc1	1.0	1	1.121	0.987
11	Cc1cc(O)c(C(=O)c2cc(C)ccc2O)c(C(=O)c2ccccc2)c13	0.0	0	0.0	0.0
11	O=C(c1ccccc1Cl)c1ccc(Cl)cc1Cl	1.0	1	0.995	0.992
11	CCn1c(Cn2nc(C)c(Cl)c2C)nn(Cc2ccccc2)c1=O	1.0	1	1.008	0.963
11	O=S(=O)(NO)c1ccc(F)cc1	1.0	0	0.759	0.984
11	COc1ccc(Cc2ccccc2)cc1OC	1.0	1	1.099	0.995
11	Cc1ncc([N+](=O)[O-])n1Cc1ccc(Cl)cc1	1.0	1	1.101	0.975
11	Cc1ccc(C(=O)CCN2CCCCC2)cc1	1.0	1	1.16	0.991
11	O=S(=O)(Cc1ccccc1)NS(=O)(=O)c1ccc(Cl)cc1	1.0	1	0.919	0.983
11	O=S(=O)(c1cccc(Cl)c1)N1CCCCC1	1.0	1	0.925	0.991
11	CC(C(=O)c1cccnc1)c1ccc(Cl)cc1	1.0	1	1.088	0.964
11	CCc1c(C)c2ccc(Oc3ccc(Cl)cc3)c(C)c2o1	1.0	1	1.205	0.975
11	CC(CN1CCCCC1)Oc1ccc(F)cc1	1.0	1	1.011	0.969
11	Cc1ccc(C)c(NC(=O)CSc2nc(O)c(C(C)C)c(C)n2)c1	1.0	0	0.798	0.966
11	CC(C(=O)c1ccccc1)N1CCOCC1	1.0	1	1.024	0.974
11	Cc1ccc(C)c(-c2nc[nH]n2)c1	1.0	0	0.862	0.916
11	O=C(c1cc(Cl)ccc1Cl)c1ccccc1Cl	1.0	1	0.973	0.991
11	COc1ccc(C(c2ccc(C)cc2)C(C)C)cc1O	1.0	1	1.017	0.957
11	CC(C)(Cc1ccc(Cl)cc1)NCC(=O)c1ccc(Cl)cc1	1.0	1	0.918	0.982
11	Cc1ccccc1NS(=O)(=O)c1cccc(Cl)c1	1.0	1	1.027	0.992
11	CC(=O)C1=C(C)OC(N)=C(C(C)=O)C1c1ccc(C)cc1	1.0	1	0.945	0.908
11	Cc1ccc(C(=O)CCC(=O)c2ccccc2)cc1C	1.0	1	0.958	0.992
11	Cc1ccc(C(=O)c2cc(I)ccc2NS(=O)(=O)c2ccccc2F)cc1	1.0	1	1.034	0.98
11	Cc1ncncc1NS(=O)(=O)c1ccc(Cl)c(F)c1Cl	1.0	1	1.015	0.939
11	O=S(=O)(Nc1ccc(F)c(Cl)c1)c1ccccc1	1.0	1	0.986	0.992
11	CN(CC(=O)Nc1ccc(C(=O)c2ccccc2)cc1)c1ccccc1	1.0	0	0.757	0.989
11	CCC(=O)c1ccc(OCC(=O)O)c2ccccc12	1.0	1	0.908	0.986
11	COc1nnc(C(=O)c2cccc(Cl)c2)c(N)n1	1.0	1	1.216	0.956
11	Cc1ccc(S(=O)(=O)NCCc2ccccc2)cc1C	1.0	1	1.016	0.991
11	CN(C(=O)c1ccccc1)c1ccccc1C#N	1.0	1	1.05	0.986
11	Cc1ccc(F)c(C(=O)Nc2ccc(Cl)cc2)c1	1.0	0	0.898	0.994
11	O=C(c1cccnc1)c1ccc(Cl)cc1	1.0	1	0.99	0.992
11	COc1ccc(C(=O)c2cc(F)cc(F)c2)cc1	1.0	1	1.06	0.991
11	COCCNC(=O)CCc1ccc(N)cc1	1.0	0	0.858	0.99
11	CC(C)CC(=O)N1CCN(Cc2ccc(F)cc2)CC1	1.0	0	0.877	0.989
11	CSc1nc(N)nc(N2CCCCCC2)n1	1.0	0	0.878	0.966
11	O=C(C1CC1)C1(c2ccc(F)cc2)CCNCC1	1.0	1	0.959	0.945
11	Nc1nc(Cc2ccccc2)cs1	1.0	1	0.928	0.986
11	Cc1ccc(S(=O)(=O)NC(=O)NCCc2ccccc2)cc1	1.0	0	0.86	0.99
11	O=C(C1=C(Nc2ccc(F)cc2)C(=O)c2ccccc21)NO	1.0	1	1.174	0.965
11	O=C(O)c1ccc(Cl)cn1	1.0	0	0.705	0.987
11	CC(C)(C)c1ccc(S(=O)(=O)Nc2ccc(Cl)cc2)cc1[c+]	0.0	0	0.0	0.0
11	CC(=O)c1ccc(OC(=O)c2cccnc2)cc1	1.0	1	0.993	0.99
11	Nc1ccc2nc(S)nc(O)c2c1	1.0	0	0.759	0.9
11	O=C(NC(=O)c1ccc(F)c(F)c1F)c1cccc(Cl)c1	1.0	0	0.884	0.983
11	Cc1cc(CCS(=O)(=O)c2c(Cl)cc(Cl)cc2F)c(F)cc1Cl	1.0	0	0.866	0.95
11	O=S1(=O)NC(Sc2ccccc2)=c2ccccc21	0.0	0	0.0	0.0
11	O=S(=O)(Nc1cccc(I)c1)c1ccc(Cl)cc1Cl	1.0	1	0.96	0.983
11	Cc1cccc(C(=O)NNC(=O)Cc2cccc(Cl)c2)c1	1.0	0	0.838	0.99
11	N#CC(=Cc1ccc(O)cc1)C(=O)c1c(F)c(F)c(F)c(F)c1F	1.0	1	1.033	0.942
11	CC(=O)c1ccc(N2C(=O)c3cccc(C)c3C2=O)cc1	1.0	1	1.05	0.985
11	COC(=O)c1ccc(Cl)c(NC(=O)Cc2ccc(F)cc2)c1	1.0	1	0.939	0.991
11	O=C(c1cccc(Oc2ccccc2)c1)c1ccccn1	1.0	1	0.949	0.99
11	O=C(O)c1ccccc1Oc1nccn1	0.0	0	0.0	0.0
11	O=S(=O)(Nc1cccc(Nc2ccccc2)c1)c1ccccc1	1.0	1	0.985	0.992
11	Oc1ccc(NC(=S)NC2CCCCC2)cc1	1.0	1	0.947	0.987
11	O=C(c1cccc(Cl)c1)N1CCCc2ccccc21	1.0	1	1.112	0.989
11	CC(=O)c1cccc(S(=O)(=O)Nc2cccc(O)c2C(=O)O)c1	1.0	1	0.931	0.98
11	CC(NS(=O)(=O)c1ccc(Cl)cc1)C(Cl)(Cl)c1ccc(Cl)cc1	1.0	1	1.105	0.921
11	COc1ccc(NC(=O)CCCCNC(=O)c2ccc(F)cc2)cc1	1.0	0	0.77	0.992
11	Cc1ccc(CNS(=O)(=O)c2ccc(F)c(F)c2)cc1	1.0	1	1.028	0.989
11	Cc1ccc(Cc2c(c(=O)oc3ccccc23)OC(C(=O)NCc2ccccc2)c2ccccc2)c1	0.0	0	0.0	0.0
11	COc1cccc(C(=O)Nc2ccc(C)c(F)c2)c1	1.0	1	0.902	0.993
11	COc1ccc(C(=O)O)cc1NS(C)(=O)=O	1.0	0	0.811	0.989
11	CC(=O)c1ccc(NS(=O)(=O)c2ccc(C)cc2)cc1	1.0	1	0.933	0.992
11	Cc1ccc(Cn2nc(C)c3ccc(Cl)cc32)cc1C	1.0	1	1.071	0.983
11	Cc1ccc(Cl)cc1NS(=O)(=O)c1ccc(F)cc1	1.0	1	1.07	0.991
11	Cc1cc(C(=O)NCc2ccc(F)cc2)c(C)o1	1.0	1	1.099	0.988
11	O=S(=O)(CCc1ccccc1)c1ccc(Cl)cc1	1.0	1	0.944	0.992
11	CS(=O)(=O)Nc1cccc(C#Cc2ccccc2)c1	1.0	0	0.839	0.983
11	CC(=O)c1ccc(S(=O)(=O)NCc2ccccn2)cc1	1.0	1	0.918	0.988
11	CC(C)(C)c1ccc(C(=O)Nc2ccc(C(=O)O)cc2)cc1	1.0	0	0.78	0.992
11	CC(C)Oc1cccc(C(=O)Nc2ccc(F)cc2)c1	1.0	0	0.868	0.993
11	Cc1ccc(C(=O)c2cc(Cl)ccc2NS(=O)(=O)c2cccc(F)c2)cc1	1.0	1	1.052	0.985
11	CCOc1ccc(C(=O)c2cc(Cl)ccc2NS(=O)(=O)c2ccc(F)c(Cl)c2)cc1	1.0	1	0.944	0.98
11	Cc1ccc(CNC(=O)c2ccc(F)cc2)cc1C	1.0	1	0.991	0.994
11	CC(=O)C(C)c1ccc(OC(=O)c2ccccc2)cc1	1.0	0	0.892	0.973
11	Oc1ccc(Cl)cn1	1.0	0	0.651	0.951
11	Cc1ccccc1Cn1nc(C)c(N=Nc2ccc(Cl)cc2)n1	1.0	1	1.029	0.932
11	O=S(=O)(c1cccc(Cl)c1)c1cc(I)ccc1	1.0	0	0.803	0.982
11	CCc1ccc(S(=O)(=O)Nc2ccc(C)cc2)cc1	1.0	1	0.932	0.993
11	COc1ccc(S(=O)(=O)NCc2ccccc2)cc1[B]c1ccccc1	1.0	0	0.0	0.95
11	O=S(=O)(Oc1ccccc1C(=O)c1ccccc1)c1cccc(F)c1[B]2	0.0	0	0.0	0.0
12	Nc1nccc(C)c1NCC(=O)c1ccc(Cl)cc1	1.0	1	1.015	0.975
12	COc1ccc(CNC(=O)CCCCCN)cc1	1.0	0	0.76	0.992
12	O=C(c1ccc(F)cc1)c1ccc2ncccc2c1Cl	1.0	1	1.17	0.986
12	CC(C)(C)c1ccc(S(=O)(=O)NCc2ccc(F)cc2)cc1	1.0	1	0.925	0.989
12	Cc1cccc(NS(=O)(=O)c2ccc(Cl)c(Cl)c2)n1	1.0	1	0.986	0.984
12	Cc1ccc(C(=O)CCNc2cccc(Cl)c2)cc1	1.0	1	0.907	0.99
12	O=C(c1cc(F)cc(Cl)c1)N1CCN(c2ccccn2)CC1	1.0	1	0.95	0.983
12	CC(=O)c1ccc(NC(=O)C(=O)c2ccccc2)cc1	1.0	0	0.883	0.992
12	c1ccc(Oc2ccc(-c3ccccc3)cc2)cc1	1.0	1	0.99	0.996
12	Cc1ccc(C(=O)CCC(=O)c2ccc(C)cc2)cc1	1.0	1	1.079	0.993
12	CC(C)c1cccc(S(=O)(=O)Nc2ccc(F)cc2)c1	1.0	1	0.908	0.99
12	Cc1nnnn1-c1ccc(Cl)cc1C(=O)Nc1ccc(Cl)cc1	1.0	1	0.952	0.982
12	O=S(=O)(c1ccc(Cl)cc1)n1cccn1	1.0	0	0.869	0.976
12	CC(=O)c1ccc2ccn(CC(N)CC(=O)c3ccccc3)c2c1	1.0	0	0.888	0.928
12	O=S(=O)(Nc1ccc(Cl)cc1)c1ccccc1	1.0	1	0.982	0.994
12	COc1nccnc1Cc1ccc(Cl)c(Cl)c1	1.0	1	1.059	0.973
12	CC(=O)C1=C(C)N(c2cccc(C(F)(F)F)c2)C(=O)NC1Cc1ccccc1	1.0	1	0.98	0.913
12	CN(C(=O)c1ccc(Cl)cc1Cl)C1CCCCC1	1.0	1	1.151	0.985
12	O=S(=O)(Cc1ccccc1)N1CCc2ccccc21	1.0	1	0.97	0.987
12	CCOC(=O)CNc1ccc(S(=O)(=O)N2CCCCCC2)cc1	1.0	0	0.819	0.985
12	CC(=O)c1ccc(S(=O)(=O)Nc2cccc(C)c2C)cc1	1.0	1	0.925	0.99
12	CC(=O)c1ccc(NC(=O)Cc2ccccc2)cc1	1.0	1	0.914	0.995
12	N#Cc1cccnc1N1CCCCCC1	1.0	1	0.986	0.982
12	CCOC(=O)C1=C(O)C(=O)N(Cc2ccc(O)cc2)C1C	1.0	1	1.032	0.93
12	Cc1ccc(C(=O)Nc2ccc(Cl)cc2)c2ncccc12	1.0	1	0.923	0.989
12	O=C(c1ccc(Cl)cc1)c1ccc(Cl)cc1NS(=O)(=O)c1ccc(F)cc1F	1.0	1	1.101	0.98
12	Cc1ccc(SCCNCC(O)c2cccc(Cl)c2)cc1	1.0	0	0.754	0.957
12	O=C(c1cccnc1Oc1ccccc1)c1ccccn1	1.0	1	1.053	0.984
12	O=C(CCc1ccccc1)Nc1ccc(Oc2ccccc2)cc1	1.0	0	0.803	0.994
12	CC(=O)c1cnc2cc(C)c(-c3ccc(F)cc3)c(O)c2c1	1.0	1	1.022	0.97
12	Cc1ccc(NS(=O)(=O)c2ccc(C(=O)N3CCCCC3)cc2)cc1	1.0	0	0.84	0.99
12	O=C(c1cc(Cl)ccc1Cl)c1ccc(Cl)cc1Cl	1.0	1	0.982	0.989
12	O=C(Cc1ccccc1)Oc1ccccc1	1.0	1	0.996	0.995
12	O=C(Cc1ccccc1)N1CCCCC1CO	1.0	1	0.995	0.974
12	Cc1ccc(C(=O)CCN2CCC(C)CC2)cc1	1.0	1	1.153	0.989
12	O=S(=O)(Nc1ccc(F)cc1)c1ccc(Cl)cc1	1.0	1	1.002	0.993
12	Cc1ccc(NC(=O)c2cc(Cl)cc(C(Cl)(F)F)c2)cc1	1.0	0	0.823	0.978
12	O=C(C1CCCC1)N(c1cccc(Cl)c1)S(=O)(=O)c1ccccc1	1.0	1	1.105	0.979
12	CC(=O)c1cccc(OC(=O)c2ccc(F)cc2)c1	1.0	1	0.922	0.992
12	Cc1ccc(S(=O)(=O)NCCN(C)C)cc1	1.0	0	0.881	0.989
12	Cc1ccccc1C(=O)c1ccccc1NS(=O)(=O)c1ccc(F)cc1	1.0	1	1.082	0.988
12	Cc1ccc(NC(=O)c2ccc(C)cc2Cl)cc1	1.0	0	0.895	0.994
12	Cc1ncc(C(=O)c2ccc(Cl)cc2)c2ccccc12	1.0	1	1.024	0.987
12	CCC(=O)c1ccc(CCC)cc1	1.0	0	0.807	0.993
12	O=C(C1CCCCC1)N(c1ccccc1)c1cccc(Cl)c1	1.0	1	1.11	0.983
12	O=S(=O)(c1ccc(Cl)cc1)c1ccccc1	1.0	0	0.844	0.994
12	Cc1cc2cc(C(=O)N3CCN(C)CC3)ccc2o1	1.0	1	1.14	0.981
12	CCC(=O)c1cccc(Oc2ccc(F)cc2C)n1	1.0	1	0.94	0.976
12	Cc1ccc(C(=O)c2cc(Cl)cc(Cl)c2Oc2ccc(C)cc2)cc1	1.0	1	1.122	0.984
12	Fc1cccc(Oc2ccncc2-c2ccncc2)c1	1.0	1	1.088	0.981
12	O=C(c1ccccc1)c1cccc(Oc2ccccc2)c1	1.0	1	0.959	0.994
12	CCCN(Cc1ccccc1)Cc1ccccc1-c1ccc(Br)cc1	1.0	0	0.9	0.987
12	Cc1ccc(C(=O)Nc2cccc(Br)c2)c(CNS(=O)(=O)c2ccc(F)cc2)c1	1.0	1	0.92	0.98
12	O=C(NCc1cccnc1)c1ccc(Cl)cc1	1.0	1	0.977	0.993
12	Cc1ccc(S(=O)(=O)c2ccc(C)cc2)cc1	1.0	0	0.847	0.994
12	CC(=O)c1ccc(OC2CCCCC2)cc1	1.0	1	0.988	0.99
12	CCOc1ccc(C(=O)Nc2ccc(C(C)=O)cc2)cc1	1.0	0	0.875	0.994
12	CC(=O)c1ccc(OS(=O)(=O)c2ccccc2)cc1	1.0	1	0.973	0.991
12	CCCc1nc(C)c(C(=O)c2ccccc2)n1Cc1ccc(F)cc1	1.0	1	1.117	0.98
12	O=C(NCc1ccc(Cl)cc1)c1ccnn1c1ccccc1	1.0	1	1.049	0.985
12	O=C(NCc1ccc(S(=O)(=O)Nc2ccccn2)cc1)Nc1cc(F)cc(F)c1	1.0	0	0.679	0.977
12	CC1(C)NC(=O)N(CCCc2ccccc2)C1=O	1.0	1	0.946	0.984
12	Cc1cc(C(=O)c2ccccc2)c(Cl)cc1N	1.0	1	1.037	0.988
12	COc1ccc(SCC(=O)NCc2ccccc2)cc1	1.0	1	0.947	0.993
12	CC(=O)N1CCCc2cc(C(=O)O)ccc21	1.0	0	0.788	0.985
12	CC(C)(C)c1ccc(C(=O)NCCc2ccccc2)cc1	1.0	0	0.847	0.993
12	O=C(c1ccc(Cl)nc1)N1CCCC(c2nc(O)c3ccccc3n2)C1	1.0	0	0.844	0.914
12	COc1ccc(S(=O)(=O)c2ccc(Cl)cc2)cc1O	1.0	1	0.974	0.988
12	CCOc1ccccc1C(=O)N1CC2CC3CCC(C1)N2C3	1.0	1	0.983	0.549
12	O=C(c1ccc2ncccc2c1Cl)N1CCCCCC1	1.0	1	1.142	0.984
12	Cc1cccnc1C(=O)N1CCCCCC1	1.0	1	0.94	0.987
12	CC(=O)c1ccc(Oc2ccc(C(=O)c3ccc(F)cc3)cc2)cc1	1.0	0	0.837	0.991
12	Cc1cccc(C(=O)c2ccc(Cl)cc2)c1NC1CCC1(C)O	1.0	1	0.998	0.867
12	O=C(O)c1ccc2ccccc2c1Oc1ccc([N+](=O)[O-])cc1C(N)=O	1.0	0	0.851	0.975
12	CC(=O)c1ccc(S(=O)(=O)Nc2ccc(C)cc2C(=O)c2ccc(F)cc2)cc1	1.0	1	1.028	0.984
12	Cc1cccc(C(=O)Nc2ccc(F)c(Cl)c2)n1	1.0	1	0.966	0.988
12	COc1ccccc1-c1cccnc1NS(=O)(=O)c1ccc(Cl)cc1	1.0	1	1.072	0.983
12	COc1ccc(Cl)cc1C(=O)c1ccccc1NS(=O)(=O)c1ccc(OC)cc1	1.0	1	0.94	0.985
12	COc1ccc(NC(=O)c2cccc(C)c2)cc1	1.0	0	0.839	0.995
12	Cc1ccc(C(=O)c2cc(F)cc(C(F)(F)F)c2)cc1	1.0	1	1.017	0.986
12	Clc1cccc(CSc2ccccn2)c1	1.0	1	0.958	0.988
12	CCCn1c(=O)[nH]c(N)c(Cc2cccc(F)c2)c1=O	1.0	1	1.047	0.964
12	CNc1cccc(CC(N)=O)c1N	1.0	0	0.812	0.965
12	CCOc1ccc(C2c3c(cc(C)n(Cc4cccc(C)c4)=C3C)O2)cc1[Ag-3]	0.0	0	0.0	0.0
12	Cc1cc(C(=O)c2ccc(Cl)cc2)cc(N)c1NC(C)=O	1.0	0	0.887	0.983
12	Cc1ccc(C(=O)NCC(=O)O)cc1Nc1ccc(F)cc1	1.0	0	0.854	0.989
12	COc1ccc(C(=O)c2cc([N+](=O)[O-])ccc2N2CCCCC2)cc1	1.0	1	0.979	0.984
12	O=S(=O)(Nc1cccc(Cl)c1)c1ccc(Cl)cc1	1.0	1	1.005	0.993
12	CC(C)NC(=O)C(Cc1ccccc1)N1Cc2ccccc2C1=O	1.0	1	0.951	0.952
12	O=C(NCc1ccccc1)c1ccc2cc(Br)ccc2c1	1.0	1	0.921	0.992
12	O=C(Nc1cccc(C(=O)N2CCCCC2)c1)c1ccccn1	1.0	0	0.85	0.989
12	COc1ccc(Br)cc1C(=O)Nc1ccc(C)cc1N1C(=O)CSC1c1cccc(Cl)c1	1.0	0	0.0	0.91
12	CC(=O)Nc1cccc2cccc(S(=O)(=O)N3CCCCC3)c12	1.0	0	0.9	0.981
12	O=C(c1ccc(Cl)nc1)c1ccc(F)cc1	1.0	1	1.007	0.989
12	Cc1cccc(C(=O)NC(=O)NCc2ccccc2)c1	1.0	1	0.905	0.993
12	O=S(=O)(Nc1cccnc1)c1ccc(Oc2ccccc2)cc1	1.0	1	0.902	0.989
12	Cc1cccc(C)c1NC(=O)c1cccc(I)c1	1.0	0	0.865	0.989
12	CCOc1ccc(S(=O)(=O)NCc2ccccn2)cc1	1.0	1	0.923	0.989
12	Cc1ccc(-c2nnc(NCc3cccs3)o2)cc1	1.0	1	1.039	0.976
12	CC(C(=O)c1ccc(F)cc1)n1cc2ccccc2c1O	1.0	1	1.061	0.924
12	O=C(c1ccncc1)c1ccc(O)cc1	1.0	1	0.966	0.99
12	Cc1ccc(C(=O)Nc2ccc(C(=O)N3CCCC3)cc2)cc1	1.0	0	0.758	0.993
12	O=S(=O)(Nc1cc(Cl)ccc1Cn1nnc(Cl)c1N)N(C)C1CCCCC1	1.0	0	0.889	0.907
12	C=c1ccc(S(=O)(=O)N(Cc2ccccc2)c2ccccc2)cc1	0.0	0	0.0	0.0
12	CCOc1ccc(C(=O)CNC(=O)Cc2ccc(OC)cc2)cc1	1.0	0	0.795	0.989
12	Cc1cccc(C(=O)c2cc(Cl)ccc2Oc2ccccc2)c1C	1.0	1	1.129	0.987
12	CC(=O)c1ccc(N2C(=O)c3ccccc3NC2=O)cc1	1.0	1	1.009	0.987
12	CCOc1ccc(N(C(=O)c2ccc(F)cc2)S(=O)(=O)c2ccc(F)cc2)cc1	1.0	1	0.976	0.982
12	Cc1cccc(C(=O)N2CCCCCC2)c1	1.0	1	0.984	0.993
12	Cc1ccc(C(=O)c2ccccc2)c(Cl)c1N	1.0	1	0.991	0.985
12	Cc1cc(Cl)ccc1NS(=O)(=O)c1ccc(Cl)cc1	1.0	1	1.05	0.991
12	COc1nnn(C)c1NS(=O)(=O)c1cccc(F)c1	1.0	1	0.985	0.948
12	c1ccc(C(=C2CCCCC2)c2ccc(S(N)(=O)=O)cc2)cc1	1.0	1	0.982	0.979
12	Cc1cccc(S(=O)(=O)Nc2cc(C)cnc2NS(=O)(=O)c2ccc(Cl)cc2)c1	1.0	1	1.145	0.971
12	O=C(CCc1ccc(Cl)cc1)c1ccccc1OC(=O)c1ccccc1	1.0	1	0.942	0.989
12	O=C(c1ccc(Cl)nc1)N1CCCC1c1ccco1	1.0	1	1.181	0.937
12	CC(C)(C)c1ccc(CC(=O)c2ccccc2)cc1	1.0	1	0.951	0.992
12	Cc1ccc(Cl)c(NC(=O)c2ccccc2)c1	1.0	0	0.839	0.995
12	O=S(=O)(Cc1ccc(Cl)cc1)c1cccc(Cl)c1	1.0	1	1.06	0.99
12	CC(=O)c1csc(NS(=O)(=O)c2ccc(Cl)cc2)n1	1.0	1	0.986	0.981
12	C=CCc1ccc(O)c(O)c1C(=O)O	1.0	0	0.807	0.955
12	O=S(=O)(c1ccc(Cl)cc1)c1cccc(Cl)c1	1.0	0	0.858	0.991
12	Cc1ncc(S(=O)(=O)c2ccc(C(F)(F)F)cc2)cn1	1.0	0	0.861	0.97
12	Cc1ccccc1N1S(=O)(=O)c2ccc(Cl)cc2N1	1.0	1	0.943	0.93
12	O=C(Cc1ccc(Cl)cc1)Nc1ccccc1	1.0	1	0.974	0.996
12	O=S(=O)(N=CC(c1ccccc1)c1ccccc1)c1ccccc1	1.0	1	0.98	0.972
12	Cc1ccc(C(=O)CCC(=O)c2ccc(C)cc2)cc1	1.0	1	1.079	0.993
12	COc1ccc(CNCCc2ccc(F)cc2)cc1O	1.0	0	0.831	0.989
12	O=C(Cc1ccccc1)N1CCN(C)C(=O)C1=O	1.0	1	1.08	0.979
12	Cc1ccc(S(=O)(=O)NCc2ccccc2)cc1	1.0	1	1.051	0.994
12	CC1CCCCN1S(=O)(=O)c1ccc(Cl)cc1F	1.0	1	0.986	0.955
12	Cc1ccc(N(C)C(=O)c2ccc(Cl)cc2)cc1	1.0	1	1.159	0.992
12	Cc1cc(C)nc(S(=O)(=O)Nc2ccc(F)cc2)c1	1.0	1	1.013	0.975
12	c1ccc(Oc2ccc(Oc3ccccc3)cc2)cc1	1.0	1	0.929	0.997
12	Cc1ccc(C(=O)CC(=O)c2ccncc2)cc1C	1.0	1	1.024	0.985
12	Cc1cc(C(=O)c2cnccc2C)c2cccc(Cl)c2n1	1.0	1	1.066	0.972
12	COc1cccc(CNC(=S)c2ccc(C)cc2)c1C	1.0	1	1.162	0.982
12	CCN1CCN(Cc2ccc(NS(=O)(=O)c3cc(Cl)ccc3Cl)cc2)CC1	1.0	0	0.756	0.983
12	CC(C)(C)c1ccc(CC(=O)c2ccc(Cl)cc2)cc1	1.0	1	0.955	0.991
12	Cc1ccc(CNC(=O)CCc2ccc(C)cc2)cc1	1.0	1	1.009	0.994
12	Cc1ccccc1C(=O)Nc1cccc(C(=O)c2ccccc2)c1Cl	1.0	0	0.782	0.989
12	O=S(=O)(Nc1ccc(F)cc1)c1ccccc1NS(=O)(=O)c1ccc(F)cc1	1.0	1	1.055	0.985
12	CC(=O)c1ccc(S(=O)(=O)Nc2ccc(C)cc2)cc1	1.0	1	0.916	0.992
12	Cc1ccc(OC(=O)c2ccc(Cl)cc2)cc1	1.0	1	1.125	0.995
12	O=S(=O)(N=Cc1cccnc1)c1ccccc1	1.0	0	0.889	0.976
12	Cc1ccc(CN(C)C)cc1NS(=O)(=O)c1ccccc1	1.0	1	0.973	0.988
12	NS(=O)(=O)c1ccc(F)cc1NS(=O)(=O)c1cccc(Cl)c1Cc1ccccc1	1.0	0	0.845	0.97
12	COc1cc(CNC(=O)CCc2ccccc2)cc(C)c1	1.0	1	0.914	0.991
12	COc1ccc(Nc2ccc(F)cc2)cc1OC	1.0	1	1.104	0.993
12	Cc1cccc(C(=O)Nc2ccc(C(=O)c3cccc(C)c3)cc2)c1	1.0	0	0.759	0.991
12	O=S(=O)(Nc1ccc(F)cc1)c1ccc(Cl)c(Cl)c1	1.0	1	0.969	0.991
12	O=S(=O)(c1ccnc2ccccc12)N1CCCCC1	1.0	1	1.03	0.984
12	Cc1nnc(O)nc1NS(=O)(=O)c1ccc(Cl)cc1F	1.0	1	0.976	0.932
12	CS(=O)(=O)c1ncc(C(=O)c2ccccc2)cn1	1.0	1	1.034	0.978
12	CN(Cc1ccc(Cl)cc1)S(=O)(=O)c1ccccc1	1.0	1	0.969	0.992
12	COc1ccc(C(=O)NCCc2ccccc2)cc1-c1ccc(F)cc1F	1.0	1	0.948	0.987
12	O=S(=O)(Nc1cccc(Cl)c1)c1ccccc1	1.0	1	0.988	0.994
12	CCC(C)c1cc(C)n(C)n1	1.0	0	0.738	0.88
12	Cc1ccc2nc(Cl)c(CSc3cccc(Cl)c3Cl)c(=O)n2n1	1.0	1	1.176	0.927
12	Cc1ccc(C(=O)Nc2ccc(Cl)c(Cl)c2)c(N)n1	1.0	1	1.045	0.986
12	Cc1ccc(C(=O)c2cc(Cl)ccc2NCc2ccc(C#N)cc2)cc1	1.0	1	0.965	0.985
12	Cc1cccn2c(N(C)C)c(C)nc12	1.0	0	0.878	0.953
12	CCc1nn(C)cc1NS(=O)(=O)c1ccc(Cl)c(Cl)c1Cl	1.0	1	0.978	0.939
12	Cc1ccc(C(c2ccc(F)cc2)c2ccc(Cl)cc2)cc1	1.0	1	1.109	0.976
12	O=S(=O)(Nc1cc(Cl)ccc1Cn1cnnn1)c1ccc(F)c(F)c1Cl	1.0	1	1.196	0.936
12	O=S1(=O)NC(Cc2ccccc2)c2ccccc21	1.0	1	1.054	0.919
12	N=C(N)c1ccc(N)cc1	1.0	0	0.665	0.987
12	O=C(c1ccc(F)cc1)c1ccc(Cl)cc1Cl	1.0	1	1.009	0.993
12	CC(=O)c1ccc(OCCCC(=O)O)cc1	1.0	0	0.828	0.993
12	Cc1nn(C)c(C)c1-c1ccc(Cl)cc1Cn1cnc2cc(F)ccc12	1.0	1	0.975	0.957
12	CCOc1ccc(S(=O)(=O)NC(c2ccc(F)cc2)c2cccc(F)c2)cc1Cl	1.0	1	0.956	0.95
12	O=S(=O)(Nc1ccc(Cl)cc1)c1ccc2ccccc2c1	1.0	1	0.933	0.992
12	O=S(=O)(NCCCCc1ccccc1)c1ccc(Cl)cc1	1.0	0	0.889	0.992
12	CC(=O)c1ccc(NS(=O)(=O)c2cccc(C(F)(F)F)c2)cc1	1.0	1	0.991	0.987
12	CC(=O)c1ccc(S(=O)(=O)Nc2ccc(Cl)cc2N)cc1	1.0	1	0.906	0.987
12	Cc1ccc(S(=O)(=O)Nc2cccc(Cl)c2)cc1	1.0	1	1.002	0.993
12	O=C(c1cccnc1)c1ccc(F)cc1F	1.0	1	0.983	0.988
12	O=C(C1CCCC1)c1ccc(COC(=O)c2ccccc2)cc1	1.0	0	0.84	0.99
12	COc1ccc(S(=O)(=O)Nc2ccc(Cl)cc2Oc2ccccc2)cc1	1.0	1	1.113	0.988
12	Cc1ccc(S(=O)(=O)NCc2ccc(F)cc2)cc1	1.0	1	1.038	0.993
12	COc1ccc(C(=O)Nc2cc(Cl)cc(Cl)c2)cc1	1.0	1	0.91	0.993
12	O=C(c1ccncc1)c1cc(Cl)ccc1Oc1ccc(Cl)cc1	1.0	1	1.073	0.986
12	O=C(Cc1ccccc1)N1CCCc2ccccc12	1.0	1	1.069	0.991
12	Cc1nc(SCC(=O)c2ccc(Cl)cc2)no1	1.0	1	1.023	0.969
12	CN1c2ccc(C(=O)c3ccc(F)cc3)cc2C2CCCCC21	1.0	1	0.992	0.907
12	Cc1ccc(NC(=S)NC(=O)c2ccccc2)cc1C	1.0	0	0.856	0.992
12	CN(C)C(=O)c1cc(C(=O)c2ccccc2)c2ccccc2c1F	1.0	1	0.965	0.98
12	COc1ccc(CC(=O)c2ccc(C)cc2)cc1OC	1.0	1	0.924	0.992
12	COc1nc(Cl)cnc1NS(=O)(=O)c1cccc(C(F)(F)F)c1	1.0	1	0.996	0.96
12	O=S(=O)(Nc1cc(Cl)c(Cl)cc1Cn1cncn1)c1cccc(F)c1Cl	1.0	1	1.199	0.944
12	Cc1ccc(S(=O)(=O)NCC(=O)O)cc1	1.0	0	0.883	0.99
12	Cc1ccc(C)c(S(=O)(=O)Nc2ccc(Br)cc2)c1C	1.0	1	0.959	0.985
12	O=C(Cc1ccc(Cl)cc1)N1CCCOCC1	1.0	1	1.066	0.989
12	Cc1cc(C(=O)c2ccc(Cl)cc2)cc(Cl)c1Cl	1.0	1	1.017	0.987
12	Nc1ccc(O)cc1C(=O)O	1.0	0	0.746	0.985
12	CC(C)=CCN1Cc2cc(C)ccc2NC1=O	1.0	1	0.923	0.944
12	Cc1ccc(OCCCOc2ccccc2)cc1C	1.0	1	0.966	0.993
12	O=C(C1=C(O)C(=O)N(c2ccccc2)C1)c1ccccc1	1.0	1	1.108	0.978
12	Cc1ccc(S(=O)(=O)NCc2ccc(C(=O)O)cc2)cc1	1.0	0	0.852	0.992
12	CCN(CC)c1ccc(C#Cc2ccc(C(C)(C)C)cc2)cc1	1.0	0	0.682	0.976
13	Cc1ccc(C2C3=C(Cc4ccccc4)C(N(C)C)C3C(=O)N2c2cccc(F)c2)cc1	1.0	0	0.0	0.7
13	O=S(=O)(Nc1ccc(F)cc1)N1c2ccccc2C1c1ccccc1	1.0	1	0.988	0.94
13	Cc1ccc(C)c(N(C(=O)c2ccccc2)c2ccc(N)cc2)c1	1.0	1	1.143	0.982
13	O=S(=O)(Nc1ccc(F)cc1)c1ccc(F)cc1	1.0	1	1.003	0.993
13	COc1nc(Cl)c2cc(C(=O)N(C)CC(=O)Nc3ccccc3Cl)c(C)nc2n1	1.0	1	0.95	0.949
13	COc1ccc(OC)c(Cc2c(Br)sc3cc(Cl)ccc3c2=O)c1	1.0	1	1.05	0.963
13	Cc1ccc(Cc2cccc(C(=O)NCCc3ccccc3)c2)cc1	1.0	0	0.836	0.992
13	Cc1ccc(N2C(=O)c3ccccc3C2(O)c2ccccc2)cc1	1.0	1	1.306	0.95
13	Cc1cccc(C)c1NS(=O)(=O)c1ccc(F)cc1	1.0	1	1.039	0.99
13	Cc1ccc(Cl)cc1CNCc1ccc(Cl)cc1	1.0	0	0.891	0.991
13	Cc1ccc(C(=O)N2CCCCCC2)cc1	1.0	1	1.006	0.994
13	O=C(O)COc1ccc(S(=O)(=O)N2CCOCC2)cc1	1.0	0	0.879	0.987
13	COc1ccc(CC(=O)c2ccc(C)cc2)cc1	1.0	1	1.086	0.994
13	Cc1cc(C)cc(NS(=O)(=O)c2ccc(Cl)cc2)c1	1.0	1	1.004	0.99
13	O=C(c1ccc(Cl)nc1)N1CCC(O)(c2cccc(Cl)c2)C1	1.0	1	0.941	0.922
13	CC(=O)c1ccc(C(=O)c2ccccc2)cc1	1.0	1	0.978	0.995
13	CC(C)(C)c1ccc(S(=O)(=O)NCc2ccc(F)cc2)cc1	1.0	1	0.925	0.989
13	COc1cc(C(=O)c2ccccc2)ccc1NC(C)=O	1.0	1	0.929	0.992
13	COc1ccc(NC(=O)C(c2ccc(Cl)cc2)c2cc(Br)ccc2O[SH](=O)(O)N)cc1	1.0	0	0.0	0.787
13	Cc1ccc(C(=O)NCCc2ccccc2)cc1N1CC(C)(C)CC1=O	1.0	0	0.834	0.975
13	Cc1cc(N2CCC(C)CC2)nc(S)n1	1.0	1	0.93	0.936
13	Cc1ccc(C(=O)N2CCCCC2)cc1	1.0	1	0.998	0.995
13	O=C(c1ccncc1)c1cc(Cl)ccn1	1.0	1	0.956	0.98
13	COc1ncc(F)nc1NS(=O)(=O)c1ccc(Cl)cc1	1.0	1	1.076	0.965
13	O=C(CCC(=O)N1CCCC1C(=O)c1ccc(C(F)(F)F)cc1)c1ccccc1	1.0	0	0.856	0.946
13	COc1nnc(Cl)c(C)n1	1.0	0	0.721	0.899
13	COc1ccc(-c2cc(C(F)(F)F)c(C#N)c(N)n2)cc1	1.0	0	0.895	0.973
13	CC(NS(=O)(=O)c1ccc(F)cc1)C1CCCCC1	1.0	1	1.123	0.963
13	CC1CN(C(=O)NCCc2ccccc2)c2cc(Cl)c(Cl)cc21	1.0	1	0.911	0.933
13	Cc1ccccc1C(=O)Nc1ccc(-c2ccccc2)cc1	1.0	0	0.784	0.995
13	COc1ccc(C(=O)NC(C)c2cc(C)c(Cl)c(C)c2)cc1	1.0	1	1.056	0.97
13	Cc1cc(C(=O)NCCc2ccccc2)c2ccccc2n1	1.0	1	0.962	0.991
13	O=C(C1CCCC1)N1CC2CCC1CN2c1ccccn1	1.0	1	0.941	0.639
13	Cc1ccc(C(=O)CCC(=O)c2ccc(C)cc2)cc1	1.0	1	1.079	0.993
13	O=C(C1CCCCO1)N(c1cccc(Br)c1)S(=O)(=O)c1ccccc1	1.0	1	1.122	0.921
13	c1cccc(Oc2ccc(Cl)cc2)c1Oc1ccc(Cl)cc1Cl	1.0	1	1.07	0.99
13	Cc1nc(N)sc1CC(=O)O	1.0	0	0.817	0.958
13	O=S(=O)(Nc1ncc(F)s1)c1ccc(Cl)c(Cl)c1	1.0	1	0.986	0.965
13	O=C(NCc1ccc(F)cc1)c1ccccc1NS(=O)(=O)c1ccc(Cl)cc1	1.0	1	0.996	0.988
13	O=C(OCc1ccccc1)c1ccccc1	1.0	1	1.009	0.996
13	Cc1ncnc(C)c1C(=O)N1CCC1C	1.0	1	0.973	0.903
13	CC(=O)Nc1ccc(S(=O)(=O)Nc2ccccc2C(=O)N2CCCCC2)cc1	1.0	1	1.091	0.986
13	Cc1cccc(C(=O)NCc2ccc(Cl)cc2)c1	1.0	1	0.969	0.995
13	CC(=O)C(=Cc1ccc(Cl)cc1)S(=O)(=O)c1ccc(F)cc1	1.0	1	1.021	0.972
13	O=S(=O)(Nc1ccc(Cl)cn1)c1ccc(F)cc1	1.0	1	0.995	0.988
13	O=C(Cn1ncc(Cl)c(Cl)c1=O)NO	1.0	0	0.875	0.955
13	CC(=O)Nc1cccc(Cn2c(Cl)c(C)c3cc(C)nc32)c1	0.0	0	0.0	0.0
13	Cc1c(NC(=O)c2ccccc2)cccc1Cl	1.0	0	0.857	0.995
13	O=C(CCc1nc2ccccc2s1)N1CCCCC1	1.0	1	0.984	0.984
13	Cc1ccccc1CN1CCCC(N2CCN(Cc3ccccc3)CC2)C1	1.0	0	0.777	0.964
13	Cc1cccc(C(=O)NCC(=O)O)c1	1.0	0	0.863	0.993
13	Cc1ccc2c(ccc(=O)n2Cc2ccc(C)c(Cl)c2)c1	1.0	1	1.09	0.984
13	O=S(=O)(c1ccc2c(c1)OCO2)N1CCOCC1	1.0	1	1.16	0.983
13	Cc1cccc(S(=O)(=O)Nc2ccc(C)cc2-c2ccccc2)c1	1.0	1	1.075	0.988
13	Cc1cccc(C(=O)Nc2ccc(CN)cc2)c1	1.0	0	0.842	0.994
13	O=S(=O)(Nc1cc(Cl)ccc1Cl)c1ccccc1	1.0	1	1.052	0.992
13	CC(C)Cc1ccc(C(=O)c2cc(Cl)ccc2Nc2ccccc2)cc1	1.0	1	0.998	0.987
13	CC(=O)c1ccc(N2C(=O)c3ccccc3NC2=O)cc1	1.0	1	1.009	0.987
13	COc1ccccc1S(=O)(=O)Nc1ccc(F)cc1C	1.0	1	1.0	0.989
13	Cc1ccc(C(=O)NCc2ccccc2)cc1	1.0	1	0.963	0.996
13	COc1ncc(F)nc1NS(=O)(=O)c1ccccc1	1.0	1	1.061	0.968
13	Cc1ccc(N(C(=O)c2ccco2)c2ccc(Cl)cc2)cc1N	1.0	1	1.093	0.97
13	CC1(c2ccc(Cl)cc2)CCCN1c1ccccn1	1.0	1	1.249	0.91
13	O=C(Nc1ccc(F)cc1)c1ccccn1	1.0	1	0.95	0.994
13	Cc1ccc(C(=O)c2cc(Cl)ccc2N2CCOCC2)cc1	1.0	1	1.097	0.987
13	CN(C)c1ccc(C(=O)Nc2ccc(C)cc2N)cc1	1.0	0	0.853	0.989
13	COc1ccc(O)c(C(=O)CC(=O)c2ccccc2)c1	1.0	1	0.924	0.987
13	CC(=O)N1CCC(C(=O)N(C)Cc2cccc(F)c2)CC1	1.0	1	1.028	0.984
13	CCOc1ccc(C(=O)N(CC)CC)cc1	1.0	1	0.94	0.992
13	Cc1cc(Nc2cc(Cl)ccc2)nc(N)n1	1.0	1	1.019	0.982
13	COc1cc(O)c2c(c1C)C(O)c1cc(O)ccc1CC=2c1ccc(C)cc1	0.0	0	0.0	0.0
13	C#Cc1ccc(OC)c(NS(=O)(=O)c2ccc(NC(=O)c3ccccc3)cc2)c1	1.0	0	0.726	0.982
13	O=C(O)c1ccc(C(=O)NO)cc1	1.0	0	0.805	0.992
13	O=C(C=Cc1ccc(Cl)c(Cl)c1)Nc1ccccc1	1.0	1	0.999	0.99
13	O=C(c1ccc2c(c1)OCCO2)c1ccccc1	1.0	1	1.212	0.99
13	Cc1ccc(C(=O)Nc2ccc(Cl)cc2)cc1Cl	1.0	0	0.867	0.994
13	Cc1ccc(OCC(=O)NCc2ccccc2)cc1	1.0	1	0.916	0.995
13	CC(=O)c1cccc(-c2ccccc2Oc2ccc(Cl)cc2OCc2ccccc2)c1	1.0	0	0.0	0.984
13	Cc1cc(N)cnc1C(=O)c1ccc(Br)cc1	1.0	1	0.962	0.977
13	CN(C)c1ccc(S(=O)(=O)Nc2ccccc2)cc1	1.0	1	0.977	0.992
13	Cc1ccc(C(=O)NCCc2ccc(C)cc2)cc1	1.0	0	0.893	0.995
13	Cc1ccc(C(=O)NC2CCCCC2C)cc1	1.0	1	0.931	0.967
13	Cc1cccc(N2C(=O)CC(=O)NC2=O)c1N	1.0	1	0.997	0.945
13	COc1ccc(C(=O)c2ccc(Cl)cc2Cl)cc1	1.0	1	1.05	0.993
13	Cc1ccc(S(=O)(=O)Nc2ccc(F)c(F)c2)c(C)c1F	1.0	1	0.999	0.976
13	Cc1ccc(C(=O)NCCc2ccc(O)cc2)cc1	1.0	0	0.877	0.993
13	CC(=O)c1ccc(S(=O)(=O)N2CCCCCC2)cc1	1.0	1	0.925	0.991
13	CCc1ccccc1N(C)S(=O)(=O)c1ccc(Cl)cc1	1.0	1	1.065	0.986
13	COc1ccccc1C(=O)N1CCCCC1c1ccccc1	1.0	1	1.227	0.977
13	Cc1c(CC(=O)N2CCOCC2)c(=O)oc2cc(O)ccc12	1.0	1	1.012	0.97
13	Cc1ccc(S(=O)(=O)NCCCc2ccccc2)cc1	1.0	1	1.083	0.992
13	COc1ncc(F)nc1NS(=O)(=O)c1cccc(Cl)c1Cl	1.0	1	1.016	0.945
13	CC(=O)C1=C(O)C(=O)N(c2ccc(Cl)cc2)C1C1=C(O)C(=O)NC1	1.0	1	1.469	0.817
13	COc1ccc(N2C(=O)c3ccc(C)cc3C2=O)cc1	1.0	1	1.038	0.99
13	O=C(O)C1CCCN(C(=O)c2ccc(I)cc2)C1	1.0	1	0.972	0.966
13	Cc1ccc(O)cc1	1.0	0	0.692	0.996
13	Cc1cc2c(cc3c(=O)n(CC(=O)c4ccc(C)cc4)c(=O)[nH]c32)cc1C	0.0	0	0.0	0.0
13	Cc1nc(C)n(Cc2ccc(Cl)cc2)n1	1.0	1	1.002	0.984
13	O=S1(=O)NC(Nc2ccccc2)c2ccccc21	1.0	1	1.017	0.884
13	COc1nnc(C)c(Cc2cccc3ccccc23)c1O	1.0	1	1.187	0.963
13	Cc1ccc(S(=O)(=O)c2nnn(C)c2NCc2ccccc2)cc1	1.0	1	1.01	0.968
13	Cc1cc2nnc(O)n2c2cc(Cl)ccc12	1.0	0	0.832	0.941
13	Cc1cccc(NC(=O)c2ccc(C(=O)O)cc2)c1	1.0	0	0.866	0.995
13	Cc1ccc(S(=O)(=O)c2ccc(C)nc2)cc1	1.0	1	0.915	0.987
13	Cc1cc(Cl)ccc1NS(=O)(=O)c1ccc(Cl)cc1	1.0	1	1.05	0.991
13	Cc1ccc(NS(=O)(=O)c2ccc(C)c(C(=O)N3CCCCCC3)c2)cc1	1.0	1	1.041	0.986
13	CC(C)(C)c1ccc(S(=O)(=O)NCCc2ccccc2)cc1	1.0	1	0.939	0.99
13	Nc1ncnc2ccc(S(=O)(=O)NC3CCCCCCC3)cc12	1.0	0	0.898	0.975
13	COc1ccc(N=Nc2ccc(C)cc2)cc1	1.0	1	0.932	0.986
13	Cc1nc(-c2ccccc2Cl)c(C(C)(C)C)o1	1.0	1	1.027	0.96
13	CCC(=O)c1cnc(N)nc1Nc1ccc(Cl)cc1	1.0	1	0.951	0.975
13	COc1ccc(CC(=O)c2ccc(Cl)cc2)cc1[O-]	1.0	1	0.938	0.968
13	Cc1ccc(C(=O)CCC(=O)c2ccc(C)cc2)cc14	0.0	0	0.0	0.0
13	Cc1cc(Cl)ccc1NS(=O)(=O)c1cccc(Cl)c1O	1.0	1	0.97	0.98
13	COc1ccc(C(=O)Nc2ccc(Br)cc2Cl)cc1	1.0	0	0.894	0.993
13	O=C(C1CCCN1)N1CCC(Oc2ccc(Cl)cc2)CC1	1.0	0	0.859	0.945
13	CCCCc1ccc(OCCc2ccccc2)cc1	1.0	0	0.801	0.994
13	Cc1ccc(C(=O)CCC(=O)c2ccccc2)cc1	1.0	1	1.081	0.993
13	Cc1ccc(S(=O)(=O)NCc2ccc(Cl)cc2)cc1	1.0	1	1.038	0.993
13	Cc1c(C(=O)c2ccccc2)c(=O)on1C	1.0	1	1.102	0.951
13	O=C(CO)c1ccc(F)cc1	1.0	0	0.736	0.991
13	O=C(O)c1ccccc1NS(=O)(=O)c1ccccc1	1.0	1	1.006	0.993
13	CCc1ccccc1NS(=O)(=O)c1ccc(F)cc1	1.0	1	1.059	0.992
13	O=S(=O)(Cc1ccccc1)N1CCCCC1	1.0	1	1.087	0.99
13	Cc1nc(S)nc(NC(=O)c2ccccc2)n1	1.0	0	0.898	0.967
13	O=C(Nc1ccc(F)cc1)c1cc(F)cc(Cl)c1	1.0	0	0.851	0.992
13	Oc1ccc(-c2nc(O)c3ccccc3n2)nc1	1.0	1	0.903	0.97
13	CC(=O)Nc1ccc(S(=O)(=O)NCc2ccc(Cl)cc2)cc1	1.0	0	0.873	0.991
13	Cc1ccc(S(=O)(=O)NCCc2ccccc2)cc1	1.0	1	1.026	0.993
13	COc1ccc(NS(=O)(=O)c2cccc(C)c2)cc1	1.0	1	0.984	0.993
13	Cc1ccc(S(=O)(=O)NCCc2ccc(Br)cc2)nc1	1.0	1	0.959	0.98
13	O=C(Cc1ccc(Cl)cc1)N1CCN(C(=O)c2ccc(F)cc2)CC1	1.0	0	0.873	0.99
13	O=S(=O)(Nc1cc(Cl)ccc1Cn1cnnn1)c1ccc(Cl)cc1	1.0	1	1.212	0.97
13	Cc1cccc(C(=O)NCCN2C(=O)c3ccccc3C2=O)c1	1.0	0	0.863	0.989
13	Cc1ccc(C(=O)N2c3ccccc3c3ccccc32)cc1	1.0	1	1.113	0.99
13	Cc1cccc(C(=O)Nc2ccc(Cl)c(Cl)c2)c1Cl	1.0	0	0.897	0.989
13	O=C(C1CCC(=O)N1Cc1ccccc1)N1c2ccccc2Sc2ccccc21	1.0	1	0.993	0.915
13	Cc1cccc(C(=O)OCC(=O)Nc2cccc(F)c2)c1	1.0	0	0.849	0.992
13	O=C(C(=O)c1cccnc1)N1CCCC1	1.0	1	0.97	0.982
13	Cc1ccc(-c2ccc(C(=O)N(C)C)c(Cl)c2)cc1	1.0	1	1.115	0.991
13	O=S(=O)(NCc1ccc(Cl)cc1)c1ccc(Cl)cc1	1.0	1	1.039	0.992
13	O=C(c1ccn(Cc2cccc(F)c2)c1)c1cccc(F)c1	1.0	1	0.909	0.978
13	CCOc1ccc(C(=O)Nc2cccc(C)c2)cc1	1.0	0	0.836	0.995
13	Cc1oc(C(C)(C)C)cc1-c1ccc(CO)cc1	1.0	1	0.955	0.969
13	Cc1nc(N)nc(N)c1CCc1ccc(F)cc1	1.0	1	1.093	0.976
13	O=C(c1ccncc1)c1cccc(CSc2cccnc2)c1	1.0	0	0.795	0.978
13	Cc1ccccc1C(=O)Nc1c(F)cccc1Cl	1.0	1	0.901	0.991
13	CC(=O)c1cccc(NS(=O)(=S)c2ccccc2)c1=	0.0	0	0.0	0.0
13	c1ccc(CNc2cccc(C3CC4CCC3N4)c2)cc1	1.0	1	1.025	0.629
13	COc1ccc(CC(=O)c2ccc(C)c(C)c2)cc1	1.0	1	0.937	0.993
13	CC(=O)N1CCN(C(=O)c2cccc(F)c2)CC1	1.0	1	0.982	0.99
13	CC(=O)c1ccc(Nc2nc(Cl)nc(Cl)n2)cc1	1.0	1	0.924	0.981
13	Cc1ccc(C(=O)CCC(=O)c2ccccc2)cc1C	1.0	1	0.958	0.992
13	Cc1ccc(S(=O)(=O)Nc2ccc(Cl)cc2)cc1	1.0	1	0.997	0.994
13	C=CCN1C(=O)C(=Cc2ccc(O)cc2)S1=O	1.0	1	0.944	0.666
13	COc1ccc(Nc2ccc(CC(=O)O)cc2C)cc1OC	1.0	1	0.927	0.988
13	O=S(=O)(Nc1cc(Cl)ccc1Cn1ccnn1)c1cccc(Cl)c1Cl	1.0	1	1.169	0.956
13	CNC(=O)c1cccc(NC(=O)c2ccccc2OC(C)=O)c1	1.0	0	0.828	0.989
13	Cc1ccc(NC(=O)c2cccc(C(=O)Nc3ccc(C)nc3)c2)cc1	1.0	0	0.659	0.989
13	O=S(=O)(Nc1cccc(Cl)c1)c1ccccc1	1.0	1	0.988	0.994
13	CC1CCN(c2ccccc2NS(=O)(=O)c2ccccc2)CC1	1.0	1	1.147	0.987
13	O=S(=O)(Nc1cc(Cl)ccc1Cn1cnnn1)c1ccc(Cl)c(Cl)c1Cl	1.0	1	1.199	0.944
13	CCOc1ccc(NS(=O)(=O)c2ccc(Cl)c(Cl)c2)cc1	1.0	1	0.982	0.99
13	CCOS(=O)(=O)Cc1cccc(Cc2cccc(F)c2)n1	1.0	1	0.91	0.957
13	N#Cc1ccc(S(=O)(=O)Nc2ccc(F)cc2)cc1	1.0	1	0.927	0.99
13	CC(=C(F)C(=O)c1ccc(C)cc1)c1ccccn1	1.0	1	1.054	0.963
13	CCOC(=O)C1(c2ccccc2)CC1(C)C	1.0	1	0.968	0.929
13	CC(=O)c1ccc(NS(=O)(=O)c2cccc(Cl)c2)cc1	1.0	1	0.958	0.991
13	Cc1ccc(C)c(S(=O)(=O)N(Cc2ccc(C)c(C)c2)c2cccc(F)c2)c1	1.0	1	1.098	0.978
13	c1ccc(Cc2ccc(F)cc2)c(C2=NCCN2)c1	1.0	1	1.12	0.975
13	Cc1ccc(S(=O)(=O)c2nc(Nc3ccc(O)cc3)c3ccccc3n2)cc1O	1.0	0	0.847	0.959
13	COc1ccc(N2C(=O)CSC2c2ccc(Cl)cc2)cc1	1.0	1	1.479	0.96
13	Cc1cc(C)n(Cc2ccc(NC(=O)Cc3ccccc3)cc2)n1	1.0	0	0.786	0.989
13	CC1=C(c2ccc(OC(=O)c3ccccc3)cc2)SCC(=O)N1c1ccc(F)cc1	1.0	0	0.774	0.965
13	O=C(c1cccc(F)c1)c1c(Cl)cccc1Cl	1.0	1	0.995	0.989
13	COc1nccnc1NS(=O)(=O)c1ccc(Cl)cc1C	1.0	1	1.07	0.972
13	O=C(c1cccnc1)N1CCc2ccccc21	1.0	1	1.02	0.988
13	COc1cc(Br)c(C)cc1C(=O)NCc1ccccc1C	1.0	1	0.944	0.987
13	Cc1ccc(NC(=O)C2CCCCC2)cc1	1.0	0	0.883	0.994
13	O=S(=O)(Nc1ccc(Cl)cc1)c1ccc(F)cc1	1.0	1	1.0	0.993
13	Cc1ccc(-c2ccc(C(=O)NCc3ccccc3)cc2)nc1	1.0	0	0.872	0.991
13	O=S(=O)(Nc1cc(Cl)c(Cl)cc1Oc1ccccc1)c1ccc(F)cc1	1.0	1	1.15	0.985
13	Cc1ccc(CN2CCC(NC(=O)c3cccc(Cl)c3)CC2)cc1	1.0	0	0.83	0.99
13	Cc1ccc(C(=O)Nc2cccc(N)n2)cc1F	1.0	1	1.006	0.985
13	O=C(NCC1CCCO1)c1cccnc1Oc1ccccc1F	1.0	1	1.043	0.952
13	COc1ccc(CCC(=O)Nc2ccc(C(C)C)cc2)cc1	1.0	0	0.891	0.993
13	COC(=O)c1ccc(CSc2ccccc2Cl)o1	1.0	1	0.933	0.98
13	CC(=O)N(c1ccc(Cl)cc1)S(=O)(=O)c1ccc(Cl)c(Cl)c1O	1.0	1	1.054	0.957
13	Cc1cc(C)cc(CC(=O)NCCNS(=O)(=O)c2ccc(Cl)cc2)c1	1.0	1	0.903	0.983
13	O=C(Cc1ccccc1)N1CCN(c2ccccc2)CC1	1.0	1	0.958	0.993
13	Cc1ccc(NS(=O)(=O)c2ccc(C(C)(C)C)cc2)c(F)c1F	1.0	0	0.883	0.981
13	COc1ccccc1C(=O)Cc1ccc(Cl)cc1	1.0	1	1.084	0.993
13	CCOc1ccc(S(=O)(=O)Nc2ccc(Cl)cc2)cc1	1.0	1	0.944	0.993
13	COc1nc(C(=O)c2ccc(F)cc2)ccc1Cl	1.0	1	0.992	0.982
13	O=S(=O)(O)c1ccccc1C(=NO)c1cccc(O)c1O	1.0	0	0.882	0.95
13	c1ccc(-c2nc3ccccc3nc2-c2ccc(Cl)cc2)cc1	1.0	1	1.031	0.99
13	CNCc1ccc(-c2cccnc2)cc1	1.0	0	0.848	0.991
13	Cc1ccc(O)c(C(=O)c2ccc(Cl)cc2)c1	1.0	1	0.98	0.992
13	Cc1cc(Br)ccc1C(=O)NCc1cccc(C(F)(F)F)c1	1.0	0	0.832	0.987
13	O=S(=O)(c1ccc(Cl)cc1)c1ccccc1-n1ccc(Cl)c1Cl	1.0	1	0.985	0.961
14	O=C(c1ccc(Cl)cc1)N1CCCCc2ccccc12	1.0	1	1.168	0.99
14	CC(C)(C)c1ccc(S(=O)(=O)Nc2ccc(Cl)cc2C(=O)c2ccc(F)cc2)cc1	1.0	1	1.017	0.981
14	O=C(c1ccc(Cl)nc1)N1CCC(O)N(c2ccc(Cl)cc2)CC1=O	1.0	1	1.06	0.875
14	COc1ccc(C(=O)Nc2ccc(Cl)cc2C(=O)O)cc1	1.0	0	0.835	0.993
14	Cc1ccc(NC(=O)COc2ccccc2)cc1=O	0.0	0	0.0	0.0
14	Nc1nc2[nH]c(Cl)ccc2c2nc(-c3ccccc3)nn12	0.0	0	0.0	0.0
14	O=S(=O)(Nc1cccc(Oc2ccc(F)cc2)c1)c1cc(F)ccc1F	1.0	1	0.947	0.985
14	CC(C)C1SC(N2CCCCCC2)=NC1=O	1.0	1	0.911	0.861
14	Cc1ccc(S(=O)(=O)Nc2ccc(Cl)cc2-c2cccc(Cl)c2)cc1	1.0	1	1.128	0.987
14	c1ccc(N2CCC(=O)N(Cc3ccccc3)CC2)cc1	1.0	1	1.324	0.99
14	Clc1ncc(Cl)cc1NS(=O)(=O)c1ccc(Cl)cc1	1.0	1	1.027	0.983
14	Cc1ccc(C(=O)c2ccc(Cl)cc2)c(O)c1N	1.0	1	1.053	0.982
14	CC(=O)Nc1ccc(S(=O)(=O)Nc2ccc(C)cc2)cc1	1.0	0	0.871	0.992
14	Clc1cccc(CNCc2cccc3ccccc23)c1	1.0	0	0.824	0.991
14	Cc1ccc(Cl)cc1N(C)S(=O)(=O)c1ccc(Cl)cc1	1.0	1	1.077	0.986
14	Cc1cc(C)n(Cc2cccc(C(=O)O)c2)n1	1.0	1	1.059	0.987
14	Cc1ccc(NS(=O)(=O)c2ccc(Cl)cc2)cc1	1.0	1	1.001	0.994
14	O=C(c1ccncc1)N1CCN(Cc2ccccc2)CC1=O	1.0	0	0.894	0.981
14	CC(C)C(=O)Nc1cc(C(=O)NCc2cccc(F)c2)ccc1N1CC2CCCCC2C1	1.0	0	0.0	0.889
14	O=C(O)c1cc(C(=O)Cc2ccccc2)cc(F)c1N1	0.0	0	0.0	0.0
14	COC(=O)c1cccc(-c2ccc(O)cc2)c1N	1.0	1	0.963	0.987
14	CCn1ccc(C(=O)NCc2ccc(OC)c(Cl)c2)c1C	1.0	1	0.931	0.975
14	c1ccc(CN2CCC(c3cc(C(F)(F)C(F)(F)F)cc(F)c3)c3ccccc3N(C)C2=O)cc1	1.0	0	0.0	0.84
14	CC(=O)c1ccc(Sc2cnccn2)cc1	1.0	1	0.95	0.977
14	O=C(C1c2ccccc2-c2ccccc2N1)N1CCCC1	1.0	1	1.011	0.942
14	COc1ccc(NC(=O)CCCN2CCCCC2)cc1	1.0	1	0.906	0.992
14	Cc1ccc(C)n2nc(Cc3ccccc3)nc12	1.0	1	1.051	0.979
14	COc1ccc(OC)c(-c2ccc(CN3CCCCCC3)cc2)c1	1.0	1	0.91	0.99
14	Cc1ccc(C(=O)NC(=O)c2ccc(C)o2)cc1	1.0	1	0.975	0.988
14	O=S(=O)(Nc1cc(Cl)c(Cl)cc1Oc1ccccc1)c1ccc(Cl)cc1	1.0	1	1.15	0.985
14	Cc1ccc(Cl)cc1N(C)S(=O)(=O)c1ccc(Cl)cc1	1.0	1	1.077	0.986
14	Cc1ccnc(C(=O)c2cccc(Cl)c2)c1	1.0	1	0.939	0.986
14	COc1ccc(NC(=O)c2ccccc2)cc1O	1.0	0	0.846	0.994
14	COc1ccc(C)c(C(=O)CCc2cccc(C(C)C)c2)c1	1.0	0	0.807	0.986
14	COc1ccc(CNc2cc(N3CCCC3)c(F)c(C)n2)cc1	1.0	1	0.944	0.974
14	COc1cccc(OS(=O)(=O)c2ccc(C)cc2)c1	1.0	1	0.979	0.99
14	CN(c1ccccc1)C1CCCC(C(=O)N2CCCCCC2)C1	1.0	1	0.984	0.916
14	CC(CO)NS(=O)(=O)c1cccc(Cl)c1	1.0	1	0.911	0.964
14	COc1ccc(S(=O)(=O)Nc2ccc(Cl)cc2)c(Cc2ccc(Cl)cc2)n1	1.0	1	1.062	0.974
14	Cc1ccc(C(=O)Nc2cccc(N)n2)cc1	1.0	1	1.003	0.989
14	Cc1ccc(C(=O)Nc2ccc(Br)cc2)cc1	1.0	0	0.851	0.995
14	Cc1ccc(C)c(Sc2c(O)cccc2Oc2ccc(Cl)cc2)c1	1.0	1	1.116	0.973
14	O=S(=O)(Nc1cc(Cl)cc(Cl)c1)c1ccccc1Oc1ccccc1	1.0	1	0.938	0.985
14	CC(C)(C(=O)c1ccc(Cl)cc1)S(=O)(=O)c1ccc(F)cc1F	1.0	1	0.989	0.971
14	O=S(=O)(Nc1cc(Cl)ccc1N1CCCC1)c1ccc(Cl)cc1	1.0	1	1.116	0.987
14	Cc1ccc(C)c(Oc2nc(Cl)nc3ccccc23)c1	1.0	1	1.095	0.981
14	COc1ccc(Sc2ccc(C)cc2NS(C)(=O)=O)cc1O	1.0	1	0.933	0.97
14	Cc1ccc(OC2C(=O)c3ccccc3C2=NCc2ccccc2)cc1	1.0	1	1.071	0.913
14	COc1ccc(NC(=O)c2cccc(Cl)c2)cc1Cl	1.0	0	0.857	0.993
14	O=C(c1ccncc1)c1ccc(Oc2ccccc2)cc1	1.0	0	0.892	0.991
14	O=C(c1ccccn1)N1CCCC2(CO)C(=O)C2C12CCCCC2	1.0	1	1.046	0.402
14	Cc1cccc(NS(=O)(=O)c2ccc(Cl)cc2)c1C	1.0	1	1.053	0.991
14	O=S(=O)(Nc1cc(Cl)cc(Cl)c1)c1cccc(Cl)c1O	1.0	1	0.972	0.975
14	Oc1ccc(N2CCCCC2)cc1	1.0	1	1.052	0.992
14	Fc1ccc(OC(c2ccccc2)c2[nH]c(cc2Cl)N2CCOCC2)cc1	1.0	1	0.978	0.875
14	Cc1ncc(C)n2nc(CSc3ccccc3)nc12	1.0	1	1.11	0.954
14	Cc1c(C(=O)c2ccc(Cl)cc2Cl)c2ccccc2n1C	1.0	1	1.162	0.982
14	CCOc1ccc(S(=O)(=O)NC)cc1	1.0	0	0.788	0.992
14	Cc1cccc(C(=O)Nc2ccc(NC(=O)c3ccccc3)cc2)c1	1.0	0	0.68	0.994
14	Cc1nc(N2CCN(C)CC2)c2cc(Cl)ccc2n1	1.0	1	1.008	0.979
14	Cc1ccc(S(=O)(=O)N(C)C)cc1	1.0	0	0.858	0.993
14	COc1nccnc1NS(=O)(=O)c1ccc(Cl)cc1	1.0	1	1.044	0.981
14	COc1ccccc1C(=O)Nc1ccc(C)cc1NS(=O)(=O)c1ccc(Cl)cc1	1.0	1	0.905	0.986
14	O=C(c1ccncc1)c1ccccc1Cl	1.0	1	1.006	0.991
14	O=C(NCc1ccccc1)c1ccc(Cl)cc1	1.0	1	0.961	0.996
14	O=S1(=O)Nc2ccccc2CN1c1ccc(Cl)cc1	1.0	1	0.999	0.962
14	COc1ccc(NS(=O)(=O)c2cccc(C(=O)O)c2)cc1	1.0	0	0.851	0.992
14	O=C(O)c1ccccc1Oc1ccc(C(=O)c2ccc(Cl)cc2)cc1	1.0	0	0.884	0.99
14	O=S(=O)(NCc1ccc(Cl)cc1)c1ccc(Cl)cc1	1.0	1	1.039	0.992
14	O=C(c1cccnc1Oc1ccc(Cl)cc1)c1ccccc1	1.0	1	1.08	0.989
14	Cc1ccc(S(=O)(=O)Nc2cc(Cl)cc(Cl)c2)cc1	1.0	1	0.998	0.989
14	O=S(=O)(NCc1ccc(Cl)cc1)c1ccccc1	1.0	1	1.004	0.993
14	Cc1ccccc1S(=O)(=O)Nc1ccc(Br)cc1	1.0	1	0.967	0.991
14	COc1ccc(-c2ccccc2)cc1N	1.0	1	0.971	0.994
14	Cc1ccc(S(=O)(=O)NCCc2ccc(F)cc2)cc1	1.0	1	1.017	0.992
14	CC(=O)Nc1cccc(Oc2ccc3c(ccc(C#N)c3O)c2)c1	1.0	0	0.878	0.976
14	O=S1(=O)NC(Cc2ccccc2)c2ccccc2N1=O	0.0	0	0.0	0.0
14	Cc1cccc(S(=O)(=O)Nc2ccc(Cl)cc2)c1	1.0	1	0.969	0.993
14	O=S(=O)(Nc1cc(Cl)ccc1Cn1ccnn1)c1ccc(F)c(F)c1	1.0	1	1.214	0.961
14	Cc1ccc(NC(=O)c2cccc(F)c2)c(=O)n1	0.0	0	0.0	0.0
14	CC(C)(C)c1ccc(S(=O)(=O)Nc2ccccc2)cc1	1.0	0	0.881	0.992
14	Cc1ccc(F)c(C2CCN(C)CC2)c1	1.0	1	0.999	0.984
14	Cc1cccc(C(=O)NCC(=O)O)c1	1.0	0	0.863	0.993
14	Cc1ccc(SCCNC(=O)c2ccc(C)o2)cc1	1.0	1	0.983	0.983
14	Cc1cccc(Sc2ccccc2CNS(C)(=O)=O)c1	1.0	1	0.951	0.978
14	Cc1cccc(NS(=O)(=O)c2ccc(Cl)c(C)c2)c1	1.0	1	0.99	0.99
14	O=C(O)c1ccccc1Oc1ccc(Cl)cc1NS(=O)(=O)c1ccc(Cl)cc1	1.0	1	1.106	0.984
14	CCCCC(=O)Nc1ccc(NC(=O)c2cccc(C)c2)cc1	1.0	0	0.72	0.993
14	O=C(O)c1ccccc1Oc1ccc(F)cc1NS(=O)(=O)c1ccc(Cl)cc1	1.0	1	1.107	0.983
14	Cc1ccc(NC(=O)CCc2ccccc2)c(C)c1	1.0	1	1.012	0.994
14	O=c1ccc(Cl)c(Nc2cc(Cl)cc(Cl)c2)n1Cc1ccccc1Cl	1.0	1	1.172	0.964
14	CC(=O)c1ccccc1C(=O)c1ccc(Cl)cc1NS(=O)(=O)c1ccc(Cl)cc1	1.0	1	0.93	0.981
14	Cc1ncc(Cl)c(N2C(=O)c3ccccc3C2(O)c2ccccc2)c1	1.0	1	1.31	0.894
14	Cc1cccc(S(=O)(=O)Nc2ccc(Cl)cc2N)c1	1.0	1	1.062	0.987
14	O=C(OCc1ccccc1)c1ccc(O)c(O)c1-c1ccc(O)cc1	1.0	1	0.952	0.981
14	Cc1ccc(C(=O)CC(=O)c2ccccc2)cc11	0.0	0	0.0	0.0
14	CC(C)(C)c1ccc(OS(=O)(=O)c2ccc(CCC(=O)O)cc2)cc1	1.0	0	0.777	0.983
14	COc1ccc(C(=O)NCc2ccccc2)cc1	1.0	1	1.03	0.996
14	CN=C1c2ccncc2CN1c1ccc(F)c(Cl)c1	1.0	1	1.111	0.925
14	Cc1ccc(C(=O)c2cc(Cl)ccc2NS(=O)(=O)c2ccc(C)cc2)cc1	1.0	1	1.076	0.987
14	COc1ccc(S(=O)(=O)c2ccc(N)c3ccccc23)cc1	1.0	1	0.966	0.986
14	Cc1ccc(C(=O)Nc2ccc(CC(N)=O)cc2)cc1C	1.0	0	0.787	0.991
14	CC(=O)C1(c2ccc(Cl)cc2)S(=O)(=O)N(CC2CCCCC2)C1C	1.0	1	1.109	0.633
14	O=S(=O)(Nc1cc(Cl)ccc1Cn1ccnn1)c1ccc(Cl)c(Cl)c1	1.0	1	1.219	0.963
14	CC(=O)c1ccc(S(=O)(=O)c2ccc(C)cc2)cc1	1.0	0	0.89	0.992
14	O=S(=O)(c1ccc(Cl)cc1)c1ccc(Cl)cc11ccc(Cl)cc1Cl	0.0	0	0.0	0.0
14	CCOC(=O)c1ccc(N2C(=O)c3ccccc3C2=O)cc1	1.0	1	1.001	0.99
14	O=C(C1CCCc2ccc(Cl)cc21)c1cc(C(F)(F)F)cc(F)c1	1.0	1	1.063	0.913
14	O=C(Nc1ccc(F)cc1)c1ccc(=O)oc1	1.0	1	0.956	0.988
14	COc1nc(Cl)cnc1NS(=O)(=O)c1cccc(Cl)c1Cl	1.0	1	1.025	0.955
14	O=C(c1cc(Cl)ccc1Cl)c1ccccc1	1.0	1	0.97	0.994
14	Cc1ccc(N2C(=O)c3ccccc3C2(O)c2cccc(Cl)c2)cc1	1.0	1	1.362	0.938
14	Nc1ncc(Cc2cccc(N)c2)c(N)n1	1.0	1	1.141	0.971
14	Cc1cc2c(NC(=O)c3cccc(Cl)c3)cccc2n1	0.0	0	0.0	0.0
14	Cc1ccc(C(=O)c2cc(Cl)ccc2O)cc1C	1.0	1	0.969	0.989
14	O=C(NCc1ccc(Cl)cc1)c1ccc[n+]([O-])c1	1.0	1	0.987	0.979
14	Cc1ccc(C)c(S(=O)(=O)NCc2ccc(F)cc2)c1	1.0	1	1.055	0.99
14	Cc1cccc(S(=O)(=O)Nc2ccc(Cl)cc2)c1	1.0	1	0.969	0.993
14	Cc1ccc(S(=O)(=O)N(C)C)cc1C#N	1.0	0	0.78	0.979
14	COc1cnc(Cl)c(Oc2ccccc2)n1	1.0	1	1.189	0.977
14	Cc1ccc(CN2C(=O)c3ccccc3C2c2ccccc2)cc1	1.0	1	1.258	0.973
14	COc1ccc(NS(=O)(=O)c2cc(C)ccc2C)cc1	1.0	1	0.958	0.991
14	Fc1ccccc1Cn1cc(Cl)cc1CCc1ccccc1	1.0	1	1.1	0.978
14	O=C(Nc1ccc(Cl)cc1)c1cc2ccc(Cl)cc2cc1N	1.0	0	0.881	0.987
14	CCOCCCNC(=O)c1cnc(O)c2cc(OC)ccc12	1.0	0	0.803	0.967
14	O=S(=O)(NC1c2ccccc2-c2ccccc21)c1ccc(C(F)(F)F)cc1	1.0	1	0.937	0.975
14	Cc1ccc(Cl)cc1NS(=O)(=O)c1ccc(F)cc1	1.0	1	1.07	0.991
14	COc1ccc(C)cc1NS(=O)(=O)c1cccc(C(=O)c2ccc(Cl)cc2)c1	1.0	1	0.966	0.986
14	CC(=O)c1ccc(NS(=O)(=O)c2ccc(Br)cc2)cc1	1.0	1	0.906	0.991
14	O=S(=O)(Nc1cc(Cl)ccc1Cn1ccnn1)c1ccc(F)c(F)c1F	1.0	1	1.172	0.945
14	COc1ccc(S(=O)(=O)Nc2ccc(Cl)cc2C(=O)c2ccccn2)cc1	1.0	1	1.018	0.982
14	CCC(C)c1ccccc1NS(=O)(=O)c1ccc(Cl)cc1C	1.0	1	1.064	0.96
14	Cc1ccc(C(=O)NC2CCCCC2)cc1	1.0	1	0.926	0.994
14	Cc1cccc(C(=O)N2CCCCCC2)c1Oc1ccc(F)cc1	1.0	1	1.062	0.986
14	Cc1ccc(NC(=O)CCNC(=O)c2ccccc2)cc1	1.0	1	0.943	0.994
14	Cc1ccc(C)c(S(=O)(=O)Nc2cccc(OCc3ccc(Cl)cc3)c2)c1	1.0	0	0.847	0.987
14	O=C(O)c1ccc(Sc2ccccc2)nc1	1.0	1	0.995	0.986
14	O=C(c1cccnc1)c1ccccc1	1.0	1	0.942	0.993
14	COc1ccc(CC(=O)NCc2ccc3c(c2)OCO3)cc1	1.0	0	0.819	0.989
14	O=S(=O)(Nc1cc(Cl)ccc1Cn1ccnn1)c1ccc(F)c(F)c1	1.0	1	1.214	0.961
14	Cc1cccc(S(=O)(=O)Nc2ccc(Cl)cc2N)c1	1.0	1	1.062	0.987
14	O=C(Nc1ccc(Cl)cc1)c1ccccc1NS(=O)(=O)c1ccc(Cl)cc1	1.0	1	1.099	0.99
14	CC(C)(C)c1ccc(S(=O)(=O)Nc2ccc(Cl)cc2)cc1	1.0	1	0.942	0.991
14	Cc1nc(O)c(Cc2ccccc2)c2ccc(Cl)cc12	1.0	1	1.052	0.976
14	Nc1ccc(NC(=O)c2ccccc2)cc1	1.0	0	0.833	0.995
14	Cc1c(C)n(Cc2ccc(C(=O)O)cc2)c2ccc(Cl)cc12	1.0	1	0.979	0.986
14	Cc1ccnc(NS(=O)(=O)c2ccc(Cl)cc2)c1	1.0	1	0.986	0.987
14	COc1ncc(Cl)cc1C(=O)c1ccc(Cl)cc1	1.0	1	1.076	0.984
14	O=C(c1ccc(Cl)cc1)c1ccccc1NS(=O)(=O)c1ccc(Cl)cc1F	1.0	1	1.088	0.984
14	Cc1ncc(Cl)cc1NS(=O)(=O)c1ccc(Cl)cc1	1.0	1	0.964	0.984
14	COC(=O)c1ccc(NS(=O)(=O)c2ccc(C)cc2)cc1	1.0	1	0.936	0.992
14	Cc1ccc(NC(=O)c2ccc(C)cc2)cc1=O	0.0	0	0.0	0.0
14	Cc1ccc(NC(=O)c2cccc(Cl)c2)cc1	1.0	0	0.859	0.995
14	Cc1ccc(C)c(Sc2ccc(C(=O)NCCc3ccc(F)cc3)cc2)c1	1.0	0	0.759	0.984
14	O=C(c1ccncc1)N1CCCc2ccccc12	1.0	1	1.064	0.987
14	CC(C)(C)c1ccc(C(=O)NCCc2cccc(Cl)c2)cc1	1.0	0	0.846	0.991
14	O=C(c1ccccc1)N1CCCCC1	1.0	1	0.992	0.995
14	Cc1c(F)c(O)c(Cl)cc1NS(=O)(=O)c1ccccc1	1.0	1	1.025	0.974
14	Cc1cc(C)cc(NS(=O)(=O)c2ccc(Cl)cc2)c1	1.0	1	1.004	0.99
14	Cc1ccc(S(=O)(=O)NCc2ccc(C)cc2)cc14	0.0	0	0.0	0.0
14	O=C(c1ccc(F)cc1)c1cc(Cl)ccc1Cl	1.0	1	0.998	0.992
14	CCCCCCCCCCC(=O)c1cc(C(=O)c2ccc(Cl)cc2)n2ccccc12	1.0	0	0.827	0.964
14	CCN(C(=O)c1cc(C)ccc1C)c1ccc(Cl)cc1	1.0	1	1.168	0.987
14	O=C(C(=O)c1ccccc1F)N1CCCCC1	1.0	1	1.019	0.987
14	O=C(c1ccnn1-c1ccccc1)c1ccc(C(F)(F)F)cc1F	1.0	1	1.055	0.97
14	COc1nc(Cl)cnc1NS(=O)(=O)c1ccc(Cl)cc1Cl	1.0	1	1.037	0.96
14	COc1ncc(F)nc1NS(=O)(=O)c1ccc(Cl)cc1	1.0	1	1.076	0.965
14	Clc1ccc(CSc2ccccn2)cc1	1.0	1	0.988	0.989
14	Cc1ccc(S(=O)(=O)NCc2ccccc2)cc1	1.0	1	1.051	0.994
14	O=C1c2cc(O)cc3cccc1c23	1.0	0	0.791	0.977
14	COC(=O)c1cccc(C)c1NS(=O)(=O)c1ccc(C)cc1	1.0	1	1.114	0.987
14	O=C(C1CC(=O)N(c2ccccc2)N1)c1ccc(Cl)cc1	1.0	1	1.282	0.922
14	COc1ncc(F)nc1NS(=O)(=O)c1cccc(Cl)c1C	1.0	1	1.014	0.948
14	CCCc1nc(O)nc(O)c1Cc1ccc(O)cc1	1.0	1	1.165	0.942
14	CS(=O)(=O)c1ccccc1Nc1nc(N2CCCC2)nc(N2CCCCC2)n1	1.0	0	0.821	0.965
14	COc1ccc(N(C)C(=O)c2ccncc2)cc1Cl	1.0	1	0.979	0.983
14	Cc1ccc(NC(=O)C(C)(C)C)c(Cc2cc(Cl)cc(Cl)c2)c1	1.0	1	1.018	0.976
14	Cc1ccc(C(=O)COC(=O)c2ccccc2)cc1	1.0	1	0.954	0.994
14	O=S(=O)(Nc1cc(Cl)ccc1Cn1cnnn1)c1ccc(Cl)c(Cl)c1Cl	1.0	1	1.199	0.944
14	Cc1ccc(S(=O)(=O)Nc2ccc(Br)cc2Br)c(O)c1N(C)S	1.0	0	0.837	0.911
14	Cc1ccc(C(=O)CCC(=O)c2ccccc2)cc1	1.0	1	1.081	0.993
14	O=C(c1ccc(Cl)cc1)c1ccc(Oc2ccccn2)cc1	1.0	1	0.994	0.99
14	NC(=O)c1cccc2cc(CNc3ccccc3)ccc12	1.0	1	0.911	0.99
14	COc1ccc(NS(=O)(=O)c2ccc(Cl)cc2)cc1	1.0	1	0.999	0.994
14	COc1ccc(C(=O)Nc2ccc(CCC(=O)CCc3ccccc3)cc2)cc1	1.0	0	0.7	0.989
14	COc1nc(Cl)c(Cc2ccc(Cl)cc2)n(C)n1	0.0	0	0.0	0.0
14	O=S(=O)(Nc1cc(Cl)c(Cl)cc1-n1cccn1)c1ccc(Cl)c(Cl)c1	1.0	1	1.072	0.966
14	CC(=N)C(C(=O)c1ccc(Cl)cc1Cl)c1ccc(Br)cc1	1.0	1	1.145	0.917
14	Cc1nn(C)c(C)c1Sc1ccccc1C(=O)n1ccc(Cl)c1	1.0	1	1.043	0.913
14	Cc1ccc(S(=O)(=O)NCc2ccc(Cl)cc2)cc1	1.0	1	1.038	0.993
14	COc1ccc(S(=O)(=O)N2c3ccc(Cl)cc3-c3ccccc3C2N1C	0.0	0	0.0	0.0
14	CC(C)(C)C(=O)NCc1ccc(Cl)cc1	1.0	0	0.849	0.991
14	COc1c(Cl)cc(Cl)cc1NS(=O)(=O)c1ccc(Cl)cc1	1.0	1	1.156	0.985
14	O=C(c1cccnc1)c1ccc(Cl)c(Cl)c1O	1.0	1	0.974	0.977
14	Fc1cccc(F)c1Cc1ccc(C(=O)c2ccccc2F)cc1	1.0	0	0.879	0.987
14	COc1ccc(S(=O)(=O)Nc2ccccc2NS(=O)(=O)c2ccc(Cl)cc2)cc1	1.0	1	1.065	0.986
14	COc1ccc(CC(=O)O)cc1	1.0	0	0.8	0.995
14	Cc1ccc(S(=O)(=O)Nc2ccccc2C(=O)N2CCCCC2)cc1	1.0	1	1.163	0.989
14	Cc1ccc(S(=O)(=O)Nc2ccc(Cl)cc2)cc1	1.0	1	0.997	0.994
14	COc1ccc(NS(=O)(=O)c2ccc(C)cc2)cc1	1.0	1	1.008	0.994
15	CCOc1ccc(S(=O)(=O)Nc2ccc(C)cc2)cc1Cl	1.0	1	0.92	0.99
15	Cc1cccc(NS(=O)(=O)c2ccc(C)c(C)c2)c1	1.0	1	0.991	0.991
15	Cc1ncc(Cl)cc1NS(=O)(=O)c1ccc(Cl)s1	1.0	1	1.018	0.965
15	O=S(=O)(Nc1ccc(Cl)cc1)c1ccc(C(F)(F)F)cc1	1.0	1	0.924	0.99
15	c1ccn(CCCCCNc2ccccc2)c1-c1sccc1CS	1.0	0	0.844	0.937
15	COc1cccc(N2C(=O)c3ccccc3C2(O)c2ccccc2)c1Cl	1.0	1	1.281	0.92
15	NS(=O)(=O)c1ccc(CCCC(=O)N2CCCC2)cc1	1.0	0	0.849	0.987
15	Cc1ccc(CNC(=O)NC(=O)c2ccccc2)cc1	1.0	1	0.962	0.993
15	Cc1ccc(S(=O)(=O)NC(=O)Nc2ccc(F)cc2)cc1(	0.0	0	0.0	0.0
15	COc1ccc(N2C(=O)c3ccc(C)cc3C2(O)c2ccccc2)cc1	1.0	1	1.268	0.939
15	Cc1ccc(C(=O)Nc2cc(C)ccc2NS(=O)(=O)c2ccccc2)cc1	1.0	1	1.079	0.989
15	Cc1ccc(OC(=O)c2ccccc2)cc1C	1.0	1	0.976	0.994
15	O=C(COC(=O)C1CCCCC1)c1ccccc1	1.0	1	0.939	0.991
15	Cc1ccc(NS(=O)(=O)c2ccc(Cl)c(C(=O)Nc3ccc(C)c(C)c3)c2)cc1	1.0	0	0.851	0.986
15	CCC(=O)c1ccc(OCC(=O)c2ccc(Br)cc2)cc1	1.0	0	0.855	0.989
15	COc1ncccc1NS(=O)(=O)c1ccc(Cl)cc1	1.0	1	1.092	0.987
15	Cc1ccc(N2C(=O)c3ccccc3C2c2ccccc2)cc1	1.0	1	1.56	0.974
15	Cc1ccc(C(=O)NCC(=O)O)cc1	1.0	1	0.915	0.994
15	Cc1ccc(-c2c(C)nn(C)c2C(=O)c2ccc(F)cc2)cc1	1.0	1	1.167	0.98
15	Cc1ccc(C(=O)NC(=O)c2ccccc2)cc1	1.0	0	0.839	0.995
15	O=C(c1ccc(F)cc1)c1ccc(F)cc1	1.0	1	0.986	0.995
15	COc1ccc(S(=O)(=O)Nc2ccc(Cc3ccccc3)cc2)cc1	1.0	0	0.835	0.992
15	Cc1ccc(C(=O)Nc2ccc(Cl)cc2C(=O)c2ccccc2)cc1	1.0	0	0.817	0.991
15	COc1ccc(Nc2nc(Cl)nc(Cl)n2)cc1	1.0	1	0.937	0.984
15	Cc1nc(N)nc(N)c1CN	1.0	0	0.737	0.943
15	COc1ccc(S(=O)(=O)NC(=O)NCc2ccccc2)cc1	1.0	0	0.809	0.991
15	Cc1cc(C)cc(NC(=O)COc2ccccc2)c1	1.0	0	0.882	0.993
15	Cc1ccc(C(=O)c2cc(Cl)ccc2C(=O)O)cc1	1.0	1	0.977	0.991
15	NC(=O)c1ccc(COc2ccc(F)cc2Cl)c(Cc2ccccc2)c1	1.0	1	0.932	0.984
15	Nc1nc2ccccc2n1CC(=O)c1ccccc1	1.0	1	1.03	0.987
15	O=S(=O)(Cc1ccc(Cl)cc1)c1ccccc1	1.0	1	1.004	0.993
15	O=S(=O)(Nc1cc(Cl)ccc1Cn1ccnn1)c1ccc(Cl)c(Cl)c1Cl	1.0	1	1.178	0.944
15	CC(=O)c1ccc(NC(=O)NCc2ccc(F)cc2)cc1	1.0	0	0.868	0.992
15	O=C(NCc1ccc(Cl)cc1)c1ccccc1F	1.0	1	1.002	0.994
15	CSc1ccc(C(=O)CC(=O)c2ccc(C)cc2)cc1p	0.0	0	0.0	0.0
15	O=c1ccc2cc(N)ccc2cc1N1CCCC1	1.0	1	0.98	0.976
15	CC(Nc1cc(C(=O)O)cc(Sc2ccc(Cl)c(N)c2)c1)C(=O)O	1.0	1	0.971	0.905
15	O=c1c2ccccc2c(=O)n1-c1ccc(Cl)cc1	1.0	1	1.104	0.992
15	Cc1ccc(C(=O)c2c(Cl)c(N)nc(C)c2Cl)cc1	1.0	1	1.087	0.965
15	O=C(c1ccccc1)c1c(F)c(F)cc(O)[n+]1[O-]	1.0	1	1.062	0.915
15	COc1cccc(NC(=O)c2ccccc2)c1	1.0	0	0.867	0.996
15	Cc1ccc(Sc2cc(Cl)ccc2NS(=O)(=O)c2ccc(Cl)cc2)nc1Cc1ccccc1	1.0	0	0.0	0.96
15	COc1nn(C)c(=O)cc1Cc1ccc(Cl)c(Cl)c1	1.0	1	1.237	0.963
15	O=c1c(-c2ccccc2)ccc[n+]1Cc1ccc(Cl)cc1	0.0	0	0.0	0.0
15	Clc1cccc(Cc2nc3ccccc3[nH]2)c1	1.0	1	1.023	0.988
15	COc1ccc(NCc2ccncc2-c2ccc(Cl)cc2)cc1	1.0	1	1.097	0.987
15	N#Cc1ccc(S(=O)(=O)Nc2ccc(Br)c(Cl)c2)cc1	1.0	1	0.917	0.983
15	Cc1cc(C)n(C(=O)c2ccc(Cl)c(Cl)c2)c1C#N	1.0	1	1.019	0.952
15	CC(C)(C)c1ccc(CCC(=O)NCc2ccc(C(C)(C)C)cc2)cc1	1.0	0	0.854	0.986
15	CN(C)c1ccc(C(=O)Nc2ccc(Cl)cc2C(=O)c2ccccc2)cc1	1.0	0	0.789	0.988
15	CCOc1ccc(S(=O)(=O)NCCc2ccc(C)cc2)cc1	1.0	1	0.947	0.991
15	Nc1ncc(Cc2ccccc2)c(Cl)c1NS(=O)(=O)c1ccc(Cl)cc1	1.0	0	0.893	0.971
15	COc1ccc(NC2CCCCC2)cc1	1.0	1	0.998	0.993
15	CCOc1ccc(NC(=O)C(C)C)cc1	1.0	0	0.824	0.994
15	Cc1ccc(C)c(S(=O)(=O)Nc2ccc(Cl)cc2C(=O)c2ccc(C(=O)O)cc2)c1	1.0	1	0.939	0.981
15	CCOC1C(=O)C(=O)c2ccccc2C1c1ccc(Cl)cc1	1.0	1	1.247	0.865
15	Cc1ccc(N)cc1C	1.0	0	0.723	0.993
15	Cc1ccc(C(=O)c2cc(Cl)ccc2NS(=O)(=O)c2ccc(Cl)c(Cl)c2)cc1	1.0	1	1.064	0.983
15	Cc1ccc(N=C(C)c2cccc(C)c2)cc1	1.0	1	1.007	0.985
15	Cc1ccc(C(=O)Nc2cc(Br)c(Br)cc2O)cc1	1.0	0	0.89	0.984
15	Cc1nn(C)c(C)c1CSc1ccc(C(C)(C)C)cc1	1.0	0	0.894	0.972
15	CC(=O)N1N=C(c2ccccc2)CC1=O	1.0	1	1.076	0.957
15	COc1ccc(N2C(=O)c3ccccc3C2c2ccccc2)cc1	1.0	1	1.458	0.973
15	CCOc1[nH]nc(C(=O)c2ccc(Cl)cc2)c1Br	1.0	1	1.025	0.949
15	Cc1ccc(Cc2ccc(C(=O)c3ccc(Cl)cc3)cc2)cc1	1.0	0	0.887	0.992
15	Cc1ccc(COc2ccnc(C(C)(C)C)c2)cc1	1.0	1	0.988	0.985
15	COc1ccc(NS(=O)(=O)c2ccc(Cl)cc2)cc1	1.0	1	0.999	0.994
15	COc1ccc(S(=O)(=O)N2CCC(=O)NC2C)cc1	1.0	1	0.943	0.92
15	COC(=O)C(CC(C)C)c1ccc(F)cc1	1.0	1	1.02	0.966
15	COc1ccccc1NC(=O)CCc1ccc(Cl)c(Cl)c1	1.0	1	0.939	0.992
15	Cc1ccc(C(=O)NC2CCCCCC2)cc1	1.0	1	0.962	0.993
15	Cc1ccc(S(=O)(=O)NCCc2ccccc2)cc1C	1.0	1	1.016	0.991
15	CNc1ncc(C(=O)c2ccc(Cl)cc2)cn1	1.0	1	1.037	0.982
15	Cc1ccc(C(=O)c2cc(Cl)ccc2NS(=O)(=O)c2ccc(C)c(F)c2)cc1	1.0	1	1.062	0.983
15	Oc1ccc(N2CCCCC2)cc1	1.0	1	1.052	0.992
15	Cc1cccc(C(=O)Nc2ccc(C(=O)c3cc(Cl)ccc3Cl)cc2)c1	1.0	0	0.711	0.989
15	COc1cccc(Cn2nc(C)c(Br)c2N)c1OC	1.0	1	1.066	0.968
15	O=C(c1ccc(Cl)cc1)c1c(O)c(=O)ccn1[O-]	1.0	1	1.134	0.924
15	Cc1ccc(C(=O)Nc2ccc(-c3ccccc3)cc2)cc1	1.0	0	0.764	0.995
15	Cc1ccc(C(=O)c2cc(F)cc(N)c2)cc1O	1.0	1	0.963	0.978
15	Cc1ccc(C(=O)NCCc2ccccc2)cc1	1.0	0	0.895	0.996
15	CC(=O)Nc1ccc(NC(=O)c2cccc(C)c2)cc1	1.0	0	0.789	0.994
15	O=S(=O)(Nc1cc(Cl)ccc1Cn1ccnn1)c1cccc(Cl)c1	1.0	1	1.21	0.966
15	O=C(c1ccc(Cl)cc1)N1CCCc2ccccc12	1.0	1	1.14	0.991
15	CC(Cc1ccc(Oc2cc(Cl)ccn2)cc1)S(=O)(=O)O	1.0	0	0.853	0.921
15	CCN(CC)C(=O)c1ccc(CS(=O)(=O)c2ccc(Cl)cc2)cc1	1.0	0	0.846	0.986
15	O=S(=O)(Nc1cc(Cl)ccc1Cn1cnnn1)c1cccc(Cl)c1	1.0	1	1.232	0.966
15	Cc1ccc(CN2CCCCC2)cc1F	1.0	1	0.95	0.992
15	Nc1c(Cl)cccc1NS(=O)(=O)c1cccnc1	1.0	1	0.903	0.977
15	COc1ccc(S(=O)(=O)Nc2ccc(C)cc2C)cc1	1.0	1	1.005	0.992
15	COc1nc(Cl)c2nc(C)n(Cc3ccc(F)cc3)c2n1	1.0	1	1.168	0.964
15	Cc1ccc(C(=O)c2cc(C)c(Nc3ccc(Cl)cc3)cc2)cc1	1.0	0	0.839	0.99
15	Cc1ccc(C(=O)c2ccc(C(F)(F)F)cc2)cc1F	1.0	1	0.979	0.989
15	O=S(=O)(Nc1cc(Cl)ccc1Cn1cnnn1)c1ccc(Cl)c(Cl)c1Cl	1.0	1	1.199	0.944
15	O=C(O)c1ccc(Cl)cc1NS(=O)(=O)c1ccc(Cl)cc1NS(=O)(=O)c1ccc(Cl)c(F)c1	1.0	0	0.0	0.964
15	O=C(C1CC1)c1ccc(Cl)cc1	1.0	1	0.911	0.993
15	CC(C)CCN1C(=O)c2ccccc2C(=O)N(c2ccc(Cl)cc2)C1C	1.0	1	1.03	0.924
15	CC(C)C(=O)Nc1ccc(S(=O)(=O)N2CCCCC2C)cc1	1.0	0	0.893	0.964
15	Cc1ccccc1C(=O)c1ccc(Cl)c(Cl)c1NS(=O)(=O)c1ccc(Cl)cc1	1.0	1	1.061	0.976
15	N#Cc1ccc(OCc2cccc(Cl)c2)cc1	1.0	1	0.983	0.992
15	O=c1c2ccccc2c(=O)n1-c1ccc(Cl)cc1	1.0	1	1.104	0.992
15	COc1nc(Cl)cnc1NS(=O)(=O)c1ccc(Cl)cc1	1.0	1	1.043	0.972
15	CCOc1ccc(C2(C(=O)NC)CCCC2)cc1	1.0	1	0.954	0.977
15	O=S(=O)(Nc1cc(Cl)ccc1Cn1cnnn1)c1ccc(Cl)c(Cl)c1	1.0	1	1.239	0.963
15	Cc1ccc(C(=O)N2CCCC2)cc1	1.0	1	0.972	0.995
15	Cc1ccc(Sc2ccc(Cl)cc2NS(=O)(=O)c2ccc(Cl)cc2)cc1	1.0	1	1.165	0.982
15	Cc1ccc(CC(=O)c2ccc(Cl)cc2)cc1	1.0	1	1.179	0.994
15	O=S(=O)(Nc1ccc(Cl)cc1)c1ccc(Cl)cc1	1.0	1	0.999	0.994
15	Cc1ccc(C(=O)C=Cc2ccccc2)cc1	1.0	1	1.097	0.993
15	O=C(CCc1ccc(F)cc1)c1ccc(F)cc1	1.0	1	1.115	0.993
15	CC(=O)Nc1ccccc1C(=O)Nc1ccc(Cl)cc1C	1.0	0	0.887	0.992
15	COC(=O)C1=C(C)N(Cc2ccccc2)C2(CCCCC2)C1=O	1.0	1	1.055	0.888
15	Clc1ccc(CN2CCCCC2)cc1	1.0	1	0.907	0.994
15	O=C(CCC(=O)c1ccccc1)Nc1ccccc1	1.0	0	0.889	0.995
15	COc1cccc(OC(=O)c2cc(F)ccc2Nc2ccc(Cl)cc2)c1	1.0	0	0.853	0.986
15	O=C(CN1CCCCCC1)c1ccccc1	1.0	1	0.999	0.993
15	Cc1ccccc1C(=O)c1ccc([N+](=O)[O-])cc1	1.0	1	0.945	0.992
15	Cc1c(C)n(Cc2ccc(Cl)cc2)c2nc(Cl)c(Cl)cc12	1.0	1	1.06	0.97
15	CC(=O)C1=C(O)C(=O)N(c2ccc(Cl)cc2)C1C1=O	0.0	0	0.0	0.0
15	Cc1cccc(C(=O)c2cc(Cl)ccc2NS(=O)(=O)c2ccc(Cl)cc2)c1	1.0	1	1.083	0.985
15	Cc1ccccc1OC1=C(c2ccc(Br)cc2)C(=O)C1	1.0	1	1.19	0.964
15	Cc1ccc(F)cc1NS(=O)(=O)c1ccc(Cl)nc1	1.0	1	1.027	0.983
15	Nc1ccnc(C(=O)Nc2ccc(Cl)cc2Cc2ccccc2)c1	1.0	1	1.043	0.982
15	CC(=O)c1ccc(NC(=O)c2cccc(Cl)c2)cc1	1.0	0	0.828	0.994
15	Cc1ccc(S(=O)(=O)NC(=O)c2cccc(Cl)c2)cc1	1.0	0	0.896	0.991
15	O=C(Cc1cccc(Cl)c1)c1ccccc1	1.0	1	1.154	0.994
15	CCC=C(c1ccc(Cl)cc1)c1ccc(Cl)cc1	1.0	1	1.019	0.987
15	O=C(c1ccncc1)c1ccnc(O)c1	1.0	1	0.987	0.963
15	O=C(c1ccccc1Cl)c1ccc(O)c(O)c1	1.0	1	0.992	0.989
15	Cc1ccc(C(=O)c2ccc(Cl)cc2C(=O)O)cc1	1.0	1	0.979	0.991
15	Cc1cccnc1CN1CCN(C)CC1c1ccccc1	1.0	1	1.018	0.946
15	COc1ccc(NC(=O)COc2ccc(Cl)cc2)cc1	1.0	0	0.887	0.995
15	O=C(NCc1ccc(Cl)cc1)c1ccncc1	1.0	1	1.029	0.993
15	O=C(CN(Cc1cccc(Cl)c1)S(=O)(=O)c1ccccc1	0.0	0	0.0	0.0
15	Cc1ccc(C(=O)c2cc(Cl)ccc2NS(=O)(=O)c2ccccc2F)cc1	1.0	1	1.07	0.985
15	Cc1ccc(F)cc1C(=O)Nc1ccc(Cl)cc1C(=O)O	1.0	0	0.827	0.989
15	Cc1ccc(OC(=O)N(c2ccccc2)c2ccccc2)cc1	1.0	1	1.029	0.988
15	CCOC(=O)CC1c2ccccc2CN(c2ccccc2)C1=O	1.0	1	1.018	0.943
15	CCOC(=O)CC1(C)c2ccccc2N(C(=O)c2ccccc2)C1=O	1.0	1	0.976	0.921
15	Cc1ccc(C(=O)CC(=O)c2ccc(C)cc2)s1	1.0	1	1.006	0.983
15	Cc1ccc(S(=O)(=O)NCc2ccc(F)cc2)cc1	1.0	1	1.038	0.993
15	COc1ccc(C(=O)Nc2ccc(Cl)cc2C(=O)c2ccccc2)cc1	1.0	0	0.797	0.991
15	O=S(=O)(c1ccccc1)c1ccccc1C(F)(F)F	1.0	1	0.977	0.988
15	O=C(Cc1cccc(Cl)c1)N1CCC(O)C1	1.0	1	1.038	0.968
15	CC(C)(C)c1cc(Cl)cc(S(=O)(=O)O)c1	1.0	0	0.779	0.978
15	Cc1ccccc1C(=O)Nc1ccc(S(=O)(=O)NCc2ccccc2)cc1	1.0	0	0.746	0.99
15	Cc1ccc(C(=O)c2cc(Cl)ccc2NS(=O)(=O)c2ccc(C)c(Cl)c2)cc1	1.0	1	1.064	0.983
15	Cc1cccc2c(C(=O)c3ccccc3)c(C)n(CC(=O)O)c12	1.0	1	0.985	0.979
15	O=S(=O)(NCc1ccc(Cl)cc1)c1ccc(Cl)c(Cl)c1	1.0	1	0.992	0.99
15	O=c1cccccc1Oc1ccccc1	1.0	1	1.029	0.992
15	CCNC(=O)C(=O)Nc1ccc(Br)cc1Cl	1.0	0	0.798	0.985
15	O=C(c1ccc(Cl)c(Cl)c1)N1CCCCC1Cc1cccc(Cl)c1	1.0	1	1.046	0.961
15	COc1ccc(CSc2nc(C)c(Br)c(N)c2C#N)cc1	1.0	1	0.922	0.955
15	CCc1cccc(N2C(=O)CC(C)C2=O)c1	1.0	1	1.064	0.957
15	COc1ncc(F)nc1NS(=O)(=O)c1ccc(Cl)cc1F	1.0	1	1.078	0.948
15	CCOc1ccccc1C(=O)NC(=O)Nc1c(C)cccc1C	1.0	0	0.887	0.987
15	Clc1ccc(F)c(SCc2ccccc2)c1	1.0	1	1.041	0.99
15	Nc1ccc(C(=O)O)cc1N	1.0	0	0.771	0.986
15	CC(=O)c1ccc(S(=O)(=O)N2CCCC2)cc1	1.0	1	0.935	0.991
15	Cc1ccc(OC(=O)c2ccccc2)cc1	1.0	1	1.001	0.996
15	O=C(NCc1ccccc1)c1cc(Cl)ccc1NS(=O)(=O)c1ccccc1	1.0	1	0.99	0.989
15	NS(=O)(=O)c1ccc(C(=O)NC(=O)NCc2ccccc2)cc1	1.0	0	0.728	0.99
15	O=C(O)Cc1ccccc1Oc1ccc(F)cc1C(F)(F)F	1.0	1	1.087	0.981
15	Cc1ccc(C(=O)c2cc(Cl)ccc2Cl)cc1	1.0	1	0.996	0.993
15	Cc1ccc(C(=O)NCc2ccccc2)c[n+]1[O-]	1.0	1	0.983	0.977
15	Cc1cccc(C(=O)Nc2ccc(C(=O)O)cc2)c1	1.0	0	0.809	0.994
15	Cc1ccc(C(=O)c2ccc(Cl)cc2Cl)cc1C	1.0	1	1.022	0.991
15	CN1C(=O)C(=O)N(c2cccc(C(F)(F)F)c2)c2ccccc21	1.0	1	1.008	0.976
15	O=C(NCc1ccc(F)cc1)c1ccccc1NS(=O)(=O)c1ccccc1	1.0	1	0.984	0.99
15	Cc1ccc(NC(=O)c2cc(Cl)ccc2N)c(F)c1	1.0	1	0.983	0.989
15	COc1ccccc1N1C(=O)c2c(F)ccc(F)c2C1=O	1.0	1	1.091	0.977
15	COc1ccc(N2C(=O)C3CCCCC3C2c2ccccc2)cc1	1.0	1	1.346	0.889
15	CC(=O)C1=C(O)C(=O)N(c2ccccc2)C1c1ccc(O)cc1	1.0	1	1.467	0.956
15	O=C(c1ccc(Cl)cn1)C1CCCN(C(=O)c2ccccc2)C1	1.0	1	1.006	0.96
15	O=S(=O)(Nc1cc(Cl)ccc1Cn1ccnn1)c1cccc(Cl)c1Cl	1.0	1	1.169	0.956
15	Cc1ccccc1C(=O)c1ccc(N)cc1	1.0	1	1.027	0.993
15	Cc1ncnc(NS(=O)(=O)c2ccc(Cl)cc2)c1	1.0	1	0.985	0.982
15	Cc1ncccc1NS(=O)(=O)c1ccc(Cl)cc1	1.0	1	1.012	0.987
15	COCc1cc(Cl)c(N2CCN(C)CC2)cc1O	1.0	1	1.086	0.97
15	Cc1cccc(S(=O)(=O)Nc2ccc(Cl)c(Cl)c2)c1	1.0	1	0.97	0.99
15	COc1ccc(C(=O)OCc2ccc(Cl)cc2)cc1	1.0	1	1.092	0.994
15	Cc1ccc(Nc2ncc3c(n2)c(=O)n(C)c(=O)n3C)cc1Cl	1.0	1	1.016	0.961
15	Cc1ccc(N2C(=O)c3ccccc3C2(O)c2ccc(F)cc2)cc1	1.0	1	1.295	0.942
15	Oc1ccccc1Nc1ccccc1C(F)(F)F	1.0	1	0.925	0.987
15	CC(C)N1CCC(N2Cc3ccccc3C2=O)CC1	1.0	1	1.04	0.978
15	CC(C)(C)c1ccc(S(=O)(=O)NC(=O)c2ccc(Cl)cc2Cl)cc1	1.0	0	0.864	0.984
15	O=S(=O)(NCCCc1ccccc1)c1ccc(Cl)cc1	1.0	1	1.081	0.992
15	Cc1c(C)c(C#N)c(C)c(N(=O)c2ccccc2)c1C	0.0	0	0.0	0.0
15	c1ccc(N2CCN(Cc3ccccc3)CC2)cc1	1.0	1	0.987	0.995
15	Cc1ccc(CNc2ccccc2CN)cc1[N+](=O)[O-]	1.0	1	0.972	0.983
15	Cc1ccc(F)c(NS(=O)(=O)c2ccc(Cl)c(C)c2)c1	1.0	1	1.036	0.987
15	O=C(CCC(=O)Nc1ccc(Cl)cc1)N1CCCC1	1.0	1	0.958	0.992
15	CC(=O)c1ccc(N(C(=O)c2ccccc2)c2ccccc2)cc1	1.0	1	1.09	0.989
15	CC(C)(C)c1ccc(C(=O)Nc2ccc(C(=O)O)cc2)cc1	1.0	0	0.78	0.992
15	O=C(c1cccnc1)c1ccc(O)c(O)c1	1.0	1	0.999	0.984
15	O=C(N1CCCC1)c1ccc(C(=O)c2ccc(C(=O)c3ccccc3)cc2)cc1	1.0	0	0.743	0.99
15	CC(=O)NCCc1ccc(C(O)(C(=O)O)C(F)(F)F)cc1	1.0	0	0.764	0.925
15	O=C(CCc1ccccc1)N1CCN(S(=O)(=O)c2ccccc2)CC1	1.0	1	0.948	0.99
15	O=S(=O)(Nc1cc(Cl)ccc1Cn1cnnn1)c1c(F)cc(F)c(F)c1O	1.0	1	1.157	0.91
15	O=S(=O)(Nc1cc(Cl)c(Cl)cc1Nc1ccccc1)c1ccc(Cl)cc1	1.0	1	1.162	0.984
